time,close,high,low,open,volume
2005-06-01 00:01:00,1.23018,1.23018,1.23,1.23,6
2005-06-01 00:02:00,1.23008,1.23018,1.23008,1.23018,11
2005-06-01 00:03:00,1.22988,1.23008,1.22978,1.23008,9
2005-06-01 00:04:00,1.22978,1.22978,1.22978,1.22978,5
2005-06-01 00:05:00,1.22988,1.22988,1.22978,1.22978,7
2005-06-01 00:06:00,1.22978,1.22988,1.22978,1.22978,10
2005-06-01 00:07:00,1.22988,1.22998,1.22978,1.22978,6
2005-06-01 00:08:00,1.22978,1.22988,1.22978,1.22978,5
2005-06-01 00:09:00,1.22988,1.22988,1.22978,1.22988,7
2005-06-01 00:10:00,1.22998,1.22998,1.22988,1.22988,6
2005-06-01 00:11:00,1.23028,1.23028,1.22998,1.22998,8
2005-06-01 00:12:00,1.23068,1.23068,1.23028,1.23028,9
2005-06-01 00:13:00,1.23062,1.23072,1.23058,1.23068,11
2005-06-01 00:14:00,1.23072,1.23072,1.23062,1.23062,6
2005-06-01 00:15:00,1.23062,1.23072,1.23062,1.23072,9
2005-06-01 00:16:00,1.23052,1.23072,1.23042,1.23072,13
2005-06-01 00:17:00,1.23072,1.23072,1.23052,1.23052,6
2005-06-01 00:18:00,1.23072,1.23072,1.23062,1.23062,4
2005-06-01 00:19:00,1.23072,1.23072,1.23072,1.23072,2
2005-06-01 00:20:00,1.23072,1.23072,1.23062,1.23072,7
2005-06-01 00:21:00,1.23072,1.23082,1.23062,1.23062,15
2005-06-01 00:22:00,1.23102,1.23112,1.23072,1.23072,17
2005-06-01 00:23:00,1.23132,1.23142,1.23102,1.23102,26
2005-06-01 00:24:00,1.23132,1.23132,1.23122,1.23122,8
2005-06-01 00:25:00,1.23142,1.23152,1.23142,1.23142,10
2005-06-01 00:26:00,1.23122,1.23132,1.23122,1.23132,12
2005-06-01 00:27:00,1.23122,1.23132,1.23112,1.23122,14
2005-06-01 00:28:00,1.23132,1.23142,1.23112,1.23112,13
2005-06-01 00:29:00,1.23122,1.23142,1.23122,1.23132,14
2005-06-01 00:30:00,1.23142,1.23152,1.23122,1.23122,12
2005-06-01 00:31:00,1.23142,1.23142,1.23142,1.23142,4
2005-06-01 00:32:00,1.23142,1.23162,1.23142,1.23142,11
2005-06-01 00:33:00,1.23152,1.23152,1.23142,1.23142,9
2005-06-01 00:34:00,1.23152,1.23162,1.23142,1.23152,8
2005-06-01 00:35:00,1.23152,1.23152,1.23142,1.23142,10
2005-06-01 00:36:00,1.23142,1.23152,1.23132,1.23142,12
2005-06-01 00:37:00,1.23142,1.23142,1.23142,1.23142,2
2005-06-01 00:38:00,1.23152,1.23162,1.23142,1.23152,9
2005-06-01 00:39:00,1.23162,1.23172,1.23152,1.23152,12
2005-06-01 00:40:00,1.23152,1.23172,1.23152,1.23172,11
2005-06-01 00:41:00,1.23182,1.23182,1.23152,1.23152,14
2005-06-01 00:42:00,1.23182,1.23192,1.23182,1.23182,9
2005-06-01 00:43:00,1.232,1.232,1.23182,1.23182,4
2005-06-01 00:44:00,1.2319,1.232,1.2319,1.232,4
2005-06-01 00:45:00,1.2319,1.2319,1.2319,1.2319,2
2005-06-01 00:46:00,1.2319,1.2319,1.2319,1.2319,2
2005-06-01 00:47:00,1.23188,1.2319,1.23188,1.2319,3
2005-06-01 00:48:00,1.23188,1.23188,1.23178,1.23188,6
2005-06-01 00:49:00,1.23178,1.23188,1.23178,1.23188,3
2005-06-01 00:50:00,1.23178,1.23188,1.23178,1.23178,8
2005-06-01 00:51:00,1.23188,1.23188,1.23178,1.23178,10
2005-06-01 00:52:00,1.23178,1.23178,1.23178,1.23178,3
2005-06-01 00:53:00,1.23178,1.23178,1.23178,1.23178,3
2005-06-01 00:54:00,1.23178,1.23178,1.23178,1.23178,4
2005-06-01 00:55:00,1.23188,1.23188,1.23168,1.23168,9
2005-06-01 00:56:00,1.23182,1.23192,1.23182,1.23188,5
2005-06-01 00:57:00,1.23182,1.23182,1.23182,1.23182,4
2005-06-01 00:58:00,1.23172,1.23172,1.23172,1.23172,2
2005-06-01 00:59:00,1.23182,1.23182,1.23162,1.23172,15
2005-06-01 01:00:00,1.23192,1.23192,1.23182,1.23182,8
2005-06-01 01:01:00,1.23192,1.23202,1.23192,1.23192,6
2005-06-01 01:02:00,1.23192,1.23192,1.23182,1.23192,8
2005-06-01 01:03:00,1.23182,1.23192,1.23182,1.23182,6
2005-06-01 01:04:00,1.23192,1.23192,1.23182,1.23182,13
2005-06-01 01:05:00,1.23188,1.23188,1.23168,1.23182,9
2005-06-01 01:06:00,1.23188,1.23188,1.23178,1.23188,6
2005-06-01 01:07:00,1.23238,1.23238,1.23188,1.23188,15
2005-06-01 01:08:00,1.23208,1.23238,1.23208,1.23238,14
2005-06-01 01:09:00,1.23228,1.23228,1.23208,1.23208,11
2005-06-01 01:10:00,1.23228,1.23228,1.23218,1.23228,10
2005-06-01 01:11:00,1.23248,1.23248,1.23228,1.23228,19
2005-06-01 01:12:00,1.23248,1.23258,1.23248,1.23248,7
2005-06-01 01:13:00,1.23288,1.23288,1.23238,1.23248,11
2005-06-01 01:14:00,1.23278,1.23298,1.23278,1.23288,17
2005-06-01 01:15:00,1.23278,1.23288,1.23278,1.23288,8
2005-06-01 01:16:00,1.23288,1.23298,1.23278,1.23278,13
2005-06-01 01:17:00,1.23278,1.23288,1.23278,1.23288,5
2005-06-01 01:18:00,1.23278,1.23278,1.23278,1.23278,3
2005-06-01 01:19:00,1.23288,1.23308,1.23278,1.23288,23
2005-06-01 01:20:00,1.23328,1.23328,1.23288,1.23288,13
2005-06-01 01:21:00,1.23298,1.23318,1.23298,1.23318,13
2005-06-01 01:22:00,1.23308,1.23318,1.23288,1.23288,21
2005-06-01 01:23:00,1.23288,1.23308,1.23288,1.23298,11
2005-06-01 01:24:00,1.23288,1.23298,1.23278,1.23278,12
2005-06-01 01:25:00,1.23288,1.23298,1.23288,1.23298,9
2005-06-01 01:26:00,1.23318,1.23318,1.23298,1.23298,7
2005-06-01 01:27:00,1.23298,1.23318,1.23298,1.23318,8
2005-06-01 01:28:00,1.23288,1.23298,1.23288,1.23298,8
2005-06-01 01:29:00,1.23288,1.23298,1.23278,1.23288,9
2005-06-01 01:30:00,1.23266,1.23288,1.23266,1.23288,7
2005-06-01 01:31:00,1.23256,1.23256,1.23236,1.23256,18
2005-06-01 01:32:00,1.23246,1.23266,1.23246,1.23266,8
2005-06-01 01:33:00,1.23246,1.23246,1.23236,1.23246,13
2005-06-01 01:34:00,1.23266,1.23266,1.23246,1.23246,10
2005-06-01 01:35:00,1.23276,1.23276,1.23266,1.23266,14
2005-06-01 01:36:00,1.23276,1.23276,1.23266,1.23276,6
2005-06-01 01:37:00,1.23266,1.23266,1.23266,1.23266,4
2005-06-01 01:38:00,1.23266,1.23276,1.23266,1.23266,6
2005-06-01 01:39:00,1.23266,1.23266,1.23266,1.23266,2
2005-06-01 01:40:00,1.23266,1.23266,1.23266,1.23266,2
2005-06-01 01:41:00,1.23256,1.23256,1.23256,1.23256,6
2005-06-01 01:42:00,1.23266,1.23266,1.23246,1.23246,10
2005-06-01 01:43:00,1.23276,1.23276,1.23256,1.23266,8
2005-06-01 01:44:00,1.23276,1.23276,1.23276,1.23276,1
2005-06-01 01:45:00,1.23276,1.23276,1.23276,1.23276,2
2005-06-01 01:46:00,1.23276,1.23276,1.23266,1.23276,4
2005-06-01 01:47:00,1.23276,1.23276,1.23276,1.23276,2
2005-06-01 01:48:00,1.23266,1.23286,1.23266,1.23286,7
2005-06-01 01:49:00,1.23256,1.23276,1.23246,1.23276,11
2005-06-01 01:50:00,1.23246,1.23256,1.23246,1.23256,9
2005-06-01 01:51:00,1.23246,1.23256,1.23246,1.23246,11
2005-06-01 01:52:00,1.23256,1.23256,1.23246,1.23246,6
2005-06-01 01:53:00,1.23246,1.23256,1.23246,1.23256,9
2005-06-01 01:54:00,1.23236,1.23246,1.23236,1.23246,5
2005-06-01 01:55:00,1.23236,1.23236,1.23236,1.23236,3
2005-06-01 01:56:00,1.23256,1.23266,1.23236,1.23236,9
2005-06-01 01:57:00,1.23266,1.23266,1.23256,1.23266,5
2005-06-01 01:58:00,1.23266,1.23266,1.23266,1.23266,2
2005-06-01 01:59:00,1.23266,1.23266,1.23266,1.23266,1
2005-06-01 02:00:00,1.23276,1.23276,1.23266,1.23266,4
2005-06-01 02:01:00,1.23266,1.23276,1.23266,1.23266,12
2005-06-01 02:02:00,1.23266,1.23266,1.23266,1.23266,6
2005-06-01 02:03:00,1.23276,1.23276,1.23266,1.23266,8
2005-06-01 02:04:00,1.23286,1.23286,1.23276,1.23276,9
2005-06-01 02:05:00,1.23296,1.23296,1.23276,1.23276,14
2005-06-01 02:06:00,1.23306,1.23306,1.23296,1.23296,13
2005-06-01 02:07:00,1.23306,1.23306,1.23306,1.23306,8
2005-06-01 02:08:00,1.23306,1.23316,1.23306,1.23316,6
2005-06-01 02:09:00,1.23306,1.23316,1.23306,1.23316,9
2005-06-01 02:10:00,1.23316,1.23316,1.23306,1.23316,8
2005-06-01 02:11:00,1.23306,1.23316,1.23296,1.23316,6
2005-06-01 02:12:00,1.23286,1.23306,1.23286,1.23306,8
2005-06-01 02:13:00,1.23276,1.23296,1.23276,1.23286,8
2005-06-01 02:14:00,1.23276,1.23286,1.23276,1.23286,4
2005-06-01 02:15:00,1.23266,1.23276,1.23266,1.23266,3
2005-06-01 02:16:00,1.23266,1.23266,1.23256,1.23266,4
2005-06-01 02:17:00,1.23266,1.23276,1.23266,1.23266,8
2005-06-01 02:18:00,1.23286,1.23286,1.23266,1.23266,10
2005-06-01 02:19:00,1.23286,1.23296,1.23286,1.23286,5
2005-06-01 02:20:00,1.23296,1.23296,1.23286,1.23296,9
2005-06-01 02:21:00,1.23296,1.23296,1.23296,1.23296,2
2005-06-01 02:22:00,1.23296,1.23296,1.23296,1.23296,2
2005-06-01 02:23:00,1.23296,1.23296,1.23296,1.23296,2
2005-06-01 02:24:00,1.23286,1.23296,1.23286,1.23296,3
2005-06-01 02:25:00,1.23296,1.23296,1.23286,1.23286,5
2005-06-01 02:26:00,1.23286,1.23286,1.23286,1.23286,6
2005-06-01 02:27:00,1.23296,1.23296,1.23286,1.23286,6
2005-06-01 02:28:00,1.23296,1.23296,1.23286,1.23286,6
2005-06-01 02:29:00,1.23296,1.23306,1.23296,1.23296,10
2005-06-01 02:30:00,1.23296,1.23306,1.23296,1.23296,7
2005-06-01 02:31:00,1.23296,1.23296,1.23286,1.23296,10
2005-06-01 02:32:00,1.23296,1.23296,1.23296,1.23296,5
2005-06-01 02:33:00,1.23296,1.23296,1.23286,1.23296,7
2005-06-01 02:34:00,1.23296,1.23306,1.23296,1.23296,10
2005-06-01 02:35:00,1.23306,1.23306,1.23296,1.23296,7
2005-06-01 02:36:00,1.23306,1.23306,1.23306,1.23306,2
2005-06-01 02:37:00,1.23306,1.23306,1.23306,1.23306,2
2005-06-01 02:38:00,1.23296,1.23316,1.23296,1.23296,10
2005-06-01 02:39:00,1.23306,1.23306,1.23306,1.23306,5
2005-06-01 02:40:00,1.23306,1.23306,1.23306,1.23306,2
2005-06-01 02:41:00,1.23306,1.23306,1.23296,1.23296,7
2005-06-01 02:42:00,1.23306,1.23306,1.23306,1.23306,2
2005-06-01 02:43:00,1.23306,1.23306,1.23296,1.23306,4
2005-06-01 02:44:00,1.23296,1.23306,1.23296,1.23306,9
2005-06-01 02:45:00,1.23286,1.23296,1.23276,1.23296,6
2005-06-01 02:46:00,1.23286,1.23286,1.23276,1.23286,8
2005-06-01 02:47:00,1.23286,1.23286,1.23286,1.23286,2
2005-06-01 02:48:00,1.23286,1.23296,1.23286,1.23286,8
2005-06-01 02:49:00,1.23296,1.23296,1.23286,1.23286,9
2005-06-01 02:50:00,1.23306,1.23306,1.23296,1.23296,5
2005-06-01 02:51:00,1.23306,1.23306,1.23306,1.23306,5
2005-06-01 02:52:00,1.23316,1.23316,1.23306,1.23316,11
2005-06-01 02:53:00,1.23316,1.23316,1.23316,1.23316,2
2005-06-01 02:54:00,1.23316,1.23316,1.23316,1.23316,2
2005-06-01 02:55:00,1.23316,1.23316,1.23316,1.23316,2
2005-06-01 02:56:00,1.23316,1.23316,1.23316,1.23316,2
2005-06-01 02:57:00,1.23316,1.23316,1.23316,1.23316,2
2005-06-01 02:58:00,1.23316,1.23316,1.23306,1.23306,6
2005-06-01 02:59:00,1.23306,1.23316,1.23306,1.23316,4
2005-06-01 03:00:00,1.23286,1.23296,1.23286,1.23296,5
2005-06-01 03:01:00,1.23296,1.23296,1.23286,1.23286,5
2005-06-01 03:02:00,1.23296,1.23296,1.23296,1.23296,8
2005-06-01 03:03:00,1.23296,1.23296,1.23296,1.23296,2
2005-06-01 03:04:00,1.23296,1.23296,1.23286,1.23286,5
2005-06-01 03:05:00,1.23266,1.23296,1.23266,1.23286,13
2005-06-01 03:06:00,1.23266,1.23266,1.23256,1.23266,8
2005-06-01 03:07:00,1.23246,1.23256,1.23246,1.23256,5
2005-06-01 03:08:00,1.23236,1.23246,1.23236,1.23246,14
2005-06-01 03:09:00,1.23246,1.23246,1.23236,1.23236,10
2005-06-01 03:10:00,1.23246,1.23246,1.23236,1.23236,7
2005-06-01 03:11:00,1.23236,1.23246,1.23236,1.23246,6
2005-06-01 03:12:00,1.23246,1.23246,1.23236,1.23236,6
2005-06-01 03:13:00,1.23256,1.23256,1.23246,1.23246,5
2005-06-01 03:14:00,1.23256,1.23256,1.23256,1.23256,2
2005-06-01 03:15:00,1.23256,1.23256,1.23246,1.23246,6
2005-06-01 03:16:00,1.23256,1.23256,1.23256,1.23256,2
2005-06-01 03:17:00,1.23276,1.23276,1.23256,1.23256,7
2005-06-01 03:18:00,1.23276,1.23276,1.23266,1.23276,5
2005-06-01 03:19:00,1.23286,1.23286,1.23286,1.23286,3
2005-06-01 03:20:00,1.23286,1.23286,1.23276,1.23286,7
2005-06-01 03:21:00,1.23266,1.23276,1.23266,1.23276,7
2005-06-01 03:22:00,1.23256,1.23266,1.23256,1.23266,8
2005-06-01 03:23:00,1.23256,1.23256,1.23246,1.23256,6
2005-06-01 03:24:00,1.23246,1.23256,1.23246,1.23246,8
2005-06-01 03:25:00,1.23246,1.23256,1.23246,1.23246,4
2005-06-01 03:26:00,1.23246,1.23246,1.23236,1.23236,4
2005-06-01 03:27:00,1.23236,1.23236,1.23236,1.23236,6
2005-06-01 03:28:00,1.23206,1.23246,1.23206,1.23236,22
2005-06-01 03:29:00,1.23206,1.23216,1.23186,1.23196,18
2005-06-01 03:30:00,1.23216,1.23216,1.23196,1.23206,15
2005-06-01 03:31:00,1.23216,1.23226,1.23216,1.23226,10
2005-06-01 03:32:00,1.23236,1.23246,1.23216,1.23216,23
2005-06-01 03:33:00,1.23236,1.23236,1.23226,1.23236,4
2005-06-01 03:34:00,1.23236,1.23236,1.23226,1.23226,18
2005-06-01 03:35:00,1.23226,1.23236,1.23226,1.23236,12
2005-06-01 03:36:00,1.23236,1.23236,1.23226,1.23226,7
2005-06-01 03:37:00,1.23236,1.23236,1.23236,1.23236,2
2005-06-01 03:38:00,1.23236,1.23236,1.23236,1.23236,2
2005-06-01 03:39:00,1.23236,1.23246,1.23236,1.23246,7
2005-06-01 03:40:00,1.23236,1.23236,1.23226,1.23226,16
2005-06-01 03:41:00,1.23236,1.23236,1.23236,1.23236,2
2005-06-01 03:42:00,1.23226,1.23246,1.23226,1.23246,12
2005-06-01 03:43:00,1.23226,1.23226,1.23226,1.23226,2
2005-06-01 03:44:00,1.23226,1.23226,1.23226,1.23226,3
2005-06-01 03:45:00,1.23216,1.23226,1.23216,1.23226,8
2005-06-01 03:46:00,1.23216,1.23226,1.23216,1.23216,7
2005-06-01 03:47:00,1.23216,1.23216,1.23206,1.23206,4
2005-06-01 03:48:00,1.23206,1.23216,1.23206,1.23216,4
2005-06-01 03:49:00,1.23206,1.23206,1.23206,1.23206,5
2005-06-01 03:50:00,1.23206,1.23206,1.23206,1.23206,2
2005-06-01 03:51:00,1.23216,1.23216,1.23206,1.23206,3
2005-06-01 03:52:00,1.23206,1.23216,1.23206,1.23216,3
2005-06-01 03:53:00,1.23206,1.23216,1.23206,1.23216,5
2005-06-01 03:54:00,1.23206,1.23206,1.23206,1.23206,4
2005-06-01 03:55:00,1.23186,1.23206,1.23186,1.23206,7
2005-06-01 03:56:00,1.23186,1.23186,1.23186,1.23186,3
2005-06-01 03:57:00,1.23186,1.23186,1.23186,1.23186,2
2005-06-01 03:58:00,1.23156,1.23176,1.23156,1.23176,14
2005-06-01 03:59:00,1.23156,1.23156,1.23146,1.23156,8
2005-06-01 04:00:00,1.23156,1.23156,1.23156,1.23156,2
2005-06-01 04:01:00,1.23176,1.23186,1.23156,1.23156,14
2005-06-01 04:02:00,1.23186,1.23186,1.23176,1.23176,8
2005-06-01 04:03:00,1.23186,1.23196,1.23186,1.23186,6
2005-06-01 04:04:00,1.23196,1.23196,1.23186,1.23186,4
2005-06-01 04:05:00,1.23196,1.23196,1.23196,1.23196,2
2005-06-01 04:06:00,1.23186,1.23196,1.23176,1.23196,10
2005-06-01 04:07:00,1.23196,1.23196,1.23186,1.23186,7
2005-06-01 04:08:00,1.23196,1.23196,1.23196,1.23196,2
2005-06-01 04:09:00,1.23216,1.23216,1.23186,1.23196,9
2005-06-01 04:10:00,1.23216,1.23226,1.23196,1.23196,11
2005-06-01 04:11:00,1.23216,1.23216,1.23206,1.23216,9
2005-06-01 04:12:00,1.23216,1.23216,1.23206,1.23216,5
2005-06-01 04:13:00,1.23216,1.23226,1.23216,1.23216,7
2005-06-01 04:14:00,1.23216,1.23226,1.23216,1.23226,5
2005-06-01 04:15:00,1.23216,1.23226,1.23216,1.23216,5
2005-06-01 04:16:00,1.23196,1.23216,1.23196,1.23216,10
2005-06-01 04:17:00,1.23176,1.23206,1.23176,1.23206,12
2005-06-01 04:18:00,1.23186,1.23186,1.23186,1.23186,6
2005-06-01 04:19:00,1.23206,1.23206,1.23186,1.23186,7
2005-06-01 04:20:00,1.23196,1.23216,1.23186,1.23196,16
2005-06-01 04:21:00,1.23186,1.23196,1.23186,1.23196,10
2005-06-01 04:22:00,1.23186,1.23186,1.23186,1.23186,2
2005-06-01 04:23:00,1.23176,1.23196,1.23176,1.23186,9
2005-06-01 04:24:00,1.23176,1.23176,1.23176,1.23176,4
2005-06-01 04:25:00,1.23166,1.23186,1.23166,1.23186,11
2005-06-01 04:26:00,1.23166,1.23166,1.23156,1.23156,6
2005-06-01 04:27:00,1.23176,1.23176,1.23166,1.23176,5
2005-06-01 04:28:00,1.23176,1.23176,1.23176,1.23176,2
2005-06-01 04:29:00,1.23176,1.23176,1.23176,1.23176,3
2005-06-01 04:30:00,1.23196,1.23196,1.23176,1.23176,9
2005-06-01 04:31:00,1.23206,1.23206,1.23196,1.23196,14
2005-06-01 04:32:00,1.23206,1.23216,1.23196,1.23216,13
2005-06-01 04:33:00,1.23206,1.23216,1.23206,1.23206,7
2005-06-01 04:34:00,1.23196,1.23216,1.23196,1.23216,8
2005-06-01 04:35:00,1.23176,1.23206,1.23176,1.23196,14
2005-06-01 04:36:00,1.23186,1.23186,1.23186,1.23186,4
2005-06-01 04:37:00,1.23186,1.23186,1.23186,1.23186,4
2005-06-01 04:38:00,1.23186,1.23186,1.23186,1.23186,3
2005-06-01 04:39:00,1.23196,1.23196,1.23186,1.23186,6
2005-06-01 04:40:00,1.23196,1.23196,1.23196,1.23196,2
2005-06-01 04:41:00,1.23186,1.23196,1.23186,1.23196,5
2005-06-01 04:42:00,1.23176,1.23186,1.23176,1.23176,7
2005-06-01 04:43:00,1.23186,1.23196,1.23176,1.23176,5
2005-06-01 04:44:00,1.23186,1.23186,1.23176,1.23176,6
2005-06-01 04:45:00,1.23176,1.23186,1.23176,1.23176,5
2005-06-01 04:46:00,1.23176,1.23176,1.23176,1.23176,2
2005-06-01 04:47:00,1.23186,1.23186,1.23176,1.23176,3
2005-06-01 04:48:00,1.23176,1.23186,1.23176,1.23186,5
2005-06-01 04:49:00,1.23186,1.23186,1.23176,1.23176,5
2005-06-01 04:50:00,1.23186,1.23186,1.23186,1.23186,1
2005-06-01 04:51:00,1.23186,1.23186,1.23176,1.23186,5
2005-06-01 04:52:00,1.23186,1.23196,1.23186,1.23186,10
2005-06-01 04:53:00,1.23186,1.23196,1.23186,1.23186,6
2005-06-01 04:54:00,1.23186,1.23186,1.23186,1.23186,4
2005-06-01 04:55:00,1.23186,1.23186,1.23186,1.23186,4
2005-06-01 04:56:00,1.23196,1.23196,1.23186,1.23186,5
2005-06-01 04:57:00,1.23196,1.23196,1.23196,1.23196,3
2005-06-01 04:58:00,1.23186,1.23196,1.23186,1.23196,7
2005-06-01 04:59:00,1.23176,1.23176,1.23176,1.23176,8
2005-06-01 05:00:00,1.23176,1.23186,1.23176,1.23186,5
2005-06-01 05:01:00,1.23176,1.23176,1.23166,1.23176,8
2005-06-01 05:02:00,1.23176,1.23176,1.23176,1.23176,2
2005-06-01 05:03:00,1.23176,1.23176,1.23176,1.23176,2
2005-06-01 05:04:00,1.23166,1.23176,1.23166,1.23176,2
2005-06-01 05:05:00,1.23176,1.23176,1.23166,1.23166,7
2005-06-01 05:06:00,1.23176,1.23176,1.23176,1.23176,2
2005-06-01 05:07:00,1.23176,1.23176,1.23176,1.23176,2
2005-06-01 05:08:00,1.23186,1.23196,1.23176,1.23176,13
2005-06-01 05:09:00,1.23196,1.23206,1.23196,1.23196,11
2005-06-01 05:10:00,1.23206,1.23216,1.23196,1.23196,8
2005-06-01 05:11:00,1.23206,1.23206,1.23206,1.23206,2
2005-06-01 05:12:00,1.23216,1.23216,1.23206,1.23206,4
2005-06-01 05:13:00,1.23216,1.23226,1.23216,1.23216,10
2005-06-01 05:14:00,1.23196,1.23206,1.23196,1.23206,7
2005-06-01 05:15:00,1.23206,1.23206,1.23196,1.23206,6
2005-06-01 05:16:00,1.23216,1.23216,1.23206,1.23206,6
2005-06-01 05:17:00,1.23206,1.23206,1.23206,1.23206,7
2005-06-01 05:18:00,1.23206,1.23206,1.23196,1.23206,7
2005-06-01 05:19:00,1.23206,1.23206,1.23206,1.23206,5
2005-06-01 05:20:00,1.23196,1.23196,1.23196,1.23196,5
2005-06-01 05:21:00,1.23206,1.23206,1.23196,1.23196,6
2005-06-01 05:22:00,1.23206,1.23206,1.23206,1.23206,2
2005-06-01 05:23:00,1.23216,1.23226,1.23216,1.23216,4
2005-06-01 05:24:00,1.23226,1.23226,1.23216,1.23226,6
2005-06-01 05:25:00,1.23236,1.23236,1.23226,1.23226,5
2005-06-01 05:26:00,1.23226,1.23236,1.23226,1.23236,8
2005-06-01 05:27:00,1.23226,1.23226,1.23226,1.23226,2
2005-06-01 05:28:00,1.23246,1.23246,1.23226,1.23226,14
2005-06-01 05:29:00,1.23266,1.23286,1.23246,1.23246,20
2005-06-01 05:30:00,1.23276,1.23276,1.23266,1.23276,10
2005-06-01 05:31:00,1.23286,1.23286,1.23276,1.23276,6
2005-06-01 05:32:00,1.23286,1.23306,1.23286,1.23286,7
2005-06-01 05:33:00,1.23286,1.23296,1.23276,1.23296,12
2005-06-01 05:34:00,1.23276,1.23286,1.23276,1.23276,16
2005-06-01 05:35:00,1.23276,1.23286,1.23276,1.23276,11
2005-06-01 05:36:00,1.23246,1.23286,1.23246,1.23276,14
2005-06-01 05:37:00,1.23236,1.23246,1.23236,1.23246,6
2005-06-01 05:38:00,1.23216,1.23246,1.23216,1.23236,14
2005-06-01 05:39:00,1.23226,1.23236,1.23226,1.23226,4
2005-06-01 05:40:00,1.23236,1.23246,1.23226,1.23236,11
2005-06-01 05:41:00,1.23236,1.23236,1.23236,1.23236,7
2005-06-01 05:42:00,1.23236,1.23246,1.23226,1.23236,12
2005-06-01 05:43:00,1.23266,1.23276,1.23236,1.23236,13
2005-06-01 05:44:00,1.23258,1.23276,1.23256,1.23266,11
2005-06-01 05:45:00,1.23288,1.23288,1.23258,1.23268,16
2005-06-01 05:46:00,1.23288,1.23298,1.23288,1.23298,5
2005-06-01 05:47:00,1.23308,1.23308,1.23288,1.23298,12
2005-06-01 05:48:00,1.23288,1.23308,1.23278,1.23298,17
2005-06-01 05:49:00,1.23288,1.23298,1.23288,1.23298,6
2005-06-01 05:50:00,1.23288,1.23288,1.23278,1.23278,6
2005-06-01 05:51:00,1.23308,1.23318,1.23298,1.23298,11
2005-06-01 05:52:00,1.23288,1.23328,1.23288,1.23308,12
2005-06-01 05:53:00,1.23298,1.23298,1.23288,1.23298,9
2005-06-01 05:54:00,1.23288,1.23298,1.23288,1.23288,10
2005-06-01 05:55:00,1.23288,1.23298,1.23278,1.23298,14
2005-06-01 05:56:00,1.23278,1.23288,1.23278,1.23288,6
2005-06-01 05:57:00,1.23278,1.23288,1.23278,1.23278,5
2005-06-01 05:58:00,1.23288,1.23298,1.23278,1.23278,11
2005-06-01 05:59:00,1.23288,1.23288,1.23278,1.23288,6
2005-06-01 06:00:00,1.23278,1.23308,1.23278,1.23278,20
2005-06-01 06:01:00,1.23268,1.23268,1.23258,1.23268,11
2005-06-01 06:02:00,1.23258,1.23268,1.23238,1.23258,13
2005-06-01 06:03:00,1.23238,1.23248,1.23238,1.23248,6
2005-06-01 06:04:00,1.23238,1.23248,1.23228,1.23238,20
2005-06-01 06:05:00,1.23278,1.23288,1.23238,1.23238,38
2005-06-01 06:06:00,1.23298,1.23298,1.23268,1.23278,49
2005-06-01 06:07:00,1.23298,1.23308,1.23278,1.23298,39
2005-06-01 06:08:00,1.23278,1.23298,1.23278,1.23298,45
2005-06-01 06:09:00,1.23268,1.23288,1.23268,1.23278,40
2005-06-01 06:10:00,1.23268,1.23268,1.23258,1.23268,32
2005-06-01 06:11:00,1.23278,1.23288,1.23258,1.23268,47
2005-06-01 06:12:00,1.23288,1.23288,1.23278,1.23278,31
2005-06-01 06:13:00,1.23288,1.23288,1.23288,1.23288,17
2005-06-01 06:14:00,1.23288,1.23288,1.23288,1.23288,8
2005-06-01 06:15:00,1.23318,1.23328,1.23298,1.23298,46
2005-06-01 06:16:00,1.23318,1.23328,1.23308,1.23318,49
2005-06-01 06:17:00,1.23338,1.23338,1.23328,1.23328,34
2005-06-01 06:18:00,1.23328,1.23338,1.23328,1.23338,26
2005-06-01 06:19:00,1.23338,1.23338,1.23328,1.23328,43
2005-06-01 06:20:00,1.23338,1.23338,1.23328,1.23338,41
2005-06-01 06:21:00,1.23358,1.23358,1.23328,1.23328,42
2005-06-01 06:22:00,1.23358,1.23378,1.23358,1.23358,45
2005-06-01 06:23:00,1.23348,1.23358,1.23338,1.23358,40
2005-06-01 06:24:00,1.23348,1.23348,1.23338,1.23338,30
2005-06-01 06:25:00,1.23358,1.23358,1.23348,1.23348,36
2005-06-01 06:26:00,1.23358,1.23368,1.23348,1.23358,39
2005-06-01 06:27:00,1.23358,1.23368,1.23358,1.23358,32
2005-06-01 06:28:00,1.23378,1.23378,1.23358,1.23358,48
2005-06-01 06:29:00,1.23378,1.23388,1.23378,1.23378,49
2005-06-01 06:30:00,1.23378,1.23388,1.23378,1.23378,35
2005-06-01 06:31:00,1.23368,1.23388,1.23348,1.23388,36
2005-06-01 06:32:00,1.23378,1.23378,1.23358,1.23368,48
2005-06-01 06:33:00,1.23378,1.23388,1.23378,1.23378,40
2005-06-01 06:34:00,1.23378,1.23388,1.23378,1.23378,27
2005-06-01 06:35:00,1.23378,1.23378,1.23378,1.23378,23
2005-06-01 06:36:00,1.23368,1.23378,1.23368,1.23378,18
2005-06-01 06:37:00,1.23378,1.23388,1.23368,1.23368,46
2005-06-01 06:38:00,1.23378,1.23388,1.23368,1.23378,37
2005-06-01 06:39:00,1.23398,1.23408,1.23378,1.23378,45
2005-06-01 06:40:00,1.23398,1.23408,1.23398,1.23398,34
2005-06-01 06:41:00,1.23378,1.23408,1.23378,1.23398,43
2005-06-01 06:42:00,1.23358,1.23368,1.23358,1.23368,31
2005-06-01 06:43:00,1.23368,1.23368,1.23358,1.23358,27
2005-06-01 06:44:00,1.23348,1.23368,1.23348,1.23368,35
2005-06-01 06:45:00,1.23328,1.23348,1.23328,1.23348,36
2005-06-01 06:46:00,1.23338,1.23348,1.23328,1.23328,33
2005-06-01 06:47:00,1.23338,1.23348,1.23338,1.23348,37
2005-06-01 06:48:00,1.23318,1.23338,1.23318,1.23338,30
2005-06-01 06:49:00,1.23308,1.23328,1.23298,1.23328,41
2005-06-01 06:50:00,1.23268,1.23308,1.23258,1.23308,48
2005-06-01 06:51:00,1.23272,1.23278,1.23268,1.23268,32
2005-06-01 06:52:00,1.23282,1.23282,1.23272,1.23272,31
2005-06-01 06:53:00,1.23302,1.23302,1.23282,1.23282,44
2005-06-01 06:54:00,1.23282,1.23302,1.23282,1.23302,29
2005-06-01 06:55:00,1.23278,1.23292,1.23278,1.23282,36
2005-06-01 06:56:00,1.23268,1.23278,1.23268,1.23278,40
2005-06-01 06:57:00,1.23238,1.23268,1.23238,1.23258,48
2005-06-01 06:58:00,1.23228,1.23238,1.23228,1.23238,47
2005-06-01 06:59:00,1.23238,1.23248,1.23238,1.23238,34
2005-06-01 07:00:00,1.23248,1.23248,1.23238,1.23238,25
2005-06-01 07:01:00,1.23208,1.23238,1.23198,1.23238,43
2005-06-01 07:02:00,1.23208,1.23218,1.23198,1.23208,51
2005-06-01 07:03:00,1.23208,1.23208,1.23198,1.23208,46
2005-06-01 07:04:00,1.23178,1.23218,1.23168,1.23208,49
2005-06-01 07:05:00,1.23208,1.23228,1.23188,1.23188,49
2005-06-01 07:06:00,1.23198,1.23208,1.23198,1.23208,42
2005-06-01 07:07:00,1.23208,1.23218,1.23198,1.23208,43
2005-06-01 07:08:00,1.23208,1.23208,1.23198,1.23208,42
2005-06-01 07:09:00,1.23198,1.23208,1.23198,1.23208,36
2005-06-01 07:10:00,1.23188,1.23198,1.23188,1.23198,41
2005-06-01 07:11:00,1.23198,1.23198,1.23178,1.23188,45
2005-06-01 07:12:00,1.23218,1.23228,1.23198,1.23198,40
2005-06-01 07:13:00,1.23228,1.23228,1.23218,1.23218,30
2005-06-01 07:14:00,1.23198,1.23228,1.23198,1.23228,43
2005-06-01 07:15:00,1.23208,1.23218,1.23188,1.23198,43
2005-06-01 07:16:00,1.23178,1.23208,1.23168,1.23208,47
2005-06-01 07:17:00,1.23188,1.23188,1.23178,1.23178,30
2005-06-01 07:18:00,1.23158,1.23178,1.23158,1.23178,44
2005-06-01 07:19:00,1.23158,1.23158,1.23148,1.23148,43
2005-06-01 07:20:00,1.23118,1.23158,1.23118,1.23158,36
2005-06-01 07:21:00,1.23118,1.23138,1.23118,1.23118,44
2005-06-01 07:22:00,1.23138,1.23138,1.23118,1.23128,38
2005-06-01 07:23:00,1.23148,1.23158,1.23138,1.23138,42
2005-06-01 07:24:00,1.23188,1.23188,1.23138,1.23148,52
2005-06-01 07:25:00,1.23198,1.23198,1.23168,1.23188,48
2005-06-01 07:26:00,1.23184,1.23198,1.23178,1.23198,37
2005-06-01 07:27:00,1.23164,1.23184,1.23154,1.23184,46
2005-06-01 07:28:00,1.23164,1.23164,1.23154,1.23154,43
2005-06-01 07:29:00,1.23154,1.23164,1.23154,1.23164,35
2005-06-01 07:30:00,1.23154,1.23164,1.23144,1.23154,42
2005-06-01 07:31:00,1.23164,1.23164,1.23144,1.23144,39
2005-06-01 07:32:00,1.23164,1.23164,1.23154,1.23164,25
2005-06-01 07:33:00,1.23194,1.23194,1.23164,1.23164,33
2005-06-01 07:34:00,1.23204,1.23214,1.23194,1.23194,38
2005-06-01 07:35:00,1.23228,1.23228,1.23204,1.23204,49
2005-06-01 07:36:00,1.23218,1.23228,1.23218,1.23228,44
2005-06-01 07:37:00,1.23238,1.23238,1.23218,1.23218,37
2005-06-01 07:38:00,1.23248,1.23248,1.23228,1.23238,33
2005-06-01 07:39:00,1.23268,1.23268,1.23248,1.23248,50
2005-06-01 07:40:00,1.23242,1.23268,1.23238,1.23268,39
2005-06-01 07:41:00,1.23272,1.23272,1.23242,1.23252,40
2005-06-01 07:42:00,1.23252,1.23272,1.23252,1.23272,31
2005-06-01 07:43:00,1.23262,1.23262,1.23242,1.23252,31
2005-06-01 07:44:00,1.23272,1.23272,1.23252,1.23252,37
2005-06-01 07:45:00,1.23242,1.23272,1.23242,1.23272,31
2005-06-01 07:46:00,1.23232,1.23242,1.23232,1.23242,35
2005-06-01 07:47:00,1.23252,1.23252,1.23232,1.23232,28
2005-06-01 07:48:00,1.23252,1.23252,1.23242,1.23252,30
2005-06-01 07:49:00,1.23262,1.23262,1.23252,1.23252,28
2005-06-01 07:50:00,1.23262,1.23272,1.23262,1.23262,28
2005-06-01 07:51:00,1.23252,1.23262,1.23252,1.23262,27
2005-06-01 07:52:00,1.23252,1.23252,1.23252,1.23252,16
2005-06-01 07:53:00,1.23212,1.23252,1.23202,1.23252,43
2005-06-01 07:54:00,1.23168,1.23212,1.23168,1.23212,51
2005-06-01 07:55:00,1.23168,1.23178,1.23158,1.23168,45
2005-06-01 07:56:00,1.23138,1.23168,1.23138,1.23168,39
2005-06-01 07:57:00,1.23148,1.23158,1.23138,1.23138,48
2005-06-01 07:58:00,1.23078,1.23148,1.23068,1.23148,51
2005-06-01 07:59:00,1.23058,1.23078,1.23058,1.23078,46
2005-06-01 08:00:00,1.23048,1.23068,1.23038,1.23068,43
2005-06-01 08:01:00,1.23048,1.23058,1.22998,1.23058,51
2005-06-01 08:02:00,1.23058,1.23058,1.23028,1.23048,42
2005-06-01 08:03:00,1.23018,1.23068,1.23018,1.23058,36
2005-06-01 08:04:00,1.22868,1.23028,1.22838,1.23008,52
2005-06-01 08:05:00,1.22888,1.22908,1.22848,1.22868,57
2005-06-01 08:06:00,1.22868,1.22878,1.22798,1.22878,41
2005-06-01 08:07:00,1.22938,1.22968,1.22868,1.22868,44
2005-06-01 08:08:00,1.22938,1.22948,1.22918,1.22938,38
2005-06-01 08:09:00,1.22908,1.22928,1.22868,1.22928,50
2005-06-01 08:10:00,1.22938,1.22938,1.22888,1.22908,40
2005-06-01 08:11:00,1.22938,1.22938,1.22918,1.22938,50
2005-06-01 08:12:00,1.22908,1.22938,1.22888,1.22938,52
2005-06-01 08:13:00,1.22878,1.22908,1.22868,1.22908,47
2005-06-01 08:14:00,1.22878,1.22888,1.22868,1.22878,50
2005-06-01 08:15:00,1.22828,1.22868,1.22808,1.22868,40
2005-06-01 08:16:00,1.22818,1.22848,1.22818,1.22828,39
2005-06-01 08:17:00,1.22828,1.22838,1.22788,1.22818,49
2005-06-01 08:18:00,1.22858,1.22868,1.22828,1.22828,51
2005-06-01 08:19:00,1.22798,1.22858,1.22768,1.22858,56
2005-06-01 08:20:00,1.22828,1.22838,1.22768,1.22798,46
2005-06-01 08:21:00,1.22808,1.22828,1.22778,1.22828,52
2005-06-01 08:22:00,1.22698,1.22818,1.22678,1.22808,54
2005-06-01 08:23:00,1.22698,1.22698,1.22658,1.22688,54
2005-06-01 08:24:00,1.22728,1.22728,1.22688,1.22688,51
2005-06-01 08:25:00,1.22758,1.22758,1.22688,1.22718,45
2005-06-01 08:26:00,1.22778,1.22788,1.22748,1.22758,46
2005-06-01 08:27:00,1.22818,1.22818,1.22778,1.22778,33
2005-06-01 08:28:00,1.22824,1.22838,1.22808,1.22828,51
2005-06-01 08:29:00,1.22774,1.22824,1.22764,1.22824,44
2005-06-01 08:30:00,1.22708,1.22784,1.22708,1.22784,46
2005-06-01 08:31:00,1.22678,1.22708,1.22658,1.22708,49
2005-06-01 08:32:00,1.22718,1.22718,1.22658,1.22678,53
2005-06-01 08:33:00,1.22788,1.22798,1.22718,1.22728,45
2005-06-01 08:34:00,1.22888,1.22918,1.22788,1.22798,42
2005-06-01 08:35:00,1.22838,1.22898,1.22828,1.22888,54
2005-06-01 08:36:00,1.22878,1.22878,1.22838,1.22838,43
2005-06-01 08:37:00,1.22948,1.22998,1.22878,1.22878,60
2005-06-01 08:38:00,1.22928,1.22958,1.22928,1.22958,58
2005-06-01 08:39:00,1.22908,1.22928,1.22878,1.22928,50
2005-06-01 08:40:00,1.22868,1.22908,1.22868,1.22908,41
2005-06-01 08:41:00,1.22888,1.22928,1.22868,1.22868,58
2005-06-01 08:42:00,1.22868,1.22888,1.22858,1.22878,41
2005-06-01 08:43:00,1.22838,1.22878,1.22838,1.22868,42
2005-06-01 08:44:00,1.22848,1.22848,1.22818,1.22848,47
2005-06-01 08:45:00,1.22808,1.22848,1.22808,1.22838,46
2005-06-01 08:46:00,1.22838,1.22838,1.22808,1.22808,41
2005-06-01 08:47:00,1.22842,1.22842,1.22812,1.22838,54
2005-06-01 08:48:00,1.22872,1.22872,1.22842,1.22842,45
2005-06-01 08:49:00,1.22862,1.22872,1.22852,1.22872,42
2005-06-01 08:50:00,1.22862,1.22862,1.22852,1.22862,34
2005-06-01 08:51:00,1.22862,1.22862,1.22862,1.22862,20
2005-06-01 08:52:00,1.22862,1.22872,1.22852,1.22862,35
2005-06-01 08:53:00,1.22892,1.22892,1.22862,1.22862,39
2005-06-01 08:54:00,1.22902,1.22922,1.22892,1.22902,54
2005-06-01 08:55:00,1.22868,1.22902,1.22868,1.22902,35
2005-06-01 08:56:00,1.22858,1.22858,1.22838,1.22858,30
2005-06-01 08:57:00,1.22858,1.22858,1.22848,1.22858,31
2005-06-01 08:58:00,1.22848,1.22858,1.22848,1.22858,40
2005-06-01 08:59:00,1.22828,1.22848,1.22828,1.22848,37
2005-06-01 09:00:00,1.22818,1.22838,1.22818,1.22828,47
2005-06-01 09:01:00,1.22772,1.22818,1.22772,1.22818,50
2005-06-01 09:02:00,1.22798,1.22798,1.22772,1.22772,33
2005-06-01 09:03:00,1.22802,1.22818,1.22798,1.22798,33
2005-06-01 09:04:00,1.22802,1.22812,1.22792,1.22792,35
2005-06-01 09:05:00,1.22764,1.22802,1.22764,1.22802,19
2005-06-01 09:06:00,1.22794,1.22804,1.22754,1.22754,24
2005-06-01 09:07:00,1.22774,1.22794,1.22774,1.22794,11
2005-06-01 09:08:00,1.22764,1.22774,1.22764,1.22774,20
2005-06-01 09:09:00,1.22764,1.22774,1.22744,1.22754,16
2005-06-01 09:10:00,1.22734,1.22764,1.22734,1.22764,18
2005-06-01 09:11:00,1.22714,1.22734,1.22704,1.22724,22
2005-06-01 09:12:00,1.22734,1.22744,1.22714,1.22714,11
2005-06-01 09:13:00,1.22744,1.22754,1.22724,1.22734,21
2005-06-01 09:14:00,1.22754,1.22754,1.22734,1.22744,19
2005-06-01 09:15:00,1.22734,1.22774,1.22724,1.22754,32
2005-06-01 09:16:00,1.22744,1.22764,1.22724,1.22724,17
2005-06-01 09:17:00,1.22734,1.22734,1.22714,1.22734,10
2005-06-01 09:18:00,1.22704,1.22734,1.22704,1.22734,20
2005-06-01 09:19:00,1.22694,1.22724,1.22694,1.22714,21
2005-06-01 09:20:00,1.22604,1.22694,1.22594,1.22694,36
2005-06-01 09:21:00,1.22634,1.22634,1.22604,1.22614,24
2005-06-01 09:22:00,1.22664,1.22664,1.22624,1.22634,32
2005-06-01 09:23:00,1.22674,1.22694,1.22664,1.22664,20
2005-06-01 09:24:00,1.22624,1.22664,1.22614,1.22664,28
2005-06-01 09:25:00,1.22624,1.22644,1.22604,1.22624,34
2005-06-01 09:26:00,1.22618,1.22638,1.22618,1.22624,19
2005-06-01 09:27:00,1.22558,1.22622,1.22528,1.22618,40
2005-06-01 09:28:00,1.22568,1.22578,1.22538,1.22558,39
2005-06-01 09:29:00,1.22578,1.22578,1.22558,1.22568,23
2005-06-01 09:30:00,1.22588,1.22598,1.22568,1.22588,24
2005-06-01 09:31:00,1.22588,1.22608,1.22568,1.22598,21
2005-06-01 09:32:00,1.22588,1.22588,1.22578,1.22578,15
2005-06-01 09:33:00,1.22588,1.22608,1.22588,1.22588,15
2005-06-01 09:34:00,1.22588,1.22598,1.22578,1.22598,15
2005-06-01 09:35:00,1.22578,1.22598,1.22568,1.22598,15
2005-06-01 09:36:00,1.22528,1.22588,1.22518,1.22588,22
2005-06-01 09:37:00,1.22558,1.22558,1.22518,1.22518,38
2005-06-01 09:38:00,1.22568,1.22568,1.22538,1.22568,19
2005-06-01 09:39:00,1.22568,1.22568,1.22548,1.22568,27
2005-06-01 09:40:00,1.22568,1.22568,1.22548,1.22558,21
2005-06-01 09:41:00,1.22538,1.22568,1.22538,1.22558,23
2005-06-01 09:42:00,1.22578,1.22578,1.22518,1.22528,27
2005-06-01 09:43:00,1.22608,1.22618,1.22568,1.22568,21
2005-06-01 09:44:00,1.22588,1.22608,1.22588,1.22608,20
2005-06-01 09:45:00,1.22588,1.22598,1.22588,1.22598,13
2005-06-01 09:46:00,1.22578,1.22588,1.22578,1.22588,20
2005-06-01 09:47:00,1.22588,1.22598,1.22578,1.22578,15
2005-06-01 09:48:00,1.22588,1.22588,1.22578,1.22578,15
2005-06-01 09:49:00,1.22578,1.22598,1.22578,1.22578,14
2005-06-01 09:50:00,1.22568,1.22578,1.22568,1.22578,8
2005-06-01 09:51:00,1.22584,1.22584,1.22564,1.22568,14
2005-06-01 09:52:00,1.22584,1.22584,1.22574,1.22574,14
2005-06-01 09:53:00,1.22614,1.22634,1.22584,1.22584,14
2005-06-01 09:54:00,1.22614,1.22624,1.22604,1.22624,32
2005-06-01 09:55:00,1.22644,1.22664,1.22624,1.22624,23
2005-06-01 09:56:00,1.22624,1.22654,1.22624,1.22644,19
2005-06-01 09:57:00,1.22624,1.22634,1.22614,1.22624,17
2005-06-01 09:58:00,1.22634,1.22644,1.22624,1.22634,19
2005-06-01 09:59:00,1.22624,1.22644,1.22624,1.22634,26
2005-06-01 10:00:00,1.22624,1.22634,1.22614,1.22624,22
2005-06-01 10:01:00,1.22634,1.22644,1.22624,1.22624,14
2005-06-01 10:02:00,1.22634,1.22634,1.22624,1.22634,10
2005-06-01 10:03:00,1.22634,1.22644,1.22624,1.22634,24
2005-06-01 10:04:00,1.22634,1.22634,1.22624,1.22634,8
2005-06-01 10:05:00,1.22634,1.22654,1.22634,1.22634,14
2005-06-01 10:06:00,1.22654,1.22654,1.22634,1.22634,21
2005-06-01 10:07:00,1.22654,1.22674,1.22644,1.22654,24
2005-06-01 10:08:00,1.22634,1.22644,1.22624,1.22644,14
2005-06-01 10:09:00,1.22644,1.22654,1.22644,1.22644,7
2005-06-01 10:10:00,1.22614,1.22654,1.22614,1.22654,18
2005-06-01 10:11:00,1.22564,1.22614,1.22564,1.22614,25
2005-06-01 10:12:00,1.22554,1.22574,1.22544,1.22574,30
2005-06-01 10:13:00,1.22564,1.22564,1.22544,1.22554,17
2005-06-01 10:14:00,1.22544,1.22574,1.22544,1.22574,24
2005-06-01 10:15:00,1.22544,1.22564,1.22534,1.22554,25
2005-06-01 10:16:00,1.22534,1.22554,1.22534,1.22544,23
2005-06-01 10:17:00,1.22534,1.22544,1.22524,1.22534,22
2005-06-01 10:18:00,1.22534,1.22544,1.22534,1.22534,9
2005-06-01 10:19:00,1.22534,1.22544,1.22534,1.22544,7
2005-06-01 10:20:00,1.22534,1.22554,1.22534,1.22534,20
2005-06-01 10:21:00,1.22584,1.22584,1.22534,1.22544,17
2005-06-01 10:22:00,1.22574,1.22584,1.22564,1.22584,9
2005-06-01 10:23:00,1.22574,1.22584,1.22564,1.22584,10
2005-06-01 10:24:00,1.22544,1.22564,1.22534,1.22564,17
2005-06-01 10:25:00,1.22564,1.22564,1.22544,1.22544,11
2005-06-01 10:26:00,1.22574,1.22574,1.22554,1.22554,10
2005-06-01 10:27:00,1.22568,1.22574,1.22554,1.22574,21
2005-06-01 10:28:00,1.22448,1.22568,1.22438,1.22564,41
2005-06-01 10:29:00,1.22398,1.22448,1.22378,1.22438,44
2005-06-01 10:30:00,1.22374,1.22388,1.22328,1.22388,36
2005-06-01 10:31:00,1.22374,1.22394,1.22364,1.22364,26
2005-06-01 10:32:00,1.22394,1.22394,1.22364,1.22364,17
2005-06-01 10:33:00,1.22368,1.22388,1.22364,1.22384,25
2005-06-01 10:34:00,1.22378,1.22384,1.22358,1.22368,28
2005-06-01 10:35:00,1.22378,1.22378,1.22368,1.22368,20
2005-06-01 10:36:00,1.22334,1.22378,1.22324,1.22368,25
2005-06-01 10:37:00,1.22334,1.22354,1.22304,1.22344,31
2005-06-01 10:38:00,1.22314,1.22334,1.22314,1.22324,24
2005-06-01 10:39:00,1.22324,1.22334,1.22304,1.22324,22
2005-06-01 10:40:00,1.22324,1.22354,1.22324,1.22334,23
2005-06-01 10:41:00,1.22334,1.22344,1.22314,1.22334,33
2005-06-01 10:42:00,1.22324,1.22334,1.22324,1.22324,18
2005-06-01 10:43:00,1.22354,1.22354,1.22324,1.22324,8
2005-06-01 10:44:00,1.22344,1.22354,1.22344,1.22344,18
2005-06-01 10:45:00,1.22314,1.22334,1.22314,1.22334,9
2005-06-01 10:46:00,1.22344,1.22354,1.22314,1.22314,30
2005-06-01 10:47:00,1.22354,1.22354,1.22344,1.22344,8
2005-06-01 10:48:00,1.22354,1.22364,1.22354,1.22354,17
2005-06-01 10:49:00,1.22324,1.22348,1.22324,1.22344,31
2005-06-01 10:50:00,1.22374,1.22374,1.22324,1.22324,23
2005-06-01 10:51:00,1.22394,1.22394,1.22354,1.22374,17
2005-06-01 10:52:00,1.22394,1.22414,1.22384,1.22384,18
2005-06-01 10:53:00,1.22384,1.22394,1.22384,1.22394,18
2005-06-01 10:54:00,1.22414,1.22424,1.22384,1.22394,34
2005-06-01 10:55:00,1.22434,1.22434,1.22414,1.22424,25
2005-06-01 10:56:00,1.22424,1.22444,1.22424,1.22434,28
2005-06-01 10:57:00,1.22404,1.22424,1.22404,1.22414,27
2005-06-01 10:58:00,1.22384,1.22394,1.22374,1.22394,14
2005-06-01 10:59:00,1.22344,1.22404,1.22318,1.22384,28
2005-06-01 11:00:00,1.22404,1.22424,1.22354,1.22354,38
2005-06-01 11:01:00,1.22414,1.22414,1.22394,1.22404,20
2005-06-01 11:02:00,1.22414,1.22424,1.22404,1.22404,26
2005-06-01 11:03:00,1.22404,1.22414,1.22394,1.22404,21
2005-06-01 11:04:00,1.22394,1.22404,1.22384,1.22404,9
2005-06-01 11:05:00,1.22394,1.22404,1.22384,1.22384,19
2005-06-01 11:06:00,1.22394,1.22404,1.22384,1.22394,13
2005-06-01 11:07:00,1.22384,1.22404,1.22384,1.22394,12
2005-06-01 11:08:00,1.22384,1.22394,1.22384,1.22384,12
2005-06-01 11:09:00,1.22374,1.22404,1.22374,1.22384,16
2005-06-01 11:10:00,1.22384,1.22384,1.22374,1.22374,7
2005-06-01 11:11:00,1.22384,1.22394,1.22384,1.22384,12
2005-06-01 11:12:00,1.22414,1.22414,1.22384,1.22384,14
2005-06-01 11:13:00,1.22414,1.22434,1.22404,1.22424,24
2005-06-01 11:14:00,1.22434,1.22444,1.22404,1.22404,30
2005-06-01 11:15:00,1.22444,1.22444,1.22414,1.22434,24
2005-06-01 11:16:00,1.22454,1.22454,1.22434,1.22444,21
2005-06-01 11:17:00,1.22454,1.22454,1.22454,1.22454,6
2005-06-01 11:18:00,1.22474,1.22474,1.22454,1.22454,9
2005-06-01 11:19:00,1.22474,1.22484,1.22474,1.22474,6
2005-06-01 11:20:00,1.22484,1.22484,1.22474,1.22474,17
2005-06-01 11:21:00,1.22524,1.22524,1.22484,1.22484,27
2005-06-01 11:22:00,1.22494,1.22514,1.22484,1.22514,17
2005-06-01 11:23:00,1.22474,1.22504,1.22474,1.22504,12
2005-06-01 11:24:00,1.22484,1.22494,1.22474,1.22474,15
2005-06-01 11:25:00,1.22484,1.22504,1.22484,1.22494,11
2005-06-01 11:26:00,1.22484,1.22484,1.22484,1.22484,1
2005-06-01 11:27:00,1.22474,1.22504,1.22474,1.22494,21
2005-06-01 11:28:00,1.22504,1.22514,1.22474,1.22474,23
2005-06-01 11:29:00,1.22514,1.22524,1.22494,1.22494,19
2005-06-01 11:30:00,1.22504,1.22524,1.22494,1.22514,20
2005-06-01 11:31:00,1.22504,1.22514,1.22474,1.22494,33
2005-06-01 11:32:00,1.22524,1.22524,1.22504,1.22504,22
2005-06-01 11:33:00,1.22524,1.22524,1.22514,1.22514,15
2005-06-01 11:34:00,1.22514,1.22524,1.22514,1.22514,15
2005-06-01 11:35:00,1.22564,1.22564,1.22524,1.22524,29
2005-06-01 11:36:00,1.22574,1.22574,1.22564,1.22574,24
2005-06-01 11:37:00,1.22584,1.22584,1.22574,1.22574,6
2005-06-01 11:38:00,1.22584,1.22584,1.22564,1.22574,16
2005-06-01 11:39:00,1.22564,1.22584,1.22564,1.22584,14
2005-06-01 11:40:00,1.22564,1.22574,1.22554,1.22564,18
2005-06-01 11:41:00,1.22584,1.22594,1.22564,1.22564,13
2005-06-01 11:42:00,1.22574,1.22594,1.22574,1.22584,10
2005-06-01 11:43:00,1.22594,1.22594,1.22574,1.22574,6
2005-06-01 11:44:00,1.22604,1.22604,1.22584,1.22594,27
2005-06-01 11:45:00,1.22614,1.22614,1.22594,1.22594,13
2005-06-01 11:46:00,1.22594,1.22624,1.22594,1.22604,17
2005-06-01 11:47:00,1.22564,1.22594,1.22564,1.22584,8
2005-06-01 11:48:00,1.22584,1.22584,1.22564,1.22564,11
2005-06-01 11:49:00,1.22604,1.22604,1.22584,1.22584,12
2005-06-01 11:50:00,1.22574,1.22604,1.22574,1.22594,16
2005-06-01 11:51:00,1.22574,1.22574,1.22564,1.22574,11
2005-06-01 11:52:00,1.22574,1.22574,1.22564,1.22574,7
2005-06-01 11:53:00,1.22584,1.22594,1.22574,1.22584,9
2005-06-01 11:54:00,1.22574,1.22574,1.22564,1.22574,14
2005-06-01 11:55:00,1.22548,1.22564,1.22534,1.22564,17
2005-06-01 11:56:00,1.22524,1.22554,1.22524,1.22554,11
2005-06-01 11:57:00,1.22534,1.22534,1.22524,1.22524,19
2005-06-01 11:58:00,1.22484,1.22534,1.22484,1.22524,21
2005-06-01 11:59:00,1.22494,1.22504,1.22484,1.22494,15
2005-06-01 12:00:00,1.22464,1.22494,1.22464,1.22484,16
2005-06-01 12:01:00,1.22434,1.22464,1.22424,1.22464,19
2005-06-01 12:02:00,1.22404,1.22434,1.22394,1.22434,15
2005-06-01 12:03:00,1.22404,1.22414,1.22394,1.22394,17
2005-06-01 12:04:00,1.22384,1.22404,1.22374,1.22394,21
2005-06-01 12:05:00,1.22354,1.22384,1.22344,1.22384,23
2005-06-01 12:06:00,1.22344,1.22374,1.22334,1.22364,22
2005-06-01 12:07:00,1.22314,1.22354,1.22314,1.22344,23
2005-06-01 12:08:00,1.22344,1.22344,1.22314,1.22324,10
2005-06-01 12:09:00,1.22364,1.22364,1.22344,1.22354,25
2005-06-01 12:10:00,1.22374,1.22384,1.22374,1.22374,23
2005-06-01 12:11:00,1.22394,1.22394,1.22374,1.22374,16
2005-06-01 12:12:00,1.22384,1.22404,1.22384,1.22394,14
2005-06-01 12:13:00,1.22344,1.22374,1.22344,1.22374,17
2005-06-01 12:14:00,1.22284,1.22344,1.22274,1.22344,20
2005-06-01 12:15:00,1.22264,1.22284,1.22254,1.22274,32
2005-06-01 12:16:00,1.22294,1.22294,1.22264,1.22274,19
2005-06-01 12:17:00,1.22344,1.22344,1.22298,1.22304,15
2005-06-01 12:18:00,1.22324,1.22354,1.22314,1.22334,18
2005-06-01 12:19:00,1.22344,1.22344,1.22314,1.22314,31
2005-06-01 12:20:00,1.22364,1.22364,1.22354,1.22354,18
2005-06-01 12:21:00,1.22364,1.22374,1.22344,1.22354,19
2005-06-01 12:22:00,1.22384,1.22384,1.22364,1.22364,12
2005-06-01 12:23:00,1.22354,1.22374,1.22354,1.22374,15
2005-06-01 12:24:00,1.22344,1.22354,1.22344,1.22354,5
2005-06-01 12:25:00,1.22364,1.22364,1.22334,1.22334,13
2005-06-01 12:26:00,1.22354,1.22364,1.22354,1.22364,12
2005-06-01 12:27:00,1.22354,1.22354,1.22344,1.22354,7
2005-06-01 12:28:00,1.22324,1.22344,1.22324,1.22344,10
2005-06-01 12:29:00,1.22314,1.22324,1.22314,1.22314,18
2005-06-01 12:30:00,1.22344,1.22344,1.22314,1.22314,14
2005-06-01 12:31:00,1.22334,1.22354,1.22334,1.22344,58
2005-06-01 12:32:00,1.22284,1.22344,1.22284,1.22334,46
2005-06-01 12:33:00,1.22284,1.22304,1.22274,1.22284,54
2005-06-01 12:34:00,1.22304,1.22304,1.22284,1.22284,25
2005-06-01 12:35:00,1.22294,1.22294,1.22284,1.22284,15
2005-06-01 12:36:00,1.22284,1.22324,1.22274,1.22294,38
2005-06-01 12:37:00,1.22344,1.22344,1.22284,1.22284,52
2005-06-01 12:38:00,1.22344,1.22364,1.22344,1.22344,45
2005-06-01 12:39:00,1.22344,1.22344,1.22334,1.22344,47
2005-06-01 12:40:00,1.22374,1.22384,1.22354,1.22354,40
2005-06-01 12:41:00,1.22404,1.22404,1.22374,1.22374,28
2005-06-01 12:42:00,1.22394,1.22404,1.22384,1.22404,44
2005-06-01 12:43:00,1.22394,1.22394,1.22384,1.22384,34
2005-06-01 12:44:00,1.22374,1.22404,1.22374,1.22394,33
2005-06-01 12:45:00,1.22334,1.22374,1.22334,1.22374,40
2005-06-01 12:46:00,1.22334,1.22344,1.22324,1.22334,53
2005-06-01 12:47:00,1.22264,1.22344,1.22264,1.22334,45
2005-06-01 12:48:00,1.22314,1.22314,1.22244,1.22264,48
2005-06-01 12:49:00,1.22374,1.22374,1.22314,1.22314,44
2005-06-01 12:50:00,1.22334,1.22374,1.22304,1.22374,47
2005-06-01 12:51:00,1.22344,1.22354,1.22304,1.22334,52
2005-06-01 12:52:00,1.22364,1.22374,1.22344,1.22344,45
2005-06-01 12:53:00,1.22364,1.22374,1.22354,1.22364,46
2005-06-01 12:54:00,1.22374,1.22374,1.22364,1.22364,40
2005-06-01 12:55:00,1.22374,1.22384,1.22364,1.22384,41
2005-06-01 12:56:00,1.22368,1.22384,1.22368,1.22374,28
2005-06-01 12:57:00,1.22338,1.22358,1.22338,1.22358,38
2005-06-01 12:58:00,1.22368,1.22378,1.22318,1.22338,42
2005-06-01 12:59:00,1.22358,1.22388,1.22358,1.22368,43
2005-06-01 13:00:00,1.22388,1.22388,1.22358,1.22358,43
2005-06-01 13:01:00,1.22368,1.22388,1.22358,1.22388,35
2005-06-01 13:02:00,1.22388,1.22388,1.22368,1.22368,37
2005-06-01 13:03:00,1.22438,1.22438,1.22378,1.22388,52
2005-06-01 13:04:00,1.22448,1.22458,1.22428,1.22438,41
2005-06-01 13:05:00,1.22438,1.22468,1.22428,1.22448,40
2005-06-01 13:06:00,1.22468,1.22468,1.22438,1.22438,47
2005-06-01 13:07:00,1.22448,1.22478,1.22448,1.22468,44
2005-06-01 13:08:00,1.22418,1.22448,1.22408,1.22448,34
2005-06-01 13:09:00,1.22398,1.22418,1.22388,1.22398,44
2005-06-01 13:10:00,1.22398,1.22408,1.22398,1.22398,23
2005-06-01 13:11:00,1.22408,1.22408,1.22388,1.22398,44
2005-06-01 13:12:00,1.22398,1.22408,1.22378,1.22408,35
2005-06-01 13:13:00,1.22398,1.22408,1.22398,1.22398,39
2005-06-01 13:14:00,1.22378,1.22418,1.22378,1.22398,46
2005-06-01 13:15:00,1.22368,1.22378,1.22368,1.22378,39
2005-06-01 13:16:00,1.22378,1.22378,1.22348,1.22368,52
2005-06-01 13:17:00,1.22388,1.22388,1.22368,1.22378,41
2005-06-01 13:18:00,1.22388,1.22398,1.22378,1.22388,37
2005-06-01 13:19:00,1.22368,1.22388,1.22358,1.22388,40
2005-06-01 13:20:00,1.22358,1.22368,1.22358,1.22368,34
2005-06-01 13:21:00,1.22368,1.22368,1.22348,1.22358,34
2005-06-01 13:22:00,1.22372,1.22382,1.22368,1.22368,27
2005-06-01 13:23:00,1.22362,1.22382,1.22362,1.22372,37
2005-06-01 13:24:00,1.22362,1.22362,1.22332,1.22362,40
2005-06-01 13:25:00,1.22342,1.22372,1.22342,1.22362,37
2005-06-01 13:26:00,1.22332,1.22352,1.22332,1.22342,36
2005-06-01 13:27:00,1.22352,1.22362,1.22332,1.22332,32
2005-06-01 13:28:00,1.22352,1.22362,1.22352,1.22352,36
2005-06-01 13:29:00,1.22372,1.22382,1.22352,1.22352,42
2005-06-01 13:30:00,1.22372,1.22382,1.22362,1.22382,46
2005-06-01 13:31:00,1.22372,1.22392,1.22362,1.22372,42
2005-06-01 13:32:00,1.22382,1.22382,1.22362,1.22372,41
2005-06-01 13:33:00,1.22372,1.22382,1.22372,1.22382,43
2005-06-01 13:34:00,1.22382,1.22382,1.22372,1.22372,24
2005-06-01 13:35:00,1.22382,1.22382,1.22382,1.22382,12
2005-06-01 13:36:00,1.22392,1.22392,1.22382,1.22382,31
2005-06-01 13:37:00,1.22392,1.22392,1.22372,1.22392,39
2005-06-01 13:38:00,1.22382,1.22392,1.22382,1.22392,44
2005-06-01 13:39:00,1.22392,1.22392,1.22382,1.22382,40
2005-06-01 13:40:00,1.22392,1.22402,1.22392,1.22392,29
2005-06-01 13:41:00,1.22412,1.22422,1.22382,1.22392,39
2005-06-01 13:42:00,1.22432,1.22442,1.22412,1.22412,40
2005-06-01 13:43:00,1.22472,1.22472,1.22432,1.22432,41
2005-06-01 13:44:00,1.22502,1.22512,1.22472,1.22472,50
2005-06-01 13:45:00,1.22528,1.22538,1.22488,1.22502,54
2005-06-01 13:46:00,1.22478,1.22518,1.22468,1.22518,39
2005-06-01 13:47:00,1.22472,1.22488,1.22468,1.22478,42
2005-06-01 13:48:00,1.22452,1.22472,1.22452,1.22462,45
2005-06-01 13:49:00,1.22442,1.22462,1.22432,1.22452,50
2005-06-01 13:50:00,1.22452,1.22452,1.22432,1.22442,39
2005-06-01 13:51:00,1.22432,1.22472,1.22422,1.22452,50
2005-06-01 13:52:00,1.22462,1.22472,1.22432,1.22442,39
2005-06-01 13:53:00,1.22472,1.22482,1.22452,1.22452,48
2005-06-01 13:54:00,1.22462,1.22472,1.22462,1.22472,44
2005-06-01 13:55:00,1.22472,1.22482,1.22462,1.22462,34
2005-06-01 13:56:00,1.22512,1.22512,1.22472,1.22482,46
2005-06-01 13:57:00,1.22552,1.22562,1.22492,1.22512,48
2005-06-01 13:58:00,1.22562,1.22582,1.22532,1.22542,53
2005-06-01 13:59:00,1.22542,1.22572,1.22532,1.22562,49
2005-06-01 14:00:00,1.22612,1.22622,1.22492,1.22532,53
2005-06-01 14:01:00,1.22602,1.22652,1.22582,1.22612,54
2005-06-01 14:02:00,1.22522,1.22612,1.22492,1.22612,43
2005-06-01 14:03:00,1.225,1.2257,1.2249,1.22522,34
2005-06-01 14:04:00,1.22454,1.225,1.22444,1.225,44
2005-06-01 14:05:00,1.22484,1.22504,1.22444,1.22464,50
2005-06-01 14:06:00,1.22454,1.22484,1.22444,1.22484,42
2005-06-01 14:07:00,1.22414,1.22454,1.22414,1.22454,38
2005-06-01 14:08:00,1.22354,1.22414,1.22354,1.22414,54
2005-06-01 14:09:00,1.22384,1.22404,1.22354,1.22364,49
2005-06-01 14:10:00,1.22374,1.22384,1.22364,1.22374,42
2005-06-01 14:11:00,1.22404,1.22404,1.22374,1.22374,30
2005-06-01 14:12:00,1.22344,1.22394,1.22334,1.22394,50
2005-06-01 14:13:00,1.22354,1.22374,1.22334,1.22334,44
2005-06-01 14:14:00,1.22374,1.22384,1.22354,1.22354,35
2005-06-01 14:15:00,1.22424,1.22424,1.22384,1.22384,38
2005-06-01 14:16:00,1.22454,1.22464,1.22424,1.22424,36
2005-06-01 14:17:00,1.22458,1.22464,1.22448,1.22464,38
2005-06-01 14:18:00,1.22528,1.22538,1.22458,1.22458,24
2005-06-01 14:19:00,1.22578,1.22578,1.22538,1.22538,30
2005-06-01 14:20:00,1.22568,1.22578,1.22568,1.22578,29
2005-06-01 14:21:00,1.22578,1.22588,1.22568,1.22568,34
2005-06-01 14:22:00,1.22578,1.22588,1.22568,1.22578,46
2005-06-01 14:23:00,1.22558,1.22608,1.22548,1.22598,28
2005-06-01 14:24:00,1.22568,1.22568,1.22548,1.22558,34
2005-06-01 14:25:00,1.22628,1.22628,1.22568,1.22568,38
2005-06-01 14:26:00,1.22628,1.22658,1.22618,1.22628,58
2005-06-01 14:27:00,1.22618,1.22638,1.22608,1.22638,44
2005-06-01 14:28:00,1.22628,1.22628,1.22588,1.22588,7
2005-06-01 14:29:00,1.22588,1.22628,1.22588,1.22628,42
2005-06-01 14:30:00,1.22558,1.22588,1.22558,1.22588,34
2005-06-01 14:31:00,1.22558,1.22588,1.22558,1.22558,45
2005-06-01 14:32:00,1.22568,1.22588,1.22558,1.22558,41
2005-06-01 14:33:00,1.22588,1.22598,1.22568,1.22578,37
2005-06-01 14:34:00,1.22638,1.22648,1.22578,1.22588,50
2005-06-01 14:35:00,1.22678,1.22688,1.22628,1.22638,47
2005-06-01 14:36:00,1.22638,1.22668,1.22638,1.22668,34
2005-06-01 14:37:00,1.22638,1.22648,1.22628,1.22638,38
2005-06-01 14:38:00,1.22588,1.22638,1.22588,1.22638,38
2005-06-01 14:39:00,1.22608,1.22618,1.22598,1.22598,33
2005-06-01 14:40:00,1.22618,1.22628,1.22598,1.22598,39
2005-06-01 14:41:00,1.22628,1.22638,1.22618,1.22618,41
2005-06-01 14:42:00,1.22578,1.22628,1.22568,1.22618,44
2005-06-01 14:43:00,1.22578,1.22578,1.22558,1.22578,47
2005-06-01 14:44:00,1.22578,1.22588,1.22568,1.22578,45
2005-06-01 14:45:00,1.22598,1.22598,1.22578,1.22578,36
2005-06-01 14:46:00,1.22628,1.22628,1.22598,1.22598,50
2005-06-01 14:47:00,1.22608,1.22618,1.22598,1.22618,38
2005-06-01 14:48:00,1.22638,1.22638,1.22598,1.22608,24
2005-06-01 14:49:00,1.22638,1.22658,1.22618,1.22648,45
2005-06-01 14:50:00,1.22648,1.22648,1.22618,1.22618,31
2005-06-01 14:51:00,1.22658,1.22658,1.22648,1.22648,48
2005-06-01 14:52:00,1.22698,1.22718,1.22658,1.22658,44
2005-06-01 14:53:00,1.22668,1.22708,1.22648,1.22698,39
2005-06-01 14:54:00,1.22678,1.22678,1.22668,1.22668,28
2005-06-01 14:55:00,1.22708,1.22708,1.22668,1.22678,34
2005-06-01 14:56:00,1.22728,1.22748,1.22698,1.22708,46
2005-06-01 14:57:00,1.22658,1.22748,1.22658,1.22738,49
2005-06-01 14:58:00,1.22648,1.22658,1.22638,1.22658,44
2005-06-01 14:59:00,1.22638,1.22648,1.22618,1.22648,54
2005-06-01 15:00:00,1.22608,1.22638,1.22598,1.22638,47
2005-06-01 15:01:00,1.22578,1.22608,1.22568,1.22608,42
2005-06-01 15:02:00,1.22538,1.22578,1.22528,1.22578,41
2005-06-01 15:03:00,1.22498,1.22548,1.22478,1.22538,48
2005-06-01 15:04:00,1.22548,1.22548,1.22498,1.22498,35
2005-06-01 15:05:00,1.22558,1.22558,1.22538,1.22538,41
2005-06-01 15:06:00,1.22558,1.22568,1.22558,1.22558,28
2005-06-01 15:07:00,1.22538,1.22558,1.22528,1.22558,45
2005-06-01 15:08:00,1.22548,1.22548,1.22538,1.22538,32
2005-06-01 15:09:00,1.22528,1.22548,1.22518,1.22538,42
2005-06-01 15:10:00,1.22478,1.22538,1.22468,1.22528,39
2005-06-01 15:11:00,1.2248,1.2249,1.2246,1.22468,56
2005-06-01 15:12:00,1.2246,1.2248,1.2245,1.2248,34
2005-06-01 15:13:00,1.2247,1.2247,1.2245,1.2246,39
2005-06-01 15:14:00,1.2248,1.2249,1.2247,1.2247,31
2005-06-01 15:15:00,1.2251,1.2251,1.2248,1.2248,45
2005-06-01 15:16:00,1.225,1.2252,1.225,1.2251,43
2005-06-01 15:17:00,1.225,1.225,1.2248,1.225,41
2005-06-01 15:18:00,1.2246,1.225,1.2245,1.225,56
2005-06-01 15:19:00,1.2243,1.2246,1.2243,1.2246,48
2005-06-01 15:20:00,1.224,1.2244,1.224,1.2244,44
2005-06-01 15:21:00,1.2242,1.2243,1.224,1.224,49
2005-06-01 15:22:00,1.2245,1.2245,1.2242,1.2242,35
2005-06-01 15:23:00,1.2244,1.2245,1.2243,1.2245,47
2005-06-01 15:24:00,1.2245,1.2245,1.2244,1.2244,33
2005-06-01 15:25:00,1.2247,1.2248,1.2244,1.2244,45
2005-06-01 15:26:00,1.2247,1.2249,1.2247,1.2248,43
2005-06-01 15:27:00,1.2248,1.225,1.2248,1.2248,35
2005-06-01 15:28:00,1.2248,1.2249,1.2248,1.2248,23
2005-06-01 15:29:00,1.2251,1.2251,1.2248,1.2248,40
2005-06-01 15:30:00,1.2255,1.2255,1.2252,1.2252,44
2005-06-01 15:31:00,1.2253,1.2255,1.2253,1.2255,40
2005-06-01 15:32:00,1.2252,1.2254,1.225,1.2253,48
2005-06-01 15:33:00,1.2246,1.2253,1.2246,1.2252,41
2005-06-01 15:34:00,1.2239,1.2246,1.2238,1.2245,45
2005-06-01 15:35:00,1.2239,1.2241,1.2237,1.224,45
2005-06-01 15:36:00,1.224,1.224,1.2238,1.2239,39
2005-06-01 15:37:00,1.2237,1.224,1.2236,1.224,45
2005-06-01 15:38:00,1.2237,1.2237,1.2235,1.2237,39
2005-06-01 15:39:00,1.224,1.224,1.2235,1.2237,54
2005-06-01 15:40:00,1.224,1.2242,1.2239,1.2239,42
2005-06-01 15:41:00,1.2241,1.2242,1.224,1.224,34
2005-06-01 15:42:00,1.224,1.2242,1.224,1.2241,37
2005-06-01 15:43:00,1.2242,1.2242,1.224,1.224,37
2005-06-01 15:44:00,1.2238,1.2243,1.2238,1.2242,46
2005-06-01 15:45:00,1.2236,1.2238,1.2235,1.2238,45
2005-06-01 15:46:00,1.2237,1.2238,1.2236,1.2236,38
2005-06-01 15:47:00,1.2237,1.2238,1.2236,1.2237,38
2005-06-01 15:48:00,1.2236,1.2238,1.2235,1.2237,34
2005-06-01 15:49:00,1.2237,1.2237,1.2236,1.2236,35
2005-06-01 15:50:00,1.2236,1.2237,1.2235,1.2237,36
2005-06-01 15:51:00,1.2237,1.2237,1.2233,1.2236,47
2005-06-01 15:52:00,1.2236,1.2237,1.2235,1.2236,34
2005-06-01 15:53:00,1.2234,1.2236,1.2232,1.2236,40
2005-06-01 15:54:00,1.2235,1.2235,1.2232,1.2234,43
2005-06-01 15:55:00,1.2236,1.2236,1.2234,1.2235,37
2005-06-01 15:56:00,1.2236,1.2236,1.2235,1.2236,37
2005-06-01 15:57:00,1.2233,1.2236,1.2232,1.2236,53
2005-06-01 15:58:00,1.2233,1.2234,1.2232,1.2233,43
2005-06-01 15:59:00,1.2232,1.2233,1.2231,1.2233,47
2005-06-01 16:00:00,1.2234,1.2234,1.2231,1.2231,34
2005-06-01 16:01:00,1.2232,1.2234,1.2232,1.2234,40
2005-06-01 16:02:00,1.2234,1.2234,1.2232,1.2232,40
2005-06-01 16:03:00,1.2232,1.2234,1.2232,1.2234,33
2005-06-01 16:04:00,1.2235,1.2235,1.2232,1.2232,43
2005-06-01 16:05:00,1.2235,1.2235,1.2234,1.2235,41
2005-06-01 16:06:00,1.2235,1.2235,1.2234,1.2235,35
2005-06-01 16:07:00,1.2231,1.2235,1.2231,1.2234,51
2005-06-01 16:08:00,1.2228,1.2231,1.2228,1.2231,43
2005-06-01 16:09:00,1.2221,1.2228,1.2218,1.2228,46
2005-06-01 16:10:00,1.222,1.2223,1.222,1.2221,12
2005-06-01 16:11:00,1.2222,1.2223,1.2221,1.2221,32
2005-06-01 16:12:00,1.2224,1.2224,1.2222,1.2222,37
2005-06-01 16:13:00,1.2229,1.2231,1.2225,1.2225,37
2005-06-01 16:14:00,1.2231,1.2232,1.2229,1.2229,44
2005-06-01 16:15:00,1.2231,1.2232,1.223,1.2231,30
2005-06-01 16:16:00,1.223,1.2231,1.223,1.2231,28
2005-06-01 16:17:00,1.2232,1.2232,1.223,1.223,32
2005-06-01 16:18:00,1.2231,1.2232,1.2231,1.2232,25
2005-06-01 16:19:00,1.2232,1.2233,1.223,1.2231,35
2005-06-01 16:20:00,1.223,1.2232,1.223,1.2232,38
2005-06-01 16:21:00,1.2229,1.223,1.2229,1.223,43
2005-06-01 16:22:00,1.2226,1.2229,1.2226,1.2229,37
2005-06-01 16:23:00,1.2228,1.2229,1.2225,1.2226,47
2005-06-01 16:24:00,1.2228,1.223,1.2228,1.2228,36
2005-06-01 16:25:00,1.2226,1.2228,1.2226,1.2228,38
2005-06-01 16:26:00,1.2221,1.2226,1.222,1.2226,61
2005-06-01 16:27:00,1.2222,1.2222,1.222,1.2221,42
2005-06-01 16:28:00,1.2226,1.2227,1.2223,1.2223,42
2005-06-01 16:29:00,1.2226,1.2228,1.2225,1.2226,48
2005-06-01 16:30:00,1.2227,1.2228,1.2226,1.2226,44
2005-06-01 16:31:00,1.2228,1.2228,1.2227,1.2228,31
2005-06-01 16:32:00,1.2227,1.2229,1.2227,1.2228,36
2005-06-01 16:33:00,1.2226,1.2227,1.2225,1.2227,51
2005-06-01 16:34:00,1.2226,1.2226,1.2226,1.2226,17
2005-06-01 16:35:00,1.2224,1.2227,1.2224,1.2226,41
2005-06-01 16:36:00,1.2228,1.2229,1.2224,1.2224,51
2005-06-01 16:37:00,1.2229,1.2229,1.2228,1.2228,40
2005-06-01 16:38:00,1.2228,1.2229,1.2228,1.2229,32
2005-06-01 16:39:00,1.2228,1.2229,1.2228,1.2228,29
2005-06-01 16:40:00,1.2228,1.2228,1.2228,1.2228,16
2005-06-01 16:41:00,1.2223,1.2228,1.2223,1.2228,43
2005-06-01 16:42:00,1.2223,1.2225,1.2222,1.2223,45
2005-06-01 16:43:00,1.2224,1.2225,1.2222,1.2223,31
2005-06-01 16:44:00,1.2224,1.2226,1.2223,1.2224,56
2005-06-01 16:45:00,1.2224,1.2224,1.2224,1.2224,25
2005-06-01 16:46:00,1.2225,1.2225,1.2223,1.2224,39
2005-06-01 16:47:00,1.2227,1.2227,1.2225,1.2225,39
2005-06-01 16:48:00,1.2227,1.2228,1.2226,1.2226,34
2005-06-01 16:49:00,1.2225,1.2227,1.2225,1.2227,48
2005-06-01 16:50:00,1.2227,1.2227,1.2225,1.2225,34
2005-06-01 16:51:00,1.2226,1.2227,1.2226,1.2227,31
2005-06-01 16:52:00,1.2226,1.2227,1.2225,1.2226,35
2005-06-01 16:53:00,1.2225,1.2226,1.2225,1.2225,28
2005-06-01 16:54:00,1.2226,1.2226,1.2225,1.2225,40
2005-06-01 16:55:00,1.2227,1.2228,1.2226,1.2226,45
2005-06-01 16:56:00,1.2226,1.2227,1.2226,1.2227,38
2005-06-01 16:57:00,1.2229,1.2229,1.2226,1.2226,57
2005-06-01 16:58:00,1.2229,1.223,1.2229,1.2229,34
2005-06-01 16:59:00,1.2228,1.2229,1.2227,1.2229,32
2005-06-01 17:00:00,1.2229,1.223,1.2228,1.2228,36
2005-06-01 17:01:00,1.223,1.223,1.2229,1.2229,24
2005-06-01 17:02:00,1.2229,1.223,1.2229,1.223,27
2005-06-01 17:03:00,1.2229,1.223,1.2229,1.2229,32
2005-06-01 17:04:00,1.2229,1.2229,1.2228,1.2229,40
2005-06-01 17:05:00,1.223,1.223,1.2229,1.2229,27
2005-06-01 17:06:00,1.223,1.223,1.223,1.223,10
2005-06-01 17:07:00,1.223,1.223,1.2229,1.223,37
2005-06-01 17:08:00,1.223,1.223,1.223,1.223,12
2005-06-01 17:09:00,1.223,1.2231,1.223,1.223,18
2005-06-01 17:10:00,1.2232,1.2233,1.223,1.223,44
2005-06-01 17:11:00,1.2232,1.2233,1.223,1.2232,44
2005-06-01 17:12:00,1.2232,1.2232,1.2231,1.2232,35
2005-06-01 17:13:00,1.2233,1.2234,1.2231,1.2232,46
2005-06-01 17:14:00,1.2232,1.2233,1.2232,1.2232,27
2005-06-01 17:15:00,1.2232,1.2232,1.2231,1.2232,28
2005-06-01 17:16:00,1.2233,1.2234,1.2232,1.2232,31
2005-06-01 17:17:00,1.2233,1.2233,1.2232,1.2233,34
2005-06-01 17:18:00,1.2233,1.2233,1.2231,1.2233,40
2005-06-01 17:19:00,1.2233,1.2235,1.2233,1.2233,44
2005-06-01 17:20:00,1.2236,1.2236,1.2233,1.2233,45
2005-06-01 17:21:00,1.224,1.2241,1.2237,1.2237,45
2005-06-01 17:22:00,1.2236,1.224,1.2235,1.224,39
2005-06-01 17:23:00,1.2236,1.2238,1.2236,1.2236,39
2005-06-01 17:24:00,1.2235,1.2236,1.2234,1.2236,31
2005-06-01 17:25:00,1.2235,1.2236,1.2234,1.2235,23
2005-06-01 17:26:00,1.2235,1.2236,1.2235,1.2236,41
2005-06-01 17:27:00,1.2236,1.2236,1.2235,1.2235,29
2005-06-01 17:28:00,1.2234,1.2236,1.2234,1.2236,38
2005-06-01 17:29:00,1.2234,1.2235,1.2234,1.2234,28
2005-06-01 17:30:00,1.2234,1.2234,1.2233,1.2234,33
2005-06-01 17:31:00,1.2234,1.2234,1.2233,1.2234,31
2005-06-01 17:32:00,1.2234,1.2234,1.2234,1.2234,3
2005-06-01 17:33:00,1.2234,1.2234,1.2234,1.2234,2
2005-06-01 17:34:00,1.2234,1.2234,1.2234,1.2234,9
2005-06-01 17:35:00,1.2235,1.2235,1.2234,1.2234,10
2005-06-01 17:36:00,1.2235,1.2235,1.2235,1.2235,14
2005-06-01 17:37:00,1.2235,1.2236,1.2235,1.2235,15
2005-06-01 17:38:00,1.2236,1.2236,1.2235,1.2236,33
2005-06-01 17:39:00,1.2235,1.2236,1.2235,1.2235,20
2005-06-01 17:40:00,1.2237,1.2239,1.2235,1.2235,41
2005-06-01 17:41:00,1.2237,1.2237,1.2237,1.2237,6
2005-06-01 17:42:00,1.2235,1.2237,1.2235,1.2237,29
2005-06-01 17:43:00,1.2236,1.2236,1.2235,1.2235,37
2005-06-01 17:44:00,1.2235,1.2236,1.2234,1.2236,40
2005-06-01 17:45:00,1.2236,1.2236,1.2235,1.2235,38
2005-06-01 17:46:00,1.2237,1.2237,1.2236,1.2236,26
2005-06-01 17:47:00,1.2237,1.2238,1.2237,1.2237,26
2005-06-01 17:48:00,1.2237,1.2238,1.2237,1.2237,19
2005-06-01 17:49:00,1.2237,1.2237,1.2236,1.2237,27
2005-06-01 17:50:00,1.2237,1.2237,1.2236,1.2237,21
2005-06-01 17:51:00,1.2236,1.2237,1.2236,1.2237,21
2005-06-01 17:52:00,1.2236,1.2236,1.2236,1.2236,10
2005-06-01 17:53:00,1.2236,1.2237,1.2236,1.2237,27
2005-06-01 17:54:00,1.2236,1.2236,1.2236,1.2236,11
2005-06-01 17:55:00,1.2237,1.2237,1.2236,1.2236,24
2005-06-01 17:56:00,1.2237,1.2237,1.2237,1.2237,15
2005-06-01 17:57:00,1.2237,1.2238,1.2237,1.2237,14
2005-06-01 17:58:00,1.2236,1.2237,1.2236,1.2237,21
2005-06-01 17:59:00,1.2236,1.2237,1.2235,1.2236,24
2005-06-01 18:00:00,1.2236,1.2237,1.2235,1.2236,37
2005-06-01 18:01:00,1.2237,1.2238,1.2236,1.2236,36
2005-06-01 18:02:00,1.2236,1.2237,1.2236,1.2237,27
2005-06-01 18:03:00,1.2234,1.2237,1.2234,1.2236,36
2005-06-01 18:04:00,1.2235,1.2237,1.2233,1.2234,42
2005-06-01 18:05:00,1.2235,1.2235,1.2235,1.2235,16
2005-06-01 18:06:00,1.2235,1.2235,1.2234,1.2235,13
2005-06-01 18:07:00,1.2233,1.2235,1.2233,1.2235,25
2005-06-01 18:08:00,1.2231,1.2233,1.2231,1.2233,29
2005-06-01 18:09:00,1.2231,1.2232,1.2231,1.2231,23
2005-06-01 18:10:00,1.223,1.2231,1.2229,1.2231,33
2005-06-01 18:11:00,1.2228,1.223,1.2227,1.223,38
2005-06-01 18:12:00,1.2227,1.2229,1.2227,1.2228,37
2005-06-01 18:13:00,1.2228,1.2229,1.2227,1.2227,37
2005-06-01 18:14:00,1.2228,1.2229,1.2228,1.2228,36
2005-06-01 18:15:00,1.2229,1.2229,1.2228,1.2229,45
2005-06-01 18:16:00,1.2229,1.2229,1.2229,1.2229,29
2005-06-01 18:17:00,1.2229,1.223,1.2228,1.2228,38
2005-06-01 18:18:00,1.2231,1.2232,1.2229,1.2229,35
2005-06-01 18:19:00,1.2232,1.2232,1.2231,1.2231,19
2005-06-01 18:20:00,1.2232,1.2232,1.2232,1.2232,9
2005-06-01 18:21:00,1.2233,1.2233,1.2232,1.2232,10
2005-06-01 18:22:00,1.2232,1.2233,1.2232,1.2233,48
2005-06-01 18:23:00,1.2229,1.2233,1.2229,1.2233,31
2005-06-01 18:24:00,1.2229,1.223,1.2229,1.223,45
2005-06-01 18:25:00,1.223,1.223,1.2228,1.2229,32
2005-06-01 18:26:00,1.223,1.223,1.2229,1.223,10
2005-06-01 18:27:00,1.223,1.223,1.223,1.223,14
2005-06-01 18:28:00,1.2229,1.223,1.2228,1.223,30
2005-06-01 18:29:00,1.2229,1.223,1.2228,1.2229,36
2005-06-01 18:30:00,1.223,1.223,1.2229,1.2229,18
2005-06-01 18:31:00,1.2229,1.223,1.2229,1.223,32
2005-06-01 18:32:00,1.2229,1.2229,1.2229,1.2229,11
2005-06-01 18:33:00,1.2229,1.223,1.2229,1.2229,31
2005-06-01 18:34:00,1.2229,1.223,1.2229,1.2229,27
2005-06-01 18:35:00,1.2226,1.2229,1.2225,1.2229,57
2005-06-01 18:36:00,1.2224,1.2228,1.2224,1.2226,31
2005-06-01 18:37:00,1.2224,1.2224,1.2223,1.2224,35
2005-06-01 18:38:00,1.2225,1.2225,1.2224,1.2224,21
2005-06-01 18:39:00,1.2224,1.2224,1.2223,1.2224,22
2005-06-01 18:40:00,1.2225,1.2225,1.2224,1.2224,33
2005-06-01 18:41:00,1.2226,1.2226,1.2225,1.2225,29
2005-06-01 18:42:00,1.2226,1.2227,1.2225,1.2226,29
2005-06-01 18:43:00,1.2226,1.2226,1.2226,1.2226,9
2005-06-01 18:44:00,1.2226,1.2226,1.2225,1.2225,25
2005-06-01 18:45:00,1.2227,1.2227,1.2226,1.2226,15
2005-06-01 18:46:00,1.2228,1.2229,1.2228,1.2228,25
2005-06-01 18:47:00,1.2228,1.2229,1.2228,1.2228,23
2005-06-01 18:48:00,1.2228,1.2229,1.2228,1.2228,23
2005-06-01 18:49:00,1.2226,1.2228,1.2226,1.2228,27
2005-06-01 18:50:00,1.2225,1.2226,1.2223,1.2226,34
2005-06-01 18:51:00,1.2224,1.2225,1.2224,1.2225,20
2005-06-01 18:52:00,1.2224,1.2225,1.2223,1.2224,30
2005-06-01 18:53:00,1.2224,1.2225,1.2224,1.2224,18
2005-06-01 18:54:00,1.2224,1.2224,1.2222,1.2224,29
2005-06-01 18:55:00,1.2224,1.2224,1.2224,1.2224,19
2005-06-01 18:56:00,1.2225,1.2225,1.2224,1.2224,21
2005-06-01 18:57:00,1.2225,1.2227,1.2224,1.2225,33
2005-06-01 18:58:00,1.2226,1.2227,1.2225,1.2226,36
2005-06-01 18:59:00,1.2228,1.2229,1.2226,1.2227,43
2005-06-01 19:00:00,1.2224,1.2229,1.2219,1.2228,55
2005-06-01 19:01:00,1.2226,1.2227,1.2223,1.2223,58
2005-06-01 19:02:00,1.2224,1.2226,1.2221,1.2225,48
2005-06-01 19:03:00,1.2223,1.2226,1.2223,1.2225,39
2005-06-01 19:04:00,1.2222,1.2223,1.2221,1.2223,33
2005-06-01 19:05:00,1.222,1.2223,1.2219,1.2222,37
2005-06-01 19:06:00,1.2216,1.2222,1.2216,1.222,48
2005-06-01 19:07:00,1.2215,1.2217,1.2214,1.2217,40
2005-06-01 19:08:00,1.2216,1.2217,1.2214,1.2215,31
2005-06-01 19:09:00,1.2216,1.2216,1.2214,1.2216,29
2005-06-01 19:10:00,1.2214,1.2217,1.2213,1.2216,31
2005-06-01 19:11:00,1.2217,1.2218,1.2212,1.2214,44
2005-06-01 19:12:00,1.2218,1.2219,1.2216,1.2217,41
2005-06-01 19:13:00,1.2218,1.2219,1.2217,1.2218,33
2005-06-01 19:14:00,1.2219,1.2219,1.2218,1.2218,28
2005-06-01 19:15:00,1.2218,1.2219,1.2217,1.2218,28
2005-06-01 19:16:00,1.2217,1.2217,1.2217,1.2217,12
2005-06-01 19:17:00,1.2214,1.2217,1.2214,1.2216,38
2005-06-01 19:18:00,1.2213,1.2214,1.2211,1.2214,41
2005-06-01 19:19:00,1.2213,1.2215,1.2213,1.2213,36
2005-06-01 19:20:00,1.2213,1.2213,1.2212,1.2213,41
2005-06-01 19:21:00,1.2214,1.2214,1.2212,1.2213,27
2005-06-01 19:22:00,1.2213,1.2215,1.2213,1.2214,29
2005-06-01 19:23:00,1.2214,1.2215,1.2213,1.2213,37
2005-06-01 19:24:00,1.2214,1.2214,1.2214,1.2214,14
2005-06-01 19:25:00,1.2213,1.2214,1.2213,1.2214,11
2005-06-01 19:26:00,1.2212,1.2213,1.2212,1.2213,13
2005-06-01 19:27:00,1.2213,1.2214,1.2212,1.2212,27
2005-06-01 19:28:00,1.2213,1.2213,1.2213,1.2213,11
2005-06-01 19:29:00,1.2213,1.2213,1.2212,1.2213,7
2005-06-01 19:30:00,1.2214,1.2214,1.2213,1.2213,16
2005-06-01 19:31:00,1.2214,1.2214,1.2213,1.2213,24
2005-06-01 19:32:00,1.2214,1.2215,1.2213,1.2213,30
2005-06-01 19:33:00,1.2214,1.2214,1.2213,1.2214,20
2005-06-01 19:34:00,1.2216,1.2216,1.2215,1.2215,30
2005-06-01 19:35:00,1.2214,1.2216,1.2214,1.2216,27
2005-06-01 19:36:00,1.2214,1.2215,1.2214,1.2214,22
2005-06-01 19:37:00,1.2214,1.2215,1.2214,1.2214,20
2005-06-01 19:38:00,1.2212,1.2214,1.2211,1.2214,26
2005-06-01 19:39:00,1.2214,1.2214,1.2212,1.2212,22
2005-06-01 19:40:00,1.2213,1.2213,1.2213,1.2213,15
2005-06-01 19:41:00,1.2211,1.2213,1.2211,1.2213,14
2005-06-01 19:42:00,1.2208,1.2211,1.2206,1.2211,52
2005-06-01 19:43:00,1.2206,1.2209,1.2204,1.2208,51
2005-06-01 19:44:00,1.2207,1.2207,1.2204,1.2205,37
2005-06-01 19:45:00,1.2205,1.2208,1.2205,1.2207,46
2005-06-01 19:46:00,1.2206,1.2206,1.2205,1.2205,44
2005-06-01 19:47:00,1.2204,1.2206,1.2203,1.2206,37
2005-06-01 19:48:00,1.2205,1.2206,1.2204,1.2204,35
2005-06-01 19:49:00,1.2204,1.2206,1.2203,1.2205,39
2005-06-01 19:50:00,1.2206,1.2206,1.2204,1.2204,29
2005-06-01 19:51:00,1.2204,1.2207,1.2204,1.2206,37
2005-06-01 19:52:00,1.2204,1.2205,1.2203,1.2204,34
2005-06-01 19:53:00,1.2205,1.2206,1.2204,1.2205,37
2005-06-01 19:54:00,1.2205,1.2207,1.2204,1.2204,41
2005-06-01 19:55:00,1.2205,1.2206,1.2204,1.2206,26
2005-06-01 19:56:00,1.2204,1.2205,1.2204,1.2205,22
2005-06-01 19:57:00,1.2205,1.2205,1.2205,1.2205,16
2005-06-01 19:58:00,1.2203,1.2206,1.2203,1.2205,32
2005-06-01 19:59:00,1.2204,1.2205,1.2203,1.2203,37
2005-06-01 20:00:00,1.2205,1.2207,1.2204,1.2204,22
2005-06-01 20:01:00,1.2204,1.2205,1.2204,1.2205,14
2005-06-01 20:02:00,1.2203,1.2204,1.2203,1.2204,6
2005-06-01 20:03:00,1.2198,1.2205,1.2198,1.2204,14
2005-06-01 20:04:00,1.2197,1.22,1.2195,1.2197,26
2005-06-01 20:05:00,1.2187,1.2196,1.2179,1.2196,29
2005-06-01 20:06:00,1.2187,1.2187,1.2178,1.2185,26
2005-06-01 20:07:00,1.2186,1.2188,1.2185,1.2188,23
2005-06-01 20:08:00,1.2186,1.2186,1.2181,1.2185,28
2005-06-01 20:09:00,1.2189,1.219,1.2186,1.2186,28
2005-06-01 20:10:00,1.2183,1.2191,1.2183,1.219,21
2005-06-01 20:11:00,1.2178,1.2183,1.2178,1.2182,24
2005-06-01 20:12:00,1.218,1.2181,1.2179,1.2179,17
2005-06-01 20:13:00,1.2181,1.2181,1.2178,1.2178,17
2005-06-01 20:14:00,1.2178,1.2183,1.2178,1.218,25
2005-06-01 20:15:00,1.2181,1.2181,1.2178,1.2178,11
2005-06-01 20:16:00,1.2181,1.2181,1.218,1.218,11
2005-06-01 20:17:00,1.2181,1.2181,1.2179,1.218,12
2005-06-01 20:18:00,1.2179,1.2182,1.2179,1.218,18
2005-06-01 20:19:00,1.218,1.2181,1.2179,1.2179,11
2005-06-01 20:20:00,1.2179,1.218,1.2178,1.218,8
2005-06-01 20:21:00,1.2178,1.2179,1.2178,1.2179,11
2005-06-01 20:22:00,1.2173,1.2178,1.2173,1.2178,11
2005-06-01 20:23:00,1.2169,1.2174,1.2167,1.2174,23
2005-06-01 20:24:00,1.2174,1.2175,1.2169,1.2169,18
2005-06-01 20:25:00,1.2164,1.2174,1.2164,1.2174,21
2005-06-01 20:26:00,1.2168,1.2168,1.2165,1.2165,12
2005-06-01 20:27:00,1.2167,1.2167,1.2166,1.2167,14
2005-06-01 20:28:00,1.2165,1.2166,1.2164,1.2165,14
2005-06-01 20:29:00,1.2162,1.2166,1.2161,1.2165,19
2005-06-01 20:30:00,1.2162,1.2162,1.2162,1.2162,1
2005-06-01 20:31:00,1.2166,1.2166,1.2166,1.2166,1
2005-06-01 20:32:00,1.2169,1.2169,1.2167,1.2167,4
2005-06-01 20:33:00,1.2173,1.2173,1.217,1.217,8
2005-06-01 20:34:00,1.2168,1.2173,1.2168,1.2172,11
2005-06-01 20:35:00,1.2168,1.2169,1.2166,1.2167,12
2005-06-01 20:36:00,1.2169,1.2169,1.2169,1.2169,1
2005-06-01 20:38:00,1.217,1.217,1.217,1.217,1
2005-06-01 20:39:00,1.21716,1.21716,1.21716,1.21716,1
2005-06-01 20:40:00,1.2176,1.2177,1.2174,1.2174,8
2005-06-01 20:41:00,1.2175,1.2175,1.2175,1.2175,3
2005-06-01 20:42:00,1.2175,1.2175,1.2175,1.2175,4
2005-06-01 20:43:00,1.2175,1.2176,1.2175,1.2175,7
2005-06-01 20:44:00,1.2176,1.2178,1.2175,1.2175,15
2005-06-01 20:45:00,1.2176,1.2177,1.2174,1.2177,14
2005-06-01 20:46:00,1.2176,1.2176,1.2176,1.2176,4
2005-06-01 20:47:00,1.2177,1.2178,1.2176,1.2176,10
2005-06-01 20:48:00,1.2179,1.2179,1.2177,1.2177,13
2005-06-01 20:49:00,1.218,1.218,1.2178,1.2179,27
2005-06-01 20:50:00,1.218,1.2181,1.2179,1.218,16
2005-06-01 20:51:00,1.2181,1.2181,1.218,1.218,7
2005-06-01 20:52:00,1.2182,1.2182,1.2181,1.2181,4
2005-06-01 20:53:00,1.2182,1.2183,1.2181,1.2181,8
2005-06-01 20:54:00,1.2181,1.2182,1.218,1.2182,12
2005-06-01 20:55:00,1.2182,1.2182,1.218,1.2181,11
2005-06-01 20:56:00,1.2181,1.2183,1.2181,1.2181,14
2005-06-01 20:57:00,1.2179,1.2181,1.2179,1.2181,6
2005-06-01 20:58:00,1.2179,1.218,1.2179,1.218,7
2005-06-01 20:59:00,1.218,1.2181,1.2179,1.2179,11
2005-06-01 21:00:00,1.2181,1.2182,1.2179,1.218,13
2005-06-01 21:01:00,1.2185,1.2185,1.2181,1.2182,16
2005-06-01 21:02:00,1.2188,1.2188,1.2184,1.2184,10
2005-06-01 21:03:00,1.2189,1.2193,1.2188,1.2188,9
2005-06-01 21:04:00,1.2189,1.219,1.2188,1.2189,10
2005-06-01 21:05:00,1.2192,1.2193,1.2189,1.2189,12
2005-06-01 21:06:00,1.2188,1.2193,1.2188,1.219,18
2005-06-01 21:07:00,1.2191,1.2191,1.2187,1.2188,8
2005-06-01 21:08:00,1.2189,1.2191,1.2188,1.2191,8
2005-06-01 21:09:00,1.219,1.2191,1.21896,1.21896,11
2005-06-01 21:10:00,1.2192,1.2194,1.2189,1.219,14
2005-06-01 21:11:00,1.2194,1.2194,1.2192,1.2192,7
2005-06-01 21:12:00,1.2194,1.2194,1.2192,1.2194,9
2005-06-01 21:13:00,1.2193,1.2195,1.2193,1.2194,11
2005-06-01 21:14:00,1.2192,1.2194,1.2192,1.2194,11
2005-06-01 21:15:00,1.2194,1.2194,1.2192,1.2192,4
2005-06-01 21:16:00,1.2192,1.2194,1.2191,1.2192,9
2005-06-01 21:17:00,1.2194,1.2194,1.2192,1.2192,8
2005-06-01 21:18:00,1.22,1.2202,1.2194,1.2194,21
2005-06-01 21:19:00,1.2196,1.2199,1.2195,1.2199,13
2005-06-01 21:20:00,1.2194,1.2196,1.2193,1.2196,7
2005-06-01 21:21:00,1.2194,1.2194,1.2193,1.2194,12
2005-06-01 21:22:00,1.2194,1.2194,1.2194,1.2194,2
2005-06-01 21:23:00,1.2193,1.2194,1.2193,1.2194,8
2005-06-01 21:24:00,1.2194,1.2194,1.2193,1.2193,5
2005-06-01 21:25:00,1.2193,1.2195,1.2193,1.2194,9
2005-06-01 21:26:00,1.2195,1.2195,1.2194,1.2194,7
2005-06-01 21:27:00,1.2196,1.2196,1.2195,1.2195,5
2005-06-01 21:28:00,1.2196,1.2197,1.2196,1.2196,4
2005-06-01 21:29:00,1.2198,1.2199,1.2197,1.2197,5
2005-06-01 21:30:00,1.2198,1.22,1.2197,1.2197,9
2005-06-01 21:31:00,1.2199,1.2199,1.2199,1.2199,4
2005-06-01 21:32:00,1.2197,1.2199,1.2197,1.2198,14
2005-06-01 21:33:00,1.2197,1.2197,1.2196,1.2197,5
2005-06-01 21:34:00,1.2197,1.2197,1.2197,1.2197,1
2005-06-01 21:35:00,1.2197,1.2197,1.2196,1.2197,3
2005-06-01 21:36:00,1.22,1.22,1.2197,1.2197,10
2005-06-01 21:37:00,1.22,1.2201,1.2198,1.2199,6
2005-06-01 21:38:00,1.2202,1.2202,1.22,1.2202,11
2005-06-01 21:39:00,1.2204,1.2205,1.22,1.2201,12
2005-06-01 21:40:00,1.2206,1.2208,1.2205,1.2205,14
2005-06-01 21:41:00,1.2206,1.2206,1.2205,1.2206,12
2005-06-01 21:42:00,1.2206,1.2206,1.2206,1.2206,3
2005-06-01 21:43:00,1.2208,1.2208,1.2206,1.2207,8
2005-06-01 21:44:00,1.2208,1.2209,1.2207,1.2207,10
2005-06-01 21:45:00,1.2208,1.2209,1.2208,1.2208,5
2005-06-01 21:46:00,1.2206,1.2208,1.2206,1.2208,7
2005-06-01 21:47:00,1.2206,1.2206,1.2206,1.2206,6
2005-06-01 21:48:00,1.2206,1.2207,1.2206,1.2206,3
2005-06-01 21:49:00,1.2207,1.2209,1.2206,1.2207,18
2005-06-01 21:50:00,1.2207,1.2207,1.2206,1.2207,10
2005-06-01 21:51:00,1.2209,1.2209,1.2207,1.2207,11
2005-06-01 21:52:00,1.2207,1.2209,1.2206,1.2209,8
2005-06-01 21:53:00,1.2207,1.2207,1.2207,1.2207,2
2005-06-01 21:54:00,1.2207,1.2207,1.2207,1.2207,3
2005-06-01 21:55:00,1.2207,1.2207,1.2206,1.2206,6
2005-06-01 21:56:00,1.2207,1.2207,1.2207,1.2207,5
2005-06-01 21:57:00,1.2207,1.2207,1.2206,1.2207,10
2005-06-01 21:58:00,1.2205,1.2206,1.2205,1.2206,7
2005-06-01 21:59:00,1.2205,1.2205,1.2205,1.2205,3
2005-06-01 22:00:00,1.2204,1.2205,1.2204,1.2205,6
2005-06-01 22:01:00,1.2205,1.2205,1.2204,1.2204,13
2005-06-01 22:02:00,1.2205,1.2207,1.2205,1.2205,10
2005-06-01 22:03:00,1.2203,1.2205,1.2203,1.2205,5
2005-06-01 22:04:00,1.2203,1.2205,1.2202,1.2203,13
2005-06-01 22:05:00,1.2204,1.2204,1.2202,1.2203,9
2005-06-01 22:06:00,1.2204,1.2205,1.2203,1.2205,12
2005-06-01 22:07:00,1.2205,1.2206,1.2205,1.2205,9
2005-06-01 22:08:00,1.2207,1.2207,1.2206,1.2206,8
2005-06-01 22:09:00,1.2206,1.2208,1.2206,1.2208,9
2005-06-01 22:10:00,1.2203,1.2206,1.2203,1.2206,11
2005-06-01 22:11:00,1.2205,1.2205,1.2204,1.2204,6
2005-06-01 22:12:00,1.2205,1.2206,1.2205,1.2205,6
2005-06-01 22:13:00,1.2204,1.2205,1.2204,1.2204,8
2005-06-01 22:14:00,1.2205,1.2206,1.2204,1.2204,10
2005-06-01 22:15:00,1.2205,1.2205,1.2205,1.2205,7
2005-06-01 22:16:00,1.2205,1.2205,1.2205,1.2205,3
2005-06-01 22:17:00,1.2204,1.2205,1.2204,1.2204,9
2005-06-01 22:18:00,1.2203,1.2205,1.2203,1.2205,5
2005-06-01 22:19:00,1.2203,1.2203,1.2203,1.2203,2
2005-06-01 22:20:00,1.2203,1.2203,1.2203,1.2203,2
2005-06-01 22:21:00,1.2201,1.2203,1.2201,1.2203,5
2005-06-01 22:22:00,1.2194,1.2202,1.2194,1.2201,22
2005-06-01 22:23:00,1.2193,1.2194,1.2191,1.2194,23
2005-06-01 22:24:00,1.2192,1.2195,1.2192,1.2193,12
2005-06-01 22:25:00,1.2191,1.2192,1.2191,1.2191,13
2005-06-01 22:26:00,1.2191,1.2192,1.2191,1.2192,6
2005-06-01 22:27:00,1.21952,1.21952,1.21906,1.21906,11
2005-06-01 22:28:00,1.21938,1.21962,1.21938,1.21952,16
2005-06-01 22:29:00,1.21958,1.21958,1.21938,1.21938,9
2005-06-01 22:30:00,1.21948,1.21958,1.21948,1.21958,5
2005-06-01 22:31:00,1.21938,1.21948,1.21938,1.21938,6
2005-06-01 22:32:00,1.21948,1.21948,1.21938,1.21938,9
2005-06-01 22:33:00,1.21968,1.21968,1.21948,1.21948,8
2005-06-01 22:34:00,1.21938,1.21958,1.21928,1.21958,11
2005-06-01 22:35:00,1.21948,1.21948,1.21948,1.21948,3
2005-06-01 22:36:00,1.21938,1.21948,1.21938,1.21948,7
2005-06-01 22:37:00,1.21948,1.21948,1.21938,1.21948,10
2005-06-01 22:38:00,1.21938,1.21948,1.21938,1.21948,4
2005-06-01 22:39:00,1.21948,1.21958,1.21938,1.21938,9
2005-06-01 22:40:00,1.21958,1.21958,1.21948,1.21948,4
2005-06-01 22:41:00,1.21958,1.21958,1.21958,1.21958,2
2005-06-01 22:42:00,1.21948,1.21958,1.21948,1.21958,4
2005-06-01 22:43:00,1.21948,1.21948,1.21948,1.21948,2
2005-06-01 22:44:00,1.21938,1.21948,1.21938,1.21948,4
2005-06-01 22:45:00,1.21918,1.21948,1.21918,1.21938,6
2005-06-01 22:46:00,1.21902,1.21918,1.21898,1.21918,16
2005-06-01 22:47:00,1.21912,1.21912,1.21912,1.21912,6
2005-06-01 22:48:00,1.21902,1.21912,1.21902,1.21912,5
2005-06-01 22:49:00,1.21872,1.21892,1.21862,1.21892,12
2005-06-01 22:50:00,1.21892,1.21892,1.21872,1.21872,6
2005-06-01 22:51:00,1.21912,1.21922,1.21882,1.21892,16
2005-06-01 22:52:00,1.21902,1.21912,1.21902,1.21912,4
2005-06-01 22:53:00,1.21918,1.21922,1.21902,1.21902,14
2005-06-01 22:54:00,1.21918,1.21918,1.21918,1.21918,7
2005-06-01 22:55:00,1.21918,1.21918,1.21908,1.21918,6
2005-06-01 22:56:00,1.21908,1.21928,1.21908,1.21918,12
2005-06-01 22:57:00,1.21918,1.21918,1.21908,1.21908,5
2005-06-01 22:58:00,1.21938,1.21948,1.21918,1.21918,10
2005-06-01 22:59:00,1.21958,1.21958,1.21938,1.21938,10
2005-06-01 23:00:00,1.21968,1.21968,1.21948,1.21948,6
2005-06-01 23:01:00,1.21968,1.21978,1.21968,1.21968,7
2005-06-01 23:02:00,1.21968,1.21988,1.21958,1.21978,18
2005-06-01 23:03:00,1.21958,1.21968,1.21958,1.21968,11
2005-06-01 23:04:00,1.21958,1.21978,1.21958,1.21968,15
2005-06-01 23:05:00,1.21968,1.21968,1.21958,1.21958,7
2005-06-01 23:06:00,1.21968,1.21968,1.21968,1.21968,3
2005-06-01 23:07:00,1.21968,1.21978,1.21968,1.21968,6
2005-06-01 23:08:00,1.21978,1.21978,1.21968,1.21968,7
2005-06-01 23:09:00,1.21998,1.21998,1.21978,1.21978,7
2005-06-01 23:10:00,1.22048,1.22048,1.22008,1.22008,16
2005-06-01 23:11:00,1.22028,1.22048,1.22028,1.22048,11
2005-06-01 23:12:00,1.22018,1.22038,1.22018,1.22038,9
2005-06-01 23:13:00,1.21988,1.22018,1.21988,1.22008,18
2005-06-01 23:14:00,1.21978,1.21988,1.21978,1.21988,13
2005-06-01 23:15:00,1.21968,1.21978,1.21958,1.21962,13
2005-06-01 23:16:00,1.21988,1.21998,1.21968,1.21968,11
2005-06-01 23:17:00,1.21988,1.21988,1.21982,1.21982,5
2005-06-01 23:18:00,1.21998,1.21998,1.21988,1.21988,6
2005-06-01 23:19:00,1.21998,1.22008,1.21998,1.22008,5
2005-06-01 23:20:00,1.21978,1.22008,1.21978,1.22008,10
2005-06-01 23:21:00,1.22008,1.22008,1.21988,1.21988,8
2005-06-01 23:22:00,1.22008,1.22008,1.21998,1.22008,7
2005-06-01 23:23:00,1.22008,1.22008,1.21998,1.21998,13
2005-06-01 23:24:00,1.22038,1.22038,1.22008,1.22008,8
2005-06-01 23:25:00,1.22038,1.22038,1.22018,1.22028,13
2005-06-01 23:26:00,1.22048,1.22048,1.22028,1.22038,13
2005-06-01 23:27:00,1.22048,1.22058,1.22048,1.22058,7
2005-06-01 23:28:00,1.22038,1.22048,1.22038,1.22048,4
2005-06-01 23:29:00,1.22058,1.22058,1.22038,1.22038,7
2005-06-01 23:30:00,1.22038,1.22048,1.22028,1.22048,12
2005-06-01 23:31:00,1.22038,1.22038,1.22038,1.22038,4
2005-06-01 23:32:00,1.22018,1.22038,1.22018,1.22038,4
2005-06-01 23:33:00,1.21988,1.22018,1.21988,1.22018,8
2005-06-01 23:34:00,1.22018,1.22018,1.21988,1.21988,8
2005-06-01 23:35:00,1.22018,1.22018,1.22008,1.22008,9
2005-06-01 23:36:00,1.22038,1.22038,1.22018,1.22018,12
2005-06-01 23:37:00,1.22038,1.22038,1.22028,1.22038,6
2005-06-01 23:38:00,1.22048,1.22048,1.22028,1.22038,10
2005-06-01 23:39:00,1.22048,1.22048,1.22038,1.22048,8
2005-06-01 23:40:00,1.22038,1.22058,1.22038,1.22048,15
2005-06-01 23:41:00,1.22048,1.22058,1.22038,1.22038,7
2005-06-01 23:42:00,1.22048,1.22048,1.22038,1.22038,11
2005-06-01 23:43:00,1.22048,1.22048,1.22038,1.22038,4
2005-06-01 23:44:00,1.22028,1.22048,1.22028,1.22048,12
2005-06-01 23:45:00,1.21998,1.22028,1.21988,1.22018,14
2005-06-01 23:46:00,1.21998,1.21998,1.21998,1.21998,2
2005-06-01 23:47:00,1.21988,1.21998,1.21988,1.21988,10
2005-06-01 23:48:00,1.21978,1.21988,1.21978,1.21988,12
2005-06-01 23:49:00,1.21998,1.22018,1.21978,1.21978,20
2005-06-01 23:50:00,1.21988,1.22008,1.21978,1.21978,17
2005-06-01 23:51:00,1.21988,1.21998,1.21978,1.21988,19
2005-06-01 23:52:00,1.22018,1.22028,1.21978,1.21988,17
2005-06-01 23:53:00,1.22038,1.22038,1.22018,1.22018,14
2005-06-01 23:54:00,1.22028,1.22038,1.22018,1.22028,11
2005-06-01 23:55:00,1.22028,1.22028,1.22018,1.22028,6
2005-06-01 23:56:00,1.22028,1.22038,1.22028,1.22028,4
2005-06-01 23:57:00,1.22028,1.22028,1.22028,1.22028,8
2005-06-01 23:58:00,1.22028,1.22028,1.22018,1.22028,6
2005-06-01 23:59:00,1.21998,1.22028,1.21988,1.22028,9
2005-06-02 00:00:00,1.21978,1.22008,1.21978,1.22008,11
2005-06-02 00:01:00,1.21988,1.21988,1.21988,1.21988,8
2005-06-02 00:02:00,1.22008,1.22008,1.21988,1.21998,13
2005-06-02 00:03:00,1.22028,1.22028,1.22008,1.22008,13
2005-06-02 00:04:00,1.22028,1.22038,1.22028,1.22028,11
2005-06-02 00:05:00,1.22048,1.22048,1.22028,1.22028,20
2005-06-02 00:06:00,1.22058,1.22058,1.22038,1.22058,21
2005-06-02 00:07:00,1.22068,1.22078,1.22058,1.22068,8
2005-06-02 00:08:00,1.22098,1.22128,1.22068,1.22068,16
2005-06-02 00:09:00,1.22118,1.22138,1.22108,1.22108,14
2005-06-02 00:10:00,1.22118,1.22118,1.22108,1.22118,7
2005-06-02 00:11:00,1.22108,1.22118,1.22098,1.22118,10
2005-06-02 00:12:00,1.22118,1.22118,1.22118,1.22118,3
2005-06-02 00:13:00,1.22128,1.22138,1.22118,1.22118,7
2005-06-02 00:14:00,1.22158,1.22158,1.22128,1.22138,15
2005-06-02 00:15:00,1.22148,1.22158,1.22138,1.22158,10
2005-06-02 00:16:00,1.22142,1.22148,1.22132,1.22138,12
2005-06-02 00:17:00,1.22152,1.22152,1.22132,1.22132,8
2005-06-02 00:18:00,1.22132,1.22142,1.22132,1.22142,9
2005-06-02 00:19:00,1.22132,1.22142,1.22132,1.22132,13
2005-06-02 00:20:00,1.22132,1.22152,1.22122,1.22142,10
2005-06-02 00:21:00,1.22132,1.22142,1.22132,1.22132,8
2005-06-02 00:22:00,1.22132,1.22142,1.22132,1.22132,11
2005-06-02 00:23:00,1.22132,1.22152,1.22132,1.22132,9
2005-06-02 00:24:00,1.22132,1.22142,1.22122,1.22132,15
2005-06-02 00:25:00,1.22112,1.22132,1.22102,1.22132,16
2005-06-02 00:26:00,1.22102,1.22122,1.22092,1.22102,19
2005-06-02 00:27:00,1.22102,1.22102,1.22082,1.22102,10
2005-06-02 00:28:00,1.22112,1.22112,1.22102,1.22102,7
2005-06-02 00:29:00,1.22132,1.22132,1.22112,1.22112,8
2005-06-02 00:30:00,1.22122,1.22122,1.22112,1.22122,14
2005-06-02 00:31:00,1.22162,1.22182,1.22132,1.22132,20
2005-06-02 00:32:00,1.22162,1.22182,1.22152,1.22162,18
2005-06-02 00:33:00,1.22152,1.22162,1.22142,1.22152,9
2005-06-02 00:34:00,1.22152,1.22162,1.22152,1.22152,8
2005-06-02 00:35:00,1.22152,1.22152,1.22152,1.22152,5
2005-06-02 00:36:00,1.22132,1.22152,1.22122,1.22142,10
2005-06-02 00:37:00,1.22112,1.22132,1.22112,1.22132,15
2005-06-02 00:38:00,1.22102,1.22112,1.22082,1.22102,19
2005-06-02 00:39:00,1.22082,1.22102,1.22062,1.22102,16
2005-06-02 00:40:00,1.22052,1.22092,1.22052,1.22092,18
2005-06-02 00:41:00,1.22082,1.22082,1.22052,1.22052,11
2005-06-02 00:42:00,1.22092,1.22092,1.22072,1.22082,23
2005-06-02 00:43:00,1.22092,1.22092,1.22082,1.22092,9
2005-06-02 00:44:00,1.22112,1.22122,1.22092,1.22092,13
2005-06-02 00:45:00,1.22092,1.22112,1.22082,1.22112,9
2005-06-02 00:46:00,1.22082,1.22092,1.22082,1.22092,5
2005-06-02 00:47:00,1.22082,1.22092,1.22082,1.22082,6
2005-06-02 00:48:00,1.22082,1.22092,1.22082,1.22092,9
2005-06-02 00:49:00,1.22072,1.22082,1.22072,1.22072,5
2005-06-02 00:50:00,1.22092,1.22102,1.22082,1.22082,13
2005-06-02 00:51:00,1.22112,1.22122,1.22092,1.22092,13
2005-06-02 00:52:00,1.22112,1.22122,1.22112,1.22112,15
2005-06-02 00:53:00,1.22112,1.22122,1.22102,1.22122,5
2005-06-02 00:54:00,1.22112,1.22122,1.22102,1.22102,8
2005-06-02 00:55:00,1.22112,1.22122,1.22112,1.22112,9
2005-06-02 00:56:00,1.22092,1.22112,1.22092,1.22112,8
2005-06-02 00:57:00,1.22092,1.22092,1.22082,1.22092,7
2005-06-02 00:58:00,1.22072,1.22082,1.22072,1.22082,12
2005-06-02 00:59:00,1.22092,1.22092,1.22072,1.22072,9
2005-06-02 01:00:00,1.22102,1.22112,1.22082,1.22082,14
2005-06-02 01:01:00,1.22112,1.22112,1.22102,1.22102,6
2005-06-02 01:02:00,1.22102,1.22112,1.22102,1.22102,7
2005-06-02 01:03:00,1.22112,1.22122,1.22112,1.22112,7
2005-06-02 01:04:00,1.22112,1.22122,1.22102,1.22102,9
2005-06-02 01:05:00,1.22122,1.22122,1.22112,1.22112,8
2005-06-02 01:06:00,1.22122,1.22132,1.22112,1.22112,16
2005-06-02 01:07:00,1.22122,1.22132,1.22112,1.22122,13
2005-06-02 01:08:00,1.22122,1.22122,1.22122,1.22122,2
2005-06-02 01:09:00,1.22122,1.22142,1.22122,1.22122,11
2005-06-02 01:10:00,1.22122,1.22132,1.22122,1.22122,13
2005-06-02 01:11:00,1.22112,1.22122,1.22112,1.22122,6
2005-06-02 01:12:00,1.22122,1.22122,1.22112,1.22112,4
2005-06-02 01:13:00,1.22112,1.22122,1.22102,1.22112,9
2005-06-02 01:14:00,1.22122,1.22122,1.22112,1.22112,4
2005-06-02 01:15:00,1.22122,1.22122,1.22112,1.22122,7
2005-06-02 01:16:00,1.22122,1.22122,1.22122,1.22122,5
2005-06-02 01:17:00,1.22122,1.22122,1.22112,1.22112,3
2005-06-02 01:18:00,1.22122,1.22122,1.22122,1.22122,2
2005-06-02 01:19:00,1.22122,1.22122,1.22122,1.22122,4
2005-06-02 01:20:00,1.22132,1.22132,1.22122,1.22122,7
2005-06-02 01:21:00,1.22132,1.22152,1.22132,1.22132,17
2005-06-02 01:22:00,1.22142,1.22142,1.22132,1.22132,9
2005-06-02 01:23:00,1.22122,1.22132,1.22122,1.22132,7
2005-06-02 01:24:00,1.22122,1.22122,1.22112,1.22112,13
2005-06-02 01:25:00,1.22112,1.22132,1.22102,1.22112,12
2005-06-02 01:26:00,1.22102,1.22112,1.22092,1.22112,15
2005-06-02 01:27:00,1.22112,1.22132,1.22102,1.22102,20
2005-06-02 01:28:00,1.22122,1.22122,1.22112,1.22112,12
2005-06-02 01:29:00,1.22122,1.22132,1.22112,1.22112,15
2005-06-02 01:30:00,1.22142,1.22142,1.22112,1.22122,13
2005-06-02 01:31:00,1.22152,1.22162,1.22132,1.22142,12
2005-06-02 01:32:00,1.22172,1.22172,1.22142,1.22142,11
2005-06-02 01:33:00,1.22162,1.22172,1.22152,1.22172,14
2005-06-02 01:34:00,1.22172,1.22182,1.22162,1.22172,14
2005-06-02 01:35:00,1.22172,1.22172,1.22162,1.22172,9
2005-06-02 01:36:00,1.22172,1.22182,1.22162,1.22172,8
2005-06-02 01:37:00,1.22152,1.22162,1.22152,1.22162,4
2005-06-02 01:38:00,1.22152,1.22162,1.22152,1.22162,6
2005-06-02 01:39:00,1.22172,1.22182,1.22142,1.22142,11
2005-06-02 01:40:00,1.22222,1.22232,1.22182,1.22182,28
2005-06-02 01:41:00,1.22262,1.22292,1.22222,1.22222,18
2005-06-02 01:42:00,1.22278,1.22288,1.22252,1.22262,16
2005-06-02 01:43:00,1.22272,1.22288,1.22262,1.22278,13
2005-06-02 01:44:00,1.22272,1.22272,1.22262,1.22272,14
2005-06-02 01:45:00,1.22282,1.22282,1.22262,1.22262,14
2005-06-02 01:46:00,1.22282,1.22282,1.22272,1.22272,7
2005-06-02 01:47:00,1.22282,1.22282,1.22272,1.22272,13
2005-06-02 01:48:00,1.22342,1.22342,1.22282,1.22282,21
2005-06-02 01:49:00,1.22302,1.22332,1.22292,1.22332,21
2005-06-02 01:50:00,1.22308,1.22328,1.22288,1.22298,16
2005-06-02 01:51:00,1.22318,1.22318,1.22308,1.22318,5
2005-06-02 01:52:00,1.22292,1.22338,1.22292,1.22308,18
2005-06-02 01:53:00,1.22292,1.22302,1.22282,1.22292,14
2005-06-02 01:54:00,1.22312,1.22312,1.22282,1.22292,18
2005-06-02 01:55:00,1.22312,1.22322,1.22302,1.22322,19
2005-06-02 01:56:00,1.22292,1.22302,1.22292,1.22302,15
2005-06-02 01:57:00,1.22298,1.22318,1.22288,1.22292,18
2005-06-02 01:58:00,1.22318,1.22318,1.22288,1.22298,14
2005-06-02 01:59:00,1.22288,1.22318,1.22288,1.22318,10
2005-06-02 02:00:00,1.22258,1.22288,1.22258,1.22288,10
2005-06-02 02:01:00,1.22268,1.22268,1.22258,1.22258,7
2005-06-02 02:02:00,1.22258,1.22278,1.22248,1.22268,17
2005-06-02 02:03:00,1.22268,1.22278,1.22258,1.22258,23
2005-06-02 02:04:00,1.22268,1.22278,1.22268,1.22268,7
2005-06-02 02:05:00,1.22258,1.22268,1.22258,1.22268,5
2005-06-02 02:06:00,1.22258,1.22268,1.22248,1.22258,10
2005-06-02 02:07:00,1.22268,1.22268,1.22258,1.22258,11
2005-06-02 02:08:00,1.22278,1.22288,1.22268,1.22278,9
2005-06-02 02:09:00,1.22268,1.22268,1.22258,1.22268,13
2005-06-02 02:10:00,1.22268,1.22278,1.22258,1.22258,10
2005-06-02 02:11:00,1.22258,1.22268,1.22258,1.22258,15
2005-06-02 02:12:00,1.22258,1.22268,1.22258,1.22258,11
2005-06-02 02:13:00,1.22258,1.22268,1.22258,1.22258,6
2005-06-02 02:14:00,1.22248,1.22258,1.22238,1.22258,5
2005-06-02 02:15:00,1.22248,1.22258,1.22238,1.22248,7
2005-06-02 02:16:00,1.22238,1.22238,1.22228,1.22238,8
2005-06-02 02:17:00,1.22228,1.22228,1.22228,1.22228,6
2005-06-02 02:18:00,1.22228,1.22228,1.22218,1.22218,15
2005-06-02 02:19:00,1.22228,1.22238,1.22218,1.22238,8
2005-06-02 02:20:00,1.22228,1.22228,1.22218,1.22218,6
2005-06-02 02:21:00,1.22218,1.22228,1.22218,1.22228,6
2005-06-02 02:22:00,1.22228,1.22228,1.22218,1.22218,9
2005-06-02 02:23:00,1.22238,1.22238,1.22218,1.22218,7
2005-06-02 02:24:00,1.22238,1.22248,1.22238,1.22248,6
2005-06-02 02:25:00,1.22238,1.22238,1.22238,1.22238,4
2005-06-02 02:26:00,1.22238,1.22238,1.22238,1.22238,1
2005-06-02 02:27:00,1.22238,1.22238,1.22238,1.22238,6
2005-06-02 02:28:00,1.22238,1.22238,1.22238,1.22238,4
2005-06-02 02:29:00,1.22238,1.22238,1.22238,1.22238,4
2005-06-02 02:30:00,1.22238,1.22238,1.22238,1.22238,2
2005-06-02 02:31:00,1.22238,1.22238,1.22238,1.22238,5
2005-06-02 02:32:00,1.22248,1.22248,1.22238,1.22238,4
2005-06-02 02:33:00,1.22238,1.22258,1.22238,1.22248,7
2005-06-02 02:34:00,1.22248,1.22248,1.22238,1.22238,7
2005-06-02 02:35:00,1.22228,1.22248,1.22218,1.22248,13
2005-06-02 02:36:00,1.22228,1.22228,1.22228,1.22228,2
2005-06-02 02:37:00,1.22228,1.22228,1.22218,1.22228,6
2005-06-02 02:38:00,1.22238,1.22248,1.22228,1.22238,15
2005-06-02 02:39:00,1.22248,1.22248,1.22228,1.22238,16
2005-06-02 02:40:00,1.22238,1.22248,1.22228,1.22238,16
2005-06-02 02:41:00,1.22228,1.22238,1.22228,1.22238,6
2005-06-02 02:42:00,1.22238,1.22238,1.22228,1.22228,5
2005-06-02 02:43:00,1.22208,1.22238,1.22208,1.22238,11
2005-06-02 02:44:00,1.22188,1.22198,1.22178,1.22198,14
2005-06-02 02:45:00,1.22218,1.22218,1.22188,1.22188,13
2005-06-02 02:46:00,1.22188,1.22218,1.22188,1.22218,13
2005-06-02 02:47:00,1.22218,1.22218,1.22188,1.22188,9
2005-06-02 02:48:00,1.22218,1.22218,1.22218,1.22218,8
2005-06-02 02:49:00,1.22228,1.22228,1.22228,1.22228,3
2005-06-02 02:50:00,1.22228,1.22228,1.22228,1.22228,2
2005-06-02 02:51:00,1.22228,1.22228,1.22228,1.22228,5
2005-06-02 02:52:00,1.22228,1.22228,1.22228,1.22228,3
2005-06-02 02:53:00,1.22228,1.22228,1.22228,1.22228,2
2005-06-02 02:54:00,1.22228,1.22238,1.22228,1.22228,4
2005-06-02 02:55:00,1.22228,1.22238,1.22218,1.22228,11
2005-06-02 02:56:00,1.22228,1.22228,1.22228,1.22228,2
2005-06-02 02:57:00,1.22228,1.22228,1.22228,1.22228,3
2005-06-02 02:58:00,1.22208,1.22228,1.22208,1.22228,14
2005-06-02 02:59:00,1.22208,1.22208,1.22198,1.22208,10
2005-06-02 03:00:00,1.22208,1.22208,1.22188,1.22198,19
2005-06-02 03:01:00,1.22208,1.22208,1.22208,1.22208,2
2005-06-02 03:02:00,1.22208,1.22208,1.22198,1.22208,4
2005-06-02 03:03:00,1.22218,1.22218,1.22208,1.22208,8
2005-06-02 03:04:00,1.22218,1.22218,1.22218,1.22218,3
2005-06-02 03:05:00,1.22198,1.22218,1.22198,1.22218,4
2005-06-02 03:06:00,1.22198,1.22208,1.22198,1.22208,4
2005-06-02 03:07:00,1.22198,1.22198,1.22188,1.22198,11
2005-06-02 03:08:00,1.22218,1.22218,1.22198,1.22198,10
2005-06-02 03:09:00,1.22228,1.22238,1.22218,1.22218,9
2005-06-02 03:10:00,1.22228,1.22238,1.22228,1.22238,10
2005-06-02 03:11:00,1.22238,1.22238,1.22238,1.22238,6
2005-06-02 03:12:00,1.22228,1.22238,1.22228,1.22228,11
2005-06-02 03:13:00,1.22228,1.22238,1.22228,1.22228,8
2005-06-02 03:14:00,1.22228,1.22228,1.22228,1.22228,2
2005-06-02 03:15:00,1.22228,1.22228,1.22228,1.22228,5
2005-06-02 03:16:00,1.22218,1.22228,1.22218,1.22228,8
2005-06-02 03:17:00,1.22238,1.22238,1.22228,1.22238,5
2005-06-02 03:18:00,1.22228,1.22228,1.22228,1.22228,6
2005-06-02 03:19:00,1.22228,1.22228,1.22228,1.22228,3
2005-06-02 03:20:00,1.22238,1.22238,1.22228,1.22228,3
2005-06-02 03:21:00,1.22248,1.22248,1.22248,1.22248,5
2005-06-02 03:22:00,1.22238,1.22248,1.22238,1.22248,6
2005-06-02 03:23:00,1.22228,1.22238,1.22228,1.22238,5
2005-06-02 03:24:00,1.22228,1.22228,1.22228,1.22228,3
2005-06-02 03:25:00,1.22218,1.22222,1.22218,1.22222,5
2005-06-02 03:26:00,1.22218,1.22228,1.22218,1.22218,5
2005-06-02 03:27:00,1.22218,1.22218,1.22218,1.22218,2
2005-06-02 03:28:00,1.22228,1.22238,1.22222,1.22222,7
2005-06-02 03:29:00,1.22228,1.22238,1.22228,1.22228,4
2005-06-02 03:30:00,1.22228,1.22228,1.22228,1.22228,3
2005-06-02 03:31:00,1.22218,1.22228,1.22218,1.22228,3
2005-06-02 03:32:00,1.22218,1.22228,1.22218,1.22222,4
2005-06-02 03:33:00,1.22218,1.22218,1.22218,1.22218,3
2005-06-02 03:34:00,1.22218,1.22218,1.22218,1.22218,3
2005-06-02 03:35:00,1.22208,1.22218,1.22208,1.22218,6
2005-06-02 03:36:00,1.22228,1.22228,1.22208,1.22208,7
2005-06-02 03:37:00,1.22208,1.22218,1.22208,1.22218,6
2005-06-02 03:38:00,1.22218,1.22218,1.22208,1.22208,4
2005-06-02 03:39:00,1.22218,1.22218,1.22218,1.22218,5
2005-06-02 03:40:00,1.22218,1.22218,1.22218,1.22218,4
2005-06-02 03:41:00,1.22218,1.22218,1.22218,1.22218,3
2005-06-02 03:42:00,1.22228,1.22228,1.22218,1.22218,4
2005-06-02 03:43:00,1.22208,1.22218,1.22208,1.22218,6
2005-06-02 03:44:00,1.22188,1.22218,1.22188,1.22208,13
2005-06-02 03:45:00,1.22188,1.22198,1.22188,1.22188,10
2005-06-02 03:46:00,1.22188,1.22198,1.22188,1.22188,6
2005-06-02 03:47:00,1.22188,1.22188,1.22188,1.22188,2
2005-06-02 03:48:00,1.22188,1.22198,1.22188,1.22188,9
2005-06-02 03:49:00,1.22188,1.22188,1.22188,1.22188,6
2005-06-02 03:50:00,1.22178,1.22188,1.22178,1.22178,6
2005-06-02 03:51:00,1.22168,1.22188,1.22168,1.22178,9
2005-06-02 03:52:00,1.22168,1.22178,1.22168,1.22168,9
2005-06-02 03:53:00,1.22168,1.22168,1.22168,1.22168,24
2005-06-02 03:54:00,1.22128,1.22168,1.22128,1.22168,36
2005-06-02 03:55:00,1.22138,1.22148,1.22108,1.22128,49
2005-06-02 03:56:00,1.22128,1.22148,1.22128,1.22138,29
2005-06-02 03:57:00,1.22088,1.22138,1.22088,1.22128,32
2005-06-02 03:58:00,1.22108,1.22108,1.22088,1.22088,46
2005-06-02 03:59:00,1.22098,1.22108,1.22098,1.22108,16
2005-06-02 04:00:00,1.22108,1.22128,1.22098,1.22098,39
2005-06-02 04:01:00,1.22108,1.22118,1.22108,1.22108,31
2005-06-02 04:02:00,1.22098,1.22108,1.22098,1.22108,29
2005-06-02 04:03:00,1.22108,1.22118,1.22098,1.22098,28
2005-06-02 04:04:00,1.22088,1.22118,1.22088,1.22108,36
2005-06-02 04:05:00,1.22088,1.22098,1.22088,1.22088,38
2005-06-02 04:06:00,1.22068,1.22098,1.22068,1.22088,23
2005-06-02 04:07:00,1.22038,1.22078,1.22028,1.22078,46
2005-06-02 04:08:00,1.22038,1.22048,1.22018,1.22038,44
2005-06-02 04:09:00,1.22038,1.22048,1.22028,1.22038,37
2005-06-02 04:10:00,1.22028,1.22038,1.22018,1.22038,34
2005-06-02 04:11:00,1.22038,1.22048,1.22028,1.22028,38
2005-06-02 04:12:00,1.22048,1.22048,1.22028,1.22038,24
2005-06-02 04:13:00,1.22028,1.22048,1.22028,1.22048,34
2005-06-02 04:14:00,1.22008,1.22028,1.22008,1.22028,24
2005-06-02 04:15:00,1.21998,1.22018,1.21998,1.22018,43
2005-06-02 04:16:00,1.22008,1.22008,1.21998,1.21998,33
2005-06-02 04:17:00,1.22018,1.22018,1.21998,1.22008,50
2005-06-02 04:18:00,1.22018,1.22018,1.22008,1.22018,27
2005-06-02 04:19:00,1.22048,1.22058,1.22018,1.22018,49
2005-06-02 04:20:00,1.22038,1.22048,1.22028,1.22048,28
2005-06-02 04:21:00,1.22038,1.22048,1.22028,1.22038,35
2005-06-02 04:22:00,1.22038,1.22038,1.22028,1.22038,43
2005-06-02 04:23:00,1.22038,1.22038,1.22038,1.22038,26
2005-06-02 04:24:00,1.22038,1.22038,1.22038,1.22038,10
2005-06-02 04:25:00,1.22028,1.22038,1.22028,1.22028,11
2005-06-02 04:26:00,1.22018,1.22028,1.22018,1.22018,7
2005-06-02 04:27:00,1.22018,1.22028,1.22018,1.22018,8
2005-06-02 04:28:00,1.21998,1.22008,1.21998,1.22008,15
2005-06-02 04:29:00,1.21998,1.22008,1.21978,1.22008,20
2005-06-02 04:30:00,1.21982,1.22002,1.21972,1.21998,12
2005-06-02 04:31:00,1.21912,1.21982,1.21892,1.21972,36
2005-06-02 04:32:00,1.21882,1.21922,1.21832,1.21912,35
2005-06-02 04:33:00,1.21838,1.21898,1.21838,1.21872,25
2005-06-02 04:34:00,1.21888,1.21888,1.21828,1.21838,24
2005-06-02 04:35:00,1.21918,1.21938,1.21888,1.21898,29
2005-06-02 04:36:00,1.21918,1.21938,1.21918,1.21918,9
2005-06-02 04:37:00,1.21948,1.21948,1.21918,1.21918,17
2005-06-02 04:38:00,1.21938,1.21948,1.21938,1.21948,9
2005-06-02 04:39:00,1.21928,1.21928,1.21928,1.21928,4
2005-06-02 04:40:00,1.21928,1.21938,1.21928,1.21928,8
2005-06-02 04:41:00,1.21948,1.21958,1.21928,1.21938,20
2005-06-02 04:42:00,1.21938,1.21948,1.21938,1.21948,4
2005-06-02 04:43:00,1.21928,1.21948,1.21918,1.21948,15
2005-06-02 04:44:00,1.21938,1.21938,1.21928,1.21938,5
2005-06-02 04:45:00,1.21978,1.21978,1.21938,1.21938,10
2005-06-02 04:46:00,1.21988,1.21998,1.21978,1.21978,8
2005-06-02 04:47:00,1.21988,1.21998,1.21978,1.21978,10
2005-06-02 04:48:00,1.22018,1.22018,1.21988,1.21988,10
2005-06-02 04:49:00,1.22008,1.22018,1.21988,1.22018,10
2005-06-02 04:50:00,1.22018,1.22018,1.21998,1.21998,12
2005-06-02 04:51:00,1.22038,1.22038,1.22008,1.22008,9
2005-06-02 04:52:00,1.22008,1.22048,1.22008,1.22048,15
2005-06-02 04:53:00,1.22008,1.22018,1.21998,1.22008,9
2005-06-02 04:54:00,1.22008,1.22018,1.21998,1.22008,12
2005-06-02 04:55:00,1.22008,1.22008,1.21998,1.21998,10
2005-06-02 04:56:00,1.21998,1.22008,1.21988,1.22008,7
2005-06-02 04:57:00,1.21978,1.21998,1.21978,1.21998,9
2005-06-02 04:58:00,1.21968,1.21978,1.21968,1.21978,12
2005-06-02 04:59:00,1.21958,1.21978,1.21948,1.21948,13
2005-06-02 05:00:00,1.21968,1.21968,1.21968,1.21968,9
2005-06-02 05:01:00,1.21968,1.21968,1.21968,1.21968,1
2005-06-02 05:02:00,1.21968,1.21978,1.21968,1.21968,5
2005-06-02 05:03:00,1.21968,1.21968,1.21968,1.21968,4
2005-06-02 05:04:00,1.21978,1.21978,1.21968,1.21968,9
2005-06-02 05:05:00,1.21978,1.21988,1.21978,1.21978,6
2005-06-02 05:06:00,1.21978,1.21978,1.21978,1.21978,3
2005-06-02 05:07:00,1.21968,1.21978,1.21968,1.21968,5
2005-06-02 05:08:00,1.21948,1.21968,1.21938,1.21968,8
2005-06-02 05:09:00,1.21938,1.21948,1.21938,1.21948,8
2005-06-02 05:10:00,1.21918,1.21948,1.21908,1.21938,18
2005-06-02 05:11:00,1.21928,1.21928,1.21908,1.21918,12
2005-06-02 05:12:00,1.21928,1.21928,1.21918,1.21928,5
2005-06-02 05:13:00,1.21928,1.21938,1.21918,1.21918,11
2005-06-02 05:14:00,1.21938,1.21938,1.21928,1.21928,9
2005-06-02 05:15:00,1.21938,1.21958,1.21938,1.21948,12
2005-06-02 05:16:00,1.21928,1.21958,1.21928,1.21938,13
2005-06-02 05:17:00,1.21908,1.21938,1.21898,1.21928,14
2005-06-02 05:18:00,1.21918,1.21928,1.21898,1.21898,18
2005-06-02 05:19:00,1.21858,1.21908,1.21858,1.21908,23
2005-06-02 05:20:00,1.21868,1.21868,1.21838,1.21858,13
2005-06-02 05:21:00,1.21858,1.21868,1.21848,1.21858,11
2005-06-02 05:22:00,1.21878,1.21878,1.21858,1.21858,10
2005-06-02 05:23:00,1.21868,1.21878,1.21868,1.21878,5
2005-06-02 05:24:00,1.21868,1.21868,1.21858,1.21868,7
2005-06-02 05:25:00,1.21878,1.21888,1.21878,1.21878,10
2005-06-02 05:26:00,1.21898,1.21908,1.21878,1.21878,11
2005-06-02 05:27:00,1.21938,1.21948,1.21908,1.21908,15
2005-06-02 05:28:00,1.21928,1.21938,1.21928,1.21938,5
2005-06-02 05:29:00,1.21928,1.21928,1.21928,1.21928,3
2005-06-02 05:30:00,1.21938,1.21948,1.21928,1.21928,11
2005-06-02 05:31:00,1.21958,1.21958,1.21938,1.21938,16
2005-06-02 05:32:00,1.21958,1.21978,1.21958,1.21958,11
2005-06-02 05:33:00,1.21958,1.21978,1.21958,1.21958,13
2005-06-02 05:34:00,1.21988,1.21988,1.21958,1.21958,12
2005-06-02 05:35:00,1.21998,1.21998,1.21988,1.21988,6
2005-06-02 05:36:00,1.22028,1.22048,1.21988,1.21998,45
2005-06-02 05:37:00,1.22068,1.22068,1.22028,1.22028,25
2005-06-02 05:38:00,1.22068,1.22078,1.22058,1.22068,15
2005-06-02 05:39:00,1.22048,1.22078,1.22048,1.22078,15
2005-06-02 05:40:00,1.22038,1.22058,1.22028,1.22058,14
2005-06-02 05:41:00,1.22018,1.22048,1.22018,1.22038,12
2005-06-02 05:42:00,1.22018,1.22028,1.22008,1.22018,13
2005-06-02 05:43:00,1.22038,1.22038,1.22018,1.22018,10
2005-06-02 05:44:00,1.22038,1.22038,1.22028,1.22028,9
2005-06-02 05:45:00,1.22028,1.22038,1.22028,1.22028,11
2005-06-02 05:46:00,1.22028,1.22038,1.22008,1.22018,12
2005-06-02 05:47:00,1.22008,1.22038,1.22008,1.22028,17
2005-06-02 05:48:00,1.22028,1.22028,1.22008,1.22008,12
2005-06-02 05:49:00,1.22028,1.22028,1.21988,1.22018,21
2005-06-02 05:50:00,1.22028,1.22038,1.22018,1.22028,16
2005-06-02 05:51:00,1.22028,1.22028,1.22028,1.22028,5
2005-06-02 05:52:00,1.22058,1.22068,1.22028,1.22028,17
2005-06-02 05:53:00,1.22078,1.22078,1.22058,1.22058,16
2005-06-02 05:54:00,1.22058,1.22078,1.22058,1.22078,12
2005-06-02 05:55:00,1.22038,1.22068,1.22038,1.22058,18
2005-06-02 05:56:00,1.22048,1.22048,1.22028,1.22038,17
2005-06-02 05:57:00,1.22068,1.22068,1.22038,1.22038,18
2005-06-02 05:58:00,1.22078,1.22088,1.22068,1.22068,19
2005-06-02 05:59:00,1.22118,1.22118,1.22088,1.22088,17
2005-06-02 06:00:00,1.22158,1.22168,1.22118,1.22118,19
2005-06-02 06:01:00,1.22208,1.22208,1.22158,1.22158,12
2005-06-02 06:02:00,1.22178,1.22198,1.22168,1.22188,16
2005-06-02 06:03:00,1.22168,1.22198,1.22158,1.22188,22
2005-06-02 06:04:00,1.22178,1.22178,1.22168,1.22178,18
2005-06-02 06:05:00,1.22178,1.22178,1.22168,1.22178,10
2005-06-02 06:06:00,1.22168,1.22178,1.22158,1.22178,13
2005-06-02 06:07:00,1.22138,1.22168,1.22138,1.22168,14
2005-06-02 06:08:00,1.22148,1.22148,1.22138,1.22148,15
2005-06-02 06:09:00,1.22178,1.22178,1.22148,1.22148,18
2005-06-02 06:10:00,1.22178,1.22208,1.22178,1.22178,24
2005-06-02 06:11:00,1.22238,1.22248,1.22188,1.22188,25
2005-06-02 06:12:00,1.22248,1.22248,1.22218,1.22228,25
2005-06-02 06:13:00,1.22238,1.22248,1.22228,1.22248,8
2005-06-02 06:14:00,1.22238,1.22248,1.22228,1.22228,23
2005-06-02 06:15:00,1.22258,1.22258,1.22228,1.22238,16
2005-06-02 06:16:00,1.22238,1.22258,1.22228,1.22248,18
2005-06-02 06:17:00,1.22238,1.22248,1.22218,1.22228,14
2005-06-02 06:18:00,1.22198,1.22228,1.22188,1.22228,16
2005-06-02 06:19:00,1.22218,1.22218,1.22188,1.22198,40
2005-06-02 06:20:00,1.22238,1.22238,1.22218,1.22218,37
2005-06-02 06:21:00,1.22248,1.22258,1.22228,1.22238,55
2005-06-02 06:22:00,1.22298,1.22298,1.22248,1.22248,46
2005-06-02 06:23:00,1.22278,1.22298,1.22278,1.22298,44
2005-06-02 06:24:00,1.22288,1.22288,1.22258,1.22278,47
2005-06-02 06:25:00,1.22308,1.22308,1.22268,1.22288,56
2005-06-02 06:26:00,1.22288,1.22308,1.22268,1.22308,53
2005-06-02 06:27:00,1.22258,1.22288,1.22258,1.22288,41
2005-06-02 06:28:00,1.22258,1.22268,1.22248,1.22258,43
2005-06-02 06:29:00,1.22258,1.22268,1.22258,1.22258,46
2005-06-02 06:30:00,1.22258,1.22278,1.22258,1.22258,35
2005-06-02 06:31:00,1.22248,1.22268,1.22248,1.22258,31
2005-06-02 06:32:00,1.22248,1.22248,1.22218,1.22248,49
2005-06-02 06:33:00,1.22248,1.22248,1.22228,1.22248,42
2005-06-02 06:34:00,1.22248,1.22248,1.22238,1.22248,26
2005-06-02 06:35:00,1.22258,1.22258,1.22248,1.22248,32
2005-06-02 06:36:00,1.22268,1.22268,1.22258,1.22258,30
2005-06-02 06:37:00,1.22238,1.22268,1.22238,1.22268,44
2005-06-02 06:38:00,1.22248,1.22248,1.22238,1.22248,39
2005-06-02 06:39:00,1.22348,1.22348,1.22248,1.22248,52
2005-06-02 06:40:00,1.22368,1.22388,1.22358,1.22358,53
2005-06-02 06:41:00,1.22368,1.22378,1.22358,1.22368,41
2005-06-02 06:42:00,1.22428,1.22438,1.22368,1.22368,48
2005-06-02 06:43:00,1.22428,1.22448,1.22428,1.22428,42
2005-06-02 06:44:00,1.22428,1.22438,1.22408,1.22438,34
2005-06-02 06:45:00,1.22428,1.22428,1.22408,1.22428,48
2005-06-02 06:46:00,1.22418,1.22428,1.22408,1.22428,30
2005-06-02 06:47:00,1.22408,1.22418,1.22388,1.22418,40
2005-06-02 06:48:00,1.22478,1.22488,1.22408,1.22408,56
2005-06-02 06:49:00,1.22494,1.22538,1.22478,1.22478,22
2005-06-02 06:50:00,1.22514,1.22524,1.22484,1.22514,43
2005-06-02 06:51:00,1.22484,1.22524,1.22484,1.22514,34
2005-06-02 06:52:00,1.22524,1.22524,1.22464,1.22484,25
2005-06-02 06:53:00,1.22484,1.22544,1.22484,1.22514,53
2005-06-02 06:54:00,1.22464,1.22504,1.22464,1.22484,30
2005-06-02 06:55:00,1.22484,1.22494,1.22464,1.22464,42
2005-06-02 06:56:00,1.22454,1.22474,1.22444,1.22474,50
2005-06-02 06:57:00,1.22414,1.22464,1.22414,1.22454,31
2005-06-02 06:58:00,1.22418,1.22428,1.22404,1.22414,42
2005-06-02 06:59:00,1.22418,1.22438,1.22418,1.22418,44
2005-06-02 07:00:00,1.22368,1.22418,1.22358,1.22418,46
2005-06-02 07:01:00,1.22368,1.22368,1.22368,1.22368,28
2005-06-02 07:02:00,1.22348,1.22368,1.22338,1.22368,40
2005-06-02 07:03:00,1.22328,1.22358,1.22328,1.22348,52
2005-06-02 07:04:00,1.22348,1.22348,1.22318,1.22328,41
2005-06-02 07:05:00,1.22368,1.22368,1.22348,1.22348,35
2005-06-02 07:06:00,1.22378,1.22378,1.22368,1.22368,43
2005-06-02 07:07:00,1.22378,1.22378,1.22378,1.22378,26
2005-06-02 07:08:00,1.22398,1.22398,1.22358,1.22368,41
2005-06-02 07:09:00,1.22418,1.22418,1.22368,1.22398,58
2005-06-02 07:10:00,1.22418,1.22418,1.22408,1.22418,35
2005-06-02 07:11:00,1.22458,1.22468,1.22418,1.22418,47
2005-06-02 07:12:00,1.22488,1.22508,1.22458,1.22458,48
2005-06-02 07:13:00,1.22544,1.22544,1.22484,1.22488,48
2005-06-02 07:14:00,1.22564,1.22584,1.22534,1.22544,43
2005-06-02 07:15:00,1.22564,1.22584,1.22554,1.22574,25
2005-06-02 07:16:00,1.22564,1.22584,1.22554,1.22564,19
2005-06-02 07:17:00,1.22604,1.22614,1.22564,1.22564,31
2005-06-02 07:18:00,1.22634,1.22634,1.22594,1.22604,35
2005-06-02 07:19:00,1.22634,1.22644,1.22604,1.22634,15
2005-06-02 07:20:00,1.22604,1.22644,1.22604,1.22624,42
2005-06-02 07:21:00,1.22634,1.22634,1.22594,1.22604,31
2005-06-02 07:22:00,1.22634,1.22654,1.22614,1.22634,49
2005-06-02 07:23:00,1.22624,1.22654,1.22594,1.22634,58
2005-06-02 07:24:00,1.22634,1.22644,1.22624,1.22624,42
2005-06-02 07:25:00,1.22594,1.22634,1.22594,1.22634,37
2005-06-02 07:26:00,1.22624,1.22624,1.22584,1.22594,42
2005-06-02 07:27:00,1.22574,1.22624,1.22574,1.22624,39
2005-06-02 07:28:00,1.22564,1.22594,1.22564,1.22584,45
2005-06-02 07:29:00,1.22564,1.22564,1.22544,1.22554,40
2005-06-02 07:30:00,1.22544,1.22564,1.22544,1.22564,45
2005-06-02 07:31:00,1.22584,1.22584,1.22534,1.22554,57
2005-06-02 07:32:00,1.22614,1.22614,1.22574,1.22584,49
2005-06-02 07:33:00,1.22604,1.22604,1.22584,1.22604,46
2005-06-02 07:34:00,1.22624,1.22624,1.22604,1.22604,20
2005-06-02 07:35:00,1.22634,1.22654,1.22624,1.22624,58
2005-06-02 07:36:00,1.22654,1.22664,1.22624,1.22634,35
2005-06-02 07:37:00,1.22634,1.22658,1.22634,1.22654,48
2005-06-02 07:38:00,1.22654,1.22674,1.22634,1.22654,49
2005-06-02 07:39:00,1.22644,1.22664,1.22644,1.22664,38
2005-06-02 07:40:00,1.22624,1.22644,1.22614,1.22634,26
2005-06-02 07:41:00,1.22594,1.22624,1.22594,1.22624,38
2005-06-02 07:42:00,1.22594,1.22614,1.22594,1.22594,51
2005-06-02 07:43:00,1.22584,1.22594,1.22584,1.22594,36
2005-06-02 07:44:00,1.22594,1.22594,1.22574,1.22584,50
2005-06-02 07:45:00,1.22584,1.22604,1.22584,1.22594,37
2005-06-02 07:46:00,1.22574,1.22594,1.22574,1.22584,48
2005-06-02 07:47:00,1.22634,1.22634,1.22574,1.22574,42
2005-06-02 07:48:00,1.22644,1.22664,1.22624,1.22634,57
2005-06-02 07:49:00,1.22644,1.22654,1.22634,1.22654,37
2005-06-02 07:50:00,1.22654,1.22654,1.22634,1.22644,44
2005-06-02 07:51:00,1.22674,1.22684,1.22654,1.22654,48
2005-06-02 07:52:00,1.22688,1.22722,1.22674,1.22684,47
2005-06-02 07:53:00,1.22708,1.22718,1.22688,1.22688,38
2005-06-02 07:54:00,1.22728,1.22738,1.22708,1.22708,44
2005-06-02 07:55:00,1.22678,1.22728,1.22678,1.22728,35
2005-06-02 07:56:00,1.22708,1.22708,1.22688,1.22688,44
2005-06-02 07:57:00,1.22688,1.22708,1.22688,1.22708,39
2005-06-02 07:58:00,1.22668,1.22688,1.22668,1.22688,38
2005-06-02 07:59:00,1.22638,1.22668,1.22638,1.22668,37
2005-06-02 08:00:00,1.22628,1.22638,1.22628,1.22638,30
2005-06-02 08:01:00,1.22638,1.22638,1.22628,1.22628,47
2005-06-02 08:02:00,1.22628,1.22648,1.22618,1.22638,36
2005-06-02 08:03:00,1.22598,1.22638,1.22588,1.22618,51
2005-06-02 08:04:00,1.22588,1.22608,1.22588,1.22598,42
2005-06-02 08:05:00,1.22588,1.22588,1.22578,1.22588,40
2005-06-02 08:06:00,1.22584,1.22594,1.22574,1.22588,35
2005-06-02 08:07:00,1.22604,1.22614,1.22584,1.22584,39
2005-06-02 08:08:00,1.22594,1.22604,1.22594,1.22604,26
2005-06-02 08:09:00,1.22574,1.22594,1.22554,1.22594,35
2005-06-02 08:10:00,1.22574,1.22574,1.22564,1.22574,41
2005-06-02 08:11:00,1.22584,1.22584,1.22574,1.22574,39
2005-06-02 08:12:00,1.22584,1.22594,1.22574,1.22584,43
2005-06-02 08:13:00,1.22634,1.22634,1.22584,1.22584,43
2005-06-02 08:14:00,1.22648,1.22664,1.22614,1.22624,45
2005-06-02 08:15:00,1.22668,1.22678,1.22648,1.22648,53
2005-06-02 08:16:00,1.22688,1.22698,1.22668,1.22678,61
2005-06-02 08:17:00,1.22698,1.22758,1.22678,1.22688,49
2005-06-02 08:18:00,1.22718,1.22738,1.22708,1.22708,39
2005-06-02 08:19:00,1.22652,1.22718,1.22638,1.22718,37
2005-06-02 08:20:00,1.22664,1.22664,1.22624,1.22652,43
2005-06-02 08:21:00,1.22694,1.22694,1.22664,1.22664,52
2005-06-02 08:22:00,1.22694,1.22694,1.22674,1.22694,44
2005-06-02 08:23:00,1.22684,1.22694,1.22674,1.22694,42
2005-06-02 08:24:00,1.22674,1.22684,1.22664,1.22684,39
2005-06-02 08:25:00,1.22714,1.22724,1.22674,1.22674,48
2005-06-02 08:26:00,1.22708,1.22728,1.22698,1.22714,44
2005-06-02 08:27:00,1.22738,1.22748,1.22698,1.22698,47
2005-06-02 08:28:00,1.22738,1.22738,1.22718,1.22738,43
2005-06-02 08:29:00,1.22728,1.22738,1.22718,1.22738,44
2005-06-02 08:30:00,1.22728,1.22728,1.22718,1.22728,37
2005-06-02 08:31:00,1.22738,1.22738,1.22718,1.22728,36
2005-06-02 08:32:00,1.22728,1.22748,1.22728,1.22738,34
2005-06-02 08:33:00,1.22788,1.22818,1.22728,1.22728,54
2005-06-02 08:34:00,1.22788,1.22808,1.22788,1.22788,45
2005-06-02 08:35:00,1.22798,1.22818,1.22788,1.22788,22
2005-06-02 08:36:00,1.22778,1.22798,1.22778,1.22798,52
2005-06-02 08:37:00,1.22768,1.22778,1.22758,1.22778,40
2005-06-02 08:38:00,1.22778,1.22788,1.22768,1.22768,32
2005-06-02 08:39:00,1.22778,1.22778,1.22758,1.22778,38
2005-06-02 08:40:00,1.22778,1.22788,1.22768,1.22788,31
2005-06-02 08:41:00,1.22758,1.22778,1.22758,1.22778,42
2005-06-02 08:42:00,1.22748,1.22768,1.22748,1.22758,35
2005-06-02 08:43:00,1.22758,1.22768,1.22748,1.22748,36
2005-06-02 08:44:00,1.22758,1.22758,1.22748,1.22758,30
2005-06-02 08:45:00,1.22778,1.22778,1.22758,1.22758,23
2005-06-02 08:46:00,1.22758,1.22778,1.22758,1.22778,45
2005-06-02 08:47:00,1.22768,1.22768,1.22758,1.22758,30
2005-06-02 08:48:00,1.22768,1.22778,1.22768,1.22768,34
2005-06-02 08:49:00,1.22758,1.22788,1.22758,1.22768,43
2005-06-02 08:50:00,1.22818,1.22818,1.22758,1.22758,46
2005-06-02 08:51:00,1.22828,1.22828,1.22798,1.22818,49
2005-06-02 08:52:00,1.22818,1.22838,1.22788,1.22828,49
2005-06-02 08:53:00,1.22818,1.22838,1.22808,1.22818,46
2005-06-02 08:54:00,1.22848,1.22848,1.22818,1.22818,28
2005-06-02 08:55:00,1.22838,1.22838,1.22818,1.22838,36
2005-06-02 08:56:00,1.22838,1.22838,1.22818,1.22838,35
2005-06-02 08:57:00,1.22828,1.22838,1.22818,1.22838,45
2005-06-02 08:58:00,1.22818,1.22828,1.22818,1.22828,25
2005-06-02 08:59:00,1.22838,1.22838,1.22808,1.22818,21
2005-06-02 09:00:00,1.22878,1.22878,1.22848,1.22848,28
2005-06-02 09:01:00,1.22858,1.22878,1.22848,1.22868,45
2005-06-02 09:02:00,1.22908,1.22908,1.22848,1.22858,43
2005-06-02 09:03:00,1.22898,1.22918,1.22898,1.22918,58
2005-06-02 09:04:00,1.22928,1.22928,1.22898,1.22908,33
2005-06-02 09:05:00,1.22928,1.22938,1.22918,1.22938,19
2005-06-02 09:06:00,1.22918,1.22918,1.22908,1.22918,21
2005-06-02 09:07:00,1.22928,1.22948,1.22918,1.22918,46
2005-06-02 09:08:00,1.22928,1.22928,1.22908,1.22928,31
2005-06-02 09:09:00,1.22908,1.22928,1.22908,1.22928,33
2005-06-02 09:10:00,1.22918,1.22928,1.22908,1.22908,33
2005-06-02 09:11:00,1.22908,1.22918,1.22908,1.22918,39
2005-06-02 09:12:00,1.22898,1.22918,1.22898,1.22918,42
2005-06-02 09:13:00,1.22898,1.22898,1.22878,1.22898,30
2005-06-02 09:14:00,1.22878,1.22888,1.22878,1.22888,49
2005-06-02 09:15:00,1.22878,1.22878,1.22878,1.22878,22
2005-06-02 09:16:00,1.22888,1.22888,1.22868,1.22878,41
2005-06-02 09:17:00,1.22868,1.22898,1.22868,1.22888,41
2005-06-02 09:18:00,1.22854,1.22874,1.22854,1.22868,54
2005-06-02 09:19:00,1.22834,1.22864,1.22834,1.22854,46
2005-06-02 09:20:00,1.22838,1.22838,1.22818,1.22834,49
2005-06-02 09:21:00,1.22828,1.22848,1.22828,1.22838,36
2005-06-02 09:22:00,1.22838,1.22848,1.22838,1.22838,44
2005-06-02 09:23:00,1.22838,1.22838,1.22838,1.22838,19
2005-06-02 09:24:00,1.22848,1.22848,1.22838,1.22838,30
2005-06-02 09:25:00,1.22798,1.22848,1.22788,1.22848,38
2005-06-02 09:26:00,1.22808,1.22808,1.22798,1.22798,27
2005-06-02 09:27:00,1.22828,1.22828,1.22798,1.22808,31
2005-06-02 09:28:00,1.22808,1.22838,1.22808,1.22828,43
2005-06-02 09:29:00,1.22818,1.22828,1.22808,1.22808,38
2005-06-02 09:30:00,1.22818,1.22828,1.22818,1.22818,35
2005-06-02 09:31:00,1.22798,1.22818,1.22788,1.22818,43
2005-06-02 09:32:00,1.22798,1.22798,1.22788,1.22798,32
2005-06-02 09:33:00,1.22778,1.22798,1.22778,1.22798,35
2005-06-02 09:34:00,1.22778,1.22788,1.22778,1.22778,39
2005-06-02 09:35:00,1.22788,1.22808,1.22778,1.22778,44
2005-06-02 09:36:00,1.22798,1.22808,1.22788,1.22788,42
2005-06-02 09:37:00,1.22788,1.22808,1.22788,1.22788,41
2005-06-02 09:38:00,1.22778,1.22788,1.22758,1.22788,53
2005-06-02 09:39:00,1.22768,1.22788,1.22768,1.22778,39
2005-06-02 09:40:00,1.22768,1.22778,1.22768,1.22778,32
2005-06-02 09:41:00,1.22788,1.22798,1.22768,1.22768,35
2005-06-02 09:42:00,1.22798,1.22808,1.22778,1.22788,51
2005-06-02 09:43:00,1.22808,1.22828,1.22798,1.22798,45
2005-06-02 09:44:00,1.22808,1.22818,1.22808,1.22808,26
2005-06-02 09:45:00,1.22808,1.22808,1.22788,1.22808,30
2005-06-02 09:46:00,1.22818,1.22818,1.22808,1.22808,29
2005-06-02 09:47:00,1.22848,1.22848,1.22818,1.22818,48
2005-06-02 09:48:00,1.22848,1.22858,1.22848,1.22848,32
2005-06-02 09:49:00,1.22888,1.22888,1.22838,1.22848,46
2005-06-02 09:50:00,1.22848,1.22888,1.22848,1.22888,47
2005-06-02 09:51:00,1.22848,1.22858,1.22838,1.22858,41
2005-06-02 09:52:00,1.22848,1.22848,1.22838,1.22848,30
2005-06-02 09:53:00,1.22858,1.22868,1.22848,1.22848,49
2005-06-02 09:54:00,1.22878,1.22878,1.22848,1.22858,39
2005-06-02 09:55:00,1.22878,1.22878,1.22858,1.22868,39
2005-06-02 09:56:00,1.22838,1.22878,1.22838,1.22878,32
2005-06-02 09:57:00,1.22788,1.22838,1.22788,1.22828,52
2005-06-02 09:58:00,1.22668,1.22788,1.22658,1.22788,66
2005-06-02 09:59:00,1.22658,1.22668,1.22638,1.22668,55
2005-06-02 10:00:00,1.22678,1.22688,1.22658,1.22658,34
2005-06-02 10:01:00,1.22688,1.22698,1.22678,1.22678,43
2005-06-02 10:02:00,1.22658,1.22708,1.22658,1.22688,45
2005-06-02 10:03:00,1.22628,1.22658,1.22618,1.22658,46
2005-06-02 10:04:00,1.22648,1.22648,1.22628,1.22638,38
2005-06-02 10:05:00,1.22638,1.22658,1.22628,1.22648,36
2005-06-02 10:06:00,1.22638,1.22638,1.22628,1.22638,37
2005-06-02 10:07:00,1.22638,1.22638,1.22618,1.22638,39
2005-06-02 10:08:00,1.22638,1.22638,1.22618,1.22638,32
2005-06-02 10:09:00,1.22638,1.22638,1.22628,1.22628,23
2005-06-02 10:10:00,1.22618,1.22648,1.22608,1.22638,48
2005-06-02 10:11:00,1.22638,1.22638,1.22618,1.22618,34
2005-06-02 10:12:00,1.22628,1.22638,1.22628,1.22638,25
2005-06-02 10:13:00,1.22608,1.22628,1.22598,1.22628,35
2005-06-02 10:14:00,1.22608,1.22608,1.22598,1.22608,37
2005-06-02 10:15:00,1.22628,1.22628,1.22608,1.22608,30
2005-06-02 10:16:00,1.22638,1.22638,1.22628,1.22628,22
2005-06-02 10:17:00,1.22618,1.22638,1.22618,1.22638,28
2005-06-02 10:18:00,1.22618,1.22628,1.22618,1.22618,27
2005-06-02 10:19:00,1.22598,1.22618,1.22578,1.22618,49
2005-06-02 10:20:00,1.22628,1.22628,1.22608,1.22608,43
2005-06-02 10:21:00,1.22628,1.22628,1.22618,1.22628,26
2005-06-02 10:22:00,1.22618,1.22628,1.22608,1.22628,35
2005-06-02 10:23:00,1.22632,1.22632,1.22618,1.22618,27
2005-06-02 10:24:00,1.22622,1.22642,1.22612,1.22642,37
2005-06-02 10:25:00,1.22622,1.22632,1.22622,1.22622,31
2005-06-02 10:26:00,1.22622,1.22632,1.22622,1.22632,35
2005-06-02 10:27:00,1.22612,1.22632,1.22612,1.22632,31
2005-06-02 10:28:00,1.22592,1.22612,1.22592,1.22612,48
2005-06-02 10:29:00,1.22562,1.22582,1.22562,1.22582,37
2005-06-02 10:30:00,1.22572,1.22572,1.22552,1.22562,37
2005-06-02 10:31:00,1.22562,1.22572,1.22562,1.22572,38
2005-06-02 10:32:00,1.22572,1.22572,1.22562,1.22562,42
2005-06-02 10:33:00,1.22572,1.22582,1.22572,1.22572,46
2005-06-02 10:34:00,1.22562,1.22582,1.22562,1.22572,37
2005-06-02 10:35:00,1.22582,1.22592,1.22562,1.22562,45
2005-06-02 10:36:00,1.22592,1.22592,1.22572,1.22582,32
2005-06-02 10:37:00,1.22612,1.22612,1.22582,1.22592,43
2005-06-02 10:38:00,1.22632,1.22632,1.22612,1.22612,44
2005-06-02 10:39:00,1.22642,1.22652,1.22632,1.22632,45
2005-06-02 10:40:00,1.22642,1.22652,1.22642,1.22652,38
2005-06-02 10:41:00,1.22702,1.22702,1.22652,1.22652,38
2005-06-02 10:42:00,1.22748,1.22768,1.22712,1.22712,54
2005-06-02 10:43:00,1.22778,1.22788,1.22728,1.22738,43
2005-06-02 10:44:00,1.22758,1.22788,1.22748,1.22768,43
2005-06-02 10:45:00,1.22808,1.22828,1.22758,1.22758,49
2005-06-02 10:46:00,1.22768,1.22808,1.22758,1.22808,46
2005-06-02 10:47:00,1.22738,1.22768,1.22728,1.22768,47
2005-06-02 10:48:00,1.22728,1.22748,1.22728,1.22738,41
2005-06-02 10:49:00,1.22768,1.22768,1.22728,1.22728,40
2005-06-02 10:50:00,1.22788,1.22828,1.22768,1.22768,46
2005-06-02 10:51:00,1.22768,1.22798,1.22768,1.22788,45
2005-06-02 10:52:00,1.22768,1.22778,1.22758,1.22768,50
2005-06-02 10:53:00,1.22768,1.22778,1.22758,1.22768,42
2005-06-02 10:54:00,1.22758,1.22768,1.22748,1.22768,38
2005-06-02 10:55:00,1.22718,1.22758,1.22708,1.22748,52
2005-06-02 10:56:00,1.22738,1.22738,1.22718,1.22718,46
2005-06-02 10:57:00,1.22688,1.22738,1.22688,1.22738,41
2005-06-02 10:58:00,1.22638,1.22688,1.22638,1.22688,42
2005-06-02 10:59:00,1.22648,1.22668,1.22638,1.22638,42
2005-06-02 11:00:00,1.22658,1.22668,1.22648,1.22648,49
2005-06-02 11:01:00,1.22648,1.22668,1.22648,1.22658,41
2005-06-02 11:02:00,1.22638,1.22658,1.22638,1.22648,39
2005-06-02 11:03:00,1.22608,1.22648,1.22608,1.22638,57
2005-06-02 11:04:00,1.22608,1.22618,1.22588,1.22608,44
2005-06-02 11:05:00,1.22638,1.22638,1.22608,1.22608,27
2005-06-02 11:06:00,1.22638,1.22638,1.22628,1.22638,30
2005-06-02 11:07:00,1.22658,1.22658,1.22638,1.22638,36
2005-06-02 11:08:00,1.22658,1.22668,1.22658,1.22658,35
2005-06-02 11:09:00,1.22668,1.22668,1.22658,1.22658,31
2005-06-02 11:10:00,1.22678,1.22678,1.22658,1.22668,34
2005-06-02 11:11:00,1.22678,1.22678,1.22668,1.22678,36
2005-06-02 11:12:00,1.22678,1.22678,1.22678,1.22678,19
2005-06-02 11:13:00,1.22668,1.22678,1.22668,1.22678,26
2005-06-02 11:14:00,1.22658,1.22668,1.22658,1.22668,20
2005-06-02 11:15:00,1.22658,1.22658,1.22658,1.22658,10
2005-06-02 11:16:00,1.22658,1.22658,1.22658,1.22658,14
2005-06-02 11:17:00,1.22658,1.22658,1.22658,1.22658,10
2005-06-02 11:18:00,1.22658,1.22668,1.22648,1.22658,22
2005-06-02 11:19:00,1.22668,1.22668,1.22658,1.22658,35
2005-06-02 11:20:00,1.22658,1.22668,1.22648,1.22668,38
2005-06-02 11:21:00,1.22648,1.22658,1.22648,1.22658,30
2005-06-02 11:22:00,1.22638,1.22648,1.22638,1.22648,27
2005-06-02 11:23:00,1.22638,1.22648,1.22638,1.22638,33
2005-06-02 11:24:00,1.22628,1.22648,1.22608,1.22638,32
2005-06-02 11:25:00,1.22628,1.22638,1.22628,1.22628,39
2005-06-02 11:26:00,1.22624,1.22628,1.22608,1.22628,49
2005-06-02 11:27:00,1.22624,1.22624,1.22624,1.22624,22
2005-06-02 11:28:00,1.22624,1.22634,1.22614,1.22624,47
2005-06-02 11:29:00,1.22634,1.22644,1.22624,1.22624,44
2005-06-02 11:30:00,1.22624,1.22634,1.22624,1.22634,29
2005-06-02 11:31:00,1.22624,1.22634,1.22624,1.22634,20
2005-06-02 11:32:00,1.22624,1.22624,1.22614,1.22624,33
2005-06-02 11:33:00,1.22644,1.22644,1.22624,1.22624,33
2005-06-02 11:34:00,1.22644,1.22654,1.22644,1.22644,37
2005-06-02 11:35:00,1.22674,1.22694,1.22644,1.22644,48
2005-06-02 11:36:00,1.22698,1.2271,1.22668,1.22674,52
2005-06-02 11:37:00,1.22698,1.22708,1.22698,1.22698,30
2005-06-02 11:38:00,1.22698,1.22718,1.22688,1.22698,45
2005-06-02 11:39:00,1.22678,1.22708,1.22678,1.22698,45
2005-06-02 11:40:00,1.22718,1.22738,1.22688,1.22688,45
2005-06-02 11:41:00,1.22698,1.22728,1.22688,1.22718,56
2005-06-02 11:42:00,1.22708,1.22708,1.22688,1.22698,33
2005-06-02 11:43:00,1.22708,1.22708,1.22698,1.22708,30
2005-06-02 11:44:00,1.22708,1.22708,1.22688,1.22708,46
2005-06-02 11:45:00,1.22678,1.22718,1.22678,1.22708,51
2005-06-02 11:46:00,1.22698,1.22698,1.22658,1.22678,46
2005-06-02 11:47:00,1.22668,1.22688,1.22658,1.22688,51
2005-06-02 11:48:00,1.22678,1.22678,1.22668,1.22668,38
2005-06-02 11:49:00,1.22688,1.22698,1.22678,1.22688,44
2005-06-02 11:50:00,1.22678,1.22698,1.22668,1.22688,42
2005-06-02 11:51:00,1.22678,1.22688,1.22668,1.22678,46
2005-06-02 11:52:00,1.22668,1.22678,1.22668,1.22678,33
2005-06-02 11:53:00,1.22638,1.22668,1.22638,1.22668,35
2005-06-02 11:54:00,1.22638,1.22638,1.22628,1.22638,44
2005-06-02 11:55:00,1.22618,1.22638,1.22608,1.22638,46
2005-06-02 11:56:00,1.22618,1.22628,1.22618,1.22618,37
2005-06-02 11:57:00,1.22608,1.22618,1.22598,1.22618,45
2005-06-02 11:58:00,1.22618,1.22618,1.22608,1.22618,32
2005-06-02 11:59:00,1.22608,1.22618,1.22598,1.22618,47
2005-06-02 12:00:00,1.22608,1.22618,1.22608,1.22608,31
2005-06-02 12:01:00,1.22618,1.22618,1.22598,1.22618,46
2005-06-02 12:02:00,1.22648,1.22648,1.22618,1.22618,56
2005-06-02 12:03:00,1.22648,1.22658,1.22638,1.22648,34
2005-06-02 12:04:00,1.22658,1.22668,1.22648,1.22648,36
2005-06-02 12:05:00,1.22668,1.22678,1.22658,1.22658,31
2005-06-02 12:06:00,1.22658,1.22668,1.22638,1.22668,46
2005-06-02 12:07:00,1.22658,1.22658,1.22638,1.22658,43
2005-06-02 12:08:00,1.22638,1.22658,1.22628,1.22658,37
2005-06-02 12:09:00,1.22628,1.22638,1.22618,1.22638,23
2005-06-02 12:10:00,1.22628,1.22628,1.22628,1.22628,20
2005-06-02 12:11:00,1.22608,1.22628,1.22608,1.22628,40
2005-06-02 12:12:00,1.22618,1.22618,1.22608,1.22608,32
2005-06-02 12:13:00,1.22618,1.22638,1.22618,1.22618,36
2005-06-02 12:14:00,1.22628,1.22638,1.22608,1.22618,30
2005-06-02 12:15:00,1.22638,1.22638,1.22638,1.22638,22
2005-06-02 12:16:00,1.22658,1.22668,1.22638,1.22638,45
2005-06-02 12:17:00,1.22668,1.22688,1.22658,1.22658,51
2005-06-02 12:18:00,1.22668,1.22668,1.22668,1.22668,18
2005-06-02 12:19:00,1.22648,1.22658,1.22648,1.22658,40
2005-06-02 12:20:00,1.22658,1.22658,1.22648,1.22648,36
2005-06-02 12:21:00,1.22658,1.22658,1.22648,1.22658,20
2005-06-02 12:22:00,1.22668,1.22668,1.22638,1.22658,44
2005-06-02 12:23:00,1.22658,1.22668,1.22658,1.22668,40
2005-06-02 12:24:00,1.22668,1.22668,1.22658,1.22658,27
2005-06-02 12:25:00,1.2266,1.2267,1.22658,1.22668,37
2005-06-02 12:26:00,1.2263,1.2266,1.2263,1.2266,43
2005-06-02 12:27:00,1.2265,1.2265,1.2262,1.2263,42
2005-06-02 12:28:00,1.2266,1.2269,1.2265,1.2265,51
2005-06-02 12:29:00,1.2267,1.2269,1.2266,1.2266,47
2005-06-02 12:30:00,1.2267,1.2272,1.2266,1.227,64
2005-06-02 12:31:00,1.227,1.2271,1.2266,1.2268,50
2005-06-02 12:32:00,1.2271,1.2271,1.2268,1.227,47
2005-06-02 12:33:00,1.22668,1.227,1.22668,1.227,50
2005-06-02 12:34:00,1.22678,1.22678,1.22658,1.22668,51
2005-06-02 12:35:00,1.22678,1.22708,1.22678,1.22678,48
2005-06-02 12:36:00,1.22668,1.22688,1.22648,1.22678,41
2005-06-02 12:37:00,1.22688,1.22688,1.22668,1.22668,43
2005-06-02 12:38:00,1.22688,1.22698,1.22668,1.22688,49
2005-06-02 12:39:00,1.22678,1.22688,1.22668,1.22688,48
2005-06-02 12:40:00,1.22668,1.22688,1.22668,1.22678,38
2005-06-02 12:41:00,1.22678,1.22678,1.22668,1.22668,32
2005-06-02 12:42:00,1.22668,1.22678,1.22668,1.22678,37
2005-06-02 12:43:00,1.22688,1.22688,1.22668,1.22668,36
2005-06-02 12:44:00,1.22678,1.22688,1.22668,1.22688,43
2005-06-02 12:45:00,1.22688,1.22708,1.22678,1.22678,45
2005-06-02 12:46:00,1.22688,1.22708,1.22688,1.22688,36
2005-06-02 12:47:00,1.22688,1.22698,1.22678,1.22688,40
2005-06-02 12:48:00,1.22678,1.22688,1.22668,1.22688,44
2005-06-02 12:49:00,1.22658,1.22678,1.22658,1.22678,42
2005-06-02 12:50:00,1.22678,1.22678,1.22658,1.22658,45
2005-06-02 12:51:00,1.22678,1.22678,1.22668,1.22668,36
2005-06-02 12:52:00,1.22688,1.22688,1.22678,1.22678,27
2005-06-02 12:53:00,1.22668,1.22688,1.22668,1.22688,36
2005-06-02 12:54:00,1.22678,1.22678,1.22668,1.22668,41
2005-06-02 12:55:00,1.22688,1.22688,1.22668,1.22668,46
2005-06-02 12:56:00,1.22658,1.22688,1.22648,1.22688,38
2005-06-02 12:57:00,1.22638,1.22658,1.22638,1.22658,39
2005-06-02 12:58:00,1.22638,1.22638,1.22638,1.22638,26
2005-06-02 12:59:00,1.22668,1.22668,1.22638,1.22638,37
2005-06-02 13:00:00,1.22678,1.22678,1.22658,1.22668,46
2005-06-02 13:01:00,1.22688,1.22688,1.22678,1.22678,35
2005-06-02 13:02:00,1.22668,1.22688,1.22668,1.22688,30
2005-06-02 13:03:00,1.22638,1.22668,1.22638,1.22668,32
2005-06-02 13:04:00,1.22658,1.22658,1.22638,1.22638,35
2005-06-02 13:05:00,1.22658,1.22668,1.22648,1.22658,43
2005-06-02 13:06:00,1.22652,1.22662,1.22652,1.22658,42
2005-06-02 13:07:00,1.22652,1.22662,1.22642,1.22652,25
2005-06-02 13:08:00,1.22642,1.22662,1.22642,1.22652,27
2005-06-02 13:09:00,1.22642,1.22642,1.22632,1.22642,32
2005-06-02 13:10:00,1.22632,1.22642,1.22632,1.22642,27
2005-06-02 13:11:00,1.22632,1.22642,1.22622,1.22632,46
2005-06-02 13:12:00,1.22582,1.22622,1.22572,1.22622,45
2005-06-02 13:13:00,1.2254,1.22582,1.2253,1.22572,44
2005-06-02 13:14:00,1.2251,1.2255,1.2251,1.2255,40
2005-06-02 13:15:00,1.2249,1.2253,1.2249,1.2252,52
2005-06-02 13:16:00,1.2249,1.225,1.2247,1.2249,47
2005-06-02 13:17:00,1.2253,1.2253,1.2249,1.2249,50
2005-06-02 13:18:00,1.2251,1.2254,1.225,1.2253,43
2005-06-02 13:19:00,1.2252,1.2253,1.225,1.2251,45
2005-06-02 13:20:00,1.2253,1.2253,1.2252,1.2252,34
2005-06-02 13:21:00,1.2252,1.2253,1.225,1.2253,42
2005-06-02 13:22:00,1.2253,1.2253,1.2251,1.2252,32
2005-06-02 13:23:00,1.2252,1.2253,1.2252,1.2253,39
2005-06-02 13:24:00,1.2252,1.2253,1.2251,1.2253,39
2005-06-02 13:25:00,1.2255,1.2257,1.2253,1.2253,49
2005-06-02 13:26:00,1.2255,1.2257,1.2255,1.2255,49
2005-06-02 13:27:00,1.2256,1.2257,1.2255,1.2255,39
2005-06-02 13:28:00,1.2254,1.2256,1.2254,1.2256,34
2005-06-02 13:29:00,1.2255,1.2255,1.2253,1.2254,45
2005-06-02 13:30:00,1.2254,1.2255,1.2254,1.2255,32
2005-06-02 13:31:00,1.2258,1.2258,1.2254,1.2254,37
2005-06-02 13:32:00,1.2257,1.2259,1.2257,1.2258,38
2005-06-02 13:33:00,1.2257,1.2257,1.2256,1.2257,22
2005-06-02 13:34:00,1.2258,1.2259,1.2257,1.2257,33
2005-06-02 13:35:00,1.2258,1.2258,1.2258,1.2258,19
2005-06-02 13:36:00,1.2258,1.2258,1.2257,1.2258,31
2005-06-02 13:37:00,1.2255,1.2258,1.2255,1.2257,36
2005-06-02 13:38:00,1.2256,1.2256,1.2253,1.2255,37
2005-06-02 13:39:00,1.2251,1.2256,1.2251,1.2256,41
2005-06-02 13:40:00,1.2249,1.2251,1.2249,1.225,38
2005-06-02 13:41:00,1.2249,1.225,1.2248,1.2249,45
2005-06-02 13:42:00,1.2247,1.225,1.2246,1.2249,52
2005-06-02 13:43:00,1.2244,1.2247,1.2244,1.2247,47
2005-06-02 13:44:00,1.2244,1.2246,1.2244,1.2244,38
2005-06-02 13:45:00,1.224,1.2244,1.224,1.2243,50
2005-06-02 13:46:00,1.2242,1.2242,1.224,1.224,44
2005-06-02 13:47:00,1.2243,1.2243,1.2241,1.2242,43
2005-06-02 13:48:00,1.2242,1.2242,1.224,1.2242,46
2005-06-02 13:49:00,1.2239,1.2244,1.2238,1.2242,37
2005-06-02 13:50:00,1.2241,1.2241,1.2238,1.2239,46
2005-06-02 13:51:00,1.2242,1.2243,1.2241,1.2241,45
2005-06-02 13:52:00,1.2239,1.2242,1.2238,1.2242,41
2005-06-02 13:53:00,1.2241,1.2242,1.2239,1.2239,44
2005-06-02 13:54:00,1.224,1.2241,1.2239,1.2241,42
2005-06-02 13:55:00,1.2238,1.2241,1.2235,1.2241,53
2005-06-02 13:56:00,1.2237,1.2242,1.2237,1.2239,58
2005-06-02 13:57:00,1.224,1.2241,1.2237,1.2237,47
2005-06-02 13:58:00,1.2237,1.224,1.2235,1.224,37
2005-06-02 13:59:00,1.224,1.2241,1.2237,1.2237,49
2005-06-02 14:00:00,1.2243,1.2243,1.2239,1.224,42
2005-06-02 14:01:00,1.2245,1.2245,1.2241,1.2243,52
2005-06-02 14:02:00,1.2246,1.2249,1.2244,1.2245,53
2005-06-02 14:03:00,1.2247,1.2249,1.2246,1.2246,42
2005-06-02 14:04:00,1.2249,1.2249,1.2246,1.2247,37
2005-06-02 14:05:00,1.2247,1.2249,1.2247,1.2249,33
2005-06-02 14:06:00,1.225,1.2251,1.2248,1.2248,47
2005-06-02 14:07:00,1.2251,1.2251,1.225,1.225,45
2005-06-02 14:08:00,1.2247,1.2251,1.2247,1.2251,45
2005-06-02 14:09:00,1.2246,1.2247,1.2245,1.2247,29
2005-06-02 14:10:00,1.2249,1.2249,1.2246,1.2246,41
2005-06-02 14:11:00,1.2253,1.2254,1.2249,1.2249,45
2005-06-02 14:12:00,1.2257,1.2258,1.2253,1.2253,49
2005-06-02 14:13:00,1.2259,1.2261,1.2257,1.2257,34
2005-06-02 14:14:00,1.2267,1.2268,1.2259,1.2259,41
2005-06-02 14:15:00,1.2264,1.2267,1.2264,1.2267,42
2005-06-02 14:16:00,1.2262,1.2264,1.2262,1.2264,35
2005-06-02 14:17:00,1.2267,1.2267,1.2262,1.2263,45
2005-06-02 14:18:00,1.2264,1.2267,1.2263,1.2267,49
2005-06-02 14:19:00,1.2267,1.2269,1.2264,1.2264,45
2005-06-02 14:20:00,1.2272,1.2272,1.2267,1.2267,42
2005-06-02 14:21:00,1.2278,1.2279,1.2272,1.2272,52
2005-06-02 14:22:00,1.228,1.2282,1.2278,1.2278,43
2005-06-02 14:23:00,1.2278,1.2282,1.2277,1.228,46
2005-06-02 14:24:00,1.2275,1.2277,1.2274,1.2277,38
2005-06-02 14:25:00,1.2276,1.228,1.2274,1.2275,54
2005-06-02 14:26:00,1.2279,1.2279,1.2276,1.2276,51
2005-06-02 14:27:00,1.2277,1.228,1.2277,1.2279,40
2005-06-02 14:28:00,1.2276,1.2277,1.2276,1.2277,42
2005-06-02 14:29:00,1.2276,1.2276,1.2274,1.2276,38
2005-06-02 14:30:00,1.2276,1.2279,1.2274,1.2276,51
2005-06-02 14:31:00,1.2279,1.2281,1.2275,1.2276,54
2005-06-02 14:32:00,1.2277,1.228,1.2277,1.228,45
2005-06-02 14:33:00,1.2277,1.2277,1.2275,1.2277,38
2005-06-02 14:34:00,1.2276,1.2277,1.2275,1.2277,47
2005-06-02 14:35:00,1.2277,1.2277,1.2276,1.2276,39
2005-06-02 14:36:00,1.2277,1.2279,1.2276,1.2277,48
2005-06-02 14:37:00,1.2276,1.2278,1.2276,1.2277,48
2005-06-02 14:38:00,1.2277,1.2277,1.2276,1.2276,43
2005-06-02 14:39:00,1.2277,1.2278,1.2275,1.2277,45
2005-06-02 14:40:00,1.2275,1.2277,1.2275,1.2277,41
2005-06-02 14:41:00,1.2275,1.2276,1.2274,1.2275,42
2005-06-02 14:42:00,1.2274,1.2275,1.2273,1.2275,44
2005-06-02 14:43:00,1.2275,1.2275,1.2273,1.2274,44
2005-06-02 14:44:00,1.2279,1.228,1.2275,1.2275,40
2005-06-02 14:45:00,1.2282,1.2282,1.2279,1.2279,57
2005-06-02 14:46:00,1.2286,1.2288,1.2281,1.2282,50
2005-06-02 14:47:00,1.2286,1.2288,1.2285,1.2286,59
2005-06-02 14:48:00,1.2286,1.2288,1.2286,1.2286,43
2005-06-02 14:49:00,1.2286,1.2287,1.2284,1.2286,44
2005-06-02 14:50:00,1.2284,1.2286,1.2284,1.2286,52
2005-06-02 14:51:00,1.2285,1.2285,1.2284,1.2284,24
2005-06-02 14:52:00,1.2283,1.2285,1.2283,1.2285,26
2005-06-02 14:53:00,1.2281,1.2283,1.2281,1.2283,40
2005-06-02 14:54:00,1.228,1.2281,1.2279,1.2281,32
2005-06-02 14:55:00,1.228,1.228,1.228,1.228,18
2005-06-02 14:56:00,1.2283,1.2283,1.228,1.228,31
2005-06-02 14:57:00,1.2284,1.2286,1.2283,1.2283,53
2005-06-02 14:58:00,1.2286,1.2286,1.2284,1.2284,36
2005-06-02 14:59:00,1.2283,1.2287,1.2283,1.2286,36
2005-06-02 15:00:00,1.2284,1.2287,1.2283,1.2283,52
2005-06-02 15:01:00,1.2281,1.2284,1.2281,1.2284,41
2005-06-02 15:02:00,1.2283,1.2284,1.2281,1.2281,38
2005-06-02 15:03:00,1.2283,1.2285,1.2283,1.2283,48
2005-06-02 15:04:00,1.2284,1.2286,1.2283,1.2283,40
2005-06-02 15:05:00,1.2286,1.2287,1.2284,1.2284,41
2005-06-02 15:06:00,1.2286,1.2289,1.2286,1.2286,47
2005-06-02 15:07:00,1.2288,1.2288,1.2285,1.2286,52
2005-06-02 15:08:00,1.2291,1.2292,1.2288,1.2288,46
2005-06-02 15:09:00,1.229,1.2297,1.229,1.2292,51
2005-06-02 15:10:00,1.2287,1.229,1.2287,1.229,47
2005-06-02 15:11:00,1.2292,1.2294,1.2287,1.2287,48
2005-06-02 15:12:00,1.2291,1.2292,1.2289,1.2292,44
2005-06-02 15:13:00,1.2291,1.2293,1.229,1.2291,41
2005-06-02 15:14:00,1.2288,1.2292,1.2286,1.2291,46
2005-06-02 15:15:00,1.2284,1.2288,1.2283,1.2288,54
2005-06-02 15:16:00,1.2278,1.2284,1.2278,1.2284,42
2005-06-02 15:17:00,1.2278,1.2279,1.2275,1.2278,55
2005-06-02 15:18:00,1.2277,1.2277,1.227,1.2277,56
2005-06-02 15:19:00,1.2282,1.2283,1.2276,1.2277,57
2005-06-02 15:20:00,1.2283,1.2283,1.2278,1.2282,51
2005-06-02 15:21:00,1.2284,1.2284,1.2282,1.2282,44
2005-06-02 15:22:00,1.2285,1.2286,1.2283,1.2284,43
2005-06-02 15:23:00,1.2284,1.2285,1.2282,1.2285,47
2005-06-02 15:24:00,1.2281,1.2284,1.2281,1.2283,43
2005-06-02 15:25:00,1.2283,1.2283,1.228,1.2281,46
2005-06-02 15:26:00,1.2283,1.2284,1.2282,1.2284,45
2005-06-02 15:27:00,1.228,1.2283,1.228,1.2283,42
2005-06-02 15:28:00,1.2284,1.2284,1.228,1.228,45
2005-06-02 15:29:00,1.2283,1.2284,1.2283,1.2284,38
2005-06-02 15:30:00,1.2284,1.2285,1.2282,1.2283,49
2005-06-02 15:31:00,1.2284,1.2286,1.2284,1.2284,40
2005-06-02 15:32:00,1.2284,1.2284,1.2283,1.2283,45
2005-06-02 15:33:00,1.2288,1.2288,1.2284,1.2284,42
2005-06-02 15:34:00,1.2289,1.2289,1.2287,1.2289,46
2005-06-02 15:35:00,1.2289,1.2292,1.2287,1.2289,47
2005-06-02 15:36:00,1.2286,1.2289,1.2286,1.2289,38
2005-06-02 15:37:00,1.2283,1.2287,1.2283,1.2286,41
2005-06-02 15:38:00,1.2284,1.2285,1.2282,1.2283,47
2005-06-02 15:39:00,1.2285,1.2286,1.2284,1.2285,40
2005-06-02 15:40:00,1.2283,1.2286,1.2282,1.2285,43
2005-06-02 15:41:00,1.2279,1.2283,1.2279,1.2283,52
2005-06-02 15:42:00,1.2276,1.228,1.2275,1.2279,50
2005-06-02 15:43:00,1.2277,1.2277,1.2275,1.2276,50
2005-06-02 15:44:00,1.2277,1.2279,1.2277,1.2277,39
2005-06-02 15:45:00,1.228,1.228,1.2277,1.2277,40
2005-06-02 15:46:00,1.2281,1.2282,1.2279,1.2281,50
2005-06-02 15:47:00,1.2278,1.2284,1.2278,1.2282,53
2005-06-02 15:48:00,1.2278,1.2279,1.2277,1.2278,45
2005-06-02 15:49:00,1.2275,1.2278,1.2274,1.2278,48
2005-06-02 15:50:00,1.2277,1.2277,1.227,1.2275,57
2005-06-02 15:51:00,1.2273,1.2278,1.2273,1.2276,54
2005-06-02 15:52:00,1.2268,1.2273,1.2267,1.2273,49
2005-06-02 15:53:00,1.2269,1.227,1.2268,1.2268,54
2005-06-02 15:54:00,1.2267,1.227,1.2267,1.2269,38
2005-06-02 15:55:00,1.2263,1.2268,1.2263,1.2267,49
2005-06-02 15:56:00,1.2265,1.2266,1.2261,1.2264,57
2005-06-02 15:57:00,1.2266,1.2267,1.2264,1.2265,40
2005-06-02 15:58:00,1.2267,1.2268,1.2265,1.2266,44
2005-06-02 15:59:00,1.2266,1.2268,1.2264,1.2267,47
2005-06-02 16:00:00,1.2264,1.2266,1.2263,1.2266,34
2005-06-02 16:01:00,1.2262,1.2264,1.2261,1.2263,43
2005-06-02 16:02:00,1.2263,1.2264,1.2261,1.2262,41
2005-06-02 16:03:00,1.2265,1.2265,1.2263,1.2263,39
2005-06-02 16:04:00,1.2267,1.2268,1.2266,1.2266,39
2005-06-02 16:05:00,1.2266,1.2268,1.2266,1.2267,44
2005-06-02 16:06:00,1.2268,1.2268,1.2266,1.2266,30
2005-06-02 16:07:00,1.2268,1.227,1.2268,1.2268,39
2005-06-02 16:08:00,1.2268,1.2269,1.2268,1.2268,45
2005-06-02 16:09:00,1.2269,1.2269,1.2268,1.2268,32
2005-06-02 16:10:00,1.2269,1.2269,1.2268,1.2269,39
2005-06-02 16:11:00,1.2271,1.2273,1.2268,1.2269,60
2005-06-02 16:12:00,1.227,1.2271,1.2269,1.2271,46
2005-06-02 16:13:00,1.227,1.227,1.227,1.227,19
2005-06-02 16:14:00,1.227,1.2271,1.2269,1.227,34
2005-06-02 16:15:00,1.2268,1.227,1.2268,1.227,38
2005-06-02 16:16:00,1.2267,1.2268,1.2266,1.2268,50
2005-06-02 16:17:00,1.2267,1.2268,1.2266,1.2267,43
2005-06-02 16:18:00,1.2268,1.2268,1.2266,1.2267,40
2005-06-02 16:19:00,1.2268,1.2268,1.2268,1.2268,16
2005-06-02 16:20:00,1.2267,1.2268,1.2267,1.2268,18
2005-06-02 16:21:00,1.2267,1.2268,1.2267,1.2267,17
2005-06-02 16:22:00,1.2267,1.2268,1.2267,1.2267,34
2005-06-02 16:23:00,1.2269,1.2269,1.2267,1.2267,39
2005-06-02 16:24:00,1.2269,1.2269,1.2268,1.2268,19
2005-06-02 16:25:00,1.227,1.227,1.2269,1.2269,26
2005-06-02 16:26:00,1.2269,1.227,1.2269,1.227,31
2005-06-02 16:27:00,1.227,1.227,1.2268,1.2269,35
2005-06-02 16:28:00,1.2269,1.227,1.2269,1.227,38
2005-06-02 16:29:00,1.2269,1.227,1.2269,1.2269,29
2005-06-02 16:30:00,1.2269,1.227,1.2269,1.2269,33
2005-06-02 16:31:00,1.2266,1.2268,1.2266,1.2268,45
2005-06-02 16:32:00,1.2266,1.2266,1.2266,1.2266,33
2005-06-02 16:33:00,1.2266,1.2267,1.2266,1.2267,24
2005-06-02 16:34:00,1.2267,1.2267,1.2266,1.2266,35
2005-06-02 16:35:00,1.2267,1.2267,1.2266,1.2266,30
2005-06-02 16:36:00,1.2267,1.2267,1.2267,1.2267,11
2005-06-02 16:37:00,1.2266,1.2267,1.2266,1.2267,28
2005-06-02 16:38:00,1.2266,1.2267,1.2266,1.2266,29
2005-06-02 16:39:00,1.2266,1.2266,1.2265,1.2266,45
2005-06-02 16:40:00,1.2266,1.2267,1.2266,1.2266,20
2005-06-02 16:41:00,1.2266,1.2266,1.2266,1.2266,11
2005-06-02 16:42:00,1.2266,1.2267,1.2265,1.2266,45
2005-06-02 16:43:00,1.2266,1.2267,1.2266,1.2266,25
2005-06-02 16:44:00,1.2267,1.2267,1.2266,1.2266,9
2005-06-02 16:45:00,1.2266,1.2267,1.2266,1.2267,51
2005-06-02 16:46:00,1.2269,1.227,1.2266,1.2267,49
2005-06-02 16:47:00,1.2269,1.2269,1.2269,1.2269,17
2005-06-02 16:48:00,1.227,1.227,1.2269,1.2269,34
2005-06-02 16:49:00,1.2269,1.227,1.2269,1.227,27
2005-06-02 16:50:00,1.2271,1.2271,1.2269,1.227,37
2005-06-02 16:51:00,1.2273,1.2273,1.2271,1.2271,37
2005-06-02 16:52:00,1.2274,1.2274,1.2272,1.2273,33
2005-06-02 16:53:00,1.2274,1.2275,1.2274,1.2274,42
2005-06-02 16:54:00,1.2275,1.2275,1.2273,1.2274,44
2005-06-02 16:55:00,1.2275,1.2275,1.2274,1.2275,31
2005-06-02 16:56:00,1.2278,1.2279,1.2275,1.2275,50
2005-06-02 16:57:00,1.2279,1.2281,1.2279,1.2279,49
2005-06-02 16:58:00,1.228,1.2281,1.2279,1.2279,40
2005-06-02 16:59:00,1.228,1.228,1.2278,1.228,38
2005-06-02 17:00:00,1.2277,1.228,1.2277,1.228,49
2005-06-02 17:01:00,1.2277,1.2278,1.2277,1.2277,44
2005-06-02 17:02:00,1.2278,1.2278,1.2277,1.2277,40
2005-06-02 17:03:00,1.2277,1.2278,1.2276,1.2278,20
2005-06-02 17:04:00,1.2276,1.2277,1.2276,1.2277,10
2005-06-02 17:05:00,1.2274,1.2276,1.2274,1.2276,43
2005-06-02 17:06:00,1.2274,1.2274,1.2274,1.2274,23
2005-06-02 17:07:00,1.2274,1.2275,1.2274,1.2274,26
2005-06-02 17:08:00,1.2274,1.2274,1.2274,1.2274,20
2005-06-02 17:09:00,1.2273,1.2274,1.2273,1.2273,25
2005-06-02 17:10:00,1.2275,1.2275,1.2273,1.2273,29
2005-06-02 17:11:00,1.2275,1.2275,1.2274,1.2275,31
2005-06-02 17:12:00,1.2272,1.2275,1.2272,1.2275,43
2005-06-02 17:13:00,1.2273,1.2273,1.2272,1.2272,28
2005-06-02 17:14:00,1.2274,1.2275,1.2273,1.2273,44
2005-06-02 17:15:00,1.2277,1.2277,1.2274,1.2274,39
2005-06-02 17:16:00,1.2277,1.2278,1.2277,1.2277,36
2005-06-02 17:17:00,1.2277,1.2277,1.2276,1.2277,46
2005-06-02 17:18:00,1.2276,1.2277,1.2276,1.2277,14
2005-06-02 17:19:00,1.2278,1.2278,1.2276,1.2276,43
2005-06-02 17:20:00,1.2274,1.2278,1.2274,1.2278,32
2005-06-02 17:21:00,1.2275,1.2275,1.2275,1.2275,20
2005-06-02 17:22:00,1.2275,1.2276,1.2275,1.2275,15
2005-06-02 17:23:00,1.2274,1.2275,1.2274,1.2275,25
2005-06-02 17:24:00,1.2276,1.2276,1.2274,1.2274,41
2005-06-02 17:25:00,1.2274,1.2276,1.2274,1.2276,29
2005-06-02 17:26:00,1.2275,1.2275,1.2274,1.2274,23
2005-06-02 17:27:00,1.2275,1.2275,1.2275,1.2275,10
2005-06-02 17:28:00,1.2273,1.2275,1.2273,1.2275,40
2005-06-02 17:29:00,1.2274,1.2275,1.2273,1.2273,32
2005-06-02 17:30:00,1.2273,1.2274,1.2273,1.2274,36
2005-06-02 17:31:00,1.2273,1.2273,1.2273,1.2273,19
2005-06-02 17:32:00,1.2274,1.2274,1.2273,1.2273,33
2005-06-02 17:33:00,1.2274,1.2274,1.2274,1.2274,19
2005-06-02 17:34:00,1.2275,1.2275,1.2274,1.2274,28
2005-06-02 17:35:00,1.2276,1.2276,1.2275,1.2275,20
2005-06-02 17:36:00,1.2275,1.2276,1.2274,1.2276,33
2005-06-02 17:37:00,1.2275,1.2275,1.2275,1.2275,15
2005-06-02 17:38:00,1.2274,1.2275,1.2274,1.2275,26
2005-06-02 17:39:00,1.2274,1.2275,1.2274,1.2274,39
2005-06-02 17:40:00,1.2274,1.2275,1.2274,1.2274,28
2005-06-02 17:41:00,1.2274,1.2274,1.2274,1.2274,9
2005-06-02 17:42:00,1.2274,1.2274,1.2274,1.2274,11
2005-06-02 17:43:00,1.2273,1.2274,1.2273,1.2274,24
2005-06-02 17:44:00,1.2273,1.2274,1.2273,1.2273,20
2005-06-02 17:45:00,1.2273,1.2274,1.2273,1.2273,27
2005-06-02 17:46:00,1.2273,1.2274,1.2272,1.2273,44
2005-06-02 17:47:00,1.2273,1.2274,1.2272,1.2273,27
2005-06-02 17:48:00,1.2273,1.2273,1.2272,1.2272,35
2005-06-02 17:49:00,1.2273,1.2273,1.2272,1.2273,23
2005-06-02 17:50:00,1.2274,1.2274,1.2272,1.2272,39
2005-06-02 17:51:00,1.2273,1.2274,1.2272,1.2274,43
2005-06-02 17:52:00,1.2273,1.2273,1.2273,1.2273,24
2005-06-02 17:53:00,1.2273,1.2274,1.2273,1.2273,32
2005-06-02 17:54:00,1.2273,1.2273,1.2273,1.2273,17
2005-06-02 17:55:00,1.2272,1.2273,1.2272,1.2273,29
2005-06-02 17:56:00,1.2273,1.2273,1.2272,1.2272,28
2005-06-02 17:57:00,1.2272,1.2273,1.2272,1.2273,29
2005-06-02 17:58:00,1.2273,1.2273,1.2272,1.2273,29
2005-06-02 17:59:00,1.2273,1.2273,1.2273,1.2273,11
2005-06-02 18:00:00,1.2273,1.2274,1.2273,1.2273,29
2005-06-02 18:01:00,1.2273,1.2273,1.2273,1.2273,9
2005-06-02 18:02:00,1.2274,1.2274,1.2273,1.2273,13
2005-06-02 18:03:00,1.2274,1.2274,1.2273,1.2273,27
2005-06-02 18:04:00,1.2275,1.2276,1.2274,1.2274,46
2005-06-02 18:05:00,1.2275,1.2275,1.2274,1.2274,15
2005-06-02 18:06:00,1.2276,1.2276,1.2275,1.2275,30
2005-06-02 18:07:00,1.2276,1.2277,1.2275,1.2276,37
2005-06-02 18:08:00,1.2276,1.2277,1.2276,1.2276,19
2005-06-02 18:09:00,1.2277,1.2278,1.2276,1.2276,35
2005-06-02 18:10:00,1.2277,1.2277,1.2276,1.2277,33
2005-06-02 18:11:00,1.2277,1.2277,1.2276,1.2277,47
2005-06-02 18:12:00,1.2277,1.2277,1.2276,1.2277,35
2005-06-02 18:13:00,1.2278,1.2278,1.2276,1.2277,32
2005-06-02 18:14:00,1.2277,1.2278,1.2277,1.2278,32
2005-06-02 18:15:00,1.2278,1.2278,1.2277,1.2277,21
2005-06-02 18:16:00,1.2277,1.2278,1.2277,1.2278,16
2005-06-02 18:17:00,1.2278,1.2278,1.2277,1.2277,22
2005-06-02 18:18:00,1.2282,1.2283,1.2279,1.2279,49
2005-06-02 18:19:00,1.2281,1.2282,1.228,1.2282,37
2005-06-02 18:20:00,1.2281,1.2282,1.2281,1.2281,32
2005-06-02 18:21:00,1.2283,1.2283,1.2281,1.2281,32
2005-06-02 18:22:00,1.2285,1.2285,1.2283,1.2283,45
2005-06-02 18:23:00,1.2285,1.2286,1.2283,1.2285,42
2005-06-02 18:24:00,1.2284,1.2285,1.2284,1.2285,29
2005-06-02 18:25:00,1.2284,1.2284,1.2284,1.2284,13
2005-06-02 18:26:00,1.2286,1.2286,1.2284,1.2284,28
2005-06-02 18:27:00,1.2286,1.2287,1.2285,1.2286,41
2005-06-02 18:28:00,1.2287,1.2288,1.2286,1.2286,45
2005-06-02 18:29:00,1.2291,1.2291,1.2287,1.2287,51
2005-06-02 18:30:00,1.229,1.2291,1.2289,1.229,36
2005-06-02 18:31:00,1.2289,1.229,1.2289,1.229,32
2005-06-02 18:32:00,1.2287,1.2289,1.2287,1.2289,35
2005-06-02 18:33:00,1.2287,1.2288,1.2287,1.2287,36
2005-06-02 18:34:00,1.2285,1.2287,1.2284,1.2287,32
2005-06-02 18:35:00,1.2285,1.2286,1.2285,1.2285,24
2005-06-02 18:36:00,1.2287,1.2288,1.2285,1.2285,53
2005-06-02 18:37:00,1.2287,1.2287,1.2286,1.2287,35
2005-06-02 18:38:00,1.2288,1.2289,1.2287,1.2287,31
2005-06-02 18:39:00,1.2287,1.2288,1.2287,1.2288,31
2005-06-02 18:40:00,1.2288,1.2289,1.2287,1.2287,30
2005-06-02 18:41:00,1.2287,1.2288,1.2287,1.2288,26
2005-06-02 18:42:00,1.2283,1.2288,1.2282,1.2287,45
2005-06-02 18:43:00,1.2285,1.2285,1.2283,1.2283,41
2005-06-02 18:44:00,1.2284,1.2285,1.2283,1.2284,27
2005-06-02 18:45:00,1.2286,1.2286,1.2284,1.2284,32
2005-06-02 18:46:00,1.2286,1.2286,1.2286,1.2286,6
2005-06-02 18:47:00,1.2284,1.2287,1.2284,1.2286,39
2005-06-02 18:48:00,1.2285,1.2286,1.2285,1.2285,25
2005-06-02 18:49:00,1.2286,1.2287,1.2285,1.2285,34
2005-06-02 18:50:00,1.2285,1.2286,1.2285,1.2286,22
2005-06-02 18:51:00,1.2286,1.2286,1.2285,1.2285,32
2005-06-02 18:52:00,1.2289,1.2289,1.2286,1.2286,36
2005-06-02 18:53:00,1.2288,1.2289,1.2287,1.2289,41
2005-06-02 18:54:00,1.2288,1.2288,1.2286,1.2287,24
2005-06-02 18:55:00,1.2288,1.2289,1.2288,1.2289,46
2005-06-02 18:56:00,1.229,1.229,1.2288,1.2289,34
2005-06-02 18:57:00,1.229,1.229,1.2288,1.229,41
2005-06-02 18:58:00,1.2284,1.2291,1.2284,1.229,51
2005-06-02 18:59:00,1.2285,1.2287,1.2285,1.2285,47
2005-06-02 19:00:00,1.2285,1.2287,1.2284,1.2285,40
2005-06-02 19:01:00,1.2285,1.2285,1.2285,1.2285,18
2005-06-02 19:02:00,1.2285,1.2286,1.2285,1.2285,16
2005-06-02 19:03:00,1.2284,1.2285,1.2283,1.2285,50
2005-06-02 19:04:00,1.2284,1.2284,1.2284,1.2284,35
2005-06-02 19:05:00,1.2285,1.2285,1.2283,1.2283,25
2005-06-02 19:06:00,1.2285,1.2286,1.2284,1.2285,22
2005-06-02 19:07:00,1.2283,1.2286,1.2283,1.2285,46
2005-06-02 19:08:00,1.2284,1.2286,1.2283,1.2283,41
2005-06-02 19:09:00,1.2284,1.2285,1.2284,1.2284,18
2005-06-02 19:10:00,1.2277,1.2284,1.2277,1.2284,36
2005-06-02 19:11:00,1.2277,1.228,1.2277,1.2277,51
2005-06-02 19:12:00,1.2277,1.2277,1.2276,1.2277,27
2005-06-02 19:13:00,1.2277,1.2278,1.2277,1.2277,28
2005-06-02 19:14:00,1.2275,1.2277,1.2272,1.2277,42
2005-06-02 19:15:00,1.2274,1.2275,1.2273,1.2275,30
2005-06-02 19:16:00,1.2268,1.2274,1.2267,1.2274,53
2005-06-02 19:17:00,1.227,1.2273,1.2268,1.2269,48
2005-06-02 19:18:00,1.2273,1.2273,1.227,1.227,53
2005-06-02 19:19:00,1.2274,1.2275,1.2273,1.2273,43
2005-06-02 19:20:00,1.2273,1.2275,1.2272,1.2275,44
2005-06-02 19:21:00,1.2273,1.2274,1.2273,1.2273,25
2005-06-02 19:22:00,1.2273,1.2273,1.2271,1.2273,38
2005-06-02 19:23:00,1.2272,1.2273,1.227,1.2273,38
2005-06-02 19:24:00,1.227,1.2272,1.227,1.2272,40
2005-06-02 19:25:00,1.2273,1.2273,1.227,1.2271,21
2005-06-02 19:26:00,1.2274,1.2274,1.2273,1.2273,30
2005-06-02 19:27:00,1.2274,1.2274,1.2274,1.2274,28
2005-06-02 19:28:00,1.2272,1.2274,1.2272,1.2274,35
2005-06-02 19:29:00,1.2273,1.2274,1.2272,1.2272,38
2005-06-02 19:30:00,1.2273,1.2273,1.2272,1.2273,34
2005-06-02 19:31:00,1.2275,1.2275,1.2273,1.2273,32
2005-06-02 19:32:00,1.2278,1.2278,1.2275,1.2275,34
2005-06-02 19:33:00,1.2277,1.2278,1.2276,1.2278,45
2005-06-02 19:34:00,1.2276,1.2277,1.2276,1.2277,20
2005-06-02 19:35:00,1.2278,1.2279,1.2276,1.2276,44
2005-06-02 19:36:00,1.2278,1.2278,1.2278,1.2278,9
2005-06-02 19:37:00,1.2277,1.2278,1.2277,1.2278,6
2005-06-02 19:38:00,1.2277,1.2278,1.2277,1.2278,18
2005-06-02 19:39:00,1.2278,1.2278,1.2277,1.2277,28
2005-06-02 19:40:00,1.2278,1.2278,1.2277,1.2278,23
2005-06-02 19:41:00,1.2277,1.2278,1.2277,1.2278,20
2005-06-02 19:42:00,1.2279,1.2279,1.2277,1.2277,41
2005-06-02 19:43:00,1.2279,1.228,1.2278,1.2279,39
2005-06-02 19:44:00,1.2279,1.2279,1.2279,1.2279,17
2005-06-02 19:45:00,1.2279,1.2279,1.2279,1.2279,5
2005-06-02 19:46:00,1.2281,1.2281,1.2279,1.2279,9
2005-06-02 19:47:00,1.2279,1.2281,1.2279,1.2281,38
2005-06-02 19:48:00,1.2279,1.228,1.2279,1.2279,20
2005-06-02 19:49:00,1.228,1.228,1.2279,1.2279,14
2005-06-02 19:50:00,1.2277,1.228,1.2277,1.228,31
2005-06-02 19:51:00,1.2277,1.2277,1.2277,1.2277,17
2005-06-02 19:52:00,1.2276,1.2277,1.2276,1.2277,9
2005-06-02 19:53:00,1.2274,1.2276,1.2273,1.2276,51
2005-06-02 19:54:00,1.2276,1.2276,1.2274,1.2274,39
2005-06-02 19:55:00,1.2275,1.2277,1.2275,1.2276,28
2005-06-02 19:56:00,1.2275,1.2276,1.2274,1.2275,23
2005-06-02 19:57:00,1.2277,1.2277,1.2275,1.2275,24
2005-06-02 19:58:00,1.2278,1.2279,1.2276,1.2277,42
2005-06-02 19:59:00,1.2277,1.2278,1.2276,1.2278,21
2005-06-02 20:00:00,1.2276,1.2277,1.2276,1.2277,13
2005-06-02 20:01:00,1.2276,1.2276,1.2276,1.2276,4
2005-06-02 20:02:00,1.2276,1.2277,1.2276,1.2276,9
2005-06-02 20:03:00,1.2276,1.2276,1.2276,1.2276,6
2005-06-02 20:04:00,1.2276,1.2276,1.2276,1.2276,3
2005-06-02 20:05:00,1.2276,1.2276,1.2276,1.2276,3
2005-06-02 20:06:00,1.2274,1.2275,1.2274,1.2275,6
2005-06-02 20:07:00,1.2275,1.2275,1.2274,1.2275,11
2005-06-02 20:08:00,1.2276,1.2276,1.2275,1.2275,6
2005-06-02 20:09:00,1.2276,1.2277,1.2273,1.2277,25
2005-06-02 20:10:00,1.2276,1.2277,1.2276,1.2276,9
2005-06-02 20:11:00,1.2275,1.2277,1.2275,1.2276,16
2005-06-02 20:12:00,1.2275,1.2276,1.2275,1.2276,9
2005-06-02 20:13:00,1.2276,1.2276,1.2275,1.2275,8
2005-06-02 20:14:00,1.2277,1.2279,1.2276,1.2276,19
2005-06-02 20:15:00,1.2276,1.2277,1.2276,1.2277,8
2005-06-02 20:16:00,1.2275,1.2276,1.2275,1.2276,5
2005-06-02 20:17:00,1.2275,1.2276,1.2275,1.2276,4
2005-06-02 20:18:00,1.2275,1.2276,1.2275,1.2275,4
2005-06-02 20:19:00,1.2275,1.2275,1.2274,1.2275,4
2005-06-02 20:20:00,1.2273,1.2275,1.2273,1.2275,3
2005-06-02 20:21:00,1.2274,1.2275,1.2273,1.2274,9
2005-06-02 20:22:00,1.2274,1.2275,1.2274,1.2274,5
2005-06-02 20:23:00,1.2274,1.2275,1.2274,1.2274,3
2005-06-02 20:24:00,1.2275,1.2276,1.2274,1.2274,4
2005-06-02 20:25:00,1.2274,1.2275,1.2274,1.2275,8
2005-06-02 20:26:00,1.2274,1.2274,1.2274,1.2274,3
2005-06-02 20:27:00,1.2274,1.2275,1.2274,1.2274,8
2005-06-02 20:28:00,1.2274,1.2275,1.2274,1.2275,7
2005-06-02 20:29:00,1.2274,1.2274,1.2274,1.2274,4
2005-06-02 20:30:00,1.2274,1.2275,1.2274,1.2274,6
2005-06-02 20:31:00,1.2274,1.2275,1.2274,1.2274,5
2005-06-02 20:32:00,1.2274,1.2274,1.2273,1.2274,5
2005-06-02 20:33:00,1.2273,1.2274,1.2273,1.2274,4
2005-06-02 20:34:00,1.2273,1.2273,1.2273,1.2273,2
2005-06-02 20:35:00,1.2273,1.2273,1.2273,1.2273,2
2005-06-02 20:36:00,1.2274,1.2274,1.2273,1.2274,4
2005-06-02 20:37:00,1.2274,1.2274,1.2274,1.2274,2
2005-06-02 20:38:00,1.2273,1.2274,1.2273,1.2274,8
2005-06-02 20:39:00,1.2273,1.2274,1.2273,1.2274,2
2005-06-02 20:40:00,1.2272,1.2273,1.2272,1.2273,2
2005-06-02 20:41:00,1.2271,1.2271,1.2271,1.2271,1
2005-06-02 20:42:00,1.227,1.2271,1.227,1.2271,2
2005-06-02 20:44:00,1.2269,1.2269,1.2268,1.2269,5
2005-06-02 20:45:00,1.2268,1.2269,1.2268,1.2269,5
2005-06-02 20:46:00,1.2269,1.2269,1.2268,1.2268,8
2005-06-02 20:47:00,1.2269,1.2269,1.2269,1.2269,2
2005-06-02 20:48:00,1.2271,1.2271,1.2269,1.227,15
2005-06-02 20:49:00,1.2271,1.2272,1.2271,1.2271,7
2005-06-02 20:50:00,1.227,1.2272,1.227,1.2271,8
2005-06-02 20:51:00,1.2271,1.2271,1.227,1.227,4
2005-06-02 20:52:00,1.2272,1.2274,1.227,1.227,11
2005-06-02 20:53:00,1.2273,1.2273,1.2272,1.2272,6
2005-06-02 20:54:00,1.2273,1.2273,1.2272,1.2272,4
2005-06-02 20:55:00,1.2272,1.2273,1.2271,1.2272,4
2005-06-02 20:56:00,1.2271,1.2272,1.2271,1.2272,5
2005-06-02 20:57:00,1.2273,1.2273,1.2272,1.2272,4
2005-06-02 20:58:00,1.2271,1.2273,1.2271,1.2273,8
2005-06-02 20:59:00,1.2266,1.2271,1.2266,1.2271,15
2005-06-02 21:00:00,1.2269,1.2271,1.2266,1.2267,17
2005-06-02 21:01:00,1.227,1.227,1.2268,1.2269,5
2005-06-02 21:02:00,1.2273,1.2273,1.227,1.227,10
2005-06-02 21:03:00,1.2272,1.2273,1.2269,1.2272,10
2005-06-02 21:04:00,1.2272,1.2273,1.2271,1.2273,8
2005-06-02 21:05:00,1.2272,1.2272,1.2272,1.2272,2
2005-06-02 21:06:00,1.2272,1.2272,1.2272,1.2272,2
2005-06-02 21:07:00,1.2273,1.2273,1.2272,1.2272,3
2005-06-02 21:08:00,1.2272,1.2272,1.2272,1.2272,5
2005-06-02 21:09:00,1.2272,1.2273,1.2272,1.2272,5
2005-06-02 21:10:00,1.2272,1.2273,1.2272,1.2272,3
2005-06-02 21:11:00,1.2273,1.2273,1.2272,1.2272,7
2005-06-02 21:12:00,1.2273,1.2274,1.2272,1.2274,12
2005-06-02 21:13:00,1.2276,1.2276,1.2274,1.2274,11
2005-06-02 21:14:00,1.2275,1.2277,1.2275,1.2276,10
2005-06-02 21:15:00,1.2275,1.2275,1.2275,1.2275,4
2005-06-02 21:16:00,1.2275,1.2275,1.2275,1.2275,4
2005-06-02 21:17:00,1.2275,1.2275,1.2275,1.2275,2
2005-06-02 21:18:00,1.2275,1.2275,1.2275,1.2275,2
2005-06-02 21:19:00,1.2274,1.2275,1.2274,1.2275,4
2005-06-02 21:20:00,1.2273,1.2274,1.22726,1.2274,4
2005-06-02 21:21:00,1.2273,1.2273,1.2273,1.2273,7
2005-06-02 21:22:00,1.2274,1.2274,1.2273,1.2273,5
2005-06-02 21:23:00,1.2274,1.2275,1.2274,1.2275,6
2005-06-02 21:24:00,1.2273,1.2274,1.2273,1.2274,4
2005-06-02 21:25:00,1.2273,1.2273,1.2273,1.2273,3
2005-06-02 21:26:00,1.2273,1.2273,1.2273,1.2273,6
2005-06-02 21:27:00,1.2273,1.2273,1.2273,1.2273,6
2005-06-02 21:28:00,1.2273,1.2273,1.2273,1.2273,3
2005-06-02 21:29:00,1.2273,1.2273,1.2273,1.2273,1
2005-06-02 21:30:00,1.2274,1.2275,1.2273,1.2273,6
2005-06-02 21:31:00,1.2273,1.2275,1.2273,1.2275,4
2005-06-02 21:32:00,1.2273,1.2273,1.2273,1.2273,2
2005-06-02 21:33:00,1.2273,1.2273,1.2273,1.2273,4
2005-06-02 21:34:00,1.2274,1.2274,1.2273,1.2274,5
2005-06-02 21:35:00,1.2274,1.2274,1.2274,1.2274,2
2005-06-02 21:36:00,1.2274,1.2274,1.22736,1.2274,3
2005-06-02 21:37:00,1.2274,1.2274,1.22736,1.2274,5
2005-06-02 21:38:00,1.2272,1.2274,1.2272,1.22736,5
2005-06-02 21:39:00,1.2274,1.2274,1.2273,1.2273,5
2005-06-02 21:40:00,1.2273,1.2274,1.2273,1.2273,5
2005-06-02 21:41:00,1.2274,1.2274,1.2274,1.2274,2
2005-06-02 21:42:00,1.2274,1.2274,1.2274,1.2274,2
2005-06-02 21:43:00,1.2273,1.2274,1.2272,1.2274,8
2005-06-02 21:44:00,1.22742,1.22742,1.22732,1.2274,5
2005-06-02 21:45:00,1.22738,1.22742,1.22738,1.22742,3
2005-06-02 21:46:00,1.22732,1.22742,1.22732,1.22742,3
2005-06-02 21:47:00,1.22732,1.22732,1.22732,1.22732,2
2005-06-02 21:48:00,1.22722,1.22732,1.22722,1.22732,3
2005-06-02 21:49:00,1.22722,1.22732,1.22722,1.22722,3
2005-06-02 21:50:00,1.22732,1.22742,1.22722,1.22732,9
2005-06-02 21:51:00,1.22762,1.22762,1.22732,1.22732,6
2005-06-02 21:52:00,1.22762,1.22762,1.22762,1.22762,4
2005-06-02 21:53:00,1.22762,1.22772,1.22762,1.22762,5
2005-06-02 21:54:00,1.22762,1.22762,1.22762,1.22762,2
2005-06-02 21:55:00,1.22772,1.22772,1.22772,1.22772,3
2005-06-02 21:56:00,1.22772,1.22772,1.22772,1.22772,3
2005-06-02 21:57:00,1.22772,1.22772,1.22772,1.22772,3
2005-06-02 21:58:00,1.22762,1.22772,1.22762,1.22772,5
2005-06-02 21:59:00,1.22752,1.22772,1.22752,1.22772,7
2005-06-02 22:00:00,1.22752,1.22752,1.22742,1.22752,3
2005-06-02 22:01:00,1.22752,1.22752,1.22742,1.22742,3
2005-06-02 22:02:00,1.22752,1.22752,1.22752,1.22752,2
2005-06-02 22:03:00,1.22762,1.22762,1.22752,1.22752,4
2005-06-02 22:04:00,1.22762,1.22762,1.22752,1.22752,4
2005-06-02 22:05:00,1.22762,1.22762,1.22752,1.22762,3
2005-06-02 22:06:00,1.22762,1.22762,1.22762,1.22762,2
2005-06-02 22:07:00,1.22762,1.22762,1.22752,1.22752,9
2005-06-02 22:08:00,1.22742,1.22772,1.22742,1.22758,15
2005-06-02 22:09:00,1.22742,1.22742,1.22738,1.22742,5
2005-06-02 22:10:00,1.22742,1.22742,1.22738,1.22738,3
2005-06-02 22:11:00,1.22742,1.22742,1.22738,1.22742,3
2005-06-02 22:12:00,1.22742,1.22742,1.22738,1.22738,2
2005-06-02 22:13:00,1.22742,1.22742,1.22742,1.22742,4
2005-06-02 22:14:00,1.22742,1.22752,1.22742,1.22742,8
2005-06-02 22:15:00,1.22752,1.22752,1.22742,1.22742,3
2005-06-02 22:16:00,1.22762,1.22762,1.22752,1.22752,3
2005-06-02 22:17:00,1.22742,1.22752,1.22742,1.22752,8
2005-06-02 22:18:00,1.22742,1.22752,1.22742,1.22742,5
2005-06-02 22:19:00,1.22742,1.22752,1.22742,1.22752,8
2005-06-02 22:20:00,1.22752,1.22752,1.22742,1.22742,4
2005-06-02 22:21:00,1.22732,1.22752,1.22732,1.22752,8
2005-06-02 22:22:00,1.22742,1.22742,1.22732,1.22732,3
2005-06-02 22:23:00,1.22732,1.22742,1.22732,1.22742,5
2005-06-02 22:24:00,1.22732,1.22732,1.22732,1.22732,3
2005-06-02 22:25:00,1.22722,1.22732,1.22712,1.22732,11
2005-06-02 22:26:00,1.22722,1.22732,1.22712,1.22722,8
2005-06-02 22:27:00,1.22732,1.22732,1.22722,1.22722,5
2005-06-02 22:28:00,1.22732,1.22732,1.22732,1.22732,1
2005-06-02 22:29:00,1.22732,1.22732,1.22732,1.22732,2
2005-06-02 22:30:00,1.22722,1.22732,1.22722,1.22732,5
2005-06-02 22:31:00,1.22732,1.22732,1.22722,1.22732,5
2005-06-02 22:32:00,1.22732,1.22742,1.22722,1.22732,6
2005-06-02 22:33:00,1.22722,1.22732,1.22722,1.22732,6
2005-06-02 22:34:00,1.22732,1.22732,1.22722,1.22732,6
2005-06-02 22:35:00,1.22732,1.22732,1.22732,1.22732,3
2005-06-02 22:36:00,1.22732,1.22732,1.22732,1.22732,2
2005-06-02 22:37:00,1.22732,1.22732,1.22722,1.22732,9
2005-06-02 22:38:00,1.22722,1.22722,1.22722,1.22722,3
2005-06-02 22:39:00,1.22722,1.22732,1.22722,1.22722,4
2005-06-02 22:40:00,1.22722,1.22722,1.22722,1.22722,2
2005-06-02 22:41:00,1.22712,1.22712,1.22712,1.22712,3
2005-06-02 22:42:00,1.22712,1.22712,1.22712,1.22712,6
2005-06-02 22:43:00,1.22722,1.22722,1.22712,1.22712,3
2005-06-02 22:44:00,1.22718,1.22722,1.22708,1.22722,7
2005-06-02 22:45:00,1.22718,1.22718,1.22708,1.22718,5
2005-06-02 22:46:00,1.22708,1.22718,1.22708,1.22718,5
2005-06-02 22:47:00,1.22708,1.22718,1.22708,1.22708,7
2005-06-02 22:48:00,1.22718,1.22718,1.22708,1.22708,3
2005-06-02 22:49:00,1.22708,1.22718,1.22708,1.22718,4
2005-06-02 22:50:00,1.22708,1.22708,1.22708,1.22708,3
2005-06-02 22:51:00,1.22708,1.22708,1.22708,1.22708,3
2005-06-02 22:52:00,1.22688,1.22718,1.22688,1.22718,11
2005-06-02 22:53:00,1.22678,1.22688,1.22678,1.22688,5
2005-06-02 22:54:00,1.22658,1.22678,1.22658,1.22678,10
2005-06-02 22:55:00,1.22668,1.22668,1.22658,1.22658,10
2005-06-02 22:56:00,1.22668,1.22678,1.22668,1.22678,6
2005-06-02 22:57:00,1.22668,1.22668,1.22668,1.22668,4
2005-06-02 22:58:00,1.22678,1.22678,1.22668,1.22668,4
2005-06-02 22:59:00,1.22678,1.22678,1.22678,1.22678,2
2005-06-02 23:00:00,1.22678,1.22678,1.22678,1.22678,2
2005-06-02 23:01:00,1.22668,1.22678,1.22668,1.22678,3
2005-06-02 23:02:00,1.22678,1.22678,1.22668,1.22678,6
2005-06-02 23:03:00,1.22688,1.22698,1.22668,1.22668,17
2005-06-02 23:04:00,1.22688,1.22688,1.22678,1.22688,6
2005-06-02 23:05:00,1.22668,1.22688,1.22668,1.22688,7
2005-06-02 23:06:00,1.22668,1.22668,1.22668,1.22668,2
2005-06-02 23:07:00,1.22668,1.22668,1.22668,1.22668,4
2005-06-02 23:08:00,1.22658,1.22668,1.22658,1.22658,9
2005-06-02 23:09:00,1.22658,1.22658,1.22658,1.22658,4
2005-06-02 23:10:00,1.22668,1.22668,1.22658,1.22668,7
2005-06-02 23:11:00,1.22668,1.22668,1.22668,1.22668,3
2005-06-02 23:12:00,1.22668,1.22668,1.22668,1.22668,3
2005-06-02 23:13:00,1.22678,1.22678,1.22668,1.22668,3
2005-06-02 23:14:00,1.22668,1.22668,1.22658,1.22668,7
2005-06-02 23:15:00,1.22672,1.22678,1.22668,1.22668,5
2005-06-02 23:16:00,1.22668,1.22678,1.22668,1.22678,4
2005-06-02 23:17:00,1.22678,1.22678,1.22668,1.22668,3
2005-06-02 23:18:00,1.22668,1.22678,1.22658,1.22678,10
2005-06-02 23:19:00,1.22678,1.22688,1.22678,1.22678,6
2005-06-02 23:20:00,1.22678,1.22678,1.22678,1.22678,2
2005-06-02 23:21:00,1.22678,1.22678,1.22678,1.22678,5
2005-06-02 23:22:00,1.22678,1.22678,1.22678,1.22678,2
2005-06-02 23:23:00,1.22678,1.22678,1.22678,1.22678,4
2005-06-02 23:24:00,1.22678,1.22678,1.22678,1.22678,2
2005-06-02 23:25:00,1.22678,1.22678,1.22678,1.22678,3
2005-06-02 23:26:00,1.22678,1.22678,1.22678,1.22678,2
2005-06-02 23:27:00,1.22678,1.22688,1.22678,1.22678,5
2005-06-02 23:28:00,1.22688,1.22698,1.22678,1.22688,13
2005-06-02 23:29:00,1.22688,1.22698,1.22688,1.22688,5
2005-06-02 23:30:00,1.22698,1.22708,1.22688,1.22698,8
2005-06-02 23:31:00,1.22698,1.22698,1.22698,1.22698,4
2005-06-02 23:32:00,1.22698,1.22708,1.22698,1.22702,9
2005-06-02 23:33:00,1.22698,1.22698,1.22698,1.22698,4
2005-06-02 23:34:00,1.22698,1.22698,1.22698,1.22698,4
2005-06-02 23:35:00,1.22708,1.22708,1.22698,1.22708,9
2005-06-02 23:36:00,1.22728,1.22738,1.22698,1.22698,18
2005-06-02 23:37:00,1.22738,1.22738,1.22728,1.22738,7
2005-06-02 23:38:00,1.22728,1.22738,1.22728,1.22728,4
2005-06-02 23:39:00,1.22738,1.22738,1.22738,1.22738,3
2005-06-02 23:40:00,1.22738,1.22748,1.22738,1.22748,7
2005-06-02 23:41:00,1.22728,1.22738,1.22728,1.22738,16
2005-06-02 23:42:00,1.22728,1.22738,1.22728,1.22728,9
2005-06-02 23:43:00,1.22728,1.22728,1.22718,1.22728,6
2005-06-02 23:44:00,1.22718,1.22728,1.22718,1.22728,16
2005-06-02 23:45:00,1.22728,1.22728,1.22718,1.22728,6
2005-06-02 23:46:00,1.22718,1.22728,1.22718,1.22728,7
2005-06-02 23:47:00,1.22708,1.22718,1.22708,1.22718,3
2005-06-02 23:48:00,1.22718,1.22718,1.22708,1.22708,5
2005-06-02 23:49:00,1.22718,1.22718,1.22712,1.22718,3
2005-06-02 23:50:00,1.22708,1.22718,1.22708,1.22712,9
2005-06-02 23:51:00,1.22708,1.22708,1.22708,1.22708,3
2005-06-02 23:52:00,1.22708,1.22718,1.22708,1.22718,6
2005-06-02 23:53:00,1.22708,1.22718,1.22708,1.22718,5
2005-06-02 23:54:00,1.22708,1.22708,1.22708,1.22708,2
2005-06-02 23:55:00,1.22718,1.22718,1.22708,1.22718,10
2005-06-02 23:56:00,1.22718,1.22728,1.22718,1.22728,4
2005-06-02 23:57:00,1.22718,1.22718,1.22718,1.22718,5
2005-06-02 23:58:00,1.22728,1.22738,1.22728,1.22728,6
2005-06-02 23:59:00,1.22728,1.22728,1.22728,1.22728,3
2005-06-03 00:00:00,1.22738,1.22748,1.22728,1.22728,9
2005-06-03 00:01:00,1.22738,1.22738,1.22738,1.22738,5
2005-06-03 00:02:00,1.22718,1.22738,1.22718,1.22738,7
2005-06-03 00:03:00,1.22708,1.22728,1.22708,1.22718,15
2005-06-03 00:04:00,1.22718,1.22718,1.22718,1.22718,3
2005-06-03 00:05:00,1.22708,1.22718,1.22708,1.22718,5
2005-06-03 00:06:00,1.22708,1.22708,1.22698,1.22708,7
2005-06-03 00:07:00,1.22708,1.22708,1.22698,1.22708,8
2005-06-03 00:08:00,1.22718,1.22718,1.22708,1.22708,4
2005-06-03 00:09:00,1.22698,1.22718,1.22698,1.22718,4
2005-06-03 00:10:00,1.22708,1.22718,1.22688,1.22698,9
2005-06-03 00:11:00,1.22718,1.22718,1.22708,1.22708,5
2005-06-03 00:12:00,1.22728,1.22728,1.22718,1.22718,5
2005-06-03 00:13:00,1.22718,1.22718,1.22718,1.22718,3
2005-06-03 00:14:00,1.22738,1.22738,1.22738,1.22738,9
2005-06-03 00:15:00,1.22738,1.22748,1.22738,1.22738,10
2005-06-03 00:16:00,1.22738,1.22748,1.22738,1.22748,5
2005-06-03 00:17:00,1.22748,1.22748,1.22738,1.22738,10
2005-06-03 00:18:00,1.22748,1.22768,1.22748,1.22748,32
2005-06-03 00:19:00,1.22748,1.22748,1.22738,1.22748,7
2005-06-03 00:20:00,1.22738,1.22748,1.22738,1.22748,13
2005-06-03 00:21:00,1.22748,1.22758,1.22738,1.22738,16
2005-06-03 00:22:00,1.22748,1.22758,1.22748,1.22748,5
2005-06-03 00:23:00,1.22738,1.22748,1.22728,1.22748,8
2005-06-03 00:24:00,1.22758,1.22758,1.22738,1.22738,17
2005-06-03 00:25:00,1.22738,1.22748,1.22738,1.22748,15
2005-06-03 00:26:00,1.22748,1.22748,1.22738,1.22738,13
2005-06-03 00:27:00,1.22748,1.22748,1.22748,1.22748,6
2005-06-03 00:28:00,1.22748,1.22758,1.22748,1.22748,5
2005-06-03 00:29:00,1.22748,1.22748,1.22738,1.22748,5
2005-06-03 00:30:00,1.22748,1.22758,1.22748,1.22758,5
2005-06-03 00:31:00,1.22778,1.22778,1.22748,1.22748,14
2005-06-03 00:32:00,1.22768,1.22778,1.22768,1.22768,7
2005-06-03 00:33:00,1.22768,1.22768,1.22768,1.22768,4
2005-06-03 00:34:00,1.22788,1.22788,1.22768,1.22768,11
2005-06-03 00:35:00,1.22778,1.22788,1.22778,1.22788,3
2005-06-03 00:36:00,1.22778,1.22778,1.22778,1.22778,5
2005-06-03 00:37:00,1.22798,1.22798,1.22778,1.22778,10
2005-06-03 00:38:00,1.22828,1.22828,1.22798,1.22798,11
2005-06-03 00:39:00,1.22818,1.22828,1.22808,1.22828,14
2005-06-03 00:40:00,1.22808,1.22818,1.22808,1.22818,8
2005-06-03 00:41:00,1.22818,1.22838,1.22798,1.22818,20
2005-06-03 00:42:00,1.22828,1.22828,1.22818,1.22818,10
2005-06-03 00:43:00,1.22828,1.22838,1.22818,1.22818,16
2005-06-03 00:44:00,1.22818,1.22838,1.22808,1.22838,9
2005-06-03 00:45:00,1.22828,1.22828,1.22808,1.22808,10
2005-06-03 00:46:00,1.22828,1.22848,1.22828,1.22828,11
2005-06-03 00:47:00,1.22838,1.22838,1.22818,1.22828,5
2005-06-03 00:48:00,1.22828,1.22838,1.22828,1.22838,6
2005-06-03 00:49:00,1.22838,1.22838,1.22828,1.22828,5
2005-06-03 00:50:00,1.22838,1.22838,1.22828,1.22838,8
2005-06-03 00:51:00,1.22848,1.22858,1.22828,1.22838,9
2005-06-03 00:52:00,1.22868,1.22878,1.22838,1.22848,21
2005-06-03 00:53:00,1.22858,1.22868,1.22858,1.22858,12
2005-06-03 00:54:00,1.22858,1.22868,1.22858,1.22858,9
2005-06-03 00:55:00,1.22858,1.22858,1.22848,1.22858,9
2005-06-03 00:56:00,1.22858,1.22858,1.22848,1.22858,8
2005-06-03 00:57:00,1.22868,1.22868,1.22858,1.22858,10
2005-06-03 00:58:00,1.22868,1.22898,1.22858,1.22868,29
2005-06-03 00:59:00,1.22868,1.22888,1.22858,1.22868,15
2005-06-03 01:00:00,1.22868,1.22878,1.22868,1.22868,11
2005-06-03 01:01:00,1.22878,1.22878,1.22868,1.22868,5
2005-06-03 01:02:00,1.22858,1.22868,1.22858,1.22868,4
2005-06-03 01:03:00,1.22838,1.22868,1.22828,1.22858,19
2005-06-03 01:04:00,1.22828,1.22838,1.22828,1.22838,7
2005-06-03 01:05:00,1.22808,1.22828,1.22798,1.22828,11
2005-06-03 01:06:00,1.22818,1.22818,1.22808,1.22808,7
2005-06-03 01:07:00,1.22818,1.22828,1.22818,1.22818,6
2005-06-03 01:08:00,1.22838,1.22848,1.22818,1.22818,16
2005-06-03 01:09:00,1.22838,1.22848,1.22838,1.22848,6
2005-06-03 01:10:00,1.22838,1.22838,1.22838,1.22838,3
2005-06-03 01:11:00,1.22848,1.22848,1.22838,1.22838,4
2005-06-03 01:12:00,1.22848,1.22848,1.22848,1.22848,2
2005-06-03 01:13:00,1.22838,1.22848,1.22838,1.22848,7
2005-06-03 01:14:00,1.22838,1.22848,1.22838,1.22848,5
2005-06-03 01:15:00,1.22848,1.22848,1.22838,1.22848,12
2005-06-03 01:16:00,1.22858,1.22858,1.22848,1.22848,5
2005-06-03 01:17:00,1.22868,1.22878,1.22858,1.22858,12
2005-06-03 01:18:00,1.22878,1.22888,1.22868,1.22878,10
2005-06-03 01:19:00,1.22908,1.22908,1.22878,1.22878,10
2005-06-03 01:20:00,1.22888,1.22908,1.22888,1.22908,11
2005-06-03 01:21:00,1.22888,1.22888,1.22888,1.22888,5
2005-06-03 01:22:00,1.22888,1.22888,1.22888,1.22888,4
2005-06-03 01:23:00,1.22908,1.22918,1.22888,1.22898,11
2005-06-03 01:24:00,1.22918,1.22918,1.22898,1.22908,11
2005-06-03 01:25:00,1.22918,1.22928,1.22918,1.22918,8
2005-06-03 01:26:00,1.22928,1.22928,1.22918,1.22918,7
2005-06-03 01:27:00,1.22948,1.22948,1.22928,1.22928,8
2005-06-03 01:28:00,1.22948,1.22948,1.22938,1.22938,18
2005-06-03 01:29:00,1.22968,1.22968,1.22938,1.22938,12
2005-06-03 01:30:00,1.22958,1.22968,1.22948,1.22968,20
2005-06-03 01:31:00,1.22918,1.22958,1.22918,1.22948,21
2005-06-03 01:32:00,1.22888,1.22918,1.22888,1.22908,14
2005-06-03 01:33:00,1.22888,1.22898,1.22888,1.22888,8
2005-06-03 01:34:00,1.22868,1.22898,1.22858,1.22888,19
2005-06-03 01:35:00,1.22868,1.22868,1.22858,1.22868,10
2005-06-03 01:36:00,1.22858,1.22868,1.22858,1.22868,4
2005-06-03 01:37:00,1.22878,1.22878,1.22858,1.22868,14
2005-06-03 01:38:00,1.22878,1.22888,1.22868,1.22878,16
2005-06-03 01:39:00,1.22898,1.22908,1.22878,1.22888,16
2005-06-03 01:40:00,1.22898,1.22908,1.22888,1.22898,19
2005-06-03 01:41:00,1.22908,1.22908,1.22888,1.22888,8
2005-06-03 01:42:00,1.22928,1.22938,1.22908,1.22908,12
2005-06-03 01:43:00,1.22908,1.22928,1.22908,1.22928,11
2005-06-03 01:44:00,1.22888,1.22908,1.22878,1.22898,13
2005-06-03 01:45:00,1.22918,1.22918,1.22888,1.22888,19
2005-06-03 01:46:00,1.22908,1.22918,1.22908,1.22908,7
2005-06-03 01:47:00,1.22918,1.22918,1.22908,1.22918,10
2005-06-03 01:48:00,1.22918,1.22938,1.22908,1.22908,17
2005-06-03 01:49:00,1.22928,1.22928,1.22908,1.22908,7
2005-06-03 01:50:00,1.22918,1.22928,1.22918,1.22928,5
2005-06-03 01:51:00,1.22918,1.22918,1.22918,1.22918,2
2005-06-03 01:52:00,1.22908,1.22918,1.22908,1.22918,7
2005-06-03 01:53:00,1.22918,1.22918,1.22918,1.22918,3
2005-06-03 01:54:00,1.22918,1.22928,1.22918,1.22918,10
2005-06-03 01:55:00,1.22928,1.22928,1.22908,1.22908,6
2005-06-03 01:56:00,1.22908,1.22918,1.22908,1.22918,13
2005-06-03 01:57:00,1.22908,1.22928,1.22908,1.22918,13
2005-06-03 01:58:00,1.22908,1.22908,1.22898,1.22908,8
2005-06-03 01:59:00,1.22888,1.22908,1.22888,1.22898,10
2005-06-03 02:00:00,1.22898,1.22898,1.22888,1.22898,8
2005-06-03 02:01:00,1.22898,1.22898,1.22888,1.22888,3
2005-06-03 02:02:00,1.22858,1.22888,1.22858,1.22888,15
2005-06-03 02:03:00,1.22838,1.22868,1.22838,1.22848,13
2005-06-03 02:04:00,1.22818,1.22838,1.22808,1.22828,11
2005-06-03 02:05:00,1.22818,1.22818,1.22818,1.22818,1
2005-06-03 02:06:00,1.22848,1.22848,1.22818,1.22818,10
2005-06-03 02:07:00,1.22838,1.22848,1.22838,1.22848,8
2005-06-03 02:08:00,1.22828,1.22838,1.22828,1.22838,6
2005-06-03 02:09:00,1.22838,1.22838,1.22828,1.22838,8
2005-06-03 02:10:00,1.22838,1.22848,1.22838,1.22838,5
2005-06-03 02:11:00,1.22838,1.22838,1.22828,1.22838,3
2005-06-03 02:12:00,1.22828,1.22838,1.22828,1.22838,3
2005-06-03 02:13:00,1.22828,1.22828,1.22828,1.22828,2
2005-06-03 02:14:00,1.22868,1.22868,1.22828,1.22828,9
2005-06-03 02:15:00,1.22858,1.22878,1.22858,1.22878,11
2005-06-03 02:16:00,1.22868,1.22868,1.22858,1.22858,4
2005-06-03 02:17:00,1.22858,1.22868,1.22858,1.22858,6
2005-06-03 02:18:00,1.22848,1.22868,1.22848,1.22868,6
2005-06-03 02:19:00,1.22838,1.22838,1.22838,1.22838,6
2005-06-03 02:20:00,1.22818,1.22828,1.22818,1.22828,8
2005-06-03 02:21:00,1.22828,1.22828,1.22818,1.22818,11
2005-06-03 02:22:00,1.22818,1.22828,1.22818,1.22828,8
2005-06-03 02:23:00,1.22828,1.22828,1.22818,1.22828,9
2005-06-03 02:24:00,1.22818,1.22838,1.22818,1.22828,12
2005-06-03 02:25:00,1.22808,1.22808,1.22788,1.22808,11
2005-06-03 02:26:00,1.22808,1.22818,1.22798,1.22808,7
2005-06-03 02:27:00,1.22828,1.22828,1.22798,1.22798,16
2005-06-03 02:28:00,1.22838,1.22838,1.22828,1.22838,6
2005-06-03 02:29:00,1.22828,1.22838,1.22818,1.22828,11
2005-06-03 02:30:00,1.22838,1.22838,1.22828,1.22828,5
2005-06-03 02:31:00,1.22828,1.22828,1.22818,1.22828,5
2005-06-03 02:32:00,1.22828,1.22828,1.22818,1.22818,6
2005-06-03 02:33:00,1.22818,1.22818,1.22818,1.22818,6
2005-06-03 02:34:00,1.22828,1.22828,1.22818,1.22818,8
2005-06-03 02:35:00,1.22818,1.22838,1.22818,1.22828,11
2005-06-03 02:36:00,1.22828,1.22828,1.22818,1.22818,4
2005-06-03 02:37:00,1.22828,1.22838,1.22828,1.22828,6
2005-06-03 02:38:00,1.22828,1.22828,1.22818,1.22828,4
2005-06-03 02:39:00,1.22828,1.22828,1.22828,1.22828,3
2005-06-03 02:40:00,1.22828,1.22828,1.22828,1.22828,5
2005-06-03 02:41:00,1.22828,1.22828,1.22828,1.22828,2
2005-06-03 02:42:00,1.22838,1.22838,1.22828,1.22828,6
2005-06-03 02:43:00,1.22858,1.22858,1.22838,1.22848,9
2005-06-03 02:44:00,1.22838,1.22858,1.22838,1.22848,10
2005-06-03 02:45:00,1.22838,1.22848,1.22838,1.22838,8
2005-06-03 02:46:00,1.22848,1.22848,1.22838,1.22848,9
2005-06-03 02:47:00,1.22848,1.22848,1.22848,1.22848,7
2005-06-03 02:48:00,1.22858,1.22858,1.22848,1.22858,8
2005-06-03 02:49:00,1.22848,1.22858,1.22848,1.22858,3
2005-06-03 02:50:00,1.22858,1.22858,1.22848,1.22848,9
2005-06-03 02:51:00,1.22848,1.22858,1.22848,1.22848,4
2005-06-03 02:52:00,1.22878,1.22878,1.22848,1.22848,10
2005-06-03 02:53:00,1.22878,1.22878,1.22878,1.22878,3
2005-06-03 02:54:00,1.22878,1.22878,1.22878,1.22878,4
2005-06-03 02:55:00,1.22898,1.22898,1.22878,1.22878,5
2005-06-03 02:56:00,1.22888,1.22898,1.22888,1.22898,9
2005-06-03 02:57:00,1.22898,1.22898,1.22898,1.22898,3
2005-06-03 02:58:00,1.22888,1.22898,1.22888,1.22898,6
2005-06-03 02:59:00,1.22888,1.22898,1.22888,1.22888,9
2005-06-03 03:00:00,1.22898,1.22898,1.22888,1.22888,5
2005-06-03 03:01:00,1.22898,1.22898,1.22888,1.22898,6
2005-06-03 03:02:00,1.22888,1.22888,1.22888,1.22888,4
2005-06-03 03:03:00,1.22888,1.22888,1.22868,1.22878,8
2005-06-03 03:04:00,1.22888,1.22888,1.22888,1.22888,4
2005-06-03 03:05:00,1.22898,1.22898,1.22878,1.22878,10
2005-06-03 03:06:00,1.22898,1.22898,1.22898,1.22898,2
2005-06-03 03:07:00,1.22888,1.22898,1.22888,1.22888,6
2005-06-03 03:08:00,1.22878,1.22888,1.22868,1.22888,8
2005-06-03 03:09:00,1.22868,1.22878,1.22858,1.22868,11
2005-06-03 03:10:00,1.22868,1.22868,1.22858,1.22868,10
2005-06-03 03:11:00,1.22858,1.22868,1.22858,1.22868,10
2005-06-03 03:12:00,1.22858,1.22868,1.22858,1.22868,7
2005-06-03 03:13:00,1.22858,1.22858,1.22858,1.22858,8
2005-06-03 03:14:00,1.22868,1.22868,1.22858,1.22858,4
2005-06-03 03:15:00,1.22878,1.22878,1.22858,1.22858,9
2005-06-03 03:16:00,1.22878,1.22878,1.22878,1.22878,2
2005-06-03 03:17:00,1.22878,1.22878,1.22868,1.22868,3
2005-06-03 03:18:00,1.22878,1.22878,1.22868,1.22868,3
2005-06-03 03:19:00,1.22878,1.22878,1.22858,1.22868,11
2005-06-03 03:20:00,1.22868,1.22868,1.22868,1.22868,5
2005-06-03 03:21:00,1.22898,1.22908,1.22868,1.22868,9
2005-06-03 03:22:00,1.22928,1.22938,1.22898,1.22898,16
2005-06-03 03:23:00,1.22938,1.22938,1.22928,1.22928,15
2005-06-03 03:24:00,1.22968,1.22968,1.22928,1.22938,18
2005-06-03 03:25:00,1.22908,1.22958,1.22908,1.22958,14
2005-06-03 03:26:00,1.22908,1.22908,1.22908,1.22908,5
2005-06-03 03:27:00,1.22888,1.22908,1.22888,1.22908,7
2005-06-03 03:28:00,1.22878,1.22888,1.22878,1.22888,4
2005-06-03 03:29:00,1.22868,1.22878,1.22868,1.22878,7
2005-06-03 03:30:00,1.22868,1.22868,1.22868,1.22868,2
2005-06-03 03:31:00,1.22868,1.22878,1.22868,1.22868,5
2005-06-03 03:32:00,1.22858,1.22868,1.22858,1.22868,6
2005-06-03 03:33:00,1.22858,1.22858,1.22858,1.22858,5
2005-06-03 03:34:00,1.22868,1.22868,1.22858,1.22858,10
2005-06-03 03:35:00,1.22868,1.22868,1.22868,1.22868,2
2005-06-03 03:36:00,1.22858,1.22868,1.22858,1.22868,4
2005-06-03 03:37:00,1.22868,1.22868,1.22868,1.22868,4
2005-06-03 03:38:00,1.22848,1.22868,1.22848,1.22858,8
2005-06-03 03:39:00,1.22848,1.22858,1.22848,1.22858,8
2005-06-03 03:40:00,1.22858,1.22868,1.22858,1.22858,9
2005-06-03 03:41:00,1.22868,1.22868,1.22858,1.22858,3
2005-06-03 03:42:00,1.22858,1.22858,1.22858,1.22858,4
2005-06-03 03:43:00,1.22858,1.22858,1.22858,1.22858,3
2005-06-03 03:44:00,1.22868,1.22868,1.22858,1.22858,6
2005-06-03 03:45:00,1.22868,1.22878,1.22858,1.22868,6
2005-06-03 03:46:00,1.22878,1.22878,1.22868,1.22868,3
2005-06-03 03:47:00,1.22878,1.22878,1.22878,1.22878,3
2005-06-03 03:48:00,1.22888,1.22888,1.22878,1.22878,6
2005-06-03 03:49:00,1.22878,1.22878,1.22878,1.22878,4
2005-06-03 03:50:00,1.22868,1.22878,1.22868,1.22868,5
2005-06-03 03:51:00,1.22868,1.22868,1.22868,1.22868,2
2005-06-03 03:52:00,1.22868,1.22868,1.22858,1.22858,3
2005-06-03 03:53:00,1.22868,1.22868,1.22858,1.22858,2
2005-06-03 03:54:00,1.22878,1.22878,1.22868,1.22868,9
2005-06-03 03:55:00,1.22908,1.22908,1.22878,1.22878,11
2005-06-03 03:56:00,1.22898,1.22908,1.22898,1.22908,8
2005-06-03 03:57:00,1.22898,1.22898,1.22898,1.22898,3
2005-06-03 03:58:00,1.22938,1.22938,1.22898,1.22898,24
2005-06-03 03:59:00,1.22888,1.22928,1.22888,1.22928,9
2005-06-03 04:00:00,1.22888,1.22888,1.22868,1.22888,13
2005-06-03 04:01:00,1.22888,1.22888,1.22888,1.22888,3
2005-06-03 04:02:00,1.22858,1.22888,1.22858,1.22878,8
2005-06-03 04:03:00,1.22848,1.22868,1.22848,1.22868,13
2005-06-03 04:04:00,1.22838,1.22858,1.22838,1.22838,18
2005-06-03 04:05:00,1.22848,1.22848,1.22838,1.22838,6
2005-06-03 04:06:00,1.22838,1.22838,1.22838,1.22838,5
2005-06-03 04:07:00,1.22838,1.22838,1.22828,1.22828,8
2005-06-03 04:08:00,1.22828,1.22838,1.22818,1.22828,18
2005-06-03 04:09:00,1.22818,1.22828,1.22818,1.22818,6
2005-06-03 04:10:00,1.22808,1.22818,1.22808,1.22818,11
2005-06-03 04:11:00,1.22818,1.22818,1.22808,1.22808,6
2005-06-03 04:12:00,1.22818,1.22828,1.22818,1.22818,5
2005-06-03 04:13:00,1.22838,1.22838,1.22828,1.22828,11
2005-06-03 04:14:00,1.22838,1.22838,1.22828,1.22838,4
2005-06-03 04:15:00,1.22838,1.22848,1.22838,1.22838,12
2005-06-03 04:16:00,1.22838,1.22838,1.22828,1.22828,4
2005-06-03 04:17:00,1.22828,1.22838,1.22818,1.22828,8
2005-06-03 04:18:00,1.22838,1.22848,1.22818,1.22818,11
2005-06-03 04:19:00,1.22848,1.22848,1.22838,1.22848,9
2005-06-03 04:20:00,1.22858,1.22858,1.22858,1.22858,5
2005-06-03 04:21:00,1.22858,1.22858,1.22848,1.22858,7
2005-06-03 04:22:00,1.22858,1.22858,1.22858,1.22858,2
2005-06-03 04:23:00,1.22858,1.22858,1.22848,1.22848,8
2005-06-03 04:24:00,1.22848,1.22858,1.22848,1.22858,2
2005-06-03 04:25:00,1.22858,1.22858,1.22848,1.22858,3
2005-06-03 04:26:00,1.22848,1.22858,1.22838,1.22858,6
2005-06-03 04:27:00,1.22848,1.22858,1.22848,1.22858,10
2005-06-03 04:28:00,1.22848,1.22848,1.22848,1.22848,8
2005-06-03 04:29:00,1.22848,1.22848,1.22848,1.22848,3
2005-06-03 04:30:00,1.22848,1.22848,1.22838,1.22848,4
2005-06-03 04:31:00,1.22848,1.22848,1.22838,1.22848,6
2005-06-03 04:32:00,1.22838,1.22848,1.22838,1.22838,7
2005-06-03 04:33:00,1.22838,1.22838,1.22838,1.22838,2
2005-06-03 04:34:00,1.22838,1.22838,1.22838,1.22838,2
2005-06-03 04:35:00,1.22838,1.22838,1.22828,1.22838,6
2005-06-03 04:36:00,1.22838,1.22848,1.22828,1.22838,6
2005-06-03 04:37:00,1.22838,1.22838,1.22828,1.22838,4
2005-06-03 04:38:00,1.22838,1.22838,1.22838,1.22838,2
2005-06-03 04:39:00,1.22838,1.22838,1.22828,1.22838,3
2005-06-03 04:40:00,1.22828,1.22828,1.22818,1.22828,5
2005-06-03 04:41:00,1.22828,1.22828,1.22808,1.22808,13
2005-06-03 04:42:00,1.22818,1.22828,1.22808,1.22828,4
2005-06-03 04:43:00,1.22808,1.22828,1.22808,1.22828,8
2005-06-03 04:44:00,1.22818,1.22818,1.22808,1.22818,10
2005-06-03 04:45:00,1.22808,1.22818,1.22808,1.22808,8
2005-06-03 04:46:00,1.22798,1.22808,1.22798,1.22808,12
2005-06-03 04:47:00,1.22798,1.22798,1.22788,1.22798,7
2005-06-03 04:48:00,1.22808,1.22808,1.22798,1.22798,6
2005-06-03 04:49:00,1.22818,1.22818,1.22808,1.22808,4
2005-06-03 04:50:00,1.22818,1.22818,1.22808,1.22808,3
2005-06-03 04:51:00,1.22818,1.22828,1.22808,1.22818,7
2005-06-03 04:52:00,1.22838,1.22838,1.22828,1.22828,11
2005-06-03 04:53:00,1.22828,1.22838,1.22828,1.22838,7
2005-06-03 04:54:00,1.22808,1.22818,1.22798,1.22818,8
2005-06-03 04:55:00,1.22818,1.22828,1.22798,1.22798,17
2005-06-03 04:56:00,1.22818,1.22828,1.22818,1.22818,11
2005-06-03 04:57:00,1.22828,1.22828,1.22828,1.22828,5
2005-06-03 04:58:00,1.22848,1.22858,1.22828,1.22828,9
2005-06-03 04:59:00,1.22848,1.22848,1.22848,1.22848,2
2005-06-03 05:00:00,1.22848,1.22848,1.22838,1.22848,8
2005-06-03 05:01:00,1.22858,1.22858,1.22848,1.22848,6
2005-06-03 05:02:00,1.22858,1.22858,1.22858,1.22858,6
2005-06-03 05:03:00,1.22898,1.22908,1.22858,1.22858,16
2005-06-03 05:04:00,1.22908,1.22918,1.22888,1.22888,13
2005-06-03 05:05:00,1.22888,1.22918,1.22888,1.22908,9
2005-06-03 05:06:00,1.22898,1.22898,1.22878,1.22878,13
2005-06-03 05:07:00,1.22898,1.22898,1.22898,1.22898,5
2005-06-03 05:08:00,1.22918,1.22918,1.22898,1.22898,17
2005-06-03 05:09:00,1.22918,1.22918,1.22908,1.22908,6
2005-06-03 05:10:00,1.22908,1.22928,1.22908,1.22918,9
2005-06-03 05:11:00,1.22868,1.22908,1.22868,1.22908,17
2005-06-03 05:12:00,1.22868,1.22868,1.22868,1.22868,3
2005-06-03 05:13:00,1.22868,1.22868,1.22868,1.22868,3
2005-06-03 05:14:00,1.22868,1.22868,1.22868,1.22868,7
2005-06-03 05:15:00,1.22888,1.22888,1.22858,1.22868,9
2005-06-03 05:16:00,1.22898,1.22898,1.22888,1.22888,9
2005-06-03 05:17:00,1.22888,1.22898,1.22868,1.22898,12
2005-06-03 05:18:00,1.22898,1.22898,1.22878,1.22888,8
2005-06-03 05:19:00,1.22898,1.22898,1.22888,1.22898,11
2005-06-03 05:20:00,1.22908,1.22918,1.22888,1.22888,10
2005-06-03 05:21:00,1.22968,1.22968,1.22928,1.22928,22
2005-06-03 05:22:00,1.22998,1.23068,1.22968,1.22968,41
2005-06-03 05:23:00,1.23018,1.23018,1.22988,1.22988,20
2005-06-03 05:24:00,1.23028,1.23028,1.23008,1.23008,12
2005-06-03 05:25:00,1.23038,1.23048,1.23028,1.23038,15
2005-06-03 05:26:00,1.23048,1.23068,1.23038,1.23048,14
2005-06-03 05:27:00,1.22958,1.23048,1.22948,1.23048,12
2005-06-03 05:28:00,1.22938,1.22968,1.22918,1.22968,24
2005-06-03 05:29:00,1.22948,1.22968,1.22938,1.22938,14
2005-06-03 05:30:00,1.22968,1.22978,1.22948,1.22948,15
2005-06-03 05:31:00,1.22968,1.22968,1.22958,1.22968,8
2005-06-03 05:32:00,1.22968,1.22978,1.22968,1.22968,13
2005-06-03 05:33:00,1.22988,1.22998,1.22968,1.22978,23
2005-06-03 05:34:00,1.22968,1.22978,1.22968,1.22978,7
2005-06-03 05:35:00,1.22978,1.22978,1.22968,1.22968,11
2005-06-03 05:36:00,1.22948,1.22968,1.22948,1.22968,8
2005-06-03 05:37:00,1.22958,1.22958,1.22948,1.22948,14
2005-06-03 05:38:00,1.22948,1.22958,1.22938,1.22948,9
2005-06-03 05:39:00,1.22948,1.22958,1.22948,1.22948,12
2005-06-03 05:40:00,1.22958,1.22968,1.22948,1.22958,10
2005-06-03 05:41:00,1.22968,1.22968,1.22958,1.22968,8
2005-06-03 05:42:00,1.22964,1.22978,1.22964,1.22968,12
2005-06-03 05:43:00,1.22984,1.22994,1.22964,1.22964,10
2005-06-03 05:44:00,1.23004,1.23004,1.22974,1.22974,8
2005-06-03 05:45:00,1.23064,1.23064,1.23004,1.23004,29
2005-06-03 05:46:00,1.23064,1.23074,1.23054,1.23074,10
2005-06-03 05:47:00,1.23054,1.23064,1.23044,1.23064,18
2005-06-03 05:48:00,1.23084,1.23084,1.23054,1.23064,19
2005-06-03 05:49:00,1.23054,1.23084,1.23034,1.23074,24
2005-06-03 05:50:00,1.23064,1.23074,1.23054,1.23064,18
2005-06-03 05:51:00,1.23074,1.23094,1.23054,1.23054,19
2005-06-03 05:52:00,1.23064,1.23084,1.23064,1.23084,12
2005-06-03 05:53:00,1.23074,1.23084,1.23054,1.23064,18
2005-06-03 05:54:00,1.23074,1.23084,1.23064,1.23064,20
2005-06-03 05:55:00,1.23044,1.23074,1.23044,1.23074,9
2005-06-03 05:56:00,1.23064,1.23064,1.23044,1.23044,11
2005-06-03 05:57:00,1.23084,1.23084,1.23064,1.23064,13
2005-06-03 05:58:00,1.23074,1.23084,1.23054,1.23084,13
2005-06-03 05:59:00,1.23024,1.23074,1.23014,1.23074,12
2005-06-03 06:00:00,1.23024,1.23044,1.23024,1.23024,16
2005-06-03 06:01:00,1.23014,1.23034,1.23014,1.23024,14
2005-06-03 06:02:00,1.23014,1.23014,1.22994,1.23004,14
2005-06-03 06:03:00,1.22984,1.23014,1.22984,1.23004,12
2005-06-03 06:04:00,1.22944,1.22994,1.22944,1.22994,14
2005-06-03 06:05:00,1.22964,1.22964,1.22944,1.22944,9
2005-06-03 06:06:00,1.22904,1.22954,1.22904,1.22954,21
2005-06-03 06:07:00,1.22904,1.22914,1.22884,1.22894,26
2005-06-03 06:08:00,1.22904,1.22924,1.22904,1.22914,20
2005-06-03 06:09:00,1.22374,1.22894,1.22374,1.22894,45
2005-06-03 06:10:00,1.22664,1.22674,1.22374,1.22374,38
2005-06-03 06:11:00,1.22564,1.22694,1.22384,1.22694,21
2005-06-03 06:12:00,1.22584,1.22584,1.22564,1.22574,3
2005-06-03 06:13:00,1.22518,1.22614,1.22518,1.22588,12
2005-06-03 06:14:00,1.22378,1.22508,1.22378,1.22508,26
2005-06-03 06:15:00,1.22448,1.22468,1.22318,1.22378,36
2005-06-03 06:16:00,1.22428,1.22448,1.22358,1.22438,34
2005-06-03 06:17:00,1.2253,1.2253,1.22428,1.22428,29
2005-06-03 06:18:00,1.2247,1.2256,1.2247,1.2254,29
2005-06-03 06:19:00,1.2253,1.226,1.2251,1.2252,18
2005-06-03 06:20:00,1.2254,1.2258,1.2252,1.2252,18
2005-06-03 06:21:00,1.2252,1.2254,1.2249,1.2254,27
2005-06-03 06:22:00,1.226,1.2261,1.2251,1.2252,41
2005-06-03 06:23:00,1.2259,1.2265,1.2258,1.2262,22
2005-06-03 06:24:00,1.2261,1.2261,1.2259,1.226,18
2005-06-03 06:25:00,1.2263,1.2263,1.2259,1.2262,31
2005-06-03 06:26:00,1.2263,1.2265,1.2263,1.2264,27
2005-06-03 06:27:00,1.226,1.2263,1.226,1.2263,14
2005-06-03 06:28:00,1.22624,1.2263,1.226,1.226,16
2005-06-03 06:29:00,1.2266,1.2267,1.2261,1.2262,28
2005-06-03 06:30:00,1.2265,1.2267,1.2264,1.2265,27
2005-06-03 06:31:00,1.22664,1.2267,1.2265,1.2265,18
2005-06-03 06:32:00,1.22674,1.22674,1.22664,1.22664,23
2005-06-03 06:33:00,1.22664,1.22674,1.22654,1.22674,22
2005-06-03 06:34:00,1.22584,1.22654,1.22584,1.22654,28
2005-06-03 06:35:00,1.22554,1.22584,1.22554,1.22584,19
2005-06-03 06:36:00,1.22504,1.22564,1.22494,1.22564,33
2005-06-03 06:37:00,1.22544,1.22554,1.22494,1.22504,42
2005-06-03 06:38:00,1.22564,1.22574,1.22544,1.22544,23
2005-06-03 06:39:00,1.22524,1.22574,1.22504,1.22574,22
2005-06-03 06:40:00,1.22544,1.22554,1.22524,1.22524,14
2005-06-03 06:41:00,1.22554,1.22554,1.22544,1.22554,19
2005-06-03 06:42:00,1.22604,1.22604,1.22554,1.22554,19
2005-06-03 06:43:00,1.22634,1.22654,1.22614,1.22614,32
2005-06-03 06:44:00,1.22664,1.22674,1.22624,1.22644,34
2005-06-03 06:45:00,1.22634,1.22664,1.22634,1.22664,19
2005-06-03 06:46:00,1.22614,1.22634,1.22604,1.22634,27
2005-06-03 06:47:00,1.22624,1.22624,1.22604,1.22604,31
2005-06-03 06:48:00,1.22624,1.22634,1.22604,1.22624,27
2005-06-03 06:49:00,1.22654,1.22654,1.2263,1.22634,16
2005-06-03 06:50:00,1.22634,1.22644,1.22634,1.22644,28
2005-06-03 06:51:00,1.22654,1.22654,1.22634,1.22634,25
2005-06-03 06:52:00,1.22674,1.22684,1.22654,1.22654,19
2005-06-03 06:53:00,1.22674,1.22684,1.22664,1.22674,22
2005-06-03 06:54:00,1.22684,1.22694,1.22674,1.22684,22
2005-06-03 06:55:00,1.22684,1.22684,1.22674,1.22674,16
2005-06-03 06:56:00,1.22674,1.22684,1.22674,1.22674,17
2005-06-03 06:57:00,1.22674,1.22674,1.22664,1.22674,8
2005-06-03 06:58:00,1.22634,1.22664,1.22624,1.22664,18
2005-06-03 06:59:00,1.22634,1.22654,1.22634,1.22634,20
2005-06-03 07:00:00,1.22664,1.22664,1.22624,1.22624,6
2005-06-03 07:01:00,1.22734,1.22734,1.22664,1.22664,8
2005-06-03 07:02:00,1.22714,1.22734,1.22714,1.22734,3
2005-06-03 07:03:00,1.22764,1.22764,1.22734,1.22744,12
2005-06-03 07:04:00,1.22754,1.22784,1.22754,1.22774,10
2005-06-03 07:05:00,1.22784,1.22794,1.22744,1.22754,8
2005-06-03 07:06:00,1.22774,1.22774,1.22764,1.22774,8
2005-06-03 07:07:00,1.22814,1.22824,1.22764,1.22774,10
2005-06-03 07:08:00,1.22814,1.22814,1.22794,1.22814,12
2005-06-03 07:09:00,1.22804,1.22814,1.22804,1.22814,11
2005-06-03 07:10:00,1.22804,1.22824,1.22804,1.22824,9
2005-06-03 07:11:00,1.22844,1.22844,1.22794,1.22814,10
2005-06-03 07:12:00,1.22788,1.22834,1.22778,1.22824,12
2005-06-03 07:13:00,1.22778,1.22808,1.22768,1.22808,11
2005-06-03 07:14:00,1.22748,1.22788,1.22748,1.22778,9
2005-06-03 07:15:00,1.22754,1.22764,1.22748,1.22758,10
2005-06-03 07:16:00,1.22744,1.22744,1.22734,1.22744,8
2005-06-03 07:17:00,1.22754,1.22774,1.22734,1.22734,7
2005-06-03 07:18:00,1.22764,1.22764,1.22754,1.22754,4
2005-06-03 07:19:00,1.22764,1.22764,1.22754,1.22754,7
2005-06-03 07:20:00,1.22744,1.22764,1.22734,1.22754,11
2005-06-03 07:21:00,1.22784,1.22784,1.22744,1.22744,4
2005-06-03 07:22:00,1.22824,1.22824,1.22774,1.22794,12
2005-06-03 07:23:00,1.22854,1.22864,1.22814,1.22834,13
2005-06-03 07:24:00,1.22838,1.22844,1.22824,1.22844,11
2005-06-03 07:25:00,1.22808,1.22838,1.22808,1.22828,11
2005-06-03 07:26:00,1.22788,1.22808,1.22788,1.22808,10
2005-06-03 07:27:00,1.22818,1.22828,1.22778,1.22782,9
2005-06-03 07:28:00,1.22818,1.22838,1.22818,1.22818,6
2005-06-03 07:29:00,1.22828,1.22828,1.22808,1.22808,7
2005-06-03 07:30:00,1.22808,1.22828,1.22798,1.22828,7
2005-06-03 07:31:00,1.22838,1.22838,1.22818,1.22818,8
2005-06-03 07:32:00,1.22828,1.22838,1.22818,1.22828,7
2005-06-03 07:33:00,1.22828,1.22828,1.22818,1.22818,8
2005-06-03 07:34:00,1.22818,1.22828,1.22808,1.22828,5
2005-06-03 07:35:00,1.22828,1.22828,1.22818,1.22828,6
2005-06-03 07:36:00,1.22858,1.22858,1.22828,1.22838,6
2005-06-03 07:37:00,1.22858,1.22878,1.22838,1.22858,10
2005-06-03 07:38:00,1.22838,1.22858,1.22838,1.22848,8
2005-06-03 07:39:00,1.22838,1.22848,1.22838,1.22838,4
2005-06-03 07:40:00,1.22828,1.22828,1.22818,1.22828,6
2005-06-03 07:41:00,1.22838,1.22848,1.22818,1.22818,6
2005-06-03 07:42:00,1.22828,1.22838,1.22828,1.22838,6
2005-06-03 07:43:00,1.22818,1.22838,1.22818,1.22838,5
2005-06-03 07:44:00,1.22808,1.22818,1.22808,1.22818,3
2005-06-03 07:45:00,1.22818,1.22818,1.22808,1.22808,3
2005-06-03 07:46:00,1.22818,1.22818,1.22808,1.22808,4
2005-06-03 07:47:00,1.22828,1.22828,1.22828,1.22828,2
2005-06-03 07:48:00,1.22818,1.22828,1.22818,1.22828,4
2005-06-03 07:49:00,1.22818,1.22828,1.22818,1.22818,6
2005-06-03 07:50:00,1.22768,1.22808,1.22758,1.22808,11
2005-06-03 07:51:00,1.22718,1.22768,1.22718,1.22758,7
2005-06-03 07:52:00,1.22728,1.22728,1.22718,1.22728,6
2005-06-03 07:53:00,1.22728,1.22728,1.22718,1.22718,10
2005-06-03 07:54:00,1.22728,1.22738,1.22728,1.22728,3
2005-06-03 07:55:00,1.22738,1.22738,1.22738,1.22738,1
2005-06-03 07:56:00,1.22738,1.22748,1.22738,1.22738,7
2005-06-03 07:58:00,1.22728,1.22738,1.22718,1.22738,10
2005-06-03 07:59:00,1.22718,1.22728,1.22718,1.22728,6
2005-06-03 08:00:00,1.22728,1.22728,1.22718,1.22718,5
2005-06-03 08:01:00,1.22728,1.22738,1.22728,1.22728,5
2005-06-03 08:02:00,1.22708,1.22718,1.22708,1.22718,3
2005-06-03 08:03:00,1.22728,1.22738,1.22718,1.22718,10
2005-06-03 08:04:00,1.22718,1.22718,1.22718,1.22718,4
2005-06-03 08:05:00,1.22708,1.22718,1.22708,1.22718,3
2005-06-03 08:06:00,1.22728,1.22738,1.22718,1.22718,13
2005-06-03 08:07:00,1.22728,1.22728,1.22718,1.22728,5
2005-06-03 08:08:00,1.22728,1.22728,1.22728,1.22728,2
2005-06-03 08:09:00,1.22738,1.22738,1.22728,1.22728,3
2005-06-03 08:10:00,1.22728,1.22728,1.22718,1.22728,6
2005-06-03 08:11:00,1.22738,1.22738,1.22728,1.22738,7
2005-06-03 08:12:00,1.22748,1.22758,1.22748,1.22748,3
2005-06-03 08:13:00,1.22758,1.22758,1.22748,1.22748,3
2005-06-03 08:14:00,1.22778,1.22778,1.22768,1.22768,6
2005-06-03 08:15:00,1.22758,1.22778,1.22758,1.22768,10
2005-06-03 08:16:00,1.22768,1.22768,1.22768,1.22768,4
2005-06-03 08:17:00,1.22768,1.22778,1.22768,1.22768,7
2005-06-03 08:18:00,1.22758,1.22768,1.22758,1.22768,3
2005-06-03 08:19:00,1.22758,1.22768,1.22758,1.22768,5
2005-06-03 08:20:00,1.22778,1.22788,1.22768,1.22768,6
2005-06-03 08:21:00,1.22798,1.22798,1.22768,1.22778,6
2005-06-03 08:22:00,1.22788,1.22798,1.22788,1.22798,3
2005-06-03 08:23:00,1.22798,1.22798,1.22798,1.22798,3
2005-06-03 08:24:00,1.22778,1.22798,1.22778,1.22798,8
2005-06-03 08:25:00,1.22764,1.22768,1.22748,1.22768,8
2005-06-03 08:26:00,1.22764,1.22764,1.22734,1.22754,16
2005-06-03 08:27:00,1.22784,1.22794,1.22764,1.22764,9
2005-06-03 08:28:00,1.22774,1.22774,1.22774,1.22774,4
2005-06-03 08:29:00,1.22784,1.22784,1.22774,1.22774,3
2005-06-03 08:30:00,1.22774,1.22784,1.22774,1.22774,8
2005-06-03 08:31:00,1.22784,1.22784,1.22764,1.22764,6
2005-06-03 08:32:00,1.22784,1.22784,1.22774,1.22784,4
2005-06-03 08:33:00,1.22774,1.22794,1.22774,1.22784,6
2005-06-03 08:34:00,1.22774,1.22774,1.22764,1.22764,6
2005-06-03 08:35:00,1.22774,1.22784,1.22774,1.22774,7
2005-06-03 08:36:00,1.22784,1.22784,1.22774,1.22774,3
2005-06-03 08:37:00,1.22774,1.22774,1.22774,1.22774,4
2005-06-03 08:38:00,1.22774,1.22784,1.22774,1.22784,2
2005-06-03 08:39:00,1.22774,1.22774,1.22774,1.22774,5
2005-06-03 08:40:00,1.22784,1.22784,1.22774,1.22784,4
2005-06-03 08:41:00,1.22764,1.22774,1.22764,1.22774,9
2005-06-03 08:42:00,1.22774,1.22774,1.22764,1.22774,8
2005-06-03 08:43:00,1.22764,1.22774,1.22764,1.22764,6
2005-06-03 08:44:00,1.22784,1.22784,1.22754,1.22754,5
2005-06-03 08:45:00,1.22784,1.22794,1.22774,1.22784,7
2005-06-03 08:46:00,1.22804,1.22804,1.22764,1.22764,5
2005-06-03 08:47:00,1.22794,1.22794,1.22794,1.22794,2
2005-06-03 08:48:00,1.22794,1.22804,1.22794,1.22794,5
2005-06-03 08:49:00,1.22784,1.22804,1.22784,1.22804,7
2005-06-03 08:50:00,1.22774,1.22794,1.22774,1.22794,5
2005-06-03 08:51:00,1.22764,1.22774,1.22764,1.22764,3
2005-06-03 08:52:00,1.22804,1.22804,1.22774,1.22774,6
2005-06-03 08:53:00,1.22788,1.22798,1.22778,1.22798,10
2005-06-03 08:54:00,1.2279,1.2279,1.2277,1.2279,7
2005-06-03 08:55:00,1.2281,1.2281,1.2278,1.2279,9
2005-06-03 08:56:00,1.2278,1.228,1.2278,1.2279,8
2005-06-03 08:57:00,1.2279,1.2279,1.2278,1.2278,4
2005-06-03 08:58:00,1.2279,1.2279,1.2278,1.2278,4
2005-06-03 08:59:00,1.2278,1.2279,1.2278,1.2278,5
2005-06-03 09:00:00,1.2277,1.2278,1.2277,1.2278,3
2005-06-03 09:01:00,1.22766,1.22766,1.2276,1.2276,2
2005-06-03 09:02:00,1.2277,1.2277,1.22766,1.22766,3
2005-06-03 09:03:00,1.2279,1.2279,1.2277,1.2277,6
2005-06-03 09:04:00,1.228,1.228,1.2278,1.2278,7
2005-06-03 09:05:00,1.2278,1.228,1.2278,1.228,4
2005-06-03 09:06:00,1.2278,1.2278,1.2276,1.2277,6
2005-06-03 09:07:00,1.2279,1.228,1.2278,1.2279,8
2005-06-03 09:08:00,1.228,1.228,1.2278,1.2279,8
2005-06-03 09:09:00,1.228,1.228,1.2279,1.228,5
2005-06-03 09:10:00,1.2282,1.2284,1.228,1.228,9
2005-06-03 09:11:00,1.2282,1.2283,1.2282,1.2283,4
2005-06-03 09:12:00,1.2284,1.2284,1.2282,1.2283,7
2005-06-03 09:13:00,1.2283,1.2284,1.2283,1.2283,4
2005-06-03 09:14:00,1.2282,1.2283,1.2281,1.2283,7
2005-06-03 09:15:00,1.2281,1.2281,1.228,1.2281,4
2005-06-03 09:16:00,1.2281,1.2282,1.2281,1.2281,7
2005-06-03 09:17:00,1.2281,1.2282,1.2281,1.2281,4
2005-06-03 09:18:00,1.2282,1.2282,1.2282,1.2282,3
2005-06-03 09:19:00,1.228,1.2282,1.228,1.2282,5
2005-06-03 09:20:00,1.2277,1.2281,1.2277,1.2281,9
2005-06-03 09:21:00,1.2278,1.2278,1.2277,1.2277,5
2005-06-03 09:22:00,1.2277,1.2278,1.2277,1.2278,7
2005-06-03 09:23:00,1.2278,1.2279,1.2277,1.2277,7
2005-06-03 09:24:00,1.2277,1.2278,1.2276,1.2278,5
2005-06-03 09:25:00,1.2277,1.2278,1.2276,1.2277,11
2005-06-03 09:26:00,1.2277,1.2278,1.2276,1.2276,9
2005-06-03 09:27:00,1.2278,1.2278,1.2277,1.2277,4
2005-06-03 09:28:00,1.2277,1.2278,1.2277,1.2277,9
2005-06-03 09:29:00,1.2278,1.2278,1.2277,1.2278,3
2005-06-03 09:30:00,1.2276,1.2278,1.2276,1.2278,5
2005-06-03 09:31:00,1.2276,1.2277,1.2275,1.2276,13
2005-06-03 09:32:00,1.2274,1.2275,1.2274,1.2275,5
2005-06-03 09:33:00,1.2275,1.2276,1.2274,1.2274,5
2005-06-03 09:34:00,1.2277,1.2277,1.2275,1.2275,8
2005-06-03 09:35:00,1.2277,1.2278,1.2277,1.2278,4
2005-06-03 09:36:00,1.2277,1.2278,1.2277,1.2277,6
2005-06-03 09:37:00,1.2279,1.2279,1.2277,1.2277,6
2005-06-03 09:38:00,1.2279,1.228,1.2277,1.228,12
2005-06-03 09:39:00,1.2279,1.2279,1.2278,1.2278,7
2005-06-03 09:40:00,1.2278,1.2279,1.2278,1.2279,3
2005-06-03 09:41:00,1.2279,1.228,1.2278,1.2278,8
2005-06-03 09:42:00,1.2282,1.2282,1.228,1.228,4
2005-06-03 09:43:00,1.2283,1.2284,1.2282,1.2284,6
2005-06-03 09:44:00,1.2283,1.2283,1.2281,1.2283,8
2005-06-03 09:45:00,1.2284,1.2284,1.2282,1.2282,6
2005-06-03 09:46:00,1.2282,1.2284,1.2282,1.2284,7
2005-06-03 09:47:00,1.2282,1.2282,1.2281,1.2282,7
2005-06-03 09:48:00,1.2282,1.2282,1.2281,1.2281,5
2005-06-03 09:49:00,1.2282,1.2282,1.2281,1.2281,5
2005-06-03 09:50:00,1.2282,1.2283,1.2282,1.2283,3
2005-06-03 09:51:00,1.2284,1.2284,1.2282,1.2282,5
2005-06-03 09:52:00,1.2283,1.2284,1.2283,1.2284,5
2005-06-03 09:53:00,1.2284,1.2284,1.2282,1.2284,12
2005-06-03 09:54:00,1.2282,1.2284,1.2282,1.2284,7
2005-06-03 09:55:00,1.2282,1.2283,1.2282,1.2283,7
2005-06-03 09:56:00,1.2283,1.2283,1.2282,1.2283,4
2005-06-03 09:57:00,1.2282,1.2283,1.2282,1.2282,6
2005-06-03 09:58:00,1.2282,1.2283,1.2282,1.2283,6
2005-06-03 09:59:00,1.228,1.2282,1.228,1.2282,5
2005-06-03 10:00:00,1.228,1.2282,1.228,1.2281,10
2005-06-03 10:01:00,1.2279,1.2281,1.2279,1.228,4
2005-06-03 10:02:00,1.2279,1.2279,1.2278,1.2279,6
2005-06-03 10:03:00,1.2279,1.2279,1.2278,1.2278,3
2005-06-03 10:04:00,1.2281,1.2281,1.228,1.228,6
2005-06-03 10:05:00,1.2281,1.2281,1.228,1.2281,4
2005-06-03 10:06:00,1.2281,1.2281,1.228,1.228,3
2005-06-03 10:07:00,1.2281,1.2281,1.228,1.228,3
2005-06-03 10:08:00,1.2279,1.2281,1.2279,1.2281,5
2005-06-03 10:09:00,1.2277,1.228,1.2276,1.2279,5
2005-06-03 10:10:00,1.227,1.2277,1.2268,1.2277,9
2005-06-03 10:11:00,1.22744,1.2277,1.2268,1.2269,8
2005-06-03 10:12:00,1.22794,1.22804,1.22744,1.22754,11
2005-06-03 10:13:00,1.22744,1.22794,1.22744,1.22794,7
2005-06-03 10:14:00,1.22728,1.22734,1.22694,1.22734,11
2005-06-03 10:15:00,1.22718,1.22778,1.22718,1.22738,8
2005-06-03 10:16:00,1.22728,1.22728,1.22698,1.22728,10
2005-06-03 10:17:00,1.22758,1.22778,1.22748,1.22748,8
2005-06-03 10:18:00,1.22758,1.22758,1.22748,1.22758,4
2005-06-03 10:19:00,1.22728,1.22758,1.22728,1.22758,6
2005-06-03 10:20:00,1.22728,1.22728,1.22718,1.22728,5
2005-06-03 10:21:00,1.22768,1.22788,1.22738,1.22738,19
2005-06-03 10:22:00,1.22778,1.22788,1.22768,1.22768,10
2005-06-03 10:23:00,1.22764,1.22788,1.22764,1.22778,7
2005-06-03 10:24:00,1.22774,1.22774,1.22764,1.22764,5
2005-06-03 10:25:00,1.22774,1.22774,1.22764,1.22774,4
2005-06-03 10:26:00,1.22764,1.22774,1.22764,1.22774,5
2005-06-03 10:27:00,1.22784,1.22784,1.22774,1.22774,4
2005-06-03 10:28:00,1.22774,1.22794,1.22774,1.22784,6
2005-06-03 10:29:00,1.22744,1.22774,1.22744,1.22764,9
2005-06-03 10:30:00,1.22774,1.22774,1.22744,1.22754,9
2005-06-03 10:31:00,1.22774,1.22774,1.22764,1.22764,10
2005-06-03 10:32:00,1.22794,1.22794,1.22754,1.22764,7
2005-06-03 10:33:00,1.22824,1.22824,1.22784,1.22784,8
2005-06-03 10:34:00,1.22824,1.22824,1.22814,1.22814,2
2005-06-03 10:35:00,1.22814,1.22814,1.22814,1.22814,1
2005-06-03 10:36:00,1.22814,1.22814,1.22814,1.22814,1
2005-06-03 10:37:00,1.22814,1.22814,1.22814,1.22814,4
2005-06-03 10:38:00,1.22814,1.22814,1.22814,1.22814,1
2005-06-03 10:39:00,1.22824,1.22834,1.22824,1.22824,6
2005-06-03 10:40:00,1.22804,1.22834,1.22804,1.22834,9
2005-06-03 10:42:00,1.22814,1.22814,1.22804,1.22804,5
2005-06-03 10:43:00,1.22824,1.22824,1.22804,1.22804,11
2005-06-03 10:44:00,1.22808,1.22824,1.22808,1.22824,7
2005-06-03 10:45:00,1.22818,1.22818,1.22808,1.22818,4
2005-06-03 10:46:00,1.22818,1.22828,1.22818,1.22818,5
2005-06-03 10:47:00,1.22818,1.22818,1.22808,1.22818,6
2005-06-03 10:48:00,1.22818,1.22818,1.22808,1.22818,5
2005-06-03 10:49:00,1.22808,1.22818,1.22788,1.22818,7
2005-06-03 10:50:00,1.22768,1.22808,1.22768,1.22788,10
2005-06-03 10:51:00,1.22768,1.22768,1.22748,1.22768,10
2005-06-03 10:52:00,1.22778,1.22778,1.22758,1.22758,7
2005-06-03 10:53:00,1.22788,1.22788,1.22778,1.22788,4
2005-06-03 10:54:00,1.22788,1.22798,1.22788,1.22788,6
2005-06-03 10:55:00,1.22788,1.22808,1.22788,1.22798,8
2005-06-03 10:56:00,1.22798,1.22798,1.22788,1.22788,9
2005-06-03 10:57:00,1.22788,1.22798,1.22788,1.22798,6
2005-06-03 10:58:00,1.22808,1.22818,1.22788,1.22788,11
2005-06-03 10:59:00,1.22808,1.22828,1.22798,1.22818,9
2005-06-03 11:00:00,1.22838,1.22838,1.22818,1.22818,6
2005-06-03 11:01:00,1.22846,1.22846,1.22828,1.22828,8
2005-06-03 11:02:00,1.22852,1.22862,1.22836,1.22856,9
2005-06-03 11:03:00,1.22852,1.22862,1.22842,1.22852,9
2005-06-03 11:04:00,1.22862,1.22862,1.22852,1.22862,7
2005-06-03 11:05:00,1.22946,1.22946,1.22872,1.22872,12
2005-06-03 11:06:00,1.22924,1.22966,1.22924,1.22946,14
2005-06-03 11:07:00,1.22924,1.22934,1.22924,1.22924,3
2005-06-03 11:08:00,1.22944,1.22944,1.22924,1.22934,5
2005-06-03 11:09:00,1.22944,1.22944,1.22924,1.22934,6
2005-06-03 11:10:00,1.22932,1.22932,1.22924,1.22924,4
2005-06-03 11:11:00,1.22922,1.22932,1.22922,1.22922,7
2005-06-03 11:12:00,1.22892,1.22932,1.22892,1.22912,8
2005-06-03 11:13:00,1.22882,1.22882,1.22882,1.22882,4
2005-06-03 11:14:00,1.22892,1.22892,1.22872,1.22882,9
2005-06-03 11:15:00,1.22912,1.22912,1.22882,1.22882,6
2005-06-03 11:16:00,1.22922,1.22932,1.22912,1.22912,5
2005-06-03 11:17:00,1.22972,1.22972,1.22922,1.22922,8
2005-06-03 11:18:00,1.22982,1.22992,1.22962,1.22972,41
2005-06-03 11:19:00,1.22982,1.22992,1.22972,1.22982,42
2005-06-03 11:20:00,1.22972,1.22982,1.22972,1.22982,26
2005-06-03 11:21:00,1.22992,1.22992,1.22972,1.22982,43
2005-06-03 11:22:00,1.22942,1.22992,1.22942,1.22992,53
2005-06-03 11:23:00,1.22882,1.22942,1.22882,1.22932,49
2005-06-03 11:24:00,1.22842,1.22892,1.22832,1.22882,49
2005-06-03 11:25:00,1.22848,1.22862,1.22828,1.22842,60
2005-06-03 11:26:00,1.22848,1.22868,1.22838,1.22848,39
2005-06-03 11:27:00,1.22878,1.22888,1.22848,1.22848,40
2005-06-03 11:28:00,1.22904,1.22904,1.22878,1.22878,50
2005-06-03 11:29:00,1.22914,1.22924,1.22894,1.22904,39
2005-06-03 11:30:00,1.22924,1.22924,1.22894,1.22914,48
2005-06-03 11:31:00,1.22924,1.22934,1.22914,1.22924,43
2005-06-03 11:32:00,1.22904,1.22924,1.22904,1.22924,44
2005-06-03 11:33:00,1.22896,1.22896,1.22864,1.22884,48
2005-06-03 11:34:00,1.22886,1.22906,1.22886,1.22906,46
2005-06-03 11:35:00,1.22886,1.22896,1.22886,1.22886,30
2005-06-03 11:36:00,1.22906,1.22906,1.22876,1.22876,48
2005-06-03 11:37:00,1.22888,1.22926,1.22878,1.22906,48
2005-06-03 11:38:00,1.22844,1.22888,1.22837,1.22888,48
2005-06-03 11:39:00,1.22848,1.22848,1.22824,1.22844,45
2005-06-03 11:40:00,1.22868,1.22868,1.22848,1.22848,44
2005-06-03 11:41:00,1.22838,1.22864,1.22838,1.22864,31
2005-06-03 11:42:00,1.22822,1.22848,1.22822,1.22838,49
2005-06-03 11:43:00,1.22806,1.22832,1.22802,1.22822,51
2005-06-03 11:44:00,1.22806,1.22816,1.22786,1.22806,48
2005-06-03 11:45:00,1.22806,1.22806,1.22796,1.22806,35
2005-06-03 11:46:00,1.22816,1.22816,1.22806,1.22806,40
2005-06-03 11:47:00,1.22836,1.22836,1.22816,1.22816,32
2005-06-03 11:48:00,1.22816,1.22846,1.22816,1.22836,45
2005-06-03 11:49:00,1.22816,1.22826,1.22816,1.22816,44
2005-06-03 11:50:00,1.22836,1.22836,1.22816,1.22816,38
2005-06-03 11:51:00,1.22854,1.22866,1.22836,1.22836,59
2005-06-03 11:52:00,1.22864,1.22874,1.22844,1.22854,44
2005-06-03 11:53:00,1.22874,1.22874,1.22854,1.22864,46
2005-06-03 11:54:00,1.22858,1.22874,1.22858,1.22874,29
2005-06-03 11:55:00,1.22878,1.22878,1.22848,1.22858,47
2005-06-03 11:56:00,1.22878,1.22888,1.22868,1.22878,51
2005-06-03 11:57:00,1.22858,1.22888,1.22848,1.22878,48
2005-06-03 11:58:00,1.22858,1.22868,1.22848,1.22858,43
2005-06-03 11:59:00,1.22872,1.22872,1.22858,1.22858,42
2005-06-03 12:00:00,1.22882,1.22892,1.22872,1.22872,49
2005-06-03 12:01:00,1.22902,1.22902,1.22882,1.22882,42
2005-06-03 12:02:00,1.22892,1.22902,1.22892,1.22902,48
2005-06-03 12:03:00,1.22882,1.22902,1.22882,1.22892,47
2005-06-03 12:04:00,1.22874,1.22884,1.22872,1.22882,36
2005-06-03 12:05:00,1.22874,1.22884,1.22874,1.22874,36
2005-06-03 12:06:00,1.22884,1.22884,1.22854,1.22874,41
2005-06-03 12:07:00,1.22874,1.22884,1.22874,1.22884,34
2005-06-03 12:08:00,1.22854,1.22874,1.22844,1.22874,44
2005-06-03 12:09:00,1.22854,1.22874,1.22854,1.22854,34
2005-06-03 12:10:00,1.22874,1.22874,1.22854,1.22854,37
2005-06-03 12:11:00,1.22874,1.22884,1.22874,1.22874,38
2005-06-03 12:12:00,1.22888,1.22904,1.22874,1.22874,41
2005-06-03 12:13:00,1.22888,1.22898,1.22888,1.22888,44
2005-06-03 12:14:00,1.22888,1.22888,1.22878,1.22888,36
2005-06-03 12:15:00,1.22858,1.22898,1.22858,1.22888,41
2005-06-03 12:16:00,1.22858,1.22888,1.22858,1.22858,44
2005-06-03 12:17:00,1.22874,1.22874,1.22858,1.22858,41
2005-06-03 12:18:00,1.22886,1.22904,1.22874,1.22874,45
2005-06-03 12:19:00,1.22876,1.22896,1.22866,1.22886,49
2005-06-03 12:20:00,1.22866,1.22876,1.22866,1.22876,32
2005-06-03 12:21:00,1.22856,1.22866,1.22846,1.22866,31
2005-06-03 12:22:00,1.22866,1.22876,1.22846,1.22856,44
2005-06-03 12:23:00,1.22936,1.22946,1.22866,1.22866,46
2005-06-03 12:24:00,1.2293,1.22936,1.2291,1.22936,50
2005-06-03 12:25:00,1.2291,1.2293,1.2291,1.2293,44
2005-06-03 12:26:00,1.2293,1.2294,1.2289,1.2291,56
2005-06-03 12:27:00,1.2295,1.2295,1.2292,1.2294,48
2005-06-03 12:28:00,1.2288,1.2294,1.2287,1.2294,59
2005-06-03 12:29:00,1.2294,1.2296,1.2288,1.2288,54
2005-06-03 12:30:00,1.2327,1.2341,1.2295,1.2296,34
2005-06-03 12:31:00,1.23195,1.2333,1.23135,1.232,10
2005-06-03 12:32:00,1.2306,1.23225,1.2306,1.23225,27
2005-06-03 12:33:00,1.2284,1.2305,1.2284,1.2305,26
2005-06-03 12:34:00,1.2293,1.2297,1.2284,1.2284,27
2005-06-03 12:35:00,1.2285,1.2293,1.2281,1.2293,37
2005-06-03 12:36:00,1.2279,1.2284,1.2278,1.2283,10
2005-06-03 12:37:00,1.2266,1.2277,1.2264,1.2273,15
2005-06-03 12:38:00,1.2273,1.2274,1.2263,1.2264,20
2005-06-03 12:39:00,1.2272,1.2272,1.2263,1.2272,17
2005-06-03 12:40:00,1.2273,1.2273,1.2267,1.2272,20
2005-06-03 12:41:00,1.2275,1.2275,1.2273,1.2275,19
2005-06-03 12:42:00,1.227,1.2274,1.2269,1.2274,29
2005-06-03 12:43:00,1.22765,1.22785,1.22675,1.2269,36
2005-06-03 12:44:00,1.22875,1.22885,1.22775,1.22775,23
2005-06-03 12:45:00,1.2286,1.2288,1.22845,1.22865,24
2005-06-03 12:46:00,1.22935,1.22935,1.2286,1.2287,23
2005-06-03 12:47:00,1.22875,1.22925,1.22875,1.22925,12
2005-06-03 12:48:00,1.22955,1.22975,1.22875,1.22875,13
2005-06-03 12:49:00,1.22935,1.22955,1.22915,1.22955,10
2005-06-03 12:50:00,1.22915,1.22955,1.22885,1.22885,21
2005-06-03 12:51:00,1.23095,1.23095,1.22905,1.22905,32
2005-06-03 12:52:00,1.23175,1.23205,1.23095,1.23105,19
2005-06-03 12:53:00,1.23095,1.23165,1.23095,1.23165,19
2005-06-03 12:54:00,1.2307,1.2308,1.23055,1.23075,18
2005-06-03 12:55:00,1.2305,1.2308,1.2302,1.2308,26
2005-06-03 12:56:00,1.2305,1.2306,1.2299,1.2303,16
2005-06-03 12:57:00,1.2309,1.2312,1.2305,1.2305,18
2005-06-03 12:58:00,1.2303,1.2309,1.2302,1.2308,24
2005-06-03 12:59:00,1.2306,1.2307,1.2299,1.2303,13
2005-06-03 13:00:00,1.2306,1.2306,1.2303,1.2305,19
2005-06-03 13:01:00,1.2305,1.2306,1.2301,1.2306,40
2005-06-03 13:02:00,1.2306,1.2307,1.2301,1.2304,40
2005-06-03 13:03:00,1.2302,1.2314,1.2299,1.2306,54
2005-06-03 13:04:00,1.2295,1.2302,1.2294,1.2302,43
2005-06-03 13:05:00,1.22923,1.2294,1.229,1.2294,41
2005-06-03 13:06:00,1.22843,1.22923,1.22833,1.22923,50
2005-06-03 13:07:00,1.22883,1.22903,1.22843,1.22843,42
2005-06-03 13:08:00,1.22894,1.22924,1.22873,1.22893,53
2005-06-03 13:09:00,1.22854,1.22894,1.22834,1.22894,47
2005-06-03 13:10:00,1.22814,1.22854,1.22794,1.22854,52
2005-06-03 13:11:00,1.22864,1.22894,1.22804,1.22814,42
2005-06-03 13:12:00,1.22844,1.22884,1.22844,1.22854,44
2005-06-03 13:13:00,1.22878,1.22898,1.22854,1.22854,43
2005-06-03 13:14:00,1.22928,1.22928,1.22878,1.22878,49
2005-06-03 13:15:00,1.22908,1.22928,1.22908,1.22928,34
2005-06-03 13:16:00,1.22908,1.22958,1.22908,1.22918,44
2005-06-03 13:17:00,1.22878,1.22908,1.22878,1.22908,39
2005-06-03 13:18:00,1.22858,1.22878,1.22858,1.22878,44
2005-06-03 13:19:00,1.22808,1.22858,1.22808,1.22858,44
2005-06-03 13:20:00,1.22768,1.22828,1.22768,1.22808,60
2005-06-03 13:21:00,1.22758,1.22778,1.22748,1.22768,44
2005-06-03 13:22:00,1.22818,1.22818,1.22758,1.22758,40
2005-06-03 13:23:00,1.22732,1.22808,1.22732,1.22808,45
2005-06-03 13:24:00,1.22702,1.22752,1.22702,1.22732,52
2005-06-03 13:25:00,1.22722,1.22732,1.22692,1.22732,31
2005-06-03 13:26:00,1.22722,1.22722,1.22672,1.22722,46
2005-06-03 13:27:00,1.22742,1.22742,1.22712,1.22722,41
2005-06-03 13:28:00,1.22712,1.22732,1.22662,1.22722,47
2005-06-03 13:29:00,1.22762,1.22782,1.22712,1.22712,41
2005-06-03 13:30:00,1.22742,1.22772,1.22732,1.22772,43
2005-06-03 13:31:00,1.22752,1.22772,1.22732,1.22742,43
2005-06-03 13:32:00,1.22762,1.22762,1.22732,1.22752,48
2005-06-03 13:33:00,1.22748,1.22758,1.22742,1.22752,38
2005-06-03 13:34:00,1.22802,1.22818,1.22758,1.22758,49
2005-06-03 13:35:00,1.22792,1.22802,1.22762,1.22802,44
2005-06-03 13:36:00,1.22822,1.22822,1.22772,1.22782,36
2005-06-03 13:37:00,1.22848,1.22882,1.22822,1.22822,57
2005-06-03 13:38:00,1.22862,1.22872,1.22832,1.22848,47
2005-06-03 13:39:00,1.22782,1.22852,1.22782,1.22852,49
2005-06-03 13:40:00,1.22782,1.22792,1.22762,1.22782,33
2005-06-03 13:41:00,1.22798,1.22822,1.22772,1.22782,44
2005-06-03 13:42:00,1.22808,1.22808,1.22768,1.22788,43
2005-06-03 13:43:00,1.22788,1.22828,1.22788,1.22818,46
2005-06-03 13:44:00,1.22798,1.22818,1.22788,1.22788,44
2005-06-03 13:45:00,1.22838,1.22868,1.22798,1.22798,53
2005-06-03 13:46:00,1.22848,1.22848,1.22828,1.22838,43
2005-06-03 13:47:00,1.22824,1.22858,1.22822,1.22848,48
2005-06-03 13:48:00,1.22834,1.22844,1.22814,1.22824,50
2005-06-03 13:49:00,1.22834,1.22844,1.22834,1.22834,45
2005-06-03 13:50:00,1.22834,1.22844,1.22824,1.22834,42
2005-06-03 13:51:00,1.22834,1.22844,1.22824,1.22834,44
2005-06-03 13:52:00,1.22824,1.22854,1.22824,1.22834,44
2005-06-03 13:53:00,1.22874,1.22884,1.22814,1.22824,39
2005-06-03 13:54:00,1.22854,1.22884,1.22854,1.22874,40
2005-06-03 13:55:00,1.22834,1.22864,1.22834,1.22854,44
2005-06-03 13:56:00,1.22834,1.22844,1.22824,1.22834,43
2005-06-03 13:57:00,1.22804,1.22834,1.22794,1.22834,48
2005-06-03 13:58:00,1.22804,1.22814,1.22794,1.22804,48
2005-06-03 13:59:00,1.22804,1.22814,1.22784,1.22804,50
2005-06-03 14:00:00,1.22754,1.22894,1.22744,1.22804,66
2005-06-03 14:01:00,1.22774,1.22804,1.22754,1.22754,45
2005-06-03 14:02:00,1.22734,1.22774,1.22714,1.22774,45
2005-06-03 14:03:00,1.22744,1.22784,1.22724,1.22734,56
2005-06-03 14:04:00,1.22704,1.22734,1.22684,1.22734,48
2005-06-03 14:05:00,1.22744,1.22744,1.22704,1.22704,38
2005-06-03 14:06:00,1.22724,1.22744,1.22724,1.22734,43
2005-06-03 14:07:00,1.22754,1.22764,1.22724,1.22724,51
2005-06-03 14:08:00,1.22774,1.22774,1.22754,1.22754,45
2005-06-03 14:09:00,1.2275,1.22774,1.22744,1.22774,47
2005-06-03 14:10:00,1.2275,1.2278,1.2275,1.2276,44
2005-06-03 14:11:00,1.2277,1.2277,1.2274,1.2275,30
2005-06-03 14:12:00,1.2277,1.2278,1.2275,1.2277,43
2005-06-03 14:13:00,1.2277,1.2279,1.2277,1.2277,45
2005-06-03 14:14:00,1.2278,1.228,1.2277,1.2277,37
2005-06-03 14:15:00,1.2278,1.228,1.2278,1.2278,46
2005-06-03 14:16:00,1.2277,1.2278,1.2277,1.2278,28
2005-06-03 14:17:00,1.2279,1.228,1.2277,1.2277,42
2005-06-03 14:18:00,1.2285,1.2286,1.2278,1.2279,48
2005-06-03 14:19:00,1.2285,1.2288,1.2285,1.2285,41
2005-06-03 14:20:00,1.2283,1.2287,1.2283,1.2285,50
2005-06-03 14:21:00,1.2281,1.2285,1.228,1.2282,42
2005-06-03 14:22:00,1.2284,1.2284,1.228,1.228,40
2005-06-03 14:23:00,1.2286,1.2286,1.2283,1.2284,47
2005-06-03 14:24:00,1.2287,1.2288,1.2286,1.2286,38
2005-06-03 14:25:00,1.2289,1.229,1.2287,1.2287,53
2005-06-03 14:26:00,1.2289,1.229,1.2288,1.2289,48
2005-06-03 14:27:00,1.2288,1.2289,1.2287,1.2289,48
2005-06-03 14:28:00,1.2288,1.2289,1.2287,1.2288,48
2005-06-03 14:29:00,1.2284,1.2289,1.2284,1.2288,40
2005-06-03 14:30:00,1.2282,1.2286,1.2281,1.2284,50
2005-06-03 14:31:00,1.228,1.2282,1.228,1.2282,52
2005-06-03 14:32:00,1.2275,1.228,1.2275,1.228,51
2005-06-03 14:33:00,1.2281,1.2283,1.2276,1.2276,54
2005-06-03 14:34:00,1.2281,1.2283,1.2278,1.228,57
2005-06-03 14:35:00,1.228,1.2281,1.2277,1.228,43
2005-06-03 14:36:00,1.2277,1.228,1.2276,1.228,46
2005-06-03 14:37:00,1.2281,1.2281,1.2276,1.2277,51
2005-06-03 14:38:00,1.2275,1.2281,1.2275,1.2281,55
2005-06-03 14:39:00,1.2277,1.2278,1.2275,1.2275,35
2005-06-03 14:40:00,1.228,1.2281,1.2277,1.2277,54
2005-06-03 14:41:00,1.2284,1.2284,1.228,1.228,51
2005-06-03 14:42:00,1.2287,1.2289,1.2283,1.2284,44
2005-06-03 14:43:00,1.2283,1.2287,1.2283,1.2287,36
2005-06-03 14:44:00,1.2283,1.2283,1.2282,1.2283,37
2005-06-03 14:45:00,1.2284,1.2284,1.2283,1.2283,29
2005-06-03 14:46:00,1.2284,1.2286,1.2283,1.2284,43
2005-06-03 14:47:00,1.2282,1.2285,1.2281,1.2284,34
2005-06-03 14:48:00,1.2283,1.2283,1.2282,1.2282,32
2005-06-03 14:49:00,1.2282,1.2285,1.2282,1.2284,45
2005-06-03 14:50:00,1.228,1.2282,1.228,1.2281,47
2005-06-03 14:51:00,1.2282,1.2283,1.228,1.228,37
2005-06-03 14:52:00,1.2283,1.2284,1.2282,1.2282,32
2005-06-03 14:53:00,1.2283,1.2284,1.2283,1.2283,24
2005-06-03 14:54:00,1.2283,1.2283,1.2282,1.2283,41
2005-06-03 14:55:00,1.2284,1.2284,1.2282,1.2283,42
2005-06-03 14:56:00,1.2283,1.2284,1.2282,1.2283,39
2005-06-03 14:57:00,1.2282,1.2283,1.2281,1.2283,44
2005-06-03 14:58:00,1.2279,1.2282,1.2278,1.2282,44
2005-06-03 14:59:00,1.2275,1.2279,1.2273,1.2279,38
2005-06-03 15:00:00,1.2267,1.2275,1.2267,1.2275,45
2005-06-03 15:01:00,1.2264,1.2265,1.2258,1.2265,32
2005-06-03 15:02:00,1.2264,1.2265,1.2263,1.2264,19
2005-06-03 15:03:00,1.2265,1.2265,1.2261,1.2264,33
2005-06-03 15:04:00,1.2266,1.2268,1.2265,1.2265,48
2005-06-03 15:05:00,1.2266,1.2266,1.2265,1.2266,33
2005-06-03 15:06:00,1.2261,1.2266,1.2261,1.2266,48
2005-06-03 15:07:00,1.2263,1.2264,1.226,1.2261,54
2005-06-03 15:08:00,1.2254,1.2262,1.2253,1.2262,34
2005-06-03 15:09:00,1.2249,1.2254,1.2248,1.2254,42
2005-06-03 15:10:00,1.2246,1.2249,1.2244,1.2249,15
2005-06-03 15:11:00,1.2244,1.2245,1.2242,1.2245,16
2005-06-03 15:12:00,1.2241,1.2245,1.224,1.2244,40
2005-06-03 15:13:00,1.224,1.2242,1.2239,1.2241,25
2005-06-03 15:14:00,1.2241,1.2245,1.224,1.2242,22
2005-06-03 15:15:00,1.2244,1.2245,1.2242,1.2242,32
2005-06-03 15:16:00,1.2248,1.2248,1.2244,1.2244,41
2005-06-03 15:17:00,1.2245,1.2249,1.2244,1.2248,40
2005-06-03 15:18:00,1.2243,1.2247,1.2242,1.2245,42
2005-06-03 15:19:00,1.2239,1.2243,1.2238,1.2243,42
2005-06-03 15:20:00,1.2243,1.2243,1.2238,1.2239,39
2005-06-03 15:21:00,1.2243,1.2243,1.2241,1.2242,42
2005-06-03 15:22:00,1.2238,1.2243,1.2236,1.2243,49
2005-06-03 15:23:00,1.2235,1.224,1.2235,1.2239,49
2005-06-03 15:24:00,1.2237,1.2238,1.2234,1.2235,45
2005-06-03 15:25:00,1.2236,1.2238,1.2236,1.2236,45
2005-06-03 15:26:00,1.2236,1.2236,1.2234,1.2236,44
2005-06-03 15:27:00,1.224,1.224,1.2235,1.2236,35
2005-06-03 15:28:00,1.2238,1.2243,1.2238,1.2241,41
2005-06-03 15:29:00,1.2236,1.2239,1.2235,1.2238,51
2005-06-03 15:30:00,1.2237,1.2238,1.2235,1.2236,55
2005-06-03 15:31:00,1.2238,1.2239,1.2236,1.2236,42
2005-06-03 15:32:00,1.2236,1.2239,1.2236,1.2238,35
2005-06-03 15:33:00,1.2228,1.2238,1.2227,1.2236,61
2005-06-03 15:34:00,1.2227,1.2233,1.2227,1.2228,54
2005-06-03 15:35:00,1.2232,1.2232,1.2225,1.2227,39
2005-06-03 15:36:00,1.2236,1.2236,1.2228,1.2232,53
2005-06-03 15:37:00,1.2238,1.2239,1.2235,1.2236,38
2005-06-03 15:38:00,1.2238,1.2241,1.2238,1.2238,44
2005-06-03 15:39:00,1.2236,1.2239,1.2236,1.2238,43
2005-06-03 15:40:00,1.2234,1.2236,1.2233,1.2236,36
2005-06-03 15:41:00,1.2228,1.2233,1.2227,1.2233,46
2005-06-03 15:42:00,1.222,1.2229,1.2218,1.2228,51
2005-06-03 15:43:00,1.2225,1.2226,1.2219,1.222,34
2005-06-03 15:44:00,1.2227,1.2229,1.2226,1.2228,36
2005-06-03 15:45:00,1.2231,1.2231,1.2227,1.2227,54
2005-06-03 15:46:00,1.2232,1.2233,1.2228,1.223,39
2005-06-03 15:47:00,1.2233,1.2233,1.2229,1.2232,38
2005-06-03 15:48:00,1.2234,1.2234,1.2231,1.2232,43
2005-06-03 15:49:00,1.2234,1.2235,1.2232,1.2235,47
2005-06-03 15:50:00,1.2233,1.2234,1.2233,1.2234,38
2005-06-03 15:51:00,1.2232,1.2233,1.2232,1.2233,39
2005-06-03 15:52:00,1.2229,1.2232,1.2228,1.2232,44
2005-06-03 15:53:00,1.2228,1.2229,1.2228,1.2229,27
2005-06-03 15:54:00,1.2227,1.2228,1.2226,1.2228,35
2005-06-03 15:55:00,1.2228,1.2228,1.2226,1.2227,43
2005-06-03 15:56:00,1.2229,1.223,1.2228,1.2228,47
2005-06-03 15:57:00,1.2229,1.223,1.2227,1.2229,48
2005-06-03 15:58:00,1.223,1.223,1.2229,1.2229,31
2005-06-03 15:59:00,1.2227,1.223,1.2226,1.223,50
2005-06-03 16:00:00,1.2226,1.2227,1.2225,1.2227,38
2005-06-03 16:01:00,1.2229,1.223,1.2226,1.2226,43
2005-06-03 16:02:00,1.2229,1.223,1.2228,1.2229,32
2005-06-03 16:03:00,1.2227,1.2229,1.2227,1.2229,45
2005-06-03 16:04:00,1.2227,1.2228,1.2227,1.2227,30
2005-06-03 16:05:00,1.2228,1.2228,1.2226,1.2227,46
2005-06-03 16:06:00,1.2227,1.2229,1.2227,1.2228,33
2005-06-03 16:07:00,1.2227,1.2229,1.2227,1.2228,34
2005-06-03 16:08:00,1.2229,1.2229,1.2226,1.2227,52
2005-06-03 16:09:00,1.2232,1.2232,1.2227,1.2229,43
2005-06-03 16:10:00,1.2229,1.2233,1.2229,1.2232,49
2005-06-03 16:11:00,1.2226,1.2229,1.2225,1.2228,56
2005-06-03 16:12:00,1.2226,1.2227,1.2225,1.2225,41
2005-06-03 16:13:00,1.2219,1.2226,1.2218,1.2226,50
2005-06-03 16:14:00,1.2219,1.222,1.2218,1.2219,40
2005-06-03 16:15:00,1.2213,1.222,1.2212,1.2219,43
2005-06-03 16:16:00,1.2214,1.2217,1.2213,1.2214,45
2005-06-03 16:17:00,1.2215,1.2215,1.2213,1.2214,38
2005-06-03 16:18:00,1.2213,1.2215,1.2213,1.2214,26
2005-06-03 16:19:00,1.2214,1.2214,1.2213,1.2213,33
2005-06-03 16:20:00,1.2212,1.2215,1.2212,1.2214,33
2005-06-03 16:21:00,1.2212,1.2212,1.2211,1.2212,31
2005-06-03 16:22:00,1.2209,1.2211,1.2209,1.2211,32
2005-06-03 16:23:00,1.2211,1.2211,1.2208,1.2209,42
2005-06-03 16:24:00,1.2213,1.2213,1.2211,1.2211,22
2005-06-03 16:25:00,1.2212,1.2213,1.221,1.2213,51
2005-06-03 16:26:00,1.2212,1.2213,1.2211,1.2212,47
2005-06-03 16:27:00,1.2212,1.2214,1.2212,1.2212,52
2005-06-03 16:28:00,1.2214,1.2214,1.2212,1.2212,32
2005-06-03 16:29:00,1.2213,1.2214,1.2212,1.2214,39
2005-06-03 16:30:00,1.2214,1.2214,1.2213,1.2213,34
2005-06-03 16:31:00,1.2217,1.2218,1.2214,1.2214,43
2005-06-03 16:32:00,1.2217,1.2219,1.2216,1.2217,53
2005-06-03 16:33:00,1.222,1.222,1.2217,1.2217,44
2005-06-03 16:34:00,1.2223,1.2224,1.2218,1.2219,48
2005-06-03 16:35:00,1.2221,1.2223,1.2221,1.2223,44
2005-06-03 16:36:00,1.2225,1.2225,1.2221,1.2221,49
2005-06-03 16:37:00,1.2227,1.2229,1.2224,1.2224,50
2005-06-03 16:38:00,1.2224,1.2227,1.2224,1.2227,43
2005-06-03 16:39:00,1.2221,1.2225,1.2221,1.2224,41
2005-06-03 16:40:00,1.2217,1.2221,1.2216,1.2221,42
2005-06-03 16:41:00,1.2219,1.2219,1.2217,1.2217,34
2005-06-03 16:42:00,1.2219,1.222,1.2219,1.222,38
2005-06-03 16:43:00,1.2215,1.2219,1.2215,1.2219,36
2005-06-03 16:44:00,1.2217,1.2217,1.2214,1.2215,45
2005-06-03 16:45:00,1.2219,1.2219,1.2217,1.2217,28
2005-06-03 16:46:00,1.2216,1.2219,1.2216,1.2219,36
2005-06-03 16:47:00,1.2217,1.2217,1.2216,1.2216,47
2005-06-03 16:48:00,1.2216,1.2217,1.2216,1.2217,24
2005-06-03 16:49:00,1.2216,1.2217,1.2214,1.2216,43
2005-06-03 16:50:00,1.2216,1.2217,1.2216,1.2216,31
2005-06-03 16:51:00,1.2216,1.2217,1.2214,1.2216,46
2005-06-03 16:52:00,1.2215,1.2216,1.2215,1.2216,26
2005-06-03 16:53:00,1.2215,1.2215,1.2214,1.2215,35
2005-06-03 16:54:00,1.2215,1.2216,1.2215,1.2215,44
2005-06-03 16:55:00,1.2216,1.2217,1.2215,1.2215,28
2005-06-03 16:56:00,1.2216,1.2218,1.2216,1.2217,38
2005-06-03 16:57:00,1.2216,1.2216,1.2216,1.2216,29
2005-06-03 16:58:00,1.2216,1.2216,1.2215,1.2215,30
2005-06-03 16:59:00,1.2219,1.2219,1.2216,1.2216,22
2005-06-03 17:00:00,1.2219,1.222,1.2218,1.2218,41
2005-06-03 17:01:00,1.2218,1.2219,1.2218,1.2218,21
2005-06-03 17:02:00,1.2217,1.2218,1.2217,1.2218,14
2005-06-03 17:03:00,1.2217,1.2218,1.2217,1.2218,27
2005-06-03 17:04:00,1.2216,1.2218,1.2215,1.2217,38
2005-06-03 17:05:00,1.2216,1.2217,1.2216,1.2217,25
2005-06-03 17:06:00,1.2217,1.2217,1.2216,1.2216,23
2005-06-03 17:07:00,1.2217,1.2218,1.2217,1.2217,21
2005-06-03 17:08:00,1.2217,1.2218,1.2217,1.2217,33
2005-06-03 17:09:00,1.2218,1.2218,1.2217,1.2217,27
2005-06-03 17:10:00,1.2218,1.2218,1.2218,1.2218,17
2005-06-03 17:11:00,1.2218,1.2218,1.2218,1.2218,8
2005-06-03 17:12:00,1.2219,1.2219,1.2218,1.2218,19
2005-06-03 17:13:00,1.222,1.222,1.2219,1.2219,30
2005-06-03 17:14:00,1.222,1.222,1.2219,1.222,28
2005-06-03 17:15:00,1.2224,1.2225,1.222,1.222,43
2005-06-03 17:16:00,1.2222,1.2225,1.2221,1.2224,44
2005-06-03 17:17:00,1.2222,1.2223,1.2222,1.2222,27
2005-06-03 17:18:00,1.2223,1.2223,1.2222,1.2222,44
2005-06-03 17:19:00,1.2223,1.2223,1.2222,1.2223,33
2005-06-03 17:20:00,1.2223,1.2223,1.2223,1.2223,23
2005-06-03 17:21:00,1.2223,1.2224,1.2222,1.2223,30
2005-06-03 17:22:00,1.2223,1.2224,1.2223,1.2223,30
2005-06-03 17:23:00,1.2223,1.2224,1.2223,1.2223,32
2005-06-03 17:24:00,1.2224,1.2224,1.2223,1.2223,32
2005-06-03 17:25:00,1.2224,1.2224,1.2224,1.2224,15
2005-06-03 17:26:00,1.2221,1.2224,1.2221,1.2224,37
2005-06-03 17:27:00,1.2222,1.2222,1.2219,1.2221,35
2005-06-03 17:28:00,1.2218,1.2222,1.2218,1.2222,41
2005-06-03 17:29:00,1.2219,1.2219,1.2219,1.2219,15
2005-06-03 17:30:00,1.2219,1.2219,1.2217,1.2219,32
2005-06-03 17:31:00,1.2217,1.2219,1.2216,1.2219,41
2005-06-03 17:32:00,1.2217,1.2218,1.2216,1.2217,38
2005-06-03 17:33:00,1.2217,1.2217,1.2216,1.2217,37
2005-06-03 17:34:00,1.2215,1.2217,1.2215,1.2217,37
2005-06-03 17:35:00,1.2214,1.2215,1.2213,1.2214,16
2005-06-03 17:36:00,1.2211,1.2213,1.221,1.2213,42
2005-06-03 17:37:00,1.2212,1.2212,1.2209,1.2211,31
2005-06-03 17:38:00,1.2211,1.2212,1.2211,1.2212,40
2005-06-03 17:39:00,1.2211,1.2212,1.221,1.221,39
2005-06-03 17:40:00,1.2208,1.2212,1.2207,1.2211,40
2005-06-03 17:41:00,1.2208,1.2209,1.2208,1.2208,30
2005-06-03 17:42:00,1.2208,1.2209,1.2208,1.2208,29
2005-06-03 17:43:00,1.2207,1.2208,1.2207,1.2207,42
2005-06-03 17:44:00,1.2206,1.2207,1.2206,1.2206,37
2005-06-03 17:45:00,1.2208,1.2209,1.2205,1.2206,48
2005-06-03 17:46:00,1.2209,1.2209,1.2205,1.2208,52
2005-06-03 17:47:00,1.2208,1.2211,1.2207,1.2208,50
2005-06-03 17:48:00,1.2211,1.2211,1.2208,1.2209,39
2005-06-03 17:49:00,1.2211,1.2212,1.2209,1.221,36
2005-06-03 17:50:00,1.2211,1.2211,1.221,1.221,31
2005-06-03 17:51:00,1.2211,1.2211,1.221,1.2211,30
2005-06-03 17:52:00,1.2211,1.2212,1.221,1.2211,33
2005-06-03 17:53:00,1.2215,1.2215,1.2211,1.2212,40
2005-06-03 17:54:00,1.2213,1.2215,1.2213,1.2215,39
2005-06-03 17:55:00,1.2217,1.2217,1.2213,1.2213,34
2005-06-03 17:56:00,1.2217,1.2219,1.2216,1.2216,39
2005-06-03 17:57:00,1.2216,1.2217,1.2214,1.2217,45
2005-06-03 17:58:00,1.2213,1.2216,1.2213,1.2216,32
2005-06-03 17:59:00,1.2214,1.2215,1.2213,1.2213,39
2005-06-03 18:00:00,1.2215,1.2216,1.2214,1.2214,41
2005-06-03 18:01:00,1.2217,1.2218,1.2215,1.2215,35
2005-06-03 18:02:00,1.2218,1.2218,1.2217,1.2217,18
2005-06-03 18:03:00,1.2217,1.2218,1.2217,1.2218,24
2005-06-03 18:04:00,1.2222,1.2222,1.2217,1.2217,47
2005-06-03 18:05:00,1.2224,1.2228,1.2222,1.2222,48
2005-06-03 18:06:00,1.2224,1.2225,1.2224,1.2224,40
2005-06-03 18:07:00,1.2225,1.2225,1.2223,1.2223,34
2005-06-03 18:08:00,1.2219,1.2225,1.2219,1.2224,49
2005-06-03 18:09:00,1.2223,1.2223,1.2219,1.2219,39
2005-06-03 18:10:00,1.2223,1.2223,1.2222,1.2223,36
2005-06-03 18:11:00,1.2223,1.2224,1.2223,1.2223,34
2005-06-03 18:12:00,1.2222,1.2224,1.2222,1.2223,34
2005-06-03 18:13:00,1.2221,1.2222,1.222,1.2222,29
2005-06-03 18:14:00,1.2222,1.2222,1.2221,1.2221,22
2005-06-03 18:15:00,1.2222,1.2222,1.2221,1.2222,8
2005-06-03 18:16:00,1.2221,1.2222,1.2221,1.2221,28
2005-06-03 18:17:00,1.2221,1.2221,1.222,1.222,37
2005-06-03 18:18:00,1.2218,1.2222,1.2218,1.2221,35
2005-06-03 18:19:00,1.2221,1.2221,1.2217,1.2218,49
2005-06-03 18:20:00,1.222,1.2222,1.2217,1.222,47
2005-06-03 18:21:00,1.2219,1.222,1.2219,1.222,39
2005-06-03 18:22:00,1.2217,1.2219,1.2216,1.2219,48
2005-06-03 18:23:00,1.2217,1.2218,1.2214,1.2217,45
2005-06-03 18:24:00,1.2217,1.2218,1.2216,1.2217,29
2005-06-03 18:25:00,1.2217,1.2217,1.2215,1.2217,43
2005-06-03 18:26:00,1.2217,1.2218,1.2216,1.2217,36
2005-06-03 18:27:00,1.2218,1.2218,1.2217,1.2217,22
2005-06-03 18:28:00,1.2219,1.2219,1.2218,1.2218,36
2005-06-03 18:29:00,1.2219,1.2219,1.2218,1.2219,29
2005-06-03 18:30:00,1.2219,1.2219,1.2219,1.2219,19
2005-06-03 18:31:00,1.222,1.2221,1.2219,1.2219,26
2005-06-03 18:32:00,1.222,1.222,1.2219,1.2219,29
2005-06-03 18:33:00,1.222,1.2221,1.222,1.222,29
2005-06-03 18:34:00,1.2221,1.2221,1.222,1.222,21
2005-06-03 18:35:00,1.222,1.2221,1.2219,1.2221,39
2005-06-03 18:36:00,1.222,1.222,1.2219,1.222,21
2005-06-03 18:37:00,1.222,1.222,1.222,1.222,17
2005-06-03 18:38:00,1.2219,1.222,1.2219,1.222,18
2005-06-03 18:39:00,1.2219,1.222,1.2219,1.2219,40
2005-06-03 18:40:00,1.2219,1.2219,1.2219,1.2219,20
2005-06-03 18:41:00,1.2219,1.222,1.2219,1.2219,19
2005-06-03 18:42:00,1.2219,1.2219,1.2218,1.2219,27
2005-06-03 18:43:00,1.222,1.222,1.2219,1.2219,28
2005-06-03 18:44:00,1.222,1.222,1.2219,1.222,21
2005-06-03 18:45:00,1.2221,1.2222,1.222,1.222,34
2005-06-03 18:46:00,1.222,1.2222,1.2219,1.2221,32
2005-06-03 18:47:00,1.222,1.222,1.222,1.222,9
2005-06-03 18:48:00,1.222,1.222,1.222,1.222,12
2005-06-03 18:49:00,1.222,1.222,1.222,1.222,11
2005-06-03 18:50:00,1.2221,1.2221,1.222,1.222,26
2005-06-03 18:51:00,1.2221,1.2221,1.2221,1.2221,9
2005-06-03 18:52:00,1.222,1.2222,1.222,1.2222,41
2005-06-03 18:53:00,1.2219,1.2221,1.2219,1.222,19
2005-06-03 18:54:00,1.2222,1.2222,1.2218,1.2219,31
2005-06-03 18:55:00,1.2221,1.2222,1.2221,1.2222,16
2005-06-03 18:56:00,1.2222,1.2222,1.2221,1.2221,16
2005-06-03 18:57:00,1.2222,1.2223,1.2222,1.2222,34
2005-06-03 18:58:00,1.2223,1.2223,1.2222,1.2222,30
2005-06-03 18:59:00,1.2223,1.2223,1.2222,1.2223,29
2005-06-03 19:00:00,1.2222,1.2223,1.2222,1.2223,12
2005-06-03 19:01:00,1.2223,1.2223,1.2222,1.2222,8
2005-06-03 19:02:00,1.2223,1.2223,1.2222,1.2222,8
2005-06-03 19:03:00,1.2221,1.2222,1.2221,1.2222,9
2005-06-03 19:04:00,1.222,1.2221,1.222,1.2221,7
2005-06-03 19:05:00,1.2221,1.2222,1.222,1.222,10
2005-06-03 19:06:00,1.2222,1.2222,1.2221,1.2221,8
2005-06-03 19:07:00,1.2222,1.2223,1.2222,1.2223,6
2005-06-03 19:08:00,1.2222,1.2223,1.2222,1.2222,8
2005-06-03 19:09:00,1.2223,1.2223,1.2222,1.2222,8
2005-06-03 19:10:00,1.2222,1.2223,1.2222,1.2223,7
2005-06-03 19:11:00,1.2223,1.2224,1.2222,1.2222,6
2005-06-03 19:12:00,1.2222,1.2225,1.2222,1.2224,10
2005-06-03 19:13:00,1.2223,1.2225,1.2223,1.2223,11
2005-06-03 19:14:00,1.2222,1.2224,1.2222,1.2224,9
2005-06-03 19:15:00,1.2222,1.2223,1.2221,1.2222,14
2005-06-03 19:16:00,1.2223,1.2223,1.2222,1.2222,9
2005-06-03 19:17:00,1.2223,1.2223,1.2222,1.2223,4
2005-06-03 19:18:00,1.2222,1.2222,1.2222,1.2222,3
2005-06-03 19:19:00,1.2222,1.2222,1.2221,1.2222,5
2005-06-03 19:20:00,1.2222,1.2222,1.2221,1.2222,5
2005-06-03 19:21:00,1.2221,1.2222,1.2221,1.2221,7
2005-06-03 19:22:00,1.2221,1.2221,1.2221,1.2221,3
2005-06-03 19:23:00,1.2221,1.2222,1.2221,1.2221,8
2005-06-03 19:24:00,1.2221,1.2222,1.2221,1.2222,8
2005-06-03 19:25:00,1.2221,1.2221,1.2221,1.2221,2
2005-06-03 19:26:00,1.2221,1.2222,1.2221,1.2221,5
2005-06-03 19:27:00,1.2222,1.2222,1.2221,1.2222,4
2005-06-03 19:28:00,1.2222,1.2223,1.2222,1.2222,8
2005-06-03 19:29:00,1.2221,1.2222,1.2221,1.2222,6
2005-06-03 19:30:00,1.2221,1.2222,1.2221,1.2222,5
2005-06-03 19:31:00,1.2221,1.2222,1.2221,1.2221,6
2005-06-03 19:32:00,1.2222,1.2222,1.2222,1.2222,3
2005-06-03 19:33:00,1.2222,1.2222,1.2222,1.2222,2
2005-06-03 19:34:00,1.222,1.2221,1.222,1.222,5
2005-06-03 19:35:00,1.2221,1.2221,1.222,1.2221,4
2005-06-03 19:36:00,1.2221,1.2221,1.222,1.2221,5
2005-06-03 19:37:00,1.222,1.2221,1.222,1.2221,8
2005-06-03 19:38:00,1.222,1.222,1.222,1.222,2
2005-06-03 19:39:00,1.222,1.222,1.222,1.222,2
2005-06-03 19:40:00,1.222,1.222,1.222,1.222,2
2005-06-03 19:41:00,1.222,1.222,1.222,1.222,3
2005-06-03 19:42:00,1.222,1.222,1.222,1.222,6
2005-06-03 19:43:00,1.222,1.222,1.222,1.222,2
2005-06-03 19:44:00,1.222,1.222,1.222,1.222,2
2005-06-03 19:45:00,1.2219,1.222,1.2219,1.222,4
2005-06-03 19:46:00,1.2219,1.2219,1.2219,1.2219,2
2005-06-03 19:47:00,1.222,1.222,1.222,1.222,3
2005-06-03 19:48:00,1.2219,1.222,1.2219,1.222,3
2005-06-03 19:49:00,1.2218,1.2219,1.2218,1.2219,4
2005-06-03 19:50:00,1.222,1.2221,1.2219,1.2219,7
2005-06-03 19:51:00,1.222,1.2221,1.222,1.222,6
2005-06-03 19:52:00,1.2221,1.2222,1.222,1.222,6
2005-06-03 19:53:00,1.2224,1.2224,1.2221,1.2221,8
2005-06-03 19:54:00,1.2225,1.2225,1.2223,1.2223,10
2005-06-03 19:55:00,1.2225,1.2225,1.2225,1.2225,2
2005-06-03 19:56:00,1.2224,1.2225,1.2224,1.2225,6
2005-06-03 19:57:00,1.2223,1.2225,1.2223,1.2224,12
2005-06-03 19:58:00,1.2222,1.2224,1.2222,1.2223,11
2005-06-03 19:59:00,1.2224,1.2224,1.2223,1.2223,8
2005-06-03 20:00:00,1.2225,1.2227,1.2225,1.2225,14
2005-06-03 20:01:00,1.2225,1.2226,1.2225,1.2226,7
2005-06-03 20:02:00,1.2226,1.2226,1.2225,1.2226,5
2005-06-03 20:03:00,1.2226,1.2226,1.2226,1.2226,2
2005-06-03 20:04:00,1.2226,1.2227,1.2226,1.2227,4
2005-06-03 20:05:00,1.2228,1.2228,1.2227,1.2227,4
2005-06-03 20:06:00,1.2228,1.2228,1.2227,1.2228,4
2005-06-03 20:07:00,1.2227,1.2228,1.2227,1.2228,7
2005-06-03 20:08:00,1.2227,1.2227,1.2227,1.2227,6
2005-06-03 20:09:00,1.2228,1.2228,1.2228,1.2228,5
2005-06-03 20:10:00,1.2228,1.2229,1.2228,1.2228,9
2005-06-03 20:11:00,1.2229,1.2229,1.2228,1.2228,6
2005-06-03 20:12:00,1.2229,1.2231,1.2229,1.223,10
2005-06-03 20:13:00,1.2229,1.2229,1.2228,1.2229,7
2005-06-03 20:14:00,1.2229,1.2229,1.2228,1.2229,7
2005-06-03 20:15:00,1.2227,1.2228,1.2227,1.2228,5
2005-06-03 20:16:00,1.2229,1.2229,1.2228,1.2228,12
2005-06-03 20:17:00,1.2228,1.2229,1.2227,1.2229,13
2005-06-03 20:18:00,1.2227,1.2227,1.2227,1.2227,3
2005-06-03 20:19:00,1.2229,1.223,1.2227,1.2227,14
2005-06-03 20:20:00,1.2231,1.2231,1.2229,1.2229,8
2005-06-03 20:21:00,1.2231,1.2232,1.223,1.2231,13
2005-06-03 20:22:00,1.2231,1.2231,1.2231,1.2231,1
2005-06-03 20:23:00,1.223,1.2231,1.223,1.2231,3
2005-06-03 20:24:00,1.2229,1.2231,1.2229,1.2231,6
2005-06-03 20:25:00,1.223,1.223,1.2229,1.2229,5
2005-06-03 20:26:00,1.223,1.223,1.2229,1.223,4
2005-06-03 20:27:00,1.2229,1.2229,1.2229,1.2229,3
2005-06-03 20:30:00,1.223,1.223,1.223,1.223,2
2005-06-03 20:31:00,1.2232,1.2232,1.2231,1.2231,5
2005-06-03 20:34:00,1.2231,1.2232,1.2231,1.2232,2
2005-06-03 20:35:00,1.2232,1.2233,1.2232,1.2232,8
2005-06-03 20:36:00,1.2232,1.2232,1.2232,1.2232,2
2005-06-03 20:37:00,1.2231,1.2232,1.2231,1.2232,4
2005-06-03 20:38:00,1.2231,1.2231,1.2231,1.2231,2
2005-06-03 20:39:00,1.2231,1.2231,1.2231,1.2231,2
2005-06-03 20:40:00,1.2232,1.2232,1.2231,1.2231,4
2005-06-03 20:41:00,1.2231,1.2233,1.2231,1.2232,8
2005-06-03 20:42:00,1.223,1.2231,1.223,1.2231,5
2005-06-03 20:43:00,1.223,1.2231,1.223,1.2231,5
2005-06-03 20:44:00,1.2229,1.2231,1.2229,1.223,9
2005-06-03 20:45:00,1.2229,1.223,1.2229,1.223,14
2005-06-03 20:46:00,1.2229,1.2229,1.2229,1.2229,6
2005-06-03 20:47:00,1.2229,1.2229,1.2229,1.2229,8
2005-06-03 20:48:00,1.223,1.223,1.2229,1.223,5
2005-06-03 20:49:00,1.223,1.223,1.2229,1.223,7
2005-06-03 20:50:00,1.2231,1.2232,1.223,1.223,7
2005-06-03 20:51:00,1.2231,1.2233,1.2231,1.2231,11
2005-06-03 20:52:00,1.2231,1.2231,1.2231,1.2231,2
2005-06-03 20:53:00,1.2231,1.2232,1.223,1.2231,12
2005-06-03 20:54:00,1.2231,1.2231,1.223,1.2231,9
2005-06-03 20:55:00,1.2231,1.2231,1.2231,1.2231,5
2005-06-03 20:56:00,1.2231,1.2231,1.223,1.223,8
2005-06-03 20:57:00,1.2231,1.2231,1.2231,1.2231,2
2005-06-03 20:58:00,1.2232,1.2232,1.2231,1.2231,6
2005-06-03 20:59:00,1.2236,1.2236,1.2232,1.2232,11
2005-06-03 21:00:00,1.2236,1.2236,1.2236,1.2236,1
2005-06-05 16:47:00,1.2231,1.2237,1.2231,1.2237,2
2005-06-05 16:48:00,1.2224,1.2224,1.2224,1.2224,1
2005-06-05 18:16:00,1.2219,1.2219,1.2219,1.2219,1
2005-06-05 19:03:00,1.2224,1.2224,1.2224,1.2224,1
2005-06-05 19:18:00,1.2214,1.2214,1.2214,1.2214,1
2005-06-05 19:20:00,1.2213,1.2213,1.2213,1.2213,1
2005-06-05 19:24:00,1.2214,1.2214,1.2214,1.2214,1
2005-06-05 19:31:00,1.2218,1.2218,1.2218,1.2218,1
2005-06-05 19:32:00,1.222,1.2223,1.222,1.2223,2
2005-06-05 19:37:00,1.22145,1.2218,1.22145,1.2218,2
2005-06-05 19:38:00,1.2223,1.2223,1.2223,1.2223,1
2005-06-05 19:39:00,1.2218,1.222,1.2218,1.222,4
2005-06-05 19:43:00,1.22185,1.2221,1.2218,1.2218,3
2005-06-05 19:44:00,1.22185,1.22185,1.22185,1.22185,1
2005-06-05 19:46:00,1.22185,1.22185,1.22185,1.22185,1
2005-06-05 19:47:00,1.22185,1.22185,1.22185,1.22185,1
2005-06-05 19:48:00,1.222,1.222,1.222,1.222,1
2005-06-05 19:49:00,1.22185,1.22185,1.22185,1.22185,1
2005-06-05 19:51:00,1.22185,1.22185,1.22185,1.22185,2
2005-06-05 19:52:00,1.2221,1.2224,1.2218,1.2221,9
2005-06-05 19:53:00,1.2222,1.2222,1.222,1.222,3
2005-06-05 19:56:00,1.22205,1.22205,1.22205,1.22205,1
2005-06-05 19:58:00,1.22205,1.22205,1.22205,1.22205,3
2005-06-05 20:00:00,1.22205,1.22205,1.22205,1.22205,2
2005-06-05 20:02:00,1.2223,1.2224,1.2218,1.2218,10
2005-06-05 20:03:00,1.22225,1.22225,1.22225,1.22225,1
2005-06-05 20:04:00,1.2223,1.2223,1.2222,1.2222,3
2005-06-05 20:05:00,1.2223,1.2224,1.2221,1.2223,10
2005-06-05 20:06:00,1.2222,1.2223,1.2222,1.2222,6
2005-06-05 20:07:00,1.2222,1.2222,1.22215,1.22215,2
2005-06-05 20:09:00,1.22215,1.22215,1.22215,1.22215,2
2005-06-05 20:10:00,1.22215,1.22215,1.22215,1.22215,2
2005-06-05 20:12:00,1.2221,1.2221,1.2221,1.2221,2
2005-06-05 20:13:00,1.2222,1.2222,1.2222,1.2222,1
2005-06-05 20:14:00,1.22225,1.22225,1.22225,1.22225,1
2005-06-05 20:15:00,1.22225,1.22225,1.22225,1.22225,1
2005-06-05 20:16:00,1.2222,1.22225,1.2221,1.22225,3
2005-06-05 20:17:00,1.22215,1.22215,1.2221,1.2221,2
2005-06-05 20:18:00,1.2221,1.2221,1.22205,1.22205,2
2005-06-05 20:19:00,1.22205,1.22205,1.22205,1.22205,1
2005-06-05 20:21:00,1.22205,1.22205,1.22205,1.22205,1
2005-06-05 20:23:00,1.22205,1.22205,1.22205,1.22205,1
2005-06-05 20:24:00,1.22205,1.22205,1.22205,1.22205,1
2005-06-05 20:25:00,1.22205,1.22205,1.22205,1.22205,1
2005-06-05 20:26:00,1.22205,1.22205,1.22205,1.22205,1
2005-06-05 20:28:00,1.22205,1.22205,1.22205,1.22205,1
2005-06-05 20:29:00,1.22205,1.22205,1.222,1.222,3
2005-06-05 20:30:00,1.2225,1.22275,1.2221,1.2221,13
2005-06-05 20:31:00,1.2225,1.2226,1.2223,1.22245,12
2005-06-05 20:32:00,1.2225,1.2226,1.2225,1.2226,3
2005-06-05 20:33:00,1.2225,1.2227,1.2225,1.22265,7
2005-06-05 20:34:00,1.2225,1.2225,1.2225,1.2225,1
2005-06-05 20:36:00,1.22265,1.22265,1.2224,1.2226,5
2005-06-05 20:37:00,1.2226,1.2226,1.2226,1.2226,3
2005-06-05 20:38:00,1.2225,1.2226,1.2225,1.2226,3
2005-06-05 20:39:00,1.2225,1.2225,1.2225,1.2225,2
2005-06-05 20:40:00,1.2224,1.2224,1.2224,1.2224,5
2005-06-05 20:41:00,1.2224,1.2224,1.2224,1.2224,2
2005-06-05 20:42:00,1.2224,1.2224,1.2224,1.2224,2
2005-06-05 20:43:00,1.2224,1.2224,1.2224,1.2224,2
2005-06-05 20:44:00,1.2224,1.2224,1.2224,1.2224,2
2005-06-05 20:45:00,1.2225,1.2225,1.2224,1.2224,2
2005-06-05 20:46:00,1.2225,1.2225,1.2225,1.2225,2
2005-06-05 20:47:00,1.2225,1.2225,1.2225,1.2225,2
2005-06-05 20:48:00,1.2225,1.2225,1.2225,1.2225,2
2005-06-05 20:49:00,1.2225,1.2225,1.2225,1.2225,2
2005-06-05 20:50:00,1.2225,1.2225,1.2225,1.2225,2
2005-06-05 20:51:00,1.2225,1.2225,1.2225,1.2225,2
2005-06-05 20:52:00,1.2225,1.2225,1.2225,1.2225,2
2005-06-05 20:53:00,1.2225,1.2225,1.2225,1.2225,2
2005-06-05 20:54:00,1.2226,1.2226,1.2225,1.2225,3
2005-06-05 20:55:00,1.2226,1.2226,1.2226,1.2226,2
2005-06-05 20:56:00,1.2226,1.2226,1.2226,1.2226,2
2005-06-05 20:57:00,1.2226,1.2226,1.2226,1.2226,1
2005-06-05 20:58:00,1.2225,1.2225,1.2225,1.2225,3
2005-06-05 20:59:00,1.2225,1.2225,1.2225,1.2225,2
2005-06-05 21:00:00,1.2225,1.2225,1.2225,1.2225,1
2005-06-05 21:01:00,1.2225,1.2225,1.2225,1.2225,2
2005-06-05 21:02:00,1.2225,1.2225,1.2225,1.2225,2
2005-06-05 21:03:00,1.2225,1.2225,1.2225,1.2225,2
2005-06-05 21:04:00,1.2225,1.2225,1.2225,1.2225,4
2005-06-05 21:05:00,1.2225,1.2225,1.2225,1.2225,3
2005-06-05 21:06:00,1.2225,1.2225,1.2225,1.2225,2
2005-06-05 21:07:00,1.2225,1.2225,1.2225,1.2225,2
2005-06-05 21:08:00,1.2225,1.2225,1.2225,1.2225,2
2005-06-05 21:09:00,1.2225,1.2225,1.2225,1.2225,2
2005-06-05 21:10:00,1.2225,1.2225,1.2225,1.2225,2
2005-06-05 21:11:00,1.2225,1.2225,1.2225,1.2225,2
2005-06-05 21:12:00,1.2225,1.22255,1.2225,1.22255,3
2005-06-05 21:13:00,1.2225,1.2225,1.2225,1.2225,2
2005-06-05 21:14:00,1.2225,1.2225,1.2225,1.2225,2
2005-06-05 21:15:00,1.2225,1.2225,1.2225,1.2225,2
2005-06-05 21:16:00,1.2225,1.2225,1.2225,1.2225,1
2005-06-05 21:17:00,1.2224,1.2225,1.2224,1.2225,3
2005-06-05 21:18:00,1.2224,1.2224,1.2224,1.2224,2
2005-06-05 21:19:00,1.2224,1.2224,1.2224,1.2224,2
2005-06-05 21:20:00,1.2224,1.2224,1.2224,1.2224,2
2005-06-05 21:21:00,1.2225,1.2225,1.2223,1.2224,5
2005-06-05 21:22:00,1.2225,1.2225,1.2225,1.2225,2
2005-06-05 21:23:00,1.2225,1.2225,1.2224,1.2224,4
2005-06-05 21:24:00,1.2225,1.2225,1.2225,1.2225,2
2005-06-05 21:25:00,1.2225,1.2225,1.2225,1.2225,2
2005-06-05 21:26:00,1.2225,1.2225,1.2225,1.2225,3
2005-06-05 21:27:00,1.2225,1.2225,1.2225,1.2225,2
2005-06-05 21:28:00,1.2225,1.2225,1.2225,1.2225,2
2005-06-05 21:29:00,1.2225,1.2225,1.2225,1.2225,2
2005-06-05 21:30:00,1.2225,1.2225,1.2225,1.2225,2
2005-06-05 21:31:00,1.2225,1.2225,1.2225,1.2225,1
2005-06-05 21:32:00,1.2225,1.2225,1.2225,1.2225,2
2005-06-05 21:33:00,1.2225,1.2225,1.2225,1.2225,2
2005-06-05 21:34:00,1.2222,1.2225,1.2221,1.2225,5
2005-06-05 21:35:00,1.2221,1.2225,1.2221,1.2222,5
2005-06-05 21:36:00,1.2221,1.2224,1.2221,1.2221,7
2005-06-05 21:37:00,1.2223,1.2224,1.2221,1.2221,6
2005-06-05 21:38:00,1.2223,1.2223,1.2223,1.2223,2
2005-06-05 21:39:00,1.2222,1.2222,1.2222,1.2222,3
2005-06-05 21:40:00,1.2222,1.2222,1.2222,1.2222,2
2005-06-05 21:41:00,1.2222,1.22225,1.2222,1.22225,3
2005-06-05 21:42:00,1.2222,1.2222,1.2222,1.2222,2
2005-06-05 21:43:00,1.2221,1.2222,1.2221,1.2222,6
2005-06-05 21:44:00,1.2221,1.2221,1.2221,1.2221,2
2005-06-05 21:45:00,1.2221,1.2221,1.2221,1.2221,3
2005-06-05 21:46:00,1.2221,1.2221,1.2221,1.2221,3
2005-06-05 21:47:00,1.2221,1.2223,1.2221,1.2221,5
2005-06-05 21:48:00,1.2221,1.2221,1.2221,1.2221,2
2005-06-05 21:49:00,1.2221,1.2221,1.2221,1.2221,3
2005-06-05 21:50:00,1.222,1.2221,1.222,1.2221,3
2005-06-05 21:51:00,1.2224,1.2225,1.222,1.222,7
2005-06-05 21:52:00,1.2224,1.2224,1.2224,1.2224,5
2005-06-05 21:53:00,1.2226,1.2226,1.2224,1.2224,5
2005-06-05 21:54:00,1.2226,1.2226,1.2225,1.2226,5
2005-06-05 21:55:00,1.2226,1.2226,1.2226,1.2226,2
2005-06-05 21:56:00,1.2224,1.2226,1.2224,1.2226,5
2005-06-05 21:57:00,1.2224,1.2224,1.2224,1.2224,4
2005-06-05 21:58:00,1.2224,1.2224,1.2224,1.2224,2
2005-06-05 21:59:00,1.2224,1.2224,1.2224,1.2224,2
2005-06-05 22:00:00,1.2224,1.2224,1.2224,1.2224,2
2005-06-05 22:01:00,1.2224,1.2225,1.2224,1.2224,4
2005-06-05 22:02:00,1.2222,1.2225,1.2222,1.2224,5
2005-06-05 22:03:00,1.2225,1.2225,1.2222,1.2222,5
2005-06-05 22:04:00,1.2225,1.2225,1.2224,1.2225,6
2005-06-05 22:05:00,1.2224,1.2225,1.2224,1.2225,4
2005-06-05 22:06:00,1.2225,1.2225,1.2224,1.2224,5
2005-06-05 22:07:00,1.2224,1.2225,1.2224,1.2225,3
2005-06-05 22:08:00,1.2224,1.2224,1.2224,1.2224,2
2005-06-05 22:09:00,1.2224,1.2224,1.2224,1.2224,2
2005-06-05 22:10:00,1.2224,1.2224,1.2224,1.2224,2
2005-06-05 22:11:00,1.2225,1.2225,1.2224,1.2224,4
2005-06-05 22:12:00,1.2225,1.2225,1.2225,1.2225,2
2005-06-05 22:13:00,1.2224,1.2225,1.2223,1.2225,8
2005-06-05 22:14:00,1.2222,1.2223,1.222,1.2223,8
2005-06-05 22:15:00,1.2221,1.2223,1.2221,1.2222,7
2005-06-05 22:16:00,1.2221,1.2221,1.222,1.222,9
2005-06-05 22:17:00,1.222,1.2221,1.2219,1.222,12
2005-06-05 22:18:00,1.2221,1.2221,1.222,1.222,4
2005-06-05 22:19:00,1.2221,1.2221,1.2221,1.2221,4
2005-06-05 22:20:00,1.2221,1.2221,1.2221,1.2221,3
2005-06-05 22:21:00,1.2222,1.2224,1.2221,1.2221,7
2005-06-05 22:22:00,1.2222,1.2224,1.2222,1.2222,6
2005-06-05 22:23:00,1.2222,1.2222,1.2222,1.2222,2
2005-06-05 22:24:00,1.2222,1.2222,1.2222,1.2222,2
2005-06-05 22:25:00,1.2222,1.2224,1.2221,1.2222,8
2005-06-05 22:26:00,1.2225,1.2226,1.2222,1.2224,14
2005-06-05 22:27:00,1.2225,1.2226,1.2225,1.2225,7
2005-06-05 22:28:00,1.2226,1.2226,1.2225,1.2226,4
2005-06-05 22:29:00,1.2226,1.2226,1.2225,1.2226,4
2005-06-05 22:30:00,1.2226,1.2227,1.2226,1.2226,11
2005-06-05 22:31:00,1.2226,1.2226,1.2226,1.2226,4
2005-06-05 22:32:00,1.2226,1.2226,1.2226,1.2226,4
2005-06-05 22:33:00,1.2226,1.2227,1.2226,1.2227,4
2005-06-05 22:34:00,1.2226,1.2226,1.2226,1.2226,2
2005-06-05 22:35:00,1.2226,1.2226,1.2226,1.2226,3
2005-06-05 22:36:00,1.2226,1.2226,1.2226,1.2226,3
2005-06-05 22:37:00,1.2226,1.2227,1.2226,1.2226,5
2005-06-05 22:38:00,1.2228,1.2228,1.2226,1.2226,7
2005-06-05 22:39:00,1.2227,1.2227,1.2227,1.2227,6
2005-06-05 22:40:00,1.2226,1.2227,1.2226,1.2227,4
2005-06-05 22:41:00,1.2226,1.2226,1.2225,1.2226,7
2005-06-05 22:42:00,1.2225,1.2226,1.2225,1.2226,3
2005-06-05 22:43:00,1.2226,1.2226,1.2226,1.2226,3
2005-06-05 22:44:00,1.2225,1.2225,1.2225,1.2225,5
2005-06-05 22:45:00,1.2225,1.2226,1.2225,1.2226,4
2005-06-05 22:46:00,1.2226,1.2227,1.2226,1.2226,5
2005-06-05 22:47:00,1.2226,1.2226,1.2226,1.2226,2
2005-06-05 22:48:00,1.2226,1.2226,1.2226,1.2226,3
2005-06-05 22:49:00,1.2227,1.2227,1.2226,1.2226,4
2005-06-05 22:50:00,1.2227,1.2227,1.2227,1.2227,2
2005-06-05 22:51:00,1.2227,1.2227,1.2227,1.2227,2
2005-06-05 22:52:00,1.2227,1.2227,1.2227,1.2227,2
2005-06-05 22:53:00,1.2225,1.2227,1.2225,1.2227,5
2005-06-05 22:54:00,1.2225,1.2225,1.2225,1.2225,4
2005-06-05 22:55:00,1.2225,1.2225,1.2225,1.2225,3
2005-06-05 22:56:00,1.2225,1.2226,1.2224,1.2225,6
2005-06-05 22:57:00,1.2225,1.2225,1.2225,1.2225,4
2005-06-05 22:58:00,1.2225,1.2225,1.2225,1.2225,2
2005-06-05 22:59:00,1.2225,1.2225,1.2225,1.2225,2
2005-06-05 23:00:00,1.2226,1.2226,1.2225,1.2225,4
2005-06-05 23:01:00,1.2225,1.2226,1.2225,1.2226,4
2005-06-05 23:02:00,1.2226,1.2226,1.2224,1.2225,10
2005-06-05 23:03:00,1.2225,1.2225,1.2225,1.2225,3
2005-06-05 23:04:00,1.2227,1.2227,1.2225,1.2225,5
2005-06-05 23:05:00,1.2227,1.2227,1.2226,1.2227,8
2005-06-05 23:06:00,1.2227,1.2227,1.2227,1.2227,4
2005-06-05 23:07:00,1.2227,1.2227,1.2227,1.2227,2
2005-06-05 23:08:00,1.2227,1.2228,1.2227,1.2227,4
2005-06-05 23:09:00,1.2227,1.2227,1.2227,1.2227,4
2005-06-05 23:10:00,1.2228,1.2228,1.2227,1.2227,3
2005-06-05 23:11:00,1.2227,1.2228,1.2227,1.2228,7
2005-06-05 23:12:00,1.2227,1.2229,1.2227,1.2227,12
2005-06-05 23:13:00,1.2228,1.2228,1.2227,1.2227,3
2005-06-05 23:14:00,1.2227,1.2227,1.2227,1.2227,3
2005-06-05 23:15:00,1.2227,1.2227,1.2227,1.2227,5
2005-06-05 23:16:00,1.2226,1.2226,1.2226,1.2226,3
2005-06-05 23:17:00,1.2225,1.2228,1.2224,1.2227,14
2005-06-05 23:18:00,1.2222,1.2225,1.2221,1.2224,13
2005-06-05 23:19:00,1.2224,1.2225,1.2224,1.2224,9
2005-06-05 23:20:00,1.2224,1.2224,1.2224,1.2224,2
2005-06-05 23:21:00,1.2223,1.2224,1.2223,1.2224,3
2005-06-05 23:22:00,1.2224,1.2226,1.2223,1.2223,9
2005-06-05 23:23:00,1.2225,1.2225,1.2224,1.2224,4
2005-06-05 23:24:00,1.2224,1.2225,1.2224,1.2224,5
2005-06-05 23:25:00,1.2224,1.2225,1.2224,1.2225,4
2005-06-05 23:26:00,1.2223,1.2224,1.2223,1.2223,7
2005-06-05 23:27:00,1.2223,1.2223,1.2223,1.2223,3
2005-06-05 23:28:00,1.2222,1.2224,1.2222,1.2223,8
2005-06-05 23:29:00,1.2222,1.2222,1.2222,1.2222,3
2005-06-05 23:30:00,1.2222,1.2222,1.2222,1.2222,2
2005-06-05 23:31:00,1.2223,1.2223,1.2223,1.2223,3
2005-06-05 23:32:00,1.2221,1.2222,1.2221,1.2222,11
2005-06-05 23:33:00,1.2219,1.2222,1.2218,1.222,15
2005-06-05 23:34:00,1.2219,1.222,1.2219,1.222,7
2005-06-05 23:35:00,1.2219,1.2219,1.2219,1.2219,7
2005-06-05 23:36:00,1.2219,1.2219,1.2218,1.2219,7
2005-06-05 23:37:00,1.2219,1.2219,1.2219,1.2219,2
2005-06-05 23:38:00,1.2219,1.2219,1.2219,1.2219,2
2005-06-05 23:39:00,1.2219,1.222,1.2218,1.2219,12
2005-06-05 23:40:00,1.2219,1.2219,1.22185,1.2219,3
2005-06-05 23:41:00,1.2218,1.2219,1.2218,1.2219,5
2005-06-05 23:42:00,1.2217,1.2218,1.2217,1.2217,6
2005-06-05 23:43:00,1.2218,1.2218,1.2217,1.2217,4
2005-06-05 23:44:00,1.2217,1.2218,1.2217,1.2218,3
2005-06-05 23:45:00,1.2218,1.2218,1.2217,1.2218,5
2005-06-05 23:46:00,1.2219,1.2219,1.2218,1.2218,10
2005-06-05 23:47:00,1.2218,1.2219,1.2218,1.2218,7
2005-06-05 23:48:00,1.2218,1.2219,1.2218,1.2218,9
2005-06-05 23:49:00,1.2218,1.2218,1.2218,1.2218,3
2005-06-05 23:50:00,1.2219,1.2219,1.2218,1.2218,7
2005-06-05 23:51:00,1.2219,1.2219,1.2218,1.2218,10
2005-06-05 23:52:00,1.2219,1.222,1.2219,1.2219,10
2005-06-05 23:53:00,1.2221,1.2222,1.2219,1.2219,12
2005-06-05 23:54:00,1.2221,1.2221,1.2219,1.2221,5
2005-06-05 23:55:00,1.2221,1.2223,1.222,1.2222,12
2005-06-05 23:56:00,1.2221,1.2221,1.2221,1.2221,5
2005-06-05 23:57:00,1.222,1.2221,1.2219,1.222,17
2005-06-05 23:58:00,1.222,1.2221,1.222,1.2221,13
2005-06-05 23:59:00,1.2222,1.2222,1.222,1.222,12
2005-06-06 00:00:00,1.2226,1.2226,1.222,1.2222,13
2005-06-06 00:01:00,1.2228,1.2228,1.2226,1.2226,17
2005-06-06 00:02:00,1.2229,1.2229,1.2228,1.2228,21
2005-06-06 00:03:00,1.2229,1.223,1.2229,1.223,9
2005-06-06 00:04:00,1.223,1.223,1.2229,1.2229,7
2005-06-06 00:05:00,1.2231,1.2232,1.223,1.2231,12
2005-06-06 00:06:00,1.2232,1.2232,1.2229,1.223,20
2005-06-06 00:07:00,1.2234,1.2234,1.2232,1.2232,8
2005-06-06 00:08:00,1.22338,1.2234,1.22328,1.2234,11
2005-06-06 00:09:00,1.22348,1.22348,1.22338,1.22338,8
2005-06-06 00:10:00,1.22358,1.22368,1.22338,1.22338,22
2005-06-06 00:11:00,1.22338,1.22368,1.22338,1.22358,16
2005-06-06 00:12:00,1.22338,1.22338,1.22328,1.22328,11
2005-06-06 00:13:00,1.22338,1.22348,1.22328,1.22328,13
2005-06-06 00:14:00,1.22338,1.22338,1.22338,1.22338,3
2005-06-06 00:15:00,1.22338,1.22358,1.22328,1.22348,15
2005-06-06 00:16:00,1.22348,1.22358,1.22338,1.22338,10
2005-06-06 00:17:00,1.22358,1.22368,1.22338,1.22338,11
2005-06-06 00:18:00,1.22338,1.22358,1.22338,1.22358,15
2005-06-06 00:19:00,1.22358,1.22368,1.22338,1.22358,14
2005-06-06 00:20:00,1.22418,1.22418,1.22368,1.22368,19
2005-06-06 00:21:00,1.22428,1.22438,1.22408,1.22408,23
2005-06-06 00:22:00,1.22418,1.22428,1.22418,1.22418,7
2005-06-06 00:23:00,1.22438,1.22448,1.22408,1.22418,18
2005-06-06 00:24:00,1.22428,1.22438,1.22418,1.22428,17
2005-06-06 00:25:00,1.22418,1.22428,1.22408,1.22428,11
2005-06-06 00:26:00,1.22408,1.22418,1.22408,1.22418,7
2005-06-06 00:27:00,1.22408,1.22418,1.22408,1.22418,5
2005-06-06 00:28:00,1.22418,1.22428,1.22418,1.22418,7
2005-06-06 00:29:00,1.22418,1.22418,1.22418,1.22418,3
2005-06-06 00:30:00,1.22438,1.22438,1.22418,1.22418,6
2005-06-06 00:31:00,1.22428,1.22438,1.22428,1.22438,7
2005-06-06 00:32:00,1.22428,1.22438,1.22428,1.22438,6
2005-06-06 00:33:00,1.22428,1.22428,1.22428,1.22428,2
2005-06-06 00:34:00,1.22408,1.22428,1.22408,1.22428,4
2005-06-06 00:35:00,1.22398,1.22398,1.22398,1.22398,4
2005-06-06 00:36:00,1.22398,1.22398,1.22388,1.22388,9
2005-06-06 00:37:00,1.22408,1.22408,1.22408,1.22408,3
2005-06-06 00:38:00,1.22408,1.22408,1.22398,1.22408,7
2005-06-06 00:39:00,1.22398,1.22408,1.22388,1.22408,15
2005-06-06 00:40:00,1.22398,1.22398,1.22388,1.22398,6
2005-06-06 00:41:00,1.22398,1.22398,1.22398,1.22398,9
2005-06-06 00:42:00,1.22398,1.22408,1.22398,1.22398,7
2005-06-06 00:43:00,1.22408,1.22408,1.22398,1.22398,5
2005-06-06 00:44:00,1.22398,1.22398,1.22398,1.22398,4
2005-06-06 00:45:00,1.22418,1.22418,1.22398,1.22398,7
2005-06-06 00:46:00,1.22418,1.22418,1.22418,1.22418,9
2005-06-06 00:47:00,1.22418,1.22428,1.22418,1.22418,6
2005-06-06 00:48:00,1.22418,1.22428,1.22408,1.22408,8
2005-06-06 00:49:00,1.22438,1.22438,1.22418,1.22418,6
2005-06-06 00:50:00,1.22438,1.22438,1.22438,1.22438,2
2005-06-06 00:51:00,1.22428,1.22438,1.22428,1.22438,3
2005-06-06 00:52:00,1.22428,1.22438,1.22428,1.22438,9
2005-06-06 00:53:00,1.22426,1.22438,1.22426,1.22438,9
2005-06-06 00:54:00,1.2241,1.22436,1.2241,1.22426,14
2005-06-06 00:55:00,1.2242,1.2242,1.224,1.2241,14
2005-06-06 00:56:00,1.224,1.2241,1.224,1.2241,4
2005-06-06 00:57:00,1.22406,1.22406,1.22406,1.22406,3
2005-06-06 00:58:00,1.22396,1.22416,1.22396,1.22406,11
2005-06-06 00:59:00,1.22406,1.22406,1.22396,1.22396,13
2005-06-06 01:00:00,1.22416,1.22416,1.22406,1.22406,6
2005-06-06 01:01:00,1.22386,1.22416,1.22386,1.22416,7
2005-06-06 01:02:00,1.2239,1.2239,1.2238,1.2238,10
2005-06-06 01:03:00,1.2239,1.2239,1.2238,1.2238,7
2005-06-06 01:04:00,1.2237,1.2239,1.2237,1.2239,12
2005-06-06 01:05:00,1.2239,1.2239,1.2237,1.2237,15
2005-06-06 01:06:00,1.2239,1.2239,1.2239,1.2239,2
2005-06-06 01:07:00,1.2239,1.2239,1.2239,1.2239,5
2005-06-06 01:08:00,1.22396,1.22396,1.22396,1.22396,2
2005-06-06 01:09:00,1.22396,1.22396,1.22396,1.22396,3
2005-06-06 01:10:00,1.22386,1.22396,1.22386,1.22396,8
2005-06-06 01:11:00,1.22386,1.22386,1.22386,1.22386,5
2005-06-06 01:12:00,1.22376,1.22386,1.22376,1.22386,6
2005-06-06 01:13:00,1.22386,1.22386,1.22376,1.22376,8
2005-06-06 01:14:00,1.22376,1.22386,1.22376,1.22386,7
2005-06-06 01:15:00,1.22376,1.22376,1.22366,1.22376,10
2005-06-06 01:16:00,1.22346,1.22366,1.22346,1.22366,14
2005-06-06 01:17:00,1.22346,1.22356,1.22336,1.22356,13
2005-06-06 01:18:00,1.22336,1.22346,1.22336,1.22336,6
2005-06-06 01:19:00,1.22346,1.22346,1.22336,1.22346,10
2005-06-06 01:20:00,1.22356,1.22366,1.22346,1.22346,17
2005-06-06 01:21:00,1.22376,1.22376,1.22356,1.22366,9
2005-06-06 01:22:00,1.22366,1.22396,1.22366,1.22386,11
2005-06-06 01:23:00,1.22366,1.22366,1.22346,1.22366,7
2005-06-06 01:24:00,1.22376,1.22386,1.22376,1.22376,10
2005-06-06 01:25:00,1.22376,1.22376,1.22366,1.22376,13
2005-06-06 01:26:00,1.22378,1.22378,1.22376,1.22376,2
2005-06-06 01:27:00,1.22388,1.22388,1.22368,1.22378,7
2005-06-06 01:28:00,1.22378,1.22388,1.22378,1.22388,4
2005-06-06 01:29:00,1.22378,1.22388,1.22378,1.22378,7
2005-06-06 01:30:00,1.22378,1.22378,1.22378,1.22378,4
2005-06-06 01:31:00,1.22388,1.22388,1.22378,1.22378,6
2005-06-06 01:32:00,1.22378,1.22378,1.22378,1.22378,5
2005-06-06 01:33:00,1.22378,1.22378,1.22378,1.22378,6
2005-06-06 01:34:00,1.22388,1.22388,1.22378,1.22378,6
2005-06-06 01:35:00,1.22388,1.22398,1.22388,1.22388,5
2005-06-06 01:36:00,1.22388,1.22388,1.22388,1.22388,2
2005-06-06 01:37:00,1.22398,1.22398,1.22388,1.22398,6
2005-06-06 01:38:00,1.22408,1.22408,1.22388,1.22388,11
2005-06-06 01:39:00,1.22408,1.22418,1.22408,1.22418,12
2005-06-06 01:40:00,1.22428,1.22438,1.22408,1.22408,7
2005-06-06 01:41:00,1.22428,1.22438,1.22428,1.22428,5
2005-06-06 01:42:00,1.22428,1.22428,1.22428,1.22428,3
2005-06-06 01:43:00,1.22428,1.22428,1.22418,1.22428,7
2005-06-06 01:44:00,1.22418,1.22428,1.22418,1.22418,5
2005-06-06 01:45:00,1.22418,1.22418,1.22418,1.22418,2
2005-06-06 01:46:00,1.22428,1.22428,1.22418,1.22418,6
2005-06-06 01:47:00,1.22428,1.22428,1.22428,1.22428,4
2005-06-06 01:48:00,1.22448,1.22448,1.22428,1.22438,8
2005-06-06 01:49:00,1.22468,1.22468,1.22458,1.22458,9
2005-06-06 01:50:00,1.22458,1.22468,1.22458,1.22468,3
2005-06-06 01:51:00,1.22458,1.22458,1.22458,1.22458,2
2005-06-06 01:52:00,1.22458,1.22458,1.22458,1.22458,2
2005-06-06 01:53:00,1.22464,1.22464,1.22458,1.22458,3
2005-06-06 01:54:00,1.22478,1.22478,1.22458,1.22458,10
2005-06-06 01:55:00,1.22468,1.22468,1.22468,1.22468,4
2005-06-06 01:56:00,1.22478,1.22478,1.22468,1.22468,6
2005-06-06 01:57:00,1.2249,1.2249,1.22468,1.22468,13
2005-06-06 01:58:00,1.2249,1.22498,1.22488,1.2249,11
2005-06-06 01:59:00,1.2249,1.2249,1.2249,1.2249,6
2005-06-06 02:00:00,1.22486,1.2249,1.22476,1.2249,6
2005-06-06 02:01:00,1.22486,1.22486,1.22486,1.22486,2
2005-06-06 02:02:00,1.22486,1.22486,1.22486,1.22486,2
2005-06-06 02:03:00,1.22486,1.22486,1.22486,1.22486,1
2005-06-06 02:04:00,1.22476,1.22486,1.22476,1.22486,3
2005-06-06 02:05:00,1.22476,1.22476,1.22476,1.22476,3
2005-06-06 02:06:00,1.22466,1.22466,1.22466,1.22466,11
2005-06-06 02:07:00,1.22466,1.22466,1.22466,1.22466,4
2005-06-06 02:08:00,1.22466,1.22466,1.22466,1.22466,4
2005-06-06 02:09:00,1.22466,1.22466,1.22466,1.22466,2
2005-06-06 02:10:00,1.22476,1.22476,1.22466,1.22466,5
2005-06-06 02:11:00,1.22476,1.22476,1.22476,1.22476,2
2005-06-06 02:12:00,1.22486,1.22486,1.22476,1.22476,6
2005-06-06 02:13:00,1.22476,1.22486,1.22476,1.22486,4
2005-06-06 02:14:00,1.22476,1.22486,1.22476,1.22476,7
2005-06-06 02:15:00,1.22476,1.22486,1.22476,1.22476,6
2005-06-06 02:16:00,1.22476,1.22476,1.22476,1.22476,4
2005-06-06 02:17:00,1.22466,1.22476,1.22466,1.22476,7
2005-06-06 02:18:00,1.22466,1.22476,1.22466,1.22476,5
2005-06-06 02:19:00,1.22466,1.22466,1.22466,1.22466,3
2005-06-06 02:20:00,1.22466,1.22466,1.22466,1.22466,3
2005-06-06 02:21:00,1.22466,1.22466,1.22466,1.22466,4
2005-06-06 02:22:00,1.22466,1.22466,1.22466,1.22466,2
2005-06-06 02:23:00,1.22466,1.22466,1.22466,1.22466,2
2005-06-06 02:24:00,1.22466,1.22466,1.22466,1.22466,4
2005-06-06 02:25:00,1.22456,1.22466,1.22456,1.22466,4
2005-06-06 02:26:00,1.22456,1.22466,1.22456,1.22466,5
2005-06-06 02:27:00,1.2244,1.22456,1.2244,1.22456,9
2005-06-06 02:28:00,1.2244,1.2244,1.2243,1.2244,5
2005-06-06 02:29:00,1.2244,1.2245,1.2243,1.2244,12
2005-06-06 02:30:00,1.2245,1.2245,1.2244,1.2245,7
2005-06-06 02:31:00,1.2245,1.2245,1.2245,1.2245,4
2005-06-06 02:32:00,1.2245,1.2245,1.2244,1.2245,4
2005-06-06 02:33:00,1.2244,1.2245,1.2244,1.2244,6
2005-06-06 02:34:00,1.2245,1.2245,1.2244,1.2244,9
2005-06-06 02:35:00,1.2245,1.2245,1.2245,1.2245,2
2005-06-06 02:36:00,1.2245,1.2245,1.2245,1.2245,2
2005-06-06 02:37:00,1.2245,1.2245,1.2245,1.2245,2
2005-06-06 02:38:00,1.2245,1.2245,1.2245,1.2245,2
2005-06-06 02:39:00,1.2245,1.2245,1.2245,1.2245,2
2005-06-06 02:40:00,1.2247,1.2247,1.2245,1.2245,8
2005-06-06 02:41:00,1.2248,1.2248,1.2247,1.2247,3
2005-06-06 02:42:00,1.22496,1.22496,1.2248,1.2248,4
2005-06-06 02:43:00,1.2249,1.22506,1.2249,1.22496,8
2005-06-06 02:44:00,1.22502,1.22502,1.2249,1.2249,6
2005-06-06 02:45:00,1.225,1.22502,1.225,1.22502,4
2005-06-06 02:46:00,1.2249,1.225,1.2249,1.225,3
2005-06-06 02:47:00,1.2249,1.225,1.2249,1.2249,4
2005-06-06 02:48:00,1.2249,1.2251,1.2249,1.225,10
2005-06-06 02:49:00,1.2249,1.2249,1.2249,1.2249,3
2005-06-06 02:50:00,1.2248,1.2249,1.2248,1.2249,3
2005-06-06 02:51:00,1.2249,1.2249,1.2249,1.2249,3
2005-06-06 02:52:00,1.2248,1.2249,1.2248,1.2249,4
2005-06-06 02:53:00,1.2248,1.2248,1.2248,1.2248,1
2005-06-06 02:54:00,1.2249,1.2249,1.2248,1.2248,8
2005-06-06 02:55:00,1.2249,1.2249,1.2249,1.2249,2
2005-06-06 02:56:00,1.2249,1.2249,1.2249,1.2249,4
2005-06-06 02:57:00,1.2251,1.2251,1.2249,1.2249,6
2005-06-06 02:58:00,1.2252,1.2252,1.2251,1.2251,13
2005-06-06 02:59:00,1.2252,1.2252,1.2252,1.2252,2
2005-06-06 03:00:00,1.2251,1.2252,1.225,1.2251,19
2005-06-06 03:01:00,1.2252,1.2252,1.2251,1.2251,5
2005-06-06 03:02:00,1.2253,1.2253,1.2251,1.2252,8
2005-06-06 03:03:00,1.2254,1.2254,1.2253,1.2253,6
2005-06-06 03:04:00,1.2253,1.2253,1.2253,1.2253,8
2005-06-06 03:05:00,1.22542,1.22542,1.2253,1.2253,10
2005-06-06 03:06:00,1.22542,1.22542,1.22542,1.22542,2
2005-06-06 03:07:00,1.22542,1.22542,1.22542,1.22542,2
2005-06-06 03:08:00,1.22542,1.22542,1.22532,1.22532,13
2005-06-06 03:09:00,1.22542,1.22552,1.22532,1.22532,10
2005-06-06 03:10:00,1.22582,1.22582,1.22552,1.22552,20
2005-06-06 03:11:00,1.22582,1.22582,1.22572,1.22572,10
2005-06-06 03:12:00,1.22586,1.22586,1.22572,1.22572,15
2005-06-06 03:13:00,1.22576,1.22586,1.22566,1.22586,6
2005-06-06 03:14:00,1.2256,1.22576,1.2256,1.22576,4
2005-06-06 03:15:00,1.2256,1.2256,1.2255,1.2256,5
2005-06-06 03:16:00,1.2255,1.2256,1.2255,1.2256,7
2005-06-06 03:17:00,1.2255,1.2255,1.2255,1.2255,4
2005-06-06 03:18:00,1.2255,1.2255,1.2255,1.2255,4
2005-06-06 03:19:00,1.2255,1.2256,1.2255,1.2256,5
2005-06-06 03:20:00,1.2256,1.2256,1.2256,1.2256,3
2005-06-06 03:21:00,1.2256,1.2256,1.2255,1.2255,6
2005-06-06 03:22:00,1.2257,1.2257,1.2256,1.2256,5
2005-06-06 03:23:00,1.2258,1.2259,1.2257,1.2257,9
2005-06-06 03:24:00,1.2256,1.2258,1.2256,1.2258,13
2005-06-06 03:25:00,1.2253,1.2256,1.2253,1.2256,7
2005-06-06 03:26:00,1.2254,1.2254,1.2253,1.2253,6
2005-06-06 03:27:00,1.2254,1.2254,1.2253,1.2254,6
2005-06-06 03:28:00,1.2252,1.2254,1.2251,1.2253,14
2005-06-06 03:29:00,1.2252,1.2252,1.2251,1.2252,11
2005-06-06 03:30:00,1.2253,1.2253,1.2252,1.2252,4
2005-06-06 03:31:00,1.2253,1.2253,1.2253,1.2253,5
2005-06-06 03:32:00,1.2254,1.2254,1.2253,1.2253,3
2005-06-06 03:33:00,1.2254,1.2254,1.2254,1.2254,5
2005-06-06 03:34:00,1.2254,1.2254,1.2253,1.2254,4
2005-06-06 03:35:00,1.2256,1.2257,1.2254,1.2254,9
2005-06-06 03:36:00,1.2257,1.2257,1.2255,1.2255,9
2005-06-06 03:37:00,1.2258,1.2258,1.2257,1.2257,7
2005-06-06 03:38:00,1.2256,1.2257,1.2256,1.2257,10
2005-06-06 03:39:00,1.2256,1.2256,1.2256,1.2256,5
2005-06-06 03:40:00,1.2256,1.2256,1.2256,1.2256,2
2005-06-06 03:41:00,1.2257,1.2257,1.2256,1.2256,7
2005-06-06 03:42:00,1.2256,1.2257,1.2256,1.2256,4
2005-06-06 03:43:00,1.2256,1.2256,1.2256,1.2256,4
2005-06-06 03:44:00,1.2256,1.2256,1.2256,1.2256,4
2005-06-06 03:45:00,1.2255,1.2256,1.2255,1.2256,5
2005-06-06 03:46:00,1.2255,1.2255,1.2255,1.2255,2
2005-06-06 03:47:00,1.2256,1.2256,1.2255,1.2256,7
2005-06-06 03:48:00,1.2256,1.2257,1.2256,1.2256,6
2005-06-06 03:49:00,1.2256,1.2256,1.2256,1.2256,4
2005-06-06 03:50:00,1.2257,1.2257,1.2257,1.2257,3
2005-06-06 03:51:00,1.2257,1.2258,1.2257,1.2257,8
2005-06-06 03:52:00,1.2257,1.2258,1.2257,1.2257,5
2005-06-06 03:53:00,1.2262,1.2263,1.2258,1.2258,23
2005-06-06 03:54:00,1.2262,1.2264,1.2262,1.2262,10
2005-06-06 03:55:00,1.2261,1.2263,1.226,1.2263,14
2005-06-06 03:56:00,1.22606,1.22606,1.22606,1.22606,3
2005-06-06 03:57:00,1.22606,1.22616,1.22606,1.22606,7
2005-06-06 03:58:00,1.22606,1.22606,1.22596,1.22596,5
2005-06-06 03:59:00,1.22606,1.22606,1.22596,1.22596,2
2005-06-06 04:00:00,1.22606,1.22606,1.22606,1.22606,2
2005-06-06 04:01:00,1.22606,1.22616,1.22606,1.22606,7
2005-06-06 04:02:00,1.22626,1.22626,1.22586,1.22596,14
2005-06-06 04:03:00,1.22696,1.22706,1.22616,1.22626,26
2005-06-06 04:04:00,1.2273,1.2274,1.22686,1.22686,24
2005-06-06 04:05:00,1.2271,1.2273,1.2271,1.2272,22
2005-06-06 04:06:00,1.227,1.2271,1.227,1.227,15
2005-06-06 04:07:00,1.2267,1.2269,1.2266,1.2269,23
2005-06-06 04:08:00,1.2268,1.2269,1.2268,1.2268,9
2005-06-06 04:09:00,1.2269,1.2269,1.2269,1.2269,3
2005-06-06 04:10:00,1.2269,1.2269,1.2269,1.2269,7
2005-06-06 04:11:00,1.2266,1.227,1.2266,1.227,15
2005-06-06 04:12:00,1.2265,1.2266,1.2265,1.2266,11
2005-06-06 04:13:00,1.2265,1.2265,1.2265,1.2265,2
2005-06-06 04:14:00,1.2265,1.2265,1.2265,1.2265,7
2005-06-06 04:15:00,1.2264,1.2265,1.2264,1.2265,6
2005-06-06 04:16:00,1.2264,1.2264,1.2264,1.2264,3
2005-06-06 04:17:00,1.2264,1.2264,1.2263,1.2263,9
2005-06-06 04:18:00,1.2264,1.2264,1.2264,1.2264,2
2005-06-06 04:19:00,1.2263,1.2264,1.2263,1.2264,3
2005-06-06 04:20:00,1.2261,1.2263,1.2261,1.2262,15
2005-06-06 04:21:00,1.2261,1.2261,1.2261,1.2261,6
2005-06-06 04:22:00,1.2262,1.2262,1.2261,1.2261,5
2005-06-06 04:23:00,1.2262,1.2262,1.2261,1.2262,4
2005-06-06 04:24:00,1.2263,1.2264,1.2262,1.2262,7
2005-06-06 04:25:00,1.2264,1.2265,1.2263,1.2264,12
2005-06-06 04:26:00,1.2264,1.2265,1.2264,1.2265,6
2005-06-06 04:27:00,1.2263,1.2264,1.2263,1.2264,5
2005-06-06 04:28:00,1.2263,1.2263,1.2263,1.2263,2
2005-06-06 04:29:00,1.2264,1.2264,1.2262,1.2264,23
2005-06-06 04:30:00,1.2265,1.2267,1.2263,1.2264,32
2005-06-06 04:31:00,1.2266,1.2267,1.2264,1.2265,15
2005-06-06 04:32:00,1.2267,1.2267,1.2266,1.2266,7
2005-06-06 04:33:00,1.2267,1.2267,1.2266,1.2267,5
2005-06-06 04:34:00,1.2268,1.2269,1.2267,1.2267,16
2005-06-06 04:35:00,1.2272,1.2273,1.2268,1.2268,15
2005-06-06 04:36:00,1.2273,1.2274,1.2272,1.2272,16
2005-06-06 04:37:00,1.2274,1.2274,1.2273,1.2273,5
2005-06-06 04:38:00,1.2272,1.2273,1.2272,1.2273,6
2005-06-06 04:39:00,1.227,1.2272,1.227,1.2272,15
2005-06-06 04:40:00,1.2267,1.227,1.2267,1.227,7
2005-06-06 04:41:00,1.2266,1.2268,1.2265,1.2268,11
2005-06-06 04:42:00,1.2264,1.2266,1.2263,1.2265,19
2005-06-06 04:43:00,1.2264,1.2264,1.2263,1.2263,14
2005-06-06 04:44:00,1.22636,1.22646,1.2263,1.2263,15
2005-06-06 04:45:00,1.22636,1.22646,1.22636,1.22636,6
2005-06-06 04:46:00,1.2263,1.2264,1.2263,1.22636,7
2005-06-06 04:47:00,1.2262,1.2263,1.2261,1.2263,15
2005-06-06 04:48:00,1.2258,1.2261,1.2258,1.2261,14
2005-06-06 04:49:00,1.2257,1.22586,1.22566,1.2258,17
2005-06-06 04:50:00,1.2256,1.2258,1.2256,1.2257,13
2005-06-06 04:51:00,1.2257,1.2257,1.2256,1.2256,9
2005-06-06 04:52:00,1.2255,1.2256,1.2255,1.2256,11
2005-06-06 04:53:00,1.2256,1.2256,1.2255,1.2255,8
2005-06-06 04:54:00,1.2255,1.2256,1.2255,1.2256,11
2005-06-06 04:55:00,1.2256,1.2256,1.2254,1.2254,11
2005-06-06 04:56:00,1.2256,1.2257,1.2255,1.2255,15
2005-06-06 04:57:00,1.2256,1.2256,1.2256,1.2256,2
2005-06-06 04:58:00,1.2257,1.2257,1.2256,1.2256,13
2005-06-06 04:59:00,1.226,1.226,1.2257,1.2257,7
2005-06-06 05:00:00,1.2259,1.226,1.2259,1.226,4
2005-06-06 05:01:00,1.2258,1.2259,1.2258,1.2258,8
2005-06-06 05:02:00,1.2257,1.2258,1.2257,1.2258,3
2005-06-06 05:03:00,1.2258,1.2258,1.2257,1.2257,4
2005-06-06 05:04:00,1.2258,1.2258,1.2258,1.2258,3
2005-06-06 05:05:00,1.2258,1.2258,1.2258,1.2258,2
2005-06-06 05:06:00,1.2258,1.2258,1.2258,1.2258,2
2005-06-06 05:07:00,1.2256,1.2258,1.2256,1.2258,8
2005-06-06 05:08:00,1.2254,1.2257,1.2251,1.2257,21
2005-06-06 05:09:00,1.2253,1.2254,1.2253,1.2253,15
2005-06-06 05:10:00,1.2253,1.2254,1.2253,1.2253,11
2005-06-06 05:11:00,1.2254,1.2254,1.2253,1.2253,4
2005-06-06 05:12:00,1.2254,1.2254,1.2254,1.2254,2
2005-06-06 05:13:00,1.2252,1.2254,1.2252,1.2253,11
2005-06-06 05:14:00,1.2252,1.2252,1.2252,1.2252,5
2005-06-06 05:15:00,1.2252,1.2253,1.2251,1.2252,14
2005-06-06 05:16:00,1.2252,1.2252,1.2252,1.2252,1
2005-06-06 05:17:00,1.2253,1.2253,1.2252,1.2252,5
2005-06-06 05:18:00,1.2253,1.2254,1.2253,1.2253,8
2005-06-06 05:19:00,1.2253,1.2254,1.2253,1.2253,11
2005-06-06 05:20:00,1.2253,1.2253,1.2252,1.2253,4
2005-06-06 05:21:00,1.2253,1.2253,1.2253,1.2253,2
2005-06-06 05:22:00,1.2253,1.2253,1.2253,1.2253,2
2005-06-06 05:23:00,1.2257,1.2257,1.2253,1.2253,7
2005-06-06 05:24:00,1.2259,1.2259,1.2255,1.2256,21
2005-06-06 05:25:00,1.2259,1.2259,1.2258,1.2258,10
2005-06-06 05:26:00,1.2258,1.2259,1.2258,1.2259,5
2005-06-06 05:27:00,1.2258,1.2258,1.2258,1.2258,6
2005-06-06 05:28:00,1.2259,1.2259,1.2258,1.2258,5
2005-06-06 05:29:00,1.2258,1.2258,1.2258,1.2258,3
2005-06-06 05:30:00,1.2258,1.2258,1.2257,1.2258,9
2005-06-06 05:31:00,1.2258,1.2258,1.2258,1.2258,2
2005-06-06 05:32:00,1.2261,1.2261,1.2259,1.2259,10
2005-06-06 05:33:00,1.2262,1.2262,1.2261,1.2261,6
2005-06-06 05:34:00,1.2262,1.2262,1.2261,1.2262,6
2005-06-06 05:35:00,1.2262,1.2263,1.2262,1.2262,9
2005-06-06 05:36:00,1.2264,1.2264,1.2262,1.2262,9
2005-06-06 05:37:00,1.2268,1.2268,1.2265,1.2265,14
2005-06-06 05:38:00,1.2271,1.2271,1.2268,1.2268,15
2005-06-06 05:39:00,1.2272,1.2272,1.2271,1.2272,15
2005-06-06 05:40:00,1.2274,1.2274,1.2271,1.2271,12
2005-06-06 05:41:00,1.2272,1.2273,1.2272,1.2273,19
2005-06-06 05:42:00,1.2269,1.2272,1.2269,1.2272,11
2005-06-06 05:43:00,1.227,1.2271,1.2269,1.227,14
2005-06-06 05:44:00,1.2271,1.2271,1.227,1.227,9
2005-06-06 05:45:00,1.227,1.227,1.2269,1.227,5
2005-06-06 05:46:00,1.2265,1.227,1.2265,1.2269,16
2005-06-06 05:47:00,1.2265,1.2265,1.2264,1.2264,3
2005-06-06 05:48:00,1.2265,1.2265,1.2264,1.2265,6
2005-06-06 05:49:00,1.2266,1.2266,1.2264,1.2264,7
2005-06-06 05:50:00,1.2266,1.2268,1.2266,1.2267,15
2005-06-06 05:51:00,1.2265,1.2267,1.2264,1.2267,14
2005-06-06 05:52:00,1.2265,1.2265,1.2265,1.2265,4
2005-06-06 05:53:00,1.2266,1.2266,1.2265,1.2265,6
2005-06-06 05:54:00,1.2266,1.2267,1.2265,1.2265,11
2005-06-06 05:55:00,1.2265,1.2266,1.2265,1.2266,4
2005-06-06 05:56:00,1.2266,1.2266,1.2265,1.2265,8
2005-06-06 05:57:00,1.2265,1.2266,1.2265,1.2265,12
2005-06-06 05:58:00,1.2264,1.2264,1.2263,1.2264,9
2005-06-06 05:59:00,1.2265,1.2265,1.2264,1.2264,15
2005-06-06 06:00:00,1.2268,1.2268,1.2265,1.2265,7
2005-06-06 06:01:00,1.22724,1.22724,1.2268,1.2269,23
2005-06-06 06:02:00,1.22684,1.22714,1.22684,1.22714,7
2005-06-06 06:03:00,1.22634,1.22684,1.22634,1.22684,14
2005-06-06 06:04:00,1.22594,1.22644,1.22594,1.22634,18
2005-06-06 06:05:00,1.22592,1.22592,1.22572,1.22584,16
2005-06-06 06:06:00,1.22582,1.22592,1.22582,1.22592,5
2005-06-06 06:07:00,1.22592,1.22592,1.22582,1.22582,4
2005-06-06 06:08:00,1.22662,1.22662,1.22592,1.22592,21
2005-06-06 06:09:00,1.22652,1.22672,1.22652,1.22672,14
2005-06-06 06:10:00,1.22652,1.22662,1.22652,1.22662,4
2005-06-06 06:11:00,1.22632,1.22652,1.22632,1.22652,8
2005-06-06 06:12:00,1.22632,1.22632,1.22632,1.22632,2
2005-06-06 06:13:00,1.22622,1.22632,1.22622,1.22622,7
2005-06-06 06:14:00,1.22622,1.22622,1.22622,1.22622,9
2005-06-06 06:15:00,1.22612,1.22632,1.22592,1.22632,28
2005-06-06 06:16:00,1.22592,1.22622,1.22592,1.22612,49
2005-06-06 06:17:00,1.22572,1.22592,1.22562,1.22592,55
2005-06-06 06:18:00,1.22542,1.22572,1.22522,1.22572,43
2005-06-06 06:19:00,1.22458,1.22542,1.22458,1.22542,46
2005-06-06 06:20:00,1.22482,1.22482,1.22418,1.22468,61
2005-06-06 06:21:00,1.22472,1.22472,1.22452,1.22472,46
2005-06-06 06:22:00,1.22472,1.22482,1.22462,1.22472,37
2005-06-06 06:23:00,1.22422,1.22472,1.22412,1.22472,59
2005-06-06 06:24:00,1.22452,1.22452,1.22412,1.22422,39
2005-06-06 06:25:00,1.22432,1.22452,1.22432,1.22452,45
2005-06-06 06:26:00,1.22412,1.22432,1.22412,1.22432,30
2005-06-06 06:27:00,1.22332,1.22422,1.22322,1.22412,61
2005-06-06 06:28:00,1.22362,1.22362,1.22332,1.22332,47
2005-06-06 06:29:00,1.22352,1.22372,1.22352,1.22362,45
2005-06-06 06:30:00,1.22372,1.22372,1.22352,1.22352,42
2005-06-06 06:31:00,1.22362,1.22362,1.22362,1.22362,29
2005-06-06 06:32:00,1.22372,1.22382,1.22362,1.22362,34
2005-06-06 06:33:00,1.22432,1.22432,1.22372,1.22372,51
2005-06-06 06:34:00,1.22442,1.22452,1.22422,1.22432,45
2005-06-06 06:35:00,1.22442,1.22452,1.22432,1.22432,31
2005-06-06 06:36:00,1.22422,1.22442,1.22422,1.22442,34
2005-06-06 06:37:00,1.22432,1.22442,1.22422,1.22422,42
2005-06-06 06:38:00,1.22452,1.22452,1.22432,1.22432,40
2005-06-06 06:39:00,1.22442,1.22452,1.22442,1.22452,30
2005-06-06 06:40:00,1.22482,1.22482,1.22452,1.22452,47
2005-06-06 06:41:00,1.22512,1.22522,1.22482,1.22482,51
2005-06-06 06:42:00,1.22552,1.22552,1.22512,1.22512,44
2005-06-06 06:43:00,1.22542,1.22552,1.22532,1.22552,39
2005-06-06 06:44:00,1.22562,1.22572,1.22542,1.22542,51
2005-06-06 06:45:00,1.22602,1.22602,1.22542,1.22562,56
2005-06-06 06:46:00,1.22632,1.22652,1.22602,1.22602,54
2005-06-06 06:47:00,1.22602,1.22632,1.22602,1.22622,44
2005-06-06 06:48:00,1.22612,1.22632,1.22602,1.22602,48
2005-06-06 06:49:00,1.22602,1.22622,1.22602,1.22612,37
2005-06-06 06:50:00,1.22572,1.22602,1.22572,1.22602,39
2005-06-06 06:51:00,1.22592,1.22592,1.22572,1.22572,31
2005-06-06 06:52:00,1.22632,1.22632,1.22592,1.22592,55
2005-06-06 06:53:00,1.22642,1.22642,1.22612,1.22632,37
2005-06-06 06:54:00,1.22682,1.22682,1.22622,1.22642,46
2005-06-06 06:55:00,1.22692,1.22722,1.22682,1.22692,57
2005-06-06 06:56:00,1.22682,1.22702,1.22662,1.22692,45
2005-06-06 06:57:00,1.22662,1.22692,1.22662,1.22682,39
2005-06-06 06:58:00,1.22662,1.22672,1.22662,1.22662,37
2005-06-06 06:59:00,1.22662,1.22672,1.22652,1.22662,40
2005-06-06 07:00:00,1.22642,1.22662,1.22642,1.22662,18
2005-06-06 07:01:00,1.22632,1.22642,1.22632,1.22642,32
2005-06-06 07:02:00,1.22632,1.22642,1.22632,1.22632,41
2005-06-06 07:03:00,1.22642,1.22652,1.22632,1.22632,29
2005-06-06 07:04:00,1.22652,1.22652,1.22642,1.22642,16
2005-06-06 07:05:00,1.22672,1.22682,1.22652,1.22652,37
2005-06-06 07:06:00,1.22692,1.22692,1.22672,1.22672,39
2005-06-06 07:07:00,1.22702,1.22702,1.22692,1.22692,32
2005-06-06 07:08:00,1.22698,1.22722,1.22698,1.22702,51
2005-06-06 07:09:00,1.22698,1.22708,1.22688,1.22698,42
2005-06-06 07:10:00,1.22678,1.22698,1.22678,1.22698,31
2005-06-06 07:11:00,1.22688,1.22688,1.22678,1.22678,43
2005-06-06 07:12:00,1.22658,1.22688,1.22658,1.22688,31
2005-06-06 07:13:00,1.22668,1.22668,1.22658,1.22658,42
2005-06-06 07:14:00,1.22628,1.22668,1.22628,1.22668,35
2005-06-06 07:15:00,1.22628,1.22638,1.22618,1.22638,35
2005-06-06 07:16:00,1.22628,1.22638,1.22628,1.22628,31
2005-06-06 07:17:00,1.22642,1.22648,1.22628,1.22628,25
2005-06-06 07:18:00,1.22652,1.22662,1.22642,1.22642,42
2005-06-06 07:19:00,1.22652,1.22662,1.22652,1.22652,40
2005-06-06 07:20:00,1.22652,1.22652,1.22652,1.22652,18
2005-06-06 07:21:00,1.22652,1.22682,1.22652,1.22652,41
2005-06-06 07:22:00,1.22662,1.22672,1.22642,1.22652,36
2005-06-06 07:23:00,1.22702,1.22712,1.22662,1.22672,53
2005-06-06 07:24:00,1.22732,1.22742,1.22702,1.22702,39
2005-06-06 07:25:00,1.22682,1.22732,1.22682,1.22732,42
2005-06-06 07:26:00,1.22682,1.22682,1.22672,1.22682,42
2005-06-06 07:27:00,1.22682,1.22682,1.22672,1.22682,38
2005-06-06 07:28:00,1.22682,1.22692,1.22682,1.22682,32
2005-06-06 07:29:00,1.22692,1.22692,1.22682,1.22682,23
2005-06-06 07:30:00,1.22712,1.22712,1.22692,1.22692,38
2005-06-06 07:31:00,1.22702,1.22712,1.22702,1.22712,30
2005-06-06 07:32:00,1.22712,1.22712,1.22702,1.22702,22
2005-06-06 07:33:00,1.22698,1.22712,1.22688,1.22712,31
2005-06-06 07:34:00,1.22678,1.22698,1.22678,1.22688,47
2005-06-06 07:35:00,1.22688,1.22688,1.22668,1.22678,44
2005-06-06 07:36:00,1.22668,1.22688,1.22668,1.22688,28
2005-06-06 07:37:00,1.22672,1.22672,1.22658,1.22668,45
2005-06-06 07:38:00,1.22662,1.22672,1.22652,1.22672,41
2005-06-06 07:39:00,1.22662,1.22662,1.22662,1.22662,20
2005-06-06 07:40:00,1.22632,1.22662,1.22632,1.22662,45
2005-06-06 07:41:00,1.22632,1.22642,1.22632,1.22642,26
2005-06-06 07:42:00,1.22632,1.22642,1.22622,1.22632,26
2005-06-06 07:43:00,1.22632,1.22632,1.22632,1.22632,15
2005-06-06 07:44:00,1.22632,1.22632,1.22632,1.22632,8
2005-06-06 07:45:00,1.22662,1.22662,1.22632,1.22632,30
2005-06-06 07:46:00,1.22662,1.22672,1.22662,1.22662,37
2005-06-06 07:47:00,1.22672,1.22672,1.22662,1.22662,21
2005-06-06 07:48:00,1.22682,1.22692,1.22672,1.22672,42
2005-06-06 07:49:00,1.22688,1.22702,1.22682,1.22682,46
2005-06-06 07:50:00,1.22658,1.22688,1.22658,1.22688,38
2005-06-06 07:51:00,1.22642,1.22672,1.22632,1.22658,44
2005-06-06 07:52:00,1.22642,1.22652,1.22632,1.22642,42
2005-06-06 07:53:00,1.22652,1.22652,1.22632,1.22642,25
2005-06-06 07:54:00,1.22632,1.22662,1.22632,1.22652,49
2005-06-06 07:55:00,1.22652,1.22652,1.22632,1.22632,39
2005-06-06 07:56:00,1.22632,1.22662,1.22632,1.22652,32
2005-06-06 07:57:00,1.22642,1.22642,1.22622,1.22632,36
2005-06-06 07:58:00,1.22642,1.22642,1.22632,1.22642,24
2005-06-06 07:59:00,1.22622,1.22642,1.22622,1.22642,34
2005-06-06 08:00:00,1.22592,1.22622,1.22592,1.22622,35
2005-06-06 08:01:00,1.22612,1.22612,1.22602,1.22602,35
2005-06-06 08:02:00,1.22622,1.22632,1.22612,1.22612,42
2005-06-06 08:03:00,1.22632,1.22642,1.22622,1.22622,41
2005-06-06 08:04:00,1.22612,1.22632,1.22612,1.22632,28
2005-06-06 08:05:00,1.22632,1.22632,1.22612,1.22612,44
2005-06-06 08:06:00,1.22622,1.22632,1.22612,1.22632,31
2005-06-06 08:07:00,1.22602,1.22622,1.22602,1.22622,31
2005-06-06 08:08:00,1.22602,1.22602,1.22582,1.22602,35
2005-06-06 08:09:00,1.22602,1.22602,1.22602,1.22602,18
2005-06-06 08:10:00,1.22622,1.22622,1.22602,1.22602,31
2005-06-06 08:11:00,1.22642,1.22642,1.22622,1.22622,31
2005-06-06 08:12:00,1.22672,1.22672,1.22642,1.22642,47
2005-06-06 08:13:00,1.22682,1.22682,1.22662,1.22662,30
2005-06-06 08:14:00,1.22662,1.22682,1.22662,1.22682,30
2005-06-06 08:15:00,1.22667,1.22668,1.22657,1.22662,18
2005-06-06 08:16:00,1.22641,1.22681,1.22641,1.22667,37
2005-06-06 08:17:00,1.22651,1.22651,1.22631,1.22641,28
2005-06-06 08:18:00,1.22611,1.22651,1.22601,1.22651,32
2005-06-06 08:19:00,1.22621,1.22621,1.22611,1.22611,27
2005-06-06 08:20:00,1.22632,1.22642,1.22621,1.22621,36
2005-06-06 08:21:00,1.22642,1.22642,1.22632,1.22632,35
2005-06-06 08:22:00,1.22642,1.22642,1.22642,1.22642,19
2005-06-06 08:23:00,1.22644,1.22644,1.22632,1.22642,24
2005-06-06 08:24:00,1.22634,1.22644,1.22614,1.22644,45
2005-06-06 08:25:00,1.22614,1.22634,1.22614,1.22624,32
2005-06-06 08:26:00,1.22614,1.22624,1.22604,1.22614,45
2005-06-06 08:27:00,1.22604,1.22624,1.22604,1.22614,39
2005-06-06 08:28:00,1.22624,1.22624,1.22594,1.22604,32
2005-06-06 08:29:00,1.22574,1.22624,1.22564,1.22624,50
2005-06-06 08:30:00,1.22554,1.22594,1.22534,1.22574,56
2005-06-06 08:31:00,1.22554,1.22564,1.22554,1.22554,28
2005-06-06 08:32:00,1.22564,1.22564,1.22554,1.22554,29
2005-06-06 08:33:00,1.22604,1.22604,1.22574,1.22574,59
2005-06-06 08:34:00,1.22604,1.22614,1.22604,1.22604,29
2005-06-06 08:35:00,1.22614,1.22614,1.22604,1.22604,35
2005-06-06 08:36:00,1.22634,1.22654,1.22604,1.22614,37
2005-06-06 08:37:00,1.22649,1.22654,1.22634,1.22634,33
2005-06-06 08:38:00,1.22647,1.22649,1.22647,1.22649,24
2005-06-06 08:39:00,1.22627,1.22647,1.22627,1.22647,33
2005-06-06 08:40:00,1.22625,1.22627,1.22614,1.22627,47
2005-06-06 08:41:00,1.22615,1.22625,1.22605,1.22625,27
2005-06-06 08:42:00,1.22628,1.22645,1.22615,1.22615,43
2005-06-06 08:43:00,1.22628,1.22638,1.22628,1.22628,30
2005-06-06 08:44:00,1.22628,1.22628,1.22618,1.22628,36
2005-06-06 08:45:00,1.22628,1.22638,1.22618,1.22628,25
2005-06-06 08:46:00,1.22638,1.22638,1.22628,1.22628,27
2005-06-06 08:47:00,1.22618,1.22648,1.22618,1.22638,43
2005-06-06 08:48:00,1.22628,1.22628,1.22618,1.22628,31
2005-06-06 08:49:00,1.22638,1.22648,1.22628,1.22628,23
2005-06-06 08:50:00,1.22648,1.22648,1.22628,1.22648,50
2005-06-06 08:51:00,1.22677,1.22688,1.22657,1.22658,46
2005-06-06 08:52:00,1.22688,1.22697,1.22677,1.22677,48
2005-06-06 08:53:00,1.22658,1.22688,1.22658,1.22688,41
2005-06-06 08:54:00,1.22673,1.22673,1.22658,1.22658,34
2005-06-06 08:55:00,1.22683,1.22683,1.22683,1.22683,24
2005-06-06 08:56:00,1.22743,1.22743,1.22683,1.22683,42
2005-06-06 08:57:00,1.2273,1.22753,1.2272,1.22743,51
2005-06-06 08:58:00,1.2277,1.2279,1.2272,1.2273,48
2005-06-06 08:59:00,1.2284,1.2285,1.2277,1.2277,53
2005-06-06 09:00:00,1.2283,1.2285,1.2282,1.2284,51
2005-06-06 09:01:00,1.2284,1.2285,1.2282,1.2283,51
2005-06-06 09:02:00,1.2283,1.2284,1.2282,1.2284,46
2005-06-06 09:03:00,1.2283,1.2284,1.2282,1.2283,50
2005-06-06 09:04:00,1.2284,1.2285,1.2282,1.2283,37
2005-06-06 09:05:00,1.2285,1.2286,1.2284,1.2284,47
2005-06-06 09:06:00,1.2282,1.2285,1.2282,1.2285,42
2005-06-06 09:07:00,1.228,1.2283,1.228,1.2283,50
2005-06-06 09:08:00,1.2282,1.2282,1.228,1.2281,38
2005-06-06 09:09:00,1.2283,1.2283,1.2281,1.2282,34
2005-06-06 09:10:00,1.2283,1.2283,1.2282,1.2283,42
2005-06-06 09:11:00,1.22825,1.22855,1.22825,1.2283,52
2005-06-06 09:12:00,1.22825,1.22825,1.22815,1.22825,30
2005-06-06 09:13:00,1.22815,1.22825,1.22805,1.22815,31
2005-06-06 09:14:00,1.22795,1.22815,1.22795,1.22815,36
2005-06-06 09:15:00,1.22795,1.22805,1.22785,1.22795,45
2005-06-06 09:16:00,1.22807,1.22807,1.22795,1.22795,23
2005-06-06 09:17:00,1.22787,1.22827,1.22787,1.22807,44
2005-06-06 09:18:00,1.22757,1.22787,1.22747,1.22787,47
2005-06-06 09:19:00,1.22757,1.22757,1.22747,1.22757,24
2005-06-06 09:20:00,1.22767,1.22777,1.22757,1.22757,36
2005-06-06 09:21:00,1.22757,1.22767,1.22757,1.22767,25
2005-06-06 09:22:00,1.22757,1.22757,1.22757,1.22757,18
2005-06-06 09:23:00,1.22757,1.22757,1.22747,1.22757,34
2005-06-06 09:24:00,1.22747,1.22757,1.22747,1.22757,23
2005-06-06 09:25:00,1.22747,1.22747,1.22737,1.22747,21
2005-06-06 09:26:00,1.22767,1.22767,1.22747,1.22747,36
2005-06-06 09:27:00,1.22757,1.22767,1.22757,1.22767,25
2005-06-06 09:28:00,1.22757,1.22767,1.22757,1.22757,27
2005-06-06 09:29:00,1.22767,1.22767,1.22757,1.22757,25
2005-06-06 09:30:00,1.22767,1.22767,1.22767,1.22767,23
2005-06-06 09:31:00,1.22757,1.22777,1.22757,1.22777,43
2005-06-06 09:32:00,1.22727,1.22767,1.22727,1.22767,38
2005-06-06 09:33:00,1.22737,1.22747,1.22717,1.22727,42
2005-06-06 09:34:00,1.22737,1.22737,1.22737,1.22737,14
2005-06-06 09:35:00,1.22737,1.22737,1.22737,1.22737,16
2005-06-06 09:36:00,1.22747,1.22747,1.22737,1.22737,26
2005-06-06 09:37:00,1.22747,1.22747,1.22747,1.22747,14
2005-06-06 09:38:00,1.22747,1.22747,1.22747,1.22747,11
2005-06-06 09:39:00,1.22747,1.22747,1.22747,1.22747,8
2005-06-06 09:40:00,1.22697,1.22747,1.22697,1.22747,41
2005-06-06 09:41:00,1.22717,1.22727,1.22697,1.22697,46
2005-06-06 09:42:00,1.22729,1.22729,1.22717,1.22717,24
2005-06-06 09:43:00,1.22729,1.22729,1.22729,1.22729,15
2005-06-06 09:44:00,1.22699,1.22729,1.22689,1.22729,37
2005-06-06 09:45:00,1.22709,1.22709,1.22689,1.22699,33
2005-06-06 09:46:00,1.22719,1.22719,1.22709,1.22709,29
2005-06-06 09:47:00,1.22719,1.22719,1.22709,1.22719,35
2005-06-06 09:48:00,1.22749,1.22769,1.22719,1.22719,47
2005-06-06 09:49:00,1.22749,1.22759,1.22749,1.22749,30
2005-06-06 09:50:00,1.22759,1.22759,1.22749,1.22749,32
2005-06-06 09:51:00,1.22729,1.22759,1.22719,1.22759,43
2005-06-06 09:52:00,1.22709,1.22729,1.22709,1.22729,32
2005-06-06 09:53:00,1.22689,1.22709,1.22679,1.22709,42
2005-06-06 09:54:00,1.22699,1.22699,1.22679,1.22689,45
2005-06-06 09:55:00,1.22699,1.22699,1.22699,1.22699,10
2005-06-06 09:56:00,1.22699,1.22699,1.22689,1.22699,20
2005-06-06 09:57:00,1.22689,1.22699,1.22689,1.22699,26
2005-06-06 09:58:00,1.22689,1.22699,1.22689,1.22689,27
2005-06-06 09:59:00,1.22689,1.22689,1.22689,1.22689,11
2005-06-06 10:00:00,1.22659,1.22689,1.22659,1.22689,35
2005-06-06 10:01:00,1.22639,1.22659,1.22639,1.22659,37
2005-06-06 10:02:00,1.22639,1.22639,1.22639,1.22639,19
2005-06-06 10:03:00,1.22625,1.22639,1.22619,1.22639,28
2005-06-06 10:04:00,1.22635,1.22635,1.22615,1.22625,26
2005-06-06 10:05:00,1.22655,1.22655,1.22635,1.22635,44
2005-06-06 10:06:00,1.22655,1.22665,1.22655,1.22655,28
2005-06-06 10:07:00,1.22665,1.22675,1.22655,1.22655,39
2005-06-06 10:08:00,1.22665,1.22675,1.22665,1.22665,20
2005-06-06 10:09:00,1.22655,1.22665,1.22655,1.22665,29
2005-06-06 10:10:00,1.22655,1.22655,1.22655,1.22655,15
2005-06-06 10:11:00,1.22645,1.22655,1.22645,1.22655,10
2005-06-06 10:12:00,1.22645,1.22655,1.22645,1.22645,18
2005-06-06 10:13:00,1.22665,1.22665,1.22645,1.22645,37
2005-06-06 10:14:00,1.22695,1.22715,1.22665,1.22675,55
2005-06-06 10:15:00,1.22685,1.22705,1.22685,1.22695,44
2005-06-06 10:16:00,1.22695,1.22695,1.22685,1.22685,21
2005-06-06 10:17:00,1.22685,1.22695,1.22685,1.22695,14
2005-06-06 10:18:00,1.22685,1.22685,1.22675,1.22685,30
2005-06-06 10:19:00,1.22675,1.22685,1.22675,1.22685,32
2005-06-06 10:20:00,1.22675,1.22675,1.22665,1.22675,40
2005-06-06 10:21:00,1.22685,1.22685,1.22675,1.22675,34
2005-06-06 10:22:00,1.22675,1.22685,1.22675,1.22685,17
2005-06-06 10:23:00,1.22675,1.22675,1.22675,1.22675,19
2005-06-06 10:24:00,1.22685,1.22685,1.22675,1.22675,20
2005-06-06 10:25:00,1.22705,1.22705,1.22685,1.22685,27
2005-06-06 10:26:00,1.22725,1.22725,1.22705,1.22705,53
2005-06-06 10:27:00,1.22715,1.22725,1.22705,1.22725,34
2005-06-06 10:28:00,1.22705,1.22715,1.22705,1.22715,19
2005-06-06 10:29:00,1.22685,1.22705,1.22685,1.22705,30
2005-06-06 10:30:00,1.22695,1.22695,1.22685,1.22685,25
2005-06-06 10:31:00,1.22665,1.22685,1.22665,1.22685,39
2005-06-06 10:32:00,1.22655,1.22675,1.22655,1.22665,40
2005-06-06 10:33:00,1.22655,1.22665,1.22655,1.22655,46
2005-06-06 10:34:00,1.22665,1.22675,1.22655,1.22655,34
2005-06-06 10:35:00,1.22675,1.22675,1.22655,1.22665,27
2005-06-06 10:36:00,1.22665,1.22675,1.22665,1.22675,39
2005-06-06 10:37:00,1.22675,1.22675,1.22665,1.22665,26
2005-06-06 10:38:00,1.22665,1.22695,1.22665,1.22675,45
2005-06-06 10:39:00,1.22705,1.22705,1.22665,1.22665,35
2005-06-06 10:40:00,1.22695,1.22715,1.22695,1.22695,37
2005-06-06 10:41:00,1.22688,1.22705,1.22688,1.22695,30
2005-06-06 10:42:00,1.22688,1.22688,1.22688,1.22688,12
2005-06-06 10:43:00,1.22688,1.22688,1.22688,1.22688,9
2005-06-06 10:44:00,1.22678,1.22688,1.22678,1.22688,16
2005-06-06 10:45:00,1.22671,1.22681,1.22661,1.22678,36
2005-06-06 10:46:00,1.22671,1.22671,1.22661,1.22671,22
2005-06-06 10:47:00,1.22671,1.22681,1.22661,1.22671,37
2005-06-06 10:48:00,1.22661,1.22671,1.22661,1.22671,32
2005-06-06 10:49:00,1.22661,1.22661,1.22651,1.22661,25
2005-06-06 10:50:00,1.22651,1.22661,1.22651,1.22651,30
2005-06-06 10:51:00,1.22651,1.22661,1.22641,1.22651,32
2005-06-06 10:52:00,1.22661,1.22661,1.22651,1.22651,28
2005-06-06 10:53:00,1.22651,1.22671,1.22631,1.22651,39
2005-06-06 10:54:00,1.22631,1.22651,1.22631,1.22651,32
2005-06-06 10:55:00,1.22621,1.22631,1.22611,1.22631,35
2005-06-06 10:56:00,1.22631,1.22631,1.22611,1.22621,33
2005-06-06 10:57:00,1.22631,1.22641,1.22631,1.22631,34
2005-06-06 10:58:00,1.22641,1.22651,1.22631,1.22631,21
2005-06-06 10:59:00,1.22631,1.22641,1.22631,1.22641,15
2005-06-06 11:00:00,1.22621,1.22641,1.22611,1.22631,48
2005-06-06 11:01:00,1.22621,1.22631,1.22621,1.22631,31
2005-06-06 11:02:00,1.22631,1.22631,1.22621,1.22631,34
2005-06-06 11:03:00,1.22631,1.22641,1.22621,1.22631,37
2005-06-06 11:04:00,1.22631,1.22631,1.22621,1.22621,19
2005-06-06 11:05:00,1.22611,1.22631,1.22611,1.22631,38
2005-06-06 11:06:00,1.22611,1.22611,1.22611,1.22611,24
2005-06-06 11:07:00,1.22601,1.22611,1.22601,1.22611,14
2005-06-06 11:08:00,1.22591,1.22601,1.22591,1.22601,23
2005-06-06 11:09:00,1.22601,1.22601,1.22591,1.22591,18
2005-06-06 11:10:00,1.22606,1.22616,1.22601,1.22601,39
2005-06-06 11:11:00,1.22586,1.22606,1.22586,1.22606,24
2005-06-06 11:12:00,1.22596,1.22596,1.22586,1.22586,20
2005-06-06 11:13:00,1.22586,1.22596,1.22586,1.22596,30
2005-06-06 11:14:00,1.22596,1.22596,1.22586,1.22586,30
2005-06-06 11:15:00,1.22586,1.22596,1.22586,1.22596,37
2005-06-06 11:16:00,1.22596,1.22596,1.22586,1.22586,24
2005-06-06 11:17:00,1.22596,1.22596,1.22586,1.22596,34
2005-06-06 11:18:00,1.22616,1.22616,1.22596,1.22596,40
2005-06-06 11:19:00,1.22646,1.22646,1.22616,1.22616,34
2005-06-06 11:20:00,1.22677,1.22677,1.22646,1.22646,37
2005-06-06 11:21:00,1.22687,1.22687,1.22677,1.22677,31
2005-06-06 11:22:00,1.22727,1.22727,1.22687,1.22687,55
2005-06-06 11:23:00,1.22717,1.22737,1.22717,1.22737,57
2005-06-06 11:24:00,1.22727,1.22727,1.22717,1.22717,37
2005-06-06 11:25:00,1.22707,1.22737,1.22707,1.22737,36
2005-06-06 11:26:00,1.22727,1.22737,1.22707,1.22707,38
2005-06-06 11:27:00,1.22727,1.22727,1.22727,1.22727,21
2005-06-06 11:28:00,1.22737,1.22737,1.22717,1.22727,32
2005-06-06 11:29:00,1.22737,1.22767,1.22737,1.22747,45
2005-06-06 11:30:00,1.22737,1.22747,1.22737,1.22747,38
2005-06-06 11:31:00,1.2273,1.22737,1.2272,1.22737,25
2005-06-06 11:32:00,1.22744,1.22754,1.2272,1.2272,49
2005-06-06 11:33:00,1.22774,1.22774,1.22734,1.22734,47
2005-06-06 11:34:00,1.22744,1.22774,1.22744,1.22774,37
2005-06-06 11:35:00,1.22754,1.22754,1.22744,1.22744,24
2005-06-06 11:36:00,1.2275,1.22764,1.2275,1.22764,34
2005-06-06 11:37:00,1.22753,1.22763,1.22753,1.2276,34
2005-06-06 11:38:00,1.22743,1.22753,1.22743,1.22753,19
2005-06-06 11:39:00,1.22713,1.22733,1.22713,1.22733,35
2005-06-06 11:40:00,1.22713,1.22723,1.22703,1.22713,39
2005-06-06 11:41:00,1.22742,1.22742,1.22713,1.22713,43
2005-06-06 11:42:00,1.22752,1.22752,1.22742,1.22742,29
2005-06-06 11:43:00,1.22772,1.22792,1.22752,1.22752,39
2005-06-06 11:44:00,1.22792,1.22792,1.22772,1.22772,41
2005-06-06 11:45:00,1.22797,1.22822,1.22792,1.22792,35
2005-06-06 11:46:00,1.22804,1.22817,1.22794,1.22797,38
2005-06-06 11:47:00,1.22774,1.22794,1.22774,1.22794,40
2005-06-06 11:48:00,1.22773,1.22783,1.22754,1.22774,44
2005-06-06 11:49:00,1.22763,1.22773,1.22763,1.22773,41
2005-06-06 11:50:00,1.22753,1.22773,1.22753,1.22763,36
2005-06-06 11:51:00,1.22754,1.22754,1.22743,1.22753,30
2005-06-06 11:52:00,1.22754,1.22764,1.22744,1.22754,43
2005-06-06 11:53:00,1.22744,1.22764,1.22734,1.22754,40
2005-06-06 11:54:00,1.22744,1.22754,1.22744,1.22744,30
2005-06-06 11:55:00,1.22744,1.22754,1.22744,1.22744,31
2005-06-06 11:56:00,1.22744,1.22744,1.22744,1.22744,16
2005-06-06 11:57:00,1.22744,1.22744,1.22734,1.22744,34
2005-06-06 11:58:00,1.22754,1.22754,1.22744,1.22744,31
2005-06-06 11:59:00,1.22734,1.22754,1.22734,1.22754,20
2005-06-06 12:00:00,1.22764,1.22774,1.22734,1.22734,38
2005-06-06 12:01:00,1.22785,1.22804,1.22764,1.22764,47
2005-06-06 12:02:00,1.22815,1.22815,1.22785,1.22785,44
2005-06-06 12:03:00,1.22795,1.22815,1.22795,1.22815,37
2005-06-06 12:04:00,1.22815,1.22815,1.22785,1.22795,42
2005-06-06 12:05:00,1.2277,1.22815,1.2277,1.22815,39
2005-06-06 12:06:00,1.22778,1.22788,1.22768,1.2277,40
2005-06-06 12:07:00,1.22768,1.22778,1.22768,1.22778,23
2005-06-06 12:08:00,1.22768,1.22778,1.22768,1.22768,32
2005-06-06 12:09:00,1.22768,1.22768,1.22768,1.22768,29
2005-06-06 12:10:00,1.22768,1.22768,1.22758,1.22768,30
2005-06-06 12:11:00,1.22768,1.22768,1.22768,1.22768,16
2005-06-06 12:12:00,1.22758,1.22768,1.22748,1.22768,40
2005-06-06 12:13:00,1.22748,1.22758,1.22748,1.22758,33
2005-06-06 12:14:00,1.22738,1.22768,1.22728,1.22748,49
2005-06-06 12:15:00,1.22733,1.22738,1.22723,1.22728,44
2005-06-06 12:16:00,1.22723,1.22733,1.22713,1.22733,32
2005-06-06 12:17:00,1.22723,1.22723,1.22703,1.22723,37
2005-06-06 12:18:00,1.22713,1.22723,1.22713,1.22723,30
2005-06-06 12:19:00,1.22724,1.22734,1.22713,1.22713,31
2005-06-06 12:20:00,1.22674,1.22724,1.22674,1.22724,46
2005-06-06 12:21:00,1.22684,1.22694,1.22684,1.22684,36
2005-06-06 12:22:00,1.22694,1.22694,1.22684,1.22694,30
2005-06-06 12:23:00,1.22714,1.22714,1.22694,1.22694,40
2005-06-06 12:24:00,1.22704,1.22714,1.22694,1.22714,45
2005-06-06 12:25:00,1.22724,1.22724,1.22694,1.22704,36
2005-06-06 12:26:00,1.22714,1.22724,1.22714,1.22724,17
2005-06-06 12:27:00,1.22704,1.22724,1.22704,1.22724,45
2005-06-06 12:28:00,1.22734,1.22744,1.22704,1.22704,50
2005-06-06 12:29:00,1.22734,1.22734,1.22734,1.22734,23
2005-06-06 12:30:00,1.22754,1.22754,1.22734,1.22734,46
2005-06-06 12:31:00,1.22744,1.22754,1.22744,1.22754,33
2005-06-06 12:32:00,1.22734,1.22744,1.22734,1.22744,33
2005-06-06 12:33:00,1.22754,1.22764,1.22734,1.22734,45
2005-06-06 12:34:00,1.22764,1.22764,1.22754,1.22754,35
2005-06-06 12:35:00,1.22768,1.22784,1.22764,1.22764,31
2005-06-06 12:36:00,1.22738,1.22768,1.22728,1.22768,38
2005-06-06 12:37:00,1.22758,1.22758,1.22728,1.22738,39
2005-06-06 12:38:00,1.22758,1.22758,1.22748,1.22758,37
2005-06-06 12:39:00,1.22778,1.22778,1.22748,1.22758,49
2005-06-06 12:40:00,1.22786,1.22788,1.22776,1.22778,43
2005-06-06 12:41:00,1.22756,1.22786,1.22756,1.22786,46
2005-06-06 12:42:00,1.22766,1.22766,1.22756,1.22756,25
2005-06-06 12:43:00,1.22766,1.22766,1.22756,1.22766,32
2005-06-06 12:44:00,1.22766,1.22776,1.22766,1.22766,27
2005-06-06 12:45:00,1.22766,1.22776,1.22766,1.22766,29
2005-06-06 12:46:00,1.22766,1.22776,1.22766,1.22776,26
2005-06-06 12:47:00,1.22766,1.22766,1.22756,1.22766,25
2005-06-06 12:48:00,1.22786,1.22796,1.22766,1.22766,35
2005-06-06 12:49:00,1.22806,1.22826,1.22786,1.22796,58
2005-06-06 12:50:00,1.22786,1.22806,1.22776,1.22806,47
2005-06-06 12:51:00,1.22786,1.22806,1.22786,1.22796,39
2005-06-06 12:52:00,1.22756,1.22786,1.22756,1.22786,44
2005-06-06 12:53:00,1.22743,1.22753,1.22726,1.22746,43
2005-06-06 12:54:00,1.22734,1.22754,1.22734,1.22743,36
2005-06-06 12:55:00,1.22724,1.22734,1.22724,1.22734,35
2005-06-06 12:56:00,1.22664,1.22724,1.22664,1.22724,39
2005-06-06 12:57:00,1.22664,1.22664,1.22654,1.22664,42
2005-06-06 12:58:00,1.22714,1.22714,1.22664,1.22664,48
2005-06-06 12:59:00,1.22707,1.22727,1.22707,1.22714,49
2005-06-06 13:00:00,1.22737,1.22737,1.22697,1.22707,49
2005-06-06 13:01:00,1.22697,1.22737,1.22697,1.22737,45
2005-06-06 13:02:00,1.22737,1.22737,1.22697,1.22697,40
2005-06-06 13:03:00,1.22747,1.22747,1.22737,1.22737,46
2005-06-06 13:04:00,1.22747,1.22757,1.22747,1.22747,43
2005-06-06 13:05:00,1.22727,1.22757,1.22717,1.22757,39
2005-06-06 13:06:00,1.22717,1.22727,1.22707,1.22727,42
2005-06-06 13:07:00,1.22727,1.22757,1.22717,1.22717,44
2005-06-06 13:08:00,1.22737,1.22737,1.22727,1.22727,31
2005-06-06 13:09:00,1.22747,1.22747,1.22737,1.22747,39
2005-06-06 13:10:00,1.22757,1.22757,1.22737,1.22747,39
2005-06-06 13:11:00,1.22746,1.22757,1.22746,1.22757,33
2005-06-06 13:12:00,1.22746,1.22756,1.22736,1.22746,35
2005-06-06 13:13:00,1.22806,1.22806,1.22756,1.22756,51
2005-06-06 13:14:00,1.22766,1.22806,1.22756,1.22806,50
2005-06-06 13:15:00,1.22756,1.22766,1.22746,1.22766,34
2005-06-06 13:16:00,1.22765,1.22785,1.22755,1.22765,44
2005-06-06 13:17:00,1.22785,1.22795,1.22765,1.22775,52
2005-06-06 13:18:00,1.22786,1.22796,1.22776,1.22785,37
2005-06-06 13:19:00,1.22786,1.22796,1.22766,1.22786,46
2005-06-06 13:20:00,1.22814,1.22824,1.22776,1.22786,47
2005-06-06 13:21:00,1.22804,1.22834,1.22794,1.22814,51
2005-06-06 13:22:00,1.22804,1.22814,1.22774,1.22794,44
2005-06-06 13:23:00,1.22824,1.22844,1.22804,1.22804,45
2005-06-06 13:24:00,1.22804,1.22824,1.22804,1.22824,41
2005-06-06 13:25:00,1.22793,1.22803,1.22793,1.22803,43
2005-06-06 13:26:00,1.22763,1.22793,1.22763,1.22793,38
2005-06-06 13:27:00,1.22753,1.22773,1.22753,1.22763,39
2005-06-06 13:28:00,1.22813,1.22813,1.22753,1.22753,42
2005-06-06 13:29:00,1.22803,1.22833,1.22793,1.22813,50
2005-06-06 13:30:00,1.22803,1.22803,1.22793,1.22793,36
2005-06-06 13:31:00,1.22823,1.22823,1.22803,1.22803,46
2005-06-06 13:32:00,1.22853,1.22873,1.22823,1.22823,51
2005-06-06 13:33:00,1.22753,1.22853,1.22753,1.22853,51
2005-06-06 13:34:00,1.22743,1.22763,1.22733,1.22753,50
2005-06-06 13:35:00,1.22753,1.22753,1.22743,1.22743,29
2005-06-06 13:36:00,1.22753,1.22763,1.22733,1.22753,34
2005-06-06 13:37:00,1.22764,1.22764,1.22743,1.22753,40
2005-06-06 13:38:00,1.22794,1.22794,1.22764,1.22764,37
2005-06-06 13:39:00,1.22784,1.22804,1.22784,1.22794,37
2005-06-06 13:40:00,1.22794,1.22794,1.22784,1.22784,29
2005-06-06 13:41:00,1.22793,1.22814,1.22793,1.22794,36
2005-06-06 13:42:00,1.22793,1.22803,1.22763,1.22793,55
2005-06-06 13:43:00,1.22813,1.22823,1.22793,1.22793,43
2005-06-06 13:44:00,1.22843,1.22843,1.22813,1.22813,40
2005-06-06 13:45:00,1.22823,1.22843,1.22823,1.22843,42
2005-06-06 13:46:00,1.22813,1.22833,1.22813,1.22823,34
2005-06-06 13:47:00,1.22803,1.22813,1.22803,1.22813,27
2005-06-06 13:48:00,1.22823,1.22823,1.22793,1.22803,41
2005-06-06 13:49:00,1.22853,1.22863,1.22823,1.22823,40
2005-06-06 13:50:00,1.22853,1.22873,1.22853,1.22853,47
2005-06-06 13:51:00,1.22843,1.22853,1.22843,1.22853,46
2005-06-06 13:52:00,1.22833,1.22863,1.22833,1.22843,44
2005-06-06 13:53:00,1.22853,1.22853,1.22823,1.22833,41
2005-06-06 13:54:00,1.22843,1.22853,1.22833,1.22853,50
2005-06-06 13:55:00,1.22843,1.22853,1.22833,1.22833,31
2005-06-06 13:56:00,1.22823,1.22853,1.22823,1.22843,46
2005-06-06 13:57:00,1.22853,1.22863,1.22823,1.22823,51
2005-06-06 13:58:00,1.22853,1.22863,1.22853,1.22853,32
2005-06-06 13:59:00,1.22863,1.22863,1.22853,1.22853,36
2005-06-06 14:00:00,1.22893,1.22893,1.22853,1.22863,39
2005-06-06 14:01:00,1.22863,1.22883,1.22853,1.22883,49
2005-06-06 14:02:00,1.22823,1.22873,1.22823,1.22863,30
2005-06-06 14:03:00,1.22803,1.22823,1.22793,1.22813,38
2005-06-06 14:04:00,1.22794,1.22814,1.22783,1.22803,48
2005-06-06 14:05:00,1.22794,1.22804,1.22784,1.22794,40
2005-06-06 14:06:00,1.22804,1.22814,1.22794,1.22794,32
2005-06-06 14:07:00,1.22804,1.22814,1.22804,1.22804,40
2005-06-06 14:08:00,1.22814,1.22814,1.22804,1.22804,39
2005-06-06 14:09:00,1.22794,1.22824,1.22794,1.22814,35
2005-06-06 14:10:00,1.22794,1.22804,1.22794,1.22794,31
2005-06-06 14:11:00,1.22774,1.22794,1.22754,1.22794,46
2005-06-06 14:12:00,1.22764,1.22784,1.22764,1.22774,42
2005-06-06 14:13:00,1.22764,1.22764,1.22764,1.22764,18
2005-06-06 14:14:00,1.22744,1.22774,1.22734,1.22764,38
2005-06-06 14:15:00,1.22734,1.22754,1.22734,1.22744,34
2005-06-06 14:16:00,1.22794,1.22794,1.22734,1.22734,53
2005-06-06 14:17:00,1.22844,1.22844,1.22794,1.22794,48
2005-06-06 14:18:00,1.22884,1.22884,1.22844,1.22844,50
2005-06-06 14:19:00,1.22883,1.22924,1.22874,1.22884,51
2005-06-06 14:20:00,1.22883,1.22883,1.22863,1.22883,44
2005-06-06 14:21:00,1.22893,1.22893,1.22873,1.22883,35
2005-06-06 14:22:00,1.22863,1.22893,1.22863,1.22893,44
2005-06-06 14:23:00,1.22868,1.22883,1.22863,1.22863,33
2005-06-06 14:24:00,1.22858,1.22868,1.22858,1.22868,32
2005-06-06 14:25:00,1.22828,1.22858,1.22828,1.22858,39
2005-06-06 14:26:00,1.22843,1.22843,1.22818,1.22828,43
2005-06-06 14:27:00,1.22853,1.22853,1.22843,1.22843,35
2005-06-06 14:28:00,1.22846,1.22853,1.22838,1.22853,27
2005-06-06 14:29:00,1.22826,1.22846,1.22826,1.22846,28
2005-06-06 14:30:00,1.22836,1.22836,1.22816,1.22826,34
2005-06-06 14:31:00,1.22826,1.22846,1.22826,1.22836,44
2005-06-06 14:32:00,1.22846,1.22846,1.22806,1.22826,52
2005-06-06 14:33:00,1.22836,1.22846,1.22836,1.22846,29
2005-06-06 14:34:00,1.22826,1.22836,1.22816,1.22836,23
2005-06-06 14:35:00,1.22796,1.22826,1.22786,1.22826,42
2005-06-06 14:36:00,1.22856,1.22856,1.22796,1.22796,50
2005-06-06 14:37:00,1.22846,1.22856,1.22846,1.22846,49
2005-06-06 14:38:00,1.22846,1.22856,1.22836,1.22846,48
2005-06-06 14:39:00,1.22866,1.22866,1.22846,1.22846,20
2005-06-06 14:40:00,1.22866,1.22876,1.22866,1.22866,24
2005-06-06 14:41:00,1.22836,1.22866,1.22836,1.22866,33
2005-06-06 14:42:00,1.22846,1.22856,1.22836,1.22836,36
2005-06-06 14:43:00,1.2286,1.22866,1.22846,1.22846,27
2005-06-06 14:44:00,1.22878,1.22907,1.22857,1.2286,50
2005-06-06 14:45:00,1.22908,1.22928,1.22878,1.22878,53
2005-06-06 14:46:00,1.22898,1.22918,1.22888,1.22918,42
2005-06-06 14:47:00,1.22907,1.22924,1.22894,1.22898,40
2005-06-06 14:48:00,1.22894,1.22917,1.22884,1.22907,48
2005-06-06 14:49:00,1.22898,1.22898,1.22894,1.22894,20
2005-06-06 14:50:00,1.22908,1.22908,1.22898,1.22898,26
2005-06-06 14:51:00,1.22878,1.22908,1.22868,1.22908,54
2005-06-06 14:52:00,1.22895,1.22895,1.22868,1.22878,43
2005-06-06 14:53:00,1.22875,1.22895,1.22875,1.22885,43
2005-06-06 14:54:00,1.22852,1.22892,1.22852,1.22875,42
2005-06-06 14:55:00,1.22863,1.22863,1.22833,1.22852,41
2005-06-06 14:56:00,1.22863,1.22863,1.22833,1.22863,37
2005-06-06 14:57:00,1.22833,1.22863,1.22833,1.22863,29
2005-06-06 14:58:00,1.22864,1.22865,1.22833,1.22833,44
2005-06-06 14:59:00,1.22834,1.22864,1.22824,1.22864,49
2005-06-06 15:00:00,1.22824,1.22854,1.22824,1.22834,48
2005-06-06 15:01:00,1.22824,1.22844,1.22814,1.22824,44
2005-06-06 15:02:00,1.22834,1.22844,1.22824,1.22824,33
2005-06-06 15:03:00,1.22854,1.22864,1.22824,1.22834,37
2005-06-06 15:04:00,1.22844,1.22864,1.22844,1.22854,41
2005-06-06 15:05:00,1.22834,1.22844,1.22824,1.22844,36
2005-06-06 15:06:00,1.22804,1.22834,1.22804,1.22834,39
2005-06-06 15:07:00,1.22814,1.22824,1.22794,1.22794,45
2005-06-06 15:08:00,1.22824,1.22824,1.22804,1.22814,46
2005-06-06 15:09:00,1.22814,1.22824,1.22814,1.22824,38
2005-06-06 15:10:00,1.22794,1.22814,1.22794,1.22814,28
2005-06-06 15:11:00,1.22734,1.22794,1.22724,1.22794,41
2005-06-06 15:12:00,1.22724,1.22744,1.22714,1.22734,39
2005-06-06 15:13:00,1.22714,1.22734,1.22714,1.22724,54
2005-06-06 15:14:00,1.22707,1.22714,1.22694,1.22714,45
2005-06-06 15:15:00,1.22747,1.22747,1.22707,1.22707,48
2005-06-06 15:16:00,1.22767,1.22767,1.22737,1.22747,45
2005-06-06 15:17:00,1.22767,1.22777,1.22767,1.22767,34
2005-06-06 15:18:00,1.22737,1.22767,1.22737,1.22767,22
2005-06-06 15:19:00,1.22755,1.22755,1.22735,1.22735,21
2005-06-06 15:20:00,1.22775,1.22775,1.22755,1.22755,27
2005-06-06 15:21:00,1.22745,1.22775,1.22745,1.22775,29
2005-06-06 15:22:00,1.22745,1.22745,1.22735,1.22745,26
2005-06-06 15:23:00,1.22775,1.22775,1.22745,1.22745,30
2005-06-06 15:24:00,1.22765,1.22775,1.22755,1.22775,35
2005-06-06 15:25:00,1.22755,1.22765,1.22755,1.22765,26
2005-06-06 15:26:00,1.22755,1.22765,1.22755,1.22755,36
2005-06-06 15:27:00,1.22775,1.22775,1.22755,1.22755,33
2005-06-06 15:28:00,1.22785,1.22795,1.22775,1.22775,46
2005-06-06 15:29:00,1.22785,1.22785,1.22775,1.22785,41
2005-06-06 15:30:00,1.22785,1.22785,1.22775,1.22785,25
2005-06-06 15:31:00,1.22785,1.22795,1.22785,1.22785,22
2005-06-06 15:32:00,1.22765,1.22785,1.22765,1.22785,38
2005-06-06 15:33:00,1.22765,1.22765,1.22755,1.22765,22
2005-06-06 15:34:00,1.22765,1.22775,1.22765,1.22765,32
2005-06-06 15:35:00,1.22785,1.22785,1.22765,1.22765,31
2005-06-06 15:36:00,1.22765,1.22795,1.22755,1.22795,44
2005-06-06 15:37:00,1.22775,1.22775,1.22755,1.22765,40
2005-06-06 15:38:00,1.22785,1.22785,1.22775,1.22775,37
2005-06-06 15:39:00,1.22795,1.22795,1.22785,1.22785,24
2005-06-06 15:40:00,1.22785,1.22795,1.22785,1.22785,38
2005-06-06 15:41:00,1.22755,1.22795,1.22755,1.22785,36
2005-06-06 15:42:00,1.22735,1.22765,1.22725,1.22765,47
2005-06-06 15:43:00,1.22745,1.22745,1.22735,1.22735,29
2005-06-06 15:44:00,1.22745,1.22755,1.22745,1.22745,33
2005-06-06 15:45:00,1.22735,1.22745,1.22725,1.22735,46
2005-06-06 15:46:00,1.22705,1.22725,1.22695,1.22725,37
2005-06-06 15:47:00,1.22685,1.22705,1.22685,1.22705,49
2005-06-06 15:48:00,1.22705,1.22705,1.22695,1.22695,29
2005-06-06 15:49:00,1.22695,1.22705,1.22695,1.22705,31
2005-06-06 15:50:00,1.22705,1.22705,1.22695,1.22695,14
2005-06-06 15:51:00,1.22715,1.22715,1.22705,1.22705,31
2005-06-06 15:52:00,1.22715,1.22725,1.22715,1.22715,32
2005-06-06 15:53:00,1.22705,1.22725,1.22695,1.22715,54
2005-06-06 15:54:00,1.22685,1.22705,1.22685,1.22705,40
2005-06-06 15:55:00,1.22665,1.22685,1.22665,1.22675,37
2005-06-06 15:56:00,1.22666,1.22676,1.22636,1.22665,46
2005-06-06 15:57:00,1.22666,1.22686,1.22656,1.22656,43
2005-06-06 15:58:00,1.22676,1.22676,1.22656,1.22666,40
2005-06-06 15:59:00,1.22706,1.22716,1.22676,1.22676,41
2005-06-06 16:00:00,1.22716,1.22716,1.22706,1.22706,29
2005-06-06 16:01:00,1.22706,1.22716,1.22686,1.22716,47
2005-06-06 16:02:00,1.22706,1.22716,1.22696,1.22696,39
2005-06-06 16:03:00,1.22726,1.22726,1.22706,1.22706,41
2005-06-06 16:04:00,1.22736,1.22746,1.22726,1.22726,48
2005-06-06 16:05:00,1.22736,1.22746,1.22736,1.22736,35
2005-06-06 16:06:00,1.22736,1.22746,1.22736,1.22746,35
2005-06-06 16:07:00,1.22746,1.22746,1.22736,1.22736,29
2005-06-06 16:08:00,1.22736,1.22756,1.22736,1.22746,29
2005-06-06 16:09:00,1.22726,1.22736,1.22726,1.22736,15
2005-06-06 16:10:00,1.22746,1.22746,1.22726,1.22726,35
2005-06-06 16:11:00,1.22726,1.22746,1.22726,1.22746,25
2005-06-06 16:12:00,1.22716,1.22726,1.22716,1.22726,32
2005-06-06 16:13:00,1.22736,1.22736,1.22716,1.22716,22
2005-06-06 16:14:00,1.22736,1.22746,1.22726,1.22736,41
2005-06-06 16:15:00,1.22736,1.22746,1.22726,1.22736,30
2005-06-06 16:16:00,1.22716,1.22736,1.22706,1.22736,36
2005-06-06 16:17:00,1.22716,1.22726,1.22706,1.22716,34
2005-06-06 16:18:00,1.22716,1.22726,1.22716,1.22716,29
2005-06-06 16:19:00,1.22716,1.22726,1.22716,1.22716,23
2005-06-06 16:20:00,1.22736,1.22746,1.22716,1.22716,45
2005-06-06 16:21:00,1.22746,1.22746,1.22736,1.22736,32
2005-06-06 16:22:00,1.22736,1.22756,1.22736,1.22746,29
2005-06-06 16:23:00,1.22746,1.22746,1.22736,1.22736,34
2005-06-06 16:24:00,1.22756,1.22756,1.22736,1.22746,31
2005-06-06 16:25:00,1.22766,1.22766,1.22736,1.22756,47
2005-06-06 16:26:00,1.22746,1.22756,1.22746,1.22756,28
2005-06-06 16:27:00,1.22746,1.22756,1.22746,1.22746,17
2005-06-06 16:28:00,1.22754,1.22754,1.22744,1.22746,17
2005-06-06 16:29:00,1.22754,1.22754,1.22754,1.22754,6
2005-06-06 16:30:00,1.22744,1.22754,1.22744,1.22754,16
2005-06-06 16:31:00,1.22744,1.22744,1.22744,1.22744,6
2005-06-06 16:32:00,1.22744,1.22744,1.22744,1.22744,6
2005-06-06 16:33:00,1.22774,1.22774,1.22744,1.22744,35
2005-06-06 16:34:00,1.22754,1.22774,1.22754,1.22774,39
2005-06-06 16:35:00,1.22754,1.22754,1.22744,1.22744,24
2005-06-06 16:36:00,1.22744,1.22754,1.22734,1.22754,42
2005-06-06 16:37:00,1.22764,1.22764,1.22744,1.22744,37
2005-06-06 16:38:00,1.22754,1.22764,1.22744,1.22764,28
2005-06-06 16:39:00,1.22774,1.22774,1.22754,1.22754,30
2005-06-06 16:40:00,1.22754,1.22774,1.22754,1.22774,37
2005-06-06 16:41:00,1.22754,1.22764,1.22754,1.22754,26
2005-06-06 16:42:00,1.22734,1.22754,1.22734,1.22754,24
2005-06-06 16:43:00,1.22744,1.22744,1.22734,1.22734,23
2005-06-06 16:44:00,1.22734,1.22744,1.22734,1.22744,22
2005-06-06 16:45:00,1.22744,1.22744,1.22734,1.22744,22
2005-06-06 16:46:00,1.22754,1.22764,1.22754,1.22754,45
2005-06-06 16:47:00,1.22754,1.22754,1.22754,1.22754,10
2005-06-06 16:48:00,1.22756,1.22764,1.22754,1.22754,27
2005-06-06 16:49:00,1.22766,1.22766,1.22756,1.22756,23
2005-06-06 16:50:00,1.22756,1.22766,1.22756,1.22766,27
2005-06-06 16:51:00,1.22776,1.22776,1.22756,1.22756,38
2005-06-06 16:52:00,1.22766,1.22776,1.22766,1.22776,21
2005-06-06 16:53:00,1.22746,1.22766,1.22746,1.22766,17
2005-06-06 16:54:00,1.22746,1.22756,1.22746,1.22746,25
2005-06-06 16:55:00,1.22746,1.22746,1.22736,1.22746,29
2005-06-06 16:56:00,1.22756,1.22756,1.22746,1.22746,21
2005-06-06 16:57:00,1.22746,1.22756,1.22746,1.22756,23
2005-06-06 16:58:00,1.22756,1.22756,1.22746,1.22746,30
2005-06-06 16:59:00,1.22756,1.22756,1.22746,1.22746,23
2005-06-06 17:00:00,1.22756,1.22756,1.22746,1.22756,30
2005-06-06 17:01:00,1.22756,1.22756,1.22756,1.22756,7
2005-06-06 17:02:00,1.22756,1.22756,1.22756,1.22756,10
2005-06-06 17:03:00,1.22756,1.22766,1.22746,1.22756,43
2005-06-06 17:04:00,1.22776,1.22776,1.22756,1.22756,19
2005-06-06 17:05:00,1.22766,1.22776,1.22766,1.22766,23
2005-06-06 17:06:00,1.22766,1.22766,1.22766,1.22766,8
2005-06-06 17:07:00,1.22776,1.22776,1.22756,1.22756,31
2005-06-06 17:08:00,1.22764,1.22776,1.22764,1.22776,17
2005-06-06 17:09:00,1.22774,1.22774,1.22764,1.22764,13
2005-06-06 17:10:00,1.22754,1.22774,1.22754,1.22774,15
2005-06-06 17:11:00,1.22774,1.22774,1.22754,1.22754,41
2005-06-06 17:12:00,1.22774,1.22774,1.22764,1.22764,23
2005-06-06 17:13:00,1.22784,1.22784,1.22774,1.22774,27
2005-06-06 17:14:00,1.22784,1.22784,1.22784,1.22784,15
2005-06-06 17:15:00,1.22784,1.22794,1.22784,1.22784,22
2005-06-06 17:16:00,1.22804,1.22804,1.22784,1.22784,36
2005-06-06 17:17:00,1.22794,1.22804,1.22784,1.22804,36
2005-06-06 17:18:00,1.22804,1.22804,1.22784,1.22784,21
2005-06-06 17:19:00,1.22794,1.22804,1.22794,1.22804,20
2005-06-06 17:20:00,1.22794,1.22804,1.22794,1.22794,28
2005-06-06 17:21:00,1.22794,1.22794,1.22794,1.22794,10
2005-06-06 17:22:00,1.22804,1.22804,1.22794,1.22794,20
2005-06-06 17:23:00,1.22804,1.22804,1.22804,1.22804,8
2005-06-06 17:24:00,1.22804,1.22804,1.22804,1.22804,13
2005-06-06 17:25:00,1.22804,1.22814,1.22804,1.22804,20
2005-06-06 17:26:00,1.22794,1.22804,1.22794,1.22804,23
2005-06-06 17:27:00,1.22794,1.22794,1.22794,1.22794,6
2005-06-06 17:28:00,1.22784,1.22794,1.22784,1.22794,35
2005-06-06 17:29:00,1.22774,1.22784,1.22774,1.22784,14
2005-06-06 17:30:00,1.22774,1.22774,1.22774,1.22774,6
2005-06-06 17:31:00,1.22774,1.22774,1.22764,1.22774,20
2005-06-06 17:32:00,1.22774,1.22774,1.22774,1.22774,8
2005-06-06 17:33:00,1.22764,1.22774,1.22764,1.22774,17
2005-06-06 17:34:00,1.22764,1.22774,1.22764,1.22764,31
2005-06-06 17:35:00,1.22794,1.22794,1.22774,1.22784,30
2005-06-06 17:36:00,1.22786,1.22804,1.22784,1.22794,43
2005-06-06 17:37:00,1.22786,1.22786,1.22776,1.22786,11
2005-06-06 17:38:00,1.22776,1.22786,1.22776,1.22786,26
2005-06-06 17:39:00,1.22778,1.22778,1.22766,1.22776,34
2005-06-06 17:40:00,1.22778,1.22778,1.22768,1.22778,11
2005-06-06 17:41:00,1.22778,1.22778,1.22778,1.22778,6
2005-06-06 17:42:00,1.22778,1.22778,1.22778,1.22778,13
2005-06-06 17:43:00,1.22778,1.22778,1.22778,1.22778,16
2005-06-06 17:44:00,1.22778,1.22778,1.22768,1.22778,36
2005-06-06 17:45:00,1.22788,1.22798,1.22768,1.22778,41
2005-06-06 17:46:00,1.22788,1.22798,1.22788,1.22788,25
2005-06-06 17:47:00,1.22798,1.22798,1.22788,1.22788,35
2005-06-06 17:48:00,1.22798,1.22808,1.22788,1.22808,29
2005-06-06 17:49:00,1.22798,1.22798,1.22798,1.22798,12
2005-06-06 17:50:00,1.22776,1.22798,1.22776,1.22798,19
2005-06-06 17:51:00,1.22782,1.22798,1.22772,1.22798,34
2005-06-06 17:52:00,1.22782,1.22792,1.22782,1.22782,24
2005-06-06 17:53:00,1.22782,1.22782,1.22772,1.22782,24
2005-06-06 17:54:00,1.22762,1.22782,1.22762,1.22782,28
2005-06-06 17:55:00,1.22762,1.22762,1.22762,1.22762,11
2005-06-06 17:56:00,1.22762,1.22762,1.22762,1.22762,13
2005-06-06 17:57:00,1.22752,1.22762,1.22752,1.22762,17
2005-06-06 17:58:00,1.22762,1.22762,1.22742,1.22752,17
2005-06-06 17:59:00,1.22768,1.22768,1.22752,1.22762,18
2005-06-06 18:00:00,1.22762,1.22772,1.22752,1.22762,24
2005-06-06 18:01:00,1.22742,1.22762,1.22742,1.22762,18
2005-06-06 18:02:00,1.22746,1.22746,1.22736,1.22742,20
2005-06-06 18:03:00,1.22736,1.22746,1.22736,1.22746,18
2005-06-06 18:04:00,1.22746,1.22746,1.22746,1.22746,18
2005-06-06 18:05:00,1.22756,1.22756,1.22746,1.22746,6
2005-06-06 18:06:00,1.22756,1.22756,1.22746,1.22746,26
2005-06-06 18:07:00,1.22756,1.22756,1.22746,1.22756,17
2005-06-06 18:08:00,1.22746,1.22756,1.22746,1.22756,19
2005-06-06 18:09:00,1.22756,1.22756,1.22746,1.22746,12
2005-06-06 18:10:00,1.22766,1.22766,1.22756,1.22756,19
2005-06-06 18:11:00,1.22766,1.22766,1.22756,1.22756,19
2005-06-06 18:12:00,1.22766,1.22766,1.22766,1.22766,5
2005-06-06 18:13:00,1.22766,1.22766,1.22766,1.22766,7
2005-06-06 18:14:00,1.22756,1.22766,1.22756,1.22766,17
2005-06-06 18:15:00,1.22756,1.22756,1.22756,1.22756,3
2005-06-06 18:16:00,1.22756,1.22756,1.22756,1.22756,6
2005-06-06 18:17:00,1.22756,1.22756,1.22756,1.22756,7
2005-06-06 18:18:00,1.22756,1.22756,1.22756,1.22756,4
2005-06-06 18:19:00,1.22756,1.22756,1.22756,1.22756,4
2005-06-06 18:20:00,1.22756,1.22756,1.22756,1.22756,4
2005-06-06 18:21:00,1.22756,1.22756,1.22756,1.22756,2
2005-06-06 18:22:00,1.22742,1.22756,1.22726,1.22746,31
2005-06-06 18:23:00,1.22742,1.22742,1.22732,1.22742,45
2005-06-06 18:24:00,1.22742,1.22742,1.22732,1.22742,22
2005-06-06 18:25:00,1.22742,1.22742,1.22732,1.22732,11
2005-06-06 18:26:00,1.22742,1.22742,1.22742,1.22742,13
2005-06-06 18:27:00,1.22732,1.22752,1.22732,1.22742,18
2005-06-06 18:28:00,1.22732,1.22742,1.22732,1.22732,12
2005-06-06 18:29:00,1.22732,1.22732,1.22732,1.22732,5
2005-06-06 18:30:00,1.22732,1.22732,1.22712,1.22732,27
2005-06-06 18:31:00,1.22732,1.22732,1.22732,1.22732,13
2005-06-06 18:32:00,1.22732,1.22732,1.22722,1.22732,21
2005-06-06 18:33:00,1.22742,1.22742,1.22732,1.22732,6
2005-06-06 18:34:00,1.22732,1.22742,1.22732,1.22742,10
2005-06-06 18:35:00,1.22742,1.22742,1.22732,1.22732,7
2005-06-06 18:36:00,1.22722,1.22742,1.22722,1.22742,42
2005-06-06 18:37:00,1.22722,1.22732,1.22722,1.22722,26
2005-06-06 18:38:00,1.22742,1.22742,1.22732,1.22732,26
2005-06-06 18:39:00,1.22752,1.22752,1.22742,1.22742,32
2005-06-06 18:40:00,1.22758,1.22768,1.22748,1.22748,27
2005-06-06 18:41:00,1.22764,1.22768,1.22758,1.22758,16
2005-06-06 18:42:00,1.22772,1.22774,1.22762,1.22764,15
2005-06-06 18:43:00,1.22782,1.22782,1.22772,1.22772,33
2005-06-06 18:44:00,1.22772,1.22782,1.22772,1.22782,17
2005-06-06 18:45:00,1.22772,1.22772,1.22772,1.22772,8
2005-06-06 18:46:00,1.22782,1.22782,1.22772,1.22772,25
2005-06-06 18:47:00,1.22792,1.22802,1.22782,1.22782,33
2005-06-06 18:48:00,1.22782,1.22792,1.22782,1.22792,6
2005-06-06 18:49:00,1.22782,1.22782,1.22782,1.22782,10
2005-06-06 18:50:00,1.22782,1.22782,1.22772,1.22782,17
2005-06-06 18:51:00,1.22762,1.22782,1.22762,1.22782,13
2005-06-06 18:52:00,1.22762,1.22762,1.22762,1.22762,6
2005-06-06 18:53:00,1.22762,1.22762,1.22762,1.22762,3
2005-06-06 18:54:00,1.22762,1.22762,1.22762,1.22762,4
2005-06-06 18:55:00,1.22762,1.22762,1.22752,1.22762,20
2005-06-06 18:56:00,1.22762,1.22762,1.22762,1.22762,20
2005-06-06 18:57:00,1.22752,1.22762,1.22752,1.22762,12
2005-06-06 18:58:00,1.22762,1.22762,1.22752,1.22752,14
2005-06-06 18:59:00,1.22752,1.22772,1.22752,1.22762,19
2005-06-06 19:00:00,1.22742,1.22762,1.22742,1.22752,22
2005-06-06 19:01:00,1.22742,1.22752,1.22742,1.22742,12
2005-06-06 19:02:00,1.22722,1.22742,1.22712,1.22742,33
2005-06-06 19:03:00,1.22726,1.22732,1.22722,1.22722,19
2005-06-06 19:04:00,1.22726,1.22736,1.22726,1.22726,13
2005-06-06 19:05:00,1.22726,1.22726,1.22726,1.22726,4
2005-06-06 19:06:00,1.22726,1.22726,1.22716,1.22726,15
2005-06-06 19:07:00,1.22716,1.22726,1.22716,1.22726,22
2005-06-06 19:08:00,1.22726,1.22726,1.22716,1.22716,15
2005-06-06 19:09:00,1.22716,1.22726,1.22716,1.22726,10
2005-06-06 19:10:00,1.22726,1.22726,1.22726,1.22726,24
2005-06-06 19:11:00,1.22736,1.22736,1.22726,1.22726,20
2005-06-06 19:12:00,1.22736,1.22736,1.22726,1.22736,15
2005-06-06 19:13:00,1.22746,1.22746,1.22736,1.22736,9
2005-06-06 19:14:00,1.22746,1.22746,1.22746,1.22746,7
2005-06-06 19:15:00,1.22746,1.22746,1.22736,1.22746,20
2005-06-06 19:16:00,1.22736,1.22746,1.22736,1.22746,8
2005-06-06 19:17:00,1.22726,1.22736,1.22726,1.22736,16
2005-06-06 19:18:00,1.22736,1.22736,1.22726,1.22726,23
2005-06-06 19:19:00,1.22726,1.22736,1.22726,1.22736,19
2005-06-06 19:20:00,1.22726,1.22726,1.22726,1.22726,3
2005-06-06 19:21:00,1.22736,1.22736,1.22726,1.22726,7
2005-06-06 19:22:00,1.22736,1.22736,1.22726,1.22736,14
2005-06-06 19:23:00,1.22736,1.22736,1.22736,1.22736,3
2005-06-06 19:24:00,1.22736,1.22736,1.22736,1.22736,4
2005-06-06 19:25:00,1.22736,1.22736,1.22736,1.22736,4
2005-06-06 19:26:00,1.22726,1.22736,1.22726,1.22736,6
2005-06-06 19:27:00,1.22726,1.22726,1.22716,1.22726,9
2005-06-06 19:28:00,1.22726,1.22726,1.22716,1.22726,22
2005-06-06 19:29:00,1.22726,1.22726,1.22716,1.22716,10
2005-06-06 19:30:00,1.22716,1.22726,1.22716,1.22726,6
2005-06-06 19:31:00,1.22716,1.22726,1.22716,1.22716,15
2005-06-06 19:32:00,1.22716,1.22716,1.22716,1.22716,7
2005-06-06 19:33:00,1.22716,1.22716,1.22716,1.22716,6
2005-06-06 19:34:00,1.22716,1.22716,1.22716,1.22716,3
2005-06-06 19:35:00,1.22726,1.22726,1.22716,1.22716,16
2005-06-06 19:36:00,1.22726,1.22726,1.22726,1.22726,6
2005-06-06 19:37:00,1.22726,1.22726,1.22716,1.22726,14
2005-06-06 19:38:00,1.22726,1.22726,1.22726,1.22726,5
2005-06-06 19:39:00,1.22726,1.22726,1.22726,1.22726,2
2005-06-06 19:40:00,1.22726,1.22726,1.22726,1.22726,7
2005-06-06 19:41:00,1.22736,1.22736,1.22726,1.22726,15
2005-06-06 19:42:00,1.22736,1.22736,1.22726,1.22726,23
2005-06-06 19:43:00,1.22736,1.22746,1.22736,1.22736,11
2005-06-06 19:44:00,1.22736,1.22736,1.22736,1.22736,4
2005-06-06 19:45:00,1.22736,1.22736,1.22736,1.22736,5
2005-06-06 19:46:00,1.22736,1.22736,1.22736,1.22736,5
2005-06-06 19:47:00,1.22736,1.22736,1.22736,1.22736,2
2005-06-06 19:48:00,1.22736,1.22736,1.22736,1.22736,4
2005-06-06 19:49:00,1.22726,1.22726,1.22716,1.22726,17
2005-06-06 19:50:00,1.22726,1.22726,1.22716,1.22726,25
2005-06-06 19:51:00,1.22716,1.22726,1.22696,1.22726,30
2005-06-06 19:52:00,1.22726,1.22726,1.22716,1.22716,19
2005-06-06 19:53:00,1.22736,1.22736,1.22726,1.22726,6
2005-06-06 19:54:00,1.22726,1.22726,1.22716,1.22726,21
2005-06-06 19:55:00,1.22718,1.22726,1.22716,1.22726,7
2005-06-06 19:56:00,1.22712,1.22722,1.22708,1.22718,25
2005-06-06 19:57:00,1.22692,1.22712,1.22692,1.22712,14
2005-06-06 19:58:00,1.22682,1.22692,1.22682,1.22692,17
2005-06-06 19:59:00,1.22652,1.22682,1.22652,1.22682,36
2005-06-06 20:00:00,1.22662,1.22662,1.22652,1.22662,11
2005-06-06 20:01:00,1.22662,1.22672,1.22662,1.22662,7
2005-06-06 20:02:00,1.22652,1.22662,1.22642,1.22662,9
2005-06-06 20:03:00,1.22632,1.22642,1.22632,1.22642,4
2005-06-06 20:04:00,1.22634,1.22634,1.22622,1.22632,7
2005-06-06 20:05:00,1.22634,1.22634,1.22624,1.22634,10
2005-06-06 20:06:00,1.22634,1.22634,1.22634,1.22634,1
2005-06-06 20:07:00,1.22654,1.22654,1.22624,1.22624,3
2005-06-06 20:09:00,1.22654,1.22654,1.22654,1.22654,1
2005-06-06 20:10:00,1.22654,1.22654,1.22654,1.22654,2
2005-06-06 20:11:00,1.22654,1.22654,1.22654,1.22654,3
2005-06-06 20:12:00,1.22664,1.22664,1.22654,1.22654,5
2005-06-06 20:13:00,1.22654,1.22664,1.22654,1.22664,3
2005-06-06 20:14:00,1.22664,1.22664,1.22644,1.22654,11
2005-06-06 20:15:00,1.22654,1.22664,1.22654,1.22664,5
2005-06-06 20:16:00,1.22654,1.22654,1.22654,1.22654,4
2005-06-06 20:17:00,1.22644,1.22664,1.22644,1.22654,9
2005-06-06 20:18:00,1.22654,1.22664,1.22644,1.22644,8
2005-06-06 20:19:00,1.22664,1.22664,1.22654,1.22654,4
2005-06-06 20:20:00,1.22664,1.22674,1.22664,1.22664,5
2005-06-06 20:21:00,1.22674,1.22674,1.22664,1.22664,4
2005-06-06 20:22:00,1.22674,1.22674,1.22674,1.22674,2
2005-06-06 20:23:00,1.22674,1.22674,1.22674,1.22674,2
2005-06-06 20:24:00,1.22674,1.22674,1.22674,1.22674,1
2005-06-06 20:25:00,1.22674,1.22674,1.22674,1.22674,2
2005-06-06 20:26:00,1.22664,1.22674,1.22664,1.22674,3
2005-06-06 20:27:00,1.22674,1.22674,1.22664,1.22664,8
2005-06-06 20:28:00,1.22684,1.22684,1.22674,1.22674,3
2005-06-06 20:29:00,1.22684,1.22684,1.22684,1.22684,2
2005-06-06 20:30:00,1.22684,1.22684,1.22684,1.22684,2
2005-06-06 20:31:00,1.22634,1.22684,1.22634,1.22684,13
2005-06-06 20:32:00,1.22614,1.22644,1.22614,1.22644,12
2005-06-06 20:33:00,1.22594,1.22614,1.22584,1.22604,12
2005-06-06 20:34:00,1.22614,1.22614,1.22594,1.22594,9
2005-06-06 20:35:00,1.22624,1.22624,1.22614,1.22614,9
2005-06-06 20:36:00,1.22634,1.22634,1.22614,1.22624,7
2005-06-06 20:37:00,1.22634,1.22634,1.22634,1.22634,3
2005-06-06 20:38:00,1.22624,1.22634,1.22624,1.22624,8
2005-06-06 20:39:00,1.22624,1.22634,1.22624,1.22624,4
2005-06-06 20:40:00,1.22624,1.22624,1.22624,1.22624,2
2005-06-06 20:41:00,1.22624,1.22624,1.22624,1.22624,2
2005-06-06 20:42:00,1.22624,1.22624,1.22614,1.22624,6
2005-06-06 20:43:00,1.22624,1.22624,1.22624,1.22624,2
2005-06-06 20:44:00,1.22624,1.22624,1.22624,1.22624,2
2005-06-06 20:45:00,1.22624,1.22624,1.22624,1.22624,3
2005-06-06 20:46:00,1.22624,1.22634,1.22624,1.22624,4
2005-06-06 20:47:00,1.22624,1.22624,1.22614,1.22624,10
2005-06-06 20:48:00,1.22624,1.22624,1.22614,1.22624,8
2005-06-06 20:49:00,1.22624,1.22624,1.22614,1.22624,5
2005-06-06 20:50:00,1.22624,1.22634,1.22614,1.22634,9
2005-06-06 20:51:00,1.22624,1.22624,1.22614,1.22624,6
2005-06-06 20:52:00,1.22624,1.22634,1.22614,1.22624,10
2005-06-06 20:53:00,1.22614,1.22624,1.22614,1.22614,7
2005-06-06 20:54:00,1.22614,1.22614,1.22604,1.22604,7
2005-06-06 20:55:00,1.22604,1.22614,1.22594,1.22614,8
2005-06-06 20:56:00,1.22604,1.22614,1.22604,1.22604,5
2005-06-06 20:57:00,1.22614,1.22614,1.22594,1.22604,11
2005-06-06 20:58:00,1.22604,1.22614,1.22604,1.22614,6
2005-06-06 20:59:00,1.22594,1.22604,1.22594,1.22604,6
2005-06-06 21:00:00,1.22594,1.22594,1.22594,1.22594,4
2005-06-06 21:01:00,1.22594,1.22604,1.22594,1.22594,7
2005-06-06 21:02:00,1.22624,1.22624,1.22594,1.22604,15
2005-06-06 21:03:00,1.22614,1.22624,1.22614,1.22624,3
2005-06-06 21:04:00,1.22614,1.22624,1.22614,1.22624,8
2005-06-06 21:05:00,1.22624,1.22624,1.22614,1.22614,3
2005-06-06 21:06:00,1.22614,1.22624,1.22614,1.22614,5
2005-06-06 21:07:00,1.22614,1.22614,1.22614,1.22614,3
2005-06-06 21:08:00,1.22594,1.22604,1.22594,1.22604,6
2005-06-06 21:09:00,1.22594,1.22604,1.22584,1.22594,18
2005-06-06 21:10:00,1.22614,1.22614,1.22584,1.22594,18
2005-06-06 21:11:00,1.22614,1.22624,1.22604,1.22604,6
2005-06-06 21:12:00,1.22626,1.22626,1.22614,1.22614,4
2005-06-06 21:13:00,1.22616,1.22626,1.22616,1.22616,8
2005-06-06 21:14:00,1.22606,1.22616,1.22606,1.22616,4
2005-06-06 21:15:00,1.22596,1.22606,1.22586,1.22606,11
2005-06-06 21:16:00,1.22596,1.22596,1.22586,1.22596,7
2005-06-06 21:17:00,1.22616,1.22616,1.22606,1.22606,9
2005-06-06 21:18:00,1.22616,1.22616,1.22606,1.22616,4
2005-06-06 21:19:00,1.22626,1.22626,1.22616,1.22616,8
2005-06-06 21:20:00,1.22616,1.22626,1.22616,1.22616,5
2005-06-06 21:21:00,1.22626,1.22626,1.22626,1.22626,3
2005-06-06 21:22:00,1.22616,1.22626,1.22616,1.22626,4
2005-06-06 21:23:00,1.22616,1.22616,1.22616,1.22616,2
2005-06-06 21:24:00,1.22636,1.22636,1.22626,1.22626,4
2005-06-06 21:25:00,1.22636,1.22636,1.22636,1.22636,2
2005-06-06 21:26:00,1.22636,1.22636,1.22636,1.22636,1
2005-06-06 21:27:00,1.22636,1.22636,1.22636,1.22636,2
2005-06-06 21:28:00,1.22626,1.22636,1.22626,1.22636,5
2005-06-06 21:29:00,1.22626,1.22626,1.22626,1.22626,3
2005-06-06 21:30:00,1.22606,1.22626,1.22596,1.22626,6
2005-06-06 21:31:00,1.22596,1.22596,1.22596,1.22596,3
2005-06-06 21:32:00,1.226,1.226,1.2259,1.22596,4
2005-06-06 21:33:00,1.2261,1.2261,1.226,1.226,4
2005-06-06 21:34:00,1.226,1.2262,1.2259,1.2262,8
2005-06-06 21:35:00,1.2262,1.2262,1.226,1.226,10
2005-06-06 21:36:00,1.2264,1.2265,1.2262,1.2262,13
2005-06-06 21:37:00,1.2264,1.2264,1.2264,1.2264,4
2005-06-06 21:38:00,1.2264,1.2264,1.2264,1.2264,4
2005-06-06 21:39:00,1.2264,1.2264,1.2264,1.2264,2
2005-06-06 21:40:00,1.22636,1.22636,1.22636,1.22636,4
2005-06-06 21:41:00,1.22636,1.22636,1.22636,1.22636,2
2005-06-06 21:42:00,1.22624,1.22636,1.22624,1.22636,3
2005-06-06 21:43:00,1.22614,1.22624,1.22614,1.22624,6
2005-06-06 21:44:00,1.22614,1.22624,1.22614,1.22624,9
2005-06-06 21:45:00,1.22614,1.22624,1.22614,1.22614,4
2005-06-06 21:46:00,1.22614,1.22624,1.22614,1.22624,4
2005-06-06 21:47:00,1.22614,1.22614,1.22614,1.22614,4
2005-06-06 21:48:00,1.22614,1.22614,1.22614,1.22614,2
2005-06-06 21:49:00,1.22624,1.22624,1.22614,1.22614,3
2005-06-06 21:50:00,1.22624,1.22624,1.22614,1.22614,6
2005-06-06 21:51:00,1.22614,1.22624,1.22614,1.22624,4
2005-06-06 21:52:00,1.22614,1.22624,1.22614,1.22624,6
2005-06-06 21:53:00,1.22624,1.22624,1.22614,1.22614,4
2005-06-06 21:54:00,1.2262,1.2263,1.2262,1.2263,4
2005-06-06 21:55:00,1.2262,1.2262,1.2262,1.2262,2
2005-06-06 21:56:00,1.2262,1.2262,1.2262,1.2262,2
2005-06-06 21:57:00,1.2262,1.2262,1.2262,1.2262,2
2005-06-06 21:58:00,1.2261,1.2262,1.2261,1.2262,3
2005-06-06 21:59:00,1.2262,1.2262,1.2261,1.2261,3
2005-06-06 22:00:00,1.2262,1.2262,1.2262,1.2262,2
2005-06-06 22:01:00,1.2262,1.2262,1.2262,1.2262,2
2005-06-06 22:02:00,1.2262,1.2262,1.2262,1.2262,2
2005-06-06 22:03:00,1.2262,1.2262,1.2262,1.2262,3
2005-06-06 22:04:00,1.2262,1.2262,1.2262,1.2262,2
2005-06-06 22:05:00,1.2261,1.2262,1.2261,1.2262,6
2005-06-06 22:06:00,1.2261,1.2261,1.2261,1.2261,3
2005-06-06 22:07:00,1.2261,1.2261,1.2261,1.2261,2
2005-06-06 22:08:00,1.226,1.2262,1.226,1.2262,8
2005-06-06 22:09:00,1.2259,1.226,1.2259,1.226,7
2005-06-06 22:10:00,1.2254,1.2258,1.2254,1.2258,18
2005-06-06 22:11:00,1.2254,1.2254,1.2253,1.2253,6
2005-06-06 22:12:00,1.2253,1.2254,1.2253,1.2254,5
2005-06-06 22:13:00,1.2256,1.2256,1.2253,1.2253,7
2005-06-06 22:14:00,1.2253,1.2256,1.2253,1.2256,8
2005-06-06 22:15:00,1.2253,1.2254,1.2253,1.2253,8
2005-06-06 22:16:00,1.2254,1.2254,1.2254,1.2254,14
2005-06-06 22:17:00,1.2254,1.2255,1.2254,1.2254,5
2005-06-06 22:18:00,1.2254,1.2255,1.2254,1.2254,7
2005-06-06 22:19:00,1.2254,1.2255,1.2253,1.2253,7
2005-06-06 22:20:00,1.2257,1.2259,1.2254,1.2254,16
2005-06-06 22:21:00,1.2256,1.2257,1.2256,1.2257,3
2005-06-06 22:22:00,1.2256,1.2256,1.2256,1.2256,3
2005-06-06 22:23:00,1.2256,1.2256,1.2256,1.2256,2
2005-06-06 22:24:00,1.2256,1.2257,1.2256,1.2257,4
2005-06-06 22:25:00,1.2256,1.2256,1.2256,1.2256,2
2005-06-06 22:26:00,1.2256,1.2256,1.2256,1.2256,2
2005-06-06 22:27:00,1.2257,1.2258,1.2256,1.2256,11
2005-06-06 22:28:00,1.2256,1.2258,1.2256,1.2258,15
2005-06-06 22:29:00,1.2256,1.2256,1.2256,1.2256,2
2005-06-06 22:30:00,1.2258,1.2258,1.2256,1.2256,5
2005-06-06 22:31:00,1.2258,1.2258,1.2258,1.2258,3
2005-06-06 22:32:00,1.2257,1.2258,1.2257,1.2258,4
2005-06-06 22:33:00,1.2257,1.2257,1.2257,1.2257,3
2005-06-06 22:34:00,1.2255,1.2257,1.2255,1.2256,11
2005-06-06 22:35:00,1.2256,1.2256,1.2254,1.2255,6
2005-06-06 22:36:00,1.2256,1.2256,1.2256,1.2256,2
2005-06-06 22:37:00,1.2257,1.2258,1.2256,1.2256,7
2005-06-06 22:38:00,1.226,1.226,1.2258,1.2258,9
2005-06-06 22:39:00,1.2259,1.226,1.2259,1.226,5
2005-06-06 22:40:00,1.2259,1.2259,1.2259,1.2259,4
2005-06-06 22:41:00,1.2258,1.2259,1.2257,1.2258,11
2005-06-06 22:42:00,1.2259,1.2259,1.2258,1.2258,3
2005-06-06 22:43:00,1.2259,1.2259,1.2259,1.2259,2
2005-06-06 22:44:00,1.2258,1.2259,1.2258,1.2259,5
2005-06-06 22:45:00,1.2258,1.2258,1.2258,1.2258,3
2005-06-06 22:46:00,1.2258,1.2258,1.2258,1.2258,3
2005-06-06 22:47:00,1.2258,1.2258,1.2257,1.2257,6
2005-06-06 22:48:00,1.2258,1.2258,1.2258,1.2258,2
2005-06-06 22:49:00,1.2257,1.2258,1.2257,1.2258,8
2005-06-06 22:50:00,1.2258,1.2258,1.2257,1.2257,8
2005-06-06 22:51:00,1.2259,1.2259,1.2257,1.2257,5
2005-06-06 22:52:00,1.2259,1.2259,1.2258,1.2258,7
2005-06-06 22:53:00,1.2259,1.2259,1.2259,1.2259,1
2005-06-06 22:54:00,1.226,1.226,1.2259,1.2259,6
2005-06-06 22:55:00,1.226,1.226,1.226,1.226,2
2005-06-06 22:56:00,1.226,1.226,1.2259,1.2259,4
2005-06-06 22:57:00,1.226,1.226,1.226,1.226,2
2005-06-06 22:58:00,1.226,1.226,1.226,1.226,2
2005-06-06 22:59:00,1.226,1.226,1.226,1.226,1
2005-06-06 23:00:00,1.2258,1.226,1.2258,1.226,7
2005-06-06 23:01:00,1.2258,1.2258,1.2258,1.2258,4
2005-06-06 23:02:00,1.2256,1.2259,1.2256,1.2258,8
2005-06-06 23:03:00,1.2257,1.2257,1.2256,1.2256,7
2005-06-06 23:04:00,1.2258,1.2258,1.2257,1.2257,6
2005-06-06 23:05:00,1.2257,1.2258,1.2257,1.2258,9
2005-06-06 23:06:00,1.2257,1.2258,1.2257,1.2257,5
2005-06-06 23:07:00,1.2258,1.2258,1.2257,1.2257,5
2005-06-06 23:08:00,1.2258,1.2258,1.2257,1.2257,6
2005-06-06 23:09:00,1.2257,1.2258,1.2257,1.2258,6
2005-06-06 23:10:00,1.2257,1.2257,1.2256,1.2256,8
2005-06-06 23:11:00,1.2256,1.2257,1.2256,1.2256,4
2005-06-06 23:12:00,1.2258,1.2259,1.2257,1.2257,11
2005-06-06 23:13:00,1.2258,1.2258,1.2258,1.2258,2
2005-06-06 23:14:00,1.2258,1.2258,1.2258,1.2258,2
2005-06-06 23:15:00,1.2258,1.2258,1.2258,1.2258,3
2005-06-06 23:16:00,1.2258,1.2258,1.2258,1.2258,6
2005-06-06 23:17:00,1.2256,1.2258,1.2256,1.2258,8
2005-06-06 23:18:00,1.2256,1.2256,1.2255,1.2256,5
2005-06-06 23:19:00,1.2256,1.2256,1.2256,1.2256,3
2005-06-06 23:20:00,1.2256,1.2256,1.2255,1.2256,6
2005-06-06 23:21:00,1.2254,1.2256,1.2254,1.2256,8
2005-06-06 23:22:00,1.22546,1.22546,1.2254,1.2254,7
2005-06-06 23:23:00,1.22546,1.22546,1.22526,1.22546,13
2005-06-06 23:24:00,1.22536,1.22546,1.22536,1.22546,6
2005-06-06 23:25:00,1.2253,1.2254,1.2253,1.22536,8
2005-06-06 23:26:00,1.2254,1.2254,1.2254,1.2254,7
2005-06-06 23:27:00,1.22546,1.22546,1.2253,1.2253,5
2005-06-06 23:28:00,1.22546,1.22546,1.22546,1.22546,4
2005-06-06 23:29:00,1.22546,1.22556,1.22536,1.22546,6
2005-06-06 23:30:00,1.22546,1.22556,1.22546,1.22556,5
2005-06-06 23:31:00,1.22546,1.22546,1.22546,1.22546,4
2005-06-06 23:32:00,1.22556,1.22556,1.22546,1.22546,4
2005-06-06 23:33:00,1.22566,1.22566,1.22556,1.22556,7
2005-06-06 23:34:00,1.22546,1.22566,1.22546,1.22566,5
2005-06-06 23:35:00,1.22556,1.22556,1.22546,1.22546,5
2005-06-06 23:36:00,1.22556,1.22556,1.22546,1.22556,9
2005-06-06 23:37:00,1.22556,1.22566,1.22556,1.22556,11
2005-06-06 23:38:00,1.22566,1.22576,1.22566,1.22566,15
2005-06-06 23:39:00,1.22566,1.22576,1.22566,1.22566,7
2005-06-06 23:40:00,1.22566,1.22566,1.22556,1.22556,6
2005-06-06 23:41:00,1.22566,1.22576,1.22556,1.22556,12
2005-06-06 23:42:00,1.22556,1.22566,1.22556,1.22566,4
2005-06-06 23:43:00,1.22546,1.22556,1.22546,1.22556,5
2005-06-06 23:44:00,1.22546,1.22556,1.22546,1.22546,7
2005-06-06 23:45:00,1.22576,1.22576,1.22546,1.22546,10
2005-06-06 23:46:00,1.22576,1.22586,1.22576,1.22576,8
2005-06-06 23:47:00,1.22606,1.22606,1.22576,1.22576,13
2005-06-06 23:48:00,1.22606,1.22616,1.22596,1.22596,9
2005-06-06 23:49:00,1.22616,1.22626,1.22606,1.22616,12
2005-06-06 23:50:00,1.22616,1.22626,1.22616,1.22616,8
2005-06-06 23:51:00,1.22616,1.22616,1.22606,1.22606,3
2005-06-06 23:52:00,1.22616,1.22616,1.22616,1.22616,2
2005-06-06 23:53:00,1.22606,1.22616,1.22606,1.22606,11
2005-06-06 23:54:00,1.22626,1.22636,1.22606,1.22606,10
2005-06-06 23:55:00,1.22636,1.22636,1.22626,1.22626,6
2005-06-06 23:56:00,1.22626,1.22626,1.22616,1.22626,12
2005-06-06 23:57:00,1.22636,1.22636,1.22626,1.22626,4
2005-06-06 23:58:00,1.22636,1.22636,1.22626,1.22626,8
2005-06-06 23:59:00,1.22646,1.22646,1.22636,1.22636,5
2005-06-07 00:00:00,1.22646,1.22646,1.22646,1.22646,2
2005-06-07 00:01:00,1.22646,1.22646,1.22646,1.22646,1
2005-06-07 00:02:00,1.22636,1.22646,1.22636,1.22646,3
2005-06-07 00:03:00,1.22646,1.22646,1.22626,1.22636,8
2005-06-07 00:04:00,1.22656,1.22656,1.22646,1.22646,4
2005-06-07 00:05:00,1.22656,1.22656,1.22656,1.22656,2
2005-06-07 00:06:00,1.22656,1.22656,1.22646,1.22646,8
2005-06-07 00:07:00,1.22656,1.22656,1.22656,1.22656,2
2005-06-07 00:08:00,1.22666,1.22666,1.22666,1.22666,3
2005-06-07 00:09:00,1.22666,1.22676,1.22666,1.22666,6
2005-06-07 00:10:00,1.22666,1.22676,1.22656,1.22676,13
2005-06-07 00:11:00,1.22676,1.22676,1.22666,1.22666,5
2005-06-07 00:12:00,1.22656,1.22666,1.22656,1.22666,9
2005-06-07 00:13:00,1.22636,1.22646,1.22626,1.22646,12
2005-06-07 00:14:00,1.22636,1.22636,1.22636,1.22636,2
2005-06-07 00:15:00,1.22646,1.22646,1.22636,1.22636,4
2005-06-07 00:16:00,1.22646,1.22646,1.22646,1.22646,4
2005-06-07 00:17:00,1.22636,1.22636,1.22626,1.22636,5
2005-06-07 00:18:00,1.22636,1.22636,1.22636,1.22636,5
2005-06-07 00:19:00,1.22636,1.22646,1.22636,1.22636,5
2005-06-07 00:20:00,1.22646,1.22646,1.22646,1.22646,2
2005-06-07 00:21:00,1.22656,1.22656,1.22636,1.22646,7
2005-06-07 00:22:00,1.22646,1.22656,1.22646,1.22646,5
2005-06-07 00:23:00,1.22646,1.22646,1.22646,1.22646,5
2005-06-07 00:24:00,1.22656,1.22656,1.22646,1.22656,7
2005-06-07 00:25:00,1.22656,1.22656,1.22656,1.22656,2
2005-06-07 00:26:00,1.22646,1.22656,1.22646,1.22656,6
2005-06-07 00:27:00,1.22646,1.22646,1.22646,1.22646,2
2005-06-07 00:28:00,1.22636,1.22646,1.22636,1.22646,14
2005-06-07 00:29:00,1.22626,1.22636,1.22626,1.22636,8
2005-06-07 00:30:00,1.22626,1.22636,1.22626,1.22626,6
2005-06-07 00:31:00,1.22616,1.22626,1.22616,1.22626,12
2005-06-07 00:32:00,1.22626,1.22626,1.22616,1.22626,4
2005-06-07 00:33:00,1.22626,1.22626,1.22626,1.22626,2
2005-06-07 00:34:00,1.22616,1.22626,1.22616,1.22626,8
2005-06-07 00:35:00,1.22616,1.22616,1.22616,1.22616,2
2005-06-07 00:36:00,1.22616,1.22616,1.22616,1.22616,2
2005-06-07 00:37:00,1.22616,1.22626,1.22616,1.22626,7
2005-06-07 00:38:00,1.22626,1.22626,1.22616,1.22616,6
2005-06-07 00:39:00,1.22626,1.22626,1.22616,1.22626,9
2005-06-07 00:40:00,1.22626,1.22636,1.22626,1.22626,9
2005-06-07 00:41:00,1.22646,1.22646,1.22626,1.22626,6
2005-06-07 00:42:00,1.22636,1.22646,1.22636,1.22636,10
2005-06-07 00:43:00,1.22636,1.22636,1.22636,1.22636,2
2005-06-07 00:44:00,1.22626,1.22636,1.22626,1.22636,3
2005-06-07 00:45:00,1.22636,1.22636,1.22636,1.22636,5
2005-06-07 00:46:00,1.22636,1.22636,1.22636,1.22636,4
2005-06-07 00:47:00,1.22646,1.22646,1.22646,1.22646,3
2005-06-07 00:48:00,1.22656,1.22656,1.22646,1.22646,9
2005-06-07 00:49:00,1.22666,1.22666,1.22656,1.22666,7
2005-06-07 00:50:00,1.22656,1.22666,1.22656,1.22666,5
2005-06-07 00:51:00,1.22656,1.22666,1.22656,1.22656,9
2005-06-07 00:52:00,1.22646,1.22656,1.22646,1.22656,4
2005-06-07 00:53:00,1.22636,1.22646,1.22636,1.22646,10
2005-06-07 00:54:00,1.22636,1.22636,1.22626,1.22636,7
2005-06-07 00:55:00,1.22636,1.22646,1.22626,1.22626,23
2005-06-07 00:56:00,1.22636,1.22646,1.22636,1.22636,7
2005-06-07 00:57:00,1.22636,1.22636,1.22636,1.22636,3
2005-06-07 00:58:00,1.22636,1.22646,1.22636,1.22646,6
2005-06-07 00:59:00,1.22636,1.22636,1.22626,1.22626,10
2005-06-07 01:00:00,1.22636,1.22636,1.22636,1.22636,4
2005-06-07 01:01:00,1.22636,1.22636,1.22636,1.22636,2
2005-06-07 01:02:00,1.22646,1.22646,1.22636,1.22636,6
2005-06-07 01:03:00,1.22646,1.22646,1.22646,1.22646,1
2005-06-07 01:04:00,1.22636,1.22646,1.22636,1.22646,6
2005-06-07 01:05:00,1.22626,1.22636,1.22626,1.22636,7
2005-06-07 01:06:00,1.22616,1.22626,1.22616,1.22626,4
2005-06-07 01:07:00,1.22556,1.22606,1.22556,1.22606,17
2005-06-07 01:08:00,1.22526,1.22556,1.22516,1.22556,20
2005-06-07 01:09:00,1.22536,1.22546,1.22526,1.22536,13
2005-06-07 01:10:00,1.22536,1.22556,1.22526,1.22536,20
2005-06-07 01:11:00,1.22516,1.22526,1.22516,1.22526,14
2005-06-07 01:12:00,1.22526,1.22526,1.22526,1.22526,3
2005-06-07 01:13:00,1.22526,1.22526,1.22526,1.22526,4
2005-06-07 01:14:00,1.22526,1.22526,1.22526,1.22526,8
2005-06-07 01:15:00,1.22536,1.22536,1.22526,1.22536,6
2005-06-07 01:16:00,1.22536,1.22546,1.22526,1.22526,13
2005-06-07 01:17:00,1.22556,1.22556,1.22536,1.22546,9
2005-06-07 01:18:00,1.22566,1.22566,1.22556,1.22556,2
2005-06-07 01:19:00,1.22576,1.22586,1.22566,1.22566,10
2005-06-07 01:20:00,1.22576,1.22576,1.22566,1.22576,4
2005-06-07 01:21:00,1.22566,1.22586,1.22556,1.22576,10
2005-06-07 01:22:00,1.22546,1.22566,1.22546,1.22556,7
2005-06-07 01:23:00,1.22546,1.22546,1.22546,1.22546,6
2005-06-07 01:24:00,1.22546,1.22556,1.22546,1.22546,8
2005-06-07 01:25:00,1.22546,1.22546,1.22536,1.22536,6
2005-06-07 01:26:00,1.22536,1.22536,1.22536,1.22536,5
2005-06-07 01:27:00,1.22536,1.22536,1.22536,1.22536,2
2005-06-07 01:28:00,1.22516,1.22536,1.22516,1.22536,5
2005-06-07 01:29:00,1.22516,1.22536,1.22516,1.22526,8
2005-06-07 01:30:00,1.22466,1.22526,1.22456,1.22516,20
2005-06-07 01:31:00,1.2247,1.2247,1.22466,1.22466,5
2005-06-07 01:32:00,1.2244,1.2247,1.2244,1.2246,21
2005-06-07 01:33:00,1.2243,1.2244,1.2242,1.2243,17
2005-06-07 01:34:00,1.2243,1.2243,1.2239,1.2242,23
2005-06-07 01:35:00,1.22436,1.22436,1.2242,1.2243,6
2005-06-07 01:36:00,1.22446,1.22446,1.22436,1.22436,8
2005-06-07 01:37:00,1.22446,1.22446,1.22436,1.22446,9
2005-06-07 01:38:00,1.22436,1.22446,1.22436,1.22446,5
2005-06-07 01:39:00,1.22436,1.22436,1.22426,1.22436,8
2005-06-07 01:40:00,1.22416,1.22436,1.22396,1.22436,12
2005-06-07 01:41:00,1.22436,1.22446,1.22416,1.22416,12
2005-06-07 01:42:00,1.22446,1.22446,1.22436,1.22446,11
2005-06-07 01:43:00,1.22436,1.22446,1.22426,1.22436,12
2005-06-07 01:44:00,1.22436,1.22436,1.22426,1.22426,13
2005-06-07 01:45:00,1.22436,1.22446,1.22436,1.22436,6
2005-06-07 01:46:00,1.22436,1.22436,1.22426,1.22436,8
2005-06-07 01:47:00,1.22466,1.22476,1.22436,1.22436,13
2005-06-07 01:48:00,1.22456,1.22476,1.22456,1.22476,14
2005-06-07 01:49:00,1.22466,1.22466,1.22456,1.22456,9
2005-06-07 01:50:00,1.2247,1.2247,1.22466,1.22466,5
2005-06-07 01:51:00,1.2247,1.2247,1.2246,1.2247,5
2005-06-07 01:52:00,1.2247,1.2247,1.2247,1.2247,3
2005-06-07 01:53:00,1.2247,1.2247,1.2246,1.2247,8
2005-06-07 01:54:00,1.2247,1.2247,1.2247,1.2247,3
2005-06-07 01:55:00,1.2247,1.2248,1.2246,1.2247,10
2005-06-07 01:56:00,1.2247,1.2247,1.2246,1.2246,6
2005-06-07 01:57:00,1.2248,1.2248,1.2247,1.2247,12
2005-06-07 01:58:00,1.2248,1.2248,1.2248,1.2248,2
2005-06-07 01:59:00,1.2248,1.2249,1.2248,1.2248,10
2005-06-07 02:00:00,1.2248,1.2249,1.2248,1.2248,7
2005-06-07 02:01:00,1.2247,1.2248,1.2247,1.2248,9
2005-06-07 02:02:00,1.2247,1.2248,1.2247,1.2247,10
2005-06-07 02:03:00,1.2247,1.2247,1.2247,1.2247,3
2005-06-07 02:04:00,1.2247,1.2248,1.2246,1.2248,10
2005-06-07 02:05:00,1.2248,1.225,1.2247,1.2248,16
2005-06-07 02:06:00,1.225,1.225,1.2248,1.2248,23
2005-06-07 02:07:00,1.2251,1.2252,1.2249,1.225,17
2005-06-07 02:08:00,1.2256,1.2256,1.2251,1.2251,17
2005-06-07 02:09:00,1.2257,1.2258,1.2256,1.2256,10
2005-06-07 02:10:00,1.2256,1.2257,1.2256,1.2256,19
2005-06-07 02:11:00,1.2256,1.2257,1.2256,1.2256,13
2005-06-07 02:12:00,1.2256,1.2257,1.2256,1.2256,11
2005-06-07 02:13:00,1.2255,1.2256,1.2255,1.2256,6
2005-06-07 02:14:00,1.2255,1.2255,1.2254,1.2254,11
2005-06-07 02:15:00,1.2256,1.2256,1.2255,1.2255,3
2005-06-07 02:16:00,1.2254,1.2255,1.2254,1.2255,4
2005-06-07 02:17:00,1.2254,1.2255,1.2254,1.2255,6
2005-06-07 02:18:00,1.2254,1.2254,1.2254,1.2254,5
2005-06-07 02:19:00,1.2255,1.2256,1.2255,1.2255,8
2005-06-07 02:20:00,1.2258,1.2258,1.2255,1.2255,13
2005-06-07 02:21:00,1.2259,1.2261,1.2258,1.2258,21
2005-06-07 02:22:00,1.226,1.2261,1.2258,1.2259,9
2005-06-07 02:23:00,1.2259,1.226,1.2258,1.226,7
2005-06-07 02:24:00,1.2262,1.2262,1.2259,1.2259,18
2005-06-07 02:25:00,1.2263,1.2264,1.2262,1.2263,21
2005-06-07 02:26:00,1.2262,1.2263,1.2262,1.2263,15
2005-06-07 02:27:00,1.2263,1.2264,1.2261,1.2263,20
2005-06-07 02:28:00,1.2265,1.2267,1.2264,1.2264,31
2005-06-07 02:29:00,1.2264,1.2265,1.2263,1.2265,11
2005-06-07 02:30:00,1.2263,1.2263,1.2262,1.2263,13
2005-06-07 02:31:00,1.2263,1.2263,1.2262,1.2262,6
2005-06-07 02:32:00,1.22668,1.2267,1.2263,1.2263,16
2005-06-07 02:33:00,1.22648,1.22658,1.22648,1.22658,10
2005-06-07 02:34:00,1.22638,1.22658,1.22638,1.22658,14
2005-06-07 02:35:00,1.22658,1.22668,1.22638,1.22638,15
2005-06-07 02:36:00,1.22658,1.22658,1.22658,1.22658,1
2005-06-07 02:37:00,1.22648,1.22658,1.22648,1.22658,3
2005-06-07 02:38:00,1.22668,1.22688,1.22648,1.22648,17
2005-06-07 02:39:00,1.22658,1.22668,1.22658,1.22668,5
2005-06-07 02:40:00,1.22648,1.22658,1.22648,1.22648,10
2005-06-07 02:41:00,1.22638,1.22658,1.22638,1.22658,12
2005-06-07 02:42:00,1.22638,1.22638,1.22628,1.22628,11
2005-06-07 02:43:00,1.22638,1.22648,1.22628,1.22628,10
2005-06-07 02:44:00,1.22628,1.22638,1.22628,1.22638,9
2005-06-07 02:45:00,1.22628,1.22628,1.22618,1.22618,6
2005-06-07 02:46:00,1.22628,1.22628,1.22628,1.22628,2
2005-06-07 02:47:00,1.22638,1.22638,1.22628,1.22628,6
2005-06-07 02:48:00,1.22628,1.22638,1.22628,1.22638,6
2005-06-07 02:49:00,1.22628,1.22628,1.22628,1.22628,2
2005-06-07 02:50:00,1.22638,1.22648,1.22628,1.22628,7
2005-06-07 02:51:00,1.22628,1.22638,1.22628,1.22638,2
2005-06-07 02:52:00,1.22628,1.22628,1.22628,1.22628,2
2005-06-07 02:53:00,1.22618,1.22628,1.22618,1.22628,7
2005-06-07 02:54:00,1.22588,1.22618,1.22588,1.22618,7
2005-06-07 02:55:00,1.22568,1.22598,1.22568,1.22598,13
2005-06-07 02:56:00,1.22556,1.22568,1.22556,1.22568,5
2005-06-07 02:57:00,1.22566,1.22566,1.22556,1.22556,4
2005-06-07 02:58:00,1.22586,1.22586,1.22566,1.22566,6
2005-06-07 02:59:00,1.22576,1.22586,1.22566,1.22576,14
2005-06-07 03:00:00,1.22586,1.22586,1.22576,1.22586,8
2005-06-07 03:01:00,1.22586,1.22586,1.22586,1.22586,3
2005-06-07 03:02:00,1.22586,1.22586,1.22586,1.22586,2
2005-06-07 03:03:00,1.22576,1.22586,1.22576,1.22586,5
2005-06-07 03:04:00,1.22566,1.22576,1.22566,1.22576,6
2005-06-07 03:05:00,1.22566,1.22576,1.22566,1.22566,4
2005-06-07 03:06:00,1.22576,1.22576,1.22566,1.22566,3
2005-06-07 03:07:00,1.22566,1.22576,1.22566,1.22566,6
2005-06-07 03:08:00,1.22566,1.22576,1.22566,1.22566,8
2005-06-07 03:09:00,1.22556,1.22566,1.22556,1.22566,12
2005-06-07 03:10:00,1.22556,1.22566,1.22556,1.22566,12
2005-06-07 03:11:00,1.22546,1.22556,1.22536,1.22556,11
2005-06-07 03:12:00,1.22536,1.22556,1.22536,1.22546,10
2005-06-07 03:13:00,1.22546,1.22546,1.22536,1.22536,6
2005-06-07 03:14:00,1.22556,1.22556,1.22546,1.22546,5
2005-06-07 03:15:00,1.2256,1.2256,1.22556,1.22556,4
2005-06-07 03:16:00,1.2258,1.2258,1.2256,1.2257,14
2005-06-07 03:17:00,1.226,1.226,1.2258,1.2258,11
2005-06-07 03:18:00,1.2261,1.2261,1.226,1.226,7
2005-06-07 03:19:00,1.2258,1.2261,1.2258,1.2261,14
2005-06-07 03:20:00,1.226,1.2261,1.2258,1.2259,10
2005-06-07 03:21:00,1.226,1.226,1.226,1.226,2
2005-06-07 03:22:00,1.226,1.226,1.226,1.226,1
2005-06-07 03:23:00,1.226,1.226,1.226,1.226,2
2005-06-07 03:24:00,1.226,1.2261,1.226,1.226,7
2005-06-07 03:25:00,1.22606,1.22616,1.226,1.226,11
2005-06-07 03:26:00,1.22606,1.22606,1.22596,1.22596,4
2005-06-07 03:27:00,1.22596,1.22606,1.22596,1.22596,9
2005-06-07 03:28:00,1.22586,1.22596,1.22586,1.22596,5
2005-06-07 03:29:00,1.22606,1.22606,1.22586,1.22586,5
2005-06-07 03:30:00,1.22606,1.22606,1.22606,1.22606,4
2005-06-07 03:31:00,1.22616,1.22626,1.22606,1.22606,8
2005-06-07 03:32:00,1.2259,1.22626,1.2259,1.22626,18
2005-06-07 03:33:00,1.22606,1.22606,1.226,1.226,6
2005-06-07 03:34:00,1.22586,1.22606,1.22586,1.22606,7
2005-06-07 03:35:00,1.2258,1.22586,1.22576,1.22586,8
2005-06-07 03:36:00,1.2258,1.2258,1.2258,1.2258,2
2005-06-07 03:37:00,1.2255,1.2258,1.2254,1.2257,13
2005-06-07 03:38:00,1.2255,1.2256,1.2254,1.2254,8
2005-06-07 03:39:00,1.2254,1.2255,1.2253,1.2255,7
2005-06-07 03:40:00,1.2251,1.2253,1.2251,1.2253,9
2005-06-07 03:41:00,1.2254,1.2254,1.2252,1.2252,7
2005-06-07 03:42:00,1.2256,1.2256,1.2254,1.2254,14
2005-06-07 03:43:00,1.2256,1.2257,1.2255,1.2256,8
2005-06-07 03:44:00,1.2256,1.2256,1.2255,1.2256,7
2005-06-07 03:45:00,1.2253,1.2256,1.2253,1.2256,11
2005-06-07 03:46:00,1.2253,1.2254,1.2252,1.2253,15
2005-06-07 03:47:00,1.2253,1.2254,1.2253,1.2253,6
2005-06-07 03:48:00,1.2253,1.2253,1.2253,1.2253,3
2005-06-07 03:49:00,1.2254,1.2254,1.2252,1.2253,15
2005-06-07 03:50:00,1.2254,1.2254,1.2254,1.2254,2
2005-06-07 03:51:00,1.2255,1.2255,1.2254,1.2254,4
2005-06-07 03:52:00,1.2255,1.2255,1.2254,1.2254,6
2005-06-07 03:53:00,1.2256,1.2256,1.2255,1.2255,2
2005-06-07 03:54:00,1.2255,1.2256,1.2255,1.2256,8
2005-06-07 03:55:00,1.2255,1.2255,1.2255,1.2255,2
2005-06-07 03:56:00,1.2255,1.2255,1.2255,1.2255,2
2005-06-07 03:57:00,1.2255,1.2255,1.2255,1.2255,2
2005-06-07 03:58:00,1.2255,1.2256,1.2255,1.2256,11
2005-06-07 03:59:00,1.2255,1.2255,1.2255,1.2255,2
2005-06-07 04:00:00,1.2254,1.2254,1.2254,1.2254,6
2005-06-07 04:01:00,1.2254,1.2255,1.2254,1.2254,7
2005-06-07 04:02:00,1.2254,1.2254,1.2254,1.2254,3
2005-06-07 04:03:00,1.2254,1.2254,1.2254,1.2254,2
2005-06-07 04:04:00,1.2253,1.2254,1.2253,1.2254,5
2005-06-07 04:05:00,1.2253,1.2253,1.2253,1.2253,3
2005-06-07 04:06:00,1.2254,1.2254,1.2253,1.2253,3
2005-06-07 04:07:00,1.2253,1.2254,1.2253,1.2253,5
2005-06-07 04:08:00,1.2254,1.2254,1.2253,1.2253,3
2005-06-07 04:09:00,1.2258,1.2258,1.2254,1.2254,11
2005-06-07 04:10:00,1.2258,1.2258,1.2257,1.2258,10
2005-06-07 04:11:00,1.2258,1.2259,1.2257,1.2259,7
2005-06-07 04:12:00,1.2258,1.2259,1.2258,1.2258,4
2005-06-07 04:13:00,1.2258,1.2258,1.2258,1.2258,2
2005-06-07 04:14:00,1.2258,1.2258,1.2258,1.2258,5
2005-06-07 04:15:00,1.2257,1.2259,1.2257,1.2258,8
2005-06-07 04:16:00,1.2257,1.2257,1.2257,1.2257,2
2005-06-07 04:17:00,1.2257,1.2257,1.2257,1.2257,2
2005-06-07 04:18:00,1.2257,1.2257,1.2257,1.2257,2
2005-06-07 04:19:00,1.2257,1.2257,1.2256,1.2256,5
2005-06-07 04:20:00,1.2257,1.2257,1.2257,1.2257,2
2005-06-07 04:21:00,1.2256,1.2257,1.2256,1.2257,5
2005-06-07 04:22:00,1.2256,1.2256,1.2256,1.2256,2
2005-06-07 04:23:00,1.2255,1.2256,1.2255,1.2256,4
2005-06-07 04:24:00,1.2254,1.2255,1.2254,1.2255,2
2005-06-07 04:25:00,1.2254,1.2254,1.2254,1.2254,3
2005-06-07 04:26:00,1.2254,1.2254,1.2254,1.2254,2
2005-06-07 04:27:00,1.2254,1.2254,1.2254,1.2254,2
2005-06-07 04:28:00,1.2254,1.2254,1.2254,1.2254,2
2005-06-07 04:29:00,1.2254,1.2254,1.2254,1.2254,2
2005-06-07 04:30:00,1.2254,1.2254,1.2254,1.2254,2
2005-06-07 04:31:00,1.2254,1.2254,1.2254,1.2254,2
2005-06-07 04:32:00,1.2254,1.2254,1.2254,1.2254,2
2005-06-07 04:33:00,1.2255,1.2255,1.2254,1.2254,4
2005-06-07 04:34:00,1.2255,1.2255,1.2254,1.2254,4
2005-06-07 04:35:00,1.2255,1.2255,1.2255,1.2255,2
2005-06-07 04:36:00,1.2255,1.2255,1.2254,1.2255,4
2005-06-07 04:37:00,1.2255,1.2255,1.2254,1.2255,6
2005-06-07 04:38:00,1.2254,1.2254,1.2254,1.2254,4
2005-06-07 04:39:00,1.2255,1.2255,1.2254,1.2254,5
2005-06-07 04:40:00,1.2255,1.2255,1.2255,1.2255,3
2005-06-07 04:41:00,1.2255,1.2256,1.2254,1.2255,10
2005-06-07 04:42:00,1.2256,1.2256,1.2256,1.2256,3
2005-06-07 04:43:00,1.2255,1.2256,1.2255,1.2256,4
2005-06-07 04:44:00,1.2255,1.2255,1.2255,1.2255,1
2005-06-07 04:45:00,1.2255,1.2255,1.2255,1.2255,3
2005-06-07 04:46:00,1.2257,1.2257,1.2255,1.2255,10
2005-06-07 04:47:00,1.2258,1.2259,1.2256,1.2256,12
2005-06-07 04:48:00,1.2259,1.2259,1.2258,1.2258,6
2005-06-07 04:49:00,1.2264,1.2264,1.2259,1.2259,24
2005-06-07 04:50:00,1.2267,1.2268,1.2263,1.2264,27
2005-06-07 04:51:00,1.2269,1.2269,1.2266,1.2267,14
2005-06-07 04:52:00,1.2268,1.2269,1.2267,1.2268,8
2005-06-07 04:53:00,1.2268,1.2268,1.2268,1.2268,2
2005-06-07 04:54:00,1.2268,1.2269,1.2267,1.2268,12
2005-06-07 04:55:00,1.2266,1.2268,1.2266,1.2267,14
2005-06-07 04:56:00,1.2267,1.2267,1.2266,1.2266,12
2005-06-07 04:57:00,1.2267,1.2267,1.2266,1.2267,8
2005-06-07 04:58:00,1.2268,1.2268,1.2267,1.2267,4
2005-06-07 04:59:00,1.2269,1.2269,1.2267,1.2268,5
2005-06-07 05:00:00,1.227,1.2272,1.2269,1.2269,12
2005-06-07 05:01:00,1.227,1.2271,1.227,1.2271,6
2005-06-07 05:02:00,1.2266,1.227,1.2266,1.227,16
2005-06-07 05:03:00,1.2266,1.2266,1.2265,1.2265,5
2005-06-07 05:04:00,1.2265,1.2266,1.2264,1.2265,13
2005-06-07 05:05:00,1.2264,1.2265,1.2264,1.2265,11
2005-06-07 05:06:00,1.2265,1.2265,1.2264,1.2265,5
2005-06-07 05:07:00,1.2265,1.2265,1.2265,1.2265,3
2005-06-07 05:08:00,1.2269,1.227,1.2265,1.2266,14
2005-06-07 05:09:00,1.2268,1.2269,1.2268,1.2268,10
2005-06-07 05:10:00,1.2269,1.2269,1.2268,1.2268,7
2005-06-07 05:11:00,1.2269,1.2269,1.2269,1.2269,1
2005-06-07 05:12:00,1.2268,1.2269,1.2267,1.2269,15
2005-06-07 05:13:00,1.2268,1.2268,1.2267,1.2268,7
2005-06-07 05:14:00,1.2268,1.2268,1.2267,1.2268,4
2005-06-07 05:15:00,1.227,1.227,1.2267,1.2268,7
2005-06-07 05:16:00,1.2269,1.2269,1.2268,1.2269,11
2005-06-07 05:17:00,1.2268,1.2269,1.2268,1.2268,5
2005-06-07 05:18:00,1.2269,1.2269,1.2268,1.2268,4
2005-06-07 05:19:00,1.2268,1.2269,1.2268,1.2268,9
2005-06-07 05:20:00,1.2268,1.2268,1.2267,1.2268,6
2005-06-07 05:21:00,1.2266,1.2268,1.2266,1.2268,7
2005-06-07 05:22:00,1.2266,1.2267,1.2266,1.2266,5
2005-06-07 05:23:00,1.2266,1.2267,1.2266,1.2266,4
2005-06-07 05:24:00,1.2267,1.2267,1.2265,1.2266,12
2005-06-07 05:25:00,1.2268,1.2268,1.2267,1.2267,11
2005-06-07 05:26:00,1.2268,1.2268,1.2267,1.2267,2
2005-06-07 05:27:00,1.2269,1.227,1.2267,1.2268,15
2005-06-07 05:28:00,1.2268,1.227,1.2268,1.2269,7
2005-06-07 05:29:00,1.2266,1.2267,1.2265,1.2267,13
2005-06-07 05:30:00,1.2268,1.2268,1.2266,1.2266,7
2005-06-07 05:31:00,1.2269,1.2269,1.2268,1.2268,4
2005-06-07 05:32:00,1.2268,1.2269,1.2268,1.2269,6
2005-06-07 05:33:00,1.22678,1.22678,1.22678,1.22678,3
2005-06-07 05:34:00,1.22688,1.22688,1.22668,1.22678,5
2005-06-07 05:35:00,1.22698,1.22698,1.22688,1.22688,4
2005-06-07 05:36:00,1.22728,1.22738,1.22698,1.22698,19
2005-06-07 05:37:00,1.22738,1.22748,1.22738,1.22738,14
2005-06-07 05:38:00,1.22768,1.22768,1.22738,1.22738,18
2005-06-07 05:39:00,1.22738,1.22758,1.22728,1.22758,15
2005-06-07 05:40:00,1.22758,1.22758,1.22738,1.22748,16
2005-06-07 05:41:00,1.22758,1.22778,1.22758,1.22758,12
2005-06-07 05:42:00,1.22738,1.22758,1.22738,1.22748,12
2005-06-07 05:43:00,1.22768,1.22768,1.22738,1.22738,18
2005-06-07 05:44:00,1.22748,1.22768,1.22748,1.22768,7
2005-06-07 05:45:00,1.22748,1.22758,1.22738,1.22748,17
2005-06-07 05:46:00,1.22768,1.22768,1.22748,1.22748,17
2005-06-07 05:47:00,1.22768,1.22768,1.22758,1.22768,7
2005-06-07 05:48:00,1.22758,1.22768,1.22758,1.22768,6
2005-06-07 05:49:00,1.22758,1.22758,1.22758,1.22758,4
2005-06-07 05:50:00,1.22748,1.22758,1.22748,1.22758,4
2005-06-07 05:51:00,1.22764,1.22764,1.22748,1.22748,7
2005-06-07 05:52:00,1.22764,1.22774,1.22764,1.22764,13
2005-06-07 05:53:00,1.22764,1.22774,1.22764,1.22764,5
2005-06-07 05:54:00,1.22744,1.22774,1.22744,1.22764,8
2005-06-07 05:55:00,1.22734,1.22754,1.22734,1.22744,12
2005-06-07 05:56:00,1.22724,1.22734,1.22714,1.22734,11
2005-06-07 05:57:00,1.22724,1.22724,1.22724,1.22724,1
2005-06-07 05:58:00,1.22734,1.22734,1.22724,1.22724,8
2005-06-07 05:59:00,1.22744,1.22744,1.22734,1.22734,5
2005-06-07 06:00:00,1.22744,1.22744,1.22734,1.22744,5
2005-06-07 06:01:00,1.22754,1.22754,1.22744,1.22744,3
2005-06-07 06:02:00,1.22764,1.22764,1.22754,1.22754,4
2005-06-07 06:03:00,1.22764,1.22774,1.22754,1.22764,12
2005-06-07 06:04:00,1.22774,1.22774,1.22754,1.22754,10
2005-06-07 06:05:00,1.22764,1.22774,1.22764,1.22774,6
2005-06-07 06:06:00,1.22764,1.22764,1.22764,1.22764,3
2005-06-07 06:07:00,1.22744,1.22764,1.22744,1.22764,15
2005-06-07 06:08:00,1.22744,1.22754,1.22734,1.22744,26
2005-06-07 06:09:00,1.22734,1.22754,1.22734,1.22754,26
2005-06-07 06:10:00,1.22744,1.22744,1.22734,1.22734,42
2005-06-07 06:11:00,1.22744,1.22744,1.22734,1.22744,47
2005-06-07 06:12:00,1.22814,1.22814,1.22744,1.22744,44
2005-06-07 06:13:00,1.22854,1.22854,1.22814,1.22824,50
2005-06-07 06:14:00,1.22864,1.22874,1.22844,1.22844,53
2005-06-07 06:15:00,1.22894,1.22894,1.22864,1.22864,37
2005-06-07 06:16:00,1.22854,1.22894,1.22854,1.22894,41
2005-06-07 06:17:00,1.22874,1.22884,1.22854,1.22854,38
2005-06-07 06:18:00,1.22874,1.22884,1.22864,1.22874,42
2005-06-07 06:19:00,1.22874,1.22874,1.22864,1.22874,22
2005-06-07 06:20:00,1.22944,1.22964,1.22874,1.22874,50
2005-06-07 06:21:00,1.22934,1.22954,1.22924,1.22944,37
2005-06-07 06:22:00,1.22904,1.22934,1.22904,1.22934,36
2005-06-07 06:23:00,1.22924,1.22954,1.22894,1.22914,47
2005-06-07 06:24:00,1.22914,1.22924,1.22894,1.22924,42
2005-06-07 06:25:00,1.22894,1.22914,1.22884,1.22914,40
2005-06-07 06:26:00,1.22924,1.22924,1.22884,1.22894,52
2005-06-07 06:27:00,1.22944,1.22964,1.22924,1.22924,47
2005-06-07 06:28:00,1.22984,1.23014,1.22944,1.22944,45
2005-06-07 06:29:00,1.23054,1.23054,1.22954,1.22984,53
2005-06-07 06:30:00,1.23034,1.23064,1.23034,1.23064,38
2005-06-07 06:31:00,1.23024,1.23034,1.23014,1.23034,42
2005-06-07 06:32:00,1.23034,1.23034,1.23014,1.23024,42
2005-06-07 06:33:00,1.23024,1.23024,1.22994,1.23014,28
2005-06-07 06:34:00,1.23004,1.23024,1.23004,1.23024,44
2005-06-07 06:35:00,1.23054,1.23054,1.23004,1.23004,40
2005-06-07 06:36:00,1.23034,1.23054,1.23024,1.23054,45
2005-06-07 06:37:00,1.23054,1.23054,1.23024,1.23034,45
2005-06-07 06:38:00,1.23024,1.23084,1.23024,1.23054,50
2005-06-07 06:39:00,1.23044,1.23044,1.23024,1.23024,36
2005-06-07 06:40:00,1.22994,1.23034,1.22994,1.23034,43
2005-06-07 06:41:00,1.22974,1.22994,1.22974,1.22994,41
2005-06-07 06:42:00,1.22974,1.22984,1.22954,1.22974,37
2005-06-07 06:43:00,1.22964,1.22984,1.22964,1.22974,38
2005-06-07 06:44:00,1.22988,1.22988,1.22954,1.22964,37
2005-06-07 06:45:00,1.22978,1.22988,1.22958,1.22988,32
2005-06-07 06:46:00,1.22958,1.22978,1.22958,1.22978,26
2005-06-07 06:47:00,1.22958,1.22968,1.22958,1.22958,17
2005-06-07 06:48:00,1.22928,1.22958,1.22908,1.22958,43
2005-06-07 06:49:00,1.22928,1.22928,1.22908,1.22928,46
2005-06-07 06:50:00,1.22928,1.22928,1.22928,1.22928,20
2005-06-07 06:51:00,1.22938,1.22958,1.22928,1.22928,43
2005-06-07 06:52:00,1.22892,1.22948,1.22892,1.22938,40
2005-06-07 06:53:00,1.22922,1.22922,1.22892,1.22892,54
2005-06-07 06:54:00,1.22902,1.22932,1.22892,1.22922,43
2005-06-07 06:55:00,1.22882,1.22902,1.22882,1.22902,35
2005-06-07 06:56:00,1.22882,1.22892,1.22862,1.22882,49
2005-06-07 06:57:00,1.22892,1.22902,1.22872,1.22882,49
2005-06-07 06:58:00,1.22912,1.22912,1.22892,1.22892,41
2005-06-07 06:59:00,1.22922,1.22932,1.22902,1.22912,35
2005-06-07 07:00:00,1.22922,1.22922,1.22882,1.22922,47
2005-06-07 07:01:00,1.22912,1.22922,1.22912,1.22922,27
2005-06-07 07:02:00,1.22892,1.22912,1.22892,1.22912,33
2005-06-07 07:03:00,1.22912,1.22922,1.22892,1.22892,46
2005-06-07 07:04:00,1.22892,1.22912,1.22892,1.22912,28
2005-06-07 07:05:00,1.22862,1.22892,1.22852,1.22892,29
2005-06-07 07:06:00,1.22832,1.22852,1.22832,1.22852,50
2005-06-07 07:07:00,1.22844,1.22864,1.22842,1.22842,50
2005-06-07 07:08:00,1.22824,1.22844,1.22814,1.22844,41
2005-06-07 07:09:00,1.22834,1.22844,1.22824,1.22824,40
2005-06-07 07:10:00,1.22834,1.22844,1.22834,1.22834,30
2005-06-07 07:11:00,1.22834,1.22844,1.22834,1.22834,27
2005-06-07 07:12:00,1.22834,1.22844,1.22834,1.22844,28
2005-06-07 07:13:00,1.22834,1.22844,1.22834,1.22834,20
2005-06-07 07:14:00,1.22834,1.22844,1.22834,1.22834,36
2005-06-07 07:15:00,1.22834,1.22844,1.22834,1.22834,19
2005-06-07 07:16:00,1.22814,1.22834,1.22804,1.22834,37
2005-06-07 07:17:00,1.22794,1.22814,1.22794,1.22814,28
2005-06-07 07:18:00,1.22784,1.22794,1.22774,1.22784,52
2005-06-07 07:19:00,1.22814,1.22824,1.22784,1.22794,47
2005-06-07 07:20:00,1.22834,1.22834,1.22814,1.22814,29
2005-06-07 07:21:00,1.22844,1.22844,1.22834,1.22834,42
2005-06-07 07:22:00,1.22814,1.22844,1.22814,1.22844,35
2005-06-07 07:23:00,1.22814,1.22834,1.22814,1.22814,28
2005-06-07 07:24:00,1.22804,1.22814,1.22804,1.22814,28
2005-06-07 07:25:00,1.22834,1.22834,1.22794,1.22804,47
2005-06-07 07:26:00,1.22844,1.22844,1.22824,1.22834,38
2005-06-07 07:27:00,1.22854,1.22854,1.22844,1.22844,21
2005-06-07 07:28:00,1.22854,1.22874,1.22854,1.22854,45
2005-06-07 07:29:00,1.22854,1.22854,1.22854,1.22854,13
2005-06-07 07:30:00,1.22854,1.22854,1.22854,1.22854,15
2005-06-07 07:31:00,1.22854,1.22864,1.22854,1.22854,38
2005-06-07 07:32:00,1.22834,1.22854,1.22834,1.22854,42
2005-06-07 07:33:00,1.22844,1.22844,1.22834,1.22844,36
2005-06-07 07:34:00,1.22874,1.22874,1.22844,1.22844,45
2005-06-07 07:35:00,1.22854,1.22874,1.22854,1.22874,30
2005-06-07 07:36:00,1.22844,1.22864,1.22844,1.22854,39
2005-06-07 07:37:00,1.22824,1.22844,1.22814,1.22844,32
2005-06-07 07:38:00,1.22794,1.22824,1.22784,1.22824,48
2005-06-07 07:39:00,1.22774,1.22824,1.22764,1.22794,47
2005-06-07 07:40:00,1.22794,1.22794,1.22784,1.22784,40
2005-06-07 07:41:00,1.22794,1.22814,1.22794,1.22794,38
2005-06-07 07:42:00,1.22824,1.22824,1.22784,1.22794,50
2005-06-07 07:43:00,1.22824,1.22844,1.22824,1.22824,40
2005-06-07 07:44:00,1.22814,1.22834,1.22814,1.22824,45
2005-06-07 07:45:00,1.22794,1.22814,1.22774,1.22814,55
2005-06-07 07:46:00,1.22794,1.22804,1.22794,1.22794,42
2005-06-07 07:47:00,1.22794,1.22804,1.22784,1.22794,30
2005-06-07 07:48:00,1.22784,1.22804,1.22784,1.22794,39
2005-06-07 07:49:00,1.22774,1.22784,1.22774,1.22784,47
2005-06-07 07:50:00,1.22804,1.22804,1.22774,1.22774,51
2005-06-07 07:51:00,1.22788,1.22814,1.22788,1.22804,42
2005-06-07 07:52:00,1.22788,1.22798,1.22778,1.22788,38
2005-06-07 07:53:00,1.22808,1.22808,1.22788,1.22788,33
2005-06-07 07:54:00,1.22798,1.22818,1.22788,1.22808,47
2005-06-07 07:55:00,1.22798,1.22798,1.22788,1.22798,42
2005-06-07 07:56:00,1.22798,1.22798,1.22788,1.22798,23
2005-06-07 07:57:00,1.22788,1.22798,1.22788,1.22798,27
2005-06-07 07:58:00,1.22798,1.22798,1.22788,1.22788,27
2005-06-07 07:59:00,1.22804,1.22804,1.22788,1.22798,35
2005-06-07 08:00:00,1.22804,1.22804,1.22804,1.22804,16
2005-06-07 08:01:00,1.22814,1.22814,1.22804,1.22804,17
2005-06-07 08:02:00,1.22834,1.22844,1.22814,1.22814,49
2005-06-07 08:03:00,1.22824,1.22834,1.22824,1.22834,26
2005-06-07 08:04:00,1.22844,1.22844,1.22814,1.22814,32
2005-06-07 08:05:00,1.22834,1.22834,1.22834,1.22834,27
2005-06-07 08:06:00,1.22834,1.22834,1.22824,1.22834,27
2005-06-07 08:07:00,1.22834,1.22834,1.22824,1.22834,16
2005-06-07 08:08:00,1.22834,1.22844,1.22834,1.22834,33
2005-06-07 08:09:00,1.22844,1.22844,1.22834,1.22834,22
2005-06-07 08:10:00,1.22844,1.22844,1.22844,1.22844,14
2005-06-07 08:11:00,1.22854,1.22854,1.22844,1.22844,16
2005-06-07 08:12:00,1.22854,1.22854,1.22844,1.22844,33
2005-06-07 08:13:00,1.22874,1.22874,1.22854,1.22854,33
2005-06-07 08:14:00,1.22864,1.22884,1.22864,1.22874,38
2005-06-07 08:15:00,1.22878,1.22884,1.22864,1.22864,44
2005-06-07 08:16:00,1.22878,1.22888,1.22878,1.22878,29
2005-06-07 08:17:00,1.22888,1.22888,1.22878,1.22878,26
2005-06-07 08:18:00,1.22868,1.22888,1.22868,1.22888,34
2005-06-07 08:19:00,1.22868,1.22868,1.22858,1.22868,29
2005-06-07 08:20:00,1.22878,1.22878,1.22868,1.22868,32
2005-06-07 08:21:00,1.22888,1.22888,1.22868,1.22878,41
2005-06-07 08:22:00,1.22918,1.22918,1.22888,1.22888,44
2005-06-07 08:23:00,1.22918,1.22928,1.22908,1.22918,44
2005-06-07 08:24:00,1.22918,1.22928,1.22918,1.22918,41
2005-06-07 08:25:00,1.22948,1.22958,1.22918,1.22928,37
2005-06-07 08:26:00,1.22938,1.22958,1.22938,1.22948,41
2005-06-07 08:27:00,1.22928,1.22938,1.22928,1.22938,27
2005-06-07 08:28:00,1.22928,1.22938,1.22928,1.22928,32
2005-06-07 08:29:00,1.22928,1.22928,1.22928,1.22928,21
2005-06-07 08:30:00,1.22948,1.22958,1.22928,1.22928,33
2005-06-07 08:31:00,1.22968,1.22968,1.22948,1.22948,40
2005-06-07 08:32:00,1.22968,1.22968,1.22948,1.22968,52
2005-06-07 08:33:00,1.22958,1.22968,1.22958,1.22958,32
2005-06-07 08:34:00,1.22958,1.22968,1.22958,1.22958,44
2005-06-07 08:35:00,1.22978,1.22978,1.22958,1.22958,36
2005-06-07 08:36:00,1.22978,1.22978,1.22958,1.22978,45
2005-06-07 08:37:00,1.23008,1.23008,1.22968,1.22968,32
2005-06-07 08:38:00,1.22998,1.23008,1.22998,1.23008,42
2005-06-07 08:39:00,1.23038,1.23038,1.22998,1.22998,47
2005-06-07 08:40:00,1.23058,1.23058,1.23028,1.23038,43
2005-06-07 08:41:00,1.23038,1.23058,1.23038,1.23048,45
2005-06-07 08:42:00,1.23068,1.23068,1.23038,1.23038,38
2005-06-07 08:43:00,1.23058,1.23078,1.23058,1.23068,36
2005-06-07 08:44:00,1.23048,1.23058,1.23048,1.23058,30
2005-06-07 08:45:00,1.23038,1.23048,1.23038,1.23048,42
2005-06-07 08:46:00,1.23068,1.23078,1.23038,1.23038,49
2005-06-07 08:47:00,1.23078,1.23088,1.23068,1.23068,37
2005-06-07 08:48:00,1.23088,1.23118,1.23078,1.23078,52
2005-06-07 08:49:00,1.23078,1.23098,1.23078,1.23098,41
2005-06-07 08:50:00,1.23078,1.23098,1.23078,1.23088,44
2005-06-07 08:51:00,1.23088,1.23088,1.23078,1.23078,35
2005-06-07 08:52:00,1.23098,1.23108,1.23088,1.23088,29
2005-06-07 08:53:00,1.23118,1.23138,1.23098,1.23098,52
2005-06-07 08:54:00,1.23118,1.23138,1.23118,1.23118,49
2005-06-07 08:55:00,1.23098,1.23118,1.23098,1.23118,41
2005-06-07 08:56:00,1.23128,1.23148,1.23098,1.23098,45
2005-06-07 08:57:00,1.23098,1.23128,1.23098,1.23128,45
2005-06-07 08:58:00,1.23078,1.23098,1.23078,1.23098,49
2005-06-07 08:59:00,1.23068,1.23088,1.23068,1.23078,42
2005-06-07 09:00:00,1.23028,1.23088,1.23028,1.23078,49
2005-06-07 09:01:00,1.23028,1.23028,1.23008,1.23018,32
2005-06-07 09:02:00,1.23038,1.23038,1.23018,1.23028,37
2005-06-07 09:03:00,1.23028,1.23038,1.23028,1.23038,38
2005-06-07 09:04:00,1.23058,1.23058,1.23028,1.23028,34
2005-06-07 09:05:00,1.23058,1.23058,1.23048,1.23048,39
2005-06-07 09:06:00,1.23048,1.23068,1.23048,1.23058,30
2005-06-07 09:07:00,1.23068,1.23078,1.23048,1.23048,37
2005-06-07 09:08:00,1.23058,1.23078,1.23058,1.23068,37
2005-06-07 09:09:00,1.23048,1.23068,1.23038,1.23058,44
2005-06-07 09:10:00,1.23058,1.23058,1.23048,1.23058,33
2005-06-07 09:11:00,1.23048,1.23068,1.23048,1.23058,32
2005-06-07 09:12:00,1.23018,1.23048,1.23018,1.23048,33
2005-06-07 09:13:00,1.23028,1.23028,1.23018,1.23018,17
2005-06-07 09:14:00,1.23038,1.23038,1.23028,1.23028,36
2005-06-07 09:15:00,1.23048,1.23048,1.23038,1.23038,19
2005-06-07 09:16:00,1.23068,1.23068,1.23048,1.23048,12
2005-06-07 09:17:00,1.23058,1.23068,1.23058,1.23058,18
2005-06-07 09:18:00,1.23048,1.23068,1.23048,1.23058,35
2005-06-07 09:19:00,1.23068,1.23068,1.23038,1.23048,43
2005-06-07 09:20:00,1.23058,1.23068,1.23048,1.23058,47
2005-06-07 09:21:00,1.23048,1.23058,1.23048,1.23058,35
2005-06-07 09:22:00,1.23038,1.23048,1.23038,1.23048,17
2005-06-07 09:23:00,1.23042,1.23052,1.23038,1.23038,44
2005-06-07 09:24:00,1.23052,1.23052,1.23042,1.23042,31
2005-06-07 09:25:00,1.23052,1.23052,1.23052,1.23052,12
2005-06-07 09:26:00,1.23072,1.23082,1.23052,1.23052,46
2005-06-07 09:27:00,1.23092,1.23102,1.23072,1.23072,44
2005-06-07 09:28:00,1.23092,1.23092,1.23082,1.23092,27
2005-06-07 09:29:00,1.23082,1.23092,1.23082,1.23092,27
2005-06-07 09:30:00,1.23062,1.23082,1.23062,1.23082,26
2005-06-07 09:31:00,1.23072,1.23072,1.23062,1.23062,27
2005-06-07 09:32:00,1.23052,1.23072,1.23052,1.23072,39
2005-06-07 09:33:00,1.23052,1.23052,1.23042,1.23052,30
2005-06-07 09:34:00,1.23042,1.23062,1.23042,1.23052,33
2005-06-07 09:35:00,1.23052,1.23052,1.23042,1.23042,31
2005-06-07 09:36:00,1.23052,1.23052,1.23052,1.23052,11
2005-06-07 09:37:00,1.23052,1.23052,1.23052,1.23052,7
2005-06-07 09:38:00,1.23052,1.23052,1.23052,1.23052,14
2005-06-07 09:39:00,1.23042,1.23052,1.23032,1.23052,41
2005-06-07 09:40:00,1.23042,1.23042,1.23022,1.23042,39
2005-06-07 09:41:00,1.23052,1.23052,1.23042,1.23042,31
2005-06-07 09:42:00,1.23062,1.23062,1.23062,1.23062,37
2005-06-07 09:43:00,1.23062,1.23062,1.23042,1.23062,22
2005-06-07 09:44:00,1.23082,1.23082,1.23062,1.23062,40
2005-06-07 09:45:00,1.23092,1.23092,1.23072,1.23082,41
2005-06-07 09:46:00,1.23092,1.23092,1.23092,1.23092,29
2005-06-07 09:47:00,1.23092,1.23092,1.23092,1.23092,16
2005-06-07 09:48:00,1.23092,1.23092,1.23092,1.23092,19
2005-06-07 09:49:00,1.23082,1.23092,1.23082,1.23092,19
2005-06-07 09:50:00,1.23022,1.23082,1.23022,1.23082,48
2005-06-07 09:51:00,1.23042,1.23042,1.23022,1.23022,38
2005-06-07 09:52:00,1.23052,1.23062,1.23042,1.23042,40
2005-06-07 09:53:00,1.23062,1.23062,1.23052,1.23052,34
2005-06-07 09:54:00,1.23062,1.23062,1.23062,1.23062,20
2005-06-07 09:55:00,1.23082,1.23082,1.23062,1.23062,31
2005-06-07 09:56:00,1.23132,1.23132,1.23082,1.23082,45
2005-06-07 09:57:00,1.23112,1.23132,1.23112,1.23132,41
2005-06-07 09:58:00,1.23112,1.23122,1.23112,1.23112,33
2005-06-07 09:59:00,1.23102,1.23122,1.23092,1.23112,42
2005-06-07 10:00:00,1.23072,1.23112,1.23072,1.23102,44
2005-06-07 10:01:00,1.23062,1.23072,1.23062,1.23072,31
2005-06-07 10:02:00,1.23062,1.23062,1.23062,1.23062,19
2005-06-07 10:03:00,1.23062,1.23072,1.23062,1.23062,31
2005-06-07 10:04:00,1.23062,1.23072,1.23062,1.23072,33
2005-06-07 10:05:00,1.23062,1.23062,1.23062,1.23062,12
2005-06-07 10:06:00,1.23032,1.23062,1.23032,1.23062,29
2005-06-07 10:07:00,1.23022,1.23032,1.23022,1.23032,43
2005-06-07 10:08:00,1.23032,1.23032,1.23022,1.23022,29
2005-06-07 10:09:00,1.23002,1.23032,1.22982,1.23022,51
2005-06-07 10:10:00,1.23002,1.23002,1.23002,1.23002,25
2005-06-07 10:11:00,1.23022,1.23022,1.23002,1.23002,50
2005-06-07 10:12:00,1.23002,1.23032,1.22992,1.23022,47
2005-06-07 10:13:00,1.23002,1.23012,1.22992,1.23002,41
2005-06-07 10:14:00,1.23002,1.23002,1.22992,1.23002,42
2005-06-07 10:15:00,1.23052,1.23062,1.23002,1.23002,52
2005-06-07 10:16:00,1.23022,1.23052,1.23022,1.23052,56
2005-06-07 10:17:00,1.23002,1.23042,1.23002,1.23022,45
2005-06-07 10:18:00,1.22992,1.23012,1.22992,1.23002,37
2005-06-07 10:19:00,1.22992,1.22992,1.22982,1.22992,36
2005-06-07 10:20:00,1.23008,1.23008,1.22992,1.22992,36
2005-06-07 10:21:00,1.23018,1.23018,1.23008,1.23008,37
2005-06-07 10:22:00,1.23028,1.23038,1.23018,1.23018,40
2005-06-07 10:23:00,1.23038,1.23038,1.23028,1.23038,34
2005-06-07 10:24:00,1.23038,1.23048,1.23028,1.23038,32
2005-06-07 10:25:00,1.23028,1.23038,1.23028,1.23038,36
2005-06-07 10:26:00,1.23028,1.23028,1.23028,1.23028,19
2005-06-07 10:27:00,1.23028,1.23028,1.23028,1.23028,19
2005-06-07 10:28:00,1.23028,1.23028,1.23028,1.23028,15
2005-06-07 10:29:00,1.23028,1.23028,1.23018,1.23028,30
2005-06-07 10:30:00,1.23018,1.23028,1.23018,1.23028,30
2005-06-07 10:31:00,1.23018,1.23028,1.23018,1.23018,31
2005-06-07 10:32:00,1.22998,1.23018,1.22998,1.23018,30
2005-06-07 10:33:00,1.22998,1.23008,1.22998,1.22998,45
2005-06-07 10:34:00,1.23018,1.23018,1.22998,1.22998,41
2005-06-07 10:35:00,1.23018,1.23018,1.23018,1.23018,15
2005-06-07 10:36:00,1.23008,1.23018,1.23008,1.23018,44
2005-06-07 10:37:00,1.22998,1.23008,1.22998,1.23008,25
2005-06-07 10:38:00,1.22998,1.22998,1.22978,1.22998,32
2005-06-07 10:39:00,1.22998,1.22998,1.22998,1.22998,29
2005-06-07 10:40:00,1.22988,1.22998,1.22988,1.22998,25
2005-06-07 10:41:00,1.22988,1.22988,1.22978,1.22988,49
2005-06-07 10:42:00,1.22978,1.22988,1.22978,1.22988,40
2005-06-07 10:43:00,1.22968,1.22978,1.22968,1.22978,36
2005-06-07 10:44:00,1.22948,1.22968,1.22938,1.22968,39
2005-06-07 10:45:00,1.22958,1.22958,1.22948,1.22948,20
2005-06-07 10:46:00,1.22948,1.22958,1.22948,1.22958,30
2005-06-07 10:47:00,1.22948,1.22958,1.22948,1.22948,31
2005-06-07 10:48:00,1.22948,1.22958,1.22948,1.22948,45
2005-06-07 10:49:00,1.22948,1.22948,1.22938,1.22948,33
2005-06-07 10:50:00,1.22948,1.22978,1.22948,1.22948,40
2005-06-07 10:51:00,1.22938,1.22948,1.22938,1.22948,28
2005-06-07 10:52:00,1.22958,1.22958,1.22938,1.22948,39
2005-06-07 10:53:00,1.22958,1.22968,1.22948,1.22958,33
2005-06-07 10:54:00,1.22958,1.22958,1.22958,1.22958,15
2005-06-07 10:55:00,1.22958,1.22958,1.22958,1.22958,12
2005-06-07 10:56:00,1.22938,1.22948,1.22938,1.22948,38
2005-06-07 10:57:00,1.22938,1.22938,1.22928,1.22938,28
2005-06-07 10:58:00,1.22958,1.22958,1.22938,1.22938,42
2005-06-07 10:59:00,1.22958,1.22958,1.22958,1.22958,21
2005-06-07 11:00:00,1.22958,1.22968,1.22948,1.22948,51
2005-06-07 11:01:00,1.22948,1.22968,1.22948,1.22958,35
2005-06-07 11:02:00,1.22948,1.22958,1.22948,1.22948,34
2005-06-07 11:03:00,1.22968,1.22968,1.22948,1.22958,48
2005-06-07 11:04:00,1.22988,1.22988,1.22968,1.22968,38
2005-06-07 11:05:00,1.22968,1.22988,1.22968,1.22988,42
2005-06-07 11:06:00,1.22988,1.22988,1.22968,1.22968,43
2005-06-07 11:07:00,1.22968,1.22988,1.22958,1.22988,50
2005-06-07 11:08:00,1.22948,1.22978,1.22948,1.22968,48
2005-06-07 11:09:00,1.22968,1.22968,1.22948,1.22948,35
2005-06-07 11:10:00,1.22968,1.22968,1.22958,1.22968,37
2005-06-07 11:11:00,1.22968,1.22978,1.22968,1.22968,51
2005-06-07 11:12:00,1.22978,1.22978,1.22968,1.22968,28
2005-06-07 11:13:00,1.22968,1.22978,1.22968,1.22978,32
2005-06-07 11:14:00,1.22998,1.23008,1.22968,1.22968,50
2005-06-07 11:15:00,1.23028,1.23038,1.22998,1.22998,33
2005-06-07 11:16:00,1.23048,1.23058,1.23018,1.23028,50
2005-06-07 11:17:00,1.23068,1.23068,1.23058,1.23058,35
2005-06-07 11:18:00,1.23038,1.23078,1.23028,1.23068,46
2005-06-07 11:19:00,1.23018,1.23048,1.22998,1.23038,53
2005-06-07 11:20:00,1.22924,1.23018,1.22924,1.23018,50
2005-06-07 11:21:00,1.22894,1.22924,1.22884,1.22924,54
2005-06-07 11:22:00,1.22904,1.22914,1.22894,1.22894,41
2005-06-07 11:23:00,1.22904,1.22914,1.22894,1.22904,35
2005-06-07 11:24:00,1.22928,1.22938,1.22904,1.22914,49
2005-06-07 11:25:00,1.22934,1.22938,1.22898,1.22928,51
2005-06-07 11:26:00,1.22944,1.22944,1.22924,1.22934,46
2005-06-07 11:27:00,1.22944,1.22964,1.22944,1.22944,39
2005-06-07 11:28:00,1.22934,1.22944,1.22914,1.22944,41
2005-06-07 11:29:00,1.22944,1.22944,1.22934,1.22934,32
2005-06-07 11:30:00,1.22944,1.22954,1.22944,1.22944,32
2005-06-07 11:31:00,1.22944,1.22944,1.22924,1.22944,38
2005-06-07 11:32:00,1.22934,1.22944,1.22934,1.22944,26
2005-06-07 11:33:00,1.22934,1.22944,1.22934,1.22934,45
2005-06-07 11:34:00,1.22944,1.22944,1.22934,1.22934,28
2005-06-07 11:35:00,1.22954,1.22954,1.22944,1.22944,29
2005-06-07 11:36:00,1.22964,1.22964,1.22944,1.22954,43
2005-06-07 11:37:00,1.22952,1.22974,1.22952,1.22964,44
2005-06-07 11:38:00,1.22962,1.22962,1.22952,1.22952,13
2005-06-07 11:39:00,1.22952,1.22962,1.22952,1.22962,20
2005-06-07 11:40:00,1.22962,1.22962,1.22952,1.22952,30
2005-06-07 11:41:00,1.22952,1.22962,1.22952,1.22962,21
2005-06-07 11:42:00,1.22962,1.22962,1.22952,1.22952,22
2005-06-07 11:43:00,1.22942,1.22962,1.22942,1.22962,17
2005-06-07 11:44:00,1.22932,1.22942,1.22932,1.22942,25
2005-06-07 11:45:00,1.22922,1.22932,1.22912,1.22932,30
2005-06-07 11:46:00,1.22912,1.22922,1.22902,1.22922,41
2005-06-07 11:47:00,1.22884,1.22912,1.22872,1.22912,38
2005-06-07 11:48:00,1.22864,1.22904,1.22854,1.22884,52
2005-06-07 11:49:00,1.22868,1.22874,1.22854,1.22864,46
2005-06-07 11:50:00,1.22878,1.22888,1.22878,1.22878,38
2005-06-07 11:51:00,1.22888,1.22888,1.22868,1.22878,32
2005-06-07 11:52:00,1.22888,1.22898,1.22888,1.22888,22
2005-06-07 11:53:00,1.22848,1.22888,1.22848,1.22888,51
2005-06-07 11:54:00,1.22838,1.22848,1.22828,1.22848,43
2005-06-07 11:55:00,1.22828,1.22848,1.22828,1.22838,43
2005-06-07 11:56:00,1.22858,1.22878,1.22828,1.22828,49
2005-06-07 11:57:00,1.22858,1.22858,1.22848,1.22858,37
2005-06-07 11:58:00,1.22838,1.22858,1.22838,1.22858,33
2005-06-07 11:59:00,1.22858,1.22868,1.22838,1.22838,41
2005-06-07 12:00:00,1.22868,1.22868,1.22858,1.22858,30
2005-06-07 12:01:00,1.22858,1.22868,1.22858,1.22858,36
2005-06-07 12:02:00,1.22864,1.22878,1.22858,1.22858,41
2005-06-07 12:03:00,1.22864,1.22864,1.22864,1.22864,18
2005-06-07 12:04:00,1.22864,1.22864,1.22864,1.22864,12
2005-06-07 12:05:00,1.22874,1.22874,1.22854,1.22864,31
2005-06-07 12:06:00,1.22878,1.22878,1.22868,1.22874,32
2005-06-07 12:07:00,1.22868,1.22878,1.22868,1.22878,19
2005-06-07 12:08:00,1.22854,1.22878,1.22848,1.22878,44
2005-06-07 12:09:00,1.22854,1.22854,1.22844,1.22854,26
2005-06-07 12:10:00,1.22828,1.22854,1.22824,1.22854,48
2005-06-07 12:11:00,1.22818,1.22838,1.22808,1.22838,30
2005-06-07 12:12:00,1.22828,1.22848,1.22818,1.22818,39
2005-06-07 12:13:00,1.22828,1.22838,1.22818,1.22838,52
2005-06-07 12:14:00,1.22858,1.22858,1.22828,1.22828,44
2005-06-07 12:15:00,1.22878,1.22878,1.22858,1.22858,50
2005-06-07 12:16:00,1.22868,1.22878,1.22858,1.22878,37
2005-06-07 12:17:00,1.22868,1.22868,1.22858,1.22868,27
2005-06-07 12:18:00,1.22858,1.22868,1.22848,1.22868,32
2005-06-07 12:19:00,1.22858,1.22858,1.22858,1.22858,27
2005-06-07 12:20:00,1.22838,1.22858,1.22828,1.22858,42
2005-06-07 12:21:00,1.22818,1.22838,1.22818,1.22838,50
2005-06-07 12:22:00,1.22808,1.22818,1.22808,1.22818,37
2005-06-07 12:23:00,1.22808,1.22818,1.22808,1.22818,41
2005-06-07 12:24:00,1.22828,1.22828,1.22818,1.22818,30
2005-06-07 12:25:00,1.22818,1.22838,1.22818,1.22838,14
2005-06-07 12:26:00,1.22808,1.22828,1.22798,1.22818,50
2005-06-07 12:27:00,1.22818,1.22828,1.22798,1.22798,44
2005-06-07 12:28:00,1.22788,1.22818,1.22788,1.22818,39
2005-06-07 12:29:00,1.22818,1.22828,1.22788,1.22788,41
2005-06-07 12:30:00,1.22838,1.22848,1.22818,1.22818,36
2005-06-07 12:31:00,1.22828,1.22838,1.22828,1.22838,37
2005-06-07 12:32:00,1.22838,1.22838,1.22828,1.22828,29
2005-06-07 12:33:00,1.22838,1.22838,1.22828,1.22838,22
2005-06-07 12:34:00,1.22828,1.22838,1.22828,1.22838,42
2005-06-07 12:35:00,1.22818,1.22838,1.22818,1.22828,33
2005-06-07 12:36:00,1.22818,1.22818,1.22798,1.22818,48
2005-06-07 12:37:00,1.22788,1.22828,1.22788,1.22818,54
2005-06-07 12:38:00,1.22808,1.22828,1.22768,1.22788,60
2005-06-07 12:39:00,1.22758,1.22808,1.22738,1.22808,47
2005-06-07 12:40:00,1.22748,1.22758,1.22718,1.22758,42
2005-06-07 12:41:00,1.22758,1.22758,1.22748,1.22748,38
2005-06-07 12:42:00,1.22758,1.22778,1.22758,1.22768,33
2005-06-07 12:43:00,1.22778,1.22778,1.22758,1.22758,42
2005-06-07 12:44:00,1.22778,1.22788,1.22758,1.22778,54
2005-06-07 12:45:00,1.22748,1.22778,1.22738,1.22778,48
2005-06-07 12:46:00,1.22768,1.22768,1.22748,1.22748,35
2005-06-07 12:47:00,1.22778,1.22788,1.22768,1.22768,46
2005-06-07 12:48:00,1.22788,1.22788,1.22778,1.22778,43
2005-06-07 12:49:00,1.22798,1.22798,1.22778,1.22788,41
2005-06-07 12:50:00,1.22768,1.22798,1.22758,1.22798,41
2005-06-07 12:51:00,1.22772,1.22788,1.22768,1.22768,35
2005-06-07 12:52:00,1.22762,1.22772,1.22762,1.22772,23
2005-06-07 12:53:00,1.22772,1.22772,1.22762,1.22762,21
2005-06-07 12:54:00,1.22782,1.22782,1.22772,1.22772,37
2005-06-07 12:55:00,1.22802,1.22812,1.22782,1.22782,45
2005-06-07 12:56:00,1.22802,1.22812,1.22792,1.22802,45
2005-06-07 12:57:00,1.22822,1.22822,1.22802,1.22802,46
2005-06-07 12:58:00,1.22822,1.22832,1.22822,1.22822,43
2005-06-07 12:59:00,1.22822,1.22822,1.22812,1.22822,30
2005-06-07 13:00:00,1.22822,1.22832,1.22822,1.22822,40
2005-06-07 13:01:00,1.22822,1.22832,1.22822,1.22822,36
2005-06-07 13:02:00,1.22832,1.22832,1.22812,1.22812,34
2005-06-07 13:03:00,1.22842,1.22842,1.22822,1.22822,29
2005-06-07 13:04:00,1.22862,1.22862,1.22852,1.22852,33
2005-06-07 13:05:00,1.22862,1.22862,1.22842,1.22862,44
2005-06-07 13:06:00,1.22872,1.22882,1.22852,1.22862,51
2005-06-07 13:07:00,1.22862,1.22872,1.22862,1.22872,31
2005-06-07 13:08:00,1.22862,1.22862,1.22862,1.22862,19
2005-06-07 13:09:00,1.22882,1.22882,1.22862,1.22862,41
2005-06-07 13:10:00,1.22852,1.22882,1.22852,1.22882,33
2005-06-07 13:11:00,1.22842,1.22852,1.22842,1.22852,43
2005-06-07 13:12:00,1.22842,1.22842,1.22842,1.22842,39
2005-06-07 13:13:00,1.22882,1.22882,1.22842,1.22842,42
2005-06-07 13:14:00,1.22882,1.22882,1.22872,1.22882,37
2005-06-07 13:15:00,1.22872,1.22882,1.22872,1.22882,34
2005-06-07 13:16:00,1.22872,1.22892,1.22872,1.22872,42
2005-06-07 13:17:00,1.22868,1.22882,1.22838,1.22882,53
2005-06-07 13:18:00,1.22868,1.22878,1.22868,1.22868,41
2005-06-07 13:19:00,1.22878,1.22888,1.22868,1.22868,38
2005-06-07 13:20:00,1.22852,1.22868,1.22848,1.22868,42
2005-06-07 13:21:00,1.22878,1.22878,1.22862,1.22862,26
2005-06-07 13:22:00,1.22878,1.22878,1.22878,1.22878,30
2005-06-07 13:23:00,1.22878,1.22888,1.22878,1.22878,35
2005-06-07 13:24:00,1.22858,1.22888,1.22848,1.22888,48
2005-06-07 13:25:00,1.22858,1.22868,1.22858,1.22858,30
2005-06-07 13:26:00,1.22858,1.22858,1.22838,1.22858,33
2005-06-07 13:27:00,1.22848,1.22868,1.22848,1.22858,34
2005-06-07 13:28:00,1.22838,1.22848,1.22838,1.22848,28
2005-06-07 13:29:00,1.22818,1.22838,1.22808,1.22838,48
2005-06-07 13:30:00,1.22808,1.22818,1.22798,1.22818,38
2005-06-07 13:31:00,1.22808,1.22808,1.22788,1.22808,44
2005-06-07 13:32:00,1.22808,1.22808,1.22798,1.22808,30
2005-06-07 13:33:00,1.22818,1.22818,1.22798,1.22808,29
2005-06-07 13:34:00,1.22828,1.22828,1.22818,1.22818,31
2005-06-07 13:35:00,1.22804,1.22828,1.22794,1.22828,32
2005-06-07 13:36:00,1.22794,1.22814,1.22784,1.22804,40
2005-06-07 13:37:00,1.22824,1.22834,1.22794,1.22794,37
2005-06-07 13:38:00,1.22808,1.22824,1.22798,1.22824,36
2005-06-07 13:39:00,1.22808,1.22818,1.22798,1.22808,44
2005-06-07 13:40:00,1.22838,1.22838,1.22808,1.22808,32
2005-06-07 13:41:00,1.22818,1.22838,1.22818,1.22838,34
2005-06-07 13:42:00,1.22818,1.22838,1.22818,1.22818,29
2005-06-07 13:43:00,1.22788,1.22818,1.22778,1.22818,43
2005-06-07 13:44:00,1.22778,1.22788,1.22778,1.22788,28
2005-06-07 13:45:00,1.22758,1.22778,1.22748,1.22778,28
2005-06-07 13:46:00,1.22774,1.22774,1.22768,1.22768,22
2005-06-07 13:47:00,1.22764,1.22764,1.22744,1.22764,30
2005-06-07 13:48:00,1.22764,1.22764,1.22764,1.22764,22
2005-06-07 13:49:00,1.22724,1.22764,1.22724,1.22764,42
2005-06-07 13:50:00,1.22674,1.22724,1.22664,1.22724,39
2005-06-07 13:51:00,1.22684,1.22694,1.22664,1.22674,36
2005-06-07 13:52:00,1.22714,1.22714,1.22684,1.22684,29
2005-06-07 13:53:00,1.22694,1.22714,1.22694,1.22714,34
2005-06-07 13:54:00,1.22694,1.22704,1.22684,1.22694,35
2005-06-07 13:55:00,1.22694,1.22704,1.22684,1.22694,41
2005-06-07 13:56:00,1.22684,1.22694,1.22684,1.22694,31
2005-06-07 13:57:00,1.22674,1.22684,1.22654,1.22684,35
2005-06-07 13:58:00,1.22644,1.22674,1.22644,1.22674,34
2005-06-07 13:59:00,1.22634,1.22654,1.22624,1.22644,33
2005-06-07 14:00:00,1.22614,1.22664,1.22614,1.22644,26
2005-06-07 14:01:00,1.22646,1.22646,1.22594,1.22614,33
2005-06-07 14:02:00,1.22636,1.22656,1.22626,1.22646,34
2005-06-07 14:03:00,1.22666,1.22666,1.22646,1.22646,24
2005-06-07 14:04:00,1.22656,1.22666,1.22646,1.22656,35
2005-06-07 14:05:00,1.22656,1.22656,1.22646,1.22656,31
2005-06-07 14:06:00,1.22646,1.22656,1.22636,1.22656,37
2005-06-07 14:07:00,1.22626,1.22636,1.22616,1.22636,30
2005-06-07 14:08:00,1.22618,1.22636,1.22618,1.22626,41
2005-06-07 14:09:00,1.22638,1.22638,1.22618,1.22618,39
2005-06-07 14:10:00,1.22658,1.22658,1.22638,1.22638,32
2005-06-07 14:11:00,1.22684,1.22688,1.22658,1.22658,33
2005-06-07 14:12:00,1.22674,1.22694,1.22674,1.22684,39
2005-06-07 14:13:00,1.22674,1.22694,1.22664,1.22664,44
2005-06-07 14:14:00,1.22674,1.22674,1.22664,1.22674,33
2005-06-07 14:15:00,1.22654,1.22674,1.22654,1.22674,32
2005-06-07 14:16:00,1.22634,1.22654,1.22634,1.22654,40
2005-06-07 14:17:00,1.22624,1.22634,1.22624,1.22634,27
2005-06-07 14:18:00,1.22614,1.22624,1.22604,1.22624,43
2005-06-07 14:19:00,1.22668,1.22668,1.22604,1.22614,41
2005-06-07 14:20:00,1.22668,1.22668,1.22642,1.22668,41
2005-06-07 14:21:00,1.22648,1.22668,1.22648,1.22658,39
2005-06-07 14:22:00,1.22638,1.22648,1.22638,1.22648,36
2005-06-07 14:23:00,1.22668,1.22668,1.22638,1.22638,44
2005-06-07 14:24:00,1.22648,1.22668,1.22638,1.22668,30
2005-06-07 14:25:00,1.22648,1.22668,1.22648,1.22648,36
2005-06-07 14:26:00,1.22678,1.22678,1.22658,1.22658,44
2005-06-07 14:27:00,1.22692,1.22708,1.22678,1.22678,44
2005-06-07 14:28:00,1.22742,1.22742,1.22682,1.22692,38
2005-06-07 14:29:00,1.22742,1.22752,1.22722,1.22742,48
2005-06-07 14:30:00,1.22712,1.22732,1.22702,1.22732,46
2005-06-07 14:31:00,1.22722,1.22732,1.22702,1.22712,41
2005-06-07 14:32:00,1.22722,1.22732,1.22722,1.22722,42
2005-06-07 14:33:00,1.22732,1.22732,1.22722,1.22722,24
2005-06-07 14:34:00,1.22732,1.22742,1.22732,1.22732,36
2005-06-07 14:35:00,1.22702,1.22732,1.22702,1.22732,30
2005-06-07 14:36:00,1.22692,1.22702,1.22682,1.22702,38
2005-06-07 14:37:00,1.22682,1.22692,1.22682,1.22692,37
2005-06-07 14:38:00,1.22682,1.22692,1.22672,1.22682,35
2005-06-07 14:39:00,1.22702,1.22702,1.22672,1.22682,41
2005-06-07 14:40:00,1.22712,1.22712,1.22692,1.22702,43
2005-06-07 14:41:00,1.22742,1.22742,1.22712,1.22712,40
2005-06-07 14:42:00,1.22732,1.22742,1.22732,1.22742,31
2005-06-07 14:43:00,1.22732,1.22742,1.22732,1.22732,24
2005-06-07 14:44:00,1.22742,1.22742,1.22722,1.22732,37
2005-06-07 14:45:00,1.22732,1.22732,1.22722,1.22732,40
2005-06-07 14:46:00,1.22722,1.22732,1.22712,1.22722,33
2005-06-07 14:47:00,1.22732,1.22732,1.22712,1.22722,40
2005-06-07 14:48:00,1.22722,1.22732,1.22722,1.22732,33
2005-06-07 14:49:00,1.22732,1.22732,1.22722,1.22722,35
2005-06-07 14:50:00,1.22732,1.22732,1.22722,1.22732,33
2005-06-07 14:51:00,1.22722,1.22732,1.22722,1.22732,30
2005-06-07 14:52:00,1.22722,1.22742,1.22712,1.22722,46
2005-06-07 14:53:00,1.22722,1.22722,1.22712,1.22722,27
2005-06-07 14:54:00,1.22722,1.22722,1.22712,1.22722,23
2005-06-07 14:55:00,1.22722,1.22722,1.22722,1.22722,24
2005-06-07 14:56:00,1.22722,1.22732,1.22722,1.22722,32
2005-06-07 14:57:00,1.22692,1.22712,1.22692,1.22712,41
2005-06-07 14:58:00,1.22672,1.22692,1.22672,1.22692,32
2005-06-07 14:59:00,1.22692,1.22702,1.22672,1.22672,40
2005-06-07 15:00:00,1.22692,1.22712,1.22692,1.22692,46
2005-06-07 15:01:00,1.22692,1.22702,1.22692,1.22692,30
2005-06-07 15:02:00,1.22692,1.22702,1.22692,1.22692,43
2005-06-07 15:03:00,1.22702,1.22702,1.22692,1.22692,23
2005-06-07 15:04:00,1.22692,1.22702,1.22692,1.22702,24
2005-06-07 15:05:00,1.22712,1.22712,1.22692,1.22692,40
2005-06-07 15:06:00,1.22702,1.22712,1.22702,1.22712,31
2005-06-07 15:07:00,1.22692,1.22712,1.22692,1.22702,50
2005-06-07 15:08:00,1.22672,1.22702,1.22652,1.22692,46
2005-06-07 15:09:00,1.22652,1.22672,1.22652,1.22672,37
2005-06-07 15:10:00,1.22642,1.22662,1.22642,1.22652,29
2005-06-07 15:11:00,1.22662,1.22672,1.22642,1.22642,47
2005-06-07 15:12:00,1.22602,1.22662,1.22602,1.22662,52
2005-06-07 15:13:00,1.22632,1.22632,1.22602,1.22602,31
2005-06-07 15:14:00,1.22622,1.22642,1.22622,1.22632,38
2005-06-07 15:15:00,1.22622,1.22632,1.22602,1.22622,39
2005-06-07 15:16:00,1.22622,1.22632,1.22612,1.22622,42
2005-06-07 15:17:00,1.22622,1.22622,1.22612,1.22622,42
2005-06-07 15:18:00,1.22632,1.22632,1.22622,1.22622,30
2005-06-07 15:19:00,1.22622,1.22632,1.22622,1.22632,22
2005-06-07 15:20:00,1.22632,1.22632,1.22622,1.22622,27
2005-06-07 15:21:00,1.22652,1.22662,1.22642,1.22642,34
2005-06-07 15:22:00,1.22662,1.22662,1.22652,1.22652,34
2005-06-07 15:23:00,1.22672,1.22672,1.22662,1.22662,32
2005-06-07 15:24:00,1.22672,1.22672,1.22672,1.22672,15
2005-06-07 15:25:00,1.22672,1.22672,1.22672,1.22672,13
2005-06-07 15:26:00,1.22672,1.22672,1.22672,1.22672,14
2005-06-07 15:27:00,1.22652,1.22672,1.22642,1.22672,32
2005-06-07 15:28:00,1.22652,1.22652,1.22642,1.22652,38
2005-06-07 15:29:00,1.22652,1.22652,1.22652,1.22652,8
2005-06-07 15:30:00,1.22662,1.22662,1.22652,1.22652,30
2005-06-07 15:31:00,1.22672,1.22672,1.22662,1.22662,33
2005-06-07 15:32:00,1.22662,1.22672,1.22652,1.22672,48
2005-06-07 15:33:00,1.22632,1.22662,1.22632,1.22662,44
2005-06-07 15:34:00,1.22628,1.22638,1.22598,1.22632,49
2005-06-07 15:35:00,1.22638,1.22638,1.22628,1.22628,31
2005-06-07 15:36:00,1.22648,1.22658,1.22638,1.22638,41
2005-06-07 15:37:00,1.22648,1.22658,1.22638,1.22648,44
2005-06-07 15:38:00,1.22638,1.22648,1.22628,1.22648,33
2005-06-07 15:39:00,1.22638,1.22638,1.22638,1.22638,18
2005-06-07 15:40:00,1.22628,1.22648,1.22628,1.22638,30
2005-06-07 15:41:00,1.22608,1.22628,1.22608,1.22628,37
2005-06-07 15:42:00,1.22618,1.22618,1.22588,1.22598,45
2005-06-07 15:43:00,1.22658,1.22658,1.22608,1.22618,43
2005-06-07 15:44:00,1.22648,1.22668,1.22638,1.22658,47
2005-06-07 15:45:00,1.22658,1.22668,1.22648,1.22648,49
2005-06-07 15:46:00,1.22668,1.22668,1.22658,1.22658,46
2005-06-07 15:47:00,1.22668,1.22668,1.22668,1.22668,8
2005-06-07 15:48:00,1.22658,1.22668,1.22658,1.22668,24
2005-06-07 15:49:00,1.22658,1.22668,1.22658,1.22658,21
2005-06-07 15:50:00,1.22698,1.22708,1.22658,1.22658,48
2005-06-07 15:51:00,1.22698,1.22708,1.22678,1.22698,43
2005-06-07 15:52:00,1.22698,1.22708,1.22688,1.22698,42
2005-06-07 15:53:00,1.22718,1.22728,1.22708,1.22708,50
2005-06-07 15:54:00,1.22728,1.22738,1.22708,1.22718,56
2005-06-07 15:55:00,1.22748,1.22788,1.22728,1.22728,40
2005-06-07 15:56:00,1.22768,1.22768,1.22748,1.22748,40
2005-06-07 15:57:00,1.22748,1.22768,1.22738,1.22768,30
2005-06-07 15:58:00,1.22748,1.22768,1.22738,1.22748,46
2005-06-07 15:59:00,1.22768,1.22768,1.22748,1.22748,37
2005-06-07 16:01:00,1.22768,1.22778,1.22768,1.22768,27
2005-06-07 16:02:00,1.22754,1.22778,1.22754,1.22768,30
2005-06-07 16:03:00,1.22734,1.22754,1.22724,1.22754,43
2005-06-07 16:04:00,1.22724,1.22734,1.22724,1.22734,35
2005-06-07 16:05:00,1.22724,1.22724,1.22724,1.22724,15
2005-06-07 16:06:00,1.22752,1.22754,1.22734,1.22734,35
2005-06-07 16:07:00,1.22762,1.22762,1.22752,1.22752,23
2005-06-07 16:08:00,1.22752,1.22762,1.22732,1.22762,36
2005-06-07 16:09:00,1.22742,1.22752,1.22742,1.22752,34
2005-06-07 16:10:00,1.22742,1.22752,1.22732,1.22742,32
2005-06-07 16:11:00,1.22732,1.22742,1.22732,1.22742,30
2005-06-07 16:12:00,1.22712,1.22732,1.22712,1.22732,32
2005-06-07 16:13:00,1.22732,1.22742,1.22712,1.22712,34
2005-06-07 16:14:00,1.22732,1.22732,1.22722,1.22732,22
2005-06-07 16:15:00,1.22732,1.22732,1.22732,1.22732,10
2005-06-07 16:16:00,1.22742,1.22742,1.22732,1.22732,12
2005-06-07 16:17:00,1.22732,1.22742,1.22732,1.22742,33
2005-06-07 16:18:00,1.22742,1.22742,1.22732,1.22732,26
2005-06-07 16:19:00,1.22742,1.22742,1.22742,1.22742,11
2005-06-07 16:20:00,1.22732,1.22742,1.22732,1.22742,35
2005-06-07 16:21:00,1.22722,1.22732,1.22722,1.22732,14
2005-06-07 16:22:00,1.22718,1.22728,1.22718,1.22728,40
2005-06-07 16:23:00,1.22718,1.22728,1.22718,1.22718,31
2005-06-07 16:24:00,1.22718,1.22718,1.22708,1.22718,26
2005-06-07 16:25:00,1.22728,1.22738,1.22718,1.22718,36
2005-06-07 16:26:00,1.22728,1.22728,1.22718,1.22718,43
2005-06-07 16:27:00,1.22728,1.22728,1.22728,1.22728,8
2005-06-07 16:28:00,1.22708,1.22728,1.22708,1.22728,31
2005-06-07 16:29:00,1.22708,1.22718,1.22708,1.22708,32
2005-06-07 16:30:00,1.22698,1.22708,1.22698,1.22708,38
2005-06-07 16:31:00,1.22678,1.22698,1.22678,1.22698,41
2005-06-07 16:32:00,1.22678,1.22698,1.22678,1.22678,39
2005-06-07 16:33:00,1.22638,1.22688,1.22638,1.22678,43
2005-06-07 16:34:00,1.22648,1.22668,1.22638,1.22638,44
2005-06-07 16:35:00,1.22658,1.22658,1.22648,1.22658,31
2005-06-07 16:36:00,1.22658,1.22668,1.22648,1.22658,31
2005-06-07 16:37:00,1.22668,1.22668,1.22658,1.22658,29
2005-06-07 16:38:00,1.22688,1.22698,1.22668,1.22668,44
2005-06-07 16:39:00,1.22684,1.22694,1.22684,1.22688,44
2005-06-07 16:40:00,1.22684,1.22684,1.22674,1.22684,16
2005-06-07 16:41:00,1.22694,1.22694,1.22684,1.22684,30
2005-06-07 16:42:00,1.22694,1.22704,1.22694,1.22694,25
2005-06-07 16:43:00,1.22704,1.22704,1.22694,1.22694,27
2005-06-07 16:44:00,1.22704,1.22704,1.22704,1.22704,19
2005-06-07 16:45:00,1.22704,1.22704,1.22684,1.22694,40
2005-06-07 16:46:00,1.2269,1.22704,1.2269,1.22704,30
2005-06-07 16:47:00,1.2269,1.2269,1.2268,1.2269,36
2005-06-07 16:48:00,1.22698,1.227,1.2268,1.2268,38
2005-06-07 16:49:00,1.22698,1.22698,1.22698,1.22698,11
2005-06-07 16:50:00,1.22688,1.22708,1.22688,1.22698,30
2005-06-07 16:51:00,1.22658,1.22698,1.22658,1.22688,37
2005-06-07 16:52:00,1.22658,1.22668,1.22648,1.22658,44
2005-06-07 16:53:00,1.22668,1.22668,1.22658,1.22658,35
2005-06-07 16:54:00,1.22678,1.22678,1.22658,1.22668,36
2005-06-07 16:55:00,1.22688,1.22688,1.22678,1.22678,13
2005-06-07 16:56:00,1.22698,1.22708,1.22678,1.22678,30
2005-06-07 16:57:00,1.22698,1.22708,1.22688,1.22698,34
2005-06-07 16:58:00,1.22688,1.22708,1.22678,1.22698,30
2005-06-07 16:59:00,1.22678,1.22688,1.22678,1.22688,20
2005-06-07 17:00:00,1.22688,1.22688,1.22678,1.22678,40
2005-06-07 17:01:00,1.22688,1.22688,1.22678,1.22678,27
2005-06-07 17:02:00,1.22688,1.22688,1.22688,1.22688,8
2005-06-07 17:03:00,1.22688,1.22688,1.22688,1.22688,18
2005-06-07 17:04:00,1.22688,1.22698,1.22688,1.22688,35
2005-06-07 17:05:00,1.22688,1.22698,1.22688,1.22688,30
2005-06-07 17:06:00,1.22688,1.22688,1.22688,1.22688,11
2005-06-07 17:07:00,1.22698,1.22698,1.22688,1.22688,23
2005-06-07 17:08:00,1.22688,1.22698,1.22688,1.22698,26
2005-06-07 17:09:00,1.22688,1.22698,1.22688,1.22688,27
2005-06-07 17:10:00,1.22708,1.22708,1.22688,1.22688,27
2005-06-07 17:11:00,1.22718,1.22718,1.22698,1.22708,34
2005-06-07 17:12:00,1.22708,1.22718,1.22698,1.22718,39
2005-06-07 17:13:00,1.22708,1.22708,1.22698,1.22708,17
2005-06-07 17:14:00,1.22698,1.22718,1.22698,1.22708,28
2005-06-07 17:15:00,1.22708,1.22708,1.22708,1.22708,21
2005-06-07 17:16:00,1.22708,1.22708,1.22708,1.22708,14
2005-06-07 17:17:00,1.22708,1.22708,1.22688,1.22708,20
2005-06-07 17:18:00,1.22708,1.22708,1.22708,1.22708,4
2005-06-07 17:19:00,1.22698,1.22708,1.22698,1.22708,23
2005-06-07 17:20:00,1.22718,1.22718,1.22698,1.22698,26
2005-06-07 17:21:00,1.22718,1.22718,1.22708,1.22718,14
2005-06-07 17:22:00,1.22708,1.22718,1.22708,1.22718,27
2005-06-07 17:23:00,1.22718,1.22718,1.22708,1.22708,19
2005-06-07 17:24:00,1.22708,1.22718,1.22708,1.22718,20
2005-06-07 17:25:00,1.22718,1.22718,1.22708,1.22708,24
2005-06-07 17:26:00,1.22718,1.22718,1.22718,1.22718,21
2005-06-07 17:27:00,1.22718,1.22718,1.22718,1.22718,23
2005-06-07 17:28:00,1.22718,1.22718,1.22718,1.22718,15
2005-06-07 17:29:00,1.22708,1.22718,1.22708,1.22718,33
2005-06-07 17:30:00,1.22708,1.22718,1.22698,1.22708,37
2005-06-07 17:31:00,1.22708,1.22708,1.22708,1.22708,18
2005-06-07 17:32:00,1.22698,1.22708,1.22698,1.22708,6
2005-06-07 17:33:00,1.22698,1.22708,1.22698,1.22698,44
2005-06-07 17:34:00,1.22708,1.22708,1.22698,1.22698,12
2005-06-07 17:35:00,1.22708,1.22708,1.22698,1.22708,25
2005-06-07 17:36:00,1.22718,1.22728,1.22708,1.22708,40
2005-06-07 17:37:00,1.22708,1.22718,1.22708,1.22718,23
2005-06-07 17:38:00,1.22698,1.22708,1.22698,1.22708,22
2005-06-07 17:39:00,1.22708,1.22708,1.22698,1.22698,19
2005-06-07 17:40:00,1.22708,1.22708,1.22708,1.22708,4
2005-06-07 17:41:00,1.22708,1.22708,1.22698,1.22708,15
2005-06-07 17:42:00,1.22718,1.22718,1.22708,1.22708,13
2005-06-07 17:43:00,1.22708,1.22718,1.22708,1.22718,28
2005-06-07 17:44:00,1.22708,1.22708,1.22698,1.22708,8
2005-06-07 17:45:00,1.22708,1.22708,1.22708,1.22708,19
2005-06-07 17:46:00,1.22708,1.22708,1.22698,1.22708,25
2005-06-07 17:47:00,1.22708,1.22708,1.22708,1.22708,7
2005-06-07 17:48:00,1.22708,1.22708,1.22708,1.22708,6
2005-06-07 17:49:00,1.22708,1.22708,1.22698,1.22708,11
2005-06-07 17:50:00,1.22708,1.22718,1.22698,1.22708,35
2005-06-07 17:51:00,1.22708,1.22708,1.22708,1.22708,9
2005-06-07 17:52:00,1.22718,1.22718,1.22708,1.22708,20
2005-06-07 17:53:00,1.22718,1.22718,1.22708,1.22718,21
2005-06-07 17:54:00,1.22718,1.22718,1.22718,1.22718,10
2005-06-07 17:55:00,1.22718,1.22728,1.22718,1.22718,18
2005-06-07 17:56:00,1.22728,1.22738,1.22718,1.22718,43
2005-06-07 17:57:00,1.22728,1.22728,1.22728,1.22728,12
2005-06-07 17:58:00,1.22708,1.22718,1.22708,1.22718,22
2005-06-07 17:59:00,1.22708,1.22708,1.22698,1.22708,27
2005-06-07 18:00:00,1.22708,1.22718,1.22708,1.22708,26
2005-06-07 18:01:00,1.22718,1.22718,1.22708,1.22708,16
2005-06-07 18:02:00,1.22708,1.22718,1.22708,1.22718,11
2005-06-07 18:03:00,1.22718,1.22718,1.22708,1.22708,13
2005-06-07 18:04:00,1.22738,1.22738,1.22718,1.22718,28
2005-06-07 18:05:00,1.22738,1.22738,1.22728,1.22738,42
2005-06-07 18:06:00,1.22728,1.22738,1.22728,1.22728,26
2005-06-07 18:07:00,1.22728,1.22738,1.22728,1.22728,30
2005-06-07 18:08:00,1.22748,1.22748,1.22728,1.22728,14
2005-06-07 18:09:00,1.22738,1.22768,1.22738,1.22748,37
2005-06-07 18:10:00,1.22746,1.22746,1.22728,1.22738,20
2005-06-07 18:11:00,1.22736,1.22746,1.22736,1.22736,26
2005-06-07 18:12:00,1.22736,1.22746,1.22726,1.22726,39
2005-06-07 18:13:00,1.22746,1.22746,1.22736,1.22736,21
2005-06-07 18:14:00,1.22756,1.22756,1.22746,1.22746,22
2005-06-07 18:15:00,1.22766,1.22766,1.22756,1.22756,27
2005-06-07 18:16:00,1.22756,1.22766,1.22756,1.22766,15
2005-06-07 18:17:00,1.22766,1.22776,1.22756,1.22756,36
2005-06-07 18:18:00,1.22766,1.22766,1.22766,1.22766,4
2005-06-07 18:19:00,1.22766,1.22776,1.22766,1.22776,27
2005-06-07 18:20:00,1.22776,1.22776,1.22776,1.22776,26
2005-06-07 18:21:00,1.22782,1.22794,1.22776,1.22776,35
2005-06-07 18:22:00,1.22792,1.22802,1.22782,1.22782,38
2005-06-07 18:23:00,1.22792,1.22802,1.22782,1.22802,34
2005-06-07 18:24:00,1.22792,1.22802,1.22792,1.22792,27
2005-06-07 18:25:00,1.22802,1.22802,1.22792,1.22792,15
2005-06-07 18:26:00,1.22802,1.22812,1.22792,1.22802,29
2005-06-07 18:27:00,1.22822,1.22822,1.22802,1.22812,44
2005-06-07 18:28:00,1.22822,1.22822,1.22812,1.22822,18
2005-06-07 18:29:00,1.22822,1.22832,1.22812,1.22822,38
2005-06-07 18:30:00,1.22838,1.22842,1.22822,1.22822,38
2005-06-07 18:31:00,1.22828,1.22838,1.22828,1.22828,32
2005-06-07 18:32:00,1.22838,1.22838,1.22828,1.22828,28
2005-06-07 18:33:00,1.22838,1.22838,1.22838,1.22838,11
2005-06-07 18:34:00,1.22838,1.22838,1.22838,1.22838,8
2005-06-07 18:35:00,1.22828,1.22838,1.22828,1.22828,25
2005-06-07 18:36:00,1.22828,1.22838,1.22828,1.22828,13
2005-06-07 18:37:00,1.22828,1.22838,1.22828,1.22828,28
2005-06-07 18:38:00,1.22818,1.22828,1.22808,1.22828,21
2005-06-07 18:39:00,1.22808,1.22818,1.22808,1.22818,28
2005-06-07 18:40:00,1.22818,1.22818,1.22808,1.22808,28
2005-06-07 18:41:00,1.22798,1.22818,1.22798,1.22818,20
2005-06-07 18:42:00,1.22798,1.22798,1.22798,1.22798,10
2005-06-07 18:43:00,1.22808,1.22808,1.22808,1.22808,27
2005-06-07 18:44:00,1.22808,1.22828,1.22808,1.22808,22
2005-06-07 18:45:00,1.22818,1.22828,1.22808,1.22808,17
2005-06-07 18:46:00,1.22808,1.22828,1.22808,1.22828,26
2005-06-07 18:47:00,1.22806,1.22816,1.22798,1.22808,28
2005-06-07 18:48:00,1.22806,1.22816,1.22806,1.22806,25
2005-06-07 18:49:00,1.22796,1.22806,1.22786,1.22806,35
2005-06-07 18:50:00,1.22796,1.22796,1.22786,1.22796,28
2005-06-07 18:51:00,1.22796,1.22796,1.22796,1.22796,11
2005-06-07 18:52:00,1.22788,1.22796,1.22786,1.22796,22
2005-06-07 18:53:00,1.22788,1.22788,1.22788,1.22788,5
2005-06-07 18:54:00,1.22798,1.22798,1.22788,1.22788,7
2005-06-07 18:55:00,1.22798,1.22798,1.22788,1.22798,19
2005-06-07 18:56:00,1.22798,1.22798,1.22788,1.22798,24
2005-06-07 18:57:00,1.22828,1.22828,1.22798,1.22798,32
2005-06-07 18:58:00,1.22808,1.22828,1.22808,1.22828,28
2005-06-07 18:59:00,1.22808,1.22818,1.22808,1.22808,23
2005-06-07 19:00:00,1.22798,1.22818,1.22798,1.22818,31
2005-06-07 19:01:00,1.22808,1.22808,1.22798,1.22798,16
2005-06-07 19:02:00,1.22798,1.22808,1.22798,1.22808,36
2005-06-07 19:03:00,1.22798,1.22798,1.22798,1.22798,12
2005-06-07 19:04:00,1.22798,1.22798,1.22798,1.22798,14
2005-06-07 19:05:00,1.22818,1.22818,1.22798,1.22798,24
2005-06-07 19:06:00,1.22858,1.22858,1.22818,1.22838,41
2005-06-07 19:07:00,1.22852,1.22862,1.22842,1.22858,39
2005-06-07 19:08:00,1.22832,1.22842,1.22832,1.22842,26
2005-06-07 19:09:00,1.22832,1.22842,1.22832,1.22832,28
2005-06-07 19:10:00,1.22852,1.22852,1.22842,1.22842,24
2005-06-07 19:11:00,1.22852,1.22852,1.22842,1.22852,35
2005-06-07 19:12:00,1.22842,1.22842,1.22842,1.22842,31
2005-06-07 19:13:00,1.22852,1.22852,1.22842,1.22842,21
2005-06-07 19:14:00,1.22852,1.22852,1.22842,1.22852,16
2005-06-07 19:15:00,1.22842,1.22852,1.22842,1.22852,31
2005-06-07 19:16:00,1.22842,1.22842,1.22842,1.22842,4
2005-06-07 19:17:00,1.22842,1.22842,1.22842,1.22842,4
2005-06-07 19:18:00,1.22822,1.22832,1.22822,1.22832,25
2005-06-07 19:19:00,1.22822,1.22832,1.22822,1.22832,15
2005-06-07 19:20:00,1.22822,1.22822,1.22822,1.22822,6
2005-06-07 19:21:00,1.22822,1.22822,1.22822,1.22822,10
2005-06-07 19:22:00,1.22822,1.22822,1.22822,1.22822,4
2005-06-07 19:23:00,1.22832,1.22832,1.22812,1.22822,25
2005-06-07 19:24:00,1.22832,1.22832,1.22832,1.22832,8
2005-06-07 19:25:00,1.22832,1.22832,1.22832,1.22832,7
2005-06-07 19:26:00,1.22832,1.22832,1.22832,1.22832,6
2005-06-07 19:27:00,1.22832,1.22842,1.22822,1.22832,33
2005-06-07 19:28:00,1.22832,1.22832,1.22822,1.22832,19
2005-06-07 19:29:00,1.22832,1.22832,1.22832,1.22832,4
2005-06-07 19:30:00,1.22832,1.22832,1.22822,1.22832,25
2005-06-07 19:31:00,1.22822,1.22832,1.22822,1.22832,23
2005-06-07 19:32:00,1.22832,1.22832,1.22822,1.22822,12
2005-06-07 19:33:00,1.22842,1.22842,1.22832,1.22832,14
2005-06-07 19:34:00,1.22842,1.22852,1.22832,1.22842,29
2005-06-07 19:35:00,1.22852,1.22852,1.22842,1.22842,26
2005-06-07 19:36:00,1.22852,1.22852,1.22852,1.22852,7
2005-06-07 19:37:00,1.22852,1.22852,1.22852,1.22852,8
2005-06-07 19:38:00,1.22852,1.22852,1.22852,1.22852,5
2005-06-07 19:39:00,1.22852,1.22852,1.22852,1.22852,2
2005-06-07 19:40:00,1.22862,1.22862,1.22852,1.22852,26
2005-06-07 19:41:00,1.22852,1.22862,1.22852,1.22862,23
2005-06-07 19:42:00,1.22862,1.22862,1.22852,1.22852,26
2005-06-07 19:43:00,1.22852,1.22862,1.22852,1.22862,10
2005-06-07 19:44:00,1.22862,1.22862,1.22852,1.22852,20
2005-06-07 19:45:00,1.22862,1.22862,1.22862,1.22862,11
2005-06-07 19:46:00,1.22862,1.22872,1.22862,1.22862,24
2005-06-07 19:47:00,1.22862,1.22862,1.22862,1.22862,12
2005-06-07 19:48:00,1.22852,1.22862,1.22852,1.22862,11
2005-06-07 19:49:00,1.22852,1.22862,1.22852,1.22852,17
2005-06-07 19:50:00,1.22852,1.22852,1.22852,1.22852,7
2005-06-07 19:51:00,1.22842,1.22852,1.22842,1.22852,7
2005-06-07 19:52:00,1.22842,1.22862,1.22842,1.22842,31
2005-06-07 19:53:00,1.22842,1.22842,1.22842,1.22842,16
2005-06-07 19:54:00,1.22852,1.22852,1.22842,1.22842,12
2005-06-07 19:55:00,1.22852,1.22852,1.22852,1.22852,5
2005-06-07 19:56:00,1.22852,1.22852,1.22852,1.22852,9
2005-06-07 19:57:00,1.22852,1.22852,1.22852,1.22852,11
2005-06-07 19:58:00,1.22842,1.22852,1.22842,1.22852,19
2005-06-07 19:59:00,1.22842,1.22852,1.22842,1.22842,18
2005-06-07 20:00:00,1.22852,1.22852,1.22852,1.22852,4
2005-06-07 20:01:00,1.22852,1.22852,1.22852,1.22852,2
2005-06-07 20:02:00,1.22852,1.22862,1.22852,1.22852,5
2005-06-07 20:03:00,1.22852,1.22852,1.22852,1.22852,4
2005-06-07 20:04:00,1.22842,1.22852,1.22842,1.22852,2
2005-06-07 20:05:00,1.22862,1.22862,1.22862,1.22862,1
2005-06-07 20:06:00,1.22852,1.22852,1.22852,1.22852,1
2005-06-07 20:07:00,1.22842,1.22842,1.22842,1.22842,2
2005-06-07 20:08:00,1.22842,1.22842,1.22842,1.22842,1
2005-06-07 20:10:00,1.22832,1.22832,1.22832,1.22832,1
2005-06-07 20:11:00,1.22812,1.22822,1.22812,1.22822,4
2005-06-07 20:12:00,1.22802,1.22802,1.22792,1.22792,3
2005-06-07 20:13:00,1.22802,1.22802,1.22802,1.22802,5
2005-06-07 20:15:00,1.22812,1.22812,1.22812,1.22812,1
2005-06-07 20:16:00,1.22812,1.22812,1.22812,1.22812,2
2005-06-07 20:17:00,1.22822,1.22822,1.22812,1.22812,4
2005-06-07 20:18:00,1.22832,1.22832,1.22822,1.22822,13
2005-06-07 20:19:00,1.22828,1.22838,1.22822,1.22832,6
2005-06-07 20:20:00,1.22838,1.22838,1.22828,1.22838,5
2005-06-07 20:21:00,1.22818,1.22838,1.22818,1.22828,8
2005-06-07 20:22:00,1.22818,1.22818,1.22818,1.22818,4
2005-06-07 20:23:00,1.22838,1.22838,1.22818,1.22818,4
2005-06-07 20:24:00,1.22818,1.22838,1.22818,1.22838,15
2005-06-07 20:25:00,1.22828,1.22838,1.22818,1.22828,9
2005-06-07 20:26:00,1.22838,1.22838,1.22828,1.22828,3
2005-06-07 20:27:00,1.22828,1.22838,1.22828,1.22838,5
2005-06-07 20:28:00,1.22838,1.22848,1.22828,1.22828,5
2005-06-07 20:29:00,1.22838,1.22838,1.22838,1.22838,2
2005-06-07 20:30:00,1.22838,1.22848,1.22838,1.22838,7
2005-06-07 20:31:00,1.22828,1.22838,1.22818,1.22838,7
2005-06-07 20:32:00,1.22828,1.22838,1.22828,1.22828,6
2005-06-07 20:33:00,1.22828,1.22828,1.22828,1.22828,3
2005-06-07 20:34:00,1.22828,1.22838,1.22828,1.22828,5
2005-06-07 20:35:00,1.22828,1.22838,1.22828,1.22828,4
2005-06-07 20:36:00,1.22828,1.22848,1.22828,1.22828,5
2005-06-07 20:37:00,1.22828,1.22828,1.22828,1.22828,2
2005-06-07 20:38:00,1.22828,1.22828,1.22828,1.22828,4
2005-06-07 20:39:00,1.22828,1.22828,1.22828,1.22828,2
2005-06-07 20:40:00,1.22828,1.22828,1.22828,1.22828,2
2005-06-07 20:41:00,1.22828,1.22838,1.22828,1.22828,7
2005-06-07 20:42:00,1.22828,1.22828,1.22818,1.22818,8
2005-06-07 20:43:00,1.22828,1.22828,1.22818,1.22818,6
2005-06-07 20:44:00,1.22838,1.22838,1.22838,1.22838,6
2005-06-07 20:45:00,1.22838,1.22838,1.22828,1.22828,7
2005-06-07 20:46:00,1.22828,1.22848,1.22828,1.22848,5
2005-06-07 20:47:00,1.22828,1.22828,1.22828,1.22828,4
2005-06-07 20:48:00,1.22828,1.22828,1.22828,1.22828,2
2005-06-07 20:49:00,1.22858,1.22858,1.22828,1.22828,10
2005-06-07 20:50:00,1.22858,1.22858,1.22848,1.22858,8
2005-06-07 20:51:00,1.22858,1.22858,1.22858,1.22858,2
2005-06-07 20:52:00,1.22848,1.22858,1.22848,1.22858,5
2005-06-07 20:53:00,1.22848,1.22848,1.22848,1.22848,2
2005-06-07 20:54:00,1.22848,1.22858,1.22838,1.22848,6
2005-06-07 20:55:00,1.22858,1.22858,1.22858,1.22858,3
2005-06-07 20:56:00,1.22848,1.22868,1.22848,1.22858,8
2005-06-07 20:57:00,1.22848,1.22848,1.22848,1.22848,3
2005-06-07 20:58:00,1.22858,1.22858,1.22848,1.22848,7
2005-06-07 20:59:00,1.22848,1.22858,1.22848,1.22858,5
2005-06-07 21:00:00,1.22858,1.22858,1.22858,1.22858,3
2005-06-07 21:01:00,1.22858,1.22858,1.22858,1.22858,1
2005-06-07 21:02:00,1.22858,1.22868,1.22858,1.22858,6
2005-06-07 21:03:00,1.22858,1.22858,1.22848,1.22858,4
2005-06-07 21:04:00,1.22858,1.22858,1.22848,1.22858,10
2005-06-07 21:05:00,1.22868,1.22868,1.22848,1.22858,5
2005-06-07 21:06:00,1.22878,1.22878,1.22858,1.22858,9
2005-06-07 21:07:00,1.22868,1.22868,1.22858,1.22868,7
2005-06-07 21:08:00,1.22858,1.22868,1.22858,1.22868,3
2005-06-07 21:09:00,1.22858,1.22858,1.22858,1.22858,5
2005-06-07 21:10:00,1.22858,1.22858,1.22858,1.22858,5
2005-06-07 21:11:00,1.22858,1.22858,1.22858,1.22858,2
2005-06-07 21:12:00,1.22858,1.22858,1.22858,1.22858,2
2005-06-07 21:13:00,1.22858,1.22858,1.22848,1.22858,10
2005-06-07 21:14:00,1.22868,1.22878,1.22858,1.22858,8
2005-06-07 21:15:00,1.22858,1.22858,1.22858,1.22858,4
2005-06-07 21:16:00,1.22868,1.22868,1.22848,1.22858,7
2005-06-07 21:17:00,1.22868,1.22868,1.22858,1.22858,3
2005-06-07 21:18:00,1.22868,1.22868,1.22858,1.22868,6
2005-06-07 21:19:00,1.22868,1.22868,1.22868,1.22868,4
2005-06-07 21:20:00,1.22868,1.22868,1.22868,1.22868,5
2005-06-07 21:21:00,1.22868,1.22878,1.22868,1.22868,4
2005-06-07 21:22:00,1.22868,1.22868,1.22868,1.22868,4
2005-06-07 21:23:00,1.22868,1.22868,1.22868,1.22868,2
2005-06-07 21:24:00,1.22878,1.22878,1.22878,1.22878,4
2005-06-07 21:25:00,1.22868,1.22878,1.22868,1.22878,3
2005-06-07 21:26:00,1.22868,1.22868,1.22868,1.22868,3
2005-06-07 21:27:00,1.22868,1.22868,1.22868,1.22868,7
2005-06-07 21:28:00,1.22868,1.22878,1.22868,1.22868,6
2005-06-07 21:29:00,1.22868,1.22868,1.22868,1.22868,5
2005-06-07 21:30:00,1.22868,1.22868,1.22868,1.22868,2
2005-06-07 21:31:00,1.22858,1.22868,1.22858,1.22868,5
2005-06-07 21:32:00,1.22858,1.22858,1.22858,1.22858,1
2005-06-07 21:33:00,1.22858,1.22858,1.22858,1.22858,1
2005-06-07 21:34:00,1.22868,1.22868,1.22858,1.22858,2
2005-06-07 21:35:00,1.22858,1.22868,1.22858,1.22868,5
2005-06-07 21:36:00,1.22868,1.22868,1.22858,1.22858,5
2005-06-07 21:37:00,1.22868,1.22868,1.22868,1.22868,2
2005-06-07 21:38:00,1.22868,1.22868,1.22868,1.22868,5
2005-06-07 21:39:00,1.22858,1.22868,1.22858,1.22868,4
2005-06-07 21:40:00,1.22858,1.22868,1.22858,1.22858,8
2005-06-07 21:41:00,1.22848,1.22868,1.22848,1.22858,10
2005-06-07 21:42:00,1.22848,1.22848,1.22848,1.22848,2
2005-06-07 21:43:00,1.22848,1.22858,1.22838,1.22848,10
2005-06-07 21:44:00,1.22838,1.22848,1.22838,1.22848,2
2005-06-07 21:45:00,1.22838,1.22838,1.22828,1.22828,6
2005-06-07 21:46:00,1.22818,1.22828,1.22818,1.22828,6
2005-06-07 21:47:00,1.22818,1.22818,1.22818,1.22818,2
2005-06-07 21:48:00,1.22818,1.22818,1.22818,1.22818,2
2005-06-07 21:49:00,1.22828,1.22838,1.22818,1.22818,7
2005-06-07 21:50:00,1.22828,1.22828,1.22828,1.22828,2
2005-06-07 21:51:00,1.22838,1.22848,1.22828,1.22828,9
2005-06-07 21:52:00,1.22838,1.22838,1.22838,1.22838,2
2005-06-07 21:53:00,1.22838,1.22838,1.22838,1.22838,2
2005-06-07 21:54:00,1.22838,1.22838,1.22838,1.22838,2
2005-06-07 21:55:00,1.22828,1.22838,1.22828,1.22838,5
2005-06-07 21:56:00,1.22838,1.22838,1.22828,1.22828,3
2005-06-07 21:57:00,1.22838,1.22838,1.22838,1.22838,2
2005-06-07 21:58:00,1.22838,1.22838,1.22838,1.22838,2
2005-06-07 21:59:00,1.22848,1.22848,1.22838,1.22838,3
2005-06-07 22:00:00,1.22848,1.22848,1.22848,1.22848,2
2005-06-07 22:01:00,1.22858,1.22858,1.22848,1.22858,5
2005-06-07 22:02:00,1.22858,1.22858,1.22858,1.22858,3
2005-06-07 22:03:00,1.22848,1.22868,1.22848,1.22848,9
2005-06-07 22:04:00,1.22848,1.22858,1.22848,1.22858,6
2005-06-07 22:05:00,1.22858,1.22868,1.22848,1.22848,6
2005-06-07 22:06:00,1.22858,1.22858,1.22858,1.22858,2
2005-06-07 22:07:00,1.22868,1.22868,1.22858,1.22858,5
2005-06-07 22:08:00,1.22858,1.22858,1.22858,1.22858,4
2005-06-07 22:09:00,1.22838,1.22858,1.22838,1.22848,6
2005-06-07 22:10:00,1.22838,1.22838,1.22838,1.22838,2
2005-06-07 22:11:00,1.22838,1.22838,1.22838,1.22838,2
2005-06-07 22:12:00,1.22838,1.22838,1.22838,1.22838,2
2005-06-07 22:13:00,1.22838,1.22838,1.22828,1.22838,5
2005-06-07 22:14:00,1.22838,1.22838,1.22838,1.22838,2
2005-06-07 22:15:00,1.22858,1.22868,1.22838,1.22838,11
2005-06-07 22:16:00,1.22848,1.22858,1.22848,1.22858,3
2005-06-07 22:17:00,1.22848,1.22858,1.22848,1.22848,6
2005-06-07 22:18:00,1.22848,1.22848,1.22848,1.22848,3
2005-06-07 22:19:00,1.22848,1.22848,1.22848,1.22848,2
2005-06-07 22:20:00,1.22848,1.22848,1.22848,1.22848,3
2005-06-07 22:21:00,1.22848,1.22848,1.22848,1.22848,2
2005-06-07 22:22:00,1.22848,1.22848,1.22848,1.22848,2
2005-06-07 22:23:00,1.22848,1.22848,1.22848,1.22848,3
2005-06-07 22:24:00,1.22848,1.22848,1.22848,1.22848,2
2005-06-07 22:25:00,1.22838,1.22838,1.22828,1.22838,4
2005-06-07 22:26:00,1.22828,1.22838,1.22828,1.22828,5
2005-06-07 22:27:00,1.22828,1.22828,1.22828,1.22828,6
2005-06-07 22:28:00,1.22818,1.22828,1.22818,1.22828,3
2005-06-07 22:29:00,1.22828,1.22828,1.22828,1.22828,3
2005-06-07 22:30:00,1.22828,1.22828,1.22828,1.22828,2
2005-06-07 22:31:00,1.22818,1.22818,1.22818,1.22818,3
2005-06-07 22:32:00,1.22818,1.22818,1.22808,1.22818,3
2005-06-07 22:33:00,1.22818,1.22818,1.22798,1.22808,7
2005-06-07 22:34:00,1.22818,1.22818,1.22808,1.22808,4
2005-06-07 22:35:00,1.22818,1.22828,1.22818,1.22818,4
2005-06-07 22:36:00,1.22808,1.22818,1.22808,1.22818,7
2005-06-07 22:37:00,1.22808,1.22818,1.22808,1.22808,4
2005-06-07 22:38:00,1.22808,1.22808,1.22808,1.22808,2
2005-06-07 22:39:00,1.22798,1.22818,1.22788,1.22808,10
2005-06-07 22:40:00,1.22798,1.22808,1.22798,1.22808,13
2005-06-07 22:41:00,1.22798,1.22798,1.22798,1.22798,2
2005-06-07 22:42:00,1.22808,1.22808,1.22798,1.22798,6
2005-06-07 22:43:00,1.22808,1.22808,1.22808,1.22808,2
2005-06-07 22:44:00,1.22808,1.22808,1.22808,1.22808,6
2005-06-07 22:45:00,1.22808,1.22808,1.22808,1.22808,6
2005-06-07 22:46:00,1.22808,1.22808,1.22808,1.22808,3
2005-06-07 22:47:00,1.22808,1.22808,1.22808,1.22808,2
2005-06-07 22:48:00,1.22808,1.22808,1.22808,1.22808,5
2005-06-07 22:49:00,1.22798,1.22798,1.22788,1.22788,4
2005-06-07 22:50:00,1.22788,1.22798,1.22788,1.22798,3
2005-06-07 22:51:00,1.22788,1.22788,1.22788,1.22788,2
2005-06-07 22:52:00,1.22788,1.22788,1.22788,1.22788,2
2005-06-07 22:53:00,1.22788,1.22788,1.22788,1.22788,2
2005-06-07 22:54:00,1.22788,1.22788,1.22788,1.22788,1
2005-06-07 22:55:00,1.22808,1.22808,1.22798,1.22798,4
2005-06-07 22:56:00,1.22808,1.22808,1.22808,1.22808,2
2005-06-07 22:57:00,1.22798,1.22808,1.22788,1.22808,5
2005-06-07 22:58:00,1.22788,1.22798,1.22788,1.22788,9
2005-06-07 22:59:00,1.22778,1.22788,1.22768,1.22778,10
2005-06-07 23:00:00,1.2278,1.2278,1.22758,1.22768,11
2005-06-07 23:01:00,1.22782,1.22792,1.22782,1.22782,9
2005-06-07 23:02:00,1.22772,1.22782,1.22772,1.22782,3
2005-06-07 23:03:00,1.22762,1.22772,1.22762,1.22772,5
2005-06-07 23:04:00,1.22772,1.22772,1.22772,1.22772,6
2005-06-07 23:05:00,1.22772,1.22772,1.22772,1.22772,3
2005-06-07 23:06:00,1.22772,1.22782,1.22772,1.22772,5
2005-06-07 23:07:00,1.22772,1.22772,1.22762,1.22772,4
2005-06-07 23:08:00,1.22782,1.22792,1.22772,1.22772,8
2005-06-07 23:09:00,1.22772,1.22782,1.22772,1.22782,5
2005-06-07 23:10:00,1.22772,1.22772,1.22772,1.22772,3
2005-06-07 23:11:00,1.22772,1.22772,1.22772,1.22772,4
2005-06-07 23:12:00,1.22772,1.22772,1.22762,1.22772,12
2005-06-07 23:13:00,1.22782,1.22782,1.22762,1.22772,7
2005-06-07 23:14:00,1.22782,1.22782,1.22782,1.22782,2
2005-06-07 23:15:00,1.22782,1.22782,1.22782,1.22782,3
2005-06-07 23:16:00,1.22782,1.22782,1.22782,1.22782,3
2005-06-07 23:17:00,1.22782,1.22782,1.22782,1.22782,3
2005-06-07 23:18:00,1.22762,1.22782,1.22762,1.22782,4
2005-06-07 23:19:00,1.22792,1.22792,1.22762,1.22772,19
2005-06-07 23:20:00,1.22782,1.22792,1.22782,1.22782,4
2005-06-07 23:21:00,1.22782,1.22792,1.22782,1.22792,3
2005-06-07 23:22:00,1.22772,1.22782,1.22772,1.22782,6
2005-06-07 23:23:00,1.22772,1.22772,1.22772,1.22772,2
2005-06-07 23:24:00,1.22772,1.22772,1.22772,1.22772,3
2005-06-07 23:25:00,1.22782,1.22782,1.22772,1.22772,10
2005-06-07 23:26:00,1.22772,1.22772,1.22772,1.22772,3
2005-06-07 23:27:00,1.22772,1.22772,1.22772,1.22772,2
2005-06-07 23:28:00,1.22782,1.22782,1.22772,1.22782,6
2005-06-07 23:29:00,1.22782,1.22782,1.22782,1.22782,2
2005-06-07 23:30:00,1.22782,1.22782,1.22782,1.22782,2
2005-06-07 23:31:00,1.22782,1.22782,1.22782,1.22782,2
2005-06-07 23:32:00,1.22792,1.22812,1.22782,1.22782,10
2005-06-07 23:33:00,1.22792,1.22792,1.22792,1.22792,2
2005-06-07 23:34:00,1.22792,1.22792,1.22792,1.22792,4
2005-06-07 23:35:00,1.22782,1.22802,1.22782,1.22802,5
2005-06-07 23:36:00,1.22792,1.22792,1.22782,1.22782,2
2005-06-07 23:37:00,1.22792,1.22792,1.22782,1.22792,4
2005-06-07 23:38:00,1.22792,1.22792,1.22782,1.22792,5
2005-06-07 23:39:00,1.22802,1.22802,1.22792,1.22802,5
2005-06-07 23:40:00,1.22812,1.22812,1.22802,1.22802,7
2005-06-07 23:41:00,1.22812,1.22812,1.22812,1.22812,2
2005-06-07 23:42:00,1.22812,1.22812,1.22802,1.22812,5
2005-06-07 23:43:00,1.22812,1.22812,1.22812,1.22812,2
2005-06-07 23:44:00,1.22812,1.22812,1.22812,1.22812,2
2005-06-07 23:45:00,1.22812,1.22812,1.22812,1.22812,2
2005-06-07 23:46:00,1.22812,1.22812,1.22812,1.22812,2
2005-06-07 23:47:00,1.22812,1.22812,1.22812,1.22812,6
2005-06-07 23:48:00,1.22812,1.22812,1.22802,1.22812,3
2005-06-07 23:49:00,1.22832,1.22832,1.22812,1.22812,6
2005-06-07 23:50:00,1.22832,1.22832,1.22822,1.22832,6
2005-06-07 23:51:00,1.22832,1.22832,1.22832,1.22832,1
2005-06-07 23:52:00,1.22832,1.22832,1.22822,1.22832,6
2005-06-07 23:53:00,1.22832,1.22832,1.22822,1.22832,6
2005-06-07 23:54:00,1.22832,1.22832,1.22822,1.22832,6
2005-06-07 23:55:00,1.22842,1.22852,1.22832,1.22832,9
2005-06-07 23:56:00,1.22842,1.22842,1.22842,1.22842,2
2005-06-07 23:57:00,1.22842,1.22842,1.22832,1.22842,11
2005-06-07 23:58:00,1.22838,1.22872,1.22838,1.22852,22
2005-06-07 23:59:00,1.22848,1.22848,1.22838,1.22848,25
2005-06-08 00:00:00,1.22848,1.22858,1.22848,1.22858,9
2005-06-08 00:01:00,1.22838,1.22848,1.22838,1.22848,5
2005-06-08 00:02:00,1.22838,1.22838,1.22838,1.22838,7
2005-06-08 00:03:00,1.22838,1.22848,1.22828,1.22848,8
2005-06-08 00:04:00,1.22828,1.22828,1.22818,1.22828,13
2005-06-08 00:05:00,1.22838,1.22848,1.22838,1.22838,7
2005-06-08 00:06:00,1.22848,1.22848,1.22838,1.22838,4
2005-06-08 00:07:00,1.22858,1.22858,1.22858,1.22858,2
2005-06-08 00:08:00,1.22848,1.22858,1.22848,1.22858,5
2005-06-08 00:09:00,1.22848,1.22858,1.22848,1.22858,3
2005-06-08 00:10:00,1.22868,1.22868,1.22848,1.22848,11
2005-06-08 00:11:00,1.22868,1.22868,1.22858,1.22858,8
2005-06-08 00:12:00,1.22878,1.22888,1.22868,1.22868,6
2005-06-08 00:13:00,1.22878,1.22878,1.22878,1.22878,4
2005-06-08 00:14:00,1.22888,1.22888,1.22878,1.22878,8
2005-06-08 00:15:00,1.22878,1.22888,1.22868,1.22888,7
2005-06-08 00:16:00,1.22878,1.22878,1.22858,1.22878,17
2005-06-08 00:17:00,1.22878,1.22878,1.22878,1.22878,4
2005-06-08 00:18:00,1.22878,1.22878,1.22878,1.22878,6
2005-06-08 00:19:00,1.22868,1.22878,1.22868,1.22868,9
2005-06-08 00:20:00,1.22868,1.22868,1.22858,1.22858,7
2005-06-08 00:21:00,1.22868,1.22868,1.22858,1.22858,6
2005-06-08 00:22:00,1.22868,1.22878,1.22868,1.22868,4
2005-06-08 00:23:00,1.22868,1.22868,1.22868,1.22868,2
2005-06-08 00:24:00,1.22868,1.22878,1.22868,1.22868,5
2005-06-08 00:25:00,1.22868,1.22868,1.22868,1.22868,2
2005-06-08 00:26:00,1.22868,1.22868,1.22868,1.22868,2
2005-06-08 00:27:00,1.22868,1.22878,1.22868,1.22868,4
2005-06-08 00:28:00,1.22858,1.22868,1.22858,1.22868,5
2005-06-08 00:29:00,1.22848,1.22858,1.22848,1.22858,7
2005-06-08 00:30:00,1.22848,1.22848,1.22838,1.22838,4
2005-06-08 00:31:00,1.22828,1.22838,1.22828,1.22838,7
2005-06-08 00:32:00,1.22838,1.22838,1.22808,1.22818,11
2005-06-08 00:33:00,1.22818,1.22838,1.22818,1.22838,11
2005-06-08 00:34:00,1.22818,1.22828,1.22818,1.22818,9
2005-06-08 00:35:00,1.22828,1.22828,1.22818,1.22828,10
2005-06-08 00:36:00,1.22838,1.22838,1.22838,1.22838,3
2005-06-08 00:37:00,1.22828,1.22838,1.22828,1.22838,5
2005-06-08 00:38:00,1.22828,1.22828,1.22828,1.22828,2
2005-06-08 00:39:00,1.22828,1.22828,1.22828,1.22828,2
2005-06-08 00:40:00,1.22838,1.22838,1.22818,1.22828,6
2005-06-08 00:41:00,1.22848,1.22848,1.22838,1.22838,9
2005-06-08 00:42:00,1.22848,1.22848,1.22838,1.22838,6
2005-06-08 00:43:00,1.22858,1.22868,1.22848,1.22848,12
2005-06-08 00:44:00,1.22858,1.22858,1.22858,1.22858,3
2005-06-08 00:45:00,1.22858,1.22858,1.22858,1.22858,3
2005-06-08 00:46:00,1.22858,1.22858,1.22858,1.22858,6
2005-06-08 00:47:00,1.22868,1.22868,1.22868,1.22868,3
2005-06-08 00:48:00,1.22868,1.22868,1.22868,1.22868,2
2005-06-08 00:49:00,1.22888,1.22888,1.22868,1.22868,8
2005-06-08 00:50:00,1.22878,1.22888,1.22868,1.22878,9
2005-06-08 00:51:00,1.22888,1.22888,1.22878,1.22878,4
2005-06-08 00:52:00,1.22918,1.22918,1.22878,1.22878,11
2005-06-08 00:53:00,1.22952,1.22992,1.22918,1.22918,42
2005-06-08 00:54:00,1.22956,1.22966,1.22932,1.22942,19
2005-06-08 00:55:00,1.2295,1.22966,1.2294,1.22956,22
2005-06-08 00:56:00,1.2296,1.2296,1.2295,1.2295,9
2005-06-08 00:57:00,1.2298,1.2298,1.2297,1.2297,14
2005-06-08 00:58:00,1.2299,1.2299,1.2298,1.2299,14
2005-06-08 00:59:00,1.2298,1.2299,1.2297,1.2299,9
2005-06-08 01:00:00,1.2298,1.2298,1.2298,1.2298,3
2005-06-08 01:01:00,1.2298,1.2298,1.2298,1.2298,3
2005-06-08 01:02:00,1.2298,1.2298,1.2297,1.2298,10
2005-06-08 01:03:00,1.2298,1.2298,1.2298,1.2298,2
2005-06-08 01:04:00,1.2297,1.2298,1.2297,1.2298,4
2005-06-08 01:05:00,1.2297,1.2297,1.2296,1.2297,8
2005-06-08 01:06:00,1.2298,1.2299,1.2296,1.2296,8
2005-06-08 01:07:00,1.2305,1.2305,1.2298,1.2298,19
2005-06-08 01:08:00,1.2306,1.2307,1.2305,1.2305,14
2005-06-08 01:09:00,1.2306,1.2307,1.2305,1.2307,19
2005-06-08 01:10:00,1.23046,1.2306,1.23046,1.2306,15
2005-06-08 01:11:00,1.23086,1.23086,1.23046,1.23056,15
2005-06-08 01:12:00,1.23046,1.23106,1.23046,1.23086,29
2005-06-08 01:13:00,1.23036,1.23046,1.23016,1.23036,13
2005-06-08 01:14:00,1.23006,1.23036,1.22996,1.23026,11
2005-06-08 01:15:00,1.23026,1.23036,1.22996,1.23006,25
2005-06-08 01:16:00,1.23016,1.23016,1.23016,1.23016,5
2005-06-08 01:17:00,1.23046,1.23046,1.23016,1.23016,10
2005-06-08 01:18:00,1.23026,1.23046,1.23016,1.23046,9
2005-06-08 01:19:00,1.23036,1.23036,1.23026,1.23026,14
2005-06-08 01:20:00,1.23056,1.23066,1.23026,1.23026,12
2005-06-08 01:21:00,1.23016,1.23056,1.23016,1.23046,11
2005-06-08 01:22:00,1.23016,1.23016,1.23016,1.23016,4
2005-06-08 01:23:00,1.23016,1.23016,1.23006,1.23016,8
2005-06-08 01:24:00,1.23016,1.23016,1.23016,1.23016,3
2005-06-08 01:25:00,1.23006,1.23016,1.23006,1.23016,8
2005-06-08 01:26:00,1.22996,1.23006,1.22996,1.23006,11
2005-06-08 01:27:00,1.22976,1.22996,1.22966,1.22996,16
2005-06-08 01:28:00,1.22986,1.22986,1.22966,1.22976,8
2005-06-08 01:29:00,1.22976,1.22986,1.22976,1.22986,7
2005-06-08 01:30:00,1.22976,1.22976,1.22966,1.22976,5
2005-06-08 01:31:00,1.22976,1.22986,1.22976,1.22976,4
2005-06-08 01:32:00,1.22976,1.22986,1.22976,1.22986,6
2005-06-08 01:33:00,1.22966,1.22976,1.22956,1.22976,12
2005-06-08 01:34:00,1.22956,1.22966,1.22956,1.22956,8
2005-06-08 01:35:00,1.22956,1.22966,1.22956,1.22966,8
2005-06-08 01:36:00,1.22976,1.22976,1.22956,1.22956,11
2005-06-08 01:37:00,1.22976,1.22976,1.22966,1.22976,8
2005-06-08 01:38:00,1.23006,1.23006,1.22976,1.22976,14
2005-06-08 01:39:00,1.22996,1.23016,1.22996,1.22996,13
2005-06-08 01:40:00,1.23006,1.23006,1.23006,1.23006,9
2005-06-08 01:41:00,1.23006,1.23016,1.23006,1.23006,4
2005-06-08 01:42:00,1.23026,1.23026,1.23006,1.23016,9
2005-06-08 01:43:00,1.23036,1.23036,1.23016,1.23016,16
2005-06-08 01:44:00,1.23036,1.23036,1.23026,1.23026,10
2005-06-08 01:45:00,1.23026,1.23026,1.23026,1.23026,3
2005-06-08 01:46:00,1.23046,1.23046,1.23026,1.23036,9
2005-06-08 01:47:00,1.23046,1.23056,1.23046,1.23046,22
2005-06-08 01:48:00,1.23056,1.23056,1.23046,1.23056,13
2005-06-08 01:49:00,1.23056,1.23056,1.23046,1.23046,4
2005-06-08 01:50:00,1.23056,1.23056,1.23046,1.23056,12
2005-06-08 01:51:00,1.23056,1.23056,1.23046,1.23046,5
2005-06-08 01:52:00,1.23046,1.23056,1.23046,1.23056,4
2005-06-08 01:53:00,1.23056,1.23056,1.23046,1.23046,3
2005-06-08 01:54:00,1.23046,1.23056,1.23046,1.23056,8
2005-06-08 01:55:00,1.23046,1.23046,1.23046,1.23046,7
2005-06-08 01:56:00,1.23026,1.23046,1.23026,1.23046,5
2005-06-08 01:57:00,1.23016,1.23026,1.23006,1.23026,15
2005-06-08 01:58:00,1.23016,1.23026,1.23016,1.23016,5
2005-06-08 01:59:00,1.22986,1.23016,1.22986,1.23016,20
2005-06-08 02:00:00,1.22976,1.22986,1.22976,1.22986,8
2005-06-08 02:01:00,1.22976,1.22976,1.22976,1.22976,7
2005-06-08 02:02:00,1.22976,1.22986,1.22976,1.22976,5
2005-06-08 02:03:00,1.22966,1.22976,1.22966,1.22976,5
2005-06-08 02:04:00,1.22976,1.22976,1.22966,1.22976,7
2005-06-08 02:05:00,1.22966,1.22966,1.22966,1.22966,3
2005-06-08 02:06:00,1.22976,1.22976,1.22966,1.22966,3
2005-06-08 02:07:00,1.22976,1.22976,1.22966,1.22976,9
2005-06-08 02:08:00,1.22976,1.22976,1.22976,1.22976,4
2005-06-08 02:09:00,1.22976,1.22976,1.22976,1.22976,2
2005-06-08 02:10:00,1.22976,1.22976,1.22976,1.22976,2
2005-06-08 02:11:00,1.22986,1.22986,1.22976,1.22986,6
2005-06-08 02:12:00,1.22986,1.22986,1.22986,1.22986,3
2005-06-08 02:13:00,1.22976,1.22986,1.22976,1.22986,4
2005-06-08 02:14:00,1.22996,1.22996,1.22976,1.22976,7
2005-06-08 02:15:00,1.22996,1.23006,1.22996,1.22996,7
2005-06-08 02:16:00,1.22996,1.22996,1.22996,1.22996,4
2005-06-08 02:17:00,1.22996,1.22996,1.22996,1.22996,2
2005-06-08 02:18:00,1.22996,1.22996,1.22976,1.22976,10
2005-06-08 02:19:00,1.22986,1.22986,1.22986,1.22986,4
2005-06-08 02:20:00,1.22986,1.22986,1.22986,1.22986,4
2005-06-08 02:21:00,1.22986,1.22986,1.22986,1.22986,3
2005-06-08 02:22:00,1.22976,1.22986,1.22976,1.22986,8
2005-06-08 02:23:00,1.22976,1.22976,1.22976,1.22976,4
2005-06-08 02:24:00,1.22976,1.22986,1.22976,1.22976,6
2005-06-08 02:25:00,1.22976,1.22986,1.22976,1.22986,12
2005-06-08 02:26:00,1.22986,1.22986,1.22976,1.22976,6
2005-06-08 02:27:00,1.22976,1.22986,1.22976,1.22986,5
2005-06-08 02:28:00,1.22976,1.22976,1.22976,1.22976,4
2005-06-08 02:29:00,1.22976,1.22986,1.22976,1.22976,9
2005-06-08 02:30:00,1.22996,1.22996,1.22986,1.22986,7
2005-06-08 02:31:00,1.22996,1.23006,1.22986,1.22996,7
2005-06-08 02:32:00,1.2301,1.2302,1.22996,1.22996,11
2005-06-08 02:33:00,1.2302,1.2302,1.2301,1.2302,9
2005-06-08 02:34:00,1.2303,1.2303,1.2302,1.2302,8
2005-06-08 02:35:00,1.2302,1.2303,1.2302,1.2303,12
2005-06-08 02:36:00,1.2305,1.2305,1.2303,1.2303,9
2005-06-08 02:37:00,1.2303,1.2305,1.2303,1.2305,11
2005-06-08 02:38:00,1.2304,1.2305,1.2303,1.2304,15
2005-06-08 02:39:00,1.2306,1.2306,1.2304,1.2304,9
2005-06-08 02:40:00,1.2305,1.2306,1.2305,1.2305,13
2005-06-08 02:41:00,1.2303,1.2304,1.2303,1.2304,7
2005-06-08 02:42:00,1.2303,1.2304,1.2303,1.2304,14
2005-06-08 02:43:00,1.2303,1.2304,1.2303,1.2303,5
2005-06-08 02:44:00,1.2303,1.2304,1.2302,1.2303,11
2005-06-08 02:45:00,1.2301,1.2303,1.2301,1.2303,7
2005-06-08 02:46:00,1.2292,1.2301,1.2292,1.2301,20
2005-06-08 02:47:00,1.2293,1.2293,1.229,1.2291,20
2005-06-08 02:48:00,1.2294,1.2297,1.2293,1.2293,18
2005-06-08 02:49:00,1.2294,1.2294,1.2293,1.2294,5
2005-06-08 02:50:00,1.2296,1.2297,1.2294,1.2294,13
2005-06-08 02:51:00,1.2298,1.2298,1.2294,1.2295,17
2005-06-08 02:52:00,1.2297,1.2298,1.2297,1.2297,4
2005-06-08 02:53:00,1.2296,1.2296,1.2296,1.2296,5
2005-06-08 02:54:00,1.2294,1.2297,1.2294,1.2296,6
2005-06-08 02:55:00,1.2294,1.2295,1.2294,1.2295,10
2005-06-08 02:56:00,1.2293,1.2294,1.2292,1.2294,14
2005-06-08 02:57:00,1.2294,1.2294,1.2293,1.2294,6
2005-06-08 02:58:00,1.2292,1.2294,1.2292,1.2293,17
2005-06-08 02:59:00,1.2292,1.2292,1.2291,1.2292,5
2005-06-08 03:00:00,1.2293,1.2293,1.2292,1.2292,13
2005-06-08 03:01:00,1.2294,1.2294,1.2293,1.2293,4
2005-06-08 03:02:00,1.2296,1.2297,1.2294,1.2294,11
2005-06-08 03:03:00,1.2295,1.2296,1.2295,1.2295,5
2005-06-08 03:04:00,1.2295,1.2295,1.2295,1.2295,3
2005-06-08 03:05:00,1.2296,1.2296,1.2295,1.2295,6
2005-06-08 03:06:00,1.2296,1.2296,1.2296,1.2296,2
2005-06-08 03:07:00,1.2294,1.2297,1.2294,1.2297,15
2005-06-08 03:08:00,1.2294,1.2295,1.2293,1.2293,7
2005-06-08 03:09:00,1.2294,1.2294,1.2294,1.2294,2
2005-06-08 03:10:00,1.2293,1.2294,1.2293,1.2293,5
2005-06-08 03:11:00,1.2293,1.2293,1.2293,1.2293,2
2005-06-08 03:12:00,1.2293,1.2293,1.2293,1.2293,3
2005-06-08 03:13:00,1.2296,1.2296,1.2293,1.2293,19
2005-06-08 03:14:00,1.2296,1.2296,1.2296,1.2296,6
2005-06-08 03:15:00,1.2296,1.2299,1.2295,1.2296,22
2005-06-08 03:16:00,1.2298,1.2299,1.2296,1.2297,19
2005-06-08 03:17:00,1.2299,1.2299,1.2297,1.2297,10
2005-06-08 03:18:00,1.23,1.23,1.2299,1.2299,12
2005-06-08 03:19:00,1.2303,1.2304,1.2301,1.2301,19
2005-06-08 03:20:00,1.2304,1.2304,1.2303,1.2303,13
2005-06-08 03:21:00,1.2303,1.2303,1.2303,1.2303,4
2005-06-08 03:22:00,1.2306,1.2307,1.2304,1.2304,21
2005-06-08 03:23:00,1.2306,1.2307,1.2306,1.2306,16
2005-06-08 03:24:00,1.23026,1.2306,1.23026,1.2305,11
2005-06-08 03:25:00,1.23026,1.23036,1.23006,1.23026,18
2005-06-08 03:26:00,1.23026,1.23026,1.23016,1.23016,12
2005-06-08 03:27:00,1.23036,1.23036,1.23026,1.23026,8
2005-06-08 03:28:00,1.23066,1.23076,1.23026,1.23026,22
2005-06-08 03:29:00,1.23066,1.23086,1.23066,1.23066,14
2005-06-08 03:30:00,1.23066,1.23076,1.23066,1.23076,14
2005-06-08 03:31:00,1.23076,1.23116,1.23066,1.23066,22
2005-06-08 03:32:00,1.23056,1.23076,1.23056,1.23066,11
2005-06-08 03:33:00,1.23046,1.23056,1.23046,1.23056,11
2005-06-08 03:34:00,1.23046,1.23056,1.23046,1.23046,4
2005-06-08 03:35:00,1.23056,1.23066,1.23046,1.23046,8
2005-06-08 03:36:00,1.23076,1.23096,1.23066,1.23066,25
2005-06-08 03:37:00,1.23056,1.23076,1.23046,1.23076,15
2005-06-08 03:38:00,1.23056,1.23056,1.23056,1.23056,3
2005-06-08 03:39:00,1.23056,1.23066,1.23046,1.23056,7
2005-06-08 03:40:00,1.23046,1.23056,1.23046,1.23056,8
2005-06-08 03:41:00,1.23056,1.23056,1.23046,1.23046,13
2005-06-08 03:42:00,1.23046,1.23056,1.23036,1.23046,12
2005-06-08 03:43:00,1.23046,1.23046,1.23036,1.23036,2
2005-06-08 03:44:00,1.23076,1.23086,1.23046,1.23046,21
2005-06-08 03:45:00,1.23206,1.23206,1.23076,1.23076,26
2005-06-08 03:46:00,1.23176,1.23236,1.23166,1.23216,37
2005-06-08 03:47:00,1.23146,1.23176,1.23146,1.23176,12
2005-06-08 03:48:00,1.23126,1.23146,1.23126,1.23146,21
2005-06-08 03:49:00,1.2314,1.2314,1.23116,1.23116,9
2005-06-08 03:50:00,1.2315,1.2315,1.2313,1.2313,13
2005-06-08 03:51:00,1.2308,1.2315,1.2307,1.2315,16
2005-06-08 03:52:00,1.231,1.231,1.2306,1.2308,20
2005-06-08 03:53:00,1.2311,1.2311,1.2311,1.2311,4
2005-06-08 03:54:00,1.2305,1.231,1.2305,1.231,16
2005-06-08 03:55:00,1.2305,1.2305,1.2304,1.2304,14
2005-06-08 03:56:00,1.2307,1.2308,1.2306,1.2306,16
2005-06-08 03:57:00,1.2308,1.2309,1.2307,1.2308,11
2005-06-08 03:58:00,1.2307,1.2309,1.2306,1.2309,13
2005-06-08 03:59:00,1.2309,1.2309,1.2306,1.2306,18
2005-06-08 04:00:00,1.2306,1.2309,1.2306,1.2309,8
2005-06-08 04:01:00,1.2308,1.2308,1.2306,1.2306,5
2005-06-08 04:02:00,1.2306,1.2308,1.2304,1.2308,16
2005-06-08 04:03:00,1.2305,1.2307,1.2305,1.2307,10
2005-06-08 04:04:00,1.2305,1.2305,1.2305,1.2305,3
2005-06-08 04:05:00,1.2306,1.2306,1.2305,1.2305,19
2005-06-08 04:06:00,1.23076,1.23086,1.23066,1.2307,10
2005-06-08 04:07:00,1.23076,1.23076,1.23076,1.23076,2
2005-06-08 04:08:00,1.23066,1.23076,1.23066,1.23066,7
2005-06-08 04:09:00,1.23076,1.23076,1.23066,1.23066,3
2005-06-08 04:10:00,1.23086,1.23086,1.23056,1.23076,20
2005-06-08 04:11:00,1.23086,1.23086,1.23076,1.23076,10
2005-06-08 04:12:00,1.23086,1.23086,1.23076,1.23076,6
2005-06-08 04:13:00,1.23096,1.23096,1.23076,1.23086,6
2005-06-08 04:14:00,1.23086,1.23096,1.23086,1.23086,7
2005-06-08 04:15:00,1.23096,1.23106,1.23086,1.23086,11
2005-06-08 04:16:00,1.23096,1.23106,1.23096,1.23096,6
2005-06-08 04:17:00,1.23106,1.23106,1.23096,1.23096,4
2005-06-08 04:18:00,1.23106,1.23106,1.23096,1.23106,7
2005-06-08 04:19:00,1.23096,1.23096,1.23096,1.23096,5
2005-06-08 04:20:00,1.23096,1.23096,1.23086,1.23096,4
2005-06-08 04:21:00,1.23086,1.23096,1.23086,1.23096,8
2005-06-08 04:22:00,1.23076,1.23086,1.23076,1.23076,8
2005-06-08 04:23:00,1.23056,1.23076,1.23056,1.23076,17
2005-06-08 04:24:00,1.23056,1.23066,1.23056,1.23056,9
2005-06-08 04:25:00,1.23066,1.23066,1.23056,1.23056,6
2005-06-08 04:26:00,1.23066,1.23076,1.23056,1.23066,15
2005-06-08 04:27:00,1.23066,1.23066,1.23056,1.23066,7
2005-06-08 04:28:00,1.23066,1.23066,1.23066,1.23066,3
2005-06-08 04:29:00,1.23076,1.23076,1.23076,1.23076,5
2005-06-08 04:30:00,1.23076,1.23076,1.23066,1.23076,6
2005-06-08 04:31:00,1.23076,1.23086,1.23076,1.23076,4
2005-06-08 04:32:00,1.23066,1.23076,1.23066,1.23076,4
2005-06-08 04:33:00,1.23076,1.23076,1.23066,1.23066,7
2005-06-08 04:34:00,1.23086,1.23086,1.23066,1.23076,11
2005-06-08 04:35:00,1.23096,1.23096,1.23076,1.23076,10
2005-06-08 04:36:00,1.23096,1.23096,1.23096,1.23096,2
2005-06-08 04:37:00,1.23096,1.23116,1.23096,1.23096,14
2005-06-08 04:38:00,1.23066,1.23106,1.23066,1.23096,12
2005-06-08 04:39:00,1.23076,1.23076,1.23066,1.23066,5
2005-06-08 04:40:00,1.23076,1.23076,1.23076,1.23076,3
2005-06-08 04:41:00,1.2306,1.23086,1.2306,1.23086,9
2005-06-08 04:42:00,1.2307,1.2307,1.2306,1.2306,5
2005-06-08 04:43:00,1.2307,1.2308,1.2306,1.2307,8
2005-06-08 04:44:00,1.2307,1.2307,1.2307,1.2307,3
2005-06-08 04:45:00,1.2307,1.2307,1.2307,1.2307,1
2005-06-08 04:46:00,1.2306,1.2307,1.2306,1.2307,4
2005-06-08 04:47:00,1.2307,1.2307,1.2306,1.2306,5
2005-06-08 04:48:00,1.2307,1.2308,1.2307,1.2307,7
2005-06-08 04:49:00,1.2307,1.2308,1.2306,1.2306,8
2005-06-08 04:50:00,1.23088,1.2309,1.2307,1.2307,13
2005-06-08 04:51:00,1.23098,1.23108,1.23088,1.23088,12
2005-06-08 04:52:00,1.23128,1.23128,1.23098,1.23098,14
2005-06-08 04:53:00,1.2315,1.2315,1.23128,1.23128,14
2005-06-08 04:54:00,1.2316,1.2316,1.2314,1.2314,7
2005-06-08 04:55:00,1.2315,1.2316,1.2314,1.2315,10
2005-06-08 04:56:00,1.2317,1.2318,1.2315,1.2315,14
2005-06-08 04:57:00,1.2317,1.2319,1.2317,1.2317,14
2005-06-08 04:58:00,1.2315,1.2317,1.2313,1.2317,29
2005-06-08 04:59:00,1.2314,1.2316,1.2314,1.2316,23
2005-06-08 05:00:00,1.2313,1.2314,1.2313,1.2314,9
2005-06-08 05:01:00,1.2313,1.2315,1.2313,1.2314,9
2005-06-08 05:02:00,1.2313,1.2314,1.2313,1.2313,12
2005-06-08 05:03:00,1.2314,1.2314,1.2313,1.2313,12
2005-06-08 05:04:00,1.2316,1.2317,1.2314,1.2314,10
2005-06-08 05:05:00,1.2318,1.2318,1.2316,1.2316,19
2005-06-08 05:06:00,1.2319,1.2319,1.2318,1.2318,10
2005-06-08 05:07:00,1.2319,1.232,1.2317,1.2319,17
2005-06-08 05:08:00,1.2317,1.2319,1.2317,1.2319,16
2005-06-08 05:09:00,1.2317,1.2317,1.2316,1.2316,11
2005-06-08 05:10:00,1.2319,1.2319,1.2317,1.2318,16
2005-06-08 05:11:00,1.2318,1.2319,1.2318,1.2319,7
2005-06-08 05:12:00,1.2318,1.2319,1.2318,1.2319,4
2005-06-08 05:13:00,1.2318,1.2318,1.2318,1.2318,2
2005-06-08 05:14:00,1.2318,1.2319,1.2318,1.2318,6
2005-06-08 05:15:00,1.2318,1.2318,1.2318,1.2318,6
2005-06-08 05:16:00,1.2318,1.2319,1.2318,1.2318,4
2005-06-08 05:17:00,1.232,1.232,1.2318,1.2318,5
2005-06-08 05:18:00,1.2318,1.232,1.2318,1.232,13
2005-06-08 05:19:00,1.2321,1.2323,1.2318,1.2318,35
2005-06-08 05:20:00,1.2322,1.2323,1.232,1.2322,18
2005-06-08 05:21:00,1.2324,1.2324,1.2321,1.2321,15
2005-06-08 05:22:00,1.2324,1.2324,1.2323,1.2323,14
2005-06-08 05:23:00,1.2327,1.2329,1.2325,1.2325,27
2005-06-08 05:24:00,1.23282,1.233,1.2327,1.2327,15
2005-06-08 05:25:00,1.23282,1.23282,1.23272,1.23272,25
2005-06-08 05:26:00,1.23272,1.23302,1.23272,1.23282,21
2005-06-08 05:27:00,1.23282,1.23292,1.23262,1.23262,24
2005-06-08 05:28:00,1.23282,1.23292,1.23272,1.23272,27
2005-06-08 05:29:00,1.23272,1.23302,1.23272,1.23282,15
2005-06-08 05:30:00,1.23282,1.23292,1.23272,1.23272,11
2005-06-08 05:31:00,1.23282,1.23292,1.23282,1.23282,8
2005-06-08 05:32:00,1.23272,1.23292,1.23272,1.23292,14
2005-06-08 05:33:00,1.23272,1.23272,1.23262,1.23272,5
2005-06-08 05:34:00,1.23272,1.23272,1.23262,1.23262,20
2005-06-08 05:35:00,1.23282,1.23282,1.23272,1.23272,6
2005-06-08 05:36:00,1.23252,1.23282,1.23242,1.23272,21
2005-06-08 05:37:00,1.23242,1.23252,1.23242,1.23242,10
2005-06-08 05:38:00,1.23252,1.23262,1.23252,1.23252,10
2005-06-08 05:39:00,1.23242,1.23252,1.23242,1.23252,12
2005-06-08 05:40:00,1.23252,1.23262,1.23242,1.23242,11
2005-06-08 05:41:00,1.23252,1.23262,1.23242,1.23242,11
2005-06-08 05:42:00,1.23252,1.23262,1.23252,1.23252,7
2005-06-08 05:43:00,1.23252,1.23262,1.23252,1.23252,4
2005-06-08 05:44:00,1.23252,1.23252,1.23252,1.23252,2
2005-06-08 05:45:00,1.23252,1.23252,1.23252,1.23252,2
2005-06-08 05:46:00,1.23242,1.23242,1.23232,1.23242,7
2005-06-08 05:47:00,1.23232,1.23232,1.23232,1.23232,3
2005-06-08 05:48:00,1.23222,1.23232,1.23222,1.23232,4
2005-06-08 05:49:00,1.23222,1.23222,1.23212,1.23222,8
2005-06-08 05:50:00,1.23202,1.23222,1.23202,1.23212,13
2005-06-08 05:51:00,1.23222,1.23222,1.23202,1.23202,11
2005-06-08 05:52:00,1.23222,1.23222,1.23212,1.23222,10
2005-06-08 05:53:00,1.23192,1.23222,1.23192,1.23222,10
2005-06-08 05:54:00,1.23202,1.23212,1.23192,1.23202,14
2005-06-08 05:55:00,1.23212,1.23212,1.23202,1.23202,6
2005-06-08 05:56:00,1.23212,1.23212,1.23202,1.23202,13
2005-06-08 05:57:00,1.23212,1.23212,1.23182,1.23202,27
2005-06-08 05:58:00,1.23222,1.23222,1.23202,1.23212,38
2005-06-08 05:59:00,1.23222,1.23222,1.23212,1.23222,38
2005-06-08 06:00:00,1.23232,1.23232,1.23222,1.23222,36
2005-06-08 06:01:00,1.23182,1.23232,1.23172,1.23232,52
2005-06-08 06:02:00,1.23192,1.23192,1.23172,1.23172,47
2005-06-08 06:03:00,1.23172,1.23192,1.23142,1.23192,48
2005-06-08 06:04:00,1.23172,1.23182,1.23172,1.23172,40
2005-06-08 06:05:00,1.23172,1.23172,1.23172,1.23172,19
2005-06-08 06:06:00,1.23132,1.23162,1.23122,1.23162,49
2005-06-08 06:07:00,1.23122,1.23162,1.23112,1.23122,43
2005-06-08 06:08:00,1.23132,1.23142,1.23122,1.23122,45
2005-06-08 06:09:00,1.23142,1.23152,1.23132,1.23132,37
2005-06-08 06:10:00,1.23132,1.23142,1.23122,1.23142,37
2005-06-08 06:11:00,1.23102,1.23132,1.23092,1.23132,36
2005-06-08 06:12:00,1.23092,1.23112,1.23072,1.23112,56
2005-06-08 06:13:00,1.23082,1.23102,1.23082,1.23092,48
2005-06-08 06:14:00,1.23102,1.23102,1.23062,1.23082,54
2005-06-08 06:15:00,1.23082,1.23112,1.23052,1.23102,53
2005-06-08 06:16:00,1.23092,1.23102,1.23072,1.23082,51
2005-06-08 06:17:00,1.23082,1.23092,1.23082,1.23092,38
2005-06-08 06:18:00,1.23092,1.23102,1.23082,1.23082,41
2005-06-08 06:19:00,1.23092,1.23092,1.23092,1.23092,29
2005-06-08 06:20:00,1.23112,1.23112,1.23092,1.23092,36
2005-06-08 06:21:00,1.23142,1.23162,1.23112,1.23112,55
2005-06-08 06:22:00,1.23152,1.23162,1.23142,1.23142,39
2005-06-08 06:23:00,1.23162,1.23172,1.23152,1.23152,41
2005-06-08 06:24:00,1.23182,1.23182,1.23162,1.23162,48
2005-06-08 06:25:00,1.23182,1.23212,1.23182,1.23182,46
2005-06-08 06:26:00,1.23232,1.23242,1.23162,1.23182,58
2005-06-08 06:27:00,1.23202,1.23242,1.23192,1.23232,57
2005-06-08 06:28:00,1.23232,1.23242,1.23202,1.23202,47
2005-06-08 06:29:00,1.23202,1.23242,1.23202,1.23232,50
2005-06-08 06:30:00,1.23202,1.23212,1.23182,1.23182,44
2005-06-08 06:31:00,1.23202,1.23222,1.23192,1.23202,56
2005-06-08 06:32:00,1.23182,1.23212,1.23182,1.23202,47
2005-06-08 06:33:00,1.23152,1.23182,1.23152,1.23182,44
2005-06-08 06:34:00,1.23132,1.23152,1.23122,1.23152,47
2005-06-08 06:35:00,1.23172,1.23172,1.23122,1.23132,50
2005-06-08 06:36:00,1.23152,1.23172,1.23142,1.23172,44
2005-06-08 06:37:00,1.23172,1.23182,1.23152,1.23152,42
2005-06-08 06:38:00,1.23142,1.23172,1.23142,1.23172,42
2005-06-08 06:39:00,1.23162,1.23162,1.23142,1.23142,40
2005-06-08 06:40:00,1.23142,1.23172,1.23142,1.23162,47
2005-06-08 06:41:00,1.23132,1.23152,1.23132,1.23142,43
2005-06-08 06:42:00,1.23122,1.23142,1.23122,1.23132,46
2005-06-08 06:43:00,1.23122,1.23132,1.23112,1.23122,44
2005-06-08 06:44:00,1.23142,1.23142,1.23122,1.23122,36
2005-06-08 06:45:00,1.23132,1.23142,1.23132,1.23142,38
2005-06-08 06:46:00,1.23132,1.23142,1.23122,1.23132,45
2005-06-08 06:47:00,1.23162,1.23162,1.23122,1.23132,42
2005-06-08 06:48:00,1.23152,1.23172,1.23142,1.23162,49
2005-06-08 06:49:00,1.23162,1.23162,1.23152,1.23152,35
2005-06-08 06:50:00,1.23152,1.23162,1.23152,1.23162,47
2005-06-08 06:51:00,1.23172,1.23172,1.23152,1.23152,35
2005-06-08 06:52:00,1.23162,1.23182,1.23162,1.23172,48
2005-06-08 06:53:00,1.23162,1.23172,1.23162,1.23162,32
2005-06-08 06:54:00,1.23192,1.23192,1.23162,1.23162,44
2005-06-08 06:55:00,1.23208,1.23208,1.23188,1.23192,40
2005-06-08 06:56:00,1.23218,1.23228,1.23208,1.23208,52
2005-06-08 06:57:00,1.23248,1.23258,1.23208,1.23218,43
2005-06-08 06:58:00,1.23258,1.23258,1.23228,1.23248,46
2005-06-08 06:59:00,1.23238,1.23258,1.23208,1.23248,45
2005-06-08 07:00:00,1.23248,1.23258,1.23238,1.23238,38
2005-06-08 07:01:00,1.23268,1.23278,1.23248,1.23248,49
2005-06-08 07:02:00,1.23268,1.23288,1.23248,1.23268,53
2005-06-08 07:03:00,1.23268,1.23278,1.23258,1.23268,41
2005-06-08 07:04:00,1.23258,1.23268,1.23248,1.23268,34
2005-06-08 07:05:00,1.23238,1.23258,1.23238,1.23258,40
2005-06-08 07:06:00,1.23228,1.23238,1.23218,1.23238,48
2005-06-08 07:07:00,1.23228,1.23238,1.23218,1.23238,37
2005-06-08 07:08:00,1.23238,1.23238,1.23218,1.23228,45
2005-06-08 07:09:00,1.23248,1.23248,1.23238,1.23238,38
2005-06-08 07:10:00,1.23248,1.23258,1.23248,1.23248,33
2005-06-08 07:11:00,1.23228,1.23258,1.23228,1.23248,45
2005-06-08 07:12:00,1.23198,1.23228,1.23198,1.23228,40
2005-06-08 07:13:00,1.23158,1.23198,1.23158,1.23198,37
2005-06-08 07:14:00,1.23168,1.23168,1.23148,1.23148,39
2005-06-08 07:15:00,1.23148,1.23168,1.23148,1.23168,46
2005-06-08 07:16:00,1.23138,1.23138,1.23128,1.23138,42
2005-06-08 07:17:00,1.23158,1.23158,1.23138,1.23138,37
2005-06-08 07:18:00,1.23158,1.23168,1.23158,1.23158,40
2005-06-08 07:19:00,1.23148,1.23158,1.23148,1.23158,23
2005-06-08 07:20:00,1.23148,1.23148,1.23148,1.23148,12
2005-06-08 07:21:00,1.23148,1.23148,1.23148,1.23148,16
2005-06-08 07:22:00,1.23138,1.23148,1.23128,1.23138,39
2005-06-08 07:23:00,1.23078,1.23138,1.23068,1.23138,47
2005-06-08 07:24:00,1.23038,1.23078,1.23038,1.23078,51
2005-06-08 07:25:00,1.23058,1.23058,1.22998,1.23028,54
2005-06-08 07:26:00,1.23078,1.23078,1.23048,1.23058,47
2005-06-08 07:27:00,1.23068,1.23078,1.23058,1.23078,48
2005-06-08 07:28:00,1.23088,1.23088,1.23068,1.23068,36
2005-06-08 07:29:00,1.23098,1.23098,1.23078,1.23088,35
2005-06-08 07:30:00,1.23088,1.23108,1.23088,1.23098,55
2005-06-08 07:31:00,1.23078,1.23098,1.23078,1.23098,41
2005-06-08 07:32:00,1.23088,1.23088,1.23078,1.23078,26
2005-06-08 07:33:00,1.23108,1.23108,1.23088,1.23088,36
2005-06-08 07:34:00,1.23108,1.23108,1.23098,1.23108,40
2005-06-08 07:35:00,1.23098,1.23108,1.23088,1.23108,43
2005-06-08 07:36:00,1.23098,1.23108,1.23098,1.23098,22
2005-06-08 07:37:00,1.23098,1.23098,1.23088,1.23098,21
2005-06-08 07:38:00,1.23078,1.23098,1.23078,1.23098,34
2005-06-08 07:39:00,1.23028,1.23078,1.23018,1.23078,46
2005-06-08 07:40:00,1.23038,1.23058,1.23018,1.23028,52
2005-06-08 07:41:00,1.23038,1.23038,1.23018,1.23038,47
2005-06-08 07:42:00,1.23068,1.23068,1.23028,1.23038,38
2005-06-08 07:43:00,1.23048,1.23068,1.23018,1.23068,47
2005-06-08 07:44:00,1.23034,1.23048,1.23034,1.23048,39
2005-06-08 07:45:00,1.23024,1.23034,1.23024,1.23034,29
2005-06-08 07:46:00,1.23014,1.23034,1.23014,1.23034,46
2005-06-08 07:47:00,1.23034,1.23034,1.23014,1.23014,36
2005-06-08 07:48:00,1.23044,1.23044,1.23034,1.23034,37
2005-06-08 07:49:00,1.23064,1.23064,1.23034,1.23044,38
2005-06-08 07:50:00,1.23084,1.23094,1.23064,1.23064,45
2005-06-08 07:51:00,1.23134,1.23144,1.23084,1.23084,47
2005-06-08 07:52:00,1.23134,1.23144,1.23134,1.23134,38
2005-06-08 07:53:00,1.23114,1.23134,1.23114,1.23134,34
2005-06-08 07:54:00,1.23124,1.23124,1.23114,1.23114,33
2005-06-08 07:55:00,1.23134,1.23134,1.23114,1.23124,47
2005-06-08 07:56:00,1.23124,1.23144,1.23114,1.23134,41
2005-06-08 07:57:00,1.23134,1.23134,1.23114,1.23124,30
2005-06-08 07:58:00,1.23144,1.23144,1.23134,1.23144,33
2005-06-08 07:59:00,1.23134,1.23144,1.23134,1.23144,21
2005-06-08 08:00:00,1.23134,1.23134,1.23134,1.23134,17
2005-06-08 08:01:00,1.23114,1.23134,1.23114,1.23134,33
2005-06-08 08:02:00,1.23104,1.23114,1.23104,1.23114,33
2005-06-08 08:03:00,1.23114,1.23114,1.23104,1.23104,23
2005-06-08 08:04:00,1.23114,1.23114,1.23114,1.23114,24
2005-06-08 08:05:00,1.23124,1.23124,1.23114,1.23114,13
2005-06-08 08:06:00,1.23134,1.23134,1.23124,1.23124,37
2005-06-08 08:07:00,1.23154,1.23154,1.23134,1.23134,44
2005-06-08 08:08:00,1.23134,1.23154,1.23134,1.23154,31
2005-06-08 08:09:00,1.23134,1.23134,1.23134,1.23134,13
2005-06-08 08:10:00,1.23134,1.23134,1.23134,1.23134,11
2005-06-08 08:11:00,1.23124,1.23134,1.23124,1.23134,32
2005-06-08 08:12:00,1.23124,1.23134,1.23124,1.23124,32
2005-06-08 08:13:00,1.23134,1.23134,1.23124,1.23124,31
2005-06-08 08:14:00,1.23154,1.23154,1.23134,1.23134,23
2005-06-08 08:15:00,1.23176,1.23194,1.23154,1.23154,56
2005-06-08 08:16:00,1.23186,1.23186,1.23166,1.23176,34
2005-06-08 08:17:00,1.23176,1.23186,1.23176,1.23186,21
2005-06-08 08:18:00,1.23176,1.23176,1.23176,1.23176,28
2005-06-08 08:19:00,1.23196,1.23196,1.23176,1.23176,37
2005-06-08 08:20:00,1.23186,1.23196,1.23176,1.23196,44
2005-06-08 08:21:00,1.23176,1.23186,1.23176,1.23186,26
2005-06-08 08:22:00,1.23176,1.23186,1.23176,1.23176,42
2005-06-08 08:23:00,1.23176,1.23186,1.23176,1.23176,25
2005-06-08 08:24:00,1.23176,1.23176,1.23176,1.23176,25
2005-06-08 08:25:00,1.23166,1.23176,1.23166,1.23176,11
2005-06-08 08:26:00,1.23156,1.23166,1.23136,1.23166,45
2005-06-08 08:27:00,1.23156,1.23156,1.23156,1.23156,23
2005-06-08 08:28:00,1.23156,1.23156,1.23146,1.23156,30
2005-06-08 08:29:00,1.23166,1.23176,1.23156,1.23156,37
2005-06-08 08:30:00,1.23176,1.23186,1.23166,1.23166,42
2005-06-08 08:31:00,1.23166,1.23176,1.23156,1.23176,35
2005-06-08 08:32:00,1.23166,1.23176,1.23166,1.23166,36
2005-06-08 08:33:00,1.23166,1.23166,1.23156,1.23166,26
2005-06-08 08:34:00,1.23156,1.23176,1.23156,1.23166,37
2005-06-08 08:35:00,1.23166,1.23166,1.23156,1.23156,24
2005-06-08 08:36:00,1.23176,1.23186,1.23166,1.23166,37
2005-06-08 08:37:00,1.23156,1.23176,1.23156,1.23176,41
2005-06-08 08:38:00,1.23166,1.23166,1.23156,1.23156,28
2005-06-08 08:39:00,1.23136,1.23166,1.23136,1.23166,48
2005-06-08 08:40:00,1.23106,1.23136,1.23106,1.23136,46
2005-06-08 08:41:00,1.23116,1.23126,1.23106,1.23106,40
2005-06-08 08:42:00,1.23116,1.23126,1.23106,1.23116,34
2005-06-08 08:43:00,1.23116,1.23116,1.23116,1.23116,20
2005-06-08 08:44:00,1.23116,1.23116,1.23116,1.23116,19
2005-06-08 08:45:00,1.23136,1.23136,1.23116,1.23116,28
2005-06-08 08:46:00,1.23126,1.23136,1.23126,1.23136,34
2005-06-08 08:47:00,1.23116,1.23136,1.23116,1.23126,34
2005-06-08 08:48:00,1.23106,1.23116,1.23106,1.23116,39
2005-06-08 08:49:00,1.23106,1.23106,1.23106,1.23106,19
2005-06-08 08:50:00,1.23116,1.23116,1.23086,1.23106,42
2005-06-08 08:51:00,1.23126,1.23126,1.23106,1.23116,43
2005-06-08 08:52:00,1.23126,1.23126,1.23126,1.23126,24
2005-06-08 08:53:00,1.23126,1.23126,1.23126,1.23126,8
2005-06-08 08:54:00,1.23126,1.23126,1.23126,1.23126,15
2005-06-08 08:55:00,1.23126,1.23126,1.23116,1.23126,17
2005-06-08 08:56:00,1.23126,1.23126,1.23116,1.23126,35
2005-06-08 08:57:00,1.23126,1.23126,1.23126,1.23126,19
2005-06-08 08:58:00,1.23126,1.23126,1.23116,1.23126,31
2005-06-08 08:59:00,1.23136,1.23136,1.23126,1.23126,37
2005-06-08 09:00:00,1.23126,1.23136,1.23126,1.23136,28
2005-06-08 09:01:00,1.23116,1.23126,1.23116,1.23126,28
2005-06-08 09:02:00,1.23126,1.23126,1.23116,1.23116,25
2005-06-08 09:03:00,1.23126,1.23126,1.23116,1.23126,23
2005-06-08 09:04:00,1.23106,1.23126,1.23106,1.23126,29
2005-06-08 09:05:00,1.23106,1.23106,1.23086,1.23106,27
2005-06-08 09:06:00,1.23116,1.23116,1.23106,1.23106,20
2005-06-08 09:07:00,1.23116,1.23116,1.23116,1.23116,18
2005-06-08 09:08:00,1.23106,1.23116,1.23106,1.23116,14
2005-06-08 09:09:00,1.23106,1.23106,1.23106,1.23106,19
2005-06-08 09:10:00,1.23106,1.23106,1.23106,1.23106,18
2005-06-08 09:11:00,1.23106,1.23116,1.23106,1.23106,25
2005-06-08 09:12:00,1.23106,1.23106,1.23106,1.23106,33
2005-06-08 09:13:00,1.23116,1.23116,1.23106,1.23106,28
2005-06-08 09:14:00,1.23126,1.23126,1.23106,1.23106,32
2005-06-08 09:15:00,1.23116,1.23126,1.23116,1.23126,30
2005-06-08 09:16:00,1.23132,1.23134,1.23116,1.23116,38
2005-06-08 09:17:00,1.23122,1.23132,1.23122,1.23132,20
2005-06-08 09:18:00,1.23122,1.23122,1.23112,1.23122,29
2005-06-08 09:19:00,1.23122,1.23122,1.23112,1.23122,22
2005-06-08 09:20:00,1.23122,1.23122,1.23112,1.23122,43
2005-06-08 09:21:00,1.23132,1.23132,1.23122,1.23122,28
2005-06-08 09:22:00,1.23142,1.23142,1.23132,1.23132,21
2005-06-08 09:23:00,1.23142,1.23142,1.23132,1.23142,27
2005-06-08 09:24:00,1.23142,1.23142,1.23132,1.23142,27
2005-06-08 09:25:00,1.23132,1.23142,1.23132,1.23142,15
2005-06-08 09:26:00,1.23142,1.23142,1.23132,1.23132,20
2005-06-08 09:27:00,1.23142,1.23142,1.23142,1.23142,17
2005-06-08 09:28:00,1.23152,1.23152,1.23142,1.23142,25
2005-06-08 09:29:00,1.23152,1.23152,1.23152,1.23152,11
2005-06-08 09:30:00,1.23152,1.23152,1.23142,1.23152,25
2005-06-08 09:31:00,1.23152,1.23152,1.23142,1.23142,21
2005-06-08 09:32:00,1.23142,1.23152,1.23142,1.23152,22
2005-06-08 09:33:00,1.23142,1.23152,1.23142,1.23142,26
2005-06-08 09:34:00,1.23142,1.23152,1.23142,1.23142,24
2005-06-08 09:35:00,1.23142,1.23142,1.23142,1.23142,9
2005-06-08 09:36:00,1.23192,1.23192,1.23142,1.23152,41
2005-06-08 09:37:00,1.23202,1.23212,1.23182,1.23192,49
2005-06-08 09:38:00,1.23198,1.23212,1.23188,1.23202,40
2005-06-08 09:39:00,1.23202,1.23202,1.23192,1.23198,22
2005-06-08 09:40:00,1.23192,1.23202,1.23192,1.23202,26
2005-06-08 09:41:00,1.23272,1.23272,1.23192,1.23192,54
2005-06-08 09:42:00,1.23284,1.23284,1.23262,1.23272,55
2005-06-08 09:43:00,1.23296,1.23322,1.23272,1.23284,53
2005-06-08 09:44:00,1.23296,1.23316,1.23286,1.23296,54
2005-06-08 09:45:00,1.23282,1.23326,1.23282,1.23306,40
2005-06-08 09:46:00,1.23292,1.23292,1.23282,1.23282,26
2005-06-08 09:47:00,1.23262,1.23302,1.23262,1.23292,38
2005-06-08 09:48:00,1.23312,1.23322,1.23262,1.23272,45
2005-06-08 09:49:00,1.23302,1.23322,1.23292,1.23312,55
2005-06-08 09:50:00,1.23292,1.23302,1.23282,1.23302,43
2005-06-08 09:51:00,1.23312,1.23322,1.23282,1.23292,53
2005-06-08 09:52:00,1.23292,1.23332,1.23292,1.23312,50
2005-06-08 09:53:00,1.23332,1.23332,1.23292,1.23292,42
2005-06-08 09:54:00,1.23312,1.23342,1.23302,1.23322,48
2005-06-08 09:55:00,1.23332,1.23332,1.23302,1.23312,41
2005-06-08 09:56:00,1.23322,1.23332,1.23312,1.23332,43
2005-06-08 09:57:00,1.23322,1.23332,1.23322,1.23322,35
2005-06-08 09:58:00,1.23352,1.23372,1.23322,1.23322,39
2005-06-08 09:59:00,1.23362,1.23382,1.23352,1.23352,53
2005-06-08 10:00:00,1.23372,1.23402,1.23352,1.23352,55
2005-06-08 10:01:00,1.23362,1.23372,1.23352,1.23372,55
2005-06-08 10:02:00,1.23352,1.23372,1.23352,1.23362,36
2005-06-08 10:03:00,1.23382,1.23382,1.23352,1.23352,42
2005-06-08 10:04:00,1.23352,1.23392,1.23352,1.23382,53
2005-06-08 10:05:00,1.23332,1.23352,1.23322,1.23352,51
2005-06-08 10:06:00,1.23332,1.23352,1.23332,1.23332,47
2005-06-08 10:07:00,1.23322,1.23332,1.23312,1.23332,37
2005-06-08 10:08:00,1.23332,1.23332,1.23322,1.23322,31
2005-06-08 10:09:00,1.23342,1.23342,1.23332,1.23332,23
2005-06-08 10:10:00,1.23332,1.23342,1.23322,1.23342,30
2005-06-08 10:11:00,1.23372,1.23372,1.23322,1.23332,55
2005-06-08 10:12:00,1.23402,1.23402,1.23372,1.23382,55
2005-06-08 10:13:00,1.23362,1.23402,1.23362,1.23392,59
2005-06-08 10:14:00,1.23372,1.23372,1.23342,1.23362,50
2005-06-08 10:15:00,1.23352,1.23402,1.23352,1.23372,53
2005-06-08 10:16:00,1.23366,1.23376,1.23352,1.23352,50
2005-06-08 10:17:00,1.23356,1.23366,1.23356,1.23366,29
2005-06-08 10:18:00,1.23356,1.23356,1.23346,1.23356,41
2005-06-08 10:19:00,1.23336,1.23346,1.23336,1.23346,38
2005-06-08 10:20:00,1.23366,1.23366,1.23336,1.23336,43
2005-06-08 10:21:00,1.23386,1.23406,1.23366,1.23366,42
2005-06-08 10:22:00,1.23376,1.23416,1.23376,1.23386,57
2005-06-08 10:23:00,1.23366,1.23386,1.23366,1.23376,39
2005-06-08 10:24:00,1.23326,1.23376,1.23326,1.23376,46
2005-06-08 10:25:00,1.23326,1.23336,1.23316,1.23326,44
2005-06-08 10:26:00,1.23316,1.23346,1.23316,1.23326,47
2005-06-08 10:27:00,1.23296,1.23316,1.23296,1.23316,38
2005-06-08 10:28:00,1.23296,1.23306,1.23296,1.23306,34
2005-06-08 10:29:00,1.23306,1.23306,1.23296,1.23296,39
2005-06-08 10:30:00,1.23346,1.23346,1.23306,1.23306,39
2005-06-08 10:31:00,1.23346,1.23356,1.23346,1.23346,39
2005-06-08 10:32:00,1.23346,1.23356,1.23326,1.23346,46
2005-06-08 10:33:00,1.23326,1.23346,1.23326,1.23346,33
2005-06-08 10:34:00,1.23316,1.23326,1.23316,1.23326,37
2005-06-08 10:35:00,1.23296,1.23326,1.23286,1.23316,30
2005-06-08 10:36:00,1.23276,1.23296,1.23266,1.23296,54
2005-06-08 10:37:00,1.23256,1.23276,1.23236,1.23266,53
2005-06-08 10:38:00,1.23246,1.23266,1.23246,1.23256,36
2005-06-08 10:39:00,1.23256,1.23276,1.23246,1.23246,39
2005-06-08 10:40:00,1.23236,1.23256,1.23216,1.23256,45
2005-06-08 10:41:00,1.23256,1.23256,1.23236,1.23236,39
2005-06-08 10:42:00,1.23276,1.23276,1.23256,1.23256,42
2005-06-08 10:43:00,1.23256,1.23276,1.23256,1.23276,40
2005-06-08 10:44:00,1.23262,1.23268,1.23256,1.23256,33
2005-06-08 10:45:00,1.23272,1.23272,1.23262,1.23262,17
2005-06-08 10:46:00,1.23272,1.23272,1.23262,1.23272,31
2005-06-08 10:47:00,1.23252,1.23272,1.23252,1.23272,37
2005-06-08 10:48:00,1.23232,1.23252,1.23222,1.23252,43
2005-06-08 10:49:00,1.23252,1.23252,1.23232,1.23232,36
2005-06-08 10:50:00,1.23262,1.23262,1.23252,1.23252,28
2005-06-08 10:51:00,1.23272,1.23272,1.23262,1.23262,36
2005-06-08 10:52:00,1.23272,1.23282,1.23262,1.23262,43
2005-06-08 10:53:00,1.23252,1.23282,1.23242,1.23272,49
2005-06-08 10:54:00,1.23252,1.23262,1.23252,1.23252,40
2005-06-08 10:55:00,1.23242,1.23252,1.23242,1.23252,28
2005-06-08 10:56:00,1.23242,1.23242,1.23232,1.23242,45
2005-06-08 10:57:00,1.23242,1.23252,1.23242,1.23242,36
2005-06-08 10:58:00,1.23242,1.23252,1.23242,1.23242,39
2005-06-08 10:59:00,1.23252,1.23262,1.23242,1.23242,43
2005-06-08 11:00:00,1.23272,1.23272,1.23262,1.23262,28
2005-06-08 11:01:00,1.23262,1.23272,1.23262,1.23272,40
2005-06-08 11:02:00,1.23252,1.23262,1.23252,1.23262,26
2005-06-08 11:03:00,1.23272,1.23272,1.23252,1.23252,40
2005-06-08 11:04:00,1.23282,1.23282,1.23272,1.23272,35
2005-06-08 11:05:00,1.23282,1.23292,1.23272,1.23282,43
2005-06-08 11:06:00,1.23272,1.23282,1.23272,1.23282,36
2005-06-08 11:07:00,1.23272,1.23272,1.23272,1.23272,11
2005-06-08 11:08:00,1.23292,1.23292,1.23272,1.23272,29
2005-06-08 11:09:00,1.23298,1.23308,1.23288,1.23298,21
2005-06-08 11:10:00,1.23288,1.23318,1.23288,1.23298,52
2005-06-08 11:11:00,1.23278,1.23298,1.23278,1.23288,38
2005-06-08 11:12:00,1.23258,1.23278,1.23258,1.23278,43
2005-06-08 11:13:00,1.23258,1.23268,1.23248,1.23258,28
2005-06-08 11:14:00,1.23288,1.23298,1.23258,1.23258,42
2005-06-08 11:15:00,1.23298,1.23298,1.23288,1.23288,40
2005-06-08 11:16:00,1.23288,1.23298,1.23288,1.23298,29
2005-06-08 11:17:00,1.23288,1.23298,1.23288,1.23288,36
2005-06-08 11:18:00,1.23288,1.23288,1.23278,1.23288,21
2005-06-08 11:19:00,1.23278,1.23288,1.23268,1.23288,32
2005-06-08 11:20:00,1.23268,1.23268,1.23258,1.23268,35
2005-06-08 11:21:00,1.23258,1.23268,1.23258,1.23268,31
2005-06-08 11:22:00,1.23258,1.23268,1.23258,1.23258,32
2005-06-08 11:23:00,1.23248,1.23258,1.23248,1.23258,32
2005-06-08 11:24:00,1.23258,1.23258,1.23248,1.23248,28
2005-06-08 11:25:00,1.23238,1.23258,1.23238,1.23258,47
2005-06-08 11:26:00,1.23238,1.23248,1.23238,1.23238,36
2005-06-08 11:27:00,1.23258,1.23258,1.23238,1.23238,38
2005-06-08 11:28:00,1.23268,1.23268,1.23258,1.23258,33
2005-06-08 11:29:00,1.23268,1.23268,1.23258,1.23268,29
2005-06-08 11:30:00,1.23238,1.23268,1.23238,1.23268,29
2005-06-08 11:31:00,1.23208,1.23238,1.23198,1.23238,49
2005-06-08 11:32:00,1.23218,1.23228,1.23208,1.23208,45
2005-06-08 11:33:00,1.23228,1.23228,1.23218,1.23218,25
2005-06-08 11:34:00,1.23238,1.23238,1.23228,1.23228,36
2005-06-08 11:35:00,1.23238,1.23238,1.23238,1.23238,16
2005-06-08 11:36:00,1.23248,1.23248,1.23238,1.23238,26
2005-06-08 11:37:00,1.23248,1.23248,1.23248,1.23248,24
2005-06-08 11:38:00,1.23258,1.23258,1.23248,1.23248,30
2005-06-08 11:39:00,1.23268,1.23268,1.23258,1.23258,42
2005-06-08 11:40:00,1.23268,1.23278,1.23268,1.23268,37
2005-06-08 11:41:00,1.23268,1.23278,1.23268,1.23268,30
2005-06-08 11:42:00,1.23268,1.23268,1.23268,1.23268,10
2005-06-08 11:43:00,1.23268,1.23278,1.23268,1.23268,9
2005-06-08 11:44:00,1.23278,1.23278,1.23268,1.23268,32
2005-06-08 11:45:00,1.23318,1.23328,1.23278,1.23278,43
2005-06-08 11:46:00,1.23318,1.23328,1.23318,1.23318,51
2005-06-08 11:47:00,1.23308,1.23318,1.23308,1.23318,38
2005-06-08 11:48:00,1.23298,1.23318,1.23298,1.23308,39
2005-06-08 11:49:00,1.23308,1.23318,1.23298,1.23308,40
2005-06-08 11:50:00,1.23298,1.23308,1.23298,1.23308,32
2005-06-08 11:51:00,1.23288,1.23298,1.23288,1.23298,26
2005-06-08 11:52:00,1.23288,1.23288,1.23278,1.23288,27
2005-06-08 11:53:00,1.23278,1.23288,1.23268,1.23288,38
2005-06-08 11:54:00,1.23268,1.23278,1.23268,1.23278,23
2005-06-08 11:55:00,1.23268,1.23268,1.23258,1.23268,21
2005-06-08 11:56:00,1.23268,1.23268,1.23258,1.23258,44
2005-06-08 11:57:00,1.23258,1.23268,1.23258,1.23268,20
2005-06-08 11:58:00,1.23258,1.23258,1.23258,1.23258,10
2005-06-08 11:59:00,1.23238,1.23258,1.23228,1.23258,32
2005-06-08 12:00:00,1.23228,1.23238,1.23218,1.23238,34
2005-06-08 12:01:00,1.23228,1.23228,1.23228,1.23228,27
2005-06-08 12:02:00,1.23218,1.23238,1.23218,1.23228,32
2005-06-08 12:03:00,1.23208,1.23218,1.23198,1.23218,53
2005-06-08 12:04:00,1.23238,1.23238,1.23198,1.23208,39
2005-06-08 12:05:00,1.23258,1.23268,1.23238,1.23238,38
2005-06-08 12:06:00,1.23258,1.23278,1.23258,1.23268,32
2005-06-08 12:07:00,1.23278,1.23278,1.23258,1.23258,34
2005-06-08 12:08:00,1.23278,1.23278,1.23258,1.23278,33
2005-06-08 12:09:00,1.23318,1.23318,1.23278,1.23278,47
2005-06-08 12:10:00,1.23298,1.23328,1.23288,1.23318,43
2005-06-08 12:11:00,1.23278,1.23298,1.23278,1.23298,44
2005-06-08 12:12:00,1.23258,1.23278,1.23258,1.23278,47
2005-06-08 12:13:00,1.23248,1.23258,1.23238,1.23258,34
2005-06-08 12:14:00,1.23238,1.23248,1.23238,1.23248,36
2005-06-08 12:15:00,1.23238,1.23248,1.23228,1.23238,44
2005-06-08 12:16:00,1.23268,1.23268,1.23238,1.23238,36
2005-06-08 12:17:00,1.23258,1.23268,1.23258,1.23268,20
2005-06-08 12:18:00,1.23258,1.23268,1.23248,1.23258,35
2005-06-08 12:19:00,1.23258,1.23268,1.23258,1.23258,35
2005-06-08 12:20:00,1.23238,1.23258,1.23238,1.23258,35
2005-06-08 12:21:00,1.23228,1.23238,1.23228,1.23238,18
2005-06-08 12:22:00,1.23238,1.23238,1.23218,1.23228,44
2005-06-08 12:23:00,1.23268,1.23268,1.23238,1.23238,37
2005-06-08 12:24:00,1.23258,1.23268,1.23238,1.23268,44
2005-06-08 12:25:00,1.23258,1.23268,1.23248,1.23258,42
2005-06-08 12:26:00,1.23268,1.23268,1.23258,1.23258,34
2005-06-08 12:27:00,1.23248,1.23268,1.23248,1.23268,25
2005-06-08 12:28:00,1.23258,1.23258,1.23238,1.23248,40
2005-06-08 12:29:00,1.23248,1.23258,1.23248,1.23258,32
2005-06-08 12:30:00,1.23258,1.23258,1.23248,1.23248,27
2005-06-08 12:31:00,1.23248,1.23258,1.23248,1.23258,31
2005-06-08 12:32:00,1.23248,1.23248,1.23228,1.23248,45
2005-06-08 12:33:00,1.23218,1.23248,1.23218,1.23248,38
2005-06-08 12:34:00,1.23218,1.23228,1.23218,1.23228,35
2005-06-08 12:35:00,1.23178,1.23208,1.23168,1.23208,46
2005-06-08 12:36:00,1.23188,1.23188,1.23178,1.23178,47
2005-06-08 12:37:00,1.23188,1.23198,1.23188,1.23188,36
2005-06-08 12:38:00,1.23198,1.23198,1.23178,1.23188,41
2005-06-08 12:39:00,1.23198,1.23208,1.23198,1.23198,32
2005-06-08 12:40:00,1.23208,1.23218,1.23188,1.23198,48
2005-06-08 12:41:00,1.23208,1.23228,1.23198,1.23208,29
2005-06-08 12:42:00,1.23218,1.23228,1.23198,1.23198,50
2005-06-08 12:43:00,1.23228,1.23228,1.23208,1.23228,40
2005-06-08 12:44:00,1.23208,1.23228,1.23208,1.23228,31
2005-06-08 12:45:00,1.23173,1.23208,1.23167,1.23208,36
2005-06-08 12:46:00,1.23188,1.23188,1.23173,1.23173,38
2005-06-08 12:47:00,1.23228,1.23228,1.23188,1.23188,43
2005-06-08 12:48:00,1.23218,1.23228,1.23218,1.23218,36
2005-06-08 12:49:00,1.23218,1.23238,1.23218,1.23218,39
2005-06-08 12:50:00,1.23218,1.23228,1.23218,1.23218,48
2005-06-08 12:51:00,1.23218,1.23218,1.23218,1.23218,15
2005-06-08 12:52:00,1.23228,1.23228,1.23218,1.23218,31
2005-06-08 12:53:00,1.23218,1.23228,1.23218,1.23228,23
2005-06-08 12:54:00,1.23187,1.23218,1.23178,1.23218,50
2005-06-08 12:55:00,1.23184,1.23194,1.23184,1.23187,37
2005-06-08 12:56:00,1.23168,1.23184,1.23168,1.23174,45
2005-06-08 12:57:00,1.23178,1.23178,1.23168,1.23168,31
2005-06-08 12:58:00,1.23158,1.23178,1.23158,1.23178,42
2005-06-08 12:59:00,1.23144,1.23158,1.23138,1.23158,33
2005-06-08 13:00:00,1.23144,1.23154,1.23134,1.23144,46
2005-06-08 13:01:00,1.23124,1.23144,1.23124,1.23144,42
2005-06-08 13:02:00,1.23154,1.23154,1.23124,1.23124,44
2005-06-08 13:03:00,1.23154,1.23164,1.23154,1.23154,36
2005-06-08 13:04:00,1.23154,1.23164,1.23154,1.23154,36
2005-06-08 13:05:00,1.23144,1.23154,1.23144,1.23154,46
2005-06-08 13:06:00,1.23144,1.23154,1.23144,1.23144,44
2005-06-08 13:07:00,1.23164,1.23164,1.23154,1.23154,39
2005-06-08 13:08:00,1.23164,1.23164,1.23154,1.23164,22
2005-06-08 13:09:00,1.23164,1.23164,1.23154,1.23164,28
2005-06-08 13:10:00,1.23164,1.23174,1.23164,1.23164,35
2005-06-08 13:11:00,1.23184,1.23184,1.23164,1.23164,37
2005-06-08 13:12:00,1.23168,1.23184,1.23168,1.23184,36
2005-06-08 13:13:00,1.23148,1.23168,1.23148,1.23168,32
2005-06-08 13:14:00,1.23148,1.23148,1.23148,1.23148,23
2005-06-08 13:15:00,1.23168,1.23168,1.23148,1.23148,32
2005-06-08 13:16:00,1.23158,1.23168,1.23158,1.23168,39
2005-06-08 13:17:00,1.23178,1.23178,1.23168,1.23168,32
2005-06-08 13:18:00,1.23178,1.23178,1.23158,1.23178,30
2005-06-08 13:19:00,1.23188,1.23188,1.23178,1.23188,42
2005-06-08 13:20:00,1.23168,1.23188,1.23168,1.23188,37
2005-06-08 13:21:00,1.23178,1.23178,1.23168,1.23168,33
2005-06-08 13:22:00,1.23198,1.23198,1.23178,1.23178,30
2005-06-08 13:23:00,1.23208,1.23218,1.23198,1.23198,39
2005-06-08 13:24:00,1.23218,1.23228,1.23208,1.23208,52
2005-06-08 13:25:00,1.23258,1.23258,1.23218,1.23218,58
2005-06-08 13:26:00,1.23248,1.23278,1.23248,1.23258,44
2005-06-08 13:27:00,1.23258,1.23258,1.23248,1.23248,32
2005-06-08 13:28:00,1.23218,1.23258,1.23218,1.23258,35
2005-06-08 13:29:00,1.23218,1.23228,1.23208,1.23228,39
2005-06-08 13:30:00,1.23238,1.23238,1.23218,1.23218,35
2005-06-08 13:31:00,1.23198,1.23238,1.23188,1.23238,51
2005-06-08 13:32:00,1.23188,1.23208,1.23178,1.23198,53
2005-06-08 13:33:00,1.23178,1.23188,1.23178,1.23178,43
2005-06-08 13:34:00,1.23178,1.23188,1.23168,1.23178,45
2005-06-08 13:35:00,1.23178,1.23188,1.23178,1.23178,20
2005-06-08 13:36:00,1.23168,1.23188,1.23168,1.23178,37
2005-06-08 13:37:00,1.23158,1.23168,1.23148,1.23158,43
2005-06-08 13:38:00,1.23158,1.23158,1.23148,1.23158,40
2005-06-08 13:39:00,1.2315,1.2316,1.2315,1.2316,31
2005-06-08 13:40:00,1.23134,1.2316,1.2313,1.2316,47
2005-06-08 13:41:00,1.23164,1.23164,1.23134,1.23134,40
2005-06-08 13:42:00,1.23164,1.23164,1.23134,1.23164,52
2005-06-08 13:43:00,1.23164,1.23164,1.23164,1.23164,23
2005-06-08 13:44:00,1.23154,1.23174,1.23154,1.23164,35
2005-06-08 13:45:00,1.23164,1.23164,1.23124,1.23154,46
2005-06-08 13:46:00,1.23194,1.23194,1.23164,1.23164,33
2005-06-08 13:47:00,1.23188,1.23198,1.23174,1.23194,43
2005-06-08 13:48:00,1.23168,1.23188,1.23158,1.23188,40
2005-06-08 13:49:00,1.23168,1.23178,1.23168,1.23168,24
2005-06-08 13:50:00,1.23158,1.23178,1.23158,1.23168,34
2005-06-08 13:51:00,1.23168,1.23188,1.23148,1.23168,47
2005-06-08 13:52:00,1.23178,1.23178,1.23168,1.23168,21
2005-06-08 13:53:00,1.23178,1.23178,1.23168,1.23178,31
2005-06-08 13:54:00,1.23218,1.23238,1.23188,1.23188,41
2005-06-08 13:55:00,1.23248,1.23248,1.23208,1.23218,44
2005-06-08 13:56:00,1.23248,1.23288,1.23238,1.23248,45
2005-06-08 13:57:00,1.23254,1.23264,1.23244,1.23248,34
2005-06-08 13:58:00,1.23274,1.23274,1.23244,1.23254,32
2005-06-08 13:59:00,1.2325,1.23294,1.2325,1.23274,50
2005-06-08 14:00:00,1.2323,1.2326,1.2321,1.2325,51
2005-06-08 14:01:00,1.23278,1.23288,1.2323,1.2323,54
2005-06-08 14:02:00,1.23248,1.23288,1.23238,1.23278,48
2005-06-08 14:03:00,1.23258,1.23258,1.23238,1.23248,33
2005-06-08 14:04:00,1.23268,1.23278,1.23248,1.23258,49
2005-06-08 14:05:00,1.23258,1.23278,1.23258,1.23268,44
2005-06-08 14:06:00,1.23238,1.23258,1.23228,1.23258,40
2005-06-08 14:07:00,1.23228,1.23238,1.23228,1.23238,34
2005-06-08 14:08:00,1.23238,1.23238,1.23228,1.23228,29
2005-06-08 14:09:00,1.23238,1.23238,1.23228,1.23238,32
2005-06-08 14:10:00,1.23258,1.23268,1.23238,1.23238,41
2005-06-08 14:11:00,1.23248,1.23258,1.23238,1.23258,32
2005-06-08 14:12:00,1.23248,1.23248,1.23248,1.23248,31
2005-06-08 14:13:00,1.23258,1.23268,1.23248,1.23248,47
2005-06-08 14:14:00,1.23258,1.23268,1.23258,1.23258,18
2005-06-08 14:15:00,1.23258,1.23258,1.23248,1.23258,23
2005-06-08 14:16:00,1.23258,1.23258,1.23258,1.23258,11
2005-06-08 14:17:00,1.23268,1.23268,1.23258,1.23258,15
2005-06-08 14:18:00,1.2328,1.23288,1.23268,1.23268,46
2005-06-08 14:19:00,1.23318,1.23328,1.2328,1.2328,61
2005-06-08 14:20:00,1.23308,1.23318,1.23298,1.23318,35
2005-06-08 14:21:00,1.23268,1.23298,1.23268,1.23298,39
2005-06-08 14:22:00,1.23258,1.23278,1.23258,1.23268,52
2005-06-08 14:23:00,1.23288,1.23288,1.23258,1.23258,21
2005-06-08 14:24:00,1.23278,1.23288,1.23268,1.23288,36
2005-06-08 14:25:00,1.23288,1.23298,1.23278,1.23278,24
2005-06-08 14:26:00,1.23278,1.23298,1.23278,1.23288,30
2005-06-08 14:27:00,1.23258,1.23278,1.23258,1.23278,31
2005-06-08 14:28:00,1.23258,1.23258,1.23258,1.23258,24
2005-06-08 14:29:00,1.23268,1.23278,1.23248,1.23248,40
2005-06-08 14:30:00,1.23304,1.23308,1.23268,1.23268,48
2005-06-08 14:31:00,1.23284,1.23314,1.23264,1.23304,55
2005-06-08 14:32:00,1.23298,1.23314,1.23274,1.23284,42
2005-06-08 14:33:00,1.23306,1.23316,1.23296,1.23296,40
2005-06-08 14:34:00,1.23286,1.23306,1.23286,1.23306,34
2005-06-08 14:35:00,1.23308,1.23308,1.23286,1.23296,57
2005-06-08 14:36:00,1.23288,1.23308,1.23288,1.23308,47
2005-06-08 14:37:00,1.23268,1.23288,1.23268,1.23288,22
2005-06-08 14:38:00,1.23238,1.23268,1.23238,1.23268,47
2005-06-08 14:39:00,1.23234,1.23238,1.23208,1.23238,36
2005-06-08 14:40:00,1.23224,1.23244,1.23214,1.23234,49
2005-06-08 14:41:00,1.23224,1.23234,1.23214,1.23224,46
2005-06-08 14:42:00,1.23244,1.23254,1.23224,1.23224,42
2005-06-08 14:43:00,1.23234,1.23244,1.23234,1.23244,30
2005-06-08 14:44:00,1.23224,1.23234,1.23224,1.23234,16
2005-06-08 14:45:00,1.23224,1.23234,1.23224,1.23224,29
2005-06-08 14:46:00,1.23234,1.23234,1.23214,1.23224,44
2005-06-08 14:47:00,1.23234,1.23234,1.23224,1.23234,30
2005-06-08 14:48:00,1.23244,1.23244,1.23224,1.23234,21
2005-06-08 14:49:00,1.23234,1.23244,1.23234,1.23244,18
2005-06-08 14:50:00,1.23224,1.23234,1.23224,1.23234,16
2005-06-08 14:51:00,1.23204,1.23224,1.23204,1.23224,31
2005-06-08 14:52:00,1.23224,1.23234,1.23204,1.23204,46
2005-06-08 14:53:00,1.23234,1.23244,1.23224,1.23224,38
2005-06-08 14:54:00,1.23244,1.23244,1.23234,1.23234,25
2005-06-08 14:55:00,1.23234,1.23254,1.23234,1.23244,35
2005-06-08 14:56:00,1.23264,1.23264,1.23244,1.23244,30
2005-06-08 14:57:00,1.23292,1.23292,1.23264,1.23264,37
2005-06-08 14:58:00,1.23288,1.23288,1.23268,1.23282,53
2005-06-08 14:59:00,1.23288,1.23288,1.23268,1.23288,43
2005-06-08 15:00:00,1.23298,1.23298,1.23268,1.23288,42
2005-06-08 15:01:00,1.23248,1.23298,1.23248,1.23298,42
2005-06-08 15:02:00,1.23248,1.23248,1.23238,1.23248,31
2005-06-08 15:03:00,1.23258,1.23258,1.23248,1.23248,20
2005-06-08 15:04:00,1.23228,1.23258,1.23228,1.23258,26
2005-06-08 15:05:00,1.23248,1.23248,1.23228,1.23228,14
2005-06-08 15:06:00,1.23268,1.23268,1.23248,1.23248,42
2005-06-08 15:07:00,1.23278,1.23278,1.23258,1.23268,43
2005-06-08 15:08:00,1.23268,1.23278,1.23268,1.23278,34
2005-06-08 15:09:00,1.23292,1.23292,1.23268,1.23268,34
2005-06-08 15:10:00,1.23302,1.23302,1.23282,1.23292,43
2005-06-08 15:11:00,1.23302,1.23312,1.23302,1.23302,32
2005-06-08 15:12:00,1.23292,1.23302,1.23282,1.23302,37
2005-06-08 15:13:00,1.23282,1.23292,1.23282,1.23292,30
2005-06-08 15:14:00,1.23262,1.23282,1.23262,1.23282,23
2005-06-08 15:15:00,1.23282,1.23282,1.23272,1.23272,26
2005-06-08 15:16:00,1.23292,1.23292,1.23282,1.23282,32
2005-06-08 15:17:00,1.23262,1.23292,1.23262,1.23292,28
2005-06-08 15:18:00,1.23272,1.23272,1.23262,1.23262,15
2005-06-08 15:19:00,1.23282,1.23282,1.23272,1.23272,13
2005-06-08 15:20:00,1.23302,1.23302,1.23282,1.23282,38
2005-06-08 15:21:00,1.23282,1.23302,1.23282,1.23302,33
2005-06-08 15:22:00,1.23282,1.23282,1.23272,1.23282,33
2005-06-08 15:23:00,1.23314,1.23332,1.23282,1.23282,46
2005-06-08 15:24:00,1.2331,1.23314,1.233,1.23314,39
2005-06-08 15:25:00,1.2332,1.2332,1.233,1.2331,46
2005-06-08 15:26:00,1.2333,1.2334,1.2332,1.2332,48
2005-06-08 15:27:00,1.2332,1.2332,1.2331,1.2332,41
2005-06-08 15:28:00,1.233,1.2332,1.233,1.2332,38
2005-06-08 15:29:00,1.2332,1.2332,1.233,1.233,39
2005-06-08 15:30:00,1.2331,1.2334,1.2331,1.2332,43
2005-06-08 15:31:00,1.2331,1.2333,1.2331,1.2332,30
2005-06-08 15:32:00,1.2332,1.2333,1.2331,1.2331,31
2005-06-08 15:33:00,1.2331,1.2332,1.2331,1.2332,35
2005-06-08 15:34:00,1.2327,1.2331,1.2327,1.2331,43
2005-06-08 15:35:00,1.2326,1.2327,1.2325,1.2327,45
2005-06-08 15:36:00,1.2326,1.2327,1.2326,1.2326,37
2005-06-08 15:37:00,1.2321,1.2326,1.2321,1.2326,47
2005-06-08 15:38:00,1.2325,1.2325,1.232,1.2321,49
2005-06-08 15:39:00,1.2327,1.2327,1.2325,1.2325,35
2005-06-08 15:40:00,1.23284,1.23294,1.23264,1.2327,36
2005-06-08 15:41:00,1.2336,1.2343,1.23284,1.23284,56
2005-06-08 15:42:00,1.2334,1.2337,1.2334,1.2336,52
2005-06-08 15:43:00,1.23338,1.23346,1.2332,1.2333,44
2005-06-08 15:44:00,1.23348,1.23368,1.23328,1.23338,45
2005-06-08 15:45:00,1.23378,1.23388,1.23348,1.23348,48
2005-06-08 15:46:00,1.23446,1.23476,1.23378,1.23388,66
2005-06-08 15:47:00,1.23496,1.23526,1.23416,1.23446,56
2005-06-08 15:48:00,1.23416,1.23496,1.23416,1.23486,51
2005-06-08 15:49:00,1.23396,1.23446,1.23386,1.23406,49
2005-06-08 15:50:00,1.23352,1.23396,1.23316,1.23396,41
2005-06-08 15:51:00,1.23304,1.23362,1.23282,1.23362,49
2005-06-08 15:52:00,1.23284,1.23314,1.23234,1.23294,53
2005-06-08 15:53:00,1.23284,1.23304,1.23284,1.23284,48
2005-06-08 15:54:00,1.23286,1.23306,1.23284,1.23284,42
2005-06-08 15:55:00,1.23276,1.23296,1.23256,1.23286,41
2005-06-08 15:56:00,1.2321,1.23266,1.23196,1.23266,48
2005-06-08 15:57:00,1.2321,1.2321,1.2316,1.232,46
2005-06-08 15:58:00,1.2318,1.2321,1.2314,1.2321,48
2005-06-08 15:59:00,1.232,1.2322,1.2317,1.2318,49
2005-06-08 16:00:00,1.2321,1.2321,1.2319,1.232,49
2005-06-08 16:01:00,1.23192,1.23202,1.23192,1.232,34
2005-06-08 16:02:00,1.23212,1.23222,1.23182,1.23192,42
2005-06-08 16:03:00,1.23212,1.23212,1.23192,1.23212,41
2005-06-08 16:04:00,1.23172,1.23222,1.23172,1.23212,46
2005-06-08 16:05:00,1.23152,1.23182,1.23132,1.23172,54
2005-06-08 16:06:00,1.23182,1.23182,1.23152,1.23152,42
2005-06-08 16:07:00,1.23202,1.23202,1.23162,1.23192,46
2005-06-08 16:08:00,1.23184,1.23202,1.23174,1.23202,50
2005-06-08 16:09:00,1.23194,1.23206,1.23174,1.23184,43
2005-06-08 16:10:00,1.23194,1.23204,1.23194,1.23204,33
2005-06-08 16:11:00,1.23184,1.23194,1.23184,1.23194,25
2005-06-08 16:12:00,1.23144,1.23184,1.23134,1.23184,39
2005-06-08 16:13:00,1.23134,1.23154,1.23134,1.23144,51
2005-06-08 16:14:00,1.23114,1.23134,1.23114,1.23124,31
2005-06-08 16:15:00,1.23034,1.23114,1.23024,1.23114,56
2005-06-08 16:16:00,1.23054,1.23074,1.23024,1.23034,47
2005-06-08 16:17:00,1.23054,1.23064,1.23044,1.23054,38
2005-06-08 16:18:00,1.23074,1.23074,1.23044,1.23064,45
2005-06-08 16:19:00,1.23074,1.23094,1.23054,1.23074,40
2005-06-08 16:20:00,1.23084,1.23094,1.23074,1.23074,51
2005-06-08 16:21:00,1.23064,1.23104,1.23064,1.23084,48
2005-06-08 16:22:00,1.23074,1.23074,1.23054,1.23064,36
2005-06-08 16:23:00,1.23054,1.23084,1.23054,1.23074,36
2005-06-08 16:24:00,1.23068,1.23068,1.23044,1.23054,42
2005-06-08 16:25:00,1.23078,1.23088,1.23068,1.23068,45
2005-06-08 16:26:00,1.23108,1.23108,1.23078,1.23078,34
2005-06-08 16:27:00,1.23096,1.23108,1.23096,1.23108,37
2005-06-08 16:28:00,1.23096,1.23096,1.23096,1.23096,24
2005-06-08 16:29:00,1.23098,1.23108,1.23086,1.23096,46
2005-06-08 16:30:00,1.2309,1.231,1.2308,1.23088,45
2005-06-08 16:31:00,1.231,1.231,1.2309,1.2309,29
2005-06-08 16:32:00,1.2306,1.2309,1.2306,1.2309,47
2005-06-08 16:33:00,1.23066,1.23076,1.23056,1.2306,42
2005-06-08 16:34:00,1.23036,1.23066,1.23036,1.23066,30
2005-06-08 16:35:00,1.23036,1.23046,1.23026,1.23036,50
2005-06-08 16:36:00,1.22996,1.23046,1.22986,1.23046,35
2005-06-08 16:37:00,1.22936,1.23006,1.22936,1.22996,43
2005-06-08 16:38:00,1.22946,1.22966,1.22936,1.22946,41
2005-06-08 16:39:00,1.22926,1.22946,1.22926,1.22946,21
2005-06-08 16:40:00,1.22936,1.22946,1.22926,1.22926,37
2005-06-08 16:41:00,1.22866,1.22926,1.22866,1.22926,51
2005-06-08 16:42:00,1.22896,1.22896,1.22866,1.22866,42
2005-06-08 16:43:00,1.22856,1.22896,1.22846,1.22896,60
2005-06-08 16:44:00,1.22866,1.22876,1.22846,1.22856,44
2005-06-08 16:45:00,1.22906,1.22926,1.22866,1.22866,45
2005-06-08 16:46:00,1.22886,1.22916,1.22866,1.22906,55
2005-06-08 16:47:00,1.22886,1.22886,1.22866,1.22886,33
2005-06-08 16:48:00,1.22886,1.22906,1.22886,1.22886,50
2005-06-08 16:49:00,1.22886,1.22886,1.22856,1.22886,43
2005-06-08 16:50:00,1.22866,1.22896,1.22866,1.22886,41
2005-06-08 16:51:00,1.22886,1.22886,1.22866,1.22866,27
2005-06-08 16:52:00,1.22916,1.22916,1.22886,1.22886,43
2005-06-08 16:53:00,1.22906,1.22916,1.22886,1.22916,44
2005-06-08 16:54:00,1.22896,1.22916,1.22896,1.22906,35
2005-06-08 16:55:00,1.22886,1.22896,1.22886,1.22896,43
2005-06-08 16:56:00,1.22916,1.22916,1.22886,1.22886,38
2005-06-08 16:57:00,1.22866,1.22916,1.22866,1.22916,47
2005-06-08 16:58:00,1.22856,1.22886,1.22846,1.22866,44
2005-06-08 16:59:00,1.22846,1.22856,1.22836,1.22856,36
2005-06-08 17:00:00,1.22866,1.22866,1.22816,1.22846,42
2005-06-08 17:01:00,1.22846,1.22856,1.22846,1.22856,29
2005-06-08 17:02:00,1.22854,1.22856,1.22846,1.22846,22
2005-06-08 17:03:00,1.22854,1.22854,1.22844,1.22854,18
2005-06-08 17:04:00,1.22844,1.22854,1.22834,1.22854,37
2005-06-08 17:05:00,1.22844,1.22854,1.22844,1.22854,36
2005-06-08 17:06:00,1.2282,1.22844,1.2281,1.22844,46
2005-06-08 17:07:00,1.228,1.2283,1.228,1.2282,41
2005-06-08 17:08:00,1.22766,1.2281,1.2276,1.228,53
2005-06-08 17:09:00,1.22656,1.22756,1.22656,1.22756,42
2005-06-08 17:10:00,1.22656,1.22686,1.22636,1.22646,50
2005-06-08 17:11:00,1.22656,1.22676,1.22626,1.22666,46
2005-06-08 17:12:00,1.22676,1.22686,1.22666,1.22666,33
2005-06-08 17:13:00,1.22686,1.22686,1.22666,1.22676,33
2005-06-08 17:14:00,1.22696,1.22696,1.22666,1.22686,35
2005-06-08 17:15:00,1.22676,1.22706,1.22676,1.22696,37
2005-06-08 17:16:00,1.22676,1.22686,1.22666,1.22676,41
2005-06-08 17:17:00,1.2265,1.22676,1.22646,1.22666,53
2005-06-08 17:18:00,1.2266,1.2267,1.2263,1.2265,48
2005-06-08 17:19:00,1.2264,1.2266,1.2263,1.2266,44
2005-06-08 17:20:00,1.2263,1.2264,1.2262,1.2263,38
2005-06-08 17:21:00,1.2262,1.2263,1.2261,1.2263,45
2005-06-08 17:22:00,1.2264,1.2264,1.2261,1.2262,42
2005-06-08 17:23:00,1.2265,1.2265,1.2264,1.2264,44
2005-06-08 17:24:00,1.2264,1.2265,1.2261,1.2265,46
2005-06-08 17:25:00,1.22638,1.2264,1.22626,1.2264,49
2005-06-08 17:26:00,1.22628,1.22638,1.22618,1.22638,30
2005-06-08 17:27:00,1.22518,1.22628,1.22498,1.22628,57
2005-06-08 17:28:00,1.22458,1.22528,1.22438,1.22508,50
2005-06-08 17:29:00,1.22428,1.22478,1.22408,1.22458,48
2005-06-08 17:30:00,1.22358,1.22418,1.22348,1.22418,45
2005-06-08 17:31:00,1.22388,1.22398,1.22348,1.22348,44
2005-06-08 17:32:00,1.22428,1.22468,1.22398,1.22398,52
2005-06-08 17:33:00,1.22448,1.22458,1.22418,1.22438,45
2005-06-08 17:34:00,1.22428,1.22448,1.22418,1.22448,45
2005-06-08 17:35:00,1.22438,1.22458,1.22428,1.22428,23
2005-06-08 17:36:00,1.22398,1.22438,1.22388,1.22438,40
2005-06-08 17:37:00,1.22358,1.22398,1.22358,1.22388,39
2005-06-08 17:38:00,1.22328,1.22358,1.22288,1.22348,54
2005-06-08 17:39:00,1.22368,1.22368,1.22338,1.22338,53
2005-06-08 17:40:00,1.22358,1.22368,1.22358,1.22368,37
2005-06-08 17:41:00,1.22328,1.22358,1.22318,1.22358,48
2005-06-08 17:42:00,1.22378,1.22388,1.22328,1.22328,47
2005-06-08 17:43:00,1.22428,1.22438,1.22378,1.22378,53
2005-06-08 17:44:00,1.22418,1.22448,1.22418,1.22428,48
2005-06-08 17:45:00,1.22418,1.22438,1.22418,1.22418,44
2005-06-08 17:46:00,1.22428,1.22428,1.22408,1.22418,31
2005-06-08 17:47:00,1.22408,1.22428,1.22408,1.22428,44
2005-06-08 17:48:00,1.22438,1.22438,1.22408,1.22408,43
2005-06-08 17:49:00,1.22418,1.22458,1.22418,1.22438,43
2005-06-08 17:50:00,1.22418,1.22428,1.22388,1.22408,58
2005-06-08 17:51:00,1.22438,1.22458,1.22418,1.22418,43
2005-06-08 17:52:00,1.22428,1.22448,1.22428,1.22438,28
2005-06-08 17:53:00,1.22428,1.22428,1.22408,1.22428,36
2005-06-08 17:54:00,1.22428,1.22438,1.22408,1.22428,39
2005-06-08 17:55:00,1.22438,1.22438,1.22428,1.22438,28
2005-06-08 17:56:00,1.22438,1.22448,1.22428,1.22438,29
2005-06-08 17:57:00,1.22428,1.22448,1.22428,1.22438,41
2005-06-08 17:58:00,1.22428,1.22428,1.22418,1.22428,21
2005-06-08 17:59:00,1.22408,1.22428,1.22408,1.22428,30
2005-06-08 18:00:00,1.22408,1.22408,1.22388,1.22408,25
2005-06-08 18:01:00,1.22408,1.22408,1.22388,1.22408,44
2005-06-08 18:02:00,1.22408,1.22408,1.22398,1.22398,32
2005-06-08 18:03:00,1.22378,1.22408,1.22378,1.22408,49
2005-06-08 18:04:00,1.22368,1.22378,1.22348,1.22368,39
2005-06-08 18:05:00,1.22398,1.22418,1.22368,1.22368,40
2005-06-08 18:06:00,1.22408,1.22408,1.22388,1.22398,31
2005-06-08 18:07:00,1.22378,1.22408,1.22378,1.22398,35
2005-06-08 18:08:00,1.22358,1.22378,1.22358,1.22378,37
2005-06-08 18:09:00,1.22338,1.22368,1.22338,1.22358,50
2005-06-08 18:10:00,1.22302,1.2233,1.2228,1.2233,42
2005-06-08 18:11:00,1.2227,1.22302,1.2224,1.22302,47
2005-06-08 18:12:00,1.2221,1.2227,1.2219,1.2226,48
2005-06-08 18:13:00,1.22258,1.22258,1.222,1.222,43
2005-06-08 18:14:00,1.22258,1.22288,1.22248,1.22258,45
2005-06-08 18:15:00,1.22268,1.22288,1.22228,1.22258,52
2005-06-08 18:16:00,1.22278,1.22278,1.22258,1.22278,45
2005-06-08 18:17:00,1.22248,1.22278,1.22248,1.22278,29
2005-06-08 18:18:00,1.22228,1.22248,1.22228,1.22248,40
2005-06-08 18:19:00,1.22218,1.22238,1.22208,1.22218,54
2005-06-08 18:20:00,1.22198,1.22228,1.22198,1.22228,49
2005-06-08 18:21:00,1.22206,1.22224,1.22196,1.22204,55
2005-06-08 18:22:00,1.22206,1.22216,1.22196,1.22206,37
2005-06-08 18:23:00,1.22134,1.22206,1.22126,1.22206,42
2005-06-08 18:24:00,1.22124,1.22134,1.22064,1.22124,47
2005-06-08 18:25:00,1.22164,1.22174,1.22124,1.22124,45
2005-06-08 18:26:00,1.22154,1.22174,1.22124,1.22174,41
2005-06-08 18:27:00,1.22174,1.22194,1.22144,1.22144,39
2005-06-08 18:28:00,1.22204,1.22204,1.22174,1.22174,41
2005-06-08 18:29:00,1.22194,1.22214,1.22194,1.22194,51
2005-06-08 18:30:00,1.22154,1.22204,1.22154,1.22204,33
2005-06-08 18:31:00,1.22194,1.22194,1.22144,1.22154,42
2005-06-08 18:32:00,1.22184,1.22194,1.22174,1.22194,32
2005-06-08 18:33:00,1.22204,1.22214,1.22174,1.22184,43
2005-06-08 18:34:00,1.22194,1.22214,1.22184,1.22194,40
2005-06-08 18:35:00,1.22264,1.22274,1.22194,1.22194,56
2005-06-08 18:36:00,1.22234,1.22274,1.22234,1.22274,43
2005-06-08 18:37:00,1.22244,1.22254,1.22234,1.22234,36
2005-06-08 18:38:00,1.22264,1.22264,1.22244,1.22244,24
2005-06-08 18:39:00,1.22284,1.22284,1.22254,1.22264,37
2005-06-08 18:40:00,1.22294,1.22334,1.22284,1.22294,47
2005-06-08 18:41:00,1.22324,1.22324,1.22294,1.22304,37
2005-06-08 18:42:00,1.22324,1.22334,1.22314,1.22324,27
2005-06-08 18:43:00,1.22314,1.22324,1.22314,1.22324,36
2005-06-08 18:44:00,1.22334,1.22344,1.22314,1.22314,26
2005-06-08 18:45:00,1.22294,1.22334,1.22284,1.22334,27
2005-06-08 18:46:00,1.22284,1.22294,1.22274,1.22294,33
2005-06-08 18:47:00,1.22294,1.22294,1.22274,1.22274,42
2005-06-08 18:48:00,1.22304,1.22314,1.22284,1.22294,37
2005-06-08 18:49:00,1.22344,1.22344,1.22304,1.22304,49
2005-06-08 18:50:00,1.22364,1.22364,1.22344,1.22344,40
2005-06-08 18:51:00,1.2234,1.22364,1.2233,1.22364,42
2005-06-08 18:52:00,1.2231,1.2234,1.2231,1.2234,27
2005-06-08 18:53:00,1.2236,1.2237,1.2232,1.2232,48
2005-06-08 18:54:00,1.2235,1.2236,1.2235,1.2236,32
2005-06-08 18:55:00,1.2235,1.2236,1.2235,1.2235,24
2005-06-08 18:56:00,1.2235,1.2236,1.2235,1.2235,17
2005-06-08 18:57:00,1.2235,1.2236,1.2234,1.2236,29
2005-06-08 18:58:00,1.2237,1.2237,1.2235,1.2235,26
2005-06-08 18:59:00,1.2237,1.2237,1.2235,1.2236,49
2005-06-08 19:00:00,1.2234,1.2237,1.2234,1.2237,32
2005-06-08 19:01:00,1.2229,1.2234,1.2229,1.2234,45
2005-06-08 19:02:00,1.2229,1.223,1.2228,1.223,30
2005-06-08 19:03:00,1.2228,1.2229,1.2228,1.2229,13
2005-06-08 19:04:00,1.2227,1.2228,1.2227,1.2228,17
2005-06-08 19:05:00,1.2227,1.2227,1.2227,1.2227,17
2005-06-08 19:06:00,1.2227,1.2227,1.2227,1.2227,15
2005-06-08 19:07:00,1.22282,1.22282,1.2226,1.2226,31
2005-06-08 19:08:00,1.22272,1.22282,1.22272,1.22282,18
2005-06-08 19:09:00,1.22302,1.22312,1.22272,1.22272,39
2005-06-08 19:10:00,1.22322,1.22322,1.22302,1.22302,35
2005-06-08 19:11:00,1.22322,1.22332,1.22322,1.22322,21
2005-06-08 19:12:00,1.22292,1.22312,1.22292,1.22312,42
2005-06-08 19:13:00,1.22302,1.22302,1.22292,1.22292,24
2005-06-08 19:14:00,1.22302,1.22302,1.22282,1.22302,31
2005-06-08 19:15:00,1.22332,1.22342,1.22302,1.22302,42
2005-06-08 19:16:00,1.22322,1.22332,1.22312,1.22332,29
2005-06-08 19:17:00,1.22342,1.22342,1.22322,1.22322,18
2005-06-08 19:18:00,1.22342,1.22342,1.22332,1.22342,16
2005-06-08 19:19:00,1.22332,1.22352,1.22332,1.22342,29
2005-06-08 19:20:00,1.22332,1.22342,1.22322,1.22332,42
2005-06-08 19:21:00,1.22332,1.22332,1.22322,1.22332,28
2005-06-08 19:22:00,1.22322,1.22332,1.22322,1.22332,13
2005-06-08 19:23:00,1.22322,1.22342,1.22322,1.22332,25
2005-06-08 19:24:00,1.22322,1.22332,1.22322,1.22322,23
2005-06-08 19:25:00,1.22322,1.22322,1.22322,1.22322,11
2005-06-08 19:26:00,1.22322,1.22322,1.22312,1.22322,11
2005-06-08 19:27:00,1.22312,1.22322,1.22312,1.22322,18
2005-06-08 19:28:00,1.22272,1.22312,1.22262,1.22312,35
2005-06-08 19:29:00,1.22272,1.22282,1.22262,1.22282,39
2005-06-08 19:30:00,1.22272,1.22272,1.22252,1.22272,39
2005-06-08 19:31:00,1.22262,1.22272,1.22262,1.22272,24
2005-06-08 19:32:00,1.22262,1.22262,1.22262,1.22262,17
2005-06-08 19:33:00,1.22272,1.22272,1.22262,1.22262,20
2005-06-08 19:34:00,1.22272,1.22272,1.22262,1.22262,35
2005-06-08 19:35:00,1.22262,1.22272,1.22262,1.22272,19
2005-06-08 19:36:00,1.22272,1.22272,1.22262,1.22262,36
2005-06-08 19:37:00,1.22282,1.22282,1.22272,1.22272,19
2005-06-08 19:38:00,1.22282,1.22282,1.22282,1.22282,9
2005-06-08 19:39:00,1.22292,1.22302,1.22282,1.22282,19
2005-06-08 19:40:00,1.22292,1.22292,1.22292,1.22292,17
2005-06-08 19:41:00,1.22292,1.22292,1.22292,1.22292,4
2005-06-08 19:42:00,1.22292,1.22292,1.22292,1.22292,3
2005-06-08 19:43:00,1.22282,1.22292,1.22282,1.22292,13
2005-06-08 19:44:00,1.22292,1.22292,1.22282,1.22282,26
2005-06-08 19:45:00,1.22292,1.22302,1.22292,1.22292,21
2005-06-08 19:46:00,1.22302,1.22302,1.22292,1.22292,31
2005-06-08 19:47:00,1.22302,1.22302,1.22292,1.22292,22
2005-06-08 19:48:00,1.22282,1.22302,1.22282,1.22302,19
2005-06-08 19:49:00,1.22282,1.22282,1.22272,1.22282,16
2005-06-08 19:50:00,1.22282,1.22282,1.22282,1.22282,5
2005-06-08 19:51:00,1.22272,1.22282,1.22272,1.22282,12
2005-06-08 19:52:00,1.22282,1.22282,1.22272,1.22272,21
2005-06-08 19:53:00,1.22272,1.22272,1.22272,1.22272,16
2005-06-08 19:54:00,1.22262,1.22272,1.22252,1.22272,37
2005-06-08 19:55:00,1.22272,1.22272,1.22262,1.22262,22
2005-06-08 19:56:00,1.22252,1.22272,1.22242,1.22272,33
2005-06-08 19:57:00,1.22252,1.22252,1.22252,1.22252,5
2005-06-08 19:58:00,1.22252,1.22252,1.22252,1.22252,6
2005-06-08 19:59:00,1.22242,1.22252,1.22242,1.22252,14
2005-06-08 20:00:00,1.22242,1.22242,1.22242,1.22242,5
2005-06-08 20:01:00,1.22242,1.22252,1.22242,1.22252,6
2005-06-08 20:02:00,1.22252,1.22262,1.22242,1.22242,12
2005-06-08 20:03:00,1.22262,1.22262,1.22252,1.22252,5
2005-06-08 20:04:00,1.22262,1.22262,1.22262,1.22262,2
2005-06-08 20:05:00,1.22262,1.22262,1.22262,1.22262,2
2005-06-08 20:06:00,1.22262,1.22262,1.22262,1.22262,2
2005-06-08 20:07:00,1.22262,1.22262,1.22252,1.22262,7
2005-06-08 20:08:00,1.22262,1.22272,1.22262,1.22262,8
2005-06-08 20:09:00,1.22262,1.22262,1.22262,1.22262,2
2005-06-08 20:10:00,1.22262,1.22262,1.22262,1.22262,2
2005-06-08 20:11:00,1.22262,1.22262,1.22262,1.22262,2
2005-06-08 20:12:00,1.22262,1.22262,1.22252,1.22262,6
2005-06-08 20:13:00,1.22262,1.22262,1.22262,1.22262,3
2005-06-08 20:14:00,1.22272,1.22272,1.22262,1.22262,10
2005-06-08 20:15:00,1.22282,1.22282,1.22272,1.22272,5
2005-06-08 20:16:00,1.22272,1.22282,1.22272,1.22282,6
2005-06-08 20:17:00,1.22282,1.22282,1.22272,1.22272,4
2005-06-08 20:18:00,1.22282,1.22282,1.22272,1.22272,5
2005-06-08 20:19:00,1.22262,1.22282,1.22262,1.22282,4
2005-06-08 20:20:00,1.22262,1.22262,1.22262,1.22262,3
2005-06-08 20:21:00,1.22282,1.22282,1.22262,1.22262,4
2005-06-08 20:22:00,1.22272,1.22282,1.22272,1.22282,5
2005-06-08 20:23:00,1.22272,1.22282,1.22272,1.22272,6
2005-06-08 20:24:00,1.22272,1.22282,1.22272,1.22272,5
2005-06-08 20:25:00,1.22282,1.22282,1.22282,1.22282,3
2005-06-08 20:26:00,1.22282,1.22282,1.22272,1.22272,21
2005-06-08 20:27:00,1.22282,1.22282,1.22282,1.22282,5
2005-06-08 20:28:00,1.22282,1.22282,1.22272,1.22272,2
2005-06-08 20:29:00,1.22282,1.22282,1.22282,1.22282,2
2005-06-08 20:30:00,1.22282,1.22282,1.22282,1.22282,2
2005-06-08 20:31:00,1.22292,1.22292,1.22282,1.22282,3
2005-06-08 20:32:00,1.22292,1.22302,1.22282,1.22292,8
2005-06-08 20:33:00,1.22282,1.22302,1.22282,1.22292,7
2005-06-08 20:34:00,1.22302,1.22302,1.22292,1.22292,7
2005-06-08 20:35:00,1.22292,1.22302,1.22282,1.22302,7
2005-06-08 20:36:00,1.22292,1.22292,1.22292,1.22292,2
2005-06-08 20:37:00,1.22292,1.22292,1.22282,1.22282,6
2005-06-08 20:38:00,1.22292,1.22292,1.22292,1.22292,2
2005-06-08 20:39:00,1.22282,1.22292,1.22282,1.22292,7
2005-06-08 20:40:00,1.22302,1.22312,1.22292,1.22292,11
2005-06-08 20:41:00,1.22322,1.22322,1.22312,1.22312,11
2005-06-08 20:42:00,1.22312,1.22322,1.22312,1.22322,3
2005-06-08 20:43:00,1.22322,1.22322,1.22302,1.22312,9
2005-06-08 20:44:00,1.22332,1.22332,1.22322,1.22322,4
2005-06-08 20:45:00,1.22332,1.22342,1.22332,1.22332,4
2005-06-08 20:46:00,1.22322,1.22332,1.22322,1.22332,3
2005-06-08 20:47:00,1.22312,1.22312,1.22302,1.22312,5
2005-06-08 20:48:00,1.22342,1.22342,1.22312,1.22312,11
2005-06-08 20:49:00,1.22322,1.22342,1.22322,1.22342,17
2005-06-08 20:50:00,1.22312,1.22322,1.22302,1.22322,10
2005-06-08 20:51:00,1.22302,1.22312,1.22292,1.22312,11
2005-06-08 20:52:00,1.22282,1.22292,1.22282,1.22292,15
2005-06-08 20:53:00,1.22312,1.22322,1.22292,1.22292,11
2005-06-08 20:54:00,1.22322,1.22322,1.22312,1.22322,5
2005-06-08 20:55:00,1.22322,1.22322,1.22322,1.22322,2
2005-06-08 20:56:00,1.22342,1.22352,1.22332,1.22332,7
2005-06-08 20:57:00,1.22362,1.22362,1.22352,1.22352,7
2005-06-08 20:58:00,1.22322,1.22352,1.22322,1.22352,7
2005-06-08 20:59:00,1.22332,1.22342,1.22322,1.22322,5
2005-06-08 21:00:00,1.22342,1.22342,1.22332,1.22332,13
2005-06-08 21:01:00,1.22332,1.22342,1.22332,1.22342,3
2005-06-08 21:02:00,1.22342,1.22352,1.22342,1.22352,5
2005-06-08 21:03:00,1.22332,1.22352,1.22332,1.22342,10
2005-06-08 21:04:00,1.22322,1.22342,1.22312,1.22342,9
2005-06-08 21:05:00,1.22332,1.22342,1.22322,1.22322,7
2005-06-08 21:06:00,1.22352,1.22352,1.22322,1.22322,11
2005-06-08 21:07:00,1.22362,1.22362,1.22352,1.22352,3
2005-06-08 21:08:00,1.22362,1.22362,1.22362,1.22362,2
2005-06-08 21:09:00,1.22352,1.22362,1.22352,1.22362,3
2005-06-08 21:10:00,1.22352,1.22352,1.22352,1.22352,2
2005-06-08 21:11:00,1.22372,1.22372,1.22352,1.22352,8
2005-06-08 21:12:00,1.22382,1.22382,1.22362,1.22372,7
2005-06-08 21:13:00,1.22372,1.22372,1.22362,1.22362,8
2005-06-08 21:14:00,1.22372,1.22382,1.22372,1.22382,3
2005-06-08 21:15:00,1.22382,1.22382,1.22372,1.22382,7
2005-06-08 21:16:00,1.22382,1.22382,1.22382,1.22382,2
2005-06-08 21:17:00,1.22372,1.22382,1.22372,1.22382,4
2005-06-08 21:18:00,1.22372,1.22372,1.22362,1.22362,4
2005-06-08 21:19:00,1.22382,1.22382,1.22372,1.22372,5
2005-06-08 21:20:00,1.22392,1.22392,1.22392,1.22392,3
2005-06-08 21:21:00,1.22382,1.22392,1.22372,1.22392,6
2005-06-08 21:22:00,1.22382,1.22382,1.22382,1.22382,2
2005-06-08 21:23:00,1.22382,1.22382,1.22382,1.22382,2
2005-06-08 21:24:00,1.22382,1.22382,1.22382,1.22382,2
2005-06-08 21:25:00,1.22372,1.22382,1.22372,1.22382,7
2005-06-08 21:26:00,1.22372,1.22382,1.22372,1.22372,7
2005-06-08 21:27:00,1.22382,1.22382,1.22372,1.22382,6
2005-06-08 21:28:00,1.22392,1.22392,1.22382,1.22382,3
2005-06-08 21:29:00,1.22382,1.22392,1.22382,1.22382,4
2005-06-08 21:30:00,1.22382,1.22392,1.22382,1.22382,5
2005-06-08 21:31:00,1.22392,1.22392,1.22382,1.22382,4
2005-06-08 21:32:00,1.22392,1.22392,1.22392,1.22392,2
2005-06-08 21:33:00,1.22382,1.22392,1.22372,1.22392,8
2005-06-08 21:34:00,1.22372,1.22382,1.22372,1.22382,7
2005-06-08 21:35:00,1.22362,1.22362,1.22352,1.22362,6
2005-06-08 21:36:00,1.22352,1.22362,1.22352,1.22362,10
2005-06-08 21:37:00,1.22342,1.22352,1.22342,1.22352,3
2005-06-08 21:38:00,1.22342,1.22352,1.22342,1.22352,4
2005-06-08 21:39:00,1.22342,1.22352,1.22332,1.22342,6
2005-06-08 21:40:00,1.22342,1.22342,1.22342,1.22342,2
2005-06-08 21:41:00,1.22352,1.22352,1.22352,1.22352,4
2005-06-08 21:42:00,1.22362,1.22372,1.22362,1.22362,8
2005-06-08 21:43:00,1.22362,1.22372,1.22362,1.22372,5
2005-06-08 21:44:00,1.22362,1.22362,1.22352,1.22362,8
2005-06-08 21:45:00,1.22362,1.22372,1.22362,1.22362,6
2005-06-08 21:46:00,1.22352,1.22362,1.22352,1.22362,5
2005-06-08 21:47:00,1.22362,1.22372,1.22352,1.22352,5
2005-06-08 21:48:00,1.22372,1.22372,1.22372,1.22372,3
2005-06-08 21:49:00,1.22362,1.22372,1.22362,1.22372,3
2005-06-08 21:50:00,1.22362,1.22362,1.22362,1.22362,3
2005-06-08 21:51:00,1.22352,1.22362,1.22342,1.22362,6
2005-06-08 21:52:00,1.22342,1.22342,1.22342,1.22342,3
2005-06-08 21:53:00,1.22342,1.22342,1.22342,1.22342,3
2005-06-08 21:54:00,1.22342,1.22342,1.22342,1.22342,2
2005-06-08 21:55:00,1.22342,1.22342,1.22342,1.22342,3
2005-06-08 21:56:00,1.22342,1.22342,1.22342,1.22342,2
2005-06-08 21:57:00,1.22332,1.22342,1.22332,1.22342,6
2005-06-08 21:58:00,1.22352,1.22362,1.22332,1.22342,12
2005-06-08 21:59:00,1.22362,1.22362,1.22352,1.22362,7
2005-06-08 22:00:00,1.22352,1.22362,1.22352,1.22362,4
2005-06-08 22:01:00,1.22362,1.22362,1.22352,1.22352,9
2005-06-08 22:02:00,1.22352,1.22362,1.22352,1.22362,5
2005-06-08 22:03:00,1.22332,1.22352,1.22332,1.22352,9
2005-06-08 22:04:00,1.22332,1.22332,1.22322,1.22322,9
2005-06-08 22:05:00,1.22322,1.22322,1.22322,1.22322,3
2005-06-08 22:06:00,1.22322,1.22322,1.22322,1.22322,2
2005-06-08 22:07:00,1.22332,1.22332,1.22322,1.22322,3
2005-06-08 22:08:00,1.22322,1.22332,1.22322,1.22332,4
2005-06-08 22:09:00,1.22322,1.22332,1.22312,1.22332,7
2005-06-08 22:10:00,1.22322,1.22322,1.22322,1.22322,2
2005-06-08 22:11:00,1.22312,1.22322,1.22312,1.22322,6
2005-06-08 22:12:00,1.22312,1.22312,1.22302,1.22302,11
2005-06-08 22:13:00,1.22312,1.22312,1.22312,1.22312,3
2005-06-08 22:14:00,1.22312,1.22312,1.22312,1.22312,2
2005-06-08 22:15:00,1.22312,1.22312,1.22312,1.22312,2
2005-06-08 22:16:00,1.22312,1.22312,1.22312,1.22312,1
2005-06-08 22:17:00,1.22322,1.22332,1.22312,1.22312,13
2005-06-08 22:18:00,1.22322,1.22322,1.22322,1.22322,2
2005-06-08 22:19:00,1.22332,1.22332,1.22322,1.22332,10
2005-06-08 22:20:00,1.22352,1.22352,1.22332,1.22332,8
2005-06-08 22:21:00,1.22362,1.22362,1.22352,1.22352,4
2005-06-08 22:22:00,1.22352,1.22362,1.22352,1.22362,6
2005-06-08 22:23:00,1.22342,1.22342,1.22342,1.22342,4
2005-06-08 22:24:00,1.22332,1.22342,1.22332,1.22342,8
2005-06-08 22:25:00,1.22332,1.22332,1.22332,1.22332,2
2005-06-08 22:26:00,1.22332,1.22332,1.22332,1.22332,2
2005-06-08 22:27:00,1.22342,1.22342,1.22332,1.22342,6
2005-06-08 22:28:00,1.22342,1.22342,1.22342,1.22342,3
2005-06-08 22:29:00,1.22342,1.22342,1.22342,1.22342,5
2005-06-08 22:30:00,1.22342,1.22342,1.22342,1.22342,2
2005-06-08 22:31:00,1.22342,1.22342,1.22342,1.22342,6
2005-06-08 22:32:00,1.22322,1.22342,1.22322,1.22342,4
2005-06-08 22:33:00,1.22332,1.22332,1.22322,1.22322,3
2005-06-08 22:34:00,1.22322,1.22332,1.22322,1.22332,4
2005-06-08 22:35:00,1.22322,1.22322,1.22312,1.22322,4
2005-06-08 22:36:00,1.22322,1.22332,1.22322,1.22322,7
2005-06-08 22:37:00,1.22332,1.22332,1.22322,1.22322,3
2005-06-08 22:38:00,1.22332,1.22332,1.22332,1.22332,2
2005-06-08 22:39:00,1.22332,1.22332,1.22332,1.22332,3
2005-06-08 22:40:00,1.22332,1.22332,1.22332,1.22332,2
2005-06-08 22:41:00,1.22332,1.22332,1.22332,1.22332,2
2005-06-08 22:42:00,1.22332,1.22332,1.22332,1.22332,2
2005-06-08 22:43:00,1.22332,1.22332,1.22332,1.22332,2
2005-06-08 22:44:00,1.22332,1.22342,1.22332,1.22342,4
2005-06-08 22:45:00,1.22332,1.22342,1.22332,1.22342,6
2005-06-08 22:46:00,1.22332,1.22342,1.22332,1.22332,8
2005-06-08 22:47:00,1.22332,1.22332,1.22332,1.22332,1
2005-06-08 22:48:00,1.22332,1.22332,1.22332,1.22332,4
2005-06-08 22:49:00,1.22332,1.22332,1.22332,1.22332,3
2005-06-08 22:50:00,1.22322,1.22332,1.22322,1.22332,9
2005-06-08 22:51:00,1.22332,1.22332,1.22322,1.22322,7
2005-06-08 22:52:00,1.22322,1.22332,1.22322,1.22332,6
2005-06-08 22:53:00,1.22322,1.22322,1.22322,1.22322,3
2005-06-08 22:54:00,1.22352,1.22352,1.22322,1.22322,8
2005-06-08 22:55:00,1.22362,1.22362,1.22352,1.22352,4
2005-06-08 22:56:00,1.22362,1.22372,1.22352,1.22362,13
2005-06-08 22:57:00,1.22362,1.22362,1.22362,1.22362,7
2005-06-08 22:58:00,1.22362,1.22362,1.22362,1.22362,4
2005-06-08 22:59:00,1.22362,1.22372,1.22362,1.22362,8
2005-06-08 23:00:00,1.22362,1.22362,1.22362,1.22362,4
2005-06-08 23:01:00,1.22372,1.22372,1.22372,1.22372,3
2005-06-08 23:02:00,1.22372,1.22372,1.22372,1.22372,3
2005-06-08 23:03:00,1.22362,1.22372,1.22362,1.22372,3
2005-06-08 23:04:00,1.22362,1.22362,1.22362,1.22362,2
2005-06-08 23:05:00,1.22362,1.22362,1.22362,1.22362,4
2005-06-08 23:06:00,1.22372,1.22372,1.22362,1.22362,3
2005-06-08 23:07:00,1.22376,1.22376,1.22372,1.22372,3
2005-06-08 23:08:00,1.22376,1.22376,1.22376,1.22376,2
2005-06-08 23:09:00,1.22372,1.22376,1.22372,1.22376,3
2005-06-08 23:10:00,1.22362,1.22372,1.22352,1.22372,7
2005-06-08 23:11:00,1.22372,1.22372,1.22362,1.22372,6
2005-06-08 23:12:00,1.22372,1.22372,1.22372,1.22372,2
2005-06-08 23:13:00,1.2238,1.2238,1.22372,1.22372,3
2005-06-08 23:14:00,1.2237,1.2237,1.2236,1.2237,6
2005-06-08 23:15:00,1.2237,1.2238,1.2237,1.2237,5
2005-06-08 23:16:00,1.2237,1.2237,1.2237,1.2237,4
2005-06-08 23:17:00,1.2236,1.2237,1.2236,1.2236,11
2005-06-08 23:18:00,1.22356,1.2237,1.22356,1.2237,7
2005-06-08 23:19:00,1.2236,1.22366,1.22356,1.22366,11
2005-06-08 23:20:00,1.2236,1.2237,1.2235,1.2236,10
2005-06-08 23:21:00,1.2234,1.2236,1.2234,1.2236,13
2005-06-08 23:22:00,1.2234,1.2234,1.2234,1.2234,2
2005-06-08 23:23:00,1.2234,1.2234,1.2234,1.2234,3
2005-06-08 23:24:00,1.2234,1.2234,1.2234,1.2234,2
2005-06-08 23:25:00,1.2235,1.2235,1.2234,1.2235,5
2005-06-08 23:26:00,1.2235,1.2235,1.2234,1.2235,4
2005-06-08 23:27:00,1.2235,1.2235,1.2235,1.2235,2
2005-06-08 23:28:00,1.2234,1.2235,1.2234,1.2235,3
2005-06-08 23:29:00,1.2234,1.2234,1.2234,1.2234,3
2005-06-08 23:30:00,1.2234,1.2234,1.2234,1.2234,2
2005-06-08 23:31:00,1.2236,1.2236,1.2234,1.2234,7
2005-06-08 23:32:00,1.2237,1.2237,1.2236,1.2236,5
2005-06-08 23:33:00,1.2237,1.2237,1.2237,1.2237,2
2005-06-08 23:34:00,1.2237,1.2237,1.2237,1.2237,2
2005-06-08 23:35:00,1.2237,1.2237,1.2237,1.2237,3
2005-06-08 23:36:00,1.2238,1.2238,1.2237,1.2237,4
2005-06-08 23:37:00,1.2237,1.2238,1.2237,1.2238,3
2005-06-08 23:38:00,1.2237,1.2237,1.2237,1.2237,4
2005-06-08 23:39:00,1.2236,1.2237,1.2236,1.2237,3
2005-06-08 23:40:00,1.22374,1.22374,1.2236,1.2236,8
2005-06-08 23:41:00,1.22374,1.22374,1.22374,1.22374,2
2005-06-08 23:42:00,1.22384,1.22394,1.22374,1.22374,16
2005-06-08 23:43:00,1.22404,1.22404,1.22384,1.22384,9
2005-06-08 23:44:00,1.22394,1.22394,1.22394,1.22394,6
2005-06-08 23:45:00,1.22394,1.22394,1.22374,1.22394,18
2005-06-08 23:46:00,1.22384,1.22384,1.22384,1.22384,4
2005-06-08 23:47:00,1.22414,1.22424,1.22394,1.22394,17
2005-06-08 23:48:00,1.22394,1.22404,1.22384,1.22404,13
2005-06-08 23:49:00,1.22404,1.22404,1.22394,1.22394,4
2005-06-08 23:50:00,1.22414,1.22414,1.22404,1.22404,6
2005-06-08 23:51:00,1.22394,1.22414,1.22394,1.22414,10
2005-06-08 23:52:00,1.22414,1.22424,1.22394,1.22394,11
2005-06-08 23:53:00,1.22414,1.22424,1.22414,1.22414,9
2005-06-08 23:54:00,1.22404,1.22414,1.22404,1.22414,6
2005-06-08 23:55:00,1.22404,1.22404,1.22404,1.22404,4
2005-06-08 23:56:00,1.22404,1.22404,1.22404,1.22404,2
2005-06-08 23:57:00,1.22404,1.22404,1.22404,1.22404,4
2005-06-08 23:58:00,1.22404,1.22404,1.22394,1.22404,10
2005-06-08 23:59:00,1.22394,1.22404,1.22384,1.22404,10
2005-06-09 00:00:00,1.22424,1.22434,1.22394,1.22394,15
2005-06-09 00:01:00,1.22414,1.22434,1.22404,1.22434,15
2005-06-09 00:02:00,1.22424,1.22424,1.22404,1.22404,15
2005-06-09 00:03:00,1.22424,1.22424,1.22424,1.22424,5
2005-06-09 00:04:00,1.2243,1.22444,1.2243,1.22434,7
2005-06-09 00:05:00,1.2243,1.2243,1.2242,1.2243,6
2005-06-09 00:06:00,1.2243,1.2243,1.2242,1.2243,16
2005-06-09 00:07:00,1.2242,1.2243,1.2241,1.2243,9
2005-06-09 00:08:00,1.2241,1.2242,1.224,1.2242,7
2005-06-09 00:09:00,1.2242,1.2242,1.2241,1.2241,3
2005-06-09 00:10:00,1.2243,1.2243,1.2242,1.2242,4
2005-06-09 00:11:00,1.2242,1.2244,1.2242,1.2244,10
2005-06-09 00:12:00,1.2242,1.2243,1.2242,1.2242,8
2005-06-09 00:13:00,1.2242,1.2243,1.2241,1.2242,14
2005-06-09 00:14:00,1.2243,1.2243,1.2242,1.2242,16
2005-06-09 00:15:00,1.2243,1.2243,1.2242,1.2243,6
2005-06-09 00:16:00,1.2239,1.2242,1.2239,1.2242,17
2005-06-09 00:17:00,1.2237,1.2239,1.2235,1.2239,17
2005-06-09 00:18:00,1.2237,1.2238,1.2236,1.2236,21
2005-06-09 00:19:00,1.2236,1.2237,1.2236,1.2237,6
2005-06-09 00:20:00,1.2236,1.2237,1.2236,1.2237,5
2005-06-09 00:21:00,1.2235,1.2237,1.2235,1.2236,6
2005-06-09 00:22:00,1.2237,1.2237,1.2236,1.2236,7
2005-06-09 00:23:00,1.2237,1.2237,1.2236,1.2237,4
2005-06-09 00:24:00,1.2236,1.2237,1.2236,1.2237,2
2005-06-09 00:25:00,1.2237,1.2237,1.2237,1.2237,2
2005-06-09 00:26:00,1.2238,1.2238,1.2237,1.2237,4
2005-06-09 00:27:00,1.2237,1.2238,1.2237,1.2238,4
2005-06-09 00:28:00,1.2238,1.2238,1.2236,1.2236,6
2005-06-09 00:29:00,1.2237,1.2238,1.2237,1.2237,8
2005-06-09 00:30:00,1.2238,1.2238,1.2237,1.2237,3
2005-06-09 00:31:00,1.2238,1.2239,1.2237,1.2237,11
2005-06-09 00:32:00,1.2238,1.2238,1.2238,1.2238,2
2005-06-09 00:33:00,1.2239,1.2239,1.2239,1.2239,4
2005-06-09 00:34:00,1.224,1.224,1.224,1.224,5
2005-06-09 00:35:00,1.2239,1.224,1.2239,1.2239,7
2005-06-09 00:36:00,1.224,1.224,1.2239,1.2239,3
2005-06-09 00:37:00,1.224,1.224,1.224,1.224,2
2005-06-09 00:38:00,1.224,1.224,1.2239,1.224,7
2005-06-09 00:39:00,1.224,1.224,1.2239,1.224,7
2005-06-09 00:40:00,1.2242,1.2242,1.224,1.2241,7
2005-06-09 00:41:00,1.2242,1.2242,1.224,1.2242,13
2005-06-09 00:42:00,1.2242,1.2242,1.2241,1.2241,11
2005-06-09 00:43:00,1.2241,1.2242,1.2241,1.2241,9
2005-06-09 00:44:00,1.2241,1.2241,1.2241,1.2241,3
2005-06-09 00:45:00,1.2241,1.2241,1.2241,1.2241,2
2005-06-09 00:46:00,1.2241,1.2241,1.2241,1.2241,2
2005-06-09 00:47:00,1.2241,1.2241,1.224,1.224,10
2005-06-09 00:48:00,1.2241,1.2242,1.224,1.224,11
2005-06-09 00:49:00,1.2242,1.2242,1.2241,1.2241,9
2005-06-09 00:50:00,1.2243,1.2243,1.2242,1.2242,8
2005-06-09 00:51:00,1.2242,1.2243,1.2242,1.2243,4
2005-06-09 00:52:00,1.2243,1.2243,1.2242,1.2242,5
2005-06-09 00:53:00,1.2243,1.2243,1.2243,1.2243,2
2005-06-09 00:54:00,1.2242,1.2243,1.2242,1.2242,16
2005-06-09 00:55:00,1.224,1.2243,1.224,1.2243,10
2005-06-09 00:56:00,1.224,1.224,1.2239,1.2239,16
2005-06-09 00:57:00,1.224,1.2241,1.224,1.224,7
2005-06-09 00:58:00,1.224,1.224,1.224,1.224,4
2005-06-09 00:59:00,1.224,1.224,1.224,1.224,2
2005-06-09 01:00:00,1.2241,1.2241,1.224,1.224,4
2005-06-09 01:01:00,1.2241,1.2242,1.2241,1.2242,12
2005-06-09 01:02:00,1.224,1.2242,1.2239,1.2242,20
2005-06-09 01:03:00,1.224,1.2241,1.2239,1.2239,13
2005-06-09 01:04:00,1.224,1.224,1.224,1.224,4
2005-06-09 01:05:00,1.2241,1.2241,1.224,1.224,9
2005-06-09 01:06:00,1.2243,1.2243,1.2241,1.2242,6
2005-06-09 01:07:00,1.2243,1.2243,1.2242,1.2243,4
2005-06-09 01:08:00,1.2244,1.2244,1.2243,1.2243,3
2005-06-09 01:09:00,1.2243,1.2244,1.2243,1.2244,4
2005-06-09 01:10:00,1.2244,1.2244,1.2243,1.2243,4
2005-06-09 01:11:00,1.2244,1.2245,1.2243,1.2244,11
2005-06-09 01:12:00,1.2244,1.2245,1.2244,1.2244,6
2005-06-09 01:13:00,1.2247,1.2247,1.2245,1.2245,12
2005-06-09 01:14:00,1.2247,1.2248,1.2247,1.2248,5
2005-06-09 01:15:00,1.2246,1.2246,1.2246,1.2246,4
2005-06-09 01:16:00,1.2245,1.2246,1.2245,1.2245,8
2005-06-09 01:17:00,1.2243,1.2244,1.2243,1.2244,6
2005-06-09 01:18:00,1.2244,1.2244,1.2243,1.2244,7
2005-06-09 01:19:00,1.22438,1.22438,1.22428,1.22428,5
2005-06-09 01:20:00,1.22436,1.22438,1.22436,1.22438,6
2005-06-09 01:21:00,1.2244,1.2244,1.22438,1.22438,5
2005-06-09 01:22:00,1.2244,1.2244,1.2244,1.2244,5
2005-06-09 01:23:00,1.2245,1.2245,1.2244,1.2244,6
2005-06-09 01:24:00,1.2248,1.2248,1.2245,1.2245,7
2005-06-09 01:25:00,1.2246,1.2248,1.2246,1.2248,11
2005-06-09 01:26:00,1.2246,1.2246,1.2246,1.2246,3
2005-06-09 01:27:00,1.22456,1.22466,1.22456,1.2246,11
2005-06-09 01:28:00,1.2246,1.2247,1.2246,1.2246,7
2005-06-09 01:29:00,1.2245,1.2246,1.2245,1.2246,4
2005-06-09 01:30:00,1.2246,1.2246,1.2245,1.2245,5
2005-06-09 01:31:00,1.2245,1.2246,1.2245,1.2246,4
2005-06-09 01:32:00,1.2245,1.2245,1.2245,1.2245,3
2005-06-09 01:33:00,1.22436,1.22446,1.22436,1.2244,10
2005-06-09 01:34:00,1.22436,1.22436,1.22426,1.22436,4
2005-06-09 01:35:00,1.22426,1.22426,1.22426,1.22426,4
2005-06-09 01:36:00,1.22436,1.22436,1.22426,1.22426,7
2005-06-09 01:37:00,1.22436,1.22446,1.22436,1.22436,9
2005-06-09 01:38:00,1.22436,1.22446,1.22436,1.22436,9
2005-06-09 01:39:00,1.22436,1.22436,1.22436,1.22436,3
2005-06-09 01:40:00,1.22436,1.22436,1.22436,1.22436,2
2005-06-09 01:41:00,1.22436,1.22436,1.22426,1.22436,5
2005-06-09 01:42:00,1.22476,1.22476,1.22436,1.22436,11
2005-06-09 01:43:00,1.22476,1.22476,1.22466,1.22466,5
2005-06-09 01:44:00,1.22476,1.22476,1.22476,1.22476,2
2005-06-09 01:45:00,1.22476,1.22476,1.22466,1.22476,5
2005-06-09 01:46:00,1.22476,1.22486,1.22476,1.22476,6
2005-06-09 01:47:00,1.22486,1.22486,1.22476,1.22476,3
2005-06-09 01:48:00,1.22476,1.22476,1.22466,1.22476,10
2005-06-09 01:49:00,1.22456,1.22466,1.22456,1.22466,9
2005-06-09 01:50:00,1.22466,1.22466,1.22466,1.22466,4
2005-06-09 01:51:00,1.22466,1.22476,1.22466,1.22476,7
2005-06-09 01:52:00,1.22466,1.22466,1.22466,1.22466,3
2005-06-09 01:53:00,1.22476,1.22476,1.22476,1.22476,2
2005-06-09 01:54:00,1.22476,1.22476,1.22466,1.22476,4
2005-06-09 01:55:00,1.22466,1.22476,1.22466,1.22476,3
2005-06-09 01:56:00,1.22466,1.22476,1.22466,1.22466,7
2005-06-09 01:57:00,1.22456,1.22466,1.22456,1.22466,6
2005-06-09 01:58:00,1.22446,1.22456,1.22436,1.22456,18
2005-06-09 01:59:00,1.22456,1.22456,1.22436,1.22446,11
2005-06-09 02:00:00,1.22446,1.22456,1.22446,1.22456,4
2005-06-09 02:01:00,1.22446,1.22456,1.22436,1.22436,9
2005-06-09 02:02:00,1.22446,1.22456,1.22436,1.22456,7
2005-06-09 02:03:00,1.22446,1.22456,1.22446,1.22446,7
2005-06-09 02:04:00,1.22456,1.22456,1.22456,1.22456,3
2005-06-09 02:05:00,1.22456,1.22456,1.22446,1.22446,6
2005-06-09 02:06:00,1.22446,1.22456,1.22446,1.22456,5
2005-06-09 02:07:00,1.22446,1.22456,1.22436,1.22446,22
2005-06-09 02:08:00,1.22456,1.22466,1.22456,1.22456,6
2005-06-09 02:09:00,1.22446,1.22456,1.22436,1.22456,11
2005-06-09 02:10:00,1.22436,1.22456,1.22436,1.22446,13
2005-06-09 02:11:00,1.22436,1.22446,1.22436,1.22436,5
2005-06-09 02:12:00,1.22436,1.22436,1.22436,1.22436,2
2005-06-09 02:13:00,1.22426,1.22436,1.22426,1.22436,12
2005-06-09 02:14:00,1.22426,1.22426,1.22426,1.22426,4
2005-06-09 02:15:00,1.22436,1.22436,1.22426,1.22426,8
2005-06-09 02:16:00,1.22436,1.22436,1.22436,1.22436,2
2005-06-09 02:17:00,1.22436,1.22436,1.22436,1.22436,2
2005-06-09 02:18:00,1.22436,1.22436,1.22426,1.22436,7
2005-06-09 02:19:00,1.22436,1.22436,1.22426,1.22436,6
2005-06-09 02:20:00,1.22436,1.22446,1.22426,1.22436,10
2005-06-09 02:21:00,1.22426,1.22436,1.22416,1.22426,16
2005-06-09 02:22:00,1.22426,1.22426,1.22416,1.22416,4
2005-06-09 02:23:00,1.22426,1.22426,1.22416,1.22416,6
2005-06-09 02:24:00,1.22426,1.22426,1.22426,1.22426,4
2005-06-09 02:25:00,1.22426,1.22426,1.22426,1.22426,2
2005-06-09 02:26:00,1.22406,1.22426,1.22406,1.22426,6
2005-06-09 02:27:00,1.22386,1.22406,1.22386,1.22406,4
2005-06-09 02:28:00,1.22396,1.22396,1.22396,1.22396,3
2005-06-09 02:29:00,1.22376,1.22396,1.22376,1.22396,14
2005-06-09 02:30:00,1.22386,1.22396,1.22376,1.22386,14
2005-06-09 02:31:00,1.22376,1.22396,1.22376,1.22386,19
2005-06-09 02:32:00,1.22386,1.22396,1.22386,1.22386,6
2005-06-09 02:33:00,1.22396,1.22396,1.22386,1.22386,7
2005-06-09 02:34:00,1.22386,1.22396,1.22386,1.22396,5
2005-06-09 02:35:00,1.22396,1.22396,1.22386,1.22386,4
2005-06-09 02:36:00,1.22396,1.22396,1.22396,1.22396,2
2005-06-09 02:37:00,1.22396,1.22396,1.22386,1.22386,4
2005-06-09 02:38:00,1.22406,1.22406,1.22396,1.22396,4
2005-06-09 02:39:00,1.22406,1.22406,1.22396,1.22396,4
2005-06-09 02:40:00,1.22396,1.22406,1.22396,1.22406,3
2005-06-09 02:41:00,1.2241,1.2241,1.22396,1.22406,6
2005-06-09 02:42:00,1.2241,1.2241,1.224,1.224,6
2005-06-09 02:43:00,1.2241,1.2241,1.2241,1.2241,2
2005-06-09 02:44:00,1.2241,1.2241,1.2241,1.2241,2
2005-06-09 02:45:00,1.224,1.2241,1.224,1.2241,6
2005-06-09 02:46:00,1.224,1.224,1.224,1.224,2
2005-06-09 02:47:00,1.2239,1.224,1.2239,1.224,4
2005-06-09 02:48:00,1.2238,1.224,1.2238,1.2239,7
2005-06-09 02:49:00,1.2237,1.2238,1.2236,1.2238,7
2005-06-09 02:50:00,1.2236,1.2236,1.2234,1.2236,13
2005-06-09 02:51:00,1.2238,1.2239,1.2237,1.2237,13
2005-06-09 02:52:00,1.2238,1.2238,1.2238,1.2238,2
2005-06-09 02:53:00,1.2239,1.2239,1.2238,1.2238,3
2005-06-09 02:54:00,1.2238,1.2238,1.2238,1.2238,3
2005-06-09 02:55:00,1.2238,1.2238,1.2237,1.2238,9
2005-06-09 02:56:00,1.22366,1.2238,1.22366,1.2238,6
2005-06-09 02:57:00,1.22376,1.22376,1.22366,1.22366,5
2005-06-09 02:58:00,1.22386,1.22386,1.22376,1.22376,8
2005-06-09 02:59:00,1.22376,1.22376,1.22376,1.22376,4
2005-06-09 03:00:00,1.22376,1.22376,1.22376,1.22376,4
2005-06-09 03:01:00,1.22366,1.22376,1.22366,1.22376,8
2005-06-09 03:02:00,1.22366,1.22366,1.22366,1.22366,5
2005-06-09 03:03:00,1.22366,1.22376,1.22366,1.22366,8
2005-06-09 03:04:00,1.22356,1.22366,1.22356,1.22366,13
2005-06-09 03:05:00,1.22366,1.22376,1.22356,1.22366,16
2005-06-09 03:06:00,1.22346,1.22376,1.22346,1.22366,13
2005-06-09 03:07:00,1.22336,1.22356,1.22326,1.22346,10
2005-06-09 03:08:00,1.22346,1.22346,1.22326,1.22326,11
2005-06-09 03:09:00,1.22336,1.22346,1.22336,1.22346,10
2005-06-09 03:10:00,1.22346,1.22346,1.22346,1.22346,4
2005-06-09 03:11:00,1.22336,1.22346,1.22326,1.22346,10
2005-06-09 03:12:00,1.22336,1.22346,1.22326,1.22336,15
2005-06-09 03:13:00,1.22346,1.22346,1.22336,1.22336,4
2005-06-09 03:14:00,1.22346,1.22346,1.22346,1.22346,8
2005-06-09 03:15:00,1.22346,1.22346,1.22346,1.22346,3
2005-06-09 03:16:00,1.22366,1.22366,1.22346,1.22346,10
2005-06-09 03:17:00,1.22346,1.22356,1.22346,1.22356,10
2005-06-09 03:18:00,1.22346,1.22356,1.22346,1.22346,4
2005-06-09 03:19:00,1.22356,1.22366,1.22356,1.22366,11
2005-06-09 03:20:00,1.22356,1.22356,1.22346,1.22346,10
2005-06-09 03:21:00,1.22356,1.22356,1.22356,1.22356,7
2005-06-09 03:22:00,1.22356,1.22366,1.22356,1.22366,5
2005-06-09 03:23:00,1.22356,1.22366,1.22346,1.22346,9
2005-06-09 03:24:00,1.22356,1.22366,1.22356,1.22356,7
2005-06-09 03:25:00,1.22356,1.22356,1.22356,1.22356,4
2005-06-09 03:26:00,1.22366,1.22366,1.22356,1.22356,5
2005-06-09 03:27:00,1.22366,1.22366,1.22366,1.22366,2
2005-06-09 03:28:00,1.22366,1.22366,1.22366,1.22366,2
2005-06-09 03:29:00,1.22366,1.22366,1.22366,1.22366,2
2005-06-09 03:30:00,1.22346,1.22366,1.22346,1.22366,5
2005-06-09 03:31:00,1.22346,1.22346,1.22346,1.22346,6
2005-06-09 03:32:00,1.22356,1.22356,1.22346,1.22346,3
2005-06-09 03:33:00,1.22346,1.22356,1.22346,1.22356,4
2005-06-09 03:34:00,1.22356,1.22356,1.22346,1.22346,10
2005-06-09 03:35:00,1.22346,1.22356,1.22346,1.22356,9
2005-06-09 03:36:00,1.22356,1.22356,1.22346,1.22356,7
2005-06-09 03:37:00,1.22366,1.22366,1.22356,1.22356,6
2005-06-09 03:38:00,1.22366,1.22366,1.22356,1.22356,4
2005-06-09 03:39:00,1.22366,1.22366,1.22366,1.22366,2
2005-06-09 03:40:00,1.22356,1.22356,1.22356,1.22356,7
2005-06-09 03:41:00,1.22356,1.22356,1.22346,1.22356,4
2005-06-09 03:42:00,1.22356,1.22356,1.22356,1.22356,2
2005-06-09 03:43:00,1.22356,1.22356,1.22356,1.22356,2
2005-06-09 03:44:00,1.22356,1.22356,1.22346,1.22346,4
2005-06-09 03:45:00,1.22356,1.22356,1.22356,1.22356,2
2005-06-09 03:46:00,1.22356,1.22366,1.22356,1.22356,7
2005-06-09 03:47:00,1.22376,1.22376,1.22366,1.22366,7
2005-06-09 03:48:00,1.22376,1.22386,1.22376,1.22376,7
2005-06-09 03:49:00,1.22386,1.22386,1.22376,1.22376,8
2005-06-09 03:50:00,1.22406,1.22406,1.22396,1.22396,6
2005-06-09 03:51:00,1.22396,1.22406,1.22396,1.22396,7
2005-06-09 03:52:00,1.22386,1.22396,1.22376,1.22386,7
2005-06-09 03:53:00,1.22376,1.22376,1.22366,1.22376,7
2005-06-09 03:54:00,1.22376,1.22376,1.22376,1.22376,2
2005-06-09 03:55:00,1.22366,1.22366,1.22366,1.22366,5
2005-06-09 03:56:00,1.22366,1.22376,1.22366,1.22376,7
2005-06-09 03:57:00,1.22376,1.22376,1.22366,1.22366,2
2005-06-09 03:58:00,1.22386,1.22386,1.22376,1.22376,9
2005-06-09 03:59:00,1.22386,1.22386,1.22376,1.22376,3
2005-06-09 04:00:00,1.22386,1.22386,1.22386,1.22386,2
2005-06-09 04:01:00,1.22386,1.22386,1.22386,1.22386,3
2005-06-09 04:02:00,1.2238,1.22386,1.2238,1.22386,3
2005-06-09 04:03:00,1.224,1.2241,1.2239,1.2239,8
2005-06-09 04:04:00,1.22416,1.22426,1.224,1.2241,10
2005-06-09 04:05:00,1.2243,1.22436,1.22416,1.22416,11
2005-06-09 04:06:00,1.22458,1.22468,1.2243,1.2243,19
2005-06-09 04:07:00,1.2246,1.2247,1.2245,1.22458,11
2005-06-09 04:08:00,1.2247,1.2247,1.2246,1.2246,4
2005-06-09 04:09:00,1.2247,1.2248,1.2245,1.2246,14
2005-06-09 04:10:00,1.2245,1.2247,1.2245,1.2246,7
2005-06-09 04:11:00,1.2245,1.2246,1.2245,1.2246,5
2005-06-09 04:12:00,1.2244,1.2245,1.2244,1.2245,3
2005-06-09 04:13:00,1.2244,1.2245,1.2243,1.2244,7
2005-06-09 04:14:00,1.22438,1.2244,1.2243,1.2243,6
2005-06-09 04:15:00,1.22436,1.22444,1.22434,1.2244,8
2005-06-09 04:16:00,1.22446,1.22446,1.22446,1.22446,3
2005-06-09 04:17:00,1.22446,1.22446,1.22446,1.22446,2
2005-06-09 04:18:00,1.22436,1.22446,1.22436,1.22446,5
2005-06-09 04:19:00,1.22436,1.22446,1.22436,1.22446,6
2005-06-09 04:20:00,1.22446,1.22446,1.22436,1.22436,6
2005-06-09 04:21:00,1.22436,1.22446,1.22436,1.22436,5
2005-06-09 04:22:00,1.22436,1.22446,1.22436,1.22436,6
2005-06-09 04:23:00,1.22436,1.22436,1.22436,1.22436,4
2005-06-09 04:24:00,1.22436,1.22436,1.22436,1.22436,2
2005-06-09 04:25:00,1.22436,1.22446,1.22436,1.22446,7
2005-06-09 04:26:00,1.22436,1.22436,1.22436,1.22436,2
2005-06-09 04:27:00,1.22446,1.22446,1.22436,1.22446,5
2005-06-09 04:28:00,1.22456,1.22456,1.22446,1.22446,5
2005-06-09 04:29:00,1.22446,1.22456,1.22446,1.22456,7
2005-06-09 04:30:00,1.22446,1.22446,1.22446,1.22446,2
2005-06-09 04:31:00,1.22436,1.22446,1.22436,1.22446,7
2005-06-09 04:32:00,1.22436,1.22436,1.22436,1.22436,2
2005-06-09 04:33:00,1.22396,1.22426,1.22396,1.22426,10
2005-06-09 04:34:00,1.22406,1.22426,1.22396,1.22396,15
2005-06-09 04:35:00,1.22396,1.22416,1.22396,1.22416,17
2005-06-09 04:36:00,1.22396,1.22406,1.22394,1.22396,8
2005-06-09 04:37:00,1.22396,1.22396,1.22386,1.22396,6
2005-06-09 04:38:00,1.22396,1.22396,1.22386,1.22386,6
2005-06-09 04:39:00,1.22396,1.22396,1.22396,1.22396,4
2005-06-09 04:40:00,1.22396,1.22406,1.22386,1.22386,9
2005-06-09 04:41:00,1.22396,1.22396,1.22396,1.22396,2
2005-06-09 04:42:00,1.22396,1.22396,1.22396,1.22396,2
2005-06-09 04:43:00,1.22396,1.22396,1.22396,1.22396,1
2005-06-09 04:44:00,1.22386,1.22396,1.22376,1.22396,7
2005-06-09 04:45:00,1.22386,1.22386,1.22366,1.22386,11
2005-06-09 04:46:00,1.22386,1.22396,1.22386,1.22386,8
2005-06-09 04:47:00,1.22386,1.22396,1.22386,1.22386,5
2005-06-09 04:48:00,1.22396,1.22396,1.22396,1.22396,3
2005-06-09 04:49:00,1.22386,1.22386,1.22386,1.22386,5
2005-06-09 04:50:00,1.22386,1.22386,1.22386,1.22386,2
2005-06-09 04:51:00,1.22386,1.22386,1.22386,1.22386,2
2005-06-09 04:52:00,1.22396,1.22396,1.22386,1.22386,4
2005-06-09 04:53:00,1.22386,1.22386,1.22386,1.22386,4
2005-06-09 04:54:00,1.22376,1.22376,1.22376,1.22376,3
2005-06-09 04:55:00,1.22376,1.22376,1.22366,1.22376,7
2005-06-09 04:56:00,1.22376,1.22386,1.22376,1.22376,7
2005-06-09 04:57:00,1.22366,1.22376,1.22366,1.22376,4
2005-06-09 04:58:00,1.22376,1.22376,1.22366,1.22376,5
2005-06-09 04:59:00,1.22386,1.22386,1.22386,1.22386,2
2005-06-09 05:00:00,1.22386,1.22386,1.22386,1.22386,2
2005-06-09 05:01:00,1.22386,1.22386,1.22376,1.22386,7
2005-06-09 05:02:00,1.22386,1.22386,1.22376,1.22376,4
2005-06-09 05:03:00,1.22386,1.22386,1.22386,1.22386,5
2005-06-09 05:04:00,1.22386,1.22386,1.22386,1.22386,2
2005-06-09 05:05:00,1.22376,1.22386,1.22376,1.22386,4
2005-06-09 05:06:00,1.22376,1.22376,1.22376,1.22376,2
2005-06-09 05:07:00,1.22366,1.22376,1.22366,1.22376,3
2005-06-09 05:08:00,1.22296,1.22356,1.22286,1.22356,19
2005-06-09 05:09:00,1.22306,1.22306,1.22286,1.22306,16
2005-06-09 05:10:00,1.22256,1.22296,1.22246,1.22296,30
2005-06-09 05:11:00,1.22286,1.22286,1.22256,1.22266,13
2005-06-09 05:12:00,1.22276,1.22276,1.22276,1.22276,6
2005-06-09 05:13:00,1.22266,1.22286,1.22266,1.22276,11
2005-06-09 05:14:00,1.22246,1.22256,1.22246,1.22256,19
2005-06-09 05:15:00,1.22256,1.22266,1.22246,1.22246,15
2005-06-09 05:16:00,1.22276,1.22286,1.22256,1.22256,17
2005-06-09 05:17:00,1.22276,1.22276,1.22266,1.22276,4
2005-06-09 05:18:00,1.22266,1.22276,1.22266,1.22276,8
2005-06-09 05:19:00,1.22256,1.22276,1.22256,1.22266,17
2005-06-09 05:20:00,1.22296,1.22326,1.22266,1.22266,19
2005-06-09 05:21:00,1.22306,1.22306,1.22296,1.22296,6
2005-06-09 05:22:00,1.22286,1.22296,1.22286,1.22296,9
2005-06-09 05:23:00,1.22296,1.22296,1.22286,1.22286,7
2005-06-09 05:24:00,1.22306,1.22316,1.22296,1.22296,16
2005-06-09 05:25:00,1.22316,1.22326,1.22306,1.22316,11
2005-06-09 05:26:00,1.22326,1.22336,1.22316,1.22316,14
2005-06-09 05:27:00,1.22326,1.22336,1.22326,1.22326,9
2005-06-09 05:28:00,1.22342,1.22366,1.22326,1.22336,17
2005-06-09 05:29:00,1.22342,1.22352,1.22342,1.22342,12
2005-06-09 05:30:00,1.22342,1.22352,1.22342,1.22342,5
2005-06-09 05:31:00,1.22362,1.22362,1.22342,1.22342,9
2005-06-09 05:32:00,1.22362,1.22362,1.22362,1.22362,2
2005-06-09 05:33:00,1.22362,1.22372,1.22362,1.22362,8
2005-06-09 05:34:00,1.22362,1.22362,1.22352,1.22362,10
2005-06-09 05:35:00,1.22372,1.22372,1.22352,1.22352,7
2005-06-09 05:36:00,1.22402,1.22412,1.22372,1.22372,15
2005-06-09 05:37:00,1.22382,1.22392,1.22382,1.22392,12
2005-06-09 05:38:00,1.22382,1.22382,1.22382,1.22382,4
2005-06-09 05:39:00,1.22382,1.22412,1.22382,1.22392,19
2005-06-09 05:40:00,1.22352,1.22372,1.22352,1.22372,8
2005-06-09 05:41:00,1.22352,1.22352,1.22342,1.22342,9
2005-06-09 05:42:00,1.22352,1.22362,1.22352,1.22352,11
2005-06-09 05:43:00,1.22352,1.22352,1.22352,1.22352,6
2005-06-09 05:44:00,1.22342,1.22342,1.22342,1.22342,7
2005-06-09 05:45:00,1.22342,1.22342,1.22342,1.22342,2
2005-06-09 05:46:00,1.22352,1.22362,1.22342,1.22342,8
2005-06-09 05:47:00,1.22322,1.22352,1.22322,1.22352,5
2005-06-09 05:48:00,1.22302,1.22322,1.22302,1.22322,10
2005-06-09 05:49:00,1.22312,1.22312,1.22302,1.22302,7
2005-06-09 05:50:00,1.22322,1.22322,1.22312,1.22312,9
2005-06-09 05:51:00,1.22322,1.22322,1.22302,1.22312,9
2005-06-09 05:52:00,1.22322,1.22322,1.22322,1.22322,3
2005-06-09 05:53:00,1.22332,1.22332,1.22322,1.22322,6
2005-06-09 05:54:00,1.22322,1.22332,1.22322,1.22332,6
2005-06-09 05:55:00,1.22332,1.22332,1.22322,1.22322,6
2005-06-09 05:56:00,1.22322,1.22342,1.22322,1.22332,11
2005-06-09 05:57:00,1.22322,1.22322,1.22312,1.22312,16
2005-06-09 05:58:00,1.22342,1.22342,1.22322,1.22322,41
2005-06-09 05:59:00,1.22322,1.22352,1.22322,1.22342,36
2005-06-09 06:00:00,1.22322,1.22322,1.22312,1.22322,32
2005-06-09 06:01:00,1.22322,1.22332,1.22322,1.22322,31
2005-06-09 06:02:00,1.22342,1.22352,1.22322,1.22322,38
2005-06-09 06:03:00,1.22322,1.22352,1.22322,1.22342,47
2005-06-09 06:04:00,1.22332,1.22332,1.22322,1.22322,22
2005-06-09 06:05:00,1.22322,1.22332,1.22322,1.22322,16
2005-06-09 06:06:00,1.22322,1.22332,1.22312,1.22322,48
2005-06-09 06:07:00,1.22322,1.22322,1.22322,1.22322,19
2005-06-09 06:08:00,1.22322,1.22332,1.22322,1.22322,20
2005-06-09 06:09:00,1.22312,1.22322,1.22312,1.22322,41
2005-06-09 06:10:00,1.22322,1.22322,1.22312,1.22312,34
2005-06-09 06:11:00,1.22322,1.22332,1.22312,1.22312,42
2005-06-09 06:12:00,1.22322,1.22322,1.22312,1.22322,30
2005-06-09 06:13:00,1.22312,1.22322,1.22312,1.22322,31
2005-06-09 06:14:00,1.22272,1.22312,1.22272,1.22312,43
2005-06-09 06:15:00,1.22212,1.22282,1.22212,1.22272,57
2005-06-09 06:16:00,1.22192,1.22212,1.22162,1.22212,49
2005-06-09 06:17:00,1.22182,1.22192,1.22172,1.22192,45
2005-06-09 06:18:00,1.22182,1.22192,1.22172,1.22182,53
2005-06-09 06:19:00,1.22196,1.22196,1.22172,1.22182,46
2005-06-09 06:20:00,1.22226,1.22236,1.22206,1.22206,50
2005-06-09 06:21:00,1.22246,1.22256,1.22236,1.22236,40
2005-06-09 06:22:00,1.22236,1.22256,1.22236,1.22246,38
2005-06-09 06:23:00,1.22246,1.22256,1.22236,1.22236,45
2005-06-09 06:24:00,1.22246,1.22256,1.22246,1.22246,25
2005-06-09 06:25:00,1.22246,1.22246,1.22246,1.22246,18
2005-06-09 06:26:00,1.22266,1.22266,1.22246,1.22246,36
2005-06-09 06:27:00,1.22236,1.22266,1.22236,1.22266,49
2005-06-09 06:28:00,1.22236,1.22246,1.22236,1.22236,38
2005-06-09 06:29:00,1.22226,1.22236,1.22216,1.22236,20
2005-06-09 06:30:00,1.22246,1.22246,1.22216,1.22226,44
2005-06-09 06:31:00,1.22216,1.22246,1.22216,1.22246,42
2005-06-09 06:32:00,1.22186,1.22216,1.22186,1.22216,44
2005-06-09 06:33:00,1.22216,1.22216,1.22166,1.22186,59
2005-06-09 06:34:00,1.22216,1.22236,1.22216,1.22216,42
2005-06-09 06:35:00,1.22236,1.22246,1.22216,1.22216,38
2005-06-09 06:36:00,1.22226,1.22236,1.22226,1.22236,39
2005-06-09 06:37:00,1.22176,1.22226,1.22176,1.22226,45
2005-06-09 06:38:00,1.22186,1.22196,1.22176,1.22176,39
2005-06-09 06:39:00,1.22196,1.22206,1.22176,1.22176,48
2005-06-09 06:40:00,1.22196,1.22206,1.22186,1.22196,43
2005-06-09 06:41:00,1.22136,1.22196,1.22126,1.22196,50
2005-06-09 06:42:00,1.22136,1.22136,1.22106,1.22136,53
2005-06-09 06:43:00,1.22166,1.22166,1.22116,1.22136,49
2005-06-09 06:44:00,1.22156,1.22166,1.22146,1.22156,45
2005-06-09 06:45:00,1.22166,1.22176,1.22156,1.22156,33
2005-06-09 06:46:00,1.22136,1.22166,1.22116,1.22166,47
2005-06-09 06:47:00,1.22136,1.22146,1.22116,1.22136,47
2005-06-09 06:48:00,1.22136,1.22146,1.22126,1.22136,44
2005-06-09 06:49:00,1.22126,1.22146,1.22126,1.22136,40
2005-06-09 06:50:00,1.22136,1.22146,1.22126,1.22126,50
2005-06-09 06:51:00,1.22136,1.22146,1.22136,1.22136,29
2005-06-09 06:52:00,1.22146,1.22146,1.22136,1.22136,30
2005-06-09 06:53:00,1.22126,1.22146,1.22126,1.22136,44
2005-06-09 06:54:00,1.22156,1.22156,1.22126,1.22126,40
2005-06-09 06:55:00,1.22146,1.22156,1.22146,1.22156,32
2005-06-09 06:56:00,1.22146,1.22146,1.22136,1.22146,44
2005-06-09 06:57:00,1.22156,1.22156,1.22146,1.22146,40
2005-06-09 06:58:00,1.22166,1.22186,1.22156,1.22156,45
2005-06-09 06:59:00,1.22166,1.22166,1.22156,1.22156,43
2005-06-09 07:00:00,1.22156,1.22166,1.22146,1.22166,21
2005-06-09 07:01:00,1.22196,1.22196,1.22156,1.22156,12
2005-06-09 07:02:00,1.22188,1.22206,1.22186,1.22186,24
2005-06-09 07:03:00,1.22218,1.22218,1.22188,1.22188,43
2005-06-09 07:04:00,1.22208,1.22218,1.22198,1.22218,48
2005-06-09 07:05:00,1.22208,1.22218,1.22198,1.22218,50
2005-06-09 07:06:00,1.22238,1.22238,1.22208,1.22208,41
2005-06-09 07:07:00,1.22228,1.22238,1.22218,1.22238,49
2005-06-09 07:08:00,1.22238,1.22258,1.22228,1.22228,44
2005-06-09 07:09:00,1.22238,1.22258,1.22238,1.22238,36
2005-06-09 07:10:00,1.22248,1.22258,1.22238,1.22248,25
2005-06-09 07:11:00,1.22248,1.22248,1.22238,1.22248,28
2005-06-09 07:12:00,1.22248,1.22258,1.22238,1.22248,40
2005-06-09 07:13:00,1.22258,1.22258,1.22248,1.22248,35
2005-06-09 07:14:00,1.22248,1.22258,1.22238,1.22258,26
2005-06-09 07:15:00,1.22248,1.22248,1.22238,1.22248,30
2005-06-09 07:16:00,1.22238,1.22248,1.22238,1.22248,27
2005-06-09 07:17:00,1.22238,1.22238,1.22228,1.22238,36
2005-06-09 07:18:00,1.22218,1.22238,1.22218,1.22238,48
2005-06-09 07:19:00,1.22268,1.22268,1.22218,1.22218,47
2005-06-09 07:20:00,1.22268,1.22288,1.22268,1.22268,55
2005-06-09 07:21:00,1.22248,1.22278,1.22248,1.22268,43
2005-06-09 07:22:00,1.22248,1.22258,1.22248,1.22258,40
2005-06-09 07:23:00,1.22238,1.22258,1.22238,1.22248,50
2005-06-09 07:24:00,1.22248,1.22248,1.22228,1.22238,47
2005-06-09 07:25:00,1.22268,1.22268,1.22238,1.22248,45
2005-06-09 07:26:00,1.22278,1.22278,1.22268,1.22268,43
2005-06-09 07:27:00,1.22328,1.22328,1.22268,1.22278,47
2005-06-09 07:28:00,1.22308,1.22328,1.22308,1.22328,46
2005-06-09 07:29:00,1.22298,1.22308,1.22298,1.22308,52
2005-06-09 07:30:00,1.22308,1.22328,1.22308,1.22308,45
2005-06-09 07:31:00,1.22318,1.22328,1.22308,1.22308,53
2005-06-09 07:32:00,1.22308,1.22318,1.22298,1.22318,41
2005-06-09 07:33:00,1.22298,1.22308,1.22288,1.22308,40
2005-06-09 07:34:00,1.22298,1.22308,1.22298,1.22298,46
2005-06-09 07:35:00,1.22298,1.22318,1.22298,1.22308,53
2005-06-09 07:36:00,1.22288,1.22298,1.22278,1.22298,30
2005-06-09 07:37:00,1.22278,1.22288,1.22278,1.22288,30
2005-06-09 07:38:00,1.22268,1.22288,1.22268,1.22278,34
2005-06-09 07:39:00,1.22268,1.22268,1.22258,1.22268,35
2005-06-09 07:40:00,1.22258,1.22268,1.22258,1.22268,32
2005-06-09 07:41:00,1.22252,1.22262,1.22252,1.22258,31
2005-06-09 07:42:00,1.22252,1.22262,1.22252,1.22252,33
2005-06-09 07:43:00,1.22242,1.22262,1.22242,1.22252,47
2005-06-09 07:44:00,1.22254,1.22254,1.22242,1.22242,37
2005-06-09 07:45:00,1.22278,1.22278,1.22254,1.22254,43
2005-06-09 07:46:00,1.22318,1.22318,1.22278,1.22288,50
2005-06-09 07:47:00,1.22318,1.22318,1.22308,1.22318,37
2005-06-09 07:48:00,1.22298,1.22318,1.22298,1.22318,34
2005-06-09 07:49:00,1.22338,1.22348,1.22298,1.22298,48
2005-06-09 07:50:00,1.22338,1.22368,1.22338,1.22338,51
2005-06-09 07:51:00,1.22348,1.22368,1.22348,1.22348,33
2005-06-09 07:52:00,1.22338,1.22348,1.22328,1.22348,34
2005-06-09 07:53:00,1.22328,1.22338,1.22318,1.22338,38
2005-06-09 07:54:00,1.22298,1.22328,1.22298,1.22328,44
2005-06-09 07:55:00,1.22298,1.22298,1.22288,1.22298,47
2005-06-09 07:56:00,1.22328,1.22328,1.22298,1.22298,47
2005-06-09 07:57:00,1.22308,1.22328,1.22308,1.22328,40
2005-06-09 07:58:00,1.22328,1.22328,1.22308,1.22308,33
2005-06-09 07:59:00,1.22318,1.22328,1.22308,1.22328,40
2005-06-09 08:00:00,1.22288,1.22318,1.22288,1.22318,36
2005-06-09 08:01:00,1.22308,1.22318,1.22288,1.22288,33
2005-06-09 08:02:00,1.22298,1.22308,1.22288,1.22308,31
2005-06-09 08:03:00,1.22298,1.22308,1.22288,1.22298,40
2005-06-09 08:04:00,1.22308,1.22308,1.22298,1.22308,53
2005-06-09 08:05:00,1.22298,1.22308,1.22298,1.22308,30
2005-06-09 08:06:00,1.22298,1.22308,1.22298,1.22298,31
2005-06-09 08:07:00,1.22298,1.22308,1.22298,1.22298,37
2005-06-09 08:08:00,1.22368,1.22378,1.22298,1.22298,47
2005-06-09 08:09:00,1.22358,1.22368,1.22358,1.22368,36
2005-06-09 08:10:00,1.22348,1.22358,1.22338,1.22358,37
2005-06-09 08:11:00,1.22338,1.22348,1.22328,1.22348,45
2005-06-09 08:12:00,1.22338,1.22348,1.22338,1.22338,39
2005-06-09 08:13:00,1.22358,1.22358,1.22338,1.22348,42
2005-06-09 08:14:00,1.22348,1.22368,1.22348,1.22358,41
2005-06-09 08:15:00,1.22348,1.22358,1.22338,1.22348,38
2005-06-09 08:16:00,1.22348,1.22358,1.22338,1.22348,36
2005-06-09 08:17:00,1.22338,1.22348,1.22328,1.22348,40
2005-06-09 08:18:00,1.22338,1.22348,1.22328,1.22338,43
2005-06-09 08:19:00,1.22338,1.22348,1.22338,1.22338,43
2005-06-09 08:20:00,1.22328,1.22338,1.22328,1.22328,39
2005-06-09 08:21:00,1.22308,1.22328,1.22298,1.22328,34
2005-06-09 08:22:00,1.22308,1.22318,1.22298,1.22308,51
2005-06-09 08:23:00,1.22308,1.22318,1.22298,1.22308,45
2005-06-09 08:24:00,1.22308,1.22318,1.22308,1.22308,29
2005-06-09 08:25:00,1.22298,1.22308,1.22298,1.22308,34
2005-06-09 08:26:00,1.22298,1.22298,1.22298,1.22298,29
2005-06-09 08:27:00,1.22292,1.22298,1.22282,1.22298,38
2005-06-09 08:28:00,1.22282,1.22292,1.22282,1.22292,32
2005-06-09 08:29:00,1.22302,1.22302,1.22282,1.22282,36
2005-06-09 08:30:00,1.22272,1.22312,1.22272,1.22302,45
2005-06-09 08:31:00,1.22292,1.22292,1.22272,1.22272,41
2005-06-09 08:32:00,1.22292,1.22292,1.22282,1.22292,32
2005-06-09 08:33:00,1.22272,1.22292,1.22272,1.22292,42
2005-06-09 08:34:00,1.22272,1.22282,1.22272,1.22272,36
2005-06-09 08:35:00,1.22292,1.22292,1.22262,1.22272,45
2005-06-09 08:36:00,1.22282,1.22292,1.22282,1.22292,39
2005-06-09 08:37:00,1.22282,1.22292,1.22282,1.22282,37
2005-06-09 08:38:00,1.22292,1.22292,1.22282,1.22282,29
2005-06-09 08:39:00,1.22292,1.22292,1.22282,1.22292,31
2005-06-09 08:40:00,1.22272,1.22292,1.22272,1.22292,30
2005-06-09 08:41:00,1.22272,1.22282,1.22272,1.22272,31
2005-06-09 08:42:00,1.22312,1.22322,1.22272,1.22272,34
2005-06-09 08:43:00,1.22322,1.22322,1.22302,1.22312,47
2005-06-09 08:44:00,1.22322,1.22332,1.22322,1.22322,41
2005-06-09 08:45:00,1.22332,1.22332,1.22322,1.22322,44
2005-06-09 08:46:00,1.22322,1.22332,1.22312,1.22332,47
2005-06-09 08:47:00,1.22332,1.22332,1.22312,1.22322,38
2005-06-09 08:48:00,1.22322,1.22332,1.22322,1.22332,44
2005-06-09 08:49:00,1.22312,1.22322,1.22302,1.22322,45
2005-06-09 08:50:00,1.22292,1.22302,1.22262,1.22302,51
2005-06-09 08:51:00,1.22292,1.22302,1.22282,1.22292,48
2005-06-09 08:52:00,1.22292,1.22302,1.22292,1.22292,39
2005-06-09 08:53:00,1.22262,1.22292,1.22262,1.22292,43
2005-06-09 08:54:00,1.22282,1.22282,1.22262,1.22262,42
2005-06-09 08:55:00,1.22292,1.22302,1.22282,1.22282,38
2005-06-09 08:56:00,1.22292,1.22302,1.22292,1.22292,28
2005-06-09 08:57:00,1.22292,1.22292,1.22282,1.22292,29
2005-06-09 08:58:00,1.22282,1.22292,1.22282,1.22292,35
2005-06-09 08:59:00,1.22282,1.22292,1.22282,1.22282,37
2005-06-09 09:00:00,1.22292,1.22292,1.22282,1.22282,38
2005-06-09 09:01:00,1.22282,1.22292,1.22282,1.22292,37
2005-06-09 09:02:00,1.22272,1.22282,1.22272,1.22282,36
2005-06-09 09:03:00,1.22272,1.22282,1.22272,1.22272,31
2005-06-09 09:04:00,1.22272,1.22282,1.22272,1.22272,45
2005-06-09 09:05:00,1.22282,1.22282,1.22272,1.22272,33
2005-06-09 09:06:00,1.22282,1.22282,1.22272,1.22282,45
2005-06-09 09:07:00,1.22282,1.22282,1.22272,1.22282,26
2005-06-09 09:08:00,1.22302,1.22302,1.22272,1.22272,40
2005-06-09 09:09:00,1.22322,1.22322,1.22302,1.22302,51
2005-06-09 09:10:00,1.22322,1.22322,1.22302,1.22322,41
2005-06-09 09:11:00,1.22312,1.22332,1.22312,1.22322,49
2005-06-09 09:12:00,1.22302,1.22322,1.22302,1.22312,44
2005-06-09 09:13:00,1.22302,1.22302,1.22302,1.22302,19
2005-06-09 09:14:00,1.22302,1.22302,1.22302,1.22302,20
2005-06-09 09:15:00,1.22292,1.22302,1.22282,1.22302,46
2005-06-09 09:16:00,1.22302,1.22302,1.22282,1.22292,35
2005-06-09 09:17:00,1.22302,1.22302,1.22292,1.22302,28
2005-06-09 09:18:00,1.22322,1.22332,1.22302,1.22302,40
2005-06-09 09:19:00,1.22292,1.22322,1.22292,1.22322,44
2005-06-09 09:20:00,1.22292,1.22302,1.22292,1.22292,44
2005-06-09 09:21:00,1.22292,1.22302,1.22292,1.22292,34
2005-06-09 09:22:00,1.22302,1.22302,1.22282,1.22292,41
2005-06-09 09:23:00,1.22292,1.22302,1.22292,1.22302,25
2005-06-09 09:24:00,1.22292,1.22292,1.22282,1.22292,29
2005-06-09 09:25:00,1.22292,1.22302,1.22282,1.22292,35
2005-06-09 09:26:00,1.22282,1.22292,1.22282,1.22282,45
2005-06-09 09:27:00,1.22282,1.22282,1.22282,1.22282,14
2005-06-09 09:28:00,1.22272,1.22292,1.22272,1.22282,28
2005-06-09 09:29:00,1.22282,1.22282,1.22272,1.22272,34
2005-06-09 09:30:00,1.22292,1.22292,1.22282,1.22282,32
2005-06-09 09:31:00,1.22302,1.22302,1.22292,1.22292,41
2005-06-09 09:32:00,1.22322,1.22322,1.22302,1.22302,44
2005-06-09 09:33:00,1.22312,1.22332,1.22312,1.22322,37
2005-06-09 09:34:00,1.22302,1.22312,1.22302,1.22312,31
2005-06-09 09:35:00,1.22312,1.22312,1.22302,1.22302,42
2005-06-09 09:36:00,1.22332,1.22332,1.22312,1.22322,35
2005-06-09 09:37:00,1.22332,1.22332,1.22322,1.22332,29
2005-06-09 09:38:00,1.22322,1.22332,1.22322,1.22332,27
2005-06-09 09:39:00,1.22332,1.22332,1.22322,1.22322,22
2005-06-09 09:40:00,1.22332,1.22332,1.22322,1.22332,31
2005-06-09 09:41:00,1.22342,1.22342,1.22322,1.22332,41
2005-06-09 09:42:00,1.22342,1.22352,1.22342,1.22352,32
2005-06-09 09:43:00,1.22312,1.22352,1.22312,1.22352,47
2005-06-09 09:44:00,1.22302,1.22322,1.22292,1.22312,43
2005-06-09 09:45:00,1.22312,1.22312,1.22302,1.22302,32
2005-06-09 09:46:00,1.22312,1.22312,1.22312,1.22312,23
2005-06-09 09:47:00,1.22312,1.22312,1.22302,1.22302,29
2005-06-09 09:48:00,1.22292,1.22312,1.22292,1.22312,38
2005-06-09 09:49:00,1.22322,1.22332,1.22282,1.22292,50
2005-06-09 09:50:00,1.22322,1.22332,1.22312,1.22322,51
2005-06-09 09:51:00,1.22322,1.22322,1.22312,1.22322,33
2005-06-09 09:52:00,1.22312,1.22322,1.22312,1.22322,28
2005-06-09 09:53:00,1.22302,1.22322,1.22302,1.22312,32
2005-06-09 09:54:00,1.22312,1.22312,1.22302,1.22302,40
2005-06-09 09:55:00,1.22312,1.22312,1.22312,1.22312,28
2005-06-09 09:56:00,1.22322,1.22322,1.22312,1.22312,35
2005-06-09 09:57:00,1.22332,1.22342,1.22312,1.22322,50
2005-06-09 09:58:00,1.22342,1.22352,1.22332,1.22332,43
2005-06-09 09:59:00,1.22332,1.22342,1.22332,1.22342,45
2005-06-09 10:00:00,1.22342,1.22342,1.22332,1.22332,36
2005-06-09 10:01:00,1.22342,1.22342,1.22332,1.22342,24
2005-06-09 10:02:00,1.22332,1.22342,1.22322,1.22332,43
2005-06-09 10:03:00,1.22322,1.22332,1.22322,1.22322,39
2005-06-09 10:04:00,1.22332,1.22332,1.22322,1.22322,27
2005-06-09 10:05:00,1.22332,1.22332,1.22332,1.22332,12
2005-06-09 10:06:00,1.22342,1.22342,1.22332,1.22332,36
2005-06-09 10:07:00,1.22332,1.22342,1.22332,1.22342,30
2005-06-09 10:08:00,1.22382,1.22392,1.22322,1.22322,50
2005-06-09 10:09:00,1.22382,1.22392,1.22382,1.22392,44
2005-06-09 10:10:00,1.22372,1.22392,1.22372,1.22382,39
2005-06-09 10:11:00,1.22382,1.22382,1.22372,1.22372,43
2005-06-09 10:12:00,1.22422,1.22422,1.22372,1.22382,45
2005-06-09 10:13:00,1.22412,1.22422,1.22412,1.22422,44
2005-06-09 10:14:00,1.22402,1.22412,1.22392,1.22412,40
2005-06-09 10:15:00,1.22452,1.22462,1.22392,1.22392,59
2005-06-09 10:16:00,1.22452,1.22472,1.22452,1.22452,44
2005-06-09 10:17:00,1.22442,1.22452,1.22432,1.22452,44
2005-06-09 10:18:00,1.22442,1.22452,1.22442,1.22442,32
2005-06-09 10:19:00,1.22422,1.22442,1.22422,1.22442,40
2005-06-09 10:20:00,1.22432,1.22442,1.22422,1.22422,43
2005-06-09 10:21:00,1.22422,1.22432,1.22422,1.22432,30
2005-06-09 10:22:00,1.22442,1.22442,1.22422,1.22422,56
2005-06-09 10:23:00,1.22442,1.22452,1.22432,1.22442,48
2005-06-09 10:24:00,1.22442,1.22452,1.22432,1.22442,40
2005-06-09 10:25:00,1.22442,1.22452,1.22442,1.22442,42
2005-06-09 10:26:00,1.22462,1.22462,1.22442,1.22442,24
2005-06-09 10:27:00,1.22462,1.22462,1.22442,1.22462,51
2005-06-09 10:28:00,1.22452,1.22482,1.22442,1.22462,49
2005-06-09 10:29:00,1.22462,1.22462,1.22452,1.22452,34
2005-06-09 10:30:00,1.22452,1.22462,1.22442,1.22462,47
2005-06-09 10:31:00,1.22442,1.22452,1.22442,1.22452,41
2005-06-09 10:32:00,1.22442,1.22442,1.22432,1.22432,38
2005-06-09 10:33:00,1.22422,1.22442,1.22412,1.22442,41
2005-06-09 10:34:00,1.22412,1.22422,1.22412,1.22422,35
2005-06-09 10:35:00,1.22422,1.22422,1.22412,1.22412,42
2005-06-09 10:36:00,1.22432,1.22432,1.22422,1.22422,32
2005-06-09 10:37:00,1.22412,1.22432,1.22412,1.22432,39
2005-06-09 10:38:00,1.22398,1.22402,1.22382,1.22402,44
2005-06-09 10:39:00,1.22412,1.22412,1.22398,1.22408,32
2005-06-09 10:40:00,1.22412,1.22412,1.22412,1.22412,15
2005-06-09 10:41:00,1.22402,1.22412,1.22402,1.22412,26
2005-06-09 10:42:00,1.22402,1.22402,1.22402,1.22402,22
2005-06-09 10:43:00,1.22392,1.22402,1.22392,1.22402,27
2005-06-09 10:44:00,1.22412,1.22412,1.22392,1.22392,31
2005-06-09 10:45:00,1.22452,1.22462,1.22392,1.22402,53
2005-06-09 10:46:00,1.22458,1.22478,1.22452,1.22452,53
2005-06-09 10:47:00,1.22468,1.22468,1.22458,1.22468,35
2005-06-09 10:48:00,1.22468,1.22496,1.22456,1.22468,48
2005-06-09 10:49:00,1.22433,1.22468,1.22427,1.22468,43
2005-06-09 10:50:00,1.22464,1.22474,1.22433,1.22433,36
2005-06-09 10:51:00,1.22434,1.22484,1.22434,1.22474,49
2005-06-09 10:52:00,1.22434,1.22444,1.22434,1.22434,43
2005-06-09 10:53:00,1.22408,1.22434,1.22396,1.22434,53
2005-06-09 10:54:00,1.22428,1.22428,1.22408,1.22408,36
2005-06-09 10:55:00,1.22428,1.22438,1.22428,1.22428,30
2005-06-09 10:56:00,1.22428,1.22438,1.22418,1.22438,39
2005-06-09 10:57:00,1.22428,1.22438,1.22418,1.22428,36
2005-06-09 10:58:00,1.22444,1.22458,1.22428,1.22428,49
2005-06-09 10:59:00,1.22454,1.22454,1.22434,1.22444,45
2005-06-09 11:00:00,1.22454,1.22464,1.22444,1.22454,50
2005-06-09 11:01:00,1.22454,1.22464,1.22444,1.22454,46
2005-06-09 11:02:00,1.22454,1.22464,1.22444,1.22454,38
2005-06-09 11:03:00,1.22438,1.22464,1.22438,1.22454,41
2005-06-09 11:04:00,1.22438,1.22448,1.22418,1.22438,48
2005-06-09 11:05:00,1.22438,1.22438,1.22428,1.22438,27
2005-06-09 11:06:00,1.22438,1.22438,1.22438,1.22438,20
2005-06-09 11:07:00,1.22428,1.22438,1.22428,1.22438,17
2005-06-09 11:08:00,1.22438,1.22438,1.22428,1.22428,19
2005-06-09 11:09:00,1.22408,1.22438,1.22398,1.22438,31
2005-06-09 11:10:00,1.22394,1.22418,1.22388,1.22398,58
2005-06-09 11:11:00,1.22414,1.22424,1.22394,1.22394,37
2005-06-09 11:12:00,1.22422,1.22432,1.22412,1.22414,47
2005-06-09 11:13:00,1.22452,1.22452,1.22412,1.22422,55
2005-06-09 11:14:00,1.22418,1.22442,1.22418,1.22442,37
2005-06-09 11:15:00,1.22408,1.22418,1.22398,1.22418,47
2005-06-09 11:16:00,1.22408,1.22408,1.22398,1.22408,30
2005-06-09 11:17:00,1.22408,1.22418,1.22408,1.22408,29
2005-06-09 11:18:00,1.22408,1.22418,1.22408,1.22408,25
2005-06-09 11:19:00,1.22428,1.22428,1.22408,1.22408,36
2005-06-09 11:20:00,1.22428,1.22438,1.22428,1.22438,33
2005-06-09 11:21:00,1.22428,1.22428,1.22428,1.22428,22
2005-06-09 11:22:00,1.22408,1.22428,1.22408,1.22428,38
2005-06-09 11:23:00,1.22398,1.22408,1.22398,1.22408,31
2005-06-09 11:24:00,1.22404,1.22414,1.22398,1.22398,36
2005-06-09 11:25:00,1.22404,1.22414,1.22404,1.22404,36
2005-06-09 11:26:00,1.22404,1.22414,1.22404,1.22404,43
2005-06-09 11:27:00,1.22424,1.22424,1.22404,1.22404,22
2005-06-09 11:28:00,1.22404,1.22414,1.22404,1.22414,32
2005-06-09 11:29:00,1.22394,1.22404,1.22394,1.22404,36
2005-06-09 11:30:00,1.22374,1.22404,1.22374,1.22394,48
2005-06-09 11:31:00,1.22304,1.22374,1.22284,1.22364,59
2005-06-09 11:32:00,1.22294,1.22314,1.22294,1.22294,46
2005-06-09 11:33:00,1.22264,1.22294,1.22224,1.22294,45
2005-06-09 11:34:00,1.22254,1.22274,1.22244,1.22274,48
2005-06-09 11:35:00,1.22274,1.22274,1.22254,1.22254,40
2005-06-09 11:36:00,1.22234,1.22274,1.22234,1.22274,52
2005-06-09 11:37:00,1.22224,1.22244,1.22224,1.22234,54
2005-06-09 11:38:00,1.22228,1.22248,1.22224,1.22224,52
2005-06-09 11:39:00,1.22198,1.22238,1.22188,1.22228,56
2005-06-09 11:40:00,1.22218,1.22228,1.22208,1.22208,45
2005-06-09 11:41:00,1.22258,1.22258,1.22208,1.22208,49
2005-06-09 11:42:00,1.22278,1.22288,1.22248,1.22258,46
2005-06-09 11:43:00,1.22268,1.22298,1.22268,1.22278,49
2005-06-09 11:44:00,1.22268,1.22278,1.22248,1.22268,38
2005-06-09 11:45:00,1.22268,1.22268,1.22268,1.22268,32
2005-06-09 11:46:00,1.22268,1.22278,1.22258,1.22268,39
2005-06-09 11:47:00,1.22258,1.22278,1.22258,1.22268,31
2005-06-09 11:48:00,1.22248,1.22258,1.22228,1.22258,42
2005-06-09 11:49:00,1.22238,1.22248,1.22238,1.22248,44
2005-06-09 11:50:00,1.22238,1.22238,1.22228,1.22238,34
2005-06-09 11:51:00,1.22238,1.22238,1.22238,1.22238,24
2005-06-09 11:52:00,1.22258,1.22258,1.22228,1.22238,42
2005-06-09 11:53:00,1.22258,1.22258,1.22248,1.22258,38
2005-06-09 11:54:00,1.22258,1.22258,1.22258,1.22258,29
2005-06-09 11:55:00,1.22248,1.22258,1.22248,1.22258,43
2005-06-09 11:56:00,1.22248,1.22258,1.22248,1.22258,36
2005-06-09 11:57:00,1.22238,1.22248,1.22228,1.22248,31
2005-06-09 11:58:00,1.22248,1.22248,1.22238,1.22238,28
2005-06-09 11:59:00,1.22268,1.22268,1.22248,1.22248,36
2005-06-09 12:00:00,1.22268,1.22268,1.22258,1.22268,36
2005-06-09 12:01:00,1.22258,1.22268,1.22258,1.22268,27
2005-06-09 12:02:00,1.22348,1.22348,1.22248,1.22258,55
2005-06-09 12:03:00,1.22398,1.22398,1.22328,1.22348,40
2005-06-09 12:04:00,1.22368,1.22408,1.22358,1.22408,46
2005-06-09 12:05:00,1.22368,1.22378,1.22358,1.22368,36
2005-06-09 12:06:00,1.22368,1.22378,1.22348,1.22368,49
2005-06-09 12:07:00,1.22378,1.22408,1.22368,1.22368,50
2005-06-09 12:08:00,1.22368,1.22398,1.22368,1.22378,46
2005-06-09 12:09:00,1.22388,1.22398,1.22368,1.22368,47
2005-06-09 12:10:00,1.22398,1.22398,1.22378,1.22378,46
2005-06-09 12:11:00,1.22382,1.22398,1.22372,1.22398,54
2005-06-09 12:12:00,1.22382,1.22382,1.22382,1.22382,25
2005-06-09 12:13:00,1.22386,1.22386,1.22372,1.22382,31
2005-06-09 12:14:00,1.22396,1.22416,1.22386,1.22386,52
2005-06-09 12:15:00,1.22394,1.22406,1.22384,1.22396,53
2005-06-09 12:16:00,1.22393,1.22404,1.22384,1.22394,46
2005-06-09 12:17:00,1.22404,1.22414,1.22393,1.22393,48
2005-06-09 12:18:00,1.22394,1.22404,1.22384,1.22404,49
2005-06-09 12:19:00,1.22394,1.22394,1.22394,1.22394,31
2005-06-09 12:20:00,1.22384,1.22394,1.22384,1.22394,33
2005-06-09 12:21:00,1.22384,1.22384,1.22384,1.22384,43
2005-06-09 12:22:00,1.22414,1.22424,1.22384,1.22384,48
2005-06-09 12:23:00,1.22424,1.22424,1.22404,1.22414,39
2005-06-09 12:24:00,1.22424,1.22434,1.22424,1.22434,35
2005-06-09 12:25:00,1.22404,1.22434,1.22404,1.22424,32
2005-06-09 12:26:00,1.22384,1.22404,1.22384,1.22404,44
2005-06-09 12:27:00,1.22374,1.22394,1.22374,1.22384,32
2005-06-09 12:28:00,1.22383,1.22383,1.22363,1.22374,37
2005-06-09 12:29:00,1.22383,1.22393,1.22383,1.22383,43
2005-06-09 12:30:00,1.22383,1.22393,1.22373,1.22383,43
2005-06-09 12:31:00,1.22403,1.22403,1.22373,1.22383,47
2005-06-09 12:32:00,1.22423,1.22423,1.22393,1.22403,46
2005-06-09 12:33:00,1.22428,1.22448,1.22417,1.22417,45
2005-06-09 12:34:00,1.22398,1.22428,1.22398,1.22428,32
2005-06-09 12:35:00,1.22382,1.22398,1.22378,1.22398,47
2005-06-09 12:36:00,1.22372,1.22382,1.22372,1.22382,23
2005-06-09 12:37:00,1.22422,1.22422,1.22372,1.22372,49
2005-06-09 12:38:00,1.22418,1.22422,1.22412,1.22422,38
2005-06-09 12:39:00,1.22438,1.22438,1.22408,1.22418,41
2005-06-09 12:40:00,1.22458,1.22478,1.22438,1.22438,50
2005-06-09 12:41:00,1.22458,1.22468,1.22448,1.22458,41
2005-06-09 12:42:00,1.22448,1.22458,1.22448,1.22458,27
2005-06-09 12:43:00,1.22428,1.22448,1.22428,1.22448,38
2005-06-09 12:44:00,1.22418,1.22428,1.22418,1.22428,22
2005-06-09 12:45:00,1.22428,1.22428,1.22408,1.22418,32
2005-06-09 12:46:00,1.22428,1.22438,1.22428,1.22428,33
2005-06-09 12:47:00,1.22428,1.22428,1.22418,1.22428,23
2005-06-09 12:48:00,1.22418,1.22428,1.22418,1.22428,41
2005-06-09 12:49:00,1.22408,1.22428,1.22408,1.22418,30
2005-06-09 12:50:00,1.22408,1.22418,1.22408,1.22408,24
2005-06-09 12:51:00,1.22388,1.22418,1.22388,1.22408,41
2005-06-09 12:52:00,1.22404,1.22404,1.22388,1.22388,31
2005-06-09 12:53:00,1.22404,1.22404,1.22404,1.22404,17
2005-06-09 12:54:00,1.22374,1.22404,1.22374,1.22404,34
2005-06-09 12:55:00,1.22354,1.22374,1.22344,1.22374,42
2005-06-09 12:56:00,1.22314,1.22354,1.22314,1.22354,40
2005-06-09 12:57:00,1.22284,1.22324,1.22284,1.22304,48
2005-06-09 12:58:00,1.22308,1.22318,1.22284,1.22284,50
2005-06-09 12:59:00,1.22298,1.22308,1.22288,1.22308,39
2005-06-09 13:00:00,1.22318,1.22328,1.22298,1.22298,49
2005-06-09 13:01:00,1.22338,1.22338,1.22318,1.22328,44
2005-06-09 13:02:00,1.22368,1.22368,1.22328,1.22338,32
2005-06-09 13:03:00,1.22364,1.22388,1.22364,1.22368,39
2005-06-09 13:04:00,1.22364,1.22374,1.22364,1.22364,38
2005-06-09 13:05:00,1.22354,1.22364,1.22354,1.22364,37
2005-06-09 13:06:00,1.22364,1.22364,1.22344,1.22354,38
2005-06-09 13:07:00,1.22354,1.22364,1.22354,1.22364,22
2005-06-09 13:08:00,1.22364,1.22364,1.22344,1.22344,45
2005-06-09 13:09:00,1.22364,1.22364,1.22354,1.22364,34
2005-06-09 13:10:00,1.22344,1.22364,1.22344,1.22364,24
2005-06-09 13:11:00,1.22324,1.22344,1.22324,1.22344,37
2005-06-09 13:12:00,1.22324,1.22344,1.22324,1.22334,45
2005-06-09 13:13:00,1.22334,1.22334,1.22314,1.22324,43
2005-06-09 13:14:00,1.22334,1.22344,1.22324,1.22334,41
2005-06-09 13:15:00,1.22334,1.22334,1.22334,1.22334,21
2005-06-09 13:16:00,1.22348,1.22348,1.22324,1.22334,37
2005-06-09 13:17:00,1.22338,1.22348,1.22338,1.22348,40
2005-06-09 13:18:00,1.22308,1.22338,1.22308,1.22338,36
2005-06-09 13:19:00,1.22338,1.22338,1.22308,1.22308,45
2005-06-09 13:20:00,1.22318,1.22338,1.22318,1.22338,38
2005-06-09 13:21:00,1.22308,1.22328,1.22308,1.22328,18
2005-06-09 13:22:00,1.22318,1.22318,1.22308,1.22308,37
2005-06-09 13:23:00,1.22318,1.22328,1.22308,1.22318,27
2005-06-09 13:24:00,1.22298,1.22318,1.22298,1.22308,30
2005-06-09 13:25:00,1.22308,1.22318,1.22298,1.22298,32
2005-06-09 13:26:00,1.22338,1.22348,1.22308,1.22308,42
2005-06-09 13:27:00,1.22388,1.22388,1.22328,1.22338,41
2005-06-09 13:28:00,1.22384,1.22408,1.22378,1.22388,50
2005-06-09 13:29:00,1.22404,1.22404,1.22384,1.22394,43
2005-06-09 13:30:00,1.22394,1.22404,1.22374,1.22404,29
2005-06-09 13:31:00,1.22394,1.22404,1.22384,1.22394,40
2005-06-09 13:32:00,1.22354,1.22394,1.22354,1.22384,41
2005-06-09 13:33:00,1.22364,1.22364,1.22334,1.22354,36
2005-06-09 13:34:00,1.22364,1.22374,1.22354,1.22364,43
2005-06-09 13:35:00,1.22384,1.22394,1.22364,1.22364,42
2005-06-09 13:36:00,1.22394,1.22394,1.22384,1.22384,39
2005-06-09 13:37:00,1.22394,1.22394,1.22384,1.22394,35
2005-06-09 13:38:00,1.22404,1.22424,1.22394,1.22414,32
2005-06-09 13:39:00,1.22394,1.22404,1.22384,1.22404,46
2005-06-09 13:40:00,1.22394,1.22404,1.22384,1.22394,42
2005-06-09 13:41:00,1.22404,1.22414,1.22394,1.22404,39
2005-06-09 13:42:00,1.22394,1.22404,1.22394,1.22404,46
2005-06-09 13:43:00,1.22384,1.22404,1.22384,1.22394,47
2005-06-09 13:44:00,1.2239,1.2239,1.2238,1.22384,39
2005-06-09 13:45:00,1.2238,1.2239,1.2238,1.2239,40
2005-06-09 13:46:00,1.2237,1.2238,1.2237,1.2237,40
2005-06-09 13:47:00,1.2237,1.2238,1.2237,1.2237,32
2005-06-09 13:48:00,1.2237,1.2238,1.2237,1.2237,45
2005-06-09 13:49:00,1.2237,1.2238,1.2237,1.2237,39
2005-06-09 13:50:00,1.2237,1.2238,1.2237,1.2237,28
2005-06-09 13:51:00,1.2237,1.2238,1.2236,1.2236,44
2005-06-09 13:52:00,1.2236,1.2237,1.2236,1.2237,43
2005-06-09 13:53:00,1.2236,1.2236,1.2236,1.2236,24
2005-06-09 13:54:00,1.2235,1.2236,1.2234,1.2236,42
2005-06-09 13:55:00,1.2236,1.2237,1.2235,1.2235,42
2005-06-09 13:56:00,1.2236,1.2237,1.2235,1.2236,38
2005-06-09 13:57:00,1.2236,1.2237,1.2236,1.2236,35
2005-06-09 13:58:00,1.2236,1.2237,1.2235,1.2236,49
2005-06-09 13:59:00,1.2232,1.2236,1.2232,1.2236,44
2005-06-09 14:00:00,1.2236,1.2241,1.2232,1.2233,73
2005-06-09 14:01:00,1.223,1.2238,1.2227,1.2238,67
2005-06-09 14:02:00,1.2234,1.2236,1.223,1.223,47
2005-06-09 14:03:00,1.2238,1.2239,1.2232,1.2234,60
2005-06-09 14:04:00,1.2252,1.2252,1.2234,1.2238,63
2005-06-09 14:05:00,1.2254,1.2256,1.2251,1.2251,43
2005-06-09 14:06:00,1.2249,1.2252,1.2247,1.2251,41
2005-06-09 14:07:00,1.2243,1.2251,1.2243,1.2249,29
2005-06-09 14:08:00,1.2237,1.2241,1.2235,1.224,47
2005-06-09 14:09:00,1.2237,1.2239,1.2234,1.2237,45
2005-06-09 14:10:00,1.2239,1.224,1.2236,1.2238,51
2005-06-09 14:11:00,1.2241,1.2241,1.2236,1.2239,59
2005-06-09 14:12:00,1.2236,1.2242,1.2235,1.2241,52
2005-06-09 14:13:00,1.2228,1.2237,1.2227,1.2236,51
2005-06-09 14:14:00,1.2232,1.2232,1.2228,1.2228,48
2005-06-09 14:15:00,1.2231,1.2232,1.2228,1.2232,50
2005-06-09 14:16:00,1.2229,1.2232,1.2228,1.2231,46
2005-06-09 14:17:00,1.2232,1.2234,1.223,1.223,47
2005-06-09 14:18:00,1.2232,1.2232,1.2227,1.2232,46
2005-06-09 14:19:00,1.223,1.2232,1.2229,1.2232,46
2005-06-09 14:20:00,1.2228,1.2231,1.2226,1.223,46
2005-06-09 14:21:00,1.223,1.223,1.2227,1.2228,44
2005-06-09 14:22:00,1.2228,1.2231,1.2228,1.223,53
2005-06-09 14:23:00,1.2228,1.223,1.2227,1.2229,49
2005-06-09 14:24:00,1.222,1.2228,1.222,1.2228,48
2005-06-09 14:25:00,1.2212,1.2221,1.2206,1.2221,48
2005-06-09 14:26:00,1.221,1.2213,1.2205,1.2212,64
2005-06-09 14:27:00,1.221,1.221,1.22,1.2208,62
2005-06-09 14:28:00,1.2205,1.2213,1.2205,1.2211,49
2005-06-09 14:29:00,1.2207,1.2208,1.2203,1.2206,57
2005-06-09 14:30:00,1.2207,1.2208,1.2203,1.2207,49
2005-06-09 14:31:00,1.2196,1.2208,1.2195,1.2207,55
2005-06-09 14:32:00,1.2191,1.2199,1.2191,1.2197,57
2005-06-09 14:33:00,1.2186,1.2191,1.2184,1.2191,48
2005-06-09 14:34:00,1.2181,1.2185,1.2178,1.2185,26
2005-06-09 14:35:00,1.2185,1.2185,1.2179,1.218,57
2005-06-09 14:36:00,1.2188,1.2189,1.2185,1.2185,52
2005-06-09 14:37:00,1.2191,1.2191,1.2186,1.2188,53
2005-06-09 14:38:00,1.2187,1.219,1.2186,1.219,42
2005-06-09 14:39:00,1.2192,1.2193,1.2188,1.2188,28
2005-06-09 14:40:00,1.2193,1.2195,1.2191,1.2192,48
2005-06-09 14:41:00,1.2192,1.2194,1.2191,1.2194,42
2005-06-09 14:42:00,1.2193,1.2194,1.2189,1.2192,42
2005-06-09 14:43:00,1.2193,1.2194,1.219,1.2193,54
2005-06-09 14:44:00,1.2195,1.2196,1.2192,1.2193,42
2005-06-09 14:45:00,1.2192,1.2198,1.2192,1.2195,41
2005-06-09 14:46:00,1.2198,1.2201,1.2192,1.2193,51
2005-06-09 14:47:00,1.2196,1.2199,1.2195,1.2198,43
2005-06-09 14:48:00,1.2206,1.2208,1.2197,1.2197,48
2005-06-09 14:49:00,1.2202,1.2206,1.22,1.2206,46
2005-06-09 14:50:00,1.2203,1.2207,1.22,1.2201,55
2005-06-09 14:51:00,1.2206,1.2209,1.2202,1.2202,57
2005-06-09 14:52:00,1.2206,1.2209,1.2205,1.2206,54
2005-06-09 14:53:00,1.2205,1.2206,1.2203,1.2206,45
2005-06-09 14:54:00,1.2204,1.2205,1.2198,1.2205,53
2005-06-09 14:55:00,1.2201,1.2206,1.2201,1.2204,47
2005-06-09 14:56:00,1.2199,1.2201,1.2198,1.2201,52
2005-06-09 14:57:00,1.2199,1.2199,1.2195,1.2199,49
2005-06-09 14:58:00,1.2195,1.2201,1.2195,1.2199,53
2005-06-09 14:59:00,1.2192,1.2195,1.2192,1.2195,44
2005-06-09 15:00:00,1.2198,1.2198,1.2192,1.2193,54
2005-06-09 15:01:00,1.2202,1.2203,1.2198,1.2198,49
2005-06-09 15:02:00,1.2201,1.2204,1.22,1.2203,45
2005-06-09 15:03:00,1.2196,1.2201,1.2196,1.2201,40
2005-06-09 15:04:00,1.2202,1.2203,1.2193,1.2196,51
2005-06-09 15:05:00,1.2203,1.2206,1.2202,1.2202,56
2005-06-09 15:06:00,1.2205,1.2205,1.2203,1.2204,50
2005-06-09 15:07:00,1.2202,1.2206,1.2201,1.2205,50
2005-06-09 15:08:00,1.22,1.2205,1.2199,1.2202,48
2005-06-09 15:09:00,1.2199,1.2201,1.2197,1.22,46
2005-06-09 15:10:00,1.2204,1.2204,1.2199,1.2199,47
2005-06-09 15:11:00,1.2201,1.2205,1.2199,1.2204,50
2005-06-09 15:12:00,1.2201,1.2202,1.2199,1.2202,48
2005-06-09 15:13:00,1.2197,1.2202,1.2197,1.2201,41
2005-06-09 15:14:00,1.2199,1.22,1.2196,1.2196,49
2005-06-09 15:15:00,1.2202,1.2204,1.2199,1.2199,48
2005-06-09 15:16:00,1.2205,1.2205,1.2202,1.2202,48
2005-06-09 15:17:00,1.2204,1.2206,1.2201,1.2205,47
2005-06-09 15:18:00,1.2203,1.2204,1.2203,1.2204,43
2005-06-09 15:19:00,1.2201,1.2204,1.2198,1.2202,47
2005-06-09 15:20:00,1.2204,1.2204,1.22,1.22,43
2005-06-09 15:21:00,1.2202,1.2203,1.2201,1.2203,43
2005-06-09 15:22:00,1.2199,1.2202,1.2198,1.2202,52
2005-06-09 15:23:00,1.2199,1.22,1.2197,1.2199,44
2005-06-09 15:24:00,1.22,1.2201,1.2198,1.2199,42
2005-06-09 15:25:00,1.2203,1.2204,1.22,1.22,47
2005-06-09 15:26:00,1.2202,1.2203,1.2202,1.2203,45
2005-06-09 15:27:00,1.2203,1.2203,1.2202,1.2202,35
2005-06-09 15:28:00,1.2202,1.2204,1.2202,1.2203,48
2005-06-09 15:29:00,1.2204,1.2205,1.2202,1.2202,49
2005-06-09 15:30:00,1.2202,1.2204,1.2201,1.2204,47
2005-06-09 15:31:00,1.2203,1.2205,1.2202,1.2202,44
2005-06-09 15:32:00,1.22,1.2203,1.2199,1.2203,52
2005-06-09 15:33:00,1.2202,1.2202,1.2199,1.22,41
2005-06-09 15:34:00,1.2202,1.2204,1.2201,1.2202,43
2005-06-09 15:35:00,1.2204,1.2204,1.2202,1.2202,29
2005-06-09 15:36:00,1.2205,1.2206,1.2203,1.2205,55
2005-06-09 15:37:00,1.2205,1.2205,1.2202,1.2205,45
2005-06-09 15:38:00,1.2209,1.2209,1.2205,1.2205,48
2005-06-09 15:39:00,1.2214,1.2217,1.221,1.221,56
2005-06-09 15:40:00,1.2212,1.2215,1.2211,1.2214,48
2005-06-09 15:41:00,1.2218,1.2218,1.2212,1.2212,46
2005-06-09 15:42:00,1.222,1.2222,1.2217,1.2218,48
2005-06-09 15:43:00,1.2221,1.2222,1.2217,1.2219,54
2005-06-09 15:44:00,1.2216,1.2222,1.2216,1.2221,45
2005-06-09 15:45:00,1.2216,1.2216,1.2214,1.2216,42
2005-06-09 15:46:00,1.2218,1.2218,1.2216,1.2216,44
2005-06-09 15:47:00,1.2216,1.2218,1.2216,1.2218,40
2005-06-09 15:48:00,1.2217,1.2218,1.2212,1.2216,56
2005-06-09 15:49:00,1.2216,1.2217,1.2215,1.2217,42
2005-06-09 15:50:00,1.2219,1.222,1.2217,1.2217,51
2005-06-09 15:51:00,1.222,1.222,1.2217,1.2219,44
2005-06-09 15:52:00,1.2223,1.2223,1.2218,1.2219,52
2005-06-09 15:53:00,1.2218,1.2223,1.2218,1.2223,55
2005-06-09 15:54:00,1.2217,1.2218,1.2216,1.2218,40
2005-06-09 15:55:00,1.2216,1.2217,1.2215,1.2217,45
2005-06-09 15:56:00,1.2215,1.2216,1.2214,1.2216,47
2005-06-09 15:57:00,1.2216,1.2218,1.2215,1.2215,46
2005-06-09 15:58:00,1.2214,1.2217,1.2214,1.2216,44
2005-06-09 15:59:00,1.2215,1.2216,1.2214,1.2214,44
2005-06-09 16:00:00,1.2219,1.222,1.2215,1.2215,44
2005-06-09 16:01:00,1.2218,1.2221,1.2218,1.222,51
2005-06-09 16:02:00,1.2219,1.2219,1.2218,1.2218,49
2005-06-09 16:03:00,1.2218,1.2219,1.2218,1.2219,29
2005-06-09 16:04:00,1.2218,1.2219,1.2218,1.2218,38
2005-06-09 16:05:00,1.2219,1.2219,1.2218,1.2218,32
2005-06-09 16:06:00,1.2222,1.2222,1.2219,1.2219,27
2005-06-09 16:07:00,1.2221,1.2224,1.2221,1.2222,41
2005-06-09 16:08:00,1.2221,1.2221,1.222,1.2221,12
2005-06-09 16:09:00,1.2225,1.2225,1.2221,1.2221,35
2005-06-09 16:10:00,1.2221,1.2226,1.2221,1.2225,56
2005-06-09 16:11:00,1.2222,1.2225,1.2221,1.2221,41
2005-06-09 16:12:00,1.2221,1.2223,1.222,1.2222,45
2005-06-09 16:13:00,1.222,1.2221,1.2219,1.2221,41
2005-06-09 16:14:00,1.222,1.2221,1.2218,1.222,50
2005-06-09 16:15:00,1.2222,1.2222,1.2219,1.222,46
2005-06-09 16:16:00,1.2223,1.2224,1.2221,1.2221,35
2005-06-09 16:17:00,1.2225,1.2225,1.2223,1.2223,27
2005-06-09 16:18:00,1.2223,1.2226,1.2223,1.2225,43
2005-06-09 16:19:00,1.2223,1.2223,1.2222,1.2223,34
2005-06-09 16:20:00,1.2222,1.2223,1.222,1.2223,42
2005-06-09 16:21:00,1.2222,1.2222,1.2221,1.2221,38
2005-06-09 16:22:00,1.2222,1.2222,1.2221,1.2221,36
2005-06-09 16:23:00,1.2222,1.2222,1.2221,1.2222,29
2005-06-09 16:24:00,1.2225,1.2225,1.2222,1.2222,45
2005-06-09 16:25:00,1.2222,1.2226,1.2222,1.2225,40
2005-06-09 16:26:00,1.2223,1.2223,1.2221,1.2222,35
2005-06-09 16:27:00,1.2225,1.2226,1.2223,1.2223,45
2005-06-09 16:28:00,1.2224,1.2226,1.2224,1.2225,35
2005-06-09 16:29:00,1.2223,1.2224,1.2222,1.2224,33
2005-06-09 16:30:00,1.2222,1.2223,1.2222,1.2223,32
2005-06-09 16:31:00,1.2221,1.2223,1.2221,1.2222,32
2005-06-09 16:32:00,1.2222,1.2222,1.2221,1.2222,44
2005-06-09 16:33:00,1.2223,1.2223,1.2222,1.2222,38
2005-06-09 16:34:00,1.2223,1.2223,1.2222,1.2223,26
2005-06-09 16:35:00,1.2222,1.2223,1.2221,1.2223,27
2005-06-09 16:36:00,1.2222,1.2223,1.2221,1.2222,37
2005-06-09 16:37:00,1.2221,1.2223,1.222,1.2222,37
2005-06-09 16:38:00,1.2222,1.2222,1.2221,1.2221,44
2005-06-09 16:39:00,1.2224,1.2224,1.2222,1.2222,35
2005-06-09 16:40:00,1.2225,1.2225,1.2222,1.2224,44
2005-06-09 16:41:00,1.2225,1.2225,1.2224,1.2225,20
2005-06-09 16:42:00,1.2225,1.2226,1.2224,1.2225,36
2005-06-09 16:43:00,1.2226,1.2227,1.2224,1.2225,41
2005-06-09 16:44:00,1.2232,1.2233,1.2226,1.2226,53
2005-06-09 16:45:00,1.2229,1.2234,1.2227,1.2231,52
2005-06-09 16:46:00,1.2229,1.2231,1.2228,1.2229,47
2005-06-09 16:47:00,1.2228,1.2229,1.2227,1.2229,42
2005-06-09 16:48:00,1.2227,1.2231,1.2227,1.2228,51
2005-06-09 16:49:00,1.223,1.223,1.2227,1.2227,44
2005-06-09 16:50:00,1.2231,1.2232,1.223,1.223,40
2005-06-09 16:51:00,1.2235,1.2235,1.223,1.2231,41
2005-06-09 16:52:00,1.2236,1.2237,1.2235,1.2236,55
2005-06-09 16:53:00,1.2236,1.2236,1.2235,1.2236,19
2005-06-09 16:54:00,1.2235,1.2239,1.2235,1.2236,39
2005-06-09 16:55:00,1.2237,1.2237,1.2234,1.2235,36
2005-06-09 16:56:00,1.2236,1.2238,1.2235,1.2237,38
2005-06-09 16:57:00,1.2234,1.2236,1.2233,1.2236,37
2005-06-09 16:58:00,1.2235,1.2236,1.2234,1.2234,40
2005-06-09 16:59:00,1.2238,1.2238,1.2235,1.2235,31
2005-06-09 17:00:00,1.2236,1.2241,1.2235,1.2238,47
2005-06-09 17:01:00,1.2234,1.2236,1.2232,1.2236,43
2005-06-09 17:02:00,1.2233,1.2233,1.2232,1.2233,36
2005-06-09 17:03:00,1.2234,1.2234,1.2233,1.2233,19
2005-06-09 17:04:00,1.2233,1.2234,1.2233,1.2234,32
2005-06-09 17:05:00,1.2233,1.2233,1.2233,1.2233,12
2005-06-09 17:06:00,1.223,1.2233,1.2229,1.2233,39
2005-06-09 17:07:00,1.2229,1.223,1.2228,1.223,52
2005-06-09 17:08:00,1.2227,1.2229,1.2225,1.2229,47
2005-06-09 17:09:00,1.2226,1.2227,1.2225,1.2227,46
2005-06-09 17:10:00,1.2224,1.2226,1.2224,1.2226,29
2005-06-09 17:11:00,1.2223,1.2225,1.2223,1.2224,46
2005-06-09 17:12:00,1.2223,1.2224,1.2223,1.2223,39
2005-06-09 17:13:00,1.2223,1.2223,1.2222,1.2223,43
2005-06-09 17:14:00,1.2224,1.2224,1.2223,1.2223,20
2005-06-09 17:15:00,1.2223,1.2224,1.2223,1.2224,19
2005-06-09 17:16:00,1.2224,1.2224,1.2223,1.2223,9
2005-06-09 17:17:00,1.2224,1.2226,1.2224,1.2224,38
2005-06-09 17:18:00,1.2228,1.2228,1.2224,1.2224,39
2005-06-09 17:19:00,1.223,1.223,1.2227,1.2227,47
2005-06-09 17:20:00,1.2231,1.2231,1.2228,1.223,50
2005-06-09 17:21:00,1.2235,1.2237,1.2231,1.2231,54
2005-06-09 17:22:00,1.2237,1.2238,1.2233,1.2235,57
2005-06-09 17:23:00,1.2235,1.2239,1.2235,1.2237,45
2005-06-09 17:24:00,1.2236,1.2236,1.2235,1.2235,32
2005-06-09 17:25:00,1.2235,1.2236,1.2234,1.2236,42
2005-06-09 17:26:00,1.2234,1.2235,1.2234,1.2234,42
2005-06-09 17:27:00,1.2232,1.2235,1.2232,1.2234,41
2005-06-09 17:28:00,1.2232,1.2232,1.2231,1.2232,35
2005-06-09 17:29:00,1.2231,1.2232,1.223,1.2232,34
2005-06-09 17:30:00,1.2231,1.2232,1.2231,1.2232,46
2005-06-09 17:31:00,1.2227,1.2231,1.2227,1.2231,39
2005-06-09 17:32:00,1.2227,1.2229,1.2227,1.2228,50
2005-06-09 17:33:00,1.2227,1.2228,1.2227,1.2227,26
2005-06-09 17:34:00,1.2226,1.2228,1.2226,1.2227,32
2005-06-09 17:35:00,1.2226,1.2227,1.2225,1.2226,29
2005-06-09 17:36:00,1.2226,1.2226,1.2226,1.2226,21
2005-06-09 17:37:00,1.2225,1.2226,1.2224,1.2224,32
2005-06-09 17:38:00,1.2226,1.2227,1.2225,1.2225,34
2005-06-09 17:39:00,1.2227,1.2228,1.2226,1.2226,37
2005-06-09 17:40:00,1.2226,1.2227,1.2226,1.2227,24
2005-06-09 17:41:00,1.2226,1.2226,1.2225,1.2226,25
2005-06-09 17:42:00,1.2225,1.2226,1.2225,1.2226,26
2005-06-09 17:43:00,1.2226,1.2227,1.2226,1.2226,42
2005-06-09 17:44:00,1.2225,1.2227,1.2224,1.2227,31
2005-06-09 17:45:00,1.2228,1.2228,1.2225,1.2225,32
2005-06-09 17:46:00,1.2227,1.2228,1.2227,1.2228,30
2005-06-09 17:47:00,1.2226,1.2227,1.2226,1.2227,20
2005-06-09 17:48:00,1.2226,1.2226,1.2225,1.2225,27
2005-06-09 17:49:00,1.2227,1.2228,1.2226,1.2226,26
2005-06-09 17:50:00,1.2228,1.2229,1.2227,1.2227,36
2005-06-09 17:51:00,1.2229,1.2231,1.2228,1.2228,43
2005-06-09 17:52:00,1.2229,1.2229,1.2228,1.2229,27
2005-06-09 17:53:00,1.2231,1.2231,1.2229,1.2229,25
2005-06-09 17:54:00,1.2228,1.2231,1.2228,1.2231,41
2005-06-09 17:55:00,1.2228,1.2228,1.2226,1.2228,38
2005-06-09 17:56:00,1.2229,1.2229,1.2227,1.2228,42
2005-06-09 17:57:00,1.2227,1.2229,1.2227,1.2227,31
2005-06-09 17:58:00,1.2228,1.2228,1.2227,1.2227,20
2005-06-09 17:59:00,1.2227,1.2228,1.2227,1.2228,14
2005-06-09 18:00:00,1.2229,1.223,1.2226,1.2227,48
2005-06-09 18:01:00,1.2228,1.223,1.2228,1.2229,28
2005-06-09 18:02:00,1.2226,1.2228,1.2226,1.2228,31
2005-06-09 18:03:00,1.2225,1.2228,1.2224,1.2227,49
2005-06-09 18:04:00,1.2224,1.2225,1.2224,1.2225,39
2005-06-09 18:05:00,1.2226,1.2227,1.2224,1.2224,34
2005-06-09 18:06:00,1.2223,1.2226,1.2223,1.2226,29
2005-06-09 18:07:00,1.2223,1.2224,1.2223,1.2224,30
2005-06-09 18:08:00,1.2223,1.2223,1.2221,1.2223,32
2005-06-09 18:09:00,1.2223,1.2223,1.2222,1.2223,18
2005-06-09 18:10:00,1.2223,1.2224,1.2223,1.2223,42
2005-06-09 18:11:00,1.2224,1.2225,1.2223,1.2223,37
2005-06-09 18:12:00,1.2224,1.2224,1.2224,1.2224,9
2005-06-09 18:13:00,1.2222,1.2223,1.2222,1.2223,40
2005-06-09 18:14:00,1.2223,1.2224,1.2222,1.2222,44
2005-06-09 18:15:00,1.2222,1.2223,1.2222,1.2223,30
2005-06-09 18:16:00,1.2223,1.2223,1.2222,1.2222,20
2005-06-09 18:17:00,1.2221,1.2223,1.2221,1.2223,38
2005-06-09 18:18:00,1.2221,1.2223,1.2221,1.2221,32
2005-06-09 18:19:00,1.2223,1.2223,1.2221,1.2221,40
2005-06-09 18:20:00,1.2222,1.2223,1.2222,1.2223,22
2005-06-09 18:21:00,1.2222,1.2223,1.2222,1.2223,20
2005-06-09 18:22:00,1.2224,1.2224,1.2222,1.2222,29
2005-06-09 18:23:00,1.2225,1.2225,1.2224,1.2224,17
2005-06-09 18:24:00,1.2225,1.2225,1.2224,1.2225,32
2005-06-09 18:25:00,1.2223,1.2225,1.2222,1.2225,41
2005-06-09 18:26:00,1.2222,1.2223,1.2222,1.2223,14
2005-06-09 18:27:00,1.2223,1.2223,1.2222,1.2222,19
2005-06-09 18:28:00,1.2223,1.2223,1.2223,1.2223,19
2005-06-09 18:29:00,1.2223,1.2224,1.2223,1.2223,14
2005-06-09 18:30:00,1.2223,1.2224,1.2223,1.2223,7
2005-06-09 18:31:00,1.2223,1.2224,1.2223,1.2223,36
2005-06-09 18:32:00,1.2222,1.2223,1.2222,1.2223,16
2005-06-09 18:33:00,1.2223,1.2223,1.2222,1.2223,30
2005-06-09 18:34:00,1.2224,1.2225,1.2223,1.2223,39
2005-06-09 18:35:00,1.2223,1.2224,1.2221,1.2224,45
2005-06-09 18:36:00,1.2222,1.2223,1.2222,1.2223,20
2005-06-09 18:37:00,1.2221,1.2222,1.2219,1.2222,48
2005-06-09 18:38:00,1.222,1.2221,1.222,1.2221,26
2005-06-09 18:39:00,1.222,1.2221,1.222,1.222,43
2005-06-09 18:40:00,1.2222,1.2222,1.2219,1.222,45
2005-06-09 18:41:00,1.2223,1.2224,1.2222,1.2222,38
2005-06-09 18:42:00,1.2224,1.2224,1.2223,1.2223,34
2005-06-09 18:43:00,1.222,1.2224,1.2219,1.2224,42
2005-06-09 18:44:00,1.2219,1.2221,1.2219,1.2221,37
2005-06-09 18:45:00,1.2217,1.2219,1.2216,1.2219,37
2005-06-09 18:46:00,1.2217,1.2217,1.2214,1.2217,43
2005-06-09 18:47:00,1.2216,1.2219,1.2216,1.2217,49
2005-06-09 18:48:00,1.2216,1.2217,1.2214,1.2216,47
2005-06-09 18:49:00,1.2218,1.2218,1.2216,1.2216,28
2005-06-09 18:50:00,1.2217,1.2218,1.2217,1.2218,34
2005-06-09 18:51:00,1.2216,1.2217,1.2215,1.2217,35
2005-06-09 18:52:00,1.2217,1.2217,1.2216,1.2216,31
2005-06-09 18:53:00,1.2218,1.2218,1.2217,1.2217,34
2005-06-09 18:54:00,1.2218,1.2218,1.2218,1.2218,8
2005-06-09 18:55:00,1.2218,1.2218,1.2217,1.2217,25
2005-06-09 18:56:00,1.2218,1.2218,1.2217,1.2218,22
2005-06-09 18:57:00,1.2219,1.2219,1.2218,1.2218,26
2005-06-09 18:58:00,1.2218,1.2219,1.2218,1.2219,11
2005-06-09 18:59:00,1.2217,1.2218,1.2217,1.2218,23
2005-06-09 19:00:00,1.2218,1.2218,1.2217,1.2217,34
2005-06-09 19:01:00,1.2218,1.2219,1.2218,1.2218,34
2005-06-09 19:02:00,1.2218,1.2219,1.2218,1.2218,22
2005-06-09 19:03:00,1.2218,1.2219,1.2218,1.2218,21
2005-06-09 19:04:00,1.2218,1.2218,1.2218,1.2218,6
2005-06-09 19:05:00,1.2219,1.2219,1.2218,1.2218,16
2005-06-09 19:06:00,1.222,1.222,1.2219,1.2219,12
2005-06-09 19:07:00,1.2219,1.222,1.2219,1.2219,29
2005-06-09 19:08:00,1.2219,1.2219,1.2219,1.2219,25
2005-06-09 19:09:00,1.2219,1.222,1.2219,1.2219,26
2005-06-09 19:10:00,1.2219,1.2219,1.2219,1.2219,7
2005-06-09 19:11:00,1.2219,1.2219,1.2219,1.2219,3
2005-06-09 19:12:00,1.2219,1.2219,1.2219,1.2219,7
2005-06-09 19:13:00,1.2219,1.2219,1.2219,1.2219,6
2005-06-09 19:14:00,1.2219,1.2219,1.2218,1.2219,20
2005-06-09 19:15:00,1.2218,1.2219,1.2218,1.2219,13
2005-06-09 19:16:00,1.2218,1.2218,1.2218,1.2218,19
2005-06-09 19:17:00,1.2218,1.2218,1.2218,1.2218,4
2005-06-09 19:18:00,1.2219,1.2219,1.2219,1.2219,18
2005-06-09 19:19:00,1.2222,1.2222,1.2219,1.2219,24
2005-06-09 19:20:00,1.2221,1.2222,1.222,1.2222,31
2005-06-09 19:21:00,1.2221,1.2221,1.222,1.2221,20
2005-06-09 19:22:00,1.222,1.222,1.222,1.222,11
2005-06-09 19:23:00,1.222,1.222,1.222,1.222,8
2005-06-09 19:24:00,1.2222,1.2222,1.2221,1.2221,22
2005-06-09 19:25:00,1.2221,1.2222,1.2221,1.2222,20
2005-06-09 19:26:00,1.2221,1.2221,1.2221,1.2221,12
2005-06-09 19:27:00,1.2221,1.2221,1.2221,1.2221,5
2005-06-09 19:28:00,1.2222,1.2222,1.2221,1.2221,29
2005-06-09 19:29:00,1.2222,1.2223,1.2222,1.2222,14
2005-06-09 19:30:00,1.2222,1.2222,1.2221,1.2222,14
2005-06-09 19:31:00,1.222,1.2222,1.222,1.2222,33
2005-06-09 19:32:00,1.2221,1.2222,1.222,1.222,36
2005-06-09 19:33:00,1.2221,1.2221,1.2221,1.2221,10
2005-06-09 19:34:00,1.2221,1.2221,1.222,1.2221,18
2005-06-09 19:35:00,1.2222,1.2222,1.2221,1.2221,11
2005-06-09 19:36:00,1.2223,1.2223,1.2222,1.2222,19
2005-06-09 19:37:00,1.2223,1.2223,1.2223,1.2223,13
2005-06-09 19:38:00,1.2223,1.2223,1.2222,1.2223,19
2005-06-09 19:39:00,1.2224,1.2225,1.2223,1.2223,35
2005-06-09 19:40:00,1.2224,1.2224,1.2223,1.2224,32
2005-06-09 19:41:00,1.2224,1.2224,1.2224,1.2224,9
2005-06-09 19:42:00,1.2223,1.2224,1.2222,1.2224,42
2005-06-09 19:43:00,1.2222,1.2223,1.2221,1.2223,27
2005-06-09 19:44:00,1.2221,1.2222,1.2221,1.2222,12
2005-06-09 19:45:00,1.222,1.2221,1.222,1.2221,16
2005-06-09 19:46:00,1.2219,1.222,1.2219,1.222,27
2005-06-09 19:47:00,1.222,1.2221,1.2219,1.2219,12
2005-06-09 19:48:00,1.2219,1.222,1.2219,1.222,26
2005-06-09 19:49:00,1.2219,1.222,1.2219,1.2219,18
2005-06-09 19:50:00,1.2218,1.2219,1.2218,1.2219,24
2005-06-09 19:51:00,1.2219,1.2219,1.2218,1.2218,10
2005-06-09 19:52:00,1.2218,1.2219,1.2218,1.2219,18
2005-06-09 19:53:00,1.2218,1.2219,1.2218,1.2218,10
2005-06-09 19:54:00,1.2218,1.2218,1.2218,1.2218,8
2005-06-09 19:55:00,1.2218,1.2218,1.2218,1.2218,7
2005-06-09 19:56:00,1.2218,1.2218,1.2218,1.2218,5
2005-06-09 19:57:00,1.2218,1.2218,1.2218,1.2218,5
2005-06-09 19:58:00,1.2219,1.222,1.2218,1.2218,21
2005-06-09 19:59:00,1.2219,1.2219,1.2219,1.2219,10
2005-06-09 20:00:00,1.222,1.222,1.222,1.222,9
2005-06-09 20:01:00,1.222,1.222,1.222,1.222,4
2005-06-09 20:02:00,1.2221,1.2221,1.222,1.222,3
2005-06-09 20:03:00,1.2221,1.2221,1.2221,1.2221,2
2005-06-09 20:04:00,1.222,1.222,1.222,1.222,3
2005-06-09 20:05:00,1.2221,1.2221,1.222,1.222,3
2005-06-09 20:06:00,1.2221,1.2221,1.2221,1.2221,2
2005-06-09 20:07:00,1.2222,1.2222,1.222,1.2221,8
2005-06-09 20:08:00,1.2223,1.2223,1.2221,1.2222,8
2005-06-09 20:09:00,1.2223,1.2224,1.2222,1.2222,7
2005-06-09 20:10:00,1.2223,1.2224,1.2222,1.2222,10
2005-06-09 20:11:00,1.2223,1.2223,1.2222,1.2223,6
2005-06-09 20:12:00,1.2223,1.2223,1.2222,1.2223,10
2005-06-09 20:13:00,1.2223,1.2223,1.2222,1.2222,9
2005-06-09 20:14:00,1.2223,1.2223,1.2222,1.2223,7
2005-06-09 20:15:00,1.2221,1.2223,1.2221,1.2223,16
2005-06-09 20:16:00,1.2221,1.2222,1.2221,1.2222,13
2005-06-09 20:17:00,1.2221,1.2222,1.2221,1.2222,4
2005-06-09 20:18:00,1.2221,1.2222,1.2221,1.2222,5
2005-06-09 20:19:00,1.2221,1.2221,1.2221,1.2221,2
2005-06-09 20:20:00,1.2221,1.2222,1.2221,1.2222,7
2005-06-09 20:21:00,1.2222,1.2222,1.2221,1.2221,6
2005-06-09 20:22:00,1.2221,1.2221,1.2221,1.2221,3
2005-06-09 20:23:00,1.2221,1.2222,1.2221,1.2221,4
2005-06-09 20:24:00,1.2222,1.2222,1.2221,1.2222,6
2005-06-09 20:25:00,1.2223,1.2223,1.2221,1.2221,9
2005-06-09 20:26:00,1.2224,1.2226,1.2223,1.2223,12
2005-06-09 20:27:00,1.2225,1.2226,1.2225,1.2225,8
2005-06-09 20:28:00,1.2227,1.2227,1.2224,1.2225,8
2005-06-09 20:29:00,1.2226,1.2227,1.2226,1.2227,5
2005-06-09 20:30:00,1.2226,1.2227,1.2226,1.2226,4
2005-06-09 20:31:00,1.2225,1.2227,1.2225,1.2226,6
2005-06-09 20:34:00,1.2226,1.2226,1.2226,1.2226,2
2005-06-09 20:35:00,1.2226,1.2226,1.2226,1.2226,2
2005-06-09 20:36:00,1.2227,1.2227,1.2226,1.2226,3
2005-06-09 20:37:00,1.2227,1.2228,1.2227,1.2228,10
2005-06-09 20:38:00,1.2227,1.2228,1.2227,1.2228,4
2005-06-09 20:39:00,1.2228,1.2228,1.2227,1.2227,2
2005-06-09 20:40:00,1.2228,1.2228,1.2228,1.2228,5
2005-06-09 20:41:00,1.2227,1.2227,1.2227,1.2227,3
2005-06-09 20:42:00,1.2228,1.2228,1.2227,1.2227,3
2005-06-09 20:43:00,1.2228,1.2228,1.2228,1.2228,2
2005-06-09 20:44:00,1.2227,1.2228,1.2226,1.2228,5
2005-06-09 20:45:00,1.2226,1.2228,1.2226,1.2228,7
2005-06-09 20:46:00,1.2227,1.2227,1.2227,1.2227,3
2005-06-09 20:47:00,1.2227,1.2227,1.2226,1.2226,8
2005-06-09 20:48:00,1.2227,1.2227,1.2227,1.2227,4
2005-06-09 20:49:00,1.2227,1.2228,1.2227,1.2227,6
2005-06-09 20:50:00,1.223,1.2232,1.2228,1.2228,13
2005-06-09 20:51:00,1.2231,1.2232,1.223,1.223,13
2005-06-09 20:52:00,1.2232,1.2232,1.223,1.223,8
2005-06-09 20:53:00,1.2232,1.2232,1.2232,1.2232,2
2005-06-09 20:54:00,1.223,1.2231,1.223,1.2231,4
2005-06-09 20:55:00,1.223,1.223,1.223,1.223,4
2005-06-09 20:56:00,1.2231,1.2231,1.223,1.223,3
2005-06-09 20:57:00,1.223,1.2231,1.223,1.2231,3
2005-06-09 20:58:00,1.2232,1.2232,1.223,1.223,5
2005-06-09 20:59:00,1.223,1.2232,1.223,1.2232,12
2005-06-09 21:00:00,1.2232,1.2233,1.2231,1.2231,14
2005-06-09 21:01:00,1.2231,1.2233,1.2231,1.2233,6
2005-06-09 21:02:00,1.223,1.2231,1.223,1.223,9
2005-06-09 21:03:00,1.223,1.2231,1.223,1.223,5
2005-06-09 21:04:00,1.223,1.2231,1.223,1.2231,6
2005-06-09 21:05:00,1.2231,1.2231,1.223,1.223,3
2005-06-09 21:06:00,1.2232,1.2232,1.2231,1.2231,2
2005-06-09 21:07:00,1.2232,1.2232,1.2232,1.2232,2
2005-06-09 21:08:00,1.2231,1.2231,1.2231,1.2231,5
2005-06-09 21:09:00,1.2231,1.2231,1.2231,1.2231,2
2005-06-09 21:10:00,1.2231,1.2231,1.2231,1.2231,1
2005-06-09 21:11:00,1.2233,1.2233,1.2231,1.2231,5
2005-06-09 21:12:00,1.2234,1.2234,1.2232,1.2233,10
2005-06-09 21:13:00,1.2233,1.2235,1.2232,1.2234,9
2005-06-09 21:14:00,1.2233,1.2234,1.2233,1.2233,4
2005-06-09 21:15:00,1.2233,1.2233,1.2233,1.2233,6
2005-06-09 21:16:00,1.2233,1.2233,1.2233,1.2233,5
2005-06-09 21:17:00,1.2234,1.2234,1.2233,1.2233,4
2005-06-09 21:18:00,1.2233,1.2234,1.2233,1.2234,4
2005-06-09 21:19:00,1.2234,1.2235,1.2234,1.2234,5
2005-06-09 21:20:00,1.2234,1.2234,1.2234,1.2234,3
2005-06-09 21:21:00,1.2234,1.2234,1.2234,1.2234,3
2005-06-09 21:22:00,1.2233,1.2234,1.2233,1.2234,3
2005-06-09 21:23:00,1.2232,1.2233,1.2232,1.2233,6
2005-06-09 21:24:00,1.2232,1.2232,1.2232,1.2232,3
2005-06-09 21:25:00,1.2232,1.2232,1.2232,1.2232,3
2005-06-09 21:26:00,1.2232,1.2232,1.2231,1.2232,5
2005-06-09 21:27:00,1.2234,1.2234,1.2232,1.2232,6
2005-06-09 21:28:00,1.2233,1.2234,1.2233,1.2234,3
2005-06-09 21:29:00,1.2233,1.2233,1.2233,1.2233,2
2005-06-09 21:30:00,1.2233,1.2235,1.2232,1.2234,9
2005-06-09 21:31:00,1.2233,1.2233,1.2233,1.2233,2
2005-06-09 21:32:00,1.2233,1.2234,1.2233,1.2233,6
2005-06-09 21:33:00,1.2231,1.2233,1.2231,1.2232,7
2005-06-09 21:34:00,1.2231,1.2232,1.223,1.2232,6
2005-06-09 21:35:00,1.223,1.2231,1.2229,1.2229,9
2005-06-09 21:36:00,1.223,1.223,1.223,1.223,2
2005-06-09 21:37:00,1.223,1.223,1.223,1.223,2
2005-06-09 21:38:00,1.2229,1.2229,1.2229,1.2229,3
2005-06-09 21:39:00,1.2229,1.2229,1.2229,1.2229,2
2005-06-09 21:40:00,1.2229,1.223,1.2228,1.2228,9
2005-06-09 21:41:00,1.2229,1.2229,1.2229,1.2229,3
2005-06-09 21:42:00,1.2228,1.2229,1.2227,1.2229,7
2005-06-09 21:43:00,1.2226,1.2228,1.2226,1.2228,8
2005-06-09 21:44:00,1.2227,1.2228,1.2227,1.2228,4
2005-06-09 21:45:00,1.2227,1.2228,1.2227,1.2227,4
2005-06-09 21:46:00,1.2227,1.2227,1.2226,1.2227,5
2005-06-09 21:47:00,1.223,1.2232,1.2226,1.2226,10
2005-06-09 21:48:00,1.2229,1.223,1.2229,1.223,7
2005-06-09 21:49:00,1.2229,1.2229,1.2229,1.2229,6
2005-06-09 21:50:00,1.2229,1.223,1.2229,1.223,4
2005-06-09 21:51:00,1.2229,1.2229,1.2229,1.2229,2
2005-06-09 21:52:00,1.2229,1.2229,1.2229,1.2229,2
2005-06-09 21:53:00,1.2228,1.223,1.2228,1.2229,5
2005-06-09 21:54:00,1.2229,1.2229,1.2229,1.2229,4
2005-06-09 21:55:00,1.2229,1.2229,1.2229,1.2229,2
2005-06-09 21:56:00,1.223,1.223,1.223,1.223,1
2005-06-09 21:57:00,1.223,1.223,1.223,1.223,2
2005-06-09 21:58:00,1.223,1.223,1.2229,1.223,4
2005-06-09 21:59:00,1.223,1.223,1.2229,1.2229,5
2005-06-09 22:00:00,1.223,1.223,1.223,1.223,2
2005-06-09 22:01:00,1.2229,1.223,1.2229,1.223,5
2005-06-09 22:02:00,1.2229,1.2229,1.2229,1.2229,2
2005-06-09 22:03:00,1.2229,1.223,1.2229,1.2229,8
2005-06-09 22:04:00,1.2229,1.223,1.2229,1.223,4
2005-06-09 22:05:00,1.22286,1.2229,1.22286,1.2229,3
2005-06-09 22:06:00,1.22276,1.22286,1.22276,1.22286,3
2005-06-09 22:07:00,1.22286,1.22286,1.22276,1.22276,7
2005-06-09 22:08:00,1.22276,1.22286,1.22276,1.22276,6
2005-06-09 22:09:00,1.22276,1.22276,1.22266,1.22266,4
2005-06-09 22:10:00,1.22286,1.22286,1.22286,1.22286,3
2005-06-09 22:11:00,1.22276,1.22276,1.22276,1.22276,3
2005-06-09 22:12:00,1.22286,1.22286,1.22276,1.22276,4
2005-06-09 22:13:00,1.22286,1.22286,1.22286,1.22286,2
2005-06-09 22:14:00,1.22286,1.22286,1.22286,1.22286,4
2005-06-09 22:15:00,1.22296,1.22306,1.22296,1.22296,10
2005-06-09 22:16:00,1.22296,1.22296,1.22296,1.22296,4
2005-06-09 22:17:00,1.22296,1.22296,1.22296,1.22296,2
2005-06-09 22:18:00,1.22296,1.22296,1.22296,1.22296,3
2005-06-09 22:19:00,1.22296,1.22296,1.22296,1.22296,4
2005-06-09 22:20:00,1.22296,1.22296,1.22296,1.22296,2
2005-06-09 22:21:00,1.22296,1.22296,1.22296,1.22296,2
2005-06-09 22:22:00,1.22296,1.22296,1.22296,1.22296,2
2005-06-09 22:23:00,1.22296,1.22296,1.22296,1.22296,2
2005-06-09 22:24:00,1.22316,1.22316,1.22296,1.22296,5
2005-06-09 22:25:00,1.22316,1.22316,1.22316,1.22316,2
2005-06-09 22:26:00,1.22316,1.22316,1.22316,1.22316,3
2005-06-09 22:27:00,1.22306,1.22316,1.22306,1.22316,3
2005-06-09 22:28:00,1.22296,1.22306,1.22296,1.22306,3
2005-06-09 22:29:00,1.22296,1.22296,1.22296,1.22296,2
2005-06-09 22:30:00,1.22296,1.22296,1.22296,1.22296,2
2005-06-09 22:31:00,1.22296,1.22296,1.22286,1.22296,5
2005-06-09 22:32:00,1.22286,1.22296,1.22286,1.22296,8
2005-06-09 22:33:00,1.22286,1.22286,1.22286,1.22286,2
2005-06-09 22:34:00,1.22286,1.22286,1.22286,1.22286,2
2005-06-09 22:35:00,1.22286,1.22286,1.22286,1.22286,2
2005-06-09 22:36:00,1.22286,1.22286,1.22286,1.22286,2
2005-06-09 22:37:00,1.22296,1.22296,1.22286,1.22296,5
2005-06-09 22:38:00,1.22296,1.22296,1.22296,1.22296,2
2005-06-09 22:39:00,1.22296,1.22306,1.22296,1.22306,4
2005-06-09 22:40:00,1.22296,1.22296,1.22296,1.22296,2
2005-06-09 22:41:00,1.22296,1.22296,1.22296,1.22296,2
2005-06-09 22:42:00,1.22286,1.22286,1.22286,1.22286,3
2005-06-09 22:43:00,1.22286,1.22286,1.22286,1.22286,2
2005-06-09 22:44:00,1.22276,1.22286,1.22276,1.22286,7
2005-06-09 22:45:00,1.22266,1.22276,1.22266,1.22276,4
2005-06-09 22:46:00,1.22266,1.22276,1.22266,1.22266,4
2005-06-09 22:47:00,1.22256,1.22266,1.22256,1.22266,4
2005-06-09 22:48:00,1.22266,1.22266,1.22256,1.22266,7
2005-06-09 22:49:00,1.22266,1.22266,1.22266,1.22266,3
2005-06-09 22:50:00,1.22276,1.22286,1.22276,1.22276,7
2005-06-09 22:51:00,1.22266,1.22276,1.22266,1.22276,4
2005-06-09 22:52:00,1.22266,1.22266,1.22266,1.22266,2
2005-06-09 22:53:00,1.22266,1.22266,1.22266,1.22266,2
2005-06-09 22:54:00,1.22266,1.22276,1.22266,1.22276,5
2005-06-09 22:55:00,1.22266,1.22266,1.22266,1.22266,2
2005-06-09 22:56:00,1.22286,1.22286,1.22266,1.22266,9
2005-06-09 22:57:00,1.22276,1.22276,1.22276,1.22276,7
2005-06-09 22:58:00,1.22276,1.22276,1.22276,1.22276,2
2005-06-09 22:59:00,1.22266,1.22276,1.22266,1.22276,3
2005-06-09 23:00:00,1.22266,1.22266,1.22266,1.22266,2
2005-06-09 23:01:00,1.22286,1.22286,1.22266,1.22266,5
2005-06-09 23:02:00,1.22296,1.22296,1.22276,1.22276,6
2005-06-09 23:03:00,1.22286,1.22296,1.22286,1.22296,5
2005-06-09 23:04:00,1.22296,1.22296,1.22286,1.22286,4
2005-06-09 23:05:00,1.22296,1.22296,1.22296,1.22296,2
2005-06-09 23:06:00,1.22296,1.22296,1.22296,1.22296,3
2005-06-09 23:07:00,1.22286,1.22296,1.22286,1.22296,3
2005-06-09 23:08:00,1.22276,1.22286,1.22276,1.22286,7
2005-06-09 23:09:00,1.22276,1.22276,1.22276,1.22276,5
2005-06-09 23:10:00,1.22266,1.22276,1.22266,1.22276,4
2005-06-09 23:11:00,1.22266,1.22276,1.22266,1.22276,19
2005-06-09 23:12:00,1.22276,1.22276,1.22276,1.22276,6
2005-06-09 23:13:00,1.22276,1.22286,1.22276,1.22276,7
2005-06-09 23:14:00,1.22276,1.22276,1.22276,1.22276,2
2005-06-09 23:15:00,1.22276,1.22276,1.22276,1.22276,3
2005-06-09 23:16:00,1.22276,1.22276,1.22276,1.22276,2
2005-06-09 23:17:00,1.22276,1.22276,1.22276,1.22276,2
2005-06-09 23:18:00,1.22276,1.22276,1.22276,1.22276,2
2005-06-09 23:19:00,1.22276,1.22276,1.22276,1.22276,4
2005-06-09 23:20:00,1.22286,1.22286,1.22286,1.22286,3
2005-06-09 23:21:00,1.22286,1.22286,1.22286,1.22286,3
2005-06-09 23:22:00,1.22286,1.22286,1.22286,1.22286,2
2005-06-09 23:23:00,1.22286,1.22286,1.22286,1.22286,2
2005-06-09 23:24:00,1.22296,1.22296,1.22286,1.22286,4
2005-06-09 23:25:00,1.2229,1.2229,1.2229,1.2229,4
2005-06-09 23:26:00,1.223,1.223,1.2229,1.2229,5
2005-06-09 23:27:00,1.22316,1.22316,1.223,1.223,10
2005-06-09 23:28:00,1.2231,1.22316,1.2231,1.22316,3
2005-06-09 23:29:00,1.2232,1.2232,1.2231,1.2231,2
2005-06-09 23:30:00,1.2233,1.2233,1.2231,1.2232,17
2005-06-09 23:31:00,1.2232,1.2233,1.2232,1.2233,8
2005-06-09 23:32:00,1.22306,1.2232,1.22296,1.2232,9
2005-06-09 23:33:00,1.223,1.2231,1.22296,1.22296,7
2005-06-09 23:34:00,1.223,1.2231,1.223,1.223,11
2005-06-09 23:35:00,1.223,1.223,1.2229,1.2229,6
2005-06-09 23:36:00,1.2231,1.2231,1.223,1.223,5
2005-06-09 23:37:00,1.223,1.2231,1.223,1.2231,6
2005-06-09 23:38:00,1.2231,1.2231,1.223,1.223,4
2005-06-09 23:39:00,1.2231,1.2231,1.2231,1.2231,2
2005-06-09 23:40:00,1.2231,1.2231,1.2231,1.2231,2
2005-06-09 23:41:00,1.223,1.2231,1.223,1.2231,3
2005-06-09 23:42:00,1.2229,1.223,1.2229,1.223,5
2005-06-09 23:43:00,1.2228,1.2229,1.2228,1.2229,8
2005-06-09 23:44:00,1.2228,1.2228,1.2228,1.2228,2
2005-06-09 23:45:00,1.2228,1.2228,1.2228,1.2228,3
2005-06-09 23:46:00,1.2228,1.2229,1.2228,1.2228,6
2005-06-09 23:47:00,1.2229,1.2229,1.2228,1.2228,8
2005-06-09 23:48:00,1.2228,1.2229,1.2228,1.2229,6
2005-06-09 23:49:00,1.2228,1.2228,1.2228,1.2228,2
2005-06-09 23:50:00,1.2227,1.22286,1.2227,1.2228,4
2005-06-09 23:51:00,1.22276,1.22276,1.22276,1.22276,3
2005-06-09 23:52:00,1.22276,1.22276,1.22276,1.22276,2
2005-06-09 23:53:00,1.2229,1.2229,1.22276,1.22286,8
2005-06-09 23:54:00,1.2229,1.2229,1.2229,1.2229,2
2005-06-09 23:55:00,1.223,1.223,1.2229,1.2229,4
2005-06-09 23:56:00,1.2231,1.2232,1.223,1.2231,17
2005-06-09 23:57:00,1.2231,1.2231,1.2231,1.2231,3
2005-06-09 23:58:00,1.2231,1.2231,1.2231,1.2231,2
2005-06-09 23:59:00,1.2231,1.2231,1.2231,1.2231,2
2005-06-10 00:00:00,1.2231,1.2232,1.223,1.2232,8
2005-06-10 00:01:00,1.223,1.2232,1.2229,1.2231,14
2005-06-10 00:02:00,1.2231,1.2231,1.223,1.223,7
2005-06-10 00:03:00,1.2231,1.2232,1.223,1.2231,9
2005-06-10 00:04:00,1.223,1.2232,1.223,1.2231,8
2005-06-10 00:05:00,1.223,1.2231,1.223,1.2231,7
2005-06-10 00:06:00,1.2232,1.2233,1.223,1.2231,18
2005-06-10 00:07:00,1.2231,1.2232,1.223,1.2232,6
2005-06-10 00:08:00,1.2231,1.2231,1.223,1.223,5
2005-06-10 00:09:00,1.2231,1.2231,1.2231,1.2231,2
2005-06-10 00:10:00,1.2232,1.2232,1.2231,1.2231,4
2005-06-10 00:11:00,1.2233,1.2233,1.2232,1.2232,8
2005-06-10 00:12:00,1.2234,1.2234,1.2233,1.2234,12
2005-06-10 00:13:00,1.2233,1.2237,1.2233,1.2233,16
2005-06-10 00:14:00,1.22364,1.22364,1.2233,1.2234,15
2005-06-10 00:15:00,1.22364,1.22364,1.22364,1.22364,6
2005-06-10 00:16:00,1.22374,1.22374,1.22364,1.22364,8
2005-06-10 00:17:00,1.22394,1.22404,1.22364,1.22374,24
2005-06-10 00:18:00,1.22376,1.22414,1.22356,1.22404,22
2005-06-10 00:19:00,1.22356,1.22376,1.22356,1.22366,7
2005-06-10 00:20:00,1.22356,1.22366,1.22356,1.22356,12
2005-06-10 00:21:00,1.22356,1.22356,1.22346,1.22356,3
2005-06-10 00:22:00,1.22356,1.22366,1.22356,1.22356,8
2005-06-10 00:23:00,1.22366,1.22366,1.22336,1.22366,16
2005-06-10 00:24:00,1.22366,1.22366,1.22356,1.22356,4
2005-06-10 00:25:00,1.22366,1.22366,1.22356,1.22356,8
2005-06-10 00:26:00,1.22466,1.22466,1.22366,1.22366,30
2005-06-10 00:27:00,1.2246,1.2248,1.22446,1.22466,26
2005-06-10 00:28:00,1.2248,1.2248,1.2246,1.2246,17
2005-06-10 00:29:00,1.2245,1.2248,1.2245,1.2247,12
2005-06-10 00:30:00,1.2245,1.2246,1.2243,1.2244,16
2005-06-10 00:31:00,1.2246,1.2247,1.2245,1.2246,19
2005-06-10 00:32:00,1.2245,1.2246,1.2245,1.2246,7
2005-06-10 00:33:00,1.2244,1.2245,1.2244,1.2244,8
2005-06-10 00:34:00,1.2246,1.2246,1.2244,1.2244,7
2005-06-10 00:35:00,1.2243,1.2246,1.2243,1.2245,11
2005-06-10 00:36:00,1.22426,1.2244,1.22416,1.2243,15
2005-06-10 00:37:00,1.22436,1.22446,1.22426,1.22436,16
2005-06-10 00:38:00,1.22436,1.22446,1.22436,1.22446,8
2005-06-10 00:39:00,1.22416,1.22436,1.22416,1.22436,13
2005-06-10 00:40:00,1.22436,1.22436,1.22396,1.22426,27
2005-06-10 00:41:00,1.22436,1.22436,1.22426,1.22436,7
2005-06-10 00:42:00,1.22436,1.22446,1.22426,1.22446,7
2005-06-10 00:43:00,1.22426,1.22426,1.22426,1.22426,3
2005-06-10 00:44:00,1.22406,1.22426,1.22406,1.22426,17
2005-06-10 00:45:00,1.22426,1.22426,1.22406,1.22406,10
2005-06-10 00:46:00,1.22396,1.22426,1.22396,1.22416,14
2005-06-10 00:47:00,1.22406,1.22416,1.22406,1.22406,8
2005-06-10 00:48:00,1.22376,1.22406,1.22366,1.22406,19
2005-06-10 00:49:00,1.22376,1.22386,1.22366,1.22386,9
2005-06-10 00:50:00,1.22346,1.22366,1.22346,1.22366,12
2005-06-10 00:51:00,1.22356,1.22366,1.22356,1.22356,8
2005-06-10 00:52:00,1.2236,1.2237,1.2235,1.22356,11
2005-06-10 00:53:00,1.2236,1.2237,1.2236,1.2236,5
2005-06-10 00:54:00,1.2237,1.2237,1.2236,1.2237,13
2005-06-10 00:55:00,1.2238,1.2238,1.2236,1.2236,21
2005-06-10 00:56:00,1.2238,1.2239,1.2237,1.2237,11
2005-06-10 00:57:00,1.2238,1.2239,1.2238,1.2238,16
2005-06-10 00:58:00,1.2236,1.2237,1.2236,1.2237,9
2005-06-10 00:59:00,1.2233,1.2235,1.2233,1.2235,15
2005-06-10 01:00:00,1.2235,1.2236,1.2234,1.2234,12
2005-06-10 01:01:00,1.2236,1.2236,1.2235,1.2235,11
2005-06-10 01:02:00,1.2237,1.2237,1.2236,1.2236,3
2005-06-10 01:03:00,1.2236,1.2237,1.2235,1.2237,11
2005-06-10 01:04:00,1.2234,1.2236,1.2234,1.2236,7
2005-06-10 01:05:00,1.2234,1.2235,1.2234,1.2234,7
2005-06-10 01:06:00,1.2232,1.2234,1.2232,1.2234,12
2005-06-10 01:07:00,1.2233,1.2233,1.2232,1.2233,12
2005-06-10 01:08:00,1.2234,1.2235,1.2232,1.2232,9
2005-06-10 01:09:00,1.2234,1.2236,1.2234,1.2235,8
2005-06-10 01:10:00,1.2234,1.2234,1.2234,1.2234,2
2005-06-10 01:11:00,1.2233,1.2234,1.2233,1.2234,10
2005-06-10 01:12:00,1.2234,1.2234,1.2233,1.2234,7
2005-06-10 01:13:00,1.2233,1.2233,1.2233,1.2233,6
2005-06-10 01:14:00,1.2233,1.2233,1.2233,1.2233,4
2005-06-10 01:15:00,1.2234,1.2234,1.2233,1.2233,8
2005-06-10 01:16:00,1.2234,1.2234,1.2233,1.2234,5
2005-06-10 01:17:00,1.2233,1.2234,1.2233,1.2233,5
2005-06-10 01:18:00,1.2234,1.2234,1.2233,1.2233,8
2005-06-10 01:19:00,1.2233,1.2234,1.2233,1.2234,8
2005-06-10 01:20:00,1.2234,1.2234,1.2233,1.2233,9
2005-06-10 01:21:00,1.2234,1.2234,1.2233,1.2234,5
2005-06-10 01:22:00,1.2233,1.2234,1.2233,1.2234,4
2005-06-10 01:23:00,1.2233,1.2233,1.2233,1.2233,5
2005-06-10 01:24:00,1.2233,1.2233,1.2233,1.2233,3
2005-06-10 01:25:00,1.2234,1.2234,1.2234,1.2234,3
2005-06-10 01:26:00,1.2234,1.2234,1.2234,1.2234,3
2005-06-10 01:27:00,1.2234,1.2234,1.2234,1.2234,3
2005-06-10 01:28:00,1.2233,1.2234,1.2233,1.2233,8
2005-06-10 01:29:00,1.2233,1.2234,1.2233,1.2233,4
2005-06-10 01:30:00,1.2234,1.2234,1.2233,1.2233,6
2005-06-10 01:31:00,1.2234,1.2234,1.2234,1.2234,2
2005-06-10 01:32:00,1.2234,1.2234,1.2234,1.2234,2
2005-06-10 01:33:00,1.2234,1.2234,1.2234,1.2234,3
2005-06-10 01:34:00,1.2235,1.2235,1.2234,1.2234,6
2005-06-10 01:35:00,1.2235,1.2235,1.2235,1.2235,2
2005-06-10 01:36:00,1.2235,1.2235,1.2235,1.2235,2
2005-06-10 01:37:00,1.2235,1.2235,1.2235,1.2235,2
2005-06-10 01:38:00,1.2236,1.2236,1.2235,1.2235,5
2005-06-10 01:39:00,1.2234,1.2236,1.2234,1.2235,11
2005-06-10 01:40:00,1.2234,1.2234,1.2234,1.2234,4
2005-06-10 01:41:00,1.2235,1.2236,1.2234,1.2234,8
2005-06-10 01:42:00,1.2234,1.2235,1.2234,1.2234,5
2005-06-10 01:43:00,1.2234,1.2234,1.2234,1.2234,2
2005-06-10 01:44:00,1.2234,1.2234,1.2234,1.2234,7
2005-06-10 01:45:00,1.2233,1.2234,1.2233,1.2233,4
2005-06-10 01:46:00,1.2231,1.2234,1.2231,1.2234,7
2005-06-10 01:47:00,1.2231,1.2232,1.2229,1.2232,14
2005-06-10 01:48:00,1.2231,1.2232,1.2231,1.2232,6
2005-06-10 01:49:00,1.2231,1.2231,1.2231,1.2231,3
2005-06-10 01:50:00,1.2229,1.2231,1.2229,1.2231,18
2005-06-10 01:51:00,1.2228,1.2229,1.2228,1.2229,5
2005-06-10 01:52:00,1.223,1.2231,1.2228,1.2228,16
2005-06-10 01:53:00,1.2229,1.223,1.2229,1.223,4
2005-06-10 01:54:00,1.223,1.223,1.2229,1.2229,4
2005-06-10 01:55:00,1.2231,1.2231,1.223,1.2231,8
2005-06-10 01:56:00,1.2231,1.2231,1.2231,1.2231,3
2005-06-10 01:57:00,1.2233,1.2233,1.2231,1.2231,5
2005-06-10 01:58:00,1.2233,1.2233,1.2232,1.2232,8
2005-06-10 01:59:00,1.2233,1.2233,1.2232,1.2233,4
2005-06-10 02:00:00,1.2234,1.2234,1.2233,1.2233,8
2005-06-10 02:01:00,1.2232,1.2234,1.2231,1.2234,12
2005-06-10 02:02:00,1.2234,1.2234,1.2233,1.2233,10
2005-06-10 02:03:00,1.2232,1.2235,1.2232,1.2233,18
2005-06-10 02:04:00,1.2231,1.2234,1.223,1.2232,11
2005-06-10 02:05:00,1.2231,1.2232,1.223,1.2231,10
2005-06-10 02:06:00,1.2231,1.2231,1.2231,1.2231,3
2005-06-10 02:07:00,1.2231,1.2232,1.2231,1.2232,9
2005-06-10 02:08:00,1.2232,1.2232,1.2231,1.2232,5
2005-06-10 02:09:00,1.2232,1.2232,1.2232,1.2232,2
2005-06-10 02:10:00,1.2231,1.2232,1.2231,1.2232,6
2005-06-10 02:11:00,1.2231,1.2232,1.2231,1.2231,5
2005-06-10 02:12:00,1.2232,1.2232,1.2231,1.2231,6
2005-06-10 02:13:00,1.2232,1.2232,1.2231,1.2231,4
2005-06-10 02:14:00,1.2232,1.2232,1.2232,1.2232,2
2005-06-10 02:15:00,1.2232,1.2232,1.2232,1.2232,2
2005-06-10 02:16:00,1.2231,1.2232,1.2231,1.2232,6
2005-06-10 02:17:00,1.2231,1.2231,1.2231,1.2231,5
2005-06-10 02:18:00,1.2232,1.2232,1.2231,1.2231,5
2005-06-10 02:19:00,1.2231,1.2232,1.2231,1.2232,3
2005-06-10 02:20:00,1.2232,1.2232,1.2231,1.2231,5
2005-06-10 02:21:00,1.2232,1.2232,1.2231,1.2232,4
2005-06-10 02:22:00,1.2232,1.2232,1.2232,1.2232,2
2005-06-10 02:23:00,1.2232,1.2232,1.2232,1.2232,2
2005-06-10 02:24:00,1.2232,1.2232,1.2232,1.2232,2
2005-06-10 02:25:00,1.2233,1.2233,1.2232,1.2232,6
2005-06-10 02:26:00,1.2233,1.2233,1.2233,1.2233,6
2005-06-10 02:27:00,1.2233,1.2233,1.2233,1.2233,4
2005-06-10 02:28:00,1.2232,1.2233,1.2232,1.2233,5
2005-06-10 02:29:00,1.2231,1.2233,1.2231,1.2233,5
2005-06-10 02:30:00,1.2232,1.2233,1.2232,1.2232,11
2005-06-10 02:31:00,1.2233,1.2233,1.2232,1.2233,8
2005-06-10 02:32:00,1.2233,1.2234,1.2233,1.2233,5
2005-06-10 02:33:00,1.2233,1.2233,1.2232,1.22326,5
2005-06-10 02:34:00,1.2233,1.2233,1.2233,1.2233,2
2005-06-10 02:35:00,1.2232,1.2232,1.2232,1.2232,2
2005-06-10 02:36:00,1.2232,1.2232,1.2232,1.2232,2
2005-06-10 02:37:00,1.2232,1.2232,1.2232,1.2232,2
2005-06-10 02:38:00,1.2232,1.2232,1.2232,1.2232,2
2005-06-10 02:39:00,1.2232,1.2233,1.2232,1.2232,7
2005-06-10 02:40:00,1.2233,1.2233,1.2232,1.2232,13
2005-06-10 02:41:00,1.2232,1.2233,1.2232,1.2233,11
2005-06-10 02:42:00,1.2234,1.2234,1.2232,1.2233,9
2005-06-10 02:43:00,1.2234,1.2234,1.2233,1.2233,12
2005-06-10 02:44:00,1.2233,1.2234,1.2233,1.2233,13
2005-06-10 02:45:00,1.2233,1.2233,1.2233,1.2233,5
2005-06-10 02:46:00,1.2233,1.2233,1.2233,1.2233,2
2005-06-10 02:47:00,1.2233,1.2233,1.2233,1.2233,2
2005-06-10 02:48:00,1.2233,1.2234,1.2232,1.2232,16
2005-06-10 02:49:00,1.2235,1.2236,1.2233,1.2233,9
2005-06-10 02:50:00,1.2233,1.2236,1.2233,1.2235,12
2005-06-10 02:51:00,1.2234,1.2234,1.2233,1.2233,4
2005-06-10 02:52:00,1.2237,1.2237,1.2234,1.2234,12
2005-06-10 02:53:00,1.2237,1.2237,1.2236,1.2237,6
2005-06-10 02:54:00,1.2237,1.2237,1.2237,1.2237,2
2005-06-10 02:55:00,1.2236,1.2237,1.2236,1.2236,9
2005-06-10 02:56:00,1.2236,1.2236,1.2236,1.2236,4
2005-06-10 02:57:00,1.2237,1.2237,1.2236,1.2236,4
2005-06-10 02:58:00,1.2237,1.2237,1.2236,1.2237,6
2005-06-10 02:59:00,1.2236,1.2237,1.2236,1.2237,7
2005-06-10 03:00:00,1.2237,1.2237,1.2237,1.2237,3
2005-06-10 03:01:00,1.2236,1.2237,1.2236,1.2237,7
2005-06-10 03:02:00,1.2236,1.2236,1.2236,1.2236,2
2005-06-10 03:03:00,1.2235,1.2236,1.2235,1.2235,9
2005-06-10 03:04:00,1.2235,1.2235,1.2234,1.2235,11
2005-06-10 03:05:00,1.2234,1.2235,1.2233,1.2234,10
2005-06-10 03:06:00,1.2234,1.2234,1.2234,1.2234,1
2005-06-10 03:07:00,1.2234,1.2234,1.2234,1.2234,2
2005-06-10 03:08:00,1.2234,1.2234,1.2234,1.2234,3
2005-06-10 03:09:00,1.2235,1.2236,1.2235,1.2235,8
2005-06-10 03:10:00,1.2236,1.2236,1.2235,1.2235,7
2005-06-10 03:11:00,1.2236,1.2236,1.2236,1.2236,2
2005-06-10 03:12:00,1.2236,1.2236,1.2236,1.2236,2
2005-06-10 03:13:00,1.2234,1.2234,1.2234,1.2234,3
2005-06-10 03:14:00,1.2233,1.2234,1.2233,1.2234,4
2005-06-10 03:15:00,1.2233,1.2234,1.2233,1.2234,4
2005-06-10 03:16:00,1.2233,1.2234,1.2233,1.2233,7
2005-06-10 03:17:00,1.2233,1.2233,1.2233,1.2233,5
2005-06-10 03:18:00,1.2233,1.2233,1.2233,1.2233,4
2005-06-10 03:19:00,1.2233,1.2233,1.2233,1.2233,2
2005-06-10 03:20:00,1.2233,1.2233,1.2233,1.2233,3
2005-06-10 03:21:00,1.2233,1.2233,1.2233,1.2233,2
2005-06-10 03:22:00,1.2232,1.2233,1.2232,1.2233,4
2005-06-10 03:23:00,1.2232,1.2232,1.2232,1.2232,2
2005-06-10 03:24:00,1.2231,1.2232,1.2231,1.2232,7
2005-06-10 03:25:00,1.2231,1.2231,1.2231,1.2231,2
2005-06-10 03:26:00,1.2231,1.2231,1.2231,1.2231,2
2005-06-10 03:27:00,1.2235,1.2235,1.2234,1.2234,4
2005-06-10 03:28:00,1.2235,1.2235,1.2235,1.2235,4
2005-06-10 03:29:00,1.2234,1.2235,1.2234,1.2235,4
2005-06-10 03:30:00,1.2233,1.2234,1.2233,1.2233,5
2005-06-10 03:31:00,1.2233,1.2233,1.2233,1.2233,4
2005-06-10 03:32:00,1.2234,1.2234,1.2233,1.2233,3
2005-06-10 03:33:00,1.2234,1.2234,1.2234,1.2234,2
2005-06-10 03:34:00,1.2234,1.2234,1.2234,1.2234,5
2005-06-10 03:35:00,1.2234,1.2235,1.2234,1.2235,6
2005-06-10 03:36:00,1.2233,1.2235,1.2233,1.2235,6
2005-06-10 03:37:00,1.2233,1.2234,1.2233,1.2234,3
2005-06-10 03:38:00,1.2233,1.2233,1.2233,1.2233,2
2005-06-10 03:39:00,1.2234,1.2234,1.2233,1.2233,3
2005-06-10 03:40:00,1.2234,1.2234,1.2234,1.2234,3
2005-06-10 03:41:00,1.2234,1.2234,1.2234,1.2234,4
2005-06-10 03:42:00,1.2234,1.2234,1.2234,1.2234,2
2005-06-10 03:43:00,1.2234,1.2234,1.2234,1.2234,2
2005-06-10 03:44:00,1.2234,1.2234,1.2234,1.2234,2
2005-06-10 03:45:00,1.2234,1.2234,1.2234,1.2234,3
2005-06-10 03:46:00,1.2233,1.2234,1.2233,1.2234,5
2005-06-10 03:47:00,1.2233,1.2233,1.2233,1.2233,1
2005-06-10 03:48:00,1.2233,1.2233,1.2233,1.2233,1
2005-06-10 03:49:00,1.2233,1.2234,1.2233,1.2234,6
2005-06-10 03:50:00,1.2234,1.2234,1.2233,1.2233,4
2005-06-10 03:51:00,1.2235,1.2235,1.2234,1.2234,5
2005-06-10 03:52:00,1.2233,1.2234,1.2233,1.2234,6
2005-06-10 03:53:00,1.2233,1.2234,1.2233,1.2233,6
2005-06-10 03:54:00,1.2233,1.2234,1.2233,1.2233,5
2005-06-10 03:55:00,1.2233,1.2233,1.2233,1.2233,2
2005-06-10 03:56:00,1.2233,1.2233,1.2233,1.2233,2
2005-06-10 03:57:00,1.2234,1.2235,1.2234,1.2234,7
2005-06-10 03:58:00,1.2234,1.2234,1.2234,1.2234,5
2005-06-10 03:59:00,1.2234,1.2234,1.2233,1.2233,4
2005-06-10 04:00:00,1.2234,1.2234,1.2234,1.2234,2
2005-06-10 04:01:00,1.2234,1.2234,1.2234,1.2234,4
2005-06-10 04:02:00,1.2235,1.2235,1.2234,1.2234,3
2005-06-10 04:03:00,1.2234,1.2235,1.2234,1.2235,3
2005-06-10 04:04:00,1.2234,1.2234,1.2234,1.2234,3
2005-06-10 04:05:00,1.2234,1.2234,1.2234,1.2234,5
2005-06-10 04:06:00,1.2234,1.2234,1.2234,1.2234,3
2005-06-10 04:07:00,1.2234,1.2234,1.2234,1.2234,5
2005-06-10 04:08:00,1.2233,1.2234,1.2233,1.2234,6
2005-06-10 04:09:00,1.2232,1.2233,1.2232,1.2233,8
2005-06-10 04:10:00,1.2232,1.2232,1.2232,1.2232,6
2005-06-10 04:11:00,1.2232,1.2232,1.2232,1.2232,2
2005-06-10 04:12:00,1.2232,1.2232,1.2232,1.2232,2
2005-06-10 04:13:00,1.2227,1.223,1.2227,1.223,26
2005-06-10 04:14:00,1.2229,1.2231,1.2228,1.2228,13
2005-06-10 04:15:00,1.2229,1.2229,1.2228,1.2229,4
2005-06-10 04:16:00,1.223,1.223,1.2229,1.2229,8
2005-06-10 04:17:00,1.223,1.2231,1.223,1.2231,7
2005-06-10 04:18:00,1.223,1.223,1.223,1.223,2
2005-06-10 04:19:00,1.223,1.223,1.223,1.223,2
2005-06-10 04:20:00,1.223,1.223,1.223,1.223,2
2005-06-10 04:21:00,1.223,1.2231,1.223,1.223,6
2005-06-10 04:22:00,1.2229,1.2229,1.2229,1.2229,4
2005-06-10 04:23:00,1.2229,1.2229,1.2229,1.2229,2
2005-06-10 04:24:00,1.223,1.223,1.2229,1.2229,2
2005-06-10 04:25:00,1.2231,1.2231,1.223,1.223,4
2005-06-10 04:26:00,1.2232,1.2232,1.2231,1.2231,4
2005-06-10 04:27:00,1.2232,1.2232,1.2232,1.2232,2
2005-06-10 04:28:00,1.2232,1.2232,1.2232,1.2232,2
2005-06-10 04:29:00,1.2232,1.2232,1.2232,1.2232,2
2005-06-10 04:30:00,1.2232,1.2232,1.2232,1.2232,2
2005-06-10 04:31:00,1.223,1.2232,1.2229,1.2231,9
2005-06-10 04:32:00,1.2231,1.2231,1.2231,1.2231,3
2005-06-10 04:33:00,1.2231,1.2231,1.2231,1.2231,5
2005-06-10 04:34:00,1.2231,1.2231,1.2231,1.2231,2
2005-06-10 04:35:00,1.2231,1.2231,1.2231,1.2231,2
2005-06-10 04:36:00,1.2231,1.2231,1.2231,1.2231,2
2005-06-10 04:37:00,1.2231,1.2231,1.2231,1.2231,5
2005-06-10 04:38:00,1.223,1.2232,1.223,1.2231,5
2005-06-10 04:39:00,1.223,1.223,1.2229,1.2229,6
2005-06-10 04:40:00,1.2229,1.223,1.2229,1.223,6
2005-06-10 04:41:00,1.2229,1.2229,1.2228,1.2229,7
2005-06-10 04:42:00,1.2229,1.2229,1.2229,1.2229,2
2005-06-10 04:43:00,1.2229,1.2229,1.2229,1.2229,2
2005-06-10 04:44:00,1.2229,1.223,1.2229,1.2229,6
2005-06-10 04:45:00,1.2229,1.2229,1.2229,1.2229,2
2005-06-10 04:46:00,1.2229,1.2229,1.2229,1.2229,3
2005-06-10 04:47:00,1.2229,1.2229,1.2229,1.2229,2
2005-06-10 04:48:00,1.223,1.2231,1.2229,1.223,11
2005-06-10 04:49:00,1.2232,1.2232,1.223,1.223,6
2005-06-10 04:50:00,1.2235,1.2236,1.2232,1.2232,16
2005-06-10 04:51:00,1.2234,1.2235,1.2233,1.2235,12
2005-06-10 04:52:00,1.2233,1.2233,1.2233,1.2233,3
2005-06-10 04:53:00,1.2233,1.2233,1.2233,1.2233,2
2005-06-10 04:54:00,1.2233,1.2233,1.2233,1.2233,2
2005-06-10 04:55:00,1.2233,1.2233,1.2233,1.2233,1
2005-06-10 04:56:00,1.2232,1.2233,1.2231,1.2233,6
2005-06-10 04:57:00,1.2232,1.2232,1.2232,1.2232,2
2005-06-10 04:58:00,1.2232,1.2232,1.2232,1.2232,2
2005-06-10 04:59:00,1.2232,1.2232,1.2232,1.2232,2
2005-06-10 05:00:00,1.2233,1.2233,1.2232,1.2232,4
2005-06-10 05:01:00,1.2233,1.2233,1.2233,1.2233,4
2005-06-10 05:02:00,1.2233,1.2233,1.2233,1.2233,2
2005-06-10 05:03:00,1.2233,1.2234,1.2233,1.2233,11
2005-06-10 05:04:00,1.2233,1.2234,1.2233,1.2233,6
2005-06-10 05:05:00,1.2233,1.2234,1.2233,1.2234,5
2005-06-10 05:06:00,1.2234,1.2234,1.2233,1.2234,9
2005-06-10 05:07:00,1.2234,1.2235,1.2233,1.2233,13
2005-06-10 05:08:00,1.2236,1.2236,1.2234,1.2234,20
2005-06-10 05:09:00,1.2236,1.2237,1.2236,1.2236,9
2005-06-10 05:10:00,1.2237,1.2237,1.2236,1.2237,11
2005-06-10 05:11:00,1.2236,1.2237,1.2236,1.2237,8
2005-06-10 05:12:00,1.2235,1.2236,1.2235,1.2236,6
2005-06-10 05:13:00,1.2235,1.2235,1.2234,1.2235,7
2005-06-10 05:14:00,1.2234,1.2235,1.2234,1.2235,6
2005-06-10 05:15:00,1.2234,1.2234,1.2234,1.2234,4
2005-06-10 05:16:00,1.2234,1.2234,1.2234,1.2234,2
2005-06-10 05:17:00,1.2234,1.2234,1.2234,1.2234,4
2005-06-10 05:18:00,1.2233,1.2234,1.2233,1.2234,8
2005-06-10 05:19:00,1.2232,1.2233,1.2232,1.2233,9
2005-06-10 05:20:00,1.2232,1.2232,1.2232,1.2232,2
2005-06-10 05:21:00,1.2232,1.2233,1.2232,1.2232,7
2005-06-10 05:22:00,1.2232,1.2232,1.2232,1.2232,7
2005-06-10 05:23:00,1.2231,1.2232,1.2231,1.2232,8
2005-06-10 05:24:00,1.2234,1.2234,1.2231,1.2232,21
2005-06-10 05:25:00,1.2233,1.2233,1.2233,1.2233,10
2005-06-10 05:26:00,1.2236,1.2236,1.2233,1.2233,17
2005-06-10 05:27:00,1.2235,1.2236,1.2235,1.2236,9
2005-06-10 05:28:00,1.2235,1.2235,1.2235,1.2235,3
2005-06-10 05:29:00,1.2235,1.2236,1.2235,1.2236,3
2005-06-10 05:30:00,1.2234,1.2235,1.2234,1.2235,5
2005-06-10 05:31:00,1.2234,1.2234,1.2234,1.2234,4
2005-06-10 05:32:00,1.2234,1.2234,1.2234,1.2234,3
2005-06-10 05:33:00,1.2234,1.2234,1.2234,1.2234,6
2005-06-10 05:34:00,1.2233,1.2234,1.2233,1.2234,6
2005-06-10 05:35:00,1.2233,1.2233,1.2233,1.2233,2
2005-06-10 05:36:00,1.2233,1.2233,1.2233,1.2233,2
2005-06-10 05:37:00,1.2233,1.2233,1.2232,1.2233,3
2005-06-10 05:38:00,1.2232,1.2233,1.223,1.2233,9
2005-06-10 05:39:00,1.2231,1.2232,1.2231,1.2231,7
2005-06-10 05:40:00,1.2231,1.2231,1.223,1.2231,6
2005-06-10 05:41:00,1.223,1.2231,1.223,1.223,8
2005-06-10 05:42:00,1.223,1.223,1.223,1.223,3
2005-06-10 05:43:00,1.223,1.2231,1.223,1.223,6
2005-06-10 05:44:00,1.2231,1.2231,1.223,1.223,4
2005-06-10 05:45:00,1.2231,1.2232,1.223,1.2231,8
2005-06-10 05:46:00,1.2231,1.2232,1.223,1.2231,10
2005-06-10 05:47:00,1.223,1.2232,1.223,1.2232,19
2005-06-10 05:48:00,1.22298,1.22308,1.22298,1.223,18
2005-06-10 05:49:00,1.22308,1.22318,1.22308,1.22308,9
2005-06-10 05:50:00,1.22308,1.22308,1.22308,1.22308,3
2005-06-10 05:51:00,1.22288,1.22298,1.22288,1.22298,12
2005-06-10 05:52:00,1.22258,1.22298,1.22258,1.22298,14
2005-06-10 05:53:00,1.22228,1.22248,1.22198,1.22238,23
2005-06-10 05:54:00,1.22198,1.22238,1.22188,1.22228,23
2005-06-10 05:55:00,1.22208,1.22228,1.22188,1.22198,27
2005-06-10 05:56:00,1.22228,1.22238,1.22218,1.22218,22
2005-06-10 05:57:00,1.22208,1.22228,1.22198,1.22218,14
2005-06-10 05:58:00,1.22218,1.22218,1.22208,1.22208,6
2005-06-10 05:59:00,1.22228,1.22228,1.22218,1.22218,7
2005-06-10 06:00:00,1.22218,1.22238,1.22198,1.22228,23
2005-06-10 06:01:00,1.22248,1.22248,1.22208,1.22218,46
2005-06-10 06:02:00,1.22178,1.22258,1.22178,1.22248,49
2005-06-10 06:03:00,1.22178,1.22178,1.22168,1.22178,37
2005-06-10 06:04:00,1.22168,1.22178,1.22158,1.22178,48
2005-06-10 06:05:00,1.22188,1.22198,1.22168,1.22168,38
2005-06-10 06:06:00,1.22168,1.22188,1.22168,1.22188,46
2005-06-10 06:07:00,1.22202,1.22222,1.22168,1.22168,40
2005-06-10 06:08:00,1.22232,1.22232,1.22202,1.22212,50
2005-06-10 06:09:00,1.22232,1.22232,1.22212,1.22232,42
2005-06-10 06:10:00,1.22252,1.22252,1.22222,1.22232,44
2005-06-10 06:11:00,1.22258,1.22258,1.22228,1.22242,46
2005-06-10 06:12:00,1.22268,1.22288,1.22258,1.22268,49
2005-06-10 06:13:00,1.22268,1.22288,1.22268,1.22268,43
2005-06-10 06:14:00,1.22252,1.22278,1.22252,1.22268,39
2005-06-10 06:15:00,1.22234,1.22252,1.22224,1.22252,49
2005-06-10 06:16:00,1.22224,1.22234,1.22224,1.22234,36
2005-06-10 06:17:00,1.22224,1.22224,1.22204,1.22224,43
2005-06-10 06:18:00,1.22224,1.22224,1.22204,1.22214,41
2005-06-10 06:19:00,1.22224,1.22224,1.22204,1.22224,40
2005-06-10 06:20:00,1.22228,1.22228,1.22218,1.22224,41
2005-06-10 06:21:00,1.22258,1.22258,1.22228,1.22228,41
2005-06-10 06:22:00,1.22218,1.22258,1.22218,1.22258,56
2005-06-10 06:23:00,1.22218,1.22228,1.22208,1.22218,51
2005-06-10 06:24:00,1.22218,1.22228,1.22208,1.22218,48
2005-06-10 06:25:00,1.22228,1.22228,1.22218,1.22218,29
2005-06-10 06:26:00,1.22228,1.22228,1.22228,1.22228,19
2005-06-10 06:27:00,1.22228,1.22238,1.22228,1.22228,46
2005-06-10 06:28:00,1.22188,1.22238,1.22188,1.22238,48
2005-06-10 06:29:00,1.22172,1.22188,1.22168,1.22188,45
2005-06-10 06:30:00,1.22176,1.22176,1.22162,1.22172,38
2005-06-10 06:31:00,1.22176,1.22176,1.22166,1.22176,25
2005-06-10 06:32:00,1.22176,1.22186,1.22176,1.22176,39
2005-06-10 06:33:00,1.22236,1.22236,1.22176,1.22176,50
2005-06-10 06:34:00,1.22216,1.22256,1.22216,1.22236,50
2005-06-10 06:35:00,1.22226,1.22236,1.22216,1.22216,41
2005-06-10 06:36:00,1.22226,1.22236,1.22216,1.22226,53
2005-06-10 06:37:00,1.22226,1.22236,1.22216,1.22226,44
2005-06-10 06:38:00,1.22206,1.22226,1.22206,1.22226,47
2005-06-10 06:39:00,1.22206,1.22206,1.22196,1.22206,49
2005-06-10 06:40:00,1.22216,1.22216,1.22196,1.22206,39
2005-06-10 06:41:00,1.22216,1.22216,1.22206,1.22216,40
2005-06-10 06:42:00,1.22226,1.22236,1.22216,1.22216,48
2005-06-10 06:43:00,1.22206,1.22226,1.22206,1.22226,43
2005-06-10 06:44:00,1.22216,1.22216,1.22206,1.22206,32
2005-06-10 06:45:00,1.22206,1.22216,1.22206,1.22216,14
2005-06-10 06:46:00,1.22216,1.22216,1.22196,1.22206,32
2005-06-10 06:47:00,1.22216,1.22216,1.22206,1.22206,33
2005-06-10 06:48:00,1.22226,1.22226,1.22216,1.22216,15
2005-06-10 06:49:00,1.22226,1.22226,1.22226,1.22226,25
2005-06-10 06:50:00,1.22236,1.22236,1.22226,1.22226,41
2005-06-10 06:51:00,1.22246,1.22266,1.22226,1.22226,49
2005-06-10 06:52:00,1.22238,1.22246,1.22232,1.22246,32
2005-06-10 06:53:00,1.22238,1.22238,1.22228,1.22238,42
2005-06-10 06:54:00,1.22242,1.22242,1.22232,1.22238,40
2005-06-10 06:55:00,1.22232,1.22242,1.22232,1.22242,34
2005-06-10 06:56:00,1.22222,1.22232,1.22212,1.22232,36
2005-06-10 06:57:00,1.22192,1.22222,1.22182,1.22222,48
2005-06-10 06:58:00,1.22192,1.22202,1.22182,1.22192,50
2005-06-10 06:59:00,1.22218,1.22232,1.22192,1.22192,54
2005-06-10 07:00:00,1.22228,1.22228,1.22218,1.22218,36
2005-06-10 07:01:00,1.22218,1.22228,1.22218,1.22228,39
2005-06-10 07:02:00,1.22218,1.22228,1.22218,1.22218,25
2005-06-10 07:03:00,1.22218,1.22228,1.22218,1.22218,24
2005-06-10 07:04:00,1.22258,1.22258,1.22218,1.22218,40
2005-06-10 07:05:00,1.22248,1.22258,1.22248,1.22258,45
2005-06-10 07:06:00,1.22258,1.22268,1.22248,1.22248,44
2005-06-10 07:07:00,1.22248,1.22258,1.22238,1.22258,42
2005-06-10 07:08:00,1.22228,1.22258,1.22228,1.22248,37
2005-06-10 07:09:00,1.22248,1.22248,1.22228,1.22228,54
2005-06-10 07:10:00,1.22228,1.22248,1.22218,1.22248,41
2005-06-10 07:11:00,1.22238,1.22238,1.22228,1.22228,50
2005-06-10 07:12:00,1.22238,1.22238,1.22238,1.22238,19
2005-06-10 07:13:00,1.22238,1.22248,1.22228,1.22238,28
2005-06-10 07:14:00,1.22238,1.22238,1.22238,1.22238,22
2005-06-10 07:15:00,1.22238,1.22238,1.22238,1.22238,18
2005-06-10 07:16:00,1.22228,1.22238,1.22228,1.22238,32
2005-06-10 07:17:00,1.22238,1.22238,1.22228,1.22228,33
2005-06-10 07:18:00,1.22238,1.22238,1.22238,1.22238,27
2005-06-10 07:19:00,1.22238,1.22238,1.22228,1.22238,24
2005-06-10 07:20:00,1.22238,1.22238,1.22228,1.22238,35
2005-06-10 07:21:00,1.22248,1.22248,1.22218,1.22238,48
2005-06-10 07:22:00,1.22258,1.22268,1.22238,1.22238,44
2005-06-10 07:23:00,1.22268,1.22268,1.22258,1.22258,42
2005-06-10 07:24:00,1.22274,1.22288,1.22268,1.22268,47
2005-06-10 07:25:00,1.22292,1.22302,1.22272,1.22274,43
2005-06-10 07:26:00,1.22312,1.22312,1.22272,1.22292,46
2005-06-10 07:27:00,1.22302,1.22312,1.22302,1.22312,34
2005-06-10 07:28:00,1.22292,1.22302,1.22282,1.22302,43
2005-06-10 07:29:00,1.22292,1.22302,1.22292,1.22292,41
2005-06-10 07:30:00,1.22292,1.22302,1.22292,1.22292,40
2005-06-10 07:31:00,1.22302,1.22302,1.22292,1.22292,34
2005-06-10 07:32:00,1.22288,1.22302,1.22288,1.22302,28
2005-06-10 07:33:00,1.22278,1.22298,1.22278,1.22298,41
2005-06-10 07:34:00,1.22298,1.22298,1.22268,1.22278,38
2005-06-10 07:35:00,1.22288,1.22298,1.22288,1.22288,38
2005-06-10 07:36:00,1.22278,1.22288,1.22278,1.22288,33
2005-06-10 07:37:00,1.22278,1.22278,1.22268,1.22278,31
2005-06-10 07:38:00,1.22268,1.22278,1.22268,1.22278,31
2005-06-10 07:39:00,1.22268,1.22278,1.22268,1.22268,28
2005-06-10 07:40:00,1.22258,1.22268,1.22258,1.22268,26
2005-06-10 07:41:00,1.22238,1.22258,1.22238,1.22258,29
2005-06-10 07:42:00,1.22238,1.22248,1.22238,1.22238,35
2005-06-10 07:43:00,1.22238,1.22238,1.22238,1.22238,25
2005-06-10 07:44:00,1.22174,1.22228,1.22164,1.22228,53
2005-06-10 07:45:00,1.22184,1.22184,1.22164,1.22174,52
2005-06-10 07:46:00,1.22174,1.22184,1.22164,1.22184,58
2005-06-10 07:47:00,1.22154,1.22174,1.22144,1.22174,46
2005-06-10 07:48:00,1.22164,1.22174,1.22144,1.22154,52
2005-06-10 07:49:00,1.22164,1.22174,1.22154,1.22164,42
2005-06-10 07:50:00,1.22154,1.22164,1.22144,1.22164,41
2005-06-10 07:51:00,1.22174,1.22174,1.22154,1.22154,50
2005-06-10 07:52:00,1.22164,1.22174,1.22164,1.22174,50
2005-06-10 07:53:00,1.22154,1.22164,1.22154,1.22164,27
2005-06-10 07:54:00,1.22144,1.22154,1.22144,1.22154,26
2005-06-10 07:55:00,1.22134,1.22144,1.22134,1.22144,44
2005-06-10 07:56:00,1.22164,1.22164,1.22134,1.22134,44
2005-06-10 07:57:00,1.22194,1.22194,1.22164,1.22164,41
2005-06-10 07:58:00,1.22174,1.22194,1.22174,1.22184,43
2005-06-10 07:59:00,1.22164,1.22174,1.22154,1.22174,59
2005-06-10 08:00:00,1.22174,1.22184,1.22164,1.22164,40
2005-06-10 08:01:00,1.22204,1.22214,1.22174,1.22174,50
2005-06-10 08:02:00,1.22264,1.22274,1.22204,1.22204,56
2005-06-10 08:03:00,1.22254,1.22264,1.22244,1.22264,52
2005-06-10 08:04:00,1.22254,1.22254,1.22244,1.22254,33
2005-06-10 08:05:00,1.22234,1.22254,1.22234,1.22254,32
2005-06-10 08:06:00,1.22234,1.22234,1.22224,1.22234,35
2005-06-10 08:07:00,1.22234,1.22234,1.22224,1.22234,33
2005-06-10 08:08:00,1.22254,1.22264,1.22234,1.22234,47
2005-06-10 08:09:00,1.22254,1.22254,1.22254,1.22254,28
2005-06-10 08:10:00,1.22264,1.22264,1.22254,1.22254,37
2005-06-10 08:11:00,1.22284,1.22294,1.22254,1.22264,42
2005-06-10 08:12:00,1.22264,1.22294,1.22254,1.22294,51
2005-06-10 08:13:00,1.22254,1.22264,1.22254,1.22264,33
2005-06-10 08:14:00,1.22254,1.22274,1.22254,1.22264,50
2005-06-10 08:15:00,1.22254,1.22264,1.22254,1.22264,40
2005-06-10 08:16:00,1.22264,1.22264,1.22254,1.22254,39
2005-06-10 08:17:00,1.22254,1.22264,1.22254,1.22264,47
2005-06-10 08:18:00,1.22214,1.22254,1.22214,1.22254,50
2005-06-10 08:19:00,1.22204,1.22214,1.22194,1.22214,48
2005-06-10 08:20:00,1.22214,1.22234,1.22204,1.22204,56
2005-06-10 08:21:00,1.22214,1.22224,1.22214,1.22224,39
2005-06-10 08:22:00,1.22184,1.22224,1.22184,1.22214,54
2005-06-10 08:23:00,1.22184,1.22184,1.22174,1.22184,39
2005-06-10 08:24:00,1.22214,1.22224,1.22184,1.22184,49
2005-06-10 08:25:00,1.22204,1.22224,1.22204,1.22214,43
2005-06-10 08:26:00,1.22204,1.22204,1.22184,1.22204,42
2005-06-10 08:27:00,1.22174,1.22204,1.22174,1.22204,43
2005-06-10 08:28:00,1.22188,1.22198,1.22174,1.22174,41
2005-06-10 08:29:00,1.22188,1.22198,1.22188,1.22188,41
2005-06-10 08:30:00,1.22184,1.22184,1.22184,1.22184,27
2005-06-10 08:31:00,1.22184,1.22184,1.22184,1.22184,24
2005-06-10 08:32:00,1.22194,1.22194,1.22184,1.22184,24
2005-06-10 08:33:00,1.22194,1.22194,1.22194,1.22194,26
2005-06-10 08:34:00,1.22194,1.22204,1.22194,1.22194,27
2005-06-10 08:35:00,1.22194,1.22204,1.22194,1.22194,34
2005-06-10 08:36:00,1.22214,1.22214,1.22194,1.22194,31
2005-06-10 08:37:00,1.22212,1.22214,1.22202,1.22214,31
2005-06-10 08:38:00,1.22212,1.22222,1.22202,1.22202,34
2005-06-10 08:39:00,1.22202,1.22212,1.22202,1.22212,26
2005-06-10 08:40:00,1.22202,1.22202,1.22202,1.22202,20
2005-06-10 08:41:00,1.22222,1.22222,1.22202,1.22212,34
2005-06-10 08:42:00,1.22252,1.22252,1.22232,1.22232,37
2005-06-10 08:43:00,1.22242,1.22262,1.22232,1.22252,51
2005-06-10 08:44:00,1.22252,1.22252,1.22242,1.22242,38
2005-06-10 08:45:00,1.22252,1.22252,1.22242,1.22252,39
2005-06-10 08:46:00,1.22252,1.22272,1.22242,1.22252,38
2005-06-10 08:47:00,1.22222,1.22252,1.22212,1.22252,44
2005-06-10 08:48:00,1.22222,1.22232,1.22222,1.22232,36
2005-06-10 08:49:00,1.22212,1.22222,1.22212,1.22222,36
2005-06-10 08:50:00,1.22222,1.22232,1.22212,1.22212,33
2005-06-10 08:51:00,1.22192,1.22222,1.22182,1.22222,43
2005-06-10 08:52:00,1.22182,1.22192,1.22182,1.22192,41
2005-06-10 08:53:00,1.22182,1.22192,1.22172,1.22182,45
2005-06-10 08:54:00,1.22202,1.22202,1.22182,1.22182,41
2005-06-10 08:55:00,1.22212,1.22212,1.22192,1.22202,35
2005-06-10 08:56:00,1.22222,1.22222,1.22212,1.22212,40
2005-06-10 08:57:00,1.22222,1.22222,1.22212,1.22222,36
2005-06-10 08:58:00,1.22242,1.22242,1.22212,1.22212,47
2005-06-10 08:59:00,1.22242,1.22252,1.22242,1.22242,35
2005-06-10 09:00:00,1.22252,1.22252,1.22242,1.22242,47
2005-06-10 09:01:00,1.22242,1.22252,1.22242,1.22252,36
2005-06-10 09:02:00,1.22252,1.22252,1.22232,1.22242,47
2005-06-10 09:03:00,1.22252,1.22252,1.22252,1.22252,22
2005-06-10 09:04:00,1.22252,1.22252,1.22242,1.22252,26
2005-06-10 09:05:00,1.22262,1.22262,1.22252,1.22252,39
2005-06-10 09:06:00,1.22262,1.22262,1.22252,1.22262,38
2005-06-10 09:07:00,1.22262,1.22272,1.22262,1.22272,46
2005-06-10 09:08:00,1.22232,1.22262,1.22232,1.22262,41
2005-06-10 09:09:00,1.22232,1.22232,1.22222,1.22232,32
2005-06-10 09:10:00,1.22252,1.22262,1.22222,1.22232,41
2005-06-10 09:11:00,1.22252,1.22262,1.22242,1.22252,33
2005-06-10 09:12:00,1.22252,1.22262,1.22242,1.22252,41
2005-06-10 09:13:00,1.22252,1.22262,1.22242,1.22252,29
2005-06-10 09:14:00,1.22252,1.22252,1.22242,1.22252,35
2005-06-10 09:15:00,1.22262,1.22262,1.22242,1.22252,44
2005-06-10 09:16:00,1.22252,1.22262,1.22242,1.22262,47
2005-06-10 09:17:00,1.22252,1.22262,1.22252,1.22252,40
2005-06-10 09:18:00,1.22252,1.22262,1.22252,1.22252,38
2005-06-10 09:19:00,1.22242,1.22262,1.22242,1.22252,31
2005-06-10 09:20:00,1.22262,1.22262,1.22242,1.22242,31
2005-06-10 09:21:00,1.22252,1.22262,1.22242,1.22262,27
2005-06-10 09:22:00,1.22252,1.22252,1.22242,1.22252,34
2005-06-10 09:23:00,1.22282,1.22282,1.22252,1.22252,30
2005-06-10 09:24:00,1.22292,1.22292,1.22272,1.22282,46
2005-06-10 09:25:00,1.22288,1.22292,1.22272,1.22282,48
2005-06-10 09:26:00,1.22258,1.22288,1.22258,1.22288,29
2005-06-10 09:27:00,1.22268,1.22278,1.22258,1.22258,42
2005-06-10 09:28:00,1.22268,1.22288,1.22268,1.22268,37
2005-06-10 09:29:00,1.22258,1.22278,1.22248,1.22268,36
2005-06-10 09:30:00,1.22248,1.22258,1.22238,1.22258,31
2005-06-10 09:31:00,1.22248,1.22248,1.22248,1.22248,18
2005-06-10 09:32:00,1.22248,1.22248,1.22248,1.22248,22
2005-06-10 09:33:00,1.22258,1.22258,1.22248,1.22248,29
2005-06-10 09:34:00,1.22258,1.22258,1.22248,1.22258,34
2005-06-10 09:35:00,1.22248,1.22258,1.22248,1.22258,41
2005-06-10 09:36:00,1.22248,1.22258,1.22248,1.22248,35
2005-06-10 09:37:00,1.22268,1.22268,1.22248,1.22248,33
2005-06-10 09:38:00,1.22288,1.22288,1.22268,1.22268,45
2005-06-10 09:39:00,1.22288,1.22298,1.22288,1.22288,48
2005-06-10 09:40:00,1.22278,1.22288,1.22278,1.22288,26
2005-06-10 09:41:00,1.22268,1.22278,1.22258,1.22278,34
2005-06-10 09:42:00,1.22268,1.22268,1.22258,1.22268,35
2005-06-10 09:43:00,1.22268,1.22268,1.22258,1.22268,34
2005-06-10 09:44:00,1.22278,1.22278,1.22268,1.22268,29
2005-06-10 09:45:00,1.22288,1.22288,1.22278,1.22278,42
2005-06-10 09:46:00,1.22308,1.22308,1.22278,1.22288,40
2005-06-10 09:47:00,1.22298,1.22308,1.22298,1.22308,40
2005-06-10 09:48:00,1.22288,1.22308,1.22278,1.22298,48
2005-06-10 09:49:00,1.22268,1.22288,1.22268,1.22288,34
2005-06-10 09:50:00,1.22288,1.22288,1.22258,1.22268,44
2005-06-10 09:51:00,1.22278,1.22298,1.22278,1.22288,33
2005-06-10 09:52:00,1.22298,1.22298,1.22268,1.22278,39
2005-06-10 09:53:00,1.22288,1.22298,1.22288,1.22298,32
2005-06-10 09:54:00,1.22288,1.22288,1.22288,1.22288,23
2005-06-10 09:55:00,1.22298,1.22298,1.22288,1.22288,41
2005-06-10 09:56:00,1.22298,1.22308,1.22288,1.22298,29
2005-06-10 09:57:00,1.22318,1.22318,1.22298,1.22298,36
2005-06-10 09:58:00,1.22348,1.22348,1.22318,1.22318,46
2005-06-10 09:59:00,1.22338,1.22368,1.22338,1.22348,49
2005-06-10 10:00:00,1.22328,1.22338,1.22328,1.22338,32
2005-06-10 10:01:00,1.22328,1.22338,1.22328,1.22338,46
2005-06-10 10:02:00,1.22328,1.22328,1.22328,1.22328,25
2005-06-10 10:03:00,1.22328,1.22328,1.22318,1.22328,37
2005-06-10 10:04:00,1.22318,1.22328,1.22318,1.22328,40
2005-06-10 10:05:00,1.22328,1.22328,1.22308,1.22318,39
2005-06-10 10:06:00,1.22328,1.22328,1.22318,1.22328,44
2005-06-10 10:07:00,1.22318,1.22328,1.22308,1.22328,37
2005-06-10 10:08:00,1.22328,1.22338,1.22318,1.22318,38
2005-06-10 10:09:00,1.22368,1.22368,1.22328,1.22338,48
2005-06-10 10:10:00,1.22338,1.22368,1.22338,1.22368,41
2005-06-10 10:11:00,1.22348,1.22348,1.22338,1.22338,45
2005-06-10 10:12:00,1.22338,1.22348,1.22338,1.22348,38
2005-06-10 10:13:00,1.22338,1.22348,1.22338,1.22338,35
2005-06-10 10:14:00,1.22318,1.22328,1.22318,1.22328,32
2005-06-10 10:15:00,1.22318,1.22338,1.22318,1.22318,37
2005-06-10 10:16:00,1.22318,1.22338,1.22318,1.22318,46
2005-06-10 10:17:00,1.22288,1.22318,1.22288,1.22318,29
2005-06-10 10:18:00,1.22298,1.22298,1.22288,1.22288,47
2005-06-10 10:19:00,1.22268,1.22298,1.22268,1.22298,41
2005-06-10 10:20:00,1.22268,1.22268,1.22258,1.22268,40
2005-06-10 10:21:00,1.22268,1.22268,1.22258,1.22268,37
2005-06-10 10:22:00,1.22268,1.22268,1.22268,1.22268,21
2005-06-10 10:23:00,1.22268,1.22268,1.22258,1.22268,28
2005-06-10 10:24:00,1.22258,1.22268,1.22258,1.22268,22
2005-06-10 10:25:00,1.22268,1.22268,1.22258,1.22258,29
2005-06-10 10:26:00,1.22268,1.22268,1.22268,1.22268,18
2005-06-10 10:27:00,1.22258,1.22268,1.22258,1.22268,29
2005-06-10 10:28:00,1.22258,1.22258,1.22258,1.22258,12
2005-06-10 10:29:00,1.22298,1.22308,1.22258,1.22258,56
2005-06-10 10:30:00,1.22298,1.22308,1.22278,1.22298,55
2005-06-10 10:31:00,1.22308,1.22308,1.22298,1.22298,37
2005-06-10 10:32:00,1.22338,1.22338,1.22298,1.22308,51
2005-06-10 10:33:00,1.22338,1.22338,1.22328,1.22338,39
2005-06-10 10:34:00,1.22348,1.22358,1.22338,1.22338,52
2005-06-10 10:35:00,1.22358,1.22388,1.22358,1.22358,49
2005-06-10 10:36:00,1.22358,1.22368,1.22358,1.22358,43
2005-06-10 10:37:00,1.22398,1.22408,1.22358,1.22358,53
2005-06-10 10:38:00,1.22388,1.22398,1.22378,1.22398,40
2005-06-10 10:39:00,1.22378,1.22398,1.22378,1.22388,50
2005-06-10 10:40:00,1.22368,1.22388,1.22358,1.22388,40
2005-06-10 10:41:00,1.22368,1.22378,1.22368,1.22368,33
2005-06-10 10:42:00,1.22378,1.22388,1.22368,1.22368,47
2005-06-10 10:43:00,1.22368,1.22378,1.22358,1.22378,41
2005-06-10 10:44:00,1.22378,1.22378,1.22358,1.22368,25
2005-06-10 10:45:00,1.22378,1.22388,1.22368,1.22378,39
2005-06-10 10:46:00,1.22378,1.22378,1.22368,1.22378,33
2005-06-10 10:47:00,1.22408,1.22418,1.22378,1.22378,52
2005-06-10 10:48:00,1.22418,1.22448,1.22408,1.22408,58
2005-06-10 10:49:00,1.22448,1.22448,1.22418,1.22418,26
2005-06-10 10:50:00,1.22438,1.22448,1.22428,1.22438,42
2005-06-10 10:51:00,1.22418,1.22438,1.22418,1.22438,38
2005-06-10 10:52:00,1.22398,1.22418,1.22398,1.22418,39
2005-06-10 10:53:00,1.22408,1.22408,1.22398,1.22398,37
2005-06-10 10:54:00,1.22408,1.22408,1.22398,1.22408,19
2005-06-10 10:55:00,1.22418,1.22418,1.22398,1.22408,31
2005-06-10 10:56:00,1.22418,1.22418,1.22408,1.22418,36
2005-06-10 10:57:00,1.22408,1.22428,1.22408,1.22408,35
2005-06-10 10:58:00,1.22368,1.22408,1.22368,1.22408,43
2005-06-10 10:59:00,1.22358,1.22368,1.22348,1.22368,27
2005-06-10 11:00:00,1.22368,1.22378,1.22338,1.22338,41
2005-06-10 11:01:00,1.22368,1.22368,1.22358,1.22368,35
2005-06-10 11:02:00,1.22358,1.22368,1.22358,1.22368,41
2005-06-10 11:03:00,1.22358,1.22358,1.22348,1.22358,31
2005-06-10 11:04:00,1.22348,1.22358,1.22348,1.22358,36
2005-06-10 11:05:00,1.22348,1.22348,1.22338,1.22348,29
2005-06-10 11:06:00,1.22368,1.22368,1.22348,1.22348,30
2005-06-10 11:07:00,1.22342,1.22368,1.22342,1.22368,24
2005-06-10 11:08:00,1.22352,1.22352,1.22342,1.22342,28
2005-06-10 11:09:00,1.22352,1.22362,1.22352,1.22352,34
2005-06-10 11:10:00,1.22332,1.22352,1.22332,1.22352,34
2005-06-10 11:11:00,1.22342,1.22352,1.22332,1.22332,34
2005-06-10 11:12:00,1.22352,1.22362,1.22342,1.22342,33
2005-06-10 11:13:00,1.22362,1.22362,1.22342,1.22352,37
2005-06-10 11:14:00,1.22362,1.22362,1.22362,1.22362,25
2005-06-10 11:15:00,1.22362,1.22372,1.22362,1.22362,33
2005-06-10 11:16:00,1.22362,1.22362,1.22362,1.22362,13
2005-06-10 11:17:00,1.22372,1.22372,1.22362,1.22362,41
2005-06-10 11:18:00,1.22378,1.22392,1.22362,1.22372,40
2005-06-10 11:19:00,1.22378,1.22388,1.22378,1.22378,38
2005-06-10 11:20:00,1.22378,1.22388,1.22378,1.22378,33
2005-06-10 11:21:00,1.22358,1.22378,1.22358,1.22378,32
2005-06-10 11:22:00,1.22368,1.22368,1.22358,1.22358,17
2005-06-10 11:23:00,1.22368,1.22378,1.22358,1.22368,44
2005-06-10 11:24:00,1.22368,1.22368,1.22368,1.22368,18
2005-06-10 11:25:00,1.22358,1.22368,1.22358,1.22368,22
2005-06-10 11:26:00,1.22368,1.22368,1.22358,1.22358,37
2005-06-10 11:27:00,1.22378,1.22378,1.22368,1.22368,33
2005-06-10 11:28:00,1.22368,1.22378,1.22368,1.22378,31
2005-06-10 11:29:00,1.22378,1.22378,1.22368,1.22368,30
2005-06-10 11:30:00,1.22378,1.22378,1.22378,1.22378,25
2005-06-10 11:31:00,1.22378,1.22378,1.22378,1.22378,22
2005-06-10 11:32:00,1.22378,1.22388,1.22378,1.22378,35
2005-06-10 11:33:00,1.22348,1.22368,1.22348,1.22368,41
2005-06-10 11:34:00,1.22348,1.22358,1.22338,1.22348,35
2005-06-10 11:35:00,1.22338,1.22348,1.22328,1.22348,32
2005-06-10 11:36:00,1.22342,1.22342,1.22328,1.22338,39
2005-06-10 11:37:00,1.22332,1.22342,1.22332,1.22342,29
2005-06-10 11:38:00,1.22342,1.22342,1.22332,1.22332,24
2005-06-10 11:39:00,1.22362,1.22362,1.22342,1.22342,34
2005-06-10 11:40:00,1.22352,1.22362,1.22342,1.22362,33
2005-06-10 11:41:00,1.22372,1.22372,1.22352,1.22352,41
2005-06-10 11:42:00,1.22372,1.22372,1.22372,1.22372,23
2005-06-10 11:43:00,1.22342,1.22372,1.22342,1.22372,38
2005-06-10 11:44:00,1.22282,1.22342,1.22282,1.22342,53
2005-06-10 11:45:00,1.22262,1.22302,1.22262,1.22282,52
2005-06-10 11:46:00,1.22282,1.22282,1.22262,1.22262,36
2005-06-10 11:47:00,1.22262,1.22282,1.22262,1.22282,39
2005-06-10 11:48:00,1.22258,1.22282,1.22257,1.22262,54
2005-06-10 11:49:00,1.22278,1.22278,1.22258,1.22258,45
2005-06-10 11:50:00,1.22248,1.22278,1.22248,1.22278,43
2005-06-10 11:51:00,1.22268,1.22268,1.22258,1.22258,36
2005-06-10 11:52:00,1.22268,1.22278,1.22268,1.22268,40
2005-06-10 11:53:00,1.22268,1.22268,1.22258,1.22268,24
2005-06-10 11:54:00,1.22258,1.22268,1.22258,1.22268,22
2005-06-10 11:55:00,1.22268,1.22268,1.22258,1.22258,26
2005-06-10 11:56:00,1.22276,1.22278,1.22268,1.22268,29
2005-06-10 11:57:00,1.22276,1.22276,1.22266,1.22276,36
2005-06-10 11:58:00,1.22316,1.22316,1.22266,1.22276,50
2005-06-10 11:59:00,1.22322,1.22322,1.22302,1.22306,50
2005-06-10 12:00:00,1.22302,1.22322,1.22302,1.22322,37
2005-06-10 12:01:00,1.22298,1.22298,1.22278,1.22292,43
2005-06-10 12:02:00,1.22282,1.22292,1.22282,1.22292,40
2005-06-10 12:03:00,1.22292,1.22292,1.22272,1.22282,32
2005-06-10 12:04:00,1.22292,1.22302,1.22292,1.22292,25
2005-06-10 12:05:00,1.22312,1.22322,1.22292,1.22292,35
2005-06-10 12:06:00,1.22322,1.22322,1.22312,1.22312,27
2005-06-10 12:07:00,1.22322,1.22322,1.22312,1.22322,36
2005-06-10 12:08:00,1.22322,1.22332,1.22312,1.22322,45
2005-06-10 12:09:00,1.22312,1.22322,1.22302,1.22312,36
2005-06-10 12:10:00,1.22312,1.22312,1.22302,1.22312,41
2005-06-10 12:11:00,1.22322,1.22322,1.22312,1.22312,28
2005-06-10 12:12:00,1.22332,1.22332,1.22322,1.22322,35
2005-06-10 12:13:00,1.22342,1.22342,1.22332,1.22332,32
2005-06-10 12:14:00,1.22272,1.22342,1.22272,1.22342,51
2005-06-10 12:15:00,1.22302,1.22322,1.22282,1.22282,49
2005-06-10 12:16:00,1.22292,1.22302,1.22282,1.22302,45
2005-06-10 12:17:00,1.22322,1.22322,1.22292,1.22292,33
2005-06-10 12:18:00,1.22322,1.22322,1.22312,1.22322,38
2005-06-10 12:19:00,1.22332,1.22332,1.22322,1.22322,36
2005-06-10 12:20:00,1.22342,1.22342,1.22322,1.22332,50
2005-06-10 12:21:00,1.22362,1.22362,1.22332,1.22342,54
2005-06-10 12:22:00,1.22352,1.22362,1.22342,1.22362,40
2005-06-10 12:23:00,1.22358,1.22368,1.22342,1.22352,49
2005-06-10 12:24:00,1.22328,1.22358,1.22328,1.22358,40
2005-06-10 12:25:00,1.22328,1.22338,1.22328,1.22328,46
2005-06-10 12:26:00,1.22318,1.22338,1.22308,1.22328,44
2005-06-10 12:27:00,1.22338,1.22348,1.22308,1.22318,45
2005-06-10 12:28:00,1.22348,1.22348,1.22338,1.22338,43
2005-06-10 12:29:00,1.22327,1.22348,1.22297,1.22348,60
2005-06-10 12:30:00,1.2197,1.22337,1.2192,1.22337,59
2005-06-10 12:31:00,1.2205,1.221,1.2196,1.2196,55
2005-06-10 12:32:00,1.2217,1.2218,1.2202,1.2205,56
2005-06-10 12:33:00,1.22245,1.22245,1.22125,1.2218,52
2005-06-10 12:34:00,1.22215,1.22265,1.22205,1.22255,54
2005-06-10 12:35:00,1.22205,1.22275,1.22205,1.22225,42
2005-06-10 12:36:00,1.2219,1.2222,1.2215,1.22205,52
2005-06-10 12:37:00,1.2206,1.2222,1.2206,1.2219,60
2005-06-10 12:38:00,1.2205,1.2208,1.2201,1.2207,57
2005-06-10 12:39:00,1.2208,1.2208,1.2201,1.2204,60
2005-06-10 12:40:00,1.2204,1.2208,1.22,1.2208,57
2005-06-10 12:41:00,1.2202,1.2206,1.22,1.2204,49
2005-06-10 12:42:00,1.21883,1.2202,1.21883,1.22,61
2005-06-10 12:43:00,1.21924,1.21954,1.21893,1.21893,60
2005-06-10 12:44:00,1.21938,1.21948,1.21874,1.21924,73
2005-06-10 12:45:00,1.21958,1.21992,1.21938,1.21948,52
2005-06-10 12:46:00,1.21858,1.21968,1.21828,1.21968,56
2005-06-10 12:47:00,1.21948,1.21958,1.21838,1.21848,52
2005-06-10 12:48:00,1.21998,1.22008,1.21868,1.21938,53
2005-06-10 12:49:00,1.21918,1.22008,1.21918,1.21988,49
2005-06-10 12:50:00,1.21918,1.21968,1.21888,1.21908,63
2005-06-10 12:51:00,1.21922,1.21968,1.21912,1.21918,55
2005-06-10 12:52:00,1.21948,1.21968,1.21878,1.21912,63
2005-06-10 12:53:00,1.21912,1.21962,1.21882,1.21948,58
2005-06-10 12:54:00,1.21942,1.21952,1.21912,1.21912,52
2005-06-10 12:55:00,1.21918,1.21958,1.21908,1.21942,46
2005-06-10 12:56:00,1.21928,1.21958,1.21898,1.21918,56
2005-06-10 12:57:00,1.21964,1.21978,1.21928,1.21928,58
2005-06-10 12:58:00,1.21962,1.21994,1.21944,1.21964,52
2005-06-10 12:59:00,1.21952,1.21982,1.21932,1.21962,56
2005-06-10 13:00:00,1.22048,1.22068,1.21942,1.21942,35
2005-06-10 13:01:00,1.22028,1.22068,1.22028,1.22048,39
2005-06-10 13:02:00,1.22032,1.22042,1.22018,1.22028,47
2005-06-10 13:03:00,1.22018,1.22052,1.22018,1.22032,49
2005-06-10 13:04:00,1.22008,1.22038,1.22008,1.22018,46
2005-06-10 13:05:00,1.21978,1.22038,1.21968,1.22008,60
2005-06-10 13:06:00,1.22028,1.22058,1.21978,1.21978,52
2005-06-10 13:07:00,1.22038,1.22088,1.22028,1.22028,51
2005-06-10 13:08:00,1.22038,1.22058,1.22008,1.22038,55
2005-06-10 13:09:00,1.22048,1.22058,1.22028,1.22038,50
2005-06-10 13:10:00,1.22038,1.22048,1.22008,1.22048,56
2005-06-10 13:11:00,1.22048,1.22048,1.22038,1.22038,42
2005-06-10 13:12:00,1.22048,1.22058,1.22028,1.22048,54
2005-06-10 13:13:00,1.22028,1.22058,1.22018,1.22048,47
2005-06-10 13:14:00,1.22008,1.22048,1.22008,1.22028,51
2005-06-10 13:15:00,1.22018,1.22038,1.21998,1.22008,55
2005-06-10 13:16:00,1.22004,1.22048,1.21994,1.22018,54
2005-06-10 13:17:00,1.22022,1.22034,1.21993,1.22004,45
2005-06-10 13:18:00,1.22028,1.22032,1.22002,1.22022,51
2005-06-10 13:19:00,1.22038,1.22048,1.22028,1.22028,55
2005-06-10 13:20:00,1.22048,1.22048,1.22028,1.22038,46
2005-06-10 13:21:00,1.22048,1.22048,1.22048,1.22048,23
2005-06-10 13:22:00,1.21988,1.22048,1.21988,1.22048,33
2005-06-10 13:23:00,1.22008,1.22008,1.21988,1.22008,50
2005-06-10 13:24:00,1.21958,1.22008,1.21938,1.22008,53
2005-06-10 13:25:00,1.21968,1.21978,1.21948,1.21958,54
2005-06-10 13:26:00,1.21948,1.21968,1.21948,1.21968,49
2005-06-10 13:27:00,1.21968,1.21978,1.21948,1.21948,44
2005-06-10 13:28:00,1.21968,1.21998,1.21968,1.21968,40
2005-06-10 13:29:00,1.21964,1.21978,1.21964,1.21968,39
2005-06-10 13:30:00,1.21974,1.21974,1.21964,1.21964,29
2005-06-10 13:31:00,1.22004,1.22004,1.21974,1.21974,38
2005-06-10 13:32:00,1.21968,1.22004,1.21958,1.22004,46
2005-06-10 13:33:00,1.21968,1.21978,1.21968,1.21978,34
2005-06-10 13:34:00,1.21962,1.21972,1.21962,1.21968,39
2005-06-10 13:35:00,1.21972,1.21972,1.21952,1.21962,38
2005-06-10 13:36:00,1.21962,1.21972,1.21962,1.21972,32
2005-06-10 13:37:00,1.21962,1.21992,1.21962,1.21962,48
2005-06-10 13:38:00,1.21878,1.21962,1.21878,1.21962,48
2005-06-10 13:39:00,1.21888,1.21898,1.21788,1.21888,58
2005-06-10 13:40:00,1.21872,1.21888,1.21848,1.21878,49
2005-06-10 13:41:00,1.21888,1.21892,1.21868,1.21872,55
2005-06-10 13:42:00,1.21834,1.21878,1.21814,1.21878,53
2005-06-10 13:43:00,1.21728,1.21838,1.21718,1.21838,61
2005-06-10 13:44:00,1.21748,1.21788,1.21718,1.21738,57
2005-06-10 13:45:00,1.21738,1.21758,1.21698,1.21748,54
2005-06-10 13:46:00,1.21668,1.21768,1.21658,1.21748,66
2005-06-10 13:47:00,1.21718,1.21728,1.21678,1.21678,53
2005-06-10 13:48:00,1.21744,1.21758,1.21708,1.21728,58
2005-06-10 13:49:00,1.21744,1.21774,1.21744,1.21744,49
2005-06-10 13:50:00,1.21734,1.21754,1.21714,1.21744,45
2005-06-10 13:51:00,1.21704,1.21744,1.21704,1.21744,45
2005-06-10 13:52:00,1.21724,1.21724,1.21674,1.21704,57
2005-06-10 13:53:00,1.21704,1.21734,1.21704,1.21724,34
2005-06-10 13:54:00,1.21684,1.21704,1.21684,1.21694,57
2005-06-10 13:55:00,1.21684,1.21694,1.21684,1.21694,42
2005-06-10 13:56:00,1.21654,1.21684,1.21644,1.21684,53
2005-06-10 13:57:00,1.21594,1.21654,1.2155,1.21654,69
2005-06-10 13:58:00,1.21634,1.21634,1.21564,1.21604,56
2005-06-10 13:59:00,1.21684,1.21684,1.21624,1.21634,46
2005-06-10 14:00:00,1.21624,1.21694,1.21624,1.21684,55
2005-06-10 14:01:00,1.21554,1.21644,1.21554,1.21624,53
2005-06-10 14:02:00,1.21554,1.21574,1.21514,1.21544,58
2005-06-10 14:03:00,1.21468,1.21578,1.21448,1.21554,54
2005-06-10 14:04:00,1.21568,1.21568,1.21468,1.21468,62
2005-06-10 14:05:00,1.21558,1.21578,1.21508,1.21558,56
2005-06-10 14:06:00,1.21538,1.21568,1.21518,1.21558,56
2005-06-10 14:07:00,1.21558,1.21568,1.21548,1.21548,54
2005-06-10 14:08:00,1.21548,1.21578,1.21538,1.21558,61
2005-06-10 14:09:00,1.21538,1.21588,1.21538,1.21548,58
2005-06-10 14:10:00,1.21518,1.21548,1.21498,1.21538,57
2005-06-10 14:11:00,1.21468,1.21528,1.21458,1.21508,50
2005-06-10 14:12:00,1.21378,1.21458,1.21378,1.21458,53
2005-06-10 14:13:00,1.21378,1.21418,1.21348,1.21398,53
2005-06-10 14:14:00,1.21338,1.21408,1.21328,1.21368,52
2005-06-10 14:15:00,1.21348,1.21358,1.21318,1.21348,35
2005-06-10 14:16:00,1.21328,1.21338,1.21318,1.21338,35
2005-06-10 14:17:00,1.21338,1.21338,1.21278,1.21318,45
2005-06-10 14:18:00,1.21318,1.21348,1.21298,1.21338,52
2005-06-10 14:19:00,1.21358,1.21368,1.21318,1.21318,52
2005-06-10 14:20:00,1.21338,1.21368,1.21338,1.21358,56
2005-06-10 14:21:00,1.21338,1.21358,1.21318,1.21338,49
2005-06-10 14:22:00,1.21338,1.21348,1.21308,1.21338,34
2005-06-10 14:23:00,1.21338,1.21338,1.21308,1.21338,49
2005-06-10 14:24:00,1.21378,1.21378,1.21338,1.21338,51
2005-06-10 14:25:00,1.21408,1.21408,1.21368,1.21378,48
2005-06-10 14:26:00,1.21374,1.21408,1.21368,1.21398,50
2005-06-10 14:27:00,1.21394,1.21414,1.21374,1.21374,48
2005-06-10 14:28:00,1.21404,1.21414,1.21394,1.21394,47
2005-06-10 14:29:00,1.2139,1.2143,1.2139,1.21404,47
2005-06-10 14:30:00,1.2141,1.2143,1.2137,1.2139,42
2005-06-10 14:31:00,1.2141,1.2143,1.2139,1.2141,54
2005-06-10 14:32:00,1.2142,1.2142,1.214,1.2141,41
2005-06-10 14:33:00,1.214,1.2143,1.214,1.2141,49
2005-06-10 14:34:00,1.2142,1.2144,1.214,1.214,39
2005-06-10 14:35:00,1.2144,1.2144,1.2142,1.2143,41
2005-06-10 14:36:00,1.2146,1.2147,1.2144,1.2144,49
2005-06-10 14:37:00,1.2143,1.2146,1.2142,1.2146,51
2005-06-10 14:38:00,1.2144,1.2146,1.2143,1.2143,50
2005-06-10 14:39:00,1.2144,1.2147,1.2144,1.2144,45
2005-06-10 14:40:00,1.2141,1.2145,1.2141,1.2145,50
2005-06-10 14:41:00,1.21394,1.2141,1.2136,1.2141,49
2005-06-10 14:42:00,1.21404,1.21414,1.21394,1.21404,47
2005-06-10 14:43:00,1.21394,1.21414,1.21394,1.21404,36
2005-06-10 14:44:00,1.2134,1.214,1.2134,1.2139,50
2005-06-10 14:45:00,1.2131,1.2136,1.2131,1.2134,41
2005-06-10 14:46:00,1.2131,1.2134,1.2131,1.2131,55
2005-06-10 14:47:00,1.2133,1.2133,1.2131,1.2131,49
2005-06-10 14:48:00,1.2126,1.2133,1.2122,1.2133,56
2005-06-10 14:49:00,1.2116,1.2126,1.2115,1.2126,53
2005-06-10 14:50:00,1.2125,1.2125,1.2116,1.2116,46
2005-06-10 14:51:00,1.2127,1.2127,1.2122,1.2124,47
2005-06-10 14:52:00,1.2122,1.213,1.2122,1.2127,57
2005-06-10 14:53:00,1.2122,1.2125,1.2118,1.2122,62
2005-06-10 14:54:00,1.2119,1.2124,1.2118,1.2122,55
2005-06-10 14:55:00,1.2118,1.2123,1.2118,1.2119,48
2005-06-10 14:56:00,1.2123,1.2124,1.2117,1.2118,53
2005-06-10 14:57:00,1.2126,1.2126,1.2122,1.2123,55
2005-06-10 14:58:00,1.2124,1.213,1.2124,1.2126,57
2005-06-10 14:59:00,1.2122,1.2125,1.2122,1.2124,59
2005-06-10 15:00:00,1.2124,1.2125,1.2121,1.2122,41
2005-06-10 15:01:00,1.2124,1.2125,1.2123,1.2124,45
2005-06-10 15:02:00,1.2125,1.2125,1.2123,1.2124,41
2005-06-10 15:03:00,1.2121,1.2126,1.2119,1.2125,55
2005-06-10 15:04:00,1.2122,1.2122,1.2118,1.212,54
2005-06-10 15:05:00,1.2116,1.2124,1.2115,1.2122,55
2005-06-10 15:06:00,1.2113,1.2116,1.2112,1.2116,62
2005-06-10 15:07:00,1.2118,1.2118,1.2113,1.2113,60
2005-06-10 15:08:00,1.2117,1.2122,1.2116,1.2118,52
2005-06-10 15:09:00,1.2122,1.2123,1.2117,1.2117,55
2005-06-10 15:10:00,1.2122,1.2123,1.2119,1.2122,41
2005-06-10 15:11:00,1.2118,1.2122,1.2118,1.2122,44
2005-06-10 15:12:00,1.2118,1.212,1.2117,1.2119,51
2005-06-10 15:13:00,1.2115,1.212,1.2115,1.2118,48
2005-06-10 15:14:00,1.2114,1.2115,1.211,1.2115,61
2005-06-10 15:15:00,1.2116,1.2118,1.2112,1.2113,59
2005-06-10 15:16:00,1.2117,1.2117,1.2111,1.2115,53
2005-06-10 15:17:00,1.2116,1.2117,1.2113,1.2117,45
2005-06-10 15:18:00,1.2118,1.2119,1.2115,1.2115,51
2005-06-10 15:19:00,1.212,1.212,1.2117,1.2118,53
2005-06-10 15:20:00,1.2115,1.212,1.2114,1.212,45
2005-06-10 15:21:00,1.2122,1.2122,1.2114,1.2115,53
2005-06-10 15:22:00,1.2122,1.2124,1.2122,1.2122,48
2005-06-10 15:23:00,1.2123,1.2123,1.212,1.2122,44
2005-06-10 15:24:00,1.2124,1.2126,1.2122,1.2123,48
2005-06-10 15:25:00,1.2126,1.2126,1.2123,1.2124,35
2005-06-10 15:26:00,1.2124,1.2126,1.2122,1.2126,51
2005-06-10 15:27:00,1.2125,1.2125,1.2124,1.2124,40
2005-06-10 15:28:00,1.2124,1.2126,1.2124,1.2125,42
2005-06-10 15:29:00,1.2127,1.2127,1.2124,1.2125,46
2005-06-10 15:30:00,1.2127,1.213,1.2126,1.2126,44
2005-06-10 15:31:00,1.2126,1.2128,1.2125,1.2127,39
2005-06-10 15:32:00,1.2125,1.2126,1.2122,1.2126,45
2005-06-10 15:33:00,1.2123,1.2125,1.2121,1.2125,44
2005-06-10 15:34:00,1.2121,1.2124,1.2121,1.2123,40
2005-06-10 15:35:00,1.2121,1.2122,1.2119,1.2121,54
2005-06-10 15:36:00,1.2122,1.2122,1.2119,1.2121,54
2005-06-10 15:37:00,1.2122,1.2123,1.2122,1.2122,46
2005-06-10 15:38:00,1.2124,1.2124,1.2122,1.2122,36
2005-06-10 15:39:00,1.2126,1.2126,1.2124,1.2124,28
2005-06-10 15:40:00,1.2125,1.2126,1.2124,1.2126,42
2005-06-10 15:41:00,1.2123,1.2125,1.2123,1.2125,43
2005-06-10 15:42:00,1.2126,1.2128,1.2123,1.2123,49
2005-06-10 15:43:00,1.2129,1.213,1.2126,1.2126,54
2005-06-10 15:44:00,1.2126,1.213,1.2126,1.2129,44
2005-06-10 15:45:00,1.2125,1.2128,1.2122,1.2126,56
2005-06-10 15:46:00,1.2125,1.2126,1.2125,1.2125,34
2005-06-10 15:47:00,1.2124,1.2126,1.2124,1.2126,37
2005-06-10 15:48:00,1.2129,1.2129,1.2124,1.2124,45
2005-06-10 15:49:00,1.2126,1.213,1.2126,1.2128,34
2005-06-10 15:50:00,1.2129,1.213,1.2126,1.2126,47
2005-06-10 15:51:00,1.213,1.2132,1.2129,1.2129,37
2005-06-10 15:52:00,1.213,1.213,1.2129,1.213,37
2005-06-10 15:53:00,1.2132,1.2132,1.2129,1.213,36
2005-06-10 15:54:00,1.2128,1.2132,1.2127,1.2132,42
2005-06-10 15:55:00,1.213,1.213,1.2126,1.2127,50
2005-06-10 15:56:00,1.213,1.2131,1.2129,1.213,34
2005-06-10 15:57:00,1.2127,1.2131,1.2126,1.213,55
2005-06-10 15:58:00,1.2129,1.2132,1.2127,1.2127,53
2005-06-10 15:59:00,1.2127,1.2129,1.2126,1.2129,32
2005-06-10 16:00:00,1.2129,1.2129,1.2127,1.2127,37
2005-06-10 16:01:00,1.2132,1.2132,1.2129,1.2129,35
2005-06-10 16:02:00,1.2138,1.214,1.2131,1.2132,53
2005-06-10 16:03:00,1.2137,1.2138,1.2136,1.2138,51
2005-06-10 16:04:00,1.2138,1.2138,1.2135,1.2137,52
2005-06-10 16:05:00,1.2135,1.2138,1.2135,1.2138,41
2005-06-10 16:06:00,1.2135,1.2135,1.2135,1.2135,25
2005-06-10 16:07:00,1.2134,1.2135,1.2134,1.2135,32
2005-06-10 16:08:00,1.2136,1.2136,1.2134,1.2134,37
2005-06-10 16:09:00,1.2135,1.2136,1.2135,1.2136,37
2005-06-10 16:10:00,1.2135,1.2137,1.2135,1.2135,37
2005-06-10 16:11:00,1.2134,1.2135,1.2134,1.2135,21
2005-06-10 16:12:00,1.2132,1.2134,1.2131,1.2134,46
2005-06-10 16:13:00,1.213,1.2132,1.213,1.2132,38
2005-06-10 16:14:00,1.2131,1.2131,1.213,1.213,32
2005-06-10 16:15:00,1.2129,1.2132,1.2129,1.2132,30
2005-06-10 16:16:00,1.2128,1.213,1.2127,1.2129,34
2005-06-10 16:17:00,1.2128,1.2129,1.2127,1.2127,43
2005-06-10 16:18:00,1.2127,1.2129,1.2127,1.2129,45
2005-06-10 16:19:00,1.2125,1.2127,1.2125,1.2127,25
2005-06-10 16:20:00,1.2127,1.2127,1.2124,1.2125,39
2005-06-10 16:21:00,1.2126,1.2129,1.2126,1.2128,47
2005-06-10 16:22:00,1.2129,1.2129,1.2126,1.2126,31
2005-06-10 16:23:00,1.2129,1.213,1.2128,1.2129,35
2005-06-10 16:24:00,1.2129,1.213,1.2128,1.2129,42
2005-06-10 16:25:00,1.213,1.213,1.2128,1.2128,44
2005-06-10 16:26:00,1.2129,1.213,1.2129,1.213,45
2005-06-10 16:27:00,1.2128,1.213,1.2128,1.2129,29
2005-06-10 16:28:00,1.2129,1.2129,1.2128,1.2128,42
2005-06-10 16:29:00,1.2129,1.2129,1.2128,1.2129,38
2005-06-10 16:30:00,1.2128,1.2129,1.2128,1.2129,33
2005-06-10 16:31:00,1.2126,1.2128,1.2126,1.2128,27
2005-06-10 16:32:00,1.2128,1.2128,1.2126,1.2126,25
2005-06-10 16:33:00,1.2127,1.2128,1.2126,1.2128,38
2005-06-10 16:34:00,1.2125,1.2127,1.2125,1.2127,38
2005-06-10 16:35:00,1.2127,1.2127,1.2125,1.2125,32
2005-06-10 16:36:00,1.213,1.2131,1.2127,1.2127,42
2005-06-10 16:37:00,1.213,1.2131,1.2129,1.213,41
2005-06-10 16:38:00,1.2127,1.213,1.2127,1.213,27
2005-06-10 16:39:00,1.2127,1.2128,1.2126,1.2127,45
2005-06-10 16:40:00,1.2125,1.2127,1.2125,1.2127,50
2005-06-10 16:41:00,1.2123,1.2125,1.2123,1.2125,31
2005-06-10 16:42:00,1.2123,1.2124,1.2123,1.2123,27
2005-06-10 16:43:00,1.2123,1.2124,1.2123,1.2123,38
2005-06-10 16:44:00,1.2119,1.2123,1.2119,1.2123,37
2005-06-10 16:45:00,1.2117,1.212,1.2117,1.2119,50
2005-06-10 16:46:00,1.2124,1.2124,1.2117,1.2118,52
2005-06-10 16:47:00,1.2125,1.2125,1.2123,1.2124,38
2005-06-10 16:48:00,1.2124,1.2125,1.2123,1.2125,35
2005-06-10 16:49:00,1.2123,1.2124,1.2123,1.2124,27
2005-06-10 16:50:00,1.2123,1.2124,1.2122,1.2123,33
2005-06-10 16:51:00,1.2122,1.2124,1.2122,1.2123,42
2005-06-10 16:52:00,1.2122,1.2123,1.2122,1.2122,43
2005-06-10 16:53:00,1.2123,1.2123,1.2122,1.2122,23
2005-06-10 16:54:00,1.2125,1.2125,1.2123,1.2123,46
2005-06-10 16:55:00,1.2126,1.2126,1.2125,1.2125,26
2005-06-10 16:56:00,1.2126,1.2126,1.2126,1.2126,29
2005-06-10 16:57:00,1.2126,1.2127,1.2126,1.2126,25
2005-06-10 16:58:00,1.2125,1.2126,1.2125,1.2126,33
2005-06-10 16:59:00,1.2126,1.2126,1.2125,1.2125,23
2005-06-10 17:00:00,1.2124,1.2126,1.2124,1.2126,42
2005-06-10 17:01:00,1.2124,1.2125,1.2123,1.2124,52
2005-06-10 17:02:00,1.2122,1.2124,1.2121,1.2124,38
2005-06-10 17:03:00,1.2122,1.2122,1.2121,1.2122,29
2005-06-10 17:04:00,1.2121,1.2122,1.212,1.2122,33
2005-06-10 17:05:00,1.212,1.2121,1.212,1.2121,31
2005-06-10 17:06:00,1.2117,1.212,1.2117,1.212,33
2005-06-10 17:07:00,1.2119,1.212,1.2116,1.2117,36
2005-06-10 17:08:00,1.2118,1.2119,1.2118,1.2119,37
2005-06-10 17:09:00,1.212,1.212,1.2118,1.2118,35
2005-06-10 17:10:00,1.2122,1.2122,1.212,1.212,49
2005-06-10 17:11:00,1.2122,1.2123,1.2121,1.2122,39
2005-06-10 17:12:00,1.2123,1.2124,1.2122,1.2122,37
2005-06-10 17:13:00,1.2124,1.2125,1.2123,1.2123,33
2005-06-10 17:14:00,1.2123,1.2125,1.2123,1.2124,49
2005-06-10 17:15:00,1.2122,1.2123,1.2122,1.2123,23
2005-06-10 17:16:00,1.2122,1.2124,1.2121,1.2122,43
2005-06-10 17:17:00,1.2122,1.2122,1.2121,1.2122,54
2005-06-10 17:18:00,1.212,1.2122,1.212,1.2122,32
2005-06-10 17:19:00,1.2121,1.2121,1.2119,1.212,31
2005-06-10 17:20:00,1.2123,1.2123,1.2119,1.2121,50
2005-06-10 17:21:00,1.2123,1.2124,1.2122,1.2123,45
2005-06-10 17:22:00,1.2123,1.2123,1.2122,1.2123,26
2005-06-10 17:23:00,1.2123,1.2124,1.2122,1.2122,43
2005-06-10 17:24:00,1.2123,1.2123,1.2123,1.2123,20
2005-06-10 17:25:00,1.2123,1.2123,1.2122,1.2123,24
2005-06-10 17:26:00,1.2123,1.2123,1.2122,1.2123,37
2005-06-10 17:27:00,1.2122,1.2123,1.2122,1.2123,21
2005-06-10 17:28:00,1.2122,1.2122,1.2122,1.2122,12
2005-06-10 17:29:00,1.212,1.2122,1.212,1.2121,41
2005-06-10 17:30:00,1.212,1.212,1.212,1.212,20
2005-06-10 17:31:00,1.2122,1.2122,1.212,1.212,46
2005-06-10 17:32:00,1.2125,1.2126,1.2122,1.2122,37
2005-06-10 17:33:00,1.2124,1.2125,1.2123,1.2124,29
2005-06-10 17:34:00,1.2124,1.2124,1.2124,1.2124,17
2005-06-10 17:35:00,1.2124,1.2124,1.2123,1.2124,20
2005-06-10 17:36:00,1.2124,1.2124,1.2124,1.2124,8
2005-06-10 17:37:00,1.2125,1.2125,1.2124,1.2124,30
2005-06-10 17:38:00,1.2124,1.2124,1.2124,1.2124,9
2005-06-10 17:39:00,1.2124,1.2124,1.2123,1.2124,22
2005-06-10 17:40:00,1.2124,1.2124,1.2124,1.2124,6
2005-06-10 17:41:00,1.2124,1.2124,1.2124,1.2124,7
2005-06-10 17:42:00,1.2124,1.2124,1.2124,1.2124,14
2005-06-10 17:43:00,1.2123,1.2124,1.2123,1.2124,18
2005-06-10 17:44:00,1.2123,1.2124,1.2123,1.2123,31
2005-06-10 17:45:00,1.2123,1.2124,1.2123,1.2123,21
2005-06-10 17:46:00,1.2123,1.2123,1.2123,1.2123,7
2005-06-10 17:47:00,1.2123,1.2124,1.2122,1.2123,29
2005-06-10 17:48:00,1.2121,1.2123,1.2121,1.2123,33
2005-06-10 17:49:00,1.2121,1.2121,1.2121,1.2121,11
2005-06-10 17:50:00,1.2121,1.2121,1.2121,1.2121,12
2005-06-10 17:51:00,1.2118,1.2122,1.2118,1.2121,39
2005-06-10 17:52:00,1.2119,1.2119,1.2118,1.2118,34
2005-06-10 17:53:00,1.2119,1.212,1.2119,1.2119,29
2005-06-10 17:54:00,1.212,1.212,1.2119,1.2119,19
2005-06-10 17:55:00,1.2121,1.2121,1.212,1.212,31
2005-06-10 17:56:00,1.212,1.2121,1.212,1.2121,36
2005-06-10 17:57:00,1.2121,1.2121,1.212,1.212,17
2005-06-10 17:58:00,1.2121,1.2121,1.2121,1.2121,22
2005-06-10 17:59:00,1.2122,1.2122,1.2121,1.2121,18
2005-06-10 18:00:00,1.2118,1.2122,1.2117,1.2122,41
2005-06-10 18:01:00,1.2119,1.2119,1.2118,1.2118,21
2005-06-10 18:02:00,1.2119,1.2119,1.2118,1.2118,30
2005-06-10 18:03:00,1.2119,1.2119,1.2119,1.2119,28
2005-06-10 18:04:00,1.2119,1.2121,1.2119,1.2119,36
2005-06-10 18:05:00,1.212,1.2121,1.2119,1.2119,24
2005-06-10 18:06:00,1.2121,1.2121,1.2119,1.212,47
2005-06-10 18:07:00,1.2121,1.2121,1.212,1.2121,34
2005-06-10 18:08:00,1.2122,1.2122,1.2121,1.2121,20
2005-06-10 18:09:00,1.2121,1.2122,1.2121,1.2122,18
2005-06-10 18:10:00,1.2119,1.2121,1.2119,1.2121,20
2005-06-10 18:11:00,1.2119,1.212,1.2119,1.2119,26
2005-06-10 18:12:00,1.2119,1.2119,1.2119,1.2119,10
2005-06-10 18:13:00,1.2119,1.2119,1.2119,1.2119,20
2005-06-10 18:14:00,1.2119,1.2119,1.2119,1.2119,25
2005-06-10 18:15:00,1.2118,1.2119,1.2118,1.2119,24
2005-06-10 18:16:00,1.2118,1.2119,1.2118,1.2118,30
2005-06-10 18:17:00,1.2119,1.2119,1.2118,1.2118,32
2005-06-10 18:18:00,1.2119,1.2119,1.2119,1.2119,17
2005-06-10 18:19:00,1.2119,1.212,1.2119,1.2119,24
2005-06-10 18:20:00,1.2119,1.2119,1.2119,1.2119,7
2005-06-10 18:21:00,1.2119,1.212,1.2118,1.2118,27
2005-06-10 18:22:00,1.2116,1.2119,1.2116,1.2118,41
2005-06-10 18:23:00,1.2113,1.2116,1.2113,1.2116,32
2005-06-10 18:24:00,1.2115,1.2115,1.2113,1.2113,22
2005-06-10 18:25:00,1.2116,1.2117,1.2115,1.2115,42
2005-06-10 18:26:00,1.2116,1.2117,1.2116,1.2116,23
2005-06-10 18:27:00,1.2117,1.2117,1.2116,1.2117,27
2005-06-10 18:28:00,1.2118,1.2118,1.2117,1.2117,32
2005-06-10 18:29:00,1.2118,1.2119,1.2118,1.2118,20
2005-06-10 18:30:00,1.2117,1.2118,1.2117,1.2118,16
2005-06-10 18:31:00,1.2116,1.2117,1.2116,1.2117,30
2005-06-10 18:32:00,1.2116,1.2117,1.2115,1.2116,43
2005-06-10 18:33:00,1.2116,1.2116,1.2115,1.2116,22
2005-06-10 18:34:00,1.2113,1.2116,1.2112,1.2116,36
2005-06-10 18:35:00,1.2114,1.2114,1.2113,1.2113,40
2005-06-10 18:36:00,1.2114,1.2114,1.2113,1.2114,33
2005-06-10 18:37:00,1.2113,1.2115,1.2113,1.2114,44
2005-06-10 18:38:00,1.2113,1.2114,1.2112,1.2113,40
2005-06-10 18:39:00,1.2114,1.2115,1.2113,1.2113,32
2005-06-10 18:40:00,1.2114,1.2114,1.2114,1.2114,22
2005-06-10 18:41:00,1.2113,1.2115,1.2113,1.2114,28
2005-06-10 18:42:00,1.2113,1.2114,1.2113,1.2114,30
2005-06-10 18:43:00,1.2109,1.2113,1.2109,1.2113,40
2005-06-10 18:44:00,1.211,1.2112,1.2108,1.2108,50
2005-06-10 18:45:00,1.2108,1.2111,1.2108,1.211,33
2005-06-10 18:46:00,1.2109,1.211,1.2108,1.2109,44
2005-06-10 18:47:00,1.2111,1.2112,1.2109,1.2109,30
2005-06-10 18:48:00,1.2113,1.2113,1.2111,1.2111,34
2005-06-10 18:49:00,1.2114,1.2114,1.2113,1.2113,23
2005-06-10 18:50:00,1.2115,1.2115,1.2113,1.2113,33
2005-06-10 18:51:00,1.2116,1.2116,1.2114,1.2115,33
2005-06-10 18:52:00,1.2115,1.2116,1.2115,1.2116,21
2005-06-10 18:53:00,1.2116,1.2117,1.2115,1.2115,28
2005-06-10 18:54:00,1.2116,1.2117,1.2116,1.2116,47
2005-06-10 18:55:00,1.2115,1.2116,1.2115,1.2116,39
2005-06-10 18:56:00,1.2115,1.2116,1.2115,1.2115,36
2005-06-10 18:57:00,1.2115,1.2116,1.2113,1.2115,46
2005-06-10 18:58:00,1.2119,1.2119,1.2115,1.2115,50
2005-06-10 18:59:00,1.212,1.2122,1.2116,1.2118,49
2005-06-10 19:00:00,1.212,1.2123,1.2119,1.212,34
2005-06-10 19:01:00,1.2119,1.212,1.2119,1.2119,7
2005-06-10 19:02:00,1.2119,1.212,1.2119,1.2119,8
2005-06-10 19:03:00,1.212,1.212,1.2119,1.212,9
2005-06-10 19:04:00,1.212,1.2121,1.212,1.2121,6
2005-06-10 19:05:00,1.212,1.2121,1.212,1.212,6
2005-06-10 19:06:00,1.2119,1.212,1.2119,1.212,6
2005-06-10 19:07:00,1.212,1.212,1.2119,1.2119,7
2005-06-10 19:08:00,1.2118,1.212,1.2118,1.212,14
2005-06-10 19:09:00,1.212,1.212,1.2118,1.2118,6
2005-06-10 19:10:00,1.212,1.212,1.2119,1.2119,6
2005-06-10 19:11:00,1.212,1.212,1.2119,1.212,4
2005-06-10 19:12:00,1.212,1.212,1.212,1.212,2
2005-06-10 19:13:00,1.2121,1.2121,1.212,1.212,4
2005-06-10 19:14:00,1.2122,1.2122,1.2121,1.2121,5
2005-06-10 19:15:00,1.2122,1.2122,1.2121,1.2121,4
2005-06-10 19:16:00,1.2123,1.2123,1.2121,1.2122,5
2005-06-10 19:17:00,1.2122,1.2123,1.2122,1.2122,9
2005-06-10 19:18:00,1.2122,1.2122,1.2122,1.2122,2
2005-06-10 19:19:00,1.212,1.2121,1.212,1.2121,11
2005-06-10 19:20:00,1.2119,1.212,1.2119,1.212,8
2005-06-10 19:21:00,1.2119,1.2119,1.2119,1.2119,2
2005-06-10 19:22:00,1.2118,1.2119,1.2118,1.2119,6
2005-06-10 19:23:00,1.2118,1.2118,1.2118,1.2118,1
2005-06-10 19:24:00,1.2118,1.2118,1.2118,1.2118,2
2005-06-10 19:25:00,1.2118,1.2118,1.2118,1.2118,2
2005-06-10 19:26:00,1.2118,1.2118,1.2118,1.2118,2
2005-06-10 19:27:00,1.2119,1.2119,1.2118,1.2118,8
2005-06-10 19:28:00,1.2119,1.2119,1.2119,1.2119,2
2005-06-10 19:29:00,1.2118,1.2119,1.2118,1.2118,4
2005-06-10 19:30:00,1.2118,1.2118,1.2117,1.2117,10
2005-06-10 19:31:00,1.2117,1.2117,1.2116,1.2117,8
2005-06-10 19:32:00,1.2117,1.2117,1.2117,1.2117,2
2005-06-10 19:33:00,1.2118,1.2118,1.2117,1.2118,8
2005-06-10 19:34:00,1.2117,1.2117,1.2117,1.2117,4
2005-06-10 19:35:00,1.2117,1.2118,1.2117,1.2118,6
2005-06-10 19:36:00,1.2117,1.2117,1.2117,1.2117,2
2005-06-10 19:37:00,1.2118,1.2118,1.2117,1.2117,7
2005-06-10 19:38:00,1.2117,1.2117,1.2117,1.2117,3
2005-06-10 19:39:00,1.2117,1.2117,1.2117,1.2117,3
2005-06-10 19:40:00,1.2117,1.2119,1.2117,1.2117,6
2005-06-10 19:41:00,1.2119,1.2119,1.2117,1.2117,5
2005-06-10 19:42:00,1.2116,1.2118,1.2116,1.2118,15
2005-06-10 19:43:00,1.2116,1.2117,1.2115,1.2117,13
2005-06-10 19:44:00,1.2117,1.2117,1.2116,1.2116,6
2005-06-10 19:45:00,1.2118,1.2119,1.2117,1.2117,13
2005-06-10 19:46:00,1.2118,1.2119,1.2117,1.2117,20
2005-06-10 19:47:00,1.2119,1.2119,1.2119,1.2119,3
2005-06-10 19:48:00,1.2119,1.2119,1.2119,1.2119,3
2005-06-10 19:49:00,1.212,1.212,1.2119,1.2119,4
2005-06-10 19:50:00,1.212,1.212,1.2119,1.212,5
2005-06-10 19:51:00,1.212,1.212,1.212,1.212,2
2005-06-10 19:52:00,1.2122,1.2122,1.212,1.212,5
2005-06-10 19:53:00,1.2122,1.2122,1.2122,1.2122,2
2005-06-10 19:54:00,1.2121,1.2122,1.2121,1.2122,3
2005-06-10 19:57:00,1.2123,1.2124,1.2123,1.2123,3
2005-06-10 19:58:00,1.2123,1.2124,1.2123,1.2123,11
2005-06-10 19:59:00,1.2123,1.2123,1.2123,1.2123,3
2005-06-10 20:00:00,1.2123,1.2124,1.2123,1.2123,6
2005-06-10 20:01:00,1.2122,1.2123,1.2122,1.2123,6
2005-06-10 20:02:00,1.2122,1.2123,1.2121,1.2122,9
2005-06-10 20:03:00,1.2121,1.2121,1.2121,1.2121,5
2005-06-10 20:04:00,1.2121,1.2122,1.212,1.2122,11
2005-06-10 20:05:00,1.2121,1.2121,1.212,1.212,5
2005-06-10 20:06:00,1.2121,1.2121,1.2121,1.2121,4
2005-06-10 20:07:00,1.2121,1.2121,1.2121,1.2121,2
2005-06-10 20:08:00,1.2122,1.2123,1.2122,1.2122,19
2005-06-10 20:09:00,1.2124,1.2124,1.2121,1.2121,13
2005-06-10 20:10:00,1.2125,1.2126,1.2124,1.2124,14
2005-06-10 20:11:00,1.2124,1.2125,1.2124,1.2125,6
2005-06-10 20:12:00,1.2123,1.2124,1.2122,1.2124,3
2005-06-10 20:13:00,1.2124,1.2124,1.2123,1.2124,7
2005-06-10 20:14:00,1.2122,1.2123,1.2122,1.2122,3
2005-06-10 20:15:00,1.2123,1.2123,1.2122,1.2123,5
2005-06-10 20:16:00,1.2121,1.2123,1.212,1.2123,11
2005-06-10 20:17:00,1.212,1.2121,1.212,1.2121,5
2005-06-10 20:18:00,1.2121,1.2121,1.2119,1.2119,7
2005-06-10 20:19:00,1.2121,1.2122,1.212,1.2121,6
2005-06-10 20:20:00,1.2119,1.2121,1.2119,1.2121,7
2005-06-10 20:21:00,1.2119,1.2121,1.2119,1.2119,10
2005-06-10 20:22:00,1.2119,1.2119,1.2119,1.2119,5
2005-06-10 20:23:00,1.2119,1.212,1.2118,1.2119,11
2005-06-10 20:24:00,1.212,1.212,1.2119,1.2119,3
2005-06-10 20:25:00,1.2119,1.212,1.2119,1.212,7
2005-06-10 20:26:00,1.212,1.2121,1.2119,1.2119,10
2005-06-10 20:27:00,1.212,1.2121,1.212,1.212,13
2005-06-10 20:28:00,1.212,1.2121,1.212,1.2121,4
2005-06-10 20:29:00,1.212,1.212,1.212,1.212,2
2005-06-10 20:30:00,1.212,1.212,1.212,1.212,4
2005-06-10 20:31:00,1.2121,1.2121,1.212,1.212,3
2005-06-10 20:32:00,1.212,1.2121,1.2119,1.212,12
2005-06-10 20:33:00,1.212,1.2121,1.212,1.2121,4
2005-06-10 20:34:00,1.2121,1.2121,1.212,1.212,5
2005-06-10 20:35:00,1.212,1.212,1.212,1.212,4
2005-06-10 20:36:00,1.212,1.2121,1.212,1.212,3
2005-06-10 20:37:00,1.2119,1.2121,1.2119,1.2121,9
2005-06-10 20:38:00,1.2119,1.2119,1.2119,1.2119,2
2005-06-10 20:39:00,1.2119,1.2119,1.2119,1.2119,5
2005-06-10 20:40:00,1.2119,1.212,1.2119,1.2119,5
2005-06-10 20:41:00,1.2121,1.2122,1.2119,1.2119,16
2005-06-10 20:42:00,1.2121,1.2122,1.212,1.2121,6
2005-06-10 20:43:00,1.2121,1.2122,1.2121,1.2121,6
2005-06-10 20:44:00,1.2122,1.2123,1.2121,1.2122,9
2005-06-10 20:45:00,1.2122,1.2122,1.2122,1.2122,2
2005-06-10 20:46:00,1.212,1.2121,1.2119,1.2121,8
2005-06-10 20:47:00,1.212,1.212,1.212,1.212,4
2005-06-10 20:48:00,1.2118,1.2119,1.2117,1.2119,7
2005-06-10 20:49:00,1.2119,1.212,1.2119,1.212,4
2005-06-10 20:50:00,1.2119,1.2119,1.2119,1.2119,2
2005-06-10 20:51:00,1.212,1.2121,1.2117,1.2119,8
2005-06-10 20:52:00,1.212,1.2121,1.2119,1.212,6
2005-06-10 20:53:00,1.2119,1.212,1.2119,1.21195,6
2005-06-10 20:54:00,1.2119,1.2119,1.2119,1.2119,2
2005-06-10 20:55:00,1.21185,1.21185,1.2118,1.2118,3
2005-06-10 20:56:00,1.21185,1.21185,1.21185,1.21185,1
2005-06-10 20:57:00,1.2117,1.212,1.2117,1.2118,9
2005-06-10 20:58:00,1.2116,1.21165,1.2116,1.21165,4
2005-06-10 20:59:00,1.2119,1.212,1.21155,1.21155,14
2005-06-10 21:00:00,1.2118,1.21195,1.2118,1.2118,8
2005-06-10 21:01:00,1.21205,1.21205,1.21185,1.21185,6
2005-06-10 21:02:00,1.21205,1.21205,1.21205,1.21205,2
2005-06-12 16:49:00,1.2122,1.21235,1.2122,1.21235,2
2005-06-12 16:50:00,1.2122,1.2122,1.2122,1.2122,2
2005-06-12 16:51:00,1.2122,1.2122,1.2122,1.2122,2
2005-06-12 16:52:00,1.2122,1.2122,1.2122,1.2122,2
2005-06-12 16:53:00,1.2122,1.2122,1.2122,1.2122,2
2005-06-12 16:54:00,1.2122,1.2122,1.2122,1.2122,2
2005-06-12 16:55:00,1.2122,1.2122,1.2122,1.2122,2
2005-06-12 16:56:00,1.2122,1.2122,1.2122,1.2122,2
2005-06-12 16:57:00,1.2122,1.2122,1.2122,1.2122,2
2005-06-12 16:58:00,1.2122,1.2122,1.2122,1.2122,2
2005-06-12 16:59:00,1.2122,1.2122,1.2122,1.2122,2
2005-06-12 17:00:00,1.2122,1.2122,1.2122,1.2122,2
2005-06-12 17:01:00,1.2122,1.2122,1.2122,1.2122,2
2005-06-12 17:02:00,1.2122,1.2122,1.2122,1.2122,2
2005-06-12 17:03:00,1.2122,1.2122,1.2122,1.2122,2
2005-06-12 17:04:00,1.2122,1.2122,1.2122,1.2122,1
2005-06-12 17:05:00,1.2122,1.2122,1.2122,1.2122,2
2005-06-12 17:06:00,1.2122,1.2122,1.2122,1.2122,2
2005-06-12 17:07:00,1.2122,1.2122,1.2122,1.2122,2
2005-06-12 17:08:00,1.2122,1.2122,1.2122,1.2122,2
2005-06-12 17:09:00,1.2122,1.2122,1.2122,1.2122,2
2005-06-12 17:10:00,1.2122,1.2122,1.2122,1.2122,2
2005-06-12 17:11:00,1.2122,1.2122,1.2122,1.2122,2
2005-06-12 17:12:00,1.2122,1.2122,1.2122,1.2122,2
2005-06-12 17:13:00,1.2122,1.2122,1.2122,1.2122,2
2005-06-12 17:14:00,1.2122,1.2122,1.2122,1.2122,2
2005-06-12 17:15:00,1.2122,1.2122,1.2122,1.2122,2
2005-06-12 17:16:00,1.2122,1.2122,1.2122,1.2122,2
2005-06-12 17:17:00,1.2122,1.2122,1.2122,1.2122,2
2005-06-12 17:18:00,1.2122,1.2122,1.2122,1.2122,2
2005-06-12 17:19:00,1.2122,1.2122,1.2122,1.2122,2
2005-06-12 17:20:00,1.2122,1.2122,1.2122,1.2122,1
2005-06-12 17:21:00,1.2122,1.2122,1.2122,1.2122,2
2005-06-12 17:22:00,1.2122,1.2122,1.2122,1.2122,2
2005-06-12 17:23:00,1.2122,1.2122,1.2122,1.2122,2
2005-06-12 17:24:00,1.2122,1.2122,1.2122,1.2122,2
2005-06-12 17:25:00,1.2122,1.2122,1.2122,1.2122,2
2005-06-12 17:26:00,1.2122,1.2122,1.2122,1.2122,2
2005-06-12 17:27:00,1.2122,1.2122,1.2122,1.2122,2
2005-06-12 17:28:00,1.2122,1.2122,1.2122,1.2122,2
2005-06-12 17:29:00,1.2122,1.2122,1.2122,1.2122,2
2005-06-12 17:30:00,1.2122,1.2122,1.2122,1.2122,2
2005-06-12 17:31:00,1.2122,1.2122,1.2122,1.2122,2
2005-06-12 17:32:00,1.2122,1.2122,1.2122,1.2122,2
2005-06-12 17:33:00,1.2122,1.2122,1.2122,1.2122,2
2005-06-12 17:34:00,1.2122,1.2122,1.2122,1.2122,2
2005-06-12 17:35:00,1.2122,1.2122,1.2122,1.2122,1
2005-06-12 17:36:00,1.2122,1.2122,1.2122,1.2122,2
2005-06-12 17:37:00,1.2122,1.2122,1.2122,1.2122,2
2005-06-12 17:38:00,1.2122,1.2122,1.2122,1.2122,2
2005-06-12 17:39:00,1.2122,1.2122,1.2122,1.2122,2
2005-06-12 17:40:00,1.2122,1.2122,1.2122,1.2122,2
2005-06-12 17:41:00,1.2122,1.2122,1.2122,1.2122,2
2005-06-12 17:42:00,1.2122,1.2122,1.2122,1.2122,2
2005-06-12 17:43:00,1.2122,1.2122,1.2122,1.2122,2
2005-06-12 17:44:00,1.2122,1.2122,1.2122,1.2122,2
2005-06-12 17:45:00,1.2122,1.2122,1.2122,1.2122,2
2005-06-12 17:46:00,1.2122,1.2122,1.2122,1.2122,2
2005-06-12 17:47:00,1.2122,1.2122,1.2122,1.2122,2
2005-06-12 17:48:00,1.2122,1.2122,1.2122,1.2122,2
2005-06-12 17:49:00,1.2122,1.2122,1.2122,1.2122,2
2005-06-12 17:50:00,1.2122,1.2122,1.2122,1.2122,2
2005-06-12 17:51:00,1.2122,1.2122,1.2122,1.2122,1
2005-06-12 17:52:00,1.2122,1.2122,1.2122,1.2122,2
2005-06-12 17:53:00,1.2122,1.2122,1.2122,1.2122,2
2005-06-12 17:54:00,1.2122,1.2122,1.2122,1.2122,2
2005-06-12 17:55:00,1.2122,1.2122,1.2122,1.2122,2
2005-06-12 17:56:00,1.2122,1.2122,1.2122,1.2122,2
2005-06-12 17:57:00,1.2122,1.2122,1.2122,1.2122,2
2005-06-12 17:58:00,1.2122,1.2122,1.2122,1.2122,2
2005-06-12 17:59:00,1.2122,1.2122,1.2122,1.2122,2
2005-06-12 18:00:00,1.2122,1.2122,1.2122,1.2122,2
2005-06-12 18:01:00,1.2122,1.2122,1.2122,1.2122,2
2005-06-12 18:02:00,1.2122,1.2122,1.2122,1.2122,2
2005-06-12 18:03:00,1.2122,1.2122,1.2122,1.2122,2
2005-06-12 18:04:00,1.2122,1.2122,1.2122,1.2122,2
2005-06-12 18:05:00,1.2122,1.2122,1.2122,1.2122,2
2005-06-12 18:06:00,1.2122,1.2122,1.2122,1.2122,1
2005-06-12 18:07:00,1.2122,1.2122,1.2122,1.2122,2
2005-06-12 18:08:00,1.2122,1.2122,1.2122,1.2122,2
2005-06-12 18:09:00,1.2122,1.2122,1.2122,1.2122,2
2005-06-12 18:10:00,1.2122,1.2122,1.2122,1.2122,2
2005-06-12 18:11:00,1.2122,1.2122,1.2122,1.2122,2
2005-06-12 18:12:00,1.2122,1.2122,1.2122,1.2122,2
2005-06-12 18:13:00,1.2122,1.2122,1.2122,1.2122,2
2005-06-12 18:14:00,1.2122,1.2122,1.2122,1.2122,2
2005-06-12 18:15:00,1.2122,1.2122,1.2122,1.2122,2
2005-06-12 18:16:00,1.2122,1.2122,1.2122,1.2122,2
2005-06-12 18:17:00,1.2122,1.2122,1.2122,1.2122,2
2005-06-12 18:18:00,1.2122,1.2122,1.2122,1.2122,2
2005-06-12 18:19:00,1.2122,1.2122,1.2122,1.2122,2
2005-06-12 18:20:00,1.2122,1.2122,1.2122,1.2122,2
2005-06-12 18:21:00,1.2122,1.2122,1.2122,1.2122,2
2005-06-12 18:22:00,1.2122,1.2122,1.2122,1.2122,1
2005-06-12 18:23:00,1.2122,1.2122,1.2122,1.2122,2
2005-06-12 18:24:00,1.2122,1.2122,1.2122,1.2122,2
2005-06-12 18:25:00,1.2122,1.2122,1.2122,1.2122,2
2005-06-12 18:26:00,1.2122,1.2122,1.2122,1.2122,2
2005-06-12 18:27:00,1.2122,1.2122,1.2122,1.2122,2
2005-06-12 18:28:00,1.2122,1.2122,1.2122,1.2122,2
2005-06-12 18:29:00,1.2122,1.2122,1.2122,1.2122,2
2005-06-12 18:30:00,1.2122,1.2122,1.2122,1.2122,2
2005-06-12 18:31:00,1.2122,1.2122,1.2122,1.2122,2
2005-06-12 18:32:00,1.2122,1.2122,1.2122,1.2122,2
2005-06-12 18:33:00,1.2122,1.2122,1.2122,1.2122,2
2005-06-12 18:34:00,1.2122,1.2122,1.2122,1.2122,2
2005-06-12 18:35:00,1.2122,1.2122,1.2122,1.2122,2
2005-06-12 18:36:00,1.2122,1.2122,1.2122,1.2122,2
2005-06-12 18:37:00,1.2122,1.2122,1.2122,1.2122,1
2005-06-12 18:38:00,1.2122,1.2122,1.2122,1.2122,2
2005-06-12 18:39:00,1.2122,1.2122,1.2122,1.2122,2
2005-06-12 18:40:00,1.2122,1.2122,1.2122,1.2122,2
2005-06-12 18:41:00,1.2122,1.2122,1.2122,1.2122,2
2005-06-12 18:42:00,1.2122,1.2122,1.2122,1.2122,2
2005-06-12 18:43:00,1.2122,1.2122,1.2122,1.2122,2
2005-06-12 18:44:00,1.2122,1.2122,1.2122,1.2122,2
2005-06-12 18:45:00,1.2122,1.2122,1.2122,1.2122,2
2005-06-12 18:46:00,1.2122,1.2122,1.2122,1.2122,2
2005-06-12 18:47:00,1.2122,1.2122,1.2122,1.2122,2
2005-06-12 18:48:00,1.2122,1.2122,1.2122,1.2122,2
2005-06-12 18:49:00,1.2122,1.2122,1.2122,1.2122,2
2005-06-12 18:50:00,1.2122,1.2122,1.2122,1.2122,2
2005-06-12 18:51:00,1.2122,1.2122,1.2122,1.2122,2
2005-06-12 18:52:00,1.2122,1.2122,1.2122,1.2122,2
2005-06-12 18:53:00,1.2122,1.2122,1.2122,1.2122,1
2005-06-12 18:54:00,1.2122,1.2122,1.2122,1.2122,2
2005-06-12 18:55:00,1.2122,1.2122,1.2122,1.2122,2
2005-06-12 18:56:00,1.2122,1.2122,1.2122,1.2122,2
2005-06-12 18:57:00,1.2122,1.2122,1.2122,1.2122,2
2005-06-12 18:58:00,1.2122,1.2122,1.2122,1.2122,2
2005-06-12 18:59:00,1.2122,1.2122,1.2122,1.2122,2
2005-06-12 19:00:00,1.2122,1.2122,1.2122,1.2122,2
2005-06-12 19:01:00,1.2122,1.2122,1.2122,1.2122,2
2005-06-12 19:02:00,1.2122,1.2122,1.2122,1.2122,2
2005-06-12 19:03:00,1.2122,1.2122,1.2122,1.2122,2
2005-06-12 19:04:00,1.2122,1.2122,1.2122,1.2122,2
2005-06-12 19:05:00,1.2122,1.2122,1.2122,1.2122,2
2005-06-12 19:06:00,1.2113,1.2122,1.2113,1.2122,2
2005-06-12 19:07:00,1.2113,1.2114,1.2113,1.2113,7
2005-06-12 19:08:00,1.2113,1.2113,1.2113,1.2113,2
2005-06-12 19:09:00,1.2111,1.2113,1.2111,1.2113,5
2005-06-12 19:10:00,1.2111,1.2111,1.2111,1.2111,2
2005-06-12 19:11:00,1.2113,1.2113,1.2111,1.2111,3
2005-06-12 19:12:00,1.2112,1.2113,1.2112,1.2113,3
2005-06-12 19:13:00,1.2112,1.2112,1.2112,1.2112,2
2005-06-12 19:14:00,1.2112,1.2112,1.2112,1.2112,2
2005-06-12 19:15:00,1.2113,1.2113,1.2113,1.2113,3
2005-06-12 19:16:00,1.2112,1.2113,1.2112,1.2113,3
2005-06-12 19:17:00,1.2112,1.2112,1.2112,1.2112,3
2005-06-12 19:18:00,1.211,1.2112,1.2108,1.2112,5
2005-06-12 19:19:00,1.211,1.211,1.2109,1.2109,4
2005-06-12 19:20:00,1.2108,1.2111,1.2108,1.2108,6
2005-06-12 19:21:00,1.2109,1.2109,1.2108,1.2108,4
2005-06-12 19:22:00,1.2108,1.2108,1.2108,1.2108,4
2005-06-12 19:23:00,1.2109,1.2109,1.2108,1.2108,6
2005-06-12 19:24:00,1.2109,1.2111,1.2109,1.2111,3
2005-06-12 19:25:00,1.2111,1.2112,1.2109,1.2111,6
2005-06-12 19:26:00,1.2111,1.2111,1.2111,1.2111,2
2005-06-12 19:27:00,1.2111,1.2111,1.2111,1.2111,2
2005-06-12 19:28:00,1.2111,1.2112,1.2111,1.2111,4
2005-06-12 19:29:00,1.2111,1.2111,1.211,1.2111,4
2005-06-12 19:30:00,1.211,1.2111,1.211,1.2111,3
2005-06-12 19:31:00,1.2109,1.211,1.2109,1.211,2
2005-06-12 19:32:00,1.211,1.211,1.2109,1.2109,5
2005-06-12 19:33:00,1.211,1.211,1.2109,1.211,6
2005-06-12 19:34:00,1.211,1.211,1.2109,1.2109,6
2005-06-12 19:35:00,1.211,1.211,1.211,1.211,6
2005-06-12 19:36:00,1.2109,1.211,1.2109,1.211,3
2005-06-12 19:37:00,1.211,1.211,1.2109,1.211,9
2005-06-12 19:38:00,1.2109,1.211,1.2109,1.211,3
2005-06-12 19:39:00,1.211,1.211,1.211,1.211,2
2005-06-12 19:40:00,1.211,1.211,1.211,1.211,2
2005-06-12 19:41:00,1.2109,1.211,1.2109,1.211,3
2005-06-12 19:42:00,1.2109,1.2109,1.2109,1.2109,2
2005-06-12 19:43:00,1.2109,1.2109,1.2109,1.2109,2
2005-06-12 19:44:00,1.2109,1.2109,1.2109,1.2109,3
2005-06-12 19:45:00,1.2109,1.2109,1.2109,1.2109,2
2005-06-12 19:46:00,1.211,1.211,1.211,1.211,3
2005-06-12 19:47:00,1.2105,1.211,1.2105,1.211,6
2005-06-12 19:48:00,1.2109,1.211,1.2109,1.211,2
2005-06-12 19:49:00,1.2109,1.2109,1.2109,1.2109,2
2005-06-12 19:50:00,1.211,1.211,1.211,1.211,3
2005-06-12 19:51:00,1.2109,1.2109,1.2109,1.2109,3
2005-06-12 19:52:00,1.2109,1.2109,1.2109,1.2109,4
2005-06-12 19:53:00,1.2109,1.2109,1.2109,1.2109,2
2005-06-12 19:54:00,1.2109,1.2109,1.2109,1.2109,2
2005-06-12 19:55:00,1.2111,1.2111,1.2109,1.2109,2
2005-06-12 19:56:00,1.2111,1.2111,1.2111,1.2111,2
2005-06-12 19:57:00,1.2111,1.2111,1.2111,1.2111,2
2005-06-12 19:58:00,1.2111,1.2111,1.2111,1.2111,2
2005-06-12 19:59:00,1.2111,1.2111,1.2111,1.2111,2
2005-06-12 20:00:00,1.2111,1.2111,1.2111,1.2111,2
2005-06-12 20:01:00,1.2109,1.2111,1.2109,1.2111,3
2005-06-12 20:02:00,1.2109,1.2109,1.2109,1.2109,2
2005-06-12 20:03:00,1.2109,1.2111,1.2109,1.2109,6
2005-06-12 20:04:00,1.2109,1.211,1.2109,1.211,6
2005-06-12 20:05:00,1.2109,1.2109,1.2109,1.2109,2
2005-06-12 20:06:00,1.2109,1.2109,1.2109,1.2109,2
2005-06-12 20:07:00,1.2109,1.2109,1.2109,1.2109,2
2005-06-12 20:08:00,1.2109,1.2109,1.2109,1.2109,3
2005-06-12 20:09:00,1.2109,1.2109,1.2109,1.2109,2
2005-06-12 20:10:00,1.2109,1.2109,1.2109,1.2109,1
2005-06-12 20:11:00,1.2109,1.2109,1.2109,1.2109,2
2005-06-12 20:12:00,1.2109,1.2109,1.2109,1.2109,2
2005-06-12 20:13:00,1.2109,1.2109,1.2109,1.2109,2
2005-06-12 20:14:00,1.2109,1.211,1.2109,1.2109,4
2005-06-12 20:15:00,1.2109,1.2109,1.2109,1.2109,2
2005-06-12 20:16:00,1.2109,1.2109,1.2109,1.2109,2
2005-06-12 20:17:00,1.2109,1.2109,1.2109,1.2109,2
2005-06-12 20:18:00,1.2109,1.2109,1.2109,1.2109,2
2005-06-12 20:19:00,1.2109,1.2109,1.2109,1.2109,2
2005-06-12 20:20:00,1.2109,1.2109,1.2109,1.2109,2
2005-06-12 20:21:00,1.2109,1.2109,1.2109,1.2109,2
2005-06-12 20:22:00,1.2109,1.2109,1.2109,1.2109,2
2005-06-12 20:23:00,1.2109,1.2109,1.2109,1.2109,2
2005-06-12 20:24:00,1.2109,1.2109,1.2109,1.2109,4
2005-06-12 20:25:00,1.2109,1.2109,1.2109,1.2109,3
2005-06-12 20:26:00,1.2109,1.2109,1.2109,1.2109,1
2005-06-12 20:27:00,1.2109,1.2109,1.2109,1.2109,3
2005-06-12 20:28:00,1.2109,1.2109,1.2109,1.2109,2
2005-06-12 20:29:00,1.2109,1.2109,1.2109,1.2109,2
2005-06-12 20:30:00,1.2109,1.2109,1.2109,1.2109,2
2005-06-12 20:31:00,1.2109,1.2109,1.2109,1.2109,2
2005-06-12 20:32:00,1.2104,1.2109,1.2104,1.2109,3
2005-06-12 20:33:00,1.2109,1.2109,1.2109,1.2109,3
2005-06-12 20:34:00,1.2103,1.2107,1.2103,1.2107,3
2005-06-12 20:35:00,1.211,1.211,1.2103,1.2103,3
2005-06-12 20:36:00,1.211,1.211,1.211,1.211,2
2005-06-12 20:37:00,1.211,1.211,1.211,1.211,2
2005-06-12 20:38:00,1.2109,1.211,1.2109,1.211,2
2005-06-12 20:39:00,1.2109,1.2109,1.2109,1.2109,2
2005-06-12 20:40:00,1.2109,1.2109,1.2109,1.2109,2
2005-06-12 20:41:00,1.2109,1.2109,1.2109,1.2109,1
2005-06-12 20:42:00,1.2109,1.2109,1.2109,1.2109,2
2005-06-12 20:43:00,1.2109,1.211,1.2109,1.2109,4
2005-06-12 20:44:00,1.2109,1.2109,1.2109,1.2109,1
2005-06-12 20:45:00,1.2109,1.2109,1.2109,1.2109,2
2005-06-12 20:46:00,1.2109,1.2109,1.2109,1.2109,2
2005-06-12 20:47:00,1.2109,1.2109,1.2109,1.2109,2
2005-06-12 20:48:00,1.2109,1.2109,1.2109,1.2109,2
2005-06-12 20:49:00,1.2109,1.2109,1.2109,1.2109,2
2005-06-12 20:50:00,1.211,1.211,1.2109,1.2109,3
2005-06-12 20:51:00,1.211,1.211,1.211,1.211,2
2005-06-12 20:52:00,1.211,1.2111,1.211,1.211,6
2005-06-12 20:53:00,1.2111,1.2111,1.211,1.211,6
2005-06-12 20:54:00,1.2111,1.2112,1.2111,1.2112,6
2005-06-12 20:55:00,1.2111,1.2111,1.2111,1.2111,2
2005-06-12 20:56:00,1.2111,1.2111,1.2111,1.2111,4
2005-06-12 20:57:00,1.2111,1.2111,1.2111,1.2111,1
2005-06-12 20:58:00,1.2111,1.2111,1.2111,1.2111,3
2005-06-12 20:59:00,1.2111,1.2111,1.2111,1.2111,5
2005-06-12 21:00:00,1.2111,1.2111,1.2111,1.2111,2
2005-06-12 21:01:00,1.2111,1.2111,1.2111,1.2111,3
2005-06-12 21:02:00,1.211,1.2111,1.211,1.2111,4
2005-06-12 21:03:00,1.211,1.2112,1.2109,1.2111,9
2005-06-12 21:04:00,1.2109,1.211,1.2109,1.211,3
2005-06-12 21:05:00,1.2109,1.2109,1.2109,1.2109,2
2005-06-12 21:06:00,1.2109,1.2109,1.2109,1.2109,3
2005-06-12 21:07:00,1.2109,1.2109,1.2109,1.2109,5
2005-06-12 21:08:00,1.2109,1.2109,1.2109,1.2109,2
2005-06-12 21:09:00,1.2109,1.2109,1.2109,1.2109,4
2005-06-12 21:10:00,1.2109,1.211,1.2109,1.211,5
2005-06-12 21:11:00,1.2109,1.2109,1.2109,1.2109,4
2005-06-12 21:12:00,1.2109,1.2109,1.2109,1.2109,1
2005-06-12 21:13:00,1.2109,1.2109,1.2109,1.2109,2
2005-06-12 21:14:00,1.2109,1.2109,1.2108,1.2108,3
2005-06-12 21:15:00,1.2109,1.2109,1.2109,1.2109,2
2005-06-12 21:16:00,1.2109,1.2109,1.2109,1.2109,3
2005-06-12 21:17:00,1.2109,1.2109,1.2109,1.2109,2
2005-06-12 21:18:00,1.2109,1.2109,1.2109,1.2109,5
2005-06-12 21:19:00,1.211,1.2111,1.211,1.2111,4
2005-06-12 21:20:00,1.211,1.211,1.211,1.211,2
2005-06-12 21:21:00,1.211,1.211,1.211,1.211,3
2005-06-12 21:22:00,1.211,1.2111,1.211,1.211,5
2005-06-12 21:23:00,1.2112,1.2112,1.211,1.2111,8
2005-06-12 21:24:00,1.2111,1.2111,1.2111,1.2111,3
2005-06-12 21:25:00,1.2111,1.2111,1.2111,1.2111,2
2005-06-12 21:26:00,1.2111,1.2112,1.2111,1.2111,8
2005-06-12 21:27:00,1.2111,1.2112,1.2111,1.2111,6
2005-06-12 21:28:00,1.2111,1.2112,1.2111,1.2112,5
2005-06-12 21:29:00,1.2111,1.2112,1.2111,1.2111,6
2005-06-12 21:30:00,1.2111,1.2111,1.2111,1.2111,2
2005-06-12 21:31:00,1.2111,1.2111,1.2111,1.2111,2
2005-06-12 21:32:00,1.211,1.211,1.211,1.211,3
2005-06-12 21:33:00,1.211,1.211,1.211,1.211,2
2005-06-12 21:34:00,1.211,1.211,1.211,1.211,2
2005-06-12 21:35:00,1.211,1.211,1.211,1.211,2
2005-06-12 21:36:00,1.2112,1.2112,1.211,1.211,8
2005-06-12 21:37:00,1.2111,1.2112,1.2111,1.2112,9
2005-06-12 21:38:00,1.2112,1.2112,1.2112,1.2112,3
2005-06-12 21:39:00,1.2112,1.2112,1.2112,1.2112,2
2005-06-12 21:40:00,1.2112,1.2112,1.2112,1.2112,2
2005-06-12 21:41:00,1.2112,1.2112,1.2112,1.2112,2
2005-06-12 21:42:00,1.2112,1.2112,1.2112,1.2112,2
2005-06-12 21:43:00,1.2111,1.2112,1.2111,1.2111,7
2005-06-12 21:44:00,1.2111,1.2112,1.211,1.2111,11
2005-06-12 21:45:00,1.211,1.2111,1.211,1.2111,6
2005-06-12 21:46:00,1.211,1.211,1.211,1.211,4
2005-06-12 21:47:00,1.211,1.211,1.211,1.211,2
2005-06-12 21:48:00,1.211,1.2112,1.211,1.211,6
2005-06-12 21:49:00,1.2111,1.2111,1.2111,1.2111,3
2005-06-12 21:50:00,1.2111,1.2112,1.2111,1.2112,5
2005-06-12 21:51:00,1.211,1.2111,1.211,1.2111,5
2005-06-12 21:52:00,1.211,1.211,1.211,1.211,2
2005-06-12 21:53:00,1.211,1.211,1.211,1.211,2
2005-06-12 21:54:00,1.211,1.2111,1.211,1.211,4
2005-06-12 21:55:00,1.2111,1.2111,1.211,1.2111,4
2005-06-12 21:56:00,1.2111,1.2111,1.2111,1.2111,3
2005-06-12 21:57:00,1.2111,1.2111,1.2111,1.2111,2
2005-06-12 21:58:00,1.2111,1.2111,1.2111,1.2111,2
2005-06-12 21:59:00,1.2111,1.2111,1.2111,1.2111,1
2005-06-12 22:00:00,1.2109,1.2111,1.2109,1.2111,11
2005-06-12 22:01:00,1.2111,1.2112,1.211,1.211,6
2005-06-12 22:02:00,1.2112,1.2113,1.2111,1.2111,9
2005-06-12 22:03:00,1.2112,1.2114,1.2111,1.2111,12
2005-06-12 22:04:00,1.2112,1.2114,1.2111,1.2112,9
2005-06-12 22:05:00,1.2112,1.2112,1.2112,1.2112,2
2005-06-12 22:06:00,1.2111,1.2111,1.2111,1.2111,3
2005-06-12 22:07:00,1.2111,1.2111,1.2111,1.2111,2
2005-06-12 22:08:00,1.211,1.2111,1.211,1.2111,5
2005-06-12 22:09:00,1.211,1.21105,1.211,1.211,4
2005-06-12 22:10:00,1.211,1.211,1.211,1.211,2
2005-06-12 22:11:00,1.2111,1.2111,1.2111,1.2111,3
2005-06-12 22:12:00,1.2111,1.2112,1.2111,1.2111,4
2005-06-12 22:13:00,1.2111,1.2112,1.2111,1.2112,6
2005-06-12 22:14:00,1.2111,1.2111,1.2111,1.2111,2
2005-06-12 22:15:00,1.2111,1.2112,1.2111,1.2111,7
2005-06-12 22:16:00,1.2111,1.21115,1.2111,1.21115,3
2005-06-12 22:17:00,1.211,1.2112,1.211,1.2111,6
2005-06-12 22:18:00,1.2111,1.2111,1.211,1.211,4
2005-06-12 22:19:00,1.2111,1.2111,1.2111,1.2111,2
2005-06-12 22:20:00,1.2111,1.2111,1.2111,1.2111,3
2005-06-12 22:21:00,1.2112,1.2112,1.2111,1.2111,5
2005-06-12 22:22:00,1.2111,1.2112,1.2111,1.2112,2
2005-06-12 22:23:00,1.2111,1.2112,1.2111,1.2111,4
2005-06-12 22:24:00,1.2111,1.2111,1.2111,1.2111,2
2005-06-12 22:25:00,1.2111,1.2111,1.2111,1.2111,2
2005-06-12 22:26:00,1.2111,1.2111,1.2111,1.2111,2
2005-06-12 22:27:00,1.2113,1.2113,1.2111,1.2111,8
2005-06-12 22:28:00,1.2113,1.2113,1.2112,1.2112,5
2005-06-12 22:29:00,1.2112,1.2112,1.2112,1.2112,3
2005-06-12 22:30:00,1.2113,1.2113,1.2112,1.2112,2
2005-06-12 22:31:00,1.2113,1.2114,1.2113,1.2113,11
2005-06-12 22:32:00,1.2114,1.2115,1.2112,1.2113,13
2005-06-12 22:33:00,1.2113,1.2114,1.2112,1.2114,5
2005-06-12 22:34:00,1.2113,1.2114,1.2113,1.2113,5
2005-06-12 22:35:00,1.2114,1.2114,1.2112,1.2112,6
2005-06-12 22:36:00,1.2113,1.2114,1.2113,1.2114,3
2005-06-12 22:37:00,1.2113,1.2113,1.2113,1.2113,2
2005-06-12 22:38:00,1.2113,1.2113,1.2113,1.2113,2
2005-06-12 22:39:00,1.2113,1.2113,1.2113,1.2113,2
2005-06-12 22:40:00,1.2113,1.2113,1.2113,1.2113,2
2005-06-12 22:41:00,1.2113,1.2113,1.2113,1.2113,2
2005-06-12 22:42:00,1.2113,1.2113,1.2113,1.2113,2
2005-06-12 22:43:00,1.2113,1.2113,1.2113,1.2113,4
2005-06-12 22:44:00,1.2113,1.2113,1.2113,1.2113,2
2005-06-12 22:45:00,1.2113,1.2115,1.2113,1.2115,6
2005-06-12 22:46:00,1.2114,1.2114,1.2113,1.2113,7
2005-06-12 22:47:00,1.2114,1.2114,1.2114,1.2114,3
2005-06-12 22:48:00,1.2114,1.2114,1.2114,1.2114,3
2005-06-12 22:49:00,1.2113,1.2114,1.2113,1.2114,4
2005-06-12 22:50:00,1.2112,1.2113,1.2112,1.2113,5
2005-06-12 22:51:00,1.2113,1.2113,1.2113,1.2113,3
2005-06-12 22:52:00,1.2113,1.2113,1.2113,1.2113,2
2005-06-12 22:53:00,1.2112,1.2113,1.2112,1.2113,3
2005-06-12 22:54:00,1.2114,1.2114,1.2113,1.2113,5
2005-06-12 22:55:00,1.2114,1.2114,1.21125,1.2114,3
2005-06-12 22:56:00,1.2114,1.2114,1.2114,1.2114,2
2005-06-12 22:57:00,1.2114,1.2114,1.2114,1.2114,2
2005-06-12 22:58:00,1.2114,1.2114,1.2114,1.2114,4
2005-06-12 22:59:00,1.2114,1.2114,1.2113,1.2113,8
2005-06-12 23:00:00,1.2114,1.2115,1.2114,1.2114,4
2005-06-12 23:01:00,1.2114,1.2114,1.2114,1.2114,5
2005-06-12 23:02:00,1.2114,1.2115,1.2114,1.2114,4
2005-06-12 23:03:00,1.2114,1.2114,1.2114,1.2114,2
2005-06-12 23:04:00,1.2114,1.2114,1.2114,1.2114,3
2005-06-12 23:05:00,1.2115,1.2116,1.2114,1.2114,5
2005-06-12 23:06:00,1.2114,1.2116,1.2114,1.2116,15
2005-06-12 23:07:00,1.2115,1.2115,1.2114,1.2114,3
2005-06-12 23:08:00,1.2115,1.2116,1.2115,1.2116,6
2005-06-12 23:09:00,1.2115,1.2115,1.2115,1.2115,2
2005-06-12 23:10:00,1.2115,1.2116,1.2115,1.2115,4
2005-06-12 23:11:00,1.2117,1.2117,1.2115,1.2116,8
2005-06-12 23:12:00,1.2118,1.2118,1.2117,1.2117,3
2005-06-12 23:13:00,1.2118,1.2118,1.2118,1.2118,2
2005-06-12 23:14:00,1.2118,1.2118,1.2118,1.2118,2
2005-06-12 23:15:00,1.2118,1.2118,1.2118,1.2118,2
2005-06-12 23:16:00,1.2117,1.2117,1.2117,1.2117,2
2005-06-12 23:17:00,1.2117,1.2117,1.2117,1.2117,2
2005-06-12 23:18:00,1.2117,1.2117,1.2117,1.2117,2
2005-06-12 23:19:00,1.2118,1.2118,1.2117,1.2117,4
2005-06-12 23:20:00,1.2118,1.2118,1.2117,1.2118,6
2005-06-12 23:21:00,1.2118,1.2118,1.2118,1.2118,5
2005-06-12 23:22:00,1.2118,1.2119,1.2118,1.2119,5
2005-06-12 23:23:00,1.2119,1.2119,1.2118,1.2118,3
2005-06-12 23:24:00,1.2118,1.2119,1.2118,1.2119,3
2005-06-12 23:25:00,1.2118,1.2119,1.2118,1.2118,5
2005-06-12 23:26:00,1.2119,1.2119,1.2118,1.2119,7
2005-06-12 23:27:00,1.2118,1.2118,1.2118,1.2118,7
2005-06-12 23:28:00,1.2118,1.2118,1.2118,1.2118,4
2005-06-12 23:29:00,1.2118,1.2118,1.2118,1.2118,4
2005-06-12 23:30:00,1.2118,1.2118,1.2118,1.2118,4
2005-06-12 23:31:00,1.2118,1.2118,1.2118,1.2118,2
2005-06-12 23:32:00,1.2117,1.2118,1.2117,1.2118,3
2005-06-12 23:33:00,1.2117,1.2117,1.2117,1.2117,4
2005-06-12 23:34:00,1.2118,1.2118,1.2117,1.2117,5
2005-06-12 23:35:00,1.2116,1.2118,1.2116,1.2118,11
2005-06-12 23:36:00,1.2117,1.2118,1.2116,1.2116,14
2005-06-12 23:37:00,1.2115,1.2117,1.2115,1.2117,9
2005-06-12 23:38:00,1.2115,1.2116,1.2115,1.2116,4
2005-06-12 23:39:00,1.2115,1.2116,1.2114,1.2116,10
2005-06-12 23:40:00,1.2116,1.2116,1.2114,1.2115,10
2005-06-12 23:41:00,1.2116,1.2116,1.2115,1.2115,7
2005-06-12 23:42:00,1.2116,1.2116,1.2116,1.2116,2
2005-06-12 23:43:00,1.2117,1.2117,1.2116,1.2116,8
2005-06-12 23:44:00,1.2116,1.2118,1.2116,1.2118,9
2005-06-12 23:45:00,1.2117,1.2117,1.2116,1.2117,4
2005-06-12 23:46:00,1.2116,1.2117,1.2116,1.2117,4
2005-06-12 23:47:00,1.2116,1.2116,1.2116,1.2116,2
2005-06-12 23:48:00,1.2117,1.2118,1.2116,1.2116,7
2005-06-12 23:49:00,1.2117,1.2117,1.2117,1.2117,3
2005-06-12 23:50:00,1.2115,1.2117,1.2115,1.2117,5
2005-06-12 23:51:00,1.2117,1.2117,1.2116,1.2116,12
2005-06-12 23:52:00,1.2116,1.2117,1.2116,1.2117,8
2005-06-12 23:53:00,1.2116,1.2116,1.2115,1.2116,5
2005-06-12 23:54:00,1.2117,1.2117,1.2115,1.2116,9
2005-06-12 23:55:00,1.2117,1.2118,1.2117,1.2117,4
2005-06-12 23:56:00,1.2116,1.2117,1.2115,1.2117,8
2005-06-12 23:57:00,1.2116,1.2116,1.2116,1.2116,4
2005-06-12 23:58:00,1.2116,1.2116,1.2115,1.2116,7
2005-06-12 23:59:00,1.2117,1.2117,1.2116,1.2116,6
2005-06-13 00:00:00,1.2117,1.2117,1.2117,1.2117,4
2005-06-13 00:01:00,1.2119,1.2119,1.2117,1.2118,9
2005-06-13 00:02:00,1.2119,1.2119,1.2118,1.2119,4
2005-06-13 00:03:00,1.2119,1.2119,1.2119,1.2119,1
2005-06-13 00:04:00,1.2121,1.2121,1.2119,1.2119,8
2005-06-13 00:05:00,1.212,1.2121,1.212,1.2121,9
2005-06-13 00:06:00,1.2118,1.212,1.2118,1.212,4
2005-06-13 00:07:00,1.2119,1.212,1.2118,1.2119,12
2005-06-13 00:08:00,1.2118,1.2119,1.2118,1.2118,8
2005-06-13 00:09:00,1.2118,1.2118,1.2117,1.2118,5
2005-06-13 00:10:00,1.2117,1.2117,1.2117,1.2117,6
2005-06-13 00:11:00,1.2118,1.2118,1.2117,1.2117,5
2005-06-13 00:12:00,1.2119,1.2119,1.2118,1.2118,9
2005-06-13 00:13:00,1.2117,1.2119,1.2117,1.2118,7
2005-06-13 00:14:00,1.2117,1.2118,1.2117,1.2117,7
2005-06-13 00:15:00,1.2119,1.2119,1.2117,1.2117,9
2005-06-13 00:16:00,1.212,1.212,1.2119,1.2119,6
2005-06-13 00:17:00,1.2118,1.2119,1.2118,1.2119,9
2005-06-13 00:18:00,1.2119,1.2119,1.2116,1.2117,16
2005-06-13 00:19:00,1.2116,1.2119,1.2116,1.2119,11
2005-06-13 00:20:00,1.2116,1.2116,1.2116,1.2116,4
2005-06-13 00:21:00,1.2116,1.2117,1.2116,1.2116,6
2005-06-13 00:22:00,1.2116,1.2117,1.2116,1.2117,11
2005-06-13 00:23:00,1.2117,1.2117,1.2116,1.2117,8
2005-06-13 00:24:00,1.2118,1.2118,1.2117,1.2117,7
2005-06-13 00:25:00,1.2118,1.2118,1.2117,1.2117,12
2005-06-13 00:26:00,1.2118,1.2118,1.2118,1.2118,3
2005-06-13 00:27:00,1.2119,1.212,1.2118,1.2119,14
2005-06-13 00:28:00,1.2117,1.2119,1.2117,1.2118,13
2005-06-13 00:29:00,1.2117,1.2117,1.2116,1.2117,6
2005-06-13 00:30:00,1.2115,1.2116,1.2114,1.2116,13
2005-06-13 00:31:00,1.2115,1.2115,1.2115,1.2115,2
2005-06-13 00:32:00,1.2114,1.2117,1.2114,1.2116,13
2005-06-13 00:33:00,1.2114,1.2115,1.2113,1.2115,7
2005-06-13 00:34:00,1.2114,1.2114,1.2113,1.2114,5
2005-06-13 00:35:00,1.2114,1.2115,1.2114,1.2114,7
2005-06-13 00:36:00,1.2114,1.2114,1.2114,1.2114,3
2005-06-13 00:37:00,1.2114,1.2114,1.2114,1.2114,2
2005-06-13 00:38:00,1.2114,1.2114,1.2114,1.2114,2
2005-06-13 00:39:00,1.2115,1.2115,1.2114,1.2114,4
2005-06-13 00:40:00,1.2115,1.2116,1.2115,1.2115,8
2005-06-13 00:41:00,1.2115,1.2115,1.2114,1.2115,4
2005-06-13 00:42:00,1.2115,1.2115,1.2114,1.2114,14
2005-06-13 00:43:00,1.2115,1.2115,1.2115,1.2115,6
2005-06-13 00:44:00,1.2115,1.2115,1.2115,1.2115,8
2005-06-13 00:45:00,1.2114,1.2115,1.2114,1.2114,10
2005-06-13 00:46:00,1.2115,1.2116,1.2114,1.2114,6
2005-06-13 00:47:00,1.2116,1.2116,1.2115,1.2116,6
2005-06-13 00:48:00,1.2115,1.2115,1.2115,1.2115,4
2005-06-13 00:49:00,1.2114,1.2114,1.2113,1.2114,9
2005-06-13 00:50:00,1.2113,1.2114,1.2113,1.2114,4
2005-06-13 00:51:00,1.2112,1.2113,1.2112,1.2113,5
2005-06-13 00:52:00,1.2111,1.2112,1.211,1.2112,9
2005-06-13 00:53:00,1.2109,1.2111,1.2109,1.211,14
2005-06-13 00:54:00,1.211,1.211,1.2109,1.211,6
2005-06-13 00:55:00,1.2109,1.211,1.2109,1.2109,15
2005-06-13 00:56:00,1.2112,1.2113,1.2109,1.2109,12
2005-06-13 00:57:00,1.2112,1.2112,1.2112,1.2112,5
2005-06-13 00:58:00,1.2112,1.2112,1.2112,1.2112,2
2005-06-13 00:59:00,1.2111,1.2112,1.211,1.2112,6
2005-06-13 01:00:00,1.211,1.2111,1.211,1.211,12
2005-06-13 01:01:00,1.2108,1.211,1.2107,1.211,19
2005-06-13 01:02:00,1.2089,1.2109,1.2089,1.2108,42
2005-06-13 01:03:00,1.2082,1.2091,1.2078,1.2088,48
2005-06-13 01:04:00,1.2085,1.2088,1.208,1.2083,31
2005-06-13 01:05:00,1.2079,1.2085,1.2079,1.2084,26
2005-06-13 01:06:00,1.2082,1.2083,1.2077,1.2079,33
2005-06-13 01:07:00,1.2082,1.2083,1.2081,1.2082,18
2005-06-13 01:08:00,1.2083,1.2084,1.2082,1.2082,20
2005-06-13 01:09:00,1.2081,1.2082,1.2079,1.2082,32
2005-06-13 01:10:00,1.208,1.2082,1.2079,1.208,29
2005-06-13 01:11:00,1.2075,1.2081,1.2073,1.208,26
2005-06-13 01:12:00,1.2081,1.2084,1.2074,1.2074,26
2005-06-13 01:13:00,1.208,1.2081,1.2077,1.208,24
2005-06-13 01:14:00,1.2081,1.2081,1.2077,1.2079,24
2005-06-13 01:15:00,1.208,1.2082,1.2079,1.208,14
2005-06-13 01:16:00,1.2076,1.2081,1.2075,1.208,29
2005-06-13 01:17:00,1.2075,1.2076,1.2073,1.2075,19
2005-06-13 01:18:00,1.2072,1.2074,1.2072,1.2074,16
2005-06-13 01:19:00,1.2075,1.2075,1.2072,1.2072,16
2005-06-13 01:20:00,1.2072,1.2074,1.2071,1.2074,12
2005-06-13 01:21:00,1.2067,1.2072,1.2066,1.2072,23
2005-06-13 01:22:00,1.2072,1.2072,1.2068,1.2068,19
2005-06-13 01:23:00,1.2073,1.2073,1.2071,1.2072,16
2005-06-13 01:24:00,1.2074,1.2076,1.2073,1.2073,14
2005-06-13 01:25:00,1.2075,1.2076,1.2074,1.2074,15
2005-06-13 01:26:00,1.2077,1.2077,1.2074,1.2074,10
2005-06-13 01:27:00,1.208,1.208,1.2077,1.2077,18
2005-06-13 01:28:00,1.2079,1.2081,1.2077,1.2081,17
2005-06-13 01:29:00,1.2081,1.2082,1.2078,1.2078,13
2005-06-13 01:30:00,1.2085,1.2085,1.2081,1.2082,23
2005-06-13 01:31:00,1.2085,1.2085,1.2084,1.2084,23
2005-06-13 01:32:00,1.2086,1.2088,1.2084,1.2084,17
2005-06-13 01:33:00,1.2086,1.2088,1.2086,1.2087,16
2005-06-13 01:34:00,1.2087,1.2088,1.2085,1.2088,19
2005-06-13 01:35:00,1.2085,1.2086,1.2085,1.2086,10
2005-06-13 01:36:00,1.2088,1.2088,1.2085,1.2086,18
2005-06-13 01:37:00,1.2087,1.2088,1.2087,1.2088,4
2005-06-13 01:38:00,1.2088,1.2089,1.2087,1.2087,8
2005-06-13 01:39:00,1.2086,1.2088,1.2086,1.2088,9
2005-06-13 01:40:00,1.2085,1.2087,1.2085,1.2086,13
2005-06-13 01:41:00,1.2088,1.2088,1.2085,1.2085,17
2005-06-13 01:42:00,1.2087,1.2087,1.2086,1.2087,5
2005-06-13 01:43:00,1.2086,1.2086,1.2085,1.2086,5
2005-06-13 01:44:00,1.2088,1.2088,1.2086,1.2086,5
2005-06-13 01:45:00,1.2089,1.209,1.2088,1.2088,11
2005-06-13 01:46:00,1.2087,1.209,1.2087,1.2089,11
2005-06-13 01:47:00,1.2088,1.2089,1.2087,1.2087,16
2005-06-13 01:48:00,1.2089,1.2089,1.2088,1.2088,10
2005-06-13 01:49:00,1.2089,1.2089,1.2088,1.2089,4
2005-06-13 01:50:00,1.2089,1.2089,1.2089,1.2089,2
2005-06-13 01:51:00,1.2089,1.2089,1.2089,1.2089,7
2005-06-13 01:52:00,1.2087,1.2089,1.2087,1.2089,17
2005-06-13 01:53:00,1.2089,1.2089,1.2087,1.2087,11
2005-06-13 01:54:00,1.2089,1.2089,1.2088,1.2089,4
2005-06-13 01:55:00,1.2088,1.2089,1.2088,1.2089,6
2005-06-13 01:56:00,1.2085,1.2088,1.2085,1.2087,24
2005-06-13 01:57:00,1.2086,1.2087,1.2085,1.2085,8
2005-06-13 01:58:00,1.2086,1.2086,1.2085,1.2085,11
2005-06-13 01:59:00,1.2086,1.2086,1.2085,1.2086,6
2005-06-13 02:00:00,1.2086,1.2086,1.2085,1.2086,7
2005-06-13 02:01:00,1.2087,1.2087,1.2086,1.2086,8
2005-06-13 02:02:00,1.2087,1.2087,1.2087,1.2087,2
2005-06-13 02:03:00,1.2088,1.2088,1.2086,1.2087,16
2005-06-13 02:04:00,1.209,1.2091,1.2088,1.2088,10
2005-06-13 02:05:00,1.2091,1.2091,1.209,1.2091,6
2005-06-13 02:06:00,1.2092,1.2092,1.2091,1.2091,6
2005-06-13 02:07:00,1.2092,1.2094,1.2091,1.2092,11
2005-06-13 02:08:00,1.2093,1.2093,1.2092,1.2092,8
2005-06-13 02:09:00,1.2094,1.2094,1.2092,1.2093,7
2005-06-13 02:10:00,1.2094,1.2095,1.20938,1.2094,5
2005-06-13 02:11:00,1.2094,1.2095,1.2094,1.2094,10
2005-06-13 02:12:00,1.2094,1.2094,1.2094,1.2094,5
2005-06-13 02:13:00,1.2093,1.2094,1.2093,1.2093,8
2005-06-13 02:14:00,1.2093,1.2093,1.2092,1.2092,7
2005-06-13 02:15:00,1.2094,1.2094,1.2093,1.2093,4
2005-06-13 02:16:00,1.2094,1.2094,1.2093,1.2093,6
2005-06-13 02:17:00,1.2094,1.2094,1.2093,1.2093,8
2005-06-13 02:18:00,1.2094,1.2094,1.2094,1.2094,2
2005-06-13 02:19:00,1.2095,1.2095,1.2093,1.2093,7
2005-06-13 02:20:00,1.2094,1.2095,1.2094,1.2095,5
2005-06-13 02:21:00,1.2094,1.2094,1.2094,1.2094,2
2005-06-13 02:22:00,1.2093,1.2094,1.2093,1.2094,7
2005-06-13 02:23:00,1.2095,1.2095,1.2093,1.2093,5
2005-06-13 02:24:00,1.2095,1.2095,1.2095,1.2095,2
2005-06-13 02:25:00,1.2095,1.2096,1.2094,1.2096,12
2005-06-13 02:26:00,1.2094,1.2095,1.2094,1.2095,6
2005-06-13 02:27:00,1.2095,1.2096,1.2094,1.2094,7
2005-06-13 02:28:00,1.2098,1.2098,1.2095,1.2096,19
2005-06-13 02:29:00,1.2096,1.2097,1.2095,1.2097,11
2005-06-13 02:30:00,1.2094,1.2096,1.2094,1.2095,15
2005-06-13 02:31:00,1.2094,1.2095,1.2094,1.2095,16
2005-06-13 02:32:00,1.2097,1.2097,1.2094,1.2095,14
2005-06-13 02:33:00,1.2097,1.2098,1.2096,1.2098,12
2005-06-13 02:34:00,1.2097,1.2097,1.2097,1.2097,4
2005-06-13 02:35:00,1.2095,1.2096,1.2094,1.2096,8
2005-06-13 02:36:00,1.2094,1.2095,1.2094,1.2094,11
2005-06-13 02:37:00,1.2096,1.2097,1.2095,1.2095,13
2005-06-13 02:38:00,1.2098,1.2098,1.2096,1.2096,5
2005-06-13 02:39:00,1.2097,1.2098,1.2097,1.2098,12
2005-06-13 02:40:00,1.2098,1.2098,1.2097,1.2097,6
2005-06-13 02:41:00,1.2098,1.2098,1.2097,1.2098,11
2005-06-13 02:42:00,1.2099,1.2099,1.2097,1.2098,6
2005-06-13 02:43:00,1.2097,1.21,1.2097,1.21,11
2005-06-13 02:44:00,1.2099,1.2099,1.2097,1.2097,4
2005-06-13 02:45:00,1.2099,1.2099,1.2098,1.2098,10
2005-06-13 02:46:00,1.2098,1.2099,1.2098,1.2098,5
2005-06-13 02:47:00,1.2099,1.2099,1.2099,1.2099,5
2005-06-13 02:48:00,1.2098,1.2099,1.2098,1.2099,5
2005-06-13 02:49:00,1.2099,1.21,1.2098,1.2098,5
2005-06-13 02:50:00,1.2098,1.21,1.2098,1.21,6
2005-06-13 02:51:00,1.2098,1.2099,1.2098,1.2099,7
2005-06-13 02:52:00,1.2099,1.2099,1.2098,1.2098,4
2005-06-13 02:53:00,1.2099,1.2099,1.2098,1.2099,3
2005-06-13 02:54:00,1.2098,1.2099,1.2098,1.2099,6
2005-06-13 02:55:00,1.2098,1.2099,1.2098,1.2099,6
2005-06-13 02:56:00,1.2098,1.2098,1.2098,1.2098,3
2005-06-13 02:57:00,1.2098,1.2099,1.2098,1.2098,6
2005-06-13 02:58:00,1.2098,1.2099,1.2098,1.2098,5
2005-06-13 02:59:00,1.2098,1.2098,1.2098,1.2098,2
2005-06-13 03:00:00,1.2097,1.2098,1.2097,1.2098,6
2005-06-13 03:01:00,1.2098,1.2098,1.2097,1.2098,9
2005-06-13 03:02:00,1.2098,1.2098,1.2097,1.2097,6
2005-06-13 03:03:00,1.2097,1.2098,1.2097,1.2098,3
2005-06-13 03:04:00,1.2097,1.2097,1.2096,1.2097,3
2005-06-13 03:05:00,1.2098,1.2099,1.2098,1.2098,6
2005-06-13 03:06:00,1.2099,1.2099,1.2098,1.2098,4
2005-06-13 03:07:00,1.2098,1.2099,1.2098,1.2099,3
2005-06-13 03:08:00,1.2099,1.2099,1.2098,1.2098,5
2005-06-13 03:09:00,1.2101,1.2102,1.21,1.21,19
2005-06-13 03:10:00,1.2101,1.2101,1.2101,1.2101,2
2005-06-13 03:11:00,1.2104,1.2104,1.2101,1.2101,9
2005-06-13 03:12:00,1.2108,1.2108,1.2104,1.2104,19
2005-06-13 03:13:00,1.2108,1.211,1.2108,1.2109,13
2005-06-13 03:14:00,1.2107,1.2108,1.2107,1.2108,8
2005-06-13 03:15:00,1.2106,1.2107,1.2106,1.2107,6
2005-06-13 03:16:00,1.2106,1.2106,1.2106,1.2106,2
2005-06-13 03:17:00,1.2107,1.2107,1.2106,1.2106,3
2005-06-13 03:18:00,1.2107,1.2107,1.2107,1.2107,2
2005-06-13 03:19:00,1.2107,1.2107,1.2107,1.2107,2
2005-06-13 03:20:00,1.2107,1.2107,1.2107,1.2107,2
2005-06-13 03:21:00,1.2105,1.2107,1.2105,1.2106,14
2005-06-13 03:22:00,1.2106,1.2106,1.2105,1.2106,5
2005-06-13 03:23:00,1.2106,1.2106,1.2106,1.2106,4
2005-06-13 03:24:00,1.2106,1.2106,1.2106,1.2106,1
2005-06-13 03:25:00,1.2106,1.2106,1.2106,1.2106,2
2005-06-13 03:26:00,1.2108,1.2108,1.2106,1.2106,19
2005-06-13 03:27:00,1.2108,1.2108,1.2108,1.2108,9
2005-06-13 03:28:00,1.2108,1.2108,1.2108,1.2108,2
2005-06-13 03:29:00,1.2108,1.2109,1.2108,1.2108,7
2005-06-13 03:30:00,1.2108,1.2108,1.2108,1.2108,2
2005-06-13 03:31:00,1.2108,1.2108,1.2108,1.2108,2
2005-06-13 03:32:00,1.2108,1.2108,1.2108,1.2108,3
2005-06-13 03:33:00,1.2109,1.2109,1.2108,1.2108,4
2005-06-13 03:34:00,1.2109,1.2109,1.2108,1.2108,4
2005-06-13 03:35:00,1.2109,1.2109,1.2109,1.2109,2
2005-06-13 03:36:00,1.2108,1.2108,1.2107,1.2108,6
2005-06-13 03:37:00,1.2107,1.2108,1.2107,1.2108,9
2005-06-13 03:38:00,1.2104,1.2106,1.2104,1.2106,12
2005-06-13 03:39:00,1.2103,1.2106,1.2103,1.2105,14
2005-06-13 03:40:00,1.2104,1.2105,1.2103,1.2104,6
2005-06-13 03:41:00,1.2106,1.2106,1.2104,1.2104,8
2005-06-13 03:42:00,1.2106,1.2107,1.2105,1.2105,8
2005-06-13 03:43:00,1.2106,1.2106,1.2106,1.2106,2
2005-06-13 03:44:00,1.2104,1.2106,1.2104,1.2106,8
2005-06-13 03:45:00,1.2104,1.2104,1.2104,1.2104,8
2005-06-13 03:46:00,1.2105,1.2105,1.2104,1.2104,10
2005-06-13 03:47:00,1.2105,1.2105,1.2105,1.2105,2
2005-06-13 03:48:00,1.2103,1.2104,1.2103,1.2104,7
2005-06-13 03:49:00,1.2102,1.2103,1.2102,1.2102,10
2005-06-13 03:50:00,1.2102,1.2103,1.2101,1.2102,7
2005-06-13 03:51:00,1.2099,1.2101,1.2099,1.2101,9
2005-06-13 03:52:00,1.21,1.21,1.2099,1.21,7
2005-06-13 03:53:00,1.2101,1.2101,1.21,1.21,4
2005-06-13 03:54:00,1.21,1.2101,1.2099,1.2101,13
2005-06-13 03:55:00,1.2102,1.2102,1.21,1.21,11
2005-06-13 03:56:00,1.21,1.2102,1.2099,1.2102,13
2005-06-13 03:57:00,1.2099,1.21,1.2097,1.21,9
2005-06-13 03:58:00,1.2097,1.2099,1.2097,1.2098,8
2005-06-13 03:59:00,1.2098,1.2098,1.2097,1.2098,8
2005-06-13 04:00:00,1.2101,1.2101,1.2098,1.2098,15
2005-06-13 04:01:00,1.2102,1.2102,1.20992,1.21002,13
2005-06-13 04:02:00,1.2102,1.2102,1.2102,1.2102,2
2005-06-13 04:03:00,1.2102,1.2102,1.2101,1.2102,9
2005-06-13 04:04:00,1.21026,1.2103,1.2102,1.2102,5
2005-06-13 04:05:00,1.21026,1.21026,1.21026,1.21026,5
2005-06-13 04:06:00,1.21026,1.21036,1.21026,1.21026,4
2005-06-13 04:07:00,1.21046,1.21046,1.21026,1.21036,15
2005-06-13 04:08:00,1.2107,1.2107,1.21046,1.21046,9
2005-06-13 04:09:00,1.2107,1.2108,1.2106,1.2108,11
2005-06-13 04:10:00,1.2106,1.2106,1.2106,1.2106,5
2005-06-13 04:11:00,1.2106,1.2106,1.2106,1.2106,1
2005-06-13 04:12:00,1.2106,1.2107,1.2106,1.2106,6
2005-06-13 04:13:00,1.2107,1.2107,1.2106,1.2106,12
2005-06-13 04:14:00,1.2106,1.2106,1.2106,1.2106,6
2005-06-13 04:15:00,1.2106,1.2106,1.2106,1.2106,3
2005-06-13 04:16:00,1.2106,1.2106,1.2106,1.2106,4
2005-06-13 04:17:00,1.2106,1.2106,1.2104,1.2106,7
2005-06-13 04:18:00,1.2105,1.2107,1.2105,1.2106,11
2005-06-13 04:19:00,1.2105,1.2106,1.2105,1.2106,10
2005-06-13 04:20:00,1.2105,1.2106,1.2105,1.2106,4
2005-06-13 04:21:00,1.2106,1.2107,1.2106,1.2106,8
2005-06-13 04:22:00,1.2106,1.2106,1.2106,1.2106,2
2005-06-13 04:23:00,1.2109,1.211,1.2106,1.2106,18
2005-06-13 04:24:00,1.2109,1.211,1.2109,1.2109,9
2005-06-13 04:25:00,1.211,1.211,1.2109,1.2109,8
2005-06-13 04:26:00,1.2109,1.211,1.2109,1.2109,9
2005-06-13 04:27:00,1.2108,1.2109,1.2108,1.2109,14
2005-06-13 04:28:00,1.2108,1.2108,1.2107,1.2108,6
2005-06-13 04:29:00,1.2108,1.2108,1.2107,1.2107,6
2005-06-13 04:30:00,1.2108,1.2108,1.2108,1.2108,2
2005-06-13 04:31:00,1.2107,1.2108,1.2107,1.2108,4
2005-06-13 04:32:00,1.2107,1.2108,1.2107,1.2107,6
2005-06-13 04:33:00,1.2107,1.2107,1.2107,1.2107,7
2005-06-13 04:34:00,1.2107,1.2108,1.2107,1.2107,8
2005-06-13 04:35:00,1.2107,1.2107,1.2105,1.2107,14
2005-06-13 04:36:00,1.2107,1.2107,1.2106,1.2107,4
2005-06-13 04:37:00,1.2107,1.2107,1.2107,1.2107,2
2005-06-13 04:38:00,1.2107,1.2107,1.2107,1.2107,6
2005-06-13 04:39:00,1.2107,1.2108,1.2107,1.2107,6
2005-06-13 04:40:00,1.2107,1.2107,1.2107,1.2107,3
2005-06-13 04:41:00,1.2107,1.2107,1.2107,1.2107,2
2005-06-13 04:42:00,1.2106,1.2107,1.2106,1.2107,2
2005-06-13 04:43:00,1.2106,1.2106,1.2106,1.2106,2
2005-06-13 04:44:00,1.2106,1.2106,1.2105,1.2106,12
2005-06-13 04:45:00,1.2108,1.2108,1.2106,1.2106,16
2005-06-13 04:46:00,1.2109,1.211,1.2107,1.2107,25
2005-06-13 04:47:00,1.2109,1.211,1.2108,1.2109,11
2005-06-13 04:48:00,1.2108,1.2109,1.2108,1.2108,17
2005-06-13 04:49:00,1.2108,1.2109,1.2107,1.2108,15
2005-06-13 04:50:00,1.2109,1.2109,1.2108,1.2108,6
2005-06-13 04:51:00,1.2111,1.2113,1.2108,1.2108,17
2005-06-13 04:52:00,1.2113,1.2113,1.2112,1.2112,8
2005-06-13 04:53:00,1.2114,1.2114,1.2113,1.2113,12
2005-06-13 04:54:00,1.2111,1.2113,1.211,1.2113,12
2005-06-13 04:55:00,1.2111,1.2111,1.211,1.211,4
2005-06-13 04:56:00,1.2111,1.2111,1.211,1.211,8
2005-06-13 04:57:00,1.2111,1.2111,1.2111,1.2111,3
2005-06-13 04:58:00,1.2109,1.2111,1.2108,1.2111,8
2005-06-13 04:59:00,1.2107,1.2109,1.2106,1.2109,10
2005-06-13 05:00:00,1.2109,1.2109,1.2107,1.2108,7
2005-06-13 05:01:00,1.2109,1.211,1.2109,1.2109,7
2005-06-13 05:02:00,1.2109,1.2109,1.2109,1.2109,3
2005-06-13 05:03:00,1.211,1.211,1.2109,1.2109,9
2005-06-13 05:04:00,1.211,1.2111,1.211,1.211,9
2005-06-13 05:05:00,1.2107,1.2111,1.2107,1.211,15
2005-06-13 05:06:00,1.2104,1.2108,1.2102,1.2108,20
2005-06-13 05:07:00,1.2103,1.2104,1.2102,1.2103,12
2005-06-13 05:08:00,1.2102,1.2105,1.2102,1.2104,11
2005-06-13 05:09:00,1.2103,1.2103,1.2102,1.2103,12
2005-06-13 05:10:00,1.2101,1.2103,1.2101,1.2103,13
2005-06-13 05:11:00,1.2103,1.2103,1.2101,1.2101,11
2005-06-13 05:12:00,1.2102,1.2103,1.2101,1.2102,15
2005-06-13 05:13:00,1.2101,1.2103,1.2101,1.2103,16
2005-06-13 05:14:00,1.2097,1.2101,1.2097,1.21,25
2005-06-13 05:15:00,1.21,1.21,1.2097,1.2097,13
2005-06-13 05:16:00,1.21,1.21,1.2099,1.21,9
2005-06-13 05:17:00,1.2099,1.21,1.2099,1.21,3
2005-06-13 05:18:00,1.2097,1.21,1.2097,1.21,16
2005-06-13 05:19:00,1.2098,1.2098,1.2096,1.2097,12
2005-06-13 05:20:00,1.2097,1.2098,1.2096,1.2097,15
2005-06-13 05:21:00,1.2098,1.2098,1.2096,1.2098,13
2005-06-13 05:22:00,1.2098,1.2098,1.2096,1.2097,17
2005-06-13 05:23:00,1.21,1.21,1.2098,1.2098,26
2005-06-13 05:24:00,1.2102,1.2103,1.2099,1.2099,23
2005-06-13 05:25:00,1.2102,1.2102,1.2102,1.2102,2
2005-06-13 05:26:00,1.2107,1.2107,1.2103,1.2103,17
2005-06-13 05:27:00,1.2104,1.2106,1.2104,1.2106,18
2005-06-13 05:28:00,1.2109,1.2109,1.2105,1.2105,20
2005-06-13 05:29:00,1.2112,1.2112,1.2109,1.2109,15
2005-06-13 05:30:00,1.2112,1.2113,1.2111,1.2112,12
2005-06-13 05:31:00,1.2112,1.2113,1.2111,1.2112,11
2005-06-13 05:32:00,1.2112,1.2113,1.2112,1.2113,4
2005-06-13 05:33:00,1.2112,1.2112,1.2111,1.2112,10
2005-06-13 05:34:00,1.2115,1.2116,1.2113,1.2113,19
2005-06-13 05:35:00,1.2112,1.2115,1.2112,1.2115,11
2005-06-13 05:36:00,1.2112,1.2112,1.2112,1.2112,2
2005-06-13 05:37:00,1.211,1.2111,1.2109,1.2111,12
2005-06-13 05:38:00,1.21086,1.211,1.21086,1.211,10
2005-06-13 05:39:00,1.21086,1.21096,1.21086,1.21096,6
2005-06-13 05:40:00,1.21066,1.21076,1.21036,1.21076,17
2005-06-13 05:41:00,1.21066,1.21066,1.21056,1.21056,6
2005-06-13 05:42:00,1.21056,1.21066,1.21056,1.21066,4
2005-06-13 05:43:00,1.21066,1.21066,1.21066,1.21066,3
2005-06-13 05:44:00,1.21086,1.21086,1.21066,1.21066,4
2005-06-13 05:45:00,1.21086,1.21096,1.21076,1.21086,10
2005-06-13 05:46:00,1.21076,1.21086,1.21076,1.21086,5
2005-06-13 05:47:00,1.21076,1.21086,1.21066,1.21066,8
2005-06-13 05:48:00,1.21096,1.21096,1.21086,1.21086,5
2005-06-13 05:49:00,1.21086,1.21096,1.21086,1.21096,9
2005-06-13 05:50:00,1.21096,1.21096,1.21086,1.21086,6
2005-06-13 05:51:00,1.21096,1.21096,1.21086,1.21096,6
2005-06-13 05:52:00,1.21086,1.21086,1.21086,1.21086,3
2005-06-13 05:53:00,1.21026,1.21086,1.21026,1.21086,20
2005-06-13 05:54:00,1.21026,1.21036,1.21006,1.21036,25
2005-06-13 05:55:00,1.21016,1.21026,1.20986,1.21026,25
2005-06-13 05:56:00,1.21006,1.21016,1.21006,1.21016,9
2005-06-13 05:57:00,1.21002,1.21022,1.20996,1.21006,13
2005-06-13 05:58:00,1.20962,1.21012,1.20952,1.20992,21
2005-06-13 05:59:00,1.20982,1.20992,1.20952,1.20952,16
2005-06-13 06:00:00,1.20972,1.20992,1.20972,1.20982,34
2005-06-13 06:01:00,1.20962,1.20982,1.20952,1.20972,47
2005-06-13 06:02:00,1.20992,1.21002,1.20962,1.20962,44
2005-06-13 06:03:00,1.21002,1.21002,1.20992,1.20992,37
2005-06-13 06:04:00,1.21062,1.21062,1.21002,1.21002,54
2005-06-13 06:05:00,1.21062,1.21082,1.21052,1.21062,37
2005-06-13 06:06:00,1.21042,1.21062,1.21032,1.21062,33
2005-06-13 06:07:00,1.21002,1.21042,1.20992,1.21042,31
2005-06-13 06:08:00,1.20972,1.21012,1.20972,1.21002,49
2005-06-13 06:09:00,1.20992,1.20992,1.20972,1.20972,50
2005-06-13 06:10:00,1.20992,1.20992,1.20992,1.20992,30
2005-06-13 06:11:00,1.21002,1.21002,1.20992,1.20992,13
2005-06-13 06:12:00,1.20962,1.21002,1.20962,1.21002,31
2005-06-13 06:13:00,1.20934,1.20954,1.20924,1.20952,44
2005-06-13 06:14:00,1.21004,1.21004,1.20934,1.20934,60
2005-06-13 06:15:00,1.20994,1.21014,1.20994,1.20994,45
2005-06-13 06:16:00,1.20944,1.20994,1.20944,1.20994,52
2005-06-13 06:17:00,1.20924,1.20944,1.20874,1.20944,59
2005-06-13 06:18:00,1.20894,1.20924,1.20874,1.20924,47
2005-06-13 06:19:00,1.20854,1.20904,1.20854,1.20894,56
2005-06-13 06:20:00,1.20864,1.20884,1.20824,1.20854,49
2005-06-13 06:21:00,1.20914,1.20914,1.20864,1.20874,51
2005-06-13 06:22:00,1.20944,1.20944,1.20894,1.20914,57
2005-06-13 06:23:00,1.20944,1.20964,1.20924,1.20944,55
2005-06-13 06:24:00,1.20954,1.20984,1.20944,1.20944,49
2005-06-13 06:25:00,1.20924,1.20954,1.20924,1.20954,37
2005-06-13 06:26:00,1.20928,1.20948,1.20924,1.20924,49
2005-06-13 06:27:00,1.20928,1.20938,1.20908,1.20928,49
2005-06-13 06:28:00,1.20908,1.20928,1.20898,1.20928,49
2005-06-13 06:29:00,1.20918,1.20918,1.20898,1.20908,39
2005-06-13 06:30:00,1.20928,1.20938,1.20908,1.20918,52
2005-06-13 06:31:00,1.20938,1.20938,1.20908,1.20928,55
2005-06-13 06:32:00,1.20928,1.20938,1.20928,1.20928,37
2005-06-13 06:33:00,1.20918,1.20938,1.20918,1.20928,30
2005-06-13 06:34:00,1.20918,1.20928,1.20888,1.20918,51
2005-06-13 06:35:00,1.20948,1.20948,1.20918,1.20918,46
2005-06-13 06:36:00,1.20932,1.20948,1.20932,1.20948,40
2005-06-13 06:37:00,1.20942,1.20942,1.20932,1.20932,30
2005-06-13 06:38:00,1.20932,1.20942,1.20932,1.20942,35
2005-06-13 06:39:00,1.20982,1.20992,1.20932,1.20932,50
2005-06-13 06:40:00,1.20972,1.20992,1.20972,1.20982,39
2005-06-13 06:41:00,1.21058,1.21078,1.20972,1.20972,56
2005-06-13 06:42:00,1.21058,1.21068,1.21048,1.21058,41
2005-06-13 06:43:00,1.21008,1.21058,1.20988,1.21058,50
2005-06-13 06:44:00,1.20978,1.21028,1.20978,1.21008,42
2005-06-13 06:45:00,1.20978,1.20978,1.20968,1.20978,39
2005-06-13 06:46:00,1.20958,1.20978,1.20958,1.20978,34
2005-06-13 06:47:00,1.20958,1.20968,1.20958,1.20958,18
2005-06-13 06:48:00,1.20988,1.20988,1.20938,1.20958,44
2005-06-13 06:49:00,1.20998,1.20998,1.20978,1.20988,44
2005-06-13 06:50:00,1.21018,1.21018,1.20998,1.20998,27
2005-06-13 06:51:00,1.20988,1.21018,1.20988,1.21018,37
2005-06-13 06:52:00,1.20992,1.20998,1.20988,1.20988,28
2005-06-13 06:53:00,1.20992,1.20992,1.20992,1.20992,9
2005-06-13 06:54:00,1.21012,1.21012,1.20992,1.21002,47
2005-06-13 06:55:00,1.21012,1.21032,1.21012,1.21012,42
2005-06-13 06:56:00,1.20992,1.21012,1.20992,1.21012,52
2005-06-13 06:57:00,1.20982,1.20992,1.20962,1.20992,47
2005-06-13 06:58:00,1.20962,1.20982,1.20962,1.20982,36
2005-06-13 06:59:00,1.20962,1.20962,1.20952,1.20962,34
2005-06-13 07:00:00,1.20972,1.20982,1.20962,1.20962,30
2005-06-13 07:01:00,1.20962,1.20972,1.20952,1.20972,43
2005-06-13 07:02:00,1.20952,1.20952,1.20952,1.20952,20
2005-06-13 07:03:00,1.20932,1.20952,1.20932,1.20952,31
2005-06-13 07:04:00,1.20932,1.20932,1.20932,1.20932,19
2005-06-13 07:05:00,1.20932,1.20942,1.20922,1.20932,36
2005-06-13 07:06:00,1.20942,1.20952,1.20932,1.20932,31
2005-06-13 07:07:00,1.20942,1.20952,1.20942,1.20942,31
2005-06-13 07:08:00,1.20958,1.20958,1.20948,1.20948,31
2005-06-13 07:09:00,1.20938,1.20958,1.20938,1.20958,33
2005-06-13 07:10:00,1.20934,1.20944,1.20934,1.20938,23
2005-06-13 07:11:00,1.20924,1.20934,1.20924,1.20934,42
2005-06-13 07:12:00,1.20944,1.20944,1.20924,1.20924,33
2005-06-13 07:13:00,1.20954,1.20954,1.20944,1.20944,22
2005-06-13 07:14:00,1.20954,1.20954,1.20954,1.20954,13
2005-06-13 07:15:00,1.20954,1.20964,1.20954,1.20954,29
2005-06-13 07:16:00,1.20944,1.20954,1.20944,1.20954,29
2005-06-13 07:17:00,1.20914,1.20944,1.20914,1.20944,24
2005-06-13 07:18:00,1.20894,1.20924,1.20894,1.20914,40
2005-06-13 07:19:00,1.20884,1.20894,1.20874,1.20894,49
2005-06-13 07:20:00,1.20874,1.20894,1.20874,1.20884,44
2005-06-13 07:21:00,1.20874,1.20884,1.20874,1.20874,32
2005-06-13 07:22:00,1.20874,1.20894,1.20864,1.20874,38
2005-06-13 07:23:00,1.20834,1.20884,1.20834,1.20874,50
2005-06-13 07:24:00,1.20824,1.20844,1.20804,1.20844,53
2005-06-13 07:25:00,1.20844,1.20844,1.20824,1.20824,42
2005-06-13 07:26:00,1.20854,1.20854,1.20834,1.20844,39
2005-06-13 07:27:00,1.20854,1.20864,1.20844,1.20844,50
2005-06-13 07:28:00,1.20864,1.20864,1.20844,1.20854,52
2005-06-13 07:29:00,1.20888,1.20898,1.20864,1.20864,53
2005-06-13 07:30:00,1.20928,1.20938,1.20898,1.20898,54
2005-06-13 07:31:00,1.20908,1.20938,1.20908,1.20928,42
2005-06-13 07:32:00,1.20902,1.20912,1.20892,1.20902,45
2005-06-13 07:33:00,1.20892,1.20922,1.20892,1.20912,55
2005-06-13 07:34:00,1.20912,1.20912,1.20892,1.20892,52
2005-06-13 07:35:00,1.20932,1.20932,1.20912,1.20912,43
2005-06-13 07:36:00,1.20862,1.20932,1.20862,1.20932,55
2005-06-13 07:37:00,1.20862,1.20872,1.20862,1.20862,44
2005-06-13 07:38:00,1.20872,1.20872,1.20862,1.20862,42
2005-06-13 07:39:00,1.20872,1.20882,1.20872,1.20872,34
2005-06-13 07:40:00,1.20862,1.20872,1.20852,1.20872,33
2005-06-13 07:41:00,1.20862,1.20862,1.20842,1.20862,44
2005-06-13 07:42:00,1.20882,1.20882,1.20862,1.20862,45
2005-06-13 07:43:00,1.20882,1.20882,1.20862,1.20872,47
2005-06-13 07:44:00,1.20882,1.20892,1.20872,1.20882,45
2005-06-13 07:45:00,1.20872,1.20882,1.20872,1.20882,40
2005-06-13 07:46:00,1.20872,1.20872,1.20862,1.20872,32
2005-06-13 07:47:00,1.20882,1.20882,1.20862,1.20862,47
2005-06-13 07:48:00,1.20872,1.20882,1.20872,1.20882,39
2005-06-13 07:49:00,1.20842,1.20872,1.20842,1.20872,38
2005-06-13 07:50:00,1.20882,1.20882,1.20852,1.20852,48
2005-06-13 07:51:00,1.20902,1.20922,1.20892,1.20892,49
2005-06-13 07:52:00,1.20882,1.20912,1.20882,1.20902,50
2005-06-13 07:53:00,1.20872,1.20882,1.20872,1.20882,44
2005-06-13 07:54:00,1.20892,1.20892,1.20872,1.20872,29
2005-06-13 07:55:00,1.20882,1.20892,1.20882,1.20892,27
2005-06-13 07:56:00,1.20892,1.20902,1.20882,1.20882,45
2005-06-13 07:57:00,1.20882,1.20892,1.20882,1.20892,40
2005-06-13 07:58:00,1.20892,1.20902,1.20882,1.20882,49
2005-06-13 07:59:00,1.20912,1.20912,1.20892,1.20892,49
2005-06-13 08:00:00,1.20908,1.20912,1.20898,1.20912,44
2005-06-13 08:01:00,1.20898,1.20908,1.20898,1.20908,37
2005-06-13 08:02:00,1.20888,1.20898,1.20888,1.20898,33
2005-06-13 08:03:00,1.20892,1.20898,1.20888,1.20888,34
2005-06-13 08:04:00,1.20892,1.20892,1.20882,1.20892,37
2005-06-13 08:05:00,1.20872,1.20892,1.20862,1.20892,55
2005-06-13 08:06:00,1.20882,1.20882,1.20872,1.20872,40
2005-06-13 08:07:00,1.20872,1.20892,1.20872,1.20882,37
2005-06-13 08:08:00,1.20882,1.20892,1.20872,1.20872,42
2005-06-13 08:09:00,1.20882,1.20892,1.20882,1.20882,26
2005-06-13 08:10:00,1.20888,1.20888,1.20862,1.20872,45
2005-06-13 08:11:00,1.20892,1.20898,1.20878,1.20888,47
2005-06-13 08:12:00,1.20862,1.20892,1.20862,1.20892,42
2005-06-13 08:13:00,1.20862,1.20862,1.20862,1.20862,31
2005-06-13 08:14:00,1.20864,1.20872,1.20852,1.20862,40
2005-06-13 08:15:00,1.20844,1.20864,1.20844,1.20864,33
2005-06-13 08:16:00,1.20854,1.20854,1.20844,1.20844,32
2005-06-13 08:17:00,1.20844,1.20854,1.20844,1.20854,41
2005-06-13 08:18:00,1.20834,1.20844,1.20834,1.20844,34
2005-06-13 08:19:00,1.20814,1.20844,1.20804,1.20834,54
2005-06-13 08:20:00,1.20734,1.20814,1.20734,1.20814,55
2005-06-13 08:21:00,1.20734,1.20744,1.20724,1.20734,52
2005-06-13 08:22:00,1.20754,1.20754,1.20724,1.20734,47
2005-06-13 08:23:00,1.20774,1.20774,1.20734,1.20754,54
2005-06-13 08:24:00,1.20764,1.20774,1.20764,1.20764,44
2005-06-13 08:25:00,1.20764,1.20764,1.20734,1.20764,49
2005-06-13 08:26:00,1.20724,1.20764,1.20714,1.20764,49
2005-06-13 08:27:00,1.20724,1.20734,1.20714,1.20714,44
2005-06-13 08:28:00,1.20764,1.20764,1.20714,1.20724,59
2005-06-13 08:29:00,1.20794,1.20804,1.20764,1.20764,51
2005-06-13 08:30:00,1.20794,1.20804,1.20784,1.20794,38
2005-06-13 08:31:00,1.20794,1.20794,1.20784,1.20784,38
2005-06-13 08:32:00,1.20818,1.20828,1.20784,1.20784,56
2005-06-13 08:33:00,1.20768,1.20818,1.20768,1.20818,54
2005-06-13 08:34:00,1.20798,1.20808,1.20768,1.20768,44
2005-06-13 08:35:00,1.20758,1.20798,1.20728,1.20798,50
2005-06-13 08:36:00,1.20768,1.20768,1.20748,1.20748,43
2005-06-13 08:37:00,1.20768,1.20778,1.20768,1.20768,39
2005-06-13 08:38:00,1.20748,1.20768,1.20738,1.20768,50
2005-06-13 08:39:00,1.20708,1.20758,1.20658,1.20758,48
2005-06-13 08:40:00,1.20688,1.20718,1.20678,1.20718,57
2005-06-13 08:41:00,1.20688,1.20718,1.20678,1.20698,58
2005-06-13 08:42:00,1.20608,1.20708,1.20608,1.20688,55
2005-06-13 08:43:00,1.20594,1.20638,1.20584,1.20598,57
2005-06-13 08:44:00,1.20618,1.20634,1.20584,1.20594,49
2005-06-13 08:45:00,1.20608,1.20628,1.20588,1.20618,51
2005-06-13 08:46:00,1.20614,1.20618,1.20598,1.20608,49
2005-06-13 08:47:00,1.20604,1.20624,1.20604,1.20614,39
2005-06-13 08:48:00,1.20614,1.20624,1.20604,1.20604,39
2005-06-13 08:49:00,1.20624,1.20624,1.20604,1.20604,46
2005-06-13 08:50:00,1.20614,1.20624,1.20594,1.20624,43
2005-06-13 08:51:00,1.20614,1.20624,1.20604,1.20614,47
2005-06-13 08:52:00,1.20634,1.20644,1.20614,1.20624,56
2005-06-13 08:53:00,1.20624,1.20634,1.20614,1.20634,35
2005-06-13 08:54:00,1.20644,1.20644,1.20624,1.20624,53
2005-06-13 08:55:00,1.20604,1.20644,1.20604,1.20644,47
2005-06-13 08:56:00,1.20644,1.20644,1.20604,1.20604,52
2005-06-13 08:57:00,1.20644,1.20654,1.20634,1.20634,50
2005-06-13 08:58:00,1.20634,1.20644,1.20624,1.20634,41
2005-06-13 08:59:00,1.20644,1.20644,1.20624,1.20634,48
2005-06-13 09:00:00,1.20644,1.20644,1.20634,1.20644,33
2005-06-13 09:01:00,1.20664,1.20664,1.20644,1.20644,36
2005-06-13 09:02:00,1.20674,1.20674,1.20654,1.20664,34
2005-06-13 09:03:00,1.20664,1.20674,1.20664,1.20674,33
2005-06-13 09:04:00,1.20654,1.20664,1.20654,1.20664,46
2005-06-13 09:05:00,1.20684,1.20694,1.20654,1.20654,39
2005-06-13 09:06:00,1.20694,1.20704,1.20684,1.20684,49
2005-06-13 09:07:00,1.20684,1.20694,1.20684,1.20694,47
2005-06-13 09:08:00,1.20684,1.20694,1.20674,1.20684,46
2005-06-13 09:09:00,1.20734,1.20734,1.20684,1.20684,48
2005-06-13 09:10:00,1.20724,1.20744,1.20714,1.20734,47
2005-06-13 09:11:00,1.20724,1.20734,1.20714,1.20724,46
2005-06-13 09:12:00,1.20704,1.20724,1.20694,1.20724,40
2005-06-13 09:13:00,1.20654,1.20704,1.20644,1.20704,47
2005-06-13 09:14:00,1.20624,1.20664,1.20624,1.20654,54
2005-06-13 09:15:00,1.20634,1.20634,1.20614,1.20624,48
2005-06-13 09:16:00,1.20604,1.20634,1.20604,1.20634,52
2005-06-13 09:17:00,1.20574,1.20614,1.20574,1.20604,43
2005-06-13 09:18:00,1.20564,1.20574,1.20554,1.20574,48
2005-06-13 09:19:00,1.20554,1.20574,1.20554,1.20564,45
2005-06-13 09:20:00,1.20554,1.20564,1.20554,1.20554,32
2005-06-13 09:21:00,1.20524,1.20554,1.20484,1.20554,53
2005-06-13 09:22:00,1.20534,1.20544,1.20524,1.20524,48
2005-06-13 09:23:00,1.20544,1.20544,1.20524,1.20534,42
2005-06-13 09:24:00,1.20524,1.20554,1.20524,1.20544,47
2005-06-13 09:25:00,1.20454,1.20534,1.20444,1.20524,53
2005-06-13 09:26:00,1.20418,1.20484,1.20408,1.20454,58
2005-06-13 09:27:00,1.20408,1.20478,1.20398,1.20418,58
2005-06-13 09:28:00,1.20368,1.20418,1.20358,1.20418,52
2005-06-13 09:29:00,1.20388,1.20388,1.20358,1.20368,49
2005-06-13 09:30:00,1.20438,1.20438,1.20378,1.20388,44
2005-06-13 09:31:00,1.20414,1.20448,1.20394,1.20438,56
2005-06-13 09:32:00,1.20434,1.20444,1.20424,1.20424,47
2005-06-13 09:33:00,1.20444,1.20444,1.20424,1.20444,50
2005-06-13 09:34:00,1.20448,1.20464,1.20444,1.20444,43
2005-06-13 09:35:00,1.20448,1.20458,1.20438,1.20448,46
2005-06-13 09:36:00,1.20448,1.20478,1.20448,1.20448,55
2005-06-13 09:37:00,1.20468,1.20478,1.20448,1.20458,54
2005-06-13 09:38:00,1.20518,1.20518,1.20468,1.20468,47
2005-06-13 09:39:00,1.20478,1.20528,1.20478,1.20518,54
2005-06-13 09:40:00,1.20458,1.20488,1.20448,1.20478,46
2005-06-13 09:41:00,1.20388,1.20458,1.20388,1.20458,50
2005-06-13 09:42:00,1.20384,1.20414,1.20374,1.20388,53
2005-06-13 09:43:00,1.20374,1.20394,1.20374,1.20394,49
2005-06-13 09:44:00,1.20404,1.20424,1.20374,1.20374,44
2005-06-13 09:45:00,1.20424,1.20424,1.20404,1.20414,43
2005-06-13 09:46:00,1.20424,1.20424,1.20404,1.20414,43
2005-06-13 09:47:00,1.20454,1.20454,1.20414,1.20434,47
2005-06-13 09:48:00,1.20454,1.20464,1.20444,1.20454,49
2005-06-13 09:49:00,1.20494,1.20504,1.20444,1.20444,54
2005-06-13 09:50:00,1.20494,1.20494,1.20484,1.20494,40
2005-06-13 09:51:00,1.20494,1.20494,1.20484,1.20494,32
2005-06-13 09:52:00,1.20494,1.20504,1.20484,1.20494,35
2005-06-13 09:53:00,1.20484,1.20494,1.20484,1.20494,29
2005-06-13 09:54:00,1.20474,1.20484,1.20464,1.20484,42
2005-06-13 09:55:00,1.20474,1.20484,1.20464,1.20474,44
2005-06-13 09:56:00,1.20484,1.20494,1.20474,1.20474,44
2005-06-13 09:57:00,1.20474,1.20484,1.20464,1.20484,49
2005-06-13 09:58:00,1.20474,1.20484,1.20464,1.20474,35
2005-06-13 09:59:00,1.20504,1.20504,1.20474,1.20474,40
2005-06-13 10:00:00,1.20534,1.20544,1.20504,1.20504,49
2005-06-13 10:01:00,1.20544,1.20544,1.20524,1.20534,46
2005-06-13 10:02:00,1.20564,1.20584,1.20544,1.20544,49
2005-06-13 10:03:00,1.20604,1.20604,1.20564,1.20564,49
2005-06-13 10:04:00,1.20584,1.20634,1.20584,1.20604,56
2005-06-13 10:05:00,1.20584,1.20594,1.20574,1.20584,36
2005-06-13 10:06:00,1.20574,1.20584,1.20574,1.20584,35
2005-06-13 10:07:00,1.20624,1.20624,1.20584,1.20584,47
2005-06-13 10:08:00,1.20624,1.20634,1.20614,1.20624,46
2005-06-13 10:09:00,1.20664,1.20664,1.20604,1.20624,55
2005-06-13 10:10:00,1.20634,1.20664,1.20624,1.20664,55
2005-06-13 10:11:00,1.20634,1.20654,1.20634,1.20634,33
2005-06-13 10:12:00,1.20614,1.20664,1.20614,1.20634,51
2005-06-13 10:13:00,1.20584,1.20614,1.20584,1.20614,42
2005-06-13 10:14:00,1.20574,1.20584,1.20554,1.20584,47
2005-06-13 10:15:00,1.20564,1.20574,1.20554,1.20574,46
2005-06-13 10:16:00,1.20564,1.20564,1.20554,1.20564,23
2005-06-13 10:17:00,1.20564,1.20564,1.20554,1.20564,32
2005-06-13 10:18:00,1.20594,1.20604,1.20564,1.20564,40
2005-06-13 10:19:00,1.20614,1.20624,1.20594,1.20594,35
2005-06-13 10:20:00,1.20604,1.20624,1.20604,1.20614,48
2005-06-13 10:21:00,1.20574,1.20604,1.20574,1.20604,48
2005-06-13 10:22:00,1.20584,1.20584,1.20574,1.20574,42
2005-06-13 10:23:00,1.20574,1.20584,1.20574,1.20584,33
2005-06-13 10:24:00,1.20574,1.20574,1.20574,1.20574,21
2005-06-13 10:25:00,1.20574,1.20584,1.20564,1.20574,29
2005-06-13 10:26:00,1.20554,1.20574,1.20544,1.20574,40
2005-06-13 10:27:00,1.20534,1.20554,1.20534,1.20554,26
2005-06-13 10:28:00,1.20544,1.20554,1.20534,1.20534,38
2005-06-13 10:29:00,1.20544,1.20554,1.20544,1.20544,34
2005-06-13 10:30:00,1.20514,1.20554,1.20514,1.20554,51
2005-06-13 10:31:00,1.20514,1.20534,1.20514,1.20524,44
2005-06-13 10:32:00,1.20504,1.20524,1.20504,1.20524,33
2005-06-13 10:33:00,1.20494,1.20504,1.20484,1.20504,45
2005-06-13 10:34:00,1.20494,1.20494,1.20484,1.20494,26
2005-06-13 10:35:00,1.20494,1.20494,1.20484,1.20494,46
2005-06-13 10:36:00,1.20474,1.20494,1.20464,1.20494,37
2005-06-13 10:37:00,1.20474,1.20474,1.20464,1.20464,39
2005-06-13 10:38:00,1.20484,1.20484,1.20474,1.20474,51
2005-06-13 10:39:00,1.20484,1.20514,1.20484,1.20484,55
2005-06-13 10:40:00,1.20484,1.20494,1.20484,1.20484,35
2005-06-13 10:41:00,1.20494,1.20494,1.20484,1.20484,52
2005-06-13 10:42:00,1.20524,1.20524,1.20494,1.20494,42
2005-06-13 10:43:00,1.20514,1.20524,1.20494,1.20524,43
2005-06-13 10:44:00,1.20514,1.20514,1.20504,1.20514,37
2005-06-13 10:45:00,1.20504,1.20514,1.20494,1.20514,42
2005-06-13 10:46:00,1.20514,1.20524,1.20494,1.20494,46
2005-06-13 10:47:00,1.20534,1.20534,1.20514,1.20514,34
2005-06-13 10:48:00,1.20514,1.20534,1.20514,1.20534,44
2005-06-13 10:49:00,1.20534,1.20534,1.20514,1.20514,38
2005-06-13 10:50:00,1.20524,1.20534,1.20524,1.20534,44
2005-06-13 10:51:00,1.20534,1.20534,1.20524,1.20524,37
2005-06-13 10:52:00,1.20534,1.20534,1.20524,1.20534,22
2005-06-13 10:53:00,1.20534,1.20534,1.20524,1.20524,21
2005-06-13 10:54:00,1.20524,1.20534,1.20524,1.20524,45
2005-06-13 10:55:00,1.20534,1.20544,1.20524,1.20534,52
2005-06-13 10:56:00,1.20524,1.20544,1.20524,1.20544,34
2005-06-13 10:57:00,1.20514,1.20524,1.20514,1.20514,40
2005-06-13 10:58:00,1.20454,1.20514,1.20454,1.20514,40
2005-06-13 10:59:00,1.20454,1.20474,1.20444,1.20454,44
2005-06-13 11:00:00,1.20464,1.20474,1.20454,1.20474,48
2005-06-13 11:01:00,1.20454,1.20464,1.20454,1.20464,46
2005-06-13 11:02:00,1.20464,1.20464,1.20444,1.20454,43
2005-06-13 11:03:00,1.20444,1.20464,1.20434,1.20464,42
2005-06-13 11:04:00,1.20444,1.20454,1.20444,1.20454,52
2005-06-13 11:05:00,1.20424,1.20454,1.20424,1.20444,41
2005-06-13 11:06:00,1.20434,1.20454,1.20424,1.20424,37
2005-06-13 11:07:00,1.20444,1.20444,1.20434,1.20434,39
2005-06-13 11:08:00,1.20444,1.20444,1.20434,1.20444,44
2005-06-13 11:09:00,1.20444,1.20444,1.20424,1.20434,46
2005-06-13 11:10:00,1.20424,1.20444,1.20424,1.20444,39
2005-06-13 11:11:00,1.20444,1.20454,1.20424,1.20424,43
2005-06-13 11:12:00,1.20434,1.20444,1.20424,1.20444,49
2005-06-13 11:13:00,1.20484,1.20484,1.20434,1.20434,41
2005-06-13 11:14:00,1.20494,1.20504,1.20474,1.20484,50
2005-06-13 11:15:00,1.20494,1.20494,1.20484,1.20494,35
2005-06-13 11:16:00,1.20484,1.20494,1.20484,1.20494,37
2005-06-13 11:17:00,1.20494,1.20494,1.20484,1.20484,33
2005-06-13 11:18:00,1.20514,1.20524,1.20494,1.20494,41
2005-06-13 11:19:00,1.20514,1.20524,1.20514,1.20514,33
2005-06-13 11:20:00,1.20544,1.20544,1.20514,1.20514,48
2005-06-13 11:21:00,1.20474,1.20554,1.20474,1.20544,50
2005-06-13 11:22:00,1.20434,1.20494,1.20434,1.20474,55
2005-06-13 11:23:00,1.20444,1.20454,1.20434,1.20434,38
2005-06-13 11:24:00,1.20454,1.20464,1.20444,1.20444,38
2005-06-13 11:25:00,1.20464,1.20464,1.20454,1.20454,26
2005-06-13 11:26:00,1.20464,1.20464,1.20464,1.20464,30
2005-06-13 11:27:00,1.20474,1.20484,1.20464,1.20464,31
2005-06-13 11:28:00,1.20454,1.20474,1.20454,1.20474,26
2005-06-13 11:29:00,1.20454,1.20474,1.20444,1.20454,51
2005-06-13 11:30:00,1.20474,1.20474,1.20454,1.20454,41
2005-06-13 11:31:00,1.20474,1.20474,1.20454,1.20474,43
2005-06-13 11:32:00,1.20494,1.20494,1.20464,1.20474,34
2005-06-13 11:33:00,1.20514,1.20514,1.20484,1.20494,55
2005-06-13 11:34:00,1.20514,1.20524,1.20514,1.20514,34
2005-06-13 11:35:00,1.20504,1.20514,1.20504,1.20514,35
2005-06-13 11:36:00,1.20544,1.20544,1.20504,1.20514,51
2005-06-13 11:37:00,1.20554,1.20554,1.20544,1.20544,42
2005-06-13 11:38:00,1.20544,1.20584,1.20544,1.20554,41
2005-06-13 11:39:00,1.20534,1.20554,1.20534,1.20544,33
2005-06-13 11:40:00,1.20534,1.20534,1.20524,1.20534,42
2005-06-13 11:41:00,1.20524,1.20534,1.20514,1.20534,33
2005-06-13 11:42:00,1.20514,1.20524,1.20504,1.20514,32
2005-06-13 11:43:00,1.20544,1.20544,1.20514,1.20514,34
2005-06-13 11:44:00,1.20544,1.20544,1.20534,1.20544,32
2005-06-13 11:45:00,1.20564,1.20564,1.20544,1.20544,50
2005-06-13 11:46:00,1.20574,1.20584,1.20554,1.20564,53
2005-06-13 11:47:00,1.20554,1.20574,1.20544,1.20574,31
2005-06-13 11:48:00,1.20554,1.20574,1.20554,1.20554,32
2005-06-13 11:49:00,1.20544,1.20554,1.20544,1.20554,38
2005-06-13 11:50:00,1.20564,1.20564,1.20544,1.20544,24
2005-06-13 11:51:00,1.20594,1.20594,1.20564,1.20564,48
2005-06-13 11:52:00,1.20584,1.20604,1.20584,1.20584,44
2005-06-13 11:53:00,1.20594,1.20604,1.20584,1.20584,24
2005-06-13 11:54:00,1.20604,1.20604,1.20594,1.20594,40
2005-06-13 11:55:00,1.20604,1.20604,1.20584,1.20604,43
2005-06-13 11:56:00,1.20614,1.20614,1.20594,1.20604,40
2005-06-13 11:57:00,1.20634,1.20634,1.20604,1.20614,41
2005-06-13 11:58:00,1.20618,1.20644,1.20608,1.20634,51
2005-06-13 11:59:00,1.20588,1.20618,1.20578,1.20618,41
2005-06-13 12:00:00,1.20558,1.20598,1.20548,1.20598,41
2005-06-13 12:01:00,1.20568,1.20578,1.20548,1.20558,51
2005-06-13 12:02:00,1.20562,1.20578,1.20562,1.20568,36
2005-06-13 12:03:00,1.20592,1.20612,1.20562,1.20562,57
2005-06-13 12:04:00,1.20632,1.20642,1.20592,1.20592,47
2005-06-13 12:05:00,1.20642,1.20652,1.20632,1.20632,44
2005-06-13 12:06:00,1.20602,1.20642,1.20602,1.20642,37
2005-06-13 12:07:00,1.20602,1.20612,1.20592,1.20602,23
2005-06-13 12:08:00,1.20602,1.20602,1.20592,1.20602,34
2005-06-13 12:09:00,1.20582,1.20612,1.20582,1.20602,50
2005-06-13 12:10:00,1.20592,1.20592,1.20582,1.20582,35
2005-06-13 12:11:00,1.20592,1.20592,1.20592,1.20592,14
2005-06-13 12:12:00,1.20622,1.20622,1.20582,1.20592,34
2005-06-13 12:13:00,1.20632,1.20632,1.20622,1.20622,43
2005-06-13 12:14:00,1.20628,1.20638,1.20628,1.20632,34
2005-06-13 12:15:00,1.20628,1.20628,1.20618,1.20628,39
2005-06-13 12:16:00,1.20628,1.20628,1.20618,1.20628,39
2005-06-13 12:17:00,1.20618,1.20628,1.20618,1.20628,30
2005-06-13 12:18:00,1.20628,1.20628,1.20618,1.20618,41
2005-06-13 12:19:00,1.20648,1.20658,1.20628,1.20628,37
2005-06-13 12:20:00,1.20648,1.20658,1.20628,1.20648,54
2005-06-13 12:21:00,1.20658,1.20658,1.20628,1.20638,50
2005-06-13 12:22:00,1.20658,1.20668,1.20648,1.20658,31
2005-06-13 12:23:00,1.20698,1.20698,1.20648,1.20658,42
2005-06-13 12:24:00,1.20688,1.20698,1.20678,1.20698,37
2005-06-13 12:25:00,1.20678,1.20688,1.20668,1.20688,32
2005-06-13 12:26:00,1.20678,1.20688,1.20678,1.20678,37
2005-06-13 12:27:00,1.20668,1.20678,1.20668,1.20678,29
2005-06-13 12:28:00,1.20658,1.20668,1.20658,1.20668,27
2005-06-13 12:29:00,1.20648,1.20658,1.20638,1.20658,45
2005-06-13 12:30:00,1.20678,1.20678,1.20648,1.20648,31
2005-06-13 12:31:00,1.20678,1.20688,1.20668,1.20678,37
2005-06-13 12:32:00,1.20668,1.20678,1.20668,1.20678,40
2005-06-13 12:33:00,1.20668,1.20678,1.20668,1.20668,29
2005-06-13 12:34:00,1.20648,1.20678,1.20648,1.20668,50
2005-06-13 12:35:00,1.20658,1.20658,1.20638,1.20648,46
2005-06-13 12:36:00,1.20678,1.20678,1.20658,1.20658,44
2005-06-13 12:37:00,1.20678,1.20688,1.20678,1.20678,33
2005-06-13 12:38:00,1.20698,1.20728,1.20678,1.20678,52
2005-06-13 12:39:00,1.20662,1.20712,1.20662,1.20698,58
2005-06-13 12:40:00,1.20632,1.20662,1.20632,1.20662,49
2005-06-13 12:41:00,1.20632,1.20642,1.20622,1.20632,48
2005-06-13 12:42:00,1.20584,1.20632,1.20574,1.20632,51
2005-06-13 12:43:00,1.20558,1.20594,1.20558,1.20584,49
2005-06-13 12:44:00,1.20558,1.20568,1.20548,1.20558,49
2005-06-13 12:45:00,1.20588,1.20598,1.20548,1.20558,49
2005-06-13 12:46:00,1.20558,1.20578,1.20538,1.20578,46
2005-06-13 12:47:00,1.20538,1.20548,1.20528,1.20548,41
2005-06-13 12:48:00,1.20548,1.20558,1.20528,1.20538,43
2005-06-13 12:49:00,1.20548,1.20548,1.20538,1.20548,36
2005-06-13 12:50:00,1.20588,1.20598,1.20548,1.20548,48
2005-06-13 12:51:00,1.20588,1.20598,1.20587,1.20588,41
2005-06-13 12:52:00,1.20578,1.20598,1.20578,1.20588,36
2005-06-13 12:53:00,1.20608,1.20608,1.20578,1.20588,47
2005-06-13 12:54:00,1.20618,1.20628,1.20608,1.20608,42
2005-06-13 12:55:00,1.20618,1.20628,1.20618,1.20618,29
2005-06-13 12:56:00,1.20608,1.20628,1.20608,1.20618,42
2005-06-13 12:57:00,1.20592,1.20618,1.20588,1.20608,40
2005-06-13 12:58:00,1.20594,1.20594,1.20582,1.20592,27
2005-06-13 12:59:00,1.20594,1.20594,1.20584,1.20594,33
2005-06-13 13:00:00,1.20594,1.20594,1.20574,1.20594,42
2005-06-13 13:01:00,1.20608,1.20608,1.20594,1.20594,35
2005-06-13 13:02:00,1.20598,1.20608,1.20588,1.20608,32
2005-06-13 13:03:00,1.20608,1.20618,1.20598,1.20598,48
2005-06-13 13:04:00,1.20598,1.20608,1.20578,1.20608,43
2005-06-13 13:05:00,1.20588,1.20598,1.20578,1.20598,34
2005-06-13 13:06:00,1.20588,1.20598,1.20568,1.20578,36
2005-06-13 13:07:00,1.20578,1.20598,1.20578,1.20588,37
2005-06-13 13:08:00,1.20564,1.20588,1.20564,1.20588,44
2005-06-13 13:09:00,1.20574,1.20584,1.20564,1.20564,41
2005-06-13 13:10:00,1.20528,1.20578,1.20528,1.20574,43
2005-06-13 13:11:00,1.20524,1.20544,1.20514,1.20528,46
2005-06-13 13:12:00,1.20514,1.20534,1.20514,1.20524,33
2005-06-13 13:13:00,1.20524,1.20524,1.20514,1.20514,39
2005-06-13 13:14:00,1.20504,1.20524,1.20494,1.20524,39
2005-06-13 13:15:00,1.20564,1.20574,1.20494,1.20504,53
2005-06-13 13:16:00,1.20554,1.20564,1.20544,1.20554,55
2005-06-13 13:17:00,1.20574,1.20584,1.20554,1.20554,45
2005-06-13 13:18:00,1.20598,1.20604,1.20574,1.20574,47
2005-06-13 13:19:00,1.20618,1.20628,1.20568,1.20598,57
2005-06-13 13:20:00,1.20608,1.20618,1.20598,1.20618,41
2005-06-13 13:21:00,1.20588,1.20608,1.20588,1.20608,30
2005-06-13 13:22:00,1.20592,1.20592,1.20578,1.20588,36
2005-06-13 13:23:00,1.20592,1.20592,1.20582,1.20592,30
2005-06-13 13:24:00,1.20592,1.20602,1.20592,1.20592,35
2005-06-13 13:25:00,1.20592,1.20592,1.20592,1.20592,26
2005-06-13 13:26:00,1.20622,1.20622,1.20592,1.20592,41
2005-06-13 13:27:00,1.20582,1.20622,1.20572,1.20622,45
2005-06-13 13:28:00,1.20602,1.20602,1.20572,1.20582,47
2005-06-13 13:29:00,1.20572,1.20612,1.20572,1.20612,46
2005-06-13 13:30:00,1.20602,1.20602,1.20572,1.20572,34
2005-06-13 13:31:00,1.20582,1.20602,1.20582,1.20602,35
2005-06-13 13:32:00,1.20582,1.20592,1.20582,1.20582,34
2005-06-13 13:33:00,1.20602,1.20602,1.20582,1.20582,35
2005-06-13 13:34:00,1.20612,1.20612,1.20602,1.20602,21
2005-06-13 13:35:00,1.20612,1.20612,1.20602,1.20612,33
2005-06-13 13:36:00,1.20592,1.20612,1.20582,1.20612,43
2005-06-13 13:37:00,1.20582,1.20592,1.20582,1.20592,27
2005-06-13 13:38:00,1.20592,1.20592,1.20582,1.20582,24
2005-06-13 13:39:00,1.20572,1.20592,1.20572,1.20592,43
2005-06-13 13:40:00,1.20572,1.20582,1.20572,1.20572,35
2005-06-13 13:41:00,1.20552,1.20572,1.20542,1.20572,39
2005-06-13 13:42:00,1.20532,1.20552,1.20522,1.20542,51
2005-06-13 13:43:00,1.20522,1.20532,1.20512,1.20532,48
2005-06-13 13:44:00,1.20532,1.20542,1.20522,1.20522,36
2005-06-13 13:45:00,1.20532,1.20542,1.20522,1.20532,41
2005-06-13 13:46:00,1.20532,1.20552,1.20532,1.20532,36
2005-06-13 13:47:00,1.20552,1.20552,1.20532,1.20542,42
2005-06-13 13:48:00,1.20552,1.20562,1.20552,1.20552,41
2005-06-13 13:49:00,1.20532,1.20552,1.20492,1.20552,41
2005-06-13 13:50:00,1.20552,1.20552,1.20532,1.20532,47
2005-06-13 13:51:00,1.20552,1.20562,1.20552,1.20552,38
2005-06-13 13:52:00,1.20532,1.20552,1.20532,1.20552,38
2005-06-13 13:53:00,1.20532,1.20532,1.20532,1.20532,27
2005-06-13 13:54:00,1.20532,1.20542,1.20522,1.20532,41
2005-06-13 13:55:00,1.20482,1.20532,1.20472,1.20532,41
2005-06-13 13:56:00,1.20482,1.20492,1.20462,1.20482,44
2005-06-13 13:57:00,1.20462,1.20492,1.20452,1.20482,48
2005-06-13 13:58:00,1.20452,1.20462,1.20432,1.20452,41
2005-06-13 13:59:00,1.20442,1.20462,1.20432,1.20452,36
2005-06-13 14:00:00,1.20412,1.20432,1.20392,1.20432,43
2005-06-13 14:01:00,1.20412,1.20422,1.20402,1.20412,45
2005-06-13 14:02:00,1.20422,1.20432,1.20402,1.20402,38
2005-06-13 14:03:00,1.20422,1.20432,1.20412,1.20422,45
2005-06-13 14:04:00,1.20422,1.20422,1.20412,1.20422,35
2005-06-13 14:05:00,1.20432,1.20432,1.20422,1.20422,33
2005-06-13 14:06:00,1.20432,1.20432,1.20422,1.20432,27
2005-06-13 14:07:00,1.20402,1.20432,1.20402,1.20432,34
2005-06-13 14:08:00,1.20412,1.20412,1.20402,1.20402,31
2005-06-13 14:09:00,1.20412,1.20412,1.20392,1.20412,40
2005-06-13 14:10:00,1.20432,1.20432,1.20412,1.20412,41
2005-06-13 14:11:00,1.20442,1.20442,1.20422,1.20432,33
2005-06-13 14:12:00,1.20482,1.20482,1.20432,1.20432,45
2005-06-13 14:13:00,1.20492,1.20492,1.20472,1.20482,40
2005-06-13 14:14:00,1.20462,1.20492,1.20462,1.20492,41
2005-06-13 14:15:00,1.20462,1.20482,1.20462,1.20462,43
2005-06-13 14:16:00,1.20472,1.20472,1.20462,1.20462,32
2005-06-13 14:17:00,1.20472,1.20472,1.20462,1.20472,36
2005-06-13 14:18:00,1.20472,1.20482,1.20472,1.20472,27
2005-06-13 14:19:00,1.20482,1.20492,1.20472,1.20472,32
2005-06-13 14:20:00,1.20472,1.20512,1.20472,1.20482,43
2005-06-13 14:21:00,1.20462,1.20472,1.20462,1.20472,41
2005-06-13 14:22:00,1.20482,1.20482,1.20462,1.20462,34
2005-06-13 14:23:00,1.20482,1.20492,1.20472,1.20482,36
2005-06-13 14:24:00,1.20452,1.20492,1.20452,1.20482,48
2005-06-13 14:25:00,1.20452,1.20472,1.20452,1.20452,42
2005-06-13 14:26:00,1.20472,1.20472,1.20452,1.20452,30
2005-06-13 14:27:00,1.20462,1.20472,1.20462,1.20472,29
2005-06-13 14:28:00,1.20442,1.20462,1.20432,1.20462,25
2005-06-13 14:29:00,1.20442,1.20442,1.20412,1.20442,44
2005-06-13 14:30:00,1.20462,1.20472,1.20442,1.20442,39
2005-06-13 14:31:00,1.20452,1.20462,1.20442,1.20462,40
2005-06-13 14:32:00,1.20432,1.20452,1.20432,1.20452,44
2005-06-13 14:33:00,1.20452,1.20452,1.20432,1.20432,46
2005-06-13 14:34:00,1.20432,1.20452,1.20432,1.20452,44
2005-06-13 14:35:00,1.20442,1.20452,1.20422,1.20432,39
2005-06-13 14:36:00,1.20456,1.20466,1.20442,1.20442,39
2005-06-13 14:37:00,1.20446,1.20456,1.20436,1.20446,47
2005-06-13 14:38:00,1.20396,1.20446,1.20386,1.20446,41
2005-06-13 14:39:00,1.20398,1.20398,1.20356,1.20366,48
2005-06-13 14:40:00,1.20422,1.20422,1.20388,1.20388,43
2005-06-13 14:41:00,1.20412,1.20422,1.20402,1.20422,34
2005-06-13 14:42:00,1.20412,1.20412,1.20402,1.20402,46
2005-06-13 14:43:00,1.20392,1.20412,1.20392,1.20412,34
2005-06-13 14:44:00,1.20322,1.20402,1.20312,1.20392,50
2005-06-13 14:45:00,1.20332,1.20342,1.20322,1.20322,44
2005-06-13 14:46:00,1.20352,1.20362,1.20332,1.20332,40
2005-06-13 14:47:00,1.20352,1.20352,1.20332,1.20352,45
2005-06-13 14:48:00,1.20322,1.20352,1.20292,1.20352,40
2005-06-13 14:49:00,1.20342,1.20342,1.20292,1.20322,44
2005-06-13 14:50:00,1.20342,1.20342,1.20332,1.20342,35
2005-06-13 14:51:00,1.20332,1.20342,1.20332,1.20342,37
2005-06-13 14:52:00,1.20342,1.20362,1.20332,1.20332,50
2005-06-13 14:53:00,1.20362,1.20362,1.20342,1.20342,39
2005-06-13 14:54:00,1.20382,1.20382,1.20362,1.20362,41
2005-06-13 14:55:00,1.20372,1.20392,1.20372,1.20382,43
2005-06-13 14:56:00,1.20392,1.20392,1.20362,1.20372,50
2005-06-13 14:57:00,1.20392,1.20422,1.20392,1.20392,54
2005-06-13 14:58:00,1.20392,1.20412,1.20382,1.20392,37
2005-06-13 14:59:00,1.20372,1.20392,1.20352,1.20392,40
2005-06-13 15:00:00,1.20372,1.20382,1.20372,1.20372,31
2005-06-13 15:01:00,1.20382,1.20392,1.20372,1.20382,39
2005-06-13 15:02:00,1.20382,1.20382,1.20372,1.20382,49
2005-06-13 15:03:00,1.20362,1.20382,1.20362,1.20382,36
2005-06-13 15:04:00,1.20362,1.20372,1.20342,1.20362,45
2005-06-13 15:05:00,1.20366,1.20372,1.20366,1.20372,26
2005-06-13 15:06:00,1.20376,1.20376,1.20366,1.20366,40
2005-06-13 15:07:00,1.20406,1.20416,1.20376,1.20376,33
2005-06-13 15:08:00,1.20416,1.20426,1.20396,1.20406,37
2005-06-13 15:09:00,1.20398,1.20428,1.20398,1.20418,39
2005-06-13 15:10:00,1.20428,1.20428,1.20398,1.20398,49
2005-06-13 15:11:00,1.20418,1.20438,1.20418,1.20428,33
2005-06-13 15:12:00,1.20398,1.20418,1.20388,1.20418,45
2005-06-13 15:13:00,1.20368,1.20418,1.20368,1.20408,45
2005-06-13 15:14:00,1.20392,1.20402,1.20358,1.20368,40
2005-06-13 15:15:00,1.20372,1.20402,1.20372,1.20392,40
2005-06-13 15:16:00,1.20392,1.20392,1.20362,1.20372,37
2005-06-13 15:17:00,1.20402,1.20422,1.20392,1.20392,43
2005-06-13 15:18:00,1.20402,1.20422,1.20402,1.20402,39
2005-06-13 15:19:00,1.20392,1.20412,1.20392,1.20402,32
2005-06-13 15:20:00,1.20372,1.20392,1.20362,1.20392,33
2005-06-13 15:21:00,1.20372,1.20372,1.20362,1.20372,20
2005-06-13 15:22:00,1.20372,1.20372,1.20362,1.20372,34
2005-06-13 15:23:00,1.20372,1.20392,1.20372,1.20382,41
2005-06-13 15:24:00,1.20382,1.20392,1.20362,1.20372,41
2005-06-13 15:25:00,1.20382,1.20392,1.20382,1.20382,32
2005-06-13 15:26:00,1.20362,1.20382,1.20362,1.20382,31
2005-06-13 15:27:00,1.20382,1.20382,1.20362,1.20362,38
2005-06-13 15:28:00,1.20382,1.20392,1.20372,1.20382,34
2005-06-13 15:29:00,1.20372,1.20382,1.20372,1.20382,20
2005-06-13 15:30:00,1.20372,1.20372,1.20352,1.20372,37
2005-06-13 15:31:00,1.20372,1.20382,1.20362,1.20372,40
2005-06-13 15:32:00,1.20382,1.20382,1.20372,1.20382,40
2005-06-13 15:33:00,1.20362,1.20372,1.20342,1.20372,46
2005-06-13 15:34:00,1.20322,1.20362,1.20312,1.20362,47
2005-06-13 15:35:00,1.20302,1.20342,1.20302,1.20322,47
2005-06-13 15:36:00,1.20316,1.20316,1.20296,1.20302,49
2005-06-13 15:37:00,1.20316,1.20336,1.20306,1.20316,49
2005-06-13 15:38:00,1.20326,1.20336,1.20316,1.20326,39
2005-06-13 15:39:00,1.20326,1.20336,1.20316,1.20326,38
2005-06-13 15:40:00,1.20356,1.20356,1.20326,1.20326,39
2005-06-13 15:41:00,1.20358,1.20358,1.20346,1.20356,41
2005-06-13 15:42:00,1.20358,1.20368,1.20348,1.20358,40
2005-06-13 15:43:00,1.20358,1.20368,1.20338,1.20358,45
2005-06-13 15:44:00,1.20368,1.20368,1.20358,1.20358,26
2005-06-13 15:45:00,1.20358,1.20388,1.20358,1.20368,49
2005-06-13 15:46:00,1.20358,1.20368,1.20348,1.20358,46
2005-06-13 15:47:00,1.20338,1.20358,1.20338,1.20358,33
2005-06-13 15:48:00,1.20338,1.20348,1.20328,1.20348,42
2005-06-13 15:49:00,1.20358,1.20358,1.20338,1.20338,40
2005-06-13 15:50:00,1.20378,1.20378,1.20348,1.20348,46
2005-06-13 15:51:00,1.20378,1.20378,1.20378,1.20378,30
2005-06-13 15:52:00,1.20368,1.20378,1.20358,1.20378,26
2005-06-13 15:53:00,1.20358,1.20368,1.20358,1.20358,36
2005-06-13 15:54:00,1.20348,1.20358,1.20348,1.20358,22
2005-06-13 15:55:00,1.20338,1.20348,1.20338,1.20348,27
2005-06-13 15:56:00,1.20358,1.20358,1.20338,1.20338,31
2005-06-13 15:57:00,1.20358,1.20368,1.20348,1.20358,38
2005-06-13 15:58:00,1.20358,1.20368,1.20358,1.20358,26
2005-06-13 15:59:00,1.20358,1.20358,1.20348,1.20358,33
2005-06-13 16:00:00,1.20368,1.20368,1.20348,1.20358,29
2005-06-13 16:01:00,1.20388,1.20388,1.20368,1.20368,40
2005-06-13 16:02:00,1.20408,1.20428,1.20388,1.20388,42
2005-06-13 16:03:00,1.20456,1.20456,1.20408,1.20408,44
2005-06-13 16:04:00,1.20456,1.20456,1.20436,1.20456,46
2005-06-13 16:05:00,1.20438,1.20456,1.20428,1.20456,43
2005-06-13 16:06:00,1.20438,1.20438,1.20428,1.20438,47
2005-06-13 16:07:00,1.20448,1.20448,1.20438,1.20438,27
2005-06-13 16:08:00,1.20448,1.20448,1.20438,1.20448,33
2005-06-13 16:09:00,1.20492,1.20502,1.20448,1.20448,37
2005-06-13 16:10:00,1.20486,1.20492,1.20474,1.20492,38
2005-06-13 16:11:00,1.20536,1.20536,1.20476,1.20486,42
2005-06-13 16:12:00,1.20508,1.20536,1.20508,1.20536,42
2005-06-13 16:13:00,1.20546,1.20556,1.20506,1.20508,50
2005-06-13 16:14:00,1.20586,1.20586,1.20536,1.20546,48
2005-06-13 16:15:00,1.20616,1.20626,1.20586,1.20586,56
2005-06-13 16:16:00,1.20656,1.20666,1.20616,1.20616,44
2005-06-13 16:17:00,1.20656,1.20666,1.20646,1.20666,43
2005-06-13 16:18:00,1.20646,1.20656,1.20646,1.20656,42
2005-06-13 16:19:00,1.20628,1.20636,1.20616,1.20636,44
2005-06-13 16:20:00,1.20638,1.20652,1.20628,1.20628,46
2005-06-13 16:21:00,1.20638,1.20638,1.20628,1.20638,16
2005-06-13 16:22:00,1.20658,1.20658,1.20628,1.20638,39
2005-06-13 16:23:00,1.20668,1.20678,1.20658,1.20658,44
2005-06-13 16:24:00,1.20628,1.20678,1.20628,1.20668,37
2005-06-13 16:25:00,1.20648,1.20648,1.20628,1.20628,39
2005-06-13 16:26:00,1.20678,1.20678,1.20648,1.20648,22
2005-06-13 16:27:00,1.20678,1.20688,1.20668,1.20678,37
2005-06-13 16:28:00,1.20698,1.20698,1.20678,1.20678,39
2005-06-13 16:29:00,1.20738,1.20738,1.20698,1.20698,39
2005-06-13 16:30:00,1.20778,1.20788,1.20738,1.20738,44
2005-06-13 16:31:00,1.20748,1.20778,1.20748,1.20778,34
2005-06-13 16:32:00,1.20738,1.20748,1.20728,1.20748,35
2005-06-13 16:33:00,1.20738,1.20738,1.20728,1.20738,28
2005-06-13 16:34:00,1.20718,1.20748,1.20708,1.20738,33
2005-06-13 16:35:00,1.20698,1.20718,1.20688,1.20718,28
2005-06-13 16:36:00,1.20708,1.20708,1.20688,1.20698,46
2005-06-13 16:37:00,1.20698,1.20708,1.20698,1.20708,19
2005-06-13 16:38:00,1.20698,1.20708,1.20698,1.20708,25
2005-06-13 16:39:00,1.20678,1.20708,1.20668,1.20698,50
2005-06-13 16:40:00,1.20678,1.20688,1.20678,1.20688,39
2005-06-13 16:41:00,1.20668,1.20688,1.20668,1.20678,33
2005-06-13 16:42:00,1.20688,1.20688,1.20668,1.20668,36
2005-06-13 16:43:00,1.20678,1.20688,1.20668,1.20688,33
2005-06-13 16:44:00,1.20688,1.20698,1.20678,1.20688,38
2005-06-13 16:45:00,1.20688,1.20708,1.20688,1.20688,41
2005-06-13 16:46:00,1.20678,1.20688,1.20668,1.20688,44
2005-06-13 16:47:00,1.20668,1.20678,1.20658,1.20678,42
2005-06-13 16:48:00,1.20678,1.20678,1.20668,1.20668,37
2005-06-13 16:49:00,1.20688,1.20688,1.20668,1.20668,34
2005-06-13 16:50:00,1.20688,1.20708,1.20688,1.20688,30
2005-06-13 16:51:00,1.20688,1.20688,1.20678,1.20688,13
2005-06-13 16:52:00,1.20698,1.20708,1.20678,1.20688,32
2005-06-13 16:53:00,1.20698,1.20698,1.20698,1.20698,11
2005-06-13 16:54:00,1.20708,1.20718,1.20688,1.20698,53
2005-06-13 16:55:00,1.20708,1.20718,1.20688,1.20708,39
2005-06-13 16:56:00,1.20688,1.20728,1.20688,1.20708,52
2005-06-13 16:57:00,1.20688,1.20698,1.20688,1.20688,23
2005-06-13 16:58:00,1.20678,1.20688,1.20668,1.20688,31
2005-06-13 16:59:00,1.20678,1.20678,1.20678,1.20678,23
2005-06-13 17:00:00,1.20698,1.20698,1.20678,1.20678,44
2005-06-13 17:01:00,1.20728,1.20738,1.20698,1.20698,53
2005-06-13 17:02:00,1.20728,1.20728,1.20718,1.20728,28
2005-06-13 17:03:00,1.20758,1.20758,1.20728,1.20728,31
2005-06-13 17:04:00,1.20798,1.20798,1.20758,1.20758,47
2005-06-13 17:05:00,1.20848,1.20848,1.20798,1.20798,42
2005-06-13 17:06:00,1.20868,1.20878,1.20848,1.20858,44
2005-06-13 17:07:00,1.20888,1.20888,1.20858,1.20858,38
2005-06-13 17:08:00,1.20878,1.20888,1.20868,1.20888,34
2005-06-13 17:09:00,1.20868,1.20878,1.20858,1.20878,40
2005-06-13 17:10:00,1.20868,1.20878,1.20858,1.20868,43
2005-06-13 17:11:00,1.20928,1.20928,1.20868,1.20868,28
2005-06-13 17:12:00,1.20928,1.20938,1.20898,1.20918,39
2005-06-13 17:13:00,1.20898,1.20928,1.20898,1.20928,41
2005-06-13 17:14:00,1.20868,1.20908,1.20868,1.20908,41
2005-06-13 17:15:00,1.20868,1.20868,1.20858,1.20868,39
2005-06-13 17:16:00,1.20868,1.20868,1.20858,1.20868,27
2005-06-13 17:17:00,1.20858,1.20868,1.20858,1.20868,18
2005-06-13 17:18:00,1.20858,1.20868,1.20848,1.20868,24
2005-06-13 17:19:00,1.20848,1.20868,1.20838,1.20858,44
2005-06-13 17:20:00,1.20838,1.20848,1.20838,1.20848,32
2005-06-13 17:21:00,1.20858,1.20858,1.20848,1.20848,19
2005-06-13 17:22:00,1.20868,1.20868,1.20858,1.20858,34
2005-06-13 17:23:00,1.20868,1.20868,1.20858,1.20868,25
2005-06-13 17:24:00,1.20858,1.20868,1.20848,1.20868,26
2005-06-13 17:25:00,1.20868,1.20868,1.20848,1.20858,27
2005-06-13 17:26:00,1.20878,1.20878,1.20868,1.20868,20
2005-06-13 17:27:00,1.20888,1.20908,1.20878,1.20878,43
2005-06-13 17:28:00,1.20888,1.20888,1.20878,1.20888,24
2005-06-13 17:29:00,1.20888,1.20898,1.20888,1.20888,32
2005-06-13 17:30:00,1.20888,1.20908,1.20888,1.20888,31
2005-06-13 17:31:00,1.20898,1.20898,1.20888,1.20898,43
2005-06-13 17:32:00,1.20928,1.20948,1.20898,1.20898,57
2005-06-13 17:33:00,1.20948,1.20948,1.20928,1.20938,45
2005-06-13 17:34:00,1.20948,1.20958,1.20938,1.20948,53
2005-06-13 17:35:00,1.20938,1.20948,1.20918,1.20948,34
2005-06-13 17:36:00,1.20938,1.20938,1.20928,1.20938,43
2005-06-13 17:37:00,1.20988,1.20988,1.20938,1.20938,41
2005-06-13 17:38:00,1.20978,1.20998,1.20978,1.20978,49
2005-06-13 17:39:00,1.20968,1.20988,1.20968,1.20978,27
2005-06-13 17:40:00,1.20958,1.20968,1.20958,1.20968,29
2005-06-13 17:41:00,1.20958,1.20968,1.20958,1.20958,34
2005-06-13 17:42:00,1.20958,1.20958,1.20948,1.20958,36
2005-06-13 17:43:00,1.20968,1.20968,1.20958,1.20968,37
2005-06-13 17:44:00,1.20968,1.20978,1.20968,1.20968,33
2005-06-13 17:45:00,1.20958,1.20978,1.20958,1.20968,31
2005-06-13 17:46:00,1.20958,1.20968,1.20958,1.20958,26
2005-06-13 17:47:00,1.20928,1.20958,1.20928,1.20958,33
2005-06-13 17:48:00,1.20928,1.20928,1.20908,1.20928,49
2005-06-13 17:49:00,1.20938,1.20948,1.20918,1.20928,45
2005-06-13 17:50:00,1.20928,1.20938,1.20928,1.20938,26
2005-06-13 17:51:00,1.20938,1.20948,1.20928,1.20928,36
2005-06-13 17:52:00,1.20928,1.20938,1.20918,1.20938,40
2005-06-13 17:53:00,1.20928,1.20928,1.20928,1.20928,16
2005-06-13 17:54:00,1.20928,1.20938,1.20918,1.20928,19
2005-06-13 17:55:00,1.20938,1.20938,1.20928,1.20928,33
2005-06-13 17:56:00,1.20958,1.20958,1.20938,1.20938,47
2005-06-13 17:57:00,1.20978,1.20978,1.20958,1.20958,41
2005-06-13 17:58:00,1.21018,1.21018,1.20968,1.20978,47
2005-06-13 17:59:00,1.20998,1.21018,1.20988,1.21018,53
2005-06-13 18:00:00,1.21018,1.21028,1.20998,1.20998,41
2005-06-13 18:01:00,1.20978,1.21018,1.20978,1.21018,51
2005-06-13 18:02:00,1.20938,1.20978,1.20928,1.20978,54
2005-06-13 18:03:00,1.20948,1.20958,1.20938,1.20938,40
2005-06-13 18:04:00,1.20948,1.20958,1.20948,1.20948,39
2005-06-13 18:05:00,1.20948,1.20948,1.20938,1.20938,17
2005-06-13 18:06:00,1.20948,1.20948,1.20938,1.20948,18
2005-06-13 18:07:00,1.20938,1.20958,1.20938,1.20948,31
2005-06-13 18:08:00,1.20888,1.20948,1.20888,1.20938,52
2005-06-13 18:09:00,1.20868,1.20898,1.20858,1.20898,49
2005-06-13 18:10:00,1.20858,1.20868,1.20858,1.20868,34
2005-06-13 18:11:00,1.20878,1.20888,1.20858,1.20868,44
2005-06-13 18:12:00,1.20908,1.20928,1.20878,1.20878,45
2005-06-13 18:13:00,1.20898,1.20908,1.20898,1.20898,31
2005-06-13 18:14:00,1.20898,1.20898,1.20888,1.20898,22
2005-06-13 18:15:00,1.20908,1.20908,1.20888,1.20898,28
2005-06-13 18:16:00,1.20918,1.20918,1.20898,1.20908,24
2005-06-13 18:17:00,1.20908,1.20918,1.20908,1.20918,16
2005-06-13 18:18:00,1.20928,1.20938,1.20918,1.20918,27
2005-06-13 18:19:00,1.20938,1.20938,1.20928,1.20938,30
2005-06-13 18:20:00,1.20938,1.20978,1.20938,1.20938,42
2005-06-13 18:21:00,1.20948,1.20948,1.20938,1.20948,34
2005-06-13 18:22:00,1.20938,1.20948,1.20938,1.20948,12
2005-06-13 18:23:00,1.20938,1.20938,1.20938,1.20938,8
2005-06-13 18:24:00,1.20938,1.20938,1.20928,1.20938,22
2005-06-13 18:25:00,1.20968,1.20968,1.20938,1.20938,22
2005-06-13 18:26:00,1.20958,1.21008,1.20958,1.20968,43
2005-06-13 18:27:00,1.20978,1.20978,1.20958,1.20958,33
2005-06-13 18:28:00,1.20978,1.20978,1.20968,1.20978,18
2005-06-13 18:29:00,1.20978,1.20978,1.20978,1.20978,4
2005-06-13 18:30:00,1.20978,1.20988,1.20958,1.20978,34
2005-06-13 18:31:00,1.20978,1.20978,1.20978,1.20978,8
2005-06-13 18:32:00,1.20988,1.20988,1.20978,1.20978,10
2005-06-13 18:33:00,1.20998,1.20998,1.20978,1.20988,21
2005-06-13 18:34:00,1.21008,1.21038,1.20988,1.20998,56
2005-06-13 18:35:00,1.20988,1.21008,1.20978,1.21008,27
2005-06-13 18:36:00,1.20988,1.20988,1.20978,1.20988,19
2005-06-13 18:37:00,1.20978,1.20978,1.20968,1.20978,24
2005-06-13 18:38:00,1.20968,1.20978,1.20968,1.20968,11
2005-06-13 18:39:00,1.20968,1.20978,1.20958,1.20968,25
2005-06-13 18:40:00,1.20968,1.20978,1.20958,1.20968,18
2005-06-13 18:41:00,1.20948,1.20968,1.20948,1.20968,26
2005-06-13 18:42:00,1.20958,1.20958,1.20948,1.20948,17
2005-06-13 18:43:00,1.20968,1.20968,1.20958,1.20958,18
2005-06-13 18:44:00,1.20978,1.20978,1.20968,1.20968,10
2005-06-13 18:45:00,1.20988,1.20988,1.20978,1.20978,41
2005-06-13 18:46:00,1.20988,1.20988,1.20978,1.20988,34
2005-06-13 18:47:00,1.21008,1.21008,1.20978,1.20988,28
2005-06-13 18:48:00,1.21058,1.21058,1.21008,1.21008,53
2005-06-13 18:49:00,1.21068,1.21078,1.21038,1.21058,57
2005-06-13 18:50:00,1.21068,1.21078,1.21058,1.21068,45
2005-06-13 18:51:00,1.21068,1.21078,1.21058,1.21068,44
2005-06-13 18:52:00,1.21078,1.21078,1.21068,1.21068,15
2005-06-13 18:53:00,1.21068,1.21078,1.21068,1.21078,29
2005-06-13 18:54:00,1.21068,1.21078,1.21058,1.21068,26
2005-06-13 18:55:00,1.21058,1.21068,1.21048,1.21068,42
2005-06-13 18:56:00,1.21068,1.21078,1.21058,1.21058,31
2005-06-13 18:57:00,1.21048,1.21068,1.21028,1.21068,42
2005-06-13 18:58:00,1.21048,1.21058,1.21048,1.21048,21
2005-06-13 18:59:00,1.21068,1.21068,1.21048,1.21048,29
2005-06-13 19:00:00,1.21058,1.21068,1.21048,1.21068,19
2005-06-13 19:01:00,1.21048,1.21058,1.21048,1.21048,16
2005-06-13 19:02:00,1.21038,1.21048,1.21038,1.21048,9
2005-06-13 19:03:00,1.21028,1.21038,1.21028,1.21038,19
2005-06-13 19:04:00,1.21038,1.21038,1.21028,1.21038,24
2005-06-13 19:05:00,1.21038,1.21038,1.21038,1.21038,5
2005-06-13 19:06:00,1.21038,1.21048,1.21028,1.21038,14
2005-06-13 19:07:00,1.21048,1.21048,1.21028,1.21038,18
2005-06-13 19:08:00,1.21048,1.21048,1.21028,1.21038,17
2005-06-13 19:09:00,1.21048,1.21048,1.21038,1.21048,11
2005-06-13 19:10:00,1.21038,1.21048,1.21038,1.21038,9
2005-06-13 19:11:00,1.21048,1.21048,1.21038,1.21048,8
2005-06-13 19:12:00,1.21068,1.21068,1.21048,1.21058,23
2005-06-13 19:13:00,1.21068,1.21078,1.21058,1.21058,10
2005-06-13 19:14:00,1.21078,1.21078,1.21068,1.21068,11
2005-06-13 19:15:00,1.21068,1.21078,1.21058,1.21078,25
2005-06-13 19:16:00,1.21098,1.21098,1.21068,1.21068,18
2005-06-13 19:17:00,1.21098,1.21098,1.21078,1.21078,6
2005-06-13 19:18:00,1.21108,1.21118,1.21088,1.21088,11
2005-06-13 19:19:00,1.21108,1.21118,1.21108,1.21108,4
2005-06-13 19:20:00,1.21098,1.21108,1.21098,1.21098,9
2005-06-13 19:21:00,1.21118,1.21138,1.21088,1.21098,18
2005-06-13 19:22:00,1.21138,1.21148,1.21108,1.21108,23
2005-06-13 19:23:00,1.21128,1.21138,1.21128,1.21138,4
2005-06-13 19:24:00,1.21128,1.21138,1.21118,1.21128,13
2005-06-13 19:25:00,1.21118,1.21128,1.21118,1.21128,3
2005-06-13 19:27:00,1.21118,1.21128,1.21118,1.21128,3
2005-06-13 19:28:00,1.21108,1.21118,1.21108,1.21118,3
2005-06-13 19:29:00,1.21108,1.21118,1.21098,1.21118,15
2005-06-13 19:30:00,1.21118,1.21118,1.21098,1.21098,13
2005-06-13 19:31:00,1.21108,1.21108,1.21108,1.21108,7
2005-06-13 19:32:00,1.21118,1.21118,1.21108,1.21118,6
2005-06-13 19:33:00,1.21118,1.21118,1.21108,1.21118,4
2005-06-13 19:34:00,1.21118,1.21118,1.21108,1.21108,4
2005-06-13 19:35:00,1.21118,1.21128,1.21118,1.21128,7
2005-06-13 19:36:00,1.21108,1.21108,1.21108,1.21108,3
2005-06-13 19:37:00,1.21108,1.21118,1.21108,1.21118,8
2005-06-13 19:38:00,1.21118,1.21118,1.21108,1.21108,8
2005-06-13 19:39:00,1.21128,1.21128,1.21118,1.21128,5
2005-06-13 19:40:00,1.21128,1.21128,1.21118,1.21128,9
2005-06-13 19:41:00,1.21118,1.21128,1.21118,1.21118,6
2005-06-13 19:42:00,1.21108,1.21118,1.21108,1.21118,2
2005-06-13 19:43:00,1.21118,1.21118,1.21118,1.21118,2
2005-06-13 19:44:00,1.21108,1.21118,1.21108,1.21118,5
2005-06-13 19:45:00,1.21108,1.21118,1.21108,1.21118,4
2005-06-13 19:46:00,1.21118,1.21118,1.21108,1.21108,6
2005-06-13 19:47:00,1.21118,1.21118,1.21108,1.21118,7
2005-06-13 19:48:00,1.21128,1.21128,1.21118,1.21118,7
2005-06-13 19:49:00,1.21118,1.21128,1.21118,1.21128,20
2005-06-13 19:50:00,1.21118,1.21128,1.21118,1.21128,21
2005-06-13 19:51:00,1.21118,1.21118,1.21118,1.21118,3
2005-06-13 19:52:00,1.21108,1.21118,1.21108,1.21118,14
2005-06-13 19:53:00,1.21128,1.21128,1.21108,1.21108,29
2005-06-13 19:54:00,1.21118,1.21128,1.21118,1.21128,30
2005-06-13 19:55:00,1.21128,1.21128,1.21118,1.21128,19
2005-06-13 19:56:00,1.21108,1.21128,1.21108,1.21128,20
2005-06-13 19:57:00,1.21108,1.21118,1.21108,1.21108,17
2005-06-13 19:58:00,1.21088,1.21118,1.21088,1.21108,22
2005-06-13 19:59:00,1.21088,1.21088,1.21088,1.21088,32
2005-06-13 20:00:00,1.21088,1.21088,1.21078,1.21088,17
2005-06-13 20:01:00,1.21088,1.21088,1.21088,1.21088,3
2005-06-13 20:02:00,1.21088,1.21098,1.21088,1.21088,4
2005-06-13 20:03:00,1.21108,1.21118,1.21098,1.21108,13
2005-06-13 20:04:00,1.21108,1.21108,1.21108,1.21108,3
2005-06-13 20:05:00,1.21098,1.21108,1.21098,1.21108,4
2005-06-13 20:06:00,1.21098,1.21098,1.21098,1.21098,4
2005-06-13 20:07:00,1.21098,1.21098,1.21098,1.21098,1
2005-06-13 20:08:00,1.21118,1.21118,1.21098,1.21098,5
2005-06-13 20:09:00,1.21118,1.21118,1.21108,1.21118,5
2005-06-13 20:10:00,1.21118,1.21118,1.21108,1.21118,5
2005-06-13 20:11:00,1.21098,1.21118,1.21098,1.21118,9
2005-06-13 20:12:00,1.21108,1.21108,1.21088,1.21088,10
2005-06-13 20:13:00,1.21108,1.21108,1.21108,1.21108,3
2005-06-13 20:14:00,1.21108,1.21108,1.21108,1.21108,3
2005-06-13 20:15:00,1.21108,1.21108,1.21098,1.21098,5
2005-06-13 20:16:00,1.21108,1.21118,1.21108,1.21118,8
2005-06-13 20:17:00,1.21118,1.21118,1.21108,1.21108,3
2005-06-13 20:18:00,1.21108,1.21118,1.21098,1.21118,9
2005-06-13 20:19:00,1.21108,1.21118,1.21108,1.21118,6
2005-06-13 20:20:00,1.21108,1.21108,1.21108,1.21108,4
2005-06-13 20:21:00,1.21098,1.21108,1.21098,1.21108,3
2005-06-13 20:22:00,1.21118,1.21118,1.21098,1.21108,6
2005-06-13 20:23:00,1.21108,1.21118,1.21108,1.21118,5
2005-06-13 20:24:00,1.21108,1.21118,1.21108,1.21108,8
2005-06-13 20:25:00,1.21118,1.21118,1.21108,1.21118,6
2005-06-13 20:26:00,1.21128,1.21128,1.21118,1.21118,5
2005-06-13 20:27:00,1.21128,1.21128,1.21128,1.21128,4
2005-06-13 20:28:00,1.21128,1.21128,1.21128,1.21128,2
2005-06-13 20:29:00,1.21118,1.21128,1.21118,1.21128,7
2005-06-13 20:30:00,1.21118,1.21128,1.21118,1.21128,4
2005-06-13 20:31:00,1.21128,1.21128,1.21118,1.21118,3
2005-06-13 20:32:00,1.21128,1.21128,1.21118,1.21128,8
2005-06-13 20:33:00,1.21118,1.21128,1.21118,1.21128,4
2005-06-13 20:34:00,1.21118,1.21118,1.21108,1.21108,4
2005-06-13 20:35:00,1.21108,1.21108,1.21108,1.21108,3
2005-06-13 20:36:00,1.21108,1.21108,1.21098,1.21108,7
2005-06-13 20:37:00,1.21108,1.21108,1.21108,1.21108,2
2005-06-13 20:38:00,1.21108,1.21108,1.21108,1.21108,5
2005-06-13 20:39:00,1.21108,1.21108,1.21098,1.21108,7
2005-06-13 20:40:00,1.21088,1.21108,1.21088,1.21098,5
2005-06-13 20:41:00,1.21088,1.21098,1.21088,1.21088,10
2005-06-13 20:42:00,1.21088,1.21108,1.21078,1.21088,12
2005-06-13 20:43:00,1.21098,1.21098,1.21088,1.21098,5
2005-06-13 20:44:00,1.21108,1.21108,1.21088,1.21088,7
2005-06-13 20:45:00,1.21108,1.21108,1.21098,1.21098,6
2005-06-13 20:46:00,1.21108,1.21118,1.21108,1.21118,8
2005-06-13 20:47:00,1.21118,1.21118,1.21108,1.21108,3
2005-06-13 20:48:00,1.21108,1.21118,1.21108,1.21118,3
2005-06-13 20:49:00,1.21108,1.21118,1.21098,1.21118,10
2005-06-13 20:50:00,1.21108,1.21108,1.21098,1.21108,12
2005-06-13 20:51:00,1.21098,1.21108,1.21098,1.21108,7
2005-06-13 20:52:00,1.21098,1.21108,1.21088,1.21088,10
2005-06-13 20:53:00,1.21108,1.21108,1.21108,1.21108,3
2005-06-13 20:54:00,1.21118,1.21118,1.21108,1.21108,6
2005-06-13 20:55:00,1.21128,1.21128,1.21108,1.21118,7
2005-06-13 20:56:00,1.21118,1.21128,1.21118,1.21128,14
2005-06-13 20:57:00,1.21108,1.21118,1.21098,1.21118,14
2005-06-13 20:58:00,1.21108,1.21118,1.21098,1.21108,14
2005-06-13 20:59:00,1.21078,1.21118,1.21078,1.21098,20
2005-06-13 21:00:00,1.21098,1.21108,1.21088,1.21098,11
2005-06-13 21:01:00,1.21108,1.21108,1.21108,1.21108,5
2005-06-13 21:02:00,1.21098,1.21108,1.21098,1.21108,4
2005-06-13 21:03:00,1.21118,1.21118,1.21098,1.21098,4
2005-06-13 21:04:00,1.21108,1.21108,1.21108,1.21108,3
2005-06-13 21:05:00,1.21128,1.21128,1.21108,1.21118,10
2005-06-13 21:06:00,1.21118,1.21118,1.21118,1.21118,7
2005-06-13 21:07:00,1.21128,1.21128,1.21118,1.21118,6
2005-06-13 21:08:00,1.21128,1.21128,1.21118,1.21118,6
2005-06-13 21:09:00,1.21128,1.21128,1.21118,1.21118,8
2005-06-13 21:10:00,1.21128,1.21128,1.21128,1.21128,3
2005-06-13 21:11:00,1.21128,1.21128,1.21128,1.21128,2
2005-06-13 21:12:00,1.21128,1.21128,1.21128,1.21128,2
2005-06-13 21:13:00,1.21128,1.21128,1.21128,1.21128,2
2005-06-13 21:14:00,1.21128,1.21128,1.21128,1.21128,2
2005-06-13 21:15:00,1.21138,1.21138,1.21128,1.21128,3
2005-06-13 21:16:00,1.21138,1.21138,1.21128,1.21128,11
2005-06-13 21:17:00,1.21128,1.21138,1.21128,1.21138,4
2005-06-13 21:18:00,1.21138,1.21138,1.21128,1.21128,3
2005-06-13 21:19:00,1.21138,1.21138,1.21138,1.21138,2
2005-06-13 21:20:00,1.21128,1.21138,1.21128,1.21128,5
2005-06-13 21:21:00,1.21138,1.21138,1.21138,1.21138,3
2005-06-13 21:22:00,1.21138,1.21138,1.21128,1.21138,5
2005-06-13 21:23:00,1.21138,1.21138,1.21128,1.21128,12
2005-06-13 21:24:00,1.21148,1.21158,1.21128,1.21138,12
2005-06-13 21:25:00,1.21158,1.21158,1.21148,1.21148,6
2005-06-13 21:26:00,1.21158,1.21158,1.21158,1.21158,4
2005-06-13 21:27:00,1.21138,1.21148,1.21138,1.21148,10
2005-06-13 21:28:00,1.21128,1.21138,1.21128,1.21138,12
2005-06-13 21:29:00,1.21128,1.21148,1.21128,1.21138,14
2005-06-13 21:30:00,1.21118,1.21148,1.21118,1.21148,9
2005-06-13 21:31:00,1.21108,1.21118,1.21108,1.21108,6
2005-06-13 21:32:00,1.21128,1.21128,1.21108,1.21128,17
2005-06-13 21:33:00,1.21128,1.21128,1.21118,1.21118,5
2005-06-13 21:34:00,1.21128,1.21128,1.21128,1.21128,3
2005-06-13 21:35:00,1.21138,1.21138,1.21128,1.21138,7
2005-06-13 21:36:00,1.21148,1.21148,1.21138,1.21148,8
2005-06-13 21:37:00,1.21158,1.21158,1.21148,1.21148,4
2005-06-13 21:38:00,1.21148,1.21158,1.21138,1.21148,13
2005-06-13 21:39:00,1.21158,1.21158,1.21148,1.21148,4
2005-06-13 21:40:00,1.21148,1.21148,1.21148,1.21148,2
2005-06-13 21:41:00,1.21138,1.21158,1.21138,1.21148,6
2005-06-13 21:42:00,1.21148,1.21148,1.21138,1.21138,3
2005-06-13 21:43:00,1.21148,1.21158,1.21148,1.21148,5
2005-06-13 21:44:00,1.21148,1.21158,1.21148,1.21148,6
2005-06-13 21:45:00,1.21168,1.21168,1.21158,1.21158,5
2005-06-13 21:46:00,1.21158,1.21168,1.21158,1.21158,5
2005-06-13 21:47:00,1.21168,1.21168,1.21158,1.21158,5
2005-06-13 21:48:00,1.21168,1.21168,1.21158,1.21158,4
2005-06-13 21:49:00,1.21168,1.21168,1.21158,1.21158,4
2005-06-13 21:50:00,1.21168,1.21168,1.21168,1.21168,3
2005-06-13 21:51:00,1.21168,1.21168,1.21158,1.21158,7
2005-06-13 21:52:00,1.21178,1.21178,1.21178,1.21178,5
2005-06-13 21:53:00,1.21168,1.21168,1.21158,1.21168,8
2005-06-13 21:54:00,1.21158,1.21168,1.21158,1.21168,4
2005-06-13 21:55:00,1.21158,1.21168,1.21158,1.21158,3
2005-06-13 21:56:00,1.21138,1.21158,1.21128,1.21158,9
2005-06-13 21:57:00,1.21128,1.21138,1.21128,1.21138,4
2005-06-13 21:58:00,1.21128,1.21128,1.21118,1.21128,6
2005-06-13 21:59:00,1.21138,1.21138,1.21128,1.21128,3
2005-06-13 22:00:00,1.2113,1.21138,1.21128,1.21138,9
2005-06-13 22:01:00,1.2114,1.2114,1.2113,1.2113,3
2005-06-13 22:02:00,1.2113,1.2114,1.2113,1.2114,7
2005-06-13 22:03:00,1.2113,1.2113,1.2113,1.2113,2
2005-06-13 22:04:00,1.2113,1.2113,1.2113,1.2113,6
2005-06-13 22:05:00,1.2113,1.2113,1.2113,1.2113,2
2005-06-13 22:06:00,1.2113,1.2113,1.2113,1.2113,2
2005-06-13 22:07:00,1.2112,1.2113,1.2112,1.2113,6
2005-06-13 22:08:00,1.2112,1.2112,1.2112,1.2112,1
2005-06-13 22:09:00,1.2113,1.2113,1.2113,1.2113,5
2005-06-13 22:10:00,1.2112,1.2112,1.2111,1.2112,6
2005-06-13 22:11:00,1.2112,1.2112,1.2111,1.2112,4
2005-06-13 22:12:00,1.2112,1.2112,1.2112,1.2112,5
2005-06-13 22:13:00,1.2112,1.2112,1.2112,1.2112,3
2005-06-13 22:14:00,1.2113,1.2113,1.2112,1.2112,3
2005-06-13 22:15:00,1.2113,1.2113,1.2113,1.2113,2
2005-06-13 22:16:00,1.2113,1.2113,1.2113,1.2113,2
2005-06-13 22:17:00,1.2112,1.2113,1.2112,1.2113,3
2005-06-13 22:18:00,1.2113,1.2113,1.2112,1.2112,5
2005-06-13 22:19:00,1.2114,1.2114,1.2113,1.2113,4
2005-06-13 22:20:00,1.2114,1.2115,1.2114,1.2114,7
2005-06-13 22:21:00,1.2114,1.2115,1.2114,1.2114,9
2005-06-13 22:22:00,1.2114,1.2114,1.2114,1.2114,4
2005-06-13 22:23:00,1.2116,1.2116,1.2115,1.2115,5
2005-06-13 22:24:00,1.2115,1.2116,1.2115,1.2115,6
2005-06-13 22:25:00,1.2115,1.2116,1.2115,1.2116,5
2005-06-13 22:26:00,1.2115,1.2115,1.2114,1.2114,5
2005-06-13 22:27:00,1.2115,1.2115,1.2115,1.2115,2
2005-06-13 22:28:00,1.2114,1.2115,1.2114,1.2115,6
2005-06-13 22:29:00,1.2115,1.2115,1.2114,1.2115,6
2005-06-13 22:30:00,1.2115,1.2115,1.2115,1.2115,3
2005-06-13 22:31:00,1.2117,1.2117,1.2116,1.2116,10
2005-06-13 22:32:00,1.2116,1.2116,1.2115,1.2116,10
2005-06-13 22:33:00,1.2116,1.2116,1.2116,1.2116,2
2005-06-13 22:34:00,1.2116,1.2116,1.2116,1.2116,4
2005-06-13 22:35:00,1.2115,1.2115,1.2115,1.2115,3
2005-06-13 22:36:00,1.2116,1.2116,1.2115,1.2115,8
2005-06-13 22:37:00,1.2116,1.2116,1.2116,1.2116,2
2005-06-13 22:38:00,1.2116,1.2116,1.2116,1.2116,3
2005-06-13 22:39:00,1.2116,1.2116,1.2116,1.2116,3
2005-06-13 22:40:00,1.2116,1.2116,1.2116,1.2116,2
2005-06-13 22:41:00,1.2116,1.2116,1.2116,1.2116,1
2005-06-13 22:42:00,1.2116,1.2116,1.2116,1.2116,1
2005-06-13 22:43:00,1.2116,1.2116,1.2116,1.2116,2
2005-06-13 22:44:00,1.2115,1.2116,1.2115,1.2116,7
2005-06-13 22:45:00,1.2116,1.2116,1.2115,1.2115,3
2005-06-13 22:46:00,1.2116,1.2116,1.2116,1.2116,2
2005-06-13 22:47:00,1.2117,1.2117,1.2116,1.2116,10
2005-06-13 22:48:00,1.2117,1.2117,1.2116,1.2116,8
2005-06-13 22:49:00,1.2117,1.2117,1.2117,1.2117,2
2005-06-13 22:50:00,1.2117,1.2117,1.2117,1.2117,2
2005-06-13 22:51:00,1.2117,1.2117,1.2117,1.2117,2
2005-06-13 22:52:00,1.2117,1.2117,1.2117,1.2117,2
2005-06-13 22:53:00,1.2116,1.2117,1.2116,1.2116,8
2005-06-13 22:54:00,1.2116,1.2116,1.2116,1.2116,4
2005-06-13 22:55:00,1.2116,1.2116,1.2116,1.2116,2
2005-06-13 22:56:00,1.2116,1.2116,1.2115,1.2116,8
2005-06-13 22:57:00,1.2116,1.2116,1.2116,1.2116,1
2005-06-13 22:58:00,1.2116,1.2116,1.2116,1.2116,2
2005-06-13 22:59:00,1.2116,1.2116,1.2115,1.2116,4
2005-06-13 23:00:00,1.2116,1.2116,1.2115,1.2116,10
2005-06-13 23:01:00,1.2116,1.2116,1.2116,1.2116,4
2005-06-13 23:02:00,1.2116,1.2116,1.2116,1.2116,3
2005-06-13 23:03:00,1.2116,1.2116,1.2115,1.2116,4
2005-06-13 23:04:00,1.2116,1.2116,1.2115,1.2116,10
2005-06-13 23:05:00,1.2114,1.2116,1.2114,1.2116,13
2005-06-13 23:06:00,1.2114,1.2115,1.2114,1.2114,4
2005-06-13 23:07:00,1.2114,1.2115,1.2114,1.2114,5
2005-06-13 23:08:00,1.2115,1.2115,1.2114,1.2114,3
2005-06-13 23:09:00,1.2115,1.2116,1.2114,1.2115,13
2005-06-13 23:10:00,1.2115,1.2116,1.2114,1.2114,14
2005-06-13 23:11:00,1.2115,1.2115,1.2115,1.2115,2
2005-06-13 23:12:00,1.2115,1.2116,1.2115,1.2116,6
2005-06-13 23:13:00,1.2114,1.2114,1.2114,1.2114,2
2005-06-13 23:14:00,1.2114,1.2115,1.2114,1.2114,9
2005-06-13 23:15:00,1.2114,1.2114,1.2114,1.2114,2
2005-06-13 23:16:00,1.2115,1.2115,1.2114,1.2114,4
2005-06-13 23:17:00,1.211,1.2114,1.211,1.2112,19
2005-06-13 23:18:00,1.2109,1.2111,1.2108,1.2111,13
2005-06-13 23:19:00,1.2108,1.211,1.2108,1.2108,15
2005-06-13 23:20:00,1.2107,1.2109,1.2107,1.2108,8
2005-06-13 23:21:00,1.2107,1.2107,1.2107,1.2107,2
2005-06-13 23:22:00,1.2107,1.2107,1.2107,1.2107,2
2005-06-13 23:23:00,1.2107,1.2107,1.2107,1.2107,2
2005-06-13 23:24:00,1.2107,1.2108,1.2107,1.2108,6
2005-06-13 23:25:00,1.2107,1.2107,1.2107,1.2107,4
2005-06-13 23:26:00,1.2107,1.2107,1.2107,1.2107,4
2005-06-13 23:27:00,1.2107,1.2108,1.2107,1.2107,6
2005-06-13 23:28:00,1.2107,1.2109,1.2107,1.2108,12
2005-06-13 23:29:00,1.2107,1.2107,1.2107,1.2107,2
2005-06-13 23:30:00,1.2108,1.2108,1.2107,1.2107,3
2005-06-13 23:31:00,1.2105,1.2108,1.2105,1.2107,9
2005-06-13 23:32:00,1.2106,1.2107,1.2104,1.2105,18
2005-06-13 23:33:00,1.2106,1.2107,1.2106,1.2106,10
2005-06-13 23:34:00,1.2107,1.2107,1.2106,1.2106,10
2005-06-13 23:35:00,1.2107,1.2108,1.2107,1.2107,7
2005-06-13 23:36:00,1.2107,1.2108,1.2107,1.2108,8
2005-06-13 23:37:00,1.2107,1.2108,1.2106,1.2107,9
2005-06-13 23:38:00,1.2107,1.2107,1.2107,1.2107,2
2005-06-13 23:39:00,1.2108,1.2109,1.2107,1.2107,11
2005-06-13 23:40:00,1.211,1.211,1.2108,1.2109,13
2005-06-13 23:41:00,1.2111,1.2112,1.2109,1.2109,16
2005-06-13 23:42:00,1.2112,1.2112,1.2111,1.2112,10
2005-06-13 23:43:00,1.2112,1.2112,1.2111,1.2111,4
2005-06-13 23:44:00,1.2112,1.2113,1.2112,1.2112,4
2005-06-13 23:45:00,1.2113,1.2113,1.2111,1.2112,6
2005-06-13 23:46:00,1.2112,1.2115,1.2112,1.2113,13
2005-06-13 23:47:00,1.2113,1.2113,1.2112,1.2112,7
2005-06-13 23:48:00,1.2112,1.2113,1.2112,1.2113,14
2005-06-13 23:49:00,1.2111,1.2112,1.211,1.2112,12
2005-06-13 23:50:00,1.211,1.211,1.211,1.211,5
2005-06-13 23:51:00,1.211,1.2112,1.211,1.2111,13
2005-06-13 23:52:00,1.211,1.211,1.2108,1.211,18
2005-06-13 23:53:00,1.2109,1.211,1.2108,1.2109,12
2005-06-13 23:54:00,1.211,1.2111,1.211,1.211,10
2005-06-13 23:55:00,1.2109,1.211,1.2109,1.211,5
2005-06-13 23:56:00,1.2105,1.2109,1.2105,1.2109,22
2005-06-13 23:57:00,1.2105,1.2106,1.2103,1.2106,23
2005-06-13 23:58:00,1.2104,1.2106,1.2104,1.2106,16
2005-06-13 23:59:00,1.2104,1.2105,1.2103,1.2103,16
2005-06-14 00:00:00,1.2106,1.2106,1.2104,1.2105,12
2005-06-14 00:01:00,1.2105,1.2107,1.2105,1.2107,14
2005-06-14 00:02:00,1.2107,1.2107,1.2105,1.2105,11
2005-06-14 00:03:00,1.2106,1.2107,1.2106,1.2107,5
2005-06-14 00:04:00,1.2107,1.2107,1.2106,1.2107,5
2005-06-14 00:05:00,1.2107,1.2107,1.2106,1.2107,11
2005-06-14 00:06:00,1.211,1.211,1.2107,1.2107,7
2005-06-14 00:07:00,1.2109,1.211,1.2108,1.2109,13
2005-06-14 00:08:00,1.2111,1.2112,1.211,1.211,11
2005-06-14 00:09:00,1.2111,1.2112,1.2111,1.2112,14
2005-06-14 00:10:00,1.2111,1.2112,1.2111,1.2111,8
2005-06-14 00:11:00,1.2112,1.2112,1.2111,1.2112,8
2005-06-14 00:12:00,1.2116,1.2116,1.2113,1.2113,16
2005-06-14 00:13:00,1.2121,1.2122,1.2116,1.2117,21
2005-06-14 00:14:00,1.2122,1.2123,1.2121,1.2122,17
2005-06-14 00:15:00,1.2124,1.2125,1.2122,1.2123,26
2005-06-14 00:16:00,1.2124,1.2125,1.2123,1.2123,22
2005-06-14 00:17:00,1.2124,1.2125,1.2121,1.2124,21
2005-06-14 00:18:00,1.2124,1.2124,1.2123,1.2124,9
2005-06-14 00:19:00,1.2126,1.2126,1.2124,1.2124,11
2005-06-14 00:20:00,1.2126,1.2128,1.2126,1.2126,16
2005-06-14 00:21:00,1.213,1.2132,1.2128,1.2128,18
2005-06-14 00:22:00,1.2131,1.2131,1.2129,1.2129,13
2005-06-14 00:23:00,1.2128,1.2131,1.2128,1.213,16
2005-06-14 00:24:00,1.2125,1.2128,1.2125,1.2128,18
2005-06-14 00:25:00,1.2125,1.2126,1.2125,1.2126,10
2005-06-14 00:26:00,1.2127,1.2128,1.2125,1.2125,14
2005-06-14 00:27:00,1.2127,1.2128,1.2126,1.2128,7
2005-06-14 00:28:00,1.21286,1.21296,1.21266,1.2127,24
2005-06-14 00:29:00,1.21276,1.21296,1.21266,1.21296,19
2005-06-14 00:30:00,1.21256,1.21276,1.21256,1.21266,9
2005-06-14 00:31:00,1.21286,1.21286,1.21256,1.21256,8
2005-06-14 00:32:00,1.21276,1.21286,1.21276,1.21286,22
2005-06-14 00:33:00,1.21276,1.21286,1.21266,1.21266,18
2005-06-14 00:34:00,1.21276,1.21286,1.21276,1.21276,6
2005-06-14 00:35:00,1.2129,1.2129,1.21276,1.21276,10
2005-06-14 00:36:00,1.213,1.213,1.2128,1.2129,14
2005-06-14 00:37:00,1.2132,1.2132,1.213,1.213,16
2005-06-14 00:38:00,1.2132,1.2133,1.2131,1.2132,14
2005-06-14 00:39:00,1.2133,1.2133,1.2131,1.2132,10
2005-06-14 00:40:00,1.2134,1.2134,1.2132,1.2132,5
2005-06-14 00:41:00,1.2146,1.2146,1.2135,1.2135,38
2005-06-14 00:42:00,1.21406,1.2147,1.21406,1.2147,16
2005-06-14 00:43:00,1.21446,1.21446,1.21396,1.21396,23
2005-06-14 00:44:00,1.21396,1.21446,1.21386,1.21436,18
2005-06-14 00:45:00,1.21406,1.21416,1.21396,1.21406,20
2005-06-14 00:46:00,1.21386,1.21416,1.21386,1.21416,11
2005-06-14 00:47:00,1.21396,1.21406,1.21376,1.21386,21
2005-06-14 00:48:00,1.214,1.21416,1.21396,1.21396,17
2005-06-14 00:49:00,1.2141,1.2142,1.214,1.214,20
2005-06-14 00:50:00,1.2141,1.2142,1.214,1.2141,12
2005-06-14 00:51:00,1.2143,1.2144,1.2141,1.2142,26
2005-06-14 00:52:00,1.2145,1.2146,1.2143,1.2144,21
2005-06-14 00:53:00,1.21456,1.21456,1.2143,1.2145,19
2005-06-14 00:54:00,1.21426,1.21456,1.21406,1.21446,21
2005-06-14 00:55:00,1.21396,1.21436,1.21396,1.21416,24
2005-06-14 00:56:00,1.21426,1.21436,1.21396,1.21406,16
2005-06-14 00:57:00,1.21466,1.21476,1.21436,1.21436,16
2005-06-14 00:58:00,1.21456,1.21476,1.21456,1.21476,16
2005-06-14 00:59:00,1.21476,1.21486,1.21456,1.21466,22
2005-06-14 01:00:00,1.21436,1.21476,1.21436,1.21476,12
2005-06-14 01:01:00,1.21426,1.21436,1.21416,1.21426,23
2005-06-14 01:02:00,1.21416,1.21436,1.21416,1.21426,6
2005-06-14 01:03:00,1.21376,1.21426,1.21366,1.21426,23
2005-06-14 01:04:00,1.21396,1.21406,1.21376,1.21376,21
2005-06-14 01:05:00,1.21396,1.21406,1.21386,1.21396,14
2005-06-14 01:06:00,1.21416,1.21426,1.21386,1.21396,18
2005-06-14 01:07:00,1.21396,1.21416,1.21396,1.21416,11
2005-06-14 01:08:00,1.21366,1.21396,1.21366,1.21396,7
2005-06-14 01:09:00,1.21396,1.21396,1.21366,1.21366,13
2005-06-14 01:10:00,1.214,1.214,1.2139,1.21396,6
2005-06-14 01:11:00,1.2141,1.2141,1.214,1.214,13
2005-06-14 01:12:00,1.2143,1.2143,1.2142,1.2142,6
2005-06-14 01:13:00,1.2142,1.2143,1.2141,1.2143,8
2005-06-14 01:14:00,1.2145,1.2146,1.2142,1.2142,18
2005-06-14 01:15:00,1.2145,1.2146,1.2144,1.2144,14
2005-06-14 01:16:00,1.2146,1.2147,1.2145,1.2145,8
2005-06-14 01:17:00,1.21456,1.2146,1.2144,1.2146,16
2005-06-14 01:18:00,1.21446,1.21456,1.21446,1.21456,6
2005-06-14 01:19:00,1.21436,1.21446,1.21436,1.21446,11
2005-06-14 01:20:00,1.21446,1.21446,1.21436,1.21436,10
2005-06-14 01:21:00,1.21446,1.21456,1.21426,1.21436,14
2005-06-14 01:22:00,1.21456,1.21456,1.21446,1.21456,13
2005-06-14 01:23:00,1.21446,1.21456,1.21436,1.21456,11
2005-06-14 01:24:00,1.21426,1.21446,1.21416,1.21436,26
2005-06-14 01:25:00,1.21416,1.21436,1.21416,1.21426,9
2005-06-14 01:26:00,1.21426,1.21426,1.21416,1.21416,10
2005-06-14 01:27:00,1.21436,1.21446,1.21436,1.21436,11
2005-06-14 01:28:00,1.21436,1.21446,1.21436,1.21446,8
2005-06-14 01:29:00,1.21446,1.21446,1.21436,1.21446,6
2005-06-14 01:30:00,1.21446,1.21446,1.21436,1.21446,8
2005-06-14 01:31:00,1.21436,1.21446,1.21426,1.21436,14
2005-06-14 01:32:00,1.21426,1.21436,1.21416,1.21436,13
2005-06-14 01:33:00,1.21426,1.21436,1.21426,1.21426,8
2005-06-14 01:34:00,1.21426,1.21426,1.21426,1.21426,5
2005-06-14 01:35:00,1.21436,1.21436,1.21426,1.21426,6
2005-06-14 01:36:00,1.21446,1.21446,1.21436,1.21436,7
2005-06-14 01:37:00,1.21456,1.21456,1.21446,1.21446,5
2005-06-14 01:38:00,1.21446,1.21456,1.21446,1.21446,9
2005-06-14 01:39:00,1.21496,1.21496,1.21446,1.21446,14
2005-06-14 01:40:00,1.21456,1.21486,1.21456,1.21486,13
2005-06-14 01:41:00,1.21476,1.21486,1.21466,1.21466,11
2005-06-14 01:42:00,1.21456,1.21476,1.21456,1.21476,12
2005-06-14 01:43:00,1.21426,1.21456,1.21426,1.21456,15
2005-06-14 01:44:00,1.21416,1.21426,1.21406,1.21426,14
2005-06-14 01:45:00,1.21436,1.21436,1.21406,1.21406,18
2005-06-14 01:46:00,1.21436,1.21436,1.21426,1.21426,11
2005-06-14 01:47:00,1.21436,1.21436,1.21426,1.21436,5
2005-06-14 01:48:00,1.21416,1.21426,1.21416,1.21416,7
2005-06-14 01:49:00,1.21376,1.21416,1.21376,1.21416,15
2005-06-14 01:50:00,1.21386,1.21386,1.21376,1.21376,9
2005-06-14 01:51:00,1.21376,1.21386,1.21376,1.21376,14
2005-06-14 01:52:00,1.21366,1.21376,1.21366,1.21376,7
2005-06-14 01:53:00,1.21346,1.21366,1.21336,1.21366,12
2005-06-14 01:54:00,1.21346,1.21356,1.21336,1.21336,15
2005-06-14 01:55:00,1.21326,1.21346,1.21326,1.21346,8
2005-06-14 01:56:00,1.2134,1.21346,1.21326,1.21326,12
2005-06-14 01:57:00,1.2134,1.2135,1.2134,1.2135,10
2005-06-14 01:58:00,1.2134,1.2134,1.2134,1.2134,5
2005-06-14 01:59:00,1.2135,1.2135,1.2134,1.2134,6
2005-06-14 02:00:00,1.2134,1.2135,1.2134,1.2134,6
2005-06-14 02:01:00,1.2132,1.2133,1.2132,1.2133,9
2005-06-14 02:02:00,1.213,1.2133,1.2129,1.2132,19
2005-06-14 02:03:00,1.2129,1.2131,1.2129,1.2131,15
2005-06-14 02:04:00,1.2129,1.213,1.2129,1.2129,20
2005-06-14 02:05:00,1.2128,1.2129,1.2128,1.2129,5
2005-06-14 02:06:00,1.2128,1.2128,1.2127,1.2128,10
2005-06-14 02:07:00,1.2128,1.2129,1.2127,1.2128,13
2005-06-14 02:08:00,1.2125,1.2128,1.2124,1.2128,16
2005-06-14 02:09:00,1.2126,1.2126,1.2125,1.2125,8
2005-06-14 02:10:00,1.2126,1.2127,1.2125,1.2125,11
2005-06-14 02:11:00,1.2127,1.2128,1.2126,1.2126,13
2005-06-14 02:12:00,1.2126,1.2127,1.2126,1.2126,12
2005-06-14 02:13:00,1.2125,1.2127,1.2124,1.2126,9
2005-06-14 02:14:00,1.2124,1.2127,1.2124,1.2125,17
2005-06-14 02:15:00,1.2124,1.2125,1.2123,1.2125,11
2005-06-14 02:16:00,1.2122,1.2124,1.2121,1.2123,16
2005-06-14 02:17:00,1.2124,1.2124,1.2122,1.2122,9
2005-06-14 02:18:00,1.2124,1.2124,1.2124,1.2124,2
2005-06-14 02:19:00,1.2123,1.2124,1.2123,1.2124,5
2005-06-14 02:20:00,1.2123,1.2123,1.2123,1.2123,3
2005-06-14 02:21:00,1.2122,1.2123,1.2122,1.2122,6
2005-06-14 02:22:00,1.2122,1.2123,1.2122,1.2122,5
2005-06-14 02:23:00,1.2122,1.2123,1.2122,1.2123,6
2005-06-14 02:24:00,1.2122,1.2122,1.2122,1.2122,2
2005-06-14 02:25:00,1.2122,1.2122,1.2121,1.2122,6
2005-06-14 02:26:00,1.2122,1.2123,1.2121,1.2123,9
2005-06-14 02:27:00,1.2123,1.2123,1.2122,1.2122,8
2005-06-14 02:28:00,1.2123,1.2124,1.2122,1.2122,9
2005-06-14 02:29:00,1.2124,1.2124,1.2123,1.2124,8
2005-06-14 02:30:00,1.2124,1.2124,1.2123,1.2123,5
2005-06-14 02:31:00,1.2124,1.2125,1.2124,1.2124,6
2005-06-14 02:32:00,1.2123,1.2124,1.2123,1.2124,3
2005-06-14 02:33:00,1.2124,1.2124,1.2124,1.2124,3
2005-06-14 02:34:00,1.2124,1.2124,1.2124,1.2124,1
2005-06-14 02:35:00,1.2125,1.2125,1.2124,1.2124,3
2005-06-14 02:36:00,1.2125,1.2125,1.2125,1.2125,2
2005-06-14 02:37:00,1.2125,1.2126,1.2125,1.2125,11
2005-06-14 02:38:00,1.2124,1.2125,1.2123,1.2125,10
2005-06-14 02:39:00,1.2123,1.2124,1.2121,1.2124,8
2005-06-14 02:40:00,1.2123,1.2124,1.2122,1.2123,11
2005-06-14 02:41:00,1.2124,1.2124,1.2123,1.2124,8
2005-06-14 02:42:00,1.2125,1.2125,1.2124,1.2124,4
2005-06-14 02:43:00,1.2123,1.2124,1.2122,1.2124,9
2005-06-14 02:44:00,1.2123,1.2124,1.2123,1.2123,8
2005-06-14 02:45:00,1.2123,1.2124,1.2123,1.2123,9
2005-06-14 02:46:00,1.2123,1.2123,1.2123,1.2123,3
2005-06-14 02:47:00,1.2123,1.2123,1.2123,1.2123,5
2005-06-14 02:48:00,1.2124,1.2124,1.2123,1.2124,5
2005-06-14 02:49:00,1.2125,1.2125,1.2123,1.2124,5
2005-06-14 02:50:00,1.2125,1.2126,1.2124,1.2125,10
2005-06-14 02:51:00,1.2126,1.2126,1.2125,1.2125,5
2005-06-14 02:52:00,1.2123,1.2126,1.2123,1.2126,9
2005-06-14 02:53:00,1.2124,1.2125,1.2124,1.2124,5
2005-06-14 02:54:00,1.2127,1.2127,1.2125,1.2125,10
2005-06-14 02:55:00,1.2126,1.2126,1.2125,1.2126,6
2005-06-14 02:56:00,1.2127,1.2127,1.2126,1.2126,4
2005-06-14 02:57:00,1.2127,1.2127,1.2126,1.2127,6
2005-06-14 02:58:00,1.2128,1.2128,1.2127,1.2127,4
2005-06-14 02:59:00,1.2127,1.2128,1.2126,1.2128,5
2005-06-14 03:00:00,1.2127,1.2127,1.2127,1.2127,2
2005-06-14 03:01:00,1.2126,1.2126,1.2125,1.2126,6
2005-06-14 03:02:00,1.2127,1.2127,1.2126,1.2126,6
2005-06-14 03:03:00,1.2127,1.2127,1.2127,1.2127,6
2005-06-14 03:04:00,1.2127,1.2128,1.2127,1.2127,4
2005-06-14 03:05:00,1.2127,1.2127,1.2127,1.2127,1
2005-06-14 03:06:00,1.2127,1.2127,1.2127,1.2127,3
2005-06-14 03:07:00,1.2126,1.2127,1.2126,1.2127,6
2005-06-14 03:08:00,1.2126,1.2126,1.2126,1.2126,3
2005-06-14 03:09:00,1.2126,1.2126,1.2126,1.2126,3
2005-06-14 03:10:00,1.2126,1.2126,1.2126,1.2126,7
2005-06-14 03:11:00,1.2126,1.2126,1.2126,1.2126,2
2005-06-14 03:12:00,1.2126,1.2126,1.2126,1.2126,3
2005-06-14 03:13:00,1.2126,1.2126,1.2126,1.2126,2
2005-06-14 03:14:00,1.2126,1.2126,1.2126,1.2126,3
2005-06-14 03:15:00,1.2126,1.2126,1.2126,1.2126,4
2005-06-14 03:16:00,1.2126,1.2127,1.2126,1.2126,8
2005-06-14 03:17:00,1.2127,1.2127,1.2127,1.2127,6
2005-06-14 03:18:00,1.2128,1.2128,1.2128,1.2128,6
2005-06-14 03:19:00,1.2128,1.2128,1.2128,1.2128,5
2005-06-14 03:20:00,1.2127,1.2128,1.2127,1.2127,10
2005-06-14 03:21:00,1.2127,1.2128,1.2127,1.2127,12
2005-06-14 03:22:00,1.2127,1.2128,1.2127,1.2127,7
2005-06-14 03:23:00,1.2126,1.2127,1.2126,1.2127,6
2005-06-14 03:24:00,1.2126,1.2126,1.2126,1.2126,3
2005-06-14 03:25:00,1.2126,1.2126,1.2126,1.2126,4
2005-06-14 03:26:00,1.2126,1.2127,1.2126,1.2126,8
2005-06-14 03:27:00,1.2127,1.2127,1.2126,1.2126,8
2005-06-14 03:28:00,1.2126,1.2127,1.2126,1.2126,8
2005-06-14 03:29:00,1.2126,1.2127,1.2126,1.2126,13
2005-06-14 03:30:00,1.2126,1.2126,1.2126,1.2126,4
2005-06-14 03:31:00,1.2127,1.2127,1.2126,1.2126,5
2005-06-14 03:32:00,1.2126,1.2127,1.2125,1.2127,10
2005-06-14 03:33:00,1.2127,1.2127,1.2126,1.2126,5
2005-06-14 03:34:00,1.2127,1.2127,1.2127,1.2127,3
2005-06-14 03:35:00,1.2127,1.2127,1.2127,1.2127,2
2005-06-14 03:36:00,1.2127,1.2127,1.2127,1.2127,1
2005-06-14 03:37:00,1.2126,1.2127,1.2126,1.2127,5
2005-06-14 03:38:00,1.2127,1.2127,1.2126,1.2126,5
2005-06-14 03:39:00,1.2126,1.2127,1.2126,1.2127,3
2005-06-14 03:40:00,1.2127,1.2127,1.2126,1.2126,3
2005-06-14 03:41:00,1.2127,1.2127,1.2127,1.2127,2
2005-06-14 03:42:00,1.2127,1.2127,1.2126,1.2127,4
2005-06-14 03:43:00,1.2126,1.2127,1.2126,1.2127,3
2005-06-14 03:44:00,1.2127,1.2127,1.2126,1.2126,5
2005-06-14 03:45:00,1.2127,1.2128,1.2127,1.2127,6
2005-06-14 03:46:00,1.2127,1.2127,1.2126,1.2127,4
2005-06-14 03:47:00,1.2128,1.2128,1.2128,1.2128,4
2005-06-14 03:48:00,1.213,1.213,1.2128,1.2128,13
2005-06-14 03:49:00,1.2131,1.2131,1.2129,1.2129,12
2005-06-14 03:50:00,1.2131,1.2131,1.2129,1.2131,7
2005-06-14 03:51:00,1.2133,1.2133,1.2131,1.2131,6
2005-06-14 03:52:00,1.2134,1.2134,1.2133,1.2133,7
2005-06-14 03:53:00,1.2135,1.2137,1.2134,1.2134,13
2005-06-14 03:54:00,1.2134,1.2135,1.2134,1.2135,7
2005-06-14 03:55:00,1.2134,1.2134,1.2134,1.2134,4
2005-06-14 03:56:00,1.2134,1.2134,1.2134,1.2134,3
2005-06-14 03:57:00,1.2134,1.2134,1.2134,1.2134,2
2005-06-14 03:58:00,1.2132,1.2134,1.2132,1.2134,6
2005-06-14 03:59:00,1.2133,1.2133,1.2133,1.2133,6
2005-06-14 04:00:00,1.2132,1.2133,1.2132,1.2133,7
2005-06-14 04:01:00,1.2132,1.2132,1.2132,1.2132,2
2005-06-14 04:02:00,1.2134,1.2134,1.2131,1.2131,7
2005-06-14 04:03:00,1.2135,1.2135,1.2134,1.2134,8
2005-06-14 04:04:00,1.2139,1.2139,1.2135,1.2136,12
2005-06-14 04:05:00,1.2138,1.2139,1.2138,1.2138,9
2005-06-14 04:06:00,1.2138,1.2138,1.2138,1.2138,2
2005-06-14 04:07:00,1.2137,1.2138,1.2137,1.2137,5
2005-06-14 04:08:00,1.2136,1.2137,1.2136,1.2137,8
2005-06-14 04:09:00,1.2139,1.2139,1.2136,1.2136,11
2005-06-14 04:10:00,1.2139,1.2139,1.2139,1.2139,3
2005-06-14 04:11:00,1.214,1.214,1.2139,1.2139,9
2005-06-14 04:12:00,1.2139,1.2139,1.2138,1.2139,9
2005-06-14 04:13:00,1.21386,1.21386,1.21376,1.2138,6
2005-06-14 04:14:00,1.21382,1.21386,1.21382,1.21386,3
2005-06-14 04:15:00,1.21372,1.21382,1.21372,1.21382,10
2005-06-14 04:16:00,1.21376,1.21376,1.21366,1.2137,7
2005-06-14 04:17:00,1.21376,1.21376,1.21376,1.21376,2
2005-06-14 04:18:00,1.21396,1.21396,1.21376,1.21376,5
2005-06-14 04:19:00,1.214,1.214,1.2139,1.21396,6
2005-06-14 04:20:00,1.2138,1.214,1.2138,1.214,10
2005-06-14 04:21:00,1.2136,1.2138,1.2136,1.2138,11
2005-06-14 04:22:00,1.2136,1.2136,1.2136,1.2136,5
2005-06-14 04:23:00,1.2137,1.2137,1.2136,1.2136,3
2005-06-14 04:24:00,1.2138,1.2138,1.2136,1.2137,9
2005-06-14 04:25:00,1.2138,1.2138,1.2138,1.2138,2
2005-06-14 04:26:00,1.2138,1.2138,1.2138,1.2138,2
2005-06-14 04:27:00,1.2137,1.2138,1.2137,1.2138,4
2005-06-14 04:28:00,1.2137,1.2137,1.2137,1.2137,2
2005-06-14 04:29:00,1.2138,1.2138,1.2137,1.2137,3
2005-06-14 04:30:00,1.2138,1.2138,1.2138,1.2138,2
2005-06-14 04:31:00,1.2138,1.2138,1.2138,1.2138,2
2005-06-14 04:32:00,1.2138,1.2139,1.2138,1.2138,5
2005-06-14 04:33:00,1.2138,1.2139,1.2138,1.2138,5
2005-06-14 04:34:00,1.2138,1.2138,1.2137,1.2138,6
2005-06-14 04:35:00,1.2138,1.2138,1.2137,1.2138,6
2005-06-14 04:36:00,1.2137,1.2138,1.2137,1.2138,9
2005-06-14 04:37:00,1.2137,1.2138,1.2137,1.2138,7
2005-06-14 04:38:00,1.2135,1.2137,1.2135,1.2137,6
2005-06-14 04:39:00,1.2135,1.2135,1.2135,1.2135,4
2005-06-14 04:40:00,1.2133,1.2135,1.2132,1.2135,10
2005-06-14 04:41:00,1.2129,1.2134,1.2128,1.2134,16
2005-06-14 04:42:00,1.2128,1.2128,1.2128,1.2128,4
2005-06-14 04:43:00,1.2127,1.2128,1.2127,1.2127,8
2005-06-14 04:44:00,1.2128,1.2128,1.2127,1.2127,4
2005-06-14 04:45:00,1.2127,1.2128,1.2127,1.2127,10
2005-06-14 04:46:00,1.2127,1.2128,1.2127,1.2127,7
2005-06-14 04:47:00,1.2128,1.2128,1.2127,1.2128,9
2005-06-14 04:48:00,1.2125,1.2128,1.2124,1.2128,12
2005-06-14 04:49:00,1.2124,1.2125,1.2123,1.2124,12
2005-06-14 04:50:00,1.2124,1.2125,1.2124,1.2124,9
2005-06-14 04:51:00,1.2124,1.2124,1.2123,1.2124,6
2005-06-14 04:52:00,1.2122,1.2124,1.2122,1.2124,6
2005-06-14 04:53:00,1.2124,1.2125,1.2122,1.2122,13
2005-06-14 04:54:00,1.2124,1.2125,1.2124,1.2124,7
2005-06-14 04:55:00,1.2124,1.2125,1.2124,1.2124,8
2005-06-14 04:56:00,1.2124,1.2124,1.2123,1.2124,6
2005-06-14 04:57:00,1.2123,1.2124,1.2123,1.2123,11
2005-06-14 04:58:00,1.2124,1.2124,1.2123,1.2123,5
2005-06-14 04:59:00,1.2124,1.2125,1.2124,1.2124,4
2005-06-14 05:00:00,1.2124,1.2124,1.2124,1.2124,3
2005-06-14 05:01:00,1.2126,1.2126,1.2124,1.2124,6
2005-06-14 05:02:00,1.2126,1.2127,1.2126,1.2126,8
2005-06-14 05:03:00,1.2127,1.2128,1.2126,1.2127,12
2005-06-14 05:04:00,1.2127,1.2127,1.2127,1.2127,3
2005-06-14 05:05:00,1.2126,1.2127,1.2126,1.2127,6
2005-06-14 05:06:00,1.2126,1.2127,1.2126,1.2126,9
2005-06-14 05:07:00,1.2126,1.2126,1.2126,1.2126,3
2005-06-14 05:08:00,1.2126,1.2126,1.2126,1.2126,2
2005-06-14 05:09:00,1.2125,1.2125,1.2124,1.2125,5
2005-06-14 05:10:00,1.2121,1.2125,1.2121,1.2125,9
2005-06-14 05:11:00,1.2122,1.2122,1.2121,1.2121,17
2005-06-14 05:12:00,1.2123,1.2123,1.2122,1.2122,7
2005-06-14 05:13:00,1.2122,1.2123,1.2122,1.2123,3
2005-06-14 05:14:00,1.2124,1.2124,1.2122,1.2122,8
2005-06-14 05:15:00,1.2125,1.2126,1.2125,1.2125,8
2005-06-14 05:16:00,1.2126,1.2126,1.2125,1.2126,10
2005-06-14 05:17:00,1.2129,1.2131,1.2126,1.2126,24
2005-06-14 05:18:00,1.2129,1.2129,1.2127,1.2128,15
2005-06-14 05:19:00,1.2128,1.2129,1.2128,1.2129,13
2005-06-14 05:20:00,1.2126,1.2128,1.2125,1.2128,11
2005-06-14 05:21:00,1.2127,1.2127,1.2125,1.2126,13
2005-06-14 05:22:00,1.2125,1.2127,1.2125,1.2127,6
2005-06-14 05:23:00,1.2125,1.2126,1.2125,1.2126,8
2005-06-14 05:24:00,1.2124,1.2125,1.2123,1.2125,9
2005-06-14 05:25:00,1.2124,1.2124,1.2123,1.2123,6
2005-06-14 05:26:00,1.2123,1.2124,1.2123,1.2124,4
2005-06-14 05:27:00,1.2124,1.2124,1.2123,1.2123,3
2005-06-14 05:28:00,1.2124,1.2124,1.2124,1.2124,4
2005-06-14 05:29:00,1.2121,1.2124,1.2121,1.2124,12
2005-06-14 05:30:00,1.2121,1.2122,1.2121,1.2121,6
2005-06-14 05:31:00,1.2118,1.2122,1.2118,1.2122,13
2005-06-14 05:32:00,1.2116,1.2119,1.2116,1.2118,23
2005-06-14 05:33:00,1.2116,1.2117,1.2116,1.2117,12
2005-06-14 05:34:00,1.2116,1.2117,1.2116,1.2116,12
2005-06-14 05:35:00,1.2116,1.2117,1.2116,1.2117,7
2005-06-14 05:36:00,1.2116,1.2117,1.2116,1.2117,11
2005-06-14 05:37:00,1.21158,1.2116,1.21148,1.2116,5
2005-06-14 05:38:00,1.21088,1.21148,1.21088,1.21148,21
2005-06-14 05:39:00,1.21138,1.21138,1.21098,1.21098,15
2005-06-14 05:40:00,1.21128,1.21138,1.21128,1.21138,12
2005-06-14 05:41:00,1.21128,1.21128,1.21118,1.21128,5
2005-06-14 05:42:00,1.21088,1.21128,1.21088,1.21118,18
2005-06-14 05:43:00,1.21118,1.21118,1.21078,1.21098,16
2005-06-14 05:44:00,1.21148,1.21148,1.21118,1.21118,14
2005-06-14 05:45:00,1.21158,1.21158,1.21148,1.21148,7
2005-06-14 05:46:00,1.21138,1.21158,1.21138,1.21158,10
2005-06-14 05:47:00,1.21168,1.21168,1.21128,1.21138,18
2005-06-14 05:48:00,1.21198,1.21198,1.21168,1.21168,13
2005-06-14 05:49:00,1.21178,1.21198,1.21168,1.21198,16
2005-06-14 05:50:00,1.21178,1.21188,1.21168,1.21188,15
2005-06-14 05:51:00,1.21178,1.21188,1.21178,1.21188,10
2005-06-14 05:52:00,1.21218,1.21218,1.21188,1.21188,8
2005-06-14 05:53:00,1.21188,1.21208,1.21188,1.21208,20
2005-06-14 05:54:00,1.21188,1.21198,1.21178,1.21188,8
2005-06-14 05:55:00,1.21158,1.21188,1.21158,1.21178,21
2005-06-14 05:56:00,1.21114,1.21158,1.21104,1.21158,28
2005-06-14 05:57:00,1.21134,1.21134,1.21104,1.21104,17
2005-06-14 05:58:00,1.21134,1.21144,1.21124,1.21134,14
2005-06-14 05:59:00,1.21134,1.21134,1.21124,1.21134,8
2005-06-14 06:00:00,1.21144,1.21144,1.21134,1.21134,9
2005-06-14 06:01:00,1.21114,1.21154,1.21114,1.21144,13
2005-06-14 06:02:00,1.21108,1.21114,1.21068,1.21114,20
2005-06-14 06:03:00,1.21128,1.21128,1.21098,1.21118,34
2005-06-14 06:04:00,1.21178,1.21178,1.21128,1.21128,54
2005-06-14 06:05:00,1.21178,1.21178,1.21168,1.21168,36
2005-06-14 06:06:00,1.21168,1.21188,1.21168,1.21178,52
2005-06-14 06:07:00,1.21168,1.21178,1.21168,1.21168,27
2005-06-14 06:08:00,1.21168,1.21188,1.21168,1.21168,44
2005-06-14 06:09:00,1.21178,1.21188,1.21168,1.21178,37
2005-06-14 06:10:00,1.21168,1.21188,1.21168,1.21178,48
2005-06-14 06:11:00,1.21178,1.21178,1.21168,1.21168,41
2005-06-14 06:12:00,1.21178,1.21188,1.21168,1.21168,46
2005-06-14 06:13:00,1.21168,1.21178,1.21168,1.21178,23
2005-06-14 06:14:00,1.21198,1.21198,1.21168,1.21168,46
2005-06-14 06:15:00,1.21208,1.21218,1.21198,1.21208,45
2005-06-14 06:16:00,1.21178,1.21208,1.21178,1.21208,40
2005-06-14 06:17:00,1.21178,1.21188,1.21158,1.21178,41
2005-06-14 06:18:00,1.21158,1.21178,1.21158,1.21168,47
2005-06-14 06:19:00,1.21198,1.21218,1.21158,1.21158,51
2005-06-14 06:20:00,1.21148,1.21198,1.21148,1.21198,49
2005-06-14 06:21:00,1.21158,1.21178,1.21148,1.21158,52
2005-06-14 06:22:00,1.21208,1.21218,1.21158,1.21158,57
2005-06-14 06:23:00,1.21208,1.21218,1.21178,1.21208,42
2005-06-14 06:24:00,1.21208,1.21218,1.21198,1.21208,46
2005-06-14 06:25:00,1.21208,1.21218,1.21198,1.21208,47
2005-06-14 06:26:00,1.21208,1.21218,1.21198,1.21208,51
2005-06-14 06:27:00,1.21198,1.21208,1.21198,1.21208,27
2005-06-14 06:28:00,1.21218,1.21218,1.21198,1.21198,30
2005-06-14 06:29:00,1.21198,1.21238,1.21198,1.21218,46
2005-06-14 06:30:00,1.21178,1.21208,1.21168,1.21198,52
2005-06-14 06:31:00,1.21188,1.21198,1.21178,1.21178,43
2005-06-14 06:32:00,1.21228,1.21228,1.21178,1.21188,48
2005-06-14 06:33:00,1.21208,1.21228,1.21208,1.21228,39
2005-06-14 06:34:00,1.21198,1.21218,1.21188,1.21208,43
2005-06-14 06:35:00,1.21168,1.21198,1.21158,1.21198,43
2005-06-14 06:36:00,1.21168,1.21168,1.21168,1.21168,31
2005-06-14 06:37:00,1.21168,1.21168,1.21168,1.21168,23
2005-06-14 06:38:00,1.21158,1.21168,1.21148,1.21168,18
2005-06-14 06:39:00,1.21178,1.21178,1.21148,1.21158,50
2005-06-14 06:40:00,1.21198,1.21198,1.21178,1.21178,44
2005-06-14 06:41:00,1.21168,1.21218,1.21168,1.21198,47
2005-06-14 06:42:00,1.21188,1.21198,1.21168,1.21168,44
2005-06-14 06:43:00,1.21218,1.21218,1.21168,1.21188,49
2005-06-14 06:44:00,1.21218,1.21238,1.21208,1.21218,40
2005-06-14 06:45:00,1.21228,1.21228,1.21198,1.21218,50
2005-06-14 06:46:00,1.21278,1.21288,1.21228,1.21228,49
2005-06-14 06:47:00,1.21278,1.21278,1.21268,1.21278,49
2005-06-14 06:48:00,1.21278,1.21288,1.21268,1.21278,54
2005-06-14 06:49:00,1.21318,1.21328,1.21278,1.21278,55
2005-06-14 06:50:00,1.21338,1.21348,1.21308,1.21318,55
2005-06-14 06:51:00,1.21338,1.21348,1.21328,1.21348,46
2005-06-14 06:52:00,1.21352,1.21378,1.21338,1.21338,51
2005-06-14 06:53:00,1.21332,1.21352,1.21332,1.21352,41
2005-06-14 06:54:00,1.21342,1.21342,1.21332,1.21342,34
2005-06-14 06:55:00,1.21362,1.21372,1.21342,1.21342,42
2005-06-14 06:56:00,1.21382,1.21382,1.21362,1.21362,39
2005-06-14 06:57:00,1.21382,1.21392,1.21362,1.21382,50
2005-06-14 06:58:00,1.21402,1.21402,1.21372,1.21382,39
2005-06-14 06:59:00,1.21442,1.21452,1.21392,1.21402,52
2005-06-14 07:00:00,1.21432,1.21442,1.21422,1.21442,27
2005-06-14 07:01:00,1.21392,1.21432,1.21392,1.21432,38
2005-06-14 07:02:00,1.21357,1.21402,1.21357,1.21392,46
2005-06-14 07:03:00,1.21364,1.21364,1.21353,1.21357,46
2005-06-14 07:04:00,1.21394,1.21404,1.21344,1.21354,46
2005-06-14 07:05:00,1.21364,1.21394,1.21364,1.21394,43
2005-06-14 07:06:00,1.21364,1.21364,1.21354,1.21364,37
2005-06-14 07:07:00,1.21364,1.21374,1.21344,1.21364,59
2005-06-14 07:08:00,1.21374,1.21384,1.21364,1.21374,49
2005-06-14 07:09:00,1.21374,1.21374,1.21364,1.21364,31
2005-06-14 07:10:00,1.21334,1.21374,1.21334,1.21374,34
2005-06-14 07:11:00,1.21354,1.21354,1.21324,1.21334,50
2005-06-14 07:12:00,1.21368,1.21368,1.21344,1.21344,47
2005-06-14 07:13:00,1.21398,1.21414,1.21368,1.21368,49
2005-06-14 07:14:00,1.21508,1.21508,1.21388,1.21398,52
2005-06-14 07:15:00,1.21448,1.21518,1.21448,1.21518,47
2005-06-14 07:16:00,1.21468,1.21498,1.21448,1.21448,42
2005-06-14 07:17:00,1.21444,1.21502,1.21442,1.21478,50
2005-06-14 07:18:00,1.21454,1.21464,1.21444,1.21444,38
2005-06-14 07:19:00,1.21428,1.21454,1.21428,1.21454,42
2005-06-14 07:20:00,1.21434,1.21464,1.21427,1.21428,48
2005-06-14 07:21:00,1.21424,1.21444,1.21414,1.21444,39
2005-06-14 07:22:00,1.21378,1.21414,1.21364,1.21414,49
2005-06-14 07:23:00,1.21368,1.21388,1.21368,1.21368,45
2005-06-14 07:24:00,1.21378,1.21388,1.21368,1.21368,40
2005-06-14 07:25:00,1.21358,1.21368,1.21358,1.21368,43
2005-06-14 07:26:00,1.21388,1.21388,1.21358,1.21358,41
2005-06-14 07:27:00,1.21428,1.21438,1.21378,1.21388,55
2005-06-14 07:28:00,1.21414,1.21424,1.21404,1.21418,45
2005-06-14 07:29:00,1.21396,1.21414,1.21386,1.21414,39
2005-06-14 07:30:00,1.21406,1.21416,1.21396,1.21396,34
2005-06-14 07:31:00,1.21436,1.21436,1.21396,1.21406,33
2005-06-14 07:32:00,1.21448,1.21448,1.21426,1.21436,52
2005-06-14 07:33:00,1.21468,1.21478,1.21438,1.21448,49
2005-06-14 07:34:00,1.21408,1.21458,1.21408,1.21458,53
2005-06-14 07:35:00,1.21394,1.21424,1.21394,1.21408,43
2005-06-14 07:36:00,1.21408,1.21408,1.21374,1.21394,51
2005-06-14 07:37:00,1.21387,1.21438,1.21387,1.21408,43
2005-06-14 07:38:00,1.21414,1.21418,1.21384,1.21387,56
2005-06-14 07:39:00,1.21452,1.21472,1.21428,1.21434,45
2005-06-14 07:40:00,1.21424,1.21452,1.21422,1.21452,48
2005-06-14 07:41:00,1.21404,1.21424,1.21394,1.21424,39
2005-06-14 07:42:00,1.21428,1.21428,1.21394,1.21404,35
2005-06-14 07:43:00,1.21408,1.21438,1.21408,1.21428,54
2005-06-14 07:44:00,1.21418,1.21418,1.21398,1.21408,47
2005-06-14 07:45:00,1.21418,1.21418,1.21418,1.21418,27
2005-06-14 07:46:00,1.21398,1.21418,1.21398,1.21418,33
2005-06-14 07:47:00,1.21408,1.21408,1.21398,1.21398,31
2005-06-14 07:48:00,1.21398,1.21408,1.21388,1.21408,40
2005-06-14 07:49:00,1.21418,1.21428,1.21388,1.21388,44
2005-06-14 07:50:00,1.21418,1.21428,1.21418,1.21418,39
2005-06-14 07:51:00,1.21398,1.21418,1.21398,1.21418,33
2005-06-14 07:52:00,1.21388,1.21398,1.21378,1.21398,53
2005-06-14 07:53:00,1.21368,1.21398,1.21358,1.21398,41
2005-06-14 07:54:00,1.21358,1.21378,1.21358,1.21368,43
2005-06-14 07:55:00,1.21358,1.21368,1.21348,1.21358,35
2005-06-14 07:56:00,1.21328,1.21358,1.21328,1.21358,46
2005-06-14 07:57:00,1.21288,1.21328,1.21268,1.21328,49
2005-06-14 07:58:00,1.21308,1.21308,1.21288,1.21288,39
2005-06-14 07:59:00,1.21308,1.21318,1.21308,1.21308,34
2005-06-14 08:01:00,1.21294,1.21298,1.21284,1.21298,44
2005-06-14 08:02:00,1.21284,1.21294,1.21274,1.21294,47
2005-06-14 08:03:00,1.21304,1.21304,1.21284,1.21284,41
2005-06-14 08:04:00,1.21294,1.21304,1.21284,1.21304,39
2005-06-14 08:05:00,1.21284,1.21294,1.21284,1.21294,21
2005-06-14 08:06:00,1.21264,1.21294,1.21254,1.21284,48
2005-06-14 08:07:00,1.21274,1.21274,1.21254,1.21264,48
2005-06-14 08:08:00,1.21274,1.21274,1.21274,1.21274,21
2005-06-14 08:09:00,1.21274,1.21284,1.21264,1.21284,42
2005-06-14 08:10:00,1.21274,1.21274,1.21264,1.21274,41
2005-06-14 08:11:00,1.21284,1.21284,1.21274,1.21274,31
2005-06-14 08:12:00,1.21274,1.21284,1.21274,1.21274,35
2005-06-14 08:13:00,1.21294,1.21294,1.21274,1.21274,31
2005-06-14 08:14:00,1.21284,1.21304,1.21284,1.21294,43
2005-06-14 08:15:00,1.21284,1.21294,1.21284,1.21284,38
2005-06-14 08:16:00,1.21314,1.21314,1.21284,1.21284,45
2005-06-14 08:17:00,1.21324,1.21324,1.21314,1.21314,32
2005-06-14 08:18:00,1.21318,1.21324,1.21318,1.21324,29
2005-06-14 08:19:00,1.21308,1.21318,1.21308,1.21318,29
2005-06-14 08:20:00,1.21328,1.21328,1.21308,1.21308,42
2005-06-14 08:21:00,1.21348,1.21348,1.21328,1.21328,44
2005-06-14 08:22:00,1.21338,1.21348,1.21328,1.21348,46
2005-06-14 08:23:00,1.21318,1.21338,1.21318,1.21338,39
2005-06-14 08:24:00,1.21328,1.21338,1.21318,1.21318,41
2005-06-14 08:25:00,1.21348,1.21348,1.21318,1.21328,46
2005-06-14 08:26:00,1.21378,1.21378,1.21348,1.21358,45
2005-06-14 08:27:00,1.21378,1.21378,1.21368,1.21378,43
2005-06-14 08:28:00,1.21378,1.21378,1.21368,1.21378,37
2005-06-14 08:29:00,1.21348,1.21378,1.21348,1.21378,46
2005-06-14 08:30:00,1.21318,1.21348,1.21318,1.21348,43
2005-06-14 08:31:00,1.21332,1.21332,1.21318,1.21318,28
2005-06-14 08:32:00,1.21332,1.21332,1.21322,1.21332,55
2005-06-14 08:33:00,1.21342,1.21342,1.21312,1.21332,46
2005-06-14 08:34:00,1.21322,1.21342,1.21322,1.21332,33
2005-06-14 08:35:00,1.21308,1.21322,1.21292,1.21322,53
2005-06-14 08:36:00,1.21338,1.21338,1.21308,1.21308,44
2005-06-14 08:37:00,1.21304,1.21344,1.21304,1.21338,45
2005-06-14 08:38:00,1.21324,1.21324,1.21294,1.21304,44
2005-06-14 08:39:00,1.21334,1.21344,1.21324,1.21324,46
2005-06-14 08:40:00,1.21334,1.21344,1.21334,1.21334,42
2005-06-14 08:41:00,1.21314,1.21334,1.21314,1.21334,38
2005-06-14 08:42:00,1.21304,1.21314,1.21304,1.21314,37
2005-06-14 08:43:00,1.21304,1.21324,1.21304,1.21304,36
2005-06-14 08:44:00,1.21304,1.21314,1.21304,1.21304,36
2005-06-14 08:45:00,1.21324,1.21324,1.21304,1.21304,45
2005-06-14 08:46:00,1.21324,1.21334,1.21314,1.21324,47
2005-06-14 08:47:00,1.21334,1.21334,1.21324,1.21324,35
2005-06-14 08:48:00,1.21314,1.21334,1.21314,1.21334,44
2005-06-14 08:49:00,1.21324,1.21324,1.21314,1.21314,42
2005-06-14 08:50:00,1.21324,1.21334,1.21324,1.21324,28
2005-06-14 08:51:00,1.21324,1.21334,1.21324,1.21324,25
2005-06-14 08:52:00,1.21314,1.21324,1.21314,1.21324,27
2005-06-14 08:53:00,1.21324,1.21324,1.21314,1.21314,46
2005-06-14 08:54:00,1.21324,1.21324,1.21314,1.21324,36
2005-06-14 08:55:00,1.21314,1.21324,1.21314,1.21324,34
2005-06-14 08:56:00,1.21314,1.21314,1.21314,1.21314,15
2005-06-14 08:57:00,1.21314,1.21324,1.21314,1.21314,40
2005-06-14 08:58:00,1.21304,1.21314,1.21304,1.21314,33
2005-06-14 08:59:00,1.21304,1.21304,1.21294,1.21304,32
2005-06-14 09:00:00,1.21294,1.21304,1.21294,1.21304,44
2005-06-14 09:01:00,1.21264,1.21304,1.21244,1.21294,53
2005-06-14 09:02:00,1.21254,1.21274,1.21254,1.21274,54
2005-06-14 09:03:00,1.21274,1.21274,1.21254,1.21254,33
2005-06-14 09:04:00,1.21274,1.21284,1.21274,1.21274,38
2005-06-14 09:05:00,1.21284,1.21284,1.21274,1.21274,24
2005-06-14 09:06:00,1.21274,1.21284,1.21274,1.21284,43
2005-06-14 09:07:00,1.21264,1.21274,1.21264,1.21274,44
2005-06-14 09:08:00,1.21284,1.21284,1.21254,1.21264,51
2005-06-14 09:09:00,1.21268,1.21284,1.21258,1.21284,48
2005-06-14 09:10:00,1.21278,1.21278,1.21268,1.21268,25
2005-06-14 09:11:00,1.21298,1.21298,1.21268,1.21278,45
2005-06-14 09:12:00,1.21298,1.21298,1.21288,1.21298,35
2005-06-14 09:13:00,1.21298,1.21308,1.21288,1.21298,51
2005-06-14 09:14:00,1.21288,1.21298,1.21288,1.21298,38
2005-06-14 09:15:00,1.21288,1.21288,1.21278,1.21288,35
2005-06-14 09:16:00,1.21288,1.21288,1.21278,1.21288,25
2005-06-14 09:17:00,1.21308,1.21308,1.21278,1.21288,33
2005-06-14 09:18:00,1.21318,1.21318,1.21298,1.21308,44
2005-06-14 09:19:00,1.21318,1.21328,1.21318,1.21318,25
2005-06-14 09:20:00,1.21314,1.21338,1.21314,1.21318,46
2005-06-14 09:21:00,1.21328,1.21328,1.21318,1.21318,38
2005-06-14 09:22:00,1.21318,1.21338,1.21318,1.21328,27
2005-06-14 09:23:00,1.21338,1.21338,1.21318,1.21318,35
2005-06-14 09:24:00,1.21358,1.21368,1.21328,1.21338,51
2005-06-14 09:25:00,1.21348,1.21368,1.21348,1.21368,47
2005-06-14 09:26:00,1.21358,1.21358,1.21348,1.21348,44
2005-06-14 09:27:00,1.21378,1.21378,1.21348,1.21358,45
2005-06-14 09:28:00,1.21378,1.21398,1.21378,1.21378,37
2005-06-14 09:29:00,1.21358,1.21388,1.21358,1.21378,33
2005-06-14 09:30:00,1.21348,1.21358,1.21348,1.21358,42
2005-06-14 09:31:00,1.21338,1.21358,1.21338,1.21348,45
2005-06-14 09:32:00,1.21348,1.21348,1.21338,1.21338,34
2005-06-14 09:33:00,1.21328,1.21348,1.21328,1.21348,41
2005-06-14 09:34:00,1.21328,1.21328,1.21328,1.21328,22
2005-06-14 09:35:00,1.21338,1.21338,1.21328,1.21328,22
2005-06-14 09:36:00,1.21328,1.21338,1.21318,1.21338,34
2005-06-14 09:37:00,1.21328,1.21328,1.21318,1.21328,41
2005-06-14 09:38:00,1.21318,1.21328,1.21318,1.21328,18
2005-06-14 09:39:00,1.21328,1.21328,1.21318,1.21318,23
2005-06-14 09:40:00,1.21318,1.21328,1.21318,1.21328,24
2005-06-14 09:41:00,1.21328,1.21328,1.21318,1.21318,26
2005-06-14 09:42:00,1.21318,1.21328,1.21318,1.21328,35
2005-06-14 09:43:00,1.21318,1.21318,1.21318,1.21318,16
2005-06-14 09:44:00,1.21318,1.21318,1.21308,1.21318,21
2005-06-14 09:45:00,1.21328,1.21328,1.21318,1.21318,31
2005-06-14 09:46:00,1.21328,1.21348,1.21328,1.21328,40
2005-06-14 09:47:00,1.21328,1.21338,1.21328,1.21328,17
2005-06-14 09:48:00,1.21328,1.21338,1.21328,1.21328,43
2005-06-14 09:49:00,1.21308,1.21328,1.21308,1.21328,42
2005-06-14 09:50:00,1.21288,1.21318,1.21288,1.21308,41
2005-06-14 09:51:00,1.21288,1.21288,1.21288,1.21288,18
2005-06-14 09:52:00,1.21278,1.21288,1.21278,1.21288,28
2005-06-14 09:53:00,1.21208,1.21268,1.21208,1.21268,46
2005-06-14 09:54:00,1.21218,1.21218,1.21198,1.21208,50
2005-06-14 09:55:00,1.21158,1.21218,1.21148,1.21218,38
2005-06-14 09:56:00,1.21138,1.21168,1.21138,1.21158,43
2005-06-14 09:57:00,1.21148,1.21148,1.21128,1.21138,41
2005-06-14 09:58:00,1.21158,1.21158,1.21148,1.21148,46
2005-06-14 09:59:00,1.21138,1.21158,1.21128,1.21158,32
2005-06-14 10:00:00,1.21138,1.21148,1.21118,1.21148,47
2005-06-14 10:01:00,1.21138,1.21148,1.21118,1.21138,48
2005-06-14 10:02:00,1.21148,1.21148,1.21138,1.21138,33
2005-06-14 10:03:00,1.21148,1.21148,1.21138,1.21148,33
2005-06-14 10:04:00,1.21158,1.21158,1.21148,1.21148,30
2005-06-14 10:05:00,1.21148,1.21158,1.21148,1.21158,24
2005-06-14 10:06:00,1.21158,1.21158,1.21148,1.21148,43
2005-06-14 10:07:00,1.21148,1.21158,1.21148,1.21148,22
2005-06-14 10:08:00,1.21138,1.21158,1.21128,1.21148,43
2005-06-14 10:09:00,1.21148,1.21148,1.21128,1.21138,38
2005-06-14 10:10:00,1.21148,1.21148,1.21148,1.21148,19
2005-06-14 10:11:00,1.21158,1.21168,1.21148,1.21148,47
2005-06-14 10:12:00,1.21158,1.21168,1.21148,1.21158,39
2005-06-14 10:13:00,1.21158,1.21158,1.21148,1.21158,34
2005-06-14 10:14:00,1.21178,1.21178,1.21158,1.21158,41
2005-06-14 10:15:00,1.21178,1.21178,1.21178,1.21178,20
2005-06-14 10:16:00,1.21178,1.21178,1.21168,1.21178,20
2005-06-14 10:17:00,1.21198,1.21198,1.21178,1.21178,32
2005-06-14 10:18:00,1.21198,1.21198,1.21188,1.21198,40
2005-06-14 10:19:00,1.21178,1.21198,1.21168,1.21198,52
2005-06-14 10:20:00,1.21178,1.21198,1.21168,1.21178,41
2005-06-14 10:21:00,1.21168,1.21178,1.21168,1.21178,25
2005-06-14 10:22:00,1.21168,1.21168,1.21168,1.21168,23
2005-06-14 10:23:00,1.21168,1.21168,1.21168,1.21168,7
2005-06-14 10:24:00,1.21168,1.21178,1.21168,1.21168,29
2005-06-14 10:25:00,1.21168,1.21178,1.21168,1.21168,32
2005-06-14 10:26:00,1.21168,1.21178,1.21168,1.21168,31
2005-06-14 10:27:00,1.21168,1.21168,1.21168,1.21168,26
2005-06-14 10:28:00,1.21158,1.21168,1.21158,1.21168,42
2005-06-14 10:29:00,1.21158,1.21168,1.21158,1.21158,27
2005-06-14 10:30:00,1.21168,1.21168,1.21158,1.21158,18
2005-06-14 10:31:00,1.21178,1.21178,1.21168,1.21168,37
2005-06-14 10:32:00,1.21178,1.21188,1.21168,1.21178,38
2005-06-14 10:33:00,1.21208,1.21208,1.21178,1.21178,42
2005-06-14 10:34:00,1.21247,1.21247,1.21208,1.21208,53
2005-06-14 10:35:00,1.21268,1.21278,1.21247,1.21247,52
2005-06-14 10:36:00,1.21268,1.21278,1.21258,1.21268,40
2005-06-14 10:37:00,1.21268,1.21268,1.21258,1.21258,38
2005-06-14 10:38:00,1.21258,1.21268,1.21248,1.21268,27
2005-06-14 10:39:00,1.21268,1.21278,1.21258,1.21258,42
2005-06-14 10:40:00,1.21258,1.21278,1.21258,1.21268,38
2005-06-14 10:41:00,1.21278,1.21288,1.21258,1.21258,32
2005-06-14 10:42:00,1.21278,1.21288,1.21268,1.21278,45
2005-06-14 10:43:00,1.21266,1.21278,1.21266,1.21278,28
2005-06-14 10:44:00,1.21246,1.21266,1.21246,1.21266,26
2005-06-14 10:45:00,1.21236,1.21246,1.21236,1.21246,35
2005-06-14 10:46:00,1.21228,1.21252,1.21228,1.21236,49
2005-06-14 10:47:00,1.21218,1.21228,1.21218,1.21228,47
2005-06-14 10:48:00,1.21222,1.21228,1.21218,1.21218,45
2005-06-14 10:49:00,1.21222,1.21222,1.21222,1.21222,19
2005-06-14 10:50:00,1.21222,1.21222,1.21212,1.21222,44
2005-06-14 10:51:00,1.21222,1.21222,1.21212,1.21222,24
2005-06-14 10:52:00,1.21222,1.21222,1.21222,1.21222,18
2005-06-14 10:53:00,1.21222,1.21222,1.21222,1.21222,16
2005-06-14 10:54:00,1.21222,1.21222,1.21222,1.21222,19
2005-06-14 10:55:00,1.21202,1.21222,1.21202,1.21222,45
2005-06-14 10:56:00,1.21192,1.21212,1.21192,1.21202,42
2005-06-14 10:57:00,1.21194,1.21208,1.21192,1.21192,31
2005-06-14 10:58:00,1.21194,1.21204,1.21184,1.21194,35
2005-06-14 10:59:00,1.21174,1.21194,1.21174,1.21194,34
2005-06-14 11:00:00,1.21174,1.21194,1.21174,1.21174,42
2005-06-14 11:01:00,1.21174,1.21184,1.21174,1.21174,44
2005-06-14 11:02:00,1.21154,1.21174,1.21154,1.21174,28
2005-06-14 11:03:00,1.21164,1.21164,1.21144,1.21154,31
2005-06-14 11:04:00,1.21174,1.21174,1.21164,1.21164,25
2005-06-14 11:05:00,1.21174,1.21174,1.21164,1.21174,34
2005-06-14 11:06:00,1.21174,1.21184,1.21174,1.21174,26
2005-06-14 11:07:00,1.21194,1.21194,1.21174,1.21174,23
2005-06-14 11:08:00,1.21188,1.21194,1.21168,1.21194,30
2005-06-14 11:09:00,1.21182,1.21188,1.21178,1.21188,23
2005-06-14 11:10:00,1.21192,1.21192,1.21182,1.21182,25
2005-06-14 11:11:00,1.21192,1.21192,1.21182,1.21192,18
2005-06-14 11:12:00,1.21192,1.21192,1.21182,1.21192,25
2005-06-14 11:13:00,1.21178,1.21192,1.21178,1.21192,35
2005-06-14 11:14:00,1.21178,1.21188,1.21178,1.21178,30
2005-06-14 11:15:00,1.21168,1.21178,1.21168,1.21178,17
2005-06-14 11:16:00,1.21178,1.21178,1.21168,1.21168,42
2005-06-14 11:17:00,1.21208,1.21208,1.21178,1.21178,47
2005-06-14 11:18:00,1.21222,1.21222,1.21202,1.21208,45
2005-06-14 11:19:00,1.21222,1.21222,1.21212,1.21222,39
2005-06-14 11:20:00,1.21212,1.21222,1.21212,1.21222,27
2005-06-14 11:21:00,1.21222,1.21222,1.21202,1.21212,38
2005-06-14 11:22:00,1.21212,1.21222,1.21212,1.21222,32
2005-06-14 11:23:00,1.21212,1.21212,1.21212,1.21212,30
2005-06-14 11:24:00,1.21192,1.21212,1.21192,1.21212,35
2005-06-14 11:25:00,1.21192,1.21202,1.21192,1.21202,18
2005-06-14 11:26:00,1.21192,1.21192,1.21182,1.21192,34
2005-06-14 11:27:00,1.21202,1.21202,1.21192,1.21192,23
2005-06-14 11:28:00,1.21212,1.21222,1.21202,1.21202,47
2005-06-14 11:29:00,1.21202,1.21212,1.21202,1.21212,27
2005-06-14 11:30:00,1.21202,1.21202,1.21192,1.21192,38
2005-06-14 11:31:00,1.21202,1.21202,1.21192,1.21202,32
2005-06-14 11:32:00,1.21202,1.21202,1.21192,1.21202,28
2005-06-14 11:33:00,1.21192,1.21202,1.21192,1.21202,28
2005-06-14 11:34:00,1.21192,1.21202,1.21192,1.21192,27
2005-06-14 11:35:00,1.21192,1.21192,1.21182,1.21192,15
2005-06-14 11:36:00,1.21192,1.21202,1.21182,1.21192,45
2005-06-14 11:37:00,1.21182,1.21192,1.21182,1.21192,36
2005-06-14 11:38:00,1.21172,1.21182,1.21172,1.21182,29
2005-06-14 11:39:00,1.21192,1.21192,1.21172,1.21172,36
2005-06-14 11:40:00,1.21192,1.21202,1.21182,1.21192,40
2005-06-14 11:41:00,1.21202,1.21202,1.21192,1.21192,47
2005-06-14 11:42:00,1.21192,1.21212,1.21192,1.21202,37
2005-06-14 11:43:00,1.21162,1.21182,1.21162,1.21182,35
2005-06-14 11:44:00,1.21182,1.21182,1.21162,1.21162,39
2005-06-14 11:45:00,1.21192,1.21192,1.21182,1.21182,35
2005-06-14 11:46:00,1.21192,1.21202,1.21192,1.21192,38
2005-06-14 11:47:00,1.21192,1.21192,1.21182,1.21192,35
2005-06-14 11:48:00,1.21182,1.21192,1.21182,1.21192,32
2005-06-14 11:49:00,1.21182,1.21202,1.21182,1.21182,44
2005-06-14 11:50:00,1.21192,1.21192,1.21182,1.21182,39
2005-06-14 11:51:00,1.21182,1.21192,1.21182,1.21192,27
2005-06-14 11:52:00,1.21172,1.21182,1.21172,1.21182,20
2005-06-14 11:53:00,1.21152,1.21172,1.21152,1.21172,31
2005-06-14 11:54:00,1.21154,1.21162,1.21142,1.21152,38
2005-06-14 11:55:00,1.21154,1.21164,1.21154,1.21154,30
2005-06-14 11:56:00,1.21134,1.21154,1.21134,1.21154,35
2005-06-14 11:57:00,1.21134,1.21144,1.21134,1.21134,30
2005-06-14 11:58:00,1.21128,1.21134,1.21124,1.21134,27
2005-06-14 11:59:00,1.21128,1.21138,1.21128,1.21128,42
2005-06-14 12:00:00,1.21118,1.21128,1.21104,1.21128,38
2005-06-14 12:01:00,1.21108,1.21118,1.21108,1.21118,26
2005-06-14 12:02:00,1.21108,1.21108,1.21098,1.21108,37
2005-06-14 12:03:00,1.21118,1.21118,1.21098,1.21108,28
2005-06-14 12:04:00,1.21128,1.21128,1.21118,1.21118,29
2005-06-14 12:05:00,1.21128,1.21148,1.21128,1.21128,31
2005-06-14 12:06:00,1.21138,1.21138,1.21128,1.21138,30
2005-06-14 12:07:00,1.21138,1.21138,1.21138,1.21138,18
2005-06-14 12:08:00,1.21138,1.21148,1.21138,1.21148,35
2005-06-14 12:09:00,1.21128,1.21138,1.21128,1.21138,21
2005-06-14 12:10:00,1.21108,1.21128,1.21098,1.21128,45
2005-06-14 12:11:00,1.21098,1.21128,1.21088,1.21108,48
2005-06-14 12:12:00,1.21118,1.21118,1.21098,1.21098,48
2005-06-14 12:13:00,1.21108,1.21118,1.21108,1.21118,40
2005-06-14 12:14:00,1.21108,1.21118,1.21108,1.21108,42
2005-06-14 12:15:00,1.21148,1.21148,1.21108,1.21118,38
2005-06-14 12:16:00,1.21138,1.21148,1.21128,1.21148,45
2005-06-14 12:17:00,1.21148,1.21148,1.21138,1.21138,42
2005-06-14 12:18:00,1.21138,1.21148,1.21118,1.21148,47
2005-06-14 12:19:00,1.21138,1.21138,1.21128,1.21138,46
2005-06-14 12:20:00,1.21142,1.21152,1.21138,1.21138,33
2005-06-14 12:21:00,1.21152,1.21152,1.21142,1.21152,43
2005-06-14 12:22:00,1.21142,1.21152,1.21142,1.21152,39
2005-06-14 12:23:00,1.21122,1.21152,1.21112,1.21142,38
2005-06-14 12:24:00,1.21112,1.21132,1.21112,1.21122,45
2005-06-14 12:25:00,1.21102,1.21122,1.21102,1.21112,42
2005-06-14 12:26:00,1.21087,1.21102,1.21087,1.21102,41
2005-06-14 12:27:00,1.21037,1.21087,1.21017,1.21087,36
2005-06-14 12:28:00,1.21047,1.21047,1.21007,1.21037,50
2005-06-14 12:29:00,1.21057,1.21067,1.21037,1.21047,55
2005-06-14 12:30:00,1.2125,1.2125,1.21057,1.21057,65
2005-06-14 12:31:00,1.2123,1.2128,1.2122,1.2125,49
2005-06-14 12:32:00,1.2122,1.2131,1.2122,1.2125,42
2005-06-14 12:33:00,1.21258,1.2127,1.2122,1.2122,49
2005-06-14 12:34:00,1.21238,1.21268,1.21208,1.21258,54
2005-06-14 12:35:00,1.21314,1.21324,1.21238,1.21238,39
2005-06-14 12:36:00,1.21312,1.21364,1.21304,1.21314,52
2005-06-14 12:37:00,1.21242,1.21322,1.21242,1.21312,49
2005-06-14 12:38:00,1.21262,1.21282,1.21222,1.21242,49
2005-06-14 12:39:00,1.21302,1.21302,1.21262,1.21262,48
2005-06-14 12:40:00,1.21272,1.21322,1.21272,1.21302,49
2005-06-14 12:41:00,1.21278,1.21338,1.21272,1.21272,48
2005-06-14 12:42:00,1.21348,1.21348,1.21258,1.21278,52
2005-06-14 12:43:00,1.21368,1.21368,1.21318,1.21348,50
2005-06-14 12:44:00,1.21358,1.21368,1.21327,1.21368,43
2005-06-14 12:45:00,1.21438,1.21438,1.21358,1.21358,53
2005-06-14 12:46:00,1.21408,1.21458,1.21408,1.21438,36
2005-06-14 12:47:00,1.21408,1.21428,1.21388,1.21408,44
2005-06-14 12:48:00,1.21418,1.21428,1.21398,1.21418,44
2005-06-14 12:49:00,1.21408,1.21428,1.21408,1.21418,37
2005-06-14 12:50:00,1.21442,1.21458,1.21388,1.21408,53
2005-06-14 12:51:00,1.21472,1.21482,1.21422,1.21432,57
2005-06-14 12:52:00,1.21458,1.21512,1.21448,1.21472,44
2005-06-14 12:53:00,1.21428,1.21458,1.21428,1.21458,49
2005-06-14 12:54:00,1.21388,1.21438,1.21358,1.21428,57
2005-06-14 12:55:00,1.21398,1.21428,1.21388,1.21388,45
2005-06-14 12:56:00,1.21338,1.21398,1.21328,1.21398,47
2005-06-14 12:57:00,1.21344,1.21354,1.21314,1.21344,51
2005-06-14 12:58:00,1.21374,1.21374,1.21334,1.21344,44
2005-06-14 12:59:00,1.21314,1.21374,1.21294,1.21374,51
2005-06-14 13:00:00,1.21344,1.21364,1.21304,1.21324,51
2005-06-14 13:01:00,1.21304,1.21354,1.21304,1.21354,43
2005-06-14 13:02:00,1.21248,1.21304,1.21238,1.21304,52
2005-06-14 13:03:00,1.21138,1.21248,1.21128,1.21238,57
2005-06-14 13:04:00,1.21078,1.21158,1.21058,1.21138,57
2005-06-14 13:05:00,1.21068,1.21088,1.21048,1.21078,61
2005-06-14 13:06:00,1.20938,1.21068,1.20888,1.21068,52
2005-06-14 13:07:00,1.20928,1.20958,1.20908,1.20938,49
2005-06-14 13:08:00,1.20998,1.20998,1.20928,1.20928,49
2005-06-14 13:09:00,1.20918,1.20988,1.20918,1.20978,48
2005-06-14 13:10:00,1.20868,1.20908,1.20858,1.20908,44
2005-06-14 13:11:00,1.20898,1.20898,1.20848,1.20868,47
2005-06-14 13:12:00,1.20798,1.20898,1.20788,1.20898,53
2005-06-14 13:13:00,1.20708,1.20808,1.20698,1.20788,63
2005-06-14 13:14:00,1.20648,1.20708,1.20598,1.20708,48
2005-06-14 13:15:00,1.20678,1.20678,1.20638,1.20648,57
2005-06-14 13:16:00,1.20714,1.20738,1.20678,1.20688,53
2005-06-14 13:17:00,1.20764,1.20774,1.20704,1.20704,49
2005-06-14 13:18:00,1.20774,1.20784,1.20734,1.20764,53
2005-06-14 13:19:00,1.20744,1.20774,1.20724,1.20754,51
2005-06-14 13:20:00,1.20714,1.20744,1.20684,1.20744,47
2005-06-14 13:21:00,1.20668,1.20714,1.20658,1.20714,49
2005-06-14 13:22:00,1.20668,1.20668,1.20628,1.20668,53
2005-06-14 13:23:00,1.20688,1.20688,1.20638,1.20668,42
2005-06-14 13:24:00,1.20688,1.20688,1.20678,1.20688,48
2005-06-14 13:25:00,1.20668,1.20688,1.20658,1.20688,52
2005-06-14 13:26:00,1.20678,1.20678,1.20628,1.20658,49
2005-06-14 13:27:00,1.20684,1.20698,1.20668,1.20668,47
2005-06-14 13:28:00,1.20654,1.20694,1.20654,1.20684,41
2005-06-14 13:29:00,1.20608,1.20664,1.20598,1.20654,57
2005-06-14 13:30:00,1.20628,1.20648,1.20578,1.20618,60
2005-06-14 13:31:00,1.20594,1.20634,1.20584,1.20628,45
2005-06-14 13:32:00,1.20608,1.20618,1.20558,1.20594,60
2005-06-14 13:33:00,1.20608,1.20648,1.20608,1.20608,45
2005-06-14 13:34:00,1.20608,1.20618,1.20578,1.20598,47
2005-06-14 13:35:00,1.20528,1.20608,1.20518,1.20608,55
2005-06-14 13:36:00,1.20568,1.20568,1.20538,1.20538,41
2005-06-14 13:37:00,1.20538,1.20568,1.20528,1.20568,55
2005-06-14 13:38:00,1.20548,1.20568,1.20518,1.20528,56
2005-06-14 13:39:00,1.20534,1.20554,1.20524,1.20548,49
2005-06-14 13:40:00,1.20564,1.20564,1.20524,1.20534,59
2005-06-14 13:41:00,1.20534,1.20564,1.20534,1.20564,43
2005-06-14 13:42:00,1.20534,1.20574,1.20534,1.20544,44
2005-06-14 13:43:00,1.20554,1.20574,1.20524,1.20534,43
2005-06-14 13:44:00,1.20564,1.20564,1.20544,1.20554,55
2005-06-14 13:45:00,1.20584,1.20584,1.20554,1.20564,44
2005-06-14 13:46:00,1.20582,1.20612,1.20582,1.20584,43
2005-06-14 13:47:00,1.20594,1.20604,1.20564,1.20582,53
2005-06-14 13:48:00,1.20584,1.20594,1.20574,1.20594,47
2005-06-14 13:49:00,1.20534,1.20584,1.20534,1.20574,53
2005-06-14 13:50:00,1.20554,1.20554,1.20534,1.20534,36
2005-06-14 13:51:00,1.20464,1.20554,1.20434,1.20554,50
2005-06-14 13:52:00,1.20488,1.20488,1.20444,1.20464,59
2005-06-14 13:53:00,1.20428,1.20488,1.20418,1.20488,51
2005-06-14 13:54:00,1.20428,1.20438,1.20408,1.20418,50
2005-06-14 13:55:00,1.20398,1.20438,1.20388,1.20428,49
2005-06-14 13:56:00,1.20378,1.20428,1.20368,1.20398,44
2005-06-14 13:57:00,1.20378,1.20418,1.20358,1.20378,55
2005-06-14 13:58:00,1.20418,1.20428,1.20388,1.20388,45
2005-06-14 13:59:00,1.20418,1.20428,1.20398,1.20418,47
2005-06-14 14:00:00,1.20418,1.20428,1.20388,1.20418,45
2005-06-14 14:01:00,1.20448,1.20458,1.20418,1.20418,51
2005-06-14 14:02:00,1.20478,1.20478,1.20448,1.20448,50
2005-06-14 14:03:00,1.20498,1.20508,1.20478,1.20478,47
2005-06-14 14:04:00,1.20478,1.20508,1.20468,1.20488,53
2005-06-14 14:05:00,1.20478,1.20498,1.20468,1.20488,50
2005-06-14 14:06:00,1.20488,1.20488,1.20468,1.20478,31
2005-06-14 14:07:00,1.20448,1.20498,1.20448,1.20488,39
2005-06-14 14:08:00,1.20448,1.20458,1.20448,1.20448,42
2005-06-14 14:09:00,1.20468,1.20478,1.20448,1.20448,49
2005-06-14 14:10:00,1.20428,1.20478,1.20428,1.20468,45
2005-06-14 14:11:00,1.20468,1.20468,1.20428,1.20438,50
2005-06-14 14:12:00,1.20458,1.20478,1.20458,1.20468,46
2005-06-14 14:13:00,1.20418,1.20468,1.20418,1.20458,43
2005-06-14 14:14:00,1.20442,1.20442,1.20418,1.20418,51
2005-06-14 14:15:00,1.20482,1.20482,1.20402,1.20442,48
2005-06-14 14:16:00,1.20438,1.20482,1.20438,1.20472,47
2005-06-14 14:17:00,1.20448,1.20468,1.20418,1.20438,46
2005-06-14 14:18:00,1.20428,1.20448,1.20408,1.20438,49
2005-06-14 14:19:00,1.20418,1.20438,1.20398,1.20428,44
2005-06-14 14:20:00,1.20358,1.20448,1.20348,1.20428,54
2005-06-14 14:21:00,1.20378,1.20378,1.20348,1.20368,47
2005-06-14 14:22:00,1.20382,1.20392,1.20368,1.20378,46
2005-06-14 14:23:00,1.20402,1.20402,1.20372,1.20382,41
2005-06-14 14:24:00,1.20422,1.20422,1.20402,1.20412,48
2005-06-14 14:25:00,1.20452,1.20452,1.20412,1.20412,50
2005-06-14 14:26:00,1.20458,1.20462,1.20448,1.20452,44
2005-06-14 14:27:00,1.20502,1.20502,1.20458,1.20458,42
2005-06-14 14:28:00,1.20552,1.20552,1.20502,1.20502,47
2005-06-14 14:29:00,1.20558,1.20568,1.20538,1.20542,41
2005-06-14 14:30:00,1.20558,1.20578,1.20548,1.20558,46
2005-06-14 14:31:00,1.20568,1.20578,1.20548,1.20548,46
2005-06-14 14:32:00,1.20548,1.20568,1.20548,1.20568,42
2005-06-14 14:33:00,1.20558,1.20558,1.20548,1.20548,31
2005-06-14 14:34:00,1.20518,1.20558,1.20518,1.20558,38
2005-06-14 14:35:00,1.20508,1.20528,1.20498,1.20518,42
2005-06-14 14:36:00,1.20478,1.20518,1.20468,1.20508,42
2005-06-14 14:37:00,1.20468,1.20478,1.20468,1.20478,41
2005-06-14 14:38:00,1.20478,1.20488,1.20478,1.20478,35
2005-06-14 14:39:00,1.20458,1.20478,1.20448,1.20478,32
2005-06-14 14:40:00,1.20418,1.20458,1.20398,1.20448,42
2005-06-14 14:41:00,1.20404,1.20418,1.20378,1.20418,51
2005-06-14 14:42:00,1.20394,1.20404,1.20364,1.20404,41
2005-06-14 14:43:00,1.20414,1.20424,1.20384,1.20384,55
2005-06-14 14:44:00,1.20434,1.20434,1.20414,1.20414,35
2005-06-14 14:45:00,1.20394,1.20434,1.20394,1.20434,51
2005-06-14 14:46:00,1.20374,1.20404,1.20374,1.20404,45
2005-06-14 14:47:00,1.20394,1.20434,1.20364,1.20374,49
2005-06-14 14:48:00,1.20424,1.20424,1.20394,1.20394,49
2005-06-14 14:49:00,1.20484,1.20484,1.20424,1.20424,48
2005-06-14 14:50:00,1.20484,1.20504,1.20484,1.20494,48
2005-06-14 14:51:00,1.20478,1.20488,1.20458,1.20484,51
2005-06-14 14:52:00,1.20458,1.20478,1.20448,1.20478,47
2005-06-14 14:53:00,1.20448,1.20458,1.20438,1.20458,44
2005-06-14 14:54:00,1.20458,1.20458,1.20448,1.20448,31
2005-06-14 14:55:00,1.20478,1.20478,1.20448,1.20458,39
2005-06-14 14:56:00,1.20468,1.20478,1.20458,1.20478,47
2005-06-14 14:57:00,1.20448,1.20488,1.20448,1.20468,49
2005-06-14 14:58:00,1.20438,1.20448,1.20438,1.20448,32
2005-06-14 14:59:00,1.20458,1.20458,1.20428,1.20438,43
2005-06-14 15:00:00,1.20478,1.20488,1.20458,1.20458,44
2005-06-14 15:01:00,1.20448,1.20478,1.20448,1.20478,38
2005-06-14 15:02:00,1.20458,1.20468,1.20448,1.20448,44
2005-06-14 15:03:00,1.20428,1.20458,1.20428,1.20458,38
2005-06-14 15:04:00,1.20408,1.20438,1.20378,1.20428,45
2005-06-14 15:05:00,1.20408,1.20428,1.20378,1.20408,51
2005-06-14 15:06:00,1.20398,1.20408,1.20378,1.20408,42
2005-06-14 15:07:00,1.20402,1.20412,1.20358,1.20398,48
2005-06-14 15:08:00,1.20382,1.20402,1.20362,1.20402,48
2005-06-14 15:09:00,1.20372,1.20392,1.20342,1.20392,52
2005-06-14 15:10:00,1.20344,1.20372,1.20334,1.20362,47
2005-06-14 15:11:00,1.20334,1.20354,1.20324,1.20344,38
2005-06-14 15:12:00,1.20344,1.20344,1.20334,1.20334,44
2005-06-14 15:13:00,1.20344,1.20344,1.20324,1.20344,46
2005-06-14 15:14:00,1.20344,1.20354,1.20334,1.20344,47
2005-06-14 15:15:00,1.20354,1.20374,1.20334,1.20344,46
2005-06-14 15:16:00,1.20384,1.20394,1.20354,1.20354,45
2005-06-14 15:17:00,1.20394,1.20404,1.20384,1.20384,39
2005-06-14 15:18:00,1.20444,1.20444,1.20394,1.20394,41
2005-06-14 15:19:00,1.20424,1.20444,1.20414,1.20444,47
2005-06-14 15:20:00,1.20434,1.20434,1.20414,1.20424,50
2005-06-14 15:21:00,1.20468,1.20468,1.20434,1.20434,46
2005-06-14 15:22:00,1.20408,1.20458,1.20398,1.20458,49
2005-06-14 15:23:00,1.20408,1.20418,1.20398,1.20408,39
2005-06-14 15:24:00,1.20418,1.20418,1.20398,1.20398,38
2005-06-14 15:25:00,1.20408,1.20418,1.20408,1.20418,31
2005-06-14 15:26:00,1.20428,1.20428,1.20408,1.20408,37
2005-06-14 15:27:00,1.20438,1.20448,1.20428,1.20428,33
2005-06-14 15:28:00,1.20448,1.20448,1.20428,1.20438,42
2005-06-14 15:29:00,1.20448,1.20448,1.20438,1.20448,31
2005-06-14 15:30:00,1.20468,1.20468,1.20448,1.20448,44
2005-06-14 15:31:00,1.20518,1.20518,1.20458,1.20468,47
2005-06-14 15:32:00,1.20478,1.20518,1.20468,1.20518,43
2005-06-14 15:33:00,1.20468,1.20478,1.20448,1.20478,49
2005-06-14 15:34:00,1.20488,1.20488,1.20468,1.20468,40
2005-06-14 15:35:00,1.20538,1.20568,1.20488,1.20488,55
2005-06-14 15:36:00,1.20498,1.20538,1.20498,1.20538,46
2005-06-14 15:37:00,1.20538,1.20538,1.20508,1.20508,61
2005-06-14 15:38:00,1.20518,1.20538,1.20508,1.20538,54
2005-06-14 15:39:00,1.20508,1.20518,1.20498,1.20518,54
2005-06-14 15:40:00,1.20488,1.20518,1.20478,1.20508,52
2005-06-14 15:41:00,1.20528,1.20538,1.20488,1.20488,49
2005-06-14 15:42:00,1.20528,1.20548,1.20528,1.20528,40
2005-06-14 15:43:00,1.20528,1.20538,1.20518,1.20528,30
2005-06-14 15:44:00,1.20498,1.20538,1.20498,1.20528,45
2005-06-14 15:45:00,1.20488,1.20498,1.20468,1.20498,35
2005-06-14 15:46:00,1.20418,1.20488,1.20418,1.20488,44
2005-06-14 15:47:00,1.20448,1.20458,1.20418,1.20418,42
2005-06-14 15:48:00,1.20432,1.20448,1.20422,1.20448,43
2005-06-14 15:49:00,1.20422,1.20432,1.20412,1.20422,43
2005-06-14 15:50:00,1.20412,1.20422,1.20412,1.20412,38
2005-06-14 15:51:00,1.20412,1.20432,1.20402,1.20412,47
2005-06-14 15:52:00,1.20408,1.20412,1.20398,1.20412,45
2005-06-14 15:53:00,1.20398,1.20418,1.20398,1.20408,43
2005-06-14 15:54:00,1.20388,1.20408,1.20388,1.20398,54
2005-06-14 15:55:00,1.20408,1.20408,1.20378,1.20378,39
2005-06-14 15:56:00,1.20408,1.20408,1.20398,1.20408,37
2005-06-14 15:57:00,1.20398,1.20428,1.20398,1.20408,40
2005-06-14 15:58:00,1.20378,1.20398,1.20378,1.20398,35
2005-06-14 15:59:00,1.20378,1.20388,1.20358,1.20378,51
2005-06-14 16:00:00,1.20368,1.20388,1.20368,1.20378,39
2005-06-14 16:01:00,1.20358,1.20368,1.20328,1.20368,34
2005-06-14 16:02:00,1.20348,1.20358,1.20318,1.20358,49
2005-06-14 16:03:00,1.20298,1.20348,1.20298,1.20348,52
2005-06-14 16:04:00,1.20248,1.20298,1.20228,1.20298,53
2005-06-14 16:05:00,1.20264,1.20268,1.20234,1.20248,48
2005-06-14 16:06:00,1.20284,1.20284,1.20264,1.20264,44
2005-06-14 16:07:00,1.20284,1.20314,1.20284,1.20284,48
2005-06-14 16:08:00,1.20304,1.20304,1.20274,1.20284,46
2005-06-14 16:09:00,1.20294,1.20314,1.20284,1.20304,50
2005-06-14 16:10:00,1.20294,1.20304,1.20284,1.20294,52
2005-06-14 16:11:00,1.20274,1.20314,1.20274,1.20304,53
2005-06-14 16:12:00,1.20284,1.20304,1.20274,1.20284,57
2005-06-14 16:13:00,1.20284,1.20284,1.20274,1.20284,47
2005-06-14 16:14:00,1.20294,1.20294,1.20274,1.20284,37
2005-06-14 16:15:00,1.20294,1.20304,1.20294,1.20294,34
2005-06-14 16:16:00,1.20274,1.20304,1.20274,1.20294,44
2005-06-14 16:17:00,1.20304,1.20304,1.20274,1.20274,37
2005-06-14 16:18:00,1.20324,1.20334,1.20314,1.20314,45
2005-06-14 16:19:00,1.20344,1.20354,1.20314,1.20334,55
2005-06-14 16:20:00,1.20364,1.20374,1.20344,1.20354,45
2005-06-14 16:21:00,1.20334,1.20364,1.20324,1.20364,37
2005-06-14 16:22:00,1.20364,1.20394,1.20334,1.20334,46
2005-06-14 16:23:00,1.20394,1.20394,1.20364,1.20364,39
2005-06-14 16:24:00,1.20434,1.20444,1.20384,1.20394,63
2005-06-14 16:25:00,1.20444,1.20474,1.20434,1.20434,48
2005-06-14 16:26:00,1.20444,1.20454,1.20434,1.20444,40
2005-06-14 16:27:00,1.20394,1.20444,1.20394,1.20444,30
2005-06-14 16:28:00,1.20394,1.20414,1.20394,1.20394,37
2005-06-14 16:29:00,1.20384,1.20394,1.20364,1.20384,44
2005-06-14 16:30:00,1.20384,1.20394,1.20374,1.20384,44
2005-06-14 16:31:00,1.20384,1.20394,1.20374,1.20384,45
2005-06-14 16:32:00,1.20394,1.20414,1.20384,1.20384,39
2005-06-14 16:33:00,1.20384,1.20404,1.20374,1.20394,48
2005-06-14 16:34:00,1.20384,1.20384,1.20354,1.20374,46
2005-06-14 16:35:00,1.20364,1.20384,1.20364,1.20384,48
2005-06-14 16:36:00,1.20354,1.20364,1.20354,1.20364,48
2005-06-14 16:37:00,1.20344,1.20364,1.20334,1.20354,53
2005-06-14 16:38:00,1.20344,1.20344,1.20334,1.20344,39
2005-06-14 16:39:00,1.20354,1.20364,1.20344,1.20344,37
2005-06-14 16:40:00,1.20344,1.20354,1.20334,1.20354,44
2005-06-14 16:41:00,1.20344,1.20354,1.20344,1.20344,37
2005-06-14 16:42:00,1.20364,1.20364,1.20344,1.20344,32
2005-06-14 16:43:00,1.20394,1.20394,1.20364,1.20364,41
2005-06-14 16:44:00,1.20414,1.20434,1.20394,1.20394,53
2005-06-14 16:45:00,1.20434,1.20464,1.20414,1.20414,50
2005-06-14 16:46:00,1.20404,1.20434,1.20384,1.20434,45
2005-06-14 16:47:00,1.20424,1.20434,1.20394,1.20424,48
2005-06-14 16:48:00,1.20394,1.20434,1.20394,1.20424,38
2005-06-14 16:49:00,1.20394,1.20394,1.20394,1.20394,39
2005-06-14 16:50:00,1.20414,1.20414,1.20394,1.20394,24
2005-06-14 16:51:00,1.20424,1.20424,1.20414,1.20414,27
2005-06-14 16:52:00,1.20434,1.20434,1.20414,1.20424,45
2005-06-14 16:53:00,1.20414,1.20444,1.20414,1.20434,53
2005-06-14 16:54:00,1.20424,1.20424,1.20414,1.20414,43
2005-06-14 16:55:00,1.20434,1.20434,1.20414,1.20424,45
2005-06-14 16:56:00,1.20414,1.20434,1.20414,1.20434,49
2005-06-14 16:57:00,1.20424,1.20424,1.20414,1.20414,26
2005-06-14 16:58:00,1.20404,1.20424,1.20404,1.20424,40
2005-06-14 16:59:00,1.20424,1.20424,1.20404,1.20414,34
2005-06-14 17:00:00,1.20424,1.20434,1.20414,1.20424,33
2005-06-14 17:01:00,1.20424,1.20424,1.20424,1.20424,21
2005-06-14 17:02:00,1.20434,1.20454,1.20424,1.20424,47
2005-06-14 17:03:00,1.20454,1.20454,1.20424,1.20434,35
2005-06-14 17:04:00,1.20474,1.20514,1.20454,1.20454,56
2005-06-14 17:05:00,1.20454,1.20474,1.20454,1.20464,35
2005-06-14 17:06:00,1.20454,1.20474,1.20454,1.20454,40
2005-06-14 17:07:00,1.20464,1.20474,1.20454,1.20454,23
2005-06-14 17:08:00,1.20524,1.20534,1.20464,1.20464,33
2005-06-14 17:09:00,1.20524,1.20524,1.20494,1.20514,45
2005-06-14 17:10:00,1.20494,1.20514,1.20484,1.20514,62
2005-06-14 17:11:00,1.20508,1.20508,1.20478,1.20494,27
2005-06-14 17:12:00,1.20488,1.20518,1.20488,1.20508,47
2005-06-14 17:13:00,1.20478,1.20488,1.20478,1.20488,37
2005-06-14 17:14:00,1.20478,1.20478,1.20468,1.20478,23
2005-06-14 17:15:00,1.20478,1.20478,1.20478,1.20478,9
2005-06-14 17:16:00,1.20478,1.20478,1.20468,1.20478,23
2005-06-14 17:17:00,1.20478,1.20488,1.20478,1.20478,39
2005-06-14 17:18:00,1.20468,1.20478,1.20468,1.20478,31
2005-06-14 17:19:00,1.20488,1.20488,1.20468,1.20468,34
2005-06-14 17:20:00,1.20488,1.20508,1.20478,1.20488,50
2005-06-14 17:21:00,1.20498,1.20528,1.20488,1.20488,49
2005-06-14 17:22:00,1.20488,1.20498,1.20488,1.20498,48
2005-06-14 17:23:00,1.20518,1.20518,1.20488,1.20488,37
2005-06-14 17:24:00,1.20538,1.20548,1.20518,1.20518,39
2005-06-14 17:25:00,1.20528,1.20548,1.20528,1.20538,42
2005-06-14 17:26:00,1.20508,1.20528,1.20508,1.20528,39
2005-06-14 17:27:00,1.20518,1.20518,1.20508,1.20518,34
2005-06-14 17:28:00,1.20508,1.20518,1.20508,1.20518,25
2005-06-14 17:29:00,1.20498,1.20518,1.20488,1.20508,28
2005-06-14 17:30:00,1.20488,1.20498,1.20488,1.20498,41
2005-06-14 17:31:00,1.20498,1.20498,1.20478,1.20488,41
2005-06-14 17:32:00,1.20468,1.20498,1.20468,1.20498,40
2005-06-14 17:33:00,1.20468,1.20478,1.20448,1.20468,53
2005-06-14 17:34:00,1.20468,1.20468,1.20458,1.20468,18
2005-06-14 17:35:00,1.20478,1.20478,1.20468,1.20468,16
2005-06-14 17:36:00,1.20478,1.20478,1.20478,1.20478,18
2005-06-14 17:37:00,1.20478,1.20488,1.20478,1.20478,32
2005-06-14 17:38:00,1.20478,1.20488,1.20478,1.20478,22
2005-06-14 17:39:00,1.20468,1.20478,1.20468,1.20478,12
2005-06-14 17:40:00,1.20468,1.20478,1.20468,1.20468,32
2005-06-14 17:41:00,1.20468,1.20468,1.20468,1.20468,21
2005-06-14 17:42:00,1.20478,1.20478,1.20458,1.20468,43
2005-06-14 17:43:00,1.20468,1.20478,1.20468,1.20478,28
2005-06-14 17:44:00,1.20468,1.20468,1.20458,1.20468,22
2005-06-14 17:45:00,1.20508,1.20508,1.20478,1.20478,46
2005-06-14 17:46:00,1.20488,1.20518,1.20488,1.20508,40
2005-06-14 17:47:00,1.20508,1.20508,1.20488,1.20488,39
2005-06-14 17:48:00,1.20518,1.20518,1.20508,1.20508,39
2005-06-14 17:49:00,1.20508,1.20518,1.20508,1.20518,12
2005-06-14 17:50:00,1.20508,1.20518,1.20508,1.20508,31
2005-06-14 17:51:00,1.20498,1.20518,1.20498,1.20518,31
2005-06-14 17:52:00,1.20478,1.20498,1.20478,1.20498,32
2005-06-14 17:53:00,1.20508,1.20518,1.20478,1.20478,38
2005-06-14 17:54:00,1.20518,1.20518,1.20508,1.20508,42
2005-06-14 17:55:00,1.20508,1.20518,1.20508,1.20518,38
2005-06-14 17:56:00,1.20508,1.20518,1.20498,1.20508,31
2005-06-14 17:57:00,1.20508,1.20518,1.20508,1.20508,29
2005-06-14 17:58:00,1.20508,1.20508,1.20508,1.20508,14
2005-06-14 17:59:00,1.20508,1.20508,1.20498,1.20508,28
2005-06-14 18:00:00,1.20498,1.20508,1.20478,1.20508,52
2005-06-14 18:01:00,1.20488,1.20508,1.20488,1.20508,25
2005-06-14 18:02:00,1.20508,1.20508,1.20478,1.20488,33
2005-06-14 18:03:00,1.20478,1.20508,1.20478,1.20498,38
2005-06-14 18:04:00,1.20468,1.20478,1.20468,1.20478,27
2005-06-14 18:05:00,1.20468,1.20478,1.20458,1.20468,45
2005-06-14 18:06:00,1.20478,1.20488,1.20468,1.20468,22
2005-06-14 18:07:00,1.20478,1.20488,1.20478,1.20478,28
2005-06-14 18:08:00,1.20448,1.20478,1.20448,1.20478,26
2005-06-14 18:09:00,1.20468,1.20468,1.20448,1.20458,47
2005-06-14 18:10:00,1.20438,1.20468,1.20438,1.20468,37
2005-06-14 18:11:00,1.20428,1.20438,1.20428,1.20438,27
2005-06-14 18:12:00,1.20438,1.20448,1.20428,1.20428,32
2005-06-14 18:13:00,1.20418,1.20438,1.20418,1.20428,39
2005-06-14 18:14:00,1.20428,1.20428,1.20418,1.20418,33
2005-06-14 18:15:00,1.20428,1.20438,1.20428,1.20428,30
2005-06-14 18:16:00,1.20438,1.20438,1.20428,1.20428,17
2005-06-14 18:17:00,1.20428,1.20438,1.20418,1.20438,18
2005-06-14 18:18:00,1.20428,1.20428,1.20418,1.20428,35
2005-06-14 18:19:00,1.20438,1.20438,1.20438,1.20438,25
2005-06-14 18:20:00,1.20438,1.20438,1.20438,1.20438,11
2005-06-14 18:21:00,1.20428,1.20438,1.20428,1.20438,13
2005-06-14 18:22:00,1.20418,1.20428,1.20418,1.20428,19
2005-06-14 18:23:00,1.20418,1.20418,1.20418,1.20418,5
2005-06-14 18:24:00,1.20418,1.20418,1.20418,1.20418,8
2005-06-14 18:25:00,1.20418,1.20418,1.20418,1.20418,4
2005-06-14 18:26:00,1.20428,1.20428,1.20418,1.20418,28
2005-06-14 18:27:00,1.20428,1.20428,1.20428,1.20428,7
2005-06-14 18:28:00,1.20438,1.20438,1.20428,1.20438,23
2005-06-14 18:29:00,1.20428,1.20438,1.20428,1.20438,20
2005-06-14 18:30:00,1.20428,1.20428,1.20418,1.20428,24
2005-06-14 18:31:00,1.20428,1.20438,1.20428,1.20428,32
2005-06-14 18:32:00,1.20428,1.20428,1.20418,1.20428,34
2005-06-14 18:33:00,1.20428,1.20438,1.20428,1.20428,20
2005-06-14 18:34:00,1.20438,1.20438,1.20428,1.20428,20
2005-06-14 18:35:00,1.20428,1.20438,1.20418,1.20438,39
2005-06-14 18:36:00,1.20428,1.20438,1.20428,1.20428,15
2005-06-14 18:37:00,1.20428,1.20438,1.20428,1.20428,29
2005-06-14 18:38:00,1.20408,1.20428,1.20398,1.20428,19
2005-06-14 18:39:00,1.20408,1.20418,1.20398,1.20408,40
2005-06-14 18:40:00,1.20398,1.20408,1.20398,1.20408,44
2005-06-14 18:41:00,1.20348,1.20398,1.20338,1.20398,39
2005-06-14 18:42:00,1.20358,1.20358,1.20348,1.20348,38
2005-06-14 18:43:00,1.20348,1.20368,1.20348,1.20348,49
2005-06-14 18:44:00,1.20328,1.20358,1.20328,1.20358,29
2005-06-14 18:45:00,1.20298,1.20328,1.20298,1.20328,29
2005-06-14 18:46:00,1.20278,1.20298,1.20278,1.20298,47
2005-06-14 18:47:00,1.20298,1.20298,1.20278,1.20278,35
2005-06-14 18:48:00,1.20288,1.20298,1.20278,1.20288,28
2005-06-14 18:49:00,1.20298,1.20298,1.20288,1.20288,17
2005-06-14 18:50:00,1.20308,1.20308,1.20298,1.20298,18
2005-06-14 18:51:00,1.20318,1.20328,1.20308,1.20308,37
2005-06-14 18:52:00,1.20338,1.20338,1.20318,1.20318,38
2005-06-14 18:53:00,1.20328,1.20338,1.20318,1.20338,26
2005-06-14 18:54:00,1.20338,1.20348,1.20318,1.20328,32
2005-06-14 18:55:00,1.20328,1.20348,1.20318,1.20338,31
2005-06-14 18:56:00,1.20328,1.20338,1.20328,1.20328,38
2005-06-14 18:57:00,1.20328,1.20338,1.20328,1.20328,31
2005-06-14 18:58:00,1.20318,1.20328,1.20308,1.20328,43
2005-06-14 18:59:00,1.20338,1.20338,1.20308,1.20318,49
2005-06-14 19:00:00,1.20328,1.20338,1.20328,1.20338,17
2005-06-14 19:01:00,1.20332,1.20332,1.20328,1.20328,10
2005-06-14 19:02:00,1.20332,1.20332,1.20312,1.20332,40
2005-06-14 19:03:00,1.20332,1.20342,1.20332,1.20332,28
2005-06-14 19:04:00,1.20332,1.20342,1.20332,1.20342,15
2005-06-14 19:05:00,1.20362,1.20362,1.20332,1.20342,44
2005-06-14 19:06:00,1.20362,1.20372,1.20362,1.20372,28
2005-06-14 19:07:00,1.20392,1.20402,1.20362,1.20362,54
2005-06-14 19:08:00,1.20392,1.20392,1.20382,1.20392,37
2005-06-14 19:09:00,1.20372,1.20392,1.20362,1.20392,40
2005-06-14 19:10:00,1.20342,1.20372,1.20342,1.20372,42
2005-06-14 19:11:00,1.20342,1.20352,1.20332,1.20352,27
2005-06-14 19:12:00,1.20362,1.20362,1.20342,1.20342,18
2005-06-14 19:13:00,1.20362,1.20372,1.20362,1.20362,34
2005-06-14 19:14:00,1.20342,1.20362,1.20342,1.20362,26
2005-06-14 19:15:00,1.20342,1.20342,1.20342,1.20342,17
2005-06-14 19:16:00,1.20332,1.20342,1.20332,1.20342,21
2005-06-14 19:17:00,1.20332,1.20342,1.20322,1.20332,38
2005-06-14 19:18:00,1.20342,1.20342,1.20332,1.20332,31
2005-06-14 19:19:00,1.20332,1.20342,1.20332,1.20342,23
2005-06-14 19:20:00,1.20322,1.20342,1.20322,1.20332,33
2005-06-14 19:21:00,1.20316,1.20352,1.20316,1.20332,29
2005-06-14 19:22:00,1.20316,1.20326,1.20316,1.20326,20
2005-06-14 19:23:00,1.20306,1.20316,1.20306,1.20316,9
2005-06-14 19:24:00,1.20318,1.20318,1.20306,1.20316,22
2005-06-14 19:25:00,1.20328,1.20328,1.20318,1.20318,15
2005-06-14 19:26:00,1.20328,1.20328,1.20328,1.20328,3
2005-06-14 19:27:00,1.20318,1.20328,1.20318,1.20328,24
2005-06-14 19:28:00,1.20328,1.20328,1.20318,1.20318,19
2005-06-14 19:29:00,1.20328,1.20328,1.20328,1.20328,25
2005-06-14 19:30:00,1.20318,1.20328,1.20308,1.20318,38
2005-06-14 19:31:00,1.20318,1.20318,1.20318,1.20318,10
2005-06-14 19:32:00,1.20318,1.20318,1.20318,1.20318,11
2005-06-14 19:33:00,1.20308,1.20318,1.20308,1.20318,18
2005-06-14 19:34:00,1.20322,1.20322,1.20308,1.20308,29
2005-06-14 19:35:00,1.20322,1.20322,1.20322,1.20322,3
2005-06-14 19:36:00,1.20322,1.20322,1.20322,1.20322,2
2005-06-14 19:37:00,1.20312,1.20332,1.20312,1.20332,28
2005-06-14 19:38:00,1.20322,1.20322,1.20312,1.20312,12
2005-06-14 19:39:00,1.20322,1.20322,1.20322,1.20322,4
2005-06-14 19:40:00,1.20322,1.20322,1.20322,1.20322,3
2005-06-14 19:41:00,1.20322,1.20322,1.20322,1.20322,2
2005-06-14 19:42:00,1.20312,1.20322,1.20312,1.20322,29
2005-06-14 19:43:00,1.20312,1.20322,1.20312,1.20312,28
2005-06-14 19:44:00,1.20322,1.20322,1.20312,1.20312,17
2005-06-14 19:45:00,1.20322,1.20322,1.20322,1.20322,7
2005-06-14 19:46:00,1.20322,1.20322,1.20322,1.20322,17
2005-06-14 19:47:00,1.20332,1.20332,1.20322,1.20322,27
2005-06-14 19:48:00,1.20332,1.20332,1.20332,1.20332,5
2005-06-14 19:49:00,1.20312,1.20332,1.20312,1.20332,32
2005-06-14 19:50:00,1.20312,1.20322,1.20312,1.20312,15
2005-06-14 19:51:00,1.20322,1.20322,1.20312,1.20312,24
2005-06-14 19:52:00,1.20322,1.20332,1.20312,1.20322,21
2005-06-14 19:53:00,1.20312,1.20322,1.20302,1.20322,31
2005-06-14 19:54:00,1.20312,1.20312,1.20312,1.20312,10
2005-06-14 19:55:00,1.20312,1.20312,1.20312,1.20312,4
2005-06-14 19:56:00,1.20312,1.20312,1.20312,1.20312,5
2005-06-14 19:57:00,1.20302,1.20312,1.20292,1.20312,46
2005-06-14 19:58:00,1.20302,1.20302,1.20302,1.20302,5
2005-06-14 19:59:00,1.20312,1.20312,1.20302,1.20302,15
2005-06-14 20:00:00,1.20302,1.20312,1.20272,1.20312,40
2005-06-14 20:01:00,1.20302,1.20302,1.20302,1.20302,6
2005-06-14 20:02:00,1.20282,1.20302,1.20272,1.20302,3
2005-06-14 20:03:00,1.20272,1.20272,1.20272,1.20272,2
2005-06-14 20:05:00,1.20282,1.20292,1.20282,1.20292,8
2005-06-14 20:06:00,1.20292,1.20292,1.20282,1.20282,9
2005-06-14 20:07:00,1.20282,1.20292,1.20282,1.20292,5
2005-06-14 20:08:00,1.20272,1.20282,1.20252,1.20282,15
2005-06-14 20:09:00,1.20282,1.20282,1.20272,1.20272,11
2005-06-14 20:10:00,1.20282,1.20282,1.20282,1.20282,4
2005-06-14 20:11:00,1.20282,1.20282,1.20282,1.20282,2
2005-06-14 20:12:00,1.20292,1.20292,1.20282,1.20282,3
2005-06-14 20:13:00,1.20282,1.20292,1.20282,1.20282,5
2005-06-14 20:14:00,1.20292,1.20292,1.20282,1.20282,3
2005-06-14 20:15:00,1.20292,1.20292,1.20282,1.20282,5
2005-06-14 20:16:00,1.20292,1.20292,1.20292,1.20292,2
2005-06-14 20:17:00,1.20292,1.20292,1.20292,1.20292,2
2005-06-14 20:18:00,1.20292,1.20302,1.20292,1.20302,4
2005-06-14 20:19:00,1.20292,1.20292,1.20282,1.20282,8
2005-06-14 20:20:00,1.20292,1.20292,1.20282,1.20282,6
2005-06-14 20:21:00,1.20292,1.20292,1.20292,1.20292,3
2005-06-14 20:22:00,1.20292,1.20292,1.20282,1.20292,6
2005-06-14 20:23:00,1.20292,1.20292,1.20282,1.20292,10
2005-06-14 20:24:00,1.20272,1.20292,1.20262,1.20292,16
2005-06-14 20:25:00,1.20292,1.20292,1.20282,1.20282,9
2005-06-14 20:26:00,1.20282,1.20292,1.20282,1.20292,4
2005-06-14 20:27:00,1.20282,1.20282,1.20282,1.20282,2
2005-06-14 20:28:00,1.20282,1.20292,1.20282,1.20292,5
2005-06-14 20:29:00,1.20272,1.20282,1.20272,1.20282,6
2005-06-14 20:30:00,1.20282,1.20282,1.20272,1.20272,3
2005-06-14 20:31:00,1.20282,1.20282,1.20272,1.20272,5
2005-06-14 20:32:00,1.20282,1.20282,1.20282,1.20282,2
2005-06-14 20:33:00,1.20282,1.20282,1.20282,1.20282,2
2005-06-14 20:34:00,1.20272,1.20282,1.20272,1.20282,7
2005-06-14 20:35:00,1.20272,1.20272,1.20272,1.20272,2
2005-06-14 20:36:00,1.20272,1.20282,1.20262,1.20282,5
2005-06-14 20:37:00,1.20272,1.20282,1.20262,1.20272,9
2005-06-14 20:38:00,1.20288,1.20292,1.20272,1.20272,5
2005-06-14 20:39:00,1.20288,1.20288,1.20288,1.20288,4
2005-06-14 20:40:00,1.20288,1.20288,1.20278,1.20288,4
2005-06-14 20:41:00,1.20288,1.20288,1.20288,1.20288,2
2005-06-14 20:42:00,1.20288,1.20298,1.20288,1.20288,8
2005-06-14 20:43:00,1.20288,1.20308,1.20288,1.20288,8
2005-06-14 20:44:00,1.20288,1.20298,1.20288,1.20298,10
2005-06-14 20:45:00,1.20288,1.20288,1.20278,1.20288,6
2005-06-14 20:46:00,1.20288,1.20288,1.20278,1.20288,6
2005-06-14 20:47:00,1.20288,1.20288,1.20288,1.20288,2
2005-06-14 20:48:00,1.20298,1.20298,1.20288,1.20288,4
2005-06-14 20:49:00,1.20298,1.20298,1.20288,1.20298,6
2005-06-14 20:50:00,1.20298,1.20298,1.20298,1.20298,6
2005-06-14 20:51:00,1.20298,1.20298,1.20288,1.20298,14
2005-06-14 20:52:00,1.20298,1.20298,1.20298,1.20298,2
2005-06-14 20:53:00,1.20298,1.20298,1.20288,1.20298,4
2005-06-14 20:54:00,1.20288,1.20298,1.20288,1.20298,8
2005-06-14 20:55:00,1.20298,1.20298,1.20288,1.20298,7
2005-06-14 20:56:00,1.20288,1.20298,1.20288,1.20298,6
2005-06-14 20:57:00,1.20298,1.20298,1.20288,1.20288,5
2005-06-14 20:58:00,1.20298,1.20298,1.20288,1.20298,6
2005-06-14 20:59:00,1.20318,1.20318,1.20298,1.20298,13
2005-06-14 21:00:00,1.20308,1.20338,1.20288,1.20338,16
2005-06-14 21:01:00,1.20318,1.20318,1.20308,1.20318,6
2005-06-14 21:02:00,1.20308,1.20308,1.20298,1.20308,6
2005-06-14 21:03:00,1.20308,1.20308,1.20308,1.20308,1
2005-06-14 21:04:00,1.20288,1.20298,1.20288,1.20298,3
2005-06-14 21:05:00,1.20298,1.20298,1.20288,1.20288,4
2005-06-14 21:07:00,1.20298,1.20298,1.20298,1.20298,1
2005-06-14 21:08:00,1.20308,1.20308,1.20308,1.20308,1
2005-06-14 21:10:00,1.20308,1.20308,1.20288,1.20298,8
2005-06-14 21:11:00,1.20288,1.20298,1.20288,1.20298,11
2005-06-14 21:12:00,1.20288,1.20298,1.20278,1.20288,5
2005-06-14 21:13:00,1.20278,1.20288,1.20278,1.20288,6
2005-06-14 21:14:00,1.20278,1.20288,1.20278,1.20278,7
2005-06-14 21:15:00,1.20288,1.20288,1.20278,1.20278,2
2005-06-14 21:16:00,1.20278,1.20298,1.20278,1.20288,6
2005-06-14 21:17:00,1.20288,1.20288,1.20278,1.20278,3
2005-06-14 21:18:00,1.20298,1.20298,1.20288,1.20288,3
2005-06-14 21:19:00,1.20298,1.20298,1.20298,1.20298,6
2005-06-14 21:20:00,1.20298,1.20298,1.20288,1.20298,4
2005-06-14 21:21:00,1.20308,1.20308,1.20288,1.20288,9
2005-06-14 21:22:00,1.20328,1.20328,1.20308,1.20308,7
2005-06-14 21:23:00,1.20328,1.20338,1.20328,1.20328,9
2005-06-14 21:24:00,1.20318,1.20328,1.20318,1.20328,4
2005-06-14 21:25:00,1.20318,1.20318,1.20318,1.20318,2
2005-06-14 21:26:00,1.20318,1.20318,1.20318,1.20318,2
2005-06-14 21:27:00,1.20318,1.20318,1.20318,1.20318,2
2005-06-14 21:28:00,1.20318,1.20318,1.20318,1.20318,2
2005-06-14 21:29:00,1.20308,1.20318,1.20308,1.20308,5
2005-06-14 21:30:00,1.20298,1.20318,1.20298,1.20308,13
2005-06-14 21:31:00,1.20298,1.20308,1.20288,1.20288,7
2005-06-14 21:32:00,1.20298,1.20298,1.20298,1.20298,2
2005-06-14 21:33:00,1.20318,1.20318,1.20298,1.20308,7
2005-06-14 21:34:00,1.20318,1.20318,1.20318,1.20318,3
2005-06-14 21:35:00,1.20318,1.20318,1.20318,1.20318,3
2005-06-14 21:36:00,1.20318,1.20318,1.20308,1.20318,7
2005-06-14 21:37:00,1.20318,1.20318,1.20318,1.20318,3
2005-06-14 21:38:00,1.20308,1.20308,1.20308,1.20308,2
2005-06-14 21:39:00,1.20318,1.20318,1.20308,1.20308,3
2005-06-14 21:40:00,1.20308,1.20318,1.20308,1.20318,3
2005-06-14 21:41:00,1.20308,1.20308,1.20308,1.20308,2
2005-06-14 21:42:00,1.20318,1.20318,1.20308,1.20308,3
2005-06-14 21:43:00,1.20318,1.20318,1.20318,1.20318,2
2005-06-14 21:44:00,1.20298,1.20318,1.20298,1.20318,4
2005-06-14 21:45:00,1.20308,1.20308,1.20308,1.20308,3
2005-06-14 21:46:00,1.20298,1.20308,1.20298,1.20308,5
2005-06-14 21:47:00,1.20308,1.20308,1.20298,1.20298,3
2005-06-14 21:48:00,1.20298,1.20298,1.20298,1.20298,4
2005-06-14 21:49:00,1.20298,1.20298,1.20298,1.20298,5
2005-06-14 21:50:00,1.20298,1.20308,1.20288,1.20308,5
2005-06-14 21:51:00,1.20298,1.20308,1.20298,1.20308,7
2005-06-14 21:52:00,1.20298,1.20308,1.20298,1.20308,6
2005-06-14 21:53:00,1.20298,1.20298,1.20298,1.20298,1
2005-06-14 21:54:00,1.20298,1.20308,1.20298,1.20298,4
2005-06-14 21:55:00,1.20308,1.20308,1.20298,1.20298,5
2005-06-14 21:56:00,1.20308,1.20308,1.20308,1.20308,5
2005-06-14 21:57:00,1.20308,1.20308,1.20298,1.20308,4
2005-06-14 21:58:00,1.20308,1.20308,1.20308,1.20308,2
2005-06-14 21:59:00,1.20318,1.20318,1.20308,1.20308,3
2005-06-14 22:00:00,1.20328,1.20328,1.20318,1.20318,4
2005-06-14 22:01:00,1.20318,1.20318,1.20298,1.20318,6
2005-06-14 22:02:00,1.20318,1.20318,1.20318,1.20318,7
2005-06-14 22:03:00,1.20318,1.20318,1.20318,1.20318,2
2005-06-14 22:04:00,1.20318,1.20318,1.20318,1.20318,2
2005-06-14 22:05:00,1.20328,1.20328,1.20318,1.20318,4
2005-06-14 22:06:00,1.20338,1.20338,1.20328,1.20328,8
2005-06-14 22:07:00,1.20338,1.20348,1.20338,1.20348,11
2005-06-14 22:08:00,1.20338,1.20338,1.20338,1.20338,4
2005-06-14 22:09:00,1.20338,1.20338,1.20318,1.20318,8
2005-06-14 22:10:00,1.20338,1.20348,1.20328,1.20338,10
2005-06-14 22:11:00,1.20318,1.20338,1.20308,1.20338,13
2005-06-14 22:12:00,1.20328,1.20338,1.20328,1.20328,6
2005-06-14 22:13:00,1.20328,1.20328,1.20328,1.20328,2
2005-06-14 22:14:00,1.20328,1.20328,1.20328,1.20328,2
2005-06-14 22:15:00,1.20328,1.20328,1.20328,1.20328,2
2005-06-14 22:16:00,1.20328,1.20328,1.20318,1.20318,6
2005-06-14 22:17:00,1.20348,1.20348,1.20328,1.20328,7
2005-06-14 22:18:00,1.20348,1.20348,1.20348,1.20348,5
2005-06-14 22:19:00,1.20338,1.20348,1.20338,1.20348,4
2005-06-14 22:20:00,1.20348,1.20348,1.20328,1.20348,6
2005-06-14 22:21:00,1.20348,1.20348,1.20348,1.20348,2
2005-06-14 22:22:00,1.20348,1.20348,1.20348,1.20348,2
2005-06-14 22:23:00,1.20348,1.20348,1.20348,1.20348,4
2005-06-14 22:24:00,1.20348,1.20348,1.20348,1.20348,2
2005-06-14 22:25:00,1.20348,1.20348,1.20348,1.20348,3
2005-06-14 22:26:00,1.20348,1.20348,1.20338,1.20338,4
2005-06-14 22:27:00,1.20348,1.20348,1.20348,1.20348,2
2005-06-14 22:28:00,1.20338,1.20348,1.20338,1.20348,3
2005-06-14 22:29:00,1.20338,1.20338,1.20338,1.20338,2
2005-06-14 22:30:00,1.20328,1.20338,1.20328,1.20338,4
2005-06-14 22:31:00,1.20328,1.20338,1.20328,1.20328,11
2005-06-14 22:32:00,1.20328,1.20338,1.20328,1.20338,6
2005-06-14 22:33:00,1.20328,1.20328,1.20328,1.20328,3
2005-06-14 22:34:00,1.20328,1.20328,1.20318,1.20318,6
2005-06-14 22:35:00,1.20318,1.20328,1.20308,1.20328,4
2005-06-14 22:36:00,1.20318,1.20328,1.20308,1.20318,7
2005-06-14 22:37:00,1.20318,1.20318,1.20318,1.20318,2
2005-06-14 22:38:00,1.20318,1.20318,1.20308,1.20318,4
2005-06-14 22:39:00,1.20318,1.20328,1.20318,1.20318,5
2005-06-14 22:40:00,1.20318,1.20328,1.20318,1.20328,6
2005-06-14 22:41:00,1.20318,1.20328,1.20318,1.20318,6
2005-06-14 22:42:00,1.20302,1.20318,1.20302,1.20318,6
2005-06-14 22:43:00,1.20302,1.20302,1.20302,1.20302,8
2005-06-14 22:44:00,1.20302,1.20302,1.20302,1.20302,2
2005-06-14 22:45:00,1.20302,1.20302,1.20302,1.20302,2
2005-06-14 22:46:00,1.20302,1.20302,1.20292,1.20302,4
2005-06-14 22:47:00,1.20282,1.20302,1.20282,1.20292,9
2005-06-14 22:48:00,1.20282,1.20282,1.20272,1.20282,5
2005-06-14 22:49:00,1.20282,1.20292,1.20272,1.20292,5
2005-06-14 22:50:00,1.20272,1.20272,1.20272,1.20272,3
2005-06-14 22:51:00,1.20272,1.20272,1.20272,1.20272,2
2005-06-14 22:52:00,1.20272,1.20272,1.20262,1.20272,4
2005-06-14 22:53:00,1.20272,1.20272,1.20272,1.20272,3
2005-06-14 22:54:00,1.20282,1.20282,1.20282,1.20282,4
2005-06-14 22:55:00,1.20282,1.20282,1.20282,1.20282,1
2005-06-14 22:56:00,1.20272,1.20282,1.20272,1.20282,3
2005-06-14 22:57:00,1.20272,1.20272,1.20272,1.20272,3
2005-06-14 22:58:00,1.20272,1.20272,1.20262,1.20272,4
2005-06-14 22:59:00,1.20262,1.20272,1.20262,1.20272,5
2005-06-14 23:00:00,1.20242,1.20262,1.20242,1.20252,19
2005-06-14 23:01:00,1.20252,1.20252,1.20232,1.20242,4
2005-06-14 23:02:00,1.20252,1.20252,1.20242,1.20242,5
2005-06-14 23:03:00,1.20252,1.20272,1.20242,1.20252,12
2005-06-14 23:04:00,1.20262,1.20272,1.20252,1.20262,8
2005-06-14 23:05:00,1.20272,1.20272,1.20262,1.20262,6
2005-06-14 23:06:00,1.20282,1.20282,1.20272,1.20282,8
2005-06-14 23:07:00,1.20282,1.20282,1.20272,1.20272,4
2005-06-14 23:08:00,1.20272,1.20282,1.20272,1.20282,3
2005-06-14 23:09:00,1.20272,1.20272,1.20272,1.20272,4
2005-06-14 23:10:00,1.20272,1.20272,1.20272,1.20272,4
2005-06-14 23:11:00,1.20262,1.20262,1.20252,1.20252,10
2005-06-14 23:12:00,1.20262,1.20282,1.20252,1.20262,11
2005-06-14 23:13:00,1.20272,1.20272,1.20262,1.20272,12
2005-06-14 23:14:00,1.20232,1.20262,1.20232,1.20262,19
2005-06-14 23:15:00,1.20242,1.20242,1.20232,1.20232,13
2005-06-14 23:16:00,1.20232,1.20242,1.20232,1.20242,6
2005-06-14 23:17:00,1.20222,1.20232,1.20222,1.20232,15
2005-06-14 23:18:00,1.20182,1.20232,1.20182,1.20222,21
2005-06-14 23:19:00,1.20182,1.20212,1.20182,1.20192,17
2005-06-14 23:20:00,1.20176,1.20192,1.20172,1.20182,14
2005-06-14 23:21:00,1.2019,1.20196,1.20186,1.20196,15
2005-06-14 23:22:00,1.2019,1.2019,1.2018,1.2018,6
2005-06-14 23:23:00,1.2022,1.2023,1.202,1.202,13
2005-06-14 23:24:00,1.2022,1.2022,1.2022,1.2022,2
2005-06-14 23:25:00,1.2019,1.2021,1.2019,1.2021,13
2005-06-14 23:26:00,1.202,1.2021,1.2019,1.2019,10
2005-06-14 23:27:00,1.2021,1.2021,1.202,1.202,18
2005-06-14 23:28:00,1.202,1.2021,1.202,1.202,5
2005-06-14 23:29:00,1.2022,1.2022,1.202,1.202,10
2005-06-14 23:30:00,1.2023,1.2023,1.2021,1.2021,15
2005-06-14 23:31:00,1.2023,1.2024,1.2022,1.2022,9
2005-06-14 23:32:00,1.2023,1.2023,1.2023,1.2023,5
2005-06-14 23:33:00,1.2022,1.2023,1.2022,1.2023,3
2005-06-14 23:34:00,1.2021,1.2022,1.2021,1.2022,6
2005-06-14 23:35:00,1.2021,1.2022,1.2021,1.2022,19
2005-06-14 23:36:00,1.2025,1.2026,1.2022,1.2022,16
2005-06-14 23:37:00,1.2025,1.2026,1.2025,1.2026,9
2005-06-14 23:38:00,1.2026,1.2027,1.2025,1.2025,12
2005-06-14 23:39:00,1.2028,1.2028,1.2026,1.2026,11
2005-06-14 23:40:00,1.2027,1.2028,1.2026,1.2027,16
2005-06-14 23:41:00,1.2027,1.2027,1.2027,1.2027,3
2005-06-14 23:42:00,1.2027,1.2027,1.2026,1.2026,11
2005-06-14 23:43:00,1.2027,1.2027,1.2027,1.2027,2
2005-06-14 23:44:00,1.2025,1.2027,1.2025,1.2027,11
2005-06-14 23:45:00,1.2023,1.2025,1.2023,1.2025,9
2005-06-14 23:46:00,1.2023,1.2024,1.2023,1.2023,9
2005-06-14 23:47:00,1.2024,1.2024,1.2023,1.2023,8
2005-06-14 23:48:00,1.2026,1.2027,1.2024,1.2024,8
2005-06-14 23:49:00,1.2026,1.2027,1.2025,1.2026,11
2005-06-14 23:50:00,1.2027,1.2027,1.2026,1.2027,5
2005-06-14 23:51:00,1.2028,1.2028,1.2027,1.2027,6
2005-06-14 23:52:00,1.2029,1.203,1.2028,1.2028,10
2005-06-14 23:53:00,1.2028,1.203,1.2028,1.2029,9
2005-06-14 23:54:00,1.2029,1.2029,1.2028,1.2028,3
2005-06-14 23:55:00,1.2029,1.2029,1.2029,1.2029,6
2005-06-14 23:56:00,1.2029,1.203,1.2028,1.2028,7
2005-06-14 23:57:00,1.2029,1.2029,1.2029,1.2029,3
2005-06-14 23:58:00,1.2029,1.2029,1.2028,1.2029,11
2005-06-14 23:59:00,1.203,1.2031,1.2029,1.2029,11
2005-06-15 00:00:00,1.2033,1.2033,1.2031,1.2031,10
2005-06-15 00:01:00,1.2033,1.2034,1.2033,1.2033,11
2005-06-15 00:02:00,1.2032,1.2032,1.20296,1.2032,24
2005-06-15 00:03:00,1.2032,1.2033,1.2032,1.2032,7
2005-06-15 00:04:00,1.2033,1.2033,1.2032,1.2032,7
2005-06-15 00:05:00,1.2035,1.2035,1.2033,1.2033,16
2005-06-15 00:06:00,1.2034,1.2036,1.2034,1.2035,31
2005-06-15 00:07:00,1.2034,1.2035,1.2034,1.2034,10
2005-06-15 00:08:00,1.2033,1.2035,1.2033,1.2034,13
2005-06-15 00:09:00,1.2033,1.2034,1.2033,1.2033,9
2005-06-15 00:10:00,1.2034,1.2034,1.2033,1.2033,4
2005-06-15 00:11:00,1.2034,1.2034,1.2033,1.2033,9
2005-06-15 00:12:00,1.2033,1.2034,1.2033,1.2034,5
2005-06-15 00:13:00,1.20326,1.20336,1.2032,1.2033,6
2005-06-15 00:14:00,1.20336,1.20336,1.20326,1.20326,5
2005-06-15 00:15:00,1.20346,1.20346,1.20336,1.20346,8
2005-06-15 00:16:00,1.20356,1.20356,1.20346,1.20346,12
2005-06-15 00:17:00,1.20356,1.20356,1.20346,1.20346,5
2005-06-15 00:18:00,1.20356,1.20356,1.20346,1.20356,6
2005-06-15 00:19:00,1.20356,1.20356,1.20346,1.20346,7
2005-06-15 00:20:00,1.20346,1.20356,1.20346,1.20356,7
2005-06-15 00:21:00,1.20336,1.20346,1.20326,1.20346,13
2005-06-15 00:22:00,1.20356,1.20356,1.20336,1.20336,11
2005-06-15 00:23:00,1.20366,1.20366,1.20356,1.20356,4
2005-06-15 00:24:00,1.20376,1.20376,1.20366,1.20376,9
2005-06-15 00:25:00,1.20376,1.20376,1.20366,1.20366,9
2005-06-15 00:26:00,1.20396,1.20396,1.20376,1.20376,12
2005-06-15 00:27:00,1.20406,1.20406,1.20386,1.20386,16
2005-06-15 00:28:00,1.20386,1.20396,1.20386,1.20396,4
2005-06-15 00:29:00,1.20376,1.20386,1.20376,1.20386,8
2005-06-15 00:30:00,1.20376,1.20376,1.20366,1.20376,9
2005-06-15 00:31:00,1.20376,1.20376,1.20366,1.20376,5
2005-06-15 00:32:00,1.20366,1.20376,1.20366,1.20376,5
2005-06-15 00:33:00,1.20366,1.20376,1.20366,1.20366,4
2005-06-15 00:34:00,1.20366,1.20376,1.20366,1.20376,5
2005-06-15 00:35:00,1.20366,1.20366,1.20366,1.20366,4
2005-06-15 00:36:00,1.20376,1.20376,1.20366,1.20366,4
2005-06-15 00:37:00,1.20356,1.20366,1.20356,1.20366,8
2005-06-15 00:38:00,1.20336,1.20346,1.20326,1.20346,15
2005-06-15 00:39:00,1.20336,1.20346,1.20336,1.20336,7
2005-06-15 00:40:00,1.20326,1.20336,1.20316,1.20326,12
2005-06-15 00:41:00,1.20346,1.20356,1.20316,1.20316,10
2005-06-15 00:42:00,1.20346,1.20346,1.20346,1.20346,7
2005-06-15 00:43:00,1.2035,1.2035,1.2034,1.2034,6
2005-06-15 00:44:00,1.2037,1.2037,1.2036,1.2036,14
2005-06-15 00:45:00,1.2037,1.2037,1.2037,1.2037,2
2005-06-15 00:46:00,1.2036,1.2037,1.2036,1.2037,3
2005-06-15 00:47:00,1.2036,1.2036,1.2036,1.2036,2
2005-06-15 00:48:00,1.2036,1.2036,1.2036,1.2036,3
2005-06-15 00:49:00,1.2036,1.2036,1.2036,1.2036,2
2005-06-15 00:50:00,1.2037,1.2037,1.2036,1.2037,9
2005-06-15 00:51:00,1.2038,1.2038,1.2037,1.2037,10
2005-06-15 00:52:00,1.2038,1.2038,1.2037,1.2038,7
2005-06-15 00:53:00,1.2037,1.2038,1.2037,1.2037,5
2005-06-15 00:54:00,1.2034,1.2038,1.2032,1.2037,12
2005-06-15 00:55:00,1.2034,1.2036,1.2032,1.2032,15
2005-06-15 00:56:00,1.2035,1.2035,1.2034,1.2034,6
2005-06-15 00:57:00,1.2034,1.2036,1.2034,1.2035,6
2005-06-15 00:58:00,1.2034,1.2034,1.2034,1.2034,3
2005-06-15 00:59:00,1.2034,1.2034,1.2034,1.2034,4
2005-06-15 01:00:00,1.2034,1.2034,1.2034,1.2034,6
2005-06-15 01:01:00,1.2034,1.2035,1.2034,1.2034,8
2005-06-15 01:02:00,1.2034,1.2035,1.2034,1.2034,11
2005-06-15 01:03:00,1.2035,1.2035,1.2034,1.2034,5
2005-06-15 01:04:00,1.2036,1.2036,1.2035,1.2035,6
2005-06-15 01:05:00,1.2035,1.2036,1.2035,1.2036,6
2005-06-15 01:06:00,1.2038,1.2038,1.2035,1.2035,13
2005-06-15 01:07:00,1.2037,1.2038,1.2036,1.2037,13
2005-06-15 01:08:00,1.2038,1.2038,1.2037,1.2037,6
2005-06-15 01:09:00,1.2038,1.2038,1.2036,1.2037,7
2005-06-15 01:10:00,1.2039,1.2039,1.2039,1.2039,4
2005-06-15 01:11:00,1.2039,1.204,1.2039,1.2039,13
2005-06-15 01:12:00,1.2039,1.2039,1.2039,1.2039,4
2005-06-15 01:13:00,1.2038,1.2038,1.2037,1.2038,11
2005-06-15 01:14:00,1.2037,1.2038,1.2037,1.2037,6
2005-06-15 01:15:00,1.2035,1.2037,1.2035,1.2037,7
2005-06-15 01:16:00,1.2035,1.2035,1.2035,1.2035,3
2005-06-15 01:17:00,1.2035,1.2035,1.2035,1.2035,2
2005-06-15 01:18:00,1.2035,1.2036,1.2035,1.2035,4
2005-06-15 01:19:00,1.2036,1.2036,1.2035,1.2035,3
2005-06-15 01:20:00,1.2036,1.2036,1.2036,1.2036,2
2005-06-15 01:21:00,1.2036,1.2036,1.2036,1.2036,2
2005-06-15 01:22:00,1.2038,1.2038,1.2036,1.2036,6
2005-06-15 01:23:00,1.2039,1.2039,1.2038,1.2038,6
2005-06-15 01:24:00,1.2039,1.2039,1.2039,1.2039,5
2005-06-15 01:25:00,1.204,1.2041,1.204,1.204,15
2005-06-15 01:26:00,1.2041,1.2042,1.204,1.2041,20
2005-06-15 01:27:00,1.2041,1.2041,1.2039,1.2041,12
2005-06-15 01:28:00,1.2041,1.2041,1.204,1.204,8
2005-06-15 01:29:00,1.204,1.2042,1.204,1.2042,11
2005-06-15 01:30:00,1.2038,1.2041,1.2038,1.2041,8
2005-06-15 01:31:00,1.2042,1.2042,1.2038,1.2038,8
2005-06-15 01:32:00,1.2043,1.2044,1.2041,1.2042,18
2005-06-15 01:33:00,1.2042,1.2043,1.2041,1.2043,11
2005-06-15 01:34:00,1.2041,1.2043,1.2041,1.2042,10
2005-06-15 01:35:00,1.2041,1.2041,1.2041,1.2041,10
2005-06-15 01:36:00,1.2042,1.2042,1.2041,1.2041,7
2005-06-15 01:37:00,1.2042,1.2042,1.2042,1.2042,4
2005-06-15 01:38:00,1.2042,1.2043,1.2042,1.2042,4
2005-06-15 01:39:00,1.2044,1.2044,1.2043,1.2043,4
2005-06-15 01:40:00,1.2045,1.2045,1.2043,1.2043,8
2005-06-15 01:41:00,1.2044,1.2044,1.2043,1.2044,7
2005-06-15 01:42:00,1.2043,1.2045,1.2043,1.2044,13
2005-06-15 01:43:00,1.2043,1.2044,1.2043,1.2043,15
2005-06-15 01:44:00,1.2043,1.2045,1.2043,1.2044,8
2005-06-15 01:45:00,1.2041,1.2043,1.2041,1.2043,8
2005-06-15 01:46:00,1.2042,1.2042,1.2041,1.2041,4
2005-06-15 01:47:00,1.2042,1.2042,1.2042,1.2042,5
2005-06-15 01:48:00,1.2042,1.2042,1.2042,1.2042,3
2005-06-15 01:49:00,1.2042,1.2042,1.2042,1.2042,5
2005-06-15 01:50:00,1.2043,1.2044,1.2042,1.2042,11
2005-06-15 01:51:00,1.2045,1.2046,1.2044,1.2044,24
2005-06-15 01:52:00,1.2046,1.2046,1.2045,1.2045,7
2005-06-15 01:53:00,1.2046,1.2046,1.2046,1.2046,5
2005-06-15 01:54:00,1.2046,1.2047,1.2046,1.2046,8
2005-06-15 01:55:00,1.2045,1.2046,1.2045,1.2046,7
2005-06-15 01:56:00,1.2045,1.2046,1.2045,1.2045,8
2005-06-15 01:57:00,1.2042,1.2045,1.2042,1.2045,12
2005-06-15 01:58:00,1.2042,1.2043,1.2041,1.2041,14
2005-06-15 01:59:00,1.2043,1.2044,1.2042,1.2042,9
2005-06-15 02:00:00,1.2044,1.2045,1.2043,1.2043,12
2005-06-15 02:01:00,1.2046,1.2046,1.2044,1.2044,8
2005-06-15 02:02:00,1.2046,1.2047,1.2045,1.2046,7
2005-06-15 02:03:00,1.2044,1.2046,1.2044,1.2046,7
2005-06-15 02:04:00,1.2044,1.2045,1.2044,1.2044,5
2005-06-15 02:05:00,1.2043,1.2044,1.2043,1.2044,7
2005-06-15 02:06:00,1.2044,1.2045,1.2043,1.2043,6
2005-06-15 02:07:00,1.2043,1.2044,1.2043,1.2044,9
2005-06-15 02:08:00,1.2044,1.2044,1.2043,1.2044,9
2005-06-15 02:09:00,1.2045,1.2045,1.2043,1.2043,9
2005-06-15 02:10:00,1.2045,1.2046,1.2045,1.2045,12
2005-06-15 02:11:00,1.2044,1.2044,1.2044,1.2044,8
2005-06-15 02:12:00,1.2045,1.2045,1.2044,1.2044,6
2005-06-15 02:13:00,1.2044,1.2045,1.2044,1.2045,3
2005-06-15 02:14:00,1.2044,1.2044,1.2044,1.2044,2
2005-06-15 02:15:00,1.2044,1.2045,1.2044,1.2044,5
2005-06-15 02:16:00,1.2045,1.2045,1.2044,1.2045,9
2005-06-15 02:17:00,1.2044,1.2045,1.2044,1.2045,2
2005-06-15 02:18:00,1.2044,1.2044,1.2044,1.2044,3
2005-06-15 02:19:00,1.2044,1.2044,1.2044,1.2044,2
2005-06-15 02:20:00,1.2044,1.2044,1.2044,1.2044,2
2005-06-15 02:21:00,1.2045,1.2045,1.2044,1.2044,11
2005-06-15 02:22:00,1.2045,1.2045,1.2045,1.2045,2
2005-06-15 02:23:00,1.2045,1.2045,1.2045,1.2045,2
2005-06-15 02:24:00,1.2044,1.2044,1.2044,1.2044,4
2005-06-15 02:25:00,1.2044,1.2044,1.2044,1.2044,2
2005-06-15 02:26:00,1.2044,1.2044,1.2043,1.2044,7
2005-06-15 02:27:00,1.2043,1.2043,1.2043,1.2043,4
2005-06-15 02:28:00,1.2043,1.2043,1.2043,1.2043,2
2005-06-15 02:29:00,1.2043,1.2043,1.2043,1.2043,2
2005-06-15 02:30:00,1.2043,1.2043,1.2043,1.2043,2
2005-06-15 02:31:00,1.2042,1.2043,1.2042,1.2043,4
2005-06-15 02:32:00,1.2042,1.2042,1.2041,1.2041,7
2005-06-15 02:33:00,1.2042,1.2043,1.2041,1.2042,10
2005-06-15 02:34:00,1.2042,1.2042,1.2042,1.2042,4
2005-06-15 02:35:00,1.20426,1.20426,1.2041,1.2042,6
2005-06-15 02:36:00,1.20406,1.20426,1.20396,1.20426,13
2005-06-15 02:37:00,1.20386,1.20396,1.20386,1.20396,10
2005-06-15 02:38:00,1.20386,1.20386,1.20376,1.20376,7
2005-06-15 02:39:00,1.20376,1.20386,1.20366,1.20386,7
2005-06-15 02:40:00,1.204,1.204,1.20366,1.20376,10
2005-06-15 02:41:00,1.204,1.204,1.2038,1.2039,11
2005-06-15 02:42:00,1.204,1.204,1.2039,1.2039,8
2005-06-15 02:43:00,1.2039,1.2039,1.2038,1.2039,6
2005-06-15 02:44:00,1.2039,1.2039,1.2039,1.2039,2
2005-06-15 02:45:00,1.2039,1.2039,1.2039,1.2039,5
2005-06-15 02:46:00,1.2039,1.2039,1.2039,1.2039,4
2005-06-15 02:47:00,1.2039,1.2039,1.2039,1.2039,6
2005-06-15 02:48:00,1.2039,1.2039,1.2039,1.2039,2
2005-06-15 02:49:00,1.204,1.204,1.2039,1.2039,5
2005-06-15 02:50:00,1.2041,1.2041,1.204,1.204,5
2005-06-15 02:51:00,1.2041,1.2042,1.2041,1.2041,12
2005-06-15 02:52:00,1.2042,1.2042,1.204,1.204,11
2005-06-15 02:53:00,1.2042,1.2043,1.2042,1.2042,4
2005-06-15 02:54:00,1.2043,1.2043,1.2042,1.2043,5
2005-06-15 02:55:00,1.2043,1.2043,1.2043,1.2043,2
2005-06-15 02:56:00,1.2042,1.2042,1.2042,1.2042,7
2005-06-15 02:57:00,1.2042,1.2043,1.2042,1.2043,8
2005-06-15 02:58:00,1.2042,1.2042,1.2042,1.2042,4
2005-06-15 02:59:00,1.2042,1.2044,1.2042,1.2043,9
2005-06-15 03:00:00,1.2041,1.2043,1.2041,1.2042,13
2005-06-15 03:01:00,1.2041,1.2041,1.204,1.204,5
2005-06-15 03:02:00,1.2043,1.2043,1.2041,1.2041,8
2005-06-15 03:03:00,1.2043,1.2043,1.2043,1.2043,2
2005-06-15 03:04:00,1.2044,1.2044,1.2043,1.2043,3
2005-06-15 03:05:00,1.2045,1.2045,1.2044,1.2044,8
2005-06-15 03:06:00,1.2046,1.2046,1.2045,1.2045,3
2005-06-15 03:07:00,1.2046,1.2046,1.2046,1.2046,2
2005-06-15 03:08:00,1.2046,1.2046,1.2046,1.2046,2
2005-06-15 03:09:00,1.2047,1.2047,1.2046,1.2046,7
2005-06-15 03:10:00,1.2046,1.2047,1.2046,1.2046,6
2005-06-15 03:11:00,1.2047,1.2047,1.2046,1.2046,6
2005-06-15 03:12:00,1.2049,1.2049,1.2047,1.2047,8
2005-06-15 03:13:00,1.2049,1.2049,1.2047,1.2048,7
2005-06-15 03:14:00,1.2048,1.2049,1.2047,1.2049,8
2005-06-15 03:15:00,1.2047,1.205,1.2047,1.2049,14
2005-06-15 03:16:00,1.2048,1.2048,1.2048,1.2048,3
2005-06-15 03:17:00,1.2049,1.2049,1.2048,1.2048,6
2005-06-15 03:18:00,1.2048,1.2049,1.2048,1.2048,5
2005-06-15 03:19:00,1.2046,1.2047,1.2045,1.2047,9
2005-06-15 03:20:00,1.2046,1.2047,1.2046,1.2046,10
2005-06-15 03:21:00,1.2046,1.2046,1.2046,1.2046,3
2005-06-15 03:22:00,1.2046,1.2046,1.2046,1.2046,8
2005-06-15 03:23:00,1.2045,1.2046,1.2044,1.2046,11
2005-06-15 03:24:00,1.2044,1.2044,1.2042,1.2044,17
2005-06-15 03:25:00,1.2044,1.2045,1.2043,1.2044,6
2005-06-15 03:26:00,1.2044,1.2044,1.2044,1.2044,3
2005-06-15 03:27:00,1.2043,1.2044,1.2043,1.2044,5
2005-06-15 03:28:00,1.2043,1.2043,1.2042,1.2043,12
2005-06-15 03:29:00,1.2044,1.2044,1.2043,1.2043,3
2005-06-15 03:30:00,1.2045,1.2045,1.2044,1.2044,6
2005-06-15 03:31:00,1.2047,1.2047,1.2045,1.2045,8
2005-06-15 03:32:00,1.2047,1.2047,1.2046,1.2046,4
2005-06-15 03:33:00,1.2045,1.2047,1.2045,1.2047,14
2005-06-15 03:34:00,1.2045,1.2045,1.2044,1.2044,3
2005-06-15 03:35:00,1.2045,1.2045,1.2045,1.2045,2
2005-06-15 03:36:00,1.2045,1.2045,1.2044,1.2044,6
2005-06-15 03:37:00,1.2047,1.2047,1.2045,1.2045,4
2005-06-15 03:38:00,1.2047,1.2048,1.2047,1.2047,4
2005-06-15 03:39:00,1.2046,1.2048,1.2045,1.2048,12
2005-06-15 03:40:00,1.2046,1.2046,1.2046,1.2046,6
2005-06-15 03:41:00,1.2046,1.2046,1.2045,1.2045,4
2005-06-15 03:42:00,1.2045,1.2046,1.2045,1.2046,3
2005-06-15 03:43:00,1.2045,1.2045,1.2045,1.2045,2
2005-06-15 03:44:00,1.2045,1.2045,1.2045,1.2045,2
2005-06-15 03:45:00,1.2045,1.2045,1.2045,1.2045,2
2005-06-15 03:46:00,1.2045,1.2046,1.2045,1.2045,5
2005-06-15 03:47:00,1.2046,1.2046,1.2045,1.2045,3
2005-06-15 03:48:00,1.2046,1.2046,1.2046,1.2046,2
2005-06-15 03:49:00,1.2047,1.2047,1.2046,1.2046,8
2005-06-15 03:50:00,1.2047,1.2047,1.2046,1.2046,3
2005-06-15 03:51:00,1.2047,1.2047,1.2047,1.2047,2
2005-06-15 03:52:00,1.2047,1.2047,1.2047,1.2047,2
2005-06-15 03:53:00,1.2047,1.2047,1.2047,1.2047,1
2005-06-15 03:54:00,1.2048,1.2049,1.2047,1.2047,4
2005-06-15 03:55:00,1.2049,1.2049,1.2048,1.2048,3
2005-06-15 03:56:00,1.2049,1.2049,1.2048,1.2048,5
2005-06-15 03:57:00,1.2048,1.2049,1.2048,1.2049,6
2005-06-15 03:58:00,1.2048,1.2048,1.2048,1.2048,2
2005-06-15 03:59:00,1.2048,1.2048,1.2048,1.2048,2
2005-06-15 04:00:00,1.2048,1.2048,1.2048,1.2048,2
2005-06-15 04:01:00,1.2048,1.2048,1.2047,1.2047,6
2005-06-15 04:02:00,1.2048,1.2048,1.2048,1.2048,5
2005-06-15 04:03:00,1.2049,1.2049,1.2047,1.2047,8
2005-06-15 04:04:00,1.2049,1.2049,1.2048,1.2049,6
2005-06-15 04:05:00,1.205,1.2054,1.2048,1.2048,25
2005-06-15 04:06:00,1.205,1.2051,1.2049,1.205,16
2005-06-15 04:07:00,1.2045,1.205,1.2045,1.205,11
2005-06-15 04:08:00,1.2048,1.2048,1.2046,1.2047,7
2005-06-15 04:09:00,1.2048,1.2049,1.2048,1.2048,6
2005-06-15 04:10:00,1.2049,1.2049,1.2048,1.2049,14
2005-06-15 04:11:00,1.2051,1.2054,1.2049,1.2049,17
2005-06-15 04:12:00,1.2049,1.2051,1.2048,1.2051,21
2005-06-15 04:13:00,1.2047,1.2048,1.2047,1.2048,8
2005-06-15 04:14:00,1.2047,1.2048,1.2046,1.2048,6
2005-06-15 04:15:00,1.2047,1.2048,1.2046,1.2046,21
2005-06-15 04:16:00,1.2046,1.2048,1.2046,1.2047,14
2005-06-15 04:17:00,1.2045,1.2046,1.2044,1.2045,17
2005-06-15 04:18:00,1.2044,1.2045,1.2043,1.2044,14
2005-06-15 04:19:00,1.2045,1.2046,1.2044,1.2044,15
2005-06-15 04:20:00,1.2044,1.2046,1.2044,1.2045,9
2005-06-15 04:21:00,1.2044,1.2045,1.2044,1.2045,9
2005-06-15 04:22:00,1.2045,1.2045,1.2044,1.2044,5
2005-06-15 04:23:00,1.2043,1.2045,1.2043,1.2044,7
2005-06-15 04:24:00,1.2044,1.2044,1.2042,1.2043,15
2005-06-15 04:25:00,1.2043,1.2044,1.2043,1.2044,9
2005-06-15 04:26:00,1.2045,1.2045,1.2043,1.2044,6
2005-06-15 04:27:00,1.2044,1.2045,1.2044,1.2044,8
2005-06-15 04:28:00,1.2045,1.2046,1.2044,1.2044,10
2005-06-15 04:29:00,1.2045,1.2046,1.2045,1.2045,14
2005-06-15 04:30:00,1.2047,1.2047,1.2045,1.2045,19
2005-06-15 04:31:00,1.2047,1.2047,1.2046,1.2046,9
2005-06-15 04:32:00,1.2046,1.2047,1.2046,1.2047,3
2005-06-15 04:33:00,1.2046,1.2047,1.2045,1.2046,9
2005-06-15 04:34:00,1.2046,1.2047,1.2046,1.2046,9
2005-06-15 04:35:00,1.2047,1.2047,1.2047,1.2047,3
2005-06-15 04:36:00,1.2046,1.2047,1.2045,1.2047,6
2005-06-15 04:37:00,1.2046,1.2046,1.2045,1.2046,6
2005-06-15 04:38:00,1.2043,1.2046,1.2043,1.2046,9
2005-06-15 04:39:00,1.2044,1.2045,1.2043,1.2043,12
2005-06-15 04:40:00,1.2043,1.2044,1.2042,1.2044,8
2005-06-15 04:41:00,1.2046,1.2046,1.2044,1.2044,9
2005-06-15 04:42:00,1.2042,1.2045,1.2042,1.2045,11
2005-06-15 04:43:00,1.2043,1.2044,1.2042,1.2043,12
2005-06-15 04:44:00,1.2043,1.2044,1.2042,1.2043,16
2005-06-15 04:45:00,1.2043,1.2044,1.2043,1.2044,16
2005-06-15 04:46:00,1.2043,1.2043,1.2043,1.2043,6
2005-06-15 04:47:00,1.2043,1.2044,1.2043,1.2043,4
2005-06-15 04:48:00,1.2044,1.2044,1.2043,1.2043,6
2005-06-15 04:49:00,1.2045,1.2045,1.2044,1.2044,4
2005-06-15 04:50:00,1.2044,1.2045,1.2044,1.2045,5
2005-06-15 04:51:00,1.2044,1.2044,1.2044,1.2044,2
2005-06-15 04:52:00,1.2043,1.2044,1.2043,1.2044,2
2005-06-15 04:53:00,1.2044,1.2044,1.2043,1.2043,4
2005-06-15 04:54:00,1.2043,1.2044,1.2043,1.2044,7
2005-06-15 04:55:00,1.2042,1.2044,1.2042,1.2043,13
2005-06-15 04:56:00,1.2042,1.2043,1.2042,1.2043,4
2005-06-15 04:57:00,1.2043,1.2043,1.2042,1.2042,3
2005-06-15 04:58:00,1.2043,1.2043,1.2043,1.2043,2
2005-06-15 04:59:00,1.2042,1.2043,1.2042,1.2042,10
2005-06-15 05:00:00,1.2042,1.2043,1.2042,1.2043,14
2005-06-15 05:01:00,1.2042,1.2042,1.2042,1.2042,2
2005-06-15 05:02:00,1.2041,1.2041,1.204,1.2041,13
2005-06-15 05:03:00,1.2039,1.204,1.2039,1.204,10
2005-06-15 05:04:00,1.2039,1.2039,1.2038,1.2039,12
2005-06-15 05:05:00,1.204,1.2041,1.2039,1.2039,8
2005-06-15 05:06:00,1.204,1.2041,1.204,1.2041,4
2005-06-15 05:07:00,1.204,1.2041,1.2039,1.204,7
2005-06-15 05:08:00,1.2039,1.204,1.2039,1.204,5
2005-06-15 05:09:00,1.2041,1.2041,1.204,1.204,9
2005-06-15 05:10:00,1.2043,1.2044,1.204,1.2041,11
2005-06-15 05:11:00,1.2042,1.2043,1.2042,1.2042,8
2005-06-15 05:12:00,1.2044,1.2044,1.2042,1.2042,8
2005-06-15 05:13:00,1.2043,1.2044,1.2043,1.2044,6
2005-06-15 05:14:00,1.2044,1.2044,1.2043,1.2043,8
2005-06-15 05:15:00,1.2043,1.2044,1.2043,1.2043,5
2005-06-15 05:16:00,1.2043,1.2043,1.2042,1.2043,5
2005-06-15 05:17:00,1.2043,1.2043,1.2043,1.2043,2
2005-06-15 05:18:00,1.2045,1.2045,1.2043,1.2043,8
2005-06-15 05:19:00,1.2045,1.2045,1.2044,1.2044,12
2005-06-15 05:20:00,1.2045,1.2045,1.2044,1.2044,11
2005-06-15 05:21:00,1.2044,1.2044,1.2044,1.2044,8
2005-06-15 05:22:00,1.2043,1.2044,1.2043,1.2044,7
2005-06-15 05:23:00,1.2044,1.2044,1.2043,1.2043,6
2005-06-15 05:24:00,1.2044,1.2044,1.2044,1.2044,2
2005-06-15 05:25:00,1.2043,1.2044,1.2043,1.2044,5
2005-06-15 05:26:00,1.2043,1.2044,1.2043,1.2043,6
2005-06-15 05:27:00,1.2043,1.2044,1.2043,1.2043,7
2005-06-15 05:28:00,1.2044,1.2044,1.2043,1.2043,9
2005-06-15 05:29:00,1.2045,1.2045,1.2044,1.2044,9
2005-06-15 05:30:00,1.2048,1.2049,1.2045,1.2045,17
2005-06-15 05:31:00,1.2047,1.2049,1.2046,1.2048,20
2005-06-15 05:32:00,1.2047,1.2048,1.2047,1.2047,5
2005-06-15 05:33:00,1.205,1.205,1.2048,1.2048,6
2005-06-15 05:34:00,1.205,1.2051,1.2049,1.2051,13
2005-06-15 05:35:00,1.2052,1.2053,1.2049,1.2049,16
2005-06-15 05:36:00,1.2051,1.2052,1.205,1.2052,17
2005-06-15 05:37:00,1.2049,1.2051,1.2049,1.2051,15
2005-06-15 05:38:00,1.2046,1.205,1.2046,1.2049,12
2005-06-15 05:39:00,1.2045,1.2046,1.2045,1.2046,12
2005-06-15 05:40:00,1.2046,1.2046,1.2045,1.2045,8
2005-06-15 05:41:00,1.2047,1.2047,1.2045,1.2045,10
2005-06-15 05:42:00,1.2047,1.2047,1.2046,1.2047,8
2005-06-15 05:43:00,1.2047,1.2047,1.2047,1.2047,5
2005-06-15 05:44:00,1.2048,1.2048,1.2047,1.2047,6
2005-06-15 05:45:00,1.2047,1.2048,1.2047,1.2048,9
2005-06-15 05:46:00,1.2047,1.2048,1.2046,1.2048,11
2005-06-15 05:47:00,1.2047,1.2048,1.2047,1.2047,7
2005-06-15 05:48:00,1.2048,1.2048,1.2047,1.2048,5
2005-06-15 05:49:00,1.2047,1.2048,1.2047,1.2048,8
2005-06-15 05:50:00,1.2048,1.2048,1.2047,1.2047,8
2005-06-15 05:51:00,1.2049,1.2049,1.2048,1.2048,8
2005-06-15 05:52:00,1.2048,1.2049,1.2048,1.2049,7
2005-06-15 05:53:00,1.2045,1.2048,1.2045,1.2048,14
2005-06-15 05:54:00,1.2046,1.2046,1.2045,1.2045,4
2005-06-15 05:55:00,1.2046,1.2046,1.2046,1.2046,10
2005-06-15 05:56:00,1.2044,1.2046,1.2043,1.2046,17
2005-06-15 05:57:00,1.2044,1.2044,1.2043,1.2043,10
2005-06-15 05:58:00,1.2044,1.2044,1.2043,1.2044,7
2005-06-15 05:59:00,1.2046,1.2046,1.2044,1.2044,7
2005-06-15 06:00:00,1.2046,1.2047,1.2044,1.2047,18
2005-06-15 06:01:00,1.2045,1.2045,1.2044,1.2045,18
2005-06-15 06:02:00,1.2046,1.2046,1.2045,1.2045,11
2005-06-15 06:03:00,1.2046,1.2046,1.2045,1.2045,11
2005-06-15 06:04:00,1.2046,1.2046,1.2046,1.2046,16
2005-06-15 06:05:00,1.20468,1.20468,1.2045,1.2046,26
2005-06-15 06:06:00,1.20498,1.20498,1.20468,1.20468,40
2005-06-15 06:07:00,1.20498,1.20508,1.20478,1.20488,41
2005-06-15 06:08:00,1.20488,1.20508,1.20478,1.20498,47
2005-06-15 06:09:00,1.20468,1.20498,1.20468,1.20488,45
2005-06-15 06:10:00,1.20468,1.20478,1.20458,1.20468,41
2005-06-15 06:11:00,1.20458,1.20478,1.20458,1.20468,41
2005-06-15 06:12:00,1.20438,1.20458,1.20428,1.20458,38
2005-06-15 06:13:00,1.20438,1.20438,1.20438,1.20438,26
2005-06-15 06:14:00,1.20448,1.20448,1.20438,1.20438,29
2005-06-15 06:15:00,1.20438,1.20448,1.20438,1.20448,25
2005-06-15 06:16:00,1.20408,1.20438,1.20408,1.20438,50
2005-06-15 06:17:00,1.20428,1.20428,1.20408,1.20408,37
2005-06-15 06:18:00,1.20422,1.20428,1.20398,1.20428,42
2005-06-15 06:19:00,1.20432,1.20432,1.20422,1.20422,38
2005-06-15 06:20:00,1.20452,1.20452,1.20432,1.20432,54
2005-06-15 06:21:00,1.20442,1.20442,1.20432,1.20442,34
2005-06-15 06:22:00,1.20422,1.20442,1.20422,1.20442,31
2005-06-15 06:23:00,1.20422,1.20422,1.20422,1.20422,21
2005-06-15 06:24:00,1.20372,1.20422,1.20372,1.20422,40
2005-06-15 06:25:00,1.20362,1.20372,1.20362,1.20372,43
2005-06-15 06:26:00,1.20362,1.20372,1.20352,1.20362,42
2005-06-15 06:27:00,1.20332,1.20362,1.20322,1.20362,45
2005-06-15 06:28:00,1.20342,1.20352,1.20332,1.20332,42
2005-06-15 06:29:00,1.20332,1.20342,1.20312,1.20332,46
2005-06-15 06:30:00,1.20352,1.20352,1.20322,1.20332,41
2005-06-15 06:31:00,1.20372,1.20372,1.20342,1.20352,45
2005-06-15 06:32:00,1.20432,1.20442,1.20372,1.20372,53
2005-06-15 06:33:00,1.20412,1.20432,1.20412,1.20432,46
2005-06-15 06:34:00,1.20392,1.20412,1.20382,1.20412,46
2005-06-15 06:35:00,1.20402,1.20402,1.20382,1.20382,34
2005-06-15 06:36:00,1.20382,1.20412,1.20382,1.20402,52
2005-06-15 06:37:00,1.20392,1.20402,1.20382,1.20382,41
2005-06-15 06:38:00,1.20392,1.20402,1.20392,1.20392,44
2005-06-15 06:39:00,1.20382,1.20402,1.20382,1.20402,43
2005-06-15 06:40:00,1.20422,1.20422,1.20382,1.20382,43
2005-06-15 06:41:00,1.20452,1.20462,1.20422,1.20422,44
2005-06-15 06:42:00,1.20452,1.20452,1.20442,1.20452,33
2005-06-15 06:43:00,1.20432,1.20452,1.20432,1.20452,32
2005-06-15 06:44:00,1.20402,1.20432,1.20402,1.20422,54
2005-06-15 06:45:00,1.20408,1.20412,1.20392,1.20412,53
2005-06-15 06:46:00,1.20472,1.20477,1.20408,1.20408,46
2005-06-15 06:47:00,1.20468,1.20472,1.20452,1.20472,42
2005-06-15 06:48:00,1.20448,1.20468,1.20428,1.20468,48
2005-06-15 06:49:00,1.20448,1.20448,1.20438,1.20448,33
2005-06-15 06:50:00,1.20388,1.20448,1.20388,1.20448,50
2005-06-15 06:51:00,1.20418,1.20428,1.20388,1.20388,44
2005-06-15 06:52:00,1.20428,1.20428,1.20418,1.20418,28
2005-06-15 06:53:00,1.20438,1.20448,1.20428,1.20428,36
2005-06-15 06:54:00,1.20442,1.20458,1.20438,1.20438,42
2005-06-15 06:55:00,1.20442,1.20452,1.20442,1.20442,43
2005-06-15 06:56:00,1.20452,1.20462,1.20442,1.20442,43
2005-06-15 06:57:00,1.20452,1.20462,1.20452,1.20462,39
2005-06-15 06:58:00,1.20458,1.20462,1.20452,1.20452,35
2005-06-15 06:59:00,1.20478,1.20478,1.20458,1.20458,43
2005-06-15 07:00:00,1.20488,1.20518,1.20478,1.20478,23
2005-06-15 07:01:00,1.20498,1.20498,1.20488,1.20488,39
2005-06-15 07:02:00,1.20538,1.20538,1.20498,1.20498,49
2005-06-15 07:03:00,1.20548,1.20558,1.20538,1.20538,48
2005-06-15 07:04:00,1.20558,1.20578,1.20558,1.20558,57
2005-06-15 07:05:00,1.20538,1.20568,1.20538,1.20568,47
2005-06-15 07:06:00,1.20518,1.20538,1.20518,1.20538,39
2005-06-15 07:07:00,1.20488,1.20528,1.20488,1.20518,39
2005-06-15 07:08:00,1.20508,1.20508,1.20488,1.20488,45
2005-06-15 07:09:00,1.20538,1.20538,1.20498,1.20508,51
2005-06-15 07:10:00,1.20528,1.20538,1.20528,1.20538,45
2005-06-15 07:11:00,1.20538,1.20538,1.20498,1.20528,54
2005-06-15 07:12:00,1.20538,1.20548,1.20528,1.20538,41
2005-06-15 07:13:00,1.20538,1.20538,1.20528,1.20538,40
2005-06-15 07:14:00,1.20528,1.20538,1.20528,1.20538,36
2005-06-15 07:15:00,1.20528,1.20528,1.20528,1.20528,15
2005-06-15 07:16:00,1.20568,1.20568,1.20528,1.20528,40
2005-06-15 07:17:00,1.20542,1.20568,1.20542,1.20568,46
2005-06-15 07:18:00,1.20542,1.20552,1.20522,1.20542,53
2005-06-15 07:19:00,1.20532,1.20552,1.20532,1.20552,41
2005-06-15 07:20:00,1.20542,1.20542,1.20532,1.20532,32
2005-06-15 07:21:00,1.20548,1.20548,1.20532,1.20542,31
2005-06-15 07:22:00,1.20538,1.20548,1.20538,1.20548,32
2005-06-15 07:23:00,1.20538,1.20548,1.20538,1.20538,33
2005-06-15 07:24:00,1.20548,1.20548,1.20538,1.20538,21
2005-06-15 07:25:00,1.20548,1.20558,1.20538,1.20538,43
2005-06-15 07:26:00,1.20558,1.20568,1.20548,1.20548,32
2005-06-15 07:27:00,1.20578,1.20578,1.20548,1.20558,43
2005-06-15 07:28:00,1.20558,1.20578,1.20558,1.20578,35
2005-06-15 07:29:00,1.20548,1.20568,1.20548,1.20558,30
2005-06-15 07:30:00,1.20558,1.20558,1.20548,1.20548,41
2005-06-15 07:31:00,1.20568,1.20568,1.20548,1.20558,46
2005-06-15 07:32:00,1.20548,1.20568,1.20548,1.20568,47
2005-06-15 07:33:00,1.20558,1.20568,1.20548,1.20548,40
2005-06-15 07:34:00,1.20548,1.20558,1.20538,1.20548,51
2005-06-15 07:35:00,1.20538,1.20548,1.20538,1.20548,30
2005-06-15 07:36:00,1.20548,1.20548,1.20538,1.20538,40
2005-06-15 07:37:00,1.20548,1.20558,1.20548,1.20548,30
2005-06-15 07:38:00,1.20538,1.20558,1.20538,1.20548,41
2005-06-15 07:39:00,1.20528,1.20538,1.20528,1.20538,40
2005-06-15 07:40:00,1.20518,1.20538,1.20518,1.20528,35
2005-06-15 07:41:00,1.20528,1.20528,1.20508,1.20518,34
2005-06-15 07:42:00,1.20538,1.20538,1.20528,1.20528,28
2005-06-15 07:43:00,1.20548,1.20548,1.20538,1.20538,41
2005-06-15 07:44:00,1.20568,1.20568,1.20538,1.20548,37
2005-06-15 07:45:00,1.20558,1.20568,1.20558,1.20568,39
2005-06-15 07:46:00,1.20558,1.20568,1.20548,1.20558,32
2005-06-15 07:47:00,1.20558,1.20558,1.20548,1.20548,47
2005-06-15 07:48:00,1.20548,1.20558,1.20538,1.20558,34
2005-06-15 07:49:00,1.20548,1.20558,1.20548,1.20548,38
2005-06-15 07:50:00,1.20568,1.20568,1.20548,1.20548,46
2005-06-15 07:51:00,1.20578,1.20588,1.20568,1.20568,51
2005-06-15 07:52:00,1.20574,1.20594,1.20574,1.20588,54
2005-06-15 07:53:00,1.20582,1.20594,1.20582,1.20584,37
2005-06-15 07:54:00,1.20642,1.20642,1.20582,1.20582,26
2005-06-15 07:55:00,1.2066,1.20672,1.20622,1.20642,63
2005-06-15 07:56:00,1.20676,1.20676,1.2064,1.2066,35
2005-06-15 07:57:00,1.20676,1.20686,1.20666,1.20676,39
2005-06-15 07:58:00,1.20666,1.20676,1.20656,1.20676,38
2005-06-15 07:59:00,1.20716,1.20736,1.20666,1.20666,52
2005-06-15 08:00:00,1.20716,1.20736,1.20706,1.20716,49
2005-06-15 08:01:00,1.20716,1.20726,1.20716,1.20716,40
2005-06-15 08:02:00,1.20716,1.20716,1.20706,1.20716,42
2005-06-15 08:03:00,1.20698,1.20718,1.20698,1.20716,40
2005-06-15 08:04:00,1.20668,1.20698,1.20668,1.20698,49
2005-06-15 08:05:00,1.20674,1.20678,1.20658,1.20668,55
2005-06-15 08:06:00,1.20644,1.20674,1.20644,1.20674,38
2005-06-15 08:07:00,1.20654,1.20664,1.20644,1.20644,32
2005-06-15 08:08:00,1.20684,1.20684,1.20644,1.20654,43
2005-06-15 08:09:00,1.20674,1.20694,1.20674,1.20684,44
2005-06-15 08:10:00,1.20674,1.20684,1.20674,1.20674,39
2005-06-15 08:11:00,1.20668,1.20684,1.20668,1.20674,37
2005-06-15 08:12:00,1.20658,1.20678,1.20658,1.20668,41
2005-06-15 08:13:00,1.20678,1.20678,1.20658,1.20658,28
2005-06-15 08:14:00,1.20658,1.20678,1.20658,1.20678,25
2005-06-15 08:15:00,1.20638,1.20668,1.20638,1.20668,36
2005-06-15 08:16:00,1.20648,1.20658,1.20638,1.20638,41
2005-06-15 08:17:00,1.20632,1.20648,1.20618,1.20648,48
2005-06-15 08:18:00,1.20632,1.20642,1.20632,1.20642,34
2005-06-15 08:19:00,1.20632,1.20642,1.20632,1.20632,34
2005-06-15 08:20:00,1.20632,1.20642,1.20622,1.20632,38
2005-06-15 08:21:00,1.20632,1.20632,1.20632,1.20632,26
2005-06-15 08:22:00,1.20622,1.20632,1.20612,1.20632,40
2005-06-15 08:23:00,1.20632,1.20632,1.20622,1.20622,36
2005-06-15 08:24:00,1.20622,1.20632,1.20622,1.20622,34
2005-06-15 08:25:00,1.20622,1.20622,1.20612,1.20622,29
2005-06-15 08:26:00,1.20582,1.20612,1.20572,1.20612,39
2005-06-15 08:27:00,1.20594,1.20612,1.20572,1.20582,52
2005-06-15 08:28:00,1.20604,1.20604,1.20594,1.20594,35
2005-06-15 08:29:00,1.20598,1.20604,1.20584,1.20604,40
2005-06-15 08:30:00,1.20558,1.20598,1.20538,1.20598,53
2005-06-15 08:31:00,1.20538,1.20568,1.20538,1.20548,48
2005-06-15 08:32:00,1.20558,1.20558,1.20538,1.20538,37
2005-06-15 08:33:00,1.20528,1.20558,1.20518,1.20558,42
2005-06-15 08:34:00,1.20538,1.20538,1.20518,1.20518,39
2005-06-15 08:35:00,1.20558,1.20558,1.20538,1.20538,37
2005-06-15 08:36:00,1.20578,1.20578,1.20558,1.20558,43
2005-06-15 08:37:00,1.20578,1.20588,1.20578,1.20578,38
2005-06-15 08:38:00,1.20538,1.20578,1.20528,1.20578,43
2005-06-15 08:39:00,1.20548,1.20548,1.20538,1.20538,35
2005-06-15 08:40:00,1.20538,1.20548,1.20518,1.20548,45
2005-06-15 08:41:00,1.20498,1.20538,1.20478,1.20538,50
2005-06-15 08:42:00,1.20494,1.20508,1.20494,1.20498,46
2005-06-15 08:43:00,1.2052,1.20524,1.20494,1.20494,55
2005-06-15 08:44:00,1.20533,1.20533,1.20519,1.2052,44
2005-06-15 08:45:00,1.20534,1.20534,1.20523,1.20533,32
2005-06-15 08:46:00,1.20548,1.20554,1.20534,1.20534,42
2005-06-15 08:47:00,1.20544,1.20548,1.20528,1.20538,42
2005-06-15 08:48:00,1.20544,1.20544,1.20534,1.20544,33
2005-06-15 08:49:00,1.20534,1.20544,1.20534,1.20544,25
2005-06-15 08:50:00,1.20508,1.20534,1.20508,1.20534,43
2005-06-15 08:51:00,1.20498,1.20518,1.20488,1.20508,37
2005-06-15 08:52:00,1.20474,1.20498,1.20474,1.20498,26
2005-06-15 08:53:00,1.20458,1.20484,1.20444,1.20474,49
2005-06-15 08:54:00,1.20448,1.20458,1.20428,1.20458,52
2005-06-15 08:55:00,1.20448,1.20448,1.20428,1.20448,46
2005-06-15 08:56:00,1.20438,1.20458,1.20428,1.20438,57
2005-06-15 08:57:00,1.20444,1.20448,1.20428,1.20428,48
2005-06-15 08:58:00,1.20444,1.20454,1.20434,1.20444,43
2005-06-15 08:59:00,1.20454,1.20454,1.20434,1.20434,50
2005-06-15 09:00:00,1.20464,1.20464,1.20454,1.20454,32
2005-06-15 09:01:00,1.20464,1.20464,1.20454,1.20464,42
2005-06-15 09:02:00,1.20454,1.20464,1.20444,1.20464,42
2005-06-15 09:03:00,1.20464,1.20474,1.20454,1.20454,42
2005-06-15 09:04:00,1.20474,1.20474,1.20464,1.20464,31
2005-06-15 09:05:00,1.20474,1.20474,1.20474,1.20474,33
2005-06-15 09:06:00,1.20454,1.20474,1.20454,1.20474,31
2005-06-15 09:07:00,1.20464,1.20464,1.20454,1.20454,36
2005-06-15 09:08:00,1.20464,1.20464,1.20454,1.20464,35
2005-06-15 09:09:00,1.20444,1.20464,1.20444,1.20464,22
2005-06-15 09:10:00,1.20454,1.20454,1.20444,1.20444,24
2005-06-15 09:11:00,1.20464,1.20464,1.20454,1.20454,27
2005-06-15 09:12:00,1.20454,1.20464,1.20454,1.20464,37
2005-06-15 09:13:00,1.20444,1.20454,1.20444,1.20454,36
2005-06-15 09:14:00,1.20434,1.20444,1.20424,1.20444,33
2005-06-15 09:15:00,1.20404,1.20434,1.20404,1.20434,44
2005-06-15 09:16:00,1.20424,1.20434,1.20404,1.20404,42
2005-06-15 09:17:00,1.20424,1.20434,1.20414,1.20424,46
2005-06-15 09:18:00,1.20434,1.20444,1.20414,1.20424,48
2005-06-15 09:19:00,1.20444,1.20444,1.20434,1.20434,34
2005-06-15 09:20:00,1.20434,1.20444,1.20424,1.20444,39
2005-06-15 09:21:00,1.20454,1.20454,1.20434,1.20434,34
2005-06-15 09:22:00,1.20444,1.20454,1.20444,1.20454,29
2005-06-15 09:23:00,1.20444,1.20444,1.20444,1.20444,25
2005-06-15 09:24:00,1.20464,1.20464,1.20444,1.20444,28
2005-06-15 09:25:00,1.20474,1.20474,1.20454,1.20454,37
2005-06-15 09:26:00,1.20474,1.20474,1.20474,1.20474,28
2005-06-15 09:27:00,1.20474,1.20474,1.20474,1.20474,17
2005-06-15 09:28:00,1.20464,1.20474,1.20464,1.20474,19
2005-06-15 09:29:00,1.20464,1.20474,1.20454,1.20464,50
2005-06-15 09:30:00,1.20474,1.20474,1.20454,1.20464,34
2005-06-15 09:31:00,1.20494,1.20494,1.20474,1.20474,42
2005-06-15 09:32:00,1.20494,1.20504,1.20494,1.20494,39
2005-06-15 09:33:00,1.20524,1.20534,1.20494,1.20494,31
2005-06-15 09:34:00,1.20534,1.20544,1.20524,1.20524,54
2005-06-15 09:35:00,1.20552,1.20574,1.20534,1.20534,45
2005-06-15 09:36:00,1.20562,1.20562,1.20542,1.20552,44
2005-06-15 09:37:00,1.20582,1.20582,1.20552,1.20562,26
2005-06-15 09:38:00,1.20572,1.20582,1.20552,1.20582,47
2005-06-15 09:39:00,1.20562,1.20582,1.20562,1.20582,49
2005-06-15 09:40:00,1.20552,1.20562,1.20552,1.20562,32
2005-06-15 09:41:00,1.20554,1.20564,1.20552,1.20552,39
2005-06-15 09:42:00,1.20554,1.20564,1.20554,1.20554,33
2005-06-15 09:43:00,1.20544,1.20554,1.20544,1.20554,31
2005-06-15 09:44:00,1.20524,1.20544,1.20524,1.20544,32
2005-06-15 09:45:00,1.20514,1.20524,1.20514,1.20524,23
2005-06-15 09:46:00,1.20504,1.20524,1.20494,1.20514,44
2005-06-15 09:47:00,1.20474,1.20504,1.20474,1.20504,42
2005-06-15 09:48:00,1.20484,1.20494,1.20464,1.20474,43
2005-06-15 09:49:00,1.20484,1.20494,1.20474,1.20484,39
2005-06-15 09:50:00,1.20454,1.20484,1.20444,1.20484,46
2005-06-15 09:51:00,1.20454,1.20454,1.20444,1.20454,38
2005-06-15 09:52:00,1.20434,1.20464,1.20434,1.20454,46
2005-06-15 09:53:00,1.20424,1.20444,1.20404,1.20444,54
2005-06-15 09:54:00,1.20454,1.20454,1.20424,1.20424,50
2005-06-15 09:55:00,1.20454,1.20464,1.20444,1.20454,41
2005-06-15 09:56:00,1.20454,1.20464,1.20454,1.20454,34
2005-06-15 09:57:00,1.20464,1.20464,1.20454,1.20454,11
2005-06-15 09:58:00,1.20474,1.20484,1.20464,1.20464,42
2005-06-15 09:59:00,1.20474,1.20474,1.20474,1.20474,22
2005-06-15 10:00:00,1.20484,1.20484,1.20474,1.20474,27
2005-06-15 10:01:00,1.20504,1.20504,1.20474,1.20484,43
2005-06-15 10:02:00,1.20504,1.20514,1.20504,1.20504,29
2005-06-15 10:03:00,1.20504,1.20524,1.20504,1.20504,42
2005-06-15 10:04:00,1.20484,1.20504,1.20474,1.20504,43
2005-06-15 10:05:00,1.20474,1.20484,1.20474,1.20484,28
2005-06-15 10:06:00,1.20434,1.20474,1.20434,1.20474,35
2005-06-15 10:07:00,1.20444,1.20444,1.20434,1.20434,39
2005-06-15 10:08:00,1.20434,1.20444,1.20434,1.20444,23
2005-06-15 10:09:00,1.20434,1.20434,1.20434,1.20434,16
2005-06-15 10:10:00,1.20444,1.20444,1.20434,1.20434,19
2005-06-15 10:11:00,1.20434,1.20454,1.20434,1.20444,22
2005-06-15 10:12:00,1.20434,1.20434,1.20434,1.20434,25
2005-06-15 10:13:00,1.20434,1.20444,1.20434,1.20444,32
2005-06-15 10:14:00,1.20424,1.20434,1.20424,1.20434,31
2005-06-15 10:15:00,1.20414,1.20434,1.20414,1.20424,49
2005-06-15 10:16:00,1.20414,1.20424,1.20414,1.20414,43
2005-06-15 10:17:00,1.20414,1.20424,1.20414,1.20414,27
2005-06-15 10:18:00,1.20424,1.20424,1.20414,1.20414,29
2005-06-15 10:19:00,1.20424,1.20434,1.20424,1.20424,38
2005-06-15 10:20:00,1.20424,1.20424,1.20424,1.20424,25
2005-06-15 10:21:00,1.20414,1.20424,1.20414,1.20414,36
2005-06-15 10:22:00,1.20404,1.20424,1.20404,1.20414,36
2005-06-15 10:23:00,1.20394,1.20404,1.20394,1.20404,44
2005-06-15 10:24:00,1.20414,1.20414,1.20394,1.20394,36
2005-06-15 10:25:00,1.20444,1.20454,1.20414,1.20414,45
2005-06-15 10:26:00,1.20454,1.20464,1.20444,1.20444,44
2005-06-15 10:27:00,1.20484,1.20484,1.20454,1.20454,40
2005-06-15 10:28:00,1.20478,1.20484,1.20478,1.20484,25
2005-06-15 10:29:00,1.20478,1.20488,1.20478,1.20478,35
2005-06-15 10:30:00,1.20468,1.20478,1.20458,1.20478,30
2005-06-15 10:31:00,1.20478,1.20478,1.20468,1.20468,37
2005-06-15 10:32:00,1.20458,1.20478,1.20458,1.20478,40
2005-06-15 10:33:00,1.20478,1.20478,1.20458,1.20458,44
2005-06-15 10:34:00,1.20468,1.20478,1.20468,1.20478,45
2005-06-15 10:35:00,1.20458,1.20468,1.20458,1.20468,39
2005-06-15 10:36:00,1.20458,1.20468,1.20458,1.20458,39
2005-06-15 10:37:00,1.20458,1.20458,1.20448,1.20458,33
2005-06-15 10:38:00,1.20448,1.20458,1.20448,1.20458,27
2005-06-15 10:39:00,1.20428,1.20448,1.20428,1.20448,38
2005-06-15 10:40:00,1.20388,1.20428,1.20368,1.20428,51
2005-06-15 10:41:00,1.20378,1.20388,1.20378,1.20388,32
2005-06-15 10:42:00,1.20378,1.20388,1.20378,1.20378,30
2005-06-15 10:43:00,1.20392,1.20392,1.20372,1.20378,30
2005-06-15 10:44:00,1.20382,1.20402,1.20382,1.20392,45
2005-06-15 10:45:00,1.20372,1.20382,1.20362,1.20382,41
2005-06-15 10:46:00,1.20382,1.20382,1.20362,1.20372,37
2005-06-15 10:47:00,1.20382,1.20382,1.20372,1.20382,33
2005-06-15 10:48:00,1.20392,1.20392,1.20382,1.20382,39
2005-06-15 10:49:00,1.20372,1.20392,1.20362,1.20392,50
2005-06-15 10:50:00,1.20382,1.20382,1.20372,1.20372,30
2005-06-15 10:51:00,1.20402,1.20402,1.20372,1.20372,46
2005-06-15 10:52:00,1.20392,1.20402,1.20382,1.20402,40
2005-06-15 10:53:00,1.20422,1.20422,1.20392,1.20402,51
2005-06-15 10:54:00,1.20442,1.20452,1.20412,1.20422,43
2005-06-15 10:55:00,1.20432,1.20442,1.20422,1.20442,35
2005-06-15 10:56:00,1.20422,1.20432,1.20422,1.20432,30
2005-06-15 10:57:00,1.20392,1.20422,1.20392,1.20422,48
2005-06-15 10:58:00,1.20402,1.20402,1.20382,1.20392,41
2005-06-15 10:59:00,1.20402,1.20412,1.20392,1.20402,40
2005-06-15 11:00:00,1.20412,1.20432,1.20402,1.20402,44
2005-06-15 11:01:00,1.20402,1.20412,1.20402,1.20412,27
2005-06-15 11:02:00,1.20402,1.20402,1.20402,1.20402,16
2005-06-15 11:03:00,1.20402,1.20402,1.20402,1.20402,10
2005-06-15 11:04:00,1.20392,1.20402,1.20392,1.20402,34
2005-06-15 11:05:00,1.20402,1.20402,1.20392,1.20392,25
2005-06-15 11:06:00,1.20412,1.20412,1.20402,1.20402,27
2005-06-15 11:07:00,1.20412,1.20432,1.20402,1.20412,49
2005-06-15 11:08:00,1.20412,1.20422,1.20402,1.20422,38
2005-06-15 11:09:00,1.20422,1.20422,1.20412,1.20412,26
2005-06-15 11:10:00,1.20412,1.20422,1.20412,1.20422,32
2005-06-15 11:11:00,1.20412,1.20412,1.20412,1.20412,13
2005-06-15 11:12:00,1.20412,1.20412,1.20412,1.20412,17
2005-06-15 11:13:00,1.20432,1.20432,1.20412,1.20412,30
2005-06-15 11:14:00,1.20432,1.20432,1.20432,1.20432,31
2005-06-15 11:15:00,1.20452,1.20462,1.20432,1.20432,42
2005-06-15 11:16:00,1.20452,1.20462,1.20442,1.20452,50
2005-06-15 11:17:00,1.20452,1.20462,1.20452,1.20452,31
2005-06-15 11:18:00,1.20462,1.20472,1.20452,1.20452,39
2005-06-15 11:19:00,1.20492,1.20492,1.20462,1.20462,38
2005-06-15 11:20:00,1.20472,1.20492,1.20472,1.20492,41
2005-06-15 11:21:00,1.20448,1.20468,1.20448,1.20468,25
2005-06-15 11:22:00,1.20438,1.20448,1.20438,1.20448,36
2005-06-15 11:23:00,1.20438,1.20438,1.20438,1.20438,23
2005-06-15 11:24:00,1.20448,1.20448,1.20428,1.20438,35
2005-06-15 11:25:00,1.20458,1.20458,1.20438,1.20448,46
2005-06-15 11:26:00,1.20508,1.20508,1.20458,1.20458,48
2005-06-15 11:27:00,1.20498,1.20508,1.20488,1.20508,47
2005-06-15 11:28:00,1.20498,1.20508,1.20488,1.20498,45
2005-06-15 11:29:00,1.20478,1.20498,1.20468,1.20498,48
2005-06-15 11:30:00,1.20478,1.20488,1.20468,1.20468,40
2005-06-15 11:31:00,1.20478,1.20478,1.20468,1.20478,26
2005-06-15 11:32:00,1.20488,1.20498,1.20468,1.20478,47
2005-06-15 11:33:00,1.20498,1.20498,1.20488,1.20488,28
2005-06-15 11:34:00,1.20498,1.20508,1.20498,1.20498,35
2005-06-15 11:35:00,1.20488,1.20498,1.20488,1.20498,20
2005-06-15 11:36:00,1.20498,1.20498,1.20488,1.20488,30
2005-06-15 11:37:00,1.20498,1.20498,1.20498,1.20498,21
2005-06-15 11:38:00,1.20498,1.20498,1.20488,1.20498,28
2005-06-15 11:39:00,1.20478,1.20498,1.20478,1.20498,35
2005-06-15 11:40:00,1.20488,1.20488,1.20478,1.20478,28
2005-06-15 11:41:00,1.20498,1.20508,1.20478,1.20488,38
2005-06-15 11:42:00,1.20498,1.20498,1.20498,1.20498,17
2005-06-15 11:43:00,1.20478,1.20498,1.20478,1.20498,39
2005-06-15 11:44:00,1.20458,1.20478,1.20458,1.20478,33
2005-06-15 11:45:00,1.20448,1.20468,1.20448,1.20458,27
2005-06-15 11:46:00,1.20478,1.20478,1.20448,1.20448,31
2005-06-15 11:47:00,1.20498,1.20508,1.20468,1.20468,53
2005-06-15 11:48:00,1.20518,1.20528,1.20498,1.20498,47
2005-06-15 11:49:00,1.20518,1.20518,1.20508,1.20518,43
2005-06-15 11:50:00,1.20518,1.20528,1.20508,1.20518,43
2005-06-15 11:51:00,1.20518,1.20528,1.20508,1.20518,46
2005-06-15 11:52:00,1.20512,1.20522,1.20508,1.20508,44
2005-06-15 11:53:00,1.20542,1.20542,1.20512,1.20512,31
2005-06-15 11:54:00,1.20532,1.20552,1.20532,1.20542,42
2005-06-15 11:55:00,1.20532,1.20532,1.20532,1.20532,26
2005-06-15 11:56:00,1.20562,1.20572,1.20512,1.20532,52
2005-06-15 11:57:00,1.20578,1.20588,1.20562,1.20572,48
2005-06-15 11:58:00,1.20578,1.20598,1.20574,1.20578,45
2005-06-15 11:59:00,1.20582,1.20582,1.20568,1.20578,47
2005-06-15 12:00:00,1.20572,1.20582,1.20572,1.20582,47
2005-06-15 12:01:00,1.20632,1.20632,1.20572,1.20572,53
2005-06-15 12:02:00,1.20618,1.20638,1.20618,1.20632,45
2005-06-15 12:03:00,1.20618,1.20618,1.20598,1.20618,48
2005-06-15 12:04:00,1.20606,1.20626,1.20596,1.20618,53
2005-06-15 12:05:00,1.20606,1.20616,1.20606,1.20606,47
2005-06-15 12:06:00,1.20636,1.20646,1.20606,1.20606,43
2005-06-15 12:07:00,1.20686,1.20696,1.20646,1.20646,55
2005-06-15 12:08:00,1.20676,1.20686,1.20666,1.20686,44
2005-06-15 12:09:00,1.20676,1.20676,1.20666,1.20666,37
2005-06-15 12:10:00,1.20676,1.20686,1.20666,1.20676,38
2005-06-15 12:11:00,1.20676,1.20676,1.20666,1.20676,33
2005-06-15 12:12:00,1.20676,1.20676,1.20666,1.20676,34
2005-06-15 12:13:00,1.20686,1.20686,1.20676,1.20676,39
2005-06-15 12:14:00,1.20686,1.20696,1.20686,1.20686,34
2005-06-15 12:15:00,1.20666,1.20686,1.20666,1.20686,39
2005-06-15 12:16:00,1.20656,1.20676,1.20656,1.20666,45
2005-06-15 12:17:00,1.20646,1.20666,1.20646,1.20666,48
2005-06-15 12:18:00,1.20678,1.2068,1.2065,1.2065,39
2005-06-15 12:19:00,1.20668,1.20668,1.20658,1.20668,36
2005-06-15 12:20:00,1.20638,1.20668,1.20638,1.20668,49
2005-06-15 12:21:00,1.20642,1.20648,1.20632,1.20638,40
2005-06-15 12:22:00,1.20602,1.20652,1.20602,1.20642,43
2005-06-15 12:23:00,1.20602,1.20612,1.20582,1.20602,51
2005-06-15 12:24:00,1.20572,1.20602,1.20572,1.20602,37
2005-06-15 12:25:00,1.20562,1.20572,1.20562,1.20572,32
2005-06-15 12:26:00,1.20532,1.20572,1.20532,1.20562,39
2005-06-15 12:27:00,1.20502,1.20532,1.20492,1.20532,58
2005-06-15 12:28:00,1.20532,1.20532,1.20502,1.20502,57
2005-06-15 12:29:00,1.20542,1.20542,1.20512,1.20532,44
2005-06-15 12:30:00,1.20562,1.20592,1.20452,1.20542,58
2005-06-15 12:31:00,1.20672,1.20702,1.20522,1.20562,44
2005-06-15 12:32:00,1.20628,1.20738,1.20618,1.20672,58
2005-06-15 12:33:00,1.20547,1.20668,1.20537,1.20628,57
2005-06-15 12:34:00,1.2045,1.20587,1.2043,1.20547,55
2005-06-15 12:35:00,1.204,1.20502,1.204,1.2045,61
2005-06-15 12:36:00,1.20421,1.20421,1.20351,1.2039,50
2005-06-15 12:37:00,1.20292,1.20451,1.20262,1.20421,58
2005-06-15 12:38:00,1.20292,1.20322,1.20262,1.20302,59
2005-06-15 12:39:00,1.20392,1.20392,1.20302,1.20302,51
2005-06-15 12:40:00,1.20412,1.20422,1.20382,1.20382,52
2005-06-15 12:41:00,1.20472,1.20472,1.20372,1.20412,55
2005-06-15 12:42:00,1.20472,1.20482,1.20442,1.20452,55
2005-06-15 12:43:00,1.20482,1.20482,1.20442,1.20472,46
2005-06-15 12:44:00,1.20488,1.20542,1.20472,1.20482,46
2005-06-15 12:45:00,1.20488,1.20508,1.20468,1.20488,48
2005-06-15 12:46:00,1.20538,1.20538,1.20478,1.20488,52
2005-06-15 12:47:00,1.20498,1.20538,1.20458,1.20538,56
2005-06-15 12:48:00,1.20482,1.20508,1.20468,1.20488,44
2005-06-15 12:49:00,1.20542,1.20542,1.20482,1.20482,46
2005-06-15 12:50:00,1.20512,1.20532,1.20502,1.20532,46
2005-06-15 12:51:00,1.20532,1.20532,1.20492,1.20512,58
2005-06-15 12:52:00,1.20482,1.20532,1.20482,1.20532,48
2005-06-15 12:53:00,1.20464,1.20492,1.20462,1.20482,51
2005-06-15 12:54:00,1.20474,1.20494,1.20464,1.20464,47
2005-06-15 12:55:00,1.20483,1.20494,1.20473,1.20474,48
2005-06-15 12:56:00,1.20503,1.20503,1.20463,1.20483,49
2005-06-15 12:57:00,1.20508,1.20508,1.20493,1.20503,45
2005-06-15 12:58:00,1.20508,1.20508,1.20498,1.20508,46
2005-06-15 12:59:00,1.20528,1.20548,1.20508,1.20518,51
2005-06-15 13:00:00,1.20648,1.20828,1.20528,1.20528,41
2005-06-15 13:01:00,1.20618,1.20668,1.20588,1.20648,43
2005-06-15 13:02:00,1.20438,1.20618,1.20418,1.20618,51
2005-06-15 13:03:00,1.2059,1.2059,1.20428,1.20438,62
2005-06-15 13:04:00,1.20568,1.20618,1.20538,1.2059,50
2005-06-15 13:05:00,1.20538,1.20588,1.20528,1.20578,51
2005-06-15 13:06:00,1.20558,1.20628,1.20528,1.20538,48
2005-06-15 13:07:00,1.20548,1.20578,1.20528,1.20538,49
2005-06-15 13:08:00,1.20594,1.20624,1.20544,1.20548,57
2005-06-15 13:09:00,1.20642,1.20662,1.20554,1.20594,58
2005-06-15 13:10:00,1.20632,1.20652,1.20602,1.20652,53
2005-06-15 13:11:00,1.20636,1.20649,1.20626,1.20632,53
2005-06-15 13:12:00,1.20596,1.20636,1.20596,1.20636,45
2005-06-15 13:13:00,1.20596,1.20606,1.20576,1.20596,56
2005-06-15 13:14:00,1.20536,1.20596,1.20536,1.20596,54
2005-06-15 13:15:00,1.20516,1.20576,1.20486,1.20546,60
2005-06-15 13:16:00,1.205,1.20536,1.20476,1.20516,56
2005-06-15 13:17:00,1.2044,1.205,1.2043,1.205,47
2005-06-15 13:18:00,1.2038,1.2043,1.2034,1.2043,62
2005-06-15 13:19:00,1.20413,1.20443,1.2037,1.2038,51
2005-06-15 13:20:00,1.20442,1.20454,1.20403,1.20413,51
2005-06-15 13:21:00,1.20492,1.20492,1.20432,1.20442,41
2005-06-15 13:22:00,1.20532,1.20542,1.20452,1.20492,48
2005-06-15 13:23:00,1.20492,1.20562,1.20492,1.20532,53
2005-06-15 13:24:00,1.20628,1.20628,1.20492,1.20492,49
2005-06-15 13:25:00,1.20668,1.20688,1.20628,1.20638,51
2005-06-15 13:26:00,1.20668,1.20698,1.20668,1.20678,47
2005-06-15 13:27:00,1.20666,1.20688,1.20656,1.20658,38
2005-06-15 13:28:00,1.20656,1.20686,1.20646,1.20666,41
2005-06-15 13:29:00,1.20676,1.20676,1.20656,1.20656,47
2005-06-15 13:30:00,1.20672,1.20696,1.20672,1.20676,48
2005-06-15 13:31:00,1.20686,1.20686,1.20662,1.20672,32
2005-06-15 13:32:00,1.20836,1.20856,1.20666,1.20686,15
2005-06-15 13:33:00,1.20896,1.20896,1.20796,1.20826,49
2005-06-15 13:34:00,1.20916,1.20966,1.20876,1.20966,41
2005-06-15 13:35:00,1.20906,1.20926,1.20906,1.20916,8
2005-06-15 13:36:00,1.20955,1.20975,1.20905,1.20906,54
2005-06-15 13:37:00,1.2096,1.21,1.2092,1.20955,42
2005-06-15 13:38:00,1.2106,1.2108,1.2097,1.2098,55
2005-06-15 13:39:00,1.2114,1.2116,1.2106,1.2106,36
2005-06-15 13:40:00,1.2104,1.2115,1.2104,1.2115,35
2005-06-15 13:41:00,1.2108,1.2108,1.21,1.2104,43
2005-06-15 13:42:00,1.2105,1.211,1.2105,1.2109,54
2005-06-15 13:43:00,1.2107,1.2107,1.2103,1.2106,49
2005-06-15 13:44:00,1.2097,1.2107,1.2096,1.2107,57
2005-06-15 13:45:00,1.2105,1.2108,1.2093,1.2097,55
2005-06-15 13:46:00,1.2102,1.2107,1.2102,1.2105,51
2005-06-15 13:47:00,1.2102,1.2105,1.2098,1.2102,51
2005-06-15 13:48:00,1.2101,1.2103,1.2099,1.2102,52
2005-06-15 13:49:00,1.2101,1.2103,1.2095,1.21,58
2005-06-15 13:50:00,1.2099,1.2102,1.2098,1.21,47
2005-06-15 13:51:00,1.2101,1.2103,1.2098,1.2099,45
2005-06-15 13:52:00,1.2103,1.2104,1.21,1.2101,50
2005-06-15 13:53:00,1.2111,1.2111,1.2103,1.2103,50
2005-06-15 13:54:00,1.2108,1.2111,1.2105,1.2111,55
2005-06-15 13:55:00,1.2112,1.2113,1.2109,1.2109,55
2005-06-15 13:56:00,1.2114,1.2116,1.2112,1.2112,62
2005-06-15 13:57:00,1.2115,1.2117,1.2113,1.2115,51
2005-06-15 13:58:00,1.2112,1.2116,1.2111,1.2116,46
2005-06-15 13:59:00,1.211,1.2112,1.211,1.2112,51
2005-06-15 14:00:00,1.211,1.2113,1.2109,1.211,50
2005-06-15 14:01:00,1.2103,1.211,1.2103,1.211,60
2005-06-15 14:02:00,1.21,1.2104,1.2098,1.2103,52
2005-06-15 14:03:00,1.20973,1.2101,1.20953,1.21,51
2005-06-15 14:04:00,1.20983,1.21003,1.20943,1.20973,59
2005-06-15 14:05:00,1.20953,1.20983,1.20943,1.20983,56
2005-06-15 14:06:00,1.20933,1.20993,1.20933,1.20953,49
2005-06-15 14:07:00,1.21003,1.21023,1.20943,1.20943,60
2005-06-15 14:08:00,1.21003,1.21033,1.20993,1.21003,60
2005-06-15 14:09:00,1.21023,1.21043,1.21003,1.21003,46
2005-06-15 14:10:00,1.21003,1.21033,1.20993,1.21013,45
2005-06-15 14:11:00,1.20983,1.21013,1.20983,1.21003,47
2005-06-15 14:12:00,1.20993,1.21003,1.20983,1.20993,46
2005-06-15 14:13:00,1.21023,1.21033,1.20973,1.20993,44
2005-06-15 14:14:00,1.21033,1.21033,1.21003,1.21023,45
2005-06-15 14:15:00,1.20983,1.21043,1.20983,1.21033,55
2005-06-15 14:16:00,1.20973,1.20993,1.20973,1.20983,46
2005-06-15 14:17:00,1.20948,1.20973,1.20933,1.20973,39
2005-06-15 14:18:00,1.20928,1.20948,1.20918,1.20948,50
2005-06-15 14:19:00,1.20988,1.20988,1.20918,1.20918,53
2005-06-15 14:20:00,1.20953,1.20988,1.20937,1.20988,46
2005-06-15 14:21:00,1.20898,1.20963,1.20883,1.20953,51
2005-06-15 14:22:00,1.20898,1.20918,1.20868,1.20898,49
2005-06-15 14:23:00,1.20898,1.20898,1.20868,1.20888,41
2005-06-15 14:24:00,1.20888,1.20918,1.20878,1.20898,48
2005-06-15 14:25:00,1.20878,1.20898,1.20868,1.20898,53
2005-06-15 14:26:00,1.20838,1.20878,1.20838,1.20878,48
2005-06-15 14:27:00,1.20878,1.20888,1.20838,1.20848,51
2005-06-15 14:28:00,1.20898,1.20958,1.20888,1.20898,52
2005-06-15 14:29:00,1.20868,1.20898,1.20858,1.20898,49
2005-06-15 14:30:00,1.20928,1.20938,1.20868,1.20868,49
2005-06-15 14:31:00,1.20928,1.20928,1.20878,1.20928,56
2005-06-15 14:32:00,1.20948,1.20958,1.20908,1.20928,50
2005-06-15 14:33:00,1.20978,1.20978,1.20928,1.20948,53
2005-06-15 14:34:00,1.20978,1.20998,1.20978,1.20988,38
2005-06-15 14:35:00,1.20988,1.20988,1.20948,1.20978,50
2005-06-15 14:36:00,1.20998,1.20998,1.20968,1.20988,48
2005-06-15 14:37:00,1.20988,1.20998,1.20978,1.20988,43
2005-06-15 14:38:00,1.20973,1.20998,1.20973,1.20988,44
2005-06-15 14:39:00,1.21028,1.21048,1.20963,1.20973,51
2005-06-15 14:40:00,1.21018,1.21028,1.21008,1.21018,41
2005-06-15 14:41:00,1.21038,1.21038,1.21018,1.21018,44
2005-06-15 14:42:00,1.21028,1.21058,1.20988,1.21038,47
2005-06-15 14:43:00,1.20988,1.21028,1.20988,1.21018,47
2005-06-15 14:44:00,1.20988,1.20998,1.20978,1.20998,51
2005-06-15 14:45:00,1.20998,1.21008,1.20968,1.20988,53
2005-06-15 14:46:00,1.20998,1.21018,1.20998,1.20998,49
2005-06-15 14:47:00,1.21018,1.21028,1.20978,1.20998,53
2005-06-15 14:48:00,1.20988,1.21018,1.20978,1.21018,46
2005-06-15 14:49:00,1.20998,1.21018,1.20988,1.20988,49
2005-06-15 14:50:00,1.21038,1.21048,1.20998,1.20998,48
2005-06-15 14:51:00,1.21018,1.21038,1.21018,1.21038,40
2005-06-15 14:52:00,1.21028,1.21028,1.21008,1.21018,45
2005-06-15 14:53:00,1.21068,1.21088,1.21028,1.21028,45
2005-06-15 14:54:00,1.2104,1.21068,1.21018,1.21068,55
2005-06-15 14:55:00,1.2108,1.2108,1.2103,1.2104,44
2005-06-15 14:56:00,1.2113,1.2113,1.2106,1.2108,52
2005-06-15 14:57:00,1.2115,1.2115,1.211,1.2113,56
2005-06-15 14:58:00,1.2111,1.2115,1.211,1.2115,50
2005-06-15 14:59:00,1.21095,1.2111,1.21065,1.2111,49
2005-06-15 15:00:00,1.21105,1.21125,1.21095,1.21095,52
2005-06-15 15:01:00,1.21125,1.21125,1.21095,1.21095,36
2005-06-15 15:02:00,1.21065,1.21125,1.21065,1.21125,42
2005-06-15 15:03:00,1.21055,1.21085,1.21045,1.21075,44
2005-06-15 15:04:00,1.21035,1.21075,1.21015,1.21055,41
2005-06-15 15:05:00,1.20985,1.21035,1.20985,1.21035,44
2005-06-15 15:06:00,1.2097,1.20985,1.20925,1.20985,49
2005-06-15 15:07:00,1.20975,1.21005,1.2097,1.2097,53
2005-06-15 15:08:00,1.20935,1.20985,1.20935,1.20975,53
2005-06-15 15:09:00,1.20975,1.20985,1.20935,1.20935,50
2005-06-15 15:10:00,1.20995,1.20995,1.20985,1.20985,39
2005-06-15 15:11:00,1.20985,1.21005,1.20985,1.20995,36
2005-06-15 15:12:00,1.20975,1.21015,1.20975,1.20985,43
2005-06-15 15:13:00,1.20995,1.21005,1.20965,1.20975,43
2005-06-15 15:14:00,1.20985,1.21015,1.20985,1.20995,39
2005-06-15 15:15:00,1.20975,1.20985,1.20955,1.20985,49
2005-06-15 15:16:00,1.20955,1.20975,1.20955,1.20975,44
2005-06-15 15:17:00,1.20925,1.20955,1.20895,1.20955,51
2005-06-15 15:18:00,1.20875,1.20945,1.20865,1.20925,50
2005-06-15 15:19:00,1.20895,1.20895,1.20855,1.20875,48
2005-06-15 15:20:00,1.20925,1.20925,1.20895,1.20895,50
2005-06-15 15:21:00,1.20935,1.20955,1.20925,1.20925,48
2005-06-15 15:22:00,1.20945,1.20945,1.20935,1.20935,35
2005-06-15 15:23:00,1.20945,1.20975,1.20945,1.20945,49
2005-06-15 15:24:00,1.20945,1.20955,1.20935,1.20945,41
2005-06-15 15:25:00,1.20925,1.20945,1.20915,1.20935,44
2005-06-15 15:26:00,1.20995,1.21015,1.20935,1.20935,45
2005-06-15 15:27:00,1.21005,1.21005,1.20985,1.20985,51
2005-06-15 15:28:00,1.20995,1.21015,1.20985,1.21005,43
2005-06-15 15:29:00,1.21035,1.21035,1.20995,1.20995,40
2005-06-15 15:30:00,1.21015,1.21035,1.21005,1.21025,50
2005-06-15 15:31:00,1.21005,1.21015,1.20985,1.21005,47
2005-06-15 15:32:00,1.21005,1.21015,1.20995,1.21005,38
2005-06-15 15:33:00,1.20995,1.21005,1.20995,1.21005,33
2005-06-15 15:34:00,1.20975,1.20995,1.20965,1.20995,39
2005-06-15 15:35:00,1.21005,1.21035,1.20985,1.20985,50
2005-06-15 15:36:00,1.21005,1.21015,1.20995,1.21005,40
2005-06-15 15:37:00,1.21025,1.21025,1.21005,1.21005,40
2005-06-15 15:38:00,1.21025,1.21025,1.21005,1.21025,48
2005-06-15 15:39:00,1.21055,1.21075,1.21015,1.21025,44
2005-06-15 15:40:00,1.21045,1.21065,1.21045,1.21055,32
2005-06-15 15:41:00,1.21085,1.21085,1.21045,1.21045,36
2005-06-15 15:42:00,1.21115,1.21115,1.21075,1.21085,46
2005-06-15 15:43:00,1.21035,1.21115,1.21025,1.21115,44
2005-06-15 15:44:00,1.21045,1.21055,1.21015,1.21025,54
2005-06-15 15:45:00,1.21035,1.21065,1.21035,1.21045,46
2005-06-15 15:46:00,1.21015,1.21035,1.20995,1.21035,54
2005-06-15 15:47:00,1.21045,1.21055,1.21015,1.21015,42
2005-06-15 15:48:00,1.21025,1.21045,1.21015,1.21045,43
2005-06-15 15:49:00,1.21045,1.21045,1.21025,1.21025,32
2005-06-15 15:50:00,1.21015,1.21055,1.20985,1.21045,50
2005-06-15 15:51:00,1.21015,1.21015,1.20985,1.21005,43
2005-06-15 15:52:00,1.21015,1.21025,1.21015,1.21015,29
2005-06-15 15:53:00,1.20995,1.21015,1.20995,1.21005,41
2005-06-15 15:54:00,1.21005,1.21005,1.20985,1.20995,39
2005-06-15 15:55:00,1.21005,1.21005,1.20995,1.21005,40
2005-06-15 15:56:00,1.21015,1.21025,1.21005,1.21005,34
2005-06-15 15:57:00,1.21045,1.21045,1.21015,1.21015,42
2005-06-15 15:58:00,1.21055,1.21055,1.21045,1.21045,36
2005-06-15 15:59:00,1.21045,1.21065,1.21045,1.21055,34
2005-06-15 16:00:00,1.21035,1.21045,1.21035,1.21045,35
2005-06-15 16:01:00,1.21048,1.21058,1.21035,1.21035,36
2005-06-15 16:02:00,1.21078,1.21078,1.21048,1.21048,43
2005-06-15 16:03:00,1.21058,1.21098,1.21058,1.21088,45
2005-06-15 16:04:00,1.21068,1.21068,1.21058,1.21058,27
2005-06-15 16:05:00,1.21078,1.21078,1.21068,1.21068,36
2005-06-15 16:06:00,1.21068,1.21078,1.21068,1.21078,31
2005-06-15 16:07:00,1.21078,1.21078,1.21068,1.21068,39
2005-06-15 16:08:00,1.21078,1.21078,1.21068,1.21078,36
2005-06-15 16:09:00,1.21068,1.21088,1.21068,1.21078,41
2005-06-15 16:10:00,1.21078,1.21078,1.21058,1.21068,27
2005-06-15 16:11:00,1.21058,1.21078,1.21058,1.21078,37
2005-06-15 16:12:00,1.21038,1.21068,1.21038,1.21058,40
2005-06-15 16:13:00,1.21048,1.21048,1.21038,1.21038,29
2005-06-15 16:14:00,1.21048,1.21048,1.21038,1.21048,24
2005-06-15 16:15:00,1.21058,1.21058,1.21038,1.21048,43
2005-06-15 16:16:00,1.21058,1.21068,1.21058,1.21058,26
2005-06-15 16:17:00,1.21058,1.21058,1.21038,1.21058,35
2005-06-15 16:18:00,1.21138,1.21138,1.21058,1.21058,45
2005-06-15 16:19:00,1.21108,1.21148,1.21098,1.21148,50
2005-06-15 16:20:00,1.21118,1.21128,1.21098,1.21098,41
2005-06-15 16:21:00,1.21098,1.21118,1.21088,1.21118,30
2005-06-15 16:22:00,1.21098,1.21098,1.21098,1.21098,22
2005-06-15 16:23:00,1.21088,1.21108,1.21088,1.21098,34
2005-06-15 16:24:00,1.21088,1.21098,1.21078,1.21088,41
2005-06-15 16:25:00,1.21088,1.21098,1.21078,1.21088,43
2005-06-15 16:26:00,1.21088,1.21088,1.21078,1.21088,24
2005-06-15 16:27:00,1.21078,1.21078,1.21068,1.21078,39
2005-06-15 16:28:00,1.21058,1.21078,1.21048,1.21078,40
2005-06-15 16:29:00,1.21018,1.21058,1.21018,1.21058,49
2005-06-15 16:30:00,1.20964,1.21008,1.20964,1.21008,47
2005-06-15 16:31:00,1.20974,1.20994,1.20964,1.20964,51
2005-06-15 16:32:00,1.20934,1.20974,1.20934,1.20974,50
2005-06-15 16:33:00,1.20964,1.20964,1.20924,1.20934,49
2005-06-15 16:34:00,1.20984,1.21004,1.20964,1.20964,48
2005-06-15 16:35:00,1.21014,1.21034,1.20984,1.20984,51
2005-06-15 16:36:00,1.21004,1.21014,1.20984,1.21014,44
2005-06-15 16:37:00,1.21014,1.21024,1.21004,1.21004,47
2005-06-15 16:38:00,1.21004,1.21014,1.21004,1.21014,26
2005-06-15 16:39:00,1.20974,1.21004,1.20974,1.21004,46
2005-06-15 16:40:00,1.20984,1.20984,1.20964,1.20974,52
2005-06-15 16:41:00,1.20994,1.20994,1.20974,1.20984,49
2005-06-15 16:42:00,1.20984,1.21004,1.20984,1.20994,39
2005-06-15 16:43:00,1.20984,1.20994,1.20984,1.20984,38
2005-06-15 16:44:00,1.21004,1.21004,1.20984,1.20994,36
2005-06-15 16:45:00,1.21024,1.21034,1.21004,1.21004,50
2005-06-15 16:46:00,1.21004,1.21024,1.21004,1.21024,51
2005-06-15 16:47:00,1.21004,1.21024,1.20994,1.21004,36
2005-06-15 16:48:00,1.21044,1.21044,1.21004,1.21004,53
2005-06-15 16:49:00,1.21034,1.21044,1.21024,1.21044,46
2005-06-15 16:50:00,1.21034,1.21034,1.21024,1.21024,41
2005-06-15 16:51:00,1.21034,1.21034,1.21024,1.21024,36
2005-06-15 16:52:00,1.21034,1.21034,1.21024,1.21034,48
2005-06-15 16:53:00,1.21014,1.21044,1.21014,1.21034,45
2005-06-15 16:54:00,1.21024,1.21034,1.21014,1.21014,51
2005-06-15 16:55:00,1.21034,1.21044,1.21024,1.21024,45
2005-06-15 16:56:00,1.21004,1.21034,1.20994,1.21034,51
2005-06-15 16:57:00,1.21014,1.21014,1.20994,1.21004,48
2005-06-15 16:58:00,1.21024,1.21034,1.21014,1.21014,41
2005-06-15 16:59:00,1.21024,1.21024,1.21024,1.21024,20
2005-06-15 17:00:00,1.21014,1.21024,1.21014,1.21024,37
2005-06-15 17:01:00,1.20954,1.21014,1.20954,1.21014,54
2005-06-15 17:02:00,1.20974,1.20974,1.20954,1.20954,39
2005-06-15 17:03:00,1.20974,1.20984,1.20964,1.20974,45
2005-06-15 17:04:00,1.20964,1.20974,1.20964,1.20974,43
2005-06-15 17:05:00,1.20974,1.20974,1.20964,1.20964,20
2005-06-15 17:06:00,1.21014,1.21014,1.20974,1.20974,48
2005-06-15 17:07:00,1.21004,1.21014,1.20994,1.21004,33
2005-06-15 17:08:00,1.20994,1.21004,1.20994,1.21004,36
2005-06-15 17:09:00,1.21024,1.21034,1.20994,1.20994,45
2005-06-15 17:10:00,1.21064,1.21064,1.21024,1.21024,47
2005-06-15 17:11:00,1.21024,1.21064,1.21014,1.21064,51
2005-06-15 17:12:00,1.21044,1.21044,1.21024,1.21024,31
2005-06-15 17:13:00,1.21044,1.21044,1.21044,1.21044,14
2005-06-15 17:14:00,1.21034,1.21034,1.21034,1.21034,17
2005-06-15 17:15:00,1.21054,1.21054,1.21034,1.21034,34
2005-06-15 17:16:00,1.21054,1.21064,1.21044,1.21054,40
2005-06-15 17:17:00,1.21084,1.21084,1.21054,1.21054,39
2005-06-15 17:18:00,1.21074,1.21084,1.21074,1.21084,33
2005-06-15 17:19:00,1.21094,1.21094,1.21074,1.21074,39
2005-06-15 17:20:00,1.21088,1.21118,1.21084,1.21084,55
2005-06-15 17:21:00,1.21068,1.21088,1.21048,1.21088,48
2005-06-15 17:22:00,1.21058,1.21068,1.21058,1.21068,25
2005-06-15 17:23:00,1.21028,1.21058,1.21028,1.21058,33
2005-06-15 17:24:00,1.21028,1.21038,1.21028,1.21028,28
2005-06-15 17:25:00,1.21038,1.21038,1.21038,1.21038,20
2005-06-15 17:26:00,1.21028,1.21038,1.21028,1.21038,22
2005-06-15 17:27:00,1.21028,1.21038,1.21028,1.21028,26
2005-06-15 17:28:00,1.21058,1.21058,1.21028,1.21028,27
2005-06-15 17:29:00,1.21078,1.21078,1.21058,1.21058,36
2005-06-15 17:30:00,1.21078,1.21098,1.21078,1.21078,26
2005-06-15 17:31:00,1.21088,1.21108,1.21078,1.21078,57
2005-06-15 17:32:00,1.21068,1.21088,1.21068,1.21088,30
2005-06-15 17:33:00,1.21058,1.21068,1.21058,1.21068,18
2005-06-15 17:34:00,1.21068,1.21068,1.21048,1.21058,35
2005-06-15 17:35:00,1.21078,1.21078,1.21068,1.21068,15
2005-06-15 17:36:00,1.21058,1.21078,1.21058,1.21078,21
2005-06-15 17:37:00,1.21058,1.21058,1.21058,1.21058,11
2005-06-15 17:38:00,1.21058,1.21058,1.21058,1.21058,12
2005-06-15 17:39:00,1.21058,1.21058,1.21048,1.21058,24
2005-06-15 17:40:00,1.21058,1.21058,1.21048,1.21058,15
2005-06-15 17:41:00,1.21048,1.21058,1.21048,1.21058,16
2005-06-15 17:42:00,1.21058,1.21058,1.21048,1.21048,18
2005-06-15 17:43:00,1.21068,1.21068,1.21048,1.21058,24
2005-06-15 17:44:00,1.21068,1.21068,1.21058,1.21058,20
2005-06-15 17:45:00,1.21068,1.21068,1.21068,1.21068,11
2005-06-15 17:46:00,1.21058,1.21068,1.21058,1.21068,34
2005-06-15 17:47:00,1.21068,1.21068,1.21058,1.21058,26
2005-06-15 17:48:00,1.21048,1.21068,1.21048,1.21068,23
2005-06-15 17:49:00,1.21088,1.21088,1.21048,1.21048,44
2005-06-15 17:50:00,1.21138,1.21148,1.21088,1.21088,45
2005-06-15 17:51:00,1.21148,1.21188,1.21138,1.21138,60
2005-06-15 17:52:00,1.21268,1.21268,1.21138,1.21148,48
2005-06-15 17:53:00,1.21298,1.21298,1.21248,1.21258,51
2005-06-15 17:54:00,1.21268,1.21278,1.21258,1.21278,21
2005-06-15 17:55:00,1.21248,1.21278,1.21248,1.21268,34
2005-06-15 17:56:00,1.21228,1.21248,1.21218,1.21248,46
2005-06-15 17:57:00,1.21248,1.21258,1.21228,1.21228,43
2005-06-15 17:58:00,1.21228,1.21258,1.21218,1.21248,47
2005-06-15 17:59:00,1.21208,1.21238,1.21208,1.21228,35
2005-06-15 18:00:00,1.21198,1.21228,1.21198,1.21208,53
2005-06-15 18:01:00,1.21238,1.21238,1.21188,1.21188,50
2005-06-15 18:02:00,1.21238,1.21238,1.21218,1.21238,49
2005-06-15 18:03:00,1.21238,1.21238,1.21218,1.21238,42
2005-06-15 18:04:00,1.21258,1.21258,1.21238,1.21238,48
2005-06-15 18:05:00,1.21288,1.21288,1.21258,1.21258,54
2005-06-15 18:06:00,1.21278,1.21298,1.21258,1.21278,40
2005-06-15 18:07:00,1.21268,1.21278,1.21258,1.21278,51
2005-06-15 18:08:00,1.21268,1.21268,1.21258,1.21268,44
2005-06-15 18:09:00,1.21258,1.21268,1.21258,1.21258,33
2005-06-15 18:10:00,1.21288,1.21298,1.21258,1.21258,44
2005-06-15 18:11:00,1.21298,1.21328,1.21278,1.21288,48
2005-06-15 18:12:00,1.21268,1.21298,1.21268,1.21298,42
2005-06-15 18:13:00,1.21258,1.21278,1.21238,1.21268,41
2005-06-15 18:14:00,1.21274,1.21274,1.21248,1.21258,42
2005-06-15 18:15:00,1.21234,1.21274,1.21234,1.21264,45
2005-06-15 18:16:00,1.21214,1.21244,1.21214,1.21234,45
2005-06-15 18:17:00,1.21204,1.21214,1.21184,1.21214,47
2005-06-15 18:18:00,1.21212,1.21214,1.21194,1.21204,37
2005-06-15 18:19:00,1.21182,1.21212,1.21182,1.21212,38
2005-06-15 18:20:00,1.21192,1.21192,1.21192,1.21192,19
2005-06-15 18:21:00,1.21182,1.21212,1.21182,1.21202,44
2005-06-15 18:22:00,1.21182,1.21192,1.21162,1.21182,37
2005-06-15 18:23:00,1.21172,1.21182,1.21152,1.21182,41
2005-06-15 18:24:00,1.21192,1.21202,1.21162,1.21172,54
2005-06-15 18:25:00,1.21182,1.21202,1.21172,1.21192,36
2005-06-15 18:26:00,1.21172,1.21182,1.21172,1.21182,21
2005-06-15 18:27:00,1.21182,1.21182,1.21172,1.21172,37
2005-06-15 18:28:00,1.21192,1.21202,1.21182,1.21182,49
2005-06-15 18:29:00,1.21192,1.21192,1.21182,1.21192,19
2005-06-15 18:30:00,1.21192,1.21192,1.21182,1.21192,28
2005-06-15 18:31:00,1.21192,1.21192,1.21192,1.21192,8
2005-06-15 18:32:00,1.21182,1.21192,1.21182,1.21192,14
2005-06-15 18:33:00,1.21192,1.21212,1.21182,1.21182,42
2005-06-15 18:34:00,1.21202,1.21212,1.21192,1.21192,44
2005-06-15 18:35:00,1.21202,1.21202,1.21202,1.21202,16
2005-06-15 18:36:00,1.21202,1.21202,1.21202,1.21202,6
2005-06-15 18:37:00,1.21192,1.21202,1.21192,1.21202,32
2005-06-15 18:38:00,1.21192,1.21202,1.21192,1.21192,27
2005-06-15 18:39:00,1.21182,1.21192,1.21182,1.21192,21
2005-06-15 18:40:00,1.21182,1.21192,1.21182,1.21182,26
2005-06-15 18:41:00,1.21212,1.21212,1.21192,1.21192,25
2005-06-15 18:42:00,1.21212,1.21212,1.21192,1.21212,40
2005-06-15 18:43:00,1.21202,1.21212,1.21202,1.21212,16
2005-06-15 18:44:00,1.21202,1.21212,1.21202,1.21212,36
2005-06-15 18:45:00,1.21202,1.21202,1.21202,1.21202,7
2005-06-15 18:46:00,1.21192,1.21202,1.21192,1.21192,25
2005-06-15 18:47:00,1.21182,1.21192,1.21182,1.21192,37
2005-06-15 18:48:00,1.21182,1.21192,1.21182,1.21182,32
2005-06-15 18:49:00,1.21192,1.21192,1.21182,1.21182,35
2005-06-15 18:50:00,1.21202,1.21202,1.21192,1.21192,15
2005-06-15 18:51:00,1.21202,1.21202,1.21192,1.21192,44
2005-06-15 18:52:00,1.21182,1.21202,1.21182,1.21202,30
2005-06-15 18:53:00,1.21182,1.21182,1.21182,1.21182,15
2005-06-15 18:54:00,1.21182,1.21192,1.21182,1.21182,19
2005-06-15 18:55:00,1.21182,1.21182,1.21182,1.21182,4
2005-06-15 18:56:00,1.21172,1.21182,1.21172,1.21182,8
2005-06-15 18:57:00,1.21162,1.21172,1.21162,1.21172,33
2005-06-15 18:58:00,1.21152,1.21162,1.21122,1.21162,46
2005-06-15 18:59:00,1.21152,1.21162,1.21152,1.21152,27
2005-06-15 19:00:00,1.21172,1.21172,1.21142,1.21152,43
2005-06-15 19:01:00,1.21172,1.21172,1.21162,1.21162,21
2005-06-15 19:02:00,1.21172,1.21182,1.21162,1.21172,34
2005-06-15 19:03:00,1.21172,1.21182,1.21162,1.21172,35
2005-06-15 19:04:00,1.21182,1.21182,1.21172,1.21172,17
2005-06-15 19:05:00,1.21182,1.21182,1.21172,1.21182,35
2005-06-15 19:06:00,1.21182,1.21182,1.21172,1.21182,21
2005-06-15 19:07:00,1.21192,1.21192,1.21182,1.21182,5
2005-06-15 19:08:00,1.21182,1.21192,1.21182,1.21192,17
2005-06-15 19:09:00,1.21152,1.21182,1.21152,1.21182,36
2005-06-15 19:10:00,1.21152,1.21152,1.21132,1.21152,28
2005-06-15 19:11:00,1.21142,1.21172,1.21142,1.21152,46
2005-06-15 19:12:00,1.21152,1.21172,1.21142,1.21142,50
2005-06-15 19:13:00,1.21162,1.21162,1.21152,1.21152,33
2005-06-15 19:14:00,1.21152,1.21162,1.21152,1.21162,23
2005-06-15 19:15:00,1.21152,1.21162,1.21142,1.21152,40
2005-06-15 19:16:00,1.21132,1.21152,1.21132,1.21152,33
2005-06-15 19:17:00,1.21132,1.21142,1.21132,1.21132,21
2005-06-15 19:18:00,1.21142,1.21142,1.21132,1.21132,33
2005-06-15 19:19:00,1.21142,1.21152,1.21142,1.21142,30
2005-06-15 19:20:00,1.21122,1.21152,1.21112,1.21152,35
2005-06-15 19:21:00,1.21122,1.21132,1.21122,1.21122,23
2005-06-15 19:22:00,1.21092,1.21132,1.21082,1.21132,51
2005-06-15 19:23:00,1.21082,1.21102,1.21072,1.21092,54
2005-06-15 19:24:00,1.21082,1.21102,1.21082,1.21082,41
2005-06-15 19:25:00,1.21082,1.21092,1.21082,1.21082,33
2005-06-15 19:26:00,1.21092,1.21102,1.21082,1.21082,48
2005-06-15 19:27:00,1.21112,1.21122,1.21092,1.21092,38
2005-06-15 19:28:00,1.21112,1.21122,1.21112,1.21112,27
2005-06-15 19:29:00,1.21112,1.21112,1.21112,1.21112,12
2005-06-15 19:30:00,1.21122,1.21132,1.21112,1.21112,23
2005-06-15 19:31:00,1.21122,1.21132,1.21122,1.21122,15
2005-06-15 19:32:00,1.21122,1.21132,1.21122,1.21122,15
2005-06-15 19:33:00,1.21112,1.21122,1.21102,1.21122,25
2005-06-15 19:34:00,1.21112,1.21122,1.21112,1.21112,14
2005-06-15 19:35:00,1.21082,1.21112,1.21082,1.21112,26
2005-06-15 19:36:00,1.21082,1.21082,1.21062,1.21082,43
2005-06-15 19:37:00,1.21092,1.21092,1.21072,1.21082,23
2005-06-15 19:38:00,1.21082,1.21092,1.21082,1.21092,22
2005-06-15 19:39:00,1.21082,1.21092,1.21082,1.21082,19
2005-06-15 19:40:00,1.21092,1.21092,1.21082,1.21082,14
2005-06-15 19:41:00,1.21102,1.21102,1.21092,1.21092,20
2005-06-15 19:42:00,1.21102,1.21112,1.21102,1.21102,31
2005-06-15 19:43:00,1.21102,1.21102,1.21092,1.21102,28
2005-06-15 19:44:00,1.21102,1.21102,1.21102,1.21102,12
2005-06-15 19:45:00,1.21102,1.21102,1.21092,1.21102,15
2005-06-15 19:46:00,1.21092,1.21102,1.21092,1.21102,11
2005-06-15 19:47:00,1.21092,1.21102,1.21092,1.21092,29
2005-06-15 19:48:00,1.21092,1.21102,1.21092,1.21092,30
2005-06-15 19:49:00,1.21092,1.21102,1.21092,1.21092,21
2005-06-15 19:50:00,1.21092,1.21102,1.21092,1.21092,24
2005-06-15 19:51:00,1.21092,1.21102,1.21092,1.21092,13
2005-06-15 19:52:00,1.21092,1.21102,1.21092,1.21092,22
2005-06-15 19:53:00,1.21112,1.21112,1.21092,1.21092,24
2005-06-15 19:54:00,1.21112,1.21112,1.21112,1.21112,4
2005-06-15 19:55:00,1.21122,1.21132,1.21112,1.21112,33
2005-06-15 19:56:00,1.21122,1.21122,1.21122,1.21122,10
2005-06-15 19:57:00,1.21112,1.21122,1.21102,1.21122,35
2005-06-15 19:58:00,1.21112,1.21122,1.21112,1.21112,27
2005-06-15 19:59:00,1.21122,1.21122,1.21112,1.21112,10
2005-06-15 20:00:00,1.21122,1.21132,1.21112,1.21112,11
2005-06-15 20:01:00,1.21112,1.21122,1.21112,1.21112,8
2005-06-15 20:02:00,1.21102,1.21102,1.21092,1.21102,11
2005-06-15 20:03:00,1.21102,1.21112,1.21092,1.21092,7
2005-06-15 20:04:00,1.21112,1.21112,1.21102,1.21102,5
2005-06-15 20:05:00,1.21092,1.21112,1.21092,1.21102,9
2005-06-15 20:06:00,1.21092,1.21092,1.21092,1.21092,3
2005-06-15 20:07:00,1.21102,1.21102,1.21092,1.21092,4
2005-06-15 20:08:00,1.21122,1.21122,1.21102,1.21102,11
2005-06-15 20:09:00,1.21122,1.21122,1.21122,1.21122,2
2005-06-15 20:10:00,1.21132,1.21132,1.21112,1.21112,5
2005-06-15 20:11:00,1.21132,1.21132,1.21132,1.21132,2
2005-06-15 20:12:00,1.21132,1.21142,1.21132,1.21132,9
2005-06-15 20:13:00,1.21132,1.21142,1.21132,1.21132,6
2005-06-15 20:14:00,1.21142,1.21142,1.21132,1.21132,4
2005-06-15 20:15:00,1.21142,1.21142,1.21132,1.21132,4
2005-06-15 20:16:00,1.21142,1.21142,1.21142,1.21142,2
2005-06-15 20:17:00,1.21142,1.21142,1.21142,1.21142,2
2005-06-15 20:18:00,1.21132,1.21142,1.21132,1.21132,7
2005-06-15 20:19:00,1.21132,1.21132,1.21132,1.21132,3
2005-06-15 20:20:00,1.21122,1.21132,1.21122,1.21132,3
2005-06-15 20:21:00,1.21112,1.21112,1.21112,1.21112,1
2005-06-15 20:22:00,1.21112,1.21122,1.21112,1.21112,3
2005-06-15 20:23:00,1.21112,1.21112,1.21112,1.21112,2
2005-06-15 20:24:00,1.21112,1.21122,1.21112,1.21112,8
2005-06-15 20:25:00,1.21112,1.21112,1.21112,1.21112,3
2005-06-15 20:26:00,1.21102,1.21112,1.21092,1.21112,9
2005-06-15 20:27:00,1.21102,1.21112,1.21102,1.21112,11
2005-06-15 20:28:00,1.21112,1.21112,1.21102,1.21102,6
2005-06-15 20:29:00,1.21122,1.21122,1.21112,1.21112,4
2005-06-15 20:30:00,1.21132,1.21132,1.21122,1.21122,8
2005-06-15 20:31:00,1.21132,1.21132,1.21122,1.21132,5
2005-06-15 20:32:00,1.21132,1.21132,1.21122,1.21132,8
2005-06-15 20:33:00,1.21142,1.21142,1.21122,1.21122,5
2005-06-15 20:34:00,1.21142,1.21152,1.21142,1.21142,8
2005-06-15 20:35:00,1.21152,1.21152,1.21142,1.21152,4
2005-06-15 20:36:00,1.21152,1.21162,1.21142,1.21152,6
2005-06-15 20:37:00,1.21152,1.21152,1.21142,1.21152,7
2005-06-15 20:38:00,1.21152,1.21152,1.21142,1.21152,4
2005-06-15 20:39:00,1.21162,1.21162,1.21152,1.21152,3
2005-06-15 20:40:00,1.21162,1.21172,1.21152,1.21162,6
2005-06-15 20:41:00,1.21162,1.21162,1.21152,1.21162,8
2005-06-15 20:42:00,1.21162,1.21162,1.21162,1.21162,2
2005-06-15 20:43:00,1.21162,1.21162,1.21152,1.21152,5
2005-06-15 20:44:00,1.21162,1.21182,1.21162,1.21162,8
2005-06-15 20:45:00,1.21172,1.21182,1.21162,1.21162,11
2005-06-15 20:46:00,1.21172,1.21172,1.21162,1.21172,4
2005-06-15 20:47:00,1.21152,1.21162,1.21152,1.21162,5
2005-06-15 20:48:00,1.21152,1.21162,1.21152,1.21162,5
2005-06-15 20:49:00,1.21152,1.21152,1.21152,1.21152,2
2005-06-15 20:50:00,1.21162,1.21162,1.21152,1.21152,3
2005-06-15 20:51:00,1.21178,1.21198,1.21158,1.21162,16
2005-06-15 20:52:00,1.21178,1.21178,1.21168,1.21168,4
2005-06-15 20:53:00,1.21178,1.21188,1.21178,1.21178,7
2005-06-15 20:54:00,1.21188,1.21188,1.21178,1.21178,3
2005-06-15 20:55:00,1.21188,1.21208,1.21188,1.21188,23
2005-06-15 20:56:00,1.21178,1.21188,1.21178,1.21188,9
2005-06-15 20:57:00,1.21188,1.21188,1.21178,1.21188,10
2005-06-15 20:58:00,1.21168,1.21188,1.21168,1.21188,8
2005-06-15 20:59:00,1.21148,1.21158,1.21148,1.21158,8
2005-06-15 21:00:00,1.21148,1.21158,1.21148,1.21148,7
2005-06-15 21:01:00,1.21148,1.21148,1.21148,1.21148,6
2005-06-15 21:02:00,1.21168,1.21168,1.21158,1.21158,6
2005-06-15 21:03:00,1.21178,1.21178,1.21168,1.21178,5
2005-06-15 21:04:00,1.21188,1.21188,1.21178,1.21178,5
2005-06-15 21:05:00,1.21168,1.21178,1.21168,1.21178,11
2005-06-15 21:06:00,1.21168,1.21168,1.21168,1.21168,1
2005-06-15 21:07:00,1.21168,1.21178,1.21168,1.21168,4
2005-06-15 21:08:00,1.21168,1.21168,1.21168,1.21168,2
2005-06-15 21:09:00,1.21168,1.21178,1.21168,1.21178,4
2005-06-15 21:10:00,1.21178,1.21178,1.21168,1.21168,3
2005-06-15 21:11:00,1.21178,1.21178,1.21178,1.21178,2
2005-06-15 21:12:00,1.21178,1.21178,1.21178,1.21178,4
2005-06-15 21:13:00,1.21178,1.21178,1.21178,1.21178,1
2005-06-15 21:14:00,1.21178,1.21198,1.21178,1.21178,7
2005-06-15 21:15:00,1.21188,1.21188,1.21178,1.21188,4
2005-06-15 21:16:00,1.21228,1.21228,1.21198,1.21208,10
2005-06-15 21:17:00,1.21218,1.21228,1.21218,1.21228,6
2005-06-15 21:18:00,1.21218,1.21218,1.21208,1.21208,4
2005-06-15 21:19:00,1.21238,1.21248,1.21218,1.21218,10
2005-06-15 21:20:00,1.21258,1.21258,1.21238,1.21238,11
2005-06-15 21:21:00,1.21258,1.21258,1.21258,1.21258,1
2005-06-15 21:22:00,1.21258,1.21258,1.21258,1.21258,6
2005-06-15 21:23:00,1.21258,1.21258,1.21258,1.21258,4
2005-06-15 21:24:00,1.21268,1.21268,1.21258,1.21258,8
2005-06-15 21:25:00,1.21268,1.21268,1.21268,1.21268,5
2005-06-15 21:26:00,1.21268,1.21268,1.21258,1.21258,8
2005-06-15 21:27:00,1.21278,1.21288,1.21268,1.21278,17
2005-06-15 21:28:00,1.2125,1.21268,1.2125,1.21268,9
2005-06-15 21:29:00,1.2124,1.2125,1.2124,1.2125,4
2005-06-15 21:30:00,1.2125,1.2125,1.2124,1.2124,4
2005-06-15 21:31:00,1.2124,1.2125,1.2124,1.2124,5
2005-06-15 21:32:00,1.2123,1.2124,1.2122,1.2124,6
2005-06-15 21:33:00,1.2123,1.2123,1.2122,1.2123,5
2005-06-15 21:34:00,1.2124,1.2125,1.2123,1.2124,8
2005-06-15 21:35:00,1.2124,1.2125,1.2123,1.2124,6
2005-06-15 21:36:00,1.2123,1.2123,1.2123,1.2123,3
2005-06-15 21:37:00,1.2123,1.2123,1.2123,1.2123,1
2005-06-15 21:38:00,1.2125,1.2125,1.2123,1.2123,4
2005-06-15 21:39:00,1.2125,1.2125,1.2125,1.2125,2
2005-06-15 21:40:00,1.2124,1.2125,1.2124,1.2125,3
2005-06-15 21:41:00,1.2125,1.2126,1.2124,1.2124,8
2005-06-15 21:42:00,1.2126,1.2126,1.2125,1.2125,3
2005-06-15 21:43:00,1.2126,1.2126,1.2126,1.2126,2
2005-06-15 21:44:00,1.2126,1.2126,1.2126,1.2126,2
2005-06-15 21:45:00,1.2127,1.2127,1.2126,1.2126,3
2005-06-15 21:46:00,1.2125,1.2127,1.2124,1.2127,7
2005-06-15 21:47:00,1.2123,1.2125,1.2123,1.2125,6
2005-06-15 21:48:00,1.2122,1.2125,1.2122,1.2125,11
2005-06-15 21:49:00,1.2122,1.2122,1.2122,1.2122,3
2005-06-15 21:50:00,1.212,1.2122,1.212,1.2122,12
2005-06-15 21:51:00,1.212,1.2121,1.212,1.2121,3
2005-06-15 21:52:00,1.212,1.2121,1.212,1.212,5
2005-06-15 21:53:00,1.2122,1.2122,1.2119,1.212,6
2005-06-15 21:54:00,1.2123,1.2125,1.2122,1.2122,5
2005-06-15 21:55:00,1.2123,1.2123,1.2123,1.2123,2
2005-06-15 21:56:00,1.2123,1.2123,1.2123,1.2123,1
2005-06-15 21:57:00,1.2123,1.2123,1.2122,1.2122,4
2005-06-15 21:58:00,1.2123,1.2125,1.2123,1.2123,4
2005-06-15 21:59:00,1.2123,1.2123,1.2123,1.2123,2
2005-06-15 22:00:00,1.2123,1.2123,1.2123,1.2123,2
2005-06-15 22:01:00,1.2123,1.2123,1.2123,1.2123,2
2005-06-15 22:02:00,1.2123,1.2123,1.2123,1.2123,2
2005-06-15 22:03:00,1.2124,1.2124,1.2123,1.2123,3
2005-06-15 22:04:00,1.2124,1.2124,1.2124,1.2124,2
2005-06-15 22:05:00,1.2124,1.2124,1.2124,1.2124,2
2005-06-15 22:06:00,1.2124,1.2124,1.2124,1.2124,2
2005-06-15 22:07:00,1.2125,1.2125,1.2124,1.2124,8
2005-06-15 22:08:00,1.2124,1.2124,1.2124,1.2124,5
2005-06-15 22:09:00,1.2124,1.2124,1.2124,1.2124,2
2005-06-15 22:10:00,1.2124,1.2125,1.2124,1.2124,5
2005-06-15 22:11:00,1.2124,1.2124,1.2124,1.2124,2
2005-06-15 22:12:00,1.2124,1.2124,1.2124,1.2124,2
2005-06-15 22:13:00,1.2124,1.2124,1.2124,1.2124,2
2005-06-15 22:14:00,1.2124,1.2124,1.2124,1.2124,2
2005-06-15 22:15:00,1.2125,1.2125,1.2124,1.2124,9
2005-06-15 22:16:00,1.2125,1.2125,1.2125,1.2125,2
2005-06-15 22:17:00,1.2125,1.2125,1.2125,1.2125,4
2005-06-15 22:18:00,1.2125,1.2125,1.2125,1.2125,7
2005-06-15 22:19:00,1.2125,1.2125,1.2125,1.2125,7
2005-06-15 22:20:00,1.2125,1.2125,1.2125,1.2125,3
2005-06-15 22:21:00,1.2125,1.2125,1.2125,1.2125,4
2005-06-15 22:22:00,1.2124,1.2125,1.2123,1.2125,5
2005-06-15 22:23:00,1.2124,1.2124,1.2123,1.2124,4
2005-06-15 22:24:00,1.2124,1.2124,1.2124,1.2124,3
2005-06-15 22:25:00,1.2124,1.2124,1.2124,1.2124,2
2005-06-15 22:26:00,1.2123,1.2124,1.2123,1.2124,4
2005-06-15 22:27:00,1.2123,1.2123,1.2122,1.2122,11
2005-06-15 22:28:00,1.2123,1.2123,1.2123,1.2123,2
2005-06-15 22:29:00,1.2123,1.2123,1.2122,1.2123,7
2005-06-15 22:30:00,1.212,1.2123,1.212,1.2123,8
2005-06-15 22:31:00,1.2121,1.2121,1.212,1.212,3
2005-06-15 22:32:00,1.2121,1.2121,1.2121,1.2121,4
2005-06-15 22:33:00,1.2121,1.2121,1.212,1.2121,4
2005-06-15 22:34:00,1.2122,1.2122,1.2121,1.2121,10
2005-06-15 22:35:00,1.2121,1.2121,1.212,1.2121,9
2005-06-15 22:36:00,1.2121,1.2121,1.2121,1.2121,3
2005-06-15 22:37:00,1.21236,1.21256,1.2122,1.2122,12
2005-06-15 22:38:00,1.21236,1.21236,1.21236,1.21236,3
2005-06-15 22:39:00,1.21206,1.21226,1.21206,1.21226,6
2005-06-15 22:40:00,1.21206,1.21206,1.21206,1.21206,2
2005-06-15 22:41:00,1.21216,1.21216,1.21206,1.21206,8
2005-06-15 22:42:00,1.21216,1.21216,1.21216,1.21216,2
2005-06-15 22:43:00,1.21226,1.21236,1.21216,1.21216,8
2005-06-15 22:44:00,1.21226,1.21236,1.21226,1.21236,5
2005-06-15 22:45:00,1.21226,1.21226,1.21226,1.21226,1
2005-06-15 22:46:00,1.21246,1.21246,1.21226,1.21226,8
2005-06-15 22:47:00,1.21246,1.21246,1.21236,1.21246,4
2005-06-15 22:48:00,1.21246,1.21246,1.21236,1.21246,6
2005-06-15 22:49:00,1.21246,1.21246,1.21246,1.21246,4
2005-06-15 22:50:00,1.21246,1.21256,1.21246,1.21246,6
2005-06-15 22:51:00,1.21236,1.21256,1.21236,1.21236,8
2005-06-15 22:52:00,1.21236,1.21246,1.21236,1.21246,5
2005-06-15 22:53:00,1.21216,1.21226,1.21206,1.21226,5
2005-06-15 22:54:00,1.21216,1.21236,1.21216,1.21226,8
2005-06-15 22:55:00,1.21216,1.21226,1.21216,1.21216,4
2005-06-15 22:56:00,1.21216,1.21226,1.21206,1.21216,7
2005-06-15 22:57:00,1.21216,1.21216,1.21216,1.21216,2
2005-06-15 22:58:00,1.21216,1.21216,1.21206,1.21216,8
2005-06-15 22:59:00,1.2121,1.2121,1.21206,1.21206,4
2005-06-15 23:00:00,1.2121,1.2122,1.2121,1.2121,9
2005-06-15 23:01:00,1.2123,1.2123,1.2121,1.2121,4
2005-06-15 23:02:00,1.2123,1.2123,1.2123,1.2123,2
2005-06-15 23:03:00,1.2121,1.2122,1.212,1.2121,14
2005-06-15 23:04:00,1.2121,1.2121,1.2121,1.2121,4
2005-06-15 23:05:00,1.2121,1.2121,1.2121,1.2121,2
2005-06-15 23:06:00,1.2121,1.2121,1.212,1.212,9
2005-06-15 23:07:00,1.2121,1.2122,1.212,1.2121,8
2005-06-15 23:08:00,1.2121,1.2121,1.2121,1.2121,5
2005-06-15 23:09:00,1.2121,1.2122,1.212,1.2122,9
2005-06-15 23:10:00,1.2121,1.2121,1.2121,1.2121,3
2005-06-15 23:11:00,1.2122,1.2123,1.2121,1.2121,5
2005-06-15 23:12:00,1.2122,1.2122,1.2122,1.2122,1
2005-06-15 23:13:00,1.2122,1.2122,1.2121,1.21216,6
2005-06-15 23:14:00,1.2122,1.2123,1.2122,1.2122,6
2005-06-15 23:15:00,1.2122,1.2123,1.2121,1.2123,12
2005-06-15 23:16:00,1.2121,1.2121,1.2121,1.2121,3
2005-06-15 23:17:00,1.212,1.2122,1.212,1.2121,5
2005-06-15 23:18:00,1.212,1.212,1.212,1.212,2
2005-06-15 23:19:00,1.2119,1.212,1.2119,1.212,4
2005-06-15 23:20:00,1.2119,1.212,1.2117,1.2118,22
2005-06-15 23:21:00,1.2119,1.2119,1.2119,1.2119,7
2005-06-15 23:22:00,1.2119,1.2119,1.2118,1.2119,3
2005-06-15 23:23:00,1.2119,1.2119,1.2119,1.2119,4
2005-06-15 23:24:00,1.2119,1.2119,1.2119,1.2119,2
2005-06-15 23:25:00,1.2119,1.2119,1.2119,1.2119,1
2005-06-15 23:26:00,1.212,1.212,1.2119,1.2119,4
2005-06-15 23:27:00,1.2121,1.2121,1.212,1.212,5
2005-06-15 23:28:00,1.2119,1.212,1.2119,1.212,8
2005-06-15 23:29:00,1.2119,1.2119,1.2119,1.2119,2
2005-06-15 23:30:00,1.2119,1.2119,1.2119,1.2119,2
2005-06-15 23:31:00,1.2118,1.2119,1.2118,1.2119,4
2005-06-15 23:32:00,1.2118,1.2118,1.2118,1.2118,4
2005-06-15 23:33:00,1.2117,1.2117,1.2117,1.2117,3
2005-06-15 23:34:00,1.2117,1.2117,1.2117,1.2117,2
2005-06-15 23:35:00,1.2116,1.2117,1.2116,1.2116,7
2005-06-15 23:36:00,1.2115,1.2116,1.2115,1.2116,5
2005-06-15 23:37:00,1.2115,1.2116,1.2115,1.2115,15
2005-06-15 23:38:00,1.2115,1.2115,1.2114,1.2114,10
2005-06-15 23:39:00,1.2115,1.2115,1.2114,1.2114,4
2005-06-15 23:40:00,1.2115,1.2115,1.2115,1.2115,2
2005-06-15 23:41:00,1.2114,1.2114,1.2114,1.2114,2
2005-06-15 23:42:00,1.2114,1.2114,1.2114,1.2114,4
2005-06-15 23:43:00,1.2114,1.2114,1.2114,1.2114,4
2005-06-15 23:44:00,1.2115,1.2115,1.2114,1.2114,5
2005-06-15 23:45:00,1.2116,1.2116,1.2114,1.2114,10
2005-06-15 23:46:00,1.2114,1.2116,1.2114,1.2116,4
2005-06-15 23:47:00,1.2114,1.2114,1.2114,1.2114,3
2005-06-15 23:48:00,1.2114,1.2114,1.2114,1.2114,2
2005-06-15 23:49:00,1.2112,1.2114,1.2112,1.2114,7
2005-06-15 23:50:00,1.2113,1.2113,1.2112,1.2112,5
2005-06-15 23:51:00,1.2113,1.2113,1.2111,1.2112,13
2005-06-15 23:52:00,1.2112,1.2112,1.2111,1.2112,5
2005-06-15 23:53:00,1.2111,1.2111,1.2111,1.2111,3
2005-06-15 23:54:00,1.2112,1.2113,1.2111,1.2111,8
2005-06-15 23:55:00,1.2113,1.2113,1.2112,1.2112,5
2005-06-15 23:56:00,1.2114,1.2114,1.2113,1.2113,2
2005-06-15 23:57:00,1.2114,1.2114,1.2113,1.2114,10
2005-06-15 23:58:00,1.2113,1.2114,1.2113,1.2114,5
2005-06-15 23:59:00,1.2113,1.2113,1.2113,1.2113,4
2005-06-16 00:00:00,1.2113,1.2113,1.2112,1.2113,12
2005-06-16 00:01:00,1.2112,1.2113,1.2112,1.2112,14
2005-06-16 00:02:00,1.2111,1.2112,1.2111,1.2112,8
2005-06-16 00:03:00,1.21116,1.21116,1.21096,1.2111,15
2005-06-16 00:04:00,1.21116,1.21116,1.21116,1.21116,2
2005-06-16 00:05:00,1.21116,1.21116,1.21116,1.21116,2
2005-06-16 00:06:00,1.21106,1.21116,1.21106,1.21116,4
2005-06-16 00:07:00,1.21106,1.21106,1.21106,1.21106,2
2005-06-16 00:08:00,1.21106,1.21106,1.21106,1.21106,2
2005-06-16 00:09:00,1.21096,1.21106,1.21096,1.21106,4
2005-06-16 00:10:00,1.21096,1.21096,1.21096,1.21096,2
2005-06-16 00:11:00,1.21096,1.21096,1.21096,1.21096,2
2005-06-16 00:12:00,1.21086,1.21086,1.21066,1.21086,6
2005-06-16 00:13:00,1.21086,1.21096,1.21086,1.21086,15
2005-06-16 00:14:00,1.21086,1.21096,1.21086,1.21086,6
2005-06-16 00:15:00,1.21086,1.21096,1.21086,1.21086,9
2005-06-16 00:16:00,1.21086,1.21096,1.21086,1.21086,7
2005-06-16 00:17:00,1.21086,1.21086,1.21086,1.21086,2
2005-06-16 00:18:00,1.21086,1.21086,1.21086,1.21086,2
2005-06-16 00:19:00,1.21086,1.21086,1.21086,1.21086,2
2005-06-16 00:20:00,1.21086,1.21086,1.21086,1.21086,2
2005-06-16 00:21:00,1.21096,1.21096,1.21086,1.21086,3
2005-06-16 00:22:00,1.21086,1.21086,1.21086,1.21086,4
2005-06-16 00:23:00,1.21076,1.21086,1.21076,1.21086,5
2005-06-16 00:24:00,1.21066,1.21076,1.21056,1.21066,10
2005-06-16 00:25:00,1.21056,1.21066,1.21046,1.21056,14
2005-06-16 00:26:00,1.21056,1.21056,1.21056,1.21056,3
2005-06-16 00:27:00,1.21056,1.21066,1.21056,1.21056,6
2005-06-16 00:28:00,1.21086,1.21086,1.21056,1.21056,13
2005-06-16 00:29:00,1.21106,1.21116,1.21086,1.21096,21
2005-06-16 00:30:00,1.21096,1.21106,1.21086,1.21106,9
2005-06-16 00:31:00,1.21086,1.21096,1.21086,1.21096,12
2005-06-16 00:32:00,1.21116,1.21126,1.21086,1.21086,15
2005-06-16 00:33:00,1.21126,1.21126,1.21116,1.21116,6
2005-06-16 00:34:00,1.21116,1.21126,1.21116,1.21126,5
2005-06-16 00:35:00,1.21116,1.21126,1.21116,1.21116,5
2005-06-16 00:36:00,1.21116,1.21126,1.21106,1.21116,8
2005-06-16 00:37:00,1.21106,1.21106,1.21106,1.21106,5
2005-06-16 00:38:00,1.21106,1.21106,1.21106,1.21106,3
2005-06-16 00:39:00,1.21096,1.21106,1.21096,1.21096,7
2005-06-16 00:40:00,1.211,1.211,1.21086,1.21086,8
2005-06-16 00:41:00,1.211,1.211,1.2109,1.211,4
2005-06-16 00:42:00,1.2109,1.2109,1.2109,1.2109,4
2005-06-16 00:43:00,1.2109,1.211,1.2109,1.211,4
2005-06-16 00:44:00,1.2109,1.211,1.2109,1.2109,4
2005-06-16 00:45:00,1.2109,1.2109,1.2108,1.2109,4
2005-06-16 00:46:00,1.2109,1.2109,1.2109,1.2109,2
2005-06-16 00:47:00,1.2109,1.2109,1.2109,1.2109,2
2005-06-16 00:48:00,1.2108,1.2109,1.2108,1.2109,4
2005-06-16 00:49:00,1.2109,1.2109,1.2108,1.2108,4
2005-06-16 00:50:00,1.2108,1.2109,1.2108,1.2108,7
2005-06-16 00:51:00,1.2108,1.2108,1.2107,1.2108,4
2005-06-16 00:52:00,1.2108,1.2108,1.2108,1.2108,4
2005-06-16 00:53:00,1.2108,1.2108,1.2108,1.2108,2
2005-06-16 00:54:00,1.2109,1.2109,1.2108,1.2108,11
2005-06-16 00:55:00,1.2106,1.2108,1.2106,1.2108,14
2005-06-16 00:56:00,1.2106,1.2106,1.2104,1.2105,8
2005-06-16 00:57:00,1.2106,1.2106,1.2106,1.2106,6
2005-06-16 00:58:00,1.2104,1.2105,1.2104,1.2105,7
2005-06-16 00:59:00,1.2105,1.2106,1.2103,1.2104,11
2005-06-16 01:00:00,1.2106,1.2106,1.2105,1.2105,4
2005-06-16 01:01:00,1.2106,1.2106,1.2106,1.2106,2
2005-06-16 01:02:00,1.2106,1.2106,1.2106,1.2106,2
2005-06-16 01:03:00,1.2109,1.2109,1.2106,1.2106,12
2005-06-16 01:04:00,1.2109,1.2109,1.2109,1.2109,4
2005-06-16 01:05:00,1.2108,1.211,1.2108,1.2109,11
2005-06-16 01:06:00,1.2108,1.2109,1.2107,1.2109,9
2005-06-16 01:07:00,1.2105,1.2107,1.2104,1.2107,18
2005-06-16 01:08:00,1.2106,1.2106,1.2105,1.2105,8
2005-06-16 01:09:00,1.2105,1.2106,1.2104,1.2105,15
2005-06-16 01:10:00,1.2104,1.2104,1.2104,1.2104,4
2005-06-16 01:11:00,1.2104,1.2104,1.2103,1.2103,7
2005-06-16 01:12:00,1.2103,1.2104,1.2103,1.2104,3
2005-06-16 01:13:00,1.2101,1.2102,1.2101,1.2102,11
2005-06-16 01:14:00,1.2101,1.2101,1.21,1.21,12
2005-06-16 01:15:00,1.2099,1.2102,1.2099,1.2101,11
2005-06-16 01:16:00,1.21,1.21,1.2099,1.2099,15
2005-06-16 01:17:00,1.2098,1.21,1.2097,1.2099,15
2005-06-16 01:18:00,1.2096,1.2098,1.2096,1.2097,11
2005-06-16 01:19:00,1.2097,1.2097,1.2096,1.2096,3
2005-06-16 01:20:00,1.2098,1.2098,1.2097,1.2097,4
2005-06-16 01:21:00,1.2098,1.2098,1.2097,1.2098,4
2005-06-16 01:22:00,1.2096,1.2099,1.2096,1.2099,18
2005-06-16 01:23:00,1.2097,1.2098,1.2097,1.2097,12
2005-06-16 01:24:00,1.2098,1.2098,1.2096,1.2096,6
2005-06-16 01:25:00,1.2096,1.2098,1.2096,1.2097,18
2005-06-16 01:26:00,1.2097,1.2097,1.2096,1.2096,4
2005-06-16 01:27:00,1.21,1.21,1.2097,1.2098,15
2005-06-16 01:28:00,1.2099,1.2101,1.2099,1.21,23
2005-06-16 01:29:00,1.2099,1.2099,1.2098,1.2099,8
2005-06-16 01:30:00,1.2098,1.2099,1.2097,1.2099,7
2005-06-16 01:31:00,1.2097,1.2098,1.2096,1.2098,17
2005-06-16 01:32:00,1.2096,1.2097,1.2096,1.2097,11
2005-06-16 01:33:00,1.2097,1.2097,1.2096,1.2096,4
2005-06-16 01:34:00,1.2099,1.21,1.2097,1.2098,24
2005-06-16 01:35:00,1.2098,1.2098,1.2097,1.2098,9
2005-06-16 01:36:00,1.2096,1.2098,1.2096,1.2098,9
2005-06-16 01:37:00,1.2097,1.2097,1.2096,1.2096,7
2005-06-16 01:38:00,1.2095,1.2097,1.2095,1.2096,8
2005-06-16 01:39:00,1.2094,1.2094,1.2094,1.2094,5
2005-06-16 01:40:00,1.2094,1.2096,1.2094,1.2094,7
2005-06-16 01:41:00,1.2092,1.2093,1.2092,1.2093,6
2005-06-16 01:42:00,1.2093,1.2093,1.2092,1.2092,5
2005-06-16 01:43:00,1.2092,1.2092,1.2092,1.2092,4
2005-06-16 01:44:00,1.2093,1.2093,1.2091,1.2092,15
2005-06-16 01:45:00,1.2093,1.2094,1.2093,1.2094,7
2005-06-16 01:46:00,1.2095,1.2095,1.2094,1.2094,7
2005-06-16 01:47:00,1.2098,1.2098,1.2095,1.2095,16
2005-06-16 01:48:00,1.2097,1.2097,1.2096,1.2097,7
2005-06-16 01:49:00,1.2096,1.2097,1.2096,1.2096,6
2005-06-16 01:50:00,1.2095,1.2097,1.2095,1.2097,8
2005-06-16 01:51:00,1.2096,1.2096,1.2094,1.2095,5
2005-06-16 01:52:00,1.2095,1.2095,1.2094,1.2095,9
2005-06-16 01:53:00,1.2095,1.2096,1.2095,1.2095,11
2005-06-16 01:54:00,1.2095,1.2096,1.2095,1.2095,13
2005-06-16 01:55:00,1.2095,1.2096,1.2095,1.2095,6
2005-06-16 01:56:00,1.2095,1.2095,1.2094,1.2095,8
2005-06-16 01:57:00,1.2096,1.2097,1.2095,1.2095,6
2005-06-16 01:58:00,1.2095,1.2096,1.2095,1.2096,7
2005-06-16 01:59:00,1.2096,1.2097,1.2095,1.2095,9
2005-06-16 02:00:00,1.2096,1.2096,1.2096,1.2096,4
2005-06-16 02:01:00,1.2094,1.2097,1.2094,1.2096,8
2005-06-16 02:02:00,1.2091,1.2096,1.2091,1.2094,22
2005-06-16 02:03:00,1.2092,1.2093,1.2091,1.2092,19
2005-06-16 02:04:00,1.2093,1.2093,1.2091,1.2092,6
2005-06-16 02:05:00,1.2092,1.2093,1.2092,1.2093,6
2005-06-16 02:06:00,1.2092,1.2093,1.2092,1.2093,8
2005-06-16 02:07:00,1.2093,1.2093,1.2092,1.2093,5
2005-06-16 02:08:00,1.2094,1.2094,1.2093,1.2093,7
2005-06-16 02:09:00,1.2094,1.2095,1.2094,1.2094,7
2005-06-16 02:10:00,1.2094,1.2095,1.2094,1.2095,4
2005-06-16 02:11:00,1.2096,1.2096,1.2094,1.2095,9
2005-06-16 02:12:00,1.2097,1.2098,1.2096,1.2096,25
2005-06-16 02:13:00,1.2095,1.2097,1.2094,1.2097,6
2005-06-16 02:14:00,1.2094,1.2095,1.2094,1.2095,6
2005-06-16 02:15:00,1.2094,1.2094,1.2093,1.2094,10
2005-06-16 02:16:00,1.2095,1.20952,1.2095,1.20952,5
2005-06-16 02:17:00,1.20922,1.2095,1.20922,1.2095,7
2005-06-16 02:18:00,1.2092,1.20922,1.2092,1.20922,3
2005-06-16 02:19:00,1.20906,1.2092,1.20906,1.2092,8
2005-06-16 02:20:00,1.2092,1.2092,1.209,1.209,10
2005-06-16 02:21:00,1.20936,1.20936,1.20926,1.20926,6
2005-06-16 02:22:00,1.20926,1.20936,1.20926,1.20936,3
2005-06-16 02:23:00,1.20926,1.20936,1.20926,1.20926,5
2005-06-16 02:24:00,1.20926,1.20926,1.20926,1.20926,2
2005-06-16 02:25:00,1.20926,1.20936,1.20926,1.20936,6
2005-06-16 02:26:00,1.20926,1.20936,1.20926,1.20926,12
2005-06-16 02:27:00,1.20936,1.20936,1.20916,1.20916,10
2005-06-16 02:28:00,1.20936,1.20936,1.20936,1.20936,16
2005-06-16 02:29:00,1.20936,1.20946,1.20936,1.20936,8
2005-06-16 02:30:00,1.20926,1.20936,1.20926,1.20936,8
2005-06-16 02:31:00,1.20926,1.20936,1.20926,1.20936,8
2005-06-16 02:32:00,1.2095,1.2095,1.20926,1.20926,7
2005-06-16 02:33:00,1.2096,1.2096,1.2095,1.2095,5
2005-06-16 02:34:00,1.2096,1.2096,1.2094,1.2096,6
2005-06-16 02:35:00,1.2097,1.2097,1.2096,1.2096,4
2005-06-16 02:36:00,1.20966,1.20966,1.20966,1.20966,3
2005-06-16 02:37:00,1.20966,1.20976,1.20966,1.20966,5
2005-06-16 02:38:00,1.20976,1.20976,1.20966,1.20966,5
2005-06-16 02:39:00,1.20976,1.20976,1.20976,1.20976,6
2005-06-16 02:40:00,1.20976,1.20976,1.20976,1.20976,3
2005-06-16 02:41:00,1.20986,1.20986,1.20976,1.20976,8
2005-06-16 02:42:00,1.21006,1.21016,1.20986,1.20986,14
2005-06-16 02:43:00,1.20986,1.20996,1.20986,1.20996,5
2005-06-16 02:44:00,1.20986,1.20986,1.20986,1.20986,3
2005-06-16 02:45:00,1.20996,1.20996,1.20996,1.20996,3
2005-06-16 02:46:00,1.20986,1.21006,1.20986,1.21006,8
2005-06-16 02:47:00,1.20986,1.20996,1.20986,1.20996,8
2005-06-16 02:48:00,1.20976,1.20986,1.20976,1.20986,6
2005-06-16 02:49:00,1.20966,1.20976,1.20966,1.20976,3
2005-06-16 02:50:00,1.20966,1.20966,1.20966,1.20966,2
2005-06-16 02:51:00,1.20956,1.20966,1.20936,1.20966,12
2005-06-16 02:52:00,1.20946,1.20956,1.20946,1.20956,7
2005-06-16 02:53:00,1.20936,1.20946,1.20936,1.20946,11
2005-06-16 02:54:00,1.20946,1.20946,1.20936,1.20946,9
2005-06-16 02:55:00,1.20936,1.20946,1.20926,1.20946,7
2005-06-16 02:56:00,1.20886,1.20926,1.20876,1.20926,20
2005-06-16 02:57:00,1.20886,1.20906,1.20876,1.20876,11
2005-06-16 02:58:00,1.20866,1.20896,1.20856,1.20896,8
2005-06-16 02:59:00,1.2088,1.2089,1.20876,1.20876,11
2005-06-16 03:00:00,1.2086,1.2088,1.2086,1.2088,5
2005-06-16 03:01:00,1.2086,1.2087,1.2086,1.2086,6
2005-06-16 03:02:00,1.2086,1.2087,1.2086,1.2086,22
2005-06-16 03:03:00,1.2087,1.2087,1.2086,1.2086,8
2005-06-16 03:04:00,1.2088,1.2088,1.2087,1.2087,4
2005-06-16 03:05:00,1.2088,1.2088,1.2088,1.2088,2
2005-06-16 03:06:00,1.2087,1.2088,1.2087,1.2088,7
2005-06-16 03:07:00,1.2086,1.2087,1.2084,1.2086,15
2005-06-16 03:08:00,1.2087,1.2087,1.2086,1.2086,4
2005-06-16 03:09:00,1.2086,1.2087,1.2086,1.2086,9
2005-06-16 03:10:00,1.2087,1.2087,1.2086,1.2086,8
2005-06-16 03:11:00,1.2087,1.2087,1.2086,1.2087,4
2005-06-16 03:12:00,1.2087,1.2087,1.2086,1.2087,4
2005-06-16 03:13:00,1.2085,1.2086,1.2085,1.2086,6
2005-06-16 03:14:00,1.2086,1.2086,1.2085,1.2085,3
2005-06-16 03:15:00,1.2085,1.2086,1.2085,1.2085,6
2005-06-16 03:16:00,1.2084,1.2085,1.2084,1.2084,10
2005-06-16 03:17:00,1.2084,1.2085,1.2084,1.2084,7
2005-06-16 03:18:00,1.2086,1.2086,1.2085,1.2085,10
2005-06-16 03:19:00,1.2086,1.2086,1.2086,1.2086,4
2005-06-16 03:20:00,1.2086,1.2086,1.2086,1.2086,4
2005-06-16 03:21:00,1.2085,1.2086,1.2085,1.2086,5
2005-06-16 03:22:00,1.2086,1.2087,1.2085,1.2085,8
2005-06-16 03:23:00,1.2085,1.2085,1.2084,1.2085,7
2005-06-16 03:24:00,1.2085,1.2085,1.2085,1.2085,2
2005-06-16 03:25:00,1.2087,1.2087,1.2086,1.2086,7
2005-06-16 03:26:00,1.2086,1.2087,1.2086,1.2087,3
2005-06-16 03:27:00,1.2088,1.2088,1.2086,1.2086,7
2005-06-16 03:28:00,1.2089,1.2089,1.2088,1.2088,6
2005-06-16 03:29:00,1.2088,1.2088,1.2088,1.2088,3
2005-06-16 03:30:00,1.2088,1.2088,1.2088,1.2088,2
2005-06-16 03:31:00,1.2088,1.2088,1.2088,1.2088,2
2005-06-16 03:32:00,1.2088,1.2088,1.2087,1.2087,8
2005-06-16 03:33:00,1.2087,1.2087,1.2087,1.2087,3
2005-06-16 03:34:00,1.2087,1.2087,1.2087,1.2087,4
2005-06-16 03:35:00,1.2087,1.2087,1.2086,1.2087,9
2005-06-16 03:36:00,1.2087,1.2087,1.2087,1.2087,2
2005-06-16 03:37:00,1.2087,1.2088,1.2087,1.2087,6
2005-06-16 03:38:00,1.2087,1.2087,1.2087,1.2087,2
2005-06-16 03:39:00,1.2087,1.2087,1.2087,1.2087,2
2005-06-16 03:40:00,1.2086,1.2087,1.2086,1.2087,5
2005-06-16 03:41:00,1.2087,1.2087,1.2087,1.2087,3
2005-06-16 03:42:00,1.2086,1.2087,1.2086,1.2087,4
2005-06-16 03:43:00,1.2085,1.2086,1.2085,1.2085,10
2005-06-16 03:44:00,1.2084,1.2085,1.2084,1.2084,6
2005-06-16 03:45:00,1.2085,1.2085,1.2085,1.2085,3
2005-06-16 03:46:00,1.2085,1.2086,1.2085,1.2085,7
2005-06-16 03:47:00,1.2079,1.2085,1.2078,1.2085,15
2005-06-16 03:48:00,1.2071,1.2079,1.2065,1.2079,32
2005-06-16 03:49:00,1.2071,1.2071,1.2069,1.207,14
2005-06-16 03:50:00,1.207,1.2074,1.2069,1.2071,18
2005-06-16 03:51:00,1.2069,1.207,1.2068,1.2069,13
2005-06-16 03:52:00,1.2067,1.2071,1.2067,1.2069,17
2005-06-16 03:53:00,1.2066,1.2067,1.2064,1.2067,19
2005-06-16 03:54:00,1.2063,1.2065,1.2063,1.2065,24
2005-06-16 03:55:00,1.2062,1.2064,1.206,1.2062,21
2005-06-16 03:56:00,1.2065,1.2066,1.2062,1.2062,23
2005-06-16 03:57:00,1.2066,1.2066,1.2064,1.2064,17
2005-06-16 03:58:00,1.207,1.207,1.2066,1.2066,12
2005-06-16 03:59:00,1.207,1.207,1.2066,1.207,22
2005-06-16 04:00:00,1.2069,1.2072,1.2069,1.2071,6
2005-06-16 04:01:00,1.207,1.207,1.2068,1.2068,8
2005-06-16 04:02:00,1.207,1.207,1.2069,1.207,18
2005-06-16 04:03:00,1.207,1.2071,1.2069,1.2069,7
2005-06-16 04:04:00,1.2071,1.2071,1.207,1.207,7
2005-06-16 04:05:00,1.2073,1.2073,1.207,1.2071,23
2005-06-16 04:06:00,1.2073,1.2073,1.2071,1.2073,13
2005-06-16 04:07:00,1.2076,1.2076,1.2073,1.2074,19
2005-06-16 04:08:00,1.2075,1.2077,1.2075,1.2076,17
2005-06-16 04:09:00,1.2076,1.2076,1.2075,1.2075,5
2005-06-16 04:10:00,1.2076,1.2076,1.2075,1.2075,9
2005-06-16 04:11:00,1.2075,1.2076,1.2075,1.2076,7
2005-06-16 04:12:00,1.2075,1.2076,1.2075,1.2075,8
2005-06-16 04:13:00,1.2074,1.2075,1.2074,1.2075,3
2005-06-16 04:14:00,1.2075,1.2076,1.2075,1.2075,11
2005-06-16 04:15:00,1.2074,1.2075,1.2074,1.2075,4
2005-06-16 04:16:00,1.2073,1.2073,1.2073,1.2073,5
2005-06-16 04:17:00,1.2072,1.2073,1.2072,1.2073,7
2005-06-16 04:18:00,1.2071,1.2073,1.2071,1.2072,16
2005-06-16 04:19:00,1.2071,1.2072,1.2071,1.2071,5
2005-06-16 04:20:00,1.2071,1.2071,1.207,1.207,9
2005-06-16 04:21:00,1.2069,1.2071,1.2069,1.2071,10
2005-06-16 04:22:00,1.207,1.2071,1.2067,1.2069,13
2005-06-16 04:23:00,1.207,1.207,1.2069,1.207,9
2005-06-16 04:24:00,1.2071,1.2071,1.207,1.207,9
2005-06-16 04:25:00,1.2072,1.2072,1.2068,1.207,14
2005-06-16 04:26:00,1.2071,1.2072,1.2071,1.2072,7
2005-06-16 04:27:00,1.2072,1.2072,1.2071,1.2071,3
2005-06-16 04:28:00,1.207,1.2072,1.207,1.2072,7
2005-06-16 04:29:00,1.207,1.2072,1.2069,1.2071,8
2005-06-16 04:30:00,1.2071,1.2072,1.2071,1.2071,6
2005-06-16 04:31:00,1.2072,1.2072,1.2071,1.2071,5
2005-06-16 04:32:00,1.2071,1.2072,1.2071,1.2071,8
2005-06-16 04:33:00,1.2071,1.2071,1.2071,1.2071,4
2005-06-16 04:34:00,1.207,1.2071,1.2069,1.2071,17
2005-06-16 04:35:00,1.2071,1.2071,1.2069,1.2069,10
2005-06-16 04:36:00,1.207,1.2071,1.207,1.2071,3
2005-06-16 04:37:00,1.207,1.207,1.207,1.207,3
2005-06-16 04:38:00,1.2068,1.207,1.2068,1.2069,5
2005-06-16 04:39:00,1.2068,1.2069,1.2068,1.2069,15
2005-06-16 04:40:00,1.2068,1.2069,1.2068,1.2069,6
2005-06-16 04:41:00,1.2069,1.2069,1.2069,1.2069,5
2005-06-16 04:42:00,1.2069,1.2069,1.2069,1.2069,3
2005-06-16 04:43:00,1.207,1.207,1.2068,1.2069,15
2005-06-16 04:44:00,1.2073,1.2073,1.2071,1.2071,16
2005-06-16 04:45:00,1.2072,1.2073,1.2072,1.2073,8
2005-06-16 04:46:00,1.2072,1.2073,1.2071,1.2073,16
2005-06-16 04:47:00,1.2072,1.2072,1.2071,1.2072,5
2005-06-16 04:48:00,1.2072,1.2072,1.2072,1.2072,4
2005-06-16 04:49:00,1.2072,1.2072,1.2072,1.2072,2
2005-06-16 04:50:00,1.2074,1.2074,1.2073,1.2073,10
2005-06-16 04:51:00,1.2074,1.2075,1.2073,1.2074,11
2005-06-16 04:52:00,1.2074,1.2075,1.2074,1.2074,7
2005-06-16 04:53:00,1.2074,1.2075,1.2074,1.2074,5
2005-06-16 04:54:00,1.2073,1.2074,1.2073,1.2074,9
2005-06-16 04:55:00,1.2073,1.2073,1.2073,1.2073,4
2005-06-16 04:56:00,1.2073,1.2073,1.2072,1.2073,6
2005-06-16 04:57:00,1.2074,1.2075,1.2073,1.2073,8
2005-06-16 04:58:00,1.2073,1.2075,1.2073,1.2075,15
2005-06-16 04:59:00,1.20736,1.2074,1.20726,1.2073,9
2005-06-16 05:00:00,1.20746,1.20766,1.20736,1.20736,11
2005-06-16 05:01:00,1.20756,1.20766,1.20746,1.20756,10
2005-06-16 05:02:00,1.20746,1.20766,1.20746,1.20766,8
2005-06-16 05:03:00,1.20746,1.20756,1.20746,1.20756,5
2005-06-16 05:04:00,1.20736,1.20746,1.20726,1.20746,7
2005-06-16 05:05:00,1.20736,1.20736,1.20736,1.20736,2
2005-06-16 05:06:00,1.20736,1.20736,1.20736,1.20736,3
2005-06-16 05:07:00,1.20736,1.20736,1.20736,1.20736,2
2005-06-16 05:08:00,1.20746,1.20756,1.20736,1.20736,7
2005-06-16 05:09:00,1.20766,1.20766,1.20746,1.20746,6
2005-06-16 05:10:00,1.20756,1.20776,1.20756,1.20766,12
2005-06-16 05:11:00,1.20766,1.20766,1.20756,1.20756,9
2005-06-16 05:12:00,1.20756,1.20766,1.20756,1.20766,3
2005-06-16 05:13:00,1.20766,1.20766,1.20756,1.20756,3
2005-06-16 05:14:00,1.20756,1.20766,1.20746,1.20766,13
2005-06-16 05:15:00,1.20756,1.20756,1.20746,1.20746,8
2005-06-16 05:16:00,1.20746,1.20756,1.20746,1.20756,5
2005-06-16 05:17:00,1.20726,1.20756,1.20726,1.20756,11
2005-06-16 05:18:00,1.20736,1.20736,1.20726,1.20726,4
2005-06-16 05:19:00,1.20736,1.20736,1.20726,1.20726,3
2005-06-16 05:20:00,1.20726,1.20736,1.20726,1.20736,3
2005-06-16 05:21:00,1.20736,1.20746,1.20736,1.20736,10
2005-06-16 05:22:00,1.20736,1.20736,1.20726,1.20726,4
2005-06-16 05:23:00,1.20736,1.20736,1.20726,1.20736,10
2005-06-16 05:24:00,1.20746,1.20746,1.20726,1.20736,6
2005-06-16 05:25:00,1.20746,1.20746,1.20746,1.20746,1
2005-06-16 05:26:00,1.20746,1.20746,1.20736,1.20736,7
2005-06-16 05:27:00,1.20736,1.20746,1.20736,1.20746,9
2005-06-16 05:28:00,1.20746,1.20746,1.20736,1.20736,11
2005-06-16 05:29:00,1.20746,1.20746,1.20746,1.20746,2
2005-06-16 05:30:00,1.20746,1.20746,1.20736,1.20746,4
2005-06-16 05:31:00,1.20756,1.20756,1.20746,1.20756,5
2005-06-16 05:32:00,1.20756,1.20756,1.20756,1.20756,6
2005-06-16 05:33:00,1.20756,1.20766,1.20746,1.20756,9
2005-06-16 05:34:00,1.20756,1.20756,1.20746,1.20756,9
2005-06-16 05:35:00,1.20766,1.20766,1.20746,1.20746,6
2005-06-16 05:36:00,1.20746,1.20766,1.20746,1.20756,18
2005-06-16 05:37:00,1.20756,1.20756,1.20756,1.20756,5
2005-06-16 05:38:00,1.20796,1.20796,1.20756,1.20756,11
2005-06-16 05:39:00,1.20804,1.20814,1.20788,1.20796,11
2005-06-16 05:40:00,1.20814,1.20814,1.20804,1.20804,7
2005-06-16 05:41:00,1.20814,1.20814,1.20804,1.20814,5
2005-06-16 05:42:00,1.20844,1.20854,1.20814,1.20814,14
2005-06-16 05:43:00,1.20864,1.20874,1.20844,1.20844,19
2005-06-16 05:44:00,1.20864,1.20874,1.20864,1.20864,14
2005-06-16 05:45:00,1.20844,1.20864,1.20834,1.20864,12
2005-06-16 05:46:00,1.20844,1.20854,1.20844,1.20844,6
2005-06-16 05:47:00,1.20838,1.20854,1.20838,1.20844,11
2005-06-16 05:48:00,1.20838,1.20838,1.20838,1.20838,3
2005-06-16 05:49:00,1.20838,1.20848,1.20838,1.20848,7
2005-06-16 05:50:00,1.20838,1.20848,1.20838,1.20848,5
2005-06-16 05:51:00,1.20818,1.20838,1.20818,1.20838,10
2005-06-16 05:52:00,1.20828,1.20828,1.20818,1.20828,17
2005-06-16 05:53:00,1.20838,1.20848,1.20828,1.20828,9
2005-06-16 05:54:00,1.20838,1.20838,1.20828,1.20838,9
2005-06-16 05:55:00,1.20798,1.20838,1.20798,1.20828,19
2005-06-16 05:56:00,1.20808,1.20818,1.20798,1.20808,7
2005-06-16 05:57:00,1.20818,1.20818,1.20808,1.20808,6
2005-06-16 05:58:00,1.20818,1.20818,1.20818,1.20818,8
2005-06-16 05:59:00,1.20818,1.20818,1.20818,1.20818,10
2005-06-16 06:00:00,1.20818,1.20818,1.20818,1.20818,8
2005-06-16 06:01:00,1.20798,1.20818,1.20798,1.20818,24
2005-06-16 06:02:00,1.20768,1.20808,1.20768,1.20808,57
2005-06-16 06:03:00,1.20758,1.20768,1.20738,1.20758,53
2005-06-16 06:04:00,1.20768,1.20768,1.20748,1.20758,37
2005-06-16 06:05:00,1.20748,1.20768,1.20748,1.20768,25
2005-06-16 06:06:00,1.20758,1.20758,1.20748,1.20748,30
2005-06-16 06:07:00,1.20778,1.20778,1.20758,1.20768,38
2005-06-16 06:08:00,1.20788,1.20808,1.20778,1.20778,50
2005-06-16 06:09:00,1.20808,1.20808,1.20788,1.20788,33
2005-06-16 06:10:00,1.20788,1.20808,1.20788,1.20808,34
2005-06-16 06:11:00,1.20788,1.20798,1.20778,1.20788,41
2005-06-16 06:12:00,1.20778,1.20798,1.20778,1.20788,26
2005-06-16 06:13:00,1.20778,1.20778,1.20778,1.20778,13
2005-06-16 06:14:00,1.20778,1.20778,1.20778,1.20778,14
2005-06-16 06:15:00,1.20808,1.20808,1.20778,1.20778,36
2005-06-16 06:16:00,1.20808,1.20808,1.20788,1.20808,50
2005-06-16 06:17:00,1.20804,1.20804,1.20794,1.20798,36
2005-06-16 06:18:00,1.20804,1.20804,1.20794,1.20804,41
2005-06-16 06:19:00,1.20774,1.20804,1.20764,1.20804,53
2005-06-16 06:20:00,1.20774,1.20774,1.20774,1.20774,25
2005-06-16 06:21:00,1.20744,1.20774,1.20734,1.20774,42
2005-06-16 06:22:00,1.20768,1.20768,1.20744,1.20744,39
2005-06-16 06:23:00,1.20758,1.20768,1.20758,1.20768,46
2005-06-16 06:24:00,1.20768,1.20768,1.20758,1.20758,36
2005-06-16 06:25:00,1.20768,1.20788,1.20758,1.20768,46
2005-06-16 06:26:00,1.20778,1.20788,1.20768,1.20768,48
2005-06-16 06:27:00,1.20778,1.20778,1.20768,1.20778,26
2005-06-16 06:28:00,1.20798,1.20808,1.20778,1.20778,38
2005-06-16 06:29:00,1.20824,1.20824,1.20794,1.20794,54
2005-06-16 06:30:00,1.20834,1.20854,1.20808,1.20824,45
2005-06-16 06:31:00,1.20832,1.20834,1.20812,1.20834,49
2005-06-16 06:32:00,1.20822,1.20852,1.20822,1.20832,50
2005-06-16 06:33:00,1.20838,1.20842,1.20822,1.20822,39
2005-06-16 06:34:00,1.20864,1.20878,1.20838,1.20838,49
2005-06-16 06:35:00,1.20874,1.20874,1.20844,1.20864,47
2005-06-16 06:36:00,1.20868,1.20884,1.20866,1.20874,34
2005-06-16 06:37:00,1.2086,1.2087,1.2086,1.2087,32
2005-06-16 06:38:00,1.20844,1.2086,1.2084,1.2086,30
2005-06-16 06:39:00,1.20834,1.20844,1.20834,1.20844,31
2005-06-16 06:40:00,1.20828,1.20834,1.20824,1.20834,37
2005-06-16 06:41:00,1.20784,1.20828,1.20774,1.20828,48
2005-06-16 06:42:00,1.20794,1.20804,1.20784,1.20784,46
2005-06-16 06:43:00,1.20794,1.20794,1.20784,1.20794,45
2005-06-16 06:44:00,1.20794,1.20794,1.20784,1.20794,38
2005-06-16 06:45:00,1.20794,1.20804,1.20794,1.20804,36
2005-06-16 06:46:00,1.20804,1.20804,1.20794,1.20794,26
2005-06-16 06:47:00,1.20804,1.20804,1.20794,1.20794,27
2005-06-16 06:48:00,1.20794,1.20814,1.20794,1.20804,37
2005-06-16 06:49:00,1.20794,1.20804,1.20794,1.20794,30
2005-06-16 06:50:00,1.20794,1.20804,1.20794,1.20794,38
2005-06-16 06:51:00,1.20814,1.20814,1.20794,1.20794,38
2005-06-16 06:52:00,1.20824,1.20834,1.20814,1.20814,35
2005-06-16 06:53:00,1.2081,1.20824,1.20808,1.20824,56
2005-06-16 06:54:00,1.208,1.2081,1.208,1.2081,32
2005-06-16 06:55:00,1.2079,1.208,1.2078,1.208,49
2005-06-16 06:56:00,1.20794,1.20794,1.2078,1.2079,28
2005-06-16 06:57:00,1.20804,1.20804,1.20794,1.20794,29
2005-06-16 06:58:00,1.20834,1.20844,1.20802,1.20804,50
2005-06-16 06:59:00,1.20808,1.20834,1.20788,1.20834,43
2005-06-16 07:00:00,1.20798,1.20808,1.20798,1.20808,36
2005-06-16 07:01:00,1.20808,1.20808,1.20798,1.20798,29
2005-06-16 07:02:00,1.20832,1.20842,1.20808,1.20818,55
2005-06-16 07:03:00,1.20818,1.20832,1.20818,1.20832,44
2005-06-16 07:04:00,1.20798,1.20818,1.20788,1.20798,56
2005-06-16 07:05:00,1.20798,1.20808,1.20798,1.20798,34
2005-06-16 07:06:00,1.20788,1.20798,1.20778,1.20798,41
2005-06-16 07:07:00,1.20772,1.20792,1.20762,1.20788,35
2005-06-16 07:08:00,1.20794,1.20794,1.20754,1.20774,53
2005-06-16 07:09:00,1.20802,1.20804,1.20792,1.20794,44
2005-06-16 07:10:00,1.20792,1.20802,1.20782,1.20792,42
2005-06-16 07:11:00,1.20812,1.20812,1.20792,1.20792,27
2005-06-16 07:12:00,1.20802,1.20812,1.20802,1.20802,34
2005-06-16 07:13:00,1.20802,1.20812,1.20802,1.20802,40
2005-06-16 07:14:00,1.20792,1.20802,1.20792,1.20802,39
2005-06-16 07:15:00,1.20792,1.20802,1.20792,1.20802,27
2005-06-16 07:16:00,1.20812,1.20812,1.20792,1.20792,40
2005-06-16 07:17:00,1.20802,1.20812,1.20792,1.20812,44
2005-06-16 07:18:00,1.20802,1.20812,1.20802,1.20802,42
2005-06-16 07:19:00,1.20772,1.20802,1.20762,1.20802,54
2005-06-16 07:20:00,1.20762,1.20772,1.20742,1.20772,57
2005-06-16 07:21:00,1.20828,1.20828,1.20762,1.20762,51
2005-06-16 07:22:00,1.20798,1.20838,1.20798,1.20828,45
2005-06-16 07:23:00,1.20788,1.20798,1.20788,1.20798,41
2005-06-16 07:24:00,1.20788,1.20788,1.20778,1.20788,33
2005-06-16 07:25:00,1.20788,1.20788,1.20778,1.20788,33
2005-06-16 07:26:00,1.20808,1.20808,1.20788,1.20788,28
2005-06-16 07:27:00,1.20808,1.20818,1.20808,1.20808,28
2005-06-16 07:28:00,1.20818,1.20818,1.20808,1.20808,46
2005-06-16 07:29:00,1.20828,1.20828,1.20818,1.20818,35
2005-06-16 07:30:00,1.20808,1.20828,1.20808,1.20818,42
2005-06-16 07:31:00,1.20818,1.20818,1.20808,1.20808,34
2005-06-16 07:32:00,1.20804,1.20818,1.20794,1.20818,46
2005-06-16 07:33:00,1.20794,1.20804,1.20794,1.20804,40
2005-06-16 07:34:00,1.20804,1.20804,1.20794,1.20794,29
2005-06-16 07:35:00,1.20794,1.20804,1.20794,1.20804,28
2005-06-16 07:36:00,1.20794,1.20804,1.20794,1.20794,34
2005-06-16 07:37:00,1.20794,1.20794,1.20784,1.20794,38
2005-06-16 07:38:00,1.20804,1.20804,1.20794,1.20794,30
2005-06-16 07:39:00,1.20798,1.20804,1.20794,1.20804,29
2005-06-16 07:40:00,1.20798,1.20798,1.20798,1.20798,16
2005-06-16 07:41:00,1.208,1.208,1.208,1.208,18
2005-06-16 07:42:00,1.208,1.208,1.208,1.208,15
2005-06-16 07:43:00,1.20786,1.208,1.20786,1.208,27
2005-06-16 07:44:00,1.20812,1.20826,1.20796,1.20796,43
2005-06-16 07:45:00,1.20822,1.20832,1.20812,1.20812,36
2005-06-16 07:46:00,1.20822,1.20822,1.20812,1.20822,34
2005-06-16 07:47:00,1.20812,1.20832,1.20812,1.20822,41
2005-06-16 07:48:00,1.20812,1.20822,1.20812,1.20812,44
2005-06-16 07:49:00,1.20822,1.20822,1.20812,1.20812,34
2005-06-16 07:50:00,1.20822,1.20832,1.20822,1.20822,39
2005-06-16 07:51:00,1.20822,1.20832,1.20822,1.20822,29
2005-06-16 07:52:00,1.20822,1.20832,1.20822,1.20822,32
2005-06-16 07:53:00,1.20818,1.20828,1.20808,1.20822,48
2005-06-16 07:54:00,1.20808,1.20818,1.20808,1.20818,17
2005-06-16 07:55:00,1.20788,1.20808,1.20788,1.20808,33
2005-06-16 07:56:00,1.20804,1.20814,1.20788,1.20788,45
2005-06-16 07:57:00,1.20798,1.20804,1.20794,1.20804,23
2005-06-16 07:58:00,1.20798,1.20798,1.20798,1.20798,12
2005-06-16 07:59:00,1.20798,1.20798,1.20798,1.20798,26
2005-06-16 08:00:00,1.20808,1.20808,1.20798,1.20798,34
2005-06-16 08:01:00,1.20808,1.20818,1.20808,1.20808,34
2005-06-16 08:02:00,1.20808,1.20808,1.20808,1.20808,26
2005-06-16 08:03:00,1.20798,1.20818,1.20798,1.20808,32
2005-06-16 08:04:00,1.20798,1.20798,1.20788,1.20798,35
2005-06-16 08:05:00,1.20814,1.20814,1.20788,1.20798,47
2005-06-16 08:06:00,1.20814,1.20814,1.20814,1.20814,20
2005-06-16 08:07:00,1.20814,1.20824,1.20814,1.20814,31
2005-06-16 08:08:00,1.20804,1.20814,1.20794,1.20814,46
2005-06-16 08:09:00,1.20804,1.20804,1.20794,1.20804,36
2005-06-16 08:10:00,1.20814,1.20814,1.20804,1.20804,28
2005-06-16 08:11:00,1.20824,1.20824,1.20814,1.20814,37
2005-06-16 08:12:00,1.20834,1.20844,1.20824,1.20824,46
2005-06-16 08:13:00,1.20828,1.20844,1.20828,1.20834,34
2005-06-16 08:14:00,1.20828,1.20838,1.20828,1.20838,34
2005-06-16 08:15:00,1.20828,1.20828,1.20818,1.20828,41
2005-06-16 08:16:00,1.20818,1.20828,1.20818,1.20828,39
2005-06-16 08:17:00,1.20828,1.20828,1.20818,1.20818,41
2005-06-16 08:18:00,1.20828,1.20838,1.20828,1.20828,41
2005-06-16 08:19:00,1.20828,1.20828,1.20818,1.20828,33
2005-06-16 08:20:00,1.20828,1.20828,1.20818,1.20828,30
2005-06-16 08:21:00,1.20828,1.20828,1.20818,1.20828,36
2005-06-16 08:22:00,1.20828,1.20828,1.20828,1.20828,21
2005-06-16 08:23:00,1.20848,1.20858,1.20828,1.20828,40
2005-06-16 08:24:00,1.20878,1.20878,1.20848,1.20848,51
2005-06-16 08:25:00,1.20898,1.20898,1.20868,1.20878,37
2005-06-16 08:26:00,1.20888,1.20898,1.20868,1.20898,43
2005-06-16 08:27:00,1.20878,1.20888,1.20878,1.20878,34
2005-06-16 08:28:00,1.20888,1.20888,1.20878,1.20878,33
2005-06-16 08:29:00,1.20878,1.20888,1.20878,1.20888,32
2005-06-16 08:30:00,1.20888,1.20898,1.20868,1.20878,56
2005-06-16 08:31:00,1.20858,1.20914,1.20858,1.20888,46
2005-06-16 08:32:00,1.20848,1.20858,1.20848,1.20858,39
2005-06-16 08:33:00,1.20838,1.20848,1.20828,1.20848,45
2005-06-16 08:34:00,1.20838,1.20838,1.20838,1.20838,35
2005-06-16 08:35:00,1.20868,1.20868,1.20838,1.20838,39
2005-06-16 08:36:00,1.20858,1.20868,1.20858,1.20868,41
2005-06-16 08:37:00,1.20868,1.20868,1.20858,1.20858,42
2005-06-16 08:38:00,1.20868,1.20868,1.20858,1.20868,35
2005-06-16 08:39:00,1.20868,1.20878,1.20868,1.20868,32
2005-06-16 08:40:00,1.20888,1.20888,1.20868,1.20868,33
2005-06-16 08:41:00,1.20888,1.20888,1.20888,1.20888,26
2005-06-16 08:42:00,1.20888,1.20888,1.20888,1.20888,14
2005-06-16 08:43:00,1.20898,1.20898,1.20888,1.20888,28
2005-06-16 08:44:00,1.20948,1.20948,1.20898,1.20898,40
2005-06-16 08:45:00,1.20968,1.20978,1.20938,1.20948,45
2005-06-16 08:46:00,1.20982,1.20982,1.20952,1.20978,50
2005-06-16 08:47:00,1.21012,1.21032,1.20992,1.21002,52
2005-06-16 08:48:00,1.20982,1.21032,1.20982,1.21012,47
2005-06-16 08:49:00,1.20978,1.20998,1.20978,1.20982,37
2005-06-16 08:50:00,1.20998,1.20998,1.20978,1.20988,40
2005-06-16 08:51:00,1.21028,1.21028,1.20998,1.20998,44
2005-06-16 08:52:00,1.21028,1.21048,1.21018,1.21028,51
2005-06-16 08:53:00,1.21008,1.21038,1.21008,1.21028,49
2005-06-16 08:54:00,1.21028,1.21028,1.20998,1.21008,39
2005-06-16 08:55:00,1.21002,1.21048,1.20992,1.21038,55
2005-06-16 08:56:00,1.20984,1.21024,1.20984,1.21002,53
2005-06-16 08:57:00,1.20984,1.20994,1.20964,1.20984,52
2005-06-16 08:58:00,1.20974,1.20984,1.20954,1.20984,50
2005-06-16 08:59:00,1.20954,1.20974,1.20944,1.20964,50
2005-06-16 09:00:00,1.20964,1.20974,1.20954,1.20954,35
2005-06-16 09:01:00,1.20964,1.20964,1.20964,1.20964,23
2005-06-16 09:02:00,1.20984,1.20984,1.20964,1.20964,37
2005-06-16 09:03:00,1.21014,1.21024,1.20984,1.20984,46
2005-06-16 09:04:00,1.21028,1.21034,1.21014,1.21014,46
2005-06-16 09:05:00,1.21038,1.21038,1.21018,1.21028,48
2005-06-16 09:06:00,1.21018,1.21048,1.21018,1.21038,42
2005-06-16 09:07:00,1.21008,1.21028,1.21008,1.21018,40
2005-06-16 09:08:00,1.21018,1.21018,1.21008,1.21008,25
2005-06-16 09:09:00,1.21028,1.21038,1.21008,1.21018,52
2005-06-16 09:10:00,1.21048,1.21048,1.21028,1.21028,45
2005-06-16 09:11:00,1.21034,1.21044,1.21024,1.21044,48
2005-06-16 09:12:00,1.21024,1.21044,1.21024,1.21034,31
2005-06-16 09:13:00,1.21034,1.21034,1.21014,1.21024,47
2005-06-16 09:14:00,1.21064,1.21104,1.21034,1.21034,61
2005-06-16 09:15:00,1.21044,1.21064,1.21044,1.21064,52
2005-06-16 09:16:00,1.21024,1.21054,1.21024,1.21054,48
2005-06-16 09:17:00,1.21014,1.21024,1.21014,1.21024,41
2005-06-16 09:18:00,1.21022,1.21032,1.21004,1.21014,40
2005-06-16 09:19:00,1.21062,1.21062,1.21022,1.21022,51
2005-06-16 09:20:00,1.21058,1.21072,1.21058,1.21062,43
2005-06-16 09:21:00,1.21068,1.21068,1.21048,1.21058,45
2005-06-16 09:22:00,1.21048,1.21068,1.21038,1.21068,41
2005-06-16 09:23:00,1.21048,1.21048,1.21028,1.21048,42
2005-06-16 09:24:00,1.21058,1.21078,1.21048,1.21048,42
2005-06-16 09:25:00,1.21048,1.21068,1.21048,1.21048,46
2005-06-16 09:26:00,1.21048,1.21058,1.21048,1.21048,28
2005-06-16 09:27:00,1.21048,1.21048,1.21038,1.21048,39
2005-06-16 09:28:00,1.21038,1.21048,1.21038,1.21048,29
2005-06-16 09:29:00,1.21038,1.21048,1.21028,1.21038,43
2005-06-16 09:30:00,1.21038,1.21038,1.21038,1.21038,31
2005-06-16 09:31:00,1.21022,1.21038,1.21022,1.21038,29
2005-06-16 09:32:00,1.21022,1.21032,1.21012,1.21022,43
2005-06-16 09:33:00,1.21012,1.21032,1.21012,1.21012,35
2005-06-16 09:34:00,1.20982,1.21012,1.20982,1.21012,50
2005-06-16 09:35:00,1.20948,1.20982,1.20948,1.20982,49
2005-06-16 09:36:00,1.20978,1.20998,1.20948,1.20948,47
2005-06-16 09:37:00,1.21002,1.21012,1.20972,1.20978,39
2005-06-16 09:38:00,1.20982,1.21002,1.20982,1.20992,44
2005-06-16 09:39:00,1.21032,1.21042,1.20982,1.20982,53
2005-06-16 09:40:00,1.21056,1.21072,1.21022,1.21032,51
2005-06-16 09:41:00,1.21106,1.21116,1.21056,1.21056,57
2005-06-16 09:42:00,1.21162,1.21172,1.21076,1.21096,54
2005-06-16 09:43:00,1.21142,1.21172,1.21142,1.21162,52
2005-06-16 09:44:00,1.21162,1.21162,1.21142,1.21142,39
2005-06-16 09:45:00,1.21152,1.21172,1.21142,1.21162,44
2005-06-16 09:46:00,1.21122,1.21162,1.21122,1.21152,47
2005-06-16 09:47:00,1.21132,1.21132,1.21112,1.21122,42
2005-06-16 09:48:00,1.21132,1.21152,1.21122,1.21132,48
2005-06-16 09:49:00,1.21112,1.21132,1.21112,1.21132,25
2005-06-16 09:50:00,1.21142,1.21162,1.21102,1.21112,52
2005-06-16 09:51:00,1.21152,1.21152,1.21142,1.21142,39
2005-06-16 09:52:00,1.21142,1.21152,1.21132,1.21142,48
2005-06-16 09:53:00,1.21152,1.21162,1.21142,1.21142,47
2005-06-16 09:54:00,1.21162,1.21172,1.21152,1.21152,41
2005-06-16 09:55:00,1.21142,1.21162,1.21132,1.21162,53
2005-06-16 09:56:00,1.21142,1.21152,1.21142,1.21142,48
2005-06-16 09:57:00,1.21142,1.21152,1.21132,1.21142,34
2005-06-16 09:58:00,1.21152,1.21162,1.21142,1.21142,32
2005-06-16 09:59:00,1.21162,1.21162,1.21152,1.21152,44
2005-06-16 10:00:00,1.21162,1.21172,1.21162,1.21162,39
2005-06-16 10:01:00,1.21202,1.21202,1.21162,1.21162,48
2005-06-16 10:02:00,1.21192,1.21202,1.21182,1.21192,47
2005-06-16 10:03:00,1.21192,1.21192,1.21172,1.21192,27
2005-06-16 10:04:00,1.21212,1.21242,1.21192,1.21192,50
2005-06-16 10:05:00,1.21202,1.21232,1.21192,1.21202,49
2005-06-16 10:06:00,1.21172,1.21202,1.21172,1.21202,47
2005-06-16 10:07:00,1.21192,1.21192,1.21162,1.21172,42
2005-06-16 10:08:00,1.21192,1.21192,1.21182,1.21192,30
2005-06-16 10:09:00,1.21162,1.21192,1.21162,1.21192,42
2005-06-16 10:10:00,1.21152,1.21162,1.21152,1.21162,36
2005-06-16 10:11:00,1.21152,1.21162,1.21142,1.21142,51
2005-06-16 10:12:00,1.21172,1.21172,1.21152,1.21152,49
2005-06-16 10:13:00,1.21182,1.21182,1.21162,1.21172,49
2005-06-16 10:14:00,1.21182,1.21182,1.21172,1.21182,40
2005-06-16 10:15:00,1.21172,1.21182,1.21172,1.21182,33
2005-06-16 10:16:00,1.21172,1.21182,1.21152,1.21182,43
2005-06-16 10:17:00,1.21172,1.21172,1.21162,1.21172,23
2005-06-16 10:18:00,1.21162,1.21182,1.21152,1.21172,41
2005-06-16 10:19:00,1.21172,1.21172,1.21162,1.21162,39
2005-06-16 10:20:00,1.21162,1.21172,1.21152,1.21172,35
2005-06-16 10:21:00,1.21212,1.21212,1.21152,1.21162,43
2005-06-16 10:22:00,1.21232,1.21252,1.21212,1.21212,54
2005-06-16 10:23:00,1.21232,1.21262,1.21232,1.21232,48
2005-06-16 10:24:00,1.21288,1.21288,1.21232,1.21232,38
2005-06-16 10:25:00,1.21262,1.21288,1.21252,1.21288,50
2005-06-16 10:26:00,1.21242,1.21272,1.21242,1.21262,44
2005-06-16 10:27:00,1.21234,1.21264,1.21232,1.21242,44
2005-06-16 10:28:00,1.21258,1.21258,1.21224,1.21234,44
2005-06-16 10:29:00,1.21248,1.21258,1.21238,1.21258,38
2005-06-16 10:30:00,1.21248,1.21268,1.21238,1.21248,43
2005-06-16 10:31:00,1.21268,1.21288,1.21258,1.21258,51
2005-06-16 10:32:00,1.21268,1.21268,1.21248,1.21268,39
2005-06-16 10:33:00,1.21268,1.21278,1.21258,1.21268,49
2005-06-16 10:34:00,1.21298,1.21298,1.21278,1.21278,50
2005-06-16 10:35:00,1.21288,1.21308,1.21258,1.21298,53
2005-06-16 10:36:00,1.21268,1.21288,1.21268,1.21288,46
2005-06-16 10:37:00,1.21258,1.21268,1.21258,1.21268,25
2005-06-16 10:38:00,1.21262,1.21272,1.21258,1.21258,43
2005-06-16 10:39:00,1.21264,1.21274,1.21262,1.21262,27
2005-06-16 10:40:00,1.21284,1.21284,1.21254,1.21264,44
2005-06-16 10:41:00,1.21284,1.21284,1.21264,1.21284,50
2005-06-16 10:42:00,1.21264,1.21284,1.21264,1.21284,40
2005-06-16 10:43:00,1.21254,1.21264,1.21234,1.21264,26
2005-06-16 10:44:00,1.21254,1.21264,1.21244,1.21254,49
2005-06-16 10:45:00,1.21264,1.21274,1.21244,1.21254,45
2005-06-16 10:46:00,1.21274,1.21274,1.21264,1.21264,36
2005-06-16 10:47:00,1.21264,1.21274,1.21264,1.21274,38
2005-06-16 10:48:00,1.21264,1.21274,1.21254,1.21264,39
2005-06-16 10:49:00,1.21234,1.21264,1.21234,1.21264,37
2005-06-16 10:50:00,1.21224,1.21224,1.21204,1.21224,49
2005-06-16 10:51:00,1.21214,1.21224,1.21214,1.21224,27
2005-06-16 10:52:00,1.21194,1.21214,1.21184,1.21214,29
2005-06-16 10:53:00,1.21174,1.21194,1.21174,1.21194,47
2005-06-16 10:54:00,1.21202,1.21208,1.21174,1.21184,49
2005-06-16 10:55:00,1.21212,1.21212,1.21192,1.21202,30
2005-06-16 10:56:00,1.21198,1.21222,1.21196,1.21212,44
2005-06-16 10:57:00,1.21198,1.21198,1.21198,1.21198,24
2005-06-16 10:58:00,1.21198,1.21208,1.21198,1.21198,32
2005-06-16 10:59:00,1.21198,1.21208,1.21198,1.21198,44
2005-06-16 11:00:00,1.21208,1.21228,1.21198,1.21198,47
2005-06-16 11:01:00,1.21228,1.21238,1.21208,1.21228,47
2005-06-16 11:02:00,1.21218,1.21228,1.21218,1.21228,23
2005-06-16 11:03:00,1.21208,1.21218,1.21198,1.21218,58
2005-06-16 11:04:00,1.21218,1.21228,1.21198,1.21218,52
2005-06-16 11:05:00,1.21228,1.21238,1.21218,1.21228,44
2005-06-16 11:06:00,1.21228,1.21238,1.21228,1.21228,40
2005-06-16 11:07:00,1.21228,1.21228,1.21218,1.21218,23
2005-06-16 11:08:00,1.21218,1.21228,1.21218,1.21228,31
2005-06-16 11:09:00,1.21218,1.21228,1.21218,1.21218,30
2005-06-16 11:10:00,1.21208,1.21228,1.21208,1.21218,33
2005-06-16 11:11:00,1.21198,1.21208,1.21198,1.21208,32
2005-06-16 11:12:00,1.21204,1.21204,1.21197,1.21198,21
2005-06-16 11:13:00,1.21214,1.21214,1.21194,1.21204,41
2005-06-16 11:14:00,1.21204,1.21214,1.21204,1.21214,40
2005-06-16 11:15:00,1.21204,1.21204,1.21204,1.21204,28
2005-06-16 11:16:00,1.21224,1.21224,1.21194,1.21194,50
2005-06-16 11:17:00,1.21214,1.21224,1.21204,1.21224,37
2005-06-16 11:18:00,1.21214,1.21214,1.21204,1.21204,29
2005-06-16 11:19:00,1.21194,1.21214,1.21194,1.21214,44
2005-06-16 11:20:00,1.21194,1.21194,1.21194,1.21194,34
2005-06-16 11:21:00,1.21194,1.21204,1.21194,1.21194,34
2005-06-16 11:22:00,1.21194,1.21194,1.21194,1.21194,20
2005-06-16 11:23:00,1.21184,1.21194,1.21174,1.21194,25
2005-06-16 11:24:00,1.21194,1.21194,1.21174,1.21184,38
2005-06-16 11:25:00,1.21204,1.21214,1.21194,1.21194,43
2005-06-16 11:26:00,1.21218,1.21218,1.21194,1.21204,47
2005-06-16 11:27:00,1.21228,1.21238,1.21218,1.21218,47
2005-06-16 11:28:00,1.21208,1.21228,1.21208,1.21228,34
2005-06-16 11:29:00,1.21226,1.21236,1.21198,1.21198,49
2005-06-16 11:30:00,1.21186,1.21236,1.21186,1.21216,44
2005-06-16 11:31:00,1.21144,1.21176,1.21136,1.21176,45
2005-06-16 11:32:00,1.21104,1.21154,1.21094,1.21144,51
2005-06-16 11:33:00,1.21128,1.21128,1.21094,1.21104,54
2005-06-16 11:34:00,1.21138,1.21148,1.21128,1.21128,38
2005-06-16 11:35:00,1.21148,1.21148,1.21138,1.21138,50
2005-06-16 11:36:00,1.21138,1.21158,1.21128,1.21148,52
2005-06-16 11:37:00,1.21128,1.21138,1.21128,1.21138,41
2005-06-16 11:38:00,1.21054,1.21128,1.21054,1.21128,45
2005-06-16 11:39:00,1.21074,1.21074,1.21054,1.21054,51
2005-06-16 11:40:00,1.21094,1.21094,1.21064,1.21074,52
2005-06-16 11:41:00,1.21094,1.21094,1.21084,1.21094,30
2005-06-16 11:42:00,1.21118,1.21118,1.21094,1.21094,46
2005-06-16 11:43:00,1.21088,1.21128,1.21088,1.21118,37
2005-06-16 11:44:00,1.21128,1.21128,1.21088,1.21088,48
2005-06-16 11:45:00,1.21118,1.21128,1.21108,1.21128,43
2005-06-16 11:46:00,1.21098,1.21118,1.21098,1.21118,53
2005-06-16 11:47:00,1.21088,1.21108,1.21088,1.21098,38
2005-06-16 11:48:00,1.21098,1.21108,1.21088,1.21088,46
2005-06-16 11:49:00,1.21108,1.21124,1.21088,1.21088,39
2005-06-16 11:50:00,1.21118,1.21118,1.21108,1.21108,25
2005-06-16 11:51:00,1.21128,1.21128,1.21118,1.21118,29
2005-06-16 11:52:00,1.21128,1.21128,1.21118,1.21128,41
2005-06-16 11:53:00,1.21158,1.21158,1.21118,1.21118,42
2005-06-16 11:54:00,1.21208,1.21218,1.21148,1.21148,51
2005-06-16 11:55:00,1.21208,1.21248,1.21208,1.21208,49
2005-06-16 11:56:00,1.21208,1.21218,1.21198,1.21208,56
2005-06-16 11:57:00,1.21204,1.21218,1.21177,1.21208,58
2005-06-16 11:58:00,1.21212,1.21222,1.21202,1.21204,52
2005-06-16 11:59:00,1.21194,1.21212,1.21192,1.21212,33
2005-06-16 12:00:00,1.21198,1.21214,1.21194,1.21194,37
2005-06-16 12:01:00,1.21228,1.21238,1.21198,1.21198,53
2005-06-16 12:02:00,1.21228,1.21238,1.21228,1.21228,37
2005-06-16 12:03:00,1.21268,1.21268,1.21228,1.21238,56
2005-06-16 12:04:00,1.21268,1.21298,1.21268,1.21278,50
2005-06-16 12:05:00,1.21268,1.21278,1.21258,1.21268,42
2005-06-16 12:06:00,1.21258,1.21268,1.21238,1.21268,46
2005-06-16 12:07:00,1.21276,1.21286,1.21258,1.21258,32
2005-06-16 12:08:00,1.21296,1.21296,1.21276,1.21276,50
2005-06-16 12:09:00,1.21268,1.21296,1.21258,1.21296,38
2005-06-16 12:10:00,1.21248,1.21268,1.21248,1.21268,53
2005-06-16 12:11:00,1.21258,1.21268,1.21248,1.21248,40
2005-06-16 12:12:00,1.21248,1.21258,1.21238,1.21258,42
2005-06-16 12:13:00,1.2123,1.2125,1.2122,1.21248,56
2005-06-16 12:14:00,1.21148,1.2123,1.21148,1.2123,45
2005-06-16 12:15:00,1.21138,1.21188,1.21138,1.21148,45
2005-06-16 12:16:00,1.21156,1.21156,1.21124,1.21134,54
2005-06-16 12:17:00,1.21166,1.21176,1.21156,1.21156,41
2005-06-16 12:18:00,1.21166,1.21176,1.21146,1.21166,53
2005-06-16 12:19:00,1.21198,1.21198,1.21162,1.21176,50
2005-06-16 12:20:00,1.21188,1.21208,1.21178,1.21198,44
2005-06-16 12:21:00,1.21168,1.21188,1.21168,1.21188,38
2005-06-16 12:22:00,1.21198,1.21228,1.21168,1.21168,48
2005-06-16 12:23:00,1.21178,1.21198,1.21178,1.21198,38
2005-06-16 12:24:00,1.21148,1.21178,1.21148,1.21178,47
2005-06-16 12:25:00,1.21178,1.21178,1.21148,1.21148,44
2005-06-16 12:26:00,1.21188,1.21198,1.21168,1.21178,48
2005-06-16 12:27:00,1.21188,1.21188,1.21177,1.21188,41
2005-06-16 12:28:00,1.21188,1.21198,1.21168,1.21188,39
2005-06-16 12:29:00,1.21137,1.21188,1.21127,1.21188,49
2005-06-16 12:30:00,1.2116,1.2117,1.21127,1.21137,59
2005-06-16 12:31:00,1.2117,1.2117,1.2114,1.2116,42
2005-06-16 12:32:00,1.21172,1.21172,1.21158,1.2117,49
2005-06-16 12:33:00,1.21114,1.21172,1.21114,1.21172,47
2005-06-16 12:34:00,1.21134,1.21144,1.21094,1.21114,46
2005-06-16 12:35:00,1.21144,1.21144,1.21134,1.21134,55
2005-06-16 12:36:00,1.21164,1.21164,1.21144,1.21144,56
2005-06-16 12:37:00,1.21224,1.21224,1.21164,1.21164,46
2005-06-16 12:38:00,1.21224,1.21244,1.21214,1.21234,44
2005-06-16 12:39:00,1.21218,1.21224,1.21214,1.21224,43
2005-06-16 12:40:00,1.21208,1.21218,1.21198,1.21218,36
2005-06-16 12:41:00,1.21208,1.21228,1.21198,1.21208,43
2005-06-16 12:42:00,1.21208,1.21218,1.21208,1.21208,35
2005-06-16 12:43:00,1.21228,1.21238,1.21208,1.21208,39
2005-06-16 12:44:00,1.21228,1.21228,1.21218,1.21228,49
2005-06-16 12:45:00,1.21268,1.21268,1.21228,1.21228,41
2005-06-16 12:46:00,1.21338,1.21348,1.21238,1.21268,38
2005-06-16 12:47:00,1.21348,1.21398,1.21338,1.21338,58
2005-06-16 12:48:00,1.21378,1.21378,1.21328,1.21358,36
2005-06-16 12:49:00,1.21418,1.21448,1.21368,1.21378,42
2005-06-16 12:50:00,1.21424,1.21444,1.21408,1.21418,45
2005-06-16 12:51:00,1.21404,1.21424,1.21404,1.21424,23
2005-06-16 12:52:00,1.21434,1.21444,1.21394,1.21404,23
2005-06-16 12:53:00,1.21378,1.21424,1.21378,1.21424,36
2005-06-16 12:54:00,1.21368,1.21388,1.21358,1.21378,37
2005-06-16 12:55:00,1.21398,1.21398,1.21368,1.21378,45
2005-06-16 12:56:00,1.21358,1.21398,1.21358,1.21398,43
2005-06-16 12:57:00,1.21338,1.21368,1.21338,1.21358,45
2005-06-16 12:58:00,1.21358,1.21388,1.21338,1.21338,47
2005-06-16 12:59:00,1.21428,1.21428,1.21358,1.21358,52
2005-06-16 13:00:00,1.21418,1.21468,1.21418,1.21428,53
2005-06-16 13:01:00,1.21428,1.21428,1.21378,1.21408,51
2005-06-16 13:02:00,1.21438,1.21438,1.21398,1.21428,40
2005-06-16 13:03:00,1.21452,1.21468,1.21428,1.21438,48
2005-06-16 13:04:00,1.21388,1.21462,1.21388,1.21462,47
2005-06-16 13:05:00,1.21408,1.21428,1.21398,1.21398,41
2005-06-16 13:06:00,1.21408,1.21418,1.21398,1.21408,45
2005-06-16 13:07:00,1.21398,1.21418,1.21378,1.21408,44
2005-06-16 13:08:00,1.21388,1.21408,1.21368,1.21388,42
2005-06-16 13:09:00,1.21388,1.21398,1.21378,1.21388,49
2005-06-16 13:10:00,1.21398,1.21408,1.21378,1.21388,49
2005-06-16 13:11:00,1.21438,1.21448,1.21398,1.21398,50
2005-06-16 13:12:00,1.21428,1.21438,1.21408,1.21438,49
2005-06-16 13:13:00,1.21438,1.21508,1.21428,1.21428,49
2005-06-16 13:14:00,1.21402,1.21438,1.21402,1.21438,38
2005-06-16 13:15:00,1.21382,1.21412,1.21372,1.21412,38
2005-06-16 13:16:00,1.21382,1.21392,1.21372,1.21382,45
2005-06-16 13:17:00,1.21392,1.21402,1.21372,1.21382,49
2005-06-16 13:18:00,1.21448,1.21468,1.21402,1.21402,49
2005-06-16 13:19:00,1.21452,1.21462,1.21438,1.21448,43
2005-06-16 13:20:00,1.21462,1.21492,1.21442,1.21442,52
2005-06-16 13:21:00,1.21482,1.21482,1.21452,1.21452,53
2005-06-16 13:22:00,1.21492,1.21502,1.21482,1.21482,46
2005-06-16 13:23:00,1.21472,1.21512,1.21472,1.21492,42
2005-06-16 13:24:00,1.21512,1.21512,1.21452,1.21472,45
2005-06-16 13:25:00,1.21622,1.21652,1.21522,1.21572,50
2005-06-16 13:26:00,1.21662,1.21692,1.21602,1.21602,48
2005-06-16 13:27:00,1.21592,1.21672,1.21592,1.21652,35
2005-06-16 13:28:00,1.21542,1.21612,1.21512,1.21582,22
2005-06-16 13:29:00,1.21462,1.21562,1.21462,1.21542,48
2005-06-16 13:30:00,1.21362,1.21462,1.21342,1.21462,48
2005-06-16 13:31:00,1.21462,1.21462,1.21372,1.21372,47
2005-06-16 13:32:00,1.21442,1.21462,1.21412,1.21462,42
2005-06-16 13:33:00,1.21442,1.21452,1.21412,1.21442,42
2005-06-16 13:34:00,1.21422,1.21442,1.21412,1.21442,42
2005-06-16 13:35:00,1.21432,1.21432,1.21402,1.21402,40
2005-06-16 13:36:00,1.21412,1.21422,1.21402,1.21422,39
2005-06-16 13:37:00,1.21412,1.21422,1.21402,1.21412,48
2005-06-16 13:38:00,1.21392,1.21412,1.21362,1.21412,40
2005-06-16 13:39:00,1.21342,1.21382,1.21342,1.21382,52
2005-06-16 13:40:00,1.21192,1.21362,1.21182,1.21332,52
2005-06-16 13:41:00,1.21156,1.21216,1.21136,1.21202,45
2005-06-16 13:42:00,1.21196,1.21196,1.21156,1.21156,54
2005-06-16 13:43:00,1.21186,1.21196,1.21176,1.21196,41
2005-06-16 13:44:00,1.21076,1.21206,1.21076,1.21186,53
2005-06-16 13:45:00,1.21146,1.21146,1.21086,1.21086,41
2005-06-16 13:46:00,1.21146,1.21166,1.21136,1.21146,51
2005-06-16 13:47:00,1.21076,1.21156,1.21076,1.21146,54
2005-06-16 13:48:00,1.20925,1.21096,1.20916,1.21076,59
2005-06-16 13:49:00,1.2093,1.20945,1.20895,1.20935,57
2005-06-16 13:50:00,1.2096,1.2097,1.2093,1.2093,44
2005-06-16 13:51:00,1.2093,1.2098,1.2093,1.2096,49
2005-06-16 13:52:00,1.2091,1.2095,1.209,1.2093,61
2005-06-16 13:53:00,1.2093,1.2095,1.2088,1.2092,58
2005-06-16 13:54:00,1.2085,1.2094,1.2084,1.2092,53
2005-06-16 13:55:00,1.2086,1.2088,1.2084,1.2086,44
2005-06-16 13:56:00,1.20805,1.2086,1.20775,1.2086,56
2005-06-16 13:57:00,1.20865,1.20875,1.20805,1.20805,51
2005-06-16 13:58:00,1.20925,1.20925,1.20865,1.20865,51
2005-06-16 13:59:00,1.20855,1.20935,1.20855,1.20925,46
2005-06-16 14:00:00,1.20895,1.20895,1.20825,1.20855,46
2005-06-16 14:01:00,1.20935,1.20945,1.20835,1.20885,54
2005-06-16 14:02:00,1.20935,1.20945,1.20915,1.20945,51
2005-06-16 14:03:00,1.20975,1.20995,1.20935,1.20935,54
2005-06-16 14:04:00,1.20975,1.20985,1.20935,1.20975,45
2005-06-16 14:05:00,1.20985,1.20995,1.20945,1.20975,51
2005-06-16 14:06:00,1.20965,1.20995,1.20965,1.20985,43
2005-06-16 14:07:00,1.20935,1.20975,1.20915,1.20965,53
2005-06-16 14:08:00,1.20925,1.20955,1.20915,1.20945,45
2005-06-16 14:09:00,1.20945,1.20965,1.20915,1.20925,55
2005-06-16 14:10:00,1.20935,1.20955,1.20915,1.20935,51
2005-06-16 14:11:00,1.20935,1.20945,1.20925,1.20935,48
2005-06-16 14:12:00,1.20855,1.20935,1.20855,1.20935,49
2005-06-16 14:13:00,1.20865,1.20865,1.20825,1.20845,50
2005-06-16 14:14:00,1.20735,1.20865,1.20735,1.20865,54
2005-06-16 14:15:00,1.20725,1.20765,1.20695,1.20745,56
2005-06-16 14:16:00,1.20765,1.20765,1.20705,1.20725,47
2005-06-16 14:17:00,1.20775,1.20775,1.20755,1.20765,42
2005-06-16 14:18:00,1.20765,1.20785,1.20765,1.20775,36
2005-06-16 14:19:00,1.20755,1.20765,1.20735,1.20755,42
2005-06-16 14:20:00,1.20715,1.20765,1.20695,1.20755,55
2005-06-16 14:21:00,1.20735,1.20755,1.20715,1.20715,47
2005-06-16 14:22:00,1.20725,1.20745,1.20715,1.20745,43
2005-06-16 14:23:00,1.20715,1.20735,1.20665,1.20725,59
2005-06-16 14:24:00,1.20645,1.20725,1.20645,1.20715,58
2005-06-16 14:25:00,1.20635,1.20675,1.20615,1.20645,59
2005-06-16 14:26:00,1.20675,1.20675,1.20615,1.20645,47
2005-06-16 14:27:00,1.20655,1.20685,1.20625,1.20665,54
2005-06-16 14:28:00,1.20605,1.20675,1.20605,1.20655,49
2005-06-16 14:29:00,1.20675,1.20675,1.20575,1.20605,53
2005-06-16 14:30:00,1.20735,1.20735,1.20665,1.20675,49
2005-06-16 14:31:00,1.20735,1.20755,1.20715,1.20735,54
2005-06-16 14:32:00,1.20715,1.20745,1.20715,1.20735,44
2005-06-16 14:33:00,1.20715,1.20735,1.20695,1.20715,50
2005-06-16 14:34:00,1.20715,1.20725,1.20705,1.20715,45
2005-06-16 14:35:00,1.20745,1.20745,1.20715,1.20715,40
2005-06-16 14:36:00,1.20755,1.20765,1.20735,1.20745,52
2005-06-16 14:37:00,1.20745,1.20755,1.20735,1.20755,49
2005-06-16 14:38:00,1.20775,1.20785,1.20745,1.20745,54
2005-06-16 14:39:00,1.20785,1.20785,1.20765,1.20775,49
2005-06-16 14:40:00,1.20785,1.20795,1.20765,1.20785,49
2005-06-16 14:41:00,1.20755,1.20795,1.20755,1.20785,49
2005-06-16 14:42:00,1.20745,1.20775,1.20745,1.20755,46
2005-06-16 14:43:00,1.20775,1.20785,1.20745,1.20745,40
2005-06-16 14:44:00,1.20755,1.20775,1.20755,1.20775,44
2005-06-16 14:45:00,1.20755,1.20765,1.20735,1.20755,45
2005-06-16 14:46:00,1.20755,1.20785,1.20745,1.20755,46
2005-06-16 14:47:00,1.20775,1.20805,1.20755,1.20755,56
2005-06-16 14:48:00,1.20785,1.20805,1.20765,1.20775,45
2005-06-16 14:49:00,1.20785,1.20805,1.20775,1.20795,48
2005-06-16 14:50:00,1.20775,1.20795,1.20765,1.20785,46
2005-06-16 14:51:00,1.20825,1.20835,1.20775,1.20775,41
2005-06-16 14:52:00,1.20795,1.20835,1.20785,1.20835,50
2005-06-16 14:53:00,1.20795,1.20805,1.20785,1.20795,50
2005-06-16 14:54:00,1.20775,1.20805,1.20755,1.20795,47
2005-06-16 14:55:00,1.20785,1.20785,1.20755,1.20775,37
2005-06-16 14:56:00,1.2081,1.2082,1.2078,1.20785,46
2005-06-16 14:57:00,1.2082,1.2082,1.2079,1.2081,42
2005-06-16 14:58:00,1.2084,1.2085,1.2081,1.2082,50
2005-06-16 14:59:00,1.2085,1.2087,1.208,1.2084,51
2005-06-16 15:00:00,1.2085,1.2087,1.2083,1.2084,46
2005-06-16 15:01:00,1.2085,1.2086,1.2083,1.2085,47
2005-06-16 15:02:00,1.2085,1.2086,1.2085,1.2085,34
2005-06-16 15:03:00,1.2088,1.2088,1.2085,1.2085,39
2005-06-16 15:04:00,1.2089,1.2091,1.2088,1.2088,40
2005-06-16 15:05:00,1.2088,1.2089,1.2086,1.2089,54
2005-06-16 15:06:00,1.2088,1.2089,1.2086,1.2088,46
2005-06-16 15:07:00,1.2085,1.2088,1.2085,1.2087,55
2005-06-16 15:08:00,1.2085,1.2086,1.2085,1.2085,42
2005-06-16 15:09:00,1.2084,1.2085,1.2083,1.2085,48
2005-06-16 15:10:00,1.2084,1.2086,1.2083,1.2085,49
2005-06-16 15:11:00,1.2079,1.2084,1.2079,1.2084,41
2005-06-16 15:12:00,1.2081,1.2082,1.2079,1.2079,42
2005-06-16 15:13:00,1.2081,1.2081,1.208,1.2081,29
2005-06-16 15:14:00,1.2081,1.2082,1.2081,1.2081,32
2005-06-16 15:15:00,1.2079,1.2082,1.2079,1.2081,44
2005-06-16 15:16:00,1.2078,1.208,1.2078,1.2079,41
2005-06-16 15:17:00,1.2078,1.2078,1.2077,1.2078,45
2005-06-16 15:18:00,1.2081,1.2081,1.2076,1.2077,41
2005-06-16 15:19:00,1.208,1.2083,1.208,1.2081,50
2005-06-16 15:20:00,1.2081,1.2082,1.2079,1.208,46
2005-06-16 15:21:00,1.2082,1.2082,1.2081,1.2081,33
2005-06-16 15:22:00,1.208,1.2082,1.208,1.2082,45
2005-06-16 15:23:00,1.2081,1.2082,1.208,1.208,58
2005-06-16 15:24:00,1.2086,1.2086,1.208,1.208,48
2005-06-16 15:25:00,1.2084,1.2086,1.2084,1.2086,54
2005-06-16 15:26:00,1.2085,1.2086,1.2084,1.2084,42
2005-06-16 15:27:00,1.2085,1.2086,1.2085,1.2085,20
2005-06-16 15:28:00,1.2087,1.2087,1.2085,1.2085,48
2005-06-16 15:29:00,1.2093,1.2093,1.2087,1.2087,48
2005-06-16 15:30:00,1.2086,1.2096,1.2086,1.2094,46
2005-06-16 15:31:00,1.2086,1.2088,1.2085,1.2086,49
2005-06-16 15:32:00,1.2084,1.2086,1.2083,1.2086,46
2005-06-16 15:33:00,1.2086,1.2086,1.2085,1.2085,45
2005-06-16 15:34:00,1.2083,1.2085,1.2081,1.2085,52
2005-06-16 15:35:00,1.2084,1.2085,1.2083,1.2083,36
2005-06-16 15:36:00,1.2084,1.2084,1.2084,1.2084,30
2005-06-16 15:37:00,1.2083,1.2084,1.2081,1.2084,30
2005-06-16 15:38:00,1.2082,1.2083,1.2081,1.2083,40
2005-06-16 15:39:00,1.2084,1.2084,1.2082,1.2083,42
2005-06-16 15:40:00,1.2083,1.2084,1.2083,1.2084,32
2005-06-16 15:41:00,1.2086,1.2086,1.2082,1.2083,46
2005-06-16 15:42:00,1.2087,1.2088,1.2085,1.2086,41
2005-06-16 15:43:00,1.2086,1.2088,1.2085,1.2087,48
2005-06-16 15:44:00,1.2086,1.2088,1.2086,1.2086,51
2005-06-16 15:45:00,1.2087,1.2087,1.2085,1.2086,31
2005-06-16 15:46:00,1.2087,1.2087,1.2086,1.2087,37
2005-06-16 15:47:00,1.2085,1.2087,1.2085,1.2087,36
2005-06-16 15:48:00,1.2088,1.2088,1.2085,1.2085,45
2005-06-16 15:49:00,1.2086,1.2087,1.2085,1.2087,35
2005-06-16 15:50:00,1.2086,1.2086,1.2085,1.2086,37
2005-06-16 15:51:00,1.2087,1.2087,1.2086,1.2086,19
2005-06-16 15:52:00,1.2089,1.2089,1.2087,1.2087,45
2005-06-16 15:53:00,1.2089,1.2092,1.2088,1.2089,52
2005-06-16 15:54:00,1.2087,1.2089,1.2086,1.2089,46
2005-06-16 15:55:00,1.2087,1.2088,1.2085,1.2086,46
2005-06-16 15:56:00,1.2087,1.2088,1.2085,1.2087,46
2005-06-16 15:57:00,1.2087,1.2088,1.2084,1.2087,53
2005-06-16 15:58:00,1.2088,1.2089,1.2085,1.2087,49
2005-06-16 15:59:00,1.2088,1.2089,1.2087,1.2088,51
2005-06-16 16:00:00,1.2091,1.2103,1.2088,1.2088,65
2005-06-16 16:01:00,1.2087,1.2093,1.2083,1.209,68
2005-06-16 16:02:00,1.2088,1.2094,1.2084,1.2088,51
2005-06-16 16:03:00,1.2083,1.2089,1.2082,1.2088,59
2005-06-16 16:04:00,1.2085,1.2086,1.2083,1.2083,56
2005-06-16 16:05:00,1.2087,1.2088,1.2085,1.2085,47
2005-06-16 16:06:00,1.2088,1.2092,1.2086,1.2087,54
2005-06-16 16:07:00,1.2091,1.2091,1.2086,1.2088,43
2005-06-16 16:08:00,1.209,1.2091,1.2087,1.2091,53
2005-06-16 16:09:00,1.2087,1.2092,1.2087,1.209,57
2005-06-16 16:10:00,1.209,1.209,1.2086,1.2087,54
2005-06-16 16:11:00,1.2089,1.2091,1.2088,1.209,58
2005-06-16 16:12:00,1.209,1.2091,1.2088,1.2089,40
2005-06-16 16:13:00,1.2101,1.2102,1.2089,1.209,57
2005-06-16 16:14:00,1.2095,1.2101,1.2095,1.2101,51
2005-06-16 16:15:00,1.2096,1.2096,1.2093,1.2094,50
2005-06-16 16:16:00,1.20985,1.2101,1.2096,1.2096,51
2005-06-16 16:17:00,1.20965,1.20985,1.20955,1.20985,44
2005-06-16 16:18:00,1.20975,1.20995,1.20965,1.20965,50
2005-06-16 16:19:00,1.20935,1.20975,1.20935,1.20975,48
2005-06-16 16:20:00,1.2096,1.2099,1.2093,1.20935,50
2005-06-16 16:21:00,1.20976,1.20986,1.20946,1.2096,49
2005-06-16 16:22:00,1.2099,1.2101,1.20976,1.20986,47
2005-06-16 16:23:00,1.21016,1.2104,1.2097,1.2098,48
2005-06-16 16:24:00,1.2103,1.2103,1.21,1.21016,57
2005-06-16 16:25:00,1.21018,1.2103,1.20998,1.2102,56
2005-06-16 16:26:00,1.21018,1.21028,1.20998,1.21018,53
2005-06-16 16:27:00,1.20988,1.21028,1.20988,1.21018,54
2005-06-16 16:28:00,1.20996,1.20996,1.20976,1.20988,54
2005-06-16 16:29:00,1.20986,1.20996,1.20976,1.20996,52
2005-06-16 16:30:00,1.20962,1.20986,1.20962,1.20986,38
2005-06-16 16:31:00,1.20952,1.20982,1.20942,1.20962,48
2005-06-16 16:32:00,1.20952,1.20952,1.20942,1.20952,38
2005-06-16 16:33:00,1.20942,1.20952,1.20932,1.20952,43
2005-06-16 16:34:00,1.20962,1.20972,1.20942,1.20942,46
2005-06-16 16:35:00,1.20932,1.20962,1.20932,1.20962,37
2005-06-16 16:36:00,1.20932,1.20942,1.20932,1.20932,29
2005-06-16 16:37:00,1.20932,1.20942,1.20932,1.20932,32
2005-06-16 16:38:00,1.20902,1.20932,1.20902,1.20932,45
2005-06-16 16:39:00,1.20932,1.20932,1.20902,1.20902,40
2005-06-16 16:40:00,1.20922,1.20932,1.20912,1.20932,51
2005-06-16 16:41:00,1.20912,1.20922,1.20912,1.20912,42
2005-06-16 16:42:00,1.20922,1.20932,1.20912,1.20922,45
2005-06-16 16:43:00,1.20922,1.20932,1.20922,1.20922,23
2005-06-16 16:44:00,1.20912,1.20922,1.20912,1.20922,33
2005-06-16 16:45:00,1.20922,1.20932,1.20912,1.20912,38
2005-06-16 16:46:00,1.20942,1.20952,1.20912,1.20922,53
2005-06-16 16:47:00,1.20922,1.20952,1.20922,1.20942,40
2005-06-16 16:48:00,1.20932,1.20942,1.20932,1.20932,35
2005-06-16 16:49:00,1.20942,1.20952,1.20932,1.20932,37
2005-06-16 16:50:00,1.20932,1.20942,1.20932,1.20942,43
2005-06-16 16:51:00,1.20932,1.20932,1.20932,1.20932,15
2005-06-16 16:52:00,1.20942,1.20942,1.20932,1.20932,16
2005-06-16 16:53:00,1.20932,1.20942,1.20922,1.20942,38
2005-06-16 16:54:00,1.20932,1.20932,1.20932,1.20932,25
2005-06-16 16:55:00,1.20932,1.20942,1.20922,1.20932,21
2005-06-16 16:56:00,1.20922,1.20942,1.20922,1.20932,26
2005-06-16 16:57:00,1.20882,1.20922,1.20872,1.20922,42
2005-06-16 16:58:00,1.20892,1.20892,1.20882,1.20882,45
2005-06-16 16:59:00,1.20878,1.20892,1.20878,1.20892,29
2005-06-16 17:00:00,1.20878,1.20878,1.20868,1.20878,29
2005-06-16 17:01:00,1.20888,1.20888,1.20868,1.20878,32
2005-06-16 17:02:00,1.20878,1.20888,1.20868,1.20888,41
2005-06-16 17:03:00,1.20878,1.20878,1.20878,1.20878,25
2005-06-16 17:04:00,1.20878,1.20878,1.20868,1.20878,45
2005-06-16 17:05:00,1.20878,1.20878,1.20878,1.20878,7
2005-06-16 17:06:00,1.20888,1.20898,1.20878,1.20878,34
2005-06-16 17:07:00,1.20878,1.20898,1.20878,1.20888,43
2005-06-16 17:08:00,1.20888,1.20888,1.20878,1.20878,15
2005-06-16 17:09:00,1.20888,1.20898,1.20878,1.20878,34
2005-06-16 17:10:00,1.20888,1.20888,1.20888,1.20888,22
2005-06-16 17:11:00,1.20888,1.20898,1.20878,1.20888,42
2005-06-16 17:12:00,1.20878,1.20888,1.20878,1.20888,25
2005-06-16 17:13:00,1.20868,1.20878,1.20868,1.20878,23
2005-06-16 17:14:00,1.20838,1.20878,1.20818,1.20868,42
2005-06-16 17:15:00,1.20838,1.20848,1.20828,1.20838,44
2005-06-16 17:16:00,1.20828,1.20838,1.20818,1.20838,34
2005-06-16 17:17:00,1.20838,1.20848,1.20828,1.20828,39
2005-06-16 17:18:00,1.20778,1.20838,1.20758,1.20838,56
2005-06-16 17:19:00,1.20778,1.20788,1.20758,1.20778,47
2005-06-16 17:20:00,1.20768,1.20788,1.20758,1.20788,42
2005-06-16 17:21:00,1.20768,1.20788,1.20768,1.20768,50
2005-06-16 17:22:00,1.20728,1.20788,1.20728,1.20768,55
2005-06-16 17:23:00,1.20738,1.20758,1.20728,1.20728,49
2005-06-16 17:24:00,1.20738,1.20738,1.20728,1.20738,43
2005-06-16 17:25:00,1.20768,1.20768,1.20728,1.20738,49
2005-06-16 17:26:00,1.20768,1.20788,1.20768,1.20778,40
2005-06-16 17:27:00,1.20778,1.20798,1.20778,1.20778,39
2005-06-16 17:28:00,1.20768,1.20778,1.20768,1.20778,46
2005-06-16 17:29:00,1.20738,1.20768,1.20738,1.20768,50
2005-06-16 17:30:00,1.20738,1.20748,1.20738,1.20738,33
2005-06-16 17:31:00,1.20748,1.20758,1.20738,1.20738,51
2005-06-16 17:32:00,1.20718,1.20748,1.20718,1.20748,43
2005-06-16 17:33:00,1.20748,1.20748,1.20718,1.20718,49
2005-06-16 17:34:00,1.208,1.208,1.20748,1.20748,41
2005-06-16 17:35:00,1.2084,1.2085,1.2079,1.208,43
2005-06-16 17:36:00,1.2083,1.2084,1.2083,1.2084,31
2005-06-16 17:37:00,1.2084,1.2085,1.2082,1.2082,32
2005-06-16 17:38:00,1.2085,1.2085,1.2084,1.2085,36
2005-06-16 17:39:00,1.2086,1.2086,1.2085,1.2085,22
2005-06-16 17:40:00,1.2084,1.2086,1.2083,1.2086,30
2005-06-16 17:41:00,1.2085,1.2085,1.2084,1.2084,35
2005-06-16 17:42:00,1.2084,1.2085,1.2084,1.2084,28
2005-06-16 17:43:00,1.2083,1.2084,1.2082,1.2084,40
2005-06-16 17:44:00,1.2087,1.2087,1.2084,1.2084,36
2005-06-16 17:45:00,1.2087,1.2087,1.2086,1.2087,13
2005-06-16 17:46:00,1.2086,1.2087,1.2086,1.2087,33
2005-06-16 17:47:00,1.2085,1.2086,1.2085,1.2086,25
2005-06-16 17:48:00,1.2086,1.2086,1.2085,1.2085,19
2005-06-16 17:49:00,1.2086,1.2089,1.2086,1.2086,41
2005-06-16 17:50:00,1.20888,1.2091,1.2086,1.2086,53
2005-06-16 17:51:00,1.20908,1.20908,1.20888,1.20888,34
2005-06-16 17:52:00,1.20908,1.20918,1.20898,1.20908,33
2005-06-16 17:53:00,1.20898,1.20908,1.20898,1.20908,39
2005-06-16 17:54:00,1.20888,1.20898,1.20888,1.20898,35
2005-06-16 17:55:00,1.20898,1.20898,1.20888,1.20888,18
2005-06-16 17:56:00,1.20888,1.20898,1.20878,1.20878,46
2005-06-16 17:57:00,1.20878,1.20888,1.20878,1.20888,41
2005-06-16 17:58:00,1.20878,1.20888,1.20878,1.20878,31
2005-06-16 17:59:00,1.20878,1.20888,1.20878,1.20878,31
2005-06-16 18:00:00,1.20888,1.20888,1.20878,1.20878,25
2005-06-16 18:01:00,1.20888,1.20908,1.20888,1.20888,34
2005-06-16 18:02:00,1.20908,1.20918,1.20888,1.20888,43
2005-06-16 18:03:00,1.20908,1.20918,1.20908,1.20908,28
2005-06-16 18:04:00,1.20918,1.20928,1.20908,1.20908,43
2005-06-16 18:05:00,1.20938,1.20938,1.20918,1.20918,40
2005-06-16 18:06:00,1.20928,1.20938,1.20928,1.20938,45
2005-06-16 18:07:00,1.20928,1.20928,1.20928,1.20928,28
2005-06-16 18:08:00,1.20918,1.20938,1.20918,1.20928,35
2005-06-16 18:09:00,1.20928,1.20928,1.20918,1.20918,24
2005-06-16 18:10:00,1.20928,1.20938,1.20918,1.20928,43
2005-06-16 18:11:00,1.20928,1.20928,1.20928,1.20928,7
2005-06-16 18:12:00,1.20928,1.20928,1.20918,1.20928,30
2005-06-16 18:13:00,1.20928,1.20928,1.20918,1.20928,20
2005-06-16 18:14:00,1.20928,1.20928,1.20928,1.20928,11
2005-06-16 18:15:00,1.20968,1.20968,1.20928,1.20928,25
2005-06-16 18:16:00,1.20938,1.20968,1.20938,1.20968,44
2005-06-16 18:17:00,1.20938,1.20948,1.20918,1.20938,31
2005-06-16 18:18:00,1.20938,1.20938,1.20938,1.20938,22
2005-06-16 18:19:00,1.20928,1.20938,1.20918,1.20938,41
2005-06-16 18:20:00,1.20938,1.20938,1.20918,1.20928,44
2005-06-16 18:21:00,1.20928,1.20938,1.20928,1.20938,28
2005-06-16 18:22:00,1.20908,1.20928,1.20908,1.20928,41
2005-06-16 18:23:00,1.20918,1.20928,1.20908,1.20908,29
2005-06-16 18:24:00,1.20928,1.20938,1.20918,1.20918,33
2005-06-16 18:25:00,1.20938,1.20938,1.20918,1.20928,35
2005-06-16 18:26:00,1.20938,1.20938,1.20938,1.20938,17
2005-06-16 18:27:00,1.20938,1.20938,1.20938,1.20938,4
2005-06-16 18:28:00,1.20938,1.20948,1.20938,1.20948,22
2005-06-16 18:29:00,1.20958,1.20958,1.20938,1.20938,41
2005-06-16 18:30:00,1.20938,1.20958,1.20938,1.20958,33
2005-06-16 18:31:00,1.20968,1.20968,1.20918,1.20928,42
2005-06-16 18:32:00,1.20978,1.20998,1.20968,1.20968,44
2005-06-16 18:33:00,1.20978,1.20978,1.20968,1.20978,28
2005-06-16 18:34:00,1.20968,1.20978,1.20958,1.20968,35
2005-06-16 18:35:00,1.20968,1.20968,1.20968,1.20968,11
2005-06-16 18:36:00,1.20968,1.20968,1.20958,1.20968,17
2005-06-16 18:37:00,1.20958,1.20968,1.20958,1.20958,28
2005-06-16 18:38:00,1.20968,1.20968,1.20958,1.20958,26
2005-06-16 18:39:00,1.20938,1.20958,1.20938,1.20958,48
2005-06-16 18:40:00,1.20948,1.20958,1.20938,1.20948,36
2005-06-16 18:41:00,1.20948,1.20968,1.20948,1.20948,43
2005-06-16 18:42:00,1.20968,1.20968,1.20948,1.20958,42
2005-06-16 18:43:00,1.20958,1.20968,1.20958,1.20968,31
2005-06-16 18:44:00,1.20948,1.20958,1.20948,1.20958,41
2005-06-16 18:45:00,1.20948,1.20958,1.20948,1.20958,28
2005-06-16 18:46:00,1.20938,1.20958,1.20938,1.20958,28
2005-06-16 18:47:00,1.20948,1.20958,1.20938,1.20938,42
2005-06-16 18:48:00,1.20948,1.20948,1.20938,1.20948,14
2005-06-16 18:49:00,1.20978,1.20978,1.20938,1.20948,32
2005-06-16 18:50:00,1.20968,1.20978,1.20968,1.20978,31
2005-06-16 18:51:00,1.20968,1.20968,1.20958,1.20968,32
2005-06-16 18:52:00,1.20988,1.20998,1.20968,1.20968,34
2005-06-16 18:53:00,1.21008,1.21008,1.20988,1.20988,28
2005-06-16 18:54:00,1.20998,1.21028,1.20998,1.21018,54
2005-06-16 18:55:00,1.20978,1.21008,1.20978,1.21008,49
2005-06-16 18:56:00,1.20988,1.20988,1.20978,1.20978,22
2005-06-16 18:57:00,1.20998,1.20998,1.20988,1.20998,37
2005-06-16 18:58:00,1.20978,1.20998,1.20978,1.20998,40
2005-06-16 18:59:00,1.20988,1.20988,1.20978,1.20978,27
2005-06-16 19:00:00,1.20998,1.20998,1.20978,1.20988,37
2005-06-16 19:01:00,1.21008,1.21008,1.20998,1.20998,28
2005-06-16 19:02:00,1.21028,1.21028,1.21008,1.21008,38
2005-06-16 19:03:00,1.21008,1.21028,1.21008,1.21028,29
2005-06-16 19:04:00,1.20998,1.21018,1.20998,1.21008,36
2005-06-16 19:05:00,1.21008,1.21008,1.20998,1.20998,28
2005-06-16 19:06:00,1.21018,1.21018,1.20998,1.21008,30
2005-06-16 19:07:00,1.20998,1.21018,1.20998,1.21018,23
2005-06-16 19:08:00,1.20998,1.20998,1.20998,1.20998,10
2005-06-16 19:09:00,1.20998,1.20998,1.20988,1.20998,24
2005-06-16 19:10:00,1.20998,1.21008,1.20998,1.20998,31
2005-06-16 19:11:00,1.20988,1.20998,1.20988,1.20998,30
2005-06-16 19:12:00,1.20978,1.20988,1.20978,1.20988,21
2005-06-16 19:13:00,1.20978,1.20978,1.20978,1.20978,9
2005-06-16 19:14:00,1.20978,1.20978,1.20978,1.20978,9
2005-06-16 19:15:00,1.20968,1.20978,1.20968,1.20968,28
2005-06-16 19:16:00,1.20978,1.20978,1.20958,1.20968,43
2005-06-16 19:17:00,1.20978,1.20988,1.20978,1.20978,16
2005-06-16 19:18:00,1.20978,1.20988,1.20978,1.20978,29
2005-06-16 19:19:00,1.20978,1.20988,1.20978,1.20978,51
2005-06-16 19:20:00,1.20978,1.20988,1.20978,1.20978,24
2005-06-16 19:21:00,1.20978,1.20988,1.20978,1.20978,24
2005-06-16 19:22:00,1.20958,1.20978,1.20958,1.20978,37
2005-06-16 19:23:00,1.20948,1.20958,1.20948,1.20958,9
2005-06-16 19:24:00,1.20948,1.20958,1.20948,1.20948,25
2005-06-16 19:25:00,1.20958,1.20958,1.20948,1.20948,24
2005-06-16 19:26:00,1.20958,1.20958,1.20958,1.20958,15
2005-06-16 19:27:00,1.20958,1.20958,1.20958,1.20958,16
2005-06-16 19:28:00,1.20976,1.20976,1.20958,1.20958,20
2005-06-16 19:29:00,1.20976,1.20976,1.20966,1.20976,11
2005-06-16 19:30:00,1.20976,1.20976,1.20976,1.20976,11
2005-06-16 19:31:00,1.20976,1.20976,1.20976,1.20976,5
2005-06-16 19:32:00,1.20976,1.20976,1.20976,1.20976,12
2005-06-16 19:33:00,1.20966,1.20986,1.20966,1.20976,30
2005-06-16 19:34:00,1.20966,1.20976,1.20966,1.20966,18
2005-06-16 19:35:00,1.20966,1.20966,1.20966,1.20966,3
2005-06-16 19:36:00,1.20966,1.20966,1.20966,1.20966,4
2005-06-16 19:37:00,1.20966,1.20966,1.20966,1.20966,7
2005-06-16 19:38:00,1.20966,1.20976,1.20966,1.20966,16
2005-06-16 19:39:00,1.20966,1.20966,1.20966,1.20966,13
2005-06-16 19:40:00,1.20946,1.20966,1.20946,1.20966,35
2005-06-16 19:41:00,1.20936,1.20956,1.20926,1.20946,39
2005-06-16 19:42:00,1.20936,1.20936,1.20926,1.20936,30
2005-06-16 19:43:00,1.20936,1.20936,1.20926,1.20936,26
2005-06-16 19:44:00,1.20946,1.20946,1.20926,1.20936,41
2005-06-16 19:45:00,1.20986,1.20986,1.20946,1.20946,26
2005-06-16 19:46:00,1.20956,1.20986,1.20956,1.20986,42
2005-06-16 19:47:00,1.20966,1.20966,1.20956,1.20956,11
2005-06-16 19:48:00,1.20966,1.20966,1.20956,1.20956,24
2005-06-16 19:49:00,1.20966,1.20976,1.20966,1.20966,33
2005-06-16 19:50:00,1.20956,1.20966,1.20956,1.20966,21
2005-06-16 19:51:00,1.20956,1.20966,1.20946,1.20956,30
2005-06-16 19:52:00,1.20956,1.20956,1.20956,1.20956,4
2005-06-16 19:53:00,1.20956,1.20966,1.20956,1.20956,17
2005-06-16 19:54:00,1.20976,1.20976,1.20956,1.20956,16
2005-06-16 19:55:00,1.20976,1.20976,1.20966,1.20966,25
2005-06-16 19:56:00,1.20976,1.20976,1.20976,1.20976,14
2005-06-16 19:57:00,1.20986,1.20986,1.20976,1.20976,10
2005-06-16 19:58:00,1.20986,1.20986,1.20986,1.20986,22
2005-06-16 19:59:00,1.21006,1.21006,1.20986,1.20986,27
2005-06-16 20:00:00,1.20996,1.21016,1.20996,1.21006,21
2005-06-16 20:01:00,1.21016,1.21026,1.20996,1.20996,35
2005-06-16 20:02:00,1.21006,1.21016,1.21006,1.21016,31
2005-06-16 20:03:00,1.21016,1.21016,1.21006,1.21006,17
2005-06-16 20:04:00,1.21026,1.21036,1.21006,1.21016,35
2005-06-16 20:05:00,1.21036,1.21036,1.21026,1.21026,2
2005-06-16 20:06:00,1.21026,1.21026,1.21026,1.21026,9
2005-06-16 20:07:00,1.21036,1.21036,1.21026,1.21036,11
2005-06-16 20:08:00,1.21036,1.21036,1.21036,1.21036,2
2005-06-16 20:09:00,1.21046,1.21056,1.21036,1.21036,11
2005-06-16 20:10:00,1.21036,1.21046,1.21036,1.21036,5
2005-06-16 20:11:00,1.21036,1.21046,1.21036,1.21036,10
2005-06-16 20:12:00,1.21036,1.21046,1.21036,1.21036,13
2005-06-16 20:13:00,1.21026,1.21046,1.21026,1.21046,9
2005-06-16 20:14:00,1.21016,1.21016,1.21006,1.21016,7
2005-06-16 20:15:00,1.21016,1.21016,1.21016,1.21016,4
2005-06-16 20:16:00,1.21036,1.21036,1.21016,1.21016,7
2005-06-16 20:17:00,1.21026,1.21036,1.21016,1.21036,9
2005-06-16 20:18:00,1.21026,1.21026,1.21026,1.21026,4
2005-06-16 20:19:00,1.21036,1.21046,1.21036,1.21036,6
2005-06-16 20:20:00,1.21036,1.21036,1.21036,1.21036,3
2005-06-16 20:21:00,1.21036,1.21036,1.21036,1.21036,2
2005-06-16 20:22:00,1.21046,1.21046,1.21036,1.21036,3
2005-06-16 20:23:00,1.21046,1.21046,1.21036,1.21046,5
2005-06-16 20:24:00,1.21046,1.21046,1.21046,1.21046,5
2005-06-16 20:25:00,1.21066,1.21066,1.21046,1.21046,5
2005-06-16 20:26:00,1.21076,1.21086,1.21066,1.21066,13
2005-06-16 20:27:00,1.21076,1.21076,1.21066,1.21076,5
2005-06-16 20:28:00,1.21056,1.21076,1.21056,1.21076,15
2005-06-16 20:29:00,1.21046,1.21056,1.21036,1.21056,9
2005-06-16 20:30:00,1.21056,1.21056,1.21046,1.21046,12
2005-06-16 20:31:00,1.21066,1.21086,1.21066,1.21076,14
2005-06-16 20:32:00,1.21066,1.21076,1.21056,1.21066,8
2005-06-16 20:33:00,1.21066,1.21066,1.21056,1.21056,7
2005-06-16 20:34:00,1.21066,1.21076,1.21056,1.21056,7
2005-06-16 20:35:00,1.21056,1.21066,1.21056,1.21056,8
2005-06-16 20:36:00,1.21056,1.21056,1.21056,1.21056,3
2005-06-16 20:37:00,1.21066,1.21066,1.21046,1.21056,15
2005-06-16 20:38:00,1.21056,1.21066,1.21056,1.21066,10
2005-06-16 20:39:00,1.21066,1.21066,1.21056,1.21056,3
2005-06-16 20:40:00,1.21066,1.21066,1.21056,1.21056,6
2005-06-16 20:41:00,1.21066,1.21066,1.21066,1.21066,5
2005-06-16 20:42:00,1.21056,1.21066,1.21056,1.21066,5
2005-06-16 20:43:00,1.21056,1.21066,1.21056,1.21056,6
2005-06-16 20:44:00,1.21066,1.21066,1.21056,1.21056,4
2005-06-16 20:45:00,1.21066,1.21066,1.21066,1.21066,2
2005-06-16 20:46:00,1.21066,1.21076,1.21066,1.21066,8
2005-06-16 20:47:00,1.21076,1.21086,1.21056,1.21086,13
2005-06-16 20:48:00,1.21086,1.21086,1.21076,1.21076,9
2005-06-16 20:49:00,1.21096,1.21096,1.21086,1.21086,5
2005-06-16 20:50:00,1.21086,1.21096,1.21086,1.21086,5
2005-06-16 20:51:00,1.21086,1.21096,1.21086,1.21086,5
2005-06-16 20:52:00,1.21086,1.21086,1.21086,1.21086,3
2005-06-16 20:53:00,1.21066,1.21086,1.21066,1.21086,10
2005-06-16 20:54:00,1.21066,1.21076,1.21066,1.21066,5
2005-06-16 20:55:00,1.21066,1.21076,1.21066,1.21066,12
2005-06-16 20:56:00,1.21076,1.21076,1.21066,1.21066,4
2005-06-16 20:57:00,1.21066,1.21076,1.21066,1.21076,7
2005-06-16 20:58:00,1.21076,1.21076,1.21066,1.21066,7
2005-06-16 20:59:00,1.21076,1.21086,1.21066,1.21086,8
2005-06-16 21:00:00,1.21076,1.21076,1.21076,1.21076,3
2005-06-16 21:01:00,1.21086,1.21086,1.21066,1.21066,10
2005-06-16 21:02:00,1.21076,1.21086,1.21076,1.21086,5
2005-06-16 21:03:00,1.21076,1.21086,1.21076,1.21086,5
2005-06-16 21:04:00,1.21076,1.21076,1.21076,1.21076,3
2005-06-16 21:05:00,1.21096,1.21096,1.21076,1.21076,6
2005-06-16 21:06:00,1.21086,1.21086,1.21086,1.21086,4
2005-06-16 21:07:00,1.21086,1.21086,1.21086,1.21086,4
2005-06-16 21:08:00,1.21086,1.21086,1.21086,1.21086,4
2005-06-16 21:09:00,1.21086,1.21086,1.21086,1.21086,2
2005-06-16 21:10:00,1.21096,1.21096,1.21086,1.21086,4
2005-06-16 21:11:00,1.21096,1.21096,1.21096,1.21096,2
2005-06-16 21:12:00,1.21096,1.21096,1.21096,1.21096,2
2005-06-16 21:13:00,1.21096,1.21096,1.21086,1.21096,6
2005-06-16 21:14:00,1.21086,1.21096,1.21086,1.21096,3
2005-06-16 21:15:00,1.21096,1.21096,1.21086,1.21086,3
2005-06-16 21:16:00,1.21086,1.21096,1.21086,1.21096,5
2005-06-16 21:17:00,1.21086,1.21086,1.21086,1.21086,7
2005-06-16 21:18:00,1.21086,1.21086,1.21086,1.21086,2
2005-06-16 21:19:00,1.21086,1.21086,1.21086,1.21086,2
2005-06-16 21:20:00,1.21076,1.21076,1.21076,1.21076,3
2005-06-16 21:21:00,1.21076,1.21076,1.21066,1.21066,9
2005-06-16 21:22:00,1.21076,1.21076,1.21076,1.21076,3
2005-06-16 21:23:00,1.21076,1.21076,1.21066,1.21076,14
2005-06-16 21:24:00,1.21066,1.21076,1.21066,1.21076,20
2005-06-16 21:25:00,1.21076,1.21076,1.21056,1.21066,10
2005-06-16 21:26:00,1.21086,1.21086,1.21076,1.21076,5
2005-06-16 21:27:00,1.21086,1.21086,1.21076,1.21086,5
2005-06-16 21:28:00,1.21086,1.21086,1.21086,1.21086,2
2005-06-16 21:29:00,1.21096,1.21096,1.21086,1.21086,3
2005-06-16 21:30:00,1.21096,1.21096,1.21086,1.21086,4
2005-06-16 21:31:00,1.21086,1.21096,1.21086,1.21096,3
2005-06-16 21:32:00,1.21086,1.21086,1.21076,1.21076,7
2005-06-16 21:33:00,1.21086,1.21096,1.21086,1.21086,5
2005-06-16 21:34:00,1.21086,1.21086,1.21086,1.21086,2
2005-06-16 21:35:00,1.21076,1.21086,1.21076,1.21086,4
2005-06-16 21:36:00,1.21076,1.21076,1.21076,1.21076,2
2005-06-16 21:37:00,1.21076,1.21076,1.2107,1.2107,2
2005-06-16 21:38:00,1.21076,1.21076,1.21076,1.21076,1
2005-06-16 21:39:00,1.21086,1.21086,1.21076,1.21076,8
2005-06-16 21:40:00,1.21086,1.21086,1.21086,1.21086,1
2005-06-16 21:41:00,1.21076,1.21086,1.21076,1.21086,5
2005-06-16 21:42:00,1.21076,1.21076,1.21076,1.21076,2
2005-06-16 21:43:00,1.21076,1.21076,1.21076,1.21076,2
2005-06-16 21:44:00,1.21076,1.21076,1.21076,1.21076,2
2005-06-16 21:45:00,1.21076,1.21076,1.21076,1.21076,2
2005-06-16 21:46:00,1.21076,1.21076,1.21076,1.21076,2
2005-06-16 21:47:00,1.21076,1.21076,1.21056,1.21076,5
2005-06-16 21:48:00,1.21076,1.21076,1.21066,1.21066,9
2005-06-16 21:49:00,1.21076,1.21076,1.21076,1.21076,2
2005-06-16 21:50:00,1.21076,1.21096,1.21066,1.21096,8
2005-06-16 21:51:00,1.21076,1.21076,1.21066,1.21066,8
2005-06-16 21:52:00,1.21076,1.21086,1.21066,1.21066,6
2005-06-16 21:53:00,1.21076,1.21086,1.21076,1.21086,4
2005-06-16 21:54:00,1.21086,1.21086,1.21066,1.2108,7
2005-06-16 21:55:00,1.21076,1.21086,1.21076,1.21086,3
2005-06-16 21:56:00,1.21066,1.21076,1.21066,1.21076,5
2005-06-16 21:57:00,1.21046,1.21076,1.21046,1.21066,8
2005-06-16 21:58:00,1.21036,1.21056,1.21036,1.21046,9
2005-06-16 21:59:00,1.21036,1.21046,1.21036,1.21036,5
2005-06-16 22:00:00,1.21046,1.21066,1.21026,1.21046,8
2005-06-16 22:01:00,1.2101,1.21026,1.2101,1.21026,6
2005-06-16 22:02:00,1.2103,1.2104,1.2102,1.2102,6
2005-06-16 22:03:00,1.2103,1.2103,1.2103,1.2103,3
2005-06-16 22:04:00,1.21036,1.21036,1.21036,1.21036,3
2005-06-16 22:05:00,1.21016,1.21036,1.21016,1.21036,4
2005-06-16 22:06:00,1.21026,1.21026,1.21016,1.21016,4
2005-06-16 22:07:00,1.21006,1.21026,1.21006,1.21026,3
2005-06-16 22:08:00,1.21006,1.21006,1.21006,1.21006,2
2005-06-16 22:09:00,1.21006,1.21006,1.20996,1.21006,4
2005-06-16 22:10:00,1.21006,1.21006,1.20996,1.21006,6
2005-06-16 22:11:00,1.20996,1.21006,1.20986,1.21006,6
2005-06-16 22:12:00,1.20986,1.21006,1.20986,1.20996,5
2005-06-16 22:13:00,1.20996,1.20996,1.20986,1.20986,4
2005-06-16 22:14:00,1.20996,1.20996,1.20996,1.20996,3
2005-06-16 22:15:00,1.21,1.21,1.20996,1.20996,3
2005-06-16 22:16:00,1.21,1.21,1.21,1.21,2
2005-06-16 22:17:00,1.21,1.21,1.2098,1.21,9
2005-06-16 22:18:00,1.2097,1.2099,1.2096,1.2099,7
2005-06-16 22:19:00,1.2098,1.2098,1.2097,1.2097,7
2005-06-16 22:20:00,1.2098,1.2098,1.2098,1.2098,2
2005-06-16 22:21:00,1.2098,1.2098,1.2098,1.2098,2
2005-06-16 22:22:00,1.2095,1.2097,1.2095,1.2097,14
2005-06-16 22:23:00,1.2096,1.2096,1.2095,1.2095,5
2005-06-16 22:24:00,1.2097,1.2098,1.2095,1.2095,15
2005-06-16 22:25:00,1.2097,1.2097,1.2097,1.2097,1
2005-06-16 22:26:00,1.2097,1.2097,1.2096,1.2097,3
2005-06-16 22:27:00,1.2098,1.21,1.2097,1.2097,12
2005-06-16 22:28:00,1.2098,1.2099,1.2097,1.2098,11
2005-06-16 22:29:00,1.2098,1.2099,1.2098,1.2099,4
2005-06-16 22:30:00,1.2098,1.2098,1.2098,1.2098,3
2005-06-16 22:31:00,1.2098,1.2098,1.2098,1.2098,2
2005-06-16 22:32:00,1.2098,1.2098,1.2098,1.2098,2
2005-06-16 22:33:00,1.2098,1.2098,1.20976,1.20976,3
2005-06-16 22:34:00,1.2099,1.2099,1.2098,1.2098,3
2005-06-16 22:35:00,1.2101,1.2101,1.2099,1.2099,8
2005-06-16 22:36:00,1.2101,1.2101,1.2099,1.21,11
2005-06-16 22:37:00,1.2099,1.21,1.2099,1.21,3
2005-06-16 22:38:00,1.2099,1.2099,1.2098,1.2098,11
2005-06-16 22:39:00,1.21,1.21,1.21,1.21,4
2005-06-16 22:40:00,1.21,1.2101,1.21,1.2101,7
2005-06-16 22:41:00,1.2101,1.2101,1.21,1.21,3
2005-06-16 22:42:00,1.2101,1.2101,1.2101,1.2101,3
2005-06-16 22:43:00,1.2103,1.2104,1.2101,1.2101,8
2005-06-16 22:44:00,1.21026,1.21026,1.21026,1.21026,3
2005-06-16 22:45:00,1.21026,1.21026,1.21026,1.21026,2
2005-06-16 22:46:00,1.21026,1.21036,1.21026,1.21026,3
2005-06-16 22:47:00,1.21016,1.21016,1.21016,1.21016,3
2005-06-16 22:48:00,1.21016,1.21016,1.21016,1.21016,2
2005-06-16 22:49:00,1.21016,1.21016,1.21016,1.21016,2
2005-06-16 22:50:00,1.21016,1.21016,1.21016,1.21016,3
2005-06-16 22:51:00,1.20996,1.21006,1.20996,1.21006,10
2005-06-16 22:52:00,1.20996,1.20996,1.20976,1.20986,7
2005-06-16 22:53:00,1.20996,1.20996,1.20986,1.20986,4
2005-06-16 22:54:00,1.20986,1.20996,1.20986,1.20996,4
2005-06-16 22:55:00,1.20986,1.20986,1.20986,1.20986,3
2005-06-16 22:56:00,1.20986,1.20986,1.20986,1.20986,1
2005-06-16 22:57:00,1.20986,1.20986,1.20986,1.20986,4
2005-06-16 22:58:00,1.20976,1.20986,1.20976,1.20986,6
2005-06-16 22:59:00,1.20976,1.20986,1.20976,1.20976,4
2005-06-16 23:00:00,1.20976,1.20976,1.20976,1.20976,2
2005-06-16 23:01:00,1.20976,1.20976,1.20976,1.20976,4
2005-06-16 23:02:00,1.20966,1.20976,1.20956,1.20956,13
2005-06-16 23:03:00,1.20966,1.20966,1.20956,1.20956,11
2005-06-16 23:04:00,1.20966,1.20966,1.20966,1.20966,7
2005-06-16 23:05:00,1.20926,1.20966,1.20926,1.20966,13
2005-06-16 23:06:00,1.20936,1.20956,1.20936,1.20936,17
2005-06-16 23:07:00,1.20946,1.20956,1.20936,1.20936,11
2005-06-16 23:08:00,1.20956,1.20956,1.20946,1.20946,6
2005-06-16 23:09:00,1.20946,1.20966,1.20946,1.20956,6
2005-06-16 23:10:00,1.20946,1.20946,1.20946,1.20946,2
2005-06-16 23:11:00,1.20946,1.20946,1.20946,1.20946,1
2005-06-16 23:12:00,1.20956,1.20956,1.20946,1.20946,3
2005-06-16 23:13:00,1.20956,1.20956,1.20956,1.20956,2
2005-06-16 23:14:00,1.20956,1.20956,1.20956,1.20956,2
2005-06-16 23:15:00,1.20946,1.20956,1.20946,1.20956,4
2005-06-16 23:16:00,1.20946,1.20946,1.20946,1.20946,2
2005-06-16 23:17:00,1.20956,1.20956,1.20946,1.20946,4
2005-06-16 23:18:00,1.20956,1.20956,1.20956,1.20956,2
2005-06-16 23:19:00,1.20946,1.20946,1.20946,1.20946,5
2005-06-16 23:20:00,1.20956,1.20966,1.20956,1.20956,6
2005-06-16 23:21:00,1.20986,1.20996,1.20956,1.20956,16
2005-06-16 23:22:00,1.20986,1.20986,1.20986,1.20986,3
2005-06-16 23:23:00,1.20966,1.20986,1.20956,1.20986,9
2005-06-16 23:24:00,1.20966,1.20966,1.20966,1.20966,2
2005-06-16 23:25:00,1.20976,1.20976,1.20966,1.20966,3
2005-06-16 23:26:00,1.20976,1.20996,1.20956,1.20966,8
2005-06-16 23:27:00,1.20976,1.20976,1.20976,1.20976,1
2005-06-16 23:28:00,1.20986,1.20986,1.20946,1.20976,9
2005-06-16 23:29:00,1.20976,1.20986,1.20976,1.20986,6
2005-06-16 23:30:00,1.20986,1.20986,1.20976,1.20976,5
2005-06-16 23:31:00,1.20976,1.20986,1.20966,1.20986,5
2005-06-16 23:32:00,1.20976,1.20976,1.20976,1.20976,3
2005-06-16 23:33:00,1.20976,1.20976,1.20976,1.20976,2
2005-06-16 23:34:00,1.20966,1.20966,1.20946,1.20966,13
2005-06-16 23:35:00,1.20976,1.20976,1.20956,1.20966,6
2005-06-16 23:36:00,1.20986,1.20986,1.20976,1.20976,3
2005-06-16 23:37:00,1.20976,1.20986,1.20976,1.20986,4
2005-06-16 23:38:00,1.20986,1.20986,1.20976,1.20986,5
2005-06-16 23:39:00,1.20986,1.20996,1.20976,1.20986,8
2005-06-16 23:40:00,1.20986,1.20986,1.20976,1.20976,6
2005-06-16 23:41:00,1.20986,1.20996,1.20976,1.20976,6
2005-06-16 23:42:00,1.20986,1.20986,1.20986,1.20986,1
2005-06-16 23:43:00,1.20996,1.20996,1.20986,1.20986,3
2005-06-16 23:44:00,1.21006,1.21006,1.20996,1.20996,6
2005-06-16 23:45:00,1.20986,1.21006,1.20966,1.21006,17
2005-06-16 23:46:00,1.21016,1.21016,1.20986,1.20986,7
2005-06-16 23:47:00,1.21026,1.21046,1.21016,1.21016,15
2005-06-16 23:48:00,1.21046,1.21046,1.21016,1.21026,15
2005-06-16 23:49:00,1.21046,1.21066,1.21036,1.21036,11
2005-06-16 23:50:00,1.21056,1.21056,1.21046,1.21056,10
2005-06-16 23:51:00,1.21066,1.21076,1.21066,1.21066,9
2005-06-16 23:52:00,1.21066,1.21076,1.21066,1.21066,10
2005-06-16 23:53:00,1.21066,1.21066,1.21066,1.21066,2
2005-06-16 23:54:00,1.21086,1.21096,1.21066,1.21066,7
2005-06-16 23:55:00,1.21096,1.21096,1.21076,1.21086,14
2005-06-16 23:56:00,1.21076,1.21096,1.21076,1.21086,7
2005-06-16 23:57:00,1.21046,1.21076,1.21046,1.21076,7
2005-06-16 23:58:00,1.21056,1.21056,1.21026,1.21036,16
2005-06-16 23:59:00,1.21076,1.21086,1.21046,1.21056,15
2005-06-17 00:00:00,1.21036,1.21076,1.21036,1.21076,19
2005-06-17 00:01:00,1.21046,1.21076,1.21036,1.21036,20
2005-06-17 00:02:00,1.21046,1.21086,1.21036,1.21046,22
2005-06-17 00:03:00,1.21016,1.21046,1.21016,1.21046,16
2005-06-17 00:04:00,1.21006,1.21026,1.20996,1.21026,12
2005-06-17 00:05:00,1.20976,1.20996,1.20976,1.20996,18
2005-06-17 00:06:00,1.20986,1.20986,1.20946,1.20976,18
2005-06-17 00:07:00,1.20966,1.20976,1.20966,1.20976,7
2005-06-17 00:08:00,1.20956,1.20956,1.20956,1.20956,4
2005-06-17 00:09:00,1.20956,1.20966,1.20956,1.20966,4
2005-06-17 00:10:00,1.20966,1.20966,1.20956,1.20956,3
2005-06-17 00:11:00,1.20966,1.20966,1.20966,1.20966,2
2005-06-17 00:12:00,1.20956,1.20956,1.20956,1.20956,5
2005-06-17 00:13:00,1.20956,1.20966,1.20956,1.20966,9
2005-06-17 00:14:00,1.20986,1.20986,1.20956,1.20956,10
2005-06-17 00:15:00,1.21036,1.21036,1.20986,1.20986,26
2005-06-17 00:16:00,1.21016,1.21036,1.21006,1.21036,14
2005-06-17 00:17:00,1.21036,1.21036,1.21016,1.21016,6
2005-06-17 00:18:00,1.21016,1.21036,1.21016,1.21036,7
2005-06-17 00:19:00,1.21016,1.21016,1.21016,1.21016,2
2005-06-17 00:20:00,1.21026,1.21036,1.21016,1.21026,10
2005-06-17 00:21:00,1.21036,1.21036,1.21026,1.21026,4
2005-06-17 00:22:00,1.21026,1.21026,1.21026,1.21026,5
2005-06-17 00:23:00,1.21026,1.21026,1.21026,1.21026,4
2005-06-17 00:24:00,1.21026,1.21036,1.21026,1.21026,9
2005-06-17 00:25:00,1.21026,1.21026,1.21026,1.21026,5
2005-06-17 00:26:00,1.21026,1.21026,1.21026,1.21026,4
2005-06-17 00:27:00,1.21026,1.21036,1.21016,1.21036,6
2005-06-17 00:28:00,1.21026,1.21026,1.21026,1.21026,2
2005-06-17 00:29:00,1.21016,1.21026,1.21016,1.21026,8
2005-06-17 00:30:00,1.21016,1.21026,1.20996,1.21016,13
2005-06-17 00:31:00,1.21006,1.21016,1.21006,1.21016,7
2005-06-17 00:32:00,1.21016,1.21016,1.21006,1.21006,6
2005-06-17 00:33:00,1.21016,1.21016,1.21016,1.21016,3
2005-06-17 00:34:00,1.20996,1.21016,1.20996,1.21006,12
2005-06-17 00:35:00,1.21006,1.21016,1.21006,1.21006,8
2005-06-17 00:36:00,1.21006,1.21016,1.21006,1.21006,8
2005-06-17 00:37:00,1.21006,1.21006,1.21006,1.21006,4
2005-06-17 00:38:00,1.21046,1.21046,1.21006,1.21006,18
2005-06-17 00:39:00,1.21026,1.21056,1.21026,1.21046,9
2005-06-17 00:40:00,1.21026,1.21046,1.21026,1.21036,12
2005-06-17 00:41:00,1.21026,1.21026,1.21026,1.21026,4
2005-06-17 00:42:00,1.21026,1.21026,1.21026,1.21026,2
2005-06-17 00:43:00,1.21026,1.21026,1.21026,1.21026,4
2005-06-17 00:44:00,1.21026,1.21026,1.21016,1.21016,7
2005-06-17 00:45:00,1.21026,1.21036,1.21026,1.21026,10
2005-06-17 00:46:00,1.21026,1.21026,1.21016,1.21026,5
2005-06-17 00:47:00,1.21026,1.21036,1.21026,1.21026,6
2005-06-17 00:48:00,1.21026,1.21026,1.21026,1.21026,2
2005-06-17 00:49:00,1.21026,1.21026,1.21026,1.21026,5
2005-06-17 00:50:00,1.21016,1.21026,1.21016,1.21026,5
2005-06-17 00:51:00,1.21036,1.21036,1.21016,1.21016,6
2005-06-17 00:52:00,1.21026,1.21036,1.21026,1.21036,4
2005-06-17 00:53:00,1.21016,1.21026,1.21016,1.21016,5
2005-06-17 00:54:00,1.21016,1.21026,1.21016,1.21016,12
2005-06-17 00:55:00,1.21076,1.21086,1.21036,1.21046,22
2005-06-17 00:56:00,1.21066,1.21076,1.21056,1.21066,7
2005-06-17 00:57:00,1.21066,1.21066,1.21066,1.21066,2
2005-06-17 00:58:00,1.21076,1.21076,1.21066,1.21066,6
2005-06-17 00:59:00,1.21076,1.21086,1.21076,1.21086,10
2005-06-17 01:00:00,1.21066,1.21076,1.21066,1.21076,3
2005-06-17 01:01:00,1.21056,1.21066,1.21056,1.21066,5
2005-06-17 01:02:00,1.21036,1.21056,1.21036,1.21056,7
2005-06-17 01:03:00,1.21016,1.21036,1.21006,1.21036,15
2005-06-17 01:04:00,1.21006,1.21006,1.20996,1.21006,6
2005-06-17 01:05:00,1.21016,1.21016,1.21006,1.21006,8
2005-06-17 01:06:00,1.21016,1.21016,1.21006,1.21016,5
2005-06-17 01:07:00,1.20996,1.21006,1.20996,1.21006,5
2005-06-17 01:08:00,1.21006,1.21006,1.21006,1.21006,3
2005-06-17 01:09:00,1.21006,1.21006,1.21006,1.21006,2
2005-06-17 01:10:00,1.21006,1.21016,1.21006,1.21006,9
2005-06-17 01:11:00,1.21006,1.21006,1.21006,1.21006,2
2005-06-17 01:12:00,1.21016,1.21026,1.21006,1.21006,6
2005-06-17 01:13:00,1.21026,1.21026,1.21016,1.21026,9
2005-06-17 01:14:00,1.21026,1.21026,1.21026,1.21026,6
2005-06-17 01:15:00,1.21016,1.21026,1.21016,1.21026,6
2005-06-17 01:16:00,1.21026,1.21026,1.21016,1.21016,3
2005-06-17 01:17:00,1.21026,1.21026,1.21026,1.21026,2
2005-06-17 01:18:00,1.21026,1.21036,1.21026,1.21026,6
2005-06-17 01:19:00,1.21026,1.21036,1.21026,1.21026,7
2005-06-17 01:20:00,1.21026,1.21026,1.21026,1.21026,2
2005-06-17 01:21:00,1.21016,1.21026,1.21016,1.21026,5
2005-06-17 01:22:00,1.21016,1.21016,1.21016,1.21016,2
2005-06-17 01:23:00,1.21026,1.21026,1.21016,1.21016,4
2005-06-17 01:24:00,1.21046,1.21046,1.21026,1.21026,10
2005-06-17 01:25:00,1.21046,1.21056,1.21046,1.21046,5
2005-06-17 01:26:00,1.21056,1.21066,1.21046,1.21046,11
2005-06-17 01:27:00,1.21066,1.21066,1.21046,1.21056,9
2005-06-17 01:28:00,1.21066,1.21066,1.21056,1.21066,4
2005-06-17 01:29:00,1.21066,1.21066,1.21056,1.21056,6
2005-06-17 01:30:00,1.21066,1.21066,1.21056,1.21066,5
2005-06-17 01:31:00,1.21066,1.21076,1.21056,1.21066,11
2005-06-17 01:32:00,1.21056,1.21066,1.21056,1.21066,7
2005-06-17 01:33:00,1.21056,1.21056,1.21056,1.21056,3
2005-06-17 01:34:00,1.21046,1.21056,1.21036,1.21056,8
2005-06-17 01:35:00,1.21046,1.21046,1.21046,1.21046,5
2005-06-17 01:36:00,1.21046,1.21046,1.21036,1.21046,4
2005-06-17 01:37:00,1.21036,1.21036,1.21036,1.21036,5
2005-06-17 01:38:00,1.21046,1.21046,1.21036,1.21036,7
2005-06-17 01:39:00,1.21046,1.21046,1.21046,1.21046,2
2005-06-17 01:40:00,1.21046,1.21046,1.21046,1.21046,1
2005-06-17 01:41:00,1.21046,1.21046,1.21046,1.21046,2
2005-06-17 01:42:00,1.21066,1.21066,1.21046,1.21046,7
2005-06-17 01:43:00,1.21086,1.21086,1.21056,1.21066,20
2005-06-17 01:44:00,1.21076,1.21086,1.21076,1.21076,11
2005-06-17 01:45:00,1.21096,1.21096,1.21076,1.21086,12
2005-06-17 01:46:00,1.2116,1.21196,1.21096,1.21096,28
2005-06-17 01:47:00,1.2117,1.2118,1.2116,1.2116,18
2005-06-17 01:48:00,1.2113,1.2117,1.2113,1.2117,13
2005-06-17 01:49:00,1.2115,1.2116,1.2113,1.2113,15
2005-06-17 01:50:00,1.2113,1.2115,1.2113,1.2114,10
2005-06-17 01:51:00,1.2114,1.2114,1.2113,1.2113,7
2005-06-17 01:52:00,1.2114,1.2114,1.2113,1.2114,7
2005-06-17 01:53:00,1.2115,1.2115,1.2113,1.2114,11
2005-06-17 01:54:00,1.2117,1.2118,1.2115,1.2116,16
2005-06-17 01:55:00,1.2118,1.2118,1.2117,1.2117,12
2005-06-17 01:56:00,1.2116,1.2118,1.2115,1.2118,8
2005-06-17 01:57:00,1.2115,1.2117,1.2115,1.2116,9
2005-06-17 01:58:00,1.2117,1.2117,1.2115,1.2116,9
2005-06-17 01:59:00,1.2118,1.2119,1.2117,1.2117,18
2005-06-17 02:00:00,1.2118,1.2119,1.2118,1.2118,5
2005-06-17 02:01:00,1.2118,1.2118,1.2117,1.2118,14
2005-06-17 02:02:00,1.21176,1.2118,1.2117,1.2117,7
2005-06-17 02:03:00,1.21176,1.21186,1.21176,1.21176,6
2005-06-17 02:04:00,1.21176,1.21176,1.21166,1.21176,12
2005-06-17 02:05:00,1.21166,1.21176,1.21166,1.21176,8
2005-06-17 02:06:00,1.21166,1.21166,1.21166,1.21166,3
2005-06-17 02:07:00,1.21166,1.21166,1.21166,1.21166,2
2005-06-17 02:08:00,1.21166,1.21166,1.21166,1.21166,3
2005-06-17 02:09:00,1.21166,1.21166,1.21166,1.21166,1
2005-06-17 02:10:00,1.21176,1.21176,1.21166,1.21166,8
2005-06-17 02:11:00,1.21166,1.21166,1.21166,1.21166,4
2005-06-17 02:12:00,1.21176,1.21176,1.21166,1.21166,6
2005-06-17 02:13:00,1.2118,1.2118,1.21166,1.21176,6
2005-06-17 02:14:00,1.2117,1.2118,1.2116,1.2118,5
2005-06-17 02:15:00,1.2116,1.2117,1.2116,1.2116,7
2005-06-17 02:16:00,1.2116,1.2116,1.2116,1.2116,3
2005-06-17 02:17:00,1.2116,1.2116,1.2116,1.2116,1
2005-06-17 02:18:00,1.2116,1.2116,1.2116,1.2116,2
2005-06-17 02:19:00,1.2115,1.2116,1.2115,1.2116,3
2005-06-17 02:20:00,1.2116,1.2116,1.2115,1.2115,4
2005-06-17 02:21:00,1.2115,1.2116,1.2114,1.2116,9
2005-06-17 02:22:00,1.2113,1.2115,1.2113,1.2115,11
2005-06-17 02:23:00,1.2113,1.2113,1.2112,1.2113,9
2005-06-17 02:24:00,1.2112,1.2113,1.2112,1.2113,11
2005-06-17 02:25:00,1.2106,1.2111,1.2106,1.2111,22
2005-06-17 02:26:00,1.2109,1.2109,1.2107,1.2107,9
2005-06-17 02:27:00,1.2109,1.2109,1.2109,1.2109,7
2005-06-17 02:28:00,1.2108,1.211,1.2108,1.211,9
2005-06-17 02:29:00,1.2108,1.2108,1.2108,1.2108,2
2005-06-17 02:30:00,1.2109,1.2109,1.2108,1.2109,7
2005-06-17 02:31:00,1.2105,1.2109,1.2104,1.2109,12
2005-06-17 02:32:00,1.2106,1.2108,1.2105,1.2105,14
2005-06-17 02:33:00,1.2107,1.2108,1.2106,1.2106,11
2005-06-17 02:34:00,1.2108,1.2108,1.2107,1.2107,6
2005-06-17 02:35:00,1.2106,1.2109,1.2105,1.2108,17
2005-06-17 02:36:00,1.2106,1.2107,1.2105,1.2106,10
2005-06-17 02:37:00,1.2108,1.2108,1.2106,1.2107,11
2005-06-17 02:38:00,1.2107,1.2107,1.2106,1.2107,8
2005-06-17 02:39:00,1.2107,1.2107,1.2107,1.2107,2
2005-06-17 02:40:00,1.2106,1.2108,1.2105,1.2108,10
2005-06-17 02:41:00,1.2107,1.2108,1.2106,1.2107,11
2005-06-17 02:42:00,1.2107,1.2107,1.2107,1.2107,2
2005-06-17 02:43:00,1.2107,1.2107,1.2107,1.2107,3
2005-06-17 02:44:00,1.2108,1.2108,1.2107,1.2107,5
2005-06-17 02:45:00,1.2108,1.2109,1.2107,1.2108,14
2005-06-17 02:46:00,1.2108,1.2109,1.2108,1.2108,9
2005-06-17 02:47:00,1.2108,1.2109,1.2108,1.2109,5
2005-06-17 02:48:00,1.2108,1.2109,1.2108,1.2108,4
2005-06-17 02:49:00,1.2109,1.2109,1.2108,1.2108,8
2005-06-17 02:50:00,1.2109,1.211,1.2108,1.2109,12
2005-06-17 02:51:00,1.211,1.211,1.2109,1.2109,6
2005-06-17 02:52:00,1.2109,1.211,1.2109,1.211,8
2005-06-17 02:53:00,1.211,1.211,1.2109,1.2109,4
2005-06-17 02:54:00,1.211,1.211,1.211,1.211,2
2005-06-17 02:55:00,1.211,1.211,1.2109,1.211,4
2005-06-17 02:56:00,1.2109,1.211,1.2109,1.211,6
2005-06-17 02:57:00,1.2109,1.2109,1.2109,1.2109,3
2005-06-17 02:58:00,1.2109,1.2109,1.2109,1.2109,3
2005-06-17 02:59:00,1.2108,1.2109,1.2108,1.2109,8
2005-06-17 03:00:00,1.2108,1.2108,1.2108,1.2108,2
2005-06-17 03:01:00,1.2108,1.2108,1.2108,1.2108,4
2005-06-17 03:02:00,1.2108,1.2108,1.2108,1.2108,2
2005-06-17 03:03:00,1.2108,1.2108,1.2108,1.2108,4
2005-06-17 03:04:00,1.2107,1.2108,1.2106,1.2106,8
2005-06-17 03:05:00,1.2108,1.2108,1.2107,1.2107,3
2005-06-17 03:06:00,1.2107,1.2108,1.2107,1.2108,5
2005-06-17 03:07:00,1.2106,1.2107,1.2106,1.2107,5
2005-06-17 03:08:00,1.2107,1.2107,1.2106,1.2106,5
2005-06-17 03:09:00,1.2107,1.2107,1.2107,1.2107,3
2005-06-17 03:10:00,1.2107,1.2107,1.2107,1.2107,4
2005-06-17 03:11:00,1.2108,1.2108,1.2107,1.2107,3
2005-06-17 03:12:00,1.2108,1.2108,1.2108,1.2108,2
2005-06-17 03:13:00,1.2108,1.2108,1.2108,1.2108,2
2005-06-17 03:14:00,1.2108,1.2108,1.2108,1.2108,2
2005-06-17 03:15:00,1.2106,1.2107,1.2105,1.2107,11
2005-06-17 03:16:00,1.2106,1.2106,1.2105,1.2105,4
2005-06-17 03:17:00,1.2106,1.2106,1.2106,1.2106,2
2005-06-17 03:18:00,1.2106,1.2106,1.2106,1.2106,3
2005-06-17 03:19:00,1.2107,1.2107,1.2107,1.2107,3
2005-06-17 03:20:00,1.2108,1.2108,1.2107,1.2107,3
2005-06-17 03:21:00,1.2107,1.2108,1.2106,1.2108,6
2005-06-17 03:22:00,1.2106,1.2107,1.2106,1.2106,5
2005-06-17 03:23:00,1.2107,1.2107,1.2106,1.2106,3
2005-06-17 03:24:00,1.2107,1.2107,1.2106,1.2107,6
2005-06-17 03:25:00,1.2106,1.2106,1.2106,1.2106,4
2005-06-17 03:26:00,1.2106,1.2106,1.2105,1.2106,4
2005-06-17 03:27:00,1.2106,1.2107,1.2106,1.2107,5
2005-06-17 03:28:00,1.2106,1.2106,1.2106,1.2106,2
2005-06-17 03:29:00,1.2106,1.2106,1.2106,1.2106,4
2005-06-17 03:30:00,1.2106,1.2106,1.2106,1.2106,6
2005-06-17 03:31:00,1.2107,1.2107,1.2106,1.2106,6
2005-06-17 03:32:00,1.2107,1.2107,1.2107,1.2107,2
2005-06-17 03:33:00,1.2107,1.2108,1.2107,1.2108,6
2005-06-17 03:34:00,1.2108,1.2108,1.2107,1.2108,7
2005-06-17 03:35:00,1.2107,1.2108,1.2107,1.2107,5
2005-06-17 03:36:00,1.2107,1.2107,1.2107,1.2107,2
2005-06-17 03:37:00,1.2107,1.2107,1.2106,1.2107,6
2005-06-17 03:38:00,1.2107,1.2107,1.2106,1.2107,4
2005-06-17 03:39:00,1.2107,1.2107,1.2106,1.2106,6
2005-06-17 03:40:00,1.2107,1.2107,1.2107,1.2107,2
2005-06-17 03:41:00,1.2106,1.2108,1.2106,1.2106,10
2005-06-17 03:42:00,1.2107,1.2107,1.2107,1.2107,7
2005-06-17 03:43:00,1.2107,1.2107,1.2106,1.2106,4
2005-06-17 03:44:00,1.2107,1.2108,1.2107,1.2108,8
2005-06-17 03:45:00,1.2107,1.2107,1.2107,1.2107,2
2005-06-17 03:46:00,1.2108,1.2108,1.2107,1.2108,4
2005-06-17 03:47:00,1.2107,1.2108,1.2107,1.2108,3
2005-06-17 03:48:00,1.2106,1.2107,1.2106,1.2107,4
2005-06-17 03:49:00,1.2106,1.2106,1.2106,1.2106,5
2005-06-17 03:50:00,1.2106,1.2107,1.2106,1.2106,4
2005-06-17 03:51:00,1.2107,1.2107,1.2106,1.2107,4
2005-06-17 03:52:00,1.2106,1.2107,1.2106,1.2107,5
2005-06-17 03:53:00,1.2107,1.2107,1.2106,1.2106,6
2005-06-17 03:54:00,1.2106,1.2107,1.2106,1.2106,9
2005-06-17 03:55:00,1.2106,1.2107,1.2106,1.2107,4
2005-06-17 03:56:00,1.2106,1.2106,1.2106,1.2106,2
2005-06-17 03:57:00,1.2106,1.2106,1.2106,1.2106,2
2005-06-17 03:58:00,1.2107,1.2107,1.2106,1.2107,7
2005-06-17 03:59:00,1.2107,1.2107,1.2106,1.2107,4
2005-06-17 04:00:00,1.2106,1.2107,1.2106,1.2107,9
2005-06-17 04:01:00,1.2106,1.2106,1.2106,1.2106,3
2005-06-17 04:02:00,1.2106,1.2106,1.2106,1.2106,2
2005-06-17 04:03:00,1.2105,1.2106,1.2105,1.2106,3
2005-06-17 04:04:00,1.2104,1.2105,1.2104,1.2105,9
2005-06-17 04:05:00,1.2105,1.2105,1.2104,1.2104,4
2005-06-17 04:06:00,1.2105,1.2105,1.2104,1.2105,3
2005-06-17 04:07:00,1.2105,1.2105,1.2105,1.2105,2
2005-06-17 04:08:00,1.2105,1.2105,1.2105,1.2105,4
2005-06-17 04:09:00,1.2105,1.2105,1.2105,1.2105,2
2005-06-17 04:10:00,1.2104,1.2105,1.2104,1.2105,5
2005-06-17 04:11:00,1.2104,1.2104,1.2104,1.2104,4
2005-06-17 04:12:00,1.2105,1.2105,1.2104,1.2104,6
2005-06-17 04:13:00,1.2105,1.2105,1.2105,1.2105,2
2005-06-17 04:14:00,1.2105,1.2105,1.2105,1.2105,2
2005-06-17 04:15:00,1.2105,1.2105,1.2105,1.2105,4
2005-06-17 04:16:00,1.2105,1.2105,1.2105,1.2105,2
2005-06-17 04:17:00,1.2105,1.2105,1.2105,1.2105,3
2005-06-17 04:18:00,1.2106,1.2106,1.2105,1.2105,2
2005-06-17 04:19:00,1.2106,1.2106,1.2106,1.2106,2
2005-06-17 04:20:00,1.2106,1.2106,1.2106,1.2106,2
2005-06-17 04:21:00,1.2106,1.2106,1.2106,1.2106,1
2005-06-17 04:22:00,1.2105,1.2106,1.2105,1.2106,5
2005-06-17 04:23:00,1.2105,1.2105,1.2105,1.2105,3
2005-06-17 04:24:00,1.2105,1.2105,1.2105,1.2105,2
2005-06-17 04:25:00,1.2105,1.2105,1.2105,1.2105,1
2005-06-17 04:26:00,1.2104,1.2105,1.2104,1.2105,4
2005-06-17 04:27:00,1.2104,1.2104,1.2104,1.2104,2
2005-06-17 04:28:00,1.2104,1.2104,1.2104,1.2104,2
2005-06-17 04:29:00,1.2105,1.2105,1.2104,1.2104,4
2005-06-17 04:30:00,1.2105,1.2105,1.2105,1.2105,3
2005-06-17 04:31:00,1.2105,1.2105,1.2105,1.2105,5
2005-06-17 04:32:00,1.2106,1.2106,1.2106,1.2106,9
2005-06-17 04:33:00,1.2106,1.2106,1.2105,1.2105,5
2005-06-17 04:34:00,1.2106,1.2106,1.2106,1.2106,2
2005-06-17 04:35:00,1.2106,1.2106,1.2106,1.2106,3
2005-06-17 04:36:00,1.2106,1.2106,1.2106,1.2106,3
2005-06-17 04:37:00,1.2106,1.2106,1.2106,1.2106,4
2005-06-17 04:38:00,1.2106,1.2106,1.2106,1.2106,4
2005-06-17 04:39:00,1.2106,1.2106,1.2105,1.2106,4
2005-06-17 04:40:00,1.2106,1.2106,1.2105,1.2106,4
2005-06-17 04:41:00,1.2106,1.2106,1.2105,1.2105,4
2005-06-17 04:42:00,1.2106,1.2106,1.2106,1.2106,2
2005-06-17 04:43:00,1.2106,1.2106,1.2106,1.2106,2
2005-06-17 04:44:00,1.2106,1.2106,1.2106,1.2106,2
2005-06-17 04:45:00,1.2106,1.2106,1.2106,1.2106,2
2005-06-17 04:46:00,1.2106,1.2106,1.2106,1.2106,5
2005-06-17 04:47:00,1.2106,1.2106,1.2106,1.2106,5
2005-06-17 04:48:00,1.2106,1.2106,1.2106,1.2106,6
2005-06-17 04:49:00,1.2106,1.2106,1.2106,1.2106,2
2005-06-17 04:50:00,1.2106,1.2106,1.2106,1.2106,2
2005-06-17 04:51:00,1.2106,1.2106,1.2105,1.2105,3
2005-06-17 04:52:00,1.2106,1.2106,1.2106,1.2106,1
2005-06-17 04:53:00,1.2106,1.2106,1.2106,1.2106,2
2005-06-17 04:54:00,1.2105,1.2106,1.2105,1.2106,5
2005-06-17 04:55:00,1.2104,1.2105,1.2104,1.2105,6
2005-06-17 04:56:00,1.2103,1.2104,1.2102,1.2104,5
2005-06-17 04:57:00,1.2103,1.2103,1.2103,1.2103,2
2005-06-17 04:58:00,1.2101,1.2103,1.2101,1.2103,7
2005-06-17 04:59:00,1.2101,1.2102,1.2099,1.2101,13
2005-06-17 05:00:00,1.2101,1.2101,1.2101,1.2101,4
2005-06-17 05:01:00,1.2101,1.2102,1.2101,1.2101,13
2005-06-17 05:02:00,1.2102,1.2103,1.2102,1.2102,7
2005-06-17 05:03:00,1.2101,1.2102,1.2101,1.2102,10
2005-06-17 05:04:00,1.2101,1.2101,1.2098,1.21,17
2005-06-17 05:05:00,1.21,1.21,1.21,1.21,3
2005-06-17 05:06:00,1.2098,1.21,1.2098,1.21,7
2005-06-17 05:07:00,1.2099,1.2099,1.2098,1.2098,13
2005-06-17 05:08:00,1.21,1.21,1.2098,1.2098,12
2005-06-17 05:09:00,1.21,1.2101,1.21,1.21,7
2005-06-17 05:10:00,1.2102,1.2103,1.2101,1.2101,14
2005-06-17 05:11:00,1.2102,1.2103,1.2102,1.2103,5
2005-06-17 05:12:00,1.21,1.2102,1.21,1.2102,7
2005-06-17 05:13:00,1.2101,1.2102,1.21,1.21,18
2005-06-17 05:14:00,1.21016,1.21016,1.21006,1.21006,13
2005-06-17 05:15:00,1.2101,1.21016,1.21006,1.21016,4
2005-06-17 05:16:00,1.21026,1.21036,1.21016,1.21016,13
2005-06-17 05:17:00,1.21016,1.21026,1.21006,1.21026,14
2005-06-17 05:18:00,1.21026,1.21026,1.21006,1.21006,8
2005-06-17 05:19:00,1.21026,1.21036,1.21016,1.21016,15
2005-06-17 05:20:00,1.21016,1.21026,1.21016,1.21026,5
2005-06-17 05:21:00,1.21026,1.21026,1.21026,1.21026,5
2005-06-17 05:22:00,1.21026,1.21026,1.21026,1.21026,2
2005-06-17 05:23:00,1.21036,1.21036,1.21026,1.21026,6
2005-06-17 05:24:00,1.21046,1.21046,1.21026,1.21036,8
2005-06-17 05:25:00,1.21046,1.21046,1.21046,1.21046,2
2005-06-17 05:26:00,1.21036,1.21046,1.21026,1.21046,10
2005-06-17 05:27:00,1.21036,1.21036,1.21016,1.21026,9
2005-06-17 05:28:00,1.21036,1.21036,1.21026,1.21036,13
2005-06-17 05:29:00,1.21046,1.21046,1.21036,1.21036,11
2005-06-17 05:30:00,1.2103,1.21046,1.2103,1.21046,7
2005-06-17 05:31:00,1.2103,1.2103,1.2103,1.2103,3
2005-06-17 05:32:00,1.2103,1.2104,1.2103,1.2103,6
2005-06-17 05:33:00,1.2103,1.2104,1.2103,1.2103,10
2005-06-17 05:34:00,1.21038,1.2104,1.2103,1.2103,9
2005-06-17 05:35:00,1.21038,1.21038,1.21038,1.21038,2
2005-06-17 05:36:00,1.21038,1.21038,1.21038,1.21038,2
2005-06-17 05:37:00,1.21028,1.21048,1.21028,1.21048,11
2005-06-17 05:38:00,1.21028,1.21028,1.21028,1.21028,4
2005-06-17 05:39:00,1.21036,1.21038,1.21028,1.21038,5
2005-06-17 05:40:00,1.21036,1.21036,1.21036,1.21036,2
2005-06-17 05:41:00,1.21036,1.21036,1.21036,1.21036,2
2005-06-17 05:42:00,1.21036,1.21036,1.21036,1.21036,6
2005-06-17 05:43:00,1.21026,1.21036,1.21026,1.21036,3
2005-06-17 05:44:00,1.21026,1.21026,1.21026,1.21026,2
2005-06-17 05:45:00,1.21026,1.21026,1.21026,1.21026,3
2005-06-17 05:46:00,1.21026,1.21026,1.21016,1.21026,9
2005-06-17 05:47:00,1.21026,1.21036,1.21026,1.21026,8
2005-06-17 05:48:00,1.21016,1.21026,1.21016,1.21016,8
2005-06-17 05:49:00,1.21016,1.21026,1.21006,1.21016,15
2005-06-17 05:50:00,1.20986,1.21016,1.20986,1.21016,8
2005-06-17 05:51:00,1.20986,1.20996,1.20976,1.20996,15
2005-06-17 05:52:00,1.20976,1.20986,1.20976,1.20976,10
2005-06-17 05:53:00,1.20966,1.20966,1.20956,1.20966,8
2005-06-17 05:54:00,1.20966,1.20966,1.20956,1.20956,8
2005-06-17 05:55:00,1.20996,1.21006,1.20966,1.20966,11
2005-06-17 05:56:00,1.20996,1.21006,1.20996,1.20996,6
2005-06-17 05:57:00,1.21006,1.21006,1.20986,1.20986,12
2005-06-17 05:58:00,1.20996,1.21016,1.20996,1.21016,16
2005-06-17 05:59:00,1.21006,1.21006,1.20986,1.20996,11
2005-06-17 06:00:00,1.21046,1.21046,1.21006,1.21006,13
2005-06-17 06:01:00,1.20996,1.21036,1.20996,1.21036,26
2005-06-17 06:02:00,1.20996,1.21006,1.20996,1.20996,18
2005-06-17 06:03:00,1.20996,1.21006,1.20996,1.20996,15
2005-06-17 06:04:00,1.20956,1.21006,1.20946,1.21006,49
2005-06-17 06:05:00,1.20936,1.20956,1.20916,1.20956,34
2005-06-17 06:06:00,1.20926,1.20936,1.20926,1.20936,47
2005-06-17 06:07:00,1.20926,1.20926,1.20926,1.20926,19
2005-06-17 06:08:00,1.20926,1.20936,1.20926,1.20926,27
2005-06-17 06:09:00,1.20936,1.20936,1.20926,1.20926,30
2005-06-17 06:10:00,1.20936,1.20936,1.20936,1.20936,18
2005-06-17 06:11:00,1.20956,1.20956,1.20936,1.20936,40
2005-06-17 06:12:00,1.20976,1.20986,1.20956,1.20956,48
2005-06-17 06:13:00,1.20966,1.20986,1.20956,1.20976,42
2005-06-17 06:14:00,1.20976,1.20976,1.20966,1.20966,32
2005-06-17 06:15:00,1.20976,1.20996,1.20976,1.20976,45
2005-06-17 06:16:00,1.20986,1.20996,1.20976,1.20976,45
2005-06-17 06:17:00,1.20986,1.20986,1.20986,1.20986,14
2005-06-17 06:18:00,1.20996,1.20996,1.20976,1.20986,41
2005-06-17 06:19:00,1.20986,1.20996,1.20986,1.20996,42
2005-06-17 06:20:00,1.20986,1.20986,1.20986,1.20986,16
2005-06-17 06:21:00,1.20976,1.20986,1.20976,1.20986,27
2005-06-17 06:22:00,1.20986,1.20986,1.20976,1.20976,29
2005-06-17 06:23:00,1.20996,1.20996,1.20986,1.20986,34
2005-06-17 06:24:00,1.21006,1.21016,1.20986,1.20996,54
2005-06-17 06:25:00,1.20996,1.21006,1.20996,1.21006,43
2005-06-17 06:26:00,1.20986,1.20996,1.20966,1.20996,50
2005-06-17 06:27:00,1.21006,1.21006,1.20976,1.20986,49
2005-06-17 06:28:00,1.20986,1.20996,1.20986,1.20996,35
2005-06-17 06:29:00,1.20976,1.20986,1.20976,1.20986,29
2005-06-17 06:30:00,1.20996,1.21006,1.20986,1.20986,41
2005-06-17 06:31:00,1.21026,1.21026,1.21006,1.21006,45
2005-06-17 06:32:00,1.21016,1.21026,1.21006,1.21026,41
2005-06-17 06:33:00,1.21016,1.21016,1.21016,1.21016,20
2005-06-17 06:34:00,1.21016,1.21016,1.21016,1.21016,16
2005-06-17 06:35:00,1.21006,1.21016,1.21006,1.21016,25
2005-06-17 06:36:00,1.21026,1.21026,1.21016,1.21016,30
2005-06-17 06:37:00,1.21046,1.21046,1.21026,1.21026,38
2005-06-17 06:38:00,1.21066,1.21066,1.21036,1.21046,45
2005-06-17 06:39:00,1.21086,1.21096,1.21056,1.21066,50
2005-06-17 06:40:00,1.21126,1.21126,1.21076,1.21086,52
2005-06-17 06:41:00,1.21136,1.21136,1.21116,1.21126,45
2005-06-17 06:42:00,1.21126,1.21136,1.21126,1.21136,41
2005-06-17 06:43:00,1.21116,1.21136,1.21116,1.21126,47
2005-06-17 06:44:00,1.21116,1.21126,1.21106,1.21116,47
2005-06-17 06:45:00,1.21126,1.21136,1.21116,1.21126,37
2005-06-17 06:46:00,1.21166,1.21186,1.21126,1.21126,52
2005-06-17 06:47:00,1.21156,1.21176,1.21156,1.21166,43
2005-06-17 06:48:00,1.21146,1.21156,1.21146,1.21156,40
2005-06-17 06:49:00,1.21146,1.21156,1.21146,1.21146,28
2005-06-17 06:50:00,1.21136,1.21136,1.21136,1.21136,24
2005-06-17 06:51:00,1.21166,1.21166,1.21136,1.21136,36
2005-06-17 06:52:00,1.21166,1.21176,1.21166,1.21166,37
2005-06-17 06:53:00,1.21166,1.21166,1.21166,1.21166,17
2005-06-17 06:54:00,1.21156,1.21166,1.21156,1.21166,39
2005-06-17 06:55:00,1.21146,1.21156,1.21146,1.21156,34
2005-06-17 06:56:00,1.21166,1.21166,1.21146,1.21146,29
2005-06-17 06:57:00,1.21196,1.21206,1.21166,1.21166,55
2005-06-17 06:58:00,1.21196,1.21206,1.21176,1.21196,46
2005-06-17 06:59:00,1.21166,1.21196,1.21166,1.21196,41
2005-06-17 07:00:00,1.21176,1.21176,1.21166,1.21166,31
2005-06-17 07:01:00,1.21166,1.21176,1.21166,1.21176,31
2005-06-17 07:02:00,1.21156,1.21176,1.21156,1.21166,44
2005-06-17 07:03:00,1.21166,1.21166,1.21146,1.21156,47
2005-06-17 07:04:00,1.21166,1.21166,1.21156,1.21166,26
2005-06-17 07:05:00,1.21176,1.21176,1.21166,1.21166,23
2005-06-17 07:06:00,1.21166,1.21176,1.21166,1.21176,43
2005-06-17 07:07:00,1.21266,1.21266,1.21166,1.21166,48
2005-06-17 07:08:00,1.21286,1.21296,1.21246,1.21266,55
2005-06-17 07:09:00,1.21286,1.21296,1.21276,1.21286,50
2005-06-17 07:10:00,1.21316,1.21336,1.21276,1.21286,57
2005-06-17 07:11:00,1.21316,1.21326,1.21306,1.21316,44
2005-06-17 07:12:00,1.21276,1.21326,1.21266,1.21316,51
2005-06-17 07:13:00,1.21276,1.21286,1.21276,1.21276,40
2005-06-17 07:14:00,1.21286,1.21296,1.21276,1.21276,37
2005-06-17 07:15:00,1.21276,1.21286,1.21276,1.21286,38
2005-06-17 07:16:00,1.21306,1.21306,1.21276,1.21276,37
2005-06-17 07:17:00,1.21318,1.21328,1.21308,1.21308,49
2005-06-17 07:18:00,1.21278,1.21318,1.21278,1.21318,50
2005-06-17 07:19:00,1.21288,1.21288,1.21278,1.21278,35
2005-06-17 07:20:00,1.21298,1.21298,1.21288,1.21288,41
2005-06-17 07:21:00,1.21258,1.21298,1.21248,1.21298,49
2005-06-17 07:22:00,1.21258,1.21258,1.21258,1.21258,35
2005-06-17 07:23:00,1.21258,1.21258,1.21258,1.21258,19
2005-06-17 07:24:00,1.21268,1.21268,1.21258,1.21258,29
2005-06-17 07:25:00,1.21268,1.21278,1.21268,1.21268,28
2005-06-17 07:26:00,1.21278,1.21288,1.21268,1.21268,29
2005-06-17 07:27:00,1.21298,1.21298,1.21278,1.21278,46
2005-06-17 07:28:00,1.21318,1.21318,1.21298,1.21298,40
2005-06-17 07:29:00,1.21368,1.21368,1.21318,1.21318,55
2005-06-17 07:30:00,1.21348,1.21368,1.21348,1.21368,46
2005-06-17 07:31:00,1.21348,1.21348,1.21338,1.21348,40
2005-06-17 07:32:00,1.21388,1.21398,1.21338,1.21348,43
2005-06-17 07:33:00,1.21388,1.21398,1.21378,1.21378,53
2005-06-17 07:34:00,1.21388,1.21388,1.21378,1.21388,37
2005-06-17 07:35:00,1.21388,1.21398,1.21378,1.21398,51
2005-06-17 07:36:00,1.21378,1.21388,1.21378,1.21388,41
2005-06-17 07:37:00,1.21368,1.21378,1.21368,1.21378,38
2005-06-17 07:38:00,1.21348,1.21368,1.21348,1.21368,44
2005-06-17 07:39:00,1.21318,1.21358,1.21318,1.21348,48
2005-06-17 07:40:00,1.21328,1.21338,1.21318,1.21318,42
2005-06-17 07:41:00,1.21338,1.21338,1.21328,1.21328,34
2005-06-17 07:42:00,1.21338,1.21338,1.21328,1.21338,31
2005-06-17 07:43:00,1.21328,1.21338,1.21328,1.21338,20
2005-06-17 07:44:00,1.21328,1.21338,1.21328,1.21328,30
2005-06-17 07:45:00,1.21308,1.21328,1.21298,1.21328,53
2005-06-17 07:46:00,1.21338,1.21338,1.21298,1.21308,47
2005-06-17 07:47:00,1.21338,1.21348,1.21328,1.21338,45
2005-06-17 07:48:00,1.21328,1.21348,1.21328,1.21338,34
2005-06-17 07:49:00,1.21348,1.21348,1.21328,1.21328,42
2005-06-17 07:50:00,1.21348,1.21348,1.21348,1.21348,17
2005-06-17 07:51:00,1.21368,1.21368,1.21348,1.21348,39
2005-06-17 07:52:00,1.21388,1.21398,1.21378,1.21378,53
2005-06-17 07:53:00,1.21408,1.21408,1.21388,1.21398,35
2005-06-17 07:54:00,1.21388,1.21418,1.21368,1.21408,54
2005-06-17 07:55:00,1.21388,1.21408,1.21378,1.21388,53
2005-06-17 07:56:00,1.21378,1.21388,1.21378,1.21388,35
2005-06-17 07:57:00,1.21378,1.21378,1.21368,1.21378,36
2005-06-17 07:58:00,1.21368,1.21388,1.21368,1.21368,45
2005-06-17 07:59:00,1.21378,1.21388,1.21368,1.21368,40
2005-06-17 08:00:00,1.21358,1.21378,1.21348,1.21378,34
2005-06-17 08:01:00,1.21366,1.21378,1.21358,1.21358,46
2005-06-17 08:02:00,1.21366,1.21376,1.21366,1.21366,45
2005-06-17 08:03:00,1.21376,1.21376,1.21366,1.21366,27
2005-06-17 08:04:00,1.21376,1.21386,1.21376,1.21376,38
2005-06-17 08:05:00,1.21346,1.21376,1.21346,1.21376,38
2005-06-17 08:06:00,1.21386,1.21386,1.21346,1.21346,49
2005-06-17 08:07:00,1.21366,1.21396,1.21356,1.21386,47
2005-06-17 08:08:00,1.21336,1.21356,1.21336,1.21356,48
2005-06-17 08:09:00,1.21306,1.21346,1.21296,1.21336,57
2005-06-17 08:10:00,1.21286,1.21316,1.21266,1.21316,46
2005-06-17 08:11:00,1.21278,1.21288,1.21276,1.21286,40
2005-06-17 08:12:00,1.21294,1.21294,1.21278,1.21278,42
2005-06-17 08:13:00,1.21304,1.21314,1.21284,1.21294,55
2005-06-17 08:14:00,1.21294,1.21304,1.21294,1.21304,32
2005-06-17 08:15:00,1.21294,1.21294,1.21274,1.21294,34
2005-06-17 08:16:00,1.21304,1.21304,1.21284,1.21294,42
2005-06-17 08:17:00,1.21304,1.21304,1.21294,1.21304,43
2005-06-17 08:18:00,1.21314,1.21314,1.21304,1.21304,37
2005-06-17 08:19:00,1.21328,1.21344,1.21314,1.21314,48
2005-06-17 08:20:00,1.21318,1.21328,1.21318,1.21328,29
2005-06-17 08:21:00,1.21328,1.21328,1.21318,1.21318,31
2005-06-17 08:22:00,1.21358,1.21358,1.21328,1.21328,37
2005-06-17 08:23:00,1.21378,1.21388,1.21358,1.21358,47
2005-06-17 08:24:00,1.21378,1.21388,1.21378,1.21378,45
2005-06-17 08:25:00,1.21398,1.21398,1.21378,1.21378,47
2005-06-17 08:26:00,1.21408,1.21408,1.21388,1.21398,48
2005-06-17 08:27:00,1.21378,1.21408,1.21378,1.21408,46
2005-06-17 08:28:00,1.21388,1.21388,1.21378,1.21378,38
2005-06-17 08:29:00,1.21378,1.21388,1.21368,1.21388,33
2005-06-17 08:30:00,1.21378,1.21378,1.21368,1.21378,21
2005-06-17 08:31:00,1.21388,1.21408,1.21368,1.21378,48
2005-06-17 08:32:00,1.21388,1.21398,1.21388,1.21388,42
2005-06-17 08:33:00,1.21368,1.21388,1.21368,1.21388,35
2005-06-17 08:34:00,1.21368,1.21368,1.21348,1.21368,44
2005-06-17 08:35:00,1.21358,1.21368,1.21358,1.21368,29
2005-06-17 08:36:00,1.21358,1.21358,1.21348,1.21358,36
2005-06-17 08:37:00,1.21358,1.21358,1.21348,1.21358,42
2005-06-17 08:38:00,1.21378,1.21388,1.21348,1.21358,49
2005-06-17 08:39:00,1.21388,1.21388,1.21368,1.21378,47
2005-06-17 08:40:00,1.21368,1.21378,1.21368,1.21378,34
2005-06-17 08:41:00,1.21378,1.21378,1.21368,1.21368,25
2005-06-17 08:42:00,1.21368,1.21378,1.21358,1.21378,47
2005-06-17 08:43:00,1.21388,1.21388,1.21358,1.21368,44
2005-06-17 08:44:00,1.21388,1.21398,1.21378,1.21388,45
2005-06-17 08:45:00,1.21388,1.21398,1.21378,1.21388,43
2005-06-17 08:46:00,1.21388,1.21398,1.21388,1.21388,35
2005-06-17 08:47:00,1.21388,1.21388,1.21378,1.21388,30
2005-06-17 08:48:00,1.21428,1.21428,1.21388,1.21398,48
2005-06-17 08:49:00,1.21428,1.21438,1.21418,1.21428,43
2005-06-17 08:50:00,1.21438,1.21448,1.21418,1.21428,48
2005-06-17 08:51:00,1.21438,1.21438,1.21428,1.21438,36
2005-06-17 08:52:00,1.21448,1.21448,1.21428,1.21438,40
2005-06-17 08:53:00,1.21418,1.21458,1.21418,1.21448,53
2005-06-17 08:54:00,1.21428,1.21428,1.21418,1.21418,45
2005-06-17 08:55:00,1.21418,1.21438,1.21418,1.21428,43
2005-06-17 08:56:00,1.21388,1.21418,1.21378,1.21418,43
2005-06-17 08:57:00,1.21378,1.21388,1.21378,1.21388,38
2005-06-17 08:58:00,1.21368,1.21378,1.21368,1.21378,36
2005-06-17 08:59:00,1.21362,1.21368,1.21358,1.21368,31
2005-06-17 09:00:00,1.21368,1.21388,1.21362,1.21362,42
2005-06-17 09:01:00,1.21328,1.21368,1.21328,1.21368,43
2005-06-17 09:02:00,1.21338,1.21338,1.21328,1.21328,43
2005-06-17 09:03:00,1.21368,1.21368,1.21338,1.21338,47
2005-06-17 09:04:00,1.21338,1.21368,1.21338,1.21368,30
2005-06-17 09:05:00,1.21338,1.21348,1.21328,1.21338,35
2005-06-17 09:06:00,1.21318,1.21338,1.21318,1.21338,30
2005-06-17 09:07:00,1.21298,1.21318,1.21298,1.21318,42
2005-06-17 09:08:00,1.21278,1.21318,1.21278,1.21298,53
2005-06-17 09:09:00,1.21308,1.21308,1.21278,1.21278,51
2005-06-17 09:10:00,1.21318,1.21328,1.21298,1.21308,41
2005-06-17 09:11:00,1.21318,1.21328,1.21308,1.21318,49
2005-06-17 09:12:00,1.21298,1.21318,1.21288,1.21318,49
2005-06-17 09:13:00,1.21338,1.21338,1.21298,1.21298,42
2005-06-17 09:14:00,1.21318,1.21338,1.21308,1.21338,46
2005-06-17 09:15:00,1.21308,1.21318,1.21308,1.21318,33
2005-06-17 09:16:00,1.21308,1.21318,1.21278,1.21308,45
2005-06-17 09:17:00,1.21308,1.21318,1.21308,1.21308,43
2005-06-17 09:18:00,1.21308,1.21308,1.21288,1.21308,54
2005-06-17 09:19:00,1.21318,1.21328,1.21308,1.21308,50
2005-06-17 09:20:00,1.21308,1.21328,1.21298,1.21318,39
2005-06-17 09:21:00,1.21278,1.21318,1.21278,1.21318,41
2005-06-17 09:22:00,1.21258,1.21288,1.21248,1.21278,49
2005-06-17 09:23:00,1.21248,1.21258,1.21228,1.21258,44
2005-06-17 09:24:00,1.21278,1.21278,1.21248,1.21248,50
2005-06-17 09:25:00,1.21268,1.21278,1.21268,1.21278,41
2005-06-17 09:26:00,1.21288,1.21294,1.21258,1.21258,55
2005-06-17 09:27:00,1.21298,1.21308,1.21278,1.21288,37
2005-06-17 09:28:00,1.21318,1.21318,1.21298,1.21298,40
2005-06-17 09:29:00,1.21298,1.21318,1.21298,1.21318,34
2005-06-17 09:30:00,1.21248,1.21298,1.21248,1.21298,42
2005-06-17 09:31:00,1.21248,1.21258,1.21248,1.21248,25
2005-06-17 09:32:00,1.21278,1.21278,1.21258,1.21258,43
2005-06-17 09:33:00,1.21258,1.21278,1.21258,1.21278,35
2005-06-17 09:34:00,1.21268,1.21268,1.21258,1.21258,40
2005-06-17 09:35:00,1.21268,1.21268,1.21258,1.21268,34
2005-06-17 09:36:00,1.21278,1.21288,1.21258,1.21268,39
2005-06-17 09:37:00,1.21268,1.21288,1.21258,1.21278,28
2005-06-17 09:38:00,1.21268,1.21278,1.21258,1.21268,40
2005-06-17 09:39:00,1.21278,1.21278,1.21268,1.21268,37
2005-06-17 09:40:00,1.21288,1.21288,1.21278,1.21278,43
2005-06-17 09:41:00,1.21288,1.21308,1.21288,1.21288,38
2005-06-17 09:42:00,1.21268,1.21288,1.21268,1.21288,42
2005-06-17 09:43:00,1.21268,1.21278,1.21268,1.21278,22
2005-06-17 09:44:00,1.21268,1.21278,1.21268,1.21268,35
2005-06-17 09:45:00,1.21268,1.21268,1.21258,1.21268,28
2005-06-17 09:46:00,1.21268,1.21268,1.21268,1.21268,20
2005-06-17 09:47:00,1.21278,1.21288,1.21268,1.21268,30
2005-06-17 09:48:00,1.21288,1.21288,1.21278,1.21278,24
2005-06-17 09:49:00,1.21278,1.21298,1.21268,1.21288,47
2005-06-17 09:50:00,1.21268,1.21288,1.21258,1.21278,53
2005-06-17 09:51:00,1.21288,1.21288,1.21268,1.21268,46
2005-06-17 09:52:00,1.21288,1.21288,1.21278,1.21288,41
2005-06-17 09:53:00,1.21308,1.21308,1.21288,1.21288,52
2005-06-17 09:54:00,1.21328,1.21338,1.21308,1.21308,45
2005-06-17 09:55:00,1.21328,1.21328,1.21318,1.21328,29
2005-06-17 09:56:00,1.21338,1.21338,1.21328,1.21328,28
2005-06-17 09:57:00,1.21338,1.21338,1.21338,1.21338,18
2005-06-17 09:58:00,1.21338,1.21348,1.21338,1.21338,23
2005-06-17 09:59:00,1.21358,1.21368,1.21338,1.21338,29
2005-06-17 10:00:00,1.21368,1.21368,1.21358,1.21368,39
2005-06-17 10:01:00,1.2136,1.21368,1.21358,1.21368,27
2005-06-17 10:02:00,1.2137,1.2138,1.2136,1.2136,41
2005-06-17 10:03:00,1.2138,1.2138,1.2137,1.2137,27
2005-06-17 10:04:00,1.2139,1.214,1.2138,1.2138,42
2005-06-17 10:05:00,1.2139,1.2139,1.2139,1.2139,21
2005-06-17 10:06:00,1.2139,1.2139,1.2139,1.2139,32
2005-06-17 10:07:00,1.2142,1.2143,1.2139,1.2139,36
2005-06-17 10:08:00,1.2146,1.2148,1.2142,1.2142,53
2005-06-17 10:09:00,1.2152,1.2152,1.2146,1.2146,47
2005-06-17 10:10:00,1.2156,1.2158,1.215,1.2151,55
2005-06-17 10:11:00,1.2156,1.2157,1.2154,1.2157,55
2005-06-17 10:12:00,1.2154,1.2156,1.2153,1.2156,47
2005-06-17 10:13:00,1.2151,1.2154,1.2149,1.2154,50
2005-06-17 10:14:00,1.2153,1.2154,1.215,1.2151,61
2005-06-17 10:15:00,1.2153,1.2154,1.2151,1.2153,44
2005-06-17 10:16:00,1.2153,1.2154,1.2152,1.2152,44
2005-06-17 10:17:00,1.2153,1.2153,1.2152,1.2153,34
2005-06-17 10:18:00,1.2152,1.2153,1.2152,1.2153,41
2005-06-17 10:19:00,1.2151,1.2153,1.2151,1.2152,49
2005-06-17 10:20:00,1.2152,1.2152,1.2151,1.2151,43
2005-06-17 10:21:00,1.2153,1.2154,1.2151,1.2151,54
2005-06-17 10:22:00,1.2155,1.2155,1.2152,1.2153,50
2005-06-17 10:23:00,1.2163,1.2163,1.2153,1.2155,54
2005-06-17 10:24:00,1.2167,1.2167,1.216,1.2162,60
2005-06-17 10:25:00,1.2173,1.2175,1.2166,1.2166,58
2005-06-17 10:26:00,1.21698,1.21738,1.21688,1.2172,55
2005-06-17 10:27:00,1.21678,1.21708,1.21668,1.21698,44
2005-06-17 10:28:00,1.21648,1.21678,1.21648,1.21678,48
2005-06-17 10:29:00,1.21608,1.21658,1.21608,1.21648,49
2005-06-17 10:30:00,1.21598,1.21618,1.21588,1.21598,64
2005-06-17 10:31:00,1.21608,1.21618,1.21598,1.21598,64
2005-06-17 10:32:00,1.21608,1.21628,1.21598,1.21608,56
2005-06-17 10:33:00,1.21638,1.21638,1.21608,1.21608,45
2005-06-17 10:34:00,1.21648,1.21668,1.21628,1.21638,54
2005-06-17 10:35:00,1.21658,1.21688,1.21628,1.21648,45
2005-06-17 10:36:00,1.21638,1.21658,1.21638,1.21648,47
2005-06-17 10:37:00,1.21648,1.21668,1.21638,1.21638,45
2005-06-17 10:38:00,1.21688,1.21688,1.21648,1.21658,54
2005-06-17 10:39:00,1.21728,1.21728,1.21688,1.21688,61
2005-06-17 10:40:00,1.21758,1.21788,1.21708,1.21718,61
2005-06-17 10:41:00,1.21758,1.21788,1.21748,1.21758,56
2005-06-17 10:42:00,1.21778,1.21778,1.21748,1.21758,53
2005-06-17 10:43:00,1.21768,1.21788,1.21758,1.21768,59
2005-06-17 10:44:00,1.21848,1.21848,1.21758,1.21768,56
2005-06-17 10:45:00,1.21868,1.21878,1.21848,1.21848,50
2005-06-17 10:46:00,1.21868,1.21888,1.21848,1.21868,55
2005-06-17 10:47:00,1.21868,1.21878,1.21858,1.21868,54
2005-06-17 10:48:00,1.21838,1.21868,1.21838,1.21868,36
2005-06-17 10:49:00,1.21828,1.21848,1.21818,1.21838,48
2005-06-17 10:50:00,1.21808,1.21828,1.21788,1.21818,56
2005-06-17 10:51:00,1.21828,1.21828,1.21788,1.21808,56
2005-06-17 10:52:00,1.21828,1.21828,1.21818,1.21828,37
2005-06-17 10:53:00,1.21798,1.21818,1.21798,1.21818,37
2005-06-17 10:54:00,1.21808,1.21808,1.21798,1.21798,41
2005-06-17 10:55:00,1.21788,1.21818,1.21778,1.21808,42
2005-06-17 10:56:00,1.21778,1.21788,1.21758,1.21788,37
2005-06-17 10:57:00,1.21768,1.21768,1.21738,1.21768,49
2005-06-17 10:58:00,1.21738,1.21768,1.21728,1.21768,42
2005-06-17 10:59:00,1.21708,1.21738,1.21708,1.21738,49
2005-06-17 11:00:00,1.21722,1.21722,1.21702,1.21708,49
2005-06-17 11:01:00,1.21742,1.21742,1.21712,1.21722,58
2005-06-17 11:02:00,1.21772,1.21772,1.21732,1.21742,54
2005-06-17 11:03:00,1.21782,1.21792,1.21772,1.21772,48
2005-06-17 11:04:00,1.21768,1.21782,1.21758,1.21782,41
2005-06-17 11:05:00,1.21758,1.21768,1.21748,1.21768,46
2005-06-17 11:06:00,1.21768,1.21768,1.21748,1.21758,46
2005-06-17 11:07:00,1.21788,1.21788,1.21768,1.21768,46
2005-06-17 11:08:00,1.21798,1.21798,1.21748,1.21788,58
2005-06-17 11:09:00,1.21788,1.21808,1.21788,1.21788,50
2005-06-17 11:10:00,1.21818,1.21818,1.21788,1.21788,48
2005-06-17 11:11:00,1.21818,1.21838,1.21808,1.21808,56
2005-06-17 11:12:00,1.21868,1.21868,1.21808,1.21818,61
2005-06-17 11:13:00,1.21858,1.21868,1.21838,1.21868,40
2005-06-17 11:14:00,1.21838,1.21868,1.21828,1.21858,48
2005-06-17 11:15:00,1.21828,1.21848,1.21818,1.21838,42
2005-06-17 11:16:00,1.21818,1.21828,1.21818,1.21828,36
2005-06-17 11:17:00,1.21838,1.21838,1.21808,1.21818,36
2005-06-17 11:18:00,1.21848,1.21848,1.21828,1.21838,43
2005-06-17 11:19:00,1.21878,1.21888,1.21848,1.21848,53
2005-06-17 11:20:00,1.21868,1.21878,1.21858,1.21878,50
2005-06-17 11:21:00,1.21898,1.21898,1.21868,1.21868,50
2005-06-17 11:22:00,1.21888,1.21908,1.21878,1.21908,50
2005-06-17 11:23:00,1.21898,1.21918,1.21888,1.21888,56
2005-06-17 11:24:00,1.21888,1.21898,1.21888,1.21898,45
2005-06-17 11:25:00,1.21878,1.21898,1.21878,1.21888,38
2005-06-17 11:26:00,1.21868,1.21878,1.21868,1.21878,37
2005-06-17 11:27:00,1.21868,1.21868,1.21868,1.21868,23
2005-06-17 11:28:00,1.21848,1.21868,1.21848,1.21868,26
2005-06-17 11:29:00,1.21858,1.21858,1.21838,1.21848,40
2005-06-17 11:30:00,1.21858,1.21858,1.21848,1.21858,39
2005-06-17 11:31:00,1.21838,1.21858,1.21838,1.21858,44
2005-06-17 11:32:00,1.21818,1.21838,1.21818,1.21838,41
2005-06-17 11:33:00,1.21788,1.21828,1.21788,1.21818,53
2005-06-17 11:34:00,1.21758,1.21788,1.21738,1.21788,46
2005-06-17 11:35:00,1.21738,1.21758,1.21738,1.21758,35
2005-06-17 11:36:00,1.21728,1.21738,1.21728,1.21738,51
2005-06-17 11:37:00,1.21728,1.21738,1.21718,1.21728,47
2005-06-17 11:38:00,1.21728,1.21738,1.21728,1.21728,34
2005-06-17 11:39:00,1.21738,1.21738,1.21728,1.21728,35
2005-06-17 11:40:00,1.21738,1.21748,1.21728,1.21738,42
2005-06-17 11:41:00,1.21708,1.21738,1.21698,1.21738,37
2005-06-17 11:42:00,1.21698,1.21718,1.21698,1.21708,55
2005-06-17 11:43:00,1.21708,1.21708,1.21698,1.21698,36
2005-06-17 11:44:00,1.21708,1.21728,1.21708,1.21708,46
2005-06-17 11:45:00,1.21708,1.21718,1.21708,1.21708,37
2005-06-17 11:46:00,1.21738,1.21748,1.21698,1.21698,50
2005-06-17 11:47:00,1.21758,1.21758,1.21738,1.21738,42
2005-06-17 11:48:00,1.21768,1.21768,1.21748,1.21758,40
2005-06-17 11:49:00,1.21778,1.21778,1.21768,1.21768,40
2005-06-17 11:50:00,1.21778,1.21778,1.21768,1.21778,40
2005-06-17 11:51:00,1.21768,1.21778,1.21768,1.21778,42
2005-06-17 11:52:00,1.21738,1.21758,1.21738,1.21758,30
2005-06-17 11:53:00,1.21728,1.21728,1.21708,1.21728,50
2005-06-17 11:54:00,1.21728,1.21738,1.21728,1.21728,45
2005-06-17 11:55:00,1.21714,1.21728,1.21704,1.21728,56
2005-06-17 11:56:00,1.21734,1.21744,1.21704,1.21714,48
2005-06-17 11:57:00,1.21734,1.21734,1.21714,1.21724,51
2005-06-17 11:58:00,1.21734,1.21734,1.21724,1.21734,49
2005-06-17 11:59:00,1.21744,1.21744,1.21724,1.21734,46
2005-06-17 12:00:00,1.21784,1.21784,1.21744,1.21744,41
2005-06-17 12:01:00,1.21774,1.21794,1.21764,1.21784,44
2005-06-17 12:02:00,1.21784,1.21794,1.21774,1.21774,39
2005-06-17 12:03:00,1.21834,1.21834,1.21774,1.21784,48
2005-06-17 12:04:00,1.21808,1.21854,1.21808,1.21834,50
2005-06-17 12:05:00,1.21828,1.21838,1.21808,1.21808,43
2005-06-17 12:06:00,1.21818,1.21838,1.21818,1.21838,47
2005-06-17 12:07:00,1.21838,1.21838,1.21808,1.21818,50
2005-06-17 12:08:00,1.21848,1.21858,1.21838,1.21838,52
2005-06-17 12:09:00,1.21828,1.21838,1.21818,1.21838,48
2005-06-17 12:10:00,1.21818,1.21838,1.21818,1.21828,43
2005-06-17 12:11:00,1.21828,1.21828,1.21818,1.21818,32
2005-06-17 12:12:00,1.21768,1.21828,1.21768,1.21828,52
2005-06-17 12:13:00,1.21784,1.21784,1.21758,1.21768,44
2005-06-17 12:14:00,1.21774,1.21784,1.21764,1.21784,42
2005-06-17 12:15:00,1.21794,1.21794,1.21764,1.21764,45
2005-06-17 12:16:00,1.21804,1.21804,1.21774,1.21804,53
2005-06-17 12:17:00,1.21794,1.21804,1.21794,1.21804,36
2005-06-17 12:18:00,1.21804,1.21804,1.21784,1.21794,48
2005-06-17 12:19:00,1.21794,1.21804,1.21794,1.21804,31
2005-06-17 12:20:00,1.21814,1.21814,1.21794,1.21794,49
2005-06-17 12:21:00,1.21814,1.21814,1.21804,1.21814,45
2005-06-17 12:22:00,1.21814,1.21824,1.21804,1.21814,48
2005-06-17 12:23:00,1.21824,1.21824,1.21804,1.21814,45
2005-06-17 12:24:00,1.21834,1.21834,1.21814,1.21824,52
2005-06-17 12:25:00,1.21824,1.21834,1.21794,1.21834,45
2005-06-17 12:26:00,1.21824,1.21824,1.21814,1.21814,30
2005-06-17 12:27:00,1.21814,1.21844,1.21814,1.21824,48
2005-06-17 12:28:00,1.21804,1.21824,1.21794,1.21824,43
2005-06-17 12:29:00,1.21754,1.21804,1.21744,1.21804,54
2005-06-17 12:30:00,1.21904,1.21924,1.21744,1.21744,68
2005-06-17 12:31:00,1.21744,1.21904,1.21744,1.21894,58
2005-06-17 12:32:00,1.21604,1.21744,1.21584,1.21744,61
2005-06-17 12:33:00,1.21554,1.21664,1.21514,1.21634,53
2005-06-17 12:34:00,1.21634,1.21644,1.21564,1.21564,53
2005-06-17 12:35:00,1.21644,1.21674,1.21614,1.21644,39
2005-06-17 12:36:00,1.21664,1.21664,1.21644,1.21654,46
2005-06-17 12:37:00,1.21664,1.21684,1.21654,1.21664,45
2005-06-17 12:38:00,1.21654,1.21674,1.21634,1.21664,50
2005-06-17 12:39:00,1.21764,1.21764,1.21654,1.21654,51
2005-06-17 12:40:00,1.21864,1.21864,1.21764,1.21764,52
2005-06-17 12:41:00,1.21834,1.21874,1.21824,1.21864,51
2005-06-17 12:42:00,1.21874,1.21874,1.21814,1.21834,53
2005-06-17 12:43:00,1.21894,1.21944,1.21864,1.21884,52
2005-06-17 12:44:00,1.21924,1.21924,1.21864,1.21904,50
2005-06-17 12:45:00,1.21904,1.21944,1.21894,1.21934,58
2005-06-17 12:46:00,1.21924,1.21924,1.21854,1.21904,70
2005-06-17 12:47:00,1.21934,1.21984,1.21904,1.21944,63
2005-06-17 12:48:00,1.21984,1.21984,1.21904,1.21934,60
2005-06-17 12:49:00,1.21944,1.22024,1.21944,1.21984,66
2005-06-17 12:50:00,1.21974,1.21974,1.21914,1.21944,53
2005-06-17 12:51:00,1.21754,1.21984,1.21744,1.21974,59
2005-06-17 12:52:00,1.21778,1.21778,1.21688,1.21754,64
2005-06-17 12:53:00,1.21774,1.21778,1.21744,1.21778,55
2005-06-17 12:54:00,1.21744,1.21764,1.21684,1.21764,57
2005-06-17 12:55:00,1.21724,1.21754,1.21694,1.21754,59
2005-06-17 12:56:00,1.21784,1.21814,1.21714,1.21714,54
2005-06-17 12:57:00,1.21724,1.21794,1.21694,1.21784,52
2005-06-17 12:58:00,1.21714,1.21734,1.21644,1.21724,58
2005-06-17 12:59:00,1.21714,1.21744,1.21694,1.21714,54
2005-06-17 13:00:00,1.21738,1.21784,1.21714,1.21714,59
2005-06-17 13:01:00,1.21742,1.21768,1.21728,1.21738,55
2005-06-17 13:02:00,1.21752,1.21762,1.21732,1.21732,45
2005-06-17 13:03:00,1.21734,1.21744,1.21712,1.21742,53
2005-06-17 13:04:00,1.21734,1.21744,1.21714,1.21734,45
2005-06-17 13:05:00,1.21734,1.21754,1.21724,1.21724,35
2005-06-17 13:06:00,1.21674,1.21734,1.21664,1.21734,52
2005-06-17 13:07:00,1.21684,1.21684,1.21664,1.21684,37
2005-06-17 13:08:00,1.21724,1.21754,1.21684,1.21684,46
2005-06-17 13:09:00,1.21714,1.21744,1.21704,1.21724,51
2005-06-17 13:10:00,1.21724,1.21724,1.21684,1.21714,44
2005-06-17 13:11:00,1.21694,1.21774,1.21684,1.21714,60
2005-06-17 13:12:00,1.21684,1.21724,1.21684,1.21694,47
2005-06-17 13:13:00,1.21734,1.21734,1.21694,1.21694,50
2005-06-17 13:14:00,1.21718,1.21738,1.21694,1.21724,47
2005-06-17 13:15:00,1.21698,1.21728,1.21668,1.21718,53
2005-06-17 13:16:00,1.21714,1.21728,1.21698,1.21698,38
2005-06-17 13:17:00,1.21718,1.21728,1.21694,1.21714,51
2005-06-17 13:18:00,1.21708,1.21718,1.21678,1.21718,52
2005-06-17 13:19:00,1.21698,1.21708,1.21698,1.21708,37
2005-06-17 13:20:00,1.21708,1.21718,1.21688,1.21708,48
2005-06-17 13:21:00,1.21718,1.21728,1.21698,1.21708,46
2005-06-17 13:22:00,1.21726,1.21738,1.21718,1.21718,46
2005-06-17 13:23:00,1.21706,1.21746,1.21706,1.21726,48
2005-06-17 13:24:00,1.21708,1.21736,1.21698,1.21706,50
2005-06-17 13:25:00,1.21728,1.21738,1.21708,1.21708,43
2005-06-17 13:26:00,1.21742,1.21758,1.21728,1.21728,40
2005-06-17 13:27:00,1.21742,1.21748,1.21742,1.21742,19
2005-06-17 13:28:00,1.21772,1.21822,1.21742,1.21742,34
2005-06-17 13:29:00,1.21778,1.21778,1.21738,1.21778,46
2005-06-17 13:30:00,1.21748,1.21778,1.21748,1.21778,39
2005-06-17 13:31:00,1.21772,1.21772,1.21752,1.21758,42
2005-06-17 13:32:00,1.21772,1.21772,1.21742,1.21772,41
2005-06-17 13:33:00,1.21772,1.21772,1.21762,1.21772,42
2005-06-17 13:34:00,1.21782,1.21792,1.21772,1.21772,50
2005-06-17 13:35:00,1.21792,1.21792,1.21782,1.21782,47
2005-06-17 13:36:00,1.21808,1.21838,1.21792,1.21792,51
2005-06-17 13:37:00,1.21838,1.21838,1.21808,1.21808,29
2005-06-17 13:38:00,1.21838,1.21838,1.21818,1.21838,44
2005-06-17 13:39:00,1.2179,1.21838,1.2179,1.21838,42
2005-06-17 13:40:00,1.2179,1.218,1.2178,1.2179,53
2005-06-17 13:41:00,1.21792,1.21802,1.21782,1.2179,49
2005-06-17 13:42:00,1.21762,1.21792,1.21752,1.21792,46
2005-06-17 13:43:00,1.21792,1.21812,1.21762,1.21772,54
2005-06-17 13:44:00,1.21812,1.21822,1.21792,1.21802,48
2005-06-17 13:45:00,1.21792,1.21812,1.21792,1.21812,48
2005-06-17 13:46:00,1.21682,1.21792,1.21672,1.21792,63
2005-06-17 13:47:00,1.21682,1.21762,1.21672,1.21672,56
2005-06-17 13:48:00,1.2168,1.21682,1.21634,1.21672,59
2005-06-17 13:49:00,1.21705,1.2172,1.2167,1.2168,54
2005-06-17 13:50:00,1.21722,1.2174,1.217,1.21715,59
2005-06-17 13:51:00,1.21692,1.21732,1.21692,1.21722,49
2005-06-17 13:52:00,1.21678,1.21697,1.21647,1.21692,54
2005-06-17 13:53:00,1.21678,1.21678,1.21658,1.21678,45
2005-06-17 13:54:00,1.21678,1.21688,1.21658,1.21678,46
2005-06-17 13:55:00,1.21678,1.21688,1.21668,1.21678,47
2005-06-17 13:56:00,1.21658,1.21678,1.21638,1.21678,52
2005-06-17 13:57:00,1.21658,1.21668,1.21638,1.21668,53
2005-06-17 13:58:00,1.21648,1.21658,1.21638,1.21658,41
2005-06-17 13:59:00,1.21678,1.21708,1.21648,1.21658,51
2005-06-17 14:00:00,1.21707,1.21748,1.21668,1.21668,67
2005-06-17 14:01:00,1.21718,1.21738,1.21707,1.21707,53
2005-06-17 14:02:00,1.21798,1.21798,1.21718,1.21718,45
2005-06-17 14:03:00,1.21848,1.21848,1.21788,1.21788,52
2005-06-17 14:04:00,1.21948,1.21968,1.21838,1.21848,55
2005-06-17 14:05:00,1.21878,1.21948,1.21868,1.21948,43
2005-06-17 14:06:00,1.21898,1.21908,1.21868,1.21888,56
2005-06-17 14:07:00,1.21898,1.21908,1.21878,1.21898,43
2005-06-17 14:08:00,1.21888,1.21908,1.21878,1.21898,42
2005-06-17 14:09:00,1.21878,1.21888,1.21868,1.21888,50
2005-06-17 14:10:00,1.21938,1.21958,1.21878,1.21878,54
2005-06-17 14:11:00,1.21948,1.22018,1.21928,1.21938,46
2005-06-17 14:12:00,1.21958,1.21978,1.21918,1.21958,51
2005-06-17 14:13:00,1.21938,1.21978,1.21928,1.21948,53
2005-06-17 14:14:00,1.21948,1.21968,1.21938,1.21938,48
2005-06-17 14:15:00,1.21958,1.22018,1.21948,1.21948,49
2005-06-17 14:16:00,1.21984,1.22008,1.21958,1.21968,41
2005-06-17 14:17:00,1.22006,1.22006,1.21962,1.21984,56
2005-06-17 14:18:00,1.21976,1.22006,1.21976,1.22006,49
2005-06-17 14:19:00,1.22006,1.22006,1.21976,1.21976,54
2005-06-17 14:20:00,1.21948,1.22006,1.21948,1.22006,48
2005-06-17 14:21:00,1.21978,1.21978,1.21938,1.21938,44
2005-06-17 14:22:00,1.21978,1.21988,1.21958,1.21978,44
2005-06-17 14:23:00,1.21948,1.21978,1.21938,1.21968,47
2005-06-17 14:24:00,1.22008,1.22008,1.21948,1.21948,53
2005-06-17 14:25:00,1.22052,1.22082,1.21988,1.21998,63
2005-06-17 14:26:00,1.22132,1.22132,1.22052,1.22052,56
2005-06-17 14:27:00,1.22118,1.22138,1.22078,1.22132,60
2005-06-17 14:28:00,1.22088,1.22128,1.22078,1.22128,45
2005-06-17 14:29:00,1.22078,1.22098,1.22068,1.22078,43
2005-06-17 14:30:00,1.22078,1.22088,1.22068,1.22078,49
2005-06-17 14:31:00,1.22078,1.22078,1.22058,1.22078,41
2005-06-17 14:32:00,1.22078,1.22088,1.22078,1.22078,47
2005-06-17 14:33:00,1.22112,1.22122,1.22062,1.22078,39
2005-06-17 14:34:00,1.22112,1.22142,1.22102,1.22102,57
2005-06-17 14:35:00,1.22118,1.22128,1.22092,1.22112,42
2005-06-17 14:36:00,1.22128,1.22148,1.22098,1.22118,48
2005-06-17 14:37:00,1.22128,1.22148,1.22118,1.22128,58
2005-06-17 14:38:00,1.22136,1.22146,1.22124,1.22128,52
2005-06-17 14:39:00,1.22148,1.22184,1.22128,1.22136,61
2005-06-17 14:40:00,1.22192,1.22202,1.22148,1.22148,42
2005-06-17 14:41:00,1.22312,1.22312,1.22182,1.22182,63
2005-06-17 14:42:00,1.22252,1.22342,1.22252,1.22312,62
2005-06-17 14:43:00,1.22252,1.22302,1.22252,1.22252,47
2005-06-17 14:44:00,1.22262,1.22282,1.22242,1.22262,49
2005-06-17 14:45:00,1.22282,1.22302,1.22262,1.22262,50
2005-06-17 14:46:00,1.22348,1.22348,1.22272,1.22282,68
2005-06-17 14:47:00,1.22358,1.22378,1.22328,1.22348,61
2005-06-17 14:48:00,1.22348,1.22378,1.22328,1.22348,49
2005-06-17 14:49:00,1.22308,1.22348,1.22298,1.22348,55
2005-06-17 14:50:00,1.22298,1.22318,1.22278,1.22298,50
2005-06-17 14:51:00,1.22318,1.22328,1.22278,1.22288,55
2005-06-17 14:52:00,1.22336,1.22356,1.22314,1.22328,52
2005-06-17 14:53:00,1.22318,1.22338,1.22316,1.22326,49
2005-06-17 14:54:00,1.22338,1.22338,1.22318,1.22328,45
2005-06-17 14:55:00,1.22338,1.22358,1.22318,1.22348,47
2005-06-17 14:56:00,1.22328,1.22348,1.22318,1.22348,48
2005-06-17 14:57:00,1.22308,1.22338,1.22308,1.22328,41
2005-06-17 14:58:00,1.22328,1.22338,1.22298,1.22318,52
2005-06-17 14:59:00,1.22298,1.22328,1.22298,1.22318,53
2005-06-17 15:00:00,1.22268,1.22308,1.22268,1.22308,41
2005-06-17 15:01:00,1.22218,1.22278,1.22208,1.22258,55
2005-06-17 15:02:00,1.22238,1.22238,1.22218,1.22218,47
2005-06-17 15:03:00,1.22288,1.22298,1.22238,1.22238,50
2005-06-17 15:04:00,1.22218,1.22288,1.22208,1.22288,42
2005-06-17 15:05:00,1.22248,1.22268,1.22218,1.22218,46
2005-06-17 15:06:00,1.22238,1.22268,1.22228,1.22248,52
2005-06-17 15:07:00,1.22248,1.22248,1.22228,1.22238,46
2005-06-17 15:08:00,1.22298,1.22298,1.22248,1.22248,55
2005-06-17 15:09:00,1.22338,1.22348,1.22298,1.22298,49
2005-06-17 15:10:00,1.22318,1.22338,1.22318,1.22338,39
2005-06-17 15:11:00,1.22308,1.22318,1.22278,1.22318,52
2005-06-17 15:12:00,1.22328,1.22348,1.22318,1.22318,50
2005-06-17 15:13:00,1.22318,1.22338,1.22308,1.22328,52
2005-06-17 15:14:00,1.22388,1.22388,1.22318,1.22328,45
2005-06-17 15:15:00,1.22388,1.22398,1.22368,1.22398,50
2005-06-17 15:16:00,1.22378,1.22388,1.22378,1.22388,49
2005-06-17 15:17:00,1.22398,1.22398,1.22368,1.22388,47
2005-06-17 15:18:00,1.22428,1.22438,1.22398,1.22398,52
2005-06-17 15:19:00,1.22408,1.22438,1.22408,1.22428,52
2005-06-17 15:20:00,1.22484,1.22484,1.22408,1.22408,33
2005-06-17 15:21:00,1.22474,1.22524,1.22464,1.22504,56
2005-06-17 15:22:00,1.22444,1.22474,1.22424,1.22474,48
2005-06-17 15:23:00,1.22414,1.22444,1.22404,1.22434,52
2005-06-17 15:24:00,1.22424,1.22434,1.22414,1.22414,57
2005-06-17 15:25:00,1.22422,1.22424,1.22402,1.22424,54
2005-06-17 15:26:00,1.22388,1.22422,1.22378,1.22422,54
2005-06-17 15:27:00,1.22368,1.22388,1.22358,1.22388,49
2005-06-17 15:28:00,1.22378,1.22378,1.22368,1.22378,41
2005-06-17 15:29:00,1.22388,1.22388,1.22368,1.22378,42
2005-06-17 15:30:00,1.22378,1.22408,1.22368,1.22388,55
2005-06-17 15:31:00,1.22398,1.22398,1.22368,1.22378,46
2005-06-17 15:32:00,1.22388,1.22398,1.22378,1.22398,40
2005-06-17 15:33:00,1.22418,1.22418,1.22378,1.22388,50
2005-06-17 15:34:00,1.22398,1.22418,1.22398,1.22418,47
2005-06-17 15:35:00,1.22378,1.22398,1.22368,1.22398,39
2005-06-17 15:36:00,1.22368,1.22388,1.22358,1.22378,48
2005-06-17 15:37:00,1.22358,1.22368,1.22348,1.22368,46
2005-06-17 15:38:00,1.22368,1.22388,1.22368,1.22368,48
2005-06-17 15:39:00,1.22378,1.22378,1.22358,1.22368,46
2005-06-17 15:40:00,1.22398,1.22398,1.22368,1.22378,50
2005-06-17 15:41:00,1.22398,1.22408,1.22388,1.22388,46
2005-06-17 15:42:00,1.22428,1.22428,1.22398,1.22398,46
2005-06-17 15:43:00,1.22438,1.22438,1.22408,1.22428,47
2005-06-17 15:44:00,1.22428,1.22468,1.22428,1.22428,46
2005-06-17 15:45:00,1.22418,1.22428,1.22398,1.22428,49
2005-06-17 15:46:00,1.22398,1.22428,1.22398,1.22418,47
2005-06-17 15:47:00,1.22408,1.22428,1.22398,1.22398,45
2005-06-17 15:48:00,1.22398,1.22408,1.22388,1.22398,48
2005-06-17 15:49:00,1.22398,1.22398,1.22388,1.22398,43
2005-06-17 15:50:00,1.22388,1.22408,1.22378,1.22398,47
2005-06-17 15:51:00,1.22398,1.22398,1.22388,1.22388,29
2005-06-17 15:52:00,1.22408,1.22418,1.22388,1.22398,32
2005-06-17 15:53:00,1.22398,1.22418,1.22398,1.22408,27
2005-06-17 15:54:00,1.22378,1.22398,1.22378,1.22398,29
2005-06-17 15:55:00,1.22378,1.22388,1.22378,1.22378,29
2005-06-17 15:56:00,1.22398,1.22398,1.22388,1.22388,27
2005-06-17 15:57:00,1.22378,1.22398,1.22378,1.22398,25
2005-06-17 15:58:00,1.22378,1.22388,1.22378,1.22378,25
2005-06-17 15:59:00,1.22398,1.22398,1.22368,1.22378,37
2005-06-17 16:01:00,1.22368,1.22378,1.22368,1.22378,34
2005-06-17 16:02:00,1.22378,1.22378,1.22368,1.22368,40
2005-06-17 16:03:00,1.22388,1.22388,1.22378,1.22378,24
2005-06-17 16:04:00,1.22378,1.22398,1.22378,1.22388,46
2005-06-17 16:05:00,1.22408,1.22408,1.22378,1.22378,27
2005-06-17 16:06:00,1.22398,1.22408,1.22398,1.22408,44
2005-06-17 16:07:00,1.22418,1.22428,1.22398,1.22398,36
2005-06-17 16:08:00,1.22408,1.22418,1.22408,1.22418,34
2005-06-17 16:09:00,1.22448,1.22448,1.22408,1.22408,46
2005-06-17 16:10:00,1.22418,1.22448,1.22418,1.22448,45
2005-06-17 16:11:00,1.22418,1.22418,1.22398,1.22418,39
2005-06-17 16:12:00,1.22408,1.22428,1.22408,1.22418,37
2005-06-17 16:13:00,1.22388,1.22408,1.22388,1.22408,36
2005-06-17 16:14:00,1.22348,1.22388,1.22328,1.22388,34
2005-06-17 16:15:00,1.22368,1.22368,1.22338,1.22338,41
2005-06-17 16:16:00,1.22368,1.22368,1.22368,1.22368,21
2005-06-17 16:17:00,1.22368,1.22378,1.22358,1.22368,34
2005-06-17 16:18:00,1.22378,1.22388,1.22368,1.22368,40
2005-06-17 16:19:00,1.22378,1.22388,1.22368,1.22368,45
2005-06-17 16:20:00,1.22368,1.22378,1.22368,1.22378,36
2005-06-17 16:21:00,1.22358,1.22368,1.22358,1.22368,44
2005-06-17 16:22:00,1.22348,1.22368,1.22338,1.22358,50
2005-06-17 16:23:00,1.22348,1.22358,1.22338,1.22348,43
2005-06-17 16:24:00,1.22338,1.22348,1.22338,1.22348,32
2005-06-17 16:25:00,1.22348,1.22358,1.22338,1.22338,33
2005-06-17 16:26:00,1.22358,1.22368,1.22348,1.22348,28
2005-06-17 16:27:00,1.22368,1.22368,1.22358,1.22358,38
2005-06-17 16:28:00,1.22368,1.22368,1.22358,1.22368,29
2005-06-17 16:29:00,1.22368,1.22368,1.22358,1.22368,34
2005-06-17 16:30:00,1.22368,1.22368,1.22358,1.22368,30
2005-06-17 16:31:00,1.22358,1.22368,1.22348,1.22368,35
2005-06-17 16:32:00,1.22348,1.22358,1.22348,1.22358,25
2005-06-17 16:33:00,1.22348,1.22358,1.22338,1.22348,32
2005-06-17 16:34:00,1.22358,1.22368,1.22348,1.22348,42
2005-06-17 16:35:00,1.22358,1.22358,1.22348,1.22358,44
2005-06-17 16:36:00,1.22358,1.22358,1.22348,1.22348,20
2005-06-17 16:37:00,1.22358,1.22358,1.22358,1.22358,6
2005-06-17 16:38:00,1.22368,1.22368,1.22358,1.22358,27
2005-06-17 16:39:00,1.22368,1.22378,1.22358,1.22368,40
2005-06-17 16:40:00,1.22368,1.22378,1.22358,1.22368,35
2005-06-17 16:41:00,1.22378,1.22378,1.22368,1.22368,30
2005-06-17 16:42:00,1.22368,1.22378,1.22368,1.22378,31
2005-06-17 16:43:00,1.22388,1.22388,1.22368,1.22368,36
2005-06-17 16:44:00,1.22388,1.22388,1.22378,1.22388,36
2005-06-17 16:45:00,1.22388,1.22398,1.22388,1.22388,30
2005-06-17 16:46:00,1.22448,1.22458,1.22378,1.22388,56
2005-06-17 16:47:00,1.22438,1.22438,1.22428,1.22438,47
2005-06-17 16:48:00,1.22458,1.22478,1.22448,1.22448,49
2005-06-17 16:49:00,1.22458,1.22458,1.22448,1.22448,27
2005-06-17 16:50:00,1.22468,1.22468,1.22448,1.22458,34
2005-06-17 16:51:00,1.22488,1.22488,1.22458,1.22468,54
2005-06-17 16:52:00,1.22488,1.22498,1.22488,1.22488,22
2005-06-17 16:53:00,1.22488,1.22488,1.22468,1.22488,39
2005-06-17 16:54:00,1.22528,1.22528,1.22478,1.22488,55
2005-06-17 16:55:00,1.22468,1.22528,1.22458,1.22528,48
2005-06-17 16:56:00,1.22468,1.22468,1.22458,1.22468,40
2005-06-17 16:57:00,1.22478,1.22488,1.22468,1.22468,35
2005-06-17 16:58:00,1.22458,1.22488,1.22458,1.22478,45
2005-06-17 16:59:00,1.22428,1.22458,1.22428,1.22458,48
2005-06-17 17:00:00,1.22428,1.22438,1.22418,1.22428,31
2005-06-17 17:01:00,1.22438,1.22438,1.22418,1.22428,35
2005-06-17 17:02:00,1.22428,1.22438,1.22418,1.22438,46
2005-06-17 17:03:00,1.22428,1.22428,1.22408,1.22428,22
2005-06-17 17:04:00,1.22428,1.22428,1.22428,1.22428,13
2005-06-17 17:05:00,1.22428,1.22428,1.22408,1.22428,46
2005-06-17 17:06:00,1.22428,1.22428,1.22428,1.22428,23
2005-06-17 17:07:00,1.22428,1.22438,1.22428,1.22428,22
2005-06-17 17:08:00,1.22428,1.22438,1.22428,1.22428,38
2005-06-17 17:09:00,1.22448,1.22448,1.22438,1.22438,27
2005-06-17 17:10:00,1.22418,1.22448,1.22418,1.22448,32
2005-06-17 17:11:00,1.22418,1.22428,1.22408,1.22418,43
2005-06-17 17:12:00,1.22418,1.22448,1.22418,1.22418,50
2005-06-17 17:13:00,1.22428,1.22428,1.22418,1.22418,26
2005-06-17 17:14:00,1.22408,1.22428,1.22398,1.22428,37
2005-06-17 17:15:00,1.22408,1.22408,1.22398,1.22408,30
2005-06-17 17:16:00,1.22418,1.22418,1.22408,1.22408,19
2005-06-17 17:17:00,1.22418,1.22418,1.22398,1.22418,35
2005-06-17 17:18:00,1.22408,1.22418,1.22408,1.22418,33
2005-06-17 17:19:00,1.22408,1.22418,1.22408,1.22408,17
2005-06-17 17:20:00,1.22418,1.22418,1.22408,1.22408,26
2005-06-17 17:21:00,1.22408,1.22418,1.22408,1.22418,11
2005-06-17 17:22:00,1.22418,1.22418,1.22408,1.22408,14
2005-06-17 17:23:00,1.22428,1.22438,1.22408,1.22418,30
2005-06-17 17:24:00,1.22448,1.22448,1.22418,1.22428,32
2005-06-17 17:25:00,1.22418,1.22448,1.22418,1.22448,47
2005-06-17 17:26:00,1.22428,1.22428,1.22418,1.22418,34
2005-06-17 17:27:00,1.22418,1.22428,1.22408,1.22428,35
2005-06-17 17:28:00,1.22408,1.22438,1.22408,1.22418,35
2005-06-17 17:29:00,1.22418,1.22418,1.22408,1.22408,31
2005-06-17 17:30:00,1.22418,1.22418,1.22418,1.22418,12
2005-06-17 17:31:00,1.22408,1.22418,1.22408,1.22418,16
2005-06-17 17:32:00,1.22408,1.22418,1.22408,1.22408,29
2005-06-17 17:33:00,1.22408,1.22418,1.22408,1.22408,35
2005-06-17 17:34:00,1.22418,1.22418,1.22408,1.22408,14
2005-06-17 17:35:00,1.22428,1.22428,1.22418,1.22418,17
2005-06-17 17:36:00,1.22428,1.22428,1.22418,1.22428,26
2005-06-17 17:37:00,1.22418,1.22428,1.22418,1.22428,11
2005-06-17 17:38:00,1.22438,1.22438,1.22418,1.22418,24
2005-06-17 17:39:00,1.22438,1.22438,1.22428,1.22438,30
2005-06-17 17:40:00,1.22428,1.22438,1.22428,1.22428,27
2005-06-17 17:41:00,1.22428,1.22438,1.22428,1.22428,29
2005-06-17 17:42:00,1.22428,1.22428,1.22428,1.22428,9
2005-06-17 17:43:00,1.22428,1.22428,1.22418,1.22428,33
2005-06-17 17:44:00,1.22428,1.22438,1.22428,1.22438,27
2005-06-17 17:45:00,1.22428,1.22438,1.22428,1.22438,18
2005-06-17 17:46:00,1.22428,1.22438,1.22428,1.22428,23
2005-06-17 17:47:00,1.22438,1.22438,1.22428,1.22428,28
2005-06-17 17:48:00,1.22428,1.22438,1.22428,1.22438,28
2005-06-17 17:49:00,1.22428,1.22428,1.22428,1.22428,9
2005-06-17 17:50:00,1.22458,1.22458,1.22428,1.22428,28
2005-06-17 17:51:00,1.22448,1.22458,1.22448,1.22458,18
2005-06-17 17:52:00,1.22458,1.22458,1.22448,1.22448,19
2005-06-17 17:53:00,1.22458,1.22458,1.22448,1.22458,18
2005-06-17 17:54:00,1.22448,1.22458,1.22448,1.22458,14
2005-06-17 17:55:00,1.22448,1.22458,1.22448,1.22448,28
2005-06-17 17:56:00,1.22458,1.22458,1.22448,1.22448,32
2005-06-17 17:57:00,1.22448,1.22468,1.22448,1.22458,39
2005-06-17 17:58:00,1.22448,1.22458,1.22448,1.22448,36
2005-06-17 17:59:00,1.22448,1.22458,1.22448,1.22448,21
2005-06-17 18:00:00,1.22448,1.22458,1.22448,1.22448,23
2005-06-17 18:01:00,1.22458,1.22458,1.22438,1.22448,27
2005-06-17 18:02:00,1.22448,1.22458,1.22448,1.22458,13
2005-06-17 18:03:00,1.22448,1.22448,1.22448,1.22448,16
2005-06-17 18:04:00,1.22458,1.22468,1.22448,1.22448,24
2005-06-17 18:05:00,1.22458,1.22468,1.22448,1.22468,30
2005-06-17 18:06:00,1.22468,1.22468,1.22458,1.22458,37
2005-06-17 18:07:00,1.22468,1.22478,1.22468,1.22468,20
2005-06-17 18:08:00,1.22508,1.22508,1.22468,1.22468,32
2005-06-17 18:09:00,1.22568,1.22598,1.22518,1.22528,58
2005-06-17 18:10:00,1.22668,1.22668,1.22568,1.22568,49
2005-06-17 18:11:00,1.22668,1.22678,1.22648,1.22648,49
2005-06-17 18:12:00,1.22678,1.22698,1.22658,1.22668,51
2005-06-17 18:13:00,1.22776,1.22786,1.22688,1.22688,61
2005-06-17 18:14:00,1.22776,1.22786,1.22746,1.22776,51
2005-06-17 18:15:00,1.22776,1.22786,1.22766,1.22776,47
2005-06-17 18:16:00,1.22746,1.22786,1.22736,1.22776,49
2005-06-17 18:17:00,1.2277,1.2277,1.22736,1.22746,47
2005-06-17 18:18:00,1.2277,1.2278,1.2276,1.2276,56
2005-06-17 18:19:00,1.2275,1.2277,1.2275,1.2276,40
2005-06-17 18:20:00,1.2275,1.2276,1.2275,1.2275,46
2005-06-17 18:21:00,1.2275,1.2276,1.2274,1.2275,33
2005-06-17 18:22:00,1.2274,1.2276,1.2273,1.2275,52
2005-06-17 18:23:00,1.22738,1.2275,1.22738,1.2275,36
2005-06-17 18:24:00,1.22736,1.22756,1.22728,1.22738,47
2005-06-17 18:25:00,1.22706,1.22746,1.22706,1.22736,50
2005-06-17 18:26:00,1.22716,1.22716,1.22686,1.22706,50
2005-06-17 18:27:00,1.22706,1.22726,1.22706,1.22716,45
2005-06-17 18:28:00,1.22696,1.22716,1.22696,1.22706,50
2005-06-17 18:29:00,1.22706,1.22706,1.22696,1.22696,36
2005-06-17 18:30:00,1.22766,1.22776,1.22706,1.22706,59
2005-06-17 18:31:00,1.22756,1.22776,1.22756,1.22766,46
2005-06-17 18:32:00,1.22746,1.22756,1.22746,1.22756,46
2005-06-17 18:33:00,1.22736,1.22746,1.22736,1.22746,34
2005-06-17 18:34:00,1.22736,1.22736,1.22736,1.22736,5
2005-06-17 18:35:00,1.22736,1.22746,1.22736,1.22746,18
2005-06-17 18:36:00,1.22746,1.22756,1.22736,1.22736,51
2005-06-17 18:37:00,1.22726,1.22776,1.22716,1.22746,45
2005-06-17 18:38:00,1.22726,1.22726,1.22706,1.22726,45
2005-06-17 18:39:00,1.22696,1.22706,1.22696,1.22706,28
2005-06-17 18:40:00,1.22726,1.22736,1.22696,1.22706,49
2005-06-17 18:41:00,1.22714,1.22726,1.22714,1.22726,44
2005-06-17 18:42:00,1.22714,1.22734,1.22704,1.22714,50
2005-06-17 18:43:00,1.22734,1.22734,1.22714,1.22714,42
2005-06-17 18:44:00,1.22764,1.22774,1.22734,1.22734,53
2005-06-17 18:45:00,1.22784,1.22784,1.22744,1.22754,57
2005-06-17 18:46:00,1.22804,1.22804,1.22774,1.22784,52
2005-06-17 18:47:00,1.22804,1.22844,1.22794,1.22814,56
2005-06-17 18:48:00,1.22804,1.22814,1.22784,1.22804,54
2005-06-17 18:49:00,1.22794,1.22814,1.22784,1.22814,41
2005-06-17 18:50:00,1.22774,1.22814,1.22774,1.22784,49
2005-06-17 18:51:00,1.22774,1.22784,1.22764,1.22774,42
2005-06-17 18:52:00,1.22794,1.22794,1.22774,1.22774,47
2005-06-17 18:53:00,1.22794,1.22794,1.22784,1.22784,16
2005-06-17 18:54:00,1.22804,1.22804,1.22784,1.22794,22
2005-06-17 18:55:00,1.22784,1.22804,1.22784,1.22804,39
2005-06-17 18:56:00,1.22784,1.22784,1.22774,1.22784,28
2005-06-17 18:57:00,1.22774,1.22784,1.22774,1.22784,35
2005-06-17 18:58:00,1.22784,1.22794,1.22774,1.22784,33
2005-06-17 18:59:00,1.22764,1.22784,1.22764,1.22784,22
2005-06-17 19:00:00,1.22784,1.22784,1.22764,1.22764,41
2005-06-17 19:01:00,1.22784,1.22784,1.22784,1.22784,5
2005-06-17 19:02:00,1.22784,1.22784,1.22764,1.22784,15
2005-06-17 19:03:00,1.22784,1.22784,1.22764,1.22774,9
2005-06-17 19:04:00,1.22764,1.22774,1.22764,1.22774,4
2005-06-17 19:05:00,1.22744,1.22774,1.22744,1.22774,13
2005-06-17 19:06:00,1.22744,1.22744,1.22734,1.22744,14
2005-06-17 19:07:00,1.22744,1.22754,1.22744,1.22744,12
2005-06-17 19:08:00,1.22744,1.22754,1.22744,1.22754,14
2005-06-17 19:09:00,1.22744,1.22754,1.22734,1.22734,14
2005-06-17 19:10:00,1.22754,1.22754,1.22744,1.22754,9
2005-06-17 19:11:00,1.22754,1.22754,1.22754,1.22754,2
2005-06-17 19:12:00,1.22754,1.22754,1.22754,1.22754,2
2005-06-17 19:13:00,1.22744,1.22744,1.22744,1.22744,3
2005-06-17 19:14:00,1.22744,1.22744,1.22734,1.22744,9
2005-06-17 19:15:00,1.22754,1.22754,1.22734,1.22744,6
2005-06-17 19:16:00,1.22754,1.22754,1.22744,1.22754,7
2005-06-17 19:17:00,1.22754,1.22754,1.22744,1.22754,5
2005-06-17 19:18:00,1.22764,1.22764,1.22754,1.22754,11
2005-06-17 19:19:00,1.22754,1.22764,1.22754,1.22754,11
2005-06-17 19:20:00,1.22754,1.22764,1.22754,1.22764,4
2005-06-17 19:21:00,1.22754,1.22754,1.22744,1.22754,5
2005-06-17 19:22:00,1.22744,1.22754,1.22744,1.22754,5
2005-06-17 19:23:00,1.22754,1.22764,1.22744,1.22744,10
2005-06-17 19:24:00,1.22744,1.22754,1.22724,1.22754,28
2005-06-17 19:25:00,1.22724,1.22744,1.22714,1.22734,26
2005-06-17 19:26:00,1.22714,1.22744,1.22714,1.22744,25
2005-06-17 19:27:00,1.22714,1.22724,1.22704,1.22724,8
2005-06-17 19:28:00,1.22754,1.22754,1.22704,1.22704,20
2005-06-17 19:29:00,1.22744,1.22764,1.22744,1.22754,16
2005-06-17 19:30:00,1.22744,1.22744,1.22734,1.22744,4
2005-06-17 19:31:00,1.22754,1.22754,1.22744,1.22744,5
2005-06-17 19:32:00,1.22764,1.22764,1.22744,1.22754,14
2005-06-17 19:33:00,1.22774,1.22774,1.22764,1.22764,8
2005-06-17 19:34:00,1.22774,1.22774,1.22764,1.22774,7
2005-06-17 19:35:00,1.22774,1.22774,1.22774,1.22774,6
2005-06-17 19:36:00,1.22764,1.22774,1.22764,1.22774,10
2005-06-17 19:37:00,1.22814,1.22814,1.22764,1.22764,17
2005-06-17 19:38:00,1.22814,1.22814,1.22804,1.22804,13
2005-06-17 19:39:00,1.22794,1.22824,1.22794,1.22804,13
2005-06-17 19:40:00,1.22764,1.22794,1.22764,1.22794,11
2005-06-17 19:41:00,1.22774,1.22774,1.22754,1.22754,16
2005-06-17 19:42:00,1.22774,1.22774,1.22764,1.22764,7
2005-06-17 19:43:00,1.22764,1.22764,1.22764,1.22764,8
2005-06-17 19:44:00,1.22764,1.22774,1.22764,1.22774,6
2005-06-17 19:45:00,1.2276,1.22764,1.2276,1.22764,10
2005-06-17 19:46:00,1.2276,1.2276,1.2275,1.2275,10
2005-06-17 19:47:00,1.2276,1.2277,1.2276,1.2276,5
2005-06-17 19:48:00,1.2277,1.2277,1.2276,1.2276,6
2005-06-17 19:49:00,1.2277,1.2277,1.2276,1.2277,5
2005-06-17 19:50:00,1.2277,1.2278,1.2276,1.2277,15
2005-06-17 19:51:00,1.228,1.2281,1.2278,1.2278,14
2005-06-17 19:52:00,1.2279,1.228,1.2279,1.228,10
2005-06-17 19:53:00,1.228,1.228,1.2278,1.2279,7
2005-06-17 19:54:00,1.2282,1.2282,1.228,1.228,6
2005-06-17 19:55:00,1.2282,1.2282,1.2281,1.2281,5
2005-06-17 19:56:00,1.2282,1.2282,1.2281,1.2282,4
2005-06-17 19:57:00,1.2281,1.2283,1.2281,1.2283,6
2005-06-17 19:58:00,1.2281,1.2281,1.2281,1.2281,4
2005-06-17 19:59:00,1.2279,1.2281,1.2279,1.2281,11
2005-06-17 20:00:00,1.2279,1.228,1.2279,1.228,13
2005-06-17 20:01:00,1.2278,1.228,1.2278,1.228,9
2005-06-17 20:02:00,1.2279,1.2279,1.2279,1.2279,3
2005-06-17 20:03:00,1.2281,1.2281,1.2279,1.228,14
2005-06-17 20:04:00,1.2282,1.2282,1.2281,1.2281,7
2005-06-17 20:05:00,1.2282,1.2282,1.2281,1.2282,5
2005-06-17 20:06:00,1.2282,1.2283,1.2282,1.2283,6
2005-06-17 20:07:00,1.2283,1.2283,1.2282,1.2283,7
2005-06-17 20:08:00,1.2283,1.2283,1.2282,1.2283,9
2005-06-17 20:09:00,1.2283,1.2283,1.2282,1.2283,5
2005-06-17 20:10:00,1.2284,1.2285,1.2282,1.2283,16
2005-06-17 20:11:00,1.2285,1.2285,1.2283,1.2284,10
2005-06-17 20:12:00,1.2285,1.2286,1.2284,1.2285,16
2005-06-17 20:13:00,1.2286,1.2286,1.2284,1.2284,10
2005-06-17 20:14:00,1.2284,1.2285,1.2283,1.2285,9
2005-06-17 20:15:00,1.2283,1.2283,1.2283,1.2283,4
2005-06-17 20:16:00,1.2284,1.2284,1.2283,1.2283,4
2005-06-17 20:17:00,1.2283,1.2283,1.2283,1.2283,5
2005-06-17 20:18:00,1.2283,1.2284,1.2283,1.2284,6
2005-06-17 20:19:00,1.2284,1.2284,1.2283,1.2284,7
2005-06-17 20:20:00,1.2284,1.2284,1.2284,1.2284,3
2005-06-17 20:21:00,1.2286,1.2286,1.2284,1.2285,6
2005-06-17 20:22:00,1.2287,1.2287,1.2286,1.2286,3
2005-06-17 20:23:00,1.2286,1.2287,1.2286,1.2287,4
2005-06-17 20:24:00,1.2284,1.2286,1.2284,1.2286,12
2005-06-17 20:25:00,1.2284,1.2284,1.2283,1.2284,13
2005-06-17 20:26:00,1.2285,1.2285,1.2283,1.2283,13
2005-06-17 20:27:00,1.2285,1.2286,1.2285,1.2285,6
2005-06-17 20:28:00,1.2286,1.2286,1.2285,1.2285,7
2005-06-17 20:29:00,1.2285,1.2285,1.2284,1.2285,9
2005-06-17 20:30:00,1.2284,1.2285,1.2284,1.2284,5
2005-06-17 20:31:00,1.2285,1.2285,1.2284,1.2284,9
2005-06-17 20:32:00,1.2285,1.2286,1.2285,1.2286,6
2005-06-17 20:33:00,1.2285,1.2285,1.2285,1.2285,3
2005-06-17 20:34:00,1.2287,1.2287,1.2286,1.2286,6
2005-06-17 20:35:00,1.2287,1.2289,1.2287,1.2287,15
2005-06-17 20:36:00,1.2287,1.2288,1.2287,1.2288,6
2005-06-17 20:37:00,1.2287,1.2288,1.2287,1.2288,6
2005-06-17 20:38:00,1.2287,1.2287,1.2287,1.2287,2
2005-06-17 20:39:00,1.2286,1.2287,1.2286,1.2287,15
2005-06-17 20:40:00,1.2286,1.2287,1.2286,1.2287,13
2005-06-17 20:41:00,1.2286,1.2287,1.2286,1.2286,9
2005-06-17 20:42:00,1.2286,1.2287,1.2286,1.2286,9
2005-06-17 20:43:00,1.2287,1.2287,1.2286,1.2286,4
2005-06-17 20:44:00,1.2286,1.2287,1.2286,1.2287,8
2005-06-17 20:45:00,1.2286,1.2286,1.2286,1.2286,2
2005-06-17 20:46:00,1.2287,1.2287,1.2287,1.2287,3
2005-06-17 20:47:00,1.2287,1.2287,1.2285,1.2286,11
2005-06-17 20:48:00,1.2286,1.2287,1.2286,1.2287,5
2005-06-17 20:49:00,1.2287,1.2288,1.2286,1.2287,20
2005-06-17 20:50:00,1.2286,1.2287,1.2286,1.2286,8
2005-06-17 20:51:00,1.2286,1.2286,1.2286,1.2286,3
2005-06-17 20:52:00,1.2286,1.2287,1.2286,1.2286,7
2005-06-17 20:53:00,1.2286,1.2287,1.2286,1.2286,7
2005-06-17 20:54:00,1.2286,1.2286,1.2286,1.2286,2
2005-06-17 20:55:00,1.2286,1.2287,1.2286,1.2286,12
2005-06-17 20:56:00,1.2287,1.2288,1.2286,1.2286,9
2005-06-17 20:57:00,1.2287,1.2287,1.2287,1.2287,2
2005-06-17 20:58:00,1.2287,1.2287,1.2287,1.2287,6
2005-06-17 20:59:00,1.2286,1.2288,1.2285,1.2287,7
2005-06-17 21:00:00,1.2285,1.2285,1.228,1.228,2
2005-06-18 13:29:00,1.2282,1.2282,1.2282,1.2282,1
2005-06-18 13:37:00,1.228,1.228,1.228,1.228,1
2005-06-19 01:06:00,1.2278,1.2278,1.2278,1.2278,1
2005-06-19 16:23:00,1.2282,1.2282,1.2282,1.2282,1
2005-06-19 16:24:00,1.2275,1.2285,1.2275,1.2285,3
2005-06-19 16:38:00,1.2266,1.2266,1.2266,1.2266,2
2005-06-19 17:17:00,1.226,1.226,1.226,1.226,1
2005-06-19 18:03:00,1.226,1.226,1.226,1.226,1
2005-06-19 18:07:00,1.225,1.225,1.225,1.225,1
2005-06-19 18:22:00,1.2225,1.223,1.2225,1.223,2
2005-06-19 18:23:00,1.222,1.222,1.222,1.222,1
2005-06-19 18:24:00,1.223,1.223,1.223,1.223,1
2005-06-19 18:44:00,1.223,1.223,1.223,1.223,1
2005-06-19 19:46:00,1.223,1.223,1.223,1.223,2
2005-06-19 19:49:00,1.2216,1.2216,1.2216,1.2216,2
2005-06-19 19:50:00,1.2221,1.2221,1.2221,1.2221,3
2005-06-19 19:51:00,1.2223,1.2223,1.2221,1.2221,8
2005-06-19 19:52:00,1.2222,1.2223,1.2221,1.2223,7
2005-06-19 19:53:00,1.2226,1.2226,1.2222,1.2222,8
2005-06-19 19:54:00,1.2226,1.2227,1.2225,1.2227,6
2005-06-19 19:55:00,1.2226,1.2226,1.2225,1.2225,5
2005-06-19 19:56:00,1.2226,1.2226,1.2226,1.2226,2
2005-06-19 19:57:00,1.2227,1.2227,1.2226,1.2226,2
2005-06-19 19:58:00,1.2226,1.2227,1.2226,1.2227,5
2005-06-19 19:59:00,1.2224,1.2226,1.2223,1.2226,7
2005-06-19 20:00:00,1.2224,1.2224,1.2224,1.2224,2
2005-06-19 20:01:00,1.2224,1.2224,1.2224,1.2224,2
2005-06-19 20:02:00,1.2224,1.2224,1.2223,1.2224,6
2005-06-19 20:03:00,1.2224,1.2224,1.2222,1.2224,6
2005-06-19 20:04:00,1.2222,1.2224,1.2222,1.2223,6
2005-06-19 20:05:00,1.2222,1.2222,1.2221,1.2221,4
2005-06-19 20:06:00,1.2222,1.2222,1.2222,1.2222,2
2005-06-19 20:07:00,1.2221,1.2221,1.2219,1.2221,11
2005-06-19 20:08:00,1.2221,1.2221,1.222,1.2221,4
2005-06-19 20:09:00,1.2221,1.2221,1.222,1.2221,4
2005-06-19 20:10:00,1.2221,1.2221,1.2221,1.2221,1
2005-06-19 20:11:00,1.2221,1.2221,1.2221,1.2221,2
2005-06-19 20:12:00,1.2219,1.2221,1.2219,1.2221,6
2005-06-19 20:13:00,1.2217,1.222,1.2217,1.2219,11
2005-06-19 20:14:00,1.2217,1.2221,1.2217,1.2217,7
2005-06-19 20:15:00,1.2217,1.2219,1.2217,1.2218,9
2005-06-19 20:16:00,1.2217,1.2218,1.2216,1.2217,8
2005-06-19 20:17:00,1.2217,1.2217,1.2217,1.2217,2
2005-06-19 20:18:00,1.222,1.222,1.2217,1.2217,4
2005-06-19 20:19:00,1.2221,1.2222,1.2219,1.222,8
2005-06-19 20:20:00,1.2222,1.2222,1.2221,1.2221,5
2005-06-19 20:21:00,1.2224,1.2224,1.2221,1.2221,23
2005-06-19 20:22:00,1.2224,1.2225,1.2224,1.2224,6
2005-06-19 20:23:00,1.2224,1.2224,1.2223,1.2224,7
2005-06-19 20:24:00,1.2224,1.2226,1.2224,1.2224,6
2005-06-19 20:25:00,1.2227,1.2227,1.2224,1.2224,5
2005-06-19 20:26:00,1.2227,1.2227,1.2226,1.2226,8
2005-06-19 20:27:00,1.2224,1.2228,1.2224,1.2228,18
2005-06-19 20:28:00,1.2225,1.2225,1.2224,1.2225,4
2005-06-19 20:29:00,1.2227,1.2227,1.2225,1.2225,6
2005-06-19 20:30:00,1.2226,1.2227,1.2224,1.2227,9
2005-06-19 20:31:00,1.2226,1.2227,1.2226,1.2226,5
2005-06-19 20:32:00,1.2226,1.2226,1.2226,1.2226,3
2005-06-19 20:33:00,1.2228,1.2228,1.2227,1.2227,6
2005-06-19 20:34:00,1.2228,1.2228,1.2227,1.2228,5
2005-06-19 20:35:00,1.2226,1.2228,1.2225,1.2228,14
2005-06-19 20:36:00,1.2227,1.2228,1.2225,1.2225,14
2005-06-19 20:37:00,1.2225,1.2226,1.2225,1.2226,5
2005-06-19 20:38:00,1.2228,1.2228,1.2224,1.2224,7
2005-06-19 20:39:00,1.2225,1.2225,1.2225,1.2225,3
2005-06-19 20:40:00,1.2225,1.2225,1.2225,1.2225,2
2005-06-19 20:41:00,1.2225,1.2225,1.2225,1.2225,5
2005-06-19 20:42:00,1.2227,1.2228,1.2225,1.2225,7
2005-06-19 20:43:00,1.2227,1.2228,1.2225,1.2225,9
2005-06-19 20:44:00,1.2226,1.2227,1.2226,1.2226,5
2005-06-19 20:45:00,1.2226,1.2226,1.2226,1.2226,2
2005-06-19 20:46:00,1.2225,1.2226,1.2225,1.2226,4
2005-06-19 20:47:00,1.2224,1.2225,1.2223,1.2225,14
2005-06-19 20:48:00,1.2221,1.2224,1.2221,1.2224,13
2005-06-19 20:49:00,1.2221,1.2222,1.2221,1.2222,5
2005-06-19 20:50:00,1.2219,1.2221,1.2218,1.2221,8
2005-06-19 20:51:00,1.2226,1.2227,1.2219,1.2219,15
2005-06-19 20:52:00,1.2221,1.2225,1.2221,1.2225,10
2005-06-19 20:53:00,1.2218,1.2221,1.2218,1.2221,5
2005-06-19 20:54:00,1.2221,1.2221,1.2218,1.2218,7
2005-06-19 20:55:00,1.222,1.2221,1.222,1.2221,5
2005-06-19 20:56:00,1.222,1.222,1.222,1.222,2
2005-06-19 20:57:00,1.2223,1.2223,1.2221,1.2221,4
2005-06-19 20:58:00,1.2222,1.2222,1.2221,1.2221,6
2005-06-19 20:59:00,1.2222,1.2222,1.2222,1.2222,1
2005-06-19 21:00:00,1.2222,1.2222,1.2221,1.2222,10
2005-06-19 21:01:00,1.2223,1.2223,1.2221,1.2222,6
2005-06-19 21:02:00,1.2222,1.2223,1.2222,1.2223,3
2005-06-19 21:03:00,1.222,1.2222,1.222,1.2222,3
2005-06-19 21:04:00,1.222,1.222,1.222,1.222,2
2005-06-19 21:05:00,1.2221,1.2221,1.2221,1.2221,4
2005-06-19 21:06:00,1.222,1.222,1.222,1.222,4
2005-06-19 21:07:00,1.2218,1.2221,1.2218,1.2221,11
2005-06-19 21:08:00,1.2217,1.2218,1.2215,1.2218,22
2005-06-19 21:09:00,1.2217,1.2217,1.2216,1.2216,5
2005-06-19 21:10:00,1.2217,1.2219,1.2217,1.2217,3
2005-06-19 21:11:00,1.2217,1.2217,1.2217,1.2217,2
2005-06-19 21:12:00,1.2217,1.2217,1.2217,1.2217,2
2005-06-19 21:13:00,1.2217,1.2217,1.2217,1.2217,3
2005-06-19 21:14:00,1.2217,1.2217,1.2217,1.2217,1
2005-06-19 21:15:00,1.2217,1.2219,1.2217,1.2219,7
2005-06-19 21:16:00,1.2215,1.2217,1.2215,1.2217,7
2005-06-19 21:17:00,1.2217,1.2217,1.2215,1.2215,7
2005-06-19 21:18:00,1.2216,1.2217,1.2216,1.2217,5
2005-06-19 21:19:00,1.2218,1.2218,1.2216,1.2216,6
2005-06-19 21:20:00,1.2216,1.2218,1.2216,1.2218,5
2005-06-19 21:21:00,1.2218,1.2218,1.2216,1.2217,17
2005-06-19 21:22:00,1.2219,1.222,1.2218,1.2219,15
2005-06-19 21:23:00,1.2219,1.222,1.2219,1.222,15
2005-06-19 21:24:00,1.2218,1.2219,1.2218,1.2218,11
2005-06-19 21:25:00,1.2217,1.2218,1.2216,1.2217,8
2005-06-19 21:26:00,1.2216,1.2216,1.2216,1.2216,5
2005-06-19 21:27:00,1.2216,1.2216,1.2216,1.2216,3
2005-06-19 21:28:00,1.2216,1.2216,1.2215,1.2215,6
2005-06-19 21:29:00,1.2214,1.2216,1.2214,1.2216,11
2005-06-19 21:30:00,1.2214,1.2215,1.2213,1.2214,12
2005-06-19 21:31:00,1.2213,1.2214,1.2213,1.2214,5
2005-06-19 21:32:00,1.2214,1.2214,1.2213,1.2213,6
2005-06-19 21:33:00,1.2213,1.2214,1.2213,1.2214,8
2005-06-19 21:34:00,1.2214,1.2214,1.2213,1.2213,9
2005-06-19 21:35:00,1.2213,1.2214,1.2213,1.2214,4
2005-06-19 21:36:00,1.2212,1.2213,1.2212,1.2213,3
2005-06-19 21:37:00,1.2212,1.2213,1.2212,1.2212,4
2005-06-19 21:38:00,1.2212,1.2212,1.2211,1.2212,12
2005-06-19 21:39:00,1.2211,1.2212,1.2211,1.2212,5
2005-06-19 21:40:00,1.2212,1.2212,1.2211,1.2212,7
2005-06-19 21:41:00,1.2211,1.2212,1.2211,1.2212,3
2005-06-19 21:42:00,1.221,1.2211,1.221,1.2211,7
2005-06-19 21:43:00,1.2211,1.2211,1.221,1.2211,9
2005-06-19 21:44:00,1.2209,1.2211,1.2209,1.2211,10
2005-06-19 21:45:00,1.221,1.221,1.2209,1.221,10
2005-06-19 21:46:00,1.2208,1.221,1.2208,1.221,6
2005-06-19 21:47:00,1.2206,1.2208,1.2205,1.2208,12
2005-06-19 21:48:00,1.2202,1.2205,1.2196,1.2205,27
2005-06-19 21:49:00,1.2198,1.2202,1.2198,1.2202,13
2005-06-19 21:50:00,1.2195,1.22,1.2195,1.2198,16
2005-06-19 21:51:00,1.2193,1.2196,1.2191,1.2195,30
2005-06-19 21:52:00,1.2193,1.2196,1.2191,1.2195,16
2005-06-19 21:53:00,1.2192,1.2195,1.2192,1.2193,12
2005-06-19 21:54:00,1.2196,1.2199,1.2193,1.2193,17
2005-06-19 21:55:00,1.2196,1.2197,1.2196,1.2197,9
2005-06-19 21:56:00,1.2195,1.2196,1.2194,1.2196,11
2005-06-19 21:57:00,1.2194,1.2197,1.2194,1.2196,15
2005-06-19 21:58:00,1.2193,1.2196,1.2193,1.2196,14
2005-06-19 21:59:00,1.219,1.2194,1.219,1.2193,17
2005-06-19 22:00:00,1.2195,1.2196,1.2191,1.2191,14
2005-06-19 22:01:00,1.2196,1.2197,1.2193,1.2194,22
2005-06-19 22:02:00,1.2193,1.2196,1.2193,1.2196,12
2005-06-19 22:03:00,1.2191,1.2193,1.2191,1.2193,4
2005-06-19 22:04:00,1.2195,1.2195,1.2191,1.2191,12
2005-06-19 22:05:00,1.2197,1.22,1.2195,1.2195,15
2005-06-19 22:06:00,1.2197,1.2198,1.2196,1.2198,16
2005-06-19 22:07:00,1.2197,1.2197,1.2196,1.2197,8
2005-06-19 22:08:00,1.2198,1.2199,1.2196,1.2196,15
2005-06-19 22:09:00,1.2198,1.2198,1.2198,1.2198,3
2005-06-19 22:10:00,1.2199,1.2199,1.2197,1.2197,9
2005-06-19 22:11:00,1.22,1.22,1.2198,1.2198,6
2005-06-19 22:12:00,1.2199,1.22,1.2198,1.2199,6
2005-06-19 22:13:00,1.2199,1.22,1.2197,1.2199,11
2005-06-19 22:14:00,1.2198,1.22,1.2198,1.2199,15
2005-06-19 22:15:00,1.2196,1.2197,1.2195,1.2197,8
2005-06-19 22:16:00,1.2192,1.2196,1.2192,1.2196,13
2005-06-19 22:17:00,1.219,1.2192,1.219,1.2192,11
2005-06-19 22:18:00,1.219,1.2191,1.219,1.219,15
2005-06-19 22:19:00,1.2191,1.2191,1.219,1.219,6
2005-06-19 22:20:00,1.2187,1.219,1.2184,1.219,21
2005-06-19 22:21:00,1.219,1.2191,1.2187,1.2188,26
2005-06-19 22:22:00,1.2189,1.219,1.2188,1.219,11
2005-06-19 22:23:00,1.219,1.219,1.2188,1.2188,14
2005-06-19 22:24:00,1.2189,1.219,1.2189,1.219,3
2005-06-19 22:25:00,1.219,1.219,1.2188,1.2189,13
2005-06-19 22:26:00,1.2192,1.2193,1.2189,1.219,16
2005-06-19 22:27:00,1.2191,1.2192,1.219,1.2191,14
2005-06-19 22:28:00,1.219,1.2191,1.219,1.219,9
2005-06-19 22:29:00,1.2189,1.219,1.2188,1.219,6
2005-06-19 22:30:00,1.2191,1.2192,1.2186,1.2188,17
2005-06-19 22:31:00,1.2195,1.2195,1.2189,1.2192,18
2005-06-19 22:32:00,1.2196,1.2198,1.2192,1.2194,29
2005-06-19 22:33:00,1.2197,1.2199,1.2196,1.2196,23
2005-06-19 22:34:00,1.2199,1.2199,1.2195,1.2197,25
2005-06-19 22:35:00,1.2199,1.22,1.2199,1.2199,10
2005-06-19 22:36:00,1.2198,1.2199,1.2197,1.2199,20
2005-06-19 22:37:00,1.2199,1.2199,1.2196,1.2197,23
2005-06-19 22:38:00,1.2198,1.2199,1.2196,1.2198,23
2005-06-19 22:39:00,1.2197,1.2199,1.2196,1.2197,18
2005-06-19 22:40:00,1.2195,1.2196,1.2194,1.2196,11
2005-06-19 22:41:00,1.2194,1.2196,1.2194,1.2195,10
2005-06-19 22:42:00,1.2195,1.2196,1.2194,1.2195,11
2005-06-19 22:43:00,1.2197,1.2199,1.2196,1.2196,12
2005-06-19 22:44:00,1.2197,1.2197,1.2196,1.2196,10
2005-06-19 22:45:00,1.2196,1.2197,1.2196,1.2197,5
2005-06-19 22:46:00,1.2197,1.2197,1.2196,1.2197,15
2005-06-19 22:47:00,1.2197,1.2197,1.2196,1.2196,6
2005-06-19 22:48:00,1.2193,1.2198,1.2193,1.2197,16
2005-06-19 22:49:00,1.2194,1.2196,1.2194,1.2194,6
2005-06-19 22:50:00,1.2195,1.2196,1.2193,1.2194,8
2005-06-19 22:51:00,1.2197,1.2197,1.2195,1.2195,11
2005-06-19 22:52:00,1.2199,1.22,1.2197,1.2197,13
2005-06-19 22:53:00,1.22,1.2201,1.2198,1.2199,18
2005-06-19 22:54:00,1.2198,1.22,1.2198,1.22,17
2005-06-19 22:55:00,1.2199,1.2199,1.2198,1.2198,4
2005-06-19 22:56:00,1.2199,1.2199,1.2199,1.2199,5
2005-06-19 22:57:00,1.2197,1.2199,1.2197,1.2199,8
2005-06-19 22:58:00,1.2195,1.2197,1.2195,1.2197,9
2005-06-19 22:59:00,1.2194,1.2195,1.2194,1.2195,16
2005-06-19 23:00:00,1.2195,1.2196,1.2194,1.2194,15
2005-06-19 23:01:00,1.2198,1.22,1.2196,1.2196,12
2005-06-19 23:02:00,1.2197,1.2199,1.2197,1.2198,10
2005-06-19 23:03:00,1.2197,1.2198,1.2196,1.2196,6
2005-06-19 23:04:00,1.2197,1.2197,1.2197,1.2197,2
2005-06-19 23:05:00,1.2196,1.2197,1.2196,1.2197,5
2005-06-19 23:06:00,1.2195,1.2196,1.2194,1.2196,6
2005-06-19 23:07:00,1.2195,1.2195,1.2194,1.2194,4
2005-06-19 23:08:00,1.2195,1.2195,1.2195,1.2195,4
2005-06-19 23:09:00,1.2196,1.2196,1.2194,1.2195,9
2005-06-19 23:10:00,1.2197,1.2198,1.2196,1.2197,12
2005-06-19 23:11:00,1.2197,1.2197,1.2196,1.2196,5
2005-06-19 23:12:00,1.2197,1.2197,1.2197,1.2197,8
2005-06-19 23:13:00,1.2197,1.2197,1.2197,1.2197,4
2005-06-19 23:14:00,1.2198,1.2198,1.2197,1.2198,9
2005-06-19 23:15:00,1.22,1.22,1.2198,1.2198,10
2005-06-19 23:16:00,1.22,1.22,1.2199,1.2199,10
2005-06-19 23:17:00,1.2197,1.2199,1.2197,1.2199,7
2005-06-19 23:18:00,1.2198,1.2199,1.2198,1.2198,5
2005-06-19 23:19:00,1.2197,1.2198,1.2197,1.2198,3
2005-06-19 23:20:00,1.2198,1.2199,1.2196,1.2197,18
2005-06-19 23:21:00,1.2197,1.2197,1.2196,1.2197,5
2005-06-19 23:22:00,1.2197,1.2198,1.2197,1.2197,9
2005-06-19 23:23:00,1.2199,1.2199,1.2197,1.2197,3
2005-06-19 23:24:00,1.2202,1.2203,1.2199,1.2199,13
2005-06-19 23:25:00,1.2202,1.2202,1.22,1.2201,9
2005-06-19 23:26:00,1.2204,1.2205,1.2201,1.2203,17
2005-06-19 23:27:00,1.2205,1.2206,1.2205,1.2205,7
2005-06-19 23:28:00,1.2206,1.2206,1.2205,1.2205,10
2005-06-19 23:29:00,1.2208,1.2208,1.2206,1.2206,11
2005-06-19 23:30:00,1.2208,1.2208,1.2208,1.2208,4
2005-06-19 23:31:00,1.221,1.221,1.2208,1.2208,6
2005-06-19 23:32:00,1.221,1.2211,1.2209,1.2209,11
2005-06-19 23:33:00,1.2212,1.2212,1.2209,1.2209,15
2005-06-19 23:34:00,1.2212,1.2212,1.221,1.2212,9
2005-06-19 23:35:00,1.2213,1.2213,1.2212,1.2212,9
2005-06-19 23:36:00,1.2211,1.2213,1.2211,1.2213,5
2005-06-19 23:37:00,1.2211,1.2212,1.2211,1.2211,6
2005-06-19 23:38:00,1.2211,1.2211,1.2211,1.2211,2
2005-06-19 23:39:00,1.2211,1.2211,1.221,1.2211,6
2005-06-19 23:40:00,1.2208,1.221,1.2208,1.221,14
2005-06-19 23:41:00,1.2205,1.2208,1.2205,1.2207,10
2005-06-19 23:42:00,1.2205,1.2206,1.2205,1.2206,14
2005-06-19 23:43:00,1.2206,1.2206,1.2205,1.2205,6
2005-06-19 23:44:00,1.2207,1.2209,1.2206,1.2206,11
2005-06-19 23:45:00,1.2209,1.2209,1.2207,1.2208,14
2005-06-19 23:46:00,1.2213,1.2213,1.2209,1.2209,22
2005-06-19 23:47:00,1.221,1.2212,1.2209,1.2212,12
2005-06-19 23:48:00,1.221,1.221,1.2209,1.2209,4
2005-06-19 23:49:00,1.2212,1.2214,1.221,1.221,18
2005-06-19 23:50:00,1.2213,1.2213,1.2212,1.2212,7
2005-06-19 23:51:00,1.2213,1.2213,1.2212,1.2213,15
2005-06-19 23:52:00,1.2213,1.2213,1.2212,1.2213,5
2005-06-19 23:53:00,1.2214,1.2214,1.2212,1.2214,16
2005-06-19 23:54:00,1.2216,1.2216,1.2214,1.2214,7
2005-06-19 23:55:00,1.2215,1.2215,1.2214,1.2215,9
2005-06-19 23:56:00,1.2212,1.2214,1.2211,1.2214,12
2005-06-19 23:57:00,1.2212,1.2213,1.2212,1.2212,4
2005-06-19 23:58:00,1.2213,1.2213,1.2213,1.2213,3
2005-06-19 23:59:00,1.2212,1.2213,1.2212,1.2213,3
2005-06-20 00:00:00,1.221,1.2213,1.221,1.2212,12
2005-06-20 00:01:00,1.221,1.2211,1.2209,1.221,15
2005-06-20 00:02:00,1.2211,1.2211,1.221,1.221,3
2005-06-20 00:03:00,1.2211,1.2211,1.2209,1.2211,14
2005-06-20 00:04:00,1.2214,1.2214,1.2211,1.2211,11
2005-06-20 00:05:00,1.2216,1.2218,1.2213,1.2214,25
2005-06-20 00:06:00,1.2216,1.2217,1.2215,1.2216,18
2005-06-20 00:07:00,1.2217,1.2217,1.2216,1.2216,7
2005-06-20 00:08:00,1.2216,1.2217,1.2216,1.2217,7
2005-06-20 00:09:00,1.2217,1.2218,1.2216,1.2216,11
2005-06-20 00:10:00,1.2216,1.2218,1.2216,1.2217,13
2005-06-20 00:11:00,1.2215,1.2216,1.2214,1.2215,15
2005-06-20 00:12:00,1.2214,1.2215,1.2213,1.2214,18
2005-06-20 00:13:00,1.2214,1.2216,1.2214,1.2214,10
2005-06-20 00:14:00,1.2216,1.2217,1.2214,1.2215,20
2005-06-20 00:15:00,1.2216,1.2217,1.2216,1.2216,8
2005-06-20 00:16:00,1.2218,1.2219,1.2215,1.2217,22
2005-06-20 00:17:00,1.2217,1.2218,1.2215,1.2218,11
2005-06-20 00:18:00,1.2218,1.2218,1.2217,1.2217,11
2005-06-20 00:19:00,1.2222,1.2224,1.2218,1.2219,22
2005-06-20 00:20:00,1.2223,1.2223,1.2221,1.2221,15
2005-06-20 00:21:00,1.222,1.2223,1.222,1.2223,20
2005-06-20 00:22:00,1.222,1.222,1.2219,1.222,9
2005-06-20 00:23:00,1.2219,1.222,1.2219,1.222,13
2005-06-20 00:24:00,1.2219,1.2219,1.2219,1.2219,2
2005-06-20 00:25:00,1.2219,1.222,1.2218,1.2219,9
2005-06-20 00:26:00,1.2219,1.2219,1.2218,1.2218,11
2005-06-20 00:27:00,1.222,1.2221,1.2218,1.2218,14
2005-06-20 00:28:00,1.2219,1.222,1.2218,1.222,8
2005-06-20 00:29:00,1.2223,1.2224,1.2219,1.2219,18
2005-06-20 00:30:00,1.2224,1.2224,1.2223,1.2223,12
2005-06-20 00:31:00,1.2226,1.2227,1.2223,1.2224,17
2005-06-20 00:32:00,1.223,1.2233,1.2226,1.2227,32
2005-06-20 00:33:00,1.2231,1.2231,1.2229,1.2231,16
2005-06-20 00:34:00,1.223,1.2231,1.223,1.2231,9
2005-06-20 00:35:00,1.2228,1.2229,1.2228,1.2229,5
2005-06-20 00:36:00,1.2228,1.2229,1.2227,1.2227,16
2005-06-20 00:37:00,1.2229,1.2229,1.2228,1.2228,12
2005-06-20 00:38:00,1.2228,1.2229,1.2228,1.2229,5
2005-06-20 00:39:00,1.2227,1.2228,1.2226,1.2228,5
2005-06-20 00:40:00,1.2227,1.2227,1.2227,1.2227,2
2005-06-20 00:41:00,1.2227,1.2227,1.2227,1.2227,10
2005-06-20 00:42:00,1.2228,1.2228,1.2227,1.2227,4
2005-06-20 00:43:00,1.2228,1.2228,1.2227,1.2227,12
2005-06-20 00:44:00,1.2228,1.2229,1.2228,1.2228,9
2005-06-20 00:45:00,1.2227,1.2228,1.2227,1.2228,9
2005-06-20 00:46:00,1.2227,1.2228,1.2227,1.2227,7
2005-06-20 00:47:00,1.2228,1.2228,1.2227,1.2227,5
2005-06-20 00:48:00,1.2228,1.2228,1.2227,1.2228,5
2005-06-20 00:49:00,1.2229,1.2229,1.2228,1.2228,6
2005-06-20 00:50:00,1.2228,1.2228,1.2228,1.2228,3
2005-06-20 00:51:00,1.2228,1.2228,1.2228,1.2228,1
2005-06-20 00:52:00,1.2227,1.2228,1.2227,1.2228,8
2005-06-20 00:53:00,1.2228,1.2228,1.2227,1.2227,9
2005-06-20 00:54:00,1.2229,1.2229,1.2229,1.2229,7
2005-06-20 00:55:00,1.2229,1.223,1.2229,1.2229,7
2005-06-20 00:56:00,1.2229,1.223,1.2229,1.223,4
2005-06-20 00:57:00,1.2227,1.2229,1.2227,1.2229,9
2005-06-20 00:58:00,1.2227,1.2227,1.2226,1.2226,8
2005-06-20 00:59:00,1.2229,1.2229,1.2228,1.2228,13
2005-06-20 01:00:00,1.2229,1.2229,1.2229,1.2229,4
2005-06-20 01:01:00,1.2231,1.2232,1.2229,1.2229,12
2005-06-20 01:02:00,1.2234,1.2235,1.2231,1.2232,23
2005-06-20 01:03:00,1.2233,1.2234,1.2233,1.2234,11
2005-06-20 01:04:00,1.2233,1.2233,1.2232,1.2232,4
2005-06-20 01:05:00,1.2233,1.2234,1.2232,1.2232,13
2005-06-20 01:06:00,1.2233,1.2233,1.2233,1.2233,4
2005-06-20 01:07:00,1.2234,1.2234,1.2233,1.2233,5
2005-06-20 01:08:00,1.2234,1.2235,1.2233,1.2234,8
2005-06-20 01:09:00,1.2235,1.2235,1.2234,1.2234,3
2005-06-20 01:10:00,1.2236,1.2236,1.2234,1.2235,9
2005-06-20 01:11:00,1.2236,1.2237,1.2236,1.2237,27
2005-06-20 01:12:00,1.2234,1.2237,1.2234,1.2237,9
2005-06-20 01:13:00,1.223,1.2234,1.2229,1.2234,17
2005-06-20 01:14:00,1.223,1.223,1.2229,1.223,8
2005-06-20 01:15:00,1.2228,1.223,1.2228,1.223,7
2005-06-20 01:16:00,1.2231,1.2231,1.2228,1.2228,9
2005-06-20 01:17:00,1.2235,1.2236,1.2232,1.2232,18
2005-06-20 01:18:00,1.2237,1.2238,1.2235,1.2235,22
2005-06-20 01:19:00,1.2237,1.2238,1.2236,1.2238,12
2005-06-20 01:20:00,1.2236,1.2237,1.2236,1.2237,12
2005-06-20 01:21:00,1.2237,1.2238,1.2236,1.2237,8
2005-06-20 01:22:00,1.2237,1.2237,1.2236,1.2237,6
2005-06-20 01:23:00,1.2234,1.2237,1.2234,1.2237,13
2005-06-20 01:24:00,1.2234,1.2236,1.2234,1.2235,18
2005-06-20 01:25:00,1.2237,1.2237,1.2234,1.2234,13
2005-06-20 01:26:00,1.2238,1.2238,1.2236,1.2237,9
2005-06-20 01:27:00,1.2236,1.2237,1.2236,1.2237,4
2005-06-20 01:28:00,1.2233,1.2235,1.2233,1.2235,7
2005-06-20 01:29:00,1.2229,1.2233,1.2229,1.2233,10
2005-06-20 01:30:00,1.223,1.223,1.2229,1.2229,7
2005-06-20 01:31:00,1.2228,1.2231,1.2228,1.223,7
2005-06-20 01:32:00,1.2229,1.2229,1.22265,1.2227,11
2005-06-20 01:33:00,1.2229,1.223,1.2228,1.2228,7
2005-06-20 01:34:00,1.22325,1.2233,1.22295,1.223,11
2005-06-20 01:35:00,1.2233,1.2234,1.2232,1.2232,9
2005-06-20 01:36:00,1.2234,1.2235,1.2234,1.2234,5
2005-06-20 01:37:00,1.2234,1.2235,1.2232,1.2235,13
2005-06-20 01:38:00,1.2233,1.2235,1.2233,1.2233,13
2005-06-20 01:39:00,1.2232,1.2233,1.2232,1.2232,4
2005-06-20 01:40:00,1.2232,1.2233,1.2232,1.2233,3
2005-06-20 01:41:00,1.2233,1.2233,1.2232,1.2232,6
2005-06-20 01:42:00,1.2234,1.2234,1.2234,1.2234,2
2005-06-20 01:44:00,1.2234,1.2234,1.2234,1.2234,2
2005-06-20 01:45:00,1.2234,1.2234,1.2233,1.2234,3
2005-06-20 01:46:00,1.2234,1.2234,1.2234,1.2234,3
2005-06-20 01:47:00,1.2232,1.2234,1.223,1.2234,14
2005-06-20 01:48:00,1.2233,1.2234,1.2231,1.2231,6
2005-06-20 01:49:00,1.2231,1.2233,1.2231,1.2233,3
2005-06-20 01:50:00,1.2232,1.2232,1.2231,1.2231,4
2005-06-20 01:51:00,1.2231,1.2232,1.223,1.2232,5
2005-06-20 01:52:00,1.223,1.2231,1.223,1.2231,5
2005-06-20 01:53:00,1.2231,1.2231,1.2229,1.2229,15
2005-06-20 01:54:00,1.2231,1.2231,1.2231,1.2231,1
2005-06-20 01:55:00,1.2232,1.2233,1.2232,1.2232,8
2005-06-20 01:56:00,1.2231,1.2233,1.2231,1.2233,11
2005-06-20 01:57:00,1.2231,1.2232,1.223,1.2232,11
2005-06-20 01:58:00,1.223,1.2231,1.223,1.2231,5
2005-06-20 01:59:00,1.223,1.223,1.2229,1.2229,3
2005-06-20 02:00:00,1.2232,1.2232,1.2231,1.2231,6
2005-06-20 02:01:00,1.2234,1.2234,1.2233,1.2233,2
2005-06-20 02:02:00,1.2234,1.2235,1.2234,1.2235,5
2005-06-20 02:04:00,1.2234,1.2234,1.2234,1.2234,1
2005-06-20 02:05:00,1.2232,1.2234,1.2232,1.2234,13
2005-06-20 02:06:00,1.2232,1.2233,1.2231,1.2232,9
2005-06-20 02:07:00,1.2232,1.2233,1.2231,1.2232,6
2005-06-20 02:08:00,1.2232,1.2233,1.2232,1.2232,17
2005-06-20 02:09:00,1.2232,1.2233,1.2232,1.2233,3
2005-06-20 02:10:00,1.2233,1.2233,1.2232,1.2233,7
2005-06-20 02:11:00,1.2233,1.2233,1.2232,1.2232,2
2005-06-20 02:12:00,1.2233,1.2233,1.2233,1.2233,1
2005-06-20 02:13:00,1.2232,1.2234,1.2232,1.2232,11
2005-06-20 02:14:00,1.223,1.2232,1.223,1.2232,7
2005-06-20 02:15:00,1.2232,1.2232,1.223,1.2231,10
2005-06-20 02:16:00,1.2231,1.2232,1.223,1.2231,9
2005-06-20 02:17:00,1.2231,1.2232,1.2229,1.223,12
2005-06-20 02:18:00,1.2231,1.2231,1.223,1.2231,3
2005-06-20 02:19:00,1.223,1.2231,1.223,1.2231,6
2005-06-20 02:20:00,1.2229,1.223,1.2229,1.2229,3
2005-06-20 02:21:00,1.2227,1.2228,1.2227,1.2227,10
2005-06-20 02:22:00,1.2227,1.2227,1.2225,1.2225,3
2005-06-20 02:23:00,1.2227,1.2227,1.2226,1.2227,35
2005-06-20 02:24:00,1.2227,1.2227,1.2227,1.2227,3
2005-06-20 02:25:00,1.2227,1.2227,1.2227,1.2227,2
2005-06-20 02:26:00,1.2227,1.2227,1.2227,1.2227,2
2005-06-20 02:27:00,1.2226,1.2226,1.2226,1.2226,3
2005-06-20 02:28:00,1.2227,1.2227,1.2227,1.2227,2
2005-06-20 02:29:00,1.2227,1.2227,1.2227,1.2227,2
2005-06-20 02:30:00,1.2226,1.2227,1.2226,1.2227,3
2005-06-20 02:31:00,1.2224,1.2226,1.2224,1.2226,12
2005-06-20 02:32:00,1.2219,1.2224,1.2218,1.2223,19
2005-06-20 02:33:00,1.2219,1.2221,1.2219,1.222,19
2005-06-20 02:34:00,1.222,1.222,1.2219,1.222,9
2005-06-20 02:35:00,1.222,1.222,1.2219,1.222,7
2005-06-20 02:36:00,1.222,1.222,1.222,1.222,2
2005-06-20 02:37:00,1.2221,1.2223,1.222,1.222,13
2005-06-20 02:38:00,1.2221,1.2222,1.2221,1.2222,11
2005-06-20 02:39:00,1.2223,1.2223,1.2221,1.2222,12
2005-06-20 02:40:00,1.2224,1.2224,1.2224,1.2224,5
2005-06-20 02:41:00,1.2224,1.2224,1.2223,1.2224,7
2005-06-20 02:42:00,1.2222,1.2223,1.2222,1.2223,7
2005-06-20 02:43:00,1.2223,1.2223,1.2222,1.2223,8
2005-06-20 02:44:00,1.2223,1.2224,1.2223,1.2223,5
2005-06-20 02:45:00,1.2223,1.2223,1.2223,1.2223,4
2005-06-20 02:46:00,1.2223,1.2223,1.2223,1.2223,2
2005-06-20 02:47:00,1.2223,1.2223,1.2222,1.2223,6
2005-06-20 02:48:00,1.2223,1.2223,1.2222,1.2223,9
2005-06-20 02:49:00,1.2223,1.2224,1.2222,1.2224,6
2005-06-20 02:50:00,1.2222,1.2223,1.2222,1.2222,5
2005-06-20 02:51:00,1.2223,1.2224,1.2223,1.2223,8
2005-06-20 02:52:00,1.2224,1.2224,1.2223,1.2223,7
2005-06-20 02:53:00,1.2224,1.2224,1.2223,1.2223,7
2005-06-20 02:54:00,1.2224,1.2224,1.2223,1.2223,8
2005-06-20 02:55:00,1.2227,1.2228,1.2225,1.2225,17
2005-06-20 02:56:00,1.2227,1.2227,1.2227,1.2227,2
2005-06-20 02:57:00,1.2227,1.2228,1.2227,1.2227,4
2005-06-20 02:58:00,1.2227,1.2228,1.2227,1.2228,7
2005-06-20 02:59:00,1.2228,1.2228,1.2227,1.2227,5
2005-06-20 03:00:00,1.2229,1.2229,1.2228,1.2228,3
2005-06-20 03:01:00,1.2228,1.2229,1.2227,1.2229,7
2005-06-20 03:02:00,1.2227,1.2227,1.2226,1.2227,5
2005-06-20 03:03:00,1.2226,1.2227,1.2226,1.2226,7
2005-06-20 03:04:00,1.2227,1.2228,1.2227,1.2227,8
2005-06-20 03:05:00,1.2228,1.2228,1.2227,1.2228,5
2005-06-20 03:06:00,1.2227,1.2228,1.2227,1.2227,7
2005-06-20 03:07:00,1.2227,1.2228,1.2226,1.2227,10
2005-06-20 03:08:00,1.2228,1.2229,1.2226,1.2227,14
2005-06-20 03:09:00,1.223,1.223,1.2228,1.2228,8
2005-06-20 03:10:00,1.2229,1.223,1.2228,1.223,7
2005-06-20 03:11:00,1.223,1.223,1.223,1.223,3
2005-06-20 03:12:00,1.223,1.223,1.223,1.223,2
2005-06-20 03:13:00,1.2229,1.223,1.2229,1.2229,5
2005-06-20 03:14:00,1.223,1.223,1.2229,1.2229,8
2005-06-20 03:15:00,1.2229,1.2229,1.2229,1.2229,2
2005-06-20 03:16:00,1.2229,1.2229,1.2229,1.2229,2
2005-06-20 03:17:00,1.2227,1.2229,1.2227,1.2229,12
2005-06-20 03:18:00,1.2227,1.2227,1.2227,1.2227,4
2005-06-20 03:19:00,1.2227,1.2227,1.2227,1.2227,2
2005-06-20 03:20:00,1.2227,1.2227,1.2226,1.2227,6
2005-06-20 03:21:00,1.2229,1.2229,1.2227,1.2227,8
2005-06-20 03:22:00,1.223,1.2232,1.2229,1.223,18
2005-06-20 03:23:00,1.2232,1.2232,1.223,1.223,5
2005-06-20 03:24:00,1.2231,1.2231,1.2231,1.2231,8
2005-06-20 03:25:00,1.2231,1.2231,1.2231,1.2231,2
2005-06-20 03:26:00,1.223,1.2231,1.223,1.2231,3
2005-06-20 03:27:00,1.2231,1.2231,1.223,1.2231,12
2005-06-20 03:28:00,1.2231,1.2231,1.2231,1.2231,5
2005-06-20 03:29:00,1.2231,1.2232,1.2231,1.2231,8
2005-06-20 03:30:00,1.2231,1.2231,1.2231,1.2231,6
2005-06-20 03:31:00,1.2233,1.2233,1.2231,1.2231,7
2005-06-20 03:32:00,1.2232,1.2233,1.2232,1.2232,6
2005-06-20 03:33:00,1.2233,1.2233,1.2232,1.2232,4
2005-06-20 03:34:00,1.2233,1.2233,1.2232,1.2233,6
2005-06-20 03:35:00,1.2235,1.2235,1.2233,1.2233,8
2005-06-20 03:36:00,1.2233,1.2234,1.2232,1.2234,14
2005-06-20 03:37:00,1.2233,1.2234,1.2233,1.2233,11
2005-06-20 03:38:00,1.2234,1.2235,1.2234,1.2234,11
2005-06-20 03:39:00,1.2234,1.2235,1.2234,1.2235,11
2005-06-20 03:40:00,1.2234,1.2234,1.2234,1.2234,2
2005-06-20 03:41:00,1.2234,1.2235,1.2234,1.2234,9
2005-06-20 03:42:00,1.2236,1.2236,1.2234,1.2234,10
2005-06-20 03:43:00,1.2235,1.2237,1.2234,1.2236,11
2005-06-20 03:44:00,1.2234,1.2235,1.2234,1.2235,5
2005-06-20 03:45:00,1.2234,1.2235,1.2234,1.2234,11
2005-06-20 03:46:00,1.2235,1.2236,1.2234,1.2234,4
2005-06-20 03:47:00,1.2235,1.2236,1.2234,1.2235,7
2005-06-20 03:48:00,1.2234,1.2235,1.2233,1.2235,10
2005-06-20 03:49:00,1.2234,1.2235,1.2234,1.2234,4
2005-06-20 03:50:00,1.2234,1.2234,1.2234,1.2234,5
2005-06-20 03:51:00,1.2234,1.2235,1.2234,1.2234,5
2005-06-20 03:52:00,1.2234,1.2234,1.2234,1.2234,3
2005-06-20 03:53:00,1.2235,1.2235,1.2234,1.2234,4
2005-06-20 03:54:00,1.2237,1.2237,1.2236,1.2236,7
2005-06-20 03:55:00,1.2237,1.2238,1.2237,1.2237,6
2005-06-20 03:56:00,1.2238,1.2238,1.2237,1.2237,6
2005-06-20 03:57:00,1.2236,1.2237,1.2235,1.2237,10
2005-06-20 03:58:00,1.2237,1.2237,1.2236,1.2236,8
2005-06-20 03:59:00,1.2235,1.2237,1.2234,1.2236,14
2005-06-20 04:00:00,1.2235,1.2235,1.2235,1.2235,2
2005-06-20 04:01:00,1.2234,1.2235,1.2234,1.2235,2
2005-06-20 04:02:00,1.2234,1.2235,1.2234,1.2234,6
2005-06-20 04:03:00,1.2234,1.2234,1.2234,1.2234,3
2005-06-20 04:04:00,1.2234,1.2234,1.2234,1.2234,2
2005-06-20 04:05:00,1.2235,1.2235,1.2234,1.2234,5
2005-06-20 04:06:00,1.2234,1.2235,1.2234,1.2235,4
2005-06-20 04:07:00,1.2233,1.2234,1.2233,1.2234,3
2005-06-20 04:08:00,1.2234,1.2234,1.2233,1.2233,4
2005-06-20 04:09:00,1.2234,1.2234,1.2234,1.2234,2
2005-06-20 04:10:00,1.2234,1.2234,1.2234,1.2234,2
2005-06-20 04:11:00,1.2234,1.2234,1.2234,1.2234,3
2005-06-20 04:12:00,1.2235,1.2235,1.2234,1.2234,4
2005-06-20 04:13:00,1.2235,1.2235,1.2235,1.2235,2
2005-06-20 04:14:00,1.2234,1.2235,1.2234,1.2234,5
2005-06-20 04:15:00,1.2234,1.2234,1.2233,1.2234,5
2005-06-20 04:16:00,1.2234,1.2234,1.2233,1.2234,4
2005-06-20 04:17:00,1.2234,1.2234,1.2234,1.2234,1
2005-06-20 04:18:00,1.2233,1.2234,1.2233,1.2234,5
2005-06-20 04:19:00,1.2233,1.2233,1.2233,1.2233,3
2005-06-20 04:20:00,1.2233,1.2233,1.2233,1.2233,2
2005-06-20 04:21:00,1.2233,1.2233,1.2233,1.2233,2
2005-06-20 04:22:00,1.2233,1.2233,1.2233,1.2233,2
2005-06-20 04:23:00,1.2232,1.2233,1.2232,1.2233,4
2005-06-20 04:24:00,1.22322,1.22322,1.2231,1.2232,7
2005-06-20 04:25:00,1.22322,1.22322,1.22312,1.22312,5
2005-06-20 04:26:00,1.22322,1.22322,1.22322,1.22322,2
2005-06-20 04:27:00,1.22322,1.22322,1.22322,1.22322,2
2005-06-20 04:28:00,1.22322,1.22322,1.22322,1.22322,2
2005-06-20 04:29:00,1.22322,1.22322,1.22312,1.22312,3
2005-06-20 04:30:00,1.22322,1.22322,1.22312,1.22312,4
2005-06-20 04:31:00,1.22312,1.22312,1.22312,1.22312,7
2005-06-20 04:32:00,1.22322,1.22322,1.22312,1.22322,4
2005-06-20 04:33:00,1.22352,1.22352,1.22302,1.22322,11
2005-06-20 04:34:00,1.22322,1.22362,1.22322,1.22362,16
2005-06-20 04:35:00,1.22302,1.22322,1.22302,1.22322,13
2005-06-20 04:36:00,1.22302,1.22302,1.22292,1.22302,6
2005-06-20 04:37:00,1.22292,1.22302,1.22292,1.22302,3
2005-06-20 04:38:00,1.22292,1.22292,1.22292,1.22292,2
2005-06-20 04:39:00,1.22272,1.22292,1.22262,1.22292,10
2005-06-20 04:40:00,1.22272,1.22282,1.22262,1.22272,7
2005-06-20 04:41:00,1.22262,1.22272,1.22262,1.22272,3
2005-06-20 04:42:00,1.22272,1.22272,1.22262,1.22262,3
2005-06-20 04:43:00,1.22262,1.22272,1.22262,1.22272,5
2005-06-20 04:44:00,1.22232,1.22252,1.22232,1.22252,9
2005-06-20 04:45:00,1.22232,1.22242,1.22222,1.22242,10
2005-06-20 04:46:00,1.22242,1.22262,1.22242,1.22242,10
2005-06-20 04:47:00,1.22242,1.22242,1.22232,1.22232,4
2005-06-20 04:48:00,1.22232,1.22232,1.22232,1.22232,3
2005-06-20 04:49:00,1.22232,1.22242,1.22232,1.22232,5
2005-06-20 04:50:00,1.22222,1.22232,1.22222,1.22232,3
2005-06-20 04:51:00,1.22232,1.22232,1.22212,1.22222,7
2005-06-20 04:52:00,1.22222,1.22232,1.22222,1.22232,7
2005-06-20 04:53:00,1.22232,1.22232,1.22222,1.22222,6
2005-06-20 04:54:00,1.22222,1.22232,1.22222,1.22232,5
2005-06-20 04:55:00,1.22232,1.22232,1.22222,1.22222,10
2005-06-20 04:56:00,1.22232,1.22232,1.22222,1.22222,20
2005-06-20 04:57:00,1.22252,1.22252,1.22232,1.22232,8
2005-06-20 04:58:00,1.22262,1.22272,1.22252,1.22252,7
2005-06-20 04:59:00,1.22252,1.22272,1.22252,1.22272,7
2005-06-20 05:00:00,1.22242,1.22242,1.22232,1.22242,12
2005-06-20 05:01:00,1.22242,1.22242,1.22232,1.22232,4
2005-06-20 05:02:00,1.22242,1.22242,1.22242,1.22242,2
2005-06-20 05:03:00,1.22242,1.22242,1.22242,1.22242,1
2005-06-20 05:04:00,1.22242,1.22242,1.22242,1.22242,2
2005-06-20 05:05:00,1.22232,1.22242,1.22232,1.22242,4
2005-06-20 05:06:00,1.22242,1.22242,1.22232,1.22232,6
2005-06-20 05:07:00,1.22232,1.22242,1.22232,1.22232,14
2005-06-20 05:08:00,1.22232,1.22232,1.22232,1.22232,4
2005-06-20 05:09:00,1.22232,1.22232,1.22232,1.22232,2
2005-06-20 05:10:00,1.22202,1.22232,1.22202,1.22232,11
2005-06-20 05:11:00,1.22202,1.22212,1.22182,1.22192,18
2005-06-20 05:12:00,1.22202,1.22202,1.22202,1.22202,8
2005-06-20 05:13:00,1.22172,1.22202,1.22172,1.22202,12
2005-06-20 05:14:00,1.22172,1.22182,1.22172,1.22172,14
2005-06-20 05:15:00,1.22172,1.22172,1.22162,1.22162,12
2005-06-20 05:16:00,1.22182,1.22182,1.22172,1.22172,4
2005-06-20 05:17:00,1.22162,1.22172,1.22162,1.22172,7
2005-06-20 05:18:00,1.22182,1.22182,1.22162,1.22162,7
2005-06-20 05:19:00,1.22182,1.22182,1.22172,1.22172,4
2005-06-20 05:20:00,1.22182,1.22182,1.22182,1.22182,3
2005-06-20 05:21:00,1.22192,1.22192,1.22182,1.22182,5
2005-06-20 05:22:00,1.22182,1.22192,1.22172,1.22192,9
2005-06-20 05:23:00,1.22182,1.22182,1.22172,1.22182,4
2005-06-20 05:24:00,1.22182,1.22182,1.22182,1.22182,2
2005-06-20 05:25:00,1.22182,1.22182,1.22182,1.22182,4
2005-06-20 05:26:00,1.22172,1.22182,1.22172,1.22182,5
2005-06-20 05:27:00,1.22172,1.22182,1.22172,1.22172,8
2005-06-20 05:28:00,1.22142,1.22162,1.22132,1.22162,13
2005-06-20 05:29:00,1.22128,1.22142,1.22122,1.22142,23
2005-06-20 05:30:00,1.22128,1.22138,1.22118,1.22118,18
2005-06-20 05:31:00,1.22138,1.22148,1.22128,1.22128,10
2005-06-20 05:32:00,1.22128,1.22138,1.22128,1.22128,10
2005-06-20 05:33:00,1.22148,1.22148,1.22128,1.22128,12
2005-06-20 05:34:00,1.22148,1.22148,1.22148,1.22148,1
2005-06-20 05:35:00,1.22138,1.22148,1.22138,1.22148,6
2005-06-20 05:36:00,1.22138,1.22148,1.22128,1.22138,14
2005-06-20 05:37:00,1.22148,1.22158,1.22138,1.22138,13
2005-06-20 05:38:00,1.22138,1.22148,1.22138,1.22148,4
2005-06-20 05:39:00,1.22118,1.22138,1.22118,1.22138,6
2005-06-20 05:40:00,1.22108,1.22128,1.22108,1.22118,10
2005-06-20 05:41:00,1.22078,1.22108,1.22068,1.22108,19
2005-06-20 05:42:00,1.22068,1.22078,1.22058,1.22068,12
2005-06-20 05:43:00,1.22078,1.22078,1.22068,1.22068,8
2005-06-20 05:44:00,1.22088,1.22098,1.22078,1.22078,15
2005-06-20 05:45:00,1.22088,1.22088,1.22078,1.22078,8
2005-06-20 05:46:00,1.22078,1.22088,1.22078,1.22078,10
2005-06-20 05:47:00,1.22048,1.22078,1.22038,1.22068,22
2005-06-20 05:48:00,1.22058,1.22058,1.22048,1.22048,15
2005-06-20 05:49:00,1.22058,1.22058,1.22048,1.22048,6
2005-06-20 05:50:00,1.22068,1.22068,1.22048,1.22048,16
2005-06-20 05:51:00,1.22098,1.22098,1.22068,1.22068,17
2005-06-20 05:52:00,1.22098,1.22098,1.22098,1.22098,2
2005-06-20 05:53:00,1.22088,1.22098,1.22088,1.22098,6
2005-06-20 05:54:00,1.22088,1.22088,1.22088,1.22088,4
2005-06-20 05:55:00,1.22068,1.22098,1.22058,1.22088,17
2005-06-20 05:56:00,1.22058,1.22068,1.22058,1.22068,8
2005-06-20 05:57:00,1.22048,1.22058,1.22048,1.22048,9
2005-06-20 05:58:00,1.22048,1.22058,1.22048,1.22048,7
2005-06-20 05:59:00,1.22048,1.22058,1.22048,1.22058,12
2005-06-20 06:00:00,1.22048,1.22058,1.22038,1.22038,12
2005-06-20 06:01:00,1.22008,1.22038,1.21998,1.22038,16
2005-06-20 06:02:00,1.22008,1.22028,1.21998,1.21998,24
2005-06-20 06:03:00,1.21998,1.22028,1.21998,1.22008,32
2005-06-20 06:04:00,1.21968,1.22008,1.21958,1.21998,54
2005-06-20 06:05:00,1.22038,1.22048,1.21968,1.21968,49
2005-06-20 06:06:00,1.22078,1.22078,1.22038,1.22048,47
2005-06-20 06:07:00,1.22078,1.22078,1.22068,1.22078,45
2005-06-20 06:08:00,1.22058,1.22088,1.22058,1.22078,34
2005-06-20 06:09:00,1.22048,1.22058,1.22038,1.22058,37
2005-06-20 06:10:00,1.22058,1.22058,1.22048,1.22048,36
2005-06-20 06:11:00,1.22068,1.22068,1.22058,1.22058,35
2005-06-20 06:12:00,1.22068,1.22078,1.22058,1.22068,39
2005-06-20 06:13:00,1.22068,1.22078,1.22068,1.22068,44
2005-06-20 06:14:00,1.22138,1.22148,1.22068,1.22068,58
2005-06-20 06:15:00,1.22178,1.22178,1.22138,1.22138,48
2005-06-20 06:16:00,1.22168,1.22188,1.22168,1.22188,40
2005-06-20 06:17:00,1.22168,1.22168,1.22148,1.22168,32
2005-06-20 06:18:00,1.22158,1.22168,1.22158,1.22168,30
2005-06-20 06:19:00,1.22178,1.22178,1.22158,1.22158,29
2005-06-20 06:20:00,1.22158,1.22188,1.22158,1.22178,42
2005-06-20 06:21:00,1.22138,1.22158,1.22128,1.22158,42
2005-06-20 06:22:00,1.22148,1.22148,1.22138,1.22138,26
2005-06-20 06:23:00,1.22148,1.22148,1.22138,1.22148,28
2005-06-20 06:24:00,1.22158,1.22168,1.22138,1.22148,28
2005-06-20 06:25:00,1.22158,1.22178,1.22148,1.22158,50
2005-06-20 06:26:00,1.22168,1.22168,1.22158,1.22158,35
2005-06-20 06:27:00,1.22218,1.22218,1.22168,1.22168,48
2005-06-20 06:28:00,1.22268,1.22278,1.22218,1.22218,48
2005-06-20 06:29:00,1.22268,1.22268,1.22248,1.22268,44
2005-06-20 06:30:00,1.22258,1.22278,1.22258,1.22278,37
2005-06-20 06:31:00,1.22238,1.22258,1.22228,1.22258,39
2005-06-20 06:32:00,1.22258,1.22268,1.22238,1.22238,49
2005-06-20 06:33:00,1.22248,1.22268,1.22248,1.22258,41
2005-06-20 06:34:00,1.22218,1.22248,1.22218,1.22248,38
2005-06-20 06:35:00,1.22208,1.22218,1.22208,1.22218,40
2005-06-20 06:36:00,1.22188,1.22218,1.22188,1.22208,29
2005-06-20 06:37:00,1.22158,1.22198,1.22158,1.22188,53
2005-06-20 06:38:00,1.22138,1.22168,1.22138,1.22158,48
2005-06-20 06:39:00,1.22138,1.22138,1.22118,1.22138,42
2005-06-20 06:40:00,1.22148,1.22168,1.22138,1.22138,39
2005-06-20 06:41:00,1.22158,1.22168,1.22148,1.22148,32
2005-06-20 06:42:00,1.22158,1.22168,1.22158,1.22158,41
2005-06-20 06:43:00,1.22158,1.22168,1.22148,1.22158,37
2005-06-20 06:44:00,1.22188,1.22208,1.22158,1.22158,49
2005-06-20 06:45:00,1.22188,1.22188,1.22168,1.22188,41
2005-06-20 06:46:00,1.22168,1.22198,1.22158,1.22188,49
2005-06-20 06:47:00,1.22158,1.22178,1.22158,1.22168,37
2005-06-20 06:48:00,1.22168,1.22168,1.22158,1.22158,24
2005-06-20 06:49:00,1.22208,1.22208,1.22158,1.22158,29
2005-06-20 06:50:00,1.22258,1.22258,1.22208,1.22208,52
2005-06-20 06:51:00,1.22258,1.22268,1.22258,1.22258,52
2005-06-20 06:52:00,1.22238,1.22268,1.22238,1.22258,44
2005-06-20 06:53:00,1.22248,1.22248,1.22228,1.22238,38
2005-06-20 06:54:00,1.22308,1.22308,1.22238,1.22248,41
2005-06-20 06:55:00,1.22268,1.22308,1.22268,1.22308,50
2005-06-20 06:56:00,1.22278,1.22288,1.22268,1.22268,41
2005-06-20 06:57:00,1.22338,1.22338,1.22278,1.22278,47
2005-06-20 06:58:00,1.22348,1.22348,1.22318,1.22338,58
2005-06-20 06:59:00,1.22318,1.22348,1.22318,1.22348,42
2005-06-20 07:00:00,1.22308,1.22318,1.22288,1.22318,41
2005-06-20 07:01:00,1.22318,1.22318,1.22308,1.22308,27
2005-06-20 07:02:00,1.22308,1.22318,1.22308,1.22308,38
2005-06-20 07:03:00,1.22288,1.22318,1.22288,1.22318,37
2005-06-20 07:04:00,1.22268,1.22298,1.22258,1.22288,49
2005-06-20 07:05:00,1.22258,1.22268,1.22258,1.22268,43
2005-06-20 07:06:00,1.22288,1.22288,1.22258,1.22258,43
2005-06-20 07:07:00,1.22278,1.22288,1.22268,1.22288,35
2005-06-20 07:08:00,1.22278,1.22298,1.22268,1.22278,48
2005-06-20 07:09:00,1.22268,1.22278,1.22268,1.22278,34
2005-06-20 07:10:00,1.22278,1.22278,1.22258,1.22268,40
2005-06-20 07:11:00,1.22278,1.22288,1.22278,1.22278,32
2005-06-20 07:12:00,1.22278,1.22278,1.22268,1.22278,42
2005-06-20 07:13:00,1.22268,1.22278,1.22268,1.22278,33
2005-06-20 07:14:00,1.22268,1.22278,1.22268,1.22268,18
2005-06-20 07:15:00,1.22258,1.22258,1.22248,1.22258,44
2005-06-20 07:16:00,1.22278,1.22288,1.22258,1.22258,46
2005-06-20 07:17:00,1.22338,1.22338,1.22288,1.22288,52
2005-06-20 07:18:00,1.22368,1.22368,1.22328,1.22338,45
2005-06-20 07:19:00,1.22348,1.22378,1.22348,1.22378,60
2005-06-20 07:20:00,1.22328,1.22358,1.22328,1.22348,35
2005-06-20 07:21:00,1.22308,1.22328,1.22308,1.22328,29
2005-06-20 07:22:00,1.22348,1.22348,1.22298,1.22308,48
2005-06-20 07:23:00,1.22358,1.22358,1.22338,1.22338,46
2005-06-20 07:24:00,1.22358,1.22358,1.22328,1.22358,49
2005-06-20 07:25:00,1.22368,1.22378,1.22348,1.22348,44
2005-06-20 07:26:00,1.22358,1.22378,1.22358,1.22368,33
2005-06-20 07:27:00,1.22378,1.22398,1.22348,1.22358,43
2005-06-20 07:28:00,1.22378,1.22388,1.22368,1.22378,37
2005-06-20 07:29:00,1.22378,1.22398,1.22378,1.22378,45
2005-06-20 07:30:00,1.22328,1.22378,1.22318,1.22378,48
2005-06-20 07:31:00,1.22338,1.22348,1.22328,1.22328,43
2005-06-20 07:32:00,1.22338,1.22338,1.22338,1.22338,12
2005-06-20 07:33:00,1.22338,1.22338,1.22328,1.22338,25
2005-06-20 07:34:00,1.22338,1.22338,1.22328,1.22328,33
2005-06-20 07:35:00,1.22318,1.22348,1.22318,1.22338,38
2005-06-20 07:36:00,1.22318,1.22318,1.22298,1.22318,38
2005-06-20 07:37:00,1.22298,1.22308,1.22298,1.22308,37
2005-06-20 07:38:00,1.22288,1.22298,1.22278,1.22298,29
2005-06-20 07:39:00,1.22278,1.22298,1.22278,1.22288,29
2005-06-20 07:40:00,1.22268,1.22288,1.22268,1.22288,32
2005-06-20 07:41:00,1.22268,1.22278,1.22268,1.22268,37
2005-06-20 07:42:00,1.22268,1.22268,1.22258,1.22268,30
2005-06-20 07:43:00,1.22288,1.22288,1.22268,1.22268,40
2005-06-20 07:44:00,1.22288,1.22288,1.22278,1.22288,21
2005-06-20 07:45:00,1.22278,1.22288,1.22268,1.22288,34
2005-06-20 07:46:00,1.22288,1.22288,1.22278,1.22278,38
2005-06-20 07:47:00,1.22288,1.22298,1.22288,1.22288,30
2005-06-20 07:48:00,1.22288,1.22298,1.22288,1.22288,30
2005-06-20 07:49:00,1.22298,1.22298,1.22288,1.22298,37
2005-06-20 07:50:00,1.22338,1.22338,1.22298,1.22298,28
2005-06-20 07:51:00,1.22368,1.22368,1.22328,1.22338,46
2005-06-20 07:52:00,1.22368,1.22378,1.22358,1.22378,49
2005-06-20 07:53:00,1.22338,1.22368,1.22338,1.22368,43
2005-06-20 07:54:00,1.22348,1.22348,1.22338,1.22338,30
2005-06-20 07:55:00,1.22358,1.22358,1.22338,1.22348,38
2005-06-20 07:56:00,1.22358,1.22378,1.22358,1.22358,44
2005-06-20 07:57:00,1.22348,1.22358,1.22348,1.22358,28
2005-06-20 07:58:00,1.22358,1.22368,1.22348,1.22348,41
2005-06-20 07:59:00,1.22358,1.22378,1.22358,1.22358,39
2005-06-20 08:00:00,1.22358,1.22368,1.22348,1.22368,34
2005-06-20 08:01:00,1.22328,1.22358,1.22328,1.22358,34
2005-06-20 08:02:00,1.22328,1.22338,1.22328,1.22328,36
2005-06-20 08:03:00,1.22328,1.22328,1.22328,1.22328,16
2005-06-20 08:04:00,1.22318,1.22328,1.22308,1.22328,40
2005-06-20 08:05:00,1.22288,1.22318,1.22288,1.22318,35
2005-06-20 08:06:00,1.22198,1.22288,1.22178,1.22288,56
2005-06-20 08:07:00,1.22208,1.22218,1.22198,1.22198,45
2005-06-20 08:08:00,1.22178,1.22208,1.22128,1.22208,51
2005-06-20 08:09:00,1.22198,1.22198,1.22178,1.22188,48
2005-06-20 08:10:00,1.22178,1.22198,1.22178,1.22188,36
2005-06-20 08:11:00,1.22178,1.22188,1.22178,1.22178,31
2005-06-20 08:12:00,1.22168,1.22178,1.22168,1.22168,32
2005-06-20 08:13:00,1.22168,1.22178,1.22148,1.22168,52
2005-06-20 08:14:00,1.22148,1.22168,1.22138,1.22168,48
2005-06-20 08:15:00,1.22148,1.22158,1.22138,1.22148,41
2005-06-20 08:16:00,1.22158,1.22158,1.22138,1.22148,36
2005-06-20 08:17:00,1.22158,1.22168,1.22148,1.22158,40
2005-06-20 08:18:00,1.22118,1.22158,1.22118,1.22158,36
2005-06-20 08:19:00,1.22108,1.22118,1.22048,1.22108,62
2005-06-20 08:20:00,1.22068,1.22108,1.22058,1.22108,53
2005-06-20 08:21:00,1.22078,1.22078,1.22038,1.22068,47
2005-06-20 08:22:00,1.22088,1.22088,1.22068,1.22078,39
2005-06-20 08:23:00,1.22088,1.22088,1.22078,1.22088,38
2005-06-20 08:24:00,1.22078,1.22088,1.22068,1.22088,37
2005-06-20 08:25:00,1.22098,1.22098,1.22088,1.22088,36
2005-06-20 08:26:00,1.22098,1.22098,1.22088,1.22098,46
2005-06-20 08:27:00,1.22108,1.22118,1.22098,1.22098,44
2005-06-20 08:28:00,1.22118,1.22118,1.22098,1.22118,45
2005-06-20 08:29:00,1.22088,1.22118,1.22088,1.22118,42
2005-06-20 08:30:00,1.22088,1.22108,1.22088,1.22098,44
2005-06-20 08:31:00,1.22078,1.22088,1.22078,1.22088,33
2005-06-20 08:32:00,1.22062,1.22088,1.22062,1.22078,42
2005-06-20 08:33:00,1.22042,1.22062,1.22032,1.22062,43
2005-06-20 08:34:00,1.22092,1.22092,1.22042,1.22042,41
2005-06-20 08:35:00,1.22092,1.22102,1.22082,1.22092,38
2005-06-20 08:36:00,1.22072,1.22092,1.22062,1.22092,38
2005-06-20 08:37:00,1.22062,1.22072,1.22042,1.22072,44
2005-06-20 08:38:00,1.22072,1.22072,1.22042,1.22062,46
2005-06-20 08:39:00,1.22072,1.22082,1.22062,1.22062,37
2005-06-20 08:40:00,1.22082,1.22082,1.22072,1.22082,42
2005-06-20 08:41:00,1.22082,1.22082,1.22082,1.22082,23
2005-06-20 08:42:00,1.22092,1.22092,1.22072,1.22082,40
2005-06-20 08:43:00,1.22092,1.22092,1.22082,1.22092,30
2005-06-20 08:44:00,1.22122,1.22122,1.22092,1.22092,39
2005-06-20 08:45:00,1.22112,1.22122,1.22102,1.22122,42
2005-06-20 08:46:00,1.22112,1.22112,1.22102,1.22112,46
2005-06-20 08:47:00,1.22112,1.22122,1.22112,1.22112,44
2005-06-20 08:48:00,1.22132,1.22142,1.22112,1.22112,49
2005-06-20 08:49:00,1.22142,1.22142,1.22132,1.22132,38
2005-06-20 08:50:00,1.22142,1.22142,1.22132,1.22132,32
2005-06-20 08:51:00,1.22142,1.22142,1.22132,1.22132,46
2005-06-20 08:52:00,1.22152,1.22162,1.22132,1.22142,43
2005-06-20 08:53:00,1.22142,1.22152,1.22142,1.22152,32
2005-06-20 08:54:00,1.22142,1.22142,1.22132,1.22142,39
2005-06-20 08:55:00,1.22142,1.22152,1.22132,1.22132,48
2005-06-20 08:56:00,1.22142,1.22152,1.22142,1.22142,42
2005-06-20 08:57:00,1.22142,1.22152,1.22132,1.22142,44
2005-06-20 08:58:00,1.22152,1.22152,1.22142,1.22142,35
2005-06-20 08:59:00,1.22162,1.22162,1.22152,1.22152,32
2005-06-20 09:00:00,1.22212,1.22212,1.22162,1.22162,53
2005-06-20 09:01:00,1.22232,1.22242,1.22212,1.22212,53
2005-06-20 09:02:00,1.22282,1.22312,1.22222,1.22222,57
2005-06-20 09:03:00,1.22292,1.22302,1.22282,1.22282,55
2005-06-20 09:04:00,1.22272,1.22292,1.22272,1.22292,37
2005-06-20 09:05:00,1.2228,1.22282,1.22262,1.22272,46
2005-06-20 09:06:00,1.2229,1.223,1.2228,1.2228,43
2005-06-20 09:07:00,1.2227,1.2229,1.2226,1.2229,46
2005-06-20 09:08:00,1.2228,1.2228,1.2227,1.2227,39
2005-06-20 09:09:00,1.2226,1.2229,1.2225,1.2228,43
2005-06-20 09:10:00,1.223,1.223,1.2225,1.2226,56
2005-06-20 09:11:00,1.2228,1.223,1.2226,1.223,53
2005-06-20 09:12:00,1.223,1.223,1.2228,1.2228,46
2005-06-20 09:13:00,1.2229,1.2231,1.2229,1.223,49
2005-06-20 09:14:00,1.223,1.223,1.2229,1.2229,47
2005-06-20 09:15:00,1.223,1.223,1.2229,1.223,49
2005-06-20 09:16:00,1.2229,1.2231,1.2229,1.223,44
2005-06-20 09:17:00,1.223,1.2233,1.2229,1.2229,49
2005-06-20 09:18:00,1.223,1.2231,1.2229,1.2231,46
2005-06-20 09:19:00,1.223,1.223,1.2229,1.223,28
2005-06-20 09:20:00,1.223,1.223,1.223,1.223,27
2005-06-20 09:21:00,1.2228,1.223,1.2228,1.223,28
2005-06-20 09:22:00,1.2226,1.2229,1.2226,1.2228,41
2005-06-20 09:23:00,1.2226,1.2227,1.2226,1.2226,28
2005-06-20 09:24:00,1.2224,1.2226,1.2222,1.2226,39
2005-06-20 09:25:00,1.2224,1.2224,1.2223,1.2224,41
2005-06-20 09:26:00,1.2223,1.2224,1.2223,1.2223,22
2005-06-20 09:27:00,1.2225,1.2225,1.2223,1.2223,29
2005-06-20 09:28:00,1.2225,1.2225,1.2224,1.2225,44
2005-06-20 09:29:00,1.2224,1.2225,1.2223,1.2225,43
2005-06-20 09:30:00,1.2224,1.2225,1.2224,1.2224,29
2005-06-20 09:31:00,1.2224,1.2224,1.2224,1.2224,17
2005-06-20 09:32:00,1.2224,1.2224,1.2224,1.2224,6
2005-06-20 09:33:00,1.2224,1.2225,1.2224,1.2224,39
2005-06-20 09:34:00,1.2223,1.2224,1.2223,1.2224,25
2005-06-20 09:35:00,1.2225,1.2226,1.2224,1.2224,40
2005-06-20 09:36:00,1.2227,1.2227,1.2225,1.2225,40
2005-06-20 09:37:00,1.2229,1.2229,1.2226,1.2227,48
2005-06-20 09:38:00,1.2228,1.2229,1.2228,1.2229,57
2005-06-20 09:39:00,1.2228,1.2229,1.2227,1.2228,42
2005-06-20 09:40:00,1.2227,1.2229,1.2227,1.2229,30
2005-06-20 09:41:00,1.2226,1.2228,1.2226,1.2227,37
2005-06-20 09:42:00,1.2225,1.2227,1.2224,1.2226,44
2005-06-20 09:43:00,1.2226,1.2227,1.2224,1.2225,47
2005-06-20 09:44:00,1.2226,1.2226,1.2226,1.2226,8
2005-06-20 09:45:00,1.2226,1.2226,1.2226,1.2226,13
2005-06-20 09:46:00,1.2228,1.2228,1.2226,1.2227,50
2005-06-20 09:47:00,1.2227,1.2228,1.2226,1.2228,32
2005-06-20 09:48:00,1.2227,1.2228,1.2226,1.2227,28
2005-06-20 09:49:00,1.2227,1.2228,1.2226,1.2226,36
2005-06-20 09:50:00,1.2227,1.2227,1.2226,1.2227,33
2005-06-20 09:51:00,1.2225,1.2227,1.2225,1.2227,42
2005-06-20 09:52:00,1.2224,1.2225,1.2224,1.2225,14
2005-06-20 09:53:00,1.2226,1.2226,1.2224,1.2224,23
2005-06-20 09:54:00,1.2226,1.2226,1.2225,1.2226,27
2005-06-20 09:55:00,1.2225,1.2227,1.2225,1.2226,30
2005-06-20 09:56:00,1.2224,1.2225,1.2224,1.2225,25
2005-06-20 09:57:00,1.2223,1.2225,1.2222,1.2224,34
2005-06-20 09:58:00,1.2221,1.2224,1.2221,1.2223,39
2005-06-20 09:59:00,1.222,1.2221,1.2219,1.2221,50
2005-06-20 10:00:00,1.2217,1.222,1.2217,1.2219,43
2005-06-20 10:01:00,1.2217,1.2217,1.2215,1.2217,40
2005-06-20 10:02:00,1.2217,1.2218,1.2217,1.2217,36
2005-06-20 10:03:00,1.2216,1.2217,1.2216,1.2217,24
2005-06-20 10:04:00,1.2217,1.2217,1.2215,1.2216,30
2005-06-20 10:05:00,1.2217,1.2217,1.2217,1.2217,11
2005-06-20 10:06:00,1.2217,1.2218,1.2217,1.2217,31
2005-06-20 10:07:00,1.2218,1.2218,1.2217,1.2217,22
2005-06-20 10:08:00,1.2219,1.2219,1.2218,1.2218,47
2005-06-20 10:09:00,1.2219,1.222,1.2219,1.2219,22
2005-06-20 10:10:00,1.2221,1.2221,1.2219,1.2219,29
2005-06-20 10:11:00,1.2221,1.2221,1.222,1.2221,27
2005-06-20 10:12:00,1.2221,1.2221,1.2221,1.2221,17
2005-06-20 10:13:00,1.2221,1.2221,1.222,1.2221,28
2005-06-20 10:14:00,1.2221,1.2221,1.2221,1.2221,12
2005-06-20 10:15:00,1.222,1.2221,1.222,1.2221,16
2005-06-20 10:16:00,1.2219,1.2221,1.2219,1.222,41
2005-06-20 10:17:00,1.2219,1.222,1.2219,1.2219,22
2005-06-20 10:18:00,1.2219,1.2219,1.2219,1.2219,14
2005-06-20 10:19:00,1.2218,1.2219,1.2218,1.2219,34
2005-06-20 10:20:00,1.2219,1.2219,1.2218,1.2218,29
2005-06-20 10:21:00,1.222,1.2221,1.2219,1.2219,32
2005-06-20 10:22:00,1.222,1.2221,1.2219,1.2219,53
2005-06-20 10:23:00,1.2218,1.222,1.2218,1.222,41
2005-06-20 10:24:00,1.2218,1.2218,1.2218,1.2218,18
2005-06-20 10:25:00,1.2219,1.222,1.2218,1.2218,33
2005-06-20 10:26:00,1.2221,1.2221,1.2219,1.2219,36
2005-06-20 10:27:00,1.222,1.2221,1.222,1.2221,22
2005-06-20 10:28:00,1.2219,1.2221,1.2219,1.222,30
2005-06-20 10:29:00,1.2219,1.2219,1.2218,1.2219,29
2005-06-20 10:30:00,1.2219,1.222,1.2219,1.2219,42
2005-06-20 10:31:00,1.2219,1.2219,1.2219,1.2219,36
2005-06-20 10:32:00,1.2219,1.222,1.2219,1.2219,40
2005-06-20 10:33:00,1.2223,1.2223,1.2219,1.2219,46
2005-06-20 10:34:00,1.2222,1.2224,1.2222,1.2223,43
2005-06-20 10:35:00,1.2222,1.2223,1.2222,1.2222,38
2005-06-20 10:36:00,1.2223,1.2223,1.2222,1.2222,10
2005-06-20 10:37:00,1.2222,1.2223,1.2222,1.2223,28
2005-06-20 10:38:00,1.2223,1.2223,1.2222,1.2222,39
2005-06-20 10:39:00,1.2222,1.2223,1.2222,1.2223,19
2005-06-20 10:40:00,1.2222,1.2223,1.2222,1.2222,33
2005-06-20 10:41:00,1.2217,1.2222,1.2217,1.2222,43
2005-06-20 10:42:00,1.2218,1.2219,1.2217,1.2217,40
2005-06-20 10:43:00,1.2218,1.2218,1.2218,1.2218,15
2005-06-20 10:44:00,1.2217,1.2218,1.2217,1.2218,31
2005-06-20 10:45:00,1.2219,1.2219,1.2216,1.2217,47
2005-06-20 10:46:00,1.2219,1.222,1.2218,1.2219,42
2005-06-20 10:47:00,1.222,1.2221,1.2217,1.2219,45
2005-06-20 10:48:00,1.2219,1.222,1.2219,1.222,21
2005-06-20 10:49:00,1.2219,1.222,1.2219,1.2219,28
2005-06-20 10:50:00,1.2219,1.222,1.2219,1.2219,22
2005-06-20 10:51:00,1.2219,1.222,1.2219,1.222,37
2005-06-20 10:52:00,1.2219,1.2219,1.2219,1.2219,15
2005-06-20 10:53:00,1.2218,1.2219,1.2218,1.2219,23
2005-06-20 10:54:00,1.2219,1.2219,1.2218,1.2218,29
2005-06-20 10:55:00,1.2217,1.2219,1.2217,1.2219,40
2005-06-20 10:56:00,1.2218,1.2218,1.2217,1.2217,32
2005-06-20 10:57:00,1.2218,1.2218,1.2217,1.2218,38
2005-06-20 10:58:00,1.2219,1.2219,1.2217,1.2218,34
2005-06-20 10:59:00,1.2219,1.222,1.2219,1.2219,34
2005-06-20 11:00:00,1.2218,1.2219,1.2217,1.2219,33
2005-06-20 11:01:00,1.2218,1.2219,1.2218,1.2218,32
2005-06-20 11:02:00,1.2219,1.2219,1.2218,1.2218,38
2005-06-20 11:03:00,1.2219,1.2219,1.2219,1.2219,18
2005-06-20 11:04:00,1.2219,1.2219,1.2219,1.2219,7
2005-06-20 11:05:00,1.2219,1.2219,1.2218,1.2219,25
2005-06-20 11:06:00,1.2218,1.2219,1.2218,1.2219,29
2005-06-20 11:07:00,1.2215,1.2218,1.2214,1.2218,43
2005-06-20 11:08:00,1.2216,1.2216,1.2215,1.2215,48
2005-06-20 11:09:00,1.2215,1.2217,1.2215,1.2216,30
2005-06-20 11:10:00,1.221,1.2215,1.221,1.2215,39
2005-06-20 11:11:00,1.221,1.2212,1.221,1.221,42
2005-06-20 11:12:00,1.221,1.2211,1.221,1.221,38
2005-06-20 11:13:00,1.2211,1.2211,1.2208,1.221,48
2005-06-20 11:14:00,1.2211,1.2212,1.221,1.2211,40
2005-06-20 11:15:00,1.2214,1.2214,1.2211,1.2211,48
2005-06-20 11:16:00,1.2214,1.2216,1.2213,1.2214,39
2005-06-20 11:17:00,1.2214,1.2216,1.2214,1.2215,43
2005-06-20 11:18:00,1.2214,1.2214,1.2213,1.2214,36
2005-06-20 11:19:00,1.2214,1.2214,1.2214,1.2214,19
2005-06-20 11:20:00,1.2212,1.2214,1.2212,1.2214,28
2005-06-20 11:21:00,1.2212,1.2213,1.2212,1.2212,29
2005-06-20 11:22:00,1.2213,1.2213,1.2212,1.2212,35
2005-06-20 11:23:00,1.2214,1.2214,1.2213,1.2213,24
2005-06-20 11:24:00,1.2214,1.2215,1.2214,1.2214,41
2005-06-20 11:25:00,1.2212,1.2215,1.2212,1.2214,40
2005-06-20 11:26:00,1.2212,1.2212,1.2211,1.2212,31
2005-06-20 11:27:00,1.2212,1.2213,1.2212,1.2212,35
2005-06-20 11:28:00,1.2212,1.2212,1.2211,1.2212,22
2005-06-20 11:29:00,1.2212,1.2212,1.2211,1.2212,29
2005-06-20 11:30:00,1.2212,1.2212,1.2211,1.2212,40
2005-06-20 11:31:00,1.221,1.2212,1.221,1.2212,30
2005-06-20 11:32:00,1.2211,1.2213,1.221,1.221,48
2005-06-20 11:33:00,1.2211,1.2211,1.2211,1.2211,21
2005-06-20 11:34:00,1.221,1.2211,1.221,1.2211,32
2005-06-20 11:35:00,1.2211,1.2212,1.221,1.221,40
2005-06-20 11:36:00,1.2213,1.2213,1.2211,1.2211,41
2005-06-20 11:37:00,1.2213,1.2213,1.2212,1.2213,32
2005-06-20 11:38:00,1.2212,1.2213,1.2212,1.2213,34
2005-06-20 11:39:00,1.2213,1.2213,1.2212,1.2212,28
2005-06-20 11:40:00,1.2211,1.2212,1.2211,1.2212,31
2005-06-20 11:41:00,1.221,1.2212,1.221,1.2211,41
2005-06-20 11:42:00,1.2208,1.221,1.2208,1.221,36
2005-06-20 11:43:00,1.2208,1.2209,1.2208,1.2208,41
2005-06-20 11:44:00,1.2208,1.2208,1.2207,1.2207,42
2005-06-20 11:45:00,1.2208,1.2209,1.2207,1.2207,45
2005-06-20 11:46:00,1.2208,1.2208,1.2207,1.2208,34
2005-06-20 11:47:00,1.221,1.221,1.2207,1.2207,56
2005-06-20 11:48:00,1.221,1.2211,1.221,1.221,37
2005-06-20 11:49:00,1.2211,1.2212,1.2209,1.221,49
2005-06-20 11:50:00,1.2212,1.2212,1.221,1.2211,41
2005-06-20 11:51:00,1.2211,1.2212,1.2211,1.2212,37
2005-06-20 11:52:00,1.2211,1.2211,1.2211,1.2211,11
2005-06-20 11:53:00,1.2211,1.2211,1.2211,1.2211,14
2005-06-20 11:54:00,1.2211,1.2212,1.221,1.221,40
2005-06-20 11:55:00,1.2213,1.2214,1.2211,1.2211,44
2005-06-20 11:56:00,1.2213,1.2213,1.2212,1.2213,31
2005-06-20 11:57:00,1.2213,1.2214,1.2212,1.2213,39
2005-06-20 11:58:00,1.2214,1.2215,1.2213,1.2213,41
2005-06-20 11:59:00,1.2213,1.2214,1.2213,1.2214,26
2005-06-20 12:00:00,1.2214,1.2214,1.2213,1.2213,41
2005-06-20 12:01:00,1.2213,1.2215,1.2213,1.2214,41
2005-06-20 12:02:00,1.2215,1.2215,1.2213,1.2213,38
2005-06-20 12:03:00,1.2215,1.2216,1.2215,1.2215,25
2005-06-20 12:04:00,1.2215,1.2215,1.2215,1.2215,21
2005-06-20 12:05:00,1.2215,1.2215,1.2214,1.2215,20
2005-06-20 12:06:00,1.2215,1.2215,1.2215,1.2215,11
2005-06-20 12:07:00,1.2215,1.2215,1.2214,1.2215,21
2005-06-20 12:08:00,1.2215,1.2215,1.2214,1.2215,25
2005-06-20 12:09:00,1.2215,1.2216,1.2214,1.2214,32
2005-06-20 12:10:00,1.2214,1.2216,1.2214,1.2215,33
2005-06-20 12:11:00,1.2212,1.2214,1.2212,1.2214,42
2005-06-20 12:12:00,1.2212,1.2213,1.2212,1.2212,42
2005-06-20 12:13:00,1.2212,1.2212,1.2211,1.2212,32
2005-06-20 12:14:00,1.2211,1.2212,1.2211,1.2212,47
2005-06-20 12:15:00,1.2212,1.2212,1.2211,1.2211,42
2005-06-20 12:16:00,1.221,1.2212,1.221,1.2212,38
2005-06-20 12:17:00,1.221,1.221,1.221,1.221,25
2005-06-20 12:18:00,1.2211,1.2211,1.221,1.221,33
2005-06-20 12:19:00,1.2214,1.2214,1.2211,1.2211,49
2005-06-20 12:20:00,1.2215,1.2215,1.2213,1.2214,42
2005-06-20 12:21:00,1.2214,1.2215,1.2214,1.2215,43
2005-06-20 12:22:00,1.2215,1.2215,1.2214,1.2214,40
2005-06-20 12:23:00,1.2214,1.2216,1.2214,1.2215,36
2005-06-20 12:24:00,1.2215,1.2215,1.2214,1.2214,31
2005-06-20 12:25:00,1.2214,1.2215,1.2214,1.2215,30
2005-06-20 12:26:00,1.2216,1.2216,1.2214,1.2214,35
2005-06-20 12:27:00,1.2216,1.2216,1.2215,1.2216,28
2005-06-20 12:28:00,1.2215,1.2216,1.2214,1.2216,37
2005-06-20 12:29:00,1.2215,1.2215,1.2215,1.2215,21
2005-06-20 12:30:00,1.2218,1.2218,1.2215,1.2215,29
2005-06-20 12:31:00,1.2219,1.2219,1.2218,1.2218,38
2005-06-20 12:32:00,1.2221,1.2221,1.2218,1.2219,47
2005-06-20 12:33:00,1.2223,1.2224,1.222,1.2221,48
2005-06-20 12:34:00,1.2222,1.2224,1.2221,1.2222,55
2005-06-20 12:35:00,1.2214,1.2222,1.221,1.2222,64
2005-06-20 12:36:00,1.2202,1.2214,1.2202,1.2214,53
2005-06-20 12:37:00,1.2194,1.2203,1.2193,1.2203,62
2005-06-20 12:38:00,1.219,1.2197,1.2189,1.2195,56
2005-06-20 12:39:00,1.2192,1.2193,1.219,1.219,55
2005-06-20 12:40:00,1.2196,1.2198,1.2191,1.2192,49
2005-06-20 12:41:00,1.2192,1.2197,1.2192,1.2196,45
2005-06-20 12:42:00,1.2187,1.2194,1.2187,1.2191,54
2005-06-20 12:43:00,1.2187,1.2191,1.2187,1.2187,47
2005-06-20 12:44:00,1.2186,1.219,1.2185,1.2187,53
2005-06-20 12:45:00,1.2183,1.2187,1.2183,1.2187,54
2005-06-20 12:46:00,1.218,1.2183,1.2179,1.2183,47
2005-06-20 12:47:00,1.2179,1.218,1.2176,1.218,53
2005-06-20 12:48:00,1.2179,1.2182,1.2178,1.2179,48
2005-06-20 12:49:00,1.2173,1.2179,1.2173,1.2178,52
2005-06-20 12:50:00,1.2177,1.2177,1.2173,1.2173,54
2005-06-20 12:51:00,1.2177,1.2178,1.2176,1.2177,49
2005-06-20 12:52:00,1.2177,1.218,1.2176,1.2177,53
2005-06-20 12:53:00,1.218,1.2181,1.2177,1.2177,41
2005-06-20 12:54:00,1.2186,1.2186,1.2179,1.2179,53
2005-06-20 12:55:00,1.2184,1.2187,1.2184,1.2186,47
2005-06-20 12:56:00,1.2183,1.2186,1.2183,1.2184,48
2005-06-20 12:57:00,1.218,1.2184,1.218,1.2183,43
2005-06-20 12:58:00,1.2178,1.2181,1.2177,1.218,49
2005-06-20 12:59:00,1.2178,1.2181,1.2177,1.2178,56
2005-06-20 13:00:00,1.217,1.2178,1.2169,1.2178,55
2005-06-20 13:01:00,1.2166,1.217,1.2165,1.217,58
2005-06-20 13:02:00,1.2166,1.2167,1.2164,1.2166,52
2005-06-20 13:03:00,1.2167,1.2168,1.2165,1.2167,52
2005-06-20 13:04:00,1.2166,1.2168,1.2166,1.2167,40
2005-06-20 13:05:00,1.2163,1.2165,1.2161,1.2165,55
2005-06-20 13:06:00,1.2162,1.2163,1.2161,1.2163,48
2005-06-20 13:07:00,1.2166,1.2166,1.216,1.2163,50
2005-06-20 13:08:00,1.2167,1.2167,1.2165,1.2166,46
2005-06-20 13:09:00,1.2161,1.2167,1.216,1.2166,48
2005-06-20 13:10:00,1.21664,1.2167,1.2161,1.2161,54
2005-06-20 13:11:00,1.21684,1.21684,1.21664,1.21664,54
2005-06-20 13:12:00,1.21684,1.21704,1.21684,1.21694,48
2005-06-20 13:13:00,1.21684,1.21704,1.21674,1.21684,46
2005-06-20 13:14:00,1.21686,1.21694,1.21654,1.21674,44
2005-06-20 13:15:00,1.21706,1.21716,1.21656,1.21676,45
2005-06-20 13:16:00,1.21646,1.21716,1.21636,1.21716,51
2005-06-20 13:17:00,1.21656,1.21666,1.21636,1.21646,40
2005-06-20 13:18:00,1.21626,1.21666,1.21626,1.21666,51
2005-06-20 13:19:00,1.21626,1.21636,1.21596,1.21626,51
2005-06-20 13:20:00,1.21646,1.21646,1.21596,1.21626,53
2005-06-20 13:21:00,1.21666,1.21676,1.21636,1.21646,42
2005-06-20 13:22:00,1.21646,1.21666,1.21646,1.21666,42
2005-06-20 13:23:00,1.21666,1.21676,1.21646,1.21646,37
2005-06-20 13:24:00,1.21696,1.21696,1.21666,1.21666,37
2005-06-20 13:25:00,1.2171,1.2171,1.2167,1.21696,44
2005-06-20 13:26:00,1.2174,1.2174,1.217,1.2171,44
2005-06-20 13:27:00,1.21748,1.2177,1.2173,1.2174,43
2005-06-20 13:28:00,1.21716,1.21758,1.21716,1.21758,49
2005-06-20 13:29:00,1.21726,1.21736,1.21716,1.21716,44
2005-06-20 13:30:00,1.21696,1.21726,1.21696,1.21726,41
2005-06-20 13:31:00,1.21726,1.21736,1.21686,1.21696,45
2005-06-20 13:32:00,1.21756,1.21766,1.21726,1.21726,48
2005-06-20 13:33:00,1.21736,1.21756,1.21736,1.21756,44
2005-06-20 13:34:00,1.21716,1.21746,1.21716,1.21736,42
2005-06-20 13:35:00,1.21736,1.21736,1.21706,1.21716,50
2005-06-20 13:36:00,1.21726,1.21736,1.21726,1.21736,30
2005-06-20 13:37:00,1.21716,1.21726,1.21696,1.21726,53
2005-06-20 13:38:00,1.21706,1.21716,1.21696,1.21716,44
2005-06-20 13:39:00,1.21696,1.21706,1.21696,1.21706,31
2005-06-20 13:40:00,1.21666,1.21696,1.21666,1.21696,43
2005-06-20 13:41:00,1.21686,1.21686,1.21666,1.21666,46
2005-06-20 13:42:00,1.21676,1.21686,1.21666,1.21686,28
2005-06-20 13:43:00,1.21646,1.21686,1.21646,1.21676,52
2005-06-20 13:44:00,1.21636,1.21656,1.21626,1.21656,44
2005-06-20 13:45:00,1.21616,1.21636,1.21616,1.21636,54
2005-06-20 13:46:00,1.21594,1.21616,1.21586,1.21616,50
2005-06-20 13:47:00,1.21546,1.21584,1.21516,1.21584,58
2005-06-20 13:48:00,1.21416,1.21546,1.21406,1.21546,60
2005-06-20 13:49:00,1.21404,1.21426,1.21338,1.21416,64
2005-06-20 13:50:00,1.21384,1.21424,1.21364,1.21404,56
2005-06-20 13:51:00,1.21414,1.21414,1.21374,1.21384,55
2005-06-20 13:52:00,1.21434,1.21444,1.21404,1.21404,42
2005-06-20 13:53:00,1.21404,1.21444,1.21394,1.21444,49
2005-06-20 13:54:00,1.21384,1.21404,1.21364,1.21404,55
2005-06-20 13:55:00,1.21454,1.21454,1.21384,1.21384,48
2005-06-20 13:56:00,1.21444,1.21454,1.21424,1.21454,42
2005-06-20 13:57:00,1.21454,1.21454,1.21424,1.21444,43
2005-06-20 13:58:00,1.21504,1.21514,1.21454,1.21454,47
2005-06-20 13:59:00,1.21504,1.21514,1.21484,1.21504,49
2005-06-20 14:00:00,1.21494,1.21534,1.21484,1.21504,51
2005-06-20 14:01:00,1.21514,1.21514,1.21454,1.21484,61
2005-06-20 14:02:00,1.21484,1.21514,1.21474,1.21514,43
2005-06-20 14:03:00,1.21474,1.21504,1.21474,1.21494,59
2005-06-20 14:04:00,1.21454,1.21484,1.21444,1.21474,41
2005-06-20 14:05:00,1.21464,1.21464,1.21424,1.21454,48
2005-06-20 14:06:00,1.21434,1.21464,1.21424,1.21464,38
2005-06-20 14:07:00,1.21384,1.21444,1.21364,1.21434,48
2005-06-20 14:08:00,1.21384,1.21384,1.21364,1.21374,44
2005-06-20 14:09:00,1.21384,1.21384,1.21354,1.21384,40
2005-06-20 14:10:00,1.21404,1.21404,1.21384,1.21394,45
2005-06-20 14:11:00,1.21434,1.21434,1.21394,1.21404,43
2005-06-20 14:12:00,1.21424,1.21444,1.21414,1.21434,46
2005-06-20 14:13:00,1.21434,1.21444,1.21424,1.21434,48
2005-06-20 14:14:00,1.21414,1.21434,1.21414,1.21434,44
2005-06-20 14:15:00,1.21424,1.21424,1.21394,1.21414,48
2005-06-20 14:16:00,1.21434,1.21434,1.21414,1.21424,49
2005-06-20 14:17:00,1.21414,1.21444,1.21414,1.21434,30
2005-06-20 14:18:00,1.21384,1.21424,1.21384,1.21414,36
2005-06-20 14:19:00,1.21384,1.21394,1.21364,1.21384,43
2005-06-20 14:20:00,1.21394,1.21394,1.21364,1.21384,41
2005-06-20 14:21:00,1.21398,1.21408,1.21394,1.21394,38
2005-06-20 14:22:00,1.21418,1.21418,1.21388,1.21398,35
2005-06-20 14:23:00,1.21408,1.21428,1.21408,1.21418,45
2005-06-20 14:24:00,1.21394,1.21424,1.21394,1.21408,45
2005-06-20 14:25:00,1.21404,1.21404,1.21374,1.21394,38
2005-06-20 14:26:00,1.21404,1.21424,1.21394,1.21414,46
2005-06-20 14:27:00,1.21394,1.21414,1.21394,1.21404,35
2005-06-20 14:28:00,1.21424,1.21424,1.21394,1.21394,42
2005-06-20 14:29:00,1.21424,1.21434,1.21424,1.21424,44
2005-06-20 14:30:00,1.21374,1.21424,1.21354,1.21414,52
2005-06-20 14:31:00,1.21344,1.21384,1.21334,1.21374,49
2005-06-20 14:32:00,1.21346,1.21346,1.21314,1.21334,38
2005-06-20 14:33:00,1.21356,1.21366,1.21326,1.21346,48
2005-06-20 14:34:00,1.2128,1.21356,1.21276,1.21356,52
2005-06-20 14:35:00,1.2127,1.213,1.2126,1.2129,48
2005-06-20 14:36:00,1.2127,1.2129,1.2126,1.2127,38
2005-06-20 14:37:00,1.213,1.213,1.2127,1.2128,45
2005-06-20 14:38:00,1.21286,1.2132,1.21286,1.213,41
2005-06-20 14:39:00,1.21296,1.21306,1.21276,1.21286,49
2005-06-20 14:40:00,1.21326,1.21326,1.21286,1.21296,48
2005-06-20 14:41:00,1.21336,1.21346,1.21326,1.21326,45
2005-06-20 14:42:00,1.21346,1.21356,1.21326,1.21336,36
2005-06-20 14:43:00,1.21356,1.21356,1.21346,1.21346,46
2005-06-20 14:44:00,1.21386,1.21396,1.21366,1.21366,49
2005-06-20 14:45:00,1.21366,1.21396,1.21366,1.21386,49
2005-06-20 14:46:00,1.21346,1.21366,1.21346,1.21366,48
2005-06-20 14:47:00,1.21346,1.21346,1.21336,1.21346,38
2005-06-20 14:48:00,1.21356,1.21356,1.21326,1.21346,48
2005-06-20 14:49:00,1.21346,1.21356,1.21336,1.21346,42
2005-06-20 14:50:00,1.21366,1.21376,1.21346,1.21346,43
2005-06-20 14:51:00,1.21356,1.21366,1.21346,1.21366,50
2005-06-20 14:52:00,1.21386,1.21396,1.21346,1.21356,49
2005-06-20 14:53:00,1.21386,1.21386,1.21386,1.21386,18
2005-06-20 14:54:00,1.21376,1.21396,1.21366,1.21386,40
2005-06-20 14:55:00,1.21366,1.21376,1.21356,1.21376,45
2005-06-20 14:56:00,1.21376,1.21386,1.21366,1.21366,36
2005-06-20 14:57:00,1.21366,1.21376,1.21356,1.21376,32
2005-06-20 14:58:00,1.21366,1.21366,1.21346,1.21366,44
2005-06-20 14:59:00,1.21356,1.21376,1.21356,1.21366,34
2005-06-20 15:00:00,1.21394,1.21394,1.21346,1.21356,48
2005-06-20 15:01:00,1.21384,1.21394,1.21384,1.21394,32
2005-06-20 15:02:00,1.21384,1.21394,1.21374,1.21384,41
2005-06-20 15:03:00,1.21374,1.21384,1.21364,1.21384,39
2005-06-20 15:04:00,1.21374,1.21374,1.21364,1.21374,31
2005-06-20 15:05:00,1.21374,1.21374,1.21364,1.21364,37
2005-06-20 15:06:00,1.21374,1.21384,1.21374,1.21374,27
2005-06-20 15:07:00,1.21374,1.21374,1.21354,1.21374,33
2005-06-20 15:08:00,1.21374,1.21374,1.21354,1.21374,34
2005-06-20 15:09:00,1.21394,1.21394,1.21374,1.21374,34
2005-06-20 15:10:00,1.21444,1.21444,1.21384,1.21394,47
2005-06-20 15:11:00,1.21424,1.21444,1.21414,1.21444,40
2005-06-20 15:12:00,1.21424,1.21424,1.21414,1.21424,34
2005-06-20 15:13:00,1.21404,1.21414,1.21394,1.21414,46
2005-06-20 15:14:00,1.21404,1.21414,1.21394,1.21414,42
2005-06-20 15:15:00,1.21404,1.21434,1.21404,1.21404,45
2005-06-20 15:16:00,1.21364,1.21404,1.21354,1.21404,46
2005-06-20 15:17:00,1.21334,1.21364,1.21324,1.21364,61
2005-06-20 15:18:00,1.21324,1.21354,1.21304,1.21334,44
2005-06-20 15:19:00,1.21354,1.21354,1.21324,1.21324,46
2005-06-20 15:20:00,1.21384,1.21384,1.21344,1.21344,45
2005-06-20 15:21:00,1.21354,1.21384,1.21334,1.21384,51
2005-06-20 15:22:00,1.21344,1.21374,1.21344,1.21354,36
2005-06-20 15:23:00,1.21344,1.21354,1.21344,1.21344,33
2005-06-20 15:24:00,1.21324,1.21354,1.21324,1.21344,40
2005-06-20 15:25:00,1.21324,1.21334,1.21324,1.21324,38
2005-06-20 15:26:00,1.21334,1.21344,1.21324,1.21324,42
2005-06-20 15:27:00,1.21334,1.21344,1.21324,1.21334,23
2005-06-20 15:28:00,1.21334,1.21334,1.21334,1.21334,25
2005-06-20 15:29:00,1.21334,1.21334,1.21324,1.21334,29
2005-06-20 15:30:00,1.21334,1.21344,1.21334,1.21334,38
2005-06-20 15:31:00,1.21314,1.21344,1.21314,1.21344,46
2005-06-20 15:32:00,1.21324,1.21344,1.21324,1.21324,48
2005-06-20 15:33:00,1.21304,1.21324,1.21304,1.21324,46
2005-06-20 15:34:00,1.21304,1.21304,1.21284,1.21304,43
2005-06-20 15:35:00,1.21294,1.21314,1.21294,1.21304,44
2005-06-20 15:36:00,1.21294,1.21304,1.21284,1.21294,32
2005-06-20 15:37:00,1.21294,1.21304,1.21274,1.21294,43
2005-06-20 15:38:00,1.21324,1.21334,1.21294,1.21294,47
2005-06-20 15:39:00,1.21324,1.21334,1.21314,1.21324,39
2005-06-20 15:40:00,1.21294,1.21324,1.21274,1.21324,48
2005-06-20 15:41:00,1.21314,1.21314,1.21294,1.21294,38
2005-06-20 15:42:00,1.21314,1.21324,1.21304,1.21314,39
2005-06-20 15:43:00,1.21354,1.21354,1.21304,1.21314,36
2005-06-20 15:44:00,1.21384,1.21394,1.21354,1.21354,46
2005-06-20 15:45:00,1.21384,1.21404,1.21384,1.21384,42
2005-06-20 15:46:00,1.21414,1.21414,1.21384,1.21394,51
2005-06-20 15:47:00,1.21394,1.21414,1.21384,1.21414,50
2005-06-20 15:48:00,1.21394,1.21404,1.21384,1.21394,49
2005-06-20 15:49:00,1.21384,1.21394,1.21384,1.21384,33
2005-06-20 15:50:00,1.21384,1.21384,1.21384,1.21384,22
2005-06-20 15:51:00,1.21374,1.21384,1.21374,1.21384,8
2005-06-20 15:52:00,1.21374,1.21374,1.21354,1.21374,44
2005-06-20 15:53:00,1.21384,1.21384,1.21374,1.21374,28
2005-06-20 15:54:00,1.21394,1.21394,1.21384,1.21384,39
2005-06-20 15:55:00,1.21424,1.21424,1.21394,1.21394,36
2005-06-20 15:56:00,1.21394,1.21424,1.21384,1.21424,43
2005-06-20 15:57:00,1.21424,1.21424,1.21394,1.21394,37
2005-06-20 15:58:00,1.21394,1.21434,1.21394,1.21424,41
2005-06-20 15:59:00,1.21404,1.21404,1.21394,1.21394,31
2005-06-20 16:00:00,1.21384,1.21404,1.21384,1.21404,31
2005-06-20 16:01:00,1.21384,1.21394,1.21374,1.21384,42
2005-06-20 16:02:00,1.21384,1.21384,1.21384,1.21384,10
2005-06-20 16:03:00,1.21394,1.21404,1.21384,1.21384,26
2005-06-20 16:04:00,1.21394,1.21394,1.21394,1.21394,11
2005-06-20 16:05:00,1.21394,1.21404,1.21394,1.21394,27
2005-06-20 16:06:00,1.21384,1.21394,1.21374,1.21384,29
2005-06-20 16:07:00,1.21384,1.21394,1.21384,1.21384,12
2005-06-20 16:08:00,1.21384,1.21394,1.21384,1.21384,42
2005-06-20 16:09:00,1.21374,1.21384,1.21374,1.21384,26
2005-06-20 16:10:00,1.21364,1.21374,1.21364,1.21374,28
2005-06-20 16:11:00,1.21394,1.21404,1.21364,1.21364,35
2005-06-20 16:12:00,1.21424,1.21424,1.21404,1.21404,43
2005-06-20 16:13:00,1.21464,1.21464,1.21424,1.21424,41
2005-06-20 16:14:00,1.21464,1.21464,1.21444,1.21454,45
2005-06-20 16:15:00,1.21454,1.21464,1.21444,1.21464,38
2005-06-20 16:16:00,1.21454,1.21454,1.21444,1.21454,36
2005-06-20 16:17:00,1.21454,1.21454,1.21444,1.21454,27
2005-06-20 16:18:00,1.21474,1.21474,1.21444,1.21454,39
2005-06-20 16:19:00,1.21464,1.21484,1.21464,1.21474,32
2005-06-20 16:20:00,1.21474,1.21494,1.21464,1.21464,44
2005-06-20 16:21:00,1.21474,1.21484,1.21474,1.21474,30
2005-06-20 16:22:00,1.21478,1.21484,1.21468,1.21474,28
2005-06-20 16:23:00,1.21488,1.21488,1.21478,1.21478,36
2005-06-20 16:24:00,1.21488,1.21488,1.21488,1.21488,13
2005-06-20 16:25:00,1.21488,1.21488,1.21488,1.21488,9
2005-06-20 16:26:00,1.21488,1.21498,1.21488,1.21488,28
2005-06-20 16:27:00,1.21478,1.21498,1.21468,1.21488,43
2005-06-20 16:28:00,1.21458,1.21478,1.21458,1.21478,42
2005-06-20 16:29:00,1.21468,1.21478,1.21458,1.21458,35
2005-06-20 16:30:00,1.21468,1.21468,1.21468,1.21468,14
2005-06-20 16:31:00,1.21478,1.21478,1.21468,1.21468,20
2005-06-20 16:32:00,1.21458,1.21478,1.21458,1.21468,29
2005-06-20 16:33:00,1.21458,1.21458,1.21458,1.21458,16
2005-06-20 16:34:00,1.21448,1.21458,1.21448,1.21458,13
2005-06-20 16:35:00,1.21458,1.21458,1.21448,1.21448,17
2005-06-20 16:36:00,1.21458,1.21458,1.21458,1.21458,18
2005-06-20 16:37:00,1.21438,1.21458,1.21438,1.21458,44
2005-06-20 16:38:00,1.21428,1.21438,1.21428,1.21438,26
2005-06-20 16:39:00,1.21438,1.21438,1.21418,1.21428,29
2005-06-20 16:40:00,1.21428,1.21438,1.21428,1.21438,21
2005-06-20 16:41:00,1.21438,1.21438,1.21418,1.21428,19
2005-06-20 16:42:00,1.21438,1.21438,1.21438,1.21438,11
2005-06-20 16:43:00,1.21448,1.21448,1.21428,1.21438,38
2005-06-20 16:44:00,1.21448,1.21448,1.21448,1.21448,8
2005-06-20 16:45:00,1.21448,1.21458,1.21448,1.21448,15
2005-06-20 16:46:00,1.21478,1.21498,1.21448,1.21448,57
2005-06-20 16:47:00,1.21488,1.21488,1.21478,1.21478,29
2005-06-20 16:48:00,1.21488,1.21498,1.21478,1.21488,26
2005-06-20 16:49:00,1.21488,1.21488,1.21478,1.21488,25
2005-06-20 16:50:00,1.21478,1.21488,1.21478,1.21488,17
2005-06-20 16:51:00,1.21478,1.21478,1.21468,1.21478,23
2005-06-20 16:52:00,1.21488,1.21488,1.21478,1.21478,36
2005-06-20 16:53:00,1.21512,1.21528,1.21488,1.21488,49
2005-06-20 16:54:00,1.21522,1.21532,1.21502,1.21502,48
2005-06-20 16:55:00,1.21522,1.21532,1.21512,1.21522,46
2005-06-20 16:56:00,1.21522,1.21552,1.21522,1.21522,45
2005-06-20 16:57:00,1.21492,1.21522,1.21492,1.21522,44
2005-06-20 16:58:00,1.21472,1.21502,1.21472,1.21492,54
2005-06-20 16:59:00,1.21512,1.21512,1.21472,1.21472,53
2005-06-20 17:00:00,1.21522,1.21522,1.21512,1.21512,39
2005-06-20 17:01:00,1.2151,1.2152,1.2151,1.2152,34
2005-06-20 17:02:00,1.2151,1.2151,1.2151,1.2151,14
2005-06-20 17:03:00,1.2151,1.2152,1.2151,1.2151,16
2005-06-20 17:04:00,1.215,1.2152,1.2149,1.2151,31
2005-06-20 17:05:00,1.2149,1.215,1.2148,1.215,39
2005-06-20 17:06:00,1.2149,1.2149,1.2149,1.2149,7
2005-06-20 17:07:00,1.215,1.215,1.2149,1.2149,12
2005-06-20 17:08:00,1.2149,1.215,1.2149,1.215,21
2005-06-20 17:09:00,1.2148,1.215,1.2148,1.2149,31
2005-06-20 17:10:00,1.2149,1.2149,1.2148,1.2149,26
2005-06-20 17:11:00,1.2149,1.2149,1.2149,1.2149,15
2005-06-20 17:12:00,1.2146,1.2149,1.2146,1.2149,37
2005-06-20 17:13:00,1.2147,1.2148,1.2146,1.2146,34
2005-06-20 17:14:00,1.2147,1.2148,1.2147,1.2147,34
2005-06-20 17:15:00,1.2146,1.2147,1.2146,1.2147,24
2005-06-20 17:16:00,1.2147,1.2147,1.2147,1.2147,18
2005-06-20 17:17:00,1.2146,1.2147,1.2146,1.2147,44
2005-06-20 17:18:00,1.2145,1.2147,1.2145,1.2146,34
2005-06-20 17:19:00,1.2145,1.2146,1.2145,1.2145,24
2005-06-20 17:20:00,1.2146,1.2146,1.2145,1.2145,19
2005-06-20 17:21:00,1.2146,1.2147,1.2146,1.2147,30
2005-06-20 17:22:00,1.2144,1.2146,1.2144,1.2146,27
2005-06-20 17:23:00,1.2142,1.2144,1.2141,1.2143,44
2005-06-20 17:24:00,1.2142,1.2142,1.2141,1.2142,36
2005-06-20 17:25:00,1.2143,1.2143,1.2142,1.2142,32
2005-06-20 17:26:00,1.2144,1.2144,1.2143,1.2143,26
2005-06-20 17:27:00,1.2146,1.2146,1.2144,1.2144,21
2005-06-20 17:28:00,1.2145,1.2146,1.2145,1.2146,23
2005-06-20 17:29:00,1.2145,1.2146,1.2145,1.2145,45
2005-06-20 17:30:00,1.2144,1.2145,1.2144,1.2145,20
2005-06-20 17:31:00,1.2143,1.2144,1.2143,1.2144,41
2005-06-20 17:32:00,1.21456,1.21456,1.2143,1.2143,29
2005-06-20 17:33:00,1.21466,1.21466,1.21456,1.21456,25
2005-06-20 17:34:00,1.21476,1.21476,1.21456,1.21466,18
2005-06-20 17:35:00,1.21476,1.21486,1.21466,1.21476,40
2005-06-20 17:36:00,1.21476,1.21486,1.21476,1.21476,41
2005-06-20 17:37:00,1.21456,1.21476,1.21456,1.21476,32
2005-06-20 17:38:00,1.21446,1.21456,1.21436,1.21456,40
2005-06-20 17:39:00,1.21436,1.21446,1.21436,1.21446,23
2005-06-20 17:40:00,1.21426,1.21436,1.21426,1.21436,19
2005-06-20 17:41:00,1.21436,1.21436,1.21426,1.21426,20
2005-06-20 17:42:00,1.21446,1.21446,1.21436,1.21436,11
2005-06-20 17:43:00,1.21436,1.21446,1.21436,1.21446,25
2005-06-20 17:44:00,1.21446,1.21446,1.21436,1.21436,27
2005-06-20 17:45:00,1.21446,1.21446,1.21446,1.21446,7
2005-06-20 17:46:00,1.21446,1.21446,1.21446,1.21446,20
2005-06-20 17:47:00,1.21436,1.21446,1.21436,1.21446,37
2005-06-20 17:48:00,1.21436,1.21446,1.21436,1.21436,35
2005-06-20 17:49:00,1.21436,1.21436,1.21426,1.21436,26
2005-06-20 17:50:00,1.21426,1.21436,1.21426,1.21436,20
2005-06-20 17:51:00,1.21436,1.21436,1.21426,1.21426,25
2005-06-20 17:52:00,1.21436,1.21446,1.21426,1.21436,25
2005-06-20 17:53:00,1.21456,1.21456,1.21436,1.21436,49
2005-06-20 17:54:00,1.21446,1.21456,1.21446,1.21446,39
2005-06-20 17:55:00,1.21446,1.21446,1.21446,1.21446,18
2005-06-20 17:56:00,1.21456,1.21456,1.21446,1.21446,30
2005-06-20 17:57:00,1.21466,1.21466,1.21456,1.21456,31
2005-06-20 17:58:00,1.21466,1.21466,1.21456,1.21456,18
2005-06-20 17:59:00,1.21456,1.21466,1.21456,1.21466,15
2005-06-20 18:00:00,1.21476,1.21486,1.21456,1.21456,30
2005-06-20 18:01:00,1.21466,1.21476,1.21456,1.21476,39
2005-06-20 18:02:00,1.21456,1.21476,1.21456,1.21466,36
2005-06-20 18:03:00,1.21446,1.21466,1.21446,1.21456,40
2005-06-20 18:04:00,1.21416,1.21466,1.21416,1.21466,47
2005-06-20 18:05:00,1.21406,1.21436,1.21386,1.21416,53
2005-06-20 18:06:00,1.21416,1.21416,1.21406,1.21416,33
2005-06-20 18:07:00,1.21416,1.21426,1.21406,1.21406,38
2005-06-20 18:08:00,1.21426,1.21426,1.21416,1.21416,21
2005-06-20 18:09:00,1.21416,1.21426,1.21406,1.21426,32
2005-06-20 18:10:00,1.21416,1.21416,1.21396,1.21416,41
2005-06-20 18:11:00,1.21396,1.21416,1.21396,1.21416,27
2005-06-20 18:12:00,1.21406,1.21426,1.21396,1.21396,33
2005-06-20 18:13:00,1.21406,1.21416,1.21396,1.21406,42
2005-06-20 18:14:00,1.21376,1.21406,1.21376,1.21406,44
2005-06-20 18:15:00,1.21376,1.21386,1.21366,1.21376,27
2005-06-20 18:16:00,1.21366,1.21386,1.21366,1.21376,43
2005-06-20 18:17:00,1.21366,1.21376,1.21366,1.21366,27
2005-06-20 18:18:00,1.21386,1.21386,1.21366,1.21366,30
2005-06-20 18:19:00,1.21386,1.21396,1.21366,1.21386,37
2005-06-20 18:20:00,1.21386,1.21386,1.21376,1.21386,42
2005-06-20 18:21:00,1.21396,1.21396,1.21386,1.21386,34
2005-06-20 18:22:00,1.21396,1.21406,1.21386,1.21396,45
2005-06-20 18:23:00,1.21416,1.21416,1.21396,1.21396,33
2005-06-20 18:24:00,1.21446,1.21446,1.21416,1.21416,47
2005-06-20 18:25:00,1.21456,1.21456,1.21446,1.21446,46
2005-06-20 18:26:00,1.21456,1.21456,1.21446,1.21456,24
2005-06-20 18:27:00,1.21446,1.21456,1.21446,1.21456,20
2005-06-20 18:28:00,1.21446,1.21456,1.21446,1.21446,29
2005-06-20 18:29:00,1.21446,1.21446,1.21446,1.21446,11
2005-06-20 18:30:00,1.21456,1.21466,1.21446,1.21446,21
2005-06-20 18:31:00,1.21436,1.21456,1.21436,1.21456,37
2005-06-20 18:32:00,1.21436,1.21436,1.21426,1.21436,22
2005-06-20 18:33:00,1.21446,1.21446,1.21426,1.21426,53
2005-06-20 18:34:00,1.21446,1.21456,1.21436,1.21446,21
2005-06-20 18:35:00,1.21456,1.21466,1.21436,1.21446,43
2005-06-20 18:36:00,1.21456,1.21456,1.21446,1.21456,18
2005-06-20 18:37:00,1.21446,1.21456,1.21436,1.21456,39
2005-06-20 18:38:00,1.21456,1.21456,1.21456,1.21456,19
2005-06-20 18:39:00,1.21456,1.21466,1.21456,1.21456,25
2005-06-20 18:40:00,1.21466,1.21466,1.21456,1.21456,19
2005-06-20 18:41:00,1.21476,1.21486,1.21466,1.21466,29
2005-06-20 18:42:00,1.21476,1.21486,1.21476,1.21486,27
2005-06-20 18:43:00,1.21476,1.21476,1.21476,1.21476,22
2005-06-20 18:44:00,1.21476,1.21486,1.21476,1.21476,29
2005-06-20 18:45:00,1.21476,1.21486,1.21476,1.21476,21
2005-06-20 18:46:00,1.21486,1.21496,1.21476,1.21476,32
2005-06-20 18:47:00,1.21486,1.21486,1.21476,1.21486,18
2005-06-20 18:48:00,1.21486,1.21486,1.21486,1.21486,3
2005-06-20 18:49:00,1.21486,1.21486,1.21486,1.21486,2
2005-06-20 18:50:00,1.21476,1.21486,1.21476,1.21486,22
2005-06-20 18:51:00,1.21466,1.21496,1.21466,1.21486,48
2005-06-20 18:52:00,1.21466,1.21476,1.21466,1.21466,20
2005-06-20 18:53:00,1.21456,1.21476,1.21456,1.21466,50
2005-06-20 18:54:00,1.21456,1.21466,1.21456,1.21456,23
2005-06-20 18:55:00,1.21466,1.21476,1.21466,1.21466,27
2005-06-20 18:56:00,1.21466,1.21476,1.21466,1.21466,17
2005-06-20 18:57:00,1.21476,1.21476,1.21466,1.21466,14
2005-06-20 18:58:00,1.21466,1.21466,1.21456,1.21466,27
2005-06-20 18:59:00,1.21476,1.21476,1.21466,1.21466,29
2005-06-20 19:00:00,1.21466,1.21476,1.21456,1.21476,26
2005-06-20 19:01:00,1.21466,1.21466,1.21466,1.21466,24
2005-06-20 19:02:00,1.21476,1.21476,1.21456,1.21466,23
2005-06-20 19:03:00,1.21476,1.21476,1.21466,1.21476,27
2005-06-20 19:04:00,1.21476,1.21486,1.21476,1.21486,27
2005-06-20 19:05:00,1.21476,1.21476,1.21456,1.21476,38
2005-06-20 19:06:00,1.21466,1.21476,1.21466,1.21476,8
2005-06-20 19:07:00,1.21466,1.21476,1.21466,1.21476,17
2005-06-20 19:08:00,1.21476,1.21476,1.21466,1.21466,13
2005-06-20 19:09:00,1.21476,1.21486,1.21476,1.21486,20
2005-06-20 19:10:00,1.21466,1.21476,1.21466,1.21476,27
2005-06-20 19:11:00,1.21456,1.21476,1.21456,1.21466,37
2005-06-20 19:12:00,1.21468,1.21478,1.21456,1.21456,30
2005-06-20 19:13:00,1.21458,1.21468,1.21458,1.21468,18
2005-06-20 19:14:00,1.21468,1.21468,1.21458,1.21458,16
2005-06-20 19:15:00,1.21468,1.21468,1.21458,1.21458,25
2005-06-20 19:16:00,1.21468,1.21468,1.21468,1.21468,4
2005-06-20 19:17:00,1.21478,1.21478,1.21468,1.21468,12
2005-06-20 19:18:00,1.21468,1.21478,1.21468,1.21468,19
2005-06-20 19:19:00,1.21468,1.21468,1.21468,1.21468,5
2005-06-20 19:20:00,1.21478,1.21478,1.21468,1.21468,9
2005-06-20 19:21:00,1.21468,1.21478,1.21468,1.21478,17
2005-06-20 19:22:00,1.21468,1.21468,1.21458,1.21468,11
2005-06-20 19:23:00,1.21468,1.21468,1.21468,1.21468,6
2005-06-20 19:24:00,1.21468,1.21468,1.21458,1.21458,2
2005-06-20 19:25:00,1.21468,1.21468,1.21458,1.21468,24
2005-06-20 19:26:00,1.21468,1.21468,1.21468,1.21468,2
2005-06-20 19:27:00,1.21468,1.21468,1.21468,1.21468,2
2005-06-20 19:28:00,1.21468,1.21478,1.21468,1.21468,11
2005-06-20 19:29:00,1.21468,1.21468,1.21458,1.21468,21
2005-06-20 19:30:00,1.21468,1.21468,1.21458,1.21458,12
2005-06-20 19:31:00,1.21468,1.21468,1.21468,1.21468,27
2005-06-20 19:32:00,1.21438,1.21468,1.21428,1.21468,40
2005-06-20 19:33:00,1.21448,1.21448,1.21418,1.21438,43
2005-06-20 19:34:00,1.21438,1.21448,1.21438,1.21448,17
2005-06-20 19:35:00,1.21438,1.21438,1.21438,1.21438,6
2005-06-20 19:36:00,1.21428,1.21438,1.21428,1.21438,12
2005-06-20 19:37:00,1.21428,1.21438,1.21428,1.21428,11
2005-06-20 19:38:00,1.21438,1.21438,1.21428,1.21428,17
2005-06-20 19:39:00,1.21438,1.21438,1.21438,1.21438,9
2005-06-20 19:40:00,1.21458,1.21468,1.21438,1.21438,29
2005-06-20 19:41:00,1.21458,1.21468,1.21458,1.21458,28
2005-06-20 19:42:00,1.21448,1.21468,1.21448,1.21458,28
2005-06-20 19:43:00,1.21438,1.21448,1.21438,1.21448,20
2005-06-20 19:44:00,1.21438,1.21438,1.21428,1.21438,19
2005-06-20 19:45:00,1.21448,1.21448,1.21438,1.21438,30
2005-06-20 19:46:00,1.21448,1.21448,1.21448,1.21448,5
2005-06-20 19:47:00,1.21438,1.21448,1.21438,1.21448,15
2005-06-20 19:48:00,1.21438,1.21438,1.21438,1.21438,4
2005-06-20 19:49:00,1.21438,1.21438,1.21438,1.21438,11
2005-06-20 19:50:00,1.21448,1.21448,1.21438,1.21438,15
2005-06-20 19:51:00,1.21438,1.21448,1.21428,1.21448,15
2005-06-20 19:52:00,1.21438,1.21438,1.21438,1.21438,7
2005-06-20 19:53:00,1.21438,1.21438,1.21438,1.21438,6
2005-06-20 19:54:00,1.21448,1.21448,1.21438,1.21438,8
2005-06-20 19:55:00,1.21438,1.21448,1.21438,1.21448,10
2005-06-20 19:56:00,1.21438,1.21438,1.21438,1.21438,9
2005-06-20 19:57:00,1.21438,1.21438,1.21438,1.21438,15
2005-06-20 19:58:00,1.21428,1.21448,1.21428,1.21438,28
2005-06-20 19:59:00,1.21428,1.21428,1.21418,1.21418,27
2005-06-20 20:00:00,1.21428,1.21438,1.21418,1.21428,40
2005-06-20 20:01:00,1.21428,1.21428,1.21418,1.21428,20
2005-06-20 20:02:00,1.21428,1.21428,1.21428,1.21428,2
2005-06-20 20:03:00,1.21428,1.21428,1.21428,1.21428,2
2005-06-20 20:04:00,1.21438,1.21438,1.21428,1.21428,3
2005-06-20 20:05:00,1.21438,1.21438,1.21438,1.21438,2
2005-06-20 20:06:00,1.21428,1.21438,1.21428,1.21438,3
2005-06-20 20:07:00,1.21438,1.21448,1.21428,1.21428,8
2005-06-20 20:08:00,1.21428,1.21438,1.21428,1.21438,6
2005-06-20 20:09:00,1.21428,1.21438,1.21428,1.21438,6
2005-06-20 20:10:00,1.21428,1.21438,1.21428,1.21428,5
2005-06-20 20:11:00,1.21438,1.21438,1.21428,1.21428,6
2005-06-20 20:12:00,1.21428,1.21428,1.21428,1.21428,5
2005-06-20 20:13:00,1.21418,1.21438,1.21418,1.21438,7
2005-06-20 20:14:00,1.21408,1.21418,1.21408,1.21418,7
2005-06-20 20:15:00,1.21408,1.21418,1.21408,1.21418,6
2005-06-20 20:16:00,1.21418,1.21418,1.21408,1.21408,3
2005-06-20 20:17:00,1.21408,1.21418,1.21398,1.21408,16
2005-06-20 20:18:00,1.21412,1.21412,1.21408,1.21408,2
2005-06-20 20:19:00,1.21412,1.21412,1.21402,1.21412,4
2005-06-20 20:20:00,1.21402,1.21412,1.21402,1.21412,7
2005-06-20 20:21:00,1.21412,1.21412,1.21402,1.21402,7
2005-06-20 20:22:00,1.21412,1.21412,1.21412,1.21412,2
2005-06-20 20:23:00,1.21422,1.21432,1.21412,1.21412,6
2005-06-20 20:24:00,1.21412,1.21422,1.21412,1.21422,5
2005-06-20 20:25:00,1.21422,1.21422,1.21412,1.21412,7
2005-06-20 20:26:00,1.21432,1.21432,1.21422,1.21422,9
2005-06-20 20:27:00,1.21452,1.21452,1.21432,1.21432,6
2005-06-20 20:28:00,1.21442,1.21452,1.21432,1.21452,11
2005-06-20 20:29:00,1.21442,1.21442,1.21432,1.21432,5
2005-06-20 20:30:00,1.21432,1.21452,1.21432,1.21452,6
2005-06-20 20:31:00,1.21442,1.21442,1.21432,1.21432,4
2005-06-20 20:32:00,1.21442,1.21442,1.21442,1.21442,4
2005-06-20 20:33:00,1.21442,1.21442,1.21442,1.21442,2
2005-06-20 20:34:00,1.21442,1.21452,1.21442,1.21442,4
2005-06-20 20:35:00,1.21452,1.21462,1.21442,1.21442,5
2005-06-20 20:36:00,1.21452,1.21452,1.21452,1.21452,3
2005-06-20 20:37:00,1.21452,1.21452,1.21452,1.21452,2
2005-06-20 20:38:00,1.21462,1.21462,1.21452,1.21452,4
2005-06-20 20:39:00,1.21472,1.21472,1.21462,1.21462,4
2005-06-20 20:40:00,1.21482,1.21482,1.21472,1.21472,4
2005-06-20 20:41:00,1.21482,1.21492,1.21482,1.21482,6
2005-06-20 20:42:00,1.21482,1.21482,1.21472,1.21472,10
2005-06-20 20:43:00,1.21482,1.21482,1.21472,1.21482,5
2005-06-20 20:44:00,1.21482,1.21482,1.21472,1.21482,5
2005-06-20 20:45:00,1.21472,1.21482,1.21462,1.21482,8
2005-06-20 20:46:00,1.21462,1.21472,1.21462,1.21472,5
2005-06-20 20:47:00,1.21462,1.21482,1.21462,1.21482,11
2005-06-20 20:48:00,1.21472,1.21482,1.21462,1.21462,9
2005-06-20 20:49:00,1.21472,1.21482,1.21472,1.21482,3
2005-06-20 20:50:00,1.21472,1.21472,1.21472,1.21472,2
2005-06-20 20:51:00,1.21482,1.21492,1.21472,1.21472,7
2005-06-20 20:52:00,1.21472,1.21482,1.21472,1.21482,5
2005-06-20 20:53:00,1.21472,1.21482,1.21472,1.21472,7
2005-06-20 20:54:00,1.21482,1.21492,1.21472,1.21472,7
2005-06-20 20:55:00,1.21492,1.21502,1.21482,1.21492,8
2005-06-20 20:56:00,1.21502,1.21502,1.21492,1.21492,5
2005-06-20 20:57:00,1.21492,1.21492,1.21492,1.21492,3
2005-06-20 20:58:00,1.21502,1.21502,1.21482,1.21492,8
2005-06-20 20:59:00,1.21552,1.21562,1.21482,1.21492,19
2005-06-20 21:00:00,1.21532,1.21532,1.21512,1.21532,7
2005-06-20 21:01:00,1.21492,1.21532,1.21492,1.21532,10
2005-06-20 21:02:00,1.21512,1.21512,1.21492,1.21492,8
2005-06-20 21:03:00,1.21492,1.21512,1.21492,1.21512,11
2005-06-20 21:04:00,1.21482,1.21492,1.21482,1.21492,6
2005-06-20 21:05:00,1.21482,1.21492,1.21482,1.21482,9
2005-06-20 21:06:00,1.21482,1.21482,1.21482,1.21482,2
2005-06-20 21:07:00,1.21482,1.21492,1.21482,1.21482,4
2005-06-20 21:08:00,1.21482,1.21482,1.21482,1.21482,2
2005-06-20 21:09:00,1.21482,1.21492,1.21482,1.21482,4
2005-06-20 21:10:00,1.21472,1.21482,1.21472,1.21482,4
2005-06-20 21:11:00,1.21472,1.21472,1.21452,1.21472,15
2005-06-20 21:12:00,1.21472,1.21472,1.21472,1.21472,3
2005-06-20 21:13:00,1.21472,1.21472,1.21472,1.21472,3
2005-06-20 21:14:00,1.21472,1.21472,1.21462,1.21472,10
2005-06-20 21:15:00,1.21482,1.21482,1.21482,1.21482,5
2005-06-20 21:16:00,1.21482,1.21482,1.21472,1.21472,5
2005-06-20 21:17:00,1.21472,1.21482,1.21472,1.21482,4
2005-06-20 21:18:00,1.21472,1.21492,1.21472,1.21472,4
2005-06-20 21:19:00,1.21482,1.21502,1.21482,1.21492,8
2005-06-20 21:20:00,1.21522,1.21532,1.21482,1.21482,10
2005-06-20 21:21:00,1.21522,1.21522,1.21512,1.21512,11
2005-06-20 21:22:00,1.21562,1.21562,1.21532,1.21542,13
2005-06-20 21:23:00,1.21562,1.21572,1.21542,1.21572,15
2005-06-20 21:24:00,1.21534,1.21554,1.21534,1.21552,5
2005-06-20 21:25:00,1.21594,1.21594,1.21534,1.21554,17
2005-06-20 21:26:00,1.21596,1.21628,1.21584,1.21584,18
2005-06-20 21:27:00,1.21594,1.21606,1.21584,1.21596,22
2005-06-20 21:28:00,1.21574,1.21594,1.21574,1.21594,10
2005-06-20 21:29:00,1.21584,1.21584,1.21574,1.21584,11
2005-06-20 21:30:00,1.21574,1.21584,1.21574,1.21584,4
2005-06-20 21:31:00,1.21574,1.21574,1.21574,1.21574,2
2005-06-20 21:32:00,1.21574,1.21574,1.21574,1.21574,2
2005-06-20 21:33:00,1.21574,1.21574,1.21574,1.21574,2
2005-06-20 21:34:00,1.21574,1.21574,1.21574,1.21574,4
2005-06-20 21:35:00,1.21574,1.21574,1.21574,1.21574,3
2005-06-20 21:36:00,1.21574,1.21604,1.21574,1.21574,9
2005-06-20 21:37:00,1.21574,1.21574,1.21574,1.21574,3
2005-06-20 21:38:00,1.21574,1.21574,1.21554,1.21574,14
2005-06-20 21:39:00,1.21564,1.21564,1.21554,1.21554,7
2005-06-20 21:40:00,1.21574,1.21574,1.21554,1.21554,9
2005-06-20 21:41:00,1.21574,1.21574,1.21564,1.21574,9
2005-06-20 21:42:00,1.21564,1.21584,1.21554,1.21574,14
2005-06-20 21:43:00,1.21534,1.21574,1.21534,1.21564,12
2005-06-20 21:44:00,1.21544,1.21554,1.21544,1.21544,8
2005-06-20 21:45:00,1.21544,1.21544,1.21544,1.21544,2
2005-06-20 21:46:00,1.21544,1.21544,1.21544,1.21544,6
2005-06-20 21:47:00,1.21544,1.21544,1.21534,1.21534,5
2005-06-20 21:48:00,1.21544,1.21544,1.21544,1.21544,2
2005-06-20 21:49:00,1.21544,1.21544,1.21544,1.21544,2
2005-06-20 21:50:00,1.21554,1.21554,1.21544,1.21544,2
2005-06-20 21:51:00,1.21554,1.21564,1.21554,1.21554,4
2005-06-20 21:52:00,1.21554,1.21554,1.21554,1.21554,2
2005-06-20 21:53:00,1.21574,1.21574,1.21554,1.21564,8
2005-06-20 21:54:00,1.21584,1.21584,1.21554,1.21564,7
2005-06-20 21:55:00,1.21584,1.21584,1.21574,1.21584,4
2005-06-20 21:56:00,1.21564,1.21564,1.21554,1.21554,9
2005-06-20 21:57:00,1.21574,1.21574,1.21554,1.21574,5
2005-06-20 21:58:00,1.21564,1.21564,1.21554,1.21564,11
2005-06-20 21:59:00,1.21554,1.21554,1.21554,1.21554,6
2005-06-20 22:00:00,1.21554,1.21554,1.21544,1.21554,6
2005-06-20 22:01:00,1.21554,1.21554,1.21544,1.21554,11
2005-06-20 22:02:00,1.21554,1.21554,1.21544,1.21554,5
2005-06-20 22:03:00,1.21574,1.21574,1.21564,1.21564,4
2005-06-20 22:04:00,1.21564,1.21574,1.21564,1.21574,3
2005-06-20 22:05:00,1.21574,1.21574,1.21564,1.21564,5
2005-06-20 22:06:00,1.21574,1.21574,1.21574,1.21574,1
2005-06-20 22:07:00,1.21574,1.21574,1.21574,1.21574,2
2005-06-20 22:08:00,1.21574,1.21574,1.21574,1.21574,2
2005-06-20 22:09:00,1.21574,1.21574,1.21574,1.21574,2
2005-06-20 22:10:00,1.21564,1.21574,1.21564,1.21574,3
2005-06-20 22:11:00,1.21544,1.21564,1.21544,1.21564,14
2005-06-20 22:12:00,1.21524,1.21544,1.21524,1.21544,13
2005-06-20 22:13:00,1.21544,1.21544,1.21524,1.21534,12
2005-06-20 22:14:00,1.21534,1.21534,1.21524,1.21534,7
2005-06-20 22:15:00,1.2151,1.21524,1.2151,1.21524,8
2005-06-20 22:16:00,1.2153,1.2154,1.2149,1.2151,12
2005-06-20 22:17:00,1.2151,1.2153,1.2151,1.2152,8
2005-06-20 22:18:00,1.2154,1.2155,1.2151,1.2152,13
2005-06-20 22:19:00,1.2153,1.2154,1.2152,1.2154,11
2005-06-20 22:20:00,1.2152,1.2153,1.2152,1.2153,8
2005-06-20 22:21:00,1.2152,1.2152,1.2152,1.2152,2
2005-06-20 22:22:00,1.2152,1.2152,1.2152,1.2152,2
2005-06-20 22:23:00,1.2153,1.2153,1.2152,1.2152,5
2005-06-20 22:24:00,1.2153,1.2153,1.2153,1.2153,2
2005-06-20 22:25:00,1.2153,1.2153,1.2153,1.2153,2
2005-06-20 22:26:00,1.215,1.2153,1.215,1.2153,11
2005-06-20 22:27:00,1.2149,1.215,1.2148,1.2149,11
2005-06-20 22:28:00,1.215,1.2151,1.215,1.215,6
2005-06-20 22:29:00,1.2151,1.2151,1.215,1.215,3
2005-06-20 22:30:00,1.2151,1.2151,1.2151,1.2151,2
2005-06-20 22:31:00,1.2151,1.2151,1.2151,1.2151,2
2005-06-20 22:32:00,1.2151,1.2151,1.2151,1.2151,2
2005-06-20 22:33:00,1.2151,1.2151,1.2151,1.2151,2
2005-06-20 22:34:00,1.2151,1.2151,1.2151,1.2151,3
2005-06-20 22:35:00,1.2151,1.2151,1.2151,1.2151,3
2005-06-20 22:36:00,1.2151,1.2153,1.2151,1.2153,3
2005-06-20 22:37:00,1.2151,1.2151,1.2151,1.2151,3
2005-06-20 22:38:00,1.2151,1.2151,1.2151,1.2151,2
2005-06-20 22:39:00,1.2151,1.2151,1.2151,1.2151,2
2005-06-20 22:40:00,1.2151,1.2151,1.2151,1.2151,2
2005-06-20 22:41:00,1.2147,1.2151,1.2147,1.2151,3
2005-06-20 22:42:00,1.2147,1.2147,1.2147,1.2147,2
2005-06-20 22:43:00,1.2149,1.2149,1.2147,1.2147,7
2005-06-20 22:44:00,1.2149,1.2149,1.2148,1.2148,8
2005-06-20 22:45:00,1.215,1.2152,1.215,1.215,11
2005-06-20 22:46:00,1.215,1.2151,1.215,1.2151,4
2005-06-20 22:47:00,1.2153,1.2155,1.215,1.215,5
2005-06-20 22:48:00,1.2153,1.2154,1.2153,1.2153,8
2005-06-20 22:49:00,1.2151,1.2153,1.215,1.2153,7
2005-06-20 22:50:00,1.215,1.2151,1.215,1.2151,6
2005-06-20 22:51:00,1.2147,1.215,1.2145,1.215,13
2005-06-20 22:52:00,1.2147,1.2148,1.2146,1.2146,9
2005-06-20 22:53:00,1.2146,1.2148,1.2146,1.2148,5
2005-06-20 22:54:00,1.2147,1.2148,1.2146,1.2146,4
2005-06-20 22:55:00,1.2147,1.2147,1.2147,1.2147,2
2005-06-20 22:56:00,1.2147,1.2147,1.2147,1.2147,2
2005-06-20 22:57:00,1.2147,1.2147,1.2147,1.2147,2
2005-06-20 22:58:00,1.2147,1.2147,1.2147,1.2147,3
2005-06-20 22:59:00,1.2149,1.2149,1.2147,1.2147,12
2005-06-20 23:00:00,1.2149,1.2149,1.2148,1.2148,4
2005-06-20 23:01:00,1.2149,1.2149,1.2149,1.2149,2
2005-06-20 23:02:00,1.2148,1.2149,1.2147,1.2148,10
2005-06-20 23:03:00,1.2149,1.2149,1.2148,1.2149,7
2005-06-20 23:04:00,1.215,1.215,1.2148,1.2148,9
2005-06-20 23:05:00,1.215,1.215,1.2149,1.215,8
2005-06-20 23:06:00,1.215,1.215,1.2149,1.215,5
2005-06-20 23:07:00,1.215,1.2151,1.215,1.2151,7
2005-06-20 23:08:00,1.2149,1.215,1.2149,1.215,2
2005-06-20 23:09:00,1.2149,1.2149,1.2148,1.2149,5
2005-06-20 23:10:00,1.2148,1.2149,1.2148,1.2149,5
2005-06-20 23:11:00,1.2148,1.2148,1.2148,1.2148,2
2005-06-20 23:12:00,1.2148,1.2148,1.2148,1.2148,2
2005-06-20 23:13:00,1.2149,1.2149,1.2148,1.2149,8
2005-06-20 23:14:00,1.2149,1.215,1.2148,1.2149,5
2005-06-20 23:15:00,1.2149,1.2149,1.2149,1.2149,2
2005-06-20 23:16:00,1.2148,1.2149,1.2148,1.2149,9
2005-06-20 23:17:00,1.2148,1.2148,1.2147,1.2147,10
2005-06-20 23:18:00,1.2147,1.2147,1.2147,1.2147,4
2005-06-20 23:19:00,1.2143,1.2146,1.2143,1.2146,7
2005-06-20 23:20:00,1.2144,1.2145,1.2143,1.2144,15
2005-06-20 23:21:00,1.214,1.2144,1.214,1.2143,17
2005-06-20 23:22:00,1.2142,1.2143,1.2141,1.2141,14
2005-06-20 23:23:00,1.2143,1.2143,1.2141,1.2141,8
2005-06-20 23:24:00,1.2141,1.2143,1.214,1.2143,9
2005-06-20 23:25:00,1.214,1.2141,1.214,1.2141,4
2005-06-20 23:26:00,1.214,1.214,1.214,1.214,4
2005-06-20 23:27:00,1.2139,1.214,1.2139,1.214,4
2005-06-20 23:28:00,1.214,1.214,1.2139,1.2139,3
2005-06-20 23:29:00,1.2139,1.214,1.2139,1.214,6
2005-06-20 23:30:00,1.2139,1.2139,1.2138,1.2139,11
2005-06-20 23:31:00,1.2138,1.2138,1.2138,1.2138,3
2005-06-20 23:32:00,1.2138,1.2138,1.2137,1.2138,5
2005-06-20 23:33:00,1.2138,1.2138,1.2138,1.2138,3
2005-06-20 23:34:00,1.2138,1.2138,1.2138,1.2138,3
2005-06-20 23:35:00,1.214,1.214,1.2139,1.2139,5
2005-06-20 23:36:00,1.2142,1.2142,1.2139,1.2139,10
2005-06-20 23:37:00,1.2142,1.2143,1.2141,1.2141,7
2005-06-20 23:38:00,1.2142,1.2143,1.2142,1.2142,5
2005-06-20 23:39:00,1.2142,1.2142,1.2142,1.2142,2
2005-06-20 23:40:00,1.2142,1.2142,1.2141,1.2142,6
2005-06-20 23:41:00,1.214,1.2142,1.2139,1.2142,10
2005-06-20 23:42:00,1.214,1.214,1.2139,1.214,9
2005-06-20 23:43:00,1.214,1.214,1.214,1.214,3
2005-06-20 23:44:00,1.2138,1.214,1.2138,1.2139,9
2005-06-20 23:45:00,1.2139,1.214,1.2137,1.2137,11
2005-06-20 23:46:00,1.2139,1.2139,1.2139,1.2139,2
2005-06-20 23:47:00,1.214,1.2141,1.2139,1.214,8
2005-06-20 23:48:00,1.214,1.2141,1.214,1.2141,9
2005-06-20 23:49:00,1.2141,1.2141,1.214,1.2141,5
2005-06-20 23:50:00,1.2141,1.2141,1.214,1.214,8
2005-06-20 23:51:00,1.214,1.214,1.214,1.214,3
2005-06-20 23:52:00,1.2138,1.2139,1.2137,1.2139,11
2005-06-20 23:53:00,1.2138,1.2138,1.2138,1.2138,2
2005-06-20 23:54:00,1.2134,1.2138,1.2133,1.2138,9
2005-06-20 23:55:00,1.2138,1.2139,1.2135,1.2136,18
2005-06-20 23:56:00,1.2136,1.2138,1.2135,1.2138,10
2005-06-20 23:57:00,1.2132,1.2136,1.213,1.2136,21
2005-06-20 23:58:00,1.2134,1.2135,1.2132,1.2132,22
2005-06-20 23:59:00,1.2133,1.2134,1.2132,1.2134,11
2005-06-21 00:01:00,1.2128,1.2133,1.2127,1.2133,24
2005-06-21 00:02:00,1.2131,1.2131,1.2128,1.2128,15
2005-06-21 00:03:00,1.2132,1.2133,1.2131,1.2131,9
2005-06-21 00:04:00,1.2134,1.2134,1.2132,1.2132,14
2005-06-21 00:05:00,1.2135,1.2136,1.2134,1.2134,12
2005-06-21 00:06:00,1.2132,1.2136,1.2132,1.2136,9
2005-06-21 00:07:00,1.2136,1.2136,1.2132,1.2133,17
2005-06-21 00:08:00,1.2139,1.2139,1.2135,1.2135,16
2005-06-21 00:09:00,1.2139,1.214,1.2138,1.2139,19
2005-06-21 00:10:00,1.2141,1.2142,1.214,1.214,16
2005-06-21 00:11:00,1.2142,1.2142,1.2141,1.2141,10
2005-06-21 00:12:00,1.2145,1.2148,1.2142,1.2142,23
2005-06-21 00:13:00,1.2145,1.2146,1.2145,1.2145,12
2005-06-21 00:14:00,1.2148,1.2148,1.2143,1.2144,11
2005-06-21 00:15:00,1.2147,1.2147,1.2145,1.2147,18
2005-06-21 00:16:00,1.2147,1.2149,1.2146,1.2146,18
2005-06-21 00:17:00,1.2149,1.2151,1.2147,1.2147,21
2005-06-21 00:18:00,1.215,1.2152,1.215,1.215,8
2005-06-21 00:19:00,1.2148,1.215,1.2148,1.215,7
2005-06-21 00:20:00,1.215,1.2151,1.2147,1.2148,12
2005-06-21 00:21:00,1.2149,1.2151,1.2149,1.2151,10
2005-06-21 00:22:00,1.2148,1.2149,1.2148,1.2148,5
2005-06-21 00:23:00,1.2146,1.2148,1.2145,1.2148,16
2005-06-21 00:24:00,1.2145,1.2147,1.2143,1.2145,22
2005-06-21 00:25:00,1.2146,1.2147,1.2143,1.2145,17
2005-06-21 00:26:00,1.2144,1.2145,1.2143,1.2145,9
2005-06-21 00:27:00,1.2144,1.2144,1.2144,1.2144,8
2005-06-21 00:28:00,1.2144,1.2145,1.2143,1.2144,14
2005-06-21 00:29:00,1.2141,1.2144,1.2141,1.2143,10
2005-06-21 00:30:00,1.2143,1.2143,1.2141,1.2141,9
2005-06-21 00:31:00,1.2144,1.2144,1.2143,1.2143,8
2005-06-21 00:32:00,1.2143,1.2145,1.2143,1.2145,12
2005-06-21 00:33:00,1.2142,1.2144,1.2141,1.2144,11
2005-06-21 00:34:00,1.2142,1.2142,1.2141,1.2142,9
2005-06-21 00:35:00,1.2137,1.2141,1.2137,1.2141,10
2005-06-21 00:36:00,1.2137,1.2138,1.2137,1.2138,10
2005-06-21 00:37:00,1.2133,1.2138,1.213,1.2138,19
2005-06-21 00:38:00,1.2133,1.2135,1.2133,1.2134,10
2005-06-21 00:39:00,1.2134,1.2135,1.2134,1.2134,14
2005-06-21 00:40:00,1.2135,1.2135,1.2135,1.2135,5
2005-06-21 00:41:00,1.21356,1.2136,1.21346,1.2136,14
2005-06-21 00:42:00,1.2136,1.2137,1.2135,1.21356,15
2005-06-21 00:43:00,1.2136,1.2136,1.2136,1.2136,2
2005-06-21 00:44:00,1.2136,1.2137,1.2136,1.2136,9
2005-06-21 00:45:00,1.2136,1.2136,1.2136,1.2136,2
2005-06-21 00:46:00,1.2137,1.2137,1.2136,1.2136,3
2005-06-21 00:47:00,1.2141,1.2142,1.2137,1.2137,17
2005-06-21 00:48:00,1.214,1.2144,1.214,1.2142,16
2005-06-21 00:49:00,1.2142,1.2142,1.2141,1.2141,6
2005-06-21 00:50:00,1.2144,1.2144,1.2143,1.2143,12
2005-06-21 00:51:00,1.2143,1.2144,1.2143,1.2144,3
2005-06-21 00:52:00,1.2144,1.2144,1.2143,1.2144,6
2005-06-21 00:53:00,1.2144,1.2145,1.2143,1.2144,12
2005-06-21 00:54:00,1.2146,1.2146,1.2144,1.2144,18
2005-06-21 00:55:00,1.2144,1.2146,1.2144,1.2145,12
2005-06-21 00:56:00,1.2145,1.2145,1.2144,1.2144,8
2005-06-21 00:57:00,1.2141,1.2144,1.2141,1.2144,11
2005-06-21 00:58:00,1.2142,1.2142,1.2141,1.2141,11
2005-06-21 00:59:00,1.2142,1.2142,1.2141,1.2142,4
2005-06-21 01:00:00,1.2142,1.2143,1.2142,1.2142,5
2005-06-21 01:01:00,1.2143,1.2143,1.2142,1.2142,5
2005-06-21 01:02:00,1.2143,1.2143,1.2143,1.2143,4
2005-06-21 01:03:00,1.214,1.2143,1.2139,1.2143,10
2005-06-21 01:04:00,1.2135,1.2141,1.2135,1.214,18
2005-06-21 01:05:00,1.2137,1.2138,1.2135,1.2136,18
2005-06-21 01:06:00,1.2138,1.2138,1.2136,1.2137,13
2005-06-21 01:07:00,1.2137,1.2138,1.2136,1.2137,8
2005-06-21 01:08:00,1.2137,1.2137,1.2137,1.2137,3
2005-06-21 01:09:00,1.2136,1.2138,1.2136,1.2138,13
2005-06-21 01:10:00,1.2137,1.2137,1.2136,1.2136,4
2005-06-21 01:11:00,1.2136,1.2136,1.2136,1.2136,3
2005-06-21 01:12:00,1.2136,1.2136,1.2136,1.2136,3
2005-06-21 01:13:00,1.2136,1.2137,1.2136,1.2136,4
2005-06-21 01:14:00,1.2136,1.2136,1.2136,1.2136,3
2005-06-21 01:15:00,1.2136,1.2137,1.2136,1.2136,5
2005-06-21 01:16:00,1.2137,1.2137,1.2136,1.2136,3
2005-06-21 01:17:00,1.2138,1.2138,1.2137,1.2137,4
2005-06-21 01:18:00,1.2138,1.2139,1.2138,1.2138,11
2005-06-21 01:19:00,1.2137,1.2138,1.2137,1.2137,6
2005-06-21 01:20:00,1.2137,1.2137,1.2137,1.2137,2
2005-06-21 01:21:00,1.2138,1.2138,1.2137,1.2138,4
2005-06-21 01:22:00,1.2138,1.2138,1.2138,1.2138,2
2005-06-21 01:23:00,1.2137,1.2138,1.2137,1.2137,6
2005-06-21 01:24:00,1.2137,1.2137,1.2137,1.2137,3
2005-06-21 01:25:00,1.2137,1.2138,1.2137,1.2137,4
2005-06-21 01:26:00,1.2137,1.2137,1.2136,1.2137,5
2005-06-21 01:27:00,1.2136,1.2137,1.2136,1.2136,5
2005-06-21 01:28:00,1.2136,1.2136,1.2136,1.2136,2
2005-06-21 01:29:00,1.2136,1.2137,1.2136,1.2136,5
2005-06-21 01:30:00,1.2136,1.2136,1.2136,1.2136,2
2005-06-21 01:31:00,1.2136,1.2136,1.2136,1.2136,2
2005-06-21 01:32:00,1.2137,1.2137,1.2136,1.2136,6
2005-06-21 01:33:00,1.2137,1.2137,1.2136,1.2136,6
2005-06-21 01:34:00,1.2136,1.2137,1.2136,1.2137,12
2005-06-21 01:35:00,1.2136,1.2137,1.2136,1.2137,7
2005-06-21 01:36:00,1.2138,1.2138,1.2137,1.2137,4
2005-06-21 01:37:00,1.2138,1.2138,1.2138,1.2138,2
2005-06-21 01:38:00,1.2138,1.2138,1.2137,1.2138,8
2005-06-21 01:39:00,1.2138,1.2139,1.2138,1.2138,12
2005-06-21 01:40:00,1.214,1.214,1.2139,1.2139,9
2005-06-21 01:41:00,1.21396,1.21396,1.21386,1.2139,5
2005-06-21 01:42:00,1.21396,1.21396,1.21396,1.21396,2
2005-06-21 01:43:00,1.21396,1.21406,1.21396,1.21406,7
2005-06-21 01:44:00,1.21396,1.21396,1.21396,1.21396,2
2005-06-21 01:45:00,1.21396,1.21396,1.21396,1.21396,7
2005-06-21 01:46:00,1.21396,1.21406,1.21396,1.21406,5
2005-06-21 01:47:00,1.21396,1.21396,1.21386,1.21396,4
2005-06-21 01:48:00,1.21406,1.21406,1.21396,1.21396,6
2005-06-21 01:49:00,1.21426,1.21426,1.21406,1.21406,7
2005-06-21 01:50:00,1.21416,1.21426,1.21416,1.21426,6
2005-06-21 01:51:00,1.21426,1.21426,1.21416,1.21416,3
2005-06-21 01:52:00,1.21406,1.21426,1.21406,1.21416,10
2005-06-21 01:53:00,1.21396,1.21416,1.21396,1.21406,8
2005-06-21 01:54:00,1.21406,1.21406,1.21396,1.21396,6
2005-06-21 01:55:00,1.21406,1.21406,1.21396,1.21406,10
2005-06-21 01:56:00,1.21406,1.21416,1.21406,1.21406,10
2005-06-21 01:57:00,1.21406,1.21406,1.21396,1.21396,4
2005-06-21 01:58:00,1.21406,1.21406,1.21406,1.21406,3
2005-06-21 01:59:00,1.21406,1.21406,1.21406,1.21406,1
2005-06-21 02:00:00,1.21426,1.21446,1.21406,1.21406,16
2005-06-21 02:01:00,1.21426,1.21436,1.21426,1.21426,8
2005-06-21 02:02:00,1.21416,1.21426,1.21416,1.21426,11
2005-06-21 02:03:00,1.21416,1.21426,1.21416,1.21416,4
2005-06-21 02:04:00,1.21416,1.21416,1.21416,1.21416,7
2005-06-21 02:05:00,1.21406,1.21416,1.21406,1.21416,3
2005-06-21 02:06:00,1.21406,1.21416,1.21406,1.21416,4
2005-06-21 02:07:00,1.21406,1.21406,1.21406,1.21406,3
2005-06-21 02:08:00,1.21406,1.21406,1.21396,1.21406,6
2005-06-21 02:09:00,1.21406,1.21406,1.21406,1.21406,3
2005-06-21 02:10:00,1.21406,1.21406,1.21406,1.21406,3
2005-06-21 02:11:00,1.21406,1.21406,1.21406,1.21406,2
2005-06-21 02:12:00,1.21416,1.21416,1.21396,1.21406,5
2005-06-21 02:13:00,1.21406,1.21406,1.21406,1.21406,3
2005-06-21 02:14:00,1.21416,1.21426,1.21406,1.21406,4
2005-06-21 02:15:00,1.21466,1.21486,1.21416,1.21416,22
2005-06-21 02:16:00,1.21456,1.21466,1.21456,1.21466,10
2005-06-21 02:17:00,1.21456,1.21466,1.21456,1.21456,9
2005-06-21 02:18:00,1.21466,1.21476,1.21456,1.21456,10
2005-06-21 02:19:00,1.21486,1.21486,1.21466,1.21476,6
2005-06-21 02:20:00,1.21466,1.21476,1.21466,1.21476,9
2005-06-21 02:21:00,1.21476,1.21476,1.21466,1.21466,9
2005-06-21 02:22:00,1.21466,1.21466,1.21466,1.21466,4
2005-06-21 02:23:00,1.21476,1.21476,1.21466,1.21466,10
2005-06-21 02:24:00,1.21476,1.21476,1.21466,1.21466,4
2005-06-21 02:25:00,1.21496,1.21496,1.21476,1.21476,18
2005-06-21 02:26:00,1.21486,1.21496,1.21476,1.21496,13
2005-06-21 02:27:00,1.21486,1.21486,1.21486,1.21486,2
2005-06-21 02:28:00,1.21486,1.21486,1.21486,1.21486,2
2005-06-21 02:29:00,1.21476,1.21496,1.21476,1.21486,9
2005-06-21 02:30:00,1.21486,1.21486,1.21476,1.21476,3
2005-06-21 02:31:00,1.21486,1.21486,1.21486,1.21486,2
2005-06-21 02:32:00,1.21486,1.21486,1.21476,1.21476,5
2005-06-21 02:33:00,1.21466,1.21486,1.21466,1.21486,8
2005-06-21 02:34:00,1.21466,1.21476,1.21466,1.21466,15
2005-06-21 02:35:00,1.21456,1.21466,1.21456,1.21466,7
2005-06-21 02:36:00,1.21466,1.21466,1.21466,1.21466,3
2005-06-21 02:37:00,1.2146,1.2147,1.2146,1.21466,8
2005-06-21 02:38:00,1.2147,1.2147,1.2146,1.2146,10
2005-06-21 02:39:00,1.2147,1.2147,1.2146,1.2147,4
2005-06-21 02:40:00,1.2146,1.2147,1.2146,1.2147,3
2005-06-21 02:41:00,1.2146,1.2146,1.2146,1.2146,4
2005-06-21 02:42:00,1.2146,1.2146,1.2146,1.2146,3
2005-06-21 02:43:00,1.2147,1.2147,1.2146,1.2146,6
2005-06-21 02:44:00,1.2147,1.2147,1.2147,1.2147,4
2005-06-21 02:45:00,1.2147,1.2147,1.2147,1.2147,6
2005-06-21 02:46:00,1.2148,1.2148,1.2147,1.2147,3
2005-06-21 02:47:00,1.2148,1.2148,1.2148,1.2148,2
2005-06-21 02:48:00,1.2147,1.2148,1.2147,1.2148,6
2005-06-21 02:49:00,1.2147,1.2147,1.2147,1.2147,3
2005-06-21 02:50:00,1.2146,1.2147,1.2146,1.2147,4
2005-06-21 02:51:00,1.2147,1.2147,1.2146,1.2146,3
2005-06-21 02:52:00,1.2147,1.2148,1.2146,1.2147,6
2005-06-21 02:53:00,1.2147,1.2147,1.2147,1.2147,7
2005-06-21 02:54:00,1.2147,1.2147,1.2147,1.2147,2
2005-06-21 02:55:00,1.2148,1.2148,1.2147,1.2147,3
2005-06-21 02:56:00,1.2148,1.2148,1.2147,1.2148,4
2005-06-21 02:57:00,1.2148,1.2148,1.2148,1.2148,2
2005-06-21 02:58:00,1.2148,1.2148,1.2148,1.2148,2
2005-06-21 02:59:00,1.2148,1.2148,1.2148,1.2148,3
2005-06-21 03:00:00,1.2148,1.2149,1.2148,1.2148,5
2005-06-21 03:01:00,1.2147,1.2148,1.2147,1.2148,3
2005-06-21 03:02:00,1.2147,1.2147,1.2147,1.2147,2
2005-06-21 03:03:00,1.2147,1.2147,1.2147,1.2147,3
2005-06-21 03:04:00,1.2147,1.2147,1.2147,1.2147,2
2005-06-21 03:05:00,1.2147,1.2147,1.2147,1.2147,4
2005-06-21 03:06:00,1.2147,1.2148,1.2147,1.2147,6
2005-06-21 03:07:00,1.2147,1.2148,1.2147,1.2147,4
2005-06-21 03:08:00,1.2147,1.2147,1.2147,1.2147,3
2005-06-21 03:09:00,1.2147,1.2147,1.2147,1.2147,4
2005-06-21 03:10:00,1.2147,1.2147,1.2147,1.2147,4
2005-06-21 03:11:00,1.2147,1.2147,1.2147,1.2147,2
2005-06-21 03:12:00,1.2148,1.2148,1.2147,1.2147,5
2005-06-21 03:13:00,1.2148,1.2148,1.2148,1.2148,2
2005-06-21 03:14:00,1.2147,1.2148,1.2147,1.2148,3
2005-06-21 03:15:00,1.2147,1.2147,1.2147,1.2147,3
2005-06-21 03:16:00,1.2149,1.2149,1.2147,1.2147,6
2005-06-21 03:17:00,1.2148,1.2149,1.2147,1.2149,10
2005-06-21 03:18:00,1.2148,1.2148,1.2148,1.2148,4
2005-06-21 03:19:00,1.2148,1.2148,1.2148,1.2148,3
2005-06-21 03:20:00,1.2148,1.2148,1.2148,1.2148,4
2005-06-21 03:21:00,1.2149,1.2149,1.2148,1.2148,5
2005-06-21 03:22:00,1.2148,1.2149,1.2148,1.2149,8
2005-06-21 03:23:00,1.2149,1.2149,1.2148,1.2148,3
2005-06-21 03:24:00,1.2148,1.2149,1.2148,1.2149,3
2005-06-21 03:25:00,1.2148,1.2148,1.2148,1.2148,9
2005-06-21 03:26:00,1.2148,1.2148,1.2147,1.2148,5
2005-06-21 03:27:00,1.2148,1.2148,1.2148,1.2148,2
2005-06-21 03:28:00,1.2148,1.2148,1.2148,1.2148,5
2005-06-21 03:29:00,1.2148,1.2148,1.2148,1.2148,4
2005-06-21 03:30:00,1.2148,1.2149,1.2148,1.2148,5
2005-06-21 03:31:00,1.2148,1.215,1.2147,1.2149,16
2005-06-21 03:32:00,1.2148,1.2149,1.2148,1.2149,9
2005-06-21 03:33:00,1.2147,1.2148,1.2147,1.2148,6
2005-06-21 03:34:00,1.2146,1.2147,1.2146,1.2147,4
2005-06-21 03:35:00,1.2147,1.2147,1.2147,1.2147,3
2005-06-21 03:36:00,1.2147,1.2147,1.2147,1.2147,2
2005-06-21 03:37:00,1.2147,1.2147,1.2147,1.2147,2
2005-06-21 03:38:00,1.2147,1.2147,1.2147,1.2147,2
2005-06-21 03:39:00,1.2147,1.2147,1.2147,1.2147,2
2005-06-21 03:40:00,1.2147,1.2147,1.2147,1.2147,2
2005-06-21 03:41:00,1.2147,1.2147,1.2147,1.2147,2
2005-06-21 03:42:00,1.2148,1.2148,1.2147,1.2147,6
2005-06-21 03:43:00,1.2148,1.2149,1.2148,1.2148,5
2005-06-21 03:44:00,1.2148,1.2148,1.2148,1.2148,3
2005-06-21 03:45:00,1.2148,1.2148,1.2148,1.2148,6
2005-06-21 03:46:00,1.2147,1.2148,1.2146,1.2148,10
2005-06-21 03:47:00,1.2145,1.2146,1.2144,1.2146,11
2005-06-21 03:48:00,1.2144,1.2145,1.2144,1.2145,5
2005-06-21 03:49:00,1.2142,1.2145,1.2142,1.2144,16
2005-06-21 03:50:00,1.2143,1.2143,1.2142,1.2142,4
2005-06-21 03:51:00,1.2143,1.2143,1.2142,1.2142,7
2005-06-21 03:52:00,1.2143,1.2144,1.2143,1.2143,4
2005-06-21 03:53:00,1.2143,1.2144,1.2143,1.2144,5
2005-06-21 03:54:00,1.2142,1.2143,1.214,1.2143,16
2005-06-21 03:55:00,1.2141,1.2141,1.214,1.2141,6
2005-06-21 03:56:00,1.2142,1.2142,1.2142,1.2142,3
2005-06-21 03:57:00,1.2142,1.2142,1.2142,1.2142,2
2005-06-21 03:58:00,1.2145,1.2145,1.2143,1.2144,10
2005-06-21 03:59:00,1.2145,1.2145,1.2144,1.2144,7
2005-06-21 04:00:00,1.2145,1.2146,1.2144,1.2146,7
2005-06-21 04:01:00,1.2145,1.2145,1.2144,1.2144,10
2005-06-21 04:02:00,1.2147,1.2147,1.2145,1.2146,8
2005-06-21 04:03:00,1.2148,1.2148,1.2147,1.2148,9
2005-06-21 04:04:00,1.2146,1.2149,1.2145,1.2148,12
2005-06-21 04:05:00,1.2146,1.2146,1.2145,1.2145,6
2005-06-21 04:06:00,1.2146,1.2146,1.2146,1.2146,2
2005-06-21 04:07:00,1.2145,1.2146,1.2145,1.2146,4
2005-06-21 04:08:00,1.2145,1.2146,1.2145,1.2146,5
2005-06-21 04:09:00,1.2145,1.2146,1.2145,1.2146,5
2005-06-21 04:10:00,1.2145,1.2146,1.2145,1.2145,14
2005-06-21 04:11:00,1.2145,1.2146,1.2145,1.2145,5
2005-06-21 04:12:00,1.2144,1.2146,1.2143,1.2146,14
2005-06-21 04:13:00,1.2145,1.2145,1.2144,1.2144,8
2005-06-21 04:14:00,1.2146,1.2146,1.2144,1.2145,10
2005-06-21 04:15:00,1.2147,1.2147,1.2145,1.2145,10
2005-06-21 04:16:00,1.2147,1.2147,1.2147,1.2147,2
2005-06-21 04:17:00,1.2146,1.2147,1.2146,1.2146,12
2005-06-21 04:18:00,1.2147,1.2147,1.2146,1.2147,5
2005-06-21 04:19:00,1.2146,1.2147,1.2145,1.2147,7
2005-06-21 04:20:00,1.2146,1.2147,1.2145,1.2146,18
2005-06-21 04:21:00,1.2146,1.2147,1.2146,1.2146,7
2005-06-21 04:22:00,1.2146,1.2146,1.2146,1.2146,6
2005-06-21 04:23:00,1.2147,1.2147,1.2145,1.2146,6
2005-06-21 04:24:00,1.2146,1.2147,1.2146,1.2147,5
2005-06-21 04:25:00,1.2147,1.2147,1.2146,1.2146,3
2005-06-21 04:26:00,1.2146,1.2147,1.2146,1.2147,5
2005-06-21 04:27:00,1.2146,1.2147,1.2146,1.2147,4
2005-06-21 04:28:00,1.2146,1.2147,1.2145,1.2146,18
2005-06-21 04:29:00,1.2145,1.2146,1.2145,1.2145,10
2005-06-21 04:30:00,1.2146,1.2147,1.2146,1.2146,8
2005-06-21 04:31:00,1.2147,1.2147,1.2146,1.2146,7
2005-06-21 04:32:00,1.2147,1.2147,1.2146,1.2147,11
2005-06-21 04:33:00,1.2148,1.2148,1.2147,1.2147,3
2005-06-21 04:34:00,1.2149,1.2149,1.2148,1.2148,11
2005-06-21 04:35:00,1.2151,1.2152,1.2149,1.2149,14
2005-06-21 04:36:00,1.21498,1.2152,1.21498,1.2152,14
2005-06-21 04:37:00,1.21498,1.21498,1.21488,1.21498,8
2005-06-21 04:38:00,1.21498,1.21508,1.21498,1.21498,4
2005-06-21 04:39:00,1.21508,1.21508,1.21498,1.21498,3
2005-06-21 04:40:00,1.21518,1.21528,1.21508,1.21508,8
2005-06-21 04:41:00,1.21538,1.21538,1.21518,1.21518,12
2005-06-21 04:42:00,1.21548,1.21558,1.21538,1.21538,12
2005-06-21 04:43:00,1.21538,1.21548,1.21538,1.21548,9
2005-06-21 04:44:00,1.21532,1.21542,1.21532,1.21542,6
2005-06-21 04:45:00,1.21532,1.21542,1.21532,1.21532,8
2005-06-21 04:46:00,1.21512,1.21522,1.21512,1.21522,11
2005-06-21 04:47:00,1.21512,1.21522,1.21512,1.21522,11
2005-06-21 04:48:00,1.21492,1.21502,1.21492,1.21502,8
2005-06-21 04:49:00,1.21492,1.21492,1.21482,1.21492,4
2005-06-21 04:50:00,1.21482,1.21492,1.21482,1.21492,8
2005-06-21 04:51:00,1.21482,1.21492,1.21482,1.21492,5
2005-06-21 04:52:00,1.21472,1.21482,1.21472,1.21482,6
2005-06-21 04:53:00,1.21482,1.21482,1.21472,1.21482,10
2005-06-21 04:54:00,1.21482,1.21482,1.21482,1.21482,2
2005-06-21 04:55:00,1.21472,1.21482,1.21472,1.21482,7
2005-06-21 04:56:00,1.21472,1.21472,1.21472,1.21472,2
2005-06-21 04:57:00,1.21462,1.21472,1.21462,1.21472,6
2005-06-21 04:58:00,1.21452,1.21462,1.21442,1.21462,8
2005-06-21 04:59:00,1.21452,1.21462,1.21452,1.21452,8
2005-06-21 05:00:00,1.21462,1.21462,1.21462,1.21462,3
2005-06-21 05:01:00,1.21462,1.21462,1.21462,1.21462,2
2005-06-21 05:02:00,1.21472,1.21472,1.21462,1.21462,8
2005-06-21 05:03:00,1.21462,1.21472,1.21462,1.21462,7
2005-06-21 05:04:00,1.21462,1.21462,1.21452,1.21462,7
2005-06-21 05:05:00,1.21452,1.21462,1.21452,1.21452,9
2005-06-21 05:06:00,1.21452,1.21452,1.21452,1.21452,2
2005-06-21 05:07:00,1.21432,1.21452,1.21422,1.21452,10
2005-06-21 05:08:00,1.21432,1.21432,1.21422,1.21432,4
2005-06-21 05:09:00,1.21422,1.21432,1.21422,1.21432,3
2005-06-21 05:10:00,1.21412,1.21422,1.21412,1.21422,11
2005-06-21 05:11:00,1.21402,1.21412,1.21392,1.21412,7
2005-06-21 05:12:00,1.21412,1.21412,1.21392,1.21392,14
2005-06-21 05:13:00,1.21412,1.21412,1.21392,1.21402,12
2005-06-21 05:14:00,1.21422,1.21422,1.21402,1.21412,13
2005-06-21 05:15:00,1.21412,1.21422,1.21412,1.21412,6
2005-06-21 05:16:00,1.21402,1.21422,1.21402,1.21422,8
2005-06-21 05:17:00,1.21402,1.21402,1.21392,1.21392,25
2005-06-21 05:18:00,1.21382,1.21402,1.21382,1.21392,19
2005-06-21 05:19:00,1.21382,1.21392,1.21382,1.21392,7
2005-06-21 05:20:00,1.21372,1.21382,1.21372,1.21372,8
2005-06-21 05:21:00,1.21372,1.21382,1.21372,1.21372,9
2005-06-21 05:22:00,1.21372,1.21382,1.21372,1.21372,8
2005-06-21 05:23:00,1.21372,1.21382,1.21372,1.21382,9
2005-06-21 05:24:00,1.21372,1.21372,1.21372,1.21372,3
2005-06-21 05:25:00,1.21352,1.21372,1.21342,1.21372,10
2005-06-21 05:26:00,1.21362,1.21362,1.21352,1.21352,9
2005-06-21 05:27:00,1.21372,1.21372,1.21362,1.21372,7
2005-06-21 05:28:00,1.21372,1.21382,1.21372,1.21382,4
2005-06-21 05:29:00,1.21372,1.21382,1.21372,1.21372,5
2005-06-21 05:30:00,1.21372,1.21382,1.21372,1.21382,8
2005-06-21 05:31:00,1.21372,1.21382,1.21372,1.21372,8
2005-06-21 05:32:00,1.21382,1.21382,1.21372,1.21372,6
2005-06-21 05:33:00,1.21382,1.21382,1.21382,1.21382,3
2005-06-21 05:34:00,1.21382,1.21382,1.21382,1.21382,3
2005-06-21 05:35:00,1.21382,1.21382,1.21382,1.21382,5
2005-06-21 05:36:00,1.21412,1.21412,1.21392,1.21392,8
2005-06-21 05:37:00,1.21442,1.21452,1.21412,1.21412,15
2005-06-21 05:38:00,1.21462,1.21462,1.21442,1.21442,12
2005-06-21 05:39:00,1.21442,1.21452,1.21442,1.21452,9
2005-06-21 05:40:00,1.21422,1.21442,1.21422,1.21432,13
2005-06-21 05:41:00,1.21402,1.21432,1.21392,1.21422,18
2005-06-21 05:42:00,1.21362,1.21392,1.21362,1.21392,18
2005-06-21 05:43:00,1.21362,1.21372,1.21352,1.21362,11
2005-06-21 05:44:00,1.21362,1.21382,1.21362,1.21362,11
2005-06-21 05:45:00,1.21362,1.21372,1.21352,1.21362,10
2005-06-21 05:46:00,1.21372,1.21372,1.21362,1.21372,10
2005-06-21 05:47:00,1.21392,1.21402,1.21372,1.21372,18
2005-06-21 05:48:00,1.21362,1.21392,1.21352,1.21382,27
2005-06-21 05:49:00,1.21342,1.21362,1.21342,1.21362,10
2005-06-21 05:50:00,1.21332,1.21352,1.21322,1.21352,8
2005-06-21 05:51:00,1.21362,1.21362,1.21332,1.21332,11
2005-06-21 05:52:00,1.21332,1.21362,1.21332,1.21362,10
2005-06-21 05:53:00,1.21352,1.21352,1.21332,1.21332,6
2005-06-21 05:54:00,1.21382,1.21382,1.21352,1.21352,15
2005-06-21 05:55:00,1.21362,1.21372,1.21362,1.21372,11
2005-06-21 05:56:00,1.21362,1.21362,1.21342,1.21352,12
2005-06-21 05:57:00,1.21372,1.21372,1.21352,1.21362,8
2005-06-21 05:58:00,1.21362,1.21372,1.21362,1.21362,11
2005-06-21 05:59:00,1.21362,1.21372,1.21362,1.21362,4
2005-06-21 06:00:00,1.21372,1.21372,1.21362,1.21362,9
2005-06-21 06:01:00,1.21372,1.21382,1.21372,1.21382,8
2005-06-21 06:02:00,1.21382,1.21382,1.21362,1.21362,10
2005-06-21 06:03:00,1.21372,1.21382,1.21372,1.21382,6
2005-06-21 06:04:00,1.21402,1.21412,1.21372,1.21372,10
2005-06-21 06:05:00,1.21382,1.21402,1.21372,1.21402,15
2005-06-21 06:06:00,1.21402,1.21402,1.21382,1.21382,6
2005-06-21 06:07:00,1.21392,1.21412,1.21382,1.21412,16
2005-06-21 06:08:00,1.21382,1.21382,1.21372,1.21382,14
2005-06-21 06:09:00,1.21382,1.21382,1.21382,1.21382,6
2005-06-21 06:10:00,1.21382,1.21382,1.21372,1.21382,6
2005-06-21 06:11:00,1.21402,1.21402,1.21382,1.21382,10
2005-06-21 06:12:00,1.21442,1.21442,1.21402,1.21412,28
2005-06-21 06:13:00,1.21392,1.21452,1.21392,1.21442,51
2005-06-21 06:14:00,1.21392,1.21402,1.21392,1.21402,41
2005-06-21 06:15:00,1.21392,1.21392,1.21392,1.21392,14
2005-06-21 06:16:00,1.21402,1.21402,1.21392,1.21392,32
2005-06-21 06:17:00,1.21392,1.21412,1.21392,1.21402,36
2005-06-21 06:18:00,1.21382,1.21392,1.21382,1.21392,28
2005-06-21 06:19:00,1.21392,1.21392,1.21382,1.21382,23
2005-06-21 06:20:00,1.21352,1.21392,1.21342,1.21392,43
2005-06-21 06:21:00,1.21342,1.21362,1.21332,1.21352,44
2005-06-21 06:22:00,1.21362,1.21372,1.21342,1.21342,46
2005-06-21 06:23:00,1.21402,1.21402,1.21362,1.21362,49
2005-06-21 06:24:00,1.21362,1.21402,1.21362,1.21402,43
2005-06-21 06:25:00,1.21372,1.21372,1.21332,1.21362,53
2005-06-21 06:26:00,1.21382,1.21412,1.21362,1.21372,52
2005-06-21 06:27:00,1.21372,1.21392,1.21372,1.21392,49
2005-06-21 06:28:00,1.21356,1.21372,1.21356,1.21372,36
2005-06-21 06:29:00,1.21366,1.21366,1.21356,1.21356,41
2005-06-21 06:30:00,1.21366,1.21366,1.21366,1.21366,12
2005-06-21 06:31:00,1.21366,1.21366,1.21356,1.21366,26
2005-06-21 06:32:00,1.21366,1.21366,1.21366,1.21366,16
2005-06-21 06:33:00,1.21346,1.21366,1.21326,1.21366,39
2005-06-21 06:34:00,1.21376,1.21386,1.21346,1.21346,46
2005-06-21 06:35:00,1.21356,1.21376,1.21346,1.21376,33
2005-06-21 06:36:00,1.21366,1.21366,1.21346,1.21356,49
2005-06-21 06:37:00,1.21376,1.21376,1.21366,1.21366,40
2005-06-21 06:38:00,1.21366,1.21376,1.21366,1.21376,26
2005-06-21 06:39:00,1.21366,1.21366,1.21366,1.21366,20
2005-06-21 06:40:00,1.21376,1.21386,1.21366,1.21366,43
2005-06-21 06:41:00,1.21386,1.21386,1.21366,1.21376,37
2005-06-21 06:42:00,1.21406,1.21406,1.21386,1.21386,31
2005-06-21 06:43:00,1.21386,1.21406,1.21386,1.21406,37
2005-06-21 06:44:00,1.21386,1.21396,1.21376,1.21396,27
2005-06-21 06:45:00,1.21396,1.21396,1.21366,1.21386,45
2005-06-21 06:46:00,1.21396,1.21406,1.21386,1.21396,48
2005-06-21 06:47:00,1.21416,1.21436,1.21396,1.21396,44
2005-06-21 06:48:00,1.21416,1.21416,1.21416,1.21416,17
2005-06-21 06:49:00,1.21426,1.21426,1.21416,1.21416,24
2005-06-21 06:50:00,1.21426,1.21436,1.21426,1.21426,28
2005-06-21 06:51:00,1.21426,1.21436,1.21426,1.21426,41
2005-06-21 06:52:00,1.21416,1.21426,1.21416,1.21426,26
2005-06-21 06:53:00,1.21416,1.21426,1.21416,1.21416,28
2005-06-21 06:54:00,1.21416,1.21426,1.21416,1.21416,33
2005-06-21 06:55:00,1.21406,1.21416,1.21406,1.21416,22
2005-06-21 06:56:00,1.21406,1.21406,1.21386,1.21406,47
2005-06-21 06:57:00,1.21406,1.21416,1.21406,1.21406,35
2005-06-21 06:58:00,1.21406,1.21406,1.21396,1.21406,34
2005-06-21 06:59:00,1.21396,1.21416,1.21396,1.21406,36
2005-06-21 07:00:00,1.21416,1.21416,1.21396,1.21396,41
2005-06-21 07:01:00,1.21436,1.21436,1.21416,1.21416,29
2005-06-21 07:02:00,1.21446,1.21446,1.21436,1.21436,42
2005-06-21 07:03:00,1.21486,1.21486,1.21446,1.21446,35
2005-06-21 07:04:00,1.21476,1.21496,1.21476,1.21486,50
2005-06-21 07:05:00,1.21476,1.21496,1.21476,1.21476,52
2005-06-21 07:06:00,1.21486,1.21486,1.21466,1.21476,49
2005-06-21 07:07:00,1.21476,1.21496,1.21476,1.21486,38
2005-06-21 07:08:00,1.21466,1.21476,1.21466,1.21476,38
2005-06-21 07:09:00,1.21466,1.21476,1.21466,1.21466,38
2005-06-21 07:10:00,1.21456,1.21466,1.21456,1.21466,48
2005-06-21 07:11:00,1.21446,1.21466,1.21446,1.21466,35
2005-06-21 07:12:00,1.21446,1.21456,1.21446,1.21446,45
2005-06-21 07:13:00,1.21436,1.21446,1.21436,1.21446,37
2005-06-21 07:14:00,1.21416,1.21446,1.21416,1.21436,50
2005-06-21 07:15:00,1.21406,1.21426,1.21406,1.21416,48
2005-06-21 07:16:00,1.21446,1.21446,1.21416,1.21416,43
2005-06-21 07:17:00,1.21426,1.21456,1.21426,1.21446,50
2005-06-21 07:18:00,1.21406,1.21426,1.21406,1.21426,39
2005-06-21 07:19:00,1.21376,1.21406,1.21366,1.21406,44
2005-06-21 07:20:00,1.21376,1.21396,1.21376,1.21376,46
2005-06-21 07:21:00,1.21396,1.21406,1.21376,1.21376,34
2005-06-21 07:22:00,1.21416,1.21416,1.21386,1.21396,35
2005-06-21 07:23:00,1.21426,1.21436,1.21416,1.21416,44
2005-06-21 07:24:00,1.21426,1.21426,1.21416,1.21426,38
2005-06-21 07:25:00,1.21416,1.21426,1.21416,1.21426,33
2005-06-21 07:26:00,1.21416,1.21416,1.21396,1.21416,49
2005-06-21 07:27:00,1.21396,1.21416,1.21396,1.21416,49
2005-06-21 07:28:00,1.21396,1.21396,1.21386,1.21396,45
2005-06-21 07:29:00,1.21396,1.21396,1.21386,1.21396,39
2005-06-21 07:30:00,1.21356,1.21396,1.21356,1.21396,43
2005-06-21 07:31:00,1.21356,1.21356,1.21346,1.21356,49
2005-06-21 07:32:00,1.21356,1.21356,1.21346,1.21356,34
2005-06-21 07:33:00,1.21336,1.21366,1.21336,1.21356,38
2005-06-21 07:34:00,1.21316,1.21356,1.21306,1.21336,44
2005-06-21 07:35:00,1.21306,1.21326,1.21306,1.21316,49
2005-06-21 07:36:00,1.21276,1.21306,1.21276,1.21306,55
2005-06-21 07:37:00,1.21156,1.21276,1.21136,1.21276,51
2005-06-21 07:38:00,1.21126,1.21156,1.21116,1.21156,55
2005-06-21 07:39:00,1.21156,1.21156,1.21116,1.21126,43
2005-06-21 07:40:00,1.21146,1.21146,1.21116,1.21146,50
2005-06-21 07:41:00,1.21156,1.21166,1.21146,1.21156,38
2005-06-21 07:42:00,1.21176,1.21186,1.21156,1.21156,43
2005-06-21 07:43:00,1.21136,1.21176,1.21136,1.21176,42
2005-06-21 07:44:00,1.21086,1.21146,1.21076,1.21136,51
2005-06-21 07:45:00,1.21066,1.21096,1.21046,1.21086,50
2005-06-21 07:46:00,1.21076,1.21076,1.21046,1.21066,51
2005-06-21 07:47:00,1.21086,1.21096,1.21076,1.21076,38
2005-06-21 07:48:00,1.21066,1.21096,1.21066,1.21086,41
2005-06-21 07:49:00,1.21086,1.21086,1.21056,1.21066,48
2005-06-21 07:50:00,1.21066,1.21086,1.21056,1.21086,36
2005-06-21 07:51:00,1.21056,1.21066,1.21026,1.21066,47
2005-06-21 07:52:00,1.21086,1.21086,1.21066,1.21066,50
2005-06-21 07:53:00,1.21096,1.21116,1.21086,1.21086,44
2005-06-21 07:54:00,1.21096,1.21096,1.21086,1.21096,54
2005-06-21 07:55:00,1.21046,1.21096,1.21046,1.21096,38
2005-06-21 07:56:00,1.21056,1.21066,1.21036,1.21046,46
2005-06-21 07:57:00,1.21056,1.21056,1.21036,1.21056,49
2005-06-21 07:58:00,1.21016,1.21056,1.20996,1.21056,49
2005-06-21 07:59:00,1.20996,1.21026,1.20996,1.21016,49
2005-06-21 08:00:00,1.20976,1.20986,1.20946,1.20986,56
2005-06-21 08:01:00,1.2094,1.20976,1.20936,1.20966,59
2005-06-21 08:02:00,1.2095,1.2095,1.209,1.2094,57
2005-06-21 08:03:00,1.2093,1.2095,1.2092,1.2094,43
2005-06-21 08:04:00,1.2094,1.2094,1.2093,1.2093,52
2005-06-21 08:05:00,1.2097,1.2098,1.2094,1.2094,44
2005-06-21 08:06:00,1.20992,1.21002,1.2097,1.2097,51
2005-06-21 08:07:00,1.20992,1.21012,1.20982,1.20992,51
2005-06-21 08:08:00,1.20982,1.20992,1.20972,1.20992,50
2005-06-21 08:09:00,1.21002,1.21012,1.20982,1.20982,46
2005-06-21 08:10:00,1.21032,1.21042,1.21002,1.21002,46
2005-06-21 08:11:00,1.21002,1.21052,1.21002,1.21032,50
2005-06-21 08:12:00,1.21022,1.21032,1.21002,1.21002,44
2005-06-21 08:13:00,1.21022,1.21032,1.21002,1.21022,48
2005-06-21 08:14:00,1.21032,1.21042,1.21022,1.21022,46
2005-06-21 08:15:00,1.21042,1.21052,1.21022,1.21032,54
2005-06-21 08:16:00,1.21022,1.21042,1.21022,1.21042,33
2005-06-21 08:17:00,1.21032,1.21032,1.21022,1.21032,45
2005-06-21 08:18:00,1.21042,1.21042,1.21032,1.21032,44
2005-06-21 08:19:00,1.21028,1.21052,1.21028,1.21042,32
2005-06-21 08:20:00,1.21022,1.21038,1.21022,1.21028,47
2005-06-21 08:21:00,1.21022,1.21032,1.21012,1.21022,34
2005-06-21 08:22:00,1.21022,1.21032,1.21022,1.21022,34
2005-06-21 08:23:00,1.21002,1.21042,1.21002,1.21022,49
2005-06-21 08:24:00,1.21012,1.21022,1.21002,1.21002,33
2005-06-21 08:25:00,1.21002,1.21022,1.20992,1.21022,38
2005-06-21 08:26:00,1.20972,1.21002,1.20972,1.21002,48
2005-06-21 08:27:00,1.20972,1.20972,1.20942,1.20972,39
2005-06-21 08:28:00,1.20938,1.20962,1.20932,1.20962,48
2005-06-21 08:29:00,1.20928,1.20948,1.20928,1.20948,41
2005-06-21 08:30:00,1.20908,1.20928,1.20888,1.20928,53
2005-06-21 08:31:00,1.20918,1.20938,1.20898,1.20908,53
2005-06-21 08:32:00,1.20928,1.20928,1.20918,1.20928,41
2005-06-21 08:33:00,1.20948,1.20948,1.20928,1.20928,34
2005-06-21 08:34:00,1.20948,1.20958,1.20948,1.20948,34
2005-06-21 08:35:00,1.20958,1.20968,1.20938,1.20938,46
2005-06-21 08:36:00,1.20958,1.20978,1.20958,1.20958,40
2005-06-21 08:37:00,1.20978,1.20978,1.20958,1.20968,37
2005-06-21 08:38:00,1.20968,1.20998,1.20968,1.20988,50
2005-06-21 08:39:00,1.20978,1.20988,1.20948,1.20968,43
2005-06-21 08:40:00,1.20968,1.20978,1.20968,1.20978,46
2005-06-21 08:41:00,1.20968,1.20968,1.20958,1.20968,46
2005-06-21 08:42:00,1.20968,1.20978,1.20968,1.20968,32
2005-06-21 08:43:00,1.21018,1.21038,1.20968,1.20968,50
2005-06-21 08:44:00,1.21028,1.21038,1.21008,1.21028,46
2005-06-21 08:45:00,1.21028,1.21028,1.21018,1.21028,45
2005-06-21 08:46:00,1.21018,1.21028,1.21008,1.21028,49
2005-06-21 08:47:00,1.20988,1.21028,1.20988,1.21018,47
2005-06-21 08:48:00,1.20958,1.20998,1.20958,1.20988,53
2005-06-21 08:49:00,1.20958,1.20968,1.20958,1.20958,48
2005-06-21 08:50:00,1.20968,1.20968,1.20948,1.20958,32
2005-06-21 08:51:00,1.20978,1.20978,1.20968,1.20968,40
2005-06-21 08:52:00,1.20988,1.20988,1.20968,1.20978,49
2005-06-21 08:53:00,1.20968,1.20988,1.20968,1.20988,36
2005-06-21 08:54:00,1.20928,1.20958,1.20908,1.20958,47
2005-06-21 08:55:00,1.20938,1.20938,1.20908,1.20928,57
2005-06-21 08:56:00,1.20918,1.20948,1.20898,1.20938,56
2005-06-21 08:57:00,1.20938,1.20938,1.20918,1.20928,46
2005-06-21 08:58:00,1.20908,1.20938,1.20908,1.20938,41
2005-06-21 08:59:00,1.20918,1.20918,1.20898,1.20908,45
2005-06-21 09:00:00,1.20988,1.21008,1.20918,1.20918,67
2005-06-21 09:01:00,1.20838,1.20978,1.20818,1.20978,63
2005-06-21 09:02:00,1.20858,1.20858,1.20838,1.20838,53
2005-06-21 09:03:00,1.20848,1.20868,1.20838,1.20858,48
2005-06-21 09:04:00,1.20848,1.20868,1.20848,1.20848,55
2005-06-21 09:05:00,1.20838,1.20868,1.20838,1.20848,54
2005-06-21 09:06:00,1.2083,1.20848,1.20818,1.20838,46
2005-06-21 09:07:00,1.2088,1.2088,1.2083,1.2083,48
2005-06-21 09:08:00,1.209,1.2091,1.2087,1.2088,49
2005-06-21 09:09:00,1.2089,1.2092,1.2089,1.209,43
2005-06-21 09:10:00,1.2091,1.2091,1.2089,1.2089,34
2005-06-21 09:11:00,1.2092,1.2094,1.2091,1.2091,47
2005-06-21 09:12:00,1.2094,1.2095,1.2092,1.2092,36
2005-06-21 09:13:00,1.2094,1.2094,1.2093,1.2093,31
2005-06-21 09:14:00,1.2094,1.2094,1.2094,1.2094,19
2005-06-21 09:15:00,1.2092,1.2094,1.2092,1.2094,43
2005-06-21 09:16:00,1.2093,1.2094,1.2092,1.2092,30
2005-06-21 09:17:00,1.2094,1.2094,1.2093,1.2093,33
2005-06-21 09:18:00,1.2092,1.2094,1.2091,1.2094,43
2005-06-21 09:19:00,1.2095,1.2095,1.2092,1.2092,54
2005-06-21 09:20:00,1.2093,1.2095,1.2093,1.2095,49
2005-06-21 09:21:00,1.2093,1.2094,1.2093,1.2093,37
2005-06-21 09:22:00,1.2092,1.2093,1.209,1.2093,48
2005-06-21 09:23:00,1.2089,1.2092,1.2087,1.2091,45
2005-06-21 09:24:00,1.2089,1.2091,1.2089,1.2089,39
2005-06-21 09:25:00,1.2088,1.2089,1.2087,1.2089,29
2005-06-21 09:26:00,1.2089,1.2089,1.2087,1.2088,39
2005-06-21 09:27:00,1.209,1.209,1.2088,1.2089,36
2005-06-21 09:28:00,1.209,1.209,1.2089,1.2089,32
2005-06-21 09:29:00,1.2094,1.2094,1.209,1.209,50
2005-06-21 09:30:00,1.2095,1.2096,1.2093,1.2093,47
2005-06-21 09:31:00,1.2095,1.2096,1.2094,1.2095,30
2005-06-21 09:32:00,1.2094,1.2096,1.2093,1.2095,49
2005-06-21 09:33:00,1.2093,1.2094,1.2093,1.2094,27
2005-06-21 09:34:00,1.2093,1.2094,1.2093,1.2093,25
2005-06-21 09:35:00,1.2094,1.2094,1.2093,1.2093,33
2005-06-21 09:36:00,1.2093,1.2095,1.2093,1.2093,33
2005-06-21 09:37:00,1.2093,1.2094,1.2092,1.2093,33
2005-06-21 09:38:00,1.2091,1.2093,1.2091,1.2093,39
2005-06-21 09:39:00,1.2089,1.2091,1.2088,1.2091,44
2005-06-21 09:40:00,1.209,1.2091,1.2089,1.2089,40
2005-06-21 09:41:00,1.209,1.2091,1.2089,1.209,35
2005-06-21 09:42:00,1.209,1.209,1.2089,1.209,37
2005-06-21 09:43:00,1.2089,1.209,1.2088,1.209,44
2005-06-21 09:44:00,1.209,1.209,1.2088,1.2089,29
2005-06-21 09:45:00,1.2088,1.209,1.2088,1.209,45
2005-06-21 09:46:00,1.2085,1.2088,1.2085,1.2088,45
2005-06-21 09:47:00,1.2085,1.2086,1.2085,1.2085,42
2005-06-21 09:48:00,1.2084,1.2086,1.2082,1.2086,43
2005-06-21 09:49:00,1.2081,1.2084,1.2078,1.2084,57
2005-06-21 09:50:00,1.2079,1.2082,1.2079,1.2082,58
2005-06-21 09:51:00,1.2079,1.2079,1.2076,1.2078,48
2005-06-21 09:52:00,1.208,1.2081,1.2079,1.2079,46
2005-06-21 09:53:00,1.208,1.208,1.2079,1.208,35
2005-06-21 09:54:00,1.2082,1.2082,1.208,1.208,25
2005-06-21 09:55:00,1.2084,1.2084,1.2082,1.2082,43
2005-06-21 09:56:00,1.2085,1.2086,1.2084,1.2084,33
2005-06-21 09:57:00,1.2087,1.2087,1.2085,1.2085,49
2005-06-21 09:58:00,1.2086,1.2088,1.2085,1.2087,34
2005-06-21 09:59:00,1.2084,1.2085,1.2084,1.2085,27
2005-06-21 10:00:00,1.2085,1.2086,1.2084,1.2084,28
2005-06-21 10:01:00,1.2085,1.2086,1.2085,1.2085,28
2005-06-21 10:02:00,1.2085,1.2086,1.2085,1.2085,32
2005-06-21 10:03:00,1.2085,1.2086,1.2084,1.2085,35
2005-06-21 10:04:00,1.2087,1.2087,1.2085,1.2085,37
2005-06-21 10:05:00,1.2089,1.2089,1.2087,1.2087,38
2005-06-21 10:06:00,1.2093,1.2094,1.2089,1.2089,48
2005-06-21 10:07:00,1.2094,1.2096,1.2093,1.2093,48
2005-06-21 10:08:00,1.2095,1.2095,1.2092,1.2094,44
2005-06-21 10:09:00,1.2094,1.2095,1.2094,1.2095,46
2005-06-21 10:10:00,1.2093,1.2095,1.2093,1.2094,35
2005-06-21 10:11:00,1.2094,1.2095,1.2093,1.2093,37
2005-06-21 10:12:00,1.2093,1.2095,1.2093,1.2094,37
2005-06-21 10:13:00,1.2095,1.2096,1.2093,1.2093,46
2005-06-21 10:14:00,1.2096,1.2096,1.2095,1.2096,34
2005-06-21 10:15:00,1.2094,1.2097,1.2094,1.2097,37
2005-06-21 10:16:00,1.2093,1.2094,1.2092,1.2094,35
2005-06-21 10:17:00,1.2092,1.2093,1.2092,1.2093,30
2005-06-21 10:18:00,1.2091,1.2093,1.2091,1.2092,48
2005-06-21 10:19:00,1.2089,1.2092,1.2089,1.2091,39
2005-06-21 10:20:00,1.2087,1.209,1.2086,1.2089,43
2005-06-21 10:21:00,1.2088,1.2089,1.2086,1.2087,51
2005-06-21 10:22:00,1.209,1.209,1.2088,1.2088,38
2005-06-21 10:23:00,1.2091,1.2092,1.209,1.209,34
2005-06-21 10:24:00,1.2092,1.2092,1.2091,1.2091,25
2005-06-21 10:25:00,1.2091,1.2092,1.2091,1.2092,34
2005-06-21 10:26:00,1.2092,1.2092,1.2091,1.2091,20
2005-06-21 10:27:00,1.2089,1.2093,1.2089,1.2092,37
2005-06-21 10:28:00,1.2087,1.209,1.2087,1.2089,39
2005-06-21 10:29:00,1.2086,1.2087,1.2086,1.2087,32
2005-06-21 10:30:00,1.2085,1.2086,1.2083,1.2086,30
2005-06-21 10:31:00,1.2085,1.2088,1.2084,1.2085,48
2005-06-21 10:32:00,1.2085,1.2086,1.2082,1.2085,54
2005-06-21 10:33:00,1.2087,1.2087,1.2085,1.2085,39
2005-06-21 10:34:00,1.2086,1.2087,1.2086,1.2087,39
2005-06-21 10:35:00,1.2087,1.2087,1.2084,1.2086,54
2005-06-21 10:36:00,1.209,1.209,1.2085,1.2086,49
2005-06-21 10:37:00,1.2089,1.209,1.2088,1.2089,45
2005-06-21 10:38:00,1.2089,1.2089,1.2088,1.2089,38
2005-06-21 10:39:00,1.2088,1.2089,1.2088,1.2089,37
2005-06-21 10:40:00,1.2087,1.2088,1.2086,1.2088,40
2005-06-21 10:41:00,1.2086,1.2088,1.2085,1.2087,39
2005-06-21 10:42:00,1.2086,1.2086,1.2085,1.2086,26
2005-06-21 10:43:00,1.2087,1.2087,1.2086,1.2086,24
2005-06-21 10:44:00,1.209,1.209,1.2087,1.2087,41
2005-06-21 10:45:00,1.2089,1.209,1.2088,1.209,32
2005-06-21 10:46:00,1.2089,1.2089,1.2087,1.2089,31
2005-06-21 10:47:00,1.2088,1.2089,1.2088,1.2089,27
2005-06-21 10:48:00,1.2086,1.2089,1.2086,1.2088,45
2005-06-21 10:49:00,1.2087,1.2087,1.2086,1.2087,42
2005-06-21 10:50:00,1.2087,1.2087,1.2086,1.2087,18
2005-06-21 10:51:00,1.2085,1.2087,1.2085,1.2087,36
2005-06-21 10:52:00,1.2086,1.2087,1.2085,1.2085,34
2005-06-21 10:53:00,1.2086,1.2087,1.2086,1.2086,34
2005-06-21 10:54:00,1.2086,1.2086,1.2086,1.2086,33
2005-06-21 10:55:00,1.2086,1.2087,1.2086,1.2086,20
2005-06-21 10:56:00,1.2089,1.209,1.2087,1.2087,50
2005-06-21 10:57:00,1.2089,1.2089,1.2088,1.2089,29
2005-06-21 10:58:00,1.2084,1.2089,1.2084,1.2089,51
2005-06-21 10:59:00,1.2085,1.2085,1.2084,1.2084,30
2005-06-21 11:00:00,1.2083,1.2085,1.2083,1.2085,34
2005-06-21 11:01:00,1.2083,1.2084,1.2082,1.2083,41
2005-06-21 11:02:00,1.208,1.2083,1.2079,1.2083,48
2005-06-21 11:03:00,1.208,1.208,1.208,1.208,25
2005-06-21 11:04:00,1.2079,1.208,1.2079,1.208,24
2005-06-21 11:05:00,1.2076,1.2079,1.2076,1.2079,49
2005-06-21 11:06:00,1.2072,1.2077,1.2071,1.2076,49
2005-06-21 11:07:00,1.2072,1.2073,1.2071,1.2073,51
2005-06-21 11:08:00,1.2072,1.2073,1.2071,1.2072,51
2005-06-21 11:09:00,1.2072,1.2073,1.2071,1.2072,56
2005-06-21 11:10:00,1.2075,1.2076,1.2072,1.2072,54
2005-06-21 11:11:00,1.2077,1.2077,1.2074,1.2074,43
2005-06-21 11:12:00,1.2077,1.2077,1.2076,1.2077,42
2005-06-21 11:13:00,1.2077,1.2077,1.2076,1.2077,31
2005-06-21 11:14:00,1.2079,1.208,1.2077,1.2077,34
2005-06-21 11:15:00,1.2083,1.2085,1.2079,1.2079,57
2005-06-21 11:16:00,1.2083,1.2084,1.2082,1.2083,43
2005-06-21 11:17:00,1.2082,1.2083,1.2082,1.2083,33
2005-06-21 11:18:00,1.2077,1.2081,1.2077,1.2081,40
2005-06-21 11:19:00,1.2077,1.2077,1.2075,1.2077,48
2005-06-21 11:20:00,1.2077,1.2079,1.2077,1.2077,48
2005-06-21 11:21:00,1.2078,1.2079,1.2077,1.2077,29
2005-06-21 11:22:00,1.2076,1.2077,1.2075,1.2077,44
2005-06-21 11:23:00,1.2078,1.2078,1.2076,1.2076,50
2005-06-21 11:24:00,1.2079,1.2079,1.2078,1.2078,28
2005-06-21 11:25:00,1.2079,1.2079,1.2079,1.2079,21
2005-06-21 11:26:00,1.2076,1.2079,1.2076,1.2079,19
2005-06-21 11:27:00,1.2076,1.2076,1.2075,1.2076,43
2005-06-21 11:28:00,1.2078,1.2078,1.2076,1.2076,33
2005-06-21 11:29:00,1.208,1.208,1.2078,1.2078,48
2005-06-21 11:30:00,1.2079,1.208,1.2079,1.208,42
2005-06-21 11:31:00,1.2079,1.208,1.2077,1.2079,51
2005-06-21 11:32:00,1.2077,1.208,1.2077,1.2079,49
2005-06-21 11:33:00,1.2078,1.2078,1.2076,1.2077,51
2005-06-21 11:34:00,1.208,1.208,1.2078,1.2078,42
2005-06-21 11:35:00,1.2081,1.2081,1.2079,1.2079,27
2005-06-21 11:36:00,1.2083,1.2083,1.208,1.2081,40
2005-06-21 11:37:00,1.2084,1.2086,1.2081,1.2083,53
2005-06-21 11:38:00,1.2084,1.2085,1.2083,1.2084,54
2005-06-21 11:39:00,1.2084,1.2084,1.2083,1.2084,42
2005-06-21 11:40:00,1.2084,1.2086,1.2084,1.2084,38
2005-06-21 11:41:00,1.2082,1.2084,1.2081,1.2084,37
2005-06-21 11:42:00,1.2077,1.2082,1.2077,1.2082,41
2005-06-21 11:43:00,1.2079,1.208,1.2076,1.2077,51
2005-06-21 11:44:00,1.2079,1.208,1.2079,1.2079,43
2005-06-21 11:45:00,1.2081,1.2081,1.2079,1.2079,44
2005-06-21 11:46:00,1.2082,1.2083,1.2081,1.2081,37
2005-06-21 11:47:00,1.2082,1.2083,1.2082,1.2082,40
2005-06-21 11:48:00,1.2081,1.2083,1.208,1.2082,49
2005-06-21 11:49:00,1.208,1.2081,1.208,1.2081,29
2005-06-21 11:50:00,1.2081,1.2081,1.208,1.208,25
2005-06-21 11:51:00,1.2081,1.2081,1.2081,1.2081,30
2005-06-21 11:52:00,1.2083,1.2083,1.2081,1.2081,39
2005-06-21 11:53:00,1.2086,1.2086,1.2083,1.2083,45
2005-06-21 11:54:00,1.2088,1.2088,1.2085,1.2086,46
2005-06-21 11:55:00,1.2087,1.2088,1.2086,1.2088,47
2005-06-21 11:56:00,1.2089,1.2089,1.2086,1.2087,49
2005-06-21 11:57:00,1.2089,1.2091,1.2088,1.2089,50
2005-06-21 11:58:00,1.2091,1.2091,1.2088,1.209,51
2005-06-21 11:59:00,1.2091,1.2093,1.209,1.2091,54
2005-06-21 12:00:00,1.2093,1.2094,1.209,1.209,47
2005-06-21 12:01:00,1.2092,1.2094,1.2092,1.2093,46
2005-06-21 12:02:00,1.2092,1.2094,1.2092,1.2092,43
2005-06-21 12:03:00,1.2093,1.2093,1.2092,1.2092,38
2005-06-21 12:04:00,1.2095,1.2095,1.2092,1.2093,49
2005-06-21 12:05:00,1.2097,1.2097,1.2095,1.2095,54
2005-06-21 12:06:00,1.2097,1.2099,1.2096,1.2097,44
2005-06-21 12:07:00,1.2095,1.2097,1.2093,1.2097,44
2005-06-21 12:08:00,1.2095,1.2095,1.2094,1.2095,40
2005-06-21 12:09:00,1.2092,1.2096,1.2092,1.2095,49
2005-06-21 12:10:00,1.2096,1.2096,1.2092,1.2092,38
2005-06-21 12:11:00,1.2093,1.2096,1.2093,1.2096,44
2005-06-21 12:12:00,1.2096,1.2098,1.2093,1.2093,48
2005-06-21 12:13:00,1.2101,1.2102,1.2096,1.2096,49
2005-06-21 12:14:00,1.2092,1.2101,1.2092,1.2101,49
2005-06-21 12:15:00,1.2092,1.2094,1.2091,1.2091,48
2005-06-21 12:16:00,1.209,1.2092,1.2088,1.2092,43
2005-06-21 12:17:00,1.209,1.2091,1.2089,1.209,48
2005-06-21 12:18:00,1.2091,1.2091,1.209,1.209,33
2005-06-21 12:19:00,1.2093,1.2093,1.2091,1.2091,40
2005-06-21 12:20:00,1.2095,1.2096,1.2092,1.2092,46
2005-06-21 12:21:00,1.2094,1.2095,1.2094,1.2095,49
2005-06-21 12:22:00,1.2095,1.2095,1.2094,1.2094,23
2005-06-21 12:23:00,1.2093,1.2095,1.2093,1.2095,32
2005-06-21 12:24:00,1.2092,1.2094,1.2092,1.2093,31
2005-06-21 12:25:00,1.2093,1.2093,1.2092,1.2092,27
2005-06-21 12:26:00,1.2093,1.2093,1.2093,1.2093,15
2005-06-21 12:27:00,1.2093,1.2094,1.2092,1.2093,41
2005-06-21 12:28:00,1.2094,1.2094,1.2093,1.2093,33
2005-06-21 12:29:00,1.2094,1.2095,1.2094,1.2094,38
2005-06-21 12:30:00,1.2097,1.2097,1.2094,1.2094,38
2005-06-21 12:31:00,1.21,1.21,1.2096,1.2097,41
2005-06-21 12:32:00,1.2098,1.2101,1.2097,1.21,47
2005-06-21 12:33:00,1.2097,1.2098,1.2096,1.2098,39
2005-06-21 12:34:00,1.2096,1.2096,1.2095,1.2096,35
2005-06-21 12:35:00,1.2094,1.2096,1.2094,1.2096,42
2005-06-21 12:36:00,1.2094,1.2094,1.2094,1.2094,24
2005-06-21 12:37:00,1.2093,1.2095,1.2093,1.2095,36
2005-06-21 12:38:00,1.209,1.2092,1.209,1.2092,44
2005-06-21 12:39:00,1.209,1.209,1.2087,1.209,40
2005-06-21 12:40:00,1.2091,1.2092,1.2089,1.209,40
2005-06-21 12:41:00,1.2089,1.2091,1.2087,1.2091,48
2005-06-21 12:42:00,1.2088,1.2089,1.2087,1.2089,37
2005-06-21 12:43:00,1.209,1.209,1.2088,1.2088,35
2005-06-21 12:44:00,1.2093,1.2093,1.209,1.209,48
2005-06-21 12:45:00,1.2094,1.2096,1.2091,1.2093,45
2005-06-21 12:46:00,1.2094,1.2096,1.2094,1.2094,48
2005-06-21 12:47:00,1.2089,1.2095,1.2088,1.2094,51
2005-06-21 12:48:00,1.209,1.209,1.2089,1.2089,42
2005-06-21 12:49:00,1.2088,1.209,1.2087,1.209,45
2005-06-21 12:50:00,1.20876,1.2088,1.2086,1.2088,41
2005-06-21 12:51:00,1.20876,1.20886,1.20866,1.20876,42
2005-06-21 12:52:00,1.20886,1.20886,1.20876,1.20876,31
2005-06-21 12:53:00,1.20906,1.20916,1.20886,1.20886,44
2005-06-21 12:54:00,1.20906,1.20916,1.20896,1.20906,47
2005-06-21 12:55:00,1.20906,1.20906,1.20896,1.20906,43
2005-06-21 12:56:00,1.20956,1.20956,1.20906,1.20906,36
2005-06-21 12:57:00,1.2098,1.2099,1.20956,1.20956,45
2005-06-21 12:58:00,1.21028,1.21046,1.2098,1.2098,58
2005-06-21 12:59:00,1.21028,1.21038,1.21018,1.21028,41
2005-06-21 13:00:00,1.21078,1.21098,1.21018,1.21028,45
2005-06-21 13:01:00,1.21058,1.21098,1.21058,1.21078,45
2005-06-21 13:02:00,1.21078,1.21088,1.21058,1.21058,42
2005-06-21 13:03:00,1.21088,1.21088,1.21068,1.21078,42
2005-06-21 13:04:00,1.21068,1.21088,1.21058,1.21088,38
2005-06-21 13:05:00,1.21068,1.21078,1.21058,1.21058,38
2005-06-21 13:06:00,1.2108,1.2108,1.2105,1.21068,51
2005-06-21 13:07:00,1.2108,1.2109,1.2105,1.2108,50
2005-06-21 13:08:00,1.2108,1.2111,1.2108,1.2108,47
2005-06-21 13:09:00,1.2107,1.2109,1.2107,1.2108,54
2005-06-21 13:10:00,1.2105,1.2108,1.2104,1.2107,42
2005-06-21 13:11:00,1.2105,1.2106,1.2104,1.2105,48
2005-06-21 13:12:00,1.211,1.211,1.2106,1.2106,36
2005-06-21 13:13:00,1.21116,1.21126,1.211,1.211,43
2005-06-21 13:14:00,1.21136,1.21136,1.21096,1.21116,43
2005-06-21 13:15:00,1.21128,1.21146,1.2111,1.21136,42
2005-06-21 13:16:00,1.21138,1.21148,1.21138,1.21138,50
2005-06-21 13:17:00,1.21158,1.21178,1.21138,1.21138,42
2005-06-21 13:18:00,1.21138,1.21168,1.21128,1.21158,48
2005-06-21 13:19:00,1.21158,1.21158,1.21148,1.21148,39
2005-06-21 13:20:00,1.21178,1.21188,1.21158,1.21158,39
2005-06-21 13:21:00,1.2117,1.21188,1.2116,1.21178,43
2005-06-21 13:22:00,1.2114,1.2117,1.2114,1.2115,41
2005-06-21 13:23:00,1.21146,1.2115,1.21136,1.2114,43
2005-06-21 13:24:00,1.21166,1.21176,1.21146,1.21146,43
2005-06-21 13:25:00,1.21166,1.21196,1.21156,1.21176,39
2005-06-21 13:26:00,1.21126,1.21166,1.21126,1.21166,44
2005-06-21 13:27:00,1.21146,1.21146,1.21116,1.21126,41
2005-06-21 13:28:00,1.21166,1.21176,1.21136,1.21136,42
2005-06-21 13:29:00,1.21136,1.21166,1.21136,1.21166,40
2005-06-21 13:30:00,1.21116,1.21136,1.21116,1.21136,32
2005-06-21 13:31:00,1.21106,1.21126,1.21096,1.21116,50
2005-06-21 13:32:00,1.21106,1.21126,1.21096,1.21106,31
2005-06-21 13:33:00,1.21086,1.21106,1.21086,1.21106,35
2005-06-21 13:34:00,1.21086,1.21086,1.21066,1.21076,43
2005-06-21 13:35:00,1.21106,1.21116,1.21086,1.21086,33
2005-06-21 13:36:00,1.21146,1.21146,1.21106,1.21106,40
2005-06-21 13:37:00,1.21126,1.21146,1.21126,1.21146,39
2005-06-21 13:38:00,1.21136,1.21136,1.21116,1.21126,45
2005-06-21 13:39:00,1.21136,1.21146,1.21126,1.21136,38
2005-06-21 13:40:00,1.21136,1.21146,1.21136,1.21136,47
2005-06-21 13:41:00,1.21156,1.21156,1.21136,1.21136,26
2005-06-21 13:42:00,1.21136,1.21166,1.21136,1.21156,45
2005-06-21 13:43:00,1.21146,1.21156,1.21136,1.21136,48
2005-06-21 13:44:00,1.21176,1.21186,1.21136,1.21136,41
2005-06-21 13:45:00,1.21166,1.21186,1.21156,1.21176,49
2005-06-21 13:46:00,1.21166,1.21196,1.21166,1.21166,49
2005-06-21 13:47:00,1.21156,1.21196,1.21156,1.21176,46
2005-06-21 13:48:00,1.21156,1.21176,1.21156,1.21156,41
2005-06-21 13:49:00,1.21126,1.21156,1.21126,1.21156,42
2005-06-21 13:50:00,1.21116,1.21126,1.21106,1.21126,43
2005-06-21 13:51:00,1.21136,1.21146,1.21116,1.21116,44
2005-06-21 13:52:00,1.21146,1.21146,1.21126,1.21136,33
2005-06-21 13:53:00,1.21136,1.21146,1.21136,1.21146,41
2005-06-21 13:54:00,1.21116,1.21126,1.21116,1.21126,34
2005-06-21 13:55:00,1.21146,1.21146,1.21116,1.21116,31
2005-06-21 13:56:00,1.21116,1.21156,1.21116,1.21146,46
2005-06-21 13:57:00,1.21136,1.21136,1.21116,1.21116,40
2005-06-21 13:58:00,1.21136,1.21156,1.21136,1.21146,53
2005-06-21 13:59:00,1.21122,1.21146,1.21106,1.21136,44
2005-06-21 14:00:00,1.21112,1.21122,1.21102,1.21122,52
2005-06-21 14:01:00,1.21082,1.21112,1.21082,1.21112,39
2005-06-21 14:02:00,1.21072,1.21082,1.21072,1.21082,36
2005-06-21 14:03:00,1.21032,1.21072,1.21022,1.21072,38
2005-06-21 14:04:00,1.21032,1.21032,1.21012,1.21032,42
2005-06-21 14:05:00,1.20992,1.21032,1.20992,1.21032,42
2005-06-21 14:06:00,1.21002,1.21002,1.20972,1.20992,48
2005-06-21 14:07:00,1.21042,1.21052,1.21002,1.21002,46
2005-06-21 14:08:00,1.20992,1.21052,1.20992,1.21052,49
2005-06-21 14:09:00,1.21012,1.21012,1.20982,1.20992,46
2005-06-21 14:10:00,1.21022,1.21042,1.21002,1.21002,40
2005-06-21 14:11:00,1.21032,1.21042,1.21032,1.21032,42
2005-06-21 14:12:00,1.21062,1.21072,1.21032,1.21032,50
2005-06-21 14:13:00,1.21052,1.21062,1.21042,1.21062,42
2005-06-21 14:14:00,1.21042,1.21052,1.21032,1.21052,44
2005-06-21 14:15:00,1.21042,1.21052,1.21032,1.21042,45
2005-06-21 14:16:00,1.21042,1.21042,1.21032,1.21032,46
2005-06-21 14:17:00,1.21052,1.21052,1.21022,1.21042,44
2005-06-21 14:18:00,1.21082,1.21082,1.21042,1.21042,43
2005-06-21 14:19:00,1.21102,1.21102,1.21082,1.21082,39
2005-06-21 14:20:00,1.21122,1.21132,1.21102,1.21102,43
2005-06-21 14:21:00,1.21152,1.21152,1.21112,1.21122,43
2005-06-21 14:22:00,1.21132,1.21162,1.21132,1.21162,46
2005-06-21 14:23:00,1.21132,1.21142,1.21132,1.21132,29
2005-06-21 14:24:00,1.21142,1.21152,1.21122,1.21122,46
2005-06-21 14:25:00,1.21162,1.21172,1.21142,1.21142,45
2005-06-21 14:26:00,1.21122,1.21172,1.21122,1.21172,48
2005-06-21 14:27:00,1.21082,1.21132,1.21082,1.21122,44
2005-06-21 14:28:00,1.21082,1.21102,1.21072,1.21082,45
2005-06-21 14:29:00,1.21072,1.21082,1.21052,1.21082,48
2005-06-21 14:30:00,1.21032,1.21082,1.21022,1.21072,49
2005-06-21 14:31:00,1.21032,1.21052,1.21032,1.21032,44
2005-06-21 14:32:00,1.21032,1.21042,1.21032,1.21042,40
2005-06-21 14:33:00,1.21022,1.21032,1.21012,1.21032,35
2005-06-21 14:34:00,1.21042,1.21042,1.21012,1.21022,50
2005-06-21 14:35:00,1.21042,1.21042,1.21022,1.21042,38
2005-06-21 14:36:00,1.21032,1.21042,1.21022,1.21042,38
2005-06-21 14:37:00,1.21012,1.21032,1.21012,1.21032,37
2005-06-21 14:38:00,1.20942,1.21012,1.20932,1.21012,57
2005-06-21 14:39:00,1.20922,1.20952,1.20902,1.20942,44
2005-06-21 14:40:00,1.20922,1.20922,1.20912,1.20922,43
2005-06-21 14:41:00,1.20962,1.20962,1.20922,1.20922,40
2005-06-21 14:42:00,1.20942,1.20972,1.20942,1.20952,43
2005-06-21 14:43:00,1.20962,1.20972,1.20952,1.20962,35
2005-06-21 14:44:00,1.21012,1.21012,1.20962,1.20962,44
2005-06-21 14:45:00,1.21022,1.21022,1.20992,1.21012,44
2005-06-21 14:46:00,1.21062,1.21062,1.21012,1.21022,48
2005-06-21 14:47:00,1.21262,1.21272,1.21062,1.21062,70
2005-06-21 14:48:00,1.21402,1.21402,1.21232,1.21262,62
2005-06-21 14:49:00,1.21372,1.21492,1.21362,1.21392,55
2005-06-21 14:50:00,1.21272,1.21372,1.21272,1.21362,55
2005-06-21 14:51:00,1.21302,1.21332,1.21242,1.21272,46
2005-06-21 14:52:00,1.21282,1.21332,1.21272,1.21302,55
2005-06-21 14:53:00,1.21362,1.21362,1.21272,1.21282,57
2005-06-21 14:54:00,1.21322,1.21362,1.21312,1.21362,57
2005-06-21 14:55:00,1.21282,1.21352,1.21282,1.21322,45
2005-06-21 14:56:00,1.21292,1.21292,1.21262,1.21282,54
2005-06-21 14:57:00,1.21352,1.21372,1.21292,1.21292,52
2005-06-21 14:58:00,1.21312,1.21372,1.21312,1.21352,58
2005-06-21 14:59:00,1.21332,1.21352,1.21322,1.21332,54
2005-06-21 15:00:00,1.21362,1.21362,1.21302,1.21332,50
2005-06-21 15:01:00,1.21422,1.21432,1.21352,1.21362,53
2005-06-21 15:02:00,1.21372,1.21422,1.21342,1.21422,54
2005-06-21 15:03:00,1.21352,1.21372,1.21342,1.21372,41
2005-06-21 15:04:00,1.21322,1.21362,1.21322,1.21352,46
2005-06-21 15:05:00,1.21392,1.21392,1.21322,1.21322,50
2005-06-21 15:06:00,1.21352,1.21392,1.21352,1.21392,49
2005-06-21 15:07:00,1.21322,1.21352,1.21322,1.21352,41
2005-06-21 15:08:00,1.21292,1.21322,1.21282,1.21312,44
2005-06-21 15:09:00,1.21312,1.21332,1.21292,1.21302,48
2005-06-21 15:10:00,1.21322,1.21322,1.21292,1.21312,45
2005-06-21 15:11:00,1.21362,1.21372,1.21322,1.21322,51
2005-06-21 15:12:00,1.21392,1.21392,1.21352,1.21372,48
2005-06-21 15:13:00,1.21462,1.21522,1.21392,1.21392,52
2005-06-21 15:14:00,1.21452,1.21462,1.21402,1.21462,45
2005-06-21 15:15:00,1.21422,1.21462,1.21412,1.21462,45
2005-06-21 15:16:00,1.21392,1.21442,1.21382,1.21422,46
2005-06-21 15:17:00,1.21352,1.21412,1.21352,1.21392,50
2005-06-21 15:18:00,1.21392,1.21392,1.21352,1.21352,42
2005-06-21 15:19:00,1.21412,1.21412,1.21382,1.21392,54
2005-06-21 15:20:00,1.21372,1.21422,1.21372,1.21412,47
2005-06-21 15:21:00,1.21382,1.21382,1.21362,1.21372,46
2005-06-21 15:22:00,1.21372,1.21422,1.21372,1.21382,49
2005-06-21 15:23:00,1.21362,1.21372,1.21362,1.21372,44
2005-06-21 15:24:00,1.21372,1.21372,1.21352,1.21362,38
2005-06-21 15:25:00,1.21362,1.21372,1.21362,1.21372,32
2005-06-21 15:26:00,1.21322,1.21362,1.21322,1.21362,35
2005-06-21 15:27:00,1.21342,1.21342,1.21322,1.21322,31
2005-06-21 15:28:00,1.21332,1.21362,1.21312,1.21342,54
2005-06-21 15:29:00,1.21332,1.21352,1.21322,1.21332,49
2005-06-21 15:30:00,1.21322,1.21342,1.21322,1.21332,36
2005-06-21 15:31:00,1.21342,1.21352,1.21302,1.21332,50
2005-06-21 15:32:00,1.21342,1.21362,1.21342,1.21352,37
2005-06-21 15:33:00,1.2132,1.21332,1.2131,1.21332,39
2005-06-21 15:34:00,1.2133,1.2133,1.2132,1.2132,31
2005-06-21 15:35:00,1.2126,1.2133,1.2126,1.2133,52
2005-06-21 15:36:00,1.2127,1.2127,1.2125,1.2126,35
2005-06-21 15:37:00,1.2125,1.2127,1.2125,1.2126,30
2005-06-21 15:38:00,1.2129,1.2129,1.2125,1.2125,51
2005-06-21 15:39:00,1.2128,1.2129,1.2127,1.2128,41
2005-06-21 15:40:00,1.21268,1.2128,1.21258,1.2128,44
2005-06-21 15:41:00,1.21276,1.21296,1.21256,1.21268,50
2005-06-21 15:42:00,1.21298,1.21298,1.21276,1.21276,54
2005-06-21 15:43:00,1.21358,1.21358,1.21298,1.21298,45
2005-06-21 15:44:00,1.21348,1.21358,1.21338,1.21358,33
2005-06-21 15:45:00,1.2134,1.2137,1.2134,1.21348,44
2005-06-21 15:46:00,1.213,1.2134,1.2129,1.2134,45
2005-06-21 15:47:00,1.213,1.2131,1.2129,1.2131,51
2005-06-21 15:48:00,1.2134,1.2134,1.213,1.213,59
2005-06-21 15:49:00,1.21336,1.21346,1.2133,1.2134,48
2005-06-21 15:50:00,1.21366,1.21376,1.21336,1.21336,48
2005-06-21 15:51:00,1.21356,1.21366,1.21336,1.21366,43
2005-06-21 15:52:00,1.21346,1.21366,1.21346,1.21356,38
2005-06-21 15:53:00,1.21336,1.21346,1.21336,1.21346,28
2005-06-21 15:54:00,1.21346,1.21356,1.21326,1.21326,46
2005-06-21 15:55:00,1.21366,1.21366,1.21346,1.21356,45
2005-06-21 15:56:00,1.21386,1.21396,1.21376,1.21376,47
2005-06-21 15:57:00,1.21386,1.21406,1.21376,1.21386,43
2005-06-21 15:58:00,1.21356,1.21396,1.21356,1.21386,46
2005-06-21 15:59:00,1.21336,1.21356,1.21326,1.21356,34
2005-06-21 16:00:00,1.21346,1.21346,1.21336,1.21336,39
2005-06-21 16:01:00,1.21346,1.21366,1.21346,1.21346,47
2005-06-21 16:02:00,1.21316,1.21346,1.21296,1.21346,48
2005-06-21 16:03:00,1.21306,1.21316,1.21296,1.21306,49
2005-06-21 16:04:00,1.21306,1.21326,1.21306,1.21306,37
2005-06-21 16:05:00,1.21336,1.21346,1.21306,1.21306,44
2005-06-21 16:06:00,1.21356,1.21366,1.21326,1.21336,60
2005-06-21 16:07:00,1.21396,1.21396,1.21366,1.21366,58
2005-06-21 16:08:00,1.21366,1.21396,1.21366,1.21396,46
2005-06-21 16:09:00,1.21366,1.21376,1.21356,1.21366,37
2005-06-21 16:10:00,1.21386,1.21386,1.21346,1.21356,50
2005-06-21 16:11:00,1.21386,1.21396,1.21376,1.21386,38
2005-06-21 16:12:00,1.21416,1.21416,1.21376,1.21386,43
2005-06-21 16:13:00,1.21456,1.21456,1.21406,1.21416,55
2005-06-21 16:14:00,1.21476,1.21476,1.21446,1.21456,47
2005-06-21 16:15:00,1.21516,1.21556,1.21476,1.21476,53
2005-06-21 16:16:00,1.21486,1.21526,1.21476,1.21516,56
2005-06-21 16:17:00,1.21376,1.21486,1.21366,1.21486,47
2005-06-21 16:18:00,1.21346,1.21376,1.21336,1.21376,43
2005-06-21 16:19:00,1.21326,1.21346,1.21316,1.21346,40
2005-06-21 16:20:00,1.2133,1.2133,1.2131,1.21326,41
2005-06-21 16:21:00,1.2136,1.2137,1.2132,1.2133,39
2005-06-21 16:22:00,1.2142,1.2144,1.2136,1.2136,46
2005-06-21 16:23:00,1.21376,1.2143,1.21376,1.2142,54
2005-06-21 16:24:00,1.21334,1.21376,1.21324,1.21376,52
2005-06-21 16:25:00,1.2137,1.21374,1.21334,1.21334,49
2005-06-21 16:26:00,1.2136,1.2137,1.2136,1.2137,17
2005-06-21 16:27:00,1.2137,1.2138,1.2136,1.2136,27
2005-06-21 16:28:00,1.2138,1.2138,1.2136,1.2138,31
2005-06-21 16:29:00,1.2142,1.21426,1.2138,1.2138,44
2005-06-21 16:30:00,1.2148,1.2151,1.2143,1.2143,57
2005-06-21 16:31:00,1.21488,1.21488,1.2142,1.2148,41
2005-06-21 16:32:00,1.21576,1.21576,1.21468,1.21478,59
2005-06-21 16:33:00,1.21516,1.21606,1.21486,1.21586,52
2005-06-21 16:34:00,1.21496,1.21526,1.21476,1.21526,56
2005-06-21 16:35:00,1.21556,1.21576,1.21486,1.21506,57
2005-06-21 16:36:00,1.21526,1.21556,1.21516,1.21556,52
2005-06-21 16:37:00,1.21566,1.21576,1.21526,1.21526,49
2005-06-21 16:38:00,1.2154,1.21606,1.2154,1.21576,49
2005-06-21 16:39:00,1.2151,1.2156,1.2149,1.2154,45
2005-06-21 16:40:00,1.2149,1.2154,1.2149,1.2151,54
2005-06-21 16:41:00,1.2152,1.2153,1.215,1.215,41
2005-06-21 16:42:00,1.2151,1.2152,1.215,1.2152,39
2005-06-21 16:43:00,1.2151,1.2153,1.215,1.2151,50
2005-06-21 16:44:00,1.21496,1.2151,1.2147,1.2151,49
2005-06-21 16:45:00,1.21516,1.21526,1.21486,1.21496,50
2005-06-21 16:46:00,1.21516,1.21536,1.21506,1.21506,46
2005-06-21 16:47:00,1.21486,1.21516,1.21486,1.21516,45
2005-06-21 16:48:00,1.21476,1.21486,1.21476,1.21486,41
2005-06-21 16:49:00,1.21476,1.21476,1.21466,1.21466,33
2005-06-21 16:50:00,1.21466,1.21496,1.21466,1.21476,45
2005-06-21 16:51:00,1.21476,1.21488,1.21466,1.21468,39
2005-06-21 16:52:00,1.21476,1.21486,1.21466,1.21476,39
2005-06-21 16:53:00,1.21456,1.21476,1.21456,1.21476,24
2005-06-21 16:54:00,1.21428,1.21448,1.21428,1.21446,37
2005-06-21 16:55:00,1.21434,1.21444,1.21428,1.21428,42
2005-06-21 16:56:00,1.21424,1.21434,1.21424,1.21434,43
2005-06-21 16:57:00,1.21454,1.21454,1.21414,1.21424,45
2005-06-21 16:58:00,1.21434,1.21444,1.21414,1.21444,51
2005-06-21 16:59:00,1.21444,1.21444,1.21424,1.21434,36
2005-06-21 17:00:00,1.21444,1.21454,1.21434,1.21444,43
2005-06-21 17:01:00,1.21444,1.21454,1.21444,1.21444,43
2005-06-21 17:02:00,1.21464,1.21464,1.21444,1.21444,42
2005-06-21 17:03:00,1.21514,1.21524,1.21454,1.21464,51
2005-06-21 17:04:00,1.21446,1.21524,1.21446,1.21524,51
2005-06-21 17:05:00,1.21466,1.21466,1.21446,1.21446,32
2005-06-21 17:06:00,1.21456,1.21466,1.21446,1.21466,37
2005-06-21 17:07:00,1.21466,1.21466,1.21456,1.21456,30
2005-06-21 17:08:00,1.21456,1.21466,1.21446,1.21466,37
2005-06-21 17:09:00,1.21446,1.21456,1.21446,1.21456,17
2005-06-21 17:10:00,1.21456,1.21456,1.21446,1.21446,27
2005-06-21 17:11:00,1.21466,1.21466,1.21456,1.21456,28
2005-06-21 17:12:00,1.21476,1.21476,1.21466,1.21466,45
2005-06-21 17:13:00,1.21466,1.21486,1.21466,1.21476,33
2005-06-21 17:14:00,1.21486,1.21486,1.21466,1.21466,42
2005-06-21 17:15:00,1.21486,1.21486,1.21476,1.21486,25
2005-06-21 17:16:00,1.21486,1.21496,1.21486,1.21486,34
2005-06-21 17:17:00,1.21496,1.21496,1.21486,1.21486,28
2005-06-21 17:18:00,1.21506,1.21506,1.21496,1.21496,23
2005-06-21 17:19:00,1.21506,1.21516,1.21486,1.21496,53
2005-06-21 17:20:00,1.21506,1.21516,1.21476,1.21506,55
2005-06-21 17:21:00,1.21506,1.21516,1.21496,1.21506,45
2005-06-21 17:22:00,1.21516,1.21526,1.21506,1.21506,36
2005-06-21 17:23:00,1.21536,1.21556,1.21516,1.21516,44
2005-06-21 17:24:00,1.21536,1.21556,1.21526,1.21536,50
2005-06-21 17:25:00,1.21526,1.21566,1.21516,1.21536,57
2005-06-21 17:26:00,1.21526,1.21526,1.21516,1.21526,42
2005-06-21 17:27:00,1.21506,1.21526,1.21486,1.21526,35
2005-06-21 17:28:00,1.21516,1.21526,1.21496,1.21506,39
2005-06-21 17:29:00,1.21536,1.21536,1.21516,1.21516,42
2005-06-21 17:30:00,1.21546,1.21546,1.21526,1.21536,35
2005-06-21 17:31:00,1.2154,1.21556,1.2154,1.21546,31
2005-06-21 17:32:00,1.2152,1.2154,1.2152,1.2154,35
2005-06-21 17:33:00,1.2152,1.2154,1.2152,1.2152,28
2005-06-21 17:34:00,1.2153,1.2154,1.2153,1.2153,36
2005-06-21 17:35:00,1.2152,1.2153,1.2152,1.2152,31
2005-06-21 17:36:00,1.2155,1.2155,1.2152,1.2152,35
2005-06-21 17:37:00,1.2157,1.2165,1.2154,1.2155,55
2005-06-21 17:38:00,1.2157,1.2158,1.2154,1.2157,44
2005-06-21 17:39:00,1.2158,1.2161,1.2156,1.2157,46
2005-06-21 17:40:00,1.2155,1.2158,1.2155,1.2158,39
2005-06-21 17:41:00,1.2159,1.2159,1.2155,1.2155,38
2005-06-21 17:42:00,1.2154,1.2159,1.2153,1.2159,55
2005-06-21 17:43:00,1.2154,1.2154,1.2153,1.2154,37
2005-06-21 17:44:00,1.2153,1.2155,1.2151,1.2155,33
2005-06-21 17:45:00,1.2152,1.2153,1.215,1.2153,44
2005-06-21 17:46:00,1.2151,1.2152,1.2151,1.2151,33
2005-06-21 17:47:00,1.21506,1.21526,1.21496,1.2151,44
2005-06-21 17:48:00,1.21526,1.21526,1.21506,1.21506,41
2005-06-21 17:49:00,1.21536,1.21546,1.21516,1.21526,39
2005-06-21 17:50:00,1.21536,1.21546,1.21536,1.21536,42
2005-06-21 17:51:00,1.21546,1.21546,1.21536,1.21536,32
2005-06-21 17:52:00,1.21566,1.21566,1.21546,1.21546,41
2005-06-21 17:53:00,1.21546,1.21566,1.21546,1.21566,27
2005-06-21 17:54:00,1.21516,1.21546,1.21516,1.21546,47
2005-06-21 17:55:00,1.21496,1.21516,1.21486,1.21516,49
2005-06-21 17:56:00,1.21506,1.21516,1.21496,1.21496,32
2005-06-21 17:57:00,1.21506,1.21506,1.21506,1.21506,27
2005-06-21 17:58:00,1.21496,1.21506,1.21496,1.21506,10
2005-06-21 17:59:00,1.21496,1.21506,1.21496,1.21506,26
2005-06-21 18:00:00,1.21496,1.21506,1.21496,1.21496,13
2005-06-21 18:01:00,1.21496,1.21496,1.21486,1.21496,27
2005-06-21 18:02:00,1.21506,1.21506,1.21506,1.21506,13
2005-06-21 18:03:00,1.21506,1.21506,1.21506,1.21506,15
2005-06-21 18:04:00,1.21506,1.21506,1.21506,1.21506,15
2005-06-21 18:05:00,1.21506,1.21516,1.21496,1.21506,40
2005-06-21 18:06:00,1.21516,1.21526,1.21506,1.21506,52
2005-06-21 18:07:00,1.21526,1.21526,1.21516,1.21516,47
2005-06-21 18:08:00,1.21536,1.21536,1.21526,1.21526,26
2005-06-21 18:09:00,1.2154,1.21546,1.21536,1.21536,25
2005-06-21 18:10:00,1.2154,1.2155,1.2154,1.2154,36
2005-06-21 18:11:00,1.2154,1.2154,1.2154,1.2154,17
2005-06-21 18:12:00,1.2152,1.2154,1.2152,1.2154,36
2005-06-21 18:13:00,1.2154,1.2154,1.2152,1.2152,35
2005-06-21 18:14:00,1.2157,1.2157,1.2154,1.2154,50
2005-06-21 18:15:00,1.2155,1.2157,1.2155,1.2157,27
2005-06-21 18:16:00,1.2156,1.2157,1.2155,1.2155,29
2005-06-21 18:17:00,1.2156,1.2156,1.2156,1.2156,14
2005-06-21 18:18:00,1.2156,1.2157,1.2155,1.2156,42
2005-06-21 18:19:00,1.2157,1.2157,1.2156,1.2156,39
2005-06-21 18:20:00,1.2157,1.2158,1.2157,1.2157,28
2005-06-21 18:21:00,1.2158,1.2159,1.2157,1.2157,45
2005-06-21 18:22:00,1.216,1.2162,1.2158,1.2158,42
2005-06-21 18:23:00,1.2162,1.2162,1.2159,1.2159,50
2005-06-21 18:24:00,1.2165,1.2166,1.2161,1.2162,56
2005-06-21 18:25:00,1.2164,1.2166,1.2163,1.2165,50
2005-06-21 18:26:00,1.2165,1.2166,1.2164,1.2164,49
2005-06-21 18:27:00,1.2164,1.2165,1.2163,1.2165,43
2005-06-21 18:28:00,1.2164,1.2165,1.2164,1.2164,31
2005-06-21 18:29:00,1.2173,1.2173,1.2164,1.2165,57
2005-06-21 18:30:00,1.2174,1.2179,1.2172,1.2173,64
2005-06-21 18:31:00,1.2168,1.2174,1.2168,1.2174,57
2005-06-21 18:32:00,1.2174,1.2175,1.2168,1.2168,51
2005-06-21 18:33:00,1.2173,1.2174,1.2171,1.2174,48
2005-06-21 18:34:00,1.2171,1.2173,1.2169,1.2173,51
2005-06-21 18:35:00,1.2171,1.2171,1.217,1.2171,41
2005-06-21 18:36:00,1.2175,1.2176,1.2168,1.217,57
2005-06-21 18:37:00,1.2172,1.2175,1.217,1.2175,47
2005-06-21 18:38:00,1.2174,1.2174,1.2172,1.2172,40
2005-06-21 18:39:00,1.217,1.2174,1.217,1.2174,46
2005-06-21 18:40:00,1.2169,1.217,1.2167,1.2169,49
2005-06-21 18:41:00,1.2168,1.217,1.2167,1.2169,48
2005-06-21 18:42:00,1.2171,1.2172,1.2168,1.2168,50
2005-06-21 18:43:00,1.2168,1.2172,1.2168,1.2172,43
2005-06-21 18:44:00,1.217,1.217,1.2168,1.2168,40
2005-06-21 18:45:00,1.2171,1.2171,1.217,1.2171,23
2005-06-21 18:46:00,1.2172,1.2172,1.2171,1.2171,19
2005-06-21 18:47:00,1.2173,1.2174,1.2172,1.2172,33
2005-06-21 18:48:00,1.2171,1.2173,1.2171,1.2173,39
2005-06-21 18:49:00,1.2172,1.2172,1.217,1.2171,50
2005-06-21 18:50:00,1.2171,1.2172,1.2171,1.2172,27
2005-06-21 18:51:00,1.217,1.2171,1.217,1.2171,13
2005-06-21 18:52:00,1.2171,1.2171,1.217,1.217,32
2005-06-21 18:53:00,1.2171,1.2171,1.2171,1.2171,25
2005-06-21 18:54:00,1.2172,1.2173,1.217,1.2171,47
2005-06-21 18:55:00,1.2174,1.2174,1.2172,1.2172,43
2005-06-21 18:56:00,1.2174,1.2174,1.2172,1.2173,26
2005-06-21 18:57:00,1.2173,1.2174,1.2172,1.2174,37
2005-06-21 18:58:00,1.2173,1.2173,1.2172,1.2173,27
2005-06-21 18:59:00,1.2173,1.2173,1.2172,1.2172,26
2005-06-21 19:00:00,1.2172,1.2173,1.2172,1.2173,27
2005-06-21 19:01:00,1.2173,1.2173,1.2172,1.2172,30
2005-06-21 19:02:00,1.2172,1.2173,1.2172,1.2172,38
2005-06-21 19:03:00,1.2172,1.2173,1.2172,1.2172,28
2005-06-21 19:04:00,1.2171,1.2172,1.2171,1.2172,19
2005-06-21 19:05:00,1.2172,1.2172,1.2171,1.2171,21
2005-06-21 19:06:00,1.2172,1.2172,1.2172,1.2172,5
2005-06-21 19:07:00,1.2171,1.2172,1.2171,1.2172,33
2005-06-21 19:08:00,1.217,1.2171,1.2169,1.2171,36
2005-06-21 19:09:00,1.2171,1.2171,1.2169,1.217,26
2005-06-21 19:10:00,1.2171,1.2173,1.217,1.2171,49
2005-06-21 19:11:00,1.2172,1.2172,1.2171,1.2171,28
2005-06-21 19:12:00,1.21716,1.21746,1.21716,1.2172,27
2005-06-21 19:13:00,1.21726,1.21726,1.21716,1.21716,29
2005-06-21 19:14:00,1.21716,1.21726,1.21716,1.21726,21
2005-06-21 19:15:00,1.21716,1.21726,1.21716,1.21716,21
2005-06-21 19:16:00,1.21716,1.21716,1.21716,1.21716,2
2005-06-21 19:17:00,1.21716,1.21716,1.21706,1.21716,19
2005-06-21 19:18:00,1.21726,1.21726,1.21716,1.21716,25
2005-06-21 19:19:00,1.21726,1.21726,1.21716,1.21726,47
2005-06-21 19:20:00,1.21736,1.21736,1.21726,1.21726,48
2005-06-21 19:21:00,1.21726,1.21736,1.21726,1.21736,39
2005-06-21 19:22:00,1.21746,1.21746,1.21726,1.21736,35
2005-06-21 19:23:00,1.21756,1.21756,1.21746,1.21746,22
2005-06-21 19:24:00,1.21746,1.21756,1.21736,1.21746,36
2005-06-21 19:25:00,1.21746,1.21756,1.21746,1.21746,36
2005-06-21 19:26:00,1.21746,1.21746,1.21746,1.21746,18
2005-06-21 19:27:00,1.21746,1.21756,1.21746,1.21756,37
2005-06-21 19:28:00,1.21756,1.21756,1.21746,1.21746,26
2005-06-21 19:29:00,1.21746,1.21756,1.21736,1.21756,24
2005-06-21 19:30:00,1.21746,1.21756,1.21746,1.21746,28
2005-06-21 19:31:00,1.21746,1.21746,1.21736,1.21746,19
2005-06-21 19:32:00,1.21736,1.21746,1.21736,1.21746,17
2005-06-21 19:33:00,1.21716,1.21736,1.21716,1.21736,31
2005-06-21 19:34:00,1.21726,1.21726,1.21716,1.21716,24
2005-06-21 19:35:00,1.21766,1.21776,1.21716,1.21726,52
2005-06-21 19:36:00,1.21756,1.21766,1.21746,1.21766,28
2005-06-21 19:37:00,1.21746,1.21756,1.21746,1.21756,17
2005-06-21 19:38:00,1.21726,1.21756,1.21726,1.21746,41
2005-06-21 19:39:00,1.21736,1.21736,1.21726,1.21726,31
2005-06-21 19:40:00,1.21736,1.21746,1.21736,1.21736,22
2005-06-21 19:41:00,1.21746,1.21746,1.21736,1.21736,35
2005-06-21 19:42:00,1.21756,1.21756,1.21746,1.21746,18
2005-06-21 19:43:00,1.21756,1.21756,1.21756,1.21756,5
2005-06-21 19:44:00,1.21766,1.21766,1.21756,1.21756,25
2005-06-21 19:45:00,1.21766,1.21766,1.21766,1.21766,11
2005-06-21 19:46:00,1.21766,1.21766,1.21756,1.21766,43
2005-06-21 19:47:00,1.21766,1.21766,1.21756,1.21766,36
2005-06-21 19:48:00,1.21756,1.21756,1.21746,1.21756,23
2005-06-21 19:49:00,1.21756,1.21756,1.21756,1.21756,5
2005-06-21 19:50:00,1.21756,1.21756,1.21756,1.21756,23
2005-06-21 19:51:00,1.21766,1.21766,1.21756,1.21756,30
2005-06-21 19:52:00,1.21756,1.21766,1.21756,1.21766,31
2005-06-21 19:53:00,1.21756,1.21766,1.21756,1.21756,28
2005-06-21 19:54:00,1.21756,1.21766,1.21756,1.21756,19
2005-06-21 19:55:00,1.21766,1.21766,1.21756,1.21756,25
2005-06-21 19:56:00,1.21756,1.21766,1.21756,1.21766,19
2005-06-21 19:57:00,1.21766,1.21766,1.21756,1.21756,14
2005-06-21 19:58:00,1.21776,1.21776,1.21756,1.21756,33
2005-06-21 19:59:00,1.21766,1.21776,1.21766,1.21776,5
2005-06-21 20:00:00,1.21756,1.21766,1.21756,1.21766,28
2005-06-21 20:01:00,1.21776,1.21776,1.21756,1.21756,37
2005-06-21 20:02:00,1.21766,1.21776,1.21766,1.21776,8
2005-06-21 20:03:00,1.21766,1.21766,1.21756,1.21756,4
2005-06-21 20:04:00,1.21756,1.21756,1.21756,1.21756,2
2005-06-21 20:05:00,1.21756,1.21756,1.21746,1.21756,12
2005-06-21 20:06:00,1.21756,1.21766,1.21746,1.21746,10
2005-06-21 20:07:00,1.21766,1.21766,1.21756,1.21756,3
2005-06-21 20:08:00,1.21756,1.21766,1.21756,1.21766,6
2005-06-21 20:09:00,1.21766,1.21776,1.21756,1.21756,9
2005-06-21 20:10:00,1.21766,1.21766,1.21756,1.21766,8
2005-06-21 20:11:00,1.21786,1.21786,1.21766,1.21766,6
2005-06-21 20:12:00,1.21786,1.21796,1.21786,1.21796,12
2005-06-21 20:13:00,1.21786,1.21796,1.21786,1.21786,11
2005-06-21 20:14:00,1.21786,1.21796,1.21776,1.21796,12
2005-06-21 20:15:00,1.21796,1.21806,1.21786,1.21786,7
2005-06-21 20:16:00,1.21806,1.21816,1.21796,1.21796,13
2005-06-21 20:17:00,1.21796,1.21806,1.21796,1.21806,14
2005-06-21 20:18:00,1.21786,1.21796,1.21786,1.21786,9
2005-06-21 20:19:00,1.21786,1.21786,1.21786,1.21786,1
2005-06-21 20:20:00,1.21786,1.21796,1.21776,1.21786,11
2005-06-21 20:21:00,1.21816,1.21826,1.21796,1.21806,12
2005-06-21 20:22:00,1.21826,1.21826,1.21816,1.21816,11
2005-06-21 20:23:00,1.21826,1.21836,1.21826,1.21826,8
2005-06-21 20:24:00,1.21826,1.21826,1.21816,1.21826,9
2005-06-21 20:25:00,1.21826,1.21836,1.21816,1.21826,14
2005-06-21 20:26:00,1.21816,1.21826,1.21806,1.21816,18
2005-06-21 20:27:00,1.21806,1.21816,1.21806,1.21806,7
2005-06-21 20:28:00,1.21806,1.21806,1.21806,1.21806,3
2005-06-21 20:29:00,1.21816,1.21816,1.21806,1.21806,3
2005-06-21 20:30:00,1.21806,1.21816,1.21796,1.21816,12
2005-06-21 20:31:00,1.21816,1.21816,1.21806,1.21806,5
2005-06-21 20:32:00,1.21816,1.21816,1.21806,1.21816,4
2005-06-21 20:33:00,1.21816,1.21816,1.21816,1.21816,3
2005-06-21 20:34:00,1.21826,1.21836,1.21826,1.21836,9
2005-06-21 20:35:00,1.21826,1.21826,1.21816,1.21826,10
2005-06-21 20:36:00,1.21826,1.21826,1.21826,1.21826,7
2005-06-21 20:37:00,1.21816,1.21826,1.21806,1.21826,8
2005-06-21 20:38:00,1.21816,1.21816,1.21806,1.21816,6
2005-06-21 20:39:00,1.21806,1.21816,1.21806,1.21816,6
2005-06-21 20:40:00,1.21806,1.21806,1.21806,1.21806,2
2005-06-21 20:41:00,1.21806,1.21806,1.21796,1.21806,6
2005-06-21 20:42:00,1.21806,1.21806,1.21806,1.21806,7
2005-06-21 20:43:00,1.21806,1.21806,1.21806,1.21806,7
2005-06-21 20:44:00,1.21816,1.21816,1.21806,1.21806,6
2005-06-21 20:45:00,1.2181,1.21826,1.2181,1.21826,7
2005-06-21 20:46:00,1.2182,1.2182,1.218,1.2181,9
2005-06-21 20:47:00,1.2182,1.2182,1.2181,1.2182,4
2005-06-21 20:48:00,1.2183,1.2185,1.2182,1.2182,13
2005-06-21 20:49:00,1.2182,1.2183,1.2181,1.2182,9
2005-06-21 20:50:00,1.2183,1.2184,1.2182,1.2182,12
2005-06-21 20:51:00,1.2186,1.2186,1.2183,1.2183,17
2005-06-21 20:52:00,1.2185,1.2186,1.2184,1.2186,9
2005-06-21 20:53:00,1.2185,1.2186,1.2184,1.2185,10
2005-06-21 20:54:00,1.2185,1.2186,1.2185,1.2185,6
2005-06-21 20:55:00,1.2183,1.2185,1.2183,1.2185,8
2005-06-21 20:56:00,1.2183,1.2184,1.2183,1.2183,8
2005-06-21 20:57:00,1.2185,1.2185,1.2183,1.2185,17
2005-06-21 20:58:00,1.2184,1.2185,1.2183,1.2185,10
2005-06-21 20:59:00,1.2182,1.2184,1.2182,1.2184,9
2005-06-21 21:00:00,1.2184,1.2184,1.2182,1.2183,12
2005-06-21 21:01:00,1.2184,1.2184,1.2183,1.2183,17
2005-06-21 21:02:00,1.2182,1.2183,1.2182,1.2183,10
2005-06-21 21:03:00,1.2183,1.2183,1.2182,1.2183,13
2005-06-21 21:04:00,1.2183,1.2183,1.2182,1.2182,4
2005-06-21 21:05:00,1.2183,1.2183,1.2183,1.2183,5
2005-06-21 21:06:00,1.2183,1.2183,1.2183,1.2183,4
2005-06-21 21:07:00,1.2183,1.2183,1.2183,1.2183,5
2005-06-21 21:08:00,1.2183,1.2183,1.2183,1.2183,3
2005-06-21 21:09:00,1.2182,1.2183,1.2182,1.2183,11
2005-06-21 21:10:00,1.2182,1.2182,1.2181,1.2182,6
2005-06-21 21:11:00,1.2181,1.2182,1.2181,1.2182,4
2005-06-21 21:12:00,1.2181,1.2182,1.2181,1.2182,12
2005-06-21 21:13:00,1.218,1.2182,1.218,1.2182,12
2005-06-21 21:14:00,1.2178,1.2181,1.2178,1.2181,18
2005-06-21 21:15:00,1.21776,1.21776,1.2176,1.2177,12
2005-06-21 21:16:00,1.21786,1.21786,1.21766,1.21766,14
2005-06-21 21:17:00,1.21766,1.21786,1.21766,1.21786,9
2005-06-21 21:18:00,1.21766,1.21776,1.21756,1.21776,13
2005-06-21 21:19:00,1.21756,1.21766,1.21736,1.21756,13
2005-06-21 21:20:00,1.21748,1.21748,1.21736,1.21746,9
2005-06-21 21:21:00,1.2175,1.2175,1.21728,1.21748,18
2005-06-21 21:22:00,1.21752,1.21762,1.21732,1.21752,14
2005-06-21 21:23:00,1.2176,1.21762,1.21752,1.21762,7
2005-06-21 21:24:00,1.2175,1.2176,1.2175,1.2176,4
2005-06-21 21:25:00,1.21736,1.21746,1.21716,1.2174,20
2005-06-21 21:26:00,1.21736,1.21746,1.21736,1.21736,4
2005-06-21 21:27:00,1.21726,1.21746,1.21726,1.21736,11
2005-06-21 21:28:00,1.21736,1.21736,1.21726,1.21726,3
2005-06-21 21:29:00,1.21736,1.21736,1.21726,1.21736,9
2005-06-21 21:30:00,1.21726,1.21736,1.21716,1.21736,8
2005-06-21 21:31:00,1.217,1.21736,1.217,1.21736,8
2005-06-21 21:32:00,1.21706,1.2172,1.2169,1.2169,14
2005-06-21 21:33:00,1.21676,1.21706,1.21676,1.21706,10
2005-06-21 21:34:00,1.21706,1.21706,1.21686,1.21696,6
2005-06-21 21:35:00,1.21706,1.21706,1.21696,1.21696,6
2005-06-21 21:36:00,1.21696,1.21706,1.21696,1.21696,7
2005-06-21 21:37:00,1.21696,1.21696,1.21696,1.21696,2
2005-06-21 21:38:00,1.21726,1.21726,1.21696,1.21696,9
2005-06-21 21:39:00,1.21726,1.21726,1.21726,1.21726,2
2005-06-21 21:40:00,1.21746,1.21746,1.21736,1.21746,5
2005-06-21 21:41:00,1.21756,1.21756,1.21736,1.21746,6
2005-06-21 21:42:00,1.21746,1.21756,1.21736,1.21756,8
2005-06-21 21:43:00,1.21756,1.21756,1.21736,1.21736,10
2005-06-21 21:44:00,1.21756,1.21756,1.21756,1.21756,2
2005-06-21 21:45:00,1.21746,1.21756,1.21736,1.21756,4
2005-06-21 21:46:00,1.21736,1.21746,1.21736,1.21746,3
2005-06-21 21:47:00,1.21746,1.21746,1.21736,1.21746,9
2005-06-21 21:48:00,1.21736,1.21746,1.21716,1.21746,10
2005-06-21 21:49:00,1.21736,1.21746,1.21726,1.21726,7
2005-06-21 21:50:00,1.21736,1.21746,1.21736,1.21736,4
2005-06-21 21:51:00,1.21752,1.21752,1.21735,1.21736,5
2005-06-21 21:52:00,1.21742,1.21752,1.21732,1.21732,8
2005-06-21 21:53:00,1.21762,1.21762,1.21742,1.21742,11
2005-06-21 21:54:00,1.21752,1.21762,1.21752,1.21762,7
2005-06-21 21:55:00,1.21762,1.21762,1.21752,1.21752,4
2005-06-21 21:56:00,1.21762,1.21762,1.21762,1.21762,5
2005-06-21 21:57:00,1.21752,1.21762,1.21752,1.21762,3
2005-06-21 21:58:00,1.21752,1.21752,1.21752,1.21752,5
2005-06-21 21:59:00,1.21752,1.21752,1.21752,1.21752,2
2005-06-21 22:00:00,1.21732,1.21762,1.21732,1.21762,12
2005-06-21 22:01:00,1.21712,1.21712,1.21712,1.21712,4
2005-06-21 22:02:00,1.21722,1.21722,1.21722,1.21722,4
2005-06-21 22:03:00,1.21692,1.21712,1.21672,1.21712,19
2005-06-21 22:04:00,1.21692,1.21722,1.21692,1.21702,12
2005-06-21 22:05:00,1.21692,1.21692,1.21692,1.21692,5
2005-06-21 22:06:00,1.21696,1.21712,1.21686,1.21702,9
2005-06-21 22:07:00,1.21696,1.21696,1.21696,1.21696,3
2005-06-21 22:08:00,1.21696,1.21696,1.21696,1.21696,3
2005-06-21 22:09:00,1.21666,1.21696,1.21666,1.21696,7
2005-06-21 22:10:00,1.21666,1.21686,1.21666,1.21666,8
2005-06-21 22:11:00,1.21666,1.21676,1.21666,1.21676,5
2005-06-21 22:12:00,1.21676,1.21676,1.21666,1.21666,5
2005-06-21 22:13:00,1.21676,1.21676,1.21666,1.21666,11
2005-06-21 22:14:00,1.21676,1.21676,1.21676,1.21676,3
2005-06-21 22:15:00,1.21676,1.21676,1.21666,1.21666,5
2005-06-21 22:16:00,1.21676,1.21676,1.21676,1.21676,5
2005-06-21 22:17:00,1.21676,1.21686,1.21666,1.21676,13
2005-06-21 22:18:00,1.21686,1.21686,1.21676,1.21676,4
2005-06-21 22:19:00,1.21686,1.21686,1.21676,1.21676,7
2005-06-21 22:20:00,1.21686,1.21686,1.21686,1.21686,3
2005-06-21 22:21:00,1.21686,1.21686,1.21686,1.21686,4
2005-06-21 22:22:00,1.21686,1.21686,1.21686,1.21686,2
2005-06-21 22:23:00,1.21686,1.21686,1.21686,1.21686,2
2005-06-21 22:24:00,1.21686,1.21686,1.21666,1.21686,10
2005-06-21 22:25:00,1.21686,1.21686,1.21686,1.21686,3
2005-06-21 22:26:00,1.21716,1.21716,1.21686,1.21686,16
2005-06-21 22:27:00,1.21706,1.21706,1.21696,1.21706,9
2005-06-21 22:28:00,1.21706,1.21706,1.21706,1.21706,2
2005-06-21 22:29:00,1.21706,1.21706,1.21696,1.21706,8
2005-06-21 22:30:00,1.21696,1.21706,1.21696,1.21696,6
2005-06-21 22:31:00,1.21696,1.21696,1.21696,1.21696,3
2005-06-21 22:32:00,1.21706,1.21706,1.21696,1.21706,8
2005-06-21 22:33:00,1.21706,1.21706,1.21696,1.21706,4
2005-06-21 22:34:00,1.21706,1.21706,1.21696,1.21696,7
2005-06-21 22:35:00,1.21716,1.21726,1.21696,1.21696,14
2005-06-21 22:36:00,1.21736,1.21756,1.21716,1.21716,16
2005-06-21 22:37:00,1.21736,1.21736,1.21726,1.21726,9
2005-06-21 22:38:00,1.21746,1.21746,1.21736,1.21746,9
2005-06-21 22:39:00,1.21746,1.21746,1.21736,1.21736,7
2005-06-21 22:40:00,1.21726,1.21746,1.21726,1.21746,7
2005-06-21 22:41:00,1.21746,1.21746,1.21726,1.21726,13
2005-06-21 22:42:00,1.21726,1.21746,1.21726,1.21746,11
2005-06-21 22:43:00,1.21726,1.21726,1.21726,1.21726,2
2005-06-21 22:44:00,1.21726,1.21726,1.21716,1.21716,2
2005-06-21 22:45:00,1.21726,1.21726,1.21726,1.21726,3
2005-06-21 22:46:00,1.21726,1.21736,1.21716,1.21726,9
2005-06-21 22:47:00,1.21726,1.21726,1.21726,1.21726,5
2005-06-21 22:48:00,1.21736,1.21746,1.21726,1.21736,7
2005-06-21 22:49:00,1.21746,1.21746,1.21736,1.21736,3
2005-06-21 22:50:00,1.21736,1.21736,1.21736,1.21736,5
2005-06-21 22:51:00,1.21736,1.21736,1.21736,1.21736,4
2005-06-21 22:52:00,1.21736,1.21736,1.21736,1.21736,2
2005-06-21 22:53:00,1.21736,1.21736,1.21736,1.21736,1
2005-06-21 22:54:00,1.21736,1.21746,1.21736,1.21746,3
2005-06-21 22:55:00,1.21726,1.21746,1.21726,1.21736,7
2005-06-21 22:56:00,1.21746,1.21746,1.21736,1.21736,4
2005-06-21 22:57:00,1.21726,1.21736,1.21726,1.21736,12
2005-06-21 22:58:00,1.21726,1.21736,1.21726,1.21736,6
2005-06-21 22:59:00,1.21736,1.21736,1.21726,1.21726,3
2005-06-21 23:00:00,1.21736,1.21736,1.21726,1.21726,7
2005-06-21 23:01:00,1.21736,1.21736,1.21736,1.21736,3
2005-06-21 23:02:00,1.21736,1.21736,1.21736,1.21736,2
2005-06-21 23:03:00,1.21736,1.21736,1.21736,1.21736,3
2005-06-21 23:04:00,1.21736,1.21746,1.21736,1.21746,4
2005-06-21 23:05:00,1.21736,1.21736,1.21736,1.21736,2
2005-06-21 23:06:00,1.21736,1.21736,1.21736,1.21736,2
2005-06-21 23:07:00,1.21736,1.21736,1.21736,1.21736,3
2005-06-21 23:08:00,1.21766,1.21776,1.21736,1.21736,9
2005-06-21 23:09:00,1.21736,1.21766,1.21736,1.21766,9
2005-06-21 23:10:00,1.21746,1.21746,1.21746,1.21746,5
2005-06-21 23:11:00,1.21746,1.21746,1.21736,1.21746,4
2005-06-21 23:12:00,1.21736,1.21746,1.21736,1.21746,5
2005-06-21 23:13:00,1.2173,1.21736,1.2173,1.21736,3
2005-06-21 23:14:00,1.2172,1.2174,1.2172,1.2173,6
2005-06-21 23:15:00,1.2174,1.2174,1.2172,1.2172,6
2005-06-21 23:16:00,1.2173,1.2174,1.2173,1.2174,3
2005-06-21 23:17:00,1.2174,1.2174,1.2174,1.2174,3
2005-06-21 23:18:00,1.2174,1.2174,1.2174,1.2174,2
2005-06-21 23:19:00,1.2174,1.2174,1.2174,1.2174,3
2005-06-21 23:20:00,1.2175,1.2176,1.2174,1.2174,4
2005-06-21 23:21:00,1.2175,1.2175,1.2175,1.2175,2
2005-06-21 23:22:00,1.2173,1.2175,1.2173,1.2174,8
2005-06-21 23:23:00,1.2171,1.2173,1.2171,1.2172,12
2005-06-21 23:24:00,1.2172,1.2172,1.2171,1.2172,8
2005-06-21 23:25:00,1.2173,1.2174,1.2172,1.2172,11
2005-06-21 23:26:00,1.2174,1.2174,1.2173,1.2173,3
2005-06-21 23:27:00,1.2178,1.2178,1.2174,1.2174,21
2005-06-21 23:28:00,1.2176,1.2178,1.2176,1.2177,17
2005-06-21 23:29:00,1.2177,1.2177,1.2176,1.2176,4
2005-06-21 23:30:00,1.2182,1.2182,1.2176,1.2177,17
2005-06-21 23:31:00,1.218,1.2182,1.218,1.2181,11
2005-06-21 23:32:00,1.2181,1.2182,1.218,1.2181,12
2005-06-21 23:33:00,1.21796,1.21806,1.21796,1.21806,11
2005-06-21 23:34:00,1.21806,1.21816,1.21806,1.21806,9
2005-06-21 23:35:00,1.21806,1.21806,1.21806,1.21806,6
2005-06-21 23:36:00,1.21856,1.21856,1.21806,1.21806,26
2005-06-21 23:37:00,1.2185,1.21856,1.2183,1.21846,14
2005-06-21 23:38:00,1.2185,1.2185,1.2184,1.2185,12
2005-06-21 23:39:00,1.2201,1.2205,1.2184,1.2185,33
2005-06-21 23:40:00,1.2194,1.2202,1.2192,1.22,39
2005-06-21 23:41:00,1.2194,1.2195,1.2186,1.2194,33
2005-06-21 23:42:00,1.2188,1.2194,1.2184,1.2194,38
2005-06-21 23:43:00,1.2192,1.2195,1.2189,1.2189,22
2005-06-21 23:44:00,1.2188,1.2192,1.2188,1.2192,22
2005-06-21 23:45:00,1.2189,1.21896,1.2187,1.2188,14
2005-06-21 23:46:00,1.2193,1.2195,1.219,1.219,23
2005-06-21 23:47:00,1.21986,1.21986,1.2193,1.2193,21
2005-06-21 23:48:00,1.21926,1.21986,1.21906,1.21976,32
2005-06-21 23:49:00,1.2195,1.2196,1.21926,1.21926,12
2005-06-21 23:50:00,1.2194,1.2196,1.2194,1.2195,20
2005-06-21 23:51:00,1.2193,1.2195,1.2192,1.2192,20
2005-06-21 23:52:00,1.2191,1.2193,1.2191,1.2192,9
2005-06-21 23:53:00,1.2189,1.2192,1.2189,1.2192,11
2005-06-21 23:54:00,1.2188,1.219,1.2186,1.2188,26
2005-06-21 23:55:00,1.2187,1.219,1.2187,1.2187,19
2005-06-21 23:56:00,1.2186,1.2187,1.2185,1.2187,19
2005-06-21 23:57:00,1.2188,1.2188,1.2185,1.2186,17
2005-06-21 23:58:00,1.2188,1.2191,1.2186,1.2186,27
2005-06-21 23:59:00,1.2187,1.2188,1.2187,1.2188,12
2005-06-22 00:00:00,1.2188,1.2188,1.2186,1.2187,11
2005-06-22 00:01:00,1.2188,1.2189,1.2186,1.2188,20
2005-06-22 00:02:00,1.2185,1.2188,1.2185,1.2188,15
2005-06-22 00:03:00,1.2186,1.2186,1.2185,1.2185,12
2005-06-22 00:04:00,1.2184,1.2185,1.2184,1.2185,10
2005-06-22 00:05:00,1.2183,1.2185,1.2182,1.2185,16
2005-06-22 00:06:00,1.2183,1.2183,1.2182,1.2183,11
2005-06-22 00:07:00,1.2181,1.2183,1.2181,1.2182,10
2005-06-22 00:08:00,1.2181,1.2182,1.2181,1.2182,14
2005-06-22 00:09:00,1.2178,1.218,1.2178,1.2179,22
2005-06-22 00:10:00,1.218,1.218,1.2177,1.2177,13
2005-06-22 00:11:00,1.2182,1.2182,1.21794,1.21804,26
2005-06-22 00:12:00,1.2183,1.2185,1.21826,1.21826,19
2005-06-22 00:13:00,1.2184,1.2185,1.2183,1.2183,14
2005-06-22 00:14:00,1.2184,1.2185,1.2184,1.2185,7
2005-06-22 00:15:00,1.2184,1.2185,1.2184,1.2184,9
2005-06-22 00:16:00,1.2182,1.2184,1.2182,1.2184,14
2005-06-22 00:17:00,1.218,1.2182,1.218,1.2182,11
2005-06-22 00:18:00,1.2182,1.2183,1.218,1.2181,14
2005-06-22 00:19:00,1.2182,1.2182,1.2182,1.2182,4
2005-06-22 00:20:00,1.2182,1.2182,1.2182,1.2182,8
2005-06-22 00:21:00,1.2181,1.2181,1.218,1.2181,6
2005-06-22 00:22:00,1.2181,1.2181,1.218,1.218,4
2005-06-22 00:23:00,1.2183,1.2183,1.2181,1.2181,13
2005-06-22 00:24:00,1.2183,1.2184,1.2183,1.2183,11
2005-06-22 00:25:00,1.2183,1.2183,1.2182,1.2182,5
2005-06-22 00:26:00,1.2183,1.2183,1.2182,1.2183,6
2005-06-22 00:27:00,1.2181,1.2183,1.2181,1.2182,8
2005-06-22 00:28:00,1.218,1.2181,1.218,1.2181,8
2005-06-22 00:29:00,1.218,1.2181,1.2179,1.2179,10
2005-06-22 00:30:00,1.218,1.218,1.2179,1.218,7
2005-06-22 00:31:00,1.218,1.2181,1.2179,1.2179,22
2005-06-22 00:32:00,1.21786,1.2179,1.21786,1.2179,4
2005-06-22 00:33:00,1.21796,1.21796,1.21786,1.21796,11
2005-06-22 00:34:00,1.21816,1.21816,1.21806,1.21806,9
2005-06-22 00:35:00,1.21836,1.21846,1.21816,1.21816,9
2005-06-22 00:36:00,1.21836,1.21836,1.21836,1.21836,6
2005-06-22 00:37:00,1.21836,1.21836,1.21836,1.21836,5
2005-06-22 00:38:00,1.21846,1.21856,1.21836,1.21836,12
2005-06-22 00:39:00,1.2186,1.2186,1.21846,1.21856,6
2005-06-22 00:40:00,1.21846,1.21856,1.21846,1.21856,4
2005-06-22 00:41:00,1.21846,1.21846,1.21836,1.21836,9
2005-06-22 00:42:00,1.21826,1.21846,1.21826,1.21846,5
2005-06-22 00:43:00,1.21806,1.21826,1.21806,1.21816,13
2005-06-22 00:44:00,1.21796,1.21806,1.21796,1.21806,7
2005-06-22 00:45:00,1.21796,1.21806,1.21796,1.21796,5
2005-06-22 00:46:00,1.21796,1.21806,1.21796,1.21796,4
2005-06-22 00:47:00,1.21746,1.21796,1.21746,1.21796,12
2005-06-22 00:48:00,1.21766,1.21776,1.2175,1.2175,14
2005-06-22 00:49:00,1.21766,1.21776,1.21766,1.21776,4
2005-06-22 00:50:00,1.21766,1.21766,1.21756,1.21756,11
2005-06-22 00:51:00,1.21756,1.21776,1.21756,1.21766,15
2005-06-22 00:52:00,1.21766,1.21766,1.21756,1.21756,9
2005-06-22 00:53:00,1.21756,1.21766,1.21756,1.21756,6
2005-06-22 00:54:00,1.21756,1.21766,1.21756,1.21756,7
2005-06-22 00:55:00,1.21756,1.21766,1.21756,1.21756,7
2005-06-22 00:56:00,1.21746,1.21776,1.21736,1.21756,19
2005-06-22 00:57:00,1.21746,1.21756,1.21746,1.21756,9
2005-06-22 00:58:00,1.21756,1.21756,1.21746,1.21746,3
2005-06-22 00:59:00,1.21756,1.21756,1.21746,1.21756,7
2005-06-22 01:00:00,1.21746,1.21756,1.21746,1.21756,5
2005-06-22 01:01:00,1.21746,1.21746,1.21746,1.21746,5
2005-06-22 01:02:00,1.21746,1.21756,1.21746,1.21746,9
2005-06-22 01:03:00,1.21766,1.21766,1.21756,1.21756,14
2005-06-22 01:04:00,1.21756,1.21766,1.21756,1.21756,15
2005-06-22 01:05:00,1.21756,1.21756,1.21736,1.21746,19
2005-06-22 01:06:00,1.21746,1.21756,1.21746,1.21756,6
2005-06-22 01:07:00,1.21756,1.21756,1.21746,1.21746,3
2005-06-22 01:08:00,1.21756,1.21756,1.21746,1.21746,4
2005-06-22 01:09:00,1.21746,1.21746,1.21746,1.21746,3
2005-06-22 01:10:00,1.21736,1.21756,1.21736,1.21746,6
2005-06-22 01:11:00,1.21756,1.21756,1.21746,1.21746,10
2005-06-22 01:12:00,1.21756,1.21756,1.21756,1.21756,2
2005-06-22 01:13:00,1.21756,1.21756,1.21756,1.21756,2
2005-06-22 01:14:00,1.21766,1.21766,1.21756,1.21756,7
2005-06-22 01:15:00,1.21756,1.21766,1.21756,1.21766,11
2005-06-22 01:16:00,1.21756,1.21756,1.21756,1.21756,5
2005-06-22 01:17:00,1.21756,1.21756,1.21756,1.21756,2
2005-06-22 01:18:00,1.21746,1.21756,1.21746,1.21756,13
2005-06-22 01:19:00,1.21746,1.21746,1.21736,1.21736,8
2005-06-22 01:20:00,1.21746,1.21746,1.21736,1.21736,6
2005-06-22 01:21:00,1.21736,1.21746,1.21736,1.21736,8
2005-06-22 01:22:00,1.21736,1.21746,1.21726,1.21726,10
2005-06-22 01:23:00,1.21706,1.21756,1.21706,1.21746,13
2005-06-22 01:24:00,1.21716,1.21716,1.21706,1.21706,17
2005-06-22 01:25:00,1.21696,1.21726,1.21686,1.21706,17
2005-06-22 01:26:00,1.21686,1.21706,1.21676,1.21706,17
2005-06-22 01:27:00,1.21686,1.21696,1.21676,1.21686,12
2005-06-22 01:28:00,1.21696,1.21696,1.21676,1.21696,14
2005-06-22 01:29:00,1.21706,1.21706,1.21686,1.21686,16
2005-06-22 01:30:00,1.21706,1.21716,1.21696,1.21706,8
2005-06-22 01:31:00,1.21696,1.21706,1.21696,1.21706,3
2005-06-22 01:32:00,1.21676,1.21696,1.21676,1.21696,14
2005-06-22 01:33:00,1.2167,1.21676,1.21666,1.21666,15
2005-06-22 01:34:00,1.2168,1.2168,1.2166,1.2166,9
2005-06-22 01:35:00,1.2169,1.217,1.2168,1.2169,17
2005-06-22 01:36:00,1.2168,1.2169,1.2166,1.2169,11
2005-06-22 01:37:00,1.2169,1.2169,1.2168,1.2169,7
2005-06-22 01:38:00,1.2166,1.2169,1.2164,1.2169,9
2005-06-22 01:39:00,1.2165,1.2166,1.2164,1.2165,20
2005-06-22 01:40:00,1.2166,1.2166,1.2166,1.2166,3
2005-06-22 01:41:00,1.2166,1.2166,1.2166,1.2166,2
2005-06-22 01:42:00,1.2166,1.2166,1.2165,1.2166,8
2005-06-22 01:43:00,1.2168,1.2168,1.2166,1.2166,10
2005-06-22 01:44:00,1.2168,1.217,1.2168,1.2169,14
2005-06-22 01:45:00,1.2166,1.2167,1.2166,1.2167,11
2005-06-22 01:46:00,1.2166,1.2166,1.2165,1.2166,8
2005-06-22 01:47:00,1.2165,1.2166,1.2164,1.2166,8
2005-06-22 01:48:00,1.2165,1.2165,1.2164,1.2165,8
2005-06-22 01:49:00,1.2165,1.2166,1.2164,1.2165,17
2005-06-22 01:50:00,1.2164,1.2165,1.2164,1.2164,19
2005-06-22 01:51:00,1.2166,1.2166,1.2164,1.2164,15
2005-06-22 01:52:00,1.2166,1.2166,1.2165,1.2165,8
2005-06-22 01:53:00,1.2166,1.2166,1.2165,1.2165,13
2005-06-22 01:54:00,1.2165,1.2166,1.2165,1.2166,7
2005-06-22 01:55:00,1.2165,1.2165,1.2165,1.2165,5
2005-06-22 01:56:00,1.2166,1.2166,1.2165,1.2165,6
2005-06-22 01:57:00,1.2167,1.2167,1.2166,1.2166,6
2005-06-22 01:58:00,1.2167,1.2168,1.2167,1.2167,16
2005-06-22 01:59:00,1.2166,1.2168,1.2166,1.2167,10
2005-06-22 02:00:00,1.2166,1.2167,1.2166,1.2167,6
2005-06-22 02:01:00,1.2167,1.2167,1.2166,1.2166,3
2005-06-22 02:02:00,1.2168,1.2168,1.2167,1.2167,10
2005-06-22 02:03:00,1.2168,1.2168,1.2168,1.2168,2
2005-06-22 02:04:00,1.2168,1.2169,1.2168,1.2168,6
2005-06-22 02:05:00,1.21696,1.21696,1.2168,1.2168,9
2005-06-22 02:06:00,1.21686,1.21696,1.21686,1.21686,5
2005-06-22 02:07:00,1.2168,1.21686,1.2168,1.21686,3
2005-06-22 02:08:00,1.2168,1.2168,1.2168,1.2168,2
2005-06-22 02:09:00,1.2168,1.2168,1.2168,1.2168,2
2005-06-22 02:10:00,1.2167,1.2168,1.2167,1.2168,5
2005-06-22 02:11:00,1.2167,1.2167,1.2167,1.2167,2
2005-06-22 02:12:00,1.2167,1.2167,1.2167,1.2167,2
2005-06-22 02:13:00,1.2167,1.2167,1.2167,1.2167,3
2005-06-22 02:14:00,1.2168,1.2168,1.2167,1.2167,5
2005-06-22 02:15:00,1.2168,1.2168,1.2168,1.2168,2
2005-06-22 02:16:00,1.2168,1.2168,1.2168,1.2168,2
2005-06-22 02:17:00,1.2169,1.2169,1.2168,1.2168,5
2005-06-22 02:18:00,1.2169,1.2169,1.2168,1.2169,5
2005-06-22 02:19:00,1.2168,1.2168,1.2168,1.2168,4
2005-06-22 02:20:00,1.2168,1.2168,1.2168,1.2168,2
2005-06-22 02:21:00,1.2168,1.2169,1.2168,1.2168,6
2005-06-22 02:22:00,1.2164,1.2168,1.2163,1.2168,15
2005-06-22 02:23:00,1.21654,1.2166,1.2163,1.2165,19
2005-06-22 02:24:00,1.21654,1.21664,1.21644,1.21644,18
2005-06-22 02:25:00,1.21634,1.21654,1.21624,1.21654,20
2005-06-22 02:26:00,1.21654,1.21654,1.21644,1.21644,12
2005-06-22 02:27:00,1.21654,1.21664,1.21654,1.21664,4
2005-06-22 02:28:00,1.21654,1.21664,1.21654,1.21664,5
2005-06-22 02:29:00,1.21654,1.21664,1.21654,1.21654,6
2005-06-22 02:30:00,1.21654,1.21664,1.21654,1.21654,5
2005-06-22 02:31:00,1.21654,1.21654,1.21654,1.21654,4
2005-06-22 02:32:00,1.21664,1.21664,1.21654,1.21654,5
2005-06-22 02:33:00,1.21684,1.21684,1.21664,1.21674,10
2005-06-22 02:34:00,1.21674,1.21684,1.21674,1.21684,5
2005-06-22 02:35:00,1.21704,1.21704,1.21684,1.21684,14
2005-06-22 02:36:00,1.21704,1.21704,1.21694,1.21694,10
2005-06-22 02:37:00,1.21704,1.21724,1.21704,1.21714,15
2005-06-22 02:38:00,1.21724,1.21724,1.21704,1.21704,13
2005-06-22 02:39:00,1.21724,1.21724,1.21714,1.21724,7
2005-06-22 02:40:00,1.21724,1.21724,1.21714,1.21714,6
2005-06-22 02:41:00,1.21734,1.21734,1.21714,1.21714,9
2005-06-22 02:42:00,1.21724,1.21734,1.21724,1.21724,12
2005-06-22 02:43:00,1.21734,1.21734,1.21724,1.21724,14
2005-06-22 02:44:00,1.21734,1.21744,1.21734,1.21734,14
2005-06-22 02:45:00,1.21724,1.21734,1.21724,1.21734,11
2005-06-22 02:46:00,1.21734,1.21734,1.21724,1.21724,5
2005-06-22 02:47:00,1.21734,1.21734,1.21734,1.21734,1
2005-06-22 02:48:00,1.21724,1.21734,1.21724,1.21734,6
2005-06-22 02:49:00,1.21724,1.21734,1.21724,1.21724,7
2005-06-22 02:50:00,1.21734,1.21734,1.21724,1.21724,7
2005-06-22 02:51:00,1.21734,1.21734,1.21734,1.21734,2
2005-06-22 02:52:00,1.21724,1.21734,1.21724,1.21734,3
2005-06-22 02:53:00,1.21714,1.21714,1.21704,1.21714,10
2005-06-22 02:54:00,1.21714,1.21714,1.21704,1.21714,6
2005-06-22 02:55:00,1.21704,1.21704,1.21704,1.21704,4
2005-06-22 02:56:00,1.21694,1.21704,1.21684,1.21694,8
2005-06-22 02:57:00,1.21674,1.21684,1.21674,1.21684,9
2005-06-22 02:58:00,1.21684,1.21684,1.21674,1.21674,13
2005-06-22 02:59:00,1.21674,1.21694,1.21674,1.21694,7
2005-06-22 03:00:00,1.21694,1.21694,1.21684,1.21684,7
2005-06-22 03:01:00,1.21694,1.21694,1.21694,1.21694,2
2005-06-22 03:02:00,1.21704,1.21704,1.21694,1.21694,7
2005-06-22 03:03:00,1.21694,1.21704,1.21694,1.21704,4
2005-06-22 03:04:00,1.21704,1.21704,1.21694,1.21694,3
2005-06-22 03:05:00,1.21704,1.21704,1.21704,1.21704,2
2005-06-22 03:06:00,1.21714,1.21714,1.21704,1.21704,6
2005-06-22 03:07:00,1.21714,1.21714,1.21704,1.21714,5
2005-06-22 03:08:00,1.21724,1.21734,1.21714,1.21714,11
2005-06-22 03:09:00,1.21714,1.21724,1.21714,1.21724,5
2005-06-22 03:10:00,1.21714,1.21714,1.21704,1.21704,13
2005-06-22 03:11:00,1.21704,1.21714,1.21704,1.21714,8
2005-06-22 03:12:00,1.21714,1.21714,1.21714,1.21714,4
2005-06-22 03:13:00,1.21714,1.21714,1.21714,1.21714,2
2005-06-22 03:14:00,1.21714,1.21714,1.21714,1.21714,2
2005-06-22 03:15:00,1.21714,1.21714,1.21714,1.21714,2
2005-06-22 03:16:00,1.21714,1.21714,1.21714,1.21714,4
2005-06-22 03:17:00,1.21734,1.21734,1.21724,1.21724,5
2005-06-22 03:18:00,1.21724,1.21734,1.21724,1.21734,2
2005-06-22 03:19:00,1.21734,1.21734,1.21724,1.21724,6
2005-06-22 03:20:00,1.21724,1.21734,1.21724,1.21734,3
2005-06-22 03:21:00,1.21744,1.21744,1.21724,1.21724,3
2005-06-22 03:22:00,1.21754,1.21754,1.21734,1.21744,9
2005-06-22 03:23:00,1.21734,1.21754,1.21724,1.21754,10
2005-06-22 03:24:00,1.21724,1.21734,1.21724,1.21734,4
2005-06-22 03:25:00,1.21724,1.21724,1.21714,1.21724,7
2005-06-22 03:26:00,1.21714,1.21724,1.21714,1.21714,5
2005-06-22 03:27:00,1.21714,1.21724,1.21714,1.21714,4
2005-06-22 03:28:00,1.21714,1.21714,1.21714,1.21714,4
2005-06-22 03:29:00,1.21714,1.21714,1.21714,1.21714,3
2005-06-22 03:30:00,1.21724,1.21724,1.21694,1.21704,13
2005-06-22 03:31:00,1.21724,1.21734,1.21714,1.21734,11
2005-06-22 03:32:00,1.21714,1.21724,1.21714,1.21714,5
2005-06-22 03:33:00,1.21714,1.21714,1.21714,1.21714,1
2005-06-22 03:34:00,1.21704,1.21714,1.21704,1.21714,4
2005-06-22 03:35:00,1.21714,1.21714,1.21704,1.21704,3
2005-06-22 03:36:00,1.21704,1.21704,1.21694,1.21694,14
2005-06-22 03:37:00,1.21694,1.21704,1.21694,1.21704,7
2005-06-22 03:38:00,1.21704,1.21704,1.21694,1.21694,3
2005-06-22 03:39:00,1.21704,1.21704,1.21704,1.21704,4
2005-06-22 03:40:00,1.21694,1.21694,1.21694,1.21694,4
2005-06-22 03:41:00,1.21694,1.21694,1.21684,1.21694,7
2005-06-22 03:42:00,1.21674,1.21694,1.21664,1.21694,13
2005-06-22 03:43:00,1.21684,1.21684,1.21674,1.21674,5
2005-06-22 03:44:00,1.21664,1.21684,1.21664,1.21684,16
2005-06-22 03:45:00,1.21664,1.21674,1.21664,1.21674,8
2005-06-22 03:46:00,1.21664,1.21664,1.21664,1.21664,1
2005-06-22 03:47:00,1.21664,1.21664,1.21664,1.21664,2
2005-06-22 03:48:00,1.21654,1.21674,1.21644,1.21664,14
2005-06-22 03:49:00,1.21654,1.21654,1.21644,1.21644,4
2005-06-22 03:50:00,1.21664,1.21664,1.21654,1.21654,4
2005-06-22 03:51:00,1.21674,1.21674,1.21664,1.21664,11
2005-06-22 03:52:00,1.21694,1.21694,1.21674,1.21674,6
2005-06-22 03:53:00,1.21684,1.21694,1.21684,1.21694,10
2005-06-22 03:54:00,1.21684,1.21684,1.21684,1.21684,3
2005-06-22 03:55:00,1.21684,1.21694,1.21684,1.21694,4
2005-06-22 03:56:00,1.21704,1.21704,1.21684,1.21684,5
2005-06-22 03:57:00,1.21694,1.21704,1.21694,1.21704,4
2005-06-22 03:58:00,1.21684,1.21684,1.21674,1.21674,4
2005-06-22 03:59:00,1.21674,1.21684,1.21664,1.21684,9
2005-06-22 04:00:00,1.21674,1.21674,1.21674,1.21674,2
2005-06-22 04:01:00,1.21674,1.21674,1.21674,1.21674,2
2005-06-22 04:02:00,1.21664,1.21674,1.21664,1.21664,10
2005-06-22 04:03:00,1.21664,1.21664,1.21664,1.21664,2
2005-06-22 04:04:00,1.21664,1.21674,1.21664,1.21664,3
2005-06-22 04:05:00,1.21664,1.21674,1.21664,1.21664,4
2005-06-22 04:06:00,1.21664,1.21664,1.21664,1.21664,2
2005-06-22 04:07:00,1.21664,1.21664,1.21664,1.21664,4
2005-06-22 04:08:00,1.21664,1.21664,1.21664,1.21664,2
2005-06-22 04:09:00,1.21664,1.21674,1.21664,1.21674,4
2005-06-22 04:10:00,1.21664,1.21674,1.21664,1.21674,5
2005-06-22 04:11:00,1.21664,1.21664,1.21664,1.21664,2
2005-06-22 04:12:00,1.21664,1.21664,1.21664,1.21664,3
2005-06-22 04:13:00,1.21674,1.21674,1.21664,1.21664,4
2005-06-22 04:14:00,1.21664,1.21674,1.21664,1.21674,3
2005-06-22 04:15:00,1.21674,1.21684,1.21674,1.21674,14
2005-06-22 04:16:00,1.21674,1.21684,1.21674,1.21684,8
2005-06-22 04:17:00,1.21674,1.21684,1.21674,1.21674,7
2005-06-22 04:18:00,1.21674,1.21674,1.21674,1.21674,2
2005-06-22 04:19:00,1.21674,1.21674,1.21674,1.21674,9
2005-06-22 04:20:00,1.21674,1.21674,1.21674,1.21674,1
2005-06-22 04:21:00,1.21674,1.21684,1.21674,1.21674,6
2005-06-22 04:22:00,1.21684,1.21684,1.21684,1.21684,3
2005-06-22 04:23:00,1.21684,1.21684,1.21674,1.21684,7
2005-06-22 04:24:00,1.21684,1.21684,1.21684,1.21684,2
2005-06-22 04:25:00,1.21684,1.21684,1.21684,1.21684,2
2005-06-22 04:26:00,1.21684,1.21684,1.21684,1.21684,2
2005-06-22 04:27:00,1.21674,1.21684,1.21674,1.21684,3
2005-06-22 04:28:00,1.21674,1.21674,1.21674,1.21674,3
2005-06-22 04:29:00,1.21674,1.21674,1.21674,1.21674,4
2005-06-22 04:30:00,1.21674,1.21674,1.21674,1.21674,1
2005-06-22 04:31:00,1.21674,1.21674,1.21674,1.21674,2
2005-06-22 04:32:00,1.21674,1.21674,1.21674,1.21674,2
2005-06-22 04:33:00,1.21674,1.21674,1.21674,1.21674,2
2005-06-22 04:34:00,1.21684,1.21684,1.21684,1.21684,3
2005-06-22 04:35:00,1.21694,1.21714,1.21684,1.21684,10
2005-06-22 04:36:00,1.21694,1.21694,1.21694,1.21694,4
2005-06-22 04:37:00,1.21704,1.21704,1.21694,1.21694,3
2005-06-22 04:38:00,1.21704,1.21704,1.21704,1.21704,4
2005-06-22 04:39:00,1.21714,1.21714,1.21694,1.21694,7
2005-06-22 04:40:00,1.21714,1.21724,1.21714,1.21714,6
2005-06-22 04:41:00,1.21714,1.21714,1.21714,1.21714,2
2005-06-22 04:42:00,1.21714,1.21724,1.21714,1.21714,9
2005-06-22 04:43:00,1.21704,1.21714,1.21704,1.21714,3
2005-06-22 04:44:00,1.21704,1.21714,1.21704,1.21714,9
2005-06-22 04:45:00,1.21724,1.21724,1.21704,1.21704,6
2005-06-22 04:46:00,1.21704,1.21714,1.21704,1.21714,8
2005-06-22 04:47:00,1.21704,1.21714,1.21704,1.21714,9
2005-06-22 04:48:00,1.21704,1.21714,1.21704,1.21704,7
2005-06-22 04:49:00,1.21704,1.21704,1.21704,1.21704,2
2005-06-22 04:50:00,1.21714,1.21724,1.21704,1.21704,11
2005-06-22 04:51:00,1.21714,1.21714,1.21714,1.21714,4
2005-06-22 04:52:00,1.21714,1.21714,1.21704,1.21714,8
2005-06-22 04:53:00,1.21724,1.21724,1.21714,1.21714,12
2005-06-22 04:54:00,1.21714,1.21724,1.21714,1.21724,7
2005-06-22 04:55:00,1.21724,1.21724,1.21714,1.21714,5
2005-06-22 04:56:00,1.21724,1.21724,1.21714,1.21714,4
2005-06-22 04:57:00,1.21724,1.21724,1.21724,1.21724,3
2005-06-22 04:58:00,1.21714,1.21724,1.21714,1.21724,4
2005-06-22 04:59:00,1.21714,1.21714,1.21714,1.21714,2
2005-06-22 05:00:00,1.21714,1.21714,1.21714,1.21714,3
2005-06-22 05:01:00,1.21714,1.21714,1.21704,1.21714,6
2005-06-22 05:02:00,1.21704,1.21704,1.21704,1.21704,3
2005-06-22 05:03:00,1.21704,1.21704,1.21704,1.21704,2
2005-06-22 05:04:00,1.21704,1.21704,1.21704,1.21704,3
2005-06-22 05:05:00,1.21694,1.21694,1.21694,1.21694,3
2005-06-22 05:06:00,1.21684,1.21694,1.21684,1.21694,3
2005-06-22 05:07:00,1.21674,1.21684,1.21674,1.21684,10
2005-06-22 05:08:00,1.21674,1.21684,1.21674,1.21674,10
2005-06-22 05:09:00,1.21674,1.21674,1.21674,1.21674,9
2005-06-22 05:10:00,1.21664,1.21684,1.21664,1.21674,9
2005-06-22 05:11:00,1.21644,1.21674,1.21644,1.21664,13
2005-06-22 05:12:00,1.21654,1.21654,1.21634,1.21634,13
2005-06-22 05:13:00,1.21674,1.21684,1.21654,1.21664,14
2005-06-22 05:14:00,1.21664,1.21674,1.21664,1.21674,5
2005-06-22 05:15:00,1.21674,1.21674,1.21664,1.21664,8
2005-06-22 05:16:00,1.21664,1.21674,1.21664,1.21674,3
2005-06-22 05:17:00,1.21674,1.21674,1.21664,1.21674,5
2005-06-22 05:18:00,1.21674,1.21674,1.21664,1.21674,3
2005-06-22 05:19:00,1.21684,1.21684,1.21674,1.21684,5
2005-06-22 05:20:00,1.21674,1.21684,1.21664,1.21674,8
2005-06-22 05:21:00,1.21674,1.21674,1.21674,1.21674,3
2005-06-22 05:22:00,1.21674,1.21684,1.21664,1.21664,12
2005-06-22 05:23:00,1.21674,1.21674,1.21664,1.21674,7
2005-06-22 05:24:00,1.21674,1.21684,1.21664,1.21664,6
2005-06-22 05:25:00,1.21674,1.21674,1.21674,1.21674,2
2005-06-22 05:26:00,1.21684,1.21684,1.21674,1.21674,5
2005-06-22 05:27:00,1.21664,1.21684,1.21664,1.21684,13
2005-06-22 05:28:00,1.21664,1.21674,1.21664,1.21674,8
2005-06-22 05:29:00,1.21664,1.21674,1.21664,1.21664,8
2005-06-22 05:30:00,1.21664,1.21674,1.21664,1.21664,9
2005-06-22 05:31:00,1.21654,1.21654,1.21654,1.21654,4
2005-06-22 05:32:00,1.21654,1.21654,1.21644,1.21654,7
2005-06-22 05:33:00,1.21674,1.21674,1.21654,1.21664,15
2005-06-22 05:34:00,1.21674,1.21674,1.21664,1.21664,12
2005-06-22 05:35:00,1.21654,1.21674,1.21654,1.21674,5
2005-06-22 05:36:00,1.21654,1.21674,1.21654,1.21664,10
2005-06-22 05:37:00,1.21648,1.21654,1.21644,1.21644,8
2005-06-22 05:38:00,1.21648,1.21658,1.21648,1.21648,6
2005-06-22 05:39:00,1.21648,1.21648,1.21648,1.21648,6
2005-06-22 05:40:00,1.21648,1.21668,1.21648,1.21648,12
2005-06-22 05:41:00,1.21658,1.21658,1.21648,1.21648,14
2005-06-22 05:42:00,1.21678,1.21678,1.21648,1.21658,8
2005-06-22 05:43:00,1.21678,1.21688,1.21668,1.21668,13
2005-06-22 05:44:00,1.21678,1.21678,1.21668,1.21678,7
2005-06-22 05:45:00,1.21678,1.21678,1.21678,1.21678,5
2005-06-22 05:46:00,1.21688,1.21688,1.21678,1.21688,7
2005-06-22 05:47:00,1.21688,1.21688,1.21688,1.21688,2
2005-06-22 05:48:00,1.21668,1.21698,1.21668,1.21698,19
2005-06-22 05:49:00,1.21668,1.21678,1.21668,1.21668,10
2005-06-22 05:50:00,1.21688,1.21688,1.21678,1.21678,5
2005-06-22 05:51:00,1.21728,1.21748,1.21678,1.21678,29
2005-06-22 05:52:00,1.21728,1.21748,1.21708,1.21718,25
2005-06-22 05:53:00,1.21718,1.21718,1.21708,1.21718,6
2005-06-22 05:54:00,1.21718,1.21728,1.21718,1.21718,7
2005-06-22 05:55:00,1.21728,1.21728,1.21718,1.21718,12
2005-06-22 05:56:00,1.21718,1.21728,1.21718,1.21728,10
2005-06-22 05:57:00,1.21698,1.21718,1.21698,1.21718,16
2005-06-22 05:58:00,1.21698,1.21698,1.21668,1.21698,21
2005-06-22 05:59:00,1.21688,1.21698,1.21678,1.21678,15
2005-06-22 06:00:00,1.21698,1.21698,1.21688,1.21688,6
2005-06-22 06:01:00,1.21748,1.21748,1.21698,1.21698,24
2005-06-22 06:02:00,1.21758,1.21768,1.21738,1.21738,18
2005-06-22 06:03:00,1.21768,1.21798,1.21758,1.21758,27
2005-06-22 06:04:00,1.21768,1.21778,1.21758,1.21778,16
2005-06-22 06:05:00,1.21768,1.21788,1.21758,1.21758,20
2005-06-22 06:06:00,1.21788,1.21788,1.21738,1.21768,24
2005-06-22 06:07:00,1.21768,1.21778,1.21768,1.21778,12
2005-06-22 06:08:00,1.21768,1.21778,1.21748,1.21768,13
2005-06-22 06:09:00,1.21758,1.21768,1.21758,1.21768,11
2005-06-22 06:10:00,1.21748,1.21748,1.21738,1.21748,6
2005-06-22 06:11:00,1.21808,1.21818,1.21758,1.21758,31
2005-06-22 06:12:00,1.21818,1.21858,1.21818,1.21818,40
2005-06-22 06:13:00,1.21818,1.21828,1.21818,1.21818,40
2005-06-22 06:14:00,1.21818,1.21828,1.21818,1.21818,49
2005-06-22 06:15:00,1.21828,1.21858,1.21818,1.21818,54
2005-06-22 06:16:00,1.21828,1.21848,1.21828,1.21838,44
2005-06-22 06:17:00,1.21838,1.21838,1.21808,1.21828,49
2005-06-22 06:18:00,1.21818,1.21838,1.21818,1.21838,33
2005-06-22 06:19:00,1.21818,1.21828,1.21818,1.21818,33
2005-06-22 06:20:00,1.21818,1.21828,1.21818,1.21818,51
2005-06-22 06:21:00,1.21808,1.21828,1.21808,1.21818,50
2005-06-22 06:22:00,1.21808,1.21818,1.21808,1.21818,40
2005-06-22 06:23:00,1.21848,1.21848,1.21808,1.21808,44
2005-06-22 06:24:00,1.21858,1.21878,1.21828,1.21838,56
2005-06-22 06:25:00,1.21862,1.21868,1.21858,1.21868,32
2005-06-22 06:26:00,1.21858,1.21862,1.21852,1.21862,22
2005-06-22 06:27:00,1.21848,1.21858,1.21848,1.21858,26
2005-06-22 06:28:00,1.21848,1.21858,1.21848,1.21848,24
2005-06-22 06:29:00,1.21858,1.21868,1.21848,1.21848,38
2005-06-22 06:30:00,1.21828,1.21858,1.21828,1.21858,52
2005-06-22 06:31:00,1.21858,1.21858,1.21828,1.21828,43
2005-06-22 06:32:00,1.21848,1.21868,1.21848,1.21858,46
2005-06-22 06:33:00,1.21868,1.21868,1.21848,1.21848,38
2005-06-22 06:34:00,1.21868,1.21878,1.21868,1.21868,29
2005-06-22 06:35:00,1.21848,1.21868,1.21848,1.21868,41
2005-06-22 06:36:00,1.21868,1.21878,1.21848,1.21848,43
2005-06-22 06:37:00,1.21878,1.21888,1.21868,1.21878,34
2005-06-22 06:38:00,1.21838,1.21878,1.21838,1.21878,46
2005-06-22 06:39:00,1.21838,1.21848,1.21838,1.21838,34
2005-06-22 06:40:00,1.21838,1.21848,1.21838,1.21838,37
2005-06-22 06:41:00,1.21848,1.21848,1.21838,1.21838,38
2005-06-22 06:42:00,1.21828,1.21848,1.21828,1.21848,32
2005-06-22 06:43:00,1.21788,1.21828,1.21778,1.21828,42
2005-06-22 06:44:00,1.21754,1.21788,1.21754,1.21788,43
2005-06-22 06:45:00,1.21744,1.21754,1.21714,1.21744,48
2005-06-22 06:46:00,1.21714,1.21754,1.21714,1.21744,40
2005-06-22 06:47:00,1.21724,1.21724,1.21694,1.21714,47
2005-06-22 06:48:00,1.21734,1.21734,1.21714,1.21724,48
2005-06-22 06:49:00,1.21774,1.21774,1.21744,1.21744,49
2005-06-22 06:50:00,1.21764,1.21774,1.21754,1.21774,44
2005-06-22 06:51:00,1.21774,1.21774,1.21764,1.21764,40
2005-06-22 06:52:00,1.21764,1.21774,1.21764,1.21774,38
2005-06-22 06:53:00,1.21814,1.21814,1.21764,1.21764,46
2005-06-22 06:54:00,1.21834,1.21854,1.21814,1.21814,53
2005-06-22 06:55:00,1.21894,1.21894,1.21834,1.21834,53
2005-06-22 06:56:00,1.21924,1.21944,1.21884,1.21894,54
2005-06-22 06:57:00,1.21924,1.21954,1.21914,1.21924,52
2005-06-22 06:58:00,1.21904,1.21934,1.21894,1.21934,55
2005-06-22 06:59:00,1.21934,1.21944,1.21904,1.21904,52
2005-06-22 07:00:00,1.21914,1.21934,1.21904,1.21934,52
2005-06-22 07:01:00,1.21884,1.21914,1.21874,1.21914,51
2005-06-22 07:02:00,1.21914,1.21924,1.21884,1.21884,52
2005-06-22 07:03:00,1.21924,1.21944,1.21914,1.21914,50
2005-06-22 07:04:00,1.21914,1.21934,1.21914,1.21924,47
2005-06-22 07:05:00,1.21934,1.21944,1.21914,1.21914,50
2005-06-22 07:06:00,1.21884,1.21934,1.21874,1.21934,45
2005-06-22 07:07:00,1.21864,1.21884,1.21864,1.21884,52
2005-06-22 07:08:00,1.21894,1.21894,1.21864,1.21864,54
2005-06-22 07:09:00,1.21884,1.21894,1.21884,1.21894,27
2005-06-22 07:10:00,1.21888,1.21888,1.21878,1.21884,27
2005-06-22 07:11:00,1.21888,1.21888,1.21888,1.21888,22
2005-06-22 07:12:00,1.21848,1.21888,1.21838,1.21888,46
2005-06-22 07:13:00,1.21858,1.21858,1.21838,1.21848,46
2005-06-22 07:14:00,1.21808,1.21858,1.21798,1.21858,41
2005-06-22 07:15:00,1.21808,1.21808,1.21788,1.21808,37
2005-06-22 07:16:00,1.21812,1.21832,1.21798,1.21808,44
2005-06-22 07:17:00,1.21782,1.21822,1.21762,1.21822,53
2005-06-22 07:18:00,1.21782,1.21792,1.21782,1.21782,43
2005-06-22 07:19:00,1.21802,1.21802,1.21782,1.21782,41
2005-06-22 07:20:00,1.21792,1.21802,1.21782,1.21802,36
2005-06-22 07:21:00,1.21792,1.21792,1.21782,1.21792,44
2005-06-22 07:22:00,1.21802,1.21812,1.21792,1.21792,42
2005-06-22 07:23:00,1.21832,1.21832,1.21802,1.21802,51
2005-06-22 07:24:00,1.21822,1.21832,1.21822,1.21832,26
2005-06-22 07:25:00,1.21822,1.21822,1.21822,1.21822,19
2005-06-22 07:26:00,1.21822,1.21832,1.21822,1.21822,22
2005-06-22 07:27:00,1.21812,1.21822,1.21782,1.21822,57
2005-06-22 07:28:00,1.21812,1.21822,1.21802,1.21812,45
2005-06-22 07:29:00,1.21812,1.21822,1.21812,1.21812,38
2005-06-22 07:30:00,1.21822,1.21822,1.21812,1.21812,31
2005-06-22 07:31:00,1.21802,1.21822,1.21802,1.21822,37
2005-06-22 07:32:00,1.21782,1.21812,1.21782,1.21802,49
2005-06-22 07:33:00,1.21802,1.21802,1.21782,1.21782,38
2005-06-22 07:34:00,1.21792,1.21802,1.21792,1.21802,34
2005-06-22 07:35:00,1.21772,1.21782,1.21762,1.21782,32
2005-06-22 07:36:00,1.21802,1.21802,1.21762,1.21762,45
2005-06-22 07:37:00,1.21792,1.21802,1.21792,1.21792,30
2005-06-22 07:38:00,1.21792,1.21802,1.21772,1.21782,49
2005-06-22 07:39:00,1.21812,1.21812,1.21792,1.21802,41
2005-06-22 07:40:00,1.21822,1.21832,1.21812,1.21812,41
2005-06-22 07:41:00,1.21812,1.21832,1.21812,1.21822,39
2005-06-22 07:42:00,1.21812,1.21822,1.21812,1.21812,39
2005-06-22 07:43:00,1.21812,1.21812,1.21802,1.21812,30
2005-06-22 07:44:00,1.21812,1.21812,1.21812,1.21812,15
2005-06-22 07:45:00,1.21822,1.21832,1.21812,1.21812,37
2005-06-22 07:46:00,1.21842,1.21842,1.21822,1.21822,40
2005-06-22 07:47:00,1.21812,1.21842,1.21812,1.21842,43
2005-06-22 07:48:00,1.21822,1.21822,1.21812,1.21812,40
2005-06-22 07:49:00,1.21822,1.21832,1.21812,1.21822,44
2005-06-22 07:50:00,1.21832,1.21832,1.21822,1.21822,33
2005-06-22 07:51:00,1.21822,1.21832,1.21822,1.21822,42
2005-06-22 07:52:00,1.21792,1.21822,1.21792,1.21822,32
2005-06-22 07:53:00,1.21832,1.21842,1.21792,1.21792,47
2005-06-22 07:54:00,1.21842,1.21842,1.21832,1.21832,43
2005-06-22 07:55:00,1.21852,1.21862,1.21832,1.21842,47
2005-06-22 07:56:00,1.21852,1.21852,1.21842,1.21852,26
2005-06-22 07:57:00,1.21872,1.21872,1.21842,1.21852,38
2005-06-22 07:58:00,1.21862,1.21882,1.21862,1.21872,42
2005-06-22 07:59:00,1.21832,1.21862,1.21822,1.21862,46
2005-06-22 08:00:00,1.21822,1.21832,1.21822,1.21832,30
2005-06-22 08:01:00,1.21832,1.21832,1.21822,1.21822,36
2005-06-22 08:02:00,1.21852,1.21852,1.21832,1.21832,44
2005-06-22 08:03:00,1.21842,1.21852,1.21842,1.21852,34
2005-06-22 08:04:00,1.21832,1.21842,1.21832,1.21842,33
2005-06-22 08:05:00,1.21852,1.21852,1.21832,1.21832,28
2005-06-22 08:06:00,1.21832,1.21852,1.21832,1.21852,42
2005-06-22 08:07:00,1.21882,1.21882,1.21832,1.21832,44
2005-06-22 08:08:00,1.21862,1.21882,1.21842,1.21882,46
2005-06-22 08:09:00,1.21862,1.21872,1.21862,1.21862,41
2005-06-22 08:10:00,1.21852,1.21862,1.21842,1.21862,40
2005-06-22 08:11:00,1.21842,1.21852,1.21842,1.21852,30
2005-06-22 08:12:00,1.21842,1.21852,1.21842,1.21842,34
2005-06-22 08:13:00,1.21842,1.21852,1.21842,1.21842,39
2005-06-22 08:14:00,1.21852,1.21852,1.21842,1.21842,34
2005-06-22 08:15:00,1.21852,1.21872,1.21842,1.21842,50
2005-06-22 08:16:00,1.21872,1.21882,1.21862,1.21862,51
2005-06-22 08:17:00,1.21902,1.21902,1.21872,1.21872,48
2005-06-22 08:18:00,1.21902,1.21912,1.21892,1.21902,44
2005-06-22 08:19:00,1.21882,1.21902,1.21882,1.21902,42
2005-06-22 08:20:00,1.21892,1.21892,1.21882,1.21882,36
2005-06-22 08:21:00,1.21942,1.21952,1.21892,1.21892,52
2005-06-22 08:22:00,1.21912,1.21962,1.21902,1.21942,53
2005-06-22 08:23:00,1.21952,1.21962,1.21912,1.21912,55
2005-06-22 08:24:00,1.21952,1.21952,1.21942,1.21952,44
2005-06-22 08:25:00,1.21942,1.21942,1.21922,1.21942,43
2005-06-22 08:26:00,1.21912,1.21942,1.21902,1.21942,53
2005-06-22 08:27:00,1.21922,1.21922,1.21902,1.21902,43
2005-06-22 08:28:00,1.21922,1.21932,1.21922,1.21922,38
2005-06-22 08:29:00,1.21912,1.21932,1.21912,1.21922,46
2005-06-22 08:30:00,1.21912,1.21922,1.21862,1.21922,61
2005-06-22 08:31:00,1.21872,1.21912,1.21872,1.21912,52
2005-06-22 08:32:00,1.21862,1.21872,1.21842,1.21872,53
2005-06-22 08:33:00,1.21932,1.21932,1.21862,1.21862,46
2005-06-22 08:34:00,1.21982,1.21982,1.21922,1.21932,45
2005-06-22 08:35:00,1.21942,1.21982,1.21942,1.21982,41
2005-06-22 08:36:00,1.21922,1.21942,1.21912,1.21942,45
2005-06-22 08:37:00,1.21932,1.21932,1.21912,1.21922,43
2005-06-22 08:38:00,1.21892,1.21942,1.21892,1.21932,48
2005-06-22 08:39:00,1.21892,1.21922,1.21892,1.21892,46
2005-06-22 08:40:00,1.21842,1.21892,1.21842,1.21892,49
2005-06-22 08:41:00,1.21892,1.21892,1.21842,1.21842,47
2005-06-22 08:42:00,1.21902,1.21912,1.21882,1.21902,47
2005-06-22 08:43:00,1.21912,1.21922,1.21892,1.21902,46
2005-06-22 08:44:00,1.21892,1.21922,1.21892,1.21912,47
2005-06-22 08:45:00,1.21892,1.21892,1.21872,1.21892,40
2005-06-22 08:46:00,1.21872,1.21892,1.21872,1.21892,32
2005-06-22 08:47:00,1.21902,1.21902,1.21872,1.21872,45
2005-06-22 08:48:00,1.21892,1.21902,1.21872,1.21902,50
2005-06-22 08:49:00,1.21892,1.21912,1.21882,1.21892,54
2005-06-22 08:50:00,1.21902,1.21922,1.21882,1.21892,51
2005-06-22 08:51:00,1.21932,1.21942,1.21902,1.21912,56
2005-06-22 08:52:00,1.21882,1.21932,1.21882,1.21932,51
2005-06-22 08:53:00,1.21872,1.21902,1.21872,1.21882,40
2005-06-22 08:54:00,1.21882,1.21882,1.21872,1.21872,33
2005-06-22 08:55:00,1.21882,1.21882,1.21882,1.21882,30
2005-06-22 08:56:00,1.21882,1.21892,1.21882,1.21882,37
2005-06-22 08:57:00,1.21892,1.21892,1.21882,1.21882,29
2005-06-22 08:58:00,1.21882,1.21892,1.21882,1.21892,39
2005-06-22 08:59:00,1.21882,1.21892,1.21882,1.21892,36
2005-06-22 09:00:00,1.21892,1.21902,1.21872,1.21872,42
2005-06-22 09:01:00,1.21902,1.21902,1.21882,1.21892,28
2005-06-22 09:02:00,1.21902,1.21902,1.21892,1.21902,31
2005-06-22 09:03:00,1.21872,1.21902,1.21872,1.21902,36
2005-06-22 09:04:00,1.21872,1.21872,1.21852,1.21872,45
2005-06-22 09:05:00,1.2186,1.21872,1.2185,1.21872,42
2005-06-22 09:06:00,1.2179,1.2186,1.2179,1.2186,50
2005-06-22 09:07:00,1.2178,1.2179,1.2177,1.2179,46
2005-06-22 09:08:00,1.2174,1.2178,1.2171,1.2178,57
2005-06-22 09:09:00,1.2173,1.2174,1.2172,1.2174,49
2005-06-22 09:10:00,1.2161,1.2174,1.2157,1.2173,54
2005-06-22 09:11:00,1.2158,1.2165,1.2158,1.2159,58
2005-06-22 09:12:00,1.2159,1.2161,1.2157,1.2157,49
2005-06-22 09:13:00,1.2151,1.216,1.2149,1.216,63
2005-06-22 09:14:00,1.215,1.2152,1.2148,1.2151,54
2005-06-22 09:15:00,1.2139,1.215,1.2139,1.215,60
2005-06-22 09:16:00,1.2142,1.2143,1.2137,1.2139,57
2005-06-22 09:17:00,1.2146,1.2147,1.2142,1.2142,58
2005-06-22 09:18:00,1.2149,1.2149,1.2146,1.2146,44
2005-06-22 09:19:00,1.2149,1.215,1.2148,1.2149,41
2005-06-22 09:20:00,1.2149,1.215,1.2148,1.2149,42
2005-06-22 09:21:00,1.2148,1.2149,1.2147,1.2149,30
2005-06-22 09:22:00,1.2143,1.2147,1.2142,1.2147,41
2005-06-22 09:23:00,1.2142,1.2145,1.2141,1.2143,55
2005-06-22 09:24:00,1.2146,1.2146,1.2142,1.2142,50
2005-06-22 09:25:00,1.2147,1.2147,1.2144,1.2146,45
2005-06-22 09:26:00,1.2147,1.2147,1.2144,1.2147,45
2005-06-22 09:27:00,1.2152,1.2152,1.2146,1.2147,48
2005-06-22 09:28:00,1.2148,1.2152,1.2148,1.2152,60
2005-06-22 09:29:00,1.2151,1.2151,1.2148,1.2148,49
2005-06-22 09:30:00,1.2147,1.2151,1.2146,1.2151,43
2005-06-22 09:31:00,1.2148,1.2149,1.2146,1.2147,40
2005-06-22 09:32:00,1.2145,1.2148,1.2143,1.2148,51
2005-06-22 09:33:00,1.2146,1.2149,1.2146,1.2146,41
2005-06-22 09:34:00,1.215,1.215,1.2145,1.2146,54
2005-06-22 09:35:00,1.2145,1.2149,1.2145,1.2148,41
2005-06-22 09:36:00,1.2144,1.2146,1.2144,1.2145,43
2005-06-22 09:37:00,1.2145,1.2146,1.2143,1.2144,52
2005-06-22 09:38:00,1.2142,1.2145,1.214,1.2145,52
2005-06-22 09:39:00,1.2144,1.2145,1.2141,1.2142,51
2005-06-22 09:40:00,1.2145,1.2146,1.2144,1.2144,38
2005-06-22 09:41:00,1.2145,1.2145,1.2143,1.2145,45
2005-06-22 09:42:00,1.2147,1.2147,1.2143,1.2145,48
2005-06-22 09:43:00,1.2147,1.2149,1.2146,1.2147,46
2005-06-22 09:44:00,1.2146,1.2147,1.2144,1.2147,43
2005-06-22 09:45:00,1.2142,1.2146,1.2142,1.2146,46
2005-06-22 09:46:00,1.2143,1.2143,1.2141,1.2142,45
2005-06-22 09:47:00,1.2137,1.2144,1.2137,1.2143,45
2005-06-22 09:48:00,1.2136,1.2139,1.2136,1.2136,46
2005-06-22 09:49:00,1.2138,1.2138,1.2136,1.2136,38
2005-06-22 09:50:00,1.2141,1.2141,1.2138,1.2138,38
2005-06-22 09:51:00,1.2145,1.2146,1.214,1.2141,53
2005-06-22 09:52:00,1.2146,1.2146,1.2143,1.2144,42
2005-06-22 09:53:00,1.2145,1.2146,1.2144,1.2146,37
2005-06-22 09:54:00,1.2148,1.2148,1.2144,1.2145,57
2005-06-22 09:55:00,1.2146,1.2148,1.2146,1.2148,38
2005-06-22 09:56:00,1.2145,1.2146,1.2145,1.2146,27
2005-06-22 09:57:00,1.2148,1.2148,1.2145,1.2145,39
2005-06-22 09:58:00,1.2145,1.2148,1.2145,1.2148,41
2005-06-22 09:59:00,1.2145,1.2146,1.2145,1.2145,39
2005-06-22 10:00:00,1.2145,1.2147,1.2145,1.2145,42
2005-06-22 10:01:00,1.2147,1.2147,1.2145,1.2145,39
2005-06-22 10:02:00,1.2145,1.2147,1.2145,1.2147,28
2005-06-22 10:03:00,1.2145,1.2145,1.2144,1.2145,39
2005-06-22 10:04:00,1.2143,1.2145,1.2142,1.2145,38
2005-06-22 10:05:00,1.2142,1.2143,1.2141,1.2143,42
2005-06-22 10:06:00,1.2144,1.2144,1.2142,1.2142,41
2005-06-22 10:07:00,1.2145,1.2146,1.2144,1.2144,30
2005-06-22 10:08:00,1.2146,1.2147,1.2145,1.2146,33
2005-06-22 10:09:00,1.2148,1.2149,1.2146,1.2146,43
2005-06-22 10:10:00,1.2144,1.215,1.2144,1.2148,49
2005-06-22 10:11:00,1.2145,1.2146,1.2143,1.2143,52
2005-06-22 10:12:00,1.2144,1.2145,1.2144,1.2145,35
2005-06-22 10:13:00,1.2144,1.2144,1.2144,1.2144,26
2005-06-22 10:14:00,1.2143,1.2144,1.2143,1.2144,34
2005-06-22 10:15:00,1.2146,1.2147,1.2144,1.2144,47
2005-06-22 10:16:00,1.2146,1.2147,1.2146,1.2146,41
2005-06-22 10:17:00,1.2143,1.2147,1.2143,1.2146,33
2005-06-22 10:18:00,1.2144,1.2144,1.2142,1.2143,40
2005-06-22 10:19:00,1.2143,1.2144,1.2143,1.2144,29
2005-06-22 10:20:00,1.2144,1.2144,1.2143,1.2143,23
2005-06-22 10:21:00,1.2145,1.2145,1.2144,1.2144,28
2005-06-22 10:22:00,1.2144,1.2145,1.2144,1.2145,19
2005-06-22 10:23:00,1.2145,1.2145,1.2144,1.2145,44
2005-06-22 10:24:00,1.2146,1.2147,1.2145,1.2145,43
2005-06-22 10:25:00,1.2146,1.2147,1.2146,1.2147,43
2005-06-22 10:26:00,1.2147,1.2148,1.2145,1.2146,55
2005-06-22 10:27:00,1.2145,1.2147,1.2144,1.2147,47
2005-06-22 10:28:00,1.214,1.2145,1.214,1.2145,42
2005-06-22 10:29:00,1.2143,1.2144,1.214,1.214,52
2005-06-22 10:30:00,1.2138,1.2143,1.2138,1.2143,49
2005-06-22 10:31:00,1.2138,1.2139,1.2137,1.2138,47
2005-06-22 10:32:00,1.2139,1.2139,1.2138,1.2138,39
2005-06-22 10:33:00,1.2138,1.2139,1.2138,1.2139,39
2005-06-22 10:34:00,1.2137,1.2138,1.2136,1.2138,40
2005-06-22 10:35:00,1.2132,1.2137,1.2132,1.2137,56
2005-06-22 10:36:00,1.2133,1.2135,1.2132,1.2132,52
2005-06-22 10:37:00,1.2133,1.2134,1.2133,1.2133,36
2005-06-22 10:38:00,1.2133,1.2134,1.2133,1.2133,19
2005-06-22 10:39:00,1.2132,1.2133,1.2131,1.2133,39
2005-06-22 10:40:00,1.213,1.2132,1.2128,1.2132,48
2005-06-22 10:41:00,1.2129,1.2129,1.2126,1.2129,47
2005-06-22 10:42:00,1.2129,1.2129,1.2128,1.2129,33
2005-06-22 10:43:00,1.2128,1.2129,1.2127,1.2129,38
2005-06-22 10:44:00,1.2135,1.2135,1.2127,1.2128,45
2005-06-22 10:45:00,1.2133,1.2135,1.2131,1.2135,50
2005-06-22 10:46:00,1.2135,1.2135,1.2133,1.2133,43
2005-06-22 10:47:00,1.2134,1.2135,1.2134,1.2134,43
2005-06-22 10:48:00,1.2133,1.2134,1.2132,1.2134,37
2005-06-22 10:49:00,1.2133,1.2134,1.2133,1.2133,34
2005-06-22 10:50:00,1.2131,1.2134,1.2131,1.2134,40
2005-06-22 10:51:00,1.2131,1.2132,1.2129,1.2131,53
2005-06-22 10:52:00,1.213,1.2132,1.2129,1.2132,46
2005-06-22 10:53:00,1.213,1.213,1.2129,1.213,43
2005-06-22 10:54:00,1.2129,1.213,1.2127,1.213,33
2005-06-22 10:55:00,1.2128,1.2129,1.2128,1.2129,44
2005-06-22 10:56:00,1.2127,1.2129,1.2127,1.2128,25
2005-06-22 10:57:00,1.2124,1.2127,1.2123,1.2127,41
2005-06-22 10:58:00,1.2124,1.2124,1.2122,1.2124,45
2005-06-22 10:59:00,1.2124,1.2125,1.2122,1.2124,42
2005-06-22 11:00:00,1.2126,1.2126,1.2123,1.2123,50
2005-06-22 11:01:00,1.2124,1.2127,1.2123,1.2126,46
2005-06-22 11:02:00,1.2123,1.2125,1.2121,1.2124,54
2005-06-22 11:03:00,1.2125,1.2125,1.2123,1.2123,41
2005-06-22 11:04:00,1.2123,1.2125,1.2123,1.2125,48
2005-06-22 11:05:00,1.2124,1.2125,1.2123,1.2123,33
2005-06-22 11:06:00,1.2126,1.2126,1.2123,1.2124,49
2005-06-22 11:07:00,1.2125,1.2125,1.2123,1.2125,49
2005-06-22 11:08:00,1.2125,1.2125,1.2125,1.2125,29
2005-06-22 11:09:00,1.2125,1.2126,1.2125,1.2125,34
2005-06-22 11:10:00,1.2127,1.2127,1.2125,1.2125,40
2005-06-22 11:11:00,1.2126,1.2127,1.2125,1.2127,33
2005-06-22 11:12:00,1.2124,1.2126,1.2124,1.2126,33
2005-06-22 11:13:00,1.2113,1.2124,1.2113,1.2124,56
2005-06-22 11:14:00,1.2115,1.2115,1.2112,1.2113,51
2005-06-22 11:15:00,1.2115,1.2117,1.2115,1.2116,44
2005-06-22 11:16:00,1.2114,1.2116,1.2112,1.2115,51
2005-06-22 11:17:00,1.2115,1.2115,1.2113,1.2114,48
2005-06-22 11:18:00,1.2112,1.2115,1.2109,1.2115,50
2005-06-22 11:19:00,1.211,1.2112,1.2108,1.2112,54
2005-06-22 11:20:00,1.2112,1.2113,1.2109,1.2109,42
2005-06-22 11:21:00,1.2109,1.2113,1.2109,1.2112,36
2005-06-22 11:22:00,1.2106,1.211,1.2105,1.2109,51
2005-06-22 11:23:00,1.2108,1.2108,1.2105,1.2106,50
2005-06-22 11:24:00,1.2109,1.2109,1.2107,1.2108,34
2005-06-22 11:25:00,1.2107,1.211,1.2106,1.2109,52
2005-06-22 11:26:00,1.2106,1.2106,1.2104,1.2106,48
2005-06-22 11:27:00,1.2108,1.2108,1.2105,1.2106,41
2005-06-22 11:28:00,1.2109,1.2111,1.2108,1.2108,50
2005-06-22 11:29:00,1.2112,1.2112,1.2109,1.2109,39
2005-06-22 11:30:00,1.2111,1.2113,1.2111,1.2112,49
2005-06-22 11:31:00,1.2106,1.2111,1.2105,1.2111,49
2005-06-22 11:32:00,1.2111,1.2112,1.2106,1.2106,41
2005-06-22 11:33:00,1.2108,1.2112,1.2108,1.2111,44
2005-06-22 11:34:00,1.2112,1.2113,1.2108,1.2108,46
2005-06-22 11:35:00,1.2109,1.2113,1.2109,1.2112,52
2005-06-22 11:36:00,1.2108,1.211,1.2108,1.2109,38
2005-06-22 11:37:00,1.2108,1.2108,1.2107,1.2108,50
2005-06-22 11:38:00,1.2108,1.2108,1.2107,1.2108,31
2005-06-22 11:39:00,1.2111,1.2111,1.2108,1.2109,51
2005-06-22 11:40:00,1.2113,1.2113,1.2111,1.2112,41
2005-06-22 11:41:00,1.2116,1.2116,1.2113,1.2113,43
2005-06-22 11:42:00,1.2116,1.2116,1.2114,1.2116,40
2005-06-22 11:43:00,1.2116,1.2116,1.2115,1.2116,40
2005-06-22 11:44:00,1.2114,1.2116,1.2114,1.2116,41
2005-06-22 11:45:00,1.2114,1.2115,1.2113,1.2114,42
2005-06-22 11:46:00,1.2114,1.2115,1.2113,1.2114,43
2005-06-22 11:47:00,1.2112,1.2114,1.2112,1.2114,45
2005-06-22 11:48:00,1.2114,1.2114,1.2113,1.2113,36
2005-06-22 11:49:00,1.2112,1.2114,1.2112,1.2114,32
2005-06-22 11:50:00,1.2114,1.2114,1.2112,1.2112,30
2005-06-22 11:51:00,1.2115,1.2116,1.2114,1.2114,36
2005-06-22 11:52:00,1.2114,1.2116,1.2114,1.2115,38
2005-06-22 11:53:00,1.2116,1.2117,1.2114,1.2115,49
2005-06-22 11:54:00,1.2119,1.2119,1.2116,1.2116,41
2005-06-22 11:55:00,1.212,1.212,1.2119,1.2119,44
2005-06-22 11:56:00,1.2118,1.212,1.2118,1.212,42
2005-06-22 11:57:00,1.2116,1.2118,1.2115,1.2118,41
2005-06-22 11:58:00,1.2115,1.2117,1.2115,1.2116,45
2005-06-22 11:59:00,1.2114,1.2116,1.2113,1.2115,37
2005-06-22 12:00:00,1.2116,1.2117,1.2114,1.2114,38
2005-06-22 12:01:00,1.2114,1.2116,1.2114,1.2116,43
2005-06-22 12:02:00,1.2115,1.2116,1.2114,1.2114,51
2005-06-22 12:03:00,1.2115,1.2116,1.2115,1.2116,33
2005-06-22 12:04:00,1.2114,1.2115,1.2113,1.2115,39
2005-06-22 12:05:00,1.2114,1.2115,1.2114,1.2115,54
2005-06-22 12:06:00,1.2113,1.2114,1.2113,1.2114,22
2005-06-22 12:07:00,1.2113,1.2114,1.2112,1.2113,37
2005-06-22 12:08:00,1.2115,1.2116,1.2113,1.2113,45
2005-06-22 12:09:00,1.2116,1.2116,1.21144,1.2115,39
2005-06-22 12:10:00,1.2116,1.2117,1.2115,1.2116,47
2005-06-22 12:11:00,1.2117,1.2118,1.2116,1.2116,45
2005-06-22 12:12:00,1.2115,1.2119,1.2115,1.2117,41
2005-06-22 12:13:00,1.2114,1.2117,1.2114,1.2116,43
2005-06-22 12:14:00,1.2112,1.2115,1.2112,1.2114,53
2005-06-22 12:15:00,1.2111,1.2114,1.2111,1.2113,54
2005-06-22 12:16:00,1.21104,1.21114,1.211,1.2111,40
2005-06-22 12:17:00,1.21094,1.21104,1.21094,1.21104,33
2005-06-22 12:18:00,1.21104,1.21104,1.21094,1.21094,44
2005-06-22 12:19:00,1.21084,1.21104,1.21084,1.21104,35
2005-06-22 12:20:00,1.21068,1.21078,1.21064,1.21074,39
2005-06-22 12:21:00,1.21088,1.211,1.21068,1.21068,37
2005-06-22 12:22:00,1.21078,1.21098,1.21078,1.21088,38
2005-06-22 12:23:00,1.21088,1.21088,1.21078,1.21078,44
2005-06-22 12:24:00,1.21078,1.21098,1.21078,1.21088,51
2005-06-22 12:25:00,1.21068,1.21088,1.21068,1.21078,49
2005-06-22 12:26:00,1.21068,1.21078,1.21058,1.21068,48
2005-06-22 12:27:00,1.21068,1.21078,1.21068,1.21068,48
2005-06-22 12:28:00,1.21068,1.21078,1.21058,1.21068,39
2005-06-22 12:29:00,1.21078,1.21078,1.21068,1.21068,32
2005-06-22 12:30:00,1.21098,1.21108,1.21078,1.21078,44
2005-06-22 12:31:00,1.21148,1.21148,1.21088,1.21098,48
2005-06-22 12:32:00,1.21158,1.21158,1.21138,1.21148,39
2005-06-22 12:33:00,1.21158,1.21188,1.21158,1.21158,45
2005-06-22 12:34:00,1.21168,1.21168,1.21148,1.21158,39
2005-06-22 12:35:00,1.21168,1.21178,1.21168,1.21168,50
2005-06-22 12:36:00,1.21208,1.21238,1.21168,1.21168,45
2005-06-22 12:37:00,1.21248,1.21258,1.21198,1.21208,50
2005-06-22 12:38:00,1.2125,1.2126,1.21228,1.21248,54
2005-06-22 12:39:00,1.2124,1.2124,1.2122,1.2124,47
2005-06-22 12:40:00,1.2122,1.2124,1.2122,1.2124,43
2005-06-22 12:41:00,1.21238,1.21238,1.21218,1.2122,28
2005-06-22 12:42:00,1.21238,1.21258,1.21238,1.21238,31
2005-06-22 12:43:00,1.21238,1.21238,1.21228,1.21228,38
2005-06-22 12:44:00,1.21198,1.21238,1.21188,1.21238,47
2005-06-22 12:45:00,1.21188,1.21208,1.21178,1.21198,43
2005-06-22 12:46:00,1.21198,1.21218,1.21188,1.21188,45
2005-06-22 12:47:00,1.21198,1.21208,1.21198,1.21198,38
2005-06-22 12:48:00,1.21218,1.21228,1.21188,1.21188,41
2005-06-22 12:49:00,1.21208,1.21228,1.21208,1.21218,39
2005-06-22 12:50:00,1.21178,1.21208,1.21168,1.21208,43
2005-06-22 12:51:00,1.21208,1.2122,1.21188,1.21188,45
2005-06-22 12:52:00,1.21188,1.21208,1.21188,1.21208,43
2005-06-22 12:53:00,1.21178,1.21198,1.21168,1.21188,47
2005-06-22 12:54:00,1.21178,1.21198,1.21168,1.21178,42
2005-06-22 12:55:00,1.21188,1.21188,1.21168,1.21178,48
2005-06-22 12:56:00,1.21138,1.21188,1.21128,1.21188,48
2005-06-22 12:57:00,1.21148,1.21148,1.21128,1.21138,39
2005-06-22 12:58:00,1.21128,1.21148,1.21128,1.21138,48
2005-06-22 12:59:00,1.21104,1.21134,1.21084,1.21128,50
2005-06-22 13:00:00,1.21084,1.21104,1.21084,1.21104,41
2005-06-22 13:01:00,1.21118,1.21118,1.21094,1.21094,46
2005-06-22 13:02:00,1.21148,1.21148,1.21118,1.21118,45
2005-06-22 13:03:00,1.21138,1.21148,1.21098,1.21148,47
2005-06-22 13:04:00,1.21118,1.21148,1.21118,1.21138,42
2005-06-22 13:05:00,1.21118,1.21118,1.21108,1.21118,42
2005-06-22 13:06:00,1.21118,1.21118,1.21108,1.21118,33
2005-06-22 13:07:00,1.21108,1.21118,1.21098,1.21118,38
2005-06-22 13:08:00,1.21108,1.21118,1.21108,1.21108,35
2005-06-22 13:09:00,1.21118,1.21118,1.21098,1.21108,40
2005-06-22 13:10:00,1.21108,1.21118,1.21098,1.21118,43
2005-06-22 13:11:00,1.21138,1.21138,1.21108,1.21108,43
2005-06-22 13:12:00,1.21148,1.21148,1.21138,1.21138,37
2005-06-22 13:13:00,1.21148,1.21158,1.21138,1.21148,30
2005-06-22 13:14:00,1.21178,1.21178,1.21138,1.21148,44
2005-06-22 13:15:00,1.21178,1.21198,1.21178,1.21178,48
2005-06-22 13:16:00,1.21188,1.21198,1.21178,1.21178,42
2005-06-22 13:17:00,1.21168,1.21188,1.21168,1.21188,35
2005-06-22 13:18:00,1.21188,1.21198,1.21168,1.21168,41
2005-06-22 13:19:00,1.21188,1.21188,1.21178,1.21188,28
2005-06-22 13:20:00,1.21198,1.21198,1.21168,1.21188,49
2005-06-22 13:21:00,1.21238,1.21248,1.21198,1.21198,51
2005-06-22 13:22:00,1.21208,1.21238,1.21198,1.21228,51
2005-06-22 13:23:00,1.21166,1.21228,1.21166,1.21208,47
2005-06-22 13:24:00,1.21196,1.21206,1.21166,1.21166,47
2005-06-22 13:25:00,1.21206,1.21226,1.21196,1.21196,43
2005-06-22 13:26:00,1.21196,1.21216,1.21196,1.21206,54
2005-06-22 13:27:00,1.21166,1.21196,1.21156,1.21196,47
2005-06-22 13:28:00,1.21136,1.21166,1.21116,1.21166,51
2005-06-22 13:29:00,1.21126,1.21146,1.21116,1.21136,52
2005-06-22 13:30:00,1.21126,1.21136,1.21116,1.21126,47
2005-06-22 13:31:00,1.21116,1.21126,1.21116,1.21126,42
2005-06-22 13:32:00,1.21136,1.21136,1.21116,1.21116,42
2005-06-22 13:33:00,1.21126,1.21146,1.21126,1.21136,41
2005-06-22 13:34:00,1.21116,1.21136,1.21116,1.21126,37
2005-06-22 13:35:00,1.21108,1.21118,1.21096,1.21116,50
2005-06-22 13:36:00,1.21108,1.21108,1.21098,1.21108,16
2005-06-22 13:37:00,1.21108,1.21118,1.21098,1.21108,49
2005-06-22 13:38:00,1.21118,1.21128,1.21108,1.21108,29
2005-06-22 13:39:00,1.21148,1.21158,1.21118,1.21118,46
2005-06-22 13:40:00,1.21188,1.21188,1.21138,1.21148,46
2005-06-22 13:41:00,1.21206,1.21208,1.21198,1.21198,46
2005-06-22 13:42:00,1.21186,1.21206,1.21186,1.21196,39
2005-06-22 13:43:00,1.21204,1.21206,1.21186,1.21186,45
2005-06-22 13:44:00,1.21212,1.21234,1.21204,1.21204,48
2005-06-22 13:45:00,1.21222,1.21232,1.21212,1.21212,45
2005-06-22 13:46:00,1.2122,1.21222,1.2121,1.21222,35
2005-06-22 13:47:00,1.2117,1.2122,1.2117,1.2122,47
2005-06-22 13:48:00,1.2118,1.2118,1.2116,1.2117,37
2005-06-22 13:49:00,1.2116,1.2119,1.2116,1.2118,57
2005-06-22 13:50:00,1.2116,1.2117,1.2115,1.2116,48
2005-06-22 13:51:00,1.21156,1.2117,1.2115,1.2116,53
2005-06-22 13:52:00,1.21136,1.21166,1.21136,1.21156,41
2005-06-22 13:53:00,1.21116,1.21146,1.21116,1.21126,38
2005-06-22 13:54:00,1.21124,1.21136,1.21106,1.21116,53
2005-06-22 13:55:00,1.21114,1.21134,1.21104,1.21114,49
2005-06-22 13:56:00,1.21134,1.21134,1.21114,1.21124,30
2005-06-22 13:57:00,1.21154,1.21154,1.21124,1.21134,44
2005-06-22 13:58:00,1.21174,1.21174,1.21144,1.21154,50
2005-06-22 13:59:00,1.21134,1.21184,1.21134,1.21174,46
2005-06-22 14:00:00,1.21114,1.21134,1.21094,1.21134,53
2005-06-22 14:01:00,1.21174,1.21174,1.21054,1.21114,58
2005-06-22 14:02:00,1.21224,1.21234,1.21184,1.21184,46
2005-06-22 14:03:00,1.21334,1.21344,1.21214,1.21224,55
2005-06-22 14:04:00,1.21304,1.21354,1.21304,1.21324,56
2005-06-22 14:05:00,1.21254,1.21304,1.21244,1.21304,47
2005-06-22 14:06:00,1.21244,1.21254,1.21214,1.21254,45
2005-06-22 14:07:00,1.21294,1.21314,1.21244,1.21244,44
2005-06-22 14:08:00,1.21264,1.21314,1.21264,1.21294,47
2005-06-22 14:09:00,1.21254,1.21314,1.21254,1.21264,54
2005-06-22 14:10:00,1.21314,1.21324,1.21244,1.21254,44
2005-06-22 14:11:00,1.2126,1.21314,1.2126,1.21314,48
2005-06-22 14:12:00,1.2126,1.2126,1.2124,1.2126,42
2005-06-22 14:13:00,1.2125,1.2126,1.2124,1.2126,36
2005-06-22 14:14:00,1.2124,1.2125,1.2123,1.2125,33
2005-06-22 14:15:00,1.2123,1.2124,1.2123,1.2124,38
2005-06-22 14:16:00,1.2126,1.2127,1.2123,1.2123,38
2005-06-22 14:17:00,1.2131,1.2132,1.2126,1.2126,53
2005-06-22 14:18:00,1.2132,1.2136,1.2131,1.2132,53
2005-06-22 14:19:00,1.2128,1.2132,1.2128,1.2132,49
2005-06-22 14:20:00,1.21296,1.21316,1.21266,1.2128,46
2005-06-22 14:21:00,1.21326,1.21326,1.21286,1.21286,53
2005-06-22 14:22:00,1.21316,1.21336,1.21316,1.21326,51
2005-06-22 14:23:00,1.21296,1.21316,1.21286,1.21316,47
2005-06-22 14:24:00,1.21306,1.21316,1.21296,1.21296,41
2005-06-22 14:25:00,1.21306,1.21326,1.21296,1.21306,53
2005-06-22 14:26:00,1.21316,1.21326,1.21306,1.21306,46
2005-06-22 14:27:00,1.21316,1.21326,1.21296,1.21316,51
2005-06-22 14:28:00,1.21316,1.21326,1.21296,1.21316,51
2005-06-22 14:29:00,1.21318,1.21326,1.21296,1.21316,46
2005-06-22 14:30:00,1.21328,1.21328,1.21288,1.21318,52
2005-06-22 14:31:00,1.21288,1.21338,1.21288,1.21318,46
2005-06-22 14:32:00,1.21358,1.21368,1.21278,1.21288,56
2005-06-22 14:33:00,1.21348,1.21368,1.21348,1.21348,39
2005-06-22 14:34:00,1.21348,1.21368,1.21338,1.21348,48
2005-06-22 14:35:00,1.21328,1.21358,1.21328,1.21358,43
2005-06-22 14:36:00,1.21268,1.21348,1.21268,1.21338,52
2005-06-22 14:37:00,1.21258,1.21268,1.21238,1.21268,47
2005-06-22 14:38:00,1.21278,1.21278,1.21258,1.21258,40
2005-06-22 14:39:00,1.21248,1.21278,1.21248,1.21268,51
2005-06-22 14:40:00,1.21228,1.21248,1.21228,1.21238,49
2005-06-22 14:41:00,1.21258,1.21258,1.21238,1.21238,49
2005-06-22 14:42:00,1.21268,1.21268,1.21248,1.21258,36
2005-06-22 14:43:00,1.21258,1.21268,1.21238,1.21268,41
2005-06-22 14:44:00,1.21238,1.21258,1.21228,1.21258,43
2005-06-22 14:45:00,1.21248,1.21248,1.21238,1.21238,36
2005-06-22 14:46:00,1.21244,1.21254,1.21234,1.21248,51
2005-06-22 14:47:00,1.21264,1.21264,1.21244,1.21244,37
2005-06-22 14:48:00,1.21274,1.21274,1.21254,1.21264,44
2005-06-22 14:49:00,1.21284,1.21284,1.21254,1.21274,37
2005-06-22 14:50:00,1.21294,1.21294,1.21274,1.21274,41
2005-06-22 14:51:00,1.21334,1.21334,1.21294,1.21294,44
2005-06-22 14:52:00,1.21324,1.21334,1.21314,1.21334,46
2005-06-22 14:53:00,1.21344,1.21344,1.21324,1.21324,34
2005-06-22 14:54:00,1.21368,1.21388,1.21344,1.21344,55
2005-06-22 14:55:00,1.21338,1.21368,1.21338,1.21368,37
2005-06-22 14:56:00,1.21328,1.21338,1.21318,1.21338,42
2005-06-22 14:57:00,1.21318,1.21348,1.21308,1.21338,51
2005-06-22 14:58:00,1.21338,1.21338,1.21298,1.21318,46
2005-06-22 14:59:00,1.21318,1.21348,1.21318,1.21348,49
2005-06-22 15:00:00,1.21308,1.21318,1.21288,1.21308,46
2005-06-22 15:01:00,1.21288,1.21298,1.21278,1.21298,39
2005-06-22 15:02:00,1.21278,1.21288,1.21268,1.21288,36
2005-06-22 15:03:00,1.21258,1.21288,1.21258,1.21278,51
2005-06-22 15:04:00,1.21268,1.21268,1.21248,1.21258,40
2005-06-22 15:05:00,1.21278,1.21278,1.21268,1.21268,35
2005-06-22 15:06:00,1.21298,1.21298,1.21278,1.21278,40
2005-06-22 15:07:00,1.21268,1.21298,1.21238,1.21298,53
2005-06-22 15:08:00,1.21268,1.21288,1.21268,1.21278,37
2005-06-22 15:09:00,1.21288,1.21298,1.21268,1.21268,47
2005-06-22 15:10:00,1.21278,1.21308,1.21278,1.21288,48
2005-06-22 15:11:00,1.21278,1.21288,1.21268,1.21278,44
2005-06-22 15:12:00,1.21324,1.21344,1.21278,1.21278,50
2005-06-22 15:13:00,1.21344,1.21364,1.21324,1.21324,53
2005-06-22 15:14:00,1.21334,1.21344,1.21314,1.21344,45
2005-06-22 15:15:00,1.21304,1.21334,1.21304,1.21334,52
2005-06-22 15:16:00,1.21324,1.21324,1.21304,1.21304,44
2005-06-22 15:17:00,1.21334,1.21344,1.21314,1.21314,52
2005-06-22 15:18:00,1.21344,1.21344,1.21334,1.21334,37
2005-06-22 15:19:00,1.21334,1.21354,1.21334,1.21344,42
2005-06-22 15:20:00,1.21314,1.21344,1.21314,1.21334,49
2005-06-22 15:21:00,1.21314,1.21324,1.21304,1.21314,49
2005-06-22 15:22:00,1.21334,1.21334,1.21314,1.21314,22
2005-06-22 15:23:00,1.21334,1.21334,1.21314,1.21334,45
2005-06-22 15:24:00,1.21334,1.21344,1.21314,1.21334,55
2005-06-22 15:25:00,1.21344,1.21344,1.21324,1.21344,57
2005-06-22 15:26:00,1.21334,1.21354,1.21324,1.21344,50
2005-06-22 15:27:00,1.21354,1.21354,1.21334,1.21344,47
2005-06-22 15:28:00,1.21334,1.21344,1.21324,1.21344,46
2005-06-22 15:29:00,1.21344,1.21344,1.21334,1.21334,21
2005-06-22 15:30:00,1.2138,1.21424,1.21344,1.21344,50
2005-06-22 15:31:00,1.2135,1.2138,1.2133,1.2138,49
2005-06-22 15:32:00,1.2132,1.2135,1.213,1.2135,55
2005-06-22 15:33:00,1.2131,1.2132,1.213,1.2132,35
2005-06-22 15:34:00,1.2128,1.2131,1.2128,1.2131,45
2005-06-22 15:35:00,1.213,1.2131,1.2128,1.2128,47
2005-06-22 15:36:00,1.2127,1.213,1.2127,1.213,52
2005-06-22 15:37:00,1.2126,1.213,1.2126,1.2127,57
2005-06-22 15:38:00,1.2129,1.213,1.2126,1.2127,56
2005-06-22 15:39:00,1.2129,1.2131,1.2129,1.2129,51
2005-06-22 15:40:00,1.213,1.213,1.2128,1.2128,43
2005-06-22 15:41:00,1.2129,1.2131,1.2129,1.213,51
2005-06-22 15:42:00,1.2131,1.2132,1.2128,1.2129,41
2005-06-22 15:43:00,1.2129,1.2132,1.2129,1.2131,49
2005-06-22 15:44:00,1.2131,1.2132,1.2129,1.2129,48
2005-06-22 15:45:00,1.2131,1.2132,1.213,1.2131,49
2005-06-22 15:46:00,1.2133,1.2133,1.2131,1.2131,42
2005-06-22 15:47:00,1.213,1.2132,1.213,1.2132,34
2005-06-22 15:48:00,1.21308,1.2134,1.213,1.213,47
2005-06-22 15:49:00,1.21298,1.21308,1.21288,1.21308,40
2005-06-22 15:50:00,1.21318,1.21318,1.21288,1.21298,44
2005-06-22 15:51:00,1.21328,1.21328,1.21308,1.21318,37
2005-06-22 15:52:00,1.21308,1.21328,1.21308,1.21328,39
2005-06-22 15:53:00,1.21328,1.21328,1.21298,1.21308,39
2005-06-22 15:54:00,1.21318,1.21328,1.21318,1.21328,22
2005-06-22 15:55:00,1.21298,1.21318,1.21298,1.21318,26
2005-06-22 15:56:00,1.21308,1.21308,1.21298,1.21298,36
2005-06-22 15:57:00,1.21308,1.21318,1.21298,1.21308,24
2005-06-22 15:58:00,1.21302,1.21308,1.21288,1.21308,46
2005-06-22 15:59:00,1.21292,1.21312,1.21292,1.21302,34
2005-06-22 16:00:00,1.21282,1.21292,1.21272,1.21292,49
2005-06-22 16:01:00,1.21282,1.21292,1.21272,1.21282,52
2005-06-22 16:02:00,1.21262,1.21272,1.21252,1.21272,30
2005-06-22 16:03:00,1.21262,1.21262,1.21252,1.21262,41
2005-06-22 16:04:00,1.21252,1.21262,1.21242,1.21262,32
2005-06-22 16:05:00,1.21182,1.21252,1.21182,1.21252,32
2005-06-22 16:06:00,1.21162,1.21182,1.21152,1.21182,50
2005-06-22 16:07:00,1.21092,1.21162,1.21072,1.21152,59
2005-06-22 16:08:00,1.21152,1.21152,1.21092,1.21092,53
2005-06-22 16:09:00,1.21132,1.21152,1.21112,1.21152,45
2005-06-22 16:10:00,1.21142,1.21162,1.21132,1.21132,43
2005-06-22 16:11:00,1.21112,1.21142,1.21112,1.21142,47
2005-06-22 16:12:00,1.21112,1.21122,1.21092,1.21112,55
2005-06-22 16:13:00,1.21102,1.21122,1.21102,1.21112,52
2005-06-22 16:14:00,1.21102,1.21112,1.21082,1.21102,51
2005-06-22 16:15:00,1.21112,1.21112,1.21102,1.21112,48
2005-06-22 16:16:00,1.21052,1.21112,1.21052,1.21112,46
2005-06-22 16:17:00,1.21076,1.21076,1.21052,1.21052,52
2005-06-22 16:18:00,1.21016,1.21096,1.21006,1.21076,58
2005-06-22 16:19:00,1.21056,1.21066,1.21016,1.21016,43
2005-06-22 16:20:00,1.20986,1.21056,1.20986,1.21056,52
2005-06-22 16:21:00,1.20986,1.21006,1.20986,1.20996,51
2005-06-22 16:22:00,1.21046,1.21046,1.20986,1.20986,53
2005-06-22 16:23:00,1.21076,1.21086,1.21046,1.21046,47
2005-06-22 16:24:00,1.21104,1.21104,1.21076,1.21076,33
2005-06-22 16:25:00,1.21146,1.2117,1.21104,1.21104,62
2005-06-22 16:26:00,1.21136,1.21146,1.21136,1.21146,43
2005-06-22 16:27:00,1.21126,1.21166,1.21116,1.21136,48
2005-06-22 16:28:00,1.21116,1.21126,1.21096,1.21126,51
2005-06-22 16:29:00,1.21106,1.21126,1.21086,1.21116,54
2005-06-22 16:30:00,1.21106,1.21116,1.21106,1.21106,30
2005-06-22 16:31:00,1.21116,1.21116,1.21106,1.21106,31
2005-06-22 16:32:00,1.2109,1.21116,1.21056,1.21116,57
2005-06-22 16:33:00,1.2108,1.2109,1.2106,1.2109,50
2005-06-22 16:34:00,1.2108,1.2109,1.2108,1.2108,30
2005-06-22 16:35:00,1.2108,1.2109,1.2108,1.2108,26
2005-06-22 16:36:00,1.21102,1.21102,1.2107,1.2108,45
2005-06-22 16:37:00,1.21136,1.21166,1.21102,1.21102,57
2005-06-22 16:38:00,1.21136,1.21156,1.21126,1.21146,42
2005-06-22 16:39:00,1.21116,1.21136,1.21116,1.21136,27
2005-06-22 16:40:00,1.21106,1.21136,1.21096,1.21116,52
2005-06-22 16:41:00,1.21096,1.21116,1.21096,1.21096,43
2005-06-22 16:42:00,1.2106,1.2111,1.2105,1.21106,54
2005-06-22 16:43:00,1.2108,1.2108,1.2105,1.2106,41
2005-06-22 16:44:00,1.2109,1.2109,1.2108,1.2108,24
2005-06-22 16:45:00,1.21086,1.21096,1.21086,1.2109,41
2005-06-22 16:46:00,1.21076,1.21086,1.21076,1.21086,35
2005-06-22 16:47:00,1.21056,1.21076,1.21056,1.21076,49
2005-06-22 16:48:00,1.21082,1.21082,1.21056,1.21056,41
2005-06-22 16:49:00,1.21082,1.21082,1.21072,1.21082,33
2005-06-22 16:50:00,1.21082,1.21092,1.21072,1.21092,47
2005-06-22 16:51:00,1.21072,1.21082,1.21072,1.21082,12
2005-06-22 16:52:00,1.21082,1.21092,1.21082,1.21082,36
2005-06-22 16:53:00,1.21072,1.21082,1.21072,1.21082,40
2005-06-22 16:54:00,1.21062,1.21072,1.21062,1.21072,16
2005-06-22 16:55:00,1.21062,1.21072,1.21062,1.21062,34
2005-06-22 16:56:00,1.21082,1.21102,1.21062,1.21062,43
2005-06-22 16:57:00,1.21072,1.21102,1.21072,1.21082,43
2005-06-22 16:58:00,1.21082,1.21092,1.21062,1.21072,41
2005-06-22 16:59:00,1.21082,1.21082,1.21082,1.21082,18
2005-06-22 17:00:00,1.21082,1.21082,1.21082,1.21082,8
2005-06-22 17:01:00,1.21092,1.21092,1.21072,1.21082,24
2005-06-22 17:02:00,1.21102,1.21102,1.21092,1.21092,36
2005-06-22 17:03:00,1.21122,1.21122,1.21082,1.21102,46
2005-06-22 17:04:00,1.21152,1.21162,1.21112,1.21122,36
2005-06-22 17:05:00,1.21172,1.21182,1.21152,1.21152,50
2005-06-22 17:06:00,1.21172,1.21202,1.21172,1.21172,51
2005-06-22 17:07:00,1.21172,1.21172,1.21162,1.21172,40
2005-06-22 17:08:00,1.21162,1.21182,1.21162,1.21172,43
2005-06-22 17:09:00,1.21162,1.21172,1.21142,1.21162,52
2005-06-22 17:10:00,1.21162,1.21172,1.21162,1.21162,24
2005-06-22 17:11:00,1.21182,1.21182,1.21162,1.21162,15
2005-06-22 17:12:00,1.21182,1.21192,1.21182,1.21182,37
2005-06-22 17:13:00,1.21182,1.21192,1.21182,1.21182,22
2005-06-22 17:14:00,1.21162,1.21182,1.21162,1.21182,34
2005-06-22 17:15:00,1.21162,1.21172,1.21152,1.21172,36
2005-06-22 17:16:00,1.21162,1.21172,1.21152,1.21162,52
2005-06-22 17:17:00,1.21152,1.21172,1.21152,1.21162,37
2005-06-22 17:18:00,1.21162,1.21182,1.21142,1.21152,39
2005-06-22 17:19:00,1.21172,1.21172,1.21162,1.21162,31
2005-06-22 17:20:00,1.21182,1.21182,1.21172,1.21172,16
2005-06-22 17:21:00,1.21192,1.21192,1.21182,1.21182,32
2005-06-22 17:22:00,1.21192,1.21192,1.21192,1.21192,16
2005-06-22 17:23:00,1.21182,1.21192,1.21172,1.21192,25
2005-06-22 17:24:00,1.21172,1.21182,1.21162,1.21182,30
2005-06-22 17:25:00,1.21172,1.21172,1.21172,1.21172,16
2005-06-22 17:26:00,1.21152,1.21162,1.21142,1.21162,41
2005-06-22 17:27:00,1.21152,1.21152,1.21142,1.21142,38
2005-06-22 17:28:00,1.21142,1.21152,1.21132,1.21152,43
2005-06-22 17:29:00,1.21132,1.21152,1.21132,1.21142,46
2005-06-22 17:30:00,1.21142,1.21142,1.21132,1.21132,32
2005-06-22 17:31:00,1.21142,1.21142,1.21142,1.21142,9
2005-06-22 17:32:00,1.21142,1.21152,1.21132,1.21142,27
2005-06-22 17:33:00,1.21152,1.21152,1.21142,1.21142,25
2005-06-22 17:34:00,1.21132,1.21152,1.21132,1.21152,26
2005-06-22 17:35:00,1.21132,1.21142,1.21132,1.21132,16
2005-06-22 17:36:00,1.21132,1.21132,1.21132,1.21132,8
2005-06-22 17:37:00,1.21122,1.21142,1.21122,1.21142,36
2005-06-22 17:38:00,1.21132,1.21132,1.21122,1.21122,19
2005-06-22 17:39:00,1.21142,1.21142,1.21132,1.21132,26
2005-06-22 17:40:00,1.21142,1.21142,1.21132,1.21142,26
2005-06-22 17:41:00,1.21142,1.21142,1.21132,1.21142,30
2005-06-22 17:42:00,1.21152,1.21152,1.21142,1.21142,25
2005-06-22 17:43:00,1.21152,1.21152,1.21152,1.21152,20
2005-06-22 17:44:00,1.21142,1.21162,1.21142,1.21152,30
2005-06-22 17:45:00,1.21152,1.21152,1.21142,1.21142,37
2005-06-22 17:46:00,1.21162,1.21162,1.21152,1.21162,22
2005-06-22 17:47:00,1.21162,1.21162,1.21152,1.21162,25
2005-06-22 17:48:00,1.21162,1.21162,1.21162,1.21162,14
2005-06-22 17:49:00,1.21172,1.21172,1.21162,1.21162,11
2005-06-22 17:50:00,1.21162,1.21172,1.21162,1.21172,32
2005-06-22 17:51:00,1.21162,1.21162,1.21162,1.21162,11
2005-06-22 17:52:00,1.21162,1.21162,1.21152,1.21162,18
2005-06-22 17:53:00,1.21142,1.21162,1.21142,1.21162,18
2005-06-22 17:54:00,1.21152,1.21152,1.21142,1.21142,35
2005-06-22 17:55:00,1.21152,1.21152,1.21142,1.21142,34
2005-06-22 17:56:00,1.21152,1.21152,1.21152,1.21152,12
2005-06-22 17:57:00,1.21142,1.21152,1.21142,1.21152,17
2005-06-22 17:58:00,1.21142,1.21152,1.21142,1.21152,23
2005-06-22 17:59:00,1.21152,1.21152,1.21142,1.21142,20
2005-06-22 18:00:00,1.21152,1.21152,1.21152,1.21152,23
2005-06-22 18:01:00,1.21152,1.21152,1.21142,1.21152,24
2005-06-22 18:02:00,1.21152,1.21162,1.21152,1.21152,43
2005-06-22 18:03:00,1.21162,1.21162,1.21152,1.21152,11
2005-06-22 18:04:00,1.21172,1.21172,1.21162,1.21162,36
2005-06-22 18:05:00,1.21182,1.21182,1.21162,1.21172,38
2005-06-22 18:06:00,1.21172,1.21172,1.21172,1.21172,18
2005-06-22 18:07:00,1.21182,1.21182,1.21172,1.21172,32
2005-06-22 18:08:00,1.21182,1.21192,1.21172,1.21182,23
2005-06-22 18:09:00,1.21222,1.21222,1.21182,1.21182,41
2005-06-22 18:10:00,1.21222,1.21242,1.21212,1.21222,44
2005-06-22 18:11:00,1.21252,1.21252,1.21212,1.21222,50
2005-06-22 18:12:00,1.21232,1.21262,1.21232,1.21252,44
2005-06-22 18:13:00,1.21202,1.21232,1.21202,1.21232,43
2005-06-22 18:14:00,1.21202,1.21202,1.21192,1.21202,21
2005-06-22 18:15:00,1.21212,1.21232,1.21192,1.21202,42
2005-06-22 18:16:00,1.21212,1.21222,1.21212,1.21212,32
2005-06-22 18:17:00,1.21252,1.21252,1.21222,1.21222,45
2005-06-22 18:18:00,1.21262,1.21272,1.21232,1.21232,48
2005-06-22 18:19:00,1.21246,1.21262,1.21242,1.21262,31
2005-06-22 18:20:00,1.21246,1.21246,1.21236,1.21236,29
2005-06-22 18:21:00,1.2124,1.21256,1.2124,1.21246,28
2005-06-22 18:22:00,1.2123,1.2124,1.2122,1.2123,27
2005-06-22 18:23:00,1.2122,1.2123,1.2122,1.2123,32
2005-06-22 18:24:00,1.212,1.2122,1.212,1.2121,35
2005-06-22 18:25:00,1.2119,1.2121,1.2119,1.212,25
2005-06-22 18:26:00,1.212,1.2121,1.212,1.212,35
2005-06-22 18:27:00,1.2119,1.212,1.2117,1.212,39
2005-06-22 18:28:00,1.2117,1.2119,1.2116,1.2119,39
2005-06-22 18:29:00,1.2116,1.2117,1.2115,1.2117,33
2005-06-22 18:30:00,1.2117,1.2118,1.2116,1.2116,34
2005-06-22 18:31:00,1.2117,1.2117,1.2117,1.2117,5
2005-06-22 18:32:00,1.2118,1.2118,1.2117,1.2117,18
2005-06-22 18:33:00,1.2118,1.2118,1.2118,1.2118,7
2005-06-22 18:34:00,1.2117,1.2118,1.2117,1.2118,7
2005-06-22 18:35:00,1.2117,1.2119,1.2117,1.2117,27
2005-06-22 18:36:00,1.2117,1.2117,1.2117,1.2117,7
2005-06-22 18:37:00,1.2118,1.2118,1.2117,1.2117,20
2005-06-22 18:38:00,1.2118,1.2118,1.2118,1.2118,6
2005-06-22 18:39:00,1.2117,1.2118,1.2117,1.2118,17
2005-06-22 18:40:00,1.2118,1.2118,1.2117,1.2118,21
2005-06-22 18:41:00,1.2118,1.2118,1.2118,1.2118,5
2005-06-22 18:42:00,1.2118,1.2118,1.2118,1.2118,3
2005-06-22 18:43:00,1.2119,1.2119,1.2117,1.2117,22
2005-06-22 18:44:00,1.2119,1.2119,1.2118,1.2119,42
2005-06-22 18:45:00,1.2119,1.212,1.2119,1.2119,17
2005-06-22 18:46:00,1.2118,1.2119,1.2118,1.2119,17
2005-06-22 18:47:00,1.2119,1.2119,1.2118,1.2118,20
2005-06-22 18:48:00,1.2121,1.2121,1.2119,1.2119,24
2005-06-22 18:49:00,1.2121,1.2122,1.212,1.212,38
2005-06-22 18:50:00,1.21216,1.2122,1.21206,1.2121,28
2005-06-22 18:51:00,1.21216,1.2123,1.2121,1.2122,51
2005-06-22 18:52:00,1.21216,1.21236,1.21216,1.21226,39
2005-06-22 18:53:00,1.21216,1.21216,1.21206,1.21216,27
2005-06-22 18:54:00,1.21206,1.21216,1.21206,1.21216,11
2005-06-22 18:55:00,1.21216,1.21226,1.21216,1.21216,31
2005-06-22 18:56:00,1.21226,1.21226,1.21216,1.21216,24
2005-06-22 18:57:00,1.21226,1.21226,1.21226,1.21226,5
2005-06-22 18:58:00,1.21236,1.21236,1.21226,1.21236,23
2005-06-22 18:59:00,1.2124,1.21246,1.2123,1.21236,35
2005-06-22 19:00:00,1.2125,1.2126,1.2124,1.2124,32
2005-06-22 19:01:00,1.2125,1.2125,1.2124,1.2124,22
2005-06-22 19:02:00,1.2125,1.2125,1.2125,1.2125,22
2005-06-22 19:03:00,1.2125,1.2125,1.2125,1.2125,13
2005-06-22 19:04:00,1.2126,1.2127,1.2125,1.2125,34
2005-06-22 19:05:00,1.2128,1.2129,1.2125,1.2125,44
2005-06-22 19:06:00,1.2128,1.2129,1.2127,1.2128,35
2005-06-22 19:07:00,1.2127,1.2128,1.2126,1.2128,29
2005-06-22 19:08:00,1.2126,1.2127,1.2126,1.2127,21
2005-06-22 19:09:00,1.2125,1.2126,1.2125,1.2126,15
2005-06-22 19:10:00,1.2124,1.2125,1.2123,1.2125,33
2005-06-22 19:11:00,1.2124,1.2126,1.2124,1.2124,40
2005-06-22 19:12:00,1.2125,1.2125,1.2124,1.2124,36
2005-06-22 19:13:00,1.2127,1.2127,1.2125,1.2125,24
2005-06-22 19:14:00,1.2127,1.21276,1.21266,1.2127,37
2005-06-22 19:15:00,1.2127,1.2127,1.2126,1.2127,29
2005-06-22 19:16:00,1.2127,1.2128,1.2126,1.2128,21
2005-06-22 19:17:00,1.21266,1.2127,1.2125,1.2127,38
2005-06-22 19:18:00,1.21256,1.21256,1.21256,1.21256,13
2005-06-22 19:19:00,1.2126,1.2126,1.21256,1.21256,3
2005-06-22 19:20:00,1.2125,1.2127,1.2125,1.2126,18
2005-06-22 19:21:00,1.2127,1.2127,1.2125,1.2125,26
2005-06-22 19:22:00,1.21276,1.2128,1.2127,1.2127,23
2005-06-22 19:23:00,1.21266,1.21266,1.21266,1.21266,20
2005-06-22 19:24:00,1.21266,1.21266,1.21266,1.21266,6
2005-06-22 19:25:00,1.21266,1.21266,1.21266,1.21266,3
2005-06-22 19:26:00,1.21266,1.21276,1.21266,1.21266,18
2005-06-22 19:27:00,1.2128,1.2128,1.21266,1.21266,27
2005-06-22 19:28:00,1.2127,1.2128,1.2127,1.2128,15
2005-06-22 19:29:00,1.2127,1.2127,1.2127,1.2127,8
2005-06-22 19:30:00,1.21276,1.21286,1.2127,1.2127,33
2005-06-22 19:31:00,1.21276,1.21276,1.21276,1.21276,10
2005-06-22 19:32:00,1.21266,1.21276,1.21266,1.21266,26
2005-06-22 19:33:00,1.21266,1.21266,1.21256,1.21266,21
2005-06-22 19:34:00,1.21276,1.21276,1.21266,1.21266,23
2005-06-22 19:35:00,1.21276,1.21286,1.21266,1.21276,31
2005-06-22 19:36:00,1.21276,1.21276,1.21276,1.21276,16
2005-06-22 19:37:00,1.21276,1.21276,1.21276,1.21276,9
2005-06-22 19:38:00,1.21266,1.21276,1.21266,1.21276,18
2005-06-22 19:39:00,1.21256,1.21266,1.21256,1.21266,25
2005-06-22 19:40:00,1.2127,1.2127,1.21266,1.21266,17
2005-06-22 19:41:00,1.2126,1.2127,1.2126,1.2127,15
2005-06-22 19:42:00,1.2126,1.2126,1.2126,1.2126,10
2005-06-22 19:43:00,1.2126,1.2126,1.2126,1.2126,8
2005-06-22 19:44:00,1.2127,1.2127,1.2126,1.2126,21
2005-06-22 19:45:00,1.2125,1.2127,1.2125,1.2127,17
2005-06-22 19:46:00,1.2126,1.2126,1.2125,1.2125,36
2005-06-22 19:47:00,1.2125,1.2126,1.2125,1.2126,15
2005-06-22 19:48:00,1.2125,1.2125,1.2125,1.2125,8
2005-06-22 19:49:00,1.2125,1.2125,1.2124,1.2124,24
2005-06-22 19:50:00,1.2125,1.2125,1.2125,1.2125,3
2005-06-22 19:51:00,1.2125,1.2125,1.2125,1.2125,4
2005-06-22 19:52:00,1.2125,1.2125,1.2124,1.2125,27
2005-06-22 19:53:00,1.2125,1.2125,1.2124,1.2125,19
2005-06-22 19:54:00,1.2124,1.2125,1.2124,1.2125,18
2005-06-22 19:55:00,1.2125,1.2125,1.2124,1.2124,21
2005-06-22 19:56:00,1.2125,1.2125,1.2125,1.2125,7
2005-06-22 19:57:00,1.2125,1.2125,1.2125,1.2125,2
2005-06-22 19:58:00,1.2124,1.2124,1.2124,1.2124,20
2005-06-22 19:59:00,1.2125,1.2126,1.2124,1.2124,34
2005-06-22 20:00:00,1.2126,1.2127,1.2125,1.2125,34
2005-06-22 20:01:00,1.2127,1.2127,1.2126,1.2126,25
2005-06-22 20:02:00,1.2127,1.2128,1.2127,1.2128,15
2005-06-22 20:03:00,1.2126,1.2127,1.2126,1.2127,3
2005-06-22 20:04:00,1.2126,1.2126,1.2126,1.2126,4
2005-06-22 20:05:00,1.2126,1.2126,1.2126,1.2126,3
2005-06-22 20:06:00,1.2126,1.2127,1.2126,1.2126,5
2005-06-22 20:07:00,1.2127,1.2127,1.2126,1.2126,3
2005-06-22 20:08:00,1.2126,1.2127,1.2126,1.2127,5
2005-06-22 20:09:00,1.2127,1.2128,1.2126,1.2126,7
2005-06-22 20:10:00,1.2127,1.2127,1.2126,1.2127,7
2005-06-22 20:11:00,1.2127,1.2128,1.2126,1.2126,10
2005-06-22 20:12:00,1.2126,1.2126,1.2126,1.2126,3
2005-06-22 20:13:00,1.2126,1.2126,1.2125,1.2125,6
2005-06-22 20:14:00,1.2127,1.2127,1.2126,1.2126,6
2005-06-22 20:15:00,1.2127,1.2127,1.2126,1.2126,4
2005-06-22 20:16:00,1.2127,1.2127,1.2126,1.2126,5
2005-06-22 20:17:00,1.2127,1.2127,1.2127,1.2127,5
2005-06-22 20:18:00,1.2127,1.2127,1.2127,1.2127,3
2005-06-22 20:19:00,1.2127,1.2127,1.2127,1.2127,2
2005-06-22 20:20:00,1.2127,1.2127,1.2127,1.2127,2
2005-06-22 20:21:00,1.2127,1.2127,1.2127,1.2127,1
2005-06-22 20:22:00,1.2127,1.2128,1.2126,1.2126,7
2005-06-22 20:23:00,1.2127,1.2128,1.2127,1.2127,7
2005-06-22 20:24:00,1.2129,1.2129,1.2127,1.2127,11
2005-06-22 20:25:00,1.2129,1.213,1.2129,1.2129,4
2005-06-22 20:26:00,1.2129,1.213,1.2129,1.213,11
2005-06-22 20:27:00,1.2129,1.213,1.2128,1.2129,13
2005-06-22 20:28:00,1.2128,1.2129,1.2128,1.2129,3
2005-06-22 20:29:00,1.2129,1.2129,1.2128,1.2128,5
2005-06-22 20:30:00,1.2128,1.2129,1.2128,1.2128,7
2005-06-22 20:31:00,1.2128,1.2128,1.2128,1.2128,2
2005-06-22 20:32:00,1.2129,1.2129,1.2128,1.2128,7
2005-06-22 20:33:00,1.2129,1.2129,1.2129,1.2129,6
2005-06-22 20:34:00,1.2129,1.213,1.2129,1.2129,5
2005-06-22 20:35:00,1.2128,1.2128,1.2127,1.2128,8
2005-06-22 20:36:00,1.2127,1.2127,1.2127,1.2127,4
2005-06-22 20:37:00,1.2127,1.2127,1.2127,1.2127,2
2005-06-22 20:38:00,1.2128,1.2129,1.2127,1.2127,10
2005-06-22 20:39:00,1.2129,1.2129,1.2128,1.2128,3
2005-06-22 20:40:00,1.2131,1.2131,1.2129,1.2129,6
2005-06-22 20:41:00,1.213,1.213,1.2129,1.213,7
2005-06-22 20:42:00,1.2129,1.2129,1.2129,1.2129,5
2005-06-22 20:43:00,1.2129,1.213,1.2129,1.213,6
2005-06-22 20:44:00,1.2129,1.2129,1.2129,1.2129,2
2005-06-22 20:45:00,1.2129,1.2129,1.2129,1.2129,2
2005-06-22 20:46:00,1.2129,1.2129,1.2129,1.2129,2
2005-06-22 20:47:00,1.2128,1.2128,1.2127,1.2128,5
2005-06-22 20:48:00,1.2128,1.2128,1.2128,1.2128,2
2005-06-22 20:49:00,1.2128,1.2128,1.2127,1.2128,6
2005-06-22 20:50:00,1.2128,1.2128,1.2128,1.2128,5
2005-06-22 20:51:00,1.2127,1.2128,1.2127,1.2128,3
2005-06-22 20:52:00,1.2127,1.2128,1.2127,1.2128,3
2005-06-22 20:53:00,1.2128,1.2128,1.2127,1.2128,5
2005-06-22 20:54:00,1.2127,1.2128,1.2127,1.2128,3
2005-06-22 20:55:00,1.2127,1.2128,1.2127,1.2127,7
2005-06-22 20:56:00,1.2127,1.2128,1.2126,1.2127,15
2005-06-22 20:57:00,1.2125,1.2127,1.2125,1.2126,10
2005-06-22 20:58:00,1.2125,1.2125,1.2125,1.2125,8
2005-06-22 20:59:00,1.2127,1.2127,1.2125,1.2125,8
2005-06-22 21:00:00,1.2127,1.2128,1.2127,1.2127,12
2005-06-22 21:01:00,1.2127,1.2127,1.2127,1.2127,2
2005-06-22 21:02:00,1.2127,1.2127,1.2127,1.2127,2
2005-06-22 21:03:00,1.2128,1.2128,1.2127,1.2127,4
2005-06-22 21:04:00,1.2128,1.2128,1.2128,1.2128,2
2005-06-22 21:05:00,1.2128,1.2128,1.2128,1.2128,4
2005-06-22 21:06:00,1.2129,1.2129,1.2129,1.2129,5
2005-06-22 21:07:00,1.2129,1.2129,1.2129,1.2129,2
2005-06-22 21:08:00,1.2129,1.2129,1.2128,1.2129,6
2005-06-22 21:09:00,1.2128,1.2129,1.2127,1.2129,11
2005-06-22 21:10:00,1.2128,1.2129,1.2127,1.2129,14
2005-06-22 21:11:00,1.2127,1.2128,1.2127,1.2128,8
2005-06-22 21:12:00,1.2128,1.2128,1.2127,1.2128,5
2005-06-22 21:13:00,1.2128,1.2128,1.2127,1.2128,4
2005-06-22 21:14:00,1.2126,1.2128,1.2126,1.2128,11
2005-06-22 21:15:00,1.2125,1.2126,1.2125,1.2126,6
2005-06-22 21:16:00,1.2125,1.2126,1.2125,1.2126,5
2005-06-22 21:17:00,1.2125,1.2126,1.2125,1.2125,7
2005-06-22 21:18:00,1.2124,1.2126,1.2123,1.2124,14
2005-06-22 21:19:00,1.2123,1.2125,1.2123,1.2125,9
2005-06-22 21:20:00,1.2123,1.2124,1.2123,1.2124,6
2005-06-22 21:21:00,1.2125,1.2125,1.2123,1.2123,9
2005-06-22 21:22:00,1.2124,1.2124,1.2124,1.2124,3
2005-06-22 21:23:00,1.2124,1.2126,1.2124,1.2125,7
2005-06-22 21:24:00,1.2125,1.2125,1.2124,1.2124,7
2005-06-22 21:25:00,1.2127,1.2127,1.2125,1.2125,5
2005-06-22 21:26:00,1.2127,1.2128,1.2126,1.2127,6
2005-06-22 21:27:00,1.2127,1.2128,1.2127,1.2128,6
2005-06-22 21:28:00,1.2128,1.2128,1.2126,1.2127,5
2005-06-22 21:29:00,1.2128,1.2129,1.2128,1.2128,7
2005-06-22 21:30:00,1.2128,1.2129,1.2127,1.2129,8
2005-06-22 21:31:00,1.2128,1.2129,1.2128,1.2128,5
2005-06-22 21:32:00,1.2128,1.2128,1.2128,1.2128,2
2005-06-22 21:33:00,1.2128,1.2128,1.2128,1.2128,3
2005-06-22 21:34:00,1.2129,1.2129,1.2128,1.2128,4
2005-06-22 21:35:00,1.2128,1.2129,1.2128,1.2129,4
2005-06-22 21:36:00,1.2128,1.2128,1.2128,1.2128,2
2005-06-22 21:37:00,1.2128,1.2128,1.2128,1.2128,3
2005-06-22 21:38:00,1.2128,1.2128,1.2128,1.2128,1
2005-06-22 21:39:00,1.2128,1.2128,1.2128,1.2128,2
2005-06-22 21:40:00,1.2128,1.2128,1.2128,1.2128,2
2005-06-22 21:41:00,1.2129,1.2129,1.2128,1.2128,4
2005-06-22 21:42:00,1.213,1.213,1.2128,1.2129,7
2005-06-22 21:43:00,1.2129,1.2129,1.2129,1.2129,4
2005-06-22 21:44:00,1.2129,1.2129,1.2129,1.2129,2
2005-06-22 21:45:00,1.213,1.213,1.2129,1.2129,5
2005-06-22 21:46:00,1.2129,1.213,1.2129,1.2129,7
2005-06-22 21:47:00,1.213,1.213,1.2129,1.2129,6
2005-06-22 21:48:00,1.213,1.213,1.213,1.213,2
2005-06-22 21:49:00,1.21316,1.21316,1.2131,1.2131,4
2005-06-22 21:50:00,1.21316,1.21316,1.21316,1.21316,2
2005-06-22 21:51:00,1.21316,1.21316,1.21316,1.21316,3
2005-06-22 21:52:00,1.21316,1.21316,1.21316,1.21316,5
2005-06-22 21:53:00,1.21306,1.21316,1.21306,1.21316,5
2005-06-22 21:54:00,1.21316,1.21316,1.21316,1.21316,2
2005-06-22 21:55:00,1.21306,1.21316,1.21306,1.21316,5
2005-06-22 21:56:00,1.21296,1.21306,1.21286,1.21306,7
2005-06-22 21:57:00,1.21296,1.21296,1.21296,1.21296,2
2005-06-22 21:58:00,1.21296,1.21296,1.21296,1.21296,2
2005-06-22 21:59:00,1.21296,1.21296,1.21296,1.21296,3
2005-06-22 22:00:00,1.21296,1.21296,1.21286,1.21296,6
2005-06-22 22:01:00,1.2128,1.21296,1.21276,1.21286,8
2005-06-22 22:02:00,1.2127,1.2129,1.2127,1.2128,14
2005-06-22 22:03:00,1.2127,1.2128,1.2127,1.2127,8
2005-06-22 22:04:00,1.2124,1.2127,1.2124,1.2127,10
2005-06-22 22:05:00,1.2126,1.2126,1.2124,1.2124,7
2005-06-22 22:06:00,1.2125,1.2125,1.2125,1.2125,4
2005-06-22 22:07:00,1.2122,1.2124,1.2122,1.2124,6
2005-06-22 22:08:00,1.2122,1.2123,1.212,1.2123,9
2005-06-22 22:09:00,1.2123,1.2123,1.2122,1.2122,2
2005-06-22 22:10:00,1.2123,1.2124,1.2123,1.2123,7
2005-06-22 22:11:00,1.2124,1.2125,1.2123,1.2123,9
2005-06-22 22:12:00,1.2123,1.2124,1.2123,1.2124,10
2005-06-22 22:13:00,1.2123,1.2124,1.2122,1.2123,7
2005-06-22 22:14:00,1.2121,1.2121,1.212,1.2121,9
2005-06-22 22:15:00,1.2118,1.2121,1.2118,1.2121,9
2005-06-22 22:16:00,1.2119,1.2119,1.2118,1.2118,9
2005-06-22 22:17:00,1.212,1.212,1.2119,1.2119,5
2005-06-22 22:18:00,1.2121,1.2121,1.212,1.212,3
2005-06-22 22:19:00,1.21216,1.21216,1.21206,1.21206,8
2005-06-22 22:20:00,1.21216,1.21216,1.21216,1.21216,5
2005-06-22 22:21:00,1.21206,1.21216,1.21206,1.21216,5
2005-06-22 22:22:00,1.21216,1.21216,1.21206,1.21206,3
2005-06-22 22:23:00,1.21206,1.21216,1.21206,1.21216,3
2005-06-22 22:24:00,1.21186,1.21196,1.21176,1.21196,10
2005-06-22 22:25:00,1.21166,1.21186,1.21166,1.21186,8
2005-06-22 22:26:00,1.21186,1.21186,1.21176,1.21176,6
2005-06-22 22:27:00,1.21176,1.21186,1.21166,1.21186,11
2005-06-22 22:28:00,1.21186,1.21186,1.21176,1.21176,5
2005-06-22 22:29:00,1.21186,1.21186,1.21186,1.21186,2
2005-06-22 22:30:00,1.21186,1.21186,1.21186,1.21186,5
2005-06-22 22:31:00,1.21196,1.21196,1.21186,1.21186,3
2005-06-22 22:32:00,1.21196,1.21196,1.21196,1.21196,4
2005-06-22 22:33:00,1.21206,1.21236,1.21196,1.21196,13
2005-06-22 22:34:00,1.21186,1.21196,1.21166,1.21196,15
2005-06-22 22:35:00,1.21186,1.21186,1.21176,1.21176,5
2005-06-22 22:36:00,1.21176,1.21186,1.21176,1.21186,3
2005-06-22 22:37:00,1.21176,1.21176,1.21166,1.21176,6
2005-06-22 22:38:00,1.21186,1.21186,1.21186,1.21186,4
2005-06-22 22:39:00,1.21156,1.21186,1.21156,1.21176,11
2005-06-22 22:40:00,1.21166,1.21176,1.21146,1.21156,15
2005-06-22 22:41:00,1.21176,1.21176,1.21156,1.21166,21
2005-06-22 22:42:00,1.21176,1.21176,1.21166,1.21176,12
2005-06-22 22:43:00,1.21166,1.21176,1.21166,1.21176,10
2005-06-22 22:44:00,1.21196,1.21196,1.21166,1.21166,10
2005-06-22 22:45:00,1.21186,1.21196,1.21176,1.21196,7
2005-06-22 22:46:00,1.21186,1.21186,1.21186,1.21186,4
2005-06-22 22:47:00,1.21186,1.21186,1.21186,1.21186,4
2005-06-22 22:48:00,1.21186,1.21186,1.21186,1.21186,3
2005-06-22 22:49:00,1.21196,1.21206,1.21186,1.21186,9
2005-06-22 22:50:00,1.21226,1.21226,1.21206,1.21206,8
2005-06-22 22:51:00,1.21216,1.21226,1.21216,1.21226,3
2005-06-22 22:52:00,1.21206,1.21216,1.21186,1.21206,15
2005-06-22 22:53:00,1.21178,1.21206,1.21178,1.21206,13
2005-06-22 22:54:00,1.21178,1.21178,1.21178,1.21178,2
2005-06-22 22:55:00,1.21188,1.21188,1.21178,1.21178,6
2005-06-22 22:56:00,1.21188,1.21188,1.21178,1.21178,8
2005-06-22 22:57:00,1.21188,1.21198,1.21188,1.21188,9
2005-06-22 22:58:00,1.21198,1.21198,1.21188,1.21188,3
2005-06-22 22:59:00,1.21208,1.21228,1.21188,1.21188,19
2005-06-22 23:00:00,1.21198,1.21208,1.21188,1.21208,8
2005-06-22 23:01:00,1.21188,1.21198,1.21188,1.21198,4
2005-06-22 23:02:00,1.21188,1.21188,1.21188,1.21188,4
2005-06-22 23:03:00,1.21198,1.21198,1.21188,1.21198,4
2005-06-22 23:04:00,1.21218,1.21218,1.21208,1.21208,7
2005-06-22 23:05:00,1.21208,1.21228,1.21208,1.21218,11
2005-06-22 23:06:00,1.21208,1.21208,1.21208,1.21208,5
2005-06-22 23:07:00,1.21208,1.21208,1.21208,1.21208,3
2005-06-22 23:08:00,1.21238,1.21238,1.21228,1.21228,6
2005-06-22 23:09:00,1.21248,1.21258,1.21238,1.21238,12
2005-06-22 23:10:00,1.21248,1.21248,1.21248,1.21248,2
2005-06-22 23:11:00,1.21248,1.21258,1.21248,1.21248,4
2005-06-22 23:12:00,1.21248,1.21248,1.21248,1.21248,2
2005-06-22 23:13:00,1.21238,1.21248,1.21238,1.21248,3
2005-06-22 23:14:00,1.21238,1.21248,1.21238,1.21238,4
2005-06-22 23:15:00,1.21258,1.21258,1.21248,1.21248,5
2005-06-22 23:16:00,1.21246,1.21256,1.21246,1.21246,9
2005-06-22 23:17:00,1.21256,1.21256,1.21246,1.21246,4
2005-06-22 23:18:00,1.21256,1.21266,1.21256,1.21266,7
2005-06-22 23:19:00,1.21246,1.21246,1.21246,1.21246,3
2005-06-22 23:20:00,1.21246,1.21246,1.21246,1.21246,2
2005-06-22 23:21:00,1.21246,1.21246,1.21246,1.21246,3
2005-06-22 23:22:00,1.21256,1.21266,1.21246,1.21246,6
2005-06-22 23:23:00,1.21256,1.21266,1.21256,1.21266,6
2005-06-22 23:24:00,1.21256,1.21266,1.21256,1.21266,9
2005-06-22 23:25:00,1.21256,1.21256,1.21256,1.21256,2
2005-06-22 23:26:00,1.21256,1.21256,1.21246,1.21246,5
2005-06-22 23:27:00,1.21266,1.21266,1.21256,1.21256,4
2005-06-22 23:28:00,1.21256,1.21266,1.21256,1.21266,13
2005-06-22 23:29:00,1.21266,1.21266,1.21256,1.21256,5
2005-06-22 23:30:00,1.21276,1.21276,1.21266,1.21266,10
2005-06-22 23:31:00,1.21286,1.21286,1.21276,1.21276,4
2005-06-22 23:32:00,1.21276,1.21296,1.21266,1.21276,20
2005-06-22 23:33:00,1.21256,1.21266,1.21256,1.21266,5
2005-06-22 23:34:00,1.21286,1.21296,1.21266,1.21266,13
2005-06-22 23:35:00,1.21286,1.21296,1.21286,1.21286,10
2005-06-22 23:36:00,1.2127,1.2128,1.2127,1.2128,6
2005-06-22 23:37:00,1.2128,1.2129,1.2127,1.2127,8
2005-06-22 23:38:00,1.2128,1.2129,1.2128,1.2129,4
2005-06-22 23:39:00,1.2128,1.2128,1.2127,1.2128,6
2005-06-22 23:40:00,1.2129,1.2129,1.2128,1.2128,3
2005-06-22 23:41:00,1.2127,1.2128,1.2127,1.2128,5
2005-06-22 23:42:00,1.2128,1.2128,1.2128,1.2128,5
2005-06-22 23:43:00,1.2127,1.2128,1.2127,1.2127,6
2005-06-22 23:44:00,1.2127,1.2128,1.2127,1.2127,4
2005-06-22 23:45:00,1.2127,1.2127,1.2127,1.2127,3
2005-06-22 23:46:00,1.2127,1.2127,1.2127,1.2127,3
2005-06-22 23:47:00,1.2126,1.2127,1.2126,1.2127,6
2005-06-22 23:48:00,1.2127,1.2127,1.2127,1.2127,4
2005-06-22 23:49:00,1.2126,1.2128,1.2126,1.2128,10
2005-06-22 23:50:00,1.2126,1.2127,1.2126,1.2126,5
2005-06-22 23:51:00,1.2126,1.2126,1.2126,1.2126,3
2005-06-22 23:52:00,1.2126,1.2127,1.2126,1.2126,7
2005-06-22 23:53:00,1.2129,1.213,1.2127,1.2127,22
2005-06-22 23:54:00,1.213,1.2131,1.2129,1.2129,12
2005-06-22 23:55:00,1.2128,1.213,1.2128,1.213,11
2005-06-22 23:56:00,1.2128,1.2129,1.2128,1.2128,6
2005-06-22 23:57:00,1.2128,1.2129,1.2128,1.2129,4
2005-06-22 23:58:00,1.2128,1.2128,1.2128,1.2128,2
2005-06-22 23:59:00,1.2129,1.2129,1.2128,1.2128,7
2005-06-23 00:00:00,1.213,1.213,1.2128,1.2128,8
2005-06-23 00:01:00,1.21326,1.2133,1.213,1.213,19
2005-06-23 00:02:00,1.2134,1.2134,1.21326,1.21326,11
2005-06-23 00:03:00,1.21346,1.2136,1.2134,1.2134,10
2005-06-23 00:04:00,1.2135,1.2135,1.21336,1.21346,19
2005-06-23 00:05:00,1.2137,1.2138,1.2135,1.2136,11
2005-06-23 00:06:00,1.2136,1.2137,1.2136,1.2137,9
2005-06-23 00:07:00,1.2137,1.2137,1.2135,1.2136,13
2005-06-23 00:08:00,1.2136,1.2137,1.2136,1.2137,6
2005-06-23 00:09:00,1.2137,1.2137,1.2136,1.2136,5
2005-06-23 00:10:00,1.2136,1.2137,1.2136,1.2137,3
2005-06-23 00:11:00,1.2136,1.2137,1.2136,1.2136,11
2005-06-23 00:12:00,1.2137,1.2137,1.2137,1.2137,6
2005-06-23 00:13:00,1.2137,1.2137,1.2137,1.2137,4
2005-06-23 00:14:00,1.2137,1.2137,1.2137,1.2137,5
2005-06-23 00:15:00,1.2137,1.2137,1.2137,1.2137,3
2005-06-23 00:16:00,1.2136,1.2137,1.2135,1.2137,9
2005-06-23 00:17:00,1.2137,1.2137,1.2136,1.2136,4
2005-06-23 00:18:00,1.2136,1.2137,1.2136,1.2137,7
2005-06-23 00:19:00,1.2133,1.2137,1.2133,1.2136,17
2005-06-23 00:20:00,1.2133,1.2133,1.2133,1.2133,4
2005-06-23 00:21:00,1.2132,1.2133,1.2132,1.2133,3
2005-06-23 00:22:00,1.2132,1.2133,1.2132,1.2133,6
2005-06-23 00:23:00,1.2132,1.2132,1.2132,1.2132,4
2005-06-23 00:24:00,1.2132,1.2133,1.2132,1.2133,8
2005-06-23 00:25:00,1.2132,1.2132,1.2132,1.2132,3
2005-06-23 00:26:00,1.2132,1.2133,1.2132,1.2133,6
2005-06-23 00:27:00,1.2133,1.2133,1.2133,1.2133,3
2005-06-23 00:28:00,1.2133,1.2133,1.2132,1.2132,5
2005-06-23 00:29:00,1.2133,1.2133,1.2133,1.2133,1
2005-06-23 00:30:00,1.2135,1.2135,1.2133,1.2133,11
2005-06-23 00:31:00,1.2136,1.2136,1.2135,1.2135,4
2005-06-23 00:32:00,1.2137,1.2137,1.2135,1.2136,9
2005-06-23 00:33:00,1.2135,1.2137,1.2135,1.2137,13
2005-06-23 00:34:00,1.2135,1.2135,1.2133,1.2135,12
2005-06-23 00:35:00,1.2134,1.2135,1.2134,1.2135,5
2005-06-23 00:36:00,1.2133,1.2135,1.2133,1.2134,7
2005-06-23 00:37:00,1.2133,1.2135,1.2133,1.2133,9
2005-06-23 00:38:00,1.2133,1.2133,1.2133,1.2133,2
2005-06-23 00:39:00,1.2135,1.2135,1.2133,1.2133,8
2005-06-23 00:40:00,1.2137,1.2138,1.2135,1.2135,17
2005-06-23 00:41:00,1.2136,1.2137,1.2136,1.2136,10
2005-06-23 00:42:00,1.2136,1.2136,1.2136,1.2136,2
2005-06-23 00:43:00,1.2136,1.2137,1.2136,1.2137,6
2005-06-23 00:44:00,1.2136,1.2136,1.2136,1.2136,6
2005-06-23 00:45:00,1.2136,1.2137,1.2136,1.2136,8
2005-06-23 00:46:00,1.2134,1.2136,1.2134,1.2136,9
2005-06-23 00:47:00,1.2135,1.2135,1.2135,1.2135,3
2005-06-23 00:48:00,1.2135,1.2135,1.2135,1.2135,4
2005-06-23 00:49:00,1.2135,1.2135,1.2134,1.2135,5
2005-06-23 00:50:00,1.2135,1.2136,1.2135,1.2135,10
2005-06-23 00:51:00,1.2135,1.2135,1.2135,1.2135,2
2005-06-23 00:52:00,1.2137,1.2137,1.2135,1.2135,7
2005-06-23 00:53:00,1.2137,1.2137,1.2137,1.2137,3
2005-06-23 00:54:00,1.2138,1.2139,1.2138,1.2138,6
2005-06-23 00:55:00,1.2135,1.2138,1.2135,1.2138,14
2005-06-23 00:56:00,1.2136,1.2136,1.2135,1.2135,6
2005-06-23 00:57:00,1.2136,1.2136,1.2136,1.2136,2
2005-06-23 00:58:00,1.2135,1.2136,1.2135,1.2136,5
2005-06-23 00:59:00,1.2136,1.2136,1.2135,1.2135,3
2005-06-23 01:00:00,1.2136,1.2136,1.2135,1.2135,7
2005-06-23 01:01:00,1.2135,1.2136,1.2135,1.2136,4
2005-06-23 01:02:00,1.2135,1.2135,1.2135,1.2135,3
2005-06-23 01:03:00,1.2134,1.2136,1.2134,1.2135,12
2005-06-23 01:04:00,1.2136,1.2136,1.2134,1.2134,7
2005-06-23 01:05:00,1.2135,1.2136,1.2135,1.2136,4
2005-06-23 01:06:00,1.2136,1.2137,1.2135,1.2136,12
2005-06-23 01:07:00,1.2135,1.2135,1.2135,1.2135,6
2005-06-23 01:08:00,1.2135,1.2135,1.2135,1.2135,2
2005-06-23 01:09:00,1.2134,1.2135,1.2134,1.2135,5
2005-06-23 01:10:00,1.2135,1.2135,1.2134,1.2134,6
2005-06-23 01:11:00,1.2135,1.2136,1.2135,1.2135,5
2005-06-23 01:12:00,1.2136,1.2137,1.2136,1.2136,6
2005-06-23 01:13:00,1.2135,1.2136,1.2135,1.2136,6
2005-06-23 01:14:00,1.2136,1.2137,1.2136,1.2137,7
2005-06-23 01:15:00,1.2135,1.2135,1.2135,1.2135,4
2005-06-23 01:16:00,1.2136,1.2136,1.2135,1.2135,4
2005-06-23 01:17:00,1.2137,1.2137,1.2136,1.2136,4
2005-06-23 01:18:00,1.2138,1.2144,1.2137,1.2137,43
2005-06-23 01:19:00,1.2134,1.214,1.2134,1.2137,31
2005-06-23 01:20:00,1.2134,1.2135,1.2132,1.2135,24
2005-06-23 01:21:00,1.2132,1.2134,1.2129,1.2133,23
2005-06-23 01:22:00,1.2133,1.2133,1.2132,1.2132,7
2005-06-23 01:23:00,1.213,1.2132,1.213,1.2132,8
2005-06-23 01:24:00,1.2129,1.213,1.2129,1.213,7
2005-06-23 01:25:00,1.2129,1.2129,1.2127,1.2128,10
2005-06-23 01:26:00,1.213,1.2131,1.2128,1.2128,14
2005-06-23 01:27:00,1.2129,1.213,1.2128,1.213,8
2005-06-23 01:28:00,1.2129,1.2129,1.2128,1.2128,4
2005-06-23 01:29:00,1.2129,1.213,1.2129,1.2129,6
2005-06-23 01:30:00,1.2131,1.2132,1.2129,1.2129,25
2005-06-23 01:31:00,1.2134,1.2135,1.2132,1.2132,15
2005-06-23 01:32:00,1.2135,1.2136,1.2134,1.2135,22
2005-06-23 01:33:00,1.213,1.2135,1.2129,1.2134,21
2005-06-23 01:34:00,1.213,1.2131,1.2129,1.2129,16
2005-06-23 01:35:00,1.2131,1.2132,1.2129,1.2129,14
2005-06-23 01:36:00,1.213,1.2131,1.2129,1.2131,12
2005-06-23 01:37:00,1.213,1.2131,1.2129,1.213,13
2005-06-23 01:38:00,1.2129,1.213,1.2128,1.2129,20
2005-06-23 01:39:00,1.21276,1.2128,1.2125,1.2128,19
2005-06-23 01:40:00,1.21266,1.21276,1.21256,1.21276,3
2005-06-23 01:41:00,1.21256,1.21266,1.21256,1.21266,3
2005-06-23 01:42:00,1.21256,1.21256,1.21236,1.21246,21
2005-06-23 01:43:00,1.21266,1.21266,1.21256,1.21266,12
2005-06-23 01:44:00,1.21266,1.21266,1.21256,1.21256,4
2005-06-23 01:45:00,1.21266,1.21266,1.21256,1.21256,6
2005-06-23 01:46:00,1.21266,1.21266,1.21256,1.21266,8
2005-06-23 01:47:00,1.21276,1.21276,1.21266,1.21266,6
2005-06-23 01:48:00,1.21286,1.21286,1.21286,1.21286,3
2005-06-23 01:49:00,1.21286,1.21286,1.21286,1.21286,2
2005-06-23 01:50:00,1.21286,1.21286,1.21286,1.21286,2
2005-06-23 01:51:00,1.21286,1.21286,1.21286,1.21286,2
2005-06-23 01:52:00,1.21286,1.21286,1.21276,1.21276,9
2005-06-23 01:53:00,1.21286,1.21286,1.21276,1.21276,6
2005-06-23 01:54:00,1.21286,1.21286,1.21286,1.21286,2
2005-06-23 01:55:00,1.21286,1.21286,1.21286,1.21286,2
2005-06-23 01:56:00,1.21296,1.21326,1.21286,1.21286,10
2005-06-23 01:57:00,1.21296,1.21306,1.21286,1.21306,7
2005-06-23 01:58:00,1.21296,1.21306,1.21296,1.21296,5
2005-06-23 01:59:00,1.21296,1.21296,1.21296,1.21296,2
2005-06-23 02:00:00,1.21316,1.21316,1.21296,1.21296,9
2005-06-23 02:01:00,1.21306,1.21316,1.21306,1.21306,8
2005-06-23 02:02:00,1.21346,1.21356,1.21306,1.21306,15
2005-06-23 02:03:00,1.21336,1.21356,1.21336,1.21346,9
2005-06-23 02:04:00,1.21326,1.21336,1.21326,1.21336,4
2005-06-23 02:05:00,1.21346,1.21346,1.21326,1.21336,16
2005-06-23 02:06:00,1.21336,1.21346,1.21326,1.21336,9
2005-06-23 02:07:00,1.21326,1.21326,1.21316,1.21326,8
2005-06-23 02:08:00,1.21306,1.21316,1.21306,1.21316,5
2005-06-23 02:09:00,1.21306,1.21316,1.21296,1.21296,15
2005-06-23 02:10:00,1.21306,1.21306,1.21296,1.21306,5
2005-06-23 02:11:00,1.21306,1.21316,1.21296,1.21306,6
2005-06-23 02:12:00,1.21296,1.21306,1.21296,1.21306,7
2005-06-23 02:13:00,1.21306,1.21316,1.21306,1.21306,10
2005-06-23 02:14:00,1.21306,1.21316,1.21296,1.21296,15
2005-06-23 02:15:00,1.21306,1.21306,1.21306,1.21306,4
2005-06-23 02:16:00,1.21316,1.21316,1.21306,1.21306,8
2005-06-23 02:17:00,1.21316,1.21326,1.21316,1.21316,4
2005-06-23 02:18:00,1.21316,1.21316,1.21316,1.21316,2
2005-06-23 02:19:00,1.21326,1.21326,1.21316,1.21316,3
2005-06-23 02:20:00,1.21316,1.21326,1.21316,1.21326,8
2005-06-23 02:21:00,1.21316,1.21316,1.21316,1.21316,3
2005-06-23 02:22:00,1.21316,1.21316,1.21316,1.21316,2
2005-06-23 02:23:00,1.21316,1.21326,1.21316,1.21316,4
2005-06-23 02:24:00,1.21316,1.21316,1.21316,1.21316,2
2005-06-23 02:25:00,1.21326,1.21326,1.21316,1.21316,3
2005-06-23 02:26:00,1.21326,1.21326,1.21316,1.21326,6
2005-06-23 02:27:00,1.21326,1.21326,1.21326,1.21326,2
2005-06-23 02:28:00,1.21326,1.21326,1.21326,1.21326,2
2005-06-23 02:29:00,1.21316,1.21316,1.21316,1.21316,4
2005-06-23 02:30:00,1.21326,1.21326,1.21316,1.21326,5
2005-06-23 02:31:00,1.21316,1.21326,1.21316,1.21316,6
2005-06-23 02:32:00,1.21306,1.21316,1.21306,1.21316,3
2005-06-23 02:33:00,1.21306,1.21306,1.21296,1.21306,5
2005-06-23 02:34:00,1.21306,1.21306,1.21306,1.21306,2
2005-06-23 02:35:00,1.21306,1.21306,1.21306,1.21306,2
2005-06-23 02:36:00,1.21296,1.21296,1.21296,1.21296,3
2005-06-23 02:37:00,1.21306,1.21306,1.21306,1.21306,3
2005-06-23 02:38:00,1.21306,1.21306,1.21306,1.21306,2
2005-06-23 02:39:00,1.21306,1.21306,1.21306,1.21306,3
2005-06-23 02:40:00,1.21306,1.21306,1.21306,1.21306,3
2005-06-23 02:41:00,1.21316,1.21326,1.21306,1.21306,11
2005-06-23 02:42:00,1.21316,1.21316,1.21316,1.21316,3
2005-06-23 02:43:00,1.21316,1.21316,1.21316,1.21316,2
2005-06-23 02:44:00,1.21316,1.21316,1.21316,1.21316,3
2005-06-23 02:45:00,1.21316,1.21316,1.21316,1.21316,2
2005-06-23 02:46:00,1.21316,1.21316,1.21306,1.21316,6
2005-06-23 02:47:00,1.21316,1.21316,1.21316,1.21316,2
2005-06-23 02:48:00,1.21316,1.21316,1.21316,1.21316,2
2005-06-23 02:49:00,1.21326,1.21326,1.21316,1.21316,3
2005-06-23 02:50:00,1.21316,1.21316,1.21316,1.21316,3
2005-06-23 02:51:00,1.21316,1.21316,1.21316,1.21316,3
2005-06-23 02:52:00,1.21316,1.21316,1.21316,1.21316,2
2005-06-23 02:53:00,1.21306,1.21316,1.21306,1.21316,6
2005-06-23 02:54:00,1.21306,1.21306,1.21306,1.21306,4
2005-06-23 02:55:00,1.21306,1.21306,1.21306,1.21306,4
2005-06-23 02:56:00,1.21306,1.21306,1.21306,1.21306,2
2005-06-23 02:57:00,1.21306,1.21306,1.21306,1.21306,2
2005-06-23 02:58:00,1.21306,1.21306,1.21306,1.21306,3
2005-06-23 02:59:00,1.21306,1.21306,1.21306,1.21306,2
2005-06-23 03:00:00,1.21306,1.21306,1.21306,1.21306,5
2005-06-23 03:01:00,1.21316,1.21316,1.21306,1.21306,6
2005-06-23 03:02:00,1.21306,1.21306,1.21306,1.21306,3
2005-06-23 03:03:00,1.21306,1.21316,1.21296,1.21316,9
2005-06-23 03:04:00,1.21306,1.21306,1.21296,1.21296,4
2005-06-23 03:05:00,1.21306,1.21306,1.21306,1.21306,2
2005-06-23 03:06:00,1.21306,1.21306,1.21306,1.21306,2
2005-06-23 03:07:00,1.21306,1.21306,1.21306,1.21306,4
2005-06-23 03:08:00,1.21306,1.21306,1.21306,1.21306,2
2005-06-23 03:09:00,1.21306,1.21306,1.21306,1.21306,2
2005-06-23 03:10:00,1.21306,1.21306,1.21296,1.21296,3
2005-06-23 03:11:00,1.21296,1.21296,1.21296,1.21296,4
2005-06-23 03:12:00,1.21246,1.21286,1.21236,1.21286,19
2005-06-23 03:13:00,1.21246,1.21256,1.21236,1.21256,8
2005-06-23 03:14:00,1.21246,1.21246,1.21246,1.21246,4
2005-06-23 03:15:00,1.21246,1.21246,1.21236,1.21236,8
2005-06-23 03:16:00,1.21256,1.21256,1.21246,1.21246,6
2005-06-23 03:17:00,1.21266,1.21266,1.21256,1.21266,5
2005-06-23 03:18:00,1.21276,1.21276,1.21256,1.21256,6
2005-06-23 03:19:00,1.21256,1.21266,1.21256,1.21266,4
2005-06-23 03:20:00,1.21266,1.21276,1.21246,1.21256,13
2005-06-23 03:21:00,1.21256,1.21266,1.21246,1.21266,9
2005-06-23 03:22:00,1.21236,1.21256,1.21236,1.21246,15
2005-06-23 03:23:00,1.21236,1.21246,1.21226,1.21226,15
2005-06-23 03:24:00,1.21246,1.21246,1.21236,1.21236,5
2005-06-23 03:25:00,1.21256,1.21256,1.21246,1.21246,7
2005-06-23 03:26:00,1.21256,1.21256,1.21256,1.21256,2
2005-06-23 03:27:00,1.21266,1.21266,1.21256,1.21256,4
2005-06-23 03:28:00,1.21266,1.21266,1.21256,1.21266,4
2005-06-23 03:29:00,1.21266,1.21266,1.21256,1.21266,9
2005-06-23 03:30:00,1.21266,1.21266,1.21256,1.21266,6
2005-06-23 03:31:00,1.21266,1.21266,1.21266,1.21266,3
2005-06-23 03:32:00,1.21256,1.21266,1.21256,1.21266,5
2005-06-23 03:33:00,1.21266,1.21266,1.21256,1.21256,6
2005-06-23 03:34:00,1.21266,1.21266,1.21256,1.21256,4
2005-06-23 03:35:00,1.21256,1.21256,1.21256,1.21256,3
2005-06-23 03:36:00,1.21266,1.21266,1.21256,1.21256,5
2005-06-23 03:37:00,1.21266,1.21266,1.21256,1.21266,7
2005-06-23 03:38:00,1.21276,1.21286,1.21266,1.21266,7
2005-06-23 03:39:00,1.21276,1.21276,1.21276,1.21276,7
2005-06-23 03:40:00,1.21266,1.21276,1.21266,1.21276,5
2005-06-23 03:41:00,1.21266,1.21266,1.21266,1.21266,2
2005-06-23 03:42:00,1.21276,1.21286,1.21266,1.21286,10
2005-06-23 03:43:00,1.21266,1.21276,1.21256,1.21276,9
2005-06-23 03:44:00,1.21256,1.21266,1.21256,1.21266,7
2005-06-23 03:45:00,1.21256,1.21256,1.21256,1.21256,2
2005-06-23 03:46:00,1.21256,1.21256,1.21256,1.21256,2
2005-06-23 03:47:00,1.21256,1.21256,1.21256,1.21256,2
2005-06-23 03:48:00,1.21256,1.21266,1.21256,1.21256,10
2005-06-23 03:49:00,1.21256,1.21266,1.21256,1.21256,5
2005-06-23 03:50:00,1.21256,1.21256,1.21256,1.21256,1
2005-06-23 03:51:00,1.21256,1.21256,1.21256,1.21256,3
2005-06-23 03:52:00,1.21216,1.21256,1.21216,1.21256,10
2005-06-23 03:53:00,1.21226,1.21226,1.21216,1.21216,4
2005-06-23 03:54:00,1.21246,1.21246,1.21236,1.21236,8
2005-06-23 03:55:00,1.21246,1.21256,1.21246,1.21246,5
2005-06-23 03:56:00,1.21256,1.21256,1.21246,1.21246,5
2005-06-23 03:57:00,1.21256,1.21256,1.21256,1.21256,2
2005-06-23 03:58:00,1.21256,1.21256,1.21256,1.21256,2
2005-06-23 03:59:00,1.21256,1.21256,1.21246,1.21256,6
2005-06-23 04:00:00,1.21246,1.21246,1.21246,1.21246,5
2005-06-23 04:01:00,1.21246,1.21256,1.21246,1.21246,8
2005-06-23 04:02:00,1.21256,1.21256,1.21246,1.21246,4
2005-06-23 04:03:00,1.21246,1.21256,1.21246,1.21246,7
2005-06-23 04:04:00,1.21256,1.21256,1.21246,1.21246,6
2005-06-23 04:05:00,1.21256,1.21256,1.21256,1.21256,2
2005-06-23 04:06:00,1.21266,1.21266,1.21256,1.21256,3
2005-06-23 04:07:00,1.21266,1.21266,1.21256,1.21266,4
2005-06-23 04:08:00,1.21266,1.21266,1.21266,1.21266,4
2005-06-23 04:09:00,1.21278,1.21278,1.21266,1.21266,3
2005-06-23 04:10:00,1.21278,1.21278,1.21278,1.21278,2
2005-06-23 04:11:00,1.21278,1.21278,1.21278,1.21278,2
2005-06-23 04:12:00,1.21278,1.21278,1.21278,1.21278,2
2005-06-23 04:13:00,1.21288,1.21288,1.21278,1.21288,10
2005-06-23 04:14:00,1.21288,1.21298,1.21288,1.21288,9
2005-06-23 04:15:00,1.21288,1.21298,1.21288,1.21298,8
2005-06-23 04:16:00,1.21288,1.21288,1.21288,1.21288,3
2005-06-23 04:17:00,1.21288,1.21288,1.21278,1.21278,4
2005-06-23 04:18:00,1.21288,1.21288,1.21288,1.21288,2
2005-06-23 04:19:00,1.21288,1.21288,1.21288,1.21288,2
2005-06-23 04:20:00,1.21278,1.21288,1.21278,1.21288,4
2005-06-23 04:21:00,1.21288,1.21288,1.21268,1.21268,9
2005-06-23 04:22:00,1.21278,1.21288,1.21278,1.21288,3
2005-06-23 04:23:00,1.21288,1.21288,1.21278,1.21278,3
2005-06-23 04:24:00,1.21278,1.21288,1.21278,1.21288,2
2005-06-23 04:25:00,1.21288,1.21288,1.21278,1.21278,4
2005-06-23 04:26:00,1.21288,1.21288,1.21278,1.21288,5
2005-06-23 04:27:00,1.21288,1.21288,1.21288,1.21288,4
2005-06-23 04:28:00,1.21288,1.21298,1.21278,1.21298,10
2005-06-23 04:29:00,1.21278,1.21288,1.21278,1.21288,6
2005-06-23 04:30:00,1.21268,1.21278,1.21268,1.21278,6
2005-06-23 04:31:00,1.21268,1.21268,1.21258,1.21268,8
2005-06-23 04:32:00,1.21258,1.21258,1.21258,1.21258,6
2005-06-23 04:33:00,1.21258,1.21258,1.21258,1.21258,6
2005-06-23 04:34:00,1.21268,1.21268,1.21258,1.21258,5
2005-06-23 04:35:00,1.21268,1.21268,1.21268,1.21268,6
2005-06-23 04:36:00,1.21268,1.21268,1.21268,1.21268,3
2005-06-23 04:37:00,1.21268,1.21268,1.21258,1.21258,3
2005-06-23 04:38:00,1.21268,1.21268,1.21268,1.21268,2
2005-06-23 04:39:00,1.21268,1.21268,1.21258,1.21258,8
2005-06-23 04:40:00,1.21268,1.21278,1.21268,1.21268,6
2005-06-23 04:41:00,1.21268,1.21268,1.21268,1.21268,2
2005-06-23 04:42:00,1.21238,1.21258,1.21238,1.21258,6
2005-06-23 04:43:00,1.21228,1.21238,1.21218,1.21228,12
2005-06-23 04:44:00,1.21238,1.21238,1.21228,1.21228,4
2005-06-23 04:45:00,1.21228,1.21228,1.21228,1.21228,4
2005-06-23 04:46:00,1.21238,1.21238,1.21228,1.21228,4
2005-06-23 04:47:00,1.21248,1.21248,1.21238,1.21238,7
2005-06-23 04:48:00,1.21248,1.21258,1.21248,1.21248,6
2005-06-23 04:49:00,1.21248,1.21258,1.21248,1.21258,9
2005-06-23 04:50:00,1.21248,1.21258,1.21248,1.21248,6
2005-06-23 04:51:00,1.21248,1.21248,1.21248,1.21248,2
2005-06-23 04:52:00,1.21238,1.21248,1.21238,1.21248,3
2005-06-23 04:53:00,1.21248,1.21248,1.21238,1.21238,4
2005-06-23 04:54:00,1.21248,1.21258,1.21248,1.21248,6
2005-06-23 04:55:00,1.21258,1.21258,1.21248,1.21248,3
2005-06-23 04:56:00,1.21258,1.21258,1.21258,1.21258,2
2005-06-23 04:57:00,1.21258,1.21268,1.21258,1.21258,5
2005-06-23 04:58:00,1.21238,1.21258,1.21238,1.21258,9
2005-06-23 04:59:00,1.21228,1.21238,1.21228,1.21238,7
2005-06-23 05:00:00,1.21228,1.21238,1.21218,1.21238,12
2005-06-23 05:01:00,1.21218,1.21228,1.21218,1.21228,4
2005-06-23 05:02:00,1.21218,1.21218,1.21208,1.21208,8
2005-06-23 05:03:00,1.21228,1.21228,1.21218,1.21218,8
2005-06-23 05:04:00,1.21188,1.21218,1.21188,1.21218,21
2005-06-23 05:05:00,1.21198,1.21208,1.21188,1.21188,10
2005-06-23 05:06:00,1.21198,1.21198,1.21188,1.21188,5
2005-06-23 05:07:00,1.21198,1.21198,1.21188,1.21188,15
2005-06-23 05:08:00,1.21198,1.21198,1.21188,1.21188,9
2005-06-23 05:09:00,1.21198,1.21198,1.21188,1.21198,6
2005-06-23 05:10:00,1.21198,1.21198,1.21188,1.21198,4
2005-06-23 05:11:00,1.21188,1.21198,1.21188,1.21198,4
2005-06-23 05:12:00,1.21188,1.21188,1.21178,1.21178,10
2005-06-23 05:13:00,1.21168,1.21178,1.21168,1.21178,7
2005-06-23 05:14:00,1.21158,1.21178,1.21158,1.21168,13
2005-06-23 05:15:00,1.21148,1.21168,1.21148,1.21158,9
2005-06-23 05:16:00,1.21158,1.21158,1.21148,1.21158,14
2005-06-23 05:17:00,1.21168,1.21168,1.21158,1.21158,5
2005-06-23 05:18:00,1.21158,1.21168,1.21158,1.21158,7
2005-06-23 05:19:00,1.21158,1.21168,1.21158,1.21168,5
2005-06-23 05:20:00,1.21158,1.21158,1.21158,1.21158,2
2005-06-23 05:21:00,1.21158,1.21158,1.21158,1.21158,2
2005-06-23 05:22:00,1.21158,1.21168,1.21158,1.21158,5
2005-06-23 05:23:00,1.21168,1.21168,1.21158,1.21158,4
2005-06-23 05:24:00,1.21158,1.21168,1.21158,1.21168,3
2005-06-23 05:25:00,1.21158,1.21168,1.21158,1.21158,9
2005-06-23 05:26:00,1.21158,1.21168,1.21158,1.21158,12
2005-06-23 05:27:00,1.21158,1.21168,1.21158,1.21158,7
2005-06-23 05:28:00,1.21158,1.21168,1.21158,1.21158,5
2005-06-23 05:29:00,1.21158,1.21168,1.21158,1.21158,8
2005-06-23 05:30:00,1.21168,1.21168,1.21158,1.21158,10
2005-06-23 05:31:00,1.21168,1.21168,1.21158,1.21158,8
2005-06-23 05:32:00,1.21168,1.21168,1.21168,1.21168,2
2005-06-23 05:33:00,1.21168,1.21168,1.21158,1.21168,4
2005-06-23 05:34:00,1.21182,1.21182,1.21168,1.21168,3
2005-06-23 05:35:00,1.21182,1.21192,1.21172,1.21172,7
2005-06-23 05:36:00,1.21182,1.21182,1.21182,1.21182,2
2005-06-23 05:37:00,1.21172,1.21182,1.21172,1.21182,4
2005-06-23 05:38:00,1.21172,1.21172,1.21172,1.21172,5
2005-06-23 05:39:00,1.21172,1.21182,1.21172,1.21172,6
2005-06-23 05:40:00,1.21172,1.21182,1.21172,1.21172,7
2005-06-23 05:41:00,1.21182,1.21182,1.21172,1.21172,5
2005-06-23 05:42:00,1.21182,1.21182,1.21172,1.21182,4
2005-06-23 05:43:00,1.21182,1.21182,1.21172,1.21172,12
2005-06-23 05:44:00,1.21182,1.21182,1.21182,1.21182,2
2005-06-23 05:45:00,1.21172,1.21182,1.21172,1.21182,4
2005-06-23 05:46:00,1.21152,1.21172,1.21152,1.21172,4
2005-06-23 05:47:00,1.21142,1.21162,1.21142,1.21162,15
2005-06-23 05:48:00,1.21122,1.21132,1.21112,1.21132,13
2005-06-23 05:49:00,1.21122,1.21152,1.21122,1.21122,15
2005-06-23 05:50:00,1.21122,1.21132,1.21122,1.21132,11
2005-06-23 05:51:00,1.21132,1.21132,1.21112,1.21122,15
2005-06-23 05:52:00,1.21152,1.21152,1.21122,1.21122,14
2005-06-23 05:53:00,1.21142,1.21142,1.21142,1.21142,7
2005-06-23 05:54:00,1.21152,1.21152,1.21142,1.21152,6
2005-06-23 05:55:00,1.21142,1.21162,1.21142,1.21152,10
2005-06-23 05:56:00,1.21112,1.21132,1.21112,1.21132,15
2005-06-23 05:57:00,1.21112,1.21122,1.21102,1.21122,25
2005-06-23 05:58:00,1.21112,1.21112,1.21102,1.21102,6
2005-06-23 05:59:00,1.21102,1.21122,1.21102,1.21112,7
2005-06-23 06:00:00,1.21122,1.21122,1.21102,1.21102,10
2005-06-23 06:01:00,1.21112,1.21122,1.21112,1.21122,7
2005-06-23 06:02:00,1.21082,1.21112,1.21082,1.21112,8
2005-06-23 06:03:00,1.21082,1.21102,1.21072,1.21072,20
2005-06-23 06:04:00,1.21102,1.21102,1.21072,1.21082,15
2005-06-23 06:05:00,1.21102,1.21112,1.21092,1.21092,14
2005-06-23 06:06:00,1.21082,1.21092,1.21082,1.21092,16
2005-06-23 06:07:00,1.21082,1.21082,1.21072,1.21072,11
2005-06-23 06:08:00,1.21082,1.21092,1.21072,1.21082,35
2005-06-23 06:09:00,1.21092,1.21092,1.21082,1.21082,34
2005-06-23 06:10:00,1.21092,1.21102,1.21092,1.21092,48
2005-06-23 06:11:00,1.21102,1.21102,1.21092,1.21092,36
2005-06-23 06:12:00,1.21112,1.21112,1.21092,1.21102,32
2005-06-23 06:13:00,1.21122,1.21122,1.21112,1.21112,33
2005-06-23 06:14:00,1.21132,1.21132,1.21122,1.21122,35
2005-06-23 06:15:00,1.21162,1.21162,1.21132,1.21132,46
2005-06-23 06:16:00,1.21152,1.21162,1.21142,1.21162,41
2005-06-23 06:17:00,1.21142,1.21152,1.21142,1.21152,33
2005-06-23 06:18:00,1.21162,1.21172,1.21142,1.21142,35
2005-06-23 06:19:00,1.21132,1.21182,1.21132,1.21172,63
2005-06-23 06:20:00,1.21132,1.21132,1.21122,1.21132,38
2005-06-23 06:21:00,1.21162,1.21162,1.21122,1.21132,52
2005-06-23 06:22:00,1.21162,1.21172,1.21152,1.21162,44
2005-06-23 06:23:00,1.21162,1.21172,1.21152,1.21162,40
2005-06-23 06:24:00,1.21172,1.21172,1.21162,1.21162,26
2005-06-23 06:25:00,1.21162,1.21182,1.21162,1.21182,46
2005-06-23 06:26:00,1.21162,1.21172,1.21152,1.21162,44
2005-06-23 06:27:00,1.21152,1.21162,1.21152,1.21162,33
2005-06-23 06:28:00,1.21162,1.21162,1.21152,1.21152,26
2005-06-23 06:29:00,1.21142,1.21162,1.21142,1.21162,40
2005-06-23 06:30:00,1.21152,1.21162,1.21142,1.21142,50
2005-06-23 06:31:00,1.21162,1.21172,1.21152,1.21152,38
2005-06-23 06:32:00,1.21162,1.21162,1.21152,1.21162,25
2005-06-23 06:33:00,1.21162,1.21162,1.21162,1.21162,25
2005-06-23 06:34:00,1.21162,1.21172,1.21162,1.21162,24
2005-06-23 06:35:00,1.21162,1.21172,1.21162,1.21162,26
2005-06-23 06:36:00,1.21162,1.21172,1.21152,1.21162,43
2005-06-23 06:37:00,1.21202,1.21202,1.21162,1.21162,55
2005-06-23 06:38:00,1.21202,1.21222,1.21192,1.21202,55
2005-06-23 06:39:00,1.21242,1.21242,1.21202,1.21202,51
2005-06-23 06:40:00,1.21262,1.21272,1.21242,1.21242,46
2005-06-23 06:41:00,1.21232,1.21262,1.21232,1.21262,38
2005-06-23 06:42:00,1.21212,1.21232,1.21212,1.21232,44
2005-06-23 06:43:00,1.21242,1.21242,1.21212,1.21212,46
2005-06-23 06:44:00,1.21222,1.21242,1.21222,1.21242,47
2005-06-23 06:45:00,1.21212,1.21232,1.21212,1.21222,38
2005-06-23 06:46:00,1.21192,1.21212,1.21182,1.21212,46
2005-06-23 06:47:00,1.21172,1.21202,1.21172,1.21192,42
2005-06-23 06:48:00,1.21162,1.21192,1.21162,1.21172,51
2005-06-23 06:49:00,1.21132,1.21172,1.21132,1.21162,46
2005-06-23 06:50:00,1.21108,1.21132,1.21108,1.21132,46
2005-06-23 06:51:00,1.21128,1.21128,1.21108,1.21108,41
2005-06-23 06:52:00,1.21158,1.21158,1.21128,1.21128,42
2005-06-23 06:53:00,1.21098,1.21158,1.21098,1.21158,50
2005-06-23 06:54:00,1.21128,1.21138,1.21098,1.21098,52
2005-06-23 06:55:00,1.21168,1.21168,1.21138,1.21138,51
2005-06-23 06:56:00,1.21178,1.21188,1.21168,1.21168,49
2005-06-23 06:57:00,1.21168,1.21178,1.21168,1.21178,50
2005-06-23 06:58:00,1.21158,1.21178,1.21158,1.21168,49
2005-06-23 06:59:00,1.21158,1.21178,1.21158,1.21168,45
2005-06-23 07:00:00,1.21168,1.21168,1.21158,1.21158,43
2005-06-23 07:01:00,1.21168,1.21168,1.21168,1.21168,20
2005-06-23 07:02:00,1.21128,1.21168,1.21128,1.21168,41
2005-06-23 07:03:00,1.21128,1.21128,1.21118,1.21128,36
2005-06-23 07:04:00,1.21118,1.21128,1.21098,1.21128,46
2005-06-23 07:05:00,1.21108,1.21138,1.21108,1.21108,42
2005-06-23 07:06:00,1.21088,1.21118,1.21088,1.21118,48
2005-06-23 07:07:00,1.21108,1.21108,1.21088,1.21088,41
2005-06-23 07:08:00,1.21128,1.21128,1.21108,1.21108,37
2005-06-23 07:09:00,1.21118,1.21128,1.21108,1.21128,48
2005-06-23 07:10:00,1.21118,1.21128,1.21118,1.21118,36
2005-06-23 07:11:00,1.21108,1.21118,1.21108,1.21118,37
2005-06-23 07:12:00,1.21088,1.21108,1.21088,1.21108,41
2005-06-23 07:13:00,1.21128,1.21128,1.21088,1.21088,50
2005-06-23 07:14:00,1.21148,1.21158,1.21128,1.21128,52
2005-06-23 07:15:00,1.21148,1.21148,1.21138,1.21148,41
2005-06-23 07:16:00,1.21148,1.21148,1.21138,1.21148,31
2005-06-23 07:17:00,1.21148,1.21148,1.21148,1.21148,18
2005-06-23 07:18:00,1.21148,1.21148,1.21138,1.21148,41
2005-06-23 07:19:00,1.21128,1.21148,1.21128,1.21148,41
2005-06-23 07:20:00,1.21168,1.21168,1.21128,1.21128,38
2005-06-23 07:21:00,1.21158,1.21168,1.21148,1.21168,35
2005-06-23 07:22:00,1.21158,1.21158,1.21158,1.21158,26
2005-06-23 07:23:00,1.21138,1.21158,1.21138,1.21158,36
2005-06-23 07:24:00,1.21118,1.21138,1.21118,1.21138,37
2005-06-23 07:25:00,1.21108,1.21118,1.21098,1.21118,48
2005-06-23 07:26:00,1.21108,1.21128,1.21088,1.21098,59
2005-06-23 07:27:00,1.21108,1.21108,1.21098,1.21108,51
2005-06-23 07:28:00,1.21088,1.21108,1.21078,1.21108,48
2005-06-23 07:29:00,1.21088,1.21098,1.21088,1.21088,42
2005-06-23 07:30:00,1.21108,1.21108,1.21078,1.21088,42
2005-06-23 07:31:00,1.21088,1.21118,1.21088,1.21108,53
2005-06-23 07:32:00,1.21078,1.21098,1.21068,1.21088,46
2005-06-23 07:33:00,1.21018,1.21078,1.21008,1.21078,51
2005-06-23 07:34:00,1.20958,1.21018,1.20958,1.21018,51
2005-06-23 07:35:00,1.20958,1.20978,1.20938,1.20958,63
2005-06-23 07:36:00,1.20908,1.20978,1.20898,1.20958,59
2005-06-23 07:37:00,1.20858,1.20908,1.20848,1.20908,59
2005-06-23 07:38:00,1.20828,1.20868,1.20828,1.20858,57
2005-06-23 07:39:00,1.20868,1.20878,1.20828,1.20828,56
2005-06-23 07:40:00,1.20888,1.20898,1.20868,1.20868,46
2005-06-23 07:41:00,1.20868,1.20908,1.20868,1.20888,44
2005-06-23 07:42:00,1.20858,1.20888,1.20858,1.20868,50
2005-06-23 07:43:00,1.20838,1.20868,1.20838,1.20858,50
2005-06-23 07:44:00,1.20888,1.20908,1.20838,1.20838,58
2005-06-23 07:45:00,1.20878,1.20888,1.20868,1.20888,40
2005-06-23 07:46:00,1.20878,1.20888,1.20878,1.20888,40
2005-06-23 07:47:00,1.20898,1.20908,1.20868,1.20878,51
2005-06-23 07:48:00,1.20888,1.20898,1.20888,1.20898,37
2005-06-23 07:49:00,1.20898,1.20898,1.20888,1.20888,42
2005-06-23 07:50:00,1.20898,1.20898,1.20888,1.20898,40
2005-06-23 07:51:00,1.20908,1.20928,1.20898,1.20898,43
2005-06-23 07:52:00,1.20888,1.20908,1.20888,1.20908,44
2005-06-23 07:53:00,1.20878,1.20888,1.20878,1.20888,44
2005-06-23 07:54:00,1.20832,1.20878,1.20822,1.20878,50
2005-06-23 07:55:00,1.20822,1.20832,1.20812,1.20832,51
2005-06-23 07:56:00,1.20842,1.20852,1.20812,1.20822,45
2005-06-23 07:57:00,1.20822,1.20852,1.20822,1.20842,46
2005-06-23 07:58:00,1.20812,1.20832,1.20792,1.20822,54
2005-06-23 07:59:00,1.20792,1.20812,1.20772,1.20812,55
2005-06-23 08:00:00,1.20822,1.20822,1.20772,1.20792,49
2005-06-23 08:01:00,1.20822,1.20842,1.20812,1.20822,50
2005-06-23 08:02:00,1.20822,1.20842,1.20822,1.20822,32
2005-06-23 08:03:00,1.20842,1.20842,1.20822,1.20822,30
2005-06-23 08:04:00,1.20872,1.20872,1.20832,1.20842,45
2005-06-23 08:05:00,1.20892,1.20902,1.20872,1.20872,49
2005-06-23 08:06:00,1.20882,1.20892,1.20872,1.20882,47
2005-06-23 08:07:00,1.20882,1.20892,1.20882,1.20882,35
2005-06-23 08:08:00,1.20892,1.20892,1.20882,1.20882,36
2005-06-23 08:09:00,1.20872,1.20892,1.20872,1.20892,40
2005-06-23 08:10:00,1.20882,1.20882,1.20872,1.20872,30
2005-06-23 08:11:00,1.20872,1.20882,1.20872,1.20882,33
2005-06-23 08:12:00,1.20912,1.20912,1.20872,1.20872,36
2005-06-23 08:13:00,1.20942,1.20952,1.20912,1.20912,48
2005-06-23 08:14:00,1.20942,1.20962,1.20942,1.20942,41
2005-06-23 08:15:00,1.20962,1.20972,1.20932,1.20942,46
2005-06-23 08:16:00,1.20952,1.20972,1.20942,1.20962,47
2005-06-23 08:17:00,1.20962,1.20962,1.20952,1.20952,57
2005-06-23 08:18:00,1.20932,1.20962,1.20932,1.20952,42
2005-06-23 08:19:00,1.20932,1.20942,1.20922,1.20932,46
2005-06-23 08:20:00,1.20922,1.20932,1.20912,1.20932,44
2005-06-23 08:21:00,1.20922,1.20932,1.20922,1.20922,31
2005-06-23 08:22:00,1.20962,1.20972,1.20922,1.20922,52
2005-06-23 08:23:00,1.20968,1.21002,1.20958,1.20962,48
2005-06-23 08:24:00,1.20978,1.20978,1.20948,1.20968,52
2005-06-23 08:25:00,1.20978,1.20998,1.20978,1.20978,43
2005-06-23 08:26:00,1.20988,1.20988,1.20968,1.20978,33
2005-06-23 08:27:00,1.20968,1.20998,1.20958,1.20998,36
2005-06-23 08:28:00,1.20958,1.20978,1.20958,1.20968,39
2005-06-23 08:29:00,1.20948,1.20958,1.20948,1.20958,24
2005-06-23 08:30:00,1.20938,1.20948,1.20928,1.20948,46
2005-06-23 08:31:00,1.20898,1.20948,1.20898,1.20938,47
2005-06-23 08:32:00,1.20898,1.20898,1.20878,1.20898,39
2005-06-23 08:33:00,1.20918,1.20918,1.20898,1.20898,47
2005-06-23 08:34:00,1.20928,1.20938,1.20918,1.20918,41
2005-06-23 08:35:00,1.20938,1.20938,1.20928,1.20928,29
2005-06-23 08:36:00,1.20938,1.20958,1.20938,1.20938,40
2005-06-23 08:37:00,1.20928,1.20938,1.20908,1.20938,45
2005-06-23 08:38:00,1.20918,1.20928,1.20918,1.20928,44
2005-06-23 08:39:00,1.20908,1.20918,1.20898,1.20918,40
2005-06-23 08:40:00,1.20918,1.20918,1.20908,1.20908,38
2005-06-23 08:41:00,1.20908,1.20928,1.20908,1.20918,35
2005-06-23 08:42:00,1.20888,1.20918,1.20888,1.20918,45
2005-06-23 08:43:00,1.20898,1.20898,1.20878,1.20888,33
2005-06-23 08:44:00,1.20878,1.20898,1.20878,1.20898,41
2005-06-23 08:45:00,1.20852,1.20868,1.20838,1.20868,51
2005-06-23 08:46:00,1.20862,1.20862,1.20842,1.20852,41
2005-06-23 08:47:00,1.20872,1.20872,1.20862,1.20862,40
2005-06-23 08:48:00,1.20892,1.20892,1.20862,1.20872,51
2005-06-23 08:49:00,1.20882,1.20892,1.20882,1.20892,34
2005-06-23 08:50:00,1.20872,1.20882,1.20872,1.20882,35
2005-06-23 08:51:00,1.20852,1.20882,1.20852,1.20872,34
2005-06-23 08:52:00,1.20862,1.20862,1.20852,1.20852,42
2005-06-23 08:53:00,1.20842,1.20872,1.20842,1.20862,34
2005-06-23 08:54:00,1.20862,1.20862,1.20842,1.20842,45
2005-06-23 08:55:00,1.20862,1.20862,1.20852,1.20862,48
2005-06-23 08:56:00,1.20872,1.20872,1.20862,1.20862,41
2005-06-23 08:57:00,1.20872,1.20882,1.20872,1.20872,38
2005-06-23 08:58:00,1.20882,1.20882,1.20872,1.20872,34
2005-06-23 08:59:00,1.20882,1.20882,1.20882,1.20882,14
2005-06-23 09:00:00,1.20902,1.20902,1.20882,1.20882,49
2005-06-23 09:01:00,1.20922,1.20932,1.20902,1.20902,44
2005-06-23 09:02:00,1.20932,1.20942,1.20912,1.20922,50
2005-06-23 09:03:00,1.20922,1.20942,1.20912,1.20932,50
2005-06-23 09:04:00,1.20892,1.20922,1.20892,1.20912,39
2005-06-23 09:05:00,1.20902,1.20912,1.20882,1.20892,47
2005-06-23 09:06:00,1.20912,1.20912,1.20902,1.20902,40
2005-06-23 09:07:00,1.20942,1.20942,1.20902,1.20912,44
2005-06-23 09:08:00,1.20932,1.20942,1.20932,1.20932,30
2005-06-23 09:09:00,1.2095,1.20952,1.20922,1.20932,39
2005-06-23 09:10:00,1.2095,1.2096,1.2093,1.2095,48
2005-06-23 09:11:00,1.2093,1.2095,1.2093,1.2095,41
2005-06-23 09:12:00,1.2092,1.2093,1.2091,1.2093,39
2005-06-23 09:13:00,1.2094,1.2095,1.2091,1.2092,53
2005-06-23 09:14:00,1.2093,1.2095,1.2092,1.2094,44
2005-06-23 09:15:00,1.2093,1.2094,1.2092,1.2093,27
2005-06-23 09:16:00,1.2094,1.2095,1.2094,1.2094,37
2005-06-23 09:17:00,1.2093,1.2094,1.2093,1.2094,35
2005-06-23 09:18:00,1.2095,1.2096,1.2093,1.2093,42
2005-06-23 09:19:00,1.2096,1.2096,1.2094,1.2095,39
2005-06-23 09:20:00,1.2095,1.2096,1.2095,1.2096,30
2005-06-23 09:21:00,1.2096,1.2096,1.2095,1.2096,36
2005-06-23 09:22:00,1.2096,1.2096,1.2095,1.2096,35
2005-06-23 09:23:00,1.2097,1.2098,1.2096,1.2096,45
2005-06-23 09:24:00,1.2096,1.2098,1.2096,1.2097,34
2005-06-23 09:25:00,1.2093,1.2097,1.2092,1.2096,49
2005-06-23 09:26:00,1.2095,1.2095,1.2093,1.2093,49
2005-06-23 09:27:00,1.2094,1.2096,1.2094,1.2095,40
2005-06-23 09:28:00,1.2095,1.2095,1.2094,1.2094,29
2005-06-23 09:29:00,1.2095,1.2095,1.2095,1.2095,21
2005-06-23 09:30:00,1.2094,1.2095,1.2094,1.2095,21
2005-06-23 09:31:00,1.2094,1.2095,1.2094,1.2094,42
2005-06-23 09:32:00,1.2094,1.2096,1.2094,1.2094,41
2005-06-23 09:33:00,1.2093,1.2095,1.2093,1.2094,45
2005-06-23 09:34:00,1.2094,1.2095,1.2093,1.2093,53
2005-06-23 09:35:00,1.2094,1.2095,1.2094,1.2094,28
2005-06-23 09:36:00,1.2094,1.2095,1.2094,1.2094,33
2005-06-23 09:37:00,1.2095,1.2096,1.2094,1.2094,39
2005-06-23 09:38:00,1.2095,1.2096,1.2094,1.2095,33
2005-06-23 09:39:00,1.2094,1.2095,1.2094,1.2095,21
2005-06-23 09:40:00,1.2093,1.2095,1.2093,1.2094,40
2005-06-23 09:41:00,1.2092,1.2093,1.2091,1.2093,42
2005-06-23 09:42:00,1.2091,1.2092,1.209,1.2091,46
2005-06-23 09:43:00,1.209,1.2092,1.2089,1.2091,49
2005-06-23 09:44:00,1.209,1.209,1.2089,1.2089,34
2005-06-23 09:45:00,1.209,1.2091,1.209,1.209,32
2005-06-23 09:46:00,1.2091,1.2091,1.2089,1.209,34
2005-06-23 09:47:00,1.2094,1.2095,1.209,1.2091,49
2005-06-23 09:48:00,1.2093,1.2094,1.2093,1.2094,37
2005-06-23 09:49:00,1.2093,1.2094,1.2092,1.2093,38
2005-06-23 09:50:00,1.2093,1.2094,1.2092,1.2093,40
2005-06-23 09:51:00,1.2091,1.2093,1.2091,1.2093,34
2005-06-23 09:52:00,1.2092,1.2092,1.2091,1.2091,32
2005-06-23 09:53:00,1.209,1.2092,1.209,1.2092,33
2005-06-23 09:54:00,1.2088,1.2091,1.2088,1.209,47
2005-06-23 09:55:00,1.2086,1.2088,1.2086,1.2087,52
2005-06-23 09:56:00,1.2086,1.2087,1.2085,1.2086,43
2005-06-23 09:57:00,1.2087,1.2087,1.2086,1.2086,44
2005-06-23 09:58:00,1.2088,1.2088,1.2087,1.2087,37
2005-06-23 09:59:00,1.2086,1.2088,1.2086,1.2088,38
2005-06-23 10:00:00,1.2087,1.2087,1.2086,1.2086,43
2005-06-23 10:01:00,1.2088,1.2089,1.2087,1.2087,43
2005-06-23 10:02:00,1.2089,1.2089,1.2088,1.2088,33
2005-06-23 10:03:00,1.2089,1.209,1.2089,1.2089,30
2005-06-23 10:04:00,1.2089,1.209,1.2089,1.209,29
2005-06-23 10:05:00,1.2087,1.2089,1.2087,1.2089,28
2005-06-23 10:06:00,1.2087,1.2087,1.2087,1.2087,20
2005-06-23 10:07:00,1.2088,1.2089,1.2087,1.2087,41
2005-06-23 10:08:00,1.209,1.209,1.2088,1.2088,42
2005-06-23 10:09:00,1.2088,1.2089,1.2087,1.2089,46
2005-06-23 10:10:00,1.2089,1.2089,1.2087,1.2088,42
2005-06-23 10:11:00,1.2089,1.209,1.2089,1.209,36
2005-06-23 10:12:00,1.2088,1.2089,1.2087,1.2089,28
2005-06-23 10:13:00,1.2088,1.2088,1.2088,1.2088,26
2005-06-23 10:14:00,1.2087,1.2088,1.2086,1.2088,35
2005-06-23 10:15:00,1.2089,1.2089,1.2087,1.2087,26
2005-06-23 10:16:00,1.2089,1.209,1.2089,1.209,39
2005-06-23 10:17:00,1.2089,1.209,1.2088,1.2089,37
2005-06-23 10:18:00,1.2092,1.2092,1.2089,1.2089,37
2005-06-23 10:19:00,1.2091,1.2092,1.2091,1.2092,31
2005-06-23 10:20:00,1.209,1.2091,1.209,1.2091,33
2005-06-23 10:21:00,1.2088,1.209,1.2087,1.209,38
2005-06-23 10:22:00,1.2088,1.2089,1.2088,1.2088,29
2005-06-23 10:23:00,1.2088,1.2088,1.2086,1.2088,28
2005-06-23 10:24:00,1.2088,1.2088,1.2086,1.2088,40
2005-06-23 10:25:00,1.2088,1.2089,1.2088,1.2088,34
2005-06-23 10:26:00,1.2088,1.2089,1.2087,1.2088,30
2005-06-23 10:27:00,1.2086,1.2089,1.2086,1.2089,32
2005-06-23 10:28:00,1.2087,1.2088,1.2086,1.2087,42
2005-06-23 10:29:00,1.209,1.2091,1.2087,1.2087,40
2005-06-23 10:30:00,1.2089,1.209,1.2087,1.209,49
2005-06-23 10:31:00,1.2089,1.2089,1.2088,1.2089,27
2005-06-23 10:32:00,1.2087,1.209,1.2087,1.2089,43
2005-06-23 10:33:00,1.2087,1.2087,1.2086,1.2087,37
2005-06-23 10:34:00,1.2087,1.2087,1.2086,1.2087,37
2005-06-23 10:35:00,1.2086,1.2087,1.2085,1.2087,42
2005-06-23 10:36:00,1.2087,1.2087,1.2086,1.2086,31
2005-06-23 10:37:00,1.2086,1.2087,1.2086,1.2087,24
2005-06-23 10:38:00,1.2086,1.2087,1.2086,1.2086,39
2005-06-23 10:39:00,1.2088,1.2088,1.2086,1.2086,44
2005-06-23 10:40:00,1.2087,1.2087,1.2086,1.2087,40
2005-06-23 10:41:00,1.2086,1.2087,1.2086,1.2087,37
2005-06-23 10:42:00,1.2086,1.2086,1.2085,1.2086,28
2005-06-23 10:43:00,1.2087,1.2087,1.2086,1.2086,35
2005-06-23 10:44:00,1.2088,1.2088,1.2087,1.2087,28
2005-06-23 10:45:00,1.2087,1.2088,1.2087,1.2088,38
2005-06-23 10:46:00,1.2086,1.2088,1.2086,1.2087,42
2005-06-23 10:47:00,1.2086,1.2089,1.2086,1.2086,51
2005-06-23 10:48:00,1.2087,1.2088,1.2086,1.2086,38
2005-06-23 10:49:00,1.2086,1.2087,1.2086,1.2087,35
2005-06-23 10:50:00,1.2086,1.2087,1.2086,1.2086,30
2005-06-23 10:51:00,1.2084,1.2086,1.2083,1.2086,42
2005-06-23 10:52:00,1.2084,1.2085,1.2083,1.2083,38
2005-06-23 10:53:00,1.2083,1.2084,1.2082,1.2084,41
2005-06-23 10:54:00,1.2083,1.2084,1.2082,1.2083,34
2005-06-23 10:55:00,1.2083,1.2083,1.2082,1.2082,35
2005-06-23 10:56:00,1.2085,1.2085,1.2083,1.2084,33
2005-06-23 10:57:00,1.2085,1.2086,1.2085,1.2085,46
2005-06-23 10:58:00,1.2085,1.2086,1.2085,1.2085,22
2005-06-23 10:59:00,1.2086,1.2086,1.2083,1.2085,37
2005-06-23 11:00:00,1.2082,1.2087,1.2082,1.2086,49
2005-06-23 11:01:00,1.2083,1.2084,1.2082,1.2082,34
2005-06-23 11:02:00,1.2084,1.2084,1.2083,1.2083,35
2005-06-23 11:03:00,1.2083,1.2084,1.2082,1.2084,33
2005-06-23 11:04:00,1.2083,1.2083,1.2082,1.2082,40
2005-06-23 11:05:00,1.2081,1.2083,1.2081,1.2083,30
2005-06-23 11:06:00,1.208,1.2082,1.208,1.2081,44
2005-06-23 11:07:00,1.2081,1.2081,1.208,1.208,46
2005-06-23 11:08:00,1.2084,1.2085,1.2081,1.2081,44
2005-06-23 11:09:00,1.2084,1.2085,1.2084,1.2084,37
2005-06-23 11:10:00,1.2084,1.2085,1.2084,1.2084,29
2005-06-23 11:11:00,1.2085,1.2086,1.2084,1.2084,40
2005-06-23 11:12:00,1.2088,1.209,1.2085,1.2086,49
2005-06-23 11:13:00,1.2089,1.2091,1.2088,1.2088,48
2005-06-23 11:14:00,1.2087,1.2089,1.2087,1.2089,34
2005-06-23 11:15:00,1.2089,1.2089,1.2087,1.2087,23
2005-06-23 11:16:00,1.2089,1.2089,1.2089,1.2089,14
2005-06-23 11:17:00,1.2088,1.2089,1.2088,1.2089,39
2005-06-23 11:18:00,1.2088,1.2089,1.2088,1.2089,38
2005-06-23 11:19:00,1.2088,1.2088,1.2088,1.2088,34
2005-06-23 11:20:00,1.2088,1.2088,1.2088,1.2088,22
2005-06-23 11:21:00,1.2088,1.2089,1.2088,1.2088,43
2005-06-23 11:22:00,1.2088,1.2088,1.2088,1.2088,19
2005-06-23 11:23:00,1.2088,1.2089,1.2087,1.2088,42
2005-06-23 11:24:00,1.2085,1.2088,1.2085,1.2088,39
2005-06-23 11:25:00,1.2084,1.2085,1.2084,1.2085,40
2005-06-23 11:26:00,1.2084,1.2085,1.2084,1.2084,30
2005-06-23 11:27:00,1.2082,1.2084,1.2082,1.2084,54
2005-06-23 11:28:00,1.2081,1.2082,1.2081,1.2082,42
2005-06-23 11:29:00,1.208,1.2081,1.208,1.2081,28
2005-06-23 11:30:00,1.208,1.208,1.2078,1.208,51
2005-06-23 11:31:00,1.2083,1.2083,1.2079,1.208,55
2005-06-23 11:32:00,1.2083,1.2084,1.2082,1.2083,44
2005-06-23 11:33:00,1.2084,1.2087,1.2083,1.2083,52
2005-06-23 11:34:00,1.2084,1.2086,1.2083,1.2084,44
2005-06-23 11:35:00,1.2085,1.2085,1.2084,1.2084,35
2005-06-23 11:36:00,1.2081,1.2085,1.2079,1.2085,49
2005-06-23 11:37:00,1.2081,1.2082,1.2081,1.2082,52
2005-06-23 11:38:00,1.2082,1.2082,1.2079,1.2081,45
2005-06-23 11:39:00,1.2084,1.2084,1.2082,1.2082,35
2005-06-23 11:40:00,1.2084,1.2085,1.2084,1.2084,45
2005-06-23 11:41:00,1.2081,1.2084,1.208,1.2084,46
2005-06-23 11:42:00,1.2082,1.2083,1.2081,1.2081,44
2005-06-23 11:43:00,1.2083,1.2084,1.2082,1.2082,43
2005-06-23 11:44:00,1.2085,1.2085,1.2082,1.2083,45
2005-06-23 11:45:00,1.2086,1.2086,1.2085,1.2085,37
2005-06-23 11:46:00,1.2087,1.2089,1.2086,1.2086,58
2005-06-23 11:47:00,1.2086,1.209,1.2086,1.2086,45
2005-06-23 11:48:00,1.2085,1.2086,1.2084,1.2086,48
2005-06-23 11:49:00,1.2085,1.2086,1.2084,1.2085,44
2005-06-23 11:50:00,1.2084,1.2085,1.2084,1.2085,28
2005-06-23 11:51:00,1.2083,1.2085,1.2082,1.2084,43
2005-06-23 11:52:00,1.2081,1.2084,1.2081,1.2083,45
2005-06-23 11:53:00,1.2075,1.208,1.2075,1.208,51
2005-06-23 11:54:00,1.2076,1.2077,1.2075,1.2075,43
2005-06-23 11:55:00,1.2074,1.2078,1.2073,1.2077,59
2005-06-23 11:56:00,1.2076,1.2077,1.2074,1.2074,47
2005-06-23 11:57:00,1.2073,1.2075,1.2072,1.2075,58
2005-06-23 11:58:00,1.2076,1.2077,1.2072,1.2073,50
2005-06-23 11:59:00,1.2075,1.2077,1.2075,1.2076,43
2005-06-23 12:00:00,1.2073,1.2075,1.2073,1.2074,50
2005-06-23 12:01:00,1.2075,1.2076,1.2073,1.2074,45
2005-06-23 12:02:00,1.2077,1.2077,1.2075,1.2075,53
2005-06-23 12:03:00,1.208,1.2081,1.2076,1.2077,47
2005-06-23 12:04:00,1.2082,1.2083,1.2079,1.208,53
2005-06-23 12:05:00,1.2082,1.2083,1.2081,1.2083,44
2005-06-23 12:06:00,1.2079,1.2082,1.2079,1.2081,38
2005-06-23 12:07:00,1.208,1.208,1.2079,1.2079,30
2005-06-23 12:08:00,1.2078,1.208,1.2077,1.208,51
2005-06-23 12:09:00,1.2077,1.2079,1.2077,1.2078,40
2005-06-23 12:10:00,1.2066,1.2077,1.2064,1.2077,50
2005-06-23 12:11:00,1.2068,1.2069,1.2065,1.2066,48
2005-06-23 12:12:00,1.20696,1.20706,1.20666,1.2068,45
2005-06-23 12:13:00,1.20666,1.20696,1.20666,1.20696,44
2005-06-23 12:14:00,1.20668,1.20678,1.20666,1.20676,50
2005-06-23 12:15:00,1.20658,1.20678,1.20638,1.20668,56
2005-06-23 12:16:00,1.20628,1.20658,1.20618,1.20658,58
2005-06-23 12:17:00,1.20658,1.20668,1.20618,1.20628,46
2005-06-23 12:18:00,1.20638,1.20678,1.20638,1.20658,51
2005-06-23 12:19:00,1.20608,1.20648,1.20578,1.20638,50
2005-06-23 12:20:00,1.20594,1.20614,1.20578,1.20608,56
2005-06-23 12:21:00,1.20584,1.20604,1.20584,1.20594,46
2005-06-23 12:22:00,1.20584,1.20604,1.20584,1.20584,46
2005-06-23 12:23:00,1.20564,1.20584,1.20544,1.20584,42
2005-06-23 12:24:00,1.20534,1.20564,1.20524,1.20564,50
2005-06-23 12:25:00,1.20554,1.20554,1.20524,1.20534,51
2005-06-23 12:26:00,1.20564,1.20594,1.20554,1.20554,51
2005-06-23 12:27:00,1.20594,1.20604,1.20544,1.20574,58
2005-06-23 12:28:00,1.20604,1.20614,1.20584,1.20594,56
2005-06-23 12:29:00,1.20584,1.20604,1.20574,1.20604,45
2005-06-23 12:30:00,1.20594,1.20604,1.20554,1.20594,50
2005-06-23 12:31:00,1.20574,1.20604,1.20554,1.20604,54
2005-06-23 12:32:00,1.20554,1.20564,1.20544,1.20564,47
2005-06-23 12:33:00,1.20494,1.20564,1.20484,1.20554,46
2005-06-23 12:34:00,1.20464,1.20514,1.20454,1.20484,57
2005-06-23 12:35:00,1.20384,1.20464,1.20374,1.20464,51
2005-06-23 12:36:00,1.20384,1.20414,1.20334,1.20384,58
2005-06-23 12:37:00,1.20374,1.20384,1.20334,1.20384,58
2005-06-23 12:38:00,1.20304,1.20394,1.20294,1.20374,56
2005-06-23 12:39:00,1.20284,1.20304,1.20264,1.20294,50
2005-06-23 12:40:00,1.20314,1.20314,1.20264,1.20294,63
2005-06-23 12:41:00,1.20294,1.20324,1.20294,1.20304,56
2005-06-23 12:42:00,1.20334,1.20334,1.20294,1.20294,38
2005-06-23 12:43:00,1.20264,1.20344,1.20264,1.20334,44
2005-06-23 12:44:00,1.20284,1.20294,1.20254,1.20264,61
2005-06-23 12:45:00,1.20364,1.20364,1.20284,1.20284,57
2005-06-23 12:46:00,1.20398,1.20408,1.20358,1.20374,56
2005-06-23 12:47:00,1.20418,1.20448,1.20408,1.20408,44
2005-06-23 12:48:00,1.20428,1.20448,1.20388,1.20418,59
2005-06-23 12:49:00,1.20448,1.20448,1.20408,1.20428,48
2005-06-23 12:50:00,1.20388,1.20448,1.20388,1.20448,56
2005-06-23 12:51:00,1.20328,1.20388,1.20328,1.20388,45
2005-06-23 12:52:00,1.20358,1.20378,1.20328,1.20328,57
2005-06-23 12:53:00,1.20382,1.20392,1.20348,1.20358,48
2005-06-23 12:54:00,1.20404,1.20412,1.20382,1.20382,47
2005-06-23 12:55:00,1.20354,1.20404,1.20344,1.20404,47
2005-06-23 12:56:00,1.20358,1.20378,1.20338,1.20354,49
2005-06-23 12:57:00,1.20388,1.20398,1.20358,1.20358,51
2005-06-23 12:58:00,1.20418,1.20418,1.20388,1.20388,42
2005-06-23 12:59:00,1.20398,1.20428,1.20388,1.20418,41
2005-06-23 13:00:00,1.20438,1.20448,1.20398,1.20398,56
2005-06-23 13:01:00,1.20438,1.20448,1.20428,1.20448,40
2005-06-23 13:02:00,1.20458,1.20468,1.20438,1.20438,53
2005-06-23 13:03:00,1.20448,1.20478,1.20448,1.20468,50
2005-06-23 13:04:00,1.20438,1.20448,1.20428,1.20448,51
2005-06-23 13:05:00,1.20454,1.20464,1.20402,1.20428,55
2005-06-23 13:06:00,1.20468,1.20474,1.20454,1.20454,45
2005-06-23 13:07:00,1.20468,1.20478,1.20458,1.20468,47
2005-06-23 13:08:00,1.20458,1.20468,1.20448,1.20468,42
2005-06-23 13:09:00,1.20488,1.20508,1.20458,1.20458,43
2005-06-23 13:10:00,1.20468,1.20488,1.20458,1.20488,39
2005-06-23 13:11:00,1.20478,1.20498,1.20468,1.20468,49
2005-06-23 13:12:00,1.20478,1.20498,1.20478,1.20478,50
2005-06-23 13:13:00,1.20488,1.20498,1.20468,1.20478,49
2005-06-23 13:14:00,1.20468,1.20498,1.20458,1.20488,46
2005-06-23 13:15:00,1.20428,1.20458,1.20418,1.20458,42
2005-06-23 13:16:00,1.20434,1.20438,1.20418,1.20428,41
2005-06-23 13:17:00,1.20424,1.20444,1.20424,1.20434,47
2005-06-23 13:18:00,1.20424,1.20434,1.20424,1.20424,41
2005-06-23 13:19:00,1.20364,1.20424,1.20364,1.20424,46
2005-06-23 13:20:00,1.20394,1.20394,1.20374,1.20374,41
2005-06-23 13:21:00,1.20424,1.20434,1.20394,1.20394,43
2005-06-23 13:22:00,1.20434,1.20434,1.20424,1.20424,51
2005-06-23 13:23:00,1.20424,1.20434,1.20424,1.20434,31
2005-06-23 13:24:00,1.20424,1.20434,1.20414,1.20424,46
2005-06-23 13:25:00,1.20434,1.20444,1.20434,1.20434,29
2005-06-23 13:26:00,1.20444,1.20444,1.20434,1.20434,39
2005-06-23 13:27:00,1.20504,1.20524,1.20444,1.20444,46
2005-06-23 13:28:00,1.20544,1.20544,1.20484,1.20504,43
2005-06-23 13:29:00,1.20554,1.20554,1.20534,1.20544,39
2005-06-23 13:30:00,1.20534,1.20564,1.20534,1.20554,47
2005-06-23 13:31:00,1.20534,1.20544,1.20524,1.20534,49
2005-06-23 13:32:00,1.20524,1.20544,1.20524,1.20534,47
2005-06-23 13:33:00,1.20544,1.20544,1.20514,1.20524,55
2005-06-23 13:34:00,1.20544,1.20554,1.20534,1.20544,43
2005-06-23 13:35:00,1.20534,1.20554,1.20534,1.20544,42
2005-06-23 13:36:00,1.20534,1.20544,1.20534,1.20534,40
2005-06-23 13:37:00,1.20524,1.20544,1.20524,1.20534,38
2005-06-23 13:38:00,1.20524,1.20534,1.20514,1.20524,48
2005-06-23 13:39:00,1.20554,1.20554,1.20524,1.20524,40
2005-06-23 13:40:00,1.20494,1.20554,1.20494,1.20554,52
2005-06-23 13:41:00,1.20514,1.20524,1.20484,1.20494,53
2005-06-23 13:42:00,1.20514,1.20534,1.20494,1.20504,53
2005-06-23 13:43:00,1.20504,1.20524,1.20504,1.20514,35
2005-06-23 13:44:00,1.20494,1.20514,1.20494,1.20504,45
2005-06-23 13:45:00,1.20494,1.20504,1.20484,1.20494,49
2005-06-23 13:46:00,1.20494,1.20504,1.20494,1.20494,38
2005-06-23 13:47:00,1.20484,1.20494,1.20474,1.20494,35
2005-06-23 13:48:00,1.20484,1.20484,1.20464,1.20474,49
2005-06-23 13:49:00,1.20474,1.20484,1.20474,1.20484,34
2005-06-23 13:50:00,1.20464,1.20474,1.20464,1.20474,43
2005-06-23 13:51:00,1.20494,1.20494,1.20464,1.20464,50
2005-06-23 13:52:00,1.20514,1.20514,1.20494,1.20494,37
2005-06-23 13:53:00,1.20514,1.20514,1.20504,1.20514,34
2005-06-23 13:54:00,1.20494,1.20514,1.20494,1.20514,28
2005-06-23 13:55:00,1.20474,1.20504,1.20464,1.20494,43
2005-06-23 13:56:00,1.20504,1.20504,1.20474,1.20474,38
2005-06-23 13:57:00,1.20484,1.20524,1.20484,1.20504,45
2005-06-23 13:58:00,1.20464,1.20494,1.20464,1.20484,52
2005-06-23 13:59:00,1.2047,1.20503,1.2046,1.20464,52
2005-06-23 14:00:00,1.2049,1.205,1.2045,1.2047,46
2005-06-23 14:01:00,1.2048,1.2049,1.2047,1.2049,44
2005-06-23 14:02:00,1.2048,1.205,1.2047,1.2048,39
2005-06-23 14:03:00,1.2048,1.2049,1.2048,1.2048,39
2005-06-23 14:04:00,1.2049,1.205,1.2047,1.2048,54
2005-06-23 14:05:00,1.20452,1.205,1.20452,1.205,47
2005-06-23 14:06:00,1.20442,1.20472,1.20442,1.20462,50
2005-06-23 14:07:00,1.20432,1.20442,1.20412,1.20442,43
2005-06-23 14:08:00,1.20412,1.20432,1.20402,1.20432,47
2005-06-23 14:09:00,1.20432,1.20452,1.20412,1.20412,43
2005-06-23 14:10:00,1.20442,1.20442,1.20422,1.20432,44
2005-06-23 14:11:00,1.20442,1.20442,1.20432,1.20442,38
2005-06-23 14:12:00,1.20462,1.20462,1.20442,1.20442,42
2005-06-23 14:13:00,1.20492,1.20492,1.20462,1.20462,52
2005-06-23 14:14:00,1.20486,1.20496,1.20476,1.20486,40
2005-06-23 14:15:00,1.20516,1.20526,1.20476,1.20486,54
2005-06-23 14:16:00,1.20546,1.20546,1.20516,1.20526,46
2005-06-23 14:17:00,1.20536,1.20546,1.20526,1.20536,49
2005-06-23 14:18:00,1.20546,1.20546,1.20526,1.20536,44
2005-06-23 14:19:00,1.20516,1.20546,1.20516,1.20546,39
2005-06-23 14:20:00,1.20506,1.20516,1.20496,1.20506,48
2005-06-23 14:21:00,1.20496,1.20506,1.20486,1.20496,45
2005-06-23 14:22:00,1.20486,1.20496,1.20486,1.20496,45
2005-06-23 14:23:00,1.20466,1.20496,1.20466,1.20486,36
2005-06-23 14:24:00,1.20426,1.20476,1.20396,1.20466,52
2005-06-23 14:25:00,1.20426,1.20436,1.20406,1.20416,45
2005-06-23 14:26:00,1.20426,1.20436,1.20416,1.20436,42
2005-06-23 14:27:00,1.20446,1.20446,1.20416,1.20426,43
2005-06-23 14:28:00,1.20446,1.20466,1.20436,1.20446,45
2005-06-23 14:29:00,1.20446,1.20456,1.20446,1.20446,45
2005-06-23 14:30:00,1.20444,1.20464,1.20444,1.20446,38
2005-06-23 14:31:00,1.20454,1.20454,1.20424,1.20434,42
2005-06-23 14:32:00,1.20444,1.20454,1.20434,1.20454,41
2005-06-23 14:33:00,1.20424,1.20444,1.20414,1.20444,47
2005-06-23 14:34:00,1.20414,1.20424,1.20394,1.20424,41
2005-06-23 14:35:00,1.20364,1.20424,1.20364,1.20414,53
2005-06-23 14:36:00,1.20338,1.20364,1.20314,1.20364,52
2005-06-23 14:37:00,1.20468,1.20468,1.20338,1.20338,52
2005-06-23 14:38:00,1.20498,1.20548,1.20458,1.20478,52
2005-06-23 14:39:00,1.20498,1.20538,1.20488,1.20508,62
2005-06-23 14:40:00,1.20498,1.20518,1.20488,1.20488,47
2005-06-23 14:41:00,1.20498,1.20548,1.20488,1.20488,56
2005-06-23 14:42:00,1.20508,1.20518,1.20478,1.20498,47
2005-06-23 14:43:00,1.20528,1.20548,1.20508,1.20508,51
2005-06-23 14:44:00,1.20468,1.20528,1.20458,1.20528,52
2005-06-23 14:45:00,1.20448,1.20478,1.20448,1.20468,38
2005-06-23 14:46:00,1.20418,1.20458,1.20418,1.20448,45
2005-06-23 14:47:00,1.20448,1.20458,1.20418,1.20418,54
2005-06-23 14:48:00,1.20478,1.20478,1.20438,1.20448,46
2005-06-23 14:49:00,1.20468,1.20478,1.20448,1.20478,39
2005-06-23 14:50:00,1.20478,1.20478,1.20458,1.20468,37
2005-06-23 14:51:00,1.2048,1.20488,1.20468,1.20478,55
2005-06-23 14:52:00,1.2047,1.2048,1.2046,1.2048,36
2005-06-23 14:53:00,1.20478,1.20478,1.20468,1.2047,41
2005-06-23 14:54:00,1.20498,1.20498,1.20468,1.20468,43
2005-06-23 14:55:00,1.20528,1.20528,1.20498,1.20498,40
2005-06-23 14:56:00,1.20518,1.20538,1.20518,1.20518,41
2005-06-23 14:57:00,1.20528,1.20548,1.20518,1.20518,62
2005-06-23 14:58:00,1.20518,1.20538,1.20508,1.20528,50
2005-06-23 14:59:00,1.20498,1.20518,1.20488,1.20518,41
2005-06-23 15:00:00,1.20618,1.20618,1.20498,1.20508,54
2005-06-23 15:01:00,1.20648,1.20688,1.20608,1.20628,54
2005-06-23 15:02:00,1.20628,1.20654,1.20628,1.20648,43
2005-06-23 15:03:00,1.20628,1.20628,1.20606,1.20628,49
2005-06-23 15:04:00,1.20628,1.20638,1.20618,1.20628,45
2005-06-23 15:05:00,1.20578,1.20628,1.20568,1.20628,43
2005-06-23 15:06:00,1.20514,1.20578,1.20498,1.20578,55
2005-06-23 15:07:00,1.20524,1.20544,1.20524,1.20524,40
2005-06-23 15:08:00,1.20534,1.20544,1.20524,1.20524,36
2005-06-23 15:09:00,1.20514,1.20534,1.20494,1.20534,37
2005-06-23 15:10:00,1.20514,1.20524,1.20494,1.20514,48
2005-06-23 15:11:00,1.20534,1.20534,1.20514,1.20514,24
2005-06-23 15:12:00,1.20464,1.20534,1.20454,1.20534,57
2005-06-23 15:13:00,1.20474,1.20484,1.20454,1.20454,48
2005-06-23 15:14:00,1.20494,1.20494,1.20484,1.20484,35
2005-06-23 15:15:00,1.20494,1.20504,1.20494,1.20494,29
2005-06-23 15:16:00,1.20564,1.20574,1.20484,1.20484,48
2005-06-23 15:17:00,1.20654,1.20654,1.20554,1.20564,57
2005-06-23 15:18:00,1.20704,1.20734,1.20654,1.20654,58
2005-06-23 15:19:00,1.20674,1.20704,1.20674,1.20694,55
2005-06-23 15:20:00,1.20644,1.20684,1.20644,1.20674,56
2005-06-23 15:21:00,1.20624,1.20674,1.20624,1.20644,49
2005-06-23 15:22:00,1.20644,1.20654,1.20614,1.20634,51
2005-06-23 15:23:00,1.20654,1.20664,1.20644,1.20644,39
2005-06-23 15:24:00,1.20674,1.20674,1.20634,1.20654,41
2005-06-23 15:25:00,1.20674,1.20684,1.20634,1.20674,53
2005-06-23 15:26:00,1.20674,1.20694,1.20674,1.20674,44
2005-06-23 15:27:00,1.20664,1.20674,1.20644,1.20674,53
2005-06-23 15:28:00,1.20684,1.20704,1.20644,1.20664,49
2005-06-23 15:29:00,1.20618,1.20684,1.20618,1.20684,54
2005-06-23 15:30:00,1.20592,1.20618,1.20572,1.20618,51
2005-06-23 15:31:00,1.20572,1.20602,1.20572,1.20592,50
2005-06-23 15:32:00,1.20572,1.20582,1.20542,1.20562,48
2005-06-23 15:33:00,1.20572,1.20582,1.20572,1.20572,33
2005-06-23 15:34:00,1.20618,1.20622,1.20572,1.20582,47
2005-06-23 15:35:00,1.20608,1.20618,1.20608,1.20608,45
2005-06-23 15:36:00,1.20638,1.20638,1.20598,1.20608,52
2005-06-23 15:37:00,1.20608,1.20628,1.20608,1.20628,49
2005-06-23 15:38:00,1.20568,1.20608,1.20558,1.20608,48
2005-06-23 15:39:00,1.20594,1.20604,1.20568,1.20568,49
2005-06-23 15:40:00,1.20588,1.20588,1.20578,1.20588,37
2005-06-23 15:41:00,1.20578,1.20588,1.20568,1.20588,42
2005-06-23 15:42:00,1.20568,1.20588,1.20568,1.20578,36
2005-06-23 15:43:00,1.20554,1.20594,1.20544,1.20568,45
2005-06-23 15:44:00,1.20474,1.20554,1.20474,1.20554,59
2005-06-23 15:45:00,1.20548,1.20548,1.20474,1.20474,54
2005-06-23 15:46:00,1.20544,1.20558,1.20528,1.20548,41
2005-06-23 15:47:00,1.20564,1.20564,1.20544,1.20544,42
2005-06-23 15:48:00,1.20574,1.20574,1.20564,1.20564,30
2005-06-23 15:49:00,1.20548,1.20594,1.20548,1.20574,41
2005-06-23 15:50:00,1.20568,1.20588,1.20548,1.20548,48
2005-06-23 15:51:00,1.20558,1.20568,1.20548,1.20568,31
2005-06-23 15:52:00,1.20538,1.20568,1.20538,1.20568,35
2005-06-23 15:53:00,1.20538,1.20558,1.20528,1.20538,50
2005-06-23 15:54:00,1.20528,1.20548,1.20528,1.20538,41
2005-06-23 15:55:00,1.20498,1.20538,1.20498,1.20538,44
2005-06-23 15:56:00,1.20508,1.20508,1.20488,1.20498,40
2005-06-23 15:57:00,1.20538,1.20548,1.20508,1.20508,42
2005-06-23 15:58:00,1.20528,1.20548,1.20528,1.20538,40
2005-06-23 15:59:00,1.20538,1.20548,1.20518,1.20518,49
2005-06-23 16:00:00,1.20548,1.20548,1.20528,1.20538,39
2005-06-23 16:01:00,1.20578,1.20588,1.20558,1.20558,40
2005-06-23 16:02:00,1.20568,1.20588,1.20568,1.20578,39
2005-06-23 16:03:00,1.20568,1.20578,1.20568,1.20568,29
2005-06-23 16:04:00,1.20568,1.20568,1.20558,1.20568,9
2005-06-23 16:05:00,1.20558,1.20568,1.20558,1.20558,30
2005-06-23 16:06:00,1.20568,1.20568,1.20558,1.20558,27
2005-06-23 16:07:00,1.20578,1.20578,1.20568,1.20568,49
2005-06-23 16:08:00,1.20578,1.20588,1.20568,1.20578,41
2005-06-23 16:09:00,1.20568,1.20578,1.20558,1.20578,47
2005-06-23 16:10:00,1.20548,1.20568,1.20548,1.20568,34
2005-06-23 16:11:00,1.20568,1.20578,1.20548,1.20548,44
2005-06-23 16:12:00,1.20548,1.20568,1.20548,1.20568,29
2005-06-23 16:13:00,1.20568,1.20568,1.20538,1.20548,36
2005-06-23 16:14:00,1.20548,1.20568,1.20548,1.20568,32
2005-06-23 16:15:00,1.20548,1.20568,1.20548,1.20548,38
2005-06-23 16:16:00,1.20538,1.20548,1.20528,1.20548,30
2005-06-23 16:17:00,1.20538,1.20538,1.20538,1.20538,5
2005-06-23 16:18:00,1.20538,1.20538,1.20538,1.20538,12
2005-06-23 16:19:00,1.20528,1.20538,1.20528,1.20538,22
2005-06-23 16:20:00,1.20488,1.20528,1.20488,1.20528,44
2005-06-23 16:21:00,1.20488,1.20508,1.20478,1.20498,55
2005-06-23 16:22:00,1.20478,1.20488,1.20458,1.20488,52
2005-06-23 16:23:00,1.20478,1.20508,1.20468,1.20488,56
2005-06-23 16:24:00,1.20488,1.20498,1.20468,1.20468,38
2005-06-23 16:25:00,1.20538,1.20538,1.20478,1.20488,58
2005-06-23 16:26:00,1.20538,1.20548,1.20528,1.20538,47
2005-06-23 16:27:00,1.20518,1.20538,1.20518,1.20538,43
2005-06-23 16:28:00,1.20498,1.20518,1.20498,1.20518,20
2005-06-23 16:29:00,1.20488,1.20508,1.20488,1.20498,46
2005-06-23 16:30:00,1.20488,1.20488,1.20478,1.20488,34
2005-06-23 16:31:00,1.20478,1.20498,1.20478,1.20478,43
2005-06-23 16:32:00,1.20474,1.20488,1.20458,1.20488,54
2005-06-23 16:33:00,1.20484,1.20484,1.20474,1.20474,25
2005-06-23 16:34:00,1.20484,1.20484,1.20474,1.20484,30
2005-06-23 16:35:00,1.20484,1.20494,1.20484,1.20484,44
2005-06-23 16:36:00,1.20434,1.20494,1.20434,1.20484,45
2005-06-23 16:37:00,1.20448,1.20458,1.20434,1.20434,42
2005-06-23 16:38:00,1.20438,1.20458,1.20438,1.20448,53
2005-06-23 16:39:00,1.20468,1.20468,1.20438,1.20448,38
2005-06-23 16:40:00,1.20458,1.20468,1.20458,1.20468,44
2005-06-23 16:41:00,1.20488,1.20488,1.20458,1.20458,39
2005-06-23 16:42:00,1.20478,1.20488,1.20468,1.20488,36
2005-06-23 16:43:00,1.20488,1.20488,1.20478,1.20478,34
2005-06-23 16:44:00,1.20488,1.20488,1.20478,1.20488,26
2005-06-23 16:45:00,1.20478,1.20488,1.20478,1.20488,25
2005-06-23 16:46:00,1.20478,1.20488,1.20478,1.20478,27
2005-06-23 16:47:00,1.20468,1.20478,1.20468,1.20478,35
2005-06-23 16:48:00,1.20458,1.20468,1.20458,1.20468,23
2005-06-23 16:49:00,1.20468,1.20468,1.20458,1.20458,23
2005-06-23 16:50:00,1.20468,1.20468,1.20468,1.20468,10
2005-06-23 16:51:00,1.20488,1.20488,1.20468,1.20468,27
2005-06-23 16:52:00,1.20478,1.20488,1.20478,1.20488,22
2005-06-23 16:53:00,1.20478,1.20478,1.20478,1.20478,12
2005-06-23 16:54:00,1.20478,1.20488,1.20478,1.20478,38
2005-06-23 16:55:00,1.20468,1.20478,1.20468,1.20478,21
2005-06-23 16:56:00,1.20478,1.20478,1.20468,1.20468,9
2005-06-23 16:57:00,1.20478,1.20488,1.20478,1.20478,22
2005-06-23 16:58:00,1.20478,1.20478,1.20478,1.20478,33
2005-06-23 16:59:00,1.20488,1.20488,1.20478,1.20478,24
2005-06-23 17:00:00,1.20488,1.20488,1.20478,1.20478,36
2005-06-23 17:01:00,1.20488,1.20488,1.20488,1.20488,23
2005-06-23 17:02:00,1.20488,1.20498,1.20478,1.20488,27
2005-06-23 17:03:00,1.20478,1.20488,1.20478,1.20488,24
2005-06-23 17:04:00,1.20468,1.20478,1.20458,1.20478,26
2005-06-23 17:05:00,1.20458,1.20468,1.20458,1.20458,33
2005-06-23 17:06:00,1.20348,1.20458,1.20348,1.20458,41
2005-06-23 17:07:00,1.20398,1.20398,1.20348,1.20358,52
2005-06-23 17:08:00,1.20378,1.20408,1.20368,1.20398,54
2005-06-23 17:09:00,1.20358,1.20388,1.20358,1.20378,41
2005-06-23 17:10:00,1.20308,1.20368,1.20298,1.20358,64
2005-06-23 17:11:00,1.20358,1.20368,1.20308,1.20308,56
2005-06-23 17:12:00,1.20368,1.20378,1.20358,1.20358,36
2005-06-23 17:13:00,1.20378,1.20378,1.20368,1.20368,23
2005-06-23 17:14:00,1.20388,1.20388,1.20368,1.20378,31
2005-06-23 17:15:00,1.20388,1.20388,1.20378,1.20388,32
2005-06-23 17:16:00,1.20388,1.20398,1.20388,1.20388,30
2005-06-23 17:17:00,1.20398,1.20398,1.20378,1.20388,39
2005-06-23 17:18:00,1.20418,1.20418,1.20398,1.20398,37
2005-06-23 17:19:00,1.20438,1.20438,1.20418,1.20418,39
2005-06-23 17:20:00,1.20478,1.20478,1.20438,1.20438,44
2005-06-23 17:21:00,1.20488,1.20488,1.20478,1.20478,47
2005-06-23 17:22:00,1.20448,1.20488,1.20448,1.20488,39
2005-06-23 17:23:00,1.20428,1.20458,1.20428,1.20448,35
2005-06-23 17:24:00,1.20428,1.20438,1.20428,1.20428,45
2005-06-23 17:25:00,1.20428,1.20438,1.20408,1.20428,44
2005-06-23 17:26:00,1.20448,1.20448,1.20428,1.20428,48
2005-06-23 17:27:00,1.20448,1.20458,1.20438,1.20448,45
2005-06-23 17:28:00,1.20478,1.20478,1.20448,1.20448,45
2005-06-23 17:29:00,1.20454,1.20484,1.20454,1.20468,52
2005-06-23 17:30:00,1.20444,1.20454,1.20444,1.20454,34
2005-06-23 17:31:00,1.20444,1.20444,1.20434,1.20444,42
2005-06-23 17:32:00,1.20408,1.20444,1.20398,1.20444,46
2005-06-23 17:33:00,1.20438,1.20438,1.20418,1.20418,36
2005-06-23 17:34:00,1.20428,1.20438,1.20428,1.20428,26
2005-06-23 17:35:00,1.20418,1.20428,1.20418,1.20428,19
2005-06-23 17:36:00,1.20428,1.20428,1.20418,1.20418,31
2005-06-23 17:37:00,1.20418,1.20428,1.20398,1.20428,40
2005-06-23 17:38:00,1.20428,1.20428,1.20418,1.20418,25
2005-06-23 17:39:00,1.20418,1.20428,1.20418,1.20428,18
2005-06-23 17:40:00,1.20418,1.20418,1.20418,1.20418,24
2005-06-23 17:41:00,1.20448,1.20448,1.20418,1.20418,33
2005-06-23 17:42:00,1.20468,1.20468,1.20448,1.20448,49
2005-06-23 17:43:00,1.20478,1.20478,1.20468,1.20468,32
2005-06-23 17:44:00,1.20478,1.20488,1.20478,1.20478,43
2005-06-23 17:45:00,1.20488,1.20488,1.20468,1.20478,38
2005-06-23 17:46:00,1.20458,1.20498,1.20458,1.20488,50
2005-06-23 17:47:00,1.20458,1.20458,1.20448,1.20458,36
2005-06-23 17:48:00,1.20458,1.20458,1.20448,1.20458,32
2005-06-23 17:49:00,1.20478,1.20478,1.20458,1.20458,34
2005-06-23 17:50:00,1.20478,1.20488,1.20478,1.20478,32
2005-06-23 17:51:00,1.20458,1.20478,1.20458,1.20478,30
2005-06-23 17:52:00,1.20458,1.20468,1.20458,1.20468,34
2005-06-23 17:53:00,1.20468,1.20468,1.20458,1.20458,29
2005-06-23 17:54:00,1.20448,1.20468,1.20448,1.20468,25
2005-06-23 17:55:00,1.20438,1.20448,1.20438,1.20448,31
2005-06-23 17:56:00,1.20438,1.20448,1.20438,1.20438,19
2005-06-23 17:57:00,1.20438,1.20438,1.20438,1.20438,35
2005-06-23 17:58:00,1.20448,1.20448,1.20438,1.20438,38
2005-06-23 17:59:00,1.20458,1.20458,1.20448,1.20448,33
2005-06-23 18:00:00,1.20458,1.20468,1.20458,1.20458,18
2005-06-23 18:01:00,1.20458,1.20458,1.20458,1.20458,17
2005-06-23 18:02:00,1.20458,1.20468,1.20458,1.20458,26
2005-06-23 18:03:00,1.20378,1.20458,1.20368,1.20448,48
2005-06-23 18:04:00,1.20378,1.20388,1.20358,1.20378,54
2005-06-23 18:05:00,1.20368,1.20378,1.20338,1.20378,35
2005-06-23 18:06:00,1.20378,1.20398,1.20358,1.20368,55
2005-06-23 18:07:00,1.20378,1.20388,1.20368,1.20378,42
2005-06-23 18:08:00,1.20358,1.20378,1.20358,1.20378,40
2005-06-23 18:09:00,1.20348,1.20368,1.20348,1.20358,42
2005-06-23 18:10:00,1.20348,1.20358,1.20338,1.20348,49
2005-06-23 18:11:00,1.20348,1.20358,1.20348,1.20348,33
2005-06-23 18:12:00,1.20328,1.20358,1.20328,1.20358,34
2005-06-23 18:13:00,1.20338,1.20348,1.20318,1.20328,55
2005-06-23 18:14:00,1.20368,1.20378,1.20338,1.20338,35
2005-06-23 18:15:00,1.20368,1.20378,1.20358,1.20358,28
2005-06-23 18:16:00,1.20378,1.20378,1.20358,1.20368,30
2005-06-23 18:17:00,1.20388,1.20388,1.20368,1.20378,37
2005-06-23 18:18:00,1.20378,1.20388,1.20378,1.20388,31
2005-06-23 18:19:00,1.20328,1.20388,1.20318,1.20378,37
2005-06-23 18:20:00,1.20318,1.20328,1.20298,1.20328,52
2005-06-23 18:21:00,1.20318,1.20318,1.20308,1.20318,38
2005-06-23 18:22:00,1.20318,1.20318,1.20308,1.20318,41
2005-06-23 18:23:00,1.20328,1.20328,1.20308,1.20318,27
2005-06-23 18:24:00,1.20338,1.20338,1.20328,1.20328,14
2005-06-23 18:25:00,1.20338,1.20348,1.20328,1.20338,34
2005-06-23 18:26:00,1.20338,1.20348,1.20338,1.20338,25
2005-06-23 18:27:00,1.20338,1.20338,1.20318,1.20338,30
2005-06-23 18:28:00,1.20338,1.20338,1.20338,1.20338,18
2005-06-23 18:29:00,1.20348,1.20348,1.20328,1.20338,33
2005-06-23 18:30:00,1.20348,1.20348,1.20348,1.20348,7
2005-06-23 18:31:00,1.20338,1.20358,1.20338,1.20348,40
2005-06-23 18:32:00,1.20338,1.20348,1.20338,1.20338,27
2005-06-23 18:33:00,1.20338,1.20338,1.20318,1.20338,35
2005-06-23 18:34:00,1.20318,1.20338,1.20318,1.20338,32
2005-06-23 18:35:00,1.20318,1.20328,1.20318,1.20318,53
2005-06-23 18:36:00,1.20328,1.20338,1.20318,1.20318,30
2005-06-23 18:37:00,1.20338,1.20338,1.20328,1.20328,17
2005-06-23 18:38:00,1.20318,1.20338,1.20318,1.20338,47
2005-06-23 18:39:00,1.20318,1.20328,1.20308,1.20328,45
2005-06-23 18:40:00,1.20318,1.20338,1.20318,1.20318,59
2005-06-23 18:41:00,1.20298,1.20318,1.20298,1.20318,43
2005-06-23 18:42:00,1.20298,1.20318,1.20298,1.20298,50
2005-06-23 18:43:00,1.20298,1.20318,1.20298,1.20298,38
2005-06-23 18:44:00,1.20268,1.20298,1.20268,1.20298,49
2005-06-23 18:45:00,1.20268,1.20278,1.20268,1.20268,25
2005-06-23 18:46:00,1.20278,1.20278,1.20268,1.20268,29
2005-06-23 18:47:00,1.20228,1.20288,1.20188,1.20268,58
2005-06-23 18:48:00,1.20238,1.20238,1.20188,1.20228,56
2005-06-23 18:49:00,1.20264,1.20288,1.20248,1.20248,54
2005-06-23 18:50:00,1.20366,1.20366,1.20264,1.20264,54
2005-06-23 18:51:00,1.20304,1.20366,1.20294,1.20366,61
2005-06-23 18:52:00,1.20268,1.20304,1.20244,1.20304,55
2005-06-23 18:53:00,1.20268,1.20298,1.20258,1.20268,56
2005-06-23 18:54:00,1.20272,1.20288,1.20268,1.20278,44
2005-06-23 18:55:00,1.20262,1.20272,1.20262,1.20272,27
2005-06-23 18:56:00,1.20262,1.20272,1.20242,1.20262,52
2005-06-23 18:57:00,1.20252,1.20262,1.20242,1.20252,29
2005-06-23 18:58:00,1.20222,1.20252,1.20202,1.20252,39
2005-06-23 18:59:00,1.20254,1.20264,1.20212,1.20222,49
2005-06-23 19:00:00,1.20264,1.20274,1.20254,1.20264,44
2005-06-23 19:01:00,1.20278,1.20284,1.20264,1.20264,38
2005-06-23 19:02:00,1.20328,1.20328,1.20278,1.20278,38
2005-06-23 19:03:00,1.20314,1.20328,1.20288,1.20328,42
2005-06-23 19:04:00,1.20312,1.20322,1.20292,1.20314,43
2005-06-23 19:05:00,1.20312,1.20332,1.20312,1.20312,41
2005-06-23 19:06:00,1.20302,1.20312,1.20292,1.20312,36
2005-06-23 19:07:00,1.20292,1.20302,1.20292,1.20302,34
2005-06-23 19:08:00,1.20302,1.20302,1.20292,1.20292,30
2005-06-23 19:09:00,1.20322,1.20322,1.20302,1.20302,29
2005-06-23 19:10:00,1.20322,1.20332,1.20312,1.20322,35
2005-06-23 19:11:00,1.20322,1.20322,1.20312,1.20322,28
2005-06-23 19:12:00,1.20372,1.20382,1.20322,1.20322,55
2005-06-23 19:13:00,1.20382,1.20392,1.20362,1.20372,35
2005-06-23 19:14:00,1.20352,1.20372,1.20352,1.20372,38
2005-06-23 19:15:00,1.20352,1.20362,1.20342,1.20352,30
2005-06-23 19:16:00,1.20352,1.20352,1.20352,1.20352,29
2005-06-23 19:17:00,1.20362,1.20362,1.20352,1.20352,41
2005-06-23 19:18:00,1.20332,1.20362,1.20332,1.20362,29
2005-06-23 19:19:00,1.20332,1.20332,1.20332,1.20332,11
2005-06-23 19:20:00,1.20352,1.20352,1.20332,1.20332,27
2005-06-23 19:21:00,1.20352,1.20362,1.20352,1.20352,21
2005-06-23 19:22:00,1.20332,1.20352,1.20332,1.20352,17
2005-06-23 19:23:00,1.20332,1.20342,1.20332,1.20332,36
2005-06-23 19:24:00,1.20322,1.20322,1.20312,1.20322,28
2005-06-23 19:25:00,1.20312,1.20322,1.20312,1.20312,22
2005-06-23 19:26:00,1.20332,1.20332,1.20312,1.20312,28
2005-06-23 19:27:00,1.20312,1.20332,1.20302,1.20332,23
2005-06-23 19:28:00,1.20312,1.20322,1.20312,1.20312,23
2005-06-23 19:29:00,1.20332,1.20332,1.20312,1.20312,40
2005-06-23 19:30:00,1.20312,1.20322,1.20312,1.20322,24
2005-06-23 19:31:00,1.20312,1.20322,1.20312,1.20312,30
2005-06-23 19:32:00,1.20312,1.20312,1.20312,1.20312,13
2005-06-23 19:33:00,1.20312,1.20322,1.20312,1.20312,20
2005-06-23 19:34:00,1.20322,1.20322,1.20312,1.20312,38
2005-06-23 19:35:00,1.20342,1.20342,1.20322,1.20322,25
2005-06-23 19:36:00,1.20332,1.20342,1.20332,1.20342,17
2005-06-23 19:37:00,1.20342,1.20352,1.20332,1.20332,34
2005-06-23 19:38:00,1.20362,1.20362,1.20342,1.20342,23
2005-06-23 19:39:00,1.20372,1.20372,1.20352,1.20362,51
2005-06-23 19:40:00,1.20382,1.20382,1.20372,1.20372,17
2005-06-23 19:41:00,1.20392,1.20392,1.20382,1.20382,14
2005-06-23 19:42:00,1.20372,1.20392,1.20372,1.20392,29
2005-06-23 19:43:00,1.20372,1.20382,1.20372,1.20372,18
2005-06-23 19:44:00,1.20372,1.20372,1.20372,1.20372,3
2005-06-23 19:45:00,1.20372,1.20372,1.20372,1.20372,8
2005-06-23 19:46:00,1.20382,1.20392,1.20372,1.20372,32
2005-06-23 19:47:00,1.20392,1.20402,1.20372,1.20382,43
2005-06-23 19:48:00,1.20382,1.20392,1.20382,1.20392,23
2005-06-23 19:49:00,1.20392,1.20392,1.20382,1.20382,10
2005-06-23 19:50:00,1.20382,1.20392,1.20382,1.20392,21
2005-06-23 19:51:00,1.20392,1.20402,1.20382,1.20382,25
2005-06-23 19:52:00,1.20392,1.20402,1.20392,1.20392,20
2005-06-23 19:53:00,1.20392,1.20392,1.20392,1.20392,5
2005-06-23 19:54:00,1.20412,1.20412,1.20392,1.20392,11
2005-06-23 19:55:00,1.20412,1.20412,1.20402,1.20402,25
2005-06-23 19:56:00,1.20422,1.20422,1.20412,1.20412,31
2005-06-23 19:57:00,1.20412,1.20422,1.20412,1.20412,23
2005-06-23 19:58:00,1.20422,1.20422,1.20412,1.20412,16
2005-06-23 19:59:00,1.20412,1.20422,1.20412,1.20422,25
2005-06-23 20:00:00,1.20412,1.20412,1.20412,1.20412,27
2005-06-23 20:01:00,1.20412,1.20422,1.20412,1.20412,8
2005-06-23 20:02:00,1.20402,1.20412,1.20402,1.20412,4
2005-06-23 20:03:00,1.20402,1.20402,1.20392,1.20402,6
2005-06-23 20:04:00,1.20402,1.20402,1.20402,1.20402,2
2005-06-23 20:05:00,1.20392,1.20392,1.20392,1.20392,2
2005-06-23 20:06:00,1.20402,1.20402,1.20392,1.20392,4
2005-06-23 20:07:00,1.20392,1.20392,1.20392,1.20392,3
2005-06-23 20:08:00,1.20402,1.20402,1.20382,1.20392,7
2005-06-23 20:09:00,1.20412,1.20412,1.20402,1.20402,3
2005-06-23 20:10:00,1.20392,1.20412,1.20392,1.20412,6
2005-06-23 20:11:00,1.20412,1.20412,1.20402,1.20402,7
2005-06-23 20:12:00,1.20402,1.20412,1.20402,1.20412,3
2005-06-23 20:13:00,1.20412,1.20412,1.20402,1.20402,4
2005-06-23 20:14:00,1.20412,1.20412,1.20412,1.20412,6
2005-06-23 20:15:00,1.20402,1.20412,1.20392,1.20412,13
2005-06-23 20:16:00,1.20402,1.20402,1.20392,1.20402,5
2005-06-23 20:17:00,1.20402,1.20412,1.20402,1.20412,7
2005-06-23 20:18:00,1.20402,1.20412,1.20402,1.20402,4
2005-06-23 20:19:00,1.20392,1.20402,1.20392,1.20402,6
2005-06-23 20:20:00,1.20392,1.20392,1.20382,1.20382,4
2005-06-23 20:21:00,1.20382,1.20392,1.20382,1.20392,4
2005-06-23 20:22:00,1.20382,1.20392,1.20382,1.20382,4
2005-06-23 20:23:00,1.20382,1.20382,1.20382,1.20382,2
2005-06-23 20:24:00,1.20382,1.20382,1.20382,1.20382,3
2005-06-23 20:25:00,1.20382,1.20382,1.20382,1.20382,2
2005-06-23 20:26:00,1.20392,1.20392,1.20382,1.20382,5
2005-06-23 20:27:00,1.20402,1.20402,1.20392,1.20392,8
2005-06-23 20:28:00,1.20402,1.20402,1.20402,1.20402,2
2005-06-23 20:29:00,1.20402,1.20412,1.20402,1.20402,7
2005-06-23 20:30:00,1.20402,1.20402,1.20402,1.20402,3
2005-06-23 20:31:00,1.20402,1.20412,1.20402,1.20402,6
2005-06-23 20:32:00,1.20412,1.20412,1.20402,1.20402,7
2005-06-23 20:33:00,1.20412,1.20412,1.20402,1.20402,6
2005-06-23 20:34:00,1.20382,1.20402,1.20382,1.20402,12
2005-06-23 20:35:00,1.20392,1.20402,1.20392,1.20392,8
2005-06-23 20:36:00,1.20392,1.20392,1.20392,1.20392,2
2005-06-23 20:37:00,1.20402,1.20402,1.20392,1.20392,7
2005-06-23 20:38:00,1.20402,1.20412,1.20402,1.20402,4
2005-06-23 20:39:00,1.20402,1.20402,1.20402,1.20402,2
2005-06-23 20:40:00,1.20402,1.20402,1.20392,1.20402,7
2005-06-23 20:41:00,1.20402,1.20402,1.20402,1.20402,4
2005-06-23 20:42:00,1.20412,1.20412,1.20402,1.20402,4
2005-06-23 20:43:00,1.20412,1.20412,1.20412,1.20412,6
2005-06-23 20:44:00,1.20412,1.20412,1.20412,1.20412,2
2005-06-23 20:45:00,1.20412,1.20412,1.20412,1.20412,4
2005-06-23 20:46:00,1.20422,1.20422,1.20422,1.20422,3
2005-06-23 20:47:00,1.20442,1.20442,1.20422,1.20422,7
2005-06-23 20:48:00,1.20432,1.20442,1.20422,1.20442,5
2005-06-23 20:49:00,1.20432,1.20432,1.20422,1.20422,6
2005-06-23 20:50:00,1.20432,1.20432,1.20432,1.20432,3
2005-06-23 20:51:00,1.20422,1.20432,1.20422,1.20432,4
2005-06-23 20:52:00,1.20432,1.20432,1.20422,1.20422,5
2005-06-23 20:53:00,1.20432,1.20432,1.20422,1.20422,6
2005-06-23 20:54:00,1.20432,1.20432,1.20422,1.20422,3
2005-06-23 20:55:00,1.20442,1.20442,1.20432,1.20432,4
2005-06-23 20:56:00,1.20432,1.20442,1.20432,1.20442,4
2005-06-23 20:57:00,1.20432,1.20432,1.20432,1.20432,1
2005-06-23 20:58:00,1.20432,1.20432,1.20432,1.20432,4
2005-06-23 20:59:00,1.20382,1.20432,1.20382,1.20432,16
2005-06-23 21:00:00,1.20372,1.20382,1.20372,1.20382,6
2005-06-23 21:01:00,1.20372,1.20372,1.20372,1.20372,4
2005-06-23 21:02:00,1.20362,1.20372,1.20362,1.20372,4
2005-06-23 21:03:00,1.20342,1.20362,1.20332,1.20362,9
2005-06-23 21:04:00,1.20332,1.20342,1.20312,1.20332,14
2005-06-23 21:05:00,1.20322,1.20342,1.20322,1.20322,13
2005-06-23 21:06:00,1.20332,1.20332,1.20332,1.20332,5
2005-06-23 21:07:00,1.20352,1.20352,1.20332,1.20332,5
2005-06-23 21:08:00,1.20362,1.20362,1.20352,1.20362,5
2005-06-23 21:09:00,1.20362,1.20362,1.20342,1.20352,7
2005-06-23 21:10:00,1.20362,1.20362,1.20362,1.20362,6
2005-06-23 21:11:00,1.20372,1.20372,1.20362,1.20362,4
2005-06-23 21:12:00,1.20372,1.20372,1.20352,1.20362,6
2005-06-23 21:13:00,1.20372,1.20392,1.20352,1.20352,12
2005-06-23 21:14:00,1.20372,1.20372,1.20372,1.20372,5
2005-06-23 21:15:00,1.20382,1.20382,1.20372,1.20372,5
2005-06-23 21:16:00,1.20392,1.20392,1.20362,1.20382,12
2005-06-23 21:17:00,1.20372,1.20392,1.20372,1.20382,9
2005-06-23 21:18:00,1.20352,1.20382,1.20352,1.20362,14
2005-06-23 21:19:00,1.20352,1.20362,1.20352,1.20352,4
2005-06-23 21:20:00,1.20352,1.20352,1.20352,1.20352,2
2005-06-23 21:21:00,1.20352,1.20352,1.20332,1.20352,11
2005-06-23 21:22:00,1.20342,1.20362,1.20342,1.20362,8
2005-06-23 21:23:00,1.20342,1.20342,1.20342,1.20342,2
2005-06-23 21:24:00,1.20352,1.20352,1.20342,1.20352,7
2005-06-23 21:25:00,1.20352,1.20352,1.20352,1.20352,5
2005-06-23 21:26:00,1.20342,1.20352,1.20342,1.20352,7
2005-06-23 21:27:00,1.20352,1.20352,1.20342,1.20342,7
2005-06-23 21:28:00,1.20342,1.20352,1.20342,1.20342,5
2005-06-23 21:29:00,1.20322,1.20342,1.20322,1.20342,7
2005-06-23 21:30:00,1.20322,1.20332,1.20322,1.20332,5
2005-06-23 21:31:00,1.20322,1.20322,1.20322,1.20322,3
2005-06-23 21:32:00,1.20332,1.20332,1.20322,1.20322,7
2005-06-23 21:33:00,1.20352,1.20362,1.20332,1.20342,7
2005-06-23 21:34:00,1.20342,1.20352,1.20332,1.20342,10
2005-06-23 21:35:00,1.20342,1.20342,1.20342,1.20342,3
2005-06-23 21:36:00,1.20332,1.20352,1.20332,1.20342,5
2005-06-23 21:37:00,1.20342,1.20352,1.20342,1.20342,7
2005-06-23 21:38:00,1.20352,1.20352,1.20332,1.20332,9
2005-06-23 21:39:00,1.20342,1.20342,1.20342,1.20342,4
2005-06-23 21:40:00,1.20322,1.20352,1.20322,1.20352,6
2005-06-23 21:41:00,1.20312,1.20332,1.20312,1.20322,10
2005-06-23 21:42:00,1.20302,1.20312,1.20302,1.20312,4
2005-06-23 21:43:00,1.20292,1.20302,1.20282,1.20302,8
2005-06-23 21:44:00,1.2029,1.20292,1.20282,1.20282,5
2005-06-23 21:45:00,1.2029,1.203,1.2029,1.203,5
2005-06-23 21:46:00,1.2029,1.2029,1.2028,1.2029,9
2005-06-23 21:47:00,1.2029,1.2029,1.2028,1.2029,4
2005-06-23 21:48:00,1.2028,1.2028,1.2028,1.2028,4
2005-06-23 21:49:00,1.2027,1.2028,1.2026,1.2027,15
2005-06-23 21:50:00,1.2026,1.2028,1.2026,1.2027,8
2005-06-23 21:51:00,1.2027,1.2027,1.2024,1.2026,10
2005-06-23 21:52:00,1.2025,1.2026,1.2025,1.2026,10
2005-06-23 21:53:00,1.2027,1.2027,1.2025,1.2025,4
2005-06-23 21:54:00,1.2028,1.2028,1.2026,1.2026,13
2005-06-23 21:55:00,1.2028,1.2028,1.2028,1.2028,1
2005-06-23 21:56:00,1.2031,1.2031,1.2028,1.2028,8
2005-06-23 21:57:00,1.203,1.2031,1.203,1.2031,5
2005-06-23 21:58:00,1.203,1.203,1.203,1.203,2
2005-06-23 21:59:00,1.203,1.203,1.203,1.203,2
2005-06-23 22:00:00,1.2031,1.2032,1.203,1.203,6
2005-06-23 22:01:00,1.2029,1.2031,1.2029,1.2031,7
2005-06-23 22:02:00,1.2029,1.2031,1.2029,1.2029,8
2005-06-23 22:03:00,1.2029,1.203,1.2029,1.2029,4
2005-06-23 22:04:00,1.2029,1.2029,1.2029,1.2029,4
2005-06-23 22:05:00,1.2027,1.2028,1.2027,1.2028,9
2005-06-23 22:06:00,1.2027,1.2027,1.2026,1.2027,6
2005-06-23 22:07:00,1.2025,1.2027,1.2025,1.2027,7
2005-06-23 22:08:00,1.2025,1.2026,1.2025,1.2026,7
2005-06-23 22:09:00,1.2025,1.2025,1.2025,1.2025,4
2005-06-23 22:10:00,1.2026,1.2026,1.2025,1.2025,5
2005-06-23 22:11:00,1.2026,1.2026,1.2025,1.2026,3
2005-06-23 22:12:00,1.2026,1.2026,1.2026,1.2026,2
2005-06-23 22:13:00,1.2025,1.2026,1.2025,1.2026,5
2005-06-23 22:14:00,1.2024,1.2026,1.2024,1.2025,4
2005-06-23 22:15:00,1.2024,1.2025,1.2024,1.2025,6
2005-06-23 22:16:00,1.2024,1.2025,1.2024,1.2025,4
2005-06-23 22:17:00,1.2024,1.2024,1.2024,1.2024,2
2005-06-23 22:18:00,1.2024,1.2024,1.2024,1.2024,2
2005-06-23 22:19:00,1.2025,1.2025,1.2024,1.2024,3
2005-06-23 22:20:00,1.2025,1.2026,1.2025,1.2025,6
2005-06-23 22:21:00,1.2025,1.2025,1.2025,1.2025,4
2005-06-23 22:22:00,1.2025,1.2025,1.2025,1.2025,2
2005-06-23 22:23:00,1.2025,1.2025,1.2024,1.2024,7
2005-06-23 22:24:00,1.2023,1.2025,1.2022,1.2024,15
2005-06-23 22:25:00,1.2023,1.2024,1.2023,1.2023,5
2005-06-23 22:26:00,1.2023,1.2024,1.2023,1.2023,3
2005-06-23 22:27:00,1.2022,1.2023,1.2022,1.2023,5
2005-06-23 22:28:00,1.2023,1.2023,1.2022,1.2022,11
2005-06-23 22:29:00,1.2022,1.2023,1.2022,1.2023,5
2005-06-23 22:30:00,1.2021,1.2023,1.2021,1.2022,6
2005-06-23 22:31:00,1.2024,1.2024,1.2021,1.2021,16
2005-06-23 22:32:00,1.2023,1.2024,1.2022,1.2023,14
2005-06-23 22:33:00,1.2024,1.2024,1.2024,1.2024,3
2005-06-23 22:34:00,1.2025,1.2025,1.2022,1.2024,16
2005-06-23 22:35:00,1.2026,1.2026,1.2024,1.2025,8
2005-06-23 22:36:00,1.2025,1.2026,1.2025,1.2025,6
2005-06-23 22:37:00,1.2026,1.2026,1.2025,1.2026,7
2005-06-23 22:38:00,1.2026,1.2026,1.2026,1.2026,2
2005-06-23 22:39:00,1.2027,1.2027,1.2026,1.2027,10
2005-06-23 22:40:00,1.2027,1.2027,1.2026,1.2026,4
2005-06-23 22:41:00,1.2028,1.2029,1.2027,1.2027,9
2005-06-23 22:42:00,1.2028,1.2028,1.2027,1.2027,3
2005-06-23 22:43:00,1.2026,1.2028,1.2026,1.2028,5
2005-06-23 22:44:00,1.20276,1.20276,1.2026,1.2026,4
2005-06-23 22:45:00,1.20256,1.20276,1.20256,1.20276,7
2005-06-23 22:46:00,1.20256,1.20256,1.20246,1.20256,5
2005-06-23 22:47:00,1.20246,1.20266,1.20236,1.20246,11
2005-06-23 22:48:00,1.20236,1.20246,1.20236,1.20246,10
2005-06-23 22:49:00,1.20246,1.20246,1.20236,1.20236,3
2005-06-23 22:50:00,1.20256,1.20256,1.20246,1.20246,4
2005-06-23 22:51:00,1.20256,1.20256,1.20246,1.20246,4
2005-06-23 22:52:00,1.20256,1.20256,1.20256,1.20256,5
2005-06-23 22:53:00,1.20286,1.20286,1.20266,1.20266,7
2005-06-23 22:54:00,1.20296,1.20296,1.20276,1.20296,16
2005-06-23 22:55:00,1.2029,1.2031,1.2029,1.203,11
2005-06-23 22:56:00,1.2029,1.2029,1.2029,1.2029,4
2005-06-23 22:57:00,1.20276,1.20286,1.20276,1.20286,5
2005-06-23 22:58:00,1.20286,1.20296,1.20276,1.20276,9
2005-06-23 22:59:00,1.20276,1.20296,1.20276,1.20286,8
2005-06-23 23:00:00,1.20296,1.20296,1.20276,1.20276,7
2005-06-23 23:01:00,1.20296,1.20306,1.20296,1.20296,4
2005-06-23 23:02:00,1.20316,1.20316,1.20296,1.20296,4
2005-06-23 23:03:00,1.20326,1.20326,1.20316,1.20316,6
2005-06-23 23:04:00,1.20316,1.2034,1.203,1.2032,18
2005-06-23 23:05:00,1.20256,1.20306,1.20256,1.20306,19
2005-06-23 23:06:00,1.20256,1.20266,1.20236,1.20246,12
2005-06-23 23:07:00,1.20266,1.20266,1.20256,1.20266,8
2005-06-23 23:08:00,1.20236,1.20266,1.20236,1.20266,10
2005-06-23 23:09:00,1.20236,1.20246,1.20226,1.20236,14
2005-06-23 23:10:00,1.20256,1.20256,1.20226,1.20226,15
2005-06-23 23:11:00,1.20266,1.20266,1.20246,1.20256,19
2005-06-23 23:12:00,1.20256,1.20266,1.20246,1.20256,11
2005-06-23 23:13:00,1.20256,1.20256,1.20256,1.20256,3
2005-06-23 23:14:00,1.20246,1.20256,1.20236,1.20256,11
2005-06-23 23:15:00,1.20246,1.20246,1.20246,1.20246,2
2005-06-23 23:16:00,1.20256,1.20266,1.20246,1.20246,12
2005-06-23 23:17:00,1.2024,1.20266,1.2024,1.20256,9
2005-06-23 23:18:00,1.2022,1.2024,1.2022,1.2024,5
2005-06-23 23:19:00,1.2021,1.2023,1.2021,1.2022,10
2005-06-23 23:20:00,1.2019,1.2022,1.2019,1.2022,15
2005-06-23 23:21:00,1.2021,1.2021,1.2017,1.2018,17
2005-06-23 23:22:00,1.2022,1.2023,1.2022,1.2022,12
2005-06-23 23:23:00,1.2023,1.2023,1.2022,1.2023,9
2005-06-23 23:24:00,1.2023,1.2023,1.2022,1.2022,5
2005-06-23 23:25:00,1.2023,1.2024,1.2023,1.2023,4
2005-06-23 23:26:00,1.2023,1.2024,1.2022,1.2024,13
2005-06-23 23:27:00,1.2023,1.2024,1.2022,1.2022,10
2005-06-23 23:28:00,1.2023,1.2023,1.2023,1.2023,1
2005-06-23 23:29:00,1.2024,1.2025,1.2022,1.2023,18
2005-06-23 23:30:00,1.20226,1.2024,1.20216,1.2024,17
2005-06-23 23:31:00,1.20236,1.20236,1.20216,1.20226,10
2005-06-23 23:32:00,1.20218,1.20238,1.20218,1.20236,9
2005-06-23 23:33:00,1.20218,1.20218,1.20198,1.20218,7
2005-06-23 23:34:00,1.20238,1.20238,1.20198,1.20218,20
2005-06-23 23:35:00,1.2024,1.2025,1.2024,1.2024,11
2005-06-23 23:36:00,1.2023,1.2024,1.2023,1.2023,9
2005-06-23 23:37:00,1.2021,1.2022,1.202,1.2022,7
2005-06-23 23:38:00,1.2024,1.2024,1.2021,1.2021,10
2005-06-23 23:39:00,1.2023,1.2023,1.2023,1.2023,5
2005-06-23 23:40:00,1.2025,1.2026,1.2023,1.2024,18
2005-06-23 23:41:00,1.2026,1.2028,1.2026,1.2026,8
2005-06-23 23:42:00,1.2026,1.2026,1.2025,1.2025,6
2005-06-23 23:43:00,1.20276,1.20276,1.2025,1.2025,12
2005-06-23 23:44:00,1.20276,1.20296,1.20276,1.20286,6
2005-06-23 23:45:00,1.2022,1.2029,1.2022,1.20276,26
2005-06-23 23:46:00,1.2022,1.2023,1.2022,1.2022,9
2005-06-23 23:47:00,1.2025,1.2025,1.2022,1.2022,8
2005-06-23 23:48:00,1.2028,1.2028,1.2024,1.2024,11
2005-06-23 23:49:00,1.2026,1.2027,1.2026,1.2027,10
2005-06-23 23:50:00,1.2027,1.2029,1.2026,1.2026,9
2005-06-23 23:51:00,1.2027,1.2027,1.2027,1.2027,3
2005-06-23 23:52:00,1.2026,1.2027,1.2026,1.2027,3
2005-06-23 23:53:00,1.2026,1.2027,1.2026,1.2027,4
2005-06-23 23:54:00,1.2028,1.2028,1.2025,1.2026,11
2005-06-23 23:55:00,1.2027,1.2028,1.2027,1.2028,5
2005-06-23 23:56:00,1.2027,1.2027,1.2027,1.2027,1
2005-06-23 23:57:00,1.2027,1.2027,1.2027,1.2027,3
2005-06-23 23:58:00,1.2027,1.2027,1.2026,1.2026,6
2005-06-23 23:59:00,1.2026,1.2026,1.2025,1.2026,5
2005-06-24 00:00:00,1.2027,1.2027,1.2026,1.2026,3
2005-06-24 00:01:00,1.2027,1.2027,1.2026,1.2027,5
2005-06-24 00:02:00,1.2027,1.2027,1.2026,1.2027,8
2005-06-24 00:03:00,1.2027,1.2028,1.2027,1.2027,5
2005-06-24 00:04:00,1.2028,1.2028,1.2027,1.2027,5
2005-06-24 00:05:00,1.2028,1.2029,1.2028,1.2029,6
2005-06-24 00:06:00,1.2027,1.2028,1.2027,1.2028,3
2005-06-24 00:07:00,1.2027,1.2027,1.2027,1.2027,2
2005-06-24 00:08:00,1.2028,1.2028,1.2027,1.2027,3
2005-06-24 00:09:00,1.2029,1.2029,1.2028,1.2028,9
2005-06-24 00:10:00,1.2029,1.2032,1.2029,1.2029,19
2005-06-24 00:11:00,1.2029,1.2029,1.2028,1.2029,6
2005-06-24 00:12:00,1.2028,1.2029,1.2028,1.2028,7
2005-06-24 00:13:00,1.2029,1.2029,1.2028,1.2028,5
2005-06-24 00:14:00,1.2028,1.2028,1.2028,1.2028,3
2005-06-24 00:15:00,1.2028,1.2028,1.2027,1.2027,5
2005-06-24 00:16:00,1.2028,1.2028,1.2028,1.2028,2
2005-06-24 00:17:00,1.2028,1.2028,1.2028,1.2028,4
2005-06-24 00:18:00,1.2027,1.2028,1.2027,1.2028,11
2005-06-24 00:19:00,1.2025,1.2027,1.2024,1.2027,24
2005-06-24 00:20:00,1.2025,1.2026,1.2024,1.2024,9
2005-06-24 00:21:00,1.2025,1.2026,1.2025,1.2025,4
2005-06-24 00:22:00,1.2025,1.2025,1.2024,1.2025,7
2005-06-24 00:23:00,1.2025,1.2025,1.2025,1.2025,2
2005-06-24 00:24:00,1.2026,1.2026,1.2026,1.2026,5
2005-06-24 00:25:00,1.2026,1.2027,1.2026,1.2026,5
2005-06-24 00:26:00,1.2027,1.2027,1.2026,1.2027,13
2005-06-24 00:27:00,1.2027,1.2027,1.2027,1.2027,2
2005-06-24 00:28:00,1.2028,1.2029,1.2027,1.2027,7
2005-06-24 00:29:00,1.2028,1.2028,1.2028,1.2028,2
2005-06-24 00:30:00,1.2028,1.2028,1.2028,1.2028,1
2005-06-24 00:31:00,1.203,1.203,1.2027,1.2028,9
2005-06-24 00:32:00,1.2029,1.203,1.2028,1.203,10
2005-06-24 00:33:00,1.2028,1.2029,1.2028,1.2029,4
2005-06-24 00:34:00,1.2027,1.2028,1.2027,1.2028,3
2005-06-24 00:35:00,1.2027,1.2027,1.2026,1.2027,8
2005-06-24 00:36:00,1.2026,1.2027,1.2026,1.2027,6
2005-06-24 00:37:00,1.2026,1.2026,1.2026,1.2026,2
2005-06-24 00:38:00,1.20286,1.20286,1.20256,1.2026,14
2005-06-24 00:39:00,1.2028,1.2029,1.2028,1.2029,6
2005-06-24 00:40:00,1.2027,1.2029,1.2027,1.2028,5
2005-06-24 00:41:00,1.2028,1.2028,1.2027,1.2027,9
2005-06-24 00:42:00,1.2028,1.2029,1.2028,1.2028,7
2005-06-24 00:43:00,1.203,1.203,1.2029,1.2029,6
2005-06-24 00:44:00,1.203,1.2032,1.2029,1.20306,12
2005-06-24 00:45:00,1.203,1.2031,1.203,1.203,7
2005-06-24 00:46:00,1.2029,1.203,1.2029,1.203,2
2005-06-24 00:47:00,1.2027,1.2029,1.2027,1.2029,11
2005-06-24 00:48:00,1.2028,1.2028,1.2026,1.2027,6
2005-06-24 00:49:00,1.2028,1.2029,1.2027,1.2027,7
2005-06-24 00:50:00,1.2028,1.2029,1.2028,1.2028,5
2005-06-24 00:51:00,1.203,1.203,1.2028,1.2028,6
2005-06-24 00:52:00,1.2027,1.203,1.2027,1.2029,16
2005-06-24 00:53:00,1.2028,1.2028,1.2028,1.2028,4
2005-06-24 00:54:00,1.2027,1.2029,1.2027,1.2029,11
2005-06-24 00:55:00,1.2024,1.2027,1.2024,1.2026,24
2005-06-24 00:56:00,1.2024,1.2025,1.2024,1.2025,9
2005-06-24 00:57:00,1.2027,1.2027,1.2024,1.2024,13
2005-06-24 00:58:00,1.2025,1.2026,1.2024,1.2025,10
2005-06-24 00:59:00,1.2026,1.2026,1.2025,1.2025,4
2005-06-24 01:00:00,1.2026,1.2026,1.2025,1.2025,8
2005-06-24 01:01:00,1.2025,1.2026,1.2025,1.2026,5
2005-06-24 01:02:00,1.2025,1.2026,1.2025,1.2025,7
2005-06-24 01:03:00,1.2025,1.2026,1.2025,1.2025,4
2005-06-24 01:04:00,1.2026,1.2026,1.2025,1.2025,3
2005-06-24 01:05:00,1.2026,1.2026,1.2025,1.2026,4
2005-06-24 01:06:00,1.2026,1.2026,1.2025,1.2026,4
2005-06-24 01:07:00,1.2025,1.2026,1.2024,1.2026,10
2005-06-24 01:08:00,1.2025,1.2025,1.2024,1.2025,7
2005-06-24 01:09:00,1.2025,1.2025,1.2025,1.2025,2
2005-06-24 01:10:00,1.2024,1.2025,1.2024,1.2025,4
2005-06-24 01:11:00,1.2024,1.2024,1.2024,1.2024,7
2005-06-24 01:12:00,1.2024,1.2025,1.2024,1.2025,6
2005-06-24 01:13:00,1.20246,1.20256,1.2024,1.2024,6
2005-06-24 01:14:00,1.20246,1.20256,1.20246,1.20246,6
2005-06-24 01:15:00,1.20246,1.20256,1.20246,1.20246,8
2005-06-24 01:16:00,1.20246,1.20246,1.20246,1.20246,6
2005-06-24 01:17:00,1.20246,1.20256,1.20246,1.20246,6
2005-06-24 01:18:00,1.20246,1.20246,1.20246,1.20246,2
2005-06-24 01:19:00,1.20246,1.20246,1.20246,1.20246,2
2005-06-24 01:20:00,1.20246,1.20246,1.20246,1.20246,4
2005-06-24 01:21:00,1.20256,1.20256,1.20246,1.20246,6
2005-06-24 01:22:00,1.20246,1.20256,1.20246,1.20256,8
2005-06-24 01:23:00,1.20256,1.20256,1.20236,1.20236,8
2005-06-24 01:24:00,1.20256,1.20256,1.20256,1.20256,2
2005-06-24 01:25:00,1.20256,1.20256,1.20256,1.20256,8
2005-06-24 01:26:00,1.20276,1.20276,1.20256,1.20256,6
2005-06-24 01:27:00,1.20276,1.20276,1.20266,1.20276,5
2005-06-24 01:28:00,1.20276,1.20286,1.20266,1.20276,13
2005-06-24 01:29:00,1.20276,1.20276,1.20266,1.20266,9
2005-06-24 01:30:00,1.20276,1.20286,1.20266,1.20266,10
2005-06-24 01:31:00,1.20276,1.20286,1.20276,1.20276,5
2005-06-24 01:32:00,1.2028,1.2028,1.20276,1.20276,2
2005-06-24 01:33:00,1.2028,1.2029,1.2028,1.2028,4
2005-06-24 01:34:00,1.2027,1.2028,1.2027,1.2028,5
2005-06-24 01:35:00,1.20266,1.2027,1.20266,1.2027,3
2005-06-24 01:36:00,1.2026,1.20264,1.2026,1.20264,5
2005-06-24 01:37:00,1.2027,1.2027,1.2026,1.2026,3
2005-06-24 01:38:00,1.2027,1.2027,1.2027,1.2027,2
2005-06-24 01:39:00,1.2026,1.2026,1.2026,1.2026,4
2005-06-24 01:40:00,1.2027,1.2027,1.2026,1.2026,6
2005-06-24 01:41:00,1.2027,1.2027,1.2027,1.2027,2
2005-06-24 01:42:00,1.2026,1.2026,1.2025,1.2026,8
2005-06-24 01:43:00,1.2026,1.2026,1.2026,1.2026,2
2005-06-24 01:44:00,1.2026,1.2026,1.2026,1.2026,2
2005-06-24 01:45:00,1.2026,1.2026,1.2026,1.2026,3
2005-06-24 01:46:00,1.2027,1.2027,1.2026,1.2027,9
2005-06-24 01:47:00,1.2029,1.203,1.2026,1.2026,17
2005-06-24 01:48:00,1.2029,1.2029,1.2029,1.2029,1
2005-06-24 01:49:00,1.2028,1.2029,1.2027,1.2029,11
2005-06-24 01:50:00,1.2031,1.2031,1.2028,1.2028,5
2005-06-24 01:51:00,1.203,1.2032,1.203,1.203,18
2005-06-24 01:52:00,1.203,1.2031,1.203,1.203,5
2005-06-24 01:53:00,1.203,1.2032,1.203,1.2031,9
2005-06-24 01:54:00,1.203,1.203,1.203,1.203,2
2005-06-24 01:55:00,1.2031,1.2031,1.203,1.203,3
2005-06-24 01:56:00,1.203,1.2031,1.203,1.203,7
2005-06-24 01:57:00,1.2028,1.203,1.2028,1.2029,12
2005-06-24 01:58:00,1.2029,1.2029,1.2028,1.2028,6
2005-06-24 01:59:00,1.2029,1.203,1.2029,1.2029,9
2005-06-24 02:00:00,1.203,1.2031,1.2029,1.203,9
2005-06-24 02:01:00,1.2028,1.2029,1.2028,1.2029,6
2005-06-24 02:02:00,1.2029,1.2029,1.2028,1.2028,6
2005-06-24 02:03:00,1.2029,1.2029,1.2029,1.2029,1
2005-06-24 02:04:00,1.203,1.203,1.2028,1.2029,9
2005-06-24 02:05:00,1.2031,1.2031,1.203,1.203,9
2005-06-24 02:06:00,1.2033,1.2033,1.2031,1.2031,6
2005-06-24 02:07:00,1.2034,1.2034,1.2032,1.2032,15
2005-06-24 02:08:00,1.2033,1.2035,1.2032,1.2034,19
2005-06-24 02:09:00,1.2034,1.2035,1.2033,1.2033,10
2005-06-24 02:10:00,1.2036,1.2036,1.2033,1.2035,12
2005-06-24 02:11:00,1.2035,1.2036,1.2034,1.2035,8
2005-06-24 02:12:00,1.2035,1.2036,1.2034,1.2035,14
2005-06-24 02:13:00,1.2033,1.2036,1.2033,1.2035,11
2005-06-24 02:14:00,1.2032,1.2034,1.2032,1.2033,13
2005-06-24 02:15:00,1.2032,1.2032,1.2032,1.2032,2
2005-06-24 02:16:00,1.2031,1.2032,1.2031,1.2032,4
2005-06-24 02:17:00,1.2031,1.2032,1.2031,1.2031,6
2005-06-24 02:18:00,1.2031,1.2032,1.2031,1.2031,5
2005-06-24 02:19:00,1.2029,1.2031,1.2029,1.2031,9
2005-06-24 02:20:00,1.2032,1.2032,1.2029,1.203,14
2005-06-24 02:21:00,1.2032,1.2032,1.2032,1.2032,2
2005-06-24 02:22:00,1.203,1.2032,1.2029,1.2032,13
2005-06-24 02:23:00,1.203,1.203,1.2029,1.203,6
2005-06-24 02:24:00,1.2028,1.203,1.2028,1.203,8
2005-06-24 02:25:00,1.2028,1.2029,1.2028,1.2028,4
2005-06-24 02:26:00,1.2029,1.2029,1.2028,1.2028,4
2005-06-24 02:27:00,1.2029,1.2029,1.2028,1.2028,8
2005-06-24 02:28:00,1.2027,1.2028,1.2027,1.2028,5
2005-06-24 02:29:00,1.2028,1.2028,1.2027,1.2027,4
2005-06-24 02:30:00,1.2027,1.2028,1.2027,1.2028,9
2005-06-24 02:31:00,1.2028,1.2028,1.2027,1.2027,4
2005-06-24 02:32:00,1.2028,1.2028,1.2027,1.2027,6
2005-06-24 02:33:00,1.2029,1.203,1.2029,1.2029,8
2005-06-24 02:34:00,1.2029,1.203,1.2029,1.203,3
2005-06-24 02:35:00,1.2029,1.2029,1.2029,1.2029,3
2005-06-24 02:36:00,1.2029,1.2029,1.2029,1.2029,3
2005-06-24 02:37:00,1.2029,1.2029,1.2029,1.2029,3
2005-06-24 02:38:00,1.2029,1.2029,1.2028,1.2029,4
2005-06-24 02:39:00,1.2029,1.2029,1.2028,1.2028,4
2005-06-24 02:40:00,1.2028,1.2029,1.2028,1.2028,7
2005-06-24 02:41:00,1.2028,1.2028,1.2028,1.2028,2
2005-06-24 02:42:00,1.2028,1.2028,1.2028,1.2028,4
2005-06-24 02:43:00,1.2028,1.2029,1.2028,1.2028,4
2005-06-24 02:44:00,1.2027,1.2029,1.2027,1.2028,8
2005-06-24 02:45:00,1.2027,1.2027,1.2027,1.2027,2
2005-06-24 02:46:00,1.2026,1.2027,1.2026,1.2026,10
2005-06-24 02:47:00,1.2027,1.2027,1.2027,1.2027,6
2005-06-24 02:48:00,1.2027,1.2027,1.2027,1.2027,3
2005-06-24 02:49:00,1.2027,1.2027,1.2027,1.2027,2
2005-06-24 02:50:00,1.2027,1.2027,1.2027,1.2027,1
2005-06-24 02:51:00,1.2027,1.2027,1.2027,1.2027,3
2005-06-24 02:52:00,1.2026,1.2027,1.2026,1.2027,6
2005-06-24 02:53:00,1.2026,1.2026,1.2026,1.2026,2
2005-06-24 02:54:00,1.2026,1.2027,1.2026,1.2026,5
2005-06-24 02:55:00,1.2027,1.2027,1.2026,1.2026,4
2005-06-24 02:56:00,1.2027,1.2027,1.2026,1.2027,4
2005-06-24 02:57:00,1.2027,1.2027,1.2027,1.2027,2
2005-06-24 02:58:00,1.2027,1.2027,1.2027,1.2027,2
2005-06-24 02:59:00,1.203,1.2032,1.2027,1.2027,16
2005-06-24 03:00:00,1.2031,1.2031,1.203,1.203,6
2005-06-24 03:01:00,1.2029,1.203,1.2029,1.203,6
2005-06-24 03:02:00,1.2029,1.2029,1.2029,1.2029,3
2005-06-24 03:03:00,1.2029,1.2029,1.2028,1.2028,5
2005-06-24 03:04:00,1.203,1.203,1.203,1.203,3
2005-06-24 03:05:00,1.2028,1.2028,1.2028,1.2028,6
2005-06-24 03:06:00,1.2028,1.2029,1.2028,1.2028,7
2005-06-24 03:07:00,1.2028,1.2029,1.2028,1.2028,5
2005-06-24 03:08:00,1.2028,1.2028,1.2028,1.2028,2
2005-06-24 03:09:00,1.2028,1.2028,1.2028,1.2028,1
2005-06-24 03:10:00,1.2029,1.2029,1.2028,1.2028,8
2005-06-24 03:11:00,1.2029,1.2029,1.2029,1.2029,2
2005-06-24 03:12:00,1.2029,1.2029,1.2029,1.2029,2
2005-06-24 03:13:00,1.2028,1.2029,1.2028,1.2029,4
2005-06-24 03:14:00,1.2028,1.2028,1.2028,1.2028,2
2005-06-24 03:15:00,1.2028,1.2028,1.2028,1.2028,2
2005-06-24 03:16:00,1.2028,1.2029,1.2028,1.2028,4
2005-06-24 03:17:00,1.2028,1.2028,1.2028,1.2028,2
2005-06-24 03:18:00,1.2028,1.2028,1.2028,1.2028,2
2005-06-24 03:19:00,1.2029,1.2029,1.2028,1.2028,3
2005-06-24 03:20:00,1.2029,1.2029,1.2028,1.2028,4
2005-06-24 03:21:00,1.203,1.203,1.2029,1.2029,2
2005-06-24 03:22:00,1.203,1.203,1.203,1.203,2
2005-06-24 03:23:00,1.2029,1.203,1.2029,1.203,5
2005-06-24 03:24:00,1.2029,1.2029,1.2029,1.2029,4
2005-06-24 03:25:00,1.2029,1.2029,1.2028,1.2029,6
2005-06-24 03:26:00,1.2029,1.2029,1.2028,1.2029,9
2005-06-24 03:27:00,1.2029,1.2029,1.2029,1.2029,4
2005-06-24 03:28:00,1.2029,1.2029,1.2029,1.2029,4
2005-06-24 03:29:00,1.2029,1.2029,1.2029,1.2029,4
2005-06-24 03:30:00,1.2029,1.2029,1.2029,1.2029,2
2005-06-24 03:31:00,1.2029,1.2029,1.2029,1.2029,2
2005-06-24 03:32:00,1.2029,1.2029,1.2029,1.2029,2
2005-06-24 03:33:00,1.2028,1.2029,1.2028,1.2029,3
2005-06-24 03:34:00,1.2028,1.2029,1.2028,1.2029,4
2005-06-24 03:35:00,1.2028,1.2028,1.2028,1.2028,2
2005-06-24 03:36:00,1.2028,1.2028,1.2028,1.2028,1
2005-06-24 03:37:00,1.2029,1.203,1.2028,1.2028,5
2005-06-24 03:38:00,1.2029,1.203,1.2028,1.2029,11
2005-06-24 03:39:00,1.203,1.203,1.2029,1.2029,7
2005-06-24 03:40:00,1.203,1.203,1.203,1.203,1
2005-06-24 03:41:00,1.2029,1.203,1.2028,1.203,10
2005-06-24 03:42:00,1.2028,1.203,1.2028,1.203,9
2005-06-24 03:43:00,1.2028,1.2029,1.2028,1.2029,6
2005-06-24 03:44:00,1.2028,1.2028,1.2028,1.2028,2
2005-06-24 03:45:00,1.2028,1.2028,1.2028,1.2028,2
2005-06-24 03:46:00,1.2027,1.2028,1.2027,1.2028,5
2005-06-24 03:47:00,1.2024,1.2026,1.2023,1.2026,16
2005-06-24 03:48:00,1.2021,1.2025,1.202,1.2025,22
2005-06-24 03:49:00,1.2023,1.2023,1.2021,1.2021,8
2005-06-24 03:50:00,1.2022,1.2023,1.2022,1.2023,11
2005-06-24 03:51:00,1.2023,1.2023,1.2022,1.2022,7
2005-06-24 03:52:00,1.2022,1.2022,1.2022,1.2022,3
2005-06-24 03:53:00,1.2021,1.2022,1.2021,1.2022,4
2005-06-24 03:54:00,1.2022,1.2022,1.2022,1.2022,5
2005-06-24 03:55:00,1.202,1.2023,1.202,1.2022,14
2005-06-24 03:56:00,1.2021,1.2022,1.202,1.202,11
2005-06-24 03:57:00,1.202,1.2021,1.202,1.2021,4
2005-06-24 03:58:00,1.2018,1.202,1.2017,1.202,14
2005-06-24 03:59:00,1.202,1.2021,1.2017,1.2018,19
2005-06-24 04:00:00,1.2019,1.202,1.2019,1.2019,16
2005-06-24 04:01:00,1.2019,1.2021,1.2019,1.2019,19
2005-06-24 04:02:00,1.2019,1.2019,1.2018,1.2018,4
2005-06-24 04:03:00,1.2018,1.2019,1.2018,1.2018,8
2005-06-24 04:04:00,1.2017,1.2019,1.2017,1.2019,20
2005-06-24 04:05:00,1.2011,1.2017,1.2011,1.2016,18
2005-06-24 04:06:00,1.19906,1.2011,1.1983,1.2011,50
2005-06-24 04:07:00,1.20115,1.20115,1.19936,1.19946,42
2005-06-24 04:08:00,1.20125,1.20155,1.20105,1.20125,34
2005-06-24 04:09:00,1.20035,1.20105,1.19985,1.20105,34
2005-06-24 04:10:00,1.20105,1.20125,1.20025,1.20035,38
2005-06-24 04:11:00,1.20136,1.20145,1.20085,1.20115,28
2005-06-24 04:12:00,1.20168,1.20188,1.20116,1.20136,32
2005-06-24 04:13:00,1.20328,1.20378,1.20158,1.20178,32
2005-06-24 04:14:00,1.20258,1.20338,1.20208,1.20338,34
2005-06-24 04:15:00,1.20288,1.20328,1.20268,1.20268,35
2005-06-24 04:16:00,1.20298,1.20308,1.20288,1.20288,21
2005-06-24 04:17:00,1.20268,1.20288,1.20208,1.20288,39
2005-06-24 04:18:00,1.20198,1.20268,1.20198,1.20268,17
2005-06-24 04:19:00,1.20138,1.20218,1.20138,1.20198,31
2005-06-24 04:20:00,1.20228,1.20228,1.20118,1.20138,35
2005-06-24 04:21:00,1.20198,1.20248,1.20178,1.20218,35
2005-06-24 04:22:00,1.20238,1.20238,1.20188,1.20188,19
2005-06-24 04:23:00,1.20208,1.20258,1.20208,1.20238,32
2005-06-24 04:24:00,1.20168,1.20228,1.20168,1.20218,24
2005-06-24 04:25:00,1.20238,1.20248,1.20158,1.20158,22
2005-06-24 04:26:00,1.20288,1.20288,1.20228,1.20258,28
2005-06-24 04:27:00,1.20278,1.20318,1.20258,1.20278,32
2005-06-24 04:28:00,1.20278,1.20288,1.20278,1.20288,13
2005-06-24 04:29:00,1.20358,1.20368,1.20278,1.20288,20
2005-06-24 04:30:00,1.20388,1.20438,1.20358,1.20368,34
2005-06-24 04:31:00,1.20368,1.20378,1.20318,1.20378,33
2005-06-24 04:32:00,1.20358,1.20378,1.20348,1.20358,16
2005-06-24 04:33:00,1.20358,1.20368,1.20338,1.20358,20
2005-06-24 04:34:00,1.20378,1.20388,1.20358,1.20358,18
2005-06-24 04:35:00,1.20438,1.20438,1.20368,1.20388,32
2005-06-24 04:36:00,1.20432,1.20442,1.20408,1.20428,35
2005-06-24 04:37:00,1.20402,1.20422,1.20382,1.20412,32
2005-06-24 04:38:00,1.20402,1.20422,1.20382,1.20402,21
2005-06-24 04:39:00,1.20352,1.20402,1.20352,1.20402,20
2005-06-24 04:40:00,1.20318,1.20368,1.20308,1.20352,30
2005-06-24 04:41:00,1.20308,1.20328,1.20308,1.20308,16
2005-06-24 04:42:00,1.20348,1.20358,1.20288,1.20308,30
2005-06-24 04:43:00,1.20428,1.20438,1.20338,1.20338,30
2005-06-24 04:44:00,1.20398,1.20418,1.20378,1.20418,15
2005-06-24 04:45:00,1.20418,1.20428,1.20388,1.20388,17
2005-06-24 04:46:00,1.20478,1.20498,1.20418,1.20418,24
2005-06-24 04:47:00,1.20468,1.20488,1.20438,1.20478,21
2005-06-24 04:48:00,1.20388,1.20478,1.20378,1.20478,27
2005-06-24 04:49:00,1.20418,1.20428,1.20378,1.20378,18
2005-06-24 04:50:00,1.20428,1.20438,1.20408,1.20428,19
2005-06-24 04:51:00,1.20398,1.20448,1.20388,1.20438,27
2005-06-24 04:52:00,1.20378,1.20398,1.20368,1.20388,16
2005-06-24 04:53:00,1.20368,1.20378,1.20338,1.20378,17
2005-06-24 04:54:00,1.20368,1.20398,1.20358,1.20358,16
2005-06-24 04:55:00,1.20368,1.20378,1.20368,1.20368,6
2005-06-24 04:56:00,1.20388,1.20398,1.20368,1.20368,17
2005-06-24 04:57:00,1.20348,1.20398,1.20348,1.20388,16
2005-06-24 04:58:00,1.20358,1.20358,1.20358,1.20358,5
2005-06-24 04:59:00,1.20338,1.20358,1.20338,1.20348,16
2005-06-24 05:00:00,1.20328,1.20338,1.20328,1.20328,12
2005-06-24 05:01:00,1.20368,1.20368,1.20318,1.20318,21
2005-06-24 05:02:00,1.20368,1.20388,1.20368,1.20368,16
2005-06-24 05:03:00,1.20368,1.20378,1.20358,1.20358,15
2005-06-24 05:04:00,1.20358,1.20368,1.20358,1.20358,5
2005-06-24 05:05:00,1.20328,1.20378,1.20328,1.20368,18
2005-06-24 05:06:00,1.20348,1.20358,1.20338,1.20338,27
2005-06-24 05:07:00,1.20338,1.20348,1.20338,1.20338,11
2005-06-24 05:08:00,1.20348,1.20348,1.20338,1.20348,8
2005-06-24 05:09:00,1.20358,1.20368,1.20348,1.20348,15
2005-06-24 05:10:00,1.20348,1.20368,1.20338,1.20358,12
2005-06-24 05:11:00,1.20348,1.20368,1.20338,1.20348,14
2005-06-24 05:12:00,1.20358,1.20378,1.20348,1.20358,27
2005-06-24 05:13:00,1.20338,1.20358,1.20328,1.20358,11
2005-06-24 05:14:00,1.20348,1.20348,1.20328,1.20338,15
2005-06-24 05:15:00,1.20348,1.20348,1.20348,1.20348,7
2005-06-24 05:16:00,1.20348,1.20358,1.20338,1.20358,21
2005-06-24 05:17:00,1.20348,1.20358,1.20338,1.20348,14
2005-06-24 05:18:00,1.20348,1.20358,1.20348,1.20358,7
2005-06-24 05:19:00,1.20348,1.20358,1.20348,1.20358,7
2005-06-24 05:20:00,1.20338,1.20358,1.20338,1.20348,14
2005-06-24 05:21:00,1.20348,1.20348,1.20338,1.20338,3
2005-06-24 05:22:00,1.20328,1.20348,1.20328,1.20338,11
2005-06-24 05:23:00,1.20308,1.20328,1.20308,1.20318,16
2005-06-24 05:24:00,1.20318,1.20318,1.20298,1.20308,19
2005-06-24 05:25:00,1.20308,1.20308,1.20308,1.20308,3
2005-06-24 05:26:00,1.20308,1.20328,1.20308,1.20308,19
2005-06-24 05:27:00,1.20308,1.20308,1.20298,1.20308,10
2005-06-24 05:28:00,1.20318,1.20318,1.20308,1.20308,10
2005-06-24 05:29:00,1.20318,1.20318,1.20298,1.20318,8
2005-06-24 05:30:00,1.20338,1.20338,1.20318,1.20318,6
2005-06-24 05:31:00,1.20328,1.20338,1.20328,1.20338,9
2005-06-24 05:32:00,1.20318,1.20328,1.20318,1.20328,4
2005-06-24 05:33:00,1.20328,1.20328,1.20318,1.20318,4
2005-06-24 05:34:00,1.20328,1.20328,1.20318,1.20318,4
2005-06-24 05:35:00,1.20328,1.20328,1.20318,1.20328,3
2005-06-24 05:36:00,1.20328,1.20328,1.20318,1.20318,5
2005-06-24 05:37:00,1.20328,1.20328,1.20328,1.20328,2
2005-06-24 05:38:00,1.20318,1.20318,1.20318,1.20318,4
2005-06-24 05:39:00,1.20338,1.20338,1.20318,1.20318,5
2005-06-24 05:40:00,1.20338,1.20348,1.20338,1.20338,7
2005-06-24 05:41:00,1.20368,1.20368,1.20338,1.20338,8
2005-06-24 05:42:00,1.20358,1.20368,1.20358,1.20368,11
2005-06-24 05:43:00,1.20378,1.20378,1.20358,1.20358,5
2005-06-24 05:44:00,1.20368,1.20378,1.20358,1.20378,12
2005-06-24 05:45:00,1.20378,1.20378,1.20358,1.20368,9
2005-06-24 05:46:00,1.20358,1.20378,1.20358,1.20368,19
2005-06-24 05:47:00,1.20358,1.20378,1.20348,1.20358,30
2005-06-24 05:48:00,1.20358,1.20358,1.20348,1.20348,9
2005-06-24 05:49:00,1.20358,1.20358,1.20358,1.20358,2
2005-06-24 05:50:00,1.20348,1.20348,1.20348,1.20348,4
2005-06-24 05:51:00,1.20328,1.20338,1.20318,1.20338,6
2005-06-24 05:52:00,1.20328,1.20328,1.20318,1.20318,5
2005-06-24 05:53:00,1.20338,1.20338,1.20328,1.20328,11
2005-06-24 05:54:00,1.20318,1.20328,1.20318,1.20328,5
2005-06-24 05:55:00,1.20298,1.20318,1.20288,1.20308,16
2005-06-24 05:56:00,1.20268,1.20288,1.20268,1.20288,7
2005-06-24 05:57:00,1.20318,1.20328,1.20268,1.20268,22
2005-06-24 05:58:00,1.20318,1.20338,1.20308,1.20308,20
2005-06-24 05:59:00,1.20318,1.20328,1.20308,1.20318,30
2005-06-24 06:00:00,1.20328,1.20328,1.20318,1.20318,28
2005-06-24 06:01:00,1.20328,1.20328,1.20318,1.20328,40
2005-06-24 06:02:00,1.20308,1.20328,1.20308,1.20328,46
2005-06-24 06:03:00,1.20318,1.20318,1.20308,1.20308,44
2005-06-24 06:04:00,1.20308,1.20318,1.20308,1.20318,32
2005-06-24 06:05:00,1.20288,1.20308,1.20288,1.20308,43
2005-06-24 06:06:00,1.20318,1.20318,1.20288,1.20288,48
2005-06-24 06:07:00,1.20308,1.20328,1.20308,1.20328,39
2005-06-24 06:08:00,1.20288,1.20308,1.20288,1.20308,40
2005-06-24 06:09:00,1.20272,1.20288,1.20272,1.20288,35
2005-06-24 06:10:00,1.20302,1.20302,1.20268,1.20272,49
2005-06-24 06:11:00,1.20322,1.20332,1.20302,1.20302,49
2005-06-24 06:12:00,1.20332,1.20332,1.20322,1.20322,28
2005-06-24 06:13:00,1.20322,1.20332,1.20322,1.20332,36
2005-06-24 06:14:00,1.20322,1.20322,1.20322,1.20322,22
2005-06-24 06:15:00,1.20362,1.20362,1.20322,1.20322,46
2005-06-24 06:16:00,1.20392,1.20392,1.20362,1.20362,49
2005-06-24 06:17:00,1.20382,1.20422,1.20382,1.20392,54
2005-06-24 06:18:00,1.20362,1.20382,1.20352,1.20382,47
2005-06-24 06:19:00,1.20382,1.20392,1.20372,1.20372,53
2005-06-24 06:20:00,1.20402,1.20412,1.20382,1.20382,41
2005-06-24 06:21:00,1.20372,1.20422,1.20372,1.20412,53
2005-06-24 06:22:00,1.20362,1.20372,1.20362,1.20372,47
2005-06-24 06:23:00,1.20392,1.20402,1.20362,1.20362,50
2005-06-24 06:24:00,1.20382,1.20402,1.20372,1.20402,57
2005-06-24 06:25:00,1.20362,1.20382,1.20362,1.20382,32
2005-06-24 06:26:00,1.20322,1.20372,1.20322,1.20362,42
2005-06-24 06:27:00,1.20332,1.20342,1.20322,1.20322,46
2005-06-24 06:28:00,1.20332,1.20352,1.20322,1.20332,49
2005-06-24 06:29:00,1.20332,1.20342,1.20322,1.20332,45
2005-06-24 06:30:00,1.20322,1.20332,1.20322,1.20332,38
2005-06-24 06:31:00,1.20292,1.20332,1.20292,1.20322,42
2005-06-24 06:32:00,1.20292,1.20312,1.20292,1.20292,46
2005-06-24 06:33:00,1.20292,1.20302,1.20272,1.20292,47
2005-06-24 06:34:00,1.20312,1.20312,1.20292,1.20292,41
2005-06-24 06:35:00,1.20292,1.20312,1.20292,1.20312,40
2005-06-24 06:36:00,1.20292,1.20292,1.20282,1.20292,40
2005-06-24 06:37:00,1.20292,1.20292,1.20282,1.20292,22
2005-06-24 06:38:00,1.20292,1.20292,1.20282,1.20292,41
2005-06-24 06:39:00,1.20312,1.20312,1.20292,1.20292,39
2005-06-24 06:40:00,1.20312,1.20312,1.20292,1.20312,48
2005-06-24 06:41:00,1.20332,1.20332,1.20312,1.20312,45
2005-06-24 06:42:00,1.20322,1.20332,1.20322,1.20332,37
2005-06-24 06:43:00,1.20322,1.20322,1.20312,1.20322,27
2005-06-24 06:44:00,1.20352,1.20372,1.20322,1.20322,48
2005-06-24 06:45:00,1.20342,1.20352,1.20342,1.20352,32
2005-06-24 06:46:00,1.20322,1.20342,1.20312,1.20342,44
2005-06-24 06:47:00,1.20352,1.20352,1.20322,1.20322,52
2005-06-24 06:48:00,1.20382,1.20382,1.20342,1.20352,41
2005-06-24 06:49:00,1.20372,1.20382,1.20372,1.20382,51
2005-06-24 06:50:00,1.20382,1.20382,1.20372,1.20372,33
2005-06-24 06:51:00,1.20362,1.20382,1.20362,1.20382,38
2005-06-24 06:52:00,1.20342,1.20362,1.20332,1.20362,41
2005-06-24 06:53:00,1.20392,1.20402,1.20342,1.20342,53
2005-06-24 06:54:00,1.20392,1.20412,1.20392,1.20392,42
2005-06-24 06:55:00,1.20402,1.20412,1.20382,1.20392,45
2005-06-24 06:56:00,1.20422,1.20422,1.20392,1.20402,40
2005-06-24 06:57:00,1.20392,1.20432,1.20382,1.20422,53
2005-06-24 06:58:00,1.20382,1.20392,1.20372,1.20392,39
2005-06-24 06:59:00,1.20362,1.20392,1.20352,1.20382,51
2005-06-24 07:00:00,1.20372,1.20382,1.20362,1.20362,48
2005-06-24 07:01:00,1.20402,1.20402,1.20372,1.20382,45
2005-06-24 07:02:00,1.20362,1.20402,1.20362,1.20402,48
2005-06-24 07:03:00,1.20352,1.20382,1.20352,1.20362,45
2005-06-24 07:04:00,1.20362,1.20382,1.20352,1.20352,51
2005-06-24 07:05:00,1.20382,1.20382,1.20352,1.20352,46
2005-06-24 07:06:00,1.20372,1.20382,1.20362,1.20382,48
2005-06-24 07:07:00,1.20382,1.20392,1.20372,1.20372,43
2005-06-24 07:08:00,1.20382,1.20392,1.20382,1.20382,33
2005-06-24 07:09:00,1.20382,1.20382,1.20372,1.20382,39
2005-06-24 07:10:00,1.20392,1.20392,1.20372,1.20382,41
2005-06-24 07:11:00,1.20412,1.20412,1.20372,1.20392,43
2005-06-24 07:12:00,1.20422,1.20442,1.20402,1.20412,56
2005-06-24 07:13:00,1.20412,1.20432,1.20382,1.20422,49
2005-06-24 07:14:00,1.20432,1.20432,1.20402,1.20412,55
2005-06-24 07:15:00,1.20412,1.20432,1.20412,1.20432,39
2005-06-24 07:16:00,1.20432,1.20462,1.20422,1.20422,55
2005-06-24 07:17:00,1.20442,1.20442,1.20432,1.20432,43
2005-06-24 07:18:00,1.20442,1.20442,1.20432,1.20442,40
2005-06-24 07:19:00,1.20452,1.20472,1.20442,1.20442,53
2005-06-24 07:20:00,1.20472,1.20492,1.20462,1.20462,52
2005-06-24 07:21:00,1.20482,1.20492,1.20462,1.20482,53
2005-06-24 07:22:00,1.20482,1.20482,1.20472,1.20482,49
2005-06-24 07:23:00,1.20472,1.20482,1.20462,1.20472,55
2005-06-24 07:24:00,1.20462,1.20472,1.20452,1.20472,41
2005-06-24 07:25:00,1.20462,1.20482,1.20462,1.20462,44
2005-06-24 07:26:00,1.20422,1.20462,1.20412,1.20462,49
2005-06-24 07:27:00,1.20422,1.20422,1.20402,1.20422,53
2005-06-24 07:28:00,1.20442,1.20452,1.20422,1.20422,46
2005-06-24 07:29:00,1.20452,1.20462,1.20442,1.20442,54
2005-06-24 07:30:00,1.20452,1.20452,1.20442,1.20452,39
2005-06-24 07:31:00,1.20482,1.20492,1.20452,1.20452,46
2005-06-24 07:32:00,1.20532,1.20542,1.20482,1.20482,52
2005-06-24 07:33:00,1.20622,1.20622,1.20542,1.20542,56
2005-06-24 07:34:00,1.20622,1.20642,1.20602,1.20622,58
2005-06-24 07:35:00,1.20632,1.20662,1.20612,1.20622,56
2005-06-24 07:36:00,1.20592,1.20622,1.20592,1.20622,46
2005-06-24 07:37:00,1.20572,1.20602,1.20572,1.20582,56
2005-06-24 07:38:00,1.20582,1.20592,1.20562,1.20572,55
2005-06-24 07:39:00,1.20572,1.20582,1.20562,1.20582,42
2005-06-24 07:40:00,1.20542,1.20582,1.20542,1.20562,55
2005-06-24 07:41:00,1.20582,1.20582,1.20542,1.20542,58
2005-06-24 07:42:00,1.20562,1.20592,1.20562,1.20582,47
2005-06-24 07:43:00,1.20552,1.20572,1.20552,1.20562,47
2005-06-24 07:44:00,1.20552,1.20562,1.20532,1.20562,39
2005-06-24 07:45:00,1.20572,1.20572,1.20552,1.20562,51
2005-06-24 07:46:00,1.20582,1.20582,1.20572,1.20572,44
2005-06-24 07:47:00,1.20572,1.20582,1.20572,1.20572,46
2005-06-24 07:48:00,1.20582,1.20602,1.20572,1.20572,45
2005-06-24 07:49:00,1.20592,1.20602,1.20582,1.20582,42
2005-06-24 07:50:00,1.20582,1.20592,1.20582,1.20592,43
2005-06-24 07:51:00,1.20592,1.20592,1.20572,1.20582,47
2005-06-24 07:52:00,1.20572,1.20602,1.20572,1.20592,52
2005-06-24 07:53:00,1.20592,1.20592,1.20572,1.20572,37
2005-06-24 07:54:00,1.20602,1.20602,1.20582,1.20592,46
2005-06-24 07:55:00,1.20572,1.20602,1.20572,1.20602,53
2005-06-24 07:56:00,1.20562,1.20572,1.20562,1.20572,45
2005-06-24 07:57:00,1.20592,1.20602,1.20562,1.20562,45
2005-06-24 07:58:00,1.20562,1.20592,1.20562,1.20592,40
2005-06-24 07:59:00,1.20552,1.20572,1.20552,1.20562,36
2005-06-24 08:01:00,1.20572,1.20582,1.20562,1.20582,51
2005-06-24 08:02:00,1.20592,1.20592,1.20572,1.20572,37
2005-06-24 08:03:00,1.20652,1.20652,1.20592,1.20592,46
2005-06-24 08:04:00,1.20672,1.20672,1.20632,1.20652,47
2005-06-24 08:05:00,1.20662,1.20672,1.20652,1.20672,46
2005-06-24 08:06:00,1.20662,1.20672,1.20662,1.20672,43
2005-06-24 08:07:00,1.20652,1.20662,1.20642,1.20662,41
2005-06-24 08:08:00,1.20642,1.20652,1.20642,1.20652,40
2005-06-24 08:09:00,1.20652,1.20652,1.20632,1.20642,39
2005-06-24 08:10:00,1.20682,1.20692,1.20652,1.20652,51
2005-06-24 08:11:00,1.20642,1.20692,1.20642,1.20672,60
2005-06-24 08:12:00,1.20638,1.20648,1.20632,1.20642,42
2005-06-24 08:13:00,1.20638,1.20648,1.20628,1.20638,43
2005-06-24 08:14:00,1.20628,1.20638,1.20628,1.20638,41
2005-06-24 08:15:00,1.20618,1.20628,1.20618,1.20628,52
2005-06-24 08:16:00,1.20618,1.20628,1.20608,1.20618,50
2005-06-24 08:17:00,1.20628,1.20648,1.20608,1.20608,54
2005-06-24 08:18:00,1.20648,1.20648,1.20628,1.20628,42
2005-06-24 08:19:00,1.20708,1.20728,1.20638,1.20648,57
2005-06-24 08:20:00,1.20698,1.20718,1.20688,1.20708,55
2005-06-24 08:21:00,1.20688,1.20718,1.20678,1.20698,55
2005-06-24 08:22:00,1.20688,1.20698,1.20678,1.20698,50
2005-06-24 08:23:00,1.20688,1.20688,1.20678,1.20688,41
2005-06-24 08:24:00,1.20688,1.20698,1.20678,1.20688,40
2005-06-24 08:25:00,1.20728,1.20768,1.20688,1.20688,53
2005-06-24 08:26:00,1.20738,1.20738,1.20698,1.20728,55
2005-06-24 08:27:00,1.20728,1.20758,1.20718,1.20738,51
2005-06-24 08:28:00,1.20688,1.20718,1.20688,1.20718,49
2005-06-24 08:29:00,1.20678,1.20688,1.20668,1.20688,51
2005-06-24 08:30:00,1.20658,1.20678,1.20658,1.20678,54
2005-06-24 08:31:00,1.20678,1.20678,1.20648,1.20658,46
2005-06-24 08:32:00,1.20718,1.20728,1.20678,1.20678,56
2005-06-24 08:33:00,1.20708,1.20728,1.20698,1.20708,48
2005-06-24 08:34:00,1.20698,1.20718,1.20688,1.20708,51
2005-06-24 08:35:00,1.20668,1.20698,1.20668,1.20698,49
2005-06-24 08:36:00,1.20648,1.20658,1.20638,1.20658,50
2005-06-24 08:37:00,1.20658,1.20668,1.20648,1.20648,48
2005-06-24 08:38:00,1.20658,1.20668,1.20648,1.20658,42
2005-06-24 08:39:00,1.20638,1.20658,1.20628,1.20658,53
2005-06-24 08:40:00,1.20648,1.20648,1.20628,1.20638,43
2005-06-24 08:41:00,1.20618,1.20648,1.20608,1.20638,55
2005-06-24 08:42:00,1.20618,1.20628,1.20608,1.20618,42
2005-06-24 08:43:00,1.20628,1.20628,1.20608,1.20618,39
2005-06-24 08:44:00,1.20638,1.20638,1.20618,1.20628,38
2005-06-24 08:45:00,1.20648,1.20648,1.20628,1.20638,39
2005-06-24 08:46:00,1.20638,1.20648,1.20638,1.20648,33
2005-06-24 08:47:00,1.20638,1.20638,1.20628,1.20638,40
2005-06-24 08:48:00,1.20608,1.20648,1.20608,1.20638,34
2005-06-24 08:49:00,1.20618,1.20618,1.20608,1.20608,37
2005-06-24 08:50:00,1.20608,1.20618,1.20598,1.20618,46
2005-06-24 08:51:00,1.20618,1.20618,1.20598,1.20608,43
2005-06-24 08:52:00,1.20618,1.20618,1.20608,1.20618,30
2005-06-24 08:53:00,1.20608,1.20618,1.20598,1.20618,40
2005-06-24 08:54:00,1.20598,1.20608,1.20598,1.20608,42
2005-06-24 08:55:00,1.20568,1.20598,1.20568,1.20598,42
2005-06-24 08:56:00,1.20558,1.20568,1.20548,1.20568,41
2005-06-24 08:57:00,1.20566,1.20586,1.20548,1.20548,46
2005-06-24 08:58:00,1.20566,1.20576,1.20566,1.20566,51
2005-06-24 08:59:00,1.20586,1.20586,1.20566,1.20566,37
2005-06-24 09:00:00,1.20596,1.20596,1.20586,1.20586,22
2005-06-24 09:01:00,1.20596,1.20606,1.20586,1.20596,39
2005-06-24 09:02:00,1.20606,1.20606,1.20586,1.20586,32
2005-06-24 09:03:00,1.20606,1.20616,1.20586,1.20606,48
2005-06-24 09:04:00,1.20606,1.20616,1.20606,1.20606,31
2005-06-24 09:05:00,1.20636,1.20636,1.20606,1.20606,43
2005-06-24 09:06:00,1.20606,1.20636,1.20596,1.20636,53
2005-06-24 09:07:00,1.20596,1.20606,1.20596,1.20596,30
2005-06-24 09:08:00,1.20606,1.20606,1.20596,1.20596,26
2005-06-24 09:09:00,1.20596,1.20606,1.20596,1.20606,29
2005-06-24 09:10:00,1.20586,1.20596,1.20576,1.20596,46
2005-06-24 09:11:00,1.20576,1.20596,1.20576,1.20586,39
2005-06-24 09:12:00,1.20576,1.20576,1.20556,1.20576,38
2005-06-24 09:13:00,1.20566,1.20596,1.20566,1.20576,43
2005-06-24 09:14:00,1.20526,1.20566,1.20526,1.20566,45
2005-06-24 09:15:00,1.20526,1.20536,1.20516,1.20526,51
2005-06-24 09:16:00,1.20526,1.20536,1.20526,1.20526,43
2005-06-24 09:17:00,1.20536,1.20536,1.20526,1.20526,37
2005-06-24 09:18:00,1.20536,1.20546,1.20526,1.20536,42
2005-06-24 09:19:00,1.20546,1.20546,1.20536,1.20536,41
2005-06-24 09:20:00,1.20546,1.20546,1.20536,1.20546,40
2005-06-24 09:21:00,1.20556,1.20566,1.20546,1.20546,31
2005-06-24 09:22:00,1.20556,1.20566,1.20546,1.20566,44
2005-06-24 09:23:00,1.20576,1.20576,1.20556,1.20556,46
2005-06-24 09:24:00,1.20586,1.20586,1.20576,1.20576,35
2005-06-24 09:25:00,1.20576,1.20606,1.20576,1.20586,51
2005-06-24 09:26:00,1.20566,1.20576,1.20566,1.20576,38
2005-06-24 09:27:00,1.20566,1.20566,1.20556,1.20566,39
2005-06-24 09:28:00,1.20586,1.20586,1.20566,1.20566,50
2005-06-24 09:29:00,1.20596,1.20596,1.20576,1.20586,43
2005-06-24 09:30:00,1.20586,1.20606,1.20576,1.20596,45
2005-06-24 09:31:00,1.20596,1.20606,1.20586,1.20586,47
2005-06-24 09:32:00,1.20576,1.20596,1.20576,1.20596,40
2005-06-24 09:33:00,1.20576,1.20586,1.20576,1.20576,36
2005-06-24 09:34:00,1.20566,1.20576,1.20566,1.20576,26
2005-06-24 09:35:00,1.20566,1.20576,1.20546,1.20566,50
2005-06-24 09:36:00,1.20566,1.20576,1.20566,1.20566,45
2005-06-24 09:37:00,1.20586,1.20586,1.20566,1.20566,42
2005-06-24 09:38:00,1.20586,1.20596,1.20586,1.20586,41
2005-06-24 09:39:00,1.20586,1.20586,1.20586,1.20586,23
2005-06-24 09:40:00,1.20616,1.20616,1.20576,1.20576,42
2005-06-24 09:41:00,1.20656,1.20666,1.20616,1.20616,51
2005-06-24 09:42:00,1.20666,1.20676,1.20656,1.20656,48
2005-06-24 09:43:00,1.20666,1.20676,1.20666,1.20676,47
2005-06-24 09:44:00,1.20676,1.20686,1.20656,1.20666,40
2005-06-24 09:45:00,1.20676,1.20686,1.20666,1.20676,49
2005-06-24 09:46:00,1.20686,1.20686,1.20676,1.20676,32
2005-06-24 09:47:00,1.20686,1.20706,1.20676,1.20686,47
2005-06-24 09:48:00,1.20706,1.20716,1.20696,1.20696,50
2005-06-24 09:49:00,1.20706,1.20706,1.20696,1.20706,46
2005-06-24 09:50:00,1.20706,1.20716,1.20686,1.20706,39
2005-06-24 09:51:00,1.20716,1.20716,1.20706,1.20706,47
2005-06-24 09:52:00,1.20716,1.20716,1.20706,1.20716,34
2005-06-24 09:53:00,1.20716,1.20716,1.20706,1.20706,46
2005-06-24 09:54:00,1.20726,1.20726,1.20696,1.20706,46
2005-06-24 09:55:00,1.20726,1.20746,1.20716,1.20716,48
2005-06-24 09:56:00,1.20716,1.20726,1.20706,1.20726,42
2005-06-24 09:57:00,1.20686,1.20726,1.20686,1.20726,56
2005-06-24 09:58:00,1.20716,1.20726,1.20686,1.20686,43
2005-06-24 09:59:00,1.20716,1.20736,1.20706,1.20716,49
2005-06-24 10:00:00,1.20706,1.20716,1.20706,1.20716,28
2005-06-24 10:01:00,1.20696,1.20706,1.20696,1.20706,41
2005-06-24 10:02:00,1.20706,1.20706,1.20686,1.20696,43
2005-06-24 10:03:00,1.20716,1.20716,1.20696,1.20696,43
2005-06-24 10:04:00,1.20706,1.20716,1.20696,1.20716,49
2005-06-24 10:05:00,1.20696,1.20706,1.20696,1.20696,31
2005-06-24 10:06:00,1.20686,1.20696,1.20686,1.20696,24
2005-06-24 10:07:00,1.20706,1.20706,1.20686,1.20686,48
2005-06-24 10:08:00,1.20706,1.20706,1.20706,1.20706,19
2005-06-24 10:09:00,1.20696,1.20706,1.20686,1.20706,48
2005-06-24 10:10:00,1.20736,1.20736,1.20696,1.20696,46
2005-06-24 10:11:00,1.20736,1.20736,1.20716,1.20736,45
2005-06-24 10:12:00,1.20736,1.20746,1.20726,1.20736,46
2005-06-24 10:13:00,1.20736,1.20746,1.20736,1.20736,28
2005-06-24 10:14:00,1.20736,1.20756,1.20726,1.20726,49
2005-06-24 10:15:00,1.20746,1.20756,1.20736,1.20736,39
2005-06-24 10:16:00,1.20736,1.20756,1.20726,1.20746,37
2005-06-24 10:17:00,1.20726,1.20736,1.20726,1.20736,35
2005-06-24 10:18:00,1.20706,1.20726,1.20706,1.20726,37
2005-06-24 10:19:00,1.20726,1.20726,1.20706,1.20706,41
2005-06-24 10:20:00,1.20736,1.20736,1.20726,1.20726,43
2005-06-24 10:21:00,1.20826,1.20826,1.20726,1.20736,52
2005-06-24 10:22:00,1.20876,1.20876,1.20816,1.20816,58
2005-06-24 10:23:00,1.20866,1.20886,1.20856,1.20866,55
2005-06-24 10:24:00,1.20856,1.20866,1.20846,1.20866,34
2005-06-24 10:25:00,1.20846,1.20856,1.20836,1.20856,51
2005-06-24 10:26:00,1.20796,1.20846,1.20786,1.20846,46
2005-06-24 10:27:00,1.20806,1.20816,1.20796,1.20796,48
2005-06-24 10:28:00,1.20826,1.20826,1.20796,1.20806,42
2005-06-24 10:29:00,1.20776,1.20826,1.20776,1.20826,55
2005-06-24 10:30:00,1.20806,1.20826,1.20776,1.20776,52
2005-06-24 10:31:00,1.20776,1.20796,1.20766,1.20796,52
2005-06-24 10:32:00,1.20776,1.20776,1.20766,1.20776,43
2005-06-24 10:33:00,1.20796,1.20796,1.20776,1.20776,37
2005-06-24 10:34:00,1.20786,1.20796,1.20776,1.20796,41
2005-06-24 10:35:00,1.20776,1.20786,1.20776,1.20786,35
2005-06-24 10:36:00,1.20776,1.20776,1.20766,1.20776,32
2005-06-24 10:37:00,1.20796,1.20796,1.20776,1.20776,51
2005-06-24 10:38:00,1.20816,1.20816,1.20786,1.20796,49
2005-06-24 10:39:00,1.20836,1.20846,1.20816,1.20816,56
2005-06-24 10:40:00,1.20826,1.20846,1.20826,1.20836,47
2005-06-24 10:41:00,1.20836,1.20836,1.20826,1.20826,34
2005-06-24 10:42:00,1.20816,1.20836,1.20806,1.20836,43
2005-06-24 10:43:00,1.20806,1.20816,1.20796,1.20806,40
2005-06-24 10:44:00,1.20806,1.20816,1.20806,1.20806,33
2005-06-24 10:45:00,1.20806,1.20806,1.20796,1.20806,36
2005-06-24 10:46:00,1.20776,1.20816,1.20776,1.20816,45
2005-06-24 10:47:00,1.20776,1.20786,1.20766,1.20786,35
2005-06-24 10:48:00,1.20776,1.20776,1.20766,1.20776,39
2005-06-24 10:49:00,1.20766,1.20776,1.20766,1.20776,34
2005-06-24 10:50:00,1.20756,1.20766,1.20746,1.20766,50
2005-06-24 10:51:00,1.20756,1.20756,1.20746,1.20756,35
2005-06-24 10:52:00,1.20756,1.20756,1.20756,1.20756,27
2005-06-24 10:53:00,1.20746,1.20756,1.20736,1.20756,43
2005-06-24 10:54:00,1.20756,1.20756,1.20746,1.20746,21
2005-06-24 10:55:00,1.20756,1.20766,1.20756,1.20766,28
2005-06-24 10:56:00,1.20736,1.20756,1.20736,1.20756,49
2005-06-24 10:57:00,1.20756,1.20766,1.20726,1.20736,47
2005-06-24 10:58:00,1.20766,1.20766,1.20746,1.20756,43
2005-06-24 10:59:00,1.20726,1.20766,1.20726,1.20766,45
2005-06-24 11:00:00,1.20736,1.20746,1.20716,1.20736,49
2005-06-24 11:01:00,1.20746,1.20756,1.20746,1.20746,48
2005-06-24 11:02:00,1.20756,1.20756,1.20746,1.20746,36
2005-06-24 11:03:00,1.20756,1.20756,1.20746,1.20756,24
2005-06-24 11:04:00,1.20756,1.20766,1.20756,1.20756,46
2005-06-24 11:05:00,1.20776,1.20776,1.20746,1.20756,45
2005-06-24 11:06:00,1.20836,1.20876,1.20776,1.20776,63
2005-06-24 11:07:00,1.20836,1.20856,1.20836,1.20836,44
2005-06-24 11:08:00,1.20806,1.20836,1.20796,1.20826,52
2005-06-24 11:09:00,1.20826,1.20826,1.20806,1.20806,45
2005-06-24 11:10:00,1.20836,1.20856,1.20826,1.20826,54
2005-06-24 11:11:00,1.20836,1.20836,1.20826,1.20836,36
2005-06-24 11:12:00,1.20826,1.20836,1.20826,1.20836,26
2005-06-24 11:13:00,1.20826,1.20826,1.20816,1.20826,39
2005-06-24 11:14:00,1.20816,1.20826,1.20806,1.20826,39
2005-06-24 11:15:00,1.20826,1.20826,1.20806,1.20826,49
2005-06-24 11:16:00,1.20826,1.20826,1.20806,1.20826,33
2005-06-24 11:17:00,1.20816,1.20826,1.20816,1.20826,41
2005-06-24 11:18:00,1.20826,1.20826,1.20816,1.20816,40
2005-06-24 11:19:00,1.20826,1.20836,1.20816,1.20826,43
2005-06-24 11:20:00,1.20826,1.20836,1.20816,1.20826,46
2005-06-24 11:21:00,1.20826,1.20826,1.20826,1.20826,23
2005-06-24 11:22:00,1.20806,1.20826,1.20796,1.20826,47
2005-06-24 11:23:00,1.20796,1.20806,1.20796,1.20806,37
2005-06-24 11:24:00,1.20806,1.20806,1.20786,1.20796,35
2005-06-24 11:25:00,1.20776,1.20806,1.20776,1.20806,42
2005-06-24 11:26:00,1.20766,1.20776,1.20756,1.20776,54
2005-06-24 11:27:00,1.20776,1.20776,1.20766,1.20766,47
2005-06-24 11:28:00,1.20806,1.20806,1.20776,1.20776,55
2005-06-24 11:29:00,1.20806,1.20816,1.20806,1.20806,51
2005-06-24 11:30:00,1.20786,1.20806,1.20786,1.20806,37
2005-06-24 11:31:00,1.20806,1.20806,1.20786,1.20786,37
2005-06-24 11:32:00,1.20836,1.20836,1.20806,1.20806,38
2005-06-24 11:33:00,1.20826,1.20836,1.20816,1.20836,46
2005-06-24 11:34:00,1.20826,1.20826,1.20816,1.20826,42
2005-06-24 11:35:00,1.20836,1.20846,1.20826,1.20826,47
2005-06-24 11:36:00,1.20826,1.20846,1.20826,1.20836,37
2005-06-24 11:37:00,1.20806,1.20836,1.20796,1.20836,46
2005-06-24 11:38:00,1.20836,1.20836,1.20806,1.20806,48
2005-06-24 11:39:00,1.20816,1.20846,1.20816,1.20846,41
2005-06-24 11:40:00,1.20836,1.20836,1.20816,1.20816,50
2005-06-24 11:41:00,1.20866,1.20866,1.20826,1.20836,39
2005-06-24 11:42:00,1.20876,1.20886,1.20866,1.20866,49
2005-06-24 11:43:00,1.20876,1.20886,1.20866,1.20876,50
2005-06-24 11:44:00,1.20916,1.20926,1.20876,1.20886,59
2005-06-24 11:45:00,1.20856,1.20916,1.20856,1.20916,52
2005-06-24 11:46:00,1.20856,1.20866,1.20846,1.20856,51
2005-06-24 11:47:00,1.20856,1.20856,1.20836,1.20856,49
2005-06-24 11:48:00,1.20846,1.20876,1.20836,1.20856,57
2005-06-24 11:49:00,1.20886,1.20896,1.20846,1.20846,53
2005-06-24 11:50:00,1.20876,1.20896,1.20866,1.20896,43
2005-06-24 11:51:00,1.20856,1.20876,1.20856,1.20876,40
2005-06-24 11:52:00,1.20846,1.20876,1.20846,1.20856,43
2005-06-24 11:53:00,1.20826,1.20836,1.20826,1.20836,42
2005-06-24 11:54:00,1.20796,1.20836,1.20796,1.20826,53
2005-06-24 11:55:00,1.20806,1.20816,1.20796,1.20796,47
2005-06-24 11:56:00,1.20816,1.20816,1.20796,1.20806,48
2005-06-24 11:57:00,1.20816,1.20826,1.20796,1.20816,51
2005-06-24 11:58:00,1.20816,1.20816,1.20806,1.20806,34
2005-06-24 11:59:00,1.20816,1.20826,1.20806,1.20816,40
2005-06-24 12:00:00,1.20826,1.20826,1.20816,1.20816,31
2005-06-24 12:01:00,1.20836,1.20846,1.20826,1.20826,39
2005-06-24 12:02:00,1.20846,1.20846,1.20836,1.20836,42
2005-06-24 12:03:00,1.20846,1.20846,1.20816,1.20846,49
2005-06-24 12:04:00,1.20836,1.20846,1.20826,1.20846,50
2005-06-24 12:05:00,1.20836,1.20846,1.20836,1.20836,37
2005-06-24 12:06:00,1.20844,1.20846,1.20826,1.20836,44
2005-06-24 12:07:00,1.20824,1.20844,1.20814,1.20834,56
2005-06-24 12:08:00,1.20814,1.20834,1.20814,1.20824,47
2005-06-24 12:09:00,1.20814,1.20814,1.20794,1.20814,50
2005-06-24 12:10:00,1.20824,1.20824,1.20804,1.20814,41
2005-06-24 12:11:00,1.20834,1.20834,1.20814,1.20824,34
2005-06-24 12:12:00,1.20814,1.20834,1.20814,1.20834,35
2005-06-24 12:13:00,1.20814,1.20814,1.20804,1.20814,37
2005-06-24 12:14:00,1.20824,1.20824,1.20804,1.20814,46
2005-06-24 12:15:00,1.20824,1.20834,1.20814,1.20834,56
2005-06-24 12:16:00,1.20844,1.20844,1.20824,1.20824,41
2005-06-24 12:17:00,1.20804,1.20844,1.20794,1.20844,52
2005-06-24 12:18:00,1.20784,1.20804,1.20774,1.20804,38
2005-06-24 12:19:00,1.20774,1.20784,1.20754,1.20784,47
2005-06-24 12:20:00,1.20764,1.20774,1.20764,1.20774,44
2005-06-24 12:21:00,1.20772,1.20788,1.20764,1.20764,39
2005-06-24 12:22:00,1.20792,1.20812,1.20772,1.20772,48
2005-06-24 12:23:00,1.20812,1.20822,1.20792,1.20792,42
2005-06-24 12:24:00,1.20802,1.20822,1.20802,1.20812,48
2005-06-24 12:25:00,1.20792,1.20802,1.20782,1.20802,49
2005-06-24 12:26:00,1.20802,1.20802,1.20782,1.20782,41
2005-06-24 12:27:00,1.20782,1.20812,1.20782,1.20802,65
2005-06-24 12:28:00,1.20762,1.20782,1.20742,1.20782,56
2005-06-24 12:29:00,1.20752,1.20772,1.20732,1.20762,61
2005-06-24 12:30:00,1.20812,1.20842,1.20612,1.20752,74
2005-06-24 12:31:00,1.20902,1.20912,1.20772,1.20812,66
2005-06-24 12:32:00,1.20902,1.20942,1.20872,1.20902,73
2005-06-24 12:33:00,1.20812,1.20912,1.20812,1.20902,58
2005-06-24 12:34:00,1.20772,1.20852,1.20772,1.20812,61
2005-06-24 12:35:00,1.20792,1.20792,1.20762,1.20772,47
2005-06-24 12:36:00,1.20822,1.20822,1.20792,1.20792,54
2005-06-24 12:37:00,1.20802,1.20842,1.20792,1.20832,54
2005-06-24 12:38:00,1.20832,1.20832,1.20802,1.20802,53
2005-06-24 12:39:00,1.20802,1.20842,1.20792,1.20842,45
2005-06-24 12:40:00,1.20792,1.20802,1.20762,1.20792,56
2005-06-24 12:41:00,1.20722,1.20802,1.20722,1.20792,53
2005-06-24 12:42:00,1.20692,1.20732,1.20692,1.20722,53
2005-06-24 12:43:00,1.20652,1.20702,1.20652,1.20692,51
2005-06-24 12:44:00,1.20692,1.20692,1.20652,1.20652,42
2005-06-24 12:45:00,1.20652,1.20702,1.20632,1.20692,53
2005-06-24 12:46:00,1.20642,1.20652,1.20632,1.20652,48
2005-06-24 12:47:00,1.20622,1.20662,1.20612,1.20642,57
2005-06-24 12:48:00,1.20632,1.20642,1.20612,1.20622,50
2005-06-24 12:49:00,1.20612,1.20642,1.20582,1.20622,57
2005-06-24 12:50:00,1.20602,1.20612,1.20572,1.20612,58
2005-06-24 12:51:00,1.20592,1.20612,1.20572,1.20602,54
2005-06-24 12:52:00,1.20582,1.20602,1.20572,1.20582,54
2005-06-24 12:53:00,1.20582,1.20582,1.20532,1.20572,56
2005-06-24 12:54:00,1.20592,1.20602,1.20562,1.20572,48
2005-06-24 12:55:00,1.20642,1.20652,1.20592,1.20592,59
2005-06-24 12:56:00,1.20672,1.20682,1.20652,1.20652,54
2005-06-24 12:57:00,1.20652,1.20672,1.20642,1.20672,44
2005-06-24 12:58:00,1.20662,1.20662,1.20652,1.20652,40
2005-06-24 12:59:00,1.20652,1.20672,1.20652,1.20662,38
2005-06-24 13:00:00,1.20652,1.20652,1.20632,1.20652,49
2005-06-24 13:01:00,1.20648,1.20672,1.20632,1.20642,53
2005-06-24 13:02:00,1.20678,1.20688,1.20648,1.20648,55
2005-06-24 13:03:00,1.20698,1.20718,1.20678,1.20678,56
2005-06-24 13:04:00,1.20728,1.20738,1.20698,1.20698,47
2005-06-24 13:05:00,1.20718,1.20738,1.20708,1.20738,46
2005-06-24 13:06:00,1.20762,1.20772,1.20718,1.20718,51
2005-06-24 13:07:00,1.20862,1.20862,1.20762,1.20762,58
2005-06-24 13:08:00,1.20882,1.20912,1.20862,1.20862,55
2005-06-24 13:09:00,1.20852,1.20912,1.20852,1.20882,56
2005-06-24 13:10:00,1.20882,1.20902,1.20842,1.20862,61
2005-06-24 13:11:00,1.20852,1.20882,1.20842,1.20872,57
2005-06-24 13:12:00,1.20812,1.20862,1.20792,1.20862,48
2005-06-24 13:13:00,1.20778,1.20812,1.20752,1.20812,50
2005-06-24 13:14:00,1.20758,1.20788,1.20758,1.20778,46
2005-06-24 13:15:00,1.20788,1.20788,1.20748,1.20748,52
2005-06-24 13:16:00,1.20798,1.20798,1.20768,1.20788,46
2005-06-24 13:17:00,1.20738,1.20808,1.20738,1.20798,45
2005-06-24 13:18:00,1.20768,1.20788,1.20748,1.20758,49
2005-06-24 13:19:00,1.20768,1.20778,1.20768,1.20778,49
2005-06-24 13:20:00,1.20738,1.20768,1.20718,1.20768,46
2005-06-24 13:21:00,1.20708,1.20738,1.20698,1.20738,55
2005-06-24 13:22:00,1.20718,1.20728,1.20698,1.20698,58
2005-06-24 13:23:00,1.20688,1.20728,1.20688,1.20718,48
2005-06-24 13:24:00,1.20708,1.20718,1.20688,1.20688,45
2005-06-24 13:25:00,1.20718,1.20728,1.20708,1.20708,44
2005-06-24 13:26:00,1.20708,1.20708,1.20698,1.20708,41
2005-06-24 13:27:00,1.20668,1.20708,1.20658,1.20708,46
2005-06-24 13:28:00,1.20698,1.20698,1.20668,1.20668,52
2005-06-24 13:29:00,1.20688,1.20698,1.20678,1.20698,51
2005-06-24 13:30:00,1.20648,1.20688,1.20648,1.20688,46
2005-06-24 13:31:00,1.20658,1.20668,1.20648,1.20658,43
2005-06-24 13:32:00,1.20648,1.20668,1.20638,1.20658,40
2005-06-24 13:33:00,1.20658,1.20668,1.20648,1.20648,55
2005-06-24 13:34:00,1.20668,1.20668,1.20658,1.20658,46
2005-06-24 13:35:00,1.20688,1.20688,1.20668,1.20668,38
2005-06-24 13:36:00,1.20688,1.20698,1.20668,1.20688,49
2005-06-24 13:37:00,1.20678,1.20688,1.20678,1.20688,45
2005-06-24 13:38:00,1.20678,1.20688,1.20668,1.20678,52
2005-06-24 13:39:00,1.20748,1.20748,1.20678,1.20678,58
2005-06-24 13:40:00,1.20818,1.20828,1.20738,1.20748,50
2005-06-24 13:41:00,1.20798,1.20828,1.20778,1.20818,49
2005-06-24 13:42:00,1.20798,1.20818,1.20798,1.20798,51
2005-06-24 13:43:00,1.20778,1.20818,1.20778,1.20798,48
2005-06-24 13:44:00,1.20768,1.20798,1.20768,1.20778,51
2005-06-24 13:45:00,1.20768,1.20778,1.20768,1.20768,44
2005-06-24 13:46:00,1.20758,1.20778,1.20758,1.20768,39
2005-06-24 13:47:00,1.20738,1.20758,1.20728,1.20758,48
2005-06-24 13:48:00,1.20728,1.20738,1.20728,1.20738,45
2005-06-24 13:49:00,1.20728,1.20738,1.20728,1.20738,41
2005-06-24 13:50:00,1.20752,1.20758,1.20718,1.20738,54
2005-06-24 13:51:00,1.20762,1.20792,1.20752,1.20752,43
2005-06-24 13:52:00,1.20772,1.20782,1.20762,1.20762,47
2005-06-24 13:53:00,1.20792,1.20792,1.20762,1.20772,56
2005-06-24 13:54:00,1.20838,1.20848,1.20792,1.20792,53
2005-06-24 13:55:00,1.20818,1.20838,1.20808,1.20838,50
2005-06-24 13:56:00,1.20788,1.20828,1.20788,1.20818,50
2005-06-24 13:57:00,1.20768,1.20798,1.20768,1.20788,36
2005-06-24 13:58:00,1.20758,1.20778,1.20758,1.20768,42
2005-06-24 13:59:00,1.20728,1.20758,1.20728,1.20758,48
2005-06-24 14:00:00,1.20768,1.20768,1.20718,1.20728,54
2005-06-24 14:01:00,1.20758,1.20778,1.20758,1.20768,47
2005-06-24 14:02:00,1.20788,1.20788,1.20748,1.20758,36
2005-06-24 14:03:00,1.20822,1.20832,1.20778,1.20788,53
2005-06-24 14:04:00,1.20778,1.20832,1.20778,1.20822,48
2005-06-24 14:05:00,1.20758,1.20778,1.20758,1.20778,47
2005-06-24 14:06:00,1.20768,1.20768,1.20748,1.20758,52
2005-06-24 14:07:00,1.20758,1.20778,1.20748,1.20768,51
2005-06-24 14:08:00,1.20798,1.20818,1.20758,1.20758,50
2005-06-24 14:09:00,1.20838,1.20848,1.20798,1.20798,42
2005-06-24 14:10:00,1.20848,1.20858,1.20828,1.20838,55
2005-06-24 14:11:00,1.20868,1.20908,1.20848,1.20848,46
2005-06-24 14:12:00,1.20862,1.20882,1.20858,1.20868,55
2005-06-24 14:13:00,1.20912,1.20922,1.20852,1.20862,61
2005-06-24 14:14:00,1.20928,1.20928,1.20858,1.20912,56
2005-06-24 14:15:00,1.20912,1.20988,1.20912,1.20938,59
2005-06-24 14:16:00,1.20932,1.20932,1.20882,1.20902,50
2005-06-24 14:17:00,1.20892,1.20942,1.20872,1.20932,56
2005-06-24 14:18:00,1.20842,1.20902,1.20842,1.20902,44
2005-06-24 14:19:00,1.20868,1.20868,1.20832,1.20852,45
2005-06-24 14:20:00,1.20862,1.20888,1.20862,1.20868,43
2005-06-24 14:21:00,1.20872,1.20882,1.20862,1.20862,43
2005-06-24 14:22:00,1.20922,1.20922,1.20872,1.20872,49
2005-06-24 14:23:00,1.20932,1.20962,1.20912,1.20922,58
2005-06-24 14:24:00,1.20962,1.20962,1.20932,1.20932,57
2005-06-24 14:25:00,1.20952,1.20962,1.20922,1.20962,62
2005-06-24 14:26:00,1.20942,1.20972,1.20942,1.20942,59
2005-06-24 14:27:00,1.20932,1.20952,1.20932,1.20932,52
2005-06-24 14:28:00,1.20902,1.20932,1.20892,1.20932,43
2005-06-24 14:29:00,1.20922,1.20932,1.20902,1.20902,44
2005-06-24 14:30:00,1.20942,1.20942,1.20912,1.20922,49
2005-06-24 14:31:00,1.21022,1.21042,1.20942,1.20942,55
2005-06-24 14:32:00,1.21072,1.21072,1.21012,1.21022,58
2005-06-24 14:33:00,1.21042,1.21072,1.21042,1.21062,46
2005-06-24 14:34:00,1.21002,1.21042,1.20992,1.21042,60
2005-06-24 14:35:00,1.21032,1.21032,1.21002,1.21002,60
2005-06-24 14:36:00,1.20992,1.21052,1.20992,1.21032,49
2005-06-24 14:37:00,1.21022,1.21042,1.20982,1.21002,51
2005-06-24 14:38:00,1.21012,1.21022,1.20992,1.21022,47
2005-06-24 14:39:00,1.20942,1.21012,1.20942,1.21012,57
2005-06-24 14:40:00,1.20962,1.21002,1.20942,1.20942,57
2005-06-24 14:41:00,1.20942,1.20972,1.20942,1.20952,52
2005-06-24 14:42:00,1.20922,1.20942,1.20912,1.20942,54
2005-06-24 14:43:00,1.20942,1.20942,1.20932,1.20932,47
2005-06-24 14:44:00,1.20902,1.20942,1.20902,1.20942,45
2005-06-24 14:45:00,1.20892,1.20902,1.20882,1.20902,45
2005-06-24 14:46:00,1.20872,1.20892,1.20852,1.20892,53
2005-06-24 14:47:00,1.20882,1.20882,1.20842,1.20862,42
2005-06-24 14:48:00,1.20922,1.20942,1.20872,1.20872,56
2005-06-24 14:49:00,1.20882,1.20922,1.20872,1.20922,49
2005-06-24 14:50:00,1.20892,1.20892,1.20882,1.20882,45
2005-06-24 14:51:00,1.20902,1.20922,1.20892,1.20892,49
2005-06-24 14:52:00,1.20892,1.20902,1.20882,1.20902,46
2005-06-24 14:53:00,1.20882,1.20902,1.20882,1.20892,46
2005-06-24 14:54:00,1.20902,1.20912,1.20882,1.20882,37
2005-06-24 14:55:00,1.20912,1.20942,1.20902,1.20912,51
2005-06-24 14:56:00,1.20902,1.20922,1.20892,1.20912,55
2005-06-24 14:57:00,1.20932,1.20942,1.20902,1.20902,53
2005-06-24 14:58:00,1.20892,1.20932,1.20892,1.20932,55
2005-06-24 14:59:00,1.20892,1.20902,1.20872,1.20892,50
2005-06-24 15:00:00,1.20862,1.20892,1.20842,1.20892,48
2005-06-24 15:01:00,1.20842,1.20862,1.20832,1.20862,49
2005-06-24 15:02:00,1.20822,1.20862,1.20822,1.20852,46
2005-06-24 15:03:00,1.20772,1.20832,1.20772,1.20822,56
2005-06-24 15:04:00,1.20772,1.20802,1.20762,1.20772,48
2005-06-24 15:05:00,1.20782,1.20792,1.20762,1.20772,47
2005-06-24 15:06:00,1.20802,1.20802,1.20772,1.20782,46
2005-06-24 15:07:00,1.20782,1.20802,1.20782,1.20802,42
2005-06-24 15:08:00,1.20798,1.20802,1.20782,1.20792,40
2005-06-24 15:09:00,1.20818,1.20818,1.20798,1.20798,46
2005-06-24 15:10:00,1.20818,1.20828,1.20808,1.20818,33
2005-06-24 15:11:00,1.20778,1.20848,1.20778,1.20828,52
2005-06-24 15:12:00,1.20742,1.20778,1.20742,1.20768,50
2005-06-24 15:13:00,1.20762,1.20772,1.20742,1.20742,49
2005-06-24 15:14:00,1.20802,1.20802,1.20752,1.20762,44
2005-06-24 15:15:00,1.20802,1.20802,1.20782,1.20802,46
2005-06-24 15:16:00,1.20862,1.20882,1.20822,1.20822,55
2005-06-24 15:17:00,1.20882,1.20882,1.20852,1.20862,50
2005-06-24 15:18:00,1.20852,1.20882,1.20852,1.20882,51
2005-06-24 15:19:00,1.20822,1.20852,1.20822,1.20852,38
2005-06-24 15:20:00,1.20812,1.20832,1.20812,1.20822,39
2005-06-24 15:21:00,1.20832,1.20842,1.20812,1.20812,46
2005-06-24 15:22:00,1.20842,1.20852,1.20832,1.20832,46
2005-06-24 15:23:00,1.20802,1.20842,1.20802,1.20842,50
2005-06-24 15:24:00,1.20832,1.20832,1.20802,1.20802,39
2005-06-24 15:25:00,1.20882,1.20892,1.20832,1.20832,55
2005-06-24 15:26:00,1.20868,1.20888,1.20852,1.20882,57
2005-06-24 15:27:00,1.20848,1.20888,1.20848,1.20868,50
2005-06-24 15:28:00,1.20842,1.20852,1.20828,1.20838,44
2005-06-24 15:29:00,1.20852,1.20852,1.20822,1.20832,53
2005-06-24 15:30:00,1.20842,1.20852,1.20822,1.20852,51
2005-06-24 15:31:00,1.20822,1.20842,1.20822,1.20842,45
2005-06-24 15:32:00,1.20832,1.20842,1.20822,1.20822,51
2005-06-24 15:33:00,1.20832,1.20832,1.20832,1.20832,27
2005-06-24 15:34:00,1.20832,1.20842,1.20822,1.20832,34
2005-06-24 15:35:00,1.20832,1.20842,1.20832,1.20832,31
2005-06-24 15:36:00,1.20832,1.20842,1.20832,1.20832,39
2005-06-24 15:37:00,1.20822,1.20842,1.20822,1.20842,34
2005-06-24 15:38:00,1.20842,1.20842,1.20822,1.20822,37
2005-06-24 15:39:00,1.20842,1.20852,1.20842,1.20842,27
2005-06-24 15:40:00,1.20842,1.20842,1.20842,1.20842,27
2005-06-24 15:41:00,1.20852,1.20852,1.20832,1.20842,31
2005-06-24 15:42:00,1.20872,1.20872,1.20852,1.20852,43
2005-06-24 15:43:00,1.20872,1.20892,1.20872,1.20872,47
2005-06-24 15:44:00,1.20942,1.20942,1.20872,1.20872,47
2005-06-24 15:45:00,1.20912,1.20942,1.20912,1.20942,49
2005-06-24 15:46:00,1.20892,1.20912,1.20892,1.20912,46
2005-06-24 15:47:00,1.20912,1.20912,1.20892,1.20892,40
2005-06-24 15:48:00,1.20882,1.20912,1.20882,1.20912,45
2005-06-24 15:49:00,1.20882,1.20892,1.20872,1.20882,47
2005-06-24 15:50:00,1.20872,1.20882,1.20872,1.20882,32
2005-06-24 15:51:00,1.20882,1.20882,1.20872,1.20872,25
2005-06-24 15:52:00,1.20872,1.20882,1.20872,1.20882,18
2005-06-24 15:53:00,1.20862,1.20872,1.20862,1.20872,26
2005-06-24 15:54:00,1.20832,1.20862,1.20832,1.20862,38
2005-06-24 15:55:00,1.20862,1.20862,1.20832,1.20832,39
2005-06-24 15:56:00,1.20852,1.20862,1.20852,1.20852,37
2005-06-24 15:57:00,1.20852,1.20862,1.20852,1.20852,24
2005-06-24 15:58:00,1.20852,1.20852,1.20852,1.20852,17
2005-06-24 15:59:00,1.20852,1.20852,1.20852,1.20852,16
2005-06-24 16:00:00,1.20842,1.20852,1.20822,1.20852,38
2005-06-24 16:01:00,1.20832,1.20842,1.20832,1.20842,27
2005-06-24 16:02:00,1.20838,1.20842,1.20832,1.20832,31
2005-06-24 16:03:00,1.20808,1.20848,1.20808,1.20838,46
2005-06-24 16:04:00,1.20798,1.20818,1.20798,1.20808,43
2005-06-24 16:05:00,1.20798,1.20798,1.20788,1.20798,54
2005-06-24 16:06:00,1.20818,1.20828,1.20798,1.20798,34
2005-06-24 16:07:00,1.20808,1.20838,1.20808,1.20818,43
2005-06-24 16:08:00,1.20818,1.20818,1.20808,1.20808,38
2005-06-24 16:09:00,1.20828,1.20838,1.20828,1.20828,33
2005-06-24 16:10:00,1.20828,1.20838,1.20828,1.20828,32
2005-06-24 16:11:00,1.20818,1.20828,1.20818,1.20828,44
2005-06-24 16:12:00,1.20828,1.20828,1.20818,1.20818,28
2005-06-24 16:13:00,1.20838,1.20848,1.20828,1.20828,36
2005-06-24 16:14:00,1.20838,1.20838,1.20828,1.20838,22
2005-06-24 16:15:00,1.20818,1.20838,1.20818,1.20838,39
2005-06-24 16:16:00,1.20818,1.20818,1.20808,1.20818,29
2005-06-24 16:17:00,1.20818,1.20828,1.20808,1.20818,52
2005-06-24 16:18:00,1.20808,1.20818,1.20808,1.20818,41
2005-06-24 16:19:00,1.20818,1.20828,1.20798,1.20798,46
2005-06-24 16:20:00,1.2082,1.2082,1.2081,1.20818,25
2005-06-24 16:21:00,1.2084,1.2084,1.2082,1.2082,44
2005-06-24 16:22:00,1.2083,1.2084,1.2083,1.2084,47
2005-06-24 16:23:00,1.2083,1.2083,1.2082,1.2082,35
2005-06-24 16:24:00,1.2084,1.2084,1.2083,1.2083,27
2005-06-24 16:25:00,1.2083,1.2084,1.2082,1.2084,42
2005-06-24 16:26:00,1.2084,1.2084,1.2083,1.2083,34
2005-06-24 16:27:00,1.2084,1.2085,1.2082,1.2085,47
2005-06-24 16:28:00,1.2085,1.2085,1.2084,1.2084,31
2005-06-24 16:29:00,1.2091,1.2091,1.2085,1.2085,48
2005-06-24 16:30:00,1.2089,1.2092,1.2088,1.2092,45
2005-06-24 16:31:00,1.2091,1.2091,1.2089,1.2089,37
2005-06-24 16:32:00,1.2086,1.2091,1.2086,1.2091,41
2005-06-24 16:33:00,1.2086,1.2087,1.2086,1.2086,21
2005-06-24 16:34:00,1.2086,1.2087,1.2086,1.2086,38
2005-06-24 16:35:00,1.2087,1.2088,1.2086,1.2086,37
2005-06-24 16:36:00,1.209,1.209,1.2089,1.2089,32
2005-06-24 16:37:00,1.209,1.209,1.2089,1.209,24
2005-06-24 16:38:00,1.209,1.209,1.2089,1.209,18
2005-06-24 16:39:00,1.2091,1.2091,1.209,1.209,29
2005-06-24 16:40:00,1.2088,1.2091,1.2088,1.2091,39
2005-06-24 16:41:00,1.2086,1.2088,1.2086,1.2088,47
2005-06-24 16:42:00,1.2087,1.2087,1.2086,1.2086,32
2005-06-24 16:43:00,1.2086,1.2087,1.2086,1.2087,29
2005-06-24 16:44:00,1.2086,1.2086,1.2086,1.2086,20
2005-06-24 16:45:00,1.2085,1.2085,1.2085,1.2085,19
2005-06-24 16:46:00,1.2085,1.2086,1.2085,1.2085,31
2005-06-24 16:47:00,1.2086,1.2086,1.2085,1.2085,35
2005-06-24 16:48:00,1.2085,1.2086,1.2084,1.2086,25
2005-06-24 16:49:00,1.2085,1.2087,1.2085,1.2085,29
2005-06-24 16:50:00,1.2087,1.2087,1.2085,1.2085,31
2005-06-24 16:51:00,1.2087,1.2087,1.2087,1.2087,14
2005-06-24 16:52:00,1.2084,1.2087,1.2084,1.2087,27
2005-06-24 16:53:00,1.2084,1.2085,1.2084,1.2084,40
2005-06-24 16:54:00,1.2085,1.2085,1.2084,1.2084,38
2005-06-24 16:55:00,1.20868,1.20868,1.2085,1.2085,26
2005-06-24 16:56:00,1.20858,1.20888,1.20858,1.20868,42
2005-06-24 16:57:00,1.20848,1.20858,1.20848,1.20858,48
2005-06-24 16:58:00,1.20858,1.20858,1.20848,1.20848,35
2005-06-24 16:59:00,1.20848,1.20858,1.20848,1.20858,38
2005-06-24 17:00:00,1.20848,1.20848,1.20838,1.20848,37
2005-06-24 17:01:00,1.20838,1.20848,1.20838,1.20848,26
2005-06-24 17:02:00,1.20838,1.20838,1.20838,1.20838,15
2005-06-24 17:03:00,1.20838,1.20838,1.20838,1.20838,10
2005-06-24 17:04:00,1.20828,1.20838,1.20828,1.20838,11
2005-06-24 17:05:00,1.20828,1.20838,1.20828,1.20828,13
2005-06-24 17:06:00,1.20828,1.20828,1.20818,1.20828,21
2005-06-24 17:07:00,1.20838,1.20838,1.20828,1.20828,27
2005-06-24 17:08:00,1.20838,1.20838,1.20838,1.20838,19
2005-06-24 17:09:00,1.20838,1.20838,1.20838,1.20838,13
2005-06-24 17:10:00,1.20838,1.20838,1.20838,1.20838,23
2005-06-24 17:11:00,1.20838,1.20838,1.20838,1.20838,17
2005-06-24 17:12:00,1.20858,1.20858,1.20848,1.20848,30
2005-06-24 17:13:00,1.20848,1.20858,1.20848,1.20858,15
2005-06-24 17:14:00,1.20848,1.20858,1.20848,1.20848,16
2005-06-24 17:15:00,1.20858,1.20858,1.20848,1.20848,30
2005-06-24 17:16:00,1.20848,1.20858,1.20848,1.20858,39
2005-06-24 17:17:00,1.20858,1.20868,1.20848,1.20848,38
2005-06-24 17:18:00,1.20878,1.20898,1.20858,1.20858,52
2005-06-24 17:19:00,1.20888,1.20888,1.20878,1.20878,21
2005-06-24 17:20:00,1.20888,1.20908,1.20888,1.20888,28
2005-06-24 17:21:00,1.20888,1.20898,1.20888,1.20888,37
2005-06-24 17:22:00,1.20878,1.20898,1.20878,1.20888,23
2005-06-24 17:23:00,1.20888,1.20888,1.20878,1.20878,24
2005-06-24 17:24:00,1.20888,1.20888,1.20878,1.20888,21
2005-06-24 17:25:00,1.20868,1.20888,1.20868,1.20888,42
2005-06-24 17:26:00,1.20868,1.20868,1.20868,1.20868,9
2005-06-24 17:27:00,1.20858,1.20868,1.20858,1.20858,35
2005-06-24 17:28:00,1.20848,1.20868,1.20848,1.20858,33
2005-06-24 17:29:00,1.20818,1.20848,1.20808,1.20848,45
2005-06-24 17:30:00,1.20808,1.20818,1.20808,1.20818,34
2005-06-24 17:31:00,1.20818,1.20818,1.20808,1.20808,21
2005-06-24 17:32:00,1.20818,1.20818,1.20808,1.20818,25
2005-06-24 17:33:00,1.20808,1.20818,1.20808,1.20818,38
2005-06-24 17:34:00,1.20788,1.20808,1.20788,1.20808,21
2005-06-24 17:35:00,1.2081,1.2081,1.20778,1.20788,46
2005-06-24 17:36:00,1.208,1.2081,1.2079,1.2081,30
2005-06-24 17:37:00,1.208,1.2081,1.208,1.208,27
2005-06-24 17:38:00,1.208,1.208,1.208,1.208,14
2005-06-24 17:39:00,1.2081,1.2081,1.208,1.208,21
2005-06-24 17:40:00,1.2081,1.2081,1.208,1.2081,36
2005-06-24 17:41:00,1.2081,1.2082,1.208,1.2081,36
2005-06-24 17:42:00,1.208,1.2081,1.208,1.2081,9
2005-06-24 17:43:00,1.208,1.208,1.208,1.208,10
2005-06-24 17:44:00,1.2079,1.208,1.2079,1.208,25
2005-06-24 17:45:00,1.2077,1.2079,1.2077,1.2079,30
2005-06-24 17:46:00,1.2079,1.2079,1.2077,1.2077,30
2005-06-24 17:47:00,1.208,1.2081,1.2079,1.2079,27
2005-06-24 17:48:00,1.2079,1.208,1.2078,1.208,35
2005-06-24 17:49:00,1.2079,1.208,1.2079,1.2079,43
2005-06-24 17:50:00,1.208,1.208,1.2079,1.2079,22
2005-06-24 17:51:00,1.2078,1.208,1.2078,1.2079,41
2005-06-24 17:52:00,1.2079,1.208,1.2078,1.2078,27
2005-06-24 17:53:00,1.2078,1.2079,1.2077,1.2079,41
2005-06-24 17:54:00,1.2078,1.2078,1.2078,1.2078,19
2005-06-24 17:55:00,1.2079,1.2079,1.2078,1.2078,21
2005-06-24 17:56:00,1.208,1.208,1.2078,1.2078,34
2005-06-24 17:57:00,1.208,1.208,1.208,1.208,30
2005-06-24 17:58:00,1.208,1.208,1.208,1.208,11
2005-06-24 17:59:00,1.208,1.208,1.208,1.208,10
2005-06-24 18:00:00,1.2082,1.2082,1.2081,1.2081,7
2005-06-24 18:01:00,1.2083,1.2083,1.2081,1.2082,27
2005-06-24 18:02:00,1.2083,1.2083,1.2082,1.2083,33
2005-06-24 18:03:00,1.2084,1.2084,1.2083,1.2083,12
2005-06-24 18:04:00,1.2083,1.2085,1.2083,1.2084,32
2005-06-24 18:05:00,1.2084,1.2084,1.2082,1.2083,43
2005-06-24 18:06:00,1.2085,1.2086,1.2084,1.2084,35
2005-06-24 18:07:00,1.2085,1.2085,1.2085,1.2085,23
2005-06-24 18:08:00,1.2083,1.2085,1.2083,1.2085,25
2005-06-24 18:09:00,1.2084,1.2084,1.2083,1.2083,36
2005-06-24 18:10:00,1.2085,1.2085,1.2084,1.2084,23
2005-06-24 18:11:00,1.2087,1.2088,1.2084,1.2085,38
2005-06-24 18:12:00,1.2087,1.2088,1.2087,1.2087,23
2005-06-24 18:13:00,1.2086,1.2087,1.2085,1.2087,39
2005-06-24 18:14:00,1.2088,1.2089,1.2086,1.2086,41
2005-06-24 18:15:00,1.2088,1.2088,1.2088,1.2088,15
2005-06-24 18:16:00,1.2089,1.2089,1.2088,1.2088,20
2005-06-24 18:17:00,1.209,1.2091,1.2088,1.2088,43
2005-06-24 18:18:00,1.2088,1.209,1.2088,1.209,37
2005-06-24 18:19:00,1.2089,1.2089,1.2088,1.2088,29
2005-06-24 18:20:00,1.2089,1.209,1.2089,1.2089,21
2005-06-24 18:21:00,1.2089,1.2089,1.2088,1.2089,30
2005-06-24 18:22:00,1.209,1.209,1.2089,1.2089,25
2005-06-24 18:23:00,1.2089,1.209,1.2089,1.209,16
2005-06-24 18:24:00,1.2089,1.209,1.2089,1.2089,22
2005-06-24 18:25:00,1.2089,1.209,1.2089,1.2089,26
2005-06-24 18:26:00,1.209,1.209,1.2089,1.2089,19
2005-06-24 18:27:00,1.209,1.2091,1.209,1.2091,21
2005-06-24 18:28:00,1.2091,1.2091,1.209,1.209,19
2005-06-24 18:29:00,1.209,1.2092,1.209,1.2091,35
2005-06-24 18:30:00,1.2089,1.209,1.2089,1.209,26
2005-06-24 18:31:00,1.209,1.209,1.2089,1.2089,32
2005-06-24 18:32:00,1.209,1.209,1.209,1.209,19
2005-06-24 18:33:00,1.209,1.209,1.209,1.209,6
2005-06-24 18:34:00,1.2095,1.2095,1.209,1.209,37
2005-06-24 18:35:00,1.2093,1.2095,1.2092,1.2095,45
2005-06-24 18:36:00,1.2093,1.2095,1.2093,1.2094,42
2005-06-24 18:37:00,1.2093,1.2094,1.2093,1.2093,27
2005-06-24 18:38:00,1.2093,1.2094,1.2093,1.2093,33
2005-06-24 18:39:00,1.2092,1.2093,1.2092,1.2093,30
2005-06-24 18:40:00,1.2093,1.2093,1.2092,1.2092,27
2005-06-24 18:41:00,1.2093,1.2093,1.2093,1.2093,8
2005-06-24 18:42:00,1.2094,1.2094,1.2094,1.2094,15
2005-06-24 18:43:00,1.2093,1.2094,1.2093,1.2094,29
2005-06-24 18:44:00,1.2092,1.2093,1.2092,1.2093,19
2005-06-24 18:45:00,1.2091,1.2092,1.2091,1.2092,22
2005-06-24 18:46:00,1.2091,1.2092,1.2091,1.2092,30
2005-06-24 18:47:00,1.2091,1.2091,1.2091,1.2091,11
2005-06-24 18:48:00,1.2092,1.2093,1.2091,1.2091,33
2005-06-24 18:49:00,1.2093,1.2093,1.2092,1.2092,32
2005-06-24 18:50:00,1.2093,1.2094,1.2093,1.2093,22
2005-06-24 18:51:00,1.2093,1.2094,1.2093,1.2093,23
2005-06-24 18:52:00,1.2093,1.2093,1.2093,1.2093,9
2005-06-24 18:53:00,1.2093,1.2093,1.2092,1.2093,14
2005-06-24 18:54:00,1.2092,1.2093,1.2091,1.2093,29
2005-06-24 18:55:00,1.2092,1.2093,1.2092,1.2092,29
2005-06-24 18:56:00,1.2091,1.2092,1.2091,1.2092,26
2005-06-24 18:57:00,1.2092,1.2092,1.2091,1.2091,20
2005-06-24 18:58:00,1.2092,1.2092,1.2091,1.2091,23
2005-06-24 18:59:00,1.2092,1.2092,1.2091,1.2092,32
2005-06-24 19:00:00,1.2093,1.2093,1.2092,1.2092,17
2005-06-24 19:01:00,1.2092,1.2093,1.2092,1.2092,7
2005-06-24 19:02:00,1.2093,1.2093,1.2092,1.2092,11
2005-06-24 19:03:00,1.2092,1.2094,1.2092,1.2092,12
2005-06-24 19:04:00,1.2094,1.2095,1.2093,1.2093,10
2005-06-24 19:05:00,1.2095,1.2095,1.2094,1.2094,6
2005-06-24 19:06:00,1.2095,1.2095,1.2095,1.2095,2
2005-06-24 19:07:00,1.2095,1.2096,1.2095,1.2095,12
2005-06-24 19:08:00,1.2097,1.2097,1.2095,1.2096,13
2005-06-24 19:09:00,1.2099,1.2099,1.2096,1.2097,11
2005-06-24 19:10:00,1.2098,1.2099,1.2097,1.2098,11
2005-06-24 19:11:00,1.2098,1.2098,1.2098,1.2098,5
2005-06-24 19:12:00,1.2099,1.2099,1.2099,1.2099,5
2005-06-24 19:13:00,1.2101,1.2101,1.2099,1.2099,11
2005-06-24 19:14:00,1.21,1.2101,1.21,1.21,6
2005-06-24 19:15:00,1.2099,1.21,1.2099,1.2099,9
2005-06-24 19:16:00,1.2099,1.2099,1.2099,1.2099,4
2005-06-24 19:17:00,1.2098,1.2099,1.2098,1.2099,11
2005-06-24 19:18:00,1.2098,1.2098,1.2098,1.2098,2
2005-06-24 19:19:00,1.2098,1.2098,1.2098,1.2098,2
2005-06-24 19:20:00,1.2098,1.2098,1.2098,1.2098,2
2005-06-24 19:21:00,1.2098,1.2098,1.2098,1.2098,2
2005-06-24 19:22:00,1.2098,1.2098,1.2098,1.2098,1
2005-06-24 19:23:00,1.2098,1.2098,1.2098,1.2098,4
2005-06-24 19:24:00,1.2098,1.2098,1.2098,1.2098,2
2005-06-24 19:25:00,1.2097,1.2098,1.2097,1.2098,4
2005-06-24 19:26:00,1.2097,1.2098,1.2097,1.2097,4
2005-06-24 19:27:00,1.2097,1.2098,1.2097,1.2097,5
2005-06-24 19:28:00,1.2098,1.2098,1.2098,1.2098,4
2005-06-24 19:29:00,1.2099,1.2099,1.2098,1.2098,7
2005-06-24 19:30:00,1.2098,1.2099,1.2098,1.2099,6
2005-06-24 19:31:00,1.2098,1.2098,1.2098,1.2098,6
2005-06-24 19:32:00,1.2097,1.2098,1.2097,1.2098,7
2005-06-24 19:33:00,1.2097,1.2097,1.2097,1.2097,3
2005-06-24 19:34:00,1.2097,1.2097,1.2097,1.2097,5
2005-06-24 19:35:00,1.2097,1.2097,1.2097,1.2097,2
2005-06-24 19:36:00,1.2096,1.2097,1.2096,1.2096,14
2005-06-24 19:37:00,1.2095,1.2096,1.2094,1.2096,8
2005-06-24 19:38:00,1.2095,1.2095,1.2094,1.2095,14
2005-06-24 19:39:00,1.2095,1.2095,1.2095,1.2095,2
2005-06-24 19:40:00,1.2098,1.2098,1.2095,1.2096,13
2005-06-24 19:41:00,1.2098,1.2099,1.2097,1.2098,15
2005-06-24 19:42:00,1.2097,1.2098,1.2097,1.2098,6
2005-06-24 19:43:00,1.2098,1.2098,1.2097,1.2097,4
2005-06-24 19:44:00,1.2098,1.2098,1.2098,1.2098,2
2005-06-24 19:45:00,1.2097,1.2098,1.2097,1.2098,5
2005-06-24 19:46:00,1.2096,1.2097,1.2096,1.2096,6
2005-06-24 19:47:00,1.2096,1.2096,1.2096,1.2096,6
2005-06-24 19:48:00,1.2098,1.2099,1.2096,1.2096,13
2005-06-24 19:49:00,1.2099,1.2099,1.2099,1.2099,8
2005-06-24 19:50:00,1.21,1.21,1.2099,1.2099,7
2005-06-24 19:51:00,1.2103,1.2103,1.21,1.2101,8
2005-06-24 19:52:00,1.2102,1.2103,1.2101,1.2102,12
2005-06-24 19:53:00,1.2103,1.2103,1.2102,1.2102,5
2005-06-24 19:54:00,1.2104,1.2108,1.2103,1.2103,15
2005-06-24 19:55:00,1.2104,1.2104,1.2104,1.2104,5
2005-06-24 19:56:00,1.2104,1.2104,1.2104,1.2104,2
2005-06-24 19:57:00,1.2102,1.2104,1.2102,1.2104,10
2005-06-24 19:58:00,1.2102,1.2102,1.2101,1.2102,8
2005-06-24 19:59:00,1.2101,1.2102,1.21,1.2102,7
2005-06-24 20:00:00,1.21,1.21,1.21,1.21,4
2005-06-24 20:01:00,1.2101,1.2101,1.21,1.21,4
2005-06-24 20:02:00,1.21,1.2102,1.21,1.2101,13
2005-06-24 20:03:00,1.2101,1.2101,1.2101,1.2101,3
2005-06-24 20:04:00,1.2101,1.2101,1.2101,1.2101,4
2005-06-24 20:05:00,1.21,1.2101,1.21,1.21,5
2005-06-24 20:06:00,1.21,1.2101,1.21,1.2101,4
2005-06-24 20:07:00,1.2101,1.2101,1.21,1.21,4
2005-06-24 20:08:00,1.21,1.21,1.21,1.21,2
2005-06-24 20:09:00,1.21,1.21,1.21,1.21,2
2005-06-24 20:10:00,1.2102,1.2102,1.21,1.21,13
2005-06-24 20:11:00,1.2099,1.2102,1.2099,1.2101,8
2005-06-24 20:12:00,1.2099,1.21,1.2099,1.2099,7
2005-06-24 20:13:00,1.2098,1.21,1.2097,1.2099,14
2005-06-24 20:14:00,1.2098,1.2099,1.2098,1.2099,6
2005-06-24 20:15:00,1.2098,1.2099,1.2098,1.2099,8
2005-06-24 20:16:00,1.2099,1.2099,1.2098,1.2098,3
2005-06-24 20:17:00,1.2098,1.2099,1.2097,1.2099,6
2005-06-24 20:18:00,1.2099,1.2099,1.2098,1.2099,7
2005-06-24 20:19:00,1.2099,1.2099,1.2099,1.2099,2
2005-06-24 20:20:00,1.2099,1.2099,1.2098,1.2099,4
2005-06-24 20:21:00,1.2099,1.2099,1.2099,1.2099,2
2005-06-24 20:22:00,1.2099,1.2099,1.2099,1.2099,4
2005-06-24 20:23:00,1.2099,1.2099,1.2099,1.2099,2
2005-06-24 20:24:00,1.2098,1.2099,1.2098,1.2099,6
2005-06-24 20:25:00,1.2099,1.2099,1.2098,1.2098,4
2005-06-24 20:26:00,1.2099,1.2099,1.2099,1.2099,2
2005-06-24 20:27:00,1.2099,1.2099,1.2099,1.2099,3
2005-06-24 20:28:00,1.2099,1.2099,1.2099,1.2099,3
2005-06-24 20:29:00,1.2099,1.2099,1.2099,1.2099,2
2005-06-24 20:30:00,1.21,1.21,1.2099,1.2099,3
2005-06-24 20:31:00,1.21,1.21,1.21,1.21,2
2005-06-24 20:32:00,1.21,1.21,1.21,1.21,2
2005-06-24 20:33:00,1.21,1.21,1.21,1.21,2
2005-06-24 20:34:00,1.2099,1.2101,1.2099,1.21,6
2005-06-24 20:35:00,1.21,1.21,1.2099,1.2099,5
2005-06-24 20:36:00,1.2101,1.2101,1.21,1.21,4
2005-06-24 20:37:00,1.21,1.21,1.21,1.21,3
2005-06-24 20:38:00,1.2101,1.2101,1.21,1.21,12
2005-06-24 20:39:00,1.2101,1.2101,1.2101,1.2101,1
2005-06-24 20:40:00,1.2099,1.2101,1.2099,1.2101,4
2005-06-24 20:41:00,1.2099,1.21,1.2099,1.2099,7
2005-06-24 20:42:00,1.2099,1.21,1.2098,1.2099,8
2005-06-24 20:43:00,1.2099,1.2099,1.2099,1.2099,2
2005-06-24 20:44:00,1.2099,1.2099,1.2099,1.2099,3
2005-06-24 20:45:00,1.2099,1.2102,1.2099,1.2099,10
2005-06-24 20:46:00,1.2099,1.21,1.2099,1.21,6
2005-06-24 20:47:00,1.2101,1.2101,1.2099,1.21,15
2005-06-24 20:48:00,1.2101,1.2101,1.21,1.2101,6
2005-06-24 20:49:00,1.2101,1.2101,1.2101,1.2101,2
2005-06-24 20:50:00,1.2099,1.21,1.2099,1.21,4
2005-06-24 20:51:00,1.21,1.21,1.2099,1.21,5
2005-06-24 20:52:00,1.2099,1.21,1.2099,1.21,3
2005-06-24 20:53:00,1.2099,1.2099,1.2099,1.2099,2
2005-06-24 20:54:00,1.2098,1.2099,1.2098,1.2099,4
2005-06-24 20:55:00,1.2097,1.2098,1.2097,1.2098,8
2005-06-24 20:56:00,1.2096,1.2097,1.2095,1.2097,9
2005-06-24 20:57:00,1.2094,1.2098,1.2094,1.2095,13
2005-06-24 20:58:00,1.2092,1.2096,1.2092,1.2094,25
2005-06-24 20:59:00,1.2091,1.2096,1.209,1.2093,24
2005-06-24 21:00:00,1.209,1.209,1.209,1.209,1
2005-06-26 15:44:00,1.2088,1.2088,1.2088,1.2088,1
2005-06-26 17:39:00,1.2088,1.2088,1.2086,1.2086,3
2005-06-26 17:40:00,1.2088,1.2088,1.2088,1.2088,2
2005-06-26 17:41:00,1.2088,1.2088,1.2088,1.2088,2
2005-06-26 17:42:00,1.2088,1.2088,1.2088,1.2088,2
2005-06-26 17:43:00,1.2088,1.2088,1.2088,1.2088,2
2005-06-26 17:44:00,1.2086,1.2086,1.2086,1.2086,3
2005-06-26 17:45:00,1.2086,1.2086,1.2086,1.2086,2
2005-06-26 17:46:00,1.2086,1.2086,1.2086,1.2086,2
2005-06-26 17:47:00,1.2086,1.2086,1.2086,1.2086,2
2005-06-26 17:48:00,1.2086,1.2086,1.2086,1.2086,1
2005-06-26 17:49:00,1.2086,1.2086,1.2086,1.2086,2
2005-06-26 17:50:00,1.2086,1.2086,1.2086,1.2086,2
2005-06-26 17:51:00,1.2086,1.2086,1.2086,1.2086,2
2005-06-26 17:52:00,1.2086,1.2086,1.2086,1.2086,2
2005-06-26 17:53:00,1.2086,1.2086,1.2086,1.2086,2
2005-06-26 17:54:00,1.2086,1.2086,1.2086,1.2086,2
2005-06-26 17:55:00,1.2086,1.2086,1.2086,1.2086,2
2005-06-26 17:56:00,1.2086,1.2086,1.2086,1.2086,2
2005-06-26 17:57:00,1.2086,1.2086,1.2086,1.2086,2
2005-06-26 17:58:00,1.2086,1.2086,1.2086,1.2086,2
2005-06-26 17:59:00,1.2084,1.2084,1.2084,1.2084,3
2005-06-26 18:00:00,1.2084,1.2084,1.2084,1.2084,2
2005-06-26 18:01:00,1.2084,1.2084,1.2084,1.2084,2
2005-06-26 18:02:00,1.2084,1.2084,1.2084,1.2084,2
2005-06-26 18:03:00,1.2084,1.2084,1.2084,1.2084,2
2005-06-26 18:04:00,1.2084,1.2084,1.2084,1.2084,1
2005-06-26 18:05:00,1.2084,1.2084,1.2084,1.2084,2
2005-06-26 18:06:00,1.2084,1.2084,1.2084,1.2084,2
2005-06-26 18:07:00,1.2084,1.2084,1.2084,1.2084,2
2005-06-26 18:08:00,1.2084,1.2084,1.2084,1.2084,2
2005-06-26 18:09:00,1.2084,1.2084,1.2084,1.2084,2
2005-06-26 18:10:00,1.2084,1.2084,1.2084,1.2084,2
2005-06-26 18:11:00,1.2084,1.2084,1.2084,1.2084,2
2005-06-26 18:12:00,1.2084,1.2084,1.2084,1.2084,2
2005-06-26 18:13:00,1.2084,1.2084,1.2084,1.2084,2
2005-06-26 18:14:00,1.2084,1.2084,1.2084,1.2084,2
2005-06-26 18:15:00,1.2084,1.2084,1.2084,1.2084,2
2005-06-26 18:16:00,1.2084,1.2084,1.2084,1.2084,2
2005-06-26 18:17:00,1.2084,1.2084,1.2084,1.2084,2
2005-06-26 18:18:00,1.2084,1.2084,1.2084,1.2084,2
2005-06-26 18:19:00,1.2084,1.2084,1.2084,1.2084,1
2005-06-26 18:20:00,1.2084,1.2084,1.2084,1.2084,2
2005-06-26 18:21:00,1.2084,1.2084,1.2084,1.2084,2
2005-06-26 18:22:00,1.2084,1.2084,1.2084,1.2084,2
2005-06-26 18:23:00,1.2084,1.2084,1.2084,1.2084,2
2005-06-26 18:24:00,1.2084,1.2084,1.2084,1.2084,2
2005-06-26 18:25:00,1.2084,1.2084,1.2084,1.2084,2
2005-06-26 18:26:00,1.2084,1.2084,1.2084,1.2084,2
2005-06-26 18:27:00,1.2084,1.2084,1.2084,1.2084,2
2005-06-26 18:28:00,1.2084,1.2084,1.2084,1.2084,2
2005-06-26 18:29:00,1.2084,1.2084,1.2084,1.2084,2
2005-06-26 18:30:00,1.2084,1.2084,1.2084,1.2084,2
2005-06-26 18:31:00,1.2084,1.2084,1.2084,1.2084,2
2005-06-26 18:32:00,1.2084,1.2084,1.2084,1.2084,2
2005-06-26 18:33:00,1.2084,1.2084,1.2084,1.2084,2
2005-06-26 18:34:00,1.2084,1.2084,1.2084,1.2084,2
2005-06-26 18:35:00,1.2084,1.2084,1.2084,1.2084,1
2005-06-26 18:36:00,1.2084,1.2084,1.2084,1.2084,2
2005-06-26 18:37:00,1.2084,1.2084,1.2084,1.2084,2
2005-06-26 18:38:00,1.20855,1.20855,1.20835,1.2084,4
2005-06-26 18:39:00,1.20855,1.20855,1.20855,1.20855,2
2005-06-26 18:40:00,1.20855,1.20855,1.20855,1.20855,2
2005-06-26 18:41:00,1.20855,1.20855,1.20855,1.20855,2
2005-06-26 18:42:00,1.20855,1.20855,1.20855,1.20855,2
2005-06-26 18:43:00,1.20855,1.20855,1.20855,1.20855,2
2005-06-26 18:44:00,1.20855,1.20855,1.20855,1.20855,1
2005-06-26 18:45:00,1.20855,1.20855,1.20855,1.20855,2
2005-06-26 18:46:00,1.20855,1.20855,1.20855,1.20855,2
2005-06-26 18:47:00,1.20855,1.20855,1.20855,1.20855,2
2005-06-26 18:48:00,1.20855,1.20855,1.20855,1.20855,2
2005-06-26 18:49:00,1.20855,1.20855,1.20855,1.20855,2
2005-06-26 18:50:00,1.20855,1.20855,1.20855,1.20855,1
2005-06-26 18:51:00,1.20855,1.20855,1.20855,1.20855,2
2005-06-26 18:52:00,1.20855,1.20855,1.20855,1.20855,2
2005-06-26 18:53:00,1.20855,1.20855,1.20855,1.20855,2
2005-06-26 18:54:00,1.20855,1.20855,1.20855,1.20855,2
2005-06-26 18:55:00,1.20855,1.20855,1.20855,1.20855,2
2005-06-26 18:56:00,1.20855,1.20855,1.20855,1.20855,2
2005-06-26 18:57:00,1.20855,1.20855,1.20855,1.20855,2
2005-06-26 18:58:00,1.20855,1.20855,1.20855,1.20855,2
2005-06-26 18:59:00,1.20855,1.20855,1.20855,1.20855,2
2005-06-26 19:00:00,1.20855,1.20855,1.20855,1.20855,2
2005-06-26 19:01:00,1.20855,1.20855,1.20855,1.20855,2
2005-06-26 19:02:00,1.20855,1.20855,1.20855,1.20855,2
2005-06-26 19:03:00,1.20855,1.20855,1.20855,1.20855,2
2005-06-26 19:04:00,1.20855,1.20855,1.20855,1.20855,2
2005-06-26 19:05:00,1.20855,1.20855,1.20855,1.20855,2
2005-06-26 19:06:00,1.20855,1.20855,1.20855,1.20855,1
2005-06-26 19:07:00,1.20855,1.20855,1.20855,1.20855,2
2005-06-26 19:08:00,1.20855,1.20855,1.20855,1.20855,2
2005-06-26 19:09:00,1.20855,1.20855,1.20855,1.20855,1
2005-06-26 19:10:00,1.20855,1.20855,1.20855,1.20855,2
2005-06-26 19:11:00,1.20855,1.20855,1.20855,1.20855,2
2005-06-26 19:12:00,1.20865,1.20865,1.20855,1.20855,3
2005-06-26 19:13:00,1.20865,1.20865,1.20865,1.20865,2
2005-06-26 19:14:00,1.20865,1.20865,1.20865,1.20865,2
2005-06-26 19:15:00,1.20865,1.20865,1.20865,1.20865,2
2005-06-26 19:16:00,1.20865,1.20865,1.20865,1.20865,2
2005-06-26 19:17:00,1.20865,1.20865,1.20865,1.20865,2
2005-06-26 19:18:00,1.20865,1.20865,1.20865,1.20865,3
2005-06-26 19:19:00,1.20845,1.20865,1.20845,1.20865,3
2005-06-26 19:20:00,1.20835,1.20835,1.20825,1.20825,4
2005-06-26 19:21:00,1.20835,1.20835,1.20835,1.20835,1
2005-06-26 19:22:00,1.20835,1.20835,1.20835,1.20835,2
2005-06-26 19:23:00,1.20835,1.20835,1.20835,1.20835,2
2005-06-26 19:24:00,1.20835,1.20835,1.20835,1.20835,2
2005-06-26 19:25:00,1.20875,1.20875,1.20835,1.20835,4
2005-06-26 19:26:00,1.20865,1.20875,1.20845,1.20875,6
2005-06-26 19:27:00,1.20865,1.20865,1.20865,1.20865,2
2005-06-26 19:28:00,1.20865,1.20865,1.20865,1.20865,2
2005-06-26 19:29:00,1.20865,1.20865,1.20865,1.20865,2
2005-06-26 19:30:00,1.20865,1.20865,1.20865,1.20865,2
2005-06-26 19:31:00,1.20865,1.20865,1.20865,1.20865,2
2005-06-26 19:32:00,1.20865,1.20865,1.20865,1.20865,2
2005-06-26 19:33:00,1.20865,1.20865,1.20865,1.20865,2
2005-06-26 19:34:00,1.20865,1.20865,1.20865,1.20865,2
2005-06-26 19:35:00,1.20875,1.20875,1.20855,1.20865,5
2005-06-26 19:36:00,1.20875,1.20875,1.20875,1.20875,2
2005-06-26 19:37:00,1.20875,1.20875,1.20875,1.20875,2
2005-06-26 19:38:00,1.20855,1.20875,1.20855,1.20875,4
2005-06-26 19:39:00,1.20855,1.20855,1.20855,1.20855,2
2005-06-26 19:40:00,1.20865,1.20865,1.20855,1.20855,5
2005-06-26 19:41:00,1.20865,1.20865,1.20855,1.20865,4
2005-06-26 19:42:00,1.20865,1.20865,1.20865,1.20865,2
2005-06-26 19:43:00,1.20865,1.20865,1.20865,1.20865,2
2005-06-26 19:44:00,1.20865,1.20865,1.20865,1.20865,2
2005-06-26 19:45:00,1.20865,1.20865,1.20865,1.20865,2
2005-06-26 19:46:00,1.20865,1.20865,1.20865,1.20865,2
2005-06-26 19:47:00,1.20865,1.20865,1.20865,1.20865,2
2005-06-26 19:48:00,1.20865,1.20865,1.20865,1.20865,2
2005-06-26 19:49:00,1.20865,1.20865,1.20865,1.20865,2
2005-06-26 19:50:00,1.20865,1.20865,1.20865,1.20865,2
2005-06-26 19:51:00,1.20865,1.20865,1.20865,1.20865,2
2005-06-26 19:52:00,1.20865,1.20865,1.20825,1.20825,5
2005-06-26 19:53:00,1.20835,1.20845,1.20825,1.20825,8
2005-06-26 19:54:00,1.20835,1.20835,1.20835,1.20835,2
2005-06-26 19:55:00,1.20845,1.20845,1.20835,1.20835,3
2005-06-26 19:56:00,1.20845,1.20845,1.20845,1.20845,2
2005-06-26 19:57:00,1.20845,1.20845,1.20845,1.20845,2
2005-06-26 19:58:00,1.20845,1.20845,1.20845,1.20845,2
2005-06-26 19:59:00,1.20845,1.20845,1.20845,1.20845,2
2005-06-26 20:00:00,1.20835,1.20845,1.20835,1.20845,3
2005-06-26 20:01:00,1.20845,1.20845,1.20845,1.20845,3
2005-06-26 20:02:00,1.20835,1.20835,1.20835,1.20835,2
2005-06-26 20:03:00,1.20835,1.20835,1.20835,1.20835,2
2005-06-26 20:04:00,1.20845,1.20845,1.20835,1.20835,3
2005-06-26 20:05:00,1.20835,1.20845,1.20835,1.20845,3
2005-06-26 20:06:00,1.20855,1.20855,1.20815,1.20815,10
2005-06-26 20:07:00,1.20835,1.20835,1.20835,1.20835,3
2005-06-26 20:08:00,1.20835,1.20835,1.20835,1.20835,2
2005-06-26 20:09:00,1.20835,1.20835,1.20835,1.20835,2
2005-06-26 20:10:00,1.20835,1.2085,1.20835,1.2085,3
2005-06-26 20:11:00,1.20835,1.20835,1.20835,1.20835,2
2005-06-26 20:12:00,1.20865,1.20865,1.20835,1.20835,3
2005-06-26 20:13:00,1.20865,1.20865,1.20865,1.20865,2
2005-06-26 20:14:00,1.20865,1.20865,1.20865,1.20865,2
2005-06-26 20:15:00,1.20865,1.20865,1.20865,1.20865,2
2005-06-26 20:16:00,1.20865,1.20865,1.20865,1.20865,2
2005-06-26 20:17:00,1.20875,1.20875,1.20875,1.20875,3
2005-06-26 20:18:00,1.20875,1.20875,1.20875,1.20875,2
2005-06-26 20:19:00,1.20875,1.20875,1.20875,1.20875,3
2005-06-26 20:20:00,1.20875,1.20875,1.20875,1.20875,2
2005-06-26 20:21:00,1.20875,1.20875,1.20875,1.20875,2
2005-06-26 20:22:00,1.20875,1.20875,1.20875,1.20875,2
2005-06-26 20:23:00,1.20875,1.20875,1.20875,1.20875,1
2005-06-26 20:24:00,1.20875,1.20875,1.20875,1.20875,2
2005-06-26 20:25:00,1.20875,1.20875,1.20875,1.20875,3
2005-06-26 20:26:00,1.20895,1.20895,1.20875,1.20875,5
2005-06-26 20:27:00,1.20895,1.20895,1.20895,1.20895,2
2005-06-26 20:28:00,1.20935,1.20965,1.20895,1.20895,8
2005-06-26 20:29:00,1.20925,1.20925,1.20915,1.20915,5
2005-06-26 20:30:00,1.20925,1.20925,1.20925,1.20925,1
2005-06-26 20:31:00,1.20905,1.20925,1.20905,1.20925,8
2005-06-26 20:32:00,1.20965,1.20965,1.20905,1.20905,5
2005-06-26 20:33:00,1.20915,1.20965,1.20905,1.20935,12
2005-06-26 20:34:00,1.20915,1.20915,1.20915,1.20915,2
2005-06-26 20:35:00,1.20915,1.20915,1.20915,1.20915,4
2005-06-26 20:36:00,1.20915,1.20915,1.20915,1.20915,3
2005-06-26 20:37:00,1.20915,1.20915,1.20915,1.20915,2
2005-06-26 20:38:00,1.20915,1.20915,1.20915,1.20915,2
2005-06-26 20:39:00,1.20915,1.20915,1.20915,1.20915,1
2005-06-26 20:40:00,1.20915,1.20915,1.20915,1.20915,2
2005-06-26 20:41:00,1.20915,1.20915,1.20915,1.20915,2
2005-06-26 20:42:00,1.20915,1.20915,1.20915,1.20915,2
2005-06-26 20:43:00,1.20915,1.20915,1.20915,1.20915,2
2005-06-26 20:44:00,1.20915,1.20915,1.20915,1.20915,2
2005-06-26 20:45:00,1.20915,1.20915,1.20915,1.20915,2
2005-06-26 20:46:00,1.20915,1.20915,1.20915,1.20915,2
2005-06-26 20:47:00,1.20915,1.20915,1.20915,1.20915,2
2005-06-26 20:48:00,1.20915,1.20915,1.20915,1.20915,2
2005-06-26 20:49:00,1.20915,1.20915,1.20915,1.20915,2
2005-06-26 20:50:00,1.20915,1.20915,1.20915,1.20915,2
2005-06-26 20:51:00,1.20915,1.20915,1.20915,1.20915,1
2005-06-26 20:52:00,1.20915,1.20915,1.20905,1.20905,4
2005-06-26 20:55:00,1.20915,1.20915,1.20915,1.20915,2
2005-06-26 20:56:00,1.20915,1.20915,1.20915,1.20915,2
2005-06-26 20:57:00,1.20915,1.20915,1.20915,1.20915,5
2005-06-26 20:58:00,1.20915,1.20915,1.20915,1.20915,2
2005-06-26 20:59:00,1.20915,1.20915,1.20915,1.20915,2
2005-06-26 21:00:00,1.2092,1.2092,1.20915,1.20915,4
2005-06-26 21:01:00,1.2092,1.2092,1.2092,1.2092,2
2005-06-26 21:02:00,1.2092,1.2092,1.2092,1.2092,2
2005-06-26 21:03:00,1.2092,1.2092,1.2091,1.2092,4
2005-06-26 21:04:00,1.2092,1.2092,1.2091,1.2091,7
2005-06-26 21:05:00,1.2094,1.2095,1.2092,1.2092,6
2005-06-26 21:06:00,1.2094,1.2094,1.2094,1.2094,2
2005-06-26 21:07:00,1.2095,1.2095,1.2094,1.2094,3
2005-06-26 21:08:00,1.2095,1.2095,1.2095,1.2095,1
2005-06-26 21:09:00,1.2095,1.2095,1.20945,1.20945,3
2005-06-26 21:10:00,1.2095,1.2095,1.2095,1.2095,1
2005-06-26 21:11:00,1.2095,1.2095,1.2095,1.2095,2
2005-06-26 21:12:00,1.2095,1.2095,1.2095,1.2095,2
2005-06-26 21:13:00,1.2095,1.2096,1.2095,1.2095,4
2005-06-26 21:14:00,1.2096,1.2096,1.2094,1.2096,7
2005-06-26 21:15:00,1.2095,1.2095,1.2095,1.2095,3
2005-06-26 21:16:00,1.2096,1.2096,1.2095,1.2095,5
2005-06-26 21:17:00,1.2097,1.2097,1.2095,1.2095,6
2005-06-26 21:18:00,1.2097,1.2097,1.2096,1.2097,9
2005-06-26 21:19:00,1.2097,1.2097,1.2097,1.2097,2
2005-06-26 21:20:00,1.2098,1.2099,1.2097,1.2097,8
2005-06-26 21:21:00,1.2098,1.2099,1.2097,1.2099,5
2005-06-26 21:22:00,1.2101,1.2104,1.2098,1.2098,5
2005-06-26 21:23:00,1.2101,1.2101,1.2101,1.2101,2
2005-06-26 21:24:00,1.2097,1.2099,1.2097,1.2099,4
2005-06-26 21:25:00,1.2097,1.2098,1.2097,1.2098,6
2005-06-26 21:26:00,1.2097,1.2098,1.2096,1.2097,5
2005-06-26 21:27:00,1.2096,1.2097,1.2096,1.2097,3
2005-06-26 21:28:00,1.2095,1.2096,1.2095,1.2096,3
2005-06-26 21:29:00,1.2095,1.2095,1.2095,1.2095,2
2005-06-26 21:30:00,1.2095,1.2095,1.2095,1.2095,2
2005-06-26 21:31:00,1.2095,1.2095,1.2095,1.2095,2
2005-06-26 21:32:00,1.2093,1.2095,1.2093,1.2095,4
2005-06-26 21:33:00,1.2093,1.2094,1.2093,1.2094,5
2005-06-26 21:34:00,1.2093,1.2093,1.2093,1.2093,2
2005-06-26 21:35:00,1.2093,1.2093,1.2093,1.2093,2
2005-06-26 21:36:00,1.2093,1.2093,1.2093,1.2093,2
2005-06-26 21:37:00,1.2093,1.2093,1.2093,1.2093,2
2005-06-26 21:38:00,1.2093,1.2093,1.2093,1.2093,2
2005-06-26 21:39:00,1.2093,1.2093,1.2093,1.2093,2
2005-06-26 21:40:00,1.2092,1.2093,1.2092,1.2092,7
2005-06-26 21:41:00,1.2092,1.2093,1.2092,1.2093,3
2005-06-26 21:42:00,1.2092,1.2093,1.2092,1.2092,5
2005-06-26 21:43:00,1.2092,1.2094,1.2092,1.2092,4
2005-06-26 21:44:00,1.2091,1.2092,1.2091,1.2092,4
2005-06-26 21:45:00,1.2091,1.2092,1.2091,1.2092,8
2005-06-26 21:46:00,1.2094,1.2094,1.2091,1.2091,11
2005-06-26 21:47:00,1.2092,1.2093,1.2092,1.2093,4
2005-06-26 21:48:00,1.2092,1.2092,1.2092,1.2092,3
2005-06-26 21:49:00,1.2092,1.2092,1.2092,1.2092,4
2005-06-26 21:50:00,1.2092,1.2092,1.2092,1.2092,2
2005-06-26 21:51:00,1.2094,1.2094,1.2091,1.2092,10
2005-06-26 21:52:00,1.2093,1.2093,1.2092,1.2092,4
2005-06-26 21:53:00,1.2093,1.2093,1.2093,1.2093,2
2005-06-26 21:54:00,1.2093,1.2093,1.2093,1.2093,3
2005-06-26 21:55:00,1.2092,1.2093,1.2092,1.2093,4
2005-06-26 21:56:00,1.2092,1.2093,1.2092,1.2093,5
2005-06-26 21:57:00,1.2095,1.2096,1.2092,1.2092,7
2005-06-26 21:58:00,1.2096,1.2097,1.2095,1.2095,10
2005-06-26 21:59:00,1.2097,1.21,1.2096,1.2097,9
2005-06-26 22:00:00,1.2098,1.2098,1.2097,1.2097,4
2005-06-26 22:01:00,1.2099,1.21,1.2098,1.2098,6
2005-06-26 22:02:00,1.2098,1.2099,1.2098,1.2099,5
2005-06-26 22:03:00,1.2098,1.2098,1.2098,1.2098,3
2005-06-26 22:04:00,1.2097,1.2098,1.2096,1.2098,8
2005-06-26 22:05:00,1.2097,1.2097,1.2097,1.2097,2
2005-06-26 22:06:00,1.2097,1.2097,1.2097,1.2097,2
2005-06-26 22:07:00,1.2097,1.2097,1.2097,1.2097,2
2005-06-26 22:08:00,1.2097,1.2097,1.2097,1.2097,2
2005-06-26 22:09:00,1.2097,1.2097,1.2097,1.2097,4
2005-06-26 22:10:00,1.2097,1.2098,1.2097,1.2097,9
2005-06-26 22:11:00,1.2097,1.2097,1.2097,1.2097,4
2005-06-26 22:12:00,1.2096,1.2097,1.2096,1.2097,3
2005-06-26 22:13:00,1.2096,1.2096,1.2096,1.2096,6
2005-06-26 22:14:00,1.2096,1.2096,1.2096,1.2096,4
2005-06-26 22:15:00,1.2097,1.2097,1.2096,1.2096,3
2005-06-26 22:16:00,1.2096,1.2097,1.2096,1.2097,5
2005-06-26 22:17:00,1.2096,1.2096,1.2096,1.2096,2
2005-06-26 22:18:00,1.2096,1.2096,1.2096,1.2096,2
2005-06-26 22:19:00,1.2096,1.2096,1.2096,1.2096,2
2005-06-26 22:20:00,1.2096,1.2096,1.2096,1.2096,2
2005-06-26 22:21:00,1.2096,1.2096,1.2096,1.2096,2
2005-06-26 22:22:00,1.2099,1.2099,1.2095,1.2096,9
2005-06-26 22:23:00,1.2099,1.2099,1.2098,1.20985,7
2005-06-26 22:24:00,1.2098,1.2098,1.2098,1.2098,4
2005-06-26 22:25:00,1.2098,1.2098,1.2098,1.2098,5
2005-06-26 22:26:00,1.2098,1.21,1.2098,1.2099,8
2005-06-26 22:27:00,1.2098,1.2098,1.2098,1.2098,2
2005-06-26 22:28:00,1.2098,1.2098,1.2098,1.2098,3
2005-06-26 22:29:00,1.2098,1.2098,1.2098,1.2098,4
2005-06-26 22:30:00,1.2098,1.2098,1.2098,1.2098,3
2005-06-26 22:31:00,1.2098,1.2098,1.2098,1.2098,3
2005-06-26 22:32:00,1.2098,1.2098,1.2098,1.2098,1
2005-06-26 22:33:00,1.2098,1.2099,1.2098,1.2098,4
2005-06-26 22:34:00,1.2098,1.2098,1.2098,1.2098,2
2005-06-26 22:35:00,1.2098,1.2098,1.2098,1.2098,2
2005-06-26 22:36:00,1.2098,1.2098,1.2098,1.2098,2
2005-06-26 22:37:00,1.2098,1.2098,1.2097,1.2098,5
2005-06-26 22:38:00,1.2098,1.2098,1.2098,1.2098,5
2005-06-26 22:39:00,1.2098,1.2098,1.2097,1.2098,5
2005-06-26 22:40:00,1.2098,1.2098,1.2098,1.2098,2
2005-06-26 22:41:00,1.2098,1.2098,1.2098,1.2098,2
2005-06-26 22:42:00,1.21,1.21,1.2098,1.2098,9
2005-06-26 22:43:00,1.21,1.21,1.2099,1.2099,4
2005-06-26 22:44:00,1.21,1.21,1.21,1.21,2
2005-06-26 22:45:00,1.2102,1.2102,1.2099,1.21,10
2005-06-26 22:46:00,1.2102,1.2103,1.2102,1.2102,6
2005-06-26 22:47:00,1.2103,1.2103,1.2102,1.2102,4
2005-06-26 22:48:00,1.2103,1.2103,1.2103,1.2103,5
2005-06-26 22:49:00,1.2106,1.2106,1.2103,1.2103,18
2005-06-26 22:50:00,1.2107,1.2107,1.2106,1.2106,8
2005-06-26 22:51:00,1.2107,1.2108,1.2106,1.2106,12
2005-06-26 22:52:00,1.2107,1.2107,1.2107,1.2107,3
2005-06-26 22:53:00,1.2107,1.2108,1.2107,1.2107,9
2005-06-26 22:54:00,1.2108,1.2108,1.2107,1.2108,5
2005-06-26 22:55:00,1.2109,1.2109,1.2107,1.2107,9
2005-06-26 22:56:00,1.2109,1.2109,1.2109,1.2109,2
2005-06-26 22:57:00,1.2108,1.2109,1.2107,1.2108,19
2005-06-26 22:58:00,1.2107,1.2109,1.2107,1.2109,10
2005-06-26 22:59:00,1.2107,1.2108,1.2107,1.2107,5
2005-06-26 23:00:00,1.2107,1.2108,1.2106,1.2107,16
2005-06-26 23:01:00,1.2106,1.2107,1.2106,1.2107,14
2005-06-26 23:02:00,1.2107,1.2107,1.2106,1.2107,6
2005-06-26 23:03:00,1.2108,1.2109,1.2107,1.2107,12
2005-06-26 23:04:00,1.2108,1.2108,1.2107,1.2108,16
2005-06-26 23:05:00,1.2107,1.2108,1.2107,1.2107,12
2005-06-26 23:06:00,1.2107,1.2107,1.2107,1.2107,8
2005-06-26 23:07:00,1.2109,1.2109,1.2106,1.2106,13
2005-06-26 23:08:00,1.2112,1.2114,1.211,1.211,22
2005-06-26 23:09:00,1.2113,1.2113,1.2111,1.2112,12
2005-06-26 23:10:00,1.2112,1.2113,1.2111,1.2113,12
2005-06-26 23:11:00,1.2112,1.2113,1.2112,1.2112,12
2005-06-26 23:12:00,1.2113,1.2113,1.2112,1.2112,9
2005-06-26 23:13:00,1.2113,1.2113,1.2112,1.2112,14
2005-06-26 23:14:00,1.2113,1.2113,1.2113,1.2113,4
2005-06-26 23:15:00,1.2113,1.2113,1.2113,1.2113,4
2005-06-26 23:16:00,1.2113,1.2113,1.2113,1.2113,2
2005-06-26 23:17:00,1.2117,1.2118,1.2113,1.2113,17
2005-06-26 23:18:00,1.2118,1.2118,1.2117,1.2118,8
2005-06-26 23:19:00,1.2122,1.2124,1.2118,1.2118,23
2005-06-26 23:20:00,1.2122,1.2123,1.2122,1.2122,16
2005-06-26 23:21:00,1.2122,1.2122,1.2122,1.2122,2
2005-06-26 23:22:00,1.2119,1.2122,1.2119,1.2121,23
2005-06-26 23:23:00,1.2117,1.2118,1.2116,1.2118,17
2005-06-26 23:24:00,1.2117,1.2118,1.2116,1.2116,13
2005-06-26 23:25:00,1.2118,1.2118,1.2117,1.2118,11
2005-06-26 23:26:00,1.2117,1.2119,1.2117,1.2118,13
2005-06-26 23:27:00,1.2121,1.2121,1.2117,1.2118,22
2005-06-26 23:28:00,1.212,1.2121,1.2119,1.212,10
2005-06-26 23:29:00,1.212,1.2121,1.2119,1.212,16
2005-06-26 23:30:00,1.2119,1.212,1.2118,1.212,8
2005-06-26 23:31:00,1.2119,1.2119,1.2119,1.2119,7
2005-06-26 23:32:00,1.2119,1.21195,1.2119,1.2119,4
2005-06-26 23:33:00,1.2124,1.2124,1.212,1.2121,13
2005-06-26 23:34:00,1.2134,1.2135,1.2123,1.2124,30
2005-06-26 23:35:00,1.2132,1.2134,1.2132,1.2133,21
2005-06-26 23:36:00,1.213,1.2132,1.2129,1.2131,22
2005-06-26 23:37:00,1.2131,1.2132,1.213,1.213,14
2005-06-26 23:38:00,1.2132,1.2133,1.213,1.2133,18
2005-06-26 23:39:00,1.213,1.2132,1.213,1.2132,5
2005-06-26 23:40:00,1.213,1.2131,1.213,1.2131,20
2005-06-26 23:41:00,1.2132,1.2132,1.2131,1.2131,15
2005-06-26 23:42:00,1.2132,1.2132,1.2131,1.2131,9
2005-06-26 23:43:00,1.2132,1.2133,1.2131,1.2131,13
2005-06-26 23:44:00,1.2135,1.2136,1.2131,1.2132,25
2005-06-26 23:45:00,1.2137,1.2138,1.2135,1.2135,24
2005-06-26 23:46:00,1.2137,1.2137,1.2136,1.2137,15
2005-06-26 23:47:00,1.2134,1.2137,1.2134,1.2137,17
2005-06-26 23:48:00,1.2135,1.2136,1.2133,1.2134,19
2005-06-26 23:49:00,1.2135,1.2135,1.2134,1.2135,11
2005-06-26 23:50:00,1.2134,1.2135,1.2134,1.2135,6
2005-06-26 23:51:00,1.2132,1.2134,1.2131,1.2133,13
2005-06-26 23:52:00,1.2131,1.2132,1.2131,1.2132,13
2005-06-26 23:53:00,1.2129,1.2131,1.2129,1.2131,11
2005-06-26 23:54:00,1.2129,1.213,1.2129,1.2129,5
2005-06-26 23:55:00,1.2129,1.213,1.2129,1.2129,12
2005-06-26 23:56:00,1.2129,1.2129,1.2129,1.2129,7
2005-06-26 23:57:00,1.2127,1.2129,1.2127,1.2129,13
2005-06-26 23:58:00,1.2128,1.2129,1.2127,1.2127,7
2005-06-26 23:59:00,1.2127,1.2128,1.2127,1.2127,7
2005-06-27 00:00:00,1.2127,1.2128,1.2126,1.2127,13
2005-06-27 00:01:00,1.2126,1.2128,1.2126,1.2127,11
2005-06-27 00:02:00,1.21266,1.21266,1.21256,1.2126,10
2005-06-27 00:03:00,1.21266,1.21266,1.21256,1.21266,10
2005-06-27 00:04:00,1.21266,1.21276,1.21256,1.21266,17
2005-06-27 00:05:00,1.21256,1.21266,1.21256,1.21266,17
2005-06-27 00:06:00,1.21226,1.21256,1.21226,1.21256,19
2005-06-27 00:07:00,1.21234,1.21236,1.21234,1.21236,6
2005-06-27 00:08:00,1.21244,1.21254,1.21234,1.21234,9
2005-06-27 00:09:00,1.21234,1.21244,1.21234,1.21244,11
2005-06-27 00:10:00,1.21234,1.21244,1.21234,1.21234,9
2005-06-27 00:11:00,1.21274,1.21274,1.21234,1.21234,18
2005-06-27 00:12:00,1.21274,1.21294,1.21274,1.21284,10
2005-06-27 00:13:00,1.21264,1.21274,1.21254,1.21274,8
2005-06-27 00:14:00,1.21264,1.21274,1.21264,1.21264,6
2005-06-27 00:15:00,1.21244,1.21264,1.21244,1.21264,8
2005-06-27 00:16:00,1.21244,1.21244,1.21244,1.21244,4
2005-06-27 00:17:00,1.21254,1.21254,1.21244,1.21244,5
2005-06-27 00:18:00,1.21244,1.21254,1.21234,1.21254,12
2005-06-27 00:19:00,1.21254,1.21254,1.21244,1.21244,3
2005-06-27 00:20:00,1.21254,1.21254,1.21244,1.21254,7
2005-06-27 00:21:00,1.21244,1.21254,1.21244,1.21254,10
2005-06-27 00:22:00,1.21234,1.21244,1.21234,1.21244,4
2005-06-27 00:23:00,1.21234,1.21254,1.21234,1.21234,6
2005-06-27 00:24:00,1.21234,1.21254,1.21234,1.21244,15
2005-06-27 00:25:00,1.21224,1.21234,1.21224,1.21234,7
2005-06-27 00:26:00,1.21224,1.21234,1.21224,1.21224,6
2005-06-27 00:27:00,1.21234,1.21254,1.21234,1.21244,12
2005-06-27 00:28:00,1.21234,1.21234,1.21234,1.21234,5
2005-06-27 00:29:00,1.21234,1.21234,1.21234,1.21234,2
2005-06-27 00:30:00,1.21234,1.21234,1.21234,1.21234,2
2005-06-27 00:31:00,1.21244,1.21254,1.21234,1.21244,12
2005-06-27 00:32:00,1.21254,1.21264,1.21244,1.21244,19
2005-06-27 00:33:00,1.21254,1.21254,1.21254,1.21254,2
2005-06-27 00:34:00,1.21264,1.21264,1.21254,1.21254,4
2005-06-27 00:35:00,1.21264,1.21264,1.21254,1.21254,5
2005-06-27 00:36:00,1.21284,1.21284,1.21264,1.21264,10
2005-06-27 00:37:00,1.21294,1.21294,1.21274,1.21274,10
2005-06-27 00:38:00,1.21284,1.21294,1.21284,1.21284,8
2005-06-27 00:39:00,1.21284,1.21294,1.21284,1.21284,7
2005-06-27 00:40:00,1.21314,1.21314,1.21284,1.21284,9
2005-06-27 00:41:00,1.21304,1.21324,1.21304,1.21324,14
2005-06-27 00:42:00,1.21294,1.21304,1.21284,1.21304,6
2005-06-27 00:43:00,1.21284,1.21294,1.21284,1.21284,10
2005-06-27 00:44:00,1.21284,1.21294,1.21284,1.21284,14
2005-06-27 00:45:00,1.21294,1.21294,1.21284,1.21284,8
2005-06-27 00:46:00,1.21284,1.21294,1.21284,1.21294,7
2005-06-27 00:47:00,1.21294,1.21294,1.21284,1.21284,3
2005-06-27 00:48:00,1.21294,1.21294,1.21294,1.21294,2
2005-06-27 00:49:00,1.21284,1.21294,1.21284,1.21294,8
2005-06-27 00:50:00,1.21284,1.21284,1.21284,1.21284,2
2005-06-27 00:51:00,1.21284,1.21284,1.21284,1.21284,2
2005-06-27 00:52:00,1.21284,1.21284,1.21274,1.21284,4
2005-06-27 00:53:00,1.21244,1.21274,1.21244,1.21274,10
2005-06-27 00:54:00,1.21254,1.21254,1.21244,1.21244,12
2005-06-27 00:55:00,1.21264,1.21264,1.21254,1.21254,17
2005-06-27 00:56:00,1.21254,1.21264,1.21254,1.21254,13
2005-06-27 00:57:00,1.21254,1.21254,1.21254,1.21254,2
2005-06-27 00:58:00,1.21254,1.21264,1.21254,1.21264,8
2005-06-27 00:59:00,1.21274,1.21274,1.21254,1.21254,10
2005-06-27 01:00:00,1.21274,1.21274,1.21274,1.21274,7
2005-06-27 01:01:00,1.21294,1.21294,1.21274,1.21274,8
2005-06-27 01:02:00,1.21324,1.21324,1.21294,1.21294,6
2005-06-27 01:03:00,1.21334,1.21334,1.21324,1.21324,5
2005-06-27 01:04:00,1.21314,1.21324,1.21304,1.21324,14
2005-06-27 01:05:00,1.21294,1.21314,1.21284,1.21314,13
2005-06-27 01:06:00,1.21294,1.21294,1.21294,1.21294,8
2005-06-27 01:07:00,1.21294,1.21294,1.21284,1.21294,10
2005-06-27 01:08:00,1.21294,1.21304,1.21294,1.21294,7
2005-06-27 01:09:00,1.21294,1.21294,1.21294,1.21294,2
2005-06-27 01:10:00,1.21304,1.21304,1.21294,1.21294,5
2005-06-27 01:11:00,1.21294,1.21304,1.21294,1.21304,3
2005-06-27 01:12:00,1.21284,1.21294,1.21284,1.21294,5
2005-06-27 01:13:00,1.21284,1.21284,1.21264,1.21284,10
2005-06-27 01:14:00,1.21274,1.21284,1.21264,1.21284,17
2005-06-27 01:15:00,1.21294,1.21294,1.21274,1.21284,10
2005-06-27 01:16:00,1.21294,1.21294,1.21294,1.21294,2
2005-06-27 01:17:00,1.21324,1.21324,1.21294,1.21294,10
2005-06-27 01:18:00,1.21324,1.21334,1.21324,1.21324,6
2005-06-27 01:19:00,1.21304,1.21324,1.21304,1.21324,9
2005-06-27 01:20:00,1.21294,1.21314,1.21294,1.21304,12
2005-06-27 01:21:00,1.21284,1.21294,1.21284,1.21294,6
2005-06-27 01:22:00,1.21264,1.21274,1.21244,1.21274,24
2005-06-27 01:23:00,1.21284,1.21284,1.21264,1.21274,11
2005-06-27 01:24:00,1.21274,1.21284,1.21274,1.21274,13
2005-06-27 01:25:00,1.21254,1.21274,1.21254,1.21264,16
2005-06-27 01:26:00,1.21264,1.21264,1.21244,1.21244,13
2005-06-27 01:27:00,1.21254,1.21264,1.21254,1.21264,8
2005-06-27 01:28:00,1.21254,1.21254,1.21254,1.21254,5
2005-06-27 01:29:00,1.21254,1.21254,1.21244,1.21244,8
2005-06-27 01:30:00,1.21254,1.21254,1.21254,1.21254,4
2005-06-27 01:31:00,1.21264,1.21264,1.21254,1.21254,4
2005-06-27 01:32:00,1.21254,1.21264,1.21254,1.21264,3
2005-06-27 01:33:00,1.21254,1.21264,1.21254,1.21264,4
2005-06-27 01:34:00,1.21254,1.21254,1.21254,1.21254,3
2005-06-27 01:35:00,1.21264,1.21264,1.21254,1.21254,3
2005-06-27 01:36:00,1.21264,1.21264,1.21254,1.21264,8
2005-06-27 01:37:00,1.21304,1.21304,1.21264,1.21264,18
2005-06-27 01:38:00,1.21304,1.21304,1.21294,1.21304,5
2005-06-27 01:39:00,1.21314,1.21314,1.21304,1.21304,4
2005-06-27 01:40:00,1.21314,1.21324,1.21304,1.21314,9
2005-06-27 01:41:00,1.21314,1.21324,1.21304,1.21314,15
2005-06-27 01:42:00,1.21304,1.21314,1.21304,1.21304,11
2005-06-27 01:43:00,1.21314,1.21314,1.21304,1.21304,7
2005-06-27 01:44:00,1.21314,1.21314,1.21304,1.21304,9
2005-06-27 01:45:00,1.21324,1.21334,1.21314,1.21314,8
2005-06-27 01:46:00,1.21314,1.21324,1.21304,1.21324,18
2005-06-27 01:47:00,1.21304,1.21314,1.21304,1.21304,11
2005-06-27 01:48:00,1.21304,1.21304,1.21284,1.21294,14
2005-06-27 01:49:00,1.21284,1.21304,1.21284,1.21294,7
2005-06-27 01:50:00,1.21284,1.21294,1.21284,1.21284,6
2005-06-27 01:51:00,1.21284,1.21294,1.21284,1.21284,7
2005-06-27 01:52:00,1.21284,1.21284,1.21284,1.21284,4
2005-06-27 01:53:00,1.21284,1.21284,1.21284,1.21284,3
2005-06-27 01:54:00,1.21284,1.21294,1.21284,1.21284,5
2005-06-27 01:55:00,1.21284,1.21284,1.21274,1.21284,9
2005-06-27 01:56:00,1.21284,1.21294,1.21284,1.21284,12
2005-06-27 01:57:00,1.21274,1.21284,1.21264,1.21284,8
2005-06-27 01:58:00,1.21274,1.21274,1.21264,1.21274,8
2005-06-27 01:59:00,1.21274,1.21284,1.21274,1.21274,8
2005-06-27 02:00:00,1.21274,1.21284,1.21274,1.21274,10
2005-06-27 02:01:00,1.21284,1.21294,1.21274,1.21284,20
2005-06-27 02:02:00,1.21284,1.21294,1.21284,1.21284,7
2005-06-27 02:03:00,1.21294,1.21294,1.21284,1.21294,9
2005-06-27 02:04:00,1.21294,1.21294,1.21294,1.21294,5
2005-06-27 02:05:00,1.21294,1.21294,1.21294,1.21294,8
2005-06-27 02:06:00,1.21304,1.21304,1.21294,1.21294,9
2005-06-27 02:07:00,1.21284,1.21304,1.21274,1.21304,18
2005-06-27 02:08:00,1.21274,1.21284,1.21274,1.21284,11
2005-06-27 02:09:00,1.21274,1.21284,1.21274,1.21274,7
2005-06-27 02:10:00,1.21274,1.21284,1.21274,1.21284,8
2005-06-27 02:11:00,1.21274,1.21294,1.21274,1.21284,15
2005-06-27 02:12:00,1.21284,1.21284,1.21274,1.21274,10
2005-06-27 02:13:00,1.21274,1.21274,1.21274,1.21274,5
2005-06-27 02:14:00,1.21274,1.21274,1.21264,1.21274,3
2005-06-27 02:15:00,1.21274,1.21284,1.21274,1.21274,9
2005-06-27 02:16:00,1.21274,1.21284,1.21274,1.21284,17
2005-06-27 02:17:00,1.21274,1.21274,1.21274,1.21274,2
2005-06-27 02:18:00,1.21264,1.21274,1.21254,1.21274,8
2005-06-27 02:19:00,1.21274,1.21274,1.21264,1.21264,8
2005-06-27 02:20:00,1.21284,1.21284,1.21274,1.21274,4
2005-06-27 02:21:00,1.21274,1.21284,1.21274,1.21284,5
2005-06-27 02:22:00,1.21274,1.21284,1.21274,1.21274,13
2005-06-27 02:23:00,1.21274,1.21274,1.21274,1.21274,2
2005-06-27 02:24:00,1.21274,1.21274,1.21274,1.21274,2
2005-06-27 02:25:00,1.21274,1.21274,1.21274,1.21274,7
2005-06-27 02:26:00,1.21274,1.21274,1.21274,1.21274,2
2005-06-27 02:27:00,1.21264,1.21264,1.21264,1.21264,4
2005-06-27 02:28:00,1.21254,1.21264,1.21254,1.21264,6
2005-06-27 02:29:00,1.21244,1.21254,1.21244,1.21254,7
2005-06-27 02:30:00,1.21254,1.21254,1.21244,1.21244,7
2005-06-27 02:31:00,1.21244,1.21244,1.21244,1.21244,7
2005-06-27 02:32:00,1.21244,1.21244,1.21244,1.21244,3
2005-06-27 02:33:00,1.21254,1.21254,1.21244,1.21244,6
2005-06-27 02:34:00,1.21254,1.21254,1.21254,1.21254,1
2005-06-27 02:35:00,1.21264,1.21264,1.21244,1.21244,9
2005-06-27 02:36:00,1.21264,1.21264,1.21264,1.21264,2
2005-06-27 02:37:00,1.21274,1.21274,1.21264,1.21264,11
2005-06-27 02:38:00,1.21274,1.21274,1.21274,1.21274,3
2005-06-27 02:39:00,1.21274,1.21274,1.21274,1.21274,2
2005-06-27 02:40:00,1.21264,1.21274,1.21264,1.21274,5
2005-06-27 02:41:00,1.21274,1.21274,1.21264,1.21264,5
2005-06-27 02:42:00,1.21274,1.21274,1.21274,1.21274,3
2005-06-27 02:43:00,1.21274,1.21274,1.21274,1.21274,2
2005-06-27 02:44:00,1.21274,1.21274,1.21274,1.21274,2
2005-06-27 02:45:00,1.21274,1.21274,1.21274,1.21274,5
2005-06-27 02:46:00,1.21274,1.21274,1.21274,1.21274,5
2005-06-27 02:47:00,1.21274,1.21274,1.21274,1.21274,1
2005-06-27 02:48:00,1.21264,1.21264,1.21264,1.21264,7
2005-06-27 02:49:00,1.21264,1.21264,1.21264,1.21264,2
2005-06-27 02:50:00,1.21264,1.21264,1.21264,1.21264,2
2005-06-27 02:51:00,1.21264,1.21264,1.21264,1.21264,1
2005-06-27 02:52:00,1.21264,1.21264,1.21264,1.21264,3
2005-06-27 02:53:00,1.21264,1.21274,1.21264,1.21264,5
2005-06-27 02:54:00,1.21264,1.21264,1.21264,1.21264,5
2005-06-27 02:55:00,1.21274,1.21274,1.21264,1.21264,3
2005-06-27 02:56:00,1.21274,1.21274,1.21274,1.21274,2
2005-06-27 02:57:00,1.21264,1.21274,1.21264,1.21274,9
2005-06-27 02:58:00,1.21264,1.21264,1.21264,1.21264,6
2005-06-27 02:59:00,1.21264,1.21264,1.21254,1.21264,7
2005-06-27 03:00:00,1.21254,1.21264,1.21254,1.21254,7
2005-06-27 03:01:00,1.21244,1.21254,1.21244,1.21244,11
2005-06-27 03:02:00,1.21244,1.21254,1.21244,1.21254,7
2005-06-27 03:03:00,1.21244,1.21244,1.21244,1.21244,2
2005-06-27 03:04:00,1.21254,1.21254,1.21244,1.21244,6
2005-06-27 03:05:00,1.21244,1.21244,1.21244,1.21244,6
2005-06-27 03:06:00,1.21244,1.21244,1.21244,1.21244,1
2005-06-27 03:07:00,1.21244,1.21244,1.21244,1.21244,7
2005-06-27 03:08:00,1.21254,1.21254,1.21244,1.21244,5
2005-06-27 03:09:00,1.21254,1.21254,1.21254,1.21254,3
2005-06-27 03:10:00,1.21254,1.21254,1.21244,1.21244,7
2005-06-27 03:11:00,1.21254,1.21254,1.21254,1.21254,2
2005-06-27 03:12:00,1.21254,1.21254,1.21254,1.21254,2
2005-06-27 03:13:00,1.21254,1.21254,1.21254,1.21254,2
2005-06-27 03:14:00,1.21254,1.21254,1.21254,1.21254,2
2005-06-27 03:15:00,1.21254,1.21254,1.21254,1.21254,2
2005-06-27 03:16:00,1.21254,1.21254,1.21254,1.21254,2
2005-06-27 03:17:00,1.21254,1.21254,1.21254,1.21254,2
2005-06-27 03:18:00,1.21254,1.21264,1.21254,1.21254,5
2005-06-27 03:19:00,1.21254,1.21254,1.21254,1.21254,1
2005-06-27 03:20:00,1.21254,1.21254,1.21254,1.21254,3
2005-06-27 03:21:00,1.21244,1.21264,1.21244,1.21254,13
2005-06-27 03:22:00,1.21254,1.21254,1.21244,1.21244,4
2005-06-27 03:23:00,1.21254,1.21254,1.21254,1.21254,2
2005-06-27 03:24:00,1.21254,1.21254,1.21254,1.21254,2
2005-06-27 03:25:00,1.21264,1.21264,1.21254,1.21254,12
2005-06-27 03:26:00,1.21264,1.21264,1.21254,1.21254,4
2005-06-27 03:27:00,1.21264,1.21264,1.21264,1.21264,2
2005-06-27 03:28:00,1.21264,1.21264,1.21264,1.21264,2
2005-06-27 03:29:00,1.21264,1.21264,1.21264,1.21264,2
2005-06-27 03:30:00,1.21264,1.21264,1.21264,1.21264,2
2005-06-27 03:31:00,1.21264,1.21264,1.21264,1.21264,1
2005-06-27 03:32:00,1.21264,1.21264,1.21264,1.21264,2
2005-06-27 03:33:00,1.21264,1.21264,1.21264,1.21264,2
2005-06-27 03:34:00,1.21264,1.21264,1.21264,1.21264,2
2005-06-27 03:35:00,1.21264,1.21264,1.21264,1.21264,2
2005-06-27 03:36:00,1.21254,1.21264,1.21254,1.21264,3
2005-06-27 03:37:00,1.21254,1.21264,1.21254,1.21254,3
2005-06-27 03:38:00,1.21264,1.21264,1.21254,1.21254,6
2005-06-27 03:39:00,1.21254,1.21264,1.21254,1.21264,5
2005-06-27 03:40:00,1.21254,1.21254,1.21244,1.21254,9
2005-06-27 03:41:00,1.21254,1.21254,1.21254,1.21254,2
2005-06-27 03:42:00,1.21264,1.21264,1.21244,1.21244,12
2005-06-27 03:43:00,1.21254,1.21254,1.21244,1.21254,10
2005-06-27 03:44:00,1.21254,1.21254,1.21244,1.21244,5
2005-06-27 03:45:00,1.21254,1.21254,1.21244,1.21244,6
2005-06-27 03:46:00,1.21244,1.21254,1.21244,1.21254,3
2005-06-27 03:47:00,1.21244,1.21244,1.21244,1.21244,3
2005-06-27 03:48:00,1.21234,1.21244,1.21234,1.21244,6
2005-06-27 03:49:00,1.21244,1.21244,1.21244,1.21244,4
2005-06-27 03:50:00,1.21244,1.21244,1.21244,1.21244,2
2005-06-27 03:51:00,1.21254,1.21254,1.21244,1.21254,9
2005-06-27 03:52:00,1.21264,1.21264,1.21244,1.21244,6
2005-06-27 03:53:00,1.21264,1.21264,1.21264,1.21264,1
2005-06-27 03:54:00,1.21264,1.21264,1.21264,1.21264,2
2005-06-27 03:55:00,1.21264,1.21264,1.21264,1.21264,2
2005-06-27 03:56:00,1.21264,1.21264,1.21264,1.21264,2
2005-06-27 03:57:00,1.21264,1.21264,1.21264,1.21264,2
2005-06-27 03:58:00,1.21264,1.21264,1.21264,1.21264,2
2005-06-27 03:59:00,1.21264,1.21264,1.21264,1.21264,2
2005-06-27 04:00:00,1.21264,1.21264,1.21264,1.21264,5
2005-06-27 04:01:00,1.21264,1.21264,1.21264,1.21264,2
2005-06-27 04:02:00,1.21264,1.21274,1.21264,1.21264,5
2005-06-27 04:03:00,1.21264,1.21264,1.21264,1.21264,6
2005-06-27 04:04:00,1.21264,1.21264,1.21264,1.21264,2
2005-06-27 04:05:00,1.21264,1.21264,1.21264,1.21264,2
2005-06-27 04:06:00,1.21264,1.21264,1.21264,1.21264,2
2005-06-27 04:07:00,1.21264,1.21264,1.21264,1.21264,2
2005-06-27 04:08:00,1.21264,1.21264,1.21264,1.21264,1
2005-06-27 04:09:00,1.21254,1.21264,1.21254,1.21264,3
2005-06-27 04:10:00,1.21264,1.21264,1.21254,1.21254,5
2005-06-27 04:11:00,1.21254,1.21264,1.21254,1.21264,9
2005-06-27 04:12:00,1.21254,1.21264,1.21254,1.21264,5
2005-06-27 04:13:00,1.21264,1.21264,1.21254,1.21254,6
2005-06-27 04:14:00,1.21254,1.21264,1.21254,1.21254,8
2005-06-27 04:15:00,1.21254,1.21264,1.21254,1.21254,4
2005-06-27 04:16:00,1.21264,1.21264,1.21254,1.21254,6
2005-06-27 04:17:00,1.21254,1.21264,1.21254,1.21254,6
2005-06-27 04:18:00,1.21264,1.21264,1.21254,1.21254,5
2005-06-27 04:19:00,1.21264,1.21264,1.21254,1.21264,7
2005-06-27 04:20:00,1.21264,1.21264,1.21254,1.21264,4
2005-06-27 04:21:00,1.21264,1.21264,1.21264,1.21264,4
2005-06-27 04:22:00,1.21274,1.21284,1.21264,1.21274,11
2005-06-27 04:23:00,1.21274,1.21284,1.21274,1.21284,5
2005-06-27 04:24:00,1.21284,1.21284,1.21274,1.21274,2
2005-06-27 04:25:00,1.21264,1.21284,1.21264,1.21284,9
2005-06-27 04:26:00,1.21284,1.21284,1.21264,1.21264,5
2005-06-27 04:27:00,1.21284,1.21284,1.21284,1.21284,4
2005-06-27 04:28:00,1.21284,1.21294,1.21284,1.21284,10
2005-06-27 04:29:00,1.21264,1.21284,1.21264,1.21284,12
2005-06-27 04:30:00,1.21274,1.21274,1.21264,1.21264,6
2005-06-27 04:31:00,1.21274,1.21274,1.21274,1.21274,2
2005-06-27 04:32:00,1.21264,1.21274,1.21264,1.21274,8
2005-06-27 04:33:00,1.21264,1.21274,1.21264,1.21274,5
2005-06-27 04:34:00,1.21264,1.21264,1.21254,1.21264,9
2005-06-27 04:35:00,1.21254,1.21254,1.21244,1.21254,11
2005-06-27 04:36:00,1.21254,1.21264,1.21254,1.21254,9
2005-06-27 04:37:00,1.21254,1.21254,1.21254,1.21254,2
2005-06-27 04:38:00,1.21264,1.21264,1.21254,1.21254,5
2005-06-27 04:39:00,1.21254,1.21264,1.21254,1.21264,2
2005-06-27 04:40:00,1.21264,1.21264,1.21254,1.21254,4
2005-06-27 04:41:00,1.21264,1.21274,1.21254,1.21264,7
2005-06-27 04:42:00,1.21274,1.21274,1.21264,1.21274,9
2005-06-27 04:43:00,1.21274,1.21274,1.21274,1.21274,5
2005-06-27 04:44:00,1.21284,1.21284,1.21274,1.21274,16
2005-06-27 04:45:00,1.21284,1.21284,1.21284,1.21284,2
2005-06-27 04:46:00,1.21284,1.21284,1.21284,1.21284,2
2005-06-27 04:47:00,1.21284,1.21284,1.21274,1.21284,7
2005-06-27 04:48:00,1.21274,1.21284,1.21274,1.21274,7
2005-06-27 04:49:00,1.21284,1.21284,1.21274,1.21274,4
2005-06-27 04:50:00,1.21284,1.21284,1.21284,1.21284,2
2005-06-27 04:51:00,1.21284,1.21284,1.21274,1.21284,4
2005-06-27 04:52:00,1.21284,1.21284,1.21284,1.21284,3
2005-06-27 04:53:00,1.21284,1.21284,1.21284,1.21284,2
2005-06-27 04:54:00,1.21284,1.21284,1.21284,1.21284,2
2005-06-27 04:55:00,1.21284,1.21284,1.21284,1.21284,1
2005-06-27 04:56:00,1.21274,1.21284,1.21274,1.21284,3
2005-06-27 04:57:00,1.21274,1.21284,1.21274,1.21274,5
2005-06-27 04:58:00,1.21274,1.21274,1.21274,1.21274,2
2005-06-27 04:59:00,1.21274,1.21274,1.21274,1.21274,4
2005-06-27 05:00:00,1.21274,1.21274,1.21274,1.21274,4
2005-06-27 05:01:00,1.21286,1.21286,1.21274,1.21274,5
2005-06-27 05:02:00,1.21266,1.21286,1.21266,1.21276,16
2005-06-27 05:03:00,1.21266,1.21276,1.21256,1.21266,7
2005-06-27 05:04:00,1.21266,1.21266,1.21266,1.21266,4
2005-06-27 05:05:00,1.21276,1.21286,1.21256,1.21256,10
2005-06-27 05:06:00,1.21286,1.21286,1.21276,1.21276,7
2005-06-27 05:07:00,1.21276,1.21286,1.21276,1.21286,9
2005-06-27 05:08:00,1.21296,1.21296,1.21276,1.21276,11
2005-06-27 05:09:00,1.21296,1.21296,1.21296,1.21296,2
2005-06-27 05:10:00,1.21296,1.21296,1.21296,1.21296,1
2005-06-27 05:11:00,1.21286,1.21296,1.21276,1.21296,10
2005-06-27 05:12:00,1.21286,1.21286,1.21286,1.21286,7
2005-06-27 05:13:00,1.21296,1.21296,1.21286,1.21286,7
2005-06-27 05:14:00,1.21286,1.21296,1.21286,1.21296,5
2005-06-27 05:15:00,1.21286,1.21286,1.21286,1.21286,6
2005-06-27 05:16:00,1.21286,1.21286,1.21286,1.21286,2
2005-06-27 05:17:00,1.21296,1.21296,1.21286,1.21286,4
2005-06-27 05:18:00,1.21296,1.21296,1.21296,1.21296,2
2005-06-27 05:19:00,1.21296,1.21296,1.21296,1.21296,2
2005-06-27 05:20:00,1.21306,1.21306,1.21296,1.21296,7
2005-06-27 05:21:00,1.21336,1.21346,1.21306,1.21306,19
2005-06-27 05:22:00,1.21346,1.21346,1.21326,1.21346,15
2005-06-27 05:23:00,1.21346,1.21346,1.21336,1.21346,6
2005-06-27 05:24:00,1.21336,1.21346,1.21326,1.21346,6
2005-06-27 05:25:00,1.21336,1.21346,1.21336,1.21336,9
2005-06-27 05:26:00,1.21346,1.21346,1.21326,1.21336,8
2005-06-27 05:27:00,1.21346,1.21356,1.21346,1.21346,16
2005-06-27 05:28:00,1.21346,1.21366,1.21346,1.21356,17
2005-06-27 05:29:00,1.21346,1.21356,1.21346,1.21346,10
2005-06-27 05:30:00,1.21336,1.21346,1.21336,1.21336,11
2005-06-27 05:31:00,1.21366,1.21366,1.21346,1.21346,11
2005-06-27 05:32:00,1.21346,1.21366,1.21346,1.21366,8
2005-06-27 05:33:00,1.21346,1.21346,1.21346,1.21346,3
2005-06-27 05:34:00,1.21356,1.21356,1.21336,1.21336,10
2005-06-27 05:35:00,1.21356,1.21356,1.21356,1.21356,2
2005-06-27 05:36:00,1.21336,1.21356,1.21336,1.21356,9
2005-06-27 05:37:00,1.21346,1.21356,1.21346,1.21346,12
2005-06-27 05:38:00,1.21336,1.21336,1.21336,1.21336,3
2005-06-27 05:39:00,1.21336,1.21336,1.21336,1.21336,2
2005-06-27 05:40:00,1.21336,1.21336,1.21336,1.21336,2
2005-06-27 05:41:00,1.21326,1.21336,1.21326,1.21326,7
2005-06-27 05:42:00,1.21326,1.21336,1.21326,1.21326,9
2005-06-27 05:43:00,1.21326,1.21336,1.21326,1.21326,5
2005-06-27 05:44:00,1.21326,1.21336,1.21326,1.21326,6
2005-06-27 05:45:00,1.21326,1.21336,1.21326,1.21326,7
2005-06-27 05:46:00,1.21326,1.21326,1.21326,1.21326,3
2005-06-27 05:47:00,1.21326,1.21326,1.21326,1.21326,5
2005-06-27 05:48:00,1.21326,1.21336,1.21316,1.21316,8
2005-06-27 05:49:00,1.21306,1.21326,1.21306,1.21326,8
2005-06-27 05:50:00,1.21286,1.21306,1.21286,1.21306,13
2005-06-27 05:51:00,1.21296,1.21296,1.21286,1.21296,12
2005-06-27 05:52:00,1.21296,1.21296,1.21286,1.21296,8
2005-06-27 05:53:00,1.21306,1.21306,1.21296,1.21296,8
2005-06-27 05:54:00,1.21306,1.21316,1.21296,1.21296,10
2005-06-27 05:55:00,1.21296,1.21306,1.21296,1.21306,7
2005-06-27 05:56:00,1.21296,1.21296,1.21286,1.21296,5
2005-06-27 05:57:00,1.21286,1.21306,1.21286,1.21296,9
2005-06-27 05:58:00,1.21296,1.21306,1.21286,1.21286,12
2005-06-27 05:59:00,1.21296,1.21316,1.21296,1.21296,13
2005-06-27 06:00:00,1.21296,1.21306,1.21286,1.21296,7
2005-06-27 06:01:00,1.21286,1.21296,1.21286,1.21296,6
2005-06-27 06:02:00,1.21286,1.21286,1.21286,1.21286,6
2005-06-27 06:03:00,1.21296,1.21296,1.21286,1.21286,13
2005-06-27 06:04:00,1.21296,1.21306,1.21286,1.21286,14
2005-06-27 06:05:00,1.21288,1.21296,1.21286,1.21296,5
2005-06-27 06:06:00,1.21298,1.21298,1.21288,1.21288,10
2005-06-27 06:07:00,1.21302,1.21302,1.21298,1.21298,27
2005-06-27 06:08:00,1.21342,1.21342,1.21292,1.21302,50
2005-06-27 06:09:00,1.21332,1.21342,1.21332,1.21332,44
2005-06-27 06:10:00,1.21332,1.21332,1.21332,1.21332,23
2005-06-27 06:11:00,1.21352,1.21352,1.21332,1.21332,28
2005-06-27 06:12:00,1.21362,1.21362,1.21342,1.21352,51
2005-06-27 06:13:00,1.21352,1.21362,1.21352,1.21352,39
2005-06-27 06:14:00,1.21362,1.21372,1.21352,1.21352,50
2005-06-27 06:15:00,1.21352,1.21372,1.21352,1.21362,46
2005-06-27 06:16:00,1.21348,1.21358,1.21342,1.21352,35
2005-06-27 06:17:00,1.21358,1.21358,1.21348,1.21348,39
2005-06-27 06:18:00,1.21358,1.21358,1.21348,1.21358,35
2005-06-27 06:19:00,1.21378,1.21388,1.21358,1.21358,58
2005-06-27 06:20:00,1.21402,1.21402,1.21378,1.21378,52
2005-06-27 06:21:00,1.21382,1.21402,1.21382,1.21402,42
2005-06-27 06:22:00,1.21372,1.21382,1.21362,1.21382,48
2005-06-27 06:23:00,1.21362,1.21372,1.21362,1.21372,27
2005-06-27 06:24:00,1.21342,1.21362,1.21332,1.21362,38
2005-06-27 06:25:00,1.21382,1.21382,1.21342,1.21342,55
2005-06-27 06:26:00,1.21392,1.21412,1.21372,1.21382,57
2005-06-27 06:27:00,1.21392,1.21392,1.21382,1.21392,43
2005-06-27 06:28:00,1.21402,1.21402,1.21392,1.21392,42
2005-06-27 06:29:00,1.21412,1.21412,1.21402,1.21412,46
2005-06-27 06:30:00,1.21432,1.21432,1.21412,1.21422,54
2005-06-27 06:31:00,1.21472,1.21482,1.21422,1.21432,55
2005-06-27 06:32:00,1.21472,1.21492,1.21462,1.21472,50
2005-06-27 06:33:00,1.21472,1.21482,1.21462,1.21472,41
2005-06-27 06:34:00,1.21492,1.21492,1.21472,1.21472,36
2005-06-27 06:35:00,1.21482,1.21492,1.21472,1.21492,44
2005-06-27 06:36:00,1.21472,1.21492,1.21462,1.21482,40
2005-06-27 06:37:00,1.21472,1.21472,1.21472,1.21472,23
2005-06-27 06:38:00,1.21492,1.21492,1.21472,1.21472,30
2005-06-27 06:39:00,1.21492,1.21492,1.21482,1.21482,46
2005-06-27 06:40:00,1.21562,1.21572,1.21492,1.21492,54
2005-06-27 06:41:00,1.21572,1.21582,1.21562,1.21562,60
2005-06-27 06:42:00,1.21572,1.21598,1.21562,1.21562,47
2005-06-27 06:43:00,1.21642,1.21652,1.21572,1.21572,50
2005-06-27 06:44:00,1.21712,1.21728,1.21632,1.21642,64
2005-06-27 06:45:00,1.21682,1.21722,1.21682,1.21712,56
2005-06-27 06:46:00,1.21672,1.21692,1.21662,1.21682,61
2005-06-27 06:47:00,1.21722,1.21722,1.21662,1.21672,49
2005-06-27 06:48:00,1.21692,1.21722,1.21662,1.21722,62
2005-06-27 06:49:00,1.21682,1.21702,1.21682,1.21692,56
2005-06-27 06:50:00,1.21712,1.21722,1.21672,1.21682,51
2005-06-27 06:51:00,1.21672,1.21722,1.21672,1.21712,49
2005-06-27 06:52:00,1.21682,1.21692,1.21662,1.21672,35
2005-06-27 06:53:00,1.21682,1.21692,1.21672,1.21682,46
2005-06-27 06:54:00,1.21682,1.21712,1.21682,1.21682,61
2005-06-27 06:55:00,1.21672,1.21682,1.21662,1.21682,48
2005-06-27 06:56:00,1.21652,1.21682,1.21652,1.21672,40
2005-06-27 06:57:00,1.21692,1.21692,1.21642,1.21652,50
2005-06-27 06:58:00,1.21662,1.21702,1.21642,1.21692,53
2005-06-27 06:59:00,1.21662,1.21662,1.21642,1.21662,47
2005-06-27 07:00:00,1.21672,1.21712,1.21662,1.21662,54
2005-06-27 07:01:00,1.21672,1.21672,1.21662,1.21672,42
2005-06-27 07:02:00,1.21662,1.21672,1.21652,1.21672,40
2005-06-27 07:03:00,1.21652,1.21662,1.21652,1.21662,29
2005-06-27 07:04:00,1.21672,1.21672,1.21652,1.21652,36
2005-06-27 07:05:00,1.21642,1.21672,1.21642,1.21672,42
2005-06-27 07:06:00,1.21652,1.21652,1.21632,1.21642,44
2005-06-27 07:07:00,1.21642,1.21652,1.21632,1.21642,52
2005-06-27 07:08:00,1.21632,1.21642,1.21632,1.21642,34
2005-06-27 07:09:00,1.21642,1.21642,1.21622,1.21632,47
2005-06-27 07:10:00,1.21632,1.21642,1.21632,1.21642,37
2005-06-27 07:11:00,1.21652,1.21662,1.21632,1.21632,51
2005-06-27 07:12:00,1.21642,1.21652,1.21642,1.21652,32
2005-06-27 07:13:00,1.21652,1.21652,1.21642,1.21642,19
2005-06-27 07:14:00,1.21622,1.21652,1.21612,1.21642,40
2005-06-27 07:15:00,1.21632,1.21632,1.21612,1.21622,42
2005-06-27 07:16:00,1.21632,1.21632,1.21632,1.21632,18
2005-06-27 07:17:00,1.21662,1.21662,1.21632,1.21632,48
2005-06-27 07:18:00,1.21692,1.21702,1.21662,1.21662,51
2005-06-27 07:19:00,1.21712,1.21722,1.21692,1.21692,58
2005-06-27 07:20:00,1.21682,1.21702,1.21682,1.21702,46
2005-06-27 07:21:00,1.21692,1.21692,1.21682,1.21682,48
2005-06-27 07:22:00,1.21672,1.21692,1.21672,1.21692,38
2005-06-27 07:23:00,1.21662,1.21672,1.21662,1.21672,37
2005-06-27 07:24:00,1.21672,1.21682,1.21662,1.21662,42
2005-06-27 07:25:00,1.21662,1.21672,1.21662,1.21672,30
2005-06-27 07:26:00,1.21652,1.21662,1.21642,1.21662,49
2005-06-27 07:27:00,1.21652,1.21652,1.21632,1.21652,41
2005-06-27 07:28:00,1.21662,1.21662,1.21652,1.21652,43
2005-06-27 07:29:00,1.21662,1.21662,1.21652,1.21662,33
2005-06-27 07:30:00,1.21642,1.21662,1.21642,1.21662,50
2005-06-27 07:31:00,1.21652,1.21652,1.21642,1.21642,32
2005-06-27 07:32:00,1.21642,1.21652,1.21642,1.21652,42
2005-06-27 07:33:00,1.21642,1.21642,1.21642,1.21642,30
2005-06-27 07:34:00,1.21632,1.21642,1.21632,1.21642,36
2005-06-27 07:35:00,1.21632,1.21632,1.21622,1.21632,36
2005-06-27 07:36:00,1.21662,1.21662,1.21622,1.21632,51
2005-06-27 07:37:00,1.21652,1.21662,1.21632,1.21662,49
2005-06-27 07:38:00,1.21652,1.21662,1.21652,1.21652,49
2005-06-27 07:39:00,1.21662,1.21662,1.21642,1.21652,42
2005-06-27 07:40:00,1.21662,1.21662,1.21652,1.21662,41
2005-06-27 07:41:00,1.21652,1.21662,1.21652,1.21662,41
2005-06-27 07:42:00,1.21642,1.21652,1.21642,1.21652,46
2005-06-27 07:43:00,1.21632,1.21642,1.21632,1.21642,50
2005-06-27 07:44:00,1.21652,1.21652,1.21632,1.21632,54
2005-06-27 07:45:00,1.21652,1.21652,1.21642,1.21652,42
2005-06-27 07:46:00,1.21652,1.21652,1.21642,1.21652,36
2005-06-27 07:47:00,1.21682,1.21692,1.21652,1.21652,50
2005-06-27 07:48:00,1.21692,1.21712,1.21682,1.21682,51
2005-06-27 07:49:00,1.21682,1.21692,1.21672,1.21692,41
2005-06-27 07:50:00,1.21692,1.21702,1.21672,1.21682,41
2005-06-27 07:51:00,1.21692,1.21702,1.21682,1.21692,44
2005-06-27 07:52:00,1.21702,1.21712,1.21692,1.21692,62
2005-06-27 07:53:00,1.21742,1.21742,1.21692,1.21702,46
2005-06-27 07:54:00,1.21732,1.21742,1.21722,1.21742,47
2005-06-27 07:55:00,1.21742,1.21742,1.21722,1.21722,48
2005-06-27 07:56:00,1.21722,1.21752,1.21722,1.21742,46
2005-06-27 07:57:00,1.21722,1.21732,1.21712,1.21722,42
2005-06-27 07:58:00,1.21712,1.21762,1.21702,1.21722,57
2005-06-27 07:59:00,1.21702,1.21732,1.21692,1.21712,55
2005-06-27 08:00:00,1.21682,1.21722,1.21662,1.21712,52
2005-06-27 08:01:00,1.21672,1.21702,1.21662,1.21692,48
2005-06-27 08:02:00,1.21672,1.21682,1.21662,1.21672,51
2005-06-27 08:03:00,1.21672,1.21682,1.21672,1.21672,41
2005-06-27 08:04:00,1.21672,1.21682,1.21672,1.21672,37
2005-06-27 08:05:00,1.21592,1.21672,1.21592,1.21672,50
2005-06-27 08:06:00,1.21592,1.21602,1.21582,1.21602,57
2005-06-27 08:07:00,1.21608,1.21618,1.21592,1.21592,53
2005-06-27 08:08:00,1.21608,1.21618,1.21598,1.21608,46
2005-06-27 08:09:00,1.21648,1.21648,1.21608,1.21608,52
2005-06-27 08:10:00,1.21608,1.21668,1.21598,1.21648,56
2005-06-27 08:11:00,1.21608,1.21608,1.21598,1.21608,53
2005-06-27 08:12:00,1.21608,1.21608,1.21598,1.21608,40
2005-06-27 08:13:00,1.21618,1.21618,1.21608,1.21608,42
2005-06-27 08:14:00,1.21628,1.21628,1.21608,1.21618,40
2005-06-27 08:15:00,1.21598,1.21628,1.21598,1.21628,47
2005-06-27 08:16:00,1.21598,1.21608,1.21588,1.21598,54
2005-06-27 08:17:00,1.21578,1.21598,1.21568,1.21598,48
2005-06-27 08:18:00,1.21568,1.21578,1.21548,1.21578,52
2005-06-27 08:19:00,1.21558,1.21568,1.21548,1.21568,45
2005-06-27 08:20:00,1.21558,1.21568,1.21548,1.21558,47
2005-06-27 08:21:00,1.21568,1.21568,1.21558,1.21558,36
2005-06-27 08:22:00,1.21558,1.21568,1.21558,1.21568,38
2005-06-27 08:23:00,1.21528,1.21558,1.21528,1.21558,47
2005-06-27 08:24:00,1.21538,1.21538,1.21518,1.21528,46
2005-06-27 08:25:00,1.21538,1.21538,1.21528,1.21528,45
2005-06-27 08:26:00,1.21528,1.21528,1.21518,1.21528,51
2005-06-27 08:27:00,1.21528,1.21528,1.21518,1.21528,34
2005-06-27 08:28:00,1.21532,1.21538,1.21532,1.21538,32
2005-06-27 08:29:00,1.21532,1.21542,1.21522,1.21542,48
2005-06-27 08:30:00,1.21542,1.21542,1.21532,1.21532,38
2005-06-27 08:31:00,1.21552,1.21552,1.21542,1.21542,41
2005-06-27 08:32:00,1.21542,1.21552,1.21542,1.21552,32
2005-06-27 08:33:00,1.21562,1.21562,1.21542,1.21542,42
2005-06-27 08:34:00,1.21538,1.21562,1.21538,1.21562,39
2005-06-27 08:35:00,1.21548,1.21558,1.21538,1.21538,48
2005-06-27 08:36:00,1.21548,1.21558,1.21548,1.21548,32
2005-06-27 08:37:00,1.21548,1.21558,1.21548,1.21548,26
2005-06-27 08:38:00,1.21568,1.21568,1.21548,1.21548,26
2005-06-27 08:39:00,1.21558,1.21568,1.21558,1.21568,43
2005-06-27 08:40:00,1.21568,1.21568,1.21558,1.21558,41
2005-06-27 08:41:00,1.21578,1.21588,1.21568,1.21568,48
2005-06-27 08:42:00,1.21588,1.21598,1.21578,1.21578,42
2005-06-27 08:43:00,1.21588,1.21598,1.21588,1.21588,29
2005-06-27 08:44:00,1.21588,1.21588,1.21588,1.21588,33
2005-06-27 08:45:00,1.21598,1.21608,1.21588,1.21588,50
2005-06-27 08:46:00,1.21598,1.21618,1.21598,1.21608,42
2005-06-27 08:47:00,1.21628,1.21628,1.21598,1.21598,36
2005-06-27 08:48:00,1.21638,1.21648,1.21618,1.21628,46
2005-06-27 08:49:00,1.21628,1.21638,1.21628,1.21638,43
2005-06-27 08:50:00,1.21638,1.21638,1.21628,1.21628,44
2005-06-27 08:51:00,1.21638,1.21648,1.21638,1.21638,47
2005-06-27 08:52:00,1.21628,1.21638,1.21618,1.21638,33
2005-06-27 08:53:00,1.21628,1.21628,1.21628,1.21628,38
2005-06-27 08:54:00,1.21618,1.21628,1.21618,1.21628,40
2005-06-27 08:55:00,1.21618,1.21628,1.21618,1.21618,32
2005-06-27 08:56:00,1.21628,1.21628,1.21618,1.21618,37
2005-06-27 08:57:00,1.21638,1.21638,1.21628,1.21628,39
2005-06-27 08:58:00,1.21618,1.21638,1.21618,1.21638,33
2005-06-27 08:59:00,1.21628,1.21628,1.21618,1.21618,37
2005-06-27 09:00:00,1.21612,1.21628,1.21612,1.21628,29
2005-06-27 09:01:00,1.21632,1.21632,1.21612,1.21612,34
2005-06-27 09:02:00,1.21622,1.21632,1.21622,1.21632,37
2005-06-27 09:03:00,1.21622,1.21632,1.21622,1.21622,42
2005-06-27 09:04:00,1.21602,1.21622,1.21602,1.21622,41
2005-06-27 09:05:00,1.21592,1.21602,1.21582,1.21602,43
2005-06-27 09:06:00,1.21582,1.21592,1.21582,1.21592,36
2005-06-27 09:07:00,1.21582,1.21582,1.21582,1.21582,16
2005-06-27 09:08:00,1.21578,1.21588,1.21578,1.21582,36
2005-06-27 09:09:00,1.21578,1.21588,1.21578,1.21578,24
2005-06-27 09:10:00,1.21608,1.21608,1.21588,1.21588,38
2005-06-27 09:11:00,1.21608,1.21608,1.21598,1.21608,38
2005-06-27 09:12:00,1.21598,1.21608,1.21598,1.21608,29
2005-06-27 09:13:00,1.21618,1.21618,1.21598,1.21598,38
2005-06-27 09:14:00,1.21608,1.21618,1.21608,1.21618,38
2005-06-27 09:15:00,1.21618,1.21628,1.21608,1.21608,39
2005-06-27 09:16:00,1.21618,1.21618,1.21618,1.21618,34
2005-06-27 09:17:00,1.21618,1.21618,1.21608,1.21618,36
2005-06-27 09:18:00,1.21628,1.21628,1.21618,1.21618,35
2005-06-27 09:19:00,1.21628,1.21638,1.21628,1.21628,44
2005-06-27 09:20:00,1.21628,1.21638,1.21628,1.21628,31
2005-06-27 09:21:00,1.21628,1.21628,1.21628,1.21628,22
2005-06-27 09:22:00,1.21628,1.21638,1.21628,1.21628,25
2005-06-27 09:23:00,1.21628,1.21628,1.21618,1.21618,42
2005-06-27 09:24:00,1.21642,1.21642,1.21622,1.21628,51
2005-06-27 09:25:00,1.21632,1.21642,1.21622,1.21642,48
2005-06-27 09:26:00,1.21622,1.21632,1.21612,1.21622,47
2005-06-27 09:27:00,1.21612,1.21632,1.21602,1.21622,44
2005-06-27 09:28:00,1.21608,1.21628,1.21608,1.21612,37
2005-06-27 09:29:00,1.21588,1.21608,1.21588,1.21608,38
2005-06-27 09:30:00,1.21588,1.21588,1.21578,1.21588,41
2005-06-27 09:31:00,1.21588,1.21588,1.21578,1.21588,34
2005-06-27 09:32:00,1.21588,1.21588,1.21588,1.21588,30
2005-06-27 09:33:00,1.21578,1.21588,1.21578,1.21588,38
2005-06-27 09:34:00,1.21582,1.21592,1.21578,1.21578,38
2005-06-27 09:35:00,1.21552,1.21582,1.21542,1.21582,54
2005-06-27 09:36:00,1.21562,1.21562,1.21542,1.21552,48
2005-06-27 09:37:00,1.21542,1.21572,1.21542,1.21562,46
2005-06-27 09:38:00,1.21558,1.21562,1.21532,1.21542,47
2005-06-27 09:39:00,1.21588,1.21588,1.21548,1.21558,49
2005-06-27 09:40:00,1.21578,1.21588,1.21568,1.21578,48
2005-06-27 09:41:00,1.21588,1.21588,1.21568,1.21578,47
2005-06-27 09:42:00,1.21598,1.21598,1.21588,1.21588,35
2005-06-27 09:43:00,1.21628,1.21628,1.21598,1.21598,44
2005-06-27 09:44:00,1.21608,1.21628,1.21608,1.21628,37
2005-06-27 09:45:00,1.21608,1.21608,1.21598,1.21608,35
2005-06-27 09:46:00,1.21608,1.21608,1.21608,1.21608,24
2005-06-27 09:47:00,1.21618,1.21628,1.21608,1.21608,41
2005-06-27 09:48:00,1.21618,1.21628,1.21608,1.21618,47
2005-06-27 09:49:00,1.21598,1.21618,1.21598,1.21618,34
2005-06-27 09:50:00,1.21618,1.21628,1.21598,1.21598,42
2005-06-27 09:51:00,1.21628,1.21628,1.21608,1.21618,41
2005-06-27 09:52:00,1.21618,1.21628,1.21618,1.21628,43
2005-06-27 09:53:00,1.21612,1.21628,1.21602,1.21628,46
2005-06-27 09:54:00,1.21602,1.21612,1.21602,1.21612,38
2005-06-27 09:55:00,1.21602,1.21602,1.21592,1.21602,39
2005-06-27 09:56:00,1.21602,1.21602,1.21602,1.21602,29
2005-06-27 09:57:00,1.21602,1.21612,1.21602,1.21602,36
2005-06-27 09:58:00,1.21592,1.21612,1.21592,1.21602,44
2005-06-27 09:59:00,1.21578,1.21602,1.21578,1.21592,47
2005-06-27 10:00:00,1.21598,1.21598,1.21578,1.21578,52
2005-06-27 10:01:00,1.21598,1.21598,1.21588,1.21598,36
2005-06-27 10:02:00,1.21598,1.21598,1.21598,1.21598,20
2005-06-27 10:03:00,1.21598,1.21608,1.21598,1.21598,34
2005-06-27 10:04:00,1.21608,1.21608,1.21598,1.21598,43
2005-06-27 10:05:00,1.21598,1.21608,1.21598,1.21608,42
2005-06-27 10:06:00,1.21608,1.21608,1.21598,1.21598,26
2005-06-27 10:07:00,1.21608,1.21618,1.21608,1.21608,32
2005-06-27 10:08:00,1.21608,1.21608,1.21608,1.21608,27
2005-06-27 10:09:00,1.21618,1.21618,1.21608,1.21608,36
2005-06-27 10:10:00,1.21628,1.21628,1.21618,1.21618,36
2005-06-27 10:11:00,1.21618,1.21628,1.21618,1.21628,34
2005-06-27 10:12:00,1.21638,1.21638,1.21618,1.21618,34
2005-06-27 10:13:00,1.21638,1.21648,1.21628,1.21638,57
2005-06-27 10:14:00,1.21638,1.21648,1.21638,1.21638,37
2005-06-27 10:15:00,1.21648,1.21648,1.21638,1.21638,34
2005-06-27 10:16:00,1.21678,1.21678,1.21648,1.21648,43
2005-06-27 10:17:00,1.21688,1.21698,1.21668,1.21678,46
2005-06-27 10:18:00,1.21688,1.21698,1.21678,1.21688,38
2005-06-27 10:19:00,1.21678,1.21688,1.21678,1.21688,36
2005-06-27 10:20:00,1.21668,1.21678,1.21668,1.21678,40
2005-06-27 10:21:00,1.21678,1.21678,1.21668,1.21668,30
2005-06-27 10:22:00,1.21678,1.21678,1.21678,1.21678,19
2005-06-27 10:23:00,1.21668,1.21678,1.21668,1.21678,22
2005-06-27 10:24:00,1.21668,1.21678,1.21668,1.21668,40
2005-06-27 10:25:00,1.21668,1.21668,1.21658,1.21668,43
2005-06-27 10:26:00,1.21668,1.21668,1.21668,1.21668,20
2005-06-27 10:27:00,1.21668,1.21668,1.21658,1.21668,31
2005-06-27 10:28:00,1.21668,1.21668,1.21658,1.21668,45
2005-06-27 10:29:00,1.21678,1.21678,1.21668,1.21668,41
2005-06-27 10:30:00,1.21668,1.21678,1.21668,1.21678,38
2005-06-27 10:31:00,1.21658,1.21678,1.21658,1.21668,44
2005-06-27 10:32:00,1.21658,1.21658,1.21658,1.21658,21
2005-06-27 10:33:00,1.21668,1.21668,1.21658,1.21658,28
2005-06-27 10:34:00,1.21698,1.21698,1.21668,1.21668,45
2005-06-27 10:35:00,1.21722,1.21732,1.21698,1.21698,55
2005-06-27 10:36:00,1.21722,1.21732,1.21712,1.21722,47
2005-06-27 10:37:00,1.21722,1.21732,1.21722,1.21722,43
2005-06-27 10:38:00,1.21722,1.21722,1.21722,1.21722,35
2005-06-27 10:39:00,1.21722,1.21722,1.21712,1.21722,52
2005-06-27 10:40:00,1.21772,1.21772,1.21722,1.21722,49
2005-06-27 10:41:00,1.21752,1.21772,1.21752,1.21772,47
2005-06-27 10:42:00,1.21742,1.21762,1.21742,1.21752,53
2005-06-27 10:43:00,1.21732,1.21742,1.21732,1.21742,34
2005-06-27 10:44:00,1.21742,1.21742,1.21732,1.21732,30
2005-06-27 10:45:00,1.21762,1.21772,1.21742,1.21742,52
2005-06-27 10:46:00,1.21782,1.21802,1.21762,1.21772,42
2005-06-27 10:47:00,1.21792,1.21802,1.21772,1.21782,41
2005-06-27 10:48:00,1.21812,1.21832,1.21802,1.21802,49
2005-06-27 10:49:00,1.21802,1.21822,1.21802,1.21812,43
2005-06-27 10:50:00,1.21782,1.21812,1.21782,1.21812,40
2005-06-27 10:51:00,1.21772,1.21782,1.21772,1.21782,34
2005-06-27 10:52:00,1.21772,1.21782,1.21762,1.21772,40
2005-06-27 10:53:00,1.21812,1.21812,1.21772,1.21772,49
2005-06-27 10:54:00,1.21802,1.21812,1.21782,1.21812,48
2005-06-27 10:55:00,1.21792,1.21812,1.21782,1.21802,43
2005-06-27 10:56:00,1.21792,1.21802,1.21782,1.21792,44
2005-06-27 10:57:00,1.21792,1.21792,1.21782,1.21792,40
2005-06-27 10:58:00,1.21782,1.21792,1.21782,1.21792,38
2005-06-27 10:59:00,1.21772,1.21782,1.21762,1.21782,43
2005-06-27 11:00:00,1.21782,1.21792,1.21762,1.21762,43
2005-06-27 11:01:00,1.21782,1.21802,1.21782,1.21782,38
2005-06-27 11:02:00,1.21792,1.21792,1.21782,1.21782,38
2005-06-27 11:03:00,1.21812,1.21812,1.21792,1.21792,32
2005-06-27 11:04:00,1.21792,1.21812,1.21792,1.21812,31
2005-06-27 11:05:00,1.21782,1.21792,1.21782,1.21792,29
2005-06-27 11:06:00,1.21782,1.21782,1.21782,1.21782,25
2005-06-27 11:07:00,1.21782,1.21782,1.21782,1.21782,16
2005-06-27 11:08:00,1.21772,1.21782,1.21772,1.21782,31
2005-06-27 11:09:00,1.21762,1.21782,1.21762,1.21772,37
2005-06-27 11:10:00,1.21772,1.21772,1.21762,1.21762,45
2005-06-27 11:11:00,1.21762,1.21782,1.21762,1.21772,44
2005-06-27 11:12:00,1.21832,1.21842,1.21762,1.21762,54
2005-06-27 11:13:00,1.21838,1.21842,1.21832,1.21832,36
2005-06-27 11:14:00,1.21838,1.21838,1.21828,1.21838,26
2005-06-27 11:15:00,1.21848,1.21858,1.21838,1.21838,49
2005-06-27 11:16:00,1.21838,1.21848,1.21838,1.21848,35
2005-06-27 11:17:00,1.21838,1.21838,1.21828,1.21838,34
2005-06-27 11:18:00,1.21848,1.21848,1.21828,1.21838,36
2005-06-27 11:19:00,1.21838,1.21848,1.21828,1.21848,45
2005-06-27 11:20:00,1.21828,1.21848,1.21828,1.21828,41
2005-06-27 11:21:00,1.21828,1.21828,1.21818,1.21828,41
2005-06-27 11:22:00,1.21828,1.21838,1.21828,1.21828,36
2005-06-27 11:23:00,1.21818,1.21828,1.21818,1.21828,31
2005-06-27 11:24:00,1.21828,1.21838,1.21818,1.21818,38
2005-06-27 11:25:00,1.21818,1.21838,1.21818,1.21828,32
2005-06-27 11:26:00,1.21798,1.21818,1.21798,1.21818,48
2005-06-27 11:27:00,1.21778,1.21808,1.21778,1.21798,43
2005-06-27 11:28:00,1.21788,1.21788,1.21778,1.21778,37
2005-06-27 11:29:00,1.21798,1.21798,1.21788,1.21788,37
2005-06-27 11:30:00,1.21798,1.21808,1.21788,1.21798,37
2005-06-27 11:31:00,1.21788,1.21798,1.21788,1.21798,41
2005-06-27 11:32:00,1.21788,1.21798,1.21788,1.21788,28
2005-06-27 11:33:00,1.21808,1.21808,1.21788,1.21788,37
2005-06-27 11:34:00,1.21808,1.21808,1.21798,1.21808,23
2005-06-27 11:35:00,1.21818,1.21828,1.21808,1.21808,44
2005-06-27 11:36:00,1.21798,1.21818,1.21798,1.21818,42
2005-06-27 11:37:00,1.21798,1.21808,1.21798,1.21798,38
2005-06-27 11:38:00,1.21808,1.21808,1.21788,1.21798,42
2005-06-27 11:39:00,1.21798,1.21808,1.21798,1.21808,40
2005-06-27 11:40:00,1.21818,1.21818,1.21798,1.21798,39
2005-06-27 11:41:00,1.21798,1.21818,1.21798,1.21798,46
2005-06-27 11:42:00,1.21788,1.21798,1.21788,1.21798,32
2005-06-27 11:43:00,1.21808,1.21808,1.21788,1.21788,35
2005-06-27 11:44:00,1.21808,1.21808,1.21798,1.21808,36
2005-06-27 11:45:00,1.21808,1.21818,1.21798,1.21808,32
2005-06-27 11:46:00,1.21808,1.21808,1.21808,1.21808,20
2005-06-27 11:47:00,1.21798,1.21818,1.21798,1.21808,47
2005-06-27 11:48:00,1.21788,1.21798,1.21788,1.21798,33
2005-06-27 11:49:00,1.21758,1.21788,1.21758,1.21788,42
2005-06-27 11:50:00,1.21738,1.21758,1.21738,1.21758,56
2005-06-27 11:51:00,1.21758,1.21758,1.21738,1.21738,50
2005-06-27 11:52:00,1.21768,1.21768,1.21748,1.21758,45
2005-06-27 11:53:00,1.21758,1.21768,1.21748,1.21768,41
2005-06-27 11:54:00,1.21758,1.21768,1.21758,1.21758,34
2005-06-27 11:55:00,1.21738,1.21758,1.21738,1.21758,46
2005-06-27 11:56:00,1.21748,1.21758,1.21738,1.21738,55
2005-06-27 11:57:00,1.21748,1.21758,1.21748,1.21748,44
2005-06-27 11:58:00,1.21758,1.21768,1.21748,1.21748,42
2005-06-27 11:59:00,1.21748,1.21758,1.21748,1.21758,42
2005-06-27 12:00:00,1.21748,1.21748,1.21738,1.21748,36
2005-06-27 12:01:00,1.21758,1.21758,1.21748,1.21748,38
2005-06-27 12:02:00,1.21748,1.21758,1.21738,1.21758,32
2005-06-27 12:03:00,1.21748,1.21758,1.21748,1.21748,24
2005-06-27 12:04:00,1.21708,1.21758,1.21708,1.21748,46
2005-06-27 12:05:00,1.21708,1.21718,1.21698,1.21708,42
2005-06-27 12:06:00,1.21708,1.21718,1.21698,1.21708,44
2005-06-27 12:07:00,1.21728,1.21728,1.21698,1.21708,48
2005-06-27 12:08:00,1.21718,1.21728,1.21698,1.21728,42
2005-06-27 12:09:00,1.21688,1.21718,1.21688,1.21708,48
2005-06-27 12:10:00,1.21688,1.21688,1.21678,1.21688,52
2005-06-27 12:11:00,1.21678,1.21688,1.21678,1.21688,48
2005-06-27 12:12:00,1.21678,1.21688,1.21678,1.21678,37
2005-06-27 12:13:00,1.21668,1.21678,1.21658,1.21678,45
2005-06-27 12:14:00,1.21648,1.21668,1.21638,1.21668,56
2005-06-27 12:15:00,1.21668,1.21668,1.21638,1.21648,45
2005-06-27 12:16:00,1.21668,1.21668,1.21658,1.21668,47
2005-06-27 12:17:00,1.21658,1.21668,1.21658,1.21668,37
2005-06-27 12:18:00,1.21678,1.21678,1.21658,1.21658,31
2005-06-27 12:19:00,1.21658,1.21678,1.21658,1.21678,41
2005-06-27 12:20:00,1.21648,1.21658,1.21648,1.21648,50
2005-06-27 12:21:00,1.21648,1.21658,1.21648,1.21648,33
2005-06-27 12:22:00,1.21638,1.21648,1.21638,1.21648,36
2005-06-27 12:23:00,1.21648,1.21648,1.21638,1.21638,50
2005-06-27 12:24:00,1.21638,1.21648,1.21638,1.21648,40
2005-06-27 12:25:00,1.21648,1.21648,1.21638,1.21638,42
2005-06-27 12:26:00,1.21672,1.21672,1.21648,1.21648,45
2005-06-27 12:27:00,1.21672,1.21672,1.21662,1.21672,29
2005-06-27 12:28:00,1.21672,1.21672,1.21662,1.21672,35
2005-06-27 12:29:00,1.21702,1.21702,1.21672,1.21672,43
2005-06-27 12:30:00,1.21682,1.21702,1.21682,1.21702,39
2005-06-27 12:31:00,1.21682,1.21682,1.21672,1.21682,40
2005-06-27 12:32:00,1.21672,1.21682,1.21672,1.21682,44
2005-06-27 12:33:00,1.21662,1.21672,1.21662,1.21672,40
2005-06-27 12:34:00,1.21652,1.21672,1.21652,1.21662,42
2005-06-27 12:35:00,1.21622,1.21652,1.21622,1.21652,50
2005-06-27 12:36:00,1.21622,1.21622,1.21612,1.21622,44
2005-06-27 12:37:00,1.21612,1.21622,1.21592,1.21622,40
2005-06-27 12:38:00,1.21592,1.21622,1.21592,1.21612,55
2005-06-27 12:39:00,1.21562,1.21602,1.21562,1.21602,49
2005-06-27 12:40:00,1.21592,1.21592,1.21562,1.21562,49
2005-06-27 12:41:00,1.21602,1.21602,1.21592,1.21592,48
2005-06-27 12:42:00,1.21608,1.21622,1.21602,1.21602,50
2005-06-27 12:43:00,1.21618,1.21618,1.21608,1.21618,48
2005-06-27 12:44:00,1.21598,1.21618,1.21578,1.21618,52
2005-06-27 12:45:00,1.21598,1.21608,1.21588,1.21598,43
2005-06-27 12:46:00,1.21598,1.21608,1.21598,1.21598,40
2005-06-27 12:47:00,1.21598,1.21608,1.21588,1.21598,39
2005-06-27 12:48:00,1.21608,1.21608,1.21598,1.21608,39
2005-06-27 12:49:00,1.21618,1.21618,1.21608,1.21608,33
2005-06-27 12:50:00,1.21618,1.21628,1.21608,1.21618,36
2005-06-27 12:51:00,1.21618,1.21628,1.21608,1.21618,35
2005-06-27 12:52:00,1.21598,1.21618,1.21598,1.21618,37
2005-06-27 12:53:00,1.21598,1.21608,1.21598,1.21598,46
2005-06-27 12:54:00,1.21598,1.21598,1.21588,1.21598,45
2005-06-27 12:55:00,1.21588,1.21608,1.21588,1.21598,47
2005-06-27 12:56:00,1.21598,1.21598,1.21588,1.21588,38
2005-06-27 12:57:00,1.21588,1.21598,1.21578,1.21598,38
2005-06-27 12:58:00,1.21578,1.21588,1.21568,1.21588,43
2005-06-27 12:59:00,1.21578,1.21578,1.21568,1.21578,37
2005-06-27 13:00:00,1.21568,1.21588,1.21548,1.21578,44
2005-06-27 13:01:00,1.21598,1.21598,1.21568,1.21568,51
2005-06-27 13:02:00,1.21622,1.21622,1.21598,1.21598,43
2005-06-27 13:03:00,1.21632,1.21642,1.21612,1.21622,51
2005-06-27 13:04:00,1.21662,1.21672,1.21632,1.21632,52
2005-06-27 13:05:00,1.21662,1.21682,1.21662,1.21662,53
2005-06-27 13:06:00,1.21652,1.21662,1.21652,1.21662,42
2005-06-27 13:07:00,1.21642,1.21652,1.21642,1.21652,31
2005-06-27 13:08:00,1.21652,1.21652,1.21642,1.21642,45
2005-06-27 13:09:00,1.21652,1.21652,1.21652,1.21652,21
2005-06-27 13:10:00,1.21652,1.21652,1.21652,1.21652,18
2005-06-27 13:11:00,1.21652,1.21652,1.21632,1.21652,56
2005-06-27 13:12:00,1.21662,1.21662,1.21642,1.21652,48
2005-06-27 13:13:00,1.21632,1.21672,1.21632,1.21662,41
2005-06-27 13:14:00,1.21652,1.21662,1.21632,1.21632,49
2005-06-27 13:15:00,1.21662,1.21662,1.21632,1.21642,61
2005-06-27 13:16:00,1.21662,1.21662,1.21652,1.21662,47
2005-06-27 13:17:00,1.21662,1.21662,1.21652,1.21662,48
2005-06-27 13:18:00,1.21662,1.21672,1.21652,1.21662,43
2005-06-27 13:19:00,1.21652,1.21672,1.21652,1.21662,37
2005-06-27 13:20:00,1.21652,1.21652,1.21642,1.21652,50
2005-06-27 13:21:00,1.21652,1.21662,1.21652,1.21652,39
2005-06-27 13:22:00,1.21662,1.21662,1.21652,1.21652,35
2005-06-27 13:23:00,1.21662,1.21672,1.21662,1.21662,24
2005-06-27 13:24:00,1.21652,1.21672,1.21652,1.21662,41
2005-06-27 13:25:00,1.21632,1.21652,1.21632,1.21652,47
2005-06-27 13:26:00,1.21638,1.21648,1.21628,1.21638,44
2005-06-27 13:27:00,1.21638,1.21638,1.21628,1.21638,32
2005-06-27 13:28:00,1.21618,1.21648,1.21618,1.21638,48
2005-06-27 13:29:00,1.21628,1.21628,1.21618,1.21618,26
2005-06-27 13:30:00,1.21608,1.21638,1.21608,1.21628,44
2005-06-27 13:31:00,1.21598,1.21618,1.21598,1.21608,44
2005-06-27 13:32:00,1.21596,1.21598,1.21586,1.21598,39
2005-06-27 13:33:00,1.2161,1.2161,1.2159,1.21596,53
2005-06-27 13:34:00,1.2161,1.2161,1.216,1.216,46
2005-06-27 13:35:00,1.2161,1.2162,1.2161,1.2161,44
2005-06-27 13:36:00,1.2163,1.2164,1.2161,1.2162,48
2005-06-27 13:37:00,1.2161,1.2164,1.2161,1.2163,44
2005-06-27 13:38:00,1.2162,1.2163,1.2161,1.2161,38
2005-06-27 13:39:00,1.216,1.2162,1.216,1.2162,44
2005-06-27 13:40:00,1.2161,1.2161,1.2159,1.216,42
2005-06-27 13:41:00,1.2159,1.2162,1.2159,1.2161,50
2005-06-27 13:42:00,1.21582,1.21602,1.2158,1.2159,36
2005-06-27 13:43:00,1.21572,1.21592,1.21562,1.21582,48
2005-06-27 13:44:00,1.21572,1.21582,1.21562,1.21572,57
2005-06-27 13:45:00,1.21582,1.21592,1.21572,1.21572,45
2005-06-27 13:46:00,1.21572,1.21592,1.21572,1.21582,42
2005-06-27 13:47:00,1.21582,1.21582,1.21572,1.21572,36
2005-06-27 13:48:00,1.21572,1.21582,1.21542,1.21582,58
2005-06-27 13:49:00,1.21552,1.21572,1.21532,1.21572,47
2005-06-27 13:50:00,1.21552,1.21552,1.21552,1.21552,32
2005-06-27 13:51:00,1.21562,1.21562,1.21542,1.21552,43
2005-06-27 13:52:00,1.21552,1.21562,1.21542,1.21562,40
2005-06-27 13:53:00,1.21532,1.21552,1.21532,1.21552,53
2005-06-27 13:54:00,1.21552,1.21552,1.21532,1.21532,46
2005-06-27 13:55:00,1.21572,1.21572,1.21552,1.21552,41
2005-06-27 13:56:00,1.21602,1.21602,1.21572,1.21572,51
2005-06-27 13:57:00,1.21612,1.21612,1.21582,1.21602,45
2005-06-27 13:58:00,1.2164,1.2165,1.21602,1.21612,45
2005-06-27 13:59:00,1.2161,1.2164,1.2161,1.2164,50
2005-06-27 14:00:00,1.21618,1.2163,1.216,1.2161,54
2005-06-27 14:01:00,1.21632,1.21638,1.21608,1.21618,48
2005-06-27 14:02:00,1.21632,1.21632,1.21622,1.21632,45
2005-06-27 14:03:00,1.21612,1.21632,1.21612,1.21632,52
2005-06-27 14:04:00,1.21612,1.21622,1.21602,1.21612,47
2005-06-27 14:05:00,1.21602,1.21612,1.21592,1.21612,36
2005-06-27 14:06:00,1.21632,1.21632,1.21602,1.21602,50
2005-06-27 14:07:00,1.21642,1.21652,1.21622,1.21632,49
2005-06-27 14:08:00,1.2165,1.2167,1.21642,1.21642,43
2005-06-27 14:09:00,1.2165,1.2165,1.2164,1.2165,39
2005-06-27 14:10:00,1.2163,1.2166,1.2162,1.2166,42
2005-06-27 14:11:00,1.2164,1.2166,1.2163,1.2163,44
2005-06-27 14:12:00,1.2165,1.2165,1.2164,1.2164,41
2005-06-27 14:13:00,1.2164,1.2165,1.2164,1.2165,29
2005-06-27 14:14:00,1.2164,1.2164,1.2163,1.2164,45
2005-06-27 14:15:00,1.2166,1.2166,1.2164,1.2164,50
2005-06-27 14:16:00,1.2166,1.2166,1.2164,1.2166,49
2005-06-27 14:17:00,1.2166,1.2167,1.2165,1.2166,46
2005-06-27 14:18:00,1.2168,1.2168,1.2165,1.2166,47
2005-06-27 14:19:00,1.2169,1.217,1.2168,1.2169,47
2005-06-27 14:20:00,1.2172,1.2173,1.2169,1.2169,54
2005-06-27 14:21:00,1.2172,1.2173,1.2171,1.2172,52
2005-06-27 14:22:00,1.2172,1.2173,1.2172,1.2172,36
2005-06-27 14:23:00,1.2173,1.2173,1.2172,1.2172,36
2005-06-27 14:24:00,1.2173,1.2173,1.2172,1.2173,43
2005-06-27 14:25:00,1.2172,1.2173,1.2172,1.2172,57
2005-06-27 14:26:00,1.2173,1.2173,1.2172,1.2172,39
2005-06-27 14:27:00,1.2172,1.2174,1.2172,1.2173,45
2005-06-27 14:28:00,1.2171,1.2172,1.2171,1.2172,42
2005-06-27 14:29:00,1.217,1.2172,1.217,1.2171,37
2005-06-27 14:30:00,1.2172,1.2172,1.217,1.217,44
2005-06-27 14:31:00,1.2172,1.2173,1.2171,1.2173,41
2005-06-27 14:32:00,1.2172,1.2174,1.2171,1.2172,45
2005-06-27 14:33:00,1.2172,1.2173,1.2172,1.2172,27
2005-06-27 14:34:00,1.2172,1.2172,1.2172,1.2172,29
2005-06-27 14:35:00,1.2168,1.2172,1.2168,1.2172,48
2005-06-27 14:36:00,1.21644,1.2169,1.21644,1.2168,48
2005-06-27 14:37:00,1.21634,1.21654,1.21634,1.21644,45
2005-06-27 14:38:00,1.21648,1.21658,1.21634,1.21634,52
2005-06-27 14:39:00,1.21638,1.21658,1.21628,1.21658,54
2005-06-27 14:40:00,1.21628,1.21638,1.21618,1.21638,33
2005-06-27 14:41:00,1.21628,1.21638,1.21618,1.21628,47
2005-06-27 14:42:00,1.21628,1.21628,1.21598,1.21628,52
2005-06-27 14:43:00,1.21638,1.21638,1.21618,1.21618,49
2005-06-27 14:44:00,1.21628,1.21638,1.21628,1.21638,46
2005-06-27 14:45:00,1.21638,1.21638,1.21628,1.21628,44
2005-06-27 14:46:00,1.21638,1.21648,1.21628,1.21638,41
2005-06-27 14:47:00,1.21638,1.21648,1.21628,1.21628,42
2005-06-27 14:48:00,1.21618,1.21638,1.21618,1.21638,30
2005-06-27 14:49:00,1.21558,1.21618,1.21538,1.21618,55
2005-06-27 14:50:00,1.21568,1.21568,1.21538,1.21558,51
2005-06-27 14:51:00,1.21578,1.21578,1.21548,1.21568,53
2005-06-27 14:52:00,1.21588,1.21588,1.21558,1.21578,46
2005-06-27 14:53:00,1.21578,1.21588,1.21568,1.21578,45
2005-06-27 14:54:00,1.21578,1.21588,1.21568,1.21578,54
2005-06-27 14:55:00,1.2159,1.2159,1.21578,1.21578,47
2005-06-27 14:56:00,1.216,1.2161,1.2158,1.2159,46
2005-06-27 14:57:00,1.216,1.2162,1.2159,1.216,49
2005-06-27 14:58:00,1.216,1.216,1.2159,1.216,47
2005-06-27 14:59:00,1.2163,1.2163,1.216,1.216,51
2005-06-27 15:00:00,1.21588,1.2163,1.21578,1.2163,56
2005-06-27 15:01:00,1.21578,1.21588,1.21568,1.21578,44
2005-06-27 15:02:00,1.2151,1.21598,1.2151,1.21588,63
2005-06-27 15:03:00,1.2147,1.2152,1.2145,1.2151,61
2005-06-27 15:04:00,1.21462,1.21482,1.2145,1.2147,55
2005-06-27 15:05:00,1.21438,1.21462,1.21428,1.21462,53
2005-06-27 15:06:00,1.21448,1.21458,1.21428,1.21438,47
2005-06-27 15:07:00,1.21428,1.21468,1.21428,1.21448,48
2005-06-27 15:08:00,1.21428,1.21438,1.21418,1.21428,52
2005-06-27 15:09:00,1.21428,1.21438,1.21428,1.21428,45
2005-06-27 15:10:00,1.21428,1.21438,1.21418,1.21428,53
2005-06-27 15:11:00,1.21438,1.21448,1.21418,1.21428,53
2005-06-27 15:12:00,1.21428,1.21448,1.21428,1.21438,56
2005-06-27 15:13:00,1.21458,1.21458,1.21428,1.21428,49
2005-06-27 15:14:00,1.21458,1.21468,1.21458,1.21458,45
2005-06-27 15:15:00,1.21458,1.21468,1.21458,1.21458,24
2005-06-27 15:16:00,1.21468,1.21468,1.21458,1.21458,39
2005-06-27 15:17:00,1.21468,1.21478,1.21458,1.21468,45
2005-06-27 15:18:00,1.21468,1.21478,1.21458,1.21468,51
2005-06-27 15:19:00,1.21468,1.21478,1.21458,1.21468,60
2005-06-27 15:20:00,1.21468,1.21468,1.21448,1.21468,53
2005-06-27 15:21:00,1.21478,1.21478,1.21468,1.21468,36
2005-06-27 15:22:00,1.21488,1.21488,1.21468,1.21478,42
2005-06-27 15:23:00,1.21498,1.21498,1.21478,1.21488,48
2005-06-27 15:24:00,1.21528,1.21528,1.21488,1.21498,52
2005-06-27 15:25:00,1.21518,1.21528,1.21518,1.21518,38
2005-06-27 15:26:00,1.21512,1.21522,1.21512,1.21518,40
2005-06-27 15:27:00,1.21532,1.21532,1.21512,1.21512,41
2005-06-27 15:28:00,1.21548,1.21562,1.21522,1.21522,37
2005-06-27 15:29:00,1.21548,1.21548,1.21538,1.21548,43
2005-06-27 15:30:00,1.21548,1.21548,1.21538,1.21548,46
2005-06-27 15:31:00,1.21588,1.21588,1.21548,1.21548,54
2005-06-27 15:32:00,1.21588,1.21608,1.21578,1.21588,45
2005-06-27 15:33:00,1.21588,1.21598,1.21578,1.21588,49
2005-06-27 15:34:00,1.21578,1.21598,1.21578,1.21588,40
2005-06-27 15:35:00,1.21558,1.21578,1.21558,1.21578,35
2005-06-27 15:36:00,1.21518,1.21558,1.21518,1.21558,49
2005-06-27 15:37:00,1.21518,1.21528,1.21508,1.21518,40
2005-06-27 15:38:00,1.21518,1.21528,1.21508,1.21518,44
2005-06-27 15:39:00,1.21528,1.21528,1.21518,1.21518,47
2005-06-27 15:40:00,1.21508,1.21528,1.21508,1.21528,40
2005-06-27 15:41:00,1.21508,1.21518,1.21498,1.21518,40
2005-06-27 15:42:00,1.21498,1.21518,1.21498,1.21508,46
2005-06-27 15:43:00,1.21488,1.21498,1.21458,1.21498,44
2005-06-27 15:44:00,1.21508,1.21508,1.21488,1.21488,47
2005-06-27 15:45:00,1.21498,1.21528,1.21498,1.21508,48
2005-06-27 15:46:00,1.21488,1.21498,1.21478,1.21488,41
2005-06-27 15:47:00,1.21508,1.21508,1.21478,1.21488,57
2005-06-27 15:48:00,1.21508,1.21518,1.21508,1.21508,43
2005-06-27 15:49:00,1.21498,1.21508,1.21488,1.21508,45
2005-06-27 15:50:00,1.21488,1.21498,1.21488,1.21498,35
2005-06-27 15:51:00,1.21498,1.21498,1.21488,1.21488,30
2005-06-27 15:52:00,1.21518,1.21528,1.21498,1.21498,50
2005-06-27 15:53:00,1.21508,1.21528,1.21508,1.21518,45
2005-06-27 15:54:00,1.21508,1.21518,1.21498,1.21508,44
2005-06-27 15:55:00,1.21508,1.21518,1.21498,1.21508,53
2005-06-27 15:56:00,1.21518,1.21518,1.21508,1.21508,42
2005-06-27 15:57:00,1.2154,1.21548,1.21518,1.21518,50
2005-06-27 15:58:00,1.2151,1.2154,1.2151,1.2154,49
2005-06-27 15:59:00,1.215,1.2152,1.2147,1.2151,54
2005-06-27 16:00:00,1.21504,1.2151,1.2149,1.215,47
2005-06-27 16:01:00,1.21504,1.21514,1.21494,1.21504,54
2005-06-27 16:02:00,1.21494,1.21504,1.21494,1.21504,33
2005-06-27 16:03:00,1.21508,1.21508,1.21494,1.21494,37
2005-06-27 16:04:00,1.21488,1.21508,1.21488,1.21508,27
2005-06-27 16:05:00,1.21508,1.21508,1.21488,1.21488,30
2005-06-27 16:06:00,1.21508,1.21508,1.21498,1.21508,36
2005-06-27 16:07:00,1.21498,1.21508,1.21498,1.21508,29
2005-06-27 16:08:00,1.21488,1.21498,1.21488,1.21498,28
2005-06-27 16:09:00,1.21508,1.21508,1.21488,1.21488,47
2005-06-27 16:10:00,1.21508,1.21508,1.21498,1.21508,41
2005-06-27 16:11:00,1.21508,1.21518,1.21508,1.21508,37
2005-06-27 16:12:00,1.21508,1.21508,1.21498,1.21508,29
2005-06-27 16:13:00,1.21488,1.21518,1.21488,1.21508,44
2005-06-27 16:14:00,1.21488,1.21498,1.21488,1.21488,40
2005-06-27 16:15:00,1.21498,1.21498,1.21488,1.21488,45
2005-06-27 16:16:00,1.21468,1.21498,1.21458,1.21498,47
2005-06-27 16:17:00,1.21468,1.21478,1.21468,1.21468,30
2005-06-27 16:18:00,1.21478,1.21478,1.21468,1.21468,40
2005-06-27 16:19:00,1.21484,1.21484,1.21478,1.21478,35
2005-06-27 16:20:00,1.21504,1.21504,1.21484,1.21484,41
2005-06-27 16:21:00,1.21514,1.21514,1.21494,1.21504,40
2005-06-27 16:22:00,1.21514,1.21514,1.21504,1.21514,37
2005-06-27 16:23:00,1.21534,1.21544,1.21514,1.21514,39
2005-06-27 16:24:00,1.21544,1.21544,1.21544,1.21544,20
2005-06-27 16:25:00,1.21544,1.21544,1.21544,1.21544,21
2005-06-27 16:26:00,1.21542,1.21546,1.21536,1.21544,20
2005-06-27 16:27:00,1.21532,1.21542,1.21532,1.21542,22
2005-06-27 16:28:00,1.21532,1.21532,1.21522,1.21522,38
2005-06-27 16:29:00,1.21542,1.21542,1.21532,1.21532,19
2005-06-27 16:30:00,1.21532,1.21542,1.21532,1.21542,22
2005-06-27 16:31:00,1.21532,1.21542,1.21522,1.21532,31
2005-06-27 16:32:00,1.21522,1.21532,1.21522,1.21532,32
2005-06-27 16:33:00,1.21502,1.21522,1.21502,1.21522,27
2005-06-27 16:34:00,1.21512,1.21512,1.21502,1.21512,30
2005-06-27 16:35:00,1.21522,1.21522,1.21502,1.21512,36
2005-06-27 16:36:00,1.21512,1.21532,1.21512,1.21522,42
2005-06-27 16:37:00,1.21522,1.21522,1.21492,1.21512,48
2005-06-27 16:38:00,1.21522,1.21522,1.21522,1.21522,23
2005-06-27 16:39:00,1.21532,1.21542,1.21522,1.21522,34
2005-06-27 16:40:00,1.21552,1.21552,1.21532,1.21532,31
2005-06-27 16:41:00,1.21542,1.21552,1.21542,1.21552,31
2005-06-27 16:42:00,1.21552,1.21552,1.21542,1.21542,34
2005-06-27 16:43:00,1.21542,1.21552,1.21542,1.21552,22
2005-06-27 16:44:00,1.21512,1.21542,1.21512,1.21542,30
2005-06-27 16:45:00,1.21512,1.21522,1.21502,1.21512,41
2005-06-27 16:46:00,1.21532,1.21532,1.21512,1.21512,30
2005-06-27 16:47:00,1.21542,1.21542,1.21532,1.21532,24
2005-06-27 16:48:00,1.21552,1.21552,1.21542,1.21542,37
2005-06-27 16:49:00,1.21562,1.21562,1.21542,1.21542,33
2005-06-27 16:50:00,1.21562,1.21562,1.21562,1.21562,21
2005-06-27 16:51:00,1.21572,1.21572,1.21562,1.21562,31
2005-06-27 16:52:00,1.21562,1.21582,1.21562,1.21572,25
2005-06-27 16:53:00,1.21572,1.21572,1.21562,1.21562,31
2005-06-27 16:54:00,1.21552,1.21572,1.21542,1.21572,46
2005-06-27 16:55:00,1.21552,1.21552,1.21542,1.21552,36
2005-06-27 16:56:00,1.21542,1.21552,1.21542,1.21542,35
2005-06-27 16:57:00,1.21542,1.21552,1.21532,1.21532,43
2005-06-27 16:58:00,1.21542,1.21542,1.21532,1.21532,40
2005-06-27 16:59:00,1.21592,1.21592,1.21532,1.21542,58
2005-06-27 17:00:00,1.21582,1.21592,1.21572,1.21582,50
2005-06-27 17:01:00,1.21582,1.21592,1.21572,1.21582,52
2005-06-27 17:02:00,1.21592,1.21592,1.21572,1.21582,38
2005-06-27 17:03:00,1.21602,1.21602,1.21592,1.21592,44
2005-06-27 17:04:00,1.21592,1.21602,1.21592,1.21602,29
2005-06-27 17:05:00,1.21572,1.21602,1.21572,1.21592,34
2005-06-27 17:06:00,1.21582,1.21582,1.21572,1.21572,28
2005-06-27 17:07:00,1.21572,1.21582,1.21572,1.21582,33
2005-06-27 17:08:00,1.21572,1.21572,1.21562,1.21572,28
2005-06-27 17:09:00,1.21572,1.21582,1.21562,1.21572,38
2005-06-27 17:10:00,1.21582,1.21582,1.21562,1.21572,33
2005-06-27 17:11:00,1.21582,1.21582,1.21582,1.21582,35
2005-06-27 17:12:00,1.21582,1.21582,1.21572,1.21572,29
2005-06-27 17:13:00,1.21582,1.21592,1.21582,1.21582,32
2005-06-27 17:14:00,1.21582,1.21582,1.21582,1.21582,26
2005-06-27 17:15:00,1.21582,1.21582,1.21582,1.21582,2
2005-06-27 17:16:00,1.21592,1.21602,1.21582,1.21582,29
2005-06-27 17:17:00,1.21602,1.21612,1.21592,1.21592,45
2005-06-27 17:18:00,1.21622,1.21622,1.21602,1.21602,40
2005-06-27 17:19:00,1.21602,1.21622,1.21602,1.21622,45
2005-06-27 17:20:00,1.21602,1.21612,1.21602,1.21602,32
2005-06-27 17:21:00,1.21592,1.21612,1.21592,1.21602,29
2005-06-27 17:22:00,1.21602,1.21612,1.21592,1.21602,30
2005-06-27 17:23:00,1.21612,1.21612,1.21602,1.21602,25
2005-06-27 17:24:00,1.21612,1.21612,1.21612,1.21612,11
2005-06-27 17:25:00,1.21612,1.21612,1.21612,1.21612,13
2005-06-27 17:26:00,1.21602,1.21622,1.21602,1.21612,32
2005-06-27 17:27:00,1.21602,1.21612,1.21602,1.21602,34
2005-06-27 17:28:00,1.21602,1.21612,1.21592,1.21602,32
2005-06-27 17:29:00,1.21592,1.21602,1.21592,1.21602,25
2005-06-27 17:30:00,1.21592,1.21602,1.21592,1.21592,25
2005-06-27 17:31:00,1.21592,1.21602,1.21592,1.21592,14
2005-06-27 17:32:00,1.21592,1.21602,1.21592,1.21592,22
2005-06-27 17:33:00,1.21582,1.21592,1.21582,1.21592,22
2005-06-27 17:34:00,1.21582,1.21592,1.21582,1.21582,32
2005-06-27 17:35:00,1.21572,1.21582,1.21562,1.21582,44
2005-06-27 17:36:00,1.21572,1.21572,1.21562,1.21572,22
2005-06-27 17:37:00,1.21582,1.21592,1.21572,1.21572,19
2005-06-27 17:38:00,1.21592,1.21592,1.21582,1.21582,30
2005-06-27 17:39:00,1.21582,1.21592,1.21582,1.21592,18
2005-06-27 17:40:00,1.21582,1.21582,1.21582,1.21582,26
2005-06-27 17:41:00,1.21572,1.21582,1.21572,1.21572,33
2005-06-27 17:42:00,1.21582,1.21582,1.21572,1.21572,44
2005-06-27 17:43:00,1.21582,1.21582,1.21572,1.21582,22
2005-06-27 17:44:00,1.21582,1.21582,1.21582,1.21582,8
2005-06-27 17:45:00,1.21582,1.21582,1.21562,1.21582,28
2005-06-27 17:46:00,1.21572,1.21582,1.21562,1.21582,34
2005-06-27 17:47:00,1.21582,1.21582,1.21562,1.21572,20
2005-06-27 17:48:00,1.21592,1.21602,1.21582,1.21582,39
2005-06-27 17:49:00,1.21592,1.21592,1.21592,1.21592,10
2005-06-27 17:50:00,1.21602,1.21602,1.21582,1.21582,40
2005-06-27 17:51:00,1.21612,1.21612,1.21592,1.21602,36
2005-06-27 17:52:00,1.21592,1.21612,1.21582,1.21612,35
2005-06-27 17:53:00,1.21592,1.21592,1.21592,1.21592,18
2005-06-27 17:54:00,1.21582,1.21592,1.21582,1.21592,36
2005-06-27 17:55:00,1.21592,1.21592,1.21582,1.21582,32
2005-06-27 17:56:00,1.21582,1.21592,1.21582,1.21592,29
2005-06-27 17:57:00,1.21572,1.21582,1.21572,1.21582,22
2005-06-27 17:58:00,1.21572,1.21582,1.21572,1.21572,16
2005-06-27 17:59:00,1.21582,1.21582,1.21572,1.21572,11
2005-06-27 18:00:00,1.21602,1.21602,1.21582,1.21582,24
2005-06-27 18:01:00,1.21592,1.21602,1.21592,1.21602,30
2005-06-27 18:02:00,1.21582,1.21592,1.21582,1.21592,41
2005-06-27 18:03:00,1.21602,1.21612,1.21582,1.21592,37
2005-06-27 18:04:00,1.21602,1.21612,1.21602,1.21602,29
2005-06-27 18:05:00,1.21612,1.21612,1.21592,1.21602,24
2005-06-27 18:06:00,1.21592,1.21612,1.21592,1.21612,26
2005-06-27 18:07:00,1.21592,1.21592,1.21592,1.21592,17
2005-06-27 18:08:00,1.21592,1.21592,1.21592,1.21592,12
2005-06-27 18:09:00,1.21602,1.21602,1.21592,1.21592,35
2005-06-27 18:10:00,1.21612,1.21612,1.21602,1.21602,17
2005-06-27 18:11:00,1.21602,1.21612,1.21592,1.21612,33
2005-06-27 18:12:00,1.21602,1.21602,1.21602,1.21602,20
2005-06-27 18:13:00,1.21602,1.21612,1.21602,1.21602,34
2005-06-27 18:14:00,1.21602,1.21612,1.21602,1.21602,23
2005-06-27 18:15:00,1.21602,1.21602,1.21602,1.21602,15
2005-06-27 18:16:00,1.21612,1.21612,1.21602,1.21602,25
2005-06-27 18:17:00,1.21612,1.21612,1.21612,1.21612,13
2005-06-27 18:18:00,1.21612,1.21612,1.21602,1.21612,16
2005-06-27 18:19:00,1.21602,1.21612,1.21602,1.21612,33
2005-06-27 18:20:00,1.21602,1.21602,1.21602,1.21602,17
2005-06-27 18:21:00,1.21602,1.21612,1.21602,1.21602,19
2005-06-27 18:22:00,1.21602,1.21612,1.21602,1.21602,28
2005-06-27 18:23:00,1.21602,1.21602,1.21602,1.21602,18
2005-06-27 18:24:00,1.21602,1.21612,1.21602,1.21602,35
2005-06-27 18:25:00,1.21602,1.21612,1.21602,1.21602,19
2005-06-27 18:26:00,1.21602,1.21612,1.21602,1.21602,31
2005-06-27 18:27:00,1.21602,1.21602,1.21592,1.21602,29
2005-06-27 18:28:00,1.21602,1.21602,1.21602,1.21602,18
2005-06-27 18:29:00,1.21592,1.21602,1.21592,1.21602,35
2005-06-27 18:30:00,1.21582,1.21592,1.21582,1.21592,34
2005-06-27 18:31:00,1.21582,1.21592,1.21582,1.21582,20
2005-06-27 18:32:00,1.21582,1.21592,1.21582,1.21582,24
2005-06-27 18:33:00,1.21582,1.21592,1.21572,1.21582,43
2005-06-27 18:34:00,1.21562,1.21582,1.21562,1.21582,40
2005-06-27 18:35:00,1.21578,1.21578,1.21562,1.21562,33
2005-06-27 18:36:00,1.21568,1.21578,1.21568,1.21578,25
2005-06-27 18:37:00,1.21578,1.21578,1.21568,1.21568,12
2005-06-27 18:38:00,1.21578,1.21578,1.21568,1.21578,18
2005-06-27 18:39:00,1.21558,1.21578,1.21558,1.21578,27
2005-06-27 18:40:00,1.21558,1.21558,1.21548,1.21558,33
2005-06-27 18:41:00,1.21548,1.21558,1.21528,1.21558,39
2005-06-27 18:42:00,1.21548,1.21558,1.21548,1.21548,42
2005-06-27 18:43:00,1.21558,1.21568,1.21548,1.21548,43
2005-06-27 18:44:00,1.21568,1.21568,1.21548,1.21558,31
2005-06-27 18:45:00,1.21568,1.21578,1.21558,1.21558,25
2005-06-27 18:46:00,1.21548,1.21568,1.21548,1.21568,14
2005-06-27 18:47:00,1.21568,1.21568,1.21548,1.21548,29
2005-06-27 18:48:00,1.21588,1.21588,1.21568,1.21568,34
2005-06-27 18:49:00,1.21578,1.21588,1.21568,1.21588,31
2005-06-27 18:50:00,1.21608,1.21608,1.21578,1.21578,24
2005-06-27 18:51:00,1.21588,1.21608,1.21588,1.21608,39
2005-06-27 18:52:00,1.21618,1.21628,1.21588,1.21588,47
2005-06-27 18:53:00,1.21618,1.21618,1.21608,1.21618,21
2005-06-27 18:54:00,1.21608,1.21618,1.21608,1.21618,26
2005-06-27 18:55:00,1.21608,1.21618,1.21598,1.21598,33
2005-06-27 18:56:00,1.21598,1.21608,1.21598,1.21608,25
2005-06-27 18:57:00,1.21598,1.21608,1.21598,1.21598,17
2005-06-27 18:58:00,1.21588,1.21598,1.21588,1.21598,32
2005-06-27 18:59:00,1.21528,1.21588,1.21518,1.21588,41
2005-06-27 19:00:00,1.21548,1.21548,1.21528,1.21528,45
2005-06-27 19:01:00,1.21518,1.21548,1.21518,1.21548,27
2005-06-27 19:02:00,1.21538,1.21538,1.21518,1.21528,28
2005-06-27 19:03:00,1.21538,1.21538,1.21518,1.21528,29
2005-06-27 19:04:00,1.21538,1.21548,1.21528,1.21548,22
2005-06-27 19:05:00,1.21538,1.21538,1.21528,1.21538,22
2005-06-27 19:06:00,1.21538,1.21538,1.21538,1.21538,9
2005-06-27 19:07:00,1.21548,1.21548,1.21538,1.21548,32
2005-06-27 19:08:00,1.21548,1.21548,1.21548,1.21548,9
2005-06-27 19:09:00,1.21568,1.21568,1.21548,1.21548,26
2005-06-27 19:10:00,1.21578,1.21578,1.21568,1.21568,32
2005-06-27 19:11:00,1.21568,1.21578,1.21568,1.21578,15
2005-06-27 19:12:00,1.21578,1.21578,1.21568,1.21568,27
2005-06-27 19:13:00,1.21568,1.21578,1.21568,1.21578,24
2005-06-27 19:14:00,1.21568,1.21568,1.21568,1.21568,13
2005-06-27 19:15:00,1.21588,1.21598,1.21568,1.21568,43
2005-06-27 19:16:00,1.21598,1.21598,1.21588,1.21588,23
2005-06-27 19:17:00,1.21588,1.21598,1.21588,1.21598,21
2005-06-27 19:18:00,1.21588,1.21588,1.21588,1.21588,16
2005-06-27 19:19:00,1.21588,1.21588,1.21588,1.21588,8
2005-06-27 19:20:00,1.21588,1.21588,1.21588,1.21588,5
2005-06-27 19:21:00,1.21588,1.21588,1.21588,1.21588,6
2005-06-27 19:22:00,1.21588,1.21588,1.21588,1.21588,11
2005-06-27 19:23:00,1.21588,1.21588,1.21578,1.21588,18
2005-06-27 19:24:00,1.21588,1.21588,1.21588,1.21588,10
2005-06-27 19:25:00,1.21588,1.21588,1.21588,1.21588,15
2005-06-27 19:26:00,1.21588,1.21588,1.21588,1.21588,16
2005-06-27 19:27:00,1.21598,1.21598,1.21588,1.21588,14
2005-06-27 19:28:00,1.21598,1.21598,1.21588,1.21598,17
2005-06-27 19:29:00,1.21588,1.21598,1.21588,1.21598,13
2005-06-27 19:30:00,1.21588,1.21598,1.21588,1.21588,33
2005-06-27 19:31:00,1.21588,1.21588,1.21588,1.21588,11
2005-06-27 19:32:00,1.21588,1.21588,1.21588,1.21588,8
2005-06-27 19:33:00,1.21588,1.21588,1.21588,1.21588,7
2005-06-27 19:34:00,1.21588,1.21588,1.21578,1.21588,21
2005-06-27 19:35:00,1.21578,1.21588,1.21578,1.21588,33
2005-06-27 19:36:00,1.21578,1.21578,1.21578,1.21578,15
2005-06-27 19:37:00,1.21578,1.21578,1.21578,1.21578,16
2005-06-27 19:38:00,1.21568,1.21578,1.21568,1.21578,25
2005-06-27 19:39:00,1.21568,1.21568,1.21568,1.21568,7
2005-06-27 19:40:00,1.21568,1.21568,1.21568,1.21568,23
2005-06-27 19:41:00,1.21568,1.21568,1.21568,1.21568,13
2005-06-27 19:42:00,1.21568,1.21578,1.21568,1.21568,29
2005-06-27 19:43:00,1.21588,1.21588,1.21568,1.21568,28
2005-06-27 19:44:00,1.21578,1.21588,1.21578,1.21588,26
2005-06-27 19:45:00,1.21578,1.21578,1.21578,1.21578,15
2005-06-27 19:46:00,1.21578,1.21588,1.21578,1.21578,37
2005-06-27 19:47:00,1.21578,1.21578,1.21578,1.21578,12
2005-06-27 19:48:00,1.21568,1.21578,1.21568,1.21578,14
2005-06-27 19:49:00,1.21578,1.21578,1.21568,1.21568,14
2005-06-27 19:50:00,1.21578,1.21578,1.21568,1.21578,25
2005-06-27 19:51:00,1.21578,1.21578,1.21578,1.21578,13
2005-06-27 19:52:00,1.21578,1.21578,1.21568,1.21578,23
2005-06-27 19:53:00,1.21588,1.21588,1.21578,1.21578,32
2005-06-27 19:54:00,1.21578,1.21588,1.21578,1.21588,26
2005-06-27 19:55:00,1.21588,1.21598,1.21578,1.21578,28
2005-06-27 19:56:00,1.21588,1.21588,1.21578,1.21588,26
2005-06-27 19:57:00,1.21588,1.21588,1.21588,1.21588,16
2005-06-27 19:58:00,1.21588,1.21598,1.21588,1.21588,19
2005-06-27 19:59:00,1.21608,1.21608,1.21588,1.21588,25
2005-06-27 20:00:00,1.21578,1.21608,1.21578,1.21608,31
2005-06-27 20:01:00,1.21598,1.21598,1.21578,1.21578,37
2005-06-27 20:02:00,1.21598,1.21598,1.21598,1.21598,12
2005-06-27 20:03:00,1.21618,1.21618,1.21598,1.21598,11
2005-06-27 20:04:00,1.21618,1.21628,1.21618,1.21618,7
2005-06-27 20:05:00,1.21608,1.21608,1.21608,1.21608,7
2005-06-27 20:06:00,1.21608,1.21608,1.21608,1.21608,2
2005-06-27 20:07:00,1.21588,1.21618,1.21588,1.21618,10
2005-06-27 20:08:00,1.21578,1.21588,1.21578,1.21578,9
2005-06-27 20:09:00,1.21578,1.21578,1.21578,1.21578,4
2005-06-27 20:10:00,1.21588,1.21588,1.21578,1.21578,6
2005-06-27 20:11:00,1.21588,1.21588,1.21588,1.21588,7
2005-06-27 20:12:00,1.21608,1.21608,1.21588,1.21588,4
2005-06-27 20:13:00,1.21598,1.21608,1.21598,1.21608,6
2005-06-27 20:14:00,1.21598,1.21608,1.21598,1.21598,5
2005-06-27 20:15:00,1.21598,1.21598,1.21598,1.21598,2
2005-06-27 20:16:00,1.21588,1.21598,1.21578,1.21598,7
2005-06-27 20:17:00,1.21584,1.21598,1.21584,1.21588,4
2005-06-27 20:18:00,1.21584,1.21584,1.21574,1.21584,9
2005-06-27 20:19:00,1.21584,1.21584,1.21584,1.21584,2
2005-06-27 20:20:00,1.21584,1.21584,1.21584,1.21584,7
2005-06-27 20:21:00,1.21584,1.21594,1.21584,1.21594,6
2005-06-27 20:22:00,1.2158,1.21584,1.2158,1.21584,6
2005-06-27 20:23:00,1.2158,1.2159,1.2158,1.2158,9
2005-06-27 20:24:00,1.2159,1.2161,1.2158,1.2158,10
2005-06-27 20:25:00,1.2159,1.216,1.2159,1.2159,10
2005-06-27 20:26:00,1.216,1.216,1.2159,1.2159,5
2005-06-27 20:27:00,1.2161,1.2162,1.216,1.216,9
2005-06-27 20:28:00,1.216,1.2161,1.216,1.2161,4
2005-06-27 20:29:00,1.2159,1.2159,1.2158,1.2159,5
2005-06-27 20:30:00,1.2158,1.2159,1.2158,1.2159,6
2005-06-27 20:31:00,1.216,1.216,1.2158,1.2158,5
2005-06-27 20:32:00,1.216,1.2161,1.216,1.2161,10
2005-06-27 20:33:00,1.216,1.216,1.216,1.216,4
2005-06-27 20:34:00,1.2159,1.216,1.2159,1.216,3
2005-06-27 20:35:00,1.2159,1.216,1.2158,1.2159,6
2005-06-27 20:36:00,1.2159,1.2159,1.2158,1.2159,7
2005-06-27 20:37:00,1.216,1.216,1.2159,1.2159,9
2005-06-27 20:38:00,1.216,1.2161,1.216,1.216,6
2005-06-27 20:39:00,1.216,1.216,1.216,1.216,2
2005-06-27 20:40:00,1.2159,1.216,1.2159,1.2159,6
2005-06-27 20:41:00,1.2159,1.2159,1.2159,1.2159,2
2005-06-27 20:42:00,1.216,1.216,1.2158,1.2159,6
2005-06-27 20:43:00,1.2159,1.216,1.2159,1.216,3
2005-06-27 20:44:00,1.2159,1.2159,1.2159,1.2159,2
2005-06-27 20:45:00,1.2159,1.2159,1.2159,1.2159,3
2005-06-27 20:46:00,1.216,1.2161,1.2159,1.2159,9
2005-06-27 20:47:00,1.216,1.2161,1.216,1.216,5
2005-06-27 20:48:00,1.216,1.216,1.2159,1.2159,4
2005-06-27 20:49:00,1.2158,1.216,1.2158,1.2159,6
2005-06-27 20:50:00,1.2158,1.2158,1.2158,1.2158,2
2005-06-27 20:51:00,1.216,1.216,1.2158,1.2158,8
2005-06-27 20:52:00,1.2159,1.216,1.2159,1.2159,10
2005-06-27 20:53:00,1.2159,1.2159,1.2159,1.2159,2
2005-06-27 20:54:00,1.2159,1.2159,1.2159,1.2159,2
2005-06-27 20:55:00,1.2159,1.2159,1.2159,1.2159,5
2005-06-27 20:56:00,1.2159,1.2159,1.2158,1.2158,3
2005-06-27 20:57:00,1.2159,1.2159,1.2159,1.2159,2
2005-06-27 20:58:00,1.2159,1.2159,1.2158,1.2159,11
2005-06-27 20:59:00,1.2162,1.2163,1.2159,1.2159,13
2005-06-27 21:00:00,1.2162,1.2162,1.2161,1.2162,10
2005-06-27 21:01:00,1.2162,1.2163,1.2162,1.2162,4
2005-06-27 21:02:00,1.2163,1.2163,1.2162,1.2162,3
2005-06-27 21:03:00,1.2163,1.2163,1.2163,1.2163,6
2005-06-27 21:04:00,1.2163,1.2163,1.2163,1.2163,6
2005-06-27 21:05:00,1.2163,1.2163,1.2162,1.2163,4
2005-06-27 21:06:00,1.2163,1.2163,1.2163,1.2163,3
2005-06-27 21:07:00,1.2163,1.2163,1.2163,1.2163,3
2005-06-27 21:08:00,1.2162,1.2163,1.2162,1.2163,7
2005-06-27 21:09:00,1.2163,1.2163,1.2163,1.2163,6
2005-06-27 21:10:00,1.2163,1.2163,1.2163,1.2163,2
2005-06-27 21:11:00,1.2163,1.2163,1.2163,1.2163,4
2005-06-27 21:12:00,1.2163,1.2163,1.2163,1.2163,3
2005-06-27 21:13:00,1.2163,1.2163,1.2163,1.2163,4
2005-06-27 21:14:00,1.2163,1.2163,1.2162,1.2163,5
2005-06-27 21:15:00,1.2164,1.2164,1.2163,1.2163,9
2005-06-27 21:16:00,1.2164,1.2164,1.2164,1.2164,2
2005-06-27 21:17:00,1.2164,1.2164,1.2164,1.2164,2
2005-06-27 21:18:00,1.2164,1.2164,1.2164,1.2164,2
2005-06-27 21:19:00,1.2164,1.2164,1.2164,1.2164,2
2005-06-27 21:20:00,1.2164,1.2164,1.2164,1.2164,2
2005-06-27 21:21:00,1.2164,1.2164,1.2164,1.2164,5
2005-06-27 21:22:00,1.2164,1.2164,1.2164,1.2164,2
2005-06-27 21:23:00,1.2165,1.2166,1.2164,1.2164,6
2005-06-27 21:24:00,1.2166,1.2166,1.2166,1.2166,4
2005-06-27 21:25:00,1.2168,1.217,1.2167,1.2167,12
2005-06-27 21:26:00,1.2168,1.2168,1.2168,1.2168,2
2005-06-27 21:27:00,1.217,1.217,1.2167,1.2167,7
2005-06-27 21:28:00,1.2169,1.217,1.2169,1.217,7
2005-06-27 21:29:00,1.2169,1.2169,1.2169,1.2169,4
2005-06-27 21:30:00,1.2169,1.2169,1.2169,1.2169,2
2005-06-27 21:31:00,1.2168,1.2169,1.2168,1.2169,4
2005-06-27 21:32:00,1.2169,1.2169,1.2168,1.2168,4
2005-06-27 21:33:00,1.2169,1.2169,1.2169,1.2169,1
2005-06-27 21:34:00,1.2169,1.2169,1.2169,1.2169,2
2005-06-27 21:35:00,1.2168,1.2169,1.2168,1.2169,3
2005-06-27 21:36:00,1.2168,1.2169,1.2168,1.2168,4
2005-06-27 21:37:00,1.2168,1.2168,1.2167,1.2167,6
2005-06-27 21:38:00,1.2168,1.2169,1.2168,1.2168,7
2005-06-27 21:39:00,1.2168,1.2168,1.2167,1.2167,9
2005-06-27 21:40:00,1.2168,1.2168,1.2168,1.2168,2
2005-06-27 21:41:00,1.2169,1.2169,1.21676,1.21676,5
2005-06-27 21:42:00,1.2169,1.217,1.2168,1.2168,6
2005-06-27 21:43:00,1.2173,1.2173,1.2169,1.2169,8
2005-06-27 21:44:00,1.2172,1.2173,1.2172,1.2173,6
2005-06-27 21:45:00,1.2172,1.2172,1.2172,1.2172,2
2005-06-27 21:46:00,1.2172,1.2172,1.2172,1.2172,4
2005-06-27 21:47:00,1.2173,1.2173,1.2172,1.2172,3
2005-06-27 21:48:00,1.2172,1.2172,1.2172,1.2172,5
2005-06-27 21:49:00,1.217,1.2172,1.2168,1.2172,8
2005-06-27 21:50:00,1.2171,1.2171,1.217,1.217,7
2005-06-27 21:51:00,1.2171,1.2171,1.217,1.2171,6
2005-06-27 21:52:00,1.2171,1.2172,1.2171,1.2171,6
2005-06-27 21:53:00,1.2172,1.2172,1.2171,1.2171,5
2005-06-27 21:54:00,1.2172,1.2172,1.2172,1.2172,3
2005-06-27 21:55:00,1.2172,1.2172,1.2172,1.2172,6
2005-06-27 21:56:00,1.2172,1.2172,1.2172,1.2172,2
2005-06-27 21:57:00,1.2171,1.2172,1.2169,1.2172,5
2005-06-27 21:58:00,1.217,1.2171,1.217,1.2171,4
2005-06-27 21:59:00,1.217,1.217,1.2169,1.2169,8
2005-06-27 22:00:00,1.2169,1.217,1.2169,1.217,11
2005-06-27 22:01:00,1.217,1.217,1.217,1.217,4
2005-06-27 22:02:00,1.217,1.217,1.2169,1.217,4
2005-06-27 22:03:00,1.217,1.217,1.217,1.217,2
2005-06-27 22:04:00,1.217,1.217,1.217,1.217,2
2005-06-27 22:05:00,1.217,1.217,1.217,1.217,2
2005-06-27 22:06:00,1.217,1.217,1.217,1.217,2
2005-06-27 22:07:00,1.217,1.217,1.217,1.217,2
2005-06-27 22:08:00,1.2169,1.217,1.2169,1.2169,8
2005-06-27 22:09:00,1.217,1.217,1.217,1.217,3
2005-06-27 22:10:00,1.2169,1.2171,1.2169,1.217,7
2005-06-27 22:11:00,1.2168,1.2169,1.2168,1.2169,7
2005-06-27 22:12:00,1.2166,1.2167,1.2166,1.2166,11
2005-06-27 22:13:00,1.2168,1.2168,1.2167,1.2167,9
2005-06-27 22:14:00,1.2168,1.2168,1.2167,1.2168,7
2005-06-27 22:15:00,1.2168,1.2169,1.2168,1.2168,5
2005-06-27 22:16:00,1.2168,1.2168,1.2168,1.2168,3
2005-06-27 22:17:00,1.2169,1.2169,1.2168,1.2168,6
2005-06-27 22:18:00,1.2168,1.2169,1.2168,1.2169,6
2005-06-27 22:19:00,1.217,1.217,1.2168,1.2168,7
2005-06-27 22:20:00,1.217,1.2171,1.2169,1.2171,8
2005-06-27 22:21:00,1.217,1.217,1.217,1.217,5
2005-06-27 22:22:00,1.217,1.217,1.217,1.217,2
2005-06-27 22:23:00,1.217,1.217,1.217,1.217,2
2005-06-27 22:24:00,1.217,1.2171,1.2168,1.217,10
2005-06-27 22:25:00,1.2171,1.2171,1.217,1.217,5
2005-06-27 22:26:00,1.2171,1.2171,1.2171,1.2171,2
2005-06-27 22:27:00,1.217,1.2171,1.217,1.2171,4
2005-06-27 22:28:00,1.2171,1.2171,1.217,1.217,5
2005-06-27 22:29:00,1.217,1.217,1.217,1.217,2
2005-06-27 22:30:00,1.217,1.217,1.217,1.217,3
2005-06-27 22:31:00,1.2169,1.217,1.2169,1.217,4
2005-06-27 22:32:00,1.217,1.217,1.217,1.217,4
2005-06-27 22:33:00,1.217,1.217,1.217,1.217,2
2005-06-27 22:34:00,1.217,1.217,1.217,1.217,4
2005-06-27 22:35:00,1.217,1.217,1.217,1.217,4
2005-06-27 22:36:00,1.217,1.217,1.217,1.217,2
2005-06-27 22:37:00,1.217,1.217,1.2169,1.217,8
2005-06-27 22:38:00,1.217,1.217,1.217,1.217,3
2005-06-27 22:39:00,1.2169,1.2169,1.2169,1.2169,4
2005-06-27 22:40:00,1.2169,1.2169,1.2169,1.2169,5
2005-06-27 22:41:00,1.2169,1.217,1.2168,1.2169,8
2005-06-27 22:42:00,1.2169,1.2169,1.2169,1.2169,2
2005-06-27 22:43:00,1.2169,1.2169,1.2169,1.2169,3
2005-06-27 22:44:00,1.2168,1.2169,1.2167,1.2169,8
2005-06-27 22:45:00,1.2168,1.2168,1.2168,1.2168,3
2005-06-27 22:46:00,1.2168,1.2168,1.2167,1.2167,8
2005-06-27 22:47:00,1.2168,1.2168,1.2166,1.2166,7
2005-06-27 22:48:00,1.2164,1.2168,1.2164,1.2168,11
2005-06-27 22:49:00,1.2165,1.2167,1.2164,1.2164,13
2005-06-27 22:50:00,1.2165,1.2165,1.2164,1.2165,4
2005-06-27 22:51:00,1.2165,1.2165,1.2164,1.2165,9
2005-06-27 22:52:00,1.2165,1.2165,1.2164,1.2165,5
2005-06-27 22:53:00,1.2165,1.2166,1.2165,1.2165,8
2005-06-27 22:54:00,1.2164,1.2167,1.2164,1.2165,8
2005-06-27 22:55:00,1.2163,1.2164,1.2159,1.2163,25
2005-06-27 22:56:00,1.2162,1.2163,1.2162,1.2162,14
2005-06-27 22:57:00,1.2164,1.2166,1.2162,1.2162,14
2005-06-27 22:58:00,1.2164,1.2165,1.2164,1.2164,8
2005-06-27 22:59:00,1.2164,1.2164,1.2164,1.2164,3
2005-06-27 23:00:00,1.2163,1.2165,1.2163,1.2165,10
2005-06-27 23:01:00,1.2162,1.2163,1.2162,1.2163,7
2005-06-27 23:02:00,1.2161,1.2162,1.2161,1.2162,9
2005-06-27 23:03:00,1.2161,1.2161,1.2161,1.2161,3
2005-06-27 23:04:00,1.2161,1.2161,1.2161,1.2161,2
2005-06-27 23:05:00,1.2161,1.2161,1.2161,1.2161,2
2005-06-27 23:06:00,1.2162,1.2162,1.2161,1.2161,4
2005-06-27 23:07:00,1.2162,1.2162,1.2161,1.2161,7
2005-06-27 23:08:00,1.2162,1.2162,1.2161,1.2162,11
2005-06-27 23:09:00,1.2157,1.2161,1.2157,1.2161,14
2005-06-27 23:10:00,1.2157,1.2157,1.2155,1.2157,10
2005-06-27 23:11:00,1.2156,1.2157,1.2155,1.2156,19
2005-06-27 23:12:00,1.2156,1.2157,1.2156,1.2156,7
2005-06-27 23:13:00,1.2157,1.2157,1.2156,1.2156,7
2005-06-27 23:14:00,1.2157,1.2159,1.2157,1.2158,13
2005-06-27 23:15:00,1.2158,1.2159,1.2158,1.2159,8
2005-06-27 23:16:00,1.2158,1.2158,1.2157,1.2158,8
2005-06-27 23:17:00,1.2159,1.2159,1.2158,1.2158,7
2005-06-27 23:18:00,1.2158,1.2159,1.2158,1.2159,3
2005-06-27 23:19:00,1.2158,1.2158,1.2158,1.2158,2
2005-06-27 23:20:00,1.2159,1.2159,1.2158,1.2158,6
2005-06-27 23:21:00,1.2158,1.2158,1.2158,1.2158,4
2005-06-27 23:22:00,1.2159,1.2159,1.2158,1.2158,5
2005-06-27 23:23:00,1.2161,1.2161,1.2159,1.2159,19
2005-06-27 23:24:00,1.2161,1.2162,1.216,1.216,9
2005-06-27 23:25:00,1.2161,1.2162,1.2161,1.2161,7
2005-06-27 23:26:00,1.2161,1.2162,1.2161,1.2162,5
2005-06-27 23:27:00,1.2161,1.2162,1.2161,1.2161,6
2005-06-27 23:28:00,1.2161,1.2161,1.2161,1.2161,4
2005-06-27 23:29:00,1.2161,1.2161,1.2161,1.2161,5
2005-06-27 23:30:00,1.2161,1.2162,1.2161,1.2161,8
2005-06-27 23:31:00,1.2161,1.2161,1.2161,1.2161,3
2005-06-27 23:32:00,1.2161,1.2161,1.216,1.2161,4
2005-06-27 23:33:00,1.2159,1.2161,1.2158,1.2161,19
2005-06-27 23:34:00,1.2159,1.2159,1.2158,1.2159,14
2005-06-27 23:35:00,1.2158,1.2159,1.2157,1.2159,15
2005-06-27 23:36:00,1.2161,1.2161,1.2158,1.2158,17
2005-06-27 23:37:00,1.2162,1.2163,1.216,1.216,19
2005-06-27 23:38:00,1.2162,1.2163,1.2162,1.2162,8
2005-06-27 23:39:00,1.2162,1.2163,1.2162,1.2162,11
2005-06-27 23:40:00,1.2163,1.2163,1.2162,1.2162,7
2005-06-27 23:41:00,1.2164,1.2165,1.2163,1.2163,13
2005-06-27 23:42:00,1.2165,1.2165,1.2164,1.2164,9
2005-06-27 23:43:00,1.2169,1.2169,1.2164,1.2164,17
2005-06-27 23:44:00,1.2167,1.2168,1.2167,1.2168,14
2005-06-27 23:45:00,1.2166,1.2167,1.2166,1.2167,7
2005-06-27 23:46:00,1.2167,1.2167,1.2166,1.2166,6
2005-06-27 23:47:00,1.2165,1.2167,1.2165,1.2167,12
2005-06-27 23:48:00,1.2164,1.2165,1.2164,1.2165,4
2005-06-27 23:49:00,1.2164,1.2165,1.2164,1.2164,11
2005-06-27 23:50:00,1.2163,1.2164,1.2163,1.2164,6
2005-06-27 23:51:00,1.2163,1.2163,1.2163,1.2163,4
2005-06-27 23:52:00,1.2164,1.2164,1.2162,1.2162,12
2005-06-27 23:53:00,1.2164,1.2164,1.2164,1.2164,5
2005-06-27 23:54:00,1.2165,1.2165,1.2163,1.2164,10
2005-06-27 23:55:00,1.2166,1.2167,1.2166,1.2166,10
2005-06-27 23:56:00,1.2166,1.2166,1.2166,1.2166,3
2005-06-27 23:57:00,1.2167,1.2167,1.2166,1.2166,3
2005-06-27 23:58:00,1.2167,1.2167,1.2166,1.2167,12
2005-06-27 23:59:00,1.2166,1.2168,1.2166,1.2167,12
2005-06-28 00:00:00,1.2166,1.2168,1.2166,1.2168,8
2005-06-28 00:01:00,1.2168,1.2168,1.2167,1.2167,8
2005-06-28 00:02:00,1.2169,1.2169,1.2167,1.2168,11
2005-06-28 00:03:00,1.217,1.2171,1.2169,1.2169,19
2005-06-28 00:04:00,1.2172,1.2173,1.2171,1.2171,19
2005-06-28 00:05:00,1.2172,1.2174,1.2172,1.2173,11
2005-06-28 00:06:00,1.2173,1.2174,1.2173,1.2173,14
2005-06-28 00:07:00,1.2172,1.2173,1.2172,1.2173,14
2005-06-28 00:08:00,1.217,1.2172,1.217,1.2172,19
2005-06-28 00:09:00,1.2172,1.2172,1.2171,1.2171,6
2005-06-28 00:10:00,1.2172,1.2173,1.2171,1.2171,13
2005-06-28 00:11:00,1.2172,1.2172,1.2172,1.2172,4
2005-06-28 00:12:00,1.2171,1.2172,1.2171,1.2172,7
2005-06-28 00:13:00,1.217,1.2171,1.2169,1.2171,10
2005-06-28 00:14:00,1.2171,1.2171,1.217,1.217,3
2005-06-28 00:15:00,1.2171,1.2171,1.2171,1.2171,7
2005-06-28 00:16:00,1.2171,1.2172,1.217,1.2171,14
2005-06-28 00:17:00,1.2169,1.2171,1.2169,1.2171,10
2005-06-28 00:18:00,1.2169,1.2169,1.2169,1.2169,2
2005-06-28 00:19:00,1.2169,1.2169,1.2169,1.2169,2
2005-06-28 00:20:00,1.217,1.217,1.2169,1.2169,6
2005-06-28 00:21:00,1.217,1.217,1.2169,1.2169,10
2005-06-28 00:22:00,1.2168,1.2169,1.2168,1.2169,9
2005-06-28 00:23:00,1.2167,1.2169,1.2166,1.2168,18
2005-06-28 00:24:00,1.2167,1.2167,1.2166,1.2167,5
2005-06-28 00:25:00,1.2168,1.2168,1.2167,1.2167,9
2005-06-28 00:26:00,1.2168,1.2168,1.2168,1.2168,2
2005-06-28 00:27:00,1.2167,1.2168,1.2167,1.2168,3
2005-06-28 00:28:00,1.2167,1.2167,1.2167,1.2167,3
2005-06-28 00:29:00,1.2166,1.2166,1.2166,1.2166,6
2005-06-28 00:30:00,1.2166,1.2167,1.2166,1.2166,11
2005-06-28 00:31:00,1.2166,1.2166,1.2165,1.2166,10
2005-06-28 00:32:00,1.2166,1.2166,1.2166,1.2166,2
2005-06-28 00:33:00,1.2165,1.2166,1.2165,1.2165,6
2005-06-28 00:34:00,1.2165,1.2166,1.2165,1.2165,9
2005-06-28 00:35:00,1.2164,1.2165,1.2164,1.2165,11
2005-06-28 00:36:00,1.2164,1.2164,1.2164,1.2164,8
2005-06-28 00:37:00,1.2165,1.2165,1.2164,1.2164,4
2005-06-28 00:38:00,1.2164,1.2165,1.2164,1.2164,7
2005-06-28 00:39:00,1.2164,1.2165,1.2164,1.2164,8
2005-06-28 00:40:00,1.2164,1.2164,1.2164,1.2164,6
2005-06-28 00:41:00,1.2165,1.2165,1.2164,1.2165,11
2005-06-28 00:42:00,1.2165,1.2166,1.2165,1.2165,5
2005-06-28 00:43:00,1.2166,1.2166,1.2165,1.2166,11
2005-06-28 00:44:00,1.2167,1.2167,1.2166,1.2166,5
2005-06-28 00:45:00,1.2165,1.2167,1.2165,1.2167,7
2005-06-28 00:46:00,1.2166,1.2166,1.2165,1.2165,3
2005-06-28 00:47:00,1.2165,1.2166,1.2165,1.2166,3
2005-06-28 00:48:00,1.2164,1.2165,1.2164,1.2165,5
2005-06-28 00:49:00,1.2166,1.2166,1.2164,1.2164,6
2005-06-28 00:50:00,1.2166,1.2166,1.2166,1.2166,2
2005-06-28 00:51:00,1.2166,1.2166,1.2166,1.2166,2
2005-06-28 00:52:00,1.2166,1.2166,1.2166,1.2166,6
2005-06-28 00:53:00,1.2165,1.2167,1.2165,1.2166,15
2005-06-28 00:54:00,1.2165,1.2166,1.2165,1.2166,13
2005-06-28 00:55:00,1.2166,1.2166,1.2166,1.2166,4
2005-06-28 00:56:00,1.2166,1.2167,1.2166,1.2166,7
2005-06-28 00:57:00,1.2166,1.2167,1.2166,1.2167,9
2005-06-28 00:58:00,1.2166,1.2166,1.2166,1.2166,2
2005-06-28 00:59:00,1.2166,1.2166,1.2166,1.2166,5
2005-06-28 01:00:00,1.2166,1.2166,1.2166,1.2166,7
2005-06-28 01:01:00,1.2165,1.2165,1.2164,1.2165,12
2005-06-28 01:02:00,1.2165,1.2165,1.2164,1.2164,6
2005-06-28 01:03:00,1.2165,1.2165,1.2164,1.2164,6
2005-06-28 01:04:00,1.2165,1.2165,1.2164,1.2164,6
2005-06-28 01:05:00,1.2164,1.2165,1.2164,1.2165,6
2005-06-28 01:06:00,1.2162,1.2164,1.2162,1.2164,14
2005-06-28 01:07:00,1.2163,1.2164,1.2163,1.2163,10
2005-06-28 01:08:00,1.2163,1.2164,1.2163,1.2163,9
2005-06-28 01:09:00,1.2163,1.2164,1.2162,1.2163,13
2005-06-28 01:10:00,1.2164,1.2164,1.2164,1.2164,3
2005-06-28 01:11:00,1.2164,1.2164,1.2163,1.2164,3
2005-06-28 01:12:00,1.2163,1.2164,1.2163,1.2164,5
2005-06-28 01:13:00,1.2163,1.2163,1.2162,1.2162,10
2005-06-28 01:14:00,1.2162,1.2163,1.2162,1.2163,9
2005-06-28 01:15:00,1.2163,1.2164,1.2162,1.2162,12
2005-06-28 01:16:00,1.2163,1.2164,1.2163,1.2164,10
2005-06-28 01:17:00,1.2164,1.2164,1.2163,1.2164,5
2005-06-28 01:18:00,1.2165,1.2165,1.2164,1.2164,4
2005-06-28 01:19:00,1.2166,1.2166,1.2165,1.2166,9
2005-06-28 01:20:00,1.2165,1.2166,1.2165,1.2166,5
2005-06-28 01:21:00,1.2165,1.2165,1.2165,1.2165,4
2005-06-28 01:22:00,1.2165,1.2165,1.2165,1.2165,2
2005-06-28 01:23:00,1.2165,1.2165,1.2165,1.2165,2
2005-06-28 01:24:00,1.2165,1.2166,1.2165,1.2165,9
2005-06-28 01:25:00,1.2165,1.2165,1.2165,1.2165,2
2005-06-28 01:26:00,1.2165,1.2166,1.2165,1.2165,6
2005-06-28 01:27:00,1.2165,1.2165,1.2165,1.2165,6
2005-06-28 01:28:00,1.2164,1.2165,1.2164,1.2165,7
2005-06-28 01:29:00,1.2166,1.2166,1.2164,1.2164,6
2005-06-28 01:30:00,1.2165,1.2165,1.2165,1.2165,5
2005-06-28 01:31:00,1.2166,1.2166,1.2164,1.2164,7
2005-06-28 01:32:00,1.2166,1.2166,1.2166,1.2166,5
2005-06-28 01:33:00,1.2166,1.2166,1.2165,1.2166,6
2005-06-28 01:34:00,1.2166,1.2167,1.2165,1.2166,9
2005-06-28 01:35:00,1.2167,1.2167,1.2166,1.2166,3
2005-06-28 01:36:00,1.2166,1.2166,1.2166,1.2166,5
2005-06-28 01:37:00,1.2167,1.2167,1.2166,1.2166,5
2005-06-28 01:38:00,1.2166,1.2167,1.2166,1.2167,3
2005-06-28 01:39:00,1.2166,1.2166,1.2166,1.2166,4
2005-06-28 01:40:00,1.2166,1.2167,1.2166,1.2166,10
2005-06-28 01:41:00,1.2165,1.2166,1.2165,1.2166,6
2005-06-28 01:42:00,1.2167,1.2167,1.2166,1.2166,5
2005-06-28 01:43:00,1.2167,1.2167,1.2166,1.2167,9
2005-06-28 01:44:00,1.2167,1.2167,1.2167,1.2167,2
2005-06-28 01:45:00,1.2167,1.2167,1.2167,1.2167,2
2005-06-28 01:46:00,1.2167,1.2167,1.2166,1.2167,4
2005-06-28 01:47:00,1.2168,1.2168,1.2167,1.2167,5
2005-06-28 01:48:00,1.2168,1.2168,1.2168,1.2168,3
2005-06-28 01:49:00,1.2168,1.2168,1.2168,1.2168,2
2005-06-28 01:50:00,1.2168,1.2168,1.2168,1.2168,3
2005-06-28 01:51:00,1.2168,1.2169,1.2168,1.2168,6
2005-06-28 01:52:00,1.2168,1.2168,1.2168,1.2168,3
2005-06-28 01:53:00,1.2168,1.2168,1.2168,1.2168,2
2005-06-28 01:54:00,1.2168,1.2169,1.2168,1.2168,7
2005-06-28 01:55:00,1.2168,1.2168,1.2168,1.2168,5
2005-06-28 01:56:00,1.2169,1.2169,1.2168,1.2168,8
2005-06-28 01:57:00,1.2169,1.2169,1.2168,1.2169,12
2005-06-28 01:58:00,1.217,1.217,1.2169,1.2169,14
2005-06-28 01:59:00,1.217,1.217,1.217,1.217,2
2005-06-28 02:00:00,1.217,1.217,1.217,1.217,9
2005-06-28 02:01:00,1.217,1.217,1.217,1.217,2
2005-06-28 02:02:00,1.217,1.217,1.217,1.217,2
2005-06-28 02:03:00,1.217,1.217,1.217,1.217,2
2005-06-28 02:04:00,1.217,1.217,1.217,1.217,4
2005-06-28 02:05:00,1.217,1.2171,1.217,1.217,10
2005-06-28 02:06:00,1.2171,1.2171,1.217,1.2171,8
2005-06-28 02:07:00,1.2171,1.2172,1.217,1.2171,11
2005-06-28 02:08:00,1.2172,1.2172,1.2171,1.2171,3
2005-06-28 02:09:00,1.2172,1.2172,1.2172,1.2172,2
2005-06-28 02:10:00,1.2172,1.2172,1.2172,1.2172,2
2005-06-28 02:11:00,1.2173,1.2173,1.2172,1.2172,8
2005-06-28 02:12:00,1.2172,1.2172,1.2172,1.2172,3
2005-06-28 02:13:00,1.2172,1.2173,1.2172,1.2172,8
2005-06-28 02:14:00,1.2172,1.2173,1.2172,1.2173,11
2005-06-28 02:15:00,1.2171,1.2172,1.2171,1.2172,3
2005-06-28 02:16:00,1.2171,1.2171,1.2171,1.2171,8
2005-06-28 02:17:00,1.2172,1.2172,1.217,1.2171,10
2005-06-28 02:18:00,1.2171,1.2172,1.2171,1.2171,7
2005-06-28 02:19:00,1.2171,1.2172,1.2171,1.2172,7
2005-06-28 02:20:00,1.2171,1.2171,1.2171,1.2171,3
2005-06-28 02:21:00,1.2171,1.2172,1.2171,1.2171,5
2005-06-28 02:22:00,1.2172,1.2172,1.2171,1.2171,10
2005-06-28 02:23:00,1.2171,1.2171,1.2171,1.2171,6
2005-06-28 02:24:00,1.2171,1.2171,1.2171,1.2171,2
2005-06-28 02:25:00,1.2171,1.2171,1.217,1.2171,11
2005-06-28 02:26:00,1.2169,1.2171,1.2169,1.217,7
2005-06-28 02:27:00,1.2169,1.217,1.2169,1.217,6
2005-06-28 02:28:00,1.2168,1.2169,1.2168,1.2168,10
2005-06-28 02:29:00,1.2166,1.2168,1.2165,1.2168,14
2005-06-28 02:30:00,1.2166,1.2166,1.2165,1.2166,6
2005-06-28 02:31:00,1.2166,1.2167,1.2166,1.2166,6
2005-06-28 02:32:00,1.2166,1.2166,1.2166,1.2166,5
2005-06-28 02:33:00,1.2166,1.2166,1.2166,1.2166,2
2005-06-28 02:34:00,1.2166,1.2166,1.2166,1.2166,2
2005-06-28 02:35:00,1.2167,1.2167,1.2166,1.2166,7
2005-06-28 02:36:00,1.2167,1.2167,1.2167,1.2167,3
2005-06-28 02:37:00,1.2167,1.2167,1.2167,1.2167,1
2005-06-28 02:38:00,1.2166,1.2167,1.2166,1.2167,5
2005-06-28 02:39:00,1.2167,1.2167,1.2166,1.2166,6
2005-06-28 02:40:00,1.2165,1.2167,1.2165,1.2167,15
2005-06-28 02:41:00,1.2166,1.2166,1.2165,1.2165,8
2005-06-28 02:42:00,1.2166,1.2166,1.2166,1.2166,3
2005-06-28 02:43:00,1.2166,1.2166,1.2166,1.2166,4
2005-06-28 02:44:00,1.2165,1.2166,1.2165,1.2166,3
2005-06-28 02:45:00,1.2165,1.2165,1.2164,1.2164,16
2005-06-28 02:46:00,1.2164,1.2165,1.2164,1.2165,4
2005-06-28 02:47:00,1.2164,1.2164,1.2164,1.2164,5
2005-06-28 02:48:00,1.2165,1.2165,1.2164,1.2164,10
2005-06-28 02:49:00,1.2165,1.2165,1.2165,1.2165,2
2005-06-28 02:50:00,1.2165,1.2165,1.2165,1.2165,3
2005-06-28 02:51:00,1.2164,1.2165,1.2164,1.2165,15
2005-06-28 02:52:00,1.2164,1.2165,1.2164,1.2165,8
2005-06-28 02:53:00,1.2164,1.2164,1.2164,1.2164,5
2005-06-28 02:54:00,1.2164,1.2164,1.2163,1.2164,6
2005-06-28 02:55:00,1.2165,1.2165,1.2164,1.2164,5
2005-06-28 02:56:00,1.2165,1.2165,1.2164,1.2165,5
2005-06-28 02:57:00,1.2165,1.2165,1.2165,1.2165,2
2005-06-28 02:58:00,1.2166,1.2166,1.2165,1.2165,9
2005-06-28 02:59:00,1.2165,1.2166,1.2165,1.2166,4
2005-06-28 03:00:00,1.2165,1.2166,1.2165,1.2165,9
2005-06-28 03:01:00,1.2165,1.2166,1.2165,1.2165,7
2005-06-28 03:02:00,1.2165,1.2165,1.2165,1.2165,3
2005-06-28 03:03:00,1.2165,1.2165,1.2165,1.2165,2
2005-06-28 03:04:00,1.2165,1.2165,1.2165,1.2165,1
2005-06-28 03:05:00,1.2165,1.2165,1.2165,1.2165,2
2005-06-28 03:06:00,1.2165,1.2165,1.2165,1.2165,5
2005-06-28 03:07:00,1.2165,1.2165,1.2165,1.2165,2
2005-06-28 03:08:00,1.2166,1.2166,1.2165,1.2166,6
2005-06-28 03:09:00,1.2166,1.2166,1.2166,1.2166,3
2005-06-28 03:10:00,1.2165,1.2167,1.2165,1.2166,10
2005-06-28 03:11:00,1.2166,1.2167,1.2166,1.2166,10
2005-06-28 03:12:00,1.2169,1.2169,1.2166,1.2167,23
2005-06-28 03:13:00,1.2169,1.217,1.2168,1.2169,17
2005-06-28 03:14:00,1.2169,1.2169,1.2169,1.2169,2
2005-06-28 03:15:00,1.2169,1.217,1.2169,1.2169,7
2005-06-28 03:16:00,1.2168,1.217,1.2168,1.2169,21
2005-06-28 03:17:00,1.2167,1.2168,1.2167,1.2168,5
2005-06-28 03:18:00,1.2164,1.2167,1.2164,1.2167,9
2005-06-28 03:19:00,1.2163,1.2165,1.2163,1.2165,10
2005-06-28 03:20:00,1.2163,1.2164,1.2163,1.2163,16
2005-06-28 03:21:00,1.2165,1.2165,1.2163,1.2163,7
2005-06-28 03:22:00,1.2164,1.2165,1.2164,1.2165,8
2005-06-28 03:23:00,1.2164,1.2164,1.2163,1.2163,12
2005-06-28 03:24:00,1.2164,1.2164,1.2163,1.2164,8
2005-06-28 03:25:00,1.2163,1.2164,1.2162,1.2164,13
2005-06-28 03:26:00,1.2163,1.2163,1.2162,1.2163,8
2005-06-28 03:27:00,1.2162,1.2163,1.2162,1.2163,7
2005-06-28 03:28:00,1.2159,1.2162,1.2159,1.2162,9
2005-06-28 03:29:00,1.2159,1.2161,1.2157,1.2158,22
2005-06-28 03:30:00,1.216,1.216,1.2159,1.2159,14
2005-06-28 03:31:00,1.2161,1.2161,1.216,1.216,4
2005-06-28 03:32:00,1.2162,1.2163,1.2161,1.2161,8
2005-06-28 03:33:00,1.2162,1.2162,1.2162,1.2162,2
2005-06-28 03:34:00,1.2161,1.2162,1.2161,1.2162,3
2005-06-28 03:35:00,1.2161,1.2161,1.2159,1.216,11
2005-06-28 03:36:00,1.216,1.2161,1.216,1.216,8
2005-06-28 03:37:00,1.216,1.2161,1.216,1.216,8
2005-06-28 03:38:00,1.2158,1.2159,1.2158,1.2159,10
2005-06-28 03:39:00,1.2156,1.2158,1.2156,1.2157,11
2005-06-28 03:40:00,1.2155,1.2158,1.2154,1.2156,20
2005-06-28 03:41:00,1.2156,1.2156,1.2156,1.2156,6
2005-06-28 03:42:00,1.21576,1.21576,1.21566,1.21566,8
2005-06-28 03:43:00,1.2158,1.2158,1.21576,1.21576,4
2005-06-28 03:44:00,1.2158,1.2159,1.2158,1.2158,11
2005-06-28 03:45:00,1.21576,1.2158,1.21566,1.2157,11
2005-06-28 03:46:00,1.21566,1.21576,1.21556,1.21576,12
2005-06-28 03:47:00,1.21576,1.21576,1.21566,1.21566,8
2005-06-28 03:48:00,1.21576,1.21576,1.21576,1.21576,5
2005-06-28 03:49:00,1.21576,1.21576,1.21576,1.21576,3
2005-06-28 03:50:00,1.21576,1.21586,1.21576,1.21586,5
2005-06-28 03:51:00,1.21566,1.21586,1.21566,1.21576,7
2005-06-28 03:52:00,1.21576,1.21576,1.21566,1.21576,7
2005-06-28 03:53:00,1.21576,1.21576,1.21566,1.21576,7
2005-06-28 03:54:00,1.21566,1.21566,1.21566,1.21566,4
2005-06-28 03:55:00,1.21576,1.21576,1.21566,1.21566,7
2005-06-28 03:56:00,1.21586,1.21586,1.21566,1.21566,7
2005-06-28 03:57:00,1.21576,1.21576,1.21576,1.21576,10
2005-06-28 03:58:00,1.21586,1.21586,1.21576,1.21576,5
2005-06-28 03:59:00,1.21606,1.21616,1.21586,1.21596,19
2005-06-28 04:00:00,1.21596,1.21616,1.21576,1.21606,16
2005-06-28 04:01:00,1.21586,1.21596,1.21576,1.21586,12
2005-06-28 04:02:00,1.21586,1.21596,1.21586,1.21586,9
2005-06-28 04:03:00,1.21586,1.21596,1.21586,1.21596,5
2005-06-28 04:04:00,1.21566,1.21586,1.21566,1.21586,11
2005-06-28 04:05:00,1.21566,1.21576,1.21566,1.21576,6
2005-06-28 04:06:00,1.21566,1.21566,1.21556,1.21566,11
2005-06-28 04:07:00,1.21566,1.21576,1.21566,1.21566,11
2005-06-28 04:08:00,1.21576,1.21576,1.21566,1.21566,12
2005-06-28 04:09:00,1.21576,1.21576,1.21566,1.21566,5
2005-06-28 04:10:00,1.21576,1.21586,1.21576,1.21576,4
2005-06-28 04:11:00,1.21586,1.21586,1.21576,1.21576,8
2005-06-28 04:12:00,1.21576,1.21576,1.21576,1.21576,6
2005-06-28 04:13:00,1.21576,1.21586,1.21576,1.21576,9
2005-06-28 04:14:00,1.21576,1.21576,1.21576,1.21576,2
2005-06-28 04:15:00,1.21576,1.21576,1.21576,1.21576,2
2005-06-28 04:16:00,1.21566,1.21576,1.21566,1.21576,2
2005-06-28 04:17:00,1.21576,1.21576,1.21576,1.21576,2
2005-06-28 04:18:00,1.21566,1.21576,1.21566,1.21576,5
2005-06-28 04:19:00,1.21566,1.21576,1.21566,1.21566,7
2005-06-28 04:20:00,1.21566,1.21566,1.21566,1.21566,5
2005-06-28 04:21:00,1.21576,1.21576,1.21576,1.21576,5
2005-06-28 04:22:00,1.21576,1.21586,1.21566,1.21576,14
2005-06-28 04:23:00,1.21576,1.21586,1.21566,1.21576,13
2005-06-28 04:24:00,1.21576,1.21586,1.21566,1.21576,14
2005-06-28 04:25:00,1.21586,1.21586,1.21576,1.21586,9
2005-06-28 04:26:00,1.21586,1.21586,1.21586,1.21586,5
2005-06-28 04:27:00,1.21576,1.21586,1.21576,1.21586,3
2005-06-28 04:28:00,1.21586,1.21596,1.21576,1.21576,9
2005-06-28 04:29:00,1.21596,1.21606,1.21586,1.21586,12
2005-06-28 04:30:00,1.21596,1.21596,1.21596,1.21596,5
2005-06-28 04:31:00,1.21606,1.21606,1.21596,1.21596,5
2005-06-28 04:32:00,1.21606,1.21606,1.21596,1.21606,6
2005-06-28 04:33:00,1.21606,1.21606,1.21606,1.21606,2
2005-06-28 04:34:00,1.21606,1.21606,1.21596,1.21606,4
2005-06-28 04:35:00,1.21636,1.21646,1.21596,1.21596,22
2005-06-28 04:36:00,1.21636,1.21646,1.21636,1.21646,7
2005-06-28 04:37:00,1.21626,1.21626,1.21616,1.21626,12
2005-06-28 04:38:00,1.21646,1.21646,1.21626,1.21626,14
2005-06-28 04:39:00,1.21636,1.21646,1.21626,1.21646,8
2005-06-28 04:40:00,1.21636,1.21646,1.21626,1.21636,11
2005-06-28 04:41:00,1.21636,1.21646,1.21636,1.21646,10
2005-06-28 04:42:00,1.21646,1.21646,1.21636,1.21636,12
2005-06-28 04:43:00,1.21636,1.21636,1.21626,1.21636,9
2005-06-28 04:44:00,1.21636,1.21636,1.21626,1.21626,10
2005-06-28 04:45:00,1.21626,1.21636,1.21626,1.21636,6
2005-06-28 04:46:00,1.21626,1.21636,1.21626,1.21636,5
2005-06-28 04:47:00,1.21636,1.21646,1.21626,1.21626,13
2005-06-28 04:48:00,1.21646,1.21656,1.21646,1.21646,13
2005-06-28 04:49:00,1.21636,1.21656,1.21636,1.21646,12
2005-06-28 04:50:00,1.21626,1.21646,1.21626,1.21636,11
2005-06-28 04:51:00,1.21626,1.21636,1.21626,1.21626,6
2005-06-28 04:52:00,1.21616,1.21616,1.21596,1.21616,11
2005-06-28 04:53:00,1.21596,1.21616,1.21596,1.21606,16
2005-06-28 04:54:00,1.21596,1.21596,1.21596,1.21596,5
2005-06-28 04:55:00,1.21596,1.21596,1.21586,1.21596,10
2005-06-28 04:56:00,1.21586,1.21596,1.21586,1.21586,9
2005-06-28 04:57:00,1.21606,1.21606,1.21586,1.21586,15
2005-06-28 04:58:00,1.21606,1.21606,1.21596,1.21596,14
2005-06-28 04:59:00,1.21606,1.21606,1.21606,1.21606,3
2005-06-28 05:00:00,1.21606,1.21606,1.21596,1.21606,15
2005-06-28 05:01:00,1.21596,1.21606,1.21596,1.21606,8
2005-06-28 05:02:00,1.21606,1.21606,1.21596,1.21596,6
2005-06-28 05:03:00,1.21606,1.21606,1.21606,1.21606,4
2005-06-28 05:04:00,1.21606,1.21616,1.21606,1.21606,5
2005-06-28 05:05:00,1.21596,1.21606,1.21596,1.21606,7
2005-06-28 05:06:00,1.21596,1.21596,1.21596,1.21596,3
2005-06-28 05:07:00,1.21596,1.21596,1.21596,1.21596,2
2005-06-28 05:08:00,1.21596,1.21596,1.21596,1.21596,2
2005-06-28 05:09:00,1.21586,1.21596,1.21586,1.21596,4
2005-06-28 05:10:00,1.21596,1.21596,1.21586,1.21596,8
2005-06-28 05:11:00,1.21596,1.21596,1.21596,1.21596,4
2005-06-28 05:12:00,1.21606,1.21616,1.21596,1.21606,9
2005-06-28 05:13:00,1.21636,1.21636,1.21606,1.21606,21
2005-06-28 05:14:00,1.21636,1.21636,1.21626,1.21626,10
2005-06-28 05:15:00,1.21636,1.21636,1.21636,1.21636,11
2005-06-28 05:16:00,1.21646,1.21646,1.21636,1.21636,8
2005-06-28 05:17:00,1.21666,1.21676,1.21646,1.21646,13
2005-06-28 05:18:00,1.21686,1.21686,1.21666,1.21666,10
2005-06-28 05:19:00,1.21696,1.21696,1.21686,1.21686,9
2005-06-28 05:20:00,1.21686,1.21696,1.21686,1.21686,15
2005-06-28 05:21:00,1.21676,1.21686,1.21676,1.21686,7
2005-06-28 05:22:00,1.21686,1.21686,1.21676,1.21676,15
2005-06-28 05:23:00,1.21686,1.21686,1.21676,1.21676,6
2005-06-28 05:24:00,1.21686,1.21686,1.21676,1.21686,8
2005-06-28 05:25:00,1.21676,1.21686,1.21676,1.21686,5
2005-06-28 05:26:00,1.21666,1.21676,1.21666,1.21676,5
2005-06-28 05:27:00,1.21676,1.21676,1.21666,1.21666,5
2005-06-28 05:28:00,1.21686,1.21696,1.21686,1.21686,8
2005-06-28 05:29:00,1.21668,1.21686,1.21668,1.21686,4
2005-06-28 05:30:00,1.21678,1.21678,1.21668,1.21668,9
2005-06-28 05:31:00,1.21678,1.21678,1.21678,1.21678,2
2005-06-28 05:32:00,1.21678,1.21678,1.21678,1.21678,2
2005-06-28 05:33:00,1.21678,1.21678,1.21678,1.21678,2
2005-06-28 05:34:00,1.21678,1.21688,1.21678,1.21688,9
2005-06-28 05:35:00,1.21688,1.21688,1.21678,1.21678,8
2005-06-28 05:36:00,1.21688,1.21688,1.21688,1.21688,2
2005-06-28 05:37:00,1.21678,1.21688,1.21678,1.21688,4
2005-06-28 05:38:00,1.21668,1.21678,1.21668,1.21678,6
2005-06-28 05:39:00,1.21678,1.21678,1.21668,1.21668,11
2005-06-28 05:40:00,1.21668,1.21688,1.21668,1.21678,11
2005-06-28 05:41:00,1.21638,1.21668,1.21638,1.21668,15
2005-06-28 05:42:00,1.21628,1.21638,1.21628,1.21638,12
2005-06-28 05:43:00,1.21628,1.21638,1.21628,1.21628,8
2005-06-28 05:44:00,1.21638,1.21638,1.21638,1.21638,4
2005-06-28 05:45:00,1.21642,1.21648,1.21638,1.21648,14
2005-06-28 05:46:00,1.21652,1.21652,1.21642,1.21642,19
2005-06-28 05:47:00,1.21662,1.21672,1.21652,1.21652,11
2005-06-28 05:48:00,1.21662,1.21662,1.21652,1.21652,20
2005-06-28 05:49:00,1.21642,1.21662,1.21642,1.21662,19
2005-06-28 05:50:00,1.21642,1.21652,1.21642,1.21642,16
2005-06-28 05:51:00,1.21632,1.21652,1.21622,1.21642,15
2005-06-28 05:52:00,1.21582,1.21622,1.21582,1.21622,25
2005-06-28 05:53:00,1.21602,1.21602,1.21592,1.21592,6
2005-06-28 05:54:00,1.21582,1.21602,1.21572,1.21592,21
2005-06-28 05:55:00,1.21562,1.21592,1.21542,1.21582,15
2005-06-28 05:56:00,1.21532,1.21562,1.21502,1.21562,27
2005-06-28 05:57:00,1.21522,1.21532,1.21522,1.21522,12
2005-06-28 05:58:00,1.21542,1.21552,1.21522,1.21532,18
2005-06-28 05:59:00,1.21542,1.21542,1.21522,1.21542,17
2005-06-28 06:00:00,1.21562,1.21562,1.21542,1.21542,19
2005-06-28 06:01:00,1.21572,1.21582,1.21542,1.21562,25
2005-06-28 06:02:00,1.21592,1.21592,1.21562,1.21572,20
2005-06-28 06:03:00,1.21532,1.21602,1.21532,1.21592,20
2005-06-28 06:04:00,1.21522,1.21542,1.21522,1.21522,20
2005-06-28 06:05:00,1.21522,1.21532,1.21502,1.21532,25
2005-06-28 06:06:00,1.21508,1.21518,1.21498,1.21512,40
2005-06-28 06:07:00,1.21528,1.21528,1.21508,1.21508,47
2005-06-28 06:08:00,1.21528,1.21528,1.21518,1.21528,35
2005-06-28 06:09:00,1.21488,1.21528,1.21478,1.21518,58
2005-06-28 06:10:00,1.21478,1.21488,1.21478,1.21488,43
2005-06-28 06:11:00,1.21428,1.21488,1.21428,1.21478,57
2005-06-28 06:12:00,1.21442,1.21462,1.21418,1.21428,53
2005-06-28 06:13:00,1.21422,1.21442,1.21412,1.21442,45
2005-06-28 06:14:00,1.21432,1.21442,1.21422,1.21422,53
2005-06-28 06:15:00,1.21362,1.21422,1.21352,1.21422,60
2005-06-28 06:16:00,1.21372,1.21382,1.21362,1.21372,50
2005-06-28 06:17:00,1.21372,1.21382,1.21362,1.21372,50
2005-06-28 06:18:00,1.21358,1.21378,1.21358,1.21372,46
2005-06-28 06:19:00,1.21358,1.21378,1.21358,1.21368,55
2005-06-28 06:20:00,1.21338,1.21358,1.21328,1.21358,46
2005-06-28 06:21:00,1.21328,1.21338,1.21328,1.21338,53
2005-06-28 06:22:00,1.21348,1.21358,1.21338,1.21338,48
2005-06-28 06:23:00,1.21342,1.21348,1.21318,1.21348,52
2005-06-28 06:24:00,1.21358,1.21362,1.21342,1.21342,48
2005-06-28 06:25:00,1.21378,1.21378,1.21358,1.21358,45
2005-06-28 06:26:00,1.21368,1.21378,1.21358,1.21378,48
2005-06-28 06:27:00,1.21388,1.21388,1.21368,1.21368,51
2005-06-28 06:28:00,1.21398,1.21398,1.21388,1.21388,48
2005-06-28 06:29:00,1.21378,1.21398,1.21368,1.21388,44
2005-06-28 06:30:00,1.21368,1.21378,1.21358,1.21378,47
2005-06-28 06:31:00,1.21368,1.21378,1.21368,1.21368,52
2005-06-28 06:32:00,1.21318,1.21358,1.21308,1.21358,54
2005-06-28 06:33:00,1.21338,1.21338,1.21318,1.21328,50
2005-06-28 06:34:00,1.21328,1.21338,1.21328,1.21338,37
2005-06-28 06:35:00,1.21328,1.21338,1.21318,1.21328,41
2005-06-28 06:36:00,1.21328,1.21328,1.21318,1.21328,39
2005-06-28 06:37:00,1.21328,1.21338,1.21318,1.21328,38
2005-06-28 06:38:00,1.21348,1.21358,1.21328,1.21328,50
2005-06-28 06:39:00,1.21348,1.21358,1.21328,1.21348,53
2005-06-28 06:40:00,1.21348,1.21348,1.21338,1.21338,30
2005-06-28 06:41:00,1.21348,1.21348,1.21338,1.21348,35
2005-06-28 06:42:00,1.21348,1.21348,1.21338,1.21348,38
2005-06-28 06:43:00,1.21318,1.21348,1.21308,1.21348,58
2005-06-28 06:44:00,1.21328,1.21328,1.21308,1.21318,43
2005-06-28 06:45:00,1.21328,1.21328,1.21308,1.21328,43
2005-06-28 06:46:00,1.21308,1.21328,1.21308,1.21328,46
2005-06-28 06:47:00,1.21318,1.21318,1.21288,1.21308,52
2005-06-28 06:48:00,1.21298,1.21318,1.21288,1.21318,53
2005-06-28 06:49:00,1.21278,1.21298,1.21278,1.21298,45
2005-06-28 06:50:00,1.21228,1.21288,1.21228,1.21278,52
2005-06-28 06:51:00,1.21242,1.21252,1.21218,1.21238,50
2005-06-28 06:52:00,1.21238,1.21252,1.21238,1.21242,46
2005-06-28 06:53:00,1.21258,1.21258,1.21228,1.21238,52
2005-06-28 06:54:00,1.21258,1.21268,1.21248,1.21258,49
2005-06-28 06:55:00,1.21268,1.21268,1.21258,1.21258,45
2005-06-28 06:56:00,1.21288,1.21298,1.21258,1.21268,65
2005-06-28 06:57:00,1.21318,1.21318,1.21278,1.21288,55
2005-06-28 06:58:00,1.21298,1.21318,1.21298,1.21318,45
2005-06-28 06:59:00,1.21292,1.21312,1.21292,1.21298,53
2005-06-28 07:00:00,1.21282,1.21292,1.21282,1.21292,48
2005-06-28 07:01:00,1.21282,1.21302,1.21272,1.21282,51
2005-06-28 07:02:00,1.21272,1.21282,1.21262,1.21282,53
2005-06-28 07:03:00,1.21262,1.21272,1.21252,1.21272,46
2005-06-28 07:04:00,1.21288,1.21288,1.21248,1.21262,45
2005-06-28 07:05:00,1.21278,1.21278,1.21238,1.21278,46
2005-06-28 07:06:00,1.21268,1.21278,1.21248,1.21278,51
2005-06-28 07:07:00,1.21278,1.21278,1.21268,1.21268,51
2005-06-28 07:08:00,1.21248,1.21278,1.21248,1.21278,49
2005-06-28 07:09:00,1.21242,1.21248,1.21218,1.21248,49
2005-06-28 07:10:00,1.21232,1.21242,1.21232,1.21242,42
2005-06-28 07:11:00,1.21222,1.21242,1.21182,1.21232,53
2005-06-28 07:12:00,1.21222,1.21232,1.21212,1.21222,49
2005-06-28 07:13:00,1.21212,1.21232,1.21202,1.21232,51
2005-06-28 07:14:00,1.21202,1.21222,1.21192,1.21202,50
2005-06-28 07:15:00,1.21232,1.21232,1.21192,1.21212,48
2005-06-28 07:16:00,1.21232,1.21232,1.21222,1.21232,46
2005-06-28 07:17:00,1.21192,1.21232,1.21192,1.21232,59
2005-06-28 07:18:00,1.21202,1.21202,1.21182,1.21192,56
2005-06-28 07:19:00,1.21192,1.21202,1.21182,1.21202,23
2005-06-28 07:20:00,1.21202,1.21212,1.21182,1.21192,49
2005-06-28 07:21:00,1.21202,1.21212,1.21192,1.21202,43
2005-06-28 07:22:00,1.21222,1.21222,1.21202,1.21202,53
2005-06-28 07:23:00,1.21212,1.21232,1.21198,1.21232,50
2005-06-28 07:24:00,1.21222,1.21222,1.21212,1.21212,44
2005-06-28 07:25:00,1.21222,1.21222,1.21222,1.21222,24
2005-06-28 07:26:00,1.21182,1.21222,1.21182,1.21222,51
2005-06-28 07:27:00,1.21202,1.21202,1.21182,1.21182,42
2005-06-28 07:28:00,1.21142,1.21202,1.21132,1.21202,56
2005-06-28 07:29:00,1.21162,1.21162,1.21132,1.21142,48
2005-06-28 07:30:00,1.2112,1.21172,1.2111,1.21162,52
2005-06-28 07:31:00,1.21132,1.21132,1.211,1.2111,54
2005-06-28 07:32:00,1.21122,1.21132,1.21112,1.21132,43
2005-06-28 07:33:00,1.21132,1.21132,1.21122,1.21132,39
2005-06-28 07:34:00,1.21122,1.21132,1.21112,1.21132,43
2005-06-28 07:35:00,1.21142,1.21142,1.21122,1.21132,49
2005-06-28 07:36:00,1.21172,1.21172,1.21142,1.21142,40
2005-06-28 07:37:00,1.21168,1.21178,1.21168,1.21172,35
2005-06-28 07:38:00,1.21158,1.21168,1.21158,1.21168,33
2005-06-28 07:39:00,1.21158,1.21158,1.21148,1.21158,48
2005-06-28 07:40:00,1.21148,1.21158,1.21138,1.21158,56
2005-06-28 07:41:00,1.21128,1.21148,1.21128,1.21148,38
2005-06-28 07:42:00,1.21158,1.21158,1.21128,1.21128,56
2005-06-28 07:43:00,1.21148,1.21158,1.21138,1.21158,45
2005-06-28 07:44:00,1.21138,1.21158,1.21138,1.21148,45
2005-06-28 07:45:00,1.21148,1.21148,1.21118,1.21138,53
2005-06-28 07:46:00,1.21138,1.21158,1.21138,1.21148,47
2005-06-28 07:47:00,1.21148,1.21148,1.21128,1.21138,47
2005-06-28 07:48:00,1.21148,1.21148,1.21148,1.21148,27
2005-06-28 07:49:00,1.21168,1.21178,1.21138,1.21148,35
2005-06-28 07:50:00,1.21168,1.21168,1.21158,1.21168,48
2005-06-28 07:51:00,1.21168,1.21178,1.21168,1.21168,39
2005-06-28 07:52:00,1.21158,1.21168,1.21148,1.21168,47
2005-06-28 07:53:00,1.21158,1.21168,1.21148,1.21158,47
2005-06-28 07:54:00,1.21158,1.21168,1.21148,1.21158,59
2005-06-28 07:55:00,1.21158,1.21168,1.21158,1.21168,31
2005-06-28 07:56:00,1.21158,1.21158,1.21158,1.21158,26
2005-06-28 07:57:00,1.21168,1.21168,1.21158,1.21158,41
2005-06-28 07:58:00,1.21158,1.21178,1.21158,1.21168,49
2005-06-28 07:59:00,1.21148,1.21168,1.21148,1.21158,46
2005-06-28 08:00:00,1.21178,1.21178,1.21148,1.21148,38
2005-06-28 08:01:00,1.21168,1.21178,1.21168,1.21178,40
2005-06-28 08:02:00,1.21168,1.21168,1.21168,1.21168,27
2005-06-28 08:03:00,1.21178,1.21178,1.21168,1.21168,44
2005-06-28 08:04:00,1.21188,1.21188,1.21178,1.21178,27
2005-06-28 08:05:00,1.21178,1.21188,1.21178,1.21188,41
2005-06-28 08:06:00,1.21198,1.21198,1.21178,1.21178,45
2005-06-28 08:07:00,1.21178,1.21198,1.21178,1.21188,46
2005-06-28 08:08:00,1.21178,1.21188,1.21178,1.21178,51
2005-06-28 08:09:00,1.21168,1.21178,1.21168,1.21178,41
2005-06-28 08:10:00,1.21158,1.21168,1.21158,1.21168,35
2005-06-28 08:11:00,1.21168,1.21168,1.21158,1.21158,35
2005-06-28 08:12:00,1.21138,1.21168,1.21138,1.21168,47
2005-06-28 08:13:00,1.21138,1.21148,1.21138,1.21138,51
2005-06-28 08:14:00,1.21148,1.21148,1.21138,1.21138,35
2005-06-28 08:15:00,1.21158,1.21158,1.21148,1.21148,47
2005-06-28 08:16:00,1.21138,1.21158,1.21138,1.21158,41
2005-06-28 08:17:00,1.21168,1.21178,1.21138,1.21138,58
2005-06-28 08:18:00,1.21188,1.21188,1.21168,1.21168,43
2005-06-28 08:19:00,1.21188,1.21188,1.21178,1.21188,35
2005-06-28 08:20:00,1.21228,1.21228,1.21188,1.21188,47
2005-06-28 08:21:00,1.21248,1.21248,1.21218,1.21228,54
2005-06-28 08:22:00,1.21238,1.21248,1.21228,1.21248,44
2005-06-28 08:23:00,1.21218,1.21238,1.21218,1.21238,40
2005-06-28 08:24:00,1.21238,1.21238,1.21218,1.21218,39
2005-06-28 08:25:00,1.21238,1.21248,1.21228,1.21238,52
2005-06-28 08:26:00,1.21238,1.21248,1.21228,1.21238,47
2005-06-28 08:27:00,1.21238,1.21248,1.21238,1.21238,48
2005-06-28 08:28:00,1.21258,1.21258,1.21238,1.21238,34
2005-06-28 08:29:00,1.21248,1.21258,1.21248,1.21258,47
2005-06-28 08:30:00,1.21238,1.21248,1.21238,1.21248,44
2005-06-28 08:31:00,1.21228,1.21238,1.21218,1.21238,45
2005-06-28 08:32:00,1.21228,1.21248,1.21228,1.21228,48
2005-06-28 08:33:00,1.21228,1.21238,1.21228,1.21228,31
2005-06-28 08:34:00,1.21218,1.21228,1.21218,1.21228,22
2005-06-28 08:35:00,1.21208,1.21218,1.21208,1.21218,42
2005-06-28 08:36:00,1.21208,1.21218,1.21208,1.21208,37
2005-06-28 08:37:00,1.21188,1.21208,1.21188,1.21208,41
2005-06-28 08:38:00,1.21178,1.21198,1.21178,1.21188,38
2005-06-28 08:39:00,1.21178,1.21178,1.21168,1.21178,36
2005-06-28 08:40:00,1.21178,1.21178,1.21168,1.21168,49
2005-06-28 08:41:00,1.21168,1.21178,1.21168,1.21168,42
2005-06-28 08:42:00,1.21148,1.21168,1.21138,1.21168,38
2005-06-28 08:43:00,1.21118,1.21148,1.21118,1.21148,57
2005-06-28 08:44:00,1.21108,1.21118,1.21108,1.21118,43
2005-06-28 08:45:00,1.21118,1.21128,1.21098,1.21108,54
2005-06-28 08:46:00,1.21078,1.21118,1.21068,1.21118,53
2005-06-28 08:47:00,1.21058,1.21068,1.21048,1.21068,50
2005-06-28 08:48:00,1.21038,1.21058,1.21038,1.21058,42
2005-06-28 08:49:00,1.21038,1.21048,1.21028,1.21038,44
2005-06-28 08:50:00,1.21018,1.21038,1.21018,1.21038,54
2005-06-28 08:51:00,1.21038,1.21038,1.21018,1.21018,40
2005-06-28 08:52:00,1.21048,1.21048,1.21038,1.21038,41
2005-06-28 08:53:00,1.21068,1.21068,1.21048,1.21058,53
2005-06-28 08:54:00,1.21058,1.21068,1.21058,1.21068,42
2005-06-28 08:55:00,1.21048,1.21058,1.21048,1.21058,45
2005-06-28 08:56:00,1.21048,1.21058,1.21048,1.21048,37
2005-06-28 08:57:00,1.21068,1.21068,1.21048,1.21048,46
2005-06-28 08:58:00,1.21068,1.21068,1.21068,1.21068,29
2005-06-28 08:59:00,1.21068,1.21068,1.21068,1.21068,26
2005-06-28 09:00:00,1.21028,1.21068,1.21028,1.21068,47
2005-06-28 09:01:00,1.21048,1.21058,1.21028,1.21028,45
2005-06-28 09:02:00,1.21038,1.21048,1.21038,1.21048,36
2005-06-28 09:03:00,1.21028,1.21038,1.21028,1.21038,38
2005-06-28 09:04:00,1.21038,1.21038,1.21018,1.21028,39
2005-06-28 09:05:00,1.21028,1.21048,1.21018,1.21038,52
2005-06-28 09:06:00,1.21018,1.21038,1.21018,1.21028,55
2005-06-28 09:07:00,1.20998,1.21018,1.20988,1.21018,51
2005-06-28 09:08:00,1.20988,1.21008,1.20988,1.20998,53
2005-06-28 09:09:00,1.20972,1.20992,1.20972,1.20988,55
2005-06-28 09:10:00,1.20968,1.20978,1.20958,1.20972,57
2005-06-28 09:11:00,1.21008,1.21008,1.20968,1.20968,46
2005-06-28 09:12:00,1.20988,1.21008,1.20978,1.21008,47
2005-06-28 09:13:00,1.20998,1.20998,1.20988,1.20988,44
2005-06-28 09:14:00,1.20998,1.20998,1.20988,1.20998,40
2005-06-28 09:15:00,1.20988,1.20998,1.20978,1.20998,56
2005-06-28 09:16:00,1.20998,1.20998,1.20978,1.20988,47
2005-06-28 09:17:00,1.20978,1.20998,1.20978,1.20998,56
2005-06-28 09:18:00,1.20978,1.20978,1.20968,1.20978,44
2005-06-28 09:19:00,1.20998,1.20998,1.20978,1.20978,50
2005-06-28 09:20:00,1.20978,1.20998,1.20978,1.20998,41
2005-06-28 09:21:00,1.21018,1.21018,1.20978,1.20978,40
2005-06-28 09:22:00,1.21028,1.21038,1.21018,1.21018,51
2005-06-28 09:23:00,1.21058,1.21068,1.21028,1.21028,48
2005-06-28 09:24:00,1.21048,1.21058,1.21038,1.21058,39
2005-06-28 09:25:00,1.21048,1.21058,1.21048,1.21048,42
2005-06-28 09:26:00,1.21038,1.21058,1.21038,1.21048,45
2005-06-28 09:27:00,1.21038,1.21038,1.21028,1.21038,40
2005-06-28 09:28:00,1.21018,1.21038,1.21018,1.21038,43
2005-06-28 09:29:00,1.21008,1.21028,1.21008,1.21018,37
2005-06-28 09:30:00,1.20988,1.21008,1.20978,1.21008,38
2005-06-28 09:31:00,1.20988,1.20998,1.20988,1.20988,35
2005-06-28 09:32:00,1.21018,1.21018,1.20988,1.20988,40
2005-06-28 09:33:00,1.21008,1.21018,1.21008,1.21018,34
2005-06-28 09:34:00,1.20988,1.21008,1.20988,1.21008,48
2005-06-28 09:35:00,1.20998,1.20998,1.20978,1.20988,39
2005-06-28 09:36:00,1.20968,1.20998,1.20968,1.20998,44
2005-06-28 09:37:00,1.20928,1.20978,1.20918,1.20968,50
2005-06-28 09:38:00,1.20908,1.20938,1.20878,1.20928,60
2005-06-28 09:39:00,1.20922,1.20922,1.20888,1.20908,55
2005-06-28 09:40:00,1.20922,1.20922,1.20912,1.20922,46
2005-06-28 09:41:00,1.20912,1.20922,1.20902,1.20922,44
2005-06-28 09:42:00,1.20932,1.20932,1.20912,1.20922,57
2005-06-28 09:43:00,1.20942,1.20942,1.20932,1.20932,40
2005-06-28 09:44:00,1.20962,1.20972,1.20932,1.20942,47
2005-06-28 09:45:00,1.20962,1.20972,1.20962,1.20962,30
2005-06-28 09:46:00,1.20962,1.20972,1.20962,1.20962,34
2005-06-28 09:47:00,1.20952,1.20952,1.20942,1.20952,47
2005-06-28 09:48:00,1.20952,1.20962,1.20952,1.20952,35
2005-06-28 09:49:00,1.20952,1.20952,1.20942,1.20952,36
2005-06-28 09:50:00,1.20962,1.20962,1.20942,1.20952,44
2005-06-28 09:51:00,1.20952,1.20962,1.20952,1.20962,33
2005-06-28 09:52:00,1.20952,1.20952,1.20942,1.20942,41
2005-06-28 09:53:00,1.20962,1.20962,1.20942,1.20952,41
2005-06-28 09:54:00,1.20962,1.20962,1.20952,1.20962,37
2005-06-28 09:55:00,1.20952,1.20962,1.20952,1.20962,43
2005-06-28 09:56:00,1.20962,1.20962,1.20952,1.20952,37
2005-06-28 09:57:00,1.20972,1.20972,1.20962,1.20962,29
2005-06-28 09:58:00,1.20982,1.20982,1.20972,1.20972,35
2005-06-28 09:59:00,1.20982,1.20992,1.20982,1.20982,48
2005-06-28 10:00:00,1.20992,1.21002,1.20982,1.20982,54
2005-06-28 10:01:00,1.21002,1.21002,1.20992,1.21002,39
2005-06-28 10:02:00,1.20992,1.21012,1.20992,1.21002,40
2005-06-28 10:03:00,1.21022,1.21022,1.21002,1.21002,40
2005-06-28 10:04:00,1.21022,1.21032,1.21012,1.21022,43
2005-06-28 10:05:00,1.21022,1.21032,1.21012,1.21022,50
2005-06-28 10:06:00,1.21022,1.21022,1.21012,1.21022,36
2005-06-28 10:07:00,1.21022,1.21022,1.21022,1.21022,18
2005-06-28 10:08:00,1.21012,1.21022,1.21012,1.21022,30
2005-06-28 10:09:00,1.21012,1.21012,1.21012,1.21012,21
2005-06-28 10:10:00,1.20992,1.21012,1.20992,1.21012,40
2005-06-28 10:11:00,1.21002,1.21002,1.20992,1.20992,43
2005-06-28 10:12:00,1.21002,1.21002,1.21002,1.21002,26
2005-06-28 10:13:00,1.21012,1.21012,1.21002,1.21002,45
2005-06-28 10:14:00,1.21012,1.21022,1.21012,1.21012,34
2005-06-28 10:15:00,1.21022,1.21032,1.21012,1.21012,45
2005-06-28 10:16:00,1.21032,1.21032,1.21012,1.21032,49
2005-06-28 10:17:00,1.21042,1.21042,1.21032,1.21032,49
2005-06-28 10:18:00,1.21072,1.21082,1.21042,1.21042,52
2005-06-28 10:19:00,1.21092,1.21092,1.21072,1.21082,42
2005-06-28 10:20:00,1.21092,1.21102,1.21082,1.21092,54
2005-06-28 10:21:00,1.21122,1.21122,1.21082,1.21092,51
2005-06-28 10:22:00,1.21102,1.21122,1.21102,1.21122,39
2005-06-28 10:23:00,1.21092,1.21102,1.21092,1.21102,34
2005-06-28 10:24:00,1.21092,1.21102,1.21082,1.21092,39
2005-06-28 10:25:00,1.21092,1.21092,1.21082,1.21092,35
2005-06-28 10:26:00,1.21082,1.21092,1.21072,1.21092,46
2005-06-28 10:27:00,1.21082,1.21082,1.21072,1.21082,28
2005-06-28 10:28:00,1.21092,1.21092,1.21082,1.21082,36
2005-06-28 10:29:00,1.21092,1.21102,1.21092,1.21092,40
2005-06-28 10:30:00,1.21102,1.21102,1.21092,1.21092,34
2005-06-28 10:31:00,1.21092,1.21102,1.21092,1.21102,40
2005-06-28 10:32:00,1.21092,1.21092,1.21082,1.21092,46
2005-06-28 10:33:00,1.21132,1.21132,1.21092,1.21092,57
2005-06-28 10:34:00,1.21152,1.21152,1.21132,1.21132,49
2005-06-28 10:35:00,1.21142,1.21152,1.21132,1.21152,43
2005-06-28 10:36:00,1.21132,1.21142,1.21132,1.21142,34
2005-06-28 10:37:00,1.21122,1.21132,1.21122,1.21132,32
2005-06-28 10:38:00,1.21132,1.21132,1.21122,1.21122,33
2005-06-28 10:39:00,1.21142,1.21152,1.21122,1.21132,48
2005-06-28 10:40:00,1.21142,1.21152,1.21142,1.21142,40
2005-06-28 10:41:00,1.21172,1.21182,1.21132,1.21142,51
2005-06-28 10:42:00,1.21172,1.21172,1.21162,1.21172,45
2005-06-28 10:43:00,1.21152,1.21172,1.21152,1.21172,45
2005-06-28 10:44:00,1.21152,1.21152,1.21142,1.21152,43
2005-06-28 10:45:00,1.21132,1.21152,1.21122,1.21152,53
2005-06-28 10:46:00,1.21132,1.21132,1.21132,1.21132,26
2005-06-28 10:47:00,1.21122,1.21132,1.21122,1.21132,34
2005-06-28 10:48:00,1.21122,1.21132,1.21122,1.21122,22
2005-06-28 10:49:00,1.21092,1.21122,1.21082,1.21122,44
2005-06-28 10:50:00,1.21082,1.21092,1.21072,1.21082,39
2005-06-28 10:51:00,1.21082,1.21092,1.21082,1.21082,32
2005-06-28 10:52:00,1.21092,1.21102,1.21082,1.21082,41
2005-06-28 10:53:00,1.21092,1.21092,1.21092,1.21092,31
2005-06-28 10:54:00,1.21092,1.21092,1.21072,1.21092,44
2005-06-28 10:55:00,1.21092,1.21092,1.21082,1.21092,42
2005-06-28 10:56:00,1.21082,1.21092,1.21082,1.21092,36
2005-06-28 10:57:00,1.21078,1.21088,1.21078,1.21082,38
2005-06-28 10:58:00,1.21088,1.21088,1.21078,1.21078,41
2005-06-28 10:59:00,1.21068,1.21098,1.21068,1.21088,60
2005-06-28 11:00:00,1.21058,1.21088,1.21058,1.21068,49
2005-06-28 11:01:00,1.21048,1.21068,1.21048,1.21058,39
2005-06-28 11:02:00,1.21038,1.21048,1.21028,1.21048,49
2005-06-28 11:03:00,1.21038,1.21038,1.21038,1.21038,32
2005-06-28 11:04:00,1.21038,1.21038,1.21038,1.21038,23
2005-06-28 11:05:00,1.21048,1.21048,1.21028,1.21038,41
2005-06-28 11:06:00,1.21038,1.21048,1.21038,1.21048,42
2005-06-28 11:07:00,1.21038,1.21038,1.21028,1.21038,33
2005-06-28 11:08:00,1.21038,1.21048,1.21038,1.21038,28
2005-06-28 11:09:00,1.21028,1.21038,1.21018,1.21038,34
2005-06-28 11:10:00,1.21028,1.21028,1.21018,1.21028,36
2005-06-28 11:11:00,1.21038,1.21038,1.21028,1.21028,42
2005-06-28 11:12:00,1.21038,1.21048,1.21038,1.21038,28
2005-06-28 11:13:00,1.21038,1.21038,1.21018,1.21038,43
2005-06-28 11:14:00,1.21048,1.21048,1.21038,1.21038,36
2005-06-28 11:15:00,1.21048,1.21068,1.21048,1.21048,48
2005-06-28 11:16:00,1.21058,1.21068,1.21058,1.21058,52
2005-06-28 11:17:00,1.21058,1.21058,1.21058,1.21058,38
2005-06-28 11:18:00,1.21058,1.21058,1.21048,1.21058,36
2005-06-28 11:19:00,1.21058,1.21058,1.21058,1.21058,33
2005-06-28 11:20:00,1.21068,1.21068,1.21058,1.21058,38
2005-06-28 11:21:00,1.21068,1.21068,1.21058,1.21068,34
2005-06-28 11:22:00,1.21068,1.21068,1.21068,1.21068,31
2005-06-28 11:23:00,1.21088,1.21088,1.21068,1.21068,40
2005-06-28 11:24:00,1.21088,1.21098,1.21088,1.21088,43
2005-06-28 11:25:00,1.21108,1.21108,1.21088,1.21098,41
2005-06-28 11:26:00,1.21148,1.21148,1.21098,1.21108,49
2005-06-28 11:27:00,1.21138,1.21148,1.21138,1.21148,37
2005-06-28 11:28:00,1.21138,1.21148,1.21128,1.21138,45
2005-06-28 11:29:00,1.21098,1.21138,1.21098,1.21128,53
2005-06-28 11:30:00,1.21068,1.21098,1.21068,1.21098,49
2005-06-28 11:31:00,1.21068,1.21078,1.21058,1.21068,43
2005-06-28 11:32:00,1.21068,1.21078,1.21068,1.21068,32
2005-06-28 11:33:00,1.21078,1.21078,1.21068,1.21078,45
2005-06-28 11:34:00,1.21078,1.21088,1.21078,1.21078,44
2005-06-28 11:35:00,1.21068,1.21078,1.21068,1.21078,41
2005-06-28 11:36:00,1.21058,1.21068,1.21058,1.21068,42
2005-06-28 11:37:00,1.21058,1.21058,1.21048,1.21058,42
2005-06-28 11:38:00,1.21058,1.21058,1.21058,1.21058,38
2005-06-28 11:39:00,1.21048,1.21058,1.21038,1.21058,30
2005-06-28 11:40:00,1.21048,1.21058,1.21038,1.21048,41
2005-06-28 11:41:00,1.21048,1.21058,1.21048,1.21048,44
2005-06-28 11:42:00,1.21068,1.21068,1.21048,1.21048,45
2005-06-28 11:43:00,1.21048,1.21068,1.21048,1.21068,36
2005-06-28 11:44:00,1.21048,1.21058,1.21048,1.21048,37
2005-06-28 11:45:00,1.21038,1.21048,1.21038,1.21048,45
2005-06-28 11:46:00,1.21028,1.21048,1.21028,1.21038,47
2005-06-28 11:47:00,1.21038,1.21038,1.21028,1.21028,44
2005-06-28 11:48:00,1.21028,1.21038,1.21018,1.21038,41
2005-06-28 11:49:00,1.21008,1.21028,1.20998,1.21028,49
2005-06-28 11:50:00,1.21008,1.21018,1.20998,1.21008,47
2005-06-28 11:51:00,1.20998,1.21008,1.20998,1.21008,49
2005-06-28 11:52:00,1.20988,1.20998,1.20968,1.20998,47
2005-06-28 11:53:00,1.20978,1.20988,1.20958,1.20988,47
2005-06-28 11:54:00,1.20978,1.20978,1.20968,1.20978,44
2005-06-28 11:55:00,1.20968,1.20978,1.20968,1.20978,32
2005-06-28 11:56:00,1.20978,1.20978,1.20958,1.20968,50
2005-06-28 11:57:00,1.20958,1.20988,1.20958,1.20978,47
2005-06-28 11:58:00,1.20958,1.20968,1.20938,1.20958,54
2005-06-28 11:59:00,1.20938,1.20958,1.20928,1.20958,47
2005-06-28 12:00:00,1.20908,1.20938,1.20908,1.20938,46
2005-06-28 12:01:00,1.20898,1.20918,1.20888,1.20908,56
2005-06-28 12:02:00,1.20918,1.20918,1.20888,1.20898,54
2005-06-28 12:03:00,1.20948,1.20948,1.20918,1.20918,50
2005-06-28 12:04:00,1.20948,1.20958,1.20948,1.20948,42
2005-06-28 12:05:00,1.20948,1.20958,1.20938,1.20948,43
2005-06-28 12:06:00,1.20948,1.20958,1.20948,1.20958,44
2005-06-28 12:07:00,1.20938,1.20948,1.20928,1.20948,51
2005-06-28 12:08:00,1.20948,1.20958,1.20938,1.20938,43
2005-06-28 12:09:00,1.20928,1.20948,1.20928,1.20948,40
2005-06-28 12:10:00,1.20948,1.20958,1.20928,1.20928,47
2005-06-28 12:11:00,1.20958,1.20958,1.20948,1.20948,38
2005-06-28 12:12:00,1.20938,1.20958,1.20928,1.20958,45
2005-06-28 12:13:00,1.20948,1.20958,1.20928,1.20938,54
2005-06-28 12:14:00,1.20948,1.20948,1.20938,1.20948,48
2005-06-28 12:15:00,1.20958,1.20958,1.20948,1.20958,43
2005-06-28 12:16:00,1.20938,1.20958,1.20938,1.20958,44
2005-06-28 12:17:00,1.20958,1.20958,1.20938,1.20938,36
2005-06-28 12:18:00,1.20948,1.20958,1.20948,1.20958,38
2005-06-28 12:19:00,1.20948,1.20958,1.20938,1.20948,46
2005-06-28 12:20:00,1.20928,1.20958,1.20928,1.20948,48
2005-06-28 12:21:00,1.20938,1.20948,1.20918,1.20918,49
2005-06-28 12:22:00,1.20938,1.20948,1.20938,1.20938,41
2005-06-28 12:23:00,1.20938,1.20948,1.20938,1.20938,35
2005-06-28 12:24:00,1.20938,1.20948,1.20938,1.20938,34
2005-06-28 12:25:00,1.20928,1.20938,1.20928,1.20938,48
2005-06-28 12:26:00,1.20958,1.20958,1.20918,1.20928,48
2005-06-28 12:27:00,1.20978,1.20988,1.20948,1.20958,41
2005-06-28 12:28:00,1.20988,1.20998,1.20978,1.20978,36
2005-06-28 12:29:00,1.20988,1.20998,1.20988,1.20998,40
2005-06-28 12:30:00,1.20988,1.20998,1.20978,1.20988,43
2005-06-28 12:31:00,1.20988,1.20998,1.20968,1.20978,44
2005-06-28 12:32:00,1.20988,1.20988,1.20988,1.20988,24
2005-06-28 12:33:00,1.20988,1.20998,1.20978,1.20988,45
2005-06-28 12:34:00,1.20968,1.20988,1.20968,1.20988,52
2005-06-28 12:35:00,1.20978,1.20988,1.20968,1.20968,48
2005-06-28 12:36:00,1.20978,1.20988,1.20968,1.20978,51
2005-06-28 12:37:00,1.20948,1.20988,1.20928,1.20978,52
2005-06-28 12:38:00,1.20938,1.20958,1.20938,1.20948,56
2005-06-28 12:39:00,1.20948,1.20948,1.20938,1.20938,51
2005-06-28 12:40:00,1.20948,1.20958,1.20948,1.20948,37
2005-06-28 12:41:00,1.20958,1.20958,1.20948,1.20948,32
2005-06-28 12:42:00,1.20938,1.20958,1.20938,1.20958,44
2005-06-28 12:43:00,1.20928,1.20948,1.20928,1.20938,39
2005-06-28 12:44:00,1.20938,1.20948,1.20928,1.20928,45
2005-06-28 12:45:00,1.20928,1.20948,1.20928,1.20948,48
2005-06-28 12:46:00,1.20928,1.20928,1.20928,1.20928,32
2005-06-28 12:47:00,1.20928,1.20938,1.20918,1.20928,27
2005-06-28 12:48:00,1.20938,1.20938,1.20928,1.20928,48
2005-06-28 12:49:00,1.20948,1.20948,1.20938,1.20938,49
2005-06-28 12:50:00,1.20958,1.20958,1.20938,1.20948,43
2005-06-28 12:51:00,1.20918,1.20958,1.20918,1.20958,54
2005-06-28 12:52:00,1.20918,1.20928,1.20888,1.20928,56
2005-06-28 12:53:00,1.20918,1.20928,1.20908,1.20918,38
2005-06-28 12:54:00,1.20918,1.20928,1.20898,1.20918,46
2005-06-28 12:55:00,1.20928,1.20928,1.20918,1.20918,45
2005-06-28 12:56:00,1.20948,1.20948,1.20928,1.20928,47
2005-06-28 12:57:00,1.20948,1.20948,1.20938,1.20948,36
2005-06-28 12:58:00,1.20938,1.20948,1.20918,1.20948,49
2005-06-28 12:59:00,1.20928,1.20938,1.20918,1.20928,42
2005-06-28 13:00:00,1.20918,1.20928,1.20918,1.20928,46
2005-06-28 13:01:00,1.20918,1.20928,1.20918,1.20918,44
2005-06-28 13:02:00,1.20908,1.20918,1.20898,1.20918,49
2005-06-28 13:03:00,1.20868,1.20918,1.20868,1.20908,43
2005-06-28 13:04:00,1.20828,1.20868,1.20828,1.20868,54
2005-06-28 13:05:00,1.20828,1.20848,1.20818,1.20828,51
2005-06-28 13:06:00,1.20828,1.20848,1.20828,1.20828,56
2005-06-28 13:07:00,1.20838,1.20848,1.20818,1.20828,46
2005-06-28 13:08:00,1.20778,1.20838,1.20778,1.20838,61
2005-06-28 13:09:00,1.20788,1.20798,1.20778,1.20778,50
2005-06-28 13:10:00,1.20782,1.20792,1.20772,1.20788,43
2005-06-28 13:11:00,1.20762,1.20782,1.20742,1.20782,55
2005-06-28 13:12:00,1.20762,1.20772,1.20752,1.20762,50
2005-06-28 13:13:00,1.20802,1.20802,1.20762,1.20762,52
2005-06-28 13:14:00,1.20802,1.20822,1.20802,1.20812,46
2005-06-28 13:15:00,1.20802,1.20812,1.20792,1.20802,57
2005-06-28 13:16:00,1.20822,1.20822,1.20802,1.20802,45
2005-06-28 13:17:00,1.20808,1.20822,1.20808,1.20822,42
2005-06-28 13:18:00,1.20798,1.20818,1.20788,1.20808,49
2005-06-28 13:19:00,1.20808,1.20808,1.20798,1.20798,30
2005-06-28 13:20:00,1.20828,1.20838,1.20808,1.20808,43
2005-06-28 13:21:00,1.20838,1.20848,1.20828,1.20828,48
2005-06-28 13:22:00,1.20818,1.20838,1.20798,1.20838,47
2005-06-28 13:23:00,1.20838,1.20838,1.20808,1.20808,43
2005-06-28 13:24:00,1.20838,1.20838,1.20828,1.20838,41
2005-06-28 13:25:00,1.20828,1.20838,1.20828,1.20838,43
2005-06-28 13:26:00,1.20838,1.20838,1.20828,1.20828,41
2005-06-28 13:27:00,1.20858,1.20858,1.20838,1.20838,39
2005-06-28 13:28:00,1.20838,1.20858,1.20838,1.20858,46
2005-06-28 13:29:00,1.20848,1.20848,1.20838,1.20838,36
2005-06-28 13:30:00,1.20838,1.20848,1.20828,1.20838,41
2005-06-28 13:31:00,1.20838,1.20838,1.20828,1.20838,49
2005-06-28 13:32:00,1.20838,1.20838,1.20828,1.20838,40
2005-06-28 13:33:00,1.20838,1.20848,1.20828,1.20838,41
2005-06-28 13:34:00,1.20828,1.20838,1.20828,1.20838,34
2005-06-28 13:35:00,1.20808,1.20838,1.20808,1.20828,52
2005-06-28 13:36:00,1.20778,1.20808,1.20778,1.20808,41
2005-06-28 13:37:00,1.20768,1.20778,1.20758,1.20778,49
2005-06-28 13:38:00,1.20768,1.20778,1.20748,1.20768,41
2005-06-28 13:39:00,1.20778,1.20788,1.20768,1.20768,42
2005-06-28 13:40:00,1.20788,1.20788,1.20768,1.20768,46
2005-06-28 13:41:00,1.20788,1.20788,1.20778,1.20788,40
2005-06-28 13:42:00,1.20778,1.20788,1.20768,1.20788,51
2005-06-28 13:43:00,1.20788,1.20788,1.20768,1.20778,49
2005-06-28 13:44:00,1.20808,1.20828,1.20778,1.20788,56
2005-06-28 13:45:00,1.20798,1.20828,1.20798,1.20808,53
2005-06-28 13:46:00,1.20772,1.20808,1.20752,1.20798,50
2005-06-28 13:47:00,1.20818,1.20818,1.20768,1.20782,58
2005-06-28 13:48:00,1.20798,1.20828,1.20798,1.20818,51
2005-06-28 13:49:00,1.20828,1.20828,1.20798,1.20798,59
2005-06-28 13:50:00,1.20828,1.20838,1.20818,1.20818,47
2005-06-28 13:51:00,1.20828,1.20828,1.20818,1.20828,46
2005-06-28 13:52:00,1.20818,1.20828,1.20798,1.20828,47
2005-06-28 13:53:00,1.20838,1.20858,1.20818,1.20828,49
2005-06-28 13:54:00,1.20846,1.20858,1.20838,1.20838,45
2005-06-28 13:55:00,1.20862,1.20882,1.20846,1.20846,56
2005-06-28 13:56:00,1.20852,1.20872,1.20852,1.20862,45
2005-06-28 13:57:00,1.20846,1.20855,1.20835,1.20852,41
2005-06-28 13:58:00,1.20858,1.20878,1.20846,1.20846,54
2005-06-28 13:59:00,1.20828,1.20858,1.20808,1.20858,50
2005-06-28 14:00:00,1.20788,1.20828,1.20728,1.20828,63
2005-06-28 14:01:00,1.20768,1.20818,1.20758,1.20788,63
2005-06-28 14:02:00,1.20852,1.20868,1.20768,1.20768,61
2005-06-28 14:03:00,1.20822,1.20852,1.20802,1.20852,59
2005-06-28 14:04:00,1.20782,1.20822,1.20772,1.20812,59
2005-06-28 14:05:00,1.2083,1.2083,1.20772,1.20782,59
2005-06-28 14:06:00,1.2093,1.2093,1.2084,1.2084,57
2005-06-28 14:07:00,1.2091,1.2095,1.209,1.2093,59
2005-06-28 14:08:00,1.20906,1.20916,1.2089,1.209,51
2005-06-28 14:09:00,1.20852,1.20906,1.20852,1.20906,47
2005-06-28 14:10:00,1.20812,1.20852,1.20812,1.20852,52
2005-06-28 14:11:00,1.20862,1.20862,1.20812,1.20812,51
2005-06-28 14:12:00,1.2087,1.20892,1.20852,1.20862,49
2005-06-28 14:13:00,1.20876,1.2088,1.2086,1.2087,46
2005-06-28 14:14:00,1.20888,1.20892,1.20862,1.20876,53
2005-06-28 14:15:00,1.20898,1.20898,1.20878,1.20888,56
2005-06-28 14:16:00,1.209,1.209,1.20888,1.20898,44
2005-06-28 14:17:00,1.2088,1.209,1.2087,1.209,47
2005-06-28 14:18:00,1.20872,1.2088,1.20852,1.2088,44
2005-06-28 14:19:00,1.20852,1.20892,1.20842,1.20872,50
2005-06-28 14:20:00,1.20842,1.20852,1.20842,1.20852,38
2005-06-28 14:21:00,1.20852,1.20852,1.20832,1.20842,51
2005-06-28 14:22:00,1.20852,1.20852,1.20832,1.20852,45
2005-06-28 14:23:00,1.20832,1.20852,1.20832,1.20852,54
2005-06-28 14:24:00,1.20812,1.20832,1.20812,1.20822,48
2005-06-28 14:25:00,1.20812,1.20822,1.20802,1.20812,41
2005-06-28 14:26:00,1.20722,1.20802,1.20712,1.20802,53
2005-06-28 14:27:00,1.2068,1.20732,1.20662,1.20722,64
2005-06-28 14:28:00,1.2071,1.2072,1.2068,1.2068,49
2005-06-28 14:29:00,1.2071,1.2072,1.207,1.2072,50
2005-06-28 14:30:00,1.2069,1.2071,1.2069,1.207,49
2005-06-28 14:31:00,1.2074,1.2075,1.2069,1.2069,50
2005-06-28 14:32:00,1.2074,1.2074,1.2071,1.2074,49
2005-06-28 14:33:00,1.2076,1.2076,1.2073,1.2074,50
2005-06-28 14:34:00,1.20772,1.20782,1.20746,1.2076,56
2005-06-28 14:35:00,1.20762,1.20782,1.20762,1.20772,42
2005-06-28 14:36:00,1.20802,1.20802,1.20762,1.20762,46
2005-06-28 14:37:00,1.20778,1.20822,1.20778,1.20802,56
2005-06-28 14:38:00,1.20836,1.20836,1.20778,1.20778,56
2005-06-28 14:39:00,1.20848,1.20858,1.20836,1.20836,45
2005-06-28 14:40:00,1.20838,1.20848,1.20828,1.20848,44
2005-06-28 14:41:00,1.20808,1.20838,1.20808,1.20838,46
2005-06-28 14:42:00,1.20818,1.20818,1.20808,1.20808,42
2005-06-28 14:43:00,1.20828,1.20838,1.20818,1.20818,40
2005-06-28 14:44:00,1.20838,1.20848,1.20818,1.20828,47
2005-06-28 14:45:00,1.20828,1.20848,1.20818,1.20838,47
2005-06-28 14:46:00,1.20818,1.20858,1.20818,1.20828,51
2005-06-28 14:47:00,1.20822,1.20832,1.20808,1.20818,48
2005-06-28 14:48:00,1.20832,1.20842,1.20822,1.20822,45
2005-06-28 14:49:00,1.20828,1.20842,1.20828,1.20832,38
2005-06-28 14:50:00,1.20838,1.20848,1.20818,1.20828,47
2005-06-28 14:51:00,1.20838,1.20838,1.20828,1.20838,46
2005-06-28 14:52:00,1.20828,1.20838,1.20828,1.20828,43
2005-06-28 14:53:00,1.20828,1.20838,1.20828,1.20828,44
2005-06-28 14:54:00,1.20828,1.20828,1.20818,1.20828,31
2005-06-28 14:55:00,1.20818,1.20828,1.20808,1.20828,55
2005-06-28 14:56:00,1.20838,1.20838,1.20808,1.20818,46
2005-06-28 14:57:00,1.20808,1.20838,1.20798,1.20838,46
2005-06-28 14:58:00,1.20788,1.20808,1.20788,1.20798,48
2005-06-28 14:59:00,1.20788,1.20798,1.20788,1.20788,57
2005-06-28 15:00:00,1.20808,1.20818,1.20798,1.20798,40
2005-06-28 15:01:00,1.20768,1.20828,1.20768,1.20818,53
2005-06-28 15:02:00,1.2078,1.20782,1.20758,1.20778,47
2005-06-28 15:03:00,1.20818,1.20818,1.2078,1.2078,54
2005-06-28 15:04:00,1.20828,1.20848,1.20828,1.20828,50
2005-06-28 15:05:00,1.20838,1.20838,1.20818,1.20828,51
2005-06-28 15:06:00,1.20818,1.20838,1.20808,1.20838,46
2005-06-28 15:07:00,1.20808,1.20828,1.20808,1.20818,35
2005-06-28 15:08:00,1.20768,1.20808,1.20768,1.20808,50
2005-06-28 15:09:00,1.20768,1.20788,1.20768,1.20778,51
2005-06-28 15:10:00,1.20778,1.20778,1.20768,1.20768,49
2005-06-28 15:11:00,1.20778,1.20778,1.20768,1.20778,42
2005-06-28 15:12:00,1.20768,1.20778,1.20758,1.20778,35
2005-06-28 15:13:00,1.20808,1.20808,1.20768,1.20768,46
2005-06-28 15:14:00,1.20818,1.20828,1.20808,1.20808,46
2005-06-28 15:15:00,1.20806,1.20828,1.20806,1.20818,45
2005-06-28 15:16:00,1.20796,1.20806,1.20786,1.20806,41
2005-06-28 15:17:00,1.20778,1.20796,1.20768,1.20796,50
2005-06-28 15:18:00,1.20788,1.20808,1.20778,1.20778,56
2005-06-28 15:19:00,1.20768,1.20798,1.20768,1.20788,51
2005-06-28 15:20:00,1.20748,1.20768,1.20738,1.20768,48
2005-06-28 15:21:00,1.20758,1.20758,1.20738,1.20748,52
2005-06-28 15:22:00,1.20742,1.20758,1.20738,1.20758,43
2005-06-28 15:23:00,1.20742,1.20752,1.20722,1.20752,50
2005-06-28 15:24:00,1.20738,1.20752,1.20718,1.20742,52
2005-06-28 15:25:00,1.20738,1.20738,1.20728,1.20728,45
2005-06-28 15:26:00,1.20738,1.20748,1.20728,1.20738,38
2005-06-28 15:27:00,1.20728,1.20738,1.20728,1.20738,43
2005-06-28 15:28:00,1.20738,1.20748,1.20728,1.20728,42
2005-06-28 15:29:00,1.20738,1.20738,1.20738,1.20738,26
2005-06-28 15:30:00,1.20738,1.20738,1.20728,1.20738,45
2005-06-28 15:31:00,1.20738,1.20748,1.20728,1.20738,50
2005-06-28 15:32:00,1.20732,1.20738,1.20728,1.20738,40
2005-06-28 15:33:00,1.20728,1.20738,1.20718,1.20722,44
2005-06-28 15:34:00,1.20728,1.20738,1.20728,1.20738,44
2005-06-28 15:35:00,1.20708,1.20728,1.20708,1.20728,41
2005-06-28 15:36:00,1.20722,1.20722,1.20698,1.20708,46
2005-06-28 15:37:00,1.20732,1.20732,1.20712,1.20722,36
2005-06-28 15:38:00,1.20732,1.20742,1.20722,1.20732,54
2005-06-28 15:39:00,1.20722,1.20732,1.20722,1.20732,39
2005-06-28 15:40:00,1.20752,1.20752,1.20722,1.20722,50
2005-06-28 15:41:00,1.20752,1.20762,1.20752,1.20762,36
2005-06-28 15:42:00,1.20752,1.20762,1.20742,1.20752,50
2005-06-28 15:43:00,1.20752,1.20752,1.20752,1.20752,33
2005-06-28 15:44:00,1.20762,1.20762,1.20752,1.20752,36
2005-06-28 15:45:00,1.20752,1.20762,1.20742,1.20762,35
2005-06-28 15:46:00,1.20752,1.20752,1.20742,1.20752,45
2005-06-28 15:47:00,1.20762,1.20772,1.20752,1.20752,47
2005-06-28 15:48:00,1.20758,1.20772,1.20758,1.20762,32
2005-06-28 15:49:00,1.20758,1.20768,1.20758,1.20768,42
2005-06-28 15:50:00,1.20758,1.20758,1.20758,1.20758,25
2005-06-28 15:51:00,1.20768,1.20778,1.20768,1.20768,45
2005-06-28 15:52:00,1.20748,1.20778,1.20738,1.20768,49
2005-06-28 15:53:00,1.20738,1.20758,1.20728,1.20748,53
2005-06-28 15:54:00,1.20728,1.20738,1.20728,1.20738,31
2005-06-28 15:55:00,1.20738,1.20748,1.20728,1.20728,48
2005-06-28 15:56:00,1.20748,1.20748,1.20738,1.20738,52
2005-06-28 15:57:00,1.20758,1.20758,1.20738,1.20748,46
2005-06-28 15:58:00,1.20738,1.20758,1.20728,1.20758,59
2005-06-28 15:59:00,1.20768,1.20778,1.20738,1.20738,52
2005-06-28 16:00:00,1.20758,1.20778,1.20758,1.20768,53
2005-06-28 16:01:00,1.20748,1.20758,1.20748,1.20758,43
2005-06-28 16:02:00,1.20758,1.20768,1.20748,1.20748,37
2005-06-28 16:03:00,1.20778,1.20778,1.20748,1.20758,41
2005-06-28 16:04:00,1.20774,1.20778,1.20768,1.20778,42
2005-06-28 16:05:00,1.20774,1.20774,1.20764,1.20774,30
2005-06-28 16:06:00,1.20774,1.20784,1.20764,1.20774,35
2005-06-28 16:07:00,1.20764,1.20774,1.20764,1.20764,49
2005-06-28 16:08:00,1.20754,1.20764,1.20754,1.20764,41
2005-06-28 16:09:00,1.20754,1.20764,1.20744,1.20754,48
2005-06-28 16:10:00,1.20734,1.20754,1.20734,1.20754,39
2005-06-28 16:11:00,1.20724,1.20734,1.20704,1.20734,54
2005-06-28 16:12:00,1.20724,1.20734,1.20714,1.20724,48
2005-06-28 16:13:00,1.20714,1.20734,1.20714,1.20724,47
2005-06-28 16:14:00,1.20718,1.20718,1.20694,1.20714,52
2005-06-28 16:15:00,1.20738,1.20738,1.20708,1.20718,47
2005-06-28 16:16:00,1.20738,1.20748,1.20728,1.20738,42
2005-06-28 16:17:00,1.20768,1.20768,1.20738,1.20738,39
2005-06-28 16:18:00,1.20758,1.20768,1.20748,1.20768,33
2005-06-28 16:19:00,1.20758,1.20758,1.20748,1.20758,28
2005-06-28 16:20:00,1.20758,1.20758,1.20748,1.20748,33
2005-06-28 16:21:00,1.20758,1.20768,1.20758,1.20758,31
2005-06-28 16:22:00,1.20758,1.20768,1.20748,1.20758,49
2005-06-28 16:23:00,1.20768,1.20778,1.20748,1.20758,50
2005-06-28 16:24:00,1.20778,1.20788,1.20768,1.20768,42
2005-06-28 16:25:00,1.20768,1.20798,1.20768,1.20778,42
2005-06-28 16:26:00,1.20754,1.20774,1.20754,1.20768,31
2005-06-28 16:27:00,1.20784,1.20784,1.20754,1.20754,41
2005-06-28 16:28:00,1.20784,1.20784,1.20774,1.20784,36
2005-06-28 16:29:00,1.20774,1.20784,1.20774,1.20784,38
2005-06-28 16:30:00,1.20774,1.20784,1.20774,1.20774,32
2005-06-28 16:31:00,1.20784,1.20784,1.20774,1.20774,37
2005-06-28 16:32:00,1.20794,1.20794,1.20784,1.20784,11
2005-06-28 16:33:00,1.20774,1.20794,1.20774,1.20794,45
2005-06-28 16:34:00,1.20774,1.20774,1.20774,1.20774,20
2005-06-28 16:35:00,1.20764,1.20774,1.20754,1.20774,35
2005-06-28 16:36:00,1.20774,1.20774,1.20764,1.20764,30
2005-06-28 16:37:00,1.20764,1.20774,1.20764,1.20764,41
2005-06-28 16:38:00,1.20764,1.20774,1.20754,1.20764,44
2005-06-28 16:39:00,1.20754,1.20774,1.20754,1.20764,36
2005-06-28 16:40:00,1.20744,1.20754,1.20744,1.20754,37
2005-06-28 16:41:00,1.20754,1.20764,1.20734,1.20734,38
2005-06-28 16:42:00,1.20754,1.20764,1.20754,1.20754,33
2005-06-28 16:43:00,1.20744,1.20754,1.20744,1.20754,27
2005-06-28 16:44:00,1.20734,1.20744,1.20734,1.20744,33
2005-06-28 16:45:00,1.20744,1.20744,1.20734,1.20734,20
2005-06-28 16:46:00,1.20754,1.20754,1.20734,1.20744,34
2005-06-28 16:47:00,1.20744,1.20764,1.20734,1.20754,50
2005-06-28 16:48:00,1.20744,1.20744,1.20734,1.20744,38
2005-06-28 16:49:00,1.20734,1.20744,1.20734,1.20744,20
2005-06-28 16:50:00,1.20744,1.20754,1.20734,1.20734,42
2005-06-28 16:51:00,1.20724,1.20744,1.20724,1.20744,43
2005-06-28 16:52:00,1.20704,1.20724,1.20704,1.20724,40
2005-06-28 16:53:00,1.20734,1.20734,1.20704,1.20704,48
2005-06-28 16:54:00,1.20734,1.20734,1.20724,1.20734,23
2005-06-28 16:55:00,1.20734,1.20734,1.20724,1.20734,35
2005-06-28 16:56:00,1.20724,1.20734,1.20724,1.20734,32
2005-06-28 16:57:00,1.20724,1.20724,1.20714,1.20724,30
2005-06-28 16:58:00,1.20714,1.20724,1.20714,1.20724,29
2005-06-28 16:59:00,1.20744,1.20744,1.20714,1.20714,35
2005-06-28 17:00:00,1.20724,1.20734,1.20724,1.20734,48
2005-06-28 17:01:00,1.20716,1.20724,1.20694,1.20724,42
2005-06-28 17:02:00,1.20736,1.20736,1.20716,1.20716,38
2005-06-28 17:03:00,1.20736,1.20736,1.20726,1.20736,39
2005-06-28 17:04:00,1.20726,1.20746,1.20726,1.20736,33
2005-06-28 17:05:00,1.20726,1.20726,1.20706,1.20726,45
2005-06-28 17:06:00,1.20716,1.20716,1.20706,1.20716,35
2005-06-28 17:07:00,1.20716,1.20726,1.20706,1.20716,45
2005-06-28 17:08:00,1.20706,1.20726,1.20706,1.20716,44
2005-06-28 17:09:00,1.20716,1.20726,1.20706,1.20706,29
2005-06-28 17:10:00,1.20716,1.20726,1.20716,1.20716,39
2005-06-28 17:11:00,1.20716,1.20726,1.20716,1.20716,30
2005-06-28 17:12:00,1.20696,1.20716,1.20696,1.20716,40
2005-06-28 17:13:00,1.20698,1.20716,1.20696,1.20696,42
2005-06-28 17:14:00,1.20708,1.20708,1.20698,1.20698,34
2005-06-28 17:15:00,1.20718,1.20718,1.20708,1.20708,34
2005-06-28 17:16:00,1.20718,1.20728,1.20708,1.20708,46
2005-06-28 17:17:00,1.20718,1.20728,1.20718,1.20718,38
2005-06-28 17:18:00,1.20668,1.20718,1.20648,1.20718,53
2005-06-28 17:19:00,1.20668,1.20678,1.20658,1.20668,37
2005-06-28 17:20:00,1.20694,1.20698,1.20668,1.20668,44
2005-06-28 17:21:00,1.20714,1.20724,1.20694,1.20694,37
2005-06-28 17:22:00,1.20714,1.20714,1.20714,1.20714,17
2005-06-28 17:23:00,1.20704,1.20714,1.20704,1.20714,29
2005-06-28 17:24:00,1.20684,1.20704,1.20684,1.20704,41
2005-06-28 17:25:00,1.20678,1.20694,1.20664,1.20684,50
2005-06-28 17:26:00,1.20668,1.20678,1.20658,1.20678,42
2005-06-28 17:27:00,1.20668,1.20678,1.20668,1.20668,37
2005-06-28 17:28:00,1.20658,1.20678,1.20648,1.20668,30
2005-06-28 17:29:00,1.20658,1.20668,1.20648,1.20658,54
2005-06-28 17:30:00,1.20658,1.20668,1.20658,1.20658,26
2005-06-28 17:31:00,1.20638,1.20658,1.20628,1.20658,37
2005-06-28 17:32:00,1.20648,1.20648,1.20628,1.20638,41
2005-06-28 17:33:00,1.20648,1.20658,1.20648,1.20648,43
2005-06-28 17:34:00,1.20658,1.20658,1.20648,1.20648,44
2005-06-28 17:35:00,1.20648,1.20658,1.20648,1.20658,31
2005-06-28 17:36:00,1.20668,1.20678,1.20648,1.20648,54
2005-06-28 17:37:00,1.20698,1.20698,1.20678,1.20678,43
2005-06-28 17:38:00,1.20708,1.20738,1.20698,1.20698,42
2005-06-28 17:39:00,1.20698,1.20708,1.20688,1.20708,33
2005-06-28 17:40:00,1.20698,1.20698,1.20688,1.20698,33
2005-06-28 17:41:00,1.20698,1.20698,1.20698,1.20698,22
2005-06-28 17:42:00,1.20698,1.20698,1.20698,1.20698,21
2005-06-28 17:43:00,1.20698,1.20708,1.20698,1.20698,35
2005-06-28 17:44:00,1.20708,1.20708,1.20698,1.20698,48
2005-06-28 17:45:00,1.20708,1.20718,1.20708,1.20708,53
2005-06-28 17:46:00,1.20678,1.20698,1.20668,1.20698,39
2005-06-28 17:47:00,1.20688,1.20688,1.20668,1.20678,32
2005-06-28 17:48:00,1.20688,1.20688,1.20678,1.20688,47
2005-06-28 17:49:00,1.20698,1.20698,1.20678,1.20688,42
2005-06-28 17:50:00,1.20698,1.20698,1.20688,1.20698,41
2005-06-28 17:51:00,1.20698,1.20698,1.20688,1.20688,36
2005-06-28 17:52:00,1.20678,1.20708,1.20678,1.20698,52
2005-06-28 17:53:00,1.20688,1.20688,1.20678,1.20678,35
2005-06-28 17:54:00,1.20678,1.20688,1.20668,1.20688,28
2005-06-28 17:55:00,1.20668,1.20678,1.20658,1.20678,50
2005-06-28 17:56:00,1.20678,1.20688,1.20668,1.20668,37
2005-06-28 17:57:00,1.20678,1.20688,1.20678,1.20678,25
2005-06-28 17:58:00,1.20698,1.20698,1.20678,1.20688,22
2005-06-28 17:59:00,1.20698,1.20708,1.20698,1.20698,34
2005-06-28 18:00:00,1.20704,1.20704,1.20694,1.20698,19
2005-06-28 18:01:00,1.20704,1.20704,1.20694,1.20704,25
2005-06-28 18:02:00,1.20694,1.20724,1.20694,1.20704,50
2005-06-28 18:03:00,1.20694,1.20704,1.20694,1.20694,41
2005-06-28 18:04:00,1.20704,1.20704,1.20694,1.20694,26
2005-06-28 18:05:00,1.20704,1.20704,1.20694,1.20694,28
2005-06-28 18:06:00,1.20704,1.20704,1.20704,1.20704,15
2005-06-28 18:07:00,1.20704,1.20704,1.20704,1.20704,11
2005-06-28 18:08:00,1.20694,1.20704,1.20684,1.20704,37
2005-06-28 18:09:00,1.20694,1.20694,1.20684,1.20694,35
2005-06-28 18:10:00,1.20674,1.20694,1.20674,1.20694,42
2005-06-28 18:11:00,1.20674,1.20674,1.20654,1.20674,36
2005-06-28 18:12:00,1.20674,1.20674,1.20664,1.20674,31
2005-06-28 18:13:00,1.20684,1.20684,1.20674,1.20674,29
2005-06-28 18:14:00,1.20694,1.20704,1.20674,1.20674,36
2005-06-28 18:15:00,1.20694,1.20694,1.20694,1.20694,20
2005-06-28 18:16:00,1.20694,1.20694,1.20694,1.20694,25
2005-06-28 18:17:00,1.20694,1.20704,1.20694,1.20694,24
2005-06-28 18:18:00,1.20694,1.20694,1.20694,1.20694,16
2005-06-28 18:19:00,1.20684,1.20694,1.20684,1.20694,29
2005-06-28 18:20:00,1.20684,1.20694,1.20684,1.20694,19
2005-06-28 18:21:00,1.20684,1.20684,1.20684,1.20684,7
2005-06-28 18:22:00,1.20684,1.20684,1.20674,1.20684,18
2005-06-28 18:23:00,1.20684,1.20694,1.20684,1.20684,25
2005-06-28 18:24:00,1.20704,1.20704,1.20684,1.20684,25
2005-06-28 18:25:00,1.20694,1.20704,1.20694,1.20704,37
2005-06-28 18:26:00,1.20704,1.20714,1.20704,1.20704,30
2005-06-28 18:27:00,1.20694,1.20704,1.20694,1.20704,15
2005-06-28 18:28:00,1.20694,1.20694,1.20694,1.20694,11
2005-06-28 18:29:00,1.20704,1.20704,1.20694,1.20694,33
2005-06-28 18:30:00,1.20674,1.20704,1.20674,1.20704,36
2005-06-28 18:31:00,1.20684,1.20684,1.20664,1.20684,41
2005-06-28 18:32:00,1.20674,1.20694,1.20674,1.20684,31
2005-06-28 18:33:00,1.20674,1.20684,1.20674,1.20674,45
2005-06-28 18:34:00,1.20674,1.20684,1.20674,1.20684,37
2005-06-28 18:35:00,1.20674,1.20674,1.20674,1.20674,25
2005-06-28 18:36:00,1.20674,1.20684,1.20664,1.20674,31
2005-06-28 18:37:00,1.20694,1.20694,1.20674,1.20674,41
2005-06-28 18:38:00,1.20684,1.20694,1.20684,1.20694,41
2005-06-28 18:39:00,1.20694,1.20694,1.20684,1.20684,24
2005-06-28 18:40:00,1.20704,1.20704,1.20694,1.20694,21
2005-06-28 18:41:00,1.20714,1.20714,1.20704,1.20714,37
2005-06-28 18:42:00,1.20724,1.20724,1.20704,1.20714,48
2005-06-28 18:43:00,1.20724,1.20724,1.20714,1.20724,19
2005-06-28 18:44:00,1.20744,1.20744,1.20724,1.20724,39
2005-06-28 18:45:00,1.20734,1.20744,1.20724,1.20744,39
2005-06-28 18:46:00,1.20754,1.20754,1.20734,1.20734,27
2005-06-28 18:47:00,1.20744,1.20754,1.20744,1.20754,37
2005-06-28 18:48:00,1.20732,1.20754,1.20732,1.20744,34
2005-06-28 18:49:00,1.20732,1.20742,1.20732,1.20732,22
2005-06-28 18:50:00,1.20742,1.20742,1.20732,1.20742,44
2005-06-28 18:51:00,1.20732,1.20742,1.20732,1.20742,39
2005-06-28 18:52:00,1.20732,1.20742,1.20732,1.20732,48
2005-06-28 18:53:00,1.20732,1.20732,1.20722,1.20732,37
2005-06-28 18:54:00,1.20732,1.20732,1.20722,1.20732,40
2005-06-28 18:55:00,1.20742,1.20742,1.20732,1.20732,42
2005-06-28 18:56:00,1.20742,1.20742,1.20732,1.20742,24
2005-06-28 18:57:00,1.20742,1.20742,1.20742,1.20742,29
2005-06-28 18:58:00,1.20742,1.20752,1.20732,1.20732,38
2005-06-28 18:59:00,1.20732,1.20752,1.20712,1.20752,45
2005-06-28 19:00:00,1.20742,1.20742,1.20722,1.20732,38
2005-06-28 19:01:00,1.20752,1.20772,1.20732,1.20742,43
2005-06-28 19:02:00,1.20742,1.20752,1.20742,1.20752,35
2005-06-28 19:03:00,1.20752,1.20752,1.20732,1.20752,37
2005-06-28 19:04:00,1.20742,1.20752,1.20732,1.20752,31
2005-06-28 19:05:00,1.20742,1.20742,1.20732,1.20742,23
2005-06-28 19:06:00,1.20732,1.20742,1.20732,1.20742,29
2005-06-28 19:07:00,1.20752,1.20762,1.20732,1.20732,32
2005-06-28 19:08:00,1.20762,1.20762,1.20752,1.20752,13
2005-06-28 19:09:00,1.20762,1.20762,1.20762,1.20762,15
2005-06-28 19:10:00,1.20762,1.20762,1.20762,1.20762,13
2005-06-28 19:11:00,1.20762,1.20772,1.20762,1.20762,30
2005-06-28 19:12:00,1.20752,1.20762,1.20752,1.20762,34
2005-06-28 19:13:00,1.20752,1.20762,1.20752,1.20752,18
2005-06-28 19:14:00,1.20752,1.20752,1.20752,1.20752,14
2005-06-28 19:15:00,1.20752,1.20752,1.20752,1.20752,9
2005-06-28 19:16:00,1.20752,1.20752,1.20752,1.20752,15
2005-06-28 19:17:00,1.20752,1.20752,1.20752,1.20752,11
2005-06-28 19:18:00,1.20752,1.20752,1.20752,1.20752,28
2005-06-28 19:19:00,1.20752,1.20752,1.20752,1.20752,19
2005-06-28 19:20:00,1.20752,1.20752,1.20742,1.20752,28
2005-06-28 19:21:00,1.20752,1.20752,1.20752,1.20752,16
2005-06-28 19:22:00,1.20752,1.20752,1.20752,1.20752,11
2005-06-28 19:23:00,1.20762,1.20762,1.20752,1.20752,31
2005-06-28 19:24:00,1.20762,1.20772,1.20762,1.20762,27
2005-06-28 19:25:00,1.20762,1.20762,1.20762,1.20762,24
2005-06-28 19:26:00,1.20772,1.20772,1.20762,1.20762,19
2005-06-28 19:27:00,1.20782,1.20782,1.20772,1.20772,28
2005-06-28 19:28:00,1.20782,1.20782,1.20782,1.20782,15
2005-06-28 19:29:00,1.20782,1.20782,1.20782,1.20782,19
2005-06-28 19:30:00,1.20762,1.20782,1.20762,1.20782,42
2005-06-28 19:31:00,1.20752,1.20762,1.20752,1.20762,29
2005-06-28 19:32:00,1.20742,1.20762,1.20742,1.20752,24
2005-06-28 19:33:00,1.20742,1.20752,1.20742,1.20742,40
2005-06-28 19:34:00,1.20732,1.20752,1.20722,1.20742,45
2005-06-28 19:35:00,1.20732,1.20742,1.20722,1.20732,27
2005-06-28 19:36:00,1.20732,1.20742,1.20732,1.20732,32
2005-06-28 19:37:00,1.20732,1.20732,1.20732,1.20732,10
2005-06-28 19:38:00,1.20702,1.20732,1.20702,1.20732,41
2005-06-28 19:39:00,1.20702,1.20702,1.20702,1.20702,21
2005-06-28 19:40:00,1.20672,1.20702,1.20672,1.20702,33
2005-06-28 19:41:00,1.20682,1.20682,1.20672,1.20672,30
2005-06-28 19:42:00,1.20672,1.20682,1.20672,1.20682,31
2005-06-28 19:43:00,1.20652,1.20672,1.20652,1.20672,52
2005-06-28 19:44:00,1.20662,1.20662,1.20652,1.20652,31
2005-06-28 19:45:00,1.20652,1.20662,1.20652,1.20662,33
2005-06-28 19:46:00,1.20652,1.20662,1.20642,1.20652,42
2005-06-28 19:47:00,1.20642,1.20642,1.20622,1.20642,49
2005-06-28 19:48:00,1.20642,1.20642,1.20632,1.20642,41
2005-06-28 19:49:00,1.20642,1.20642,1.20642,1.20642,17
2005-06-28 19:50:00,1.20642,1.20642,1.20632,1.20642,18
2005-06-28 19:51:00,1.20632,1.20642,1.20622,1.20642,34
2005-06-28 19:52:00,1.20632,1.20642,1.20632,1.20632,24
2005-06-28 19:53:00,1.20652,1.20652,1.20632,1.20632,24
2005-06-28 19:54:00,1.20642,1.20652,1.20642,1.20652,28
2005-06-28 19:55:00,1.20622,1.20642,1.20622,1.20642,25
2005-06-28 19:56:00,1.20642,1.20642,1.20622,1.20622,32
2005-06-28 19:57:00,1.20612,1.20642,1.20612,1.20642,30
2005-06-28 19:58:00,1.20592,1.20612,1.20562,1.20602,57
2005-06-28 19:59:00,1.20592,1.20602,1.20582,1.20592,51
2005-06-28 20:00:00,1.20602,1.20602,1.20572,1.20592,53
2005-06-28 20:01:00,1.20592,1.20602,1.20592,1.20602,20
2005-06-28 20:02:00,1.20592,1.20602,1.20592,1.20592,10
2005-06-28 20:03:00,1.20582,1.20592,1.20572,1.20582,12
2005-06-28 20:04:00,1.20562,1.20572,1.20562,1.20572,16
2005-06-28 20:05:00,1.20572,1.20572,1.20562,1.20562,4
2005-06-28 20:06:00,1.20572,1.20572,1.20572,1.20572,2
2005-06-28 20:07:00,1.20572,1.20582,1.20572,1.20572,14
2005-06-28 20:08:00,1.20582,1.20582,1.20572,1.20572,6
2005-06-28 20:09:00,1.20592,1.20592,1.20582,1.20582,3
2005-06-28 20:10:00,1.20582,1.20592,1.20582,1.20592,8
2005-06-28 20:11:00,1.20592,1.20592,1.20582,1.20582,3
2005-06-28 20:12:00,1.20572,1.20592,1.20572,1.20592,9
2005-06-28 20:13:00,1.20572,1.20572,1.20572,1.20572,7
2005-06-28 20:14:00,1.20592,1.20592,1.20572,1.20572,19
2005-06-28 20:15:00,1.20602,1.20602,1.20582,1.20592,17
2005-06-28 20:16:00,1.20612,1.20622,1.20592,1.20592,15
2005-06-28 20:17:00,1.20602,1.20612,1.20592,1.20612,10
2005-06-28 20:18:00,1.20602,1.20602,1.20592,1.20602,4
2005-06-28 20:19:00,1.20602,1.20602,1.20592,1.20592,7
2005-06-28 20:20:00,1.20602,1.20602,1.20602,1.20602,5
2005-06-28 20:21:00,1.20602,1.20612,1.20592,1.20602,10
2005-06-28 20:22:00,1.20582,1.20602,1.20582,1.20602,12
2005-06-28 20:23:00,1.20572,1.20582,1.20572,1.20582,5
2005-06-28 20:24:00,1.20572,1.20582,1.20572,1.20582,7
2005-06-28 20:25:00,1.20572,1.20572,1.20572,1.20572,4
2005-06-28 20:26:00,1.20562,1.20562,1.20562,1.20562,3
2005-06-28 20:27:00,1.20572,1.20582,1.20562,1.20562,9
2005-06-28 20:28:00,1.20562,1.20572,1.20562,1.20572,4
2005-06-28 20:29:00,1.20562,1.20562,1.20552,1.20562,6
2005-06-28 20:30:00,1.20572,1.20572,1.20552,1.20572,17
2005-06-28 20:31:00,1.20572,1.20572,1.20572,1.20572,6
2005-06-28 20:32:00,1.20562,1.20572,1.20552,1.20572,9
2005-06-28 20:33:00,1.20572,1.20572,1.20562,1.20562,5
2005-06-28 20:34:00,1.20572,1.20572,1.20572,1.20572,7
2005-06-28 20:35:00,1.20562,1.20562,1.20562,1.20562,3
2005-06-28 20:36:00,1.20562,1.20562,1.20562,1.20562,2
2005-06-28 20:37:00,1.20572,1.20572,1.20562,1.20562,3
2005-06-28 20:38:00,1.20552,1.20572,1.20552,1.20572,9
2005-06-28 20:39:00,1.20552,1.20562,1.20552,1.20562,5
2005-06-28 20:40:00,1.20552,1.20552,1.20532,1.20552,13
2005-06-28 20:41:00,1.20542,1.20552,1.20542,1.20552,5
2005-06-28 20:42:00,1.20542,1.20552,1.20542,1.20542,3
2005-06-28 20:43:00,1.20542,1.20542,1.20542,1.20542,3
2005-06-28 20:44:00,1.20552,1.20552,1.20542,1.20542,6
2005-06-28 20:45:00,1.20552,1.20552,1.20552,1.20552,2
2005-06-28 20:46:00,1.20542,1.20552,1.20542,1.20552,8
2005-06-28 20:47:00,1.20542,1.20542,1.20542,1.20542,2
2005-06-28 20:48:00,1.20552,1.20552,1.20542,1.20552,5
2005-06-28 20:49:00,1.20542,1.20542,1.20542,1.20542,3
2005-06-28 20:50:00,1.20552,1.20552,1.20532,1.20552,19
2005-06-28 20:51:00,1.20532,1.20552,1.20532,1.20532,13
2005-06-28 20:52:00,1.20532,1.20542,1.20522,1.20522,9
2005-06-28 20:53:00,1.20522,1.20532,1.20522,1.20532,15
2005-06-28 20:54:00,1.20532,1.20532,1.20522,1.20532,10
2005-06-28 20:55:00,1.20522,1.20532,1.20512,1.20522,12
2005-06-28 20:56:00,1.2053,1.2053,1.2051,1.20512,13
2005-06-28 20:57:00,1.2053,1.2053,1.2052,1.2052,4
2005-06-28 20:58:00,1.2053,1.2054,1.2053,1.2054,10
2005-06-28 20:59:00,1.2053,1.2054,1.2053,1.2053,10
2005-06-28 21:00:00,1.2052,1.2053,1.2052,1.2053,9
2005-06-28 21:01:00,1.2052,1.2053,1.2051,1.2052,11
2005-06-28 21:02:00,1.2052,1.2052,1.2052,1.2052,5
2005-06-28 21:03:00,1.2053,1.2053,1.2052,1.2053,11
2005-06-28 21:04:00,1.2052,1.2053,1.2052,1.2053,8
2005-06-28 21:05:00,1.2054,1.2054,1.2052,1.2052,12
2005-06-28 21:06:00,1.2056,1.2057,1.2054,1.2054,9
2005-06-28 21:07:00,1.2054,1.2057,1.2052,1.2056,18
2005-06-28 21:08:00,1.2057,1.2057,1.2054,1.2054,11
2005-06-28 21:09:00,1.2057,1.2057,1.2057,1.2057,6
2005-06-28 21:10:00,1.2057,1.2057,1.2056,1.2057,11
2005-06-28 21:11:00,1.2059,1.2059,1.2057,1.2057,13
2005-06-28 21:12:00,1.2061,1.2061,1.2059,1.2059,13
2005-06-28 21:13:00,1.2062,1.2062,1.206,1.206,15
2005-06-28 21:14:00,1.2063,1.2063,1.2062,1.2062,14
2005-06-28 21:15:00,1.2062,1.2063,1.2061,1.2063,13
2005-06-28 21:16:00,1.2065,1.2065,1.2061,1.2061,12
2005-06-28 21:17:00,1.2063,1.2064,1.2062,1.2064,18
2005-06-28 21:18:00,1.2064,1.2064,1.2062,1.2063,17
2005-06-28 21:19:00,1.2063,1.2064,1.2062,1.2064,11
2005-06-28 21:20:00,1.2063,1.2063,1.2062,1.2063,12
2005-06-28 21:21:00,1.2063,1.2063,1.2062,1.2063,8
2005-06-28 21:22:00,1.2064,1.2064,1.2063,1.2063,6
2005-06-28 21:23:00,1.2065,1.2066,1.2064,1.2064,5
2005-06-28 21:24:00,1.2065,1.2065,1.2063,1.2064,7
2005-06-28 21:25:00,1.2064,1.2066,1.2063,1.2066,12
2005-06-28 21:26:00,1.2063,1.2064,1.2061,1.2064,15
2005-06-28 21:27:00,1.206,1.2062,1.2058,1.2062,14
2005-06-28 21:28:00,1.206,1.206,1.2059,1.2059,11
2005-06-28 21:29:00,1.206,1.206,1.206,1.206,2
2005-06-28 21:30:00,1.2062,1.2062,1.206,1.206,4
2005-06-28 21:31:00,1.2062,1.2064,1.2062,1.2062,9
2005-06-28 21:32:00,1.2062,1.2063,1.2061,1.2062,8
2005-06-28 21:33:00,1.2063,1.2063,1.2062,1.2062,9
2005-06-28 21:34:00,1.2063,1.2063,1.2063,1.2063,4
2005-06-28 21:35:00,1.2062,1.2063,1.2062,1.2063,4
2005-06-28 21:36:00,1.2063,1.2064,1.2061,1.2062,9
2005-06-28 21:37:00,1.2063,1.2064,1.2063,1.2064,5
2005-06-28 21:38:00,1.2064,1.2064,1.2063,1.2063,5
2005-06-28 21:39:00,1.2064,1.2064,1.2063,1.2063,4
2005-06-28 21:40:00,1.2064,1.2065,1.2063,1.2065,8
2005-06-28 21:41:00,1.2064,1.2064,1.2064,1.2064,2
2005-06-28 21:42:00,1.2063,1.2064,1.2063,1.2063,7
2005-06-28 21:43:00,1.2065,1.2065,1.2063,1.2063,9
2005-06-28 21:44:00,1.2064,1.2065,1.2064,1.2064,6
2005-06-28 21:45:00,1.2064,1.2064,1.2064,1.2064,2
2005-06-28 21:46:00,1.2065,1.2065,1.2064,1.2064,4
2005-06-28 21:47:00,1.2065,1.2065,1.2065,1.2065,2
2005-06-28 21:48:00,1.2064,1.2065,1.2064,1.2065,5
2005-06-28 21:49:00,1.2064,1.2064,1.2064,1.2064,3
2005-06-28 21:50:00,1.2064,1.2064,1.2064,1.2064,5
2005-06-28 21:51:00,1.2066,1.2066,1.2064,1.2064,3
2005-06-28 21:52:00,1.2066,1.2066,1.2066,1.2066,2
2005-06-28 21:53:00,1.2066,1.2066,1.2066,1.2066,2
2005-06-28 21:54:00,1.2065,1.2066,1.2065,1.2066,3
2005-06-28 21:55:00,1.2065,1.2065,1.2065,1.2065,2
2005-06-28 21:56:00,1.2065,1.2065,1.2065,1.2065,2
2005-06-28 21:57:00,1.2065,1.2065,1.2065,1.2065,2
2005-06-28 21:58:00,1.2066,1.2066,1.2065,1.2065,3
2005-06-28 21:59:00,1.2066,1.2066,1.2065,1.2065,3
2005-06-28 22:00:00,1.2066,1.2066,1.2065,1.2066,6
2005-06-28 22:01:00,1.2065,1.2066,1.2065,1.2065,9
2005-06-28 22:02:00,1.2063,1.2065,1.2063,1.2065,10
2005-06-28 22:03:00,1.2063,1.2064,1.2062,1.2063,8
2005-06-28 22:04:00,1.2062,1.2064,1.2062,1.2063,7
2005-06-28 22:05:00,1.2064,1.2064,1.2062,1.2063,12
2005-06-28 22:06:00,1.2066,1.2066,1.2064,1.2065,9
2005-06-28 22:07:00,1.2067,1.2067,1.2067,1.2067,9
2005-06-28 22:08:00,1.2067,1.2067,1.2064,1.2067,9
2005-06-28 22:09:00,1.2065,1.2067,1.2065,1.2067,5
2005-06-28 22:10:00,1.2065,1.2065,1.2065,1.2065,2
2005-06-28 22:11:00,1.2065,1.2065,1.2065,1.2065,2
2005-06-28 22:12:00,1.2064,1.2065,1.2064,1.2065,9
2005-06-28 22:13:00,1.2064,1.2065,1.2063,1.2064,16
2005-06-28 22:14:00,1.2063,1.2065,1.2063,1.2065,14
2005-06-28 22:15:00,1.2064,1.2064,1.2063,1.2063,6
2005-06-28 22:16:00,1.2064,1.2065,1.2063,1.2064,19
2005-06-28 22:17:00,1.2063,1.2063,1.2062,1.2063,14
2005-06-28 22:18:00,1.2062,1.2063,1.2062,1.2062,9
2005-06-28 22:19:00,1.2063,1.2063,1.2062,1.2062,3
2005-06-28 22:20:00,1.2062,1.2062,1.2062,1.2062,5
2005-06-28 22:21:00,1.2063,1.2063,1.2062,1.2062,3
2005-06-28 22:22:00,1.2063,1.2063,1.2063,1.2063,3
2005-06-28 22:23:00,1.2065,1.2065,1.2063,1.2063,6
2005-06-28 22:24:00,1.2065,1.2065,1.2065,1.2065,2
2005-06-28 22:25:00,1.2064,1.2064,1.2064,1.2064,8
2005-06-28 22:26:00,1.2065,1.2065,1.2064,1.2064,3
2005-06-28 22:27:00,1.2065,1.2065,1.2065,1.2065,3
2005-06-28 22:28:00,1.2066,1.2066,1.2064,1.2064,6
2005-06-28 22:29:00,1.2066,1.2066,1.2066,1.2066,2
2005-06-28 22:30:00,1.2067,1.2067,1.2066,1.2066,5
2005-06-28 22:31:00,1.2067,1.2067,1.2067,1.2067,5
2005-06-28 22:32:00,1.2068,1.2069,1.2067,1.2067,8
2005-06-28 22:33:00,1.2068,1.2069,1.2068,1.2069,7
2005-06-28 22:34:00,1.2068,1.2071,1.2067,1.2068,13
2005-06-28 22:35:00,1.2068,1.2068,1.2068,1.2068,3
2005-06-28 22:36:00,1.2068,1.2068,1.2068,1.2068,2
2005-06-28 22:37:00,1.2067,1.2068,1.2067,1.2067,12
2005-06-28 22:38:00,1.2066,1.2068,1.2066,1.2067,5
2005-06-28 22:39:00,1.2067,1.2069,1.2067,1.2067,10
2005-06-28 22:40:00,1.2067,1.2068,1.2067,1.2068,4
2005-06-28 22:41:00,1.2068,1.2068,1.2067,1.2067,3
2005-06-28 22:42:00,1.2068,1.2068,1.2068,1.2068,3
2005-06-28 22:43:00,1.2068,1.2068,1.2068,1.2068,2
2005-06-28 22:44:00,1.2066,1.2068,1.2066,1.2068,9
2005-06-28 22:45:00,1.2066,1.2066,1.2066,1.2066,2
2005-06-28 22:46:00,1.2068,1.2068,1.2066,1.2066,4
2005-06-28 22:47:00,1.2067,1.2068,1.2066,1.2068,18
2005-06-28 22:48:00,1.2068,1.2068,1.2066,1.2067,7
2005-06-28 22:49:00,1.2069,1.2069,1.2068,1.2068,12
2005-06-28 22:50:00,1.2067,1.2069,1.2067,1.2069,10
2005-06-28 22:51:00,1.2067,1.2068,1.2067,1.2068,13
2005-06-28 22:52:00,1.2067,1.2067,1.2067,1.2067,3
2005-06-28 22:53:00,1.2067,1.2067,1.2067,1.2067,2
2005-06-28 22:54:00,1.2067,1.2067,1.2067,1.2067,2
2005-06-28 22:55:00,1.2067,1.2067,1.2067,1.2067,2
2005-06-28 22:56:00,1.2067,1.2068,1.2067,1.2067,8
2005-06-28 22:57:00,1.2067,1.2067,1.2067,1.2067,4
2005-06-28 22:58:00,1.2067,1.2067,1.2067,1.2067,5
2005-06-28 22:59:00,1.2068,1.2068,1.2068,1.2068,5
2005-06-28 23:00:00,1.207,1.207,1.2068,1.2068,17
2005-06-28 23:01:00,1.207,1.207,1.207,1.207,15
2005-06-28 23:02:00,1.207,1.207,1.207,1.207,10
2005-06-28 23:03:00,1.207,1.207,1.207,1.207,8
2005-06-28 23:04:00,1.2069,1.207,1.2069,1.207,11
2005-06-28 23:05:00,1.2069,1.2071,1.2069,1.207,36
2005-06-28 23:06:00,1.2069,1.2069,1.2069,1.2069,18
2005-06-28 23:07:00,1.2068,1.207,1.2068,1.2069,18
2005-06-28 23:08:00,1.207,1.207,1.2068,1.2068,27
2005-06-28 23:09:00,1.2068,1.207,1.2068,1.207,45
2005-06-28 23:10:00,1.2069,1.2069,1.2068,1.2068,37
2005-06-28 23:11:00,1.2067,1.2069,1.2067,1.2069,23
2005-06-28 23:12:00,1.2068,1.2068,1.2067,1.2067,16
2005-06-28 23:13:00,1.2068,1.2068,1.2068,1.2068,12
2005-06-28 23:14:00,1.2067,1.2068,1.2067,1.2068,20
2005-06-28 23:15:00,1.2069,1.2069,1.2067,1.2067,21
2005-06-28 23:16:00,1.2068,1.2069,1.2068,1.2069,14
2005-06-28 23:17:00,1.2068,1.2068,1.2068,1.2068,11
2005-06-28 23:18:00,1.2067,1.2068,1.2067,1.2067,25
2005-06-28 23:19:00,1.2067,1.2068,1.2067,1.2067,30
2005-06-28 23:20:00,1.2067,1.2067,1.2067,1.2067,11
2005-06-28 23:21:00,1.2067,1.2067,1.2067,1.2067,9
2005-06-28 23:22:00,1.2065,1.2067,1.2064,1.2067,29
2005-06-28 23:23:00,1.2064,1.2065,1.2064,1.2065,24
2005-06-28 23:24:00,1.2064,1.2065,1.2064,1.2064,25
2005-06-28 23:25:00,1.2063,1.2064,1.2063,1.2064,29
2005-06-28 23:26:00,1.2063,1.2064,1.2063,1.2063,24
2005-06-28 23:27:00,1.2063,1.2063,1.2062,1.2063,27
2005-06-28 23:28:00,1.2063,1.2063,1.2062,1.2063,29
2005-06-28 23:29:00,1.2063,1.2063,1.2063,1.2063,17
2005-06-28 23:30:00,1.2065,1.2065,1.2063,1.2063,18
2005-06-28 23:31:00,1.2065,1.2066,1.2065,1.2065,22
2005-06-28 23:32:00,1.2065,1.2066,1.2065,1.2065,18
2005-06-28 23:33:00,1.2065,1.2065,1.2065,1.2065,11
2005-06-28 23:34:00,1.2065,1.2066,1.2065,1.2065,19
2005-06-28 23:35:00,1.2065,1.2066,1.2065,1.2065,23
2005-06-28 23:36:00,1.2065,1.2065,1.2065,1.2065,12
2005-06-28 23:37:00,1.2064,1.2065,1.2064,1.2065,14
2005-06-28 23:38:00,1.2064,1.2065,1.2064,1.2064,25
2005-06-28 23:39:00,1.2064,1.2064,1.2064,1.2064,14
2005-06-28 23:40:00,1.2065,1.2065,1.2064,1.2064,26
2005-06-28 23:41:00,1.2065,1.2065,1.2064,1.2065,20
2005-06-28 23:42:00,1.2064,1.2065,1.2064,1.2065,15
2005-06-28 23:43:00,1.2065,1.2065,1.2065,1.2065,14
2005-06-28 23:44:00,1.2065,1.2065,1.2065,1.2065,11
2005-06-28 23:45:00,1.2065,1.2065,1.2065,1.2065,14
2005-06-28 23:46:00,1.2065,1.2065,1.2065,1.2065,12
2005-06-28 23:47:00,1.2066,1.2066,1.2065,1.2065,20
2005-06-28 23:48:00,1.2065,1.2066,1.2065,1.2066,13
2005-06-28 23:49:00,1.2067,1.2067,1.2065,1.2065,21
2005-06-28 23:50:00,1.2067,1.2068,1.2066,1.2067,42
2005-06-28 23:51:00,1.2067,1.2067,1.2066,1.2067,27
2005-06-28 23:52:00,1.2067,1.2068,1.2067,1.2067,28
2005-06-28 23:53:00,1.2069,1.2069,1.2067,1.2067,34
2005-06-28 23:54:00,1.2069,1.2069,1.2068,1.2069,26
2005-06-28 23:55:00,1.2072,1.2073,1.2069,1.2069,44
2005-06-28 23:56:00,1.2071,1.2072,1.2071,1.2072,21
2005-06-28 23:57:00,1.2071,1.2072,1.2071,1.2071,30
2005-06-28 23:58:00,1.2071,1.2071,1.2071,1.2071,11
2005-06-28 23:59:00,1.2071,1.2072,1.2071,1.2071,42
2005-06-29 00:00:00,1.2071,1.2072,1.2071,1.2071,42
2005-06-29 00:01:00,1.2072,1.2072,1.2071,1.2071,26
2005-06-29 00:02:00,1.2072,1.2073,1.2071,1.2072,29
2005-06-29 00:03:00,1.2074,1.2074,1.2072,1.2072,38
2005-06-29 00:04:00,1.2073,1.20746,1.20726,1.2074,41
2005-06-29 00:05:00,1.2073,1.2073,1.2072,1.2073,32
2005-06-29 00:06:00,1.2072,1.2073,1.2072,1.2073,16
2005-06-29 00:07:00,1.2073,1.2074,1.2072,1.2072,37
2005-06-29 00:08:00,1.2073,1.2073,1.2073,1.2073,17
2005-06-29 00:09:00,1.2072,1.2073,1.2072,1.2073,17
2005-06-29 00:10:00,1.2073,1.2073,1.2072,1.2072,23
2005-06-29 00:11:00,1.2073,1.2073,1.2072,1.2073,20
2005-06-29 00:12:00,1.2072,1.2073,1.2072,1.2073,26
2005-06-29 00:13:00,1.2074,1.2074,1.2072,1.2072,28
2005-06-29 00:14:00,1.2074,1.2074,1.2073,1.2074,30
2005-06-29 00:15:00,1.2075,1.2076,1.2074,1.2074,28
2005-06-29 00:16:00,1.2076,1.2078,1.2075,1.2075,42
2005-06-29 00:17:00,1.2078,1.2079,1.2077,1.2078,30
2005-06-29 00:18:00,1.20784,1.20794,1.2078,1.2078,43
2005-06-29 00:19:00,1.20784,1.20794,1.20784,1.20784,32
2005-06-29 00:20:00,1.20774,1.20784,1.20774,1.20784,21
2005-06-29 00:21:00,1.20784,1.20784,1.20774,1.20774,24
2005-06-29 00:22:00,1.20794,1.20794,1.20774,1.20784,31
2005-06-29 00:23:00,1.20774,1.20794,1.20774,1.20794,28
2005-06-29 00:24:00,1.20764,1.20784,1.20754,1.20774,35
2005-06-29 00:25:00,1.20764,1.20774,1.20754,1.20764,31
2005-06-29 00:26:00,1.20764,1.20764,1.20764,1.20764,12
2005-06-29 00:27:00,1.20764,1.20764,1.20764,1.20764,10
2005-06-29 00:28:00,1.20764,1.20764,1.20764,1.20764,14
2005-06-29 00:29:00,1.20764,1.20764,1.20764,1.20764,10
2005-06-29 00:30:00,1.20774,1.20774,1.20764,1.20764,16
2005-06-29 00:31:00,1.20784,1.20784,1.20764,1.20774,42
2005-06-29 00:32:00,1.20784,1.20784,1.20774,1.20774,27
2005-06-29 00:33:00,1.20784,1.20784,1.20784,1.20784,19
2005-06-29 00:34:00,1.20786,1.20794,1.20784,1.20794,32
2005-06-29 00:35:00,1.20776,1.20786,1.20776,1.20786,22
2005-06-29 00:36:00,1.20756,1.20776,1.20746,1.20776,36
2005-06-29 00:37:00,1.20756,1.20766,1.20746,1.20756,31
2005-06-29 00:38:00,1.20756,1.20766,1.20756,1.20756,23
2005-06-29 00:39:00,1.20746,1.20756,1.20746,1.20756,22
2005-06-29 00:40:00,1.20756,1.20756,1.20746,1.20746,34
2005-06-29 00:41:00,1.20746,1.20756,1.20746,1.20756,18
2005-06-29 00:42:00,1.20746,1.20746,1.20746,1.20746,24
2005-06-29 00:43:00,1.20736,1.20746,1.20736,1.20746,34
2005-06-29 00:44:00,1.20726,1.20736,1.20726,1.20736,26
2005-06-29 00:45:00,1.20716,1.20726,1.20716,1.20726,30
2005-06-29 00:46:00,1.20726,1.20726,1.20706,1.20716,29
2005-06-29 00:47:00,1.20716,1.20726,1.20716,1.20726,20
2005-06-29 00:48:00,1.20716,1.20726,1.20716,1.20716,24
2005-06-29 00:49:00,1.20716,1.20716,1.20716,1.20716,16
2005-06-29 00:50:00,1.20726,1.20726,1.20716,1.20716,21
2005-06-29 00:51:00,1.20716,1.20726,1.20716,1.20726,17
2005-06-29 00:52:00,1.20726,1.20726,1.20716,1.20716,19
2005-06-29 00:53:00,1.20706,1.20726,1.20706,1.20726,32
2005-06-29 00:54:00,1.20716,1.20726,1.20706,1.20706,32
2005-06-29 00:55:00,1.20706,1.20726,1.20706,1.20716,34
2005-06-29 00:56:00,1.20716,1.20716,1.20706,1.20706,39
2005-06-29 00:57:00,1.20716,1.20716,1.20716,1.20716,15
2005-06-29 00:58:00,1.20716,1.20716,1.20706,1.20706,25
2005-06-29 00:59:00,1.20706,1.20716,1.20706,1.20706,19
2005-06-29 01:00:00,1.20706,1.20716,1.20696,1.20706,26
2005-06-29 01:01:00,1.20676,1.20706,1.20676,1.20706,39
2005-06-29 01:02:00,1.2069,1.2069,1.20666,1.20666,35
2005-06-29 01:03:00,1.2065,1.2069,1.2065,1.2069,35
2005-06-29 01:04:00,1.20656,1.2066,1.20646,1.2066,49
2005-06-29 01:05:00,1.20656,1.20666,1.20656,1.20656,23
2005-06-29 01:06:00,1.20666,1.20696,1.20656,1.20656,36
2005-06-29 01:07:00,1.20686,1.20696,1.20666,1.20666,43
2005-06-29 01:08:00,1.20706,1.20706,1.20686,1.20686,27
2005-06-29 01:09:00,1.20706,1.20706,1.20706,1.20706,15
2005-06-29 01:10:00,1.20706,1.20706,1.20706,1.20706,14
2005-06-29 01:11:00,1.20706,1.20716,1.20696,1.20706,25
2005-06-29 01:12:00,1.20696,1.20716,1.20696,1.20706,43
2005-06-29 01:13:00,1.20666,1.20696,1.20666,1.20696,34
2005-06-29 01:14:00,1.20656,1.20666,1.20656,1.20666,28
2005-06-29 01:15:00,1.20666,1.20666,1.20656,1.20656,28
2005-06-29 01:16:00,1.20666,1.20666,1.20656,1.20666,25
2005-06-29 01:17:00,1.20656,1.20666,1.20646,1.20666,41
2005-06-29 01:18:00,1.20646,1.20656,1.20646,1.20656,21
2005-06-29 01:19:00,1.20636,1.20646,1.20636,1.20646,22
2005-06-29 01:20:00,1.20636,1.20636,1.20636,1.20636,15
2005-06-29 01:21:00,1.20646,1.20646,1.20636,1.20636,24
2005-06-29 01:22:00,1.20646,1.20656,1.20636,1.20636,37
2005-06-29 01:23:00,1.20656,1.20656,1.20646,1.20646,22
2005-06-29 01:24:00,1.20666,1.20666,1.20656,1.20656,13
2005-06-29 01:25:00,1.20666,1.20676,1.20656,1.20666,27
2005-06-29 01:26:00,1.20666,1.20676,1.20666,1.20666,29
2005-06-29 01:27:00,1.20666,1.20666,1.20666,1.20666,12
2005-06-29 01:28:00,1.20656,1.20666,1.20656,1.20666,16
2005-06-29 01:29:00,1.20666,1.20666,1.20656,1.20656,34
2005-06-29 01:30:00,1.20666,1.20666,1.20656,1.20666,24
2005-06-29 01:31:00,1.20666,1.20676,1.20666,1.20666,19
2005-06-29 01:32:00,1.20656,1.20676,1.20656,1.20666,28
2005-06-29 01:33:00,1.20666,1.20676,1.20656,1.20656,31
2005-06-29 01:34:00,1.20666,1.20666,1.20656,1.20666,25
2005-06-29 01:35:00,1.20656,1.20666,1.20656,1.20666,25
2005-06-29 01:36:00,1.20656,1.20656,1.20656,1.20656,17
2005-06-29 01:37:00,1.20656,1.20666,1.20656,1.20656,29
2005-06-29 01:38:00,1.20646,1.20656,1.20646,1.20656,21
2005-06-29 01:39:00,1.20636,1.20646,1.20636,1.20646,35
2005-06-29 01:40:00,1.20636,1.20636,1.20636,1.20636,26
2005-06-29 01:41:00,1.20626,1.20636,1.20626,1.20636,27
2005-06-29 01:42:00,1.20596,1.20636,1.20596,1.20626,47
2005-06-29 01:43:00,1.20586,1.20596,1.20586,1.20596,24
2005-06-29 01:44:00,1.2057,1.20596,1.20566,1.20596,37
2005-06-29 01:45:00,1.2058,1.2059,1.2057,1.2057,26
2005-06-29 01:46:00,1.2059,1.2059,1.2058,1.2058,21
2005-06-29 01:47:00,1.206,1.206,1.2059,1.2059,35
2005-06-29 01:48:00,1.206,1.206,1.2059,1.206,23
2005-06-29 01:49:00,1.2061,1.2061,1.206,1.206,24
2005-06-29 01:50:00,1.2062,1.2063,1.2062,1.2062,37
2005-06-29 01:51:00,1.2057,1.2062,1.2057,1.2062,41
2005-06-29 01:52:00,1.2058,1.2058,1.2057,1.2057,48
2005-06-29 01:53:00,1.2058,1.2058,1.2057,1.2058,39
2005-06-29 01:54:00,1.2058,1.2058,1.2056,1.2057,43
2005-06-29 01:55:00,1.2059,1.2059,1.2057,1.2058,31
2005-06-29 01:56:00,1.20586,1.2059,1.2057,1.2059,30
2005-06-29 01:57:00,1.2055,1.20586,1.2055,1.20586,32
2005-06-29 01:58:00,1.2055,1.2056,1.2055,1.2055,30
2005-06-29 01:59:00,1.2056,1.2056,1.2055,1.2055,32
2005-06-29 02:00:00,1.2057,1.2058,1.2056,1.2056,34
2005-06-29 02:01:00,1.2057,1.2057,1.2057,1.2057,18
2005-06-29 02:02:00,1.2056,1.2057,1.2056,1.2057,23
2005-06-29 02:03:00,1.2056,1.2057,1.2056,1.2056,29
2005-06-29 02:04:00,1.2056,1.2057,1.2055,1.2056,31
2005-06-29 02:05:00,1.2057,1.2057,1.2056,1.2056,25
2005-06-29 02:06:00,1.2056,1.2057,1.2055,1.2057,30
2005-06-29 02:07:00,1.2054,1.2056,1.2054,1.2056,30
2005-06-29 02:08:00,1.2054,1.2054,1.2054,1.2054,28
2005-06-29 02:09:00,1.2054,1.2054,1.2053,1.2054,24
2005-06-29 02:10:00,1.2056,1.2056,1.2054,1.2054,31
2005-06-29 02:11:00,1.2057,1.2058,1.2056,1.2056,41
2005-06-29 02:12:00,1.2057,1.2057,1.2057,1.2057,24
2005-06-29 02:13:00,1.2056,1.2057,1.2055,1.2057,35
2005-06-29 02:14:00,1.2057,1.2057,1.2056,1.2056,19
2005-06-29 02:15:00,1.2058,1.2058,1.2057,1.2057,19
2005-06-29 02:16:00,1.206,1.206,1.2058,1.2058,44
2005-06-29 02:17:00,1.206,1.2061,1.2059,1.206,34
2005-06-29 02:18:00,1.2062,1.2062,1.206,1.206,32
2005-06-29 02:19:00,1.2061,1.2062,1.2061,1.2062,27
2005-06-29 02:20:00,1.2062,1.2062,1.2061,1.2061,15
2005-06-29 02:21:00,1.2062,1.2064,1.2062,1.2062,35
2005-06-29 02:22:00,1.2061,1.2062,1.206,1.2062,41
2005-06-29 02:23:00,1.206,1.2061,1.206,1.2061,17
2005-06-29 02:24:00,1.2057,1.206,1.2057,1.206,46
2005-06-29 02:25:00,1.2058,1.2058,1.2057,1.2057,29
2005-06-29 02:26:00,1.2058,1.2059,1.2058,1.2058,31
2005-06-29 02:27:00,1.2057,1.2058,1.2057,1.2058,28
2005-06-29 02:28:00,1.2056,1.2058,1.2056,1.2057,40
2005-06-29 02:29:00,1.2057,1.2058,1.2056,1.2056,28
2005-06-29 02:30:00,1.2057,1.2057,1.2057,1.2057,15
2005-06-29 02:31:00,1.2056,1.2057,1.2056,1.2057,25
2005-06-29 02:32:00,1.2057,1.2058,1.2056,1.2056,35
2005-06-29 02:33:00,1.2057,1.2057,1.2057,1.2057,13
2005-06-29 02:34:00,1.2057,1.2057,1.2056,1.2057,16
2005-06-29 02:35:00,1.2057,1.2057,1.2057,1.2057,16
2005-06-29 02:36:00,1.2058,1.2058,1.2057,1.2057,26
2005-06-29 02:37:00,1.2058,1.2058,1.2057,1.2058,22
2005-06-29 02:38:00,1.206,1.206,1.2058,1.2058,38
2005-06-29 02:39:00,1.2061,1.2061,1.2059,1.206,35
2005-06-29 02:40:00,1.2063,1.2063,1.206,1.206,49
2005-06-29 02:41:00,1.2064,1.2064,1.2062,1.2063,41
2005-06-29 02:42:00,1.2064,1.2064,1.2063,1.2063,37
2005-06-29 02:43:00,1.2064,1.2065,1.2063,1.2063,31
2005-06-29 02:44:00,1.2064,1.2064,1.2063,1.2064,24
2005-06-29 02:45:00,1.2066,1.2066,1.2063,1.2064,40
2005-06-29 02:46:00,1.2065,1.2066,1.2064,1.2066,24
2005-06-29 02:47:00,1.2065,1.2065,1.2065,1.2065,14
2005-06-29 02:48:00,1.2063,1.2065,1.2062,1.2065,27
2005-06-29 02:49:00,1.2063,1.2063,1.2062,1.2063,32
2005-06-29 02:50:00,1.2063,1.2063,1.2062,1.2063,23
2005-06-29 02:51:00,1.2063,1.2063,1.2063,1.2063,14
2005-06-29 02:52:00,1.2063,1.2063,1.2063,1.2063,10
2005-06-29 02:53:00,1.2063,1.2063,1.2062,1.2063,33
2005-06-29 02:54:00,1.2062,1.2064,1.2062,1.2062,42
2005-06-29 02:55:00,1.2064,1.2064,1.2062,1.2062,33
2005-06-29 02:56:00,1.2065,1.2065,1.2064,1.2064,15
2005-06-29 02:57:00,1.2065,1.2066,1.2065,1.2065,32
2005-06-29 02:58:00,1.2064,1.2066,1.2064,1.2065,29
2005-06-29 02:59:00,1.2065,1.2065,1.2064,1.2064,20
2005-06-29 03:00:00,1.2065,1.2065,1.2065,1.2065,12
2005-06-29 03:01:00,1.2064,1.2065,1.2064,1.2065,18
2005-06-29 03:02:00,1.2064,1.2064,1.2064,1.2064,18
2005-06-29 03:03:00,1.2064,1.2064,1.2064,1.2064,10
2005-06-29 03:04:00,1.2064,1.2064,1.2064,1.2064,11
2005-06-29 03:05:00,1.2064,1.2065,1.2064,1.2065,34
2005-06-29 03:06:00,1.2064,1.2064,1.2064,1.2064,9
2005-06-29 03:07:00,1.2064,1.2064,1.2064,1.2064,14
2005-06-29 03:08:00,1.2064,1.2064,1.2064,1.2064,6
2005-06-29 03:09:00,1.2064,1.2064,1.2064,1.2064,11
2005-06-29 03:10:00,1.2064,1.2064,1.2064,1.2064,17
2005-06-29 03:11:00,1.2064,1.2064,1.2064,1.2064,11
2005-06-29 03:12:00,1.2064,1.2064,1.2064,1.2064,10
2005-06-29 03:13:00,1.2064,1.2064,1.2064,1.2064,11
2005-06-29 03:14:00,1.2064,1.2064,1.2063,1.2064,19
2005-06-29 03:15:00,1.2066,1.2066,1.2064,1.2064,27
2005-06-29 03:16:00,1.2066,1.2066,1.2066,1.2066,13
2005-06-29 03:17:00,1.2066,1.2066,1.2065,1.2066,17
2005-06-29 03:18:00,1.2065,1.2066,1.2065,1.2066,18
2005-06-29 03:19:00,1.2066,1.2066,1.2065,1.2065,16
2005-06-29 03:20:00,1.2066,1.2066,1.2065,1.2066,21
2005-06-29 03:21:00,1.2065,1.2066,1.2065,1.2066,29
2005-06-29 03:22:00,1.2065,1.2066,1.2065,1.2065,23
2005-06-29 03:23:00,1.2065,1.2065,1.2064,1.2065,14
2005-06-29 03:24:00,1.2064,1.2065,1.2064,1.2065,23
2005-06-29 03:25:00,1.2064,1.2065,1.2064,1.2064,26
2005-06-29 03:26:00,1.2065,1.2066,1.2064,1.2064,41
2005-06-29 03:27:00,1.2064,1.2065,1.2064,1.2065,18
2005-06-29 03:28:00,1.2065,1.2065,1.2064,1.2064,17
2005-06-29 03:29:00,1.2064,1.2065,1.2064,1.2065,18
2005-06-29 03:30:00,1.2065,1.2065,1.2064,1.2064,26
2005-06-29 03:31:00,1.2065,1.2065,1.2065,1.2065,12
2005-06-29 03:32:00,1.2064,1.2064,1.2064,1.2064,23
2005-06-29 03:33:00,1.2064,1.2065,1.2064,1.2064,25
2005-06-29 03:34:00,1.2063,1.2065,1.2063,1.2065,33
2005-06-29 03:35:00,1.2064,1.2064,1.2063,1.2063,23
2005-06-29 03:36:00,1.2064,1.2064,1.2064,1.2064,23
2005-06-29 03:37:00,1.2064,1.2064,1.2064,1.2064,13
2005-06-29 03:38:00,1.2063,1.2064,1.2063,1.2063,34
2005-06-29 03:39:00,1.2063,1.2063,1.2063,1.2063,19
2005-06-29 03:40:00,1.2064,1.2064,1.2063,1.2063,16
2005-06-29 03:41:00,1.2064,1.2064,1.2064,1.2064,8
2005-06-29 03:42:00,1.2064,1.2064,1.2064,1.2064,11
2005-06-29 03:43:00,1.2064,1.2064,1.2064,1.2064,8
2005-06-29 03:44:00,1.2064,1.2064,1.2064,1.2064,10
2005-06-29 03:45:00,1.2064,1.2064,1.2064,1.2064,15
2005-06-29 03:46:00,1.2064,1.2064,1.2064,1.2064,16
2005-06-29 03:47:00,1.2063,1.2064,1.2063,1.2064,15
2005-06-29 03:48:00,1.2063,1.2063,1.2062,1.2063,20
2005-06-29 03:49:00,1.2063,1.2063,1.2063,1.2063,11
2005-06-29 03:50:00,1.2063,1.2064,1.2063,1.2064,21
2005-06-29 03:51:00,1.2063,1.2063,1.2063,1.2063,14
2005-06-29 03:52:00,1.2063,1.2063,1.2063,1.2063,14
2005-06-29 03:53:00,1.2064,1.2064,1.2063,1.2063,20
2005-06-29 03:54:00,1.2065,1.2065,1.2064,1.2064,30
2005-06-29 03:55:00,1.2065,1.2065,1.2065,1.2065,22
2005-06-29 03:56:00,1.2065,1.2065,1.2065,1.2065,7
2005-06-29 03:57:00,1.2065,1.2065,1.2065,1.2065,6
2005-06-29 03:58:00,1.2065,1.2065,1.2065,1.2065,9
2005-06-29 03:59:00,1.2065,1.2065,1.2065,1.2065,8
2005-06-29 04:00:00,1.2065,1.2065,1.2065,1.2065,7
2005-06-29 04:01:00,1.2065,1.2065,1.2065,1.2065,13
2005-06-29 04:02:00,1.2065,1.2065,1.2065,1.2065,11
2005-06-29 04:03:00,1.2065,1.2065,1.2065,1.2065,7
2005-06-29 04:04:00,1.2065,1.2065,1.2065,1.2065,9
2005-06-29 04:05:00,1.2065,1.2065,1.2065,1.2065,13
2005-06-29 04:06:00,1.2066,1.2066,1.2065,1.2065,27
2005-06-29 04:07:00,1.2066,1.2066,1.2066,1.2066,24
2005-06-29 04:08:00,1.2065,1.2066,1.2065,1.2066,24
2005-06-29 04:09:00,1.2066,1.2066,1.2064,1.2065,30
2005-06-29 04:10:00,1.2066,1.2066,1.2065,1.2066,29
2005-06-29 04:11:00,1.2066,1.2067,1.2066,1.2066,24
2005-06-29 04:12:00,1.2066,1.2066,1.2065,1.2066,24
2005-06-29 04:13:00,1.2066,1.2066,1.2066,1.2066,11
2005-06-29 04:14:00,1.2066,1.2066,1.2066,1.2066,13
2005-06-29 04:15:00,1.2066,1.2066,1.2066,1.2066,11
2005-06-29 04:16:00,1.2066,1.2066,1.2066,1.2066,13
2005-06-29 04:17:00,1.2066,1.2066,1.2066,1.2066,11
2005-06-29 04:18:00,1.2065,1.2066,1.2065,1.2066,26
2005-06-29 04:19:00,1.2065,1.2066,1.2065,1.2065,27
2005-06-29 04:20:00,1.2065,1.2065,1.2065,1.2065,10
2005-06-29 04:21:00,1.2066,1.2066,1.2065,1.2065,19
2005-06-29 04:22:00,1.2066,1.2066,1.2065,1.2066,25
2005-06-29 04:23:00,1.2066,1.2066,1.2066,1.2066,16
2005-06-29 04:24:00,1.2066,1.2066,1.2066,1.2066,12
2005-06-29 04:25:00,1.2066,1.2066,1.2066,1.2066,14
2005-06-29 04:26:00,1.2066,1.2066,1.2066,1.2066,23
2005-06-29 04:27:00,1.2066,1.2066,1.2066,1.2066,12
2005-06-29 04:28:00,1.2065,1.2066,1.2065,1.2066,16
2005-06-29 04:29:00,1.2065,1.2065,1.2065,1.2065,13
2005-06-29 04:30:00,1.2065,1.2065,1.2065,1.2065,16
2005-06-29 04:31:00,1.2065,1.2065,1.2065,1.2065,13
2005-06-29 04:32:00,1.2065,1.2066,1.2065,1.2065,21
2005-06-29 04:33:00,1.2065,1.2065,1.2065,1.2065,13
2005-06-29 04:34:00,1.2065,1.2065,1.2065,1.2065,9
2005-06-29 04:35:00,1.2065,1.2065,1.2065,1.2065,11
2005-06-29 04:36:00,1.2065,1.2066,1.2065,1.2065,34
2005-06-29 04:37:00,1.2066,1.2066,1.2065,1.2065,15
2005-06-29 04:38:00,1.2066,1.2067,1.2066,1.2066,24
2005-06-29 04:39:00,1.2066,1.2066,1.2066,1.2066,17
2005-06-29 04:40:00,1.2066,1.2066,1.2066,1.2066,16
2005-06-29 04:41:00,1.2065,1.2066,1.2065,1.2065,23
2005-06-29 04:42:00,1.2065,1.2065,1.2065,1.2065,14
2005-06-29 04:43:00,1.2065,1.2065,1.2065,1.2065,13
2005-06-29 04:44:00,1.2065,1.2065,1.2065,1.2065,15
2005-06-29 04:45:00,1.2065,1.2065,1.2064,1.2065,33
2005-06-29 04:46:00,1.2064,1.2065,1.2064,1.2065,27
2005-06-29 04:47:00,1.2064,1.2064,1.2064,1.2064,15
2005-06-29 04:48:00,1.2064,1.2064,1.2064,1.2064,29
2005-06-29 04:49:00,1.2064,1.2065,1.2064,1.2064,25
2005-06-29 04:50:00,1.2064,1.2065,1.2064,1.2064,23
2005-06-29 04:51:00,1.2064,1.2065,1.2064,1.2064,31
2005-06-29 04:52:00,1.2066,1.2066,1.2064,1.2064,40
2005-06-29 04:53:00,1.2065,1.2066,1.2065,1.2066,30
2005-06-29 04:54:00,1.2065,1.2065,1.2064,1.2065,24
2005-06-29 04:55:00,1.2065,1.2065,1.2064,1.2065,33
2005-06-29 04:56:00,1.2066,1.2066,1.2064,1.2065,31
2005-06-29 04:57:00,1.2066,1.2066,1.2066,1.2066,15
2005-06-29 04:58:00,1.2066,1.2067,1.2066,1.2066,19
2005-06-29 04:59:00,1.2066,1.2066,1.2066,1.2066,8
2005-06-29 05:00:00,1.2066,1.2066,1.2066,1.2066,6
2005-06-29 05:01:00,1.2066,1.2066,1.2066,1.2066,16
2005-06-29 05:02:00,1.2066,1.2066,1.2066,1.2066,13
2005-06-29 05:03:00,1.2065,1.2066,1.2065,1.2066,15
2005-06-29 05:04:00,1.2065,1.2065,1.2064,1.2064,22
2005-06-29 05:05:00,1.2065,1.2065,1.2065,1.2065,8
2005-06-29 05:06:00,1.2063,1.2065,1.2063,1.2065,20
2005-06-29 05:07:00,1.2062,1.2064,1.2062,1.2063,27
2005-06-29 05:08:00,1.2061,1.2063,1.2061,1.2062,39
2005-06-29 05:09:00,1.2061,1.2061,1.206,1.2061,39
2005-06-29 05:10:00,1.2061,1.2062,1.2061,1.2061,20
2005-06-29 05:11:00,1.206,1.2061,1.206,1.2061,13
2005-06-29 05:12:00,1.2061,1.2061,1.206,1.206,26
2005-06-29 05:13:00,1.2061,1.2061,1.2061,1.2061,16
2005-06-29 05:14:00,1.20616,1.20626,1.2061,1.2061,24
2005-06-29 05:15:00,1.20616,1.20616,1.20616,1.20616,14
2005-06-29 05:16:00,1.20616,1.20626,1.20616,1.20616,30
2005-06-29 05:17:00,1.20616,1.20616,1.20616,1.20616,8
2005-06-29 05:18:00,1.20626,1.20626,1.20616,1.20616,16
2005-06-29 05:19:00,1.20626,1.20626,1.20626,1.20626,10
2005-06-29 05:20:00,1.20616,1.20626,1.20616,1.20626,21
2005-06-29 05:21:00,1.20616,1.20616,1.20616,1.20616,8
2005-06-29 05:22:00,1.20616,1.20626,1.20616,1.20616,26
2005-06-29 05:23:00,1.20626,1.20626,1.20616,1.20616,20
2005-06-29 05:24:00,1.20616,1.20626,1.20606,1.20626,34
2005-06-29 05:25:00,1.20606,1.20616,1.20606,1.20616,18
2005-06-29 05:26:00,1.20616,1.20616,1.20606,1.20606,18
2005-06-29 05:27:00,1.20616,1.20616,1.20616,1.20616,8
2005-06-29 05:28:00,1.20616,1.20626,1.20616,1.20626,38
2005-06-29 05:29:00,1.20616,1.20626,1.20616,1.20616,37
2005-06-29 05:30:00,1.20616,1.20626,1.20606,1.20616,38
2005-06-29 05:31:00,1.20626,1.20626,1.20606,1.20616,33
2005-06-29 05:32:00,1.20636,1.20636,1.20626,1.20626,28
2005-06-29 05:33:00,1.20636,1.20636,1.20626,1.20636,24
2005-06-29 05:34:00,1.20636,1.20636,1.20636,1.20636,23
2005-06-29 05:35:00,1.20636,1.20636,1.20636,1.20636,21
2005-06-29 05:36:00,1.20636,1.20646,1.20636,1.20636,24
2005-06-29 05:37:00,1.20656,1.20656,1.20636,1.20636,14
2005-06-29 05:38:00,1.20646,1.20656,1.20646,1.20656,35
2005-06-29 05:39:00,1.20646,1.20656,1.20646,1.20646,18
2005-06-29 05:40:00,1.20656,1.20656,1.20646,1.20646,16
2005-06-29 05:41:00,1.20646,1.20656,1.20636,1.20656,29
2005-06-29 05:42:00,1.20646,1.20646,1.20636,1.20646,25
2005-06-29 05:43:00,1.20646,1.20646,1.20646,1.20646,26
2005-06-29 05:44:00,1.20646,1.20646,1.20646,1.20646,16
2005-06-29 05:45:00,1.20646,1.20646,1.20646,1.20646,21
2005-06-29 05:46:00,1.20656,1.20656,1.20646,1.20646,27
2005-06-29 05:47:00,1.20666,1.20666,1.20646,1.20656,35
2005-06-29 05:48:00,1.20656,1.20666,1.20646,1.20666,39
2005-06-29 05:49:00,1.20656,1.20656,1.20656,1.20656,19
2005-06-29 05:50:00,1.20656,1.20656,1.20646,1.20656,27
2005-06-29 05:51:00,1.20656,1.20656,1.20656,1.20656,17
2005-06-29 05:52:00,1.20656,1.20656,1.20656,1.20656,9
2005-06-29 05:53:00,1.20656,1.20656,1.20656,1.20656,30
2005-06-29 05:54:00,1.20656,1.20666,1.20656,1.20656,24
2005-06-29 05:55:00,1.20666,1.20666,1.20656,1.20666,38
2005-06-29 05:56:00,1.20656,1.20666,1.20656,1.20666,36
2005-06-29 05:57:00,1.20656,1.20656,1.20646,1.20656,36
2005-06-29 05:58:00,1.20636,1.20656,1.20636,1.20656,45
2005-06-29 05:59:00,1.20656,1.20656,1.20636,1.20636,35
2005-06-29 06:00:00,1.20656,1.20656,1.20656,1.20656,17
2005-06-29 06:01:00,1.2064,1.20656,1.2063,1.20656,31
2005-06-29 06:02:00,1.2063,1.2064,1.2063,1.2064,43
2005-06-29 06:03:00,1.2063,1.2063,1.2063,1.2063,26
2005-06-29 06:04:00,1.2062,1.2063,1.2061,1.2063,39
2005-06-29 06:05:00,1.2062,1.2062,1.2062,1.2062,32
2005-06-29 06:06:00,1.2062,1.2062,1.2061,1.2062,36
2005-06-29 06:07:00,1.2062,1.2062,1.2061,1.2061,36
2005-06-29 06:08:00,1.2063,1.2063,1.2062,1.2062,20
2005-06-29 06:09:00,1.2062,1.2063,1.2062,1.2063,32
2005-06-29 06:10:00,1.2063,1.2063,1.2062,1.2062,34
2005-06-29 06:11:00,1.206,1.2063,1.206,1.2063,43
2005-06-29 06:12:00,1.2058,1.2061,1.2058,1.206,50
2005-06-29 06:13:00,1.2053,1.2058,1.2052,1.2058,47
2005-06-29 06:14:00,1.2044,1.2053,1.2044,1.2053,57
2005-06-29 06:15:00,1.2044,1.2044,1.204,1.2044,48
2005-06-29 06:16:00,1.20398,1.2044,1.20378,1.2044,55
2005-06-29 06:17:00,1.20378,1.20398,1.20348,1.20398,52
2005-06-29 06:18:00,1.20358,1.20378,1.20338,1.20378,51
2005-06-29 06:19:00,1.20378,1.20388,1.20348,1.20358,57
2005-06-29 06:20:00,1.20388,1.20398,1.20378,1.20378,41
2005-06-29 06:21:00,1.20368,1.20388,1.20358,1.20388,53
2005-06-29 06:22:00,1.20378,1.20378,1.20358,1.20368,40
2005-06-29 06:23:00,1.20388,1.20388,1.20378,1.20378,40
2005-06-29 06:24:00,1.20398,1.20408,1.20378,1.20388,50
2005-06-29 06:25:00,1.20388,1.20408,1.20388,1.20398,48
2005-06-29 06:26:00,1.20408,1.20408,1.20378,1.20388,44
2005-06-29 06:27:00,1.20398,1.20438,1.20398,1.20408,59
2005-06-29 06:28:00,1.20392,1.20412,1.20392,1.20398,29
2005-06-29 06:29:00,1.20412,1.20412,1.20392,1.20392,13
2005-06-29 06:30:00,1.20408,1.20418,1.20402,1.20412,25
2005-06-29 06:31:00,1.20408,1.20408,1.20388,1.20408,44
2005-06-29 06:32:00,1.20418,1.20428,1.20398,1.20408,52
2005-06-29 06:33:00,1.20418,1.20428,1.20418,1.20418,37
2005-06-29 06:34:00,1.20408,1.20418,1.20398,1.20418,53
2005-06-29 06:35:00,1.20428,1.20428,1.20418,1.20418,35
2005-06-29 06:36:00,1.20408,1.20428,1.20408,1.20428,31
2005-06-29 06:37:00,1.20378,1.20408,1.20378,1.20408,41
2005-06-29 06:38:00,1.20388,1.20388,1.20368,1.20378,44
2005-06-29 06:39:00,1.20388,1.20388,1.20378,1.20388,38
2005-06-29 06:40:00,1.20368,1.20388,1.20358,1.20388,46
2005-06-29 06:41:00,1.20388,1.20388,1.20358,1.20358,53
2005-06-29 06:42:00,1.20408,1.20408,1.20368,1.20388,50
2005-06-29 06:43:00,1.20418,1.20418,1.20408,1.20418,37
2005-06-29 06:44:00,1.20428,1.20438,1.20418,1.20418,45
2005-06-29 06:45:00,1.20428,1.20448,1.20428,1.20428,44
2005-06-29 06:46:00,1.20458,1.20458,1.20408,1.20408,47
2005-06-29 06:47:00,1.20448,1.20468,1.20448,1.20448,54
2005-06-29 06:48:00,1.20438,1.20448,1.20428,1.20448,41
2005-06-29 06:49:00,1.20418,1.20438,1.20418,1.20438,52
2005-06-29 06:50:00,1.20428,1.20438,1.20418,1.20418,46
2005-06-29 06:51:00,1.20418,1.20428,1.20408,1.20428,37
2005-06-29 06:52:00,1.20418,1.20428,1.20398,1.20418,49
2005-06-29 06:53:00,1.20408,1.20418,1.20398,1.20418,48
2005-06-29 06:54:00,1.20398,1.20418,1.20398,1.20408,40
2005-06-29 06:55:00,1.20378,1.20408,1.20378,1.20398,51
2005-06-29 06:56:00,1.20382,1.20382,1.20368,1.20378,48
2005-06-29 06:57:00,1.20392,1.20392,1.20382,1.20382,41
2005-06-29 06:58:00,1.20402,1.20402,1.20392,1.20392,41
2005-06-29 06:59:00,1.20382,1.20402,1.20372,1.20402,53
2005-06-29 07:00:00,1.20382,1.20392,1.20382,1.20382,42
2005-06-29 07:01:00,1.20382,1.20402,1.20382,1.20382,55
2005-06-29 07:02:00,1.20372,1.20382,1.20362,1.20382,51
2005-06-29 07:03:00,1.20362,1.20382,1.20362,1.20372,51
2005-06-29 07:04:00,1.20332,1.20362,1.20332,1.20362,54
2005-06-29 07:05:00,1.20322,1.20342,1.20322,1.20332,51
2005-06-29 07:06:00,1.20332,1.20342,1.20312,1.20322,50
2005-06-29 07:07:00,1.20332,1.20342,1.20322,1.20332,46
2005-06-29 07:08:00,1.20342,1.20342,1.20332,1.20332,45
2005-06-29 07:09:00,1.20312,1.20342,1.20312,1.20342,44
2005-06-29 07:10:00,1.20332,1.20332,1.20312,1.20312,45
2005-06-29 07:11:00,1.20332,1.20332,1.20332,1.20332,22
2005-06-29 07:12:00,1.20352,1.20362,1.20332,1.20332,44
2005-06-29 07:13:00,1.20352,1.20362,1.20342,1.20362,49
2005-06-29 07:14:00,1.20352,1.20352,1.20342,1.20352,43
2005-06-29 07:15:00,1.20352,1.20352,1.20342,1.20352,27
2005-06-29 07:16:00,1.20342,1.20352,1.20332,1.20352,37
2005-06-29 07:17:00,1.20352,1.20352,1.20332,1.20332,36
2005-06-29 07:18:00,1.20372,1.20372,1.20352,1.20352,41
2005-06-29 07:19:00,1.20372,1.20372,1.20362,1.20362,33
2005-06-29 07:20:00,1.20422,1.20422,1.20382,1.20382,47
2005-06-29 07:21:00,1.20432,1.20432,1.20412,1.20422,49
2005-06-29 07:22:00,1.20422,1.20432,1.20412,1.20432,44
2005-06-29 07:23:00,1.20402,1.20422,1.20402,1.20422,54
2005-06-29 07:24:00,1.20372,1.20402,1.20372,1.20402,52
2005-06-29 07:25:00,1.20342,1.20382,1.20342,1.20372,46
2005-06-29 07:26:00,1.20352,1.20362,1.20342,1.20342,44
2005-06-29 07:27:00,1.20352,1.20372,1.20352,1.20352,49
2005-06-29 07:28:00,1.20372,1.20372,1.20352,1.20352,40
2005-06-29 07:29:00,1.20382,1.20382,1.20372,1.20372,25
2005-06-29 07:30:00,1.20382,1.20392,1.20372,1.20382,50
2005-06-29 07:31:00,1.20372,1.20382,1.20372,1.20382,43
2005-06-29 07:32:00,1.20392,1.20392,1.20372,1.20372,31
2005-06-29 07:33:00,1.20382,1.20392,1.20382,1.20392,39
2005-06-29 07:34:00,1.20362,1.20382,1.20362,1.20382,38
2005-06-29 07:35:00,1.20372,1.20372,1.20362,1.20362,51
2005-06-29 07:36:00,1.20362,1.20372,1.20362,1.20372,45
2005-06-29 07:37:00,1.20362,1.20372,1.20362,1.20362,39
2005-06-29 07:38:00,1.20362,1.20372,1.20362,1.20362,33
2005-06-29 07:39:00,1.20352,1.20362,1.20342,1.20362,39
2005-06-29 07:40:00,1.20342,1.20362,1.20332,1.20352,53
2005-06-29 07:41:00,1.20312,1.20342,1.20302,1.20342,53
2005-06-29 07:42:00,1.20282,1.20302,1.20282,1.20302,51
2005-06-29 07:43:00,1.20282,1.20292,1.20282,1.20282,49
2005-06-29 07:44:00,1.20292,1.20292,1.20272,1.20282,50
2005-06-29 07:45:00,1.20282,1.20292,1.20282,1.20292,43
2005-06-29 07:46:00,1.20292,1.20292,1.20272,1.20282,50
2005-06-29 07:47:00,1.20292,1.20292,1.20292,1.20292,33
2005-06-29 07:48:00,1.20302,1.20312,1.20292,1.20292,47
2005-06-29 07:49:00,1.20292,1.20302,1.20282,1.20302,43
2005-06-29 07:50:00,1.20292,1.20302,1.20282,1.20302,43
2005-06-29 07:51:00,1.20272,1.20292,1.20272,1.20292,37
2005-06-29 07:52:00,1.20282,1.20292,1.20272,1.20272,45
2005-06-29 07:53:00,1.20272,1.20282,1.20272,1.20282,43
2005-06-29 07:54:00,1.20272,1.20282,1.20262,1.20282,46
2005-06-29 07:55:00,1.20302,1.20302,1.20262,1.20272,43
2005-06-29 07:56:00,1.20282,1.20312,1.20282,1.20312,55
2005-06-29 07:57:00,1.20302,1.20302,1.20282,1.20282,47
2005-06-29 07:58:00,1.20288,1.20312,1.20278,1.20302,52
2005-06-29 07:59:00,1.20288,1.20298,1.20288,1.20288,33
2005-06-29 08:00:00,1.20282,1.20298,1.20262,1.20288,39
2005-06-29 08:01:00,1.20278,1.20292,1.20268,1.20282,49
2005-06-29 08:02:00,1.20298,1.20298,1.20278,1.20278,57
2005-06-29 08:03:00,1.20278,1.20288,1.20268,1.20288,50
2005-06-29 08:04:00,1.20308,1.20338,1.20278,1.20278,51
2005-06-29 08:05:00,1.20328,1.20338,1.20298,1.20308,53
2005-06-29 08:06:00,1.20328,1.20338,1.20318,1.20328,45
2005-06-29 08:07:00,1.20328,1.20348,1.20328,1.20328,47
2005-06-29 08:08:00,1.20338,1.20338,1.20328,1.20328,45
2005-06-29 08:09:00,1.20338,1.20348,1.20338,1.20338,44
2005-06-29 08:10:00,1.20348,1.20348,1.20328,1.20338,42
2005-06-29 08:11:00,1.20328,1.20348,1.20328,1.20348,44
2005-06-29 08:12:00,1.20328,1.20328,1.20308,1.20318,45
2005-06-29 08:13:00,1.20328,1.20328,1.20318,1.20318,37
2005-06-29 08:14:00,1.20328,1.20338,1.20318,1.20328,49
2005-06-29 08:15:00,1.20318,1.20328,1.20318,1.20328,35
2005-06-29 08:16:00,1.20328,1.20328,1.20308,1.20318,46
2005-06-29 08:17:00,1.20318,1.20328,1.20318,1.20328,47
2005-06-29 08:18:00,1.20318,1.20328,1.20308,1.20318,49
2005-06-29 08:19:00,1.20318,1.20318,1.20308,1.20318,52
2005-06-29 08:20:00,1.20288,1.20318,1.20288,1.20318,44
2005-06-29 08:21:00,1.20278,1.20288,1.20258,1.20288,48
2005-06-29 08:22:00,1.20278,1.20288,1.20268,1.20278,57
2005-06-29 08:23:00,1.20288,1.20288,1.20278,1.20278,30
2005-06-29 08:24:00,1.20308,1.20318,1.20278,1.20288,57
2005-06-29 08:25:00,1.20368,1.20378,1.20308,1.20308,55
2005-06-29 08:26:00,1.20368,1.20378,1.20358,1.20368,49
2005-06-29 08:27:00,1.20388,1.20388,1.20358,1.20368,58
2005-06-29 08:28:00,1.20388,1.20418,1.20378,1.20388,52
2005-06-29 08:29:00,1.20378,1.20408,1.20378,1.20388,54
2005-06-29 08:30:00,1.20408,1.20408,1.20378,1.20378,48
2005-06-29 08:31:00,1.20418,1.20418,1.20398,1.20408,49
2005-06-29 08:32:00,1.20408,1.20428,1.20398,1.20418,45
2005-06-29 08:33:00,1.20438,1.20458,1.20408,1.20408,54
2005-06-29 08:34:00,1.20428,1.20438,1.20418,1.20438,42
2005-06-29 08:35:00,1.20428,1.20438,1.20428,1.20428,45
2005-06-29 08:36:00,1.20438,1.20438,1.20428,1.20428,54
2005-06-29 08:37:00,1.20438,1.20448,1.20438,1.20438,37
2005-06-29 08:38:00,1.20428,1.20438,1.20428,1.20438,33
2005-06-29 08:39:00,1.20428,1.20438,1.20428,1.20438,39
2005-06-29 08:40:00,1.20448,1.20448,1.20428,1.20428,35
2005-06-29 08:41:00,1.20478,1.20478,1.20458,1.20458,56
2005-06-29 08:42:00,1.20498,1.20518,1.20478,1.20478,51
2005-06-29 08:43:00,1.20538,1.20548,1.20498,1.20498,57
2005-06-29 08:44:00,1.20518,1.20538,1.20518,1.20538,56
2005-06-29 08:45:00,1.20508,1.20518,1.20498,1.20518,47
2005-06-29 08:46:00,1.20518,1.20528,1.20508,1.20508,54
2005-06-29 08:47:00,1.20558,1.20558,1.20518,1.20528,54
2005-06-29 08:48:00,1.20558,1.20568,1.20538,1.20558,53
2005-06-29 08:49:00,1.20532,1.20578,1.20532,1.20558,57
2005-06-29 08:50:00,1.20542,1.20562,1.20532,1.20532,50
2005-06-29 08:51:00,1.20522,1.20542,1.20522,1.20542,43
2005-06-29 08:52:00,1.20522,1.20532,1.20512,1.20522,52
2005-06-29 08:53:00,1.20512,1.20522,1.20512,1.20512,40
2005-06-29 08:54:00,1.20512,1.20512,1.20502,1.20512,40
2005-06-29 08:55:00,1.20492,1.20512,1.20492,1.20512,47
2005-06-29 08:56:00,1.20492,1.20502,1.20482,1.20482,46
2005-06-29 08:57:00,1.20482,1.20502,1.20482,1.20492,42
2005-06-29 08:58:00,1.20482,1.20492,1.20482,1.20482,34
2005-06-29 08:59:00,1.20472,1.20482,1.20472,1.20482,45
2005-06-29 09:00:00,1.20472,1.20472,1.20472,1.20472,26
2005-06-29 09:01:00,1.20512,1.20512,1.20472,1.20472,50
2005-06-29 09:02:00,1.20522,1.20522,1.20502,1.20512,48
2005-06-29 09:03:00,1.20512,1.20522,1.20512,1.20522,43
2005-06-29 09:04:00,1.20522,1.20532,1.20502,1.20512,43
2005-06-29 09:05:00,1.20532,1.20542,1.20522,1.20522,38
2005-06-29 09:06:00,1.20522,1.20532,1.20522,1.20532,44
2005-06-29 09:07:00,1.20532,1.20532,1.20522,1.20522,37
2005-06-29 09:08:00,1.20532,1.20532,1.20522,1.20532,38
2005-06-29 09:09:00,1.20522,1.20532,1.20522,1.20532,33
2005-06-29 09:10:00,1.20532,1.20532,1.20522,1.20522,28
2005-06-29 09:11:00,1.20542,1.20542,1.20522,1.20532,45
2005-06-29 09:12:00,1.20542,1.20562,1.20532,1.20532,48
2005-06-29 09:13:00,1.20582,1.20592,1.20542,1.20542,47
2005-06-29 09:14:00,1.20602,1.20622,1.20572,1.20582,58
2005-06-29 09:15:00,1.20612,1.20642,1.20592,1.20592,60
2005-06-29 09:16:00,1.20642,1.20642,1.20612,1.20612,47
2005-06-29 09:17:00,1.20622,1.20662,1.20622,1.20642,47
2005-06-29 09:18:00,1.20592,1.20622,1.20592,1.20612,53
2005-06-29 09:19:00,1.20592,1.20612,1.20582,1.20592,43
2005-06-29 09:20:00,1.20592,1.20602,1.20582,1.20592,58
2005-06-29 09:21:00,1.20588,1.20598,1.20582,1.20582,46
2005-06-29 09:22:00,1.20588,1.20588,1.20578,1.20588,39
2005-06-29 09:23:00,1.20598,1.20608,1.20588,1.20588,43
2005-06-29 09:24:00,1.20568,1.20598,1.20568,1.20598,47
2005-06-29 09:25:00,1.20548,1.20568,1.20538,1.20568,54
2005-06-29 09:26:00,1.20558,1.20568,1.20548,1.20548,47
2005-06-29 09:27:00,1.20578,1.20578,1.20558,1.20558,43
2005-06-29 09:28:00,1.20548,1.20588,1.20538,1.20588,52
2005-06-29 09:29:00,1.20548,1.20568,1.20548,1.20548,47
2005-06-29 09:30:00,1.20558,1.20558,1.20538,1.20538,55
2005-06-29 09:31:00,1.20568,1.20578,1.20558,1.20558,45
2005-06-29 09:32:00,1.20568,1.20568,1.20558,1.20568,34
2005-06-29 09:33:00,1.20568,1.20578,1.20558,1.20568,50
2005-06-29 09:34:00,1.20548,1.20578,1.20548,1.20568,47
2005-06-29 09:35:00,1.20558,1.20558,1.20548,1.20548,38
2005-06-29 09:36:00,1.20548,1.20568,1.20548,1.20558,51
2005-06-29 09:37:00,1.20578,1.20578,1.20548,1.20548,46
2005-06-29 09:38:00,1.20588,1.20588,1.20558,1.20578,51
2005-06-29 09:39:00,1.20598,1.20608,1.20588,1.20588,54
2005-06-29 09:40:00,1.20588,1.20598,1.20588,1.20598,43
2005-06-29 09:41:00,1.20578,1.20588,1.20578,1.20588,46
2005-06-29 09:42:00,1.20578,1.20588,1.20578,1.20578,38
2005-06-29 09:43:00,1.20588,1.20588,1.20578,1.20578,40
2005-06-29 09:44:00,1.20598,1.20608,1.20588,1.20588,41
2005-06-29 09:45:00,1.20598,1.20608,1.20598,1.20598,45
2005-06-29 09:46:00,1.20608,1.20618,1.20588,1.20598,57
2005-06-29 09:47:00,1.20598,1.20618,1.20588,1.20618,49
2005-06-29 09:48:00,1.20588,1.20598,1.20588,1.20598,39
2005-06-29 09:49:00,1.20578,1.20588,1.20578,1.20588,46
2005-06-29 09:50:00,1.20588,1.20588,1.20578,1.20578,47
2005-06-29 09:51:00,1.20588,1.20588,1.20578,1.20588,38
2005-06-29 09:52:00,1.20578,1.20598,1.20578,1.20588,33
2005-06-29 09:53:00,1.20578,1.20588,1.20578,1.20578,36
2005-06-29 09:54:00,1.20568,1.20578,1.20558,1.20578,41
2005-06-29 09:55:00,1.20558,1.20578,1.20558,1.20568,39
2005-06-29 09:56:00,1.20558,1.20568,1.20558,1.20558,40
2005-06-29 09:57:00,1.20558,1.20568,1.20548,1.20558,32
2005-06-29 09:58:00,1.20578,1.20578,1.20558,1.20558,47
2005-06-29 09:59:00,1.20578,1.20578,1.20568,1.20578,45
2005-06-29 10:00:00,1.20588,1.20588,1.20558,1.20578,54
2005-06-29 10:01:00,1.20588,1.20598,1.20588,1.20598,48
2005-06-29 10:02:00,1.20608,1.20618,1.20588,1.20588,54
2005-06-29 10:03:00,1.20628,1.20648,1.20608,1.20618,52
2005-06-29 10:04:00,1.20598,1.20628,1.20598,1.20628,48
2005-06-29 10:05:00,1.20578,1.20598,1.20578,1.20598,47
2005-06-29 10:06:00,1.20588,1.20598,1.20578,1.20578,54
2005-06-29 10:07:00,1.20598,1.20598,1.20578,1.20588,47
2005-06-29 10:08:00,1.20638,1.20648,1.20598,1.20598,48
2005-06-29 10:09:00,1.20618,1.20668,1.20618,1.20638,49
2005-06-29 10:10:00,1.20628,1.20628,1.20608,1.20618,48
2005-06-29 10:11:00,1.20638,1.20638,1.20628,1.20628,48
2005-06-29 10:12:00,1.20628,1.20638,1.20628,1.20638,55
2005-06-29 10:13:00,1.20628,1.20638,1.20628,1.20628,43
2005-06-29 10:14:00,1.20628,1.20638,1.20628,1.20628,43
2005-06-29 10:15:00,1.20628,1.20628,1.20618,1.20628,38
2005-06-29 10:16:00,1.20638,1.20658,1.20628,1.20628,44
2005-06-29 10:17:00,1.20718,1.20728,1.20638,1.20638,58
2005-06-29 10:18:00,1.20728,1.20748,1.20708,1.20708,58
2005-06-29 10:19:00,1.20718,1.20728,1.20708,1.20728,50
2005-06-29 10:20:00,1.20698,1.20718,1.20698,1.20718,46
2005-06-29 10:21:00,1.20718,1.20718,1.20688,1.20698,43
2005-06-29 10:22:00,1.20708,1.20718,1.20708,1.20718,57
2005-06-29 10:23:00,1.20718,1.20718,1.20708,1.20708,49
2005-06-29 10:24:00,1.20728,1.20748,1.20718,1.20718,45
2005-06-29 10:25:00,1.20738,1.20738,1.20728,1.20728,36
2005-06-29 10:26:00,1.20728,1.20738,1.20728,1.20738,37
2005-06-29 10:27:00,1.20718,1.20738,1.20708,1.20728,43
2005-06-29 10:28:00,1.20718,1.20728,1.20718,1.20718,39
2005-06-29 10:29:00,1.20728,1.20728,1.20718,1.20718,43
2005-06-29 10:30:00,1.20758,1.20768,1.20728,1.20728,46
2005-06-29 10:31:00,1.20768,1.20778,1.20748,1.20748,58
2005-06-29 10:32:00,1.20758,1.20778,1.20758,1.20768,40
2005-06-29 10:33:00,1.20738,1.20768,1.20738,1.20758,49
2005-06-29 10:34:00,1.20738,1.20748,1.20728,1.20738,43
2005-06-29 10:35:00,1.20738,1.20748,1.20738,1.20738,43
2005-06-29 10:36:00,1.20728,1.20748,1.20728,1.20738,37
2005-06-29 10:37:00,1.20718,1.20728,1.20718,1.20728,40
2005-06-29 10:38:00,1.20708,1.20718,1.20708,1.20718,38
2005-06-29 10:39:00,1.20728,1.20738,1.20708,1.20708,48
2005-06-29 10:40:00,1.20728,1.20738,1.20728,1.20728,28
2005-06-29 10:41:00,1.20728,1.20728,1.20718,1.20728,39
2005-06-29 10:42:00,1.20728,1.20738,1.20728,1.20738,44
2005-06-29 10:43:00,1.20708,1.20728,1.20708,1.20728,38
2005-06-29 10:44:00,1.20688,1.20708,1.20678,1.20708,47
2005-06-29 10:45:00,1.20668,1.20688,1.20668,1.20688,49
2005-06-29 10:46:00,1.20678,1.20678,1.20668,1.20668,44
2005-06-29 10:47:00,1.20638,1.20678,1.20638,1.20678,53
2005-06-29 10:48:00,1.20608,1.20638,1.20608,1.20638,53
2005-06-29 10:49:00,1.20628,1.20628,1.20608,1.20608,43
2005-06-29 10:50:00,1.20618,1.20618,1.20608,1.20618,46
2005-06-29 10:51:00,1.20628,1.20628,1.20608,1.20618,47
2005-06-29 10:52:00,1.20608,1.20628,1.20608,1.20628,39
2005-06-29 10:53:00,1.20618,1.20618,1.20608,1.20618,42
2005-06-29 10:54:00,1.20628,1.20628,1.20618,1.20618,34
2005-06-29 10:55:00,1.20628,1.20638,1.20608,1.20628,45
2005-06-29 10:56:00,1.20618,1.20628,1.20618,1.20628,30
2005-06-29 10:57:00,1.20628,1.20628,1.20618,1.20618,38
2005-06-29 10:58:00,1.20608,1.20628,1.20608,1.20628,35
2005-06-29 10:59:00,1.20608,1.20618,1.20608,1.20608,46
2005-06-29 11:00:00,1.20628,1.20628,1.20608,1.20608,47
2005-06-29 11:01:00,1.20628,1.20628,1.20628,1.20628,36
2005-06-29 11:02:00,1.20648,1.20648,1.20628,1.20628,25
2005-06-29 11:03:00,1.20648,1.20648,1.20638,1.20648,47
2005-06-29 11:04:00,1.20638,1.20648,1.20628,1.20648,52
2005-06-29 11:05:00,1.20638,1.20638,1.20638,1.20638,31
2005-06-29 11:06:00,1.20628,1.20638,1.20628,1.20638,45
2005-06-29 11:07:00,1.20628,1.20628,1.20628,1.20628,29
2005-06-29 11:08:00,1.20618,1.20628,1.20618,1.20628,38
2005-06-29 11:09:00,1.20668,1.20668,1.20618,1.20618,47
2005-06-29 11:10:00,1.20648,1.20668,1.20648,1.20668,45
2005-06-29 11:11:00,1.20608,1.20648,1.20608,1.20648,42
2005-06-29 11:12:00,1.20588,1.20598,1.20568,1.20598,50
2005-06-29 11:13:00,1.20558,1.20588,1.20558,1.20588,53
2005-06-29 11:14:00,1.20588,1.20588,1.20558,1.20558,45
2005-06-29 11:15:00,1.20588,1.20598,1.20578,1.20588,47
2005-06-29 11:16:00,1.20568,1.20588,1.20558,1.20578,45
2005-06-29 11:17:00,1.20558,1.20568,1.20548,1.20568,39
2005-06-29 11:18:00,1.20538,1.20568,1.20538,1.20558,42
2005-06-29 11:19:00,1.20538,1.20548,1.20528,1.20538,46
2005-06-29 11:20:00,1.20528,1.20548,1.20508,1.20538,48
2005-06-29 11:21:00,1.20528,1.20538,1.20528,1.20528,41
2005-06-29 11:22:00,1.20528,1.20538,1.20528,1.20528,38
2005-06-29 11:23:00,1.20548,1.20558,1.20528,1.20528,35
2005-06-29 11:24:00,1.20548,1.20558,1.20548,1.20548,45
2005-06-29 11:25:00,1.20558,1.20558,1.20528,1.20548,46
2005-06-29 11:26:00,1.20578,1.20578,1.20548,1.20548,49
2005-06-29 11:27:00,1.20578,1.20578,1.20568,1.20578,40
2005-06-29 11:28:00,1.20608,1.20608,1.20578,1.20578,43
2005-06-29 11:29:00,1.20578,1.20608,1.20568,1.20608,60
2005-06-29 11:30:00,1.20598,1.20598,1.20568,1.20578,55
2005-06-29 11:31:00,1.20608,1.20618,1.20598,1.20608,57
2005-06-29 11:32:00,1.20588,1.20618,1.20588,1.20608,51
2005-06-29 11:33:00,1.20588,1.20608,1.20588,1.20588,50
2005-06-29 11:34:00,1.20598,1.20608,1.20588,1.20588,52
2005-06-29 11:35:00,1.20588,1.20608,1.20588,1.20598,45
2005-06-29 11:36:00,1.20608,1.20608,1.20588,1.20588,38
2005-06-29 11:37:00,1.20588,1.20618,1.20578,1.20608,51
2005-06-29 11:38:00,1.20578,1.20578,1.20558,1.20578,56
2005-06-29 11:39:00,1.20588,1.20608,1.20578,1.20578,52
2005-06-29 11:40:00,1.20588,1.20598,1.20588,1.20588,45
2005-06-29 11:41:00,1.20578,1.20598,1.20578,1.20588,41
2005-06-29 11:42:00,1.20598,1.20598,1.20578,1.20578,39
2005-06-29 11:43:00,1.20598,1.20598,1.20598,1.20598,40
2005-06-29 11:44:00,1.20578,1.20598,1.20578,1.20598,45
2005-06-29 11:45:00,1.20588,1.20598,1.20578,1.20578,47
2005-06-29 11:46:00,1.20578,1.20588,1.20578,1.20588,42
2005-06-29 11:47:00,1.20568,1.20578,1.20568,1.20578,33
2005-06-29 11:48:00,1.20568,1.20568,1.20538,1.20568,43
2005-06-29 11:49:00,1.20568,1.20578,1.20568,1.20568,53
2005-06-29 11:50:00,1.20578,1.20578,1.20568,1.20568,36
2005-06-29 11:51:00,1.20588,1.20588,1.20578,1.20578,42
2005-06-29 11:52:00,1.20578,1.20588,1.20578,1.20588,38
2005-06-29 11:53:00,1.20558,1.20588,1.20558,1.20578,47
2005-06-29 11:54:00,1.20548,1.20568,1.20548,1.20548,56
2005-06-29 11:55:00,1.20548,1.20558,1.20538,1.20548,48
2005-06-29 11:56:00,1.20518,1.20548,1.20518,1.20548,50
2005-06-29 11:57:00,1.20518,1.20528,1.20518,1.20528,43
2005-06-29 11:58:00,1.20518,1.20528,1.20508,1.20518,41
2005-06-29 11:59:00,1.20478,1.20528,1.20458,1.20528,57
2005-06-29 12:00:00,1.20488,1.20488,1.20468,1.20478,55
2005-06-29 12:01:00,1.20498,1.20498,1.20488,1.20488,37
2005-06-29 12:02:00,1.20518,1.20528,1.20498,1.20508,45
2005-06-29 12:03:00,1.20538,1.20538,1.20518,1.20518,54
2005-06-29 12:04:00,1.20518,1.20538,1.20518,1.20538,43
2005-06-29 12:05:00,1.20528,1.20538,1.20518,1.20518,42
2005-06-29 12:06:00,1.20568,1.20568,1.20528,1.20528,45
2005-06-29 12:07:00,1.20538,1.20578,1.20538,1.20568,49
2005-06-29 12:08:00,1.20548,1.20548,1.20538,1.20548,39
2005-06-29 12:09:00,1.20548,1.20548,1.20538,1.20548,40
2005-06-29 12:10:00,1.20538,1.20548,1.20538,1.20548,47
2005-06-29 12:11:00,1.20528,1.20538,1.20518,1.20538,43
2005-06-29 12:12:00,1.20528,1.20538,1.20528,1.20528,38
2005-06-29 12:13:00,1.20528,1.20528,1.20528,1.20528,35
2005-06-29 12:14:00,1.20548,1.20548,1.20518,1.20528,39
2005-06-29 12:15:00,1.20538,1.20548,1.20538,1.20548,42
2005-06-29 12:16:00,1.20548,1.20548,1.20528,1.20538,45
2005-06-29 12:17:00,1.20568,1.20568,1.20538,1.20548,48
2005-06-29 12:18:00,1.20558,1.20568,1.20558,1.20568,48
2005-06-29 12:19:00,1.20548,1.20558,1.20538,1.20558,51
2005-06-29 12:20:00,1.20538,1.20548,1.20528,1.20548,56
2005-06-29 12:21:00,1.20548,1.20548,1.20528,1.20538,48
2005-06-29 12:22:00,1.20548,1.20548,1.20538,1.20548,35
2005-06-29 12:23:00,1.20528,1.20552,1.20528,1.20548,47
2005-06-29 12:24:00,1.20528,1.20538,1.20528,1.20538,46
2005-06-29 12:25:00,1.20528,1.20538,1.20528,1.20528,47
2005-06-29 12:26:00,1.20538,1.20538,1.20528,1.20528,49
2005-06-29 12:27:00,1.20548,1.20548,1.20538,1.20538,32
2005-06-29 12:28:00,1.20538,1.20548,1.20538,1.20548,39
2005-06-29 12:29:00,1.20552,1.20572,1.20538,1.20538,48
2005-06-29 12:30:00,1.20537,1.20582,1.20517,1.20552,64
2005-06-29 12:31:00,1.20547,1.20557,1.20517,1.20537,58
2005-06-29 12:32:00,1.20572,1.20582,1.20532,1.20547,62
2005-06-29 12:33:00,1.20582,1.20592,1.20572,1.20572,55
2005-06-29 12:34:00,1.20582,1.20602,1.20582,1.20582,59
2005-06-29 12:35:00,1.20592,1.20602,1.20582,1.20582,50
2005-06-29 12:36:00,1.20572,1.20592,1.20572,1.20592,45
2005-06-29 12:37:00,1.20592,1.20592,1.20572,1.20572,44
2005-06-29 12:38:00,1.20562,1.20592,1.20562,1.20592,51
2005-06-29 12:39:00,1.20562,1.20562,1.20542,1.20562,48
2005-06-29 12:40:00,1.20552,1.20562,1.20552,1.20562,51
2005-06-29 12:41:00,1.20562,1.20582,1.20552,1.20562,49
2005-06-29 12:42:00,1.20562,1.20572,1.20542,1.20552,47
2005-06-29 12:43:00,1.20552,1.20562,1.20542,1.20562,36
2005-06-29 12:44:00,1.20532,1.20552,1.20532,1.20542,55
2005-06-29 12:45:00,1.20512,1.20532,1.20492,1.20532,49
2005-06-29 12:46:00,1.20502,1.20512,1.20492,1.20512,40
2005-06-29 12:47:00,1.20512,1.20512,1.20502,1.20502,42
2005-06-29 12:48:00,1.20502,1.20512,1.20482,1.20512,57
2005-06-29 12:49:00,1.20482,1.20502,1.20482,1.20502,43
2005-06-29 12:50:00,1.20482,1.20482,1.20462,1.20482,43
2005-06-29 12:51:00,1.20472,1.20482,1.20472,1.20482,45
2005-06-29 12:52:00,1.20482,1.20492,1.20472,1.20472,46
2005-06-29 12:53:00,1.20482,1.20492,1.20472,1.20482,46
2005-06-29 12:54:00,1.20462,1.20482,1.20462,1.20482,49
2005-06-29 12:55:00,1.20462,1.20462,1.20452,1.20452,45
2005-06-29 12:56:00,1.20452,1.20462,1.20432,1.20462,41
2005-06-29 12:57:00,1.20442,1.20452,1.20432,1.20452,45
2005-06-29 12:58:00,1.20422,1.20442,1.20422,1.20442,39
2005-06-29 12:59:00,1.20432,1.20432,1.20412,1.20422,47
2005-06-29 13:00:00,1.20428,1.20432,1.20422,1.20432,53
2005-06-29 13:01:00,1.20438,1.20438,1.20428,1.20428,47
2005-06-29 13:02:00,1.20418,1.20448,1.20408,1.20438,46
2005-06-29 13:03:00,1.20418,1.20428,1.20418,1.20418,33
2005-06-29 13:04:00,1.20428,1.20438,1.20418,1.20418,46
2005-06-29 13:05:00,1.20428,1.20448,1.20428,1.20428,52
2005-06-29 13:06:00,1.20418,1.20438,1.20418,1.20438,43
2005-06-29 13:07:00,1.20408,1.20428,1.20408,1.20418,41
2005-06-29 13:08:00,1.20398,1.20418,1.20388,1.20408,55
2005-06-29 13:09:00,1.20408,1.20418,1.20398,1.20398,49
2005-06-29 13:10:00,1.20428,1.20428,1.20408,1.20408,42
2005-06-29 13:11:00,1.20378,1.20428,1.20378,1.20428,59
2005-06-29 13:12:00,1.20338,1.20388,1.20338,1.20388,54
2005-06-29 13:13:00,1.20338,1.20348,1.20318,1.20338,52
2005-06-29 13:14:00,1.20338,1.20348,1.20328,1.20338,52
2005-06-29 13:15:00,1.20338,1.20348,1.20318,1.20338,48
2005-06-29 13:16:00,1.20328,1.20348,1.20328,1.20338,52
2005-06-29 13:17:00,1.20338,1.20348,1.20328,1.20338,47
2005-06-29 13:18:00,1.20368,1.20368,1.20328,1.20338,51
2005-06-29 13:19:00,1.20368,1.20378,1.20358,1.20368,47
2005-06-29 13:20:00,1.20368,1.20378,1.20358,1.20368,46
2005-06-29 13:21:00,1.20378,1.20378,1.20368,1.20368,38
2005-06-29 13:22:00,1.20358,1.20378,1.20348,1.20378,46
2005-06-29 13:23:00,1.20368,1.20368,1.20358,1.20358,49
2005-06-29 13:24:00,1.20378,1.20378,1.20368,1.20368,34
2005-06-29 13:25:00,1.20358,1.20378,1.20358,1.20378,54
2005-06-29 13:26:00,1.20398,1.20398,1.20358,1.20368,48
2005-06-29 13:27:00,1.20398,1.20398,1.20378,1.20398,48
2005-06-29 13:28:00,1.20428,1.20428,1.20398,1.20398,51
2005-06-29 13:29:00,1.20438,1.20438,1.20418,1.20428,48
2005-06-29 13:30:00,1.20442,1.20442,1.20422,1.20428,53
2005-06-29 13:31:00,1.20432,1.20442,1.20432,1.20442,47
2005-06-29 13:32:00,1.20432,1.20432,1.20422,1.20432,47
2005-06-29 13:33:00,1.20422,1.20442,1.20412,1.20432,50
2005-06-29 13:34:00,1.20442,1.20442,1.20412,1.20422,55
2005-06-29 13:35:00,1.20442,1.20442,1.20432,1.20442,39
2005-06-29 13:36:00,1.20432,1.20442,1.20432,1.20442,34
2005-06-29 13:37:00,1.20412,1.20432,1.20412,1.20432,37
2005-06-29 13:38:00,1.20412,1.20412,1.20402,1.20412,44
2005-06-29 13:39:00,1.20432,1.20442,1.20412,1.20412,44
2005-06-29 13:40:00,1.20422,1.20432,1.20412,1.20432,53
2005-06-29 13:41:00,1.20422,1.20422,1.20412,1.20422,50
2005-06-29 13:42:00,1.20412,1.20422,1.20412,1.20422,35
2005-06-29 13:43:00,1.20422,1.20422,1.20412,1.20412,37
2005-06-29 13:44:00,1.20432,1.20432,1.20402,1.20422,42
2005-06-29 13:45:00,1.20412,1.20432,1.20402,1.20432,44
2005-06-29 13:46:00,1.20422,1.20422,1.20412,1.20412,39
2005-06-29 13:47:00,1.20372,1.20422,1.20372,1.20422,44
2005-06-29 13:48:00,1.20362,1.20382,1.20352,1.20372,53
2005-06-29 13:49:00,1.20362,1.20372,1.20352,1.20362,49
2005-06-29 13:50:00,1.20362,1.20362,1.20342,1.20362,52
2005-06-29 13:51:00,1.20342,1.20372,1.20342,1.20362,40
2005-06-29 13:52:00,1.20362,1.20372,1.20342,1.20352,53
2005-06-29 13:53:00,1.20392,1.20402,1.20362,1.20362,46
2005-06-29 13:54:00,1.20402,1.20412,1.20392,1.20392,46
2005-06-29 13:55:00,1.20392,1.20422,1.20392,1.20402,51
2005-06-29 13:56:00,1.20392,1.20392,1.20382,1.20392,42
2005-06-29 13:57:00,1.20382,1.20392,1.20372,1.20392,44
2005-06-29 13:58:00,1.20402,1.20412,1.20382,1.20382,47
2005-06-29 13:59:00,1.20392,1.20402,1.20382,1.20402,45
2005-06-29 14:00:00,1.20432,1.20442,1.20382,1.20382,52
2005-06-29 14:01:00,1.20442,1.20462,1.20432,1.20432,51
2005-06-29 14:02:00,1.20392,1.20442,1.20392,1.20442,49
2005-06-29 14:03:00,1.20422,1.20422,1.20382,1.20392,48
2005-06-29 14:04:00,1.20422,1.20422,1.20402,1.20422,58
2005-06-29 14:05:00,1.20392,1.20422,1.20392,1.20422,59
2005-06-29 14:06:00,1.20382,1.20392,1.20372,1.20392,54
2005-06-29 14:07:00,1.20382,1.20392,1.20372,1.20392,38
2005-06-29 14:08:00,1.20362,1.20382,1.20362,1.20382,40
2005-06-29 14:09:00,1.20352,1.20372,1.20352,1.20362,51
2005-06-29 14:10:00,1.20342,1.20352,1.20342,1.20352,53
2005-06-29 14:11:00,1.20342,1.20342,1.20332,1.20342,40
2005-06-29 14:12:00,1.20342,1.20342,1.20322,1.20342,52
2005-06-29 14:13:00,1.20312,1.20342,1.20312,1.20342,45
2005-06-29 14:14:00,1.20322,1.20332,1.20312,1.20312,50
2005-06-29 14:15:00,1.20292,1.20322,1.20282,1.20322,53
2005-06-29 14:16:00,1.20282,1.20292,1.20282,1.20282,45
2005-06-29 14:17:00,1.20312,1.20312,1.20272,1.20282,40
2005-06-29 14:18:00,1.20312,1.20332,1.20302,1.20312,44
2005-06-29 14:19:00,1.20292,1.20322,1.20292,1.20312,52
2005-06-29 14:20:00,1.20212,1.20292,1.20202,1.20292,54
2005-06-29 14:21:00,1.20168,1.20212,1.20152,1.20212,55
2005-06-29 14:22:00,1.20228,1.20228,1.20168,1.20168,61
2005-06-29 14:23:00,1.20218,1.20228,1.20188,1.20228,44
2005-06-29 14:24:00,1.20238,1.20238,1.20218,1.20228,43
2005-06-29 14:25:00,1.20258,1.20278,1.20248,1.20248,52
2005-06-29 14:26:00,1.20248,1.20258,1.20238,1.20258,47
2005-06-29 14:27:00,1.20268,1.20268,1.20242,1.20248,48
2005-06-29 14:28:00,1.20258,1.20268,1.20248,1.20268,53
2005-06-29 14:29:00,1.20258,1.20288,1.20248,1.20248,48
2005-06-29 14:30:00,1.20218,1.20268,1.20218,1.20258,47
2005-06-29 14:31:00,1.20248,1.20248,1.20218,1.20228,53
2005-06-29 14:32:00,1.20248,1.20248,1.20228,1.20248,49
2005-06-29 14:33:00,1.20228,1.20278,1.20228,1.20248,45
2005-06-29 14:34:00,1.20258,1.20268,1.20228,1.20228,57
2005-06-29 14:35:00,1.20248,1.20258,1.20228,1.20258,44
2005-06-29 14:36:00,1.20258,1.20268,1.20238,1.20248,48
2005-06-29 14:37:00,1.20358,1.20368,1.20258,1.20258,55
2005-06-29 14:38:00,1.20372,1.20402,1.20358,1.20358,66
2005-06-29 14:39:00,1.20412,1.20432,1.20352,1.20362,55
2005-06-29 14:40:00,1.20452,1.20472,1.20402,1.20422,53
2005-06-29 14:41:00,1.20542,1.20542,1.20442,1.20452,59
2005-06-29 14:42:00,1.20622,1.20662,1.20542,1.20542,68
2005-06-29 14:43:00,1.20532,1.20632,1.20532,1.20622,56
2005-06-29 14:44:00,1.20532,1.20552,1.20502,1.20532,52
2005-06-29 14:45:00,1.20522,1.20532,1.20482,1.20532,59
2005-06-29 14:46:00,1.20618,1.20618,1.20522,1.20522,55
2005-06-29 14:47:00,1.20642,1.20658,1.20612,1.20628,58
2005-06-29 14:48:00,1.20672,1.20722,1.20622,1.20642,61
2005-06-29 14:49:00,1.20642,1.20672,1.20642,1.20672,60
2005-06-29 14:50:00,1.20612,1.20642,1.20582,1.20642,50
2005-06-29 14:51:00,1.20642,1.20652,1.20602,1.20602,57
2005-06-29 14:52:00,1.20662,1.20702,1.20632,1.20642,61
2005-06-29 14:53:00,1.20642,1.20682,1.20642,1.20662,55
2005-06-29 14:54:00,1.20632,1.20652,1.20622,1.20642,51
2005-06-29 14:55:00,1.20612,1.20642,1.20602,1.20632,53
2005-06-29 14:56:00,1.20632,1.20632,1.20602,1.20612,49
2005-06-29 14:57:00,1.20612,1.20622,1.20592,1.20622,45
2005-06-29 14:58:00,1.20642,1.20652,1.20612,1.20612,46
2005-06-29 14:59:00,1.20682,1.20682,1.20642,1.20642,56
2005-06-29 15:00:00,1.20692,1.20722,1.20682,1.20682,63
2005-06-29 15:01:00,1.20712,1.20712,1.20672,1.20692,48
2005-06-29 15:02:00,1.20722,1.20752,1.20692,1.20712,46
2005-06-29 15:03:00,1.2091,1.2091,1.20722,1.20722,62
2005-06-29 15:04:00,1.20876,1.2093,1.20856,1.2091,68
2005-06-29 15:05:00,1.20886,1.20886,1.20826,1.20876,49
2005-06-29 15:06:00,1.20876,1.20916,1.20856,1.20886,61
2005-06-29 15:07:00,1.2086,1.20876,1.2083,1.20876,55
2005-06-29 15:08:00,1.2083,1.2086,1.2083,1.2086,50
2005-06-29 15:09:00,1.2081,1.2083,1.2081,1.2083,46
2005-06-29 15:10:00,1.2083,1.2084,1.208,1.2081,49
2005-06-29 15:11:00,1.2075,1.2082,1.2075,1.2082,57
2005-06-29 15:12:00,1.2072,1.2076,1.2071,1.2076,48
2005-06-29 15:13:00,1.2073,1.2074,1.2071,1.2072,58
2005-06-29 15:14:00,1.2076,1.2076,1.2071,1.2073,54
2005-06-29 15:15:00,1.2074,1.2076,1.2072,1.2076,60
2005-06-29 15:16:00,1.2077,1.2077,1.2075,1.2075,53
2005-06-29 15:17:00,1.20778,1.20808,1.20778,1.2078,51
2005-06-29 15:18:00,1.20778,1.20798,1.20768,1.20778,52
2005-06-29 15:19:00,1.20788,1.20818,1.20758,1.20788,60
2005-06-29 15:20:00,1.20772,1.20798,1.20762,1.20798,49
2005-06-29 15:21:00,1.20762,1.20782,1.20762,1.20772,55
2005-06-29 15:22:00,1.20782,1.20802,1.20752,1.20762,56
2005-06-29 15:23:00,1.20802,1.20852,1.20772,1.20782,57
2005-06-29 15:24:00,1.20792,1.20812,1.20772,1.20802,54
2005-06-29 15:25:00,1.20872,1.20872,1.20792,1.20792,52
2005-06-29 15:26:00,1.20862,1.20892,1.20862,1.20872,45
2005-06-29 15:27:00,1.20872,1.20882,1.20862,1.20862,38
2005-06-29 15:28:00,1.20842,1.20882,1.20842,1.20872,39
2005-06-29 15:29:00,1.20892,1.20892,1.20842,1.20842,55
2005-06-29 15:30:00,1.20882,1.20902,1.20872,1.20882,52
2005-06-29 15:31:00,1.20882,1.20912,1.20862,1.20882,58
2005-06-29 15:32:00,1.20852,1.20892,1.20852,1.20892,51
2005-06-29 15:33:00,1.20832,1.20852,1.20822,1.20852,55
2005-06-29 15:34:00,1.20822,1.20832,1.20802,1.20832,51
2005-06-29 15:35:00,1.20832,1.20842,1.20812,1.20812,53
2005-06-29 15:36:00,1.20892,1.20892,1.20822,1.20832,51
2005-06-29 15:37:00,1.20862,1.20892,1.20852,1.20892,52
2005-06-29 15:38:00,1.20872,1.20882,1.20862,1.20862,49
2005-06-29 15:39:00,1.20852,1.20882,1.20842,1.20872,44
2005-06-29 15:40:00,1.20872,1.20872,1.20842,1.20852,46
2005-06-29 15:41:00,1.20882,1.20892,1.20862,1.20872,50
2005-06-29 15:42:00,1.20872,1.20892,1.20872,1.20882,43
2005-06-29 15:43:00,1.20952,1.20952,1.20862,1.20862,62
2005-06-29 15:44:00,1.20942,1.20972,1.20942,1.20952,62
2005-06-29 15:45:00,1.20972,1.20982,1.20942,1.20952,49
2005-06-29 15:46:00,1.20972,1.20992,1.2096,1.20972,51
2005-06-29 15:47:00,1.21002,1.21012,1.20962,1.20982,54
2005-06-29 15:48:00,1.20982,1.21032,1.20972,1.21012,62
2005-06-29 15:49:00,1.21008,1.21008,1.20958,1.20982,58
2005-06-29 15:50:00,1.21078,1.21078,1.20968,1.21008,58
2005-06-29 15:51:00,1.21108,1.21118,1.21068,1.21088,69
2005-06-29 15:52:00,1.21048,1.21108,1.21048,1.21098,50
2005-06-29 15:53:00,1.21048,1.21078,1.21038,1.21048,50
2005-06-29 15:54:00,1.21028,1.21058,1.21028,1.21048,42
2005-06-29 15:55:00,1.21048,1.21058,1.21018,1.21028,53
2005-06-29 15:56:00,1.21012,1.21042,1.20992,1.21038,51
2005-06-29 15:57:00,1.20992,1.21022,1.20982,1.21012,55
2005-06-29 15:58:00,1.20992,1.21002,1.20972,1.20992,46
2005-06-29 15:59:00,1.20982,1.21012,1.20982,1.20992,55
2005-06-29 16:00:00,1.20978,1.21012,1.20978,1.20982,43
2005-06-29 16:01:00,1.21028,1.21028,1.20978,1.20978,44
2005-06-29 16:02:00,1.20968,1.21028,1.20968,1.21028,46
2005-06-29 16:03:00,1.20978,1.20988,1.20978,1.20978,43
2005-06-29 16:04:00,1.20958,1.20978,1.20948,1.20978,51
2005-06-29 16:05:00,1.20928,1.20968,1.20928,1.20958,52
2005-06-29 16:06:00,1.20938,1.20948,1.20928,1.20928,50
2005-06-29 16:07:00,1.20948,1.20948,1.20938,1.20938,27
2005-06-29 16:08:00,1.20938,1.20948,1.20578,1.20948,32
2005-06-29 16:09:00,1.20928,1.20938,1.20918,1.20938,36
2005-06-29 16:10:00,1.20918,1.20928,1.20918,1.20918,37
2005-06-29 16:11:00,1.20908,1.20918,1.20888,1.20918,43
2005-06-29 16:12:00,1.20878,1.20908,1.20868,1.20908,47
2005-06-29 16:13:00,1.20868,1.20878,1.20868,1.20878,34
2005-06-29 16:14:00,1.20818,1.20868,1.20808,1.20868,38
2005-06-29 16:15:00,1.20808,1.20828,1.20808,1.20828,41
2005-06-29 16:16:00,1.20778,1.20808,1.20778,1.20808,40
2005-06-29 16:17:00,1.20798,1.20798,1.20768,1.20778,42
2005-06-29 16:18:00,1.20808,1.20818,1.20798,1.20798,37
2005-06-29 16:19:00,1.20828,1.20828,1.20808,1.20808,44
2005-06-29 16:20:00,1.20848,1.20848,1.20828,1.20828,45
2005-06-29 16:21:00,1.20808,1.20848,1.20808,1.20848,37
2005-06-29 16:22:00,1.20758,1.20798,1.20758,1.20798,49
2005-06-29 16:23:00,1.20758,1.20768,1.20758,1.20758,41
2005-06-29 16:24:00,1.20778,1.20778,1.20758,1.20758,27
2005-06-29 16:25:00,1.20738,1.20778,1.20738,1.20778,35
2005-06-29 16:26:00,1.20748,1.20748,1.20738,1.20738,24
2005-06-29 16:27:00,1.20798,1.20798,1.20748,1.20748,52
2005-06-29 16:28:00,1.20778,1.20798,1.20778,1.20788,42
2005-06-29 16:29:00,1.20778,1.20778,1.20768,1.20778,41
2005-06-29 16:30:00,1.20788,1.20788,1.20768,1.20778,51
2005-06-29 16:31:00,1.20788,1.20798,1.20778,1.20788,42
2005-06-29 16:32:00,1.20788,1.20788,1.20778,1.20788,33
2005-06-29 16:33:00,1.20788,1.20788,1.20778,1.20788,31
2005-06-29 16:34:00,1.20792,1.20792,1.20782,1.20788,27
2005-06-29 16:35:00,1.20792,1.20792,1.20782,1.20792,37
2005-06-29 16:36:00,1.20782,1.20792,1.20782,1.20792,34
2005-06-29 16:37:00,1.20782,1.20792,1.20782,1.20782,30
2005-06-29 16:38:00,1.20782,1.20792,1.20782,1.20782,20
2005-06-29 16:39:00,1.20782,1.20792,1.20772,1.20772,38
2005-06-29 16:40:00,1.20832,1.20832,1.20782,1.20782,38
2005-06-29 16:41:00,1.20852,1.20862,1.20832,1.20842,52
2005-06-29 16:42:00,1.20862,1.20862,1.20852,1.20852,37
2005-06-29 16:43:00,1.20832,1.20862,1.20832,1.20862,45
2005-06-29 16:44:00,1.20832,1.20842,1.20832,1.20832,29
2005-06-29 16:45:00,1.20822,1.20842,1.20822,1.20832,32
2005-06-29 16:46:00,1.20822,1.20832,1.20822,1.20822,31
2005-06-29 16:47:00,1.20812,1.20822,1.20812,1.20822,35
2005-06-29 16:48:00,1.20792,1.20812,1.20782,1.20812,43
2005-06-29 16:49:00,1.20802,1.20802,1.20792,1.20792,24
2005-06-29 16:50:00,1.20802,1.20802,1.20802,1.20802,16
2005-06-29 16:51:00,1.20812,1.20822,1.20802,1.20802,31
2005-06-29 16:52:00,1.20792,1.20812,1.20792,1.20812,32
2005-06-29 16:53:00,1.20792,1.20792,1.20782,1.20792,31
2005-06-29 16:54:00,1.20802,1.20802,1.20792,1.20792,32
2005-06-29 16:55:00,1.20802,1.20802,1.20792,1.20802,18
2005-06-29 16:56:00,1.20812,1.20812,1.20802,1.20802,21
2005-06-29 16:57:00,1.20812,1.20822,1.20812,1.20812,36
2005-06-29 16:58:00,1.20832,1.20832,1.20812,1.20812,32
2005-06-29 16:59:00,1.20872,1.20882,1.20832,1.20832,43
2005-06-29 17:00:00,1.20852,1.20872,1.20852,1.20862,41
2005-06-29 17:01:00,1.20852,1.20852,1.20852,1.20852,11
2005-06-29 17:02:00,1.20852,1.20852,1.20842,1.20842,32
2005-06-29 17:03:00,1.20852,1.20862,1.20852,1.20852,39
2005-06-29 17:04:00,1.20842,1.20852,1.20842,1.20852,30
2005-06-29 17:05:00,1.20862,1.20862,1.20842,1.20842,25
2005-06-29 17:06:00,1.20862,1.20862,1.20862,1.20862,15
2005-06-29 17:07:00,1.20842,1.20862,1.20842,1.20862,29
2005-06-29 17:08:00,1.20842,1.20842,1.20842,1.20842,13
2005-06-29 17:09:00,1.20842,1.20852,1.20832,1.20842,39
2005-06-29 17:10:00,1.20842,1.20842,1.20842,1.20842,11
2005-06-29 17:11:00,1.20842,1.20842,1.20842,1.20842,19
2005-06-29 17:12:00,1.20842,1.20842,1.20842,1.20842,20
2005-06-29 17:13:00,1.20842,1.20852,1.20832,1.20842,32
2005-06-29 17:14:00,1.20842,1.20852,1.20842,1.20842,32
2005-06-29 17:15:00,1.20852,1.20852,1.20842,1.20842,21
2005-06-29 17:16:00,1.20852,1.20862,1.20852,1.20852,26
2005-06-29 17:17:00,1.20862,1.20862,1.20852,1.20852,37
2005-06-29 17:18:00,1.20842,1.20862,1.20842,1.20862,34
2005-06-29 17:19:00,1.20862,1.20862,1.20842,1.20842,29
2005-06-29 17:20:00,1.20862,1.20862,1.20842,1.20862,40
2005-06-29 17:21:00,1.20862,1.20872,1.20862,1.20862,30
2005-06-29 17:22:00,1.20872,1.20882,1.20862,1.20862,34
2005-06-29 17:23:00,1.20882,1.20882,1.20862,1.20872,31
2005-06-29 17:24:00,1.20872,1.20882,1.20872,1.20882,39
2005-06-29 17:25:00,1.20872,1.20872,1.20872,1.20872,9
2005-06-29 17:26:00,1.20872,1.20872,1.20872,1.20872,11
2005-06-29 17:27:00,1.20882,1.20882,1.20872,1.20872,23
2005-06-29 17:28:00,1.20872,1.20872,1.20872,1.20872,20
2005-06-29 17:29:00,1.20872,1.20872,1.20872,1.20872,14
2005-06-29 17:30:00,1.20862,1.20872,1.20862,1.20872,32
2005-06-29 17:31:00,1.20852,1.20872,1.20852,1.20862,32
2005-06-29 17:32:00,1.20852,1.20852,1.20852,1.20852,21
2005-06-29 17:33:00,1.20832,1.20852,1.20832,1.20852,23
2005-06-29 17:34:00,1.20842,1.20842,1.20832,1.20832,31
2005-06-29 17:35:00,1.20842,1.20842,1.20842,1.20842,18
2005-06-29 17:36:00,1.20842,1.20842,1.20842,1.20842,13
2005-06-29 17:37:00,1.20842,1.20842,1.20842,1.20842,16
2005-06-29 17:38:00,1.20842,1.20852,1.20842,1.20842,20
2005-06-29 17:39:00,1.20822,1.20842,1.20822,1.20842,27
2005-06-29 17:40:00,1.20832,1.20832,1.20802,1.20822,47
2005-06-29 17:41:00,1.20832,1.20842,1.20822,1.20832,39
2005-06-29 17:42:00,1.20832,1.20842,1.20822,1.20822,35
2005-06-29 17:43:00,1.20832,1.20832,1.20822,1.20832,29
2005-06-29 17:44:00,1.20832,1.20842,1.20832,1.20832,27
2005-06-29 17:45:00,1.20832,1.20832,1.20832,1.20832,21
2005-06-29 17:46:00,1.20832,1.20832,1.20832,1.20832,19
2005-06-29 17:47:00,1.20832,1.20832,1.20832,1.20832,8
2005-06-29 17:48:00,1.20832,1.20832,1.20832,1.20832,9
2005-06-29 17:49:00,1.20832,1.20842,1.20832,1.20832,26
2005-06-29 17:50:00,1.20822,1.20842,1.20822,1.20842,35
2005-06-29 17:51:00,1.20822,1.20822,1.20822,1.20822,14
2005-06-29 17:52:00,1.20802,1.20832,1.20802,1.20832,35
2005-06-29 17:53:00,1.20782,1.20802,1.20782,1.20802,29
2005-06-29 17:54:00,1.20792,1.20792,1.20782,1.20782,37
2005-06-29 17:55:00,1.20802,1.20802,1.20792,1.20792,16
2005-06-29 17:56:00,1.20792,1.20802,1.20792,1.20802,18
2005-06-29 17:57:00,1.20792,1.20792,1.20792,1.20792,15
2005-06-29 17:58:00,1.20792,1.20792,1.20782,1.20792,18
2005-06-29 17:59:00,1.20792,1.20792,1.20782,1.20782,37
2005-06-29 18:00:00,1.20782,1.20792,1.20782,1.20792,18
2005-06-29 18:01:00,1.20782,1.20782,1.20772,1.20782,25
2005-06-29 18:02:00,1.20792,1.20792,1.20792,1.20792,23
2005-06-29 18:03:00,1.20792,1.20802,1.20792,1.20792,32
2005-06-29 18:04:00,1.20782,1.20792,1.20782,1.20792,21
2005-06-29 18:05:00,1.20802,1.20802,1.20782,1.20792,40
2005-06-29 18:06:00,1.20822,1.20822,1.20802,1.20802,41
2005-06-29 18:07:00,1.20822,1.20832,1.20812,1.20822,40
2005-06-29 18:08:00,1.20832,1.20832,1.20822,1.20822,33
2005-06-29 18:09:00,1.20832,1.20832,1.20822,1.20832,21
2005-06-29 18:10:00,1.20832,1.20832,1.20822,1.20832,27
2005-06-29 18:11:00,1.20832,1.20832,1.20822,1.20832,28
2005-06-29 18:12:00,1.20822,1.20832,1.20822,1.20822,22
2005-06-29 18:13:00,1.20822,1.20822,1.20822,1.20822,13
2005-06-29 18:14:00,1.20822,1.20832,1.20822,1.20822,31
2005-06-29 18:15:00,1.20832,1.20832,1.20822,1.20822,34
2005-06-29 18:16:00,1.20822,1.20832,1.20822,1.20832,40
2005-06-29 18:17:00,1.20822,1.20832,1.20822,1.20822,35
2005-06-29 18:18:00,1.20822,1.20822,1.20822,1.20822,19
2005-06-29 18:19:00,1.20822,1.20822,1.20822,1.20822,14
2005-06-29 18:20:00,1.20822,1.20822,1.20812,1.20822,28
2005-06-29 18:21:00,1.20782,1.20822,1.20782,1.20822,42
2005-06-29 18:22:00,1.20792,1.20802,1.20782,1.20782,37
2005-06-29 18:23:00,1.20792,1.20792,1.20792,1.20792,12
2005-06-29 18:24:00,1.20792,1.20802,1.20792,1.20792,13
2005-06-29 18:25:00,1.20792,1.20792,1.20792,1.20792,7
2005-06-29 18:26:00,1.20782,1.20792,1.20782,1.20792,24
2005-06-29 18:27:00,1.20792,1.20792,1.20782,1.20782,26
2005-06-29 18:28:00,1.20792,1.20792,1.20792,1.20792,25
2005-06-29 18:29:00,1.20792,1.20792,1.20782,1.20792,28
2005-06-29 18:30:00,1.20792,1.20792,1.20782,1.20792,24
2005-06-29 18:31:00,1.20792,1.20792,1.20782,1.20792,30
2005-06-29 18:32:00,1.20792,1.20792,1.20782,1.20792,22
2005-06-29 18:33:00,1.20792,1.20792,1.20782,1.20792,18
2005-06-29 18:34:00,1.20792,1.20792,1.20782,1.20782,17
2005-06-29 18:35:00,1.20792,1.20792,1.20792,1.20792,15
2005-06-29 18:36:00,1.20792,1.20792,1.20782,1.20792,27
2005-06-29 18:37:00,1.20792,1.20792,1.20782,1.20792,19
2005-06-29 18:38:00,1.20782,1.20792,1.20782,1.20792,16
2005-06-29 18:39:00,1.20782,1.20782,1.20772,1.20782,24
2005-06-29 18:40:00,1.20782,1.20782,1.20782,1.20782,7
2005-06-29 18:41:00,1.20782,1.20782,1.20782,1.20782,4
2005-06-29 18:42:00,1.20782,1.20782,1.20772,1.20782,20
2005-06-29 18:43:00,1.20782,1.20792,1.20782,1.20782,10
2005-06-29 18:44:00,1.20782,1.20782,1.20782,1.20782,8
2005-06-29 18:45:00,1.20772,1.20782,1.20772,1.20782,14
2005-06-29 18:46:00,1.20782,1.20782,1.20772,1.20772,13
2005-06-29 18:47:00,1.20782,1.20782,1.20782,1.20782,5
2005-06-29 18:48:00,1.20782,1.20782,1.20782,1.20782,6
2005-06-29 18:49:00,1.20782,1.20782,1.20772,1.20782,35
2005-06-29 18:50:00,1.20782,1.20782,1.20782,1.20782,3
2005-06-29 18:51:00,1.20782,1.20782,1.20782,1.20782,6
2005-06-29 18:52:00,1.20762,1.20782,1.20762,1.20782,23
2005-06-29 18:53:00,1.20772,1.20772,1.20752,1.20762,26
2005-06-29 18:54:00,1.20772,1.20772,1.20762,1.20762,31
2005-06-29 18:55:00,1.20772,1.20772,1.20752,1.20752,29
2005-06-29 18:56:00,1.20762,1.20772,1.20762,1.20772,28
2005-06-29 18:57:00,1.20762,1.20772,1.20762,1.20762,27
2005-06-29 18:58:00,1.20752,1.20772,1.20742,1.20772,26
2005-06-29 18:59:00,1.20742,1.20752,1.20732,1.20752,44
2005-06-29 19:00:00,1.20762,1.20782,1.20742,1.20742,48
2005-06-29 19:01:00,1.20762,1.20772,1.20762,1.20762,38
2005-06-29 19:02:00,1.20782,1.20782,1.20762,1.20762,36
2005-06-29 19:03:00,1.20772,1.20782,1.20772,1.20772,23
2005-06-29 19:04:00,1.20772,1.20782,1.20762,1.20772,40
2005-06-29 19:05:00,1.20782,1.20782,1.20772,1.20772,28
2005-06-29 19:06:00,1.20782,1.20792,1.20772,1.20782,41
2005-06-29 19:07:00,1.20772,1.20792,1.20772,1.20782,23
2005-06-29 19:08:00,1.20782,1.20782,1.20772,1.20772,9
2005-06-29 19:09:00,1.20772,1.20782,1.20772,1.20782,11
2005-06-29 19:10:00,1.20772,1.20772,1.20772,1.20772,11
2005-06-29 19:11:00,1.20762,1.20772,1.20762,1.20772,34
2005-06-29 19:12:00,1.20772,1.20772,1.20762,1.20762,12
2005-06-29 19:13:00,1.20772,1.20772,1.20772,1.20772,5
2005-06-29 19:14:00,1.20762,1.20772,1.20762,1.20772,4
2005-06-29 19:15:00,1.20742,1.20762,1.20742,1.20762,20
2005-06-29 19:16:00,1.20732,1.20742,1.20732,1.20742,33
2005-06-29 19:17:00,1.20732,1.20742,1.20722,1.20742,37
2005-06-29 19:18:00,1.20722,1.20732,1.20712,1.20732,39
2005-06-29 19:19:00,1.20732,1.20732,1.20712,1.20722,25
2005-06-29 19:20:00,1.20742,1.20742,1.20722,1.20732,27
2005-06-29 19:21:00,1.20752,1.20752,1.20732,1.20742,17
2005-06-29 19:22:00,1.20752,1.20752,1.20742,1.20742,20
2005-06-29 19:23:00,1.20762,1.20762,1.20742,1.20752,33
2005-06-29 19:24:00,1.20772,1.20772,1.20762,1.20762,35
2005-06-29 19:25:00,1.20772,1.20772,1.20762,1.20772,26
2005-06-29 19:26:00,1.20762,1.20772,1.20762,1.20772,14
2005-06-29 19:27:00,1.20752,1.20762,1.20752,1.20762,5
2005-06-29 19:28:00,1.20752,1.20752,1.20752,1.20752,14
2005-06-29 19:29:00,1.20742,1.20752,1.20742,1.20752,14
2005-06-29 19:30:00,1.20742,1.20742,1.20742,1.20742,11
2005-06-29 19:31:00,1.20752,1.20752,1.20742,1.20742,22
2005-06-29 19:32:00,1.20752,1.20752,1.20752,1.20752,9
2005-06-29 19:33:00,1.20742,1.20752,1.20742,1.20752,26
2005-06-29 19:34:00,1.20742,1.20742,1.20742,1.20742,5
2005-06-29 19:35:00,1.20742,1.20742,1.20742,1.20742,9
2005-06-29 19:36:00,1.20752,1.20752,1.20742,1.20742,11
2005-06-29 19:37:00,1.20742,1.20752,1.20742,1.20752,11
2005-06-29 19:38:00,1.20742,1.20742,1.20742,1.20742,13
2005-06-29 19:39:00,1.20742,1.20742,1.20742,1.20742,7
2005-06-29 19:40:00,1.20722,1.20742,1.20722,1.20732,36
2005-06-29 19:41:00,1.20672,1.20712,1.20672,1.20712,50
2005-06-29 19:42:00,1.20662,1.20682,1.20662,1.20672,33
2005-06-29 19:43:00,1.20662,1.20672,1.20662,1.20662,34
2005-06-29 19:44:00,1.20662,1.20672,1.20652,1.20662,37
2005-06-29 19:45:00,1.20672,1.20672,1.20662,1.20662,29
2005-06-29 19:46:00,1.20652,1.20672,1.20642,1.20672,35
2005-06-29 19:47:00,1.20652,1.20652,1.20632,1.20652,35
2005-06-29 19:48:00,1.20652,1.20652,1.20642,1.20642,26
2005-06-29 19:49:00,1.20652,1.20652,1.20632,1.20652,29
2005-06-29 19:50:00,1.20652,1.20652,1.20642,1.20652,26
2005-06-29 19:51:00,1.20622,1.20642,1.20622,1.20642,28
2005-06-29 19:52:00,1.20632,1.20652,1.20632,1.20632,41
2005-06-29 19:53:00,1.20622,1.20642,1.20612,1.20642,48
2005-06-29 19:54:00,1.20632,1.20632,1.20612,1.20622,44
2005-06-29 19:55:00,1.20642,1.20642,1.20632,1.20632,19
2005-06-29 19:56:00,1.20632,1.20652,1.20632,1.20642,48
2005-06-29 19:57:00,1.20632,1.20642,1.20632,1.20632,32
2005-06-29 19:58:00,1.20632,1.20632,1.20632,1.20632,10
2005-06-29 19:59:00,1.20642,1.20642,1.20632,1.20632,14
2005-06-29 20:00:00,1.20652,1.20652,1.20632,1.20642,25
2005-06-29 20:01:00,1.20642,1.20652,1.20642,1.20652,20
2005-06-29 20:02:00,1.20632,1.20652,1.20632,1.20642,27
2005-06-29 20:03:00,1.20632,1.20632,1.20622,1.20632,19
2005-06-29 20:04:00,1.20632,1.20632,1.20632,1.20632,2
2005-06-29 20:05:00,1.20632,1.20642,1.20632,1.20632,8
2005-06-29 20:06:00,1.20642,1.20652,1.20632,1.20632,9
2005-06-29 20:07:00,1.20632,1.20652,1.20632,1.20642,7
2005-06-29 20:08:00,1.20632,1.20642,1.20622,1.20622,12
2005-06-29 20:09:00,1.20622,1.20642,1.20622,1.20632,10
2005-06-29 20:10:00,1.20642,1.20642,1.20632,1.20632,10
2005-06-29 20:11:00,1.20642,1.20642,1.20632,1.20632,9
2005-06-29 20:12:00,1.20652,1.20652,1.20642,1.20652,4
2005-06-29 20:13:00,1.20652,1.20652,1.20642,1.20652,5
2005-06-29 20:14:00,1.20662,1.20662,1.20652,1.20652,11
2005-06-29 20:15:00,1.20652,1.20662,1.20642,1.20652,12
2005-06-29 20:16:00,1.20652,1.20662,1.20652,1.20652,10
2005-06-29 20:17:00,1.20662,1.20662,1.20652,1.20652,8
2005-06-29 20:18:00,1.20642,1.20652,1.20642,1.20652,10
2005-06-29 20:19:00,1.20632,1.20642,1.20632,1.20642,5
2005-06-29 20:20:00,1.20632,1.20642,1.20602,1.20642,10
2005-06-29 20:21:00,1.20612,1.20622,1.20602,1.20622,9
2005-06-29 20:22:00,1.20622,1.20632,1.20612,1.20622,10
2005-06-29 20:23:00,1.20622,1.20622,1.20622,1.20622,7
2005-06-29 20:24:00,1.20632,1.20632,1.20622,1.20632,14
2005-06-29 20:25:00,1.20642,1.20642,1.20632,1.20632,3
2005-06-29 20:26:00,1.20642,1.20642,1.20632,1.20632,3
2005-06-29 20:27:00,1.20642,1.20642,1.20642,1.20642,2
2005-06-29 20:28:00,1.20632,1.20652,1.20632,1.20642,6
2005-06-29 20:29:00,1.20632,1.20632,1.20622,1.20632,8
2005-06-29 20:30:00,1.20642,1.20642,1.20632,1.20632,5
2005-06-29 20:31:00,1.20642,1.20652,1.20632,1.20632,9
2005-06-29 20:32:00,1.20642,1.20652,1.20642,1.20652,6
2005-06-29 20:33:00,1.20642,1.20652,1.20642,1.20642,4
2005-06-29 20:34:00,1.20652,1.20652,1.20642,1.20652,12
2005-06-29 20:35:00,1.20652,1.20652,1.20652,1.20652,3
2005-06-29 20:36:00,1.20662,1.20662,1.20662,1.20662,5
2005-06-29 20:37:00,1.20702,1.20702,1.20662,1.20672,8
2005-06-29 20:38:00,1.20692,1.20692,1.20672,1.20692,10
2005-06-29 20:39:00,1.20692,1.20692,1.20682,1.20692,7
2005-06-29 20:40:00,1.20672,1.20692,1.20672,1.20692,13
2005-06-29 20:41:00,1.20672,1.20682,1.20662,1.20682,8
2005-06-29 20:42:00,1.20672,1.20672,1.20662,1.20672,7
2005-06-29 20:43:00,1.20662,1.20672,1.20662,1.20672,4
2005-06-29 20:44:00,1.20652,1.20662,1.20652,1.20662,5
2005-06-29 20:45:00,1.20662,1.20662,1.20632,1.20652,14
2005-06-29 20:46:00,1.20652,1.20662,1.20652,1.20662,3
2005-06-29 20:47:00,1.20662,1.20662,1.20662,1.20662,5
2005-06-29 20:48:00,1.20672,1.20672,1.20662,1.20662,12
2005-06-29 20:49:00,1.20672,1.20682,1.20672,1.20682,6
2005-06-29 20:50:00,1.20702,1.20702,1.20672,1.20682,10
2005-06-29 20:51:00,1.20702,1.20702,1.20692,1.20692,4
2005-06-29 20:52:00,1.20712,1.20722,1.20702,1.20702,9
2005-06-29 20:53:00,1.20722,1.20722,1.20712,1.20712,17
2005-06-29 20:54:00,1.20722,1.20722,1.20712,1.20712,11
2005-06-29 20:55:00,1.20712,1.20722,1.20712,1.20712,6
2005-06-29 20:56:00,1.20702,1.20702,1.20692,1.20702,7
2005-06-29 20:57:00,1.20692,1.20692,1.20692,1.20692,3
2005-06-29 20:58:00,1.20692,1.20692,1.20692,1.20692,2
2005-06-29 20:59:00,1.20692,1.20712,1.20692,1.20702,9
2005-06-29 21:00:00,1.20712,1.20712,1.20692,1.20692,5
2005-06-29 21:01:00,1.20702,1.20712,1.20702,1.20712,3
2005-06-29 21:02:00,1.20702,1.20702,1.20692,1.20702,5
2005-06-29 21:03:00,1.20782,1.20782,1.20702,1.20702,11
2005-06-29 21:04:00,1.2074,1.20762,1.2073,1.20762,10
2005-06-29 21:05:00,1.2075,1.2075,1.2072,1.2072,10
2005-06-29 21:06:00,1.2074,1.2077,1.2074,1.2076,8
2005-06-29 21:07:00,1.2073,1.2074,1.2072,1.2074,8
2005-06-29 21:08:00,1.2073,1.2073,1.2071,1.2071,8
2005-06-29 21:09:00,1.2074,1.2074,1.2073,1.2073,6
2005-06-29 21:10:00,1.2075,1.2075,1.2075,1.2075,4
2005-06-29 21:11:00,1.2077,1.2077,1.2076,1.2077,7
2005-06-29 21:12:00,1.2079,1.2079,1.2076,1.2078,14
2005-06-29 21:13:00,1.2079,1.2079,1.2079,1.2079,4
2005-06-29 21:14:00,1.2078,1.2078,1.2078,1.2078,2
2005-06-29 21:15:00,1.2078,1.2079,1.2078,1.2078,7
2005-06-29 21:16:00,1.2075,1.2078,1.2074,1.2078,8
2005-06-29 21:17:00,1.2075,1.2077,1.2074,1.2074,9
2005-06-29 21:18:00,1.2076,1.2076,1.2075,1.2075,3
2005-06-29 21:19:00,1.2075,1.2076,1.2075,1.2076,5
2005-06-29 21:20:00,1.2077,1.2077,1.2075,1.2075,4
2005-06-29 21:21:00,1.2075,1.2077,1.2075,1.2077,4
2005-06-29 21:22:00,1.2075,1.2077,1.2075,1.2075,4
2005-06-29 21:23:00,1.2077,1.2077,1.2075,1.2075,3
2005-06-29 21:24:00,1.2076,1.2076,1.20756,1.2076,4
2005-06-29 21:25:00,1.2076,1.2076,1.2075,1.2076,4
2005-06-29 21:26:00,1.2076,1.2076,1.2075,1.2075,5
2005-06-29 21:27:00,1.2076,1.2076,1.2076,1.2076,2
2005-06-29 21:28:00,1.2076,1.2076,1.2076,1.2076,2
2005-06-29 21:29:00,1.2077,1.2077,1.2076,1.2076,4
2005-06-29 21:30:00,1.2077,1.2077,1.2077,1.2077,1
2005-06-29 21:31:00,1.2077,1.2078,1.2077,1.2077,5
2005-06-29 21:32:00,1.2077,1.2077,1.2076,1.2077,7
2005-06-29 21:33:00,1.2077,1.2077,1.2076,1.2077,4
2005-06-29 21:34:00,1.2078,1.2078,1.2077,1.2077,3
2005-06-29 21:35:00,1.2077,1.2078,1.2077,1.2078,3
2005-06-29 21:36:00,1.2077,1.2077,1.2077,1.2077,2
2005-06-29 21:37:00,1.2076,1.2077,1.2076,1.2076,8
2005-06-29 21:38:00,1.2077,1.2077,1.2076,1.2076,7
2005-06-29 21:39:00,1.2077,1.2078,1.2077,1.2078,6
2005-06-29 21:40:00,1.2078,1.2078,1.2077,1.2077,9
2005-06-29 21:41:00,1.2077,1.2077,1.2077,1.2077,3
2005-06-29 21:42:00,1.2076,1.2078,1.2076,1.2078,6
2005-06-29 21:43:00,1.2074,1.2077,1.2073,1.2076,7
2005-06-29 21:44:00,1.2073,1.2074,1.2072,1.2073,10
2005-06-29 21:45:00,1.2071,1.2073,1.207,1.2073,10
2005-06-29 21:46:00,1.2072,1.2072,1.2071,1.2071,4
2005-06-29 21:47:00,1.2072,1.2075,1.2072,1.2072,11
2005-06-29 21:48:00,1.2073,1.2073,1.2072,1.2072,4
2005-06-29 21:49:00,1.2073,1.2073,1.2073,1.2073,2
2005-06-29 21:50:00,1.2072,1.2073,1.2072,1.2073,13
2005-06-29 21:51:00,1.2071,1.2073,1.2071,1.2073,8
2005-06-29 21:52:00,1.207,1.207,1.207,1.207,6
2005-06-29 21:53:00,1.207,1.2071,1.2069,1.207,8
2005-06-29 21:54:00,1.2071,1.2071,1.2069,1.207,5
2005-06-29 21:55:00,1.2071,1.2071,1.207,1.207,5
2005-06-29 21:56:00,1.2071,1.2072,1.2069,1.207,15
2005-06-29 21:57:00,1.2072,1.2072,1.2071,1.2071,10
2005-06-29 21:58:00,1.2071,1.2072,1.2071,1.2071,11
2005-06-29 21:59:00,1.2071,1.2072,1.207,1.2072,9
2005-06-29 22:00:00,1.2071,1.2071,1.207,1.2071,6
2005-06-29 22:01:00,1.2072,1.2072,1.2071,1.2072,6
2005-06-29 22:02:00,1.2073,1.2073,1.2071,1.2072,5
2005-06-29 22:03:00,1.2073,1.2074,1.2072,1.2074,15
2005-06-29 22:04:00,1.2072,1.2073,1.2072,1.2072,7
2005-06-29 22:05:00,1.2072,1.2072,1.2071,1.2071,5
2005-06-29 22:06:00,1.2072,1.2073,1.2072,1.2072,4
2005-06-29 22:07:00,1.2072,1.2072,1.2072,1.2072,2
2005-06-29 22:08:00,1.2072,1.2072,1.2072,1.2072,2
2005-06-29 22:09:00,1.2073,1.2073,1.2072,1.2072,3
2005-06-29 22:10:00,1.2073,1.2073,1.2073,1.2073,2
2005-06-29 22:11:00,1.2074,1.2074,1.2073,1.2073,5
2005-06-29 22:12:00,1.2074,1.2074,1.2072,1.2074,6
2005-06-29 22:13:00,1.2074,1.2074,1.2074,1.2074,2
2005-06-29 22:14:00,1.2073,1.2073,1.2073,1.2073,3
2005-06-29 22:15:00,1.2074,1.2074,1.2074,1.2074,3
2005-06-29 22:16:00,1.2072,1.2074,1.2071,1.2074,6
2005-06-29 22:17:00,1.2073,1.2073,1.2072,1.2072,5
2005-06-29 22:18:00,1.2072,1.2073,1.2072,1.2073,5
2005-06-29 22:19:00,1.2072,1.2072,1.2072,1.2072,2
2005-06-29 22:20:00,1.2072,1.2072,1.2072,1.2072,2
2005-06-29 22:21:00,1.2072,1.2072,1.2072,1.2072,2
2005-06-29 22:22:00,1.2072,1.2072,1.2072,1.2072,2
2005-06-29 22:23:00,1.2074,1.2074,1.2072,1.2072,7
2005-06-29 22:24:00,1.2074,1.2075,1.2074,1.2074,5
2005-06-29 22:25:00,1.2074,1.2074,1.2074,1.2074,2
2005-06-29 22:26:00,1.2075,1.2075,1.2074,1.2074,5
2005-06-29 22:27:00,1.2074,1.2074,1.2074,1.2074,3
2005-06-29 22:28:00,1.2074,1.2074,1.2074,1.2074,2
2005-06-29 22:29:00,1.2074,1.2074,1.2074,1.2074,2
2005-06-29 22:30:00,1.2079,1.208,1.2075,1.2075,16
2005-06-29 22:31:00,1.2079,1.2083,1.2078,1.2081,24
2005-06-29 22:32:00,1.2079,1.208,1.2078,1.208,13
2005-06-29 22:33:00,1.2079,1.2079,1.2079,1.2079,4
2005-06-29 22:34:00,1.208,1.208,1.2078,1.2079,7
2005-06-29 22:35:00,1.2078,1.2079,1.2078,1.2079,6
2005-06-29 22:36:00,1.2075,1.2078,1.2074,1.2078,12
2005-06-29 22:37:00,1.2075,1.2075,1.2075,1.2075,4
2005-06-29 22:38:00,1.2076,1.2077,1.2075,1.2075,9
2005-06-29 22:39:00,1.2076,1.2076,1.2076,1.2076,2
2005-06-29 22:40:00,1.2076,1.2076,1.2076,1.2076,3
2005-06-29 22:41:00,1.2075,1.2076,1.2075,1.2075,8
2005-06-29 22:42:00,1.2074,1.2074,1.2074,1.2074,5
2005-06-29 22:43:00,1.2074,1.2074,1.2074,1.2074,2
2005-06-29 22:44:00,1.2076,1.2076,1.2074,1.2074,3
2005-06-29 22:45:00,1.2075,1.2077,1.2075,1.2076,6
2005-06-29 22:46:00,1.2075,1.2075,1.2075,1.2075,2
2005-06-29 22:47:00,1.2076,1.2076,1.2076,1.2076,2
2005-06-29 22:48:00,1.2076,1.2076,1.2076,1.2076,2
2005-06-29 22:49:00,1.2076,1.2076,1.2076,1.2076,2
2005-06-29 22:50:00,1.2074,1.2076,1.2074,1.2076,3
2005-06-29 22:51:00,1.2074,1.2074,1.2074,1.2074,2
2005-06-29 22:52:00,1.2074,1.2074,1.2074,1.2074,2
2005-06-29 22:53:00,1.2073,1.2074,1.2073,1.2074,5
2005-06-29 22:54:00,1.2075,1.2075,1.2073,1.2073,8
2005-06-29 22:55:00,1.2076,1.2077,1.2075,1.2075,7
2005-06-29 22:56:00,1.2076,1.2076,1.2076,1.2076,3
2005-06-29 22:57:00,1.2076,1.2076,1.2076,1.2076,2
2005-06-29 22:58:00,1.2076,1.2076,1.2076,1.2076,3
2005-06-29 22:59:00,1.2077,1.2077,1.2076,1.2076,4
2005-06-29 23:00:00,1.2077,1.2078,1.2077,1.2077,7
2005-06-29 23:01:00,1.2077,1.2078,1.2077,1.2078,4
2005-06-29 23:02:00,1.2077,1.2077,1.2077,1.2077,2
2005-06-29 23:03:00,1.2077,1.2077,1.2077,1.2077,3
2005-06-29 23:04:00,1.2077,1.2077,1.2077,1.2077,2
2005-06-29 23:05:00,1.2078,1.2078,1.2077,1.2078,8
2005-06-29 23:06:00,1.2077,1.2078,1.2077,1.2078,5
2005-06-29 23:07:00,1.2077,1.2077,1.2077,1.2077,2
2005-06-29 23:08:00,1.2077,1.2077,1.2075,1.2077,6
2005-06-29 23:09:00,1.2077,1.2077,1.2077,1.2077,2
2005-06-29 23:10:00,1.2078,1.2078,1.2077,1.2077,3
2005-06-29 23:11:00,1.2077,1.2077,1.2077,1.2077,5
2005-06-29 23:12:00,1.2077,1.2078,1.2076,1.2077,8
2005-06-29 23:13:00,1.2077,1.2077,1.2077,1.2077,2
2005-06-29 23:14:00,1.208,1.208,1.2077,1.2077,7
2005-06-29 23:15:00,1.208,1.208,1.208,1.208,2
2005-06-29 23:16:00,1.2082,1.2082,1.208,1.208,7
2005-06-29 23:17:00,1.2083,1.2083,1.2082,1.2082,8
2005-06-29 23:18:00,1.2084,1.2086,1.2083,1.2084,19
2005-06-29 23:19:00,1.2084,1.2085,1.2083,1.2084,10
2005-06-29 23:20:00,1.2084,1.2084,1.2084,1.2084,3
2005-06-29 23:21:00,1.2085,1.2085,1.2083,1.2084,11
2005-06-29 23:22:00,1.2086,1.2088,1.2085,1.2086,15
2005-06-29 23:23:00,1.2084,1.2086,1.2084,1.2085,16
2005-06-29 23:24:00,1.2085,1.2086,1.2084,1.2084,13
2005-06-29 23:25:00,1.2085,1.2086,1.2085,1.2085,7
2005-06-29 23:26:00,1.2085,1.2086,1.2085,1.2085,7
2005-06-29 23:27:00,1.2084,1.2085,1.2084,1.2084,11
2005-06-29 23:28:00,1.2085,1.2085,1.2084,1.2085,7
2005-06-29 23:29:00,1.2083,1.2085,1.2083,1.2085,6
2005-06-29 23:30:00,1.2083,1.2084,1.2083,1.2083,7
2005-06-29 23:31:00,1.2083,1.2083,1.2082,1.2083,7
2005-06-29 23:32:00,1.2083,1.2084,1.2083,1.2083,8
2005-06-29 23:33:00,1.2086,1.2087,1.2083,1.2083,15
2005-06-29 23:34:00,1.2087,1.2087,1.2086,1.2087,5
2005-06-29 23:35:00,1.2088,1.2088,1.2086,1.2087,8
2005-06-29 23:36:00,1.2089,1.2089,1.2088,1.2088,7
2005-06-29 23:37:00,1.2089,1.2089,1.2088,1.2089,10
2005-06-29 23:38:00,1.2089,1.2089,1.2089,1.2089,3
2005-06-29 23:39:00,1.209,1.2091,1.2088,1.209,25
2005-06-29 23:40:00,1.209,1.209,1.2088,1.2089,7
2005-06-29 23:41:00,1.209,1.209,1.2089,1.209,4
2005-06-29 23:42:00,1.2092,1.2092,1.209,1.209,17
2005-06-29 23:43:00,1.2091,1.2093,1.2089,1.2093,23
2005-06-29 23:44:00,1.2092,1.2093,1.209,1.209,14
2005-06-29 23:45:00,1.2093,1.2093,1.2092,1.2092,8
2005-06-29 23:46:00,1.2093,1.2094,1.2092,1.2092,16
2005-06-29 23:47:00,1.2092,1.2093,1.2092,1.2093,6
2005-06-29 23:48:00,1.2093,1.2093,1.2092,1.2092,11
2005-06-29 23:49:00,1.2092,1.2093,1.2092,1.2092,6
2005-06-29 23:50:00,1.2092,1.2094,1.2092,1.2092,11
2005-06-29 23:51:00,1.2093,1.2094,1.2092,1.2092,10
2005-06-29 23:52:00,1.2093,1.2093,1.2092,1.2093,7
2005-06-29 23:53:00,1.2092,1.2093,1.2092,1.2093,9
2005-06-29 23:54:00,1.2093,1.2093,1.2092,1.2093,7
2005-06-29 23:55:00,1.2092,1.2093,1.2092,1.2093,6
2005-06-29 23:56:00,1.2093,1.2094,1.2091,1.2091,9
2005-06-29 23:57:00,1.2095,1.2096,1.2093,1.2093,9
2005-06-29 23:58:00,1.2095,1.2096,1.2094,1.2094,13
2005-06-29 23:59:00,1.2095,1.2096,1.2094,1.2095,15
2005-06-30 00:00:00,1.2092,1.2095,1.2092,1.2094,18
2005-06-30 00:01:00,1.2093,1.2093,1.2092,1.2093,8
2005-06-30 00:02:00,1.2092,1.2093,1.2092,1.2093,4
2005-06-30 00:03:00,1.2091,1.2092,1.2091,1.2091,13
2005-06-30 00:04:00,1.2091,1.2091,1.209,1.209,9
2005-06-30 00:05:00,1.2091,1.2092,1.2091,1.2091,6
2005-06-30 00:06:00,1.2092,1.2092,1.2091,1.2091,7
2005-06-30 00:07:00,1.2092,1.2093,1.2091,1.2092,13
2005-06-30 00:08:00,1.2093,1.2093,1.2092,1.2092,9
2005-06-30 00:09:00,1.2092,1.2093,1.2092,1.2093,4
2005-06-30 00:10:00,1.2092,1.2092,1.2092,1.2092,3
2005-06-30 00:11:00,1.2094,1.2094,1.2092,1.2093,10
2005-06-30 00:12:00,1.2096,1.2096,1.2094,1.2095,11
2005-06-30 00:13:00,1.2096,1.2098,1.2096,1.2097,14
2005-06-30 00:14:00,1.2095,1.2096,1.2095,1.2096,3
2005-06-30 00:15:00,1.2093,1.2095,1.2093,1.2095,8
2005-06-30 00:16:00,1.2092,1.2093,1.2092,1.2093,4
2005-06-30 00:17:00,1.2092,1.2092,1.2092,1.2092,2
2005-06-30 00:18:00,1.209,1.2092,1.2089,1.2092,16
2005-06-30 00:19:00,1.209,1.2091,1.209,1.209,8
2005-06-30 00:20:00,1.2088,1.20906,1.2088,1.20906,10
2005-06-30 00:21:00,1.2088,1.2088,1.2087,1.2088,8
2005-06-30 00:22:00,1.2088,1.2088,1.2087,1.2088,5
2005-06-30 00:23:00,1.2087,1.2088,1.2087,1.2088,13
2005-06-30 00:24:00,1.2089,1.2089,1.2087,1.2088,7
2005-06-30 00:25:00,1.209,1.209,1.2089,1.2089,5
2005-06-30 00:26:00,1.2091,1.2091,1.209,1.209,5
2005-06-30 00:27:00,1.2092,1.2092,1.209,1.209,11
2005-06-30 00:28:00,1.2092,1.2092,1.2092,1.2092,2
2005-06-30 00:29:00,1.209,1.2092,1.209,1.2092,3
2005-06-30 00:30:00,1.2089,1.209,1.2089,1.2089,6
2005-06-30 00:31:00,1.209,1.209,1.209,1.209,3
2005-06-30 00:32:00,1.209,1.2091,1.209,1.2091,6
2005-06-30 00:33:00,1.209,1.2091,1.209,1.209,9
2005-06-30 00:34:00,1.209,1.209,1.209,1.209,2
2005-06-30 00:35:00,1.2089,1.209,1.2089,1.209,10
2005-06-30 00:36:00,1.2088,1.2088,1.2087,1.2088,8
2005-06-30 00:37:00,1.2087,1.2088,1.2087,1.2088,5
2005-06-30 00:38:00,1.2087,1.2088,1.2087,1.2087,9
2005-06-30 00:39:00,1.2086,1.2087,1.2085,1.2087,12
2005-06-30 00:40:00,1.2086,1.2086,1.2085,1.2086,6
2005-06-30 00:41:00,1.2087,1.2087,1.2086,1.2086,6
2005-06-30 00:42:00,1.2085,1.2088,1.2085,1.2088,8
2005-06-30 00:43:00,1.2085,1.2086,1.2085,1.2086,9
2005-06-30 00:44:00,1.2083,1.2085,1.2083,1.2085,7
2005-06-30 00:45:00,1.2081,1.2082,1.208,1.2082,14
2005-06-30 00:46:00,1.208,1.2081,1.208,1.208,11
2005-06-30 00:47:00,1.208,1.2081,1.208,1.208,18
2005-06-30 00:48:00,1.2079,1.208,1.2079,1.2079,19
2005-06-30 00:49:00,1.208,1.208,1.2079,1.2079,14
2005-06-30 00:50:00,1.208,1.208,1.2079,1.208,6
2005-06-30 00:51:00,1.2079,1.208,1.2079,1.2079,6
2005-06-30 00:52:00,1.208,1.208,1.2079,1.2079,7
2005-06-30 00:53:00,1.2081,1.2081,1.2079,1.208,7
2005-06-30 00:54:00,1.2081,1.2081,1.208,1.2081,12
2005-06-30 00:55:00,1.2081,1.2083,1.2081,1.2081,20
2005-06-30 00:56:00,1.2081,1.2081,1.2081,1.2081,2
2005-06-30 00:57:00,1.2081,1.2081,1.208,1.2081,10
2005-06-30 00:58:00,1.2082,1.2082,1.2081,1.2081,6
2005-06-30 00:59:00,1.2081,1.2082,1.2081,1.2081,9
2005-06-30 01:00:00,1.208,1.2081,1.2079,1.2081,10
2005-06-30 01:01:00,1.2079,1.208,1.2079,1.2079,6
2005-06-30 01:02:00,1.2078,1.2079,1.2078,1.2079,5
2005-06-30 01:03:00,1.2077,1.2078,1.2077,1.2077,8
2005-06-30 01:04:00,1.2078,1.2078,1.2077,1.2077,6
2005-06-30 01:05:00,1.2079,1.208,1.2078,1.2078,14
2005-06-30 01:06:00,1.2077,1.2078,1.2077,1.2078,8
2005-06-30 01:07:00,1.2078,1.2078,1.2078,1.2078,2
2005-06-30 01:08:00,1.2077,1.2078,1.2077,1.2078,4
2005-06-30 01:09:00,1.2077,1.2077,1.2077,1.2077,2
2005-06-30 01:10:00,1.2077,1.2077,1.2077,1.2077,3
2005-06-30 01:11:00,1.2078,1.2078,1.2077,1.2077,5
2005-06-30 01:12:00,1.2077,1.2078,1.2077,1.2078,3
2005-06-30 01:13:00,1.2077,1.2078,1.2077,1.2078,5
2005-06-30 01:14:00,1.2077,1.2077,1.2077,1.2077,2
2005-06-30 01:15:00,1.2078,1.2078,1.2077,1.2077,6
2005-06-30 01:16:00,1.2078,1.2079,1.2077,1.2077,9
2005-06-30 01:17:00,1.2079,1.208,1.2078,1.2079,11
2005-06-30 01:18:00,1.2079,1.2079,1.2078,1.2078,4
2005-06-30 01:19:00,1.2079,1.208,1.2079,1.2079,6
2005-06-30 01:20:00,1.208,1.2081,1.2079,1.2079,9
2005-06-30 01:21:00,1.208,1.2081,1.208,1.2081,6
2005-06-30 01:22:00,1.2081,1.2081,1.208,1.208,8
2005-06-30 01:23:00,1.2082,1.2082,1.2081,1.2081,8
2005-06-30 01:24:00,1.2082,1.2082,1.2081,1.2082,7
2005-06-30 01:25:00,1.2082,1.2082,1.2082,1.2082,2
2005-06-30 01:26:00,1.2082,1.2082,1.2081,1.2081,9
2005-06-30 01:27:00,1.2082,1.2083,1.2081,1.2082,8
2005-06-30 01:28:00,1.2084,1.2084,1.2082,1.2083,18
2005-06-30 01:29:00,1.2084,1.2085,1.2083,1.2083,10
2005-06-30 01:30:00,1.2084,1.2084,1.2084,1.2084,2
2005-06-30 01:31:00,1.2085,1.2085,1.2083,1.2084,6
2005-06-30 01:32:00,1.2085,1.2085,1.2084,1.2084,9
2005-06-30 01:33:00,1.2084,1.2085,1.2084,1.2084,6
2005-06-30 01:34:00,1.2084,1.2084,1.2084,1.2084,3
2005-06-30 01:35:00,1.2084,1.2085,1.2084,1.2084,7
2005-06-30 01:36:00,1.2084,1.2085,1.2084,1.2084,7
2005-06-30 01:37:00,1.2084,1.2085,1.2083,1.2083,6
2005-06-30 01:38:00,1.2083,1.2084,1.2083,1.2083,6
2005-06-30 01:39:00,1.2084,1.2084,1.2083,1.2083,4
2005-06-30 01:40:00,1.2084,1.2084,1.2084,1.2084,2
2005-06-30 01:41:00,1.2084,1.2084,1.2083,1.2084,4
2005-06-30 01:42:00,1.2083,1.2084,1.2083,1.2084,6
2005-06-30 01:43:00,1.2083,1.2083,1.2082,1.2082,5
2005-06-30 01:44:00,1.2084,1.2084,1.2082,1.2082,12
2005-06-30 01:45:00,1.2083,1.2084,1.2083,1.2084,3
2005-06-30 01:46:00,1.2083,1.2083,1.2083,1.2083,2
2005-06-30 01:47:00,1.2081,1.2082,1.2081,1.2082,6
2005-06-30 01:48:00,1.2082,1.2082,1.2081,1.2082,10
2005-06-30 01:49:00,1.2082,1.2082,1.2082,1.2082,4
2005-06-30 01:50:00,1.2082,1.2082,1.2082,1.2082,2
2005-06-30 01:51:00,1.2083,1.2083,1.2082,1.2082,5
2005-06-30 01:52:00,1.2083,1.2083,1.2083,1.2083,2
2005-06-30 01:53:00,1.2084,1.2084,1.2083,1.2083,5
2005-06-30 01:54:00,1.2085,1.2085,1.2084,1.2084,6
2005-06-30 01:55:00,1.2085,1.2085,1.2084,1.2085,5
2005-06-30 01:56:00,1.2084,1.2085,1.2084,1.2084,6
2005-06-30 01:57:00,1.2084,1.2084,1.2083,1.2084,4
2005-06-30 01:58:00,1.2083,1.2084,1.2083,1.2083,7
2005-06-30 01:59:00,1.2083,1.2083,1.2082,1.2083,4
2005-06-30 02:00:00,1.2081,1.2083,1.2081,1.2083,12
2005-06-30 02:01:00,1.2083,1.2083,1.2082,1.2082,7
2005-06-30 02:02:00,1.2083,1.2083,1.2082,1.2083,4
2005-06-30 02:03:00,1.2083,1.2083,1.2083,1.2083,2
2005-06-30 02:04:00,1.2082,1.2083,1.2082,1.2082,5
2005-06-30 02:05:00,1.2081,1.2083,1.2081,1.2083,10
2005-06-30 02:06:00,1.2082,1.2082,1.2081,1.2081,5
2005-06-30 02:07:00,1.208,1.2082,1.208,1.2082,8
2005-06-30 02:08:00,1.2079,1.2079,1.2078,1.2078,10
2005-06-30 02:09:00,1.2079,1.2079,1.2079,1.2079,1
2005-06-30 02:10:00,1.2078,1.2079,1.2077,1.2079,12
2005-06-30 02:11:00,1.2079,1.2079,1.2078,1.2078,6
2005-06-30 02:12:00,1.2079,1.2079,1.2079,1.2079,2
2005-06-30 02:13:00,1.208,1.208,1.2079,1.2079,3
2005-06-30 02:14:00,1.208,1.2081,1.2079,1.208,11
2005-06-30 02:15:00,1.2081,1.2081,1.208,1.208,4
2005-06-30 02:16:00,1.2082,1.2082,1.2082,1.2082,3
2005-06-30 02:17:00,1.2081,1.2082,1.2081,1.2082,4
2005-06-30 02:18:00,1.208,1.2081,1.208,1.2081,6
2005-06-30 02:19:00,1.2081,1.2081,1.2081,1.2081,3
2005-06-30 02:20:00,1.2081,1.2081,1.2081,1.2081,3
2005-06-30 02:21:00,1.2081,1.2081,1.2081,1.2081,2
2005-06-30 02:22:00,1.2081,1.2081,1.2081,1.2081,2
2005-06-30 02:23:00,1.2081,1.2082,1.2081,1.2082,10
2005-06-30 02:24:00,1.2081,1.2081,1.208,1.208,3
2005-06-30 02:25:00,1.2082,1.2082,1.2081,1.2081,4
2005-06-30 02:26:00,1.2081,1.2082,1.2081,1.2082,8
2005-06-30 02:27:00,1.2081,1.2081,1.2081,1.2081,2
2005-06-30 02:28:00,1.2081,1.2082,1.2081,1.2082,5
2005-06-30 02:29:00,1.2082,1.2082,1.2082,1.2082,3
2005-06-30 02:30:00,1.2082,1.2082,1.2082,1.2082,2
2005-06-30 02:31:00,1.2082,1.2082,1.2082,1.2082,2
2005-06-30 02:32:00,1.2082,1.2082,1.2082,1.2082,7
2005-06-30 02:33:00,1.2082,1.2082,1.2082,1.2082,5
2005-06-30 02:34:00,1.2082,1.2082,1.2082,1.2082,4
2005-06-30 02:35:00,1.2082,1.2083,1.2082,1.2083,7
2005-06-30 02:36:00,1.2083,1.2083,1.2082,1.2082,8
2005-06-30 02:37:00,1.2084,1.2085,1.2083,1.2083,18
2005-06-30 02:38:00,1.2085,1.2085,1.2084,1.2084,9
2005-06-30 02:39:00,1.2086,1.2086,1.2085,1.2085,3
2005-06-30 02:40:00,1.2085,1.2086,1.2085,1.2085,8
2005-06-30 02:41:00,1.2088,1.2089,1.2085,1.2085,18
2005-06-30 02:42:00,1.2089,1.209,1.2088,1.2088,16
2005-06-30 02:43:00,1.209,1.209,1.2088,1.2089,13
2005-06-30 02:44:00,1.209,1.2092,1.2089,1.2091,16
2005-06-30 02:45:00,1.20896,1.2091,1.2089,1.209,7
2005-06-30 02:46:00,1.20896,1.20906,1.20896,1.20896,4
2005-06-30 02:47:00,1.20896,1.20896,1.20896,1.20896,2
2005-06-30 02:48:00,1.20896,1.20896,1.20896,1.20896,2
2005-06-30 02:49:00,1.20896,1.20896,1.20896,1.20896,2
2005-06-30 02:50:00,1.20896,1.20896,1.20896,1.20896,4
2005-06-30 02:51:00,1.20896,1.20896,1.20896,1.20896,2
2005-06-30 02:52:00,1.20906,1.20906,1.20896,1.20896,7
2005-06-30 02:53:00,1.20896,1.20906,1.20896,1.20906,5
2005-06-30 02:54:00,1.20896,1.20896,1.20896,1.20896,2
2005-06-30 02:55:00,1.20896,1.20896,1.20896,1.20896,1
2005-06-30 02:56:00,1.20896,1.20896,1.20886,1.20896,5
2005-06-30 02:57:00,1.20886,1.20896,1.20886,1.20896,3
2005-06-30 02:58:00,1.20886,1.20896,1.20886,1.20886,6
2005-06-30 02:59:00,1.20886,1.20886,1.20886,1.20886,2
2005-06-30 03:00:00,1.20886,1.20896,1.20886,1.20886,8
2005-06-30 03:01:00,1.20856,1.20886,1.20856,1.20886,8
2005-06-30 03:02:00,1.20876,1.20876,1.20836,1.20836,18
2005-06-30 03:03:00,1.20866,1.20876,1.20866,1.20866,15
2005-06-30 03:04:00,1.20866,1.20876,1.20866,1.20866,4
2005-06-30 03:05:00,1.20856,1.20866,1.20856,1.20866,5
2005-06-30 03:06:00,1.20866,1.20866,1.20866,1.20866,3
2005-06-30 03:07:00,1.20866,1.20866,1.20866,1.20866,1
2005-06-30 03:08:00,1.20856,1.20866,1.20856,1.20866,4
2005-06-30 03:09:00,1.20876,1.20876,1.20866,1.20866,6
2005-06-30 03:10:00,1.20876,1.20876,1.20866,1.20876,12
2005-06-30 03:11:00,1.20886,1.20886,1.20876,1.20876,3
2005-06-30 03:12:00,1.20886,1.20896,1.20886,1.20886,8
2005-06-30 03:13:00,1.20886,1.20896,1.20886,1.20886,5
2005-06-30 03:14:00,1.20886,1.20896,1.20886,1.20886,5
2005-06-30 03:15:00,1.20876,1.20876,1.20876,1.20876,3
2005-06-30 03:16:00,1.20866,1.20876,1.20866,1.20876,6
2005-06-30 03:17:00,1.20876,1.20876,1.20866,1.20866,4
2005-06-30 03:18:00,1.20876,1.20876,1.20876,1.20876,2
2005-06-30 03:19:00,1.20876,1.20876,1.20876,1.20876,5
2005-06-30 03:20:00,1.20876,1.20876,1.20876,1.20876,2
2005-06-30 03:21:00,1.20876,1.20876,1.20876,1.20876,4
2005-06-30 03:22:00,1.20886,1.20896,1.20876,1.20886,11
2005-06-30 03:23:00,1.20886,1.20886,1.20886,1.20886,2
2005-06-30 03:24:00,1.2089,1.209,1.2089,1.2089,7
2005-06-30 03:25:00,1.20896,1.209,1.2089,1.209,6
2005-06-30 03:26:00,1.20896,1.20896,1.20886,1.20886,5
2005-06-30 03:27:00,1.20906,1.20906,1.20896,1.20896,5
2005-06-30 03:28:00,1.20896,1.20896,1.20886,1.20896,9
2005-06-30 03:29:00,1.20896,1.20896,1.20896,1.20896,5
2005-06-30 03:30:00,1.20906,1.20916,1.20896,1.20906,14
2005-06-30 03:31:00,1.20906,1.20906,1.20896,1.20906,9
2005-06-30 03:32:00,1.20906,1.20916,1.20906,1.20906,11
2005-06-30 03:33:00,1.20896,1.20906,1.20896,1.20906,12
2005-06-30 03:34:00,1.20896,1.20906,1.20896,1.20896,5
2005-06-30 03:35:00,1.20896,1.20896,1.20886,1.20896,12
2005-06-30 03:36:00,1.20886,1.20896,1.20886,1.20896,12
2005-06-30 03:37:00,1.20896,1.20896,1.20886,1.20886,3
2005-06-30 03:38:00,1.20896,1.20896,1.20896,1.20896,2
2005-06-30 03:39:00,1.20886,1.20896,1.20886,1.20896,3
2005-06-30 03:40:00,1.20886,1.20886,1.20886,1.20886,3
2005-06-30 03:41:00,1.20876,1.20886,1.20866,1.20876,10
2005-06-30 03:42:00,1.20886,1.20896,1.20876,1.20886,10
2005-06-30 03:43:00,1.20896,1.20896,1.20886,1.20886,11
2005-06-30 03:44:00,1.20896,1.20896,1.20896,1.20896,2
2005-06-30 03:45:00,1.20896,1.20906,1.20896,1.20896,8
2005-06-30 03:46:00,1.20896,1.20896,1.20886,1.20896,6
2005-06-30 03:47:00,1.20886,1.20896,1.20886,1.20896,7
2005-06-30 03:48:00,1.20886,1.20896,1.20886,1.20886,6
2005-06-30 03:49:00,1.20886,1.20886,1.20886,1.20886,3
2005-06-30 03:50:00,1.20886,1.20886,1.20886,1.20886,2
2005-06-30 03:51:00,1.20886,1.20886,1.20876,1.20876,4
2005-06-30 03:52:00,1.20886,1.20896,1.20886,1.20886,5
2005-06-30 03:53:00,1.20876,1.20886,1.20876,1.20886,4
2005-06-30 03:54:00,1.20886,1.20886,1.20876,1.20876,7
2005-06-30 03:55:00,1.20896,1.20896,1.20886,1.20886,5
2005-06-30 03:56:00,1.20896,1.20896,1.20886,1.20896,7
2005-06-30 03:57:00,1.20896,1.20906,1.20886,1.20886,10
2005-06-30 03:58:00,1.20906,1.20916,1.20896,1.20896,13
2005-06-30 03:59:00,1.20926,1.20926,1.20896,1.20906,9
2005-06-30 04:00:00,1.20946,1.20956,1.20916,1.20926,13
2005-06-30 04:01:00,1.20946,1.20946,1.20946,1.20946,4
2005-06-30 04:02:00,1.20936,1.20946,1.20926,1.20946,8
2005-06-30 04:03:00,1.20936,1.20936,1.20926,1.20936,8
2005-06-30 04:04:00,1.20926,1.20936,1.20926,1.20936,4
2005-06-30 04:05:00,1.20926,1.20926,1.20926,1.20926,2
2005-06-30 04:06:00,1.20926,1.20926,1.20926,1.20926,2
2005-06-30 04:07:00,1.20926,1.20926,1.20926,1.20926,2
2005-06-30 04:08:00,1.20946,1.20946,1.20926,1.20926,13
2005-06-30 04:09:00,1.20946,1.20946,1.20936,1.20936,4
2005-06-30 04:10:00,1.20956,1.20966,1.20956,1.20956,6
2005-06-30 04:11:00,1.20956,1.20956,1.20956,1.20956,2
2005-06-30 04:12:00,1.20946,1.20956,1.20936,1.20946,12
2005-06-30 04:13:00,1.20946,1.20946,1.20946,1.20946,4
2005-06-30 04:14:00,1.20936,1.20946,1.20936,1.20946,9
2005-06-30 04:15:00,1.20936,1.20936,1.20926,1.20936,12
2005-06-30 04:16:00,1.20936,1.20946,1.20936,1.20936,12
2005-06-30 04:17:00,1.20936,1.20946,1.20936,1.20936,15
2005-06-30 04:18:00,1.20936,1.20936,1.20926,1.20926,9
2005-06-30 04:19:00,1.20926,1.20936,1.20926,1.20936,5
2005-06-30 04:20:00,1.20926,1.20926,1.20926,1.20926,2
2005-06-30 04:21:00,1.20926,1.20926,1.20926,1.20926,2
2005-06-30 04:22:00,1.20926,1.20926,1.20926,1.20926,2
2005-06-30 04:23:00,1.20926,1.20936,1.20926,1.20926,6
2005-06-30 04:24:00,1.20936,1.20936,1.20936,1.20936,3
2005-06-30 04:25:00,1.20936,1.20936,1.20926,1.20936,4
2005-06-30 04:26:00,1.20936,1.20936,1.20926,1.20936,8
2005-06-30 04:27:00,1.20926,1.20936,1.20926,1.20936,7
2005-06-30 04:28:00,1.20916,1.20916,1.20916,1.20916,2
2005-06-30 04:29:00,1.20936,1.20936,1.20916,1.20916,7
2005-06-30 04:30:00,1.20926,1.20926,1.20926,1.20926,6
2005-06-30 04:31:00,1.20926,1.20926,1.20926,1.20926,3
2005-06-30 04:32:00,1.20926,1.20926,1.20926,1.20926,4
2005-06-30 04:33:00,1.20926,1.20936,1.20916,1.20926,10
2005-06-30 04:34:00,1.20926,1.20926,1.20926,1.20926,2
2005-06-30 04:35:00,1.20926,1.20926,1.20916,1.20926,4
2005-06-30 04:36:00,1.20916,1.20926,1.20916,1.20926,3
2005-06-30 04:37:00,1.20926,1.20926,1.20916,1.20916,5
2005-06-30 04:38:00,1.20906,1.20926,1.20906,1.20926,5
2005-06-30 04:39:00,1.20886,1.20896,1.20876,1.20896,10
2005-06-30 04:40:00,1.20876,1.20886,1.20876,1.20886,10
2005-06-30 04:41:00,1.20876,1.20886,1.20876,1.20886,5
2005-06-30 04:42:00,1.20886,1.20886,1.20876,1.20876,4
2005-06-30 04:43:00,1.20896,1.20896,1.20886,1.20886,4
2005-06-30 04:44:00,1.20896,1.20896,1.20896,1.20896,1
2005-06-30 04:45:00,1.20896,1.20896,1.20896,1.20896,2
2005-06-30 04:46:00,1.20896,1.20896,1.20896,1.20896,2
2005-06-30 04:47:00,1.20886,1.20886,1.20886,1.20886,2
2005-06-30 04:48:00,1.20896,1.20896,1.20886,1.20886,7
2005-06-30 04:49:00,1.20906,1.20906,1.20896,1.20896,4
2005-06-30 04:50:00,1.20896,1.20906,1.20896,1.20906,6
2005-06-30 04:51:00,1.20886,1.20896,1.20886,1.20896,4
2005-06-30 04:52:00,1.20886,1.20886,1.20886,1.20886,2
2005-06-30 04:53:00,1.20896,1.20896,1.20886,1.20886,11
2005-06-30 04:54:00,1.20886,1.20886,1.20886,1.20886,4
2005-06-30 04:55:00,1.20886,1.20886,1.20886,1.20886,4
2005-06-30 04:56:00,1.20886,1.20886,1.20886,1.20886,2
2005-06-30 04:57:00,1.20886,1.20886,1.20876,1.20876,6
2005-06-30 04:58:00,1.20886,1.20886,1.20886,1.20886,2
2005-06-30 04:59:00,1.20886,1.20886,1.20886,1.20886,1
2005-06-30 05:00:00,1.20886,1.20886,1.20876,1.20886,5
2005-06-30 05:01:00,1.20886,1.20886,1.20886,1.20886,9
2005-06-30 05:02:00,1.20876,1.20886,1.20876,1.20886,9
2005-06-30 05:03:00,1.20886,1.20886,1.20876,1.20876,8
2005-06-30 05:04:00,1.20886,1.20896,1.20886,1.20886,6
2005-06-30 05:05:00,1.20876,1.20876,1.20876,1.20876,4
2005-06-30 05:06:00,1.20866,1.20876,1.20866,1.20876,4
2005-06-30 05:07:00,1.20866,1.20866,1.20866,1.20866,7
2005-06-30 05:08:00,1.20866,1.20866,1.20866,1.20866,2
2005-06-30 05:09:00,1.20866,1.20866,1.20866,1.20866,2
2005-06-30 05:10:00,1.20866,1.20866,1.20866,1.20866,2
2005-06-30 05:11:00,1.20866,1.20866,1.20856,1.20856,11
2005-06-30 05:12:00,1.20856,1.20866,1.20856,1.20856,10
2005-06-30 05:13:00,1.20856,1.20856,1.20856,1.20856,2
2005-06-30 05:14:00,1.20856,1.20856,1.20856,1.20856,2
2005-06-30 05:15:00,1.20856,1.20856,1.20856,1.20856,1
2005-06-30 05:16:00,1.20866,1.20866,1.20856,1.20856,3
2005-06-30 05:17:00,1.20866,1.20866,1.20866,1.20866,2
2005-06-30 05:18:00,1.20856,1.20876,1.20856,1.20866,15
2005-06-30 05:19:00,1.20846,1.20856,1.20846,1.20856,17
2005-06-30 05:20:00,1.20846,1.20846,1.20846,1.20846,5
2005-06-30 05:21:00,1.20846,1.20846,1.20846,1.20846,5
2005-06-30 05:22:00,1.20846,1.20846,1.20846,1.20846,2
2005-06-30 05:23:00,1.20876,1.20876,1.20846,1.20846,10
2005-06-30 05:24:00,1.20876,1.20876,1.20866,1.20876,7
2005-06-30 05:25:00,1.20876,1.20876,1.20866,1.20866,3
2005-06-30 05:26:00,1.20866,1.20866,1.20866,1.20866,6
2005-06-30 05:27:00,1.20846,1.20866,1.20846,1.20866,7
2005-06-30 05:28:00,1.20846,1.20856,1.20846,1.20846,6
2005-06-30 05:29:00,1.20846,1.20846,1.20846,1.20846,5
2005-06-30 05:30:00,1.20846,1.20846,1.20836,1.20846,8
2005-06-30 05:31:00,1.20846,1.20846,1.20846,1.20846,3
2005-06-30 05:32:00,1.20846,1.20846,1.20846,1.20846,4
2005-06-30 05:33:00,1.20846,1.20846,1.20846,1.20846,4
2005-06-30 05:34:00,1.20846,1.20856,1.20846,1.20856,8
2005-06-30 05:35:00,1.20846,1.20846,1.20846,1.20846,6
2005-06-30 05:36:00,1.20846,1.20846,1.20846,1.20846,2
2005-06-30 05:37:00,1.20856,1.20856,1.20846,1.20846,6
2005-06-30 05:38:00,1.20846,1.20856,1.20846,1.20856,10
2005-06-30 05:39:00,1.20838,1.20846,1.20838,1.20846,5
2005-06-30 05:40:00,1.20828,1.20828,1.20818,1.20828,13
2005-06-30 05:41:00,1.20828,1.20828,1.20818,1.20818,7
2005-06-30 05:42:00,1.20848,1.20848,1.20838,1.20838,7
2005-06-30 05:43:00,1.20838,1.20838,1.20828,1.20838,7
2005-06-30 05:44:00,1.20848,1.20848,1.20838,1.20838,8
2005-06-30 05:45:00,1.20858,1.20858,1.20848,1.20848,8
2005-06-30 05:46:00,1.20888,1.20888,1.20858,1.20858,11
2005-06-30 05:47:00,1.20868,1.20888,1.20858,1.20888,16
2005-06-30 05:48:00,1.20888,1.20888,1.20868,1.20868,6
2005-06-30 05:49:00,1.20898,1.20908,1.20888,1.20888,16
2005-06-30 05:50:00,1.20858,1.20888,1.20858,1.20888,10
2005-06-30 05:51:00,1.20878,1.20888,1.20868,1.20868,15
2005-06-30 05:52:00,1.20888,1.20888,1.20878,1.20888,9
2005-06-30 05:53:00,1.20908,1.20918,1.20888,1.20888,20
2005-06-30 05:54:00,1.20898,1.20918,1.20898,1.20908,17
2005-06-30 05:55:00,1.20908,1.20908,1.20888,1.20888,10
2005-06-30 05:56:00,1.20908,1.20908,1.20908,1.20908,2
2005-06-30 05:57:00,1.20938,1.20938,1.20908,1.20908,10
2005-06-30 05:58:00,1.20928,1.20928,1.20918,1.20928,12
2005-06-30 05:59:00,1.20938,1.20948,1.20928,1.20938,15
2005-06-30 06:00:00,1.20928,1.20948,1.20928,1.20948,9
2005-06-30 06:01:00,1.20942,1.20942,1.20918,1.20918,23
2005-06-30 06:02:00,1.20952,1.20962,1.20932,1.20942,43
2005-06-30 06:03:00,1.20932,1.20962,1.20932,1.20952,43
2005-06-30 06:04:00,1.20942,1.20942,1.20932,1.20932,41
2005-06-30 06:05:00,1.20962,1.20962,1.20932,1.20942,52
2005-06-30 06:06:00,1.20942,1.20972,1.20932,1.20972,46
2005-06-30 06:07:00,1.20942,1.20952,1.20932,1.20942,48
2005-06-30 06:08:00,1.20942,1.20952,1.20942,1.20942,40
2005-06-30 06:09:00,1.20942,1.20942,1.20942,1.20942,35
2005-06-30 06:10:00,1.20942,1.20942,1.20932,1.20942,49
2005-06-30 06:11:00,1.20942,1.20952,1.20942,1.20942,37
2005-06-30 06:12:00,1.20952,1.20952,1.20942,1.20942,45
2005-06-30 06:13:00,1.20972,1.20972,1.20952,1.20952,32
2005-06-30 06:14:00,1.20972,1.20972,1.20952,1.20972,43
2005-06-30 06:15:00,1.20982,1.20982,1.20962,1.20972,52
2005-06-30 06:16:00,1.20972,1.20982,1.20972,1.20982,35
2005-06-30 06:17:00,1.20972,1.20992,1.20972,1.20972,54
2005-06-30 06:18:00,1.20962,1.20982,1.20962,1.20972,43
2005-06-30 06:19:00,1.21032,1.21032,1.20962,1.20962,45
2005-06-30 06:20:00,1.21042,1.21052,1.21002,1.21032,56
2005-06-30 06:21:00,1.21062,1.21072,1.21042,1.21042,51
2005-06-30 06:22:00,1.21062,1.21082,1.21062,1.21062,52
2005-06-30 06:23:00,1.21052,1.21062,1.21042,1.21062,39
2005-06-30 06:24:00,1.21042,1.21052,1.21032,1.21052,51
2005-06-30 06:25:00,1.21082,1.21082,1.21042,1.21042,48
2005-06-30 06:26:00,1.21072,1.21082,1.21062,1.21082,49
2005-06-30 06:27:00,1.21082,1.21092,1.21072,1.21072,48
2005-06-30 06:28:00,1.21072,1.21082,1.21072,1.21072,46
2005-06-30 06:29:00,1.21072,1.21112,1.21062,1.21072,52
2005-06-30 06:30:00,1.21032,1.21072,1.21032,1.21072,51
2005-06-30 06:31:00,1.21032,1.21032,1.21012,1.21032,43
2005-06-30 06:32:00,1.21042,1.21042,1.21032,1.21042,44
2005-06-30 06:33:00,1.21022,1.21042,1.21022,1.21042,50
2005-06-30 06:34:00,1.21012,1.21042,1.21012,1.21032,51
2005-06-30 06:35:00,1.20992,1.21022,1.20982,1.21012,53
2005-06-30 06:36:00,1.20962,1.20992,1.20962,1.20992,49
2005-06-30 06:37:00,1.20948,1.20978,1.20938,1.20962,51
2005-06-30 06:38:00,1.20942,1.20952,1.20932,1.20948,59
2005-06-30 06:39:00,1.20932,1.20942,1.20932,1.20942,48
2005-06-30 06:40:00,1.20942,1.20942,1.20932,1.20932,43
2005-06-30 06:41:00,1.20972,1.20972,1.20942,1.20942,45
2005-06-30 06:42:00,1.20982,1.20982,1.20962,1.20972,44
2005-06-30 06:43:00,1.20962,1.20982,1.20962,1.20982,41
2005-06-30 06:44:00,1.20982,1.20992,1.20962,1.20962,49
2005-06-30 06:45:00,1.20952,1.20972,1.20942,1.20972,48
2005-06-30 06:46:00,1.20932,1.20952,1.20932,1.20952,31
2005-06-30 06:47:00,1.20902,1.20932,1.20902,1.20932,53
2005-06-30 06:48:00,1.20932,1.20932,1.20902,1.20902,51
2005-06-30 06:49:00,1.20892,1.20932,1.20882,1.20932,48
2005-06-30 06:50:00,1.20892,1.20902,1.20882,1.20892,38
2005-06-30 06:51:00,1.20882,1.20882,1.20862,1.20882,47
2005-06-30 06:52:00,1.20852,1.20882,1.20842,1.20882,39
2005-06-30 06:53:00,1.20872,1.20872,1.20852,1.20862,43
2005-06-30 06:54:00,1.20878,1.20882,1.20872,1.20872,47
2005-06-30 06:55:00,1.20888,1.20892,1.20878,1.20878,40
2005-06-30 06:56:00,1.20898,1.20898,1.20878,1.20888,43
2005-06-30 06:57:00,1.20908,1.20908,1.20888,1.20898,47
2005-06-30 06:58:00,1.20908,1.20918,1.20908,1.20908,45
2005-06-30 06:59:00,1.20892,1.20918,1.20892,1.20908,37
2005-06-30 07:00:00,1.20872,1.20892,1.20872,1.20892,36
2005-06-30 07:01:00,1.20882,1.20882,1.20872,1.20872,43
2005-06-30 07:02:00,1.20872,1.20882,1.20872,1.20882,26
2005-06-30 07:03:00,1.20852,1.20882,1.20852,1.20872,44
2005-06-30 07:04:00,1.20852,1.20862,1.20842,1.20852,47
2005-06-30 07:05:00,1.20832,1.20852,1.20822,1.20852,47
2005-06-30 07:06:00,1.20852,1.20852,1.20812,1.20832,50
2005-06-30 07:07:00,1.20842,1.20852,1.20832,1.20852,53
2005-06-30 07:08:00,1.20842,1.20862,1.20832,1.20852,44
2005-06-30 07:09:00,1.20842,1.20852,1.20832,1.20842,41
2005-06-30 07:10:00,1.20832,1.20842,1.20822,1.20842,44
2005-06-30 07:11:00,1.20862,1.20862,1.20832,1.20832,50
2005-06-30 07:12:00,1.20852,1.20862,1.20842,1.20862,41
2005-06-30 07:13:00,1.20842,1.20852,1.20842,1.20852,38
2005-06-30 07:14:00,1.20852,1.20852,1.20832,1.20842,46
2005-06-30 07:15:00,1.20842,1.20852,1.20842,1.20852,41
2005-06-30 07:16:00,1.20812,1.20852,1.20812,1.20842,47
2005-06-30 07:17:00,1.20822,1.20822,1.20802,1.20812,54
2005-06-30 07:18:00,1.20802,1.20822,1.20792,1.20822,48
2005-06-30 07:19:00,1.20832,1.20832,1.20802,1.20802,49
2005-06-30 07:20:00,1.20818,1.20852,1.20818,1.20832,48
2005-06-30 07:21:00,1.20838,1.20838,1.20818,1.20818,51
2005-06-30 07:22:00,1.20858,1.20858,1.20838,1.20838,48
2005-06-30 07:23:00,1.20858,1.20858,1.20848,1.20858,37
2005-06-30 07:24:00,1.20858,1.20868,1.20858,1.20858,42
2005-06-30 07:25:00,1.20838,1.20858,1.20838,1.20858,39
2005-06-30 07:26:00,1.20848,1.20848,1.20848,1.20848,31
2005-06-30 07:27:00,1.20848,1.20858,1.20828,1.20858,44
2005-06-30 07:28:00,1.20828,1.20848,1.20828,1.20848,41
2005-06-30 07:29:00,1.20808,1.20828,1.20798,1.20828,34
2005-06-30 07:30:00,1.20792,1.20812,1.20792,1.20808,43
2005-06-30 07:31:00,1.20752,1.20792,1.20752,1.20792,53
2005-06-30 07:32:00,1.20732,1.20752,1.20732,1.20752,52
2005-06-30 07:33:00,1.20732,1.20742,1.20722,1.20732,55
2005-06-30 07:34:00,1.20722,1.20742,1.20722,1.20732,52
2005-06-30 07:35:00,1.20738,1.20742,1.20732,1.20732,48
2005-06-30 07:36:00,1.20738,1.20738,1.20728,1.20738,39
2005-06-30 07:37:00,1.20708,1.20748,1.20708,1.20738,48
2005-06-30 07:38:00,1.20728,1.20738,1.20708,1.20708,52
2005-06-30 07:39:00,1.20668,1.20728,1.20668,1.20728,55
2005-06-30 07:40:00,1.20688,1.20688,1.20658,1.20668,56
2005-06-30 07:41:00,1.20692,1.20692,1.20658,1.20688,52
2005-06-30 07:42:00,1.20688,1.20702,1.20678,1.20692,43
2005-06-30 07:43:00,1.20698,1.20708,1.20688,1.20688,51
2005-06-30 07:44:00,1.20688,1.20698,1.20688,1.20698,47
2005-06-30 07:45:00,1.20728,1.20728,1.20688,1.20688,48
2005-06-30 07:46:00,1.20728,1.20738,1.20728,1.20728,42
2005-06-30 07:47:00,1.20748,1.20748,1.20728,1.20728,49
2005-06-30 07:48:00,1.20738,1.20748,1.20738,1.20748,33
2005-06-30 07:49:00,1.20728,1.20738,1.20718,1.20738,43
2005-06-30 07:50:00,1.20718,1.20728,1.20718,1.20728,42
2005-06-30 07:51:00,1.20698,1.20718,1.20698,1.20718,44
2005-06-30 07:52:00,1.20718,1.20718,1.20698,1.20698,47
2005-06-30 07:53:00,1.20708,1.20718,1.20708,1.20718,39
2005-06-30 07:54:00,1.20708,1.20718,1.20708,1.20708,37
2005-06-30 07:55:00,1.20708,1.20718,1.20698,1.20708,44
2005-06-30 07:56:00,1.20728,1.20728,1.20708,1.20708,46
2005-06-30 07:57:00,1.20728,1.20728,1.20718,1.20728,39
2005-06-30 07:58:00,1.20718,1.20728,1.20718,1.20728,49
2005-06-30 07:59:00,1.20728,1.20738,1.20718,1.20718,41
2005-06-30 08:00:00,1.20738,1.20738,1.20728,1.20738,37
2005-06-30 08:01:00,1.20758,1.20758,1.20738,1.20738,47
2005-06-30 08:02:00,1.20752,1.20758,1.20748,1.20758,31
2005-06-30 08:03:00,1.20762,1.20762,1.20742,1.20752,41
2005-06-30 08:04:00,1.20752,1.20762,1.20752,1.20752,45
2005-06-30 08:05:00,1.20752,1.20762,1.20752,1.20752,36
2005-06-30 08:06:00,1.20752,1.20752,1.20742,1.20752,42
2005-06-30 08:07:00,1.20752,1.20752,1.20742,1.20752,45
2005-06-30 08:08:00,1.20752,1.20752,1.20752,1.20752,32
2005-06-30 08:09:00,1.20762,1.20772,1.20752,1.20752,34
2005-06-30 08:10:00,1.20772,1.20772,1.20762,1.20762,34
2005-06-30 08:11:00,1.20762,1.20772,1.20752,1.20772,37
2005-06-30 08:12:00,1.20762,1.20772,1.20752,1.20762,40
2005-06-30 08:13:00,1.20742,1.20772,1.20742,1.20762,48
2005-06-30 08:14:00,1.20752,1.20752,1.20742,1.20742,36
2005-06-30 08:15:00,1.20752,1.20762,1.20742,1.20752,42
2005-06-30 08:16:00,1.20752,1.20762,1.20742,1.20752,45
2005-06-30 08:17:00,1.20732,1.20762,1.20732,1.20752,49
2005-06-30 08:18:00,1.20702,1.20732,1.20692,1.20732,53
2005-06-30 08:19:00,1.20722,1.20722,1.20712,1.20712,47
2005-06-30 08:20:00,1.20732,1.20732,1.20712,1.20722,47
2005-06-30 08:21:00,1.20722,1.20732,1.20722,1.20732,36
2005-06-30 08:22:00,1.20732,1.20742,1.20722,1.20722,48
2005-06-30 08:23:00,1.20742,1.20742,1.20732,1.20732,48
2005-06-30 08:24:00,1.20752,1.20752,1.20742,1.20742,40
2005-06-30 08:25:00,1.20752,1.20752,1.20752,1.20752,31
2005-06-30 08:26:00,1.20772,1.20772,1.20752,1.20752,46
2005-06-30 08:27:00,1.20782,1.20782,1.20772,1.20772,44
2005-06-30 08:28:00,1.20782,1.20802,1.20782,1.20782,47
2005-06-30 08:29:00,1.20772,1.20782,1.20772,1.20782,42
2005-06-30 08:30:00,1.20762,1.20782,1.20762,1.20772,46
2005-06-30 08:31:00,1.20742,1.20772,1.20742,1.20772,46
2005-06-30 08:32:00,1.20732,1.20742,1.20722,1.20742,46
2005-06-30 08:33:00,1.20712,1.20732,1.20712,1.20732,45
2005-06-30 08:34:00,1.20682,1.20702,1.20662,1.20702,54
2005-06-30 08:35:00,1.20692,1.20712,1.20682,1.20682,46
2005-06-30 08:36:00,1.20752,1.20762,1.20692,1.20692,53
2005-06-30 08:37:00,1.20672,1.20762,1.20672,1.20752,50
2005-06-30 08:38:00,1.20682,1.20692,1.20662,1.20672,53
2005-06-30 08:39:00,1.20662,1.20682,1.20662,1.20682,54
2005-06-30 08:40:00,1.20672,1.20682,1.20662,1.20662,46
2005-06-30 08:41:00,1.20692,1.20692,1.20652,1.20672,51
2005-06-30 08:42:00,1.20708,1.20708,1.20692,1.20702,43
2005-06-30 08:43:00,1.20708,1.20718,1.20708,1.20708,46
2005-06-30 08:44:00,1.20708,1.20708,1.20698,1.20708,43
2005-06-30 08:45:00,1.20728,1.20738,1.20718,1.20718,52
2005-06-30 08:46:00,1.20738,1.20738,1.20728,1.20728,45
2005-06-30 08:47:00,1.20738,1.20738,1.20738,1.20738,25
2005-06-30 08:48:00,1.20728,1.20748,1.20728,1.20738,44
2005-06-30 08:49:00,1.20728,1.20728,1.20718,1.20728,39
2005-06-30 08:50:00,1.20718,1.20728,1.20718,1.20728,44
2005-06-30 08:51:00,1.20728,1.20738,1.20718,1.20718,39
2005-06-30 08:52:00,1.20738,1.20748,1.20728,1.20728,44
2005-06-30 08:53:00,1.20748,1.20748,1.20728,1.20738,53
2005-06-30 08:54:00,1.20738,1.20748,1.20738,1.20748,44
2005-06-30 08:55:00,1.20788,1.20788,1.20738,1.20738,43
2005-06-30 08:56:00,1.20768,1.20788,1.20768,1.20788,40
2005-06-30 08:57:00,1.20768,1.20778,1.20758,1.20768,49
2005-06-30 08:58:00,1.20768,1.20778,1.20768,1.20768,49
2005-06-30 08:59:00,1.20818,1.20818,1.20758,1.20768,43
2005-06-30 09:00:00,1.20772,1.20818,1.20762,1.20818,52
2005-06-30 09:01:00,1.20722,1.20782,1.20722,1.20772,58
2005-06-30 09:02:00,1.20712,1.20742,1.20712,1.20722,53
2005-06-30 09:03:00,1.20712,1.20722,1.20712,1.20712,42
2005-06-30 09:04:00,1.20732,1.20742,1.20712,1.20712,41
2005-06-30 09:05:00,1.20732,1.20752,1.20722,1.20732,50
2005-06-30 09:06:00,1.20712,1.20732,1.20712,1.20732,43
2005-06-30 09:07:00,1.20722,1.20742,1.20712,1.20712,46
2005-06-30 09:08:00,1.20702,1.20722,1.20692,1.20722,49
2005-06-30 09:09:00,1.20662,1.20722,1.20662,1.20702,54
2005-06-30 09:10:00,1.20682,1.20692,1.20662,1.20662,46
2005-06-30 09:11:00,1.20692,1.20702,1.20682,1.20692,45
2005-06-30 09:12:00,1.20712,1.20712,1.20692,1.20692,41
2005-06-30 09:13:00,1.20722,1.20722,1.20712,1.20712,33
2005-06-30 09:14:00,1.20732,1.20732,1.20722,1.20722,38
2005-06-30 09:15:00,1.20732,1.20742,1.20722,1.20732,43
2005-06-30 09:16:00,1.20722,1.20732,1.20722,1.20732,38
2005-06-30 09:17:00,1.20692,1.20722,1.20682,1.20722,48
2005-06-30 09:18:00,1.20692,1.20692,1.20692,1.20692,33
2005-06-30 09:19:00,1.20682,1.20722,1.20682,1.20692,52
2005-06-30 09:20:00,1.20682,1.20692,1.20672,1.20682,49
2005-06-30 09:21:00,1.20682,1.20702,1.20682,1.20682,46
2005-06-30 09:22:00,1.20702,1.20722,1.20682,1.20682,50
2005-06-30 09:23:00,1.20722,1.20722,1.20692,1.20702,52
2005-06-30 09:24:00,1.20732,1.20742,1.20712,1.20722,52
2005-06-30 09:25:00,1.20702,1.20732,1.20702,1.20732,43
2005-06-30 09:26:00,1.20622,1.20682,1.20612,1.20682,57
2005-06-30 09:27:00,1.20622,1.20632,1.20612,1.20622,53
2005-06-30 09:28:00,1.20682,1.20682,1.20612,1.20622,58
2005-06-30 09:29:00,1.20672,1.20692,1.20662,1.20682,55
2005-06-30 09:30:00,1.20652,1.20672,1.20642,1.20672,59
2005-06-30 09:31:00,1.20602,1.20652,1.20592,1.20652,56
2005-06-30 09:32:00,1.20602,1.20612,1.20582,1.20612,50
2005-06-30 09:33:00,1.20618,1.20618,1.20602,1.20602,49
2005-06-30 09:34:00,1.20598,1.20608,1.20598,1.20608,51
2005-06-30 09:35:00,1.20578,1.20608,1.20568,1.20608,54
2005-06-30 09:36:00,1.20578,1.20578,1.20558,1.20578,51
2005-06-30 09:37:00,1.20578,1.20578,1.20568,1.20568,47
2005-06-30 09:38:00,1.20568,1.20588,1.20568,1.20578,42
2005-06-30 09:39:00,1.20568,1.20578,1.20568,1.20568,39
2005-06-30 09:40:00,1.20578,1.20578,1.20568,1.20568,41
2005-06-30 09:41:00,1.20578,1.20588,1.20578,1.20578,38
2005-06-30 09:42:00,1.20608,1.20608,1.20578,1.20578,42
2005-06-30 09:43:00,1.20628,1.20628,1.20608,1.20608,40
2005-06-30 09:44:00,1.20638,1.20648,1.20628,1.20628,49
2005-06-30 09:45:00,1.20608,1.20638,1.20608,1.20638,42
2005-06-30 09:46:00,1.20598,1.20608,1.20578,1.20608,51
2005-06-30 09:47:00,1.20598,1.20618,1.20598,1.20598,40
2005-06-30 09:48:00,1.20588,1.20598,1.20588,1.20598,53
2005-06-30 09:49:00,1.20578,1.20598,1.20578,1.20598,43
2005-06-30 09:50:00,1.20598,1.20598,1.20568,1.20578,47
2005-06-30 09:51:00,1.20578,1.20608,1.20568,1.20598,49
2005-06-30 09:52:00,1.20578,1.20578,1.20568,1.20578,47
2005-06-30 09:53:00,1.20568,1.20578,1.20558,1.20578,44
2005-06-30 09:54:00,1.20578,1.20578,1.20568,1.20568,51
2005-06-30 09:55:00,1.20568,1.20578,1.20558,1.20578,55
2005-06-30 09:56:00,1.20578,1.20588,1.20558,1.20568,49
2005-06-30 09:57:00,1.20578,1.20588,1.20568,1.20578,46
2005-06-30 09:58:00,1.20568,1.20588,1.20568,1.20578,39
2005-06-30 09:59:00,1.20568,1.20568,1.20558,1.20568,46
2005-06-30 10:00:00,1.20568,1.20568,1.20558,1.20558,49
2005-06-30 10:01:00,1.20578,1.20578,1.20558,1.20568,37
2005-06-30 10:02:00,1.20578,1.20588,1.20568,1.20578,44
2005-06-30 10:03:00,1.20578,1.20588,1.20578,1.20578,44
2005-06-30 10:04:00,1.20588,1.20588,1.20578,1.20578,46
2005-06-30 10:05:00,1.20588,1.20588,1.20578,1.20588,35
2005-06-30 10:06:00,1.20588,1.20598,1.20588,1.20588,44
2005-06-30 10:07:00,1.20598,1.20598,1.20588,1.20588,32
2005-06-30 10:08:00,1.20568,1.20588,1.20568,1.20588,43
2005-06-30 10:09:00,1.20588,1.20588,1.20568,1.20568,43
2005-06-30 10:10:00,1.20588,1.20588,1.20578,1.20588,37
2005-06-30 10:11:00,1.20618,1.20628,1.20588,1.20588,47
2005-06-30 10:12:00,1.20608,1.20618,1.20608,1.20618,39
2005-06-30 10:13:00,1.20598,1.20608,1.20588,1.20608,33
2005-06-30 10:14:00,1.20598,1.20598,1.20598,1.20598,21
2005-06-30 10:15:00,1.20598,1.20598,1.20598,1.20598,30
2005-06-30 10:16:00,1.20598,1.20598,1.20598,1.20598,19
2005-06-30 10:17:00,1.20608,1.20608,1.20598,1.20598,32
2005-06-30 10:18:00,1.20608,1.20608,1.20608,1.20608,33
2005-06-30 10:19:00,1.20608,1.20608,1.20608,1.20608,19
2005-06-30 10:20:00,1.20608,1.20618,1.20608,1.20608,34
2005-06-30 10:21:00,1.20598,1.20608,1.20598,1.20608,27
2005-06-30 10:22:00,1.20588,1.20598,1.20588,1.20598,33
2005-06-30 10:23:00,1.20588,1.20588,1.20578,1.20588,41
2005-06-30 10:24:00,1.20598,1.20608,1.20588,1.20588,51
2005-06-30 10:25:00,1.20578,1.20598,1.20568,1.20598,46
2005-06-30 10:26:00,1.20578,1.20578,1.20568,1.20578,38
2005-06-30 10:27:00,1.20568,1.20578,1.20568,1.20578,34
2005-06-30 10:28:00,1.20518,1.20568,1.20488,1.20568,56
2005-06-30 10:29:00,1.20468,1.20528,1.20468,1.20518,53
2005-06-30 10:30:00,1.20468,1.20468,1.20438,1.20468,53
2005-06-30 10:31:00,1.20452,1.20472,1.20452,1.20468,47
2005-06-30 10:32:00,1.20472,1.20502,1.20442,1.20442,54
2005-06-30 10:33:00,1.20462,1.20492,1.20462,1.20472,55
2005-06-30 10:34:00,1.20492,1.20492,1.20462,1.20462,42
2005-06-30 10:35:00,1.20472,1.20492,1.20462,1.20492,53
2005-06-30 10:36:00,1.20482,1.20482,1.20442,1.20472,49
2005-06-30 10:37:00,1.20472,1.20482,1.20462,1.20482,47
2005-06-30 10:38:00,1.20492,1.20492,1.20462,1.20472,42
2005-06-30 10:39:00,1.20502,1.20502,1.20482,1.20492,48
2005-06-30 10:40:00,1.20522,1.20522,1.20492,1.20502,45
2005-06-30 10:41:00,1.20532,1.20532,1.20522,1.20522,49
2005-06-30 10:42:00,1.20512,1.20532,1.20512,1.20532,45
2005-06-30 10:43:00,1.20542,1.20542,1.20522,1.20522,39
2005-06-30 10:44:00,1.20532,1.20542,1.20532,1.20542,38
2005-06-30 10:45:00,1.20522,1.20542,1.20522,1.20532,38
2005-06-30 10:46:00,1.20502,1.20522,1.20492,1.20522,45
2005-06-30 10:47:00,1.20522,1.20522,1.20492,1.20492,38
2005-06-30 10:48:00,1.20512,1.20522,1.20512,1.20522,30
2005-06-30 10:49:00,1.20532,1.20532,1.20512,1.20512,32
2005-06-30 10:50:00,1.20532,1.20532,1.20522,1.20532,39
2005-06-30 10:51:00,1.20532,1.20532,1.20522,1.20532,34
2005-06-30 10:52:00,1.20512,1.20532,1.20512,1.20532,39
2005-06-30 10:53:00,1.20522,1.20522,1.20512,1.20512,35
2005-06-30 10:54:00,1.20542,1.20542,1.20522,1.20522,39
2005-06-30 10:55:00,1.20512,1.20542,1.20512,1.20542,50
2005-06-30 10:56:00,1.20522,1.20522,1.20512,1.20512,38
2005-06-30 10:57:00,1.20522,1.20532,1.20522,1.20522,34
2005-06-30 10:58:00,1.20532,1.20542,1.20522,1.20522,32
2005-06-30 10:59:00,1.20512,1.20542,1.20512,1.20532,41
2005-06-30 11:00:00,1.20532,1.20542,1.20512,1.20512,45
2005-06-30 11:01:00,1.20532,1.20542,1.20532,1.20532,38
2005-06-30 11:02:00,1.20532,1.20542,1.20532,1.20542,44
2005-06-30 11:03:00,1.20532,1.20532,1.20532,1.20532,20
2005-06-30 11:04:00,1.20542,1.20542,1.20532,1.20532,35
2005-06-30 11:05:00,1.20552,1.20552,1.20532,1.20542,37
2005-06-30 11:06:00,1.20542,1.20552,1.20532,1.20552,38
2005-06-30 11:07:00,1.20542,1.20542,1.20542,1.20542,22
2005-06-30 11:08:00,1.20522,1.20542,1.20522,1.20542,31
2005-06-30 11:09:00,1.20532,1.20532,1.20512,1.20522,37
2005-06-30 11:10:00,1.20572,1.20572,1.20532,1.20532,53
2005-06-30 11:11:00,1.20582,1.20592,1.20572,1.20572,45
2005-06-30 11:12:00,1.20582,1.20582,1.20572,1.20582,46
2005-06-30 11:13:00,1.20592,1.20602,1.20582,1.20582,45
2005-06-30 11:14:00,1.20602,1.20612,1.20592,1.20602,48
2005-06-30 11:15:00,1.20592,1.20612,1.20592,1.20602,34
2005-06-30 11:16:00,1.20682,1.20692,1.20592,1.20592,53
2005-06-30 11:17:00,1.20692,1.20712,1.20672,1.20682,58
2005-06-30 11:18:00,1.20722,1.20722,1.20682,1.20692,52
2005-06-30 11:19:00,1.20742,1.20742,1.20712,1.20722,47
2005-06-30 11:20:00,1.20712,1.20752,1.20712,1.20742,54
2005-06-30 11:21:00,1.20742,1.20772,1.20712,1.20712,57
2005-06-30 11:22:00,1.20752,1.20762,1.20732,1.20742,58
2005-06-30 11:23:00,1.20732,1.20752,1.20712,1.20752,52
2005-06-30 11:24:00,1.20732,1.20742,1.20722,1.20732,47
2005-06-30 11:25:00,1.20742,1.20742,1.20722,1.20732,37
2005-06-30 11:26:00,1.20732,1.20742,1.20732,1.20742,38
2005-06-30 11:27:00,1.20732,1.20732,1.20732,1.20732,23
2005-06-30 11:28:00,1.20732,1.20732,1.20722,1.20732,40
2005-06-30 11:29:00,1.20732,1.20742,1.20722,1.20722,48
2005-06-30 11:30:00,1.20722,1.20742,1.20712,1.20732,47
2005-06-30 11:31:00,1.20702,1.20722,1.20702,1.20722,49
2005-06-30 11:32:00,1.20702,1.20702,1.20692,1.20702,47
2005-06-30 11:33:00,1.20702,1.20712,1.20702,1.20702,38
2005-06-30 11:34:00,1.20702,1.20712,1.20692,1.20702,46
2005-06-30 11:35:00,1.20772,1.20772,1.20702,1.20702,59
2005-06-30 11:36:00,1.20742,1.20772,1.20732,1.20772,56
2005-06-30 11:37:00,1.20742,1.20742,1.20742,1.20742,30
2005-06-30 11:38:00,1.20752,1.20752,1.20732,1.20742,48
2005-06-30 11:39:00,1.20712,1.20752,1.20702,1.20752,54
2005-06-30 11:40:00,1.20722,1.20722,1.20712,1.20712,50
2005-06-30 11:41:00,1.20742,1.20742,1.20722,1.20722,40
2005-06-30 11:42:00,1.20742,1.20762,1.20732,1.20742,54
2005-06-30 11:43:00,1.20742,1.20762,1.20732,1.20742,54
2005-06-30 11:44:00,1.20802,1.20802,1.20752,1.20752,49
2005-06-30 11:45:00,1.20782,1.20802,1.20772,1.20802,50
2005-06-30 11:46:00,1.20822,1.20832,1.20782,1.20782,52
2005-06-30 11:47:00,1.20862,1.20862,1.20822,1.20822,44
2005-06-30 11:48:00,1.20842,1.20852,1.20842,1.20852,48
2005-06-30 11:49:00,1.20832,1.20852,1.20832,1.20842,49
2005-06-30 11:50:00,1.20862,1.20872,1.20832,1.20842,51
2005-06-30 11:51:00,1.20862,1.20898,1.20852,1.20872,59
2005-06-30 11:52:00,1.20872,1.20892,1.20852,1.20862,58
2005-06-30 11:53:00,1.20862,1.20882,1.20862,1.20872,48
2005-06-30 11:54:00,1.20842,1.20862,1.20842,1.20862,45
2005-06-30 11:55:00,1.20852,1.20852,1.20842,1.20842,40
2005-06-30 11:56:00,1.20842,1.20852,1.20822,1.20852,44
2005-06-30 11:57:00,1.20862,1.20882,1.20842,1.20842,47
2005-06-30 11:58:00,1.20862,1.20872,1.20852,1.20862,46
2005-06-30 11:59:00,1.20862,1.20862,1.20852,1.20862,29
2005-06-30 12:00:00,1.20862,1.20862,1.20852,1.20852,38
2005-06-30 12:01:00,1.20852,1.20862,1.20852,1.20862,35
2005-06-30 12:02:00,1.20852,1.20862,1.20842,1.20852,49
2005-06-30 12:03:00,1.20842,1.20852,1.20842,1.20852,35
2005-06-30 12:04:00,1.20832,1.20842,1.20832,1.20842,42
2005-06-30 12:05:00,1.20822,1.20832,1.20812,1.20832,46
2005-06-30 12:06:00,1.20832,1.20832,1.20822,1.20822,28
2005-06-30 12:07:00,1.20822,1.20842,1.20812,1.20832,46
2005-06-30 12:08:00,1.20852,1.20852,1.20812,1.20822,46
2005-06-30 12:09:00,1.20872,1.20872,1.20842,1.20852,51
2005-06-30 12:10:00,1.20882,1.20882,1.20862,1.20872,42
2005-06-30 12:11:00,1.20902,1.20912,1.20872,1.20882,49
2005-06-30 12:12:00,1.20982,1.20982,1.20902,1.20902,53
2005-06-30 12:13:00,1.20952,1.20972,1.20942,1.20972,47
2005-06-30 12:14:00,1.20922,1.20952,1.20922,1.20942,54
2005-06-30 12:15:00,1.20902,1.20922,1.20902,1.20922,49
2005-06-30 12:16:00,1.20908,1.20912,1.20892,1.20902,51
2005-06-30 12:17:00,1.20878,1.20908,1.20878,1.20908,51
2005-06-30 12:18:00,1.20888,1.20888,1.20878,1.20878,50
2005-06-30 12:19:00,1.20878,1.20888,1.20878,1.20888,39
2005-06-30 12:20:00,1.20888,1.20888,1.20868,1.20878,42
2005-06-30 12:21:00,1.20898,1.20918,1.20888,1.20888,50
2005-06-30 12:22:00,1.20868,1.20898,1.20868,1.20888,41
2005-06-30 12:23:00,1.20868,1.20868,1.20858,1.20868,31
2005-06-30 12:24:00,1.20868,1.20868,1.20858,1.20868,41
2005-06-30 12:25:00,1.20868,1.20868,1.20858,1.20868,45
2005-06-30 12:26:00,1.20848,1.20868,1.20848,1.20868,44
2005-06-30 12:27:00,1.20868,1.20868,1.20848,1.20848,53
2005-06-30 12:28:00,1.20868,1.20868,1.20838,1.20868,51
2005-06-30 12:29:00,1.20852,1.20868,1.20842,1.20868,51
2005-06-30 12:30:00,1.20892,1.20902,1.20832,1.20852,61
2005-06-30 12:31:00,1.20922,1.20932,1.20862,1.20882,60
2005-06-30 12:32:00,1.20902,1.20932,1.20882,1.20922,53
2005-06-30 12:33:00,1.20952,1.20962,1.20912,1.20912,58
2005-06-30 12:34:00,1.20918,1.20962,1.20892,1.20952,64
2005-06-30 12:35:00,1.20958,1.20978,1.20908,1.20918,49
2005-06-30 12:36:00,1.20988,1.20998,1.20958,1.20958,49
2005-06-30 12:37:00,1.20988,1.21018,1.20978,1.20988,42
2005-06-30 12:38:00,1.21008,1.21008,1.20968,1.20988,59
2005-06-30 12:39:00,1.21032,1.21068,1.20978,1.20998,55
2005-06-30 12:40:00,1.21022,1.21032,1.20992,1.21032,45
2005-06-30 12:41:00,1.21018,1.21022,1.20982,1.21022,48
2005-06-30 12:42:00,1.21038,1.21068,1.21018,1.21028,52
2005-06-30 12:43:00,1.20998,1.21068,1.20998,1.21028,48
2005-06-30 12:44:00,1.20992,1.21002,1.20962,1.20998,56
2005-06-30 12:45:00,1.21012,1.21022,1.20962,1.20992,57
2005-06-30 12:46:00,1.21028,1.21028,1.20962,1.21012,54
2005-06-30 12:47:00,1.21038,1.21068,1.21018,1.21028,50
2005-06-30 12:48:00,1.20938,1.21038,1.20928,1.21038,58
2005-06-30 12:49:00,1.20942,1.20948,1.20922,1.20928,56
2005-06-30 12:50:00,1.20912,1.20952,1.20912,1.20942,48
2005-06-30 12:51:00,1.20902,1.20922,1.20892,1.20912,52
2005-06-30 12:52:00,1.20852,1.20902,1.20842,1.20902,48
2005-06-30 12:53:00,1.20832,1.20862,1.20812,1.20852,59
2005-06-30 12:54:00,1.20782,1.20842,1.20782,1.20832,46
2005-06-30 12:55:00,1.20772,1.20782,1.20762,1.20782,50
2005-06-30 12:56:00,1.20792,1.20802,1.20742,1.20772,51
2005-06-30 12:57:00,1.20802,1.20822,1.20782,1.20792,55
2005-06-30 12:58:00,1.20812,1.20852,1.20802,1.20802,51
2005-06-30 12:59:00,1.20852,1.20852,1.20812,1.20812,50
2005-06-30 13:00:00,1.20862,1.20872,1.20852,1.20852,44
2005-06-30 13:01:00,1.20902,1.20902,1.20862,1.20862,55
2005-06-30 13:02:00,1.20888,1.20898,1.20858,1.20892,47
2005-06-30 13:03:00,1.20898,1.20898,1.20868,1.20868,48
2005-06-30 13:04:00,1.20878,1.20898,1.20868,1.20898,46
2005-06-30 13:05:00,1.20878,1.20888,1.20868,1.20878,40
2005-06-30 13:06:00,1.20868,1.20878,1.20868,1.20878,44
2005-06-30 13:07:00,1.20878,1.20888,1.20868,1.20868,46
2005-06-30 13:08:00,1.20868,1.20878,1.20868,1.20878,39
2005-06-30 13:09:00,1.20878,1.20888,1.20868,1.20868,48
2005-06-30 13:10:00,1.20828,1.20878,1.20818,1.20878,36
2005-06-30 13:11:00,1.20808,1.20828,1.20798,1.20828,46
2005-06-30 13:12:00,1.20808,1.20818,1.20788,1.20808,47
2005-06-30 13:13:00,1.20798,1.20808,1.20788,1.20808,44
2005-06-30 13:14:00,1.20818,1.20828,1.20798,1.20798,49
2005-06-30 13:15:00,1.20798,1.20828,1.20798,1.20818,46
2005-06-30 13:16:00,1.20778,1.20798,1.20758,1.20798,53
2005-06-30 13:17:00,1.20788,1.20808,1.20778,1.20788,47
2005-06-30 13:18:00,1.20808,1.20828,1.20798,1.20808,43
2005-06-30 13:19:00,1.20778,1.20808,1.20768,1.20798,47
2005-06-30 13:20:00,1.20788,1.20798,1.20778,1.20778,52
2005-06-30 13:21:00,1.20768,1.20788,1.20768,1.20788,39
2005-06-30 13:22:00,1.20788,1.20808,1.20768,1.20768,44
2005-06-30 13:23:00,1.20768,1.20798,1.20738,1.20798,42
2005-06-30 13:24:00,1.20768,1.20778,1.20758,1.20768,47
2005-06-30 13:25:00,1.20758,1.20768,1.20738,1.20758,40
2005-06-30 13:26:00,1.20748,1.20768,1.20748,1.20758,46
2005-06-30 13:27:00,1.20768,1.20768,1.20738,1.20748,48
2005-06-30 13:28:00,1.20758,1.20768,1.20748,1.20768,47
2005-06-30 13:29:00,1.20742,1.20768,1.20732,1.20758,49
2005-06-30 13:30:00,1.20742,1.20742,1.20722,1.20742,40
2005-06-30 13:31:00,1.20742,1.20742,1.20732,1.20742,39
2005-06-30 13:32:00,1.20752,1.20762,1.20742,1.20742,50
2005-06-30 13:33:00,1.20762,1.20762,1.20742,1.20752,34
2005-06-30 13:34:00,1.20772,1.20772,1.20752,1.20762,51
2005-06-30 13:35:00,1.20762,1.20772,1.20762,1.20772,43
2005-06-30 13:36:00,1.20762,1.20772,1.20752,1.20762,53
2005-06-30 13:37:00,1.20762,1.20772,1.20752,1.20762,51
2005-06-30 13:38:00,1.20762,1.20762,1.20762,1.20762,35
2005-06-30 13:39:00,1.20792,1.20802,1.20762,1.20762,42
2005-06-30 13:40:00,1.20792,1.20792,1.20782,1.20792,54
2005-06-30 13:41:00,1.20798,1.20798,1.20782,1.20792,47
2005-06-30 13:42:00,1.20798,1.20798,1.20778,1.20798,50
2005-06-30 13:43:00,1.20778,1.20808,1.20778,1.20798,45
2005-06-30 13:44:00,1.20768,1.20788,1.20768,1.20778,36
2005-06-30 13:45:00,1.20788,1.20788,1.20778,1.20778,30
2005-06-30 13:46:00,1.20778,1.20798,1.20778,1.20788,46
2005-06-30 13:47:00,1.20768,1.20778,1.20768,1.20778,42
2005-06-30 13:48:00,1.20778,1.20778,1.20768,1.20778,40
2005-06-30 13:49:00,1.20768,1.20778,1.20768,1.20778,32
2005-06-30 13:50:00,1.20788,1.20788,1.20768,1.20778,43
2005-06-30 13:51:00,1.20778,1.20798,1.20778,1.20788,48
2005-06-30 13:52:00,1.20818,1.20818,1.20778,1.20778,43
2005-06-30 13:53:00,1.20788,1.20818,1.20778,1.20818,49
2005-06-30 13:54:00,1.20798,1.20798,1.20778,1.20788,52
2005-06-30 13:55:00,1.20788,1.20798,1.20778,1.20798,45
2005-06-30 13:56:00,1.20788,1.20798,1.20778,1.20788,49
2005-06-30 13:57:00,1.20822,1.20842,1.20788,1.20788,50
2005-06-30 13:58:00,1.20822,1.20852,1.20792,1.20832,55
2005-06-30 13:59:00,1.20832,1.20832,1.20802,1.20832,58
2005-06-30 14:00:00,1.20827,1.20857,1.20807,1.20832,50
2005-06-30 14:01:00,1.20817,1.20847,1.20817,1.20827,52
2005-06-30 14:02:00,1.20818,1.20838,1.20817,1.20817,48
2005-06-30 14:03:00,1.20818,1.20838,1.20808,1.20808,54
2005-06-30 14:04:00,1.20838,1.20838,1.20818,1.20818,50
2005-06-30 14:05:00,1.20838,1.20838,1.20818,1.20838,50
2005-06-30 14:06:00,1.20848,1.20848,1.20838,1.20838,40
2005-06-30 14:07:00,1.20918,1.20938,1.20848,1.20848,60
2005-06-30 14:08:00,1.20958,1.20978,1.20918,1.20918,53
2005-06-30 14:09:00,1.20938,1.20968,1.20918,1.20968,53
2005-06-30 14:10:00,1.20908,1.20928,1.20908,1.20928,46
2005-06-30 14:11:00,1.20908,1.20918,1.20898,1.20908,56
2005-06-30 14:12:00,1.20898,1.20918,1.20888,1.20908,54
2005-06-30 14:13:00,1.20868,1.20908,1.20868,1.20888,53
2005-06-30 14:14:00,1.20838,1.20868,1.20818,1.20868,51
2005-06-30 14:15:00,1.20838,1.20858,1.20818,1.20838,52
2005-06-30 14:16:00,1.20858,1.20858,1.20828,1.20838,41
2005-06-30 14:17:00,1.20858,1.20868,1.20848,1.20858,40
2005-06-30 14:18:00,1.20828,1.20858,1.20818,1.20858,40
2005-06-30 14:19:00,1.20818,1.20828,1.20818,1.20828,42
2005-06-30 14:20:00,1.20818,1.20828,1.20808,1.20818,44
2005-06-30 14:21:00,1.20828,1.20848,1.20808,1.20818,54
2005-06-30 14:22:00,1.20828,1.20838,1.20828,1.20838,49
2005-06-30 14:23:00,1.20818,1.20838,1.20798,1.20828,48
2005-06-30 14:24:00,1.20818,1.20818,1.20808,1.20808,47
2005-06-30 14:25:00,1.20838,1.20838,1.20808,1.20818,51
2005-06-30 14:26:00,1.20838,1.20838,1.20828,1.20828,57
2005-06-30 14:27:00,1.20828,1.20838,1.20818,1.20838,40
2005-06-30 14:28:00,1.20838,1.20848,1.20828,1.20828,42
2005-06-30 14:29:00,1.20848,1.20858,1.20838,1.20838,44
2005-06-30 14:30:00,1.20838,1.20848,1.20828,1.20848,45
2005-06-30 14:31:00,1.20838,1.20848,1.20828,1.20838,50
2005-06-30 14:32:00,1.20828,1.20838,1.20828,1.20838,48
2005-06-30 14:33:00,1.20828,1.20838,1.20828,1.20828,43
2005-06-30 14:34:00,1.20828,1.20838,1.20828,1.20828,37
2005-06-30 14:35:00,1.20808,1.20828,1.20808,1.20828,39
2005-06-30 14:36:00,1.20828,1.20838,1.20798,1.20798,47
2005-06-30 14:37:00,1.20818,1.20838,1.20818,1.20828,50
2005-06-30 14:38:00,1.20848,1.20878,1.20808,1.20818,56
2005-06-30 14:39:00,1.20908,1.20918,1.20848,1.20848,47
2005-06-30 14:40:00,1.20928,1.20938,1.20898,1.20898,54
2005-06-30 14:41:00,1.20928,1.20938,1.20908,1.20938,54
2005-06-30 14:42:00,1.20898,1.20918,1.20898,1.20918,44
2005-06-30 14:43:00,1.20858,1.20898,1.20858,1.20898,46
2005-06-30 14:44:00,1.20848,1.20858,1.20818,1.20858,49
2005-06-30 14:45:00,1.20828,1.20848,1.20818,1.20848,57
2005-06-30 14:46:00,1.20858,1.20878,1.20818,1.20818,55
2005-06-30 14:47:00,1.20868,1.20878,1.20838,1.20858,50
2005-06-30 14:48:00,1.20868,1.20878,1.20838,1.20868,54
2005-06-30 14:49:00,1.20948,1.20948,1.20868,1.20878,53
2005-06-30 14:50:00,1.20888,1.20938,1.20888,1.20938,50
2005-06-30 14:51:00,1.20908,1.20918,1.20868,1.20888,49
2005-06-30 14:52:00,1.20928,1.20928,1.20888,1.20908,45
2005-06-30 14:53:00,1.20928,1.20938,1.20918,1.20928,51
2005-06-30 14:54:00,1.20918,1.20948,1.20918,1.20928,54
2005-06-30 14:55:00,1.20888,1.20928,1.20888,1.20918,47
2005-06-30 14:56:00,1.20918,1.20918,1.20878,1.20888,49
2005-06-30 14:57:00,1.20968,1.20998,1.20918,1.20918,55
2005-06-30 14:58:00,1.20998,1.21008,1.20968,1.20968,61
2005-06-30 14:59:00,1.21098,1.21098,1.20978,1.20988,66
2005-06-30 15:00:00,1.21018,1.21098,1.21018,1.21098,55
2005-06-30 15:01:00,1.20988,1.21048,1.20988,1.21028,62
2005-06-30 15:02:00,1.21048,1.21048,1.20988,1.20998,53
2005-06-30 15:03:00,1.21048,1.21078,1.21028,1.21048,56
2005-06-30 15:04:00,1.21098,1.21098,1.21028,1.21058,55
2005-06-30 15:05:00,1.21068,1.21098,1.21038,1.21098,63
2005-06-30 15:06:00,1.21048,1.21068,1.21028,1.21058,55
2005-06-30 15:07:00,1.21078,1.21098,1.21048,1.21048,48
2005-06-30 15:08:00,1.21078,1.21098,1.21068,1.21078,56
2005-06-30 15:09:00,1.21068,1.21088,1.21058,1.21078,48
2005-06-30 15:10:00,1.21038,1.21068,1.21028,1.21068,56
2005-06-30 15:11:00,1.21028,1.21038,1.21008,1.21038,42
2005-06-30 15:12:00,1.21038,1.21048,1.20998,1.21028,58
2005-06-30 15:13:00,1.20988,1.21048,1.20968,1.21038,54
2005-06-30 15:14:00,1.20978,1.21008,1.20968,1.20988,50
2005-06-30 15:15:00,1.20968,1.20998,1.20968,1.20988,61
2005-06-30 15:16:00,1.20938,1.20978,1.20878,1.20978,61
2005-06-30 15:17:00,1.20928,1.20958,1.20908,1.20938,51
2005-06-30 15:18:00,1.20948,1.20948,1.20928,1.20928,49
2005-06-30 15:19:00,1.20958,1.20968,1.20948,1.20948,41
2005-06-30 15:20:00,1.20948,1.20958,1.20948,1.20958,47
2005-06-30 15:21:00,1.20938,1.20948,1.20908,1.20948,55
2005-06-30 15:22:00,1.20938,1.20958,1.20918,1.20938,58
2005-06-30 15:23:00,1.20958,1.20958,1.20928,1.20938,59
2005-06-30 15:24:00,1.20998,1.21018,1.20948,1.20958,60
2005-06-30 15:25:00,1.20978,1.21008,1.20968,1.20998,52
2005-06-30 15:26:00,1.20998,1.21008,1.20978,1.20978,44
2005-06-30 15:27:00,1.20988,1.20998,1.20978,1.20998,49
2005-06-30 15:28:00,1.20998,1.21008,1.20988,1.20988,43
2005-06-30 15:29:00,1.21042,1.21072,1.20998,1.20998,44
2005-06-30 15:30:00,1.20942,1.21042,1.20932,1.21042,49
2005-06-30 15:31:00,1.20952,1.20962,1.20932,1.20942,58
2005-06-30 15:32:00,1.20972,1.20972,1.20942,1.20952,52
2005-06-30 15:33:00,1.20962,1.20982,1.20962,1.20972,46
2005-06-30 15:34:00,1.20972,1.20982,1.20952,1.20962,45
2005-06-30 15:35:00,1.20962,1.20982,1.20952,1.20972,35
2005-06-30 15:36:00,1.20972,1.20982,1.20962,1.20962,37
2005-06-30 15:37:00,1.20942,1.20972,1.20942,1.20972,50
2005-06-30 15:38:00,1.20952,1.20962,1.20932,1.20942,41
2005-06-30 15:39:00,1.20952,1.20952,1.20942,1.20952,44
2005-06-30 15:40:00,1.20932,1.20952,1.20932,1.20952,44
2005-06-30 15:41:00,1.20902,1.20932,1.20892,1.20932,54
2005-06-30 15:42:00,1.20922,1.20922,1.20892,1.20902,39
2005-06-30 15:43:00,1.20932,1.20942,1.20922,1.20922,50
2005-06-30 15:44:00,1.20932,1.20942,1.20932,1.20942,34
2005-06-30 15:45:00,1.20932,1.20932,1.20922,1.20932,39
2005-06-30 15:46:00,1.20952,1.20952,1.20922,1.20932,54
2005-06-30 15:47:00,1.20942,1.20962,1.20942,1.20952,44
2005-06-30 15:48:00,1.20952,1.20972,1.20942,1.20942,45
2005-06-30 15:49:00,1.20972,1.20972,1.20952,1.20962,32
2005-06-30 15:50:00,1.21042,1.21052,1.20972,1.20972,54
2005-06-30 15:51:00,1.21102,1.21102,1.21032,1.21042,51
2005-06-30 15:52:00,1.21092,1.21102,1.21052,1.21102,53
2005-06-30 15:53:00,1.20992,1.21092,1.20992,1.21092,56
2005-06-30 15:54:00,1.21002,1.21032,1.20992,1.21002,47
2005-06-30 15:55:00,1.21022,1.21032,1.21002,1.21002,54
2005-06-30 15:56:00,1.20992,1.21032,1.20992,1.21022,56
2005-06-30 15:57:00,1.20992,1.21012,1.20992,1.21002,43
2005-06-30 15:58:00,1.20972,1.21012,1.20942,1.20992,54
2005-06-30 15:59:00,1.20972,1.20982,1.20962,1.20972,46
2005-06-30 16:00:00,1.20992,1.20992,1.20962,1.20972,39
2005-06-30 16:01:00,1.20972,1.20992,1.20962,1.20992,40
2005-06-30 16:02:00,1.20982,1.20982,1.20962,1.20972,45
2005-06-30 16:03:00,1.20982,1.21012,1.20972,1.20982,44
2005-06-30 16:04:00,1.20972,1.20992,1.20972,1.20982,45
2005-06-30 16:05:00,1.21002,1.21002,1.20972,1.20972,47
2005-06-30 16:06:00,1.21002,1.21012,1.20992,1.21002,51
2005-06-30 16:07:00,1.20992,1.21012,1.20992,1.21002,41
2005-06-30 16:08:00,1.21002,1.21002,1.20982,1.20992,48
2005-06-30 16:09:00,1.21002,1.21012,1.20992,1.21012,36
2005-06-30 16:10:00,1.21012,1.21012,1.21002,1.21002,27
2005-06-30 16:11:00,1.21052,1.21062,1.21012,1.21012,55
2005-06-30 16:12:00,1.21022,1.21062,1.21022,1.21052,52
2005-06-30 16:13:00,1.21038,1.21048,1.21022,1.21022,51
2005-06-30 16:14:00,1.21008,1.21028,1.20998,1.21028,43
2005-06-30 16:15:00,1.21018,1.21028,1.21008,1.21008,45
2005-06-30 16:16:00,1.21018,1.21028,1.21018,1.21018,37
2005-06-30 16:17:00,1.21028,1.21028,1.21018,1.21018,33
2005-06-30 16:18:00,1.21038,1.21038,1.21028,1.21028,27
2005-06-30 16:19:00,1.21108,1.21108,1.21038,1.21038,45
2005-06-30 16:20:00,1.21148,1.21208,1.21108,1.21108,63
2005-06-30 16:21:00,1.21168,1.21178,1.21138,1.21148,64
2005-06-30 16:22:00,1.21128,1.21178,1.21118,1.21168,53
2005-06-30 16:23:00,1.21128,1.21168,1.21128,1.21128,56
2005-06-30 16:24:00,1.21108,1.21128,1.21108,1.21128,45
2005-06-30 16:25:00,1.21068,1.21108,1.21058,1.21108,53
2005-06-30 16:26:00,1.21078,1.21078,1.21058,1.21068,48
2005-06-30 16:27:00,1.21018,1.21078,1.21008,1.21078,53
2005-06-30 16:28:00,1.21048,1.21058,1.21018,1.21018,47
2005-06-30 16:29:00,1.21048,1.21048,1.21008,1.21048,61
2005-06-30 16:30:00,1.21008,1.21048,1.21008,1.21048,46
2005-06-30 16:31:00,1.21018,1.21028,1.20988,1.21008,53
2005-06-30 16:32:00,1.21018,1.21038,1.21018,1.21018,53
2005-06-30 16:33:00,1.21028,1.21038,1.21018,1.21018,39
2005-06-30 16:34:00,1.21038,1.21048,1.21028,1.21038,52
2005-06-30 16:35:00,1.21038,1.21038,1.21028,1.21038,40
2005-06-30 16:36:00,1.21048,1.21048,1.21038,1.21038,30
2005-06-30 16:37:00,1.21048,1.21048,1.21028,1.21048,50
2005-06-30 16:38:00,1.21068,1.21068,1.21048,1.21048,44
2005-06-30 16:39:00,1.21058,1.21078,1.21028,1.21068,58
2005-06-30 16:40:00,1.21058,1.21068,1.21048,1.21068,46
2005-06-30 16:41:00,1.21038,1.21058,1.21038,1.21058,40
2005-06-30 16:42:00,1.21068,1.21078,1.21038,1.21038,45
2005-06-30 16:43:00,1.21058,1.21078,1.21058,1.21068,45
2005-06-30 16:44:00,1.21038,1.21068,1.21038,1.21058,46
2005-06-30 16:45:00,1.21008,1.21038,1.21008,1.21038,44
2005-06-30 16:46:00,1.21018,1.21028,1.21008,1.21008,50
2005-06-30 16:47:00,1.21018,1.21018,1.21018,1.21018,25
2005-06-30 16:48:00,1.21018,1.21028,1.21018,1.21018,31
2005-06-30 16:49:00,1.21018,1.21018,1.21018,1.21018,15
2005-06-30 16:50:00,1.21008,1.21028,1.21008,1.21018,31
2005-06-30 16:51:00,1.20918,1.21008,1.20908,1.21008,51
2005-06-30 16:52:00,1.20928,1.20938,1.20918,1.20918,45
2005-06-30 16:53:00,1.20918,1.20938,1.20908,1.20928,52
2005-06-30 16:54:00,1.20888,1.20908,1.20858,1.20908,53
2005-06-30 16:55:00,1.20908,1.20918,1.20888,1.20888,49
2005-06-30 16:56:00,1.20928,1.20938,1.20908,1.20908,41
2005-06-30 16:57:00,1.20928,1.20928,1.20918,1.20928,45
2005-06-30 16:58:00,1.20928,1.20928,1.20918,1.20928,34
2005-06-30 16:59:00,1.20928,1.20928,1.20918,1.20928,42
2005-06-30 17:00:00,1.20938,1.20948,1.20928,1.20928,35
2005-06-30 17:01:00,1.20942,1.20948,1.20938,1.20938,37
2005-06-30 17:02:00,1.20952,1.20952,1.20942,1.20942,31
2005-06-30 17:03:00,1.20932,1.20952,1.20932,1.20952,46
2005-06-30 17:04:00,1.20942,1.20942,1.20932,1.20932,21
2005-06-30 17:05:00,1.20932,1.20942,1.20922,1.20942,45
2005-06-30 17:06:00,1.20932,1.20942,1.20932,1.20932,27
2005-06-30 17:07:00,1.20932,1.20932,1.20932,1.20932,14
2005-06-30 17:08:00,1.20932,1.20932,1.20922,1.20932,29
2005-06-30 17:09:00,1.20932,1.20932,1.20922,1.20932,41
2005-06-30 17:10:00,1.20932,1.20932,1.20932,1.20932,17
2005-06-30 17:11:00,1.20942,1.20942,1.20932,1.20932,12
2005-06-30 17:12:00,1.20932,1.20942,1.20932,1.20942,29
2005-06-30 17:13:00,1.20942,1.20942,1.20932,1.20932,19
2005-06-30 17:14:00,1.20942,1.20942,1.20932,1.20942,36
2005-06-30 17:15:00,1.20932,1.20942,1.20932,1.20942,39
2005-06-30 17:16:00,1.20932,1.20932,1.20932,1.20932,14
2005-06-30 17:17:00,1.20952,1.20952,1.20932,1.20932,33
2005-06-30 17:18:00,1.20952,1.20952,1.20942,1.20952,30
2005-06-30 17:19:00,1.20952,1.20952,1.20952,1.20952,17
2005-06-30 17:20:00,1.20952,1.20952,1.20952,1.20952,14
2005-06-30 17:21:00,1.20932,1.20952,1.20932,1.20952,19
2005-06-30 17:22:00,1.20932,1.20942,1.20932,1.20932,41
2005-06-30 17:23:00,1.20922,1.20932,1.20922,1.20932,28
2005-06-30 17:24:00,1.20922,1.20932,1.20922,1.20922,29
2005-06-30 17:25:00,1.20922,1.20922,1.20922,1.20922,14
2005-06-30 17:26:00,1.20922,1.20932,1.20922,1.20932,38
2005-06-30 17:27:00,1.20922,1.20932,1.20922,1.20922,30
2005-06-30 17:28:00,1.20932,1.20932,1.20922,1.20922,14
2005-06-30 17:29:00,1.20932,1.20932,1.20922,1.20932,41
2005-06-30 17:30:00,1.20922,1.20932,1.20922,1.20932,28
2005-06-30 17:31:00,1.20902,1.20912,1.20902,1.20912,44
2005-06-30 17:32:00,1.20912,1.20912,1.20902,1.20902,31
2005-06-30 17:33:00,1.20902,1.20912,1.20892,1.20912,31
2005-06-30 17:34:00,1.20892,1.20902,1.20892,1.20902,36
2005-06-30 17:35:00,1.20902,1.20902,1.20892,1.20892,26
2005-06-30 17:36:00,1.20892,1.20912,1.20892,1.20902,24
2005-06-30 17:37:00,1.20902,1.20902,1.20892,1.20892,25
2005-06-30 17:38:00,1.20892,1.20902,1.20882,1.20902,34
2005-06-30 17:39:00,1.20892,1.20902,1.20892,1.20892,44
2005-06-30 17:40:00,1.20862,1.20892,1.20852,1.20892,56
2005-06-30 17:41:00,1.20862,1.20872,1.20862,1.20862,37
2005-06-30 17:42:00,1.20862,1.20872,1.20862,1.20862,26
2005-06-30 17:43:00,1.20892,1.20892,1.20862,1.20862,35
2005-06-30 17:44:00,1.20872,1.20892,1.20872,1.20892,46
2005-06-30 17:45:00,1.20862,1.20872,1.20852,1.20872,26
2005-06-30 17:46:00,1.20852,1.20862,1.20842,1.20862,53
2005-06-30 17:47:00,1.20862,1.20862,1.20842,1.20852,41
2005-06-30 17:48:00,1.20872,1.20872,1.20852,1.20852,34
2005-06-30 17:49:00,1.20882,1.20892,1.20872,1.20872,41
2005-06-30 17:50:00,1.20892,1.20912,1.20882,1.20882,43
2005-06-30 17:51:00,1.20912,1.20912,1.20892,1.20892,42
2005-06-30 17:52:00,1.20902,1.20912,1.20902,1.20902,34
2005-06-30 17:53:00,1.20912,1.20912,1.20902,1.20902,21
2005-06-30 17:54:00,1.20902,1.20922,1.20902,1.20912,34
2005-06-30 17:55:00,1.20882,1.20902,1.20882,1.20902,50
2005-06-30 17:56:00,1.20872,1.20892,1.20872,1.20882,45
2005-06-30 17:57:00,1.20862,1.20882,1.20862,1.20872,44
2005-06-30 17:58:00,1.20872,1.20872,1.20852,1.20862,46
2005-06-30 17:59:00,1.20882,1.20892,1.20872,1.20872,41
2005-06-30 18:00:00,1.20862,1.20892,1.20862,1.20882,38
2005-06-30 18:01:00,1.20852,1.20862,1.20842,1.20862,51
2005-06-30 18:02:00,1.20862,1.20862,1.20852,1.20852,32
2005-06-30 18:03:00,1.20862,1.20862,1.20842,1.20862,27
2005-06-30 18:04:00,1.20862,1.20872,1.20852,1.20862,40
2005-06-30 18:05:00,1.20862,1.20872,1.20842,1.20862,43
2005-06-30 18:06:00,1.20852,1.20862,1.20852,1.20862,34
2005-06-30 18:07:00,1.20902,1.20902,1.20852,1.20852,51
2005-06-30 18:08:00,1.20912,1.20922,1.20912,1.20912,36
2005-06-30 18:09:00,1.20902,1.20922,1.20902,1.20912,39
2005-06-30 18:10:00,1.20972,1.21032,1.20902,1.20902,63
2005-06-30 18:11:00,1.20972,1.20972,1.20922,1.20972,55
2005-06-30 18:12:00,1.20992,1.21002,1.20972,1.20972,39
2005-06-30 18:13:00,1.2098,1.20992,1.2097,1.20992,47
2005-06-30 18:14:00,1.2093,1.2098,1.2093,1.2098,47
2005-06-30 18:15:00,1.208,1.2093,1.2079,1.2092,46
2005-06-30 18:16:00,1.2082,1.2085,1.2075,1.2081,76
2005-06-30 18:17:00,1.20735,1.2085,1.20725,1.2082,72
2005-06-30 18:18:00,1.20865,1.20865,1.20725,1.20735,70
2005-06-30 18:19:00,1.20865,1.20905,1.20815,1.20875,63
2005-06-30 18:20:00,1.20772,1.20855,1.20762,1.20855,62
2005-06-30 18:21:00,1.20732,1.20772,1.20692,1.20772,59
2005-06-30 18:22:00,1.20712,1.20782,1.20702,1.20732,66
2005-06-30 18:23:00,1.20728,1.20748,1.20688,1.20708,55
2005-06-30 18:24:00,1.20688,1.20728,1.20638,1.20728,63
2005-06-30 18:25:00,1.20648,1.20708,1.20648,1.20688,57
2005-06-30 18:26:00,1.20718,1.20718,1.20648,1.20648,46
2005-06-30 18:27:00,1.20688,1.20718,1.20668,1.20718,56
2005-06-30 18:28:00,1.20678,1.20698,1.20658,1.20688,52
2005-06-30 18:29:00,1.20688,1.20698,1.20658,1.20678,48
2005-06-30 18:30:00,1.20758,1.20788,1.20688,1.20688,59
2005-06-30 18:31:00,1.20848,1.20848,1.20728,1.20768,65
2005-06-30 18:32:00,1.20798,1.20868,1.20798,1.20848,52
2005-06-30 18:33:00,1.20768,1.20828,1.20768,1.20808,55
2005-06-30 18:34:00,1.20748,1.20778,1.20748,1.20768,40
2005-06-30 18:35:00,1.20748,1.20798,1.20728,1.20758,55
2005-06-30 18:36:00,1.20738,1.20778,1.20728,1.20758,54
2005-06-30 18:37:00,1.20768,1.20768,1.20748,1.20748,43
2005-06-30 18:38:00,1.20828,1.20828,1.20758,1.20768,59
2005-06-30 18:39:00,1.20858,1.20908,1.20798,1.20838,65
2005-06-30 18:40:00,1.20838,1.20858,1.20828,1.20858,46
2005-06-30 18:41:00,1.20848,1.20868,1.20838,1.20838,40
2005-06-30 18:42:00,1.20858,1.20868,1.20848,1.20848,47
2005-06-30 18:43:00,1.20818,1.20848,1.20818,1.20848,38
2005-06-30 18:44:00,1.20808,1.20838,1.20798,1.20818,46
2005-06-30 18:45:00,1.20848,1.20848,1.20798,1.20808,51
2005-06-30 18:46:00,1.20908,1.20928,1.20828,1.20848,60
2005-06-30 18:47:00,1.20968,1.20978,1.20908,1.20908,59
2005-06-30 18:48:00,1.20948,1.20968,1.20948,1.20968,52
2005-06-30 18:49:00,1.21022,1.21032,1.20948,1.20948,61
2005-06-30 18:50:00,1.21002,1.21022,1.21002,1.21022,54
2005-06-30 18:51:00,1.21012,1.21022,1.21002,1.21002,47
2005-06-30 18:52:00,1.21012,1.21022,1.21002,1.21012,44
2005-06-30 18:53:00,1.21032,1.21062,1.21002,1.21012,51
2005-06-30 18:54:00,1.21042,1.21062,1.21032,1.21032,51
2005-06-30 18:55:00,1.21072,1.21082,1.21042,1.21052,49
2005-06-30 18:56:00,1.21092,1.21112,1.21072,1.21072,51
2005-06-30 18:57:00,1.21072,1.21102,1.21062,1.21092,51
2005-06-30 18:58:00,1.21062,1.21072,1.21042,1.21072,54
2005-06-30 18:59:00,1.21022,1.21062,1.21012,1.21062,52
2005-06-30 19:00:00,1.21012,1.21032,1.20992,1.21022,53
2005-06-30 19:01:00,1.21002,1.21012,1.21002,1.21012,41
2005-06-30 19:02:00,1.2099,1.2101,1.2098,1.21002,39
2005-06-30 19:03:00,1.2101,1.2101,1.2099,1.2099,40
2005-06-30 19:04:00,1.21,1.2101,1.21,1.2101,35
2005-06-30 19:05:00,1.2097,1.21,1.2096,1.2099,46
2005-06-30 19:06:00,1.2097,1.2098,1.2096,1.2097,41
2005-06-30 19:07:00,1.2097,1.2098,1.2096,1.2097,37
2005-06-30 19:08:00,1.2098,1.2098,1.2097,1.2097,36
2005-06-30 19:09:00,1.2097,1.2098,1.2095,1.2098,40
2005-06-30 19:10:00,1.2099,1.2099,1.2097,1.2097,40
2005-06-30 19:11:00,1.2098,1.2099,1.2098,1.2099,34
2005-06-30 19:12:00,1.2098,1.2099,1.2097,1.2098,40
2005-06-30 19:13:00,1.2097,1.2098,1.2097,1.2098,39
2005-06-30 19:14:00,1.2099,1.2099,1.2097,1.2097,33
2005-06-30 19:15:00,1.21,1.21,1.2099,1.2099,29
2005-06-30 19:16:00,1.2098,1.21,1.2098,1.21,27
2005-06-30 19:17:00,1.2098,1.2098,1.2097,1.2098,27
2005-06-30 19:18:00,1.2097,1.2098,1.2097,1.2098,26
2005-06-30 19:19:00,1.2096,1.2097,1.2096,1.2097,30
2005-06-30 19:20:00,1.2096,1.2096,1.2096,1.2096,18
2005-06-30 19:21:00,1.2099,1.2099,1.2096,1.2096,37
2005-06-30 19:22:00,1.2099,1.21,1.2098,1.2098,29
2005-06-30 19:23:00,1.2102,1.2104,1.2099,1.2099,44
2005-06-30 19:24:00,1.2104,1.2105,1.2102,1.2102,48
2005-06-30 19:25:00,1.2107,1.2107,1.2102,1.2104,41
2005-06-30 19:26:00,1.2105,1.2107,1.2103,1.2107,47
2005-06-30 19:27:00,1.2105,1.2106,1.2104,1.2105,37
2005-06-30 19:28:00,1.2107,1.2107,1.2104,1.2105,35
2005-06-30 19:29:00,1.2106,1.2109,1.2106,1.2107,52
2005-06-30 19:30:00,1.2106,1.2107,1.2104,1.2106,32
2005-06-30 19:31:00,1.2105,1.2106,1.2104,1.2106,47
2005-06-30 19:32:00,1.2104,1.2105,1.2103,1.2105,44
2005-06-30 19:33:00,1.2104,1.2105,1.2104,1.2104,40
2005-06-30 19:34:00,1.2104,1.2105,1.2104,1.2104,33
2005-06-30 19:35:00,1.2104,1.2105,1.2104,1.2105,39
2005-06-30 19:36:00,1.2104,1.2104,1.2104,1.2104,10
2005-06-30 19:37:00,1.2104,1.2105,1.2104,1.2104,27
2005-06-30 19:38:00,1.2103,1.2104,1.2102,1.2104,35
2005-06-30 19:39:00,1.2103,1.2104,1.2102,1.2103,35
2005-06-30 19:40:00,1.2104,1.2104,1.2101,1.2103,42
2005-06-30 19:41:00,1.2104,1.2105,1.2101,1.2104,44
2005-06-30 19:42:00,1.2105,1.2105,1.2103,1.2104,25
2005-06-30 19:43:00,1.2104,1.2106,1.2104,1.2105,40
2005-06-30 19:44:00,1.2104,1.2105,1.2104,1.2104,17
2005-06-30 19:45:00,1.2104,1.2105,1.2104,1.2104,16
2005-06-30 19:46:00,1.2103,1.2104,1.2103,1.2104,26
2005-06-30 19:47:00,1.2104,1.2104,1.2102,1.2102,36
2005-06-30 19:48:00,1.2103,1.2104,1.2103,1.2104,25
2005-06-30 19:49:00,1.2104,1.2104,1.2103,1.2103,20
2005-06-30 19:50:00,1.2104,1.2104,1.2103,1.2104,20
2005-06-30 19:51:00,1.2102,1.2104,1.2102,1.2104,24
2005-06-30 19:52:00,1.2103,1.2104,1.2102,1.2102,28
2005-06-30 19:53:00,1.2103,1.2104,1.2103,1.2103,29
2005-06-30 19:54:00,1.2103,1.2104,1.2103,1.2103,31
2005-06-30 19:55:00,1.2101,1.2103,1.2101,1.2103,28
2005-06-30 19:56:00,1.2102,1.2103,1.2101,1.2101,28
2005-06-30 19:57:00,1.2103,1.2103,1.2102,1.2102,13
2005-06-30 19:58:00,1.2102,1.2103,1.2102,1.2102,30
2005-06-30 19:59:00,1.2102,1.2103,1.2101,1.2102,34
2005-06-30 20:00:00,1.2102,1.2103,1.2102,1.2103,3
2005-06-30 20:01:00,1.2102,1.2103,1.2102,1.2102,12
2005-06-30 20:02:00,1.2102,1.2103,1.2102,1.2103,13
2005-06-30 20:03:00,1.2104,1.2104,1.2102,1.2103,9
2005-06-30 20:04:00,1.2103,1.2103,1.2102,1.2103,10
2005-06-30 20:05:00,1.2103,1.2103,1.2102,1.2103,10
2005-06-30 20:06:00,1.2102,1.2103,1.2101,1.2102,12
2005-06-30 20:07:00,1.2102,1.2102,1.2101,1.2102,11
2005-06-30 20:08:00,1.2102,1.2102,1.2101,1.2101,7
2005-06-30 20:09:00,1.2102,1.2102,1.2102,1.2102,2
2005-06-30 20:10:00,1.2102,1.2102,1.2101,1.2101,4
2005-06-30 20:11:00,1.2101,1.2102,1.2101,1.2102,9
2005-06-30 20:12:00,1.21,1.2102,1.21,1.2102,9
2005-06-30 20:13:00,1.21,1.2101,1.21,1.2101,5
2005-06-30 20:14:00,1.2098,1.2101,1.2098,1.21,12
2005-06-30 20:15:00,1.2097,1.2098,1.2097,1.2098,3
2005-06-30 20:16:00,1.2098,1.2098,1.2097,1.2097,8
2005-06-30 20:17:00,1.2099,1.21,1.2098,1.2098,6
2005-06-30 20:18:00,1.21,1.21,1.2099,1.21,7
2005-06-30 20:19:00,1.2099,1.21,1.2099,1.21,3
2005-06-30 20:20:00,1.21,1.21,1.21,1.21,3
2005-06-30 20:21:00,1.2101,1.2102,1.21,1.21,10
2005-06-30 20:22:00,1.2101,1.2101,1.2101,1.2101,2
2005-06-30 20:23:00,1.2103,1.2105,1.2102,1.2102,14
2005-06-30 20:24:00,1.2103,1.2103,1.2103,1.2103,5
2005-06-30 20:25:00,1.2104,1.2104,1.2104,1.2104,4
2005-06-30 20:26:00,1.2105,1.2107,1.2104,1.2105,19
2005-06-30 20:27:00,1.2104,1.2106,1.2104,1.2104,15
2005-06-30 20:28:00,1.2105,1.2106,1.2105,1.2105,5
2005-06-30 20:29:00,1.2104,1.2106,1.2104,1.2106,9
2005-06-30 20:30:00,1.2106,1.2106,1.2104,1.2104,6
2005-06-30 20:31:00,1.2106,1.2107,1.2105,1.2106,9
2005-06-30 20:32:00,1.2106,1.2108,1.2106,1.2107,13
2005-06-30 20:33:00,1.2107,1.2107,1.2106,1.2106,11
2005-06-30 20:34:00,1.2107,1.2108,1.2107,1.2107,9
2005-06-30 20:35:00,1.2107,1.2107,1.2107,1.2107,6
2005-06-30 20:36:00,1.2107,1.2107,1.2106,1.2107,4
2005-06-30 20:37:00,1.2107,1.2107,1.2106,1.2107,9
2005-06-30 20:38:00,1.2108,1.2108,1.2106,1.2106,9
2005-06-30 20:39:00,1.2109,1.211,1.2108,1.2108,18
2005-06-30 20:40:00,1.2109,1.211,1.2108,1.2109,11
2005-06-30 20:41:00,1.2109,1.211,1.2108,1.2109,15
2005-06-30 20:42:00,1.2109,1.211,1.2108,1.2109,8
2005-06-30 20:43:00,1.2106,1.2108,1.2105,1.2108,10
2005-06-30 20:44:00,1.2105,1.2107,1.2105,1.2106,11
2005-06-30 20:45:00,1.2104,1.2104,1.2102,1.2104,13
2005-06-30 20:46:00,1.2104,1.2105,1.2104,1.2105,3
2005-06-30 20:47:00,1.2106,1.2106,1.2104,1.2104,5
2005-06-30 20:48:00,1.2108,1.2108,1.2106,1.2106,3
2005-06-30 20:49:00,1.2105,1.2108,1.2105,1.2108,12
2005-06-30 20:50:00,1.2104,1.2105,1.2103,1.2104,12
2005-06-30 20:51:00,1.2105,1.2106,1.2103,1.2103,12
2005-06-30 20:52:00,1.2106,1.2106,1.2104,1.2105,14
2005-06-30 20:53:00,1.2105,1.2107,1.2105,1.2107,8
2005-06-30 20:54:00,1.2106,1.2106,1.2105,1.2105,10
2005-06-30 20:55:00,1.2105,1.2107,1.2104,1.2106,16
2005-06-30 20:56:00,1.2106,1.2106,1.2104,1.2104,14
2005-06-30 20:57:00,1.2105,1.2106,1.2105,1.2105,6
2005-06-30 20:58:00,1.2107,1.2107,1.2106,1.2106,6
2005-06-30 20:59:00,1.2108,1.2108,1.2107,1.2108,7
2005-06-30 21:00:00,1.2107,1.2108,1.2107,1.2108,5
2005-06-30 21:01:00,1.2105,1.2107,1.2105,1.2107,7
2005-06-30 21:02:00,1.2104,1.2104,1.2104,1.2104,2
2005-06-30 21:03:00,1.2105,1.2105,1.2105,1.2105,3
2005-06-30 21:04:00,1.2105,1.2105,1.2105,1.2105,2
2005-06-30 21:05:00,1.2105,1.2105,1.2105,1.2105,2
2005-06-30 21:06:00,1.2105,1.2105,1.2105,1.2105,4
2005-06-30 21:07:00,1.2103,1.2105,1.2102,1.2105,9
2005-06-30 21:08:00,1.2103,1.2104,1.2102,1.2103,7
2005-06-30 21:09:00,1.2103,1.2105,1.2103,1.2104,7
2005-06-30 21:10:00,1.2102,1.2103,1.2102,1.2103,4
2005-06-30 21:11:00,1.2102,1.2102,1.2102,1.2102,5
2005-06-30 21:12:00,1.2104,1.2104,1.2102,1.2104,11
2005-06-30 21:13:00,1.2104,1.2104,1.2102,1.2103,8
2005-06-30 21:14:00,1.2104,1.2105,1.2104,1.2104,3
2005-06-30 21:15:00,1.2104,1.2104,1.2104,1.2104,5
2005-06-30 21:16:00,1.2104,1.2105,1.2104,1.2104,4
2005-06-30 21:17:00,1.2105,1.2105,1.2104,1.2104,4
2005-06-30 21:18:00,1.2105,1.2105,1.2105,1.2105,5
2005-06-30 21:19:00,1.2106,1.2106,1.2105,1.2105,5
2005-06-30 21:20:00,1.2106,1.2106,1.2103,1.2106,11
2005-06-30 21:21:00,1.2105,1.2106,1.2104,1.2106,6
2005-06-30 21:22:00,1.2105,1.2106,1.2105,1.2105,4
2005-06-30 21:23:00,1.2105,1.2105,1.2105,1.2105,9
2005-06-30 21:24:00,1.2106,1.2106,1.2105,1.2105,7
2005-06-30 21:25:00,1.2105,1.2106,1.2105,1.2105,6
2005-06-30 21:26:00,1.2105,1.2105,1.2104,1.2104,7
2005-06-30 21:27:00,1.2102,1.2104,1.2102,1.2104,10
2005-06-30 21:28:00,1.2103,1.2103,1.2102,1.2103,10
2005-06-30 21:29:00,1.2103,1.2103,1.2103,1.2103,3
2005-06-30 21:30:00,1.2103,1.2104,1.2103,1.2104,4
2005-06-30 21:31:00,1.2103,1.2103,1.2103,1.2103,6
2005-06-30 21:32:00,1.2103,1.2103,1.2103,1.2103,2
2005-06-30 21:33:00,1.2103,1.2103,1.2103,1.2103,3
2005-06-30 21:34:00,1.2103,1.2103,1.2103,1.2103,5
2005-06-30 21:35:00,1.2103,1.2103,1.2103,1.2103,2
2005-06-30 21:36:00,1.2102,1.2104,1.2102,1.2104,13
2005-06-30 21:37:00,1.2102,1.2102,1.2102,1.2102,2
2005-06-30 21:38:00,1.2102,1.2102,1.2102,1.2102,2
2005-06-30 21:39:00,1.2102,1.2103,1.21,1.2103,10
2005-06-30 21:40:00,1.2102,1.2103,1.21,1.21,8
2005-06-30 21:41:00,1.2102,1.2102,1.2102,1.2102,2
2005-06-30 21:42:00,1.2102,1.2102,1.2102,1.2102,2
2005-06-30 21:43:00,1.2099,1.2101,1.2099,1.21006,10
2005-06-30 21:44:00,1.21,1.21,1.2098,1.2098,14
2005-06-30 21:45:00,1.2102,1.2102,1.21,1.2102,8
2005-06-30 21:46:00,1.21,1.2101,1.21,1.21,7
2005-06-30 21:47:00,1.2101,1.2101,1.21,1.21,2
2005-06-30 21:48:00,1.21,1.2101,1.21,1.2101,5
2005-06-30 21:49:00,1.21,1.21,1.21,1.21,2
2005-06-30 21:50:00,1.21,1.21,1.21,1.21,2
2005-06-30 21:51:00,1.21,1.21,1.2099,1.21,4
2005-06-30 21:52:00,1.21,1.21,1.21,1.21,2
2005-06-30 21:53:00,1.2099,1.21,1.2099,1.21,4
2005-06-30 21:54:00,1.2098,1.2099,1.2097,1.2099,5
2005-06-30 21:55:00,1.2097,1.2097,1.2097,1.2097,3
2005-06-30 21:56:00,1.2097,1.2097,1.2097,1.2097,4
2005-06-30 21:57:00,1.2096,1.2098,1.2096,1.2097,8
2005-06-30 21:58:00,1.2095,1.2096,1.2095,1.2096,4
2005-06-30 21:59:00,1.2089,1.2094,1.2089,1.2094,15
2005-06-30 22:00:00,1.2091,1.2092,1.2088,1.2089,18
2005-06-30 22:01:00,1.2092,1.2092,1.2091,1.2091,15
2005-06-30 22:02:00,1.2094,1.2094,1.2093,1.2093,4
2005-06-30 22:03:00,1.2095,1.2095,1.2094,1.2094,5
2005-06-30 22:04:00,1.2095,1.2095,1.2095,1.2095,6
2005-06-30 22:05:00,1.2095,1.2096,1.2095,1.2095,6
2005-06-30 22:06:00,1.2096,1.2096,1.2095,1.2095,3
2005-06-30 22:07:00,1.2095,1.2096,1.2095,1.2096,3
2005-06-30 22:08:00,1.2096,1.2096,1.2095,1.2095,3
2005-06-30 22:09:00,1.2096,1.2096,1.2095,1.2096,4
2005-06-30 22:10:00,1.2097,1.2097,1.2096,1.2096,4
2005-06-30 22:11:00,1.2095,1.2096,1.2094,1.2096,7
2005-06-30 22:12:00,1.2096,1.2096,1.2095,1.2095,6
2005-06-30 22:13:00,1.2094,1.2096,1.2093,1.2095,13
2005-06-30 22:14:00,1.2093,1.2094,1.2093,1.2093,16
2005-06-30 22:15:00,1.2098,1.2098,1.2093,1.2094,15
2005-06-30 22:16:00,1.2097,1.2098,1.2097,1.2098,9
2005-06-30 22:17:00,1.2097,1.2098,1.2097,1.2098,4
2005-06-30 22:18:00,1.2098,1.2098,1.2098,1.2098,7
2005-06-30 22:19:00,1.2099,1.2099,1.2099,1.2099,8
2005-06-30 22:20:00,1.2097,1.2098,1.2097,1.2097,6
2005-06-30 22:21:00,1.2095,1.2097,1.2094,1.2096,15
2005-06-30 22:22:00,1.2093,1.2095,1.2093,1.2095,5
2005-06-30 22:23:00,1.2093,1.2094,1.2093,1.2094,7
2005-06-30 22:24:00,1.2095,1.2096,1.2093,1.2093,16
2005-06-30 22:25:00,1.2095,1.2095,1.2095,1.2095,2
2005-06-30 22:26:00,1.2095,1.2096,1.2095,1.2095,3
2005-06-30 22:27:00,1.2095,1.2095,1.2095,1.2095,3
2005-06-30 22:28:00,1.2093,1.2095,1.2093,1.2095,4
2005-06-30 22:29:00,1.2094,1.2094,1.2094,1.2094,9
2005-06-30 22:30:00,1.2094,1.2094,1.2094,1.2094,3
2005-06-30 22:31:00,1.2095,1.2095,1.2094,1.2094,4
2005-06-30 22:32:00,1.2097,1.2097,1.2094,1.2095,10
2005-06-30 22:33:00,1.2097,1.2097,1.2096,1.2096,8
2005-06-30 22:34:00,1.2096,1.2097,1.2096,1.2097,5
2005-06-30 22:35:00,1.2095,1.2096,1.2095,1.2096,6
2005-06-30 22:36:00,1.2095,1.2095,1.2094,1.2095,7
2005-06-30 22:37:00,1.2094,1.2094,1.2094,1.2094,4
2005-06-30 22:38:00,1.2093,1.2093,1.2093,1.2093,5
2005-06-30 22:39:00,1.2093,1.2094,1.2093,1.2094,4
2005-06-30 22:40:00,1.2093,1.2093,1.2093,1.2093,4
2005-06-30 22:41:00,1.2092,1.2093,1.2092,1.2093,5
2005-06-30 22:42:00,1.2091,1.2092,1.2091,1.2092,4
2005-06-30 22:43:00,1.209,1.2091,1.209,1.2091,7
2005-06-30 22:44:00,1.2089,1.209,1.2088,1.209,8
2005-06-30 22:45:00,1.2088,1.2089,1.2086,1.2089,16
2005-06-30 22:46:00,1.2085,1.2087,1.2084,1.2087,21
2005-06-30 22:47:00,1.2086,1.2087,1.2084,1.2084,9
2005-06-30 22:48:00,1.2087,1.2087,1.2086,1.2086,5
2005-06-30 22:49:00,1.2087,1.2087,1.2087,1.2087,1
2005-06-30 22:50:00,1.2087,1.2087,1.2086,1.2087,4
2005-06-30 22:51:00,1.2087,1.2088,1.2086,1.2086,6
2005-06-30 22:52:00,1.2089,1.2089,1.2087,1.2087,8
2005-06-30 22:53:00,1.209,1.209,1.2089,1.2089,10
2005-06-30 22:54:00,1.2089,1.2091,1.2089,1.209,6
2005-06-30 22:55:00,1.209,1.2091,1.209,1.209,6
2005-06-30 22:56:00,1.209,1.2091,1.209,1.2091,7
2005-06-30 22:57:00,1.209,1.209,1.209,1.209,6
2005-06-30 22:58:00,1.2089,1.209,1.2089,1.2089,7
2005-06-30 22:59:00,1.209,1.209,1.2089,1.2089,8
2005-06-30 23:00:00,1.2087,1.2089,1.2087,1.2089,8
2005-06-30 23:01:00,1.2086,1.2087,1.2085,1.2085,16
2005-06-30 23:02:00,1.2088,1.2088,1.2086,1.2087,7
2005-06-30 23:03:00,1.209,1.209,1.2087,1.2088,11
2005-06-30 23:04:00,1.2089,1.2089,1.2089,1.2089,3
2005-06-30 23:05:00,1.2089,1.2089,1.2089,1.2089,2
2005-06-30 23:06:00,1.209,1.209,1.2089,1.2089,3
2005-06-30 23:07:00,1.2091,1.2091,1.2089,1.209,6
2005-06-30 23:08:00,1.2091,1.2092,1.2091,1.2091,8
2005-06-30 23:09:00,1.209,1.2091,1.209,1.209,5
2005-06-30 23:10:00,1.2092,1.2092,1.209,1.209,6
2005-06-30 23:11:00,1.2091,1.2092,1.2091,1.2091,5
2005-06-30 23:12:00,1.2091,1.2091,1.2091,1.2091,2
2005-06-30 23:13:00,1.2091,1.2091,1.2091,1.2091,2
2005-06-30 23:14:00,1.2092,1.2093,1.2091,1.2091,7
2005-06-30 23:15:00,1.2093,1.2093,1.2092,1.2092,5
2005-06-30 23:16:00,1.2093,1.2093,1.2093,1.2093,2
2005-06-30 23:17:00,1.2093,1.2093,1.2093,1.2093,3
2005-06-30 23:18:00,1.2093,1.2093,1.2093,1.2093,2
2005-06-30 23:19:00,1.2094,1.2094,1.2094,1.2094,5
2005-06-30 23:20:00,1.2094,1.2094,1.2094,1.2094,2
2005-06-30 23:21:00,1.2095,1.2095,1.20946,1.20946,3
2005-06-30 23:22:00,1.2094,1.2095,1.2094,1.2095,3
2005-06-30 23:23:00,1.2095,1.2095,1.2094,1.2094,3
2005-06-30 23:24:00,1.2094,1.2095,1.2093,1.2095,7
2005-06-30 23:25:00,1.2091,1.2094,1.209,1.2093,9
2005-06-30 23:26:00,1.2091,1.2091,1.2091,1.2091,3
2005-06-30 23:27:00,1.2093,1.2094,1.2091,1.2091,15
2005-06-30 23:28:00,1.2093,1.2094,1.2093,1.2094,4
2005-06-30 23:29:00,1.2093,1.2093,1.2093,1.2093,2
2005-06-30 23:30:00,1.209,1.2094,1.209,1.2093,7
2005-06-30 23:31:00,1.2088,1.2091,1.2087,1.2091,11
2005-06-30 23:32:00,1.2087,1.2088,1.2087,1.2087,5
2005-06-30 23:33:00,1.2086,1.2087,1.2085,1.2087,8
2005-06-30 23:34:00,1.2087,1.2088,1.2086,1.2087,12
2005-06-30 23:35:00,1.2087,1.2087,1.2086,1.2087,6
2005-06-30 23:36:00,1.2089,1.2089,1.2087,1.2087,7
2005-06-30 23:37:00,1.2089,1.2089,1.2089,1.2089,4
2005-06-30 23:38:00,1.2089,1.2089,1.2087,1.2089,6
2005-06-30 23:39:00,1.2091,1.2092,1.2089,1.2089,7
2005-06-30 23:40:00,1.2095,1.2095,1.2091,1.2091,12
2005-06-30 23:41:00,1.2091,1.2095,1.2091,1.2095,12
2005-06-30 23:42:00,1.2093,1.2094,1.2091,1.2092,15
2005-06-30 23:43:00,1.2095,1.2095,1.2094,1.2094,9
2005-06-30 23:44:00,1.2095,1.2095,1.2095,1.2095,2
2005-06-30 23:45:00,1.2094,1.2095,1.2094,1.2095,3
2005-06-30 23:46:00,1.2095,1.2095,1.2094,1.2094,3
2005-06-30 23:47:00,1.2094,1.2095,1.2094,1.2095,4
2005-06-30 23:48:00,1.2091,1.2093,1.2089,1.2093,16
2005-06-30 23:49:00,1.2095,1.2095,1.2092,1.2092,10
2005-06-30 23:50:00,1.2091,1.2097,1.2091,1.2095,10
2005-06-30 23:51:00,1.2092,1.2093,1.209,1.2091,17
2005-06-30 23:52:00,1.2089,1.2091,1.2088,1.2091,21
2005-06-30 23:53:00,1.209,1.2091,1.2089,1.2089,7
2005-06-30 23:54:00,1.2089,1.209,1.2088,1.209,14
2005-06-30 23:55:00,1.209,1.209,1.2088,1.2089,9
2005-06-30 23:56:00,1.209,1.209,1.2089,1.2089,7
2005-06-30 23:57:00,1.209,1.209,1.209,1.209,5
2005-06-30 23:58:00,1.209,1.2091,1.209,1.209,8
