time,close,high,low,open,volume
2012-09-02 22:00:00,110.289,110.297,110.289,110.297,2
2012-09-02 22:02:00,110.297,110.297,110.297,110.297,1
2012-09-02 22:06:00,110.289,110.289,110.289,110.289,1
2012-09-02 22:16:00,110.281,110.281,110.281,110.281,1
2012-09-02 22:20:00,110.289,110.289,110.289,110.289,1
2012-09-02 22:24:00,110.281,110.281,110.281,110.281,1
2012-09-02 22:57:00,110.289,110.289,110.289,110.289,1
2012-09-03 00:47:00,110.282,110.282,110.282,110.282,1
2012-09-03 00:51:00,110.289,110.289,110.289,110.289,1
2012-09-03 01:17:00,110.282,110.282,110.282,110.282,1
2012-09-03 01:23:00,110.289,110.289,110.289,110.289,1
2012-09-03 01:56:00,110.282,110.282,110.282,110.282,1
2012-09-03 02:57:00,110.274,110.274,110.274,110.274,1
2012-09-03 02:58:00,110.282,110.282,110.282,110.282,1
2012-09-03 03:06:00,110.274,110.274,110.274,110.274,1
2012-09-03 03:20:00,110.282,110.282,110.282,110.282,1
2012-09-03 03:21:00,110.274,110.274,110.274,110.274,1
2012-09-03 03:59:00,110.282,110.282,110.282,110.282,1
2012-09-03 04:00:00,110.274,110.274,110.274,110.274,1
2012-09-03 04:18:00,110.266,110.266,110.266,110.266,1
2012-09-03 04:29:00,110.274,110.274,110.266,110.274,5
2012-09-03 04:34:00,110.266,110.266,110.266,110.266,1
2012-09-03 04:55:00,110.258,110.258,110.258,110.258,1
2012-09-03 05:53:00,110.266,110.266,110.266,110.266,1
2012-09-03 06:02:00,110.258,110.258,110.258,110.258,1
2012-09-03 06:36:00,110.25,110.25,110.25,110.25,1
2012-09-03 07:00:00,110.258,110.258,110.258,110.258,1
2012-09-03 07:01:00,110.25,110.25,110.25,110.25,1
2012-09-03 07:06:00,110.258,110.258,110.258,110.258,1
2012-09-03 07:07:00,110.25,110.25,110.25,110.25,1
2012-09-03 07:13:00,110.258,110.258,110.25,110.258,3
2012-09-03 07:15:00,110.25,110.258,110.25,110.25,3
2012-09-03 07:16:00,110.258,110.258,110.258,110.258,1
2012-09-03 07:17:00,110.25,110.25,110.25,110.25,1
2012-09-03 07:35:00,110.25,110.258,110.25,110.258,2
2012-09-03 07:41:00,110.25,110.258,110.25,110.258,4
2012-09-03 07:44:00,110.242,110.242,110.242,110.242,1
2012-09-03 07:56:00,110.25,110.25,110.25,110.25,1
2012-09-03 08:17:00,110.242,110.242,110.242,110.242,1
2012-09-03 08:25:00,110.25,110.25,110.25,110.25,1
2012-09-03 08:48:00,110.242,110.242,110.242,110.242,1
2012-09-03 08:54:00,110.25,110.25,110.25,110.25,1
2012-09-03 08:55:00,110.242,110.242,110.242,110.242,1
2012-09-03 08:57:00,110.258,110.258,110.25,110.25,2
2012-09-03 08:58:00,110.25,110.25,110.25,110.25,1
2012-09-03 09:00:00,110.258,110.258,110.258,110.258,1
2012-09-03 09:37:00,110.25,110.25,110.25,110.25,1
2012-09-03 09:42:00,110.258,110.258,110.258,110.258,1
2012-09-03 09:47:00,110.25,110.25,110.25,110.25,1
2012-09-03 09:48:00,110.258,110.258,110.258,110.258,1
2012-09-03 09:57:00,110.258,110.258,110.25,110.25,2
2012-09-03 10:00:00,110.258,110.258,110.25,110.25,2
2012-09-03 10:07:00,110.25,110.25,110.25,110.25,1
2012-09-03 10:12:00,110.258,110.258,110.258,110.258,1
2012-09-03 10:14:00,110.25,110.25,110.25,110.25,1
2012-09-03 10:27:00,110.258,110.258,110.258,110.258,1
2012-09-03 10:37:00,110.25,110.25,110.25,110.25,1
2012-09-03 10:45:00,110.258,110.258,110.258,110.258,1
2012-09-03 10:47:00,110.25,110.25,110.25,110.25,1
2012-09-03 10:55:00,110.258,110.258,110.258,110.258,1
2012-09-03 10:57:00,110.258,110.258,110.25,110.25,2
2012-09-03 11:00:00,110.25,110.25,110.25,110.25,1
2012-09-03 11:03:00,110.258,110.258,110.258,110.258,1
2012-09-03 11:10:00,110.266,110.266,110.266,110.266,1
2012-09-03 11:14:00,110.258,110.258,110.258,110.258,1
2012-09-03 11:17:00,110.25,110.25,110.25,110.25,1
2012-09-03 11:21:00,110.258,110.258,110.258,110.258,1
2012-09-03 11:27:00,110.25,110.25,110.25,110.25,1
2012-09-03 11:35:00,110.258,110.258,110.258,110.258,1
2012-09-03 11:37:00,110.25,110.25,110.25,110.25,1
2012-09-03 12:00:00,110.258,110.258,110.258,110.258,1
2012-09-03 12:20:00,110.266,110.266,110.258,110.266,5
2012-09-03 12:35:00,110.274,110.274,110.266,110.274,3
2012-09-03 12:40:00,110.266,110.266,110.266,110.266,1
2012-09-03 12:48:00,110.274,110.274,110.274,110.274,1
2012-09-03 12:50:00,110.266,110.266,110.266,110.266,1
2012-09-03 13:01:00,110.274,110.274,110.274,110.274,1
2012-09-03 13:04:00,110.266,110.274,110.266,110.266,3
2012-09-03 13:05:00,110.274,110.274,110.274,110.274,1
2012-09-03 13:06:00,110.266,110.266,110.266,110.266,1
2012-09-03 13:07:00,110.266,110.274,110.266,110.274,2
2012-09-03 13:09:00,110.274,110.274,110.274,110.274,1
2012-09-03 13:11:00,110.266,110.266,110.266,110.266,1
2012-09-03 13:16:00,110.274,110.274,110.274,110.274,1
2012-09-03 13:17:00,110.266,110.266,110.266,110.266,1
2012-09-03 13:20:00,110.266,110.266,110.258,110.258,2
2012-09-03 13:25:00,110.266,110.274,110.266,110.274,2
2012-09-03 13:32:00,110.274,110.274,110.266,110.274,3
2012-09-03 13:33:00,110.274,110.274,110.266,110.266,2
2012-09-03 13:40:00,110.274,110.282,110.274,110.282,2
2012-09-03 13:43:00,110.282,110.282,110.282,110.282,1
2012-09-03 13:45:00,110.274,110.274,110.274,110.274,1
2012-09-03 13:49:00,110.282,110.282,110.282,110.282,1
2012-09-03 13:50:00,110.274,110.274,110.274,110.274,1
2012-09-03 13:52:00,110.282,110.282,110.282,110.282,1
2012-09-03 13:53:00,110.274,110.274,110.274,110.274,1
2012-09-03 13:55:00,110.274,110.282,110.274,110.282,2
2012-09-03 13:59:00,110.282,110.282,110.282,110.282,1
2012-09-03 14:00:00,110.274,110.274,110.274,110.274,1
2012-09-03 14:01:00,110.282,110.282,110.282,110.282,1
2012-09-03 14:03:00,110.274,110.274,110.274,110.274,1
2012-09-03 14:04:00,110.282,110.282,110.282,110.282,1
2012-09-03 14:05:00,110.282,110.282,110.274,110.274,2
2012-09-03 14:13:00,110.289,110.289,110.289,110.289,1
2012-09-03 14:15:00,110.282,110.282,110.282,110.282,1
2012-09-03 14:20:00,110.289,110.289,110.289,110.289,1
2012-09-03 14:22:00,110.282,110.282,110.282,110.282,1
2012-09-03 14:24:00,110.289,110.289,110.282,110.289,5
2012-09-03 14:25:00,110.282,110.282,110.282,110.282,1
2012-09-03 14:26:00,110.289,110.289,110.289,110.289,1
2012-09-03 14:27:00,110.282,110.282,110.282,110.282,1
2012-09-03 14:29:00,110.282,110.289,110.282,110.289,2
2012-09-03 14:40:00,110.289,110.289,110.289,110.289,1
2012-09-03 14:42:00,110.282,110.282,110.282,110.282,1
2012-09-03 14:50:00,110.282,110.289,110.282,110.289,2
2012-09-03 14:51:00,110.289,110.289,110.289,110.289,1
2012-09-03 14:57:00,110.297,110.297,110.289,110.297,3
2012-09-03 14:58:00,110.289,110.289,110.289,110.289,1
2012-09-03 15:00:00,110.289,110.297,110.289,110.297,2
2012-09-03 15:02:00,110.297,110.297,110.297,110.297,1
2012-09-03 15:03:00,110.289,110.289,110.289,110.289,1
2012-09-03 15:06:00,110.282,110.282,110.282,110.282,1
2012-09-03 15:14:00,110.274,110.274,110.274,110.274,1
2012-09-03 15:38:00,110.282,110.282,110.282,110.282,1
2012-09-03 15:40:00,110.282,110.282,110.274,110.274,2
2012-09-03 15:42:00,110.274,110.274,110.274,110.274,1
2012-09-03 15:48:00,110.282,110.282,110.282,110.282,1
2012-09-03 16:00:00,110.274,110.274,110.274,110.274,1
2012-09-03 16:01:00,110.282,110.282,110.282,110.282,1
2012-09-03 16:02:00,110.274,110.274,110.274,110.274,1
2012-09-03 16:03:00,110.282,110.282,110.282,110.282,1
2012-09-03 16:09:00,110.274,110.274,110.274,110.274,1
2012-09-03 16:12:00,110.282,110.282,110.282,110.282,1
2012-09-03 16:17:00,110.282,110.282,110.274,110.274,2
2012-09-03 16:30:00,110.274,110.274,110.274,110.274,1
2012-09-03 16:33:00,110.282,110.282,110.282,110.282,1
2012-09-03 16:42:00,110.282,110.282,110.274,110.274,2
2012-09-03 16:44:00,110.274,110.274,110.274,110.274,1
2012-09-03 16:46:00,110.282,110.282,110.282,110.282,1
2012-09-03 16:48:00,110.274,110.274,110.274,110.274,1
2012-09-03 16:50:00,110.282,110.282,110.282,110.282,1
2012-09-03 16:53:00,110.289,110.289,110.289,110.289,1
2012-09-03 16:56:00,110.282,110.282,110.282,110.282,1
2012-09-03 16:57:00,110.289,110.289,110.289,110.289,1
2012-09-03 16:59:00,110.289,110.289,110.282,110.282,2
2012-09-03 22:03:00,110.282,110.282,110.282,110.282,1
2012-09-03 22:04:00,110.289,110.289,110.289,110.289,1
2012-09-03 22:12:00,110.282,110.282,110.282,110.282,1
2012-09-03 22:16:00,110.289,110.289,110.289,110.289,1
2012-09-03 23:32:00,110.297,110.297,110.297,110.297,1
2012-09-03 23:40:00,110.289,110.289,110.289,110.289,1
2012-09-03 23:52:00,110.297,110.297,110.297,110.297,1
2012-09-03 23:54:00,110.282,110.289,110.282,110.289,2
2012-09-03 23:55:00,110.289,110.289,110.289,110.289,1
2012-09-04 00:09:00,110.289,110.297,110.289,110.297,2
2012-09-04 00:20:00,110.297,110.297,110.297,110.297,1
2012-09-04 00:24:00,110.289,110.289,110.289,110.289,1
2012-09-04 00:29:00,110.297,110.297,110.297,110.297,1
2012-09-04 00:36:00,110.289,110.289,110.289,110.289,1
2012-09-04 01:05:00,110.282,110.282,110.282,110.282,1
2012-09-04 01:13:00,110.274,110.282,110.274,110.274,3
2012-09-04 02:43:00,110.266,110.266,110.266,110.266,1
2012-09-04 02:45:00,110.274,110.274,110.274,110.274,1
2012-09-04 03:28:00,110.266,110.266,110.266,110.266,1
2012-09-04 04:02:00,110.274,110.274,110.274,110.274,1
2012-09-04 04:26:00,110.266,110.266,110.266,110.266,1
2012-09-04 05:11:00,110.274,110.274,110.274,110.274,1
2012-09-04 05:13:00,110.266,110.266,110.266,110.266,1
2012-09-04 06:00:00,110.274,110.274,110.266,110.274,3
2012-09-04 06:16:00,110.274,110.274,110.266,110.266,2
2012-09-04 06:27:00,110.274,110.274,110.266,110.266,2
2012-09-04 06:54:00,110.274,110.274,110.266,110.266,2
2012-09-04 06:55:00,110.274,110.274,110.266,110.266,2
2012-09-04 07:00:00,110.266,110.266,110.266,110.266,1
2012-09-04 07:01:00,110.274,110.274,110.274,110.274,1
2012-09-04 07:09:00,110.274,110.274,110.266,110.266,2
2012-09-04 07:16:00,110.274,110.274,110.266,110.266,2
2012-09-04 07:18:00,110.274,110.274,110.266,110.266,2
2012-09-04 07:19:00,110.266,110.274,110.266,110.266,3
2012-09-04 07:20:00,110.266,110.274,110.266,110.274,4
2012-09-04 07:21:00,110.266,110.274,110.266,110.274,2
2012-09-04 07:22:00,110.274,110.274,110.266,110.274,3
2012-09-04 07:23:00,110.274,110.274,110.266,110.266,2
2012-09-04 07:29:00,110.266,110.266,110.266,110.266,1
2012-09-04 07:30:00,110.266,110.274,110.266,110.274,2
2012-09-04 07:31:00,110.266,110.274,110.266,110.274,4
2012-09-04 07:32:00,110.266,110.274,110.266,110.274,4
2012-09-04 07:33:00,110.274,110.274,110.266,110.274,3
2012-09-04 07:34:00,110.266,110.274,110.266,110.266,5
2012-09-04 07:35:00,110.274,110.274,110.266,110.274,3
2012-09-04 07:36:00,110.266,110.274,110.266,110.266,3
2012-09-04 07:37:00,110.274,110.274,110.266,110.274,3
2012-09-04 07:38:00,110.266,110.274,110.266,110.266,3
2012-09-04 07:39:00,110.266,110.274,110.266,110.274,4
2012-09-04 07:40:00,110.266,110.274,110.266,110.274,2
2012-09-04 07:41:00,110.274,110.274,110.266,110.274,3
2012-09-04 07:42:00,110.266,110.274,110.266,110.266,3
2012-09-04 07:43:00,110.266,110.274,110.266,110.274,4
2012-09-04 07:44:00,110.266,110.274,110.266,110.274,2
2012-09-04 07:45:00,110.266,110.274,110.266,110.274,4
2012-09-04 07:46:00,110.274,110.274,110.266,110.274,3
2012-09-04 07:47:00,110.274,110.274,110.266,110.266,4
2012-09-04 07:48:00,110.266,110.274,110.266,110.266,3
2012-09-04 07:49:00,110.266,110.274,110.266,110.274,4
2012-09-04 07:50:00,110.266,110.274,110.266,110.274,4
2012-09-04 07:51:00,110.274,110.274,110.266,110.274,3
2012-09-04 07:52:00,110.266,110.274,110.266,110.266,3
2012-09-04 07:53:00,110.266,110.274,110.266,110.274,4
2012-09-04 07:54:00,110.274,110.274,110.266,110.274,3
2012-09-04 07:55:00,110.266,110.274,110.266,110.266,3
2012-09-04 07:56:00,110.266,110.274,110.266,110.274,4
2012-09-04 07:57:00,110.266,110.274,110.266,110.274,6
2012-09-04 07:58:00,110.266,110.274,110.266,110.274,4
2012-09-04 07:59:00,110.266,110.274,110.266,110.274,2
2012-09-04 08:00:00,110.274,110.274,110.266,110.274,5
2012-09-04 08:01:00,110.266,110.274,110.266,110.266,3
2012-09-04 08:02:00,110.274,110.274,110.266,110.274,3
2012-09-04 08:03:00,110.266,110.274,110.266,110.266,5
2012-09-04 08:04:00,110.266,110.274,110.266,110.274,4
2012-09-04 08:05:00,110.274,110.274,110.266,110.274,3
2012-09-04 08:06:00,110.274,110.274,110.266,110.266,4
2012-09-04 08:07:00,110.274,110.274,110.266,110.266,4
2012-09-04 08:08:00,110.274,110.274,110.266,110.266,4
2012-09-04 08:09:00,110.274,110.274,110.266,110.266,6
2012-09-04 08:10:00,110.274,110.274,110.266,110.266,4
2012-09-04 08:11:00,110.266,110.274,110.266,110.266,5
2012-09-04 08:12:00,110.274,110.274,110.266,110.274,3
2012-09-04 08:13:00,110.266,110.274,110.266,110.266,3
2012-09-04 08:14:00,110.266,110.274,110.266,110.274,4
2012-09-04 08:15:00,110.274,110.274,110.266,110.274,5
2012-09-04 08:16:00,110.274,110.274,110.266,110.266,4
2012-09-04 08:18:00,110.274,110.274,110.266,110.266,4
2012-09-04 08:23:00,110.266,110.266,110.266,110.266,1
2012-09-04 08:25:00,110.274,110.274,110.274,110.274,1
2012-09-04 08:26:00,110.282,110.282,110.282,110.282,1
2012-09-04 08:31:00,110.266,110.274,110.266,110.274,2
2012-09-04 08:32:00,110.274,110.274,110.274,110.274,1
2012-09-04 08:34:00,110.282,110.282,110.282,110.282,1
2012-09-04 08:37:00,110.274,110.274,110.274,110.274,1
2012-09-04 08:38:00,110.274,110.282,110.274,110.282,2
2012-09-04 08:40:00,110.282,110.282,110.274,110.282,3
2012-09-04 08:41:00,110.274,110.274,110.274,110.274,1
2012-09-04 08:42:00,110.274,110.282,110.274,110.282,4
2012-09-04 08:44:00,110.274,110.282,110.274,110.282,2
2012-09-04 08:45:00,110.282,110.282,110.282,110.282,1
2012-09-04 08:46:00,110.274,110.274,110.274,110.274,1
2012-09-04 08:47:00,110.282,110.282,110.274,110.282,3
2012-09-04 08:48:00,110.274,110.274,110.274,110.274,1
2012-09-04 08:49:00,110.274,110.282,110.274,110.282,2
2012-09-04 08:50:00,110.282,110.282,110.282,110.282,1
2012-09-04 08:51:00,110.274,110.282,110.274,110.274,3
2012-09-04 08:52:00,110.282,110.282,110.274,110.282,3
2012-09-04 08:53:00,110.274,110.274,110.274,110.274,1
2012-09-04 08:54:00,110.274,110.282,110.274,110.282,4
2012-09-04 08:55:00,110.274,110.282,110.274,110.282,2
2012-09-04 08:56:00,110.274,110.282,110.274,110.282,2
2012-09-04 08:57:00,110.282,110.282,110.274,110.282,3
2012-09-04 08:58:00,110.274,110.274,110.274,110.274,1
2012-09-04 08:59:00,110.274,110.282,110.274,110.282,2
2012-09-04 09:00:00,110.282,110.282,110.282,110.282,1
2012-09-04 09:01:00,110.274,110.274,110.274,110.274,1
2012-09-04 09:02:00,110.274,110.282,110.274,110.282,2
2012-09-04 09:03:00,110.282,110.282,110.282,110.282,1
2012-09-04 09:04:00,110.274,110.282,110.274,110.274,3
2012-09-04 09:05:00,110.274,110.282,110.274,110.282,4
2012-09-04 09:06:00,110.282,110.282,110.282,110.282,1
2012-09-04 09:07:00,110.274,110.282,110.274,110.274,3
2012-09-04 09:08:00,110.274,110.282,110.274,110.282,2
2012-09-04 09:09:00,110.274,110.282,110.274,110.282,2
2012-09-04 09:10:00,110.274,110.282,110.274,110.282,4
2012-09-04 09:11:00,110.282,110.282,110.282,110.282,1
2012-09-04 09:12:00,110.274,110.274,110.274,110.274,1
2012-09-04 09:14:00,110.274,110.282,110.274,110.282,2
2012-09-04 09:15:00,110.274,110.282,110.274,110.282,2
2012-09-04 09:16:00,110.274,110.282,110.274,110.282,4
2012-09-04 09:17:00,110.282,110.282,110.274,110.282,3
2012-09-04 09:18:00,110.282,110.282,110.274,110.274,2
2012-09-04 09:20:00,110.289,110.289,110.289,110.289,1
2012-09-04 09:22:00,110.282,110.282,110.282,110.282,1
2012-09-04 09:23:00,110.289,110.289,110.289,110.289,1
2012-09-04 09:25:00,110.282,110.282,110.282,110.282,1
2012-09-04 09:27:00,110.289,110.289,110.289,110.289,1
2012-09-04 09:28:00,110.282,110.289,110.282,110.282,3
2012-09-04 09:30:00,110.282,110.289,110.282,110.289,4
2012-09-04 09:31:00,110.289,110.289,110.282,110.289,3
2012-09-04 09:32:00,110.282,110.289,110.282,110.282,3
2012-09-04 09:37:00,110.282,110.282,110.274,110.274,2
2012-09-04 09:47:00,110.289,110.289,110.282,110.289,5
2012-09-04 09:48:00,110.289,110.289,110.282,110.282,2
2012-09-04 09:52:00,110.282,110.282,110.282,110.282,1
2012-09-04 09:54:00,110.282,110.289,110.282,110.289,2
2012-09-04 09:55:00,110.282,110.289,110.282,110.289,2
2012-09-04 09:56:00,110.282,110.289,110.282,110.289,2
2012-09-04 09:59:00,110.282,110.289,110.282,110.289,2
2012-09-04 10:02:00,110.289,110.289,110.282,110.289,3
2012-09-04 10:03:00,110.282,110.289,110.282,110.282,3
2012-09-04 10:10:00,110.289,110.289,110.289,110.289,1
2012-09-04 10:14:00,110.282,110.282,110.282,110.282,1
2012-09-04 10:18:00,110.282,110.289,110.282,110.289,4
2012-09-04 10:19:00,110.282,110.289,110.282,110.289,2
2012-09-04 10:20:00,110.282,110.289,110.282,110.289,2
2012-09-04 10:21:00,110.282,110.289,110.282,110.289,4
2012-09-04 10:22:00,110.282,110.289,110.282,110.289,2
2012-09-04 10:23:00,110.289,110.289,110.282,110.289,3
2012-09-04 10:24:00,110.289,110.289,110.282,110.282,4
2012-09-04 10:25:00,110.289,110.289,110.282,110.282,6
2012-09-04 10:26:00,110.282,110.289,110.282,110.282,3
2012-09-04 10:27:00,110.289,110.289,110.282,110.289,5
2012-09-04 10:28:00,110.289,110.289,110.282,110.282,4
2012-09-04 10:29:00,110.289,110.289,110.282,110.282,4
2012-09-04 10:30:00,110.282,110.289,110.282,110.282,3
2012-09-04 10:31:00,110.282,110.289,110.282,110.289,2
2012-09-04 10:32:00,110.289,110.289,110.282,110.289,3
2012-09-04 10:33:00,110.282,110.289,110.282,110.282,5
2012-09-04 10:34:00,110.289,110.289,110.282,110.289,3
2012-09-04 10:35:00,110.282,110.289,110.282,110.282,3
2012-09-04 10:36:00,110.282,110.289,110.282,110.289,2
2012-09-04 10:37:00,110.289,110.289,110.282,110.289,3
2012-09-04 10:38:00,110.282,110.289,110.282,110.282,5
2012-09-04 10:39:00,110.289,110.289,110.282,110.289,3
2012-09-04 10:40:00,110.289,110.289,110.282,110.282,4
2012-09-04 10:41:00,110.289,110.289,110.282,110.282,6
2012-09-04 10:42:00,110.282,110.289,110.282,110.282,5
2012-09-04 10:43:00,110.282,110.289,110.282,110.289,4
2012-09-04 10:44:00,110.282,110.289,110.282,110.289,4
2012-09-04 10:45:00,110.282,110.289,110.282,110.289,4
2012-09-04 10:46:00,110.289,110.289,110.282,110.289,3
2012-09-04 10:47:00,110.289,110.289,110.282,110.282,4
2012-09-04 10:48:00,110.282,110.289,110.282,110.282,3
2012-09-04 10:49:00,110.289,110.289,110.282,110.289,5
2012-09-04 10:50:00,110.289,110.289,110.282,110.282,4
2012-09-04 10:51:00,110.282,110.289,110.282,110.282,3
2012-09-04 10:52:00,110.289,110.289,110.289,110.289,1
2012-09-04 10:59:00,110.282,110.289,110.282,110.282,5
2012-09-04 11:00:00,110.289,110.289,110.282,110.289,5
2012-09-04 11:01:00,110.282,110.289,110.282,110.282,5
2012-09-04 11:02:00,110.289,110.289,110.282,110.289,3
2012-09-04 11:03:00,110.282,110.282,110.282,110.282,1
2012-09-04 11:04:00,110.282,110.289,110.282,110.289,2
2012-09-04 11:05:00,110.289,110.289,110.282,110.289,3
2012-09-04 11:06:00,110.289,110.289,110.282,110.282,2
2012-09-04 11:10:00,110.289,110.297,110.289,110.297,2
2012-09-04 11:11:00,110.289,110.297,110.289,110.297,4
2012-09-04 11:25:00,110.289,110.289,110.282,110.282,2
2012-09-04 11:30:00,110.297,110.297,110.289,110.297,3
2012-09-04 11:34:00,110.297,110.297,110.289,110.289,4
2012-09-04 11:45:00,110.289,110.289,110.289,110.289,1
2012-09-04 11:46:00,110.289,110.297,110.289,110.297,4
2012-09-04 11:47:00,110.297,110.297,110.289,110.297,5
2012-09-04 11:48:00,110.297,110.297,110.289,110.289,4
2012-09-04 11:49:00,110.297,110.297,110.289,110.289,4
2012-09-04 11:50:00,110.289,110.297,110.289,110.289,3
2012-09-04 11:51:00,110.297,110.297,110.289,110.297,5
2012-09-04 11:52:00,110.297,110.297,110.289,110.289,4
2012-09-04 11:53:00,110.297,110.297,110.289,110.289,4
2012-09-04 11:54:00,110.297,110.297,110.289,110.289,4
2012-09-04 11:55:00,110.289,110.289,110.289,110.289,1
2012-09-04 11:56:00,110.289,110.297,110.289,110.297,4
2012-09-04 11:57:00,110.289,110.297,110.289,110.297,2
2012-09-04 11:58:00,110.289,110.297,110.289,110.297,2
2012-09-04 12:00:00,110.289,110.289,110.282,110.282,4
2012-09-04 12:03:00,110.289,110.289,110.282,110.282,4
2012-09-04 12:06:00,110.282,110.289,110.282,110.282,5
2012-09-04 12:07:00,110.289,110.289,110.282,110.289,5
2012-09-04 12:08:00,110.289,110.289,110.282,110.282,6
2012-09-04 12:09:00,110.289,110.289,110.282,110.282,6
2012-09-04 12:10:00,110.289,110.289,110.282,110.282,4
2012-09-04 12:11:00,110.289,110.289,110.282,110.282,6
2012-09-04 12:12:00,110.289,110.289,110.282,110.282,8
2012-09-04 12:13:00,110.289,110.289,110.282,110.282,6
2012-09-04 12:14:00,110.289,110.289,110.282,110.282,6
2012-09-04 12:15:00,110.289,110.289,110.282,110.282,4
2012-09-04 12:16:00,110.289,110.289,110.282,110.282,4
2012-09-04 12:17:00,110.289,110.289,110.282,110.282,6
2012-09-04 12:18:00,110.289,110.289,110.282,110.282,6
2012-09-04 12:19:00,110.289,110.289,110.282,110.282,2
2012-09-04 12:20:00,110.297,110.297,110.282,110.282,15
2012-09-04 12:21:00,110.297,110.297,110.289,110.289,2
2012-09-04 12:22:00,110.297,110.297,110.289,110.289,10
2012-09-04 12:23:00,110.289,110.297,110.289,110.289,3
2012-09-04 12:24:00,110.289,110.297,110.289,110.297,6
2012-09-04 12:25:00,110.289,110.297,110.289,110.297,8
2012-09-04 12:26:00,110.297,110.297,110.289,110.297,7
2012-09-04 12:27:00,110.297,110.297,110.289,110.289,10
2012-09-04 12:28:00,110.297,110.297,110.289,110.289,6
2012-09-04 12:29:00,110.297,110.297,110.289,110.289,8
2012-09-04 12:30:00,110.289,110.297,110.289,110.289,11
2012-09-04 12:31:00,110.289,110.297,110.289,110.297,12
2012-09-04 12:32:00,110.297,110.297,110.297,110.297,1
2012-09-04 12:33:00,110.297,110.297,110.289,110.289,8
2012-09-04 12:34:00,110.289,110.289,110.289,110.289,1
2012-09-04 12:35:00,110.297,110.297,110.289,110.297,5
2012-09-04 12:36:00,110.289,110.297,110.289,110.289,5
2012-09-04 12:37:00,110.289,110.297,110.289,110.297,2
2012-09-04 12:38:00,110.297,110.297,110.297,110.297,1
2012-09-04 12:39:00,110.289,110.289,110.289,110.289,1
2012-09-04 12:41:00,110.289,110.289,110.282,110.282,8
2012-09-04 12:42:00,110.282,110.282,110.282,110.282,1
2012-09-04 12:43:00,110.289,110.289,110.282,110.289,3
2012-09-04 12:44:00,110.282,110.289,110.282,110.282,5
2012-09-04 12:45:00,110.289,110.289,110.282,110.289,3
2012-09-04 12:46:00,110.289,110.289,110.282,110.282,2
2012-09-04 12:47:00,110.289,110.289,110.282,110.282,4
2012-09-04 12:48:00,110.289,110.289,110.282,110.282,2
2012-09-04 12:49:00,110.289,110.289,110.282,110.282,2
2012-09-04 12:50:00,110.289,110.289,110.282,110.282,2
2012-09-04 12:51:00,110.289,110.289,110.282,110.282,2
2012-09-04 12:52:00,110.289,110.289,110.282,110.282,4
2012-09-04 12:53:00,110.289,110.289,110.282,110.282,4
2012-09-04 12:54:00,110.282,110.282,110.282,110.282,1
2012-09-04 12:55:00,110.289,110.289,110.282,110.289,3
2012-09-04 12:56:00,110.289,110.289,110.282,110.282,2
2012-09-04 12:57:00,110.289,110.289,110.282,110.282,2
2012-09-04 12:58:00,110.289,110.289,110.282,110.282,2
2012-09-04 12:59:00,110.289,110.289,110.282,110.282,2
2012-09-04 13:00:00,110.289,110.289,110.282,110.282,4
2012-09-04 13:01:00,110.289,110.289,110.282,110.282,4
2012-09-04 13:03:00,110.289,110.289,110.282,110.282,4
2012-09-04 13:04:00,110.289,110.289,110.282,110.282,2
2012-09-04 13:05:00,110.289,110.289,110.282,110.282,8
2012-09-04 13:06:00,110.289,110.289,110.282,110.282,8
2012-09-04 13:10:00,110.289,110.289,110.282,110.282,2
2012-09-04 13:14:00,110.282,110.282,110.282,110.282,1
2012-09-04 13:19:00,110.282,110.282,110.274,110.274,6
2012-09-04 13:21:00,110.274,110.282,110.274,110.274,3
2012-09-04 13:22:00,110.282,110.282,110.282,110.282,1
2012-09-04 13:23:00,110.282,110.282,110.274,110.274,6
2012-09-04 13:24:00,110.282,110.282,110.274,110.274,6
2012-09-04 13:25:00,110.282,110.282,110.274,110.274,4
2012-09-04 13:26:00,110.282,110.282,110.274,110.274,6
2012-09-04 13:27:00,110.282,110.282,110.274,110.274,6
2012-09-04 13:28:00,110.282,110.282,110.274,110.274,4
2012-09-04 13:29:00,110.282,110.282,110.274,110.274,8
2012-09-04 13:30:00,110.282,110.282,110.274,110.274,6
2012-09-04 13:31:00,110.282,110.282,110.274,110.274,6
2012-09-04 13:32:00,110.282,110.282,110.274,110.274,6
2012-09-04 13:33:00,110.282,110.282,110.274,110.274,6
2012-09-04 13:34:00,110.282,110.282,110.274,110.274,6
2012-09-04 13:35:00,110.274,110.282,110.274,110.274,11
2012-09-04 13:36:00,110.282,110.282,110.274,110.282,5
2012-09-04 13:37:00,110.274,110.282,110.274,110.274,9
2012-09-04 13:38:00,110.282,110.282,110.274,110.282,7
2012-09-04 13:39:00,110.282,110.282,110.274,110.274,6
2012-09-04 13:40:00,110.282,110.282,110.274,110.274,4
2012-09-04 13:41:00,110.282,110.282,110.274,110.274,10
2012-09-04 13:42:00,110.282,110.282,110.274,110.274,4
2012-09-04 13:43:00,110.282,110.282,110.274,110.274,4
2012-09-04 13:44:00,110.282,110.282,110.274,110.274,4
2012-09-04 13:45:00,110.282,110.282,110.274,110.274,4
2012-09-04 13:46:00,110.274,110.282,110.274,110.274,7
2012-09-04 13:47:00,110.282,110.282,110.274,110.282,5
2012-09-04 13:50:00,110.282,110.282,110.274,110.274,2
2012-09-04 13:51:00,110.282,110.282,110.274,110.274,2
2012-09-04 13:52:00,110.282,110.282,110.274,110.274,2
2012-09-04 13:55:00,110.274,110.282,110.274,110.274,3
2012-09-04 13:56:00,110.282,110.282,110.282,110.282,1
2012-09-04 13:57:00,110.282,110.282,110.274,110.274,4
2012-09-04 13:58:00,110.282,110.282,110.274,110.274,2
2012-09-04 13:59:00,110.274,110.282,110.274,110.274,5
2012-09-04 14:00:00,110.274,110.282,110.274,110.282,2
2012-09-04 14:02:00,110.282,110.282,110.282,110.282,1
2012-09-04 14:03:00,110.282,110.282,110.274,110.274,4
2012-09-04 14:04:00,110.282,110.282,110.274,110.274,2
2012-09-04 14:10:00,110.282,110.282,110.274,110.274,4
2012-09-04 14:17:00,110.282,110.282,110.274,110.274,4
2012-09-04 14:20:00,110.282,110.282,110.274,110.274,2
2012-09-04 14:21:00,110.282,110.282,110.274,110.274,8
2012-09-04 14:24:00,110.282,110.282,110.274,110.274,2
2012-09-04 14:25:00,110.282,110.282,110.274,110.274,2
2012-09-04 14:26:00,110.282,110.282,110.274,110.274,6
2012-09-04 14:27:00,110.274,110.282,110.274,110.274,5
2012-09-04 14:28:00,110.282,110.282,110.274,110.282,3
2012-09-04 14:30:00,110.282,110.282,110.274,110.274,4
2012-09-04 14:31:00,110.282,110.282,110.274,110.274,2
2012-09-04 14:32:00,110.282,110.282,110.274,110.274,2
2012-09-04 14:34:00,110.282,110.282,110.274,110.274,2
2012-09-04 14:35:00,110.282,110.282,110.274,110.274,4
2012-09-04 14:38:00,110.282,110.282,110.274,110.274,2
2012-09-04 14:39:00,110.282,110.282,110.274,110.274,2
2012-09-04 14:40:00,110.282,110.282,110.274,110.274,4
2012-09-04 14:41:00,110.274,110.282,110.274,110.274,3
2012-09-04 14:42:00,110.282,110.282,110.274,110.282,3
2012-09-04 14:43:00,110.282,110.282,110.274,110.274,2
2012-09-04 14:44:00,110.282,110.282,110.274,110.274,2
2012-09-04 14:45:00,110.282,110.282,110.274,110.274,2
2012-09-04 14:46:00,110.282,110.282,110.274,110.274,4
2012-09-04 14:50:00,110.282,110.282,110.274,110.274,2
2012-09-04 14:57:00,110.282,110.282,110.274,110.274,2
2012-09-04 14:58:00,110.282,110.282,110.274,110.274,2
2012-09-04 14:59:00,110.282,110.282,110.274,110.274,2
2012-09-04 15:00:00,110.282,110.282,110.274,110.274,2
2012-09-04 15:01:00,110.282,110.282,110.274,110.274,6
2012-09-04 15:02:00,110.282,110.282,110.274,110.274,2
2012-09-04 15:03:00,110.282,110.282,110.274,110.274,4
2012-09-04 15:04:00,110.282,110.282,110.274,110.274,4
2012-09-04 15:05:00,110.282,110.282,110.274,110.274,6
2012-09-04 15:06:00,110.282,110.282,110.274,110.274,4
2012-09-04 15:07:00,110.274,110.282,110.274,110.274,7
2012-09-04 15:08:00,110.282,110.282,110.274,110.282,3
2012-09-04 15:09:00,110.282,110.289,110.274,110.274,4
2012-09-04 15:10:00,110.289,110.289,110.282,110.289,3
2012-09-04 15:11:00,110.289,110.289,110.282,110.282,4
2012-09-04 15:12:00,110.282,110.289,110.282,110.282,5
2012-09-04 15:13:00,110.282,110.282,110.274,110.274,2
2012-09-04 15:14:00,110.282,110.282,110.274,110.274,2
2012-09-04 15:16:00,110.282,110.282,110.274,110.274,2
2012-09-04 15:17:00,110.274,110.274,110.274,110.274,1
2012-09-04 15:19:00,110.274,110.282,110.274,110.282,2
2012-09-04 15:20:00,110.274,110.282,110.274,110.282,2
2012-09-04 15:21:00,110.282,110.282,110.282,110.282,1
2012-09-04 15:22:00,110.274,110.274,110.274,110.274,1
2012-09-04 15:23:00,110.282,110.282,110.282,110.282,1
2012-09-04 15:27:00,110.282,110.282,110.274,110.274,2
2012-09-04 15:37:00,110.282,110.282,110.274,110.274,2
2012-09-04 15:41:00,110.282,110.282,110.274,110.274,2
2012-09-04 15:58:00,110.282,110.282,110.274,110.274,2
2012-09-04 16:00:00,110.282,110.282,110.274,110.274,6
2012-09-04 16:01:00,110.282,110.282,110.274,110.274,2
2012-09-04 16:04:00,110.282,110.282,110.274,110.274,2
2012-09-04 16:05:00,110.282,110.282,110.274,110.274,2
2012-09-04 16:30:00,110.282,110.282,110.274,110.274,2
2012-09-04 16:37:00,110.274,110.274,110.274,110.274,1
2012-09-04 16:38:00,110.282,110.282,110.282,110.282,1
2012-09-04 16:39:00,110.282,110.282,110.274,110.274,2
2012-09-04 16:55:00,110.274,110.282,110.266,110.274,7
2012-09-04 16:56:00,110.274,110.274,110.266,110.266,2
2012-09-04 16:57:00,110.266,110.274,110.266,110.266,3
2012-09-04 16:59:00,110.266,110.274,110.266,110.274,2
2012-09-04 17:00:00,110.274,110.274,110.266,110.274,5
2012-09-04 17:01:00,110.266,110.266,110.266,110.266,1
2012-09-04 17:02:00,110.266,110.274,110.266,110.274,8
2012-09-04 17:03:00,110.274,110.274,110.266,110.274,5
2012-09-04 17:04:00,110.274,110.274,110.266,110.266,4
2012-09-04 17:05:00,110.274,110.274,110.266,110.266,4
2012-09-04 17:06:00,110.274,110.274,110.266,110.266,4
2012-09-04 17:07:00,110.274,110.274,110.266,110.266,4
2012-09-04 17:08:00,110.274,110.274,110.266,110.266,8
2012-09-04 17:09:00,110.274,110.274,110.266,110.266,6
2012-09-04 17:10:00,110.266,110.274,110.266,110.266,5
2012-09-04 17:11:00,110.274,110.274,110.266,110.274,5
2012-09-04 17:12:00,110.274,110.274,110.266,110.266,8
2012-09-04 17:13:00,110.274,110.274,110.266,110.266,2
2012-09-04 17:14:00,110.274,110.274,110.266,110.266,6
2012-09-04 17:15:00,110.274,110.274,110.266,110.266,4
2012-09-04 17:16:00,110.266,110.274,110.266,110.266,5
2012-09-04 17:17:00,110.274,110.274,110.266,110.274,3
2012-09-04 17:19:00,110.274,110.274,110.266,110.266,2
2012-09-04 17:21:00,110.274,110.274,110.266,110.266,2
2012-09-04 17:23:00,110.274,110.274,110.266,110.266,2
2012-09-04 17:31:00,110.274,110.274,110.266,110.266,2
2012-09-04 17:32:00,110.274,110.274,110.266,110.266,2
2012-09-04 17:34:00,110.274,110.274,110.266,110.266,2
2012-09-04 17:36:00,110.274,110.274,110.266,110.266,2
2012-09-04 17:38:00,110.274,110.274,110.266,110.266,4
2012-09-04 17:40:00,110.274,110.274,110.266,110.266,4
2012-09-04 17:41:00,110.274,110.274,110.266,110.266,2
2012-09-04 17:44:00,110.274,110.274,110.266,110.266,2
2012-09-04 17:45:00,110.274,110.274,110.266,110.266,2
2012-09-04 17:46:00,110.274,110.274,110.266,110.266,6
2012-09-04 17:48:00,110.274,110.274,110.266,110.266,4
2012-09-04 17:50:00,110.274,110.274,110.266,110.266,2
2012-09-04 17:53:00,110.274,110.274,110.266,110.266,4
2012-09-04 17:54:00,110.258,110.274,110.258,110.266,4
2012-09-04 17:55:00,110.266,110.266,110.266,110.266,1
2012-09-04 17:57:00,110.266,110.266,110.258,110.258,2
2012-09-04 18:00:00,110.266,110.266,110.258,110.258,2
2012-09-04 18:01:00,110.266,110.266,110.258,110.258,4
2012-09-04 18:03:00,110.266,110.266,110.258,110.258,2
2012-09-04 18:05:00,110.266,110.266,110.258,110.258,2
2012-09-04 18:06:00,110.266,110.266,110.258,110.258,2
2012-09-04 18:08:00,110.266,110.266,110.258,110.258,2
2012-09-04 18:10:00,110.266,110.266,110.258,110.258,4
2012-09-04 18:13:00,110.258,110.258,110.258,110.258,1
2012-09-04 18:14:00,110.266,110.266,110.266,110.266,1
2012-09-04 18:20:00,110.266,110.266,110.258,110.258,2
2012-09-04 18:22:00,110.266,110.266,110.258,110.258,2
2012-09-04 18:26:00,110.266,110.266,110.258,110.258,2
2012-09-04 18:27:00,110.266,110.266,110.258,110.258,2
2012-09-04 18:28:00,110.266,110.266,110.258,110.258,2
2012-09-04 18:29:00,110.258,110.266,110.258,110.258,3
2012-09-04 18:30:00,110.266,110.266,110.258,110.266,7
2012-09-04 18:31:00,110.266,110.266,110.258,110.258,2
2012-09-04 18:32:00,110.266,110.266,110.258,110.258,4
2012-09-04 18:33:00,110.266,110.266,110.258,110.258,2
2012-09-04 18:34:00,110.266,110.266,110.258,110.258,2
2012-09-04 18:35:00,110.266,110.266,110.258,110.258,4
2012-09-04 18:36:00,110.266,110.266,110.258,110.258,2
2012-09-04 18:37:00,110.258,110.266,110.258,110.258,3
2012-09-04 18:38:00,110.266,110.266,110.258,110.266,7
2012-09-04 18:39:00,110.258,110.266,110.258,110.258,9
2012-09-04 18:40:00,110.266,110.266,110.258,110.266,5
2012-09-04 18:41:00,110.258,110.266,110.258,110.258,3
2012-09-04 18:42:00,110.25,110.258,110.25,110.25,3
2012-09-04 18:43:00,110.258,110.258,110.258,110.258,1
2012-09-04 18:44:00,110.25,110.258,110.25,110.25,3
2012-09-04 18:45:00,110.258,110.258,110.25,110.258,3
2012-09-04 18:46:00,110.258,110.258,110.25,110.25,2
2012-09-04 18:50:00,110.258,110.258,110.25,110.25,2
2012-09-04 18:54:00,110.258,110.258,110.25,110.25,2
2012-09-04 18:55:00,110.258,110.258,110.25,110.25,2
2012-09-04 18:57:00,110.258,110.258,110.25,110.25,6
2012-09-04 18:59:00,110.25,110.258,110.25,110.25,27
2012-09-04 19:00:00,110.258,110.258,110.25,110.258,7
2012-09-04 19:01:00,110.258,110.258,110.25,110.25,6
2012-09-04 19:03:00,110.25,110.258,110.25,110.25,3
2012-09-04 19:04:00,110.258,110.258,110.25,110.258,3
2012-09-04 19:07:00,110.258,110.258,110.25,110.25,2
2012-09-04 19:09:00,110.258,110.258,110.25,110.25,2
2012-09-04 19:13:00,110.258,110.258,110.25,110.25,2
2012-09-04 19:15:00,110.25,110.25,110.25,110.25,1
2012-09-04 19:16:00,110.258,110.258,110.258,110.258,1
2012-09-04 19:17:00,110.258,110.258,110.25,110.25,2
2012-09-04 19:19:00,110.258,110.258,110.25,110.25,2
2012-09-04 19:21:00,110.258,110.258,110.25,110.25,2
2012-09-04 19:35:00,110.258,110.258,110.25,110.25,2
2012-09-04 19:36:00,110.258,110.258,110.25,110.25,2
2012-09-04 19:39:00,110.258,110.258,110.25,110.25,2
2012-09-04 19:41:00,110.258,110.258,110.25,110.25,2
2012-09-04 19:43:00,110.258,110.258,110.25,110.25,2
2012-09-04 19:46:00,110.258,110.258,110.25,110.25,2
2012-09-04 19:48:00,110.258,110.266,110.258,110.266,4
2012-09-04 19:49:00,110.266,110.266,110.266,110.266,1
2012-09-04 19:50:00,110.266,110.266,110.258,110.258,2
2012-09-04 19:51:00,110.258,110.258,110.258,110.258,1
2012-09-04 19:52:00,110.25,110.258,110.25,110.25,3
2012-09-04 19:53:00,110.258,110.258,110.258,110.258,1
2012-09-04 19:59:00,110.25,110.258,110.25,110.25,3
2012-09-04 20:00:00,110.25,110.258,110.25,110.258,2
2012-09-04 20:08:00,110.25,110.258,110.25,110.258,2
2012-09-04 20:09:00,110.258,110.258,110.258,110.258,1
2012-09-04 20:18:00,110.25,110.25,110.25,110.25,1
2012-09-04 20:19:00,110.258,110.258,110.258,110.258,1
2012-09-04 20:20:00,110.25,110.25,110.25,110.25,1
2012-09-04 20:21:00,110.258,110.258,110.258,110.258,1
2012-09-04 20:27:00,110.25,110.25,110.25,110.25,1
2012-09-04 20:28:00,110.258,110.258,110.258,110.258,1
2012-09-04 20:32:00,110.258,110.258,110.25,110.25,2
2012-09-04 20:35:00,110.258,110.266,110.258,110.266,2
2012-09-04 20:38:00,110.258,110.266,110.258,110.266,4
2012-09-04 20:42:00,110.258,110.258,110.25,110.25,4
2012-09-04 20:47:00,110.258,110.258,110.25,110.25,2
2012-09-04 20:49:00,110.25,110.25,110.25,110.25,1
2012-09-04 20:57:00,110.258,110.258,110.258,110.258,1
2012-09-04 20:59:00,110.25,110.25,110.25,110.25,1
2012-09-04 22:00:00,110.258,110.258,110.258,110.258,1
2012-09-04 22:25:00,110.25,110.25,110.25,110.25,1
2012-09-04 22:26:00,110.258,110.258,110.258,110.258,1
2012-09-04 22:27:00,110.25,110.25,110.25,110.25,1
2012-09-04 22:30:00,110.258,110.258,110.258,110.258,1
2012-09-04 22:45:00,110.25,110.25,110.25,110.25,1
2012-09-04 22:46:00,110.258,110.258,110.258,110.258,1
2012-09-05 00:01:00,110.25,110.25,110.25,110.25,1
2012-09-05 00:02:00,110.258,110.258,110.258,110.258,1
2012-09-05 01:59:00,110.25,110.25,110.25,110.25,1
2012-09-05 02:09:00,110.258,110.258,110.258,110.258,1
2012-09-05 02:10:00,110.25,110.25,110.25,110.25,1
2012-09-05 03:08:00,110.258,110.258,110.258,110.258,1
2012-09-05 03:45:00,110.25,110.25,110.25,110.25,1
2012-09-05 04:13:00,110.25,110.258,110.25,110.258,6
2012-09-05 05:57:00,110.258,110.258,110.258,110.258,1
2012-09-05 06:01:00,110.25,110.25,110.25,110.25,1
2012-09-05 06:05:00,110.258,110.258,110.258,110.258,1
2012-09-05 06:12:00,110.25,110.25,110.25,110.25,1
2012-09-05 06:15:00,110.25,110.258,110.25,110.258,2
2012-09-05 06:57:00,110.25,110.258,110.25,110.258,2
2012-09-05 07:00:00,110.258,110.258,110.258,110.258,1
2012-09-05 07:01:00,110.25,110.25,110.25,110.25,1
2012-09-05 07:02:00,110.258,110.258,110.25,110.258,3
2012-09-05 07:04:00,110.25,110.25,110.25,110.25,1
2012-09-05 07:26:00,110.25,110.258,110.25,110.258,2
2012-09-05 07:28:00,110.258,110.258,110.258,110.258,1
2012-09-05 07:29:00,110.25,110.25,110.25,110.25,1
2012-09-05 07:30:00,110.258,110.258,110.258,110.258,1
2012-09-05 07:31:00,110.25,110.25,110.25,110.25,1
2012-09-05 07:36:00,110.25,110.258,110.25,110.258,2
2012-09-05 07:50:00,110.25,110.258,110.25,110.258,2
2012-09-05 07:53:00,110.258,110.258,110.258,110.258,1
2012-09-05 07:55:00,110.258,110.258,110.25,110.25,2
2012-09-05 07:57:00,110.258,110.258,110.25,110.25,2
2012-09-05 07:58:00,110.25,110.25,110.25,110.25,1
2012-09-05 07:59:00,110.25,110.258,110.25,110.258,2
2012-09-05 08:00:00,110.258,110.258,110.258,110.258,1
2012-09-05 08:01:00,110.25,110.25,110.25,110.25,1
2012-09-05 08:05:00,110.258,110.258,110.258,110.258,1
2012-09-05 08:06:00,110.25,110.25,110.25,110.25,1
2012-09-05 08:08:00,110.258,110.258,110.258,110.258,1
2012-09-05 08:13:00,110.25,110.25,110.25,110.25,1
2012-09-05 08:15:00,110.258,110.258,110.258,110.258,1
2012-09-05 08:16:00,110.258,110.258,110.25,110.25,2
2012-09-05 08:19:00,110.25,110.258,110.25,110.25,3
2012-09-05 08:21:00,110.25,110.258,110.25,110.258,4
2012-09-05 08:22:00,110.258,110.258,110.25,110.258,3
2012-09-05 08:23:00,110.258,110.258,110.25,110.25,2
2012-09-05 08:24:00,110.258,110.258,110.25,110.25,2
2012-09-05 08:28:00,110.25,110.25,110.25,110.25,1
2012-09-05 08:38:00,110.258,110.258,110.25,110.258,3
2012-09-05 08:42:00,110.258,110.258,110.25,110.25,2
2012-09-05 08:45:00,110.25,110.25,110.25,110.25,1
2012-09-05 08:57:00,110.25,110.258,110.25,110.258,4
2012-09-05 09:17:00,110.25,110.25,110.243,110.243,2
2012-09-05 09:19:00,110.243,110.25,110.243,110.243,3
2012-09-05 09:20:00,110.25,110.25,110.25,110.25,1
2012-09-05 09:32:00,110.243,110.243,110.243,110.243,1
2012-09-05 09:33:00,110.25,110.25,110.25,110.25,1
2012-09-05 09:37:00,110.243,110.243,110.243,110.243,1
2012-09-05 09:38:00,110.243,110.25,110.243,110.25,4
2012-09-05 09:43:00,110.25,110.25,110.243,110.25,3
2012-09-05 09:49:00,110.243,110.243,110.243,110.243,1
2012-09-05 09:54:00,110.25,110.25,110.25,110.25,1
2012-09-05 09:57:00,110.243,110.243,110.243,110.243,1
2012-09-05 09:59:00,110.243,110.25,110.243,110.25,4
2012-09-05 10:00:00,110.243,110.25,110.243,110.25,2
2012-09-05 10:20:00,110.25,110.25,110.25,110.25,1
2012-09-05 10:30:00,110.25,110.25,110.243,110.243,2
2012-09-05 10:33:00,110.243,110.243,110.243,110.243,1
2012-09-05 10:49:00,110.25,110.25,110.25,110.25,1
2012-09-05 11:00:00,110.25,110.258,110.25,110.258,2
2012-09-05 11:10:00,110.258,110.258,110.258,110.258,1
2012-09-05 11:19:00,110.25,110.258,110.25,110.25,3
2012-09-05 11:28:00,110.258,110.258,110.258,110.258,1
2012-09-05 11:29:00,110.25,110.25,110.25,110.25,1
2012-09-05 11:31:00,110.25,110.258,110.25,110.258,2
2012-09-05 11:42:00,110.258,110.258,110.258,110.258,1
2012-09-05 11:45:00,110.25,110.25,110.25,110.25,1
2012-09-05 11:46:00,110.25,110.258,110.25,110.258,2
2012-09-05 11:51:00,110.25,110.258,110.25,110.258,2
2012-09-05 11:55:00,110.258,110.258,110.258,110.258,1
2012-09-05 11:56:00,110.25,110.25,110.25,110.25,1
2012-09-05 11:57:00,110.258,110.258,110.25,110.258,3
2012-09-05 11:58:00,110.258,110.258,110.25,110.25,4
2012-09-05 11:59:00,110.258,110.258,110.25,110.25,4
2012-09-05 12:00:00,110.25,110.258,110.25,110.25,7
2012-09-05 12:01:00,110.25,110.25,110.243,110.243,6
2012-09-05 12:02:00,110.25,110.25,110.243,110.243,4
2012-09-05 12:03:00,110.25,110.25,110.243,110.243,4
2012-09-05 12:04:00,110.25,110.25,110.243,110.243,6
2012-09-05 12:05:00,110.25,110.25,110.243,110.243,4
2012-09-05 12:06:00,110.25,110.25,110.243,110.243,6
2012-09-05 12:07:00,110.25,110.25,110.243,110.243,2
2012-09-05 12:08:00,110.25,110.25,110.243,110.243,4
2012-09-05 12:09:00,110.25,110.25,110.243,110.243,2
2012-09-05 12:10:00,110.25,110.25,110.243,110.243,2
2012-09-05 12:11:00,110.25,110.25,110.243,110.243,4
2012-09-05 12:12:00,110.25,110.25,110.243,110.243,2
2012-09-05 12:13:00,110.25,110.258,110.243,110.243,4
2012-09-05 12:14:00,110.258,110.258,110.25,110.258,5
2012-09-05 12:15:00,110.258,110.258,110.25,110.25,4
2012-09-05 12:16:00,110.258,110.258,110.25,110.25,4
2012-09-05 12:19:00,110.258,110.258,110.25,110.25,2
2012-09-05 12:20:00,110.258,110.258,110.25,110.25,4
2012-09-05 12:21:00,110.25,110.258,110.25,110.25,5
2012-09-05 12:22:00,110.25,110.258,110.25,110.258,2
2012-09-05 12:24:00,110.25,110.258,110.25,110.258,4
2012-09-05 12:25:00,110.25,110.258,110.25,110.258,4
2012-09-05 12:26:00,110.243,110.258,110.243,110.258,9
2012-09-05 12:27:00,110.25,110.25,110.243,110.25,7
2012-09-05 12:28:00,110.243,110.25,110.243,110.243,9
2012-09-05 12:29:00,110.243,110.25,110.243,110.25,12
2012-09-05 12:30:00,110.25,110.25,110.243,110.25,7
2012-09-05 12:31:00,110.25,110.25,110.243,110.243,8
2012-09-05 12:32:00,110.243,110.25,110.243,110.243,5
2012-09-05 12:33:00,110.243,110.25,110.243,110.25,8
2012-09-05 12:34:00,110.243,110.25,110.243,110.25,8
2012-09-05 12:35:00,110.243,110.25,110.243,110.25,8
2012-09-05 12:36:00,110.243,110.25,110.243,110.25,8
2012-09-05 12:37:00,110.243,110.25,110.243,110.25,10
2012-09-05 12:38:00,110.243,110.25,110.243,110.25,6
2012-09-05 12:39:00,110.243,110.25,110.243,110.25,8
2012-09-05 12:40:00,110.243,110.25,110.243,110.25,8
2012-09-05 12:41:00,110.243,110.25,110.243,110.25,8
2012-09-05 12:42:00,110.235,110.25,110.235,110.25,19
2012-09-05 12:43:00,110.243,110.243,110.235,110.243,13
2012-09-05 12:44:00,110.243,110.243,110.235,110.235,8
2012-09-05 12:45:00,110.235,110.243,110.235,110.235,9
2012-09-05 12:46:00,110.235,110.243,110.235,110.243,6
2012-09-05 12:47:00,110.235,110.243,110.235,110.243,8
2012-09-05 12:48:00,110.243,110.243,110.235,110.243,3
2012-09-05 12:49:00,110.243,110.243,110.235,110.235,8
2012-09-05 12:50:00,110.235,110.243,110.235,110.235,7
2012-09-05 12:51:00,110.235,110.243,110.235,110.243,12
2012-09-05 12:52:00,110.243,110.243,110.235,110.243,9
2012-09-05 12:53:00,110.235,110.243,110.235,110.235,11
2012-09-05 12:54:00,110.243,110.243,110.235,110.243,7
2012-09-05 12:55:00,110.235,110.243,110.235,110.235,7
2012-09-05 12:56:00,110.243,110.243,110.235,110.243,7
2012-09-05 12:57:00,110.235,110.243,110.235,110.235,7
2012-09-05 12:58:00,110.243,110.243,110.235,110.243,5
2012-09-05 12:59:00,110.235,110.243,110.235,110.235,7
2012-09-05 13:00:00,110.243,110.243,110.235,110.243,9
2012-09-05 13:01:00,110.243,110.243,110.235,110.235,10
2012-09-05 13:02:00,110.235,110.243,110.235,110.235,5
2012-09-05 13:03:00,110.243,110.243,110.235,110.243,9
2012-09-05 13:04:00,110.235,110.243,110.235,110.235,7
2012-09-05 13:05:00,110.243,110.243,110.235,110.243,15
2012-09-05 13:06:00,110.25,110.25,110.235,110.235,5
2012-09-05 13:07:00,110.25,110.25,110.243,110.243,4
2012-09-05 13:08:00,110.25,110.25,110.243,110.243,6
2012-09-05 13:09:00,110.243,110.25,110.243,110.243,5
2012-09-05 13:10:00,110.25,110.25,110.243,110.25,7
2012-09-05 13:11:00,110.25,110.25,110.243,110.243,6
2012-09-05 13:12:00,110.25,110.25,110.243,110.243,6
2012-09-05 13:13:00,110.25,110.25,110.243,110.243,4
2012-09-05 13:14:00,110.243,110.25,110.243,110.243,7
2012-09-05 13:15:00,110.25,110.25,110.243,110.25,5
2012-09-05 13:16:00,110.25,110.25,110.243,110.243,2
2012-09-05 13:17:00,110.243,110.25,110.243,110.243,7
2012-09-05 13:18:00,110.243,110.25,110.243,110.25,8
2012-09-05 13:19:00,110.25,110.25,110.243,110.25,5
2012-09-05 13:20:00,110.25,110.25,110.243,110.243,4
2012-09-05 13:21:00,110.243,110.25,110.243,110.243,7
2012-09-05 13:22:00,110.25,110.25,110.243,110.25,9
2012-09-05 13:23:00,110.25,110.25,110.243,110.243,6
2012-09-05 13:24:00,110.25,110.25,110.243,110.243,6
2012-09-05 13:25:00,110.25,110.25,110.243,110.243,8
2012-09-05 13:26:00,110.25,110.25,110.243,110.243,8
2012-09-05 13:27:00,110.243,110.25,110.243,110.243,7
2012-09-05 13:28:00,110.25,110.25,110.243,110.25,7
2012-09-05 13:29:00,110.243,110.25,110.243,110.243,5
2012-09-05 13:30:00,110.25,110.25,110.243,110.25,7
2012-09-05 13:31:00,110.243,110.25,110.243,110.243,9
2012-09-05 13:32:00,110.25,110.25,110.243,110.25,9
2012-09-05 13:33:00,110.243,110.25,110.243,110.243,5
2012-09-05 13:34:00,110.243,110.25,110.243,110.25,6
2012-09-05 13:35:00,110.243,110.25,110.243,110.25,4
2012-09-05 13:36:00,110.25,110.25,110.243,110.25,3
2012-09-05 13:37:00,110.243,110.25,110.243,110.243,7
2012-09-05 13:38:00,110.25,110.25,110.243,110.25,5
2012-09-05 13:39:00,110.243,110.25,110.243,110.243,3
2012-09-05 13:40:00,110.25,110.25,110.243,110.25,3
2012-09-05 13:41:00,110.25,110.25,110.243,110.243,2
2012-09-05 13:46:00,110.25,110.25,110.243,110.243,4
2012-09-05 13:49:00,110.25,110.25,110.243,110.243,2
2012-09-05 13:54:00,110.243,110.243,110.243,110.243,1
2012-09-05 13:57:00,110.25,110.25,110.25,110.25,1
2012-09-05 14:00:00,110.25,110.25,110.243,110.243,2
2012-09-05 14:01:00,110.243,110.243,110.243,110.243,1
2012-09-05 14:02:00,110.25,110.25,110.25,110.25,1
2012-09-05 14:04:00,110.243,110.25,110.243,110.243,3
2012-09-05 14:10:00,110.25,110.25,110.25,110.25,1
2012-09-05 14:12:00,110.243,110.243,110.243,110.243,1
2012-09-05 14:13:00,110.25,110.25,110.25,110.25,1
2012-09-05 14:16:00,110.243,110.243,110.243,110.243,1
2012-09-05 14:18:00,110.25,110.25,110.25,110.25,1
2012-09-05 14:21:00,110.25,110.25,110.243,110.243,2
2012-09-05 14:22:00,110.243,110.243,110.243,110.243,1
2012-09-05 14:24:00,110.25,110.25,110.25,110.25,1
2012-09-05 14:25:00,110.25,110.25,110.243,110.243,2
2012-09-05 14:26:00,110.243,110.243,110.243,110.243,1
2012-09-05 14:27:00,110.25,110.25,110.25,110.25,1
2012-09-05 14:28:00,110.243,110.243,110.243,110.243,1
2012-09-05 14:30:00,110.25,110.25,110.25,110.25,1
2012-09-05 14:31:00,110.243,110.243,110.243,110.243,1
2012-09-05 14:32:00,110.25,110.25,110.243,110.25,3
2012-09-05 14:33:00,110.243,110.243,110.243,110.243,1
2012-09-05 14:34:00,110.25,110.25,110.243,110.25,3
2012-09-05 14:35:00,110.243,110.243,110.243,110.243,1
2012-09-05 14:39:00,110.25,110.25,110.25,110.25,1
2012-09-05 14:40:00,110.243,110.243,110.243,110.243,1
2012-09-05 14:41:00,110.243,110.25,110.243,110.25,2
2012-09-05 14:45:00,110.25,110.25,110.25,110.25,1
2012-09-05 14:47:00,110.243,110.243,110.243,110.243,1
2012-09-05 14:48:00,110.25,110.25,110.25,110.25,1
2012-09-05 14:49:00,110.243,110.243,110.243,110.243,1
2012-09-05 14:50:00,110.25,110.25,110.243,110.25,3
2012-09-05 14:51:00,110.25,110.25,110.243,110.243,2
2012-09-05 14:54:00,110.243,110.243,110.243,110.243,1
2012-09-05 14:55:00,110.25,110.25,110.243,110.25,3
2012-09-05 14:58:00,110.243,110.243,110.243,110.243,1
2012-09-05 15:00:00,110.25,110.25,110.243,110.25,3
2012-09-05 15:01:00,110.25,110.25,110.243,110.243,4
2012-09-05 15:02:00,110.243,110.243,110.243,110.243,1
2012-09-05 15:03:00,110.243,110.25,110.243,110.25,2
2012-09-05 15:05:00,110.25,110.25,110.243,110.25,3
2012-09-05 15:06:00,110.243,110.243,110.243,110.243,1
2012-09-05 15:07:00,110.243,110.25,110.243,110.25,4
2012-09-05 15:08:00,110.243,110.25,110.243,110.25,2
2012-09-05 15:09:00,110.243,110.25,110.243,110.25,2
2012-09-05 15:11:00,110.243,110.25,110.243,110.25,2
2012-09-05 15:13:00,110.243,110.25,110.243,110.25,2
2012-09-05 15:15:00,110.243,110.25,110.243,110.25,4
2012-09-05 15:20:00,110.243,110.243,110.235,110.235,4
2012-09-05 15:23:00,110.25,110.25,110.25,110.25,1
2012-09-05 15:24:00,110.243,110.243,110.243,110.243,1
2012-09-05 15:29:00,110.243,110.243,110.235,110.235,4
2012-09-05 15:30:00,110.243,110.243,110.235,110.235,2
2012-09-05 15:31:00,110.235,110.243,110.235,110.235,3
2012-09-05 15:32:00,110.235,110.243,110.235,110.243,2
2012-09-05 15:33:00,110.243,110.243,110.235,110.243,3
2012-09-05 15:34:00,110.243,110.243,110.235,110.235,2
2012-09-05 15:35:00,110.235,110.235,110.235,110.235,1
2012-09-05 15:38:00,110.243,110.243,110.235,110.243,3
2012-09-05 15:39:00,110.235,110.235,110.235,110.235,1
2012-09-05 15:40:00,110.243,110.243,110.243,110.243,1
2012-09-05 15:41:00,110.235,110.235,110.235,110.235,1
2012-09-05 15:45:00,110.235,110.243,110.235,110.243,4
2012-09-05 15:46:00,110.235,110.243,110.235,110.243,2
2012-09-05 15:47:00,110.235,110.243,110.235,110.243,2
2012-09-05 15:49:00,110.243,110.243,110.243,110.243,1
2012-09-05 15:50:00,110.235,110.235,110.235,110.235,1
2012-09-05 15:51:00,110.243,110.243,110.243,110.243,1
2012-09-05 15:52:00,110.235,110.243,110.235,110.235,3
2012-09-05 16:00:00,110.243,110.243,110.235,110.243,5
2012-09-05 16:01:00,110.243,110.243,110.235,110.235,2
2012-09-05 16:09:00,110.235,110.243,110.235,110.235,3
2012-09-05 16:11:00,110.243,110.243,110.243,110.243,1
2012-09-05 16:12:00,110.235,110.235,110.235,110.235,1
2012-09-05 16:14:00,110.235,110.243,110.235,110.243,2
2012-09-05 16:16:00,110.235,110.243,110.235,110.243,4
2012-09-05 16:23:00,110.243,110.243,110.243,110.243,1
2012-09-05 16:24:00,110.235,110.243,110.235,110.235,3
2012-09-05 16:27:00,110.243,110.243,110.243,110.243,1
2012-09-05 16:29:00,110.243,110.243,110.235,110.235,2
2012-09-05 16:30:00,110.235,110.235,110.235,110.235,1
2012-09-05 16:39:00,110.243,110.243,110.243,110.243,1
2012-09-05 16:40:00,110.235,110.235,110.235,110.235,1
2012-09-05 16:43:00,110.243,110.243,110.243,110.243,1
2012-09-05 16:44:00,110.235,110.235,110.235,110.235,1
2012-09-05 16:49:00,110.235,110.243,110.235,110.243,2
2012-09-05 16:50:00,110.235,110.243,110.235,110.243,2
2012-09-05 16:55:00,110.243,110.243,110.243,110.243,1
2012-09-05 16:56:00,110.235,110.235,110.235,110.235,1
2012-09-05 16:59:00,110.235,110.243,110.235,110.243,2
2012-09-05 17:00:00,110.243,110.243,110.243,110.243,1
2012-09-05 17:01:00,110.235,110.235,110.235,110.235,1
2012-09-05 17:02:00,110.243,110.243,110.243,110.243,1
2012-09-05 17:03:00,110.235,110.243,110.235,110.235,3
2012-09-05 17:04:00,110.243,110.243,110.235,110.243,3
2012-09-05 17:06:00,110.235,110.243,110.235,110.235,3
2012-09-05 17:07:00,110.243,110.243,110.235,110.243,3
2012-09-05 17:11:00,110.243,110.243,110.235,110.235,2
2012-09-05 17:14:00,110.243,110.243,110.235,110.235,2
2012-09-05 17:15:00,110.235,110.243,110.235,110.235,3
2012-09-05 17:16:00,110.243,110.243,110.235,110.243,3
2012-09-05 17:17:00,110.243,110.243,110.235,110.235,2
2012-09-05 17:19:00,110.235,110.243,110.235,110.235,3
2012-09-05 17:20:00,110.243,110.243,110.243,110.243,1
2012-09-05 17:21:00,110.235,110.243,110.235,110.235,3
2012-09-05 17:22:00,110.243,110.243,110.243,110.243,1
2012-09-05 17:23:00,110.243,110.243,110.235,110.235,4
2012-09-05 17:25:00,110.243,110.243,110.235,110.235,2
2012-09-05 17:26:00,110.243,110.243,110.235,110.235,4
2012-09-05 17:27:00,110.243,110.243,110.235,110.235,2
2012-09-05 17:29:00,110.235,110.243,110.235,110.235,3
2012-09-05 17:30:00,110.243,110.243,110.243,110.243,1
2012-09-05 17:31:00,110.243,110.243,110.235,110.235,2
2012-09-05 17:33:00,110.243,110.243,110.235,110.235,2
2012-09-05 17:35:00,110.243,110.243,110.235,110.235,4
2012-09-05 17:36:00,110.243,110.243,110.235,110.235,2
2012-09-05 17:37:00,110.235,110.243,110.235,110.235,3
2012-09-05 17:38:00,110.243,110.243,110.235,110.243,3
2012-09-05 17:39:00,110.243,110.243,110.235,110.235,4
2012-09-05 17:41:00,110.235,110.235,110.235,110.235,1
2012-09-05 17:42:00,110.243,110.243,110.243,110.243,1
2012-09-05 17:43:00,110.243,110.243,110.235,110.235,2
2012-09-05 17:44:00,110.235,110.235,110.235,110.235,1
2012-09-05 17:45:00,110.235,110.243,110.235,110.243,2
2012-09-05 17:46:00,110.243,110.243,110.243,110.243,1
2012-09-05 17:47:00,110.235,110.243,110.235,110.235,3
2012-09-05 17:48:00,110.243,110.243,110.235,110.243,5
2012-09-05 17:49:00,110.235,110.243,110.235,110.235,3
2012-09-05 17:50:00,110.235,110.243,110.235,110.243,6
2012-09-05 17:51:00,110.243,110.243,110.235,110.243,5
2012-09-05 17:52:00,110.243,110.243,110.235,110.235,2
2012-09-05 17:54:00,110.235,110.243,110.235,110.235,3
2012-09-05 17:55:00,110.243,110.243,110.235,110.243,3
2012-09-05 17:57:00,110.235,110.235,110.235,110.235,1
2012-09-05 17:58:00,110.243,110.243,110.235,110.243,3
2012-09-05 18:00:00,110.243,110.243,110.235,110.235,4
2012-09-05 18:01:00,110.243,110.243,110.235,110.235,4
2012-09-05 18:02:00,110.243,110.243,110.235,110.235,4
2012-09-05 18:04:00,110.243,110.243,110.235,110.235,2
2012-09-05 18:05:00,110.243,110.243,110.235,110.235,2
2012-09-05 18:06:00,110.243,110.243,110.235,110.235,2
2012-09-05 18:07:00,110.243,110.243,110.235,110.235,2
2012-09-05 18:08:00,110.243,110.243,110.235,110.235,2
2012-09-05 18:10:00,110.243,110.243,110.235,110.235,2
2012-09-05 18:11:00,110.243,110.243,110.235,110.235,2
2012-09-05 18:14:00,110.243,110.243,110.235,110.235,4
2012-09-05 18:16:00,110.243,110.243,110.235,110.235,2
2012-09-05 18:20:00,110.243,110.243,110.235,110.235,2
2012-09-05 18:24:00,110.243,110.243,110.235,110.235,2
2012-09-05 18:25:00,110.243,110.243,110.235,110.235,2
2012-09-05 18:26:00,110.243,110.243,110.235,110.235,4
2012-09-05 18:27:00,110.243,110.243,110.235,110.235,2
2012-09-05 18:28:00,110.235,110.243,110.235,110.235,5
2012-09-05 18:29:00,110.235,110.243,110.235,110.243,4
2012-09-05 18:30:00,110.243,110.243,110.235,110.243,5
2012-09-05 18:31:00,110.243,110.243,110.235,110.235,4
2012-09-05 18:32:00,110.243,110.243,110.235,110.235,6
2012-09-05 18:33:00,110.235,110.243,110.235,110.235,5
2012-09-05 18:34:00,110.243,110.243,110.235,110.243,5
2012-09-05 18:35:00,110.235,110.243,110.235,110.235,11
2012-09-05 18:36:00,110.243,110.243,110.235,110.243,7
2012-09-05 18:37:00,110.235,110.243,110.235,110.235,5
2012-09-05 18:38:00,110.243,110.243,110.235,110.243,5
2012-09-05 18:39:00,110.235,110.243,110.235,110.235,5
2012-09-05 18:40:00,110.235,110.243,110.235,110.243,4
2012-09-05 18:41:00,110.235,110.243,110.235,110.243,8
2012-09-05 18:42:00,110.243,110.243,110.235,110.243,5
2012-09-05 18:43:00,110.235,110.243,110.235,110.235,5
2012-09-05 18:44:00,110.235,110.243,110.235,110.243,2
2012-09-05 18:45:00,110.243,110.243,110.235,110.243,5
2012-09-05 18:46:00,110.243,110.243,110.235,110.235,8
2012-09-05 18:47:00,110.25,110.25,110.235,110.235,7
2012-09-05 18:49:00,110.25,110.25,110.243,110.243,6
2012-09-05 18:50:00,110.25,110.25,110.243,110.243,4
2012-09-05 18:51:00,110.243,110.25,110.243,110.243,5
2012-09-05 18:52:00,110.25,110.25,110.243,110.25,5
2012-09-05 18:53:00,110.25,110.25,110.243,110.243,4
2012-09-05 18:54:00,110.243,110.25,110.243,110.243,3
2012-09-05 18:55:00,110.25,110.25,110.243,110.25,5
2012-09-05 18:56:00,110.243,110.25,110.243,110.243,3
2012-09-05 18:57:00,110.243,110.25,110.243,110.25,6
2012-09-05 18:58:00,110.243,110.25,110.243,110.25,6
2012-09-05 18:59:00,110.243,110.25,110.243,110.25,22
2012-09-05 19:00:00,110.25,110.25,110.243,110.25,3
2012-09-05 19:01:00,110.243,110.25,110.243,110.243,5
2012-09-05 19:02:00,110.25,110.25,110.243,110.25,7
2012-09-05 19:03:00,110.25,110.25,110.243,110.243,2
2012-09-05 19:04:00,110.243,110.243,110.243,110.243,1
2012-09-05 19:08:00,110.243,110.25,110.243,110.25,2
2012-09-05 19:12:00,110.243,110.25,110.243,110.25,2
2012-09-05 19:18:00,110.25,110.25,110.25,110.25,1
2012-09-05 19:19:00,110.243,110.243,110.243,110.243,1
2012-09-05 19:28:00,110.25,110.25,110.25,110.25,1
2012-09-05 19:29:00,110.243,110.243,110.243,110.243,1
2012-09-05 19:33:00,110.243,110.25,110.243,110.25,2
2012-09-05 19:43:00,110.243,110.25,110.243,110.25,2
2012-09-05 19:55:00,110.243,110.25,110.243,110.25,2
2012-09-05 19:59:00,110.243,110.25,110.243,110.25,2
2012-09-05 20:00:00,110.243,110.25,110.243,110.25,4
2012-09-05 20:01:00,110.25,110.25,110.25,110.25,1
2012-09-05 20:02:00,110.243,110.243,110.243,110.243,1
2012-09-05 20:12:00,110.243,110.25,110.243,110.25,2
2012-09-05 20:16:00,110.25,110.25,110.25,110.25,1
2012-09-05 20:17:00,110.243,110.243,110.243,110.243,1
2012-09-05 20:24:00,110.25,110.25,110.25,110.25,1
2012-09-05 20:25:00,110.243,110.243,110.243,110.243,1
2012-09-05 20:33:00,110.25,110.25,110.25,110.25,1
2012-09-05 20:34:00,110.243,110.243,110.243,110.243,1
2012-09-05 20:37:00,110.243,110.25,110.243,110.25,2
2012-09-05 22:30:00,110.235,110.235,110.235,110.235,1
2012-09-05 22:33:00,110.243,110.243,110.243,110.243,1
2012-09-05 23:00:00,110.235,110.235,110.235,110.235,1
2012-09-05 23:01:00,110.243,110.243,110.243,110.243,1
2012-09-05 23:03:00,110.243,110.243,110.235,110.235,2
2012-09-05 23:07:00,110.25,110.25,110.25,110.25,1
2012-09-05 23:09:00,110.243,110.243,110.243,110.243,1
2012-09-05 23:37:00,110.25,110.25,110.25,110.25,1
2012-09-05 23:46:00,110.243,110.243,110.243,110.243,1
2012-09-05 23:50:00,110.25,110.25,110.25,110.25,1
2012-09-06 00:30:00,110.243,110.243,110.243,110.243,1
2012-09-06 01:02:00,110.25,110.25,110.25,110.25,1
2012-09-06 01:31:00,110.243,110.243,110.243,110.243,1
2012-09-06 01:32:00,110.25,110.25,110.25,110.25,1
2012-09-06 01:59:00,110.243,110.243,110.243,110.243,1
2012-09-06 02:24:00,110.25,110.25,110.25,110.25,1
2012-09-06 03:49:00,110.243,110.243,110.243,110.243,1
2012-09-06 03:51:00,110.25,110.25,110.25,110.25,1
2012-09-06 04:07:00,110.243,110.243,110.243,110.243,1
2012-09-06 04:21:00,110.25,110.25,110.25,110.25,1
2012-09-06 05:50:00,110.243,110.243,110.243,110.243,1
2012-09-06 05:54:00,110.25,110.25,110.25,110.25,1
2012-09-06 06:00:00,110.25,110.25,110.243,110.243,2
2012-09-06 06:05:00,110.25,110.25,110.243,110.243,2
2012-09-06 06:06:00,110.243,110.25,110.243,110.243,3
2012-09-06 06:09:00,110.243,110.25,110.243,110.25,2
2012-09-06 06:12:00,110.25,110.25,110.25,110.25,1
2012-09-06 06:13:00,110.243,110.243,110.243,110.243,1
2012-09-06 06:14:00,110.25,110.25,110.25,110.25,1
2012-09-06 06:16:00,110.243,110.243,110.243,110.243,1
2012-09-06 06:19:00,110.25,110.25,110.25,110.25,1
2012-09-06 06:21:00,110.243,110.243,110.243,110.243,1
2012-09-06 06:24:00,110.25,110.25,110.25,110.25,1
2012-09-06 06:54:00,110.243,110.243,110.243,110.243,1
2012-09-06 06:57:00,110.25,110.25,110.25,110.25,1
2012-09-06 06:58:00,110.243,110.243,110.243,110.243,1
2012-09-06 06:59:00,110.25,110.25,110.25,110.25,1
2012-09-06 07:00:00,110.243,110.243,110.243,110.243,1
2012-09-06 07:01:00,110.243,110.25,110.243,110.25,2
2012-09-06 07:02:00,110.25,110.25,110.243,110.25,3
2012-09-06 07:04:00,110.243,110.243,110.243,110.243,1
2012-09-06 07:05:00,110.25,110.25,110.25,110.25,1
2012-09-06 07:07:00,110.243,110.243,110.243,110.243,1
2012-09-06 07:08:00,110.25,110.25,110.25,110.25,1
2012-09-06 07:10:00,110.243,110.243,110.243,110.243,1
2012-09-06 07:12:00,110.243,110.25,110.243,110.25,2
2012-09-06 07:14:00,110.25,110.25,110.25,110.25,1
2012-09-06 07:15:00,110.25,110.25,110.243,110.243,2
2012-09-06 07:17:00,110.25,110.25,110.243,110.243,2
2012-09-06 07:18:00,110.243,110.243,110.243,110.243,1
2012-09-06 07:19:00,110.25,110.25,110.25,110.25,1
2012-09-06 07:20:00,110.243,110.243,110.243,110.243,1
2012-09-06 07:21:00,110.25,110.25,110.25,110.25,1
2012-09-06 07:22:00,110.243,110.243,110.243,110.243,1
2012-09-06 07:24:00,110.25,110.25,110.25,110.25,1
2012-09-06 07:26:00,110.243,110.243,110.243,110.243,1
2012-09-06 07:28:00,110.243,110.25,110.243,110.25,2
2012-09-06 07:30:00,110.243,110.25,110.243,110.25,2
2012-09-06 07:31:00,110.243,110.25,110.243,110.25,2
2012-09-06 07:32:00,110.25,110.25,110.25,110.25,1
2012-09-06 07:33:00,110.243,110.243,110.243,110.243,1
2012-09-06 07:34:00,110.243,110.25,110.243,110.25,4
2012-09-06 07:36:00,110.25,110.25,110.243,110.25,3
2012-09-06 07:37:00,110.243,110.25,110.243,110.243,3
2012-09-06 07:40:00,110.243,110.25,110.243,110.25,4
2012-09-06 07:42:00,110.243,110.25,110.243,110.25,2
2012-09-06 07:44:00,110.243,110.25,110.243,110.25,2
2012-09-06 07:46:00,110.243,110.25,110.243,110.25,2
2012-09-06 07:48:00,110.243,110.25,110.243,110.25,2
2012-09-06 07:50:00,110.243,110.25,110.243,110.25,2
2012-09-06 07:51:00,110.25,110.25,110.25,110.25,1
2012-09-06 07:52:00,110.243,110.243,110.243,110.243,1
2012-09-06 07:54:00,110.25,110.25,110.25,110.25,1
2012-09-06 07:55:00,110.243,110.25,110.243,110.243,3
2012-09-06 07:56:00,110.25,110.25,110.25,110.25,1
2012-09-06 07:57:00,110.243,110.243,110.243,110.243,1
2012-09-06 07:58:00,110.243,110.25,110.243,110.25,2
2012-09-06 07:59:00,110.25,110.25,110.25,110.25,1
2012-09-06 08:00:00,110.243,110.25,110.243,110.243,3
2012-09-06 08:02:00,110.25,110.25,110.25,110.25,1
2012-09-06 08:03:00,110.243,110.243,110.243,110.243,1
2012-09-06 08:04:00,110.25,110.25,110.25,110.25,1
2012-09-06 08:13:00,110.243,110.243,110.243,110.243,1
2012-09-06 08:14:00,110.25,110.25,110.25,110.25,1
2012-09-06 08:19:00,110.243,110.243,110.243,110.243,1
2012-09-06 08:20:00,110.25,110.25,110.25,110.25,1
2012-09-06 08:26:00,110.243,110.243,110.243,110.243,1
2012-09-06 08:28:00,110.25,110.25,110.25,110.25,1
2012-09-06 08:30:00,110.243,110.243,110.243,110.243,1
2012-09-06 08:32:00,110.25,110.25,110.25,110.25,1
2012-09-06 08:35:00,110.243,110.243,110.243,110.243,1
2012-09-06 08:36:00,110.25,110.25,110.25,110.25,1
2012-09-06 08:37:00,110.243,110.243,110.243,110.243,1
2012-09-06 08:38:00,110.25,110.25,110.25,110.25,1
2012-09-06 08:44:00,110.243,110.243,110.243,110.243,1
2012-09-06 08:46:00,110.243,110.25,110.243,110.25,2
2012-09-06 08:48:00,110.243,110.25,110.243,110.25,2
2012-09-06 08:49:00,110.25,110.25,110.25,110.25,1
2012-09-06 09:00:00,110.243,110.243,110.243,110.243,1
2012-09-06 09:02:00,110.25,110.25,110.25,110.25,1
2012-09-06 09:18:00,110.25,110.25,110.243,110.243,2
2012-09-06 09:57:00,110.243,110.243,110.243,110.243,1
2012-09-06 09:58:00,110.25,110.25,110.25,110.25,1
2012-09-06 10:04:00,110.243,110.243,110.243,110.243,1
2012-09-06 10:06:00,110.25,110.25,110.25,110.25,1
2012-09-06 10:19:00,110.243,110.243,110.243,110.243,1
2012-09-06 10:20:00,110.25,110.25,110.25,110.25,1
2012-09-06 10:33:00,110.243,110.243,110.243,110.243,1
2012-09-06 10:34:00,110.25,110.25,110.25,110.25,1
2012-09-06 10:40:00,110.25,110.25,110.243,110.243,2
2012-09-06 11:00:00,110.243,110.243,110.243,110.243,1
2012-09-06 11:01:00,110.25,110.25,110.243,110.25,3
2012-09-06 11:07:00,110.243,110.243,110.243,110.243,1
2012-09-06 11:08:00,110.25,110.25,110.25,110.25,1
2012-09-06 11:17:00,110.243,110.243,110.243,110.243,1
2012-09-06 11:18:00,110.243,110.25,110.243,110.25,2
2012-09-06 11:20:00,110.25,110.25,110.25,110.25,1
2012-09-06 11:21:00,110.243,110.243,110.243,110.243,1
2012-09-06 11:22:00,110.25,110.25,110.25,110.25,1
2012-09-06 11:36:00,110.243,110.243,110.243,110.243,1
2012-09-06 11:43:00,110.235,110.243,110.235,110.235,3
2012-09-06 11:44:00,110.243,110.243,110.243,110.243,1
2012-09-06 11:54:00,110.235,110.235,110.235,110.235,1
2012-09-06 11:56:00,110.243,110.243,110.243,110.243,1
2012-09-06 11:59:00,110.243,110.243,110.235,110.235,2
2012-09-06 12:01:00,110.235,110.235,110.235,110.235,1
2012-09-06 12:02:00,110.243,110.243,110.243,110.243,1
2012-09-06 12:10:00,110.235,110.235,110.235,110.235,1
2012-09-06 12:11:00,110.243,110.243,110.243,110.243,1
2012-09-06 12:12:00,110.243,110.243,110.235,110.235,2
2012-09-06 12:14:00,110.243,110.243,110.235,110.235,2
2012-09-06 12:15:00,110.235,110.235,110.227,110.235,5
2012-09-06 12:18:00,110.227,110.227,110.227,110.227,1
2012-09-06 12:20:00,110.227,110.235,110.227,110.235,2
2012-09-06 12:22:00,110.227,110.235,110.227,110.235,2
2012-09-06 12:23:00,110.219,110.227,110.219,110.219,11
2012-09-06 12:24:00,110.219,110.227,110.211,110.227,8
2012-09-06 12:25:00,110.219,110.227,110.219,110.227,4
2012-09-06 12:26:00,110.219,110.219,110.211,110.211,2
2012-09-06 12:27:00,110.219,110.219,110.211,110.211,2
2012-09-06 12:30:00,110.219,110.219,110.211,110.211,6
2012-09-06 12:31:00,110.204,110.211,110.204,110.211,4
2012-09-06 12:32:00,110.204,110.211,110.204,110.211,2
2012-09-06 12:33:00,110.204,110.211,110.204,110.211,2
2012-09-06 12:34:00,110.211,110.211,110.204,110.211,5
2012-09-06 12:35:00,110.211,110.211,110.204,110.204,2
2012-09-06 12:36:00,110.219,110.219,110.211,110.219,3
2012-09-06 12:38:00,110.219,110.219,110.211,110.211,2
2012-09-06 12:39:00,110.211,110.219,110.211,110.211,5
2012-09-06 12:40:00,110.211,110.219,110.211,110.219,2
2012-09-06 12:42:00,110.211,110.211,110.204,110.204,6
2012-09-06 12:45:00,110.211,110.211,110.204,110.204,2
2012-09-06 12:47:00,110.211,110.211,110.204,110.204,2
2012-09-06 12:48:00,110.211,110.211,110.204,110.204,4
2012-09-06 12:49:00,110.211,110.211,110.204,110.204,4
2012-09-06 12:50:00,110.211,110.211,110.204,110.204,2
2012-09-06 12:51:00,110.204,110.204,110.204,110.204,1
2012-09-06 12:52:00,110.211,110.211,110.204,110.211,5
2012-09-06 12:53:00,110.211,110.211,110.204,110.204,2
2012-09-06 12:54:00,110.211,110.211,110.204,110.204,2
2012-09-06 12:55:00,110.211,110.211,110.204,110.204,2
2012-09-06 12:56:00,110.204,110.204,110.204,110.204,1
2012-09-06 12:57:00,110.211,110.211,110.211,110.211,1
2012-09-06 12:58:00,110.204,110.211,110.204,110.204,3
2012-09-06 12:59:00,110.211,110.211,110.211,110.211,1
2012-09-06 13:00:00,110.204,110.211,110.204,110.204,7
2012-09-06 13:01:00,110.211,110.211,110.204,110.211,3
2012-09-06 13:02:00,110.204,110.204,110.204,110.204,1
2012-09-06 13:03:00,110.204,110.211,110.204,110.211,6
2012-09-06 13:04:00,110.204,110.211,110.204,110.211,4
2012-09-06 13:06:00,110.204,110.211,110.204,110.211,4
2012-09-06 13:08:00,110.204,110.211,110.204,110.211,6
2012-09-06 13:10:00,110.204,110.211,110.204,110.211,2
2012-09-06 13:11:00,110.211,110.211,110.211,110.211,1
2012-09-06 13:12:00,110.204,110.211,110.204,110.204,3
2012-09-06 13:13:00,110.196,110.211,110.196,110.211,9
2012-09-06 13:14:00,110.204,110.204,110.196,110.204,3
2012-09-06 13:15:00,110.196,110.196,110.196,110.196,1
2012-09-06 13:18:00,110.196,110.204,110.196,110.204,2
2012-09-06 13:19:00,110.196,110.204,110.196,110.204,2
2012-09-06 13:20:00,110.196,110.204,110.196,110.204,4
2012-09-06 13:21:00,110.196,110.204,110.196,110.204,2
2012-09-06 13:22:00,110.196,110.204,110.196,110.204,2
2012-09-06 13:23:00,110.196,110.204,110.196,110.204,2
2012-09-06 13:24:00,110.196,110.204,110.196,110.204,2
2012-09-06 13:25:00,110.204,110.204,110.204,110.204,1
2012-09-06 13:26:00,110.196,110.204,110.196,110.196,3
2012-09-06 13:27:00,110.196,110.204,110.196,110.204,2
2012-09-06 13:28:00,110.196,110.204,110.196,110.204,4
2012-09-06 13:29:00,110.196,110.204,110.196,110.204,2
2012-09-06 13:30:00,110.196,110.204,110.196,110.204,2
2012-09-06 13:32:00,110.196,110.204,110.196,110.204,2
2012-09-06 13:34:00,110.204,110.204,110.196,110.204,3
2012-09-06 13:35:00,110.196,110.196,110.196,110.196,1
2012-09-06 13:36:00,110.204,110.204,110.204,110.204,1
2012-09-06 13:37:00,110.204,110.204,110.196,110.196,2
2012-09-06 13:38:00,110.196,110.204,110.196,110.196,3
2012-09-06 13:40:00,110.204,110.204,110.196,110.204,3
2012-09-06 13:41:00,110.196,110.196,110.196,110.196,1
2012-09-06 13:42:00,110.204,110.204,110.204,110.204,1
2012-09-06 13:43:00,110.196,110.196,110.196,110.196,1
2012-09-06 13:44:00,110.196,110.204,110.196,110.204,6
2012-09-06 13:45:00,110.196,110.204,110.196,110.204,4
2012-09-06 13:46:00,110.196,110.204,110.196,110.204,4
2012-09-06 13:48:00,110.196,110.204,110.196,110.204,2
2012-09-06 13:49:00,110.196,110.204,110.196,110.204,2
2012-09-06 13:51:00,110.196,110.204,110.196,110.204,2
2012-09-06 13:52:00,110.196,110.204,110.196,110.204,2
2012-09-06 13:53:00,110.196,110.204,110.196,110.204,2
2012-09-06 13:54:00,110.204,110.204,110.204,110.204,1
2012-09-06 13:55:00,110.204,110.204,110.196,110.196,4
2012-09-06 13:56:00,110.204,110.204,110.196,110.196,4
2012-09-06 13:57:00,110.196,110.196,110.196,110.196,1
2012-09-06 13:58:00,110.196,110.204,110.196,110.204,2
2012-09-06 13:59:00,110.196,110.204,110.196,110.204,4
2012-09-06 14:00:00,110.204,110.204,110.196,110.204,3
2012-09-06 14:03:00,110.196,110.196,110.196,110.196,1
2012-09-06 14:04:00,110.204,110.204,110.196,110.204,3
2012-09-06 14:06:00,110.196,110.204,110.196,110.196,3
2012-09-06 14:07:00,110.196,110.204,110.196,110.204,2
2012-09-06 14:08:00,110.204,110.204,110.196,110.204,3
2012-09-06 14:09:00,110.204,110.204,110.196,110.196,2
2012-09-06 14:10:00,110.196,110.196,110.196,110.196,1
2012-09-06 14:12:00,110.204,110.204,110.204,110.204,1
2012-09-06 14:14:00,110.196,110.196,110.196,110.196,1
2012-09-06 14:16:00,110.196,110.204,110.196,110.204,2
2012-09-06 14:18:00,110.196,110.204,110.196,110.204,6
2012-09-06 14:20:00,110.196,110.204,110.196,110.204,4
2012-09-06 14:22:00,110.196,110.204,110.196,110.204,4
2012-09-06 14:23:00,110.196,110.204,110.196,110.204,2
2012-09-06 14:24:00,110.196,110.204,110.196,110.204,2
2012-09-06 14:25:00,110.196,110.204,110.196,110.204,4
2012-09-06 14:26:00,110.196,110.204,110.196,110.204,2
2012-09-06 14:27:00,110.196,110.204,110.196,110.204,4
2012-09-06 14:28:00,110.196,110.204,110.196,110.204,4
2012-09-06 14:30:00,110.196,110.204,110.196,110.204,4
2012-09-06 14:31:00,110.188,110.196,110.188,110.188,3
2012-09-06 14:32:00,110.188,110.196,110.188,110.196,4
2012-09-06 14:34:00,110.188,110.196,110.188,110.196,2
2012-09-06 14:35:00,110.188,110.196,110.188,110.196,4
2012-09-06 14:36:00,110.188,110.196,110.188,110.196,2
2012-09-06 14:37:00,110.188,110.196,110.188,110.196,2
2012-09-06 14:38:00,110.188,110.196,110.188,110.196,2
2012-09-06 14:40:00,110.188,110.196,110.188,110.196,2
2012-09-06 14:42:00,110.188,110.196,110.188,110.196,2
2012-09-06 14:44:00,110.188,110.196,110.188,110.196,2
2012-09-06 14:46:00,110.188,110.196,110.188,110.196,2
2012-09-06 14:47:00,110.196,110.196,110.188,110.196,3
2012-09-06 14:48:00,110.188,110.188,110.188,110.188,1
2012-09-06 14:50:00,110.188,110.196,110.188,110.196,2
2012-09-06 14:51:00,110.188,110.196,110.188,110.196,2
2012-09-06 14:52:00,110.196,110.196,110.196,110.196,1
2012-09-06 14:54:00,110.188,110.204,110.188,110.204,5
2012-09-06 14:55:00,110.188,110.196,110.188,110.196,4
2012-09-06 14:56:00,110.196,110.196,110.188,110.196,5
2012-09-06 14:57:00,110.188,110.196,110.188,110.188,3
2012-09-06 14:58:00,110.188,110.196,110.188,110.196,2
2012-09-06 14:59:00,110.196,110.196,110.196,110.196,1
2012-09-06 15:00:00,110.196,110.196,110.188,110.188,4
2012-09-06 15:01:00,110.188,110.196,110.188,110.188,3
2012-09-06 15:02:00,110.18,110.196,110.18,110.196,11
2012-09-06 15:03:00,110.18,110.188,110.18,110.188,8
2012-09-06 15:04:00,110.188,110.188,110.188,110.188,1
2012-09-06 15:06:00,110.188,110.196,110.188,110.196,2
2012-09-06 15:08:00,110.196,110.196,110.188,110.196,7
2012-09-06 15:09:00,110.188,110.188,110.188,110.188,1
2012-09-06 15:12:00,110.188,110.196,110.188,110.196,2
2012-09-06 15:14:00,110.188,110.196,110.188,110.196,2
2012-09-06 15:15:00,110.188,110.196,110.188,110.196,2
2012-09-06 15:16:00,110.188,110.196,110.188,110.196,2
2012-09-06 15:18:00,110.188,110.196,110.188,110.196,2
2012-09-06 15:20:00,110.188,110.196,110.188,110.196,2
2012-09-06 15:22:00,110.188,110.196,110.188,110.196,2
2012-09-06 15:23:00,110.196,110.196,110.188,110.196,3
2012-09-06 15:24:00,110.196,110.196,110.188,110.188,2
2012-09-06 15:25:00,110.188,110.196,110.188,110.188,3
2012-09-06 15:26:00,110.196,110.196,110.188,110.196,3
2012-09-06 15:27:00,110.196,110.196,110.188,110.188,2
2012-09-06 15:28:00,110.196,110.196,110.188,110.188,2
2012-09-06 15:29:00,110.188,110.196,110.188,110.188,3
2012-09-06 15:30:00,110.196,110.196,110.188,110.196,3
2012-09-06 15:31:00,110.196,110.196,110.188,110.188,2
2012-09-06 15:32:00,110.196,110.204,110.196,110.204,2
2012-09-06 15:36:00,110.196,110.196,110.188,110.188,2
2012-09-06 15:37:00,110.188,110.188,110.188,110.188,1
2012-09-06 15:38:00,110.188,110.196,110.188,110.196,2
2012-09-06 15:39:00,110.196,110.196,110.196,110.196,1
2012-09-06 15:42:00,110.188,110.188,110.188,110.188,1
2012-09-06 15:43:00,110.188,110.196,110.188,110.196,2
2012-09-06 15:44:00,110.196,110.196,110.196,110.196,1
2012-09-06 15:45:00,110.188,110.188,110.188,110.188,1
2012-09-06 15:46:00,110.188,110.196,110.188,110.196,2
2012-09-06 15:48:00,110.188,110.196,110.188,110.196,2
2012-09-06 15:50:00,110.188,110.196,110.188,110.196,4
2012-09-06 15:51:00,110.188,110.196,110.188,110.196,2
2012-09-06 15:52:00,110.188,110.196,110.188,110.196,2
2012-09-06 15:54:00,110.188,110.196,110.188,110.196,2
2012-09-06 15:55:00,110.188,110.196,110.188,110.196,2
2012-09-06 15:56:00,110.188,110.196,110.188,110.196,2
2012-09-06 15:57:00,110.196,110.196,110.188,110.196,5
2012-09-06 15:58:00,110.188,110.196,110.188,110.188,3
2012-09-06 16:00:00,110.188,110.196,110.188,110.196,2
2012-09-06 16:02:00,110.188,110.196,110.188,110.196,2
2012-09-06 16:04:00,110.196,110.196,110.196,110.196,1
2012-09-06 16:06:00,110.196,110.204,110.196,110.204,2
2012-09-06 16:08:00,110.188,110.204,110.188,110.204,3
2012-09-06 16:09:00,110.188,110.196,110.188,110.196,2
2012-09-06 16:10:00,110.196,110.196,110.196,110.196,1
2012-09-06 16:11:00,110.188,110.188,110.188,110.188,1
2012-09-06 16:12:00,110.188,110.196,110.188,110.196,2
2012-09-06 16:13:00,110.196,110.196,110.188,110.196,3
2012-09-06 16:14:00,110.188,110.196,110.188,110.188,3
2012-09-06 16:15:00,110.188,110.196,110.188,110.196,2
2012-09-06 16:16:00,110.188,110.196,110.188,110.196,2
2012-09-06 16:17:00,110.196,110.196,110.188,110.196,5
2012-09-06 16:18:00,110.188,110.188,110.188,110.188,1
2012-09-06 16:19:00,110.196,110.196,110.196,110.196,1
2012-09-06 16:20:00,110.188,110.188,110.188,110.188,1
2012-09-06 16:22:00,110.188,110.196,110.188,110.196,4
2012-09-06 16:24:00,110.196,110.196,110.188,110.196,3
2012-09-06 16:25:00,110.196,110.196,110.188,110.188,2
2012-09-06 16:26:00,110.188,110.188,110.188,110.188,1
2012-09-06 16:28:00,110.196,110.196,110.196,110.196,1
2012-09-06 16:29:00,110.188,110.196,110.188,110.188,3
2012-09-06 16:30:00,110.196,110.196,110.196,110.196,1
2012-09-06 16:31:00,110.188,110.188,110.188,110.188,1
2012-09-06 16:32:00,110.196,110.196,110.188,110.196,3
2012-09-06 16:34:00,110.196,110.204,110.196,110.204,2
2012-09-06 16:36:00,110.204,110.204,110.196,110.204,3
2012-09-06 16:37:00,110.196,110.196,110.196,110.196,1
2012-09-06 16:38:00,110.196,110.204,110.196,110.204,2
2012-09-06 16:40:00,110.196,110.204,110.196,110.204,2
2012-09-06 16:42:00,110.204,110.204,110.204,110.204,1
2012-09-06 16:43:00,110.196,110.196,110.196,110.196,1
2012-09-06 16:44:00,110.196,110.204,110.196,110.204,2
2012-09-06 16:45:00,110.196,110.204,110.196,110.204,2
2012-09-06 16:46:00,110.196,110.204,110.196,110.204,2
2012-09-06 16:48:00,110.196,110.204,110.196,110.204,2
2012-09-06 16:49:00,110.196,110.196,110.188,110.188,2
2012-09-06 16:50:00,110.188,110.188,110.188,110.188,1
2012-09-06 16:51:00,110.196,110.196,110.196,110.196,1
2012-09-06 16:52:00,110.196,110.196,110.188,110.188,2
2012-09-06 16:53:00,110.188,110.188,110.188,110.188,1
2012-09-06 16:54:00,110.188,110.196,110.188,110.196,2
2012-09-06 16:56:00,110.188,110.196,110.188,110.196,2
2012-09-06 16:58:00,110.188,110.196,110.188,110.196,2
2012-09-06 16:59:00,110.188,110.196,110.188,110.196,2
2012-09-06 17:00:00,110.196,110.196,110.188,110.196,3
2012-09-06 17:03:00,110.188,110.188,110.188,110.188,1
2012-09-06 17:04:00,110.196,110.196,110.196,110.196,1
2012-09-06 17:07:00,110.188,110.188,110.188,110.188,1
2012-09-06 17:11:00,110.196,110.196,110.196,110.196,1
2012-09-06 17:15:00,110.188,110.188,110.188,110.188,1
2012-09-06 17:19:00,110.188,110.196,110.188,110.196,2
2012-09-06 17:25:00,110.196,110.196,110.196,110.196,1
2012-09-06 17:29:00,110.188,110.188,110.188,110.188,1
2012-09-06 17:30:00,110.196,110.196,110.196,110.196,1
2012-09-06 17:31:00,110.188,110.188,110.188,110.188,1
2012-09-06 17:34:00,110.188,110.196,110.188,110.196,4
2012-09-06 17:36:00,110.188,110.196,110.188,110.196,2
2012-09-06 17:37:00,110.196,110.196,110.196,110.196,1
2012-09-06 17:38:00,110.188,110.188,110.188,110.188,1
2012-09-06 17:40:00,110.196,110.196,110.196,110.196,1
2012-09-06 17:41:00,110.188,110.188,110.188,110.188,1
2012-09-06 17:43:00,110.188,110.196,110.188,110.196,2
2012-09-06 17:44:00,110.188,110.196,110.188,110.196,2
2012-09-06 17:45:00,110.196,110.196,110.196,110.196,1
2012-09-06 17:46:00,110.188,110.188,110.188,110.188,1
2012-09-06 17:47:00,110.188,110.196,110.188,110.196,2
2012-09-06 17:48:00,110.188,110.196,110.188,110.196,2
2012-09-06 17:49:00,110.196,110.196,110.188,110.196,3
2012-09-06 17:50:00,110.188,110.196,110.188,110.188,5
2012-09-06 17:51:00,110.188,110.196,110.188,110.196,2
2012-09-06 17:52:00,110.188,110.196,110.188,110.196,2
2012-09-06 17:53:00,110.196,110.196,110.188,110.196,3
2012-09-06 17:54:00,110.188,110.196,110.188,110.188,3
2012-09-06 17:55:00,110.188,110.196,110.188,110.196,4
2012-09-06 17:56:00,110.188,110.196,110.188,110.196,2
2012-09-06 17:57:00,110.196,110.196,110.188,110.196,5
2012-09-06 17:58:00,110.188,110.196,110.188,110.188,3
2012-09-06 17:59:00,110.188,110.196,110.188,110.196,4
2012-09-06 18:00:00,110.188,110.196,110.188,110.196,2
2012-09-06 18:01:00,110.196,110.196,110.188,110.196,5
2012-09-06 18:02:00,110.188,110.196,110.188,110.188,3
2012-09-06 18:03:00,110.188,110.196,110.188,110.196,2
2012-09-06 18:04:00,110.188,110.196,110.188,110.196,2
2012-09-06 18:05:00,110.196,110.196,110.188,110.196,3
2012-09-06 18:06:00,110.188,110.196,110.188,110.188,5
2012-09-06 18:07:00,110.188,110.196,110.188,110.196,2
2012-09-06 18:08:00,110.188,110.196,110.188,110.196,4
2012-09-06 18:09:00,110.196,110.196,110.188,110.196,5
2012-09-06 18:10:00,110.188,110.196,110.188,110.188,3
2012-09-06 18:11:00,110.188,110.196,110.188,110.196,4
2012-09-06 18:12:00,110.188,110.196,110.188,110.196,2
2012-09-06 18:13:00,110.196,110.196,110.188,110.196,5
2012-09-06 18:14:00,110.188,110.196,110.188,110.188,5
2012-09-06 18:15:00,110.188,110.196,110.188,110.196,2
2012-09-06 18:16:00,110.196,110.196,110.188,110.196,3
2012-09-06 18:17:00,110.188,110.196,110.188,110.188,3
2012-09-06 18:18:00,110.188,110.196,110.188,110.196,2
2012-09-06 18:19:00,110.188,110.196,110.188,110.196,4
2012-09-06 18:20:00,110.188,110.196,110.188,110.196,2
2012-09-06 18:21:00,110.196,110.196,110.188,110.196,5
2012-09-06 18:22:00,110.188,110.196,110.188,110.188,3
2012-09-06 18:23:00,110.188,110.196,110.188,110.196,2
2012-09-06 18:24:00,110.196,110.196,110.188,110.196,5
2012-09-06 18:25:00,110.188,110.196,110.188,110.188,5
2012-09-06 18:26:00,110.196,110.196,110.188,110.196,3
2012-09-06 18:27:00,110.188,110.196,110.188,110.188,3
2012-09-06 18:28:00,110.188,110.196,110.188,110.196,4
2012-09-06 18:29:00,110.196,110.196,110.188,110.196,3
2012-09-06 18:30:00,110.188,110.196,110.188,110.188,5
2012-09-06 18:31:00,110.188,110.196,110.188,110.196,6
2012-09-06 18:32:00,110.196,110.196,110.188,110.196,5
2012-09-06 18:33:00,110.196,110.196,110.188,110.188,6
2012-09-06 18:34:00,110.188,110.196,110.188,110.188,3
2012-09-06 18:35:00,110.188,110.196,110.188,110.196,2
2012-09-06 18:36:00,110.196,110.196,110.188,110.196,5
2012-09-06 18:37:00,110.196,110.196,110.188,110.188,2
2012-09-06 18:38:00,110.188,110.196,110.188,110.188,5
2012-09-06 18:39:00,110.196,110.196,110.188,110.196,5
2012-09-06 18:40:00,110.188,110.196,110.188,110.188,3
2012-09-06 18:41:00,110.188,110.196,110.188,110.196,4
2012-09-06 18:42:00,110.188,110.196,110.188,110.196,4
2012-09-06 18:43:00,110.188,110.196,110.18,110.196,4
2012-09-06 18:44:00,110.188,110.188,110.18,110.18,4
2012-09-06 18:45:00,110.18,110.18,110.18,110.18,1
2012-09-06 18:46:00,110.188,110.188,110.18,110.188,3
2012-09-06 18:47:00,110.18,110.18,110.18,110.18,1
2012-09-06 18:48:00,110.18,110.188,110.18,110.188,8
2012-09-06 18:49:00,110.18,110.188,110.18,110.188,4
2012-09-06 18:50:00,110.18,110.188,110.18,110.188,4
2012-09-06 18:51:00,110.18,110.188,110.18,110.188,2
2012-09-06 18:52:00,110.18,110.188,110.18,110.188,2
2012-09-06 18:53:00,110.188,110.188,110.18,110.188,5
2012-09-06 18:54:00,110.188,110.188,110.18,110.18,2
2012-09-06 18:55:00,110.172,110.18,110.172,110.18,16
2012-09-06 18:56:00,110.172,110.18,110.172,110.18,12
2012-09-06 18:57:00,110.172,110.18,110.172,110.18,6
2012-09-06 18:58:00,110.18,110.188,110.172,110.18,29
2012-09-06 18:59:00,110.172,110.18,110.172,110.172,23
2012-09-06 19:00:00,110.18,110.188,110.172,110.18,9
2012-09-06 19:03:00,110.18,110.188,110.18,110.188,2
2012-09-06 19:11:00,110.188,110.188,110.18,110.188,3
2012-09-06 19:12:00,110.18,110.18,110.18,110.18,1
2012-09-06 19:17:00,110.18,110.188,110.18,110.188,2
2012-09-06 19:20:00,110.18,110.188,110.18,110.188,2
2012-09-06 19:21:00,110.188,110.188,110.18,110.188,3
2012-09-06 19:22:00,110.188,110.188,110.18,110.18,2
2012-09-06 19:23:00,110.188,110.188,110.18,110.18,6
2012-09-06 19:24:00,110.18,110.188,110.18,110.18,5
2012-09-06 19:26:00,110.18,110.188,110.18,110.188,4
2012-09-06 19:27:00,110.18,110.188,110.18,110.188,2
2012-09-06 19:28:00,110.18,110.188,110.18,110.188,2
2012-09-06 19:29:00,110.18,110.188,110.18,110.188,2
2012-09-06 19:30:00,110.18,110.188,110.18,110.188,2
2012-09-06 19:31:00,110.18,110.188,110.18,110.188,2
2012-09-06 19:32:00,110.18,110.188,110.18,110.188,2
2012-09-06 19:33:00,110.18,110.188,110.18,110.188,2
2012-09-06 19:34:00,110.18,110.188,110.18,110.188,2
2012-09-06 19:35:00,110.18,110.188,110.18,110.188,4
2012-09-06 19:36:00,110.188,110.188,110.188,110.188,1
2012-09-06 19:37:00,110.18,110.18,110.18,110.18,1
2012-09-06 19:38:00,110.18,110.188,110.18,110.188,4
2012-09-06 19:39:00,110.188,110.188,110.188,110.188,1
2012-09-06 19:40:00,110.18,110.188,110.18,110.18,3
2012-09-06 19:41:00,110.18,110.188,110.18,110.188,2
2012-09-06 19:42:00,110.188,110.188,110.18,110.188,3
2012-09-06 19:43:00,110.188,110.188,110.18,110.18,2
2012-09-06 19:44:00,110.18,110.188,110.18,110.18,3
2012-09-06 19:45:00,110.18,110.188,110.18,110.188,2
2012-09-06 19:46:00,110.188,110.188,110.18,110.188,3
2012-09-06 19:47:00,110.18,110.188,110.18,110.18,3
2012-09-06 19:48:00,110.18,110.188,110.18,110.188,4
2012-09-06 19:49:00,110.188,110.188,110.188,110.188,1
2012-09-06 19:50:00,110.18,110.188,110.18,110.18,3
2012-09-06 19:51:00,110.188,110.188,110.18,110.188,3
2012-09-06 19:52:00,110.188,110.188,110.18,110.18,4
2012-09-06 19:53:00,110.188,110.188,110.18,110.18,6
2012-09-06 19:54:00,110.188,110.188,110.18,110.18,4
2012-09-06 19:55:00,110.188,110.188,110.18,110.18,2
2012-09-06 19:57:00,110.18,110.188,110.18,110.18,5
2012-09-06 19:58:00,110.18,110.188,110.18,110.188,4
2012-09-06 19:59:00,110.18,110.188,110.18,110.188,6
2012-09-06 20:00:00,110.18,110.188,110.18,110.188,2
2012-09-06 20:16:00,110.188,110.188,110.188,110.188,1
2012-09-06 20:26:00,110.188,110.188,110.18,110.18,2
2012-09-06 20:41:00,110.188,110.196,110.188,110.196,2
2012-09-06 22:00:00,110.18,110.18,110.18,110.18,1
2012-09-06 22:02:00,110.18,110.18,110.172,110.172,2
2012-09-06 23:40:00,110.172,110.172,110.172,110.172,1
2012-09-06 23:47:00,110.18,110.18,110.18,110.18,1
2012-09-06 23:49:00,110.18,110.188,110.18,110.188,2
2012-09-07 00:14:00,110.188,110.188,110.188,110.188,1
2012-09-07 00:31:00,110.18,110.18,110.18,110.18,1
2012-09-07 02:20:00,110.188,110.188,110.188,110.188,1
2012-09-07 02:21:00,110.18,110.18,110.18,110.18,1
2012-09-07 03:47:00,110.172,110.172,110.172,110.172,1
2012-09-07 04:33:00,110.172,110.18,110.172,110.18,2
2012-09-07 04:36:00,110.18,110.18,110.18,110.18,1
2012-09-07 05:07:00,110.172,110.172,110.172,110.172,1
2012-09-07 05:40:00,110.18,110.18,110.18,110.18,1
2012-09-07 06:02:00,110.172,110.172,110.172,110.172,1
2012-09-07 06:05:00,110.18,110.18,110.18,110.18,1
2012-09-07 06:07:00,110.172,110.172,110.172,110.172,1
2012-09-07 06:12:00,110.18,110.18,110.18,110.18,1
2012-09-07 06:58:00,110.18,110.188,110.18,110.188,2
2012-09-07 07:00:00,110.188,110.188,110.188,110.188,1
2012-09-07 07:01:00,110.18,110.18,110.18,110.18,1
2012-09-07 07:02:00,110.188,110.188,110.188,110.188,1
2012-09-07 07:03:00,110.18,110.18,110.18,110.18,1
2012-09-07 07:04:00,110.18,110.18,110.172,110.172,6
2012-09-07 07:07:00,110.172,110.172,110.172,110.172,1
2012-09-07 07:15:00,110.165,110.172,110.165,110.165,3
2012-09-07 07:20:00,110.165,110.172,110.165,110.172,2
2012-09-07 07:21:00,110.172,110.172,110.165,110.172,3
2012-09-07 07:23:00,110.165,110.165,110.165,110.165,1
2012-09-07 07:37:00,110.157,110.165,110.157,110.157,3
2012-09-07 07:42:00,110.157,110.165,110.157,110.165,4
2012-09-07 07:43:00,110.165,110.165,110.157,110.165,3
2012-09-07 08:27:00,110.157,110.157,110.157,110.157,1
2012-09-07 08:45:00,110.165,110.165,110.165,110.165,1
2012-09-07 08:46:00,110.157,110.157,110.157,110.157,1
2012-09-07 08:49:00,110.165,110.165,110.165,110.165,1
2012-09-07 08:53:00,110.157,110.157,110.157,110.157,1
2012-09-07 08:55:00,110.165,110.165,110.165,110.165,1
2012-09-07 08:58:00,110.157,110.157,110.157,110.157,1
2012-09-07 09:00:00,110.157,110.165,110.157,110.165,4
2012-09-07 09:03:00,110.157,110.165,110.157,110.165,2
2012-09-07 09:04:00,110.165,110.165,110.165,110.165,1
2012-09-07 09:10:00,110.157,110.157,110.157,110.157,1
2012-09-07 09:14:00,110.165,110.165,110.165,110.165,1
2012-09-07 09:17:00,110.157,110.165,110.157,110.157,3
2012-09-07 09:19:00,110.165,110.165,110.165,110.165,1
2012-09-07 09:23:00,110.157,110.157,110.157,110.157,1
2012-09-07 09:25:00,110.165,110.165,110.165,110.165,1
2012-09-07 09:28:00,110.157,110.157,110.157,110.157,1
2012-09-07 09:48:00,110.165,110.165,110.165,110.165,1
2012-09-07 09:53:00,110.157,110.157,110.157,110.157,1
2012-09-07 10:00:00,110.157,110.165,110.157,110.165,2
2012-09-07 10:06:00,110.149,110.165,110.149,110.165,7
2012-09-07 10:10:00,110.157,110.157,110.149,110.157,9
2012-09-07 10:11:00,110.157,110.157,110.149,110.149,2
2012-09-07 10:13:00,110.149,110.149,110.149,110.149,1
2012-09-07 10:19:00,110.149,110.157,110.149,110.157,2
2012-09-07 10:21:00,110.149,110.157,110.149,110.157,2
2012-09-07 10:32:00,110.149,110.157,110.149,110.157,2
2012-09-07 10:39:00,110.157,110.157,110.149,110.157,3
2012-09-07 10:42:00,110.157,110.165,110.157,110.165,4
2012-09-07 10:56:00,110.149,110.149,110.149,110.149,1
2012-09-07 10:58:00,110.157,110.157,110.157,110.157,1
2012-09-07 11:00:00,110.157,110.157,110.149,110.149,2
2012-09-07 11:06:00,110.149,110.149,110.149,110.149,1
2012-09-07 11:12:00,110.157,110.157,110.157,110.157,1
2012-09-07 11:16:00,110.149,110.149,110.149,110.149,1
2012-09-07 11:17:00,110.157,110.157,110.149,110.157,3
2012-09-07 11:18:00,110.149,110.149,110.149,110.149,1
2012-09-07 11:26:00,110.157,110.157,110.157,110.157,1
2012-09-07 11:32:00,110.165,110.165,110.165,110.165,1
2012-09-07 11:33:00,110.157,110.165,110.157,110.157,3
2012-09-07 11:35:00,110.157,110.165,110.157,110.165,4
2012-09-07 11:40:00,110.157,110.165,110.157,110.165,2
2012-09-07 11:43:00,110.165,110.165,110.165,110.165,1
2012-09-07 11:44:00,110.157,110.157,110.157,110.157,1
2012-09-07 11:51:00,110.165,110.165,110.157,110.165,3
2012-09-07 11:52:00,110.165,110.165,110.157,110.157,2
2012-09-07 11:53:00,110.165,110.165,110.157,110.157,2
2012-09-07 11:54:00,110.165,110.165,110.157,110.157,4
2012-09-07 11:55:00,110.157,110.157,110.157,110.157,1
2012-09-07 12:01:00,110.157,110.165,110.157,110.165,4
2012-09-07 12:05:00,110.165,110.165,110.165,110.165,1
2012-09-07 12:06:00,110.157,110.165,110.157,110.157,3
2012-09-07 12:07:00,110.165,110.165,110.165,110.165,1
2012-09-07 12:08:00,110.157,110.157,110.157,110.157,1
2012-09-07 12:09:00,110.165,110.165,110.165,110.165,1
2012-09-07 12:10:00,110.165,110.165,110.157,110.157,2
2012-09-07 12:11:00,110.157,110.157,110.157,110.157,1
2012-09-07 12:12:00,110.165,110.165,110.157,110.165,3
2012-09-07 12:13:00,110.157,110.157,110.157,110.157,1
2012-09-07 12:14:00,110.165,110.165,110.165,110.165,1
2012-09-07 12:15:00,110.157,110.157,110.157,110.157,1
2012-09-07 12:18:00,110.157,110.165,110.157,110.165,4
2012-09-07 12:19:00,110.165,110.165,110.157,110.165,7
2012-09-07 12:20:00,110.165,110.165,110.157,110.157,10
2012-09-07 12:21:00,110.165,110.165,110.157,110.157,8
2012-09-07 12:22:00,110.157,110.165,110.157,110.157,3
2012-09-07 12:23:00,110.165,110.165,110.165,110.165,1
2012-09-07 12:24:00,110.157,110.165,110.157,110.157,5
2012-09-07 12:25:00,110.165,110.165,110.157,110.165,5
2012-09-07 12:26:00,110.165,110.165,110.157,110.157,10
2012-09-07 12:27:00,110.157,110.165,110.157,110.157,11
2012-09-07 12:28:00,110.157,110.165,110.157,110.165,10
2012-09-07 12:29:00,110.165,110.165,110.157,110.165,9
2012-09-07 12:30:00,110.188,110.196,110.157,110.157,59
2012-09-07 12:31:00,110.204,110.211,110.188,110.196,16
2012-09-07 12:32:00,110.211,110.211,110.204,110.211,9
2012-09-07 12:33:00,110.211,110.219,110.204,110.204,18
2012-09-07 12:34:00,110.211,110.219,110.211,110.219,6
2012-09-07 12:35:00,110.196,110.211,110.196,110.204,18
2012-09-07 12:36:00,110.211,110.211,110.196,110.204,12
2012-09-07 12:37:00,110.219,110.227,110.211,110.219,17
2012-09-07 12:38:00,110.219,110.227,110.219,110.227,14
2012-09-07 12:39:00,110.227,110.227,110.219,110.227,13
2012-09-07 12:40:00,110.227,110.227,110.219,110.219,12
2012-09-07 12:41:00,110.219,110.227,110.219,110.219,19
2012-09-07 12:42:00,110.219,110.227,110.219,110.227,16
2012-09-07 12:43:00,110.227,110.227,110.219,110.227,17
2012-09-07 12:45:00,110.227,110.227,110.219,110.219,4
2012-09-07 12:49:00,110.227,110.235,110.227,110.235,6
2012-09-07 12:50:00,110.235,110.235,110.227,110.235,5
2012-09-07 12:53:00,110.235,110.235,110.227,110.227,4
2012-09-07 12:55:00,110.243,110.243,110.235,110.243,5
2012-09-07 12:56:00,110.243,110.243,110.235,110.235,6
2012-09-07 12:57:00,110.243,110.243,110.235,110.235,10
2012-09-07 12:58:00,110.235,110.235,110.235,110.235,1
2012-09-07 12:59:00,110.235,110.235,110.227,110.227,6
2012-09-07 13:00:00,110.235,110.235,110.227,110.227,8
2012-09-07 13:02:00,110.235,110.235,110.227,110.227,6
2012-09-07 13:03:00,110.235,110.235,110.227,110.227,2
2012-09-07 13:04:00,110.235,110.235,110.227,110.227,14
2012-09-07 13:05:00,110.235,110.235,110.227,110.227,8
2012-09-07 13:06:00,110.235,110.235,110.227,110.227,10
2012-09-07 13:07:00,110.235,110.235,110.227,110.227,4
2012-09-07 13:08:00,110.227,110.235,110.227,110.227,3
2012-09-07 13:09:00,110.227,110.235,110.227,110.235,4
2012-09-07 13:10:00,110.227,110.235,110.227,110.235,4
2012-09-07 13:11:00,110.235,110.235,110.235,110.235,1
2012-09-07 13:12:00,110.235,110.235,110.227,110.227,6
2012-09-07 13:13:00,110.227,110.235,110.227,110.227,3
2012-09-07 13:15:00,110.227,110.235,110.227,110.235,2
2012-09-07 13:18:00,110.235,110.235,110.227,110.235,3
2012-09-07 13:19:00,110.227,110.235,110.227,110.227,3
2012-09-07 13:20:00,110.219,110.219,110.219,110.219,1
2012-09-07 13:21:00,110.227,110.227,110.227,110.227,1
2012-09-07 13:22:00,110.227,110.227,110.219,110.219,4
2012-09-07 13:26:00,110.235,110.235,110.235,110.235,1
2012-09-07 13:27:00,110.227,110.235,110.227,110.227,3
2012-09-07 13:28:00,110.235,110.235,110.235,110.235,1
2012-09-07 13:31:00,110.235,110.235,110.227,110.227,2
2012-09-07 13:33:00,110.235,110.235,110.227,110.227,2
2012-09-07 13:36:00,110.227,110.227,110.227,110.227,1
2012-09-07 13:37:00,110.235,110.235,110.235,110.235,1
2012-09-07 13:40:00,110.227,110.235,110.227,110.227,5
2012-09-07 13:41:00,110.227,110.235,110.227,110.235,2
2012-09-07 13:46:00,110.219,110.227,110.219,110.219,3
2012-09-07 13:47:00,110.219,110.227,110.219,110.227,2
2012-09-07 13:48:00,110.219,110.227,110.219,110.227,2
2012-09-07 13:52:00,110.227,110.227,110.227,110.227,1
2012-09-07 13:53:00,110.219,110.219,110.219,110.219,1
2012-09-07 13:56:00,110.227,110.227,110.227,110.227,1
2012-09-07 14:00:00,110.227,110.227,110.219,110.219,2
2012-09-07 14:01:00,110.235,110.235,110.235,110.235,1
2012-09-07 14:03:00,110.227,110.227,110.227,110.227,1
2012-09-07 14:04:00,110.227,110.235,110.227,110.235,2
2012-09-07 14:05:00,110.219,110.227,110.219,110.219,3
2012-09-07 14:11:00,110.227,110.227,110.227,110.227,1
2012-09-07 14:13:00,110.219,110.219,110.219,110.219,1
2012-09-07 14:16:00,110.227,110.227,110.227,110.227,1
2012-09-07 14:18:00,110.219,110.219,110.219,110.219,1
2012-09-07 14:23:00,110.227,110.227,110.227,110.227,1
2012-09-07 14:24:00,110.219,110.219,110.219,110.219,1
2012-09-07 14:26:00,110.219,110.227,110.219,110.227,2
2012-09-07 14:27:00,110.227,110.227,110.227,110.227,1
2012-09-07 14:29:00,110.227,110.227,110.219,110.219,2
2012-09-07 14:31:00,110.227,110.235,110.227,110.235,4
2012-09-07 14:32:00,110.235,110.235,110.227,110.235,3
2012-09-07 14:44:00,110.227,110.235,110.227,110.227,3
2012-09-07 14:47:00,110.227,110.235,110.227,110.235,4
2012-09-07 14:48:00,110.227,110.235,110.227,110.235,2
2012-09-07 14:52:00,110.227,110.235,110.227,110.235,2
2012-09-07 14:54:00,110.227,110.235,110.227,110.235,2
2012-09-07 15:00:00,110.235,110.235,110.227,110.235,3
2012-09-07 15:01:00,110.235,110.235,110.227,110.227,2
2012-09-07 15:03:00,110.235,110.235,110.227,110.227,2
2012-09-07 15:04:00,110.235,110.235,110.227,110.227,2
2012-09-07 15:08:00,110.235,110.235,110.227,110.227,2
2012-09-07 15:11:00,110.235,110.235,110.227,110.227,2
2012-09-07 15:14:00,110.235,110.235,110.227,110.227,2
2012-09-07 15:15:00,110.235,110.235,110.227,110.227,2
2012-09-07 15:17:00,110.227,110.227,110.227,110.227,1
2012-09-07 15:18:00,110.235,110.235,110.227,110.235,5
2012-09-07 15:23:00,110.235,110.235,110.227,110.227,4
2012-09-07 15:29:00,110.227,110.227,110.227,110.227,1
2012-09-07 15:31:00,110.235,110.235,110.227,110.235,3
2012-09-07 15:33:00,110.227,110.227,110.227,110.227,1
2012-09-07 15:34:00,110.235,110.235,110.235,110.235,1
2012-09-07 15:35:00,110.227,110.227,110.227,110.227,1
2012-09-07 15:44:00,110.227,110.235,110.227,110.235,2
2012-09-07 15:45:00,110.235,110.235,110.235,110.235,1
2012-09-07 15:49:00,110.227,110.227,110.227,110.227,1
2012-09-07 15:50:00,110.235,110.235,110.235,110.235,1
2012-09-07 15:51:00,110.235,110.235,110.227,110.227,2
2012-09-07 15:54:00,110.235,110.235,110.227,110.227,2
2012-09-07 15:58:00,110.227,110.235,110.227,110.227,3
2012-09-07 15:59:00,110.227,110.235,110.227,110.235,2
2012-09-07 16:02:00,110.235,110.235,110.235,110.235,1
2012-09-07 16:03:00,110.227,110.227,110.227,110.227,1
2012-09-07 16:04:00,110.227,110.235,110.227,110.235,2
2012-09-07 16:12:00,110.235,110.235,110.235,110.235,1
2012-09-07 16:13:00,110.235,110.235,110.227,110.227,4
2012-09-07 16:14:00,110.235,110.235,110.227,110.227,2
2012-09-07 16:15:00,110.227,110.235,110.227,110.227,3
2012-09-07 16:17:00,110.227,110.235,110.227,110.235,2
2012-09-07 16:22:00,110.235,110.235,110.235,110.235,1
2012-09-07 16:26:00,110.227,110.227,110.227,110.227,1
2012-09-07 16:34:00,110.235,110.235,110.235,110.235,1
2012-09-07 16:36:00,110.227,110.227,110.227,110.227,1
2012-09-07 16:43:00,110.227,110.235,110.227,110.235,2
2012-09-07 16:44:00,110.227,110.235,110.227,110.235,2
2012-09-07 16:45:00,110.227,110.235,110.227,110.235,4
2012-09-07 16:49:00,110.219,110.227,110.219,110.219,5
2012-09-07 17:00:00,110.219,110.227,110.219,110.227,4
2012-09-07 17:02:00,110.219,110.227,110.219,110.227,2
2012-09-07 17:04:00,110.219,110.227,110.219,110.227,2
2012-09-07 17:07:00,110.227,110.227,110.219,110.227,3
2012-09-07 17:09:00,110.219,110.219,110.219,110.219,1
2012-09-07 17:22:00,110.227,110.227,110.227,110.227,1
2012-09-07 17:25:00,110.219,110.219,110.219,110.219,1
2012-09-07 17:28:00,110.219,110.219,110.211,110.211,4
2012-09-07 17:33:00,110.211,110.219,110.211,110.211,3
2012-09-07 17:34:00,110.219,110.219,110.219,110.219,1
2012-09-07 17:35:00,110.219,110.219,110.211,110.211,4
2012-09-07 17:41:00,110.219,110.219,110.211,110.211,2
2012-09-07 17:46:00,110.211,110.211,110.211,110.211,1
2012-09-07 17:51:00,110.219,110.219,110.219,110.219,1
2012-09-07 18:01:00,110.211,110.211,110.211,110.211,1
2012-09-07 18:03:00,110.219,110.219,110.219,110.219,1
2012-09-07 18:04:00,110.227,110.227,110.227,110.227,1
2012-09-07 18:05:00,110.227,110.227,110.219,110.219,2
2012-09-07 18:06:00,110.219,110.219,110.219,110.219,1
2012-09-07 18:20:00,110.211,110.211,110.211,110.211,1
2012-09-07 18:24:00,110.219,110.219,110.219,110.219,1
2012-09-07 18:26:00,110.211,110.211,110.211,110.211,1
2012-09-07 18:27:00,110.219,110.219,110.219,110.219,1
2012-09-07 18:29:00,110.219,110.219,110.211,110.211,2
2012-09-07 18:30:00,110.211,110.219,110.211,110.211,3
2012-09-07 18:31:00,110.219,110.219,110.219,110.219,1
2012-09-07 18:33:00,110.211,110.211,110.211,110.211,1
2012-09-07 18:34:00,110.219,110.219,110.219,110.219,1
2012-09-07 18:35:00,110.211,110.211,110.211,110.211,1
2012-09-07 18:36:00,110.219,110.219,110.219,110.219,1
2012-09-07 18:38:00,110.219,110.219,110.211,110.211,2
2012-09-07 18:39:00,110.211,110.211,110.211,110.211,1
2012-09-07 18:40:00,110.211,110.219,110.211,110.219,2
2012-09-07 18:41:00,110.219,110.219,110.219,110.219,1
2012-09-07 18:42:00,110.211,110.219,110.211,110.211,3
2012-09-07 18:43:00,110.219,110.219,110.219,110.219,1
2012-09-07 18:44:00,110.204,110.211,110.204,110.211,6
2012-09-07 18:45:00,110.211,110.211,110.211,110.211,1
2012-09-07 18:48:00,110.204,110.204,110.204,110.204,1
2012-09-07 18:50:00,110.211,110.211,110.211,110.211,1
2012-09-07 18:55:00,110.211,110.211,110.204,110.204,2
2012-09-07 18:56:00,110.204,110.204,110.204,110.204,1
2012-09-07 18:57:00,110.204,110.211,110.204,110.211,2
2012-09-07 18:58:00,110.204,110.211,110.204,110.211,4
2012-09-07 18:59:00,110.219,110.219,110.204,110.211,16
2012-09-07 19:00:00,110.219,110.219,110.211,110.211,4
2012-09-07 19:01:00,110.211,110.219,110.211,110.211,5
2012-09-07 19:02:00,110.219,110.219,110.219,110.219,1
2012-09-07 19:03:00,110.219,110.219,110.211,110.211,2
2012-09-07 19:04:00,110.211,110.219,110.211,110.211,3
2012-09-07 19:07:00,110.219,110.219,110.219,110.219,1
2012-09-07 19:09:00,110.211,110.211,110.211,110.211,1
2012-09-07 19:11:00,110.211,110.219,110.211,110.219,2
2012-09-07 19:12:00,110.211,110.219,110.211,110.219,4
2012-09-07 19:51:00,110.204,110.211,110.204,110.204,3
2012-09-07 19:52:00,110.211,110.211,110.211,110.211,1
2012-09-07 19:57:00,110.211,110.219,110.211,110.219,2
2012-09-07 19:59:00,110.219,110.219,110.219,110.219,1
2012-09-07 20:00:00,110.211,110.211,110.211,110.211,1
2012-09-07 20:02:00,110.211,110.219,110.211,110.219,2
2012-09-07 20:12:00,110.219,110.219,110.211,110.219,3
2012-09-07 20:22:00,110.211,110.211,110.211,110.211,1
2012-09-07 20:34:00,110.211,110.219,110.211,110.219,2
2012-09-07 20:37:00,110.211,110.211,110.204,110.204,2
2012-09-07 20:52:00,110.212,110.212,110.204,110.204,2
2012-09-07 20:57:00,110.212,110.212,110.204,110.204,2
2012-09-07 20:58:00,110.212,110.212,110.204,110.204,2
2012-09-07 20:59:00,110.204,110.212,110.204,110.204,3
2012-09-09 22:00:00,110.212,110.212,110.212,110.212,1
2012-09-09 22:38:00,110.219,110.219,110.219,110.219,1
2012-09-09 23:46:00,110.219,110.227,110.219,110.227,2
2012-09-10 01:19:00,110.227,110.227,110.219,110.227,9
2012-09-10 01:20:00,110.227,110.235,110.227,110.235,10
2012-09-10 01:55:00,110.235,110.235,110.235,110.235,1
2012-09-10 02:31:00,110.227,110.227,110.227,110.227,1
2012-09-10 03:29:00,110.235,110.235,110.235,110.235,1
2012-09-10 03:45:00,110.243,110.243,110.243,110.243,1
2012-09-10 04:07:00,110.235,110.235,110.235,110.235,1
2012-09-10 06:00:00,110.243,110.243,110.243,110.243,1
2012-09-10 06:02:00,110.235,110.235,110.235,110.235,1
2012-09-10 06:25:00,110.235,110.243,110.235,110.243,2
2012-09-10 06:35:00,110.243,110.251,110.243,110.243,5
2012-09-10 06:36:00,110.251,110.251,110.251,110.251,1
2012-09-10 06:41:00,110.243,110.243,110.243,110.243,1
2012-09-10 06:51:00,110.251,110.251,110.251,110.251,1
2012-09-10 06:55:00,110.243,110.243,110.243,110.243,1
2012-09-10 07:00:00,110.251,110.251,110.243,110.251,5
2012-09-10 07:02:00,110.243,110.243,110.243,110.243,1
2012-09-10 07:06:00,110.251,110.251,110.251,110.251,1
2012-09-10 07:08:00,110.243,110.243,110.243,110.243,1
2012-09-10 07:10:00,110.251,110.251,110.251,110.251,1
2012-09-10 07:15:00,110.243,110.243,110.243,110.243,1
2012-09-10 07:24:00,110.243,110.243,110.235,110.235,2
2012-09-10 07:36:00,110.243,110.243,110.235,110.235,2
2012-09-10 07:40:00,110.235,110.243,110.235,110.235,3
2012-09-10 07:41:00,110.243,110.243,110.243,110.243,1
2012-09-10 07:45:00,110.251,110.251,110.251,110.251,1
2012-09-10 07:55:00,110.243,110.243,110.243,110.243,1
2012-09-10 08:00:00,110.243,110.251,110.243,110.251,2
2012-09-10 08:10:00,110.251,110.251,110.251,110.251,1
2012-09-10 08:11:00,110.243,110.243,110.243,110.243,1
2012-09-10 08:15:00,110.235,110.243,110.235,110.235,3
2012-09-10 08:20:00,110.243,110.243,110.243,110.243,1
2012-09-10 08:30:00,110.235,110.243,110.235,110.235,3
2012-09-10 08:43:00,110.243,110.243,110.243,110.243,1
2012-09-10 08:49:00,110.235,110.235,110.235,110.235,1
2012-09-10 08:55:00,110.235,110.243,110.235,110.243,2
2012-09-10 09:00:00,110.235,110.243,110.235,110.243,2
2012-09-10 09:14:00,110.227,110.227,110.227,110.227,1
2012-09-10 09:16:00,110.235,110.235,110.235,110.235,1
2012-09-10 09:19:00,110.227,110.227,110.227,110.227,1
2012-09-10 09:31:00,110.227,110.227,110.219,110.219,4
2012-09-10 09:32:00,110.219,110.219,110.219,110.219,1
2012-09-10 09:33:00,110.227,110.227,110.227,110.227,1
2012-09-10 10:19:00,110.227,110.235,110.227,110.235,2
2012-09-10 10:22:00,110.235,110.235,110.235,110.235,1
2012-09-10 10:26:00,110.227,110.227,110.227,110.227,1
2012-09-10 10:34:00,110.219,110.227,110.219,110.219,3
2012-09-10 10:42:00,110.227,110.227,110.227,110.227,1
2012-09-10 11:00:00,110.235,110.235,110.235,110.235,1
2012-09-10 11:01:00,110.227,110.227,110.227,110.227,1
2012-09-10 11:17:00,110.227,110.227,110.219,110.219,2
2012-09-10 11:18:00,110.235,110.235,110.227,110.235,5
2012-09-10 11:23:00,110.227,110.227,110.227,110.227,1
2012-09-10 11:28:00,110.235,110.235,110.235,110.235,1
2012-09-10 11:30:00,110.227,110.227,110.227,110.227,1
2012-09-10 11:31:00,110.235,110.235,110.235,110.235,1
2012-09-10 11:40:00,110.235,110.235,110.227,110.227,2
2012-09-10 11:41:00,110.227,110.227,110.227,110.227,1
2012-09-10 11:50:00,110.235,110.235,110.235,110.235,1
2012-09-10 11:54:00,110.235,110.235,110.227,110.227,2
2012-09-10 11:56:00,110.227,110.227,110.227,110.227,1
2012-09-10 12:00:00,110.227,110.235,110.227,110.235,2
2012-09-10 12:01:00,110.219,110.235,110.219,110.235,3
2012-09-10 12:03:00,110.227,110.227,110.227,110.227,1
2012-09-10 12:04:00,110.227,110.227,110.219,110.219,2
2012-09-10 12:05:00,110.227,110.227,110.219,110.219,2
2012-09-10 12:07:00,110.219,110.219,110.219,110.219,1
2012-09-10 12:13:00,110.219,110.227,110.219,110.227,2
2012-09-10 12:14:00,110.219,110.227,110.219,110.227,2
2012-09-10 12:15:00,110.219,110.227,110.219,110.227,4
2012-09-10 12:18:00,110.227,110.227,110.227,110.227,1
2012-09-10 12:19:00,110.219,110.219,110.219,110.219,1
2012-09-10 12:20:00,110.219,110.227,110.219,110.227,12
2012-09-10 12:21:00,110.219,110.227,110.219,110.227,4
2012-09-10 12:22:00,110.227,110.227,110.227,110.227,1
2012-09-10 12:23:00,110.227,110.227,110.219,110.219,2
2012-09-10 12:24:00,110.227,110.227,110.219,110.219,2
2012-09-10 12:25:00,110.227,110.227,110.219,110.219,4
2012-09-10 12:29:00,110.219,110.227,110.219,110.219,3
2012-09-10 12:30:00,110.227,110.227,110.227,110.227,1
2012-09-10 12:31:00,110.219,110.219,110.219,110.219,1
2012-09-10 12:32:00,110.227,110.227,110.227,110.227,1
2012-09-10 12:33:00,110.227,110.227,110.219,110.219,2
2012-09-10 12:34:00,110.227,110.227,110.219,110.219,6
2012-09-10 12:35:00,110.219,110.219,110.219,110.219,1
2012-09-10 12:36:00,110.219,110.227,110.219,110.227,2
2012-09-10 12:39:00,110.212,110.219,110.212,110.212,5
2012-09-10 12:40:00,110.219,110.227,110.219,110.219,3
2012-09-10 12:41:00,110.219,110.227,110.219,110.227,4
2012-09-10 12:42:00,110.219,110.227,110.219,110.227,4
2012-09-10 12:43:00,110.227,110.227,110.219,110.227,5
2012-09-10 12:44:00,110.219,110.227,110.219,110.219,5
2012-09-10 12:45:00,110.219,110.227,110.219,110.227,4
2012-09-10 12:46:00,110.219,110.227,110.219,110.227,6
2012-09-10 12:47:00,110.219,110.227,110.219,110.227,4
2012-09-10 12:48:00,110.219,110.227,110.219,110.227,6
2012-09-10 12:49:00,110.219,110.227,110.219,110.227,4
2012-09-10 12:50:00,110.227,110.227,110.219,110.227,5
2012-09-10 12:51:00,110.227,110.227,110.219,110.219,6
2012-09-10 12:52:00,110.219,110.227,110.219,110.219,7
2012-09-10 12:53:00,110.219,110.227,110.219,110.227,6
2012-09-10 12:54:00,110.227,110.227,110.219,110.227,9
2012-09-10 12:55:00,110.219,110.227,110.219,110.219,5
2012-09-10 12:56:00,110.227,110.227,110.219,110.227,7
2012-09-10 12:57:00,110.227,110.227,110.219,110.219,8
2012-09-10 12:58:00,110.227,110.235,110.219,110.219,12
2012-09-10 12:59:00,110.235,110.235,110.227,110.235,5
2012-09-10 13:00:00,110.235,110.235,110.227,110.227,4
2012-09-10 13:02:00,110.235,110.235,110.227,110.227,2
2012-09-10 13:03:00,110.227,110.235,110.227,110.227,7
2012-09-10 13:04:00,110.227,110.235,110.227,110.235,2
2012-09-10 13:05:00,110.235,110.235,110.227,110.235,5
2012-09-10 13:06:00,110.227,110.235,110.227,110.227,3
2012-09-10 13:07:00,110.235,110.235,110.227,110.235,3
2012-09-10 13:09:00,110.235,110.235,110.227,110.227,6
2012-09-10 13:10:00,110.235,110.235,110.227,110.227,4
2012-09-10 13:11:00,110.235,110.235,110.227,110.227,4
2012-09-10 13:12:00,110.235,110.235,110.227,110.227,2
2012-09-10 13:13:00,110.235,110.235,110.227,110.227,2
2012-09-10 13:14:00,110.227,110.235,110.227,110.227,5
2012-09-10 13:15:00,110.235,110.235,110.235,110.235,1
2012-09-10 13:19:00,110.235,110.235,110.227,110.227,2
2012-09-10 13:20:00,110.227,110.235,110.227,110.227,3
2012-09-10 13:21:00,110.235,110.235,110.235,110.235,1
2012-09-10 13:22:00,110.227,110.235,110.227,110.227,5
2012-09-10 13:23:00,110.235,110.235,110.235,110.235,1
2012-09-10 13:25:00,110.227,110.227,110.227,110.227,1
2012-09-10 13:26:00,110.227,110.235,110.227,110.235,2
2012-09-10 13:27:00,110.227,110.235,110.227,110.235,2
2012-09-10 13:31:00,110.219,110.227,110.219,110.219,3
2012-09-10 13:32:00,110.219,110.227,110.219,110.227,2
2012-09-10 13:33:00,110.219,110.227,110.219,110.227,2
2012-09-10 13:34:00,110.227,110.227,110.227,110.227,1
2012-09-10 13:35:00,110.219,110.219,110.219,110.219,1
2012-09-10 13:36:00,110.227,110.227,110.227,110.227,1
2012-09-10 13:37:00,110.219,110.219,110.219,110.219,1
2012-09-10 13:38:00,110.219,110.227,110.219,110.227,2
2012-09-10 13:39:00,110.227,110.227,110.227,110.227,1
2012-09-10 13:40:00,110.219,110.219,110.219,110.219,1
2012-09-10 13:42:00,110.227,110.227,110.227,110.227,1
2012-09-10 13:44:00,110.227,110.227,110.219,110.219,4
2012-09-10 13:45:00,110.219,110.219,110.219,110.219,1
2012-09-10 13:46:00,110.227,110.227,110.227,110.227,1
2012-09-10 13:48:00,110.219,110.219,110.219,110.219,1
2012-09-10 13:57:00,110.219,110.227,110.219,110.227,4
2012-09-10 13:58:00,110.219,110.227,110.219,110.227,2
2012-09-10 14:00:00,110.219,110.227,110.219,110.227,2
2012-09-10 14:02:00,110.227,110.227,110.227,110.227,1
2012-09-10 14:04:00,110.219,110.219,110.219,110.219,1
2012-09-10 14:06:00,110.227,110.227,110.227,110.227,1
2012-09-10 14:07:00,110.219,110.219,110.219,110.219,1
2012-09-10 14:09:00,110.227,110.227,110.227,110.227,1
2012-09-10 14:11:00,110.219,110.227,110.219,110.219,3
2012-09-10 14:12:00,110.219,110.227,110.219,110.227,4
2012-09-10 14:14:00,110.227,110.227,110.227,110.227,1
2012-09-10 14:15:00,110.219,110.219,110.219,110.219,1
2012-09-10 14:16:00,110.227,110.227,110.227,110.227,1
2012-09-10 14:17:00,110.219,110.219,110.219,110.219,1
2012-09-10 14:21:00,110.227,110.227,110.219,110.227,3
2012-09-10 14:22:00,110.219,110.219,110.219,110.219,1
2012-09-10 14:27:00,110.227,110.227,110.227,110.227,1
2012-09-10 14:29:00,110.219,110.219,110.219,110.219,1
2012-09-10 14:31:00,110.219,110.227,110.219,110.227,2
2012-09-10 14:32:00,110.227,110.227,110.227,110.227,1
2012-09-10 14:34:00,110.219,110.227,110.219,110.219,3
2012-09-10 14:35:00,110.227,110.227,110.227,110.227,1
2012-09-10 14:36:00,110.219,110.219,110.219,110.219,1
2012-09-10 14:37:00,110.219,110.227,110.219,110.227,2
2012-09-10 14:38:00,110.227,110.227,110.227,110.227,1
2012-09-10 14:42:00,110.219,110.227,110.219,110.219,3
2012-09-10 14:44:00,110.227,110.227,110.227,110.227,1
2012-09-10 14:45:00,110.219,110.219,110.219,110.219,1
2012-09-10 14:46:00,110.227,110.227,110.227,110.227,1
2012-09-10 14:47:00,110.219,110.219,110.219,110.219,1
2012-09-10 14:48:00,110.219,110.227,110.219,110.227,2
2012-09-10 14:49:00,110.227,110.227,110.227,110.227,1
2012-09-10 14:50:00,110.219,110.219,110.219,110.219,1
2012-09-10 14:51:00,110.227,110.227,110.227,110.227,1
2012-09-10 14:52:00,110.227,110.227,110.219,110.219,2
2012-09-10 14:54:00,110.219,110.219,110.219,110.219,1
2012-09-10 14:59:00,110.219,110.227,110.219,110.227,2
2012-09-10 15:00:00,110.219,110.227,110.219,110.227,6
2012-09-10 15:05:00,110.227,110.227,110.227,110.227,1
2012-09-10 15:06:00,110.219,110.219,110.219,110.219,1
2012-09-10 15:11:00,110.227,110.227,110.227,110.227,1
2012-09-10 15:12:00,110.219,110.219,110.219,110.219,1
2012-09-10 15:15:00,110.219,110.227,110.219,110.227,4
2012-09-10 15:17:00,110.219,110.227,110.219,110.227,2
2012-09-10 15:19:00,110.219,110.227,110.219,110.227,2
2012-09-10 15:20:00,110.212,110.219,110.212,110.212,3
2012-09-10 15:26:00,110.219,110.219,110.212,110.219,3
2012-09-10 15:29:00,110.227,110.227,110.219,110.227,3
2012-09-10 15:30:00,110.219,110.219,110.219,110.219,1
2012-09-10 15:37:00,110.227,110.227,110.227,110.227,1
2012-09-10 15:39:00,110.219,110.219,110.219,110.219,1
2012-09-10 15:42:00,110.219,110.227,110.219,110.227,2
2012-09-10 15:49:00,110.227,110.227,110.227,110.227,1
2012-09-10 15:50:00,110.219,110.219,110.219,110.219,1
2012-09-10 15:52:00,110.227,110.227,110.219,110.227,3
2012-09-10 15:54:00,110.227,110.227,110.219,110.219,2
2012-09-10 15:55:00,110.219,110.219,110.219,110.219,1
2012-09-10 15:56:00,110.227,110.227,110.227,110.227,1
2012-09-10 15:58:00,110.219,110.219,110.219,110.219,1
2012-09-10 16:00:00,110.227,110.227,110.227,110.227,1
2012-09-10 16:02:00,110.219,110.219,110.219,110.219,1
2012-09-10 16:08:00,110.219,110.227,110.219,110.227,2
2012-09-10 16:12:00,110.219,110.227,110.219,110.227,2
2012-09-10 16:13:00,110.227,110.227,110.227,110.227,1
2012-09-10 16:15:00,110.219,110.219,110.219,110.219,1
2012-09-10 16:17:00,110.227,110.227,110.227,110.227,1
2012-09-10 16:18:00,110.219,110.219,110.219,110.219,1
2012-09-10 16:21:00,110.219,110.227,110.219,110.227,4
2012-09-10 16:22:00,110.227,110.227,110.227,110.227,1
2012-09-10 16:24:00,110.219,110.219,110.219,110.219,1
2012-09-10 16:25:00,110.227,110.227,110.227,110.227,1
2012-09-10 16:26:00,110.219,110.219,110.219,110.219,1
2012-09-10 16:29:00,110.219,110.227,110.219,110.227,2
2012-09-10 16:31:00,110.227,110.227,110.219,110.227,3
2012-09-10 16:32:00,110.219,110.219,110.219,110.219,1
2012-09-10 16:34:00,110.227,110.227,110.227,110.227,1
2012-09-10 16:35:00,110.219,110.219,110.219,110.219,1
2012-09-10 16:49:00,110.219,110.227,110.219,110.227,2
2012-09-10 16:58:00,110.219,110.227,110.219,110.227,2
2012-09-10 17:00:00,110.219,110.227,110.219,110.227,4
2012-09-10 17:01:00,110.219,110.227,110.219,110.227,4
2012-09-10 17:07:00,110.219,110.227,110.219,110.227,4
2012-09-10 17:11:00,110.212,110.227,110.212,110.227,3
2012-09-10 17:13:00,110.219,110.219,110.212,110.219,3
2012-09-10 17:14:00,110.212,110.219,110.212,110.212,3
2012-09-10 17:21:00,110.212,110.219,110.212,110.219,2
2012-09-10 17:22:00,110.219,110.219,110.219,110.219,1
2012-09-10 17:23:00,110.212,110.212,110.212,110.212,1
2012-09-10 17:26:00,110.219,110.219,110.219,110.219,1
2012-09-10 17:27:00,110.212,110.219,110.212,110.212,3
2012-09-10 17:28:00,110.219,110.219,110.219,110.219,1
2012-09-10 17:29:00,110.212,110.212,110.212,110.212,1
2012-09-10 17:34:00,110.212,110.219,110.212,110.219,2
2012-09-10 17:36:00,110.219,110.219,110.219,110.219,1
2012-09-10 17:37:00,110.212,110.212,110.212,110.212,1
2012-09-10 17:44:00,110.212,110.219,110.212,110.219,2
2012-09-10 17:50:00,110.212,110.219,110.212,110.219,2
2012-09-10 17:51:00,110.212,110.219,110.212,110.219,4
2012-09-10 17:55:00,110.219,110.219,110.219,110.219,1
2012-09-10 18:00:00,110.219,110.219,110.212,110.212,2
2012-09-10 18:01:00,110.212,110.219,110.212,110.212,3
2012-09-10 18:05:00,110.219,110.219,110.219,110.219,1
2012-09-10 18:07:00,110.219,110.219,110.212,110.212,2
2012-09-10 18:18:00,110.219,110.227,110.219,110.227,2
2012-09-10 18:22:00,110.227,110.227,110.227,110.227,1
2012-09-10 18:23:00,110.219,110.219,110.219,110.219,1
2012-09-10 18:26:00,110.219,110.227,110.219,110.227,2
2012-09-10 18:28:00,110.227,110.227,110.227,110.227,1
2012-09-10 18:30:00,110.219,110.219,110.219,110.219,1
2012-09-10 18:32:00,110.219,110.227,110.219,110.227,2
2012-09-10 18:33:00,110.227,110.227,110.227,110.227,1
2012-09-10 18:35:00,110.219,110.219,110.219,110.219,1
2012-09-10 18:36:00,110.219,110.227,110.219,110.227,4
2012-09-10 18:37:00,110.227,110.227,110.227,110.227,1
2012-09-10 18:39:00,110.227,110.227,110.219,110.219,2
2012-09-10 18:40:00,110.219,110.219,110.219,110.219,1
2012-09-10 18:41:00,110.227,110.227,110.227,110.227,1
2012-09-10 18:44:00,110.219,110.227,110.219,110.219,3
2012-09-10 18:45:00,110.219,110.227,110.219,110.227,2
2012-09-10 18:46:00,110.227,110.227,110.219,110.227,3
2012-09-10 18:48:00,110.219,110.219,110.219,110.219,1
2012-09-10 18:49:00,110.227,110.227,110.227,110.227,1
2012-09-10 18:50:00,110.219,110.219,110.219,110.219,1
2012-09-10 18:51:00,110.219,110.227,110.219,110.227,2
2012-09-10 18:53:00,110.227,110.227,110.227,110.227,1
2012-09-10 18:54:00,110.219,110.219,110.219,110.219,1
2012-09-10 18:55:00,110.227,110.227,110.227,110.227,1
2012-09-10 18:56:00,110.219,110.219,110.219,110.219,1
2012-09-10 18:57:00,110.219,110.227,110.219,110.227,2
2012-09-10 18:58:00,110.219,110.227,110.219,110.227,18
2012-09-10 18:59:00,110.227,110.227,110.219,110.227,27
2012-09-10 19:00:00,110.219,110.227,110.219,110.219,5
2012-09-10 19:01:00,110.219,110.227,110.219,110.227,2
2012-09-10 19:02:00,110.219,110.227,110.219,110.227,2
2012-09-10 19:03:00,110.219,110.227,110.219,110.227,2
2012-09-10 19:09:00,110.227,110.227,110.227,110.227,1
2012-09-10 19:10:00,110.227,110.227,110.219,110.219,4
2012-09-10 19:12:00,110.219,110.219,110.219,110.219,1
2012-09-10 19:16:00,110.227,110.227,110.227,110.227,1
2012-09-10 19:17:00,110.227,110.227,110.219,110.219,4
2012-09-10 19:19:00,110.219,110.219,110.219,110.219,1
2012-09-10 19:22:00,110.227,110.227,110.227,110.227,1
2012-09-10 19:23:00,110.219,110.219,110.219,110.219,1
2012-09-10 19:25:00,110.227,110.227,110.227,110.227,1
2012-09-10 19:27:00,110.219,110.219,110.219,110.219,1
2012-09-10 19:31:00,110.227,110.227,110.227,110.227,1
2012-09-10 19:33:00,110.219,110.219,110.219,110.219,1
2012-09-10 19:43:00,110.227,110.227,110.219,110.227,3
2012-09-10 19:44:00,110.227,110.227,110.219,110.219,2
2012-09-10 19:45:00,110.219,110.219,110.219,110.219,1
2012-09-10 19:46:00,110.219,110.227,110.219,110.227,2
2012-09-10 19:52:00,110.219,110.227,110.219,110.227,4
2012-09-10 19:58:00,110.227,110.227,110.219,110.227,7
2012-09-10 19:59:00,110.219,110.227,110.219,110.219,3
2012-09-10 20:00:00,110.219,110.227,110.219,110.227,2
2012-09-10 20:02:00,110.227,110.227,110.227,110.227,1
2012-09-10 20:04:00,110.219,110.219,110.219,110.219,1
2012-09-10 20:07:00,110.227,110.227,110.227,110.227,1
2012-09-10 20:11:00,110.219,110.219,110.219,110.219,1
2012-09-10 20:14:00,110.227,110.227,110.227,110.227,1
2012-09-10 20:19:00,110.219,110.219,110.219,110.219,1
2012-09-10 20:20:00,110.227,110.227,110.227,110.227,1
2012-09-10 20:26:00,110.22,110.22,110.22,110.22,1
2012-09-10 20:32:00,110.227,110.227,110.22,110.227,3
2012-09-10 20:35:00,110.22,110.22,110.22,110.22,1
2012-09-10 20:37:00,110.227,110.227,110.227,110.227,1
2012-09-10 20:38:00,110.22,110.22,110.22,110.22,1
2012-09-10 20:40:00,110.227,110.227,110.227,110.227,1
2012-09-10 20:45:00,110.22,110.22,110.22,110.22,1
2012-09-10 20:50:00,110.22,110.227,110.22,110.227,2
2012-09-10 20:55:00,110.22,110.227,110.22,110.227,2
2012-09-10 20:57:00,110.227,110.227,110.227,110.227,1
2012-09-10 20:58:00,110.227,110.227,110.22,110.22,4
2012-09-10 20:59:00,110.227,110.227,110.22,110.22,8
2012-09-10 22:00:00,110.22,110.22,110.22,110.22,1
2012-09-10 23:00:00,110.227,110.227,110.227,110.227,1
2012-09-10 23:36:00,110.22,110.22,110.22,110.22,1
2012-09-11 00:10:00,110.227,110.227,110.227,110.227,1
2012-09-11 00:12:00,110.22,110.22,110.22,110.22,1
2012-09-11 01:04:00,110.227,110.227,110.227,110.227,1
2012-09-11 01:06:00,110.22,110.22,110.22,110.22,1
2012-09-11 01:20:00,110.227,110.227,110.227,110.227,1
2012-09-11 02:15:00,110.22,110.22,110.22,110.22,1
2012-09-11 03:41:00,110.227,110.227,110.227,110.227,1
2012-09-11 04:27:00,110.22,110.22,110.22,110.22,1
2012-09-11 05:56:00,110.227,110.227,110.227,110.227,1
2012-09-11 05:58:00,110.22,110.22,110.22,110.22,1
2012-09-11 06:00:00,110.227,110.227,110.22,110.227,3
2012-09-11 06:30:00,110.22,110.22,110.22,110.22,1
2012-09-11 06:42:00,110.227,110.227,110.227,110.227,1
2012-09-11 06:50:00,110.22,110.22,110.22,110.22,1
2012-09-11 06:53:00,110.22,110.227,110.22,110.227,2
2012-09-11 07:00:00,110.22,110.227,110.22,110.227,4
2012-09-11 07:06:00,110.22,110.227,110.22,110.227,4
2012-09-11 07:30:00,110.22,110.22,110.212,110.212,2
2012-09-11 07:42:00,110.22,110.22,110.212,110.212,2
2012-09-11 07:45:00,110.212,110.212,110.212,110.212,1
2012-09-11 07:47:00,110.212,110.22,110.212,110.22,2
2012-09-11 07:54:00,110.22,110.22,110.22,110.22,1
2012-09-11 08:00:00,110.212,110.212,110.212,110.212,1
2012-09-11 08:03:00,110.22,110.22,110.22,110.22,1
2012-09-11 08:12:00,110.227,110.227,110.227,110.227,1
2012-09-11 08:15:00,110.22,110.22,110.22,110.22,1
2012-09-11 08:53:00,110.227,110.227,110.227,110.227,1
2012-09-11 09:00:00,110.22,110.227,110.22,110.22,3
2012-09-11 09:07:00,110.227,110.227,110.227,110.227,1
2012-09-11 09:08:00,110.22,110.22,110.22,110.22,1
2012-09-11 09:15:00,110.227,110.227,110.227,110.227,1
2012-09-11 09:17:00,110.22,110.22,110.22,110.22,1
2012-09-11 09:19:00,110.227,110.227,110.227,110.227,1
2012-09-11 09:32:00,110.22,110.22,110.22,110.22,1
2012-09-11 09:37:00,110.227,110.227,110.227,110.227,1
2012-09-11 09:42:00,110.22,110.22,110.22,110.22,1
2012-09-11 09:45:00,110.227,110.227,110.227,110.227,1
2012-09-11 09:48:00,110.227,110.227,110.22,110.22,2
2012-09-11 09:52:00,110.22,110.22,110.22,110.22,1
2012-09-11 09:54:00,110.227,110.227,110.227,110.227,1
2012-09-11 10:00:00,110.22,110.22,110.22,110.22,1
2012-09-11 10:05:00,110.227,110.227,110.227,110.227,1
2012-09-11 10:07:00,110.22,110.22,110.22,110.22,1
2012-09-11 10:10:00,110.227,110.227,110.227,110.227,1
2012-09-11 10:12:00,110.22,110.22,110.22,110.22,1
2012-09-11 10:15:00,110.227,110.227,110.227,110.227,1
2012-09-11 10:18:00,110.22,110.22,110.22,110.22,1
2012-09-11 10:20:00,110.227,110.227,110.227,110.227,1
2012-09-11 10:22:00,110.22,110.22,110.22,110.22,1
2012-09-11 10:25:00,110.227,110.227,110.227,110.227,1
2012-09-11 10:32:00,110.22,110.22,110.22,110.22,1
2012-09-11 10:34:00,110.227,110.227,110.227,110.227,1
2012-09-11 10:39:00,110.22,110.22,110.22,110.22,1
2012-09-11 10:40:00,110.227,110.227,110.227,110.227,1
2012-09-11 10:42:00,110.22,110.22,110.22,110.22,1
2012-09-11 10:45:00,110.227,110.227,110.227,110.227,1
2012-09-11 10:51:00,110.227,110.227,110.22,110.22,2
2012-09-11 10:52:00,110.22,110.22,110.22,110.22,1
2012-09-11 10:54:00,110.227,110.227,110.227,110.227,1
2012-09-11 11:00:00,110.22,110.22,110.22,110.22,1
2012-09-11 11:03:00,110.227,110.227,110.227,110.227,1
2012-09-11 11:14:00,110.22,110.22,110.22,110.22,1
2012-09-11 11:15:00,110.22,110.227,110.22,110.227,2
2012-09-11 11:18:00,110.227,110.227,110.227,110.227,1
2012-09-11 11:27:00,110.227,110.227,110.22,110.22,2
2012-09-11 11:34:00,110.22,110.227,110.22,110.22,3
2012-09-11 11:37:00,110.227,110.227,110.227,110.227,1
2012-09-11 11:45:00,110.22,110.22,110.22,110.22,1
2012-09-11 11:46:00,110.227,110.227,110.227,110.227,1
2012-09-11 11:55:00,110.227,110.227,110.22,110.22,2
2012-09-11 11:57:00,110.227,110.227,110.22,110.22,2
2012-09-11 12:00:00,110.227,110.227,110.22,110.22,2
2012-09-11 12:01:00,110.227,110.227,110.22,110.22,2
2012-09-11 12:03:00,110.227,110.227,110.22,110.22,2
2012-09-11 12:04:00,110.22,110.22,110.22,110.22,1
2012-09-11 12:05:00,110.227,110.227,110.227,110.227,1
2012-09-11 12:07:00,110.227,110.227,110.22,110.22,2
2012-09-11 12:10:00,110.22,110.22,110.22,110.22,1
2012-09-11 12:11:00,110.227,110.227,110.227,110.227,1
2012-09-11 12:15:00,110.22,110.22,110.22,110.22,1
2012-09-11 12:16:00,110.227,110.227,110.227,110.227,1
2012-09-11 12:20:00,110.227,110.227,110.22,110.22,2
2012-09-11 12:22:00,110.22,110.227,110.22,110.22,5
2012-09-11 12:23:00,110.227,110.227,110.227,110.227,1
2012-09-11 12:24:00,110.227,110.227,110.22,110.22,2
2012-09-11 12:25:00,110.22,110.22,110.22,110.22,1
2012-09-11 12:26:00,110.227,110.227,110.227,110.227,1
2012-09-11 12:28:00,110.212,110.22,110.212,110.22,4
2012-09-11 12:29:00,110.22,110.22,110.22,110.22,1
2012-09-11 12:30:00,110.227,110.227,110.22,110.227,3
2012-09-11 12:31:00,110.227,110.227,110.22,110.22,2
2012-09-11 12:33:00,110.227,110.227,110.22,110.22,2
2012-09-11 12:35:00,110.227,110.227,110.22,110.22,2
2012-09-11 12:40:00,110.227,110.227,110.22,110.22,2
2012-09-11 12:46:00,110.22,110.22,110.22,110.22,1
2012-09-11 12:47:00,110.22,110.227,110.22,110.227,2
2012-09-11 12:48:00,110.227,110.227,110.227,110.227,1
2012-09-11 12:49:00,110.22,110.22,110.22,110.22,1
2012-09-11 12:50:00,110.22,110.227,110.22,110.227,2
2012-09-11 12:51:00,110.227,110.227,110.227,110.227,1
2012-09-11 12:52:00,110.22,110.227,110.22,110.22,3
2012-09-11 12:53:00,110.22,110.227,110.22,110.227,2
2012-09-11 12:54:00,110.22,110.227,110.22,110.227,4
2012-09-11 12:56:00,110.22,110.227,110.22,110.227,2
2012-09-11 12:57:00,110.22,110.227,110.22,110.227,2
2012-09-11 12:58:00,110.212,110.22,110.212,110.212,3
2012-09-11 12:59:00,110.212,110.22,110.212,110.22,2
2012-09-11 13:00:00,110.22,110.22,110.212,110.22,7
2012-09-11 13:01:00,110.212,110.22,110.212,110.212,3
2012-09-11 13:06:00,110.22,110.22,110.212,110.22,3
2012-09-11 13:07:00,110.22,110.22,110.212,110.212,2
2012-09-11 13:08:00,110.22,110.22,110.212,110.212,2
2012-09-11 13:09:00,110.212,110.212,110.212,110.212,1
2012-09-11 13:10:00,110.22,110.22,110.22,110.22,1
2012-09-11 13:12:00,110.212,110.212,110.212,110.212,1
2012-09-11 13:13:00,110.22,110.22,110.22,110.22,1
2012-09-11 13:15:00,110.22,110.22,110.212,110.212,2
2012-09-11 13:19:00,110.212,110.212,110.212,110.212,1
2012-09-11 13:20:00,110.22,110.22,110.22,110.22,1
2012-09-11 13:24:00,110.22,110.22,110.212,110.212,2
2012-09-11 13:26:00,110.212,110.212,110.212,110.212,1
2012-09-11 13:27:00,110.22,110.22,110.22,110.22,1
2012-09-11 13:29:00,110.227,110.227,110.227,110.227,1
2012-09-11 13:30:00,110.22,110.227,110.22,110.22,5
2012-09-11 13:33:00,110.227,110.227,110.227,110.227,1
2012-09-11 13:35:00,110.227,110.227,110.22,110.22,2
2012-09-11 13:36:00,110.22,110.22,110.22,110.22,1
2012-09-11 13:37:00,110.227,110.227,110.227,110.227,1
2012-09-11 13:42:00,110.22,110.227,110.22,110.22,3
2012-09-11 13:43:00,110.227,110.227,110.227,110.227,1
2012-09-11 13:44:00,110.227,110.227,110.22,110.22,2
2012-09-11 13:45:00,110.22,110.22,110.22,110.22,1
2012-09-11 13:46:00,110.227,110.227,110.227,110.227,1
2012-09-11 13:47:00,110.227,110.227,110.22,110.22,2
2012-09-11 13:50:00,110.227,110.227,110.22,110.22,2
2012-09-11 13:55:00,110.22,110.227,110.22,110.22,3
2012-09-11 13:56:00,110.22,110.227,110.22,110.227,2
2012-09-11 13:57:00,110.227,110.227,110.227,110.227,1
2012-09-11 13:59:00,110.22,110.22,110.22,110.22,1
2012-09-11 14:02:00,110.227,110.227,110.227,110.227,1
2012-09-11 14:04:00,110.227,110.227,110.22,110.22,2
2012-09-11 14:05:00,110.22,110.22,110.22,110.22,1
2012-09-11 14:06:00,110.22,110.22,110.212,110.212,2
2012-09-11 14:08:00,110.227,110.227,110.227,110.227,1
2012-09-11 14:09:00,110.22,110.22,110.22,110.22,1
2012-09-11 14:12:00,110.227,110.227,110.227,110.227,1
2012-09-11 14:13:00,110.22,110.22,110.22,110.22,1
2012-09-11 14:14:00,110.227,110.227,110.227,110.227,1
2012-09-11 14:17:00,110.22,110.22,110.22,110.22,1
2012-09-11 14:18:00,110.22,110.227,110.22,110.227,2
2012-09-11 14:20:00,110.22,110.22,110.212,110.212,2
2012-09-11 14:23:00,110.212,110.212,110.212,110.212,1
2012-09-11 14:24:00,110.22,110.22,110.22,110.22,1
2012-09-11 14:28:00,110.227,110.227,110.227,110.227,1
2012-09-11 14:29:00,110.227,110.227,110.22,110.22,2
2012-09-11 14:34:00,110.227,110.227,110.22,110.22,2
2012-09-11 14:35:00,110.22,110.22,110.22,110.22,1
2012-09-11 14:37:00,110.227,110.227,110.227,110.227,1
2012-09-11 14:41:00,110.22,110.227,110.22,110.22,3
2012-09-11 14:42:00,110.227,110.227,110.227,110.227,1
2012-09-11 14:46:00,110.22,110.22,110.22,110.22,1
2012-09-11 14:47:00,110.22,110.227,110.22,110.227,2
2012-09-11 14:49:00,110.22,110.227,110.22,110.227,4
2012-09-11 14:51:00,110.22,110.227,110.22,110.227,4
2012-09-11 14:53:00,110.22,110.227,110.22,110.227,4
2012-09-11 14:55:00,110.22,110.227,110.22,110.227,4
2012-09-11 15:00:00,110.22,110.22,110.212,110.212,4
2012-09-11 15:03:00,110.22,110.22,110.212,110.212,4
2012-09-11 15:14:00,110.212,110.212,110.212,110.212,1
2012-09-11 15:15:00,110.22,110.22,110.212,110.22,3
2012-09-11 15:17:00,110.22,110.22,110.212,110.212,2
2012-09-11 15:18:00,110.22,110.22,110.212,110.212,2
2012-09-11 15:19:00,110.212,110.212,110.212,110.212,1
2012-09-11 15:20:00,110.22,110.22,110.22,110.22,1
2012-09-11 15:21:00,110.212,110.212,110.212,110.212,1
2012-09-11 15:22:00,110.22,110.22,110.22,110.22,1
2012-09-11 15:23:00,110.22,110.22,110.212,110.212,2
2012-09-11 15:25:00,110.22,110.22,110.212,110.212,2
2012-09-11 15:27:00,110.22,110.22,110.212,110.212,2
2012-09-11 15:29:00,110.22,110.22,110.212,110.212,4
2012-09-11 15:30:00,110.22,110.22,110.212,110.212,2
2012-09-11 15:31:00,110.212,110.212,110.212,110.212,1
2012-09-11 15:32:00,110.22,110.22,110.22,110.22,1
2012-09-11 15:33:00,110.212,110.212,110.212,110.212,1
2012-09-11 15:34:00,110.22,110.22,110.212,110.22,3
2012-09-11 15:35:00,110.212,110.212,110.212,110.212,1
2012-09-11 15:36:00,110.212,110.22,110.212,110.22,4
2012-09-11 15:37:00,110.22,110.22,110.22,110.22,1
2012-09-11 15:38:00,110.22,110.22,110.212,110.212,2
2012-09-11 15:39:00,110.22,110.22,110.212,110.212,4
2012-09-11 15:40:00,110.22,110.22,110.212,110.212,2
2012-09-11 15:41:00,110.22,110.22,110.212,110.212,2
2012-09-11 15:42:00,110.22,110.22,110.212,110.212,2
2012-09-11 15:43:00,110.212,110.212,110.212,110.212,1
2012-09-11 15:44:00,110.22,110.22,110.22,110.22,1
2012-09-11 15:45:00,110.212,110.22,110.212,110.212,3
2012-09-11 15:46:00,110.22,110.22,110.22,110.22,1
2012-09-11 15:47:00,110.22,110.22,110.212,110.212,2
2012-09-11 15:49:00,110.212,110.212,110.212,110.212,1
2012-09-11 15:51:00,110.212,110.22,110.212,110.22,2
2012-09-11 15:52:00,110.22,110.22,110.22,110.22,1
2012-09-11 15:53:00,110.212,110.212,110.212,110.212,1
2012-09-11 15:54:00,110.22,110.22,110.22,110.22,1
2012-09-11 15:55:00,110.22,110.22,110.212,110.212,2
2012-09-11 15:57:00,110.212,110.212,110.212,110.212,1
2012-09-11 16:00:00,110.212,110.22,110.212,110.22,4
2012-09-11 16:01:00,110.22,110.22,110.22,110.22,1
2012-09-11 16:02:00,110.22,110.22,110.212,110.212,4
2012-09-11 16:04:00,110.212,110.22,110.212,110.212,3
2012-09-11 16:05:00,110.212,110.22,110.212,110.22,2
2012-09-11 16:06:00,110.22,110.22,110.22,110.22,1
2012-09-11 16:07:00,110.212,110.212,110.212,110.212,1
2012-09-11 16:08:00,110.22,110.22,110.22,110.22,1
2012-09-11 16:09:00,110.22,110.22,110.212,110.212,2
2012-09-11 16:10:00,110.212,110.212,110.212,110.212,1
2012-09-11 16:11:00,110.22,110.22,110.22,110.22,1
2012-09-11 16:12:00,110.212,110.212,110.212,110.212,1
2012-09-11 16:14:00,110.212,110.22,110.212,110.22,2
2012-09-11 16:15:00,110.212,110.22,110.212,110.22,2
2012-09-11 16:16:00,110.22,110.22,110.22,110.22,1
2012-09-11 16:17:00,110.22,110.22,110.212,110.212,2
2012-09-11 16:18:00,110.212,110.22,110.212,110.212,3
2012-09-11 16:19:00,110.22,110.22,110.22,110.22,1
2012-09-11 16:20:00,110.22,110.22,110.212,110.212,2
2012-09-11 16:21:00,110.22,110.22,110.212,110.212,2
2012-09-11 16:22:00,110.212,110.212,110.212,110.212,1
2012-09-11 16:23:00,110.212,110.22,110.212,110.22,2
2012-09-11 16:24:00,110.22,110.22,110.22,110.22,1
2012-09-11 16:25:00,110.212,110.212,110.212,110.212,1
2012-09-11 16:26:00,110.212,110.22,110.212,110.22,2
2012-09-11 16:27:00,110.22,110.22,110.22,110.22,1
2012-09-11 16:28:00,110.22,110.22,110.212,110.212,2
2012-09-11 16:29:00,110.212,110.22,110.212,110.212,9
2012-09-11 16:30:00,110.22,110.22,110.22,110.22,1
2012-09-11 16:31:00,110.22,110.22,110.212,110.212,2
2012-09-11 16:32:00,110.212,110.22,110.212,110.212,3
2012-09-11 16:33:00,110.22,110.22,110.22,110.22,1
2012-09-11 16:34:00,110.22,110.22,110.212,110.212,2
2012-09-11 16:35:00,110.22,110.22,110.212,110.212,2
2012-09-11 16:36:00,110.22,110.22,110.212,110.212,2
2012-09-11 16:37:00,110.212,110.212,110.212,110.212,1
2012-09-11 16:38:00,110.22,110.22,110.212,110.22,3
2012-09-11 16:39:00,110.212,110.212,110.212,110.212,1
2012-09-11 16:41:00,110.22,110.22,110.212,110.22,3
2012-09-11 16:42:00,110.212,110.212,110.212,110.212,1
2012-09-11 16:43:00,110.212,110.22,110.212,110.22,2
2012-09-11 16:45:00,110.212,110.22,110.212,110.22,2
2012-09-11 16:46:00,110.22,110.22,110.212,110.22,3
2012-09-11 16:47:00,110.212,110.212,110.212,110.212,1
2012-09-11 16:49:00,110.22,110.22,110.22,110.22,1
2012-09-11 16:50:00,110.22,110.22,110.212,110.212,2
2012-09-11 16:51:00,110.22,110.22,110.212,110.212,2
2012-09-11 16:52:00,110.212,110.212,110.212,110.212,1
2012-09-11 16:56:00,110.212,110.22,110.212,110.22,2
2012-09-11 16:59:00,110.212,110.22,110.212,110.22,4
2012-09-11 17:01:00,110.22,110.22,110.204,110.22,5
2012-09-11 17:02:00,110.22,110.22,110.212,110.212,4
2012-09-11 17:03:00,110.22,110.22,110.212,110.212,2
2012-09-11 17:04:00,110.212,110.22,110.212,110.212,3
2012-09-11 17:06:00,110.22,110.22,110.22,110.22,1
2012-09-11 17:10:00,110.227,110.227,110.212,110.212,9
2012-09-11 17:11:00,110.227,110.227,110.22,110.22,2
2012-09-11 17:12:00,110.22,110.22,110.22,110.22,1
2012-09-11 17:18:00,110.227,110.227,110.227,110.227,1
2012-09-11 17:20:00,110.22,110.22,110.22,110.22,1
2012-09-11 17:21:00,110.22,110.227,110.22,110.227,2
2012-09-11 17:22:00,110.22,110.227,110.22,110.227,2
2012-09-11 17:24:00,110.22,110.227,110.22,110.227,2
2012-09-11 17:25:00,110.22,110.227,110.22,110.227,2
2012-09-11 17:27:00,110.227,110.227,110.227,110.227,1
2012-09-11 17:29:00,110.22,110.22,110.22,110.22,1
2012-09-11 17:30:00,110.22,110.227,110.22,110.227,2
2012-09-11 17:31:00,110.227,110.227,110.227,110.227,1
2012-09-11 17:33:00,110.22,110.22,110.22,110.22,1
2012-09-11 17:34:00,110.227,110.227,110.227,110.227,1
2012-09-11 17:35:00,110.22,110.22,110.22,110.22,1
2012-09-11 17:36:00,110.227,110.227,110.227,110.227,1
2012-09-11 17:37:00,110.22,110.22,110.22,110.22,1
2012-09-11 17:38:00,110.227,110.227,110.227,110.227,1
2012-09-11 17:40:00,110.22,110.22,110.22,110.22,1
2012-09-11 17:41:00,110.22,110.227,110.22,110.227,2
2012-09-11 17:42:00,110.227,110.227,110.227,110.227,1
2012-09-11 17:45:00,110.22,110.22,110.22,110.22,1
2012-09-11 17:46:00,110.227,110.227,110.227,110.227,1
2012-09-11 17:47:00,110.22,110.22,110.22,110.22,1
2012-09-11 17:48:00,110.22,110.227,110.22,110.227,2
2012-09-11 17:49:00,110.227,110.227,110.227,110.227,1
2012-09-11 17:52:00,110.227,110.227,110.22,110.22,4
2012-09-11 17:54:00,110.22,110.22,110.22,110.22,1
2012-09-11 17:55:00,110.22,110.227,110.22,110.227,2
2012-09-11 17:57:00,110.227,110.227,110.227,110.227,1
2012-09-11 17:58:00,110.22,110.227,110.22,110.22,3
2012-09-11 18:00:00,110.22,110.227,110.22,110.227,2
2012-09-11 18:01:00,110.22,110.227,110.22,110.227,4
2012-09-11 18:02:00,110.227,110.227,110.227,110.227,1
2012-09-11 18:10:00,110.227,110.227,110.22,110.22,2
2012-09-11 18:23:00,110.22,110.22,110.22,110.22,1
2012-09-11 18:25:00,110.227,110.227,110.227,110.227,1
2012-09-11 18:31:00,110.227,110.227,110.22,110.22,2
2012-09-11 18:34:00,110.22,110.22,110.22,110.22,1
2012-09-11 18:35:00,110.227,110.227,110.227,110.227,1
2012-09-11 18:40:00,110.22,110.22,110.22,110.22,1
2012-09-11 18:41:00,110.22,110.227,110.22,110.227,2
2012-09-11 18:42:00,110.22,110.227,110.22,110.227,2
2012-09-11 18:45:00,110.22,110.227,110.22,110.227,2
2012-09-11 18:48:00,110.227,110.227,110.227,110.227,1
2012-09-11 18:50:00,110.227,110.227,110.22,110.22,2
2012-09-11 18:51:00,110.22,110.227,110.22,110.22,3
2012-09-11 18:52:00,110.22,110.227,110.22,110.227,2
2012-09-11 18:53:00,110.227,110.227,110.227,110.227,1
2012-09-11 18:54:00,110.22,110.22,110.22,110.22,1
2012-09-11 18:55:00,110.22,110.227,110.22,110.227,2
2012-09-11 18:56:00,110.22,110.227,110.22,110.227,2
2012-09-11 18:57:00,110.227,110.227,110.22,110.227,3
2012-09-11 18:58:00,110.22,110.227,110.22,110.22,3
2012-09-11 19:00:00,110.22,110.227,110.22,110.227,4
2012-09-11 19:01:00,110.227,110.227,110.22,110.227,3
2012-09-11 19:02:00,110.227,110.227,110.22,110.22,4
2012-09-11 19:04:00,110.227,110.227,110.22,110.22,2
2012-09-11 19:05:00,110.22,110.227,110.22,110.22,5
2012-09-11 19:07:00,110.227,110.227,110.227,110.227,1
2012-09-11 19:09:00,110.22,110.22,110.22,110.22,1
2012-09-11 19:10:00,110.22,110.227,110.22,110.227,2
2012-09-11 19:11:00,110.227,110.227,110.227,110.227,1
2012-09-11 19:21:00,110.22,110.22,110.22,110.22,1
2012-09-11 19:22:00,110.227,110.227,110.227,110.227,1
2012-09-11 19:28:00,110.227,110.227,110.22,110.22,2
2012-09-11 19:31:00,110.227,110.227,110.22,110.22,2
2012-09-11 19:33:00,110.227,110.227,110.22,110.22,2
2012-09-11 19:36:00,110.22,110.22,110.22,110.22,1
2012-09-11 19:39:00,110.227,110.227,110.227,110.227,1
2012-09-11 19:40:00,110.22,110.227,110.22,110.22,3
2012-09-11 19:44:00,110.227,110.227,110.227,110.227,1
2012-09-11 19:49:00,110.22,110.22,110.22,110.22,1
2012-09-11 19:52:00,110.22,110.227,110.22,110.227,2
2012-09-11 19:57:00,110.22,110.227,110.22,110.227,2
2012-09-11 19:59:00,110.22,110.227,110.22,110.227,2
2012-09-11 20:01:00,110.227,110.227,110.22,110.227,3
2012-09-11 20:04:00,110.22,110.22,110.22,110.22,1
2012-09-11 20:09:00,110.227,110.227,110.227,110.227,1
2012-09-11 20:10:00,110.22,110.22,110.22,110.22,1
2012-09-11 20:21:00,110.227,110.227,110.227,110.227,1
2012-09-11 20:25:00,110.22,110.22,110.22,110.22,1
2012-09-11 20:36:00,110.227,110.227,110.227,110.227,1
2012-09-11 20:39:00,110.22,110.22,110.22,110.22,1
2012-09-11 20:53:00,110.227,110.227,110.22,110.227,3
2012-09-11 20:56:00,110.22,110.22,110.22,110.22,1
2012-09-11 20:59:00,110.22,110.227,110.22,110.227,10
2012-09-11 22:31:00,110.227,110.227,110.227,110.227,1
2012-09-11 22:35:00,110.22,110.22,110.22,110.22,1
2012-09-11 23:19:00,110.227,110.227,110.227,110.227,1
2012-09-12 00:22:00,110.22,110.22,110.22,110.22,1
2012-09-12 00:38:00,110.227,110.227,110.227,110.227,1
2012-09-12 03:53:00,110.22,110.22,110.22,110.22,1
2012-09-12 04:02:00,110.227,110.227,110.227,110.227,1
2012-09-12 04:19:00,110.22,110.22,110.22,110.22,1
2012-09-12 04:21:00,110.227,110.227,110.227,110.227,1
2012-09-12 04:22:00,110.22,110.22,110.22,110.22,1
2012-09-12 04:23:00,110.227,110.235,110.227,110.227,3
2012-09-12 04:24:00,110.227,110.227,110.22,110.22,2
2012-09-12 05:06:00,110.22,110.22,110.22,110.22,1
2012-09-12 05:12:00,110.227,110.227,110.227,110.227,1
2012-09-12 06:05:00,110.22,110.22,110.22,110.22,1
2012-09-12 06:11:00,110.227,110.227,110.227,110.227,1
2012-09-12 06:15:00,110.22,110.22,110.22,110.22,1
2012-09-12 06:16:00,110.227,110.227,110.227,110.227,1
2012-09-12 06:27:00,110.22,110.22,110.22,110.22,1
2012-09-12 06:51:00,110.227,110.227,110.227,110.227,1
2012-09-12 06:52:00,110.22,110.22,110.22,110.22,1
2012-09-12 07:00:00,110.227,110.227,110.227,110.227,1
2012-09-12 07:07:00,110.22,110.22,110.22,110.22,1
2012-09-12 07:10:00,110.227,110.227,110.227,110.227,1
2012-09-12 07:14:00,110.22,110.22,110.22,110.22,1
2012-09-12 07:28:00,110.227,110.227,110.227,110.227,1
2012-09-12 07:30:00,110.22,110.22,110.22,110.22,1
2012-09-12 07:31:00,110.227,110.227,110.227,110.227,1
2012-09-12 07:46:00,110.22,110.22,110.22,110.22,1
2012-09-12 07:50:00,110.227,110.227,110.227,110.227,1
2012-09-12 07:51:00,110.227,110.227,110.22,110.22,2
2012-09-12 08:00:00,110.235,110.235,110.227,110.235,3
2012-09-12 08:03:00,110.227,110.227,110.227,110.227,1
2012-09-12 08:05:00,110.235,110.235,110.227,110.235,5
2012-09-12 08:06:00,110.235,110.243,110.235,110.243,4
2012-09-12 08:19:00,110.227,110.235,110.227,110.227,3
2012-09-12 08:20:00,110.227,110.235,110.227,110.235,6
2012-09-12 08:21:00,110.227,110.235,110.227,110.235,2
2012-09-12 08:22:00,110.235,110.235,110.235,110.235,1
2012-09-12 08:33:00,110.235,110.243,110.235,110.243,4
2012-09-12 08:43:00,110.235,110.243,110.235,110.243,2
2012-09-12 09:18:00,110.243,110.243,110.243,110.243,1
2012-09-12 09:19:00,110.235,110.235,110.235,110.235,1
2012-09-12 09:43:00,110.227,110.227,110.227,110.227,1
2012-09-12 09:52:00,110.235,110.235,110.235,110.235,1
2012-09-12 09:57:00,110.227,110.227,110.227,110.227,1
2012-09-12 09:58:00,110.235,110.235,110.235,110.235,1
2012-09-12 10:00:00,110.235,110.235,110.227,110.227,2
2012-09-12 10:02:00,110.227,110.227,110.227,110.227,1
2012-09-12 10:15:00,110.235,110.235,110.235,110.235,1
2012-09-12 10:19:00,110.227,110.227,110.227,110.227,1
2012-09-12 10:22:00,110.235,110.235,110.235,110.235,1
2012-09-12 10:26:00,110.227,110.227,110.227,110.227,1
2012-09-12 10:27:00,110.235,110.235,110.235,110.235,1
2012-09-12 10:46:00,110.227,110.227,110.227,110.227,1
2012-09-12 10:54:00,110.235,110.235,110.235,110.235,1
2012-09-12 11:00:00,110.227,110.235,110.227,110.227,3
2012-09-12 11:08:00,110.235,110.235,110.235,110.235,1
2012-09-12 11:19:00,110.235,110.235,110.227,110.227,2
2012-09-12 11:21:00,110.243,110.243,110.243,110.243,1
2012-09-12 11:22:00,110.235,110.235,110.235,110.235,1
2012-09-12 11:33:00,110.227,110.227,110.227,110.227,1
2012-09-12 11:42:00,110.235,110.235,110.235,110.235,1
2012-09-12 11:50:00,110.227,110.227,110.227,110.227,1
2012-09-12 11:59:00,110.227,110.235,110.227,110.235,2
2012-09-12 12:00:00,110.227,110.235,110.227,110.235,2
2012-09-12 12:01:00,110.227,110.235,110.227,110.235,2
2012-09-12 12:14:00,110.235,110.235,110.235,110.235,1
2012-09-12 12:15:00,110.227,110.227,110.227,110.227,1
2012-09-12 12:16:00,110.235,110.235,110.235,110.235,1
2012-09-12 12:17:00,110.227,110.227,110.227,110.227,1
2012-09-12 12:18:00,110.235,110.235,110.235,110.235,1
2012-09-12 12:20:00,110.227,110.235,110.227,110.227,13
2012-09-12 12:21:00,110.227,110.235,110.227,110.235,4
2012-09-12 12:22:00,110.235,110.235,110.227,110.235,3
2012-09-12 12:23:00,110.235,110.235,110.227,110.227,4
2012-09-12 12:24:00,110.235,110.235,110.227,110.227,4
2012-09-12 12:25:00,110.227,110.235,110.227,110.227,3
2012-09-12 12:26:00,110.227,110.235,110.227,110.235,2
2012-09-12 12:27:00,110.235,110.235,110.227,110.235,5
2012-09-12 12:28:00,110.235,110.235,110.227,110.227,2
2012-09-12 12:29:00,110.235,110.235,110.227,110.227,2
2012-09-12 12:30:00,110.227,110.235,110.227,110.227,3
2012-09-12 12:31:00,110.235,110.235,110.227,110.235,3
2012-09-12 12:32:00,110.235,110.235,110.227,110.227,4
2012-09-12 12:33:00,110.235,110.235,110.227,110.227,4
2012-09-12 12:34:00,110.227,110.235,110.227,110.227,3
2012-09-12 12:35:00,110.227,110.235,110.227,110.235,4
2012-09-12 12:36:00,110.227,110.235,110.227,110.235,2
2012-09-12 12:37:00,110.235,110.235,110.227,110.235,7
2012-09-12 12:38:00,110.235,110.235,110.227,110.227,4
2012-09-12 12:39:00,110.227,110.235,110.227,110.227,3
2012-09-12 12:40:00,110.235,110.235,110.235,110.235,1
2012-09-12 12:41:00,110.235,110.235,110.227,110.227,4
2012-09-12 12:42:00,110.235,110.235,110.227,110.227,4
2012-09-12 12:44:00,110.235,110.235,110.227,110.227,4
2012-09-12 12:49:00,110.235,110.235,110.227,110.227,4
2012-09-12 12:51:00,110.227,110.227,110.227,110.227,1
2012-09-12 12:52:00,110.227,110.235,110.227,110.235,2
2012-09-12 12:53:00,110.235,110.235,110.227,110.235,3
2012-09-12 12:54:00,110.235,110.235,110.227,110.227,2
2012-09-12 12:55:00,110.227,110.235,110.227,110.227,3
2012-09-12 12:56:00,110.235,110.235,110.227,110.235,3
2012-09-12 12:57:00,110.227,110.235,110.227,110.227,3
2012-09-12 12:58:00,110.227,110.235,110.227,110.235,2
2012-09-12 12:59:00,110.227,110.235,110.227,110.235,4
2012-09-12 13:00:00,110.235,110.235,110.227,110.235,5
2012-09-12 13:01:00,110.227,110.235,110.227,110.227,3
2012-09-12 13:02:00,110.235,110.235,110.227,110.235,5
2012-09-12 13:03:00,110.235,110.235,110.227,110.227,2
2012-09-12 13:04:00,110.235,110.235,110.227,110.227,6
2012-09-12 13:05:00,110.235,110.235,110.227,110.227,2
2012-09-12 13:06:00,110.227,110.227,110.227,110.227,1
2012-09-12 13:07:00,110.227,110.235,110.227,110.235,2
2012-09-12 13:09:00,110.227,110.235,110.227,110.235,2
2012-09-12 13:12:00,110.235,110.235,110.235,110.235,1
2012-09-12 13:13:00,110.227,110.227,110.227,110.227,1
2012-09-12 13:14:00,110.235,110.235,110.235,110.235,1
2012-09-12 13:15:00,110.227,110.227,110.227,110.227,1
2012-09-12 13:16:00,110.227,110.235,110.227,110.235,2
2012-09-12 13:17:00,110.227,110.235,110.227,110.235,2
2012-09-12 13:18:00,110.227,110.235,110.227,110.235,4
2012-09-12 13:22:00,110.227,110.235,110.227,110.235,2
2012-09-12 13:24:00,110.227,110.235,110.227,110.235,4
2012-09-12 13:25:00,110.227,110.235,110.227,110.235,2
2012-09-12 13:26:00,110.235,110.235,110.235,110.235,1
2012-09-12 13:27:00,110.227,110.227,110.227,110.227,1
2012-09-12 13:28:00,110.235,110.235,110.235,110.235,1
2012-09-12 13:30:00,110.235,110.235,110.227,110.227,4
2012-09-12 13:31:00,110.227,110.227,110.227,110.227,1
2012-09-12 13:32:00,110.235,110.235,110.235,110.235,1
2012-09-12 13:34:00,110.227,110.227,110.227,110.227,1
2012-09-12 13:35:00,110.227,110.235,110.227,110.235,2
2012-09-12 13:36:00,110.235,110.235,110.235,110.235,1
2012-09-12 13:37:00,110.235,110.235,110.227,110.227,2
2012-09-12 13:38:00,110.227,110.235,110.227,110.227,3
2012-09-12 13:39:00,110.227,110.235,110.227,110.235,2
2012-09-12 13:40:00,110.227,110.235,110.227,110.235,2
2012-09-12 13:41:00,110.227,110.235,110.227,110.235,2
2012-09-12 13:42:00,110.235,110.235,110.235,110.235,1
2012-09-12 13:43:00,110.227,110.227,110.227,110.227,1
2012-09-12 13:44:00,110.227,110.235,110.227,110.235,2
2012-09-12 13:45:00,110.227,110.235,110.227,110.235,2
2012-09-12 13:46:00,110.227,110.235,110.227,110.235,4
2012-09-12 13:47:00,110.227,110.235,110.227,110.235,2
2012-09-12 13:48:00,110.235,110.235,110.227,110.235,3
2012-09-12 13:49:00,110.235,110.235,110.227,110.227,2
2012-09-12 13:51:00,110.227,110.227,110.227,110.227,1
2012-09-12 13:52:00,110.235,110.235,110.235,110.235,1
2012-09-12 13:54:00,110.227,110.235,110.227,110.227,5
2012-09-12 13:55:00,110.227,110.227,110.22,110.22,4
2012-09-12 13:56:00,110.227,110.235,110.227,110.235,4
2012-09-12 13:57:00,110.227,110.235,110.227,110.235,2
2012-09-12 13:58:00,110.227,110.235,110.227,110.235,2
2012-09-12 13:59:00,110.227,110.235,110.227,110.235,2
2012-09-12 14:00:00,110.235,110.235,110.227,110.235,3
2012-09-12 14:01:00,110.227,110.227,110.227,110.227,1
2012-09-12 14:02:00,110.235,110.235,110.227,110.235,3
2012-09-12 14:03:00,110.227,110.235,110.227,110.227,3
2012-09-12 14:04:00,110.235,110.235,110.235,110.235,1
2012-09-12 14:05:00,110.235,110.235,110.227,110.227,2
2012-09-12 14:06:00,110.227,110.227,110.227,110.227,1
2012-09-12 14:07:00,110.235,110.235,110.227,110.235,3
2012-09-12 14:09:00,110.235,110.235,110.227,110.227,2
2012-09-12 14:10:00,110.227,110.227,110.227,110.227,1
2012-09-12 14:11:00,110.235,110.235,110.235,110.235,1
2012-09-12 14:12:00,110.227,110.235,110.227,110.227,3
2012-09-12 14:18:00,110.227,110.235,110.227,110.235,2
2012-09-12 14:19:00,110.227,110.235,110.227,110.235,2
2012-09-12 14:20:00,110.227,110.235,110.227,110.235,4
2012-09-12 14:33:00,110.235,110.235,110.227,110.235,3
2012-09-12 14:34:00,110.227,110.227,110.227,110.227,1
2012-09-12 14:42:00,110.227,110.235,110.227,110.235,2
2012-09-12 14:45:00,110.235,110.235,110.227,110.235,5
2012-09-12 14:46:00,110.227,110.227,110.227,110.227,1
2012-09-12 14:53:00,110.227,110.235,110.227,110.235,2
2012-09-12 14:56:00,110.227,110.235,110.227,110.235,2
2012-09-12 15:00:00,110.235,110.235,110.227,110.235,5
2012-09-12 15:01:00,110.227,110.227,110.227,110.227,1
2012-09-12 15:06:00,110.227,110.235,110.227,110.235,2
2012-09-12 15:12:00,110.235,110.235,110.235,110.235,1
2012-09-12 15:13:00,110.235,110.235,110.227,110.227,2
2012-09-12 15:14:00,110.235,110.235,110.227,110.227,4
2012-09-12 15:15:00,110.235,110.235,110.227,110.227,4
2012-09-12 15:16:00,110.227,110.235,110.227,110.227,3
2012-09-12 15:17:00,110.235,110.235,110.227,110.235,3
2012-09-12 15:18:00,110.227,110.235,110.227,110.227,3
2012-09-12 15:19:00,110.235,110.235,110.235,110.235,1
2012-09-12 15:20:00,110.227,110.227,110.227,110.227,1
2012-09-12 15:21:00,110.235,110.235,110.235,110.235,1
2012-09-12 15:23:00,110.227,110.227,110.227,110.227,1
2012-09-12 15:24:00,110.235,110.235,110.235,110.235,1
2012-09-12 15:25:00,110.235,110.235,110.227,110.227,2
2012-09-12 15:26:00,110.235,110.235,110.227,110.227,4
2012-09-12 15:29:00,110.235,110.235,110.227,110.227,4
2012-09-12 15:30:00,110.227,110.227,110.227,110.227,1
2012-09-12 15:31:00,110.235,110.235,110.235,110.235,1
2012-09-12 15:33:00,110.235,110.235,110.227,110.227,2
2012-09-12 15:34:00,110.235,110.235,110.227,110.227,2
2012-09-12 15:35:00,110.235,110.243,110.235,110.243,6
2012-09-12 15:36:00,110.243,110.243,110.235,110.243,7
2012-09-12 15:37:00,110.235,110.235,110.235,110.235,1
2012-09-12 15:39:00,110.235,110.235,110.227,110.227,2
2012-09-12 15:57:00,110.235,110.235,110.227,110.227,4
2012-09-12 16:00:00,110.227,110.235,110.227,110.227,5
2012-09-12 16:01:00,110.235,110.235,110.235,110.235,1
2012-09-12 16:04:00,110.235,110.235,110.227,110.227,2
2012-09-12 16:08:00,110.235,110.235,110.227,110.227,4
2012-09-12 16:17:00,110.235,110.235,110.227,110.227,4
2012-09-12 16:20:00,110.243,110.243,110.235,110.243,5
2012-09-12 16:21:00,110.235,110.243,110.235,110.235,5
2012-09-12 16:22:00,110.235,110.243,110.235,110.243,4
2012-09-12 16:23:00,110.243,110.243,110.243,110.243,1
2012-09-12 16:26:00,110.243,110.243,110.235,110.235,2
2012-09-12 16:27:00,110.235,110.235,110.235,110.235,1
2012-09-12 16:31:00,110.235,110.243,110.235,110.243,2
2012-09-12 16:32:00,110.243,110.243,110.243,110.243,1
2012-09-12 16:33:00,110.235,110.243,110.235,110.235,3
2012-09-12 16:34:00,110.243,110.243,110.243,110.243,1
2012-09-12 16:35:00,110.235,110.235,110.235,110.235,1
2012-09-12 16:36:00,110.235,110.243,110.235,110.243,2
2012-09-12 16:37:00,110.235,110.243,110.235,110.243,2
2012-09-12 16:38:00,110.235,110.243,110.235,110.243,2
2012-09-12 16:40:00,110.235,110.243,110.235,110.243,2
2012-09-12 16:41:00,110.235,110.243,110.235,110.243,2
2012-09-12 16:42:00,110.243,110.243,110.235,110.243,3
2012-09-12 16:43:00,110.235,110.235,110.235,110.235,1
2012-09-12 16:46:00,110.235,110.243,110.235,110.243,2
2012-09-12 16:47:00,110.243,110.243,110.243,110.243,1
2012-09-12 16:49:00,110.243,110.243,110.235,110.235,4
2012-09-12 16:56:00,110.243,110.243,110.235,110.235,2
2012-09-12 16:59:00,110.235,110.243,110.235,110.235,7
2012-09-12 17:00:00,110.235,110.243,110.235,110.243,4
2012-09-12 17:01:00,110.235,110.243,110.235,110.243,6
2012-09-12 17:04:00,110.235,110.243,110.235,110.243,6
2012-09-12 17:05:00,110.243,110.243,110.235,110.243,5
2012-09-12 17:06:00,110.243,110.243,110.235,110.235,6
2012-09-12 17:07:00,110.235,110.243,110.235,110.235,7
2012-09-12 17:08:00,110.243,110.243,110.235,110.243,3
2012-09-12 17:09:00,110.235,110.243,110.235,110.235,5
2012-09-12 17:10:00,110.235,110.243,110.235,110.243,4
2012-09-12 17:11:00,110.235,110.243,110.235,110.243,4
2012-09-12 17:12:00,110.243,110.243,110.235,110.243,5
2012-09-12 17:13:00,110.235,110.243,110.235,110.235,3
2012-09-12 17:14:00,110.235,110.243,110.235,110.243,6
2012-09-12 17:15:00,110.243,110.243,110.243,110.243,1
2012-09-12 17:16:00,110.243,110.243,110.235,110.235,2
2012-09-12 17:17:00,110.235,110.243,110.235,110.235,3
2012-09-12 17:18:00,110.235,110.243,110.235,110.243,4
2012-09-12 17:19:00,110.235,110.243,110.235,110.243,2
2012-09-12 17:20:00,110.235,110.243,110.235,110.243,4
2012-09-12 17:21:00,110.235,110.243,110.235,110.243,2
2012-09-12 17:22:00,110.235,110.243,110.235,110.243,2
2012-09-12 17:23:00,110.235,110.243,110.235,110.243,4
2012-09-12 17:28:00,110.235,110.243,110.235,110.243,2
2012-09-12 17:44:00,110.235,110.243,110.235,110.243,2
2012-09-12 18:00:00,110.243,110.243,110.235,110.243,3
2012-09-12 18:02:00,110.243,110.243,110.235,110.235,2
2012-09-12 18:03:00,110.235,110.235,110.235,110.235,1
2012-09-12 18:09:00,110.235,110.243,110.235,110.243,2
2012-09-12 18:18:00,110.235,110.243,110.235,110.243,2
2012-09-12 18:23:00,110.227,110.235,110.227,110.227,3
2012-09-12 18:24:00,110.235,110.235,110.235,110.235,1
2012-09-12 18:26:00,110.235,110.235,110.227,110.227,2
2012-09-12 18:28:00,110.235,110.235,110.227,110.227,2
2012-09-12 18:30:00,110.227,110.227,110.227,110.227,1
2012-09-12 18:31:00,110.235,110.235,110.235,110.235,1
2012-09-12 18:34:00,110.235,110.235,110.227,110.227,2
2012-09-12 18:35:00,110.235,110.243,110.235,110.243,2
2012-09-12 18:37:00,110.243,110.243,110.243,110.243,1
2012-09-12 18:39:00,110.243,110.243,110.235,110.235,2
2012-09-12 18:40:00,110.235,110.235,110.235,110.235,1
2012-09-12 18:41:00,110.243,110.243,110.235,110.243,3
2012-09-12 18:42:00,110.243,110.243,110.235,110.235,2
2012-09-12 18:44:00,110.243,110.243,110.235,110.235,2
2012-09-12 18:46:00,110.235,110.243,110.235,110.235,3
2012-09-12 18:49:00,110.235,110.243,110.235,110.243,4
2012-09-12 18:50:00,110.243,110.243,110.235,110.243,3
2012-09-12 18:51:00,110.235,110.243,110.235,110.235,3
2012-09-12 18:53:00,110.243,110.243,110.243,110.243,1
2012-09-12 18:54:00,110.235,110.235,110.235,110.235,1
2012-09-12 18:57:00,110.235,110.243,110.235,110.243,4
2012-09-12 18:58:00,110.243,110.243,110.243,110.243,1
2012-09-12 18:59:00,110.235,110.243,110.227,110.235,17
2012-09-12 19:00:00,110.227,110.235,110.227,110.227,5
2012-09-12 19:01:00,110.235,110.235,110.227,110.235,5
2012-09-12 19:02:00,110.235,110.235,110.227,110.227,2
2012-09-12 19:03:00,110.235,110.243,110.235,110.243,2
2012-09-12 19:28:00,110.243,110.243,110.243,110.243,1
2012-09-12 19:29:00,110.235,110.235,110.235,110.235,1
2012-09-12 19:41:00,110.243,110.243,110.235,110.243,3
2012-09-12 19:42:00,110.235,110.235,110.235,110.235,1
2012-09-12 19:46:00,110.235,110.243,110.235,110.243,2
2012-09-12 19:51:00,110.243,110.243,110.243,110.243,1
2012-09-12 19:52:00,110.235,110.235,110.235,110.235,1
2012-09-12 19:55:00,110.235,110.243,110.235,110.243,2
2012-09-12 19:59:00,110.235,110.243,110.235,110.243,2
2012-09-12 20:13:00,110.243,110.243,110.235,110.243,3
2012-09-12 20:14:00,110.243,110.243,110.235,110.235,4
2012-09-12 20:17:00,110.235,110.235,110.235,110.235,1
2012-09-12 20:32:00,110.235,110.243,110.235,110.243,2
2012-09-12 20:45:00,110.243,110.243,110.243,110.243,1
2012-09-12 20:50:00,110.235,110.235,110.235,110.235,1
2012-09-12 20:54:00,110.243,110.243,110.243,110.243,1
2012-09-12 20:55:00,110.235,110.235,110.235,110.235,1
2012-09-12 20:58:00,110.243,110.243,110.243,110.243,1
2012-09-12 20:59:00,110.235,110.243,110.235,110.235,3
2012-09-12 23:18:00,110.243,110.243,110.243,110.243,1
2012-09-12 23:58:00,110.243,110.243,110.235,110.235,2
2012-09-12 23:59:00,110.243,110.243,110.235,110.235,2
2012-09-13 00:54:00,110.243,110.251,110.243,110.251,2
2012-09-13 01:26:00,110.251,110.251,110.251,110.251,1
2012-09-13 01:29:00,110.243,110.243,110.243,110.243,1
2012-09-13 01:45:00,110.243,110.251,110.235,110.235,4
2012-09-13 01:46:00,110.243,110.243,110.235,110.235,2
2012-09-13 01:47:00,110.235,110.235,110.235,110.235,1
2012-09-13 01:51:00,110.243,110.243,110.243,110.243,1
2012-09-13 02:25:00,110.235,110.235,110.235,110.235,1
2012-09-13 02:31:00,110.243,110.243,110.243,110.243,1
2012-09-13 03:02:00,110.251,110.251,110.251,110.251,1
2012-09-13 03:07:00,110.243,110.243,110.243,110.243,1
2012-09-13 03:30:00,110.251,110.251,110.251,110.251,1
2012-09-13 03:41:00,110.243,110.243,110.243,110.243,1
2012-09-13 03:53:00,110.251,110.251,110.251,110.251,1
2012-09-13 04:01:00,110.243,110.243,110.243,110.243,1
2012-09-13 04:53:00,110.251,110.251,110.251,110.251,1
2012-09-13 04:54:00,110.243,110.243,110.243,110.243,1
2012-09-13 05:41:00,110.251,110.251,110.251,110.251,1
2012-09-13 06:00:00,110.243,110.251,110.243,110.243,3
2012-09-13 06:06:00,110.251,110.251,110.251,110.251,1
2012-09-13 06:09:00,110.243,110.243,110.243,110.243,1
2012-09-13 06:15:00,110.251,110.251,110.251,110.251,1
2012-09-13 06:22:00,110.243,110.243,110.243,110.243,1
2012-09-13 06:36:00,110.251,110.251,110.251,110.251,1
2012-09-13 06:46:00,110.243,110.243,110.243,110.243,1
2012-09-13 06:49:00,110.251,110.251,110.251,110.251,1
2012-09-13 07:00:00,110.251,110.251,110.243,110.243,2
2012-09-13 07:04:00,110.243,110.243,110.243,110.243,1
2012-09-13 07:10:00,110.251,110.251,110.251,110.251,1
2012-09-13 07:11:00,110.243,110.243,110.243,110.243,1
2012-09-13 07:30:00,110.251,110.251,110.251,110.251,1
2012-09-13 07:36:00,110.243,110.243,110.243,110.243,1
2012-09-13 07:46:00,110.251,110.251,110.251,110.251,1
2012-09-13 07:48:00,110.259,110.259,110.243,110.243,5
2012-09-13 07:52:00,110.251,110.251,110.251,110.251,1
2012-09-13 08:03:00,110.259,110.259,110.251,110.259,3
2012-09-13 08:06:00,110.251,110.251,110.251,110.251,1
2012-09-13 08:09:00,110.259,110.259,110.259,110.259,1
2012-09-13 08:10:00,110.251,110.251,110.251,110.251,1
2012-09-13 08:16:00,110.259,110.259,110.259,110.259,1
2012-09-13 08:21:00,110.251,110.251,110.251,110.251,1
2012-09-13 08:29:00,110.259,110.259,110.259,110.259,1
2012-09-13 08:32:00,110.259,110.259,110.251,110.251,2
2012-09-13 08:33:00,110.259,110.259,110.251,110.251,2
2012-09-13 08:34:00,110.251,110.251,110.251,110.251,1
2012-09-13 08:35:00,110.251,110.259,110.251,110.259,2
2012-09-13 08:36:00,110.251,110.259,110.251,110.259,2
2012-09-13 08:38:00,110.259,110.259,110.259,110.259,1
2012-09-13 08:41:00,110.251,110.259,110.251,110.251,3
2012-09-13 08:44:00,110.259,110.259,110.251,110.259,3
2012-09-13 08:48:00,110.259,110.259,110.251,110.251,4
2012-09-13 08:51:00,110.259,110.259,110.251,110.251,2
2012-09-13 08:53:00,110.251,110.259,110.251,110.251,3
2012-09-13 08:56:00,110.259,110.259,110.251,110.259,3
2012-09-13 09:00:00,110.251,110.259,110.251,110.251,3
2012-09-13 09:26:00,110.259,110.259,110.259,110.259,1
2012-09-13 09:27:00,110.251,110.251,110.251,110.251,1
2012-09-13 09:35:00,110.259,110.259,110.259,110.259,1
2012-09-13 09:36:00,110.259,110.259,110.251,110.251,2
2012-09-13 09:37:00,110.251,110.259,110.251,110.251,5
2012-09-13 09:51:00,110.251,110.251,110.243,110.243,2
2012-09-13 10:00:00,110.251,110.259,110.251,110.259,2
2012-09-13 10:19:00,110.259,110.259,110.259,110.259,1
2012-09-13 10:21:00,110.251,110.251,110.251,110.251,1
2012-09-13 10:45:00,110.259,110.259,110.259,110.259,1
2012-09-13 10:51:00,110.251,110.251,110.251,110.251,1
2012-09-13 11:00:00,110.259,110.259,110.259,110.259,1
2012-09-13 11:05:00,110.251,110.251,110.251,110.251,1
2012-09-13 11:06:00,110.259,110.259,110.259,110.259,1
2012-09-13 11:15:00,110.251,110.251,110.251,110.251,1
2012-09-13 11:18:00,110.259,110.259,110.251,110.259,3
2012-09-13 11:23:00,110.259,110.259,110.251,110.251,2
2012-09-13 11:28:00,110.251,110.251,110.251,110.251,1
2012-09-13 11:42:00,110.259,110.259,110.259,110.259,1
2012-09-13 11:50:00,110.259,110.259,110.251,110.251,2
2012-09-13 11:58:00,110.267,110.274,110.251,110.251,11
2012-09-13 12:00:00,110.267,110.267,110.259,110.259,4
2012-09-13 12:01:00,110.267,110.267,110.259,110.259,2
2012-09-13 12:03:00,110.274,110.274,110.274,110.274,1
2012-09-13 12:09:00,110.274,110.274,110.267,110.267,2
2012-09-13 12:10:00,110.267,110.274,110.267,110.267,5
2012-09-13 12:13:00,110.274,110.274,110.274,110.274,1
2012-09-13 12:14:00,110.267,110.267,110.267,110.267,1
2012-09-13 12:19:00,110.267,110.267,110.259,110.259,4
2012-09-13 12:20:00,110.259,110.267,110.259,110.259,19
2012-09-13 12:21:00,110.267,110.267,110.267,110.267,1
2012-09-13 12:23:00,110.267,110.274,110.267,110.274,6
2012-09-13 12:24:00,110.274,110.274,110.267,110.274,3
2012-09-13 12:25:00,110.274,110.274,110.267,110.267,2
2012-09-13 12:28:00,110.274,110.274,110.267,110.267,2
2012-09-13 12:34:00,110.267,110.274,110.267,110.267,7
2012-09-13 12:35:00,110.267,110.274,110.267,110.274,2
2012-09-13 12:37:00,110.267,110.274,110.267,110.274,2
2012-09-13 12:39:00,110.267,110.274,110.267,110.274,2
2012-09-13 12:41:00,110.274,110.274,110.274,110.274,1
2012-09-13 12:42:00,110.267,110.267,110.267,110.267,1
2012-09-13 12:44:00,110.267,110.274,110.267,110.274,2
2012-09-13 12:45:00,110.274,110.274,110.267,110.274,3
2012-09-13 12:46:00,110.267,110.267,110.267,110.267,1
2012-09-13 12:47:00,110.267,110.274,110.267,110.274,2
2012-09-13 12:48:00,110.267,110.267,110.259,110.259,4
2012-09-13 12:51:00,110.267,110.267,110.259,110.259,4
2012-09-13 12:55:00,110.267,110.267,110.259,110.259,2
2012-09-13 12:56:00,110.267,110.267,110.259,110.259,2
2012-09-13 12:57:00,110.267,110.267,110.259,110.259,2
2012-09-13 13:00:00,110.267,110.267,110.259,110.259,6
2012-09-13 13:01:00,110.259,110.259,110.259,110.259,1
2012-09-13 13:02:00,110.267,110.267,110.259,110.267,3
2012-09-13 13:03:00,110.267,110.267,110.259,110.259,2
2012-09-13 13:04:00,110.267,110.267,110.259,110.259,2
2012-09-13 13:05:00,110.267,110.267,110.259,110.259,2
2012-09-13 13:07:00,110.267,110.267,110.259,110.259,2
2012-09-13 13:09:00,110.267,110.267,110.259,110.259,2
2012-09-13 13:10:00,110.259,110.259,110.259,110.259,1
2012-09-13 13:11:00,110.267,110.267,110.267,110.267,1
2012-09-13 13:12:00,110.267,110.267,110.259,110.259,2
2012-09-13 13:13:00,110.267,110.267,110.259,110.259,2
2012-09-13 13:15:00,110.274,110.274,110.259,110.259,5
2012-09-13 13:16:00,110.267,110.274,110.267,110.267,3
2012-09-13 13:19:00,110.267,110.274,110.267,110.274,4
2012-09-13 13:20:00,110.259,110.267,110.259,110.259,3
2012-09-13 13:21:00,110.267,110.267,110.267,110.267,1
2012-09-13 13:22:00,110.267,110.267,110.259,110.259,2
2012-09-13 13:24:00,110.274,110.274,110.274,110.274,1
2012-09-13 13:25:00,110.267,110.267,110.267,110.267,1
2012-09-13 13:26:00,110.274,110.274,110.274,110.274,1
2012-09-13 13:27:00,110.274,110.274,110.267,110.267,2
2012-09-13 13:29:00,110.267,110.267,110.259,110.267,3
2012-09-13 13:31:00,110.274,110.274,110.267,110.274,5
2012-09-13 13:34:00,110.282,110.282,110.274,110.282,3
2012-09-13 13:35:00,110.274,110.282,110.274,110.274,5
2012-09-13 13:36:00,110.274,110.282,110.274,110.282,2
2012-09-13 13:37:00,110.274,110.282,110.274,110.282,2
2012-09-13 13:38:00,110.274,110.274,110.267,110.267,2
2012-09-13 13:39:00,110.282,110.282,110.274,110.282,5
2012-09-13 13:40:00,110.274,110.274,110.274,110.274,1
2012-09-13 13:41:00,110.282,110.282,110.282,110.282,1
2012-09-13 13:42:00,110.274,110.274,110.274,110.274,1
2012-09-13 13:43:00,110.282,110.282,110.282,110.282,1
2012-09-13 13:45:00,110.282,110.282,110.274,110.274,4
2012-09-13 13:51:00,110.282,110.282,110.274,110.274,2
2012-09-13 13:52:00,110.274,110.282,110.274,110.274,3
2012-09-13 13:53:00,110.282,110.282,110.274,110.282,3
2012-09-13 13:57:00,110.274,110.274,110.274,110.274,1
2012-09-13 13:58:00,110.282,110.282,110.282,110.282,1
2012-09-13 14:00:00,110.282,110.282,110.274,110.274,4
2012-09-13 14:02:00,110.282,110.282,110.274,110.274,2
2012-09-13 14:04:00,110.274,110.274,110.274,110.274,1
2012-09-13 14:05:00,110.274,110.282,110.274,110.282,2
2012-09-13 14:06:00,110.282,110.282,110.282,110.282,1
2012-09-13 14:07:00,110.274,110.282,110.274,110.274,3
2012-09-13 14:08:00,110.282,110.282,110.282,110.282,1
2012-09-13 14:10:00,110.274,110.274,110.274,110.274,1
2012-09-13 14:13:00,110.282,110.282,110.282,110.282,1
2012-09-13 14:15:00,110.274,110.274,110.274,110.274,1
2012-09-13 14:17:00,110.282,110.282,110.274,110.282,3
2012-09-13 14:18:00,110.274,110.274,110.274,110.274,1
2012-09-13 14:19:00,110.274,110.282,110.274,110.282,2
2012-09-13 14:20:00,110.282,110.282,110.274,110.282,3
2012-09-13 14:24:00,110.282,110.282,110.274,110.274,2
2012-09-13 14:25:00,110.274,110.282,110.274,110.274,3
2012-09-13 14:27:00,110.282,110.282,110.274,110.282,3
2012-09-13 14:28:00,110.282,110.282,110.274,110.274,2
2012-09-13 14:32:00,110.274,110.274,110.274,110.274,1
2012-09-13 14:33:00,110.274,110.282,110.274,110.282,2
2012-09-13 14:35:00,110.274,110.282,110.274,110.282,2
2012-09-13 14:36:00,110.282,110.282,110.282,110.282,1
2012-09-13 14:37:00,110.282,110.282,110.274,110.274,2
2012-09-13 14:40:00,110.282,110.282,110.274,110.274,2
2012-09-13 14:41:00,110.282,110.282,110.274,110.274,2
2012-09-13 14:42:00,110.274,110.274,110.274,110.274,1
2012-09-13 14:43:00,110.282,110.282,110.282,110.282,1
2012-09-13 14:45:00,110.282,110.282,110.274,110.274,2
2012-09-13 14:46:00,110.282,110.282,110.274,110.274,2
2012-09-13 14:47:00,110.274,110.274,110.274,110.274,1
2012-09-13 14:48:00,110.282,110.282,110.282,110.282,1
2012-09-13 14:49:00,110.274,110.282,110.274,110.274,3
2012-09-13 14:50:00,110.282,110.282,110.282,110.282,1
2012-09-13 14:53:00,110.282,110.282,110.274,110.274,2
2012-09-13 14:54:00,110.282,110.282,110.274,110.274,2
2012-09-13 14:56:00,110.282,110.282,110.274,110.274,2
2012-09-13 14:57:00,110.282,110.282,110.274,110.274,2
2012-09-13 14:58:00,110.282,110.282,110.274,110.274,2
2012-09-13 15:00:00,110.274,110.282,110.274,110.274,5
2012-09-13 15:01:00,110.282,110.282,110.282,110.282,1
2012-09-13 15:04:00,110.282,110.282,110.274,110.274,2
2012-09-13 15:06:00,110.282,110.282,110.274,110.274,2
2012-09-13 15:08:00,110.274,110.282,110.274,110.274,3
2012-09-13 15:09:00,110.282,110.282,110.282,110.282,1
2012-09-13 15:12:00,110.282,110.282,110.274,110.274,2
2012-09-13 15:14:00,110.274,110.282,110.274,110.274,3
2012-09-13 15:15:00,110.282,110.282,110.274,110.282,3
2012-09-13 15:16:00,110.282,110.282,110.274,110.274,2
2012-09-13 15:19:00,110.282,110.282,110.274,110.274,2
2012-09-13 15:21:00,110.274,110.282,110.274,110.274,5
2012-09-13 15:22:00,110.282,110.282,110.282,110.282,1
2012-09-13 15:23:00,110.274,110.274,110.274,110.274,1
2012-09-13 15:25:00,110.274,110.282,110.274,110.282,2
2012-09-13 15:26:00,110.282,110.282,110.282,110.282,1
2012-09-13 15:28:00,110.274,110.282,110.274,110.274,3
2012-09-13 15:29:00,110.282,110.282,110.274,110.282,3
2012-09-13 15:30:00,110.274,110.274,110.274,110.274,1
2012-09-13 15:32:00,110.274,110.282,110.274,110.282,2
2012-09-13 15:33:00,110.282,110.282,110.282,110.282,1
2012-09-13 15:34:00,110.282,110.282,110.274,110.274,4
2012-09-13 15:35:00,110.274,110.274,110.274,110.274,1
2012-09-13 15:37:00,110.282,110.282,110.282,110.282,1
2012-09-13 15:38:00,110.282,110.282,110.274,110.274,2
2012-09-13 15:39:00,110.274,110.282,110.274,110.274,3
2012-09-13 15:44:00,110.282,110.282,110.274,110.282,3
2012-09-13 15:45:00,110.274,110.274,110.274,110.274,1
2012-09-13 15:48:00,110.282,110.282,110.282,110.282,1
2012-09-13 15:49:00,110.274,110.274,110.274,110.274,1
2012-09-13 15:55:00,110.274,110.282,110.274,110.282,4
2012-09-13 15:56:00,110.282,110.282,110.282,110.282,1
2012-09-13 15:57:00,110.274,110.282,110.274,110.274,5
2012-09-13 15:58:00,110.282,110.282,110.282,110.282,1
2012-09-13 15:59:00,110.282,110.29,110.282,110.29,6
2012-09-13 16:01:00,110.282,110.29,110.282,110.29,4
2012-09-13 16:02:00,110.282,110.29,110.282,110.29,2
2012-09-13 16:03:00,110.282,110.29,110.282,110.29,4
2012-09-13 16:04:00,110.29,110.29,110.29,110.29,1
2012-09-13 16:05:00,110.282,110.282,110.282,110.282,1
2012-09-13 16:07:00,110.282,110.29,110.282,110.29,4
2012-09-13 16:09:00,110.282,110.29,110.282,110.29,2
2012-09-13 16:10:00,110.29,110.29,110.282,110.29,3
2012-09-13 16:11:00,110.282,110.282,110.282,110.282,1
2012-09-13 16:12:00,110.29,110.29,110.29,110.29,1
2012-09-13 16:13:00,110.282,110.29,110.282,110.282,3
2012-09-13 16:14:00,110.274,110.274,110.274,110.274,1
2012-09-13 16:15:00,110.282,110.282,110.282,110.282,1
2012-09-13 16:17:00,110.274,110.274,110.274,110.274,1
2012-09-13 16:18:00,110.282,110.282,110.282,110.282,1
2012-09-13 16:20:00,110.274,110.274,110.274,110.274,1
2012-09-13 16:21:00,110.282,110.282,110.274,110.282,3
2012-09-13 16:22:00,110.274,110.282,110.274,110.274,3
2012-09-13 16:23:00,110.282,110.282,110.282,110.282,1
2012-09-13 16:25:00,110.282,110.282,110.274,110.274,2
2012-09-13 16:29:00,110.282,110.29,110.282,110.29,4
2012-09-13 16:30:00,110.29,110.29,110.29,110.29,1
2012-09-13 16:31:00,110.267,110.282,110.259,110.282,17
2012-09-13 16:32:00,110.227,110.267,110.22,110.259,47
2012-09-13 16:33:00,110.243,110.243,110.22,110.22,10
2012-09-13 16:34:00,110.243,110.251,110.235,110.251,16
2012-09-13 16:35:00,110.235,110.243,110.235,110.235,9
2012-09-13 16:36:00,110.243,110.243,110.243,110.243,1
2012-09-13 16:37:00,110.243,110.243,110.235,110.235,2
2012-09-13 16:38:00,110.243,110.243,110.235,110.235,4
2012-09-13 16:39:00,110.235,110.235,110.235,110.235,1
2012-09-13 16:40:00,110.22,110.235,110.22,110.227,6
2012-09-13 16:41:00,110.227,110.227,110.212,110.227,13
2012-09-13 16:43:00,110.22,110.227,110.22,110.22,5
2012-09-13 16:44:00,110.227,110.227,110.22,110.227,3
2012-09-13 16:45:00,110.22,110.227,110.212,110.22,13
2012-09-13 16:47:00,110.22,110.227,110.22,110.227,6
2012-09-13 16:48:00,110.227,110.227,110.22,110.227,11
2012-09-13 16:49:00,110.227,110.227,110.22,110.22,4
2012-09-13 16:50:00,110.235,110.235,110.227,110.235,3
2012-09-13 16:51:00,110.227,110.235,110.227,110.227,3
2012-09-13 16:52:00,110.227,110.227,110.22,110.22,2
2012-09-13 16:53:00,110.227,110.227,110.22,110.22,2
2012-09-13 16:54:00,110.22,110.235,110.22,110.235,5
2012-09-13 16:55:00,110.227,110.227,110.22,110.227,3
2012-09-13 16:56:00,110.235,110.235,110.235,110.235,1
2012-09-13 16:57:00,110.235,110.235,110.227,110.227,2
2012-09-13 16:59:00,110.235,110.235,110.227,110.227,2
2012-09-13 17:00:00,110.235,110.235,110.227,110.227,2
2012-09-13 17:01:00,110.227,110.227,110.227,110.227,1
2012-09-13 17:02:00,110.235,110.235,110.227,110.235,3
2012-09-13 17:03:00,110.243,110.243,110.235,110.243,3
2012-09-13 17:04:00,110.235,110.243,110.235,110.235,5
2012-09-13 17:05:00,110.235,110.243,110.235,110.243,6
2012-09-13 17:06:00,110.243,110.251,110.235,110.243,5
2012-09-13 17:07:00,110.251,110.251,110.243,110.251,3
2012-09-13 17:08:00,110.251,110.251,110.243,110.243,2
2012-09-13 17:09:00,110.243,110.251,110.243,110.243,3
2012-09-13 17:10:00,110.243,110.251,110.243,110.251,2
2012-09-13 17:11:00,110.251,110.251,110.243,110.251,3
2012-09-13 17:12:00,110.251,110.251,110.243,110.243,4
2012-09-13 17:15:00,110.251,110.259,110.251,110.259,4
2012-09-13 17:17:00,110.251,110.259,110.251,110.259,4
2012-09-13 17:21:00,110.251,110.259,110.251,110.259,2
2012-09-13 17:22:00,110.251,110.259,110.251,110.259,4
2012-09-13 17:23:00,110.259,110.259,110.259,110.259,1
2012-09-13 17:24:00,110.259,110.259,110.251,110.251,2
2012-09-13 17:26:00,110.251,110.259,110.251,110.251,3
2012-09-13 17:27:00,110.259,110.259,110.251,110.259,3
2012-09-13 17:28:00,110.259,110.259,110.251,110.251,2
2012-09-13 17:30:00,110.251,110.259,110.251,110.251,3
2012-09-13 17:31:00,110.259,110.259,110.259,110.259,1
2012-09-13 17:32:00,110.251,110.259,110.251,110.251,3
2012-09-13 17:33:00,110.251,110.259,110.251,110.259,4
2012-09-13 17:34:00,110.251,110.259,110.251,110.259,2
2012-09-13 17:36:00,110.259,110.259,110.251,110.259,3
2012-09-13 17:37:00,110.251,110.259,110.251,110.251,3
2012-09-13 17:40:00,110.251,110.251,110.243,110.243,2
2012-09-13 17:42:00,110.251,110.251,110.243,110.243,4
2012-09-13 17:45:00,110.259,110.259,110.259,110.259,1
2012-09-13 17:46:00,110.259,110.259,110.251,110.251,4
2012-09-13 17:47:00,110.259,110.259,110.251,110.251,2
2012-09-13 17:48:00,110.251,110.251,110.251,110.251,1
2012-09-13 17:49:00,110.251,110.259,110.251,110.259,2
2012-09-13 17:50:00,110.243,110.251,110.243,110.243,5
2012-09-13 17:51:00,110.251,110.251,110.251,110.251,1
2012-09-13 17:52:00,110.251,110.251,110.243,110.243,2
2012-09-13 17:53:00,110.243,110.243,110.243,110.243,1
2012-09-13 17:55:00,110.259,110.259,110.251,110.251,2
2012-09-13 17:56:00,110.259,110.259,110.251,110.251,4
2012-09-13 17:57:00,110.259,110.259,110.251,110.251,2
2012-09-13 17:59:00,110.259,110.259,110.251,110.251,2
2012-09-13 18:00:00,110.251,110.259,110.251,110.251,3
2012-09-13 18:01:00,110.251,110.259,110.251,110.259,2
2012-09-13 18:02:00,110.259,110.259,110.259,110.259,1
2012-09-13 18:05:00,110.251,110.251,110.251,110.251,1
2012-09-13 18:06:00,110.259,110.259,110.259,110.259,1
2012-09-13 18:08:00,110.251,110.251,110.251,110.251,1
2012-09-13 18:09:00,110.259,110.259,110.259,110.259,1
2012-09-13 18:17:00,110.259,110.259,110.251,110.251,4
2012-09-13 18:19:00,110.259,110.259,110.251,110.251,4
2012-09-13 18:20:00,110.259,110.259,110.251,110.251,2
2012-09-13 18:30:00,110.251,110.251,110.251,110.251,1
2012-09-13 18:31:00,110.259,110.259,110.259,110.259,1
2012-09-13 18:34:00,110.259,110.259,110.251,110.251,2
2012-09-13 18:35:00,110.259,110.259,110.251,110.251,2
2012-09-13 18:37:00,110.259,110.259,110.251,110.251,2
2012-09-13 18:39:00,110.259,110.267,110.259,110.267,6
2012-09-13 18:40:00,110.267,110.267,110.259,110.267,3
2012-09-13 18:41:00,110.267,110.267,110.259,110.259,4
2012-09-13 18:45:00,110.259,110.267,110.259,110.259,3
2012-09-13 18:48:00,110.259,110.267,110.259,110.267,4
2012-09-13 18:49:00,110.267,110.267,110.267,110.267,1
2012-09-13 18:51:00,110.259,110.259,110.259,110.259,1
2012-09-13 18:52:00,110.259,110.267,110.259,110.267,2
2012-09-13 18:54:00,110.267,110.267,110.267,110.267,1
2012-09-13 18:57:00,110.259,110.267,110.259,110.259,5
2012-09-13 18:58:00,110.259,110.267,110.259,110.267,10
2012-09-13 18:59:00,110.259,110.267,110.251,110.267,22
2012-09-13 19:00:00,110.251,110.259,110.251,110.251,3
2012-09-13 19:01:00,110.259,110.259,110.251,110.259,3
2012-09-13 19:02:00,110.251,110.259,110.251,110.251,3
2012-09-13 19:04:00,110.251,110.259,110.251,110.259,2
2012-09-13 19:05:00,110.259,110.259,110.259,110.259,1
2012-09-13 19:08:00,110.267,110.267,110.267,110.267,1
2012-09-13 19:09:00,110.259,110.259,110.259,110.259,1
2012-09-13 19:11:00,110.267,110.267,110.267,110.267,1
2012-09-13 19:15:00,110.259,110.259,110.259,110.259,1
2012-09-13 19:17:00,110.267,110.267,110.267,110.267,1
2012-09-13 19:24:00,110.259,110.267,110.259,110.259,3
2012-09-13 19:26:00,110.259,110.267,110.259,110.267,2
2012-09-13 19:30:00,110.251,110.259,110.251,110.251,3
2012-09-13 19:32:00,110.259,110.259,110.259,110.259,1
2012-09-13 19:45:00,110.251,110.259,110.251,110.251,3
2012-09-13 19:47:00,110.259,110.259,110.259,110.259,1
2012-09-13 19:48:00,110.259,110.259,110.251,110.251,2
2012-09-13 19:49:00,110.251,110.251,110.251,110.251,1
2012-09-13 19:50:00,110.251,110.259,110.251,110.259,2
2012-09-13 19:51:00,110.259,110.259,110.259,110.259,1
2012-09-13 19:52:00,110.251,110.251,110.251,110.251,1
2012-09-13 19:53:00,110.259,110.259,110.259,110.259,1
2012-09-13 19:56:00,110.251,110.251,110.251,110.251,1
2012-09-13 19:57:00,110.251,110.259,110.243,110.259,6
2012-09-13 19:59:00,110.251,110.259,110.251,110.259,2
2012-09-13 20:00:00,110.251,110.259,110.251,110.259,2
2012-09-13 20:01:00,110.259,110.259,110.259,110.259,1
2012-09-13 20:02:00,110.251,110.251,110.251,110.251,1
2012-09-13 20:11:00,110.259,110.259,110.259,110.259,1
2012-09-13 20:12:00,110.251,110.251,110.251,110.251,1
2012-09-13 20:14:00,110.259,110.259,110.259,110.259,1
2012-09-13 20:18:00,110.251,110.251,110.251,110.251,1
2012-09-13 20:24:00,110.251,110.251,110.243,110.243,4
2012-09-13 20:51:00,110.259,110.259,110.259,110.259,1
2012-09-13 20:54:00,110.251,110.251,110.251,110.251,1
2012-09-13 20:59:00,110.259,110.259,110.259,110.259,1
2012-09-13 22:00:00,110.251,110.251,110.251,110.251,1
2012-09-13 22:01:00,110.259,110.259,110.259,110.259,1
2012-09-13 22:24:00,110.251,110.251,110.251,110.251,1
2012-09-13 23:02:00,110.259,110.259,110.259,110.259,1
2012-09-13 23:06:00,110.251,110.251,110.251,110.251,1
2012-09-13 23:30:00,110.259,110.259,110.251,110.259,5
2012-09-13 23:33:00,110.251,110.251,110.251,110.251,1
2012-09-14 00:16:00,110.259,110.259,110.259,110.259,1
2012-09-14 00:44:00,110.251,110.251,110.251,110.251,1
2012-09-14 00:51:00,110.243,110.243,110.243,110.243,1
2012-09-14 00:54:00,110.251,110.251,110.251,110.251,1
2012-09-14 00:57:00,110.243,110.243,110.243,110.243,1
2012-09-14 01:20:00,110.243,110.243,110.235,110.235,2
2012-09-14 01:33:00,110.235,110.235,110.235,110.235,1
2012-09-14 01:46:00,110.243,110.243,110.243,110.243,1
2012-09-14 04:51:00,110.251,110.251,110.251,110.251,1
2012-09-14 04:56:00,110.243,110.243,110.243,110.243,1
2012-09-14 05:30:00,110.251,110.251,110.251,110.251,1
2012-09-14 05:32:00,110.259,110.259,110.251,110.259,3
2012-09-14 05:33:00,110.259,110.267,110.259,110.267,4
2012-09-14 05:35:00,110.251,110.251,110.251,110.251,1
2012-09-14 05:36:00,110.259,110.259,110.259,110.259,1
2012-09-14 05:38:00,110.251,110.251,110.251,110.251,1
2012-09-14 05:39:00,110.259,110.259,110.259,110.259,1
2012-09-14 06:00:00,110.251,110.251,110.251,110.251,1
2012-09-14 06:06:00,110.259,110.259,110.259,110.259,1
2012-09-14 06:32:00,110.251,110.251,110.251,110.251,1
2012-09-14 06:35:00,110.251,110.259,110.251,110.259,2
2012-09-14 06:38:00,110.259,110.259,110.259,110.259,1
2012-09-14 06:43:00,110.251,110.251,110.251,110.251,1
2012-09-14 06:44:00,110.259,110.259,110.259,110.259,1
2012-09-14 06:46:00,110.251,110.251,110.251,110.251,1
2012-09-14 06:47:00,110.259,110.259,110.259,110.259,1
2012-09-14 06:52:00,110.259,110.259,110.251,110.251,4
2012-09-14 07:00:00,110.259,110.259,110.251,110.251,2
2012-09-14 07:02:00,110.251,110.251,110.251,110.251,1
2012-09-14 07:10:00,110.259,110.259,110.259,110.259,1
2012-09-14 07:11:00,110.259,110.259,110.251,110.251,2
2012-09-14 07:21:00,110.259,110.259,110.251,110.251,2
2012-09-14 07:22:00,110.259,110.259,110.251,110.251,2
2012-09-14 07:24:00,110.251,110.251,110.251,110.251,1
2012-09-14 07:25:00,110.259,110.259,110.259,110.259,1
2012-09-14 07:27:00,110.259,110.259,110.251,110.251,2
2012-09-14 07:37:00,110.251,110.251,110.251,110.251,1
2012-09-14 07:44:00,110.259,110.259,110.259,110.259,1
2012-09-14 08:00:00,110.251,110.251,110.251,110.251,1
2012-09-14 08:11:00,110.259,110.259,110.259,110.259,1
2012-09-14 08:22:00,110.259,110.259,110.251,110.251,4
2012-09-14 08:24:00,110.259,110.267,110.259,110.267,2
2012-09-14 08:31:00,110.251,110.251,110.251,110.251,1
2012-09-14 08:34:00,110.259,110.259,110.259,110.259,1
2012-09-14 08:38:00,110.251,110.251,110.251,110.251,1
2012-09-14 08:43:00,110.251,110.259,110.251,110.259,2
2012-09-14 08:50:00,110.251,110.259,110.251,110.259,2
2012-09-14 08:52:00,110.259,110.259,110.259,110.259,1
2012-09-14 09:07:00,110.251,110.251,110.251,110.251,1
2012-09-14 09:10:00,110.259,110.259,110.259,110.259,1
2012-09-14 09:13:00,110.251,110.251,110.251,110.251,1
2012-09-14 09:19:00,110.251,110.259,110.251,110.259,2
2012-09-14 09:20:00,110.259,110.259,110.259,110.259,1
2012-09-14 09:29:00,110.251,110.251,110.251,110.251,1
2012-09-14 09:42:00,110.243,110.243,110.243,110.243,1
2012-09-14 09:46:00,110.251,110.251,110.251,110.251,1
2012-09-14 09:51:00,110.243,110.243,110.243,110.243,1
2012-09-14 09:56:00,110.243,110.243,110.235,110.235,6
2012-09-14 10:11:00,110.228,110.235,110.228,110.235,6
2012-09-14 10:12:00,110.228,110.235,110.228,110.235,2
2012-09-14 10:13:00,110.228,110.235,110.228,110.235,2
2012-09-14 10:18:00,110.235,110.235,110.235,110.235,1
2012-09-14 10:19:00,110.228,110.235,110.228,110.228,3
2012-09-14 10:20:00,110.235,110.235,110.235,110.235,1
2012-09-14 10:24:00,110.235,110.243,110.228,110.228,4
2012-09-14 10:35:00,110.235,110.243,110.235,110.243,2
2012-09-14 10:42:00,110.235,110.235,110.228,110.228,2
2012-09-14 10:44:00,110.228,110.228,110.228,110.228,1
2012-09-14 10:45:00,110.235,110.235,110.235,110.235,1
2012-09-14 10:46:00,110.228,110.228,110.228,110.228,1
2012-09-14 10:49:00,110.228,110.235,110.228,110.235,2
2012-09-14 10:54:00,110.22,110.22,110.22,110.22,1
2012-09-14 11:00:00,110.22,110.228,110.22,110.228,2
2012-09-14 11:01:00,110.228,110.228,110.228,110.228,1
2012-09-14 11:05:00,110.235,110.235,110.235,110.235,1
2012-09-14 11:16:00,110.235,110.243,110.235,110.243,2
2012-09-14 11:19:00,110.228,110.235,110.228,110.228,3
2012-09-14 11:20:00,110.235,110.235,110.235,110.235,1
2012-09-14 11:21:00,110.228,110.228,110.228,110.228,1
2012-09-14 11:25:00,110.235,110.235,110.235,110.235,1
2012-09-14 11:31:00,110.235,110.235,110.228,110.228,14
2012-09-14 11:34:00,110.243,110.243,110.243,110.243,1
2012-09-14 11:45:00,110.235,110.235,110.235,110.235,1
2012-09-14 11:48:00,110.243,110.243,110.243,110.243,1
2012-09-14 11:54:00,110.235,110.235,110.235,110.235,1
2012-09-14 12:00:00,110.243,110.243,110.235,110.243,3
2012-09-14 12:01:00,110.235,110.243,110.235,110.235,3
2012-09-14 12:03:00,110.243,110.243,110.243,110.243,1
2012-09-14 12:10:00,110.243,110.243,110.235,110.235,2
2012-09-14 12:11:00,110.235,110.235,110.235,110.235,1
2012-09-14 12:12:00,110.243,110.243,110.243,110.243,1
2012-09-14 12:13:00,110.235,110.235,110.235,110.235,1
2012-09-14 12:14:00,110.243,110.243,110.243,110.243,1
2012-09-14 12:15:00,110.243,110.243,110.235,110.235,2
2012-09-14 12:17:00,110.243,110.243,110.235,110.235,2
2012-09-14 12:18:00,110.235,110.235,110.235,110.235,1
2012-09-14 12:19:00,110.235,110.243,110.235,110.243,4
2012-09-14 12:20:00,110.243,110.243,110.235,110.243,11
2012-09-14 12:21:00,110.235,110.243,110.235,110.235,5
2012-09-14 12:22:00,110.228,110.235,110.228,110.228,3
2012-09-14 12:23:00,110.235,110.235,110.235,110.235,1
2012-09-14 12:24:00,110.228,110.228,110.228,110.228,1
2012-09-14 12:26:00,110.235,110.235,110.235,110.235,1
2012-09-14 12:27:00,110.228,110.228,110.228,110.228,1
2012-09-14 12:28:00,110.22,110.228,110.22,110.22,3
2012-09-14 12:29:00,110.22,110.228,110.22,110.228,6
2012-09-14 12:30:00,110.228,110.228,110.228,110.228,1
2012-09-14 12:32:00,110.235,110.235,110.228,110.235,3
2012-09-14 12:36:00,110.228,110.235,110.228,110.228,3
2012-09-14 12:37:00,110.235,110.235,110.228,110.235,3
2012-09-14 12:38:00,110.228,110.228,110.228,110.228,1
2012-09-14 12:39:00,110.228,110.235,110.228,110.235,2
2012-09-14 12:40:00,110.228,110.235,110.228,110.235,4
2012-09-14 12:41:00,110.235,110.235,110.235,110.235,1
2012-09-14 12:42:00,110.228,110.235,110.228,110.228,5
2012-09-14 12:43:00,110.235,110.235,110.235,110.235,1
2012-09-14 12:44:00,110.228,110.235,110.228,110.228,3
2012-09-14 12:46:00,110.235,110.235,110.228,110.235,5
2012-09-14 12:47:00,110.228,110.228,110.228,110.228,1
2012-09-14 12:48:00,110.228,110.235,110.228,110.235,2
2012-09-14 12:49:00,110.235,110.235,110.228,110.235,3
2012-09-14 12:50:00,110.228,110.235,110.228,110.228,9
2012-09-14 12:51:00,110.235,110.235,110.228,110.235,3
2012-09-14 12:52:00,110.228,110.235,110.228,110.228,3
2012-09-14 12:53:00,110.228,110.235,110.228,110.235,6
2012-09-14 12:54:00,110.228,110.235,110.228,110.235,2
2012-09-14 12:55:00,110.235,110.235,110.228,110.235,3
2012-09-14 12:56:00,110.228,110.235,110.228,110.228,3
2012-09-14 12:57:00,110.235,110.235,110.235,110.235,1
2012-09-14 12:58:00,110.228,110.235,110.228,110.228,3
2012-09-14 12:59:00,110.235,110.235,110.228,110.235,3
2012-09-14 13:01:00,110.228,110.228,110.228,110.228,1
2012-09-14 13:03:00,110.235,110.235,110.235,110.235,1
2012-09-14 13:04:00,110.228,110.228,110.228,110.228,1
2012-09-14 13:05:00,110.228,110.235,110.228,110.235,2
2012-09-14 13:06:00,110.235,110.235,110.235,110.235,1
2012-09-14 13:15:00,110.235,110.243,110.235,110.243,2
2012-09-14 13:21:00,110.235,110.243,110.235,110.243,4
2012-09-14 13:22:00,110.235,110.243,110.235,110.243,2
2012-09-14 13:25:00,110.235,110.235,110.228,110.228,4
2012-09-14 13:30:00,110.228,110.235,110.228,110.228,3
2012-09-14 13:31:00,110.235,110.235,110.235,110.235,1
2012-09-14 13:37:00,110.228,110.228,110.228,110.228,1
2012-09-14 13:40:00,110.235,110.235,110.235,110.235,1
2012-09-14 13:41:00,110.228,110.228,110.228,110.228,1
2012-09-14 13:48:00,110.22,110.228,110.22,110.22,3
2012-09-14 13:50:00,110.228,110.228,110.228,110.228,1
2012-09-14 13:54:00,110.22,110.22,110.22,110.22,1
2012-09-14 13:55:00,110.22,110.228,110.22,110.228,2
2012-09-14 13:58:00,110.228,110.228,110.228,110.228,1
2012-09-14 14:00:00,110.22,110.22,110.22,110.22,1
2012-09-14 14:04:00,110.22,110.228,110.22,110.228,2
2012-09-14 14:05:00,110.212,110.22,110.212,110.212,3
2012-09-14 14:06:00,110.212,110.22,110.212,110.22,2
2012-09-14 14:07:00,110.22,110.22,110.212,110.22,3
2012-09-14 14:09:00,110.228,110.228,110.22,110.228,3
2012-09-14 14:10:00,110.22,110.22,110.22,110.22,1
2012-09-14 14:12:00,110.22,110.228,110.22,110.228,2
2012-09-14 14:13:00,110.212,110.22,110.212,110.212,3
2012-09-14 14:16:00,110.22,110.22,110.22,110.22,1
2012-09-14 14:17:00,110.212,110.212,110.212,110.212,1
2012-09-14 14:18:00,110.22,110.22,110.22,110.22,1
2012-09-14 14:20:00,110.22,110.228,110.22,110.228,4
2012-09-14 14:21:00,110.212,110.22,110.212,110.212,3
2012-09-14 14:22:00,110.22,110.22,110.22,110.22,1
2012-09-14 14:23:00,110.212,110.212,110.212,110.212,1
2012-09-14 14:24:00,110.22,110.22,110.212,110.22,3
2012-09-14 14:25:00,110.22,110.22,110.212,110.212,4
2012-09-14 14:26:00,110.212,110.212,110.212,110.212,1
2012-09-14 14:27:00,110.22,110.22,110.22,110.22,1
2012-09-14 14:28:00,110.212,110.212,110.212,110.212,1
2012-09-14 14:29:00,110.212,110.22,110.212,110.22,2
2012-09-14 14:33:00,110.212,110.22,110.212,110.22,2
2012-09-14 14:34:00,110.212,110.22,110.212,110.22,2
2012-09-14 14:35:00,110.22,110.22,110.212,110.22,3
2012-09-14 14:40:00,110.212,110.212,110.212,110.212,1
2012-09-14 14:41:00,110.22,110.22,110.22,110.22,1
2012-09-14 14:45:00,110.22,110.22,110.212,110.212,2
2012-09-14 14:50:00,110.22,110.22,110.212,110.212,2
2012-09-14 14:52:00,110.212,110.22,110.212,110.212,3
2012-09-14 14:54:00,110.22,110.22,110.22,110.22,1
2012-09-14 14:55:00,110.22,110.22,110.212,110.212,2
2012-09-14 15:00:00,110.22,110.22,110.212,110.212,6
2012-09-14 15:03:00,110.212,110.212,110.212,110.212,1
2012-09-14 15:04:00,110.22,110.22,110.212,110.22,3
2012-09-14 15:05:00,110.22,110.22,110.212,110.212,2
2012-09-14 15:06:00,110.22,110.22,110.212,110.212,2
2012-09-14 15:08:00,110.22,110.22,110.212,110.212,2
2012-09-14 15:10:00,110.22,110.228,110.22,110.228,4
2012-09-14 15:15:00,110.22,110.228,110.22,110.228,6
2012-09-14 15:16:00,110.228,110.228,110.228,110.228,1
2012-09-14 15:17:00,110.22,110.22,110.22,110.22,1
2012-09-14 15:18:00,110.22,110.228,110.22,110.228,2
2012-09-14 15:19:00,110.22,110.228,110.22,110.228,2
2012-09-14 15:22:00,110.22,110.228,110.22,110.228,2
2012-09-14 15:27:00,110.212,110.22,110.212,110.212,3
2012-09-14 15:30:00,110.212,110.22,110.212,110.22,2
2012-09-14 15:31:00,110.212,110.22,110.212,110.22,4
2012-09-14 15:32:00,110.22,110.22,110.22,110.22,1
2012-09-14 15:33:00,110.22,110.22,110.212,110.212,2
2012-09-14 15:34:00,110.212,110.212,110.212,110.212,1
2012-09-14 15:35:00,110.22,110.22,110.22,110.22,1
2012-09-14 15:36:00,110.212,110.212,110.212,110.212,1
2012-09-14 15:37:00,110.22,110.22,110.212,110.22,3
2012-09-14 15:38:00,110.212,110.22,110.212,110.212,3
2012-09-14 15:40:00,110.212,110.22,110.212,110.22,4
2012-09-14 15:41:00,110.212,110.22,110.212,110.22,2
2012-09-14 15:42:00,110.22,110.22,110.22,110.22,1
2012-09-14 15:43:00,110.22,110.22,110.212,110.212,2
2012-09-14 15:46:00,110.22,110.228,110.22,110.228,2
2012-09-14 15:48:00,110.212,110.212,110.212,110.212,1
2012-09-14 15:49:00,110.22,110.22,110.22,110.22,1
2012-09-14 15:53:00,110.228,110.228,110.228,110.228,1
2012-09-14 15:54:00,110.22,110.22,110.22,110.22,1
2012-09-14 15:55:00,110.22,110.228,110.22,110.228,2
2012-09-14 15:58:00,110.22,110.22,110.212,110.212,2
2012-09-14 16:01:00,110.22,110.22,110.212,110.212,4
2012-09-14 16:02:00,110.22,110.22,110.212,110.212,2
2012-09-14 16:04:00,110.22,110.22,110.212,110.212,2
2012-09-14 16:07:00,110.212,110.212,110.212,110.212,1
2012-09-14 16:11:00,110.22,110.22,110.22,110.22,1
2012-09-14 16:12:00,110.22,110.22,110.212,110.212,2
2012-09-14 16:15:00,110.212,110.212,110.212,110.212,1
2012-09-14 16:21:00,110.22,110.22,110.22,110.22,1
2012-09-14 16:22:00,110.212,110.212,110.212,110.212,1
2012-09-14 16:26:00,110.22,110.22,110.22,110.22,1
2012-09-14 16:27:00,110.212,110.212,110.212,110.212,1
2012-09-14 16:30:00,110.22,110.22,110.22,110.22,1
2012-09-14 16:32:00,110.212,110.212,110.212,110.212,1
2012-09-14 16:40:00,110.22,110.22,110.22,110.22,1
2012-09-14 16:41:00,110.22,110.22,110.212,110.212,2
2012-09-14 16:42:00,110.212,110.22,110.212,110.212,3
2012-09-14 16:44:00,110.22,110.22,110.22,110.22,1
2012-09-14 16:45:00,110.212,110.212,110.212,110.212,1
2012-09-14 16:47:00,110.22,110.22,110.22,110.22,1
2012-09-14 16:48:00,110.212,110.212,110.212,110.212,1
2012-09-14 16:49:00,110.212,110.22,110.212,110.22,2
2012-09-14 16:50:00,110.212,110.22,110.212,110.22,2
2012-09-14 16:52:00,110.212,110.22,110.212,110.22,2
2012-09-14 16:54:00,110.212,110.22,110.212,110.22,2
2012-09-14 16:55:00,110.22,110.22,110.22,110.22,1
2012-09-14 16:58:00,110.228,110.228,110.228,110.228,1
2012-09-14 16:59:00,110.228,110.228,110.22,110.22,4
2012-09-14 17:00:00,110.228,110.228,110.22,110.22,2
2012-09-14 17:01:00,110.22,110.22,110.22,110.22,1
2012-09-14 17:05:00,110.228,110.228,110.228,110.228,1
2012-09-14 17:08:00,110.22,110.228,110.22,110.22,3
2012-09-14 17:12:00,110.228,110.228,110.228,110.228,1
2012-09-14 17:13:00,110.22,110.22,110.22,110.22,1
2012-09-14 17:16:00,110.228,110.228,110.228,110.228,1
2012-09-14 17:18:00,110.22,110.22,110.22,110.22,1
2012-09-14 17:21:00,110.22,110.228,110.22,110.228,2
2012-09-14 17:27:00,110.228,110.228,110.228,110.228,1
2012-09-14 17:28:00,110.22,110.22,110.22,110.22,1
2012-09-14 17:30:00,110.22,110.228,110.22,110.228,2
2012-09-14 17:36:00,110.22,110.228,110.22,110.228,2
2012-09-14 17:37:00,110.22,110.228,110.22,110.228,2
2012-09-14 17:38:00,110.22,110.228,110.22,110.228,2
2012-09-14 17:40:00,110.228,110.228,110.228,110.228,1
2012-09-14 17:41:00,110.22,110.22,110.22,110.22,1
2012-09-14 17:44:00,110.22,110.228,110.22,110.228,2
2012-09-14 17:46:00,110.228,110.228,110.228,110.228,1
2012-09-14 17:47:00,110.22,110.22,110.22,110.22,1
2012-09-14 17:48:00,110.22,110.228,110.22,110.228,2
2012-09-14 17:50:00,110.22,110.228,110.22,110.228,2
2012-09-14 17:52:00,110.22,110.228,110.22,110.228,2
2012-09-14 17:59:00,110.228,110.228,110.22,110.228,3
2012-09-14 18:00:00,110.22,110.22,110.22,110.22,1
2012-09-14 18:02:00,110.228,110.228,110.22,110.228,3
2012-09-14 18:03:00,110.22,110.22,110.22,110.22,1
2012-09-14 18:04:00,110.228,110.228,110.228,110.228,1
2012-09-14 18:05:00,110.22,110.22,110.22,110.22,1
2012-09-14 18:08:00,110.228,110.228,110.228,110.228,1
2012-09-14 18:14:00,110.22,110.22,110.22,110.22,1
2012-09-14 18:18:00,110.228,110.228,110.228,110.228,1
2012-09-14 18:19:00,110.228,110.228,110.22,110.22,2
2012-09-14 18:20:00,110.228,110.228,110.22,110.22,2
2012-09-14 18:37:00,110.22,110.22,110.22,110.22,1
2012-09-14 18:38:00,110.228,110.228,110.228,110.228,1
2012-09-14 18:40:00,110.22,110.22,110.22,110.22,1
2012-09-14 18:42:00,110.22,110.228,110.22,110.228,2
2012-09-14 18:44:00,110.228,110.228,110.228,110.228,1
2012-09-14 18:45:00,110.22,110.22,110.22,110.22,1
2012-09-14 18:46:00,110.22,110.228,110.22,110.228,2
2012-09-14 18:47:00,110.22,110.228,110.22,110.228,2
2012-09-14 18:48:00,110.228,110.228,110.228,110.228,1
2012-09-14 18:49:00,110.22,110.22,110.22,110.22,1
2012-09-14 18:55:00,110.22,110.228,110.22,110.228,2
2012-09-14 18:57:00,110.212,110.22,110.212,110.212,3
2012-09-14 18:58:00,110.22,110.22,110.212,110.22,5
2012-09-14 18:59:00,110.22,110.22,110.212,110.212,28
2012-09-14 19:00:00,110.228,110.228,110.22,110.228,5
2012-09-14 19:01:00,110.22,110.228,110.22,110.22,5
2012-09-14 19:02:00,110.22,110.228,110.22,110.228,2
2012-09-14 19:11:00,110.228,110.228,110.228,110.228,1
2012-09-14 19:14:00,110.22,110.22,110.22,110.22,1
2012-09-14 19:15:00,110.228,110.228,110.228,110.228,1
2012-09-14 19:19:00,110.22,110.22,110.22,110.22,1
2012-09-14 19:20:00,110.228,110.228,110.228,110.228,1
2012-09-14 19:22:00,110.22,110.22,110.22,110.22,1
2012-09-14 19:23:00,110.228,110.228,110.228,110.228,1
2012-09-14 19:27:00,110.22,110.22,110.22,110.22,1
2012-09-14 19:29:00,110.228,110.228,110.228,110.228,1
2012-09-14 19:31:00,110.22,110.22,110.22,110.22,1
2012-09-14 19:46:00,110.22,110.22,110.212,110.212,2
2012-09-14 19:54:00,110.22,110.22,110.212,110.212,2
2012-09-14 20:01:00,110.212,110.212,110.212,110.212,1
2012-09-14 20:02:00,110.22,110.22,110.22,110.22,1
2012-09-14 20:55:00,110.212,110.212,110.212,110.212,1
2012-09-14 20:56:00,110.22,110.22,110.22,110.22,1
2012-09-14 20:59:00,110.228,110.228,110.228,110.228,1
2012-09-16 22:00:00,110.22,110.22,110.22,110.22,1
2012-09-16 22:25:00,110.228,110.228,110.228,110.228,1
2012-09-16 22:26:00,110.22,110.22,110.22,110.22,1
2012-09-17 00:27:00,110.228,110.228,110.228,110.228,1
2012-09-17 00:52:00,110.236,110.236,110.236,110.236,1
2012-09-17 01:43:00,110.243,110.243,110.243,110.243,1
2012-09-17 02:01:00,110.236,110.236,110.236,110.236,1
2012-09-17 02:18:00,110.243,110.243,110.236,110.243,3
2012-09-17 02:24:00,110.236,110.236,110.236,110.236,1
2012-09-17 02:36:00,110.243,110.243,110.243,110.243,1
2012-09-17 03:19:00,110.236,110.236,110.236,110.236,1
2012-09-17 03:32:00,110.243,110.243,110.243,110.243,1
2012-09-17 04:12:00,110.243,110.243,110.236,110.236,2
2012-09-17 04:19:00,110.236,110.236,110.236,110.236,1
2012-09-17 05:54:00,110.243,110.243,110.243,110.243,1
2012-09-17 06:00:00,110.243,110.243,110.236,110.236,4
2012-09-17 06:02:00,110.236,110.236,110.236,110.236,1
2012-09-17 06:16:00,110.228,110.236,110.228,110.228,3
2012-09-17 06:30:00,110.236,110.236,110.236,110.236,1
2012-09-17 06:43:00,110.243,110.243,110.236,110.243,3
2012-09-17 06:44:00,110.236,110.236,110.236,110.236,1
2012-09-17 06:47:00,110.228,110.228,110.228,110.228,1
2012-09-17 06:57:00,110.236,110.236,110.236,110.236,1
2012-09-17 07:00:00,110.228,110.228,110.228,110.228,1
2012-09-17 07:01:00,110.236,110.236,110.236,110.236,1
2012-09-17 07:11:00,110.243,110.243,110.243,110.243,1
2012-09-17 07:13:00,110.236,110.236,110.236,110.236,1
2012-09-17 07:36:00,110.228,110.228,110.228,110.228,1
2012-09-17 07:38:00,110.236,110.236,110.236,110.236,1
2012-09-17 07:48:00,110.236,110.243,110.236,110.243,2
2012-09-17 07:53:00,110.236,110.243,110.236,110.243,2
2012-09-17 07:54:00,110.243,110.243,110.243,110.243,1
2012-09-17 07:55:00,110.236,110.236,110.236,110.236,1
2012-09-17 08:00:00,110.236,110.243,110.236,110.243,2
2012-09-17 08:03:00,110.243,110.243,110.243,110.243,1
2012-09-17 08:19:00,110.236,110.236,110.236,110.236,1
2012-09-17 08:32:00,110.243,110.243,110.243,110.243,1
2012-09-17 08:55:00,110.251,110.251,110.251,110.251,1
2012-09-17 09:00:00,110.243,110.243,110.243,110.243,1
2012-09-17 09:03:00,110.251,110.251,110.251,110.251,1
2012-09-17 09:19:00,110.243,110.243,110.243,110.243,1
2012-09-17 09:21:00,110.251,110.251,110.251,110.251,1
2012-09-17 09:39:00,110.243,110.243,110.243,110.243,1
2012-09-17 10:00:00,110.236,110.236,110.236,110.236,1
2012-09-17 10:04:00,110.243,110.243,110.243,110.243,1
2012-09-17 10:13:00,110.236,110.236,110.236,110.236,1
2012-09-17 10:19:00,110.243,110.243,110.243,110.243,1
2012-09-17 11:17:00,110.236,110.236,110.236,110.236,1
2012-09-17 11:18:00,110.243,110.243,110.243,110.243,1
2012-09-17 11:20:00,110.236,110.236,110.236,110.236,1
2012-09-17 11:23:00,110.243,110.243,110.243,110.243,1
2012-09-17 11:36:00,110.236,110.236,110.236,110.236,1
2012-09-17 11:39:00,110.243,110.243,110.243,110.243,1
2012-09-17 11:47:00,110.236,110.236,110.236,110.236,1
2012-09-17 11:48:00,110.243,110.243,110.243,110.243,1
2012-09-17 11:51:00,110.236,110.236,110.236,110.236,1
2012-09-17 11:54:00,110.236,110.243,110.236,110.243,2
2012-09-17 12:00:00,110.243,110.243,110.236,110.243,3
2012-09-17 12:01:00,110.236,110.236,110.236,110.236,1
2012-09-17 12:11:00,110.243,110.243,110.243,110.243,1
2012-09-17 12:12:00,110.236,110.236,110.236,110.236,1
2012-09-17 12:17:00,110.243,110.243,110.243,110.243,1
2012-09-17 12:18:00,110.236,110.236,110.236,110.236,1
2012-09-17 12:19:00,110.236,110.243,110.236,110.243,2
2012-09-17 12:20:00,110.243,110.243,110.236,110.243,3
2012-09-17 12:22:00,110.236,110.236,110.236,110.236,1
2012-09-17 12:24:00,110.243,110.243,110.243,110.243,1
2012-09-17 12:25:00,110.236,110.243,110.236,110.236,3
2012-09-17 12:26:00,110.243,110.243,110.243,110.243,1
2012-09-17 12:27:00,110.243,110.243,110.236,110.236,2
2012-09-17 12:29:00,110.236,110.236,110.236,110.236,1
2012-09-17 12:30:00,110.243,110.243,110.236,110.243,5
2012-09-17 12:31:00,110.236,110.243,110.236,110.236,3
2012-09-17 12:39:00,110.236,110.243,110.236,110.243,2
2012-09-17 12:45:00,110.236,110.243,110.236,110.243,2
2012-09-17 12:46:00,110.236,110.243,110.236,110.243,2
2012-09-17 12:47:00,110.236,110.243,110.236,110.243,2
2012-09-17 12:48:00,110.228,110.236,110.228,110.228,7
2012-09-17 12:51:00,110.236,110.236,110.228,110.236,3
2012-09-17 12:52:00,110.228,110.228,110.228,110.228,1
2012-09-17 12:53:00,110.236,110.236,110.236,110.236,1
2012-09-17 12:54:00,110.228,110.228,110.228,110.228,1
2012-09-17 12:55:00,110.228,110.228,110.22,110.22,4
2012-09-17 12:56:00,110.22,110.22,110.22,110.22,1
2012-09-17 13:00:00,110.228,110.228,110.228,110.228,1
2012-09-17 13:04:00,110.228,110.228,110.22,110.22,2
2012-09-17 13:05:00,110.22,110.22,110.22,110.22,1
2012-09-17 13:08:00,110.22,110.228,110.22,110.228,2
2012-09-17 13:10:00,110.228,110.228,110.228,110.228,1
2012-09-17 13:11:00,110.22,110.22,110.22,110.22,1
2012-09-17 13:19:00,110.22,110.228,110.22,110.228,6
2012-09-17 13:21:00,110.22,110.22,110.212,110.212,4
2012-09-17 13:22:00,110.212,110.22,110.212,110.212,3
2012-09-17 13:23:00,110.212,110.22,110.212,110.22,2
2012-09-17 13:24:00,110.22,110.22,110.212,110.22,3
2012-09-17 13:25:00,110.22,110.22,110.212,110.212,2
2012-09-17 13:28:00,110.212,110.212,110.212,110.212,1
2012-09-17 13:30:00,110.22,110.22,110.22,110.22,1
2012-09-17 13:45:00,110.22,110.228,110.22,110.228,2
2012-09-17 13:50:00,110.22,110.228,110.22,110.228,2
2012-09-17 13:51:00,110.228,110.228,110.228,110.228,1
2012-09-17 13:58:00,110.228,110.228,110.22,110.22,2
2012-09-17 14:06:00,110.22,110.22,110.22,110.22,1
2012-09-17 14:09:00,110.228,110.236,110.228,110.228,3
2012-09-17 14:10:00,110.236,110.236,110.236,110.236,1
2012-09-17 14:11:00,110.228,110.228,110.228,110.228,1
2012-09-17 14:12:00,110.236,110.236,110.236,110.236,1
2012-09-17 14:20:00,110.228,110.236,110.228,110.228,3
2012-09-17 14:21:00,110.236,110.236,110.236,110.236,1
2012-09-17 14:22:00,110.236,110.236,110.228,110.228,2
2012-09-17 14:25:00,110.236,110.236,110.228,110.228,2
2012-09-17 14:35:00,110.228,110.228,110.228,110.228,1
2012-09-17 14:40:00,110.228,110.236,110.228,110.236,4
2012-09-17 14:43:00,110.228,110.236,110.228,110.236,2
2012-09-17 14:46:00,110.228,110.236,110.228,110.236,2
2012-09-17 14:47:00,110.228,110.236,110.228,110.236,2
2012-09-17 14:58:00,110.236,110.236,110.236,110.236,1
2012-09-17 14:59:00,110.228,110.228,110.228,110.228,1
2012-09-17 15:00:00,110.236,110.236,110.236,110.236,1
2012-09-17 15:01:00,110.228,110.228,110.228,110.228,1
2012-09-17 15:02:00,110.22,110.228,110.22,110.22,3
2012-09-17 15:03:00,110.228,110.228,110.22,110.228,3
2012-09-17 15:07:00,110.236,110.236,110.236,110.236,1
2012-09-17 15:08:00,110.228,110.228,110.228,110.228,1
2012-09-17 15:09:00,110.228,110.228,110.22,110.22,4
2012-09-17 15:14:00,110.228,110.228,110.22,110.22,4
2012-09-17 15:15:00,110.228,110.228,110.22,110.22,6
2012-09-17 15:17:00,110.228,110.228,110.22,110.22,2
2012-09-17 15:20:00,110.228,110.236,110.228,110.236,2
2012-09-17 15:23:00,110.236,110.236,110.236,110.236,1
2012-09-17 15:24:00,110.228,110.228,110.228,110.228,1
2012-09-17 15:25:00,110.236,110.236,110.236,110.236,1
2012-09-17 15:26:00,110.228,110.228,110.228,110.228,1
2012-09-17 15:29:00,110.22,110.22,110.22,110.22,1
2012-09-17 15:30:00,110.228,110.228,110.228,110.228,1
2012-09-17 15:34:00,110.22,110.22,110.22,110.22,1
2012-09-17 15:36:00,110.228,110.228,110.228,110.228,1
2012-09-17 15:41:00,110.22,110.22,110.22,110.22,1
2012-09-17 15:55:00,110.228,110.228,110.228,110.228,1
2012-09-17 15:58:00,110.228,110.228,110.22,110.22,2
2012-09-17 16:01:00,110.22,110.22,110.22,110.22,1
2012-09-17 16:03:00,110.228,110.228,110.228,110.228,1
2012-09-17 16:09:00,110.22,110.22,110.22,110.22,1
2012-09-17 16:12:00,110.228,110.228,110.228,110.228,1
2012-09-17 16:16:00,110.22,110.22,110.22,110.22,1
2012-09-17 16:17:00,110.228,110.228,110.228,110.228,1
2012-09-17 16:18:00,110.22,110.22,110.22,110.22,1
2012-09-17 16:21:00,110.22,110.228,110.22,110.228,2
2012-09-17 16:58:00,110.228,110.228,110.228,110.228,1
2012-09-17 17:08:00,110.22,110.22,110.22,110.22,1
2012-09-17 17:23:00,110.228,110.228,110.228,110.228,1
2012-09-17 17:29:00,110.22,110.22,110.22,110.22,1
2012-09-17 17:30:00,110.228,110.228,110.228,110.228,1
2012-09-17 17:36:00,110.22,110.22,110.22,110.22,1
2012-09-17 17:42:00,110.22,110.228,110.22,110.228,2
2012-09-17 17:46:00,110.22,110.228,110.22,110.228,2
2012-09-17 17:49:00,110.212,110.212,110.212,110.212,1
2012-09-17 17:52:00,110.22,110.22,110.22,110.22,1
2012-09-17 17:58:00,110.212,110.212,110.212,110.212,1
2012-09-17 17:59:00,110.22,110.22,110.22,110.22,1
2012-09-17 18:05:00,110.212,110.212,110.212,110.212,1
2012-09-17 18:12:00,110.22,110.22,110.22,110.22,1
2012-09-17 18:14:00,110.212,110.212,110.212,110.212,1
2012-09-17 18:39:00,110.22,110.22,110.212,110.22,3
2012-09-17 18:40:00,110.212,110.212,110.212,110.212,1
2012-09-17 18:47:00,110.212,110.22,110.212,110.22,2
2012-09-17 18:48:00,110.22,110.22,110.212,110.22,3
2012-09-17 18:49:00,110.22,110.22,110.212,110.212,2
2012-09-17 18:50:00,110.212,110.212,110.212,110.212,1
2012-09-17 18:57:00,110.212,110.22,110.212,110.22,4
2012-09-17 18:59:00,110.22,110.22,110.212,110.22,25
2012-09-17 19:00:00,110.22,110.22,110.212,110.212,2
2012-09-17 19:01:00,110.22,110.22,110.212,110.212,2
2012-09-17 19:04:00,110.22,110.22,110.212,110.212,2
2012-09-17 19:07:00,110.212,110.212,110.212,110.212,1
2012-09-17 19:10:00,110.22,110.22,110.212,110.22,3
2012-09-17 19:11:00,110.22,110.22,110.212,110.212,2
2012-09-17 19:14:00,110.212,110.212,110.212,110.212,1
2012-09-17 19:15:00,110.212,110.22,110.212,110.22,2
2012-09-17 19:16:00,110.212,110.22,110.212,110.22,2
2012-09-17 19:17:00,110.22,110.22,110.22,110.22,1
2012-09-17 19:19:00,110.212,110.212,110.212,110.212,1
2012-09-17 19:21:00,110.22,110.22,110.22,110.22,1
2012-09-17 19:22:00,110.22,110.22,110.212,110.212,2
2012-09-17 19:24:00,110.212,110.212,110.212,110.212,1
2012-09-17 19:25:00,110.22,110.22,110.22,110.22,1
2012-09-17 19:26:00,110.22,110.22,110.212,110.212,2
2012-09-17 19:27:00,110.22,110.22,110.212,110.212,2
2012-09-17 19:30:00,110.22,110.22,110.212,110.212,6
2012-09-17 19:33:00,110.22,110.22,110.212,110.212,2
2012-09-17 19:36:00,110.212,110.212,110.212,110.212,1
2012-09-17 19:38:00,110.22,110.22,110.22,110.22,1
2012-09-17 19:39:00,110.22,110.22,110.212,110.212,4
2012-09-17 19:42:00,110.212,110.212,110.212,110.212,1
2012-09-17 19:43:00,110.22,110.22,110.22,110.22,1
2012-09-17 19:44:00,110.212,110.212,110.212,110.212,1
2012-09-17 19:45:00,110.22,110.22,110.22,110.22,1
2012-09-17 19:48:00,110.212,110.212,110.212,110.212,1
2012-09-17 19:49:00,110.22,110.22,110.22,110.22,1
2012-09-17 19:51:00,110.212,110.212,110.212,110.212,1
2012-09-17 19:59:00,110.22,110.22,110.22,110.22,1
2012-09-17 20:00:00,110.212,110.212,110.212,110.212,1
2012-09-17 20:02:00,110.22,110.22,110.22,110.22,1
2012-09-17 20:05:00,110.212,110.212,110.212,110.212,1
2012-09-17 20:10:00,110.22,110.22,110.22,110.22,1
2012-09-17 20:14:00,110.212,110.22,110.212,110.212,3
2012-09-17 20:17:00,110.22,110.22,110.22,110.22,1
2012-09-17 20:18:00,110.212,110.212,110.212,110.212,1
2012-09-17 20:26:00,110.22,110.22,110.22,110.22,1
2012-09-17 20:41:00,110.212,110.22,110.212,110.212,3
2012-09-17 20:42:00,110.22,110.22,110.22,110.22,1
2012-09-17 20:45:00,110.212,110.212,110.212,110.212,1
2012-09-17 20:52:00,110.22,110.22,110.22,110.22,1
2012-09-17 20:55:00,110.212,110.212,110.212,110.212,1
2012-09-17 20:58:00,110.22,110.22,110.22,110.22,1
2012-09-17 20:59:00,110.22,110.22,110.212,110.212,4
2012-09-18 00:40:00,110.228,110.228,110.228,110.228,1
2012-09-18 00:43:00,110.22,110.22,110.22,110.22,1
2012-09-18 00:54:00,110.228,110.228,110.228,110.228,1
2012-09-18 01:16:00,110.22,110.22,110.22,110.22,1
2012-09-18 01:21:00,110.228,110.228,110.228,110.228,1
2012-09-18 01:31:00,110.22,110.22,110.22,110.22,1
2012-09-18 04:13:00,110.212,110.212,110.212,110.212,1
2012-09-18 05:24:00,110.22,110.22,110.22,110.22,1
2012-09-18 06:00:00,110.22,110.22,110.212,110.212,2
2012-09-18 06:13:00,110.22,110.22,110.212,110.212,2
2012-09-18 06:15:00,110.212,110.212,110.212,110.212,1
2012-09-18 06:24:00,110.22,110.22,110.22,110.22,1
2012-09-18 06:25:00,110.22,110.22,110.212,110.212,2
2012-09-18 07:00:00,110.22,110.228,110.22,110.228,2
2012-09-18 07:09:00,110.228,110.228,110.228,110.228,1
2012-09-18 07:10:00,110.22,110.22,110.22,110.22,1
2012-09-18 07:24:00,110.228,110.228,110.228,110.228,1
2012-09-18 07:25:00,110.22,110.22,110.22,110.22,1
2012-09-18 07:31:00,110.228,110.228,110.228,110.228,1
2012-09-18 07:32:00,110.22,110.22,110.22,110.22,1
2012-09-18 07:34:00,110.228,110.228,110.22,110.228,3
2012-09-18 07:36:00,110.22,110.22,110.22,110.22,1
2012-09-18 07:47:00,110.228,110.228,110.228,110.228,1
2012-09-18 07:48:00,110.22,110.22,110.22,110.22,1
2012-09-18 07:50:00,110.22,110.228,110.22,110.228,2
2012-09-18 08:00:00,110.22,110.228,110.22,110.228,2
2012-09-18 08:02:00,110.228,110.228,110.228,110.228,1
2012-09-18 08:03:00,110.22,110.22,110.22,110.22,1
2012-09-18 08:18:00,110.228,110.228,110.228,110.228,1
2012-09-18 08:19:00,110.236,110.236,110.228,110.236,3
2012-09-18 08:20:00,110.228,110.228,110.228,110.228,1
2012-09-18 08:21:00,110.228,110.228,110.22,110.22,2
2012-09-18 08:28:00,110.22,110.22,110.22,110.22,1
2012-09-18 08:39:00,110.228,110.228,110.228,110.228,1
2012-09-18 08:45:00,110.228,110.228,110.22,110.22,2
2012-09-18 08:46:00,110.228,110.228,110.22,110.22,2
2012-09-18 08:47:00,110.228,110.228,110.22,110.22,2
2012-09-18 09:00:00,110.228,110.236,110.228,110.236,2
2012-09-18 09:12:00,110.236,110.236,110.228,110.236,3
2012-09-18 09:14:00,110.228,110.228,110.228,110.228,1
2012-09-18 09:16:00,110.236,110.236,110.236,110.236,1
2012-09-18 09:17:00,110.228,110.228,110.228,110.228,1
2012-09-18 09:21:00,110.236,110.236,110.236,110.236,1
2012-09-18 09:22:00,110.228,110.228,110.228,110.228,1
2012-09-18 09:37:00,110.236,110.236,110.236,110.236,1
2012-09-18 09:40:00,110.228,110.228,110.228,110.228,1
2012-09-18 09:49:00,110.236,110.236,110.236,110.236,1
2012-09-18 09:50:00,110.228,110.236,110.228,110.228,3
2012-09-18 10:00:00,110.236,110.236,110.236,110.236,1
2012-09-18 10:05:00,110.236,110.236,110.228,110.228,2
2012-09-18 10:06:00,110.228,110.228,110.228,110.228,1
2012-09-18 10:07:00,110.228,110.236,110.228,110.236,2
2012-09-18 10:09:00,110.236,110.236,110.236,110.236,1
2012-09-18 10:10:00,110.228,110.236,110.228,110.228,3
2012-09-18 10:12:00,110.228,110.236,110.228,110.236,2
2012-09-18 10:14:00,110.228,110.236,110.228,110.236,2
2012-09-18 10:20:00,110.228,110.236,110.228,110.236,2
2012-09-18 10:33:00,110.228,110.236,110.228,110.236,2
2012-09-18 10:34:00,110.236,110.236,110.236,110.236,1
2012-09-18 10:35:00,110.228,110.228,110.228,110.228,1
2012-09-18 11:00:00,110.236,110.236,110.228,110.236,3
2012-09-18 11:02:00,110.228,110.228,110.228,110.228,1
2012-09-18 11:23:00,110.22,110.228,110.22,110.22,3
2012-09-18 11:24:00,110.22,110.228,110.22,110.228,2
2012-09-18 11:27:00,110.228,110.228,110.228,110.228,1
2012-09-18 11:28:00,110.22,110.22,110.22,110.22,1
2012-09-18 11:29:00,110.22,110.228,110.22,110.228,2
2012-09-18 11:36:00,110.228,110.228,110.22,110.228,3
2012-09-18 11:44:00,110.22,110.22,110.22,110.22,1
2012-09-18 11:45:00,110.228,110.228,110.22,110.228,3
2012-09-18 11:46:00,110.228,110.236,110.228,110.236,2
2012-09-18 11:48:00,110.22,110.228,110.22,110.22,3
2012-09-18 11:49:00,110.228,110.228,110.22,110.228,3
2012-09-18 11:50:00,110.22,110.22,110.22,110.22,1
2012-09-18 11:53:00,110.228,110.228,110.228,110.228,1
2012-09-18 11:54:00,110.22,110.228,110.22,110.22,3
2012-09-18 11:56:00,110.22,110.228,110.22,110.228,2
2012-09-18 11:57:00,110.22,110.228,110.22,110.228,2
2012-09-18 11:58:00,110.22,110.228,110.22,110.228,2
2012-09-18 12:00:00,110.228,110.228,110.22,110.228,3
2012-09-18 12:01:00,110.22,110.228,110.22,110.22,3
2012-09-18 12:04:00,110.22,110.228,110.22,110.228,4
2012-09-18 12:05:00,110.22,110.228,110.22,110.228,2
2012-09-18 12:06:00,110.22,110.228,110.22,110.228,4
2012-09-18 12:07:00,110.228,110.228,110.22,110.228,3
2012-09-18 12:08:00,110.22,110.22,110.22,110.22,1
2012-09-18 12:11:00,110.22,110.228,110.22,110.228,4
2012-09-18 12:13:00,110.228,110.228,110.22,110.228,3
2012-09-18 12:14:00,110.22,110.22,110.22,110.22,1
2012-09-18 12:15:00,110.22,110.228,110.22,110.228,2
2012-09-18 12:16:00,110.22,110.228,110.22,110.228,2
2012-09-18 12:17:00,110.228,110.228,110.228,110.228,1
2012-09-18 12:20:00,110.236,110.236,110.228,110.236,9
2012-09-18 12:21:00,110.228,110.228,110.228,110.228,1
2012-09-18 12:28:00,110.228,110.236,110.228,110.236,6
2012-09-18 12:29:00,110.228,110.236,110.228,110.236,2
2012-09-18 12:30:00,110.228,110.236,110.228,110.236,2
2012-09-18 12:55:00,110.228,110.236,110.228,110.236,4
2012-09-18 12:57:00,110.228,110.236,110.228,110.236,2
2012-09-18 13:01:00,110.228,110.236,110.228,110.236,2
2012-09-18 13:03:00,110.228,110.236,110.228,110.236,4
2012-09-18 13:04:00,110.228,110.236,110.228,110.236,4
2012-09-18 13:05:00,110.228,110.236,110.228,110.236,2
2012-09-18 13:06:00,110.228,110.236,110.228,110.236,2
2012-09-18 13:07:00,110.228,110.236,110.228,110.236,2
2012-09-18 13:13:00,110.228,110.228,110.22,110.22,4
2012-09-18 13:17:00,110.236,110.236,110.228,110.236,5
2012-09-18 13:18:00,110.228,110.228,110.228,110.228,1
2012-09-18 13:19:00,110.228,110.236,110.228,110.236,2
2012-09-18 13:20:00,110.236,110.236,110.236,110.236,1
2012-09-18 13:21:00,110.228,110.236,110.228,110.228,3
2012-09-18 13:24:00,110.22,110.228,110.22,110.22,5
2012-09-18 13:25:00,110.228,110.228,110.228,110.228,1
2012-09-18 13:27:00,110.228,110.228,110.22,110.22,4
2012-09-18 13:36:00,110.228,110.236,110.228,110.236,2
2012-09-18 13:37:00,110.228,110.236,110.228,110.236,4
2012-09-18 13:38:00,110.228,110.236,110.228,110.236,4
2012-09-18 13:40:00,110.228,110.236,110.228,110.236,2
2012-09-18 13:47:00,110.228,110.236,110.228,110.236,2
2012-09-18 13:56:00,110.22,110.228,110.22,110.22,5
2012-09-18 13:57:00,110.236,110.236,110.228,110.228,2
2012-09-18 13:58:00,110.228,110.228,110.228,110.228,1
2012-09-18 14:00:00,110.228,110.236,110.228,110.236,2
2012-09-18 14:18:00,110.228,110.236,110.228,110.236,2
2012-09-18 14:19:00,110.228,110.236,110.228,110.236,6
2012-09-18 14:25:00,110.228,110.236,110.228,110.236,4
2012-09-18 14:29:00,110.236,110.236,110.236,110.236,1
2012-09-18 14:30:00,110.228,110.228,110.228,110.228,1
2012-09-18 14:32:00,110.236,110.236,110.236,110.236,1
2012-09-18 14:33:00,110.236,110.236,110.228,110.228,2
2012-09-18 14:34:00,110.236,110.236,110.228,110.228,2
2012-09-18 14:35:00,110.236,110.236,110.228,110.228,2
2012-09-18 14:36:00,110.236,110.236,110.228,110.228,2
2012-09-18 14:37:00,110.236,110.236,110.228,110.228,4
2012-09-18 14:39:00,110.236,110.236,110.228,110.228,2
2012-09-18 14:40:00,110.228,110.228,110.228,110.228,1
2012-09-18 14:41:00,110.236,110.236,110.236,110.236,1
2012-09-18 14:43:00,110.228,110.228,110.228,110.228,1
2012-09-18 14:44:00,110.236,110.236,110.236,110.236,1
2012-09-18 14:45:00,110.228,110.228,110.228,110.228,1
2012-09-18 14:46:00,110.228,110.236,110.228,110.236,2
2012-09-18 14:47:00,110.236,110.236,110.236,110.236,1
2012-09-18 14:48:00,110.228,110.228,110.228,110.228,1
2012-09-18 14:49:00,110.228,110.236,110.228,110.236,2
2012-09-18 14:50:00,110.236,110.236,110.236,110.236,1
2012-09-18 14:51:00,110.228,110.236,110.228,110.228,3
2012-09-18 14:55:00,110.228,110.228,110.22,110.22,2
2012-09-18 14:56:00,110.22,110.22,110.22,110.22,1
2012-09-18 14:57:00,110.228,110.228,110.228,110.228,1
2012-09-18 14:58:00,110.22,110.22,110.22,110.22,1
2012-09-18 15:00:00,110.228,110.228,110.22,110.228,3
2012-09-18 15:01:00,110.22,110.228,110.22,110.22,5
2012-09-18 15:03:00,110.22,110.228,110.22,110.228,4
2012-09-18 15:04:00,110.22,110.228,110.22,110.228,2
2012-09-18 15:05:00,110.22,110.228,110.22,110.228,4
2012-09-18 15:07:00,110.22,110.228,110.22,110.228,2
2012-09-18 15:10:00,110.22,110.228,110.22,110.228,2
2012-09-18 15:13:00,110.22,110.228,110.22,110.228,4
2012-09-18 15:14:00,110.22,110.228,110.22,110.228,4
2012-09-18 15:18:00,110.228,110.228,110.22,110.228,3
2012-09-18 15:19:00,110.22,110.22,110.22,110.22,1
2012-09-18 15:23:00,110.228,110.228,110.228,110.228,1
2012-09-18 15:29:00,110.22,110.22,110.22,110.22,1
2012-09-18 15:30:00,110.22,110.228,110.22,110.228,2
2012-09-18 15:31:00,110.22,110.228,110.22,110.228,2
2012-09-18 15:39:00,110.228,110.228,110.228,110.228,1
2012-09-18 15:50:00,110.236,110.236,110.236,110.236,1
2012-09-18 15:52:00,110.228,110.228,110.228,110.228,1
2012-09-18 16:03:00,110.228,110.236,110.228,110.236,2
2012-09-18 16:06:00,110.22,110.22,110.22,110.22,1
2012-09-18 16:14:00,110.228,110.228,110.228,110.228,1
2012-09-18 16:15:00,110.22,110.22,110.22,110.22,1
2012-09-18 16:16:00,110.228,110.228,110.228,110.228,1
2012-09-18 16:17:00,110.22,110.22,110.22,110.22,1
2012-09-18 16:40:00,110.228,110.228,110.228,110.228,1
2012-09-18 16:41:00,110.228,110.228,110.22,110.22,2
2012-09-18 16:46:00,110.228,110.228,110.22,110.22,2
2012-09-18 16:53:00,110.22,110.22,110.22,110.22,1
2012-09-18 16:55:00,110.228,110.228,110.228,110.228,1
2012-09-18 16:56:00,110.228,110.228,110.22,110.22,2
2012-09-18 16:57:00,110.22,110.22,110.22,110.22,1
2012-09-18 16:58:00,110.228,110.228,110.228,110.228,1
2012-09-18 16:59:00,110.22,110.22,110.22,110.22,1
2012-09-18 17:00:00,110.228,110.228,110.22,110.228,5
2012-09-18 17:01:00,110.22,110.228,110.22,110.22,3
2012-09-18 17:05:00,110.228,110.228,110.228,110.228,1
2012-09-18 17:07:00,110.228,110.228,110.22,110.22,2
2012-09-18 17:10:00,110.228,110.228,110.22,110.22,2
2012-09-18 17:13:00,110.22,110.22,110.22,110.22,1
2012-09-18 17:15:00,110.228,110.228,110.22,110.228,3
2012-09-18 17:16:00,110.22,110.22,110.22,110.22,1
2012-09-18 17:20:00,110.228,110.228,110.22,110.228,3
2012-09-18 17:24:00,110.22,110.22,110.22,110.22,1
2012-09-18 17:27:00,110.22,110.228,110.22,110.228,2
2012-09-18 17:28:00,110.228,110.228,110.228,110.228,1
2012-09-18 17:31:00,110.22,110.228,110.22,110.22,3
2012-09-18 17:34:00,110.228,110.228,110.228,110.228,1
2012-09-18 17:38:00,110.22,110.22,110.22,110.22,1
2012-09-18 17:46:00,110.22,110.228,110.22,110.228,2
2012-09-18 17:50:00,110.228,110.228,110.228,110.228,1
2012-09-18 17:52:00,110.22,110.22,110.22,110.22,1
2012-09-18 18:00:00,110.228,110.228,110.22,110.228,3
2012-09-18 18:01:00,110.22,110.22,110.22,110.22,1
2012-09-18 18:02:00,110.228,110.228,110.228,110.228,1
2012-09-18 18:03:00,110.22,110.22,110.22,110.22,1
2012-09-18 18:04:00,110.228,110.228,110.228,110.228,1
2012-09-18 18:05:00,110.22,110.22,110.22,110.22,1
2012-09-18 18:18:00,110.228,110.228,110.228,110.228,1
2012-09-18 18:19:00,110.22,110.22,110.22,110.22,1
2012-09-18 18:27:00,110.22,110.228,110.22,110.228,6
2012-09-18 18:29:00,110.22,110.228,110.22,110.228,2
2012-09-18 18:31:00,110.22,110.22,110.212,110.212,2
2012-09-18 18:32:00,110.212,110.22,110.212,110.212,3
2012-09-18 18:34:00,110.22,110.22,110.212,110.22,3
2012-09-18 18:35:00,110.22,110.228,110.22,110.228,2
2012-09-18 18:40:00,110.22,110.228,110.22,110.228,4
2012-09-18 18:41:00,110.212,110.228,110.212,110.228,5
2012-09-18 18:42:00,110.212,110.22,110.212,110.22,2
2012-09-18 18:46:00,110.212,110.22,110.212,110.22,2
2012-09-18 18:48:00,110.212,110.22,110.212,110.22,2
2012-09-18 18:49:00,110.212,110.22,110.212,110.22,2
2012-09-18 18:50:00,110.22,110.22,110.212,110.22,5
2012-09-18 18:51:00,110.212,110.22,110.212,110.212,3
2012-09-18 18:52:00,110.22,110.22,110.22,110.22,1
2012-09-18 18:53:00,110.22,110.22,110.212,110.212,2
2012-09-18 18:54:00,110.212,110.212,110.212,110.212,1
2012-09-18 18:55:00,110.22,110.22,110.212,110.22,3
2012-09-18 18:57:00,110.22,110.22,110.212,110.212,2
2012-09-18 18:58:00,110.22,110.22,110.212,110.212,2
2012-09-18 18:59:00,110.212,110.22,110.212,110.212,5
2012-09-18 19:00:00,110.212,110.22,110.212,110.22,6
2012-09-18 19:01:00,110.212,110.22,110.212,110.22,2
2012-09-18 19:02:00,110.22,110.22,110.212,110.22,5
2012-09-18 19:06:00,110.212,110.212,110.212,110.212,1
2012-09-18 19:07:00,110.22,110.22,110.22,110.22,1
2012-09-18 19:10:00,110.22,110.22,110.212,110.212,2
2012-09-18 19:13:00,110.22,110.22,110.212,110.212,2
2012-09-18 19:14:00,110.212,110.212,110.212,110.212,1
2012-09-18 19:17:00,110.212,110.212,110.204,110.204,8
2012-09-18 19:19:00,110.204,110.212,110.204,110.204,3
2012-09-18 19:21:00,110.212,110.212,110.212,110.212,1
2012-09-18 19:24:00,110.212,110.212,110.204,110.204,2
2012-09-18 19:27:00,110.204,110.204,110.204,110.204,1
2012-09-18 19:28:00,110.204,110.212,110.204,110.212,2
2012-09-18 19:30:00,110.212,110.212,110.212,110.212,1
2012-09-18 19:35:00,110.204,110.204,110.204,110.204,1
2012-09-18 19:36:00,110.212,110.212,110.212,110.212,1
2012-09-18 19:40:00,110.204,110.204,110.204,110.204,1
2012-09-18 19:49:00,110.212,110.212,110.212,110.212,1
2012-09-18 19:50:00,110.204,110.204,110.204,110.204,1
2012-09-18 19:58:00,110.204,110.212,110.204,110.212,2
2012-09-18 20:00:00,110.212,110.212,110.212,110.212,1
2012-09-18 20:03:00,110.204,110.204,110.204,110.204,1
2012-09-18 20:06:00,110.212,110.212,110.212,110.212,1
2012-09-18 20:10:00,110.204,110.204,110.204,110.204,1
2012-09-18 20:14:00,110.212,110.212,110.212,110.212,1
2012-09-18 20:15:00,110.204,110.204,110.204,110.204,1
2012-09-18 20:18:00,110.212,110.212,110.212,110.212,1
2012-09-18 20:19:00,110.204,110.204,110.204,110.204,1
2012-09-18 20:23:00,110.212,110.212,110.212,110.212,1
2012-09-18 20:24:00,110.204,110.204,110.204,110.204,1
2012-09-18 20:58:00,110.212,110.212,110.204,110.212,3
2012-09-18 20:59:00,110.204,110.212,110.204,110.204,3
2012-09-18 22:19:00,110.212,110.212,110.212,110.212,1
2012-09-18 23:54:00,110.204,110.204,110.204,110.204,1
2012-09-18 23:59:00,110.212,110.212,110.212,110.212,1
2012-09-19 00:41:00,110.204,110.204,110.204,110.204,1
2012-09-19 00:47:00,110.212,110.212,110.212,110.212,1
2012-09-19 00:55:00,110.204,110.204,110.204,110.204,1
2012-09-19 01:01:00,110.212,110.212,110.212,110.212,1
2012-09-19 02:34:00,110.22,110.22,110.212,110.22,3
2012-09-19 02:35:00,110.212,110.212,110.212,110.212,1
2012-09-19 04:17:00,110.204,110.204,110.204,110.204,1
2012-09-19 04:18:00,110.212,110.212,110.212,110.212,1
2012-09-19 04:27:00,110.204,110.204,110.204,110.204,1
2012-09-19 05:39:00,110.212,110.212,110.212,110.212,1
2012-09-19 05:52:00,110.204,110.204,110.204,110.204,1
2012-09-19 06:00:00,110.204,110.212,110.204,110.212,4
2012-09-19 06:02:00,110.212,110.212,110.212,110.212,1
2012-09-19 06:16:00,110.204,110.204,110.204,110.204,1
2012-09-19 06:28:00,110.212,110.212,110.212,110.212,1
2012-09-19 06:29:00,110.204,110.204,110.204,110.204,1
2012-09-19 06:32:00,110.212,110.212,110.212,110.212,1
2012-09-19 07:00:00,110.204,110.204,110.204,110.204,1
2012-09-19 07:13:00,110.212,110.212,110.212,110.212,1
2012-09-19 07:19:00,110.204,110.204,110.204,110.204,1
2012-09-19 07:21:00,110.212,110.212,110.212,110.212,1
2012-09-19 07:35:00,110.204,110.204,110.204,110.204,1
2012-09-19 07:38:00,110.212,110.212,110.212,110.212,1
2012-09-19 07:41:00,110.204,110.204,110.204,110.204,1
2012-09-19 07:42:00,110.204,110.212,110.204,110.212,2
2012-09-19 07:48:00,110.212,110.212,110.212,110.212,1
2012-09-19 07:50:00,110.204,110.204,110.204,110.204,1
2012-09-19 07:52:00,110.212,110.212,110.212,110.212,1
2012-09-19 08:00:00,110.204,110.212,110.204,110.204,3
2012-09-19 08:03:00,110.212,110.212,110.212,110.212,1
2012-09-19 08:10:00,110.204,110.204,110.204,110.204,1
2012-09-19 08:18:00,110.212,110.212,110.204,110.212,3
2012-09-19 08:19:00,110.204,110.204,110.204,110.204,1
2012-09-19 08:23:00,110.204,110.212,110.204,110.212,2
2012-09-19 08:24:00,110.212,110.212,110.212,110.212,1
2012-09-19 08:30:00,110.204,110.204,110.204,110.204,1
2012-09-19 08:31:00,110.204,110.212,110.204,110.212,2
2012-09-19 08:33:00,110.212,110.212,110.212,110.212,1
2012-09-19 08:36:00,110.204,110.204,110.204,110.204,1
2012-09-19 08:38:00,110.204,110.212,110.204,110.212,2
2012-09-19 08:43:00,110.212,110.212,110.212,110.212,1
2012-09-19 08:47:00,110.204,110.204,110.204,110.204,1
2012-09-19 08:48:00,110.212,110.212,110.212,110.212,1
2012-09-19 08:49:00,110.204,110.204,110.204,110.204,1
2012-09-19 08:53:00,110.212,110.212,110.212,110.212,1
2012-09-19 08:55:00,110.22,110.22,110.22,110.22,1
2012-09-19 08:57:00,110.212,110.212,110.212,110.212,1
2012-09-19 08:58:00,110.22,110.22,110.22,110.22,1
2012-09-19 09:00:00,110.22,110.22,110.212,110.212,2
2012-09-19 09:06:00,110.212,110.212,110.212,110.212,1
2012-09-19 09:07:00,110.22,110.22,110.22,110.22,1
2012-09-19 09:10:00,110.212,110.212,110.212,110.212,1
2012-09-19 09:12:00,110.22,110.22,110.22,110.22,1
2012-09-19 09:34:00,110.212,110.212,110.212,110.212,1
2012-09-19 09:38:00,110.22,110.22,110.22,110.22,1
2012-09-19 09:45:00,110.212,110.212,110.212,110.212,1
2012-09-19 09:48:00,110.22,110.22,110.22,110.22,1
2012-09-19 09:49:00,110.22,110.22,110.212,110.212,2
2012-09-19 10:00:00,110.212,110.22,110.212,110.212,3
2012-09-19 10:03:00,110.22,110.22,110.22,110.22,1
2012-09-19 10:28:00,110.212,110.212,110.212,110.212,1
2012-09-19 10:33:00,110.22,110.22,110.212,110.22,3
2012-09-19 10:40:00,110.212,110.212,110.212,110.212,1
2012-09-19 10:45:00,110.22,110.22,110.22,110.22,1
2012-09-19 10:46:00,110.22,110.22,110.212,110.212,2
2012-09-19 10:50:00,110.212,110.212,110.212,110.212,1
2012-09-19 10:58:00,110.22,110.22,110.22,110.22,1
2012-09-19 11:00:00,110.22,110.22,110.212,110.212,2
2012-09-19 11:01:00,110.212,110.212,110.212,110.212,1
2012-09-19 11:03:00,110.212,110.22,110.212,110.22,2
2012-09-19 11:10:00,110.212,110.22,110.212,110.22,2
2012-09-19 11:18:00,110.212,110.22,110.212,110.22,2
2012-09-19 11:19:00,110.212,110.22,110.212,110.22,4
2012-09-19 11:34:00,110.22,110.22,110.22,110.22,1
2012-09-19 11:35:00,110.212,110.212,110.212,110.212,1
2012-09-19 11:38:00,110.22,110.22,110.22,110.22,1
2012-09-19 11:39:00,110.212,110.212,110.212,110.212,1
2012-09-19 11:56:00,110.212,110.212,110.204,110.204,2
2012-09-19 11:57:00,110.212,110.212,110.204,110.204,2
2012-09-19 11:58:00,110.204,110.204,110.204,110.204,1
2012-09-19 11:59:00,110.212,110.212,110.204,110.212,3
2012-09-19 12:00:00,110.212,110.212,110.204,110.204,4
2012-09-19 12:01:00,110.204,110.204,110.204,110.204,1
2012-09-19 12:03:00,110.204,110.212,110.204,110.212,2
2012-09-19 12:04:00,110.212,110.212,110.212,110.212,1
2012-09-19 12:07:00,110.212,110.22,110.212,110.22,2
2012-09-19 12:10:00,110.212,110.212,110.204,110.204,2
2012-09-19 12:13:00,110.204,110.204,110.204,110.204,1
2012-09-19 12:18:00,110.212,110.212,110.212,110.212,1
2012-09-19 12:19:00,110.204,110.204,110.204,110.204,1
2012-09-19 12:21:00,110.212,110.212,110.204,110.212,3
2012-09-19 12:23:00,110.212,110.212,110.204,110.204,2
2012-09-19 12:24:00,110.212,110.212,110.204,110.204,2
2012-09-19 12:25:00,110.204,110.204,110.204,110.204,1
2012-09-19 12:28:00,110.204,110.212,110.204,110.212,2
2012-09-19 12:31:00,110.212,110.212,110.204,110.212,3
2012-09-19 12:32:00,110.204,110.204,110.204,110.204,1
2012-09-19 12:33:00,110.22,110.22,110.212,110.212,4
2012-09-19 12:34:00,110.212,110.212,110.212,110.212,1
2012-09-19 12:35:00,110.212,110.22,110.212,110.22,2
2012-09-19 12:38:00,110.212,110.22,110.212,110.22,2
2012-09-19 12:46:00,110.204,110.204,110.204,110.204,1
2012-09-19 12:47:00,110.204,110.212,110.204,110.212,2
2012-09-19 12:49:00,110.204,110.212,110.204,110.212,2
2012-09-19 12:51:00,110.204,110.212,110.204,110.212,2
2012-09-19 12:56:00,110.204,110.212,110.204,110.212,2
2012-09-19 12:57:00,110.212,110.212,110.204,110.212,3
2012-09-19 12:58:00,110.212,110.22,110.212,110.22,2
2012-09-19 13:00:00,110.212,110.22,110.212,110.22,2
2012-09-19 13:01:00,110.212,110.22,110.212,110.22,2
2012-09-19 13:05:00,110.212,110.22,110.212,110.22,2
2012-09-19 13:12:00,110.22,110.22,110.22,110.22,1
2012-09-19 13:13:00,110.212,110.212,110.212,110.212,1
2012-09-19 13:15:00,110.212,110.22,110.212,110.22,2
2012-09-19 13:24:00,110.22,110.22,110.212,110.22,3
2012-09-19 13:26:00,110.212,110.212,110.212,110.212,1
2012-09-19 13:29:00,110.22,110.22,110.22,110.22,1
2012-09-19 13:30:00,110.212,110.212,110.212,110.212,1
2012-09-19 13:35:00,110.212,110.22,110.212,110.22,4
2012-09-19 13:37:00,110.22,110.22,110.22,110.22,1
2012-09-19 13:38:00,110.212,110.212,110.212,110.212,1
2012-09-19 13:40:00,110.22,110.22,110.22,110.22,1
2012-09-19 13:41:00,110.212,110.212,110.212,110.212,1
2012-09-19 13:46:00,110.212,110.22,110.212,110.22,2
2012-09-19 13:49:00,110.212,110.22,110.212,110.22,2
2012-09-19 13:51:00,110.212,110.22,110.212,110.22,2
2012-09-19 13:55:00,110.212,110.22,110.212,110.22,2
2012-09-19 13:58:00,110.212,110.22,110.212,110.22,2
2012-09-19 13:59:00,110.22,110.22,110.22,110.22,1
2012-09-19 14:00:00,110.212,110.22,110.212,110.212,9
2012-09-19 14:01:00,110.212,110.22,110.212,110.22,4
2012-09-19 14:06:00,110.212,110.22,110.212,110.22,2
2012-09-19 14:08:00,110.212,110.212,110.204,110.204,4
2012-09-19 14:09:00,110.212,110.212,110.204,110.204,2
2012-09-19 14:10:00,110.212,110.22,110.212,110.22,2
2012-09-19 14:13:00,110.204,110.212,110.204,110.204,3
2012-09-19 14:16:00,110.212,110.212,110.212,110.212,1
2012-09-19 14:18:00,110.212,110.212,110.204,110.204,2
2012-09-19 14:24:00,110.212,110.22,110.212,110.22,2
2012-09-19 14:25:00,110.22,110.22,110.212,110.22,3
2012-09-19 14:26:00,110.212,110.212,110.212,110.212,1
2012-09-19 14:30:00,110.22,110.22,110.22,110.22,1
2012-09-19 14:31:00,110.212,110.212,110.212,110.212,1
2012-09-19 14:38:00,110.212,110.22,110.212,110.22,4
2012-09-19 14:41:00,110.22,110.22,110.22,110.22,1
2012-09-19 14:42:00,110.212,110.212,110.212,110.212,1
2012-09-19 14:47:00,110.212,110.22,110.212,110.22,2
2012-09-19 14:48:00,110.212,110.22,110.212,110.22,2
2012-09-19 14:59:00,110.212,110.212,110.204,110.204,4
2012-09-19 15:00:00,110.204,110.204,110.204,110.204,1
2012-09-19 15:01:00,110.204,110.212,110.204,110.212,2
2012-09-19 15:02:00,110.212,110.212,110.212,110.212,1
2012-09-19 15:03:00,110.204,110.204,110.204,110.204,1
2012-09-19 15:05:00,110.204,110.212,110.204,110.212,2
2012-09-19 15:10:00,110.212,110.212,110.212,110.212,1
2012-09-19 15:11:00,110.204,110.204,110.204,110.204,1
2012-09-19 15:15:00,110.204,110.212,110.204,110.212,2
2012-09-19 15:23:00,110.204,110.212,110.204,110.212,4
2012-09-19 15:24:00,110.204,110.212,110.204,110.212,2
2012-09-19 15:28:00,110.212,110.212,110.212,110.212,1
2012-09-19 15:29:00,110.204,110.212,110.204,110.204,3
2012-09-19 15:34:00,110.204,110.212,110.204,110.212,2
2012-09-19 15:38:00,110.204,110.212,110.204,110.212,2
2012-09-19 15:40:00,110.204,110.212,110.204,110.212,2
2012-09-19 15:42:00,110.204,110.212,110.204,110.212,2
2012-09-19 15:44:00,110.212,110.212,110.212,110.212,1
2012-09-19 15:45:00,110.204,110.204,110.204,110.204,1
2012-09-19 15:46:00,110.204,110.212,110.204,110.212,2
2012-09-19 15:58:00,110.212,110.212,110.212,110.212,1
2012-09-19 16:00:00,110.204,110.204,110.204,110.204,1
2012-09-19 16:05:00,110.204,110.212,110.204,110.212,2
2012-09-19 16:07:00,110.212,110.212,110.212,110.212,1
2012-09-19 16:11:00,110.212,110.212,110.204,110.204,2
2012-09-19 16:12:00,110.204,110.204,110.204,110.204,1
2012-09-19 16:18:00,110.212,110.212,110.212,110.212,1
2012-09-19 16:24:00,110.204,110.204,110.204,110.204,1
2012-09-19 16:38:00,110.212,110.212,110.212,110.212,1
2012-09-19 16:42:00,110.204,110.204,110.204,110.204,1
2012-09-19 16:46:00,110.212,110.212,110.212,110.212,1
2012-09-19 16:53:00,110.204,110.204,110.204,110.204,1
2012-09-19 16:58:00,110.212,110.212,110.212,110.212,1
2012-09-19 16:59:00,110.204,110.204,110.204,110.204,1
2012-09-19 17:00:00,110.212,110.212,110.212,110.212,1
2012-09-19 17:02:00,110.212,110.212,110.204,110.204,2
2012-09-19 17:03:00,110.204,110.212,110.204,110.204,3
2012-09-19 17:14:00,110.204,110.212,110.204,110.212,2
2012-09-19 17:16:00,110.197,110.204,110.197,110.197,3
2012-09-19 17:19:00,110.197,110.204,110.197,110.204,2
2012-09-19 17:22:00,110.197,110.204,110.197,110.204,2
2012-09-19 17:27:00,110.204,110.204,110.197,110.204,3
2012-09-19 17:28:00,110.204,110.204,110.197,110.197,4
2012-09-19 17:29:00,110.197,110.204,110.197,110.197,3
2012-09-19 17:30:00,110.197,110.204,110.197,110.204,4
2012-09-19 17:40:00,110.204,110.204,110.197,110.204,3
2012-09-19 17:41:00,110.197,110.197,110.197,110.197,1
2012-09-19 17:45:00,110.197,110.204,110.197,110.204,2
2012-09-19 18:00:00,110.197,110.204,110.197,110.204,4
2012-09-19 18:02:00,110.204,110.204,110.204,110.204,1
2012-09-19 18:03:00,110.197,110.197,110.197,110.197,1
2012-09-19 18:04:00,110.197,110.204,110.197,110.204,2
2012-09-19 18:15:00,110.197,110.204,110.197,110.204,2
2012-09-19 18:18:00,110.197,110.204,110.197,110.204,2
2012-09-19 18:38:00,110.197,110.204,110.197,110.204,2
2012-09-19 18:40:00,110.197,110.204,110.197,110.204,4
2012-09-19 18:51:00,110.197,110.197,110.189,110.189,8
2012-09-19 18:52:00,110.189,110.197,110.189,110.189,5
2012-09-19 18:54:00,110.189,110.197,110.189,110.197,4
2012-09-19 18:59:00,110.197,110.197,110.189,110.197,17
2012-09-19 19:00:00,110.197,110.197,110.189,110.189,2
2012-09-19 19:01:00,110.197,110.197,110.189,110.189,4
2012-09-19 19:02:00,110.197,110.197,110.189,110.189,2
2012-09-19 19:03:00,110.197,110.197,110.189,110.189,2
2012-09-19 19:04:00,110.189,110.189,110.189,110.189,1
2012-09-19 19:10:00,110.189,110.197,110.189,110.197,4
2012-09-19 19:13:00,110.189,110.197,110.189,110.197,2
2012-09-19 19:14:00,110.197,110.197,110.197,110.197,1
2012-09-19 19:15:00,110.189,110.189,110.189,110.189,1
2012-09-19 19:20:00,110.197,110.197,110.197,110.197,1
2012-09-19 19:31:00,110.189,110.189,110.189,110.189,1
2012-09-19 19:32:00,110.197,110.197,110.197,110.197,1
2012-09-19 19:41:00,110.189,110.189,110.189,110.189,1
2012-09-19 19:44:00,110.197,110.197,110.197,110.197,1
2012-09-19 19:46:00,110.189,110.189,110.189,110.189,1
2012-09-19 19:55:00,110.197,110.197,110.189,110.197,3
2012-09-19 19:56:00,110.189,110.189,110.189,110.189,1
2012-09-19 19:57:00,110.197,110.197,110.197,110.197,1
2012-09-19 19:58:00,110.189,110.189,110.189,110.189,1
2012-09-19 19:59:00,110.189,110.197,110.189,110.197,2
2012-09-19 20:01:00,110.189,110.197,110.189,110.197,2
2012-09-19 20:04:00,110.197,110.204,110.197,110.197,5
2012-09-19 20:11:00,110.204,110.204,110.204,110.204,1
2012-09-19 20:18:00,110.197,110.197,110.197,110.197,1
2012-09-19 20:20:00,110.204,110.204,110.204,110.204,1
2012-09-19 20:26:00,110.197,110.197,110.197,110.197,1
2012-09-19 20:39:00,110.204,110.204,110.204,110.204,1
2012-09-19 20:43:00,110.197,110.197,110.197,110.197,1
2012-09-19 20:47:00,110.204,110.204,110.204,110.204,1
2012-09-19 20:55:00,110.197,110.197,110.197,110.197,1
2012-09-19 20:58:00,110.204,110.204,110.204,110.204,1
2012-09-19 20:59:00,110.204,110.204,110.197,110.197,2
2012-09-19 22:00:00,110.197,110.197,110.197,110.197,1
2012-09-19 22:05:00,110.204,110.204,110.204,110.204,1
2012-09-19 22:45:00,110.197,110.197,110.197,110.197,1
2012-09-19 23:19:00,110.204,110.204,110.204,110.204,1
2012-09-19 23:38:00,110.197,110.197,110.197,110.197,1
2012-09-20 00:05:00,110.204,110.204,110.204,110.204,1
2012-09-20 00:10:00,110.197,110.197,110.197,110.197,1
2012-09-20 00:11:00,110.197,110.204,110.197,110.204,4
2012-09-20 00:14:00,110.204,110.204,110.204,110.204,1
2012-09-20 00:23:00,110.197,110.197,110.197,110.197,1
2012-09-20 00:30:00,110.204,110.204,110.197,110.204,3
2012-09-20 00:44:00,110.197,110.197,110.197,110.197,1
2012-09-20 00:55:00,110.204,110.204,110.204,110.204,1
2012-09-20 01:00:00,110.197,110.197,110.197,110.197,1
2012-09-20 01:44:00,110.204,110.204,110.204,110.204,1
2012-09-20 04:10:00,110.197,110.197,110.197,110.197,1
2012-09-20 04:11:00,110.204,110.204,110.204,110.204,1
2012-09-20 06:00:00,110.204,110.212,110.204,110.212,2
2012-09-20 06:23:00,110.212,110.212,110.204,110.212,3
2012-09-20 06:31:00,110.204,110.204,110.204,110.204,1
2012-09-20 06:48:00,110.212,110.212,110.212,110.212,1
2012-09-20 06:56:00,110.204,110.204,110.204,110.204,1
2012-09-20 06:58:00,110.212,110.212,110.212,110.212,1
2012-09-20 07:00:00,110.204,110.212,110.204,110.204,5
2012-09-20 07:01:00,110.212,110.212,110.212,110.212,1
2012-09-20 07:17:00,110.204,110.212,110.204,110.204,3
2012-09-20 07:21:00,110.204,110.212,110.204,110.212,4
2012-09-20 07:22:00,110.204,110.212,110.204,110.212,2
2012-09-20 07:23:00,110.212,110.212,110.212,110.212,1
2012-09-20 07:24:00,110.204,110.204,110.204,110.204,1
2012-09-20 07:27:00,110.212,110.212,110.212,110.212,1
2012-09-20 07:28:00,110.204,110.204,110.204,110.204,1
2012-09-20 07:30:00,110.212,110.212,110.212,110.212,1
2012-09-20 07:31:00,110.204,110.204,110.204,110.204,1
2012-09-20 07:34:00,110.212,110.212,110.212,110.212,1
2012-09-20 07:41:00,110.212,110.212,110.204,110.204,2
2012-09-20 07:50:00,110.212,110.212,110.204,110.204,6
2012-09-20 07:51:00,110.212,110.212,110.204,110.204,2
2012-09-20 07:58:00,110.204,110.212,110.204,110.204,7
2012-09-20 08:00:00,110.212,110.212,110.212,110.212,1
2012-09-20 08:01:00,110.212,110.22,110.212,110.22,2
2012-09-20 08:02:00,110.212,110.22,110.212,110.22,2
2012-09-20 08:06:00,110.212,110.22,110.212,110.22,2
2012-09-20 08:13:00,110.204,110.204,110.204,110.204,1
2012-09-20 08:18:00,110.212,110.212,110.212,110.212,1
2012-09-20 08:19:00,110.204,110.204,110.204,110.204,1
2012-09-20 08:20:00,110.212,110.212,110.212,110.212,1
2012-09-20 08:24:00,110.204,110.204,110.204,110.204,1
2012-09-20 08:26:00,110.204,110.212,110.204,110.212,2
2012-09-20 08:27:00,110.212,110.212,110.212,110.212,1
2012-09-20 08:33:00,110.204,110.204,110.204,110.204,1
2012-09-20 08:34:00,110.212,110.212,110.212,110.212,1
2012-09-20 08:35:00,110.204,110.204,110.204,110.204,1
2012-09-20 08:38:00,110.212,110.212,110.212,110.212,1
2012-09-20 08:40:00,110.204,110.204,110.204,110.204,1
2012-09-20 08:42:00,110.212,110.212,110.212,110.212,1
2012-09-20 08:44:00,110.204,110.204,110.204,110.204,1
2012-09-20 08:46:00,110.204,110.212,110.204,110.212,2
2012-09-20 08:50:00,110.212,110.212,110.212,110.212,1
2012-09-20 08:53:00,110.212,110.212,110.204,110.204,2
2012-09-20 08:55:00,110.204,110.204,110.204,110.204,1
2012-09-20 08:58:00,110.204,110.212,110.204,110.212,2
2012-09-20 09:02:00,110.204,110.212,110.204,110.212,2
2012-09-20 09:06:00,110.212,110.212,110.212,110.212,1
2012-09-20 09:10:00,110.204,110.204,110.204,110.204,1
2012-09-20 09:12:00,110.212,110.212,110.212,110.212,1
2012-09-20 09:13:00,110.204,110.204,110.204,110.204,1
2012-09-20 09:14:00,110.212,110.212,110.212,110.212,1
2012-09-20 09:19:00,110.204,110.204,110.204,110.204,1
2012-09-20 09:22:00,110.212,110.212,110.212,110.212,1
2012-09-20 09:28:00,110.204,110.204,110.204,110.204,1
2012-09-20 09:30:00,110.212,110.212,110.212,110.212,1
2012-09-20 09:44:00,110.204,110.204,110.204,110.204,1
2012-09-20 09:46:00,110.212,110.212,110.212,110.212,1
2012-09-20 09:47:00,110.204,110.204,110.204,110.204,1
2012-09-20 09:50:00,110.212,110.212,110.212,110.212,1
2012-09-20 09:54:00,110.204,110.204,110.204,110.204,1
2012-09-20 09:58:00,110.204,110.212,110.204,110.212,2
2012-09-20 10:02:00,110.212,110.212,110.212,110.212,1
2012-09-20 10:03:00,110.204,110.204,110.204,110.204,1
2012-09-20 10:06:00,110.204,110.212,110.204,110.212,2
2012-09-20 10:08:00,110.212,110.212,110.212,110.212,1
2012-09-20 10:14:00,110.204,110.204,110.204,110.204,1
2012-09-20 10:18:00,110.212,110.212,110.212,110.212,1
2012-09-20 10:19:00,110.204,110.204,110.204,110.204,1
2012-09-20 10:22:00,110.212,110.212,110.212,110.212,1
2012-09-20 10:24:00,110.204,110.204,110.204,110.204,1
2012-09-20 10:26:00,110.212,110.212,110.212,110.212,1
2012-09-20 10:27:00,110.204,110.212,110.204,110.204,3
2012-09-20 10:38:00,110.212,110.212,110.212,110.212,1
2012-09-20 10:46:00,110.204,110.204,110.204,110.204,1
2012-09-20 10:50:00,110.212,110.212,110.212,110.212,1
2012-09-20 10:54:00,110.204,110.204,110.204,110.204,1
2012-09-20 10:58:00,110.212,110.212,110.212,110.212,1
2012-09-20 11:00:00,110.204,110.204,110.204,110.204,1
2012-09-20 11:02:00,110.212,110.212,110.212,110.212,1
2012-09-20 11:07:00,110.204,110.204,110.204,110.204,1
2012-09-20 11:08:00,110.212,110.212,110.212,110.212,1
2012-09-20 11:10:00,110.204,110.204,110.204,110.204,1
2012-09-20 11:14:00,110.212,110.212,110.212,110.212,1
2012-09-20 11:15:00,110.204,110.204,110.204,110.204,1
2012-09-20 11:19:00,110.204,110.212,110.204,110.212,2
2012-09-20 11:22:00,110.204,110.212,110.204,110.212,2
2012-09-20 11:23:00,110.204,110.212,110.204,110.212,2
2012-09-20 11:28:00,110.212,110.212,110.212,110.212,1
2012-09-20 11:29:00,110.204,110.204,110.204,110.204,1
2012-09-20 11:30:00,110.204,110.212,110.204,110.212,2
2012-09-20 11:32:00,110.212,110.212,110.212,110.212,1
2012-09-20 11:34:00,110.204,110.204,110.204,110.204,1
2012-09-20 11:36:00,110.212,110.212,110.212,110.212,1
2012-09-20 11:37:00,110.204,110.204,110.204,110.204,1
2012-09-20 11:38:00,110.212,110.212,110.212,110.212,1
2012-09-20 11:40:00,110.212,110.212,110.204,110.204,2
2012-09-20 11:43:00,110.212,110.212,110.204,110.204,2
2012-09-20 11:44:00,110.204,110.204,110.204,110.204,1
2012-09-20 11:46:00,110.212,110.212,110.212,110.212,1
2012-09-20 11:47:00,110.204,110.212,110.204,110.204,3
2012-09-20 11:50:00,110.212,110.212,110.212,110.212,1
2012-09-20 11:51:00,110.204,110.204,110.204,110.204,1
2012-09-20 11:54:00,110.212,110.212,110.212,110.212,1
2012-09-20 11:55:00,110.204,110.212,110.204,110.204,3
2012-09-20 11:58:00,110.204,110.212,110.204,110.212,2
2012-09-20 12:00:00,110.212,110.212,110.212,110.212,1
2012-09-20 12:01:00,110.212,110.212,110.204,110.204,2
2012-09-20 12:02:00,110.204,110.204,110.204,110.204,1
2012-09-20 12:04:00,110.212,110.212,110.204,110.212,5
2012-09-20 12:05:00,110.204,110.204,110.204,110.204,1
2012-09-20 12:06:00,110.204,110.212,110.204,110.212,2
2012-09-20 12:10:00,110.204,110.212,110.204,110.212,2
2012-09-20 12:14:00,110.204,110.212,110.204,110.212,2
2012-09-20 12:16:00,110.204,110.212,110.204,110.212,2
2012-09-20 12:18:00,110.204,110.212,110.204,110.212,2
2012-09-20 12:19:00,110.204,110.212,110.204,110.212,2
2012-09-20 12:20:00,110.204,110.212,110.204,110.212,8
2012-09-20 12:21:00,110.212,110.212,110.212,110.212,1
2012-09-20 12:23:00,110.204,110.204,110.204,110.204,1
2012-09-20 12:24:00,110.204,110.212,110.204,110.212,2
2012-09-20 12:25:00,110.204,110.212,110.204,110.212,2
2012-09-20 12:26:00,110.212,110.212,110.212,110.212,1
2012-09-20 12:27:00,110.212,110.212,110.204,110.204,2
2012-09-20 12:29:00,110.204,110.212,110.204,110.204,3
2012-09-20 12:30:00,110.212,110.212,110.204,110.212,3
2012-09-20 12:33:00,110.204,110.212,110.204,110.204,3
2012-09-20 12:34:00,110.212,110.212,110.212,110.212,1
2012-09-20 12:37:00,110.212,110.212,110.204,110.204,4
2012-09-20 12:38:00,110.212,110.212,110.204,110.204,4
2012-09-20 12:39:00,110.212,110.212,110.204,110.204,2
2012-09-20 12:42:00,110.22,110.22,110.212,110.22,3
2012-09-20 12:44:00,110.204,110.212,110.204,110.212,4
2012-09-20 12:45:00,110.212,110.22,110.212,110.212,3
2012-09-20 12:46:00,110.22,110.22,110.22,110.22,1
2012-09-20 12:50:00,110.212,110.212,110.212,110.212,1
2012-09-20 12:51:00,110.22,110.22,110.22,110.22,1
2012-09-20 12:53:00,110.22,110.22,110.212,110.212,2
2012-09-20 12:54:00,110.212,110.212,110.212,110.212,1
2012-09-20 12:55:00,110.22,110.22,110.22,110.22,1
2012-09-20 12:56:00,110.22,110.22,110.212,110.212,2
2012-09-20 12:57:00,110.212,110.212,110.212,110.212,1
2012-09-20 12:58:00,110.212,110.22,110.212,110.22,2
2012-09-20 12:59:00,110.212,110.22,110.212,110.22,2
2012-09-20 13:00:00,110.212,110.22,110.212,110.22,4
2012-09-20 13:01:00,110.212,110.22,110.212,110.22,2
2012-09-20 13:02:00,110.212,110.22,110.212,110.22,2
2012-09-20 13:03:00,110.212,110.22,110.212,110.22,2
2012-09-20 13:04:00,110.22,110.22,110.212,110.22,5
2012-09-20 13:05:00,110.212,110.212,110.212,110.212,1
2012-09-20 13:06:00,110.212,110.22,110.212,110.22,2
2012-09-20 13:07:00,110.212,110.22,110.212,110.22,2
2012-09-20 13:08:00,110.212,110.22,110.212,110.22,6
2012-09-20 13:09:00,110.212,110.22,110.212,110.22,2
2012-09-20 13:10:00,110.212,110.22,110.212,110.22,2
2012-09-20 13:11:00,110.212,110.22,110.212,110.22,2
2012-09-20 13:12:00,110.212,110.22,110.212,110.22,2
2012-09-20 13:13:00,110.212,110.22,110.212,110.22,2
2012-09-20 13:14:00,110.212,110.22,110.212,110.22,4
2012-09-20 13:15:00,110.22,110.22,110.22,110.22,1
2012-09-20 13:16:00,110.212,110.212,110.212,110.212,1
2012-09-20 13:17:00,110.212,110.22,110.212,110.22,2
2012-09-20 13:18:00,110.22,110.22,110.212,110.22,3
2012-09-20 13:19:00,110.212,110.212,110.212,110.212,1
2012-09-20 13:20:00,110.212,110.22,110.212,110.22,2
2012-09-20 13:22:00,110.212,110.22,110.212,110.22,2
2012-09-20 13:26:00,110.212,110.22,110.212,110.22,2
2012-09-20 13:30:00,110.22,110.22,110.22,110.22,1
2012-09-20 13:31:00,110.22,110.22,110.212,110.212,4
2012-09-20 13:32:00,110.212,110.212,110.212,110.212,1
2012-09-20 13:34:00,110.22,110.22,110.22,110.22,1
2012-09-20 13:35:00,110.22,110.22,110.212,110.212,2
2012-09-20 13:36:00,110.212,110.212,110.212,110.212,1
2012-09-20 13:38:00,110.212,110.22,110.212,110.22,2
2012-09-20 13:42:00,110.212,110.22,110.212,110.22,2
2012-09-20 13:47:00,110.212,110.22,110.212,110.22,4
2012-09-20 13:48:00,110.22,110.22,110.212,110.22,3
2012-09-20 13:49:00,110.212,110.212,110.212,110.212,1
2012-09-20 13:50:00,110.22,110.22,110.22,110.22,1
2012-09-20 13:51:00,110.22,110.22,110.212,110.212,2
2012-09-20 13:52:00,110.212,110.212,110.212,110.212,1
2012-09-20 13:54:00,110.212,110.22,110.212,110.22,2
2012-09-20 13:55:00,110.22,110.22,110.22,110.22,1
2012-09-20 13:56:00,110.212,110.212,110.212,110.212,1
2012-09-20 13:58:00,110.22,110.22,110.22,110.22,1
2012-09-20 13:59:00,110.212,110.22,110.212,110.212,3
2012-09-20 14:00:00,110.22,110.22,110.212,110.22,3
2012-09-20 14:01:00,110.212,110.212,110.212,110.212,1
2012-09-20 14:02:00,110.212,110.22,110.212,110.22,2
2012-09-20 14:06:00,110.212,110.22,110.212,110.22,2
2012-09-20 14:07:00,110.204,110.212,110.204,110.204,3
2012-09-20 14:10:00,110.204,110.212,110.204,110.212,2
2012-09-20 14:12:00,110.212,110.212,110.212,110.212,1
2012-09-20 14:13:00,110.204,110.204,110.204,110.204,1
2012-09-20 14:14:00,110.204,110.212,110.204,110.212,2
2012-09-20 14:16:00,110.212,110.212,110.204,110.212,3
2012-09-20 14:17:00,110.204,110.204,110.204,110.204,1
2012-09-20 14:18:00,110.204,110.212,110.204,110.212,2
2012-09-20 14:22:00,110.204,110.212,110.204,110.212,2
2012-09-20 14:24:00,110.212,110.212,110.204,110.212,3
2012-09-20 14:32:00,110.212,110.212,110.204,110.204,4
2012-09-20 14:38:00,110.204,110.204,110.204,110.204,1
2012-09-20 14:39:00,110.204,110.212,110.204,110.212,2
2012-09-20 14:42:00,110.204,110.212,110.204,110.212,2
2012-09-20 14:46:00,110.204,110.212,110.204,110.212,2
2012-09-20 14:50:00,110.204,110.212,110.204,110.212,2
2012-09-20 14:57:00,110.204,110.204,110.197,110.197,8
2012-09-20 14:58:00,110.197,110.197,110.197,110.197,1
2012-09-20 14:59:00,110.204,110.204,110.197,110.204,3
2012-09-20 15:00:00,110.197,110.204,110.197,110.197,5
2012-09-20 15:02:00,110.197,110.204,110.197,110.204,6
2012-09-20 15:03:00,110.197,110.204,110.197,110.204,2
2012-09-20 15:05:00,110.197,110.204,110.197,110.204,2
2012-09-20 15:06:00,110.197,110.204,110.197,110.204,2
2012-09-20 15:10:00,110.197,110.204,110.197,110.204,4
2012-09-20 15:14:00,110.197,110.204,110.197,110.204,4
2012-09-20 15:15:00,110.197,110.204,110.197,110.204,2
2012-09-20 15:18:00,110.197,110.204,110.197,110.204,4
2012-09-20 15:19:00,110.197,110.204,110.197,110.204,2
2012-09-20 15:20:00,110.197,110.204,110.197,110.204,2
2012-09-20 15:26:00,110.197,110.204,110.197,110.204,2
2012-09-20 15:27:00,110.204,110.204,110.204,110.204,1
2012-09-20 15:29:00,110.197,110.197,110.197,110.197,1
2012-09-20 15:30:00,110.204,110.204,110.204,110.204,1
2012-09-20 15:31:00,110.204,110.204,110.197,110.197,2
2012-09-20 15:32:00,110.197,110.197,110.197,110.197,1
2012-09-20 15:34:00,110.204,110.204,110.204,110.204,1
2012-09-20 15:35:00,110.197,110.197,110.197,110.197,1
2012-09-20 15:38:00,110.204,110.204,110.204,110.204,1
2012-09-20 15:43:00,110.197,110.197,110.197,110.197,1
2012-09-20 15:46:00,110.197,110.204,110.197,110.204,2
2012-09-20 15:47:00,110.204,110.204,110.204,110.204,1
2012-09-20 15:51:00,110.197,110.197,110.197,110.197,1
2012-09-20 15:52:00,110.204,110.204,110.204,110.204,1
2012-09-20 15:56:00,110.197,110.204,110.197,110.197,3
2012-09-20 15:58:00,110.197,110.204,110.197,110.204,2
2012-09-20 16:01:00,110.204,110.204,110.204,110.204,1
2012-09-20 16:03:00,110.204,110.204,110.197,110.197,2
2012-09-20 16:04:00,110.197,110.197,110.197,110.197,1
2012-09-20 16:06:00,110.204,110.204,110.204,110.204,1
2012-09-20 16:07:00,110.197,110.197,110.197,110.197,1
2012-09-20 16:10:00,110.204,110.204,110.204,110.204,1
2012-09-20 16:40:00,110.204,110.204,110.197,110.197,4
2012-09-20 16:41:00,110.197,110.197,110.197,110.197,1
2012-09-20 16:42:00,110.204,110.204,110.204,110.204,1
2012-09-20 16:48:00,110.197,110.197,110.197,110.197,1
2012-09-20 16:49:00,110.204,110.204,110.204,110.204,1
2012-09-20 16:51:00,110.204,110.204,110.197,110.197,4
2012-09-20 17:00:00,110.197,110.197,110.197,110.197,1
2012-09-20 17:01:00,110.197,110.204,110.197,110.204,4
2012-09-20 17:04:00,110.204,110.204,110.197,110.204,3
2012-09-20 17:11:00,110.197,110.197,110.197,110.197,1
2012-09-20 17:12:00,110.197,110.204,110.197,110.204,2
2012-09-20 17:17:00,110.197,110.204,110.197,110.204,2
2012-09-20 17:20:00,110.204,110.204,110.197,110.204,3
2012-09-20 17:22:00,110.197,110.197,110.197,110.197,1
2012-09-20 17:25:00,110.204,110.204,110.204,110.204,1
2012-09-20 17:26:00,110.197,110.197,110.197,110.197,1
2012-09-20 17:32:00,110.197,110.204,110.197,110.204,2
2012-09-20 17:46:00,110.197,110.205,110.197,110.205,2
2012-09-20 17:49:00,110.205,110.205,110.197,110.205,3
2012-09-20 17:50:00,110.205,110.205,110.197,110.197,4
2012-09-20 17:52:00,110.197,110.197,110.197,110.197,1
2012-09-20 17:57:00,110.197,110.197,110.189,110.189,2
2012-09-20 18:00:00,110.197,110.205,110.197,110.205,4
2012-09-20 18:01:00,110.205,110.205,110.205,110.205,1
2012-09-20 18:02:00,110.197,110.197,110.197,110.197,1
2012-09-20 18:07:00,110.189,110.189,110.189,110.189,1
2012-09-20 18:08:00,110.189,110.197,110.189,110.197,2
2012-09-20 18:09:00,110.189,110.197,110.189,110.197,2
2012-09-20 18:10:00,110.197,110.197,110.197,110.197,1
2012-09-20 18:14:00,110.189,110.189,110.189,110.189,1
2012-09-20 18:15:00,110.197,110.197,110.197,110.197,1
2012-09-20 18:30:00,110.197,110.197,110.189,110.189,2
2012-09-20 18:42:00,110.205,110.205,110.205,110.205,1
2012-09-20 18:44:00,110.197,110.197,110.197,110.197,1
2012-09-20 18:47:00,110.205,110.205,110.205,110.205,1
2012-09-20 18:49:00,110.197,110.197,110.197,110.197,1
2012-09-20 18:50:00,110.205,110.205,110.205,110.205,1
2012-09-20 18:58:00,110.197,110.205,110.197,110.197,11
2012-09-20 18:59:00,110.205,110.205,110.197,110.205,11
2012-09-20 19:00:00,110.205,110.205,110.197,110.197,8
2012-09-20 19:01:00,110.197,110.205,110.197,110.197,9
2012-09-20 19:02:00,110.205,110.205,110.197,110.205,7
2012-09-20 19:03:00,110.197,110.205,110.197,110.197,3
2012-09-20 19:07:00,110.189,110.197,110.189,110.189,3
2012-09-20 19:15:00,110.197,110.197,110.197,110.197,1
2012-09-20 19:18:00,110.189,110.189,110.189,110.189,1
2012-09-20 19:20:00,110.197,110.197,110.197,110.197,1
2012-09-20 19:46:00,110.189,110.189,110.189,110.189,1
2012-09-20 19:49:00,110.197,110.197,110.197,110.197,1
2012-09-20 19:50:00,110.197,110.197,110.189,110.189,2
2012-09-20 19:52:00,110.197,110.197,110.189,110.189,2
2012-09-20 19:59:00,110.189,110.189,110.189,110.189,1
2012-09-20 20:00:00,110.197,110.197,110.189,110.197,3
2012-09-20 20:14:00,110.189,110.189,110.189,110.189,1
2012-09-20 20:20:00,110.197,110.197,110.189,110.197,3
2012-09-20 20:21:00,110.189,110.189,110.189,110.189,1
2012-09-20 20:23:00,110.197,110.197,110.197,110.197,1
2012-09-20 20:28:00,110.189,110.189,110.189,110.189,1
2012-09-20 20:30:00,110.197,110.197,110.197,110.197,1
2012-09-20 20:37:00,110.189,110.189,110.189,110.189,1
2012-09-20 20:39:00,110.197,110.197,110.197,110.197,1
2012-09-20 20:45:00,110.189,110.189,110.189,110.189,1
2012-09-20 20:50:00,110.197,110.197,110.197,110.197,1
2012-09-20 20:52:00,110.197,110.197,110.189,110.189,2
2012-09-20 20:55:00,110.189,110.189,110.189,110.189,1
2012-09-20 20:58:00,110.197,110.197,110.189,110.197,7
2012-09-20 20:59:00,110.189,110.197,110.189,110.189,7
2012-09-20 22:00:00,110.197,110.197,110.197,110.197,1
2012-09-20 23:19:00,110.189,110.189,110.189,110.189,1
2012-09-21 00:45:00,110.197,110.197,110.197,110.197,1
2012-09-21 00:55:00,110.189,110.189,110.189,110.189,1
2012-09-21 01:26:00,110.197,110.197,110.197,110.197,1
2012-09-21 02:47:00,110.189,110.189,110.189,110.189,1
2012-09-21 03:17:00,110.197,110.197,110.197,110.197,1
2012-09-21 05:26:00,110.189,110.189,110.189,110.189,1
2012-09-21 05:45:00,110.197,110.197,110.197,110.197,1
2012-09-21 06:14:00,110.189,110.189,110.189,110.189,1
2012-09-21 06:18:00,110.197,110.197,110.197,110.197,1
2012-09-21 07:00:00,110.197,110.197,110.189,110.189,2
2012-09-21 07:02:00,110.189,110.189,110.189,110.189,1
2012-09-21 07:05:00,110.197,110.197,110.197,110.197,1
2012-09-21 07:11:00,110.189,110.189,110.189,110.189,1
2012-09-21 07:17:00,110.197,110.197,110.189,110.197,3
2012-09-21 07:18:00,110.189,110.189,110.189,110.189,1
2012-09-21 07:31:00,110.197,110.197,110.197,110.197,1
2012-09-21 07:33:00,110.189,110.189,110.189,110.189,1
2012-09-21 07:36:00,110.197,110.197,110.197,110.197,1
2012-09-21 07:38:00,110.189,110.197,110.189,110.189,3
2012-09-21 07:43:00,110.197,110.197,110.197,110.197,1
2012-09-21 07:55:00,110.189,110.189,110.189,110.189,1
2012-09-21 07:56:00,110.197,110.197,110.197,110.197,1
2012-09-21 08:00:00,110.189,110.197,110.189,110.189,3
2012-09-21 08:03:00,110.197,110.197,110.197,110.197,1
2012-09-21 08:24:00,110.205,110.205,110.205,110.205,1
2012-09-21 08:26:00,110.205,110.205,110.197,110.197,2
2012-09-21 08:33:00,110.205,110.205,110.197,110.197,2
2012-09-21 08:34:00,110.197,110.197,110.197,110.197,1
2012-09-21 08:41:00,110.205,110.205,110.197,110.205,3
2012-09-21 08:42:00,110.197,110.197,110.197,110.197,1
2012-09-21 08:48:00,110.205,110.205,110.205,110.205,1
2012-09-21 08:49:00,110.197,110.197,110.197,110.197,1
2012-09-21 08:53:00,110.197,110.197,110.189,110.189,2
2012-09-21 09:02:00,110.197,110.205,110.197,110.205,2
2012-09-21 09:17:00,110.205,110.205,110.205,110.205,1
2012-09-21 09:18:00,110.197,110.197,110.197,110.197,1
2012-09-21 09:19:00,110.205,110.205,110.205,110.205,1
2012-09-21 09:20:00,110.197,110.197,110.197,110.197,1
2012-09-21 09:45:00,110.205,110.205,110.205,110.205,1
2012-09-21 09:46:00,110.197,110.197,110.197,110.197,1
2012-09-21 10:00:00,110.197,110.197,110.189,110.189,4
2012-09-21 10:02:00,110.197,110.197,110.189,110.189,2
2012-09-21 10:19:00,110.205,110.205,110.205,110.205,1
2012-09-21 10:22:00,110.197,110.197,110.197,110.197,1
2012-09-21 10:31:00,110.205,110.205,110.205,110.205,1
2012-09-21 10:34:00,110.197,110.197,110.197,110.197,1
2012-09-21 10:59:00,110.205,110.205,110.205,110.205,1
2012-09-21 11:00:00,110.205,110.205,110.197,110.197,2
2012-09-21 11:19:00,110.205,110.212,110.205,110.212,4
2012-09-21 11:21:00,110.212,110.212,110.212,110.212,1
2012-09-21 11:22:00,110.212,110.212,110.205,110.205,2
2012-09-21 11:25:00,110.205,110.212,110.205,110.205,3
2012-09-21 11:33:00,110.205,110.205,110.197,110.197,6
2012-09-21 11:35:00,110.197,110.197,110.197,110.197,1
2012-09-21 11:36:00,110.205,110.205,110.205,110.205,1
2012-09-21 11:38:00,110.197,110.197,110.197,110.197,1
2012-09-21 11:45:00,110.205,110.205,110.205,110.205,1
2012-09-21 11:46:00,110.197,110.197,110.197,110.197,1
2012-09-21 11:49:00,110.205,110.205,110.205,110.205,1
2012-09-21 12:02:00,110.197,110.197,110.197,110.197,1
2012-09-21 12:07:00,110.205,110.205,110.205,110.205,1
2012-09-21 12:08:00,110.197,110.197,110.197,110.197,1
2012-09-21 12:25:00,110.197,110.205,110.197,110.205,2
2012-09-21 12:27:00,110.197,110.205,110.197,110.205,2
2012-09-21 12:32:00,110.197,110.205,110.197,110.205,2
2012-09-21 12:33:00,110.197,110.205,110.197,110.205,2
2012-09-21 12:36:00,110.197,110.205,110.197,110.205,2
2012-09-21 12:44:00,110.197,110.205,110.197,110.205,2
2012-09-21 12:45:00,110.197,110.205,110.197,110.205,2
2012-09-21 12:54:00,110.189,110.197,110.189,110.189,3
2012-09-21 12:58:00,110.189,110.197,110.189,110.197,4
2012-09-21 12:59:00,110.189,110.197,110.189,110.197,2
2012-09-21 13:00:00,110.189,110.197,110.189,110.197,8
2012-09-21 13:02:00,110.189,110.197,110.189,110.197,2
2012-09-21 13:05:00,110.189,110.197,110.189,110.197,6
2012-09-21 13:07:00,110.189,110.197,110.189,110.197,2
2012-09-21 13:14:00,110.189,110.197,110.189,110.197,4
2012-09-21 13:15:00,110.189,110.197,110.189,110.197,2
2012-09-21 13:16:00,110.197,110.197,110.197,110.197,1
2012-09-21 13:17:00,110.189,110.197,110.189,110.189,3
2012-09-21 13:18:00,110.189,110.197,110.189,110.197,4
2012-09-21 13:19:00,110.189,110.197,110.189,110.197,2
2012-09-21 13:22:00,110.197,110.197,110.189,110.197,3
2012-09-21 13:23:00,110.189,110.197,110.189,110.189,3
2012-09-21 13:28:00,110.189,110.197,110.189,110.197,4
2012-09-21 13:32:00,110.189,110.197,110.189,110.197,8
2012-09-21 13:35:00,110.189,110.189,110.181,110.181,6
2012-09-21 13:36:00,110.181,110.189,110.181,110.181,5
2012-09-21 13:37:00,110.181,110.189,110.181,110.189,4
2012-09-21 13:39:00,110.181,110.189,110.181,110.189,2
2012-09-21 13:40:00,110.181,110.189,110.181,110.189,4
2012-09-21 13:41:00,110.181,110.189,110.181,110.189,2
2012-09-21 13:42:00,110.181,110.189,110.181,110.189,8
2012-09-21 13:43:00,110.189,110.189,110.181,110.189,3
2012-09-21 13:45:00,110.189,110.197,110.189,110.197,4
2012-09-21 13:48:00,110.189,110.197,110.189,110.197,2
2012-09-21 13:55:00,110.197,110.197,110.197,110.197,1
2012-09-21 13:56:00,110.189,110.189,110.189,110.189,1
2012-09-21 13:59:00,110.197,110.197,110.189,110.197,5
2012-09-21 14:00:00,110.189,110.189,110.189,110.189,1
2012-09-21 14:02:00,110.189,110.197,110.189,110.197,2
2012-09-21 14:04:00,110.197,110.197,110.189,110.197,3
2012-09-21 14:05:00,110.189,110.189,110.189,110.189,1
2012-09-21 14:07:00,110.189,110.197,110.189,110.197,2
2012-09-21 14:08:00,110.189,110.197,110.189,110.197,2
2012-09-21 14:10:00,110.189,110.197,110.189,110.197,2
2012-09-21 14:18:00,110.189,110.197,110.189,110.197,4
2012-09-21 14:20:00,110.197,110.197,110.189,110.197,5
2012-09-21 14:21:00,110.189,110.189,110.189,110.189,1
2012-09-21 14:26:00,110.189,110.197,110.189,110.197,4
2012-09-21 14:28:00,110.189,110.197,110.189,110.197,2
2012-09-21 14:39:00,110.189,110.197,110.189,110.197,2
2012-09-21 14:45:00,110.189,110.197,110.189,110.197,4
2012-09-21 14:53:00,110.189,110.197,110.189,110.197,2
2012-09-21 14:57:00,110.189,110.197,110.189,110.197,4
2012-09-21 14:59:00,110.189,110.197,110.189,110.197,2
2012-09-21 15:00:00,110.189,110.197,110.189,110.197,2
2012-09-21 15:05:00,110.189,110.197,110.189,110.197,2
2012-09-21 15:09:00,110.197,110.197,110.189,110.197,3
2012-09-21 15:10:00,110.189,110.189,110.189,110.189,1
2012-09-21 15:12:00,110.189,110.197,110.189,110.197,6
2012-09-21 15:13:00,110.189,110.197,110.189,110.197,2
2012-09-21 15:14:00,110.189,110.197,110.189,110.197,6
2012-09-21 15:15:00,110.197,110.197,110.189,110.197,9
2012-09-21 15:16:00,110.189,110.189,110.189,110.189,1
2012-09-21 15:18:00,110.189,110.197,110.189,110.197,2
2012-09-21 15:19:00,110.197,110.197,110.197,110.197,1
2012-09-21 15:20:00,110.189,110.189,110.189,110.189,1
2012-09-21 15:24:00,110.197,110.197,110.189,110.197,3
2012-09-21 15:25:00,110.189,110.197,110.189,110.189,5
2012-09-21 15:26:00,110.189,110.197,110.189,110.197,2
2012-09-21 15:29:00,110.197,110.197,110.197,110.197,1
2012-09-21 15:30:00,110.189,110.189,110.189,110.189,1
2012-09-21 15:33:00,110.189,110.197,110.189,110.197,2
2012-09-21 15:35:00,110.197,110.197,110.189,110.197,3
2012-09-21 15:36:00,110.189,110.189,110.189,110.189,1
2012-09-21 15:37:00,110.197,110.197,110.197,110.197,1
2012-09-21 15:38:00,110.189,110.189,110.189,110.189,1
2012-09-21 15:43:00,110.189,110.197,110.189,110.197,2
2012-09-21 15:44:00,110.189,110.197,110.189,110.197,2
2012-09-21 15:45:00,110.189,110.197,110.189,110.197,6
2012-09-21 15:50:00,110.189,110.197,110.189,110.197,2
2012-09-21 15:52:00,110.189,110.197,110.189,110.197,2
2012-09-21 15:57:00,110.189,110.197,110.189,110.197,4
2012-09-21 16:00:00,110.189,110.197,110.189,110.197,4
2012-09-21 16:01:00,110.189,110.197,110.189,110.197,2
2012-09-21 16:03:00,110.197,110.197,110.197,110.197,1
2012-09-21 16:04:00,110.189,110.189,110.189,110.189,1
2012-09-21 16:08:00,110.197,110.197,110.189,110.197,3
2012-09-21 16:09:00,110.189,110.189,110.189,110.189,1
2012-09-21 16:18:00,110.189,110.197,110.189,110.197,2
2012-09-21 16:30:00,110.197,110.197,110.189,110.197,3
2012-09-21 16:31:00,110.189,110.197,110.189,110.189,3
2012-09-21 16:32:00,110.189,110.197,110.189,110.197,2
2012-09-21 16:36:00,110.189,110.197,110.189,110.197,2
2012-09-21 16:38:00,110.189,110.197,110.189,110.197,2
2012-09-21 16:39:00,110.197,110.197,110.189,110.197,3
2012-09-21 16:40:00,110.189,110.189,110.189,110.189,1
2012-09-21 16:41:00,110.189,110.197,110.189,110.197,4
2012-09-21 16:43:00,110.197,110.197,110.197,110.197,1
2012-09-21 16:44:00,110.189,110.197,110.189,110.189,3
2012-09-21 16:45:00,110.189,110.197,110.189,110.197,2
2012-09-21 16:56:00,110.197,110.197,110.197,110.197,1
2012-09-21 16:57:00,110.189,110.189,110.189,110.189,1
2012-09-21 17:01:00,110.197,110.197,110.197,110.197,1
2012-09-21 17:02:00,110.197,110.197,110.189,110.189,2
2012-09-21 17:03:00,110.189,110.189,110.189,110.189,1
2012-09-21 17:04:00,110.189,110.197,110.189,110.197,2
2012-09-21 17:09:00,110.197,110.197,110.189,110.197,5
2012-09-21 17:10:00,110.189,110.197,110.189,110.189,3
2012-09-21 17:11:00,110.189,110.197,110.189,110.197,4
2012-09-21 17:21:00,110.197,110.197,110.197,110.197,1
2012-09-21 17:22:00,110.189,110.189,110.189,110.189,1
2012-09-21 17:25:00,110.189,110.197,110.189,110.197,4
2012-09-21 17:26:00,110.189,110.197,110.189,110.197,2
2012-09-21 17:27:00,110.197,110.197,110.189,110.197,5
2012-09-21 17:28:00,110.197,110.197,110.189,110.189,2
2012-09-21 17:29:00,110.189,110.189,110.189,110.189,1
2012-09-21 17:32:00,110.189,110.197,110.189,110.197,2
2012-09-21 17:33:00,110.197,110.197,110.189,110.197,3
2012-09-21 17:34:00,110.189,110.189,110.189,110.189,1
2012-09-21 17:35:00,110.197,110.197,110.189,110.197,3
2012-09-21 17:36:00,110.189,110.197,110.189,110.189,3
2012-09-21 17:37:00,110.189,110.197,110.189,110.197,2
2012-09-21 17:40:00,110.189,110.197,110.189,110.197,2
2012-09-21 17:44:00,110.189,110.197,110.189,110.197,4
2012-09-21 17:46:00,110.189,110.197,110.189,110.197,2
2012-09-21 17:51:00,110.189,110.197,110.189,110.197,2
2012-09-21 17:55:00,110.189,110.197,110.189,110.197,2
2012-09-21 17:58:00,110.189,110.197,110.189,110.197,2
2012-09-21 17:59:00,110.189,110.197,110.189,110.197,2
2012-09-21 18:00:00,110.189,110.197,110.189,110.197,2
2012-09-21 18:01:00,110.189,110.197,110.189,110.197,2
2012-09-21 18:03:00,110.197,110.197,110.197,110.197,1
2012-09-21 18:04:00,110.189,110.189,110.189,110.189,1
2012-09-21 18:14:00,110.189,110.197,110.189,110.197,4
2012-09-21 18:15:00,110.189,110.197,110.189,110.197,2
2012-09-21 18:18:00,110.197,110.197,110.189,110.197,3
2012-09-21 18:19:00,110.197,110.197,110.189,110.189,2
2012-09-21 18:20:00,110.197,110.197,110.189,110.189,4
2012-09-21 18:21:00,110.189,110.189,110.189,110.189,1
2012-09-21 18:29:00,110.189,110.197,110.189,110.197,2
2012-09-21 18:31:00,110.189,110.197,110.189,110.197,2
2012-09-21 18:38:00,110.189,110.197,110.189,110.197,4
2012-09-21 18:45:00,110.189,110.197,110.189,110.197,4
2012-09-21 18:48:00,110.197,110.197,110.189,110.197,3
2012-09-21 18:49:00,110.189,110.197,110.189,110.189,3
2012-09-21 18:50:00,110.189,110.197,110.189,110.197,2
2012-09-21 18:53:00,110.189,110.197,110.189,110.197,2
2012-09-21 18:59:00,110.189,110.197,110.189,110.197,10
2012-09-21 19:00:00,110.197,110.197,110.189,110.197,3
2012-09-21 19:01:00,110.197,110.197,110.189,110.189,4
2012-09-21 19:02:00,110.197,110.197,110.189,110.189,4
2012-09-21 19:05:00,110.197,110.197,110.189,110.189,2
2012-09-21 19:08:00,110.189,110.189,110.189,110.189,1
2012-09-21 19:09:00,110.197,110.197,110.197,110.197,1
2012-09-21 19:10:00,110.197,110.197,110.189,110.189,2
2012-09-21 19:15:00,110.189,110.189,110.189,110.189,1
2012-09-21 19:16:00,110.197,110.197,110.197,110.197,1
2012-09-21 19:17:00,110.189,110.189,110.189,110.189,1
2012-09-21 19:18:00,110.197,110.197,110.189,110.197,3
2012-09-21 19:22:00,110.189,110.189,110.189,110.189,1
2012-09-21 19:24:00,110.197,110.197,110.197,110.197,1
2012-09-21 19:26:00,110.189,110.189,110.189,110.189,1
2012-09-21 19:33:00,110.197,110.197,110.197,110.197,1
2012-09-21 19:36:00,110.189,110.189,110.189,110.189,1
2012-09-21 19:38:00,110.197,110.197,110.197,110.197,1
2012-09-21 19:40:00,110.189,110.197,110.189,110.189,3
2012-09-21 19:43:00,110.197,110.197,110.189,110.197,3
2012-09-21 19:45:00,110.189,110.189,110.189,110.189,1
2012-09-21 19:46:00,110.189,110.197,110.189,110.197,6
2012-09-21 19:48:00,110.189,110.197,110.189,110.197,2
2012-09-21 19:50:00,110.197,110.197,110.197,110.197,1
2012-09-21 19:51:00,110.197,110.197,110.189,110.189,4
2012-09-21 19:53:00,110.189,110.189,110.189,110.189,1
2012-09-21 19:54:00,110.197,110.197,110.197,110.197,1
2012-09-21 19:58:00,110.197,110.197,110.189,110.189,2
2012-09-21 19:59:00,110.189,110.197,110.189,110.189,3
2012-09-21 20:00:00,110.189,110.197,110.189,110.197,2
2012-09-21 20:01:00,110.197,110.197,110.197,110.197,1
2012-09-21 20:02:00,110.189,110.189,110.189,110.189,1
2012-09-21 20:10:00,110.197,110.197,110.197,110.197,1
2012-09-21 20:11:00,110.197,110.197,110.189,110.189,2
2012-09-21 20:13:00,110.189,110.189,110.189,110.189,1
2012-09-21 20:18:00,110.197,110.197,110.197,110.197,1
2012-09-21 20:29:00,110.189,110.189,110.189,110.189,1
2012-09-21 20:30:00,110.197,110.197,110.189,110.197,3
2012-09-21 20:32:00,110.189,110.189,110.189,110.189,1
2012-09-21 20:48:00,110.189,110.197,110.189,110.197,8
2012-09-21 20:49:00,110.197,110.197,110.197,110.197,1
2012-09-21 20:50:00,110.189,110.189,110.189,110.189,1
2012-09-21 20:54:00,110.197,110.197,110.197,110.197,1
2012-09-21 20:59:00,110.197,110.197,110.189,110.189,10
2012-09-23 22:00:00,110.197,110.197,110.189,110.189,2
2012-09-23 22:06:00,110.189,110.189,110.189,110.189,1
2012-09-23 23:52:00,110.197,110.197,110.197,110.197,1
2012-09-24 00:11:00,110.189,110.189,110.189,110.189,1
2012-09-24 01:03:00,110.197,110.197,110.197,110.197,1
2012-09-24 01:48:00,110.189,110.189,110.189,110.189,1
2012-09-24 03:19:00,110.197,110.197,110.197,110.197,1
2012-09-24 03:58:00,110.189,110.189,110.189,110.189,1
2012-09-24 04:55:00,110.197,110.197,110.197,110.197,1
2012-09-24 05:46:00,110.189,110.189,110.189,110.189,1
2012-09-24 05:47:00,110.197,110.197,110.197,110.197,1
2012-09-24 06:00:00,110.197,110.197,110.189,110.189,2
2012-09-24 06:16:00,110.197,110.205,110.197,110.205,4
2012-09-24 06:44:00,110.205,110.205,110.205,110.205,1
2012-09-24 06:45:00,110.197,110.197,110.197,110.197,1
2012-09-24 06:47:00,110.197,110.197,110.189,110.189,2
2012-09-24 06:54:00,110.189,110.189,110.189,110.189,1
2012-09-24 06:58:00,110.197,110.197,110.197,110.197,1
2012-09-24 07:00:00,110.197,110.197,110.189,110.189,2
2012-09-24 07:05:00,110.189,110.189,110.189,110.189,1
2012-09-24 07:09:00,110.197,110.197,110.197,110.197,1
2012-09-24 07:14:00,110.189,110.189,110.189,110.189,1
2012-09-24 07:15:00,110.197,110.197,110.197,110.197,1
2012-09-24 07:50:00,110.189,110.189,110.189,110.189,1
2012-09-24 08:00:00,110.197,110.197,110.197,110.197,1
2012-09-24 08:13:00,110.205,110.205,110.205,110.205,1
2012-09-24 08:15:00,110.197,110.197,110.197,110.197,1
2012-09-24 08:17:00,110.205,110.205,110.205,110.205,1
2012-09-24 08:18:00,110.197,110.197,110.197,110.197,1
2012-09-24 08:19:00,110.205,110.205,110.205,110.205,1
2012-09-24 08:20:00,110.197,110.197,110.197,110.197,1
2012-09-24 08:29:00,110.205,110.205,110.205,110.205,1
2012-09-24 08:41:00,110.197,110.197,110.197,110.197,1
2012-09-24 08:46:00,110.205,110.205,110.205,110.205,1
2012-09-24 08:49:00,110.197,110.197,110.197,110.197,1
2012-09-24 08:57:00,110.205,110.205,110.205,110.205,1
2012-09-24 09:00:00,110.197,110.197,110.197,110.197,1
2012-09-24 09:03:00,110.205,110.205,110.205,110.205,1
2012-09-24 09:21:00,110.213,110.213,110.213,110.213,1
2012-09-24 09:23:00,110.205,110.205,110.205,110.205,1
2012-09-24 09:55:00,110.213,110.213,110.213,110.213,1
2012-09-24 09:58:00,110.205,110.205,110.205,110.205,1
2012-09-24 10:00:00,110.213,110.213,110.213,110.213,1
2012-09-24 10:15:00,110.205,110.205,110.205,110.205,1
2012-09-24 10:30:00,110.213,110.213,110.213,110.213,1
2012-09-24 10:32:00,110.205,110.205,110.205,110.205,1
2012-09-24 11:40:00,110.197,110.197,110.197,110.197,1
2012-09-24 11:43:00,110.205,110.205,110.205,110.205,1
2012-09-24 11:52:00,110.213,110.213,110.213,110.213,1
2012-09-24 11:56:00,110.205,110.205,110.205,110.205,1
2012-09-24 11:57:00,110.205,110.213,110.205,110.213,2
2012-09-24 12:03:00,110.213,110.213,110.213,110.213,1
2012-09-24 12:11:00,110.205,110.205,110.205,110.205,1
2012-09-24 12:20:00,110.197,110.197,110.197,110.197,1
2012-09-24 12:21:00,110.205,110.205,110.205,110.205,1
2012-09-24 12:25:00,110.205,110.205,110.197,110.197,6
2012-09-24 12:27:00,110.205,110.205,110.197,110.197,4
2012-09-24 12:29:00,110.197,110.205,110.197,110.197,7
2012-09-24 12:30:00,110.205,110.205,110.205,110.205,1
2012-09-24 12:32:00,110.205,110.205,110.197,110.197,2
2012-09-24 12:36:00,110.205,110.205,110.197,110.197,4
2012-09-24 12:39:00,110.205,110.205,110.197,110.197,4
2012-09-24 12:42:00,110.205,110.205,110.197,110.197,4
2012-09-24 12:44:00,110.205,110.205,110.197,110.197,2
2012-09-24 12:46:00,110.205,110.205,110.197,110.197,2
2012-09-24 12:49:00,110.205,110.205,110.197,110.197,2
2012-09-24 12:53:00,110.205,110.205,110.197,110.197,2
2012-09-24 12:57:00,110.205,110.205,110.197,110.197,4
2012-09-24 13:00:00,110.205,110.205,110.197,110.197,2
2012-09-24 13:02:00,110.205,110.205,110.197,110.197,2
2012-09-24 13:04:00,110.205,110.205,110.197,110.197,2
2012-09-24 13:05:00,110.205,110.205,110.197,110.197,2
2012-09-24 13:06:00,110.205,110.205,110.197,110.197,2
2012-09-24 13:07:00,110.205,110.205,110.197,110.197,2
2012-09-24 13:08:00,110.205,110.205,110.197,110.197,4
2012-09-24 13:09:00,110.197,110.205,110.197,110.197,3
2012-09-24 13:10:00,110.205,110.205,110.205,110.205,1
2012-09-24 13:11:00,110.205,110.205,110.197,110.197,2
2012-09-24 13:12:00,110.205,110.205,110.197,110.197,2
2012-09-24 13:13:00,110.205,110.205,110.197,110.197,2
2012-09-24 13:14:00,110.205,110.205,110.197,110.197,2
2012-09-24 13:15:00,110.205,110.205,110.197,110.197,2
2012-09-24 13:16:00,110.205,110.205,110.197,110.197,4
2012-09-24 13:17:00,110.205,110.205,110.197,110.197,4
2012-09-24 13:18:00,110.197,110.205,110.197,110.197,9
2012-09-24 13:19:00,110.197,110.205,110.197,110.205,6
2012-09-24 13:20:00,110.197,110.205,110.197,110.205,10
2012-09-24 13:21:00,110.197,110.205,110.197,110.205,6
2012-09-24 13:22:00,110.205,110.205,110.197,110.205,3
2012-09-24 13:24:00,110.197,110.205,110.197,110.197,3
2012-09-24 13:25:00,110.205,110.205,110.197,110.205,3
2012-09-24 13:26:00,110.205,110.205,110.197,110.197,2
2012-09-24 13:29:00,110.197,110.205,110.197,110.197,7
2012-09-24 13:30:00,110.205,110.205,110.205,110.205,1
2012-09-24 13:32:00,110.205,110.205,110.197,110.197,2
2012-09-24 13:34:00,110.205,110.205,110.197,110.197,4
2012-09-24 13:35:00,110.205,110.205,110.197,110.197,2
2012-09-24 13:36:00,110.205,110.205,110.197,110.197,2
2012-09-24 13:39:00,110.205,110.205,110.197,110.197,2
2012-09-24 13:42:00,110.197,110.197,110.197,110.197,1
2012-09-24 13:43:00,110.189,110.197,110.189,110.189,3
2012-09-24 13:44:00,110.197,110.197,110.197,110.197,1
2012-09-24 13:45:00,110.197,110.205,110.189,110.205,8
2012-09-24 13:47:00,110.197,110.197,110.189,110.189,2
2012-09-24 13:51:00,110.205,110.205,110.197,110.205,3
2012-09-24 13:53:00,110.197,110.197,110.197,110.197,1
2012-09-24 14:00:00,110.197,110.197,110.189,110.189,2
2012-09-24 14:06:00,110.205,110.205,110.197,110.205,3
2012-09-24 14:08:00,110.197,110.197,110.197,110.197,1
2012-09-24 14:09:00,110.197,110.205,110.197,110.205,2
2012-09-24 14:10:00,110.205,110.205,110.205,110.205,1
2012-09-24 14:19:00,110.197,110.197,110.197,110.197,1
2012-09-24 14:20:00,110.205,110.205,110.205,110.205,1
2012-09-24 14:21:00,110.197,110.197,110.197,110.197,1
2012-09-24 14:30:00,110.197,110.205,110.197,110.205,2
2012-09-24 14:31:00,110.205,110.205,110.197,110.205,3
2012-09-24 14:33:00,110.205,110.205,110.197,110.197,2
2012-09-24 14:34:00,110.197,110.205,110.197,110.197,3
2012-09-24 14:35:00,110.205,110.205,110.197,110.205,3
2012-09-24 14:36:00,110.205,110.205,110.197,110.197,4
2012-09-24 14:37:00,110.197,110.205,110.197,110.197,3
2012-09-24 14:38:00,110.197,110.205,110.197,110.205,2
2012-09-24 14:39:00,110.205,110.205,110.197,110.205,3
2012-09-24 14:40:00,110.205,110.205,110.197,110.197,2
2012-09-24 14:41:00,110.205,110.205,110.197,110.197,4
2012-09-24 14:42:00,110.197,110.205,110.197,110.197,3
2012-09-24 14:43:00,110.197,110.205,110.197,110.205,2
2012-09-24 14:44:00,110.205,110.205,110.197,110.205,3
2012-09-24 14:45:00,110.197,110.205,110.197,110.197,3
2012-09-24 14:46:00,110.197,110.205,110.197,110.205,2
2012-09-24 14:47:00,110.197,110.205,110.197,110.205,2
2012-09-24 14:48:00,110.197,110.205,110.197,110.205,2
2012-09-24 14:49:00,110.197,110.205,110.197,110.205,2
2012-09-24 14:52:00,110.197,110.205,110.197,110.205,2
2012-09-24 15:01:00,110.197,110.197,110.189,110.189,4
2012-09-24 15:02:00,110.205,110.205,110.197,110.205,3
2012-09-24 15:03:00,110.197,110.197,110.197,110.197,1
2012-09-24 15:04:00,110.197,110.205,110.197,110.205,6
2012-09-24 15:05:00,110.205,110.205,110.197,110.205,5
2012-09-24 15:06:00,110.197,110.205,110.197,110.197,3
2012-09-24 15:07:00,110.197,110.205,110.197,110.205,4
2012-09-24 15:08:00,110.197,110.205,110.197,110.205,2
2012-09-24 15:09:00,110.205,110.205,110.197,110.205,5
2012-09-24 15:11:00,110.197,110.205,110.197,110.197,7
2012-09-24 15:12:00,110.205,110.205,110.205,110.205,1
2012-09-24 15:13:00,110.197,110.205,110.197,110.197,3
2012-09-24 15:14:00,110.205,110.205,110.197,110.205,5
2012-09-24 15:15:00,110.189,110.197,110.189,110.197,6
2012-09-24 15:16:00,110.189,110.197,110.189,110.197,4
2012-09-24 15:17:00,110.197,110.197,110.197,110.197,1
2012-09-24 15:18:00,110.189,110.197,110.189,110.189,3
2012-09-24 15:19:00,110.197,110.197,110.189,110.197,3
2012-09-24 15:20:00,110.189,110.197,110.189,110.189,3
2012-09-24 15:21:00,110.197,110.197,110.197,110.197,1
2012-09-24 15:22:00,110.189,110.189,110.189,110.189,1
2012-09-24 15:24:00,110.189,110.197,110.189,110.197,2
2012-09-24 15:25:00,110.197,110.197,110.197,110.197,1
2012-09-24 15:26:00,110.197,110.197,110.189,110.189,2
2012-09-24 15:27:00,110.189,110.197,110.189,110.189,3
2012-09-24 15:29:00,110.189,110.197,110.189,110.197,2
2012-09-24 15:31:00,110.197,110.197,110.189,110.197,3
2012-09-24 15:32:00,110.189,110.189,110.189,110.189,1
2012-09-24 15:33:00,110.189,110.197,110.189,110.197,2
2012-09-24 15:39:00,110.189,110.197,110.189,110.197,4
2012-09-24 15:43:00,110.197,110.197,110.189,110.197,3
2012-09-24 15:44:00,110.189,110.189,110.189,110.189,1
2012-09-24 15:47:00,110.189,110.197,110.189,110.197,2
2012-09-24 15:57:00,110.189,110.197,110.189,110.197,2
2012-09-24 15:58:00,110.189,110.197,110.189,110.197,2
2012-09-24 16:00:00,110.197,110.197,110.189,110.197,3
2012-09-24 16:02:00,110.189,110.189,110.189,110.189,1
2012-09-24 16:12:00,110.197,110.197,110.189,110.197,3
2012-09-24 16:14:00,110.189,110.189,110.189,110.189,1
2012-09-24 16:15:00,110.197,110.197,110.189,110.197,3
2012-09-24 16:16:00,110.189,110.189,110.189,110.189,1
2012-09-24 16:17:00,110.189,110.197,110.189,110.197,2
2012-09-24 16:18:00,110.189,110.197,110.189,110.197,2
2012-09-24 16:37:00,110.197,110.197,110.197,110.197,1
2012-09-24 16:38:00,110.197,110.197,110.189,110.189,4
2012-09-24 16:40:00,110.189,110.189,110.189,110.189,1
2012-09-24 16:56:00,110.197,110.197,110.197,110.197,1
2012-09-24 16:57:00,110.189,110.189,110.189,110.189,1
2012-09-24 16:59:00,110.189,110.197,110.189,110.197,2
2012-09-24 17:01:00,110.197,110.197,110.197,110.197,1
2012-09-24 17:05:00,110.189,110.189,110.189,110.189,1
2012-09-24 17:07:00,110.197,110.197,110.189,110.197,3
2012-09-24 17:14:00,110.189,110.189,110.189,110.189,1
2012-09-24 17:17:00,110.197,110.197,110.197,110.197,1
2012-09-24 17:20:00,110.189,110.189,110.189,110.189,1
2012-09-24 17:21:00,110.197,110.197,110.197,110.197,1
2012-09-24 17:25:00,110.189,110.197,110.189,110.189,3
2012-09-24 17:26:00,110.189,110.197,110.189,110.197,2
2012-09-24 17:30:00,110.197,110.197,110.197,110.197,1
2012-09-24 17:32:00,110.189,110.197,110.189,110.189,3
2012-09-24 17:33:00,110.197,110.197,110.189,110.197,3
2012-09-24 17:34:00,110.189,110.189,110.189,110.189,1
2012-09-24 17:36:00,110.197,110.197,110.197,110.197,1
2012-09-24 17:43:00,110.189,110.197,110.189,110.189,3
2012-09-24 17:45:00,110.197,110.197,110.197,110.197,1
2012-09-24 17:48:00,110.189,110.197,110.189,110.189,3
2012-09-24 17:49:00,110.197,110.197,110.197,110.197,1
2012-09-24 17:51:00,110.197,110.197,110.189,110.189,4
2012-09-24 17:55:00,110.189,110.189,110.189,110.189,1
2012-09-24 17:56:00,110.197,110.197,110.197,110.197,1
2012-09-24 18:00:00,110.189,110.189,110.189,110.189,1
2012-09-24 18:01:00,110.197,110.197,110.189,110.197,3
2012-09-24 18:02:00,110.189,110.189,110.189,110.189,1
2012-09-24 18:04:00,110.197,110.197,110.197,110.197,1
2012-09-24 18:09:00,110.189,110.197,110.189,110.189,3
2012-09-24 18:10:00,110.197,110.197,110.189,110.197,3
2012-09-24 18:20:00,110.189,110.189,110.189,110.189,1
2012-09-24 18:24:00,110.197,110.197,110.197,110.197,1
2012-09-24 18:30:00,110.197,110.197,110.189,110.189,4
2012-09-24 18:34:00,110.189,110.197,110.189,110.189,3
2012-09-24 18:35:00,110.197,110.197,110.197,110.197,1
2012-09-24 18:37:00,110.197,110.197,110.189,110.189,2
2012-09-24 18:38:00,110.197,110.197,110.189,110.189,2
2012-09-24 18:40:00,110.197,110.197,110.189,110.189,2
2012-09-24 18:42:00,110.197,110.197,110.189,110.189,2
2012-09-24 18:43:00,110.197,110.197,110.189,110.189,2
2012-09-24 18:44:00,110.197,110.197,110.189,110.189,4
2012-09-24 18:45:00,110.197,110.197,110.189,110.189,2
2012-09-24 18:46:00,110.189,110.189,110.189,110.189,1
2012-09-24 18:47:00,110.189,110.197,110.189,110.197,4
2012-09-24 18:48:00,110.189,110.197,110.189,110.197,4
2012-09-24 18:49:00,110.197,110.197,110.197,110.197,1
2012-09-24 18:50:00,110.197,110.197,110.189,110.189,4
2012-09-24 18:51:00,110.189,110.197,110.189,110.189,3
2012-09-24 18:54:00,110.197,110.197,110.197,110.197,1
2012-09-24 18:56:00,110.189,110.189,110.189,110.189,1
2012-09-24 18:57:00,110.197,110.197,110.197,110.197,1
2012-09-24 18:59:00,110.189,110.197,110.189,110.189,7
2012-09-24 19:00:00,110.189,110.197,110.189,110.197,2
2012-09-24 19:02:00,110.189,110.197,110.189,110.197,2
2012-09-24 19:03:00,110.189,110.197,110.189,110.197,2
2012-09-24 19:04:00,110.197,110.197,110.197,110.197,1
2012-09-24 19:08:00,110.189,110.189,110.189,110.189,1
2012-09-24 19:10:00,110.197,110.197,110.197,110.197,1
2012-09-24 19:17:00,110.189,110.189,110.189,110.189,1
2012-09-24 19:20:00,110.197,110.197,110.197,110.197,1
2012-09-24 19:23:00,110.197,110.197,110.189,110.189,2
2012-09-24 19:30:00,110.189,110.189,110.189,110.189,1
2012-09-24 19:31:00,110.197,110.197,110.197,110.197,1
2012-09-24 19:33:00,110.189,110.189,110.189,110.189,1
2012-09-24 19:34:00,110.197,110.197,110.189,110.197,3
2012-09-24 19:39:00,110.189,110.189,110.189,110.189,1
2012-09-24 19:40:00,110.189,110.197,110.189,110.197,2
2012-09-24 19:42:00,110.197,110.197,110.197,110.197,1
2012-09-24 19:44:00,110.189,110.189,110.189,110.189,1
2012-09-24 19:45:00,110.189,110.197,110.189,110.197,2
2012-09-24 19:46:00,110.197,110.197,110.189,110.197,3
2012-09-24 19:47:00,110.189,110.189,110.189,110.189,1
2012-09-24 19:48:00,110.189,110.197,110.189,110.197,2
2012-09-24 19:49:00,110.189,110.197,110.189,110.197,2
2012-09-24 19:50:00,110.197,110.197,110.197,110.197,1
2012-09-24 20:00:00,110.197,110.197,110.189,110.189,4
2012-09-24 20:01:00,110.189,110.189,110.189,110.189,1
2012-09-24 20:03:00,110.197,110.197,110.197,110.197,1
2012-09-24 20:05:00,110.189,110.189,110.189,110.189,1
2012-09-24 20:08:00,110.197,110.197,110.197,110.197,1
2012-09-24 20:11:00,110.189,110.189,110.189,110.189,1
2012-09-24 20:14:00,110.189,110.197,110.189,110.197,2
2012-09-24 20:44:00,110.189,110.197,110.189,110.197,2
2012-09-24 20:45:00,110.197,110.197,110.197,110.197,1
2012-09-24 20:46:00,110.189,110.189,110.189,110.189,1
2012-09-24 20:50:00,110.197,110.197,110.197,110.197,1
2012-09-24 20:55:00,110.189,110.189,110.189,110.189,1
2012-09-24 20:57:00,110.197,110.197,110.197,110.197,1
2012-09-24 20:58:00,110.189,110.197,110.189,110.189,3
2012-09-24 22:27:00,110.197,110.197,110.197,110.197,1
2012-09-24 22:36:00,110.189,110.189,110.189,110.189,1
2012-09-24 22:38:00,110.197,110.197,110.197,110.197,1
2012-09-24 23:59:00,110.189,110.189,110.189,110.189,1
2012-09-25 00:04:00,110.197,110.197,110.197,110.197,1
2012-09-25 01:48:00,110.189,110.189,110.189,110.189,1
2012-09-25 03:20:00,110.197,110.197,110.197,110.197,1
2012-09-25 03:41:00,110.189,110.189,110.189,110.189,1
2012-09-25 04:53:00,110.197,110.197,110.197,110.197,1
2012-09-25 05:36:00,110.189,110.189,110.189,110.189,1
2012-09-25 06:00:00,110.197,110.197,110.189,110.197,3
2012-09-25 06:01:00,110.189,110.189,110.189,110.189,1
2012-09-25 06:14:00,110.197,110.197,110.197,110.197,1
2012-09-25 06:26:00,110.189,110.189,110.189,110.189,1
2012-09-25 06:27:00,110.197,110.197,110.197,110.197,1
2012-09-25 06:59:00,110.189,110.189,110.189,110.189,1
2012-09-25 07:00:00,110.189,110.197,110.189,110.197,2
2012-09-25 07:01:00,110.197,110.197,110.197,110.197,1
2012-09-25 07:04:00,110.189,110.189,110.189,110.189,1
2012-09-25 07:10:00,110.197,110.197,110.197,110.197,1
2012-09-25 07:13:00,110.197,110.197,110.189,110.189,2
2012-09-25 07:39:00,110.205,110.205,110.205,110.205,1
2012-09-25 07:43:00,110.197,110.197,110.197,110.197,1
2012-09-25 07:48:00,110.205,110.205,110.205,110.205,1
2012-09-25 07:51:00,110.205,110.213,110.205,110.213,2
2012-09-25 07:53:00,110.197,110.197,110.197,110.197,1
2012-09-25 07:55:00,110.205,110.205,110.205,110.205,1
2012-09-25 07:58:00,110.197,110.197,110.197,110.197,1
2012-09-25 08:00:00,110.197,110.205,110.197,110.205,2
2012-09-25 08:03:00,110.205,110.205,110.205,110.205,1
2012-09-25 08:06:00,110.197,110.197,110.197,110.197,1
2012-09-25 08:19:00,110.205,110.205,110.205,110.205,1
2012-09-25 08:20:00,110.205,110.205,110.197,110.197,2
2012-09-25 08:23:00,110.205,110.205,110.197,110.197,2
2012-09-25 08:28:00,110.197,110.197,110.197,110.197,1
2012-09-25 08:35:00,110.205,110.205,110.205,110.205,1
2012-09-25 08:38:00,110.205,110.205,110.197,110.197,2
2012-09-25 08:43:00,110.197,110.197,110.197,110.197,1
2012-09-25 08:46:00,110.205,110.205,110.205,110.205,1
2012-09-25 08:47:00,110.213,110.213,110.213,110.213,1
2012-09-25 08:48:00,110.213,110.213,110.205,110.205,2
2012-09-25 08:49:00,110.205,110.213,110.205,110.205,3
2012-09-25 08:55:00,110.205,110.213,110.205,110.213,2
2012-09-25 09:00:00,110.205,110.213,110.205,110.213,2
2012-09-25 09:21:00,110.213,110.213,110.213,110.213,1
2012-09-25 09:23:00,110.205,110.213,110.205,110.205,3
2012-09-25 09:48:00,110.205,110.213,110.205,110.213,2
2012-09-25 09:49:00,110.213,110.213,110.213,110.213,1
2012-09-25 09:53:00,110.213,110.213,110.205,110.205,2
2012-09-25 09:56:00,110.205,110.205,110.205,110.205,1
2012-09-25 10:00:00,110.213,110.213,110.213,110.213,1
2012-09-25 10:03:00,110.205,110.205,110.205,110.205,1
2012-09-25 10:51:00,110.213,110.213,110.205,110.213,3
2012-09-25 10:52:00,110.205,110.205,110.205,110.205,1
2012-09-25 10:58:00,110.197,110.197,110.197,110.197,1
2012-09-25 11:00:00,110.197,110.205,110.197,110.205,2
2012-09-25 11:05:00,110.205,110.205,110.205,110.205,1
2012-09-25 11:08:00,110.197,110.197,110.197,110.197,1
2012-09-25 11:12:00,110.205,110.205,110.205,110.205,1
2012-09-25 11:13:00,110.197,110.197,110.197,110.197,1
2012-09-25 11:30:00,110.197,110.205,110.197,110.205,2
2012-09-25 11:33:00,110.197,110.205,110.197,110.205,2
2012-09-25 11:48:00,110.197,110.197,110.189,110.189,2
2012-09-25 11:52:00,110.189,110.197,110.189,110.189,3
2012-09-25 11:56:00,110.197,110.197,110.197,110.197,1
2012-09-25 11:57:00,110.189,110.189,110.189,110.189,1
2012-09-25 12:00:00,110.197,110.197,110.197,110.197,1
2012-09-25 12:01:00,110.189,110.189,110.189,110.189,1
2012-09-25 12:07:00,110.197,110.197,110.197,110.197,1
2012-09-25 12:08:00,110.189,110.189,110.189,110.189,1
2012-09-25 12:09:00,110.197,110.197,110.197,110.197,1
2012-09-25 12:13:00,110.197,110.197,110.189,110.189,2
2012-09-25 12:18:00,110.197,110.197,110.189,110.189,4
2012-09-25 12:20:00,110.197,110.197,110.189,110.189,4
2012-09-25 12:21:00,110.197,110.197,110.189,110.189,2
2012-09-25 12:22:00,110.189,110.197,110.189,110.189,3
2012-09-25 12:25:00,110.197,110.197,110.189,110.197,3
2012-09-25 12:26:00,110.189,110.189,110.181,110.189,7
2012-09-25 12:27:00,110.181,110.181,110.181,110.181,1
2012-09-25 12:29:00,110.189,110.189,110.189,110.189,1
2012-09-25 12:32:00,110.181,110.181,110.181,110.181,1
2012-09-25 12:33:00,110.189,110.189,110.189,110.189,1
2012-09-25 12:35:00,110.189,110.189,110.181,110.181,2
2012-09-25 12:38:00,110.181,110.181,110.181,110.181,1
2012-09-25 12:39:00,110.189,110.189,110.189,110.189,1
2012-09-25 12:43:00,110.189,110.189,110.181,110.181,2
2012-09-25 12:45:00,110.189,110.189,110.181,110.181,2
2012-09-25 12:48:00,110.174,110.189,110.174,110.181,6
2012-09-25 12:49:00,110.181,110.181,110.174,110.181,3
2012-09-25 12:52:00,110.181,110.189,110.181,110.189,4
2012-09-25 12:56:00,110.189,110.189,110.189,110.189,1
2012-09-25 12:58:00,110.181,110.189,110.181,110.181,3
2012-09-25 13:00:00,110.181,110.189,110.181,110.189,6
2012-09-25 13:03:00,110.174,110.181,110.174,110.174,3
2012-09-25 13:04:00,110.174,110.181,110.174,110.181,2
2012-09-25 13:07:00,110.174,110.174,110.166,110.166,6
2012-09-25 13:08:00,110.174,110.174,110.166,110.166,2
2012-09-25 13:15:00,110.181,110.181,110.181,110.181,1
2012-09-25 13:17:00,110.174,110.174,110.174,110.174,1
2012-09-25 13:19:00,110.189,110.189,110.181,110.181,2
2012-09-25 13:22:00,110.181,110.181,110.181,110.181,1
2012-09-25 13:24:00,110.181,110.181,110.174,110.174,4
2012-09-25 13:25:00,110.174,110.174,110.174,110.174,1
2012-09-25 13:26:00,110.181,110.181,110.181,110.181,1
2012-09-25 13:27:00,110.181,110.181,110.174,110.174,2
2012-09-25 13:28:00,110.174,110.174,110.174,110.174,1
2012-09-25 13:30:00,110.181,110.181,110.181,110.181,1
2012-09-25 13:31:00,110.174,110.174,110.174,110.174,1
2012-09-25 13:33:00,110.181,110.181,110.181,110.181,1
2012-09-25 13:38:00,110.174,110.181,110.174,110.174,3
2012-09-25 13:42:00,110.181,110.181,110.181,110.181,1
2012-09-25 13:43:00,110.181,110.181,110.174,110.174,2
2012-09-25 13:46:00,110.181,110.189,110.181,110.189,4
2012-09-25 13:52:00,110.189,110.189,110.181,110.189,5
2012-09-25 13:53:00,110.189,110.189,110.181,110.181,2
2012-09-25 13:54:00,110.181,110.181,110.181,110.181,1
2012-09-25 13:59:00,110.189,110.189,110.181,110.189,3
2012-09-25 14:00:00,110.181,110.189,110.174,110.181,5
2012-09-25 14:08:00,110.174,110.181,110.174,110.174,3
2012-09-25 14:12:00,110.181,110.181,110.181,110.181,1
2012-09-25 14:13:00,110.174,110.174,110.174,110.174,1
2012-09-25 14:17:00,110.181,110.181,110.174,110.181,3
2012-09-25 14:18:00,110.174,110.174,110.174,110.174,1
2012-09-25 14:19:00,110.181,110.181,110.181,110.181,1
2012-09-25 14:20:00,110.174,110.174,110.174,110.174,1
2012-09-25 14:21:00,110.174,110.181,110.174,110.181,2
2012-09-25 14:22:00,110.181,110.181,110.181,110.181,1
2012-09-25 14:23:00,110.181,110.181,110.174,110.174,2
2012-09-25 14:27:00,110.181,110.181,110.174,110.174,2
2012-09-25 14:31:00,110.189,110.189,110.189,110.189,1
2012-09-25 14:32:00,110.181,110.181,110.181,110.181,1
2012-09-25 14:33:00,110.181,110.181,110.174,110.174,2
2012-09-25 14:34:00,110.174,110.174,110.174,110.174,1
2012-09-25 14:45:00,110.181,110.181,110.174,110.181,3
2012-09-25 14:47:00,110.181,110.181,110.174,110.174,2
2012-09-25 14:48:00,110.181,110.181,110.174,110.174,2
2012-09-25 14:49:00,110.174,110.174,110.174,110.174,1
2012-09-25 14:56:00,110.174,110.181,110.174,110.181,2
2012-09-25 14:57:00,110.174,110.181,110.174,110.181,2
2012-09-25 15:00:00,110.174,110.181,110.174,110.181,6
2012-09-25 15:01:00,110.174,110.181,110.174,110.181,2
2012-09-25 15:03:00,110.174,110.181,110.174,110.181,2
2012-09-25 15:05:00,110.174,110.181,110.174,110.181,4
2012-09-25 15:11:00,110.174,110.181,110.174,110.181,2
2012-09-25 15:14:00,110.174,110.181,110.174,110.181,2
2012-09-25 15:15:00,110.174,110.181,110.174,110.181,4
2012-09-25 15:17:00,110.174,110.181,110.174,110.181,2
2012-09-25 15:26:00,110.181,110.181,110.174,110.181,3
2012-09-25 15:28:00,110.174,110.174,110.174,110.174,1
2012-09-25 15:29:00,110.181,110.181,110.181,110.181,1
2012-09-25 15:32:00,110.181,110.181,110.174,110.174,2
2012-09-25 15:33:00,110.174,110.174,110.174,110.174,1
2012-09-25 15:43:00,110.181,110.181,110.181,110.181,1
2012-09-25 15:46:00,110.174,110.174,110.174,110.174,1
2012-09-25 15:47:00,110.181,110.181,110.174,110.181,3
2012-09-25 15:48:00,110.174,110.174,110.174,110.174,1
2012-09-25 15:50:00,110.181,110.181,110.181,110.181,1
2012-09-25 15:52:00,110.181,110.181,110.174,110.174,2
2012-09-25 15:53:00,110.174,110.174,110.174,110.174,1
2012-09-25 16:00:00,110.181,110.181,110.174,110.181,5
2012-09-25 16:05:00,110.174,110.174,110.174,110.174,1
2012-09-25 16:12:00,110.181,110.181,110.181,110.181,1
2012-09-25 16:13:00,110.174,110.174,110.174,110.174,1
2012-09-25 16:15:00,110.166,110.174,110.166,110.166,5
2012-09-25 16:16:00,110.174,110.174,110.174,110.174,1
2012-09-25 16:17:00,110.166,110.166,110.166,110.166,1
2012-09-25 16:18:00,110.174,110.174,110.166,110.174,5
2012-09-25 16:19:00,110.174,110.174,110.166,110.166,2
2012-09-25 16:21:00,110.166,110.166,110.166,110.166,1
2012-09-25 16:25:00,110.166,110.174,110.166,110.174,2
2012-09-25 16:29:00,110.166,110.174,110.166,110.174,2
2012-09-25 16:33:00,110.174,110.174,110.174,110.174,1
2012-09-25 16:34:00,110.166,110.166,110.166,110.166,1
2012-09-25 16:35:00,110.174,110.174,110.174,110.174,1
2012-09-25 16:38:00,110.166,110.166,110.166,110.166,1
2012-09-25 16:40:00,110.166,110.174,110.166,110.174,2
2012-09-25 16:41:00,110.174,110.174,110.174,110.174,1
2012-09-25 16:48:00,110.181,110.181,110.181,110.181,1
2012-09-25 16:50:00,110.174,110.174,110.174,110.174,1
2012-09-25 16:53:00,110.174,110.181,110.174,110.181,2
2012-09-25 16:54:00,110.181,110.181,110.181,110.181,1
2012-09-25 16:55:00,110.174,110.174,110.174,110.174,1
2012-09-25 16:59:00,110.174,110.181,110.174,110.181,4
2012-09-25 17:01:00,110.181,110.181,110.181,110.181,1
2012-09-25 17:09:00,110.181,110.189,110.181,110.189,4
2012-09-25 17:13:00,110.181,110.189,110.181,110.189,4
2012-09-25 17:19:00,110.181,110.189,110.181,110.189,4
2012-09-25 17:22:00,110.181,110.189,110.181,110.189,2
2012-09-25 17:23:00,110.189,110.189,110.181,110.189,3
2012-09-25 17:24:00,110.189,110.189,110.181,110.181,2
2012-09-25 17:25:00,110.181,110.181,110.181,110.181,1
2012-09-25 17:32:00,110.181,110.189,110.181,110.189,4
2012-09-25 17:47:00,110.181,110.189,110.181,110.189,2
2012-09-25 18:06:00,110.189,110.189,110.189,110.189,1
2012-09-25 18:07:00,110.181,110.189,110.181,110.181,3
2012-09-25 18:10:00,110.181,110.189,110.181,110.189,4
2012-09-25 18:13:00,110.181,110.189,110.181,110.189,2
2012-09-25 18:18:00,110.189,110.189,110.181,110.189,3
2012-09-25 18:19:00,110.181,110.189,110.181,110.181,3
2012-09-25 18:22:00,110.181,110.189,110.181,110.189,2
2012-09-25 18:24:00,110.189,110.189,110.181,110.189,3
2012-09-25 18:25:00,110.181,110.189,110.181,110.181,3
2012-09-25 18:26:00,110.189,110.189,110.189,110.189,1
2012-09-25 18:27:00,110.189,110.189,110.181,110.181,4
2012-09-25 18:28:00,110.189,110.189,110.181,110.181,4
2012-09-25 18:29:00,110.181,110.189,110.181,110.181,3
2012-09-25 18:30:00,110.189,110.189,110.181,110.189,5
2012-09-25 18:31:00,110.189,110.189,110.181,110.181,2
2012-09-25 18:32:00,110.181,110.189,110.181,110.181,5
2012-09-25 18:33:00,110.181,110.189,110.181,110.189,4
2012-09-25 18:34:00,110.181,110.189,110.181,110.189,4
2012-09-25 18:35:00,110.189,110.189,110.181,110.189,3
2012-09-25 18:36:00,110.181,110.189,110.181,110.181,3
2012-09-25 18:37:00,110.181,110.189,110.181,110.189,2
2012-09-25 18:38:00,110.181,110.189,110.181,110.189,4
2012-09-25 18:39:00,110.181,110.189,110.181,110.189,4
2012-09-25 18:40:00,110.189,110.189,110.181,110.189,3
2012-09-25 18:41:00,110.181,110.189,110.181,110.181,3
2012-09-25 18:42:00,110.181,110.189,110.181,110.189,6
2012-09-25 18:43:00,110.189,110.189,110.181,110.189,3
2012-09-25 18:44:00,110.189,110.189,110.181,110.181,2
2012-09-25 18:45:00,110.181,110.189,110.181,110.181,3
2012-09-25 18:46:00,110.189,110.189,110.181,110.189,3
2012-09-25 18:47:00,110.181,110.189,110.181,110.181,3
2012-09-25 18:48:00,110.181,110.189,110.181,110.189,4
2012-09-25 18:49:00,110.181,110.189,110.181,110.189,2
2012-09-25 18:50:00,110.181,110.189,110.181,110.189,2
2012-09-25 18:53:00,110.181,110.189,110.181,110.189,2
2012-09-25 18:54:00,110.181,110.189,110.181,110.189,4
2012-09-25 18:55:00,110.181,110.189,110.181,110.189,2
2012-09-25 18:56:00,110.189,110.189,110.181,110.189,3
2012-09-25 18:57:00,110.189,110.189,110.181,110.181,6
2012-09-25 18:58:00,110.189,110.189,110.181,110.181,4
2012-09-25 18:59:00,110.189,110.189,110.181,110.181,10
2012-09-25 19:00:00,110.189,110.189,110.181,110.181,6
2012-09-25 19:01:00,110.189,110.189,110.181,110.181,2
2012-09-25 19:02:00,110.189,110.189,110.181,110.181,4
2012-09-25 19:03:00,110.189,110.189,110.181,110.181,4
2012-09-25 19:04:00,110.181,110.181,110.181,110.181,1
2012-09-25 19:05:00,110.189,110.189,110.189,110.189,1
2012-09-25 19:07:00,110.189,110.189,110.181,110.181,2
2012-09-25 19:10:00,110.181,110.189,110.181,110.181,3
2012-09-25 19:11:00,110.181,110.189,110.181,110.189,2
2012-09-25 19:14:00,110.181,110.189,110.181,110.189,2
2012-09-25 19:15:00,110.189,110.189,110.189,110.189,1
2012-09-25 19:18:00,110.189,110.197,110.189,110.197,6
2012-09-25 19:19:00,110.197,110.197,110.197,110.197,1
2012-09-25 19:20:00,110.189,110.189,110.189,110.189,1
2012-09-25 19:25:00,110.189,110.197,110.189,110.197,4
2012-09-25 19:26:00,110.197,110.197,110.189,110.197,5
2012-09-25 19:28:00,110.197,110.197,110.189,110.189,2
2012-09-25 19:29:00,110.197,110.197,110.189,110.189,2
2012-09-25 19:31:00,110.197,110.197,110.189,110.189,2
2012-09-25 19:32:00,110.189,110.189,110.189,110.189,1
2012-09-25 19:33:00,110.197,110.197,110.197,110.197,1
2012-09-25 19:34:00,110.197,110.197,110.189,110.189,2
2012-09-25 19:39:00,110.189,110.189,110.189,110.189,1
2012-09-25 19:40:00,110.197,110.197,110.197,110.197,1
2012-09-25 19:41:00,110.189,110.189,110.189,110.189,1
2012-09-25 19:43:00,110.189,110.197,110.189,110.197,2
2012-09-25 19:44:00,110.189,110.197,110.189,110.197,2
2012-09-25 19:46:00,110.197,110.197,110.197,110.197,1
2012-09-25 19:49:00,110.189,110.189,110.189,110.189,1
2012-09-25 19:50:00,110.197,110.197,110.197,110.197,1
2012-09-25 19:51:00,110.189,110.189,110.189,110.189,1
2012-09-25 19:52:00,110.197,110.197,110.197,110.197,1
2012-09-25 19:53:00,110.197,110.197,110.189,110.189,2
2012-09-25 20:00:00,110.197,110.197,110.189,110.189,10
2012-09-25 20:14:00,110.189,110.189,110.189,110.189,1
2012-09-25 20:16:00,110.197,110.197,110.197,110.197,1
2012-09-25 20:20:00,110.189,110.189,110.189,110.189,1
2012-09-25 20:21:00,110.197,110.197,110.197,110.197,1
2012-09-25 20:22:00,110.189,110.197,110.189,110.189,3
2012-09-25 20:23:00,110.197,110.197,110.197,110.197,1
2012-09-25 20:24:00,110.189,110.189,110.189,110.189,1
2012-09-25 20:25:00,110.197,110.197,110.197,110.197,1
2012-09-25 20:26:00,110.189,110.189,110.189,110.189,1
2012-09-25 20:29:00,110.197,110.197,110.197,110.197,1
2012-09-25 20:50:00,110.189,110.189,110.189,110.189,1
2012-09-25 20:51:00,110.197,110.197,110.197,110.197,1
2012-09-25 20:53:00,110.189,110.189,110.189,110.189,1
2012-09-25 20:54:00,110.197,110.197,110.197,110.197,1
2012-09-25 20:55:00,110.197,110.197,110.189,110.189,2
2012-09-25 20:59:00,110.189,110.197,110.189,110.189,7
2012-09-25 22:00:00,110.197,110.197,110.197,110.197,1
2012-09-25 22:06:00,110.189,110.189,110.189,110.189,1
2012-09-25 22:30:00,110.197,110.197,110.197,110.197,1
2012-09-25 22:36:00,110.205,110.205,110.205,110.205,1
2012-09-25 22:48:00,110.197,110.197,110.197,110.197,1
2012-09-26 00:22:00,110.205,110.205,110.205,110.205,1
2012-09-26 01:53:00,110.197,110.197,110.197,110.197,1
2012-09-26 02:08:00,110.205,110.205,110.205,110.205,1
2012-09-26 02:58:00,110.197,110.197,110.197,110.197,1
2012-09-26 05:28:00,110.197,110.197,110.189,110.189,2
2012-09-26 06:00:00,110.197,110.205,110.189,110.205,3
2012-09-26 06:01:00,110.197,110.205,110.197,110.205,2
2012-09-26 06:11:00,110.197,110.197,110.189,110.189,2
2012-09-26 06:13:00,110.205,110.205,110.205,110.205,1
2012-09-26 06:14:00,110.197,110.197,110.197,110.197,1
2012-09-26 07:00:00,110.205,110.205,110.197,110.205,3
2012-09-26 07:18:00,110.197,110.197,110.197,110.197,1
2012-09-26 07:38:00,110.205,110.205,110.205,110.205,1
2012-09-26 07:41:00,110.197,110.197,110.197,110.197,1
2012-09-26 07:46:00,110.205,110.205,110.205,110.205,1
2012-09-26 07:48:00,110.197,110.197,110.197,110.197,1
2012-09-26 07:49:00,110.213,110.213,110.205,110.205,2
2012-09-26 07:51:00,110.213,110.213,110.205,110.205,2
2012-09-26 07:53:00,110.205,110.205,110.205,110.205,1
2012-09-26 07:54:00,110.205,110.213,110.205,110.213,2
2012-09-26 07:56:00,110.197,110.197,110.197,110.197,1
2012-09-26 08:05:00,110.197,110.205,110.197,110.205,2
2012-09-26 08:09:00,110.205,110.205,110.205,110.205,1
2012-09-26 08:10:00,110.197,110.197,110.197,110.197,1
2012-09-26 08:16:00,110.205,110.205,110.205,110.205,1
2012-09-26 08:18:00,110.197,110.197,110.197,110.197,1
2012-09-26 08:20:00,110.197,110.205,110.197,110.205,2
2012-09-26 08:40:00,110.205,110.205,110.205,110.205,1
2012-09-26 08:46:00,110.197,110.197,110.197,110.197,1
2012-09-26 09:00:00,110.205,110.205,110.205,110.205,1
2012-09-26 09:01:00,110.197,110.197,110.197,110.197,1
2012-09-26 09:15:00,110.205,110.205,110.205,110.205,1
2012-09-26 09:18:00,110.197,110.197,110.197,110.197,1
2012-09-26 09:22:00,110.205,110.205,110.205,110.205,1
2012-09-26 09:24:00,110.197,110.197,110.197,110.197,1
2012-09-26 09:30:00,110.197,110.205,110.197,110.205,2
2012-09-26 09:33:00,110.197,110.205,110.197,110.205,2
2012-09-26 09:34:00,110.197,110.205,110.197,110.205,4
2012-09-26 09:41:00,110.205,110.205,110.205,110.205,1
2012-09-26 09:42:00,110.197,110.197,110.197,110.197,1
2012-09-26 09:46:00,110.205,110.205,110.205,110.205,1
2012-09-26 09:48:00,110.197,110.197,110.197,110.197,1
2012-09-26 09:50:00,110.205,110.205,110.205,110.205,1
2012-09-26 09:54:00,110.197,110.197,110.197,110.197,1
2012-09-26 09:56:00,110.205,110.205,110.205,110.205,1
2012-09-26 09:58:00,110.197,110.197,110.197,110.197,1
2012-09-26 10:00:00,110.205,110.205,110.197,110.205,3
2012-09-26 10:03:00,110.197,110.197,110.197,110.197,1
2012-09-26 10:04:00,110.205,110.205,110.205,110.205,1
2012-09-26 10:10:00,110.197,110.197,110.197,110.197,1
2012-09-26 10:12:00,110.205,110.205,110.205,110.205,1
2012-09-26 10:17:00,110.197,110.197,110.197,110.197,1
2012-09-26 10:33:00,110.197,110.197,110.189,110.189,2
2012-09-26 10:34:00,110.189,110.189,110.189,110.189,1
2012-09-26 11:00:00,110.197,110.197,110.197,110.197,1
2012-09-26 11:03:00,110.189,110.189,110.189,110.189,1
2012-09-26 11:08:00,110.197,110.197,110.197,110.197,1
2012-09-26 11:10:00,110.189,110.189,110.189,110.189,1
2012-09-26 11:12:00,110.197,110.197,110.197,110.197,1
2012-09-26 11:22:00,110.189,110.189,110.189,110.189,1
2012-09-26 11:23:00,110.197,110.197,110.197,110.197,1
2012-09-26 11:25:00,110.189,110.189,110.189,110.189,1
2012-09-26 11:26:00,110.197,110.197,110.197,110.197,1
2012-09-26 11:34:00,110.189,110.189,110.189,110.189,1
2012-09-26 11:35:00,110.197,110.197,110.197,110.197,1
2012-09-26 11:38:00,110.189,110.189,110.189,110.189,1
2012-09-26 11:39:00,110.197,110.197,110.197,110.197,1
2012-09-26 11:46:00,110.197,110.197,110.189,110.189,2
2012-09-26 11:48:00,110.189,110.189,110.189,110.189,1
2012-09-26 11:49:00,110.189,110.197,110.189,110.197,2
2012-09-26 11:50:00,110.189,110.197,110.181,110.197,4
2012-09-26 11:54:00,110.189,110.197,110.189,110.197,2
2012-09-26 11:56:00,110.189,110.197,110.189,110.197,2
2012-09-26 11:58:00,110.197,110.197,110.197,110.197,1
2012-09-26 11:59:00,110.189,110.197,110.189,110.189,3
2012-09-26 12:00:00,110.197,110.197,110.197,110.197,1
2012-09-26 12:01:00,110.189,110.189,110.189,110.189,1
2012-09-26 12:02:00,110.197,110.197,110.197,110.197,1
2012-09-26 12:03:00,110.189,110.189,110.189,110.189,1
2012-09-26 12:04:00,110.189,110.197,110.189,110.197,2
2012-09-26 12:06:00,110.197,110.197,110.197,110.197,1
2012-09-26 12:08:00,110.189,110.189,110.189,110.189,1
2012-09-26 12:10:00,110.197,110.197,110.189,110.197,3
2012-09-26 12:11:00,110.189,110.189,110.189,110.189,1
2012-09-26 12:12:00,110.189,110.197,110.189,110.197,2
2012-09-26 12:13:00,110.189,110.197,110.189,110.197,2
2012-09-26 12:14:00,110.189,110.197,110.189,110.197,2
2012-09-26 12:15:00,110.189,110.197,110.189,110.197,2
2012-09-26 12:16:00,110.189,110.197,110.189,110.197,4
2012-09-26 12:17:00,110.197,110.197,110.189,110.197,3
2012-09-26 12:18:00,110.189,110.197,110.189,110.189,3
2012-09-26 12:22:00,110.189,110.189,110.181,110.181,2
2012-09-26 12:25:00,110.189,110.189,110.181,110.181,2
2012-09-26 12:29:00,110.181,110.189,110.181,110.181,3
2012-09-26 12:30:00,110.189,110.189,110.189,110.189,1
2012-09-26 12:32:00,110.189,110.189,110.181,110.181,2
2012-09-26 12:33:00,110.189,110.189,110.181,110.181,2
2012-09-26 12:34:00,110.181,110.189,110.181,110.181,3
2012-09-26 12:35:00,110.181,110.189,110.181,110.189,4
2012-09-26 12:36:00,110.181,110.189,110.181,110.189,2
2012-09-26 12:37:00,110.189,110.189,110.189,110.189,1
2012-09-26 12:39:00,110.181,110.181,110.181,110.181,1
2012-09-26 12:40:00,110.181,110.189,110.181,110.189,2
2012-09-26 12:41:00,110.181,110.189,110.181,110.189,2
2012-09-26 12:42:00,110.181,110.189,110.181,110.189,2
2012-09-26 12:43:00,110.181,110.189,110.181,110.189,2
2012-09-26 12:44:00,110.181,110.189,110.181,110.189,2
2012-09-26 12:45:00,110.181,110.189,110.181,110.189,2
2012-09-26 12:47:00,110.181,110.189,110.181,110.189,2
2012-09-26 12:48:00,110.181,110.189,110.181,110.189,2
2012-09-26 12:50:00,110.189,110.189,110.189,110.189,1
2012-09-26 12:51:00,110.181,110.189,110.181,110.181,3
2012-09-26 12:54:00,110.189,110.189,110.189,110.189,1
2012-09-26 12:58:00,110.181,110.181,110.181,110.181,1
2012-09-26 12:59:00,110.189,110.189,110.189,110.189,1
2012-09-26 13:00:00,110.181,110.189,110.181,110.181,5
2012-09-26 13:01:00,110.174,110.174,110.174,110.174,1
2012-09-26 13:02:00,110.181,110.181,110.181,110.181,1
2012-09-26 13:10:00,110.181,110.181,110.174,110.174,2
2012-09-26 13:12:00,110.174,110.181,110.174,110.174,3
2012-09-26 13:13:00,110.174,110.181,110.174,110.181,2
2012-09-26 13:14:00,110.181,110.181,110.174,110.181,3
2012-09-26 13:20:00,110.174,110.181,110.174,110.174,5
2012-09-26 13:22:00,110.181,110.181,110.181,110.181,1
2012-09-26 13:34:00,110.181,110.181,110.174,110.174,2
2012-09-26 13:35:00,110.174,110.181,110.174,110.174,5
2012-09-26 13:36:00,110.181,110.181,110.181,110.181,1
2012-09-26 13:37:00,110.181,110.181,110.174,110.174,2
2012-09-26 13:42:00,110.174,110.174,110.174,110.174,1
2012-09-26 13:44:00,110.181,110.181,110.181,110.181,1
2012-09-26 13:45:00,110.174,110.174,110.174,110.174,1
2012-09-26 13:47:00,110.181,110.181,110.181,110.181,1
2012-09-26 13:48:00,110.174,110.181,110.174,110.174,5
2012-09-26 13:50:00,110.181,110.181,110.181,110.181,1
2012-09-26 13:51:00,110.174,110.174,110.174,110.174,1
2012-09-26 13:52:00,110.174,110.181,110.174,110.181,2
2012-09-26 13:53:00,110.174,110.181,110.174,110.181,2
2012-09-26 13:55:00,110.181,110.181,110.181,110.181,1
2012-09-26 13:56:00,110.181,110.181,110.174,110.174,2
2012-09-26 13:58:00,110.174,110.174,110.174,110.174,1
2012-09-26 13:59:00,110.181,110.181,110.174,110.181,7
2012-09-26 14:02:00,110.189,110.189,110.181,110.189,3
2012-09-26 14:03:00,110.181,110.181,110.181,110.181,1
2012-09-26 14:04:00,110.181,110.181,110.174,110.174,4
2012-09-26 14:06:00,110.181,110.189,110.181,110.189,2
2012-09-26 14:07:00,110.189,110.189,110.181,110.189,3
2012-09-26 14:08:00,110.181,110.181,110.181,110.181,1
2012-09-26 14:10:00,110.189,110.189,110.181,110.189,3
2012-09-26 14:11:00,110.181,110.189,110.181,110.181,3
2012-09-26 14:13:00,110.189,110.189,110.189,110.189,1
2012-09-26 14:14:00,110.181,110.181,110.181,110.181,1
2012-09-26 14:16:00,110.189,110.189,110.189,110.189,1
2012-09-26 14:17:00,110.181,110.181,110.181,110.181,1
2012-09-26 14:20:00,110.181,110.189,110.181,110.189,4
2012-09-26 14:23:00,110.181,110.189,110.181,110.189,4
2012-09-26 14:24:00,110.181,110.189,110.181,110.189,2
2012-09-26 14:26:00,110.181,110.189,110.181,110.189,2
2012-09-26 14:28:00,110.181,110.189,110.181,110.189,4
2012-09-26 14:29:00,110.189,110.189,110.189,110.189,1
2012-09-26 14:30:00,110.181,110.189,110.181,110.181,3
2012-09-26 14:31:00,110.181,110.189,110.181,110.189,2
2012-09-26 14:32:00,110.189,110.189,110.189,110.189,1
2012-09-26 14:33:00,110.181,110.181,110.181,110.181,1
2012-09-26 14:34:00,110.189,110.189,110.181,110.189,3
2012-09-26 14:35:00,110.189,110.189,110.181,110.181,6
2012-09-26 14:36:00,110.197,110.197,110.181,110.181,5
2012-09-26 14:38:00,110.189,110.189,110.189,110.189,1
2012-09-26 14:39:00,110.189,110.197,110.189,110.197,2
2012-09-26 14:40:00,110.197,110.197,110.197,110.197,1
2012-09-26 14:41:00,110.189,110.189,110.189,110.189,1
2012-09-26 14:42:00,110.189,110.197,110.189,110.197,2
2012-09-26 14:43:00,110.197,110.197,110.197,110.197,1
2012-09-26 14:44:00,110.189,110.189,110.189,110.189,1
2012-09-26 14:45:00,110.197,110.197,110.189,110.197,3
2012-09-26 14:46:00,110.197,110.205,110.189,110.189,8
2012-09-26 14:48:00,110.189,110.189,110.189,110.189,1
2012-09-26 14:50:00,110.189,110.197,110.189,110.197,2
2012-09-26 14:51:00,110.197,110.197,110.197,110.197,1
2012-09-26 14:53:00,110.205,110.205,110.205,110.205,1
2012-09-26 14:54:00,110.197,110.197,110.197,110.197,1
2012-09-26 14:55:00,110.205,110.205,110.197,110.205,3
2012-09-26 14:56:00,110.197,110.197,110.197,110.197,1
2012-09-26 15:00:00,110.197,110.205,110.197,110.205,2
2012-09-26 15:01:00,110.197,110.205,110.197,110.205,4
2012-09-26 15:04:00,110.197,110.205,110.197,110.205,4
2012-09-26 15:05:00,110.205,110.205,110.205,110.205,1
2012-09-26 15:06:00,110.205,110.205,110.197,110.197,2
2012-09-26 15:07:00,110.197,110.205,110.197,110.197,3
2012-09-26 15:09:00,110.197,110.205,110.197,110.205,2
2012-09-26 15:10:00,110.197,110.205,110.197,110.205,4
2012-09-26 15:12:00,110.197,110.197,110.189,110.189,2
2012-09-26 15:13:00,110.197,110.197,110.189,110.189,2
2012-09-26 15:14:00,110.197,110.197,110.189,110.189,2
2012-09-26 15:15:00,110.197,110.205,110.197,110.205,4
2012-09-26 15:18:00,110.197,110.205,110.197,110.205,2
2012-09-26 15:20:00,110.205,110.205,110.205,110.205,1
2012-09-26 15:21:00,110.197,110.197,110.197,110.197,1
2012-09-26 15:27:00,110.189,110.197,110.189,110.189,3
2012-09-26 15:28:00,110.197,110.197,110.197,110.197,1
2012-09-26 15:30:00,110.189,110.189,110.189,110.189,1
2012-09-26 15:31:00,110.197,110.197,110.189,110.197,3
2012-09-26 15:32:00,110.189,110.189,110.189,110.189,1
2012-09-26 15:33:00,110.197,110.197,110.189,110.197,3
2012-09-26 15:34:00,110.189,110.197,110.189,110.189,3
2012-09-26 15:35:00,110.197,110.197,110.197,110.197,1
2012-09-26 15:36:00,110.189,110.189,110.189,110.189,1
2012-09-26 15:37:00,110.197,110.197,110.197,110.197,1
2012-09-26 15:38:00,110.189,110.197,110.189,110.189,3
2012-09-26 15:39:00,110.197,110.197,110.197,110.197,1
2012-09-26 15:40:00,110.189,110.189,110.189,110.189,1
2012-09-26 15:42:00,110.197,110.197,110.197,110.197,1
2012-09-26 15:43:00,110.189,110.197,110.189,110.189,5
2012-09-26 15:44:00,110.189,110.197,110.189,110.197,2
2012-09-26 15:47:00,110.189,110.197,110.189,110.197,2
2012-09-26 15:48:00,110.189,110.197,110.189,110.197,2
2012-09-26 15:49:00,110.197,110.197,110.197,110.197,1
2012-09-26 15:50:00,110.197,110.197,110.189,110.189,2
2012-09-26 15:51:00,110.189,110.189,110.189,110.189,1
2012-09-26 15:52:00,110.189,110.197,110.189,110.197,2
2012-09-26 15:53:00,110.189,110.197,110.189,110.197,2
2012-09-26 15:54:00,110.189,110.197,110.189,110.197,2
2012-09-26 15:56:00,110.189,110.197,110.189,110.197,2
2012-09-26 15:58:00,110.189,110.197,110.189,110.197,2
2012-09-26 16:00:00,110.197,110.197,110.189,110.197,3
2012-09-26 16:01:00,110.189,110.189,110.189,110.189,1
2012-09-26 16:02:00,110.189,110.197,110.189,110.197,2
2012-09-26 16:03:00,110.189,110.197,110.189,110.197,2
2012-09-26 16:06:00,110.189,110.197,110.189,110.197,2
2012-09-26 16:08:00,110.197,110.197,110.197,110.197,1
2012-09-26 16:09:00,110.189,110.197,110.189,110.189,3
2012-09-26 16:10:00,110.197,110.197,110.197,110.197,1
2012-09-26 16:11:00,110.189,110.189,110.189,110.189,1
2012-09-26 16:12:00,110.197,110.197,110.197,110.197,1
2012-09-26 16:13:00,110.189,110.189,110.189,110.189,1
2012-09-26 16:14:00,110.197,110.197,110.189,110.197,3
2012-09-26 16:15:00,110.189,110.189,110.189,110.189,1
2012-09-26 16:16:00,110.197,110.197,110.197,110.197,1
2012-09-26 16:17:00,110.189,110.197,110.189,110.189,3
2012-09-26 16:18:00,110.189,110.197,110.189,110.197,2
2012-09-26 16:19:00,110.189,110.197,110.189,110.197,2
2012-09-26 16:20:00,110.189,110.197,110.189,110.197,2
2012-09-26 16:21:00,110.197,110.197,110.197,110.197,1
2012-09-26 16:22:00,110.189,110.189,110.189,110.189,1
2012-09-26 16:23:00,110.197,110.197,110.197,110.197,1
2012-09-26 16:24:00,110.189,110.189,110.189,110.189,1
2012-09-26 16:25:00,110.197,110.197,110.197,110.197,1
2012-09-26 16:26:00,110.189,110.189,110.189,110.189,1
2012-09-26 16:27:00,110.189,110.197,110.189,110.197,2
2012-09-26 16:29:00,110.189,110.197,110.189,110.197,2
2012-09-26 16:31:00,110.197,110.197,110.197,110.197,1
2012-09-26 16:32:00,110.189,110.189,110.189,110.189,1
2012-09-26 16:33:00,110.197,110.197,110.197,110.197,1
2012-09-26 16:34:00,110.189,110.189,110.189,110.189,1
2012-09-26 16:36:00,110.189,110.197,110.189,110.197,2
2012-09-26 16:37:00,110.189,110.197,110.189,110.197,2
2012-09-26 16:38:00,110.189,110.197,110.189,110.197,4
2012-09-26 16:40:00,110.189,110.197,110.189,110.197,2
2012-09-26 16:41:00,110.197,110.197,110.197,110.197,1
2012-09-26 16:42:00,110.189,110.189,110.189,110.189,1
2012-09-26 16:48:00,110.189,110.197,110.189,110.197,2
2012-09-26 16:49:00,110.197,110.197,110.197,110.197,1
2012-09-26 16:50:00,110.189,110.197,110.189,110.189,3
2012-09-26 16:52:00,110.197,110.197,110.197,110.197,1
2012-09-26 16:53:00,110.189,110.189,110.189,110.189,1
2012-09-26 16:54:00,110.197,110.197,110.197,110.197,1
2012-09-26 16:55:00,110.189,110.189,110.189,110.189,1
2012-09-26 16:56:00,110.197,110.197,110.197,110.197,1
2012-09-26 16:57:00,110.189,110.189,110.189,110.189,1
2012-09-26 16:59:00,110.189,110.197,110.189,110.197,2
2012-09-26 17:00:00,110.189,110.197,110.189,110.197,2
2012-09-26 17:01:00,110.197,110.197,110.189,110.197,3
2012-09-26 17:07:00,110.189,110.189,110.189,110.189,1
2012-09-26 17:08:00,110.197,110.197,110.197,110.197,1
2012-09-26 17:09:00,110.189,110.189,110.189,110.189,1
2012-09-26 17:10:00,110.197,110.197,110.197,110.197,1
2012-09-26 17:13:00,110.189,110.189,110.189,110.189,1
2012-09-26 17:14:00,110.197,110.197,110.197,110.197,1
2012-09-26 17:19:00,110.189,110.189,110.189,110.189,1
2012-09-26 17:21:00,110.197,110.197,110.197,110.197,1
2012-09-26 17:24:00,110.189,110.197,110.189,110.189,3
2012-09-26 17:25:00,110.197,110.197,110.189,110.197,3
2012-09-26 17:26:00,110.189,110.189,110.189,110.189,1
2012-09-26 17:27:00,110.197,110.197,110.197,110.197,1
2012-09-26 17:30:00,110.189,110.189,110.189,110.189,1
2012-09-26 17:31:00,110.197,110.197,110.197,110.197,1
2012-09-26 17:49:00,110.197,110.205,110.197,110.205,6
2012-09-26 17:50:00,110.197,110.205,110.197,110.205,4
2012-09-26 17:51:00,110.205,110.205,110.205,110.205,1
2012-09-26 17:53:00,110.197,110.197,110.197,110.197,1
2012-09-26 17:54:00,110.197,110.205,110.197,110.205,2
2012-09-26 17:55:00,110.197,110.205,110.197,110.205,4
2012-09-26 17:56:00,110.205,110.205,110.205,110.205,1
2012-09-26 18:00:00,110.205,110.205,110.197,110.197,2
2012-09-26 18:09:00,110.197,110.205,110.197,110.197,3
2012-09-26 18:10:00,110.197,110.205,110.197,110.205,2
2012-09-26 18:11:00,110.205,110.205,110.205,110.205,1
2012-09-26 18:13:00,110.197,110.197,110.197,110.197,1
2012-09-26 18:15:00,110.205,110.205,110.205,110.205,1
2012-09-26 18:16:00,110.205,110.205,110.197,110.197,2
2012-09-26 18:21:00,110.205,110.205,110.197,110.197,2
2012-09-26 18:25:00,110.205,110.205,110.197,110.197,2
2012-09-26 18:40:00,110.197,110.205,110.197,110.197,5
2012-09-26 18:41:00,110.205,110.205,110.205,110.205,1
2012-09-26 18:50:00,110.205,110.205,110.197,110.197,4
2012-09-26 18:57:00,110.197,110.205,110.197,110.197,5
2012-09-26 18:58:00,110.197,110.205,110.197,110.205,2
2012-09-26 18:59:00,110.205,110.213,110.197,110.205,25
2012-09-26 19:00:00,110.205,110.213,110.205,110.213,4
2012-09-26 19:02:00,110.205,110.205,110.197,110.197,6
2012-09-26 19:06:00,110.213,110.213,110.213,110.213,1
2012-09-26 19:14:00,110.205,110.205,110.205,110.205,1
2012-09-26 19:15:00,110.213,110.213,110.213,110.213,1
2012-09-26 19:17:00,110.205,110.205,110.205,110.205,1
2012-09-26 19:21:00,110.213,110.213,110.213,110.213,1
2012-09-26 19:25:00,110.205,110.205,110.205,110.205,1
2012-09-26 19:30:00,110.213,110.213,110.205,110.213,3
2012-09-26 19:41:00,110.205,110.205,110.205,110.205,1
2012-09-26 19:43:00,110.213,110.213,110.213,110.213,1
2012-09-26 19:45:00,110.205,110.205,110.205,110.205,1
2012-09-26 19:50:00,110.213,110.213,110.213,110.213,1
2012-09-26 19:59:00,110.205,110.205,110.205,110.205,1
2012-09-26 20:00:00,110.205,110.213,110.205,110.213,4
2012-09-26 20:04:00,110.213,110.213,110.213,110.213,1
2012-09-26 20:14:00,110.205,110.205,110.205,110.205,1
2012-09-26 20:20:00,110.213,110.213,110.213,110.213,1
2012-09-26 20:26:00,110.205,110.205,110.205,110.205,1
2012-09-26 20:35:00,110.213,110.213,110.213,110.213,1
2012-09-26 20:37:00,110.205,110.205,110.205,110.205,1
2012-09-26 20:45:00,110.213,110.213,110.213,110.213,1
2012-09-26 20:53:00,110.205,110.213,110.205,110.205,3
2012-09-26 20:55:00,110.213,110.213,110.213,110.213,1
2012-09-26 20:56:00,110.213,110.213,110.205,110.205,2
2012-09-26 20:59:00,110.205,110.213,110.205,110.205,7
2012-09-26 22:24:00,110.213,110.213,110.213,110.213,1
2012-09-26 22:49:00,110.205,110.205,110.205,110.205,1
2012-09-26 22:50:00,110.213,110.213,110.197,110.197,4
2012-09-26 22:54:00,110.205,110.205,110.205,110.205,1
2012-09-26 23:46:00,110.197,110.197,110.197,110.197,1
2012-09-26 23:59:00,110.205,110.205,110.205,110.205,1
2012-09-27 00:30:00,110.197,110.197,110.197,110.197,1
2012-09-27 00:33:00,110.205,110.205,110.205,110.205,1
2012-09-27 00:56:00,110.197,110.197,110.197,110.197,1
2012-09-27 01:54:00,110.205,110.205,110.205,110.205,1
2012-09-27 01:58:00,110.197,110.197,110.197,110.197,1
2012-09-27 02:07:00,110.189,110.189,110.189,110.189,1
2012-09-27 02:11:00,110.197,110.197,110.197,110.197,1
2012-09-27 03:07:00,110.189,110.189,110.189,110.189,1
2012-09-27 03:09:00,110.197,110.197,110.197,110.197,1
2012-09-27 03:19:00,110.189,110.189,110.189,110.189,1
2012-09-27 03:21:00,110.197,110.197,110.197,110.197,1
2012-09-27 03:32:00,110.197,110.197,110.189,110.189,2
2012-09-27 03:33:00,110.205,110.205,110.205,110.205,1
2012-09-27 03:48:00,110.189,110.197,110.189,110.197,2
2012-09-27 04:09:00,110.197,110.197,110.197,110.197,1
2012-09-27 04:18:00,110.189,110.189,110.189,110.189,1
2012-09-27 04:19:00,110.197,110.197,110.197,110.197,1
2012-09-27 04:22:00,110.189,110.189,110.189,110.189,1
2012-09-27 04:28:00,110.189,110.197,110.189,110.197,2
2012-09-27 04:54:00,110.197,110.197,110.197,110.197,1
2012-09-27 04:56:00,110.189,110.189,110.189,110.189,1
2012-09-27 05:06:00,110.197,110.197,110.197,110.197,1
2012-09-27 05:10:00,110.189,110.189,110.189,110.189,1
2012-09-27 05:16:00,110.197,110.197,110.197,110.197,1
2012-09-27 05:19:00,110.189,110.189,110.189,110.189,1
2012-09-27 05:30:00,110.189,110.189,110.181,110.181,4
2012-09-27 05:47:00,110.181,110.181,110.181,110.181,1
2012-09-27 05:51:00,110.189,110.189,110.189,110.189,1
2012-09-27 06:03:00,110.181,110.181,110.181,110.181,1
2012-09-27 06:08:00,110.181,110.189,110.181,110.189,2
2012-09-27 06:18:00,110.189,110.189,110.189,110.189,1
2012-09-27 06:23:00,110.181,110.181,110.181,110.181,1
2012-09-27 06:26:00,110.189,110.189,110.189,110.189,1
2012-09-27 06:35:00,110.181,110.181,110.181,110.181,1
2012-09-27 06:47:00,110.189,110.189,110.189,110.189,1
2012-09-27 06:54:00,110.181,110.181,110.181,110.181,1
2012-09-27 07:00:00,110.181,110.189,110.181,110.189,2
2012-09-27 07:01:00,110.189,110.189,110.189,110.189,1
2012-09-27 07:05:00,110.189,110.189,110.181,110.181,4
2012-09-27 07:13:00,110.181,110.181,110.181,110.181,1
2012-09-27 07:15:00,110.189,110.189,110.189,110.189,1
2012-09-27 07:23:00,110.181,110.189,110.181,110.181,3
2012-09-27 07:24:00,110.189,110.189,110.189,110.189,1
2012-09-27 07:26:00,110.181,110.181,110.181,110.181,1
2012-09-27 07:27:00,110.189,110.189,110.189,110.189,1
2012-09-27 07:28:00,110.189,110.189,110.181,110.181,2
2012-09-27 07:32:00,110.181,110.181,110.181,110.181,1
2012-09-27 07:33:00,110.189,110.189,110.189,110.189,1
2012-09-27 07:35:00,110.181,110.181,110.181,110.181,1
2012-09-27 07:36:00,110.189,110.189,110.189,110.189,1
2012-09-27 07:37:00,110.181,110.181,110.181,110.181,1
2012-09-27 07:38:00,110.181,110.189,110.181,110.189,2
2012-09-27 07:41:00,110.189,110.189,110.189,110.189,1
2012-09-27 07:45:00,110.181,110.181,110.181,110.181,1
2012-09-27 07:46:00,110.189,110.189,110.181,110.189,5
2012-09-27 08:00:00,110.197,110.197,110.197,110.197,1
2012-09-27 08:02:00,110.189,110.189,110.189,110.189,1
2012-09-27 08:19:00,110.189,110.197,110.189,110.197,2
2012-09-27 08:34:00,110.197,110.197,110.197,110.197,1
2012-09-27 08:37:00,110.189,110.189,110.189,110.189,1
2012-09-27 08:48:00,110.197,110.197,110.189,110.197,7
2012-09-27 08:50:00,110.189,110.189,110.189,110.189,1
2012-09-27 08:56:00,110.197,110.197,110.197,110.197,1
2012-09-27 08:58:00,110.189,110.189,110.189,110.189,1
2012-09-27 09:00:00,110.189,110.197,110.189,110.197,2
2012-09-27 09:01:00,110.197,110.197,110.197,110.197,1
2012-09-27 09:04:00,110.189,110.189,110.189,110.189,1
2012-09-27 09:07:00,110.197,110.197,110.197,110.197,1
2012-09-27 09:08:00,110.189,110.189,110.189,110.189,1
2012-09-27 09:10:00,110.197,110.197,110.197,110.197,1
2012-09-27 09:16:00,110.189,110.189,110.189,110.189,1
2012-09-27 09:19:00,110.205,110.205,110.197,110.197,2
2012-09-27 09:20:00,110.197,110.197,110.197,110.197,1
2012-09-27 09:27:00,110.205,110.205,110.205,110.205,1
2012-09-27 09:28:00,110.197,110.197,110.197,110.197,1
2012-09-27 09:32:00,110.205,110.205,110.205,110.205,1
2012-09-27 09:34:00,110.205,110.205,110.197,110.197,2
2012-09-27 09:36:00,110.197,110.197,110.197,110.197,1
2012-09-27 09:41:00,110.205,110.205,110.205,110.205,1
2012-09-27 09:46:00,110.197,110.197,110.197,110.197,1
2012-09-27 10:10:00,110.205,110.205,110.197,110.205,5
2012-09-27 10:12:00,110.197,110.205,110.197,110.197,3
2012-09-27 10:13:00,110.205,110.205,110.205,110.205,1
2012-09-27 10:16:00,110.197,110.197,110.197,110.197,1
2012-09-27 10:18:00,110.205,110.205,110.205,110.205,1
2012-09-27 10:19:00,110.197,110.197,110.197,110.197,1
2012-09-27 10:49:00,110.205,110.205,110.205,110.205,1
2012-09-27 10:51:00,110.197,110.197,110.197,110.197,1
2012-09-27 10:55:00,110.205,110.205,110.205,110.205,1
2012-09-27 10:58:00,110.205,110.205,110.197,110.197,2
2012-09-27 11:00:00,110.205,110.205,110.197,110.197,2
2012-09-27 11:04:00,110.205,110.205,110.197,110.197,4
2012-09-27 11:05:00,110.205,110.205,110.197,110.197,2
2012-09-27 11:08:00,110.197,110.197,110.197,110.197,1
2012-09-27 11:09:00,110.205,110.205,110.205,110.205,1
2012-09-27 11:10:00,110.205,110.205,110.197,110.197,2
2012-09-27 11:16:00,110.205,110.205,110.197,110.197,2
2012-09-27 11:19:00,110.205,110.205,110.197,110.197,2
2012-09-27 11:21:00,110.205,110.205,110.197,110.197,6
2012-09-27 11:22:00,110.205,110.205,110.197,110.197,2
2012-09-27 11:28:00,110.205,110.205,110.197,110.197,2
2012-09-27 11:29:00,110.205,110.205,110.197,110.197,2
2012-09-27 11:33:00,110.197,110.197,110.197,110.197,1
2012-09-27 11:47:00,110.205,110.205,110.205,110.205,1
2012-09-27 11:49:00,110.197,110.197,110.197,110.197,1
2012-09-27 11:53:00,110.205,110.205,110.205,110.205,1
2012-09-27 11:58:00,110.197,110.197,110.197,110.197,1
2012-09-27 11:59:00,110.205,110.205,110.197,110.205,3
2012-09-27 12:00:00,110.197,110.197,110.197,110.197,1
2012-09-27 12:01:00,110.205,110.205,110.205,110.205,1
2012-09-27 12:02:00,110.197,110.197,110.197,110.197,1
2012-09-27 12:03:00,110.205,110.205,110.205,110.205,1
2012-09-27 12:04:00,110.205,110.205,110.197,110.197,2
2012-09-27 12:08:00,110.205,110.205,110.197,110.197,2
2012-09-27 12:10:00,110.205,110.205,110.197,110.197,2
2012-09-27 12:11:00,110.197,110.197,110.197,110.197,1
2012-09-27 12:12:00,110.205,110.205,110.205,110.205,1
2012-09-27 12:13:00,110.205,110.205,110.197,110.197,2
2012-09-27 12:16:00,110.197,110.205,110.197,110.197,3
2012-09-27 12:20:00,110.197,110.205,110.197,110.205,10
2012-09-27 12:21:00,110.205,110.205,110.197,110.205,3
2012-09-27 12:22:00,110.205,110.205,110.197,110.197,2
2012-09-27 12:24:00,110.197,110.205,110.197,110.197,3
2012-09-27 12:25:00,110.205,110.205,110.197,110.205,3
2012-09-27 12:28:00,110.205,110.205,110.197,110.197,2
2012-09-27 12:29:00,110.205,110.205,110.197,110.197,4
2012-09-27 12:30:00,110.205,110.213,110.197,110.197,16
2012-09-27 12:31:00,110.205,110.205,110.197,110.197,4
2012-09-27 12:32:00,110.205,110.205,110.197,110.197,4
2012-09-27 12:33:00,110.205,110.205,110.197,110.197,2
2012-09-27 12:34:00,110.205,110.205,110.197,110.197,2
2012-09-27 12:35:00,110.197,110.205,110.197,110.197,3
2012-09-27 12:36:00,110.205,110.205,110.205,110.205,1
2012-09-27 12:40:00,110.205,110.205,110.197,110.197,2
2012-09-27 12:44:00,110.205,110.205,110.197,110.197,4
2012-09-27 12:46:00,110.205,110.205,110.197,110.197,6
2012-09-27 12:52:00,110.205,110.205,110.197,110.197,2
2012-09-27 12:57:00,110.205,110.205,110.197,110.197,4
2012-09-27 12:58:00,110.205,110.205,110.197,110.197,2
2012-09-27 13:00:00,110.205,110.205,110.197,110.197,2
2012-09-27 13:02:00,110.205,110.205,110.197,110.197,4
2012-09-27 13:04:00,110.205,110.205,110.197,110.197,2
2012-09-27 13:08:00,110.205,110.205,110.197,110.197,4
2012-09-27 13:10:00,110.205,110.205,110.197,110.197,2
2012-09-27 13:11:00,110.205,110.205,110.197,110.197,2
2012-09-27 13:16:00,110.205,110.205,110.197,110.197,2
2012-09-27 13:17:00,110.205,110.205,110.197,110.197,2
2012-09-27 13:22:00,110.205,110.205,110.197,110.197,2
2012-09-27 13:23:00,110.205,110.205,110.197,110.197,2
2012-09-27 13:28:00,110.205,110.205,110.197,110.197,4
2012-09-27 13:29:00,110.205,110.205,110.197,110.197,2
2012-09-27 13:34:00,110.205,110.205,110.197,110.197,2
2012-09-27 13:35:00,110.205,110.205,110.197,110.197,2
2012-09-27 13:37:00,110.205,110.205,110.197,110.197,2
2012-09-27 13:40:00,110.205,110.205,110.197,110.197,2
2012-09-27 13:42:00,110.197,110.197,110.197,110.197,1
2012-09-27 13:44:00,110.197,110.205,110.197,110.205,4
2012-09-27 13:46:00,110.205,110.205,110.205,110.205,1
2012-09-27 13:47:00,110.197,110.197,110.197,110.197,1
2012-09-27 13:48:00,110.205,110.205,110.205,110.205,1
2012-09-27 13:50:00,110.197,110.197,110.197,110.197,1
2012-09-27 13:51:00,110.205,110.205,110.197,110.205,3
2012-09-27 13:52:00,110.205,110.205,110.197,110.197,2
2012-09-27 13:55:00,110.205,110.205,110.197,110.197,4
2012-09-27 13:56:00,110.197,110.205,110.197,110.197,9
2012-09-27 13:57:00,110.205,110.205,110.205,110.205,1
2012-09-27 13:58:00,110.205,110.205,110.197,110.197,4
2012-09-27 13:59:00,110.197,110.205,110.197,110.197,3
2012-09-27 14:00:00,110.205,110.205,110.205,110.205,1
2012-09-27 14:05:00,110.205,110.205,110.197,110.197,4
2012-09-27 14:07:00,110.213,110.213,110.213,110.213,1
2012-09-27 14:08:00,110.205,110.213,110.205,110.205,3
2012-09-27 14:09:00,110.205,110.213,110.205,110.213,2
2012-09-27 14:10:00,110.205,110.213,110.205,110.213,4
2012-09-27 14:16:00,110.197,110.205,110.197,110.197,5
2012-09-27 14:17:00,110.205,110.205,110.205,110.205,1
2012-09-27 14:22:00,110.197,110.197,110.197,110.197,1
2012-09-27 14:24:00,110.205,110.205,110.205,110.205,1
2012-09-27 14:34:00,110.205,110.205,110.197,110.197,2
2012-09-27 14:36:00,110.213,110.213,110.205,110.213,3
2012-09-27 14:37:00,110.205,110.205,110.205,110.205,1
2012-09-27 14:38:00,110.213,110.213,110.205,110.213,5
2012-09-27 14:39:00,110.213,110.213,110.205,110.205,2
2012-09-27 14:40:00,110.205,110.213,110.205,110.205,3
2012-09-27 14:41:00,110.213,110.213,110.213,110.213,1
2012-09-27 14:42:00,110.213,110.213,110.205,110.205,4
2012-09-27 14:43:00,110.205,110.213,110.205,110.205,3
2012-09-27 14:44:00,110.205,110.213,110.205,110.213,6
2012-09-27 14:45:00,110.205,110.213,110.205,110.213,2
2012-09-27 14:46:00,110.205,110.205,110.197,110.197,2
2012-09-27 14:48:00,110.205,110.213,110.205,110.213,2
2012-09-27 14:49:00,110.205,110.213,110.205,110.213,4
2012-09-27 14:50:00,110.213,110.213,110.213,110.213,1
2012-09-27 14:52:00,110.213,110.213,110.205,110.205,2
2012-09-27 14:54:00,110.205,110.205,110.205,110.205,1
2012-09-27 14:55:00,110.213,110.213,110.213,110.213,1
2012-09-27 14:56:00,110.213,110.213,110.205,110.205,2
2012-09-27 14:57:00,110.213,110.213,110.205,110.205,2
2012-09-27 14:58:00,110.205,110.205,110.205,110.205,1
2012-09-27 15:00:00,110.205,110.213,110.197,110.213,6
2012-09-27 15:03:00,110.205,110.213,110.205,110.213,6
2012-09-27 15:04:00,110.205,110.205,110.197,110.197,2
2012-09-27 15:08:00,110.213,110.213,110.205,110.213,3
2012-09-27 15:09:00,110.205,110.205,110.205,110.205,1
2012-09-27 15:10:00,110.205,110.213,110.205,110.213,4
2012-09-27 15:11:00,110.213,110.213,110.213,110.213,1
2012-09-27 15:12:00,110.205,110.213,110.205,110.205,3
2012-09-27 15:13:00,110.213,110.213,110.213,110.213,1
2012-09-27 15:15:00,110.213,110.213,110.205,110.205,2
2012-09-27 15:16:00,110.213,110.213,110.205,110.205,2
2012-09-27 15:22:00,110.213,110.213,110.205,110.205,2
2012-09-27 15:28:00,110.213,110.213,110.205,110.205,2
2012-09-27 15:30:00,110.205,110.205,110.205,110.205,1
2012-09-27 15:34:00,110.213,110.213,110.213,110.213,1
2012-09-27 15:46:00,110.213,110.213,110.205,110.205,2
2012-09-27 15:52:00,110.205,110.205,110.205,110.205,1
2012-09-27 15:56:00,110.213,110.213,110.213,110.213,1
2012-09-27 15:58:00,110.205,110.213,110.205,110.205,3
2012-09-27 16:00:00,110.213,110.213,110.213,110.213,1
2012-09-27 16:04:00,110.205,110.205,110.205,110.205,1
2012-09-27 16:05:00,110.213,110.213,110.213,110.213,1
2012-09-27 16:07:00,110.205,110.205,110.205,110.205,1
2012-09-27 16:10:00,110.213,110.213,110.213,110.213,1
2012-09-27 16:15:00,110.213,110.221,110.213,110.221,4
2012-09-27 16:17:00,110.221,110.221,110.221,110.221,1
2012-09-27 16:22:00,110.221,110.221,110.213,110.213,2
2012-09-27 16:27:00,110.221,110.221,110.213,110.213,2
2012-09-27 16:28:00,110.221,110.221,110.213,110.213,2
2012-09-27 16:32:00,110.221,110.221,110.213,110.213,2
2012-09-27 16:34:00,110.221,110.221,110.213,110.213,2
2012-09-27 16:38:00,110.221,110.221,110.213,110.213,2
2012-09-27 16:40:00,110.221,110.221,110.213,110.213,2
2012-09-27 16:46:00,110.221,110.221,110.213,110.213,2
2012-09-27 16:52:00,110.221,110.221,110.213,110.213,2
2012-09-27 16:53:00,110.221,110.221,110.213,110.213,2
2012-09-27 16:55:00,110.221,110.221,110.213,110.213,6
2012-09-27 16:56:00,110.221,110.221,110.213,110.213,4
2012-09-27 16:58:00,110.221,110.221,110.213,110.213,2
2012-09-27 16:59:00,110.221,110.221,110.213,110.213,2
2012-09-27 17:00:00,110.221,110.221,110.213,110.213,2
2012-09-27 17:01:00,110.221,110.221,110.213,110.213,2
2012-09-27 17:03:00,110.213,110.213,110.213,110.213,1
2012-09-27 17:05:00,110.221,110.221,110.221,110.221,1
2012-09-27 17:13:00,110.213,110.221,110.213,110.213,5
2012-09-27 17:14:00,110.221,110.221,110.213,110.221,3
2012-09-27 17:22:00,110.221,110.221,110.213,110.213,2
2012-09-27 17:27:00,110.213,110.221,110.213,110.213,3
2012-09-27 17:28:00,110.221,110.221,110.221,110.221,1
2012-09-27 17:45:00,110.213,110.221,110.213,110.213,3
2012-09-27 17:46:00,110.221,110.221,110.221,110.221,1
2012-09-27 17:48:00,110.221,110.221,110.213,110.213,2
2012-09-27 17:53:00,110.221,110.221,110.213,110.213,2
2012-09-27 17:55:00,110.221,110.221,110.213,110.213,2
2012-09-27 17:58:00,110.221,110.221,110.213,110.213,2
2012-09-27 18:00:00,110.221,110.221,110.213,110.213,2
2012-09-27 18:02:00,110.221,110.221,110.213,110.213,4
2012-09-27 18:03:00,110.213,110.221,110.213,110.213,3
2012-09-27 18:04:00,110.221,110.221,110.213,110.221,3
2012-09-27 18:05:00,110.221,110.221,110.213,110.213,2
2012-09-27 18:06:00,110.221,110.221,110.213,110.213,4
2012-09-27 18:07:00,110.221,110.221,110.213,110.213,2
2012-09-27 18:08:00,110.221,110.221,110.213,110.213,2
2012-09-27 18:09:00,110.213,110.221,110.213,110.213,3
2012-09-27 18:10:00,110.213,110.221,110.213,110.221,2
2012-09-27 18:11:00,110.213,110.221,110.213,110.221,2
2012-09-27 18:15:00,110.213,110.221,110.213,110.221,2
2012-09-27 18:16:00,110.221,110.221,110.221,110.221,1
2012-09-27 18:17:00,110.213,110.213,110.213,110.213,1
2012-09-27 18:20:00,110.213,110.221,110.213,110.221,2
2012-09-27 18:21:00,110.213,110.221,110.213,110.221,2
2012-09-27 18:22:00,110.221,110.221,110.221,110.221,1
2012-09-27 18:23:00,110.213,110.221,110.213,110.213,3
2012-09-27 18:24:00,110.213,110.221,110.213,110.221,4
2012-09-27 18:25:00,110.221,110.221,110.213,110.221,5
2012-09-27 18:26:00,110.221,110.221,110.213,110.213,2
2012-09-27 18:27:00,110.213,110.221,110.213,110.213,3
2012-09-27 18:28:00,110.221,110.221,110.213,110.221,3
2012-09-27 18:29:00,110.221,110.221,110.213,110.213,2
2012-09-27 18:30:00,110.221,110.221,110.213,110.213,4
2012-09-27 18:31:00,110.213,110.221,110.213,110.213,5
2012-09-27 18:32:00,110.213,110.221,110.213,110.221,4
2012-09-27 18:33:00,110.221,110.221,110.213,110.221,5
2012-09-27 18:34:00,110.221,110.221,110.213,110.213,2
2012-09-27 18:35:00,110.221,110.221,110.213,110.213,2
2012-09-27 18:36:00,110.221,110.221,110.213,110.213,4
2012-09-27 18:37:00,110.213,110.221,110.213,110.213,7
2012-09-27 18:38:00,110.213,110.221,110.213,110.221,2
2012-09-27 18:39:00,110.221,110.221,110.221,110.221,1
2012-09-27 18:40:00,110.221,110.221,110.213,110.213,4
2012-09-27 18:41:00,110.213,110.221,110.213,110.213,3
2012-09-27 18:42:00,110.221,110.221,110.213,110.221,5
2012-09-27 18:43:00,110.221,110.221,110.213,110.213,4
2012-09-27 18:44:00,110.213,110.221,110.213,110.213,5
2012-09-27 18:45:00,110.221,110.221,110.213,110.221,3
2012-09-27 18:46:00,110.213,110.221,110.213,110.213,3
2012-09-27 18:47:00,110.213,110.221,110.213,110.221,4
2012-09-27 18:48:00,110.213,110.221,110.213,110.221,4
2012-09-27 18:49:00,110.221,110.221,110.213,110.221,3
2012-09-27 18:50:00,110.213,110.221,110.213,110.213,3
2012-09-27 18:51:00,110.221,110.221,110.213,110.221,3
2012-09-27 18:52:00,110.221,110.221,110.213,110.213,2
2012-09-27 18:53:00,110.213,110.213,110.213,110.213,1
2012-09-27 18:54:00,110.213,110.221,110.213,110.221,2
2012-09-27 18:55:00,110.213,110.221,110.213,110.221,2
2012-09-27 18:56:00,110.221,110.221,110.221,110.221,1
2012-09-27 18:57:00,110.228,110.228,110.213,110.213,5
2012-09-27 18:58:00,110.228,110.228,110.221,110.221,6
2012-09-27 18:59:00,110.221,110.228,110.221,110.221,79
2012-09-27 19:00:00,110.228,110.228,110.221,110.228,3
2012-09-27 19:01:00,110.221,110.228,110.221,110.221,3
2012-09-27 19:02:00,110.221,110.228,110.221,110.228,2
2012-09-27 19:03:00,110.236,110.236,110.228,110.228,4
2012-09-27 19:04:00,110.228,110.236,110.228,110.228,9
2012-09-27 19:05:00,110.228,110.236,110.228,110.236,4
2012-09-27 19:06:00,110.228,110.236,110.228,110.236,2
2012-09-27 19:07:00,110.236,110.236,110.228,110.236,3
2012-09-27 19:08:00,110.228,110.228,110.228,110.228,1
2012-09-27 19:09:00,110.236,110.236,110.236,110.236,1
2012-09-27 19:10:00,110.236,110.236,110.228,110.228,2
2012-09-27 19:11:00,110.228,110.236,110.228,110.228,3
2012-09-27 19:12:00,110.236,110.236,110.236,110.236,1
2012-09-27 19:13:00,110.236,110.236,110.228,110.228,2
2012-09-27 19:18:00,110.236,110.236,110.228,110.228,2
2012-09-27 19:19:00,110.236,110.236,110.228,110.228,2
2012-09-27 19:20:00,110.228,110.228,110.228,110.228,1
2012-09-27 19:22:00,110.236,110.236,110.236,110.236,1
2012-09-27 19:24:00,110.228,110.228,110.228,110.228,1
2012-09-27 19:26:00,110.236,110.236,110.228,110.236,3
2012-09-27 19:27:00,110.228,110.228,110.228,110.228,1
2012-09-27 19:28:00,110.236,110.236,110.228,110.236,5
2012-09-27 19:29:00,110.236,110.236,110.228,110.228,2
2012-09-27 19:30:00,110.228,110.228,110.228,110.228,1
2012-09-27 19:34:00,110.236,110.236,110.236,110.236,1
2012-09-27 19:35:00,110.236,110.244,110.236,110.244,4
2012-09-27 19:36:00,110.244,110.244,110.236,110.244,5
2012-09-27 19:37:00,110.236,110.244,110.236,110.236,3
2012-09-27 19:38:00,110.244,110.244,110.236,110.244,3
2012-09-27 19:43:00,110.236,110.244,110.236,110.236,3
2012-09-27 19:44:00,110.236,110.244,110.236,110.244,2
2012-09-27 19:45:00,110.244,110.244,110.244,110.244,1
2012-09-27 19:46:00,110.244,110.244,110.236,110.236,2
2012-09-27 19:53:00,110.244,110.244,110.236,110.236,2
2012-09-27 20:00:00,110.244,110.244,110.236,110.236,4
2012-09-27 20:04:00,110.236,110.236,110.236,110.236,1
2012-09-27 20:08:00,110.244,110.244,110.244,110.244,1
2012-09-27 20:13:00,110.236,110.236,110.236,110.236,1
2012-09-27 20:17:00,110.228,110.236,110.228,110.228,3
2012-09-27 20:19:00,110.228,110.236,110.228,110.236,2
2012-09-27 20:24:00,110.236,110.236,110.236,110.236,1
2012-09-27 20:27:00,110.228,110.228,110.228,110.228,1
2012-09-27 20:34:00,110.236,110.236,110.236,110.236,1
2012-09-27 20:37:00,110.228,110.228,110.228,110.228,1
2012-09-27 20:43:00,110.236,110.236,110.236,110.236,1
2012-09-27 20:44:00,110.236,110.236,110.228,110.228,4
2012-09-27 20:46:00,110.228,110.228,110.228,110.228,1
2012-09-27 20:48:00,110.236,110.236,110.236,110.236,1
2012-09-27 20:51:00,110.228,110.228,110.228,110.228,1
2012-09-27 20:59:00,110.228,110.236,110.228,110.236,6
2012-09-27 22:00:00,110.221,110.221,110.221,110.221,1
2012-09-27 22:15:00,110.228,110.228,110.228,110.228,1
2012-09-27 22:39:00,110.221,110.221,110.221,110.221,1
2012-09-27 22:42:00,110.228,110.228,110.228,110.228,1
2012-09-27 23:49:00,110.221,110.221,110.221,110.221,1
2012-09-27 23:51:00,110.228,110.228,110.228,110.228,1
2012-09-28 01:33:00,110.221,110.221,110.221,110.221,1
2012-09-28 01:37:00,110.228,110.228,110.228,110.228,1
2012-09-28 02:02:00,110.221,110.221,110.221,110.221,1
2012-09-28 02:19:00,110.228,110.228,110.228,110.228,1
2012-09-28 03:04:00,110.221,110.221,110.221,110.221,1
2012-09-28 03:28:00,110.228,110.228,110.228,110.228,1
2012-09-28 03:51:00,110.221,110.221,110.221,110.221,1
2012-09-28 04:31:00,110.221,110.228,110.221,110.228,2
2012-09-28 04:32:00,110.228,110.228,110.228,110.228,1
2012-09-28 04:36:00,110.221,110.221,110.221,110.221,1
2012-09-28 04:50:00,110.228,110.228,110.228,110.228,1
2012-09-28 04:51:00,110.228,110.228,110.221,110.221,2
2012-09-28 04:54:00,110.221,110.221,110.221,110.221,1
2012-09-28 05:11:00,110.221,110.228,110.221,110.228,4
2012-09-28 05:12:00,110.221,110.228,110.221,110.228,2
2012-09-28 05:17:00,110.228,110.228,110.228,110.228,1
2012-09-28 05:20:00,110.221,110.221,110.221,110.221,1
2012-09-28 06:00:00,110.228,110.228,110.228,110.228,1
2012-09-28 06:03:00,110.221,110.221,110.221,110.221,1
2012-09-28 06:07:00,110.228,110.228,110.228,110.228,1
2012-09-28 06:11:00,110.221,110.221,110.221,110.221,1
2012-09-28 06:31:00,110.228,110.228,110.228,110.228,1
2012-09-28 06:33:00,110.221,110.221,110.221,110.221,1
2012-09-28 06:34:00,110.228,110.228,110.228,110.228,1
2012-09-28 06:45:00,110.221,110.221,110.221,110.221,1
2012-09-28 06:52:00,110.228,110.228,110.228,110.228,1
2012-09-28 06:53:00,110.221,110.221,110.221,110.221,1
2012-09-28 06:54:00,110.228,110.228,110.228,110.228,1
2012-09-28 07:00:00,110.228,110.228,110.221,110.221,2
2012-09-28 07:01:00,110.228,110.228,110.221,110.221,4
2012-09-28 07:05:00,110.221,110.221,110.221,110.221,1
2012-09-28 07:08:00,110.228,110.228,110.228,110.228,1
2012-09-28 07:16:00,110.221,110.221,110.221,110.221,1
2012-09-28 07:20:00,110.228,110.228,110.228,110.228,1
2012-09-28 07:23:00,110.221,110.221,110.221,110.221,1
2012-09-28 07:25:00,110.221,110.228,110.221,110.228,2
2012-09-28 07:27:00,110.228,110.228,110.228,110.228,1
2012-09-28 07:34:00,110.221,110.221,110.221,110.221,1
2012-09-28 07:40:00,110.228,110.228,110.221,110.228,3
2012-09-28 07:42:00,110.221,110.221,110.221,110.221,1
2012-09-28 07:45:00,110.228,110.228,110.228,110.228,1
2012-09-28 07:48:00,110.221,110.221,110.221,110.221,1
2012-09-28 07:49:00,110.221,110.228,110.221,110.228,2
2012-09-28 07:53:00,110.228,110.228,110.228,110.228,1
2012-09-28 07:58:00,110.228,110.228,110.221,110.221,2
2012-09-28 08:00:00,110.228,110.228,110.221,110.221,2
2012-09-28 08:03:00,110.221,110.221,110.221,110.221,1
2012-09-28 08:04:00,110.228,110.228,110.228,110.228,1
2012-09-28 08:05:00,110.221,110.221,110.221,110.221,1
2012-09-28 08:07:00,110.228,110.228,110.221,110.228,3
2012-09-28 08:18:00,110.228,110.228,110.221,110.221,2
2012-09-28 08:19:00,110.221,110.221,110.221,110.221,1
2012-09-28 08:22:00,110.228,110.228,110.228,110.228,1
2012-09-28 08:26:00,110.221,110.221,110.221,110.221,1
2012-09-28 08:28:00,110.221,110.228,110.221,110.228,2
2012-09-28 08:35:00,110.228,110.228,110.228,110.228,1
2012-09-28 08:38:00,110.221,110.221,110.221,110.221,1
2012-09-28 08:40:00,110.228,110.228,110.228,110.228,1
2012-09-28 08:48:00,110.236,110.236,110.228,110.236,3
2012-09-28 08:49:00,110.228,110.228,110.228,110.228,1
2012-09-28 08:54:00,110.236,110.236,110.236,110.236,1
2012-09-28 08:58:00,110.236,110.236,110.228,110.228,2
2012-09-28 09:00:00,110.236,110.236,110.228,110.228,2
2012-09-28 09:04:00,110.228,110.228,110.228,110.228,1
2012-09-28 09:05:00,110.236,110.236,110.236,110.236,1
2012-09-28 09:08:00,110.228,110.228,110.228,110.228,1
2012-09-28 09:11:00,110.236,110.236,110.236,110.236,1
2012-09-28 09:16:00,110.228,110.228,110.228,110.228,1
2012-09-28 09:17:00,110.236,110.236,110.236,110.236,1
2012-09-28 09:18:00,110.228,110.228,110.228,110.228,1
2012-09-28 09:21:00,110.236,110.236,110.236,110.236,1
2012-09-28 09:28:00,110.236,110.236,110.228,110.228,2
2012-09-28 09:38:00,110.228,110.228,110.228,110.228,1
2012-09-28 09:41:00,110.236,110.236,110.236,110.236,1
2012-09-28 09:43:00,110.236,110.244,110.236,110.244,2
2012-09-28 09:44:00,110.244,110.244,110.236,110.244,3
2012-09-28 09:45:00,110.236,110.236,110.236,110.236,1
2012-09-28 09:48:00,110.228,110.228,110.228,110.228,1
2012-09-28 09:49:00,110.236,110.236,110.236,110.236,1
2012-09-28 09:56:00,110.244,110.244,110.236,110.244,3
2012-09-28 09:58:00,110.244,110.244,110.236,110.236,2
2012-09-28 10:00:00,110.244,110.244,110.236,110.236,2
2012-09-28 10:03:00,110.236,110.236,110.236,110.236,1
2012-09-28 10:04:00,110.236,110.244,110.236,110.244,2
2012-09-28 10:06:00,110.244,110.244,110.244,110.244,1
2012-09-28 10:08:00,110.236,110.236,110.236,110.236,1
2012-09-28 10:10:00,110.236,110.244,110.236,110.244,2
2012-09-28 10:14:00,110.244,110.244,110.244,110.244,1
2012-09-28 10:18:00,110.244,110.244,110.236,110.236,2
2012-09-28 10:19:00,110.236,110.236,110.236,110.236,1
2012-09-28 10:20:00,110.244,110.244,110.244,110.244,1
2012-09-28 10:21:00,110.236,110.236,110.236,110.236,1
2012-09-28 10:22:00,110.244,110.244,110.244,110.244,1
2012-09-28 10:23:00,110.236,110.236,110.236,110.236,1
2012-09-28 10:24:00,110.244,110.244,110.244,110.244,1
2012-09-28 10:28:00,110.236,110.236,110.236,110.236,1
2012-09-28 10:29:00,110.244,110.244,110.244,110.244,1
2012-09-28 10:34:00,110.244,110.244,110.236,110.236,2
2012-09-28 10:38:00,110.244,110.244,110.236,110.236,2
2012-09-28 10:48:00,110.244,110.244,110.236,110.236,2
2012-09-28 10:49:00,110.236,110.236,110.236,110.236,1
2012-09-28 10:50:00,110.244,110.244,110.244,110.244,1
2012-09-28 10:51:00,110.252,110.252,110.252,110.252,1
2012-09-28 10:58:00,110.252,110.26,110.244,110.244,8
2012-09-28 11:00:00,110.252,110.252,110.244,110.244,2
2012-09-28 11:04:00,110.244,110.244,110.244,110.244,1
2012-09-28 11:05:00,110.252,110.252,110.252,110.252,1
2012-09-28 11:08:00,110.244,110.244,110.244,110.244,1
2012-09-28 11:14:00,110.252,110.252,110.252,110.252,1
2012-09-28 11:18:00,110.244,110.244,110.244,110.244,1
2012-09-28 11:19:00,110.252,110.252,110.252,110.252,1
2012-09-28 11:20:00,110.26,110.26,110.252,110.26,3
2012-09-28 11:21:00,110.26,110.26,110.252,110.252,2
2012-09-28 11:22:00,110.252,110.252,110.252,110.252,1
2012-09-28 11:23:00,110.26,110.26,110.26,110.26,1
2012-09-28 11:26:00,110.252,110.26,110.252,110.252,3
2012-09-28 11:27:00,110.26,110.26,110.26,110.26,1
2012-09-28 11:28:00,110.252,110.26,110.252,110.252,5
2012-09-28 11:29:00,110.26,110.26,110.252,110.26,7
2012-09-28 11:30:00,110.252,110.252,110.252,110.252,1
2012-09-28 11:36:00,110.252,110.26,110.252,110.26,2
2012-09-28 11:37:00,110.252,110.26,110.252,110.26,4
2012-09-28 11:38:00,110.252,110.252,110.244,110.244,4
2012-09-28 11:44:00,110.244,110.244,110.244,110.244,1
2012-09-28 11:45:00,110.252,110.252,110.252,110.252,1
2012-09-28 11:48:00,110.252,110.252,110.244,110.244,2
2012-09-28 11:52:00,110.26,110.26,110.252,110.26,3
2012-09-28 11:58:00,110.26,110.26,110.252,110.252,2
2012-09-28 11:59:00,110.26,110.26,110.252,110.252,4
2012-09-28 12:03:00,110.26,110.26,110.252,110.252,2
2012-09-28 12:07:00,110.26,110.26,110.252,110.252,2
2012-09-28 12:08:00,110.26,110.26,110.252,110.252,2
2012-09-28 12:10:00,110.26,110.26,110.252,110.252,2
2012-09-28 12:17:00,110.26,110.26,110.252,110.252,2
2012-09-28 12:18:00,110.252,110.26,110.252,110.252,3
2012-09-28 12:19:00,110.26,110.26,110.252,110.26,3
2012-09-28 12:20:00,110.26,110.26,110.252,110.252,12
2012-09-28 12:21:00,110.26,110.26,110.252,110.252,2
2012-09-28 12:22:00,110.267,110.267,110.26,110.267,9
2012-09-28 12:23:00,110.26,110.26,110.26,110.26,1
2012-09-28 12:24:00,110.267,110.267,110.26,110.267,5
2012-09-28 12:26:00,110.267,110.267,110.26,110.26,2
2012-09-28 12:28:00,110.267,110.267,110.26,110.26,4
2012-09-28 12:29:00,110.267,110.267,110.26,110.26,10
2012-09-28 12:30:00,110.267,110.267,110.26,110.26,4
2012-09-28 12:31:00,110.26,110.26,110.26,110.26,1
2012-09-28 12:32:00,110.267,110.267,110.26,110.267,3
2012-09-28 12:33:00,110.267,110.267,110.26,110.26,2
2012-09-28 12:34:00,110.267,110.267,110.26,110.26,6
2012-09-28 12:35:00,110.267,110.267,110.26,110.26,2
2012-09-28 12:36:00,110.267,110.267,110.26,110.26,6
2012-09-28 12:37:00,110.267,110.267,110.26,110.26,2
2012-09-28 12:38:00,110.26,110.267,110.26,110.26,7
2012-09-28 12:39:00,110.267,110.267,110.26,110.267,3
2012-09-28 12:40:00,110.267,110.267,110.26,110.26,4
2012-09-28 12:41:00,110.267,110.267,110.26,110.26,4
2012-09-28 12:42:00,110.267,110.267,110.26,110.26,2
2012-09-28 12:43:00,110.26,110.267,110.26,110.26,5
2012-09-28 12:44:00,110.26,110.267,110.26,110.267,4
2012-09-28 12:45:00,110.26,110.267,110.26,110.267,4
2012-09-28 12:46:00,110.267,110.267,110.26,110.267,3
2012-09-28 12:47:00,110.26,110.267,110.26,110.26,3
2012-09-28 12:48:00,110.267,110.267,110.26,110.267,3
2012-09-28 12:49:00,110.267,110.267,110.26,110.26,4
2012-09-28 12:50:00,110.267,110.267,110.26,110.26,2
2012-09-28 12:51:00,110.267,110.267,110.26,110.26,6
2012-09-28 12:52:00,110.26,110.267,110.26,110.26,3
2012-09-28 12:53:00,110.267,110.267,110.26,110.267,9
2012-09-28 12:54:00,110.267,110.267,110.26,110.26,2
2012-09-28 12:55:00,110.267,110.267,110.26,110.26,4
2012-09-28 12:56:00,110.267,110.267,110.26,110.26,6
2012-09-28 12:57:00,110.267,110.267,110.26,110.26,4
2012-09-28 12:58:00,110.267,110.267,110.26,110.26,4
2012-09-28 12:59:00,110.26,110.267,110.26,110.26,3
2012-09-28 13:00:00,110.267,110.267,110.26,110.267,5
2012-09-28 13:04:00,110.275,110.275,110.26,110.26,15
2012-09-28 13:05:00,110.267,110.275,110.267,110.267,5
2012-09-28 13:08:00,110.267,110.267,110.26,110.26,2
2012-09-28 13:09:00,110.267,110.267,110.26,110.26,4
2012-09-28 13:12:00,110.26,110.267,110.26,110.26,3
2012-09-28 13:13:00,110.267,110.267,110.26,110.267,5
2012-09-28 13:17:00,110.267,110.267,110.26,110.26,2
2012-09-28 13:18:00,110.267,110.267,110.26,110.26,2
2012-09-28 13:19:00,110.26,110.26,110.26,110.26,1
2012-09-28 13:20:00,110.267,110.267,110.26,110.267,3
2012-09-28 13:21:00,110.267,110.267,110.26,110.26,2
2012-09-28 13:22:00,110.26,110.26,110.26,110.26,1
2012-09-28 13:23:00,110.26,110.26,110.252,110.252,6
2012-09-28 13:28:00,110.26,110.26,110.252,110.252,2
2012-09-28 13:34:00,110.26,110.26,110.252,110.252,6
2012-09-28 13:36:00,110.26,110.26,110.252,110.252,6
2012-09-28 13:38:00,110.26,110.26,110.252,110.252,2
2012-09-28 13:40:00,110.26,110.26,110.252,110.252,2
2012-09-28 13:42:00,110.26,110.26,110.252,110.252,2
2012-09-28 13:43:00,110.252,110.252,110.252,110.252,1
2012-09-28 13:45:00,110.252,110.26,110.252,110.26,2
2012-09-28 13:46:00,110.26,110.26,110.252,110.26,5
2012-09-28 13:47:00,110.252,110.252,110.252,110.252,1
2012-09-28 13:48:00,110.26,110.26,110.252,110.26,3
2012-09-28 13:49:00,110.252,110.252,110.252,110.252,1
2012-09-28 13:50:00,110.26,110.26,110.26,110.26,1
2012-09-28 13:51:00,110.26,110.26,110.252,110.252,2
2012-09-28 13:52:00,110.26,110.26,110.252,110.252,2
2012-09-28 13:56:00,110.26,110.26,110.252,110.252,2
2012-09-28 13:58:00,110.26,110.26,110.252,110.252,2
2012-09-28 13:59:00,110.252,110.26,110.252,110.252,3
2012-09-28 14:00:00,110.26,110.26,110.252,110.26,3
2012-09-28 14:04:00,110.252,110.252,110.252,110.252,1
2012-09-28 14:05:00,110.26,110.26,110.252,110.26,3
2012-09-28 14:06:00,110.252,110.252,110.252,110.252,1
2012-09-28 14:07:00,110.26,110.26,110.252,110.26,3
2012-09-28 14:08:00,110.26,110.26,110.252,110.252,2
2012-09-28 14:09:00,110.26,110.26,110.252,110.252,2
2012-09-28 14:10:00,110.26,110.26,110.252,110.252,2
2012-09-28 14:14:00,110.26,110.26,110.252,110.252,2
2012-09-28 14:18:00,110.252,110.252,110.252,110.252,1
2012-09-28 14:19:00,110.26,110.26,110.26,110.26,1
2012-09-28 14:20:00,110.26,110.26,110.252,110.252,6
2012-09-28 14:21:00,110.26,110.26,110.252,110.252,2
2012-09-28 14:22:00,110.26,110.26,110.252,110.252,2
2012-09-28 14:23:00,110.252,110.26,110.252,110.252,3
2012-09-28 14:24:00,110.252,110.26,110.252,110.26,2
2012-09-28 14:25:00,110.26,110.26,110.252,110.26,5
2012-09-28 14:27:00,110.26,110.26,110.252,110.252,2
2012-09-28 14:28:00,110.26,110.26,110.252,110.252,4
2012-09-28 14:31:00,110.267,110.267,110.26,110.267,5
2012-09-28 14:34:00,110.26,110.267,110.26,110.26,3
2012-09-28 14:35:00,110.267,110.267,110.26,110.267,3
2012-09-28 14:37:00,110.267,110.267,110.26,110.26,2
2012-09-28 14:38:00,110.267,110.267,110.26,110.26,4
2012-09-28 14:39:00,110.267,110.267,110.26,110.26,4
2012-09-28 14:41:00,110.267,110.267,110.26,110.26,2
2012-09-28 14:43:00,110.267,110.267,110.26,110.26,2
2012-09-28 14:44:00,110.267,110.267,110.26,110.26,2
2012-09-28 14:45:00,110.267,110.267,110.26,110.26,4
2012-09-28 14:47:00,110.267,110.267,110.26,110.26,2
2012-09-28 14:48:00,110.267,110.267,110.26,110.26,2
2012-09-28 14:49:00,110.267,110.267,110.26,110.26,4
2012-09-28 14:50:00,110.26,110.267,110.26,110.26,3
2012-09-28 14:51:00,110.26,110.267,110.26,110.267,4
2012-09-28 14:52:00,110.267,110.267,110.26,110.267,3
2012-09-28 14:53:00,110.267,110.267,110.26,110.26,4
2012-09-28 14:55:00,110.267,110.267,110.26,110.26,2
2012-09-28 14:56:00,110.267,110.267,110.26,110.26,2
2012-09-28 14:57:00,110.267,110.267,110.26,110.26,2
2012-09-28 14:58:00,110.267,110.267,110.26,110.26,4
2012-09-28 14:59:00,110.267,110.267,110.26,110.26,2
2012-09-28 15:00:00,110.26,110.267,110.26,110.26,3
2012-09-28 15:01:00,110.267,110.267,110.267,110.267,1
2012-09-28 15:04:00,110.267,110.267,110.26,110.26,2
2012-09-28 15:05:00,110.267,110.267,110.26,110.26,4
2012-09-28 15:06:00,110.26,110.26,110.26,110.26,1
2012-09-28 15:07:00,110.267,110.267,110.267,110.267,1
2012-09-28 15:08:00,110.267,110.267,110.26,110.26,2
2012-09-28 15:10:00,110.267,110.267,110.26,110.26,2
2012-09-28 15:12:00,110.267,110.267,110.26,110.26,2
2012-09-28 15:13:00,110.267,110.267,110.26,110.26,4
2012-09-28 15:15:00,110.267,110.267,110.26,110.26,2
2012-09-28 15:16:00,110.267,110.267,110.26,110.26,4
2012-09-28 15:17:00,110.275,110.275,110.26,110.26,9
2012-09-28 15:18:00,110.275,110.275,110.267,110.267,8
2012-09-28 15:19:00,110.275,110.275,110.267,110.267,2
2012-09-28 15:20:00,110.275,110.275,110.267,110.267,2
2012-09-28 15:21:00,110.275,110.275,110.267,110.267,4
2012-09-28 15:22:00,110.267,110.275,110.267,110.267,5
2012-09-28 15:27:00,110.267,110.267,110.26,110.26,2
2012-09-28 15:28:00,110.267,110.267,110.26,110.26,2
2012-09-28 15:29:00,110.26,110.267,110.26,110.26,3
2012-09-28 15:30:00,110.267,110.267,110.26,110.267,3
2012-09-28 15:32:00,110.267,110.267,110.26,110.26,2
2012-09-28 15:33:00,110.267,110.267,110.26,110.26,2
2012-09-28 15:34:00,110.267,110.267,110.26,110.26,2
2012-09-28 15:37:00,110.267,110.267,110.26,110.26,2
2012-09-28 15:38:00,110.267,110.267,110.26,110.26,2
2012-09-28 15:39:00,110.267,110.267,110.26,110.26,2
2012-09-28 15:40:00,110.267,110.267,110.26,110.26,4
2012-09-28 15:41:00,110.267,110.267,110.26,110.26,4
2012-09-28 15:43:00,110.267,110.267,110.26,110.26,2
2012-09-28 15:45:00,110.267,110.267,110.26,110.26,4
2012-09-28 15:46:00,110.267,110.267,110.26,110.26,2
2012-09-28 15:48:00,110.267,110.267,110.26,110.26,4
2012-09-28 15:50:00,110.26,110.267,110.26,110.26,3
2012-09-28 15:51:00,110.267,110.267,110.267,110.267,1
2012-09-28 15:53:00,110.267,110.267,110.26,110.26,2
2012-09-28 15:56:00,110.267,110.267,110.26,110.26,2
2012-09-28 15:57:00,110.26,110.26,110.26,110.26,1
2012-09-28 15:58:00,110.267,110.267,110.267,110.267,1
2012-09-28 16:00:00,110.267,110.267,110.26,110.26,2
2012-09-28 16:04:00,110.267,110.267,110.26,110.26,2
2012-09-28 16:05:00,110.267,110.267,110.26,110.26,4
2012-09-28 16:07:00,110.267,110.267,110.26,110.26,4
2012-09-28 16:08:00,110.267,110.267,110.26,110.26,8
2012-09-28 16:09:00,110.267,110.267,110.26,110.26,4
2012-09-28 16:10:00,110.26,110.267,110.26,110.26,5
2012-09-28 16:11:00,110.26,110.267,110.26,110.267,4
2012-09-28 16:12:00,110.26,110.267,110.26,110.267,4
2012-09-28 16:13:00,110.26,110.267,110.26,110.267,4
2012-09-28 16:14:00,110.26,110.267,110.26,110.267,8
2012-09-28 16:15:00,110.26,110.267,110.26,110.267,2
2012-09-28 16:16:00,110.26,110.267,110.26,110.267,6
2012-09-28 16:17:00,110.26,110.267,110.26,110.267,4
2012-09-28 16:18:00,110.267,110.267,110.26,110.267,5
2012-09-28 16:19:00,110.26,110.267,110.26,110.26,3
2012-09-28 16:20:00,110.26,110.267,110.26,110.267,6
2012-09-28 16:21:00,110.267,110.267,110.26,110.267,5
2012-09-28 16:22:00,110.26,110.267,110.26,110.26,3
2012-09-28 16:23:00,110.267,110.267,110.26,110.267,5
2012-09-28 16:24:00,110.26,110.267,110.26,110.26,3
2012-09-28 16:25:00,110.252,110.267,110.252,110.267,9
2012-09-28 16:26:00,110.26,110.26,110.252,110.26,3
2012-09-28 16:27:00,110.26,110.26,110.252,110.252,4
2012-09-28 16:28:00,110.252,110.26,110.252,110.252,5
2012-09-28 16:29:00,110.26,110.26,110.252,110.26,3
2012-09-28 16:30:00,110.26,110.26,110.252,110.252,4
2012-09-28 16:31:00,110.26,110.26,110.252,110.252,4
2012-09-28 16:32:00,110.26,110.26,110.252,110.252,4
2012-09-28 16:33:00,110.26,110.26,110.252,110.252,6
2012-09-28 16:34:00,110.26,110.26,110.252,110.252,4
2012-09-28 16:35:00,110.26,110.26,110.252,110.252,2
2012-09-28 16:36:00,110.26,110.26,110.252,110.252,6
2012-09-28 16:37:00,110.26,110.26,110.252,110.252,2
2012-09-28 16:38:00,110.26,110.26,110.252,110.252,4
2012-09-28 16:40:00,110.26,110.26,110.252,110.252,2
2012-09-28 16:42:00,110.26,110.26,110.252,110.252,2
2012-09-28 16:43:00,110.26,110.26,110.252,110.252,2
2012-09-28 16:44:00,110.252,110.252,110.252,110.252,1
2012-09-28 16:45:00,110.26,110.26,110.252,110.26,5
2012-09-28 16:48:00,110.26,110.26,110.252,110.252,2
2012-09-28 16:49:00,110.26,110.26,110.252,110.252,2
2012-09-28 16:51:00,110.26,110.26,110.252,110.252,4
2012-09-28 16:52:00,110.26,110.26,110.252,110.252,2
2012-09-28 16:54:00,110.26,110.26,110.252,110.252,2
2012-09-28 16:55:00,110.26,110.26,110.252,110.252,2
2012-09-28 16:58:00,110.26,110.26,110.252,110.252,2
2012-09-28 17:00:00,110.252,110.26,110.252,110.252,3
2012-09-28 17:01:00,110.26,110.26,110.252,110.26,3
2012-09-28 17:02:00,110.252,110.252,110.252,110.252,1
2012-09-28 17:03:00,110.252,110.26,110.252,110.26,2
2012-09-28 17:04:00,110.26,110.26,110.26,110.26,1
2012-09-28 17:05:00,110.26,110.26,110.252,110.252,2
2012-09-28 17:07:00,110.252,110.252,110.252,110.252,1
2012-09-28 17:08:00,110.26,110.26,110.26,110.26,1
2012-09-28 17:09:00,110.252,110.26,110.252,110.252,3
2012-09-28 17:10:00,110.26,110.26,110.26,110.26,1
2012-09-28 17:12:00,110.252,110.252,110.252,110.252,1
2012-09-28 17:13:00,110.26,110.26,110.26,110.26,1
2012-09-28 17:14:00,110.26,110.26,110.252,110.252,2
2012-09-28 17:16:00,110.26,110.26,110.252,110.252,2
2012-09-28 17:17:00,110.26,110.26,110.252,110.252,4
2012-09-28 17:18:00,110.26,110.26,110.252,110.252,2
2012-09-28 17:27:00,110.252,110.252,110.252,110.252,1
2012-09-28 17:28:00,110.26,110.26,110.26,110.26,1
2012-09-28 17:29:00,110.26,110.26,110.252,110.252,6
2012-09-28 17:30:00,110.26,110.26,110.252,110.252,2
2012-09-28 17:32:00,110.252,110.26,110.252,110.252,3
2012-09-28 17:33:00,110.26,110.26,110.26,110.26,1
2012-09-28 17:36:00,110.252,110.252,110.252,110.252,1
2012-09-28 17:37:00,110.26,110.26,110.252,110.26,3
2012-09-28 17:38:00,110.26,110.26,110.252,110.252,2
2012-09-28 17:40:00,110.252,110.252,110.252,110.252,1
2012-09-28 17:41:00,110.26,110.26,110.26,110.26,1
2012-09-28 17:42:00,110.26,110.26,110.252,110.252,2
2012-09-28 17:43:00,110.252,110.26,110.252,110.252,3
2012-09-28 17:44:00,110.252,110.26,110.252,110.26,2
2012-09-28 17:45:00,110.26,110.26,110.252,110.26,3
2012-09-28 17:46:00,110.252,110.26,110.252,110.252,3
2012-09-28 17:47:00,110.252,110.26,110.252,110.26,2
2012-09-28 17:48:00,110.26,110.26,110.252,110.26,3
2012-09-28 17:49:00,110.26,110.26,110.252,110.252,2
2012-09-28 17:50:00,110.26,110.26,110.252,110.252,4
2012-09-28 17:51:00,110.26,110.26,110.252,110.252,2
2012-09-28 17:52:00,110.26,110.26,110.252,110.252,2
2012-09-28 17:53:00,110.26,110.26,110.252,110.252,4
2012-09-28 17:54:00,110.26,110.26,110.252,110.252,2
2012-09-28 17:55:00,110.252,110.252,110.252,110.252,1
2012-09-28 17:56:00,110.26,110.26,110.252,110.26,5
2012-09-28 17:57:00,110.26,110.26,110.252,110.252,2
2012-09-28 17:58:00,110.26,110.26,110.252,110.252,2
2012-09-28 17:59:00,110.26,110.26,110.252,110.252,2
2012-09-28 18:00:00,110.26,110.26,110.252,110.252,2
2012-09-28 18:02:00,110.26,110.26,110.252,110.252,2
2012-09-28 18:04:00,110.252,110.252,110.252,110.252,1
2012-09-28 18:05:00,110.26,110.26,110.26,110.26,1
2012-09-28 18:06:00,110.252,110.252,110.252,110.252,1
2012-09-28 18:07:00,110.26,110.26,110.252,110.26,3
2012-09-28 18:08:00,110.26,110.26,110.252,110.252,4
2012-09-28 18:09:00,110.252,110.252,110.252,110.252,1
2012-09-28 18:10:00,110.26,110.26,110.26,110.26,1
2012-09-28 18:11:00,110.26,110.26,110.252,110.252,4
2012-09-28 18:12:00,110.268,110.268,110.26,110.268,5
2012-09-28 18:14:00,110.268,110.268,110.26,110.26,4
2012-09-28 18:17:00,110.268,110.268,110.26,110.26,2
2012-09-28 18:21:00,110.268,110.268,110.26,110.26,2
2012-09-28 18:22:00,110.268,110.268,110.26,110.26,2
2012-09-28 18:24:00,110.268,110.268,110.26,110.26,2
2012-09-28 18:27:00,110.268,110.268,110.26,110.26,4
2012-09-28 18:30:00,110.268,110.268,110.26,110.26,6
2012-09-28 18:32:00,110.268,110.268,110.26,110.26,2
2012-09-28 18:33:00,110.268,110.268,110.26,110.26,4
2012-09-28 18:34:00,110.268,110.268,110.26,110.26,8
2012-09-28 18:35:00,110.268,110.268,110.26,110.26,6
2012-09-28 18:36:00,110.268,110.268,110.26,110.26,4
2012-09-28 18:37:00,110.268,110.268,110.26,110.26,4
2012-09-28 18:38:00,110.268,110.268,110.26,110.26,6
2012-09-28 18:39:00,110.268,110.268,110.26,110.26,4
2012-09-28 18:40:00,110.268,110.268,110.26,110.26,8
2012-09-28 18:41:00,110.268,110.268,110.26,110.26,4
2012-09-28 18:42:00,110.268,110.268,110.26,110.26,2
2012-09-28 18:43:00,110.268,110.268,110.26,110.26,4
2012-09-28 18:44:00,110.268,110.268,110.26,110.26,4
2012-09-28 18:45:00,110.268,110.268,110.26,110.26,2
2012-09-28 18:46:00,110.268,110.268,110.26,110.26,2
2012-09-28 18:47:00,110.268,110.268,110.26,110.26,4
2012-09-28 18:48:00,110.268,110.268,110.26,110.26,4
2012-09-28 18:49:00,110.26,110.268,110.26,110.26,3
2012-09-28 18:50:00,110.268,110.268,110.26,110.268,5
2012-09-28 18:51:00,110.26,110.268,110.26,110.26,3
2012-09-28 18:53:00,110.26,110.268,110.26,110.268,2
2012-09-28 18:54:00,110.268,110.268,110.26,110.268,3
2012-09-28 18:55:00,110.26,110.268,110.26,110.26,3
2012-09-28 18:56:00,110.268,110.268,110.268,110.268,1
2012-09-28 18:57:00,110.268,110.268,110.26,110.26,4
2012-09-28 18:58:00,110.268,110.268,110.26,110.26,10
2012-09-28 18:59:00,110.268,110.268,110.26,110.26,46
2012-09-28 19:00:00,110.26,110.268,110.26,110.26,17
2012-09-28 19:01:00,110.268,110.268,110.26,110.268,7
2012-09-28 19:02:00,110.268,110.268,110.26,110.26,2
2012-09-28 19:04:00,110.26,110.268,110.26,110.26,3
2012-09-28 19:06:00,110.268,110.268,110.26,110.268,3
2012-09-28 19:12:00,110.268,110.268,110.26,110.26,4
2012-09-28 19:13:00,110.26,110.26,110.26,110.26,1
2012-09-28 19:18:00,110.268,110.268,110.268,110.268,1
2012-09-28 19:24:00,110.26,110.268,110.26,110.26,3
2012-09-28 19:25:00,110.268,110.268,110.268,110.268,1
2012-09-28 19:27:00,110.275,110.275,110.275,110.275,1
2012-09-28 19:28:00,110.268,110.275,110.268,110.268,3
2012-09-28 19:31:00,110.275,110.275,110.275,110.275,1
2012-09-28 19:32:00,110.268,110.268,110.268,110.268,1
2012-09-28 19:33:00,110.275,110.275,110.275,110.275,1
2012-09-28 19:37:00,110.268,110.268,110.268,110.268,1
2012-09-28 19:50:00,110.26,110.268,110.26,110.26,3
2012-09-28 19:51:00,110.26,110.268,110.26,110.268,2
2012-09-28 19:59:00,110.268,110.268,110.268,110.268,1
2012-09-28 20:00:00,110.26,110.26,110.26,110.26,1
2012-09-28 20:11:00,110.268,110.268,110.268,110.268,1
2012-09-28 20:12:00,110.252,110.268,110.252,110.26,8
2012-09-28 20:13:00,110.26,110.26,110.26,110.26,1
2012-09-28 20:15:00,110.26,110.268,110.252,110.252,4
2012-09-28 20:54:00,110.268,110.268,110.268,110.268,1
2012-09-28 20:56:00,110.26,110.26,110.26,110.26,1
2012-09-28 20:58:00,110.26,110.268,110.26,110.268,2
2012-09-28 20:59:00,110.26,110.268,110.26,110.268,2
2012-09-30 22:00:00,110.26,110.26,110.252,110.252,2
2012-09-30 22:06:00,110.252,110.252,110.252,110.252,1
2012-09-30 22:07:00,110.268,110.268,110.26,110.26,2
2012-09-30 22:28:00,110.26,110.26,110.26,110.26,1
2012-09-30 22:38:00,110.268,110.268,110.268,110.268,1
2012-09-30 22:39:00,110.26,110.26,110.26,110.26,1
2012-09-30 22:40:00,110.268,110.268,110.268,110.268,1
