time,close,high,low,open,volume
2007-11-01 00:01:00,7.773,7.773,7.773,7.773,1
2007-11-01 00:55:00,7.777,7.777,7.777,7.777,1
2007-11-01 00:56:00,7.796,7.796,7.796,7.796,1
2007-11-01 01:05:00,7.796,7.796,7.794,7.794,2
2007-11-01 01:07:00,7.777,7.777,7.777,7.777,1
2007-11-01 01:26:00,7.783,7.783,7.783,7.783,1
2007-11-01 01:28:00,7.795,7.795,7.795,7.795,1
2007-11-01 01:38:00,7.796,7.796,7.796,7.796,1
2007-11-01 01:40:00,7.806,7.806,7.806,7.806,1
2007-11-01 01:42:00,7.787,7.787,7.787,7.787,1
2007-11-01 01:47:00,7.783,7.788,7.783,7.788,3
2007-11-01 01:51:00,7.807,7.807,7.807,7.807,1
2007-11-01 02:03:00,7.793,7.793,7.793,7.793,1
2007-11-01 02:24:00,7.802,7.802,7.784,7.789,3
2007-11-01 02:25:00,7.779,7.79,7.779,7.79,3
2007-11-01 02:33:00,7.78,7.78,7.78,7.78,1
2007-11-01 02:48:00,7.774,7.774,7.774,7.774,1
2007-11-01 02:52:00,7.764,7.764,7.764,7.764,1
2007-11-01 03:00:00,7.761,7.761,7.761,7.761,1
2007-11-01 03:10:00,7.767,7.77,7.767,7.77,2
2007-11-01 03:14:00,7.77,7.77,7.77,7.77,1
2007-11-01 03:37:00,7.763,7.763,7.763,7.763,1
2007-11-01 03:51:00,7.771,7.771,7.771,7.771,1
2007-11-01 04:01:00,7.79,7.79,7.79,7.79,1
2007-11-01 04:34:00,7.789,7.789,7.789,7.789,1
2007-11-01 04:41:00,7.785,7.785,7.785,7.785,1
2007-11-01 04:53:00,7.771,7.773,7.771,7.773,2
2007-11-01 04:54:00,7.764,7.764,7.764,7.764,1
2007-11-01 06:11:00,7.765,7.765,7.765,7.765,1
2007-11-01 06:31:00,7.77,7.77,7.77,7.77,1
2007-11-01 07:03:00,7.765,7.765,7.765,7.765,1
2007-11-01 07:19:00,7.775,7.775,7.775,7.775,1
2007-11-01 07:28:00,7.766,7.766,7.766,7.766,1
2007-11-01 08:06:00,7.767,7.767,7.767,7.767,1
2007-11-01 08:31:00,7.785,7.785,7.785,7.785,1
2007-11-01 08:32:00,7.797,7.797,7.791,7.791,2
2007-11-01 08:33:00,7.816,7.816,7.799,7.799,8
2007-11-01 08:34:00,7.826,7.826,7.822,7.822,2
2007-11-01 08:48:00,7.822,7.826,7.818,7.818,4
2007-11-01 08:56:00,7.826,7.826,7.826,7.826,1
2007-11-01 09:07:00,7.827,7.827,7.827,7.827,1
2007-11-01 09:10:00,7.823,7.823,7.823,7.823,1
2007-11-01 09:16:00,7.818,7.818,7.818,7.818,1
2007-11-01 09:20:00,7.823,7.823,7.823,7.823,1
2007-11-01 09:21:00,7.827,7.827,7.827,7.827,1
2007-11-01 09:22:00,7.818,7.818,7.818,7.818,1
2007-11-01 09:28:00,7.83,7.83,7.83,7.83,1
2007-11-01 09:30:00,7.832,7.832,7.832,7.832,1
2007-11-01 09:36:00,7.832,7.832,7.83,7.83,2
2007-11-01 09:45:00,7.823,7.823,7.823,7.823,1
2007-11-01 10:00:00,7.828,7.828,7.828,7.828,1
2007-11-01 10:07:00,7.806,7.806,7.806,7.806,1
2007-11-01 10:33:00,7.828,7.828,7.81,7.81,3
2007-11-01 10:39:00,7.815,7.817,7.815,7.817,2
2007-11-01 10:50:00,7.833,7.833,7.833,7.833,1
2007-11-01 10:53:00,7.843,7.843,7.837,7.837,3
2007-11-01 11:00:00,7.838,7.838,7.838,7.838,1
2007-11-01 11:01:00,7.846,7.846,7.842,7.842,2
2007-11-01 11:02:00,7.847,7.852,7.847,7.852,2
2007-11-01 11:03:00,7.856,7.856,7.844,7.844,2
2007-11-01 11:07:00,7.852,7.852,7.852,7.852,1
2007-11-01 11:08:00,7.854,7.854,7.839,7.839,2
2007-11-01 11:10:00,7.856,7.856,7.856,7.856,1
2007-11-01 11:11:00,7.859,7.859,7.859,7.859,1
2007-11-01 11:12:00,7.842,7.858,7.841,7.841,3
2007-11-01 11:13:00,7.847,7.86,7.841,7.858,4
2007-11-01 11:14:00,7.86,7.86,7.86,7.86,1
2007-11-01 11:15:00,7.849,7.849,7.849,7.849,1
2007-11-01 11:16:00,7.847,7.847,7.847,7.847,1
2007-11-01 11:18:00,7.834,7.834,7.834,7.834,1
2007-11-01 11:21:00,7.815,7.829,7.815,7.829,6
2007-11-01 11:23:00,7.815,7.815,7.803,7.803,2
2007-11-01 11:24:00,7.806,7.824,7.806,7.824,3
2007-11-01 11:25:00,7.791,7.792,7.789,7.792,3
2007-11-01 11:26:00,7.797,7.797,7.797,7.797,1
2007-11-01 11:27:00,7.803,7.803,7.803,7.803,1
2007-11-01 11:29:00,7.81,7.81,7.806,7.806,2
2007-11-01 11:34:00,7.806,7.806,7.806,7.806,1
2007-11-01 11:35:00,7.797,7.801,7.797,7.801,2
2007-11-01 11:36:00,7.811,7.816,7.806,7.806,4
2007-11-01 11:39:00,7.824,7.826,7.818,7.818,5
2007-11-01 11:40:00,7.832,7.832,7.826,7.826,2
2007-11-01 11:41:00,7.837,7.842,7.837,7.838,3
2007-11-01 11:43:00,7.824,7.834,7.824,7.834,4
2007-11-01 11:45:00,7.831,7.831,7.82,7.82,4
2007-11-01 11:46:00,7.827,7.827,7.827,7.827,1
2007-11-01 11:49:00,7.827,7.827,7.824,7.824,4
2007-11-01 11:50:00,7.825,7.83,7.825,7.83,2
2007-11-01 11:51:00,7.82,7.82,7.82,7.82,1
2007-11-01 11:52:00,7.832,7.832,7.832,7.832,1
2007-11-01 11:53:00,7.832,7.832,7.825,7.825,2
2007-11-01 11:54:00,7.838,7.838,7.83,7.83,2
2007-11-01 11:55:00,7.83,7.83,7.83,7.83,1
2007-11-01 11:56:00,7.825,7.834,7.825,7.834,2
2007-11-01 11:57:00,7.821,7.821,7.821,7.821,1
2007-11-01 11:58:00,7.825,7.825,7.823,7.823,2
2007-11-01 11:59:00,7.821,7.821,7.821,7.821,1
2007-11-01 12:00:00,7.806,7.819,7.806,7.819,4
2007-11-01 12:01:00,7.813,7.813,7.807,7.809,7
2007-11-01 12:02:00,7.819,7.819,7.815,7.815,4
2007-11-01 12:03:00,7.815,7.815,7.815,7.815,1
2007-11-01 12:04:00,7.822,7.822,7.811,7.813,8
2007-11-01 12:05:00,7.828,7.828,7.825,7.825,2
2007-11-01 12:06:00,7.832,7.832,7.832,7.832,1
2007-11-01 12:07:00,7.834,7.834,7.828,7.834,4
2007-11-01 12:08:00,7.828,7.828,7.828,7.828,1
2007-11-01 12:09:00,7.824,7.826,7.823,7.826,4
2007-11-01 12:10:00,7.823,7.827,7.823,7.827,2
2007-11-01 12:11:00,7.821,7.827,7.821,7.821,3
2007-11-01 12:12:00,7.826,7.831,7.826,7.826,3
2007-11-01 12:14:00,7.82,7.824,7.82,7.824,3
2007-11-01 12:15:00,7.814,7.818,7.814,7.817,4
2007-11-01 12:16:00,7.812,7.813,7.812,7.812,3
2007-11-01 12:17:00,7.814,7.816,7.812,7.815,4
2007-11-01 12:18:00,7.822,7.822,7.818,7.818,3
2007-11-01 12:19:00,7.816,7.823,7.813,7.817,5
2007-11-01 12:20:00,7.818,7.818,7.815,7.818,3
2007-11-01 12:21:00,7.816,7.819,7.816,7.816,3
2007-11-01 12:22:00,7.816,7.826,7.816,7.822,4
2007-11-01 12:23:00,7.803,7.818,7.803,7.818,6
2007-11-01 12:24:00,7.812,7.812,7.801,7.801,5
2007-11-01 12:26:00,7.803,7.81,7.803,7.81,4
2007-11-01 12:27:00,7.794,7.802,7.794,7.799,5
2007-11-01 12:28:00,7.805,7.81,7.797,7.797,13
2007-11-01 12:29:00,7.808,7.811,7.807,7.807,4
2007-11-01 12:31:00,7.79,7.802,7.786,7.802,7
2007-11-01 12:32:00,7.766,7.789,7.766,7.787,22
2007-11-01 12:33:00,7.762,7.768,7.762,7.768,5
2007-11-01 12:34:00,7.771,7.775,7.761,7.764,10
2007-11-01 12:35:00,7.779,7.783,7.774,7.774,8
2007-11-01 12:36:00,7.796,7.796,7.78,7.782,14
2007-11-01 12:37:00,7.798,7.798,7.791,7.793,7
2007-11-01 12:38:00,7.793,7.798,7.793,7.796,4
2007-11-01 12:39:00,7.792,7.792,7.792,7.792,1
2007-11-01 12:40:00,7.788,7.792,7.788,7.79,4
2007-11-01 12:41:00,7.773,7.783,7.773,7.783,6
2007-11-01 12:42:00,7.775,7.775,7.775,7.775,1
2007-11-01 12:43:00,7.78,7.78,7.778,7.778,2
2007-11-01 12:45:00,7.767,7.775,7.767,7.775,5
2007-11-01 12:46:00,7.773,7.777,7.768,7.769,7
2007-11-01 12:47:00,7.777,7.78,7.771,7.771,5
2007-11-01 12:48:00,7.777,7.78,7.775,7.775,3
2007-11-01 12:49:00,7.768,7.771,7.768,7.771,2
2007-11-01 12:50:00,7.766,7.77,7.766,7.77,4
2007-11-01 12:51:00,7.758,7.77,7.758,7.762,9
2007-11-01 12:52:00,7.758,7.758,7.752,7.756,6
2007-11-01 12:53:00,7.742,7.753,7.742,7.753,8
2007-11-01 12:54:00,7.73,7.738,7.727,7.738,15
2007-11-01 12:55:00,7.729,7.731,7.725,7.727,9
2007-11-01 12:56:00,7.737,7.744,7.727,7.727,21
2007-11-01 12:57:00,7.742,7.742,7.738,7.74,5
2007-11-01 12:58:00,7.736,7.743,7.736,7.739,6
2007-11-01 12:59:00,7.744,7.747,7.735,7.735,16
2007-11-01 13:00:00,7.724,7.747,7.724,7.746,68
2007-11-01 13:01:00,7.719,7.723,7.711,7.723,42
2007-11-01 13:02:00,7.729,7.729,7.716,7.721,28
2007-11-01 13:03:00,7.729,7.734,7.727,7.732,12
2007-11-01 13:04:00,7.71,7.726,7.708,7.726,45
2007-11-01 13:05:00,7.688,7.711,7.687,7.707,51
2007-11-01 13:06:00,7.697,7.701,7.683,7.687,35
2007-11-01 13:07:00,7.686,7.7,7.686,7.7,19
2007-11-01 13:08:00,7.687,7.692,7.684,7.687,22
2007-11-01 13:09:00,7.7,7.7,7.688,7.688,7
2007-11-01 13:10:00,7.712,7.719,7.701,7.701,31
2007-11-01 13:11:00,7.714,7.715,7.71,7.713,13
2007-11-01 13:12:00,7.728,7.732,7.712,7.712,36
2007-11-01 13:13:00,7.726,7.734,7.725,7.726,13
2007-11-01 13:14:00,7.715,7.728,7.715,7.728,18
2007-11-01 13:15:00,7.709,7.723,7.708,7.718,12
2007-11-01 13:16:00,7.718,7.718,7.707,7.707,7
2007-11-01 13:17:00,7.714,7.719,7.714,7.716,7
2007-11-01 13:18:00,7.721,7.724,7.715,7.715,11
2007-11-01 13:19:00,7.716,7.723,7.716,7.723,5
2007-11-01 13:20:00,7.733,7.733,7.719,7.719,10
2007-11-01 13:21:00,7.745,7.747,7.731,7.735,33
2007-11-01 13:22:00,7.751,7.756,7.747,7.747,23
2007-11-01 13:23:00,7.754,7.758,7.749,7.753,16
2007-11-01 13:24:00,7.76,7.762,7.752,7.756,25
2007-11-01 13:25:00,7.765,7.775,7.762,7.762,22
2007-11-01 13:26:00,7.764,7.764,7.76,7.764,11
2007-11-01 13:27:00,7.771,7.771,7.765,7.765,7
2007-11-01 13:28:00,7.785,7.785,7.771,7.773,29
2007-11-01 13:29:00,7.778,7.783,7.775,7.783,13
2007-11-01 13:30:00,7.776,7.778,7.772,7.776,13
2007-11-01 13:31:00,7.772,7.775,7.766,7.773,15
2007-11-01 13:32:00,7.773,7.777,7.77,7.77,12
2007-11-01 13:33:00,7.78,7.78,7.772,7.775,11
2007-11-01 13:34:00,7.772,7.78,7.772,7.779,14
2007-11-01 13:35:00,7.769,7.774,7.763,7.774,10
2007-11-01 13:36:00,7.768,7.77,7.764,7.767,11
2007-11-01 13:37:00,7.756,7.771,7.753,7.77,24
2007-11-01 13:38:00,7.763,7.765,7.751,7.755,19
2007-11-01 13:39:00,7.751,7.761,7.75,7.761,17
2007-11-01 13:40:00,7.738,7.752,7.737,7.749,21
2007-11-01 13:41:00,7.741,7.743,7.735,7.736,16
2007-11-01 13:42:00,7.739,7.742,7.736,7.739,10
2007-11-01 13:43:00,7.737,7.739,7.736,7.737,5
2007-11-01 13:44:00,7.731,7.735,7.725,7.735,16
2007-11-01 13:45:00,7.727,7.733,7.723,7.733,18
2007-11-01 13:46:00,7.731,7.731,7.722,7.725,24
2007-11-01 13:47:00,7.734,7.734,7.727,7.729,17
2007-11-01 13:48:00,7.721,7.736,7.721,7.736,25
2007-11-01 13:49:00,7.712,7.729,7.71,7.72,41
2007-11-01 13:50:00,7.712,7.714,7.708,7.714,21
2007-11-01 13:51:00,7.699,7.709,7.694,7.709,26
2007-11-01 13:52:00,7.698,7.699,7.688,7.697,29
2007-11-01 13:53:00,7.703,7.704,7.696,7.696,14
2007-11-01 13:54:00,7.723,7.727,7.706,7.706,35
2007-11-01 13:55:00,7.717,7.728,7.717,7.725,8
2007-11-01 13:56:00,7.715,7.719,7.712,7.715,11
2007-11-01 13:57:00,7.724,7.724,7.715,7.717,13
2007-11-01 13:58:00,7.722,7.725,7.721,7.722,10
2007-11-01 13:59:00,7.722,7.729,7.722,7.725,12
2007-11-01 14:00:00,7.719,7.72,7.712,7.72,24
2007-11-01 14:01:00,7.714,7.718,7.714,7.714,6
2007-11-01 14:02:00,7.715,7.716,7.712,7.712,6
2007-11-01 14:03:00,7.712,7.717,7.711,7.717,10
2007-11-01 14:04:00,7.712,7.716,7.711,7.714,15
2007-11-01 14:05:00,7.702,7.711,7.701,7.711,25
2007-11-01 14:06:00,7.703,7.703,7.697,7.7,16
2007-11-01 14:07:00,7.705,7.705,7.701,7.705,10
2007-11-01 14:08:00,7.708,7.708,7.701,7.702,9
2007-11-01 14:09:00,7.719,7.722,7.709,7.711,28
2007-11-01 14:10:00,7.712,7.72,7.711,7.717,10
2007-11-01 14:11:00,7.712,7.713,7.709,7.711,7
2007-11-01 14:12:00,7.719,7.719,7.713,7.713,4
2007-11-01 14:13:00,7.719,7.719,7.713,7.717,6
2007-11-01 14:14:00,7.718,7.722,7.718,7.722,5
2007-11-01 14:15:00,7.72,7.72,7.72,7.72,1
2007-11-01 14:16:00,7.721,7.724,7.718,7.718,8
2007-11-01 14:17:00,7.722,7.724,7.721,7.723,6
2007-11-01 14:18:00,7.719,7.721,7.716,7.716,8
2007-11-01 14:19:00,7.712,7.716,7.71,7.716,13
2007-11-01 14:20:00,7.7,7.711,7.7,7.71,14
2007-11-01 14:21:00,7.699,7.703,7.698,7.698,16
2007-11-01 14:22:00,7.699,7.701,7.699,7.701,4
2007-11-01 14:23:00,7.702,7.702,7.697,7.697,3
2007-11-01 14:24:00,7.706,7.706,7.703,7.703,5
2007-11-01 14:25:00,7.703,7.705,7.698,7.704,13
2007-11-01 14:26:00,7.695,7.703,7.694,7.701,10
2007-11-01 14:27:00,7.696,7.702,7.687,7.697,20
2007-11-01 14:28:00,7.685,7.691,7.684,7.691,13
2007-11-01 14:29:00,7.693,7.698,7.685,7.688,32
2007-11-01 14:30:00,7.653,7.69,7.616,7.69,165
2007-11-01 14:31:00,7.667,7.679,7.656,7.658,67
2007-11-01 14:32:00,7.671,7.676,7.664,7.668,37
2007-11-01 14:33:00,7.687,7.694,7.669,7.673,62
2007-11-01 14:34:00,7.713,7.717,7.687,7.69,39
2007-11-01 14:35:00,7.73,7.739,7.715,7.715,69
2007-11-01 14:36:00,7.742,7.767,7.726,7.728,97
2007-11-01 14:37:00,7.738,7.746,7.736,7.745,28
2007-11-01 14:38:00,7.73,7.74,7.727,7.736,28
2007-11-01 14:39:00,7.726,7.735,7.718,7.733,43
2007-11-01 14:40:00,7.723,7.735,7.718,7.728,42
2007-11-01 14:41:00,7.743,7.752,7.721,7.721,69
2007-11-01 14:42:00,7.75,7.761,7.744,7.744,55
2007-11-01 14:43:00,7.749,7.751,7.744,7.748,25
2007-11-01 14:44:00,7.766,7.769,7.744,7.747,30
2007-11-01 14:45:00,7.781,7.781,7.76,7.764,66
2007-11-01 14:46:00,7.802,7.806,7.775,7.783,101
2007-11-01 14:47:00,7.796,7.827,7.794,7.8,98
2007-11-01 14:48:00,7.806,7.809,7.792,7.798,32
2007-11-01 14:49:00,7.809,7.816,7.803,7.807,43
2007-11-01 14:50:00,7.797,7.813,7.791,7.807,44
2007-11-01 14:51:00,7.794,7.801,7.786,7.795,20
2007-11-01 14:52:00,7.789,7.793,7.776,7.792,30
2007-11-01 14:53:00,7.781,7.791,7.781,7.791,20
2007-11-01 14:54:00,7.791,7.791,7.774,7.783,30
2007-11-01 14:55:00,7.791,7.801,7.791,7.795,28
2007-11-01 14:56:00,7.793,7.798,7.788,7.793,28
2007-11-01 14:57:00,7.807,7.812,7.793,7.795,23
2007-11-01 14:58:00,7.827,7.827,7.804,7.804,44
2007-11-01 14:59:00,7.821,7.833,7.814,7.829,32
2007-11-01 15:00:00,7.814,7.819,7.814,7.819,21
2007-11-01 15:01:00,7.824,7.824,7.814,7.817,9
2007-11-01 15:02:00,7.828,7.833,7.821,7.826,36
2007-11-01 15:03:00,7.817,7.826,7.814,7.826,20
2007-11-01 15:04:00,7.806,7.819,7.805,7.819,42
2007-11-01 15:05:00,7.825,7.825,7.804,7.804,22
2007-11-01 15:06:00,7.814,7.824,7.81,7.822,16
2007-11-01 15:07:00,7.814,7.816,7.812,7.812,8
2007-11-01 15:08:00,7.823,7.831,7.816,7.816,24
2007-11-01 15:09:00,7.818,7.823,7.815,7.821,14
2007-11-01 15:10:00,7.81,7.823,7.806,7.816,25
2007-11-01 15:11:00,7.811,7.814,7.804,7.806,11
2007-11-01 15:12:00,7.813,7.818,7.809,7.812,18
2007-11-01 15:13:00,7.823,7.824,7.815,7.815,11
2007-11-01 15:14:00,7.819,7.82,7.817,7.82,3
2007-11-01 15:15:00,7.814,7.819,7.811,7.817,8
2007-11-01 15:16:00,7.807,7.815,7.807,7.812,9
2007-11-01 15:17:00,7.808,7.812,7.798,7.805,32
2007-11-01 15:18:00,7.812,7.812,7.805,7.81,12
2007-11-01 15:19:00,7.815,7.82,7.809,7.813,22
2007-11-01 15:20:00,7.823,7.825,7.817,7.817,14
2007-11-01 15:21:00,7.827,7.829,7.819,7.821,9
2007-11-01 15:22:00,7.851,7.858,7.829,7.829,59
2007-11-01 15:23:00,7.845,7.851,7.842,7.849,31
2007-11-01 15:24:00,7.851,7.852,7.843,7.847,19
2007-11-01 15:25:00,7.844,7.852,7.835,7.852,32
2007-11-01 15:26:00,7.848,7.85,7.842,7.842,7
2007-11-01 15:27:00,7.827,7.846,7.826,7.846,26
2007-11-01 15:28:00,7.837,7.844,7.828,7.83,23
2007-11-01 15:29:00,7.837,7.837,7.831,7.835,9
2007-11-01 15:30:00,7.837,7.842,7.837,7.84,5
2007-11-01 15:31:00,7.837,7.842,7.836,7.84,9
2007-11-01 15:32:00,7.829,7.843,7.829,7.84,27
2007-11-01 15:33:00,7.814,7.827,7.814,7.827,14
2007-11-01 15:34:00,7.808,7.812,7.806,7.812,8
2007-11-01 15:35:00,7.81,7.817,7.81,7.811,11
2007-11-01 15:36:00,7.817,7.821,7.813,7.813,9
2007-11-01 15:37:00,7.827,7.833,7.815,7.819,26
2007-11-01 15:38:00,7.831,7.835,7.825,7.829,20
2007-11-01 15:39:00,7.82,7.833,7.82,7.833,17
2007-11-01 15:40:00,7.816,7.82,7.815,7.818,8
2007-11-01 15:41:00,7.816,7.817,7.816,7.817,2
2007-11-01 15:42:00,7.811,7.819,7.811,7.818,13
2007-11-01 15:43:00,7.813,7.813,7.807,7.809,7
2007-11-01 15:44:00,7.815,7.82,7.815,7.815,9
2007-11-01 15:45:00,7.806,7.827,7.806,7.817,25
2007-11-01 15:46:00,7.798,7.807,7.796,7.807,19
2007-11-01 15:47:00,7.805,7.806,7.796,7.796,14
2007-11-01 15:48:00,7.808,7.812,7.803,7.806,15
2007-11-01 15:49:00,7.809,7.816,7.809,7.81,11
2007-11-01 15:50:00,7.797,7.813,7.795,7.811,12
2007-11-01 15:51:00,7.81,7.812,7.795,7.799,15
2007-11-01 15:52:00,7.816,7.816,7.806,7.808,12
2007-11-01 15:53:00,7.819,7.824,7.816,7.818,14
2007-11-01 15:54:00,7.825,7.825,7.815,7.817,12
2007-11-01 15:55:00,7.832,7.839,7.824,7.827,20
2007-11-01 15:56:00,7.829,7.832,7.827,7.83,7
2007-11-01 15:57:00,7.828,7.838,7.827,7.827,21
2007-11-01 15:58:00,7.824,7.833,7.822,7.83,18
2007-11-01 15:59:00,7.828,7.829,7.82,7.82,10
2007-11-01 16:00:00,7.826,7.826,7.826,7.826,1
2007-11-01 16:01:00,7.829,7.834,7.823,7.829,24
2007-11-01 16:02:00,7.83,7.832,7.827,7.831,8
2007-11-01 16:03:00,7.829,7.832,7.824,7.832,7
2007-11-01 16:04:00,7.824,7.826,7.819,7.826,7
2007-11-01 16:05:00,7.825,7.827,7.822,7.822,8
2007-11-01 16:06:00,7.827,7.829,7.825,7.827,9
2007-11-01 16:07:00,7.836,7.837,7.825,7.825,17
2007-11-01 16:08:00,7.846,7.849,7.835,7.838,30
2007-11-01 16:09:00,7.838,7.845,7.838,7.844,15
2007-11-01 16:10:00,7.856,7.856,7.84,7.84,13
2007-11-01 16:11:00,7.866,7.873,7.858,7.858,74
2007-11-01 16:12:00,7.866,7.868,7.861,7.861,15
2007-11-01 16:13:00,7.861,7.871,7.86,7.871,10
2007-11-01 16:14:00,7.889,7.893,7.862,7.864,60
2007-11-01 16:15:00,7.89,7.894,7.884,7.887,34
2007-11-01 16:16:00,7.907,7.91,7.89,7.892,61
2007-11-01 16:17:00,7.899,7.91,7.895,7.905,42
2007-11-01 16:18:00,7.899,7.9,7.89,7.9,19
2007-11-01 16:19:00,7.914,7.916,7.9,7.901,32
2007-11-01 16:20:00,7.888,7.916,7.888,7.916,40
2007-11-01 16:21:00,7.899,7.906,7.89,7.89,26
2007-11-01 16:22:00,7.893,7.902,7.891,7.9,19
2007-11-01 16:23:00,7.897,7.897,7.889,7.891,14
2007-11-01 16:24:00,7.905,7.907,7.892,7.895,20
2007-11-01 16:25:00,7.894,7.903,7.894,7.903,9
2007-11-01 16:26:00,7.89,7.899,7.889,7.897,11
2007-11-01 16:27:00,7.891,7.894,7.889,7.889,13
2007-11-01 16:28:00,7.882,7.893,7.879,7.889,24
2007-11-01 16:29:00,7.875,7.882,7.868,7.88,28
2007-11-01 16:30:00,7.878,7.889,7.871,7.871,20
2007-11-01 16:31:00,7.889,7.889,7.88,7.88,8
2007-11-01 16:32:00,7.896,7.896,7.887,7.89,12
2007-11-01 16:33:00,7.882,7.896,7.882,7.894,11
2007-11-01 16:34:00,7.876,7.884,7.874,7.884,15
2007-11-01 16:35:00,7.877,7.883,7.877,7.878,12
2007-11-01 16:36:00,7.885,7.885,7.877,7.878,4
2007-11-01 16:37:00,7.889,7.891,7.887,7.887,4
2007-11-01 16:38:00,7.897,7.899,7.89,7.891,19
2007-11-01 16:39:00,7.888,7.895,7.888,7.895,9
2007-11-01 16:40:00,7.854,7.888,7.854,7.885,38
2007-11-01 16:41:00,7.855,7.857,7.849,7.852,26
2007-11-01 16:42:00,7.88,7.88,7.857,7.857,27
2007-11-01 16:43:00,7.904,7.904,7.882,7.882,61
2007-11-01 16:44:00,7.902,7.91,7.898,7.905,45
2007-11-01 16:45:00,7.897,7.904,7.897,7.9,10
2007-11-01 16:46:00,7.893,7.904,7.89,7.895,18
2007-11-01 16:47:00,7.895,7.901,7.894,7.895,8
2007-11-01 16:48:00,7.909,7.911,7.897,7.897,48
2007-11-01 16:49:00,7.903,7.911,7.899,7.911,22
2007-11-01 16:50:00,7.902,7.906,7.902,7.905,4
2007-11-01 16:51:00,7.904,7.906,7.9,7.904,10
2007-11-01 16:52:00,7.901,7.907,7.901,7.902,6
2007-11-01 16:53:00,7.897,7.899,7.889,7.899,16
2007-11-01 16:54:00,7.905,7.907,7.899,7.899,13
2007-11-01 16:55:00,7.913,7.92,7.905,7.907,26
2007-11-01 16:56:00,7.927,7.931,7.914,7.916,40
2007-11-01 16:57:00,7.933,7.939,7.925,7.925,29
2007-11-01 16:58:00,7.945,7.949,7.934,7.936,25
2007-11-01 16:59:00,7.965,7.972,7.938,7.946,81
2007-11-01 17:00:00,7.963,7.971,7.956,7.967,49
2007-11-01 17:01:00,7.976,7.983,7.96,7.96,67
2007-11-01 17:02:00,7.978,7.988,7.972,7.974,34
2007-11-01 17:03:00,7.989,7.997,7.978,7.98,69
2007-11-01 17:04:00,7.985,7.998,7.983,7.993,35
2007-11-01 17:05:00,7.991,7.991,7.983,7.984,14
2007-11-01 17:06:00,7.98,7.988,7.978,7.988,12
2007-11-01 17:07:00,7.97,7.985,7.969,7.982,24
2007-11-01 17:08:00,7.966,7.968,7.96,7.968,23
2007-11-01 17:09:00,7.953,7.963,7.952,7.963,24
2007-11-01 17:10:00,7.945,7.951,7.945,7.951,22
2007-11-01 17:11:00,7.956,7.96,7.947,7.947,36
2007-11-01 17:12:00,7.957,7.959,7.956,7.958,6
2007-11-01 17:13:00,7.948,7.957,7.948,7.955,9
2007-11-01 17:14:00,7.943,7.948,7.941,7.946,10
2007-11-01 17:15:00,7.95,7.95,7.942,7.945,22
2007-11-01 17:16:00,7.954,7.956,7.952,7.953,13
2007-11-01 17:17:00,7.95,7.958,7.95,7.956,14
2007-11-01 17:18:00,7.941,7.957,7.937,7.953,28
2007-11-01 17:19:00,7.936,7.94,7.926,7.937,42
2007-11-01 17:20:00,7.926,7.937,7.919,7.934,31
2007-11-01 17:21:00,7.938,7.941,7.926,7.928,29
2007-11-01 17:22:00,7.94,7.942,7.937,7.94,9
2007-11-01 17:23:00,7.951,7.951,7.938,7.938,13
2007-11-01 17:24:00,7.973,7.973,7.953,7.953,43
2007-11-01 17:25:00,7.979,7.986,7.967,7.971,31
2007-11-01 17:26:00,7.975,7.981,7.971,7.976,24
2007-11-01 17:27:00,7.973,7.978,7.972,7.976,14
2007-11-01 17:28:00,7.977,7.977,7.946,7.971,58
2007-11-01 17:29:00,7.972,7.976,7.968,7.975,16
2007-11-01 17:30:00,7.972,7.975,7.969,7.975,6
2007-11-01 17:31:00,7.974,7.977,7.965,7.97,17
2007-11-01 17:32:00,7.99,7.991,7.972,7.972,26
2007-11-01 17:33:00,7.992,7.997,7.984,7.986,24
2007-11-01 17:34:00,7.99,7.997,7.99,7.99,12
2007-11-01 17:35:00,7.971,7.991,7.965,7.991,24
2007-11-01 17:36:00,7.974,7.976,7.97,7.974,10
2007-11-01 17:37:00,7.979,7.979,7.969,7.971,13
2007-11-01 17:38:00,7.975,7.985,7.975,7.981,12
2007-11-01 17:39:00,7.977,7.983,7.973,7.978,12
2007-11-01 17:40:00,7.979,7.983,7.975,7.975,13
2007-11-01 17:41:00,7.976,7.985,7.973,7.981,16
2007-11-01 17:42:00,7.983,7.985,7.975,7.98,11
2007-11-01 17:43:00,7.985,7.995,7.979,7.98,34
2007-11-01 17:44:00,7.981,7.988,7.98,7.988,11
2007-11-01 17:45:00,7.974,7.984,7.974,7.983,11
2007-11-01 17:46:00,7.973,7.978,7.969,7.971,13
2007-11-01 17:47:00,7.975,7.975,7.968,7.975,13
2007-11-01 17:48:00,7.968,7.977,7.968,7.977,12
2007-11-01 17:49:00,7.968,7.969,7.965,7.969,9
2007-11-01 17:50:00,7.94,7.966,7.932,7.966,52
2007-11-01 17:51:00,7.95,7.959,7.937,7.937,21
2007-11-01 17:52:00,7.928,7.95,7.928,7.947,38
2007-11-01 17:53:00,7.944,7.949,7.931,7.931,49
2007-11-01 17:54:00,7.957,7.96,7.94,7.946,88
2007-11-01 17:55:00,7.957,7.959,7.95,7.954,18
2007-11-01 17:56:00,7.958,7.962,7.955,7.955,15
2007-11-01 17:57:00,7.945,7.963,7.941,7.96,19
2007-11-01 17:58:00,7.93,7.945,7.928,7.944,17
2007-11-01 17:59:00,7.936,7.942,7.929,7.933,16
2007-11-01 18:00:00,7.951,7.951,7.938,7.938,16
2007-11-01 18:01:00,7.949,7.958,7.949,7.953,16
2007-11-01 18:02:00,7.959,7.959,7.951,7.951,5
2007-11-01 18:03:00,7.962,7.962,7.957,7.96,12
2007-11-01 18:04:00,7.984,7.984,7.962,7.964,39
2007-11-01 18:05:00,7.984,7.986,7.973,7.982,26
2007-11-01 18:06:00,7.989,7.996,7.982,7.985,34
2007-11-01 18:07:00,7.986,7.994,7.985,7.991,22
2007-11-01 18:08:00,7.999,8.001,7.985,7.985,18
2007-11-01 18:09:00,8.006,8.01,7.993,8.001,36
2007-11-01 18:10:00,7.991,8.004,7.989,8.004,22
2007-11-01 18:11:00,8.001,8.007,7.988,7.988,20
2007-11-01 18:12:00,7.997,8.007,7.993,8.003,18
2007-11-01 18:13:00,8.011,8.015,7.998,7.998,46
2007-11-01 18:14:00,8.018,8.031,8.016,8.016,51
2007-11-01 18:15:00,8.012,8.022,8.012,8.021,11
2007-11-01 18:16:00,8.015,8.019,8.008,8.014,16
2007-11-01 18:17:00,8.013,8.016,8.008,8.013,21
2007-11-01 18:18:00,8.017,8.019,8.012,8.015,12
2007-11-01 18:19:00,8.01,8.023,8.01,8.015,19
2007-11-01 18:20:00,8.016,8.016,8.009,8.012,16
2007-11-01 18:21:00,8.007,8.013,8.003,8.012,18
2007-11-01 18:22:00,8.006,8.006,8.004,8.004,2
2007-11-01 18:23:00,8.008,8.009,8.003,8.008,14
2007-11-01 18:24:00,8.007,8.007,8.005,8.005,4
2007-11-01 18:25:00,7.999,8.005,7.998,8.005,10
2007-11-01 18:26:00,7.997,7.999,7.995,7.997,7
2007-11-01 18:27:00,7.996,7.999,7.994,7.999,6
2007-11-01 18:28:00,7.994,8.001,7.994,7.998,18
2007-11-01 18:29:00,7.982,7.992,7.982,7.992,13
2007-11-01 18:30:00,7.974,7.98,7.974,7.98,20
2007-11-01 18:31:00,7.978,7.978,7.975,7.977,7
2007-11-01 18:32:00,7.952,7.976,7.952,7.976,18
2007-11-01 18:33:00,7.952,7.961,7.938,7.95,38
2007-11-01 18:34:00,7.952,7.952,7.943,7.945,6
2007-11-01 18:35:00,7.949,7.952,7.947,7.95,8
2007-11-01 18:36:00,7.952,7.952,7.949,7.952,3
2007-11-01 18:38:00,7.954,7.956,7.954,7.954,3
2007-11-01 18:39:00,7.943,7.948,7.943,7.948,2
2007-11-01 18:40:00,7.953,7.956,7.953,7.953,3
2007-11-01 18:41:00,7.961,7.967,7.956,7.956,7
2007-11-01 18:42:00,7.967,7.967,7.965,7.965,2
2007-11-01 18:43:00,7.961,7.969,7.961,7.969,2
2007-11-01 18:44:00,7.966,7.966,7.958,7.958,3
2007-11-01 18:45:00,7.967,7.969,7.967,7.969,2
2007-11-01 18:46:00,7.969,7.969,7.969,7.969,1
2007-11-01 18:48:00,7.966,7.966,7.966,7.966,1
2007-11-01 18:49:00,7.961,7.964,7.961,7.964,2
2007-11-01 18:51:00,7.964,7.964,7.964,7.964,1
2007-11-01 18:52:00,7.969,7.969,7.966,7.966,4
2007-11-01 18:53:00,7.97,7.97,7.97,7.97,1
2007-11-01 18:55:00,7.97,7.972,7.97,7.972,2
2007-11-01 18:57:00,7.967,7.969,7.967,7.969,2
2007-11-01 18:58:00,7.965,7.965,7.965,7.965,1
2007-11-01 18:59:00,7.974,7.974,7.969,7.969,3
2007-11-01 19:00:00,7.98,7.98,7.977,7.977,2
2007-11-01 19:01:00,7.98,7.984,7.969,7.978,14
2007-11-01 19:02:00,7.98,7.984,7.975,7.975,5
2007-11-01 19:03:00,7.984,7.984,7.982,7.982,2
2007-11-01 19:04:00,7.975,7.98,7.975,7.98,3
2007-11-01 19:05:00,7.978,7.978,7.978,7.978,1
2007-11-01 19:06:00,7.989,7.989,7.984,7.984,3
2007-11-01 19:12:00,7.998,7.998,7.994,7.994,2
2007-11-01 19:13:00,7.998,7.998,7.992,7.992,3
2007-11-01 19:14:00,7.989,7.989,7.989,7.989,1
2007-11-01 19:17:00,7.983,7.983,7.983,7.983,1
2007-11-01 19:18:00,7.987,7.996,7.98,7.98,5
2007-11-01 19:21:00,7.98,7.98,7.98,7.98,1
2007-11-01 19:22:00,7.978,7.985,7.978,7.978,3
2007-11-01 19:23:00,7.976,7.976,7.976,7.976,1
2007-11-01 19:27:00,7.974,7.974,7.974,7.974,1
2007-11-01 19:29:00,7.971,7.976,7.971,7.976,2
2007-11-01 19:31:00,7.966,7.966,7.966,7.966,1
2007-11-01 19:34:00,7.965,7.965,7.965,7.965,1
2007-11-01 19:35:00,7.966,7.966,7.966,7.966,1
2007-11-01 19:39:00,7.97,7.97,7.97,7.97,1
2007-11-01 19:44:00,7.964,7.966,7.964,7.966,2
2007-11-01 19:46:00,7.967,7.967,7.967,7.967,1
2007-11-01 19:47:00,7.97,7.97,7.968,7.968,4
2007-11-01 19:48:00,7.969,7.969,7.969,7.969,1
2007-11-01 19:51:00,7.972,7.972,7.972,7.972,1
2007-11-01 19:53:00,7.968,7.97,7.968,7.97,2
2007-11-01 19:54:00,7.966,7.966,7.966,7.966,1
2007-11-01 19:55:00,7.968,7.968,7.968,7.968,1
2007-11-01 19:56:00,7.961,7.965,7.961,7.965,3
2007-11-01 19:57:00,7.96,7.96,7.958,7.958,2
2007-11-01 19:58:00,7.953,7.953,7.953,7.953,1
2007-11-01 20:00:00,7.956,7.956,7.956,7.956,1
2007-11-01 20:02:00,7.969,7.969,7.965,7.965,3
2007-11-01 20:05:00,7.961,7.961,7.961,7.961,1
2007-11-01 20:06:00,7.965,7.965,7.965,7.965,1
2007-11-01 20:07:00,7.96,7.962,7.96,7.962,2
2007-11-01 20:17:00,7.964,7.964,7.964,7.964,1
2007-11-01 20:23:00,7.968,7.968,7.968,7.968,1
2007-11-01 20:44:00,7.972,7.972,7.972,7.972,1
2007-11-01 20:49:00,7.968,7.968,7.968,7.968,1
2007-11-01 20:50:00,7.972,7.972,7.972,7.972,1
2007-11-01 20:51:00,7.97,7.97,7.97,7.97,1
2007-11-01 20:53:00,7.964,7.964,7.964,7.964,1
2007-11-01 21:09:00,7.967,7.967,7.967,7.967,1
2007-11-01 21:11:00,7.974,7.974,7.974,7.974,1
2007-11-01 22:00:00,7.992,7.992,7.969,7.969,4
2007-11-01 22:04:00,8.001,8.001,7.997,7.997,2
2007-11-01 22:05:00,8.01,8.01,8.005,8.005,3
2007-11-01 22:06:00,8.011,8.011,8.001,8.009,5
2007-11-01 22:07:00,8.02,8.02,8.02,8.02,1
2007-11-01 22:09:00,7.995,7.995,7.995,7.995,1
2007-11-01 22:13:00,8.027,8.027,8.002,8.002,3
2007-11-01 22:14:00,8.031,8.031,8.031,8.031,1
2007-11-01 22:22:00,8.006,8.006,8.006,8.006,1
2007-11-01 22:24:00,8.002,8.002,8.002,8.002,1
2007-11-01 22:26:00,8.011,8.011,8.011,8.011,1
2007-11-01 22:36:00,8.002,8.002,8.002,8.002,1
2007-11-01 23:17:00,7.974,7.974,7.974,7.974,1
2007-11-01 23:18:00,7.967,7.969,7.967,7.969,2
2007-11-01 23:19:00,7.963,7.963,7.963,7.963,1
2007-11-01 23:20:00,7.975,7.975,7.975,7.975,1
2007-11-01 23:28:00,7.982,7.982,7.979,7.979,2
2007-11-01 23:31:00,7.998,7.998,7.998,7.998,1
2007-11-01 23:45:00,7.984,7.984,7.984,7.984,1
2007-11-01 23:50:00,7.985,7.985,7.985,7.985,1
2007-11-01 23:54:00,7.98,7.98,7.98,7.98,1
2007-11-01 23:59:00,7.981,7.981,7.981,7.981,1
2007-11-02 00:20:00,7.989,7.989,7.989,7.989,1
2007-11-02 00:26:00,7.985,7.985,7.985,7.985,1
2007-11-02 00:28:00,7.981,7.981,7.981,7.981,1
2007-11-02 01:44:00,7.99,7.99,7.99,7.99,1
2007-11-02 01:57:00,7.991,7.991,7.991,7.991,1
2007-11-02 02:27:00,7.996,7.996,7.996,7.996,1
2007-11-02 03:06:00,7.984,7.999,7.984,7.999,5
2007-11-02 03:10:00,7.989,7.989,7.989,7.989,1
2007-11-02 03:41:00,7.984,7.984,7.984,7.984,1
2007-11-02 04:50:00,7.99,7.99,7.99,7.99,1
2007-11-02 05:10:00,7.985,7.985,7.985,7.985,1
2007-11-02 05:16:00,7.971,7.971,7.971,7.971,1
2007-11-02 05:28:00,7.98,7.98,7.98,7.98,1
2007-11-02 05:31:00,7.98,7.98,7.979,7.979,2
2007-11-02 05:48:00,7.985,7.985,7.985,7.985,1
2007-11-02 07:04:00,7.999,7.999,7.996,7.996,2
2007-11-02 07:45:00,7.989,7.989,7.989,7.989,1
2007-11-02 08:04:00,7.988,7.988,7.988,7.988,1
2007-11-02 08:12:00,7.989,7.989,7.989,7.989,1
2007-11-02 08:17:00,7.99,7.99,7.99,7.99,1
2007-11-02 08:48:00,7.997,7.997,7.997,7.997,1
2007-11-02 08:57:00,7.994,7.994,7.994,7.994,1
2007-11-02 09:14:00,7.996,7.996,7.996,7.996,1
2007-11-02 09:19:00,8.0,8.0,8.0,8.0,1
2007-11-02 09:22:00,8.002,8.002,8.002,8.002,1
2007-11-02 09:31:00,7.994,7.995,7.991,7.995,4
2007-11-02 09:32:00,7.994,7.994,7.992,7.992,2
2007-11-02 09:49:00,7.999,7.999,7.999,7.999,1
2007-11-02 10:24:00,7.993,7.995,7.993,7.995,2
2007-11-02 10:27:00,7.99,7.99,7.99,7.99,1
2007-11-02 10:36:00,8.0,8.0,8.0,8.0,1
2007-11-02 10:39:00,7.99,7.99,7.99,7.99,1
2007-11-02 10:59:00,8.011,8.011,8.011,8.011,1
2007-11-02 11:00:00,8.013,8.013,8.013,8.013,1
2007-11-02 11:03:00,8.03,8.03,8.02,8.02,2
2007-11-02 11:04:00,8.034,8.035,8.02,8.034,7
2007-11-02 11:05:00,8.037,8.037,8.037,8.037,1
2007-11-02 11:08:00,8.066,8.066,8.041,8.041,9
2007-11-02 11:12:00,8.06,8.06,8.06,8.06,1
2007-11-02 11:14:00,8.065,8.065,8.065,8.065,1
2007-11-02 11:15:00,8.069,8.069,8.066,8.067,5
2007-11-02 11:16:00,8.07,8.08,8.07,8.08,3
2007-11-02 11:22:00,8.065,8.065,8.065,8.065,1
2007-11-02 11:23:00,8.063,8.063,8.063,8.063,1
2007-11-02 11:24:00,8.056,8.056,8.056,8.056,1
2007-11-02 11:28:00,8.051,8.051,8.051,8.051,1
2007-11-02 11:31:00,8.047,8.055,8.047,8.055,3
2007-11-02 11:32:00,8.034,8.042,8.034,8.042,3
2007-11-02 11:33:00,8.019,8.028,8.019,8.028,3
2007-11-02 11:34:00,8.025,8.025,8.025,8.025,1
2007-11-02 11:38:00,8.026,8.029,8.023,8.029,3
2007-11-02 11:39:00,8.033,8.033,8.033,8.033,1
2007-11-02 11:42:00,8.037,8.037,8.025,8.035,4
2007-11-02 11:45:00,8.037,8.037,8.036,8.036,2
2007-11-02 11:47:00,8.036,8.036,8.024,8.025,3
2007-11-02 11:49:00,8.034,8.034,8.034,8.034,1
2007-11-02 11:51:00,8.047,8.047,8.037,8.037,4
2007-11-02 11:52:00,8.05,8.05,8.05,8.05,1
2007-11-02 11:53:00,8.05,8.052,8.05,8.052,2
2007-11-02 11:54:00,8.051,8.051,8.048,8.048,2
2007-11-02 11:55:00,8.061,8.061,8.047,8.047,5
2007-11-02 11:57:00,8.061,8.061,8.057,8.057,2
2007-11-02 11:59:00,8.034,8.055,8.034,8.052,7
2007-11-02 12:00:00,8.043,8.043,8.039,8.04,4
2007-11-02 12:01:00,8.043,8.043,8.039,8.039,3
2007-11-02 12:02:00,8.042,8.047,8.042,8.047,2
2007-11-02 12:03:00,8.042,8.042,8.037,8.037,2
2007-11-02 12:04:00,8.028,8.032,8.028,8.032,2
2007-11-02 12:05:00,8.033,8.033,8.026,8.026,2
2007-11-02 12:06:00,8.006,8.028,8.006,8.028,10
2007-11-02 12:08:00,8.002,8.02,8.0,8.02,8
2007-11-02 12:09:00,8.0,8.0,7.991,7.999,5
2007-11-02 12:10:00,7.987,8.005,7.987,7.996,6
2007-11-02 12:11:00,7.982,7.989,7.981,7.989,5
2007-11-02 12:12:00,7.99,7.99,7.985,7.985,3
2007-11-02 12:13:00,8.007,8.007,7.991,7.991,9
2007-11-02 12:14:00,8.013,8.013,8.003,8.003,7
2007-11-02 12:15:00,8.01,8.015,8.01,8.015,2
2007-11-02 12:16:00,8.015,8.015,8.015,8.015,1
2007-11-02 12:17:00,8.02,8.02,8.01,8.01,2
2007-11-02 12:18:00,8.005,8.005,8.005,8.005,1
2007-11-02 12:20:00,7.999,7.999,7.999,7.999,1
2007-11-02 12:21:00,7.996,7.996,7.993,7.995,3
2007-11-02 12:22:00,7.982,7.992,7.979,7.992,6
2007-11-02 12:23:00,7.926,7.978,7.926,7.978,17
2007-11-02 12:24:00,7.931,7.942,7.931,7.931,7
2007-11-02 12:25:00,7.908,7.94,7.908,7.94,14
2007-11-02 12:26:00,7.904,7.913,7.899,7.906,17
2007-11-02 12:27:00,7.911,7.911,7.902,7.902,12
2007-11-02 12:28:00,7.928,7.929,7.913,7.913,9
2007-11-02 12:29:00,7.928,7.928,7.922,7.924,5
2007-11-02 12:30:00,7.94,7.94,7.93,7.93,7
2007-11-02 12:31:00,7.965,7.976,7.943,7.943,15
2007-11-02 12:32:00,7.953,7.958,7.953,7.958,3
2007-11-02 12:33:00,7.945,7.96,7.945,7.96,3
2007-11-02 12:34:00,7.941,7.941,7.939,7.939,2
2007-11-02 12:35:00,7.941,7.946,7.941,7.946,2
2007-11-02 12:36:00,7.938,7.939,7.934,7.939,4
2007-11-02 12:37:00,7.947,7.947,7.932,7.936,9
2007-11-02 12:38:00,7.95,7.952,7.939,7.95,11
2007-11-02 12:39:00,7.951,7.951,7.945,7.947,3
2007-11-02 12:40:00,7.939,7.948,7.939,7.948,9
2007-11-02 12:41:00,7.946,7.949,7.941,7.941,7
2007-11-02 12:42:00,7.95,7.952,7.946,7.948,5
2007-11-02 12:43:00,7.942,7.947,7.942,7.947,3
2007-11-02 12:44:00,7.933,7.94,7.926,7.937,9
2007-11-02 12:45:00,7.934,7.941,7.934,7.935,8
2007-11-02 12:46:00,7.932,7.932,7.929,7.931,3
2007-11-02 12:47:00,7.959,7.959,7.938,7.938,10
2007-11-02 12:48:00,7.956,7.956,7.952,7.952,2
2007-11-02 12:49:00,7.941,7.952,7.938,7.952,12
2007-11-02 12:50:00,7.939,7.939,7.936,7.938,3
2007-11-02 12:51:00,7.941,7.941,7.941,7.941,1
2007-11-02 12:53:00,7.939,7.939,7.939,7.939,1
2007-11-02 12:54:00,7.927,7.94,7.927,7.937,11
2007-11-02 12:55:00,7.917,7.925,7.913,7.925,17
2007-11-02 12:56:00,7.921,7.921,7.909,7.913,11
2007-11-02 12:57:00,7.913,7.923,7.912,7.923,8
2007-11-02 12:58:00,7.887,7.911,7.887,7.911,13
2007-11-02 12:59:00,7.892,7.9,7.88,7.891,54
2007-11-02 13:00:00,7.923,7.924,7.891,7.894,84
2007-11-02 13:01:00,7.947,7.95,7.918,7.921,45
2007-11-02 13:02:00,7.937,7.955,7.937,7.949,23
2007-11-02 13:03:00,7.947,7.951,7.935,7.938,25
2007-11-02 13:04:00,7.961,7.963,7.947,7.95,16
2007-11-02 13:05:00,7.988,7.993,7.964,7.964,51
2007-11-02 13:06:00,7.981,8.004,7.978,7.99,36
2007-11-02 13:07:00,7.996,7.996,7.97,7.978,28
2007-11-02 13:08:00,7.995,8.004,7.99,8.003,28
2007-11-02 13:09:00,7.97,7.992,7.964,7.992,46
2007-11-02 13:10:00,7.98,7.981,7.967,7.967,16
2007-11-02 13:11:00,7.988,7.992,7.98,7.983,21
2007-11-02 13:12:00,7.988,7.99,7.977,7.99,21
2007-11-02 13:13:00,7.986,7.993,7.986,7.99,9
2007-11-02 13:14:00,7.96,7.99,7.96,7.988,23
2007-11-02 13:15:00,7.974,7.975,7.962,7.962,24
2007-11-02 13:16:00,7.983,7.983,7.968,7.97,12
2007-11-02 13:17:00,7.986,7.988,7.984,7.986,5
2007-11-02 13:18:00,7.99,7.992,7.983,7.983,12
2007-11-02 13:19:00,7.986,7.995,7.982,7.983,13
2007-11-02 13:20:00,7.974,7.983,7.972,7.983,13
2007-11-02 13:21:00,7.98,7.988,7.976,7.976,10
2007-11-02 13:22:00,7.969,7.978,7.969,7.977,9
2007-11-02 13:23:00,7.958,7.969,7.955,7.967,25
2007-11-02 13:24:00,7.958,7.958,7.949,7.956,20
2007-11-02 13:25:00,7.961,7.968,7.953,7.956,30
2007-11-02 13:26:00,7.965,7.965,7.962,7.964,3
2007-11-02 13:27:00,7.96,7.962,7.956,7.962,4
2007-11-02 13:28:00,7.975,7.979,7.956,7.958,16
2007-11-02 13:29:00,7.976,7.979,7.969,7.972,10
2007-11-02 13:30:00,7.969,7.978,7.964,7.974,17
2007-11-02 13:31:00,7.971,7.982,7.971,7.971,25
2007-11-02 13:32:00,7.97,7.978,7.969,7.969,28
2007-11-02 13:33:00,7.97,7.97,7.96,7.968,11
2007-11-02 13:34:00,7.971,7.974,7.957,7.972,22
2007-11-02 13:35:00,7.973,7.973,7.971,7.973,7
2007-11-02 13:36:00,7.954,7.97,7.954,7.97,14
2007-11-02 13:37:00,7.96,7.963,7.952,7.952,9
2007-11-02 13:38:00,7.96,7.962,7.956,7.956,5
2007-11-02 13:39:00,7.939,7.96,7.939,7.957,17
2007-11-02 13:40:00,7.945,7.946,7.938,7.941,14
2007-11-02 13:41:00,7.94,7.946,7.94,7.946,11
2007-11-02 13:42:00,7.947,7.957,7.942,7.942,29
2007-11-02 13:43:00,7.967,7.968,7.951,7.951,18
2007-11-02 13:44:00,7.958,7.967,7.954,7.965,22
2007-11-02 13:45:00,7.947,7.962,7.947,7.96,10
2007-11-02 13:46:00,7.937,7.952,7.937,7.95,8
2007-11-02 13:47:00,7.912,7.941,7.91,7.941,32
2007-11-02 13:48:00,7.906,7.919,7.9,7.914,26
2007-11-02 13:49:00,7.92,7.922,7.902,7.904,25
2007-11-02 13:50:00,7.92,7.922,7.92,7.922,2
2007-11-02 13:51:00,7.898,7.918,7.898,7.918,19
2007-11-02 13:52:00,7.888,7.896,7.888,7.896,26
2007-11-02 13:53:00,7.884,7.893,7.881,7.89,27
2007-11-02 13:54:00,7.844,7.883,7.841,7.883,113
2007-11-02 13:55:00,7.844,7.85,7.84,7.842,41
2007-11-02 13:56:00,7.817,7.844,7.803,7.842,92
2007-11-02 13:57:00,7.835,7.839,7.818,7.819,44
2007-11-02 13:58:00,7.843,7.849,7.837,7.837,26
2007-11-02 13:59:00,7.86,7.863,7.841,7.845,50
2007-11-02 14:00:00,7.842,7.858,7.84,7.858,17
2007-11-02 14:01:00,7.841,7.846,7.836,7.844,19
2007-11-02 14:02:00,7.852,7.852,7.84,7.843,16
2007-11-02 14:03:00,7.851,7.851,7.845,7.85,9
2007-11-02 14:04:00,7.866,7.866,7.853,7.853,13
2007-11-02 14:05:00,7.861,7.868,7.854,7.868,23
2007-11-02 14:06:00,7.85,7.863,7.85,7.86,14
2007-11-02 14:07:00,7.87,7.873,7.845,7.848,47
2007-11-02 14:08:00,7.887,7.898,7.873,7.873,54
2007-11-02 14:09:00,7.862,7.884,7.862,7.884,32
2007-11-02 14:10:00,7.867,7.875,7.864,7.866,20
2007-11-02 14:11:00,7.865,7.875,7.864,7.872,17
2007-11-02 14:12:00,7.853,7.868,7.853,7.863,17
2007-11-02 14:13:00,7.866,7.868,7.855,7.855,14
2007-11-02 14:14:00,7.877,7.879,7.866,7.868,18
2007-11-02 14:15:00,7.925,7.925,7.873,7.879,42
2007-11-02 14:16:00,7.919,7.923,7.905,7.923,45
2007-11-02 14:17:00,7.913,7.917,7.906,7.917,22
2007-11-02 14:18:00,7.905,7.912,7.905,7.911,10
2007-11-02 14:19:00,7.89,7.903,7.889,7.903,26
2007-11-02 14:20:00,7.929,7.929,7.888,7.891,52
2007-11-02 14:21:00,7.928,7.933,7.914,7.93,41
2007-11-02 14:22:00,7.919,7.932,7.919,7.926,24
2007-11-02 14:23:00,7.916,7.928,7.916,7.922,23
2007-11-02 14:24:00,7.918,7.919,7.914,7.917,9
2007-11-02 14:25:00,7.909,7.917,7.907,7.917,9
2007-11-02 14:26:00,7.907,7.91,7.903,7.907,12
2007-11-02 14:27:00,7.917,7.918,7.905,7.905,11
2007-11-02 14:28:00,7.912,7.917,7.911,7.915,9
2007-11-02 14:29:00,7.916,7.918,7.912,7.914,11
2007-11-02 14:30:00,7.924,7.926,7.911,7.918,23
2007-11-02 14:31:00,7.94,7.943,7.924,7.926,17
2007-11-02 14:32:00,7.945,7.945,7.942,7.942,7
2007-11-02 14:33:00,7.947,7.95,7.944,7.947,20
2007-11-02 14:34:00,7.978,7.978,7.943,7.945,45
2007-11-02 14:35:00,7.969,7.986,7.969,7.98,54
2007-11-02 14:36:00,7.967,7.978,7.967,7.971,33
2007-11-02 14:37:00,7.973,7.977,7.969,7.969,11
2007-11-02 14:38:00,7.953,7.971,7.953,7.971,21
2007-11-02 14:39:00,7.955,7.955,7.943,7.951,24
2007-11-02 14:40:00,7.951,7.957,7.944,7.957,10
2007-11-02 14:41:00,7.954,7.954,7.947,7.947,7
2007-11-02 14:42:00,7.948,7.952,7.948,7.952,5
2007-11-02 14:43:00,7.934,7.946,7.921,7.946,32
2007-11-02 14:44:00,7.946,7.946,7.935,7.935,12
2007-11-02 14:45:00,7.939,7.944,7.934,7.944,9
2007-11-02 14:46:00,7.95,7.958,7.941,7.941,28
2007-11-02 14:47:00,7.946,7.948,7.942,7.948,8
2007-11-02 14:49:00,7.946,7.948,7.943,7.943,4
2007-11-02 14:50:00,7.948,7.952,7.948,7.948,5
2007-11-02 14:51:00,7.952,7.952,7.945,7.947,8
2007-11-02 14:52:00,7.954,7.954,7.954,7.954,1
2007-11-02 14:53:00,7.952,7.952,7.95,7.95,2
2007-11-02 14:54:00,7.969,7.976,7.954,7.954,31
2007-11-02 14:55:00,7.957,7.965,7.957,7.965,4
2007-11-02 14:56:00,7.958,7.961,7.958,7.959,5
2007-11-02 14:57:00,7.966,7.966,7.96,7.96,6
2007-11-02 14:58:00,7.963,7.966,7.96,7.964,9
2007-11-02 14:59:00,7.965,7.966,7.963,7.966,7
2007-11-02 15:00:00,7.966,7.97,7.962,7.967,15
2007-11-02 15:01:00,7.967,7.968,7.963,7.964,9
2007-11-02 15:02:00,7.969,7.978,7.967,7.969,27
2007-11-02 15:03:00,7.965,7.969,7.963,7.967,10
2007-11-02 15:04:00,7.958,7.963,7.958,7.963,5
2007-11-02 15:05:00,7.947,7.956,7.947,7.956,15
2007-11-02 15:06:00,7.947,7.957,7.941,7.949,16
2007-11-02 15:07:00,7.948,7.95,7.936,7.945,21
2007-11-02 15:08:00,7.935,7.947,7.931,7.943,15
2007-11-02 15:09:00,7.916,7.934,7.916,7.931,15
2007-11-02 15:10:00,7.925,7.93,7.918,7.918,20
2007-11-02 15:11:00,7.918,7.93,7.914,7.927,18
2007-11-02 15:12:00,7.93,7.93,7.916,7.921,17
2007-11-02 15:13:00,7.933,7.935,7.926,7.932,9
2007-11-02 15:14:00,7.936,7.942,7.934,7.936,11
2007-11-02 15:15:00,7.932,7.934,7.929,7.934,11
2007-11-02 15:16:00,7.937,7.937,7.93,7.934,6
2007-11-02 15:17:00,7.919,7.935,7.919,7.935,11
2007-11-02 15:18:00,7.918,7.925,7.917,7.921,16
2007-11-02 15:19:00,7.91,7.921,7.908,7.92,21
2007-11-02 15:20:00,7.902,7.911,7.9,7.908,11
2007-11-02 15:21:00,7.884,7.906,7.881,7.903,27
2007-11-02 15:22:00,7.887,7.887,7.885,7.887,3
2007-11-02 15:23:00,7.904,7.905,7.885,7.889,25
2007-11-02 15:24:00,7.891,7.905,7.889,7.905,9
2007-11-02 15:25:00,7.866,7.895,7.863,7.895,40
2007-11-02 15:26:00,7.882,7.882,7.847,7.865,38
2007-11-02 15:27:00,7.892,7.895,7.88,7.88,26
2007-11-02 15:28:00,7.898,7.903,7.893,7.894,14
2007-11-02 15:29:00,7.879,7.903,7.874,7.901,31
2007-11-02 15:30:00,7.875,7.88,7.871,7.878,13
2007-11-02 15:31:00,7.879,7.882,7.877,7.877,8
2007-11-02 15:32:00,7.883,7.883,7.876,7.876,8
2007-11-02 15:33:00,7.882,7.884,7.881,7.881,9
2007-11-02 15:34:00,7.886,7.888,7.882,7.884,7
2007-11-02 15:35:00,7.887,7.887,7.884,7.884,4
2007-11-02 15:36:00,7.89,7.89,7.884,7.884,5
2007-11-02 15:37:00,7.897,7.899,7.888,7.892,14
2007-11-02 15:38:00,7.899,7.903,7.892,7.894,27
2007-11-02 15:39:00,7.902,7.905,7.9,7.901,10
2007-11-02 15:40:00,7.892,7.9,7.889,7.9,13
2007-11-02 15:41:00,7.888,7.895,7.886,7.895,5
2007-11-02 15:42:00,7.902,7.904,7.888,7.891,17
2007-11-02 15:43:00,7.897,7.904,7.897,7.904,6
2007-11-02 15:44:00,7.901,7.901,7.895,7.9,5
2007-11-02 15:45:00,7.921,7.921,7.903,7.903,21
2007-11-02 15:46:00,7.91,7.921,7.91,7.919,7
2007-11-02 15:47:00,7.91,7.913,7.909,7.909,6
2007-11-02 15:48:00,7.904,7.912,7.901,7.912,8
2007-11-02 15:49:00,7.913,7.915,7.904,7.906,13
2007-11-02 15:50:00,7.918,7.92,7.909,7.911,8
2007-11-02 15:51:00,7.912,7.922,7.912,7.916,16
2007-11-02 15:52:00,7.918,7.92,7.913,7.914,14
2007-11-02 15:53:00,7.92,7.923,7.918,7.92,9
2007-11-02 15:54:00,7.923,7.923,7.918,7.922,9
2007-11-02 15:55:00,7.923,7.923,7.917,7.921,6
2007-11-02 15:56:00,7.927,7.927,7.921,7.921,4
2007-11-02 15:57:00,7.925,7.934,7.923,7.924,9
2007-11-02 15:58:00,7.923,7.93,7.923,7.928,7
2007-11-02 15:59:00,7.922,7.925,7.919,7.921,6
2007-11-02 16:00:00,7.917,7.92,7.914,7.92,5
2007-11-02 16:01:00,7.91,7.912,7.908,7.912,4
2007-11-02 16:02:00,7.891,7.906,7.891,7.906,23
2007-11-02 16:03:00,7.887,7.893,7.885,7.893,16
2007-11-02 16:04:00,7.888,7.892,7.886,7.89,7
2007-11-02 16:05:00,7.887,7.892,7.884,7.892,14
2007-11-02 16:06:00,7.893,7.893,7.881,7.886,9
2007-11-02 16:07:00,7.919,7.93,7.896,7.896,36
2007-11-02 16:08:00,7.92,7.927,7.92,7.923,16
2007-11-02 16:09:00,7.935,7.941,7.922,7.922,19
2007-11-02 16:10:00,7.944,7.95,7.937,7.937,17
2007-11-02 16:11:00,7.946,7.949,7.942,7.942,7
2007-11-02 16:12:00,7.937,7.943,7.937,7.943,16
2007-11-02 16:13:00,7.933,7.937,7.928,7.935,18
2007-11-02 16:14:00,7.929,7.937,7.928,7.935,16
2007-11-02 16:15:00,7.926,7.934,7.926,7.928,9
2007-11-02 16:16:00,7.93,7.935,7.928,7.928,7
2007-11-02 16:17:00,7.907,7.926,7.907,7.926,14
2007-11-02 16:18:00,7.903,7.916,7.89,7.91,37
2007-11-02 16:19:00,7.902,7.904,7.882,7.902,47
2007-11-02 16:20:00,7.903,7.909,7.898,7.898,37
2007-11-02 16:21:00,7.913,7.923,7.899,7.901,26
2007-11-02 16:22:00,7.915,7.929,7.907,7.915,39
2007-11-02 16:23:00,7.908,7.926,7.902,7.917,27
2007-11-02 16:24:00,7.909,7.916,7.908,7.91,16
2007-11-02 16:25:00,7.922,7.926,7.913,7.913,17
2007-11-02 16:26:00,7.938,7.94,7.925,7.925,18
2007-11-02 16:27:00,7.949,7.954,7.938,7.94,28
2007-11-02 16:28:00,7.942,7.949,7.939,7.947,10
2007-11-02 16:29:00,7.935,7.94,7.919,7.94,30
2007-11-02 16:30:00,7.943,7.943,7.933,7.933,8
2007-11-02 16:31:00,7.951,7.956,7.941,7.941,31
2007-11-02 16:32:00,7.934,7.961,7.934,7.954,19
2007-11-02 16:33:00,7.937,7.95,7.935,7.936,19
2007-11-02 16:34:00,7.944,7.944,7.936,7.943,8
2007-11-02 16:35:00,7.944,7.944,7.94,7.942,3
2007-11-02 16:36:00,7.899,7.941,7.887,7.941,63
2007-11-02 16:37:00,7.909,7.913,7.886,7.896,61
2007-11-02 16:38:00,7.904,7.907,7.902,7.907,12
2007-11-02 16:39:00,7.913,7.92,7.902,7.906,35
2007-11-02 16:40:00,7.922,7.924,7.912,7.915,31
2007-11-02 16:41:00,7.924,7.929,7.919,7.924,26
2007-11-02 16:42:00,7.927,7.933,7.917,7.926,41
2007-11-02 16:43:00,7.928,7.943,7.924,7.925,41
2007-11-02 16:44:00,7.903,7.926,7.901,7.924,20
2007-11-02 16:45:00,7.917,7.919,7.9,7.907,26
2007-11-02 16:46:00,7.906,7.922,7.906,7.922,9
2007-11-02 16:47:00,7.883,7.909,7.883,7.904,33
2007-11-02 16:48:00,7.894,7.897,7.881,7.881,20
2007-11-02 16:49:00,7.901,7.903,7.896,7.896,12
2007-11-02 16:50:00,7.915,7.917,7.903,7.903,11
2007-11-02 16:51:00,7.915,7.915,7.909,7.913,5
2007-11-02 16:52:00,7.912,7.914,7.912,7.912,3
2007-11-02 16:53:00,7.897,7.91,7.894,7.91,15
2007-11-02 16:54:00,7.894,7.894,7.894,7.894,1
2007-11-02 16:55:00,7.894,7.898,7.891,7.891,12
2007-11-02 16:56:00,7.897,7.897,7.891,7.891,3
2007-11-02 16:57:00,7.893,7.898,7.893,7.898,5
2007-11-02 16:58:00,7.887,7.896,7.887,7.896,5
2007-11-02 16:59:00,7.878,7.885,7.854,7.885,50
2007-11-02 17:00:00,7.877,7.88,7.874,7.876,6
2007-11-02 17:01:00,7.888,7.891,7.88,7.88,12
2007-11-02 17:02:00,7.885,7.886,7.885,7.886,2
2007-11-02 17:03:00,7.885,7.888,7.885,7.888,3
2007-11-02 17:04:00,7.838,7.883,7.835,7.883,50
2007-11-02 17:05:00,7.857,7.857,7.842,7.842,24
2007-11-02 17:06:00,7.866,7.876,7.859,7.859,24
2007-11-02 17:07:00,7.866,7.868,7.857,7.863,11
2007-11-02 17:08:00,7.868,7.868,7.868,7.868,1
2007-11-02 17:09:00,7.866,7.866,7.862,7.866,6
2007-11-02 17:10:00,7.872,7.88,7.869,7.869,9
2007-11-02 17:11:00,7.863,7.869,7.853,7.869,27
2007-11-02 17:12:00,7.849,7.865,7.849,7.862,16
2007-11-02 17:13:00,7.822,7.853,7.821,7.851,57
2007-11-02 17:14:00,7.81,7.826,7.806,7.82,40
2007-11-02 17:15:00,7.814,7.817,7.795,7.806,61
2007-11-02 17:16:00,7.804,7.82,7.804,7.812,24
2007-11-02 17:17:00,7.8,7.805,7.793,7.802,48
2007-11-02 17:18:00,7.78,7.808,7.773,7.799,48
2007-11-02 17:19:00,7.794,7.799,7.782,7.782,30
2007-11-02 17:20:00,7.796,7.801,7.791,7.796,16
2007-11-02 17:21:00,7.804,7.814,7.793,7.793,37
2007-11-02 17:22:00,7.796,7.81,7.791,7.801,33
2007-11-02 17:23:00,7.801,7.801,7.798,7.798,5
2007-11-02 17:24:00,7.796,7.806,7.796,7.804,12
2007-11-02 17:25:00,7.791,7.801,7.788,7.798,24
2007-11-02 17:26:00,7.789,7.794,7.787,7.794,5
2007-11-02 17:27:00,7.795,7.797,7.788,7.788,12
2007-11-02 17:28:00,7.764,7.793,7.763,7.792,37
2007-11-02 17:29:00,7.768,7.769,7.743,7.763,60
2007-11-02 17:30:00,7.757,7.767,7.757,7.765,14
2007-11-02 17:31:00,7.755,7.76,7.75,7.754,17
2007-11-02 17:32:00,7.759,7.765,7.751,7.751,25
2007-11-02 17:33:00,7.782,7.788,7.759,7.761,55
2007-11-02 17:34:00,7.79,7.79,7.78,7.78,17
2007-11-02 17:35:00,7.781,7.787,7.772,7.787,19
2007-11-02 17:36:00,7.774,7.783,7.773,7.783,14
2007-11-02 17:37:00,7.781,7.783,7.775,7.776,14
2007-11-02 17:38:00,7.765,7.78,7.765,7.778,17
2007-11-02 17:39:00,7.769,7.769,7.76,7.764,17
2007-11-02 17:40:00,7.764,7.765,7.764,7.765,4
2007-11-02 17:41:00,7.759,7.766,7.759,7.766,3
2007-11-02 17:42:00,7.768,7.768,7.755,7.755,12
2007-11-02 17:43:00,7.775,7.775,7.77,7.77,3
2007-11-02 17:44:00,7.77,7.773,7.766,7.773,8
2007-11-02 17:45:00,7.781,7.783,7.773,7.773,10
2007-11-02 17:46:00,7.783,7.783,7.783,7.783,1
2007-11-02 17:47:00,7.788,7.788,7.779,7.78,15
2007-11-02 17:48:00,7.787,7.797,7.786,7.786,14
2007-11-02 17:49:00,7.793,7.795,7.783,7.783,10
2007-11-02 17:50:00,7.788,7.796,7.786,7.794,13
2007-11-02 17:51:00,7.792,7.797,7.788,7.791,13
2007-11-02 17:52:00,7.798,7.804,7.788,7.797,18
2007-11-02 17:53:00,7.818,7.821,7.793,7.8,27
2007-11-02 17:54:00,7.815,7.821,7.811,7.816,38
2007-11-02 17:55:00,7.824,7.824,7.813,7.813,21
2007-11-02 17:56:00,7.824,7.826,7.815,7.822,18
2007-11-02 17:57:00,7.821,7.832,7.821,7.826,15
2007-11-02 17:58:00,7.823,7.825,7.812,7.82,12
2007-11-02 17:59:00,7.829,7.832,7.826,7.826,7
2007-11-02 18:00:00,7.829,7.834,7.827,7.831,6
2007-11-02 18:01:00,7.822,7.833,7.822,7.831,9
2007-11-02 18:02:00,7.82,7.823,7.82,7.82,7
2007-11-02 18:03:00,7.812,7.818,7.81,7.818,6
2007-11-02 18:04:00,7.813,7.815,7.802,7.81,18
2007-11-02 18:05:00,7.809,7.811,7.807,7.811,6
2007-11-02 18:06:00,7.803,7.809,7.803,7.807,5
2007-11-02 18:07:00,7.803,7.807,7.801,7.805,9
2007-11-02 18:08:00,7.785,7.8,7.785,7.8,19
2007-11-02 18:09:00,7.788,7.794,7.787,7.787,12
2007-11-02 18:10:00,7.786,7.79,7.785,7.786,17
2007-11-02 18:11:00,7.792,7.793,7.788,7.788,6
2007-11-02 18:12:00,7.788,7.791,7.777,7.787,24
2007-11-02 18:13:00,7.774,7.786,7.771,7.786,15
2007-11-02 18:14:00,7.777,7.786,7.771,7.772,13
2007-11-02 18:15:00,7.785,7.785,7.776,7.779,14
2007-11-02 18:16:00,7.786,7.79,7.786,7.786,11
2007-11-02 18:17:00,7.787,7.789,7.786,7.787,8
2007-11-02 18:18:00,7.793,7.795,7.788,7.792,11
2007-11-02 18:19:00,7.806,7.806,7.795,7.795,9
2007-11-02 18:20:00,7.803,7.805,7.801,7.804,10
2007-11-02 18:21:00,7.8,7.806,7.8,7.806,6
2007-11-02 18:22:00,7.793,7.8,7.793,7.798,6
2007-11-02 18:23:00,7.805,7.807,7.795,7.795,10
2007-11-02 18:24:00,7.807,7.809,7.805,7.807,9
2007-11-02 18:25:00,7.807,7.813,7.807,7.809,11
2007-11-02 18:26:00,7.806,7.806,7.795,7.805,11
2007-11-02 18:27:00,7.804,7.808,7.804,7.808,3
2007-11-02 18:28:00,7.816,7.818,7.803,7.806,34
2007-11-02 18:29:00,7.808,7.822,7.808,7.818,29
2007-11-02 18:30:00,7.812,7.813,7.809,7.812,8
2007-11-02 18:31:00,7.816,7.816,7.812,7.815,6
2007-11-02 18:32:00,7.814,7.814,7.814,7.814,1
2007-11-02 18:33:00,7.815,7.815,7.815,7.815,1
2007-11-02 18:34:00,7.812,7.814,7.809,7.814,4
2007-11-02 18:35:00,7.807,7.81,7.807,7.81,2
2007-11-02 18:36:00,7.807,7.807,7.803,7.803,3
2007-11-02 18:38:00,7.81,7.81,7.81,7.81,1
2007-11-02 18:39:00,7.812,7.812,7.807,7.807,2
2007-11-02 18:40:00,7.816,7.816,7.816,7.816,1
2007-11-02 18:42:00,7.813,7.813,7.813,7.813,1
2007-11-02 18:43:00,7.81,7.817,7.81,7.815,3
2007-11-02 18:44:00,7.821,7.821,7.817,7.817,3
2007-11-02 18:45:00,7.822,7.826,7.822,7.826,2
2007-11-02 18:46:00,7.831,7.831,7.826,7.826,3
2007-11-02 18:47:00,7.833,7.833,7.833,7.833,1
2007-11-02 18:48:00,7.83,7.83,7.83,7.83,1
2007-11-02 18:49:00,7.824,7.824,7.824,7.824,1
2007-11-02 18:52:00,7.825,7.829,7.825,7.829,2
2007-11-02 18:53:00,7.843,7.845,7.832,7.832,8
2007-11-02 18:54:00,7.837,7.837,7.837,7.837,1
2007-11-02 18:55:00,7.842,7.842,7.842,7.842,1
2007-11-02 18:56:00,7.834,7.843,7.834,7.84,3
2007-11-02 18:58:00,7.833,7.833,7.833,7.833,1
2007-11-02 19:01:00,7.828,7.828,7.828,7.828,1
2007-11-02 19:02:00,7.821,7.826,7.818,7.826,3
2007-11-02 19:03:00,7.815,7.817,7.815,7.817,2
2007-11-02 19:04:00,7.817,7.825,7.817,7.825,3
2007-11-02 19:05:00,7.824,7.824,7.824,7.824,1
2007-11-02 19:06:00,7.811,7.815,7.811,7.815,5
2007-11-02 19:07:00,7.817,7.817,7.81,7.81,2
2007-11-02 19:08:00,7.809,7.811,7.809,7.811,2
2007-11-02 19:10:00,7.804,7.807,7.804,7.807,2
2007-11-02 19:13:00,7.794,7.798,7.794,7.798,2
2007-11-02 19:16:00,7.783,7.787,7.783,7.787,3
2007-11-02 19:18:00,7.779,7.779,7.779,7.779,1
2007-11-02 19:19:00,7.787,7.787,7.787,7.787,1
2007-11-02 19:22:00,7.793,7.793,7.793,7.793,1
2007-11-02 19:23:00,7.79,7.79,7.79,7.79,1
2007-11-02 19:24:00,7.786,7.786,7.786,7.786,1
2007-11-02 19:27:00,7.784,7.784,7.784,7.784,1
2007-11-02 19:28:00,7.789,7.789,7.778,7.78,4
2007-11-02 19:30:00,7.792,7.792,7.792,7.792,1
2007-11-02 19:32:00,7.784,7.787,7.784,7.787,2
2007-11-02 19:36:00,7.773,7.777,7.773,7.777,3
2007-11-02 19:40:00,7.763,7.769,7.763,7.769,3
2007-11-02 19:42:00,7.77,7.77,7.77,7.77,1
2007-11-02 19:44:00,7.783,7.783,7.776,7.776,4
2007-11-02 19:47:00,7.777,7.777,7.777,7.777,1
2007-11-02 19:48:00,7.769,7.779,7.769,7.779,3
2007-11-02 19:49:00,7.767,7.767,7.767,7.767,1
2007-11-02 19:54:00,7.767,7.768,7.767,7.768,2
2007-11-02 19:56:00,7.779,7.779,7.777,7.777,2
2007-11-02 19:57:00,7.779,7.781,7.774,7.781,4
2007-11-02 19:58:00,7.781,7.781,7.781,7.781,1
2007-11-02 19:59:00,7.782,7.785,7.768,7.785,6
2007-11-02 20:00:00,7.783,7.786,7.783,7.784,3
2007-11-02 20:01:00,7.783,7.783,7.782,7.782,2
2007-11-02 20:06:00,7.784,7.784,7.782,7.782,2
2007-11-02 20:10:00,7.785,7.785,7.785,7.785,1
2007-11-02 20:11:00,7.78,7.78,7.78,7.78,1
2007-11-02 20:12:00,7.778,7.778,7.778,7.778,1
2007-11-02 20:15:00,7.786,7.786,7.786,7.786,1
2007-11-02 20:19:00,7.79,7.79,7.787,7.787,2
2007-11-02 20:24:00,7.786,7.786,7.786,7.786,1
2007-11-02 20:26:00,7.786,7.788,7.786,7.788,2
2007-11-02 20:28:00,7.781,7.785,7.781,7.781,3
2007-11-02 20:30:00,7.789,7.789,7.789,7.789,1
2007-11-02 20:42:00,7.776,7.776,7.776,7.776,1
2007-11-02 20:45:00,7.774,7.774,7.774,7.774,1
2007-11-02 20:57:00,7.78,7.782,7.78,7.78,3
2007-11-02 21:06:00,7.782,7.782,7.782,7.782,1
2007-11-02 21:08:00,7.778,7.778,7.778,7.778,1
2007-11-02 21:09:00,7.772,7.772,7.772,7.772,1
2007-11-02 21:10:00,7.765,7.77,7.765,7.77,3
2007-11-02 21:12:00,7.763,7.763,7.763,7.763,1
2007-11-02 21:13:00,7.755,7.755,7.755,7.755,1
2007-11-04 23:00:00,7.767,7.784,7.745,7.784,13
2007-11-04 23:01:00,7.771,7.771,7.76,7.76,2
2007-11-04 23:02:00,7.743,7.762,7.743,7.762,6
2007-11-04 23:03:00,7.734,7.734,7.707,7.734,13
2007-11-04 23:04:00,7.744,7.744,7.739,7.739,2
2007-11-04 23:06:00,7.744,7.747,7.744,7.747,2
2007-11-04 23:07:00,7.748,7.748,7.748,7.748,1
2007-11-04 23:09:00,7.75,7.75,7.75,7.75,1
2007-11-04 23:10:00,7.753,7.753,7.753,7.753,1
2007-11-04 23:11:00,7.758,7.762,7.752,7.762,3
2007-11-04 23:12:00,7.762,7.762,7.755,7.755,2
2007-11-04 23:13:00,7.749,7.753,7.749,7.753,3
2007-11-04 23:14:00,7.751,7.751,7.751,7.751,1
2007-11-04 23:16:00,7.749,7.755,7.749,7.755,4
2007-11-04 23:17:00,7.751,7.751,7.751,7.751,1
2007-11-04 23:19:00,7.744,7.749,7.744,7.749,4
2007-11-04 23:20:00,7.739,7.739,7.739,7.739,1
2007-11-04 23:24:00,7.736,7.736,7.736,7.736,1
2007-11-04 23:26:00,7.73,7.73,7.73,7.73,1
2007-11-04 23:27:00,7.725,7.725,7.725,7.725,1
2007-11-04 23:28:00,7.719,7.719,7.719,7.719,1
2007-11-04 23:29:00,7.715,7.73,7.715,7.73,2
2007-11-04 23:30:00,7.712,7.712,7.712,7.712,1
2007-11-04 23:40:00,7.712,7.721,7.712,7.721,3
2007-11-04 23:42:00,7.71,7.714,7.71,7.714,2
2007-11-04 23:43:00,7.725,7.725,7.721,7.721,2
2007-11-04 23:51:00,7.718,7.718,7.718,7.718,1
2007-11-04 23:53:00,7.711,7.72,7.711,7.72,3
2007-11-04 23:54:00,7.711,7.718,7.711,7.718,2
2007-11-04 23:55:00,7.717,7.717,7.717,7.717,1
2007-11-05 00:00:00,7.717,7.718,7.717,7.718,2
2007-11-05 00:03:00,7.71,7.71,7.71,7.71,1
2007-11-05 00:11:00,7.721,7.721,7.721,7.721,1
2007-11-05 00:30:00,7.725,7.734,7.725,7.731,3
2007-11-05 00:31:00,7.734,7.734,7.734,7.734,1
2007-11-05 00:32:00,7.727,7.727,7.727,7.727,1
2007-11-05 00:33:00,7.736,7.736,7.734,7.734,2
2007-11-05 00:38:00,7.727,7.727,7.727,7.727,1
2007-11-05 00:39:00,7.72,7.722,7.72,7.722,2
2007-11-05 00:51:00,7.717,7.717,7.717,7.717,1
2007-11-05 00:53:00,7.735,7.735,7.733,7.733,2
2007-11-05 00:55:00,7.723,7.723,7.723,7.723,1
2007-11-05 00:56:00,7.735,7.735,7.735,7.735,1
2007-11-05 01:02:00,7.736,7.736,7.736,7.736,1
2007-11-05 01:19:00,7.733,7.733,7.733,7.733,1
2007-11-05 01:20:00,7.726,7.726,7.726,7.726,1
2007-11-05 01:21:00,7.718,7.718,7.718,7.718,1
2007-11-05 01:24:00,7.727,7.727,7.727,7.727,1
2007-11-05 01:25:00,7.724,7.724,7.724,7.724,1
2007-11-05 01:36:00,7.736,7.736,7.736,7.736,1
2007-11-05 01:37:00,7.725,7.725,7.725,7.725,1
2007-11-05 02:04:00,7.728,7.728,7.728,7.728,1
2007-11-05 02:28:00,7.732,7.732,7.728,7.732,4
2007-11-05 03:08:00,7.729,7.729,7.729,7.729,1
2007-11-05 03:11:00,7.725,7.725,7.725,7.725,1
2007-11-05 03:12:00,7.718,7.718,7.718,7.718,1
2007-11-05 03:18:00,7.719,7.719,7.719,7.719,1
2007-11-05 03:19:00,7.716,7.716,7.716,7.716,1
2007-11-05 03:45:00,7.72,7.72,7.72,7.72,1
2007-11-05 04:42:00,7.73,7.73,7.73,7.73,1
2007-11-05 05:16:00,7.734,7.734,7.734,7.734,1
2007-11-05 05:38:00,7.72,7.72,7.72,7.72,1
2007-11-05 06:06:00,7.716,7.716,7.716,7.716,1
2007-11-05 06:08:00,7.732,7.732,7.732,7.732,1
2007-11-05 07:20:00,7.719,7.722,7.719,7.722,2
2007-11-05 07:23:00,7.728,7.728,7.728,7.728,1
2007-11-05 07:45:00,7.733,7.733,7.733,7.733,1
2007-11-05 08:48:00,7.736,7.736,7.736,7.736,1
2007-11-05 09:25:00,7.735,7.735,7.735,7.735,1
2007-11-05 10:05:00,7.731,7.731,7.722,7.731,6
2007-11-05 10:06:00,7.726,7.726,7.726,7.726,1
2007-11-05 10:20:00,7.727,7.727,7.727,7.727,1
2007-11-05 10:21:00,7.731,7.731,7.729,7.729,2
2007-11-05 10:29:00,7.736,7.736,7.734,7.734,2
2007-11-05 10:40:00,7.731,7.731,7.72,7.731,4
2007-11-05 10:44:00,7.736,7.736,7.736,7.736,1
2007-11-05 10:46:00,7.731,7.731,7.729,7.731,3
2007-11-05 10:49:00,7.731,7.731,7.727,7.727,4
2007-11-05 10:52:00,7.724,7.724,7.724,7.724,1
2007-11-05 10:54:00,7.731,7.731,7.731,7.731,1
2007-11-05 10:55:00,7.723,7.727,7.723,7.727,2
2007-11-05 10:59:00,7.712,7.727,7.707,7.727,10
2007-11-05 11:00:00,7.705,7.715,7.705,7.715,4
2007-11-05 11:03:00,7.68,7.703,7.68,7.701,8
2007-11-05 11:13:00,7.692,7.692,7.689,7.689,2
2007-11-05 11:14:00,7.678,7.678,7.678,7.678,1
2007-11-05 11:17:00,7.682,7.682,7.682,7.682,1
2007-11-05 11:18:00,7.69,7.69,7.69,7.69,1
2007-11-05 11:20:00,7.681,7.681,7.681,7.681,1
2007-11-05 11:21:00,7.677,7.677,7.677,7.677,1
2007-11-05 11:23:00,7.655,7.676,7.655,7.676,7
2007-11-05 11:24:00,7.67,7.67,7.664,7.664,2
2007-11-05 11:25:00,7.662,7.662,7.662,7.662,1
2007-11-05 11:28:00,7.666,7.666,7.666,7.666,1
2007-11-05 11:32:00,7.67,7.67,7.67,7.67,1
2007-11-05 11:35:00,7.655,7.655,7.655,7.655,1
2007-11-05 11:36:00,7.652,7.652,7.652,7.652,1
2007-11-05 11:37:00,7.643,7.643,7.643,7.643,1
2007-11-05 11:38:00,7.659,7.659,7.647,7.647,3
2007-11-05 11:40:00,7.652,7.652,7.652,7.652,1
2007-11-05 11:41:00,7.644,7.662,7.644,7.662,2
2007-11-05 11:42:00,7.652,7.652,7.652,7.652,1
2007-11-05 11:43:00,7.641,7.641,7.641,7.641,1
2007-11-05 11:46:00,7.641,7.644,7.641,7.644,2
2007-11-05 11:47:00,7.643,7.645,7.643,7.645,2
2007-11-05 11:48:00,7.625,7.638,7.617,7.638,9
2007-11-05 11:49:00,7.616,7.62,7.616,7.62,3
2007-11-05 11:50:00,7.597,7.62,7.597,7.62,5
2007-11-05 11:51:00,7.579,7.606,7.579,7.606,11
2007-11-05 11:52:00,7.578,7.582,7.578,7.582,3
2007-11-05 11:53:00,7.591,7.591,7.591,7.591,1
2007-11-05 11:54:00,7.578,7.578,7.578,7.578,1
2007-11-05 11:55:00,7.599,7.599,7.599,7.599,1
2007-11-05 11:56:00,7.598,7.6,7.597,7.597,4
2007-11-05 11:57:00,7.595,7.595,7.595,7.595,1
2007-11-05 12:00:00,7.597,7.597,7.597,7.597,1
2007-11-05 12:01:00,7.591,7.591,7.591,7.591,1
2007-11-05 12:02:00,7.591,7.591,7.569,7.582,7
2007-11-05 12:03:00,7.587,7.587,7.587,7.587,1
2007-11-05 12:04:00,7.578,7.583,7.578,7.583,2
2007-11-05 12:06:00,7.578,7.586,7.578,7.583,4
2007-11-05 12:07:00,7.586,7.586,7.584,7.585,3
2007-11-05 12:08:00,7.578,7.586,7.578,7.584,5
2007-11-05 12:10:00,7.581,7.581,7.581,7.581,1
2007-11-05 12:13:00,7.59,7.59,7.59,7.59,1
2007-11-05 12:15:00,7.587,7.587,7.587,7.587,1
2007-11-05 12:16:00,7.56,7.584,7.56,7.584,8
2007-11-05 12:17:00,7.56,7.564,7.56,7.564,2
2007-11-05 12:18:00,7.569,7.569,7.569,7.569,1
2007-11-05 12:22:00,7.591,7.591,7.589,7.589,2
2007-11-05 12:25:00,7.589,7.589,7.589,7.589,1
2007-11-05 12:27:00,7.592,7.592,7.592,7.592,1
2007-11-05 12:29:00,7.596,7.596,7.596,7.596,1
2007-11-05 12:30:00,7.592,7.592,7.592,7.592,1
2007-11-05 12:31:00,7.597,7.597,7.597,7.597,1
2007-11-05 12:32:00,7.606,7.606,7.601,7.601,3
2007-11-05 12:33:00,7.615,7.615,7.615,7.615,1
2007-11-05 12:34:00,7.61,7.621,7.602,7.621,7
2007-11-05 12:36:00,7.613,7.615,7.6,7.615,4
2007-11-05 12:37:00,7.618,7.618,7.618,7.618,1
2007-11-05 12:38:00,7.62,7.62,7.62,7.62,1
2007-11-05 12:40:00,7.622,7.622,7.622,7.622,1
2007-11-05 12:41:00,7.625,7.625,7.625,7.625,1
2007-11-05 12:42:00,7.63,7.63,7.63,7.63,1
2007-11-05 12:44:00,7.626,7.626,7.626,7.626,1
2007-11-05 12:45:00,7.615,7.615,7.615,7.615,1
2007-11-05 12:47:00,7.608,7.608,7.608,7.608,1
2007-11-05 12:48:00,7.614,7.614,7.614,7.614,1
2007-11-05 12:49:00,7.616,7.616,7.616,7.616,1
2007-11-05 12:50:00,7.583,7.612,7.583,7.612,11
2007-11-05 12:51:00,7.562,7.588,7.562,7.581,15
2007-11-05 12:52:00,7.568,7.568,7.564,7.564,2
2007-11-05 12:53:00,7.566,7.566,7.566,7.566,1
2007-11-05 12:54:00,7.555,7.566,7.55,7.561,12
2007-11-05 12:55:00,7.568,7.568,7.555,7.559,6
2007-11-05 12:56:00,7.583,7.583,7.576,7.581,5
2007-11-05 12:57:00,7.607,7.609,7.591,7.591,6
2007-11-05 12:58:00,7.619,7.633,7.612,7.612,23
2007-11-05 12:59:00,7.602,7.616,7.6,7.616,9
2007-11-05 13:00:00,7.607,7.611,7.601,7.607,7
2007-11-05 13:01:00,7.598,7.598,7.598,7.598,1
2007-11-05 13:02:00,7.598,7.598,7.595,7.595,2
2007-11-05 13:03:00,7.582,7.607,7.582,7.607,5
2007-11-05 13:04:00,7.588,7.588,7.57,7.574,9
2007-11-05 13:05:00,7.605,7.611,7.59,7.59,12
2007-11-05 13:06:00,7.602,7.602,7.599,7.6,8
2007-11-05 13:07:00,7.614,7.614,7.605,7.605,5
2007-11-05 13:08:00,7.611,7.616,7.606,7.612,9
2007-11-05 13:10:00,7.582,7.603,7.582,7.603,5
2007-11-05 13:11:00,7.575,7.588,7.575,7.575,4
2007-11-05 13:12:00,7.569,7.573,7.569,7.572,4
2007-11-05 13:13:00,7.579,7.579,7.579,7.579,1
2007-11-05 13:14:00,7.579,7.579,7.572,7.572,2
2007-11-05 13:15:00,7.584,7.585,7.573,7.585,3
2007-11-05 13:17:00,7.592,7.596,7.591,7.591,3
2007-11-05 13:18:00,7.603,7.603,7.598,7.598,3
2007-11-05 13:19:00,7.588,7.594,7.588,7.593,4
2007-11-05 13:20:00,7.598,7.598,7.598,7.598,1
2007-11-05 13:21:00,7.593,7.593,7.593,7.593,1
2007-11-05 13:22:00,7.584,7.59,7.584,7.59,4
2007-11-05 13:23:00,7.579,7.582,7.574,7.582,4
2007-11-05 13:24:00,7.574,7.575,7.57,7.575,6
2007-11-05 13:25:00,7.56,7.57,7.56,7.57,4
2007-11-05 13:26:00,7.565,7.565,7.565,7.565,1
2007-11-05 13:27:00,7.564,7.57,7.564,7.567,7
2007-11-05 13:28:00,7.566,7.566,7.56,7.561,3
2007-11-05 13:29:00,7.568,7.573,7.561,7.564,9
2007-11-05 13:30:00,7.566,7.573,7.565,7.565,11
2007-11-05 13:31:00,7.564,7.57,7.562,7.57,3
2007-11-05 13:32:00,7.548,7.581,7.548,7.567,35
2007-11-05 13:33:00,7.542,7.552,7.538,7.552,21
2007-11-05 13:34:00,7.547,7.547,7.547,7.547,1
2007-11-05 13:35:00,7.547,7.549,7.547,7.549,2
2007-11-05 13:36:00,7.555,7.555,7.551,7.551,2
2007-11-05 13:37:00,7.556,7.556,7.552,7.552,2
2007-11-05 13:38:00,7.55,7.55,7.55,7.55,1
2007-11-05 13:39:00,7.555,7.555,7.549,7.549,2
2007-11-05 13:40:00,7.554,7.554,7.549,7.55,5
2007-11-05 13:41:00,7.569,7.569,7.552,7.552,13
2007-11-05 13:42:00,7.568,7.573,7.564,7.571,16
2007-11-05 13:43:00,7.567,7.57,7.561,7.57,10
2007-11-05 13:44:00,7.569,7.573,7.569,7.569,4
2007-11-05 13:45:00,7.573,7.575,7.571,7.573,4
2007-11-05 13:46:00,7.575,7.575,7.57,7.575,6
2007-11-05 13:47:00,7.571,7.58,7.571,7.573,9
2007-11-05 13:48:00,7.571,7.578,7.571,7.578,2
2007-11-05 13:49:00,7.58,7.58,7.58,7.58,1
2007-11-05 13:50:00,7.583,7.586,7.581,7.581,4
2007-11-05 13:51:00,7.586,7.586,7.58,7.581,5
2007-11-05 13:52:00,7.58,7.583,7.58,7.583,3
2007-11-05 13:53:00,7.581,7.581,7.573,7.578,6
2007-11-05 13:54:00,7.589,7.589,7.58,7.58,5
2007-11-05 13:55:00,7.567,7.593,7.567,7.591,19
2007-11-05 13:56:00,7.569,7.576,7.567,7.569,11
2007-11-05 13:57:00,7.564,7.576,7.564,7.576,9
2007-11-05 13:58:00,7.561,7.568,7.557,7.566,14
2007-11-05 13:59:00,7.576,7.576,7.563,7.565,15
2007-11-05 14:00:00,7.585,7.592,7.57,7.573,53
2007-11-05 14:01:00,7.594,7.595,7.585,7.587,32
2007-11-05 14:02:00,7.59,7.594,7.586,7.592,15
2007-11-05 14:03:00,7.58,7.588,7.58,7.588,13
2007-11-05 14:04:00,7.582,7.583,7.571,7.577,37
2007-11-05 14:05:00,7.589,7.592,7.582,7.584,14
2007-11-05 14:06:00,7.591,7.591,7.575,7.587,23
2007-11-05 14:07:00,7.594,7.602,7.587,7.593,30
2007-11-05 14:08:00,7.597,7.597,7.583,7.597,27
2007-11-05 14:09:00,7.595,7.6,7.595,7.599,12
2007-11-05 14:10:00,7.597,7.599,7.592,7.597,19
2007-11-05 14:11:00,7.598,7.601,7.59,7.595,16
2007-11-05 14:12:00,7.594,7.607,7.594,7.596,21
2007-11-05 14:13:00,7.578,7.598,7.567,7.596,29
2007-11-05 14:14:00,7.57,7.58,7.566,7.575,21
2007-11-05 14:15:00,7.566,7.572,7.559,7.568,21
2007-11-05 14:16:00,7.596,7.599,7.568,7.568,41
2007-11-05 14:17:00,7.607,7.607,7.585,7.594,24
2007-11-05 14:18:00,7.609,7.616,7.608,7.61,21
2007-11-05 14:19:00,7.605,7.613,7.603,7.611,9
2007-11-05 14:20:00,7.592,7.603,7.59,7.603,20
2007-11-05 14:21:00,7.595,7.601,7.586,7.594,17
2007-11-05 14:22:00,7.588,7.597,7.588,7.597,5
2007-11-05 14:23:00,7.591,7.593,7.578,7.591,19
2007-11-05 14:24:00,7.588,7.593,7.58,7.589,13
2007-11-05 14:25:00,7.578,7.587,7.575,7.587,7
2007-11-05 14:26:00,7.58,7.58,7.575,7.575,7
2007-11-05 14:27:00,7.584,7.589,7.582,7.582,9
2007-11-05 14:28:00,7.581,7.588,7.581,7.586,4
2007-11-05 14:29:00,7.588,7.588,7.584,7.584,3
2007-11-05 14:30:00,7.587,7.595,7.586,7.586,11
2007-11-05 14:31:00,7.586,7.586,7.581,7.585,3
2007-11-05 14:32:00,7.575,7.586,7.575,7.581,10
2007-11-05 14:33:00,7.566,7.576,7.566,7.576,15
2007-11-05 14:34:00,7.566,7.571,7.564,7.569,12
2007-11-05 14:35:00,7.576,7.578,7.562,7.569,21
2007-11-05 14:36:00,7.576,7.583,7.575,7.575,15
2007-11-05 14:37:00,7.563,7.574,7.555,7.574,21
2007-11-05 14:38:00,7.574,7.574,7.557,7.562,13
2007-11-05 14:39:00,7.588,7.59,7.568,7.572,30
2007-11-05 14:40:00,7.584,7.59,7.576,7.59,12
2007-11-05 14:41:00,7.586,7.586,7.58,7.586,8
2007-11-05 14:42:00,7.589,7.589,7.584,7.584,3
2007-11-05 14:43:00,7.586,7.589,7.578,7.587,19
2007-11-05 14:44:00,7.58,7.583,7.576,7.583,17
2007-11-05 14:45:00,7.586,7.587,7.582,7.582,5
2007-11-05 14:46:00,7.59,7.592,7.587,7.588,8
2007-11-05 14:47:00,7.587,7.588,7.583,7.588,6
2007-11-05 14:48:00,7.587,7.589,7.587,7.589,2
2007-11-05 14:49:00,7.585,7.59,7.585,7.59,3
2007-11-05 14:50:00,7.588,7.588,7.583,7.583,7
2007-11-05 14:51:00,7.59,7.593,7.583,7.585,6
2007-11-05 14:52:00,7.601,7.603,7.589,7.592,21
2007-11-05 14:53:00,7.605,7.609,7.599,7.603,9
2007-11-05 14:54:00,7.606,7.608,7.601,7.603,8
2007-11-05 14:55:00,7.604,7.608,7.604,7.608,5
2007-11-05 14:56:00,7.604,7.607,7.602,7.602,6
2007-11-05 14:57:00,7.606,7.606,7.597,7.602,13
2007-11-05 14:58:00,7.612,7.614,7.608,7.608,7
2007-11-05 14:59:00,7.621,7.626,7.613,7.614,23
2007-11-05 15:00:00,7.623,7.626,7.619,7.623,10
2007-11-05 15:01:00,7.627,7.629,7.619,7.619,13
2007-11-05 15:02:00,7.615,7.626,7.613,7.626,15
2007-11-05 15:03:00,7.626,7.627,7.61,7.612,22
2007-11-05 15:04:00,7.618,7.628,7.616,7.624,12
2007-11-05 15:05:00,7.613,7.615,7.609,7.615,15
2007-11-05 15:06:00,7.604,7.61,7.592,7.61,35
2007-11-05 15:07:00,7.595,7.608,7.592,7.602,20
2007-11-05 15:08:00,7.601,7.602,7.591,7.591,22
2007-11-05 15:09:00,7.612,7.612,7.602,7.604,13
2007-11-05 15:10:00,7.614,7.62,7.609,7.614,15
2007-11-05 15:11:00,7.621,7.623,7.613,7.613,6
2007-11-05 15:12:00,7.611,7.623,7.607,7.623,29
2007-11-05 15:13:00,7.614,7.616,7.61,7.613,11
2007-11-05 15:14:00,7.603,7.615,7.6,7.615,10
2007-11-05 15:15:00,7.6,7.602,7.6,7.6,3
2007-11-05 15:16:00,7.576,7.598,7.573,7.598,42
2007-11-05 15:17:00,7.578,7.579,7.574,7.574,15
2007-11-05 15:18:00,7.584,7.587,7.579,7.58,11
2007-11-05 15:19:00,7.587,7.587,7.581,7.581,7
2007-11-05 15:20:00,7.59,7.598,7.586,7.586,13
2007-11-05 15:21:00,7.593,7.595,7.592,7.592,5
2007-11-05 15:22:00,7.595,7.595,7.591,7.591,2
2007-11-05 15:23:00,7.597,7.599,7.593,7.593,8
2007-11-05 15:24:00,7.602,7.604,7.598,7.6,9
2007-11-05 15:25:00,7.609,7.609,7.602,7.603,15
2007-11-05 15:26:00,7.607,7.607,7.604,7.607,3
2007-11-05 15:27:00,7.609,7.611,7.609,7.609,5
2007-11-05 15:28:00,7.615,7.615,7.611,7.611,5
2007-11-05 15:29:00,7.621,7.623,7.617,7.617,7
2007-11-05 15:30:00,7.613,7.623,7.61,7.623,18
2007-11-05 15:31:00,7.616,7.618,7.615,7.615,5
2007-11-05 15:32:00,7.619,7.62,7.612,7.614,7
2007-11-05 15:33:00,7.619,7.624,7.615,7.615,10
2007-11-05 15:34:00,7.619,7.625,7.619,7.62,6
2007-11-05 15:35:00,7.619,7.62,7.619,7.62,4
2007-11-05 15:36:00,7.627,7.627,7.621,7.621,10
2007-11-05 15:37:00,7.63,7.632,7.624,7.624,8
2007-11-05 15:38:00,7.632,7.632,7.624,7.632,15
2007-11-05 15:39:00,7.626,7.634,7.622,7.634,17
2007-11-05 15:40:00,7.618,7.623,7.612,7.623,15
2007-11-05 15:41:00,7.619,7.621,7.619,7.621,2
2007-11-05 15:42:00,7.619,7.619,7.617,7.617,2
2007-11-05 15:44:00,7.622,7.622,7.619,7.622,3
2007-11-05 15:45:00,7.622,7.627,7.622,7.623,4
2007-11-05 15:46:00,7.62,7.62,7.62,7.62,1
2007-11-05 15:47:00,7.611,7.622,7.611,7.622,9
2007-11-05 15:48:00,7.603,7.609,7.603,7.609,12
2007-11-05 15:49:00,7.592,7.601,7.59,7.601,16
2007-11-05 15:50:00,7.602,7.605,7.592,7.594,17
2007-11-05 15:51:00,7.605,7.609,7.6,7.605,13
2007-11-05 15:52:00,7.607,7.607,7.602,7.602,3
2007-11-05 15:53:00,7.623,7.624,7.604,7.609,21
2007-11-05 15:54:00,7.633,7.633,7.624,7.624,16
2007-11-05 15:55:00,7.63,7.644,7.628,7.635,25
2007-11-05 15:56:00,7.639,7.641,7.632,7.632,6
2007-11-05 15:57:00,7.633,7.641,7.628,7.641,15
2007-11-05 15:58:00,7.622,7.63,7.619,7.63,7
2007-11-05 15:59:00,7.624,7.624,7.613,7.62,13
2007-11-05 16:00:00,7.622,7.629,7.613,7.627,19
2007-11-05 16:01:00,7.619,7.621,7.613,7.62,16
2007-11-05 16:02:00,7.616,7.621,7.616,7.621,3
2007-11-05 16:03:00,7.605,7.616,7.603,7.614,9
2007-11-05 16:04:00,7.606,7.607,7.595,7.607,15
2007-11-05 16:05:00,7.605,7.605,7.592,7.604,14
2007-11-05 16:06:00,7.605,7.607,7.598,7.602,16
2007-11-05 16:07:00,7.609,7.611,7.601,7.607,20
2007-11-05 16:08:00,7.606,7.61,7.606,7.607,4
2007-11-05 16:09:00,7.62,7.62,7.608,7.608,7
2007-11-05 16:10:00,7.624,7.624,7.614,7.618,11
2007-11-05 16:11:00,7.629,7.632,7.626,7.626,11
2007-11-05 16:12:00,7.627,7.634,7.625,7.631,14
2007-11-05 16:13:00,7.63,7.632,7.63,7.632,2
2007-11-05 16:14:00,7.642,7.644,7.633,7.633,19
2007-11-05 16:15:00,7.641,7.644,7.639,7.644,9
2007-11-05 16:16:00,7.632,7.646,7.632,7.643,12
2007-11-05 16:17:00,7.642,7.642,7.634,7.634,7
2007-11-05 16:18:00,7.641,7.645,7.64,7.64,6
2007-11-05 16:19:00,7.636,7.647,7.636,7.644,17
2007-11-05 16:20:00,7.627,7.64,7.625,7.634,16
2007-11-05 16:21:00,7.617,7.629,7.614,7.625,27
2007-11-05 16:22:00,7.62,7.622,7.615,7.615,8
2007-11-05 16:23:00,7.636,7.636,7.616,7.618,21
2007-11-05 16:24:00,7.633,7.638,7.63,7.634,15
2007-11-05 16:25:00,7.62,7.63,7.618,7.63,9
2007-11-05 16:26:00,7.616,7.624,7.616,7.622,11
2007-11-05 16:27:00,7.614,7.616,7.606,7.614,17
2007-11-05 16:28:00,7.615,7.615,7.611,7.612,7
2007-11-05 16:29:00,7.615,7.615,7.61,7.61,5
2007-11-05 16:30:00,7.614,7.617,7.614,7.617,2
2007-11-05 16:31:00,7.606,7.612,7.602,7.612,16
2007-11-05 16:32:00,7.61,7.61,7.607,7.608,4
2007-11-05 16:33:00,7.605,7.614,7.605,7.612,10
2007-11-05 16:34:00,7.607,7.607,7.595,7.604,16
2007-11-05 16:35:00,7.61,7.61,7.602,7.61,12
2007-11-05 16:36:00,7.629,7.629,7.613,7.613,22
2007-11-05 16:37:00,7.638,7.643,7.628,7.632,29
2007-11-05 16:38:00,7.622,7.635,7.616,7.635,23
2007-11-05 16:39:00,7.625,7.625,7.619,7.62,5
2007-11-05 16:40:00,7.614,7.623,7.608,7.623,13
2007-11-05 16:41:00,7.605,7.621,7.601,7.616,28
2007-11-05 16:42:00,7.606,7.608,7.602,7.606,7
2007-11-05 16:43:00,7.609,7.609,7.606,7.608,4
2007-11-05 16:44:00,7.615,7.615,7.606,7.611,6
2007-11-05 16:45:00,7.627,7.627,7.613,7.613,26
2007-11-05 16:46:00,7.624,7.629,7.624,7.624,5
2007-11-05 16:47:00,7.621,7.622,7.621,7.622,2
2007-11-05 16:48:00,7.619,7.619,7.619,7.619,1
2007-11-05 16:49:00,7.622,7.626,7.621,7.621,12
2007-11-05 16:50:00,7.621,7.621,7.621,7.621,1
2007-11-05 16:51:00,7.623,7.623,7.618,7.618,3
2007-11-05 16:52:00,7.62,7.622,7.62,7.622,2
2007-11-05 16:53:00,7.621,7.621,7.607,7.617,16
2007-11-05 16:54:00,7.609,7.627,7.609,7.623,18
2007-11-05 16:55:00,7.61,7.61,7.61,7.61,1
2007-11-05 16:56:00,7.612,7.612,7.612,7.612,1
2007-11-05 16:58:00,7.612,7.612,7.61,7.61,2
2007-11-05 16:59:00,7.621,7.621,7.611,7.614,7
2007-11-05 17:00:00,7.613,7.62,7.613,7.618,6
2007-11-05 17:01:00,7.622,7.622,7.614,7.617,13
2007-11-05 17:02:00,7.623,7.625,7.621,7.624,7
2007-11-05 17:03:00,7.641,7.643,7.625,7.625,18
2007-11-05 17:04:00,7.639,7.643,7.633,7.643,13
2007-11-05 17:05:00,7.652,7.652,7.641,7.641,20
2007-11-05 17:06:00,7.639,7.655,7.636,7.655,21
2007-11-05 17:07:00,7.631,7.639,7.631,7.636,10
2007-11-05 17:08:00,7.641,7.641,7.633,7.633,5
2007-11-05 17:09:00,7.649,7.652,7.642,7.642,14
2007-11-05 17:10:00,7.648,7.653,7.648,7.651,8
2007-11-05 17:11:00,7.655,7.655,7.645,7.651,10
2007-11-05 17:12:00,7.656,7.656,7.645,7.653,19
2007-11-05 17:13:00,7.661,7.663,7.656,7.657,19
2007-11-05 17:14:00,7.649,7.659,7.649,7.659,11
2007-11-05 17:15:00,7.654,7.654,7.652,7.652,2
2007-11-05 17:16:00,7.649,7.649,7.643,7.648,5
2007-11-05 17:17:00,7.647,7.65,7.647,7.647,3
2007-11-05 17:18:00,7.659,7.659,7.651,7.651,5
2007-11-05 17:19:00,7.662,7.664,7.659,7.662,8
2007-11-05 17:20:00,7.651,7.659,7.651,7.659,9
2007-11-05 17:21:00,7.658,7.658,7.649,7.649,4
2007-11-05 17:22:00,7.661,7.663,7.659,7.659,7
2007-11-05 17:23:00,7.661,7.663,7.66,7.663,6
2007-11-05 17:24:00,7.659,7.665,7.659,7.663,6
2007-11-05 17:25:00,7.646,7.657,7.646,7.654,9
2007-11-05 17:26:00,7.646,7.651,7.646,7.648,5
2007-11-05 17:27:00,7.637,7.647,7.637,7.643,15
2007-11-05 17:28:00,7.64,7.641,7.637,7.639,7
2007-11-05 17:29:00,7.634,7.637,7.631,7.637,9
2007-11-05 17:30:00,7.633,7.636,7.633,7.636,4
2007-11-05 17:31:00,7.632,7.634,7.632,7.632,5
2007-11-05 17:32:00,7.632,7.637,7.63,7.635,7
2007-11-05 17:33:00,7.633,7.633,7.624,7.63,9
2007-11-05 17:34:00,7.634,7.634,7.629,7.631,4
2007-11-05 17:35:00,7.626,7.636,7.625,7.636,14
2007-11-05 17:36:00,7.632,7.632,7.624,7.624,4
2007-11-05 17:37:00,7.628,7.63,7.628,7.63,2
2007-11-05 17:38:00,7.632,7.632,7.63,7.63,2
2007-11-05 17:39:00,7.635,7.638,7.634,7.634,4
2007-11-05 17:40:00,7.646,7.647,7.639,7.639,7
2007-11-05 17:41:00,7.648,7.65,7.648,7.648,3
2007-11-05 17:42:00,7.642,7.646,7.642,7.646,3
2007-11-05 17:43:00,7.637,7.639,7.633,7.639,5
2007-11-05 17:44:00,7.643,7.643,7.639,7.639,3
2007-11-05 17:45:00,7.634,7.641,7.634,7.641,6
2007-11-05 17:46:00,7.624,7.632,7.623,7.632,11
2007-11-05 17:47:00,7.63,7.63,7.621,7.622,9
2007-11-05 17:48:00,7.629,7.629,7.623,7.623,4
2007-11-05 17:49:00,7.618,7.627,7.618,7.627,10
2007-11-05 17:50:00,7.621,7.621,7.616,7.616,3
2007-11-05 17:51:00,7.616,7.619,7.614,7.619,6
2007-11-05 17:52:00,7.616,7.622,7.616,7.618,8
2007-11-05 17:53:00,7.618,7.618,7.616,7.618,3
2007-11-05 17:54:00,7.621,7.625,7.62,7.62,8
2007-11-05 17:55:00,7.619,7.619,7.619,7.619,1
2007-11-05 17:56:00,7.618,7.618,7.616,7.616,2
2007-11-05 17:57:00,7.621,7.621,7.616,7.616,3
2007-11-05 17:59:00,7.624,7.624,7.623,7.623,2
2007-11-05 18:00:00,7.624,7.625,7.623,7.623,4
2007-11-05 18:01:00,7.634,7.634,7.627,7.627,6
2007-11-05 18:02:00,7.64,7.64,7.636,7.636,2
2007-11-05 18:03:00,7.635,7.641,7.635,7.638,6
2007-11-05 18:04:00,7.624,7.636,7.624,7.633,8
2007-11-05 18:05:00,7.625,7.634,7.625,7.626,10
2007-11-05 18:06:00,7.628,7.628,7.626,7.626,2
2007-11-05 18:07:00,7.638,7.643,7.628,7.63,16
2007-11-05 18:08:00,7.63,7.641,7.626,7.636,19
2007-11-05 18:09:00,7.634,7.635,7.63,7.632,8
2007-11-05 18:10:00,7.63,7.632,7.628,7.63,5
2007-11-05 18:11:00,7.617,7.628,7.617,7.628,9
2007-11-05 18:12:00,7.622,7.622,7.618,7.619,5
2007-11-05 18:13:00,7.615,7.621,7.614,7.619,11
2007-11-05 18:14:00,7.605,7.613,7.596,7.613,32
2007-11-05 18:15:00,7.608,7.611,7.599,7.607,19
2007-11-05 18:16:00,7.611,7.615,7.608,7.61,8
2007-11-05 18:17:00,7.607,7.609,7.601,7.607,13
2007-11-05 18:18:00,7.6,7.607,7.6,7.604,7
2007-11-05 18:19:00,7.605,7.608,7.602,7.602,6
2007-11-05 18:20:00,7.607,7.609,7.607,7.607,3
2007-11-05 18:21:00,7.611,7.615,7.609,7.609,7
2007-11-05 18:22:00,7.613,7.613,7.613,7.613,1
2007-11-05 18:23:00,7.612,7.617,7.61,7.617,5
2007-11-05 18:24:00,7.61,7.615,7.61,7.614,5
2007-11-05 18:25:00,7.598,7.614,7.598,7.612,10
2007-11-05 18:26:00,7.587,7.604,7.587,7.6,34
2007-11-05 18:27:00,7.596,7.601,7.588,7.588,23
2007-11-05 18:28:00,7.594,7.6,7.589,7.594,12
2007-11-05 18:29:00,7.598,7.602,7.597,7.597,7
2007-11-05 18:30:00,7.588,7.6,7.588,7.6,7
2007-11-05 18:31:00,7.596,7.598,7.59,7.59,6
2007-11-05 18:32:00,7.598,7.6,7.594,7.594,6
2007-11-05 18:33:00,7.596,7.601,7.594,7.596,7
2007-11-05 18:34:00,7.588,7.594,7.586,7.594,7
2007-11-05 18:35:00,7.576,7.59,7.573,7.59,35
2007-11-05 18:36:00,7.578,7.583,7.573,7.578,14
2007-11-05 18:37:00,7.574,7.578,7.573,7.574,6
2007-11-05 18:38:00,7.577,7.578,7.575,7.576,4
2007-11-05 18:39:00,7.586,7.586,7.575,7.581,7
2007-11-05 18:40:00,7.584,7.589,7.583,7.583,8
2007-11-05 18:41:00,7.583,7.584,7.579,7.582,6
2007-11-05 18:42:00,7.576,7.58,7.576,7.58,3
2007-11-05 18:43:00,7.591,7.591,7.578,7.578,9
2007-11-05 18:44:00,7.591,7.592,7.583,7.592,11
2007-11-05 18:45:00,7.589,7.589,7.587,7.589,3
2007-11-05 18:46:00,7.589,7.592,7.583,7.591,10
2007-11-05 18:47:00,7.588,7.59,7.582,7.587,8
2007-11-05 18:48:00,7.604,7.604,7.584,7.591,18
2007-11-05 18:49:00,7.603,7.603,7.599,7.601,5
2007-11-05 18:50:00,7.593,7.601,7.592,7.601,20
2007-11-05 18:51:00,7.592,7.599,7.592,7.595,8
2007-11-05 18:52:00,7.58,7.593,7.58,7.59,12
2007-11-05 18:53:00,7.578,7.582,7.578,7.578,7
2007-11-05 18:54:00,7.578,7.585,7.577,7.577,16
2007-11-05 18:55:00,7.587,7.587,7.575,7.577,25
2007-11-05 18:56:00,7.58,7.589,7.577,7.589,20
2007-11-05 18:57:00,7.57,7.584,7.57,7.582,15
2007-11-05 18:58:00,7.565,7.578,7.565,7.568,29
2007-11-05 18:59:00,7.551,7.569,7.543,7.566,58
2007-11-05 19:00:00,7.553,7.555,7.545,7.549,19
2007-11-05 19:01:00,7.562,7.562,7.548,7.551,15
2007-11-05 19:02:00,7.552,7.56,7.552,7.56,9
2007-11-05 19:03:00,7.561,7.563,7.552,7.554,8
2007-11-05 19:04:00,7.556,7.567,7.554,7.563,24
2007-11-05 19:05:00,7.558,7.563,7.554,7.554,12
2007-11-05 19:06:00,7.56,7.56,7.556,7.556,7
2007-11-05 19:07:00,7.552,7.558,7.547,7.558,13
2007-11-05 19:08:00,7.529,7.55,7.529,7.55,39
2007-11-05 19:09:00,7.519,7.535,7.509,7.531,59
2007-11-05 19:10:00,7.53,7.531,7.52,7.521,38
2007-11-05 19:11:00,7.524,7.533,7.524,7.528,33
2007-11-05 19:12:00,7.528,7.528,7.521,7.526,13
2007-11-05 19:13:00,7.524,7.526,7.515,7.526,19
2007-11-05 19:14:00,7.521,7.528,7.521,7.526,12
2007-11-05 19:15:00,7.52,7.525,7.52,7.523,10
2007-11-05 19:16:00,7.517,7.525,7.511,7.524,34
2007-11-05 19:17:00,7.517,7.519,7.51,7.514,18
2007-11-05 19:18:00,7.512,7.519,7.51,7.519,10
2007-11-05 19:19:00,7.512,7.515,7.511,7.511,11
2007-11-05 19:20:00,7.516,7.516,7.514,7.514,4
2007-11-05 19:21:00,7.511,7.514,7.511,7.514,4
2007-11-05 19:22:00,7.508,7.517,7.503,7.513,17
2007-11-05 19:23:00,7.506,7.509,7.504,7.506,9
2007-11-05 19:24:00,7.496,7.508,7.494,7.508,33
2007-11-05 19:25:00,7.492,7.497,7.487,7.494,31
2007-11-05 19:26:00,7.493,7.496,7.489,7.494,9
2007-11-05 19:27:00,7.491,7.493,7.488,7.491,12
2007-11-05 19:28:00,7.48,7.504,7.478,7.493,64
2007-11-05 19:29:00,7.479,7.484,7.472,7.482,30
2007-11-05 19:30:00,7.469,7.484,7.469,7.482,13
2007-11-05 19:31:00,7.471,7.475,7.46,7.475,24
2007-11-05 19:32:00,7.468,7.47,7.468,7.469,7
2007-11-05 19:33:00,7.468,7.47,7.468,7.47,8
2007-11-05 19:34:00,7.47,7.471,7.466,7.466,11
2007-11-05 19:35:00,7.471,7.471,7.468,7.468,5
2007-11-05 19:36:00,7.47,7.477,7.469,7.469,7
2007-11-05 19:37:00,7.479,7.481,7.472,7.475,10
2007-11-05 19:38:00,7.479,7.479,7.477,7.477,2
2007-11-05 19:40:00,7.481,7.481,7.481,7.481,1
2007-11-05 19:41:00,7.484,7.484,7.484,7.484,1
2007-11-05 19:42:00,7.482,7.482,7.482,7.482,1
2007-11-05 19:43:00,7.477,7.477,7.477,7.477,1
2007-11-05 19:44:00,7.474,7.474,7.474,7.474,1
2007-11-05 19:46:00,7.476,7.476,7.476,7.476,1
2007-11-05 19:47:00,7.475,7.475,7.471,7.473,3
2007-11-05 19:48:00,7.473,7.473,7.473,7.473,1
2007-11-05 19:49:00,7.476,7.476,7.476,7.476,1
2007-11-05 19:50:00,7.482,7.482,7.478,7.478,2
2007-11-05 19:52:00,7.483,7.483,7.479,7.479,2
2007-11-05 19:53:00,7.48,7.48,7.48,7.48,1
2007-11-05 19:55:00,7.482,7.482,7.482,7.482,1
2007-11-05 19:56:00,7.484,7.484,7.484,7.484,1
2007-11-05 19:59:00,7.482,7.482,7.482,7.482,1
2007-11-05 20:02:00,7.479,7.479,7.479,7.479,1
2007-11-05 20:03:00,7.477,7.477,7.477,7.477,1
2007-11-05 20:05:00,7.476,7.479,7.476,7.479,2
2007-11-05 20:08:00,7.472,7.474,7.472,7.474,2
2007-11-05 20:10:00,7.469,7.472,7.469,7.47,3
2007-11-05 20:11:00,7.471,7.471,7.471,7.471,1
2007-11-05 20:12:00,7.468,7.468,7.468,7.468,1
2007-11-05 20:14:00,7.466,7.471,7.466,7.466,3
2007-11-05 20:15:00,7.462,7.465,7.46,7.465,6
2007-11-05 20:17:00,7.456,7.46,7.455,7.46,5
2007-11-05 20:18:00,7.458,7.458,7.458,7.458,1
2007-11-05 20:19:00,7.463,7.463,7.461,7.461,2
2007-11-05 20:20:00,7.463,7.463,7.461,7.461,2
2007-11-05 20:21:00,7.466,7.466,7.466,7.466,1
2007-11-05 20:22:00,7.462,7.462,7.462,7.462,1
2007-11-05 20:24:00,7.46,7.46,7.46,7.46,1
2007-11-05 20:25:00,7.445,7.456,7.445,7.456,11
2007-11-05 20:26:00,7.45,7.45,7.448,7.448,2
2007-11-05 20:28:00,7.461,7.461,7.455,7.455,2
2007-11-05 20:32:00,7.463,7.463,7.463,7.463,1
2007-11-05 20:35:00,7.458,7.461,7.458,7.461,2
2007-11-05 20:37:00,7.468,7.468,7.463,7.463,3
2007-11-05 20:38:00,7.472,7.472,7.466,7.466,3
2007-11-05 20:39:00,7.468,7.47,7.468,7.47,2
2007-11-05 20:40:00,7.474,7.474,7.471,7.471,2
2007-11-05 20:41:00,7.478,7.478,7.478,7.478,1
2007-11-05 20:43:00,7.474,7.476,7.474,7.476,2
2007-11-05 20:46:00,7.465,7.465,7.465,7.465,1
2007-11-05 20:48:00,7.471,7.471,7.471,7.471,1
2007-11-05 20:49:00,7.466,7.466,7.466,7.466,1
2007-11-05 20:50:00,7.464,7.464,7.459,7.459,2
2007-11-05 20:51:00,7.46,7.466,7.46,7.46,3
2007-11-05 20:52:00,7.466,7.466,7.466,7.466,1
2007-11-05 20:54:00,7.464,7.464,7.464,7.464,1
2007-11-05 20:58:00,7.46,7.46,7.46,7.46,1
2007-11-05 20:59:00,7.459,7.464,7.459,7.464,2
2007-11-05 21:01:00,7.464,7.464,7.464,7.464,1
2007-11-05 21:05:00,7.457,7.457,7.457,7.457,1
2007-11-05 21:08:00,7.456,7.46,7.455,7.455,3
2007-11-05 21:11:00,7.461,7.461,7.461,7.461,1
2007-11-05 21:12:00,7.455,7.455,7.455,7.455,1
2007-11-05 21:13:00,7.455,7.458,7.455,7.458,2
2007-11-05 21:14:00,7.447,7.449,7.447,7.449,2
2007-11-05 21:15:00,7.451,7.454,7.451,7.451,3
2007-11-05 21:18:00,7.454,7.454,7.447,7.447,2
2007-11-05 21:20:00,7.446,7.446,7.446,7.446,1
2007-11-05 21:23:00,7.441,7.443,7.441,7.443,2
2007-11-05 21:24:00,7.437,7.438,7.437,7.438,2
2007-11-05 21:25:00,7.437,7.437,7.43,7.432,4
2007-11-05 21:26:00,7.427,7.433,7.418,7.433,6
2007-11-05 21:27:00,7.432,7.432,7.432,7.432,1
2007-11-05 21:31:00,7.428,7.428,7.428,7.428,1
2007-11-05 21:41:00,7.433,7.433,7.43,7.43,2
2007-11-05 21:42:00,7.444,7.444,7.435,7.435,4
2007-11-05 21:45:00,7.438,7.438,7.438,7.438,1
2007-11-05 21:50:00,7.441,7.441,7.441,7.441,1
2007-11-05 21:51:00,7.435,7.435,7.435,7.435,1
2007-11-05 21:52:00,7.428,7.428,7.428,7.428,1
2007-11-05 21:56:00,7.428,7.433,7.428,7.433,2
2007-11-05 21:58:00,7.435,7.435,7.435,7.435,1
2007-11-05 22:02:00,7.432,7.432,7.432,7.432,1
2007-11-05 22:09:00,7.439,7.439,7.433,7.433,2
2007-11-05 22:10:00,7.442,7.442,7.442,7.442,1
2007-11-05 22:12:00,7.433,7.433,7.433,7.433,1
2007-11-05 22:14:00,7.433,7.433,7.431,7.431,2
2007-11-05 23:08:00,7.442,7.442,7.442,7.442,1
2007-11-05 23:27:00,7.438,7.438,7.438,7.438,1
2007-11-05 23:28:00,7.432,7.434,7.432,7.434,2
2007-11-05 23:29:00,7.429,7.429,7.429,7.429,1
2007-11-05 23:31:00,7.437,7.437,7.437,7.437,1
2007-11-05 23:41:00,7.438,7.438,7.438,7.438,1
2007-11-06 00:14:00,7.439,7.439,7.439,7.439,1
2007-11-06 00:26:00,7.441,7.441,7.441,7.441,1
2007-11-06 01:41:00,7.444,7.444,7.444,7.444,1
2007-11-06 01:47:00,7.438,7.438,7.438,7.438,1
2007-11-06 02:21:00,7.446,7.446,7.446,7.446,1
2007-11-06 02:40:00,7.434,7.434,7.434,7.434,1
2007-11-06 02:47:00,7.432,7.432,7.432,7.432,1
2007-11-06 03:52:00,7.442,7.442,7.442,7.442,1
2007-11-06 03:53:00,7.434,7.434,7.434,7.434,1
2007-11-06 04:31:00,7.452,7.452,7.452,7.452,1
2007-11-06 04:32:00,7.454,7.454,7.454,7.454,1
2007-11-06 04:47:00,7.456,7.456,7.456,7.456,1
2007-11-06 05:12:00,7.444,7.453,7.444,7.453,3
2007-11-06 05:15:00,7.451,7.451,7.451,7.451,1
2007-11-06 06:37:00,7.46,7.46,7.46,7.46,1
2007-11-06 06:52:00,7.466,7.466,7.466,7.466,1
2007-11-06 06:53:00,7.471,7.471,7.471,7.471,1
2007-11-06 06:56:00,7.484,7.484,7.484,7.484,1
2007-11-06 07:13:00,7.49,7.49,7.49,7.49,1
2007-11-06 07:34:00,7.491,7.491,7.491,7.491,1
2007-11-06 07:47:00,7.485,7.485,7.485,7.485,1
2007-11-06 08:07:00,7.468,7.468,7.468,7.468,1
2007-11-06 08:08:00,7.479,7.479,7.479,7.479,1
2007-11-06 08:10:00,7.466,7.466,7.466,7.466,1
2007-11-06 08:18:00,7.46,7.46,7.46,7.46,1
2007-11-06 08:24:00,7.465,7.465,7.465,7.465,1
2007-11-06 08:26:00,7.449,7.449,7.449,7.449,1
2007-11-06 09:01:00,7.447,7.447,7.447,7.447,1
2007-11-06 10:02:00,7.458,7.458,7.458,7.458,1
2007-11-06 10:11:00,7.463,7.463,7.459,7.459,2
2007-11-06 10:16:00,7.465,7.465,7.465,7.465,1
2007-11-06 10:18:00,7.463,7.463,7.463,7.463,1
2007-11-06 10:20:00,7.467,7.467,7.467,7.467,1
2007-11-06 10:24:00,7.471,7.471,7.471,7.471,1
2007-11-06 10:26:00,7.468,7.468,7.468,7.468,1
2007-11-06 10:35:00,7.466,7.47,7.466,7.47,2
2007-11-06 10:54:00,7.471,7.471,7.471,7.471,1
2007-11-06 11:05:00,7.472,7.472,7.472,7.472,1
2007-11-06 11:07:00,7.483,7.483,7.483,7.483,1
2007-11-06 11:08:00,7.478,7.478,7.478,7.478,1
2007-11-06 11:11:00,7.481,7.481,7.481,7.481,1
2007-11-06 11:16:00,7.478,7.478,7.478,7.478,1
2007-11-06 11:17:00,7.482,7.482,7.482,7.482,1
2007-11-06 11:27:00,7.485,7.485,7.485,7.485,1
2007-11-06 11:32:00,7.482,7.482,7.482,7.482,1
2007-11-06 11:37:00,7.487,7.487,7.487,7.487,1
2007-11-06 11:42:00,7.482,7.482,7.477,7.477,2
2007-11-06 11:45:00,7.487,7.487,7.487,7.487,1
2007-11-06 11:49:00,7.475,7.475,7.475,7.475,1
2007-11-06 11:50:00,7.473,7.483,7.473,7.478,4
2007-11-06 11:53:00,7.47,7.47,7.47,7.47,1
2007-11-06 11:54:00,7.46,7.466,7.46,7.466,3
2007-11-06 11:58:00,7.477,7.477,7.473,7.473,2
2007-11-06 12:01:00,7.482,7.484,7.48,7.48,3
2007-11-06 12:02:00,7.482,7.482,7.48,7.48,2
2007-11-06 12:03:00,7.478,7.478,7.458,7.476,6
2007-11-06 12:04:00,7.473,7.473,7.473,7.473,1
2007-11-06 12:05:00,7.473,7.477,7.473,7.477,2
2007-11-06 12:07:00,7.482,7.482,7.478,7.478,2
2007-11-06 12:08:00,7.478,7.478,7.478,7.478,1
2007-11-06 12:09:00,7.481,7.481,7.481,7.481,1
2007-11-06 12:12:00,7.496,7.496,7.485,7.485,4
2007-11-06 12:13:00,7.498,7.5,7.498,7.498,3
2007-11-06 12:16:00,7.51,7.525,7.497,7.497,12
2007-11-06 12:17:00,7.507,7.523,7.501,7.515,4
2007-11-06 12:18:00,7.519,7.519,7.519,7.519,1
2007-11-06 12:20:00,7.523,7.534,7.503,7.506,7
2007-11-06 12:21:00,7.544,7.544,7.531,7.534,6
2007-11-06 12:22:00,7.539,7.539,7.539,7.539,1
2007-11-06 12:24:00,7.529,7.529,7.529,7.529,1
2007-11-06 12:25:00,7.534,7.534,7.534,7.534,1
2007-11-06 12:26:00,7.509,7.525,7.509,7.525,4
2007-11-06 12:27:00,7.52,7.52,7.507,7.507,3
2007-11-06 12:28:00,7.527,7.53,7.515,7.515,7
2007-11-06 12:29:00,7.521,7.525,7.521,7.525,2
2007-11-06 12:30:00,7.516,7.516,7.516,7.516,1
2007-11-06 12:31:00,7.501,7.506,7.494,7.506,4
2007-11-06 12:32:00,7.498,7.498,7.498,7.498,1
2007-11-06 12:33:00,7.498,7.506,7.498,7.506,3
2007-11-06 12:35:00,7.508,7.508,7.506,7.506,2
2007-11-06 12:36:00,7.507,7.511,7.507,7.511,3
2007-11-06 12:37:00,7.505,7.505,7.505,7.505,1
2007-11-06 12:40:00,7.515,7.515,7.515,7.515,1
2007-11-06 12:42:00,7.515,7.515,7.506,7.506,2
2007-11-06 12:43:00,7.525,7.525,7.52,7.52,3
2007-11-06 12:44:00,7.526,7.526,7.517,7.52,4
2007-11-06 12:45:00,7.53,7.55,7.53,7.531,10
2007-11-06 12:46:00,7.546,7.546,7.544,7.544,2
2007-11-06 12:47:00,7.535,7.546,7.535,7.535,3
2007-11-06 12:48:00,7.537,7.537,7.537,7.537,1
2007-11-06 12:49:00,7.525,7.535,7.525,7.535,4
2007-11-06 12:50:00,7.538,7.538,7.536,7.536,2
2007-11-06 12:51:00,7.522,7.535,7.522,7.526,5
2007-11-06 12:52:00,7.521,7.521,7.521,7.521,1
2007-11-06 12:53:00,7.53,7.53,7.525,7.525,3
2007-11-06 12:54:00,7.55,7.55,7.533,7.535,5
2007-11-06 12:56:00,7.548,7.548,7.544,7.544,2
2007-11-06 12:57:00,7.557,7.557,7.55,7.55,4
2007-11-06 12:58:00,7.569,7.569,7.562,7.562,11
2007-11-06 12:59:00,7.569,7.58,7.565,7.565,14
2007-11-06 13:00:00,7.574,7.576,7.567,7.576,5
2007-11-06 13:01:00,7.553,7.572,7.553,7.57,8
2007-11-06 13:02:00,7.563,7.567,7.56,7.563,5
2007-11-06 13:03:00,7.559,7.568,7.559,7.561,3
2007-11-06 13:04:00,7.543,7.555,7.539,7.555,10
2007-11-06 13:05:00,7.549,7.549,7.531,7.539,11
2007-11-06 13:06:00,7.53,7.544,7.527,7.54,14
2007-11-06 13:07:00,7.528,7.54,7.527,7.527,6
2007-11-06 13:08:00,7.538,7.541,7.53,7.53,3
2007-11-06 13:09:00,7.536,7.54,7.536,7.54,4
2007-11-06 13:10:00,7.526,7.526,7.526,7.526,1
2007-11-06 13:13:00,7.558,7.558,7.538,7.538,4
2007-11-06 13:14:00,7.562,7.562,7.562,7.562,1
2007-11-06 13:15:00,7.569,7.572,7.569,7.572,2
2007-11-06 13:16:00,7.563,7.563,7.554,7.563,7
2007-11-06 13:17:00,7.557,7.561,7.557,7.561,2
2007-11-06 13:18:00,7.545,7.555,7.545,7.555,4
2007-11-06 13:19:00,7.543,7.543,7.543,7.543,1
2007-11-06 13:20:00,7.541,7.546,7.541,7.541,4
2007-11-06 13:21:00,7.534,7.54,7.528,7.537,8
2007-11-06 13:22:00,7.544,7.546,7.538,7.54,8
2007-11-06 13:23:00,7.541,7.544,7.54,7.54,5
2007-11-06 13:24:00,7.535,7.535,7.535,7.535,1
2007-11-06 13:26:00,7.544,7.544,7.544,7.544,1
2007-11-06 13:27:00,7.544,7.544,7.536,7.539,6
2007-11-06 13:28:00,7.555,7.555,7.548,7.548,3
2007-11-06 13:29:00,7.56,7.562,7.557,7.557,6
2007-11-06 13:31:00,7.584,7.586,7.563,7.563,12
2007-11-06 13:32:00,7.586,7.586,7.575,7.58,20
2007-11-06 13:33:00,7.591,7.592,7.582,7.584,10
2007-11-06 13:34:00,7.597,7.605,7.592,7.594,16
2007-11-06 13:35:00,7.606,7.606,7.588,7.593,17
2007-11-06 13:36:00,7.619,7.619,7.605,7.608,17
2007-11-06 13:37:00,7.61,7.622,7.607,7.611,22
2007-11-06 13:38:00,7.609,7.609,7.602,7.608,9
2007-11-06 13:39:00,7.61,7.618,7.607,7.607,9
2007-11-06 13:40:00,7.603,7.61,7.603,7.606,3
2007-11-06 13:41:00,7.596,7.605,7.596,7.601,9
2007-11-06 13:42:00,7.594,7.608,7.593,7.594,14
2007-11-06 13:43:00,7.587,7.595,7.584,7.595,10
2007-11-06 13:44:00,7.593,7.599,7.59,7.59,9
2007-11-06 13:45:00,7.588,7.591,7.588,7.591,2
2007-11-06 13:46:00,7.57,7.583,7.564,7.583,20
2007-11-06 13:47:00,7.572,7.574,7.57,7.574,5
2007-11-06 13:48:00,7.583,7.583,7.575,7.575,7
2007-11-06 13:49:00,7.592,7.595,7.587,7.587,5
2007-11-06 13:50:00,7.587,7.589,7.587,7.589,2
2007-11-06 13:51:00,7.586,7.586,7.581,7.584,5
2007-11-06 13:52:00,7.58,7.582,7.58,7.582,2
2007-11-06 13:53:00,7.582,7.589,7.579,7.584,11
2007-11-06 13:54:00,7.581,7.581,7.578,7.581,3
2007-11-06 13:55:00,7.567,7.578,7.564,7.575,17
2007-11-06 13:56:00,7.576,7.578,7.568,7.568,7
2007-11-06 13:57:00,7.57,7.578,7.57,7.578,3
2007-11-06 13:58:00,7.572,7.578,7.572,7.572,7
2007-11-06 13:59:00,7.572,7.577,7.567,7.57,16
2007-11-06 14:00:00,7.597,7.598,7.573,7.58,56
2007-11-06 14:01:00,7.589,7.608,7.587,7.601,31
2007-11-06 14:02:00,7.588,7.602,7.583,7.591,31
2007-11-06 14:03:00,7.584,7.589,7.584,7.586,7
2007-11-06 14:04:00,7.581,7.589,7.574,7.582,22
2007-11-06 14:05:00,7.573,7.583,7.569,7.583,10
2007-11-06 14:06:00,7.582,7.582,7.574,7.575,10
2007-11-06 14:07:00,7.583,7.587,7.583,7.585,8
2007-11-06 14:08:00,7.579,7.586,7.579,7.585,15
2007-11-06 14:09:00,7.581,7.583,7.572,7.581,16
2007-11-06 14:10:00,7.57,7.585,7.569,7.583,11
2007-11-06 14:11:00,7.572,7.574,7.567,7.569,14
2007-11-06 14:12:00,7.573,7.577,7.571,7.575,7
2007-11-06 14:13:00,7.571,7.574,7.569,7.571,8
2007-11-06 14:14:00,7.577,7.577,7.573,7.573,3
2007-11-06 14:15:00,7.579,7.581,7.579,7.579,5
2007-11-06 14:16:00,7.577,7.58,7.575,7.576,6
2007-11-06 14:17:00,7.569,7.577,7.569,7.574,7
2007-11-06 14:18:00,7.569,7.569,7.551,7.567,42
2007-11-06 14:19:00,7.571,7.575,7.564,7.572,19
2007-11-06 14:20:00,7.569,7.575,7.569,7.573,14
2007-11-06 14:21:00,7.573,7.575,7.569,7.571,8
2007-11-06 14:22:00,7.567,7.575,7.567,7.575,7
2007-11-06 14:23:00,7.559,7.565,7.559,7.565,9
2007-11-06 14:24:00,7.56,7.563,7.56,7.561,3
2007-11-06 14:25:00,7.563,7.565,7.563,7.563,3
2007-11-06 14:26:00,7.558,7.561,7.553,7.561,11
2007-11-06 14:27:00,7.56,7.562,7.555,7.555,9
2007-11-06 14:28:00,7.564,7.564,7.564,7.564,1
2007-11-06 14:29:00,7.565,7.565,7.56,7.562,5
2007-11-06 14:30:00,7.571,7.572,7.555,7.562,16
2007-11-06 14:31:00,7.563,7.575,7.563,7.569,9
2007-11-06 14:32:00,7.56,7.565,7.557,7.561,19
2007-11-06 14:33:00,7.56,7.564,7.558,7.562,9
2007-11-06 14:34:00,7.559,7.563,7.555,7.562,13
2007-11-06 14:35:00,7.568,7.568,7.561,7.561,8
2007-11-06 14:36:00,7.587,7.587,7.565,7.565,21
2007-11-06 14:37:00,7.584,7.587,7.579,7.583,10
2007-11-06 14:38:00,7.577,7.584,7.577,7.582,9
2007-11-06 14:39:00,7.568,7.574,7.563,7.574,12
2007-11-06 14:40:00,7.564,7.569,7.562,7.564,9
2007-11-06 14:41:00,7.569,7.574,7.566,7.566,7
2007-11-06 14:42:00,7.571,7.573,7.568,7.571,6
2007-11-06 14:44:00,7.575,7.578,7.574,7.574,5
2007-11-06 14:45:00,7.565,7.572,7.563,7.572,9
2007-11-06 14:46:00,7.566,7.567,7.56,7.564,17
2007-11-06 14:47:00,7.568,7.568,7.559,7.564,18
2007-11-06 14:48:00,7.578,7.578,7.57,7.57,11
2007-11-06 14:49:00,7.574,7.578,7.572,7.576,12
2007-11-06 14:50:00,7.576,7.576,7.569,7.571,6
2007-11-06 14:51:00,7.582,7.585,7.572,7.574,10
2007-11-06 14:52:00,7.579,7.582,7.579,7.58,4
2007-11-06 14:53:00,7.585,7.587,7.581,7.581,7
2007-11-06 14:54:00,7.573,7.583,7.567,7.583,17
2007-11-06 14:55:00,7.568,7.573,7.567,7.571,16
2007-11-06 14:56:00,7.569,7.573,7.565,7.573,7
2007-11-06 14:57:00,7.574,7.574,7.57,7.573,6
2007-11-06 14:58:00,7.571,7.571,7.571,7.571,1
2007-11-06 14:59:00,7.57,7.57,7.567,7.569,6
2007-11-06 15:00:00,7.566,7.574,7.566,7.574,5
2007-11-06 15:01:00,7.571,7.571,7.564,7.567,12
2007-11-06 15:02:00,7.571,7.571,7.565,7.569,12
2007-11-06 15:03:00,7.572,7.573,7.568,7.568,7
2007-11-06 15:04:00,7.576,7.576,7.565,7.57,13
2007-11-06 15:05:00,7.577,7.583,7.574,7.574,12
2007-11-06 15:06:00,7.573,7.577,7.573,7.575,6
2007-11-06 15:07:00,7.573,7.575,7.573,7.575,2
2007-11-06 15:08:00,7.573,7.573,7.569,7.571,4
2007-11-06 15:09:00,7.568,7.571,7.566,7.571,7
2007-11-06 15:10:00,7.575,7.575,7.566,7.566,6
2007-11-06 15:11:00,7.586,7.588,7.577,7.577,17
2007-11-06 15:12:00,7.587,7.587,7.581,7.585,8
2007-11-06 15:13:00,7.587,7.587,7.582,7.585,8
2007-11-06 15:14:00,7.588,7.597,7.587,7.589,24
2007-11-06 15:15:00,7.591,7.591,7.58,7.586,13
2007-11-06 15:16:00,7.607,7.611,7.587,7.589,24
2007-11-06 15:17:00,7.608,7.62,7.606,7.61,30
2007-11-06 15:18:00,7.607,7.616,7.605,7.606,24
2007-11-06 15:19:00,7.605,7.607,7.603,7.605,7
2007-11-06 15:20:00,7.607,7.607,7.605,7.607,3
2007-11-06 15:21:00,7.621,7.633,7.61,7.61,52
2007-11-06 15:22:00,7.626,7.634,7.619,7.619,19
2007-11-06 15:23:00,7.631,7.631,7.622,7.624,20
2007-11-06 15:24:00,7.631,7.633,7.625,7.629,10
2007-11-06 15:25:00,7.627,7.638,7.625,7.633,19
2007-11-06 15:26:00,7.622,7.626,7.62,7.625,10
2007-11-06 15:27:00,7.624,7.631,7.624,7.625,7
2007-11-06 15:28:00,7.615,7.622,7.615,7.622,9
2007-11-06 15:29:00,7.613,7.613,7.607,7.613,12
2007-11-06 15:30:00,7.605,7.612,7.605,7.611,6
2007-11-06 15:31:00,7.619,7.621,7.605,7.607,20
2007-11-06 15:32:00,7.623,7.623,7.617,7.617,14
2007-11-06 15:33:00,7.621,7.628,7.618,7.625,11
2007-11-06 15:34:00,7.625,7.625,7.62,7.62,4
2007-11-06 15:35:00,7.615,7.623,7.615,7.623,5
2007-11-06 15:36:00,7.618,7.618,7.608,7.613,10
2007-11-06 15:37:00,7.624,7.626,7.62,7.62,18
2007-11-06 15:38:00,7.625,7.625,7.622,7.622,10
2007-11-06 15:39:00,7.622,7.622,7.621,7.622,3
2007-11-06 15:40:00,7.612,7.624,7.612,7.624,16
2007-11-06 15:41:00,7.613,7.617,7.605,7.61,16
2007-11-06 15:42:00,7.618,7.623,7.613,7.617,12
2007-11-06 15:43:00,7.62,7.622,7.616,7.616,7
2007-11-06 15:44:00,7.622,7.622,7.618,7.622,7
2007-11-06 15:45:00,7.624,7.627,7.621,7.624,9
2007-11-06 15:46:00,7.629,7.634,7.622,7.622,20
2007-11-06 15:47:00,7.612,7.627,7.611,7.627,13
2007-11-06 15:48:00,7.615,7.619,7.615,7.615,5
2007-11-06 15:49:00,7.618,7.618,7.614,7.617,4
2007-11-06 15:50:00,7.617,7.617,7.614,7.616,5
2007-11-06 15:51:00,7.624,7.624,7.612,7.614,6
2007-11-06 15:52:00,7.621,7.626,7.621,7.626,10
2007-11-06 15:53:00,7.612,7.619,7.612,7.619,6
2007-11-06 15:54:00,7.596,7.616,7.596,7.614,29
2007-11-06 15:55:00,7.602,7.608,7.593,7.595,24
2007-11-06 15:56:00,7.602,7.604,7.6,7.6,8
2007-11-06 15:57:00,7.598,7.603,7.598,7.6,7
2007-11-06 15:58:00,7.598,7.6,7.597,7.6,4
2007-11-06 15:59:00,7.598,7.598,7.596,7.596,4
2007-11-06 16:00:00,7.608,7.608,7.6,7.6,5
2007-11-06 16:01:00,7.611,7.615,7.606,7.606,12
2007-11-06 16:02:00,7.606,7.609,7.603,7.609,7
2007-11-06 16:03:00,7.609,7.609,7.603,7.604,6
2007-11-06 16:04:00,7.604,7.607,7.604,7.607,2
2007-11-06 16:05:00,7.602,7.602,7.602,7.602,1
2007-11-06 16:06:00,7.598,7.605,7.598,7.605,4
2007-11-06 16:07:00,7.584,7.596,7.583,7.596,15
2007-11-06 16:08:00,7.585,7.588,7.581,7.588,8
2007-11-06 16:09:00,7.585,7.587,7.585,7.587,2
2007-11-06 16:10:00,7.593,7.595,7.587,7.587,12
2007-11-06 16:11:00,7.59,7.593,7.589,7.591,5
2007-11-06 16:12:00,7.591,7.594,7.589,7.592,4
2007-11-06 16:13:00,7.582,7.593,7.582,7.593,9
2007-11-06 16:14:00,7.578,7.583,7.575,7.58,17
2007-11-06 16:15:00,7.567,7.578,7.567,7.576,14
2007-11-06 16:16:00,7.57,7.573,7.564,7.565,25
2007-11-06 16:17:00,7.572,7.575,7.569,7.573,6
2007-11-06 16:18:00,7.568,7.571,7.562,7.571,15
2007-11-06 16:19:00,7.57,7.57,7.57,7.57,1
2007-11-06 16:20:00,7.564,7.57,7.561,7.568,12
2007-11-06 16:21:00,7.56,7.566,7.553,7.566,16
2007-11-06 16:22:00,7.556,7.564,7.555,7.558,17
2007-11-06 16:23:00,7.532,7.558,7.526,7.558,74
2007-11-06 16:24:00,7.538,7.542,7.528,7.528,32
2007-11-06 16:25:00,7.514,7.538,7.514,7.536,34
2007-11-06 16:26:00,7.51,7.517,7.5,7.517,60
2007-11-06 16:27:00,7.488,7.51,7.482,7.508,82
2007-11-06 16:28:00,7.502,7.502,7.487,7.49,22
2007-11-06 16:29:00,7.507,7.509,7.497,7.5,32
2007-11-06 16:30:00,7.506,7.513,7.503,7.509,43
2007-11-06 16:31:00,7.506,7.513,7.5,7.509,15
2007-11-06 16:32:00,7.518,7.525,7.505,7.508,24
2007-11-06 16:33:00,7.528,7.531,7.521,7.521,25
2007-11-06 16:34:00,7.523,7.525,7.519,7.525,6
2007-11-06 16:35:00,7.513,7.524,7.509,7.521,19
2007-11-06 16:36:00,7.519,7.521,7.509,7.511,26
2007-11-06 16:37:00,7.529,7.532,7.521,7.521,45
2007-11-06 16:38:00,7.517,7.534,7.514,7.527,40
2007-11-06 16:39:00,7.484,7.515,7.481,7.515,61
2007-11-06 16:40:00,7.444,7.486,7.437,7.485,105
2007-11-06 16:41:00,7.455,7.462,7.444,7.446,43
2007-11-06 16:42:00,7.434,7.46,7.434,7.457,46
2007-11-06 16:43:00,7.417,7.432,7.394,7.432,146
2007-11-06 16:44:00,7.382,7.419,7.375,7.415,125
2007-11-06 16:45:00,7.391,7.397,7.378,7.384,78
2007-11-06 16:46:00,7.354,7.393,7.347,7.393,130
2007-11-06 16:47:00,7.364,7.372,7.35,7.35,59
2007-11-06 16:48:00,7.375,7.377,7.366,7.366,35
2007-11-06 16:49:00,7.378,7.384,7.374,7.377,44
2007-11-06 16:50:00,7.378,7.383,7.376,7.376,10
2007-11-06 16:51:00,7.376,7.379,7.358,7.376,54
2007-11-06 16:52:00,7.371,7.382,7.366,7.379,28
2007-11-06 16:53:00,7.378,7.382,7.373,7.373,27
2007-11-06 16:54:00,7.346,7.375,7.338,7.375,83
2007-11-06 16:55:00,7.349,7.357,7.343,7.348,44
2007-11-06 16:56:00,7.348,7.35,7.341,7.346,26
2007-11-06 16:57:00,7.297,7.346,7.293,7.346,146
2007-11-06 16:58:00,7.315,7.322,7.289,7.295,56
2007-11-06 16:59:00,7.317,7.326,7.311,7.317,32
2007-11-06 17:00:00,7.314,7.32,7.307,7.32,38
2007-11-06 17:01:00,7.329,7.329,7.317,7.317,16
2007-11-06 17:02:00,7.329,7.333,7.321,7.327,41
2007-11-06 17:03:00,7.332,7.343,7.326,7.331,44
2007-11-06 17:04:00,7.341,7.346,7.334,7.334,13
2007-11-06 17:05:00,7.341,7.341,7.33,7.339,16
2007-11-06 17:06:00,7.361,7.368,7.34,7.345,59
2007-11-06 17:07:00,7.354,7.359,7.347,7.359,26
2007-11-06 17:08:00,7.349,7.362,7.345,7.36,30
2007-11-06 17:09:00,7.364,7.365,7.348,7.351,41
2007-11-06 17:10:00,7.369,7.371,7.356,7.362,30
2007-11-06 17:11:00,7.378,7.382,7.369,7.371,30
2007-11-06 17:12:00,7.374,7.376,7.368,7.376,21
2007-11-06 17:13:00,7.382,7.385,7.374,7.376,18
2007-11-06 17:14:00,7.383,7.386,7.371,7.384,26
2007-11-06 17:15:00,7.383,7.383,7.374,7.381,14
2007-11-06 17:16:00,7.379,7.387,7.379,7.38,16
2007-11-06 17:17:00,7.375,7.383,7.368,7.376,21
2007-11-06 17:18:00,7.359,7.381,7.359,7.377,26
2007-11-06 17:19:00,7.356,7.364,7.351,7.361,29
2007-11-06 17:20:00,7.388,7.388,7.359,7.359,31
2007-11-06 17:21:00,7.374,7.387,7.373,7.387,17
2007-11-06 17:22:00,7.374,7.378,7.368,7.378,20
2007-11-06 17:23:00,7.373,7.376,7.365,7.376,13
2007-11-06 17:24:00,7.378,7.378,7.371,7.376,9
2007-11-06 17:25:00,7.364,7.373,7.364,7.373,5
2007-11-06 17:26:00,7.345,7.366,7.342,7.366,52
2007-11-06 17:27:00,7.351,7.357,7.344,7.347,25
2007-11-06 17:28:00,7.361,7.363,7.355,7.355,5
2007-11-06 17:29:00,7.369,7.374,7.361,7.363,11
2007-11-06 17:30:00,7.365,7.373,7.361,7.373,10
2007-11-06 17:31:00,7.37,7.374,7.367,7.367,9
2007-11-06 17:32:00,7.38,7.385,7.375,7.375,20
2007-11-06 17:33:00,7.377,7.39,7.377,7.382,23
2007-11-06 17:34:00,7.363,7.375,7.359,7.375,23
2007-11-06 17:35:00,7.349,7.364,7.346,7.36,26
2007-11-06 17:36:00,7.361,7.365,7.353,7.353,23
2007-11-06 17:37:00,7.357,7.364,7.353,7.364,7
2007-11-06 17:38:00,7.36,7.36,7.352,7.352,6
2007-11-06 17:39:00,7.36,7.36,7.358,7.358,2
2007-11-06 17:40:00,7.361,7.363,7.357,7.363,6
2007-11-06 17:41:00,7.362,7.364,7.359,7.362,9
2007-11-06 17:42:00,7.359,7.361,7.358,7.361,4
2007-11-06 17:43:00,7.36,7.361,7.355,7.355,5
2007-11-06 17:44:00,7.362,7.363,7.357,7.357,5
2007-11-06 17:45:00,7.365,7.365,7.363,7.363,2
2007-11-06 17:46:00,7.363,7.363,7.363,7.363,1
2007-11-06 17:47:00,7.365,7.365,7.362,7.362,3
2007-11-06 17:48:00,7.368,7.375,7.367,7.367,9
2007-11-06 17:49:00,7.375,7.375,7.363,7.365,9
2007-11-06 17:50:00,7.375,7.378,7.37,7.373,7
2007-11-06 17:51:00,7.362,7.375,7.362,7.373,9
2007-11-06 17:52:00,7.372,7.372,7.358,7.36,13
2007-11-06 17:53:00,7.356,7.37,7.356,7.37,14
2007-11-06 17:54:00,7.351,7.356,7.346,7.354,13
2007-11-06 17:55:00,7.356,7.358,7.351,7.353,8
2007-11-06 17:56:00,7.361,7.363,7.349,7.353,16
2007-11-06 17:57:00,7.353,7.369,7.351,7.365,19
2007-11-06 17:58:00,7.358,7.36,7.355,7.355,6
2007-11-06 17:59:00,7.362,7.372,7.362,7.362,13
2007-11-06 18:00:00,7.361,7.365,7.361,7.365,4
2007-11-06 18:01:00,7.366,7.366,7.361,7.365,6
2007-11-06 18:02:00,7.374,7.374,7.362,7.367,17
2007-11-06 18:03:00,7.374,7.374,7.366,7.37,20
2007-11-06 18:04:00,7.367,7.376,7.364,7.376,14
2007-11-06 18:05:00,7.367,7.369,7.367,7.369,2
2007-11-06 18:06:00,7.367,7.367,7.364,7.366,4
2007-11-06 18:07:00,7.367,7.373,7.364,7.37,13
2007-11-06 18:08:00,7.37,7.37,7.366,7.366,5
2007-11-06 18:09:00,7.372,7.372,7.366,7.367,5
2007-11-06 18:10:00,7.369,7.369,7.369,7.369,1
2007-11-06 18:11:00,7.37,7.375,7.37,7.371,7
2007-11-06 18:12:00,7.38,7.384,7.368,7.368,16
2007-11-06 18:13:00,7.377,7.386,7.376,7.378,21
2007-11-06 18:14:00,7.384,7.386,7.375,7.375,16
2007-11-06 18:15:00,7.389,7.389,7.381,7.383,20
2007-11-06 18:16:00,7.404,7.407,7.387,7.391,46
2007-11-06 18:17:00,7.403,7.414,7.399,7.406,23
2007-11-06 18:18:00,7.399,7.408,7.398,7.406,20
2007-11-06 18:19:00,7.394,7.406,7.391,7.4,17
2007-11-06 18:20:00,7.37,7.395,7.37,7.392,20
2007-11-06 18:21:00,7.37,7.375,7.364,7.369,15
2007-11-06 18:22:00,7.371,7.372,7.361,7.372,15
2007-11-06 18:23:00,7.381,7.381,7.372,7.376,13
2007-11-06 18:24:00,7.387,7.389,7.383,7.383,5
2007-11-06 18:25:00,7.373,7.385,7.371,7.385,14
2007-11-06 18:26:00,7.364,7.374,7.364,7.371,13
2007-11-06 18:27:00,7.361,7.373,7.361,7.366,19
2007-11-06 18:28:00,7.343,7.36,7.337,7.359,46
2007-11-06 18:29:00,7.352,7.354,7.347,7.347,7
2007-11-06 18:30:00,7.331,7.35,7.326,7.35,40
2007-11-06 18:31:00,7.329,7.337,7.326,7.333,26
2007-11-06 18:32:00,7.329,7.331,7.311,7.331,48
2007-11-06 18:33:00,7.329,7.329,7.312,7.327,30
2007-11-06 18:34:00,7.332,7.332,7.325,7.332,9
2007-11-06 18:35:00,7.33,7.344,7.33,7.334,20
2007-11-06 18:36:00,7.327,7.334,7.326,7.332,11
2007-11-06 18:37:00,7.328,7.33,7.325,7.328,13
2007-11-06 18:38:00,7.327,7.328,7.325,7.327,4
2007-11-06 18:39:00,7.336,7.336,7.328,7.328,9
2007-11-06 18:40:00,7.326,7.333,7.319,7.333,20
2007-11-06 18:41:00,7.324,7.335,7.324,7.328,15
2007-11-06 18:42:00,7.331,7.334,7.326,7.326,8
2007-11-06 18:43:00,7.351,7.351,7.335,7.335,26
2007-11-06 18:44:00,7.347,7.351,7.344,7.349,12
2007-11-06 18:45:00,7.347,7.349,7.343,7.345,9
2007-11-06 18:46:00,7.346,7.352,7.346,7.35,7
2007-11-06 18:47:00,7.345,7.345,7.338,7.344,10
2007-11-06 18:48:00,7.345,7.345,7.343,7.343,2
2007-11-06 18:49:00,7.341,7.343,7.338,7.343,6
2007-11-06 18:50:00,7.332,7.343,7.331,7.339,12
2007-11-06 18:51:00,7.333,7.333,7.323,7.33,14
2007-11-06 18:52:00,7.334,7.335,7.33,7.335,8
2007-11-06 18:53:00,7.329,7.334,7.329,7.332,8
2007-11-06 18:54:00,7.332,7.332,7.331,7.331,6
2007-11-06 18:55:00,7.325,7.331,7.324,7.331,10
2007-11-06 18:56:00,7.325,7.331,7.325,7.327,14
2007-11-06 18:57:00,7.327,7.335,7.327,7.327,9
2007-11-06 18:58:00,7.345,7.348,7.329,7.329,19
2007-11-06 18:59:00,7.349,7.365,7.345,7.347,38
2007-11-06 19:00:00,7.335,7.351,7.332,7.348,24
2007-11-06 19:01:00,7.335,7.343,7.334,7.334,25
2007-11-06 19:02:00,7.338,7.342,7.333,7.337,16
2007-11-06 19:03:00,7.361,7.362,7.343,7.343,22
2007-11-06 19:04:00,7.356,7.362,7.352,7.357,16
2007-11-06 19:05:00,7.362,7.362,7.352,7.358,16
2007-11-06 19:06:00,7.358,7.358,7.358,7.358,1
2007-11-06 19:07:00,7.352,7.357,7.351,7.356,6
2007-11-06 19:08:00,7.349,7.351,7.349,7.351,2
2007-11-06 19:09:00,7.348,7.349,7.34,7.347,11
2007-11-06 19:10:00,7.351,7.352,7.342,7.35,15
2007-11-06 19:11:00,7.341,7.35,7.341,7.35,5
2007-11-06 19:12:00,7.346,7.346,7.341,7.343,4
2007-11-06 19:13:00,7.35,7.352,7.341,7.348,29
2007-11-06 19:14:00,7.354,7.357,7.348,7.348,8
2007-11-06 19:15:00,7.353,7.362,7.353,7.356,8
2007-11-06 19:16:00,7.354,7.359,7.348,7.352,13
2007-11-06 19:17:00,7.356,7.356,7.351,7.353,7
2007-11-06 19:18:00,7.35,7.353,7.348,7.353,7
2007-11-06 19:19:00,7.355,7.358,7.351,7.353,11
2007-11-06 19:20:00,7.361,7.365,7.355,7.357,37
2007-11-06 19:21:00,7.353,7.366,7.351,7.363,12
2007-11-06 19:22:00,7.355,7.355,7.354,7.355,3
2007-11-06 19:24:00,7.36,7.363,7.357,7.357,8
2007-11-06 19:25:00,7.356,7.358,7.353,7.358,6
2007-11-06 19:26:00,7.358,7.36,7.355,7.355,5
2007-11-06 19:27:00,7.369,7.369,7.358,7.36,13
2007-11-06 19:28:00,7.388,7.39,7.367,7.367,25
2007-11-06 19:29:00,7.386,7.39,7.383,7.386,25
2007-11-06 19:30:00,7.395,7.397,7.386,7.387,12
2007-11-06 19:31:00,7.388,7.394,7.388,7.393,9
2007-11-06 19:32:00,7.388,7.394,7.387,7.39,8
2007-11-06 19:35:00,7.387,7.387,7.387,7.387,1
2007-11-06 19:36:00,7.394,7.394,7.388,7.388,4
2007-11-06 19:37:00,7.392,7.392,7.392,7.392,1
2007-11-06 19:38:00,7.391,7.398,7.391,7.395,3
2007-11-06 19:39:00,7.39,7.393,7.39,7.393,2
2007-11-06 19:43:00,7.39,7.395,7.39,7.395,2
2007-11-06 19:44:00,7.387,7.387,7.387,7.387,1
2007-11-06 19:47:00,7.387,7.39,7.387,7.39,2
2007-11-06 19:48:00,7.386,7.39,7.386,7.39,2
2007-11-06 19:49:00,7.386,7.386,7.384,7.384,2
2007-11-06 19:51:00,7.386,7.39,7.386,7.388,3
2007-11-06 19:54:00,7.389,7.389,7.389,7.389,1
2007-11-06 19:55:00,7.393,7.394,7.393,7.394,2
2007-11-06 19:56:00,7.395,7.395,7.395,7.395,1
2007-11-06 19:59:00,7.394,7.394,7.394,7.394,1
2007-11-06 20:00:00,7.395,7.395,7.395,7.395,1
2007-11-06 20:02:00,7.393,7.393,7.393,7.393,1
2007-11-06 20:03:00,7.391,7.391,7.391,7.391,1
2007-11-06 20:04:00,7.391,7.394,7.391,7.394,2
2007-11-06 20:07:00,7.387,7.389,7.387,7.389,2
2007-11-06 20:08:00,7.384,7.384,7.384,7.384,1
2007-11-06 20:14:00,7.385,7.385,7.382,7.382,2
2007-11-06 20:15:00,7.387,7.387,7.387,7.387,1
2007-11-06 20:17:00,7.396,7.396,7.396,7.396,1
2007-11-06 20:20:00,7.398,7.398,7.398,7.398,1
2007-11-06 20:22:00,7.393,7.393,7.393,7.393,1
2007-11-06 20:27:00,7.391,7.391,7.391,7.391,1
2007-11-06 20:31:00,7.398,7.398,7.398,7.398,1
2007-11-06 20:33:00,7.393,7.393,7.391,7.393,3
2007-11-06 20:35:00,7.396,7.396,7.396,7.396,1
2007-11-06 20:36:00,7.405,7.41,7.398,7.398,8
2007-11-06 20:38:00,7.41,7.41,7.408,7.408,2
2007-11-06 20:41:00,7.41,7.416,7.41,7.413,4
2007-11-06 20:43:00,7.413,7.413,7.407,7.407,3
2007-11-06 20:44:00,7.408,7.408,7.408,7.408,1
2007-11-06 20:45:00,7.41,7.41,7.41,7.41,1
2007-11-06 20:46:00,7.413,7.413,7.413,7.413,1
2007-11-06 20:49:00,7.413,7.415,7.413,7.415,2
2007-11-06 20:51:00,7.412,7.415,7.412,7.415,2
2007-11-06 20:52:00,7.415,7.415,7.415,7.415,1
2007-11-06 20:54:00,7.422,7.428,7.418,7.418,6
2007-11-06 20:55:00,7.428,7.428,7.428,7.428,1
2007-11-06 20:57:00,7.431,7.431,7.431,7.431,1
2007-11-06 20:59:00,7.423,7.423,7.423,7.423,1
2007-11-06 21:01:00,7.427,7.427,7.427,7.427,1
2007-11-06 21:04:00,7.42,7.42,7.42,7.42,1
2007-11-06 21:05:00,7.428,7.428,7.428,7.428,1
2007-11-06 21:09:00,7.431,7.431,7.431,7.431,1
2007-11-06 21:10:00,7.434,7.434,7.431,7.433,3
2007-11-06 21:13:00,7.434,7.442,7.434,7.439,4
2007-11-06 21:14:00,7.427,7.429,7.427,7.429,2
2007-11-06 21:15:00,7.422,7.422,7.422,7.422,1
2007-11-06 21:16:00,7.428,7.428,7.428,7.428,1
2007-11-06 21:20:00,7.426,7.426,7.426,7.426,1
2007-11-06 21:32:00,7.432,7.432,7.427,7.427,2
2007-11-06 21:33:00,7.427,7.427,7.427,7.427,1
2007-11-06 21:38:00,7.434,7.434,7.432,7.432,2
2007-11-06 21:39:00,7.444,7.444,7.442,7.442,2
2007-11-06 21:41:00,7.449,7.449,7.449,7.449,1
2007-11-06 21:43:00,7.465,7.465,7.444,7.444,3
2007-11-06 21:47:00,7.462,7.462,7.456,7.456,3
2007-11-06 21:48:00,7.467,7.467,7.466,7.466,2
2007-11-06 21:49:00,7.456,7.456,7.456,7.456,1
2007-11-06 21:52:00,7.461,7.461,7.461,7.461,1
2007-11-06 21:54:00,7.458,7.467,7.458,7.467,3
2007-11-06 21:55:00,7.463,7.463,7.463,7.463,1
2007-11-06 21:56:00,7.468,7.468,7.466,7.466,2
2007-11-06 21:57:00,7.468,7.469,7.468,7.469,2
2007-11-06 21:59:00,7.468,7.469,7.468,7.469,2
2007-11-06 22:00:00,7.46,7.46,7.46,7.46,1
2007-11-06 22:01:00,7.455,7.457,7.455,7.457,2
2007-11-06 22:02:00,7.454,7.454,7.454,7.454,1
2007-11-06 22:06:00,7.46,7.46,7.46,7.46,1
2007-11-06 22:07:00,7.458,7.458,7.458,7.458,1
2007-11-06 22:08:00,7.461,7.461,7.461,7.461,1
2007-11-06 22:09:00,7.459,7.459,7.459,7.459,1
2007-11-06 22:10:00,7.456,7.456,7.456,7.456,1
2007-11-06 22:12:00,7.453,7.458,7.453,7.458,2
2007-11-06 22:13:00,7.444,7.449,7.444,7.449,3
2007-11-06 23:00:00,7.431,7.431,7.431,7.431,1
2007-11-06 23:01:00,7.45,7.45,7.45,7.45,1
2007-11-06 23:03:00,7.44,7.44,7.438,7.438,2
2007-11-06 23:06:00,7.45,7.45,7.431,7.431,2
2007-11-06 23:07:00,7.432,7.432,7.432,7.432,1
2007-11-06 23:22:00,7.434,7.434,7.434,7.434,1
2007-11-06 23:29:00,7.439,7.439,7.439,7.439,1
2007-11-06 23:46:00,7.441,7.441,7.441,7.441,1
2007-11-06 23:59:00,7.446,7.446,7.446,7.446,1
2007-11-07 00:07:00,7.444,7.444,7.444,7.444,1
2007-11-07 00:11:00,7.446,7.449,7.446,7.449,2
2007-11-07 00:43:00,7.442,7.442,7.442,7.442,1
2007-11-07 00:58:00,7.425,7.425,7.425,7.425,1
2007-11-07 01:12:00,7.454,7.454,7.454,7.454,1
2007-11-07 01:31:00,7.434,7.434,7.434,7.434,1
2007-11-07 01:34:00,7.444,7.444,7.444,7.444,1
2007-11-07 01:39:00,7.433,7.433,7.431,7.431,2
2007-11-07 01:54:00,7.43,7.43,7.43,7.43,1
2007-11-07 01:58:00,7.426,7.426,7.426,7.426,1
2007-11-07 01:59:00,7.435,7.435,7.429,7.429,2
2007-11-07 02:12:00,7.438,7.438,7.438,7.438,1
2007-11-07 02:18:00,7.434,7.434,7.434,7.434,1
2007-11-07 02:45:00,7.439,7.439,7.439,7.439,1
2007-11-07 02:57:00,7.448,7.448,7.448,7.448,1
2007-11-07 02:59:00,7.458,7.458,7.454,7.454,2
2007-11-07 03:00:00,7.449,7.449,7.449,7.449,1
2007-11-07 03:02:00,7.453,7.453,7.453,7.453,1
2007-11-07 03:06:00,7.453,7.453,7.449,7.449,2
2007-11-07 03:17:00,7.45,7.45,7.45,7.45,1
2007-11-07 03:43:00,7.444,7.444,7.444,7.444,1
2007-11-07 04:00:00,7.44,7.44,7.44,7.44,1
2007-11-07 04:01:00,7.475,7.475,7.454,7.454,6
2007-11-07 04:12:00,7.491,7.491,7.478,7.478,2
2007-11-07 05:01:00,7.483,7.483,7.483,7.483,1
2007-11-07 05:25:00,7.471,7.488,7.471,7.488,2
2007-11-07 05:59:00,7.473,7.473,7.473,7.473,1
2007-11-07 06:10:00,7.494,7.494,7.494,7.494,1
2007-11-07 06:16:00,7.466,7.466,7.466,7.466,1
2007-11-07 07:21:00,7.485,7.485,7.485,7.485,1
2007-11-07 07:29:00,7.494,7.494,7.494,7.494,1
2007-11-07 07:57:00,7.487,7.487,7.487,7.487,1
2007-11-07 08:02:00,7.481,7.481,7.481,7.481,1
2007-11-07 08:03:00,7.462,7.465,7.462,7.465,2
2007-11-07 08:05:00,7.467,7.484,7.467,7.479,3
2007-11-07 08:09:00,7.487,7.487,7.487,7.487,1
2007-11-07 08:15:00,7.47,7.47,7.47,7.47,1
2007-11-07 08:16:00,7.477,7.477,7.477,7.477,1
2007-11-07 08:25:00,7.487,7.487,7.487,7.487,1
2007-11-07 08:26:00,7.492,7.492,7.492,7.492,1
2007-11-07 08:29:00,7.486,7.486,7.486,7.486,1
2007-11-07 08:33:00,7.482,7.482,7.482,7.482,1
2007-11-07 08:34:00,7.477,7.479,7.477,7.479,2
2007-11-07 08:36:00,7.486,7.486,7.485,7.485,2
2007-11-07 08:37:00,7.488,7.488,7.477,7.477,2
2007-11-07 08:38:00,7.477,7.486,7.477,7.486,2
2007-11-07 08:41:00,7.488,7.492,7.488,7.492,2
2007-11-07 08:43:00,7.471,7.483,7.471,7.483,2
2007-11-07 08:47:00,7.477,7.477,7.477,7.477,1
2007-11-07 08:48:00,7.475,7.475,7.475,7.475,1
2007-11-07 08:53:00,7.488,7.488,7.488,7.488,1
2007-11-07 08:55:00,7.479,7.479,7.479,7.479,1
2007-11-07 08:57:00,7.473,7.473,7.473,7.473,1
2007-11-07 09:00:00,7.488,7.488,7.485,7.485,2
2007-11-07 09:09:00,7.492,7.492,7.492,7.492,1
2007-11-07 09:21:00,7.48,7.48,7.48,7.48,1
2007-11-07 09:25:00,7.493,7.493,7.493,7.493,1
2007-11-07 09:33:00,7.497,7.497,7.497,7.497,1
2007-11-07 09:37:00,7.478,7.484,7.478,7.484,2
2007-11-07 09:39:00,7.476,7.476,7.476,7.476,1
2007-11-07 09:41:00,7.469,7.469,7.469,7.469,1
2007-11-07 09:53:00,7.47,7.493,7.47,7.493,4
2007-11-07 10:02:00,7.467,7.474,7.467,7.474,3
2007-11-07 10:14:00,7.47,7.474,7.47,7.474,2
2007-11-07 10:15:00,7.461,7.461,7.461,7.461,1
2007-11-07 10:18:00,7.45,7.45,7.45,7.45,1
2007-11-07 10:21:00,7.447,7.447,7.447,7.447,1
2007-11-07 10:31:00,7.449,7.449,7.449,7.449,1
2007-11-07 10:38:00,7.455,7.455,7.455,7.455,1
2007-11-07 10:41:00,7.446,7.446,7.446,7.446,1
2007-11-07 10:46:00,7.441,7.441,7.441,7.441,1
2007-11-07 10:47:00,7.438,7.438,7.438,7.438,1
2007-11-07 10:53:00,7.434,7.434,7.434,7.434,1
2007-11-07 10:54:00,7.432,7.432,7.432,7.432,1
2007-11-07 10:55:00,7.424,7.432,7.424,7.429,3
2007-11-07 10:56:00,7.424,7.439,7.424,7.439,2
2007-11-07 10:57:00,7.414,7.418,7.414,7.418,3
2007-11-07 11:03:00,7.436,7.436,7.436,7.436,1
2007-11-07 11:05:00,7.421,7.421,7.421,7.421,1
2007-11-07 11:16:00,7.419,7.437,7.419,7.437,2
2007-11-07 11:23:00,7.416,7.416,7.416,7.416,1
2007-11-07 11:24:00,7.415,7.432,7.415,7.432,2
2007-11-07 11:25:00,7.431,7.431,7.431,7.431,1
2007-11-07 11:26:00,7.415,7.423,7.415,7.423,2
2007-11-07 11:30:00,7.427,7.427,7.427,7.427,1
2007-11-07 11:31:00,7.414,7.414,7.414,7.414,1
2007-11-07 11:35:00,7.427,7.427,7.427,7.427,1
2007-11-07 11:36:00,7.414,7.414,7.414,7.414,1
2007-11-07 11:37:00,7.409,7.411,7.409,7.411,2
2007-11-07 11:39:00,7.414,7.414,7.414,7.414,1
2007-11-07 11:43:00,7.409,7.409,7.409,7.409,1
2007-11-07 11:47:00,7.394,7.406,7.394,7.406,5
2007-11-07 11:49:00,7.39,7.39,7.39,7.39,1
2007-11-07 11:50:00,7.381,7.386,7.381,7.386,2
2007-11-07 11:51:00,7.381,7.381,7.379,7.379,2
2007-11-07 11:52:00,7.378,7.378,7.378,7.378,1
2007-11-07 11:53:00,7.36,7.375,7.355,7.375,9
2007-11-07 11:56:00,7.376,7.376,7.376,7.376,1
2007-11-07 11:59:00,7.362,7.362,7.353,7.358,4
2007-11-07 12:05:00,7.376,7.376,7.367,7.367,2
2007-11-07 12:09:00,7.377,7.377,7.377,7.377,1
2007-11-07 12:11:00,7.393,7.393,7.374,7.374,4
2007-11-07 12:12:00,7.395,7.395,7.395,7.395,1
2007-11-07 12:13:00,7.402,7.413,7.402,7.413,2
2007-11-07 12:18:00,7.407,7.407,7.407,7.407,1
2007-11-07 12:20:00,7.398,7.4,7.398,7.4,2
2007-11-07 12:21:00,7.4,7.4,7.4,7.4,1
2007-11-07 12:22:00,7.396,7.412,7.396,7.398,5
2007-11-07 12:26:00,7.405,7.405,7.405,7.405,1
2007-11-07 12:27:00,7.411,7.415,7.406,7.411,6
2007-11-07 12:28:00,7.402,7.409,7.402,7.406,4
2007-11-07 12:29:00,7.41,7.413,7.405,7.405,3
2007-11-07 12:34:00,7.404,7.406,7.404,7.406,2
2007-11-07 12:36:00,7.401,7.401,7.401,7.401,1
2007-11-07 12:37:00,7.405,7.405,7.403,7.403,2
2007-11-07 12:39:00,7.409,7.409,7.407,7.407,2
2007-11-07 12:42:00,7.405,7.405,7.405,7.405,1
2007-11-07 12:43:00,7.41,7.41,7.41,7.41,1
2007-11-07 12:44:00,7.396,7.405,7.396,7.402,6
2007-11-07 12:45:00,7.401,7.401,7.401,7.401,1
2007-11-07 12:48:00,7.396,7.405,7.396,7.405,5
2007-11-07 12:49:00,7.405,7.405,7.401,7.401,3
2007-11-07 12:50:00,7.405,7.405,7.404,7.404,2
2007-11-07 12:51:00,7.406,7.411,7.406,7.409,3
2007-11-07 12:52:00,7.419,7.419,7.413,7.413,3
2007-11-07 12:53:00,7.42,7.423,7.42,7.422,3
2007-11-07 12:54:00,7.438,7.44,7.424,7.424,6
2007-11-07 12:55:00,7.429,7.438,7.429,7.437,5
2007-11-07 12:56:00,7.434,7.434,7.434,7.434,1
2007-11-07 12:59:00,7.457,7.461,7.451,7.452,8
2007-11-07 13:00:00,7.453,7.46,7.453,7.453,4
2007-11-07 13:01:00,7.449,7.455,7.449,7.455,4
2007-11-07 13:02:00,7.45,7.45,7.447,7.447,2
2007-11-07 13:03:00,7.443,7.455,7.443,7.455,3
2007-11-07 13:04:00,7.441,7.441,7.441,7.441,1
2007-11-07 13:05:00,7.434,7.439,7.434,7.439,3
2007-11-07 13:06:00,7.43,7.439,7.428,7.439,8
2007-11-07 13:07:00,7.438,7.438,7.438,7.438,1
2007-11-07 13:08:00,7.437,7.441,7.429,7.431,5
2007-11-07 13:09:00,7.433,7.433,7.43,7.43,2
2007-11-07 13:10:00,7.431,7.431,7.431,7.431,1
2007-11-07 13:11:00,7.433,7.433,7.429,7.429,2
2007-11-07 13:13:00,7.429,7.429,7.429,7.429,1
2007-11-07 13:14:00,7.432,7.433,7.429,7.433,3
2007-11-07 13:15:00,7.429,7.43,7.426,7.43,4
2007-11-07 13:16:00,7.434,7.434,7.434,7.434,1
2007-11-07 13:17:00,7.444,7.444,7.436,7.436,3
2007-11-07 13:18:00,7.458,7.458,7.445,7.445,6
2007-11-07 13:19:00,7.453,7.453,7.453,7.453,1
2007-11-07 13:20:00,7.458,7.458,7.455,7.455,2
2007-11-07 13:21:00,7.469,7.469,7.46,7.46,3
2007-11-07 13:22:00,7.477,7.477,7.472,7.472,4
2007-11-07 13:23:00,7.465,7.48,7.465,7.48,6
2007-11-07 13:24:00,7.47,7.472,7.467,7.47,4
2007-11-07 13:25:00,7.45,7.47,7.45,7.464,15
2007-11-07 13:26:00,7.462,7.462,7.46,7.46,2
2007-11-07 13:27:00,7.462,7.465,7.462,7.465,2
2007-11-07 13:28:00,7.453,7.459,7.446,7.459,9
2007-11-07 13:29:00,7.458,7.458,7.458,7.458,1
2007-11-07 13:30:00,7.454,7.454,7.454,7.454,1
2007-11-07 13:31:00,7.444,7.452,7.444,7.452,5
2007-11-07 13:32:00,7.449,7.452,7.447,7.45,4
2007-11-07 13:33:00,7.446,7.446,7.446,7.446,1
2007-11-07 13:34:00,7.437,7.444,7.437,7.441,6
2007-11-07 13:35:00,7.431,7.437,7.428,7.434,9
2007-11-07 13:37:00,7.416,7.426,7.416,7.426,4
2007-11-07 13:38:00,7.416,7.418,7.416,7.418,2
2007-11-07 13:39:00,7.422,7.422,7.417,7.421,3
2007-11-07 13:40:00,7.417,7.424,7.406,7.419,10
2007-11-07 13:41:00,7.402,7.406,7.393,7.406,13
2007-11-07 13:42:00,7.4,7.4,7.4,7.4,1
2007-11-07 13:43:00,7.413,7.413,7.397,7.397,7
2007-11-07 13:44:00,7.411,7.416,7.407,7.411,8
2007-11-07 13:45:00,7.42,7.425,7.413,7.413,12
2007-11-07 13:46:00,7.412,7.416,7.412,7.416,4
2007-11-07 13:47:00,7.421,7.421,7.415,7.415,6
2007-11-07 13:48:00,7.416,7.423,7.414,7.423,8
2007-11-07 13:49:00,7.402,7.414,7.402,7.414,8
2007-11-07 13:50:00,7.407,7.407,7.405,7.405,2
2007-11-07 13:51:00,7.397,7.405,7.397,7.405,4
2007-11-07 13:52:00,7.397,7.397,7.392,7.394,6
2007-11-07 13:53:00,7.385,7.394,7.378,7.394,15
2007-11-07 13:54:00,7.375,7.383,7.373,7.383,11
2007-11-07 13:55:00,7.38,7.388,7.38,7.384,10
2007-11-07 13:56:00,7.38,7.38,7.372,7.378,4
2007-11-07 13:57:00,7.387,7.387,7.38,7.383,5
2007-11-07 13:58:00,7.39,7.399,7.39,7.392,7
2007-11-07 13:59:00,7.386,7.388,7.383,7.388,4
2007-11-07 14:00:00,7.361,7.39,7.361,7.384,45
2007-11-07 14:01:00,7.385,7.387,7.359,7.364,30
2007-11-07 14:02:00,7.389,7.389,7.382,7.388,12
2007-11-07 14:03:00,7.392,7.407,7.391,7.391,26
2007-11-07 14:04:00,7.386,7.398,7.386,7.395,12
2007-11-07 14:05:00,7.396,7.396,7.384,7.384,9
2007-11-07 14:06:00,7.393,7.4,7.392,7.398,9
2007-11-07 14:07:00,7.385,7.392,7.377,7.392,21
2007-11-07 14:08:00,7.389,7.393,7.385,7.387,13
2007-11-07 14:09:00,7.395,7.397,7.391,7.391,10
2007-11-07 14:10:00,7.386,7.392,7.386,7.392,5
2007-11-07 14:11:00,7.381,7.384,7.377,7.384,9
2007-11-07 14:12:00,7.375,7.383,7.375,7.383,5
2007-11-07 14:13:00,7.378,7.389,7.373,7.378,19
2007-11-07 14:14:00,7.387,7.389,7.38,7.38,5
2007-11-07 14:15:00,7.362,7.385,7.361,7.385,28
2007-11-07 14:16:00,7.362,7.369,7.362,7.364,17
2007-11-07 14:17:00,7.364,7.366,7.35,7.36,53
2007-11-07 14:18:00,7.366,7.368,7.363,7.366,11
2007-11-07 14:19:00,7.352,7.369,7.351,7.369,33
2007-11-07 14:20:00,7.352,7.356,7.341,7.356,38
2007-11-07 14:21:00,7.359,7.361,7.346,7.354,17
2007-11-07 14:22:00,7.351,7.36,7.35,7.357,17
2007-11-07 14:23:00,7.37,7.371,7.353,7.353,18
2007-11-07 14:24:00,7.365,7.369,7.364,7.368,9
2007-11-07 14:25:00,7.36,7.364,7.359,7.364,5
2007-11-07 14:26:00,7.35,7.369,7.35,7.363,14
2007-11-07 14:27:00,7.361,7.365,7.352,7.352,10
2007-11-07 14:28:00,7.358,7.36,7.357,7.359,6
2007-11-07 14:29:00,7.352,7.358,7.35,7.356,8
2007-11-07 14:30:00,7.364,7.364,7.35,7.354,9
2007-11-07 14:31:00,7.381,7.383,7.361,7.361,26
2007-11-07 14:32:00,7.371,7.378,7.368,7.378,13
2007-11-07 14:33:00,7.374,7.374,7.368,7.368,6
2007-11-07 14:34:00,7.371,7.374,7.368,7.371,9
2007-11-07 14:35:00,7.364,7.372,7.364,7.369,12
2007-11-07 14:36:00,7.357,7.367,7.356,7.366,23
2007-11-07 14:37:00,7.341,7.355,7.334,7.355,54
2007-11-07 14:38:00,7.333,7.341,7.332,7.338,30
2007-11-07 14:39:00,7.341,7.341,7.335,7.335,10
2007-11-07 14:40:00,7.341,7.342,7.337,7.339,8
2007-11-07 14:41:00,7.342,7.343,7.337,7.343,8
2007-11-07 14:42:00,7.331,7.34,7.327,7.34,32
2007-11-07 14:43:00,7.326,7.334,7.318,7.334,39
2007-11-07 14:44:00,7.321,7.328,7.318,7.328,12
2007-11-07 14:45:00,7.318,7.322,7.315,7.322,17
2007-11-07 14:46:00,7.322,7.322,7.307,7.316,25
2007-11-07 14:47:00,7.31,7.321,7.308,7.318,32
2007-11-07 14:48:00,7.309,7.319,7.309,7.312,24
2007-11-07 14:49:00,7.292,7.31,7.286,7.307,52
2007-11-07 14:50:00,7.291,7.291,7.275,7.289,60
2007-11-07 14:51:00,7.293,7.293,7.284,7.285,51
2007-11-07 14:52:00,7.291,7.294,7.282,7.291,25
2007-11-07 14:53:00,7.285,7.294,7.283,7.292,14
2007-11-07 14:54:00,7.287,7.289,7.28,7.283,17
2007-11-07 14:55:00,7.291,7.296,7.289,7.289,16
2007-11-07 14:56:00,7.292,7.293,7.285,7.292,18
2007-11-07 14:57:00,7.297,7.299,7.293,7.293,5
2007-11-07 14:58:00,7.304,7.304,7.299,7.299,13
2007-11-07 14:59:00,7.289,7.304,7.286,7.302,20
2007-11-07 15:00:00,7.288,7.29,7.281,7.285,19
2007-11-07 15:01:00,7.29,7.293,7.285,7.286,17
2007-11-07 15:02:00,7.298,7.303,7.294,7.294,10
2007-11-07 15:03:00,7.294,7.306,7.294,7.296,19
2007-11-07 15:04:00,7.288,7.296,7.287,7.296,16
2007-11-07 15:05:00,7.293,7.293,7.284,7.286,25
2007-11-07 15:06:00,7.297,7.299,7.285,7.291,15
2007-11-07 15:07:00,7.303,7.304,7.295,7.295,14
2007-11-07 15:08:00,7.302,7.304,7.3,7.3,4
2007-11-07 15:09:00,7.308,7.309,7.301,7.304,10
2007-11-07 15:10:00,7.312,7.323,7.31,7.31,35
2007-11-07 15:11:00,7.326,7.326,7.313,7.316,19
2007-11-07 15:12:00,7.316,7.33,7.314,7.324,27
2007-11-07 15:13:00,7.313,7.318,7.312,7.314,16
2007-11-07 15:14:00,7.314,7.314,7.308,7.311,8
2007-11-07 15:15:00,7.313,7.317,7.312,7.313,7
2007-11-07 15:16:00,7.316,7.321,7.314,7.314,22
2007-11-07 15:17:00,7.318,7.321,7.316,7.318,12
2007-11-07 15:18:00,7.315,7.317,7.314,7.316,4
2007-11-07 15:19:00,7.313,7.317,7.313,7.317,8
2007-11-07 15:20:00,7.309,7.311,7.309,7.311,2
2007-11-07 15:21:00,7.308,7.308,7.301,7.307,16
2007-11-07 15:22:00,7.31,7.31,7.305,7.306,11
2007-11-07 15:23:00,7.312,7.312,7.304,7.308,13
2007-11-07 15:24:00,7.309,7.31,7.306,7.31,4
2007-11-07 15:25:00,7.308,7.314,7.306,7.306,9
2007-11-07 15:26:00,7.309,7.313,7.306,7.31,14
2007-11-07 15:27:00,7.314,7.317,7.306,7.311,15
2007-11-07 15:28:00,7.318,7.322,7.315,7.316,11
2007-11-07 15:29:00,7.284,7.318,7.278,7.316,73
2007-11-07 15:30:00,7.335,7.337,7.287,7.287,48
2007-11-07 15:31:00,7.319,7.355,7.314,7.333,86
2007-11-07 15:32:00,7.32,7.328,7.312,7.317,40
2007-11-07 15:33:00,7.344,7.344,7.322,7.322,29
2007-11-07 15:34:00,7.306,7.348,7.306,7.346,36
2007-11-07 15:35:00,7.314,7.323,7.292,7.304,52
2007-11-07 15:36:00,7.304,7.314,7.304,7.312,11
2007-11-07 15:37:00,7.283,7.306,7.283,7.306,29
2007-11-07 15:38:00,7.286,7.294,7.269,7.281,71
2007-11-07 15:39:00,7.287,7.29,7.286,7.289,13
2007-11-07 15:40:00,7.266,7.288,7.263,7.288,38
2007-11-07 15:41:00,7.27,7.272,7.262,7.264,16
2007-11-07 15:42:00,7.286,7.286,7.271,7.271,15
2007-11-07 15:43:00,7.26,7.288,7.26,7.284,25
2007-11-07 15:44:00,7.252,7.27,7.252,7.262,51
2007-11-07 15:45:00,7.241,7.258,7.241,7.254,26
2007-11-07 15:46:00,7.24,7.256,7.239,7.239,48
2007-11-07 15:47:00,7.229,7.243,7.226,7.239,40
2007-11-07 15:48:00,7.239,7.239,7.227,7.231,26
2007-11-07 15:49:00,7.237,7.241,7.237,7.241,21
2007-11-07 15:50:00,7.234,7.237,7.227,7.235,14
2007-11-07 15:51:00,7.241,7.252,7.231,7.232,43
2007-11-07 15:52:00,7.244,7.249,7.235,7.239,49
2007-11-07 15:53:00,7.256,7.26,7.246,7.246,23
2007-11-07 15:54:00,7.245,7.259,7.239,7.258,34
2007-11-07 15:55:00,7.248,7.248,7.238,7.248,37
2007-11-07 15:56:00,7.243,7.252,7.232,7.25,38
2007-11-07 15:57:00,7.236,7.243,7.236,7.24,14
2007-11-07 15:58:00,7.23,7.24,7.223,7.234,50
2007-11-07 15:59:00,7.225,7.238,7.222,7.228,39
2007-11-07 16:00:00,7.228,7.235,7.218,7.227,42
2007-11-07 16:01:00,7.235,7.236,7.227,7.23,32
2007-11-07 16:02:00,7.244,7.247,7.234,7.237,20
2007-11-07 16:03:00,7.257,7.264,7.245,7.247,33
2007-11-07 16:04:00,7.257,7.261,7.253,7.26,20
2007-11-07 16:05:00,7.267,7.269,7.259,7.259,23
2007-11-07 16:06:00,7.266,7.275,7.263,7.271,31
2007-11-07 16:07:00,7.27,7.274,7.261,7.268,23
2007-11-07 16:08:00,7.256,7.269,7.256,7.267,22
2007-11-07 16:09:00,7.246,7.258,7.244,7.258,25
2007-11-07 16:10:00,7.249,7.249,7.244,7.245,18
2007-11-07 16:11:00,7.244,7.262,7.244,7.247,23
2007-11-07 16:12:00,7.259,7.261,7.246,7.246,24
2007-11-07 16:13:00,7.236,7.258,7.236,7.256,27
2007-11-07 16:14:00,7.253,7.26,7.237,7.239,33
2007-11-07 16:15:00,7.255,7.259,7.246,7.251,23
2007-11-07 16:16:00,7.25,7.253,7.25,7.253,8
2007-11-07 16:17:00,7.248,7.252,7.242,7.252,17
2007-11-07 16:18:00,7.244,7.248,7.241,7.246,22
2007-11-07 16:19:00,7.238,7.246,7.235,7.246,16
2007-11-07 16:20:00,7.233,7.244,7.23,7.241,20
2007-11-07 16:21:00,7.242,7.246,7.235,7.235,15
2007-11-07 16:22:00,7.249,7.253,7.236,7.24,19
2007-11-07 16:23:00,7.266,7.267,7.243,7.253,50
2007-11-07 16:24:00,7.269,7.274,7.26,7.264,29
2007-11-07 16:25:00,7.262,7.271,7.262,7.267,23
2007-11-07 16:26:00,7.259,7.259,7.253,7.259,15
2007-11-07 16:27:00,7.264,7.266,7.255,7.255,14
2007-11-07 16:28:00,7.257,7.268,7.253,7.267,18
2007-11-07 16:29:00,7.253,7.258,7.251,7.254,17
2007-11-07 16:30:00,7.254,7.261,7.249,7.251,17
2007-11-07 16:31:00,7.257,7.26,7.253,7.258,11
2007-11-07 16:32:00,7.253,7.256,7.247,7.253,13
2007-11-07 16:33:00,7.26,7.264,7.251,7.251,23
2007-11-07 16:34:00,7.254,7.267,7.254,7.257,30
2007-11-07 16:35:00,7.249,7.262,7.241,7.258,37
2007-11-07 16:36:00,7.237,7.251,7.234,7.251,25
2007-11-07 16:37:00,7.245,7.253,7.234,7.239,30
2007-11-07 16:38:00,7.246,7.253,7.244,7.247,22
2007-11-07 16:39:00,7.242,7.253,7.241,7.248,18
2007-11-07 16:40:00,7.237,7.243,7.232,7.24,20
2007-11-07 16:41:00,7.243,7.247,7.238,7.238,11
2007-11-07 16:42:00,7.245,7.249,7.245,7.245,8
2007-11-07 16:43:00,7.244,7.251,7.244,7.247,12
2007-11-07 16:44:00,7.239,7.245,7.236,7.242,20
2007-11-07 16:45:00,7.235,7.241,7.233,7.241,6
2007-11-07 16:46:00,7.239,7.257,7.237,7.237,35
2007-11-07 16:47:00,7.253,7.256,7.241,7.241,21
2007-11-07 16:48:00,7.25,7.255,7.25,7.251,9
2007-11-07 16:49:00,7.247,7.253,7.246,7.252,16
2007-11-07 16:50:00,7.244,7.249,7.241,7.249,14
2007-11-07 16:51:00,7.244,7.244,7.239,7.242,6
2007-11-07 16:52:00,7.242,7.244,7.24,7.24,3
2007-11-07 16:53:00,7.244,7.244,7.244,7.244,1
2007-11-07 16:54:00,7.243,7.244,7.241,7.242,5
2007-11-07 16:55:00,7.244,7.245,7.242,7.245,5
2007-11-07 16:56:00,7.234,7.242,7.231,7.242,24
2007-11-07 16:57:00,7.236,7.238,7.231,7.236,15
2007-11-07 16:58:00,7.243,7.245,7.233,7.233,18
2007-11-07 16:59:00,7.243,7.243,7.24,7.242,6
2007-11-07 17:00:00,7.233,7.242,7.228,7.24,28
2007-11-07 17:01:00,7.232,7.234,7.226,7.23,27
2007-11-07 17:02:00,7.231,7.233,7.228,7.23,10
2007-11-07 17:03:00,7.231,7.231,7.223,7.228,25
2007-11-07 17:04:00,7.239,7.243,7.233,7.233,16
2007-11-07 17:05:00,7.241,7.246,7.235,7.241,19
2007-11-07 17:06:00,7.244,7.244,7.239,7.239,6
2007-11-07 17:07:00,7.239,7.244,7.239,7.243,5
2007-11-07 17:08:00,7.244,7.245,7.239,7.242,6
2007-11-07 17:09:00,7.244,7.247,7.24,7.245,11
2007-11-07 17:10:00,7.244,7.245,7.242,7.245,4
2007-11-07 17:11:00,7.236,7.245,7.234,7.245,9
2007-11-07 17:12:00,7.232,7.24,7.232,7.238,9
2007-11-07 17:13:00,7.235,7.235,7.23,7.23,6
2007-11-07 17:14:00,7.233,7.237,7.232,7.232,11
2007-11-07 17:15:00,7.237,7.237,7.235,7.235,2
2007-11-07 17:16:00,7.239,7.243,7.235,7.239,7
2007-11-07 17:17:00,7.236,7.241,7.236,7.241,5
2007-11-07 17:18:00,7.231,7.236,7.231,7.234,7
2007-11-07 17:19:00,7.233,7.235,7.233,7.233,3
2007-11-07 17:20:00,7.221,7.232,7.221,7.231,15
2007-11-07 17:21:00,7.197,7.226,7.197,7.223,46
2007-11-07 17:22:00,7.202,7.206,7.195,7.195,31
2007-11-07 17:23:00,7.191,7.205,7.191,7.205,16
2007-11-07 17:24:00,7.187,7.19,7.177,7.189,30
2007-11-07 17:25:00,7.192,7.194,7.186,7.189,16
2007-11-07 17:26:00,7.194,7.198,7.19,7.19,13
2007-11-07 17:27:00,7.194,7.194,7.188,7.192,8
2007-11-07 17:28:00,7.193,7.196,7.189,7.192,14
2007-11-07 17:29:00,7.196,7.196,7.19,7.19,5
2007-11-07 17:30:00,7.195,7.197,7.191,7.194,17
2007-11-07 17:31:00,7.193,7.197,7.191,7.197,12
2007-11-07 17:32:00,7.194,7.195,7.191,7.195,8
2007-11-07 17:33:00,7.193,7.196,7.191,7.196,4
2007-11-07 17:34:00,7.176,7.191,7.174,7.191,34
2007-11-07 17:35:00,7.172,7.179,7.167,7.179,31
2007-11-07 17:36:00,7.184,7.184,7.171,7.174,16
2007-11-07 17:37:00,7.189,7.189,7.182,7.182,7
2007-11-07 17:38:00,7.186,7.189,7.181,7.187,19
2007-11-07 17:39:00,7.181,7.188,7.18,7.188,18
2007-11-07 17:40:00,7.172,7.183,7.166,7.183,44
2007-11-07 17:41:00,7.172,7.172,7.161,7.171,28
2007-11-07 17:42:00,7.164,7.174,7.164,7.174,22
2007-11-07 17:43:00,7.168,7.174,7.165,7.166,20
2007-11-07 17:44:00,7.169,7.173,7.166,7.17,13
2007-11-07 17:45:00,7.163,7.169,7.157,7.167,16
2007-11-07 17:46:00,7.169,7.173,7.16,7.165,14
2007-11-07 17:47:00,7.152,7.167,7.152,7.167,18
2007-11-07 17:48:00,7.149,7.157,7.14,7.154,70
2007-11-07 17:49:00,7.159,7.161,7.146,7.147,39
2007-11-07 17:50:00,7.147,7.158,7.144,7.158,26
2007-11-07 17:51:00,7.146,7.153,7.146,7.149,20
2007-11-07 17:52:00,7.152,7.156,7.144,7.144,21
2007-11-07 17:53:00,7.139,7.15,7.131,7.15,41
2007-11-07 17:54:00,7.127,7.137,7.124,7.137,34
2007-11-07 17:55:00,7.135,7.135,7.124,7.129,31
2007-11-07 17:56:00,7.132,7.139,7.128,7.137,12
2007-11-07 17:57:00,7.128,7.134,7.128,7.134,11
2007-11-07 17:58:00,7.124,7.135,7.124,7.13,21
2007-11-07 17:59:00,7.134,7.134,7.126,7.126,16
2007-11-07 18:00:00,7.141,7.143,7.128,7.136,28
2007-11-07 18:01:00,7.142,7.142,7.135,7.139,25
2007-11-07 18:02:00,7.146,7.15,7.139,7.14,20
2007-11-07 18:03:00,7.141,7.148,7.139,7.145,16
2007-11-07 18:04:00,7.14,7.144,7.139,7.139,7
2007-11-07 18:05:00,7.147,7.147,7.134,7.138,12
2007-11-07 18:06:00,7.141,7.147,7.138,7.146,14
2007-11-07 18:07:00,7.145,7.146,7.139,7.143,7
2007-11-07 18:08:00,7.147,7.147,7.143,7.143,3
2007-11-07 18:09:00,7.145,7.15,7.145,7.146,8
2007-11-07 18:10:00,7.147,7.147,7.141,7.143,7
2007-11-07 18:11:00,7.148,7.152,7.141,7.145,21
2007-11-07 18:12:00,7.147,7.147,7.142,7.147,8
2007-11-07 18:13:00,7.138,7.146,7.138,7.146,5
2007-11-07 18:14:00,7.139,7.143,7.139,7.141,9
2007-11-07 18:15:00,7.141,7.146,7.136,7.142,18
2007-11-07 18:16:00,7.14,7.145,7.14,7.143,4
2007-11-07 18:17:00,7.133,7.142,7.133,7.138,15
2007-11-07 18:18:00,7.133,7.136,7.129,7.136,11
2007-11-07 18:19:00,7.132,7.136,7.131,7.135,8
2007-11-07 18:20:00,7.133,7.137,7.133,7.134,12
2007-11-07 18:21:00,7.121,7.132,7.121,7.132,21
2007-11-07 18:22:00,7.13,7.13,7.114,7.119,24
2007-11-07 18:23:00,7.129,7.135,7.126,7.128,16
2007-11-07 18:24:00,7.131,7.131,7.125,7.131,9
2007-11-07 18:25:00,7.139,7.142,7.133,7.133,11
2007-11-07 18:26:00,7.135,7.141,7.131,7.141,10
2007-11-07 18:27:00,7.132,7.137,7.129,7.137,17
2007-11-07 18:28:00,7.135,7.138,7.128,7.128,8
2007-11-07 18:29:00,7.133,7.136,7.133,7.136,5
2007-11-07 18:30:00,7.137,7.137,7.131,7.135,16
2007-11-07 18:31:00,7.137,7.137,7.134,7.135,9
2007-11-07 18:32:00,7.141,7.144,7.137,7.139,6
2007-11-07 18:33:00,7.139,7.139,7.139,7.139,1
2007-11-07 18:34:00,7.14,7.14,7.134,7.137,6
2007-11-07 18:35:00,7.139,7.139,7.136,7.138,6
2007-11-07 18:36:00,7.133,7.137,7.128,7.137,21
2007-11-07 18:37:00,7.135,7.135,7.131,7.135,5
2007-11-07 18:38:00,7.136,7.138,7.134,7.137,13
2007-11-07 18:39:00,7.132,7.138,7.126,7.138,15
2007-11-07 18:40:00,7.128,7.133,7.125,7.13,13
2007-11-07 18:41:00,7.13,7.134,7.127,7.131,10
2007-11-07 18:42:00,7.13,7.132,7.127,7.132,8
2007-11-07 18:43:00,7.131,7.133,7.13,7.133,4
2007-11-07 18:44:00,7.13,7.136,7.126,7.129,11
2007-11-07 18:45:00,7.127,7.138,7.127,7.132,21
2007-11-07 18:46:00,7.126,7.132,7.123,7.129,23
2007-11-07 18:47:00,7.125,7.13,7.125,7.128,13
2007-11-07 18:48:00,7.131,7.131,7.119,7.123,21
2007-11-07 18:49:00,7.126,7.133,7.126,7.133,4
2007-11-07 18:50:00,7.126,7.128,7.124,7.128,6
2007-11-07 18:51:00,7.123,7.124,7.121,7.124,3
2007-11-07 18:52:00,7.115,7.124,7.106,7.124,21
2007-11-07 18:53:00,7.126,7.126,7.117,7.117,14
2007-11-07 18:54:00,7.127,7.138,7.127,7.128,7
2007-11-07 18:55:00,7.127,7.129,7.119,7.125,16
2007-11-07 18:56:00,7.134,7.136,7.124,7.125,14
2007-11-07 18:57:00,7.126,7.132,7.126,7.132,4
2007-11-07 18:58:00,7.126,7.128,7.125,7.128,10
2007-11-07 18:59:00,7.138,7.14,7.126,7.129,15
2007-11-07 19:00:00,7.138,7.138,7.134,7.136,6
2007-11-07 19:01:00,7.132,7.136,7.13,7.136,5
2007-11-07 19:02:00,7.136,7.136,7.134,7.134,4
2007-11-07 19:03:00,7.139,7.139,7.133,7.138,5
2007-11-07 19:04:00,7.167,7.169,7.141,7.141,38
2007-11-07 19:05:00,7.173,7.179,7.164,7.169,46
2007-11-07 19:06:00,7.166,7.176,7.162,7.176,22
2007-11-07 19:07:00,7.156,7.166,7.149,7.164,22
2007-11-07 19:08:00,7.163,7.163,7.152,7.154,26
2007-11-07 19:09:00,7.166,7.171,7.165,7.165,19
2007-11-07 19:10:00,7.161,7.169,7.161,7.169,14
2007-11-07 19:11:00,7.159,7.164,7.159,7.163,8
2007-11-07 19:12:00,7.152,7.157,7.149,7.157,18
2007-11-07 19:13:00,7.179,7.18,7.154,7.154,30
2007-11-07 19:14:00,7.184,7.184,7.17,7.178,31
2007-11-07 19:15:00,7.184,7.186,7.179,7.186,18
2007-11-07 19:16:00,7.19,7.191,7.184,7.186,12
2007-11-07 19:17:00,7.187,7.19,7.185,7.188,10
2007-11-07 19:18:00,7.178,7.185,7.173,7.185,17
2007-11-07 19:19:00,7.173,7.18,7.171,7.18,15
2007-11-07 19:20:00,7.179,7.179,7.167,7.176,15
2007-11-07 19:21:00,7.181,7.182,7.171,7.18,27
2007-11-07 19:22:00,7.181,7.183,7.18,7.183,6
2007-11-07 19:23:00,7.177,7.181,7.177,7.18,3
2007-11-07 19:24:00,7.173,7.175,7.173,7.175,2
2007-11-07 19:25:00,7.169,7.171,7.169,7.171,6
2007-11-07 19:26:00,7.174,7.174,7.169,7.171,4
2007-11-07 19:27:00,7.172,7.174,7.17,7.172,13
2007-11-07 19:28:00,7.181,7.181,7.175,7.175,13
2007-11-07 19:29:00,7.18,7.185,7.179,7.179,20
2007-11-07 19:30:00,7.176,7.178,7.174,7.178,6
2007-11-07 19:31:00,7.173,7.181,7.173,7.179,7
2007-11-07 19:32:00,7.178,7.178,7.176,7.176,2
2007-11-07 19:33:00,7.181,7.183,7.176,7.176,9
2007-11-07 19:34:00,7.181,7.181,7.178,7.178,2
2007-11-07 19:35:00,7.184,7.185,7.183,7.183,7
2007-11-07 19:36:00,7.182,7.182,7.182,7.182,1
2007-11-07 19:37:00,7.187,7.187,7.185,7.185,2
2007-11-07 19:38:00,7.19,7.193,7.187,7.189,7
2007-11-07 19:40:00,7.191,7.193,7.191,7.193,2
2007-11-07 19:41:00,7.192,7.192,7.189,7.189,4
2007-11-07 19:42:00,7.19,7.19,7.19,7.19,1
2007-11-07 19:43:00,7.187,7.187,7.185,7.187,3
2007-11-07 19:44:00,7.189,7.189,7.189,7.189,1
2007-11-07 19:45:00,7.193,7.193,7.191,7.191,2
2007-11-07 19:46:00,7.191,7.191,7.191,7.191,1
2007-11-07 19:48:00,7.187,7.189,7.187,7.189,2
2007-11-07 19:51:00,7.179,7.183,7.179,7.183,3
2007-11-07 19:52:00,7.176,7.176,7.176,7.176,1
2007-11-07 19:54:00,7.172,7.18,7.172,7.18,3
2007-11-07 19:55:00,7.167,7.171,7.167,7.171,3
2007-11-07 19:56:00,7.172,7.172,7.172,7.172,1
2007-11-07 19:57:00,7.182,7.182,7.172,7.175,3
2007-11-07 19:58:00,7.179,7.179,7.176,7.176,2
2007-11-07 19:59:00,7.181,7.181,7.181,7.181,1
2007-11-07 20:00:00,7.179,7.179,7.179,7.179,1
2007-11-07 20:01:00,7.181,7.181,7.181,7.181,1
2007-11-07 20:02:00,7.186,7.186,7.183,7.183,2
2007-11-07 20:03:00,7.177,7.184,7.177,7.184,4
2007-11-07 20:04:00,7.18,7.18,7.18,7.18,1
2007-11-07 20:06:00,7.178,7.178,7.178,7.178,1
2007-11-07 20:07:00,7.184,7.184,7.182,7.182,2
2007-11-07 20:08:00,7.181,7.181,7.181,7.181,1
2007-11-07 20:10:00,7.184,7.186,7.181,7.185,4
2007-11-07 20:11:00,7.186,7.186,7.186,7.186,1
2007-11-07 20:12:00,7.186,7.188,7.186,7.188,2
2007-11-07 20:13:00,7.182,7.184,7.182,7.184,2
2007-11-07 20:14:00,7.186,7.186,7.186,7.186,1
2007-11-07 20:16:00,7.189,7.189,7.189,7.189,1
2007-11-07 20:17:00,7.184,7.186,7.184,7.186,2
2007-11-07 20:19:00,7.19,7.19,7.186,7.186,2
2007-11-07 20:20:00,7.188,7.192,7.188,7.192,2
2007-11-07 20:21:00,7.194,7.195,7.192,7.192,4
2007-11-07 20:22:00,7.191,7.191,7.191,7.191,1
2007-11-07 20:25:00,7.189,7.189,7.189,7.189,1
2007-11-07 20:26:00,7.191,7.191,7.191,7.191,1
2007-11-07 20:27:00,7.189,7.189,7.189,7.189,1
2007-11-07 20:28:00,7.187,7.187,7.187,7.187,1
2007-11-07 20:29:00,7.19,7.19,7.19,7.19,1
2007-11-07 20:31:00,7.195,7.195,7.195,7.195,1
2007-11-07 20:33:00,7.202,7.202,7.198,7.199,5
2007-11-07 20:35:00,7.205,7.205,7.205,7.205,1
2007-11-07 20:36:00,7.199,7.21,7.198,7.208,13
2007-11-07 20:37:00,7.2,7.2,7.197,7.197,2
2007-11-07 20:40:00,7.203,7.203,7.203,7.203,1
2007-11-07 20:41:00,7.201,7.201,7.201,7.201,1
2007-11-07 20:44:00,7.195,7.199,7.195,7.199,3
2007-11-07 20:47:00,7.2,7.2,7.2,7.2,1
2007-11-07 20:48:00,7.196,7.196,7.196,7.196,1
2007-11-07 20:51:00,7.201,7.201,7.201,7.201,1
2007-11-07 20:53:00,7.197,7.197,7.197,7.197,1
2007-11-07 20:54:00,7.201,7.201,7.201,7.201,1
2007-11-07 20:56:00,7.198,7.198,7.198,7.198,1
2007-11-07 20:58:00,7.197,7.202,7.197,7.202,6
2007-11-07 20:59:00,7.201,7.201,7.201,7.201,1
2007-11-07 21:01:00,7.196,7.203,7.196,7.203,3
2007-11-07 21:02:00,7.195,7.203,7.195,7.203,2
2007-11-07 21:11:00,7.222,7.222,7.206,7.206,9
2007-11-07 21:12:00,7.218,7.218,7.218,7.218,1
2007-11-07 21:13:00,7.21,7.21,7.21,7.21,1
2007-11-07 21:15:00,7.224,7.224,7.22,7.22,2
2007-11-07 21:17:00,7.226,7.226,7.223,7.223,2
2007-11-07 21:18:00,7.213,7.22,7.213,7.22,3
2007-11-07 21:19:00,7.221,7.221,7.215,7.215,4
2007-11-07 21:22:00,7.215,7.215,7.215,7.215,1
2007-11-07 21:26:00,7.205,7.211,7.205,7.211,2
2007-11-07 21:27:00,7.211,7.211,7.211,7.211,1
2007-11-07 21:33:00,7.208,7.208,7.208,7.208,1
2007-11-07 21:34:00,7.209,7.209,7.206,7.206,2
2007-11-07 21:41:00,7.222,7.222,7.222,7.222,1
2007-11-07 21:43:00,7.225,7.225,7.225,7.225,1
2007-11-07 21:44:00,7.228,7.228,7.228,7.228,1
2007-11-07 21:46:00,7.234,7.234,7.23,7.23,3
2007-11-07 21:52:00,7.238,7.238,7.235,7.235,2
2007-11-07 21:55:00,7.229,7.234,7.229,7.234,2
2007-11-07 21:57:00,7.235,7.237,7.234,7.234,3
2007-11-07 21:59:00,7.239,7.239,7.237,7.237,2
2007-11-07 22:03:00,7.237,7.237,7.237,7.237,1
2007-11-07 22:05:00,7.253,7.253,7.244,7.244,3
2007-11-07 22:06:00,7.23,7.23,7.23,7.23,1
2007-11-07 22:07:00,7.237,7.239,7.236,7.236,4
2007-11-07 22:09:00,7.235,7.235,7.235,7.235,1
2007-11-07 22:11:00,7.238,7.238,7.238,7.238,1
2007-11-07 22:12:00,7.243,7.243,7.243,7.243,1
2007-11-07 23:00:00,7.254,7.254,7.234,7.241,3
2007-11-07 23:03:00,7.267,7.267,7.264,7.264,2
2007-11-07 23:07:00,7.27,7.27,7.243,7.259,7
2007-11-07 23:08:00,7.264,7.264,7.264,7.264,1
2007-11-07 23:10:00,7.27,7.27,7.269,7.269,2
2007-11-07 23:15:00,7.27,7.271,7.27,7.271,2
2007-11-07 23:22:00,7.264,7.264,7.264,7.264,1
2007-11-07 23:27:00,7.257,7.257,7.257,7.257,1
2007-11-07 23:52:00,7.263,7.263,7.263,7.263,1
2007-11-08 00:12:00,7.251,7.251,7.251,7.251,1
2007-11-08 00:21:00,7.255,7.255,7.255,7.255,1
2007-11-08 00:31:00,7.251,7.251,7.251,7.251,1
2007-11-08 01:18:00,7.264,7.264,7.264,7.264,1
2007-11-08 01:19:00,7.268,7.268,7.266,7.266,2
2007-11-08 01:25:00,7.27,7.27,7.27,7.27,1
2007-11-08 01:29:00,7.252,7.252,7.252,7.252,1
2007-11-08 01:57:00,7.256,7.256,7.256,7.256,1
2007-11-08 02:10:00,7.262,7.262,7.262,7.262,1
2007-11-08 02:22:00,7.264,7.264,7.264,7.264,1
2007-11-08 02:23:00,7.271,7.271,7.271,7.271,1
2007-11-08 02:25:00,7.275,7.275,7.273,7.273,2
2007-11-08 02:58:00,7.262,7.262,7.262,7.262,1
2007-11-08 03:22:00,7.267,7.267,7.267,7.267,1
2007-11-08 03:38:00,7.264,7.264,7.264,7.264,1
2007-11-08 04:49:00,7.271,7.271,7.271,7.271,1
2007-11-08 04:51:00,7.263,7.263,7.263,7.263,1
2007-11-08 04:57:00,7.268,7.268,7.268,7.268,1
2007-11-08 04:58:00,7.277,7.277,7.273,7.273,3
2007-11-08 05:32:00,7.263,7.266,7.263,7.266,2
2007-11-08 05:41:00,7.268,7.268,7.267,7.267,2
2007-11-08 06:09:00,7.264,7.264,7.264,7.264,1
2007-11-08 06:12:00,7.261,7.261,7.261,7.261,1
2007-11-08 06:32:00,7.254,7.254,7.254,7.254,1
2007-11-08 07:10:00,7.25,7.25,7.25,7.25,1
2007-11-08 07:50:00,7.251,7.251,7.251,7.251,1
2007-11-08 08:08:00,7.262,7.262,7.262,7.262,1
2007-11-08 08:15:00,7.266,7.266,7.266,7.266,1
2007-11-08 08:33:00,7.268,7.268,7.268,7.268,1
2007-11-08 08:54:00,7.263,7.263,7.263,7.263,1
2007-11-08 10:07:00,7.264,7.264,7.261,7.261,2
2007-11-08 10:13:00,7.276,7.276,7.269,7.269,3
2007-11-08 10:30:00,7.259,7.269,7.259,7.269,2
2007-11-08 10:34:00,7.253,7.253,7.253,7.253,1
2007-11-08 10:37:00,7.24,7.247,7.24,7.247,4
2007-11-08 10:39:00,7.244,7.244,7.244,7.244,1
2007-11-08 10:40:00,7.239,7.239,7.239,7.239,1
2007-11-08 10:41:00,7.232,7.237,7.232,7.237,3
2007-11-08 10:43:00,7.236,7.236,7.234,7.236,3
2007-11-08 10:44:00,7.231,7.233,7.231,7.233,2
2007-11-08 10:45:00,7.228,7.239,7.228,7.239,3
2007-11-08 10:51:00,7.241,7.241,7.241,7.241,1
2007-11-08 10:52:00,7.239,7.239,7.239,7.239,1
2007-11-08 10:54:00,7.244,7.244,7.244,7.244,1
2007-11-08 10:56:00,7.236,7.236,7.236,7.236,1
2007-11-08 10:57:00,7.234,7.234,7.23,7.234,4
2007-11-08 10:59:00,7.26,7.26,7.236,7.236,3
2007-11-08 11:03:00,7.236,7.242,7.236,7.242,3
2007-11-08 11:16:00,7.228,7.228,7.228,7.228,1
2007-11-08 11:18:00,7.254,7.254,7.236,7.236,3
2007-11-08 11:22:00,7.241,7.241,7.241,7.241,1
2007-11-08 11:23:00,7.259,7.259,7.245,7.245,2
2007-11-08 11:25:00,7.251,7.251,7.251,7.251,1
2007-11-08 11:28:00,7.23,7.246,7.23,7.246,4
2007-11-08 11:29:00,7.215,7.228,7.215,7.228,3
2007-11-08 11:30:00,7.212,7.22,7.212,7.22,2
2007-11-08 11:31:00,7.208,7.208,7.208,7.208,1
2007-11-08 11:42:00,7.265,7.265,7.223,7.223,9
2007-11-08 11:44:00,7.228,7.228,7.228,7.228,1
2007-11-08 11:48:00,7.218,7.218,7.218,7.218,1
2007-11-08 11:52:00,7.209,7.209,7.209,7.209,1
2007-11-08 11:53:00,7.207,7.207,7.207,7.207,1
2007-11-08 11:54:00,7.197,7.198,7.194,7.198,4
2007-11-08 11:56:00,7.197,7.197,7.19,7.19,3
2007-11-08 11:59:00,7.191,7.193,7.191,7.193,2
2007-11-08 12:00:00,7.195,7.195,7.195,7.195,1
2007-11-08 12:01:00,7.214,7.214,7.214,7.214,1
2007-11-08 12:04:00,7.183,7.192,7.183,7.192,4
2007-11-08 12:07:00,7.2,7.2,7.2,7.2,1
2007-11-08 12:19:00,7.21,7.21,7.204,7.204,4
2007-11-08 12:20:00,7.213,7.213,7.213,7.213,1
2007-11-08 12:22:00,7.22,7.22,7.22,7.22,1
2007-11-08 12:23:00,7.227,7.227,7.227,7.227,1
2007-11-08 12:27:00,7.212,7.212,7.212,7.212,1
2007-11-08 12:28:00,7.233,7.233,7.225,7.225,2
2007-11-08 12:32:00,7.241,7.241,7.237,7.237,2
2007-11-08 12:34:00,7.243,7.243,7.243,7.243,1
2007-11-08 12:35:00,7.247,7.247,7.247,7.247,1
2007-11-08 12:36:00,7.259,7.259,7.242,7.256,3
2007-11-08 12:37:00,7.254,7.254,7.254,7.254,1
2007-11-08 12:38:00,7.242,7.247,7.242,7.247,2
2007-11-08 12:42:00,7.261,7.261,7.252,7.252,5
2007-11-08 12:43:00,7.257,7.266,7.257,7.264,3
2007-11-08 12:45:00,7.26,7.26,7.26,7.26,1
2007-11-08 12:46:00,7.26,7.274,7.26,7.274,3
2007-11-08 12:47:00,7.253,7.278,7.253,7.27,9
2007-11-08 12:48:00,7.267,7.267,7.267,7.267,1
2007-11-08 12:50:00,7.266,7.266,7.262,7.262,2
2007-11-08 12:51:00,7.265,7.265,7.263,7.263,2
2007-11-08 12:54:00,7.263,7.266,7.261,7.261,4
2007-11-08 12:56:00,7.263,7.263,7.262,7.262,2
2007-11-08 12:57:00,7.265,7.265,7.265,7.265,1
2007-11-08 12:58:00,7.274,7.274,7.274,7.274,1
2007-11-08 12:59:00,7.279,7.279,7.272,7.272,4
2007-11-08 13:00:00,7.257,7.264,7.257,7.264,4
2007-11-08 13:01:00,7.238,7.243,7.238,7.243,2
2007-11-08 13:02:00,7.22,7.233,7.22,7.233,2
2007-11-08 13:03:00,7.224,7.224,7.224,7.224,1
2007-11-08 13:04:00,7.222,7.222,7.222,7.222,1
2007-11-08 13:05:00,7.223,7.223,7.22,7.22,2
2007-11-08 13:06:00,7.216,7.216,7.216,7.216,1
2007-11-08 13:07:00,7.223,7.223,7.218,7.22,4
2007-11-08 13:08:00,7.225,7.225,7.225,7.225,1
2007-11-08 13:09:00,7.229,7.229,7.229,7.229,1
2007-11-08 13:10:00,7.242,7.242,7.233,7.233,7
2007-11-08 13:11:00,7.224,7.232,7.222,7.232,4
2007-11-08 13:13:00,7.218,7.222,7.218,7.222,2
2007-11-08 13:14:00,7.206,7.213,7.2,7.213,6
2007-11-08 13:15:00,7.202,7.214,7.197,7.21,11
2007-11-08 13:16:00,7.193,7.2,7.191,7.2,5
2007-11-08 13:17:00,7.21,7.21,7.203,7.207,3
2007-11-08 13:18:00,7.211,7.211,7.207,7.207,5
2007-11-08 13:19:00,7.197,7.208,7.193,7.208,12
2007-11-08 13:20:00,7.206,7.206,7.201,7.201,3
2007-11-08 13:21:00,7.206,7.213,7.206,7.21,4
2007-11-08 13:22:00,7.215,7.215,7.211,7.211,2
2007-11-08 13:23:00,7.215,7.217,7.215,7.217,2
2007-11-08 13:24:00,7.216,7.218,7.215,7.218,4
2007-11-08 13:25:00,7.219,7.22,7.214,7.214,3
2007-11-08 13:26:00,7.221,7.221,7.221,7.221,1
2007-11-08 13:27:00,7.213,7.213,7.213,7.213,1
2007-11-08 13:28:00,7.214,7.217,7.208,7.208,6
2007-11-08 13:29:00,7.196,7.212,7.193,7.212,9
2007-11-08 13:30:00,7.197,7.197,7.192,7.192,3
2007-11-08 13:31:00,7.196,7.196,7.187,7.191,4
2007-11-08 13:32:00,7.178,7.194,7.175,7.194,13
2007-11-08 13:33:00,7.196,7.196,7.175,7.182,19
2007-11-08 13:34:00,7.201,7.201,7.191,7.191,3
2007-11-08 13:35:00,7.204,7.204,7.204,7.204,1
2007-11-08 13:36:00,7.196,7.198,7.191,7.198,9
2007-11-08 13:37:00,7.201,7.201,7.201,7.201,1
2007-11-08 13:38:00,7.196,7.2,7.184,7.196,12
2007-11-08 13:39:00,7.2,7.2,7.197,7.2,3
2007-11-08 13:41:00,7.206,7.209,7.204,7.204,5
2007-11-08 13:42:00,7.201,7.21,7.201,7.208,5
2007-11-08 13:44:00,7.201,7.203,7.201,7.203,2
2007-11-08 13:45:00,7.199,7.199,7.199,7.199,1
2007-11-08 13:46:00,7.204,7.204,7.202,7.202,2
2007-11-08 13:47:00,7.198,7.201,7.198,7.201,4
2007-11-08 13:48:00,7.204,7.204,7.196,7.196,4
2007-11-08 13:50:00,7.203,7.203,7.2,7.2,2
2007-11-08 13:51:00,7.181,7.2,7.173,7.2,13
2007-11-08 13:52:00,7.177,7.178,7.173,7.175,5
2007-11-08 13:53:00,7.163,7.175,7.161,7.175,11
2007-11-08 13:54:00,7.171,7.173,7.161,7.161,12
2007-11-08 13:55:00,7.174,7.176,7.172,7.173,4
2007-11-08 13:56:00,7.178,7.181,7.177,7.177,4
2007-11-08 13:57:00,7.172,7.183,7.172,7.183,6
2007-11-08 13:58:00,7.182,7.182,7.17,7.17,12
2007-11-08 13:59:00,7.181,7.181,7.173,7.173,2
2007-11-08 14:00:00,7.184,7.184,7.163,7.176,63
2007-11-08 14:01:00,7.186,7.188,7.177,7.182,27
2007-11-08 14:02:00,7.199,7.204,7.187,7.188,30
2007-11-08 14:03:00,7.208,7.208,7.196,7.196,14
2007-11-08 14:04:00,7.197,7.208,7.197,7.203,18
2007-11-08 14:05:00,7.205,7.207,7.195,7.195,13
2007-11-08 14:06:00,7.205,7.207,7.201,7.207,8
2007-11-08 14:07:00,7.207,7.211,7.207,7.207,7
2007-11-08 14:08:00,7.209,7.212,7.207,7.21,8
2007-11-08 14:09:00,7.203,7.211,7.197,7.206,16
2007-11-08 14:10:00,7.209,7.209,7.205,7.205,3
2007-11-08 14:11:00,7.212,7.212,7.207,7.211,4
2007-11-08 14:12:00,7.214,7.214,7.21,7.21,7
2007-11-08 14:13:00,7.214,7.215,7.211,7.215,8
2007-11-08 14:14:00,7.215,7.217,7.215,7.217,4
2007-11-08 14:15:00,7.219,7.22,7.214,7.217,21
2007-11-08 14:16:00,7.223,7.223,7.215,7.215,9
2007-11-08 14:17:00,7.217,7.221,7.215,7.221,9
2007-11-08 14:18:00,7.215,7.221,7.215,7.219,9
2007-11-08 14:19:00,7.214,7.219,7.214,7.217,4
2007-11-08 14:20:00,7.21,7.215,7.208,7.212,18
2007-11-08 14:21:00,7.205,7.213,7.205,7.213,6
2007-11-08 14:22:00,7.202,7.207,7.202,7.203,11
2007-11-08 14:23:00,7.193,7.204,7.193,7.204,10
2007-11-08 14:24:00,7.201,7.203,7.195,7.195,8
2007-11-08 14:25:00,7.204,7.204,7.198,7.2,11
2007-11-08 14:26:00,7.202,7.208,7.202,7.202,8
2007-11-08 14:27:00,7.205,7.212,7.204,7.204,10
2007-11-08 14:28:00,7.205,7.209,7.201,7.203,9
2007-11-08 14:29:00,7.201,7.204,7.201,7.202,9
2007-11-08 14:30:00,7.202,7.204,7.199,7.204,9
2007-11-08 14:31:00,7.201,7.202,7.197,7.2,13
2007-11-08 14:32:00,7.193,7.199,7.189,7.199,12
2007-11-08 14:33:00,7.197,7.197,7.195,7.195,2
2007-11-08 14:34:00,7.196,7.199,7.195,7.195,4
2007-11-08 14:35:00,7.194,7.194,7.192,7.194,5
2007-11-08 14:36:00,7.189,7.195,7.189,7.192,4
2007-11-08 14:37:00,7.194,7.196,7.187,7.187,10
2007-11-08 14:38:00,7.184,7.192,7.182,7.189,7
2007-11-08 14:39:00,7.186,7.189,7.186,7.186,5
2007-11-08 14:40:00,7.188,7.188,7.186,7.187,3
2007-11-08 14:41:00,7.191,7.191,7.188,7.19,4
2007-11-08 14:42:00,7.19,7.192,7.189,7.189,5
2007-11-08 14:43:00,7.188,7.192,7.188,7.192,3
2007-11-08 14:44:00,7.188,7.192,7.187,7.19,7
2007-11-08 14:45:00,7.189,7.192,7.188,7.189,6
2007-11-08 14:46:00,7.192,7.192,7.189,7.19,3
2007-11-08 14:47:00,7.192,7.2,7.19,7.194,11
2007-11-08 14:48:00,7.189,7.189,7.186,7.189,5
2007-11-08 14:49:00,7.181,7.191,7.181,7.191,10
2007-11-08 14:50:00,7.18,7.184,7.179,7.183,7
2007-11-08 14:51:00,7.181,7.182,7.176,7.182,8
2007-11-08 14:52:00,7.181,7.183,7.179,7.179,4
2007-11-08 14:53:00,7.174,7.181,7.174,7.179,9
2007-11-08 14:54:00,7.168,7.172,7.164,7.172,11
2007-11-08 14:55:00,7.168,7.174,7.166,7.17,11
2007-11-08 14:56:00,7.167,7.169,7.165,7.165,6
2007-11-08 14:57:00,7.171,7.173,7.168,7.17,5
2007-11-08 14:58:00,7.171,7.173,7.171,7.173,4
2007-11-08 14:59:00,7.188,7.192,7.173,7.173,23
2007-11-08 15:00:00,7.178,7.191,7.178,7.191,7
2007-11-08 15:01:00,7.175,7.181,7.175,7.181,6
2007-11-08 15:02:00,7.181,7.182,7.173,7.173,12
2007-11-08 15:03:00,7.183,7.185,7.181,7.183,13
2007-11-08 15:04:00,7.188,7.189,7.181,7.181,8
2007-11-08 15:05:00,7.198,7.198,7.191,7.191,15
2007-11-08 15:06:00,7.196,7.2,7.194,7.2,9
2007-11-08 15:07:00,7.196,7.196,7.186,7.194,22
2007-11-08 15:08:00,7.192,7.194,7.191,7.194,4
2007-11-08 15:09:00,7.19,7.19,7.188,7.188,2
2007-11-08 15:10:00,7.183,7.188,7.183,7.188,6
2007-11-08 15:11:00,7.186,7.186,7.182,7.186,6
2007-11-08 15:12:00,7.183,7.185,7.179,7.183,10
2007-11-08 15:13:00,7.179,7.181,7.179,7.181,2
2007-11-08 15:15:00,7.179,7.182,7.179,7.181,5
2007-11-08 15:16:00,7.18,7.18,7.179,7.18,3
2007-11-08 15:17:00,7.18,7.183,7.179,7.179,8
2007-11-08 15:18:00,7.181,7.181,7.179,7.179,2
2007-11-08 15:19:00,7.177,7.181,7.172,7.18,8
2007-11-08 15:20:00,7.181,7.182,7.175,7.175,9
2007-11-08 15:21:00,7.178,7.187,7.178,7.179,13
2007-11-08 15:22:00,7.181,7.182,7.176,7.18,8
2007-11-08 15:23:00,7.177,7.18,7.175,7.178,5
2007-11-08 15:24:00,7.171,7.179,7.168,7.179,15
2007-11-08 15:25:00,7.172,7.173,7.169,7.169,13
2007-11-08 15:26:00,7.176,7.182,7.167,7.169,28
2007-11-08 15:27:00,7.169,7.174,7.169,7.174,11
2007-11-08 15:28:00,7.167,7.169,7.167,7.167,5
2007-11-08 15:29:00,7.169,7.174,7.169,7.171,9
2007-11-08 15:30:00,7.174,7.2,7.141,7.166,132
2007-11-08 15:31:00,7.215,7.22,7.172,7.172,96
2007-11-08 15:32:00,7.207,7.226,7.202,7.217,63
2007-11-08 15:33:00,7.238,7.246,7.209,7.209,46
2007-11-08 15:34:00,7.241,7.263,7.236,7.236,95
2007-11-08 15:35:00,7.245,7.245,7.235,7.243,27
2007-11-08 15:36:00,7.231,7.244,7.23,7.242,23
2007-11-08 15:37:00,7.239,7.244,7.226,7.229,34
2007-11-08 15:38:00,7.234,7.238,7.234,7.237,11
2007-11-08 15:39:00,7.207,7.236,7.203,7.236,49
2007-11-08 15:40:00,7.217,7.217,7.205,7.205,26
2007-11-08 15:41:00,7.214,7.227,7.21,7.214,22
2007-11-08 15:42:00,7.202,7.212,7.19,7.212,44
2007-11-08 15:43:00,7.21,7.21,7.198,7.203,22
2007-11-08 15:44:00,7.222,7.224,7.209,7.212,27
2007-11-08 15:45:00,7.205,7.221,7.205,7.218,17
2007-11-08 15:46:00,7.218,7.218,7.206,7.209,13
2007-11-08 15:47:00,7.211,7.215,7.204,7.215,26
2007-11-08 15:48:00,7.206,7.208,7.197,7.208,20
2007-11-08 15:49:00,7.202,7.208,7.202,7.208,10
2007-11-08 15:50:00,7.195,7.204,7.176,7.204,56
2007-11-08 15:51:00,7.195,7.205,7.191,7.197,33
2007-11-08 15:52:00,7.194,7.197,7.191,7.193,9
2007-11-08 15:53:00,7.196,7.198,7.193,7.196,9
2007-11-08 15:54:00,7.198,7.198,7.195,7.198,5
2007-11-08 15:55:00,7.22,7.223,7.2,7.2,32
2007-11-08 15:56:00,7.206,7.222,7.202,7.222,25
2007-11-08 15:57:00,7.214,7.22,7.207,7.207,13
2007-11-08 15:58:00,7.218,7.224,7.211,7.211,12
2007-11-08 15:59:00,7.22,7.225,7.218,7.221,20
2007-11-08 16:00:00,7.215,7.219,7.214,7.218,7
2007-11-08 16:01:00,7.217,7.22,7.215,7.217,10
2007-11-08 16:02:00,7.209,7.221,7.208,7.219,12
2007-11-08 16:03:00,7.211,7.213,7.209,7.212,7
2007-11-08 16:04:00,7.22,7.221,7.213,7.213,8
2007-11-08 16:05:00,7.208,7.218,7.208,7.218,10
2007-11-08 16:06:00,7.2,7.21,7.2,7.21,14
2007-11-08 16:07:00,7.204,7.204,7.197,7.198,12
2007-11-08 16:08:00,7.215,7.217,7.209,7.217,20
2007-11-08 16:09:00,7.217,7.222,7.212,7.218,18
2007-11-08 16:10:00,7.213,7.22,7.213,7.215,11
2007-11-08 16:11:00,7.227,7.229,7.213,7.215,16
2007-11-08 16:12:00,7.224,7.229,7.222,7.229,10
2007-11-08 16:13:00,7.233,7.233,7.22,7.222,22
2007-11-08 16:14:00,7.233,7.233,7.229,7.231,10
2007-11-08 16:15:00,7.23,7.232,7.228,7.23,5
2007-11-08 16:16:00,7.229,7.233,7.228,7.232,8
2007-11-08 16:17:00,7.222,7.227,7.219,7.227,15
2007-11-08 16:18:00,7.205,7.226,7.205,7.224,20
2007-11-08 16:19:00,7.219,7.219,7.205,7.208,21
2007-11-08 16:20:00,7.213,7.222,7.21,7.217,15
2007-11-08 16:21:00,7.21,7.213,7.199,7.211,25
2007-11-08 16:22:00,7.207,7.21,7.195,7.208,36
2007-11-08 16:23:00,7.21,7.21,7.205,7.205,3
2007-11-08 16:24:00,7.208,7.21,7.208,7.208,3
2007-11-08 16:25:00,7.204,7.208,7.204,7.205,4
2007-11-08 16:26:00,7.201,7.206,7.198,7.202,8
2007-11-08 16:27:00,7.205,7.207,7.201,7.203,8
2007-11-08 16:28:00,7.205,7.205,7.198,7.203,11
2007-11-08 16:29:00,7.2,7.207,7.2,7.207,7
2007-11-08 16:30:00,7.198,7.202,7.198,7.202,5
2007-11-08 16:31:00,7.195,7.198,7.194,7.196,7
2007-11-08 16:32:00,7.191,7.194,7.186,7.191,20
2007-11-08 16:33:00,7.19,7.199,7.188,7.193,16
2007-11-08 16:34:00,7.201,7.202,7.192,7.192,10
2007-11-08 16:35:00,7.187,7.199,7.185,7.199,15
2007-11-08 16:36:00,7.159,7.188,7.157,7.184,48
2007-11-08 16:37:00,7.182,7.183,7.16,7.162,38
2007-11-08 16:38:00,7.137,7.18,7.137,7.18,56
2007-11-08 16:39:00,7.137,7.141,7.13,7.139,44
2007-11-08 16:40:00,7.15,7.151,7.134,7.139,40
2007-11-08 16:41:00,7.145,7.151,7.141,7.148,27
2007-11-08 16:42:00,7.167,7.167,7.143,7.143,29
2007-11-08 16:43:00,7.143,7.165,7.143,7.165,20
2007-11-08 16:44:00,7.143,7.149,7.139,7.145,19
2007-11-08 16:45:00,7.147,7.149,7.14,7.14,12
2007-11-08 16:46:00,7.151,7.153,7.15,7.15,8
2007-11-08 16:47:00,7.149,7.154,7.148,7.152,7
2007-11-08 16:48:00,7.162,7.165,7.151,7.151,15
2007-11-08 16:49:00,7.158,7.166,7.158,7.164,15
2007-11-08 16:50:00,7.147,7.156,7.147,7.155,8
2007-11-08 16:51:00,7.136,7.145,7.136,7.145,17
2007-11-08 16:52:00,7.119,7.135,7.105,7.135,103
2007-11-08 16:53:00,7.118,7.123,7.117,7.121,36
2007-11-08 16:54:00,7.118,7.123,7.117,7.12,7
2007-11-08 16:55:00,7.092,7.115,7.085,7.115,48
2007-11-08 16:56:00,7.111,7.113,7.092,7.094,47
2007-11-08 16:57:00,7.109,7.113,7.102,7.113,14
2007-11-08 16:58:00,7.115,7.117,7.106,7.106,27
2007-11-08 16:59:00,7.124,7.126,7.115,7.117,24
2007-11-08 17:00:00,7.116,7.128,7.116,7.126,16
2007-11-08 17:01:00,7.116,7.119,7.111,7.114,14
2007-11-08 17:02:00,7.116,7.119,7.112,7.113,11
2007-11-08 17:03:00,7.117,7.12,7.114,7.114,9
2007-11-08 17:04:00,7.121,7.123,7.119,7.119,8
2007-11-08 17:05:00,7.123,7.123,7.119,7.119,9
2007-11-08 17:06:00,7.12,7.123,7.119,7.121,6
2007-11-08 17:07:00,7.119,7.122,7.119,7.122,4
2007-11-08 17:08:00,7.121,7.121,7.117,7.117,5
2007-11-08 17:09:00,7.125,7.125,7.115,7.119,15
2007-11-08 17:10:00,7.133,7.141,7.127,7.127,17
2007-11-08 17:11:00,7.136,7.136,7.13,7.13,15
2007-11-08 17:12:00,7.138,7.14,7.134,7.134,5
2007-11-08 17:13:00,7.146,7.146,7.135,7.14,11
2007-11-08 17:14:00,7.144,7.144,7.135,7.143,9
2007-11-08 17:15:00,7.134,7.142,7.134,7.142,6
2007-11-08 17:16:00,7.144,7.144,7.135,7.136,12
2007-11-08 17:17:00,7.134,7.143,7.128,7.143,23
2007-11-08 17:18:00,7.136,7.139,7.131,7.136,16
2007-11-08 17:19:00,7.133,7.142,7.133,7.138,15
2007-11-08 17:20:00,7.14,7.142,7.133,7.135,13
2007-11-08 17:21:00,7.14,7.14,7.134,7.138,10
2007-11-08 17:22:00,7.137,7.144,7.135,7.143,19
2007-11-08 17:23:00,7.144,7.146,7.137,7.139,18
2007-11-08 17:24:00,7.142,7.147,7.141,7.141,11
2007-11-08 17:25:00,7.132,7.139,7.132,7.139,6
2007-11-08 17:26:00,7.14,7.143,7.134,7.134,10
2007-11-08 17:27:00,7.138,7.14,7.136,7.136,4
2007-11-08 17:28:00,7.159,7.164,7.141,7.141,26
2007-11-08 17:29:00,7.154,7.164,7.15,7.161,12
2007-11-08 17:30:00,7.183,7.185,7.151,7.151,41
2007-11-08 17:31:00,7.168,7.181,7.168,7.181,23
2007-11-08 17:32:00,7.162,7.166,7.159,7.166,10
2007-11-08 17:33:00,7.166,7.169,7.163,7.164,7
2007-11-08 17:34:00,7.196,7.206,7.164,7.169,45
2007-11-08 17:35:00,7.214,7.216,7.191,7.198,39
2007-11-08 17:36:00,7.206,7.228,7.204,7.212,52
2007-11-08 17:37:00,7.204,7.21,7.196,7.208,23
2007-11-08 17:38:00,7.215,7.219,7.204,7.207,27
2007-11-08 17:39:00,7.209,7.218,7.204,7.216,12
2007-11-08 17:40:00,7.205,7.215,7.205,7.215,13
2007-11-08 17:41:00,7.214,7.214,7.193,7.207,28
2007-11-08 17:42:00,7.204,7.212,7.204,7.209,13
2007-11-08 17:43:00,7.199,7.202,7.199,7.202,5
2007-11-08 17:44:00,7.195,7.199,7.193,7.197,14
2007-11-08 17:45:00,7.196,7.201,7.192,7.197,17
2007-11-08 17:46:00,7.206,7.206,7.198,7.198,13
2007-11-08 17:47:00,7.198,7.214,7.193,7.208,26
2007-11-08 17:48:00,7.204,7.206,7.2,7.2,5
2007-11-08 17:49:00,7.208,7.21,7.204,7.206,10
2007-11-08 17:50:00,7.193,7.206,7.193,7.206,20
2007-11-08 17:51:00,7.195,7.196,7.191,7.195,9
2007-11-08 17:52:00,7.206,7.206,7.198,7.198,7
2007-11-08 17:53:00,7.195,7.21,7.195,7.208,13
2007-11-08 17:54:00,7.195,7.197,7.187,7.193,17
2007-11-08 17:55:00,7.19,7.197,7.19,7.197,6
2007-11-08 17:56:00,7.197,7.202,7.192,7.192,21
2007-11-08 17:57:00,7.195,7.199,7.191,7.195,13
2007-11-08 17:58:00,7.186,7.195,7.184,7.193,10
2007-11-08 17:59:00,7.184,7.187,7.18,7.187,9
2007-11-08 18:00:00,7.176,7.185,7.176,7.182,12
2007-11-08 18:01:00,7.182,7.182,7.176,7.178,9
2007-11-08 18:02:00,7.18,7.184,7.18,7.18,5
2007-11-08 18:03:00,7.184,7.192,7.182,7.182,20
2007-11-08 18:04:00,7.186,7.19,7.186,7.188,8
2007-11-08 18:05:00,7.186,7.191,7.186,7.188,6
2007-11-08 18:06:00,7.179,7.184,7.174,7.184,26
2007-11-08 18:07:00,7.181,7.181,7.173,7.177,9
2007-11-08 18:08:00,7.185,7.185,7.175,7.178,10
2007-11-08 18:09:00,7.185,7.185,7.173,7.183,11
2007-11-08 18:10:00,7.2,7.2,7.186,7.187,15
2007-11-08 18:11:00,7.188,7.2,7.186,7.197,12
2007-11-08 18:12:00,7.184,7.19,7.181,7.186,17
2007-11-08 18:13:00,7.181,7.184,7.178,7.182,5
2007-11-08 18:14:00,7.181,7.19,7.179,7.179,14
2007-11-08 18:15:00,7.184,7.188,7.183,7.183,4
2007-11-08 18:16:00,7.169,7.182,7.167,7.182,12
2007-11-08 18:17:00,7.174,7.178,7.167,7.167,24
2007-11-08 18:18:00,7.171,7.176,7.169,7.172,11
2007-11-08 18:19:00,7.175,7.175,7.171,7.175,5
2007-11-08 18:20:00,7.175,7.179,7.175,7.178,5
2007-11-08 18:21:00,7.169,7.182,7.169,7.176,10
2007-11-08 18:22:00,7.175,7.175,7.167,7.171,9
2007-11-08 18:23:00,7.168,7.173,7.161,7.173,19
2007-11-08 18:24:00,7.166,7.166,7.164,7.166,3
2007-11-08 18:25:00,7.168,7.168,7.168,7.168,1
2007-11-08 18:26:00,7.171,7.18,7.168,7.17,17
2007-11-08 18:27:00,7.177,7.177,7.173,7.173,3
2007-11-08 18:28:00,7.182,7.182,7.168,7.175,10
2007-11-08 18:29:00,7.187,7.194,7.181,7.184,21
2007-11-08 18:30:00,7.187,7.189,7.181,7.189,11
2007-11-08 18:31:00,7.185,7.193,7.185,7.185,9
2007-11-08 18:32:00,7.192,7.192,7.187,7.187,3
2007-11-08 18:33:00,7.191,7.195,7.187,7.195,6
2007-11-08 18:34:00,7.188,7.19,7.184,7.188,9
2007-11-08 18:35:00,7.19,7.192,7.187,7.19,4
2007-11-08 18:36:00,7.185,7.187,7.181,7.187,12
2007-11-08 18:37:00,7.18,7.182,7.175,7.182,14
2007-11-08 18:38:00,7.188,7.188,7.174,7.178,17
2007-11-08 18:39:00,7.185,7.186,7.178,7.186,9
2007-11-08 18:40:00,7.189,7.193,7.187,7.187,11
2007-11-08 18:41:00,7.197,7.198,7.189,7.191,16
2007-11-08 18:42:00,7.197,7.2,7.197,7.198,9
2007-11-08 18:43:00,7.198,7.198,7.198,7.198,1
2007-11-08 18:44:00,7.219,7.219,7.197,7.197,65
2007-11-08 18:45:00,7.204,7.221,7.204,7.221,24
2007-11-08 18:46:00,7.204,7.208,7.204,7.208,4
2007-11-08 18:47:00,7.2,7.208,7.198,7.208,8
2007-11-08 18:48:00,7.201,7.201,7.196,7.196,3
2007-11-08 18:49:00,7.194,7.203,7.194,7.203,6
2007-11-08 18:50:00,7.197,7.2,7.194,7.2,3
2007-11-08 18:51:00,7.202,7.202,7.196,7.2,8
2007-11-08 18:52:00,7.203,7.208,7.2,7.204,15
2007-11-08 18:53:00,7.212,7.214,7.2,7.201,14
2007-11-08 18:54:00,7.209,7.211,7.207,7.21,7
2007-11-08 18:55:00,7.22,7.22,7.212,7.212,15
2007-11-08 18:56:00,7.22,7.225,7.215,7.218,23
2007-11-08 18:57:00,7.219,7.223,7.215,7.219,12
2007-11-08 18:58:00,7.216,7.216,7.216,7.216,1
2007-11-08 18:59:00,7.22,7.221,7.215,7.219,7
2007-11-08 19:00:00,7.235,7.237,7.218,7.224,34
2007-11-08 19:01:00,7.231,7.238,7.229,7.233,19
2007-11-08 19:02:00,7.234,7.243,7.232,7.234,17
2007-11-08 19:03:00,7.236,7.242,7.234,7.236,17
2007-11-08 19:04:00,7.23,7.238,7.23,7.234,17
2007-11-08 19:05:00,7.22,7.23,7.22,7.228,18
2007-11-08 19:06:00,7.215,7.22,7.215,7.216,13
2007-11-08 19:07:00,7.207,7.214,7.205,7.213,17
2007-11-08 19:08:00,7.199,7.207,7.193,7.205,32
2007-11-08 19:09:00,7.216,7.219,7.201,7.201,23
2007-11-08 19:10:00,7.211,7.217,7.207,7.214,23
2007-11-08 19:11:00,7.222,7.222,7.208,7.209,15
2007-11-08 19:12:00,7.223,7.227,7.217,7.217,17
2007-11-08 19:13:00,7.224,7.226,7.215,7.22,18
2007-11-08 19:14:00,7.224,7.228,7.22,7.22,9
2007-11-08 19:15:00,7.229,7.231,7.223,7.223,10
2007-11-08 19:16:00,7.233,7.233,7.227,7.227,8
2007-11-08 19:17:00,7.241,7.242,7.235,7.235,13
2007-11-08 19:18:00,7.241,7.241,7.236,7.24,8
2007-11-08 19:19:00,7.271,7.276,7.243,7.243,49
2007-11-08 19:20:00,7.278,7.303,7.272,7.273,81
2007-11-08 19:21:00,7.272,7.279,7.267,7.276,19
2007-11-08 19:22:00,7.271,7.276,7.269,7.274,9
2007-11-08 19:23:00,7.253,7.269,7.249,7.269,20
2007-11-08 19:24:00,7.258,7.261,7.248,7.255,37
2007-11-08 19:25:00,7.262,7.262,7.259,7.26,8
2007-11-08 19:26:00,7.265,7.266,7.26,7.264,12
2007-11-08 19:27:00,7.266,7.269,7.263,7.268,14
2007-11-08 19:28:00,7.287,7.293,7.27,7.27,43
2007-11-08 19:29:00,7.287,7.287,7.281,7.283,25
2007-11-08 19:30:00,7.272,7.285,7.271,7.285,18
2007-11-08 19:31:00,7.279,7.281,7.267,7.276,17
2007-11-08 19:32:00,7.287,7.287,7.285,7.285,2
2007-11-08 19:33:00,7.292,7.292,7.284,7.284,5
2007-11-08 19:34:00,7.292,7.292,7.29,7.29,4
2007-11-08 19:35:00,7.297,7.297,7.287,7.294,6
2007-11-08 19:36:00,7.306,7.313,7.295,7.299,20
2007-11-08 19:37:00,7.296,7.305,7.296,7.304,8
2007-11-08 19:38:00,7.293,7.299,7.292,7.297,10
2007-11-08 19:39:00,7.287,7.293,7.283,7.29,8
2007-11-08 19:40:00,7.297,7.297,7.291,7.291,4
2007-11-08 19:41:00,7.276,7.295,7.276,7.295,9
2007-11-08 19:42:00,7.275,7.278,7.269,7.278,5
2007-11-08 19:45:00,7.278,7.278,7.278,7.278,1
2007-11-08 19:46:00,7.276,7.276,7.276,7.276,1
2007-11-08 19:48:00,7.282,7.282,7.28,7.28,2
2007-11-08 19:49:00,7.289,7.293,7.286,7.286,5
2007-11-08 19:50:00,7.289,7.293,7.289,7.293,2
2007-11-08 19:51:00,7.282,7.287,7.279,7.287,5
2007-11-08 19:52:00,7.285,7.285,7.285,7.285,1
2007-11-08 19:53:00,7.279,7.284,7.279,7.282,3
2007-11-08 19:54:00,7.284,7.284,7.284,7.284,1
2007-11-08 19:56:00,7.282,7.282,7.282,7.282,1
2007-11-08 19:57:00,7.291,7.291,7.285,7.285,2
2007-11-08 20:01:00,7.28,7.28,7.28,7.28,1
2007-11-08 20:02:00,7.282,7.282,7.282,7.282,1
2007-11-08 20:03:00,7.286,7.286,7.286,7.286,1
2007-11-08 20:04:00,7.281,7.281,7.281,7.281,1
2007-11-08 20:05:00,7.286,7.286,7.286,7.286,1
2007-11-08 20:06:00,7.294,7.294,7.289,7.289,3
2007-11-08 20:07:00,7.29,7.29,7.29,7.29,1
2007-11-08 20:11:00,7.282,7.288,7.282,7.288,3
2007-11-08 20:13:00,7.28,7.28,7.28,7.28,1
2007-11-08 20:15:00,7.276,7.276,7.273,7.274,4
2007-11-08 20:17:00,7.282,7.282,7.278,7.278,3
2007-11-08 20:18:00,7.291,7.291,7.288,7.288,3
2007-11-08 20:19:00,7.286,7.286,7.286,7.286,1
2007-11-08 20:20:00,7.296,7.296,7.291,7.291,2
2007-11-08 20:21:00,7.285,7.285,7.285,7.285,1
2007-11-08 20:22:00,7.298,7.3,7.296,7.3,3
2007-11-08 20:23:00,7.296,7.296,7.296,7.296,1
2007-11-08 20:24:00,7.3,7.3,7.3,7.3,1
2007-11-08 20:26:00,7.305,7.305,7.302,7.302,2
2007-11-08 20:27:00,7.302,7.302,7.302,7.302,1
2007-11-08 20:32:00,7.3,7.3,7.3,7.3,1
2007-11-08 20:34:00,7.295,7.295,7.295,7.295,1
2007-11-08 20:35:00,7.298,7.298,7.296,7.296,2
2007-11-08 20:38:00,7.301,7.306,7.301,7.301,5
2007-11-08 20:40:00,7.311,7.311,7.306,7.306,2
2007-11-08 20:44:00,7.311,7.311,7.306,7.306,2
2007-11-08 20:45:00,7.317,7.317,7.313,7.313,2
2007-11-08 20:46:00,7.324,7.324,7.319,7.319,5
2007-11-08 20:49:00,7.311,7.316,7.311,7.316,3
2007-11-08 20:51:00,7.319,7.319,7.319,7.319,1
2007-11-08 20:53:00,7.314,7.314,7.314,7.314,1
2007-11-08 20:54:00,7.311,7.311,7.311,7.311,1
2007-11-08 20:55:00,7.305,7.307,7.305,7.307,2
2007-11-08 20:56:00,7.304,7.304,7.301,7.301,2
2007-11-08 20:57:00,7.302,7.311,7.302,7.311,2
2007-11-08 20:59:00,7.311,7.311,7.311,7.311,1
2007-11-08 21:01:00,7.307,7.307,7.307,7.307,1
2007-11-08 21:03:00,7.301,7.302,7.301,7.302,2
2007-11-08 21:05:00,7.302,7.306,7.302,7.306,4
2007-11-08 21:11:00,7.305,7.305,7.294,7.294,2
2007-11-08 21:17:00,7.297,7.299,7.297,7.299,2
2007-11-08 21:21:00,7.286,7.289,7.286,7.289,2
2007-11-08 21:23:00,7.295,7.295,7.292,7.292,2
2007-11-08 21:32:00,7.297,7.297,7.297,7.297,1
2007-11-08 21:37:00,7.302,7.302,7.302,7.302,1
2007-11-08 21:48:00,7.293,7.31,7.293,7.31,2
2007-11-08 21:50:00,7.307,7.307,7.307,7.307,1
2007-11-08 21:51:00,7.307,7.309,7.307,7.309,2
2007-11-08 21:54:00,7.321,7.321,7.315,7.315,2
2007-11-08 21:56:00,7.315,7.315,7.315,7.315,1
2007-11-08 21:59:00,7.322,7.322,7.322,7.322,1
2007-11-08 22:01:00,7.316,7.316,7.316,7.316,1
2007-11-08 22:08:00,7.312,7.312,7.312,7.312,1
2007-11-08 22:14:00,7.31,7.314,7.31,7.314,3
2007-11-08 23:02:00,7.322,7.322,7.322,7.322,1
2007-11-08 23:05:00,7.343,7.343,7.308,7.33,3
2007-11-08 23:06:00,7.313,7.313,7.313,7.313,1
2007-11-08 23:07:00,7.31,7.31,7.31,7.31,1
2007-11-08 23:08:00,7.308,7.308,7.308,7.308,1
2007-11-08 23:21:00,7.308,7.31,7.308,7.31,2
2007-11-08 23:26:00,7.309,7.309,7.309,7.309,1
2007-11-08 23:38:00,7.294,7.294,7.294,7.294,1
2007-11-08 23:54:00,7.291,7.291,7.291,7.291,1
2007-11-08 23:56:00,7.287,7.287,7.287,7.287,1
2007-11-09 00:53:00,7.281,7.281,7.281,7.281,1
2007-11-09 00:54:00,7.279,7.279,7.279,7.279,1
2007-11-09 00:57:00,7.278,7.278,7.278,7.278,1
2007-11-09 00:58:00,7.254,7.267,7.254,7.267,2
2007-11-09 00:59:00,7.267,7.267,7.267,7.267,1
2007-11-09 01:00:00,7.28,7.28,7.28,7.28,1
2007-11-09 01:02:00,7.284,7.284,7.276,7.276,2
2007-11-09 01:05:00,7.282,7.282,7.282,7.282,1
2007-11-09 01:08:00,7.278,7.278,7.278,7.278,1
2007-11-09 01:19:00,7.295,7.295,7.287,7.287,3
2007-11-09 01:57:00,7.294,7.294,7.294,7.294,1
2007-11-09 04:12:00,7.32,7.32,7.32,7.32,1
2007-11-09 04:16:00,7.321,7.321,7.321,7.321,1
2007-11-09 04:29:00,7.294,7.299,7.294,7.299,3
2007-11-09 04:30:00,7.29,7.29,7.29,7.29,1
2007-11-09 04:38:00,7.282,7.282,7.282,7.282,1
2007-11-09 04:52:00,7.28,7.28,7.28,7.28,1
2007-11-09 05:12:00,7.281,7.281,7.281,7.281,1
2007-11-09 05:35:00,7.308,7.308,7.308,7.308,1
2007-11-09 05:49:00,7.309,7.309,7.309,7.309,1
2007-11-09 06:06:00,7.315,7.315,7.298,7.305,3
2007-11-09 06:14:00,7.297,7.297,7.297,7.297,1
2007-11-09 06:22:00,7.286,7.313,7.286,7.313,4
2007-11-09 08:08:00,7.318,7.318,7.318,7.318,1
2007-11-09 08:14:00,7.295,7.295,7.295,7.295,1
2007-11-09 08:41:00,7.318,7.318,7.318,7.318,1
2007-11-09 08:46:00,7.319,7.319,7.319,7.319,1
2007-11-09 09:01:00,7.321,7.321,7.321,7.321,1
2007-11-09 09:03:00,7.33,7.33,7.33,7.33,1
2007-11-09 09:04:00,7.336,7.336,7.336,7.336,1
2007-11-09 09:05:00,7.348,7.348,7.348,7.348,1
2007-11-09 09:06:00,7.336,7.338,7.336,7.338,2
2007-11-09 09:13:00,7.325,7.325,7.325,7.325,1
2007-11-09 09:30:00,7.347,7.347,7.347,7.347,1
2007-11-09 09:56:00,7.336,7.339,7.336,7.339,2
2007-11-09 10:01:00,7.333,7.333,7.333,7.333,1
2007-11-09 10:09:00,7.324,7.328,7.324,7.328,2
2007-11-09 10:15:00,7.336,7.336,7.336,7.336,1
2007-11-09 10:16:00,7.324,7.324,7.324,7.324,1
2007-11-09 10:17:00,7.327,7.327,7.327,7.327,1
2007-11-09 10:24:00,7.327,7.327,7.325,7.325,2
2007-11-09 10:26:00,7.327,7.331,7.327,7.331,2
2007-11-09 10:29:00,7.323,7.323,7.323,7.323,1
2007-11-09 10:33:00,7.33,7.33,7.33,7.33,1
2007-11-09 10:34:00,7.332,7.332,7.332,7.332,1
2007-11-09 10:53:00,7.328,7.328,7.328,7.328,1
2007-11-09 10:56:00,7.34,7.34,7.34,7.34,1
2007-11-09 10:57:00,7.342,7.342,7.342,7.342,1
2007-11-09 11:04:00,7.346,7.346,7.334,7.334,2
2007-11-09 11:05:00,7.335,7.335,7.335,7.335,1
2007-11-09 11:10:00,7.333,7.333,7.333,7.333,1
2007-11-09 11:15:00,7.342,7.342,7.342,7.342,1
2007-11-09 11:18:00,7.347,7.347,7.347,7.347,1
2007-11-09 11:19:00,7.351,7.351,7.351,7.351,1
2007-11-09 11:20:00,7.347,7.347,7.347,7.347,1
2007-11-09 11:23:00,7.335,7.343,7.335,7.343,2
2007-11-09 11:30:00,7.366,7.366,7.338,7.338,6
2007-11-09 11:31:00,7.373,7.373,7.352,7.368,5
2007-11-09 11:32:00,7.399,7.399,7.379,7.379,6
2007-11-09 11:36:00,7.38,7.38,7.38,7.38,1
2007-11-09 11:48:00,7.392,7.392,7.392,7.392,1
2007-11-09 11:49:00,7.363,7.379,7.363,7.364,3
2007-11-09 11:50:00,7.363,7.378,7.363,7.378,2
2007-11-09 11:51:00,7.377,7.377,7.361,7.361,4
2007-11-09 11:59:00,7.385,7.385,7.363,7.363,2
2007-11-09 12:00:00,7.361,7.361,7.361,7.361,1
2007-11-09 12:01:00,7.367,7.367,7.367,7.367,1
2007-11-09 12:03:00,7.357,7.357,7.357,7.357,1
2007-11-09 12:05:00,7.352,7.352,7.352,7.352,1
2007-11-09 12:11:00,7.353,7.354,7.353,7.354,2
2007-11-09 12:12:00,7.355,7.355,7.346,7.346,2
2007-11-09 12:13:00,7.361,7.361,7.361,7.361,1
2007-11-09 12:15:00,7.379,7.379,7.371,7.371,2
2007-11-09 12:16:00,7.372,7.372,7.372,7.372,1
2007-11-09 12:18:00,7.386,7.386,7.381,7.381,2
2007-11-09 12:19:00,7.381,7.39,7.381,7.39,2
2007-11-09 12:21:00,7.386,7.386,7.386,7.386,1
2007-11-09 12:22:00,7.396,7.396,7.393,7.393,2
2007-11-09 12:23:00,7.39,7.39,7.39,7.39,1
2007-11-09 12:26:00,7.391,7.391,7.386,7.386,2
2007-11-09 12:28:00,7.375,7.382,7.375,7.382,2
2007-11-09 12:29:00,7.373,7.373,7.373,7.373,1
2007-11-09 12:30:00,7.373,7.385,7.373,7.385,3
2007-11-09 12:32:00,7.372,7.372,7.367,7.367,2
2007-11-09 12:33:00,7.369,7.38,7.367,7.367,5
2007-11-09 12:35:00,7.373,7.389,7.373,7.38,4
2007-11-09 12:39:00,7.355,7.367,7.355,7.367,4
2007-11-09 12:40:00,7.339,7.348,7.339,7.348,4
2007-11-09 12:41:00,7.336,7.343,7.336,7.343,3
2007-11-09 12:42:00,7.349,7.354,7.343,7.343,3
2007-11-09 12:45:00,7.365,7.366,7.363,7.366,3
2007-11-09 12:46:00,7.359,7.359,7.359,7.359,1
2007-11-09 12:48:00,7.366,7.368,7.366,7.368,2
2007-11-09 12:51:00,7.368,7.368,7.368,7.368,1
2007-11-09 12:52:00,7.366,7.366,7.366,7.366,1
2007-11-09 12:53:00,7.364,7.364,7.36,7.36,2
2007-11-09 12:54:00,7.359,7.361,7.359,7.359,3
2007-11-09 12:55:00,7.354,7.354,7.354,7.354,1
2007-11-09 12:58:00,7.348,7.348,7.346,7.346,2
2007-11-09 12:59:00,7.352,7.352,7.352,7.352,1
2007-11-09 13:00:00,7.344,7.35,7.344,7.348,5
2007-11-09 13:01:00,7.344,7.348,7.344,7.346,3
2007-11-09 13:02:00,7.36,7.36,7.356,7.356,2
2007-11-09 13:03:00,7.362,7.366,7.362,7.366,2
2007-11-09 13:04:00,7.366,7.366,7.366,7.366,1
2007-11-09 13:05:00,7.362,7.362,7.362,7.362,1
2007-11-09 13:06:00,7.37,7.37,7.37,7.37,1
2007-11-09 13:07:00,7.359,7.368,7.359,7.368,2
2007-11-09 13:09:00,7.37,7.37,7.37,7.37,1
2007-11-09 13:10:00,7.358,7.368,7.358,7.368,3
2007-11-09 13:11:00,7.372,7.372,7.368,7.368,3
2007-11-09 13:12:00,7.372,7.372,7.37,7.37,2
2007-11-09 13:13:00,7.405,7.414,7.376,7.376,21
2007-11-09 13:14:00,7.401,7.41,7.39,7.41,5
2007-11-09 13:15:00,7.409,7.409,7.399,7.399,5
2007-11-09 13:16:00,7.423,7.423,7.404,7.404,11
2007-11-09 13:17:00,7.408,7.42,7.408,7.41,4
2007-11-09 13:18:00,7.406,7.412,7.403,7.412,6
2007-11-09 13:19:00,7.405,7.405,7.401,7.403,5
2007-11-09 13:20:00,7.401,7.401,7.401,7.401,1
2007-11-09 13:21:00,7.391,7.397,7.391,7.397,3
2007-11-09 13:22:00,7.382,7.389,7.372,7.389,11
2007-11-09 13:23:00,7.381,7.386,7.378,7.386,4
2007-11-09 13:24:00,7.379,7.386,7.378,7.386,5
2007-11-09 13:25:00,7.389,7.391,7.382,7.391,4
2007-11-09 13:26:00,7.399,7.399,7.383,7.383,7
2007-11-09 13:27:00,7.396,7.404,7.396,7.401,4
2007-11-09 13:28:00,7.406,7.406,7.401,7.401,2
2007-11-09 13:29:00,7.409,7.415,7.409,7.409,4
2007-11-09 13:30:00,7.417,7.417,7.415,7.415,2
2007-11-09 13:31:00,7.427,7.427,7.419,7.419,3
2007-11-09 13:32:00,7.42,7.425,7.41,7.425,8
2007-11-09 13:33:00,7.438,7.439,7.422,7.422,19
2007-11-09 13:34:00,7.433,7.439,7.425,7.435,8
2007-11-09 13:35:00,7.435,7.435,7.425,7.425,6
2007-11-09 13:36:00,7.434,7.441,7.431,7.439,6
2007-11-09 13:37:00,7.437,7.437,7.425,7.429,6
2007-11-09 13:38:00,7.429,7.434,7.426,7.434,7
2007-11-09 13:39:00,7.425,7.425,7.425,7.425,1
2007-11-09 13:40:00,7.425,7.43,7.425,7.428,4
2007-11-09 13:41:00,7.429,7.429,7.429,7.429,1
2007-11-09 13:42:00,7.426,7.43,7.426,7.427,4
2007-11-09 13:43:00,7.425,7.43,7.425,7.43,3
2007-11-09 13:44:00,7.407,7.42,7.407,7.42,9
2007-11-09 13:45:00,7.414,7.414,7.407,7.411,5
2007-11-09 13:46:00,7.408,7.412,7.408,7.412,3
2007-11-09 13:47:00,7.411,7.415,7.408,7.411,6
2007-11-09 13:48:00,7.416,7.42,7.414,7.414,5
2007-11-09 13:49:00,7.415,7.415,7.415,7.415,1
2007-11-09 13:50:00,7.412,7.416,7.412,7.416,3
2007-11-09 13:51:00,7.422,7.425,7.412,7.415,13
2007-11-09 13:52:00,7.416,7.419,7.415,7.419,5
2007-11-09 13:53:00,7.413,7.413,7.413,7.413,1
2007-11-09 13:54:00,7.407,7.413,7.407,7.411,7
2007-11-09 13:55:00,7.404,7.404,7.399,7.401,11
2007-11-09 13:56:00,7.402,7.406,7.402,7.406,3
2007-11-09 13:57:00,7.404,7.406,7.399,7.4,11
2007-11-09 13:58:00,7.401,7.404,7.401,7.401,5
2007-11-09 13:59:00,7.401,7.406,7.401,7.404,6
2007-11-09 14:00:00,7.402,7.405,7.397,7.403,24
2007-11-09 14:01:00,7.4,7.405,7.397,7.4,15
2007-11-09 14:02:00,7.39,7.398,7.39,7.398,8
2007-11-09 14:03:00,7.395,7.399,7.39,7.392,8
2007-11-09 14:04:00,7.399,7.401,7.395,7.397,12
2007-11-09 14:05:00,7.401,7.401,7.398,7.401,5
2007-11-09 14:06:00,7.402,7.404,7.4,7.4,12
2007-11-09 14:07:00,7.397,7.401,7.397,7.401,3
2007-11-09 14:08:00,7.397,7.402,7.395,7.399,10
2007-11-09 14:09:00,7.404,7.407,7.397,7.399,18
2007-11-09 14:10:00,7.401,7.405,7.396,7.403,26
2007-11-09 14:11:00,7.399,7.41,7.399,7.404,23
2007-11-09 14:12:00,7.403,7.404,7.396,7.397,19
2007-11-09 14:13:00,7.401,7.401,7.399,7.401,3
2007-11-09 14:14:00,7.392,7.399,7.392,7.399,10
2007-11-09 14:15:00,7.369,7.39,7.369,7.39,15
2007-11-09 14:16:00,7.384,7.384,7.371,7.373,27
2007-11-09 14:17:00,7.383,7.388,7.383,7.386,9
2007-11-09 14:18:00,7.392,7.395,7.381,7.381,16
2007-11-09 14:19:00,7.398,7.402,7.391,7.394,13
2007-11-09 14:20:00,7.4,7.405,7.398,7.4,8
2007-11-09 14:21:00,7.398,7.398,7.396,7.398,3
2007-11-09 14:22:00,7.398,7.402,7.398,7.4,4
2007-11-09 14:23:00,7.409,7.416,7.4,7.4,22
2007-11-09 14:24:00,7.407,7.419,7.405,7.411,15
2007-11-09 14:25:00,7.407,7.408,7.403,7.405,11
2007-11-09 14:26:00,7.403,7.407,7.402,7.402,7
2007-11-09 14:27:00,7.403,7.403,7.401,7.401,2
2007-11-09 14:28:00,7.411,7.412,7.401,7.401,10
2007-11-09 14:29:00,7.425,7.426,7.413,7.413,17
2007-11-09 14:30:00,7.421,7.426,7.419,7.423,12
2007-11-09 14:31:00,7.416,7.422,7.416,7.419,20
2007-11-09 14:32:00,7.406,7.418,7.406,7.414,9
2007-11-09 14:33:00,7.395,7.404,7.387,7.404,22
2007-11-09 14:34:00,7.397,7.397,7.391,7.397,18
2007-11-09 14:35:00,7.398,7.404,7.394,7.394,13
2007-11-09 14:36:00,7.406,7.406,7.397,7.4,7
2007-11-09 14:37:00,7.405,7.408,7.402,7.408,4
2007-11-09 14:38:00,7.402,7.405,7.397,7.402,6
2007-11-09 14:39:00,7.391,7.4,7.389,7.4,6
2007-11-09 14:40:00,7.391,7.394,7.389,7.393,8
2007-11-09 14:41:00,7.391,7.394,7.39,7.393,8
2007-11-09 14:42:00,7.394,7.394,7.389,7.389,17
2007-11-09 14:43:00,7.396,7.398,7.394,7.396,7
2007-11-09 14:44:00,7.416,7.419,7.396,7.398,25
2007-11-09 14:45:00,7.418,7.421,7.416,7.42,8
2007-11-09 14:46:00,7.413,7.416,7.412,7.416,5
2007-11-09 14:47:00,7.41,7.413,7.41,7.41,10
2007-11-09 14:48:00,7.42,7.423,7.412,7.412,15
2007-11-09 14:49:00,7.421,7.421,7.416,7.416,11
2007-11-09 14:50:00,7.405,7.423,7.398,7.423,23
2007-11-09 14:51:00,7.407,7.412,7.407,7.407,5
2007-11-09 14:52:00,7.409,7.412,7.409,7.412,4
2007-11-09 14:53:00,7.403,7.407,7.401,7.407,10
2007-11-09 14:54:00,7.407,7.409,7.405,7.406,6
2007-11-09 14:55:00,7.403,7.405,7.403,7.405,4
2007-11-09 14:56:00,7.402,7.406,7.402,7.406,3
2007-11-09 14:58:00,7.398,7.398,7.398,7.398,1
2007-11-09 14:59:00,7.398,7.401,7.398,7.401,2
2007-11-09 15:00:00,7.402,7.402,7.397,7.399,23
2007-11-09 15:01:00,7.414,7.414,7.404,7.404,13
2007-11-09 15:02:00,7.409,7.411,7.409,7.411,2
2007-11-09 15:03:00,7.405,7.409,7.403,7.407,8
2007-11-09 15:04:00,7.407,7.407,7.402,7.407,7
2007-11-09 15:05:00,7.4,7.404,7.399,7.404,9
2007-11-09 15:06:00,7.402,7.402,7.4,7.402,3
2007-11-09 15:07:00,7.412,7.414,7.402,7.404,21
2007-11-09 15:08:00,7.412,7.414,7.412,7.414,2
2007-11-09 15:09:00,7.419,7.419,7.41,7.41,7
2007-11-09 15:10:00,7.426,7.428,7.417,7.42,18
2007-11-09 15:11:00,7.43,7.435,7.426,7.43,28
2007-11-09 15:12:00,7.425,7.431,7.423,7.428,16
2007-11-09 15:13:00,7.431,7.433,7.425,7.427,12
2007-11-09 15:14:00,7.425,7.431,7.424,7.428,10
2007-11-09 15:15:00,7.41,7.423,7.41,7.423,16
2007-11-09 15:16:00,7.408,7.412,7.404,7.412,12
2007-11-09 15:17:00,7.407,7.408,7.403,7.406,8
2007-11-09 15:18:00,7.423,7.423,7.404,7.409,15
2007-11-09 15:19:00,7.424,7.431,7.414,7.425,37
2007-11-09 15:20:00,7.42,7.428,7.42,7.426,6
2007-11-09 15:21:00,7.426,7.426,7.418,7.418,7
2007-11-09 15:23:00,7.442,7.448,7.421,7.423,30
2007-11-09 15:24:00,7.446,7.452,7.44,7.445,38
2007-11-09 15:25:00,7.454,7.455,7.442,7.448,16
2007-11-09 15:26:00,7.451,7.452,7.449,7.451,7
2007-11-09 15:27:00,7.452,7.455,7.448,7.453,17
2007-11-09 15:28:00,7.445,7.454,7.442,7.454,18
2007-11-09 15:29:00,7.443,7.448,7.441,7.443,20
2007-11-09 15:30:00,7.44,7.445,7.436,7.442,16
2007-11-09 15:31:00,7.436,7.438,7.436,7.438,2
2007-11-09 15:32:00,7.436,7.436,7.431,7.432,5
2007-11-09 15:33:00,7.435,7.443,7.435,7.438,24
2007-11-09 15:34:00,7.442,7.442,7.431,7.431,12
2007-11-09 15:35:00,7.435,7.438,7.43,7.438,9
2007-11-09 15:36:00,7.439,7.444,7.432,7.437,14
2007-11-09 15:37:00,7.441,7.441,7.437,7.437,3
2007-11-09 15:38:00,7.441,7.441,7.437,7.439,5
2007-11-09 15:39:00,7.441,7.447,7.439,7.443,12
2007-11-09 15:40:00,7.45,7.451,7.444,7.444,8
2007-11-09 15:41:00,7.45,7.452,7.448,7.452,6
2007-11-09 15:42:00,7.444,7.448,7.442,7.448,5
2007-11-09 15:43:00,7.449,7.449,7.446,7.446,3
2007-11-09 15:44:00,7.444,7.447,7.442,7.447,4
2007-11-09 15:45:00,7.439,7.448,7.439,7.446,9
2007-11-09 15:46:00,7.447,7.449,7.441,7.441,9
2007-11-09 15:47:00,7.451,7.451,7.449,7.451,3
2007-11-09 15:48:00,7.445,7.449,7.445,7.449,3
2007-11-09 15:49:00,7.442,7.444,7.437,7.442,9
2007-11-09 15:50:00,7.442,7.445,7.436,7.44,10
2007-11-09 15:51:00,7.455,7.455,7.44,7.44,21
2007-11-09 15:52:00,7.45,7.452,7.448,7.452,8
2007-11-09 15:53:00,7.449,7.45,7.447,7.448,6
2007-11-09 15:54:00,7.445,7.448,7.443,7.448,4
2007-11-09 15:55:00,7.435,7.444,7.433,7.442,11
2007-11-09 15:56:00,7.428,7.435,7.414,7.433,35
2007-11-09 15:57:00,7.414,7.428,7.414,7.425,21
2007-11-09 15:58:00,7.428,7.431,7.411,7.413,18
2007-11-09 15:59:00,7.424,7.427,7.42,7.426,11
2007-11-09 16:00:00,7.428,7.433,7.421,7.421,14
2007-11-09 16:01:00,7.432,7.433,7.428,7.43,11
2007-11-09 16:02:00,7.432,7.433,7.43,7.433,4
2007-11-09 16:03:00,7.432,7.434,7.428,7.43,11
2007-11-09 16:04:00,7.435,7.439,7.432,7.434,15
2007-11-09 16:05:00,7.429,7.434,7.429,7.434,3
2007-11-09 16:06:00,7.446,7.446,7.431,7.431,12
2007-11-09 16:07:00,7.444,7.446,7.44,7.444,12
2007-11-09 16:08:00,7.442,7.446,7.439,7.442,7
2007-11-09 16:09:00,7.43,7.437,7.427,7.437,21
2007-11-09 16:10:00,7.443,7.443,7.432,7.432,9
2007-11-09 16:11:00,7.449,7.454,7.439,7.441,29
2007-11-09 16:12:00,7.446,7.454,7.444,7.451,15
2007-11-09 16:13:00,7.459,7.46,7.448,7.448,23
2007-11-09 16:14:00,7.455,7.461,7.447,7.461,20
2007-11-09 16:15:00,7.467,7.467,7.453,7.453,22
2007-11-09 16:16:00,7.473,7.478,7.464,7.464,27
2007-11-09 16:17:00,7.464,7.471,7.464,7.471,7
2007-11-09 16:18:00,7.469,7.47,7.463,7.468,10
2007-11-09 16:19:00,7.475,7.475,7.467,7.467,9
2007-11-09 16:20:00,7.466,7.474,7.461,7.474,14
2007-11-09 16:21:00,7.465,7.474,7.461,7.468,13
2007-11-09 16:22:00,7.477,7.487,7.467,7.467,40
2007-11-09 16:23:00,7.451,7.48,7.441,7.48,45
2007-11-09 16:24:00,7.457,7.465,7.453,7.453,17
2007-11-09 16:25:00,7.452,7.456,7.447,7.452,16
2007-11-09 16:26:00,7.458,7.459,7.45,7.454,9
2007-11-09 16:27:00,7.448,7.462,7.444,7.46,21
2007-11-09 16:28:00,7.458,7.462,7.45,7.45,16
2007-11-09 16:29:00,7.458,7.46,7.456,7.46,8
2007-11-09 16:30:00,7.457,7.461,7.455,7.46,9
2007-11-09 16:31:00,7.45,7.455,7.45,7.455,3
2007-11-09 16:32:00,7.456,7.46,7.452,7.452,10
2007-11-09 16:33:00,7.444,7.459,7.443,7.459,15
2007-11-09 16:34:00,7.43,7.442,7.428,7.442,22
2007-11-09 16:35:00,7.426,7.434,7.413,7.432,61
2007-11-09 16:36:00,7.429,7.432,7.421,7.424,22
2007-11-09 16:37:00,7.449,7.449,7.43,7.431,24
2007-11-09 16:38:00,7.445,7.449,7.443,7.444,9
2007-11-09 16:39:00,7.432,7.455,7.43,7.449,45
2007-11-09 16:40:00,7.452,7.453,7.435,7.435,31
2007-11-09 16:41:00,7.467,7.474,7.454,7.454,38
2007-11-09 16:42:00,7.453,7.465,7.451,7.465,26
2007-11-09 16:43:00,7.472,7.472,7.456,7.456,43
2007-11-09 16:44:00,7.47,7.483,7.463,7.47,37
2007-11-09 16:45:00,7.464,7.472,7.457,7.472,16
2007-11-09 16:46:00,7.467,7.469,7.464,7.467,12
2007-11-09 16:47:00,7.464,7.466,7.464,7.464,5
2007-11-09 16:48:00,7.474,7.474,7.463,7.466,17
2007-11-09 16:49:00,7.475,7.478,7.467,7.476,16
2007-11-09 16:50:00,7.466,7.478,7.466,7.473,26
2007-11-09 16:51:00,7.466,7.47,7.466,7.47,8
2007-11-09 16:52:00,7.469,7.472,7.467,7.468,10
2007-11-09 16:53:00,7.468,7.472,7.468,7.471,5
2007-11-09 16:54:00,7.465,7.47,7.462,7.466,8
2007-11-09 16:55:00,7.464,7.466,7.461,7.463,9
2007-11-09 16:56:00,7.466,7.466,7.462,7.462,3
2007-11-09 16:57:00,7.463,7.464,7.46,7.464,6
2007-11-09 16:58:00,7.459,7.463,7.459,7.461,6
2007-11-09 16:59:00,7.462,7.466,7.457,7.457,6
2007-11-09 17:00:00,7.465,7.467,7.46,7.467,12
2007-11-09 17:01:00,7.461,7.461,7.461,7.461,1
2007-11-09 17:02:00,7.461,7.461,7.457,7.459,5
2007-11-09 17:03:00,7.461,7.466,7.456,7.463,10
2007-11-09 17:04:00,7.468,7.469,7.457,7.457,10
2007-11-09 17:05:00,7.467,7.475,7.466,7.466,11
2007-11-09 17:06:00,7.469,7.472,7.469,7.469,7
2007-11-09 17:07:00,7.471,7.471,7.461,7.467,9
2007-11-09 17:08:00,7.483,7.483,7.474,7.474,13
2007-11-09 17:09:00,7.504,7.504,7.485,7.485,34
2007-11-09 17:10:00,7.488,7.507,7.485,7.505,30
2007-11-09 17:11:00,7.495,7.495,7.489,7.489,8
2007-11-09 17:12:00,7.505,7.506,7.489,7.497,12
2007-11-09 17:13:00,7.5,7.507,7.498,7.503,28
2007-11-09 17:14:00,7.488,7.506,7.483,7.502,27
2007-11-09 17:15:00,7.482,7.489,7.482,7.486,8
2007-11-09 17:16:00,7.484,7.486,7.478,7.484,11
2007-11-09 17:17:00,7.491,7.498,7.482,7.482,15
2007-11-09 17:18:00,7.497,7.499,7.491,7.493,6
2007-11-09 17:19:00,7.497,7.499,7.497,7.499,2
2007-11-09 17:20:00,7.49,7.495,7.49,7.495,4
2007-11-09 17:21:00,7.507,7.509,7.491,7.491,21
2007-11-09 17:22:00,7.509,7.51,7.505,7.509,18
2007-11-09 17:23:00,7.508,7.509,7.502,7.507,16
2007-11-09 17:24:00,7.507,7.509,7.502,7.509,15
2007-11-09 17:25:00,7.494,7.505,7.49,7.505,26
2007-11-09 17:26:00,7.496,7.503,7.493,7.496,11
2007-11-09 17:27:00,7.498,7.501,7.494,7.494,6
2007-11-09 17:28:00,7.503,7.505,7.501,7.501,6
2007-11-09 17:29:00,7.49,7.504,7.488,7.501,13
2007-11-09 17:30:00,7.491,7.493,7.488,7.488,6
2007-11-09 17:31:00,7.475,7.489,7.473,7.489,15
2007-11-09 17:32:00,7.476,7.481,7.473,7.476,19
2007-11-09 17:33:00,7.478,7.478,7.476,7.478,3
2007-11-09 17:34:00,7.484,7.486,7.48,7.48,9
2007-11-09 17:35:00,7.488,7.49,7.483,7.488,7
2007-11-09 17:36:00,7.497,7.497,7.484,7.486,8
2007-11-09 17:37:00,7.497,7.502,7.497,7.499,12
2007-11-09 17:38:00,7.493,7.499,7.493,7.499,7
2007-11-09 17:39:00,7.495,7.495,7.489,7.491,5
2007-11-09 17:40:00,7.495,7.496,7.493,7.493,4
2007-11-09 17:41:00,7.491,7.494,7.491,7.492,3
2007-11-09 17:42:00,7.489,7.489,7.487,7.487,2
2007-11-09 17:43:00,7.484,7.486,7.484,7.486,4
2007-11-09 17:44:00,7.475,7.486,7.472,7.482,15
2007-11-09 17:45:00,7.484,7.484,7.471,7.473,20
2007-11-09 17:46:00,7.487,7.487,7.487,7.487,1
2007-11-09 17:47:00,7.488,7.49,7.485,7.485,4
2007-11-09 17:48:00,7.483,7.486,7.481,7.486,5
2007-11-09 17:49:00,7.474,7.481,7.473,7.481,13
2007-11-09 17:50:00,7.483,7.483,7.474,7.477,10
2007-11-09 17:51:00,7.491,7.491,7.485,7.485,4
2007-11-09 17:52:00,7.491,7.492,7.489,7.489,4
2007-11-09 17:54:00,7.494,7.494,7.494,7.494,1
2007-11-09 17:55:00,7.496,7.496,7.492,7.492,5
2007-11-09 17:56:00,7.499,7.499,7.495,7.498,4
2007-11-09 17:57:00,7.493,7.501,7.49,7.497,7
2007-11-09 17:58:00,7.495,7.495,7.491,7.491,3
2007-11-09 17:59:00,7.493,7.493,7.493,7.493,1
2007-11-09 18:00:00,7.49,7.49,7.49,7.49,1
2007-11-09 18:01:00,7.488,7.49,7.486,7.488,9
2007-11-09 18:02:00,7.48,7.485,7.48,7.485,5
2007-11-09 18:03:00,7.48,7.484,7.476,7.478,7
2007-11-09 18:04:00,7.476,7.486,7.476,7.482,6
2007-11-09 18:05:00,7.474,7.481,7.472,7.474,9
2007-11-09 18:06:00,7.467,7.478,7.467,7.478,12
2007-11-09 18:07:00,7.469,7.472,7.468,7.468,5
2007-11-09 18:08:00,7.473,7.477,7.471,7.471,8
2007-11-09 18:09:00,7.487,7.49,7.475,7.475,9
2007-11-09 18:10:00,7.482,7.486,7.482,7.486,8
2007-11-09 18:11:00,7.489,7.489,7.484,7.484,4
2007-11-09 18:12:00,7.507,7.507,7.491,7.491,13
2007-11-09 18:13:00,7.507,7.517,7.507,7.509,20
2007-11-09 18:14:00,7.504,7.51,7.495,7.505,20
2007-11-09 18:15:00,7.503,7.506,7.501,7.506,4
2007-11-09 18:16:00,7.5,7.506,7.494,7.505,13
2007-11-09 18:17:00,7.501,7.505,7.5,7.502,8
2007-11-09 18:19:00,7.494,7.499,7.492,7.499,10
2007-11-09 18:21:00,7.496,7.5,7.496,7.496,5
2007-11-09 18:22:00,7.504,7.506,7.498,7.498,5
2007-11-09 18:23:00,7.499,7.502,7.499,7.502,6
2007-11-09 18:24:00,7.501,7.501,7.501,7.501,1
2007-11-09 18:25:00,7.498,7.505,7.498,7.503,5
2007-11-09 18:26:00,7.5,7.5,7.498,7.5,7
2007-11-09 18:27:00,7.5,7.5,7.498,7.498,2
2007-11-09 18:28:00,7.492,7.498,7.488,7.498,15
2007-11-09 18:29:00,7.499,7.499,7.488,7.49,8
2007-11-09 18:30:00,7.5,7.508,7.5,7.501,17
2007-11-09 18:31:00,7.5,7.5,7.498,7.498,2
2007-11-09 18:32:00,7.498,7.498,7.498,7.498,1
2007-11-09 18:33:00,7.501,7.501,7.494,7.496,5
2007-11-09 18:34:00,7.503,7.505,7.5,7.503,6
2007-11-09 18:35:00,7.499,7.501,7.499,7.501,2
2007-11-09 18:37:00,7.5,7.5,7.495,7.497,4
2007-11-09 18:38:00,7.496,7.502,7.496,7.502,3
2007-11-09 18:39:00,7.492,7.495,7.49,7.495,4
2007-11-09 18:40:00,7.49,7.494,7.49,7.49,6
2007-11-09 18:41:00,7.487,7.495,7.487,7.493,7
2007-11-09 18:42:00,7.487,7.492,7.487,7.489,4
2007-11-09 18:43:00,7.49,7.491,7.488,7.489,4
2007-11-09 18:45:00,7.486,7.488,7.486,7.488,2
2007-11-09 18:46:00,7.49,7.49,7.488,7.488,2
2007-11-09 18:47:00,7.496,7.497,7.493,7.493,6
2007-11-09 18:48:00,7.5,7.5,7.497,7.497,2
2007-11-09 18:49:00,7.496,7.498,7.496,7.497,3
2007-11-09 18:50:00,7.502,7.51,7.496,7.498,17
2007-11-09 18:51:00,7.517,7.518,7.504,7.504,23
2007-11-09 18:52:00,7.518,7.527,7.511,7.521,20
2007-11-09 18:53:00,7.531,7.535,7.516,7.516,31
2007-11-09 18:54:00,7.531,7.538,7.529,7.529,15
2007-11-09 18:55:00,7.532,7.534,7.519,7.534,26
2007-11-09 18:56:00,7.517,7.534,7.517,7.534,13
2007-11-09 18:57:00,7.533,7.538,7.519,7.519,34
2007-11-09 18:58:00,7.52,7.532,7.518,7.53,18
2007-11-09 18:59:00,7.519,7.525,7.518,7.522,9
2007-11-09 19:00:00,7.512,7.523,7.512,7.518,14
2007-11-09 19:01:00,7.514,7.517,7.51,7.51,9
2007-11-09 19:02:00,7.516,7.516,7.516,7.516,1
2007-11-09 19:03:00,7.516,7.519,7.516,7.519,5
2007-11-09 19:04:00,7.522,7.523,7.518,7.518,6
2007-11-09 19:05:00,7.519,7.522,7.519,7.52,6
2007-11-09 19:06:00,7.524,7.528,7.52,7.52,11
2007-11-09 19:07:00,7.519,7.522,7.519,7.522,5
2007-11-09 19:08:00,7.511,7.517,7.51,7.517,13
2007-11-09 19:09:00,7.497,7.509,7.492,7.509,27
2007-11-09 19:10:00,7.497,7.503,7.493,7.493,17
2007-11-09 19:11:00,7.498,7.5,7.496,7.5,4
2007-11-09 19:12:00,7.51,7.51,7.5,7.5,8
2007-11-09 19:13:00,7.508,7.513,7.508,7.513,9
2007-11-09 19:14:00,7.51,7.51,7.505,7.51,5
2007-11-09 19:15:00,7.506,7.508,7.503,7.508,12
2007-11-09 19:16:00,7.514,7.514,7.506,7.508,9
2007-11-09 19:17:00,7.499,7.514,7.499,7.512,15
2007-11-09 19:18:00,7.499,7.503,7.499,7.501,4
2007-11-09 19:19:00,7.497,7.497,7.497,7.497,1
2007-11-09 19:20:00,7.501,7.501,7.494,7.494,7
2007-11-09 19:21:00,7.506,7.506,7.504,7.504,4
2007-11-09 19:22:00,7.504,7.507,7.5,7.504,10
2007-11-09 19:23:00,7.495,7.507,7.493,7.507,8
2007-11-09 19:24:00,7.49,7.497,7.49,7.497,13
2007-11-09 19:25:00,7.482,7.493,7.482,7.491,15
2007-11-09 19:26:00,7.481,7.484,7.479,7.484,8
2007-11-09 19:27:00,7.482,7.485,7.472,7.479,26
2007-11-09 19:28:00,7.481,7.485,7.476,7.484,21
2007-11-09 19:29:00,7.478,7.481,7.473,7.479,21
2007-11-09 19:30:00,7.484,7.487,7.476,7.476,12
2007-11-09 19:31:00,7.482,7.488,7.482,7.482,7
2007-11-09 19:32:00,7.475,7.48,7.475,7.48,3
2007-11-09 19:33:00,7.47,7.479,7.47,7.479,4
2007-11-09 19:34:00,7.47,7.473,7.47,7.473,4
2007-11-09 19:35:00,7.476,7.476,7.472,7.472,2
2007-11-09 19:36:00,7.473,7.475,7.473,7.475,2
2007-11-09 19:37:00,7.472,7.472,7.47,7.47,2
2007-11-09 19:39:00,7.465,7.47,7.463,7.47,5
2007-11-09 19:40:00,7.458,7.463,7.456,7.463,4
2007-11-09 19:42:00,7.461,7.461,7.459,7.46,3
2007-11-09 19:43:00,7.463,7.463,7.463,7.463,1
2007-11-09 19:45:00,7.463,7.463,7.461,7.461,2
2007-11-09 19:48:00,7.47,7.47,7.468,7.468,2
2007-11-09 19:49:00,7.469,7.469,7.466,7.466,2
2007-11-09 19:50:00,7.478,7.478,7.471,7.471,4
2007-11-09 19:51:00,7.474,7.474,7.474,7.474,1
2007-11-09 19:52:00,7.476,7.476,7.476,7.476,1
2007-11-09 19:53:00,7.473,7.473,7.473,7.473,1
2007-11-09 19:57:00,7.47,7.47,7.47,7.47,1
2007-11-09 19:58:00,7.468,7.468,7.468,7.468,1
2007-11-09 20:01:00,7.464,7.464,7.459,7.464,3
2007-11-09 20:04:00,7.46,7.46,7.46,7.46,1
2007-11-09 20:07:00,7.464,7.464,7.464,7.464,1
2007-11-09 20:14:00,7.462,7.462,7.462,7.462,1
2007-11-09 20:16:00,7.464,7.464,7.464,7.464,1
2007-11-09 20:17:00,7.454,7.454,7.454,7.454,1
2007-11-09 20:19:00,7.469,7.469,7.467,7.467,2
2007-11-09 20:24:00,7.473,7.473,7.473,7.473,1
2007-11-09 20:29:00,7.465,7.472,7.465,7.47,3
2007-11-09 20:30:00,7.469,7.469,7.469,7.469,1
2007-11-09 20:31:00,7.471,7.471,7.471,7.471,1
2007-11-09 20:35:00,7.464,7.464,7.464,7.464,1
2007-11-09 20:36:00,7.461,7.461,7.461,7.461,1
2007-11-09 20:38:00,7.471,7.471,7.469,7.469,2
2007-11-09 20:41:00,7.475,7.475,7.475,7.475,1
2007-11-09 20:45:00,7.467,7.471,7.467,7.471,2
2007-11-09 20:46:00,7.465,7.475,7.464,7.464,3
2007-11-09 20:49:00,7.464,7.468,7.464,7.468,3
2007-11-09 20:51:00,7.466,7.466,7.466,7.466,1
2007-11-09 20:54:00,7.468,7.468,7.468,7.468,1
2007-11-09 20:56:00,7.464,7.464,7.464,7.464,1
2007-11-09 20:57:00,7.477,7.477,7.469,7.469,4
2007-11-09 20:58:00,7.486,7.486,7.48,7.48,3
2007-11-09 20:59:00,7.483,7.483,7.483,7.483,1
2007-11-09 21:01:00,7.481,7.481,7.481,7.481,1
2007-11-09 21:06:00,7.482,7.482,7.482,7.482,1
2007-11-09 21:10:00,7.483,7.483,7.483,7.483,1
2007-11-09 21:12:00,7.477,7.477,7.477,7.477,1
2007-11-09 21:19:00,7.482,7.482,7.482,7.482,1
2007-11-09 21:21:00,7.484,7.484,7.484,7.484,1
2007-11-09 21:25:00,7.482,7.482,7.482,7.482,1
2007-11-09 21:30:00,7.478,7.478,7.478,7.478,1
2007-11-09 21:37:00,7.482,7.482,7.475,7.475,2
2007-11-09 21:43:00,7.475,7.475,7.475,7.475,1
2007-11-09 21:54:00,7.469,7.471,7.469,7.471,2
2007-11-09 22:06:00,7.472,7.486,7.472,7.486,2
2007-11-09 22:10:00,7.48,7.48,7.48,7.48,1
2007-11-09 22:13:00,7.499,7.499,7.489,7.489,3
2007-11-09 22:14:00,7.499,7.499,7.494,7.494,2
2007-11-11 23:00:00,7.485,7.485,7.485,7.485,1
2007-11-11 23:03:00,7.456,7.456,7.456,7.456,1
2007-11-11 23:05:00,7.45,7.45,7.45,7.45,1
2007-11-11 23:07:00,7.461,7.461,7.452,7.452,2
2007-11-11 23:08:00,7.471,7.471,7.466,7.466,2
2007-11-11 23:09:00,7.468,7.468,7.468,7.468,1
2007-11-11 23:10:00,7.475,7.475,7.475,7.475,1
2007-11-11 23:13:00,7.47,7.47,7.47,7.47,1
2007-11-11 23:15:00,7.462,7.462,7.462,7.462,1
2007-11-11 23:18:00,7.472,7.472,7.472,7.472,1
2007-11-11 23:35:00,7.466,7.466,7.466,7.466,1
2007-11-11 23:36:00,7.45,7.463,7.448,7.463,4
2007-11-11 23:37:00,7.444,7.452,7.444,7.452,2
2007-11-11 23:44:00,7.432,7.439,7.432,7.439,3
2007-11-11 23:45:00,7.41,7.41,7.41,7.41,1
2007-11-11 23:57:00,7.415,7.415,7.415,7.415,1
2007-11-11 23:58:00,7.405,7.41,7.405,7.41,2
2007-11-12 00:04:00,7.426,7.426,7.421,7.421,2
2007-11-12 00:11:00,7.415,7.428,7.415,7.428,2
2007-11-12 00:14:00,7.419,7.419,7.419,7.419,1
2007-11-12 00:18:00,7.415,7.415,7.415,7.415,1
2007-11-12 00:32:00,7.41,7.41,7.41,7.41,1
2007-11-12 00:40:00,7.419,7.419,7.419,7.419,1
2007-11-12 00:44:00,7.42,7.42,7.42,7.42,1
2007-11-12 00:54:00,7.431,7.431,7.425,7.425,2
2007-11-12 00:55:00,7.427,7.427,7.427,7.427,1
2007-11-12 00:56:00,7.433,7.433,7.431,7.431,2
2007-11-12 00:58:00,7.444,7.444,7.444,7.444,1
2007-11-12 01:02:00,7.445,7.445,7.434,7.434,2
2007-11-12 01:07:00,7.447,7.447,7.447,7.447,1
2007-11-12 01:08:00,7.449,7.449,7.449,7.449,1
2007-11-12 01:09:00,7.439,7.439,7.439,7.439,1
2007-11-12 01:15:00,7.423,7.423,7.423,7.423,1
2007-11-12 01:18:00,7.435,7.435,7.435,7.435,1
2007-11-12 01:20:00,7.425,7.425,7.425,7.425,1
2007-11-12 01:38:00,7.437,7.437,7.433,7.433,2
2007-11-12 01:39:00,7.435,7.435,7.435,7.435,1
2007-11-12 03:07:00,7.441,7.441,7.441,7.441,1
2007-11-12 03:13:00,7.444,7.444,7.444,7.444,1
2007-11-12 03:22:00,7.447,7.447,7.447,7.447,1
2007-11-12 04:00:00,7.442,7.442,7.442,7.442,1
2007-11-12 04:34:00,7.456,7.456,7.452,7.452,2
2007-11-12 04:46:00,7.457,7.457,7.457,7.457,1
2007-11-12 04:47:00,7.444,7.444,7.444,7.444,1
2007-11-12 04:50:00,7.457,7.457,7.457,7.457,1
2007-11-12 04:56:00,7.463,7.463,7.463,7.463,1
2007-11-12 05:04:00,7.466,7.466,7.466,7.466,1
2007-11-12 05:29:00,7.472,7.472,7.472,7.472,1
2007-11-12 05:38:00,7.467,7.467,7.467,7.467,1
2007-11-12 05:40:00,7.479,7.479,7.479,7.479,1
2007-11-12 05:50:00,7.458,7.458,7.458,7.458,1
2007-11-12 07:50:00,7.488,7.488,7.461,7.461,3
2007-11-12 08:14:00,7.479,7.479,7.479,7.479,1
2007-11-12 08:28:00,7.455,7.455,7.455,7.455,1
2007-11-12 08:44:00,7.448,7.448,7.448,7.448,1
2007-11-12 08:53:00,7.464,7.464,7.464,7.464,1
2007-11-12 09:00:00,7.462,7.462,7.462,7.462,1
2007-11-12 09:21:00,7.442,7.442,7.442,7.442,1
2007-11-12 09:28:00,7.433,7.433,7.433,7.433,1
2007-11-12 10:05:00,7.455,7.455,7.442,7.442,2
2007-11-12 10:12:00,7.461,7.461,7.461,7.461,1
2007-11-12 10:22:00,7.443,7.443,7.443,7.443,1
2007-11-12 10:38:00,7.457,7.457,7.457,7.457,1
2007-11-12 10:47:00,7.452,7.452,7.452,7.452,1
2007-11-12 10:48:00,7.465,7.465,7.461,7.461,2
2007-11-12 10:49:00,7.491,7.491,7.489,7.489,2
2007-11-12 11:00:00,7.494,7.494,7.494,7.494,1
2007-11-12 11:04:00,7.5,7.5,7.5,7.5,1
2007-11-12 11:13:00,7.467,7.476,7.467,7.476,3
2007-11-12 11:25:00,7.445,7.445,7.445,7.445,1
2007-11-12 11:32:00,7.444,7.444,7.444,7.444,1
2007-11-12 11:41:00,7.453,7.453,7.453,7.453,1
2007-11-12 12:02:00,7.451,7.451,7.451,7.451,1
2007-11-12 12:03:00,7.425,7.433,7.425,7.433,3
2007-11-12 12:04:00,7.412,7.421,7.412,7.421,5
2007-11-12 12:06:00,7.41,7.422,7.41,7.422,2
2007-11-12 12:14:00,7.401,7.406,7.401,7.406,3
2007-11-12 12:15:00,7.404,7.404,7.404,7.404,1
2007-11-12 12:18:00,7.397,7.402,7.397,7.402,3
2007-11-12 12:19:00,7.392,7.394,7.392,7.394,2
2007-11-12 12:20:00,7.406,7.406,7.406,7.406,1
2007-11-12 12:21:00,7.397,7.397,7.397,7.397,1
2007-11-12 12:27:00,7.42,7.42,7.42,7.42,1
2007-11-12 12:30:00,7.422,7.422,7.422,7.422,1
2007-11-12 12:35:00,7.416,7.416,7.416,7.416,1
2007-11-12 12:38:00,7.41,7.41,7.41,7.41,1
2007-11-12 12:39:00,7.408,7.408,7.408,7.408,1
2007-11-12 12:40:00,7.406,7.406,7.397,7.397,2
2007-11-12 12:41:00,7.418,7.418,7.418,7.418,1
2007-11-12 12:48:00,7.419,7.419,7.419,7.419,1
2007-11-12 12:50:00,7.424,7.424,7.424,7.424,1
2007-11-12 12:52:00,7.431,7.431,7.426,7.426,3
2007-11-12 12:53:00,7.433,7.433,7.433,7.433,1
2007-11-12 12:54:00,7.436,7.436,7.43,7.43,2
2007-11-12 12:55:00,7.432,7.432,7.43,7.432,3
2007-11-12 12:56:00,7.426,7.426,7.426,7.426,1
2007-11-12 12:57:00,7.419,7.422,7.419,7.422,2
2007-11-12 12:58:00,7.397,7.41,7.397,7.41,6
2007-11-12 12:59:00,7.389,7.389,7.389,7.389,1
2007-11-12 13:00:00,7.391,7.394,7.391,7.392,3
2007-11-12 13:01:00,7.388,7.39,7.388,7.39,2
2007-11-12 13:02:00,7.386,7.386,7.376,7.378,3
2007-11-12 13:03:00,7.391,7.391,7.386,7.388,5
2007-11-12 13:04:00,7.388,7.388,7.388,7.388,1
2007-11-12 13:05:00,7.369,7.381,7.369,7.381,5
2007-11-12 13:06:00,7.373,7.379,7.369,7.37,4
2007-11-12 13:07:00,7.383,7.383,7.374,7.38,5
2007-11-12 13:10:00,7.399,7.402,7.385,7.385,13
2007-11-12 13:11:00,7.406,7.406,7.393,7.402,10
2007-11-12 13:12:00,7.403,7.403,7.403,7.403,1
2007-11-12 13:13:00,7.393,7.397,7.393,7.397,3
2007-11-12 13:14:00,7.395,7.396,7.389,7.396,6
2007-11-12 13:15:00,7.397,7.397,7.393,7.397,3
2007-11-12 13:16:00,7.38,7.393,7.372,7.393,8
2007-11-12 13:17:00,7.375,7.378,7.375,7.378,2
2007-11-12 13:18:00,7.383,7.383,7.383,7.383,1
2007-11-12 13:19:00,7.389,7.389,7.389,7.389,1
2007-11-12 13:20:00,7.399,7.399,7.391,7.391,4
2007-11-12 13:21:00,7.393,7.401,7.393,7.401,3
2007-11-12 13:22:00,7.396,7.396,7.396,7.396,1
2007-11-12 13:23:00,7.393,7.393,7.393,7.393,1
2007-11-12 13:24:00,7.399,7.399,7.395,7.395,3
2007-11-12 13:26:00,7.402,7.402,7.398,7.398,2
2007-11-12 13:27:00,7.411,7.411,7.407,7.407,3
2007-11-12 13:28:00,7.414,7.414,7.414,7.414,1
2007-11-12 13:29:00,7.417,7.417,7.417,7.417,1
2007-11-12 13:30:00,7.42,7.426,7.416,7.423,6
2007-11-12 13:31:00,7.417,7.42,7.415,7.419,5
2007-11-12 13:33:00,7.422,7.422,7.422,7.422,1
2007-11-12 13:34:00,7.415,7.42,7.415,7.42,3
2007-11-12 13:35:00,7.41,7.413,7.405,7.413,5
2007-11-12 13:36:00,7.417,7.417,7.414,7.414,2
2007-11-12 13:38:00,7.414,7.414,7.412,7.412,4
2007-11-12 13:39:00,7.417,7.417,7.417,7.417,1
2007-11-12 13:43:00,7.424,7.424,7.421,7.421,2
2007-11-12 13:44:00,7.417,7.422,7.414,7.422,4
2007-11-12 13:45:00,7.409,7.412,7.409,7.412,2
2007-11-12 13:46:00,7.421,7.421,7.413,7.414,7
2007-11-12 13:47:00,7.422,7.422,7.416,7.416,3
2007-11-12 13:48:00,7.417,7.417,7.417,7.417,1
2007-11-12 13:49:00,7.432,7.432,7.422,7.422,6
2007-11-12 13:50:00,7.43,7.43,7.428,7.428,2
2007-11-12 13:51:00,7.427,7.427,7.427,7.427,1
2007-11-12 13:52:00,7.425,7.43,7.425,7.43,4
2007-11-12 13:53:00,7.433,7.433,7.427,7.427,4
2007-11-12 13:54:00,7.431,7.431,7.424,7.428,4
2007-11-12 13:55:00,7.436,7.436,7.431,7.434,4
2007-11-12 13:56:00,7.427,7.434,7.427,7.434,4
2007-11-12 13:57:00,7.412,7.425,7.412,7.425,6
2007-11-12 13:59:00,7.412,7.417,7.412,7.417,7
2007-11-12 14:00:00,7.406,7.418,7.406,7.418,31
2007-11-12 14:01:00,7.398,7.411,7.397,7.404,27
2007-11-12 14:02:00,7.403,7.409,7.39,7.396,35
2007-11-12 14:03:00,7.389,7.402,7.385,7.4,36
2007-11-12 14:04:00,7.389,7.391,7.382,7.387,24
2007-11-12 14:05:00,7.389,7.39,7.387,7.39,6
2007-11-12 14:06:00,7.38,7.389,7.38,7.386,13
2007-11-12 14:07:00,7.395,7.399,7.382,7.382,18
2007-11-12 14:08:00,7.39,7.401,7.389,7.398,18
2007-11-12 14:09:00,7.397,7.397,7.389,7.391,6
2007-11-12 14:10:00,7.39,7.393,7.389,7.393,8
2007-11-12 14:11:00,7.398,7.398,7.39,7.391,8
2007-11-12 14:12:00,7.4,7.402,7.398,7.4,6
2007-11-12 14:13:00,7.396,7.406,7.396,7.402,7
2007-11-12 14:14:00,7.387,7.393,7.387,7.393,7
2007-11-12 14:15:00,7.397,7.397,7.385,7.385,13
2007-11-12 14:16:00,7.389,7.396,7.389,7.394,9
2007-11-12 14:17:00,7.396,7.396,7.389,7.391,8
2007-11-12 14:18:00,7.394,7.402,7.394,7.398,7
2007-11-12 14:19:00,7.395,7.398,7.394,7.396,16
2007-11-12 14:20:00,7.392,7.395,7.392,7.394,8
2007-11-12 14:21:00,7.397,7.401,7.394,7.394,10
2007-11-12 14:22:00,7.396,7.398,7.395,7.395,9
2007-11-12 14:23:00,7.4,7.402,7.397,7.399,5
2007-11-12 14:24:00,7.402,7.407,7.402,7.402,8
2007-11-12 14:25:00,7.402,7.402,7.4,7.4,2
2007-11-12 14:26:00,7.396,7.4,7.392,7.4,7
2007-11-12 14:27:00,7.395,7.397,7.394,7.394,3
2007-11-12 14:28:00,7.394,7.394,7.389,7.393,8
2007-11-12 14:29:00,7.402,7.404,7.397,7.397,5
2007-11-12 14:30:00,7.399,7.404,7.399,7.404,4
2007-11-12 14:31:00,7.398,7.398,7.398,7.398,1
2007-11-12 14:32:00,7.399,7.399,7.398,7.399,3
2007-11-12 14:33:00,7.397,7.399,7.394,7.398,7
2007-11-12 14:34:00,7.408,7.408,7.399,7.399,12
2007-11-12 14:35:00,7.404,7.412,7.404,7.41,12
2007-11-12 14:36:00,7.408,7.408,7.406,7.406,2
2007-11-12 14:37:00,7.415,7.416,7.406,7.406,15
2007-11-12 14:38:00,7.418,7.431,7.414,7.417,40
2007-11-12 14:39:00,7.422,7.424,7.417,7.421,9
2007-11-12 14:40:00,7.424,7.427,7.418,7.421,15
2007-11-12 14:41:00,7.424,7.428,7.422,7.426,8
2007-11-12 14:42:00,7.429,7.432,7.427,7.427,10
2007-11-12 14:43:00,7.429,7.432,7.423,7.427,12
2007-11-12 14:44:00,7.428,7.429,7.423,7.427,10
2007-11-12 14:45:00,7.432,7.432,7.426,7.43,6
2007-11-12 14:46:00,7.432,7.432,7.428,7.428,3
2007-11-12 14:47:00,7.446,7.452,7.432,7.434,37
2007-11-12 14:48:00,7.443,7.446,7.439,7.445,10
2007-11-12 14:49:00,7.457,7.461,7.438,7.441,44
2007-11-12 14:50:00,7.455,7.458,7.454,7.455,6
2007-11-12 14:51:00,7.445,7.453,7.443,7.453,15
2007-11-12 14:52:00,7.449,7.45,7.44,7.447,22
2007-11-12 14:53:00,7.47,7.472,7.451,7.451,27
2007-11-12 14:54:00,7.464,7.472,7.464,7.468,13
2007-11-12 14:55:00,7.476,7.476,7.466,7.466,10
2007-11-12 14:56:00,7.489,7.491,7.474,7.474,36
2007-11-12 14:57:00,7.491,7.493,7.48,7.486,20
2007-11-12 14:58:00,7.487,7.491,7.487,7.489,8
2007-11-12 14:59:00,7.494,7.494,7.49,7.49,8
2007-11-12 15:00:00,7.519,7.537,7.494,7.496,108
2007-11-12 15:01:00,7.517,7.523,7.515,7.517,16
2007-11-12 15:02:00,7.512,7.515,7.509,7.515,19
2007-11-12 15:03:00,7.507,7.514,7.507,7.513,11
2007-11-12 15:04:00,7.513,7.513,7.501,7.505,22
2007-11-12 15:05:00,7.518,7.52,7.512,7.515,12
2007-11-12 15:06:00,7.515,7.517,7.511,7.516,11
2007-11-12 15:07:00,7.519,7.521,7.512,7.517,9
2007-11-12 15:08:00,7.545,7.547,7.521,7.521,28
2007-11-12 15:09:00,7.54,7.545,7.534,7.543,29
2007-11-12 15:10:00,7.538,7.542,7.529,7.542,28
2007-11-12 15:11:00,7.54,7.546,7.538,7.54,21
2007-11-12 15:12:00,7.538,7.548,7.538,7.538,18
2007-11-12 15:13:00,7.538,7.538,7.528,7.537,12
2007-11-12 15:14:00,7.547,7.552,7.539,7.54,35
2007-11-12 15:15:00,7.544,7.55,7.544,7.545,12
2007-11-12 15:16:00,7.531,7.542,7.531,7.542,26
2007-11-12 15:17:00,7.526,7.535,7.525,7.535,20
2007-11-12 15:18:00,7.528,7.531,7.518,7.528,26
2007-11-12 15:19:00,7.523,7.527,7.519,7.524,10
2007-11-12 15:20:00,7.524,7.526,7.52,7.52,11
2007-11-12 15:21:00,7.528,7.528,7.524,7.526,4
2007-11-12 15:22:00,7.52,7.525,7.518,7.525,17
2007-11-12 15:23:00,7.52,7.524,7.52,7.522,4
2007-11-12 15:24:00,7.516,7.518,7.516,7.518,2
2007-11-12 15:25:00,7.507,7.519,7.507,7.518,19
2007-11-12 15:26:00,7.51,7.51,7.506,7.509,3
2007-11-12 15:27:00,7.503,7.507,7.503,7.507,3
2007-11-12 15:28:00,7.506,7.507,7.502,7.505,7
2007-11-12 15:29:00,7.506,7.506,7.501,7.504,6
2007-11-12 15:30:00,7.502,7.504,7.502,7.504,2
2007-11-12 15:31:00,7.532,7.532,7.501,7.501,31
2007-11-12 15:32:00,7.536,7.538,7.526,7.53,15
2007-11-12 15:33:00,7.56,7.562,7.532,7.534,68
2007-11-12 15:34:00,7.556,7.562,7.552,7.562,19
2007-11-12 15:35:00,7.543,7.558,7.541,7.558,18
2007-11-12 15:36:00,7.551,7.562,7.545,7.545,21
2007-11-12 15:37:00,7.555,7.567,7.55,7.553,34
2007-11-12 15:38:00,7.563,7.565,7.556,7.557,12
2007-11-12 15:39:00,7.546,7.564,7.543,7.56,14
2007-11-12 15:40:00,7.541,7.547,7.534,7.547,14
2007-11-12 15:41:00,7.537,7.543,7.537,7.543,4
2007-11-12 15:42:00,7.539,7.545,7.534,7.54,18
2007-11-12 15:43:00,7.548,7.549,7.534,7.537,21
2007-11-12 15:44:00,7.548,7.551,7.545,7.545,13
2007-11-12 15:45:00,7.557,7.557,7.549,7.55,9
2007-11-12 15:46:00,7.549,7.555,7.544,7.555,13
2007-11-12 15:47:00,7.536,7.555,7.536,7.551,14
2007-11-12 15:48:00,7.549,7.552,7.534,7.538,18
2007-11-12 15:49:00,7.564,7.565,7.547,7.547,35
2007-11-12 15:50:00,7.562,7.566,7.56,7.566,9
2007-11-12 15:51:00,7.565,7.574,7.564,7.564,24
2007-11-12 15:52:00,7.564,7.568,7.563,7.563,9
2007-11-12 15:53:00,7.571,7.572,7.566,7.566,8
2007-11-12 15:54:00,7.57,7.576,7.569,7.569,12
2007-11-12 15:55:00,7.568,7.568,7.558,7.567,9
2007-11-12 15:56:00,7.566,7.566,7.564,7.566,3
2007-11-12 15:57:00,7.564,7.572,7.56,7.568,12
2007-11-12 15:58:00,7.563,7.563,7.558,7.562,5
2007-11-12 15:59:00,7.563,7.563,7.559,7.561,4
2007-11-12 16:00:00,7.56,7.56,7.56,7.56,1
2007-11-12 16:01:00,7.579,7.584,7.562,7.562,24
2007-11-12 16:02:00,7.574,7.591,7.568,7.581,55
2007-11-12 16:03:00,7.576,7.577,7.572,7.572,5
2007-11-12 16:04:00,7.576,7.576,7.574,7.574,2
2007-11-12 16:05:00,7.582,7.588,7.577,7.577,12
2007-11-12 16:06:00,7.593,7.593,7.58,7.584,14
2007-11-12 16:07:00,7.605,7.608,7.591,7.595,36
2007-11-12 16:08:00,7.602,7.607,7.6,7.6,16
2007-11-12 16:09:00,7.605,7.612,7.602,7.604,18
2007-11-12 16:10:00,7.602,7.607,7.599,7.603,15
2007-11-12 16:11:00,7.621,7.632,7.6,7.6,64
2007-11-12 16:12:00,7.617,7.623,7.614,7.623,19
2007-11-12 16:13:00,7.626,7.626,7.618,7.619,12
2007-11-12 16:14:00,7.623,7.639,7.62,7.629,29
2007-11-12 16:15:00,7.638,7.638,7.613,7.622,38
2007-11-12 16:16:00,7.627,7.64,7.618,7.64,37
2007-11-12 16:17:00,7.624,7.633,7.622,7.629,13
2007-11-12 16:18:00,7.621,7.623,7.618,7.622,11
2007-11-12 16:19:00,7.62,7.625,7.618,7.623,9
2007-11-12 16:20:00,7.616,7.62,7.616,7.618,4
2007-11-12 16:21:00,7.616,7.616,7.605,7.614,21
2007-11-12 16:22:00,7.598,7.616,7.598,7.614,32
2007-11-12 16:23:00,7.601,7.604,7.595,7.596,36
2007-11-12 16:24:00,7.604,7.612,7.601,7.604,17
2007-11-12 16:25:00,7.601,7.604,7.598,7.602,8
2007-11-12 16:26:00,7.613,7.613,7.603,7.603,10
2007-11-12 16:27:00,7.613,7.617,7.611,7.615,12
2007-11-12 16:28:00,7.618,7.624,7.612,7.615,14
2007-11-12 16:29:00,7.599,7.614,7.597,7.614,24
2007-11-12 16:30:00,7.587,7.597,7.587,7.597,25
2007-11-12 16:31:00,7.585,7.59,7.585,7.59,10
2007-11-12 16:32:00,7.564,7.59,7.563,7.583,34
2007-11-12 16:33:00,7.568,7.576,7.555,7.563,57
2007-11-12 16:34:00,7.58,7.582,7.568,7.57,35
2007-11-12 16:35:00,7.579,7.586,7.578,7.578,22
2007-11-12 16:36:00,7.59,7.59,7.573,7.577,27
2007-11-12 16:37:00,7.585,7.592,7.585,7.588,15
2007-11-12 16:38:00,7.603,7.603,7.587,7.587,18
2007-11-12 16:39:00,7.618,7.628,7.602,7.606,65
2007-11-12 16:40:00,7.614,7.623,7.608,7.613,19
2007-11-12 16:41:00,7.613,7.625,7.613,7.617,14
2007-11-12 16:42:00,7.608,7.611,7.606,7.611,18
2007-11-12 16:43:00,7.61,7.61,7.604,7.605,6
2007-11-12 16:44:00,7.612,7.612,7.609,7.609,3
2007-11-12 16:45:00,7.614,7.616,7.609,7.614,8
2007-11-12 16:46:00,7.611,7.616,7.611,7.616,3
2007-11-12 16:47:00,7.613,7.618,7.609,7.612,11
2007-11-12 16:48:00,7.613,7.615,7.613,7.615,2
2007-11-12 16:49:00,7.614,7.614,7.61,7.61,9
2007-11-12 16:50:00,7.62,7.625,7.615,7.617,12
2007-11-12 16:51:00,7.619,7.623,7.619,7.623,3
2007-11-12 16:52:00,7.616,7.622,7.615,7.617,11
2007-11-12 16:53:00,7.619,7.623,7.618,7.618,4
2007-11-12 16:54:00,7.614,7.617,7.612,7.617,7
2007-11-12 16:55:00,7.609,7.611,7.604,7.611,17
2007-11-12 16:56:00,7.61,7.613,7.598,7.606,24
2007-11-12 16:57:00,7.608,7.613,7.608,7.612,7
2007-11-12 16:58:00,7.605,7.607,7.605,7.605,3
2007-11-12 16:59:00,7.608,7.61,7.608,7.608,3
2007-11-12 17:00:00,7.609,7.611,7.606,7.606,8
2007-11-12 17:01:00,7.614,7.615,7.609,7.611,6
2007-11-12 17:02:00,7.611,7.616,7.609,7.616,7
2007-11-12 17:03:00,7.607,7.609,7.601,7.609,13
2007-11-12 17:04:00,7.604,7.604,7.604,7.604,1
2007-11-12 17:05:00,7.608,7.608,7.606,7.606,4
2007-11-12 17:06:00,7.612,7.612,7.608,7.61,4
2007-11-12 17:07:00,7.618,7.618,7.614,7.614,5
2007-11-12 17:08:00,7.634,7.634,7.618,7.619,14
2007-11-12 17:09:00,7.621,7.632,7.621,7.632,14
2007-11-12 17:10:00,7.631,7.631,7.623,7.623,5
2007-11-12 17:11:00,7.645,7.649,7.633,7.633,54
2007-11-12 17:12:00,7.635,7.643,7.63,7.643,17
2007-11-12 17:13:00,7.643,7.643,7.638,7.638,13
2007-11-12 17:14:00,7.64,7.649,7.64,7.645,15
2007-11-12 17:15:00,7.626,7.638,7.626,7.638,10
2007-11-12 17:16:00,7.626,7.628,7.623,7.624,5
2007-11-12 17:17:00,7.633,7.633,7.628,7.628,3
2007-11-12 17:18:00,7.633,7.636,7.631,7.636,7
2007-11-12 17:19:00,7.638,7.64,7.63,7.631,14
2007-11-12 17:20:00,7.621,7.643,7.621,7.64,21
2007-11-12 17:21:00,7.618,7.624,7.605,7.619,41
2007-11-12 17:22:00,7.632,7.635,7.621,7.621,11
2007-11-12 17:23:00,7.621,7.63,7.618,7.63,7
2007-11-12 17:24:00,7.616,7.623,7.616,7.623,6
2007-11-12 17:25:00,7.619,7.621,7.612,7.614,12
2007-11-12 17:26:00,7.623,7.623,7.617,7.617,4
2007-11-12 17:27:00,7.625,7.625,7.621,7.621,5
2007-11-12 17:28:00,7.628,7.634,7.627,7.627,6
2007-11-12 17:29:00,7.621,7.626,7.618,7.626,6
2007-11-12 17:30:00,7.613,7.619,7.613,7.619,4
2007-11-12 17:31:00,7.619,7.619,7.611,7.611,4
2007-11-12 17:32:00,7.619,7.626,7.619,7.621,8
2007-11-12 17:33:00,7.623,7.625,7.621,7.621,4
2007-11-12 17:34:00,7.625,7.625,7.625,7.625,1
2007-11-12 17:35:00,7.634,7.634,7.623,7.623,7
2007-11-12 17:36:00,7.63,7.632,7.627,7.632,4
2007-11-12 17:37:00,7.635,7.643,7.633,7.633,11
2007-11-12 17:38:00,7.63,7.633,7.622,7.633,13
2007-11-12 17:39:00,7.625,7.629,7.625,7.629,4
2007-11-12 17:40:00,7.625,7.627,7.623,7.627,6
2007-11-12 17:41:00,7.625,7.63,7.625,7.627,5
2007-11-12 17:42:00,7.626,7.626,7.623,7.623,2
2007-11-12 17:43:00,7.628,7.628,7.628,7.628,1
2007-11-12 17:44:00,7.639,7.639,7.63,7.63,7
2007-11-12 17:45:00,7.652,7.657,7.641,7.641,30
2007-11-12 17:46:00,7.647,7.661,7.647,7.654,33
2007-11-12 17:47:00,7.638,7.647,7.636,7.644,18
2007-11-12 17:48:00,7.643,7.645,7.64,7.64,8
2007-11-12 17:49:00,7.644,7.648,7.64,7.64,7
2007-11-12 17:50:00,7.648,7.648,7.646,7.646,2
2007-11-12 17:51:00,7.646,7.657,7.646,7.65,13
2007-11-12 17:52:00,7.644,7.646,7.642,7.644,9
2007-11-12 17:53:00,7.647,7.647,7.638,7.642,10
2007-11-12 17:54:00,7.65,7.651,7.643,7.643,10
2007-11-12 17:55:00,7.662,7.664,7.648,7.648,16
2007-11-12 17:56:00,7.669,7.672,7.66,7.66,19
2007-11-12 17:57:00,7.667,7.673,7.665,7.671,9
2007-11-12 17:58:00,7.65,7.665,7.648,7.665,19
2007-11-12 17:59:00,7.642,7.652,7.64,7.652,14
2007-11-12 18:00:00,7.65,7.65,7.64,7.645,10
2007-11-12 18:01:00,7.652,7.663,7.647,7.647,20
2007-11-12 18:02:00,7.65,7.657,7.65,7.65,6
2007-11-12 18:03:00,7.648,7.65,7.646,7.648,7
2007-11-12 18:04:00,7.647,7.655,7.645,7.645,9
2007-11-12 18:05:00,7.637,7.645,7.635,7.645,15
2007-11-12 18:06:00,7.659,7.659,7.64,7.64,13
2007-11-12 18:07:00,7.647,7.655,7.647,7.655,11
2007-11-12 18:08:00,7.638,7.649,7.636,7.649,13
2007-11-12 18:09:00,7.625,7.636,7.625,7.636,10
2007-11-12 18:10:00,7.625,7.625,7.621,7.623,8
2007-11-12 18:11:00,7.629,7.629,7.629,7.629,1
2007-11-12 18:12:00,7.637,7.637,7.627,7.627,9
2007-11-12 18:13:00,7.636,7.643,7.633,7.64,25
2007-11-12 18:14:00,7.638,7.639,7.636,7.639,5
2007-11-12 18:15:00,7.636,7.636,7.636,7.636,1
2007-11-12 18:16:00,7.633,7.641,7.629,7.641,7
2007-11-12 18:17:00,7.63,7.635,7.628,7.631,8
2007-11-12 18:18:00,7.632,7.632,7.632,7.632,1
2007-11-12 18:19:00,7.642,7.642,7.634,7.634,9
2007-11-12 18:20:00,7.647,7.653,7.644,7.644,9
2007-11-12 18:21:00,7.654,7.655,7.65,7.65,5
2007-11-12 18:22:00,7.652,7.652,7.65,7.652,3
2007-11-12 18:23:00,7.648,7.655,7.646,7.655,12
2007-11-12 18:24:00,7.645,7.649,7.643,7.646,18
2007-11-12 18:25:00,7.648,7.652,7.648,7.648,5
2007-11-12 18:26:00,7.649,7.65,7.645,7.646,7
2007-11-12 18:27:00,7.666,7.666,7.651,7.651,23
2007-11-12 18:28:00,7.662,7.667,7.659,7.667,12
2007-11-12 18:29:00,7.662,7.662,7.658,7.66,4
2007-11-12 18:30:00,7.672,7.676,7.659,7.66,15
2007-11-12 18:31:00,7.677,7.679,7.669,7.674,17
2007-11-12 18:32:00,7.673,7.679,7.671,7.675,19
2007-11-12 18:33:00,7.685,7.687,7.67,7.671,16
2007-11-12 18:34:00,7.688,7.688,7.677,7.683,12
2007-11-12 18:35:00,7.682,7.688,7.682,7.686,21
2007-11-12 18:36:00,7.671,7.68,7.67,7.68,18
2007-11-12 18:37:00,7.697,7.704,7.669,7.673,74
2007-11-12 18:38:00,7.69,7.699,7.688,7.695,25
2007-11-12 18:39:00,7.686,7.691,7.679,7.691,31
2007-11-12 18:40:00,7.678,7.692,7.673,7.688,19
2007-11-12 18:41:00,7.675,7.679,7.671,7.675,18
2007-11-12 18:42:00,7.674,7.678,7.672,7.672,6
2007-11-12 18:43:00,7.675,7.679,7.67,7.672,17
2007-11-12 18:44:00,7.684,7.684,7.674,7.677,10
2007-11-12 18:45:00,7.683,7.693,7.676,7.686,19
2007-11-12 18:46:00,7.684,7.685,7.674,7.685,14
2007-11-12 18:47:00,7.674,7.685,7.674,7.682,19
2007-11-12 18:48:00,7.677,7.679,7.673,7.673,10
2007-11-12 18:49:00,7.673,7.677,7.673,7.675,8
2007-11-12 18:50:00,7.672,7.679,7.664,7.674,35
2007-11-12 18:51:00,7.674,7.679,7.667,7.67,19
2007-11-12 18:52:00,7.67,7.674,7.666,7.672,9
2007-11-12 18:53:00,7.672,7.675,7.668,7.672,11
2007-11-12 18:54:00,7.67,7.674,7.668,7.674,7
2007-11-12 18:55:00,7.655,7.668,7.655,7.668,24
2007-11-12 18:56:00,7.655,7.664,7.649,7.654,31
2007-11-12 18:57:00,7.657,7.657,7.651,7.653,7
2007-11-12 18:58:00,7.66,7.666,7.659,7.659,7
2007-11-12 18:59:00,7.66,7.662,7.66,7.662,2
2007-11-12 19:00:00,7.662,7.667,7.656,7.656,8
2007-11-12 19:01:00,7.654,7.66,7.654,7.66,7
2007-11-12 19:02:00,7.646,7.651,7.637,7.651,21
2007-11-12 19:03:00,7.645,7.646,7.636,7.644,12
2007-11-12 19:04:00,7.634,7.642,7.632,7.64,16
2007-11-12 19:05:00,7.63,7.636,7.627,7.632,20
2007-11-12 19:06:00,7.641,7.645,7.63,7.632,25
2007-11-12 19:07:00,7.651,7.655,7.637,7.639,16
2007-11-12 19:08:00,7.651,7.653,7.646,7.648,8
2007-11-12 19:09:00,7.653,7.658,7.652,7.653,10
2007-11-12 19:10:00,7.646,7.651,7.645,7.651,9
2007-11-12 19:11:00,7.651,7.651,7.649,7.649,2
2007-11-12 19:12:00,7.669,7.669,7.655,7.655,21
2007-11-12 19:13:00,7.66,7.669,7.659,7.667,12
2007-11-12 19:14:00,7.658,7.664,7.656,7.658,9
2007-11-12 19:15:00,7.643,7.656,7.643,7.656,11
2007-11-12 19:16:00,7.649,7.649,7.645,7.645,2
2007-11-12 19:17:00,7.647,7.651,7.647,7.647,9
2007-11-12 19:18:00,7.641,7.649,7.641,7.649,4
2007-11-12 19:19:00,7.641,7.646,7.638,7.64,18
2007-11-12 19:20:00,7.638,7.639,7.629,7.639,18
2007-11-12 19:21:00,7.637,7.647,7.637,7.64,23
2007-11-12 19:22:00,7.632,7.637,7.63,7.635,9
2007-11-12 19:23:00,7.631,7.631,7.628,7.63,3
2007-11-12 19:24:00,7.626,7.632,7.622,7.629,6
2007-11-12 19:25:00,7.624,7.626,7.62,7.624,9
2007-11-12 19:26:00,7.616,7.628,7.614,7.626,20
2007-11-12 19:27:00,7.617,7.621,7.617,7.618,4
2007-11-12 19:28:00,7.605,7.619,7.6,7.619,42
2007-11-12 19:29:00,7.602,7.608,7.599,7.603,30
2007-11-12 19:30:00,7.605,7.608,7.603,7.604,12
2007-11-12 19:31:00,7.607,7.607,7.605,7.607,9
2007-11-12 19:32:00,7.595,7.605,7.595,7.605,8
2007-11-12 19:33:00,7.598,7.598,7.589,7.593,12
2007-11-12 19:34:00,7.6,7.6,7.6,7.6,1
2007-11-12 19:35:00,7.601,7.604,7.594,7.596,7
2007-11-12 19:36:00,7.599,7.599,7.599,7.599,1
2007-11-12 19:38:00,7.605,7.605,7.603,7.603,2
2007-11-12 19:39:00,7.605,7.608,7.605,7.606,3
2007-11-12 19:40:00,7.611,7.611,7.611,7.611,1
2007-11-12 19:41:00,7.609,7.609,7.609,7.609,1
2007-11-12 19:42:00,7.611,7.611,7.611,7.611,1
2007-11-12 19:43:00,7.609,7.613,7.609,7.613,2
2007-11-12 19:45:00,7.604,7.606,7.604,7.606,2
2007-11-12 19:46:00,7.601,7.601,7.601,7.601,1
2007-11-12 19:47:00,7.604,7.604,7.604,7.604,1
2007-11-12 19:49:00,7.601,7.601,7.596,7.6,5
2007-11-12 19:50:00,7.599,7.599,7.599,7.599,1
2007-11-12 19:54:00,7.596,7.596,7.596,7.596,1
2007-11-12 19:55:00,7.596,7.596,7.594,7.594,2
2007-11-12 19:56:00,7.59,7.594,7.589,7.594,4
2007-11-12 19:57:00,7.583,7.587,7.577,7.587,8
2007-11-12 19:58:00,7.585,7.585,7.585,7.585,1
2007-11-12 19:59:00,7.589,7.589,7.589,7.589,1
2007-11-12 20:01:00,7.59,7.59,7.587,7.587,2
2007-11-12 20:02:00,7.591,7.591,7.591,7.591,1
2007-11-12 20:03:00,7.596,7.596,7.592,7.594,4
2007-11-12 20:04:00,7.592,7.592,7.592,7.592,1
2007-11-12 20:05:00,7.586,7.593,7.586,7.591,3
2007-11-12 20:12:00,7.58,7.58,7.58,7.58,1
2007-11-12 20:13:00,7.582,7.582,7.582,7.582,1
2007-11-12 20:14:00,7.585,7.585,7.585,7.585,1
2007-11-12 20:15:00,7.583,7.583,7.583,7.583,1
2007-11-12 20:19:00,7.579,7.579,7.579,7.579,1
2007-11-12 20:20:00,7.57,7.577,7.57,7.577,3
2007-11-12 20:23:00,7.575,7.575,7.57,7.572,3
2007-11-12 20:25:00,7.564,7.567,7.564,7.567,2
2007-11-12 20:26:00,7.566,7.566,7.566,7.566,1
2007-11-12 20:28:00,7.573,7.573,7.573,7.573,1
2007-11-12 20:30:00,7.568,7.568,7.568,7.568,1
2007-11-12 20:31:00,7.572,7.572,7.572,7.572,1
2007-11-12 20:32:00,7.574,7.574,7.574,7.574,1
2007-11-12 20:33:00,7.576,7.576,7.576,7.576,1
2007-11-12 20:34:00,7.571,7.571,7.571,7.571,1
2007-11-12 20:36:00,7.576,7.579,7.575,7.575,3
2007-11-12 20:37:00,7.578,7.578,7.578,7.578,1
2007-11-12 20:38:00,7.573,7.58,7.573,7.576,5
2007-11-12 20:40:00,7.57,7.57,7.57,7.57,1
2007-11-12 20:41:00,7.573,7.575,7.573,7.573,3
2007-11-12 20:45:00,7.564,7.57,7.564,7.57,3
2007-11-12 20:47:00,7.564,7.57,7.564,7.57,2
2007-11-12 20:48:00,7.561,7.563,7.561,7.563,2
2007-11-12 20:50:00,7.559,7.559,7.559,7.559,1
2007-11-12 20:51:00,7.56,7.564,7.56,7.564,2
2007-11-12 20:52:00,7.56,7.569,7.56,7.564,3
2007-11-12 20:56:00,7.557,7.564,7.557,7.562,4
2007-11-12 20:57:00,7.554,7.559,7.553,7.559,5
2007-11-12 20:58:00,7.557,7.557,7.557,7.557,1
2007-11-12 20:59:00,7.552,7.552,7.552,7.552,1
2007-11-12 21:00:00,7.55,7.55,7.55,7.55,1
2007-11-12 21:03:00,7.553,7.562,7.553,7.562,2
2007-11-12 21:09:00,7.555,7.555,7.555,7.555,1
2007-11-12 21:11:00,7.547,7.547,7.547,7.547,1
2007-11-12 21:12:00,7.551,7.551,7.551,7.551,1
2007-11-12 21:14:00,7.559,7.559,7.559,7.559,1
2007-11-12 21:16:00,7.557,7.557,7.557,7.557,1
2007-11-12 21:17:00,7.56,7.56,7.557,7.56,3
2007-11-12 21:18:00,7.556,7.556,7.556,7.556,1
2007-11-12 21:23:00,7.559,7.559,7.559,7.559,1
2007-11-12 21:24:00,7.561,7.561,7.561,7.561,1
2007-11-12 21:27:00,7.573,7.573,7.573,7.573,1
2007-11-12 21:28:00,7.563,7.563,7.563,7.563,1
2007-11-12 21:33:00,7.569,7.569,7.569,7.569,1
2007-11-12 21:34:00,7.571,7.571,7.571,7.571,1
2007-11-12 21:36:00,7.564,7.564,7.564,7.564,1
2007-11-12 21:42:00,7.569,7.569,7.569,7.569,1
2007-11-12 21:43:00,7.562,7.562,7.562,7.562,1
2007-11-12 21:53:00,7.561,7.561,7.561,7.561,1
2007-11-12 21:55:00,7.569,7.569,7.569,7.569,1
2007-11-12 21:57:00,7.564,7.564,7.564,7.564,1
2007-11-12 22:00:00,7.568,7.568,7.568,7.568,1
2007-11-12 22:04:00,7.574,7.574,7.569,7.569,3
2007-11-12 22:06:00,7.572,7.572,7.569,7.572,3
2007-11-12 22:08:00,7.577,7.577,7.577,7.577,1
2007-11-12 22:13:00,7.576,7.579,7.574,7.574,4
2007-11-12 22:14:00,7.572,7.579,7.572,7.579,2
2007-11-12 23:01:00,7.563,7.563,7.563,7.563,1
2007-11-12 23:04:00,7.58,7.58,7.576,7.576,2
2007-11-12 23:05:00,7.59,7.59,7.585,7.585,2
2007-11-12 23:06:00,7.596,7.596,7.596,7.596,1
2007-11-12 23:11:00,7.579,7.579,7.579,7.579,1
2007-11-12 23:12:00,7.579,7.579,7.577,7.577,2
2007-11-12 23:13:00,7.576,7.576,7.576,7.576,1
2007-11-12 23:22:00,7.588,7.588,7.588,7.588,1
2007-11-12 23:31:00,7.577,7.577,7.577,7.577,1
2007-11-12 23:35:00,7.587,7.587,7.587,7.587,1
2007-11-12 23:44:00,7.595,7.595,7.595,7.595,1
2007-11-12 23:51:00,7.589,7.589,7.589,7.589,1
2007-11-12 23:59:00,7.596,7.596,7.596,7.596,1
2007-11-13 00:00:00,7.598,7.598,7.591,7.591,2
2007-11-13 00:06:00,7.591,7.591,7.591,7.591,1
2007-11-13 00:07:00,7.592,7.597,7.592,7.597,2
2007-11-13 00:11:00,7.578,7.578,7.578,7.578,1
2007-11-13 00:13:00,7.603,7.603,7.598,7.598,3
2007-11-13 00:38:00,7.607,7.607,7.607,7.607,1
2007-11-13 00:39:00,7.62,7.62,7.618,7.618,2
2007-11-13 00:47:00,7.608,7.608,7.608,7.608,1
2007-11-13 00:48:00,7.61,7.61,7.61,7.61,1
2007-11-13 00:49:00,7.604,7.606,7.604,7.606,2
2007-11-13 00:50:00,7.58,7.613,7.58,7.613,4
2007-11-13 00:51:00,7.599,7.599,7.599,7.599,1
2007-11-13 00:52:00,7.57,7.57,7.57,7.57,1
2007-11-13 00:54:00,7.561,7.561,7.561,7.561,1
2007-11-13 00:55:00,7.57,7.57,7.57,7.57,1
2007-11-13 00:56:00,7.608,7.608,7.58,7.58,5
2007-11-13 00:57:00,7.599,7.599,7.599,7.599,1
2007-11-13 01:05:00,7.594,7.594,7.594,7.594,1
2007-11-13 01:28:00,7.601,7.601,7.601,7.601,1
2007-11-13 01:51:00,7.573,7.573,7.573,7.573,1
2007-11-13 01:53:00,7.581,7.581,7.581,7.581,1
2007-11-13 01:55:00,7.598,7.598,7.598,7.598,1
2007-11-13 02:00:00,7.59,7.59,7.59,7.59,1
2007-11-13 02:07:00,7.591,7.591,7.591,7.591,1
2007-11-13 02:09:00,7.596,7.596,7.596,7.596,1
2007-11-13 02:51:00,7.577,7.581,7.577,7.581,2
2007-11-13 03:12:00,7.582,7.582,7.582,7.582,1
2007-11-13 03:13:00,7.585,7.585,7.585,7.585,1
2007-11-13 03:54:00,7.582,7.582,7.582,7.582,1
2007-11-13 03:57:00,7.584,7.584,7.584,7.584,1
2007-11-13 03:58:00,7.581,7.581,7.581,7.581,1
2007-11-13 04:11:00,7.591,7.591,7.591,7.591,1
2007-11-13 04:24:00,7.592,7.592,7.592,7.592,1
2007-11-13 04:39:00,7.602,7.602,7.596,7.596,2
2007-11-13 04:41:00,7.62,7.62,7.616,7.616,2
2007-11-13 04:47:00,7.626,7.626,7.621,7.621,2
2007-11-13 04:56:00,7.631,7.631,7.631,7.631,1
2007-11-13 05:04:00,7.614,7.614,7.614,7.614,1
2007-11-13 05:09:00,7.622,7.622,7.622,7.622,1
2007-11-13 05:22:00,7.63,7.63,7.63,7.63,1
2007-11-13 05:35:00,7.632,7.632,7.632,7.632,1
2007-11-13 05:36:00,7.63,7.63,7.63,7.63,1
2007-11-13 05:39:00,7.615,7.615,7.615,7.615,1
2007-11-13 05:52:00,7.632,7.632,7.628,7.628,2
2007-11-13 05:55:00,7.637,7.637,7.637,7.637,1
2007-11-13 05:57:00,7.633,7.633,7.633,7.633,1
2007-11-13 06:01:00,7.634,7.642,7.634,7.64,3
2007-11-13 06:51:00,7.61,7.616,7.61,7.616,3
2007-11-13 06:59:00,7.618,7.618,7.618,7.618,1
2007-11-13 07:43:00,7.621,7.621,7.621,7.621,1
2007-11-13 09:09:00,7.626,7.626,7.626,7.626,1
2007-11-13 09:48:00,7.628,7.628,7.628,7.628,1
2007-11-13 10:01:00,7.634,7.634,7.634,7.634,1
2007-11-13 10:13:00,7.628,7.628,7.628,7.628,1
2007-11-13 10:14:00,7.619,7.626,7.619,7.626,2
2007-11-13 10:15:00,7.617,7.617,7.617,7.617,1
2007-11-13 10:26:00,7.638,7.638,7.638,7.638,1
2007-11-13 10:46:00,7.629,7.633,7.629,7.633,2
2007-11-13 10:47:00,7.632,7.632,7.632,7.632,1
2007-11-13 10:50:00,7.636,7.646,7.636,7.644,3
2007-11-13 10:52:00,7.639,7.651,7.637,7.649,4
2007-11-13 10:54:00,7.636,7.636,7.636,7.636,1
2007-11-13 10:57:00,7.639,7.651,7.639,7.646,4
2007-11-13 10:58:00,7.64,7.651,7.64,7.651,2
2007-11-13 11:02:00,7.649,7.649,7.649,7.649,1
2007-11-13 11:08:00,7.667,7.667,7.652,7.652,4
2007-11-13 11:12:00,7.669,7.669,7.669,7.669,1
2007-11-13 11:17:00,7.67,7.67,7.67,7.67,1
2007-11-13 11:35:00,7.674,7.674,7.674,7.674,1
2007-11-13 11:36:00,7.684,7.684,7.682,7.682,2
2007-11-13 11:38:00,7.657,7.674,7.657,7.674,3
2007-11-13 11:39:00,7.659,7.659,7.659,7.659,1
2007-11-13 11:45:00,7.675,7.675,7.675,7.675,1
2007-11-13 11:46:00,7.679,7.679,7.663,7.663,3
2007-11-13 11:47:00,7.694,7.694,7.694,7.694,1
2007-11-13 11:55:00,7.684,7.684,7.684,7.684,1
2007-11-13 12:01:00,7.69,7.695,7.69,7.695,2
2007-11-13 12:06:00,7.705,7.705,7.695,7.695,3
2007-11-13 12:07:00,7.706,7.706,7.706,7.706,1
2007-11-13 12:09:00,7.705,7.705,7.705,7.705,1
2007-11-13 12:10:00,7.7,7.7,7.7,7.7,1
2007-11-13 12:11:00,7.7,7.7,7.693,7.697,3
2007-11-13 12:12:00,7.694,7.694,7.691,7.691,2
2007-11-13 12:13:00,7.699,7.699,7.699,7.699,1
2007-11-13 12:15:00,7.705,7.705,7.705,7.705,1
2007-11-13 12:19:00,7.691,7.695,7.691,7.695,2
2007-11-13 12:21:00,7.684,7.684,7.684,7.684,1
2007-11-13 12:22:00,7.682,7.682,7.682,7.682,1
2007-11-13 12:23:00,7.686,7.686,7.686,7.686,1
2007-11-13 12:27:00,7.691,7.691,7.691,7.691,1
2007-11-13 12:28:00,7.693,7.693,7.693,7.693,1
2007-11-13 12:30:00,7.702,7.702,7.695,7.695,4
2007-11-13 12:32:00,7.705,7.705,7.7,7.7,3
2007-11-13 12:33:00,7.71,7.71,7.71,7.71,1
2007-11-13 12:34:00,7.709,7.712,7.709,7.712,2
2007-11-13 12:35:00,7.707,7.707,7.707,7.707,1
2007-11-13 12:36:00,7.71,7.71,7.705,7.705,2
2007-11-13 12:37:00,7.715,7.715,7.715,7.715,1
2007-11-13 12:39:00,7.702,7.705,7.702,7.705,2
2007-11-13 12:41:00,7.709,7.709,7.709,7.709,1
2007-11-13 12:42:00,7.703,7.703,7.703,7.703,1
2007-11-13 12:43:00,7.699,7.701,7.699,7.701,2
2007-11-13 12:44:00,7.705,7.705,7.705,7.705,1
2007-11-13 12:46:00,7.7,7.7,7.7,7.7,1
2007-11-13 12:47:00,7.708,7.708,7.708,7.708,1
2007-11-13 12:49:00,7.716,7.719,7.712,7.712,7
2007-11-13 12:50:00,7.713,7.719,7.713,7.719,3
2007-11-13 12:51:00,7.708,7.708,7.708,7.708,1
2007-11-13 12:52:00,7.712,7.712,7.706,7.706,2
2007-11-13 12:55:00,7.696,7.702,7.696,7.702,3
2007-11-13 12:56:00,7.685,7.699,7.685,7.699,3
2007-11-13 12:57:00,7.69,7.69,7.69,7.69,1
2007-11-13 12:58:00,7.701,7.701,7.693,7.693,4
2007-11-13 12:59:00,7.694,7.694,7.694,7.694,1
2007-11-13 13:00:00,7.702,7.702,7.702,7.702,1
2007-11-13 13:01:00,7.705,7.709,7.704,7.704,3
2007-11-13 13:02:00,7.734,7.734,7.709,7.709,10
2007-11-13 13:03:00,7.721,7.726,7.721,7.726,2
2007-11-13 13:04:00,7.722,7.722,7.716,7.716,2
2007-11-13 13:05:00,7.716,7.716,7.716,7.716,1
2007-11-13 13:07:00,7.721,7.721,7.713,7.72,8
2007-11-13 13:08:00,7.729,7.729,7.724,7.724,3
2007-11-13 13:09:00,7.722,7.722,7.722,7.722,1
2007-11-13 13:10:00,7.711,7.72,7.711,7.72,2
2007-11-13 13:11:00,7.71,7.71,7.706,7.706,2
2007-11-13 13:12:00,7.72,7.72,7.701,7.701,6
2007-11-13 13:13:00,7.707,7.717,7.707,7.715,5
2007-11-13 13:14:00,7.71,7.71,7.71,7.71,1
2007-11-13 13:15:00,7.704,7.706,7.704,7.706,2
2007-11-13 13:16:00,7.705,7.705,7.696,7.696,6
2007-11-13 13:17:00,7.715,7.715,7.713,7.713,2
2007-11-13 13:18:00,7.715,7.715,7.712,7.712,2
2007-11-13 13:21:00,7.71,7.71,7.709,7.71,3
2007-11-13 13:22:00,7.712,7.72,7.712,7.714,3
2007-11-13 13:24:00,7.736,7.736,7.722,7.722,6
2007-11-13 13:25:00,7.734,7.739,7.733,7.733,5
2007-11-13 13:26:00,7.729,7.731,7.729,7.731,2
2007-11-13 13:27:00,7.722,7.722,7.722,7.722,1
2007-11-13 13:28:00,7.725,7.725,7.725,7.725,1
2007-11-13 13:29:00,7.73,7.73,7.73,7.73,1
2007-11-13 13:30:00,7.733,7.733,7.733,7.733,1
2007-11-13 13:31:00,7.716,7.723,7.716,7.723,3
2007-11-13 13:32:00,7.718,7.72,7.716,7.72,3
2007-11-13 13:33:00,7.722,7.722,7.715,7.72,5
2007-11-13 13:34:00,7.715,7.723,7.715,7.72,6
2007-11-13 13:35:00,7.717,7.717,7.717,7.717,1
2007-11-13 13:36:00,7.714,7.72,7.714,7.715,5
2007-11-13 13:37:00,7.722,7.722,7.716,7.718,5
2007-11-13 13:38:00,7.732,7.732,7.724,7.726,6
2007-11-13 13:39:00,7.734,7.734,7.729,7.734,5
2007-11-13 13:40:00,7.735,7.737,7.731,7.737,5
2007-11-13 13:41:00,7.727,7.732,7.727,7.732,5
2007-11-13 13:42:00,7.732,7.732,7.73,7.73,2
2007-11-13 13:43:00,7.731,7.736,7.731,7.734,4
2007-11-13 13:44:00,7.731,7.749,7.731,7.736,16
2007-11-13 13:45:00,7.737,7.737,7.731,7.733,4
2007-11-13 13:46:00,7.735,7.735,7.733,7.733,2
2007-11-13 13:47:00,7.755,7.757,7.731,7.731,24
2007-11-13 13:48:00,7.762,7.764,7.75,7.752,19
2007-11-13 13:49:00,7.749,7.76,7.749,7.758,11
2007-11-13 13:50:00,7.754,7.754,7.752,7.752,2
2007-11-13 13:51:00,7.744,7.751,7.744,7.751,11
2007-11-13 13:52:00,7.758,7.759,7.748,7.748,11
2007-11-13 13:53:00,7.754,7.756,7.754,7.756,2
2007-11-13 13:54:00,7.754,7.757,7.754,7.757,2
2007-11-13 13:55:00,7.774,7.774,7.756,7.756,16
2007-11-13 13:56:00,7.766,7.772,7.764,7.772,10
2007-11-13 13:57:00,7.754,7.764,7.753,7.764,9
2007-11-13 13:58:00,7.754,7.756,7.754,7.756,6
2007-11-13 13:59:00,7.76,7.76,7.754,7.757,8
2007-11-13 14:00:00,7.756,7.764,7.752,7.755,54
2007-11-13 14:01:00,7.771,7.773,7.754,7.754,30
2007-11-13 14:02:00,7.764,7.776,7.762,7.773,23
2007-11-13 14:03:00,7.761,7.769,7.76,7.762,15
2007-11-13 14:04:00,7.746,7.765,7.741,7.764,41
2007-11-13 14:05:00,7.749,7.751,7.747,7.748,10
2007-11-13 14:06:00,7.749,7.755,7.745,7.747,18
2007-11-13 14:07:00,7.747,7.749,7.745,7.748,9
2007-11-13 14:08:00,7.742,7.752,7.742,7.749,15
2007-11-13 14:09:00,7.735,7.747,7.733,7.74,31
2007-11-13 14:10:00,7.738,7.747,7.734,7.737,30
2007-11-13 14:11:00,7.734,7.742,7.734,7.74,16
2007-11-13 14:12:00,7.738,7.74,7.736,7.736,4
2007-11-13 14:13:00,7.735,7.74,7.734,7.74,12
2007-11-13 14:14:00,7.738,7.738,7.735,7.737,3
2007-11-13 14:15:00,7.731,7.74,7.731,7.74,9
2007-11-13 14:16:00,7.733,7.733,7.726,7.729,18
2007-11-13 14:17:00,7.731,7.74,7.729,7.735,9
2007-11-13 14:18:00,7.732,7.736,7.729,7.734,15
2007-11-13 14:19:00,7.731,7.736,7.731,7.734,5
2007-11-13 14:20:00,7.731,7.731,7.726,7.728,6
2007-11-13 14:21:00,7.733,7.735,7.731,7.733,9
2007-11-13 14:22:00,7.747,7.749,7.735,7.735,23
2007-11-13 14:23:00,7.754,7.756,7.745,7.749,19
2007-11-13 14:24:00,7.755,7.755,7.751,7.752,15
2007-11-13 14:25:00,7.751,7.758,7.749,7.756,12
2007-11-13 14:26:00,7.745,7.749,7.743,7.747,10
2007-11-13 14:27:00,7.749,7.749,7.745,7.747,6
2007-11-13 14:28:00,7.735,7.747,7.733,7.747,25
2007-11-13 14:29:00,7.719,7.737,7.712,7.737,27
2007-11-13 14:30:00,7.718,7.724,7.71,7.717,37
2007-11-13 14:31:00,7.723,7.724,7.713,7.721,25
2007-11-13 14:32:00,7.729,7.731,7.723,7.725,22
2007-11-13 14:33:00,7.727,7.73,7.726,7.726,6
2007-11-13 14:34:00,7.728,7.732,7.725,7.729,15
2007-11-13 14:35:00,7.728,7.728,7.721,7.726,12
2007-11-13 14:36:00,7.721,7.733,7.717,7.731,22
2007-11-13 14:37:00,7.696,7.719,7.696,7.719,32
2007-11-13 14:38:00,7.703,7.707,7.688,7.699,38
2007-11-13 14:39:00,7.702,7.704,7.7,7.701,5
2007-11-13 14:40:00,7.693,7.706,7.686,7.704,25
2007-11-13 14:41:00,7.706,7.706,7.694,7.694,10
2007-11-13 14:42:00,7.721,7.724,7.704,7.704,21
2007-11-13 14:43:00,7.726,7.73,7.72,7.723,24
2007-11-13 14:44:00,7.717,7.724,7.717,7.724,6
2007-11-13 14:45:00,7.718,7.721,7.718,7.721,4
2007-11-13 14:46:00,7.723,7.728,7.717,7.717,13
2007-11-13 14:47:00,7.716,7.721,7.716,7.721,4
2007-11-13 14:48:00,7.715,7.719,7.715,7.718,8
2007-11-13 14:49:00,7.713,7.717,7.713,7.717,5
2007-11-13 14:50:00,7.701,7.711,7.697,7.711,18
2007-11-13 14:51:00,7.703,7.705,7.697,7.698,7
2007-11-13 14:52:00,7.709,7.713,7.707,7.707,6
2007-11-13 14:53:00,7.705,7.711,7.705,7.711,6
2007-11-13 14:54:00,7.702,7.707,7.702,7.707,3
2007-11-13 14:55:00,7.705,7.705,7.701,7.705,12
2007-11-13 14:56:00,7.691,7.703,7.691,7.703,14
2007-11-13 14:57:00,7.69,7.695,7.684,7.693,22
2007-11-13 14:58:00,7.707,7.707,7.688,7.693,12
2007-11-13 14:59:00,7.703,7.715,7.7,7.704,18
2007-11-13 15:00:00,7.704,7.71,7.702,7.705,18
2007-11-13 15:01:00,7.694,7.705,7.685,7.702,56
2007-11-13 15:02:00,7.69,7.694,7.688,7.692,12
2007-11-13 15:03:00,7.679,7.692,7.678,7.692,30
2007-11-13 15:04:00,7.676,7.684,7.675,7.68,12
2007-11-13 15:05:00,7.665,7.674,7.659,7.674,41
2007-11-13 15:06:00,7.665,7.671,7.663,7.663,14
2007-11-13 15:07:00,7.67,7.674,7.666,7.669,14
2007-11-13 15:08:00,7.666,7.671,7.662,7.668,9
2007-11-13 15:09:00,7.678,7.681,7.664,7.664,20
2007-11-13 15:10:00,7.683,7.683,7.676,7.681,14
2007-11-13 15:11:00,7.681,7.683,7.672,7.681,18
2007-11-13 15:12:00,7.681,7.686,7.679,7.682,13
2007-11-13 15:13:00,7.679,7.681,7.665,7.679,30
2007-11-13 15:14:00,7.69,7.69,7.681,7.681,8
2007-11-13 15:15:00,7.696,7.698,7.689,7.692,15
2007-11-13 15:16:00,7.697,7.701,7.694,7.694,6
2007-11-13 15:17:00,7.703,7.703,7.692,7.694,7
2007-11-13 15:18:00,7.693,7.7,7.691,7.7,14
2007-11-13 15:19:00,7.695,7.699,7.693,7.695,9
2007-11-13 15:20:00,7.693,7.693,7.693,7.693,1
2007-11-13 15:21:00,7.691,7.691,7.691,7.691,1
2007-11-13 15:22:00,7.687,7.695,7.686,7.693,11
2007-11-13 15:23:00,7.681,7.686,7.677,7.686,9
2007-11-13 15:24:00,7.671,7.679,7.671,7.679,11
2007-11-13 15:25:00,7.678,7.678,7.673,7.673,4
2007-11-13 15:26:00,7.684,7.684,7.681,7.681,2
2007-11-13 15:27:00,7.686,7.687,7.682,7.682,5
2007-11-13 15:28:00,7.679,7.686,7.679,7.684,5
2007-11-13 15:29:00,7.672,7.684,7.672,7.681,13
2007-11-13 15:30:00,7.655,7.67,7.65,7.67,47
2007-11-13 15:31:00,7.655,7.659,7.651,7.653,21
2007-11-13 15:32:00,7.66,7.66,7.653,7.653,8
2007-11-13 15:33:00,7.668,7.674,7.656,7.658,36
2007-11-13 15:34:00,7.675,7.675,7.67,7.672,8
2007-11-13 15:35:00,7.665,7.677,7.665,7.672,16
2007-11-13 15:36:00,7.668,7.668,7.663,7.663,9
2007-11-13 15:37:00,7.669,7.669,7.664,7.667,5
2007-11-13 15:38:00,7.674,7.677,7.666,7.668,13
2007-11-13 15:39:00,7.678,7.678,7.672,7.672,4
2007-11-13 15:40:00,7.674,7.679,7.674,7.674,6
2007-11-13 15:41:00,7.696,7.698,7.677,7.677,27
2007-11-13 15:42:00,7.697,7.698,7.693,7.698,7
2007-11-13 15:43:00,7.69,7.696,7.69,7.694,7
2007-11-13 15:44:00,7.698,7.698,7.692,7.692,6
2007-11-13 15:45:00,7.705,7.709,7.699,7.7,15
2007-11-13 15:46:00,7.699,7.703,7.699,7.703,3
2007-11-13 15:47:00,7.699,7.701,7.699,7.701,2
2007-11-13 15:48:00,7.699,7.701,7.699,7.701,2
2007-11-13 15:49:00,7.7,7.704,7.698,7.702,6
2007-11-13 15:50:00,7.698,7.698,7.696,7.698,5
2007-11-13 15:51:00,7.707,7.711,7.7,7.7,10
2007-11-13 15:52:00,7.722,7.723,7.709,7.709,23
2007-11-13 15:53:00,7.717,7.724,7.714,7.724,11
2007-11-13 15:54:00,7.719,7.721,7.715,7.719,16
2007-11-13 15:55:00,7.711,7.717,7.711,7.717,6
2007-11-13 15:56:00,7.715,7.715,7.709,7.713,7
2007-11-13 15:57:00,7.704,7.713,7.7,7.713,11
2007-11-13 15:58:00,7.707,7.707,7.707,7.707,1
2007-11-13 15:59:00,7.721,7.721,7.712,7.712,6
2007-11-13 16:00:00,7.726,7.729,7.722,7.723,21
2007-11-13 16:01:00,7.728,7.735,7.723,7.728,22
2007-11-13 16:02:00,7.739,7.739,7.724,7.724,11
2007-11-13 16:03:00,7.727,7.736,7.725,7.736,13
2007-11-13 16:04:00,7.732,7.734,7.724,7.729,8
2007-11-13 16:05:00,7.733,7.733,7.727,7.73,11
2007-11-13 16:06:00,7.73,7.73,7.73,7.73,1
2007-11-13 16:07:00,7.723,7.729,7.721,7.727,12
2007-11-13 16:08:00,7.729,7.729,7.72,7.72,5
2007-11-13 16:09:00,7.723,7.731,7.723,7.731,9
2007-11-13 16:10:00,7.727,7.727,7.723,7.725,6
2007-11-13 16:11:00,7.73,7.733,7.726,7.73,14
2007-11-13 16:12:00,7.728,7.732,7.728,7.732,3
2007-11-13 16:13:00,7.722,7.726,7.722,7.726,3
2007-11-13 16:14:00,7.726,7.732,7.725,7.725,10
2007-11-13 16:15:00,7.734,7.734,7.727,7.727,8
2007-11-13 16:16:00,7.728,7.736,7.728,7.736,5
2007-11-13 16:17:00,7.728,7.728,7.727,7.727,2
2007-11-13 16:18:00,7.725,7.732,7.725,7.73,7
2007-11-13 16:19:00,7.713,7.727,7.711,7.727,13
2007-11-13 16:20:00,7.706,7.711,7.7,7.711,23
2007-11-13 16:21:00,7.7,7.708,7.696,7.707,25
2007-11-13 16:22:00,7.697,7.707,7.694,7.703,17
2007-11-13 16:23:00,7.691,7.703,7.689,7.693,19
2007-11-13 16:24:00,7.662,7.689,7.657,7.689,54
2007-11-13 16:25:00,7.667,7.684,7.663,7.663,39
2007-11-13 16:26:00,7.671,7.675,7.664,7.665,15
2007-11-13 16:27:00,7.665,7.676,7.655,7.673,25
2007-11-13 16:28:00,7.659,7.665,7.655,7.664,25
2007-11-13 16:29:00,7.653,7.662,7.648,7.661,24
2007-11-13 16:30:00,7.63,7.661,7.625,7.655,66
2007-11-13 16:31:00,7.639,7.642,7.63,7.632,24
2007-11-13 16:32:00,7.638,7.642,7.632,7.637,14
2007-11-13 16:33:00,7.64,7.642,7.632,7.636,15
2007-11-13 16:34:00,7.638,7.638,7.632,7.638,21
2007-11-13 16:35:00,7.665,7.678,7.632,7.632,61
2007-11-13 16:36:00,7.668,7.668,7.657,7.663,24
2007-11-13 16:37:00,7.674,7.68,7.668,7.67,23
2007-11-13 16:38:00,7.658,7.674,7.656,7.672,23
2007-11-13 16:39:00,7.651,7.657,7.634,7.656,58
2007-11-13 16:40:00,7.646,7.648,7.638,7.648,25
2007-11-13 16:41:00,7.647,7.647,7.646,7.647,3
2007-11-13 16:42:00,7.646,7.651,7.642,7.649,34
2007-11-13 16:43:00,7.651,7.655,7.647,7.649,16
2007-11-13 16:44:00,7.649,7.656,7.649,7.653,10
2007-11-13 16:45:00,7.647,7.655,7.647,7.652,12
2007-11-13 16:46:00,7.656,7.657,7.644,7.645,13
2007-11-13 16:47:00,7.659,7.661,7.654,7.654,13
2007-11-13 16:48:00,7.636,7.661,7.636,7.661,17
2007-11-13 16:49:00,7.645,7.647,7.639,7.639,6
2007-11-13 16:50:00,7.642,7.647,7.637,7.643,11
2007-11-13 16:51:00,7.645,7.645,7.642,7.645,3
2007-11-13 16:52:00,7.639,7.65,7.639,7.647,11
2007-11-13 16:53:00,7.642,7.645,7.641,7.641,4
2007-11-13 16:54:00,7.622,7.639,7.622,7.639,32
2007-11-13 16:55:00,7.613,7.622,7.597,7.62,66
2007-11-13 16:56:00,7.615,7.621,7.609,7.615,25
2007-11-13 16:57:00,7.601,7.615,7.601,7.613,13
2007-11-13 16:58:00,7.589,7.599,7.586,7.599,28
2007-11-13 16:59:00,7.589,7.593,7.587,7.591,12
2007-11-13 17:00:00,7.586,7.591,7.575,7.591,27
2007-11-13 17:01:00,7.581,7.589,7.575,7.585,36
2007-11-13 17:02:00,7.567,7.585,7.559,7.583,32
2007-11-13 17:03:00,7.584,7.586,7.566,7.57,37
2007-11-13 17:04:00,7.599,7.602,7.586,7.586,32
2007-11-13 17:05:00,7.613,7.615,7.595,7.602,51
2007-11-13 17:06:00,7.61,7.613,7.604,7.61,25
2007-11-13 17:07:00,7.608,7.608,7.602,7.608,8
2007-11-13 17:08:00,7.604,7.613,7.603,7.603,21
2007-11-13 17:09:00,7.594,7.609,7.594,7.607,19
2007-11-13 17:10:00,7.61,7.612,7.59,7.592,46
2007-11-13 17:11:00,7.607,7.611,7.607,7.611,7
2007-11-13 17:12:00,7.614,7.62,7.609,7.609,19
2007-11-13 17:13:00,7.612,7.62,7.604,7.618,31
2007-11-13 17:14:00,7.618,7.623,7.615,7.615,15
2007-11-13 17:15:00,7.615,7.62,7.615,7.616,5
2007-11-13 17:16:00,7.613,7.615,7.611,7.613,4
2007-11-13 17:17:00,7.598,7.611,7.598,7.611,13
2007-11-13 17:18:00,7.594,7.603,7.594,7.601,13
2007-11-13 17:19:00,7.569,7.596,7.569,7.596,29
2007-11-13 17:20:00,7.58,7.589,7.568,7.568,33
2007-11-13 17:21:00,7.575,7.584,7.569,7.584,20
2007-11-13 17:22:00,7.566,7.571,7.548,7.571,56
2007-11-13 17:23:00,7.569,7.574,7.563,7.563,9
2007-11-13 17:24:00,7.573,7.579,7.571,7.571,26
2007-11-13 17:25:00,7.579,7.581,7.575,7.575,10
2007-11-13 17:26:00,7.593,7.598,7.582,7.585,18
2007-11-13 17:27:00,7.604,7.606,7.59,7.591,24
2007-11-13 17:28:00,7.596,7.607,7.595,7.607,12
2007-11-13 17:29:00,7.593,7.602,7.589,7.598,11
2007-11-13 17:30:00,7.605,7.608,7.595,7.595,16
2007-11-13 17:31:00,7.615,7.615,7.607,7.607,13
2007-11-13 17:32:00,7.625,7.632,7.613,7.613,46
2007-11-13 17:33:00,7.623,7.625,7.621,7.623,5
2007-11-13 17:34:00,7.616,7.625,7.616,7.625,6
2007-11-13 17:35:00,7.619,7.623,7.609,7.618,23
2007-11-13 17:36:00,7.631,7.633,7.616,7.616,14
2007-11-13 17:37:00,7.635,7.658,7.626,7.628,73
2007-11-13 17:38:00,7.633,7.635,7.631,7.633,7
2007-11-13 17:39:00,7.634,7.636,7.629,7.631,11
2007-11-13 17:40:00,7.634,7.638,7.634,7.636,8
2007-11-13 17:41:00,7.623,7.632,7.621,7.632,9
2007-11-13 17:42:00,7.615,7.622,7.612,7.622,6
2007-11-13 17:43:00,7.619,7.619,7.612,7.612,11
2007-11-13 17:44:00,7.623,7.631,7.621,7.621,19
2007-11-13 17:45:00,7.624,7.625,7.62,7.622,8
2007-11-13 17:46:00,7.615,7.627,7.614,7.627,14
2007-11-13 17:47:00,7.622,7.625,7.62,7.62,5
2007-11-13 17:48:00,7.614,7.619,7.605,7.619,17
2007-11-13 17:49:00,7.614,7.619,7.612,7.616,12
2007-11-13 17:50:00,7.616,7.618,7.616,7.616,3
2007-11-13 17:51:00,7.62,7.62,7.612,7.614,6
2007-11-13 17:52:00,7.617,7.622,7.614,7.622,6
2007-11-13 17:53:00,7.607,7.616,7.604,7.614,19
2007-11-13 17:54:00,7.6,7.606,7.598,7.605,8
2007-11-13 17:55:00,7.6,7.605,7.597,7.597,6
2007-11-13 17:56:00,7.597,7.605,7.597,7.602,7
2007-11-13 17:57:00,7.583,7.595,7.583,7.595,21
2007-11-13 17:58:00,7.59,7.597,7.584,7.584,17
2007-11-13 17:59:00,7.588,7.594,7.588,7.592,7
2007-11-13 18:00:00,7.599,7.603,7.59,7.59,26
2007-11-13 18:01:00,7.607,7.613,7.601,7.601,17
2007-11-13 18:02:00,7.607,7.608,7.606,7.606,3
2007-11-13 18:03:00,7.606,7.615,7.603,7.605,13
2007-11-13 18:04:00,7.609,7.609,7.608,7.608,2
2007-11-13 18:05:00,7.6,7.607,7.6,7.607,6
2007-11-13 18:06:00,7.598,7.605,7.598,7.603,5
2007-11-13 18:07:00,7.599,7.601,7.595,7.6,8
2007-11-13 18:08:00,7.603,7.603,7.603,7.603,1
2007-11-13 18:09:00,7.598,7.6,7.594,7.6,6
2007-11-13 18:10:00,7.609,7.609,7.6,7.6,7
2007-11-13 18:11:00,7.605,7.612,7.603,7.61,11
2007-11-13 18:12:00,7.597,7.609,7.597,7.607,17
2007-11-13 18:13:00,7.606,7.611,7.599,7.599,17
2007-11-13 18:14:00,7.611,7.611,7.609,7.609,2
2007-11-13 18:15:00,7.612,7.614,7.606,7.606,6
2007-11-13 18:16:00,7.621,7.632,7.61,7.616,34
2007-11-13 18:17:00,7.614,7.625,7.614,7.623,8
2007-11-13 18:18:00,7.628,7.63,7.618,7.618,18
2007-11-13 18:19:00,7.629,7.629,7.616,7.625,12
2007-11-13 18:20:00,7.637,7.637,7.632,7.632,4
2007-11-13 18:21:00,7.65,7.657,7.629,7.639,58
2007-11-13 18:22:00,7.637,7.659,7.629,7.653,42
2007-11-13 18:23:00,7.641,7.645,7.636,7.639,20
2007-11-13 18:24:00,7.645,7.647,7.64,7.643,16
2007-11-13 18:25:00,7.65,7.65,7.638,7.648,11
2007-11-13 18:26:00,7.645,7.652,7.645,7.652,4
2007-11-13 18:27:00,7.638,7.643,7.632,7.643,10
2007-11-13 18:28:00,7.64,7.64,7.634,7.636,12
2007-11-13 18:29:00,7.633,7.639,7.629,7.639,22
2007-11-13 18:30:00,7.632,7.639,7.63,7.631,11
2007-11-13 18:31:00,7.64,7.64,7.633,7.634,12
2007-11-13 18:32:00,7.643,7.647,7.64,7.641,12
2007-11-13 18:33:00,7.657,7.657,7.638,7.641,16
2007-11-13 18:34:00,7.664,7.665,7.654,7.659,20
2007-11-13 18:35:00,7.67,7.677,7.666,7.666,32
2007-11-13 18:36:00,7.669,7.669,7.655,7.664,28
2007-11-13 18:37:00,7.668,7.674,7.664,7.671,26
2007-11-13 18:38:00,7.654,7.667,7.654,7.666,13
2007-11-13 18:39:00,7.651,7.655,7.649,7.652,10
2007-11-13 18:40:00,7.652,7.663,7.643,7.649,25
2007-11-13 18:41:00,7.657,7.658,7.653,7.654,12
2007-11-13 18:42:00,7.672,7.676,7.655,7.655,25
2007-11-13 18:43:00,7.663,7.674,7.663,7.67,16
2007-11-13 18:44:00,7.665,7.668,7.661,7.667,11
2007-11-13 18:45:00,7.648,7.665,7.648,7.663,18
2007-11-13 18:46:00,7.651,7.655,7.643,7.65,20
2007-11-13 18:47:00,7.655,7.662,7.649,7.653,14
2007-11-13 18:48:00,7.659,7.66,7.653,7.653,11
2007-11-13 18:49:00,7.658,7.667,7.653,7.663,18
2007-11-13 18:50:00,7.665,7.67,7.66,7.66,11
2007-11-13 18:51:00,7.654,7.664,7.654,7.663,9
2007-11-13 18:52:00,7.641,7.658,7.635,7.651,44
2007-11-13 18:53:00,7.652,7.655,7.643,7.643,9
2007-11-13 18:54:00,7.647,7.65,7.642,7.65,8
2007-11-13 18:55:00,7.648,7.649,7.641,7.643,11
2007-11-13 18:56:00,7.642,7.65,7.642,7.646,19
2007-11-13 18:57:00,7.641,7.646,7.639,7.644,16
2007-11-13 18:58:00,7.647,7.649,7.643,7.643,8
2007-11-13 18:59:00,7.651,7.658,7.642,7.645,37
2007-11-13 19:00:00,7.648,7.65,7.644,7.65,9
2007-11-13 19:01:00,7.633,7.648,7.63,7.644,25
2007-11-13 19:02:00,7.642,7.647,7.628,7.631,18
2007-11-13 19:03:00,7.634,7.642,7.634,7.64,8
2007-11-13 19:04:00,7.621,7.632,7.617,7.632,29
2007-11-13 19:05:00,7.631,7.631,7.619,7.619,13
2007-11-13 19:06:00,7.634,7.64,7.628,7.63,16
2007-11-13 19:07:00,7.635,7.64,7.631,7.636,11
2007-11-13 19:08:00,7.64,7.644,7.637,7.637,6
2007-11-13 19:09:00,7.634,7.644,7.634,7.642,6
2007-11-13 19:10:00,7.616,7.632,7.613,7.632,20
2007-11-13 19:11:00,7.622,7.622,7.614,7.614,7
2007-11-13 19:12:00,7.622,7.622,7.62,7.62,2
2007-11-13 19:13:00,7.629,7.629,7.621,7.624,8
2007-11-13 19:14:00,7.638,7.642,7.631,7.631,17
2007-11-13 19:15:00,7.638,7.638,7.634,7.636,8
2007-11-13 19:16:00,7.637,7.643,7.637,7.64,7
2007-11-13 19:17:00,7.632,7.641,7.631,7.639,20
2007-11-13 19:18:00,7.634,7.634,7.623,7.63,14
2007-11-13 19:19:00,7.639,7.639,7.63,7.633,17
2007-11-13 19:20:00,7.628,7.637,7.62,7.637,23
2007-11-13 19:21:00,7.63,7.633,7.624,7.626,8
2007-11-13 19:22:00,7.621,7.626,7.621,7.626,9
2007-11-13 19:23:00,7.62,7.623,7.615,7.623,8
2007-11-13 19:24:00,7.614,7.622,7.613,7.622,10
2007-11-13 19:25:00,7.61,7.616,7.608,7.616,10
2007-11-13 19:26:00,7.611,7.611,7.604,7.608,19
2007-11-13 19:27:00,7.619,7.623,7.607,7.607,16
2007-11-13 19:28:00,7.614,7.618,7.613,7.616,19
2007-11-13 19:29:00,7.612,7.615,7.609,7.615,10
2007-11-13 19:30:00,7.616,7.618,7.614,7.614,4
2007-11-13 19:32:00,7.619,7.619,7.613,7.618,5
2007-11-13 19:33:00,7.612,7.617,7.612,7.617,6
2007-11-13 19:34:00,7.607,7.609,7.607,7.609,2
2007-11-13 19:35:00,7.61,7.61,7.6,7.605,11
2007-11-13 19:36:00,7.613,7.613,7.604,7.606,6
2007-11-13 19:37:00,7.613,7.613,7.609,7.609,2
2007-11-13 19:38:00,7.607,7.607,7.607,7.607,1
2007-11-13 19:39:00,7.604,7.604,7.604,7.604,1
2007-11-13 19:40:00,7.606,7.606,7.606,7.606,1
2007-11-13 19:41:00,7.613,7.616,7.613,7.614,3
2007-11-13 19:43:00,7.616,7.616,7.616,7.616,1
2007-11-13 19:45:00,7.619,7.621,7.619,7.619,3
2007-11-13 19:46:00,7.616,7.616,7.616,7.616,1
2007-11-13 19:48:00,7.619,7.619,7.619,7.619,1
2007-11-13 19:50:00,7.621,7.621,7.621,7.621,1
2007-11-13 19:55:00,7.623,7.623,7.623,7.623,1
2007-11-13 19:58:00,7.615,7.621,7.615,7.621,3
2007-11-13 20:02:00,7.613,7.613,7.613,7.613,1
2007-11-13 20:07:00,7.614,7.614,7.614,7.614,1
2007-11-13 20:08:00,7.616,7.616,7.616,7.616,1
2007-11-13 20:12:00,7.619,7.619,7.619,7.619,1
2007-11-13 20:13:00,7.615,7.615,7.615,7.615,1
2007-11-13 20:14:00,7.613,7.613,7.613,7.613,1
2007-11-13 20:15:00,7.612,7.615,7.612,7.615,2
2007-11-13 20:21:00,7.615,7.615,7.615,7.615,1
2007-11-13 20:24:00,7.616,7.616,7.616,7.616,1
2007-11-13 20:25:00,7.613,7.613,7.613,7.613,1
2007-11-13 20:28:00,7.608,7.612,7.608,7.612,2
2007-11-13 20:29:00,7.612,7.612,7.612,7.612,1
2007-11-13 20:33:00,7.616,7.616,7.616,7.616,1
2007-11-13 20:34:00,7.613,7.613,7.613,7.613,1
2007-11-13 20:39:00,7.605,7.609,7.605,7.609,3
2007-11-13 20:42:00,7.608,7.608,7.608,7.608,1
2007-11-13 20:46:00,7.605,7.605,7.605,7.605,1
2007-11-13 20:47:00,7.603,7.603,7.603,7.603,1
2007-11-13 20:48:00,7.607,7.607,7.607,7.607,1
2007-11-13 20:53:00,7.605,7.605,7.605,7.605,1
2007-11-13 20:54:00,7.603,7.603,7.603,7.603,1
2007-11-13 20:57:00,7.6,7.6,7.6,7.6,1
2007-11-13 21:00:00,7.602,7.602,7.602,7.602,1
2007-11-13 21:03:00,7.6,7.6,7.6,7.6,1
2007-11-13 21:07:00,7.603,7.603,7.603,7.603,1
2007-11-13 21:09:00,7.601,7.601,7.601,7.601,1
2007-11-13 21:10:00,7.606,7.606,7.606,7.606,1
2007-11-13 21:14:00,7.603,7.607,7.603,7.607,2
2007-11-13 21:16:00,7.597,7.599,7.597,7.599,2
2007-11-13 21:19:00,7.596,7.598,7.596,7.598,2
2007-11-13 21:22:00,7.603,7.603,7.603,7.603,1
2007-11-13 21:24:00,7.597,7.597,7.597,7.597,1
2007-11-13 21:27:00,7.596,7.6,7.596,7.6,2
2007-11-13 21:28:00,7.602,7.602,7.602,7.602,1
2007-11-13 21:31:00,7.594,7.596,7.594,7.596,4
2007-11-13 21:37:00,7.592,7.592,7.592,7.592,1
2007-11-13 21:39:00,7.585,7.59,7.585,7.59,2
2007-11-13 21:52:00,7.589,7.592,7.589,7.592,2
2007-11-13 21:57:00,7.584,7.584,7.584,7.584,1
2007-11-13 21:59:00,7.581,7.581,7.581,7.581,1
2007-11-13 22:04:00,7.576,7.579,7.576,7.579,2
2007-11-13 22:06:00,7.58,7.58,7.58,7.58,1
2007-11-13 22:13:00,7.582,7.582,7.582,7.582,1
2007-11-13 22:14:00,7.586,7.586,7.586,7.586,1
2007-11-13 23:13:00,7.626,7.626,7.582,7.582,5
2007-11-13 23:36:00,7.619,7.619,7.619,7.619,1
2007-11-13 23:40:00,7.614,7.614,7.614,7.614,1
2007-11-14 01:21:00,7.635,7.635,7.62,7.63,3
2007-11-14 01:26:00,7.636,7.636,7.636,7.636,1
2007-11-14 01:34:00,7.648,7.648,7.638,7.638,3
2007-11-14 02:04:00,7.645,7.645,7.645,7.645,1
2007-11-14 03:16:00,7.63,7.63,7.63,7.63,1
2007-11-14 03:18:00,7.642,7.642,7.642,7.642,1
2007-11-14 03:59:00,7.633,7.633,7.633,7.633,1
2007-11-14 04:18:00,7.646,7.646,7.646,7.646,1
2007-11-14 04:19:00,7.647,7.647,7.647,7.647,1
2007-11-14 04:29:00,7.646,7.646,7.646,7.646,1
2007-11-14 04:30:00,7.648,7.648,7.648,7.648,1
2007-11-14 06:38:00,7.65,7.65,7.65,7.65,1
2007-11-14 07:01:00,7.642,7.642,7.642,7.642,1
2007-11-14 07:02:00,7.633,7.633,7.633,7.633,1
2007-11-14 07:16:00,7.632,7.639,7.632,7.639,2
2007-11-14 07:49:00,7.65,7.65,7.65,7.65,1
2007-11-14 08:01:00,7.651,7.651,7.651,7.651,1
2007-11-14 08:05:00,7.653,7.653,7.653,7.653,1
2007-11-14 08:27:00,7.647,7.647,7.647,7.647,1
2007-11-14 08:32:00,7.633,7.638,7.633,7.638,2
2007-11-14 09:37:00,7.646,7.646,7.646,7.646,1
2007-11-14 09:42:00,7.649,7.649,7.649,7.649,1
2007-11-14 10:13:00,7.651,7.651,7.651,7.651,1
2007-11-14 10:17:00,7.658,7.658,7.627,7.637,8
2007-11-14 10:18:00,7.635,7.638,7.635,7.638,2
2007-11-14 10:19:00,7.641,7.641,7.641,7.641,1
2007-11-14 10:20:00,7.636,7.636,7.636,7.636,1
2007-11-14 10:22:00,7.619,7.621,7.619,7.621,2
2007-11-14 10:30:00,7.618,7.618,7.618,7.618,1
2007-11-14 10:40:00,7.619,7.619,7.6,7.613,6
2007-11-14 10:45:00,7.62,7.62,7.62,7.62,1
2007-11-14 10:48:00,7.63,7.63,7.63,7.63,1
2007-11-14 10:51:00,7.602,7.611,7.602,7.611,2
2007-11-14 10:56:00,7.601,7.605,7.601,7.605,2
2007-11-14 10:58:00,7.596,7.596,7.596,7.596,1
2007-11-14 11:03:00,7.597,7.601,7.597,7.6,4
2007-11-14 11:06:00,7.587,7.587,7.587,7.587,1
2007-11-14 11:16:00,7.573,7.577,7.573,7.577,2
2007-11-14 11:22:00,7.564,7.564,7.564,7.564,1
2007-11-14 11:24:00,7.567,7.567,7.567,7.567,1
2007-11-14 11:26:00,7.563,7.565,7.563,7.565,2
2007-11-14 11:30:00,7.572,7.572,7.572,7.572,1
2007-11-14 11:40:00,7.582,7.592,7.582,7.592,3
2007-11-14 11:44:00,7.598,7.598,7.596,7.596,2
2007-11-14 11:45:00,7.601,7.601,7.601,7.601,1
2007-11-14 11:49:00,7.597,7.597,7.597,7.597,1
2007-11-14 11:56:00,7.63,7.63,7.625,7.625,2
2007-11-14 11:57:00,7.634,7.634,7.634,7.634,1
2007-11-14 11:58:00,7.636,7.636,7.636,7.636,1
2007-11-14 11:59:00,7.631,7.631,7.631,7.631,1
2007-11-14 12:01:00,7.626,7.626,7.626,7.626,1
2007-11-14 12:06:00,7.631,7.631,7.631,7.631,1
2007-11-14 12:08:00,7.635,7.635,7.635,7.635,1
2007-11-14 12:09:00,7.634,7.634,7.628,7.628,3
2007-11-14 12:12:00,7.631,7.631,7.631,7.631,1
2007-11-14 12:13:00,7.629,7.629,7.629,7.629,1
2007-11-14 12:15:00,7.602,7.612,7.602,7.612,2
2007-11-14 12:16:00,7.583,7.583,7.581,7.583,3
2007-11-14 12:18:00,7.587,7.587,7.587,7.587,1
2007-11-14 12:20:00,7.588,7.588,7.583,7.583,5
2007-11-14 12:21:00,7.601,7.601,7.591,7.591,3
2007-11-14 12:27:00,7.592,7.592,7.592,7.592,1
2007-11-14 12:29:00,7.576,7.576,7.576,7.576,1
2007-11-14 12:31:00,7.572,7.572,7.572,7.572,1
2007-11-14 12:33:00,7.587,7.587,7.587,7.587,1
2007-11-14 12:36:00,7.593,7.593,7.593,7.593,1
2007-11-14 12:39:00,7.585,7.585,7.585,7.585,1
2007-11-14 12:42:00,7.597,7.597,7.597,7.597,1
2007-11-14 12:44:00,7.611,7.611,7.605,7.605,2
2007-11-14 12:47:00,7.589,7.594,7.589,7.594,3
2007-11-14 12:48:00,7.583,7.583,7.583,7.583,1
2007-11-14 12:49:00,7.576,7.581,7.576,7.581,3
2007-11-14 12:50:00,7.569,7.569,7.569,7.569,1
2007-11-14 12:51:00,7.543,7.566,7.543,7.566,9
2007-11-14 12:52:00,7.545,7.545,7.534,7.541,6
2007-11-14 12:53:00,7.541,7.551,7.541,7.551,2
2007-11-14 12:54:00,7.555,7.555,7.555,7.555,1
2007-11-14 12:59:00,7.554,7.554,7.554,7.554,1
2007-11-14 13:00:00,7.555,7.555,7.555,7.555,1
2007-11-14 13:01:00,7.552,7.552,7.552,7.552,1
2007-11-14 13:02:00,7.564,7.564,7.556,7.556,4
2007-11-14 13:03:00,7.571,7.571,7.566,7.566,2
2007-11-14 13:04:00,7.587,7.587,7.574,7.574,5
2007-11-14 13:05:00,7.585,7.585,7.582,7.582,2
2007-11-14 13:06:00,7.582,7.588,7.582,7.588,3
2007-11-14 13:07:00,7.587,7.587,7.587,7.587,1
2007-11-14 13:08:00,7.591,7.591,7.591,7.591,1
2007-11-14 13:09:00,7.592,7.592,7.589,7.589,2
2007-11-14 13:10:00,7.589,7.598,7.589,7.598,3
2007-11-14 13:12:00,7.584,7.584,7.584,7.584,1
2007-11-14 13:13:00,7.594,7.594,7.586,7.586,3
2007-11-14 13:14:00,7.587,7.591,7.582,7.584,5
2007-11-14 13:15:00,7.564,7.58,7.564,7.58,7
2007-11-14 13:16:00,7.574,7.578,7.564,7.566,7
2007-11-14 13:17:00,7.541,7.565,7.541,7.565,9
2007-11-14 13:21:00,7.545,7.548,7.545,7.548,2
2007-11-14 13:22:00,7.538,7.55,7.538,7.55,5
2007-11-14 13:23:00,7.545,7.548,7.545,7.548,2
2007-11-14 13:25:00,7.559,7.559,7.559,7.559,1
2007-11-14 13:28:00,7.56,7.56,7.56,7.56,1
2007-11-14 13:29:00,7.56,7.562,7.557,7.562,4
2007-11-14 13:30:00,7.54,7.555,7.538,7.555,8
2007-11-14 13:31:00,7.544,7.544,7.544,7.544,1
2007-11-14 13:32:00,7.559,7.559,7.559,7.559,1
2007-11-14 13:35:00,7.565,7.565,7.56,7.56,2
2007-11-14 13:36:00,7.565,7.572,7.562,7.572,7
2007-11-14 13:37:00,7.563,7.563,7.563,7.563,1
2007-11-14 13:38:00,7.569,7.569,7.56,7.56,3
2007-11-14 13:39:00,7.572,7.576,7.572,7.572,4
2007-11-14 13:40:00,7.572,7.574,7.572,7.574,2
2007-11-14 13:41:00,7.574,7.574,7.574,7.574,1
2007-11-14 13:42:00,7.57,7.571,7.568,7.571,3
2007-11-14 13:43:00,7.555,7.563,7.553,7.563,6
2007-11-14 13:44:00,7.558,7.558,7.552,7.557,4
2007-11-14 13:45:00,7.554,7.554,7.554,7.554,1
2007-11-14 13:46:00,7.565,7.565,7.561,7.561,2
2007-11-14 13:47:00,7.556,7.561,7.556,7.561,3
2007-11-14 13:49:00,7.562,7.568,7.562,7.562,5
2007-11-14 13:50:00,7.554,7.571,7.554,7.569,17
2007-11-14 13:51:00,7.553,7.557,7.548,7.557,14
2007-11-14 13:52:00,7.561,7.561,7.55,7.551,8
2007-11-14 13:53:00,7.56,7.56,7.551,7.556,6
2007-11-14 13:54:00,7.559,7.56,7.551,7.552,9
2007-11-14 13:55:00,7.564,7.564,7.555,7.555,7
2007-11-14 13:56:00,7.571,7.571,7.567,7.567,3
2007-11-14 13:57:00,7.575,7.575,7.573,7.573,2
2007-11-14 13:58:00,7.582,7.582,7.578,7.578,3
2007-11-14 13:59:00,7.587,7.587,7.577,7.578,8
2007-11-14 14:00:00,7.593,7.601,7.585,7.589,41
2007-11-14 14:01:00,7.582,7.594,7.582,7.591,10
2007-11-14 14:02:00,7.571,7.587,7.567,7.58,30
2007-11-14 14:03:00,7.573,7.576,7.567,7.568,11
2007-11-14 14:04:00,7.575,7.584,7.571,7.571,21
2007-11-14 14:05:00,7.575,7.579,7.571,7.577,13
2007-11-14 14:06:00,7.572,7.578,7.572,7.577,9
2007-11-14 14:07:00,7.58,7.58,7.575,7.575,5
2007-11-14 14:08:00,7.598,7.601,7.581,7.581,15
2007-11-14 14:09:00,7.584,7.596,7.584,7.596,12
2007-11-14 14:10:00,7.596,7.596,7.586,7.586,5
2007-11-14 14:11:00,7.594,7.6,7.592,7.594,10
2007-11-14 14:12:00,7.589,7.592,7.585,7.592,6
2007-11-14 14:13:00,7.591,7.591,7.585,7.587,7
2007-11-14 14:14:00,7.584,7.589,7.584,7.584,7
2007-11-14 14:15:00,7.592,7.592,7.582,7.582,10
2007-11-14 14:16:00,7.608,7.608,7.593,7.595,8
2007-11-14 14:17:00,7.626,7.626,7.609,7.609,32
2007-11-14 14:18:00,7.622,7.636,7.618,7.624,39
2007-11-14 14:19:00,7.63,7.634,7.618,7.624,26
2007-11-14 14:20:00,7.632,7.637,7.623,7.626,16
2007-11-14 14:21:00,7.641,7.646,7.628,7.629,35
2007-11-14 14:22:00,7.643,7.65,7.64,7.644,18
2007-11-14 14:23:00,7.643,7.65,7.637,7.646,28
2007-11-14 14:24:00,7.642,7.647,7.641,7.641,5
2007-11-14 14:25:00,7.646,7.647,7.639,7.639,12
2007-11-14 14:26:00,7.655,7.655,7.644,7.649,17
2007-11-14 14:27:00,7.655,7.661,7.653,7.657,16
2007-11-14 14:28:00,7.64,7.653,7.64,7.653,29
2007-11-14 14:29:00,7.653,7.655,7.642,7.642,9
2007-11-14 14:30:00,7.652,7.653,7.648,7.651,9
2007-11-14 14:31:00,7.651,7.653,7.643,7.648,9
2007-11-14 14:32:00,7.649,7.652,7.649,7.649,3
2007-11-14 14:33:00,7.643,7.649,7.638,7.647,11
2007-11-14 14:34:00,7.646,7.646,7.64,7.645,10
2007-11-14 14:35:00,7.65,7.652,7.647,7.648,9
2007-11-14 14:36:00,7.671,7.677,7.653,7.653,56
2007-11-14 14:37:00,7.684,7.686,7.668,7.669,39
2007-11-14 14:38:00,7.685,7.688,7.677,7.682,25
2007-11-14 14:39:00,7.699,7.702,7.687,7.688,42
2007-11-14 14:40:00,7.698,7.708,7.695,7.701,31
2007-11-14 14:41:00,7.681,7.696,7.681,7.696,30
2007-11-14 14:42:00,7.69,7.694,7.683,7.683,17
2007-11-14 14:43:00,7.705,7.715,7.69,7.693,58
2007-11-14 14:44:00,7.71,7.718,7.707,7.707,23
2007-11-14 14:45:00,7.706,7.716,7.704,7.708,25
2007-11-14 14:46:00,7.714,7.715,7.698,7.704,36
2007-11-14 14:47:00,7.725,7.728,7.702,7.715,32
2007-11-14 14:48:00,7.736,7.747,7.721,7.723,72
2007-11-14 14:49:00,7.726,7.737,7.725,7.733,21
2007-11-14 14:50:00,7.737,7.741,7.728,7.728,28
2007-11-14 14:51:00,7.732,7.743,7.726,7.739,20
2007-11-14 14:52:00,7.721,7.738,7.718,7.73,20
2007-11-14 14:53:00,7.71,7.724,7.71,7.719,12
2007-11-14 14:54:00,7.715,7.721,7.709,7.712,24
2007-11-14 14:55:00,7.715,7.722,7.715,7.717,11
2007-11-14 14:56:00,7.719,7.72,7.717,7.717,7
2007-11-14 14:57:00,7.715,7.718,7.715,7.718,4
2007-11-14 14:58:00,7.718,7.72,7.717,7.717,4
2007-11-14 14:59:00,7.733,7.736,7.72,7.72,26
2007-11-14 15:00:00,7.733,7.744,7.731,7.731,21
2007-11-14 15:01:00,7.739,7.742,7.722,7.73,24
2007-11-14 15:02:00,7.728,7.736,7.728,7.736,7
2007-11-14 15:03:00,7.725,7.726,7.723,7.726,3
2007-11-14 15:04:00,7.724,7.727,7.722,7.723,5
2007-11-14 15:05:00,7.723,7.724,7.721,7.722,5
2007-11-14 15:06:00,7.701,7.723,7.701,7.721,27
2007-11-14 15:07:00,7.706,7.71,7.699,7.703,26
2007-11-14 15:08:00,7.706,7.713,7.705,7.708,12
2007-11-14 15:09:00,7.717,7.717,7.71,7.71,8
2007-11-14 15:10:00,7.712,7.722,7.71,7.719,11
2007-11-14 15:11:00,7.713,7.714,7.711,7.714,3
2007-11-14 15:12:00,7.706,7.711,7.706,7.711,4
2007-11-14 15:13:00,7.706,7.709,7.706,7.709,6
2007-11-14 15:14:00,7.706,7.71,7.701,7.702,19
2007-11-14 15:15:00,7.702,7.71,7.7,7.708,10
2007-11-14 15:16:00,7.689,7.703,7.688,7.703,26
2007-11-14 15:17:00,7.694,7.698,7.691,7.691,8
2007-11-14 15:18:00,7.684,7.692,7.679,7.692,29
2007-11-14 15:19:00,7.691,7.7,7.684,7.686,31
2007-11-14 15:20:00,7.697,7.698,7.692,7.694,6
2007-11-14 15:21:00,7.694,7.701,7.69,7.699,17
2007-11-14 15:22:00,7.698,7.701,7.691,7.691,8
2007-11-14 15:23:00,7.695,7.696,7.693,7.696,5
2007-11-14 15:24:00,7.695,7.697,7.693,7.697,4
2007-11-14 15:25:00,7.695,7.695,7.691,7.693,4
2007-11-14 15:26:00,7.692,7.696,7.692,7.693,6
2007-11-14 15:27:00,7.688,7.694,7.686,7.694,9
2007-11-14 15:28:00,7.674,7.686,7.67,7.686,15
2007-11-14 15:29:00,7.678,7.679,7.672,7.672,22
2007-11-14 15:30:00,7.675,7.677,7.669,7.676,10
2007-11-14 15:31:00,7.674,7.678,7.674,7.678,7
2007-11-14 15:32:00,7.679,7.679,7.672,7.672,8
2007-11-14 15:33:00,7.676,7.686,7.673,7.677,25
2007-11-14 15:34:00,7.683,7.687,7.676,7.678,17
2007-11-14 15:35:00,7.683,7.685,7.678,7.68,6
2007-11-14 15:36:00,7.694,7.696,7.685,7.685,12
2007-11-14 15:37:00,7.695,7.695,7.689,7.692,11
2007-11-14 15:38:00,7.697,7.709,7.693,7.698,22
2007-11-14 15:39:00,7.695,7.699,7.695,7.699,3
2007-11-14 15:40:00,7.693,7.706,7.69,7.698,19
2007-11-14 15:41:00,7.694,7.696,7.694,7.696,2
2007-11-14 15:42:00,7.692,7.694,7.687,7.692,13
2007-11-14 15:43:00,7.702,7.705,7.694,7.694,10
2007-11-14 15:44:00,7.692,7.699,7.692,7.699,9
2007-11-14 15:45:00,7.694,7.698,7.693,7.694,7
2007-11-14 15:46:00,7.699,7.699,7.692,7.692,4
2007-11-14 15:47:00,7.684,7.697,7.684,7.697,10
2007-11-14 15:48:00,7.681,7.689,7.679,7.686,11
2007-11-14 15:49:00,7.673,7.686,7.673,7.683,19
2007-11-14 15:50:00,7.675,7.677,7.675,7.675,3
2007-11-14 15:51:00,7.671,7.676,7.666,7.672,28
2007-11-14 15:52:00,7.668,7.671,7.66,7.669,15
2007-11-14 15:53:00,7.671,7.671,7.666,7.669,8
2007-11-14 15:54:00,7.688,7.696,7.669,7.669,27
2007-11-14 15:55:00,7.683,7.69,7.681,7.686,12
2007-11-14 15:56:00,7.697,7.701,7.685,7.685,13
2007-11-14 15:57:00,7.698,7.698,7.692,7.695,9
2007-11-14 15:58:00,7.695,7.705,7.694,7.701,11
2007-11-14 15:59:00,7.708,7.711,7.692,7.694,20
2007-11-14 16:00:00,7.699,7.715,7.699,7.711,23
2007-11-14 16:01:00,7.695,7.7,7.693,7.697,10
2007-11-14 16:02:00,7.698,7.7,7.694,7.696,10
2007-11-14 16:03:00,7.704,7.704,7.7,7.7,3
2007-11-14 16:04:00,7.696,7.702,7.696,7.702,4
2007-11-14 16:05:00,7.697,7.707,7.697,7.697,14
2007-11-14 16:06:00,7.697,7.701,7.695,7.698,9
2007-11-14 16:07:00,7.69,7.697,7.688,7.695,9
2007-11-14 16:08:00,7.678,7.692,7.678,7.692,13
2007-11-14 16:09:00,7.674,7.682,7.673,7.682,8
2007-11-14 16:10:00,7.676,7.678,7.673,7.676,11
2007-11-14 16:11:00,7.675,7.676,7.671,7.675,17
2007-11-14 16:12:00,7.682,7.686,7.672,7.674,10
2007-11-14 16:13:00,7.663,7.68,7.663,7.68,12
2007-11-14 16:14:00,7.654,7.668,7.65,7.665,44
2007-11-14 16:15:00,7.665,7.667,7.656,7.656,18
2007-11-14 16:16:00,7.668,7.671,7.659,7.663,26
2007-11-14 16:17:00,7.667,7.675,7.664,7.664,13
2007-11-14 16:18:00,7.673,7.676,7.67,7.67,8
2007-11-14 16:19:00,7.677,7.678,7.67,7.67,10
2007-11-14 16:20:00,7.672,7.677,7.669,7.674,7
2007-11-14 16:21:00,7.666,7.67,7.663,7.67,7
2007-11-14 16:22:00,7.667,7.668,7.657,7.668,20
2007-11-14 16:23:00,7.686,7.696,7.669,7.669,56
2007-11-14 16:24:00,7.691,7.691,7.677,7.684,18
2007-11-14 16:25:00,7.697,7.697,7.687,7.694,23
2007-11-14 16:26:00,7.698,7.701,7.698,7.699,3
2007-11-14 16:27:00,7.702,7.702,7.698,7.7,5
2007-11-14 16:28:00,7.697,7.7,7.688,7.7,14
2007-11-14 16:29:00,7.696,7.702,7.693,7.695,13
2007-11-14 16:30:00,7.69,7.697,7.69,7.694,5
2007-11-14 16:31:00,7.68,7.694,7.678,7.692,11
2007-11-14 16:32:00,7.683,7.687,7.682,7.682,8
2007-11-14 16:33:00,7.696,7.701,7.684,7.684,25
2007-11-14 16:34:00,7.696,7.704,7.694,7.699,18
2007-11-14 16:35:00,7.68,7.694,7.678,7.694,17
2007-11-14 16:36:00,7.652,7.682,7.652,7.682,45
2007-11-14 16:37:00,7.639,7.654,7.601,7.649,125
2007-11-14 16:38:00,7.645,7.649,7.637,7.637,28
2007-11-14 16:39:00,7.613,7.642,7.596,7.64,112
2007-11-14 16:40:00,7.605,7.615,7.597,7.615,44
2007-11-14 16:41:00,7.56,7.602,7.536,7.602,166
2007-11-14 16:42:00,7.581,7.587,7.562,7.562,61
2007-11-14 16:43:00,7.574,7.587,7.567,7.583,66
2007-11-14 16:44:00,7.577,7.579,7.568,7.572,12
2007-11-14 16:45:00,7.594,7.605,7.576,7.582,58
2007-11-14 16:46:00,7.58,7.598,7.58,7.597,45
2007-11-14 16:47:00,7.56,7.582,7.552,7.582,65
2007-11-14 16:48:00,7.565,7.565,7.556,7.562,21
2007-11-14 16:49:00,7.568,7.579,7.563,7.563,30
2007-11-14 16:50:00,7.569,7.575,7.564,7.569,18
2007-11-14 16:51:00,7.564,7.577,7.564,7.572,19
2007-11-14 16:52:00,7.523,7.562,7.523,7.562,79
2007-11-14 16:53:00,7.532,7.534,7.505,7.527,99
2007-11-14 16:54:00,7.542,7.546,7.535,7.535,15
2007-11-14 16:55:00,7.55,7.552,7.544,7.546,20
2007-11-14 16:56:00,7.544,7.548,7.538,7.548,18
2007-11-14 16:57:00,7.547,7.548,7.54,7.542,8
2007-11-14 16:58:00,7.571,7.571,7.548,7.548,26
2007-11-14 16:59:00,7.564,7.568,7.559,7.568,21
2007-11-14 17:00:00,7.563,7.566,7.556,7.562,20
2007-11-14 17:01:00,7.576,7.581,7.565,7.565,22
2007-11-14 17:02:00,7.579,7.587,7.575,7.578,20
2007-11-14 17:03:00,7.586,7.592,7.575,7.577,25
2007-11-14 17:04:00,7.58,7.586,7.578,7.582,9
2007-11-14 17:05:00,7.59,7.595,7.582,7.582,19
2007-11-14 17:06:00,7.598,7.601,7.592,7.592,30
2007-11-14 17:07:00,7.583,7.596,7.579,7.596,17
2007-11-14 17:08:00,7.579,7.589,7.577,7.586,13
2007-11-14 17:09:00,7.588,7.59,7.577,7.577,12
2007-11-14 17:10:00,7.599,7.6,7.586,7.586,10
2007-11-14 17:11:00,7.616,7.616,7.6,7.601,43
2007-11-14 17:12:00,7.606,7.619,7.601,7.619,26
2007-11-14 17:13:00,7.599,7.608,7.589,7.604,26
2007-11-14 17:14:00,7.601,7.608,7.598,7.601,24
2007-11-14 17:15:00,7.603,7.61,7.602,7.603,21
2007-11-14 17:16:00,7.602,7.603,7.598,7.602,9
2007-11-14 17:17:00,7.592,7.602,7.592,7.6,7
2007-11-14 17:18:00,7.591,7.598,7.586,7.588,18
2007-11-14 17:19:00,7.569,7.593,7.558,7.593,42
2007-11-14 17:20:00,7.564,7.568,7.55,7.567,38
2007-11-14 17:21:00,7.553,7.562,7.549,7.56,30
2007-11-14 17:22:00,7.543,7.561,7.54,7.555,28
2007-11-14 17:23:00,7.551,7.552,7.545,7.545,11
2007-11-14 17:24:00,7.579,7.579,7.551,7.554,21
2007-11-14 17:25:00,7.572,7.577,7.562,7.577,19
2007-11-14 17:26:00,7.566,7.571,7.566,7.57,8
2007-11-14 17:27:00,7.567,7.571,7.567,7.568,8
2007-11-14 17:28:00,7.568,7.568,7.565,7.565,2
2007-11-14 17:29:00,7.577,7.579,7.569,7.571,14
2007-11-14 17:31:00,7.584,7.588,7.579,7.58,21
2007-11-14 17:32:00,7.587,7.59,7.582,7.582,5
2007-11-14 17:33:00,7.586,7.586,7.585,7.585,2
2007-11-14 17:34:00,7.601,7.603,7.589,7.589,15
2007-11-14 17:35:00,7.604,7.606,7.598,7.603,16
2007-11-14 17:36:00,7.596,7.602,7.594,7.602,5
2007-11-14 17:37:00,7.597,7.597,7.589,7.593,6
2007-11-14 17:38:00,7.594,7.601,7.592,7.599,5
2007-11-14 17:39:00,7.592,7.594,7.592,7.592,3
2007-11-14 17:40:00,7.588,7.591,7.583,7.59,12
2007-11-14 17:41:00,7.583,7.588,7.583,7.586,4
2007-11-14 17:42:00,7.585,7.591,7.583,7.588,10
2007-11-14 17:43:00,7.596,7.596,7.585,7.587,8
2007-11-14 17:44:00,7.597,7.599,7.593,7.593,9
2007-11-14 17:45:00,7.597,7.602,7.595,7.6,6
2007-11-14 17:46:00,7.597,7.599,7.597,7.599,4
2007-11-14 17:47:00,7.611,7.611,7.599,7.599,12
2007-11-14 17:48:00,7.603,7.612,7.603,7.609,8
2007-11-14 17:49:00,7.607,7.607,7.605,7.605,2
2007-11-14 17:50:00,7.611,7.612,7.609,7.609,6
2007-11-14 17:51:00,7.61,7.613,7.609,7.613,5
2007-11-14 17:52:00,7.6,7.607,7.6,7.607,9
2007-11-14 17:53:00,7.602,7.604,7.6,7.602,4
2007-11-14 17:54:00,7.597,7.599,7.597,7.599,2
2007-11-14 17:55:00,7.599,7.601,7.594,7.594,5
2007-11-14 17:56:00,7.612,7.613,7.603,7.603,15
2007-11-14 17:57:00,7.614,7.614,7.612,7.614,3
2007-11-14 17:58:00,7.614,7.618,7.614,7.617,6
2007-11-14 17:59:00,7.613,7.616,7.613,7.616,2
2007-11-14 18:00:00,7.59,7.611,7.585,7.611,34
2007-11-14 18:01:00,7.605,7.605,7.588,7.588,28
2007-11-14 18:02:00,7.607,7.609,7.603,7.603,5
2007-11-14 18:04:00,7.595,7.605,7.591,7.605,12
2007-11-14 18:05:00,7.594,7.601,7.586,7.593,17
2007-11-14 18:06:00,7.59,7.598,7.586,7.59,17
2007-11-14 18:07:00,7.586,7.588,7.586,7.588,2
2007-11-14 18:08:00,7.58,7.587,7.58,7.584,10
2007-11-14 18:09:00,7.576,7.578,7.576,7.578,4
2007-11-14 18:10:00,7.574,7.578,7.566,7.578,16
2007-11-14 18:11:00,7.576,7.578,7.572,7.575,9
2007-11-14 18:12:00,7.574,7.578,7.574,7.578,6
2007-11-14 18:13:00,7.571,7.572,7.569,7.572,3
2007-11-14 18:14:00,7.554,7.573,7.55,7.573,19
2007-11-14 18:15:00,7.556,7.557,7.545,7.557,24
2007-11-14 18:16:00,7.563,7.566,7.553,7.554,20
2007-11-14 18:17:00,7.564,7.564,7.561,7.561,4
2007-11-14 18:18:00,7.564,7.568,7.561,7.561,5
2007-11-14 18:19:00,7.568,7.57,7.568,7.568,3
2007-11-14 18:20:00,7.55,7.566,7.55,7.566,21
2007-11-14 18:21:00,7.532,7.549,7.515,7.548,73
2007-11-14 18:22:00,7.527,7.532,7.52,7.531,28
2007-11-14 18:23:00,7.536,7.536,7.523,7.525,12
2007-11-14 18:24:00,7.528,7.536,7.528,7.534,6
2007-11-14 18:25:00,7.521,7.528,7.513,7.526,32
2007-11-14 18:26:00,7.515,7.527,7.515,7.524,31
2007-11-14 18:27:00,7.523,7.523,7.509,7.517,28
2007-11-14 18:28:00,7.517,7.521,7.511,7.521,18
2007-11-14 18:29:00,7.521,7.524,7.517,7.521,8
2007-11-14 18:30:00,7.513,7.521,7.513,7.519,7
2007-11-14 18:31:00,7.508,7.518,7.495,7.515,50
2007-11-14 18:32:00,7.509,7.51,7.504,7.51,12
2007-11-14 18:33:00,7.492,7.51,7.492,7.51,25
2007-11-14 18:34:00,7.475,7.489,7.475,7.489,45
2007-11-14 18:35:00,7.482,7.486,7.477,7.477,17
2007-11-14 18:36:00,7.478,7.487,7.468,7.484,45
2007-11-14 18:37:00,7.492,7.498,7.478,7.48,42
2007-11-14 18:38:00,7.495,7.506,7.49,7.494,39
2007-11-14 18:39:00,7.498,7.512,7.497,7.497,22
2007-11-14 18:40:00,7.51,7.51,7.494,7.496,19
2007-11-14 18:41:00,7.512,7.512,7.507,7.508,12
2007-11-14 18:42:00,7.493,7.512,7.493,7.51,13
2007-11-14 18:43:00,7.499,7.504,7.492,7.495,14
2007-11-14 18:44:00,7.498,7.511,7.492,7.502,23
2007-11-14 18:45:00,7.507,7.512,7.501,7.501,8
2007-11-14 18:46:00,7.512,7.515,7.507,7.509,31
2007-11-14 18:47:00,7.502,7.51,7.502,7.51,5
2007-11-14 18:48:00,7.48,7.502,7.472,7.499,43
2007-11-14 18:49:00,7.5,7.504,7.482,7.482,21
2007-11-14 18:50:00,7.504,7.506,7.497,7.502,20
2007-11-14 18:51:00,7.514,7.519,7.498,7.498,23
2007-11-14 18:52:00,7.516,7.519,7.507,7.516,20
2007-11-14 18:53:00,7.51,7.515,7.51,7.513,4
2007-11-14 18:54:00,7.524,7.533,7.512,7.513,23
2007-11-14 18:55:00,7.516,7.523,7.514,7.522,22
2007-11-14 18:56:00,7.507,7.518,7.507,7.518,15
2007-11-14 18:57:00,7.509,7.518,7.509,7.509,15
2007-11-14 18:58:00,7.505,7.507,7.5,7.507,13
2007-11-14 18:59:00,7.486,7.501,7.486,7.501,18
2007-11-14 19:00:00,7.497,7.497,7.481,7.484,21
2007-11-14 19:01:00,7.505,7.507,7.493,7.495,14
2007-11-14 19:02:00,7.502,7.507,7.5,7.507,7
2007-11-14 19:03:00,7.503,7.504,7.5,7.504,4
2007-11-14 19:04:00,7.506,7.52,7.501,7.501,28
2007-11-14 19:05:00,7.522,7.522,7.508,7.508,9
2007-11-14 19:06:00,7.523,7.531,7.52,7.52,20
2007-11-14 19:07:00,7.519,7.524,7.518,7.522,9
2007-11-14 19:08:00,7.518,7.518,7.514,7.517,5
2007-11-14 19:09:00,7.505,7.515,7.505,7.515,23
2007-11-14 19:10:00,7.507,7.512,7.505,7.507,7
2007-11-14 19:11:00,7.507,7.512,7.503,7.505,13
2007-11-14 19:12:00,7.512,7.517,7.508,7.511,10
2007-11-14 19:13:00,7.507,7.511,7.504,7.51,10
2007-11-14 19:14:00,7.508,7.514,7.508,7.511,6
2007-11-14 19:15:00,7.516,7.516,7.51,7.51,5
2007-11-14 19:16:00,7.515,7.521,7.512,7.514,8
2007-11-14 19:17:00,7.526,7.526,7.52,7.52,4
2007-11-14 19:18:00,7.531,7.531,7.528,7.528,8
2007-11-14 19:19:00,7.545,7.545,7.531,7.533,32
2007-11-14 19:20:00,7.536,7.543,7.533,7.543,19
2007-11-14 19:21:00,7.533,7.541,7.533,7.541,7
2007-11-14 19:22:00,7.531,7.535,7.531,7.535,3
2007-11-14 19:23:00,7.535,7.535,7.531,7.533,6
2007-11-14 19:24:00,7.533,7.537,7.533,7.537,5
2007-11-14 19:25:00,7.528,7.537,7.528,7.535,14
2007-11-14 19:26:00,7.521,7.526,7.517,7.526,15
2007-11-14 19:27:00,7.522,7.527,7.521,7.523,6
2007-11-14 19:28:00,7.524,7.53,7.521,7.525,16
2007-11-14 19:29:00,7.533,7.533,7.522,7.526,16
2007-11-14 19:30:00,7.531,7.535,7.53,7.535,16
2007-11-14 19:31:00,7.529,7.532,7.529,7.532,3
2007-11-14 19:32:00,7.532,7.532,7.532,7.532,1
2007-11-14 19:33:00,7.529,7.533,7.529,7.533,3
2007-11-14 19:34:00,7.531,7.531,7.531,7.531,1
2007-11-14 19:35:00,7.528,7.531,7.528,7.529,3
2007-11-14 19:39:00,7.523,7.525,7.523,7.525,2
2007-11-14 19:40:00,7.525,7.525,7.525,7.525,1
2007-11-14 19:41:00,7.523,7.525,7.52,7.523,4
2007-11-14 19:44:00,7.526,7.526,7.519,7.519,3
2007-11-14 19:45:00,7.518,7.526,7.518,7.524,4
2007-11-14 19:46:00,7.518,7.518,7.513,7.513,2
2007-11-14 19:47:00,7.514,7.516,7.514,7.516,2
2007-11-14 19:48:00,7.516,7.516,7.516,7.516,1
2007-11-14 19:50:00,7.518,7.522,7.518,7.522,2
2007-11-14 19:51:00,7.518,7.521,7.516,7.516,3
2007-11-14 19:52:00,7.517,7.522,7.517,7.522,2
2007-11-14 19:53:00,7.522,7.522,7.522,7.522,1
2007-11-14 19:54:00,7.526,7.526,7.52,7.52,3
2007-11-14 19:55:00,7.522,7.522,7.522,7.522,1
2007-11-14 19:56:00,7.529,7.529,7.523,7.526,4
2007-11-14 19:57:00,7.531,7.531,7.531,7.531,1
2007-11-14 19:58:00,7.534,7.536,7.534,7.534,3
2007-11-14 19:59:00,7.532,7.532,7.532,7.532,1
2007-11-14 20:00:00,7.529,7.529,7.529,7.529,1
2007-11-14 20:01:00,7.531,7.531,7.531,7.531,1
2007-11-14 20:02:00,7.53,7.53,7.524,7.524,2
2007-11-14 20:03:00,7.528,7.53,7.524,7.524,3
2007-11-14 20:04:00,7.526,7.526,7.526,7.526,1
2007-11-14 20:05:00,7.53,7.534,7.53,7.531,4
2007-11-14 20:06:00,7.528,7.528,7.528,7.528,1
2007-11-14 20:07:00,7.528,7.534,7.528,7.534,2
2007-11-14 20:08:00,7.524,7.524,7.524,7.524,1
2007-11-14 20:11:00,7.527,7.527,7.527,7.527,1
2007-11-14 20:12:00,7.531,7.531,7.529,7.529,2
2007-11-14 20:13:00,7.535,7.535,7.533,7.533,2
2007-11-14 20:17:00,7.532,7.532,7.532,7.532,1
2007-11-14 20:19:00,7.537,7.537,7.537,7.537,1
2007-11-14 20:20:00,7.542,7.542,7.539,7.539,2
2007-11-14 20:22:00,7.537,7.537,7.537,7.537,1
2007-11-14 20:23:00,7.54,7.542,7.54,7.542,2
2007-11-14 20:27:00,7.537,7.537,7.537,7.537,1
2007-11-14 20:31:00,7.545,7.545,7.542,7.542,2
2007-11-14 20:32:00,7.543,7.543,7.543,7.543,1
2007-11-14 20:37:00,7.547,7.547,7.545,7.545,2
2007-11-14 20:38:00,7.543,7.543,7.543,7.543,1
2007-11-14 20:43:00,7.541,7.541,7.541,7.541,1
2007-11-14 20:46:00,7.539,7.539,7.539,7.539,1
2007-11-14 20:47:00,7.531,7.533,7.531,7.533,2
2007-11-14 20:48:00,7.523,7.525,7.523,7.525,2
2007-11-14 20:49:00,7.518,7.518,7.518,7.518,1
2007-11-14 20:54:00,7.505,7.515,7.505,7.515,5
2007-11-14 20:56:00,7.511,7.511,7.505,7.507,4
2007-11-14 20:58:00,7.513,7.513,7.513,7.513,1
2007-11-14 20:59:00,7.521,7.521,7.516,7.517,5
2007-11-14 21:00:00,7.518,7.518,7.518,7.518,1
2007-11-14 21:06:00,7.522,7.522,7.522,7.522,1
2007-11-14 21:07:00,7.52,7.523,7.52,7.52,3
2007-11-14 21:08:00,7.522,7.523,7.52,7.523,3
2007-11-14 21:09:00,7.516,7.519,7.516,7.519,2
2007-11-14 21:14:00,7.521,7.521,7.521,7.521,1
2007-11-14 21:19:00,7.519,7.519,7.519,7.519,1
2007-11-14 21:22:00,7.505,7.514,7.505,7.514,4
2007-11-14 21:23:00,7.495,7.503,7.495,7.503,4
2007-11-14 21:24:00,7.504,7.504,7.504,7.504,1
2007-11-14 21:27:00,7.506,7.506,7.506,7.506,1
2007-11-14 21:28:00,7.501,7.501,7.501,7.501,1
2007-11-14 21:32:00,7.507,7.507,7.507,7.507,1
2007-11-14 21:33:00,7.508,7.51,7.508,7.51,4
2007-11-14 21:35:00,7.498,7.501,7.498,7.501,2
2007-11-14 21:38:00,7.494,7.494,7.494,7.494,1
2007-11-14 21:39:00,7.497,7.497,7.497,7.497,1
2007-11-14 21:41:00,7.485,7.488,7.485,7.488,2
2007-11-14 21:43:00,7.493,7.496,7.493,7.496,2
2007-11-14 21:57:00,7.49,7.49,7.49,7.49,1
2007-11-14 21:59:00,7.492,7.492,7.492,7.492,1
2007-11-14 22:02:00,7.495,7.495,7.495,7.495,1
2007-11-14 22:10:00,7.491,7.491,7.491,7.491,1
2007-11-14 22:12:00,7.493,7.493,7.493,7.493,1
2007-11-14 22:14:00,7.486,7.486,7.486,7.486,1
2007-11-14 23:00:00,7.491,7.491,7.491,7.491,1
2007-11-14 23:04:00,7.511,7.511,7.511,7.511,1
2007-11-14 23:10:00,7.517,7.517,7.517,7.517,1
2007-11-14 23:11:00,7.52,7.52,7.52,7.52,1
2007-11-14 23:16:00,7.521,7.521,7.521,7.521,1
2007-11-14 23:20:00,7.511,7.511,7.511,7.511,1
2007-11-14 23:34:00,7.526,7.526,7.521,7.521,2
2007-11-14 23:35:00,7.53,7.53,7.53,7.53,1
2007-11-14 23:43:00,7.509,7.511,7.509,7.511,2
2007-11-15 00:01:00,7.534,7.534,7.534,7.534,1
2007-11-15 00:05:00,7.543,7.543,7.543,7.543,1
2007-11-15 00:09:00,7.568,7.568,7.554,7.554,3
2007-11-15 00:10:00,7.565,7.565,7.565,7.565,1
2007-11-15 00:11:00,7.557,7.557,7.557,7.557,1
2007-11-15 00:12:00,7.568,7.568,7.568,7.568,1
2007-11-15 00:20:00,7.567,7.567,7.567,7.567,1
2007-11-15 00:21:00,7.573,7.573,7.573,7.573,1
2007-11-15 00:24:00,7.556,7.556,7.556,7.556,1
2007-11-15 00:29:00,7.544,7.544,7.544,7.544,1
2007-11-15 00:40:00,7.536,7.536,7.536,7.536,1
2007-11-15 02:23:00,7.538,7.538,7.538,7.538,1
2007-11-15 03:56:00,7.534,7.534,7.534,7.534,1
2007-11-15 04:48:00,7.547,7.547,7.547,7.547,1
2007-11-15 04:55:00,7.554,7.554,7.554,7.554,1
2007-11-15 05:00:00,7.559,7.559,7.559,7.559,1
2007-11-15 05:41:00,7.581,7.581,7.567,7.567,4
2007-11-15 05:42:00,7.583,7.583,7.583,7.583,1
2007-11-15 06:31:00,7.579,7.579,7.579,7.579,1
2007-11-15 07:31:00,7.561,7.563,7.561,7.563,2
2007-11-15 07:59:00,7.565,7.565,7.565,7.565,1
2007-11-15 08:30:00,7.563,7.569,7.563,7.569,3
2007-11-15 08:50:00,7.56,7.56,7.56,7.56,1
2007-11-15 08:56:00,7.555,7.555,7.555,7.555,1
2007-11-15 09:06:00,7.559,7.559,7.559,7.559,1
2007-11-15 09:07:00,7.563,7.563,7.563,7.563,1
2007-11-15 09:46:00,7.559,7.559,7.559,7.559,1
2007-11-15 09:51:00,7.566,7.566,7.566,7.566,1
2007-11-15 10:01:00,7.573,7.573,7.573,7.573,1
2007-11-15 10:11:00,7.564,7.564,7.564,7.564,1
2007-11-15 10:22:00,7.554,7.556,7.554,7.556,2
2007-11-15 10:24:00,7.553,7.553,7.553,7.553,1
2007-11-15 10:42:00,7.537,7.545,7.537,7.545,3
2007-11-15 10:45:00,7.521,7.531,7.521,7.531,4
2007-11-15 10:53:00,7.507,7.518,7.507,7.518,4
2007-11-15 10:54:00,7.504,7.504,7.504,7.504,1
2007-11-15 10:56:00,7.495,7.495,7.495,7.495,1
2007-11-15 10:58:00,7.488,7.488,7.488,7.488,1
2007-11-15 11:18:00,7.49,7.49,7.49,7.49,1
2007-11-15 11:28:00,7.501,7.501,7.501,7.501,1
2007-11-15 11:40:00,7.507,7.507,7.497,7.497,3
2007-11-15 11:44:00,7.52,7.52,7.52,7.52,1
2007-11-15 11:47:00,7.53,7.53,7.53,7.53,1
2007-11-15 11:48:00,7.525,7.525,7.525,7.525,1
2007-11-15 11:51:00,7.517,7.517,7.517,7.517,1
2007-11-15 11:55:00,7.509,7.509,7.509,7.509,1
2007-11-15 12:18:00,7.524,7.524,7.522,7.522,2
2007-11-15 12:23:00,7.527,7.527,7.527,7.527,1
2007-11-15 12:24:00,7.532,7.532,7.532,7.532,1
2007-11-15 12:32:00,7.539,7.539,7.537,7.537,2
2007-11-15 12:34:00,7.543,7.543,7.543,7.543,1
2007-11-15 12:37:00,7.544,7.547,7.544,7.547,2
2007-11-15 12:40:00,7.556,7.556,7.547,7.547,4
2007-11-15 12:41:00,7.565,7.565,7.561,7.561,2
2007-11-15 12:42:00,7.58,7.58,7.568,7.569,5
2007-11-15 12:43:00,7.581,7.581,7.575,7.575,3
2007-11-15 12:46:00,7.571,7.571,7.571,7.571,1
2007-11-15 12:47:00,7.563,7.566,7.563,7.566,2
2007-11-15 12:48:00,7.566,7.566,7.561,7.561,2
2007-11-15 12:49:00,7.571,7.571,7.571,7.571,1
2007-11-15 12:52:00,7.554,7.554,7.554,7.554,1
2007-11-15 12:53:00,7.57,7.57,7.566,7.566,2
2007-11-15 12:57:00,7.566,7.566,7.562,7.562,2
2007-11-15 13:00:00,7.569,7.569,7.562,7.562,2
2007-11-15 13:01:00,7.578,7.578,7.566,7.566,5
2007-11-15 13:02:00,7.572,7.572,7.572,7.572,1
2007-11-15 13:03:00,7.579,7.579,7.579,7.579,1
2007-11-15 13:04:00,7.573,7.573,7.573,7.573,1
2007-11-15 13:05:00,7.566,7.568,7.559,7.568,4
2007-11-15 13:06:00,7.562,7.562,7.562,7.562,1
2007-11-15 13:07:00,7.561,7.561,7.555,7.555,4
2007-11-15 13:09:00,7.559,7.559,7.559,7.559,1
2007-11-15 13:10:00,7.548,7.548,7.548,7.548,1
2007-11-15 13:11:00,7.538,7.545,7.538,7.545,4
2007-11-15 13:13:00,7.531,7.536,7.53,7.536,5
2007-11-15 13:15:00,7.528,7.543,7.528,7.533,8
2007-11-15 13:16:00,7.541,7.541,7.537,7.537,2
2007-11-15 13:17:00,7.533,7.545,7.533,7.545,3
2007-11-15 13:18:00,7.552,7.552,7.543,7.543,5
2007-11-15 13:19:00,7.557,7.557,7.557,7.557,1
2007-11-15 13:20:00,7.546,7.547,7.546,7.547,2
2007-11-15 13:21:00,7.538,7.538,7.534,7.536,3
2007-11-15 13:22:00,7.541,7.541,7.541,7.541,1
2007-11-15 13:23:00,7.543,7.543,7.543,7.543,1
2007-11-15 13:24:00,7.546,7.546,7.546,7.546,1
2007-11-15 13:25:00,7.556,7.556,7.548,7.548,4
2007-11-15 13:27:00,7.569,7.569,7.561,7.561,3
2007-11-15 13:28:00,7.575,7.575,7.572,7.572,2
2007-11-15 13:30:00,7.587,7.589,7.584,7.584,4
2007-11-15 13:31:00,7.58,7.58,7.58,7.58,1
2007-11-15 13:32:00,7.575,7.575,7.575,7.575,1
2007-11-15 13:33:00,7.577,7.577,7.577,7.577,1
2007-11-15 13:34:00,7.582,7.582,7.579,7.581,3
2007-11-15 13:35:00,7.574,7.574,7.574,7.574,1
2007-11-15 13:36:00,7.572,7.575,7.572,7.572,3
2007-11-15 13:37:00,7.552,7.568,7.552,7.568,7
2007-11-15 13:38:00,7.557,7.557,7.557,7.557,1
2007-11-15 13:40:00,7.542,7.552,7.542,7.552,4
2007-11-15 13:41:00,7.543,7.548,7.543,7.544,5
2007-11-15 13:42:00,7.504,7.538,7.504,7.538,9
2007-11-15 13:43:00,7.514,7.519,7.509,7.513,8
2007-11-15 13:44:00,7.528,7.528,7.52,7.523,6
2007-11-15 13:45:00,7.531,7.531,7.531,7.531,1
2007-11-15 13:46:00,7.518,7.525,7.518,7.525,4
2007-11-15 13:47:00,7.527,7.527,7.52,7.524,5
2007-11-15 13:48:00,7.519,7.521,7.519,7.521,2
2007-11-15 13:49:00,7.514,7.524,7.514,7.524,5
2007-11-15 13:50:00,7.509,7.519,7.509,7.519,7
2007-11-15 13:51:00,7.505,7.509,7.5,7.507,13
2007-11-15 13:52:00,7.512,7.512,7.507,7.507,3
2007-11-15 13:53:00,7.518,7.518,7.514,7.514,5
2007-11-15 13:54:00,7.521,7.521,7.519,7.521,3
2007-11-15 13:55:00,7.524,7.524,7.524,7.524,1
2007-11-15 13:56:00,7.537,7.537,7.529,7.529,3
2007-11-15 13:57:00,7.535,7.535,7.533,7.533,2
2007-11-15 13:58:00,7.532,7.534,7.532,7.532,3
2007-11-15 13:59:00,7.548,7.548,7.534,7.534,10
2007-11-15 14:00:00,7.547,7.547,7.536,7.546,21
2007-11-15 14:01:00,7.538,7.549,7.537,7.549,16
2007-11-15 14:02:00,7.532,7.538,7.529,7.537,11
2007-11-15 14:03:00,7.527,7.539,7.521,7.534,19
2007-11-15 14:04:00,7.531,7.534,7.524,7.53,9
2007-11-15 14:05:00,7.535,7.539,7.532,7.534,8
2007-11-15 14:06:00,7.523,7.533,7.515,7.533,18
2007-11-15 14:07:00,7.519,7.521,7.519,7.521,2
2007-11-15 14:08:00,7.512,7.525,7.505,7.522,20
2007-11-15 14:09:00,7.52,7.524,7.513,7.514,11
2007-11-15 14:10:00,7.523,7.529,7.52,7.522,15
2007-11-15 14:11:00,7.528,7.528,7.518,7.521,8
2007-11-15 14:12:00,7.533,7.538,7.53,7.532,10
2007-11-15 14:13:00,7.539,7.543,7.534,7.539,20
2007-11-15 14:14:00,7.536,7.537,7.531,7.537,11
2007-11-15 14:15:00,7.542,7.543,7.534,7.534,6
2007-11-15 14:16:00,7.543,7.544,7.541,7.544,6
2007-11-15 14:17:00,7.544,7.546,7.544,7.544,3
2007-11-15 14:18:00,7.547,7.547,7.547,7.547,1
2007-11-15 14:19:00,7.543,7.544,7.542,7.544,4
2007-11-15 14:20:00,7.535,7.541,7.535,7.541,4
2007-11-15 14:21:00,7.548,7.548,7.537,7.537,6
2007-11-15 14:22:00,7.55,7.554,7.546,7.55,16
2007-11-15 14:23:00,7.547,7.548,7.542,7.548,9
2007-11-15 14:24:00,7.553,7.553,7.548,7.549,9
2007-11-15 14:25:00,7.553,7.562,7.553,7.555,8
2007-11-15 14:26:00,7.552,7.561,7.552,7.555,10
2007-11-15 14:27:00,7.55,7.554,7.548,7.554,5
2007-11-15 14:28:00,7.561,7.564,7.552,7.552,11
2007-11-15 14:29:00,7.563,7.563,7.559,7.559,3
2007-11-15 14:30:00,7.567,7.569,7.56,7.56,12
2007-11-15 14:31:00,7.573,7.573,7.567,7.569,10
2007-11-15 14:32:00,7.573,7.573,7.569,7.571,6
2007-11-15 14:33:00,7.573,7.573,7.571,7.571,2
2007-11-15 14:34:00,7.562,7.57,7.562,7.57,11
2007-11-15 14:35:00,7.561,7.565,7.558,7.558,9
2007-11-15 14:36:00,7.567,7.571,7.563,7.563,7
2007-11-15 14:37:00,7.564,7.564,7.564,7.564,1
2007-11-15 14:38:00,7.561,7.565,7.558,7.558,5
2007-11-15 14:39:00,7.561,7.561,7.559,7.559,2
2007-11-15 14:40:00,7.565,7.565,7.553,7.559,17
2007-11-15 14:41:00,7.567,7.568,7.563,7.563,5
2007-11-15 14:42:00,7.569,7.571,7.563,7.565,9
2007-11-15 14:43:00,7.564,7.57,7.56,7.567,13
2007-11-15 14:44:00,7.562,7.566,7.562,7.566,3
2007-11-15 14:45:00,7.564,7.564,7.564,7.564,1
2007-11-15 14:46:00,7.558,7.562,7.558,7.562,3
2007-11-15 14:47:00,7.561,7.563,7.561,7.561,3
2007-11-15 14:48:00,7.56,7.56,7.558,7.558,2
2007-11-15 14:49:00,7.562,7.562,7.562,7.562,1
2007-11-15 14:50:00,7.566,7.566,7.564,7.564,2
2007-11-15 14:51:00,7.568,7.57,7.568,7.568,3
2007-11-15 14:52:00,7.565,7.568,7.565,7.565,3
2007-11-15 14:53:00,7.566,7.567,7.563,7.567,4
2007-11-15 14:54:00,7.564,7.564,7.564,7.564,1
2007-11-15 14:55:00,7.559,7.562,7.552,7.561,14
2007-11-15 14:56:00,7.559,7.563,7.559,7.563,3
2007-11-15 14:57:00,7.55,7.559,7.55,7.557,5
2007-11-15 14:58:00,7.555,7.56,7.551,7.553,10
2007-11-15 14:59:00,7.559,7.559,7.557,7.557,2
2007-11-15 15:00:00,7.563,7.567,7.561,7.561,7
2007-11-15 15:01:00,7.567,7.567,7.564,7.566,7
2007-11-15 15:02:00,7.566,7.566,7.563,7.565,5
2007-11-15 15:03:00,7.556,7.564,7.551,7.564,17
2007-11-15 15:04:00,7.56,7.562,7.559,7.559,3
2007-11-15 15:05:00,7.561,7.566,7.561,7.562,8
2007-11-15 15:06:00,7.564,7.566,7.563,7.563,8
2007-11-15 15:07:00,7.553,7.563,7.553,7.563,6
2007-11-15 15:08:00,7.555,7.557,7.549,7.555,14
2007-11-15 15:09:00,7.557,7.559,7.557,7.557,3
2007-11-15 15:10:00,7.554,7.558,7.554,7.554,6
2007-11-15 15:11:00,7.554,7.554,7.552,7.552,2
2007-11-15 15:12:00,7.559,7.559,7.556,7.556,4
2007-11-15 15:13:00,7.544,7.561,7.543,7.561,22
2007-11-15 15:14:00,7.545,7.547,7.542,7.542,8
2007-11-15 15:16:00,7.543,7.545,7.543,7.543,3
2007-11-15 15:17:00,7.546,7.546,7.543,7.545,7
2007-11-15 15:18:00,7.55,7.55,7.548,7.548,2
2007-11-15 15:19:00,7.545,7.545,7.543,7.545,3
2007-11-15 15:20:00,7.547,7.553,7.547,7.547,7
2007-11-15 15:21:00,7.555,7.555,7.549,7.549,4
2007-11-15 15:22:00,7.564,7.564,7.557,7.557,7
2007-11-15 15:23:00,7.562,7.564,7.559,7.562,5
2007-11-15 15:24:00,7.565,7.565,7.561,7.564,6
2007-11-15 15:25:00,7.56,7.567,7.56,7.567,4
2007-11-15 15:26:00,7.561,7.566,7.559,7.562,9
2007-11-15 15:27:00,7.573,7.576,7.564,7.564,9
2007-11-15 15:28:00,7.572,7.578,7.572,7.575,4
2007-11-15 15:29:00,7.569,7.574,7.569,7.569,8
2007-11-15 15:30:00,7.498,7.565,7.46,7.565,175
2007-11-15 15:31:00,7.474,7.511,7.471,7.492,86
2007-11-15 15:32:00,7.453,7.477,7.443,7.477,154
2007-11-15 15:33:00,7.475,7.486,7.446,7.45,69
2007-11-15 15:34:00,7.486,7.505,7.473,7.477,60
2007-11-15 15:35:00,7.488,7.491,7.477,7.489,29
2007-11-15 15:36:00,7.49,7.497,7.488,7.49,25
2007-11-15 15:37:00,7.488,7.492,7.484,7.492,11
2007-11-15 15:38:00,7.478,7.49,7.478,7.486,24
2007-11-15 15:39:00,7.463,7.486,7.463,7.476,31
2007-11-15 15:40:00,7.472,7.476,7.465,7.465,42
2007-11-15 15:41:00,7.475,7.482,7.47,7.47,13
2007-11-15 15:42:00,7.47,7.474,7.466,7.473,14
2007-11-15 15:43:00,7.454,7.474,7.454,7.468,34
2007-11-15 15:44:00,7.457,7.462,7.448,7.456,31
2007-11-15 15:45:00,7.425,7.454,7.391,7.454,177
2007-11-15 15:46:00,7.412,7.428,7.404,7.428,54
2007-11-15 15:47:00,7.421,7.424,7.4,7.415,131
2007-11-15 15:48:00,7.418,7.422,7.411,7.418,38
2007-11-15 15:49:00,7.431,7.431,7.404,7.416,31
2007-11-15 15:50:00,7.429,7.436,7.423,7.428,32
2007-11-15 15:51:00,7.439,7.439,7.426,7.427,26
2007-11-15 15:52:00,7.439,7.444,7.434,7.442,34
2007-11-15 15:53:00,7.442,7.446,7.434,7.437,16
2007-11-15 15:54:00,7.429,7.444,7.427,7.44,16
2007-11-15 15:55:00,7.438,7.438,7.428,7.431,7
2007-11-15 15:56:00,7.438,7.442,7.432,7.44,15
2007-11-15 15:57:00,7.454,7.454,7.436,7.436,20
2007-11-15 15:58:00,7.463,7.463,7.452,7.455,20
2007-11-15 15:59:00,7.457,7.462,7.454,7.461,18
2007-11-15 16:00:00,7.45,7.46,7.45,7.455,18
2007-11-15 16:01:00,7.444,7.452,7.442,7.448,13
2007-11-15 16:02:00,7.441,7.445,7.435,7.442,25
2007-11-15 16:03:00,7.442,7.446,7.434,7.443,16
2007-11-15 16:04:00,7.448,7.452,7.44,7.44,10
2007-11-15 16:05:00,7.446,7.45,7.446,7.45,3
2007-11-15 16:06:00,7.424,7.444,7.424,7.444,21
2007-11-15 16:07:00,7.425,7.429,7.415,7.42,24
2007-11-15 16:08:00,7.429,7.439,7.423,7.423,25
2007-11-15 16:09:00,7.436,7.442,7.431,7.431,17
2007-11-15 16:10:00,7.41,7.438,7.407,7.434,31
2007-11-15 16:11:00,7.418,7.424,7.404,7.415,57
2007-11-15 16:12:00,7.422,7.428,7.414,7.416,19
2007-11-15 16:13:00,7.431,7.434,7.42,7.42,23
2007-11-15 16:14:00,7.426,7.428,7.424,7.428,4
2007-11-15 16:15:00,7.418,7.424,7.416,7.424,10
2007-11-15 16:16:00,7.413,7.422,7.413,7.422,7
2007-11-15 16:17:00,7.409,7.411,7.406,7.411,27
2007-11-15 16:18:00,7.408,7.413,7.404,7.406,15
2007-11-15 16:19:00,7.412,7.415,7.406,7.406,14
2007-11-15 16:20:00,7.407,7.414,7.407,7.41,10
2007-11-15 16:21:00,7.408,7.41,7.407,7.409,4
2007-11-15 16:22:00,7.385,7.406,7.385,7.406,40
2007-11-15 16:23:00,7.393,7.395,7.379,7.386,44
2007-11-15 16:24:00,7.398,7.408,7.396,7.396,26
2007-11-15 16:25:00,7.412,7.413,7.398,7.4,18
2007-11-15 16:26:00,7.399,7.41,7.396,7.41,34
2007-11-15 16:27:00,7.404,7.406,7.397,7.401,22
2007-11-15 16:28:00,7.428,7.435,7.402,7.402,51
2007-11-15 16:29:00,7.438,7.448,7.425,7.426,39
2007-11-15 16:30:00,7.432,7.445,7.431,7.44,26
2007-11-15 16:31:00,7.427,7.437,7.427,7.434,7
2007-11-15 16:32:00,7.435,7.435,7.427,7.43,6
2007-11-15 16:33:00,7.435,7.435,7.429,7.433,5
2007-11-15 16:34:00,7.435,7.438,7.435,7.438,6
2007-11-15 16:35:00,7.458,7.459,7.437,7.437,25
2007-11-15 16:36:00,7.47,7.481,7.453,7.455,65
2007-11-15 16:37:00,7.49,7.492,7.469,7.469,35
2007-11-15 16:38:00,7.48,7.489,7.479,7.485,23
2007-11-15 16:39:00,7.468,7.481,7.466,7.478,31
2007-11-15 16:40:00,7.462,7.465,7.448,7.459,34
2007-11-15 16:41:00,7.439,7.461,7.432,7.459,32
2007-11-15 16:42:00,7.423,7.441,7.423,7.435,34
2007-11-15 16:43:00,7.425,7.428,7.408,7.421,33
2007-11-15 16:44:00,7.427,7.431,7.42,7.427,18
2007-11-15 16:45:00,7.43,7.43,7.421,7.425,11
2007-11-15 16:46:00,7.429,7.432,7.429,7.432,2
2007-11-15 16:47:00,7.431,7.431,7.423,7.427,11
2007-11-15 16:48:00,7.455,7.456,7.434,7.434,25
2007-11-15 16:49:00,7.446,7.457,7.446,7.453,16
2007-11-15 16:50:00,7.451,7.451,7.447,7.448,5
2007-11-15 16:51:00,7.446,7.456,7.446,7.453,7
2007-11-15 16:52:00,7.454,7.454,7.448,7.448,7
2007-11-15 16:53:00,7.45,7.454,7.446,7.452,9
2007-11-15 16:54:00,7.449,7.454,7.449,7.452,5
2007-11-15 16:55:00,7.433,7.447,7.429,7.447,19
2007-11-15 16:56:00,7.444,7.444,7.43,7.435,13
2007-11-15 16:57:00,7.445,7.445,7.44,7.44,5
2007-11-15 16:58:00,7.431,7.443,7.429,7.443,14
2007-11-15 16:59:00,7.426,7.433,7.426,7.433,13
2007-11-15 17:00:00,7.432,7.434,7.425,7.429,10
2007-11-15 17:01:00,7.442,7.442,7.434,7.434,8
2007-11-15 17:02:00,7.443,7.445,7.441,7.444,6
2007-11-15 17:03:00,7.449,7.454,7.446,7.446,10
2007-11-15 17:04:00,7.454,7.454,7.451,7.451,5
2007-11-15 17:05:00,7.443,7.452,7.443,7.452,10
2007-11-15 17:06:00,7.453,7.455,7.445,7.445,6
2007-11-15 17:07:00,7.449,7.451,7.447,7.451,4
2007-11-15 17:08:00,7.449,7.451,7.445,7.447,6
2007-11-15 17:09:00,7.459,7.462,7.443,7.447,19
2007-11-15 17:10:00,7.462,7.462,7.456,7.456,9
2007-11-15 17:11:00,7.468,7.474,7.462,7.464,19
2007-11-15 17:12:00,7.46,7.47,7.46,7.47,8
2007-11-15 17:13:00,7.458,7.458,7.458,7.458,1
2007-11-15 17:14:00,7.432,7.457,7.431,7.457,21
2007-11-15 17:15:00,7.426,7.43,7.418,7.428,25
2007-11-15 17:16:00,7.418,7.426,7.418,7.424,12
2007-11-15 17:17:00,7.396,7.421,7.395,7.421,29
2007-11-15 17:18:00,7.415,7.422,7.398,7.398,50
2007-11-15 17:19:00,7.414,7.419,7.402,7.413,26
2007-11-15 17:20:00,7.417,7.417,7.413,7.416,4
2007-11-15 17:21:00,7.416,7.416,7.412,7.412,5
2007-11-15 17:22:00,7.409,7.418,7.409,7.418,15
2007-11-15 17:23:00,7.416,7.416,7.399,7.407,23
2007-11-15 17:24:00,7.436,7.436,7.412,7.418,18
2007-11-15 17:25:00,7.425,7.44,7.425,7.438,19
2007-11-15 17:26:00,7.424,7.429,7.42,7.427,17
2007-11-15 17:27:00,7.416,7.426,7.416,7.426,5
2007-11-15 17:28:00,7.413,7.419,7.411,7.419,8
2007-11-15 17:29:00,7.412,7.415,7.41,7.415,7
2007-11-15 17:30:00,7.414,7.42,7.412,7.413,9
2007-11-15 17:31:00,7.413,7.414,7.409,7.413,7
2007-11-15 17:32:00,7.416,7.416,7.414,7.414,4
2007-11-15 17:33:00,7.414,7.414,7.413,7.414,3
2007-11-15 17:34:00,7.426,7.426,7.416,7.416,13
2007-11-15 17:35:00,7.421,7.426,7.419,7.423,6
2007-11-15 17:37:00,7.415,7.421,7.415,7.418,7
2007-11-15 17:39:00,7.407,7.413,7.407,7.413,6
2007-11-15 17:40:00,7.407,7.409,7.401,7.409,11
2007-11-15 17:41:00,7.409,7.41,7.405,7.41,5
2007-11-15 17:42:00,7.403,7.407,7.403,7.407,2
2007-11-15 17:43:00,7.402,7.407,7.402,7.405,4
2007-11-15 17:44:00,7.407,7.407,7.405,7.405,2
2007-11-15 17:45:00,7.409,7.411,7.409,7.409,3
2007-11-15 17:46:00,7.411,7.411,7.411,7.411,1
2007-11-15 17:47:00,7.404,7.409,7.404,7.409,5
2007-11-15 17:48:00,7.407,7.407,7.407,7.407,1
2007-11-15 17:49:00,7.416,7.416,7.409,7.409,4
2007-11-15 17:50:00,7.418,7.421,7.415,7.418,5
2007-11-15 17:51:00,7.415,7.42,7.407,7.42,14
2007-11-15 17:52:00,7.416,7.419,7.412,7.412,7
2007-11-15 17:53:00,7.426,7.426,7.415,7.421,12
2007-11-15 17:54:00,7.425,7.425,7.422,7.422,6
2007-11-15 17:55:00,7.419,7.426,7.417,7.423,9
2007-11-15 17:56:00,7.421,7.423,7.415,7.417,6
2007-11-15 17:57:00,7.423,7.423,7.423,7.423,1
2007-11-15 17:58:00,7.424,7.425,7.424,7.425,2
2007-11-15 17:59:00,7.425,7.432,7.424,7.426,22
2007-11-15 18:00:00,7.426,7.432,7.426,7.428,4
2007-11-15 18:01:00,7.428,7.431,7.428,7.428,3
2007-11-15 18:02:00,7.428,7.428,7.426,7.426,4
2007-11-15 18:04:00,7.425,7.426,7.425,7.426,2
2007-11-15 18:05:00,7.431,7.431,7.423,7.423,5
2007-11-15 18:06:00,7.427,7.433,7.427,7.429,6
2007-11-15 18:07:00,7.425,7.428,7.425,7.428,3
2007-11-15 18:08:00,7.424,7.427,7.424,7.427,4
2007-11-15 18:10:00,7.426,7.426,7.422,7.426,4
2007-11-15 18:11:00,7.417,7.424,7.417,7.424,4
2007-11-15 18:12:00,7.408,7.418,7.408,7.414,12
2007-11-15 18:13:00,7.417,7.423,7.411,7.411,11
2007-11-15 18:14:00,7.417,7.422,7.415,7.415,8
2007-11-15 18:15:00,7.424,7.427,7.42,7.42,4
2007-11-15 18:16:00,7.423,7.429,7.423,7.427,7
2007-11-15 18:17:00,7.423,7.425,7.421,7.421,4
2007-11-15 18:19:00,7.427,7.429,7.422,7.425,6
2007-11-15 18:20:00,7.436,7.436,7.429,7.43,18
2007-11-15 18:21:00,7.432,7.443,7.432,7.438,22
2007-11-15 18:22:00,7.433,7.435,7.433,7.435,2
2007-11-15 18:23:00,7.433,7.439,7.433,7.435,5
2007-11-15 18:24:00,7.436,7.445,7.432,7.432,14
2007-11-15 18:25:00,7.44,7.44,7.438,7.438,2
2007-11-15 18:26:00,7.435,7.437,7.43,7.437,11
2007-11-15 18:27:00,7.432,7.434,7.432,7.434,2
2007-11-15 18:29:00,7.44,7.44,7.429,7.429,12
2007-11-15 18:30:00,7.437,7.44,7.437,7.438,5
2007-11-15 18:31:00,7.436,7.439,7.436,7.436,4
2007-11-15 18:32:00,7.431,7.434,7.425,7.434,16
2007-11-15 18:33:00,7.432,7.432,7.423,7.428,9
2007-11-15 18:34:00,7.428,7.434,7.427,7.427,7
2007-11-15 18:35:00,7.425,7.429,7.425,7.426,4
2007-11-15 18:36:00,7.431,7.431,7.427,7.427,2
2007-11-15 18:37:00,7.427,7.429,7.424,7.427,5
2007-11-15 18:38:00,7.421,7.431,7.418,7.429,9
2007-11-15 18:39:00,7.426,7.429,7.423,7.423,5
2007-11-15 18:40:00,7.424,7.424,7.424,7.424,1
2007-11-15 18:41:00,7.429,7.431,7.426,7.426,8
2007-11-15 18:42:00,7.424,7.429,7.424,7.427,5
2007-11-15 18:43:00,7.415,7.422,7.415,7.422,6
2007-11-15 18:44:00,7.41,7.417,7.408,7.417,8
2007-11-15 18:45:00,7.416,7.416,7.408,7.412,6
2007-11-15 18:46:00,7.416,7.424,7.416,7.417,20
2007-11-15 18:47:00,7.417,7.423,7.413,7.418,17
2007-11-15 18:48:00,7.421,7.421,7.413,7.415,6
2007-11-15 18:49:00,7.415,7.421,7.411,7.419,13
2007-11-15 18:50:00,7.427,7.429,7.417,7.417,10
2007-11-15 18:51:00,7.424,7.429,7.423,7.423,6
2007-11-15 18:52:00,7.419,7.421,7.419,7.421,2
2007-11-15 18:53:00,7.421,7.423,7.418,7.418,8
2007-11-15 18:54:00,7.418,7.428,7.418,7.419,15
2007-11-15 18:55:00,7.405,7.418,7.405,7.416,28
2007-11-15 18:56:00,7.404,7.411,7.404,7.407,13
2007-11-15 18:57:00,7.403,7.41,7.401,7.406,14
2007-11-15 18:58:00,7.404,7.404,7.398,7.401,19
2007-11-15 18:59:00,7.402,7.402,7.402,7.402,1
2007-11-15 19:00:00,7.404,7.404,7.395,7.4,10
2007-11-15 19:01:00,7.4,7.406,7.398,7.406,6
2007-11-15 19:02:00,7.401,7.406,7.397,7.402,11
2007-11-15 19:03:00,7.403,7.403,7.401,7.403,3
2007-11-15 19:04:00,7.403,7.41,7.403,7.405,8
2007-11-15 19:05:00,7.404,7.406,7.404,7.406,2
2007-11-15 19:06:00,7.399,7.404,7.398,7.402,8
2007-11-15 19:07:00,7.403,7.405,7.398,7.401,9
2007-11-15 19:08:00,7.384,7.401,7.38,7.401,29
2007-11-15 19:09:00,7.383,7.393,7.383,7.386,17
2007-11-15 19:10:00,7.381,7.387,7.376,7.381,24
2007-11-15 19:11:00,7.391,7.395,7.381,7.383,17
2007-11-15 19:12:00,7.39,7.395,7.385,7.393,16
2007-11-15 19:13:00,7.389,7.394,7.389,7.394,3
2007-11-15 19:14:00,7.391,7.391,7.391,7.391,1
2007-11-15 19:15:00,7.406,7.41,7.39,7.393,17
2007-11-15 19:16:00,7.402,7.41,7.402,7.408,11
2007-11-15 19:17:00,7.398,7.403,7.395,7.399,13
2007-11-15 19:18:00,7.408,7.408,7.396,7.4,11
2007-11-15 19:19:00,7.42,7.425,7.408,7.41,28
2007-11-15 19:20:00,7.418,7.422,7.413,7.422,13
2007-11-15 19:21:00,7.416,7.421,7.412,7.42,19
2007-11-15 19:22:00,7.408,7.414,7.404,7.414,7
2007-11-15 19:23:00,7.417,7.421,7.406,7.406,10
2007-11-15 19:24:00,7.416,7.419,7.413,7.419,7
2007-11-15 19:25:00,7.418,7.42,7.408,7.414,17
2007-11-15 19:26:00,7.414,7.424,7.414,7.42,15
2007-11-15 19:27:00,7.416,7.421,7.412,7.417,9
2007-11-15 19:28:00,7.416,7.422,7.415,7.418,26
2007-11-15 19:29:00,7.414,7.419,7.41,7.414,29
2007-11-15 19:30:00,7.408,7.416,7.406,7.416,13
2007-11-15 19:31:00,7.415,7.417,7.411,7.411,4
2007-11-15 19:32:00,7.413,7.418,7.413,7.418,3
2007-11-15 19:33:00,7.416,7.416,7.416,7.416,1
2007-11-15 19:34:00,7.41,7.414,7.41,7.414,5
2007-11-15 19:35:00,7.409,7.409,7.409,7.409,1
2007-11-15 19:36:00,7.411,7.411,7.411,7.411,1
2007-11-15 19:37:00,7.413,7.413,7.413,7.413,1
2007-11-15 19:38:00,7.413,7.413,7.411,7.411,2
2007-11-15 19:40:00,7.417,7.417,7.415,7.415,2
2007-11-15 19:41:00,7.419,7.419,7.417,7.419,3
2007-11-15 19:44:00,7.422,7.422,7.422,7.422,1
2007-11-15 19:46:00,7.419,7.419,7.419,7.419,1
2007-11-15 19:49:00,7.422,7.422,7.422,7.422,1
2007-11-15 19:52:00,7.42,7.42,7.42,7.42,1
2007-11-15 19:54:00,7.418,7.418,7.418,7.418,1
2007-11-15 19:56:00,7.417,7.417,7.417,7.417,1
2007-11-15 19:57:00,7.419,7.419,7.419,7.419,1
2007-11-15 19:58:00,7.421,7.421,7.421,7.421,1
2007-11-15 19:59:00,7.423,7.423,7.423,7.423,1
2007-11-15 20:00:00,7.426,7.426,7.421,7.421,3
2007-11-15 20:01:00,7.42,7.424,7.42,7.424,2
2007-11-15 20:03:00,7.414,7.422,7.414,7.422,6
2007-11-15 20:04:00,7.419,7.419,7.419,7.419,1
2007-11-15 20:05:00,7.419,7.419,7.414,7.414,2
2007-11-15 20:06:00,7.414,7.414,7.414,7.414,1
2007-11-15 20:07:00,7.408,7.411,7.408,7.411,2
2007-11-15 20:09:00,7.405,7.405,7.405,7.405,1
2007-11-15 20:10:00,7.408,7.408,7.408,7.408,1
2007-11-15 20:13:00,7.405,7.405,7.405,7.405,1
2007-11-15 20:14:00,7.412,7.412,7.409,7.409,2
2007-11-15 20:17:00,7.413,7.413,7.413,7.413,1
2007-11-15 20:19:00,7.418,7.418,7.418,7.418,1
2007-11-15 20:20:00,7.417,7.42,7.417,7.42,2
2007-11-15 20:22:00,7.422,7.422,7.422,7.422,1
2007-11-15 20:24:00,7.418,7.418,7.418,7.418,1
2007-11-15 20:29:00,7.42,7.422,7.42,7.422,2
2007-11-15 20:34:00,7.416,7.416,7.416,7.416,1
2007-11-15 20:40:00,7.418,7.418,7.418,7.418,1
2007-11-15 20:41:00,7.414,7.414,7.414,7.414,1
2007-11-15 20:42:00,7.41,7.411,7.41,7.411,2
2007-11-15 20:49:00,7.415,7.415,7.415,7.415,1
2007-11-15 20:54:00,7.418,7.418,7.418,7.418,1
2007-11-15 20:59:00,7.417,7.417,7.417,7.417,1
2007-11-15 21:07:00,7.419,7.419,7.419,7.419,1
2007-11-15 21:10:00,7.422,7.422,7.421,7.421,2
2007-11-15 21:13:00,7.42,7.42,7.42,7.42,1
2007-11-15 21:19:00,7.421,7.421,7.421,7.421,1
2007-11-15 21:20:00,7.418,7.418,7.418,7.418,1
2007-11-15 21:25:00,7.42,7.42,7.42,7.42,1
2007-11-15 21:33:00,7.417,7.417,7.417,7.417,1
2007-11-15 21:35:00,7.415,7.415,7.415,7.415,1
2007-11-15 21:39:00,7.419,7.419,7.419,7.419,1
2007-11-15 21:42:00,7.42,7.42,7.42,7.42,1
2007-11-15 21:54:00,7.422,7.422,7.422,7.422,1
2007-11-15 21:56:00,7.419,7.419,7.419,7.419,1
2007-11-15 21:57:00,7.431,7.431,7.425,7.425,3
2007-11-15 22:01:00,7.425,7.425,7.425,7.425,1
2007-11-15 22:03:00,7.421,7.421,7.421,7.421,1
2007-11-15 22:07:00,7.43,7.43,7.43,7.43,1
2007-11-15 22:12:00,7.423,7.432,7.423,7.432,2
2007-11-15 22:14:00,7.426,7.426,7.426,7.426,1
2007-11-15 23:06:00,7.431,7.431,7.431,7.431,1
2007-11-15 23:08:00,7.421,7.421,7.421,7.421,1
2007-11-15 23:09:00,7.402,7.427,7.402,7.427,3
2007-11-15 23:10:00,7.421,7.421,7.421,7.421,1
2007-11-15 23:28:00,7.4,7.403,7.4,7.403,2
2007-11-15 23:29:00,7.394,7.398,7.394,7.398,2
2007-11-15 23:30:00,7.374,7.388,7.374,7.388,6
2007-11-15 23:31:00,7.383,7.383,7.383,7.383,1
2007-11-15 23:32:00,7.379,7.379,7.379,7.379,1
2007-11-15 23:33:00,7.374,7.374,7.374,7.374,1
2007-11-15 23:37:00,7.383,7.383,7.383,7.383,1
2007-11-15 23:38:00,7.376,7.376,7.376,7.376,1
2007-11-15 23:45:00,7.383,7.383,7.383,7.383,1
2007-11-15 23:54:00,7.375,7.379,7.375,7.379,2
2007-11-16 00:00:00,7.388,7.388,7.388,7.388,1
2007-11-16 00:03:00,7.384,7.384,7.384,7.384,1
2007-11-16 00:06:00,7.397,7.397,7.397,7.397,1
2007-11-16 00:07:00,7.401,7.401,7.401,7.401,1
2007-11-16 00:08:00,7.38,7.38,7.38,7.38,1
2007-11-16 00:19:00,7.393,7.393,7.393,7.393,1
2007-11-16 00:21:00,7.385,7.385,7.385,7.385,1
2007-11-16 01:12:00,7.404,7.404,7.404,7.404,1
2007-11-16 01:49:00,7.409,7.409,7.409,7.409,1
2007-11-16 01:50:00,7.402,7.402,7.402,7.402,1
2007-11-16 02:16:00,7.405,7.405,7.405,7.405,1
2007-11-16 03:02:00,7.418,7.418,7.418,7.418,1
2007-11-16 04:06:00,7.397,7.397,7.397,7.397,1
2007-11-16 04:47:00,7.412,7.412,7.412,7.412,1
2007-11-16 05:01:00,7.398,7.398,7.398,7.398,1
2007-11-16 05:33:00,7.411,7.411,7.411,7.411,1
2007-11-16 06:51:00,7.414,7.414,7.414,7.414,1
2007-11-16 07:21:00,7.409,7.409,7.409,7.409,1
2007-11-16 08:05:00,7.402,7.406,7.402,7.406,2
2007-11-16 10:06:00,7.416,7.416,7.414,7.414,2
2007-11-16 10:07:00,7.419,7.419,7.419,7.419,1
2007-11-16 10:19:00,7.417,7.417,7.417,7.417,1
2007-11-16 10:43:00,7.421,7.421,7.421,7.421,1
2007-11-16 10:48:00,7.422,7.422,7.422,7.422,1
2007-11-16 10:54:00,7.412,7.412,7.412,7.412,1
2007-11-16 10:57:00,7.416,7.416,7.416,7.416,1
2007-11-16 11:17:00,7.413,7.413,7.411,7.411,2
2007-11-16 11:21:00,7.413,7.413,7.409,7.409,2
2007-11-16 11:23:00,7.416,7.416,7.416,7.416,1
2007-11-16 11:28:00,7.419,7.422,7.419,7.422,2
2007-11-16 11:31:00,7.437,7.439,7.428,7.428,5
2007-11-16 11:33:00,7.458,7.461,7.447,7.447,5
2007-11-16 11:34:00,7.481,7.481,7.463,7.481,8
2007-11-16 11:35:00,7.476,7.481,7.476,7.476,11
2007-11-16 11:36:00,7.479,7.479,7.468,7.471,4
2007-11-16 11:46:00,7.476,7.476,7.469,7.476,3
2007-11-16 11:52:00,7.488,7.488,7.484,7.484,3
2007-11-16 11:53:00,7.49,7.49,7.49,7.49,1
2007-11-16 11:56:00,7.491,7.491,7.491,7.491,1
2007-11-16 11:58:00,7.483,7.483,7.483,7.483,1
2007-11-16 12:02:00,7.492,7.504,7.492,7.5,4
2007-11-16 12:06:00,7.509,7.509,7.5,7.5,3
2007-11-16 12:07:00,7.536,7.536,7.515,7.515,4
2007-11-16 12:08:00,7.539,7.539,7.539,7.539,1
2007-11-16 12:09:00,7.54,7.543,7.54,7.541,3
2007-11-16 12:10:00,7.54,7.55,7.54,7.548,3
2007-11-16 12:14:00,7.533,7.533,7.533,7.533,1
2007-11-16 12:16:00,7.547,7.552,7.542,7.542,4
2007-11-16 12:18:00,7.53,7.543,7.53,7.543,2
2007-11-16 12:21:00,7.538,7.538,7.538,7.538,1
2007-11-16 12:24:00,7.53,7.536,7.528,7.536,10
2007-11-16 12:25:00,7.53,7.535,7.53,7.535,2
2007-11-16 12:29:00,7.53,7.533,7.53,7.533,2
2007-11-16 12:33:00,7.534,7.537,7.534,7.537,2
2007-11-16 12:34:00,7.531,7.531,7.531,7.531,1
2007-11-16 12:35:00,7.549,7.552,7.534,7.534,6
2007-11-16 12:36:00,7.539,7.539,7.539,7.539,1
2007-11-16 12:39:00,7.554,7.554,7.544,7.547,5
2007-11-16 12:40:00,7.554,7.557,7.554,7.557,2
2007-11-16 12:43:00,7.539,7.548,7.539,7.548,2
2007-11-16 12:44:00,7.531,7.535,7.531,7.535,2
2007-11-16 12:45:00,7.552,7.552,7.538,7.538,4
2007-11-16 12:46:00,7.559,7.559,7.549,7.549,3
2007-11-16 12:48:00,7.544,7.544,7.544,7.544,1
2007-11-16 12:49:00,7.54,7.54,7.54,7.54,1
2007-11-16 12:50:00,7.542,7.542,7.542,7.542,1
2007-11-16 12:51:00,7.54,7.54,7.54,7.54,1
2007-11-16 12:52:00,7.531,7.535,7.531,7.535,2
2007-11-16 12:53:00,7.539,7.539,7.529,7.529,2
2007-11-16 12:54:00,7.544,7.544,7.544,7.544,1
2007-11-16 12:56:00,7.557,7.557,7.555,7.555,2
2007-11-16 12:57:00,7.56,7.56,7.56,7.56,1
2007-11-16 12:58:00,7.566,7.566,7.556,7.556,7
2007-11-16 12:59:00,7.573,7.573,7.569,7.569,3
2007-11-16 13:01:00,7.572,7.572,7.562,7.567,7
2007-11-16 13:02:00,7.556,7.569,7.556,7.569,2
2007-11-16 13:03:00,7.554,7.554,7.554,7.554,1
2007-11-16 13:05:00,7.544,7.547,7.544,7.547,2
2007-11-16 13:06:00,7.547,7.547,7.547,7.547,1
2007-11-16 13:07:00,7.552,7.552,7.552,7.552,1
2007-11-16 13:08:00,7.573,7.573,7.554,7.554,4
2007-11-16 13:09:00,7.569,7.575,7.569,7.575,2
2007-11-16 13:10:00,7.569,7.573,7.569,7.573,2
2007-11-16 13:11:00,7.562,7.562,7.562,7.562,1
2007-11-16 13:12:00,7.559,7.559,7.557,7.559,3
2007-11-16 13:13:00,7.561,7.567,7.561,7.567,2
2007-11-16 13:18:00,7.561,7.561,7.559,7.559,2
2007-11-16 13:19:00,7.569,7.569,7.569,7.569,1
2007-11-16 13:20:00,7.556,7.564,7.556,7.564,2
2007-11-16 13:21:00,7.561,7.561,7.561,7.561,1
2007-11-16 13:22:00,7.553,7.559,7.553,7.559,4
2007-11-16 13:23:00,7.55,7.551,7.545,7.551,3
2007-11-16 13:24:00,7.554,7.554,7.548,7.548,3
2007-11-16 13:25:00,7.558,7.558,7.558,7.558,1
2007-11-16 13:26:00,7.551,7.558,7.551,7.555,3
2007-11-16 13:27:00,7.562,7.566,7.555,7.555,4
2007-11-16 13:29:00,7.568,7.568,7.561,7.565,8
2007-11-16 13:30:00,7.564,7.564,7.564,7.564,1
2007-11-16 13:31:00,7.562,7.562,7.562,7.562,1
2007-11-16 13:32:00,7.567,7.567,7.558,7.56,3
2007-11-16 13:33:00,7.572,7.572,7.564,7.564,3
2007-11-16 13:35:00,7.588,7.588,7.569,7.569,12
2007-11-16 13:36:00,7.586,7.588,7.58,7.586,7
2007-11-16 13:37:00,7.58,7.589,7.58,7.589,2
2007-11-16 13:39:00,7.565,7.577,7.559,7.577,8
2007-11-16 13:40:00,7.562,7.562,7.562,7.562,1
2007-11-16 13:41:00,7.577,7.577,7.569,7.569,3
2007-11-16 13:42:00,7.562,7.573,7.562,7.569,4
2007-11-16 13:43:00,7.56,7.56,7.56,7.56,1
2007-11-16 13:44:00,7.563,7.563,7.563,7.563,1
2007-11-16 13:47:00,7.565,7.565,7.565,7.565,1
2007-11-16 13:48:00,7.576,7.576,7.567,7.567,6
2007-11-16 13:49:00,7.583,7.583,7.579,7.579,2
2007-11-16 13:50:00,7.579,7.579,7.579,7.579,1
2007-11-16 13:51:00,7.574,7.579,7.574,7.576,4
2007-11-16 13:52:00,7.583,7.583,7.577,7.577,7
2007-11-16 13:53:00,7.585,7.585,7.585,7.585,1
2007-11-16 13:54:00,7.579,7.582,7.579,7.58,3
2007-11-16 13:55:00,7.585,7.585,7.585,7.585,1
2007-11-16 13:56:00,7.58,7.583,7.58,7.583,4
2007-11-16 13:57:00,7.588,7.588,7.584,7.584,2
2007-11-16 13:58:00,7.574,7.588,7.574,7.586,6
2007-11-16 13:59:00,7.572,7.572,7.572,7.572,1
2007-11-16 14:00:00,7.59,7.59,7.568,7.58,43
2007-11-16 14:01:00,7.579,7.59,7.575,7.587,28
2007-11-16 14:02:00,7.564,7.583,7.564,7.581,37
2007-11-16 14:03:00,7.567,7.57,7.561,7.567,10
2007-11-16 14:04:00,7.555,7.573,7.544,7.569,54
2007-11-16 14:05:00,7.556,7.56,7.556,7.56,5
2007-11-16 14:06:00,7.559,7.563,7.557,7.558,7
2007-11-16 14:07:00,7.569,7.571,7.562,7.562,15
2007-11-16 14:08:00,7.552,7.566,7.55,7.566,18
2007-11-16 14:09:00,7.55,7.56,7.548,7.55,22
2007-11-16 14:10:00,7.55,7.561,7.55,7.554,11
2007-11-16 14:11:00,7.535,7.552,7.533,7.548,20
2007-11-16 14:12:00,7.536,7.538,7.532,7.538,15
2007-11-16 14:13:00,7.549,7.552,7.539,7.539,16
2007-11-16 14:14:00,7.549,7.554,7.546,7.55,14
2007-11-16 14:15:00,7.554,7.555,7.55,7.551,10
2007-11-16 14:16:00,7.55,7.552,7.548,7.552,4
2007-11-16 14:17:00,7.549,7.55,7.548,7.548,3
2007-11-16 14:18:00,7.546,7.552,7.546,7.546,7
2007-11-16 14:19:00,7.545,7.546,7.543,7.544,4
2007-11-16 14:20:00,7.544,7.55,7.544,7.547,4
2007-11-16 14:21:00,7.541,7.546,7.538,7.546,8
2007-11-16 14:22:00,7.531,7.538,7.529,7.538,12
2007-11-16 14:23:00,7.531,7.533,7.525,7.529,10
2007-11-16 14:24:00,7.535,7.537,7.529,7.534,8
2007-11-16 14:25:00,7.538,7.542,7.538,7.538,7
2007-11-16 14:26:00,7.532,7.544,7.532,7.536,12
2007-11-16 14:27:00,7.527,7.53,7.523,7.53,14
2007-11-16 14:28:00,7.527,7.531,7.527,7.529,7
2007-11-16 14:29:00,7.536,7.536,7.526,7.526,5
2007-11-16 14:30:00,7.529,7.537,7.529,7.532,7
2007-11-16 14:32:00,7.541,7.545,7.532,7.532,11
2007-11-16 14:33:00,7.541,7.545,7.535,7.543,13
2007-11-16 14:34:00,7.547,7.551,7.543,7.543,7
2007-11-16 14:35:00,7.542,7.545,7.539,7.545,7
2007-11-16 14:36:00,7.545,7.55,7.54,7.54,6
2007-11-16 14:37:00,7.549,7.549,7.545,7.547,4
2007-11-16 14:38:00,7.544,7.551,7.544,7.551,6
2007-11-16 14:39:00,7.54,7.544,7.539,7.542,7
2007-11-16 14:40:00,7.536,7.542,7.536,7.538,8
2007-11-16 14:41:00,7.535,7.539,7.533,7.539,10
2007-11-16 14:42:00,7.529,7.533,7.527,7.533,9
2007-11-16 14:43:00,7.536,7.536,7.527,7.527,9
2007-11-16 14:44:00,7.534,7.544,7.534,7.538,14
2007-11-16 14:45:00,7.534,7.536,7.534,7.536,2
2007-11-16 14:46:00,7.543,7.543,7.537,7.54,9
2007-11-16 14:47:00,7.544,7.547,7.544,7.545,3
2007-11-16 14:48:00,7.546,7.546,7.544,7.546,3
2007-11-16 14:49:00,7.536,7.545,7.536,7.543,11
2007-11-16 14:50:00,7.533,7.538,7.529,7.534,15
2007-11-16 14:51:00,7.529,7.533,7.525,7.531,8
2007-11-16 14:52:00,7.529,7.529,7.527,7.527,2
2007-11-16 14:53:00,7.534,7.536,7.527,7.527,6
2007-11-16 14:54:00,7.532,7.536,7.532,7.536,7
2007-11-16 14:55:00,7.516,7.529,7.516,7.529,7
2007-11-16 14:56:00,7.506,7.519,7.503,7.518,45
2007-11-16 14:57:00,7.503,7.513,7.498,7.504,31
2007-11-16 14:58:00,7.512,7.515,7.502,7.505,13
2007-11-16 14:59:00,7.514,7.522,7.51,7.51,17
2007-11-16 15:00:00,7.522,7.524,7.509,7.513,17
2007-11-16 15:01:00,7.535,7.537,7.52,7.52,20
2007-11-16 15:02:00,7.524,7.534,7.523,7.533,10
2007-11-16 15:03:00,7.516,7.522,7.516,7.522,6
2007-11-16 15:04:00,7.515,7.519,7.515,7.518,6
2007-11-16 15:05:00,7.519,7.519,7.513,7.513,7
2007-11-16 15:06:00,7.516,7.522,7.516,7.522,7
2007-11-16 15:07:00,7.516,7.518,7.515,7.518,6
2007-11-16 15:08:00,7.501,7.515,7.501,7.515,16
2007-11-16 15:09:00,7.506,7.506,7.498,7.504,11
2007-11-16 15:10:00,7.517,7.522,7.502,7.504,18
2007-11-16 15:11:00,7.513,7.524,7.513,7.519,13
2007-11-16 15:12:00,7.511,7.517,7.511,7.515,7
2007-11-16 15:13:00,7.517,7.518,7.514,7.515,10
2007-11-16 15:14:00,7.513,7.513,7.509,7.513,4
2007-11-16 15:15:00,7.526,7.526,7.515,7.515,9
2007-11-16 15:16:00,7.525,7.529,7.52,7.522,8
2007-11-16 15:17:00,7.524,7.53,7.522,7.522,12
2007-11-16 15:18:00,7.523,7.526,7.518,7.526,7
2007-11-16 15:19:00,7.526,7.526,7.521,7.521,4
2007-11-16 15:20:00,7.532,7.532,7.524,7.524,5
2007-11-16 15:21:00,7.525,7.53,7.524,7.53,10
2007-11-16 15:22:00,7.529,7.531,7.523,7.527,7
2007-11-16 15:23:00,7.536,7.538,7.532,7.532,9
2007-11-16 15:24:00,7.531,7.533,7.529,7.533,8
2007-11-16 15:25:00,7.532,7.535,7.532,7.533,3
2007-11-16 15:26:00,7.537,7.537,7.532,7.536,9
2007-11-16 15:27:00,7.536,7.539,7.535,7.539,6
2007-11-16 15:28:00,7.553,7.553,7.538,7.538,10
2007-11-16 15:29:00,7.552,7.554,7.545,7.551,9
2007-11-16 15:30:00,7.546,7.551,7.546,7.548,6
2007-11-16 15:31:00,7.545,7.545,7.538,7.543,9
2007-11-16 15:32:00,7.543,7.545,7.541,7.543,5
2007-11-16 15:33:00,7.547,7.551,7.545,7.545,12
2007-11-16 15:34:00,7.539,7.545,7.537,7.545,12
2007-11-16 15:35:00,7.542,7.546,7.537,7.537,9
2007-11-16 15:36:00,7.542,7.544,7.54,7.544,3
2007-11-16 15:37:00,7.54,7.54,7.54,7.54,1
2007-11-16 15:38:00,7.532,7.538,7.529,7.538,15
2007-11-16 15:39:00,7.532,7.536,7.532,7.534,4
2007-11-16 15:40:00,7.532,7.535,7.532,7.535,2
2007-11-16 15:41:00,7.53,7.532,7.527,7.53,6
2007-11-16 15:42:00,7.531,7.531,7.528,7.528,3
2007-11-16 15:44:00,7.528,7.533,7.526,7.53,8
2007-11-16 15:45:00,7.527,7.534,7.525,7.525,17
2007-11-16 15:46:00,7.528,7.528,7.523,7.525,6
2007-11-16 15:47:00,7.516,7.526,7.516,7.526,12
2007-11-16 15:48:00,7.519,7.519,7.511,7.513,9
2007-11-16 15:49:00,7.519,7.521,7.519,7.521,2
2007-11-16 15:50:00,7.516,7.518,7.516,7.516,3
2007-11-16 15:51:00,7.519,7.519,7.514,7.514,3
2007-11-16 15:52:00,7.516,7.516,7.516,7.516,1
2007-11-16 15:53:00,7.518,7.52,7.518,7.518,3
2007-11-16 15:54:00,7.511,7.517,7.508,7.514,20
2007-11-16 15:55:00,7.509,7.512,7.509,7.509,4
2007-11-16 15:56:00,7.52,7.524,7.51,7.51,16
2007-11-16 15:57:00,7.515,7.518,7.513,7.518,6
2007-11-16 15:58:00,7.516,7.517,7.514,7.517,3
2007-11-16 15:59:00,7.516,7.516,7.514,7.514,2
2007-11-16 16:00:00,7.518,7.525,7.514,7.514,9
2007-11-16 16:01:00,7.518,7.522,7.518,7.52,4
2007-11-16 16:02:00,7.517,7.52,7.515,7.52,4
2007-11-16 16:03:00,7.519,7.525,7.517,7.519,16
2007-11-16 16:04:00,7.5,7.517,7.5,7.517,12
2007-11-16 16:05:00,7.5,7.505,7.492,7.503,22
2007-11-16 16:06:00,7.499,7.503,7.498,7.503,5
2007-11-16 16:07:00,7.505,7.505,7.497,7.497,7
2007-11-16 16:08:00,7.481,7.507,7.473,7.507,51
2007-11-16 16:09:00,7.489,7.493,7.477,7.479,24
2007-11-16 16:10:00,7.474,7.488,7.474,7.487,9
2007-11-16 16:11:00,7.466,7.475,7.461,7.472,43
2007-11-16 16:12:00,7.488,7.491,7.468,7.468,24
2007-11-16 16:13:00,7.482,7.488,7.482,7.486,8
2007-11-16 16:14:00,7.482,7.482,7.475,7.48,15
2007-11-16 16:15:00,7.48,7.48,7.48,7.48,1
2007-11-16 16:16:00,7.484,7.484,7.482,7.482,2
2007-11-16 16:17:00,7.485,7.487,7.481,7.487,9
2007-11-16 16:18:00,7.467,7.488,7.465,7.482,16
2007-11-16 16:19:00,7.472,7.474,7.467,7.469,8
2007-11-16 16:20:00,7.475,7.477,7.473,7.475,7
2007-11-16 16:21:00,7.483,7.483,7.473,7.473,7
2007-11-16 16:22:00,7.493,7.504,7.481,7.485,38
2007-11-16 16:23:00,7.489,7.495,7.489,7.495,15
2007-11-16 16:24:00,7.491,7.493,7.491,7.491,3
2007-11-16 16:25:00,7.493,7.493,7.493,7.493,1
2007-11-16 16:26:00,7.492,7.496,7.492,7.494,4
2007-11-16 16:27:00,7.49,7.494,7.49,7.494,2
2007-11-16 16:28:00,7.494,7.494,7.494,7.494,1
2007-11-16 16:29:00,7.493,7.494,7.49,7.49,4
2007-11-16 16:30:00,7.486,7.49,7.482,7.49,8
2007-11-16 16:31:00,7.485,7.488,7.485,7.488,2
2007-11-16 16:32:00,7.479,7.485,7.479,7.483,5
2007-11-16 16:33:00,7.485,7.485,7.481,7.481,3
2007-11-16 16:34:00,7.485,7.485,7.481,7.483,10
2007-11-16 16:35:00,7.492,7.495,7.483,7.483,14
2007-11-16 16:36:00,7.486,7.497,7.486,7.497,8
2007-11-16 16:37:00,7.474,7.487,7.473,7.482,18
2007-11-16 16:38:00,7.476,7.477,7.464,7.471,25
2007-11-16 16:39:00,7.504,7.516,7.477,7.479,97
2007-11-16 16:40:00,7.522,7.526,7.506,7.506,55
2007-11-16 16:41:00,7.541,7.555,7.52,7.52,96
2007-11-16 16:42:00,7.541,7.543,7.533,7.539,14
2007-11-16 16:43:00,7.545,7.547,7.534,7.539,36
2007-11-16 16:44:00,7.548,7.554,7.543,7.547,26
2007-11-16 16:45:00,7.545,7.551,7.545,7.551,4
2007-11-16 16:46:00,7.557,7.557,7.536,7.543,28
2007-11-16 16:47:00,7.562,7.57,7.555,7.555,29
2007-11-16 16:48:00,7.556,7.563,7.553,7.56,17
2007-11-16 16:49:00,7.562,7.566,7.554,7.554,10
2007-11-16 16:50:00,7.582,7.584,7.559,7.559,29
2007-11-16 16:51:00,7.594,7.605,7.577,7.58,95
2007-11-16 16:52:00,7.593,7.603,7.583,7.592,33
2007-11-16 16:53:00,7.617,7.625,7.588,7.591,95
2007-11-16 16:54:00,7.618,7.621,7.602,7.614,47
2007-11-16 16:55:00,7.612,7.63,7.612,7.619,35
2007-11-16 16:56:00,7.605,7.61,7.597,7.609,41
2007-11-16 16:57:00,7.609,7.611,7.599,7.607,17
2007-11-16 16:58:00,7.605,7.611,7.601,7.611,13
2007-11-16 16:59:00,7.61,7.613,7.598,7.603,42
2007-11-16 17:00:00,7.615,7.617,7.603,7.612,40
2007-11-16 17:01:00,7.635,7.64,7.606,7.61,49
2007-11-16 17:02:00,7.623,7.636,7.623,7.633,40
2007-11-16 17:03:00,7.616,7.621,7.613,7.621,11
2007-11-16 17:04:00,7.626,7.641,7.618,7.618,63
2007-11-16 17:05:00,7.627,7.627,7.624,7.624,7
2007-11-16 17:06:00,7.616,7.631,7.614,7.629,27
2007-11-16 17:07:00,7.618,7.626,7.612,7.614,16
2007-11-16 17:08:00,7.618,7.628,7.618,7.62,13
2007-11-16 17:09:00,7.616,7.616,7.603,7.616,33
2007-11-16 17:10:00,7.598,7.618,7.598,7.618,18
2007-11-16 17:11:00,7.61,7.611,7.6,7.6,13
2007-11-16 17:12:00,7.595,7.608,7.593,7.608,11
2007-11-16 17:13:00,7.607,7.608,7.593,7.593,15
2007-11-16 17:14:00,7.612,7.617,7.607,7.61,15
2007-11-16 17:15:00,7.618,7.625,7.609,7.615,21
2007-11-16 17:16:00,7.632,7.654,7.62,7.62,51
2007-11-16 17:17:00,7.632,7.637,7.63,7.63,11
2007-11-16 17:18:00,7.655,7.662,7.63,7.63,54
2007-11-16 17:19:00,7.654,7.656,7.648,7.653,28
2007-11-16 17:20:00,7.658,7.658,7.651,7.652,19
2007-11-16 17:21:00,7.656,7.663,7.65,7.656,38
2007-11-16 17:22:00,7.652,7.654,7.647,7.654,10
2007-11-16 17:23:00,7.665,7.679,7.654,7.654,46
2007-11-16 17:24:00,7.655,7.663,7.655,7.663,12
2007-11-16 17:25:00,7.654,7.658,7.652,7.658,20
2007-11-16 17:26:00,7.665,7.665,7.656,7.658,10
2007-11-16 17:27:00,7.665,7.669,7.663,7.667,10
2007-11-16 17:28:00,7.666,7.681,7.664,7.668,39
2007-11-16 17:29:00,7.652,7.664,7.65,7.664,26
2007-11-16 17:30:00,7.654,7.66,7.651,7.655,15
2007-11-16 17:31:00,7.664,7.664,7.656,7.656,7
2007-11-16 17:32:00,7.676,7.682,7.666,7.666,35
2007-11-16 17:33:00,7.673,7.676,7.669,7.674,9
2007-11-16 17:34:00,7.677,7.683,7.671,7.675,31
2007-11-16 17:35:00,7.696,7.698,7.675,7.675,34
2007-11-16 17:36:00,7.685,7.694,7.681,7.694,24
2007-11-16 17:37:00,7.685,7.687,7.672,7.683,22
2007-11-16 17:38:00,7.685,7.688,7.68,7.687,9
2007-11-16 17:39:00,7.689,7.694,7.689,7.689,9
2007-11-16 17:40:00,7.674,7.706,7.674,7.691,53
2007-11-16 17:41:00,7.666,7.674,7.658,7.672,37
2007-11-16 17:42:00,7.671,7.673,7.666,7.668,7
2007-11-16 17:43:00,7.675,7.681,7.674,7.674,9
2007-11-16 17:44:00,7.665,7.675,7.665,7.67,10
2007-11-16 17:45:00,7.655,7.666,7.652,7.663,23
2007-11-16 17:46:00,7.655,7.661,7.655,7.657,8
2007-11-16 17:47:00,7.66,7.664,7.659,7.659,5
2007-11-16 17:48:00,7.66,7.66,7.656,7.658,4
2007-11-16 17:49:00,7.679,7.679,7.66,7.662,16
2007-11-16 17:50:00,7.669,7.676,7.66,7.676,17
2007-11-16 17:51:00,7.66,7.667,7.653,7.667,32
2007-11-16 17:52:00,7.662,7.662,7.653,7.658,9
2007-11-16 17:53:00,7.665,7.67,7.654,7.66,16
2007-11-16 17:54:00,7.662,7.662,7.662,7.662,1
2007-11-16 17:55:00,7.643,7.66,7.639,7.66,17
2007-11-16 17:56:00,7.64,7.645,7.64,7.641,11
2007-11-16 17:57:00,7.648,7.648,7.646,7.646,4
2007-11-16 17:58:00,7.645,7.645,7.645,7.645,1
2007-11-16 17:59:00,7.638,7.643,7.637,7.643,7
2007-11-16 18:00:00,7.655,7.655,7.64,7.64,10
2007-11-16 18:01:00,7.676,7.676,7.65,7.652,42
2007-11-16 18:02:00,7.665,7.674,7.66,7.674,13
2007-11-16 18:03:00,7.66,7.663,7.658,7.663,4
2007-11-16 18:04:00,7.668,7.668,7.661,7.662,6
2007-11-16 18:05:00,7.673,7.679,7.67,7.67,9
2007-11-16 18:06:00,7.689,7.691,7.669,7.671,25
2007-11-16 18:07:00,7.686,7.692,7.679,7.687,22
2007-11-16 18:08:00,7.684,7.686,7.68,7.684,11
2007-11-16 18:09:00,7.676,7.683,7.674,7.682,8
2007-11-16 18:10:00,7.677,7.679,7.677,7.679,2
2007-11-16 18:11:00,7.685,7.685,7.68,7.68,5
2007-11-16 18:12:00,7.701,7.708,7.688,7.688,23
2007-11-16 18:13:00,7.701,7.705,7.691,7.699,19
2007-11-16 18:14:00,7.703,7.706,7.699,7.703,16
2007-11-16 18:15:00,7.709,7.709,7.699,7.701,9
2007-11-16 18:16:00,7.714,7.718,7.706,7.707,17
2007-11-16 18:17:00,7.7,7.712,7.695,7.712,29
2007-11-16 18:18:00,7.679,7.702,7.673,7.698,25
2007-11-16 18:19:00,7.682,7.682,7.672,7.677,11
2007-11-16 18:20:00,7.68,7.687,7.68,7.684,8
2007-11-16 18:21:00,7.69,7.69,7.682,7.682,5
2007-11-16 18:22:00,7.687,7.697,7.687,7.692,9
2007-11-16 18:23:00,7.682,7.686,7.681,7.686,11
2007-11-16 18:24:00,7.687,7.688,7.681,7.684,9
2007-11-16 18:25:00,7.691,7.693,7.687,7.688,6
2007-11-16 18:26:00,7.701,7.701,7.693,7.693,7
2007-11-16 18:27:00,7.704,7.704,7.698,7.698,4
2007-11-16 18:28:00,7.697,7.703,7.697,7.701,8
2007-11-16 18:29:00,7.69,7.694,7.684,7.694,22
2007-11-16 18:30:00,7.699,7.713,7.681,7.689,38
2007-11-16 18:31:00,7.693,7.699,7.686,7.697,24
2007-11-16 18:32:00,7.69,7.69,7.69,7.69,1
2007-11-16 18:33:00,7.684,7.692,7.684,7.692,5
2007-11-16 18:34:00,7.687,7.691,7.682,7.682,16
2007-11-16 18:35:00,7.685,7.685,7.674,7.685,25
2007-11-16 18:36:00,7.684,7.692,7.684,7.689,9
2007-11-16 18:37:00,7.682,7.684,7.68,7.682,7
2007-11-16 18:38:00,7.685,7.685,7.685,7.685,1
2007-11-16 18:39:00,7.687,7.689,7.683,7.683,3
2007-11-16 18:40:00,7.682,7.69,7.68,7.685,12
2007-11-16 18:41:00,7.685,7.689,7.682,7.684,7
2007-11-16 18:42:00,7.683,7.688,7.683,7.683,4
2007-11-16 18:43:00,7.68,7.685,7.674,7.685,12
2007-11-16 18:44:00,7.671,7.683,7.671,7.683,10
2007-11-16 18:45:00,7.684,7.684,7.673,7.673,5
2007-11-16 18:46:00,7.683,7.686,7.68,7.682,6
2007-11-16 18:47:00,7.693,7.695,7.685,7.685,11
2007-11-16 18:48:00,7.695,7.695,7.688,7.695,8
2007-11-16 18:49:00,7.689,7.693,7.689,7.693,3
2007-11-16 18:50:00,7.685,7.692,7.685,7.692,9
2007-11-16 18:51:00,7.693,7.695,7.687,7.687,8
2007-11-16 18:52:00,7.709,7.709,7.695,7.695,11
2007-11-16 18:53:00,7.71,7.713,7.707,7.711,11
2007-11-16 18:54:00,7.717,7.717,7.71,7.712,8
2007-11-16 18:55:00,7.719,7.727,7.715,7.715,22
2007-11-16 18:56:00,7.71,7.719,7.699,7.717,32
2007-11-16 18:57:00,7.732,7.734,7.711,7.714,49
2007-11-16 18:58:00,7.728,7.738,7.728,7.735,17
2007-11-16 18:59:00,7.733,7.733,7.724,7.73,18
2007-11-16 19:00:00,7.753,7.757,7.726,7.73,32
2007-11-16 19:01:00,7.754,7.757,7.746,7.755,24
2007-11-16 19:02:00,7.749,7.756,7.749,7.752,14
2007-11-16 19:03:00,7.734,7.751,7.734,7.751,26
2007-11-16 19:04:00,7.737,7.737,7.732,7.736,13
2007-11-16 19:05:00,7.734,7.741,7.731,7.739,15
2007-11-16 19:06:00,7.728,7.733,7.726,7.733,7
2007-11-16 19:07:00,7.729,7.737,7.724,7.726,16
2007-11-16 19:08:00,7.731,7.733,7.729,7.731,5
2007-11-16 19:09:00,7.733,7.735,7.733,7.733,3
2007-11-16 19:10:00,7.743,7.744,7.735,7.735,9
2007-11-16 19:11:00,7.744,7.75,7.738,7.741,23
2007-11-16 19:12:00,7.739,7.752,7.737,7.742,29
2007-11-16 19:13:00,7.74,7.742,7.738,7.741,6
2007-11-16 19:14:00,7.738,7.744,7.735,7.742,8
2007-11-16 19:15:00,7.735,7.738,7.735,7.737,6
2007-11-16 19:16:00,7.737,7.737,7.733,7.737,5
2007-11-16 19:17:00,7.746,7.746,7.739,7.739,17
2007-11-16 19:18:00,7.745,7.751,7.745,7.748,7
2007-11-16 19:19:00,7.73,7.746,7.73,7.743,10
2007-11-16 19:20:00,7.716,7.729,7.714,7.728,18
2007-11-16 19:21:00,7.725,7.725,7.713,7.714,13
2007-11-16 19:22:00,7.734,7.737,7.723,7.723,19
2007-11-16 19:23:00,7.728,7.732,7.716,7.732,20
2007-11-16 19:24:00,7.709,7.726,7.709,7.726,12
2007-11-16 19:25:00,7.724,7.724,7.711,7.711,24
2007-11-16 19:26:00,7.715,7.725,7.715,7.72,12
2007-11-16 19:27:00,7.74,7.742,7.717,7.717,33
2007-11-16 19:28:00,7.725,7.742,7.723,7.742,17
2007-11-16 19:29:00,7.725,7.729,7.72,7.729,13
2007-11-16 19:30:00,7.717,7.727,7.717,7.727,8
2007-11-16 19:31:00,7.718,7.722,7.715,7.719,9
2007-11-16 19:32:00,7.721,7.721,7.717,7.717,2
2007-11-16 19:33:00,7.729,7.729,7.718,7.718,9
2007-11-16 19:34:00,7.734,7.734,7.731,7.731,4
2007-11-16 19:35:00,7.746,7.746,7.736,7.736,13
2007-11-16 19:36:00,7.741,7.744,7.738,7.744,3
2007-11-16 19:37:00,7.739,7.739,7.739,7.739,1
2007-11-16 19:38:00,7.74,7.742,7.74,7.742,2
2007-11-16 19:40:00,7.734,7.734,7.734,7.734,1
2007-11-16 19:41:00,7.727,7.734,7.727,7.732,4
2007-11-16 19:42:00,7.728,7.733,7.72,7.729,8
2007-11-16 19:45:00,7.73,7.73,7.73,7.73,1
2007-11-16 19:46:00,7.729,7.729,7.726,7.726,2
2007-11-16 19:47:00,7.731,7.731,7.731,7.731,1
2007-11-16 19:48:00,7.734,7.734,7.729,7.729,3
2007-11-16 19:49:00,7.734,7.734,7.731,7.731,2
2007-11-16 19:51:00,7.732,7.732,7.732,7.732,1
2007-11-16 19:52:00,7.727,7.729,7.727,7.729,2
2007-11-16 19:55:00,7.735,7.735,7.735,7.735,1
2007-11-16 19:57:00,7.736,7.736,7.736,7.736,1
2007-11-16 19:59:00,7.73,7.73,7.73,7.73,1
2007-11-16 20:01:00,7.734,7.734,7.734,7.734,1
2007-11-16 20:03:00,7.725,7.732,7.725,7.732,3
2007-11-16 20:04:00,7.728,7.728,7.728,7.728,1
2007-11-16 20:05:00,7.73,7.73,7.73,7.73,1
2007-11-16 20:06:00,7.73,7.73,7.725,7.725,2
2007-11-16 20:08:00,7.733,7.733,7.733,7.733,1
2007-11-16 20:09:00,7.739,7.739,7.734,7.734,3
2007-11-16 20:11:00,7.738,7.741,7.738,7.741,2
2007-11-16 20:12:00,7.733,7.736,7.733,7.736,2
2007-11-16 20:15:00,7.734,7.734,7.734,7.734,1
2007-11-16 20:17:00,7.736,7.736,7.736,7.736,1
2007-11-16 20:20:00,7.739,7.743,7.739,7.739,4
2007-11-16 20:21:00,7.74,7.74,7.737,7.737,2
2007-11-16 20:24:00,7.737,7.737,7.737,7.737,1
2007-11-16 20:25:00,7.739,7.739,7.735,7.735,3
2007-11-16 20:28:00,7.736,7.741,7.732,7.735,5
2007-11-16 20:29:00,7.738,7.738,7.738,7.738,1
2007-11-16 20:30:00,7.742,7.742,7.74,7.74,2
2007-11-16 20:31:00,7.74,7.74,7.74,7.74,1
2007-11-16 20:32:00,7.739,7.745,7.738,7.744,6
2007-11-16 20:33:00,7.745,7.745,7.742,7.744,3
2007-11-16 20:36:00,7.748,7.748,7.748,7.748,1
2007-11-16 20:37:00,7.744,7.744,7.744,7.744,1
2007-11-16 20:40:00,7.751,7.751,7.742,7.742,5
2007-11-16 20:41:00,7.752,7.752,7.749,7.749,2
2007-11-16 20:42:00,7.753,7.753,7.749,7.749,3
2007-11-16 20:43:00,7.755,7.755,7.755,7.755,1
2007-11-16 20:45:00,7.751,7.753,7.751,7.753,2
2007-11-16 20:47:00,7.74,7.748,7.74,7.748,4
2007-11-16 20:49:00,7.738,7.738,7.738,7.738,1
2007-11-16 20:50:00,7.742,7.742,7.742,7.742,1
2007-11-16 20:55:00,7.734,7.734,7.734,7.734,1
2007-11-16 20:59:00,7.736,7.736,7.736,7.736,1
2007-11-16 21:00:00,7.736,7.738,7.736,7.738,2
2007-11-16 21:03:00,7.74,7.74,7.74,7.74,1
2007-11-16 21:07:00,7.748,7.748,7.743,7.743,2
2007-11-16 21:08:00,7.739,7.742,7.739,7.742,2
2007-11-16 21:14:00,7.752,7.752,7.739,7.749,3
2007-11-16 21:16:00,7.751,7.759,7.751,7.759,2
2007-11-16 21:18:00,7.751,7.751,7.748,7.748,2
2007-11-16 21:22:00,7.759,7.759,7.755,7.755,2
2007-11-16 21:25:00,7.759,7.761,7.759,7.761,2
2007-11-16 21:26:00,7.767,7.767,7.762,7.762,2
2007-11-16 21:29:00,7.764,7.764,7.764,7.764,1
2007-11-16 21:31:00,7.768,7.773,7.761,7.767,6
2007-11-16 21:33:00,7.771,7.771,7.766,7.766,3
2007-11-16 21:35:00,7.77,7.77,7.766,7.766,2
2007-11-16 21:36:00,7.775,7.775,7.773,7.773,2
2007-11-16 21:40:00,7.776,7.776,7.776,7.776,1
2007-11-16 21:46:00,7.77,7.77,7.77,7.77,1
2007-11-16 22:03:00,7.774,7.774,7.771,7.771,2
2007-11-16 22:05:00,7.774,7.778,7.771,7.771,3
2007-11-16 22:14:00,7.778,7.778,7.778,7.778,1
2007-11-18 23:00:00,7.82,7.82,7.82,7.82,1
2007-11-18 23:01:00,7.797,7.797,7.797,7.797,1
2007-11-18 23:03:00,7.798,7.798,7.798,7.798,1
2007-11-18 23:05:00,7.788,7.792,7.788,7.792,2
2007-11-18 23:06:00,7.794,7.794,7.791,7.791,2
2007-11-18 23:07:00,7.814,7.814,7.796,7.796,4
2007-11-18 23:08:00,7.825,7.825,7.825,7.825,1
2007-11-18 23:09:00,7.808,7.808,7.808,7.808,1
2007-11-18 23:15:00,7.825,7.825,7.825,7.825,1
2007-11-18 23:17:00,7.834,7.834,7.834,7.834,1
2007-11-18 23:19:00,7.835,7.835,7.835,7.835,1
2007-11-18 23:20:00,7.844,7.844,7.844,7.844,1
2007-11-18 23:21:00,7.85,7.852,7.849,7.849,3
2007-11-18 23:22:00,7.842,7.842,7.842,7.842,1
2007-11-18 23:23:00,7.836,7.836,7.836,7.836,1
2007-11-18 23:26:00,7.84,7.84,7.84,7.84,1
2007-11-18 23:29:00,7.841,7.841,7.841,7.841,1
2007-11-18 23:30:00,7.838,7.838,7.835,7.835,2
2007-11-18 23:33:00,7.844,7.844,7.844,7.844,1
2007-11-18 23:35:00,7.849,7.849,7.845,7.845,2
2007-11-18 23:36:00,7.854,7.854,7.854,7.854,1
2007-11-18 23:37:00,7.861,7.861,7.859,7.859,2
2007-11-18 23:38:00,7.86,7.86,7.855,7.855,2
2007-11-18 23:39:00,7.855,7.855,7.85,7.85,2
2007-11-18 23:41:00,7.862,7.862,7.859,7.859,2
2007-11-18 23:42:00,7.855,7.855,7.855,7.855,1
2007-11-18 23:45:00,7.85,7.85,7.85,7.85,1
2007-11-18 23:49:00,7.865,7.865,7.842,7.842,4
2007-11-18 23:52:00,7.869,7.869,7.869,7.869,1
2007-11-19 00:01:00,7.855,7.865,7.855,7.865,3
2007-11-19 00:06:00,7.872,7.872,7.868,7.868,3
2007-11-19 00:15:00,7.874,7.874,7.865,7.865,3
2007-11-19 00:38:00,7.86,7.86,7.86,7.86,1
2007-11-19 00:40:00,7.877,7.877,7.877,7.877,1
2007-11-19 00:55:00,7.875,7.875,7.875,7.875,1
2007-11-19 01:01:00,7.867,7.867,7.867,7.867,1
2007-11-19 01:07:00,7.878,7.878,7.878,7.878,1
2007-11-19 01:10:00,7.866,7.866,7.866,7.866,1
2007-11-19 01:14:00,7.862,7.862,7.862,7.862,1
2007-11-19 01:16:00,7.882,7.884,7.874,7.874,4
2007-11-19 01:17:00,7.905,7.905,7.885,7.885,6
2007-11-19 01:21:00,7.893,7.893,7.893,7.893,1
2007-11-19 01:24:00,7.882,7.886,7.882,7.886,3
2007-11-19 01:25:00,7.872,7.879,7.872,7.879,2
2007-11-19 01:26:00,7.877,7.877,7.877,7.877,1
2007-11-19 01:27:00,7.871,7.873,7.871,7.873,2
2007-11-19 01:28:00,7.867,7.867,7.867,7.867,1
2007-11-19 01:30:00,7.876,7.876,7.876,7.876,1
2007-11-19 01:34:00,7.868,7.868,7.868,7.868,1
2007-11-19 01:35:00,7.868,7.868,7.866,7.866,2
2007-11-19 01:37:00,7.882,7.882,7.873,7.873,2
2007-11-19 01:38:00,7.886,7.886,7.886,7.886,1
2007-11-19 01:41:00,7.884,7.884,7.884,7.884,1
2007-11-19 01:42:00,7.891,7.891,7.891,7.891,1
2007-11-19 01:45:00,7.879,7.879,7.879,7.879,1
2007-11-19 01:48:00,7.877,7.877,7.877,7.877,1
2007-11-19 01:57:00,7.873,7.873,7.873,7.873,1
2007-11-19 02:04:00,7.87,7.87,7.87,7.87,1
2007-11-19 02:05:00,7.85,7.85,7.85,7.85,1
2007-11-19 02:06:00,7.867,7.867,7.867,7.867,1
2007-11-19 02:12:00,7.863,7.865,7.863,7.865,2
2007-11-19 02:14:00,7.851,7.851,7.851,7.851,1
2007-11-19 02:22:00,7.861,7.861,7.861,7.861,1
2007-11-19 02:29:00,7.857,7.857,7.857,7.857,1
2007-11-19 02:39:00,7.862,7.862,7.862,7.862,1
2007-11-19 02:49:00,7.87,7.87,7.87,7.87,1
2007-11-19 03:03:00,7.875,7.875,7.875,7.875,1
2007-11-19 03:22:00,7.877,7.877,7.866,7.866,2
2007-11-19 03:30:00,7.878,7.878,7.878,7.878,1
2007-11-19 03:38:00,7.864,7.864,7.864,7.864,1
2007-11-19 03:44:00,7.877,7.877,7.877,7.877,1
2007-11-19 04:02:00,7.866,7.866,7.866,7.866,1
2007-11-19 04:25:00,7.887,7.887,7.887,7.887,1
2007-11-19 04:33:00,7.872,7.872,7.872,7.872,1
2007-11-19 04:39:00,7.864,7.864,7.864,7.864,1
2007-11-19 04:53:00,7.857,7.857,7.857,7.857,1
2007-11-19 05:25:00,7.86,7.86,7.86,7.86,1
2007-11-19 06:17:00,7.851,7.851,7.851,7.851,1
2007-11-19 06:39:00,7.86,7.86,7.86,7.86,1
2007-11-19 07:51:00,7.853,7.853,7.853,7.853,1
2007-11-19 08:01:00,7.861,7.861,7.861,7.861,1
2007-11-19 08:03:00,7.864,7.864,7.864,7.864,1
2007-11-19 08:45:00,7.858,7.858,7.858,7.858,1
2007-11-19 08:51:00,7.857,7.857,7.857,7.857,1
2007-11-19 09:05:00,7.864,7.864,7.864,7.864,1
2007-11-19 09:39:00,7.857,7.857,7.857,7.857,1
2007-11-19 09:41:00,7.859,7.859,7.859,7.859,1
2007-11-19 09:45:00,7.857,7.857,7.857,7.857,1
2007-11-19 10:15:00,7.86,7.86,7.86,7.86,1
2007-11-19 10:16:00,7.858,7.858,7.858,7.858,1
2007-11-19 10:42:00,7.855,7.855,7.855,7.855,1
2007-11-19 10:55:00,7.852,7.852,7.852,7.852,1
2007-11-19 10:58:00,7.846,7.848,7.846,7.848,2
2007-11-19 10:59:00,7.844,7.844,7.844,7.844,1
2007-11-19 11:00:00,7.838,7.838,7.838,7.838,1
2007-11-19 11:03:00,7.836,7.836,7.836,7.836,1
2007-11-19 11:04:00,7.827,7.827,7.823,7.826,3
2007-11-19 11:08:00,7.817,7.817,7.817,7.817,1
2007-11-19 11:09:00,7.807,7.809,7.807,7.809,2
2007-11-19 11:14:00,7.81,7.81,7.808,7.808,2
2007-11-19 11:15:00,7.809,7.809,7.8,7.803,3
2007-11-19 11:20:00,7.789,7.797,7.789,7.797,2
2007-11-19 11:24:00,7.784,7.784,7.784,7.784,1
2007-11-19 11:29:00,7.787,7.796,7.787,7.796,2
2007-11-19 11:34:00,7.788,7.788,7.783,7.783,2
2007-11-19 11:40:00,7.798,7.798,7.798,7.798,1
2007-11-19 11:45:00,7.784,7.784,7.784,7.784,1
2007-11-19 11:46:00,7.797,7.797,7.797,7.797,1
2007-11-19 11:47:00,7.805,7.805,7.802,7.802,2
2007-11-19 11:49:00,7.808,7.808,7.808,7.808,1
2007-11-19 11:59:00,7.818,7.818,7.818,7.818,1
2007-11-19 12:01:00,7.813,7.813,7.813,7.813,1
2007-11-19 12:03:00,7.809,7.809,7.809,7.809,1
2007-11-19 12:06:00,7.803,7.803,7.803,7.803,1
2007-11-19 12:09:00,7.804,7.808,7.804,7.808,2
2007-11-19 12:11:00,7.813,7.813,7.813,7.813,1
2007-11-19 12:13:00,7.782,7.801,7.782,7.801,5
2007-11-19 12:14:00,7.765,7.779,7.76,7.779,6
2007-11-19 12:15:00,7.755,7.761,7.745,7.76,11
2007-11-19 12:16:00,7.75,7.76,7.75,7.76,2
2007-11-19 12:18:00,7.759,7.759,7.759,7.759,1
2007-11-19 12:19:00,7.773,7.773,7.766,7.766,3
2007-11-19 12:21:00,7.788,7.788,7.778,7.778,3
2007-11-19 12:22:00,7.788,7.788,7.777,7.777,3
2007-11-19 12:23:00,7.796,7.796,7.79,7.79,2
2007-11-19 12:24:00,7.79,7.79,7.79,7.79,1
2007-11-19 12:26:00,7.779,7.779,7.779,7.779,1
2007-11-19 12:29:00,7.767,7.767,7.767,7.767,1
2007-11-19 12:30:00,7.779,7.779,7.779,7.779,1
2007-11-19 12:33:00,7.773,7.773,7.752,7.755,3
2007-11-19 12:34:00,7.752,7.761,7.752,7.761,2
2007-11-19 12:35:00,7.748,7.748,7.748,7.748,1
2007-11-19 12:36:00,7.759,7.759,7.75,7.75,4
2007-11-19 12:37:00,7.753,7.755,7.753,7.755,2
2007-11-19 12:38:00,7.758,7.758,7.758,7.758,1
2007-11-19 12:44:00,7.77,7.77,7.768,7.768,2
2007-11-19 12:45:00,7.773,7.773,7.772,7.772,2
2007-11-19 12:47:00,7.783,7.783,7.783,7.783,1
2007-11-19 12:48:00,7.795,7.795,7.792,7.794,3
2007-11-19 12:49:00,7.799,7.799,7.799,7.799,1
2007-11-19 12:52:00,7.789,7.794,7.786,7.794,6
2007-11-19 12:53:00,7.79,7.792,7.784,7.785,7
2007-11-19 12:54:00,7.789,7.79,7.787,7.788,4
2007-11-19 12:57:00,7.801,7.808,7.801,7.804,3
2007-11-19 12:59:00,7.809,7.809,7.807,7.809,3
2007-11-19 13:01:00,7.804,7.804,7.804,7.804,1
2007-11-19 13:02:00,7.799,7.799,7.795,7.799,4
2007-11-19 13:04:00,7.799,7.799,7.789,7.789,2
2007-11-19 13:05:00,7.789,7.789,7.787,7.789,3
2007-11-19 13:11:00,7.799,7.799,7.799,7.799,1
2007-11-19 13:14:00,7.803,7.803,7.803,7.803,1
2007-11-19 13:15:00,7.805,7.811,7.805,7.811,3
2007-11-19 13:16:00,7.81,7.81,7.81,7.81,1
2007-11-19 13:18:00,7.813,7.813,7.813,7.813,1
2007-11-19 13:19:00,7.813,7.816,7.813,7.816,2
2007-11-19 13:21:00,7.809,7.816,7.809,7.816,2
2007-11-19 13:22:00,7.807,7.807,7.807,7.807,1
2007-11-19 13:25:00,7.801,7.805,7.801,7.805,2
2007-11-19 13:26:00,7.796,7.809,7.795,7.795,3
2007-11-19 13:27:00,7.791,7.795,7.791,7.794,4
2007-11-19 13:28:00,7.785,7.789,7.785,7.789,3
2007-11-19 13:29:00,7.78,7.78,7.775,7.78,3
2007-11-19 13:31:00,7.795,7.795,7.786,7.786,4
2007-11-19 13:32:00,7.79,7.79,7.788,7.79,3
2007-11-19 13:33:00,7.78,7.782,7.78,7.782,2
2007-11-19 13:34:00,7.778,7.778,7.778,7.778,1
2007-11-19 13:35:00,7.778,7.778,7.776,7.776,2
2007-11-19 13:36:00,7.785,7.785,7.78,7.78,3
2007-11-19 13:37:00,7.78,7.78,7.78,7.78,1
2007-11-19 13:38:00,7.787,7.787,7.787,7.787,1
2007-11-19 13:39:00,7.772,7.78,7.772,7.78,4
2007-11-19 13:40:00,7.762,7.77,7.754,7.77,8
2007-11-19 13:41:00,7.769,7.769,7.769,7.769,1
2007-11-19 13:42:00,7.77,7.774,7.77,7.774,3
2007-11-19 13:45:00,7.785,7.788,7.777,7.777,4
2007-11-19 13:46:00,7.776,7.782,7.776,7.782,2
2007-11-19 13:48:00,7.782,7.782,7.776,7.779,3
2007-11-19 13:49:00,7.784,7.784,7.777,7.777,3
2007-11-19 13:50:00,7.773,7.775,7.773,7.775,2
2007-11-19 13:51:00,7.775,7.775,7.766,7.771,4
2007-11-19 13:52:00,7.767,7.771,7.764,7.771,3
2007-11-19 13:53:00,7.765,7.769,7.765,7.769,4
2007-11-19 13:54:00,7.767,7.772,7.767,7.77,3
2007-11-19 13:56:00,7.765,7.765,7.762,7.764,3
2007-11-19 13:57:00,7.771,7.774,7.769,7.769,4
2007-11-19 13:58:00,7.785,7.785,7.771,7.773,9
2007-11-19 13:59:00,7.794,7.801,7.789,7.789,8
2007-11-19 14:00:00,7.79,7.802,7.784,7.8,33
2007-11-19 14:01:00,7.794,7.8,7.784,7.788,22
2007-11-19 14:02:00,7.794,7.795,7.79,7.792,10
2007-11-19 14:03:00,7.792,7.792,7.792,7.792,1
2007-11-19 14:04:00,7.776,7.795,7.775,7.794,30
2007-11-19 14:05:00,7.776,7.776,7.771,7.773,6
2007-11-19 14:06:00,7.776,7.776,7.773,7.773,2
2007-11-19 14:07:00,7.781,7.781,7.779,7.779,2
2007-11-19 14:08:00,7.781,7.783,7.776,7.779,8
2007-11-19 14:09:00,7.776,7.779,7.776,7.778,4
2007-11-19 14:10:00,7.784,7.786,7.778,7.778,8
2007-11-19 14:11:00,7.783,7.783,7.778,7.778,4
2007-11-19 14:12:00,7.788,7.79,7.785,7.785,9
2007-11-19 14:13:00,7.794,7.797,7.79,7.79,11
2007-11-19 14:14:00,7.795,7.797,7.79,7.79,13
2007-11-19 14:15:00,7.797,7.797,7.795,7.797,5
2007-11-19 14:16:00,7.809,7.809,7.795,7.795,11
2007-11-19 14:17:00,7.811,7.812,7.807,7.807,19
2007-11-19 14:18:00,7.809,7.81,7.807,7.809,5
2007-11-19 14:19:00,7.807,7.809,7.807,7.807,3
2007-11-19 14:20:00,7.816,7.816,7.81,7.81,4
2007-11-19 14:21:00,7.81,7.816,7.81,7.814,7
2007-11-19 14:22:00,7.807,7.812,7.805,7.812,9
2007-11-19 14:23:00,7.806,7.81,7.803,7.805,6
2007-11-19 14:24:00,7.796,7.802,7.796,7.802,18
2007-11-19 14:25:00,7.795,7.798,7.794,7.798,8
2007-11-19 14:26:00,7.795,7.795,7.79,7.794,5
2007-11-19 14:27:00,7.791,7.796,7.791,7.793,10
2007-11-19 14:28:00,7.796,7.796,7.791,7.795,3
2007-11-19 14:29:00,7.791,7.791,7.791,7.791,1
2007-11-19 14:30:00,7.792,7.8,7.792,7.794,6
2007-11-19 14:31:00,7.791,7.791,7.787,7.789,6
2007-11-19 14:32:00,7.784,7.795,7.784,7.793,12
2007-11-19 14:33:00,7.781,7.785,7.776,7.782,16
2007-11-19 14:34:00,7.774,7.779,7.766,7.779,13
2007-11-19 14:35:00,7.771,7.78,7.768,7.776,19
2007-11-19 14:36:00,7.747,7.769,7.743,7.769,33
2007-11-19 14:37:00,7.753,7.759,7.75,7.75,12
2007-11-19 14:38:00,7.754,7.76,7.752,7.755,15
2007-11-19 14:39:00,7.764,7.764,7.756,7.756,6
2007-11-19 14:40:00,7.765,7.765,7.76,7.762,4
2007-11-19 14:41:00,7.762,7.766,7.762,7.763,7
2007-11-19 14:42:00,7.757,7.759,7.752,7.759,7
2007-11-19 14:43:00,7.755,7.759,7.751,7.753,10
2007-11-19 14:44:00,7.747,7.757,7.747,7.757,6
2007-11-19 14:45:00,7.732,7.745,7.723,7.745,34
2007-11-19 14:46:00,7.732,7.736,7.725,7.728,17
2007-11-19 14:47:00,7.746,7.752,7.731,7.731,22
2007-11-19 14:48:00,7.739,7.747,7.737,7.743,7
2007-11-19 14:49:00,7.738,7.744,7.736,7.737,10
2007-11-19 14:50:00,7.744,7.744,7.736,7.736,5
2007-11-19 14:51:00,7.745,7.749,7.742,7.747,13
2007-11-19 14:52:00,7.752,7.752,7.743,7.743,9
2007-11-19 14:53:00,7.748,7.753,7.748,7.75,8
2007-11-19 14:54:00,7.752,7.752,7.747,7.751,6
2007-11-19 14:55:00,7.754,7.759,7.747,7.749,10
2007-11-19 14:56:00,7.754,7.757,7.752,7.752,9
2007-11-19 14:57:00,7.754,7.756,7.75,7.756,6
2007-11-19 14:58:00,7.755,7.755,7.752,7.752,2
2007-11-19 14:59:00,7.752,7.757,7.752,7.757,5
2007-11-19 15:00:00,7.759,7.759,7.752,7.755,4
2007-11-19 15:01:00,7.762,7.762,7.758,7.762,5
2007-11-19 15:02:00,7.762,7.762,7.759,7.76,6
2007-11-19 15:03:00,7.763,7.763,7.758,7.76,8
2007-11-19 15:04:00,7.761,7.765,7.761,7.765,3
2007-11-19 15:05:00,7.757,7.759,7.757,7.759,2
2007-11-19 15:06:00,7.746,7.753,7.746,7.753,15
2007-11-19 15:07:00,7.754,7.754,7.748,7.748,6
2007-11-19 15:08:00,7.752,7.754,7.748,7.752,13
2007-11-19 15:09:00,7.755,7.759,7.755,7.755,7
2007-11-19 15:10:00,7.754,7.759,7.754,7.759,3
2007-11-19 15:11:00,7.759,7.759,7.754,7.756,6
2007-11-19 15:12:00,7.756,7.758,7.751,7.755,9
2007-11-19 15:13:00,7.76,7.76,7.758,7.758,2
2007-11-19 15:14:00,7.757,7.766,7.757,7.762,7
2007-11-19 15:15:00,7.756,7.756,7.749,7.755,7
2007-11-19 15:16:00,7.75,7.753,7.748,7.751,12
2007-11-19 15:17:00,7.698,7.749,7.698,7.749,114
2007-11-19 15:18:00,7.698,7.712,7.694,7.703,36
2007-11-19 15:19:00,7.696,7.701,7.687,7.7,34
2007-11-19 15:20:00,7.704,7.706,7.69,7.694,23
2007-11-19 15:21:00,7.704,7.709,7.702,7.706,18
2007-11-19 15:22:00,7.717,7.717,7.708,7.708,5
2007-11-19 15:23:00,7.717,7.719,7.713,7.719,18
2007-11-19 15:24:00,7.713,7.717,7.713,7.715,4
2007-11-19 15:25:00,7.71,7.715,7.7,7.715,24
2007-11-19 15:26:00,7.719,7.719,7.709,7.712,15
2007-11-19 15:27:00,7.717,7.717,7.712,7.717,5
2007-11-19 15:28:00,7.715,7.715,7.709,7.715,7
2007-11-19 15:29:00,7.697,7.713,7.695,7.713,23
2007-11-19 15:30:00,7.694,7.703,7.694,7.695,9
2007-11-19 15:31:00,7.688,7.702,7.686,7.692,25
2007-11-19 15:32:00,7.691,7.699,7.688,7.69,20
2007-11-19 15:33:00,7.684,7.693,7.678,7.693,27
2007-11-19 15:34:00,7.694,7.694,7.683,7.685,21
2007-11-19 15:35:00,7.698,7.7,7.696,7.696,6
2007-11-19 15:36:00,7.696,7.696,7.696,7.696,1
2007-11-19 15:37:00,7.693,7.699,7.693,7.699,4
2007-11-19 15:38:00,7.688,7.696,7.687,7.696,9
2007-11-19 15:39:00,7.7,7.701,7.689,7.691,14
2007-11-19 15:40:00,7.7,7.702,7.695,7.697,8
2007-11-19 15:41:00,7.702,7.704,7.698,7.698,5
2007-11-19 15:42:00,7.705,7.705,7.7,7.705,7
2007-11-19 15:43:00,7.713,7.714,7.707,7.707,11
2007-11-19 15:44:00,7.706,7.727,7.706,7.711,30
2007-11-19 15:45:00,7.714,7.722,7.706,7.708,20
2007-11-19 15:46:00,7.721,7.725,7.716,7.716,14
2007-11-19 15:47:00,7.721,7.725,7.717,7.717,8
2007-11-19 15:48:00,7.721,7.721,7.716,7.719,7
2007-11-19 15:49:00,7.713,7.719,7.711,7.719,11
2007-11-19 15:50:00,7.708,7.717,7.708,7.715,17
2007-11-19 15:51:00,7.712,7.712,7.697,7.705,33
2007-11-19 15:52:00,7.706,7.715,7.7,7.715,23
2007-11-19 15:53:00,7.702,7.705,7.697,7.703,16
2007-11-19 15:54:00,7.698,7.706,7.696,7.704,12
2007-11-19 15:56:00,7.707,7.707,7.696,7.696,10
2007-11-19 15:57:00,7.705,7.705,7.705,7.705,1
2007-11-19 15:58:00,7.708,7.708,7.703,7.707,5
2007-11-19 15:59:00,7.711,7.715,7.707,7.71,9
2007-11-19 16:00:00,7.708,7.719,7.705,7.713,17
2007-11-19 16:01:00,7.719,7.719,7.71,7.71,5
2007-11-19 16:02:00,7.714,7.721,7.712,7.716,10
2007-11-19 16:03:00,7.715,7.715,7.712,7.712,4
2007-11-19 16:04:00,7.71,7.713,7.708,7.713,8
2007-11-19 16:05:00,7.708,7.71,7.707,7.707,3
2007-11-19 16:06:00,7.703,7.706,7.691,7.706,20
2007-11-19 16:07:00,7.697,7.705,7.697,7.701,11
2007-11-19 16:08:00,7.689,7.699,7.689,7.695,8
2007-11-19 16:09:00,7.69,7.691,7.685,7.691,13
2007-11-19 16:10:00,7.688,7.69,7.683,7.687,13
2007-11-19 16:11:00,7.694,7.694,7.69,7.69,4
2007-11-19 16:12:00,7.701,7.705,7.691,7.696,16
2007-11-19 16:13:00,7.696,7.699,7.695,7.699,4
2007-11-19 16:14:00,7.697,7.7,7.694,7.7,4
2007-11-19 16:15:00,7.699,7.699,7.699,7.699,1
2007-11-19 16:16:00,7.686,7.695,7.686,7.695,11
2007-11-19 16:17:00,7.689,7.689,7.685,7.688,4
2007-11-19 16:18:00,7.656,7.692,7.656,7.691,88
2007-11-19 16:19:00,7.651,7.657,7.631,7.654,100
2007-11-19 16:20:00,7.65,7.652,7.644,7.649,19
2007-11-19 16:21:00,7.651,7.658,7.649,7.652,11
2007-11-19 16:22:00,7.647,7.649,7.639,7.648,17
2007-11-19 16:23:00,7.656,7.662,7.65,7.65,27
2007-11-19 16:24:00,7.661,7.663,7.654,7.658,11
2007-11-19 16:25:00,7.656,7.661,7.656,7.659,15
2007-11-19 16:26:00,7.664,7.666,7.656,7.66,14
2007-11-19 16:27:00,7.663,7.668,7.662,7.666,12
2007-11-19 16:28:00,7.654,7.663,7.654,7.661,18
2007-11-19 16:29:00,7.643,7.652,7.634,7.652,35
2007-11-19 16:30:00,7.642,7.645,7.638,7.639,12
2007-11-19 16:31:00,7.623,7.644,7.623,7.644,19
2007-11-19 16:32:00,7.632,7.636,7.621,7.621,55
2007-11-19 16:33:00,7.641,7.644,7.628,7.634,34
2007-11-19 16:34:00,7.65,7.651,7.638,7.638,22
2007-11-19 16:35:00,7.647,7.653,7.646,7.648,15
2007-11-19 16:36:00,7.651,7.657,7.649,7.649,11
2007-11-19 16:37:00,7.663,7.669,7.653,7.653,21
2007-11-19 16:38:00,7.67,7.672,7.665,7.665,10
2007-11-19 16:39:00,7.677,7.685,7.672,7.672,24
2007-11-19 16:40:00,7.682,7.689,7.674,7.68,26
2007-11-19 16:41:00,7.691,7.691,7.677,7.684,13
2007-11-19 16:42:00,7.671,7.693,7.671,7.693,27
2007-11-19 16:43:00,7.678,7.681,7.667,7.674,19
2007-11-19 16:44:00,7.672,7.678,7.672,7.676,7
2007-11-19 16:45:00,7.673,7.674,7.668,7.67,11
2007-11-19 16:46:00,7.678,7.678,7.671,7.671,9
2007-11-19 16:47:00,7.669,7.676,7.669,7.676,5
2007-11-19 16:48:00,7.668,7.668,7.664,7.666,6
2007-11-19 16:49:00,7.663,7.666,7.66,7.666,7
2007-11-19 16:50:00,7.668,7.668,7.661,7.661,6
2007-11-19 16:51:00,7.676,7.676,7.666,7.666,11
2007-11-19 16:52:00,7.673,7.678,7.673,7.678,5
2007-11-19 16:53:00,7.681,7.681,7.675,7.675,4
2007-11-19 16:54:00,7.663,7.679,7.663,7.679,16
2007-11-19 16:55:00,7.661,7.671,7.657,7.665,21
2007-11-19 16:56:00,7.661,7.669,7.661,7.663,9
2007-11-19 16:57:00,7.647,7.659,7.647,7.659,10
2007-11-19 16:58:00,7.651,7.652,7.644,7.649,14
2007-11-19 16:59:00,7.648,7.652,7.644,7.647,13
2007-11-19 17:00:00,7.648,7.658,7.646,7.65,19
2007-11-19 17:01:00,7.649,7.653,7.647,7.651,9
2007-11-19 17:02:00,7.662,7.662,7.651,7.651,13
2007-11-19 17:03:00,7.663,7.663,7.657,7.66,9
2007-11-19 17:04:00,7.66,7.663,7.66,7.661,6
2007-11-19 17:05:00,7.659,7.659,7.657,7.657,2
2007-11-19 17:06:00,7.656,7.659,7.648,7.657,16
2007-11-19 17:07:00,7.668,7.671,7.656,7.658,17
2007-11-19 17:08:00,7.665,7.668,7.661,7.666,10
2007-11-19 17:09:00,7.662,7.667,7.66,7.667,10
2007-11-19 17:10:00,7.658,7.66,7.651,7.66,12
2007-11-19 17:11:00,7.66,7.667,7.658,7.66,16
2007-11-19 17:12:00,7.668,7.671,7.662,7.662,7
2007-11-19 17:13:00,7.669,7.672,7.669,7.67,3
2007-11-19 17:14:00,7.671,7.671,7.666,7.668,5
2007-11-19 17:15:00,7.683,7.685,7.669,7.669,11
2007-11-19 17:16:00,7.701,7.705,7.683,7.685,27
2007-11-19 17:17:00,7.702,7.71,7.695,7.703,22
2007-11-19 17:18:00,7.696,7.7,7.696,7.7,5
2007-11-19 17:19:00,7.694,7.696,7.692,7.694,7
2007-11-19 17:20:00,7.693,7.696,7.69,7.692,8
2007-11-19 17:21:00,7.702,7.703,7.693,7.695,14
2007-11-19 17:22:00,7.696,7.704,7.692,7.7,14
2007-11-19 17:23:00,7.698,7.698,7.693,7.694,6
2007-11-19 17:24:00,7.689,7.696,7.689,7.696,6
2007-11-19 17:25:00,7.677,7.689,7.676,7.687,15
2007-11-19 17:26:00,7.683,7.688,7.667,7.676,31
2007-11-19 17:27:00,7.691,7.691,7.681,7.681,10
2007-11-19 17:28:00,7.692,7.696,7.692,7.693,4
2007-11-19 17:29:00,7.69,7.695,7.69,7.695,5
2007-11-19 17:30:00,7.688,7.692,7.684,7.692,8
2007-11-19 17:31:00,7.687,7.687,7.684,7.684,4
2007-11-19 17:32:00,7.687,7.687,7.684,7.684,2
2007-11-19 17:33:00,7.684,7.687,7.682,7.685,5
2007-11-19 17:34:00,7.679,7.683,7.677,7.682,8
2007-11-19 17:35:00,7.673,7.677,7.67,7.677,6
2007-11-19 17:36:00,7.668,7.671,7.665,7.669,9
2007-11-19 17:37:00,7.669,7.669,7.665,7.665,3
2007-11-19 17:38:00,7.667,7.669,7.667,7.667,3
2007-11-19 17:39:00,7.654,7.667,7.654,7.664,11
2007-11-19 17:40:00,7.664,7.666,7.656,7.656,6
2007-11-19 17:41:00,7.666,7.667,7.658,7.666,9
2007-11-19 17:42:00,7.676,7.676,7.669,7.669,4
2007-11-19 17:43:00,7.68,7.686,7.678,7.679,11
2007-11-19 17:44:00,7.685,7.685,7.677,7.677,12
2007-11-19 17:45:00,7.685,7.685,7.683,7.683,2
2007-11-19 17:46:00,7.682,7.686,7.677,7.683,12
2007-11-19 17:47:00,7.68,7.684,7.678,7.684,4
2007-11-19 17:48:00,7.682,7.684,7.682,7.684,2
2007-11-19 17:49:00,7.68,7.68,7.676,7.68,5
2007-11-19 17:50:00,7.678,7.682,7.678,7.682,4
2007-11-19 17:51:00,7.68,7.68,7.68,7.68,1
2007-11-19 17:52:00,7.679,7.682,7.677,7.677,6
2007-11-19 17:53:00,7.677,7.681,7.676,7.681,9
2007-11-19 17:54:00,7.679,7.679,7.679,7.679,1
2007-11-19 17:55:00,7.672,7.676,7.672,7.676,2
2007-11-19 17:56:00,7.674,7.674,7.67,7.674,4
2007-11-19 17:57:00,7.672,7.674,7.668,7.672,8
2007-11-19 17:58:00,7.674,7.674,7.674,7.674,1
2007-11-19 17:59:00,7.677,7.677,7.675,7.677,3
2007-11-19 18:00:00,7.678,7.678,7.673,7.673,5
2007-11-19 18:01:00,7.678,7.678,7.676,7.676,2
2007-11-19 18:02:00,7.677,7.677,7.674,7.676,3
2007-11-19 18:03:00,7.667,7.675,7.667,7.675,4
2007-11-19 18:04:00,7.669,7.67,7.667,7.67,3
2007-11-19 18:05:00,7.667,7.667,7.667,7.667,1
2007-11-19 18:06:00,7.667,7.669,7.661,7.663,13
2007-11-19 18:07:00,7.667,7.669,7.664,7.665,7
2007-11-19 18:08:00,7.667,7.669,7.667,7.669,2
2007-11-19 18:09:00,7.664,7.664,7.663,7.664,3
2007-11-19 18:10:00,7.666,7.668,7.666,7.666,3
2007-11-19 18:11:00,7.658,7.664,7.658,7.664,11
2007-11-19 18:12:00,7.653,7.656,7.648,7.656,7
2007-11-19 18:13:00,7.658,7.658,7.647,7.651,9
2007-11-19 18:14:00,7.655,7.663,7.653,7.656,17
2007-11-19 18:15:00,7.651,7.655,7.649,7.653,12
2007-11-19 18:16:00,7.658,7.658,7.653,7.653,3
2007-11-19 18:17:00,7.66,7.66,7.654,7.66,8
2007-11-19 18:18:00,7.663,7.663,7.656,7.658,5
2007-11-19 18:19:00,7.667,7.671,7.665,7.665,6
2007-11-19 18:20:00,7.665,7.665,7.665,7.665,1
2007-11-19 18:21:00,7.663,7.663,7.663,7.663,1
2007-11-19 18:22:00,7.658,7.665,7.655,7.665,8
2007-11-19 18:23:00,7.657,7.663,7.654,7.654,12
2007-11-19 18:24:00,7.657,7.657,7.649,7.653,18
2007-11-19 18:25:00,7.648,7.656,7.641,7.654,19
2007-11-19 18:26:00,7.643,7.653,7.64,7.651,13
2007-11-19 18:27:00,7.647,7.649,7.641,7.641,12
2007-11-19 18:28:00,7.644,7.645,7.64,7.645,8
2007-11-19 18:29:00,7.641,7.644,7.639,7.642,16
2007-11-19 18:30:00,7.644,7.646,7.639,7.646,8
2007-11-19 18:31:00,7.647,7.652,7.646,7.646,7
2007-11-19 18:32:00,7.641,7.647,7.641,7.645,7
2007-11-19 18:33:00,7.647,7.647,7.643,7.643,5
2007-11-19 18:34:00,7.644,7.648,7.639,7.645,13
2007-11-19 18:35:00,7.641,7.646,7.641,7.646,4
2007-11-19 18:36:00,7.639,7.639,7.635,7.638,4
2007-11-19 18:37:00,7.644,7.647,7.637,7.637,20
2007-11-19 18:38:00,7.657,7.66,7.646,7.646,27
2007-11-19 18:39:00,7.644,7.655,7.644,7.655,10
2007-11-19 18:40:00,7.652,7.652,7.644,7.646,5
2007-11-19 18:41:00,7.644,7.65,7.644,7.65,4
2007-11-19 18:42:00,7.642,7.646,7.642,7.646,3
2007-11-19 18:43:00,7.64,7.64,7.64,7.64,1
2007-11-19 18:44:00,7.63,7.638,7.624,7.638,14
2007-11-19 18:45:00,7.641,7.642,7.63,7.632,10
2007-11-19 18:46:00,7.64,7.644,7.639,7.639,7
2007-11-19 18:47:00,7.631,7.638,7.629,7.638,20
2007-11-19 18:48:00,7.626,7.633,7.626,7.633,7
2007-11-19 18:49:00,7.617,7.629,7.613,7.629,43
2007-11-19 18:50:00,7.629,7.633,7.619,7.619,28
2007-11-19 18:51:00,7.628,7.632,7.625,7.627,17
2007-11-19 18:52:00,7.619,7.631,7.619,7.631,13
2007-11-19 18:53:00,7.604,7.617,7.592,7.617,37
2007-11-19 18:54:00,7.607,7.609,7.6,7.602,27
2007-11-19 18:55:00,7.596,7.609,7.595,7.609,14
2007-11-19 18:56:00,7.593,7.607,7.593,7.599,16
2007-11-19 18:57:00,7.587,7.596,7.581,7.596,21
2007-11-19 18:58:00,7.593,7.596,7.587,7.589,17
2007-11-19 18:59:00,7.592,7.592,7.586,7.591,14
2007-11-19 19:00:00,7.6,7.6,7.592,7.594,10
2007-11-19 19:01:00,7.597,7.601,7.595,7.598,12
2007-11-19 19:02:00,7.598,7.6,7.593,7.595,16
2007-11-19 19:03:00,7.616,7.62,7.6,7.6,32
2007-11-19 19:04:00,7.619,7.62,7.617,7.618,4
2007-11-19 19:05:00,7.601,7.616,7.597,7.616,23
2007-11-19 19:06:00,7.615,7.615,7.599,7.599,9
2007-11-19 19:07:00,7.614,7.618,7.614,7.617,5
2007-11-19 19:08:00,7.603,7.612,7.603,7.612,5
2007-11-19 19:09:00,7.586,7.603,7.586,7.601,20
2007-11-19 19:10:00,7.575,7.593,7.569,7.588,33
2007-11-19 19:11:00,7.567,7.577,7.561,7.577,21
2007-11-19 19:12:00,7.579,7.581,7.569,7.569,15
2007-11-19 19:13:00,7.581,7.585,7.581,7.581,7
2007-11-19 19:14:00,7.585,7.585,7.583,7.583,2
2007-11-19 19:15:00,7.592,7.596,7.587,7.587,14
2007-11-19 19:16:00,7.59,7.592,7.59,7.59,3
2007-11-19 19:17:00,7.594,7.596,7.59,7.592,8
2007-11-19 19:18:00,7.571,7.592,7.569,7.592,25
2007-11-19 19:19:00,7.591,7.591,7.573,7.573,18
2007-11-19 19:20:00,7.574,7.592,7.574,7.592,16
2007-11-19 19:21:00,7.571,7.577,7.569,7.576,13
2007-11-19 19:22:00,7.569,7.579,7.563,7.574,24
2007-11-19 19:23:00,7.575,7.575,7.569,7.571,9
2007-11-19 19:24:00,7.582,7.582,7.574,7.577,8
2007-11-19 19:25:00,7.58,7.58,7.578,7.58,3
2007-11-19 19:26:00,7.581,7.583,7.578,7.578,6
2007-11-19 19:27:00,7.585,7.585,7.583,7.583,2
2007-11-19 19:28:00,7.587,7.593,7.581,7.583,31
2007-11-19 19:29:00,7.589,7.595,7.585,7.589,16
2007-11-19 19:30:00,7.587,7.589,7.587,7.587,3
2007-11-19 19:31:00,7.586,7.586,7.578,7.585,12
2007-11-19 19:32:00,7.584,7.584,7.584,7.584,1
2007-11-19 19:33:00,7.581,7.581,7.581,7.581,1
2007-11-19 19:34:00,7.578,7.578,7.578,7.578,1
2007-11-19 19:35:00,7.579,7.581,7.579,7.581,4
2007-11-19 19:36:00,7.583,7.583,7.581,7.581,2
2007-11-19 19:37:00,7.585,7.585,7.585,7.585,1
2007-11-19 19:38:00,7.585,7.585,7.583,7.583,2
2007-11-19 19:39:00,7.583,7.583,7.581,7.583,3
2007-11-19 19:40:00,7.58,7.58,7.58,7.58,1
2007-11-19 19:41:00,7.577,7.577,7.577,7.577,1
2007-11-19 19:42:00,7.574,7.574,7.574,7.574,1
2007-11-19 19:43:00,7.572,7.572,7.572,7.572,1
2007-11-19 19:44:00,7.576,7.576,7.574,7.574,2
2007-11-19 19:46:00,7.564,7.574,7.564,7.574,6
2007-11-19 19:47:00,7.567,7.567,7.567,7.567,1
2007-11-19 19:48:00,7.571,7.571,7.569,7.569,2
2007-11-19 19:53:00,7.568,7.572,7.568,7.57,5
2007-11-19 19:54:00,7.572,7.572,7.572,7.572,1
2007-11-19 19:57:00,7.575,7.575,7.575,7.575,1
2007-11-19 20:00:00,7.579,7.579,7.576,7.576,3
2007-11-19 20:01:00,7.581,7.584,7.581,7.581,3
2007-11-19 20:02:00,7.591,7.591,7.591,7.591,1
2007-11-19 20:03:00,7.583,7.585,7.582,7.582,3
2007-11-19 20:05:00,7.585,7.585,7.585,7.585,1
2007-11-19 20:06:00,7.583,7.585,7.583,7.583,3
2007-11-19 20:07:00,7.579,7.579,7.579,7.579,1
2007-11-19 20:08:00,7.581,7.581,7.579,7.581,3
2007-11-19 20:10:00,7.587,7.587,7.582,7.582,3
2007-11-19 20:14:00,7.588,7.588,7.588,7.588,1
2007-11-19 20:21:00,7.587,7.587,7.583,7.583,2
2007-11-19 20:22:00,7.581,7.581,7.581,7.581,1
2007-11-19 20:24:00,7.583,7.587,7.583,7.587,2
2007-11-19 20:27:00,7.59,7.59,7.59,7.59,1
2007-11-19 20:31:00,7.591,7.591,7.591,7.591,1
2007-11-19 20:32:00,7.594,7.594,7.594,7.594,1
2007-11-19 20:39:00,7.592,7.592,7.592,7.592,1
2007-11-19 20:40:00,7.583,7.583,7.583,7.583,1
2007-11-19 20:41:00,7.596,7.596,7.592,7.592,2
2007-11-19 20:42:00,7.585,7.587,7.585,7.587,2
2007-11-19 20:43:00,7.583,7.583,7.583,7.583,1
2007-11-19 20:44:00,7.581,7.581,7.581,7.581,1
2007-11-19 20:45:00,7.582,7.582,7.576,7.576,2
2007-11-19 20:51:00,7.576,7.576,7.576,7.576,1
2007-11-19 20:53:00,7.569,7.575,7.569,7.573,5
2007-11-19 20:54:00,7.569,7.573,7.569,7.57,5
2007-11-19 20:56:00,7.571,7.571,7.571,7.571,1
2007-11-19 20:58:00,7.572,7.572,7.561,7.569,8
2007-11-19 20:59:00,7.572,7.572,7.57,7.57,2
2007-11-19 21:00:00,7.572,7.572,7.569,7.569,6
2007-11-19 21:01:00,7.563,7.57,7.563,7.57,3
2007-11-19 21:06:00,7.564,7.564,7.564,7.564,1
2007-11-19 21:07:00,7.568,7.568,7.568,7.568,1
2007-11-19 21:08:00,7.563,7.563,7.563,7.563,1
2007-11-19 21:09:00,7.573,7.573,7.573,7.573,1
2007-11-19 21:10:00,7.567,7.567,7.567,7.567,1
2007-11-19 21:12:00,7.573,7.573,7.571,7.571,2
2007-11-19 21:14:00,7.582,7.582,7.582,7.582,1
2007-11-19 21:15:00,7.579,7.579,7.579,7.579,1
2007-11-19 21:17:00,7.584,7.586,7.584,7.586,2
2007-11-19 21:20:00,7.587,7.587,7.587,7.587,1
2007-11-19 21:22:00,7.587,7.587,7.585,7.585,2
2007-11-19 21:24:00,7.586,7.586,7.586,7.586,1
2007-11-19 21:27:00,7.589,7.589,7.587,7.587,2
2007-11-19 21:36:00,7.584,7.584,7.584,7.584,1
2007-11-19 21:43:00,7.588,7.588,7.588,7.588,1
2007-11-19 21:51:00,7.58,7.58,7.58,7.58,1
2007-11-19 21:53:00,7.573,7.575,7.573,7.575,2
2007-11-19 21:54:00,7.559,7.571,7.559,7.565,3
2007-11-19 21:55:00,7.556,7.556,7.556,7.556,1
2007-11-19 21:59:00,7.563,7.563,7.563,7.563,1
2007-11-19 22:04:00,7.55,7.559,7.55,7.556,6
2007-11-19 22:06:00,7.561,7.561,7.561,7.561,1
2007-11-19 22:13:00,7.549,7.551,7.549,7.551,2
2007-11-19 23:01:00,7.558,7.558,7.558,7.558,1
2007-11-19 23:06:00,7.549,7.549,7.549,7.549,1
2007-11-19 23:13:00,7.541,7.541,7.541,7.541,1
2007-11-19 23:24:00,7.538,7.538,7.538,7.538,1
2007-11-19 23:26:00,7.544,7.544,7.544,7.544,1
2007-11-19 23:30:00,7.541,7.541,7.541,7.541,1
2007-11-19 23:34:00,7.531,7.547,7.531,7.547,3
2007-11-19 23:36:00,7.516,7.532,7.509,7.532,7
2007-11-19 23:54:00,7.513,7.513,7.513,7.513,1
2007-11-19 23:57:00,7.52,7.52,7.52,7.52,1
2007-11-20 00:00:00,7.521,7.521,7.521,7.521,1
2007-11-20 00:03:00,7.522,7.522,7.522,7.522,1
2007-11-20 00:07:00,7.534,7.534,7.534,7.534,1
2007-11-20 00:09:00,7.545,7.545,7.536,7.536,2
2007-11-20 00:11:00,7.536,7.536,7.52,7.52,2
2007-11-20 00:14:00,7.517,7.517,7.517,7.517,1
2007-11-20 00:27:00,7.546,7.546,7.546,7.546,1
2007-11-20 00:31:00,7.548,7.548,7.548,7.548,1
2007-11-20 00:37:00,7.517,7.524,7.517,7.524,2
2007-11-20 00:39:00,7.546,7.546,7.546,7.546,1
2007-11-20 00:42:00,7.542,7.542,7.542,7.542,1
2007-11-20 00:46:00,7.547,7.547,7.547,7.547,1
2007-11-20 00:48:00,7.552,7.552,7.552,7.552,1
2007-11-20 00:57:00,7.549,7.549,7.549,7.549,1
2007-11-20 01:00:00,7.547,7.547,7.547,7.547,1
2007-11-20 01:01:00,7.552,7.552,7.552,7.552,1
2007-11-20 01:22:00,7.547,7.547,7.547,7.547,1
2007-11-20 02:11:00,7.55,7.55,7.55,7.55,1
2007-11-20 02:30:00,7.553,7.553,7.551,7.551,2
2007-11-20 02:35:00,7.558,7.558,7.558,7.558,1
2007-11-20 02:54:00,7.557,7.557,7.553,7.553,2
2007-11-20 03:39:00,7.554,7.554,7.554,7.554,1
2007-11-20 04:31:00,7.546,7.546,7.546,7.546,1
2007-11-20 04:40:00,7.55,7.55,7.55,7.55,1
2007-11-20 04:41:00,7.548,7.548,7.548,7.548,1
2007-11-20 04:51:00,7.543,7.543,7.543,7.543,1
2007-11-20 04:53:00,7.54,7.54,7.54,7.54,1
2007-11-20 04:55:00,7.531,7.538,7.531,7.538,2
2007-11-20 04:57:00,7.547,7.547,7.543,7.543,2
2007-11-20 04:58:00,7.535,7.535,7.535,7.535,1
2007-11-20 05:06:00,7.553,7.553,7.553,7.553,1
2007-11-20 05:08:00,7.551,7.551,7.551,7.551,1
2007-11-20 05:10:00,7.546,7.546,7.546,7.546,1
2007-11-20 05:11:00,7.515,7.54,7.515,7.54,7
2007-11-20 05:12:00,7.543,7.543,7.543,7.543,1
2007-11-20 05:18:00,7.54,7.54,7.54,7.54,1
2007-11-20 05:32:00,7.542,7.542,7.542,7.542,1
2007-11-20 06:07:00,7.537,7.537,7.537,7.537,1
2007-11-20 06:08:00,7.538,7.538,7.538,7.538,1
2007-11-20 06:44:00,7.532,7.532,7.532,7.532,1
2007-11-20 06:46:00,7.524,7.53,7.524,7.53,2
2007-11-20 07:19:00,7.523,7.523,7.521,7.521,2
2007-11-20 07:54:00,7.521,7.521,7.521,7.521,1
2007-11-20 07:59:00,7.533,7.533,7.533,7.533,1
2007-11-20 08:13:00,7.529,7.533,7.529,7.529,3
2007-11-20 08:17:00,7.524,7.524,7.524,7.524,1
2007-11-20 09:09:00,7.521,7.521,7.521,7.521,1
2007-11-20 09:10:00,7.525,7.525,7.525,7.525,1
2007-11-20 09:28:00,7.537,7.537,7.53,7.53,2
2007-11-20 09:30:00,7.525,7.525,7.525,7.525,1
2007-11-20 09:32:00,7.53,7.53,7.53,7.53,1
2007-11-20 10:08:00,7.525,7.525,7.525,7.525,1
2007-11-20 10:09:00,7.536,7.536,7.536,7.536,1
2007-11-20 10:10:00,7.538,7.538,7.538,7.538,1
2007-11-20 10:12:00,7.54,7.54,7.54,7.54,1
2007-11-20 10:14:00,7.54,7.54,7.539,7.539,2
2007-11-20 10:15:00,7.538,7.538,7.538,7.538,1
2007-11-20 10:29:00,7.54,7.54,7.54,7.54,1
2007-11-20 10:41:00,7.526,7.536,7.526,7.536,3
2007-11-20 10:45:00,7.517,7.524,7.517,7.524,4
2007-11-20 10:47:00,7.503,7.507,7.503,7.507,2
2007-11-20 10:50:00,7.501,7.516,7.497,7.514,4
2007-11-20 10:51:00,7.497,7.497,7.488,7.49,3
2007-11-20 11:01:00,7.482,7.484,7.482,7.482,3
2007-11-20 11:06:00,7.48,7.48,7.48,7.48,1
2007-11-20 11:07:00,7.469,7.473,7.469,7.473,2
2007-11-20 11:12:00,7.467,7.467,7.467,7.467,1
2007-11-20 11:13:00,7.457,7.458,7.435,7.458,8
2007-11-20 11:20:00,7.461,7.461,7.461,7.461,1
2007-11-20 11:21:00,7.466,7.466,7.459,7.459,4
2007-11-20 11:22:00,7.463,7.463,7.463,7.463,1
2007-11-20 11:29:00,7.477,7.477,7.477,7.477,1
2007-11-20 11:30:00,7.46,7.46,7.46,7.46,1
2007-11-20 11:32:00,7.481,7.481,7.478,7.478,2
2007-11-20 11:41:00,7.47,7.473,7.47,7.473,3
2007-11-20 11:43:00,7.454,7.465,7.454,7.465,3
2007-11-20 11:44:00,7.45,7.457,7.45,7.457,4
2007-11-20 11:45:00,7.454,7.454,7.454,7.454,1
2007-11-20 11:51:00,7.447,7.449,7.447,7.449,2
2007-11-20 11:52:00,7.446,7.446,7.443,7.443,2
2007-11-20 11:54:00,7.448,7.448,7.448,7.448,1
2007-11-20 11:55:00,7.443,7.443,7.443,7.443,1
2007-11-20 11:59:00,7.461,7.461,7.461,7.461,1
2007-11-20 12:03:00,7.44,7.445,7.436,7.445,3
2007-11-20 12:05:00,7.446,7.446,7.446,7.446,1
2007-11-20 12:06:00,7.421,7.44,7.421,7.436,10
2007-11-20 12:07:00,7.42,7.434,7.413,7.434,6
2007-11-20 12:09:00,7.415,7.415,7.415,7.415,1
2007-11-20 12:10:00,7.397,7.403,7.39,7.403,4
2007-11-20 12:11:00,7.42,7.42,7.389,7.389,5
2007-11-20 12:12:00,7.41,7.415,7.41,7.415,2
2007-11-20 12:14:00,7.414,7.42,7.406,7.406,5
2007-11-20 12:15:00,7.413,7.416,7.413,7.416,2
2007-11-20 12:16:00,7.402,7.41,7.402,7.41,5
2007-11-20 12:17:00,7.396,7.396,7.396,7.396,1
2007-11-20 12:18:00,7.401,7.401,7.401,7.401,1
2007-11-20 12:19:00,7.386,7.391,7.386,7.391,2
2007-11-20 12:21:00,7.408,7.408,7.4,7.4,3
2007-11-20 12:22:00,7.422,7.422,7.415,7.415,3
2007-11-20 12:23:00,7.406,7.42,7.406,7.42,4
2007-11-20 12:25:00,7.42,7.42,7.417,7.417,2
2007-11-20 12:27:00,7.429,7.429,7.422,7.422,3
2007-11-20 12:28:00,7.44,7.44,7.433,7.433,3
2007-11-20 12:29:00,7.435,7.435,7.435,7.435,1
2007-11-20 12:31:00,7.43,7.43,7.43,7.43,1
2007-11-20 12:32:00,7.425,7.425,7.423,7.425,3
2007-11-20 12:33:00,7.43,7.43,7.43,7.43,1
2007-11-20 12:34:00,7.427,7.427,7.425,7.425,2
2007-11-20 12:35:00,7.422,7.436,7.422,7.436,3
2007-11-20 12:36:00,7.421,7.421,7.418,7.421,3
2007-11-20 12:37:00,7.423,7.423,7.423,7.423,1
2007-11-20 12:38:00,7.423,7.425,7.423,7.425,2
2007-11-20 12:39:00,7.42,7.42,7.409,7.413,6
2007-11-20 12:40:00,7.42,7.42,7.416,7.416,2
2007-11-20 12:42:00,7.407,7.407,7.407,7.407,1
2007-11-20 12:44:00,7.413,7.413,7.411,7.411,2
2007-11-20 12:46:00,7.42,7.425,7.416,7.416,5
2007-11-20 12:47:00,7.423,7.423,7.423,7.423,1
2007-11-20 12:49:00,7.433,7.437,7.426,7.426,4
2007-11-20 12:50:00,7.435,7.435,7.429,7.435,3
2007-11-20 12:51:00,7.431,7.431,7.429,7.429,2
2007-11-20 12:52:00,7.426,7.429,7.426,7.429,2
2007-11-20 12:53:00,7.411,7.422,7.411,7.422,5
2007-11-20 12:54:00,7.413,7.413,7.413,7.413,1
2007-11-20 12:55:00,7.409,7.409,7.409,7.409,1
2007-11-20 12:56:00,7.416,7.416,7.416,7.416,1
2007-11-20 12:57:00,7.426,7.426,7.418,7.418,3
2007-11-20 12:58:00,7.395,7.425,7.395,7.41,6
2007-11-20 12:59:00,7.394,7.396,7.392,7.392,3
2007-11-20 13:00:00,7.393,7.404,7.39,7.39,9
2007-11-20 13:01:00,7.382,7.391,7.382,7.391,6
2007-11-20 13:02:00,7.39,7.39,7.39,7.39,1
2007-11-20 13:03:00,7.387,7.387,7.387,7.387,1
2007-11-20 13:04:00,7.396,7.396,7.393,7.393,2
2007-11-20 13:06:00,7.382,7.4,7.382,7.4,6
2007-11-20 13:07:00,7.372,7.38,7.368,7.38,17
2007-11-20 13:08:00,7.384,7.384,7.372,7.376,5
2007-11-20 13:09:00,7.375,7.377,7.375,7.377,2
2007-11-20 13:10:00,7.4,7.408,7.374,7.386,21
2007-11-20 13:11:00,7.402,7.403,7.39,7.39,7
2007-11-20 13:12:00,7.404,7.404,7.4,7.4,2
2007-11-20 13:13:00,7.397,7.397,7.397,7.397,1
2007-11-20 13:15:00,7.406,7.406,7.402,7.402,2
2007-11-20 13:16:00,7.41,7.41,7.408,7.408,2
2007-11-20 13:17:00,7.404,7.41,7.404,7.406,4
2007-11-20 13:18:00,7.407,7.407,7.402,7.402,3
2007-11-20 13:19:00,7.402,7.402,7.397,7.402,3
2007-11-20 13:20:00,7.406,7.406,7.401,7.406,3
2007-11-20 13:21:00,7.408,7.408,7.408,7.408,1
2007-11-20 13:22:00,7.398,7.407,7.398,7.404,5
2007-11-20 13:23:00,7.383,7.396,7.383,7.396,8
2007-11-20 13:24:00,7.391,7.391,7.373,7.381,10
2007-11-20 13:25:00,7.401,7.401,7.395,7.395,3
2007-11-20 13:26:00,7.402,7.402,7.399,7.399,2
2007-11-20 13:27:00,7.397,7.4,7.397,7.4,2
2007-11-20 13:28:00,7.397,7.401,7.392,7.392,5
2007-11-20 13:29:00,7.379,7.393,7.379,7.393,6
2007-11-20 13:31:00,7.379,7.381,7.377,7.381,4
2007-11-20 13:32:00,7.387,7.39,7.382,7.386,4
2007-11-20 13:33:00,7.392,7.392,7.389,7.389,2
2007-11-20 13:35:00,7.382,7.388,7.382,7.388,3
2007-11-20 13:36:00,7.388,7.39,7.387,7.387,3
2007-11-20 13:37:00,7.392,7.396,7.389,7.39,8
2007-11-20 13:38:00,7.396,7.396,7.393,7.395,3
2007-11-20 13:39:00,7.397,7.397,7.393,7.393,2
2007-11-20 13:41:00,7.392,7.392,7.392,7.392,1
2007-11-20 13:42:00,7.392,7.394,7.392,7.394,2
2007-11-20 13:43:00,7.39,7.395,7.39,7.395,2
2007-11-20 13:44:00,7.399,7.399,7.395,7.395,3
2007-11-20 13:45:00,7.392,7.392,7.392,7.392,1
2007-11-20 13:46:00,7.402,7.402,7.394,7.394,4
2007-11-20 13:47:00,7.4,7.407,7.4,7.405,3
2007-11-20 13:48:00,7.407,7.407,7.407,7.407,1
2007-11-20 13:49:00,7.409,7.411,7.409,7.409,3
2007-11-20 13:50:00,7.406,7.412,7.406,7.412,3
2007-11-20 13:51:00,7.407,7.407,7.404,7.404,2
2007-11-20 13:52:00,7.407,7.413,7.407,7.409,7
2007-11-20 13:53:00,7.399,7.41,7.399,7.41,4
2007-11-20 13:54:00,7.404,7.406,7.399,7.404,7
2007-11-20 13:55:00,7.398,7.402,7.398,7.402,3
2007-11-20 13:56:00,7.41,7.41,7.402,7.402,4
2007-11-20 13:57:00,7.409,7.409,7.405,7.405,3
2007-11-20 13:58:00,7.411,7.415,7.411,7.412,3
2007-11-20 13:59:00,7.416,7.416,7.409,7.409,5
2007-11-20 14:00:00,7.421,7.422,7.409,7.414,42
2007-11-20 14:01:00,7.423,7.424,7.419,7.419,17
2007-11-20 14:02:00,7.415,7.429,7.415,7.425,26
2007-11-20 14:03:00,7.415,7.416,7.413,7.413,8
2007-11-20 14:04:00,7.421,7.421,7.414,7.417,12
2007-11-20 14:05:00,7.443,7.443,7.423,7.423,35
2007-11-20 14:06:00,7.44,7.449,7.436,7.441,41
2007-11-20 14:07:00,7.441,7.444,7.437,7.442,13
2007-11-20 14:08:00,7.437,7.446,7.436,7.437,12
2007-11-20 14:09:00,7.433,7.441,7.432,7.441,9
2007-11-20 14:10:00,7.436,7.437,7.431,7.435,13
2007-11-20 14:11:00,7.422,7.434,7.421,7.434,22
2007-11-20 14:12:00,7.428,7.428,7.417,7.42,16
2007-11-20 14:13:00,7.43,7.43,7.43,7.43,1
2007-11-20 14:14:00,7.423,7.432,7.423,7.428,7
2007-11-20 14:15:00,7.415,7.426,7.415,7.421,25
2007-11-20 14:16:00,7.417,7.42,7.414,7.417,8
2007-11-20 14:17:00,7.42,7.421,7.413,7.415,13
2007-11-20 14:18:00,7.424,7.425,7.417,7.417,8
2007-11-20 14:19:00,7.431,7.431,7.426,7.426,7
2007-11-20 14:20:00,7.427,7.431,7.427,7.429,4
2007-11-20 14:21:00,7.428,7.43,7.428,7.43,6
2007-11-20 14:22:00,7.419,7.429,7.419,7.426,16
2007-11-20 14:23:00,7.422,7.428,7.421,7.421,9
2007-11-20 14:24:00,7.43,7.43,7.424,7.424,11
2007-11-20 14:25:00,7.426,7.43,7.424,7.428,6
2007-11-20 14:26:00,7.415,7.425,7.415,7.423,6
2007-11-20 14:27:00,7.42,7.426,7.417,7.417,10
2007-11-20 14:28:00,7.422,7.422,7.42,7.422,5
2007-11-20 14:29:00,7.42,7.424,7.42,7.424,3
2007-11-20 14:30:00,7.417,7.418,7.413,7.418,5
2007-11-20 14:31:00,7.424,7.426,7.415,7.415,11
2007-11-20 14:32:00,7.421,7.424,7.419,7.422,13
2007-11-20 14:33:00,7.424,7.424,7.415,7.419,14
2007-11-20 14:34:00,7.427,7.427,7.419,7.427,9
2007-11-20 14:35:00,7.438,7.438,7.429,7.429,9
2007-11-20 14:36:00,7.439,7.44,7.434,7.436,11
2007-11-20 14:37:00,7.439,7.439,7.432,7.437,7
2007-11-20 14:38:00,7.442,7.442,7.44,7.442,3
2007-11-20 14:39:00,7.459,7.461,7.444,7.444,21
2007-11-20 14:40:00,7.452,7.458,7.45,7.458,10
2007-11-20 14:41:00,7.45,7.454,7.45,7.45,7
2007-11-20 14:42:00,7.446,7.454,7.446,7.452,13
2007-11-20 14:43:00,7.433,7.448,7.433,7.448,16
2007-11-20 14:44:00,7.433,7.433,7.426,7.431,14
2007-11-20 14:45:00,7.429,7.431,7.421,7.431,12
2007-11-20 14:46:00,7.433,7.433,7.429,7.431,3
2007-11-20 14:47:00,7.433,7.433,7.431,7.431,2
2007-11-20 14:48:00,7.43,7.43,7.43,7.43,1
2007-11-20 14:49:00,7.432,7.434,7.432,7.432,3
2007-11-20 14:50:00,7.431,7.436,7.431,7.434,4
2007-11-20 14:51:00,7.433,7.433,7.433,7.433,1
2007-11-20 14:52:00,7.43,7.435,7.43,7.435,5
2007-11-20 14:53:00,7.427,7.429,7.426,7.428,4
2007-11-20 14:54:00,7.425,7.426,7.423,7.425,5
2007-11-20 14:55:00,7.426,7.426,7.423,7.423,4
2007-11-20 14:56:00,7.432,7.432,7.423,7.423,9
2007-11-20 14:57:00,7.428,7.434,7.428,7.434,4
2007-11-20 14:58:00,7.422,7.435,7.422,7.43,16
2007-11-20 14:59:00,7.422,7.424,7.42,7.42,4
2007-11-20 15:00:00,7.418,7.424,7.418,7.424,4
2007-11-20 15:01:00,7.426,7.426,7.42,7.42,5
2007-11-20 15:02:00,7.422,7.424,7.422,7.424,2
2007-11-20 15:03:00,7.417,7.423,7.415,7.419,10
2007-11-20 15:04:00,7.414,7.418,7.413,7.413,4
2007-11-20 15:05:00,7.403,7.412,7.399,7.412,30
2007-11-20 15:06:00,7.403,7.405,7.401,7.405,6
2007-11-20 15:07:00,7.414,7.417,7.403,7.405,30
2007-11-20 15:08:00,7.407,7.412,7.407,7.412,3
2007-11-20 15:09:00,7.404,7.408,7.404,7.405,5
2007-11-20 15:10:00,7.4,7.402,7.394,7.402,18
2007-11-20 15:11:00,7.398,7.4,7.394,7.396,17
2007-11-20 15:12:00,7.394,7.401,7.394,7.4,7
2007-11-20 15:13:00,7.399,7.399,7.395,7.395,8
2007-11-20 15:14:00,7.398,7.401,7.396,7.401,6
2007-11-20 15:15:00,7.398,7.398,7.395,7.397,4
2007-11-20 15:16:00,7.401,7.401,7.398,7.4,4
2007-11-20 15:17:00,7.401,7.401,7.399,7.399,2
2007-11-20 15:18:00,7.399,7.403,7.395,7.403,15
2007-11-20 15:19:00,7.395,7.4,7.393,7.4,9
2007-11-20 15:20:00,7.4,7.4,7.393,7.393,8
2007-11-20 15:21:00,7.398,7.4,7.396,7.398,5
2007-11-20 15:22:00,7.399,7.399,7.396,7.396,2
2007-11-20 15:23:00,7.395,7.401,7.395,7.401,4
2007-11-20 15:24:00,7.395,7.399,7.39,7.399,13
2007-11-20 15:25:00,7.392,7.397,7.392,7.397,6
2007-11-20 15:26:00,7.399,7.399,7.39,7.39,12
2007-11-20 15:27:00,7.402,7.404,7.402,7.402,5
2007-11-20 15:28:00,7.401,7.404,7.401,7.404,2
2007-11-20 15:29:00,7.399,7.403,7.398,7.399,8
2007-11-20 15:30:00,7.402,7.402,7.395,7.397,7
2007-11-20 15:31:00,7.404,7.408,7.4,7.404,12
2007-11-20 15:32:00,7.407,7.408,7.399,7.406,10
2007-11-20 15:33:00,7.41,7.412,7.404,7.404,8
2007-11-20 15:34:00,7.409,7.41,7.407,7.409,7
2007-11-20 15:35:00,7.41,7.41,7.407,7.41,3
2007-11-20 15:36:00,7.41,7.414,7.409,7.409,7
2007-11-20 15:37:00,7.403,7.409,7.403,7.409,4
2007-11-20 15:38:00,7.399,7.401,7.399,7.401,2
2007-11-20 15:39:00,7.397,7.399,7.396,7.396,3
2007-11-20 15:40:00,7.401,7.401,7.399,7.401,3
2007-11-20 15:41:00,7.397,7.401,7.397,7.399,4
2007-11-20 15:42:00,7.399,7.399,7.396,7.399,3
2007-11-20 15:43:00,7.393,7.398,7.393,7.397,5
2007-11-20 15:44:00,7.392,7.395,7.392,7.395,2
2007-11-20 15:45:00,7.398,7.4,7.39,7.39,6
2007-11-20 15:46:00,7.4,7.4,7.395,7.395,4
2007-11-20 15:47:00,7.41,7.412,7.4,7.402,11
2007-11-20 15:48:00,7.411,7.415,7.409,7.412,12
2007-11-20 15:49:00,7.412,7.412,7.407,7.407,3
2007-11-20 15:50:00,7.412,7.414,7.404,7.414,9
2007-11-20 15:51:00,7.424,7.424,7.414,7.414,24
2007-11-20 15:52:00,7.423,7.423,7.42,7.422,3
2007-11-20 15:53:00,7.421,7.423,7.415,7.421,9
2007-11-20 15:54:00,7.419,7.423,7.419,7.423,3
2007-11-20 15:55:00,7.413,7.422,7.411,7.421,10
2007-11-20 15:56:00,7.411,7.411,7.409,7.411,3
2007-11-20 15:57:00,7.406,7.41,7.406,7.409,10
2007-11-20 15:58:00,7.401,7.404,7.4,7.404,5
2007-11-20 15:59:00,7.393,7.408,7.391,7.403,21
2007-11-20 16:00:00,7.392,7.405,7.392,7.396,18
2007-11-20 16:01:00,7.396,7.396,7.392,7.394,8
2007-11-20 16:02:00,7.394,7.396,7.392,7.393,7
2007-11-20 16:03:00,7.388,7.393,7.386,7.391,9
2007-11-20 16:04:00,7.389,7.391,7.375,7.386,39
2007-11-20 16:05:00,7.389,7.39,7.385,7.387,10
2007-11-20 16:06:00,7.389,7.389,7.386,7.387,4
2007-11-20 16:07:00,7.391,7.391,7.388,7.391,7
2007-11-20 16:08:00,7.39,7.39,7.387,7.389,4
2007-11-20 16:09:00,7.395,7.397,7.389,7.393,8
2007-11-20 16:10:00,7.4,7.4,7.39,7.393,18
2007-11-20 16:11:00,7.403,7.405,7.401,7.403,5
2007-11-20 16:12:00,7.405,7.405,7.398,7.4,6
2007-11-20 16:13:00,7.4,7.403,7.4,7.403,2
2007-11-20 16:14:00,7.398,7.4,7.398,7.398,3
2007-11-20 16:15:00,7.401,7.401,7.393,7.396,12
2007-11-20 16:16:00,7.397,7.399,7.397,7.399,2
2007-11-20 16:17:00,7.393,7.397,7.393,7.395,8
2007-11-20 16:18:00,7.412,7.416,7.394,7.394,24
2007-11-20 16:19:00,7.408,7.41,7.402,7.41,10
2007-11-20 16:20:00,7.409,7.41,7.405,7.406,10
2007-11-20 16:21:00,7.411,7.412,7.406,7.412,6
2007-11-20 16:22:00,7.412,7.414,7.405,7.409,12
2007-11-20 16:23:00,7.415,7.422,7.412,7.414,15
2007-11-20 16:24:00,7.408,7.418,7.408,7.418,8
2007-11-20 16:25:00,7.413,7.413,7.406,7.406,4
2007-11-20 16:26:00,7.411,7.419,7.411,7.415,13
2007-11-20 16:27:00,7.409,7.411,7.407,7.409,7
2007-11-20 16:28:00,7.404,7.409,7.401,7.407,14
2007-11-20 16:29:00,7.409,7.41,7.4,7.402,18
2007-11-20 16:30:00,7.407,7.407,7.405,7.407,3
2007-11-20 16:31:00,7.403,7.405,7.401,7.405,4
2007-11-20 16:32:00,7.404,7.404,7.399,7.401,4
2007-11-20 16:33:00,7.4,7.402,7.4,7.402,2
2007-11-20 16:34:00,7.398,7.402,7.398,7.402,3
2007-11-20 16:35:00,7.404,7.404,7.4,7.4,2
2007-11-20 16:36:00,7.393,7.402,7.393,7.402,11
2007-11-20 16:37:00,7.391,7.392,7.38,7.391,24
2007-11-20 16:38:00,7.389,7.393,7.389,7.389,7
2007-11-20 16:39:00,7.39,7.39,7.387,7.387,4
2007-11-20 16:40:00,7.378,7.388,7.371,7.388,22
2007-11-20 16:41:00,7.38,7.387,7.378,7.38,20
2007-11-20 16:42:00,7.374,7.383,7.369,7.378,40
2007-11-20 16:43:00,7.384,7.388,7.376,7.376,11
2007-11-20 16:44:00,7.378,7.387,7.377,7.387,8
2007-11-20 16:45:00,7.379,7.381,7.376,7.376,4
2007-11-20 16:46:00,7.389,7.391,7.377,7.377,23
2007-11-20 16:47:00,7.387,7.389,7.383,7.387,6
2007-11-20 16:48:00,7.388,7.39,7.382,7.385,10
2007-11-20 16:49:00,7.384,7.386,7.382,7.386,4
2007-11-20 16:50:00,7.388,7.388,7.383,7.386,4
2007-11-20 16:51:00,7.385,7.385,7.385,7.385,1
2007-11-20 16:52:00,7.385,7.387,7.385,7.387,2
2007-11-20 16:53:00,7.381,7.387,7.381,7.387,6
2007-11-20 16:54:00,7.37,7.382,7.368,7.379,18
2007-11-20 16:55:00,7.365,7.37,7.36,7.368,34
2007-11-20 16:56:00,7.369,7.371,7.361,7.363,23
2007-11-20 16:57:00,7.381,7.381,7.366,7.366,22
2007-11-20 16:58:00,7.37,7.383,7.367,7.383,16
2007-11-20 16:59:00,7.375,7.375,7.367,7.372,12
2007-11-20 17:00:00,7.375,7.379,7.371,7.377,17
2007-11-20 17:01:00,7.368,7.375,7.366,7.373,9
2007-11-20 17:02:00,7.371,7.372,7.364,7.366,16
2007-11-20 17:03:00,7.375,7.375,7.368,7.373,7
2007-11-20 17:04:00,7.38,7.38,7.373,7.377,8
2007-11-20 17:05:00,7.376,7.382,7.376,7.382,12
2007-11-20 17:06:00,7.379,7.384,7.378,7.379,9
2007-11-20 17:07:00,7.378,7.381,7.376,7.377,8
2007-11-20 17:08:00,7.371,7.373,7.371,7.373,2
2007-11-20 17:09:00,7.373,7.375,7.37,7.374,6
2007-11-20 17:10:00,7.373,7.375,7.37,7.37,7
2007-11-20 17:11:00,7.381,7.381,7.376,7.376,5
2007-11-20 17:12:00,7.386,7.387,7.377,7.377,10
2007-11-20 17:13:00,7.386,7.387,7.386,7.387,4
2007-11-20 17:14:00,7.381,7.384,7.376,7.384,9
2007-11-20 17:15:00,7.376,7.384,7.375,7.384,8
2007-11-20 17:16:00,7.376,7.38,7.374,7.378,6
2007-11-20 17:17:00,7.371,7.378,7.371,7.378,4
2007-11-20 17:18:00,7.375,7.375,7.373,7.373,2
2007-11-20 17:19:00,7.38,7.38,7.377,7.377,2
2007-11-20 17:20:00,7.378,7.386,7.376,7.382,16
2007-11-20 17:21:00,7.376,7.38,7.37,7.376,13
2007-11-20 17:22:00,7.379,7.383,7.376,7.378,18
2007-11-20 17:23:00,7.392,7.394,7.383,7.383,9
2007-11-20 17:24:00,7.394,7.401,7.392,7.394,37
2007-11-20 17:25:00,7.403,7.411,7.395,7.395,16
2007-11-20 17:26:00,7.401,7.408,7.399,7.401,22
2007-11-20 17:27:00,7.399,7.399,7.399,7.399,1
2007-11-20 17:28:00,7.397,7.397,7.396,7.397,3
2007-11-20 17:29:00,7.384,7.396,7.382,7.396,10
2007-11-20 17:30:00,7.38,7.382,7.374,7.382,12
2007-11-20 17:31:00,7.38,7.382,7.376,7.378,6
2007-11-20 17:32:00,7.381,7.383,7.381,7.383,2
2007-11-20 17:33:00,7.38,7.384,7.38,7.384,3
2007-11-20 17:34:00,7.378,7.38,7.378,7.378,3
2007-11-20 17:35:00,7.375,7.375,7.375,7.375,1
2007-11-20 17:36:00,7.373,7.377,7.373,7.377,8
2007-11-20 17:37:00,7.375,7.375,7.375,7.375,1
2007-11-20 17:38:00,7.367,7.374,7.367,7.372,5
2007-11-20 17:39:00,7.375,7.377,7.364,7.364,14
2007-11-20 17:40:00,7.374,7.374,7.369,7.373,5
2007-11-20 17:41:00,7.369,7.371,7.365,7.371,14
2007-11-20 17:42:00,7.365,7.371,7.365,7.371,3
2007-11-20 17:43:00,7.364,7.369,7.364,7.369,3
2007-11-20 17:44:00,7.372,7.372,7.366,7.366,5
2007-11-20 17:45:00,7.373,7.375,7.373,7.375,2
2007-11-20 17:46:00,7.366,7.375,7.364,7.371,14
2007-11-20 17:47:00,7.364,7.366,7.364,7.364,3
2007-11-20 17:48:00,7.363,7.367,7.363,7.366,7
2007-11-20 17:49:00,7.36,7.365,7.358,7.365,9
2007-11-20 17:50:00,7.348,7.362,7.347,7.362,28
2007-11-20 17:51:00,7.352,7.354,7.344,7.346,32
2007-11-20 17:52:00,7.357,7.358,7.348,7.348,9
2007-11-20 17:53:00,7.359,7.359,7.355,7.355,5
2007-11-20 17:54:00,7.362,7.362,7.359,7.361,7
2007-11-20 17:55:00,7.357,7.36,7.357,7.36,4
2007-11-20 17:56:00,7.357,7.357,7.355,7.355,2
2007-11-20 17:57:00,7.359,7.361,7.355,7.355,4
2007-11-20 17:58:00,7.357,7.357,7.357,7.357,1
2007-11-20 17:59:00,7.361,7.361,7.359,7.359,2
2007-11-20 18:00:00,7.358,7.364,7.358,7.364,4
2007-11-20 18:01:00,7.353,7.356,7.351,7.355,13
2007-11-20 18:02:00,7.353,7.357,7.349,7.351,19
2007-11-20 18:03:00,7.357,7.357,7.353,7.355,4
2007-11-20 18:04:00,7.347,7.354,7.347,7.354,4
2007-11-20 18:05:00,7.346,7.349,7.342,7.345,22
2007-11-20 18:06:00,7.337,7.343,7.336,7.343,18
2007-11-20 18:07:00,7.339,7.339,7.337,7.339,3
2007-11-20 18:08:00,7.341,7.345,7.339,7.341,9
2007-11-20 18:09:00,7.339,7.344,7.337,7.339,7
2007-11-20 18:10:00,7.339,7.339,7.336,7.338,6
2007-11-20 18:11:00,7.335,7.338,7.33,7.338,30
2007-11-20 18:12:00,7.339,7.339,7.335,7.337,4
2007-11-20 18:13:00,7.334,7.336,7.332,7.336,4
2007-11-20 18:14:00,7.325,7.332,7.325,7.332,10
2007-11-20 18:15:00,7.334,7.338,7.326,7.328,21
2007-11-20 18:16:00,7.337,7.341,7.337,7.337,4
2007-11-20 18:17:00,7.335,7.335,7.335,7.335,1
2007-11-20 18:18:00,7.337,7.337,7.337,7.337,1
2007-11-20 18:19:00,7.34,7.34,7.335,7.335,3
2007-11-20 18:20:00,7.35,7.356,7.336,7.336,23
2007-11-20 18:21:00,7.352,7.36,7.348,7.352,28
2007-11-20 18:22:00,7.346,7.35,7.344,7.35,7
2007-11-20 18:23:00,7.351,7.351,7.342,7.344,11
2007-11-20 18:24:00,7.345,7.348,7.343,7.348,7
2007-11-20 18:25:00,7.338,7.343,7.334,7.343,9
2007-11-20 18:26:00,7.343,7.343,7.336,7.336,4
2007-11-20 18:27:00,7.34,7.34,7.338,7.34,3
2007-11-20 18:28:00,7.348,7.35,7.337,7.342,11
2007-11-20 18:29:00,7.34,7.346,7.34,7.346,7
2007-11-20 18:30:00,7.342,7.347,7.34,7.342,8
2007-11-20 18:31:00,7.338,7.348,7.338,7.344,7
2007-11-20 18:32:00,7.322,7.337,7.319,7.335,20
2007-11-20 18:33:00,7.323,7.325,7.323,7.325,2
2007-11-20 18:34:00,7.318,7.322,7.316,7.321,16
2007-11-20 18:35:00,7.323,7.328,7.32,7.321,13
2007-11-20 18:36:00,7.328,7.328,7.32,7.32,6
2007-11-20 18:37:00,7.329,7.333,7.327,7.33,8
2007-11-20 18:38:00,7.334,7.334,7.327,7.327,8
2007-11-20 18:39:00,7.329,7.331,7.329,7.331,4
2007-11-20 18:40:00,7.327,7.331,7.327,7.331,3
2007-11-20 18:41:00,7.315,7.324,7.313,7.324,13
2007-11-20 18:42:00,7.29,7.322,7.29,7.316,63
2007-11-20 18:43:00,7.303,7.305,7.288,7.288,29
2007-11-20 18:44:00,7.3,7.306,7.299,7.301,13
2007-11-20 18:45:00,7.304,7.313,7.297,7.298,24
2007-11-20 18:46:00,7.299,7.306,7.294,7.306,17
2007-11-20 18:47:00,7.297,7.299,7.289,7.297,19
2007-11-20 18:48:00,7.3,7.3,7.289,7.299,15
2007-11-20 18:49:00,7.296,7.302,7.295,7.298,24
2007-11-20 18:50:00,7.293,7.296,7.293,7.294,5
2007-11-20 18:51:00,7.306,7.309,7.293,7.297,13
2007-11-20 18:52:00,7.304,7.304,7.302,7.304,3
2007-11-20 18:53:00,7.31,7.31,7.302,7.302,8
2007-11-20 18:54:00,7.309,7.313,7.309,7.313,3
2007-11-20 18:55:00,7.309,7.309,7.307,7.307,4
2007-11-20 18:56:00,7.314,7.314,7.305,7.307,6
2007-11-20 18:57:00,7.312,7.312,7.31,7.312,3
2007-11-20 18:58:00,7.316,7.318,7.314,7.314,6
2007-11-20 18:59:00,7.312,7.316,7.312,7.314,4
2007-11-20 19:00:00,7.305,7.318,7.302,7.315,21
2007-11-20 19:01:00,7.299,7.307,7.299,7.307,9
2007-11-20 19:02:00,7.302,7.302,7.299,7.301,5
2007-11-20 19:03:00,7.304,7.306,7.302,7.304,5
2007-11-20 19:04:00,7.306,7.308,7.302,7.302,9
2007-11-20 19:05:00,7.312,7.312,7.304,7.304,6
2007-11-20 19:06:00,7.306,7.317,7.306,7.309,18
2007-11-20 19:07:00,7.314,7.314,7.308,7.308,2
2007-11-20 19:08:00,7.307,7.307,7.305,7.307,3
2007-11-20 19:09:00,7.306,7.311,7.306,7.309,9
2007-11-20 19:10:00,7.309,7.309,7.309,7.309,1
2007-11-20 19:11:00,7.304,7.311,7.302,7.311,12
2007-11-20 19:12:00,7.299,7.308,7.295,7.302,20
2007-11-20 19:13:00,7.298,7.303,7.296,7.301,10
2007-11-20 19:14:00,7.291,7.3,7.29,7.296,20
2007-11-20 19:15:00,7.29,7.295,7.29,7.293,5
2007-11-20 19:16:00,7.294,7.303,7.293,7.293,16
2007-11-20 19:17:00,7.307,7.307,7.296,7.296,11
2007-11-20 19:18:00,7.298,7.309,7.296,7.309,21
2007-11-20 19:19:00,7.312,7.312,7.298,7.3,11
2007-11-20 19:20:00,7.31,7.312,7.306,7.31,10
2007-11-20 19:21:00,7.307,7.312,7.307,7.312,5
2007-11-20 19:22:00,7.3,7.309,7.3,7.309,13
2007-11-20 19:23:00,7.299,7.304,7.299,7.302,4
2007-11-20 19:24:00,7.298,7.301,7.298,7.3,5
2007-11-20 19:25:00,7.306,7.306,7.295,7.296,15
2007-11-20 19:26:00,7.314,7.314,7.304,7.308,8
2007-11-20 19:27:00,7.309,7.316,7.309,7.316,14
2007-11-20 19:28:00,7.302,7.311,7.3,7.307,19
2007-11-20 19:29:00,7.305,7.307,7.304,7.304,17
2007-11-20 19:30:00,7.307,7.307,7.307,7.307,1
2007-11-20 19:31:00,7.313,7.313,7.309,7.309,3
2007-11-20 19:32:00,7.318,7.321,7.315,7.315,5
2007-11-20 19:33:00,7.327,7.327,7.32,7.32,11
2007-11-20 19:34:00,7.324,7.324,7.324,7.324,1
2007-11-20 19:35:00,7.32,7.32,7.32,7.32,1
2007-11-20 19:36:00,7.322,7.322,7.318,7.318,2
2007-11-20 19:37:00,7.327,7.327,7.32,7.32,4
2007-11-20 19:38:00,7.327,7.327,7.324,7.324,2
2007-11-20 19:39:00,7.316,7.321,7.316,7.321,5
2007-11-20 19:40:00,7.318,7.321,7.318,7.318,3
2007-11-20 19:42:00,7.309,7.314,7.309,7.314,7
2007-11-20 19:43:00,7.311,7.311,7.311,7.311,1
2007-11-20 19:44:00,7.31,7.314,7.31,7.314,2
2007-11-20 19:45:00,7.314,7.314,7.314,7.314,1
2007-11-20 19:46:00,7.311,7.313,7.311,7.313,2
2007-11-20 19:48:00,7.315,7.315,7.309,7.309,4
2007-11-20 19:49:00,7.313,7.313,7.313,7.313,1
2007-11-20 19:50:00,7.315,7.315,7.315,7.315,1
2007-11-20 19:54:00,7.313,7.313,7.313,7.313,1
2007-11-20 19:55:00,7.311,7.311,7.311,7.311,1
2007-11-20 19:58:00,7.307,7.307,7.307,7.307,1
2007-11-20 19:59:00,7.31,7.31,7.305,7.305,2
2007-11-20 20:00:00,7.307,7.307,7.307,7.307,1
2007-11-20 20:01:00,7.308,7.31,7.305,7.31,3
2007-11-20 20:02:00,7.306,7.306,7.306,7.306,1
2007-11-20 20:04:00,7.309,7.309,7.309,7.309,1
2007-11-20 20:05:00,7.311,7.311,7.311,7.311,1
2007-11-20 20:06:00,7.313,7.313,7.313,7.313,1
2007-11-20 20:08:00,7.315,7.315,7.315,7.315,1
2007-11-20 20:09:00,7.313,7.313,7.313,7.313,1
2007-11-20 20:12:00,7.31,7.31,7.31,7.31,1
2007-11-20 20:13:00,7.314,7.314,7.312,7.312,2
2007-11-20 20:16:00,7.314,7.314,7.308,7.308,2
2007-11-20 20:18:00,7.316,7.316,7.312,7.312,3
2007-11-20 20:19:00,7.316,7.316,7.313,7.313,2
2007-11-20 20:21:00,7.318,7.318,7.318,7.318,1
2007-11-20 20:22:00,7.32,7.32,7.32,7.32,1
2007-11-20 20:23:00,7.323,7.323,7.323,7.323,1
2007-11-20 20:27:00,7.324,7.324,7.324,7.324,1
2007-11-20 20:28:00,7.327,7.327,7.322,7.322,3
2007-11-20 20:30:00,7.325,7.328,7.325,7.328,2
2007-11-20 20:32:00,7.328,7.328,7.328,7.328,1
2007-11-20 20:34:00,7.332,7.334,7.33,7.33,3
2007-11-20 20:36:00,7.33,7.33,7.33,7.33,1
2007-11-20 20:37:00,7.332,7.332,7.332,7.332,1
2007-11-20 20:40:00,7.321,7.327,7.321,7.327,3
2007-11-20 20:44:00,7.332,7.332,7.329,7.329,2
2007-11-20 20:48:00,7.322,7.326,7.322,7.326,2
2007-11-20 20:49:00,7.33,7.33,7.32,7.326,3
2007-11-20 20:50:00,7.33,7.33,7.326,7.326,2
2007-11-20 20:51:00,7.325,7.327,7.325,7.327,2
2007-11-20 20:52:00,7.326,7.33,7.326,7.33,2
2007-11-20 20:53:00,7.321,7.321,7.321,7.321,1
2007-11-20 20:54:00,7.327,7.327,7.327,7.327,1
2007-11-20 20:56:00,7.322,7.322,7.322,7.322,1
2007-11-20 20:58:00,7.321,7.325,7.321,7.325,2
2007-11-20 21:01:00,7.318,7.319,7.315,7.318,4
2007-11-20 21:02:00,7.314,7.318,7.314,7.314,3
2007-11-20 21:03:00,7.315,7.315,7.312,7.312,2
2007-11-20 21:04:00,7.315,7.32,7.315,7.32,2
2007-11-20 21:18:00,7.323,7.323,7.321,7.321,2
2007-11-20 21:22:00,7.325,7.325,7.325,7.325,1
2007-11-20 21:25:00,7.326,7.326,7.326,7.326,1
2007-11-20 21:26:00,7.33,7.33,7.33,7.33,1
2007-11-20 21:28:00,7.323,7.326,7.323,7.326,2
2007-11-20 21:31:00,7.325,7.325,7.325,7.325,1
2007-11-20 21:38:00,7.326,7.326,7.326,7.326,1
2007-11-20 21:39:00,7.329,7.329,7.329,7.329,1
2007-11-20 21:41:00,7.33,7.33,7.33,7.33,1
2007-11-20 21:42:00,7.321,7.327,7.321,7.327,3
2007-11-20 21:46:00,7.314,7.316,7.314,7.316,2
2007-11-20 21:48:00,7.32,7.324,7.32,7.324,2
2007-11-20 21:53:00,7.332,7.332,7.332,7.332,1
2007-11-20 21:57:00,7.334,7.334,7.334,7.334,1
2007-11-20 22:00:00,7.335,7.335,7.335,7.335,1
2007-11-20 22:02:00,7.331,7.333,7.331,7.333,2
2007-11-20 22:04:00,7.332,7.332,7.332,7.332,1
2007-11-20 22:06:00,7.329,7.329,7.329,7.329,1
2007-11-20 22:09:00,7.331,7.331,7.331,7.331,1
2007-11-20 22:14:00,7.325,7.325,7.325,7.325,1
2007-11-20 23:00:00,7.31,7.31,7.31,7.31,1
2007-11-20 23:06:00,7.327,7.327,7.327,7.327,1
2007-11-20 23:15:00,7.344,7.344,7.342,7.342,2
2007-11-20 23:16:00,7.347,7.347,7.347,7.347,1
2007-11-20 23:18:00,7.354,7.354,7.349,7.349,3
2007-11-20 23:30:00,7.352,7.352,7.352,7.352,1
2007-11-20 23:31:00,7.362,7.362,7.362,7.362,1
2007-11-20 23:42:00,7.352,7.352,7.352,7.352,1
2007-11-20 23:55:00,7.343,7.343,7.343,7.343,1
2007-11-20 23:57:00,7.338,7.338,7.338,7.338,1
2007-11-21 01:52:00,7.334,7.334,7.334,7.334,1
2007-11-21 02:21:00,7.351,7.351,7.351,7.351,1
2007-11-21 03:12:00,7.345,7.345,7.345,7.345,1
2007-11-21 03:21:00,7.352,7.352,7.352,7.352,1
2007-11-21 03:26:00,7.355,7.355,7.355,7.355,1
2007-11-21 03:27:00,7.353,7.353,7.353,7.353,1
2007-11-21 03:29:00,7.355,7.355,7.355,7.355,1
2007-11-21 04:13:00,7.361,7.361,7.359,7.359,2
2007-11-21 04:25:00,7.355,7.355,7.355,7.355,1
2007-11-21 04:28:00,7.351,7.351,7.351,7.351,1
2007-11-21 04:29:00,7.36,7.36,7.36,7.36,1
2007-11-21 04:46:00,7.352,7.352,7.352,7.352,1
2007-11-21 04:47:00,7.338,7.347,7.338,7.347,2
2007-11-21 04:48:00,7.326,7.328,7.326,7.328,2
2007-11-21 06:04:00,7.328,7.328,7.328,7.328,1
2007-11-21 09:09:00,7.32,7.325,7.32,7.325,3
2007-11-21 09:20:00,7.336,7.336,7.336,7.336,1
2007-11-21 09:22:00,7.327,7.327,7.327,7.327,1
2007-11-21 09:24:00,7.321,7.321,7.321,7.321,1
2007-11-21 09:32:00,7.317,7.317,7.317,7.317,1
2007-11-21 09:54:00,7.312,7.312,7.312,7.312,1
2007-11-21 09:56:00,7.317,7.317,7.317,7.317,1
2007-11-21 10:12:00,7.326,7.326,7.326,7.326,1
2007-11-21 10:20:00,7.327,7.327,7.327,7.327,1
2007-11-21 10:26:00,7.32,7.32,7.32,7.32,1
2007-11-21 10:37:00,7.318,7.318,7.318,7.318,1
2007-11-21 10:43:00,7.309,7.309,7.309,7.309,1
2007-11-21 10:46:00,7.332,7.332,7.316,7.316,7
2007-11-21 11:00:00,7.333,7.333,7.328,7.328,2
2007-11-21 11:08:00,7.324,7.324,7.324,7.324,1
2007-11-21 11:16:00,7.32,7.32,7.32,7.32,1
2007-11-21 11:19:00,7.322,7.322,7.317,7.317,2
2007-11-21 11:26:00,7.316,7.316,7.316,7.316,1
2007-11-21 11:28:00,7.307,7.309,7.307,7.309,2
2007-11-21 11:36:00,7.309,7.309,7.305,7.305,2
2007-11-21 11:45:00,7.304,7.315,7.304,7.315,3
2007-11-21 11:46:00,7.295,7.295,7.295,7.295,1
2007-11-21 11:47:00,7.292,7.302,7.292,7.302,4
2007-11-21 11:48:00,7.29,7.295,7.29,7.295,3
2007-11-21 11:53:00,7.287,7.294,7.285,7.294,4
2007-11-21 12:02:00,7.317,7.319,7.294,7.294,6
2007-11-21 12:03:00,7.304,7.304,7.304,7.304,1
2007-11-21 12:04:00,7.3,7.309,7.3,7.309,3
2007-11-21 12:05:00,7.323,7.329,7.298,7.298,5
2007-11-21 12:20:00,7.334,7.344,7.334,7.337,4
2007-11-21 12:22:00,7.36,7.36,7.36,7.36,1
2007-11-21 12:25:00,7.336,7.356,7.336,7.356,2
2007-11-21 12:26:00,7.349,7.351,7.343,7.351,5
2007-11-21 12:28:00,7.344,7.344,7.344,7.344,1
2007-11-21 12:29:00,7.329,7.337,7.329,7.337,3
2007-11-21 12:30:00,7.322,7.322,7.322,7.322,1
2007-11-21 12:32:00,7.293,7.319,7.293,7.319,5
2007-11-21 12:37:00,7.303,7.303,7.303,7.303,1
2007-11-21 12:40:00,7.313,7.313,7.312,7.312,2
2007-11-21 12:42:00,7.315,7.332,7.315,7.324,3
2007-11-21 12:47:00,7.313,7.313,7.313,7.313,1
2007-11-21 12:49:00,7.315,7.315,7.315,7.315,1
2007-11-21 12:51:00,7.316,7.316,7.316,7.316,1
2007-11-21 12:55:00,7.319,7.319,7.319,7.319,1
2007-11-21 12:57:00,7.295,7.316,7.295,7.316,6
2007-11-21 12:58:00,7.288,7.29,7.288,7.29,2
2007-11-21 12:59:00,7.288,7.289,7.281,7.285,5
2007-11-21 13:00:00,7.28,7.28,7.266,7.277,9
2007-11-21 13:02:00,7.285,7.285,7.285,7.285,1
2007-11-21 13:04:00,7.29,7.291,7.287,7.291,3
2007-11-21 13:05:00,7.295,7.295,7.295,7.295,1
2007-11-21 13:06:00,7.289,7.289,7.289,7.289,1
2007-11-21 13:07:00,7.295,7.295,7.295,7.295,1
2007-11-21 13:08:00,7.29,7.29,7.29,7.29,1
2007-11-21 13:09:00,7.285,7.285,7.285,7.285,1
2007-11-21 13:11:00,7.289,7.289,7.289,7.289,1
2007-11-21 13:12:00,7.288,7.288,7.287,7.287,2
2007-11-21 13:13:00,7.29,7.29,7.29,7.29,1
2007-11-21 13:14:00,7.3,7.305,7.296,7.296,4
2007-11-21 13:15:00,7.297,7.305,7.297,7.305,2
2007-11-21 13:16:00,7.29,7.292,7.29,7.292,2
2007-11-21 13:17:00,7.298,7.298,7.298,7.298,1
2007-11-21 13:24:00,7.305,7.308,7.305,7.308,2
2007-11-21 13:26:00,7.306,7.31,7.306,7.31,2
2007-11-21 13:27:00,7.302,7.304,7.301,7.304,4
2007-11-21 13:28:00,7.295,7.295,7.295,7.295,1
2007-11-21 13:29:00,7.29,7.292,7.29,7.292,2
2007-11-21 13:32:00,7.288,7.288,7.288,7.288,1
2007-11-21 13:36:00,7.293,7.293,7.293,7.293,1
2007-11-21 13:37:00,7.295,7.295,7.291,7.291,2
2007-11-21 13:38:00,7.288,7.288,7.288,7.288,1
2007-11-21 13:39:00,7.29,7.29,7.29,7.29,1
2007-11-21 13:40:00,7.302,7.302,7.291,7.291,5
2007-11-21 13:41:00,7.308,7.312,7.302,7.305,6
2007-11-21 13:42:00,7.315,7.315,7.31,7.31,5
2007-11-21 13:43:00,7.331,7.333,7.32,7.32,9
2007-11-21 13:44:00,7.328,7.333,7.324,7.333,5
2007-11-21 13:46:00,7.329,7.329,7.329,7.329,1
2007-11-21 13:47:00,7.323,7.333,7.323,7.333,4
2007-11-21 13:48:00,7.318,7.327,7.318,7.325,3
2007-11-21 13:49:00,7.315,7.315,7.315,7.315,1
2007-11-21 13:50:00,7.307,7.314,7.307,7.314,4
2007-11-21 13:51:00,7.305,7.306,7.302,7.303,5
2007-11-21 13:52:00,7.306,7.308,7.302,7.308,3
2007-11-21 13:53:00,7.308,7.308,7.308,7.308,1
2007-11-21 13:54:00,7.316,7.316,7.311,7.311,2
2007-11-21 13:55:00,7.318,7.318,7.313,7.313,3
2007-11-21 13:56:00,7.322,7.322,7.319,7.319,2
2007-11-21 13:57:00,7.329,7.329,7.32,7.32,5
2007-11-21 13:58:00,7.33,7.335,7.327,7.327,9
2007-11-21 13:59:00,7.33,7.335,7.323,7.333,17
2007-11-21 14:00:00,7.334,7.334,7.321,7.326,52
2007-11-21 14:01:00,7.352,7.354,7.336,7.336,17
2007-11-21 14:02:00,7.345,7.356,7.342,7.354,15
2007-11-21 14:03:00,7.353,7.353,7.34,7.343,10
2007-11-21 14:04:00,7.344,7.351,7.344,7.351,12
2007-11-21 14:05:00,7.345,7.345,7.341,7.341,3
2007-11-21 14:06:00,7.34,7.347,7.34,7.343,10
2007-11-21 14:07:00,7.331,7.338,7.331,7.338,4
2007-11-21 14:08:00,7.331,7.334,7.331,7.334,2
2007-11-21 14:09:00,7.322,7.333,7.32,7.333,12
2007-11-21 14:10:00,7.328,7.329,7.324,7.324,5
2007-11-21 14:11:00,7.328,7.329,7.328,7.329,2
2007-11-21 14:12:00,7.326,7.328,7.326,7.326,3
2007-11-21 14:13:00,7.316,7.328,7.313,7.328,7
2007-11-21 14:14:00,7.317,7.317,7.313,7.313,3
2007-11-21 14:15:00,7.306,7.315,7.306,7.315,8
2007-11-21 14:16:00,7.311,7.312,7.309,7.309,4
2007-11-21 14:17:00,7.309,7.313,7.309,7.313,3
2007-11-21 14:18:00,7.307,7.308,7.305,7.306,6
2007-11-21 14:19:00,7.31,7.311,7.305,7.305,9
2007-11-21 14:20:00,7.31,7.31,7.308,7.308,2
2007-11-21 14:21:00,7.303,7.305,7.303,7.305,2
2007-11-21 14:22:00,7.297,7.301,7.292,7.301,9
2007-11-21 14:23:00,7.291,7.295,7.291,7.293,6
2007-11-21 14:24:00,7.295,7.295,7.293,7.293,4
2007-11-21 14:25:00,7.299,7.299,7.297,7.297,2
2007-11-21 14:26:00,7.293,7.296,7.289,7.296,12
2007-11-21 14:27:00,7.292,7.292,7.292,7.292,1
2007-11-21 14:28:00,7.298,7.302,7.29,7.29,12
2007-11-21 14:29:00,7.304,7.304,7.3,7.3,5
2007-11-21 14:30:00,7.298,7.304,7.296,7.302,9
2007-11-21 14:31:00,7.293,7.3,7.293,7.296,7
2007-11-21 14:32:00,7.291,7.296,7.29,7.296,8
2007-11-21 14:33:00,7.292,7.294,7.289,7.294,9
2007-11-21 14:34:00,7.294,7.297,7.294,7.295,8
2007-11-21 14:35:00,7.296,7.296,7.293,7.296,5
2007-11-21 14:36:00,7.297,7.297,7.297,7.297,1
2007-11-21 14:37:00,7.297,7.299,7.297,7.299,2
2007-11-21 14:38:00,7.302,7.305,7.297,7.299,10
2007-11-21 14:39:00,7.315,7.315,7.304,7.304,13
2007-11-21 14:40:00,7.315,7.318,7.311,7.318,7
2007-11-21 14:41:00,7.314,7.316,7.313,7.313,3
2007-11-21 14:42:00,7.314,7.316,7.312,7.316,8
2007-11-21 14:43:00,7.312,7.312,7.312,7.312,1
2007-11-21 14:44:00,7.306,7.306,7.304,7.306,5
2007-11-21 14:46:00,7.31,7.31,7.307,7.307,2
2007-11-21 14:47:00,7.307,7.308,7.304,7.308,5
2007-11-21 14:48:00,7.302,7.306,7.296,7.306,12
2007-11-21 14:49:00,7.3,7.3,7.3,7.3,1
2007-11-21 14:50:00,7.309,7.309,7.3,7.302,10
2007-11-21 14:51:00,7.308,7.31,7.306,7.31,4
2007-11-21 14:52:00,7.299,7.304,7.299,7.304,3
2007-11-21 14:53:00,7.297,7.299,7.295,7.297,7
2007-11-21 14:54:00,7.295,7.299,7.295,7.299,3
2007-11-21 14:55:00,7.299,7.299,7.297,7.297,2
2007-11-21 14:56:00,7.297,7.297,7.297,7.297,1
2007-11-21 14:57:00,7.298,7.298,7.298,7.298,1
2007-11-21 14:58:00,7.3,7.302,7.298,7.301,9
2007-11-21 14:59:00,7.299,7.299,7.297,7.297,2
2007-11-21 15:00:00,7.301,7.301,7.299,7.301,3
2007-11-21 15:01:00,7.296,7.302,7.296,7.298,9
2007-11-21 15:02:00,7.297,7.299,7.294,7.294,6
2007-11-21 15:03:00,7.295,7.297,7.295,7.295,3
2007-11-21 15:04:00,7.292,7.301,7.292,7.297,10
2007-11-21 15:05:00,7.3,7.3,7.293,7.294,6
2007-11-21 15:06:00,7.298,7.306,7.298,7.305,13
2007-11-21 15:07:00,7.3,7.3,7.3,7.3,1
2007-11-21 15:08:00,7.3,7.307,7.3,7.302,6
2007-11-21 15:09:00,7.301,7.304,7.301,7.302,3
2007-11-21 15:10:00,7.303,7.303,7.303,7.303,1
2007-11-21 15:11:00,7.299,7.299,7.299,7.299,1
2007-11-21 15:12:00,7.299,7.303,7.299,7.301,3
2007-11-21 15:13:00,7.298,7.3,7.297,7.297,3
2007-11-21 15:14:00,7.297,7.302,7.297,7.3,13
2007-11-21 15:15:00,7.304,7.304,7.302,7.302,2
2007-11-21 15:16:00,7.304,7.306,7.302,7.302,4
2007-11-21 15:17:00,7.303,7.308,7.301,7.308,7
2007-11-21 15:18:00,7.301,7.301,7.301,7.301,1
2007-11-21 15:19:00,7.313,7.313,7.303,7.303,9
2007-11-21 15:20:00,7.313,7.315,7.311,7.315,8
2007-11-21 15:21:00,7.309,7.311,7.309,7.311,2
2007-11-21 15:22:00,7.312,7.312,7.312,7.312,1
2007-11-21 15:23:00,7.312,7.312,7.31,7.31,2
2007-11-21 15:24:00,7.314,7.314,7.31,7.31,3
2007-11-21 15:25:00,7.318,7.318,7.312,7.312,7
2007-11-21 15:26:00,7.322,7.325,7.313,7.315,8
2007-11-21 15:27:00,7.322,7.324,7.32,7.324,4
2007-11-21 15:28:00,7.327,7.327,7.324,7.324,2
2007-11-21 15:29:00,7.319,7.325,7.319,7.325,10
2007-11-21 15:30:00,7.335,7.344,7.315,7.315,33
2007-11-21 15:31:00,7.324,7.332,7.319,7.332,14
2007-11-21 15:32:00,7.335,7.337,7.32,7.322,9
2007-11-21 15:33:00,7.343,7.349,7.337,7.337,33
2007-11-21 15:34:00,7.343,7.352,7.343,7.345,13
2007-11-21 15:35:00,7.333,7.346,7.333,7.341,19
2007-11-21 15:36:00,7.334,7.334,7.331,7.331,4
2007-11-21 15:37:00,7.321,7.331,7.32,7.331,11
2007-11-21 15:38:00,7.324,7.324,7.317,7.317,18
2007-11-21 15:39:00,7.316,7.322,7.314,7.322,16
2007-11-21 15:40:00,7.317,7.322,7.308,7.314,15
2007-11-21 15:41:00,7.321,7.323,7.315,7.315,5
2007-11-21 15:42:00,7.327,7.329,7.325,7.325,4
2007-11-21 15:43:00,7.327,7.329,7.327,7.329,2
2007-11-21 15:44:00,7.32,7.325,7.318,7.325,7
2007-11-21 15:45:00,7.317,7.321,7.316,7.318,5
2007-11-21 15:46:00,7.314,7.319,7.314,7.319,3
2007-11-21 15:47:00,7.319,7.32,7.316,7.316,5
2007-11-21 15:49:00,7.322,7.322,7.32,7.32,2
2007-11-21 15:50:00,7.327,7.329,7.325,7.325,4
2007-11-21 15:51:00,7.325,7.326,7.321,7.325,7
2007-11-21 15:52:00,7.324,7.327,7.317,7.323,16
2007-11-21 15:53:00,7.319,7.325,7.319,7.322,5
2007-11-21 15:54:00,7.317,7.317,7.315,7.317,3
2007-11-21 15:55:00,7.32,7.32,7.316,7.319,4
2007-11-21 15:56:00,7.317,7.322,7.317,7.317,7
2007-11-21 15:57:00,7.317,7.321,7.317,7.319,4
2007-11-21 15:58:00,7.317,7.317,7.315,7.315,2
2007-11-21 15:59:00,7.31,7.315,7.31,7.315,3
2007-11-21 16:00:00,7.313,7.313,7.309,7.312,6
2007-11-21 16:01:00,7.311,7.311,7.311,7.311,1
2007-11-21 16:02:00,7.308,7.312,7.308,7.309,7
2007-11-21 16:03:00,7.312,7.312,7.308,7.312,6
2007-11-21 16:04:00,7.313,7.315,7.309,7.311,5
2007-11-21 16:05:00,7.308,7.312,7.306,7.312,9
2007-11-21 16:06:00,7.315,7.315,7.306,7.31,11
2007-11-21 16:07:00,7.32,7.32,7.31,7.314,8
2007-11-21 16:08:00,7.312,7.322,7.309,7.322,14
2007-11-21 16:09:00,7.312,7.316,7.312,7.315,9
2007-11-21 16:10:00,7.311,7.313,7.31,7.31,3
2007-11-21 16:11:00,7.31,7.314,7.306,7.314,10
2007-11-21 16:12:00,7.308,7.31,7.308,7.308,3
2007-11-21 16:13:00,7.313,7.313,7.311,7.311,4
2007-11-21 16:14:00,7.323,7.327,7.316,7.316,17
2007-11-21 16:15:00,7.344,7.344,7.325,7.325,18
2007-11-21 16:16:00,7.351,7.351,7.341,7.342,15
2007-11-21 16:17:00,7.349,7.357,7.347,7.356,10
2007-11-21 16:18:00,7.351,7.355,7.348,7.353,14
2007-11-21 16:19:00,7.361,7.361,7.349,7.349,10
2007-11-21 16:20:00,7.384,7.384,7.359,7.359,37
2007-11-21 16:21:00,7.378,7.386,7.374,7.386,24
2007-11-21 16:22:00,7.39,7.393,7.374,7.38,30
2007-11-21 16:23:00,7.393,7.402,7.387,7.392,41
2007-11-21 16:24:00,7.394,7.398,7.394,7.395,10
2007-11-21 16:25:00,7.388,7.394,7.384,7.392,18
2007-11-21 16:26:00,7.409,7.409,7.389,7.39,20
2007-11-21 16:27:00,7.408,7.413,7.401,7.411,20
2007-11-21 16:28:00,7.435,7.437,7.408,7.41,33
2007-11-21 16:29:00,7.422,7.439,7.422,7.437,24
2007-11-21 16:30:00,7.42,7.42,7.415,7.419,9
2007-11-21 16:31:00,7.44,7.447,7.422,7.422,38
2007-11-21 16:32:00,7.419,7.442,7.417,7.438,37
2007-11-21 16:33:00,7.418,7.424,7.412,7.421,14
2007-11-21 16:34:00,7.41,7.424,7.407,7.42,21
2007-11-21 16:35:00,7.42,7.431,7.41,7.412,25
2007-11-21 16:36:00,7.411,7.423,7.406,7.423,18
2007-11-21 16:37:00,7.424,7.429,7.41,7.414,23
2007-11-21 16:38:00,7.476,7.476,7.422,7.422,78
2007-11-21 16:39:00,7.471,7.482,7.468,7.479,48
2007-11-21 16:40:00,7.49,7.492,7.467,7.473,46
2007-11-21 16:41:00,7.484,7.492,7.483,7.488,29
2007-11-21 16:42:00,7.475,7.482,7.471,7.482,31
2007-11-21 16:43:00,7.479,7.486,7.475,7.479,35
2007-11-21 16:44:00,7.462,7.476,7.46,7.476,35
2007-11-21 16:45:00,7.467,7.467,7.46,7.464,11
2007-11-21 16:46:00,7.473,7.478,7.465,7.465,14
2007-11-21 16:47:00,7.471,7.481,7.469,7.475,11
2007-11-21 16:48:00,7.471,7.471,7.467,7.469,3
2007-11-21 16:49:00,7.478,7.478,7.471,7.473,5
2007-11-21 16:50:00,7.478,7.482,7.476,7.476,11
2007-11-21 16:51:00,7.479,7.48,7.475,7.48,5
2007-11-21 16:52:00,7.461,7.481,7.461,7.481,21
2007-11-21 16:53:00,7.461,7.464,7.461,7.464,6
2007-11-21 16:54:00,7.457,7.459,7.457,7.459,2
2007-11-21 16:55:00,7.454,7.46,7.452,7.46,11
2007-11-21 16:56:00,7.445,7.458,7.442,7.452,17
2007-11-21 16:57:00,7.436,7.447,7.436,7.447,15
2007-11-21 16:58:00,7.436,7.444,7.433,7.438,16
2007-11-21 16:59:00,7.449,7.449,7.434,7.441,14
2007-11-21 17:00:00,7.457,7.459,7.426,7.443,79
2007-11-21 17:01:00,7.482,7.482,7.451,7.455,43
2007-11-21 17:02:00,7.447,7.48,7.447,7.48,41
2007-11-21 17:03:00,7.465,7.465,7.445,7.445,27
2007-11-21 17:04:00,7.502,7.502,7.461,7.463,42
2007-11-21 17:05:00,7.488,7.503,7.486,7.5,36
2007-11-21 17:06:00,7.519,7.527,7.486,7.49,76
2007-11-21 17:07:00,7.515,7.523,7.508,7.517,37
2007-11-21 17:08:00,7.499,7.517,7.495,7.517,58
2007-11-21 17:09:00,7.493,7.506,7.491,7.501,29
2007-11-21 17:10:00,7.499,7.499,7.483,7.491,28
2007-11-21 17:11:00,7.48,7.497,7.472,7.497,23
2007-11-21 17:12:00,7.483,7.487,7.472,7.478,18
2007-11-21 17:13:00,7.489,7.489,7.481,7.481,19
2007-11-21 17:14:00,7.492,7.498,7.491,7.491,13
2007-11-21 17:15:00,7.491,7.494,7.487,7.494,12
2007-11-21 17:16:00,7.477,7.493,7.472,7.489,18
2007-11-21 17:17:00,7.483,7.488,7.471,7.475,13
2007-11-21 17:18:00,7.493,7.495,7.485,7.485,17
2007-11-21 17:19:00,7.501,7.501,7.487,7.491,14
2007-11-21 17:20:00,7.503,7.512,7.498,7.498,39
2007-11-21 17:21:00,7.494,7.509,7.494,7.505,11
2007-11-21 17:22:00,7.491,7.499,7.491,7.496,10
2007-11-21 17:23:00,7.484,7.489,7.48,7.489,11
2007-11-21 17:24:00,7.484,7.488,7.484,7.486,4
2007-11-21 17:25:00,7.463,7.482,7.458,7.482,30
2007-11-21 17:26:00,7.471,7.475,7.461,7.461,12
2007-11-21 17:27:00,7.471,7.478,7.471,7.478,4
2007-11-21 17:28:00,7.468,7.469,7.466,7.469,6
2007-11-21 17:29:00,7.467,7.47,7.464,7.466,9
2007-11-21 17:30:00,7.462,7.47,7.461,7.464,13
2007-11-21 17:31:00,7.446,7.46,7.446,7.46,17
2007-11-21 17:32:00,7.457,7.459,7.447,7.449,20
2007-11-21 17:33:00,7.462,7.466,7.46,7.46,7
2007-11-21 17:34:00,7.464,7.464,7.464,7.464,1
2007-11-21 17:35:00,7.462,7.465,7.46,7.462,5
2007-11-21 17:36:00,7.454,7.466,7.454,7.464,12
2007-11-21 17:37:00,7.453,7.455,7.452,7.452,3
2007-11-21 17:38:00,7.461,7.469,7.457,7.457,16
2007-11-21 17:39:00,7.465,7.465,7.463,7.463,4
2007-11-21 17:40:00,7.465,7.465,7.462,7.463,4
2007-11-21 17:41:00,7.445,7.462,7.445,7.462,17
2007-11-21 17:42:00,7.441,7.45,7.441,7.442,13
2007-11-21 17:43:00,7.426,7.439,7.421,7.439,34
2007-11-21 17:44:00,7.428,7.432,7.422,7.424,9
2007-11-21 17:45:00,7.425,7.437,7.423,7.43,17
2007-11-21 17:46:00,7.425,7.427,7.423,7.423,3
2007-11-21 17:47:00,7.429,7.431,7.427,7.427,4
2007-11-21 17:48:00,7.435,7.435,7.432,7.432,4
2007-11-21 17:49:00,7.442,7.446,7.436,7.436,16
2007-11-21 17:50:00,7.456,7.456,7.444,7.444,13
2007-11-21 17:51:00,7.449,7.453,7.449,7.453,3
2007-11-21 17:52:00,7.447,7.455,7.443,7.451,11
2007-11-21 17:53:00,7.442,7.445,7.442,7.445,2
2007-11-21 17:54:00,7.447,7.45,7.441,7.444,11
2007-11-21 17:55:00,7.456,7.46,7.449,7.449,11
2007-11-21 17:56:00,7.466,7.466,7.459,7.459,4
2007-11-21 17:57:00,7.452,7.464,7.452,7.464,7
2007-11-21 17:58:00,7.466,7.469,7.455,7.455,7
2007-11-21 17:59:00,7.465,7.471,7.463,7.464,13
2007-11-21 18:00:00,7.466,7.47,7.463,7.463,9
2007-11-21 18:01:00,7.468,7.468,7.462,7.464,4
2007-11-21 18:02:00,7.473,7.473,7.471,7.471,2
2007-11-21 18:03:00,7.471,7.471,7.467,7.471,4
2007-11-21 18:04:00,7.464,7.471,7.464,7.469,4
2007-11-21 18:05:00,7.468,7.47,7.462,7.462,8
2007-11-21 18:06:00,7.464,7.47,7.462,7.47,7
2007-11-21 18:07:00,7.464,7.466,7.464,7.466,2
2007-11-21 18:08:00,7.47,7.472,7.468,7.468,4
2007-11-21 18:09:00,7.477,7.477,7.472,7.472,3
2007-11-21 18:10:00,7.475,7.475,7.475,7.475,1
2007-11-21 18:11:00,7.473,7.478,7.471,7.478,4
2007-11-21 18:12:00,7.471,7.475,7.471,7.475,3
2007-11-21 18:13:00,7.461,7.469,7.457,7.469,11
2007-11-21 18:14:00,7.465,7.465,7.463,7.463,6
2007-11-21 18:15:00,7.47,7.472,7.467,7.467,8
2007-11-21 18:16:00,7.468,7.471,7.466,7.468,7
2007-11-21 18:17:00,7.469,7.469,7.466,7.466,2
2007-11-21 18:18:00,7.466,7.471,7.466,7.471,3
2007-11-21 18:19:00,7.465,7.468,7.464,7.464,4
2007-11-21 18:20:00,7.476,7.48,7.468,7.468,7
2007-11-21 18:21:00,7.476,7.479,7.476,7.479,2
2007-11-21 18:22:00,7.476,7.476,7.472,7.474,3
2007-11-21 18:23:00,7.481,7.492,7.472,7.48,25
2007-11-21 18:24:00,7.462,7.478,7.462,7.478,18
2007-11-21 18:25:00,7.453,7.464,7.453,7.464,7
2007-11-21 18:26:00,7.451,7.453,7.451,7.451,5
2007-11-21 18:27:00,7.455,7.455,7.447,7.449,6
2007-11-21 18:28:00,7.45,7.463,7.45,7.453,12
2007-11-21 18:29:00,7.456,7.456,7.454,7.454,2
2007-11-21 18:30:00,7.455,7.458,7.455,7.458,4
2007-11-21 18:31:00,7.45,7.457,7.45,7.457,4
2007-11-21 18:32:00,7.436,7.448,7.436,7.448,13
2007-11-21 18:33:00,7.434,7.436,7.432,7.432,6
2007-11-21 18:34:00,7.442,7.447,7.434,7.436,11
2007-11-21 18:35:00,7.443,7.447,7.443,7.447,3
2007-11-21 18:36:00,7.459,7.464,7.446,7.448,20
2007-11-21 18:37:00,7.458,7.462,7.455,7.457,6
2007-11-21 18:38:00,7.466,7.472,7.461,7.461,14
2007-11-21 18:39:00,7.463,7.466,7.46,7.464,4
2007-11-21 18:40:00,7.456,7.464,7.455,7.461,13
2007-11-21 18:41:00,7.47,7.47,7.452,7.454,10
2007-11-21 18:42:00,7.471,7.475,7.467,7.472,7
2007-11-21 18:43:00,7.463,7.467,7.463,7.467,3
2007-11-21 18:44:00,7.461,7.465,7.461,7.465,5
2007-11-21 18:45:00,7.465,7.467,7.462,7.466,5
2007-11-21 18:46:00,7.471,7.472,7.469,7.47,4
2007-11-21 18:47:00,7.469,7.469,7.469,7.469,1
2007-11-21 18:48:00,7.472,7.472,7.472,7.472,1
2007-11-21 18:49:00,7.471,7.474,7.471,7.474,2
2007-11-21 18:50:00,7.457,7.468,7.455,7.468,12
2007-11-21 18:51:00,7.473,7.473,7.459,7.459,17
2007-11-21 18:52:00,7.468,7.471,7.467,7.471,5
2007-11-21 18:53:00,7.465,7.467,7.463,7.463,5
2007-11-21 18:54:00,7.468,7.472,7.465,7.467,9
2007-11-21 18:55:00,7.466,7.473,7.464,7.47,7
2007-11-21 18:56:00,7.463,7.468,7.463,7.468,13
2007-11-21 18:57:00,7.453,7.461,7.453,7.461,7
2007-11-21 18:58:00,7.452,7.452,7.447,7.451,5
2007-11-21 18:59:00,7.45,7.45,7.448,7.45,3
2007-11-21 19:00:00,7.446,7.452,7.444,7.452,7
2007-11-21 19:01:00,7.442,7.448,7.442,7.448,4
2007-11-21 19:02:00,7.441,7.446,7.439,7.44,12
2007-11-21 19:03:00,7.451,7.451,7.434,7.438,11
2007-11-21 19:04:00,7.443,7.451,7.442,7.449,8
2007-11-21 19:05:00,7.442,7.442,7.439,7.441,5
2007-11-21 19:06:00,7.434,7.442,7.434,7.44,11
2007-11-21 19:07:00,7.426,7.432,7.418,7.432,26
2007-11-21 19:08:00,7.426,7.434,7.424,7.428,13
2007-11-21 19:09:00,7.415,7.423,7.399,7.423,31
2007-11-21 19:10:00,7.417,7.422,7.413,7.413,10
2007-11-21 19:11:00,7.414,7.416,7.414,7.414,3
2007-11-21 19:12:00,7.421,7.425,7.416,7.416,18
2007-11-21 19:13:00,7.413,7.419,7.408,7.419,24
2007-11-21 19:14:00,7.403,7.417,7.403,7.415,10
2007-11-21 19:15:00,7.413,7.418,7.405,7.405,7
2007-11-21 19:16:00,7.422,7.422,7.415,7.416,14
2007-11-21 19:17:00,7.426,7.43,7.419,7.419,10
2007-11-21 19:18:00,7.419,7.424,7.419,7.424,5
2007-11-21 19:19:00,7.417,7.417,7.415,7.417,3
2007-11-21 19:21:00,7.41,7.419,7.405,7.419,13
2007-11-21 19:22:00,7.412,7.412,7.406,7.408,5
2007-11-21 19:23:00,7.41,7.412,7.409,7.409,3
2007-11-21 19:24:00,7.409,7.413,7.405,7.407,8
2007-11-21 19:25:00,7.404,7.413,7.404,7.408,15
2007-11-21 19:26:00,7.404,7.406,7.404,7.406,2
2007-11-21 19:27:00,7.406,7.408,7.402,7.402,13
2007-11-21 19:28:00,7.398,7.407,7.395,7.404,43
2007-11-21 19:29:00,7.395,7.399,7.394,7.395,24
2007-11-21 19:30:00,7.395,7.397,7.393,7.397,6
2007-11-21 19:32:00,7.391,7.393,7.391,7.393,2
2007-11-21 19:34:00,7.389,7.392,7.387,7.389,5
2007-11-21 19:35:00,7.387,7.387,7.387,7.387,1
2007-11-21 19:37:00,7.385,7.385,7.385,7.385,1
2007-11-21 19:39:00,7.379,7.386,7.379,7.386,6
2007-11-21 19:41:00,7.382,7.382,7.382,7.382,1
2007-11-21 19:43:00,7.379,7.379,7.379,7.379,1
2007-11-21 19:44:00,7.385,7.385,7.382,7.382,2
2007-11-21 19:46:00,7.384,7.384,7.381,7.381,2
2007-11-21 19:47:00,7.387,7.387,7.387,7.387,1
2007-11-21 19:50:00,7.38,7.384,7.38,7.384,2
2007-11-21 19:55:00,7.387,7.387,7.387,7.387,1
2007-11-21 20:00:00,7.388,7.388,7.388,7.388,1
2007-11-21 20:04:00,7.395,7.395,7.392,7.392,2
2007-11-21 20:10:00,7.393,7.393,7.39,7.39,2
2007-11-21 20:13:00,7.394,7.394,7.394,7.394,1
2007-11-21 20:14:00,7.399,7.399,7.399,7.399,1
2007-11-21 20:15:00,7.397,7.397,7.395,7.395,2
2007-11-21 20:19:00,7.392,7.392,7.392,7.392,1
2007-11-21 20:20:00,7.39,7.39,7.39,7.39,1
2007-11-21 20:23:00,7.399,7.399,7.399,7.399,1
2007-11-21 20:25:00,7.4,7.4,7.4,7.4,1
2007-11-21 20:39:00,7.395,7.395,7.395,7.395,1
2007-11-21 20:50:00,7.39,7.39,7.39,7.39,1
2007-11-21 20:54:00,7.388,7.388,7.388,7.388,1
2007-11-21 20:56:00,7.388,7.39,7.388,7.39,2
2007-11-21 21:06:00,7.393,7.393,7.391,7.391,2
2007-11-21 21:17:00,7.386,7.386,7.386,7.386,1
2007-11-21 21:19:00,7.382,7.382,7.382,7.382,1
2007-11-21 21:21:00,7.38,7.38,7.38,7.38,1
2007-11-21 21:27:00,7.383,7.383,7.383,7.383,1
2007-11-21 21:39:00,7.38,7.38,7.38,7.38,1
2007-11-21 21:44:00,7.386,7.386,7.376,7.376,3
2007-11-21 21:47:00,7.388,7.388,7.388,7.388,1
2007-11-21 21:48:00,7.386,7.386,7.386,7.386,1
2007-11-21 21:49:00,7.396,7.396,7.391,7.391,2
2007-11-21 21:51:00,7.406,7.406,7.4,7.4,2
2007-11-21 22:07:00,7.401,7.401,7.401,7.401,1
2007-11-21 22:11:00,7.41,7.41,7.405,7.405,2
2007-11-21 22:12:00,7.413,7.413,7.413,7.413,1
2007-11-22 01:00:00,7.562,7.562,7.562,7.562,1
2007-11-22 04:43:00,7.581,7.581,7.581,7.581,1
2007-11-22 10:43:00,7.583,7.612,7.583,7.612,2
2007-11-22 10:44:00,7.612,7.612,7.612,7.612,1
2007-11-22 13:03:00,7.603,7.603,7.603,7.603,1
2007-11-22 13:56:00,7.593,7.593,7.593,7.593,1
2007-11-22 13:57:00,7.586,7.586,7.586,7.586,1
2007-11-22 14:17:00,7.588,7.588,7.588,7.588,1
2007-11-22 14:36:00,7.585,7.589,7.585,7.589,2
2007-11-22 14:37:00,7.583,7.583,7.583,7.583,1
2007-11-22 14:43:00,7.575,7.577,7.575,7.577,2
2007-11-22 14:47:00,7.572,7.572,7.572,7.572,1
2007-11-22 14:48:00,7.57,7.57,7.57,7.57,1
2007-11-22 14:49:00,7.554,7.558,7.554,7.558,2
2007-11-22 14:50:00,7.557,7.557,7.557,7.557,1
2007-11-22 14:52:00,7.555,7.555,7.555,7.555,1
2007-11-22 14:53:00,7.548,7.548,7.548,7.548,1
2007-11-22 14:55:00,7.547,7.547,7.547,7.547,1
2007-11-22 15:01:00,7.536,7.541,7.536,7.541,3
2007-11-22 15:07:00,7.539,7.539,7.539,7.539,1
2007-11-22 15:21:00,7.536,7.536,7.536,7.536,1
2007-11-22 15:22:00,7.533,7.533,7.533,7.533,1
2007-11-22 15:24:00,7.536,7.536,7.536,7.536,1
2007-11-22 15:28:00,7.53,7.533,7.53,7.533,2
2007-11-22 15:30:00,7.539,7.539,7.539,7.539,1
2007-11-22 15:41:00,7.531,7.531,7.528,7.529,3
2007-11-22 15:57:00,7.521,7.521,7.521,7.521,1
2007-11-22 16:00:00,7.523,7.523,7.523,7.523,1
2007-11-22 16:01:00,7.52,7.52,7.52,7.52,1
2007-11-22 16:19:00,7.513,7.516,7.513,7.516,2
2007-11-22 16:21:00,7.51,7.51,7.51,7.51,1
2007-11-22 16:25:00,7.508,7.508,7.508,7.508,1
2007-11-22 16:29:00,7.501,7.501,7.501,7.501,1
2007-11-22 16:34:00,7.491,7.495,7.491,7.495,3
2007-11-22 16:59:00,7.489,7.495,7.489,7.495,3
2007-11-22 17:00:00,7.49,7.49,7.49,7.49,1
2007-11-22 17:15:00,7.489,7.489,7.489,7.489,1
2007-11-22 17:17:00,7.493,7.493,7.493,7.493,1
2007-11-22 17:41:00,7.496,7.496,7.496,7.496,1
2007-11-22 17:43:00,7.508,7.508,7.508,7.508,1
2007-11-22 17:57:00,7.517,7.517,7.517,7.517,1
2007-11-22 17:59:00,7.525,7.525,7.525,7.525,1
2007-11-22 18:02:00,7.527,7.527,7.527,7.527,1
2007-11-22 19:27:00,7.553,7.553,7.533,7.533,2
2007-11-22 19:29:00,7.534,7.534,7.534,7.534,1
2007-11-22 20:43:00,7.563,7.563,7.54,7.54,2
2007-11-22 21:07:00,7.547,7.569,7.547,7.569,2
2007-11-22 23:06:00,7.546,7.55,7.546,7.55,2
2007-11-23 02:48:00,7.567,7.567,7.567,7.567,1
2007-11-23 03:09:00,7.552,7.552,7.552,7.552,1
2007-11-23 03:19:00,7.586,7.586,7.586,7.586,1
2007-11-23 03:55:00,7.623,7.623,7.619,7.619,3
2007-11-23 03:56:00,7.634,7.634,7.634,7.634,1
2007-11-23 03:59:00,7.627,7.627,7.627,7.627,1
2007-11-23 04:54:00,7.641,7.641,7.641,7.641,1
2007-11-23 05:16:00,7.628,7.628,7.628,7.628,1
2007-11-23 06:45:00,7.624,7.624,7.624,7.624,1
2007-11-23 08:23:00,7.638,7.638,7.638,7.638,1
2007-11-23 08:27:00,7.621,7.621,7.621,7.621,1
2007-11-23 09:45:00,7.613,7.613,7.613,7.613,1
2007-11-23 09:57:00,7.62,7.62,7.62,7.62,1
2007-11-23 10:44:00,7.625,7.625,7.625,7.625,1
2007-11-23 10:50:00,7.664,7.664,7.647,7.647,5
2007-11-23 10:56:00,7.639,7.639,7.639,7.639,1
2007-11-23 11:39:00,7.664,7.664,7.664,7.664,1
2007-11-23 11:40:00,7.667,7.667,7.667,7.667,1
2007-11-23 11:42:00,7.668,7.678,7.668,7.678,2
2007-11-23 11:47:00,7.675,7.675,7.675,7.675,1
2007-11-23 11:53:00,7.673,7.673,7.673,7.673,1
2007-11-23 11:55:00,7.675,7.675,7.675,7.675,1
2007-11-23 11:56:00,7.678,7.678,7.678,7.678,1
2007-11-23 12:04:00,7.692,7.692,7.692,7.692,1
2007-11-23 12:08:00,7.701,7.701,7.697,7.697,2
2007-11-23 12:10:00,7.714,7.715,7.711,7.711,4
2007-11-23 12:11:00,7.706,7.706,7.701,7.701,2
2007-11-23 12:12:00,7.702,7.702,7.702,7.702,1
2007-11-23 12:13:00,7.706,7.706,7.706,7.706,1
2007-11-23 12:14:00,7.701,7.714,7.701,7.714,2
2007-11-23 12:23:00,7.715,7.715,7.715,7.715,1
2007-11-23 12:33:00,7.688,7.705,7.688,7.705,2
2007-11-23 12:37:00,7.679,7.679,7.679,7.679,1
2007-11-23 12:46:00,7.68,7.68,7.68,7.68,1
2007-11-23 12:49:00,7.699,7.699,7.688,7.688,2
2007-11-23 12:53:00,7.683,7.683,7.681,7.683,3
2007-11-23 12:54:00,7.692,7.692,7.692,7.692,1
2007-11-23 12:55:00,7.678,7.678,7.678,7.678,1
2007-11-23 13:06:00,7.691,7.691,7.691,7.691,1
2007-11-23 13:12:00,7.694,7.694,7.694,7.694,1
2007-11-23 13:14:00,7.703,7.703,7.703,7.703,1
2007-11-23 13:16:00,7.678,7.678,7.678,7.678,1
2007-11-23 13:20:00,7.672,7.672,7.672,7.672,1
2007-11-23 13:25:00,7.667,7.667,7.662,7.662,2
2007-11-23 13:27:00,7.661,7.661,7.661,7.661,1
2007-11-23 13:28:00,7.668,7.668,7.668,7.668,1
2007-11-23 13:30:00,7.664,7.664,7.664,7.664,1
2007-11-23 13:35:00,7.669,7.669,7.669,7.669,1
2007-11-23 13:38:00,7.664,7.664,7.664,7.664,1
2007-11-23 13:39:00,7.674,7.674,7.674,7.674,1
2007-11-23 13:42:00,7.683,7.683,7.683,7.683,1
2007-11-23 13:46:00,7.679,7.682,7.679,7.682,2
2007-11-23 13:53:00,7.694,7.694,7.694,7.694,1
2007-11-23 13:58:00,7.708,7.708,7.708,7.708,1
2007-11-23 14:00:00,7.712,7.717,7.701,7.705,24
2007-11-23 14:01:00,7.698,7.711,7.698,7.711,5
2007-11-23 14:02:00,7.702,7.704,7.698,7.704,4
2007-11-23 14:03:00,7.703,7.703,7.698,7.698,3
2007-11-23 14:04:00,7.698,7.702,7.698,7.698,3
2007-11-23 14:05:00,7.693,7.693,7.693,7.693,1
2007-11-23 14:06:00,7.693,7.697,7.689,7.697,7
2007-11-23 14:07:00,7.685,7.689,7.685,7.689,3
2007-11-23 14:08:00,7.679,7.685,7.679,7.684,4
2007-11-23 14:10:00,7.681,7.681,7.681,7.681,1
2007-11-23 14:11:00,7.676,7.676,7.676,7.676,1
2007-11-23 14:12:00,7.676,7.68,7.676,7.68,3
2007-11-23 14:15:00,7.669,7.674,7.669,7.674,2
2007-11-23 14:16:00,7.661,7.661,7.661,7.661,1
2007-11-23 14:18:00,7.658,7.658,7.658,7.658,1
2007-11-23 14:19:00,7.665,7.665,7.655,7.655,4
2007-11-23 14:20:00,7.666,7.679,7.666,7.667,8
2007-11-23 14:21:00,7.664,7.664,7.664,7.664,1
2007-11-23 14:22:00,7.666,7.666,7.666,7.666,1
2007-11-23 14:23:00,7.672,7.672,7.668,7.668,3
2007-11-23 14:24:00,7.676,7.676,7.676,7.676,1
2007-11-23 14:30:00,7.679,7.679,7.679,7.679,1
2007-11-23 14:31:00,7.682,7.682,7.682,7.682,1
2007-11-23 14:32:00,7.676,7.678,7.676,7.678,2
2007-11-23 14:33:00,7.684,7.684,7.684,7.684,1
2007-11-23 14:36:00,7.681,7.681,7.681,7.681,1
2007-11-23 14:37:00,7.681,7.683,7.681,7.683,2
2007-11-23 14:38:00,7.674,7.679,7.674,7.679,2
2007-11-23 14:41:00,7.684,7.684,7.677,7.677,3
2007-11-23 14:43:00,7.684,7.684,7.68,7.68,2
2007-11-23 14:45:00,7.678,7.682,7.678,7.682,2
2007-11-23 14:47:00,7.683,7.683,7.683,7.683,1
2007-11-23 14:49:00,7.679,7.679,7.679,7.679,1
2007-11-23 14:50:00,7.685,7.685,7.683,7.683,2
2007-11-23 14:56:00,7.679,7.681,7.679,7.681,2
2007-11-23 14:57:00,7.686,7.686,7.686,7.686,1
2007-11-23 14:59:00,7.688,7.688,7.688,7.688,1
2007-11-23 15:00:00,7.69,7.69,7.69,7.69,1
2007-11-23 15:01:00,7.688,7.688,7.688,7.688,1
2007-11-23 15:02:00,7.691,7.691,7.691,7.691,1
2007-11-23 15:06:00,7.689,7.689,7.689,7.689,1
2007-11-23 15:07:00,7.689,7.693,7.689,7.691,3
2007-11-23 15:08:00,7.689,7.689,7.687,7.687,2
2007-11-23 15:09:00,7.694,7.694,7.692,7.692,2
2007-11-23 15:11:00,7.689,7.689,7.689,7.689,1
2007-11-23 15:12:00,7.687,7.689,7.686,7.686,3
2007-11-23 15:14:00,7.685,7.685,7.685,7.685,1
2007-11-23 15:15:00,7.685,7.692,7.685,7.687,6
2007-11-23 15:17:00,7.689,7.689,7.689,7.689,1
2007-11-23 15:18:00,7.691,7.691,7.685,7.685,2
2007-11-23 15:19:00,7.689,7.695,7.689,7.693,4
2007-11-23 15:20:00,7.679,7.686,7.679,7.686,5
2007-11-23 15:21:00,7.667,7.673,7.667,7.671,6
2007-11-23 15:22:00,7.663,7.663,7.663,7.663,1
2007-11-23 15:23:00,7.658,7.66,7.658,7.66,2
2007-11-23 15:24:00,7.673,7.673,7.66,7.66,4
2007-11-23 15:25:00,7.674,7.674,7.67,7.67,2
2007-11-23 15:26:00,7.672,7.672,7.672,7.672,1
2007-11-23 15:27:00,7.674,7.674,7.674,7.674,1
2007-11-23 15:33:00,7.679,7.679,7.679,7.679,1
2007-11-23 15:35:00,7.685,7.685,7.681,7.681,2
2007-11-23 15:36:00,7.694,7.694,7.687,7.687,3
2007-11-23 15:37:00,7.689,7.692,7.689,7.692,2
2007-11-23 15:38:00,7.685,7.685,7.685,7.685,1
2007-11-23 15:39:00,7.688,7.688,7.688,7.688,1
2007-11-23 15:42:00,7.686,7.691,7.686,7.691,3
2007-11-23 15:43:00,7.684,7.684,7.684,7.684,1
2007-11-23 15:44:00,7.693,7.693,7.686,7.686,3
2007-11-23 15:48:00,7.694,7.694,7.691,7.691,2
2007-11-23 15:49:00,7.693,7.693,7.691,7.691,2
2007-11-23 15:50:00,7.691,7.691,7.691,7.691,1
2007-11-23 15:51:00,7.696,7.696,7.693,7.693,2
2007-11-23 15:52:00,7.694,7.694,7.694,7.694,1
2007-11-23 15:53:00,7.703,7.703,7.692,7.692,7
2007-11-23 15:54:00,7.703,7.705,7.703,7.705,2
2007-11-23 15:55:00,7.702,7.702,7.702,7.702,1
2007-11-23 15:56:00,7.696,7.7,7.696,7.7,3
2007-11-23 15:57:00,7.696,7.699,7.694,7.694,3
2007-11-23 15:58:00,7.698,7.698,7.698,7.698,1
2007-11-23 15:59:00,7.694,7.694,7.694,7.694,1
2007-11-23 16:00:00,7.699,7.701,7.696,7.696,4
2007-11-23 16:02:00,7.703,7.703,7.701,7.701,2
2007-11-23 16:03:00,7.704,7.705,7.704,7.705,2
2007-11-23 16:04:00,7.704,7.707,7.702,7.705,5
2007-11-23 16:05:00,7.713,7.713,7.701,7.701,7
2007-11-23 16:06:00,7.709,7.709,7.709,7.709,1
2007-11-23 16:08:00,7.713,7.718,7.713,7.718,2
2007-11-23 16:09:00,7.718,7.718,7.718,7.718,1
2007-11-23 16:11:00,7.718,7.718,7.712,7.716,5
2007-11-23 16:12:00,7.72,7.72,7.72,7.72,1
2007-11-23 16:13:00,7.728,7.733,7.722,7.722,8
2007-11-23 16:14:00,7.716,7.726,7.716,7.726,4
2007-11-23 16:15:00,7.713,7.713,7.713,7.713,1
2007-11-23 16:16:00,7.709,7.709,7.709,7.709,1
2007-11-23 16:17:00,7.7,7.706,7.7,7.706,4
2007-11-23 16:18:00,7.694,7.698,7.694,7.698,3
2007-11-23 16:19:00,7.69,7.698,7.69,7.696,5
2007-11-23 16:20:00,7.692,7.692,7.692,7.692,1
2007-11-23 16:21:00,7.695,7.695,7.695,7.695,1
2007-11-23 16:23:00,7.698,7.7,7.698,7.698,3
2007-11-23 16:24:00,7.697,7.7,7.697,7.7,4
2007-11-23 16:25:00,7.699,7.699,7.699,7.699,1
2007-11-23 16:26:00,7.701,7.704,7.701,7.704,2
2007-11-23 16:27:00,7.708,7.708,7.705,7.705,2
2007-11-23 16:28:00,7.71,7.71,7.71,7.71,1
2007-11-23 16:31:00,7.711,7.713,7.711,7.713,2
2007-11-23 16:32:00,7.716,7.716,7.714,7.714,2
2007-11-23 16:33:00,7.718,7.718,7.718,7.718,1
2007-11-23 16:35:00,7.723,7.723,7.721,7.723,3
2007-11-23 16:36:00,7.717,7.722,7.712,7.718,6
2007-11-23 16:37:00,7.716,7.716,7.712,7.712,3
2007-11-23 16:38:00,7.721,7.721,7.718,7.718,2
2007-11-23 16:39:00,7.716,7.716,7.716,7.716,1
2007-11-23 16:41:00,7.72,7.72,7.718,7.718,2
2007-11-23 16:42:00,7.725,7.725,7.72,7.722,4
2007-11-23 16:43:00,7.729,7.729,7.725,7.727,3
2007-11-23 16:44:00,7.738,7.738,7.731,7.731,5
2007-11-23 16:45:00,7.748,7.75,7.74,7.74,7
2007-11-23 16:46:00,7.745,7.747,7.745,7.745,3
2007-11-23 16:47:00,7.742,7.748,7.742,7.747,7
2007-11-23 16:48:00,7.737,7.737,7.737,7.737,1
2007-11-23 16:50:00,7.725,7.733,7.725,7.733,5
2007-11-23 16:51:00,7.727,7.727,7.727,7.727,1
2007-11-23 16:52:00,7.723,7.723,7.723,7.723,1
2007-11-23 16:54:00,7.725,7.725,7.725,7.725,1
2007-11-23 16:55:00,7.728,7.728,7.728,7.728,1
2007-11-23 16:57:00,7.733,7.733,7.733,7.733,1
2007-11-23 16:59:00,7.727,7.733,7.727,7.728,5
2007-11-23 17:00:00,7.729,7.729,7.729,7.729,1
2007-11-23 17:01:00,7.727,7.727,7.727,7.727,1
2007-11-23 17:02:00,7.724,7.727,7.723,7.723,4
2007-11-23 17:04:00,7.717,7.717,7.717,7.717,1
2007-11-23 17:05:00,7.717,7.717,7.715,7.715,2
2007-11-23 17:06:00,7.724,7.724,7.722,7.722,2
2007-11-23 17:07:00,7.72,7.72,7.72,7.72,1
2007-11-23 17:09:00,7.723,7.723,7.723,7.723,1
2007-11-23 17:10:00,7.72,7.72,7.72,7.72,1
2007-11-23 17:11:00,7.717,7.717,7.714,7.714,4
2007-11-23 17:12:00,7.714,7.714,7.714,7.714,1
2007-11-23 17:13:00,7.72,7.72,7.72,7.72,1
2007-11-23 17:14:00,7.727,7.727,7.727,7.727,1
2007-11-23 17:16:00,7.732,7.732,7.73,7.73,2
2007-11-23 17:17:00,7.733,7.735,7.733,7.735,2
2007-11-23 17:19:00,7.73,7.73,7.73,7.73,1
2007-11-23 17:20:00,7.728,7.728,7.728,7.728,1
2007-11-23 17:22:00,7.731,7.731,7.731,7.731,1
2007-11-23 17:23:00,7.733,7.733,7.733,7.733,1
2007-11-23 17:25:00,7.728,7.728,7.728,7.728,1
2007-11-23 17:26:00,7.734,7.734,7.734,7.734,1
2007-11-23 17:28:00,7.728,7.728,7.728,7.728,1
2007-11-23 17:30:00,7.726,7.726,7.726,7.726,1
2007-11-23 17:32:00,7.723,7.723,7.723,7.723,1
2007-11-23 17:33:00,7.721,7.723,7.72,7.72,3
2007-11-23 17:34:00,7.711,7.719,7.711,7.719,19
2007-11-23 17:35:00,7.717,7.717,7.713,7.713,2
2007-11-23 17:36:00,7.715,7.715,7.715,7.715,1
2007-11-23 17:37:00,7.717,7.717,7.717,7.717,1
2007-11-23 17:38:00,7.709,7.713,7.709,7.713,3
2007-11-23 17:39:00,7.712,7.712,7.707,7.707,3
2007-11-23 17:40:00,7.709,7.709,7.709,7.709,1
2007-11-23 17:41:00,7.707,7.707,7.707,7.707,1
2007-11-23 17:42:00,7.703,7.703,7.703,7.703,1
2007-11-23 17:47:00,7.697,7.702,7.697,7.7,6
2007-11-23 17:50:00,7.697,7.697,7.694,7.694,2
2007-11-23 17:52:00,7.695,7.695,7.695,7.695,1
2007-11-23 17:55:00,7.696,7.696,7.696,7.696,1
2007-11-23 17:56:00,7.699,7.699,7.696,7.699,3
2007-11-23 18:00:00,7.697,7.699,7.696,7.696,3
2007-11-23 18:01:00,7.695,7.695,7.695,7.695,1
2007-11-23 18:02:00,7.699,7.699,7.696,7.696,2
2007-11-23 18:09:00,7.705,7.705,7.705,7.705,1
2007-11-23 18:12:00,7.709,7.709,7.7,7.7,2
2007-11-23 18:13:00,7.713,7.713,7.713,7.713,1
2007-11-23 18:14:00,7.715,7.715,7.715,7.715,1
2007-11-23 18:15:00,7.711,7.711,7.711,7.711,1
2007-11-23 18:19:00,7.713,7.713,7.713,7.713,1
2007-11-23 18:21:00,7.711,7.711,7.711,7.711,1
2007-11-23 18:23:00,7.713,7.713,7.713,7.713,1
2007-11-23 18:26:00,7.719,7.719,7.716,7.716,2
2007-11-23 18:27:00,7.717,7.717,7.717,7.717,1
2007-11-23 18:28:00,7.718,7.721,7.714,7.72,6
2007-11-23 18:29:00,7.724,7.724,7.72,7.72,3
2007-11-23 18:30:00,7.727,7.727,7.727,7.727,1
2007-11-23 18:31:00,7.719,7.725,7.719,7.725,3
2007-11-23 18:38:00,7.725,7.725,7.725,7.725,1
2007-11-23 18:40:00,7.72,7.722,7.72,7.722,2
2007-11-23 18:42:00,7.711,7.718,7.711,7.718,2
2007-11-23 18:43:00,7.709,7.709,7.709,7.709,1
2007-11-23 18:48:00,7.711,7.711,7.711,7.711,1
2007-11-23 18:51:00,7.714,7.714,7.714,7.714,1
2007-11-23 18:54:00,7.716,7.716,7.716,7.716,1
2007-11-23 18:56:00,7.713,7.713,7.713,7.713,1
2007-11-23 18:58:00,7.709,7.709,7.709,7.709,1
2007-11-23 19:03:00,7.715,7.715,7.715,7.715,1
2007-11-23 19:06:00,7.712,7.712,7.712,7.712,1
2007-11-23 19:11:00,7.711,7.711,7.703,7.703,3
2007-11-23 19:17:00,7.702,7.704,7.702,7.704,2
2007-11-23 19:25:00,7.709,7.709,7.704,7.704,3
2007-11-23 19:27:00,7.712,7.712,7.712,7.712,1
2007-11-23 19:34:00,7.7,7.7,7.7,7.7,1
2007-11-23 19:45:00,7.722,7.722,7.701,7.701,2
2007-11-23 19:49:00,7.692,7.692,7.692,7.692,1
2007-11-23 21:56:00,7.695,7.695,7.695,7.695,1
2007-11-25 23:00:00,7.919,7.919,7.873,7.873,18
2007-11-25 23:01:00,7.911,7.92,7.911,7.911,3
2007-11-25 23:04:00,7.892,7.894,7.892,7.894,2
2007-11-25 23:13:00,7.894,7.904,7.894,7.904,2
2007-11-25 23:20:00,7.901,7.904,7.901,7.904,2
2007-11-25 23:22:00,7.912,7.912,7.912,7.912,1
2007-11-25 23:23:00,7.907,7.907,7.907,7.907,1
2007-11-25 23:25:00,7.916,7.916,7.912,7.912,2
2007-11-25 23:26:00,7.914,7.914,7.914,7.914,1
2007-11-25 23:28:00,7.899,7.905,7.899,7.905,2
2007-11-25 23:29:00,7.912,7.912,7.912,7.912,1
2007-11-25 23:32:00,7.909,7.909,7.909,7.909,1
2007-11-25 23:34:00,7.909,7.911,7.903,7.911,3
2007-11-25 23:40:00,7.916,7.916,7.916,7.916,1
2007-11-25 23:41:00,7.909,7.909,7.909,7.909,1
2007-11-25 23:47:00,7.917,7.917,7.917,7.917,1
2007-11-25 23:55:00,7.906,7.906,7.906,7.906,1
2007-11-26 00:15:00,7.911,7.911,7.911,7.911,1
2007-11-26 00:17:00,7.91,7.91,7.91,7.91,1
2007-11-26 00:30:00,7.912,7.912,7.912,7.912,1
2007-11-26 00:39:00,7.913,7.913,7.913,7.913,1
2007-11-26 00:41:00,7.921,7.921,7.921,7.921,1
2007-11-26 00:42:00,7.917,7.917,7.917,7.917,1
2007-11-26 00:43:00,7.904,7.919,7.904,7.919,6
2007-11-26 00:44:00,7.902,7.919,7.902,7.902,5
2007-11-26 00:45:00,7.897,7.9,7.897,7.9,2
2007-11-26 00:47:00,7.891,7.891,7.891,7.891,1
2007-11-26 00:48:00,7.887,7.889,7.887,7.889,2
2007-11-26 00:49:00,7.884,7.884,7.884,7.884,1
2007-11-26 00:50:00,7.883,7.887,7.883,7.887,3
2007-11-26 00:51:00,7.884,7.884,7.881,7.881,2
2007-11-26 02:08:00,7.899,7.899,7.899,7.899,1
2007-11-26 02:44:00,7.887,7.887,7.887,7.887,1
2007-11-26 03:09:00,7.893,7.893,7.893,7.893,1
2007-11-26 03:59:00,7.897,7.897,7.897,7.897,1
2007-11-26 04:16:00,7.911,7.911,7.911,7.911,1
2007-11-26 04:37:00,7.913,7.913,7.913,7.913,1
2007-11-26 04:54:00,7.909,7.909,7.909,7.909,1
2007-11-26 04:59:00,7.917,7.917,7.917,7.917,1
2007-11-26 05:03:00,7.92,7.92,7.92,7.92,1
2007-11-26 05:39:00,7.93,7.93,7.93,7.93,1
2007-11-26 07:07:00,7.928,7.928,7.928,7.928,1
2007-11-26 07:08:00,7.93,7.93,7.93,7.93,1
2007-11-26 07:18:00,7.928,7.928,7.928,7.928,1
2007-11-26 07:49:00,7.931,7.931,7.931,7.931,1
2007-11-26 07:53:00,7.935,7.935,7.935,7.935,1
2007-11-26 07:55:00,7.937,7.937,7.937,7.937,1
2007-11-26 07:56:00,7.931,7.931,7.931,7.931,1
2007-11-26 08:05:00,7.928,7.928,7.928,7.928,1
2007-11-26 08:17:00,7.926,7.926,7.926,7.926,1
2007-11-26 08:23:00,7.927,7.927,7.927,7.927,1
2007-11-26 08:29:00,7.919,7.919,7.919,7.919,1
2007-11-26 08:33:00,7.914,7.916,7.914,7.916,2
2007-11-26 08:45:00,7.923,7.923,7.919,7.923,3
2007-11-26 09:19:00,7.92,7.92,7.92,7.92,1
2007-11-26 09:22:00,7.917,7.917,7.915,7.915,2
2007-11-26 09:25:00,7.919,7.919,7.919,7.919,1
2007-11-26 10:02:00,7.915,7.915,7.915,7.915,1
2007-11-26 10:05:00,7.91,7.91,7.91,7.91,1
2007-11-26 10:07:00,7.925,7.925,7.925,7.925,1
2007-11-26 10:56:00,7.92,7.92,7.92,7.92,1
2007-11-26 10:57:00,7.925,7.925,7.925,7.925,1
2007-11-26 10:58:00,7.92,7.92,7.92,7.92,1
2007-11-26 11:23:00,7.929,7.929,7.916,7.916,3
2007-11-26 11:41:00,7.927,7.927,7.927,7.927,1
2007-11-26 11:55:00,7.947,7.947,7.935,7.935,2
2007-11-26 12:07:00,7.95,7.95,7.95,7.95,1
2007-11-26 12:08:00,7.949,7.949,7.944,7.944,2
2007-11-26 12:11:00,7.952,7.952,7.952,7.952,1
2007-11-26 12:14:00,7.945,7.949,7.945,7.949,2
2007-11-26 12:17:00,7.934,7.934,7.934,7.934,1
2007-11-26 12:25:00,7.954,7.954,7.952,7.952,2
2007-11-26 12:26:00,7.957,7.959,7.957,7.957,3
2007-11-26 12:41:00,7.948,7.948,7.948,7.948,1
2007-11-26 12:44:00,7.951,7.951,7.951,7.951,1
2007-11-26 12:45:00,7.957,7.957,7.957,7.957,1
2007-11-26 12:46:00,7.951,7.951,7.951,7.951,1
2007-11-26 12:49:00,7.957,7.957,7.957,7.957,1
2007-11-26 12:50:00,7.961,7.961,7.957,7.958,4
2007-11-26 12:53:00,7.96,7.96,7.956,7.959,3
2007-11-26 13:01:00,7.964,7.964,7.962,7.962,2
2007-11-26 13:09:00,7.945,7.96,7.945,7.95,3
2007-11-26 13:15:00,7.95,7.95,7.95,7.95,1
2007-11-26 13:17:00,7.959,7.959,7.955,7.955,2
2007-11-26 13:18:00,7.964,7.964,7.96,7.963,3
2007-11-26 13:21:00,7.974,7.974,7.974,7.974,1
2007-11-26 13:22:00,7.96,7.969,7.96,7.969,2
2007-11-26 13:23:00,7.95,7.955,7.95,7.955,2
2007-11-26 13:24:00,7.963,7.963,7.957,7.957,2
2007-11-26 13:25:00,7.95,7.952,7.95,7.952,4
2007-11-26 13:26:00,7.958,7.958,7.955,7.955,2
2007-11-26 13:27:00,7.935,7.945,7.935,7.945,3
2007-11-26 13:28:00,7.936,7.936,7.926,7.926,3
2007-11-26 13:29:00,7.921,7.921,7.919,7.919,2
2007-11-26 13:30:00,7.888,7.918,7.888,7.918,3
2007-11-26 13:31:00,7.898,7.898,7.898,7.898,1
2007-11-26 13:32:00,7.907,7.914,7.906,7.906,5
2007-11-26 13:33:00,7.909,7.909,7.909,7.909,1
2007-11-26 13:37:00,7.908,7.908,7.908,7.908,1
2007-11-26 13:40:00,7.899,7.899,7.899,7.899,1
2007-11-26 13:41:00,7.897,7.897,7.897,7.897,1
2007-11-26 13:43:00,7.909,7.909,7.909,7.909,1
2007-11-26 13:44:00,7.919,7.919,7.919,7.919,1
2007-11-26 13:45:00,7.897,7.897,7.897,7.897,1
2007-11-26 13:47:00,7.899,7.899,7.899,7.899,1
2007-11-26 13:48:00,7.907,7.907,7.903,7.903,2
2007-11-26 13:49:00,7.907,7.909,7.907,7.909,2
2007-11-26 13:50:00,7.92,7.92,7.916,7.916,2
2007-11-26 13:51:00,7.927,7.927,7.927,7.927,1
2007-11-26 13:52:00,7.922,7.922,7.922,7.922,1
2007-11-26 13:53:00,7.934,7.934,7.931,7.934,3
2007-11-26 13:54:00,7.936,7.937,7.934,7.937,3
2007-11-26 13:55:00,7.919,7.931,7.919,7.931,3
2007-11-26 13:57:00,7.92,7.928,7.92,7.924,4
2007-11-26 13:58:00,7.916,7.918,7.916,7.918,2
2007-11-26 13:59:00,7.929,7.929,7.919,7.919,5
2007-11-26 14:00:00,7.952,7.955,7.922,7.922,39
2007-11-26 14:01:00,7.955,7.962,7.948,7.955,33
2007-11-26 14:02:00,7.956,7.965,7.953,7.957,30
2007-11-26 14:03:00,7.952,7.96,7.952,7.96,12
2007-11-26 14:04:00,7.942,7.957,7.942,7.955,17
2007-11-26 14:05:00,7.943,7.945,7.938,7.945,10
2007-11-26 14:06:00,7.948,7.954,7.944,7.946,15
2007-11-26 14:07:00,7.948,7.951,7.948,7.951,2
2007-11-26 14:08:00,7.962,7.964,7.949,7.951,13
2007-11-26 14:09:00,7.96,7.96,7.955,7.959,5
2007-11-26 14:10:00,7.955,7.964,7.955,7.964,9
2007-11-26 14:11:00,7.955,7.96,7.954,7.958,5
2007-11-26 14:12:00,7.952,7.955,7.95,7.95,4
2007-11-26 14:13:00,7.943,7.948,7.942,7.948,10
2007-11-26 14:14:00,7.94,7.943,7.936,7.941,7
2007-11-26 14:15:00,7.93,7.936,7.926,7.936,8
2007-11-26 14:16:00,7.926,7.934,7.926,7.934,6
2007-11-26 14:17:00,7.912,7.925,7.912,7.923,10
2007-11-26 14:18:00,7.904,7.916,7.904,7.91,6
2007-11-26 14:19:00,7.91,7.91,7.893,7.902,25
2007-11-26 14:20:00,7.91,7.917,7.906,7.908,10
2007-11-26 14:21:00,7.915,7.918,7.913,7.913,5
2007-11-26 14:22:00,7.915,7.919,7.911,7.919,8
2007-11-26 14:23:00,7.917,7.917,7.915,7.917,3
2007-11-26 14:24:00,7.92,7.92,7.917,7.92,3
2007-11-26 14:25:00,7.922,7.924,7.922,7.924,2
2007-11-26 14:26:00,7.928,7.93,7.923,7.924,11
2007-11-26 14:27:00,7.934,7.934,7.93,7.93,3
2007-11-26 14:28:00,7.932,7.938,7.931,7.931,6
2007-11-26 14:29:00,7.929,7.929,7.929,7.929,1
2007-11-26 14:30:00,7.929,7.938,7.929,7.934,7
2007-11-26 14:31:00,7.923,7.927,7.921,7.927,5
2007-11-26 14:32:00,7.928,7.928,7.926,7.926,2
2007-11-26 14:33:00,7.928,7.93,7.926,7.93,4
2007-11-26 14:34:00,7.926,7.928,7.926,7.926,3
2007-11-26 14:35:00,7.938,7.938,7.926,7.929,9
2007-11-26 14:36:00,7.928,7.937,7.926,7.935,8
2007-11-26 14:37:00,7.928,7.932,7.928,7.93,6
2007-11-26 14:38:00,7.927,7.927,7.925,7.925,2
2007-11-26 14:39:00,7.931,7.931,7.929,7.929,2
2007-11-26 14:40:00,7.936,7.937,7.934,7.937,3
2007-11-26 14:41:00,7.941,7.945,7.937,7.94,8
2007-11-26 14:42:00,7.94,7.943,7.931,7.937,9
2007-11-26 14:43:00,7.934,7.938,7.933,7.937,6
2007-11-26 14:44:00,7.939,7.939,7.934,7.936,4
2007-11-26 14:45:00,7.937,7.937,7.937,7.937,1
2007-11-26 14:47:00,7.941,7.941,7.939,7.939,2
2007-11-26 14:48:00,7.94,7.943,7.94,7.943,2
2007-11-26 14:49:00,7.944,7.944,7.944,7.944,1
2007-11-26 14:50:00,7.939,7.941,7.939,7.941,2
2007-11-26 14:51:00,7.936,7.936,7.936,7.936,1
2007-11-26 14:52:00,7.936,7.936,7.934,7.934,2
2007-11-26 14:53:00,7.934,7.934,7.934,7.934,1
2007-11-26 14:55:00,7.931,7.934,7.929,7.931,5
2007-11-26 14:56:00,7.923,7.933,7.923,7.929,15
2007-11-26 14:57:00,7.923,7.925,7.923,7.925,2
2007-11-26 14:58:00,7.925,7.925,7.923,7.925,3
2007-11-26 15:00:00,7.927,7.927,7.927,7.927,1
2007-11-26 15:01:00,7.928,7.931,7.927,7.929,4
2007-11-26 15:02:00,7.927,7.929,7.926,7.926,3
2007-11-26 15:03:00,7.926,7.929,7.926,7.929,2
2007-11-26 15:04:00,7.927,7.93,7.927,7.928,3
2007-11-26 15:05:00,7.914,7.925,7.914,7.925,5
2007-11-26 15:06:00,7.918,7.92,7.911,7.911,5
2007-11-26 15:07:00,7.922,7.922,7.92,7.92,2
2007-11-26 15:08:00,7.923,7.923,7.92,7.92,2
2007-11-26 15:09:00,7.914,7.92,7.914,7.92,6
2007-11-26 15:10:00,7.894,7.911,7.889,7.911,12
2007-11-26 15:11:00,7.895,7.897,7.89,7.896,10
2007-11-26 15:12:00,7.895,7.898,7.895,7.896,7
2007-11-26 15:13:00,7.878,7.893,7.871,7.893,30
2007-11-26 15:14:00,7.887,7.891,7.882,7.882,13
2007-11-26 15:15:00,7.887,7.887,7.883,7.883,3
2007-11-26 15:16:00,7.878,7.883,7.874,7.883,10
2007-11-26 15:17:00,7.881,7.881,7.874,7.876,5
2007-11-26 15:18:00,7.883,7.886,7.877,7.877,5
2007-11-26 15:19:00,7.888,7.888,7.885,7.885,2
2007-11-26 15:20:00,7.878,7.886,7.878,7.886,11
2007-11-26 15:21:00,7.89,7.893,7.881,7.881,10
2007-11-26 15:22:00,7.888,7.888,7.886,7.888,3
2007-11-26 15:23:00,7.887,7.887,7.881,7.884,3
2007-11-26 15:24:00,7.899,7.899,7.891,7.891,5
2007-11-26 15:26:00,7.899,7.899,7.895,7.895,2
2007-11-26 15:27:00,7.9,7.9,7.9,7.9,1
2007-11-26 15:28:00,7.897,7.897,7.897,7.897,1
2007-11-26 15:29:00,7.899,7.899,7.896,7.899,3
2007-11-26 15:30:00,7.899,7.9,7.895,7.895,4
2007-11-26 15:31:00,7.886,7.901,7.883,7.901,11
2007-11-26 15:32:00,7.89,7.898,7.884,7.884,11
2007-11-26 15:33:00,7.89,7.892,7.888,7.892,6
2007-11-26 15:34:00,7.892,7.892,7.892,7.892,1
2007-11-26 15:35:00,7.888,7.891,7.883,7.889,7
2007-11-26 15:36:00,7.886,7.886,7.886,7.886,1
2007-11-26 15:37:00,7.889,7.889,7.879,7.884,12
2007-11-26 15:38:00,7.9,7.9,7.893,7.893,4
2007-11-26 15:39:00,7.902,7.903,7.901,7.901,6
2007-11-26 15:40:00,7.905,7.907,7.903,7.906,7
2007-11-26 15:41:00,7.908,7.908,7.908,7.908,1
2007-11-26 15:42:00,7.902,7.906,7.902,7.906,3
2007-11-26 15:43:00,7.903,7.905,7.903,7.905,2
2007-11-26 15:44:00,7.903,7.905,7.9,7.9,4
2007-11-26 15:45:00,7.904,7.904,7.9,7.9,2
2007-11-26 15:46:00,7.9,7.906,7.9,7.906,4
2007-11-26 15:47:00,7.895,7.898,7.884,7.898,17
2007-11-26 15:48:00,7.898,7.901,7.897,7.897,4
2007-11-26 15:49:00,7.903,7.903,7.901,7.901,2
2007-11-26 15:50:00,7.902,7.904,7.902,7.904,2
2007-11-26 15:51:00,7.899,7.903,7.895,7.9,10
2007-11-26 15:52:00,7.904,7.906,7.902,7.902,6
2007-11-26 15:53:00,7.905,7.911,7.905,7.906,8
2007-11-26 15:54:00,7.904,7.909,7.903,7.909,4
2007-11-26 15:55:00,7.907,7.907,7.904,7.906,4
2007-11-26 15:56:00,7.911,7.913,7.911,7.911,3
2007-11-26 15:57:00,7.905,7.91,7.901,7.907,8
2007-11-26 15:58:00,7.904,7.909,7.904,7.906,6
2007-11-26 15:59:00,7.903,7.908,7.902,7.905,8
2007-11-26 16:00:00,7.899,7.9,7.897,7.9,3
2007-11-26 16:01:00,7.901,7.901,7.901,7.901,1
2007-11-26 16:02:00,7.909,7.909,7.902,7.905,3
2007-11-26 16:03:00,7.917,7.917,7.907,7.907,5
2007-11-26 16:04:00,7.924,7.924,7.919,7.919,10
2007-11-26 16:05:00,7.915,7.92,7.91,7.92,6
2007-11-26 16:06:00,7.922,7.924,7.916,7.917,10
2007-11-26 16:07:00,7.918,7.92,7.918,7.92,2
2007-11-26 16:08:00,7.918,7.918,7.91,7.914,8
2007-11-26 16:09:00,7.924,7.924,7.915,7.92,7
2007-11-26 16:10:00,7.924,7.926,7.924,7.926,2
2007-11-26 16:11:00,7.922,7.924,7.922,7.922,3
2007-11-26 16:12:00,7.912,7.92,7.91,7.92,10
2007-11-26 16:13:00,7.907,7.908,7.905,7.908,4
2007-11-26 16:14:00,7.914,7.914,7.912,7.912,2
2007-11-26 16:15:00,7.905,7.912,7.905,7.912,3
2007-11-26 16:16:00,7.909,7.909,7.907,7.907,4
2007-11-26 16:17:00,7.91,7.915,7.905,7.911,9
2007-11-26 16:19:00,7.904,7.912,7.904,7.912,5
2007-11-26 16:20:00,7.9,7.905,7.899,7.899,5
2007-11-26 16:21:00,7.898,7.9,7.896,7.896,8
2007-11-26 16:22:00,7.89,7.9,7.885,7.9,11
2007-11-26 16:23:00,7.895,7.895,7.888,7.888,6
2007-11-26 16:24:00,7.902,7.902,7.893,7.893,4
2007-11-26 16:25:00,7.892,7.905,7.892,7.905,4
2007-11-26 16:26:00,7.901,7.901,7.888,7.89,5
2007-11-26 16:27:00,7.898,7.905,7.898,7.903,6
2007-11-26 16:28:00,7.903,7.903,7.898,7.9,4
2007-11-26 16:29:00,7.909,7.909,7.907,7.907,2
2007-11-26 16:30:00,7.907,7.909,7.901,7.907,9
2007-11-26 16:31:00,7.916,7.922,7.909,7.909,16
2007-11-26 16:32:00,7.915,7.922,7.911,7.919,11
2007-11-26 16:33:00,7.927,7.932,7.912,7.918,16
2007-11-26 16:34:00,7.908,7.924,7.908,7.924,11
2007-11-26 16:35:00,7.89,7.906,7.888,7.906,13
2007-11-26 16:36:00,7.878,7.889,7.874,7.887,13
2007-11-26 16:37:00,7.869,7.876,7.855,7.876,26
2007-11-26 16:38:00,7.869,7.869,7.864,7.867,6
2007-11-26 16:39:00,7.888,7.888,7.87,7.874,7
2007-11-26 16:40:00,7.893,7.893,7.886,7.886,7
2007-11-26 16:41:00,7.889,7.891,7.882,7.891,11
2007-11-26 16:42:00,7.894,7.894,7.891,7.891,2
2007-11-26 16:43:00,7.897,7.905,7.891,7.898,8
2007-11-26 16:44:00,7.903,7.903,7.897,7.899,6
2007-11-26 16:45:00,7.887,7.901,7.887,7.901,6
2007-11-26 16:46:00,7.892,7.897,7.884,7.884,7
2007-11-26 16:47:00,7.902,7.902,7.894,7.894,6
2007-11-26 16:48:00,7.905,7.905,7.901,7.904,4
2007-11-26 16:49:00,7.897,7.901,7.897,7.899,6
2007-11-26 16:50:00,7.892,7.903,7.891,7.902,8
2007-11-26 16:51:00,7.869,7.888,7.869,7.888,9
2007-11-26 16:52:00,7.877,7.877,7.871,7.871,6
2007-11-26 16:53:00,7.877,7.879,7.875,7.879,4
2007-11-26 16:54:00,7.884,7.886,7.88,7.88,5
2007-11-26 16:55:00,7.881,7.886,7.881,7.886,2
2007-11-26 16:56:00,7.881,7.887,7.876,7.885,9
2007-11-26 16:57:00,7.882,7.883,7.879,7.879,4
2007-11-26 16:58:00,7.883,7.886,7.879,7.879,7
2007-11-26 16:59:00,7.879,7.883,7.879,7.881,6
2007-11-26 17:00:00,7.879,7.886,7.879,7.881,7
2007-11-26 17:01:00,7.879,7.881,7.879,7.881,2
2007-11-26 17:02:00,7.851,7.877,7.843,7.877,25
2007-11-26 17:03:00,7.823,7.848,7.798,7.848,44
2007-11-26 17:04:00,7.818,7.831,7.818,7.826,20
2007-11-26 17:05:00,7.827,7.827,7.806,7.815,16
2007-11-26 17:06:00,7.83,7.833,7.821,7.825,18
2007-11-26 17:07:00,7.834,7.834,7.832,7.832,2
2007-11-26 17:08:00,7.827,7.832,7.827,7.832,7
2007-11-26 17:09:00,7.83,7.832,7.826,7.83,7
2007-11-26 17:10:00,7.83,7.835,7.83,7.831,5
2007-11-26 17:11:00,7.809,7.829,7.809,7.829,14
2007-11-26 17:12:00,7.825,7.825,7.811,7.811,6
2007-11-26 17:13:00,7.811,7.823,7.811,7.823,9
2007-11-26 17:14:00,7.822,7.822,7.814,7.814,5
2007-11-26 17:15:00,7.814,7.818,7.814,7.818,3
2007-11-26 17:16:00,7.794,7.811,7.787,7.811,15
2007-11-26 17:17:00,7.809,7.815,7.796,7.796,12
2007-11-26 17:18:00,7.813,7.813,7.802,7.806,7
2007-11-26 17:19:00,7.812,7.821,7.805,7.816,15
2007-11-26 17:20:00,7.812,7.814,7.802,7.805,10
2007-11-26 17:21:00,7.803,7.814,7.803,7.814,6
2007-11-26 17:22:00,7.801,7.808,7.801,7.805,7
2007-11-26 17:23:00,7.786,7.808,7.78,7.803,18
2007-11-26 17:24:00,7.797,7.797,7.786,7.79,15
2007-11-26 17:25:00,7.804,7.808,7.8,7.8,8
2007-11-26 17:26:00,7.81,7.814,7.806,7.806,5
2007-11-26 17:27:00,7.815,7.815,7.813,7.813,2
2007-11-26 17:28:00,7.82,7.822,7.811,7.82,11
2007-11-26 17:29:00,7.817,7.817,7.817,7.817,1
2007-11-26 17:30:00,7.822,7.826,7.819,7.819,6
2007-11-26 17:31:00,7.828,7.828,7.824,7.824,3
2007-11-26 17:32:00,7.83,7.83,7.83,7.83,1
2007-11-26 17:33:00,7.831,7.831,7.824,7.824,3
2007-11-26 17:34:00,7.827,7.827,7.827,7.827,1
2007-11-26 17:35:00,7.824,7.824,7.824,7.824,1
2007-11-26 17:37:00,7.803,7.822,7.802,7.82,16
2007-11-26 17:38:00,7.814,7.814,7.8,7.8,8
2007-11-26 17:39:00,7.818,7.818,7.816,7.816,2
2007-11-26 17:40:00,7.814,7.816,7.814,7.816,2
2007-11-26 17:41:00,7.818,7.819,7.814,7.816,6
2007-11-26 17:42:00,7.802,7.816,7.8,7.816,6
2007-11-26 17:43:00,7.796,7.8,7.793,7.8,8
2007-11-26 17:44:00,7.797,7.806,7.795,7.798,9
2007-11-26 17:45:00,7.784,7.795,7.778,7.795,13
2007-11-26 17:46:00,7.792,7.794,7.783,7.786,11
2007-11-26 17:47:00,7.795,7.797,7.789,7.79,5
2007-11-26 17:48:00,7.796,7.798,7.792,7.792,4
2007-11-26 17:49:00,7.791,7.801,7.787,7.799,8
2007-11-26 17:50:00,7.78,7.787,7.774,7.787,20
2007-11-26 17:51:00,7.783,7.783,7.778,7.782,8
2007-11-26 17:52:00,7.792,7.792,7.785,7.785,5
2007-11-26 17:53:00,7.787,7.79,7.784,7.79,5
2007-11-26 17:54:00,7.791,7.791,7.786,7.791,4
2007-11-26 17:55:00,7.792,7.798,7.792,7.793,5
2007-11-26 17:56:00,7.787,7.795,7.787,7.795,4
2007-11-26 17:57:00,7.79,7.793,7.785,7.785,7
2007-11-26 17:58:00,7.796,7.796,7.792,7.792,5
2007-11-26 17:59:00,7.803,7.805,7.798,7.798,5
2007-11-26 18:00:00,7.802,7.806,7.802,7.806,5
2007-11-26 18:01:00,7.804,7.804,7.804,7.804,1
2007-11-26 18:02:00,7.808,7.808,7.806,7.806,4
2007-11-26 18:03:00,7.816,7.816,7.811,7.811,4
2007-11-26 18:04:00,7.814,7.821,7.812,7.812,5
2007-11-26 18:05:00,7.811,7.819,7.811,7.819,4
2007-11-26 18:06:00,7.802,7.809,7.802,7.809,2
2007-11-26 18:07:00,7.809,7.809,7.805,7.805,3
2007-11-26 18:08:00,7.813,7.816,7.811,7.811,10
2007-11-26 18:09:00,7.814,7.821,7.814,7.816,5
2007-11-26 18:10:00,7.808,7.814,7.803,7.812,15
2007-11-26 18:11:00,7.805,7.808,7.802,7.805,10
2007-11-26 18:12:00,7.804,7.805,7.801,7.803,6
2007-11-26 18:13:00,7.802,7.804,7.8,7.802,5
2007-11-26 18:14:00,7.804,7.804,7.8,7.8,4
2007-11-26 18:15:00,7.797,7.802,7.797,7.802,6
2007-11-26 18:16:00,7.798,7.8,7.798,7.8,2
2007-11-26 18:17:00,7.798,7.798,7.792,7.792,6
2007-11-26 18:18:00,7.787,7.796,7.787,7.796,5
2007-11-26 18:19:00,7.793,7.793,7.789,7.789,5
2007-11-26 18:20:00,7.79,7.795,7.79,7.795,2
2007-11-26 18:21:00,7.798,7.798,7.792,7.792,3
2007-11-26 18:22:00,7.789,7.796,7.787,7.796,9
2007-11-26 18:23:00,7.787,7.792,7.787,7.792,3
2007-11-26 18:25:00,7.783,7.785,7.783,7.783,3
2007-11-26 18:26:00,7.782,7.782,7.779,7.781,5
2007-11-26 18:27:00,7.776,7.785,7.771,7.78,13
2007-11-26 18:28:00,7.766,7.774,7.762,7.774,6
2007-11-26 18:29:00,7.773,7.773,7.763,7.77,9
2007-11-26 18:30:00,7.769,7.771,7.759,7.771,10
2007-11-26 18:31:00,7.767,7.771,7.767,7.771,3
2007-11-26 18:32:00,7.773,7.773,7.769,7.769,4
2007-11-26 18:33:00,7.766,7.772,7.766,7.77,4
2007-11-26 18:34:00,7.771,7.771,7.769,7.771,3
2007-11-26 18:35:00,7.782,7.782,7.773,7.773,6
2007-11-26 18:36:00,7.766,7.783,7.766,7.78,10
2007-11-26 18:37:00,7.747,7.763,7.747,7.763,11
2007-11-26 18:38:00,7.757,7.759,7.744,7.745,11
2007-11-26 18:39:00,7.767,7.767,7.759,7.759,7
2007-11-26 18:40:00,7.765,7.765,7.765,7.765,1
2007-11-26 18:41:00,7.764,7.768,7.761,7.762,7
2007-11-26 18:42:00,7.757,7.762,7.757,7.76,6
2007-11-26 18:43:00,7.759,7.759,7.75,7.754,4
2007-11-26 18:44:00,7.755,7.76,7.752,7.76,6
2007-11-26 18:45:00,7.762,7.762,7.754,7.758,7
2007-11-26 18:46:00,7.76,7.76,7.758,7.76,3
2007-11-26 18:47:00,7.76,7.76,7.755,7.757,7
2007-11-26 18:48:00,7.754,7.758,7.754,7.758,4
2007-11-26 18:49:00,7.732,7.751,7.731,7.751,14
2007-11-26 18:50:00,7.735,7.744,7.732,7.733,15
2007-11-26 18:51:00,7.732,7.74,7.732,7.733,6
2007-11-26 18:52:00,7.73,7.733,7.726,7.733,7
2007-11-26 18:53:00,7.706,7.728,7.696,7.728,26
2007-11-26 18:54:00,7.692,7.703,7.691,7.703,10
2007-11-26 18:55:00,7.694,7.695,7.681,7.695,15
2007-11-26 18:56:00,7.696,7.699,7.692,7.697,12
2007-11-26 18:57:00,7.697,7.699,7.692,7.694,7
2007-11-26 18:58:00,7.703,7.704,7.699,7.699,7
2007-11-26 18:59:00,7.71,7.71,7.704,7.705,6
2007-11-26 19:00:00,7.719,7.722,7.706,7.713,11
2007-11-26 19:01:00,7.721,7.721,7.715,7.715,4
2007-11-26 19:02:00,7.731,7.731,7.722,7.725,6
2007-11-26 19:03:00,7.744,7.744,7.733,7.733,6
2007-11-26 19:04:00,7.742,7.751,7.734,7.746,13
2007-11-26 19:05:00,7.738,7.748,7.738,7.744,10
2007-11-26 19:06:00,7.73,7.742,7.73,7.74,6
2007-11-26 19:07:00,7.74,7.744,7.732,7.732,8
2007-11-26 19:08:00,7.737,7.738,7.726,7.738,14
2007-11-26 19:09:00,7.722,7.735,7.721,7.735,11
2007-11-26 19:10:00,7.722,7.729,7.722,7.724,8
2007-11-26 19:11:00,7.721,7.726,7.721,7.724,6
2007-11-26 19:12:00,7.721,7.724,7.719,7.724,3
2007-11-26 19:13:00,7.723,7.726,7.715,7.718,11
2007-11-26 19:14:00,7.723,7.727,7.723,7.725,4
2007-11-26 19:15:00,7.721,7.725,7.718,7.725,8
2007-11-26 19:16:00,7.718,7.723,7.718,7.723,5
2007-11-26 19:17:00,7.733,7.733,7.723,7.723,10
2007-11-26 19:18:00,7.731,7.734,7.728,7.728,6
2007-11-26 19:19:00,7.735,7.735,7.735,7.735,1
2007-11-26 19:20:00,7.736,7.738,7.736,7.737,5
2007-11-26 19:21:00,7.725,7.733,7.723,7.733,9
2007-11-26 19:22:00,7.724,7.727,7.724,7.727,2
2007-11-26 19:23:00,7.726,7.726,7.726,7.726,1
2007-11-26 19:24:00,7.728,7.728,7.726,7.728,3
2007-11-26 19:25:00,7.74,7.741,7.731,7.731,11
2007-11-26 19:26:00,7.75,7.754,7.742,7.742,12
2007-11-26 19:27:00,7.761,7.761,7.752,7.752,8
2007-11-26 19:28:00,7.756,7.763,7.756,7.763,7
2007-11-26 19:29:00,7.748,7.756,7.747,7.754,7
2007-11-26 19:30:00,7.753,7.753,7.75,7.75,2
2007-11-26 19:31:00,7.759,7.759,7.757,7.757,2
2007-11-26 19:34:00,7.749,7.757,7.749,7.757,2
2007-11-26 19:38:00,7.749,7.751,7.749,7.751,2
2007-11-26 19:39:00,7.742,7.745,7.742,7.745,2
2007-11-26 19:41:00,7.741,7.744,7.741,7.744,2
2007-11-26 19:42:00,7.743,7.743,7.743,7.743,1
2007-11-26 19:44:00,7.741,7.741,7.741,7.741,1
2007-11-26 19:50:00,7.746,7.746,7.744,7.744,2
2007-11-26 20:00:00,7.748,7.748,7.748,7.748,1
2007-11-26 20:01:00,7.746,7.746,7.746,7.746,1
2007-11-26 20:04:00,7.755,7.755,7.745,7.745,2
2007-11-26 20:11:00,7.747,7.747,7.747,7.747,1
2007-11-26 20:21:00,7.751,7.751,7.751,7.751,1
2007-11-26 20:24:00,7.748,7.748,7.748,7.748,1
2007-11-26 20:32:00,7.738,7.738,7.738,7.738,1
2007-11-26 20:34:00,7.745,7.745,7.745,7.745,1
2007-11-26 20:39:00,7.76,7.76,7.76,7.76,1
2007-11-26 20:40:00,7.762,7.762,7.762,7.762,1
2007-11-26 20:48:00,7.756,7.756,7.756,7.756,1
2007-11-26 20:49:00,7.753,7.753,7.753,7.753,1
2007-11-26 20:53:00,7.75,7.75,7.75,7.75,1
2007-11-26 20:56:00,7.745,7.745,7.745,7.745,1
2007-11-26 20:58:00,7.752,7.752,7.752,7.752,1
2007-11-26 20:59:00,7.75,7.75,7.75,7.75,1
2007-11-26 21:03:00,7.757,7.757,7.757,7.757,1
2007-11-26 21:22:00,7.759,7.759,7.756,7.756,2
2007-11-26 21:26:00,7.747,7.747,7.747,7.747,1
2007-11-26 21:40:00,7.749,7.749,7.749,7.749,1
2007-11-26 21:49:00,7.742,7.744,7.742,7.744,2
2007-11-26 21:50:00,7.74,7.74,7.74,7.74,1
2007-11-26 21:51:00,7.754,7.754,7.752,7.752,2
2007-11-26 21:52:00,7.744,7.744,7.744,7.744,1
2007-11-26 22:09:00,7.739,7.739,7.739,7.739,1
2007-11-26 23:00:00,7.741,7.741,7.741,7.741,1
2007-11-26 23:03:00,7.746,7.755,7.746,7.755,2
2007-11-26 23:04:00,7.759,7.759,7.759,7.759,1
2007-11-26 23:07:00,7.75,7.75,7.75,7.75,1
2007-11-26 23:08:00,7.746,7.746,7.746,7.746,1
2007-11-26 23:09:00,7.733,7.733,7.733,7.733,1
2007-11-26 23:16:00,7.756,7.756,7.752,7.752,2
2007-11-26 23:50:00,7.74,7.74,7.74,7.74,1
2007-11-27 00:13:00,7.775,7.775,7.756,7.756,3
2007-11-27 00:14:00,7.789,7.789,7.785,7.785,2
2007-11-27 00:15:00,7.784,7.784,7.784,7.784,1
2007-11-27 01:44:00,7.772,7.772,7.77,7.77,2
2007-11-27 01:47:00,7.747,7.747,7.747,7.747,1
2007-11-27 01:49:00,7.762,7.762,7.762,7.762,1
2007-11-27 03:11:00,7.766,7.766,7.766,7.766,1
2007-11-27 04:09:00,7.761,7.761,7.761,7.761,1
2007-11-27 04:28:00,7.769,7.769,7.769,7.769,1
2007-11-27 04:31:00,7.765,7.765,7.765,7.765,1
2007-11-27 04:34:00,7.755,7.755,7.755,7.755,1
2007-11-27 04:59:00,7.74,7.742,7.74,7.742,2
2007-11-27 05:00:00,7.738,7.738,7.738,7.738,1
2007-11-27 05:05:00,7.733,7.733,7.733,7.733,1
2007-11-27 05:06:00,7.729,7.729,7.729,7.729,1
2007-11-27 05:54:00,7.735,7.735,7.735,7.735,1
2007-11-27 06:04:00,7.738,7.738,7.738,7.738,1
2007-11-27 07:37:00,7.736,7.736,7.736,7.736,1
2007-11-27 07:53:00,7.749,7.749,7.749,7.749,1
2007-11-27 08:53:00,7.734,7.734,7.734,7.734,1
2007-11-27 09:09:00,7.742,7.742,7.742,7.742,1
2007-11-27 09:15:00,7.738,7.738,7.738,7.738,1
2007-11-27 10:12:00,7.732,7.732,7.732,7.732,1
2007-11-27 10:17:00,7.73,7.73,7.73,7.73,1
2007-11-27 10:18:00,7.726,7.726,7.726,7.726,1
2007-11-27 10:27:00,7.717,7.717,7.717,7.717,1
2007-11-27 10:35:00,7.725,7.725,7.707,7.715,5
2007-11-27 10:52:00,7.697,7.706,7.697,7.706,3
2007-11-27 10:56:00,7.7,7.7,7.7,7.7,1
2007-11-27 11:19:00,7.697,7.697,7.697,7.697,1
2007-11-27 11:20:00,7.692,7.692,7.692,7.692,1
2007-11-27 11:26:00,7.693,7.693,7.693,7.693,1
2007-11-27 11:34:00,7.695,7.695,7.695,7.695,1
2007-11-27 11:46:00,7.687,7.687,7.687,7.687,1
2007-11-27 11:50:00,7.691,7.691,7.691,7.691,1
2007-11-27 11:51:00,7.682,7.684,7.682,7.684,2
2007-11-27 11:52:00,7.649,7.664,7.649,7.664,3
2007-11-27 11:56:00,7.655,7.655,7.655,7.655,1
2007-11-27 12:18:00,7.701,7.701,7.701,7.701,1
2007-11-27 12:19:00,7.711,7.711,7.711,7.711,1
2007-11-27 12:22:00,7.698,7.698,7.698,7.698,1
2007-11-27 12:25:00,7.689,7.689,7.689,7.689,1
2007-11-27 12:29:00,7.674,7.674,7.674,7.674,1
2007-11-27 12:30:00,7.672,7.672,7.672,7.672,1
2007-11-27 12:39:00,7.678,7.678,7.678,7.678,1
2007-11-27 12:40:00,7.663,7.673,7.663,7.673,2
2007-11-27 12:43:00,7.651,7.654,7.651,7.654,2
2007-11-27 12:44:00,7.649,7.649,7.649,7.649,1
2007-11-27 12:45:00,7.641,7.651,7.635,7.646,10
2007-11-27 12:46:00,7.644,7.646,7.644,7.644,3
2007-11-27 12:47:00,7.654,7.661,7.654,7.656,3
2007-11-27 12:51:00,7.659,7.659,7.659,7.659,1
2007-11-27 12:55:00,7.67,7.67,7.67,7.67,1
2007-11-27 12:58:00,7.661,7.661,7.661,7.661,1
2007-11-27 13:01:00,7.672,7.672,7.672,7.672,1
2007-11-27 13:03:00,7.673,7.683,7.673,7.683,2
2007-11-27 13:07:00,7.685,7.685,7.679,7.679,3
2007-11-27 13:08:00,7.695,7.695,7.687,7.692,3
2007-11-27 13:09:00,7.692,7.692,7.692,7.692,1
2007-11-27 13:10:00,7.694,7.694,7.694,7.694,1
2007-11-27 13:11:00,7.678,7.678,7.678,7.678,1
2007-11-27 13:13:00,7.691,7.691,7.691,7.691,1
2007-11-27 13:14:00,7.697,7.697,7.693,7.693,3
2007-11-27 13:15:00,7.697,7.697,7.694,7.694,2
2007-11-27 13:17:00,7.701,7.701,7.699,7.699,2
2007-11-27 13:18:00,7.714,7.714,7.707,7.707,3
2007-11-27 13:19:00,7.711,7.716,7.711,7.716,2
2007-11-27 13:21:00,7.697,7.697,7.697,7.697,1
2007-11-27 13:25:00,7.697,7.697,7.685,7.693,5
2007-11-27 13:26:00,7.688,7.69,7.688,7.688,3
2007-11-27 13:27:00,7.683,7.683,7.683,7.683,1
2007-11-27 13:28:00,7.688,7.691,7.688,7.691,2
2007-11-27 13:29:00,7.683,7.692,7.683,7.69,6
2007-11-27 13:31:00,7.687,7.691,7.687,7.691,2
2007-11-27 13:32:00,7.693,7.693,7.693,7.693,1
2007-11-27 13:35:00,7.702,7.702,7.702,7.702,1
2007-11-27 13:36:00,7.712,7.712,7.704,7.704,3
2007-11-27 13:37:00,7.714,7.714,7.707,7.714,3
2007-11-27 13:38:00,7.723,7.723,7.719,7.719,3
2007-11-27 13:39:00,7.732,7.739,7.732,7.732,6
2007-11-27 13:40:00,7.73,7.738,7.73,7.738,2
2007-11-27 13:43:00,7.733,7.737,7.733,7.737,2
2007-11-27 13:45:00,7.714,7.728,7.714,7.728,5
2007-11-27 13:46:00,7.711,7.711,7.711,7.711,1
2007-11-27 13:47:00,7.713,7.713,7.713,7.713,1
2007-11-27 13:48:00,7.72,7.722,7.72,7.722,2
2007-11-27 13:50:00,7.704,7.71,7.704,7.71,3
2007-11-27 13:52:00,7.715,7.719,7.715,7.717,3
2007-11-27 13:53:00,7.717,7.717,7.713,7.713,2
2007-11-27 13:54:00,7.709,7.711,7.704,7.708,5
2007-11-27 13:55:00,7.703,7.712,7.701,7.712,4
2007-11-27 13:56:00,7.699,7.701,7.699,7.701,2
2007-11-27 13:58:00,7.704,7.706,7.704,7.706,2
2007-11-27 13:59:00,7.702,7.702,7.702,7.702,1
2007-11-27 14:00:00,7.675,7.698,7.673,7.698,18
2007-11-27 14:01:00,7.681,7.683,7.673,7.677,14
2007-11-27 14:02:00,7.678,7.679,7.669,7.678,13
2007-11-27 14:03:00,7.667,7.677,7.667,7.674,8
2007-11-27 14:04:00,7.663,7.667,7.654,7.665,21
2007-11-27 14:05:00,7.663,7.663,7.656,7.66,9
2007-11-27 14:06:00,7.665,7.665,7.65,7.661,16
2007-11-27 14:07:00,7.671,7.671,7.667,7.667,3
2007-11-27 14:08:00,7.662,7.669,7.657,7.669,20
2007-11-27 14:09:00,7.668,7.673,7.664,7.664,8
2007-11-27 14:10:00,7.673,7.673,7.659,7.665,26
2007-11-27 14:11:00,7.669,7.676,7.665,7.671,14
2007-11-27 14:12:00,7.676,7.676,7.667,7.667,9
2007-11-27 14:13:00,7.678,7.678,7.675,7.678,5
2007-11-27 14:14:00,7.677,7.677,7.673,7.673,3
2007-11-27 14:15:00,7.675,7.675,7.672,7.674,3
2007-11-27 14:16:00,7.658,7.674,7.657,7.673,17
2007-11-27 14:17:00,7.664,7.664,7.658,7.66,5
2007-11-27 14:18:00,7.667,7.667,7.66,7.662,6
2007-11-27 14:19:00,7.671,7.671,7.666,7.67,6
2007-11-27 14:20:00,7.663,7.668,7.663,7.668,5
2007-11-27 14:21:00,7.67,7.67,7.665,7.665,3
2007-11-27 14:23:00,7.675,7.675,7.672,7.672,2
2007-11-27 14:24:00,7.677,7.677,7.675,7.677,3
2007-11-27 14:25:00,7.675,7.675,7.675,7.675,1
2007-11-27 14:26:00,7.694,7.699,7.677,7.677,24
2007-11-27 14:28:00,7.69,7.692,7.69,7.692,2
2007-11-27 14:29:00,7.698,7.698,7.688,7.688,5
2007-11-27 14:30:00,7.7,7.702,7.698,7.7,8
2007-11-27 14:31:00,7.698,7.702,7.698,7.698,4
2007-11-27 14:32:00,7.686,7.696,7.684,7.696,7
2007-11-27 14:33:00,7.691,7.693,7.688,7.691,5
2007-11-27 14:34:00,7.693,7.695,7.693,7.693,3
2007-11-27 14:35:00,7.689,7.691,7.689,7.691,2
2007-11-27 14:37:00,7.682,7.687,7.682,7.687,4
2007-11-27 14:38:00,7.688,7.693,7.684,7.685,11
2007-11-27 14:39:00,7.686,7.686,7.684,7.684,2
2007-11-27 14:40:00,7.689,7.689,7.684,7.684,3
2007-11-27 14:41:00,7.691,7.691,7.691,7.691,1
2007-11-27 14:42:00,7.689,7.693,7.689,7.693,2
2007-11-27 14:44:00,7.683,7.693,7.683,7.693,5
2007-11-27 14:45:00,7.687,7.687,7.687,7.687,1
2007-11-27 14:46:00,7.684,7.684,7.684,7.684,1
2007-11-27 14:47:00,7.678,7.68,7.677,7.68,6
2007-11-27 14:48:00,7.681,7.683,7.681,7.683,2
2007-11-27 14:49:00,7.678,7.678,7.678,7.678,1
2007-11-27 14:50:00,7.681,7.681,7.677,7.677,3
2007-11-27 14:51:00,7.693,7.693,7.684,7.684,6
2007-11-27 14:52:00,7.688,7.693,7.688,7.691,4
2007-11-27 14:53:00,7.691,7.693,7.691,7.693,2
2007-11-27 14:54:00,7.698,7.698,7.693,7.693,5
2007-11-27 14:55:00,7.697,7.699,7.693,7.693,8
2007-11-27 14:56:00,7.699,7.699,7.696,7.699,3
2007-11-27 14:57:00,7.699,7.699,7.697,7.697,2
2007-11-27 14:58:00,7.699,7.701,7.699,7.701,4
2007-11-27 14:59:00,7.706,7.714,7.697,7.697,19
2007-11-27 15:00:00,7.706,7.713,7.706,7.708,17
2007-11-27 15:01:00,7.709,7.71,7.706,7.708,11
2007-11-27 15:02:00,7.696,7.707,7.693,7.707,9
2007-11-27 15:03:00,7.698,7.702,7.693,7.693,8
2007-11-27 15:04:00,7.7,7.7,7.695,7.695,5
2007-11-27 15:05:00,7.696,7.702,7.696,7.702,5
2007-11-27 15:06:00,7.693,7.696,7.688,7.694,10
2007-11-27 15:07:00,7.682,7.695,7.682,7.695,9
2007-11-27 15:08:00,7.674,7.681,7.672,7.681,9
2007-11-27 15:09:00,7.662,7.67,7.662,7.67,4
2007-11-27 15:10:00,7.67,7.67,7.664,7.664,3
2007-11-27 15:11:00,7.664,7.676,7.664,7.673,8
2007-11-27 15:12:00,7.664,7.67,7.662,7.666,13
2007-11-27 15:13:00,7.662,7.664,7.657,7.659,6
2007-11-27 15:14:00,7.653,7.659,7.651,7.659,6
2007-11-27 15:15:00,7.66,7.66,7.65,7.652,7
2007-11-27 15:16:00,7.661,7.665,7.661,7.663,4
2007-11-27 15:17:00,7.667,7.667,7.663,7.663,3
2007-11-27 15:18:00,7.635,7.665,7.633,7.665,26
2007-11-27 15:19:00,7.62,7.642,7.62,7.632,36
2007-11-27 15:20:00,7.623,7.624,7.615,7.623,17
2007-11-27 15:21:00,7.64,7.64,7.624,7.624,11
2007-11-27 15:22:00,7.637,7.639,7.631,7.634,8
2007-11-27 15:23:00,7.633,7.635,7.627,7.635,12
2007-11-27 15:24:00,7.635,7.637,7.628,7.628,9
2007-11-27 15:25:00,7.63,7.635,7.628,7.632,9
2007-11-27 15:26:00,7.636,7.636,7.63,7.632,6
2007-11-27 15:27:00,7.635,7.635,7.629,7.631,6
2007-11-27 15:28:00,7.63,7.637,7.625,7.632,7
2007-11-27 15:29:00,7.622,7.628,7.614,7.628,10
2007-11-27 15:30:00,7.626,7.626,7.62,7.62,7
2007-11-27 15:31:00,7.626,7.627,7.624,7.627,6
2007-11-27 15:32:00,7.63,7.63,7.622,7.624,11
2007-11-27 15:33:00,7.634,7.635,7.627,7.634,18
2007-11-27 15:34:00,7.641,7.644,7.635,7.636,20
2007-11-27 15:35:00,7.64,7.645,7.636,7.643,8
2007-11-27 15:37:00,7.641,7.642,7.639,7.642,9
2007-11-27 15:38:00,7.639,7.641,7.637,7.639,5
2007-11-27 15:39:00,7.627,7.635,7.627,7.635,5
2007-11-27 15:40:00,7.63,7.632,7.628,7.628,5
2007-11-27 15:41:00,7.631,7.631,7.628,7.628,2
2007-11-27 15:42:00,7.637,7.637,7.633,7.633,3
2007-11-27 15:43:00,7.635,7.637,7.635,7.635,3
2007-11-27 15:44:00,7.635,7.639,7.62,7.637,18
2007-11-27 15:45:00,7.627,7.633,7.627,7.633,10
2007-11-27 15:46:00,7.613,7.623,7.613,7.623,11
2007-11-27 15:47:00,7.604,7.615,7.602,7.615,32
2007-11-27 15:48:00,7.602,7.609,7.602,7.609,12
2007-11-27 15:49:00,7.607,7.607,7.601,7.604,9
2007-11-27 15:50:00,7.608,7.612,7.608,7.612,5
2007-11-27 15:51:00,7.612,7.617,7.608,7.612,9
2007-11-27 15:52:00,7.615,7.615,7.61,7.61,4
2007-11-27 15:53:00,7.612,7.619,7.612,7.612,13
2007-11-27 15:54:00,7.607,7.61,7.607,7.61,6
2007-11-27 15:55:00,7.611,7.611,7.609,7.609,2
2007-11-27 15:56:00,7.613,7.613,7.613,7.613,1
2007-11-27 15:57:00,7.628,7.628,7.611,7.611,9
2007-11-27 15:58:00,7.624,7.626,7.624,7.626,2
2007-11-27 15:59:00,7.617,7.621,7.617,7.621,3
2007-11-27 16:00:00,7.611,7.621,7.611,7.619,8
2007-11-27 16:01:00,7.608,7.616,7.607,7.613,12
2007-11-27 16:02:00,7.603,7.608,7.601,7.605,10
2007-11-27 16:03:00,7.594,7.6,7.591,7.599,12
2007-11-27 16:04:00,7.569,7.593,7.564,7.591,32
2007-11-27 16:05:00,7.571,7.572,7.555,7.562,35
2007-11-27 16:06:00,7.572,7.574,7.564,7.572,15
2007-11-27 16:07:00,7.573,7.577,7.57,7.57,15
2007-11-27 16:08:00,7.578,7.578,7.571,7.575,18
2007-11-27 16:09:00,7.578,7.589,7.573,7.576,30
2007-11-27 16:10:00,7.581,7.581,7.578,7.58,3
2007-11-27 16:11:00,7.582,7.585,7.577,7.584,21
2007-11-27 16:12:00,7.565,7.579,7.558,7.579,13
2007-11-27 16:13:00,7.564,7.567,7.559,7.563,12
2007-11-27 16:14:00,7.563,7.568,7.562,7.562,6
2007-11-27 16:15:00,7.556,7.567,7.554,7.565,13
2007-11-27 16:16:00,7.564,7.57,7.558,7.558,13
2007-11-27 16:17:00,7.574,7.574,7.564,7.566,8
2007-11-27 16:18:00,7.572,7.573,7.567,7.573,7
2007-11-27 16:19:00,7.564,7.574,7.564,7.574,11
2007-11-27 16:20:00,7.571,7.574,7.566,7.566,9
2007-11-27 16:21:00,7.57,7.57,7.563,7.569,5
2007-11-27 16:22:00,7.548,7.568,7.548,7.568,20
2007-11-27 16:23:00,7.558,7.56,7.54,7.545,25
2007-11-27 16:24:00,7.546,7.555,7.543,7.555,16
2007-11-27 16:25:00,7.549,7.549,7.545,7.548,6
2007-11-27 16:26:00,7.564,7.566,7.55,7.551,17
2007-11-27 16:27:00,7.562,7.565,7.56,7.562,7
2007-11-27 16:28:00,7.553,7.562,7.553,7.56,8
2007-11-27 16:29:00,7.545,7.551,7.54,7.551,8
2007-11-27 16:30:00,7.544,7.546,7.542,7.542,6
2007-11-27 16:31:00,7.542,7.546,7.542,7.542,5
2007-11-27 16:32:00,7.545,7.545,7.54,7.54,10
2007-11-27 16:33:00,7.553,7.553,7.547,7.547,8
2007-11-27 16:34:00,7.557,7.557,7.555,7.555,2
2007-11-27 16:35:00,7.577,7.577,7.555,7.555,22
2007-11-27 16:36:00,7.587,7.596,7.577,7.578,22
2007-11-27 16:37:00,7.573,7.585,7.573,7.585,8
2007-11-27 16:38:00,7.559,7.572,7.555,7.569,19
2007-11-27 16:39:00,7.557,7.562,7.551,7.562,13
2007-11-27 16:40:00,7.563,7.566,7.559,7.559,7
2007-11-27 16:41:00,7.565,7.571,7.565,7.567,5
2007-11-27 16:42:00,7.568,7.568,7.563,7.567,4
2007-11-27 16:44:00,7.573,7.577,7.571,7.571,4
2007-11-27 16:45:00,7.574,7.576,7.571,7.576,4
2007-11-27 16:47:00,7.572,7.576,7.572,7.572,4
2007-11-27 16:48:00,7.577,7.577,7.572,7.574,4
2007-11-27 16:49:00,7.592,7.592,7.575,7.575,8
2007-11-27 16:50:00,7.591,7.596,7.588,7.594,9
2007-11-27 16:51:00,7.582,7.589,7.579,7.589,8
2007-11-27 16:52:00,7.579,7.58,7.579,7.58,2
2007-11-27 16:53:00,7.578,7.581,7.577,7.577,5
2007-11-27 16:54:00,7.571,7.579,7.571,7.573,6
2007-11-27 16:55:00,7.569,7.575,7.569,7.574,10
2007-11-27 16:56:00,7.574,7.574,7.563,7.567,12
2007-11-27 16:57:00,7.574,7.578,7.574,7.576,12
2007-11-27 16:58:00,7.567,7.57,7.562,7.568,12
2007-11-27 16:59:00,7.566,7.571,7.563,7.569,7
2007-11-27 17:00:00,7.563,7.567,7.562,7.562,4
2007-11-27 17:01:00,7.563,7.565,7.561,7.561,3
2007-11-27 17:02:00,7.562,7.568,7.557,7.565,10
2007-11-27 17:03:00,7.559,7.568,7.558,7.568,13
2007-11-27 17:04:00,7.57,7.57,7.556,7.556,11
2007-11-27 17:05:00,7.572,7.572,7.566,7.568,8
2007-11-27 17:06:00,7.565,7.569,7.565,7.569,3
2007-11-27 17:07:00,7.565,7.565,7.563,7.563,2
2007-11-27 17:08:00,7.565,7.565,7.563,7.563,2
2007-11-27 17:09:00,7.563,7.563,7.561,7.563,3
2007-11-27 17:11:00,7.561,7.561,7.561,7.561,1
2007-11-27 17:12:00,7.568,7.571,7.561,7.563,11
2007-11-27 17:13:00,7.572,7.572,7.57,7.57,2
2007-11-27 17:14:00,7.573,7.582,7.573,7.574,8
2007-11-27 17:15:00,7.57,7.577,7.57,7.575,4
2007-11-27 17:16:00,7.574,7.574,7.57,7.572,6
2007-11-27 17:18:00,7.572,7.572,7.57,7.572,3
2007-11-27 17:19:00,7.57,7.578,7.57,7.576,8
2007-11-27 17:20:00,7.569,7.574,7.569,7.572,5
2007-11-27 17:21:00,7.574,7.576,7.571,7.573,7
2007-11-27 17:22:00,7.568,7.574,7.566,7.572,7
2007-11-27 17:23:00,7.566,7.568,7.563,7.563,4
2007-11-27 17:24:00,7.565,7.57,7.561,7.568,10
2007-11-27 17:27:00,7.565,7.565,7.562,7.562,2
2007-11-27 17:28:00,7.553,7.563,7.553,7.563,9
2007-11-27 17:29:00,7.557,7.557,7.555,7.555,2
2007-11-27 17:31:00,7.556,7.559,7.556,7.559,3
2007-11-27 17:32:00,7.558,7.559,7.557,7.557,4
2007-11-27 17:33:00,7.558,7.558,7.557,7.557,2
2007-11-27 17:34:00,7.564,7.564,7.557,7.557,4
2007-11-27 17:35:00,7.568,7.568,7.566,7.566,2
2007-11-27 17:36:00,7.566,7.57,7.562,7.57,8
2007-11-27 17:37:00,7.568,7.568,7.568,7.568,1
2007-11-27 17:38:00,7.57,7.57,7.568,7.57,3
2007-11-27 17:39:00,7.571,7.572,7.568,7.572,7
2007-11-27 17:41:00,7.573,7.573,7.573,7.573,1
2007-11-27 17:42:00,7.581,7.587,7.571,7.571,12
2007-11-27 17:43:00,7.577,7.579,7.577,7.579,2
2007-11-27 17:44:00,7.581,7.583,7.579,7.579,6
2007-11-27 17:45:00,7.572,7.581,7.572,7.579,11
2007-11-27 17:46:00,7.567,7.569,7.565,7.569,4
2007-11-27 17:48:00,7.566,7.573,7.566,7.573,3
2007-11-27 17:49:00,7.567,7.567,7.564,7.564,4
2007-11-27 17:50:00,7.561,7.565,7.56,7.565,4
2007-11-27 17:51:00,7.558,7.563,7.558,7.56,3
2007-11-27 17:52:00,7.56,7.56,7.56,7.56,1
2007-11-27 17:53:00,7.558,7.558,7.558,7.558,1
2007-11-27 17:54:00,7.562,7.562,7.56,7.56,2
2007-11-27 17:55:00,7.563,7.565,7.561,7.561,4
2007-11-27 17:56:00,7.563,7.563,7.561,7.561,2
2007-11-27 17:59:00,7.564,7.564,7.559,7.562,5
2007-11-27 18:00:00,7.563,7.566,7.563,7.566,2
2007-11-27 18:01:00,7.563,7.563,7.562,7.562,2
2007-11-27 18:02:00,7.56,7.562,7.56,7.562,2
2007-11-27 18:03:00,7.56,7.56,7.558,7.558,2
2007-11-27 18:04:00,7.563,7.563,7.554,7.554,4
2007-11-27 18:05:00,7.563,7.563,7.562,7.562,2
2007-11-27 18:06:00,7.567,7.569,7.565,7.565,4
2007-11-27 18:07:00,7.563,7.565,7.562,7.565,4
2007-11-27 18:08:00,7.563,7.563,7.561,7.561,2
2007-11-27 18:09:00,7.564,7.564,7.564,7.564,1
2007-11-27 18:10:00,7.563,7.563,7.563,7.563,1
2007-11-27 18:11:00,7.561,7.561,7.559,7.561,3
2007-11-27 18:13:00,7.554,7.559,7.554,7.559,5
2007-11-27 18:14:00,7.554,7.559,7.551,7.556,12
2007-11-27 18:15:00,7.552,7.554,7.548,7.55,7
2007-11-27 18:16:00,7.557,7.557,7.548,7.549,11
2007-11-27 18:17:00,7.556,7.559,7.554,7.559,4
2007-11-27 18:18:00,7.55,7.554,7.548,7.554,5
2007-11-27 18:19:00,7.553,7.553,7.539,7.548,10
2007-11-27 18:20:00,7.549,7.551,7.547,7.551,4
2007-11-27 18:21:00,7.55,7.554,7.549,7.551,10
2007-11-27 18:22:00,7.544,7.546,7.544,7.546,2
2007-11-27 18:23:00,7.544,7.546,7.541,7.541,4
2007-11-27 18:24:00,7.538,7.54,7.538,7.54,4
2007-11-27 18:25:00,7.545,7.548,7.54,7.54,5
2007-11-27 18:26:00,7.542,7.549,7.542,7.548,15
2007-11-27 18:27:00,7.551,7.551,7.544,7.544,3
2007-11-27 18:28:00,7.55,7.55,7.545,7.549,4
2007-11-27 18:29:00,7.553,7.554,7.55,7.552,5
2007-11-27 18:30:00,7.55,7.55,7.55,7.55,1
2007-11-27 18:31:00,7.553,7.555,7.553,7.553,3
2007-11-27 18:33:00,7.553,7.553,7.551,7.551,2
2007-11-27 18:34:00,7.549,7.551,7.549,7.551,2
2007-11-27 18:36:00,7.542,7.546,7.54,7.546,6
2007-11-27 18:37:00,7.543,7.543,7.539,7.539,3
2007-11-27 18:38:00,7.54,7.545,7.54,7.541,5
2007-11-27 18:39:00,7.549,7.549,7.543,7.543,2
2007-11-27 18:40:00,7.544,7.546,7.542,7.544,5
2007-11-27 18:41:00,7.543,7.543,7.541,7.541,2
2007-11-27 18:43:00,7.532,7.543,7.532,7.54,6
2007-11-27 18:44:00,7.542,7.542,7.534,7.534,6
2007-11-27 18:45:00,7.545,7.545,7.54,7.544,3
2007-11-27 18:46:00,7.555,7.555,7.547,7.547,6
2007-11-27 18:47:00,7.558,7.558,7.549,7.552,12
2007-11-27 18:48:00,7.549,7.554,7.549,7.554,2
2007-11-27 18:49:00,7.556,7.556,7.551,7.554,4
2007-11-27 18:50:00,7.556,7.558,7.553,7.558,6
2007-11-27 18:51:00,7.55,7.552,7.55,7.552,2
2007-11-27 18:52:00,7.549,7.552,7.549,7.552,2
2007-11-27 18:54:00,7.541,7.549,7.541,7.547,6
2007-11-27 18:55:00,7.538,7.542,7.537,7.539,4
2007-11-27 18:56:00,7.533,7.538,7.533,7.536,4
2007-11-27 18:58:00,7.533,7.537,7.533,7.535,7
2007-11-27 18:59:00,7.527,7.533,7.527,7.53,5
2007-11-27 19:00:00,7.532,7.532,7.528,7.53,4
2007-11-27 19:01:00,7.544,7.544,7.536,7.536,4
2007-11-27 19:02:00,7.551,7.551,7.546,7.546,3
2007-11-27 19:03:00,7.554,7.554,7.554,7.554,1
2007-11-27 19:04:00,7.556,7.556,7.556,7.556,1
2007-11-27 19:05:00,7.56,7.56,7.553,7.553,4
2007-11-27 19:06:00,7.564,7.564,7.562,7.562,2
2007-11-27 19:07:00,7.567,7.567,7.562,7.562,3
2007-11-27 19:08:00,7.564,7.568,7.564,7.564,4
2007-11-27 19:09:00,7.569,7.569,7.563,7.569,7
2007-11-27 19:10:00,7.558,7.569,7.558,7.565,7
2007-11-27 19:11:00,7.564,7.57,7.561,7.561,8
2007-11-27 19:12:00,7.566,7.566,7.566,7.566,1
2007-11-27 19:13:00,7.564,7.564,7.564,7.564,1
2007-11-27 19:15:00,7.562,7.562,7.562,7.562,1
2007-11-27 19:16:00,7.552,7.557,7.552,7.557,4
2007-11-27 19:17:00,7.547,7.554,7.547,7.554,5
2007-11-27 19:18:00,7.554,7.554,7.548,7.551,4
2007-11-27 19:19:00,7.56,7.56,7.56,7.56,1
2007-11-27 19:20:00,7.557,7.562,7.557,7.562,2
2007-11-27 19:21:00,7.559,7.559,7.555,7.555,3
2007-11-27 19:23:00,7.56,7.564,7.56,7.562,3
2007-11-27 19:24:00,7.558,7.558,7.558,7.558,1
2007-11-27 19:25:00,7.553,7.56,7.553,7.56,4
2007-11-27 19:26:00,7.552,7.556,7.552,7.556,3
2007-11-27 19:27:00,7.557,7.557,7.548,7.55,5
2007-11-27 19:28:00,7.568,7.568,7.559,7.559,13
2007-11-27 19:29:00,7.563,7.568,7.559,7.566,9
2007-11-27 19:31:00,7.557,7.56,7.557,7.56,2
2007-11-27 19:32:00,7.561,7.565,7.561,7.563,3
2007-11-27 19:33:00,7.559,7.559,7.559,7.559,1
2007-11-27 19:34:00,7.55,7.557,7.55,7.557,4
2007-11-27 19:35:00,7.555,7.555,7.555,7.555,1
2007-11-27 19:39:00,7.558,7.558,7.558,7.558,1
2007-11-27 19:40:00,7.554,7.554,7.554,7.554,1
2007-11-27 19:41:00,7.558,7.558,7.556,7.556,2
2007-11-27 19:42:00,7.555,7.555,7.555,7.555,1
2007-11-27 19:43:00,7.553,7.553,7.553,7.553,1
2007-11-27 19:45:00,7.558,7.558,7.555,7.555,2
2007-11-27 19:51:00,7.557,7.557,7.552,7.552,2
2007-11-27 19:53:00,7.56,7.56,7.56,7.56,1
2007-11-27 19:54:00,7.555,7.555,7.555,7.555,1
2007-11-27 19:57:00,7.557,7.557,7.557,7.557,1
2007-11-27 19:58:00,7.562,7.562,7.562,7.562,1
2007-11-27 20:00:00,7.557,7.559,7.557,7.559,2
2007-11-27 20:01:00,7.562,7.562,7.562,7.562,1
2007-11-27 20:07:00,7.565,7.565,7.565,7.565,1
2007-11-27 20:17:00,7.569,7.569,7.567,7.567,2
2007-11-27 20:37:00,7.566,7.566,7.566,7.566,1
2007-11-27 20:38:00,7.57,7.57,7.57,7.57,1
2007-11-27 20:39:00,7.575,7.575,7.573,7.573,2
2007-11-27 20:40:00,7.579,7.579,7.579,7.579,1
2007-11-27 20:43:00,7.577,7.582,7.577,7.582,3
2007-11-27 20:46:00,7.574,7.574,7.574,7.574,1
2007-11-27 20:50:00,7.57,7.57,7.57,7.57,1
2007-11-27 20:52:00,7.567,7.567,7.567,7.567,1
2007-11-27 20:54:00,7.573,7.573,7.568,7.572,3
2007-11-27 21:13:00,7.57,7.57,7.57,7.57,1
2007-11-27 21:23:00,7.568,7.568,7.568,7.568,1
2007-11-27 21:30:00,7.572,7.572,7.572,7.572,1
2007-11-27 21:33:00,7.562,7.564,7.562,7.564,2
2007-11-27 21:35:00,7.56,7.56,7.56,7.56,1
2007-11-27 21:39:00,7.566,7.566,7.566,7.566,1
2007-11-27 21:51:00,7.563,7.563,7.563,7.563,1
2007-11-27 21:52:00,7.561,7.561,7.561,7.561,1
2007-11-27 21:59:00,7.568,7.568,7.568,7.568,1
2007-11-27 22:01:00,7.574,7.574,7.574,7.574,1
2007-11-27 22:06:00,7.565,7.565,7.562,7.562,2
2007-11-27 22:12:00,7.576,7.576,7.576,7.576,1
2007-11-27 22:13:00,7.57,7.57,7.57,7.57,1
2007-11-27 23:00:00,7.552,7.56,7.552,7.56,2
2007-11-27 23:16:00,7.573,7.573,7.573,7.573,1
2007-11-27 23:41:00,7.561,7.561,7.561,7.561,1
2007-11-28 00:42:00,7.542,7.564,7.542,7.564,6
2007-11-28 00:46:00,7.533,7.533,7.533,7.533,1
2007-11-28 01:03:00,7.543,7.547,7.543,7.547,2
2007-11-28 01:57:00,7.537,7.537,7.537,7.537,1
2007-11-28 02:35:00,7.552,7.552,7.552,7.552,1
2007-11-28 02:53:00,7.542,7.542,7.542,7.542,1
2007-11-28 04:55:00,7.538,7.538,7.538,7.538,1
2007-11-28 07:34:00,7.553,7.553,7.553,7.553,1
2007-11-28 07:42:00,7.562,7.562,7.554,7.554,2
2007-11-28 07:51:00,7.573,7.573,7.573,7.573,1
2007-11-28 08:19:00,7.568,7.568,7.568,7.568,1
2007-11-28 09:11:00,7.567,7.567,7.567,7.567,1
2007-11-28 09:19:00,7.564,7.564,7.564,7.564,1
2007-11-28 09:27:00,7.558,7.558,7.558,7.558,1
2007-11-28 09:34:00,7.532,7.547,7.532,7.547,3
2007-11-28 09:49:00,7.533,7.533,7.533,7.533,1
2007-11-28 09:50:00,7.518,7.529,7.518,7.529,4
2007-11-28 10:03:00,7.519,7.519,7.519,7.519,1
2007-11-28 10:05:00,7.521,7.521,7.521,7.521,1
2007-11-28 10:09:00,7.53,7.53,7.53,7.53,1
2007-11-28 10:35:00,7.531,7.531,7.531,7.531,1
2007-11-28 10:53:00,7.526,7.529,7.526,7.529,2
2007-11-28 11:01:00,7.531,7.531,7.531,7.531,1
2007-11-28 11:33:00,7.528,7.528,7.528,7.528,1
2007-11-28 11:41:00,7.532,7.532,7.532,7.532,1
2007-11-28 11:56:00,7.518,7.518,7.518,7.518,1
2007-11-28 12:05:00,7.516,7.516,7.516,7.516,1
2007-11-28 12:10:00,7.504,7.51,7.504,7.51,4
2007-11-28 12:11:00,7.497,7.5,7.495,7.5,6
2007-11-28 12:13:00,7.481,7.493,7.479,7.493,9
2007-11-28 12:15:00,7.483,7.483,7.483,7.483,1
2007-11-28 12:16:00,7.478,7.487,7.478,7.485,5
2007-11-28 12:17:00,7.49,7.49,7.49,7.49,1
2007-11-28 12:20:00,7.487,7.492,7.487,7.492,2
2007-11-28 12:22:00,7.489,7.489,7.489,7.489,1
2007-11-28 12:23:00,7.492,7.492,7.492,7.492,1
2007-11-28 12:24:00,7.486,7.486,7.486,7.486,1
2007-11-28 12:25:00,7.48,7.48,7.48,7.48,1
2007-11-28 12:26:00,7.478,7.478,7.478,7.478,1
2007-11-28 12:33:00,7.493,7.493,7.493,7.493,1
2007-11-28 12:34:00,7.478,7.478,7.478,7.478,1
2007-11-28 12:35:00,7.507,7.507,7.5,7.5,3
2007-11-28 12:41:00,7.5,7.502,7.5,7.502,2
2007-11-28 12:42:00,7.497,7.497,7.497,7.497,1
2007-11-28 12:43:00,7.495,7.495,7.495,7.495,1
2007-11-28 12:46:00,7.492,7.492,7.492,7.492,1
2007-11-28 12:47:00,7.485,7.49,7.485,7.49,2
2007-11-28 12:48:00,7.483,7.483,7.483,7.483,1
2007-11-28 12:49:00,7.488,7.488,7.488,7.488,1
2007-11-28 12:50:00,7.483,7.483,7.483,7.483,1
2007-11-28 12:51:00,7.479,7.479,7.479,7.479,1
2007-11-28 12:52:00,7.478,7.481,7.478,7.481,2
2007-11-28 12:53:00,7.474,7.474,7.474,7.474,1
2007-11-28 12:54:00,7.483,7.483,7.483,7.483,1
2007-11-28 12:58:00,7.478,7.478,7.478,7.478,1
2007-11-28 12:59:00,7.475,7.475,7.475,7.475,1
2007-11-28 13:01:00,7.479,7.479,7.477,7.477,2
2007-11-28 13:02:00,7.473,7.478,7.473,7.475,6
2007-11-28 13:03:00,7.483,7.483,7.477,7.477,3
2007-11-28 13:06:00,7.488,7.488,7.488,7.488,1
2007-11-28 13:08:00,7.483,7.483,7.483,7.483,1
2007-11-28 13:10:00,7.488,7.488,7.488,7.488,1
2007-11-28 13:11:00,7.507,7.507,7.507,7.507,1
2007-11-28 13:12:00,7.509,7.513,7.509,7.51,3
2007-11-28 13:13:00,7.516,7.516,7.512,7.512,5
2007-11-28 13:16:00,7.512,7.512,7.512,7.512,1
2007-11-28 13:19:00,7.509,7.509,7.509,7.509,1
2007-11-28 13:20:00,7.506,7.516,7.504,7.516,4
2007-11-28 13:21:00,7.508,7.508,7.508,7.508,1
2007-11-28 13:22:00,7.517,7.517,7.511,7.511,3
2007-11-28 13:23:00,7.522,7.522,7.522,7.522,1
2007-11-28 13:24:00,7.532,7.532,7.528,7.528,3
2007-11-28 13:25:00,7.525,7.527,7.525,7.527,2
2007-11-28 13:26:00,7.523,7.527,7.523,7.527,2
2007-11-28 13:28:00,7.512,7.517,7.512,7.517,2
2007-11-28 13:29:00,7.517,7.517,7.517,7.517,1
2007-11-28 13:31:00,7.521,7.521,7.51,7.51,4
2007-11-28 13:33:00,7.516,7.517,7.513,7.517,3
2007-11-28 13:34:00,7.512,7.514,7.512,7.514,2
2007-11-28 13:35:00,7.515,7.515,7.515,7.515,1
2007-11-28 13:36:00,7.519,7.519,7.51,7.512,4
2007-11-28 13:37:00,7.522,7.522,7.522,7.522,1
2007-11-28 13:38:00,7.522,7.524,7.52,7.524,4
2007-11-28 13:39:00,7.516,7.523,7.516,7.518,4
2007-11-28 13:40:00,7.522,7.522,7.518,7.518,3
2007-11-28 13:42:00,7.527,7.527,7.527,7.527,1
2007-11-28 13:44:00,7.525,7.525,7.525,7.525,1
2007-11-28 13:45:00,7.53,7.53,7.53,7.53,1
2007-11-28 13:46:00,7.53,7.53,7.525,7.527,4
2007-11-28 13:47:00,7.527,7.527,7.527,7.527,1
2007-11-28 13:48:00,7.512,7.525,7.509,7.525,11
2007-11-28 13:49:00,7.512,7.518,7.509,7.516,6
2007-11-28 13:50:00,7.513,7.516,7.513,7.516,2
2007-11-28 13:52:00,7.509,7.509,7.509,7.509,1
2007-11-28 13:53:00,7.502,7.513,7.502,7.506,8
2007-11-28 13:54:00,7.496,7.499,7.494,7.499,4
2007-11-28 13:55:00,7.49,7.496,7.489,7.493,10
2007-11-28 13:56:00,7.502,7.507,7.502,7.502,5
2007-11-28 13:57:00,7.507,7.507,7.507,7.507,1
2007-11-28 13:58:00,7.504,7.504,7.504,7.504,1
2007-11-28 13:59:00,7.51,7.51,7.508,7.508,2
2007-11-28 14:00:00,7.513,7.515,7.509,7.513,12
2007-11-28 14:01:00,7.511,7.517,7.507,7.507,16
2007-11-28 14:02:00,7.531,7.531,7.513,7.513,17
2007-11-28 14:03:00,7.531,7.533,7.527,7.533,10
2007-11-28 14:04:00,7.518,7.533,7.518,7.533,16
2007-11-28 14:05:00,7.528,7.528,7.52,7.52,4
2007-11-28 14:06:00,7.528,7.532,7.525,7.53,11
2007-11-28 14:07:00,7.527,7.532,7.527,7.53,4
2007-11-28 14:08:00,7.532,7.533,7.527,7.53,11
2007-11-28 14:09:00,7.527,7.532,7.522,7.53,10
2007-11-28 14:10:00,7.521,7.525,7.521,7.525,5
2007-11-28 14:11:00,7.51,7.52,7.51,7.518,10
2007-11-28 14:12:00,7.514,7.514,7.508,7.508,5
2007-11-28 14:13:00,7.521,7.521,7.516,7.516,2
2007-11-28 14:15:00,7.51,7.523,7.508,7.523,15
2007-11-28 14:16:00,7.493,7.508,7.486,7.508,26
2007-11-28 14:17:00,7.487,7.495,7.481,7.49,18
2007-11-28 14:18:00,7.484,7.49,7.48,7.483,19
2007-11-28 14:19:00,7.487,7.49,7.482,7.482,10
2007-11-28 14:20:00,7.485,7.491,7.485,7.489,7
2007-11-28 14:21:00,7.486,7.489,7.483,7.487,9
2007-11-28 14:22:00,7.477,7.489,7.477,7.489,9
2007-11-28 14:23:00,7.463,7.479,7.456,7.479,33
2007-11-28 14:24:00,7.473,7.475,7.465,7.465,19
2007-11-28 14:25:00,7.481,7.481,7.475,7.475,10
2007-11-28 14:26:00,7.477,7.483,7.477,7.479,7
2007-11-28 14:27:00,7.479,7.483,7.476,7.476,8
2007-11-28 14:29:00,7.482,7.482,7.482,7.482,1
2007-11-28 14:30:00,7.484,7.484,7.48,7.48,6
2007-11-28 14:31:00,7.479,7.48,7.477,7.48,4
2007-11-28 14:33:00,7.477,7.477,7.475,7.477,3
2007-11-28 14:34:00,7.477,7.477,7.475,7.475,4
2007-11-28 14:35:00,7.474,7.482,7.474,7.479,8
2007-11-28 14:36:00,7.478,7.478,7.472,7.472,5
2007-11-28 14:37:00,7.481,7.481,7.478,7.48,5
2007-11-28 14:38:00,7.481,7.481,7.478,7.478,2
2007-11-28 14:39:00,7.479,7.479,7.479,7.479,1
2007-11-28 14:40:00,7.484,7.484,7.48,7.482,3
2007-11-28 14:41:00,7.483,7.486,7.481,7.486,3
2007-11-28 14:42:00,7.481,7.485,7.481,7.485,5
2007-11-28 14:43:00,7.48,7.484,7.48,7.484,3
2007-11-28 14:44:00,7.474,7.479,7.474,7.479,11
2007-11-28 14:45:00,7.464,7.473,7.461,7.472,17
2007-11-28 14:46:00,7.46,7.467,7.454,7.462,27
2007-11-28 14:47:00,7.459,7.462,7.459,7.462,2
2007-11-28 14:48:00,7.459,7.462,7.456,7.456,5
2007-11-28 14:49:00,7.465,7.467,7.463,7.463,3
2007-11-28 14:50:00,7.47,7.47,7.468,7.468,2
2007-11-28 14:51:00,7.472,7.474,7.472,7.474,2
2007-11-28 14:52:00,7.467,7.472,7.467,7.47,6
2007-11-28 14:54:00,7.471,7.471,7.466,7.469,6
2007-11-28 14:55:00,7.471,7.473,7.471,7.473,4
2007-11-28 14:56:00,7.475,7.475,7.469,7.469,9
2007-11-28 14:57:00,7.478,7.478,7.475,7.477,3
2007-11-28 14:58:00,7.486,7.486,7.48,7.48,9
2007-11-28 14:59:00,7.473,7.49,7.473,7.488,17
2007-11-28 15:00:00,7.46,7.475,7.46,7.471,16
2007-11-28 15:01:00,7.462,7.462,7.456,7.462,8
2007-11-28 15:02:00,7.459,7.461,7.457,7.46,10
2007-11-28 15:03:00,7.445,7.461,7.442,7.461,36
2007-11-28 15:04:00,7.457,7.46,7.442,7.442,43
2007-11-28 15:05:00,7.456,7.459,7.449,7.459,14
2007-11-28 15:06:00,7.45,7.454,7.45,7.454,3
2007-11-28 15:07:00,7.453,7.453,7.452,7.452,2
2007-11-28 15:08:00,7.459,7.459,7.457,7.457,2
2007-11-28 15:09:00,7.455,7.459,7.455,7.456,5
2007-11-28 15:10:00,7.46,7.46,7.458,7.458,2
2007-11-28 15:11:00,7.458,7.464,7.456,7.462,6
2007-11-28 15:12:00,7.459,7.459,7.455,7.455,7
2007-11-28 15:13:00,7.456,7.456,7.454,7.456,3
2007-11-28 15:14:00,7.453,7.454,7.451,7.454,5
2007-11-28 15:15:00,7.452,7.454,7.452,7.454,2
2007-11-28 15:16:00,7.452,7.454,7.452,7.454,4
2007-11-28 15:17:00,7.451,7.452,7.449,7.45,4
2007-11-28 15:18:00,7.45,7.452,7.449,7.449,3
2007-11-28 15:19:00,7.442,7.45,7.442,7.448,8
2007-11-28 15:20:00,7.416,7.44,7.416,7.44,39
2007-11-28 15:21:00,7.424,7.424,7.413,7.413,21
2007-11-28 15:22:00,7.431,7.431,7.426,7.426,6
2007-11-28 15:23:00,7.431,7.432,7.427,7.427,9
2007-11-28 15:24:00,7.435,7.437,7.425,7.426,19
2007-11-28 15:25:00,7.441,7.445,7.433,7.433,17
2007-11-28 15:26:00,7.448,7.448,7.441,7.445,8
2007-11-28 15:27:00,7.45,7.45,7.446,7.446,12
2007-11-28 15:28:00,7.45,7.455,7.447,7.448,11
2007-11-28 15:29:00,7.454,7.454,7.445,7.448,8
2007-11-28 15:30:00,7.432,7.457,7.432,7.45,37
2007-11-28 15:31:00,7.449,7.449,7.429,7.435,29
2007-11-28 15:32:00,7.444,7.454,7.444,7.452,5
2007-11-28 15:33:00,7.428,7.444,7.428,7.442,19
2007-11-28 15:34:00,7.43,7.435,7.426,7.43,31
2007-11-28 15:35:00,7.439,7.439,7.431,7.433,14
2007-11-28 15:36:00,7.435,7.439,7.431,7.437,12
2007-11-28 15:37:00,7.428,7.432,7.427,7.43,12
2007-11-28 15:38:00,7.434,7.435,7.428,7.43,11
2007-11-28 15:39:00,7.424,7.432,7.419,7.432,14
2007-11-28 15:40:00,7.421,7.426,7.42,7.426,10
2007-11-28 15:41:00,7.424,7.427,7.424,7.425,7
2007-11-28 15:42:00,7.418,7.424,7.418,7.422,7
2007-11-28 15:43:00,7.411,7.421,7.409,7.421,22
2007-11-28 15:44:00,7.392,7.411,7.39,7.407,45
2007-11-28 15:45:00,7.395,7.397,7.388,7.394,17
2007-11-28 15:46:00,7.398,7.4,7.39,7.397,21
2007-11-28 15:47:00,7.395,7.4,7.395,7.4,10
2007-11-28 15:48:00,7.398,7.403,7.396,7.397,15
2007-11-28 15:49:00,7.401,7.401,7.394,7.396,11
2007-11-28 15:50:00,7.401,7.403,7.398,7.399,8
2007-11-28 15:51:00,7.398,7.401,7.397,7.399,8
2007-11-28 15:52:00,7.401,7.403,7.396,7.396,11
2007-11-28 15:53:00,7.401,7.401,7.398,7.399,6
2007-11-28 15:54:00,7.401,7.403,7.399,7.399,10
2007-11-28 15:55:00,7.401,7.401,7.399,7.399,4
2007-11-28 15:56:00,7.399,7.399,7.392,7.399,15
2007-11-28 15:57:00,7.397,7.397,7.393,7.397,8
2007-11-28 15:58:00,7.388,7.394,7.382,7.393,24
2007-11-28 15:59:00,7.386,7.39,7.384,7.39,6
2007-11-28 16:00:00,7.386,7.386,7.372,7.383,33
2007-11-28 16:01:00,7.37,7.384,7.369,7.384,21
2007-11-28 16:02:00,7.376,7.376,7.367,7.369,27
2007-11-28 16:03:00,7.369,7.374,7.369,7.374,14
2007-11-28 16:04:00,7.369,7.375,7.367,7.371,24
2007-11-28 16:05:00,7.364,7.371,7.363,7.371,23
2007-11-28 16:06:00,7.371,7.371,7.364,7.368,21
2007-11-28 16:07:00,7.373,7.381,7.371,7.373,12
2007-11-28 16:08:00,7.379,7.379,7.364,7.37,17
2007-11-28 16:09:00,7.377,7.381,7.373,7.377,20
2007-11-28 16:10:00,7.396,7.396,7.373,7.375,20
2007-11-28 16:11:00,7.387,7.401,7.387,7.399,17
2007-11-28 16:12:00,7.377,7.391,7.375,7.389,17
2007-11-28 16:13:00,7.379,7.385,7.373,7.379,18
2007-11-28 16:14:00,7.378,7.382,7.376,7.382,6
2007-11-28 16:15:00,7.38,7.38,7.372,7.374,10
2007-11-28 16:16:00,7.38,7.38,7.378,7.378,4
2007-11-28 16:17:00,7.386,7.388,7.38,7.382,8
2007-11-28 16:18:00,7.382,7.387,7.38,7.383,8
2007-11-28 16:19:00,7.389,7.392,7.384,7.384,10
2007-11-28 16:20:00,7.379,7.391,7.377,7.391,12
2007-11-28 16:21:00,7.381,7.381,7.381,7.381,1
2007-11-28 16:22:00,7.381,7.383,7.376,7.378,12
2007-11-28 16:23:00,7.381,7.385,7.375,7.378,14
2007-11-28 16:24:00,7.384,7.386,7.382,7.383,5
2007-11-28 16:25:00,7.379,7.382,7.378,7.382,4
2007-11-28 16:26:00,7.377,7.378,7.37,7.377,13
2007-11-28 16:27:00,7.374,7.377,7.373,7.375,4
2007-11-28 16:28:00,7.374,7.376,7.371,7.376,6
2007-11-28 16:29:00,7.374,7.374,7.371,7.371,6
2007-11-28 16:30:00,7.37,7.379,7.366,7.375,22
2007-11-28 16:31:00,7.373,7.38,7.372,7.372,14
2007-11-28 16:32:00,7.354,7.373,7.35,7.371,25
2007-11-28 16:33:00,7.354,7.362,7.354,7.356,22
2007-11-28 16:34:00,7.343,7.361,7.34,7.356,39
2007-11-28 16:35:00,7.354,7.354,7.341,7.341,21
2007-11-28 16:36:00,7.367,7.372,7.356,7.356,16
2007-11-28 16:37:00,7.373,7.376,7.366,7.37,30
2007-11-28 16:38:00,7.361,7.378,7.361,7.375,14
2007-11-28 16:39:00,7.346,7.359,7.346,7.359,14
2007-11-28 16:40:00,7.317,7.345,7.317,7.345,34
2007-11-28 16:41:00,7.314,7.315,7.298,7.315,98
2007-11-28 16:42:00,7.305,7.314,7.305,7.31,20
2007-11-28 16:43:00,7.314,7.314,7.306,7.307,19
2007-11-28 16:44:00,7.309,7.318,7.306,7.316,27
2007-11-28 16:45:00,7.319,7.323,7.307,7.307,15
2007-11-28 16:46:00,7.31,7.318,7.309,7.317,17
2007-11-28 16:47:00,7.309,7.312,7.304,7.308,13
2007-11-28 16:48:00,7.309,7.316,7.307,7.307,13
2007-11-28 16:49:00,7.288,7.31,7.285,7.307,46
2007-11-28 16:50:00,7.277,7.294,7.277,7.291,48
2007-11-28 16:51:00,7.27,7.281,7.266,7.279,36
2007-11-28 16:52:00,7.266,7.276,7.266,7.267,20
2007-11-28 16:53:00,7.251,7.264,7.241,7.264,73
2007-11-28 16:54:00,7.26,7.271,7.249,7.249,45
2007-11-28 16:55:00,7.258,7.27,7.254,7.262,34
2007-11-28 16:56:00,7.268,7.272,7.26,7.26,18
2007-11-28 16:57:00,7.276,7.281,7.27,7.27,14
2007-11-28 16:58:00,7.271,7.278,7.268,7.278,25
2007-11-28 16:59:00,7.276,7.276,7.266,7.273,12
2007-11-28 17:00:00,7.266,7.277,7.264,7.274,30
2007-11-28 17:01:00,7.268,7.272,7.257,7.264,30
2007-11-28 17:02:00,7.28,7.284,7.266,7.266,18
2007-11-28 17:03:00,7.274,7.28,7.274,7.278,4
2007-11-28 17:04:00,7.256,7.276,7.251,7.276,44
2007-11-28 17:05:00,7.27,7.27,7.247,7.254,48
2007-11-28 17:06:00,7.282,7.283,7.268,7.268,27
2007-11-28 17:07:00,7.29,7.29,7.281,7.284,12
2007-11-28 17:08:00,7.288,7.293,7.283,7.292,18
2007-11-28 17:09:00,7.287,7.296,7.283,7.286,27
2007-11-28 17:10:00,7.288,7.291,7.285,7.289,27
2007-11-28 17:11:00,7.292,7.294,7.287,7.29,25
2007-11-28 17:12:00,7.298,7.302,7.295,7.295,16
2007-11-28 17:13:00,7.312,7.312,7.295,7.3,29
2007-11-28 17:14:00,7.313,7.313,7.305,7.308,18
2007-11-28 17:15:00,7.313,7.32,7.311,7.311,13
2007-11-28 17:16:00,7.313,7.315,7.304,7.315,12
2007-11-28 17:17:00,7.293,7.313,7.291,7.311,25
2007-11-28 17:18:00,7.284,7.295,7.281,7.295,24
2007-11-28 17:19:00,7.286,7.288,7.286,7.286,7
2007-11-28 17:20:00,7.29,7.29,7.288,7.288,2
2007-11-28 17:21:00,7.285,7.296,7.285,7.291,13
2007-11-28 17:22:00,7.286,7.295,7.283,7.283,20
2007-11-28 17:23:00,7.28,7.286,7.28,7.284,10
2007-11-28 17:24:00,7.274,7.282,7.274,7.278,10
2007-11-28 17:25:00,7.273,7.277,7.269,7.272,21
2007-11-28 17:26:00,7.279,7.279,7.275,7.275,3
2007-11-28 17:27:00,7.299,7.299,7.279,7.281,17
2007-11-28 17:28:00,7.291,7.297,7.291,7.297,6
2007-11-28 17:29:00,7.296,7.298,7.286,7.294,15
2007-11-28 17:30:00,7.295,7.295,7.291,7.293,4
2007-11-28 17:31:00,7.287,7.293,7.28,7.293,16
2007-11-28 17:32:00,7.287,7.29,7.285,7.289,10
2007-11-28 17:33:00,7.286,7.295,7.285,7.289,10
2007-11-28 17:34:00,7.29,7.29,7.286,7.289,5
2007-11-28 17:35:00,7.29,7.292,7.288,7.288,4
2007-11-28 17:36:00,7.292,7.296,7.292,7.292,5
2007-11-28 17:37:00,7.295,7.295,7.293,7.293,2
2007-11-28 17:38:00,7.297,7.297,7.293,7.293,6
2007-11-28 17:39:00,7.299,7.3,7.296,7.3,10
2007-11-28 17:40:00,7.315,7.315,7.297,7.301,19
2007-11-28 17:41:00,7.31,7.312,7.306,7.312,7
2007-11-28 17:42:00,7.31,7.31,7.306,7.308,4
2007-11-28 17:43:00,7.312,7.314,7.31,7.312,5
2007-11-28 17:44:00,7.31,7.316,7.308,7.314,6
2007-11-28 17:45:00,7.312,7.312,7.305,7.307,6
2007-11-28 17:46:00,7.315,7.318,7.31,7.31,13
2007-11-28 17:47:00,7.336,7.337,7.315,7.317,27
2007-11-28 17:48:00,7.334,7.336,7.326,7.332,22
2007-11-28 17:49:00,7.322,7.332,7.322,7.332,8
2007-11-28 17:50:00,7.32,7.32,7.316,7.318,8
2007-11-28 17:51:00,7.315,7.322,7.315,7.322,16
2007-11-28 17:52:00,7.312,7.316,7.31,7.312,7
2007-11-28 17:53:00,7.314,7.318,7.312,7.314,5
2007-11-28 17:54:00,7.314,7.32,7.307,7.316,15
2007-11-28 17:55:00,7.32,7.32,7.309,7.312,6
2007-11-28 17:56:00,7.327,7.327,7.322,7.322,3
2007-11-28 17:57:00,7.331,7.333,7.319,7.324,13
2007-11-28 17:58:00,7.336,7.336,7.334,7.334,4
2007-11-28 17:59:00,7.34,7.342,7.334,7.334,23
2007-11-28 18:00:00,7.337,7.342,7.337,7.342,3
2007-11-28 18:01:00,7.33,7.341,7.33,7.339,6
2007-11-28 18:02:00,7.329,7.334,7.325,7.332,15
2007-11-28 18:03:00,7.324,7.329,7.322,7.327,12
2007-11-28 18:04:00,7.319,7.328,7.319,7.326,11
2007-11-28 18:05:00,7.321,7.323,7.321,7.321,3
2007-11-28 18:06:00,7.319,7.324,7.319,7.324,3
2007-11-28 18:07:00,7.318,7.321,7.315,7.317,9
2007-11-28 18:08:00,7.32,7.32,7.316,7.316,3
2007-11-28 18:09:00,7.312,7.318,7.312,7.318,4
2007-11-28 18:10:00,7.308,7.317,7.308,7.317,12
2007-11-28 18:11:00,7.302,7.313,7.302,7.31,15
2007-11-28 18:12:00,7.303,7.304,7.29,7.299,35
2007-11-28 18:13:00,7.301,7.301,7.299,7.301,3
2007-11-28 18:14:00,7.304,7.304,7.296,7.299,9
2007-11-28 18:15:00,7.297,7.304,7.297,7.302,17
2007-11-28 18:16:00,7.299,7.299,7.291,7.299,7
2007-11-28 18:17:00,7.297,7.3,7.297,7.3,3
2007-11-28 18:18:00,7.299,7.299,7.297,7.299,3
2007-11-28 18:19:00,7.305,7.307,7.3,7.3,7
2007-11-28 18:20:00,7.308,7.31,7.308,7.308,3
2007-11-28 18:21:00,7.303,7.31,7.302,7.306,8
2007-11-28 18:22:00,7.304,7.304,7.299,7.3,5
2007-11-28 18:23:00,7.307,7.31,7.303,7.306,14
2007-11-28 18:24:00,7.303,7.307,7.303,7.305,4
2007-11-28 18:25:00,7.309,7.312,7.305,7.305,11
2007-11-28 18:26:00,7.31,7.31,7.302,7.307,8
2007-11-28 18:27:00,7.301,7.308,7.301,7.308,4
2007-11-28 18:28:00,7.3,7.3,7.3,7.3,1
2007-11-28 18:29:00,7.29,7.299,7.278,7.296,22
2007-11-28 18:30:00,7.305,7.305,7.292,7.292,12
2007-11-28 18:31:00,7.305,7.308,7.302,7.302,10
2007-11-28 18:32:00,7.309,7.312,7.299,7.307,19
2007-11-28 18:33:00,7.311,7.317,7.305,7.311,18
2007-11-28 18:34:00,7.307,7.31,7.303,7.309,8
2007-11-28 18:35:00,7.297,7.306,7.297,7.305,14
2007-11-28 18:36:00,7.298,7.302,7.291,7.295,19
2007-11-28 18:37:00,7.298,7.301,7.296,7.296,5
2007-11-28 18:38:00,7.292,7.299,7.291,7.296,7
2007-11-28 18:39:00,7.282,7.291,7.281,7.289,28
2007-11-28 18:40:00,7.279,7.286,7.279,7.284,14
2007-11-28 18:41:00,7.287,7.287,7.277,7.282,7
2007-11-28 18:42:00,7.294,7.294,7.288,7.29,6
2007-11-28 18:43:00,7.29,7.302,7.288,7.296,11
2007-11-28 18:44:00,7.299,7.301,7.292,7.292,6
2007-11-28 18:45:00,7.291,7.296,7.291,7.296,5
2007-11-28 18:46:00,7.29,7.29,7.287,7.289,5
2007-11-28 18:47:00,7.295,7.298,7.292,7.292,5
2007-11-28 18:48:00,7.296,7.298,7.296,7.298,4
2007-11-28 18:49:00,7.29,7.294,7.288,7.294,9
2007-11-28 18:50:00,7.292,7.296,7.291,7.292,7
2007-11-28 18:51:00,7.293,7.293,7.29,7.29,2
2007-11-28 18:52:00,7.296,7.296,7.29,7.291,7
2007-11-28 18:53:00,7.285,7.293,7.283,7.293,15
2007-11-28 18:54:00,7.285,7.285,7.282,7.282,6
2007-11-28 18:55:00,7.292,7.292,7.283,7.287,9
2007-11-28 18:56:00,7.291,7.297,7.289,7.294,10
2007-11-28 18:57:00,7.297,7.3,7.291,7.293,10
2007-11-28 18:58:00,7.288,7.297,7.288,7.295,5
2007-11-28 18:59:00,7.285,7.29,7.276,7.29,16
2007-11-28 19:00:00,7.276,7.281,7.274,7.281,15
2007-11-28 19:01:00,7.266,7.276,7.265,7.274,17
2007-11-28 19:02:00,7.267,7.271,7.267,7.268,7
2007-11-28 19:03:00,7.275,7.275,7.263,7.265,11
2007-11-28 19:04:00,7.274,7.277,7.269,7.277,11
2007-11-28 19:05:00,7.269,7.277,7.269,7.276,7
2007-11-28 19:06:00,7.262,7.274,7.262,7.267,23
2007-11-28 19:07:00,7.268,7.268,7.259,7.26,11
2007-11-28 19:08:00,7.26,7.268,7.257,7.266,19
2007-11-28 19:09:00,7.265,7.265,7.259,7.262,10
2007-11-28 19:10:00,7.265,7.267,7.263,7.263,14
2007-11-28 19:11:00,7.265,7.267,7.265,7.267,2
2007-11-28 19:12:00,7.261,7.265,7.259,7.263,19
2007-11-28 19:13:00,7.263,7.263,7.253,7.259,16
2007-11-28 19:14:00,7.261,7.265,7.261,7.265,7
2007-11-28 19:15:00,7.253,7.259,7.251,7.259,12
2007-11-28 19:16:00,7.254,7.257,7.25,7.257,21
2007-11-28 19:17:00,7.249,7.253,7.248,7.252,10
2007-11-28 19:18:00,7.25,7.252,7.248,7.252,8
2007-11-28 19:19:00,7.248,7.251,7.239,7.248,32
2007-11-28 19:20:00,7.252,7.254,7.243,7.247,14
2007-11-28 19:21:00,7.249,7.254,7.249,7.254,7
2007-11-28 19:22:00,7.249,7.251,7.249,7.251,2
2007-11-28 19:23:00,7.248,7.251,7.248,7.248,8
2007-11-28 19:24:00,7.249,7.251,7.248,7.251,10
2007-11-28 19:25:00,7.252,7.252,7.249,7.251,5
2007-11-28 19:26:00,7.247,7.252,7.245,7.25,14
2007-11-28 19:27:00,7.246,7.25,7.246,7.25,5
2007-11-28 19:28:00,7.257,7.257,7.248,7.248,16
2007-11-28 19:29:00,7.257,7.258,7.252,7.255,10
2007-11-28 19:30:00,7.264,7.264,7.255,7.255,7
2007-11-28 19:31:00,7.265,7.267,7.262,7.262,4
2007-11-28 19:32:00,7.26,7.267,7.26,7.267,6
2007-11-28 19:33:00,7.261,7.263,7.261,7.263,2
2007-11-28 19:34:00,7.255,7.259,7.255,7.259,5
2007-11-28 19:35:00,7.253,7.253,7.253,7.253,1
2007-11-28 19:36:00,7.256,7.256,7.256,7.256,1
2007-11-28 19:37:00,7.261,7.261,7.258,7.258,2
2007-11-28 19:38:00,7.258,7.261,7.258,7.259,3
2007-11-28 19:40:00,7.262,7.262,7.26,7.26,2
2007-11-28 19:41:00,7.265,7.265,7.26,7.26,3
2007-11-28 19:42:00,7.267,7.267,7.267,7.267,1
2007-11-28 19:43:00,7.269,7.27,7.267,7.27,3
2007-11-28 19:45:00,7.27,7.272,7.27,7.272,2
2007-11-28 19:46:00,7.27,7.27,7.267,7.267,2
2007-11-28 19:48:00,7.274,7.276,7.274,7.274,3
2007-11-28 19:49:00,7.28,7.28,7.28,7.28,1
2007-11-28 19:50:00,7.282,7.284,7.282,7.282,3
2007-11-28 19:51:00,7.289,7.289,7.284,7.284,4
2007-11-28 19:52:00,7.288,7.288,7.286,7.286,2
2007-11-28 19:53:00,7.283,7.283,7.283,7.283,1
2007-11-28 19:54:00,7.285,7.285,7.285,7.285,1
2007-11-28 19:55:00,7.281,7.283,7.281,7.283,2
2007-11-28 19:56:00,7.288,7.288,7.281,7.283,3
2007-11-28 19:58:00,7.282,7.282,7.282,7.282,1
2007-11-28 19:59:00,7.284,7.284,7.284,7.284,1
2007-11-28 20:01:00,7.278,7.278,7.278,7.278,1
2007-11-28 20:02:00,7.279,7.284,7.279,7.28,4
2007-11-28 20:03:00,7.276,7.276,7.276,7.276,1
2007-11-28 20:04:00,7.276,7.276,7.272,7.272,2
2007-11-28 20:06:00,7.276,7.278,7.276,7.278,2
2007-11-28 20:07:00,7.274,7.274,7.274,7.274,1
2007-11-28 20:11:00,7.268,7.272,7.268,7.272,3
2007-11-28 20:19:00,7.278,7.278,7.272,7.272,2
2007-11-28 20:20:00,7.28,7.28,7.28,7.28,1
2007-11-28 20:23:00,7.28,7.28,7.276,7.276,2
2007-11-28 20:24:00,7.284,7.284,7.284,7.284,1
2007-11-28 20:29:00,7.283,7.283,7.277,7.277,2
2007-11-28 20:30:00,7.279,7.279,7.277,7.277,2
2007-11-28 20:31:00,7.283,7.283,7.283,7.283,1
2007-11-28 20:37:00,7.281,7.281,7.281,7.281,1
2007-11-28 20:38:00,7.28,7.284,7.28,7.284,2
2007-11-28 20:39:00,7.285,7.285,7.285,7.285,1
2007-11-28 20:45:00,7.276,7.281,7.276,7.281,4
2007-11-28 20:46:00,7.274,7.283,7.274,7.283,5
2007-11-28 20:49:00,7.28,7.282,7.28,7.282,2
2007-11-28 20:50:00,7.275,7.282,7.275,7.282,2
2007-11-28 20:52:00,7.277,7.277,7.277,7.277,1
2007-11-28 20:54:00,7.27,7.273,7.258,7.273,6
2007-11-28 20:55:00,7.267,7.267,7.267,7.267,1
2007-11-28 20:58:00,7.265,7.265,7.265,7.265,1
2007-11-28 21:01:00,7.266,7.266,7.266,7.266,1
2007-11-28 21:16:00,7.262,7.264,7.262,7.264,2
2007-11-28 21:19:00,7.264,7.264,7.264,7.264,1
2007-11-28 21:20:00,7.26,7.26,7.26,7.26,1
2007-11-28 21:21:00,7.256,7.258,7.256,7.258,2
2007-11-28 21:22:00,7.263,7.263,7.263,7.263,1
2007-11-28 21:24:00,7.256,7.256,7.256,7.256,1
2007-11-28 21:25:00,7.261,7.261,7.261,7.261,1
2007-11-28 21:28:00,7.254,7.254,7.254,7.254,1
2007-11-28 21:41:00,7.258,7.258,7.258,7.258,1
2007-11-28 21:42:00,7.26,7.26,7.251,7.251,2
2007-11-28 21:47:00,7.258,7.258,7.258,7.258,1
2007-11-28 21:50:00,7.26,7.26,7.26,7.26,1
2007-11-28 21:51:00,7.258,7.258,7.258,7.258,1
2007-11-28 21:52:00,7.258,7.261,7.258,7.261,2
2007-11-28 21:53:00,7.256,7.256,7.256,7.256,1
2007-11-28 21:54:00,7.258,7.258,7.258,7.258,1
2007-11-28 21:56:00,7.266,7.266,7.263,7.263,2
2007-11-28 21:57:00,7.273,7.273,7.273,7.273,1
2007-11-28 22:00:00,7.271,7.271,7.271,7.271,1
2007-11-28 22:05:00,7.262,7.262,7.262,7.262,1
2007-11-28 22:11:00,7.266,7.266,7.266,7.266,1
2007-11-28 22:12:00,7.272,7.272,7.272,7.272,1
2007-11-28 22:14:00,7.272,7.272,7.266,7.266,2
2007-11-28 23:00:00,7.287,7.287,7.287,7.287,1
2007-11-28 23:01:00,7.289,7.289,7.289,7.289,1
2007-11-28 23:02:00,7.292,7.292,7.292,7.292,1
2007-11-28 23:20:00,7.297,7.297,7.297,7.297,1
2007-11-28 23:21:00,7.29,7.29,7.29,7.29,1
2007-11-28 23:30:00,7.29,7.297,7.29,7.297,2
2007-11-28 23:34:00,7.255,7.29,7.255,7.273,3
2007-11-28 23:37:00,7.29,7.29,7.285,7.285,3
2007-11-28 23:41:00,7.288,7.288,7.288,7.288,1
2007-11-28 23:45:00,7.259,7.29,7.259,7.29,5
2007-11-28 23:46:00,7.294,7.294,7.294,7.294,1
2007-11-28 23:48:00,7.281,7.281,7.281,7.281,1
2007-11-28 23:49:00,7.275,7.275,7.265,7.265,2
2007-11-28 23:52:00,7.279,7.279,7.279,7.279,1
2007-11-28 23:53:00,7.26,7.264,7.26,7.264,2
2007-11-29 00:01:00,7.265,7.265,7.265,7.265,1
2007-11-29 00:02:00,7.259,7.261,7.259,7.261,2
2007-11-29 00:13:00,7.26,7.26,7.26,7.26,1
2007-11-29 00:49:00,7.264,7.264,7.264,7.264,1
2007-11-29 02:03:00,7.257,7.261,7.257,7.261,3
2007-11-29 02:04:00,7.259,7.259,7.259,7.259,1
2007-11-29 02:07:00,7.257,7.257,7.257,7.257,1
2007-11-29 02:08:00,7.255,7.255,7.255,7.255,1
2007-11-29 02:17:00,7.256,7.256,7.256,7.256,1
2007-11-29 02:30:00,7.251,7.251,7.251,7.251,1
2007-11-29 02:38:00,7.249,7.249,7.249,7.249,1
2007-11-29 02:41:00,7.259,7.259,7.256,7.256,2
2007-11-29 02:42:00,7.252,7.252,7.252,7.252,1
2007-11-29 02:53:00,7.259,7.259,7.259,7.259,1
2007-11-29 02:55:00,7.252,7.252,7.252,7.252,1
2007-11-29 03:01:00,7.26,7.26,7.26,7.26,1
2007-11-29 03:07:00,7.267,7.267,7.267,7.267,1
2007-11-29 03:09:00,7.28,7.28,7.269,7.269,2
2007-11-29 03:27:00,7.284,7.284,7.284,7.284,1
2007-11-29 03:35:00,7.289,7.289,7.289,7.289,1
2007-11-29 04:06:00,7.291,7.291,7.291,7.291,1
2007-11-29 04:38:00,7.285,7.285,7.285,7.285,1
2007-11-29 04:43:00,7.296,7.296,7.291,7.291,3
2007-11-29 04:44:00,7.308,7.308,7.299,7.299,2
2007-11-29 04:54:00,7.317,7.317,7.317,7.317,1
2007-11-29 04:55:00,7.326,7.326,7.319,7.319,2
2007-11-29 05:07:00,7.345,7.345,7.337,7.337,2
2007-11-29 05:08:00,7.348,7.348,7.343,7.343,2
2007-11-29 06:38:00,7.354,7.354,7.354,7.354,1
2007-11-29 06:39:00,7.362,7.362,7.357,7.357,2
2007-11-29 06:44:00,7.347,7.347,7.347,7.347,1
2007-11-29 07:20:00,7.362,7.362,7.362,7.362,1
2007-11-29 07:37:00,7.358,7.358,7.358,7.358,1
2007-11-29 07:48:00,7.362,7.362,7.362,7.362,1
2007-11-29 07:57:00,7.363,7.363,7.363,7.363,1
2007-11-29 08:52:00,7.365,7.365,7.365,7.365,1
2007-11-29 08:56:00,7.373,7.373,7.368,7.368,2
2007-11-29 08:57:00,7.38,7.38,7.38,7.38,1
2007-11-29 09:00:00,7.377,7.377,7.377,7.377,1
2007-11-29 09:05:00,7.393,7.393,7.386,7.386,3
2007-11-29 09:11:00,7.396,7.396,7.396,7.396,1
2007-11-29 09:12:00,7.381,7.381,7.381,7.381,1
2007-11-29 09:13:00,7.373,7.373,7.373,7.373,1
2007-11-29 09:14:00,7.381,7.381,7.381,7.381,1
2007-11-29 09:32:00,7.378,7.378,7.378,7.378,1
2007-11-29 09:34:00,7.381,7.381,7.381,7.381,1
2007-11-29 09:35:00,7.379,7.379,7.379,7.379,1
2007-11-29 09:36:00,7.381,7.381,7.381,7.381,1
2007-11-29 09:45:00,7.392,7.392,7.392,7.392,1
2007-11-29 09:53:00,7.396,7.396,7.396,7.396,1
2007-11-29 09:54:00,7.391,7.391,7.391,7.391,1
2007-11-29 10:06:00,7.393,7.393,7.393,7.393,1
2007-11-29 10:11:00,7.402,7.402,7.402,7.402,1
2007-11-29 10:15:00,7.404,7.404,7.404,7.404,1
2007-11-29 10:17:00,7.41,7.41,7.41,7.41,1
2007-11-29 10:24:00,7.406,7.406,7.406,7.406,1
2007-11-29 10:26:00,7.421,7.421,7.416,7.416,2
2007-11-29 10:28:00,7.437,7.439,7.427,7.427,3
2007-11-29 10:39:00,7.427,7.427,7.427,7.427,1
2007-11-29 10:41:00,7.435,7.435,7.435,7.435,1
2007-11-29 10:58:00,7.417,7.419,7.417,7.419,2
2007-11-29 11:21:00,7.409,7.409,7.409,7.409,1
2007-11-29 11:24:00,7.408,7.418,7.399,7.399,3
2007-11-29 11:28:00,7.385,7.387,7.385,7.387,2
2007-11-29 11:30:00,7.374,7.379,7.374,7.379,2
2007-11-29 11:35:00,7.354,7.354,7.354,7.354,1
2007-11-29 11:36:00,7.35,7.35,7.35,7.35,1
2007-11-29 11:42:00,7.354,7.354,7.354,7.354,1
2007-11-29 11:45:00,7.346,7.35,7.346,7.35,2
2007-11-29 11:52:00,7.369,7.369,7.365,7.365,2
2007-11-29 11:53:00,7.394,7.394,7.394,7.394,1
2007-11-29 11:56:00,7.392,7.392,7.392,7.392,1
2007-11-29 12:00:00,7.398,7.398,7.398,7.398,1
2007-11-29 12:03:00,7.371,7.371,7.371,7.371,1
2007-11-29 12:04:00,7.321,7.362,7.321,7.362,5
2007-11-29 12:06:00,7.335,7.335,7.331,7.331,2
2007-11-29 12:16:00,7.33,7.33,7.33,7.33,1
2007-11-29 12:22:00,7.34,7.34,7.334,7.334,2
2007-11-29 12:25:00,7.349,7.349,7.349,7.349,1
2007-11-29 12:26:00,7.369,7.369,7.369,7.369,1
2007-11-29 12:27:00,7.396,7.396,7.373,7.373,3
2007-11-29 12:28:00,7.393,7.393,7.393,7.393,1
2007-11-29 12:29:00,7.36,7.367,7.355,7.367,7
2007-11-29 12:30:00,7.361,7.365,7.361,7.365,2
2007-11-29 12:31:00,7.375,7.375,7.375,7.375,1
2007-11-29 12:33:00,7.392,7.392,7.37,7.37,3
2007-11-29 12:35:00,7.366,7.366,7.366,7.366,1
2007-11-29 12:36:00,7.388,7.388,7.378,7.388,3
2007-11-29 12:40:00,7.397,7.397,7.394,7.394,2
2007-11-29 12:44:00,7.399,7.399,7.399,7.399,1
2007-11-29 12:45:00,7.408,7.408,7.404,7.404,2
2007-11-29 12:46:00,7.433,7.44,7.417,7.417,8
2007-11-29 12:47:00,7.439,7.439,7.439,7.439,1
2007-11-29 12:48:00,7.428,7.428,7.428,7.428,1
2007-11-29 12:50:00,7.44,7.44,7.438,7.438,2
2007-11-29 12:51:00,7.431,7.44,7.429,7.429,4
2007-11-29 12:52:00,7.443,7.443,7.443,7.443,1
2007-11-29 12:53:00,7.432,7.438,7.429,7.438,4
2007-11-29 12:54:00,7.418,7.429,7.418,7.429,3
2007-11-29 12:56:00,7.416,7.423,7.416,7.416,3
2007-11-29 12:57:00,7.403,7.421,7.403,7.421,5
2007-11-29 12:58:00,7.385,7.405,7.385,7.401,8
2007-11-29 12:59:00,7.404,7.404,7.404,7.404,1
2007-11-29 13:00:00,7.404,7.41,7.404,7.407,6
2007-11-29 13:01:00,7.393,7.401,7.393,7.401,4
2007-11-29 13:02:00,7.391,7.391,7.391,7.391,1
2007-11-29 13:04:00,7.393,7.393,7.389,7.389,2
2007-11-29 13:05:00,7.394,7.394,7.386,7.386,3
2007-11-29 13:06:00,7.391,7.404,7.391,7.404,2
2007-11-29 13:08:00,7.382,7.385,7.382,7.385,2
2007-11-29 13:09:00,7.367,7.383,7.367,7.379,10
2007-11-29 13:10:00,7.355,7.365,7.35,7.365,8
2007-11-29 13:11:00,7.341,7.346,7.321,7.346,9
2007-11-29 13:12:00,7.343,7.346,7.343,7.346,2
2007-11-29 13:13:00,7.348,7.35,7.341,7.341,5
2007-11-29 13:14:00,7.355,7.355,7.351,7.351,3
2007-11-29 13:16:00,7.36,7.36,7.36,7.36,1
2007-11-29 13:17:00,7.36,7.37,7.36,7.37,2
2007-11-29 13:20:00,7.36,7.36,7.355,7.355,2
2007-11-29 13:21:00,7.363,7.366,7.363,7.366,2
2007-11-29 13:24:00,7.38,7.38,7.371,7.371,2
2007-11-29 13:25:00,7.397,7.397,7.38,7.387,6
2007-11-29 13:26:00,7.39,7.399,7.39,7.399,3
2007-11-29 13:27:00,7.385,7.389,7.385,7.385,3
2007-11-29 13:28:00,7.389,7.39,7.385,7.388,4
2007-11-29 13:29:00,7.392,7.392,7.392,7.392,1
2007-11-29 13:30:00,7.394,7.394,7.394,7.394,1
2007-11-29 13:31:00,7.398,7.398,7.398,7.398,1
2007-11-29 13:32:00,7.395,7.395,7.395,7.395,1
2007-11-29 13:34:00,7.389,7.394,7.389,7.392,3
2007-11-29 13:35:00,7.4,7.4,7.393,7.393,4
2007-11-29 13:36:00,7.386,7.391,7.386,7.391,3
2007-11-29 13:37:00,7.373,7.383,7.373,7.382,5
2007-11-29 13:38:00,7.367,7.37,7.367,7.37,4
2007-11-29 13:39:00,7.355,7.365,7.351,7.358,6
2007-11-29 13:40:00,7.353,7.353,7.353,7.353,1
2007-11-29 13:41:00,7.355,7.355,7.352,7.355,3
2007-11-29 13:42:00,7.355,7.361,7.355,7.361,2
2007-11-29 13:43:00,7.357,7.357,7.35,7.357,5
2007-11-29 13:44:00,7.352,7.359,7.347,7.359,7
2007-11-29 13:45:00,7.35,7.353,7.35,7.353,2
2007-11-29 13:46:00,7.323,7.348,7.323,7.348,15
2007-11-29 13:47:00,7.302,7.323,7.3,7.321,19
2007-11-29 13:48:00,7.307,7.312,7.304,7.31,6
2007-11-29 13:49:00,7.293,7.311,7.288,7.302,16
2007-11-29 13:50:00,7.301,7.301,7.284,7.288,9
2007-11-29 13:51:00,7.316,7.316,7.303,7.303,9
2007-11-29 13:52:00,7.311,7.314,7.308,7.314,4
2007-11-29 13:53:00,7.311,7.313,7.311,7.313,2
2007-11-29 13:54:00,7.308,7.316,7.308,7.313,6
2007-11-29 13:55:00,7.317,7.317,7.31,7.31,5
2007-11-29 13:56:00,7.314,7.322,7.314,7.319,5
2007-11-29 13:57:00,7.316,7.316,7.316,7.316,1
2007-11-29 13:58:00,7.307,7.313,7.306,7.313,6
2007-11-29 13:59:00,7.292,7.304,7.292,7.304,5
2007-11-29 14:00:00,7.294,7.297,7.286,7.29,27
2007-11-29 14:01:00,7.293,7.299,7.293,7.296,11
2007-11-29 14:02:00,7.302,7.307,7.296,7.296,13
2007-11-29 14:03:00,7.318,7.318,7.307,7.307,18
2007-11-29 14:04:00,7.314,7.323,7.312,7.316,26
2007-11-29 14:05:00,7.307,7.322,7.307,7.32,9
2007-11-29 14:06:00,7.296,7.312,7.292,7.31,13
2007-11-29 14:07:00,7.284,7.296,7.283,7.294,15
2007-11-29 14:08:00,7.269,7.288,7.263,7.286,33
2007-11-29 14:09:00,7.249,7.271,7.245,7.271,35
2007-11-29 14:10:00,7.237,7.247,7.214,7.247,62
2007-11-29 14:11:00,7.242,7.242,7.232,7.235,19
2007-11-29 14:12:00,7.259,7.259,7.244,7.244,15
2007-11-29 14:13:00,7.258,7.262,7.256,7.257,15
2007-11-29 14:14:00,7.254,7.258,7.252,7.256,8
2007-11-29 14:15:00,7.251,7.254,7.249,7.252,9
2007-11-29 14:16:00,7.25,7.255,7.25,7.253,7
2007-11-29 14:17:00,7.25,7.252,7.25,7.252,4
2007-11-29 14:18:00,7.263,7.263,7.253,7.253,12
2007-11-29 14:19:00,7.278,7.28,7.26,7.262,33
2007-11-29 14:20:00,7.274,7.281,7.265,7.276,28
2007-11-29 14:21:00,7.273,7.276,7.272,7.272,4
2007-11-29 14:22:00,7.274,7.277,7.271,7.275,14
2007-11-29 14:23:00,7.272,7.274,7.262,7.272,20
2007-11-29 14:24:00,7.265,7.273,7.26,7.27,23
2007-11-29 14:25:00,7.261,7.268,7.261,7.263,15
2007-11-29 14:26:00,7.26,7.266,7.26,7.264,7
2007-11-29 14:27:00,7.261,7.261,7.257,7.257,5
2007-11-29 14:28:00,7.246,7.263,7.242,7.263,32
2007-11-29 14:29:00,7.254,7.256,7.247,7.249,18
2007-11-29 14:30:00,7.257,7.257,7.249,7.252,13
2007-11-29 14:31:00,7.257,7.262,7.245,7.254,26
2007-11-29 14:32:00,7.26,7.26,7.255,7.255,9
2007-11-29 14:33:00,7.27,7.27,7.262,7.262,11
2007-11-29 14:34:00,7.277,7.277,7.271,7.273,5
2007-11-29 14:35:00,7.278,7.281,7.273,7.279,10
2007-11-29 14:36:00,7.286,7.288,7.273,7.276,15
2007-11-29 14:37:00,7.288,7.293,7.278,7.283,23
2007-11-29 14:38:00,7.3,7.307,7.288,7.29,17
2007-11-29 14:39:00,7.299,7.307,7.295,7.302,20
2007-11-29 14:40:00,7.295,7.303,7.295,7.303,6
2007-11-29 14:41:00,7.295,7.295,7.291,7.293,6
2007-11-29 14:42:00,7.289,7.293,7.289,7.293,5
2007-11-29 14:43:00,7.286,7.291,7.286,7.291,3
2007-11-29 14:44:00,7.289,7.289,7.289,7.289,1
2007-11-29 14:45:00,7.291,7.291,7.289,7.291,3
2007-11-29 14:46:00,7.287,7.293,7.284,7.289,10
2007-11-29 14:47:00,7.282,7.289,7.28,7.289,10
2007-11-29 14:48:00,7.276,7.28,7.273,7.28,18
2007-11-29 14:49:00,7.28,7.28,7.271,7.273,13
2007-11-29 14:50:00,7.285,7.285,7.275,7.276,12
2007-11-29 14:51:00,7.274,7.288,7.274,7.288,10
2007-11-29 14:52:00,7.272,7.275,7.27,7.272,5
2007-11-29 14:53:00,7.278,7.282,7.274,7.276,12
2007-11-29 14:54:00,7.271,7.278,7.269,7.276,13
2007-11-29 14:55:00,7.27,7.277,7.27,7.273,9
2007-11-29 14:56:00,7.271,7.271,7.268,7.268,2
2007-11-29 14:57:00,7.266,7.273,7.266,7.269,9
2007-11-29 14:58:00,7.266,7.268,7.266,7.268,4
2007-11-29 14:59:00,7.269,7.271,7.266,7.268,8
2007-11-29 15:00:00,7.272,7.274,7.264,7.268,11
2007-11-29 15:01:00,7.277,7.277,7.269,7.269,8
2007-11-29 15:02:00,7.279,7.279,7.273,7.273,10
2007-11-29 15:03:00,7.285,7.285,7.277,7.277,11
2007-11-29 15:04:00,7.273,7.288,7.27,7.288,12
2007-11-29 15:05:00,7.278,7.278,7.273,7.275,8
2007-11-29 15:06:00,7.278,7.281,7.278,7.28,8
2007-11-29 15:07:00,7.281,7.284,7.279,7.28,9
2007-11-29 15:08:00,7.286,7.288,7.281,7.283,16
2007-11-29 15:09:00,7.29,7.29,7.284,7.284,5
2007-11-29 15:10:00,7.295,7.299,7.292,7.292,10
2007-11-29 15:11:00,7.288,7.296,7.288,7.293,8
2007-11-29 15:12:00,7.289,7.289,7.286,7.286,4
2007-11-29 15:13:00,7.285,7.291,7.285,7.286,6
2007-11-29 15:14:00,7.286,7.287,7.281,7.287,10
2007-11-29 15:15:00,7.285,7.286,7.283,7.283,4
2007-11-29 15:16:00,7.28,7.287,7.28,7.287,6
2007-11-29 15:17:00,7.285,7.288,7.282,7.282,10
2007-11-29 15:18:00,7.289,7.291,7.287,7.287,6
2007-11-29 15:19:00,7.287,7.292,7.284,7.287,36
2007-11-29 15:20:00,7.291,7.293,7.288,7.289,15
2007-11-29 15:21:00,7.288,7.291,7.287,7.289,12
2007-11-29 15:22:00,7.289,7.291,7.287,7.29,9
2007-11-29 15:23:00,7.283,7.287,7.283,7.287,5
2007-11-29 15:24:00,7.283,7.286,7.283,7.285,4
2007-11-29 15:25:00,7.285,7.287,7.285,7.285,3
2007-11-29 15:26:00,7.279,7.283,7.277,7.283,5
2007-11-29 15:27:00,7.269,7.277,7.269,7.275,10
2007-11-29 15:28:00,7.27,7.273,7.264,7.267,15
2007-11-29 15:29:00,7.267,7.273,7.26,7.266,17
2007-11-29 15:30:00,7.255,7.265,7.215,7.265,151
2007-11-29 15:31:00,7.24,7.258,7.237,7.253,51
2007-11-29 15:32:00,7.247,7.247,7.23,7.238,50
2007-11-29 15:33:00,7.248,7.248,7.237,7.244,23
2007-11-29 15:34:00,7.241,7.246,7.237,7.246,17
2007-11-29 15:35:00,7.27,7.277,7.24,7.243,48
2007-11-29 15:36:00,7.276,7.279,7.268,7.268,23
2007-11-29 15:37:00,7.265,7.276,7.265,7.274,26
2007-11-29 15:38:00,7.259,7.269,7.255,7.267,13
2007-11-29 15:39:00,7.244,7.264,7.244,7.262,28
2007-11-29 15:40:00,7.246,7.25,7.241,7.243,20
2007-11-29 15:41:00,7.247,7.25,7.237,7.248,30
2007-11-29 15:42:00,7.236,7.245,7.233,7.243,20
2007-11-29 15:43:00,7.218,7.239,7.216,7.234,33
2007-11-29 15:44:00,7.23,7.234,7.218,7.22,37
2007-11-29 15:45:00,7.235,7.241,7.23,7.233,16
2007-11-29 15:46:00,7.223,7.237,7.223,7.237,14
2007-11-29 15:47:00,7.221,7.223,7.204,7.221,66
2007-11-29 15:48:00,7.212,7.227,7.209,7.223,18
2007-11-29 15:49:00,7.209,7.215,7.209,7.214,17
2007-11-29 15:50:00,7.203,7.21,7.196,7.207,49
2007-11-29 15:51:00,7.169,7.202,7.166,7.199,65
2007-11-29 15:52:00,7.172,7.175,7.16,7.171,51
2007-11-29 15:53:00,7.174,7.182,7.17,7.17,35
2007-11-29 15:54:00,7.167,7.174,7.165,7.172,23
2007-11-29 15:55:00,7.175,7.176,7.169,7.169,14
2007-11-29 15:56:00,7.172,7.183,7.172,7.173,18
2007-11-29 15:57:00,7.177,7.179,7.174,7.174,9
2007-11-29 15:58:00,7.184,7.186,7.18,7.18,14
2007-11-29 15:59:00,7.194,7.199,7.181,7.183,19
2007-11-29 16:00:00,7.194,7.197,7.185,7.192,19
2007-11-29 16:01:00,7.199,7.199,7.195,7.196,8
2007-11-29 16:02:00,7.203,7.207,7.196,7.197,15
2007-11-29 16:03:00,7.209,7.214,7.205,7.205,28
2007-11-29 16:04:00,7.217,7.219,7.203,7.207,12
2007-11-29 16:05:00,7.219,7.221,7.212,7.219,13
2007-11-29 16:06:00,7.218,7.238,7.216,7.221,47
2007-11-29 16:07:00,7.216,7.227,7.21,7.22,28
2007-11-29 16:08:00,7.208,7.218,7.199,7.214,24
2007-11-29 16:09:00,7.214,7.216,7.205,7.206,32
2007-11-29 16:10:00,7.219,7.219,7.21,7.216,21
2007-11-29 16:11:00,7.213,7.218,7.209,7.218,9
2007-11-29 16:12:00,7.195,7.214,7.193,7.211,22
2007-11-29 16:13:00,7.188,7.197,7.184,7.197,18
2007-11-29 16:14:00,7.199,7.199,7.185,7.185,12
2007-11-29 16:15:00,7.202,7.204,7.198,7.201,9
2007-11-29 16:16:00,7.21,7.213,7.204,7.204,12
2007-11-29 16:17:00,7.22,7.22,7.204,7.212,25
2007-11-29 16:18:00,7.231,7.233,7.22,7.222,17
2007-11-29 16:19:00,7.239,7.259,7.23,7.234,67
2007-11-29 16:20:00,7.261,7.264,7.241,7.241,37
2007-11-29 16:21:00,7.248,7.259,7.243,7.259,43
2007-11-29 16:22:00,7.247,7.252,7.242,7.25,19
2007-11-29 16:23:00,7.245,7.249,7.24,7.249,15
2007-11-29 16:24:00,7.275,7.275,7.248,7.248,49
2007-11-29 16:25:00,7.302,7.302,7.269,7.273,41
2007-11-29 16:26:00,7.306,7.306,7.29,7.304,33
2007-11-29 16:27:00,7.305,7.317,7.298,7.309,43
2007-11-29 16:28:00,7.311,7.321,7.307,7.307,45
2007-11-29 16:29:00,7.308,7.311,7.298,7.309,19
2007-11-29 16:30:00,7.323,7.326,7.309,7.31,28
2007-11-29 16:31:00,7.344,7.358,7.321,7.321,99
2007-11-29 16:32:00,7.32,7.347,7.314,7.342,65
2007-11-29 16:33:00,7.292,7.323,7.292,7.322,79
2007-11-29 16:34:00,7.275,7.296,7.251,7.29,101
2007-11-29 16:35:00,7.283,7.292,7.27,7.273,41
2007-11-29 16:36:00,7.289,7.301,7.284,7.285,52
2007-11-29 16:37:00,7.327,7.331,7.289,7.291,58
2007-11-29 16:38:00,7.313,7.33,7.311,7.325,40
2007-11-29 16:39:00,7.287,7.313,7.286,7.311,26
2007-11-29 16:40:00,7.266,7.3,7.264,7.289,40
2007-11-29 16:41:00,7.256,7.279,7.251,7.268,52
2007-11-29 16:42:00,7.275,7.275,7.251,7.258,43
2007-11-29 16:43:00,7.257,7.272,7.251,7.272,20
2007-11-29 16:44:00,7.267,7.277,7.257,7.259,25
2007-11-29 16:45:00,7.264,7.275,7.256,7.265,22
2007-11-29 16:46:00,7.246,7.264,7.246,7.261,12
2007-11-29 16:47:00,7.253,7.256,7.24,7.244,26
2007-11-29 16:48:00,7.263,7.265,7.255,7.255,16
2007-11-29 16:49:00,7.267,7.27,7.256,7.261,20
2007-11-29 16:50:00,7.262,7.283,7.262,7.271,28
2007-11-29 16:51:00,7.271,7.274,7.264,7.264,16
2007-11-29 16:52:00,7.258,7.274,7.257,7.274,12
2007-11-29 16:53:00,7.245,7.257,7.234,7.257,36
2007-11-29 16:54:00,7.25,7.254,7.247,7.247,11
2007-11-29 16:55:00,7.248,7.256,7.248,7.256,4
2007-11-29 16:56:00,7.241,7.246,7.232,7.246,30
2007-11-29 16:57:00,7.229,7.238,7.226,7.238,31
2007-11-29 16:58:00,7.221,7.232,7.214,7.231,20
2007-11-29 16:59:00,7.219,7.222,7.215,7.219,10
2007-11-29 17:00:00,7.227,7.232,7.222,7.222,12
2007-11-29 17:01:00,7.235,7.235,7.225,7.225,12
2007-11-29 17:02:00,7.238,7.243,7.218,7.233,38
2007-11-29 17:03:00,7.226,7.246,7.222,7.24,26
2007-11-29 17:04:00,7.219,7.227,7.219,7.224,8
2007-11-29 17:05:00,7.231,7.231,7.214,7.217,22
2007-11-29 17:06:00,7.236,7.239,7.231,7.233,19
2007-11-29 17:07:00,7.212,7.234,7.212,7.234,24
2007-11-29 17:08:00,7.213,7.22,7.175,7.214,76
2007-11-29 17:09:00,7.221,7.223,7.208,7.208,12
2007-11-29 17:10:00,7.221,7.223,7.217,7.223,18
2007-11-29 17:11:00,7.228,7.228,7.214,7.217,16
2007-11-29 17:12:00,7.232,7.236,7.221,7.229,42
2007-11-29 17:13:00,7.23,7.232,7.224,7.228,11
2007-11-29 17:14:00,7.236,7.237,7.229,7.229,8
2007-11-29 17:15:00,7.227,7.234,7.227,7.234,7
2007-11-29 17:16:00,7.219,7.225,7.219,7.225,4
2007-11-29 17:17:00,7.2,7.22,7.2,7.216,18
2007-11-29 17:18:00,7.214,7.214,7.193,7.197,32
2007-11-29 17:19:00,7.219,7.22,7.211,7.211,17
2007-11-29 17:20:00,7.198,7.217,7.198,7.217,20
2007-11-29 17:21:00,7.203,7.203,7.191,7.196,28
2007-11-29 17:22:00,7.198,7.202,7.197,7.201,6
2007-11-29 17:23:00,7.199,7.2,7.191,7.196,10
2007-11-29 17:24:00,7.199,7.208,7.197,7.201,12
2007-11-29 17:25:00,7.205,7.207,7.197,7.197,12
2007-11-29 17:26:00,7.22,7.231,7.204,7.207,30
2007-11-29 17:27:00,7.205,7.223,7.205,7.222,9
2007-11-29 17:28:00,7.212,7.212,7.199,7.207,17
2007-11-29 17:29:00,7.221,7.223,7.21,7.215,17
2007-11-29 17:30:00,7.235,7.235,7.223,7.223,15
2007-11-29 17:31:00,7.242,7.242,7.236,7.238,13
2007-11-29 17:32:00,7.235,7.245,7.235,7.24,17
2007-11-29 17:33:00,7.246,7.246,7.233,7.233,10
2007-11-29 17:34:00,7.252,7.257,7.248,7.248,17
2007-11-29 17:35:00,7.241,7.256,7.241,7.254,12
2007-11-29 17:36:00,7.229,7.248,7.229,7.245,20
2007-11-29 17:37:00,7.218,7.234,7.212,7.227,23
2007-11-29 17:38:00,7.222,7.222,7.218,7.22,4
2007-11-29 17:39:00,7.223,7.226,7.22,7.22,5
2007-11-29 17:40:00,7.234,7.238,7.223,7.225,14
2007-11-29 17:41:00,7.225,7.233,7.223,7.233,7
2007-11-29 17:42:00,7.209,7.225,7.209,7.223,15
2007-11-29 17:43:00,7.211,7.217,7.202,7.211,23
2007-11-29 17:44:00,7.202,7.211,7.202,7.209,9
2007-11-29 17:45:00,7.206,7.21,7.203,7.203,8
2007-11-29 17:46:00,7.201,7.205,7.201,7.203,4
2007-11-29 17:47:00,7.202,7.203,7.2,7.203,3
2007-11-29 17:48:00,7.204,7.207,7.203,7.204,7
2007-11-29 17:49:00,7.203,7.206,7.203,7.203,9
2007-11-29 17:51:00,7.204,7.205,7.198,7.201,14
2007-11-29 17:52:00,7.197,7.206,7.197,7.202,15
2007-11-29 17:53:00,7.204,7.206,7.195,7.195,7
2007-11-29 17:54:00,7.208,7.208,7.208,7.208,1
2007-11-29 17:55:00,7.213,7.215,7.21,7.21,4
2007-11-29 17:56:00,7.209,7.21,7.207,7.21,3
2007-11-29 17:57:00,7.202,7.207,7.2,7.207,6
2007-11-29 17:58:00,7.198,7.206,7.198,7.204,10
2007-11-29 17:59:00,7.202,7.202,7.198,7.2,4
2007-11-29 18:00:00,7.2,7.2,7.2,7.2,1
2007-11-29 18:01:00,7.202,7.202,7.2,7.202,3
2007-11-29 18:02:00,7.202,7.202,7.194,7.2,17
2007-11-29 18:03:00,7.198,7.2,7.198,7.2,4
2007-11-29 18:04:00,7.203,7.206,7.198,7.2,9
2007-11-29 18:05:00,7.21,7.21,7.205,7.205,4
2007-11-29 18:06:00,7.209,7.214,7.207,7.212,10
2007-11-29 18:07:00,7.203,7.212,7.203,7.211,8
2007-11-29 18:08:00,7.204,7.207,7.202,7.205,9
2007-11-29 18:09:00,7.202,7.206,7.197,7.206,7
2007-11-29 18:10:00,7.211,7.213,7.204,7.204,11
2007-11-29 18:11:00,7.207,7.21,7.207,7.209,5
2007-11-29 18:12:00,7.207,7.207,7.205,7.205,4
2007-11-29 18:13:00,7.207,7.208,7.207,7.208,2
2007-11-29 18:14:00,7.205,7.205,7.196,7.205,10
2007-11-29 18:15:00,7.209,7.209,7.203,7.203,6
2007-11-29 18:16:00,7.201,7.211,7.194,7.211,13
2007-11-29 18:17:00,7.208,7.208,7.196,7.198,12
2007-11-29 18:18:00,7.198,7.207,7.197,7.207,12
2007-11-29 18:19:00,7.194,7.196,7.188,7.196,17
2007-11-29 18:20:00,7.191,7.194,7.19,7.192,9
2007-11-29 18:21:00,7.188,7.195,7.187,7.193,12
2007-11-29 18:22:00,7.187,7.187,7.176,7.185,30
2007-11-29 18:23:00,7.191,7.191,7.182,7.185,8
2007-11-29 18:24:00,7.193,7.195,7.189,7.189,9
2007-11-29 18:25:00,7.188,7.195,7.186,7.195,11
2007-11-29 18:26:00,7.192,7.196,7.189,7.19,7
2007-11-29 18:27:00,7.199,7.201,7.19,7.19,12
2007-11-29 18:28:00,7.199,7.214,7.192,7.201,27
2007-11-29 18:29:00,7.204,7.206,7.204,7.204,3
2007-11-29 18:30:00,7.202,7.206,7.2,7.206,8
2007-11-29 18:31:00,7.199,7.202,7.199,7.199,9
2007-11-29 18:32:00,7.197,7.203,7.197,7.201,8
2007-11-29 18:33:00,7.197,7.205,7.197,7.199,9
2007-11-29 18:34:00,7.196,7.196,7.193,7.195,3
2007-11-29 18:35:00,7.193,7.195,7.192,7.194,6
2007-11-29 18:36:00,7.206,7.208,7.195,7.195,8
2007-11-29 18:37:00,7.207,7.207,7.2,7.204,8
2007-11-29 18:38:00,7.206,7.209,7.201,7.205,12
2007-11-29 18:39:00,7.211,7.211,7.203,7.203,8
2007-11-29 18:40:00,7.224,7.225,7.207,7.207,20
2007-11-29 18:41:00,7.208,7.222,7.208,7.222,12
2007-11-29 18:42:00,7.203,7.211,7.203,7.206,14
2007-11-29 18:43:00,7.202,7.202,7.199,7.2,6
2007-11-29 18:44:00,7.198,7.2,7.198,7.2,2
2007-11-29 18:45:00,7.195,7.197,7.191,7.196,10
2007-11-29 18:46:00,7.193,7.195,7.191,7.193,7
2007-11-29 18:47:00,7.184,7.191,7.183,7.191,14
2007-11-29 18:48:00,7.19,7.196,7.184,7.186,12
2007-11-29 18:49:00,7.194,7.197,7.193,7.193,7
2007-11-29 18:50:00,7.199,7.201,7.196,7.196,6
2007-11-29 18:51:00,7.193,7.202,7.193,7.202,8
2007-11-29 18:52:00,7.178,7.194,7.176,7.191,38
2007-11-29 18:53:00,7.183,7.188,7.176,7.176,22
2007-11-29 18:54:00,7.181,7.193,7.179,7.187,18
2007-11-29 18:55:00,7.191,7.193,7.183,7.183,9
2007-11-29 18:56:00,7.187,7.198,7.187,7.194,13
2007-11-29 18:57:00,7.189,7.193,7.183,7.185,13
2007-11-29 18:58:00,7.187,7.191,7.187,7.191,5
2007-11-29 18:59:00,7.189,7.191,7.185,7.189,9
2007-11-29 19:00:00,7.194,7.199,7.189,7.191,9
2007-11-29 19:01:00,7.198,7.203,7.192,7.192,8
2007-11-29 19:02:00,7.2,7.203,7.196,7.196,9
2007-11-29 19:03:00,7.213,7.217,7.197,7.197,24
2007-11-29 19:04:00,7.21,7.213,7.204,7.211,9
2007-11-29 19:05:00,7.214,7.216,7.209,7.213,10
2007-11-29 19:06:00,7.215,7.218,7.209,7.212,14
2007-11-29 19:07:00,7.21,7.215,7.21,7.213,4
2007-11-29 19:08:00,7.198,7.208,7.198,7.208,15
2007-11-29 19:09:00,7.202,7.202,7.194,7.196,12
2007-11-29 19:10:00,7.207,7.207,7.199,7.199,8
2007-11-29 19:11:00,7.215,7.218,7.201,7.205,18
2007-11-29 19:12:00,7.227,7.227,7.212,7.213,16
2007-11-29 19:13:00,7.226,7.236,7.226,7.23,16
2007-11-29 19:14:00,7.207,7.228,7.207,7.228,20
2007-11-29 19:15:00,7.207,7.211,7.205,7.205,10
2007-11-29 19:16:00,7.207,7.209,7.199,7.203,12
2007-11-29 19:17:00,7.208,7.21,7.206,7.209,8
2007-11-29 19:18:00,7.212,7.215,7.211,7.211,6
2007-11-29 19:19:00,7.21,7.215,7.21,7.215,5
2007-11-29 19:20:00,7.212,7.212,7.208,7.208,3
2007-11-29 19:21:00,7.218,7.218,7.21,7.21,5
2007-11-29 19:22:00,7.225,7.225,7.212,7.216,11
2007-11-29 19:23:00,7.221,7.223,7.22,7.221,4
2007-11-29 19:24:00,7.22,7.222,7.217,7.22,6
2007-11-29 19:25:00,7.224,7.229,7.222,7.222,16
2007-11-29 19:26:00,7.23,7.23,7.226,7.226,8
2007-11-29 19:27:00,7.233,7.233,7.226,7.228,5
2007-11-29 19:28:00,7.229,7.235,7.229,7.231,8
2007-11-29 19:29:00,7.224,7.229,7.22,7.227,11
2007-11-29 19:30:00,7.22,7.221,7.22,7.221,2
2007-11-29 19:31:00,7.223,7.227,7.223,7.225,4
2007-11-29 19:32:00,7.229,7.229,7.226,7.226,2
2007-11-29 19:33:00,7.231,7.231,7.228,7.231,3
2007-11-29 19:34:00,7.236,7.236,7.234,7.234,2
2007-11-29 19:35:00,7.237,7.241,7.235,7.241,3
2007-11-29 19:38:00,7.232,7.236,7.232,7.233,4
2007-11-29 19:40:00,7.23,7.23,7.23,7.23,1
2007-11-29 19:41:00,7.228,7.228,7.228,7.228,1
2007-11-29 19:42:00,7.225,7.225,7.225,7.225,1
2007-11-29 19:46:00,7.228,7.228,7.228,7.228,1
2007-11-29 19:47:00,7.227,7.234,7.226,7.226,4
2007-11-29 19:51:00,7.231,7.231,7.231,7.231,1
2007-11-29 19:53:00,7.226,7.226,7.225,7.226,3
2007-11-29 19:55:00,7.234,7.234,7.234,7.234,1
2007-11-29 19:57:00,7.232,7.232,7.232,7.232,1
2007-11-29 20:00:00,7.237,7.237,7.237,7.237,1
2007-11-29 20:01:00,7.227,7.227,7.227,7.227,1
2007-11-29 20:02:00,7.239,7.239,7.237,7.237,2
2007-11-29 20:06:00,7.236,7.236,7.233,7.233,2
2007-11-29 20:10:00,7.236,7.24,7.236,7.24,2
2007-11-29 20:11:00,7.238,7.238,7.238,7.238,1
2007-11-29 20:12:00,7.241,7.241,7.241,7.241,1
2007-11-29 20:14:00,7.245,7.245,7.245,7.245,1
2007-11-29 20:15:00,7.244,7.248,7.244,7.248,2
2007-11-29 20:17:00,7.249,7.251,7.249,7.249,3
2007-11-29 20:19:00,7.257,7.263,7.252,7.258,7
2007-11-29 20:20:00,7.254,7.254,7.254,7.254,1
2007-11-29 20:21:00,7.253,7.255,7.251,7.251,4
2007-11-29 20:22:00,7.254,7.257,7.254,7.257,2
2007-11-29 20:23:00,7.259,7.259,7.259,7.259,1
2007-11-29 20:24:00,7.253,7.253,7.253,7.253,1
2007-11-29 20:26:00,7.241,7.248,7.241,7.248,4
2007-11-29 20:27:00,7.245,7.247,7.245,7.245,3
2007-11-29 20:29:00,7.242,7.244,7.241,7.241,3
2007-11-29 20:30:00,7.245,7.245,7.245,7.245,1
2007-11-29 20:31:00,7.243,7.251,7.243,7.249,3
2007-11-29 20:32:00,7.249,7.249,7.249,7.249,1
2007-11-29 20:33:00,7.26,7.26,7.251,7.251,4
2007-11-29 20:35:00,7.259,7.259,7.256,7.256,2
2007-11-29 20:36:00,7.248,7.248,7.248,7.248,1
2007-11-29 20:39:00,7.253,7.253,7.253,7.253,1
2007-11-29 20:40:00,7.245,7.248,7.242,7.248,3
2007-11-29 20:41:00,7.253,7.253,7.253,7.253,1
2007-11-29 20:44:00,7.255,7.255,7.255,7.255,1
2007-11-29 20:48:00,7.248,7.248,7.248,7.248,1
2007-11-29 20:52:00,7.251,7.251,7.251,7.251,1
2007-11-29 20:53:00,7.246,7.246,7.246,7.246,1
2007-11-29 20:54:00,7.251,7.251,7.251,7.251,1
2007-11-29 20:55:00,7.257,7.257,7.257,7.257,1
2007-11-29 21:03:00,7.251,7.251,7.251,7.251,1
2007-11-29 21:05:00,7.254,7.254,7.254,7.254,1
2007-11-29 21:06:00,7.256,7.256,7.256,7.256,1
2007-11-29 21:09:00,7.258,7.258,7.258,7.258,1
2007-11-29 21:10:00,7.261,7.263,7.26,7.26,3
2007-11-29 21:12:00,7.264,7.266,7.264,7.264,3
2007-11-29 21:14:00,7.261,7.261,7.261,7.261,1
2007-11-29 21:16:00,7.261,7.263,7.261,7.263,2
2007-11-29 21:18:00,7.259,7.265,7.259,7.265,2
2007-11-29 21:20:00,7.274,7.274,7.266,7.266,2
2007-11-29 21:23:00,7.275,7.275,7.275,7.275,1
2007-11-29 21:24:00,7.272,7.272,7.272,7.272,1
2007-11-29 21:28:00,7.272,7.272,7.27,7.27,2
2007-11-29 21:34:00,7.275,7.275,7.275,7.275,1
2007-11-29 21:37:00,7.269,7.269,7.269,7.269,1
2007-11-29 21:38:00,7.262,7.262,7.262,7.262,1
2007-11-29 21:43:00,7.269,7.269,7.269,7.269,1
2007-11-29 21:48:00,7.264,7.266,7.264,7.266,2
2007-11-29 21:54:00,7.26,7.26,7.26,7.26,1
2007-11-29 21:57:00,7.261,7.264,7.261,7.264,2
2007-11-29 22:04:00,7.28,7.28,7.264,7.264,2
2007-11-29 22:07:00,7.259,7.259,7.259,7.259,1
2007-11-29 22:14:00,7.271,7.271,7.271,7.271,1
2007-11-29 23:10:00,7.299,7.299,7.299,7.299,1
2007-11-29 23:15:00,7.313,7.313,7.305,7.305,2
2007-11-29 23:16:00,7.333,7.333,7.323,7.33,4
2007-11-29 23:17:00,7.336,7.336,7.336,7.336,1
2007-11-29 23:18:00,7.321,7.321,7.321,7.321,1
2007-11-29 23:22:00,7.315,7.315,7.315,7.315,1
2007-11-29 23:23:00,7.329,7.329,7.329,7.329,1
2007-11-29 23:24:00,7.336,7.336,7.322,7.336,3
2007-11-29 23:25:00,7.343,7.343,7.343,7.343,1
2007-11-29 23:29:00,7.317,7.317,7.317,7.317,1
2007-11-29 23:32:00,7.315,7.315,7.315,7.315,1
2007-11-29 23:34:00,7.31,7.31,7.31,7.31,1
2007-11-29 23:52:00,7.325,7.325,7.325,7.325,1
2007-11-29 23:55:00,7.334,7.334,7.334,7.334,1
2007-11-29 23:57:00,7.34,7.34,7.34,7.34,1
2007-11-30 00:03:00,7.344,7.344,7.341,7.341,2
2007-11-30 00:10:00,7.325,7.338,7.325,7.338,3
2007-11-30 00:16:00,7.335,7.335,7.335,7.335,1
2007-11-30 00:55:00,7.327,7.327,7.327,7.327,1
2007-11-30 00:56:00,7.338,7.338,7.325,7.325,2
2007-11-30 00:57:00,7.325,7.33,7.325,7.325,3
2007-11-30 01:15:00,7.321,7.321,7.321,7.321,1
2007-11-30 01:17:00,7.325,7.325,7.325,7.325,1
2007-11-30 01:34:00,7.337,7.337,7.337,7.337,1
2007-11-30 01:35:00,7.335,7.335,7.335,7.335,1
2007-11-30 01:48:00,7.325,7.325,7.325,7.325,1
2007-11-30 02:06:00,7.317,7.321,7.317,7.321,2
2007-11-30 02:07:00,7.311,7.311,7.311,7.311,1
2007-11-30 02:19:00,7.313,7.313,7.313,7.313,1
2007-11-30 02:21:00,7.317,7.317,7.317,7.317,1
2007-11-30 02:31:00,7.321,7.321,7.321,7.321,1
2007-11-30 02:54:00,7.326,7.326,7.326,7.326,1
2007-11-30 03:18:00,7.336,7.336,7.336,7.336,1
2007-11-30 03:30:00,7.326,7.326,7.326,7.326,1
2007-11-30 04:14:00,7.322,7.322,7.322,7.322,1
2007-11-30 04:22:00,7.317,7.317,7.317,7.317,1
2007-11-30 04:38:00,7.326,7.326,7.324,7.324,2
2007-11-30 04:44:00,7.312,7.312,7.312,7.312,1
2007-11-30 05:50:00,7.317,7.317,7.317,7.317,1
2007-11-30 06:10:00,7.312,7.312,7.312,7.312,1
2007-11-30 06:50:00,7.326,7.326,7.326,7.326,1
2007-11-30 07:07:00,7.336,7.336,7.327,7.327,2
2007-11-30 07:39:00,7.319,7.319,7.319,7.319,1
2007-11-30 08:03:00,7.332,7.332,7.332,7.332,1
2007-11-30 08:49:00,7.337,7.337,7.337,7.337,1
2007-11-30 09:52:00,7.319,7.321,7.319,7.321,2
2007-11-30 09:53:00,7.315,7.316,7.315,7.316,2
2007-11-30 10:02:00,7.328,7.328,7.324,7.324,3
2007-11-30 10:06:00,7.314,7.314,7.314,7.314,1
2007-11-30 10:12:00,7.326,7.326,7.326,7.326,1
2007-11-30 10:14:00,7.314,7.314,7.314,7.314,1
2007-11-30 10:31:00,7.301,7.304,7.301,7.304,2
2007-11-30 10:33:00,7.298,7.298,7.298,7.298,1
2007-11-30 10:34:00,7.303,7.303,7.303,7.303,1
2007-11-30 10:35:00,7.299,7.299,7.299,7.299,1
2007-11-30 10:37:00,7.295,7.297,7.295,7.297,2
2007-11-30 10:40:00,7.297,7.297,7.297,7.297,1
2007-11-30 10:46:00,7.304,7.304,7.304,7.304,1
2007-11-30 10:48:00,7.316,7.316,7.316,7.316,1
2007-11-30 10:59:00,7.302,7.304,7.302,7.304,2
2007-11-30 11:00:00,7.302,7.305,7.302,7.305,2
2007-11-30 11:01:00,7.305,7.305,7.305,7.305,1
2007-11-30 11:02:00,7.307,7.307,7.307,7.307,1
2007-11-30 11:12:00,7.318,7.318,7.315,7.315,2
2007-11-30 11:19:00,7.309,7.309,7.309,7.309,1
2007-11-30 11:20:00,7.307,7.307,7.307,7.307,1
2007-11-30 11:28:00,7.312,7.312,7.312,7.312,1
2007-11-30 11:30:00,7.307,7.307,7.307,7.307,1
2007-11-30 11:34:00,7.302,7.302,7.302,7.302,1
2007-11-30 11:37:00,7.295,7.295,7.295,7.295,1
2007-11-30 11:38:00,7.285,7.285,7.285,7.285,1
2007-11-30 11:46:00,7.294,7.294,7.294,7.294,1
2007-11-30 11:54:00,7.284,7.284,7.284,7.284,1
2007-11-30 11:56:00,7.29,7.29,7.29,7.29,1
2007-11-30 11:57:00,7.287,7.287,7.28,7.284,6
2007-11-30 11:58:00,7.282,7.287,7.272,7.283,6
2007-11-30 12:00:00,7.285,7.285,7.285,7.285,1
2007-11-30 12:01:00,7.29,7.29,7.279,7.279,2
2007-11-30 12:02:00,7.28,7.28,7.28,7.28,1
2007-11-30 12:06:00,7.29,7.29,7.29,7.29,1
2007-11-30 12:09:00,7.293,7.293,7.293,7.293,1
2007-11-30 12:11:00,7.305,7.305,7.305,7.305,1
2007-11-30 12:14:00,7.309,7.309,7.309,7.309,1
2007-11-30 12:18:00,7.293,7.293,7.293,7.293,1
2007-11-30 12:19:00,7.29,7.29,7.29,7.29,1
2007-11-30 12:25:00,7.313,7.313,7.307,7.307,3
2007-11-30 12:26:00,7.31,7.31,7.31,7.31,1
2007-11-30 12:27:00,7.325,7.325,7.325,7.325,1
2007-11-30 12:28:00,7.324,7.327,7.324,7.327,2
2007-11-30 12:29:00,7.319,7.319,7.319,7.319,1
2007-11-30 12:30:00,7.315,7.315,7.315,7.315,1
2007-11-30 12:39:00,7.296,7.308,7.296,7.308,3
2007-11-30 12:41:00,7.307,7.314,7.307,7.307,4
2007-11-30 12:42:00,7.32,7.32,7.314,7.314,2
2007-11-30 12:43:00,7.315,7.32,7.314,7.314,5
2007-11-30 12:44:00,7.308,7.308,7.308,7.308,1
2007-11-30 12:48:00,7.293,7.305,7.293,7.305,2
2007-11-30 12:52:00,7.288,7.291,7.288,7.291,2
2007-11-30 12:53:00,7.285,7.29,7.285,7.29,2
2007-11-30 12:54:00,7.286,7.291,7.286,7.291,3
2007-11-30 12:55:00,7.287,7.299,7.287,7.291,4
2007-11-30 12:56:00,7.285,7.285,7.285,7.285,1
2007-11-30 13:02:00,7.305,7.305,7.305,7.305,1
2007-11-30 13:04:00,7.3,7.312,7.3,7.312,2
2007-11-30 13:05:00,7.315,7.319,7.313,7.313,4
2007-11-30 13:07:00,7.305,7.305,7.305,7.305,1
2007-11-30 13:09:00,7.301,7.309,7.301,7.309,2
2007-11-30 13:11:00,7.318,7.318,7.318,7.318,1
2007-11-30 13:12:00,7.307,7.307,7.307,7.307,1
2007-11-30 13:13:00,7.307,7.315,7.307,7.315,3
2007-11-30 13:14:00,7.302,7.324,7.302,7.302,3
2007-11-30 13:16:00,7.305,7.323,7.305,7.31,3
2007-11-30 13:17:00,7.312,7.312,7.312,7.312,1
2007-11-30 13:18:00,7.3,7.302,7.3,7.302,2
2007-11-30 13:20:00,7.305,7.305,7.305,7.305,1
2007-11-30 13:21:00,7.289,7.3,7.289,7.3,3
2007-11-30 13:22:00,7.284,7.286,7.284,7.286,2
2007-11-30 13:23:00,7.272,7.281,7.272,7.281,2
2007-11-30 13:24:00,7.266,7.283,7.266,7.268,5
2007-11-30 13:25:00,7.273,7.278,7.264,7.264,9
2007-11-30 13:26:00,7.266,7.266,7.266,7.266,1
2007-11-30 13:27:00,7.257,7.259,7.257,7.259,2
2007-11-30 13:28:00,7.24,7.253,7.24,7.253,11
2007-11-30 13:29:00,7.247,7.26,7.242,7.242,10
2007-11-30 13:30:00,7.249,7.249,7.249,7.249,1
2007-11-30 13:31:00,7.257,7.258,7.252,7.252,4
2007-11-30 13:32:00,7.261,7.261,7.259,7.259,2
2007-11-30 13:33:00,7.272,7.272,7.264,7.264,3
2007-11-30 13:34:00,7.266,7.27,7.266,7.27,2
2007-11-30 13:35:00,7.271,7.271,7.271,7.271,1
2007-11-30 13:36:00,7.273,7.273,7.273,7.273,1
2007-11-30 13:37:00,7.275,7.275,7.275,7.275,1
2007-11-30 13:38:00,7.271,7.271,7.265,7.27,4
2007-11-30 13:39:00,7.272,7.273,7.269,7.273,3
2007-11-30 13:41:00,7.274,7.274,7.274,7.274,1
2007-11-30 13:42:00,7.276,7.276,7.276,7.276,1
2007-11-30 13:43:00,7.278,7.278,7.278,7.278,1
2007-11-30 13:44:00,7.28,7.28,7.28,7.28,1
2007-11-30 13:46:00,7.286,7.286,7.286,7.286,1
2007-11-30 13:47:00,7.291,7.291,7.291,7.291,1
2007-11-30 13:48:00,7.29,7.293,7.29,7.293,2
2007-11-30 13:49:00,7.28,7.285,7.28,7.285,3
2007-11-30 13:50:00,7.291,7.291,7.287,7.287,2
2007-11-30 13:52:00,7.302,7.304,7.289,7.289,11
2007-11-30 13:53:00,7.31,7.313,7.304,7.304,7
2007-11-30 13:54:00,7.299,7.308,7.299,7.308,5
2007-11-30 13:55:00,7.3,7.308,7.3,7.305,4
2007-11-30 13:56:00,7.293,7.298,7.293,7.298,2
2007-11-30 13:57:00,7.294,7.294,7.29,7.29,2
2007-11-30 13:58:00,7.283,7.291,7.283,7.291,3
2007-11-30 13:59:00,7.268,7.281,7.268,7.281,9
2007-11-30 14:00:00,7.252,7.272,7.249,7.272,42
2007-11-30 14:01:00,7.252,7.262,7.252,7.254,17
2007-11-30 14:02:00,7.257,7.26,7.25,7.255,18
2007-11-30 14:03:00,7.259,7.262,7.255,7.255,5
2007-11-30 14:04:00,7.262,7.262,7.259,7.261,5
2007-11-30 14:05:00,7.258,7.26,7.256,7.259,7
2007-11-30 14:06:00,7.26,7.263,7.26,7.261,5
2007-11-30 14:07:00,7.262,7.263,7.258,7.263,4
2007-11-30 14:08:00,7.252,7.26,7.252,7.26,5
2007-11-30 14:09:00,7.229,7.25,7.229,7.25,22
2007-11-30 14:10:00,7.222,7.227,7.218,7.227,27
2007-11-30 14:11:00,7.227,7.227,7.199,7.219,35
2007-11-30 14:12:00,7.216,7.228,7.216,7.225,17
2007-11-30 14:13:00,7.222,7.222,7.208,7.214,17
2007-11-30 14:14:00,7.229,7.229,7.219,7.219,13
2007-11-30 14:15:00,7.234,7.234,7.231,7.231,7
2007-11-30 14:16:00,7.23,7.234,7.228,7.232,10
2007-11-30 14:17:00,7.228,7.23,7.228,7.228,3
2007-11-30 14:18:00,7.228,7.23,7.228,7.23,2
2007-11-30 14:19:00,7.23,7.23,7.23,7.23,1
2007-11-30 14:20:00,7.246,7.246,7.228,7.228,11
2007-11-30 14:21:00,7.238,7.248,7.238,7.248,9
2007-11-30 14:22:00,7.241,7.247,7.238,7.24,11
2007-11-30 14:23:00,7.25,7.254,7.241,7.243,10
2007-11-30 14:24:00,7.25,7.252,7.248,7.248,4
2007-11-30 14:25:00,7.248,7.248,7.248,7.248,1
2007-11-30 14:26:00,7.254,7.254,7.25,7.25,3
2007-11-30 14:27:00,7.254,7.258,7.252,7.252,6
2007-11-30 14:28:00,7.267,7.267,7.259,7.259,9
2007-11-30 14:29:00,7.272,7.272,7.268,7.27,6
2007-11-30 14:30:00,7.28,7.284,7.269,7.269,23
2007-11-30 14:31:00,7.282,7.294,7.282,7.282,17
2007-11-30 14:32:00,7.276,7.283,7.276,7.28,5
2007-11-30 14:33:00,7.271,7.276,7.268,7.274,16
2007-11-30 14:34:00,7.27,7.271,7.267,7.267,6
2007-11-30 14:35:00,7.273,7.274,7.268,7.268,7
2007-11-30 14:36:00,7.271,7.273,7.269,7.271,4
2007-11-30 14:37:00,7.273,7.273,7.273,7.273,1
2007-11-30 14:38:00,7.273,7.275,7.271,7.271,10
2007-11-30 14:39:00,7.278,7.278,7.271,7.271,3
2007-11-30 14:40:00,7.276,7.281,7.276,7.276,6
2007-11-30 14:41:00,7.276,7.28,7.267,7.274,24
2007-11-30 14:42:00,7.246,7.272,7.246,7.269,28
2007-11-30 14:43:00,7.246,7.25,7.245,7.249,8
2007-11-30 14:44:00,7.255,7.255,7.247,7.248,14
2007-11-30 14:45:00,7.25,7.26,7.246,7.257,14
2007-11-30 14:46:00,7.248,7.252,7.248,7.248,5
2007-11-30 14:47:00,7.248,7.248,7.246,7.246,6
2007-11-30 14:48:00,7.248,7.251,7.247,7.25,8
2007-11-30 14:49:00,7.25,7.25,7.244,7.246,6
2007-11-30 14:50:00,7.246,7.25,7.244,7.248,6
2007-11-30 14:51:00,7.25,7.25,7.246,7.248,4
2007-11-30 14:52:00,7.248,7.248,7.248,7.248,1
2007-11-30 14:53:00,7.24,7.246,7.239,7.246,6
2007-11-30 14:54:00,7.24,7.24,7.233,7.239,9
2007-11-30 14:55:00,7.242,7.242,7.228,7.237,12
2007-11-30 14:57:00,7.244,7.244,7.244,7.244,1
2007-11-30 14:58:00,7.243,7.245,7.242,7.242,3
2007-11-30 14:59:00,7.241,7.245,7.241,7.245,3
2007-11-30 15:00:00,7.255,7.26,7.244,7.244,26
2007-11-30 15:01:00,7.273,7.275,7.257,7.257,15
2007-11-30 15:02:00,7.262,7.276,7.262,7.271,16
2007-11-30 15:03:00,7.257,7.264,7.257,7.264,4
2007-11-30 15:04:00,7.257,7.264,7.257,7.259,13
2007-11-30 15:05:00,7.244,7.26,7.242,7.255,19
2007-11-30 15:06:00,7.242,7.247,7.242,7.247,7
2007-11-30 15:07:00,7.241,7.245,7.24,7.244,7
2007-11-30 15:08:00,7.239,7.244,7.236,7.239,12
2007-11-30 15:09:00,7.244,7.246,7.242,7.242,6
2007-11-30 15:10:00,7.243,7.247,7.242,7.242,5
2007-11-30 15:11:00,7.242,7.247,7.235,7.245,10
2007-11-30 15:12:00,7.24,7.244,7.239,7.244,9
2007-11-30 15:13:00,7.233,7.242,7.233,7.242,5
2007-11-30 15:14:00,7.234,7.239,7.232,7.238,15
2007-11-30 15:15:00,7.235,7.239,7.234,7.237,6
2007-11-30 15:16:00,7.233,7.239,7.231,7.233,15
2007-11-30 15:17:00,7.235,7.237,7.229,7.235,16
2007-11-30 15:18:00,7.237,7.242,7.231,7.233,22
2007-11-30 15:19:00,7.237,7.239,7.235,7.239,4
2007-11-30 15:20:00,7.237,7.237,7.233,7.235,6
2007-11-30 15:21:00,7.243,7.243,7.239,7.239,3
2007-11-30 15:22:00,7.243,7.243,7.241,7.241,2
2007-11-30 15:23:00,7.248,7.25,7.241,7.241,7
2007-11-30 15:24:00,7.252,7.252,7.248,7.25,8
2007-11-30 15:26:00,7.249,7.252,7.247,7.25,5
2007-11-30 15:27:00,7.243,7.247,7.236,7.247,16
2007-11-30 15:28:00,7.241,7.241,7.236,7.241,5
2007-11-30 15:29:00,7.24,7.245,7.237,7.243,6
2007-11-30 15:30:00,7.234,7.243,7.234,7.243,6
2007-11-30 15:31:00,7.235,7.238,7.233,7.236,11
2007-11-30 15:32:00,7.234,7.238,7.233,7.233,5
2007-11-30 15:33:00,7.234,7.243,7.234,7.236,11
2007-11-30 15:34:00,7.236,7.236,7.236,7.236,1
2007-11-30 15:35:00,7.237,7.24,7.234,7.234,5
2007-11-30 15:36:00,7.243,7.243,7.234,7.24,13
2007-11-30 15:37:00,7.227,7.239,7.217,7.239,31
2007-11-30 15:38:00,7.228,7.235,7.228,7.229,14
2007-11-30 15:39:00,7.225,7.233,7.223,7.231,14
2007-11-30 15:40:00,7.229,7.229,7.227,7.227,4
2007-11-30 15:41:00,7.227,7.229,7.225,7.227,5
2007-11-30 15:42:00,7.229,7.229,7.229,7.229,1
2007-11-30 15:43:00,7.228,7.228,7.226,7.226,2
2007-11-30 15:44:00,7.228,7.228,7.226,7.226,2
2007-11-30 15:46:00,7.225,7.225,7.225,7.225,1
2007-11-30 15:47:00,7.229,7.229,7.219,7.228,14
2007-11-30 15:48:00,7.243,7.245,7.231,7.231,24
2007-11-30 15:49:00,7.236,7.243,7.233,7.241,19
2007-11-30 15:50:00,7.238,7.24,7.238,7.238,3
2007-11-30 15:51:00,7.238,7.238,7.236,7.236,2
2007-11-30 15:52:00,7.234,7.238,7.234,7.236,4
2007-11-30 15:53:00,7.231,7.234,7.228,7.232,10
2007-11-30 15:54:00,7.233,7.233,7.225,7.229,9
2007-11-30 15:55:00,7.23,7.23,7.227,7.23,3
2007-11-30 15:56:00,7.221,7.232,7.218,7.232,17
2007-11-30 15:57:00,7.226,7.228,7.218,7.218,7
2007-11-30 15:58:00,7.22,7.224,7.218,7.224,18
2007-11-30 15:59:00,7.22,7.222,7.215,7.218,12
2007-11-30 16:00:00,7.222,7.226,7.222,7.222,5
2007-11-30 16:01:00,7.232,7.232,7.22,7.22,8
2007-11-30 16:02:00,7.235,7.235,7.233,7.235,3
2007-11-30 16:03:00,7.237,7.242,7.233,7.237,10
2007-11-30 16:04:00,7.239,7.239,7.233,7.233,3
2007-11-30 16:05:00,7.241,7.243,7.239,7.241,5
2007-11-30 16:06:00,7.245,7.247,7.238,7.238,6
2007-11-30 16:07:00,7.251,7.254,7.247,7.247,11
2007-11-30 16:08:00,7.253,7.254,7.249,7.253,6
2007-11-30 16:09:00,7.253,7.254,7.249,7.251,6
2007-11-30 16:10:00,7.277,7.278,7.254,7.254,29
2007-11-30 16:11:00,7.259,7.278,7.259,7.275,24
2007-11-30 16:12:00,7.262,7.266,7.25,7.257,26
2007-11-30 16:13:00,7.279,7.287,7.256,7.265,50
2007-11-30 16:14:00,7.271,7.296,7.268,7.281,51
2007-11-30 16:15:00,7.278,7.28,7.265,7.273,27
2007-11-30 16:16:00,7.273,7.282,7.272,7.281,18
2007-11-30 16:17:00,7.27,7.273,7.265,7.271,8
2007-11-30 16:18:00,7.257,7.272,7.254,7.272,27
2007-11-30 16:19:00,7.251,7.255,7.243,7.255,18
2007-11-30 16:20:00,7.249,7.253,7.248,7.253,7
2007-11-30 16:21:00,7.244,7.249,7.243,7.246,7
2007-11-30 16:22:00,7.242,7.244,7.242,7.242,3
2007-11-30 16:23:00,7.243,7.243,7.239,7.24,9
2007-11-30 16:24:00,7.247,7.249,7.245,7.245,8
2007-11-30 16:25:00,7.252,7.253,7.247,7.249,10
2007-11-30 16:26:00,7.256,7.256,7.245,7.25,10
2007-11-30 16:27:00,7.257,7.264,7.257,7.258,11
2007-11-30 16:28:00,7.253,7.26,7.253,7.26,4
2007-11-30 16:29:00,7.249,7.255,7.249,7.255,12
2007-11-30 16:30:00,7.238,7.249,7.236,7.247,18
2007-11-30 16:31:00,7.232,7.238,7.228,7.236,12
2007-11-30 16:32:00,7.241,7.241,7.235,7.235,6
2007-11-30 16:33:00,7.233,7.239,7.233,7.239,6
2007-11-30 16:34:00,7.229,7.235,7.226,7.235,9
2007-11-30 16:35:00,7.231,7.231,7.218,7.224,28
2007-11-30 16:36:00,7.218,7.234,7.217,7.229,33
2007-11-30 16:37:00,7.206,7.225,7.204,7.216,56
2007-11-30 16:38:00,7.201,7.21,7.195,7.21,33
2007-11-30 16:39:00,7.186,7.202,7.183,7.199,45
2007-11-30 16:40:00,7.198,7.2,7.186,7.188,25
2007-11-30 16:41:00,7.207,7.207,7.192,7.196,11
2007-11-30 16:42:00,7.188,7.205,7.177,7.205,51
2007-11-30 16:43:00,7.192,7.197,7.185,7.186,28
2007-11-30 16:44:00,7.201,7.203,7.193,7.193,9
2007-11-30 16:45:00,7.17,7.199,7.17,7.199,30
2007-11-30 16:46:00,7.177,7.177,7.169,7.173,21
2007-11-30 16:47:00,7.175,7.179,7.175,7.179,13
2007-11-30 16:48:00,7.184,7.187,7.174,7.177,15
2007-11-30 16:49:00,7.156,7.186,7.156,7.186,28
2007-11-30 16:50:00,7.132,7.159,7.127,7.159,73
2007-11-30 16:51:00,7.087,7.136,7.087,7.13,135
2007-11-30 16:52:00,7.1,7.1,7.064,7.091,115
2007-11-30 16:53:00,7.107,7.117,7.1,7.102,41
2007-11-30 16:54:00,7.123,7.125,7.105,7.105,28
2007-11-30 16:55:00,7.113,7.122,7.108,7.12,27
2007-11-30 16:56:00,7.117,7.128,7.115,7.115,24
2007-11-30 16:57:00,7.125,7.127,7.116,7.12,21
2007-11-30 16:58:00,7.133,7.133,7.127,7.127,8
2007-11-30 16:59:00,7.12,7.135,7.118,7.131,14
2007-11-30 17:00:00,7.125,7.129,7.118,7.118,12
2007-11-30 17:01:00,7.114,7.123,7.111,7.123,32
2007-11-30 17:02:00,7.114,7.128,7.112,7.112,21
2007-11-30 17:03:00,7.125,7.128,7.101,7.112,35
2007-11-30 17:04:00,7.116,7.131,7.112,7.127,13
2007-11-30 17:05:00,7.121,7.122,7.107,7.118,20
2007-11-30 17:06:00,7.122,7.125,7.117,7.123,16
2007-11-30 17:07:00,7.119,7.12,7.117,7.12,3
2007-11-30 17:08:00,7.12,7.124,7.115,7.117,8
2007-11-30 17:09:00,7.113,7.118,7.113,7.118,5
2007-11-30 17:10:00,7.111,7.111,7.105,7.109,12
2007-11-30 17:11:00,7.126,7.126,7.108,7.109,18
2007-11-30 17:12:00,7.119,7.127,7.117,7.124,16
2007-11-30 17:13:00,7.131,7.133,7.121,7.121,19
2007-11-30 17:14:00,7.136,7.14,7.131,7.134,12
2007-11-30 17:15:00,7.144,7.149,7.136,7.138,20
2007-11-30 17:16:00,7.142,7.15,7.14,7.146,10
2007-11-30 17:17:00,7.143,7.153,7.138,7.144,20
2007-11-30 17:18:00,7.157,7.157,7.143,7.145,11
2007-11-30 17:19:00,7.156,7.167,7.155,7.155,17
2007-11-30 17:20:00,7.126,7.154,7.126,7.154,30
2007-11-30 17:21:00,7.128,7.128,7.119,7.128,17
2007-11-30 17:22:00,7.124,7.126,7.122,7.124,6
2007-11-30 17:23:00,7.127,7.131,7.127,7.127,5
2007-11-30 17:24:00,7.13,7.132,7.121,7.124,12
2007-11-30 17:25:00,7.133,7.133,7.125,7.128,8
2007-11-30 17:26:00,7.145,7.145,7.136,7.136,5
2007-11-30 17:27:00,7.152,7.157,7.147,7.148,13
2007-11-30 17:28:00,7.154,7.156,7.15,7.15,8
2007-11-30 17:29:00,7.151,7.153,7.151,7.151,3
2007-11-30 17:30:00,7.145,7.147,7.141,7.147,7
2007-11-30 17:31:00,7.136,7.143,7.135,7.143,9
2007-11-30 17:32:00,7.13,7.135,7.128,7.135,5
2007-11-30 17:33:00,7.127,7.13,7.122,7.128,9
2007-11-30 17:34:00,7.128,7.129,7.126,7.129,3
2007-11-30 17:35:00,7.102,7.126,7.096,7.126,28
2007-11-30 17:36:00,7.107,7.107,7.093,7.104,41
2007-11-30 17:37:00,7.116,7.118,7.111,7.111,9
2007-11-30 17:38:00,7.122,7.122,7.109,7.113,10
2007-11-30 17:39:00,7.132,7.134,7.12,7.124,11
2007-11-30 17:40:00,7.114,7.134,7.114,7.134,23
2007-11-30 17:41:00,7.115,7.117,7.113,7.116,5
2007-11-30 17:42:00,7.12,7.123,7.117,7.117,4
2007-11-30 17:43:00,7.123,7.123,7.118,7.122,5
2007-11-30 17:44:00,7.122,7.122,7.118,7.121,4
2007-11-30 17:45:00,7.115,7.124,7.115,7.124,5
2007-11-30 17:46:00,7.117,7.122,7.112,7.112,13
2007-11-30 17:47:00,7.119,7.119,7.114,7.115,7
2007-11-30 17:48:00,7.131,7.132,7.121,7.121,10
2007-11-30 17:50:00,7.129,7.131,7.127,7.127,6
2007-11-30 17:51:00,7.129,7.131,7.129,7.131,2
2007-11-30 17:52:00,7.124,7.127,7.124,7.127,2
2007-11-30 17:53:00,7.121,7.125,7.12,7.122,6
2007-11-30 17:54:00,7.113,7.118,7.113,7.118,5
2007-11-30 17:55:00,7.115,7.117,7.112,7.116,5
2007-11-30 17:56:00,7.118,7.118,7.112,7.117,5
2007-11-30 17:57:00,7.124,7.124,7.12,7.12,3
2007-11-30 17:58:00,7.123,7.123,7.116,7.122,6
2007-11-30 17:59:00,7.131,7.131,7.125,7.125,4
2007-11-30 18:00:00,7.135,7.137,7.133,7.133,4
2007-11-30 18:01:00,7.135,7.135,7.133,7.133,2
2007-11-30 18:02:00,7.139,7.139,7.137,7.137,4
2007-11-30 18:03:00,7.144,7.144,7.137,7.137,7
2007-11-30 18:04:00,7.147,7.151,7.145,7.146,16
2007-11-30 18:05:00,7.142,7.15,7.141,7.15,7
2007-11-30 18:06:00,7.149,7.149,7.139,7.141,9
2007-11-30 18:07:00,7.149,7.149,7.145,7.147,4
2007-11-30 18:08:00,7.139,7.147,7.139,7.147,13
2007-11-30 18:09:00,7.137,7.137,7.137,7.137,1
2007-11-30 18:10:00,7.142,7.142,7.139,7.139,4
2007-11-30 18:11:00,7.138,7.14,7.136,7.14,4
2007-11-30 18:12:00,7.142,7.142,7.14,7.14,2
2007-11-30 18:13:00,7.14,7.142,7.14,7.14,3
2007-11-30 18:14:00,7.137,7.143,7.135,7.143,5
2007-11-30 18:15:00,7.141,7.143,7.139,7.139,4
2007-11-30 18:16:00,7.135,7.142,7.133,7.138,19
2007-11-30 18:17:00,7.127,7.133,7.125,7.133,7
2007-11-30 18:18:00,7.127,7.135,7.125,7.125,7
2007-11-30 18:19:00,7.129,7.134,7.125,7.134,8
2007-11-30 18:20:00,7.128,7.128,7.124,7.127,3
2007-11-30 18:21:00,7.125,7.126,7.122,7.126,4
2007-11-30 18:22:00,7.131,7.131,7.125,7.128,5
2007-11-30 18:23:00,7.135,7.135,7.133,7.133,4
2007-11-30 18:24:00,7.137,7.14,7.137,7.138,3
2007-11-30 18:25:00,7.126,7.135,7.126,7.135,9
2007-11-30 18:26:00,7.136,7.136,7.128,7.129,11
2007-11-30 18:27:00,7.132,7.133,7.127,7.133,5
2007-11-30 18:28:00,7.127,7.13,7.127,7.13,2
2007-11-30 18:29:00,7.129,7.129,7.127,7.129,3
2007-11-30 18:30:00,7.13,7.13,7.125,7.127,3
2007-11-30 18:33:00,7.129,7.131,7.125,7.128,6
2007-11-30 18:34:00,7.131,7.131,7.126,7.126,2
2007-11-30 18:36:00,7.143,7.143,7.127,7.127,13
2007-11-30 18:37:00,7.152,7.154,7.145,7.145,6
2007-11-30 18:38:00,7.144,7.152,7.14,7.15,16
2007-11-30 18:39:00,7.131,7.141,7.127,7.141,17
2007-11-30 18:40:00,7.137,7.142,7.127,7.127,8
2007-11-30 18:41:00,7.138,7.142,7.135,7.139,6
2007-11-30 18:42:00,7.136,7.14,7.13,7.14,7
2007-11-30 18:43:00,7.14,7.14,7.133,7.133,7
2007-11-30 18:44:00,7.133,7.141,7.131,7.138,21
2007-11-30 18:45:00,7.135,7.135,7.131,7.135,5
2007-11-30 18:46:00,7.13,7.134,7.13,7.133,7
2007-11-30 18:47:00,7.126,7.128,7.12,7.128,9
2007-11-30 18:48:00,7.123,7.126,7.119,7.124,9
2007-11-30 18:49:00,7.134,7.134,7.123,7.126,7
2007-11-30 18:50:00,7.136,7.14,7.131,7.131,8
2007-11-30 18:51:00,7.132,7.139,7.127,7.139,8
2007-11-30 18:52:00,7.126,7.131,7.126,7.13,8
2007-11-30 18:53:00,7.126,7.126,7.124,7.124,2
2007-11-30 18:54:00,7.121,7.126,7.121,7.124,4
2007-11-30 18:55:00,7.12,7.123,7.114,7.123,20
2007-11-30 18:56:00,7.122,7.122,7.115,7.118,13
2007-11-30 18:57:00,7.105,7.12,7.103,7.12,29
2007-11-30 18:58:00,7.108,7.117,7.103,7.103,17
2007-11-30 18:59:00,7.113,7.113,7.102,7.106,9
2007-11-30 19:00:00,7.112,7.116,7.112,7.116,3
2007-11-30 19:01:00,7.106,7.112,7.103,7.11,20
2007-11-30 19:02:00,7.086,7.11,7.084,7.11,29
2007-11-30 19:03:00,7.088,7.09,7.079,7.088,25
2007-11-30 19:04:00,7.086,7.09,7.082,7.09,16
2007-11-30 19:05:00,7.093,7.096,7.084,7.084,21
2007-11-30 19:06:00,7.088,7.095,7.079,7.095,29
2007-11-30 19:07:00,7.088,7.088,7.082,7.085,8
2007-11-30 19:08:00,7.097,7.098,7.086,7.086,13
2007-11-30 19:09:00,7.096,7.096,7.088,7.095,7
2007-11-30 19:10:00,7.091,7.094,7.089,7.094,4
2007-11-30 19:11:00,7.089,7.091,7.089,7.089,3
2007-11-30 19:12:00,7.089,7.093,7.087,7.091,6
2007-11-30 19:13:00,7.084,7.087,7.079,7.087,7
2007-11-30 19:14:00,7.089,7.091,7.085,7.087,8
2007-11-30 19:15:00,7.093,7.093,7.087,7.091,6
2007-11-30 19:16:00,7.12,7.125,7.093,7.095,31
2007-11-30 19:17:00,7.114,7.128,7.11,7.121,20
2007-11-30 19:18:00,7.106,7.118,7.089,7.116,56
2007-11-30 19:19:00,7.108,7.109,7.101,7.104,19
2007-11-30 19:20:00,7.109,7.113,7.106,7.106,6
2007-11-30 19:21:00,7.105,7.112,7.101,7.106,20
2007-11-30 19:22:00,7.102,7.108,7.099,7.108,10
2007-11-30 19:23:00,7.108,7.11,7.1,7.1,6
2007-11-30 19:24:00,7.101,7.106,7.1,7.106,5
2007-11-30 19:25:00,7.107,7.109,7.104,7.105,10
2007-11-30 19:26:00,7.103,7.105,7.099,7.105,9
2007-11-30 19:27:00,7.089,7.105,7.089,7.105,16
2007-11-30 19:28:00,7.089,7.098,7.084,7.091,21
2007-11-30 19:29:00,7.089,7.093,7.085,7.093,22
2007-11-30 19:30:00,7.09,7.093,7.089,7.091,11
2007-11-30 19:31:00,7.085,7.088,7.08,7.088,11
2007-11-30 19:32:00,7.089,7.089,7.087,7.087,2
2007-11-30 19:33:00,7.091,7.091,7.091,7.091,1
2007-11-30 19:34:00,7.095,7.095,7.091,7.093,4
2007-11-30 19:35:00,7.094,7.096,7.091,7.093,5
2007-11-30 19:36:00,7.091,7.092,7.09,7.092,3
2007-11-30 19:41:00,7.089,7.091,7.089,7.089,3
2007-11-30 19:43:00,7.083,7.087,7.083,7.087,2
2007-11-30 19:44:00,7.084,7.084,7.08,7.08,3
2007-11-30 19:45:00,7.087,7.087,7.087,7.087,1
2007-11-30 19:47:00,7.083,7.084,7.079,7.084,4
2007-11-30 19:49:00,7.086,7.086,7.086,7.086,1
2007-11-30 19:50:00,7.09,7.09,7.088,7.088,2
2007-11-30 19:53:00,7.088,7.088,7.088,7.088,1
2007-11-30 19:56:00,7.086,7.086,7.086,7.086,1
2007-11-30 19:57:00,7.089,7.089,7.089,7.089,1
2007-11-30 20:01:00,7.094,7.094,7.091,7.091,2
2007-11-30 20:02:00,7.091,7.098,7.091,7.091,5
2007-11-30 20:03:00,7.098,7.098,7.098,7.098,1
2007-11-30 20:04:00,7.096,7.103,7.096,7.102,7
2007-11-30 20:05:00,7.1,7.1,7.094,7.094,3
2007-11-30 20:08:00,7.098,7.098,7.098,7.098,1
2007-11-30 20:09:00,7.102,7.102,7.102,7.102,1
2007-11-30 20:11:00,7.105,7.105,7.105,7.105,1
2007-11-30 20:12:00,7.105,7.105,7.1,7.1,2
2007-11-30 20:13:00,7.099,7.099,7.099,7.099,1
2007-11-30 20:15:00,7.097,7.097,7.097,7.097,1
2007-11-30 20:16:00,7.091,7.098,7.091,7.095,4
2007-11-30 20:17:00,7.096,7.096,7.096,7.096,1
2007-11-30 20:18:00,7.09,7.094,7.09,7.094,2
2007-11-30 20:21:00,7.093,7.097,7.093,7.097,2
2007-11-30 20:23:00,7.099,7.099,7.099,7.099,1
2007-11-30 20:24:00,7.102,7.102,7.102,7.102,1
2007-11-30 20:26:00,7.1,7.1,7.1,7.1,1
2007-11-30 20:27:00,7.102,7.102,7.102,7.102,1
2007-11-30 20:28:00,7.1,7.1,7.1,7.1,1
2007-11-30 20:29:00,7.102,7.102,7.102,7.102,1
2007-11-30 20:31:00,7.102,7.102,7.097,7.099,3
2007-11-30 20:32:00,7.097,7.099,7.097,7.099,2
2007-11-30 20:36:00,7.1,7.1,7.1,7.1,1
2007-11-30 20:38:00,7.102,7.102,7.102,7.102,1
2007-11-30 20:41:00,7.104,7.106,7.103,7.103,3
2007-11-30 20:42:00,7.106,7.106,7.106,7.106,1
2007-11-30 20:43:00,7.107,7.107,7.103,7.103,2
2007-11-30 20:45:00,7.113,7.113,7.113,7.113,1
2007-11-30 20:48:00,7.109,7.109,7.109,7.109,1
2007-11-30 20:50:00,7.117,7.117,7.114,7.114,2
2007-11-30 20:51:00,7.113,7.115,7.113,7.115,2
2007-11-30 20:52:00,7.11,7.116,7.11,7.116,3
2007-11-30 20:53:00,7.117,7.117,7.117,7.117,1
2007-11-30 20:54:00,7.111,7.111,7.111,7.111,1
2007-11-30 20:56:00,7.117,7.117,7.117,7.117,1
2007-11-30 20:59:00,7.121,7.121,7.119,7.119,2
2007-11-30 21:00:00,7.117,7.124,7.117,7.124,2
2007-11-30 21:03:00,7.138,7.151,7.122,7.122,11
2007-11-30 21:04:00,7.126,7.126,7.126,7.126,1
2007-11-30 21:06:00,7.128,7.128,7.128,7.128,1
2007-11-30 21:08:00,7.124,7.124,7.124,7.124,1
2007-11-30 21:09:00,7.12,7.12,7.12,7.12,1
2007-11-30 21:10:00,7.113,7.113,7.113,7.113,1
2007-11-30 21:11:00,7.117,7.117,7.117,7.117,1
2007-11-30 21:18:00,7.12,7.12,7.12,7.12,1
2007-11-30 21:19:00,7.126,7.126,7.126,7.126,1
2007-11-30 21:21:00,7.114,7.119,7.114,7.119,3
2007-11-30 21:23:00,7.105,7.11,7.105,7.11,2
2007-11-30 21:24:00,7.108,7.108,7.108,7.108,1
2007-11-30 21:25:00,7.113,7.113,7.113,7.113,1
2007-11-30 21:28:00,7.104,7.104,7.104,7.104,1
2007-11-30 21:30:00,7.114,7.114,7.114,7.114,1
2007-11-30 21:35:00,7.116,7.116,7.103,7.106,3
2007-11-30 21:36:00,7.12,7.12,7.12,7.12,1
2007-11-30 21:40:00,7.123,7.123,7.123,7.123,1
2007-11-30 21:43:00,7.115,7.115,7.115,7.115,1
2007-11-30 21:45:00,7.119,7.119,7.119,7.119,1
2007-11-30 21:48:00,7.11,7.11,7.11,7.11,1
2007-11-30 21:49:00,7.118,7.118,7.118,7.118,1
2007-11-30 21:57:00,7.117,7.117,7.117,7.117,1
2007-11-30 21:58:00,7.118,7.118,7.118,7.118,1
2007-11-30 22:00:00,7.109,7.115,7.109,7.115,2
2007-11-30 22:04:00,7.112,7.112,7.112,7.112,1
2007-11-30 22:10:00,7.114,7.114,7.114,7.114,1
2007-11-30 22:14:00,7.109,7.109,7.109,7.109,1
