time,close,high,low,open,volume
2018-07-01 22:00:00,120.417,120.417,120.417,120.417,1
2018-07-01 22:01:00,120.417,120.417,120.401,120.414,51
2018-07-01 22:03:00,120.432,120.432,120.424,120.424,2
2018-07-01 22:04:00,120.448,120.448,120.432,120.44,21
2018-07-01 22:05:00,120.464,120.464,120.448,120.452,32
2018-07-01 22:06:00,120.448,120.464,120.448,120.46,9
2018-07-01 22:11:00,120.464,120.464,120.455,120.455,2
2018-07-01 22:13:00,120.448,120.448,120.448,120.448,1
2018-07-01 22:20:00,120.464,120.464,120.452,120.452,3
2018-07-01 22:23:00,120.495,120.495,120.464,120.471,30
2018-07-01 22:24:00,120.479,120.488,120.479,120.488,2
2018-07-01 22:26:00,120.479,120.479,120.464,120.472,4
2018-07-01 22:29:00,120.495,120.511,120.487,120.487,10
2018-07-01 22:30:00,120.495,120.511,120.495,120.502,25
2018-07-01 22:41:00,120.479,120.488,120.479,120.488,2
2018-07-01 22:42:00,120.495,120.495,120.479,120.483,8
2018-07-01 22:43:00,120.479,120.488,120.479,120.488,2
2018-07-01 22:46:00,120.495,120.495,120.486,120.486,2
2018-07-01 22:47:00,120.479,120.488,120.479,120.488,2
2018-07-01 22:48:00,120.495,120.495,120.486,120.486,2
2018-07-01 22:49:00,120.479,120.495,120.479,120.488,7
2018-07-01 22:50:00,120.495,120.495,120.479,120.484,112
2018-07-01 22:51:00,120.479,120.488,120.479,120.488,2
2018-07-01 22:55:00,120.464,120.476,120.464,120.476,3
2018-07-01 22:56:00,120.479,120.479,120.468,120.468,8
2018-07-01 23:05:00,120.479,120.495,120.479,120.486,5
2018-07-01 23:11:00,120.464,120.472,120.464,120.472,2
2018-07-01 23:12:00,120.448,120.456,120.448,120.456,2
2018-07-01 23:40:00,120.479,120.479,120.452,120.452,18
2018-07-01 23:42:00,120.464,120.476,120.464,120.476,4
2018-07-01 23:43:00,120.464,120.479,120.464,120.468,26
2018-07-01 23:44:00,120.464,120.479,120.464,120.468,17
2018-07-01 23:51:00,120.463,120.463,120.448,120.456,16
2018-07-01 23:52:00,120.463,120.463,120.448,120.456,6
2018-07-01 23:55:00,120.463,120.479,120.463,120.471,11
2018-07-01 23:56:00,120.463,120.479,120.463,120.468,8
2018-07-01 23:57:00,120.479,120.479,120.471,120.471,2
2018-07-02 00:00:00,120.479,120.479,120.463,120.472,19
2018-07-02 00:02:00,120.479,120.479,120.463,120.472,5
2018-07-02 00:05:00,120.479,120.495,120.479,120.486,4
2018-07-02 00:06:00,120.479,120.486,120.479,120.482,4
2018-07-02 00:43:00,120.479,120.479,120.479,120.479,1
2018-07-02 00:55:00,120.495,120.495,120.486,120.486,2
2018-07-02 01:02:00,120.479,120.49,120.479,120.49,4
2018-07-02 01:03:00,120.479,120.495,120.479,120.486,11
2018-07-02 01:06:00,120.495,120.495,120.479,120.483,9
2018-07-02 01:07:00,120.479,120.488,120.479,120.488,2
2018-07-02 01:08:00,120.495,120.495,120.486,120.486,2
2018-07-02 01:09:00,120.479,120.488,120.479,120.488,2
2018-07-02 01:12:00,120.463,120.472,120.463,120.472,2
2018-07-02 01:13:00,120.448,120.448,120.448,120.448,1
2018-07-02 01:14:00,120.432,120.44,120.432,120.44,2
2018-07-02 01:15:00,120.432,120.432,120.416,120.428,15
2018-07-02 01:17:00,120.432,120.432,120.416,120.425,4
2018-07-02 01:18:00,120.432,120.432,120.416,120.425,5
2018-07-02 01:19:00,120.448,120.448,120.439,120.439,2
2018-07-02 01:24:00,120.448,120.463,120.448,120.455,5
2018-07-02 01:31:00,120.432,120.44,120.432,120.44,2
2018-07-02 01:32:00,120.448,120.448,120.436,120.436,3
2018-07-02 01:33:00,120.448,120.463,120.448,120.455,4
2018-07-02 01:34:00,120.448,120.463,120.448,120.463,3
2018-07-02 01:35:00,120.448,120.463,120.448,120.455,18
2018-07-02 01:48:00,120.448,120.459,120.448,120.452,5
2018-07-02 01:49:00,120.448,120.463,120.448,120.452,6
2018-07-02 02:03:00,120.447,120.447,120.432,120.444,11
2018-07-02 02:05:00,120.432,120.447,120.432,120.44,5
2018-07-02 02:06:00,120.447,120.447,120.436,120.436,3
2018-07-02 02:12:00,120.447,120.447,120.432,120.44,4
2018-07-02 02:13:00,120.432,120.447,120.432,120.44,6
2018-07-02 02:14:00,120.432,120.447,120.432,120.439,4
2018-07-02 02:18:00,120.447,120.447,120.439,120.439,2
2018-07-02 02:19:00,120.432,120.447,120.432,120.444,12
2018-07-02 02:20:00,120.432,120.447,120.432,120.439,4
2018-07-02 02:28:00,120.447,120.447,120.439,120.439,2
2018-07-02 02:29:00,120.432,120.447,120.432,120.44,7
2018-07-02 02:30:00,120.432,120.447,120.432,120.439,4
2018-07-02 02:31:00,120.432,120.447,120.432,120.439,8
2018-07-02 02:32:00,120.447,120.447,120.439,120.439,2
2018-07-02 02:33:00,120.447,120.447,120.432,120.44,4
2018-07-02 02:34:00,120.447,120.447,120.432,120.444,9
2018-07-02 02:35:00,120.432,120.44,120.432,120.44,2
2018-07-02 02:36:00,120.447,120.447,120.432,120.439,6
2018-07-02 02:48:00,120.447,120.447,120.432,120.44,16
2018-07-02 02:52:00,120.447,120.463,120.447,120.454,6
2018-07-02 03:13:00,120.447,120.463,120.447,120.454,7
2018-07-02 03:15:00,120.463,120.463,120.447,120.452,28
2018-07-02 03:16:00,120.447,120.463,120.447,120.459,13
2018-07-02 03:30:00,120.463,120.463,120.447,120.454,19
2018-07-02 03:31:00,120.463,120.463,120.447,120.459,34
2018-07-02 03:43:00,120.463,120.479,120.463,120.47,4
2018-07-02 03:46:00,120.479,120.479,120.47,120.47,2
2018-07-02 03:48:00,120.479,120.479,120.463,120.471,4
2018-07-02 03:54:00,120.494,120.494,120.486,120.486,2
2018-07-02 03:55:00,120.479,120.487,120.479,120.487,2
2018-07-02 03:56:00,120.494,120.494,120.479,120.486,10
2018-07-02 04:05:00,120.51,120.51,120.494,120.498,8
2018-07-02 04:06:00,120.51,120.51,120.494,120.503,7
2018-07-02 04:07:00,120.494,120.51,120.494,120.506,12
2018-07-02 04:08:00,120.494,120.51,120.494,120.501,21
2018-07-02 04:09:00,120.51,120.51,120.501,120.501,2
2018-07-02 04:37:00,120.494,120.503,120.494,120.503,2
2018-07-02 04:39:00,120.51,120.51,120.501,120.501,3
2018-07-02 04:40:00,120.494,120.51,120.494,120.503,12
2018-07-02 04:50:00,120.494,120.51,120.494,120.501,5
2018-07-02 04:51:00,120.494,120.51,120.494,120.501,15
2018-07-02 04:53:00,120.51,120.51,120.494,120.501,7
2018-07-02 04:57:00,120.494,120.503,120.494,120.503,2
2018-07-02 04:58:00,120.494,120.51,120.494,120.498,6
2018-07-02 04:59:00,120.51,120.51,120.494,120.501,28
2018-07-02 05:08:00,120.525,120.525,120.517,120.517,2
2018-07-02 05:35:00,120.541,120.541,120.525,120.53,7
2018-07-02 05:38:00,120.525,120.534,120.525,120.534,3
2018-07-02 05:42:00,120.525,120.541,120.525,120.532,10
2018-07-02 05:43:00,120.541,120.541,120.533,120.541,4
2018-07-02 05:44:00,120.525,120.538,120.525,120.538,4
2018-07-02 05:45:00,120.525,120.541,120.525,120.532,8
2018-07-02 05:52:00,120.525,120.541,120.525,120.529,8
2018-07-02 05:53:00,120.525,120.529,120.525,120.528,6
2018-07-02 05:54:00,120.525,120.541,120.525,120.532,10
2018-07-02 05:55:00,120.541,120.541,120.525,120.529,18
2018-07-02 06:03:00,120.556,120.556,120.545,120.545,3
2018-07-02 06:04:00,120.572,120.588,120.556,120.564,29
2018-07-02 06:05:00,120.572,120.588,120.572,120.579,13
2018-07-02 06:13:00,120.572,120.572,120.556,120.564,43
2018-07-02 06:14:00,120.556,120.565,120.556,120.565,2
2018-07-02 06:17:00,120.541,120.556,120.541,120.549,15
2018-07-02 06:18:00,120.556,120.556,120.548,120.548,2
2018-07-02 06:20:00,120.572,120.572,120.556,120.564,6
2018-07-02 06:22:00,120.588,120.588,120.579,120.579,2
2018-07-02 06:23:00,120.619,120.619,120.591,120.591,66
2018-07-02 06:25:00,120.619,120.619,120.603,120.612,12
2018-07-02 06:26:00,120.603,120.619,120.603,120.615,15
2018-07-02 06:30:00,120.603,120.603,120.588,120.6,7
2018-07-02 06:31:00,120.588,120.603,120.588,120.596,6
2018-07-02 06:32:00,120.588,120.603,120.588,120.595,14
2018-07-02 06:37:00,120.588,120.603,120.588,120.592,7
2018-07-02 06:38:00,120.588,120.603,120.588,120.595,19
2018-07-02 06:39:00,120.588,120.603,120.588,120.595,13
2018-07-02 06:42:00,120.603,120.603,120.588,120.595,32
2018-07-02 06:43:00,120.603,120.603,120.588,120.596,12
2018-07-02 06:45:00,120.603,120.603,120.588,120.596,4
2018-07-02 06:46:00,120.588,120.6,120.588,120.6,3
2018-07-02 06:47:00,120.603,120.603,120.595,120.595,2
2018-07-02 06:48:00,120.619,120.619,120.607,120.607,4
2018-07-02 06:49:00,120.603,120.619,120.603,120.612,13
2018-07-02 06:50:00,120.619,120.619,120.61,120.61,2
2018-07-02 06:52:00,120.619,120.619,120.603,120.612,4
2018-07-02 06:55:00,120.603,120.619,120.603,120.612,14
2018-07-02 06:58:00,120.603,120.619,120.603,120.608,9
2018-07-02 06:59:00,120.603,120.619,120.603,120.61,4
2018-07-02 07:00:00,120.603,120.619,120.603,120.61,16
2018-07-02 07:01:00,120.619,120.619,120.61,120.61,2
2018-07-02 07:03:00,120.635,120.65,120.626,120.626,13
2018-07-02 07:04:00,120.65,120.65,120.635,120.642,7
2018-07-02 07:05:00,120.666,120.666,120.65,120.654,22
2018-07-02 07:06:00,120.666,120.666,120.65,120.659,10
2018-07-02 07:08:00,120.682,120.682,120.65,120.659,30
2018-07-02 07:11:00,120.682,120.682,120.666,120.674,9
2018-07-02 07:14:00,120.666,120.682,120.666,120.674,6
2018-07-02 07:16:00,120.682,120.682,120.666,120.67,8
2018-07-02 07:17:00,120.666,120.682,120.666,120.674,27
2018-07-02 07:19:00,120.666,120.682,120.666,120.673,8
2018-07-02 07:21:00,120.65,120.659,120.65,120.659,2
2018-07-02 07:22:00,120.666,120.666,120.657,120.657,2
2018-07-02 07:26:00,120.666,120.666,120.65,120.659,17
2018-07-02 07:27:00,120.666,120.666,120.65,120.659,41
2018-07-02 07:28:00,120.65,120.666,120.65,120.662,7
2018-07-02 07:30:00,120.666,120.666,120.657,120.657,2
2018-07-02 07:31:00,120.666,120.666,120.65,120.659,4
2018-07-02 07:33:00,120.65,120.666,120.65,120.659,9
2018-07-02 07:34:00,120.666,120.666,120.65,120.666,10
2018-07-02 07:39:00,120.697,120.697,120.67,120.67,6
2018-07-02 07:40:00,120.713,120.713,120.697,120.704,7
2018-07-02 07:43:00,120.729,120.729,120.72,120.72,2
2018-07-02 07:44:00,120.729,120.744,120.729,120.736,14
2018-07-02 07:45:00,120.713,120.729,120.713,120.721,14
2018-07-02 07:46:00,120.729,120.729,120.713,120.72,26
2018-07-02 07:48:00,120.713,120.729,120.713,120.721,7
2018-07-02 07:49:00,120.666,120.706,120.666,120.706,27
2018-07-02 07:50:00,120.713,120.713,120.67,120.67,47
2018-07-02 07:51:00,120.713,120.713,120.697,120.706,13
2018-07-02 07:52:00,120.713,120.713,120.697,120.706,34
2018-07-02 07:53:00,120.713,120.713,120.697,120.706,29
2018-07-02 07:54:00,120.697,120.713,120.697,120.706,16
2018-07-02 07:55:00,120.697,120.713,120.697,120.7,26
2018-07-02 07:57:00,120.697,120.713,120.697,120.704,9
2018-07-02 07:59:00,120.697,120.713,120.697,120.704,8
2018-07-02 08:00:00,120.697,120.713,120.697,120.704,19
2018-07-02 08:01:00,120.713,120.713,120.697,120.701,16
2018-07-02 08:02:00,120.713,120.713,120.697,120.709,9
2018-07-02 08:04:00,120.697,120.706,120.697,120.706,2
2018-07-02 08:05:00,120.713,120.713,120.704,120.704,2
2018-07-02 08:06:00,120.697,120.713,120.697,120.706,6
2018-07-02 08:08:00,120.697,120.697,120.681,120.69,4
2018-07-02 08:10:00,120.681,120.69,120.681,120.69,3
2018-07-02 08:11:00,120.681,120.697,120.681,120.689,5
2018-07-02 08:12:00,120.697,120.697,120.681,120.689,6
2018-07-02 08:16:00,120.681,120.697,120.681,120.69,23
2018-07-02 08:17:00,120.697,120.697,120.681,120.689,14
2018-07-02 08:18:00,120.713,120.713,120.704,120.704,2
2018-07-02 08:24:00,120.728,120.728,120.716,120.716,4
2018-07-02 08:26:00,120.713,120.725,120.713,120.725,4
2018-07-02 08:30:00,120.697,120.706,120.697,120.706,2
2018-07-02 08:31:00,120.697,120.713,120.697,120.704,4
2018-07-02 08:32:00,120.713,120.713,120.704,120.704,2
2018-07-02 08:33:00,120.728,120.728,120.72,120.72,2
2018-07-02 08:34:00,120.713,120.728,120.713,120.721,12
2018-07-02 08:35:00,120.713,120.728,120.713,120.72,9
2018-07-02 08:39:00,120.713,120.728,120.713,120.72,9
2018-07-02 08:40:00,120.697,120.709,120.697,120.709,4
2018-07-02 08:42:00,120.681,120.697,120.681,120.69,20
2018-07-02 08:43:00,120.697,120.697,120.681,120.689,8
2018-07-02 08:45:00,120.681,120.697,120.681,120.693,17
2018-07-02 08:46:00,120.681,120.686,120.681,120.686,4
2018-07-02 08:49:00,120.666,120.674,120.666,120.674,2
2018-07-02 08:54:00,120.65,120.659,120.65,120.659,2
2018-07-02 08:55:00,120.666,120.666,120.65,120.657,21
2018-07-02 08:56:00,120.666,120.666,120.65,120.662,14
2018-07-02 09:00:00,120.634,120.666,120.634,120.659,12
2018-07-02 09:01:00,120.65,120.65,120.619,120.627,15
2018-07-02 09:07:00,120.65,120.666,120.65,120.657,9
2018-07-02 09:09:00,120.666,120.666,120.657,120.657,2
2018-07-02 09:13:00,120.65,120.658,120.65,120.658,2
2018-07-02 09:15:00,120.666,120.666,120.657,120.657,2
2018-07-02 09:21:00,120.65,120.666,120.65,120.658,6
2018-07-02 09:22:00,120.65,120.666,120.65,120.657,4
2018-07-02 09:25:00,120.666,120.666,120.65,120.657,11
2018-07-02 09:29:00,120.666,120.666,120.65,120.658,5
2018-07-02 09:40:00,120.666,120.666,120.65,120.65,3
2018-07-02 09:41:00,120.666,120.666,120.65,120.658,42
2018-07-02 09:47:00,120.65,120.666,120.65,120.662,8
2018-07-02 09:49:00,120.666,120.666,120.657,120.657,2
2018-07-02 09:52:00,120.681,120.681,120.67,120.67,4
2018-07-02 09:53:00,120.681,120.697,120.681,120.688,32
2018-07-02 09:54:00,120.697,120.697,120.681,120.688,14
2018-07-02 09:55:00,120.681,120.694,120.681,120.694,4
2018-07-02 09:56:00,120.666,120.681,120.666,120.674,12
2018-07-02 09:57:00,120.681,120.681,120.673,120.673,2
2018-07-02 10:01:00,120.697,120.697,120.681,120.688,10
2018-07-02 10:02:00,120.697,120.712,120.697,120.701,6
2018-07-02 10:06:00,120.681,120.69,120.681,120.69,2
2018-07-02 10:08:00,120.697,120.697,120.681,120.685,13
2018-07-02 10:09:00,120.681,120.69,120.681,120.69,2
2018-07-02 10:16:00,120.697,120.697,120.688,120.688,3
2018-07-02 10:20:00,120.712,120.712,120.7,120.7,3
2018-07-02 10:21:00,120.712,120.728,120.712,120.728,5
2018-07-02 10:22:00,120.712,120.728,120.712,120.72,12
2018-07-02 10:24:00,120.712,120.728,120.712,120.72,8
2018-07-02 10:27:00,120.697,120.704,120.697,120.704,3
2018-07-02 10:31:00,120.681,120.69,120.681,120.69,2
2018-07-02 10:36:00,120.681,120.697,120.681,120.688,19
2018-07-02 10:43:00,120.681,120.697,120.681,120.684,6
2018-07-02 10:44:00,120.665,120.674,120.665,120.674,2
2018-07-02 10:46:00,120.665,120.665,120.65,120.658,41
2018-07-02 10:47:00,120.665,120.665,120.65,120.658,21
2018-07-02 10:55:00,120.65,120.665,120.65,120.658,7
2018-07-02 10:56:00,120.665,120.665,120.657,120.657,2
2018-07-02 11:01:00,120.65,120.665,120.65,120.658,13
2018-07-02 11:02:00,120.65,120.665,120.65,120.657,9
2018-07-02 11:03:00,120.65,120.665,120.65,120.657,6
2018-07-02 11:04:00,120.665,120.665,120.65,120.657,6
2018-07-02 11:05:00,120.65,120.665,120.65,120.658,4
2018-07-02 11:07:00,120.65,120.665,120.65,120.654,6
2018-07-02 11:11:00,120.65,120.65,120.634,120.643,17
2018-07-02 11:15:00,120.665,120.665,120.657,120.657,3
2018-07-02 11:21:00,120.65,120.658,120.65,120.658,2
2018-07-02 11:32:00,120.665,120.665,120.654,120.654,4
2018-07-02 11:36:00,120.665,120.681,120.665,120.672,4
2018-07-02 11:40:00,120.65,120.661,120.65,120.661,4
2018-07-02 11:52:00,120.65,120.665,120.65,120.657,8
2018-07-02 11:57:00,120.665,120.665,120.654,120.654,4
2018-07-02 12:04:00,120.681,120.681,120.672,120.672,3
2018-07-02 12:06:00,120.681,120.696,120.681,120.688,15
2018-07-02 12:07:00,120.665,120.677,120.665,120.677,4
2018-07-02 12:10:00,120.681,120.681,120.672,120.672,2
2018-07-02 12:14:00,120.681,120.696,120.681,120.688,10
2018-07-02 12:17:00,120.696,120.696,120.688,120.688,2
2018-07-02 12:20:00,120.696,120.712,120.696,120.704,5
2018-07-02 12:21:00,120.681,120.696,120.681,120.689,6
2018-07-02 12:23:00,120.665,120.677,120.665,120.677,4
2018-07-02 12:24:00,120.649,120.658,120.649,120.658,2
2018-07-02 12:32:00,120.649,120.665,120.649,120.657,5
2018-07-02 12:34:00,120.634,120.649,120.634,120.642,10
2018-07-02 12:37:00,120.634,120.649,120.634,120.641,6
2018-07-02 12:40:00,120.618,120.634,120.618,120.63,16
2018-07-02 12:46:00,120.618,120.634,120.618,120.625,51
2018-07-02 12:47:00,120.634,120.634,120.618,120.625,6
2018-07-02 12:49:00,120.649,120.649,120.634,120.641,6
2018-07-02 12:51:00,120.634,120.642,120.634,120.642,2
2018-07-02 12:52:00,120.618,120.627,120.618,120.627,2
2018-07-02 12:53:00,120.602,120.611,120.602,120.611,3
2018-07-02 12:54:00,120.587,120.602,120.587,120.595,6
2018-07-02 13:01:00,120.587,120.587,120.571,120.582,6
2018-07-02 13:02:00,120.571,120.583,120.571,120.583,3
2018-07-02 13:03:00,120.555,120.564,120.555,120.564,2
2018-07-02 13:07:00,120.555,120.571,120.555,120.559,6
2018-07-02 13:08:00,120.555,120.571,120.555,120.562,13
2018-07-02 13:09:00,120.571,120.571,120.555,120.562,11
2018-07-02 13:10:00,120.571,120.587,120.555,120.564,9
2018-07-02 13:11:00,120.571,120.587,120.571,120.578,4
2018-07-02 13:18:00,120.587,120.587,120.571,120.578,12
2018-07-02 13:21:00,120.571,120.579,120.571,120.579,2
2018-07-02 13:22:00,120.587,120.587,120.578,120.578,2
2018-07-02 13:26:00,120.602,120.602,120.59,120.59,3
2018-07-02 13:27:00,120.602,120.602,120.587,120.599,18
2018-07-02 13:28:00,120.587,120.595,120.587,120.595,2
2018-07-02 13:30:00,120.571,120.579,120.571,120.579,2
2018-07-02 13:33:00,120.571,120.587,120.571,120.578,17
2018-07-02 13:35:00,120.555,120.564,120.555,120.564,2
2018-07-02 13:36:00,120.555,120.571,120.555,120.562,29
2018-07-02 13:37:00,120.555,120.571,120.555,120.562,13
2018-07-02 13:40:00,120.571,120.571,120.562,120.562,2
2018-07-02 13:41:00,120.571,120.571,120.555,120.564,4
2018-07-02 13:45:00,120.555,120.571,120.555,120.564,11
2018-07-02 13:47:00,120.555,120.555,120.54,120.551,25
2018-07-02 13:48:00,120.555,120.555,120.54,120.548,10
2018-07-02 13:55:00,120.571,120.571,120.559,120.559,4
2018-07-02 13:57:00,120.555,120.571,120.555,120.564,12
2018-07-02 13:59:00,120.555,120.555,120.54,120.548,9
2018-07-02 14:00:00,120.508,120.551,120.493,120.551,152
2018-07-02 14:01:00,120.493,120.508,120.493,120.501,8
2018-07-02 14:02:00,120.508,120.508,120.496,120.496,4
2018-07-02 14:05:00,120.508,120.508,120.493,120.501,5
2018-07-02 14:06:00,120.508,120.508,120.493,120.504,8
2018-07-02 14:08:00,120.508,120.524,120.508,120.515,10
2018-07-02 14:09:00,120.508,120.508,120.492,120.501,7
2018-07-02 14:10:00,120.524,120.524,120.515,120.515,2
2018-07-02 14:13:00,120.539,120.539,120.524,120.531,12
2018-07-02 14:17:00,120.524,120.532,120.524,120.532,2
2018-07-02 14:18:00,120.492,120.52,120.492,120.52,10
2018-07-02 14:19:00,120.492,120.492,120.477,120.485,9
2018-07-02 14:20:00,120.477,120.492,120.477,120.485,40
2018-07-02 14:21:00,120.461,120.477,120.461,120.473,14
2018-07-02 14:22:00,120.477,120.477,120.468,120.468,2
2018-07-02 14:23:00,120.492,120.492,120.477,120.484,15
2018-07-02 14:24:00,120.461,120.485,120.461,120.485,5
2018-07-02 14:25:00,120.445,120.461,120.445,120.454,24
2018-07-02 14:26:00,120.461,120.461,120.453,120.453,2
2018-07-02 14:27:00,120.477,120.477,120.468,120.468,2
2018-07-02 14:30:00,120.461,120.477,120.461,120.474,10
2018-07-02 14:34:00,120.461,120.477,120.445,120.468,35
2018-07-02 14:36:00,120.461,120.461,120.445,120.454,25
2018-07-02 14:38:00,120.445,120.454,120.445,120.454,2
2018-07-02 14:40:00,120.445,120.461,120.445,120.449,41
2018-07-02 14:42:00,120.414,120.438,120.414,120.438,5
2018-07-02 14:43:00,120.43,120.43,120.418,120.418,3
2018-07-02 14:44:00,120.414,120.423,120.414,120.423,3
2018-07-02 14:45:00,120.43,120.43,120.414,120.421,69
2018-07-02 14:48:00,120.445,120.445,120.434,120.434,4
2018-07-02 14:57:00,120.461,120.461,120.445,120.452,9
2018-07-02 14:58:00,120.461,120.461,120.445,120.457,36
2018-07-02 14:59:00,120.461,120.461,120.445,120.457,6
2018-07-02 15:00:00,120.445,120.461,120.445,120.458,13
2018-07-02 15:01:00,120.43,120.438,120.43,120.438,2
2018-07-02 15:02:00,120.43,120.445,120.43,120.437,9
2018-07-02 15:04:00,120.414,120.423,120.414,120.423,2
2018-07-02 15:07:00,120.43,120.43,120.418,120.418,3
2018-07-02 15:12:00,120.43,120.445,120.43,120.434,24
2018-07-02 15:13:00,120.445,120.445,120.43,120.437,18
2018-07-02 15:14:00,120.445,120.461,120.445,120.449,21
2018-07-02 15:15:00,120.445,120.461,120.445,120.452,22
2018-07-02 15:16:00,120.461,120.461,120.452,120.452,2
2018-07-02 15:17:00,120.461,120.461,120.445,120.457,31
2018-07-02 15:18:00,120.445,120.461,120.445,120.454,19
2018-07-02 15:19:00,120.461,120.461,120.45,120.45,4
2018-07-02 15:20:00,120.445,120.454,120.445,120.454,2
2018-07-02 15:26:00,120.445,120.445,120.43,120.438,5
2018-07-02 15:27:00,120.43,120.445,120.43,120.438,5
2018-07-02 15:28:00,120.43,120.445,120.43,120.437,17
2018-07-02 15:29:00,120.43,120.445,120.43,120.437,14
2018-07-02 15:30:00,120.445,120.445,120.43,120.434,11
2018-07-02 15:34:00,120.445,120.445,120.43,120.438,4
2018-07-02 15:41:00,120.461,120.461,120.445,120.452,11
2018-07-02 15:43:00,120.445,120.461,120.445,120.454,9
2018-07-02 15:44:00,120.461,120.461,120.452,120.452,2
2018-07-02 15:51:00,120.461,120.477,120.461,120.468,14
2018-07-02 15:53:00,120.445,120.454,120.445,120.454,2
2018-07-02 15:54:00,120.445,120.461,120.445,120.452,4
2018-07-02 16:15:00,120.461,120.461,120.449,120.449,4
2018-07-02 16:20:00,120.461,120.476,120.461,120.468,4
2018-07-02 16:31:00,120.445,120.454,120.445,120.454,5
2018-07-02 16:35:00,120.445,120.461,120.445,120.452,4
2018-07-02 16:36:00,120.461,120.461,120.445,120.452,6
2018-07-02 16:37:00,120.445,120.461,120.445,120.454,10
2018-07-02 16:38:00,120.445,120.461,120.445,120.452,13
2018-07-02 16:40:00,120.445,120.461,120.445,120.452,5
2018-07-02 16:45:00,120.429,120.445,120.429,120.438,6
2018-07-02 16:47:00,120.429,120.429,120.414,120.422,10
2018-07-02 16:49:00,120.414,120.429,120.414,120.426,9
2018-07-02 16:53:00,120.398,120.407,120.398,120.407,2
2018-07-02 17:00:00,120.414,120.414,120.405,120.405,2
2018-07-02 17:06:00,120.429,120.429,120.421,120.421,3
2018-07-02 17:07:00,120.429,120.429,120.414,120.426,11
2018-07-02 17:11:00,120.445,120.445,120.436,120.436,3
2018-07-02 17:12:00,120.429,120.438,120.429,120.438,2
2018-07-02 17:13:00,120.445,120.445,120.436,120.436,2
2018-07-02 17:19:00,120.429,120.442,120.429,120.442,4
2018-07-02 17:25:00,120.414,120.422,120.414,120.422,2
2018-07-02 17:34:00,120.398,120.414,120.398,120.41,26
2018-07-02 17:38:00,120.382,120.391,120.382,120.391,3
2018-07-02 17:39:00,120.367,120.375,120.367,120.375,2
2018-07-02 17:40:00,120.382,120.382,120.367,120.374,7
2018-07-02 17:41:00,120.382,120.382,120.367,120.378,40
2018-07-02 17:42:00,120.382,120.382,120.367,120.375,15
2018-07-02 17:46:00,120.367,120.382,120.367,120.375,8
2018-07-02 17:48:00,120.367,120.367,120.351,120.363,15
2018-07-02 17:49:00,120.351,120.367,120.351,120.359,6
2018-07-02 17:53:00,120.367,120.367,120.358,120.358,2
2018-07-02 17:59:00,120.382,120.382,120.367,120.37,7
2018-07-02 18:00:00,120.382,120.382,120.367,120.375,39
2018-07-02 18:07:00,120.367,120.378,120.367,120.378,3
2018-07-02 18:09:00,120.382,120.382,120.374,120.374,3
2018-07-02 18:12:00,120.382,120.398,120.382,120.389,5
2018-07-02 18:13:00,120.382,120.398,120.382,120.386,18
2018-07-02 18:29:00,120.398,120.398,120.386,120.386,3
2018-07-02 18:30:00,120.398,120.398,120.382,120.391,12
2018-07-02 18:34:00,120.413,120.413,120.405,120.405,2
2018-07-02 18:43:00,120.429,120.429,120.421,120.421,2
2018-07-02 18:47:00,120.429,120.429,120.413,120.422,4
2018-07-02 18:51:00,120.413,120.422,120.413,120.422,2
2018-07-02 18:57:00,120.413,120.413,120.406,120.406,6
2018-07-02 18:58:00,120.398,120.406,120.398,120.406,2
2018-07-02 18:59:00,120.382,120.391,120.382,120.391,2
2018-07-02 19:00:00,120.382,120.382,120.366,120.375,14
2018-07-02 19:03:00,120.398,120.398,120.386,120.386,3
2018-07-02 19:06:00,120.382,120.391,120.382,120.391,2
2018-07-02 19:07:00,120.382,120.398,120.382,120.386,15
2018-07-02 19:25:00,120.382,120.382,120.366,120.375,8
2018-07-02 19:27:00,120.366,120.378,120.366,120.378,2
2018-07-02 19:29:00,120.382,120.382,120.373,120.373,2
2018-07-02 19:30:00,120.382,120.398,120.382,120.389,5
2018-07-02 19:41:00,120.398,120.398,120.389,120.389,3
2018-07-02 19:44:00,120.382,120.39,120.382,120.39,2
2018-07-02 19:50:00,120.382,120.382,120.366,120.375,4
2018-07-02 20:02:00,120.382,120.398,120.382,120.389,6
2018-07-02 20:04:00,120.398,120.398,120.382,120.386,6
2018-07-02 20:13:00,120.382,120.394,120.382,120.394,3
2018-07-02 20:17:00,120.366,120.375,120.366,120.375,2
2018-07-02 20:21:00,120.35,120.362,120.35,120.362,3
2018-07-02 20:43:00,120.366,120.366,120.354,120.354,4
2018-07-02 20:53:00,120.35,120.366,120.35,120.362,20
2018-07-02 20:59:00,120.35,120.35,120.35,120.35,1
2018-07-02 22:00:00,120.335,120.335,120.335,120.335,1
2018-07-02 22:03:00,120.319,120.335,120.319,120.327,25
2018-07-02 22:06:00,120.335,120.335,120.33,120.33,2
2018-07-02 22:15:00,120.319,120.327,120.319,120.327,2
2018-07-02 22:17:00,120.334,120.334,120.322,120.322,4
2018-07-02 22:24:00,120.319,120.327,120.319,120.327,2
2018-07-02 22:26:00,120.334,120.334,120.323,120.323,2
2018-07-02 22:32:00,120.319,120.327,120.319,120.327,2
2018-07-02 22:35:00,120.334,120.334,120.319,120.323,10
2018-07-02 22:39:00,120.334,120.334,120.319,120.327,4
2018-07-02 22:40:00,120.35,120.35,120.342,120.342,2
2018-07-02 22:41:00,120.35,120.35,120.334,120.343,4
2018-07-02 22:42:00,120.35,120.358,120.35,120.354,4
2018-07-02 22:43:00,120.366,120.366,120.357,120.357,6
2018-07-02 23:00:00,120.381,120.381,120.373,120.373,2
2018-07-02 23:12:00,120.366,120.378,120.366,120.378,3
2018-07-02 23:30:00,120.381,120.381,120.37,120.37,4
2018-07-02 23:39:00,120.366,120.374,120.366,120.374,2
2018-07-02 23:40:00,120.381,120.381,120.373,120.373,2
2018-07-02 23:42:00,120.366,120.377,120.366,120.377,3
2018-07-02 23:50:00,120.35,120.366,120.35,120.358,30
2018-07-02 23:56:00,120.366,120.366,120.354,120.354,4
2018-07-03 00:00:00,120.366,120.366,120.35,120.358,5
2018-07-03 00:13:00,120.366,120.381,120.366,120.373,4
2018-07-03 00:14:00,120.366,120.381,120.366,120.373,141
2018-07-03 00:15:00,120.366,120.381,120.366,120.373,4
2018-07-03 00:16:00,120.35,120.366,120.35,120.358,10
2018-07-03 00:22:00,120.35,120.365,120.35,120.354,21
2018-07-03 00:37:00,120.35,120.365,120.35,120.357,14
2018-07-03 00:38:00,120.365,120.365,120.357,120.357,2
2018-07-03 00:39:00,120.35,120.362,120.35,120.362,4
2018-07-03 00:54:00,120.365,120.365,120.357,120.357,4
2018-07-03 00:58:00,120.365,120.365,120.35,120.358,18
2018-07-03 00:59:00,120.35,120.365,120.35,120.358,21
2018-07-03 01:03:00,120.334,120.35,120.334,120.346,29
2018-07-03 01:06:00,120.318,120.327,120.318,120.327,2
2018-07-03 01:07:00,120.303,120.318,120.303,120.311,6
2018-07-03 01:08:00,120.303,120.303,120.287,120.296,4
2018-07-03 01:12:00,120.318,120.318,120.303,120.31,8
2018-07-03 01:13:00,120.318,120.318,120.303,120.315,19
2018-07-03 01:14:00,120.303,120.311,120.303,120.311,2
2018-07-03 01:15:00,120.303,120.318,120.303,120.31,15
2018-07-03 01:16:00,120.318,120.318,120.306,120.306,3
2018-07-03 01:17:00,120.318,120.318,120.303,120.315,10
2018-07-03 01:18:00,120.303,120.318,120.303,120.311,10
2018-07-03 01:19:00,120.303,120.318,120.303,120.306,7
2018-07-03 01:23:00,120.303,120.318,120.303,120.31,21
2018-07-03 01:27:00,120.303,120.31,120.303,120.306,4
2018-07-03 01:28:00,120.318,120.318,120.31,120.31,2
2018-07-03 01:30:00,120.334,120.334,120.325,120.325,2
2018-07-03 01:31:00,120.35,120.35,120.341,120.341,3
2018-07-03 01:32:00,120.334,120.365,120.334,120.357,15
2018-07-03 01:35:00,120.35,120.35,120.341,120.341,2
2018-07-03 01:36:00,120.365,120.365,120.334,120.346,9
2018-07-03 01:37:00,120.365,120.365,120.35,120.358,14
2018-07-03 01:38:00,120.381,120.381,120.37,120.37,4
2018-07-03 01:39:00,120.397,120.397,120.388,120.388,2
2018-07-03 01:40:00,120.397,120.397,120.381,120.392,32
2018-07-03 01:41:00,120.412,120.412,120.4,120.4,4
2018-07-03 01:42:00,120.397,120.412,120.397,120.405,12
2018-07-03 01:43:00,120.412,120.412,120.397,120.404,17
2018-07-03 01:44:00,120.412,120.412,120.397,120.405,4
2018-07-03 01:45:00,120.444,120.444,120.412,120.416,46
2018-07-03 01:46:00,120.444,120.444,120.428,120.436,29
2018-07-03 01:47:00,120.428,120.436,120.428,120.436,2
2018-07-03 01:48:00,120.412,120.421,120.412,120.421,2
2018-07-03 01:50:00,120.428,120.428,120.412,120.419,6
2018-07-03 01:53:00,120.412,120.428,120.412,120.421,6
2018-07-03 01:54:00,120.412,120.428,120.412,120.419,23
2018-07-03 01:55:00,120.397,120.405,120.397,120.405,2
2018-07-03 01:57:00,120.412,120.412,120.404,120.404,2
2018-07-03 01:59:00,120.412,120.412,120.397,120.408,18
2018-07-03 02:00:00,120.412,120.428,120.412,120.419,12
2018-07-03 02:01:00,120.412,120.428,120.412,120.416,9
2018-07-03 02:06:00,120.412,120.428,120.412,120.419,4
2018-07-03 02:10:00,120.428,120.428,120.412,120.419,6
2018-07-03 02:13:00,120.412,120.421,120.412,120.421,2
2018-07-03 02:17:00,120.396,120.412,120.396,120.405,7
2018-07-03 02:22:00,120.381,120.396,120.381,120.389,8
2018-07-03 02:23:00,120.396,120.396,120.385,120.385,4
2018-07-03 02:24:00,120.381,120.396,120.381,120.389,37
2018-07-03 02:26:00,120.365,120.365,120.365,120.365,1
2018-07-03 02:27:00,120.381,120.381,120.381,120.381,1
2018-07-03 02:33:00,120.365,120.381,120.365,120.365,5
2018-07-03 02:34:00,120.381,120.381,120.372,120.372,2
2018-07-03 02:35:00,120.365,120.381,120.365,120.378,26
2018-07-03 02:36:00,120.381,120.381,120.376,120.376,2
2018-07-03 02:37:00,120.381,120.381,120.365,120.374,4
2018-07-03 02:40:00,120.396,120.396,120.388,120.388,2
2018-07-03 02:41:00,120.381,120.392,120.381,120.392,3
2018-07-03 02:48:00,120.396,120.396,120.384,120.384,4
2018-07-03 02:56:00,120.412,120.412,120.396,120.4,11
2018-07-03 02:57:00,120.412,120.412,120.396,120.408,9
2018-07-03 03:03:00,120.396,120.396,120.396,120.396,1
2018-07-03 03:05:00,120.412,120.412,120.4,120.4,4
2018-07-03 03:07:00,120.428,120.428,120.419,120.419,2
2018-07-03 03:10:00,120.443,120.443,120.435,120.435,2
2018-07-03 03:19:00,120.459,120.475,120.448,120.448,10
2018-07-03 03:20:00,120.475,120.475,120.466,120.466,2
2018-07-03 03:21:00,120.459,120.467,120.459,120.467,3
2018-07-03 03:26:00,120.475,120.475,120.466,120.466,2
2018-07-03 03:27:00,120.459,120.471,120.459,120.471,4
2018-07-03 03:29:00,120.459,120.475,120.459,120.466,15
2018-07-03 03:30:00,120.475,120.475,120.459,120.466,18
2018-07-03 03:31:00,120.475,120.475,120.459,120.467,12
2018-07-03 03:32:00,120.475,120.49,120.475,120.482,4
2018-07-03 03:35:00,120.475,120.49,120.475,120.482,6
2018-07-03 03:37:00,120.49,120.49,120.482,120.482,2
2018-07-03 03:38:00,120.475,120.49,120.475,120.483,11
2018-07-03 03:40:00,120.49,120.49,120.482,120.482,2
2018-07-03 03:41:00,120.49,120.506,120.49,120.494,24
2018-07-03 03:47:00,120.475,120.486,120.475,120.486,4
2018-07-03 03:50:00,120.459,120.475,120.459,120.467,9
2018-07-03 03:54:00,120.475,120.475,120.466,120.466,2
2018-07-03 03:57:00,120.475,120.475,120.459,120.47,12
2018-07-03 04:07:00,120.475,120.475,120.459,120.47,5
2018-07-03 04:08:00,120.459,120.467,120.459,120.467,2
2018-07-03 04:13:00,120.474,120.474,120.466,120.466,2
2018-07-03 04:14:00,120.474,120.474,120.459,120.467,6
2018-07-03 04:17:00,120.474,120.474,120.459,120.467,10
2018-07-03 04:25:00,120.459,120.463,120.459,120.463,2
2018-07-03 04:26:00,120.474,120.474,120.459,120.462,6
2018-07-03 04:28:00,120.459,120.467,120.459,120.467,2
2018-07-03 04:38:00,120.459,120.474,120.459,120.463,20
2018-07-03 04:39:00,120.459,120.474,120.459,120.462,10
2018-07-03 04:45:00,120.459,120.474,120.459,120.466,4
2018-07-03 04:50:00,120.474,120.474,120.474,120.474,1
2018-07-03 04:52:00,120.459,120.467,120.459,120.467,2
2018-07-03 04:53:00,120.474,120.474,120.466,120.466,6
2018-07-03 04:55:00,120.459,120.474,120.459,120.467,8
2018-07-03 04:59:00,120.459,120.474,120.459,120.466,13
2018-07-03 05:00:00,120.459,120.474,120.459,120.466,5
2018-07-03 05:04:00,120.474,120.474,120.466,120.466,2
2018-07-03 05:05:00,120.474,120.49,120.474,120.482,21
2018-07-03 05:06:00,120.474,120.49,120.474,120.481,17
2018-07-03 05:14:00,120.474,120.474,120.459,120.467,15
2018-07-03 05:15:00,120.459,120.467,120.459,120.467,2
2018-07-03 05:16:00,120.459,120.474,120.459,120.466,8
2018-07-03 05:18:00,120.459,120.474,120.459,120.47,11
2018-07-03 05:28:00,120.459,120.474,120.459,120.466,16
2018-07-03 05:31:00,120.412,120.451,120.412,120.451,7
2018-07-03 05:37:00,120.396,120.404,120.396,120.404,2
2018-07-03 05:38:00,120.412,120.412,120.4,120.4,3
2018-07-03 05:40:00,120.396,120.404,120.396,120.404,2
2018-07-03 05:42:00,120.412,120.412,120.396,120.4,15
2018-07-03 05:44:00,120.412,120.412,120.396,120.404,15
2018-07-03 05:45:00,120.396,120.412,120.396,120.408,20
2018-07-03 05:47:00,120.412,120.412,120.396,120.4,8
2018-07-03 05:48:00,120.396,120.412,120.396,120.404,11
2018-07-03 05:50:00,120.412,120.412,120.396,120.4,49
2018-07-03 05:53:00,120.412,120.412,120.396,120.404,48
2018-07-03 05:54:00,120.396,120.404,120.396,120.404,2
2018-07-03 05:55:00,120.38,120.389,120.38,120.389,2
2018-07-03 05:56:00,120.396,120.396,120.384,120.384,4
2018-07-03 05:59:00,120.38,120.396,120.38,120.392,8
2018-07-03 06:00:00,120.396,120.396,120.38,120.387,16
2018-07-03 06:01:00,120.396,120.396,120.38,120.389,5
2018-07-03 06:02:00,120.396,120.396,120.38,120.392,14
2018-07-03 06:04:00,120.396,120.396,120.38,120.392,6
2018-07-03 06:06:00,120.38,120.396,120.38,120.392,39
2018-07-03 06:07:00,120.396,120.396,120.38,120.387,24
2018-07-03 06:08:00,120.38,120.396,120.38,120.389,9
2018-07-03 06:09:00,120.396,120.396,120.387,120.387,2
2018-07-03 06:10:00,120.38,120.396,120.38,120.392,12
2018-07-03 06:11:00,120.38,120.396,120.38,120.387,4
2018-07-03 06:12:00,120.396,120.396,120.38,120.387,27
2018-07-03 06:13:00,120.38,120.389,120.38,120.389,2
2018-07-03 06:14:00,120.365,120.373,120.365,120.373,2
2018-07-03 06:16:00,120.365,120.365,120.349,120.357,12
2018-07-03 06:17:00,120.365,120.365,120.349,120.357,11
2018-07-03 06:19:00,120.365,120.365,120.349,120.357,5
2018-07-03 06:21:00,120.365,120.365,120.349,120.357,6
2018-07-03 06:22:00,120.364,120.364,120.349,120.357,4
2018-07-03 06:23:00,120.364,120.364,120.349,120.357,11
2018-07-03 06:29:00,120.349,120.364,120.349,120.357,6
2018-07-03 06:31:00,120.333,120.349,120.333,120.342,59
2018-07-03 06:33:00,120.349,120.349,120.336,120.336,3
2018-07-03 06:35:00,120.349,120.349,120.333,120.342,6
2018-07-03 06:36:00,120.333,120.342,120.333,120.342,2
2018-07-03 06:42:00,120.349,120.349,120.337,120.337,3
2018-07-03 06:48:00,120.364,120.364,120.349,120.356,11
2018-07-03 06:50:00,120.364,120.38,120.364,120.372,29
2018-07-03 06:52:00,120.364,120.364,120.349,120.36,22
2018-07-03 06:53:00,120.349,120.364,120.349,120.361,18
2018-07-03 06:55:00,120.349,120.364,120.349,120.356,4
2018-07-03 06:56:00,120.364,120.364,120.352,120.352,3
2018-07-03 06:57:00,120.38,120.38,120.349,120.357,33
2018-07-03 06:58:00,120.364,120.38,120.364,120.376,43
2018-07-03 07:00:00,120.364,120.38,120.364,120.372,13
2018-07-03 07:07:00,120.349,120.364,120.349,120.357,17
2018-07-03 07:08:00,120.349,120.364,120.349,120.356,13
2018-07-03 07:10:00,120.364,120.364,120.349,120.356,14
2018-07-03 07:12:00,120.349,120.364,120.349,120.357,13
2018-07-03 07:13:00,120.364,120.364,120.356,120.356,2
2018-07-03 07:14:00,120.349,120.364,120.349,120.357,14
2018-07-03 07:16:00,120.349,120.349,120.333,120.342,6
2018-07-03 07:22:00,120.364,120.364,120.349,120.352,19
2018-07-03 07:26:00,120.364,120.38,120.364,120.368,5
2018-07-03 07:27:00,120.38,120.38,120.364,120.371,10
2018-07-03 07:29:00,120.396,120.396,120.38,120.387,28
2018-07-03 07:31:00,120.38,120.388,120.38,120.388,2
2018-07-03 07:32:00,120.38,120.396,120.38,120.387,8
2018-07-03 07:33:00,120.38,120.396,120.38,120.387,12
2018-07-03 07:35:00,120.364,120.38,120.364,120.376,7
2018-07-03 07:36:00,120.364,120.38,120.364,120.371,20
2018-07-03 07:37:00,120.38,120.38,120.371,120.371,7
2018-07-03 07:40:00,120.38,120.38,120.364,120.373,4
2018-07-03 07:47:00,120.364,120.38,120.364,120.373,10
2018-07-03 07:49:00,120.349,120.36,120.349,120.36,3
2018-07-03 07:52:00,120.333,120.349,120.333,120.345,21
2018-07-03 07:53:00,120.333,120.349,120.333,120.34,6
2018-07-03 07:55:00,120.317,120.333,120.317,120.326,12
2018-07-03 07:57:00,120.317,120.333,120.317,120.324,12
2018-07-03 08:04:00,120.317,120.333,120.317,120.324,4
2018-07-03 08:06:00,120.333,120.333,120.324,120.324,2
2018-07-03 08:07:00,120.317,120.329,120.317,120.329,3
2018-07-03 08:11:00,120.317,120.333,120.317,120.324,33
2018-07-03 08:13:00,120.302,120.317,120.302,120.31,18
2018-07-03 08:14:00,120.317,120.317,120.302,120.309,12
2018-07-03 08:16:00,120.302,120.317,120.302,120.31,10
2018-07-03 08:17:00,120.302,120.317,120.302,120.309,4
2018-07-03 08:19:00,120.317,120.317,120.306,120.306,4
2018-07-03 08:21:00,120.333,120.333,120.321,120.321,4
2018-07-03 08:22:00,120.317,120.333,120.317,120.326,7
2018-07-03 08:23:00,120.333,120.333,120.324,120.324,2
2018-07-03 08:25:00,120.333,120.333,120.317,120.326,12
2018-07-03 08:28:00,120.333,120.333,120.317,120.326,10
2018-07-03 08:31:00,120.317,120.333,120.317,120.326,6
2018-07-03 08:32:00,120.317,120.333,120.317,120.324,4
2018-07-03 08:35:00,120.301,120.31,120.301,120.31,2
2018-07-03 08:37:00,120.301,120.317,120.301,120.305,30
2018-07-03 08:48:00,120.317,120.317,120.306,120.306,4
2018-07-03 08:50:00,120.333,120.333,120.324,120.324,2
2018-07-03 08:53:00,120.317,120.326,120.317,120.326,2
2018-07-03 08:54:00,120.317,120.333,120.317,120.324,16
2018-07-03 08:55:00,120.333,120.333,120.317,120.324,10
2018-07-03 08:57:00,120.317,120.326,120.317,120.326,2
2018-07-03 08:58:00,120.333,120.333,120.317,120.324,7
2018-07-03 09:01:00,120.348,120.348,120.336,120.336,3
2018-07-03 09:04:00,120.348,120.348,120.333,120.344,6
2018-07-03 09:05:00,120.348,120.348,120.333,120.341,5
2018-07-03 09:07:00,120.364,120.364,120.356,120.356,2
2018-07-03 09:11:00,120.364,120.38,120.364,120.368,9
2018-07-03 09:15:00,120.348,120.36,120.348,120.36,3
2018-07-03 09:17:00,120.333,120.341,120.333,120.341,6
2018-07-03 09:19:00,120.333,120.333,120.317,120.328,7
2018-07-03 09:24:00,120.317,120.326,120.317,120.326,2
2018-07-03 09:28:00,120.317,120.317,120.301,120.31,7
2018-07-03 09:36:00,120.301,120.31,120.301,120.31,2
2018-07-03 09:46:00,120.286,120.294,120.286,120.294,2
2018-07-03 09:49:00,120.286,120.286,120.27,120.278,5
2018-07-03 09:50:00,120.27,120.286,120.27,120.278,10
2018-07-03 09:52:00,120.286,120.286,120.274,120.274,4
2018-07-03 09:56:00,120.301,120.301,120.286,120.293,35
2018-07-03 09:59:00,120.317,120.317,120.301,120.308,6
2018-07-03 10:06:00,120.301,120.31,120.301,120.31,2
2018-07-03 10:07:00,120.286,120.301,120.286,120.29,16
2018-07-03 10:08:00,120.301,120.301,120.286,120.29,4
2018-07-03 10:12:00,120.286,120.294,120.286,120.294,2
2018-07-03 10:14:00,120.27,120.282,120.27,120.282,2
2018-07-03 10:15:00,120.27,120.286,120.27,120.277,4
2018-07-03 10:20:00,120.27,120.27,120.254,120.263,8
2018-07-03 10:21:00,120.27,120.27,120.254,120.263,4
2018-07-03 10:27:00,120.254,120.263,120.254,120.263,2
2018-07-03 10:31:00,120.27,120.27,120.254,120.261,7
2018-07-03 10:47:00,120.285,120.285,120.27,120.277,24
2018-07-03 10:48:00,120.285,120.285,120.27,120.278,4
2018-07-03 10:49:00,120.285,120.301,120.285,120.293,4
2018-07-03 10:50:00,120.285,120.301,120.285,120.293,10
2018-07-03 10:56:00,120.27,120.285,120.27,120.278,25
2018-07-03 10:57:00,120.285,120.285,120.27,120.277,32
2018-07-03 11:01:00,120.285,120.301,120.285,120.289,11
2018-07-03 11:02:00,120.301,120.301,120.285,120.289,27
2018-07-03 11:03:00,120.301,120.301,120.285,120.297,5
2018-07-03 11:04:00,120.285,120.298,120.285,120.298,3
2018-07-03 11:13:00,120.285,120.301,120.285,120.293,9
2018-07-03 11:15:00,120.301,120.301,120.293,120.293,2
2018-07-03 11:24:00,120.301,120.317,120.301,120.308,10
2018-07-03 11:25:00,120.301,120.317,120.301,120.305,16
2018-07-03 11:26:00,120.301,120.317,120.301,120.308,24
2018-07-03 11:28:00,120.285,120.297,120.285,120.297,2
2018-07-03 11:32:00,120.301,120.301,120.292,120.292,2
2018-07-03 11:36:00,120.285,120.301,120.285,120.294,7
2018-07-03 11:40:00,120.301,120.301,120.285,120.289,11
2018-07-03 11:52:00,120.301,120.301,120.285,120.294,13
2018-07-03 11:54:00,120.285,120.297,120.285,120.297,4
2018-07-03 12:02:00,120.285,120.301,120.285,120.289,11
2018-07-03 12:05:00,120.27,120.278,120.27,120.278,2
2018-07-03 12:06:00,120.27,120.285,120.27,120.277,29
2018-07-03 12:07:00,120.285,120.285,120.27,120.277,10
2018-07-03 12:08:00,120.27,120.278,120.27,120.278,2
2018-07-03 12:09:00,120.285,120.285,120.27,120.277,18
2018-07-03 12:10:00,120.285,120.285,120.27,120.278,4
2018-07-03 12:14:00,120.27,120.285,120.27,120.281,53
2018-07-03 12:15:00,120.27,120.285,120.27,120.277,19
2018-07-03 12:16:00,120.27,120.285,120.27,120.281,5
2018-07-03 12:18:00,120.254,120.27,120.254,120.262,23
2018-07-03 12:19:00,120.27,120.27,120.254,120.258,18
2018-07-03 12:20:00,120.27,120.285,120.27,120.277,5
2018-07-03 12:23:00,120.254,120.262,120.254,120.262,3
2018-07-03 12:24:00,120.27,120.27,120.261,120.261,2
2018-07-03 12:25:00,120.27,120.285,120.27,120.277,7
2018-07-03 12:26:00,120.27,120.285,120.27,120.277,29
2018-07-03 12:27:00,120.254,120.262,120.254,120.262,2
2018-07-03 12:28:00,120.27,120.27,120.258,120.258,2
2018-07-03 12:29:00,120.285,120.285,120.277,120.277,3
2018-07-03 12:31:00,120.285,120.301,120.285,120.292,6
2018-07-03 12:32:00,120.301,120.301,120.285,120.292,6
2018-07-03 12:33:00,120.285,120.301,120.285,120.294,13
2018-07-03 12:39:00,120.285,120.301,120.285,120.292,6
2018-07-03 12:42:00,120.301,120.301,120.285,120.289,12
2018-07-03 12:46:00,120.301,120.316,120.301,120.308,8
2018-07-03 12:47:00,120.316,120.316,120.305,120.305,4
2018-07-03 12:48:00,120.316,120.332,120.316,120.32,18
2018-07-03 12:52:00,120.332,120.332,120.316,120.32,15
2018-07-03 12:54:00,120.316,120.332,120.316,120.325,24
2018-07-03 12:57:00,120.332,120.332,120.324,120.324,2
2018-07-03 13:00:00,120.332,120.332,120.316,120.325,4
2018-07-03 13:01:00,120.348,120.348,120.339,120.339,2
2018-07-03 13:02:00,120.363,120.363,120.355,120.355,2
2018-07-03 13:04:00,120.363,120.363,120.348,120.36,15
2018-07-03 13:05:00,120.348,120.363,120.348,120.36,31
2018-07-03 13:06:00,120.348,120.363,120.348,120.351,12
2018-07-03 13:07:00,120.348,120.363,120.348,120.352,24
2018-07-03 13:08:00,120.363,120.363,120.348,120.355,13
2018-07-03 13:09:00,120.379,120.379,120.363,120.371,9
2018-07-03 13:21:00,120.395,120.395,120.383,120.383,2
2018-07-03 13:23:00,120.395,120.41,120.395,120.402,12
2018-07-03 13:24:00,120.41,120.41,120.395,120.402,14
2018-07-03 13:31:00,120.41,120.426,120.41,120.417,34
2018-07-03 13:32:00,120.426,120.426,120.417,120.417,2
2018-07-03 13:34:00,120.442,120.442,120.426,120.43,9
2018-07-03 13:35:00,120.442,120.442,120.426,120.434,6
2018-07-03 13:38:00,120.457,120.457,120.442,120.449,12
2018-07-03 13:39:00,120.457,120.457,120.442,120.454,11
2018-07-03 13:40:00,120.442,120.45,120.442,120.45,2
2018-07-03 13:44:00,120.442,120.457,120.442,120.449,6
2018-07-03 13:45:00,120.442,120.449,120.442,120.449,4
2018-07-03 13:49:00,120.442,120.442,120.426,120.438,14
2018-07-03 13:51:00,120.442,120.442,120.426,120.434,14
2018-07-03 13:52:00,120.442,120.442,120.434,120.434,4
2018-07-03 13:55:00,120.457,120.457,120.446,120.449,5
2018-07-03 13:56:00,120.473,120.473,120.464,120.464,2
2018-07-03 13:57:00,120.473,120.473,120.457,120.469,18
2018-07-03 14:00:00,120.457,120.473,120.457,120.469,60
2018-07-03 14:02:00,120.473,120.489,120.457,120.46,27
2018-07-03 14:03:00,120.473,120.489,120.473,120.48,5
2018-07-03 14:05:00,120.473,120.473,120.457,120.466,6
2018-07-03 14:06:00,120.457,120.473,120.457,120.466,14
2018-07-03 14:07:00,120.473,120.473,120.464,120.464,3
2018-07-03 14:08:00,120.504,120.504,120.477,120.477,17
2018-07-03 14:09:00,120.504,120.52,120.504,120.52,21
2018-07-03 14:13:00,120.52,120.52,120.511,120.511,2
2018-07-03 14:14:00,120.504,120.513,120.504,120.513,2
2018-07-03 14:15:00,120.504,120.52,120.504,120.511,22
2018-07-03 14:16:00,120.52,120.52,120.504,120.508,25
2018-07-03 14:17:00,120.536,120.536,120.52,120.527,72
2018-07-03 14:19:00,120.52,120.528,120.52,120.528,2
2018-07-03 14:20:00,120.536,120.536,120.52,120.527,16
2018-07-03 14:23:00,120.52,120.528,120.52,120.528,2
2018-07-03 14:25:00,120.52,120.536,120.52,120.527,41
2018-07-03 14:26:00,120.535,120.535,120.527,120.527,2
2018-07-03 14:27:00,120.52,120.535,120.52,120.528,42
2018-07-03 14:28:00,120.535,120.535,120.527,120.527,3
2018-07-03 14:29:00,120.551,120.551,120.535,120.543,13
2018-07-03 14:33:00,120.535,120.548,120.535,120.548,3
2018-07-03 14:35:00,120.551,120.551,120.543,120.543,2
2018-07-03 14:36:00,120.551,120.551,120.535,120.544,80
2018-07-03 14:37:00,120.551,120.551,120.535,120.544,17
2018-07-03 14:38:00,120.551,120.551,120.535,120.547,25
2018-07-03 14:39:00,120.567,120.567,120.551,120.558,17
2018-07-03 14:40:00,120.567,120.582,120.567,120.574,28
2018-07-03 14:41:00,120.582,120.582,120.574,120.574,2
2018-07-03 14:42:00,120.582,120.582,120.567,120.571,19
2018-07-03 14:46:00,120.598,120.598,120.582,120.59,29
2018-07-03 14:47:00,120.582,120.598,120.582,120.591,73
2018-07-03 14:48:00,120.598,120.598,120.582,120.586,13
2018-07-03 14:49:00,120.614,120.614,120.602,120.602,4
2018-07-03 14:50:00,120.629,120.629,120.614,120.618,44
2018-07-03 14:51:00,120.614,120.629,120.614,120.622,83
2018-07-03 14:54:00,120.598,120.614,120.598,120.61,35
2018-07-03 14:55:00,120.614,120.614,120.598,120.605,48
2018-07-03 14:56:00,120.598,120.607,120.598,120.607,2
2018-07-03 14:58:00,120.598,120.614,120.598,120.602,6
2018-07-03 14:59:00,120.614,120.614,120.598,120.605,33
2018-07-03 15:02:00,120.629,120.629,120.621,120.621,2
2018-07-03 15:03:00,120.614,120.629,120.614,120.622,25
2018-07-03 15:04:00,120.598,120.614,120.598,120.607,30
2018-07-03 15:05:00,120.614,120.614,120.598,120.605,18
2018-07-03 15:06:00,120.598,120.614,120.598,120.607,13
2018-07-03 15:08:00,120.582,120.594,120.582,120.594,3
2018-07-03 15:09:00,120.582,120.598,120.582,120.586,36
2018-07-03 15:10:00,120.598,120.598,120.589,120.589,2
2018-07-03 15:11:00,120.582,120.598,120.582,120.591,56
2018-07-03 15:17:00,120.598,120.598,120.589,120.589,2
2018-07-03 15:20:00,120.614,120.614,120.598,120.602,18
2018-07-03 15:21:00,120.614,120.614,120.598,120.607,23
2018-07-03 15:23:00,120.614,120.629,120.614,120.621,53
2018-07-03 15:24:00,120.629,120.629,120.614,120.621,63
2018-07-03 15:25:00,120.645,120.645,120.629,120.636,30
2018-07-03 15:26:00,120.645,120.645,120.629,120.638,8
2018-07-03 15:27:00,120.629,120.638,120.629,120.638,2
2018-07-03 15:29:00,120.629,120.629,120.614,120.622,4
2018-07-03 15:31:00,120.629,120.645,120.629,120.636,5
2018-07-03 15:33:00,120.614,120.629,120.614,120.622,7
2018-07-03 15:35:00,120.598,120.606,120.598,120.606,2
2018-07-03 15:36:00,120.598,120.598,120.582,120.591,4
2018-07-03 15:39:00,120.582,120.598,120.582,120.591,13
2018-07-03 15:40:00,120.598,120.598,120.582,120.589,7
2018-07-03 15:52:00,120.614,120.614,120.605,120.605,2
2018-07-03 15:56:00,120.629,120.629,120.621,120.621,2
2018-07-03 15:57:00,120.629,120.629,120.614,120.626,5
2018-07-03 15:58:00,120.614,120.622,120.614,120.622,2
2018-07-03 16:05:00,120.598,120.606,120.598,120.606,2
2018-07-03 16:08:00,120.567,120.598,120.567,120.591,9
2018-07-03 16:09:00,120.582,120.582,120.567,120.574,16
2018-07-03 16:10:00,120.567,120.575,120.567,120.575,2
2018-07-03 16:14:00,120.567,120.582,120.567,120.574,4
2018-07-03 16:16:00,120.567,120.582,120.567,120.574,5
2018-07-03 16:23:00,120.582,120.582,120.57,120.57,4
2018-07-03 16:28:00,120.582,120.582,120.566,120.575,8
2018-07-03 16:30:00,120.566,120.582,120.566,120.575,10
2018-07-03 16:31:00,120.582,120.582,120.574,120.574,2
2018-07-03 16:37:00,120.598,120.598,120.589,120.589,3
2018-07-03 16:47:00,120.613,120.613,120.605,120.605,2
2018-07-03 16:48:00,120.613,120.613,120.598,120.606,4
2018-07-03 16:51:00,120.629,120.629,120.613,120.621,14
2018-07-03 16:52:00,120.613,120.622,120.613,120.622,2
2018-07-03 16:55:00,120.629,120.629,120.613,120.621,14
2018-07-03 16:56:00,120.613,120.622,120.613,120.622,2
2018-07-03 17:01:00,120.629,120.629,120.618,120.621,8
2018-07-03 17:11:00,120.645,120.645,120.636,120.636,2
2018-07-03 17:29:00,120.66,120.66,120.652,120.652,2
2018-07-03 17:57:00,120.676,120.676,120.667,120.667,2
2018-07-03 17:59:00,120.66,120.676,120.66,120.672,9
2018-07-03 18:38:00,120.676,120.676,120.667,120.667,2
2018-07-03 18:59:00,120.66,120.672,120.66,120.672,4
2018-07-03 19:29:00,120.644,120.653,120.644,120.653,2
2018-07-03 20:15:00,120.66,120.66,120.651,120.651,2
2018-07-03 20:33:00,120.66,120.675,120.66,120.664,8
2018-07-03 20:35:00,120.66,120.675,120.66,120.664,6
2018-07-03 20:40:00,120.675,120.675,120.66,120.664,17
2018-07-03 20:41:00,120.66,120.672,120.66,120.672,4
2018-07-03 20:43:00,120.675,120.675,120.664,120.664,4
2018-07-03 20:49:00,120.66,120.668,120.66,120.668,2
2018-07-03 20:55:00,120.675,120.675,120.664,120.664,4
2018-07-03 20:59:00,120.675,120.675,120.675,120.675,1
2018-07-03 22:00:00,120.644,120.66,120.644,120.66,4
2018-07-03 22:02:00,120.644,120.66,120.644,120.651,13
2018-07-03 22:03:00,120.66,120.66,120.648,120.648,4
2018-07-03 22:05:00,120.644,120.652,120.644,120.652,2
2018-07-03 22:08:00,120.644,120.66,120.644,120.648,21
2018-07-03 22:10:00,120.644,120.66,120.644,120.648,9
2018-07-03 22:39:00,120.659,120.659,120.651,120.651,2
2018-07-03 22:48:00,120.644,120.652,120.644,120.652,3
2018-07-03 22:53:00,120.628,120.64,120.628,120.64,3
2018-07-03 23:37:00,120.644,120.644,120.635,120.635,5
2018-07-03 23:39:00,120.628,120.636,120.628,120.636,2
2018-07-03 23:40:00,120.644,120.644,120.635,120.635,2
2018-07-03 23:46:00,120.644,120.644,120.628,120.64,18
2018-07-03 23:51:00,120.659,120.659,120.651,120.651,2
2018-07-04 00:00:00,120.644,120.659,120.644,120.652,10
2018-07-04 00:01:00,120.644,120.659,120.644,120.651,8
2018-07-04 00:03:00,120.659,120.659,120.651,120.651,2
2018-07-04 00:04:00,120.659,120.659,120.644,120.652,6
2018-07-04 00:06:00,120.644,120.652,120.644,120.652,2
2018-07-04 00:10:00,120.628,120.636,120.628,120.636,2
2018-07-04 00:16:00,120.628,120.628,120.612,120.621,4
2018-07-04 00:19:00,120.628,120.628,120.612,120.621,4
2018-07-04 00:21:00,120.628,120.628,120.612,120.621,7
2018-07-04 00:22:00,120.628,120.628,120.612,120.621,10
2018-07-04 00:23:00,120.612,120.628,120.612,120.621,7
2018-07-04 00:27:00,120.612,120.619,120.612,120.619,2
2018-07-04 00:31:00,120.628,120.628,120.619,120.619,2
2018-07-04 00:36:00,120.628,120.628,120.612,120.624,7
2018-07-04 00:52:00,120.612,120.628,120.612,120.621,20
2018-07-04 00:53:00,120.628,120.628,120.619,120.619,2
2018-07-04 01:01:00,120.612,120.628,120.612,120.621,7
2018-07-04 01:05:00,120.612,120.612,120.596,120.605,12
2018-07-04 01:06:00,120.612,120.612,120.596,120.605,12
2018-07-04 01:15:00,120.596,120.612,120.596,120.596,7
2018-07-04 01:16:00,120.596,120.612,120.596,120.603,22
2018-07-04 01:24:00,120.581,120.596,120.581,120.589,9
2018-07-04 01:28:00,120.581,120.581,120.573,120.573,4
2018-07-04 01:31:00,120.565,120.574,120.565,120.574,2
2018-07-04 01:33:00,120.549,120.558,120.534,120.558,13
2018-07-04 01:34:00,120.534,120.549,120.534,120.542,6
2018-07-04 01:37:00,120.534,120.549,120.534,120.541,21
2018-07-04 01:38:00,120.549,120.549,120.541,120.541,2
2018-07-04 01:44:00,120.549,120.549,120.534,120.542,16
2018-07-04 01:56:00,120.549,120.565,120.549,120.556,10
2018-07-04 01:58:00,120.549,120.565,120.549,120.556,6
2018-07-04 02:03:00,120.565,120.565,120.556,120.556,2
2018-07-04 02:11:00,120.549,120.565,120.549,120.558,11
2018-07-04 02:12:00,120.565,120.565,120.549,120.552,19
2018-07-04 02:18:00,120.565,120.58,120.565,120.572,8
2018-07-04 02:28:00,120.58,120.58,120.565,120.572,86
2018-07-04 02:44:00,120.565,120.573,120.565,120.573,2
2018-07-04 03:21:00,120.58,120.58,120.572,120.572,2
2018-07-04 03:29:00,120.58,120.58,120.565,120.573,20
2018-07-04 03:31:00,120.58,120.58,120.565,120.573,5
2018-07-04 03:32:00,120.58,120.58,120.565,120.573,7
2018-07-04 03:37:00,120.58,120.58,120.565,120.576,6
2018-07-04 03:40:00,120.565,120.576,120.565,120.576,4
2018-07-04 03:41:00,120.58,120.58,120.565,120.568,8
2018-07-04 03:44:00,120.565,120.573,120.565,120.573,7
2018-07-04 03:46:00,120.565,120.58,120.565,120.572,6
2018-07-04 03:47:00,120.58,120.58,120.572,120.572,2
2018-07-04 03:49:00,120.565,120.573,120.565,120.573,2
2018-07-04 03:50:00,120.58,120.58,120.572,120.572,2
2018-07-04 03:54:00,120.58,120.58,120.565,120.573,4
2018-07-04 04:01:00,120.58,120.58,120.565,120.573,5
2018-07-04 04:05:00,120.58,120.58,120.565,120.573,4
2018-07-04 04:10:00,120.565,120.573,120.565,120.573,2
2018-07-04 04:47:00,120.564,120.564,120.557,120.557,7
2018-07-04 04:48:00,120.549,120.557,120.549,120.557,3
2018-07-04 04:53:00,120.564,120.564,120.549,120.552,28
2018-07-04 05:00:00,120.564,120.564,120.549,120.557,4
2018-07-04 05:01:00,120.549,120.556,120.549,120.553,3
2018-07-04 05:05:00,120.564,120.564,120.556,120.556,2
2018-07-04 05:07:00,120.549,120.557,120.549,120.557,2
2018-07-04 05:08:00,120.549,120.564,120.549,120.556,4
2018-07-04 05:31:00,120.564,120.564,120.556,120.556,3
2018-07-04 05:34:00,120.564,120.564,120.549,120.557,8
2018-07-04 06:08:00,120.564,120.58,120.564,120.568,15
2018-07-04 06:09:00,120.564,120.58,120.564,120.58,9
2018-07-04 06:19:00,120.564,120.58,120.564,120.571,28
2018-07-04 06:21:00,120.564,120.58,120.564,120.568,10
2018-07-04 06:22:00,120.564,120.572,120.564,120.568,4
2018-07-04 06:25:00,120.58,120.58,120.571,120.571,2
2018-07-04 06:26:00,120.564,120.573,120.564,120.573,6
2018-07-04 06:27:00,120.58,120.58,120.564,120.568,16
2018-07-04 06:30:00,120.58,120.58,120.564,120.573,5
2018-07-04 06:31:00,120.564,120.573,120.564,120.573,2
2018-07-04 06:32:00,120.564,120.58,120.564,120.568,12
2018-07-04 06:42:00,120.58,120.58,120.564,120.571,6
2018-07-04 07:02:00,120.58,120.58,120.564,120.576,6
2018-07-04 07:03:00,120.564,120.58,120.564,120.576,22
2018-07-04 07:06:00,120.58,120.58,120.571,120.571,2
2018-07-04 07:12:00,120.564,120.58,120.564,120.576,22
2018-07-04 07:19:00,120.58,120.58,120.564,120.571,12
2018-07-04 07:24:00,120.595,120.595,120.587,120.587,16
2018-07-04 07:29:00,120.58,120.58,120.58,120.58,1
2018-07-04 07:40:00,120.58,120.595,120.58,120.587,18
2018-07-04 07:47:00,120.58,120.595,120.58,120.583,6
2018-07-04 07:51:00,120.58,120.595,120.58,120.587,19
2018-07-04 07:52:00,120.595,120.595,120.58,120.587,20
2018-07-04 07:54:00,120.595,120.611,120.595,120.602,8
2018-07-04 08:21:00,120.627,120.627,120.595,120.602,31
2018-07-04 08:30:00,120.611,120.622,120.611,120.622,6
2018-07-04 08:32:00,120.595,120.611,120.595,120.604,35
2018-07-04 08:34:00,120.595,120.595,120.579,120.588,19
2018-07-04 08:40:00,120.579,120.595,120.579,120.588,8
2018-07-04 08:49:00,120.564,120.572,120.564,120.572,2
2018-07-04 08:57:00,120.564,120.579,120.564,120.568,11
2018-07-04 09:00:00,120.579,120.579,120.568,120.568,3
2018-07-04 09:12:00,120.564,120.572,120.564,120.572,2
2018-07-04 09:14:00,120.564,120.579,120.564,120.571,58
2018-07-04 09:15:00,120.579,120.579,120.564,120.571,59
2018-07-04 09:17:00,120.564,120.579,120.564,120.576,18
2018-07-04 09:19:00,120.564,120.579,120.564,120.571,58
2018-07-04 09:20:00,120.579,120.579,120.564,120.571,30
2018-07-04 09:33:00,120.595,120.595,120.586,120.586,2
2018-07-04 10:19:00,120.579,120.588,120.579,120.588,2
2018-07-04 10:34:00,120.579,120.579,120.563,120.572,8
2018-07-04 10:42:00,120.563,120.579,120.563,120.572,39
2018-07-04 10:44:00,120.579,120.579,120.576,120.576,2
2018-07-04 10:52:00,120.579,120.579,120.563,120.572,23
2018-07-04 10:53:00,120.579,120.579,120.563,120.568,6
2018-07-04 10:54:00,120.563,120.579,120.563,120.572,16
2018-07-04 10:56:00,120.579,120.579,120.571,120.571,2
2018-07-04 10:59:00,120.563,120.572,120.563,120.572,2
2018-07-04 11:00:00,120.563,120.579,120.563,120.571,4
2018-07-04 11:07:00,120.548,120.556,120.548,120.556,2
2018-07-04 11:16:00,120.548,120.563,120.548,120.555,5
2018-07-04 11:17:00,120.563,120.563,120.555,120.555,2
2018-07-04 11:19:00,120.548,120.563,120.548,120.556,16
2018-07-04 11:20:00,120.563,120.563,120.555,120.555,2
2018-07-04 11:40:00,120.579,120.579,120.57,120.57,2
2018-07-04 12:00:00,120.563,120.579,120.563,120.575,9
2018-07-04 12:04:00,120.579,120.579,120.57,120.57,2
2018-07-04 12:07:00,120.563,120.572,120.563,120.572,3
2018-07-04 12:16:00,120.579,120.579,120.57,120.57,2
2018-07-04 13:27:00,120.594,120.594,120.586,120.586,2
2018-07-04 13:28:00,120.579,120.587,120.579,120.587,2
2018-07-04 13:30:00,120.594,120.594,120.586,120.586,2
2018-07-04 13:31:00,120.579,120.587,120.579,120.587,2
2018-07-04 13:36:00,120.594,120.594,120.586,120.586,3
2018-07-04 13:50:00,120.594,120.594,120.579,120.587,4
2018-07-04 13:59:00,120.594,120.594,120.579,120.59,8
2018-07-04 14:10:00,120.579,120.579,120.579,120.579,1
2018-07-04 14:22:00,120.563,120.571,120.563,120.571,2
2018-07-04 14:29:00,120.547,120.556,120.547,120.556,2
2018-07-04 14:52:00,120.547,120.547,120.531,120.54,5
2018-07-04 14:58:00,120.563,120.563,120.554,120.554,2
2018-07-04 15:10:00,120.547,120.558,120.547,120.558,4
2018-07-04 15:13:00,120.563,120.563,120.551,120.551,3
2018-07-04 15:14:00,120.547,120.559,120.547,120.559,3
2018-07-04 15:15:00,120.547,120.563,120.547,120.55,6
2018-07-04 15:16:00,120.563,120.563,120.55,120.55,4
2018-07-04 15:17:00,120.547,120.559,120.547,120.559,3
2018-07-04 15:18:00,120.563,120.563,120.551,120.551,3
2018-07-04 15:19:00,120.547,120.559,120.547,120.559,3
2018-07-04 15:20:00,120.563,120.563,120.554,120.554,2
2018-07-04 15:22:00,120.563,120.563,120.547,120.558,6
2018-07-04 16:21:00,120.547,120.555,120.547,120.555,3
2018-07-04 16:25:00,120.531,120.54,120.531,120.54,2
2018-07-04 16:26:00,120.547,120.547,120.531,120.538,10
2018-07-04 16:28:00,120.531,120.543,120.531,120.543,3
2018-07-04 16:29:00,120.547,120.547,120.538,120.538,2
2018-07-04 16:34:00,120.562,120.562,120.547,120.55,8
2018-07-04 16:40:00,120.547,120.555,120.547,120.555,2
2018-07-04 16:46:00,120.562,120.562,120.55,120.55,4
2018-07-04 16:50:00,120.547,120.558,120.547,120.558,4
2018-07-04 16:54:00,120.531,120.54,120.531,120.54,2
2018-07-04 16:56:00,120.547,120.547,120.534,120.534,8
2018-07-04 16:58:00,120.547,120.547,120.531,120.543,6
2018-07-04 16:59:00,120.547,120.547,120.547,120.547,1
2018-07-04 22:00:00,120.547,120.547,120.547,120.547,1
2018-07-04 22:01:00,120.577,120.577,120.55,120.55,3
2018-07-04 22:03:00,120.562,120.577,120.562,120.57,16
2018-07-04 22:07:00,120.546,120.554,120.546,120.554,2
2018-07-04 22:39:00,120.561,120.561,120.553,120.553,3
2018-07-04 22:45:00,120.561,120.577,120.561,120.569,15
2018-07-04 23:25:00,120.577,120.577,120.569,120.569,2
2018-07-05 00:02:00,120.561,120.561,120.561,120.561,1
2018-07-05 00:08:00,120.546,120.561,120.546,120.557,81
2018-07-05 00:09:00,120.546,120.546,120.53,120.538,27
2018-07-05 00:10:00,120.53,120.546,120.53,120.538,18
2018-07-05 00:11:00,120.546,120.546,120.53,120.537,6
2018-07-05 00:12:00,120.546,120.546,120.53,120.538,5
2018-07-05 00:13:00,120.53,120.534,120.53,120.534,2
2018-07-05 00:14:00,120.546,120.546,120.537,120.537,2
2018-07-05 00:17:00,120.546,120.546,120.53,120.538,11
2018-07-05 00:18:00,120.53,120.542,120.53,120.538,4
2018-07-05 00:19:00,120.53,120.546,120.53,120.537,6
2018-07-05 00:21:00,120.53,120.546,120.53,120.537,4
2018-07-05 00:29:00,120.546,120.546,120.537,120.537,2
2018-07-05 00:30:00,120.53,120.538,120.53,120.538,2
2018-07-05 00:34:00,120.53,120.546,120.53,120.537,11
2018-07-05 00:35:00,120.546,120.546,120.537,120.537,6
2018-07-05 00:38:00,120.53,120.538,120.53,120.538,2
2018-07-05 00:39:00,120.546,120.546,120.53,120.537,12
2018-07-05 00:40:00,120.53,120.538,120.53,120.538,2
2018-07-05 00:47:00,120.545,120.545,120.53,120.534,49
2018-07-05 00:48:00,120.545,120.545,120.53,120.538,14
2018-07-05 00:52:00,120.561,120.561,120.545,120.553,19
2018-07-05 00:54:00,120.577,120.577,120.565,120.565,4
2018-07-05 00:55:00,120.561,120.577,120.561,120.57,18
2018-07-05 00:56:00,120.561,120.577,120.561,120.568,10
2018-07-05 00:58:00,120.577,120.577,120.561,120.568,14
2018-07-05 01:02:00,120.577,120.577,120.561,120.57,20
2018-07-05 01:07:00,120.577,120.577,120.561,120.57,10
2018-07-05 01:08:00,120.577,120.577,120.561,120.57,11
2018-07-05 01:09:00,120.577,120.577,120.561,120.57,4
2018-07-05 01:15:00,120.561,120.57,120.561,120.57,2
2018-07-05 01:18:00,120.577,120.577,120.561,120.568,15
2018-07-05 01:19:00,120.561,120.577,120.561,120.57,20
2018-07-05 01:20:00,120.577,120.592,120.564,120.564,13
2018-07-05 01:23:00,120.561,120.57,120.561,120.57,2
2018-07-05 01:24:00,120.561,120.577,120.561,120.568,4
2018-07-05 01:25:00,120.561,120.577,120.561,120.565,12
2018-07-05 01:26:00,120.561,120.577,120.561,120.568,4
2018-07-05 01:27:00,120.577,120.577,120.568,120.568,2
2018-07-05 01:28:00,120.561,120.57,120.561,120.57,2
2018-07-05 01:29:00,120.561,120.577,120.561,120.564,34
2018-07-05 01:30:00,120.577,120.577,120.568,120.568,2
2018-07-05 01:31:00,120.561,120.57,120.561,120.57,2
2018-07-05 01:32:00,120.561,120.577,120.561,120.568,4
2018-07-05 01:35:00,120.545,120.558,120.545,120.558,4
2018-07-05 01:36:00,120.545,120.545,120.53,120.538,4
2018-07-05 01:37:00,120.545,120.545,120.53,120.538,19
2018-07-05 01:38:00,120.53,120.545,120.53,120.538,7
2018-07-05 01:39:00,120.53,120.545,120.53,120.533,8
2018-07-05 01:40:00,120.53,120.545,120.53,120.537,23
2018-07-05 01:41:00,120.545,120.545,120.537,120.537,2
2018-07-05 01:46:00,120.561,120.561,120.55,120.55,3
2018-07-05 02:33:00,120.576,120.576,120.568,120.568,2
2018-07-05 02:34:00,120.576,120.576,120.561,120.569,69
2018-07-05 02:35:00,120.561,120.576,120.561,120.569,10
2018-07-05 02:36:00,120.561,120.576,120.561,120.568,19
2018-07-05 02:42:00,120.561,120.576,120.561,120.576,3
2018-07-05 02:54:00,120.545,120.561,120.545,120.554,37
2018-07-05 02:55:00,120.545,120.561,120.545,120.552,10
2018-07-05 02:57:00,120.545,120.561,120.545,120.548,6
2018-07-05 02:59:00,120.545,120.561,120.545,120.552,4
2018-07-05 03:09:00,120.545,120.561,120.545,120.552,20
2018-07-05 03:19:00,120.545,120.561,120.545,120.552,4
2018-07-05 03:25:00,120.545,120.561,120.545,120.552,8
2018-07-05 03:29:00,120.561,120.561,120.548,120.548,3
2018-07-05 03:42:00,120.561,120.564,120.561,120.564,2
2018-07-05 03:54:00,120.561,120.576,120.561,120.568,12
2018-07-05 03:55:00,120.561,120.576,120.561,120.568,4
2018-07-05 03:56:00,120.576,120.576,120.568,120.568,2
2018-07-05 04:15:00,120.561,120.572,120.561,120.572,4
2018-07-05 04:18:00,120.561,120.576,120.561,120.568,52
2018-07-05 04:19:00,120.576,120.576,120.561,120.564,10
2018-07-05 04:20:00,120.576,120.576,120.561,120.572,6
2018-07-05 04:27:00,120.576,120.576,120.561,120.569,48
2018-07-05 04:28:00,120.576,120.576,120.561,120.561,5
2018-07-05 04:39:00,120.576,120.576,120.56,120.569,4
2018-07-05 04:56:00,120.56,120.576,120.56,120.569,18
2018-07-05 04:57:00,120.56,120.576,120.56,120.568,24
2018-07-05 04:58:00,120.576,120.576,120.568,120.568,2
2018-07-05 04:59:00,120.576,120.576,120.56,120.569,16
2018-07-05 05:00:00,120.56,120.576,120.56,120.569,52
2018-07-05 05:01:00,120.56,120.576,120.56,120.568,21
2018-07-05 05:02:00,120.56,120.576,120.56,120.568,10
2018-07-05 05:04:00,120.576,120.576,120.568,120.568,2
2018-07-05 05:08:00,120.576,120.583,120.576,120.583,2
2018-07-05 05:11:00,120.576,120.592,120.576,120.583,18
2018-07-05 05:12:00,120.592,120.592,120.576,120.588,12
2018-07-05 05:13:00,120.592,120.592,120.576,120.588,7
2018-07-05 05:14:00,120.592,120.592,120.576,120.588,9
2018-07-05 05:15:00,120.592,120.592,120.576,120.585,32
2018-07-05 05:16:00,120.592,120.592,120.585,120.585,2
2018-07-05 05:17:00,120.576,120.585,120.576,120.585,2
2018-07-05 05:18:00,120.576,120.592,120.576,120.583,4
2018-07-05 05:19:00,120.592,120.592,120.576,120.58,14
2018-07-05 05:20:00,120.576,120.588,120.576,120.588,8
2018-07-05 05:24:00,120.576,120.592,120.576,120.583,4
2018-07-05 05:34:00,120.56,120.576,120.56,120.569,34
2018-07-05 05:44:00,120.56,120.56,120.545,120.557,28
2018-07-05 05:45:00,120.545,120.56,120.545,120.553,40
2018-07-05 05:47:00,120.545,120.545,120.529,120.538,4
2018-07-05 05:48:00,120.545,120.545,120.529,120.538,14
2018-07-05 05:49:00,120.529,120.545,120.529,120.538,16
2018-07-05 05:55:00,120.513,120.522,120.498,120.522,8
2018-07-05 05:56:00,120.498,120.513,120.498,120.506,7
2018-07-05 05:57:00,120.513,120.513,120.498,120.502,8
2018-07-05 05:59:00,120.498,120.51,120.498,120.51,4
2018-07-05 06:00:00,120.482,120.498,120.482,120.49,12
2018-07-05 06:02:00,120.498,120.498,120.489,120.489,2
2018-07-05 06:03:00,120.513,120.513,120.498,120.505,28
2018-07-05 06:04:00,120.513,120.513,120.498,120.506,17
2018-07-05 06:09:00,120.513,120.513,120.498,120.506,10
2018-07-05 06:15:00,120.529,120.529,120.52,120.52,2
2018-07-05 06:17:00,120.529,120.529,120.513,120.526,6
2018-07-05 06:22:00,120.545,120.545,120.536,120.536,2
2018-07-05 06:29:00,120.529,120.537,120.529,120.537,2
2018-07-05 06:31:00,120.545,120.545,120.529,120.536,6
2018-07-05 06:33:00,120.545,120.545,120.529,120.537,3
2018-07-05 06:37:00,120.545,120.56,120.529,120.537,23
2018-07-05 06:39:00,120.529,120.537,120.529,120.537,2
2018-07-05 06:42:00,120.513,120.522,120.513,120.522,2
2018-07-05 06:43:00,120.497,120.513,120.497,120.506,13
2018-07-05 06:44:00,120.482,120.497,120.482,120.494,51
2018-07-05 06:46:00,120.497,120.497,120.482,120.489,31
2018-07-05 06:58:00,120.497,120.497,120.482,120.49,5
2018-07-05 07:00:00,120.482,120.497,120.482,120.49,52
2018-07-05 07:17:00,120.466,120.482,120.466,120.478,15
2018-07-05 07:19:00,120.466,120.482,120.466,120.47,14
2018-07-05 07:21:00,120.482,120.482,120.466,120.473,55
2018-07-05 07:24:00,120.482,120.482,120.466,120.475,6
2018-07-05 07:26:00,120.466,120.482,120.466,120.475,10
2018-07-05 07:27:00,120.482,120.482,120.473,120.473,2
2018-07-05 07:28:00,120.482,120.482,120.466,120.478,5
2018-07-05 07:30:00,120.466,120.482,120.466,120.478,8
2018-07-05 07:31:00,120.482,120.482,120.466,120.473,8
2018-07-05 07:38:00,120.482,120.482,120.466,120.475,4
2018-07-05 07:39:00,120.466,120.482,120.466,120.475,28
2018-07-05 07:41:00,120.482,120.482,120.473,120.473,2
2018-07-05 07:42:00,120.466,120.482,120.466,120.475,8
2018-07-05 07:47:00,120.45,120.459,120.45,120.459,2
2018-07-05 07:50:00,120.45,120.45,120.435,120.443,4
2018-07-05 07:51:00,120.435,120.45,120.435,120.446,9
2018-07-05 07:54:00,120.45,120.45,120.435,120.442,19
2018-07-05 07:55:00,120.45,120.45,120.435,120.442,9
2018-07-05 07:56:00,120.435,120.443,120.435,120.443,2
2018-07-05 07:57:00,120.435,120.45,120.435,120.442,4
2018-07-05 07:58:00,120.45,120.45,120.438,120.438,9
2018-07-05 07:59:00,120.435,120.45,120.435,120.443,6
2018-07-05 08:01:00,120.45,120.45,120.435,120.442,8
2018-07-05 08:02:00,120.435,120.443,120.435,120.443,3
2018-07-05 08:03:00,120.45,120.45,120.435,120.442,6
2018-07-05 08:04:00,120.45,120.45,120.443,120.443,6
2018-07-05 08:07:00,120.435,120.443,120.435,120.443,2
2018-07-05 08:08:00,120.435,120.45,120.435,120.442,5
2018-07-05 08:16:00,120.45,120.45,120.435,120.442,22
2018-07-05 08:17:00,120.45,120.45,120.435,120.443,16
2018-07-05 08:19:00,120.45,120.45,120.435,120.443,14
2018-07-05 08:20:00,120.435,120.45,120.435,120.443,6
2018-07-05 08:21:00,120.45,120.45,120.442,120.442,2
2018-07-05 08:22:00,120.45,120.45,120.435,120.443,12
2018-07-05 08:23:00,120.435,120.443,120.435,120.443,2
2018-07-05 08:26:00,120.45,120.45,120.442,120.442,2
2018-07-05 08:27:00,120.435,120.443,120.435,120.443,2
2018-07-05 08:28:00,120.45,120.45,120.435,120.442,6
2018-07-05 08:29:00,120.435,120.446,120.435,120.446,4
2018-07-05 08:32:00,120.45,120.45,120.442,120.442,2
2018-07-05 08:33:00,120.45,120.45,120.435,120.446,5
2018-07-05 08:47:00,120.435,120.443,120.435,120.443,2
2018-07-05 08:55:00,120.419,120.434,120.419,120.427,13
2018-07-05 08:58:00,120.434,120.434,120.419,120.426,6
2018-07-05 09:07:00,120.434,120.45,120.434,120.442,4
2018-07-05 09:11:00,120.45,120.45,120.434,120.442,12
2018-07-05 09:18:00,120.434,120.446,120.434,120.446,4
2018-07-05 09:21:00,120.45,120.45,120.438,120.438,3
2018-07-05 09:22:00,120.45,120.45,120.434,120.446,5
2018-07-05 09:23:00,120.434,120.45,120.434,120.446,12
2018-07-05 09:24:00,120.45,120.45,120.442,120.442,2
2018-07-05 09:37:00,120.434,120.443,120.434,120.443,2
2018-07-05 09:43:00,120.419,120.434,120.419,120.43,46
2018-07-05 09:45:00,120.403,120.419,120.403,120.415,21
2018-07-05 09:57:00,120.419,120.419,120.41,120.41,2
2018-07-05 10:13:00,120.434,120.434,120.419,120.426,12
2018-07-05 10:30:00,120.45,120.45,120.441,120.441,2
2018-07-05 10:50:00,120.465,120.465,120.457,120.457,2
2018-07-05 10:51:00,120.45,120.458,120.45,120.458,2
2018-07-05 10:55:00,120.465,120.465,120.457,120.457,2
2018-07-05 10:58:00,120.45,120.462,120.45,120.462,3
2018-07-05 11:02:00,120.465,120.465,120.454,120.454,4
2018-07-05 11:03:00,120.45,120.465,120.45,120.458,12
2018-07-05 11:09:00,120.45,120.465,120.45,120.457,5
2018-07-05 11:15:00,120.434,120.443,120.434,120.443,2
2018-07-05 11:18:00,120.434,120.45,120.434,120.438,13
2018-07-05 11:22:00,120.45,120.45,120.434,120.441,17
2018-07-05 11:23:00,120.45,120.45,120.434,120.443,5
2018-07-05 11:24:00,120.45,120.45,120.434,120.438,11
2018-07-05 11:45:00,120.434,120.446,120.434,120.446,4
2018-07-05 11:52:00,120.418,120.434,120.418,120.427,71
2018-07-05 11:59:00,120.418,120.418,120.403,120.411,24
2018-07-05 12:00:00,120.418,120.418,120.403,120.411,10
2018-07-05 12:03:00,120.434,120.434,120.425,120.425,3
2018-07-05 12:04:00,120.434,120.45,120.434,120.438,10
2018-07-05 12:07:00,120.434,120.45,120.434,120.441,15
2018-07-05 12:08:00,120.434,120.45,120.434,120.438,6
2018-07-05 12:09:00,120.434,120.45,120.434,120.441,5
2018-07-05 12:11:00,120.45,120.45,120.434,120.438,16
2018-07-05 12:14:00,120.45,120.465,120.45,120.457,120
2018-07-05 12:15:00,120.465,120.481,120.45,120.454,33
2018-07-05 12:17:00,120.481,120.481,120.469,120.469,3
2018-07-05 12:18:00,120.465,120.481,120.465,120.474,24
2018-07-05 12:19:00,120.465,120.481,120.465,120.469,28
2018-07-05 12:20:00,120.465,120.481,120.465,120.472,9
2018-07-05 12:22:00,120.434,120.465,120.434,120.458,50
2018-07-05 12:23:00,120.45,120.465,120.434,120.438,31
2018-07-05 12:25:00,120.465,120.465,120.45,120.453,38
2018-07-05 12:26:00,120.465,120.481,120.465,120.472,4
2018-07-05 12:27:00,120.481,120.481,120.465,120.472,7
2018-07-05 12:31:00,120.481,120.497,120.481,120.484,75
2018-07-05 12:32:00,120.497,120.497,120.488,120.488,2
2018-07-05 12:34:00,120.497,120.512,120.497,120.504,10
2018-07-05 12:35:00,120.512,120.512,120.497,120.5,10
2018-07-05 12:36:00,120.512,120.512,120.497,120.505,5
2018-07-05 12:37:00,120.512,120.512,120.497,120.508,15
2018-07-05 12:38:00,120.512,120.512,120.497,120.505,4
2018-07-05 12:39:00,120.512,120.528,120.512,120.516,22
2018-07-05 12:45:00,120.512,120.512,120.497,120.505,4
2018-07-05 12:47:00,120.496,120.505,120.496,120.505,3
2018-07-05 12:48:00,120.481,120.496,120.481,120.489,16
2018-07-05 12:49:00,120.481,120.496,120.481,120.484,10
2018-07-05 12:50:00,120.481,120.496,120.481,120.488,5
2018-07-05 12:53:00,120.512,120.512,120.484,120.484,5
2018-07-05 12:57:00,120.496,120.505,120.496,120.505,2
2018-07-05 12:58:00,120.512,120.512,120.504,120.504,2
2018-07-05 13:03:00,120.528,120.528,120.519,120.519,2
2018-07-05 13:06:00,120.543,120.543,120.532,120.532,4
2018-07-05 13:08:00,120.559,120.559,120.551,120.551,2
2018-07-05 13:09:00,120.543,120.559,120.543,120.552,34
2018-07-05 13:10:00,120.543,120.559,120.543,120.547,23
2018-07-05 13:11:00,120.528,120.54,120.528,120.54,4
2018-07-05 13:17:00,120.543,120.543,120.528,120.535,21
2018-07-05 13:19:00,120.543,120.559,120.543,120.551,4
2018-07-05 13:20:00,120.559,120.559,120.551,120.551,2
2018-07-05 13:21:00,120.575,120.575,120.559,120.566,22
2018-07-05 13:22:00,120.559,120.575,120.559,120.571,43
2018-07-05 13:23:00,120.575,120.575,120.559,120.566,17
2018-07-05 13:26:00,120.59,120.59,120.575,120.582,7
2018-07-05 13:28:00,120.59,120.606,120.59,120.594,6
2018-07-05 13:29:00,120.59,120.598,120.59,120.598,4
2018-07-05 13:30:00,120.559,120.583,120.559,120.583,6
2018-07-05 13:31:00,120.575,120.575,120.559,120.566,18
2018-07-05 13:32:00,120.59,120.59,120.575,120.578,45
2018-07-05 13:33:00,120.59,120.606,120.59,120.597,55
2018-07-05 13:34:00,120.606,120.606,120.594,120.594,3
2018-07-05 13:35:00,120.606,120.622,120.606,120.61,28
2018-07-05 13:36:00,120.59,120.622,120.59,120.613,21
2018-07-05 13:37:00,120.606,120.622,120.59,120.597,26
2018-07-05 13:38:00,120.606,120.622,120.606,120.61,9
2018-07-05 13:41:00,120.622,120.622,120.613,120.613,2
2018-07-05 13:42:00,120.606,120.622,120.606,120.615,26
2018-07-05 13:43:00,120.606,120.622,120.606,120.613,5
2018-07-05 13:45:00,120.622,120.622,120.613,120.613,2
2018-07-05 13:46:00,120.637,120.637,120.625,120.625,3
2018-07-05 13:47:00,120.622,120.637,120.622,120.634,16
2018-07-05 13:48:00,120.622,120.637,120.622,120.629,13
2018-07-05 13:49:00,120.622,120.637,120.622,120.629,9
2018-07-05 13:50:00,120.622,120.637,120.622,120.629,9
2018-07-05 13:52:00,120.606,120.622,120.606,120.618,67
2018-07-05 13:53:00,120.606,120.622,120.606,120.61,16
2018-07-05 13:54:00,120.606,120.622,120.606,120.613,25
2018-07-05 13:55:00,120.622,120.622,120.613,120.613,2
2018-07-05 13:56:00,120.606,120.622,120.606,120.614,7
2018-07-05 13:57:00,120.606,120.622,120.606,120.61,47
2018-07-05 13:59:00,120.575,120.599,120.575,120.599,6
2018-07-05 14:00:00,120.606,120.606,120.575,120.578,19
2018-07-05 14:01:00,120.59,120.602,120.575,120.602,8
2018-07-05 14:02:00,120.59,120.606,120.59,120.597,51
2018-07-05 14:03:00,120.575,120.583,120.575,120.583,2
2018-07-05 14:04:00,120.59,120.59,120.575,120.582,32
2018-07-05 14:05:00,120.606,120.606,120.59,120.606,15
2018-07-05 14:06:00,120.59,120.606,120.59,120.599,27
2018-07-05 14:08:00,120.59,120.606,120.59,120.597,12
2018-07-05 14:09:00,120.575,120.59,120.575,120.587,9
2018-07-05 14:10:00,120.59,120.59,120.575,120.582,9
2018-07-05 14:11:00,120.606,120.606,120.59,120.597,8
2018-07-05 14:12:00,120.606,120.606,120.59,120.599,4
2018-07-05 14:13:00,120.622,120.622,120.613,120.613,6
2018-07-05 14:14:00,120.622,120.622,120.606,120.614,26
2018-07-05 14:15:00,120.622,120.637,120.622,120.629,18
2018-07-05 14:16:00,120.637,120.637,120.622,120.625,34
2018-07-05 14:17:00,120.637,120.637,120.622,120.63,36
2018-07-05 14:18:00,120.637,120.637,120.622,120.63,18
2018-07-05 14:20:00,120.637,120.653,120.637,120.644,31
2018-07-05 14:23:00,120.653,120.653,120.637,120.64,26
2018-07-05 14:24:00,120.653,120.653,120.637,120.646,12
2018-07-05 14:27:00,120.653,120.669,120.637,120.65,11
2018-07-05 14:28:00,120.653,120.669,120.653,120.66,11
2018-07-05 14:32:00,120.653,120.653,120.637,120.646,28
2018-07-05 14:34:00,120.669,120.669,120.66,120.66,2
2018-07-05 14:35:00,120.684,120.684,120.676,120.676,2
2018-07-05 14:37:00,120.669,120.677,120.669,120.677,3
2018-07-05 14:38:00,120.637,120.661,120.637,120.661,12
2018-07-05 14:39:00,120.637,120.653,120.637,120.641,23
2018-07-05 14:40:00,120.637,120.653,120.637,120.644,36
2018-07-05 14:45:00,120.621,120.63,120.621,120.63,3
2018-07-05 14:50:00,120.637,120.637,120.629,120.629,2
2018-07-05 14:51:00,120.637,120.637,120.621,120.63,5
2018-07-05 14:54:00,120.653,120.653,120.641,120.641,3
2018-07-05 14:55:00,120.668,120.668,120.66,120.66,2
2018-07-05 15:00:00,120.684,120.684,120.668,120.676,7
2018-07-05 15:01:00,120.7,120.7,120.684,120.691,4
2018-07-05 15:05:00,120.715,120.715,120.707,120.707,3
2018-07-05 15:07:00,120.715,120.731,120.715,120.723,4
2018-07-05 15:08:00,120.7,120.708,120.7,120.708,2
2018-07-05 15:10:00,120.684,120.693,120.684,120.693,2
2018-07-05 15:11:00,120.7,120.7,120.691,120.691,2
2018-07-05 15:13:00,120.7,120.7,120.684,120.696,29
2018-07-05 15:14:00,120.7,120.7,120.684,120.693,6
2018-07-05 15:15:00,120.684,120.7,120.684,120.696,13
2018-07-05 15:16:00,120.684,120.7,120.684,120.691,12
2018-07-05 15:17:00,120.7,120.7,120.684,120.691,9
2018-07-05 15:18:00,120.7,120.7,120.684,120.693,10
2018-07-05 15:19:00,120.7,120.715,120.7,120.707,8
2018-07-05 15:22:00,120.715,120.715,120.707,120.707,2
2018-07-05 15:23:00,120.7,120.715,120.7,120.708,10
2018-07-05 15:27:00,120.684,120.693,120.684,120.693,2
2018-07-05 15:30:00,120.668,120.677,120.668,120.677,2
2018-07-05 15:31:00,120.653,120.668,120.653,120.661,21
2018-07-05 15:34:00,120.653,120.668,120.653,120.656,26
2018-07-05 15:37:00,120.668,120.668,120.653,120.66,6
2018-07-05 15:38:00,120.653,120.668,120.653,120.665,20
2018-07-05 15:44:00,120.637,120.646,120.637,120.646,5
2018-07-05 15:46:00,120.637,120.637,120.621,120.633,18
2018-07-05 15:51:00,120.621,120.63,120.621,120.63,2
2018-07-05 15:53:00,120.637,120.637,120.621,120.628,13
2018-07-05 15:58:00,120.637,120.653,120.637,120.644,6
2018-07-05 15:59:00,120.653,120.653,120.644,120.644,2
2018-07-05 16:00:00,120.668,120.668,120.653,120.656,8
2018-07-05 16:01:00,120.653,120.668,120.653,120.664,10
2018-07-05 16:03:00,120.621,120.645,120.606,120.645,57
2018-07-05 16:04:00,120.621,120.621,120.606,120.618,7
2018-07-05 16:05:00,120.606,120.614,120.606,120.614,2
2018-07-05 16:06:00,120.621,120.621,120.613,120.613,2
2018-07-05 16:08:00,120.637,120.637,120.628,120.628,3
2018-07-05 16:10:00,120.637,120.653,120.637,120.641,7
2018-07-05 16:17:00,120.621,120.63,120.621,120.63,2
2018-07-05 16:19:00,120.637,120.637,120.625,120.625,3
2018-07-05 16:20:00,120.637,120.637,120.621,120.634,12
2018-07-05 16:23:00,120.637,120.653,120.637,120.644,6
2018-07-05 16:24:00,120.621,120.633,120.621,120.633,4
2018-07-05 16:25:00,120.621,120.621,120.606,120.614,18
2018-07-05 16:27:00,120.621,120.621,120.606,120.617,5
2018-07-05 16:28:00,120.621,120.637,120.621,120.628,6
2018-07-05 16:32:00,120.606,120.621,120.606,120.614,9
2018-07-05 16:33:00,120.606,120.621,120.606,120.613,36
2018-07-05 16:34:00,120.621,120.621,120.606,120.609,9
2018-07-05 16:35:00,120.621,120.621,120.606,120.618,6
2018-07-05 16:36:00,120.637,120.637,120.625,120.625,4
2018-07-05 16:37:00,120.621,120.637,120.621,120.633,29
2018-07-05 16:41:00,120.606,120.617,120.606,120.617,3
2018-07-05 16:44:00,120.621,120.621,120.613,120.613,2
2018-07-05 16:46:00,120.621,120.637,120.621,120.628,10
2018-07-05 16:47:00,120.637,120.637,120.624,120.624,3
2018-07-05 16:48:00,120.621,120.637,120.621,120.63,11
2018-07-05 16:49:00,120.637,120.637,120.621,120.628,31
2018-07-05 16:50:00,120.621,120.637,120.621,120.63,7
2018-07-05 16:54:00,120.621,120.637,120.621,120.628,14
2018-07-05 16:56:00,120.637,120.637,120.621,120.628,10
2018-07-05 16:57:00,120.621,120.63,120.621,120.63,2
2018-07-05 16:58:00,120.637,120.637,120.621,120.628,22
2018-07-05 16:59:00,120.621,120.637,120.621,120.633,6
2018-07-05 17:03:00,120.621,120.621,120.605,120.614,5
2018-07-05 17:04:00,120.605,120.621,120.605,120.617,10
2018-07-05 17:05:00,120.605,120.605,120.59,120.594,8
2018-07-05 17:08:00,120.59,120.605,120.59,120.598,18
2018-07-05 17:32:00,120.59,120.605,120.59,120.601,15
2018-07-05 17:37:00,120.59,120.605,120.59,120.597,4
2018-07-05 17:45:00,120.574,120.583,120.574,120.583,3
2018-07-05 17:46:00,120.59,120.59,120.574,120.578,7
2018-07-05 17:50:00,120.59,120.605,120.59,120.597,4
2018-07-05 17:56:00,120.605,120.605,120.59,120.597,63
2018-07-05 17:57:00,120.59,120.602,120.59,120.602,4
2018-07-05 17:58:00,120.605,120.605,120.605,120.605,1
2018-07-05 17:59:00,120.598,120.605,120.59,120.598,56
2018-07-05 18:00:00,120.574,120.605,120.574,120.594,72
2018-07-05 18:01:00,120.574,120.574,120.558,120.567,4
2018-07-05 18:02:00,120.605,120.605,120.581,120.581,28
2018-07-05 18:03:00,120.605,120.621,120.605,120.609,24
2018-07-05 18:04:00,120.605,120.621,120.605,120.61,7
2018-07-05 18:05:00,120.59,120.605,120.59,120.598,47
2018-07-05 18:06:00,120.59,120.59,120.574,120.586,6
2018-07-05 18:07:00,120.605,120.621,120.597,120.597,12
2018-07-05 18:08:00,120.621,120.621,120.605,120.609,12
2018-07-05 18:09:00,120.621,120.621,120.605,120.614,16
2018-07-05 18:10:00,120.637,120.652,120.628,120.628,14
2018-07-05 18:11:00,120.637,120.652,120.637,120.644,5
2018-07-05 18:12:00,120.621,120.629,120.621,120.629,2
2018-07-05 18:13:00,120.621,120.621,120.605,120.614,4
2018-07-05 18:16:00,120.59,120.614,120.59,120.614,4
2018-07-05 18:17:00,120.574,120.582,120.574,120.582,3
2018-07-05 18:25:00,120.574,120.574,120.558,120.567,28
2018-07-05 18:27:00,120.558,120.574,120.558,120.567,6
2018-07-05 18:28:00,120.558,120.574,120.558,120.562,5
2018-07-05 18:29:00,120.558,120.574,120.558,120.565,5
2018-07-05 18:30:00,120.558,120.574,120.558,120.565,17
2018-07-05 18:34:00,120.543,120.551,120.543,120.551,2
2018-07-05 18:36:00,120.558,120.558,120.55,120.55,2
2018-07-05 18:37:00,120.574,120.574,120.565,120.565,2
2018-07-05 18:39:00,120.574,120.59,120.574,120.581,4
2018-07-05 18:40:00,120.574,120.59,120.574,120.581,4
2018-07-05 18:43:00,120.59,120.59,120.574,120.581,6
2018-07-05 18:44:00,120.589,120.589,120.574,120.582,8
2018-07-05 18:45:00,120.574,120.582,120.574,120.582,2
2018-07-05 18:48:00,120.558,120.567,120.558,120.567,4
2018-07-05 18:53:00,120.542,120.554,120.542,120.554,4
2018-07-05 18:55:00,120.527,120.542,120.527,120.535,6
2018-07-05 18:57:00,120.527,120.542,120.527,120.534,4
2018-07-05 18:58:00,120.542,120.542,120.534,120.534,2
2018-07-05 18:59:00,120.558,120.558,120.55,120.55,2
2018-07-05 19:00:00,120.558,120.558,120.542,120.554,20
2018-07-05 19:01:00,120.542,120.558,120.542,120.542,7
2018-07-05 19:03:00,120.542,120.558,120.542,120.55,4
2018-07-05 19:04:00,120.542,120.558,120.542,120.55,4
2018-07-05 19:06:00,120.558,120.558,120.55,120.55,2
2018-07-05 19:20:00,120.574,120.574,120.565,120.565,2
2018-07-05 19:25:00,120.589,120.589,120.574,120.589,6
2018-07-05 19:28:00,120.589,120.605,120.589,120.597,4
2018-07-05 19:35:00,120.589,120.605,120.589,120.596,4
2018-07-05 19:46:00,120.605,120.605,120.596,120.596,11
2018-07-05 19:47:00,120.589,120.598,120.589,120.598,2
2018-07-05 19:48:00,120.589,120.605,120.589,120.596,9
2018-07-05 19:50:00,120.574,120.589,120.574,120.582,6
2018-07-05 19:58:00,120.589,120.589,120.581,120.581,2
2018-07-05 20:20:00,120.605,120.605,120.596,120.596,2
2018-07-05 20:22:00,120.605,120.605,120.589,120.598,25
2018-07-05 20:27:00,120.589,120.605,120.589,120.598,23
2018-07-05 20:28:00,120.605,120.605,120.589,120.596,16
2018-07-05 20:44:00,120.62,120.62,120.612,120.612,2
2018-07-05 20:54:00,120.62,120.636,120.62,120.628,74
2018-07-05 20:55:00,120.62,120.636,120.62,120.624,5
2018-07-05 20:56:00,120.636,120.636,120.62,120.624,39
2018-07-05 20:59:00,120.636,120.636,120.636,120.636,1
2018-07-05 22:00:00,120.652,120.652,120.652,120.652,1
2018-07-05 22:08:00,120.667,120.667,120.659,120.659,2
2018-07-05 22:09:00,120.667,120.683,120.667,120.674,10
2018-07-05 22:10:00,120.667,120.667,120.652,120.664,6
2018-07-05 22:13:00,120.652,120.66,120.652,120.66,2
2018-07-05 22:14:00,120.62,120.644,120.62,120.644,5
2018-07-05 22:15:00,120.636,120.636,120.624,120.624,3
2018-07-05 22:16:00,120.62,120.629,120.62,120.629,2
2018-07-05 22:28:00,120.636,120.636,120.62,120.627,6
2018-07-05 22:36:00,120.605,120.626,120.605,120.626,3
2018-07-05 23:02:00,120.604,120.604,120.589,120.6,16
2018-07-05 23:37:00,120.62,120.62,120.612,120.612,2
2018-07-05 23:45:00,120.62,120.636,120.62,120.627,14
2018-07-05 23:46:00,120.636,120.636,120.627,120.627,2
2018-07-05 23:47:00,120.62,120.629,120.62,120.629,2
2018-07-05 23:58:00,120.636,120.636,120.627,120.627,2
2018-07-06 00:00:00,120.651,120.651,120.64,120.64,3
2018-07-06 00:01:00,120.651,120.651,120.636,120.636,31
2018-07-06 00:03:00,120.636,120.648,120.636,120.648,3
2018-07-06 00:04:00,120.651,120.651,120.643,120.643,2
2018-07-06 00:06:00,120.651,120.651,120.636,120.648,6
2018-07-06 00:08:00,120.636,120.651,120.636,120.644,30
2018-07-06 00:10:00,120.62,120.636,120.62,120.628,11
2018-07-06 00:11:00,120.62,120.636,120.62,120.627,9
2018-07-06 00:13:00,120.604,120.636,120.604,120.624,14
2018-07-06 00:14:00,120.604,120.62,120.604,120.611,13
2018-07-06 00:17:00,120.604,120.62,120.604,120.608,28
2018-07-06 00:18:00,120.62,120.636,120.604,120.608,31
2018-07-06 00:31:00,120.604,120.613,120.604,120.613,2
2018-07-06 00:46:00,120.62,120.62,120.604,120.608,13
2018-07-06 00:55:00,120.604,120.613,120.604,120.613,2
2018-07-06 00:56:00,120.62,120.62,120.611,120.611,2
2018-07-06 00:58:00,120.62,120.62,120.604,120.613,9
2018-07-06 01:03:00,120.62,120.62,120.604,120.616,34
2018-07-06 01:17:00,120.62,120.635,120.62,120.624,6
2018-07-06 01:22:00,120.604,120.616,120.604,120.616,4
2018-07-06 01:27:00,120.62,120.62,120.608,120.608,4
2018-07-06 01:29:00,120.62,120.62,120.604,120.613,7
2018-07-06 01:32:00,120.62,120.62,120.613,120.613,5
2018-07-06 01:39:00,120.62,120.62,120.604,120.613,10
2018-07-06 01:40:00,120.604,120.62,120.604,120.613,16
2018-07-06 01:50:00,120.604,120.604,120.588,120.597,8
2018-07-06 01:51:00,120.588,120.604,120.588,120.597,7
2018-07-06 01:52:00,120.588,120.604,120.588,120.592,17
2018-07-06 01:53:00,120.588,120.604,120.588,120.595,16
2018-07-06 01:54:00,120.588,120.604,120.588,120.592,6
2018-07-06 02:00:00,120.604,120.604,120.595,120.595,2
2018-07-06 02:01:00,120.604,120.604,120.588,120.6,13
2018-07-06 02:05:00,120.588,120.597,120.588,120.597,2
2018-07-06 02:06:00,120.604,120.604,120.595,120.595,2
2018-07-06 02:15:00,120.604,120.62,120.604,120.611,42
2018-07-06 02:16:00,120.604,120.62,120.604,120.611,16
2018-07-06 02:39:00,120.62,120.62,120.604,120.611,15
2018-07-06 03:17:00,120.604,120.616,120.604,120.616,3
2018-07-06 03:18:00,120.588,120.597,120.588,120.597,2
2018-07-06 03:19:00,120.588,120.604,120.588,120.595,15
2018-07-06 03:30:00,120.588,120.604,120.588,120.592,6
2018-07-06 03:31:00,120.588,120.604,120.588,120.592,6
2018-07-06 03:32:00,120.604,120.604,120.595,120.595,2
2018-07-06 03:59:00,120.588,120.597,120.588,120.597,2
2018-07-06 04:00:00,120.588,120.604,120.588,120.595,4
2018-07-06 04:01:00,120.604,120.604,120.595,120.595,2
2018-07-06 04:05:00,120.619,120.619,120.604,120.608,18
2018-07-06 04:06:00,120.619,120.619,120.604,120.612,14
2018-07-06 04:11:00,120.604,120.612,120.604,120.612,2
2018-07-06 04:12:00,120.557,120.6,120.541,120.6,51
2018-07-06 04:13:00,120.541,120.549,120.541,120.549,2
2018-07-06 04:14:00,120.557,120.557,120.544,120.544,3
2018-07-06 04:18:00,120.557,120.572,120.557,120.564,6
2018-07-06 04:27:00,120.541,120.557,120.541,120.549,34
2018-07-06 04:28:00,120.541,120.557,120.541,120.545,5
2018-07-06 04:29:00,120.557,120.557,120.548,120.548,6
2018-07-06 04:30:00,120.541,120.549,120.541,120.549,2
2018-07-06 04:32:00,120.541,120.557,120.541,120.548,5
2018-07-06 04:39:00,120.557,120.557,120.541,120.548,11
2018-07-06 04:55:00,120.541,120.549,120.541,120.549,2
2018-07-06 04:59:00,120.556,120.556,120.545,120.545,3
2018-07-06 05:00:00,120.572,120.572,120.564,120.564,2
2018-07-06 05:05:00,120.556,120.568,120.556,120.568,3
2018-07-06 05:06:00,120.556,120.556,120.541,120.549,19
2018-07-06 05:08:00,120.556,120.556,120.541,120.549,6
2018-07-06 05:20:00,120.556,120.556,120.541,120.549,76
2018-07-06 05:21:00,120.556,120.556,120.541,120.549,8
2018-07-06 05:22:00,120.556,120.556,120.541,120.553,7
2018-07-06 05:23:00,120.541,120.549,120.541,120.549,2
2018-07-06 05:26:00,120.525,120.538,120.525,120.538,4
2018-07-06 05:27:00,120.525,120.541,120.525,120.528,16
2018-07-06 05:31:00,120.525,120.525,120.509,120.522,34
2018-07-06 05:32:00,120.525,120.525,120.509,120.518,8
2018-07-06 05:45:00,120.525,120.525,120.509,120.518,5
2018-07-06 05:46:00,120.525,120.525,120.509,120.518,6
2018-07-06 05:51:00,120.509,120.525,120.509,120.518,8
2018-07-06 05:52:00,120.509,120.525,120.509,120.516,8
2018-07-06 05:53:00,120.525,120.525,120.509,120.513,41
2018-07-06 05:54:00,120.509,120.525,120.509,120.521,20
2018-07-06 05:56:00,120.509,120.525,120.509,120.513,7
2018-07-06 06:00:00,120.525,120.525,120.513,120.514,5
2018-07-06 06:01:00,120.525,120.525,120.509,120.518,6
2018-07-06 06:11:00,120.541,120.541,120.529,120.529,3
2018-07-06 06:12:00,120.525,120.536,120.525,120.536,5
2018-07-06 06:13:00,120.541,120.541,120.532,120.532,3
2018-07-06 06:15:00,120.556,120.556,120.544,120.544,4
2018-07-06 06:16:00,120.541,120.556,120.541,120.553,52
2018-07-06 06:17:00,120.541,120.556,120.541,120.548,14
2018-07-06 06:18:00,120.556,120.556,120.541,120.548,10
2018-07-06 06:20:00,120.572,120.572,120.563,120.563,2
2018-07-06 06:23:00,120.556,120.568,120.556,120.568,4
2018-07-06 06:25:00,120.556,120.556,120.541,120.552,11
2018-07-06 06:27:00,120.541,120.549,120.541,120.549,2
2018-07-06 06:30:00,120.541,120.556,120.541,120.548,4
2018-07-06 06:31:00,120.525,120.541,120.525,120.533,11
2018-07-06 06:33:00,120.541,120.541,120.525,120.532,14
2018-07-06 06:34:00,120.525,120.533,120.525,120.533,2
2018-07-06 06:38:00,120.541,120.541,120.525,120.532,23
2018-07-06 06:41:00,120.556,120.556,120.548,120.548,2
2018-07-06 06:42:00,120.541,120.541,120.541,120.541,1
2018-07-06 06:44:00,120.556,120.556,120.541,120.548,12
2018-07-06 06:48:00,120.572,120.572,120.563,120.563,6
2018-07-06 06:49:00,120.556,120.572,120.556,120.568,8
2018-07-06 06:55:00,120.556,120.556,120.541,120.552,5
2018-07-06 06:57:00,120.556,120.556,120.541,120.549,20
2018-07-06 06:59:00,120.556,120.556,120.54,120.549,14
2018-07-06 07:00:00,120.572,120.587,120.563,120.563,6
2018-07-06 07:05:00,120.572,120.587,120.572,120.579,28
2018-07-06 07:06:00,120.572,120.587,120.572,120.579,8
2018-07-06 07:07:00,120.587,120.587,120.579,120.579,2
2018-07-06 07:08:00,120.572,120.58,120.572,120.58,2
2018-07-06 07:09:00,120.572,120.587,120.572,120.579,11
2018-07-06 07:12:00,120.587,120.587,120.572,120.579,6
2018-07-06 07:13:00,120.587,120.603,120.587,120.595,31
2018-07-06 07:16:00,120.603,120.603,120.587,120.595,14
2018-07-06 07:17:00,120.587,120.603,120.587,120.596,12
2018-07-06 07:18:00,120.587,120.587,120.572,120.58,30
2018-07-06 07:19:00,120.587,120.587,120.572,120.58,25
2018-07-06 07:20:00,120.587,120.587,120.572,120.58,8
2018-07-06 07:21:00,120.587,120.603,120.587,120.595,4
2018-07-06 07:24:00,120.603,120.603,120.587,120.591,10
2018-07-06 07:31:00,120.619,120.619,120.61,120.61,2
2018-07-06 07:34:00,120.634,120.634,120.626,120.626,3
2018-07-06 07:35:00,120.634,120.634,120.619,120.627,79
2018-07-06 07:37:00,120.619,120.634,120.619,120.631,11
2018-07-06 07:50:00,120.603,120.619,120.603,120.612,7
2018-07-06 07:51:00,120.619,120.619,120.603,120.606,8
2018-07-06 07:53:00,120.619,120.634,120.619,120.626,10
2018-07-06 07:55:00,120.634,120.634,120.619,120.626,22
2018-07-06 07:56:00,120.65,120.65,120.634,120.638,8
2018-07-06 07:57:00,120.634,120.65,120.634,120.634,26
2018-07-06 07:58:00,120.634,120.65,120.634,120.641,5
2018-07-06 07:59:00,120.634,120.65,120.634,120.638,6
2018-07-06 08:00:00,120.65,120.65,120.641,120.641,2
2018-07-06 08:01:00,120.634,120.65,120.634,120.646,30
2018-07-06 08:14:00,120.65,120.65,120.634,120.641,8
2018-07-06 08:15:00,120.65,120.65,120.634,120.643,9
2018-07-06 08:16:00,120.634,120.643,120.634,120.643,2
2018-07-06 08:21:00,120.619,120.631,120.619,120.631,4
2018-07-06 08:26:00,120.603,120.611,120.603,120.611,2
2018-07-06 08:29:00,120.603,120.603,120.587,120.599,19
2018-07-06 08:30:00,120.603,120.603,120.587,120.6,11
2018-07-06 08:47:00,120.619,120.619,120.603,120.607,31
2018-07-06 08:48:00,120.603,120.619,120.603,120.615,13
2018-07-06 08:50:00,120.618,120.618,120.607,120.607,3
2018-07-06 08:51:00,120.603,120.611,120.603,120.611,2
2018-07-06 08:52:00,120.618,120.618,120.61,120.61,2
2018-07-06 08:53:00,120.618,120.618,120.603,120.611,10
2018-07-06 08:54:00,120.603,120.618,120.603,120.611,14
2018-07-06 09:00:00,120.603,120.603,120.587,120.596,5
2018-07-06 09:02:00,120.618,120.618,120.61,120.61,2
2018-07-06 09:03:00,120.603,120.618,120.603,120.614,8
2018-07-06 09:04:00,120.603,120.618,120.603,120.61,8
2018-07-06 09:05:00,120.603,120.618,120.603,120.607,10
2018-07-06 09:06:00,120.618,120.618,120.606,120.606,4
2018-07-06 09:11:00,120.634,120.634,120.626,120.626,6
2018-07-06 09:17:00,120.618,120.627,120.618,120.627,2
2018-07-06 09:18:00,120.618,120.618,120.603,120.611,11
2018-07-06 09:22:00,120.618,120.618,120.607,120.611,5
2018-07-06 09:24:00,120.603,120.634,120.603,120.626,15
2018-07-06 09:26:00,120.603,120.603,120.587,120.596,6
2018-07-06 09:33:00,120.603,120.618,120.603,120.61,4
2018-07-06 09:37:00,120.603,120.618,120.603,120.61,4
2018-07-06 09:38:00,120.603,120.618,120.603,120.606,10
2018-07-06 09:39:00,120.618,120.618,120.61,120.61,2
2018-07-06 09:45:00,120.618,120.618,120.603,120.611,7
2018-07-06 09:47:00,120.634,120.634,120.622,120.622,4
2018-07-06 09:58:00,120.634,120.65,120.634,120.641,5
2018-07-06 09:59:00,120.634,120.634,120.618,120.63,5
2018-07-06 10:06:00,120.618,120.63,120.618,120.63,4
2018-07-06 10:09:00,120.634,120.634,120.622,120.622,4
2018-07-06 10:10:00,120.618,120.634,120.618,120.627,15
2018-07-06 10:17:00,120.603,120.614,120.603,120.614,4
2018-07-06 10:23:00,120.618,120.618,120.606,120.606,4
2018-07-06 10:25:00,120.618,120.634,120.618,120.625,5
2018-07-06 10:26:00,120.634,120.634,120.625,120.625,2
2018-07-06 10:27:00,120.618,120.634,120.618,120.627,8
2018-07-06 10:28:00,120.634,120.634,120.625,120.625,2
2018-07-06 10:31:00,120.65,120.65,120.641,120.641,2
2018-07-06 10:33:00,120.634,120.65,120.634,120.646,12
2018-07-06 10:34:00,120.634,120.65,120.634,120.641,8
2018-07-06 10:35:00,120.634,120.65,120.634,120.641,4
2018-07-06 10:39:00,120.65,120.65,120.641,120.641,2
2018-07-06 10:41:00,120.634,120.65,120.634,120.646,7
2018-07-06 10:46:00,120.634,120.65,120.634,120.641,12
2018-07-06 10:48:00,120.634,120.65,120.634,120.638,6
2018-07-06 10:52:00,120.65,120.65,120.641,120.641,2
2018-07-06 10:54:00,120.634,120.642,120.634,120.642,2
2018-07-06 10:55:00,120.634,120.65,120.634,120.641,8
2018-07-06 10:58:00,120.634,120.649,120.634,120.641,11
2018-07-06 11:10:00,120.634,120.649,120.634,120.641,33
2018-07-06 11:13:00,120.649,120.649,120.634,120.638,8
2018-07-06 11:14:00,120.634,120.649,120.634,120.642,8
2018-07-06 11:49:00,120.634,120.649,120.634,120.641,11
2018-07-06 11:50:00,120.618,120.634,120.618,120.627,20
2018-07-06 11:51:00,120.634,120.634,120.622,120.622,6
2018-07-06 11:52:00,120.634,120.634,120.618,120.63,21
2018-07-06 12:05:00,120.634,120.634,120.618,120.63,5
2018-07-06 12:10:00,120.649,120.649,120.641,120.641,2
2018-07-06 12:18:00,120.649,120.649,120.634,120.642,13
2018-07-06 12:20:00,120.634,120.649,120.634,120.642,18
2018-07-06 12:21:00,120.649,120.649,120.634,120.641,28
2018-07-06 12:22:00,120.649,120.649,120.634,120.646,11
2018-07-06 12:23:00,120.634,120.649,120.634,120.642,7
2018-07-06 12:24:00,120.649,120.649,120.634,120.638,18
2018-07-06 12:26:00,120.649,120.665,120.649,120.656,37
2018-07-06 12:27:00,120.649,120.649,120.634,120.646,8
2018-07-06 12:28:00,120.649,120.665,120.634,120.646,50
2018-07-06 12:29:00,120.665,120.665,120.649,120.656,187
2018-07-06 12:30:00,120.665,120.904,120.665,120.668,481
2018-07-06 12:31:00,120.728,120.743,120.649,120.672,136
2018-07-06 12:32:00,120.728,120.728,120.696,120.724,21
2018-07-06 12:33:00,120.728,120.743,120.712,120.735,27
2018-07-06 12:34:00,120.743,120.743,120.735,120.735,3
2018-07-06 12:35:00,120.759,120.759,120.743,120.75,16
2018-07-06 12:36:00,120.775,120.775,120.762,120.762,3
2018-07-06 12:37:00,120.759,120.767,120.743,120.767,9
2018-07-06 12:38:00,120.743,120.775,120.728,120.766,37
2018-07-06 12:39:00,120.696,120.739,120.696,120.739,11
2018-07-06 12:40:00,120.712,120.712,120.696,120.703,42
2018-07-06 12:41:00,120.712,120.728,120.696,120.708,56
2018-07-06 12:42:00,120.728,120.728,120.712,120.719,13
2018-07-06 12:43:00,120.743,120.743,120.712,120.72,11
2018-07-06 12:45:00,120.759,120.759,120.743,120.747,10
2018-07-06 12:47:00,120.775,120.775,120.766,120.766,2
2018-07-06 12:50:00,120.759,120.77,120.759,120.77,4
2018-07-06 12:51:00,120.759,120.774,120.759,120.766,4
2018-07-06 12:52:00,120.759,120.782,120.759,120.766,24
2018-07-06 12:53:00,120.759,120.759,120.743,120.752,48
2018-07-06 12:54:00,120.759,120.774,120.759,120.766,5
2018-07-06 12:55:00,120.774,120.774,120.763,120.763,3
2018-07-06 12:57:00,120.774,120.79,120.774,120.782,32
2018-07-06 12:59:00,120.79,120.79,120.778,120.778,3
2018-07-06 13:00:00,120.79,120.79,120.774,120.783,6
2018-07-06 13:01:00,120.774,120.79,120.774,120.783,25
2018-07-06 13:04:00,120.759,120.767,120.759,120.767,2
2018-07-06 13:05:00,120.79,120.79,120.766,120.766,6
2018-07-06 13:06:00,120.79,120.806,120.79,120.794,13
2018-07-06 13:07:00,120.774,120.783,120.774,120.783,2
2018-07-06 13:08:00,120.774,120.79,120.774,120.782,5
2018-07-06 13:09:00,120.743,120.767,120.743,120.767,4
2018-07-06 13:10:00,120.759,120.759,120.743,120.75,14
2018-07-06 13:11:00,120.759,120.774,120.759,120.766,16
2018-07-06 13:12:00,120.774,120.774,120.759,120.766,6
2018-07-06 13:14:00,120.774,120.79,120.774,120.782,8
2018-07-06 13:15:00,120.774,120.79,120.774,120.778,23
2018-07-06 13:16:00,120.743,120.771,120.727,120.771,23
2018-07-06 13:17:00,120.759,120.759,120.743,120.747,38
2018-07-06 13:18:00,120.743,120.759,120.743,120.752,10
2018-07-06 13:20:00,120.759,120.759,120.747,120.747,4
2018-07-06 13:21:00,120.759,120.759,120.743,120.752,4
2018-07-06 13:22:00,120.743,120.755,120.743,120.755,3
2018-07-06 13:23:00,120.727,120.739,120.727,120.739,3
2018-07-06 13:24:00,120.712,120.72,120.696,120.72,6
2018-07-06 13:25:00,120.727,120.727,120.712,120.719,10
2018-07-06 13:26:00,120.712,120.727,120.712,120.72,7
2018-07-06 13:27:00,120.727,120.727,120.712,120.719,11
2018-07-06 13:28:00,120.712,120.727,120.712,120.724,9
2018-07-06 13:29:00,120.712,120.727,120.712,120.719,4
2018-07-06 13:30:00,120.712,120.727,120.712,120.719,24
2018-07-06 13:32:00,120.727,120.727,120.719,120.719,2
2018-07-06 13:34:00,120.696,120.72,120.696,120.72,5
2018-07-06 13:35:00,120.68,120.696,120.665,120.692,17
2018-07-06 13:36:00,120.665,120.677,120.665,120.677,3
2018-07-06 13:37:00,120.665,120.665,120.649,120.66,37
2018-07-06 13:39:00,120.68,120.68,120.668,120.668,4
2018-07-06 13:40:00,120.665,120.673,120.665,120.673,2
2018-07-06 13:42:00,120.665,120.68,120.665,120.668,20
2018-07-06 13:43:00,120.68,120.68,120.665,120.672,7
2018-07-06 13:44:00,120.696,120.696,120.687,120.687,2
2018-07-06 13:47:00,120.696,120.712,120.696,120.703,23
2018-07-06 13:48:00,120.696,120.712,120.696,120.703,5
2018-07-06 13:49:00,120.696,120.712,120.696,120.703,12
2018-07-06 13:50:00,120.712,120.712,120.696,120.703,45
2018-07-06 13:51:00,120.696,120.712,120.696,120.708,8
2018-07-06 13:52:00,120.696,120.712,120.696,120.703,4
2018-07-06 13:53:00,120.68,120.689,120.68,120.689,3
2018-07-06 13:56:00,120.68,120.68,120.665,120.665,7
2018-07-06 13:59:00,120.712,120.712,120.68,120.687,22
2018-07-06 14:00:00,120.696,120.712,120.696,120.704,26
2018-07-06 14:03:00,120.712,120.712,120.703,120.703,2
2018-07-06 14:04:00,120.727,120.727,120.719,120.719,2
2018-07-06 14:06:00,120.743,120.759,120.734,120.734,15
2018-07-06 14:08:00,120.727,120.743,120.727,120.736,24
2018-07-06 14:09:00,120.727,120.727,120.712,120.724,5
2018-07-06 14:10:00,120.727,120.727,120.712,120.724,10
2018-07-06 14:11:00,120.712,120.727,120.712,120.724,11
2018-07-06 14:12:00,120.727,120.727,120.712,120.719,6
2018-07-06 14:13:00,120.727,120.743,120.727,120.734,4
2018-07-06 14:15:00,120.712,120.727,120.712,120.724,15
2018-07-06 14:16:00,120.712,120.727,120.712,120.719,7
2018-07-06 14:17:00,120.727,120.727,120.696,120.704,7
2018-07-06 14:18:00,120.727,120.727,120.712,120.72,15
2018-07-06 14:19:00,120.759,120.759,120.734,120.734,5
2018-07-06 14:21:00,120.759,120.774,120.743,120.766,21
2018-07-06 14:22:00,120.759,120.759,120.743,120.755,11
2018-07-06 14:23:00,120.759,120.774,120.759,120.766,5
2018-07-06 14:24:00,120.759,120.759,120.743,120.751,8
2018-07-06 14:28:00,120.743,120.759,120.727,120.751,33
2018-07-06 14:29:00,120.727,120.743,120.727,120.739,29
2018-07-06 14:30:00,120.727,120.743,120.727,120.734,45
2018-07-06 14:31:00,120.743,120.743,120.727,120.734,10
2018-07-06 14:33:00,120.727,120.736,120.727,120.736,2
2018-07-06 14:34:00,120.727,120.743,120.727,120.734,18
2018-07-06 14:35:00,120.727,120.727,120.712,120.72,4
2018-07-06 14:36:00,120.727,120.727,120.712,120.723,11
2018-07-06 14:38:00,120.712,120.72,120.696,120.72,16
2018-07-06 14:40:00,120.696,120.704,120.696,120.704,2
2018-07-06 14:41:00,120.696,120.712,120.696,120.7,6
2018-07-06 14:43:00,120.696,120.712,120.696,120.703,20
2018-07-06 14:47:00,120.696,120.696,120.68,120.689,26
2018-07-06 14:48:00,120.68,120.696,120.68,120.689,16
2018-07-06 14:49:00,120.696,120.696,120.68,120.687,7
2018-07-06 14:52:00,120.696,120.696,120.68,120.692,18
2018-07-06 14:53:00,120.68,120.689,120.68,120.689,2
2018-07-06 14:56:00,120.696,120.696,120.68,120.687,16
2018-07-06 14:57:00,120.68,120.696,120.68,120.689,15
2018-07-06 14:58:00,120.696,120.696,120.687,120.687,2
2018-07-06 14:59:00,120.68,120.689,120.68,120.689,2
2018-07-06 15:01:00,120.696,120.696,120.687,120.687,2
2018-07-06 15:03:00,120.696,120.711,120.696,120.7,17
2018-07-06 15:06:00,120.68,120.696,120.68,120.689,7
2018-07-06 15:08:00,120.664,120.673,120.664,120.673,2
2018-07-06 15:15:00,120.649,120.664,120.649,120.657,8
2018-07-06 15:16:00,120.664,120.664,120.656,120.656,2
2018-07-06 15:17:00,120.649,120.657,120.649,120.657,2
2018-07-06 15:18:00,120.633,120.649,120.633,120.645,33
2018-07-06 15:21:00,120.633,120.649,120.633,120.64,4
2018-07-06 15:24:00,120.649,120.649,120.633,120.64,13
2018-07-06 15:25:00,120.633,120.642,120.633,120.642,4
2018-07-06 15:36:00,120.617,120.626,120.617,120.626,2
2018-07-06 15:37:00,120.633,120.633,120.625,120.625,2
2018-07-06 15:38:00,120.617,120.626,120.617,120.626,3
2018-07-06 15:39:00,120.617,120.617,120.602,120.61,29
2018-07-06 15:40:00,120.617,120.617,120.602,120.602,7
2018-07-06 15:43:00,120.617,120.617,120.602,120.61,4
2018-07-06 15:44:00,120.617,120.617,120.61,120.61,4
2018-07-06 15:45:00,120.602,120.617,120.602,120.61,9
2018-07-06 15:50:00,120.617,120.617,120.609,120.609,2
2018-07-06 15:51:00,120.617,120.633,120.617,120.624,8
2018-07-06 15:52:00,120.617,120.633,120.617,120.624,11
2018-07-06 15:53:00,120.617,120.633,120.617,120.624,4
2018-07-06 15:54:00,120.633,120.633,120.617,120.624,6
2018-07-06 15:55:00,120.617,120.633,120.617,120.626,6
2018-07-06 16:01:00,120.602,120.61,120.602,120.61,2
2018-07-06 16:03:00,120.617,120.617,120.609,120.609,3
2018-07-06 16:04:00,120.602,120.617,120.602,120.61,6
2018-07-06 16:11:00,120.617,120.617,120.606,120.606,3
2018-07-06 16:17:00,120.602,120.61,120.602,120.61,2
2018-07-06 16:25:00,120.586,120.594,120.586,120.594,2
2018-07-06 16:27:00,120.602,120.602,120.586,120.593,6
2018-07-06 16:28:00,120.586,120.594,120.586,120.594,2
2018-07-06 16:30:00,120.602,120.602,120.593,120.593,2
2018-07-06 16:32:00,120.617,120.617,120.606,120.606,3
2018-07-06 16:44:00,120.633,120.633,120.624,120.624,2
2018-07-06 16:49:00,120.649,120.649,120.633,120.64,7
2018-07-06 16:50:00,120.633,120.649,120.633,120.641,10
2018-07-06 16:53:00,120.633,120.649,120.633,120.64,5
2018-07-06 16:56:00,120.633,120.649,120.633,120.64,4
2018-07-06 16:59:00,120.633,120.649,120.633,120.64,10
2018-07-06 17:40:00,120.617,120.626,120.617,120.626,2
2018-07-06 17:48:00,120.601,120.61,120.601,120.61,2
2018-07-06 17:54:00,120.601,120.617,120.601,120.608,5
2018-07-06 17:55:00,120.601,120.617,120.601,120.608,9
2018-07-06 18:02:00,120.617,120.617,120.608,120.608,2
2018-07-06 18:04:00,120.633,120.633,120.624,120.624,3
2018-07-06 18:07:00,120.617,120.629,120.617,120.629,4
2018-07-06 18:08:00,120.601,120.61,120.601,120.61,2
2018-07-06 18:19:00,120.617,120.617,120.608,120.608,2
2018-07-06 18:24:00,120.601,120.61,120.601,120.61,2
2018-07-06 18:36:00,120.617,120.617,120.608,120.608,2
2018-07-06 18:37:00,120.633,120.633,120.617,120.624,8
2018-07-06 18:38:00,120.633,120.648,120.633,120.64,4
2018-07-06 18:55:00,120.648,120.648,120.64,120.64,2
2018-07-06 18:56:00,120.633,120.644,120.633,120.644,3
2018-07-06 18:58:00,120.648,120.648,120.64,120.64,2
2018-07-06 19:06:00,120.648,120.664,120.648,120.655,4
2018-07-06 19:07:00,120.664,120.664,120.652,120.652,3
2018-07-06 19:36:00,120.679,120.679,120.671,120.671,2
2018-07-06 19:46:00,120.679,120.695,120.679,120.686,12
2018-07-06 19:55:00,120.679,120.695,120.679,120.686,4
2018-07-06 19:57:00,120.664,120.676,120.664,120.676,3
2018-07-06 19:59:00,120.679,120.679,120.671,120.671,2
2018-07-06 20:04:00,120.679,120.679,120.664,120.672,5
2018-07-06 20:06:00,120.664,120.672,120.664,120.672,2
2018-07-06 20:08:00,120.664,120.679,120.664,120.671,12
2018-07-06 20:23:00,120.679,120.679,120.671,120.671,2
2018-07-06 20:59:00,120.679,120.679,120.679,120.679,1
2018-07-08 22:00:00,120.64,120.655,120.64,120.655,5
2018-07-08 22:01:00,120.64,120.655,120.64,120.647,6
2018-07-08 22:03:00,120.655,120.655,120.624,120.633,17
2018-07-08 22:04:00,120.655,120.655,120.64,120.652,6
2018-07-08 22:05:00,120.64,120.652,120.64,120.652,4
2018-07-08 22:27:00,120.64,120.655,120.64,120.644,12
2018-07-08 22:30:00,120.655,120.655,120.64,120.643,5
2018-07-08 22:35:00,120.64,120.648,120.64,120.648,2
2018-07-08 22:36:00,120.655,120.655,120.648,120.648,2
2018-07-08 22:37:00,120.655,120.655,120.64,120.648,16
2018-07-08 22:55:00,120.671,120.671,120.671,120.671,1
2018-07-08 23:00:00,120.671,120.671,120.655,120.664,5
2018-07-08 23:01:00,120.664,120.671,120.655,120.668,16
2018-07-08 23:03:00,120.655,120.659,120.655,120.659,2
2018-07-08 23:24:00,120.662,120.671,120.662,120.662,6
2018-07-08 23:25:00,120.655,120.671,120.655,120.667,18
2018-07-08 23:36:00,120.671,120.671,120.655,120.662,40
2018-07-08 23:38:00,120.655,120.671,120.655,120.664,18
2018-07-08 23:46:00,120.671,120.671,120.655,120.662,10
2018-07-08 23:55:00,120.671,120.671,120.655,120.664,6
2018-07-08 23:56:00,120.655,120.664,120.655,120.664,2
2018-07-09 00:04:00,120.639,120.652,120.639,120.652,4
2018-07-09 00:07:00,120.608,120.632,120.608,120.632,29
2018-07-09 00:08:00,120.608,120.624,120.608,120.615,23
2018-07-09 00:09:00,120.608,120.624,120.608,120.62,9
2018-07-09 00:14:00,120.592,120.608,120.592,120.601,36
2018-07-09 00:17:00,120.577,120.585,120.577,120.585,2
2018-07-09 00:19:00,120.592,120.592,120.577,120.58,8
2018-07-09 00:28:00,120.608,120.608,120.596,120.596,4
2018-07-09 00:30:00,120.592,120.601,120.592,120.601,2
2018-07-09 00:31:00,120.592,120.592,120.577,120.589,9
2018-07-09 00:34:00,120.592,120.608,120.592,120.596,20
2018-07-09 00:39:00,120.608,120.608,120.596,120.596,3
2018-07-09 00:49:00,120.608,120.608,120.592,120.601,6
2018-07-09 00:51:00,120.592,120.604,120.592,120.604,3
2018-07-09 01:03:00,120.592,120.608,120.592,120.599,4
2018-07-09 01:14:00,120.577,120.585,120.577,120.585,2
2018-07-09 01:25:00,120.592,120.592,120.584,120.584,2
2018-07-09 01:32:00,120.576,120.585,120.576,120.585,2
2018-07-09 01:50:00,120.561,120.576,120.561,120.569,5
2018-07-09 01:51:00,120.561,120.576,120.561,120.568,5
2018-07-09 01:53:00,120.545,120.561,120.545,120.558,6
2018-07-09 01:55:00,120.529,120.538,120.529,120.538,2
2018-07-09 02:00:00,120.514,120.529,120.514,120.522,6
2018-07-09 02:03:00,120.498,120.507,120.498,120.507,3
2018-07-09 02:08:00,120.498,120.514,120.498,120.502,5
2018-07-09 02:09:00,120.514,120.514,120.505,120.505,2
2018-07-09 02:53:00,120.529,120.529,120.521,120.521,2
2018-07-09 03:05:00,120.545,120.545,120.536,120.536,2
2018-07-09 06:01:00,120.544,120.56,120.544,120.552,40
2018-07-09 06:02:00,120.544,120.56,120.544,120.552,12
2018-07-09 06:03:00,120.544,120.56,120.544,120.552,13
2018-07-09 06:04:00,120.544,120.56,120.544,120.552,23
2018-07-09 06:05:00,120.544,120.56,120.544,120.552,16
2018-07-09 06:06:00,120.56,120.56,120.544,120.548,8
2018-07-09 06:08:00,120.56,120.56,120.544,120.553,4
2018-07-09 06:09:00,120.544,120.56,120.544,120.548,25
2018-07-09 06:16:00,120.544,120.56,120.544,120.552,11
2018-07-09 06:17:00,120.56,120.56,120.552,120.552,2
2018-07-09 06:18:00,120.544,120.56,120.544,120.553,24
2018-07-09 06:19:00,120.544,120.56,120.544,120.548,44
2018-07-09 06:20:00,120.56,120.56,120.548,120.548,4
2018-07-09 06:25:00,120.56,120.56,120.544,120.553,5
2018-07-09 06:32:00,120.56,120.576,120.56,120.567,15
2018-07-09 06:33:00,120.56,120.576,120.56,120.567,14
2018-07-09 06:38:00,120.56,120.576,120.56,120.567,8
2018-07-09 06:44:00,120.544,120.56,120.544,120.556,7
2018-07-09 06:54:00,120.529,120.544,120.529,120.541,34
2018-07-09 06:55:00,120.529,120.544,120.529,120.536,9
2018-07-09 06:58:00,120.544,120.544,120.529,120.536,8
2018-07-09 06:59:00,120.529,120.537,120.529,120.537,2
2018-07-09 07:01:00,120.513,120.529,120.513,120.521,58
2018-07-09 07:02:00,120.513,120.529,120.513,120.52,14
2018-07-09 07:03:00,120.513,120.529,120.513,120.516,20
2018-07-09 07:06:00,120.513,120.529,120.513,120.52,13
2018-07-09 07:14:00,120.529,120.529,120.52,120.52,2
2018-07-09 07:15:00,120.544,120.544,120.536,120.536,2
2018-07-09 07:17:00,120.529,120.544,120.529,120.54,27
2018-07-09 07:18:00,120.529,120.544,120.529,120.532,12
2018-07-09 07:19:00,120.529,120.544,120.529,120.536,4
2018-07-09 07:20:00,120.544,120.544,120.529,120.536,6
2018-07-09 07:22:00,120.544,120.544,120.529,120.537,4
2018-07-09 07:23:00,120.529,120.537,120.529,120.537,2
2018-07-09 07:24:00,120.529,120.544,120.529,120.532,35
2018-07-09 07:26:00,120.529,120.544,120.529,120.544,13
2018-07-09 07:27:00,120.529,120.544,120.529,120.536,4
2018-07-09 07:28:00,120.544,120.544,120.529,120.536,6
2018-07-09 07:29:00,120.529,120.544,120.529,120.537,17
2018-07-09 07:32:00,120.529,120.529,120.513,120.525,5
2018-07-09 07:33:00,120.529,120.529,120.513,120.521,8
2018-07-09 07:34:00,120.529,120.529,120.513,120.525,7
2018-07-09 07:35:00,120.513,120.529,120.513,120.521,17
2018-07-09 07:38:00,120.529,120.529,120.513,120.516,8
2018-07-09 07:44:00,120.528,120.528,120.513,120.521,4
2018-07-09 07:45:00,120.513,120.521,120.513,120.521,2
2018-07-09 08:04:00,120.497,120.506,120.497,120.506,2
2018-07-09 08:05:00,120.513,120.513,120.497,120.501,29
2018-07-09 08:06:00,120.497,120.513,120.497,120.509,20
2018-07-09 08:09:00,120.497,120.513,120.497,120.501,4
2018-07-09 08:10:00,120.513,120.513,120.504,120.504,2
2018-07-09 08:11:00,120.513,120.513,120.497,120.509,9
2018-07-09 08:20:00,120.497,120.513,120.497,120.506,20
2018-07-09 08:21:00,120.513,120.513,120.504,120.504,2
2018-07-09 08:27:00,120.497,120.506,120.497,120.506,2
2018-07-09 08:37:00,120.481,120.49,120.481,120.49,2
2018-07-09 08:39:00,120.466,120.474,120.466,120.474,2
2018-07-09 08:42:00,120.481,120.481,120.466,120.473,12
2018-07-09 08:43:00,120.466,120.474,120.466,120.474,2
2018-07-09 08:44:00,120.466,120.481,120.466,120.473,4
2018-07-09 08:47:00,120.481,120.481,120.473,120.473,2
2018-07-09 08:48:00,120.466,120.474,120.466,120.474,2
2018-07-09 08:54:00,120.45,120.466,120.45,120.45,32
2018-07-09 08:55:00,120.466,120.466,120.454,120.454,2
2018-07-09 09:04:00,120.45,120.458,120.45,120.458,2
2018-07-09 09:20:00,120.45,120.45,120.434,120.446,13
2018-07-09 09:26:00,120.45,120.45,120.434,120.443,10
2018-07-09 09:29:00,120.466,120.466,120.45,120.457,8
2018-07-09 09:30:00,120.45,120.458,120.45,120.458,2
2018-07-09 09:33:00,120.45,120.466,120.45,120.457,12
2018-07-09 09:34:00,120.45,120.466,120.45,120.457,9
2018-07-09 09:35:00,120.466,120.466,120.457,120.457,2
2018-07-09 09:36:00,120.45,120.458,120.45,120.458,2
2018-07-09 09:38:00,120.45,120.466,120.45,120.457,6
2018-07-09 09:40:00,120.466,120.466,120.45,120.457,14
2018-07-09 09:41:00,120.466,120.466,120.45,120.458,7
2018-07-09 10:08:00,120.45,120.465,120.45,120.458,7
2018-07-09 10:11:00,120.45,120.45,120.434,120.446,6
2018-07-09 10:12:00,120.434,120.45,120.434,120.443,8
2018-07-09 10:15:00,120.45,120.45,120.441,120.441,3
2018-07-09 10:18:00,120.465,120.465,120.45,120.454,15
2018-07-09 10:19:00,120.45,120.458,120.45,120.458,2
2018-07-09 10:22:00,120.45,120.465,120.45,120.457,20
2018-07-09 10:40:00,120.465,120.465,120.457,120.457,2
2018-07-09 10:42:00,120.45,120.458,120.45,120.458,3
2018-07-09 10:45:00,120.465,120.465,120.457,120.457,3
2018-07-09 10:56:00,120.481,120.481,120.469,120.469,3
2018-07-09 10:57:00,120.481,120.481,120.465,120.474,13
2018-07-09 10:58:00,120.481,120.481,120.465,120.474,10
2018-07-09 10:59:00,120.465,120.474,120.465,120.474,2
2018-07-09 11:00:00,120.465,120.481,120.465,120.469,23
2018-07-09 11:01:00,120.481,120.481,120.469,120.469,3
2018-07-09 11:02:00,120.465,120.481,120.465,120.474,10
2018-07-09 11:03:00,120.465,120.481,120.465,120.472,19
2018-07-09 11:04:00,120.465,120.481,120.465,120.469,13
2018-07-09 11:05:00,120.465,120.481,120.465,120.472,4
2018-07-09 11:06:00,120.465,120.465,120.45,120.458,3
2018-07-09 11:09:00,120.465,120.465,120.45,120.458,14
2018-07-09 11:49:00,120.465,120.465,120.449,120.458,4
2018-07-09 11:51:00,120.465,120.465,120.449,120.458,4
2018-07-09 11:52:00,120.465,120.465,120.449,120.461,7
2018-07-09 11:57:00,120.449,120.458,120.449,120.458,2
2018-07-09 12:00:00,120.434,120.449,120.434,120.442,10
2018-07-09 12:11:00,120.449,120.449,120.441,120.441,4
2018-07-09 12:20:00,120.465,120.465,120.449,120.457,7
2018-07-09 12:24:00,120.449,120.458,120.449,120.458,2
2018-07-09 12:25:00,120.465,120.465,120.457,120.457,2
2018-07-09 12:29:00,120.481,120.481,120.465,120.472,16
2018-07-09 12:31:00,120.481,120.496,120.481,120.488,25
2018-07-09 12:33:00,120.496,120.496,120.481,120.488,16
2018-07-09 12:34:00,120.496,120.496,120.481,120.493,5
2018-07-09 12:36:00,120.496,120.496,120.481,120.489,5
2018-07-09 12:37:00,120.481,120.489,120.481,120.489,2
2018-07-09 12:47:00,120.481,120.481,120.465,120.474,4
2018-07-09 12:48:00,120.481,120.481,120.465,120.474,11
2018-07-09 12:49:00,120.465,120.476,120.465,120.476,3
2018-07-09 12:50:00,120.449,120.465,120.449,120.461,9
2018-07-09 12:54:00,120.465,120.465,120.456,120.456,2
2018-07-09 13:02:00,120.449,120.465,120.449,120.458,29
2018-07-09 13:03:00,120.449,120.465,120.449,120.453,5
2018-07-09 13:04:00,120.434,120.449,120.434,120.442,19
2018-07-09 13:05:00,120.434,120.449,120.434,120.441,4
2018-07-09 13:09:00,120.449,120.449,120.441,120.441,2
2018-07-09 13:11:00,120.449,120.449,120.434,120.442,6
2018-07-09 13:13:00,120.434,120.446,120.434,120.446,4
2018-07-09 13:15:00,120.434,120.434,120.418,120.426,8
2018-07-09 13:23:00,120.418,120.426,120.418,120.426,2
2018-07-09 13:24:00,120.434,120.434,120.418,120.425,14
2018-07-09 13:26:00,120.434,120.434,120.418,120.426,22
2018-07-09 13:30:00,120.418,120.426,120.418,120.426,2
2018-07-09 13:32:00,120.418,120.418,120.402,120.414,20
2018-07-09 13:34:00,120.418,120.418,120.402,120.411,4
2018-07-09 13:35:00,120.402,120.411,120.402,120.411,2
2018-07-09 13:36:00,120.418,120.418,120.402,120.409,35
2018-07-09 13:37:00,120.402,120.418,120.402,120.411,27
2018-07-09 13:41:00,120.402,120.402,120.387,120.398,13
2018-07-09 13:42:00,120.402,120.402,120.387,120.395,24
2018-07-09 13:44:00,120.402,120.402,120.387,120.398,4
2018-07-09 13:48:00,120.402,120.402,120.387,120.395,6
2018-07-09 13:49:00,120.402,120.418,120.402,120.409,33
2018-07-09 13:50:00,120.402,120.418,120.402,120.409,17
2018-07-09 13:51:00,120.402,120.418,120.402,120.406,41
2018-07-09 13:57:00,120.418,120.418,120.402,120.409,7
2018-07-09 13:58:00,120.418,120.418,120.402,120.411,28
2018-07-09 13:59:00,120.418,120.418,120.402,120.411,4
2018-07-09 14:00:00,120.418,120.418,120.402,120.411,11
2018-07-09 14:04:00,120.433,120.433,120.425,120.425,2
2018-07-09 14:08:00,120.449,120.449,120.433,120.441,14
2018-07-09 14:11:00,120.433,120.442,120.433,120.442,2
2018-07-09 14:12:00,120.449,120.449,120.441,120.441,2
2018-07-09 14:13:00,120.433,120.442,120.433,120.442,2
2018-07-09 14:14:00,120.449,120.449,120.433,120.438,9
2018-07-09 14:16:00,120.449,120.465,120.449,120.456,7
2018-07-09 14:17:00,120.465,120.465,120.449,120.461,15
2018-07-09 14:19:00,120.449,120.465,120.449,120.458,21
2018-07-09 14:20:00,120.465,120.465,120.456,120.456,2
2018-07-09 14:21:00,120.465,120.465,120.449,120.461,5
2018-07-09 14:22:00,120.465,120.465,120.449,120.458,30
2018-07-09 14:24:00,120.449,120.458,120.449,120.458,2
2018-07-09 14:26:00,120.465,120.465,120.453,120.453,4
2018-07-09 14:33:00,120.465,120.48,120.465,120.472,20
2018-07-09 14:34:00,120.48,120.48,120.465,120.476,24
2018-07-09 14:35:00,120.465,120.473,120.465,120.473,2
2018-07-09 14:37:00,120.449,120.458,120.449,120.458,2
2018-07-09 14:39:00,120.465,120.465,120.456,120.456,2
2018-07-09 14:40:00,120.449,120.465,120.449,120.458,14
2018-07-09 14:41:00,120.449,120.465,120.449,120.456,4
2018-07-09 14:43:00,120.465,120.465,120.449,120.456,7
2018-07-09 14:44:00,120.465,120.465,120.449,120.458,20
2018-07-09 14:45:00,120.449,120.458,120.449,120.458,2
2018-07-09 14:49:00,120.418,120.446,120.418,120.446,6
2018-07-09 14:50:00,120.433,120.449,120.418,120.425,17
2018-07-09 14:53:00,120.433,120.449,120.433,120.44,49
2018-07-09 14:54:00,120.433,120.449,120.433,120.44,4
2018-07-09 14:55:00,120.433,120.449,120.433,120.44,8
2018-07-09 14:56:00,120.449,120.449,120.44,120.44,2
2018-07-09 14:57:00,120.433,120.442,120.433,120.442,2
2018-07-09 15:02:00,120.449,120.449,120.44,120.44,2
2018-07-09 15:04:00,120.449,120.449,120.433,120.445,16
2018-07-09 15:14:00,120.465,120.465,120.456,120.456,2
2018-07-09 15:15:00,120.465,120.465,120.449,120.46,10
2018-07-09 15:16:00,120.449,120.465,120.449,120.457,7
2018-07-09 15:26:00,120.465,120.465,120.449,120.456,21
2018-07-09 15:27:00,120.449,120.457,120.449,120.457,2
2018-07-09 15:28:00,120.449,120.465,120.449,120.456,5
2018-07-09 15:30:00,120.465,120.465,120.453,120.453,4
2018-07-09 15:31:00,120.449,120.457,120.449,120.457,2
2018-07-09 15:34:00,120.433,120.445,120.433,120.445,3
2018-07-09 15:35:00,120.433,120.449,120.433,120.437,6
2018-07-09 15:41:00,120.449,120.449,120.436,120.436,4
2018-07-09 15:48:00,120.465,120.465,120.456,120.456,2
2018-07-09 15:50:00,120.465,120.48,120.465,120.472,4
2018-07-09 15:51:00,120.48,120.48,120.472,120.472,2
2018-07-09 15:58:00,120.496,120.496,120.48,120.487,9
2018-07-09 15:59:00,120.48,120.496,120.48,120.488,7
2018-07-09 16:05:00,120.48,120.48,120.464,120.473,5
2018-07-09 16:15:00,120.48,120.48,120.464,120.473,36
2018-07-09 16:16:00,120.48,120.48,120.464,120.473,9
2018-07-09 16:17:00,120.48,120.48,120.464,120.476,16
2018-07-09 16:21:00,120.48,120.48,120.464,120.473,16
2018-07-09 16:25:00,120.464,120.473,120.464,120.473,2
2018-07-09 16:27:00,120.464,120.48,120.464,120.472,19
2018-07-09 16:29:00,120.464,120.464,120.449,120.457,69
2018-07-09 16:30:00,120.464,120.464,120.449,120.461,14
2018-07-09 16:33:00,120.464,120.464,120.449,120.457,11
2018-07-09 16:34:00,120.464,120.464,120.449,120.457,5
2018-07-09 16:37:00,120.464,120.464,120.449,120.46,10
2018-07-09 16:38:00,120.449,120.464,120.449,120.457,33
2018-07-09 16:39:00,120.449,120.464,120.449,120.456,30
2018-07-09 16:40:00,120.449,120.464,120.449,120.456,4
2018-07-09 16:44:00,120.449,120.449,120.433,120.445,4
2018-07-09 16:45:00,120.433,120.449,120.433,120.445,7
2018-07-09 16:46:00,120.449,120.449,120.433,120.44,17
2018-07-09 16:47:00,120.433,120.445,120.433,120.445,3
2018-07-09 16:49:00,120.433,120.449,120.433,120.44,4
2018-07-09 17:06:00,120.417,120.426,120.417,120.426,2
2018-07-09 17:07:00,120.417,120.433,120.417,120.424,14
2018-07-09 17:08:00,120.433,120.433,120.424,120.424,2
2018-07-09 17:32:00,120.433,120.433,120.417,120.429,18
2018-07-09 17:33:00,120.417,120.43,120.417,120.43,4
2018-07-09 17:35:00,120.417,120.433,120.417,120.424,4
2018-07-09 17:36:00,120.417,120.433,120.417,120.424,4
2018-07-09 17:38:00,120.433,120.433,120.424,120.424,2
2018-07-09 17:39:00,120.433,120.433,120.417,120.426,3
2018-07-09 17:43:00,120.417,120.43,120.417,120.43,4
2018-07-09 17:45:00,120.433,120.433,120.421,120.421,3
2018-07-09 17:47:00,120.417,120.426,120.417,120.426,2
2018-07-09 17:56:00,120.417,120.433,120.417,120.424,6
2018-07-09 18:02:00,120.433,120.433,120.424,120.424,2
2018-07-09 18:04:00,120.417,120.433,120.417,120.426,6
2018-07-09 18:08:00,120.417,120.433,120.417,120.424,16
2018-07-09 18:10:00,120.417,120.433,120.417,120.424,4
2018-07-09 18:25:00,120.401,120.413,120.401,120.413,3
2018-07-09 18:38:00,120.401,120.417,120.401,120.405,8
2018-07-09 18:39:00,120.401,120.417,120.401,120.409,8
2018-07-09 18:41:00,120.417,120.417,120.401,120.406,7
2018-07-09 18:46:00,120.433,120.433,120.424,120.424,2
2018-07-09 18:47:00,120.417,120.426,120.417,120.426,2
2018-07-09 18:48:00,120.417,120.433,120.417,120.42,6
2018-07-09 18:53:00,120.401,120.413,120.401,120.413,3
2018-07-09 18:57:00,120.401,120.417,120.401,120.405,6
2018-07-09 19:00:00,120.417,120.417,120.408,120.408,2
2018-07-09 19:03:00,120.417,120.417,120.401,120.41,16
2018-07-09 19:17:00,120.433,120.433,120.424,120.424,2
2018-07-09 19:19:00,120.417,120.433,120.417,120.425,6
2018-07-09 19:20:00,120.417,120.433,120.417,120.424,5
2018-07-09 19:29:00,120.417,120.417,120.401,120.41,11
2018-07-09 19:30:00,120.417,120.417,120.401,120.41,4
2018-07-09 19:33:00,120.417,120.417,120.401,120.41,5
2018-07-09 19:34:00,120.401,120.41,120.401,120.41,2
2018-07-09 19:35:00,120.417,120.417,120.408,120.408,2
2018-07-09 19:52:00,120.417,120.417,120.401,120.41,13
2018-07-09 19:53:00,120.417,120.417,120.401,120.41,6
2018-07-09 19:55:00,120.417,120.417,120.401,120.41,14
2018-07-09 19:56:00,120.417,120.417,120.401,120.41,4
2018-07-09 20:15:00,120.417,120.417,120.401,120.41,24
2018-07-09 20:16:00,120.417,120.417,120.401,120.41,20
2018-07-09 20:17:00,120.417,120.417,120.401,120.401,31
2018-07-09 20:18:00,120.417,120.417,120.401,120.41,9
2018-07-09 20:19:00,120.417,120.417,120.401,120.41,5
2018-07-09 20:39:00,120.401,120.417,120.401,120.414,8
2018-07-09 20:40:00,120.417,120.417,120.401,120.408,6
2018-07-09 20:47:00,120.417,120.417,120.401,120.412,16
2018-07-09 20:51:00,120.417,120.417,120.401,120.41,9
2018-07-09 20:59:00,120.417,120.417,120.417,120.417,1
2018-07-09 22:00:00,120.401,120.432,120.401,120.432,10
2018-07-09 22:01:00,120.401,120.416,120.401,120.408,15
2018-07-09 22:02:00,120.401,120.416,120.401,120.416,7
2018-07-09 22:03:00,120.401,120.401,120.385,120.397,32
2018-07-09 22:09:00,120.401,120.401,120.385,120.394,9
2018-07-09 22:32:00,120.401,120.416,120.401,120.408,9
2018-07-09 23:10:00,120.416,120.416,120.408,120.408,2
2018-07-09 23:13:00,120.401,120.409,120.401,120.409,2
2018-07-09 23:25:00,120.401,120.401,120.385,120.394,45
2018-07-09 23:28:00,120.401,120.401,120.385,120.393,15
2018-07-09 23:36:00,120.401,120.401,120.385,120.393,19
2018-07-09 23:41:00,120.385,120.393,120.385,120.393,4
2018-07-09 23:42:00,120.385,120.401,120.385,120.389,6
2018-07-09 23:53:00,120.401,120.401,120.385,120.388,9
2018-07-09 23:58:00,120.385,120.401,120.385,120.396,11
2018-07-09 23:59:00,120.401,120.401,120.392,120.392,2
2018-07-10 00:00:00,120.401,120.401,120.385,120.396,16
2018-07-10 00:04:00,120.401,120.401,120.385,120.389,4
2018-07-10 00:12:00,120.385,120.393,120.385,120.393,2
2018-07-10 00:13:00,120.385,120.4,120.385,120.392,4
2018-07-10 00:17:00,120.369,120.385,120.369,120.378,11
2018-07-10 00:18:00,120.369,120.385,120.369,120.376,5
2018-07-10 00:19:00,120.369,120.385,120.369,120.376,11
2018-07-10 00:22:00,120.385,120.385,120.376,120.376,2
2018-07-10 00:28:00,120.369,120.369,120.369,120.369,1
2018-07-10 00:54:00,120.369,120.369,120.353,120.362,7
2018-07-10 00:55:00,120.353,120.365,120.353,120.365,4
2018-07-10 00:56:00,120.353,120.369,120.353,120.361,4
2018-07-10 00:57:00,120.369,120.369,120.357,120.357,3
2018-07-10 00:59:00,120.353,120.369,120.353,120.362,8
2018-07-10 01:22:00,120.338,120.346,120.338,120.346,2
2018-07-10 01:25:00,120.353,120.353,120.345,120.345,2
2018-07-10 01:29:00,120.353,120.353,120.338,120.346,20
2018-07-10 01:32:00,120.353,120.353,120.338,120.346,4
2018-07-10 01:33:00,120.338,120.346,120.338,120.346,2
2018-07-10 01:35:00,120.353,120.353,120.346,120.346,3
2018-07-10 01:41:00,120.369,120.369,120.36,120.36,2
2018-07-10 01:43:00,120.353,120.369,120.353,120.366,18
2018-07-10 03:42:00,120.337,120.346,120.337,120.346,2
2018-07-10 03:45:00,120.337,120.353,120.337,120.344,8
2018-07-10 03:59:00,120.353,120.353,120.344,120.344,2
2018-07-10 04:09:00,120.353,120.353,120.337,120.346,5
2018-07-10 04:22:00,120.337,120.346,120.337,120.346,2
2018-07-10 04:23:00,120.353,120.353,120.34,120.34,4
2018-07-10 04:24:00,120.337,120.346,120.337,120.346,2
2018-07-10 04:27:00,120.353,120.353,120.344,120.344,2
2018-07-10 04:30:00,120.337,120.346,120.337,120.346,2
2018-07-10 04:31:00,120.353,120.353,120.344,120.344,2
2018-07-10 04:52:00,120.337,120.346,120.337,120.346,2
2018-07-10 05:05:00,120.337,120.353,120.337,120.344,4
2018-07-10 05:18:00,120.353,120.353,120.344,120.344,2
2018-07-10 05:19:00,120.353,120.353,120.337,120.346,4
2018-07-10 05:20:00,120.353,120.353,120.337,120.346,4
2018-07-10 05:22:00,120.337,120.344,120.337,120.344,7
2018-07-10 05:31:00,120.353,120.353,120.344,120.344,2
2018-07-10 05:33:00,120.353,120.353,120.337,120.345,4
2018-07-10 05:45:00,120.353,120.368,120.353,120.36,27
2018-07-10 05:48:00,120.368,120.368,120.353,120.36,19
2018-07-10 06:00:00,120.384,120.384,120.375,120.375,3
2018-07-10 06:02:00,120.384,120.4,120.384,120.388,18
2018-07-10 06:08:00,120.4,120.4,120.391,120.391,2
2018-07-10 06:15:00,120.368,120.392,120.368,120.392,25
2018-07-10 06:16:00,120.368,120.384,120.368,120.375,29
2018-07-10 06:17:00,120.384,120.384,120.372,120.372,3
2018-07-10 06:18:00,120.384,120.384,120.368,120.377,24
2018-07-10 06:27:00,120.399,120.399,120.384,120.388,13
2018-07-10 06:28:00,120.384,120.399,120.384,120.392,11
2018-07-10 06:30:00,120.399,120.399,120.391,120.391,3
2018-07-10 06:31:00,120.399,120.399,120.384,120.392,4
2018-07-10 06:32:00,120.384,120.396,120.384,120.396,4
2018-07-10 06:33:00,120.384,120.399,120.384,120.388,16
2018-07-10 06:34:00,120.384,120.399,120.384,120.391,18
2018-07-10 06:39:00,120.384,120.399,120.384,120.391,4
2018-07-10 06:40:00,120.384,120.399,120.384,120.391,16
2018-07-10 06:41:00,120.384,120.399,120.384,120.388,6
2018-07-10 06:44:00,120.399,120.399,120.391,120.391,2
2018-07-10 06:51:00,120.415,120.415,120.407,120.407,2
2018-07-10 06:55:00,120.399,120.408,120.399,120.408,2
2018-07-10 07:00:00,120.384,120.399,120.384,120.392,16
2018-07-10 07:01:00,120.368,120.384,120.368,120.38,8
2018-07-10 07:05:00,120.352,120.364,120.352,120.364,4
2018-07-10 07:06:00,120.352,120.368,120.352,120.368,32
2018-07-10 07:07:00,120.368,120.368,120.352,120.359,17
2018-07-10 07:08:00,120.368,120.368,120.352,120.361,8
2018-07-10 07:14:00,120.352,120.361,120.352,120.361,2
2018-07-10 07:30:00,120.337,120.349,120.337,120.349,4
2018-07-10 07:35:00,120.337,120.337,120.321,120.329,6
2018-07-10 07:36:00,120.337,120.337,120.321,120.333,51
2018-07-10 07:41:00,120.337,120.337,120.321,120.329,6
2018-07-10 07:45:00,120.352,120.352,120.34,120.34,4
2018-07-10 07:46:00,120.337,120.352,120.337,120.345,26
2018-07-10 07:47:00,120.337,120.352,120.337,120.34,6
2018-07-10 07:48:00,120.337,120.352,120.337,120.344,7
2018-07-10 07:51:00,120.337,120.352,120.337,120.352,5
2018-07-10 07:55:00,120.337,120.337,120.321,120.332,27
2018-07-10 07:56:00,120.321,120.337,120.321,120.329,6
2018-07-10 07:57:00,120.321,120.337,120.321,120.325,5
2018-07-10 07:58:00,120.321,120.337,120.321,120.328,20
2018-07-10 08:30:00,120.336,120.336,120.328,120.328,2
2018-07-10 08:31:00,120.336,120.336,120.321,120.329,4
2018-07-10 08:33:00,120.336,120.336,120.321,120.333,34
2018-07-10 08:36:00,120.336,120.336,120.321,120.333,18
2018-07-10 08:37:00,120.321,120.336,120.321,120.329,6
2018-07-10 08:38:00,120.336,120.336,120.328,120.328,2
2018-07-10 08:39:00,120.336,120.336,120.321,120.332,18
2018-07-10 08:43:00,120.336,120.336,120.321,120.329,10
2018-07-10 08:45:00,120.336,120.336,120.321,120.329,8
2018-07-10 08:46:00,120.321,120.336,120.321,120.332,6
2018-07-10 08:50:00,120.321,120.336,120.321,120.328,4
2018-07-10 08:51:00,120.336,120.336,120.328,120.328,2
2018-07-10 08:52:00,120.336,120.336,120.321,120.329,8
2018-07-10 09:01:00,120.352,120.352,120.344,120.344,4
2018-07-10 09:07:00,120.352,120.368,120.352,120.359,4
2018-07-10 09:10:00,120.352,120.368,120.352,120.368,3
2018-07-10 09:26:00,120.336,120.345,120.336,120.345,2
2018-07-10 09:27:00,120.336,120.343,120.336,120.343,4
2018-07-10 09:30:00,120.336,120.352,120.336,120.343,10
2018-07-10 09:34:00,120.336,120.336,120.321,120.329,8
2018-07-10 09:35:00,120.336,120.336,120.321,120.329,21
2018-07-10 09:36:00,120.321,120.336,120.321,120.329,6
2018-07-10 09:40:00,120.336,120.336,120.328,120.328,2
2018-07-10 09:42:00,120.321,120.329,120.321,120.329,2
2018-07-10 09:50:00,120.336,120.336,120.321,120.328,10
2018-07-10 10:01:00,120.336,120.336,120.321,120.329,4
2018-07-10 10:02:00,120.336,120.336,120.321,120.329,4
2018-07-10 10:03:00,120.336,120.336,120.321,120.332,7
2018-07-10 10:04:00,120.336,120.336,120.321,120.332,7
2018-07-10 10:05:00,120.321,120.332,120.321,120.332,4
2018-07-10 10:06:00,120.336,120.336,120.328,120.328,2
2018-07-10 10:16:00,120.336,120.352,120.336,120.343,9
2018-07-10 10:17:00,120.336,120.352,120.336,120.343,28
2018-07-10 10:22:00,120.336,120.352,120.336,120.343,14
2018-07-10 10:27:00,120.336,120.352,120.336,120.343,8
2018-07-10 10:28:00,120.336,120.352,120.336,120.343,4
2018-07-10 10:29:00,120.352,120.352,120.336,120.343,15
2018-07-10 10:30:00,120.352,120.367,120.352,120.359,15
2018-07-10 10:31:00,120.352,120.367,120.352,120.356,11
2018-07-10 10:32:00,120.367,120.367,120.352,120.359,13
2018-07-10 10:40:00,120.352,120.36,120.352,120.36,2
2018-07-10 10:42:00,120.352,120.367,120.352,120.363,4
2018-07-10 11:00:00,120.336,120.345,120.336,120.345,2
2018-07-10 11:02:00,120.336,120.336,120.32,120.329,12
2018-07-10 11:04:00,120.336,120.336,120.32,120.329,57
2018-07-10 11:05:00,120.336,120.336,120.32,120.329,35
2018-07-10 11:06:00,120.32,120.329,120.32,120.329,6
2018-07-10 11:23:00,120.32,120.32,120.305,120.313,32
2018-07-10 11:24:00,120.32,120.32,120.305,120.313,5
2018-07-10 11:30:00,120.336,120.336,120.324,120.324,3
2018-07-10 11:44:00,120.32,120.332,120.32,120.332,3
2018-07-10 12:00:00,120.336,120.336,120.327,120.327,3
2018-07-10 12:01:00,120.336,120.336,120.32,120.329,24
2018-07-10 12:09:00,120.336,120.336,120.32,120.329,4
2018-07-10 12:13:00,120.336,120.336,120.32,120.332,6
2018-07-10 12:19:00,120.351,120.351,120.336,120.343,10
2018-07-10 12:25:00,120.367,120.367,120.359,120.359,2
2018-07-10 12:26:00,120.383,120.383,120.374,120.374,2
2018-07-10 12:27:00,120.367,120.383,120.367,120.376,7
2018-07-10 12:28:00,120.383,120.398,120.367,120.374,31
2018-07-10 12:29:00,120.398,120.398,120.383,120.39,33
2018-07-10 12:30:00,120.383,120.394,120.383,120.394,3
2018-07-10 12:31:00,120.367,120.376,120.367,120.376,3
2018-07-10 12:32:00,120.367,120.383,120.367,120.371,15
2018-07-10 12:33:00,120.351,120.36,120.351,120.36,2
2018-07-10 12:35:00,120.367,120.367,120.359,120.359,2
2018-07-10 12:37:00,120.367,120.383,120.367,120.374,7
2018-07-10 12:38:00,120.351,120.36,120.351,120.36,2
2018-07-10 12:41:00,120.351,120.367,120.351,120.359,6
2018-07-10 12:45:00,120.32,120.344,120.32,120.344,26
2018-07-10 12:46:00,120.32,120.336,120.32,120.324,12
2018-07-10 12:47:00,120.336,120.336,120.328,120.328,3
2018-07-10 12:48:00,120.32,120.332,120.32,120.332,4
2018-07-10 12:51:00,120.32,120.32,120.304,120.313,4
2018-07-10 12:56:00,120.304,120.32,120.304,120.313,16
2018-07-10 12:58:00,120.304,120.304,120.289,120.297,5
2018-07-10 13:07:00,120.304,120.304,120.289,120.297,13
2018-07-10 13:08:00,120.289,120.297,120.289,120.297,2
2018-07-10 13:09:00,120.304,120.304,120.289,120.292,8
2018-07-10 13:16:00,120.304,120.32,120.304,120.311,13
2018-07-10 13:17:00,120.304,120.32,120.304,120.308,19
2018-07-10 13:18:00,120.289,120.3,120.289,120.3,3
2018-07-10 13:23:00,120.304,120.32,120.292,120.292,28
2018-07-10 13:24:00,120.32,120.32,120.304,120.311,14
2018-07-10 13:25:00,120.32,120.336,120.32,120.327,4
2018-07-10 13:29:00,120.32,120.32,120.304,120.313,26
2018-07-10 13:32:00,120.336,120.336,120.32,120.327,22
2018-07-10 13:34:00,120.32,120.328,120.32,120.328,2
2018-07-10 13:37:00,120.304,120.32,120.304,120.313,30
2018-07-10 13:38:00,120.336,120.336,120.311,120.311,20
2018-07-10 13:42:00,120.351,120.351,120.343,120.343,2
2018-07-10 13:45:00,120.351,120.351,120.336,120.348,15
2018-07-10 13:48:00,120.367,120.367,120.336,120.344,21
2018-07-10 13:49:00,120.367,120.367,120.351,120.363,11
2018-07-10 13:50:00,120.351,120.367,120.351,120.363,7
2018-07-10 13:51:00,120.351,120.367,120.351,120.358,13
2018-07-10 13:52:00,120.351,120.367,120.351,120.358,4
2018-07-10 13:53:00,120.367,120.367,120.351,120.355,61
2018-07-10 13:57:00,120.367,120.383,120.367,120.374,4
2018-07-10 14:08:00,120.398,120.398,120.367,120.374,20
2018-07-10 14:10:00,120.414,120.414,120.405,120.405,2
2018-07-10 14:11:00,120.414,120.414,120.398,120.407,4
2018-07-10 14:15:00,120.414,120.414,120.398,120.407,12
2018-07-10 14:16:00,120.383,120.407,120.383,120.407,17
2018-07-10 14:17:00,120.398,120.398,120.383,120.39,26
2018-07-10 14:18:00,120.398,120.398,120.383,120.391,4
2018-07-10 14:20:00,120.383,120.398,120.383,120.391,10
2018-07-10 14:21:00,120.383,120.398,120.383,120.39,9
2018-07-10 14:23:00,120.367,120.375,120.367,120.375,2
2018-07-10 14:26:00,120.382,120.382,120.374,120.374,3
2018-07-10 14:42:00,120.398,120.398,120.39,120.39,2
2018-07-10 14:43:00,120.414,120.414,120.402,120.402,3
2018-07-10 14:44:00,120.398,120.407,120.398,120.407,2
2018-07-10 14:46:00,120.382,120.398,120.382,120.394,46
2018-07-10 14:49:00,120.398,120.398,120.39,120.39,2
2018-07-10 14:51:00,120.382,120.394,120.382,120.394,3
2018-07-10 14:52:00,120.382,120.398,120.382,120.39,10
2018-07-10 15:02:00,120.367,120.375,120.351,120.375,14
2018-07-10 15:03:00,120.351,120.367,120.351,120.36,99
2018-07-10 15:04:00,120.367,120.367,120.351,120.358,6
2018-07-10 15:12:00,120.367,120.382,120.367,120.37,5
2018-07-10 15:17:00,120.351,120.36,120.351,120.36,2
2018-07-10 15:21:00,120.367,120.367,120.358,120.358,2
2018-07-10 15:22:00,120.367,120.367,120.351,120.36,14
2018-07-10 15:26:00,120.351,120.362,120.351,120.362,4
2018-07-10 15:32:00,120.351,120.367,120.351,120.355,5
2018-07-10 15:33:00,120.351,120.367,120.351,120.358,19
2018-07-10 15:35:00,120.367,120.367,120.354,120.354,4
2018-07-10 15:40:00,120.382,120.382,120.367,120.374,19
2018-07-10 15:41:00,120.382,120.382,120.367,120.379,13
2018-07-10 15:43:00,120.367,120.382,120.367,120.375,28
2018-07-10 15:44:00,120.367,120.382,120.367,120.374,5
2018-07-10 15:45:00,120.367,120.382,120.367,120.374,4
2018-07-10 15:50:00,120.351,120.359,120.351,120.359,2
2018-07-10 16:02:00,120.351,120.367,120.351,120.358,6
2018-07-10 16:03:00,120.367,120.367,120.351,120.358,10
2018-07-10 16:04:00,120.351,120.367,120.351,120.362,17
2018-07-10 16:16:00,120.335,120.348,120.335,120.348,3
2018-07-10 16:21:00,120.32,120.331,120.32,120.331,2
2018-07-10 16:26:00,120.319,120.335,120.319,120.327,19
2018-07-10 16:27:00,120.335,120.335,120.327,120.327,2
2018-07-10 16:28:00,120.319,120.328,120.319,120.328,2
2018-07-10 16:31:00,120.319,120.335,120.319,120.327,10
2018-07-10 16:32:00,120.335,120.335,120.319,120.323,7
2018-07-10 16:34:00,120.335,120.335,120.319,120.328,9
2018-07-10 16:35:00,120.335,120.335,120.319,120.328,16
2018-07-10 16:49:00,120.335,120.335,120.319,120.332,18
2018-07-10 17:00:00,120.319,120.335,120.319,120.328,10
2018-07-10 17:01:00,120.319,120.335,120.319,120.324,29
2018-07-10 17:02:00,120.304,120.319,120.304,120.312,17
2018-07-10 17:03:00,120.304,120.319,120.304,120.308,20
2018-07-10 17:08:00,120.288,120.3,120.288,120.3,4
2018-07-10 17:12:00,120.319,120.335,120.272,120.284,130
2018-07-10 17:13:00,120.319,120.335,120.319,120.326,4
2018-07-10 17:17:00,120.335,120.335,120.319,120.326,6
2018-07-10 17:19:00,120.319,120.335,120.319,120.331,11
2018-07-10 17:32:00,120.319,120.335,120.319,120.324,9
2018-07-10 17:33:00,120.319,120.335,120.319,120.324,25
2018-07-10 17:34:00,120.335,120.335,120.323,120.323,2
2018-07-10 17:38:00,120.351,120.351,120.342,120.342,2
2018-07-10 17:41:00,120.351,120.351,120.335,120.343,12
2018-07-10 17:42:00,120.335,120.347,120.335,120.347,3
2018-07-10 17:43:00,120.351,120.351,120.342,120.342,2
2018-07-10 17:54:00,120.366,120.366,120.351,120.354,32
2018-07-10 18:04:00,120.382,120.382,120.366,120.37,8
2018-07-10 18:08:00,120.366,120.375,120.366,120.375,2
2018-07-10 18:09:00,120.351,120.359,120.351,120.359,2
2018-07-10 18:13:00,120.351,120.351,120.335,120.346,6
2018-07-10 18:18:00,120.351,120.351,120.335,120.347,11
2018-07-10 18:19:00,120.35,120.35,120.335,120.343,7
2018-07-10 18:27:00,120.35,120.35,120.335,120.343,4
2018-07-10 18:28:00,120.335,120.343,120.335,120.343,3
2018-07-10 18:29:00,120.35,120.35,120.335,120.342,15
2018-07-10 18:30:00,120.335,120.339,120.335,120.339,2
2018-07-10 18:33:00,120.335,120.335,120.319,120.328,12
2018-07-10 18:34:00,120.335,120.335,120.319,120.328,4
2018-07-10 18:50:00,120.319,120.335,120.319,120.328,6
2018-07-10 18:58:00,120.303,120.312,120.303,120.312,2
2018-07-10 19:00:00,120.319,120.319,120.311,120.311,3
2018-07-10 19:02:00,120.335,120.335,120.319,120.326,9
2018-07-10 19:03:00,120.319,120.335,120.319,120.328,9
2018-07-10 19:06:00,120.335,120.335,120.326,120.326,2
2018-07-10 19:08:00,120.319,120.328,120.319,120.328,3
2018-07-10 19:09:00,120.319,120.335,120.319,120.326,7
2018-07-10 19:27:00,120.335,120.335,120.326,120.326,2
2018-07-10 19:31:00,120.35,120.35,120.342,120.342,2
2018-07-10 19:39:00,120.35,120.35,120.335,120.343,34
2018-07-10 19:41:00,120.335,120.343,120.335,120.343,2
2018-07-10 19:45:00,120.335,120.335,120.319,120.327,4
2018-07-10 19:50:00,120.335,120.335,120.319,120.327,4
2018-07-10 19:51:00,120.335,120.335,120.319,120.327,8
2018-07-10 19:52:00,120.335,120.335,120.319,120.327,4
2018-07-10 19:56:00,120.335,120.335,120.319,120.33,5
2018-07-10 19:58:00,120.35,120.35,120.346,120.346,2
2018-07-10 20:15:00,120.335,120.343,120.335,120.343,2
2018-07-10 20:28:00,120.35,120.35,120.342,120.342,2
2018-07-10 20:38:00,120.334,120.35,120.334,120.343,16
2018-07-10 20:41:00,120.35,120.35,120.342,120.342,2
2018-07-10 20:45:00,120.35,120.35,120.334,120.346,18
2018-07-10 20:49:00,120.334,120.343,120.334,120.343,2
2018-07-10 20:51:00,120.366,120.366,120.342,120.342,4
2018-07-10 20:52:00,120.413,120.413,120.373,120.373,8
2018-07-10 20:53:00,120.444,120.444,120.42,120.42,26
2018-07-10 20:54:00,120.428,120.444,120.428,120.437,19
2018-07-10 20:57:00,120.444,120.444,120.428,120.435,8
2018-07-10 20:59:00,120.444,120.444,120.444,120.444,1
2018-07-10 22:00:00,120.538,120.553,120.538,120.538,5
2018-07-10 22:01:00,120.522,120.531,120.507,120.531,8
2018-07-10 22:02:00,120.538,120.538,120.526,120.526,4
2018-07-10 22:06:00,120.553,120.553,120.538,120.542,37
2018-07-10 22:07:00,120.522,120.546,120.507,120.546,17
2018-07-10 22:08:00,120.522,120.534,120.522,120.529,5
2018-07-10 22:09:00,120.569,120.569,120.526,120.526,17
2018-07-10 22:12:00,120.585,120.585,120.569,120.576,37
2018-07-10 22:13:00,120.569,120.585,120.569,120.582,32
2018-07-10 22:17:00,120.585,120.585,120.553,120.565,14
2018-07-10 22:18:00,120.569,120.578,120.569,120.578,2
2018-07-10 22:20:00,120.6,120.6,120.572,120.572,7
2018-07-10 22:21:00,120.616,120.632,120.585,120.593,31
2018-07-10 22:22:00,120.632,120.647,120.62,120.62,9
2018-07-10 22:23:00,120.616,120.628,120.616,120.628,3
2018-07-10 22:25:00,120.616,120.632,120.616,120.632,13
2018-07-10 22:29:00,120.616,120.632,120.616,120.623,23
2018-07-10 22:30:00,120.632,120.647,120.623,120.623,17
2018-07-10 22:31:00,120.647,120.647,120.639,120.639,2
2018-07-10 22:32:00,120.632,120.644,120.616,120.644,13
2018-07-10 22:33:00,120.616,120.632,120.616,120.625,7
2018-07-10 22:38:00,120.6,120.616,120.6,120.612,10
2018-07-10 22:39:00,120.608,120.616,120.6,120.608,22
2018-07-10 22:40:00,120.6,120.616,120.6,120.612,6
2018-07-10 22:42:00,120.6,120.6,120.585,120.585,5
2018-07-10 22:48:00,120.616,120.632,120.604,120.604,34
2018-07-10 22:49:00,120.632,120.632,120.623,120.623,2
2018-07-10 22:50:00,120.616,120.625,120.616,120.625,2
2018-07-10 22:51:00,120.616,120.632,120.6,120.623,8
2018-07-10 22:52:00,120.585,120.612,120.569,120.612,28
2018-07-10 22:56:00,120.585,120.585,120.569,120.581,9
2018-07-10 22:57:00,120.585,120.585,120.576,120.581,6
2018-07-10 22:58:00,120.6,120.6,120.585,120.592,12
2018-07-10 22:59:00,120.6,120.6,120.585,120.593,4
2018-07-10 23:02:00,120.6,120.6,120.585,120.593,4
2018-07-10 23:03:00,120.6,120.6,120.585,120.593,13
2018-07-10 23:04:00,120.585,120.593,120.585,120.593,2
2018-07-10 23:07:00,120.569,120.577,120.569,120.577,2
2018-07-10 23:08:00,120.585,120.585,120.576,120.576,2
2018-07-10 23:09:00,120.569,120.577,120.569,120.577,2
2018-07-10 23:11:00,120.585,120.585,120.576,120.576,2
2018-07-10 23:12:00,120.569,120.585,120.569,120.577,11
2018-07-10 23:13:00,120.585,120.585,120.569,120.576,16
2018-07-10 23:14:00,120.569,120.577,120.569,120.577,2
2018-07-10 23:23:00,120.569,120.569,120.553,120.562,13
2018-07-10 23:30:00,120.585,120.585,120.569,120.573,43
2018-07-10 23:31:00,120.569,120.577,120.569,120.577,2
2018-07-10 23:32:00,120.585,120.585,120.576,120.576,6
2018-07-10 23:33:00,120.569,120.581,120.553,120.581,13
2018-07-10 23:38:00,120.585,120.585,120.576,120.576,2
2018-07-10 23:42:00,120.6,120.6,120.592,120.592,2
2018-07-10 23:48:00,120.585,120.6,120.585,120.593,36
2018-07-10 23:51:00,120.6,120.6,120.588,120.588,8
2018-07-10 23:53:00,120.585,120.6,120.585,120.593,5
2018-07-10 23:55:00,120.585,120.6,120.585,120.592,12
2018-07-10 23:56:00,120.585,120.6,120.585,120.592,8
2018-07-11 00:00:00,120.569,120.577,120.569,120.577,2
2018-07-11 00:03:00,120.553,120.562,120.553,120.562,2
2018-07-11 00:06:00,120.569,120.569,120.556,120.556,4
2018-07-11 00:07:00,120.553,120.569,120.553,120.562,20
2018-07-11 00:11:00,120.569,120.569,120.553,120.56,7
2018-07-11 00:12:00,120.553,120.562,120.553,120.562,2
2018-07-11 00:15:00,120.569,120.569,120.553,120.56,10
2018-07-11 00:16:00,120.569,120.569,120.553,120.562,4
2018-07-11 00:17:00,120.569,120.569,120.553,120.562,5
2018-07-11 00:20:00,120.569,120.584,120.569,120.576,8
2018-07-11 00:21:00,120.584,120.584,120.576,120.576,2
2018-07-11 00:22:00,120.6,120.6,120.584,120.588,22
2018-07-11 00:23:00,120.616,120.616,120.607,120.607,2
2018-07-11 00:25:00,120.616,120.616,120.6,120.612,10
2018-07-11 00:28:00,120.6,120.612,120.6,120.612,3
2018-07-11 00:29:00,120.616,120.616,120.6,120.607,22
2018-07-11 00:30:00,120.6,120.612,120.6,120.612,3
2018-07-11 00:32:00,120.616,120.616,120.6,120.604,11
2018-07-11 00:34:00,120.6,120.609,120.6,120.609,2
2018-07-11 00:39:00,120.6,120.6,120.584,120.593,7
2018-07-11 00:40:00,120.616,120.616,120.604,120.604,3
2018-07-11 00:55:00,120.631,120.631,120.619,120.619,4
2018-07-11 00:56:00,120.631,120.647,120.631,120.638,34
2018-07-11 00:57:00,120.647,120.647,120.631,120.638,18
2018-07-11 01:02:00,120.663,120.663,120.65,120.65,3
2018-07-11 01:05:00,120.663,120.678,120.663,120.666,7
2018-07-11 01:06:00,120.663,120.678,120.663,120.67,16
2018-07-11 01:08:00,120.663,120.663,120.647,120.658,12
2018-07-11 01:09:00,120.663,120.678,120.647,120.655,18
2018-07-11 01:11:00,120.647,120.655,120.647,120.655,3
2018-07-11 01:12:00,120.663,120.663,120.647,120.654,27
2018-07-11 01:13:00,120.647,120.655,120.647,120.655,2
2018-07-11 01:14:00,120.663,120.663,120.647,120.654,8
2018-07-11 01:16:00,120.663,120.663,120.647,120.658,24
2018-07-11 01:18:00,120.647,120.655,120.647,120.655,2
2018-07-11 01:21:00,120.631,120.643,120.631,120.643,4
2018-07-11 01:26:00,120.616,120.631,120.616,120.628,13
2018-07-11 01:27:00,120.6,120.616,120.6,120.608,8
2018-07-11 01:29:00,120.616,120.616,120.6,120.604,10
2018-07-11 01:32:00,120.6,120.608,120.6,120.608,3
2018-07-11 01:34:00,120.616,120.616,120.607,120.607,2
2018-07-11 01:37:00,120.616,120.631,120.616,120.623,4
2018-07-11 01:40:00,120.6,120.616,120.6,120.608,6
2018-07-11 01:41:00,120.616,120.616,120.6,120.607,7
2018-07-11 01:44:00,120.6,120.612,120.6,120.612,3
2018-07-11 01:45:00,120.616,120.616,120.607,120.607,2
2018-07-11 01:57:00,120.6,120.608,120.6,120.608,2
2018-07-11 02:00:00,120.584,120.6,120.584,120.593,9
2018-07-11 02:01:00,120.584,120.584,120.568,120.58,16
2018-07-11 02:02:00,120.553,120.577,120.553,120.577,13
2018-07-11 02:03:00,120.568,120.568,120.56,120.56,2
2018-07-11 02:04:00,120.553,120.561,120.553,120.561,2
2018-07-11 02:05:00,120.568,120.568,120.56,120.56,2
2018-07-11 02:07:00,120.568,120.584,120.568,120.572,7
2018-07-11 02:08:00,120.584,120.584,120.576,120.576,2
2018-07-11 02:18:00,120.584,120.6,120.584,120.591,23
2018-07-11 02:23:00,120.584,120.584,120.568,120.577,4
2018-07-11 02:24:00,120.568,120.584,120.568,120.577,6
2018-07-11 02:28:00,120.537,120.561,120.537,120.561,4
2018-07-11 02:33:00,120.521,120.537,120.521,120.53,36
2018-07-11 02:34:00,120.521,120.537,120.521,120.526,18
2018-07-11 02:42:00,120.537,120.537,120.529,120.529,2
2018-07-11 02:46:00,120.553,120.553,120.541,120.541,4
2018-07-11 02:53:00,120.568,120.568,120.56,120.56,2
2018-07-11 02:54:00,120.553,120.561,120.553,120.561,2
2018-07-11 02:57:00,120.568,120.568,120.553,120.556,7
2018-07-11 03:01:00,120.553,120.568,120.553,120.561,14
2018-07-11 03:02:00,120.553,120.568,120.553,120.56,8
2018-07-11 03:04:00,120.537,120.546,120.537,120.546,2
2018-07-11 03:06:00,120.537,120.553,120.537,120.54,5
2018-07-11 03:08:00,120.553,120.553,120.553,120.553,1
2018-07-11 03:10:00,120.537,120.549,120.537,120.549,4
2018-07-11 03:12:00,120.553,120.553,120.537,120.541,27
2018-07-11 03:14:00,120.537,120.545,120.537,120.545,2
2018-07-11 03:18:00,120.553,120.553,120.541,120.541,3
2018-07-11 03:30:00,120.537,120.553,120.521,120.545,40
2018-07-11 03:36:00,120.537,120.537,120.521,120.53,4
2018-07-11 03:38:00,120.521,120.53,120.521,120.53,2
2018-07-11 03:39:00,120.537,120.537,120.521,120.525,13
2018-07-11 03:51:00,120.537,120.537,120.521,120.53,5
2018-07-11 04:02:00,120.552,120.552,120.54,120.54,4
2018-07-11 04:08:00,120.537,120.545,120.537,120.545,2
2018-07-11 04:17:00,120.552,120.552,120.537,120.54,13
2018-07-11 04:18:00,120.584,120.584,120.56,120.56,13
2018-07-11 04:19:00,120.584,120.584,120.568,120.577,33
2018-07-11 04:25:00,120.568,120.58,120.568,120.58,3
2018-07-11 05:00:00,120.584,120.584,120.575,120.575,3
2018-07-11 05:05:00,120.584,120.584,120.568,120.58,22
2018-07-11 05:06:00,120.568,120.584,120.568,120.58,28
2018-07-11 05:24:00,120.568,120.568,120.552,120.564,6
2018-07-11 05:27:00,120.568,120.568,120.552,120.561,9
2018-07-11 05:31:00,120.552,120.561,120.552,120.561,2
2018-07-11 05:33:00,120.568,120.568,120.559,120.559,2
2018-07-11 05:50:00,120.568,120.584,120.568,120.575,8
2018-07-11 05:53:00,120.584,120.584,120.568,120.575,6
2018-07-11 06:01:00,120.584,120.599,120.584,120.591,9
2018-07-11 06:03:00,120.583,120.599,120.583,120.588,5
2018-07-11 06:05:00,120.583,120.599,120.583,120.591,4
2018-07-11 06:06:00,120.583,120.599,120.583,120.588,16
2018-07-11 06:10:00,120.583,120.599,120.583,120.587,17
2018-07-11 06:12:00,120.599,120.599,120.583,120.588,9
2018-07-11 06:13:00,120.583,120.599,120.583,120.596,16
2018-07-11 06:14:00,120.583,120.599,120.583,120.591,5
2018-07-11 06:20:00,120.599,120.599,120.591,120.591,2
2018-07-11 06:21:00,120.583,120.599,120.583,120.592,8
2018-07-11 06:22:00,120.599,120.599,120.583,120.587,13
2018-07-11 06:23:00,120.583,120.599,120.583,120.595,24
2018-07-11 06:25:00,120.583,120.583,120.568,120.576,4
2018-07-11 06:27:00,120.568,120.576,120.568,120.576,2
2018-07-11 06:29:00,120.568,120.583,120.568,120.575,4
2018-07-11 06:30:00,120.583,120.583,120.572,120.572,3
2018-07-11 06:31:00,120.568,120.583,120.568,120.576,7
2018-07-11 06:32:00,120.568,120.583,120.568,120.583,7
2018-07-11 06:34:00,120.568,120.568,120.552,120.564,13
2018-07-11 06:36:00,120.583,120.583,120.568,120.575,33
2018-07-11 06:37:00,120.568,120.576,120.568,120.576,2
2018-07-11 06:38:00,120.568,120.583,120.568,120.575,6
2018-07-11 06:39:00,120.583,120.583,120.575,120.575,2
2018-07-11 06:43:00,120.568,120.576,120.568,120.576,2
2018-07-11 06:44:00,120.583,120.583,120.575,120.575,2
2018-07-11 06:46:00,120.568,120.576,120.568,120.576,2
2018-07-11 06:47:00,120.568,120.568,120.552,120.561,12
2018-07-11 06:53:00,120.568,120.583,120.568,120.572,8
2018-07-11 06:55:00,120.583,120.583,120.568,120.575,7
2018-07-11 06:57:00,120.583,120.599,120.583,120.59,8
2018-07-11 06:58:00,120.583,120.599,120.583,120.599,31
2018-07-11 07:02:00,120.552,120.576,120.552,120.576,26
2018-07-11 07:03:00,120.568,120.568,120.552,120.556,56
2018-07-11 07:04:00,120.552,120.568,120.552,120.561,10
2018-07-11 07:05:00,120.568,120.568,120.559,120.559,2
2018-07-11 07:11:00,120.583,120.583,120.575,120.575,2
2018-07-11 07:12:00,120.599,120.599,120.583,120.59,6
2018-07-11 07:13:00,120.599,120.599,120.583,120.592,11
2018-07-11 07:14:00,120.599,120.615,120.599,120.606,5
2018-07-11 07:15:00,120.615,120.63,120.599,120.606,42
2018-07-11 07:16:00,120.615,120.615,120.599,120.607,13
2018-07-11 07:19:00,120.63,120.63,120.615,120.622,7
2018-07-11 07:20:00,120.615,120.63,120.599,120.623,14
2018-07-11 07:22:00,120.599,120.611,120.599,120.611,4
2018-07-11 07:23:00,120.599,120.599,120.583,120.592,9
2018-07-11 07:24:00,120.583,120.599,120.583,120.592,18
2018-07-11 07:27:00,120.583,120.583,120.568,120.576,4
2018-07-11 07:29:00,120.583,120.599,120.583,120.588,15
2018-07-11 07:30:00,120.599,120.599,120.59,120.59,2
2018-07-11 07:31:00,120.599,120.599,120.583,120.592,13
2018-07-11 07:35:00,120.583,120.599,120.583,120.596,8
2018-07-11 07:36:00,120.568,120.576,120.568,120.576,2
2018-07-11 07:38:00,120.583,120.583,120.568,120.575,6
2018-07-11 07:39:00,120.583,120.583,120.568,120.576,4
2018-07-11 07:41:00,120.568,120.583,120.568,120.576,6
2018-07-11 07:42:00,120.568,120.583,120.568,120.572,37
2018-07-11 07:43:00,120.583,120.583,120.568,120.575,14
2018-07-11 07:44:00,120.568,120.583,120.568,120.576,7
2018-07-11 07:45:00,120.583,120.583,120.568,120.575,7
2018-07-11 07:55:00,120.568,120.576,120.568,120.576,2
2018-07-11 07:56:00,120.583,120.583,120.575,120.575,2
2018-07-11 07:59:00,120.583,120.599,120.583,120.59,5
2018-07-11 08:00:00,120.599,120.599,120.583,120.586,18
2018-07-11 08:01:00,120.583,120.596,120.583,120.596,4
2018-07-11 08:02:00,120.583,120.599,120.583,120.59,4
2018-07-11 08:03:00,120.583,120.583,120.567,120.579,5
2018-07-11 08:04:00,120.567,120.583,120.567,120.576,19
2018-07-11 08:05:00,120.583,120.583,120.567,120.575,8
2018-07-11 08:08:00,120.567,120.583,120.567,120.576,10
2018-07-11 08:09:00,120.567,120.583,120.567,120.575,8
2018-07-11 08:10:00,120.583,120.583,120.567,120.572,9
2018-07-11 08:11:00,120.567,120.583,120.567,120.58,13
2018-07-11 08:13:00,120.567,120.575,120.567,120.575,2
2018-07-11 08:18:00,120.583,120.583,120.567,120.575,24
2018-07-11 08:19:00,120.583,120.583,120.567,120.576,13
2018-07-11 08:24:00,120.567,120.583,120.567,120.579,40
2018-07-11 08:29:00,120.552,120.564,120.552,120.564,3
2018-07-11 08:31:00,120.552,120.567,120.552,120.555,5
2018-07-11 08:32:00,120.552,120.552,120.536,120.545,8
2018-07-11 08:33:00,120.536,120.552,120.536,120.548,8
2018-07-11 08:35:00,120.536,120.552,120.536,120.54,24
2018-07-11 08:36:00,120.552,120.552,120.54,120.54,3
2018-07-11 08:45:00,120.552,120.567,120.552,120.559,4
2018-07-11 08:46:00,120.552,120.552,120.536,120.548,6
2018-07-11 08:47:00,120.536,120.545,120.536,120.545,2
2018-07-11 08:48:00,120.552,120.552,120.536,120.543,8
2018-07-11 08:58:00,120.552,120.552,120.536,120.548,5
2018-07-11 09:06:00,120.567,120.567,120.559,120.559,2
2018-07-11 09:09:00,120.552,120.567,120.552,120.56,10
2018-07-11 09:10:00,120.552,120.567,120.552,120.559,24
2018-07-11 09:11:00,120.567,120.567,120.559,120.559,2
2018-07-11 09:15:00,120.567,120.567,120.552,120.56,16
2018-07-11 09:16:00,120.567,120.567,120.552,120.56,13
2018-07-11 09:22:00,120.552,120.567,120.552,120.564,9
2018-07-11 09:23:00,120.552,120.567,120.552,120.559,4
2018-07-11 09:24:00,120.567,120.567,120.552,120.559,31
2018-07-11 09:25:00,120.552,120.567,120.552,120.56,8
2018-07-11 09:26:00,120.567,120.567,120.552,120.559,8
2018-07-11 09:27:00,120.552,120.564,120.552,120.564,4
2018-07-11 09:29:00,120.552,120.567,120.552,120.559,4
2018-07-11 09:31:00,120.567,120.567,120.559,120.559,2
2018-07-11 09:33:00,120.583,120.583,120.567,120.571,7
2018-07-11 09:34:00,120.567,120.583,120.567,120.579,6
2018-07-11 09:35:00,120.567,120.583,120.567,120.571,22
2018-07-11 09:36:00,120.567,120.583,120.567,120.574,7
2018-07-11 09:37:00,120.567,120.583,120.567,120.574,4
2018-07-11 09:40:00,120.583,120.583,120.567,120.574,25
2018-07-11 09:41:00,120.567,120.583,120.567,120.576,14
2018-07-11 09:43:00,120.567,120.583,120.567,120.574,9
2018-07-11 09:51:00,120.567,120.583,120.567,120.574,5
2018-07-11 09:52:00,120.583,120.583,120.567,120.574,21
2018-07-11 09:58:00,120.598,120.599,120.583,120.59,15
2018-07-11 09:59:00,120.598,120.598,120.583,120.591,40
2018-07-11 10:01:00,120.583,120.598,120.583,120.591,18
2018-07-11 10:02:00,120.583,120.598,120.583,120.59,4
2018-07-11 10:05:00,120.598,120.598,120.59,120.59,3
2018-07-11 10:07:00,120.598,120.598,120.583,120.591,15
2018-07-11 10:10:00,120.598,120.614,120.598,120.602,26
2018-07-11 10:12:00,120.598,120.614,120.598,120.606,13
2018-07-11 10:15:00,120.583,120.591,120.583,120.591,2
2018-07-11 10:17:00,120.567,120.576,120.567,120.576,2
2018-07-11 10:18:00,120.583,120.583,120.567,120.57,21
2018-07-11 10:22:00,120.567,120.59,120.567,120.59,40
2018-07-11 10:26:00,120.567,120.567,120.551,120.56,4
2018-07-11 10:35:00,120.551,120.567,120.551,120.56,39
2018-07-11 10:36:00,120.567,120.567,120.559,120.559,2
2018-07-11 10:37:00,120.567,120.567,120.551,120.56,19
2018-07-11 10:38:00,120.551,120.567,120.551,120.56,10
2018-07-11 10:39:00,120.567,120.567,120.551,120.555,12
2018-07-11 10:40:00,120.551,120.56,120.551,120.56,2
2018-07-11 10:43:00,120.551,120.551,120.536,120.544,20
2018-07-11 10:44:00,120.551,120.551,120.536,120.544,10
2018-07-11 10:52:00,120.536,120.544,120.536,120.544,2
2018-07-11 10:56:00,120.504,120.529,120.504,120.529,7
2018-07-11 10:57:00,120.52,120.52,120.504,120.512,14
2018-07-11 10:58:00,120.504,120.52,120.504,120.513,36
2018-07-11 10:59:00,120.504,120.52,120.504,120.512,8
2018-07-11 11:00:00,120.504,120.504,120.489,120.497,26
2018-07-11 11:01:00,120.504,120.52,120.504,120.508,12
2018-07-11 11:03:00,120.52,120.52,120.512,120.512,2
2018-07-11 11:19:00,120.52,120.52,120.504,120.513,10
2018-07-11 11:22:00,120.52,120.536,120.52,120.528,15
2018-07-11 11:39:00,120.52,120.536,120.52,120.524,16
2018-07-11 11:40:00,120.536,120.536,120.527,120.527,2
2018-07-11 11:47:00,120.551,120.551,120.543,120.543,2
2018-07-11 11:48:00,120.536,120.551,120.536,120.544,25
2018-07-11 11:50:00,120.536,120.551,120.536,120.54,11
2018-07-11 11:51:00,120.536,120.551,120.536,120.543,4
2018-07-11 11:54:00,120.536,120.551,120.536,120.543,11
2018-07-11 11:55:00,120.551,120.551,120.543,120.543,2
2018-07-11 11:58:00,120.551,120.567,120.551,120.558,4
2018-07-11 12:00:00,120.551,120.567,120.551,120.554,16
2018-07-11 12:01:00,120.551,120.567,120.551,120.558,4
2018-07-11 12:03:00,120.567,120.567,120.558,120.558,3
2018-07-11 12:05:00,120.551,120.56,120.551,120.56,3
2018-07-11 12:06:00,120.551,120.551,120.536,120.548,17
2018-07-11 12:07:00,120.535,120.544,120.535,120.544,2
2018-07-11 12:08:00,120.535,120.551,120.535,120.543,9
2018-07-11 12:09:00,120.52,120.535,120.52,120.528,20
2018-07-11 12:12:00,120.535,120.535,120.527,120.527,2
2018-07-11 12:13:00,120.504,120.528,120.504,120.528,5
2018-07-11 12:14:00,120.473,120.504,120.473,120.497,32
2018-07-11 12:15:00,120.489,120.489,120.48,120.48,3
2018-07-11 12:16:00,120.52,120.52,120.496,120.496,10
2018-07-11 12:18:00,120.52,120.52,120.504,120.513,11
2018-07-11 12:21:00,120.504,120.52,120.488,120.516,29
2018-07-11 12:22:00,120.488,120.504,120.473,120.5,13
2018-07-11 12:23:00,120.488,120.504,120.488,120.496,5
2018-07-11 12:24:00,120.504,120.504,120.488,120.496,36
2018-07-11 12:27:00,120.488,120.504,120.488,120.5,19
2018-07-11 12:30:00,120.473,120.488,120.457,120.485,95
2018-07-11 12:31:00,120.457,120.473,120.457,120.466,30
2018-07-11 12:32:00,120.441,120.454,120.441,120.454,4
2018-07-11 12:33:00,120.441,120.441,120.426,120.438,55
2018-07-11 12:34:00,120.457,120.457,120.426,120.438,10
2018-07-11 12:35:00,120.441,120.457,120.426,120.45,65
2018-07-11 12:37:00,120.457,120.457,120.441,120.446,14
2018-07-11 12:38:00,120.441,120.441,120.426,120.441,33
2018-07-11 12:40:00,120.426,120.441,120.426,120.434,7
2018-07-11 12:41:00,120.441,120.441,120.433,120.433,2
2018-07-11 12:42:00,120.426,120.434,120.426,120.434,2
2018-07-11 12:43:00,120.441,120.441,120.433,120.433,2
2018-07-11 12:46:00,120.457,120.457,120.446,120.446,4
2018-07-11 12:47:00,120.441,120.473,120.441,120.464,26
2018-07-11 12:48:00,120.457,120.473,120.449,120.449,12
2018-07-11 12:49:00,120.441,120.457,120.441,120.45,13
2018-07-11 12:51:00,120.457,120.457,120.446,120.446,3
2018-07-11 12:53:00,120.441,120.454,120.441,120.454,4
2018-07-11 12:54:00,120.426,120.438,120.426,120.438,3
2018-07-11 12:55:00,120.457,120.535,120.433,120.433,126
2018-07-11 12:56:00,120.504,120.504,120.464,120.464,18
2018-07-11 12:57:00,120.473,120.504,120.473,120.497,33
2018-07-11 12:58:00,120.488,120.488,120.473,120.48,27
2018-07-11 12:59:00,120.457,120.488,120.441,120.484,76
2018-07-11 13:00:00,120.441,120.457,120.441,120.45,58
2018-07-11 13:01:00,120.41,120.441,120.41,120.434,27
2018-07-11 13:02:00,120.441,120.441,120.414,120.414,5
2018-07-11 13:05:00,120.441,120.457,120.441,120.446,56
2018-07-11 13:06:00,120.457,120.457,120.441,120.449,17
2018-07-11 13:07:00,120.457,120.473,120.457,120.464,8
2018-07-11 13:08:00,120.457,120.473,120.457,120.46,5
2018-07-11 13:09:00,120.457,120.473,120.457,120.464,34
2018-07-11 13:10:00,120.441,120.457,120.441,120.45,8
2018-07-11 13:11:00,120.441,120.457,120.441,120.445,6
2018-07-11 13:12:00,120.473,120.473,120.446,120.446,5
2018-07-11 13:13:00,120.473,120.473,120.457,120.466,4
2018-07-11 13:14:00,120.473,120.473,120.457,120.466,11
2018-07-11 13:15:00,120.473,120.473,120.457,120.466,9
2018-07-11 13:16:00,120.473,120.473,120.457,120.466,5
2018-07-11 13:19:00,120.488,120.488,120.473,120.48,9
2018-07-11 13:20:00,120.473,120.488,120.473,120.485,16
2018-07-11 13:23:00,120.473,120.488,120.473,120.48,6
2018-07-11 13:25:00,120.473,120.488,120.473,120.476,23
2018-07-11 13:27:00,120.488,120.488,120.48,120.48,2
2018-07-11 13:28:00,120.504,120.504,120.488,120.495,14
2018-07-11 13:29:00,120.504,120.504,120.488,120.497,6
2018-07-11 13:31:00,120.488,120.504,120.488,120.497,39
2018-07-11 13:33:00,120.473,120.488,120.473,120.485,10
2018-07-11 13:36:00,120.457,120.465,120.457,120.465,2
2018-07-11 13:37:00,120.441,120.45,120.441,120.45,2
2018-07-11 13:38:00,120.457,120.457,120.445,120.445,4
2018-07-11 13:39:00,120.441,120.457,120.441,120.453,24
2018-07-11 13:40:00,120.457,120.457,120.448,120.448,8
2018-07-11 13:41:00,120.457,120.473,120.457,120.464,27
2018-07-11 13:44:00,120.473,120.473,120.464,120.464,2
2018-07-11 13:46:00,120.473,120.488,120.473,120.48,12
2018-07-11 13:51:00,120.457,120.465,120.457,120.465,2
2018-07-11 13:52:00,120.457,120.473,120.457,120.464,8
2018-07-11 13:55:00,120.457,120.457,120.441,120.45,9
2018-07-11 13:58:00,120.473,120.473,120.464,120.464,2
2018-07-11 14:00:00,120.457,120.473,120.457,120.465,55
2018-07-11 14:01:00,120.457,120.457,120.441,120.45,4
2018-07-11 14:02:00,120.441,120.453,120.441,120.453,3
2018-07-11 14:03:00,120.426,120.434,120.426,120.434,2
2018-07-11 14:11:00,120.426,120.441,120.426,120.433,5
2018-07-11 14:17:00,120.41,120.422,120.41,120.422,4
2018-07-11 14:18:00,120.425,120.426,120.41,120.414,25
2018-07-11 14:20:00,120.41,120.422,120.41,120.422,4
2018-07-11 14:26:00,120.394,120.403,120.394,120.403,4
2018-07-11 14:29:00,120.379,120.39,120.379,120.39,4
2018-07-11 14:30:00,120.363,120.379,120.363,120.371,36
2018-07-11 14:34:00,120.379,120.379,120.363,120.37,82
2018-07-11 14:35:00,120.379,120.394,120.379,120.382,15
2018-07-11 14:36:00,120.379,120.394,120.379,120.382,34
2018-07-11 14:39:00,120.394,120.394,120.378,120.386,6
2018-07-11 14:42:00,120.394,120.394,120.378,120.39,6
2018-07-11 14:45:00,120.394,120.41,120.394,120.401,54
2018-07-11 14:46:00,120.394,120.394,120.378,120.39,5
2018-07-11 14:47:00,120.394,120.394,120.378,120.387,4
2018-07-11 14:48:00,120.41,120.41,120.394,120.401,21
2018-07-11 14:49:00,120.41,120.41,120.394,120.406,11
2018-07-11 14:50:00,120.41,120.41,120.394,120.403,6
2018-07-11 14:56:00,120.41,120.41,120.394,120.403,8
2018-07-11 14:58:00,120.41,120.41,120.394,120.403,24
2018-07-11 14:59:00,120.41,120.41,120.394,120.403,17
2018-07-11 15:00:00,120.394,120.41,120.394,120.403,7
2018-07-11 15:01:00,120.378,120.394,120.378,120.39,20
2018-07-11 15:02:00,120.394,120.394,120.378,120.386,20
2018-07-11 15:04:00,120.41,120.41,120.401,120.401,2
2018-07-11 15:05:00,120.41,120.41,120.394,120.403,4
2018-07-11 15:06:00,120.394,120.41,120.394,120.403,7
2018-07-11 15:08:00,120.41,120.41,120.394,120.398,32
2018-07-11 15:10:00,120.425,120.425,120.41,120.413,8
2018-07-11 15:13:00,120.41,120.425,120.41,120.418,6
2018-07-11 15:16:00,120.394,120.41,120.394,120.403,14
2018-07-11 15:17:00,120.41,120.41,120.401,120.401,2
2018-07-11 15:18:00,120.425,120.425,120.394,120.403,11
2018-07-11 15:19:00,120.41,120.425,120.41,120.418,30
2018-07-11 15:20:00,120.425,120.425,120.41,120.417,6
2018-07-11 15:21:00,120.425,120.441,120.425,120.432,8
2018-07-11 15:22:00,120.425,120.425,120.41,120.422,11
2018-07-11 15:23:00,120.41,120.425,120.41,120.418,8
2018-07-11 15:25:00,120.41,120.425,120.41,120.417,11
2018-07-11 15:26:00,120.425,120.425,120.414,120.414,4
2018-07-11 15:27:00,120.425,120.441,120.425,120.43,21
2018-07-11 15:28:00,120.425,120.441,120.425,120.432,56
2018-07-11 15:29:00,120.425,120.441,120.425,120.432,24
2018-07-11 15:30:00,120.441,120.441,120.43,120.43,4
2018-07-11 15:34:00,120.457,120.457,120.441,120.448,16
2018-07-11 15:35:00,120.441,120.457,120.441,120.449,39
2018-07-11 15:38:00,120.441,120.457,120.441,120.444,5
2018-07-11 15:39:00,120.457,120.457,120.448,120.448,2
2018-07-11 15:42:00,120.457,120.457,120.441,120.449,15
2018-07-11 15:43:00,120.457,120.457,120.441,120.449,4
2018-07-11 15:44:00,120.457,120.472,120.457,120.464,4
2018-07-11 15:45:00,120.457,120.472,120.457,120.46,6
2018-07-11 15:46:00,120.457,120.472,120.457,120.464,20
2018-07-11 15:48:00,120.441,120.457,120.441,120.453,12
2018-07-11 15:56:00,120.425,120.434,120.425,120.434,2
2018-07-11 15:58:00,120.41,120.418,120.41,120.418,3
2018-07-11 15:59:00,120.425,120.425,120.417,120.417,3
2018-07-11 16:04:00,120.41,120.425,120.41,120.418,6
2018-07-11 16:08:00,120.41,120.425,120.41,120.417,9
2018-07-11 16:11:00,120.41,120.41,120.394,120.406,15
2018-07-11 16:13:00,120.41,120.425,120.41,120.417,8
2018-07-11 16:19:00,120.425,120.425,120.417,120.417,2
2018-07-11 16:23:00,120.425,120.425,120.41,120.418,4
2018-07-11 16:29:00,120.409,120.418,120.409,120.418,2
2018-07-11 16:30:00,120.394,120.402,120.394,120.402,3
2018-07-11 16:33:00,120.378,120.387,120.378,120.387,2
2018-07-11 16:36:00,120.394,120.409,120.382,120.382,24
2018-07-11 16:37:00,120.409,120.409,120.394,120.401,16
2018-07-11 16:38:00,120.394,120.402,120.394,120.402,2
2018-07-11 16:42:00,120.394,120.409,120.394,120.401,8
2018-07-11 16:43:00,120.394,120.409,120.394,120.401,8
2018-07-11 16:46:00,120.394,120.409,120.394,120.401,15
2018-07-11 16:53:00,120.394,120.394,120.378,120.387,12
2018-07-11 16:54:00,120.394,120.394,120.378,120.387,13
2018-07-11 16:55:00,120.409,120.409,120.394,120.401,25
2018-07-11 16:56:00,120.409,120.409,120.394,120.402,66
2018-07-11 17:00:00,120.394,120.402,120.394,120.402,2
2018-07-11 17:01:00,120.425,120.425,120.394,120.401,123
2018-07-11 17:02:00,120.425,120.441,120.425,120.432,28
2018-07-11 17:03:00,120.425,120.441,120.425,120.429,8
2018-07-11 17:04:00,120.441,120.441,120.425,120.432,6
2018-07-11 17:05:00,120.425,120.441,120.425,120.437,26
2018-07-11 17:06:00,120.425,120.441,120.409,120.428,12
2018-07-11 17:07:00,120.441,120.441,120.425,120.432,6
2018-07-11 17:08:00,120.425,120.441,120.425,120.434,6
2018-07-11 17:09:00,120.441,120.441,120.429,120.429,3
2018-07-11 17:10:00,120.456,120.456,120.441,120.448,16
2018-07-11 17:11:00,120.441,120.449,120.425,120.449,8
2018-07-11 17:12:00,120.441,120.456,120.441,120.448,13
2018-07-11 17:15:00,120.441,120.456,120.441,120.448,4
2018-07-11 17:17:00,120.441,120.456,120.441,120.448,4
2018-07-11 17:18:00,120.441,120.456,120.441,120.448,3
2018-07-11 17:21:00,120.441,120.441,120.425,120.434,4
2018-07-11 17:22:00,120.425,120.434,120.425,120.434,2
2018-07-11 17:24:00,120.441,120.441,120.428,120.428,4
2018-07-11 17:25:00,120.441,120.456,120.441,120.448,25
2018-07-11 17:29:00,120.425,120.436,120.425,120.436,4
2018-07-11 17:31:00,120.409,120.425,120.409,120.418,10
2018-07-11 17:35:00,120.409,120.425,120.409,120.416,5
2018-07-11 17:37:00,120.409,120.425,120.409,120.413,10
2018-07-11 17:45:00,120.409,120.425,120.409,120.416,12
2018-07-11 17:46:00,120.409,120.425,120.409,120.425,3
2018-07-11 17:47:00,120.409,120.425,120.409,120.416,9
2018-07-11 17:48:00,120.409,120.425,120.409,120.416,43
2018-07-11 17:52:00,120.409,120.409,120.402,120.402,4
2018-07-11 17:53:00,120.409,120.425,120.409,120.416,18
2018-07-11 17:54:00,120.441,120.441,120.413,120.413,6
2018-07-11 17:55:00,120.425,120.441,120.425,120.433,20
2018-07-11 17:58:00,120.441,120.441,120.425,120.428,14
2018-07-11 18:05:00,120.456,120.456,120.448,120.448,2
2018-07-11 18:06:00,120.472,120.472,120.463,120.463,2
2018-07-11 18:07:00,120.456,120.468,120.456,120.468,4
2018-07-11 18:08:00,120.472,120.488,120.463,120.463,17
2018-07-11 18:09:00,120.503,120.503,120.476,120.476,6
2018-07-11 18:10:00,120.519,120.519,120.506,120.506,3
2018-07-11 18:11:00,120.534,120.55,120.523,120.523,12
2018-07-11 18:12:00,120.55,120.55,120.538,120.538,3
2018-07-11 18:13:00,120.55,120.55,120.534,120.543,8
2018-07-11 18:14:00,120.55,120.55,120.534,120.543,45
2018-07-11 18:15:00,120.55,120.55,120.534,120.543,28
2018-07-11 18:16:00,120.55,120.55,120.543,120.543,7
2018-07-11 18:19:00,120.566,120.566,120.557,120.557,2
2018-07-11 18:20:00,120.55,120.559,120.55,120.559,2
2018-07-11 18:21:00,120.55,120.566,120.55,120.554,16
2018-07-11 18:23:00,120.55,120.55,120.534,120.534,31
2018-07-11 18:24:00,120.55,120.55,120.534,120.543,13
2018-07-11 18:25:00,120.534,120.543,120.534,120.543,2
2018-07-11 18:27:00,120.519,120.534,120.519,120.527,19
2018-07-11 18:28:00,120.534,120.534,120.519,120.526,14
2018-07-11 18:29:00,120.519,120.534,120.519,120.527,8
2018-07-11 18:30:00,120.519,120.519,120.503,120.516,15
2018-07-11 18:31:00,120.519,120.534,120.519,120.526,23
2018-07-11 18:32:00,120.503,120.519,120.503,120.515,18
2018-07-11 18:33:00,120.519,120.519,120.496,120.496,37
2018-07-11 18:35:00,120.519,120.519,120.503,120.512,4
2018-07-11 18:36:00,120.534,120.534,120.503,120.512,68
2018-07-11 18:37:00,120.519,120.534,120.519,120.527,6
2018-07-11 18:38:00,120.519,120.534,120.519,120.523,21
2018-07-11 18:40:00,120.519,120.534,120.519,120.522,6
2018-07-11 18:41:00,120.534,120.534,120.519,120.526,11
2018-07-11 18:42:00,120.534,120.534,120.519,120.53,18
2018-07-11 18:43:00,120.503,120.534,120.503,120.527,29
2018-07-11 18:44:00,120.519,120.519,120.503,120.51,49
2018-07-11 18:46:00,120.534,120.534,120.526,120.526,2
2018-07-11 18:47:00,120.534,120.534,120.519,120.527,6
2018-07-11 18:48:00,120.519,120.534,120.519,120.526,11
2018-07-11 18:49:00,120.519,120.519,120.503,120.516,9
2018-07-11 18:52:00,120.534,120.534,120.526,120.526,2
2018-07-11 18:56:00,120.55,120.55,120.542,120.542,2
2018-07-11 18:58:00,120.534,120.543,120.534,120.543,2
2018-07-11 19:01:00,120.519,120.534,120.519,120.527,13
2018-07-11 19:05:00,120.534,120.534,120.522,120.522,4
2018-07-11 19:19:00,120.519,120.527,120.519,120.527,2
2018-07-11 19:32:00,120.503,120.512,120.503,120.512,3
2018-07-11 19:38:00,120.519,120.519,120.503,120.506,15
2018-07-11 19:39:00,120.503,120.511,120.503,120.511,2
2018-07-11 19:41:00,120.519,120.519,120.507,120.507,2
2018-07-11 19:44:00,120.534,120.534,120.526,120.526,16
2018-07-11 19:45:00,120.519,120.534,120.519,120.527,10
2018-07-11 19:46:00,120.534,120.534,120.526,120.526,2
2018-07-11 19:55:00,120.519,120.534,120.519,120.527,6
2018-07-11 19:59:00,120.534,120.534,120.526,120.526,2
2018-07-11 20:15:00,120.565,120.565,120.541,120.541,5
2018-07-11 20:18:00,120.565,120.581,120.565,120.573,6
2018-07-11 20:19:00,120.581,120.581,120.565,120.569,20
2018-07-11 20:25:00,120.565,120.574,120.565,120.574,2
2018-07-11 20:28:00,120.534,120.558,120.534,120.558,4
2018-07-11 20:30:00,120.534,120.55,120.534,120.541,6
2018-07-11 20:34:00,120.55,120.55,120.541,120.541,2
2018-07-11 20:35:00,120.534,120.546,120.534,120.534,9
2018-07-11 20:42:00,120.55,120.55,120.541,120.541,2
2018-07-11 20:47:00,120.518,120.546,120.518,120.546,8
2018-07-11 20:48:00,120.503,120.511,120.503,120.511,3
2018-07-11 20:49:00,120.456,120.5,120.409,120.5,61
2018-07-11 20:50:00,120.456,120.471,120.456,120.463,5
2018-07-11 20:51:00,120.471,120.487,120.463,120.463,9
2018-07-11 20:52:00,120.471,120.487,120.471,120.475,41
2018-07-11 20:55:00,120.456,120.471,120.456,120.464,5
2018-07-11 20:56:00,120.456,120.471,120.456,120.463,21
2018-07-11 20:59:00,120.456,120.456,120.456,120.456,1
2018-07-11 22:00:00,120.456,120.456,120.456,120.456,1
2018-07-11 22:01:00,120.471,120.471,120.463,120.463,2
2018-07-11 22:05:00,120.487,120.487,120.478,120.478,2
2018-07-11 22:06:00,120.471,120.48,120.471,120.48,2
2018-07-11 22:09:00,120.487,120.487,120.478,120.478,10
2018-07-11 22:26:00,120.503,120.503,120.491,120.491,4
2018-07-11 22:46:00,120.518,120.518,120.502,120.51,11
2018-07-11 22:47:00,120.502,120.511,120.502,120.511,2
2018-07-11 22:51:00,120.518,120.518,120.51,120.51,2
2018-07-11 22:52:00,120.502,120.514,120.502,120.514,4
2018-07-11 23:06:00,120.518,120.518,120.51,120.51,2
2018-07-11 23:07:00,120.518,120.518,120.502,120.511,5
2018-07-11 23:08:00,120.518,120.518,120.502,120.514,18
2018-07-11 23:09:00,120.502,120.514,120.502,120.514,4
2018-07-11 23:13:00,120.518,120.518,120.506,120.506,3
2018-07-11 23:14:00,120.502,120.511,120.502,120.511,2
2018-07-11 23:39:00,120.487,120.499,120.487,120.499,3
2018-07-11 23:54:00,120.471,120.479,120.471,120.479,2
2018-07-11 23:55:00,120.455,120.467,120.455,120.467,4
2018-07-12 00:08:00,120.471,120.471,120.462,120.462,2
2018-07-12 00:09:00,120.455,120.471,120.455,120.464,15
2018-07-12 00:11:00,120.455,120.471,120.455,120.471,9
2018-07-12 00:16:00,120.455,120.471,120.455,120.462,8
2018-07-12 00:17:00,120.455,120.471,120.455,120.462,18
2018-07-12 00:20:00,120.455,120.471,120.455,120.459,6
2018-07-12 00:21:00,120.455,120.471,120.455,120.471,3
2018-07-12 00:23:00,120.455,120.471,120.455,120.459,5
2018-07-12 00:46:00,120.439,120.448,120.439,120.448,3
2018-07-12 00:52:00,120.424,120.432,120.424,120.432,2
2018-07-12 00:55:00,120.439,120.439,120.431,120.431,2
2018-07-12 01:25:00,120.455,120.455,120.447,120.447,3
2018-07-12 01:28:00,120.439,120.451,120.439,120.451,3
2018-07-12 01:34:00,120.424,120.432,120.424,120.432,2
2018-07-12 01:36:00,120.408,120.417,120.392,120.417,22
2018-07-12 01:37:00,120.408,120.408,120.392,120.401,17
2018-07-12 01:38:00,120.408,120.408,120.392,120.404,30
2018-07-12 01:39:00,120.408,120.408,120.392,120.401,16
2018-07-12 01:40:00,120.408,120.408,120.392,120.401,5
2018-07-12 01:43:00,120.392,120.401,120.392,120.401,2
2018-07-12 01:44:00,120.392,120.408,120.392,120.399,6
2018-07-12 01:46:00,120.408,120.408,120.399,120.399,2
2018-07-12 01:50:00,120.424,120.424,120.412,120.412,4
2018-07-12 01:51:00,120.408,120.416,120.408,120.416,2
2018-07-12 01:53:00,120.424,120.424,120.412,120.412,2
2018-07-12 01:57:00,120.408,120.424,120.408,120.416,7
2018-07-12 02:03:00,120.408,120.424,120.408,120.412,22
2018-07-12 02:04:00,120.424,120.424,120.415,120.415,2
2018-07-12 02:15:00,120.439,120.439,120.431,120.431,3
2018-07-12 02:36:00,120.423,120.435,120.423,120.435,4
2018-07-12 02:38:00,120.423,120.423,120.408,120.416,4
2018-07-12 03:19:00,120.408,120.42,120.408,120.42,4
2018-07-12 03:21:00,120.423,120.423,120.423,120.423,1
2018-07-12 03:36:00,120.408,120.416,120.408,120.416,2
2018-07-12 03:37:00,120.408,120.423,120.408,120.412,12
2018-07-12 03:39:00,120.408,120.423,120.408,120.412,20
2018-07-12 03:42:00,120.423,120.423,120.412,120.412,4
2018-07-12 03:43:00,120.423,120.423,120.408,120.416,19
2018-07-12 03:45:00,120.408,120.416,120.408,120.416,2
2018-07-12 03:46:00,120.423,120.423,120.408,120.415,7
2018-07-12 03:47:00,120.408,120.423,120.408,120.416,6
2018-07-12 03:49:00,120.408,120.423,120.408,120.415,4
2018-07-12 03:50:00,120.423,120.423,120.415,120.415,2
2018-07-12 04:01:00,120.408,120.416,120.408,120.416,3
2018-07-12 04:20:00,120.392,120.4,120.392,120.4,2
2018-07-12 04:23:00,120.408,120.408,120.392,120.399,27
2018-07-12 04:24:00,120.392,120.408,120.392,120.4,12
2018-07-12 04:25:00,120.408,120.408,120.399,120.399,2
2018-07-12 04:59:00,120.407,120.407,120.392,120.4,6
2018-07-12 05:04:00,120.392,120.4,120.392,120.4,2
2018-07-12 05:59:00,120.392,120.407,120.392,120.399,5
2018-07-12 06:00:00,120.392,120.407,120.392,120.399,11
2018-07-12 06:02:00,120.407,120.407,120.399,120.399,2
2018-07-12 06:03:00,120.392,120.4,120.392,120.4,3
2018-07-12 06:12:00,120.376,120.388,120.376,120.388,16
2018-07-12 06:21:00,120.376,120.392,120.376,120.383,10
2018-07-12 06:23:00,120.376,120.392,120.376,120.383,15
2018-07-12 06:30:00,120.36,120.369,120.36,120.369,2
2018-07-12 06:31:00,120.345,120.36,120.345,120.353,52
2018-07-12 06:42:00,120.36,120.36,120.352,120.352,2
2018-07-12 06:50:00,120.36,120.36,120.344,120.353,25
2018-07-12 07:00:00,120.36,120.376,120.36,120.367,12
2018-07-12 07:15:00,120.376,120.376,120.364,120.364,3
2018-07-12 07:18:00,120.36,120.376,120.36,120.369,12
2018-07-12 07:19:00,120.376,120.376,120.36,120.367,41
2018-07-12 07:25:00,120.376,120.376,120.36,120.369,6
2018-07-12 07:26:00,120.36,120.369,120.36,120.369,2
2018-07-12 07:27:00,120.36,120.376,120.36,120.367,24
2018-07-12 07:28:00,120.376,120.376,120.36,120.367,6
2018-07-12 07:32:00,120.391,120.391,120.376,120.383,23
2018-07-12 07:41:00,120.407,120.407,120.398,120.398,2
2018-07-12 07:45:00,120.407,120.407,120.391,120.4,4
2018-07-12 08:00:00,120.391,120.4,120.391,120.4,2
2018-07-12 08:01:00,120.407,120.407,120.391,120.395,7
2018-07-12 08:02:00,120.391,120.407,120.391,120.4,6
2018-07-12 08:10:00,120.391,120.407,120.391,120.398,10
2018-07-12 08:12:00,120.407,120.407,120.394,120.394,3
2018-07-12 08:16:00,120.391,120.4,120.391,120.4,3
2018-07-12 08:26:00,120.407,120.407,120.398,120.398,2
2018-07-12 08:28:00,120.391,120.4,120.391,120.4,2
2018-07-12 08:37:00,120.391,120.407,120.391,120.398,6
2018-07-12 08:38:00,120.407,120.407,120.391,120.398,6
2018-07-12 08:54:00,120.391,120.4,120.391,120.4,3
2018-07-12 08:55:00,120.438,120.438,120.395,120.395,31
2018-07-12 08:56:00,120.454,120.469,120.445,120.445,13
2018-07-12 08:57:00,120.422,120.447,120.422,120.447,5
2018-07-12 08:58:00,120.407,120.418,120.407,120.418,4
2018-07-12 09:00:00,120.375,120.404,120.375,120.404,17
2018-07-12 09:01:00,120.375,120.391,120.375,120.379,5
2018-07-12 09:02:00,120.375,120.375,120.36,120.368,46
2018-07-12 09:03:00,120.375,120.375,120.36,120.372,16
2018-07-12 09:04:00,120.375,120.375,120.36,120.368,8
2018-07-12 09:05:00,120.36,120.368,120.36,120.368,2
2018-07-12 09:06:00,120.375,120.375,120.364,120.364,2
2018-07-12 09:13:00,120.36,120.375,120.36,120.368,14
2018-07-12 09:14:00,120.36,120.375,120.36,120.364,25
2018-07-12 09:15:00,120.36,120.375,120.36,120.364,8
2018-07-12 09:16:00,120.375,120.375,120.364,120.364,2
2018-07-12 09:19:00,120.375,120.391,120.375,120.383,12
2018-07-12 09:21:00,120.391,120.391,120.375,120.383,10
2018-07-12 09:28:00,120.391,120.391,120.375,120.387,7
2018-07-12 09:30:00,120.375,120.384,120.375,120.384,2
2018-07-12 09:33:00,120.391,120.391,120.383,120.383,2
2018-07-12 09:35:00,120.375,120.384,120.375,120.384,2
2018-07-12 09:55:00,120.375,120.391,120.375,120.382,12
2018-07-12 10:01:00,120.391,120.391,120.375,120.382,6
2018-07-12 10:03:00,120.391,120.391,120.375,120.384,4
2018-07-12 10:20:00,120.391,120.391,120.375,120.384,12
2018-07-12 10:21:00,120.375,120.384,120.375,120.384,2
2018-07-12 10:26:00,120.36,120.375,120.36,120.368,36
2018-07-12 10:29:00,120.36,120.36,120.344,120.352,10
2018-07-12 10:30:00,120.344,120.36,120.344,120.352,19
2018-07-12 10:31:00,120.36,120.36,120.344,120.351,14
2018-07-12 10:38:00,120.344,120.352,120.344,120.352,3
2018-07-12 10:41:00,120.328,120.344,120.328,120.337,31
2018-07-12 10:43:00,120.328,120.344,120.328,120.335,13
2018-07-12 10:54:00,120.312,120.328,120.312,120.324,16
2018-07-12 11:02:00,120.328,120.328,120.312,120.32,15
2018-07-12 11:03:00,120.344,120.344,120.332,120.332,3
2018-07-12 11:06:00,120.328,120.344,120.328,120.337,15
2018-07-12 11:07:00,120.344,120.344,120.332,120.332,13
2018-07-12 11:09:00,120.344,120.344,120.328,120.337,8
2018-07-12 11:10:00,120.328,120.344,120.328,120.337,18
2018-07-12 11:11:00,120.344,120.344,120.328,120.335,16
2018-07-12 11:15:00,120.344,120.344,120.328,120.337,4
2018-07-12 11:17:00,120.328,120.344,120.328,120.337,10
2018-07-12 11:26:00,120.312,120.321,120.312,120.321,2
2018-07-12 11:30:00,120.312,120.328,120.312,120.32,10
2018-07-12 11:31:00,120.312,120.328,120.312,120.32,14
2018-07-12 11:33:00,120.328,120.328,120.32,120.32,2
2018-07-12 11:41:00,120.312,120.321,120.312,120.321,2
2018-07-12 11:43:00,120.312,120.328,120.312,120.319,12
2018-07-12 11:44:00,120.328,120.328,120.32,120.32,2
2018-07-12 11:46:00,120.328,120.344,120.328,120.335,4
2018-07-12 11:49:00,120.328,120.344,120.328,120.335,4
2018-07-12 11:53:00,120.344,120.344,120.328,120.335,6
2018-07-12 12:02:00,120.359,120.359,120.344,120.351,11
2018-07-12 12:03:00,120.359,120.359,120.344,120.344,2
2018-07-12 12:04:00,120.359,120.359,120.344,120.352,4
2018-07-12 12:15:00,120.375,120.375,120.366,120.366,2
2018-07-12 12:17:00,120.359,120.368,120.359,120.368,3
2018-07-12 12:18:00,120.344,120.356,120.344,120.356,3
2018-07-12 12:19:00,120.344,120.359,120.344,120.351,4
2018-07-12 12:21:00,120.328,120.336,120.328,120.336,2
2018-07-12 12:24:00,120.344,120.344,120.335,120.335,2
2018-07-12 12:25:00,120.328,120.336,120.328,120.336,2
2018-07-12 12:28:00,120.312,120.328,120.312,120.321,13
2018-07-12 12:29:00,120.32,120.328,120.289,120.305,258
2018-07-12 12:30:00,120.344,120.359,120.304,120.324,143
2018-07-12 12:31:00,120.375,120.375,120.344,120.348,45
2018-07-12 12:32:00,120.359,120.375,120.359,120.372,20
2018-07-12 12:33:00,120.344,120.352,120.344,120.352,2
2018-07-12 12:34:00,120.297,120.336,120.297,120.336,30
2018-07-12 12:37:00,120.312,120.312,120.304,120.304,2
2018-07-12 12:38:00,120.344,120.344,120.316,120.316,5
2018-07-12 12:39:00,120.344,120.344,120.328,120.336,19
2018-07-12 12:40:00,120.344,120.344,120.328,120.34,12
2018-07-12 12:41:00,120.344,120.359,120.344,120.351,4
2018-07-12 12:44:00,120.359,120.359,120.344,120.351,27
2018-07-12 12:45:00,120.375,120.375,120.362,120.362,4
2018-07-12 12:47:00,120.375,120.375,120.359,120.368,25
2018-07-12 12:49:00,120.359,120.375,120.359,120.372,18
2018-07-12 12:52:00,120.375,120.375,120.359,120.366,12
2018-07-12 12:53:00,120.375,120.375,120.359,120.368,6
2018-07-12 12:54:00,120.375,120.375,120.359,120.368,10
2018-07-12 12:55:00,120.375,120.375,120.359,120.368,10
2018-07-12 13:00:00,120.375,120.39,120.375,120.379,10
2018-07-12 13:02:00,120.375,120.375,120.359,120.368,21
2018-07-12 13:03:00,120.375,120.375,120.359,120.368,6
2018-07-12 13:04:00,120.375,120.375,120.359,120.368,17
2018-07-12 13:05:00,120.375,120.375,120.359,120.368,6
2018-07-12 13:06:00,120.375,120.39,120.375,120.382,4
2018-07-12 13:07:00,120.375,120.375,120.359,120.372,6
2018-07-12 13:08:00,120.359,120.375,120.359,120.371,11
2018-07-12 13:09:00,120.375,120.375,120.366,120.366,2
2018-07-12 13:11:00,120.39,120.39,120.378,120.378,4
2018-07-12 13:13:00,120.39,120.398,120.39,120.398,4
2018-07-12 13:15:00,120.375,120.39,120.375,120.386,9
2018-07-12 13:16:00,120.39,120.39,120.375,120.382,6
2018-07-12 13:23:00,120.375,120.383,120.375,120.383,2
2018-07-12 13:28:00,120.375,120.39,120.375,120.378,17
2018-07-12 13:30:00,120.39,120.406,120.378,120.378,26
2018-07-12 13:31:00,120.39,120.406,120.39,120.398,21
2018-07-12 13:32:00,120.422,120.422,120.398,120.398,5
2018-07-12 13:33:00,120.406,120.422,120.406,120.415,6
2018-07-12 13:35:00,120.422,120.422,120.413,120.413,2
2018-07-12 13:36:00,120.437,120.437,120.429,120.429,2
2018-07-12 13:37:00,120.422,120.434,120.422,120.434,4
2018-07-12 13:39:00,120.422,120.437,120.422,120.429,11
2018-07-12 13:40:00,120.422,120.437,120.422,120.429,14
2018-07-12 13:43:00,120.453,120.469,120.429,120.429,53
2018-07-12 13:44:00,120.469,120.469,120.453,120.456,30
2018-07-12 13:48:00,120.469,120.469,120.453,120.461,4
2018-07-12 13:52:00,120.469,120.469,120.453,120.461,41
2018-07-12 13:53:00,120.469,120.484,120.469,120.476,6
2018-07-12 13:55:00,120.469,120.469,120.453,120.461,3
2018-07-12 13:56:00,120.453,120.469,120.453,120.461,20
2018-07-12 13:57:00,120.453,120.469,120.453,120.456,24
2018-07-12 13:58:00,120.469,120.469,120.46,120.46,2
2018-07-12 13:59:00,120.469,120.484,120.469,120.476,19
2018-07-12 14:05:00,120.453,120.461,120.453,120.461,2
2018-07-12 14:06:00,120.437,120.446,120.437,120.446,2
2018-07-12 14:07:00,120.422,120.437,120.422,120.43,6
2018-07-12 14:08:00,120.437,120.437,120.429,120.429,2
2018-07-12 14:11:00,120.453,120.453,120.437,120.444,30
2018-07-12 14:16:00,120.469,120.469,120.453,120.46,7
2018-07-12 14:19:00,120.5,120.5,120.472,120.472,23
2018-07-12 14:20:00,120.484,120.493,120.484,120.493,2
2018-07-12 14:22:00,120.5,120.5,120.491,120.491,3
2018-07-12 14:24:00,120.516,120.531,120.507,120.507,17
2018-07-12 14:27:00,120.5,120.508,120.5,120.508,3
2018-07-12 14:28:00,120.5,120.516,120.5,120.507,12
2018-07-12 14:29:00,120.469,120.496,120.469,120.496,22
2018-07-12 14:31:00,120.484,120.484,120.469,120.476,8
2018-07-12 14:32:00,120.484,120.5,120.484,120.491,4
2018-07-12 14:36:00,120.5,120.5,120.484,120.491,11
2018-07-12 14:37:00,120.484,120.493,120.484,120.493,2
2018-07-12 14:39:00,120.484,120.5,120.484,120.491,5
2018-07-12 14:40:00,120.5,120.5,120.484,120.491,19
2018-07-12 14:42:00,120.484,120.493,120.484,120.493,2
2018-07-12 14:45:00,120.484,120.484,120.468,120.48,7
2018-07-12 14:48:00,120.468,120.477,120.468,120.477,2
2018-07-12 14:49:00,120.484,120.484,120.468,120.476,6
2018-07-12 14:50:00,120.468,120.477,120.468,120.477,2
2018-07-12 14:53:00,120.468,120.468,120.453,120.461,4
2018-07-12 14:57:00,120.453,120.461,120.453,120.461,3
2018-07-12 15:00:00,120.453,120.468,120.453,120.457,6
2018-07-12 15:03:00,120.453,120.468,120.453,120.46,5
2018-07-12 15:04:00,120.437,120.468,120.437,120.46,17
2018-07-12 15:09:00,120.453,120.453,120.444,120.444,2
2018-07-12 15:13:00,120.437,120.453,120.437,120.446,15
2018-07-12 15:17:00,120.453,120.453,120.437,120.444,12
2018-07-12 15:19:00,120.437,120.449,120.437,120.449,4
2018-07-12 15:26:00,120.453,120.453,120.437,120.444,17
2018-07-12 15:27:00,120.453,120.453,120.437,120.448,10
2018-07-12 15:52:00,120.437,120.453,120.437,120.445,10
2018-07-12 15:55:00,120.437,120.437,120.421,120.43,19
2018-07-12 15:56:00,120.421,120.43,120.421,120.43,2
2018-07-12 15:58:00,120.406,120.414,120.406,120.414,3
2018-07-12 15:59:00,120.39,120.402,120.39,120.402,3
2018-07-12 16:02:00,120.39,120.406,120.39,120.397,4
2018-07-12 16:03:00,120.406,120.406,120.394,120.394,4
2018-07-12 16:06:00,120.406,120.421,120.406,120.413,5
2018-07-12 16:07:00,120.421,120.421,120.406,120.413,7
2018-07-12 16:11:00,120.406,120.414,120.406,120.414,3
2018-07-12 16:29:00,120.39,120.402,120.39,120.402,3
2018-07-12 16:30:00,120.39,120.39,120.383,120.383,4
2018-07-12 16:31:00,120.39,120.39,120.374,120.383,4
2018-07-12 16:33:00,120.39,120.39,120.374,120.383,5
2018-07-12 16:38:00,120.406,120.406,120.397,120.397,2
2018-07-12 16:41:00,120.421,120.421,120.413,120.413,2
2018-07-12 16:42:00,120.421,120.421,120.405,120.414,5
2018-07-12 16:51:00,120.421,120.437,120.421,120.428,7
2018-07-12 16:53:00,120.421,120.421,120.405,120.414,23
2018-07-12 17:01:00,120.405,120.421,120.405,120.414,44
2018-07-12 17:02:00,120.421,120.421,120.405,120.41,14
2018-07-12 17:03:00,120.405,120.414,120.405,120.414,2
2018-07-12 17:04:00,120.421,120.421,120.413,120.413,2
2018-07-12 17:05:00,120.405,120.414,120.405,120.414,2
2018-07-12 17:06:00,120.421,120.421,120.405,120.413,16
2018-07-12 17:07:00,120.405,120.414,120.39,120.414,16
2018-07-12 17:08:00,120.437,120.437,120.413,120.413,13
2018-07-12 17:09:00,120.421,120.437,120.421,120.433,7
2018-07-12 17:10:00,120.405,120.414,120.405,120.414,2
2018-07-12 17:12:00,120.39,120.405,120.39,120.398,8
2018-07-12 17:13:00,120.39,120.405,120.39,120.397,5
2018-07-12 17:15:00,120.39,120.405,120.39,120.397,20
2018-07-12 17:16:00,120.374,120.39,120.374,120.383,6
2018-07-12 17:20:00,120.39,120.39,120.374,120.381,57
2018-07-12 17:31:00,120.39,120.405,120.39,120.393,6
2018-07-12 17:32:00,120.405,120.405,120.397,120.397,2
2018-07-12 17:33:00,120.421,120.421,120.412,120.412,2
2018-07-12 17:43:00,120.437,120.452,120.425,120.425,10
2018-07-12 17:48:00,120.452,120.452,120.437,120.444,21
2018-07-12 17:50:00,120.452,120.468,120.452,120.459,9
2018-07-12 17:55:00,120.437,120.445,120.437,120.445,2
2018-07-12 17:57:00,120.437,120.452,120.437,120.444,4
2018-07-12 17:59:00,120.452,120.452,120.444,120.444,7
2018-07-12 18:00:00,120.437,120.452,120.437,120.445,6
2018-07-12 18:02:00,120.452,120.452,120.444,120.444,4
2018-07-12 18:15:00,120.452,120.452,120.437,120.445,4
2018-07-12 18:31:00,120.468,120.468,120.452,120.459,9
2018-07-12 18:34:00,120.452,120.461,120.452,120.461,2
2018-07-12 18:35:00,120.468,120.468,120.452,120.456,15
2018-07-12 18:36:00,120.468,120.484,120.468,120.475,16
2018-07-12 18:39:00,120.452,120.464,120.452,120.464,4
2018-07-12 18:42:00,120.452,120.452,120.436,120.445,4
2018-07-12 18:59:00,120.436,120.445,120.436,120.445,2
2018-07-12 19:10:00,120.452,120.452,120.444,120.444,2
2018-07-12 19:12:00,120.452,120.452,120.436,120.445,4
2018-07-12 19:14:00,120.436,120.452,120.436,120.445,11
2018-07-12 19:15:00,120.452,120.452,120.436,120.444,7
2018-07-12 19:16:00,120.452,120.452,120.436,120.445,4
2018-07-12 19:17:00,120.452,120.452,120.436,120.448,28
2018-07-12 19:18:00,120.436,120.452,120.436,120.445,30
2018-07-12 19:19:00,120.452,120.452,120.436,120.444,7
2018-07-12 19:36:00,120.436,120.452,120.436,120.448,19
2018-07-12 19:45:00,120.452,120.452,120.443,120.443,2
2018-07-12 20:03:00,120.452,120.468,120.452,120.459,4
2018-07-12 20:04:00,120.452,120.468,120.452,120.459,8
2018-07-12 20:06:00,120.468,120.468,120.456,120.456,4
2018-07-12 20:07:00,120.452,120.46,120.452,120.46,2
2018-07-12 20:10:00,120.452,120.468,120.452,120.459,9
2018-07-12 20:13:00,120.452,120.468,120.452,120.459,3
2018-07-12 20:29:00,120.468,120.468,120.459,120.459,2
2018-07-12 20:41:00,120.467,120.483,120.467,120.475,43
2018-07-12 20:42:00,120.467,120.483,120.467,120.475,16
2018-07-12 20:51:00,120.467,120.483,120.467,120.475,6
2018-07-12 20:54:00,120.483,120.483,120.467,120.475,8
2018-07-12 20:59:00,120.483,120.483,120.483,120.483,1
2018-07-12 22:00:00,120.467,120.483,120.467,120.483,5
2018-07-12 22:01:00,120.483,120.483,120.467,120.474,6
2018-07-12 22:03:00,120.467,120.476,120.467,120.476,2
2018-07-12 22:17:00,120.483,120.483,120.472,120.472,4
2018-07-12 22:22:00,120.467,120.476,120.467,120.476,2
2018-07-12 22:30:00,120.467,120.483,120.467,120.471,8
2018-07-12 22:33:00,120.467,120.483,120.467,120.474,5
2018-07-12 22:34:00,120.483,120.483,120.474,120.474,2
2018-07-12 22:45:00,120.467,120.476,120.467,120.476,2
2018-07-12 22:50:00,120.483,120.483,120.483,120.483,1
2018-07-12 22:55:00,120.467,120.483,120.467,120.476,8
2018-07-12 23:00:00,120.467,120.467,120.451,120.463,4
2018-07-12 23:03:00,120.451,120.46,120.451,120.46,2
2018-07-12 23:43:00,120.436,120.448,120.436,120.448,4
2018-07-12 23:45:00,120.436,120.451,120.436,120.447,4
2018-07-12 23:47:00,120.436,120.436,120.42,120.429,18
2018-07-12 23:48:00,120.42,120.436,120.42,120.429,11
2018-07-12 23:55:00,120.404,120.413,120.404,120.413,3
2018-07-12 23:59:00,120.42,120.42,120.411,120.411,2
2018-07-13 00:00:00,120.42,120.42,120.404,120.413,35
2018-07-13 00:03:00,120.42,120.42,120.404,120.413,3
2018-07-13 00:09:00,120.404,120.413,120.404,120.413,2
2018-07-13 00:11:00,120.42,120.42,120.404,120.411,6
2018-07-13 00:19:00,120.404,120.42,120.404,120.413,21
2018-07-13 00:20:00,120.42,120.42,120.404,120.408,15
2018-07-13 00:24:00,120.404,120.42,120.404,120.413,11
2018-07-13 00:32:00,120.42,120.42,120.408,120.408,4
2018-07-13 00:37:00,120.436,120.436,120.42,120.424,8
2018-07-13 00:38:00,120.436,120.436,120.42,120.432,6
2018-07-13 00:39:00,120.436,120.436,120.42,120.428,4
2018-07-13 01:03:00,120.42,120.435,120.42,120.432,9
2018-07-13 01:04:00,120.435,120.435,120.42,120.424,26
2018-07-13 01:08:00,120.42,120.432,120.42,120.432,3
2018-07-13 01:09:00,120.435,120.435,120.424,120.424,3
2018-07-13 01:12:00,120.42,120.435,120.42,120.428,10
2018-07-13 01:13:00,120.435,120.435,120.42,120.435,6
2018-07-13 01:31:00,120.42,120.428,120.42,120.428,2
2018-07-13 01:32:00,120.42,120.435,120.42,120.427,12
2018-07-13 01:33:00,120.42,120.435,120.42,120.427,12
2018-07-13 03:08:00,120.435,120.435,120.424,120.424,4
2018-07-13 03:11:00,120.419,120.428,120.419,120.428,2
2018-07-13 03:13:00,120.435,120.435,120.423,120.423,4
2018-07-13 03:15:00,120.419,120.428,120.419,120.428,2
2018-07-13 03:25:00,120.435,120.435,120.427,120.427,2
2018-07-13 03:28:00,120.435,120.435,120.419,120.432,5
2018-07-13 03:29:00,120.419,120.435,120.419,120.428,10
2018-07-13 03:30:00,120.435,120.435,120.419,120.427,15
2018-07-13 03:31:00,120.419,120.432,120.419,120.432,4
2018-07-13 03:32:00,120.419,120.428,120.419,120.424,4
2018-07-13 03:34:00,120.435,120.435,120.419,120.426,16
2018-07-13 03:39:00,120.419,120.428,120.419,120.428,3
2018-07-13 03:43:00,120.435,120.435,120.419,120.426,6
2018-07-13 03:45:00,120.419,120.428,120.419,120.428,2
2018-07-13 03:52:00,120.435,120.435,120.423,120.423,3
2018-07-13 03:53:00,120.419,120.428,120.419,120.428,2
2018-07-13 04:33:00,120.419,120.435,120.419,120.426,5
2018-07-13 04:42:00,120.435,120.435,120.426,120.426,2
2018-07-13 04:47:00,120.419,120.428,120.419,120.428,2
2018-07-13 04:49:00,120.435,120.435,120.426,120.426,2
2018-07-13 04:51:00,120.435,120.435,120.419,120.431,5
2018-07-13 04:52:00,120.419,120.428,120.419,120.428,2
2018-07-13 04:58:00,120.403,120.412,120.403,120.412,2
2018-07-13 05:03:00,120.419,120.419,120.408,120.408,4
2018-07-13 05:57:00,120.403,120.412,120.403,120.412,2
2018-07-13 06:04:00,120.419,120.419,120.408,120.408,4
2018-07-13 06:09:00,120.419,120.419,120.403,120.416,7
2018-07-13 06:25:00,120.435,120.435,120.419,120.426,6
2018-07-13 06:27:00,120.435,120.45,120.435,120.442,4
2018-07-13 06:28:00,120.45,120.45,120.442,120.442,3
2018-07-13 06:29:00,120.45,120.45,120.435,120.443,4
2018-07-13 06:30:00,120.435,120.45,120.435,120.443,7
2018-07-13 06:37:00,120.45,120.45,120.45,120.45,1
2018-07-13 06:39:00,120.435,120.443,120.435,120.443,2
2018-07-13 06:55:00,120.419,120.434,120.419,120.427,14
2018-07-13 06:56:00,120.434,120.434,120.426,120.426,2
2018-07-13 06:57:00,120.434,120.434,120.419,120.427,4
2018-07-13 07:09:00,120.45,120.45,120.442,120.442,3
2018-07-13 07:10:00,120.434,120.443,120.434,120.443,3
2018-07-13 07:12:00,120.434,120.434,120.419,120.427,8
2018-07-13 07:14:00,120.45,120.45,120.434,120.438,49
2018-07-13 07:16:00,120.45,120.45,120.434,120.443,5
2018-07-13 07:17:00,120.434,120.45,120.434,120.446,8
2018-07-13 07:18:00,120.434,120.45,120.434,120.438,16
2018-07-13 07:19:00,120.45,120.45,120.434,120.438,24
2018-07-13 07:21:00,120.466,120.466,120.45,120.457,4
2018-07-13 07:22:00,120.45,120.466,120.45,120.462,8
2018-07-13 07:31:00,120.45,120.466,120.45,120.457,5
2018-07-13 07:32:00,120.45,120.466,120.45,120.457,21
2018-07-13 07:33:00,120.45,120.466,120.45,120.454,9
2018-07-13 07:37:00,120.466,120.466,120.45,120.457,19
2018-07-13 07:38:00,120.466,120.481,120.466,120.473,31
2018-07-13 07:40:00,120.466,120.481,120.466,120.473,12
2018-07-13 07:41:00,120.466,120.481,120.466,120.473,15
2018-07-13 07:43:00,120.466,120.481,120.466,120.473,6
2018-07-13 07:48:00,120.481,120.481,120.473,120.473,2
2018-07-13 08:02:00,120.466,120.481,120.466,120.474,7
2018-07-13 08:04:00,120.481,120.481,120.473,120.473,2
2018-07-13 08:06:00,120.481,120.481,120.466,120.474,31
2018-07-13 08:08:00,120.481,120.497,120.481,120.486,18
2018-07-13 08:16:00,120.497,120.497,120.488,120.488,2
2018-07-13 08:28:00,120.481,120.49,120.481,120.49,2
2018-07-13 08:29:00,120.497,120.497,120.488,120.488,3
2018-07-13 08:37:00,120.513,120.513,120.504,120.504,2
2018-07-13 08:39:00,120.528,120.528,120.52,120.52,2
2018-07-13 09:10:00,120.544,120.544,120.528,120.535,17
2018-07-13 09:11:00,120.528,120.537,120.528,120.537,2
2018-07-13 09:12:00,120.528,120.544,120.528,120.535,14
2018-07-13 09:15:00,120.544,120.544,120.528,120.535,6
2018-07-13 09:22:00,120.528,120.544,120.528,120.537,7
2018-07-13 09:23:00,120.544,120.544,120.528,120.532,8
2018-07-13 09:25:00,120.544,120.559,120.544,120.551,4
2018-07-13 09:26:00,120.559,120.559,120.544,120.551,6
2018-07-13 09:36:00,120.559,120.575,120.559,120.566,14
2018-07-13 09:38:00,120.544,120.559,120.544,120.552,6
2018-07-13 09:39:00,120.559,120.559,120.551,120.551,2
2018-07-13 09:48:00,120.544,120.552,120.544,120.552,2
2018-07-13 09:50:00,120.528,120.544,120.528,120.536,21
2018-07-13 09:54:00,120.544,120.544,120.528,120.532,11
2018-07-13 09:58:00,120.528,120.536,120.528,120.536,2
2018-07-13 09:59:00,120.544,120.544,120.535,120.535,3
2018-07-13 10:08:00,120.528,120.536,120.528,120.536,2
2018-07-13 10:09:00,120.528,120.528,120.512,120.521,10
2018-07-13 10:13:00,120.512,120.521,120.512,120.521,16
2018-07-13 10:15:00,120.528,120.528,120.519,120.519,2
2018-07-13 10:22:00,120.544,120.544,120.535,120.535,3
2018-07-13 10:26:00,120.544,120.544,120.528,120.536,4
2018-07-13 10:28:00,120.543,120.543,120.528,120.536,5
2018-07-13 10:52:00,120.543,120.559,120.543,120.551,8
2018-07-13 10:56:00,120.559,120.559,120.551,120.551,2
2018-07-13 11:05:00,120.559,120.559,120.543,120.556,6
2018-07-13 11:15:00,120.575,120.575,120.566,120.566,2
2018-07-13 11:18:00,120.59,120.606,120.578,120.578,12
2018-07-13 11:19:00,120.575,120.583,120.575,120.583,2
2018-07-13 11:21:00,120.575,120.59,120.575,120.582,6
2018-07-13 11:22:00,120.59,120.59,120.575,120.59,16
2018-07-13 11:28:00,120.59,120.59,120.575,120.587,8
2018-07-13 11:29:00,120.559,120.583,120.559,120.583,53
2018-07-13 11:33:00,120.559,120.559,120.543,120.555,5
2018-07-13 11:37:00,120.543,120.552,120.543,120.552,2
2018-07-13 11:38:00,120.528,120.543,120.528,120.536,18
2018-07-13 11:43:00,120.528,120.528,120.512,120.521,48
2018-07-13 11:45:00,120.528,120.543,120.528,120.535,4
2018-07-13 11:48:00,120.528,120.528,120.512,120.52,5
2018-07-13 11:52:00,120.512,120.528,120.512,120.524,23
2018-07-13 11:54:00,120.496,120.512,120.496,120.508,13
2018-07-13 11:59:00,120.481,120.489,120.481,120.489,3
2018-07-13 12:00:00,120.496,120.496,120.481,120.488,19
2018-07-13 12:01:00,120.512,120.512,120.496,120.5,9
2018-07-13 12:02:00,120.512,120.512,120.496,120.505,21
2018-07-13 12:03:00,120.512,120.512,120.496,120.505,4
2018-07-13 12:08:00,120.512,120.512,120.496,120.505,10
2018-07-13 12:09:00,120.496,120.512,120.496,120.505,9
2018-07-13 12:10:00,120.496,120.512,120.496,120.503,13
2018-07-13 12:11:00,120.512,120.512,120.503,120.503,2
2018-07-13 12:12:00,120.512,120.528,120.512,120.519,22
2018-07-13 12:14:00,120.528,120.528,120.512,120.519,7
2018-07-13 12:15:00,120.543,120.543,120.535,120.535,2
2018-07-13 12:18:00,120.528,120.54,120.528,120.54,4
2018-07-13 12:23:00,120.543,120.543,120.531,120.531,3
2018-07-13 12:30:00,120.559,120.559,120.546,120.546,4
2018-07-13 12:31:00,120.575,120.59,120.562,120.562,12
2018-07-13 12:32:00,120.575,120.59,120.575,120.582,17
2018-07-13 12:34:00,120.574,120.59,120.574,120.582,4
2018-07-13 12:35:00,120.59,120.59,120.582,120.582,2
2018-07-13 12:37:00,120.59,120.606,120.59,120.597,20
2018-07-13 12:44:00,120.59,120.59,120.574,120.583,9
2018-07-13 12:46:00,120.574,120.583,120.574,120.583,2
2018-07-13 12:48:00,120.559,120.567,120.559,120.567,3
2018-07-13 12:50:00,120.574,120.574,120.566,120.566,2
2018-07-13 12:51:00,120.574,120.574,120.559,120.567,4
2018-07-13 12:54:00,120.574,120.574,120.559,120.57,6
2018-07-13 12:55:00,120.59,120.59,120.578,120.578,4
2018-07-13 12:56:00,120.59,120.59,120.574,120.583,30
2018-07-13 13:00:00,120.59,120.606,120.59,120.597,20
2018-07-13 13:05:00,120.59,120.59,120.574,120.586,6
2018-07-13 13:07:00,120.59,120.59,120.574,120.583,8
2018-07-13 13:08:00,120.574,120.583,120.559,120.583,28
2018-07-13 13:09:00,120.574,120.574,120.559,120.567,40
2018-07-13 13:10:00,120.559,120.574,120.559,120.571,27
2018-07-13 13:11:00,120.574,120.574,120.559,120.562,19
2018-07-13 13:13:00,120.574,120.574,120.559,120.567,13
2018-07-13 13:14:00,120.559,120.567,120.559,120.567,2
2018-07-13 13:16:00,120.574,120.574,120.562,120.562,3
2018-07-13 13:17:00,120.559,120.57,120.559,120.57,3
2018-07-13 13:20:00,120.543,120.552,120.543,120.552,2
2018-07-13 13:22:00,120.559,120.559,120.55,120.55,2
2018-07-13 13:23:00,120.543,120.559,120.543,120.552,12
2018-07-13 13:25:00,120.559,120.559,120.55,120.55,3
2018-07-13 13:26:00,120.559,120.559,120.543,120.552,4
2018-07-13 13:30:00,120.543,120.552,120.543,120.552,2
2018-07-13 13:31:00,120.527,120.543,120.527,120.54,11
2018-07-13 13:34:00,120.512,120.52,120.512,120.52,2
2018-07-13 13:35:00,120.512,120.512,120.496,120.505,12
2018-07-13 13:36:00,120.512,120.512,120.496,120.505,4
2018-07-13 13:40:00,120.512,120.527,120.512,120.519,4
2018-07-13 13:41:00,120.512,120.527,120.512,120.519,11
2018-07-13 13:42:00,120.512,120.527,120.512,120.519,4
2018-07-13 13:43:00,120.527,120.527,120.512,120.516,8
2018-07-13 13:45:00,120.527,120.543,120.527,120.534,29
2018-07-13 13:48:00,120.543,120.543,120.527,120.534,8
2018-07-13 13:49:00,120.527,120.543,120.527,120.539,7
2018-07-13 13:50:00,120.543,120.543,120.534,120.534,2
2018-07-13 13:51:00,120.559,120.559,120.543,120.55,7
2018-07-13 13:54:00,120.559,120.574,120.559,120.566,8
2018-07-13 13:58:00,120.559,120.574,120.559,120.562,22
2018-07-13 13:59:00,120.559,120.574,120.559,120.574,4
2018-07-13 14:00:00,120.574,120.59,120.562,120.562,8
2018-07-13 14:01:00,120.59,120.59,120.578,120.578,4
2018-07-13 14:02:00,120.574,120.59,120.574,120.586,42
2018-07-13 14:03:00,120.59,120.59,120.574,120.578,20
2018-07-13 14:04:00,120.574,120.583,120.574,120.583,2
2018-07-13 14:08:00,120.559,120.567,120.559,120.567,2
2018-07-13 14:11:00,120.574,120.574,120.559,120.562,8
2018-07-13 14:14:00,120.59,120.59,120.581,120.581,2
2018-07-13 14:17:00,120.59,120.59,120.583,120.583,6
2018-07-13 14:20:00,120.606,120.606,120.597,120.597,2
2018-07-13 14:21:00,120.59,120.606,120.59,120.598,12
2018-07-13 14:23:00,120.606,120.606,120.59,120.597,13
2018-07-13 14:24:00,120.606,120.606,120.59,120.602,9
2018-07-13 14:29:00,120.621,120.621,120.613,120.613,2
2018-07-13 14:33:00,120.637,120.637,120.621,120.628,16
2018-07-13 14:36:00,120.621,120.633,120.621,120.633,3
2018-07-13 14:40:00,120.605,120.614,120.605,120.614,2
2018-07-13 14:43:00,120.621,120.621,120.613,120.613,2
2018-07-13 14:44:00,120.605,120.621,120.605,120.614,26
2018-07-13 14:47:00,120.621,120.621,120.613,120.613,2
2018-07-13 14:48:00,120.605,120.614,120.605,120.614,2
2018-07-13 14:49:00,120.621,120.621,120.61,120.61,4
2018-07-13 14:53:00,120.605,120.617,120.605,120.617,3
2018-07-13 14:58:00,120.574,120.598,120.574,120.598,4
2018-07-13 14:59:00,120.59,120.59,120.574,120.581,38
2018-07-13 15:00:00,120.59,120.59,120.574,120.583,49
2018-07-13 15:02:00,120.605,120.605,120.59,120.597,6
2018-07-13 15:04:00,120.605,120.605,120.59,120.598,8
2018-07-13 15:06:00,120.605,120.605,120.59,120.598,10
2018-07-13 15:07:00,120.59,120.605,120.59,120.598,6
2018-07-13 15:14:00,120.605,120.605,120.59,120.597,6
2018-07-13 15:15:00,120.605,120.605,120.59,120.598,8
2018-07-13 15:16:00,120.59,120.605,120.59,120.598,14
2018-07-13 15:18:00,120.59,120.605,120.59,120.597,12
2018-07-13 15:26:00,120.574,120.59,120.574,120.583,8
2018-07-13 15:27:00,120.574,120.59,120.574,120.581,4
2018-07-13 15:32:00,120.574,120.574,120.558,120.567,14
2018-07-13 15:33:00,120.59,120.59,120.581,120.581,2
2018-07-13 15:34:00,120.59,120.605,120.59,120.597,5
2018-07-13 15:35:00,120.605,120.605,120.597,120.597,2
2018-07-13 15:36:00,120.605,120.605,120.59,120.598,14
2018-07-13 15:37:00,120.59,120.605,120.59,120.598,6
2018-07-13 15:41:00,120.605,120.605,120.59,120.594,5
2018-07-13 15:43:00,120.637,120.652,120.612,120.612,44
2018-07-13 15:44:00,120.621,120.629,120.621,120.629,2
2018-07-13 15:45:00,120.637,120.637,120.621,120.628,58
2018-07-13 15:46:00,120.637,120.652,120.621,120.629,9
2018-07-13 15:47:00,120.637,120.652,120.637,120.644,20
2018-07-13 15:49:00,120.637,120.652,120.637,120.644,4
2018-07-13 15:51:00,120.652,120.652,120.64,120.64,4
2018-07-13 15:52:00,120.652,120.652,120.637,120.645,8
2018-07-13 15:53:00,120.652,120.652,120.637,120.648,5
2018-07-13 15:54:00,120.637,120.645,120.637,120.645,2
2018-07-13 15:56:00,120.621,120.629,120.621,120.629,2
2018-07-13 15:57:00,120.637,120.637,120.625,120.625,4
2018-07-13 15:59:00,120.621,120.632,120.621,120.632,4
2018-07-13 16:00:00,120.637,120.637,120.621,120.628,26
2018-07-13 16:02:00,120.621,120.633,120.621,120.633,3
2018-07-13 16:04:00,120.605,120.621,120.605,120.617,8
2018-07-13 16:08:00,120.59,120.598,120.59,120.598,2
2018-07-13 16:09:00,120.605,120.605,120.597,120.597,2
2018-07-13 16:11:00,120.621,120.621,120.612,120.612,2
2018-07-13 16:12:00,120.605,120.621,120.605,120.614,9
2018-07-13 16:13:00,120.621,120.621,120.605,120.612,11
2018-07-13 16:18:00,120.605,120.614,120.605,120.614,2
2018-07-13 16:34:00,120.605,120.621,120.605,120.609,6
2018-07-13 16:39:00,120.621,120.621,120.608,120.608,4
2018-07-13 16:41:00,120.605,120.614,120.605,120.614,2
2018-07-13 16:42:00,120.605,120.605,120.589,120.598,15
2018-07-13 16:43:00,120.589,120.598,120.589,120.598,2
2018-07-13 16:45:00,120.605,120.605,120.589,120.593,28
2018-07-13 16:46:00,120.589,120.601,120.589,120.601,3
2018-07-13 16:47:00,120.589,120.605,120.589,120.593,5
2018-07-13 16:50:00,120.605,120.605,120.594,120.594,4
2018-07-13 16:52:00,120.605,120.621,120.605,120.612,5
2018-07-13 16:55:00,120.589,120.601,120.589,120.601,6
2018-07-13 16:56:00,120.605,120.605,120.589,120.597,16
2018-07-13 17:09:00,120.621,120.621,120.612,120.612,3
2018-07-13 17:24:00,120.605,120.621,120.605,120.614,8
2018-07-13 17:31:00,120.605,120.621,120.605,120.608,7
2018-07-13 17:32:00,120.621,120.621,120.612,120.612,2
2018-07-13 17:48:00,120.636,120.636,120.624,120.624,4
2018-07-13 17:58:00,120.636,120.636,120.621,120.632,6
2018-07-13 17:59:00,120.621,120.636,120.621,120.629,19
2018-07-13 18:07:00,120.621,120.636,120.621,120.628,5
2018-07-13 18:08:00,120.636,120.636,120.621,120.628,30
2018-07-13 18:09:00,120.621,120.636,120.621,120.629,10
2018-07-13 18:16:00,120.636,120.636,120.621,120.624,10
2018-07-13 18:17:00,120.636,120.636,120.621,120.632,5
2018-07-13 18:20:00,120.636,120.652,120.636,120.643,4
2018-07-13 18:21:00,120.636,120.636,120.621,120.632,5
2018-07-13 18:27:00,120.636,120.652,120.636,120.643,4
2018-07-13 18:30:00,120.636,120.652,120.636,120.643,24
2018-07-13 18:31:00,120.652,120.652,120.643,120.643,2
2018-07-13 18:53:00,120.636,120.645,120.636,120.645,3
2018-07-13 18:59:00,120.62,120.636,120.62,120.629,10
2018-07-13 19:28:00,120.605,120.613,120.605,120.613,2
2018-07-13 19:40:00,120.62,120.62,120.612,120.612,2
2018-07-13 19:44:00,120.62,120.636,120.62,120.624,6
2018-07-13 19:45:00,120.636,120.636,120.627,120.627,2
2018-07-13 20:07:00,120.652,120.652,120.636,120.64,12
2018-07-13 20:33:00,120.636,120.651,120.636,120.648,8
2018-07-13 20:36:00,120.651,120.651,120.643,120.643,2
2018-07-13 20:39:00,120.636,120.644,120.636,120.644,2
2018-07-13 20:51:00,120.651,120.651,120.64,120.64,2
2018-07-13 20:54:00,120.651,120.651,120.636,120.644,15
2018-07-13 20:59:00,120.651,120.651,120.636,120.644,15
2018-07-15 22:00:00,120.628,120.628,120.628,120.628,1
2018-07-15 22:01:00,120.596,120.624,120.596,120.624,8
2018-07-15 22:04:00,120.596,120.596,120.581,120.589,12
2018-07-15 22:06:00,120.596,120.596,120.581,120.589,5
2018-07-15 22:07:00,120.581,120.589,120.581,120.589,2
2018-07-15 22:09:00,120.581,120.596,120.581,120.588,4
2018-07-15 22:10:00,120.596,120.596,120.581,120.584,9
2018-07-15 22:12:00,120.581,120.596,120.581,120.589,12
2018-07-15 22:14:00,120.596,120.596,120.581,120.588,6
2018-07-15 22:17:00,120.596,120.596,120.581,120.589,4
2018-07-15 22:33:00,120.581,120.589,120.581,120.589,2
2018-07-15 22:34:00,120.596,120.596,120.584,120.584,3
2018-07-15 22:40:00,120.596,120.596,120.581,120.592,24
2018-07-15 22:52:00,120.581,120.592,120.581,120.592,4
2018-07-15 23:16:00,120.596,120.596,120.588,120.588,3
2018-07-16 00:41:00,120.596,120.596,120.58,120.589,5
2018-07-16 01:02:00,120.596,120.596,120.58,120.589,5
2018-07-16 01:03:00,120.596,120.596,120.58,120.589,6
2018-07-16 01:04:00,120.58,120.589,120.58,120.589,2
2018-07-16 01:05:00,120.596,120.596,120.587,120.587,2
2018-07-16 01:07:00,120.58,120.589,120.58,120.589,3
2018-07-16 01:10:00,120.58,120.596,120.58,120.587,6
2018-07-16 01:16:00,120.596,120.596,120.587,120.587,3
2018-07-16 01:17:00,120.596,120.596,120.58,120.589,4
2018-07-16 01:24:00,120.596,120.596,120.58,120.592,5
2018-07-16 01:33:00,120.58,120.589,120.58,120.589,3
2018-07-16 01:47:00,120.596,120.596,120.587,120.587,2
2018-07-16 02:01:00,120.611,120.611,120.596,120.6,12
2018-07-16 02:04:00,120.596,120.608,120.596,120.608,4
2018-07-16 02:06:00,120.596,120.611,120.596,120.603,4
2018-07-16 02:07:00,120.611,120.611,120.6,120.6,6
2018-07-16 02:08:00,120.596,120.604,120.596,120.604,2
2018-07-16 02:09:00,120.611,120.611,120.6,120.6,4
2018-07-16 02:45:00,120.611,120.611,120.596,120.604,4
2018-07-16 02:52:00,120.627,120.627,120.614,120.614,4
2018-07-16 03:06:00,120.611,120.62,120.611,120.62,3
2018-07-16 03:23:00,120.611,120.627,120.611,120.618,12
2018-07-16 03:24:00,120.611,120.627,120.611,120.615,5
2018-07-16 03:28:00,120.611,120.627,120.611,120.618,4
2018-07-16 03:34:00,120.611,120.627,120.611,120.618,15
2018-07-16 03:36:00,120.611,120.627,120.611,120.614,16
2018-07-16 04:00:00,120.611,120.627,120.611,120.614,14
2018-07-16 04:08:00,120.627,120.627,120.618,120.618,5
2018-07-16 04:09:00,120.611,120.622,120.611,120.622,4
2018-07-16 05:17:00,120.611,120.611,120.595,120.604,4
2018-07-16 05:49:00,120.595,120.604,120.595,120.604,2
2018-07-16 06:01:00,120.595,120.611,120.595,120.602,6
2018-07-16 06:02:00,120.611,120.611,120.598,120.598,4
2018-07-16 06:03:00,120.602,120.611,120.595,120.604,16
2018-07-16 06:04:00,120.611,120.611,120.607,120.607,2
2018-07-16 06:05:00,120.611,120.611,120.595,120.604,18
2018-07-16 06:10:00,120.595,120.606,120.595,120.606,4
2018-07-16 06:11:00,120.595,120.595,120.579,120.592,6
2018-07-16 06:12:00,120.579,120.588,120.579,120.588,2
2018-07-16 06:25:00,120.564,120.579,120.564,120.572,6
2018-07-16 06:41:00,120.579,120.595,120.568,120.568,8
2018-07-16 06:45:00,120.595,120.595,120.586,120.586,2
2018-07-16 06:46:00,120.579,120.595,120.579,120.588,6
2018-07-16 06:47:00,120.595,120.595,120.579,120.586,8
2018-07-16 06:48:00,120.579,120.588,120.579,120.588,2
2018-07-16 06:52:00,120.564,120.576,120.564,120.576,4
2018-07-16 06:55:00,120.579,120.579,120.571,120.571,2
2018-07-16 06:56:00,120.564,120.572,120.564,120.572,2
2018-07-16 06:57:00,120.579,120.579,120.564,120.571,4
2018-07-16 06:58:00,120.564,120.579,120.564,120.576,8
2018-07-16 07:00:00,120.564,120.579,120.564,120.571,4
2018-07-16 07:01:00,120.564,120.579,120.564,120.571,6
2018-07-16 07:08:00,120.548,120.564,120.548,120.556,6
2018-07-16 07:10:00,120.548,120.564,120.548,120.555,10
2018-07-16 07:12:00,120.548,120.563,120.548,120.555,9
2018-07-16 07:22:00,120.532,120.548,120.532,120.541,16
2018-07-16 07:24:00,120.516,120.528,120.516,120.528,2
2018-07-16 07:25:00,120.532,120.532,120.52,120.52,4
2018-07-16 07:36:00,120.548,120.548,120.539,120.539,2
2018-07-16 07:41:00,120.548,120.548,120.532,120.544,5
2018-07-16 07:51:00,120.532,120.548,120.532,120.541,8
2018-07-16 08:06:00,120.548,120.548,120.536,120.536,4
2018-07-16 08:07:00,120.532,120.541,120.532,120.541,2
2018-07-16 08:08:00,120.548,120.548,120.544,120.544,2
2018-07-16 08:11:00,120.563,120.563,120.552,120.552,4
2018-07-16 08:12:00,120.548,120.563,120.548,120.556,6
2018-07-16 08:13:00,120.563,120.563,120.555,120.555,2
2018-07-16 08:19:00,120.579,120.579,120.568,120.568,4
2018-07-16 08:22:00,120.548,120.572,120.548,120.572,10
2018-07-16 08:24:00,120.548,120.563,120.548,120.555,4
2018-07-16 08:32:00,120.532,120.548,120.532,120.54,6
2018-07-16 08:34:00,120.532,120.532,120.516,120.528,5
2018-07-16 08:35:00,120.516,120.525,120.516,120.525,2
2018-07-16 08:36:00,120.516,120.516,120.501,120.509,12
2018-07-16 08:39:00,120.516,120.532,120.516,120.523,5
2018-07-16 08:40:00,120.516,120.532,120.516,120.523,4
2018-07-16 08:41:00,120.516,120.532,120.516,120.52,13
2018-07-16 08:42:00,120.532,120.532,120.523,120.523,2
2018-07-16 09:14:00,120.547,120.547,120.539,120.539,2
2018-07-16 09:31:00,120.532,120.54,120.532,120.54,2
2018-07-16 10:06:00,120.547,120.547,120.536,120.536,4
2018-07-16 10:18:00,120.563,120.563,120.554,120.554,2
2018-07-16 10:24:00,120.579,120.579,120.567,120.567,2
2018-07-16 10:27:00,120.579,120.594,120.579,120.586,4
2018-07-16 10:30:00,120.594,120.594,120.579,120.586,16
2018-07-16 10:38:00,120.579,120.59,120.579,120.59,4
2018-07-16 10:47:00,120.594,120.594,120.586,120.586,3
2018-07-16 10:51:00,120.61,120.61,120.601,120.601,2
2018-07-16 10:52:00,120.594,120.606,120.594,120.606,3
2018-07-16 11:14:00,120.594,120.61,120.594,120.601,14
2018-07-16 11:22:00,120.594,120.594,120.578,120.587,13
2018-07-16 11:24:00,120.578,120.594,120.578,120.59,15
2018-07-16 11:25:00,120.594,120.594,120.582,120.582,4
2018-07-16 11:26:00,120.578,120.587,120.578,120.587,2
2018-07-16 11:37:00,120.563,120.571,120.563,120.571,3
2018-07-16 11:40:00,120.578,120.578,120.567,120.567,2
2018-07-16 11:43:00,120.563,120.571,120.563,120.571,2
2018-07-16 11:53:00,120.578,120.578,120.566,120.566,3
2018-07-16 11:59:00,120.547,120.571,120.547,120.571,6
2018-07-16 12:01:00,120.547,120.563,120.547,120.554,4
2018-07-16 12:04:00,120.563,120.563,120.554,120.554,2
2018-07-16 12:05:00,120.563,120.563,120.547,120.556,15
2018-07-16 12:06:00,120.547,120.563,120.547,120.556,6
2018-07-16 12:19:00,120.531,120.543,120.531,120.543,4
2018-07-16 12:21:00,120.547,120.547,120.538,120.538,2
2018-07-16 12:22:00,120.531,120.54,120.531,120.54,2
2018-07-16 12:23:00,120.531,120.547,120.531,120.538,4
2018-07-16 12:27:00,120.531,120.547,120.531,120.538,25
2018-07-16 12:29:00,120.531,120.547,120.531,120.538,21
2018-07-16 12:30:00,120.5,120.531,120.5,120.528,30
2018-07-16 12:32:00,120.516,120.516,120.5,120.507,10
2018-07-16 12:33:00,120.484,120.509,120.484,120.509,12
2018-07-16 12:36:00,120.469,120.48,120.469,120.48,4
2018-07-16 12:38:00,120.484,120.484,120.476,120.476,2
2018-07-16 12:45:00,120.5,120.5,120.491,120.491,2
2018-07-16 12:51:00,120.516,120.516,120.5,120.507,8
2018-07-16 12:57:00,120.5,120.508,120.5,120.508,3
2018-07-16 13:06:00,120.484,120.493,120.484,120.493,2
2018-07-16 13:09:00,120.469,120.477,120.469,120.477,2
2018-07-16 13:10:00,120.453,120.469,120.453,120.461,13
2018-07-16 13:11:00,120.469,120.469,120.453,120.46,22
2018-07-16 13:13:00,120.453,120.464,120.453,120.464,4
2018-07-16 13:15:00,120.437,120.45,120.437,120.45,3
2018-07-16 13:16:00,120.437,120.437,120.422,120.43,10
2018-07-16 13:17:00,120.422,120.434,120.422,120.434,13
2018-07-16 13:21:00,120.406,120.414,120.406,120.414,2
2018-07-16 13:23:00,120.39,120.402,120.39,120.402,4
2018-07-16 13:24:00,120.39,120.39,120.375,120.386,15
2018-07-16 13:25:00,120.39,120.39,120.375,120.383,13
2018-07-16 13:26:00,120.375,120.39,120.375,120.383,14
2018-07-16 13:27:00,120.39,120.39,120.382,120.382,2
2018-07-16 13:34:00,120.406,120.406,120.397,120.397,2
2018-07-16 13:35:00,120.39,120.399,120.39,120.399,2
2018-07-16 13:36:00,120.375,120.386,120.375,120.386,4
2018-07-16 13:37:00,120.39,120.39,120.375,120.378,28
2018-07-16 13:38:00,120.39,120.406,120.39,120.394,36
2018-07-16 13:40:00,120.406,120.406,120.39,120.397,6
2018-07-16 13:41:00,120.421,120.421,120.41,120.41,3
2018-07-16 13:42:00,120.406,120.414,120.406,120.414,2
2018-07-16 13:45:00,120.406,120.421,120.406,120.413,21
2018-07-16 13:50:00,120.39,120.399,120.39,120.399,2
2018-07-16 13:52:00,120.374,120.386,120.374,120.386,4
2018-07-16 13:57:00,120.359,120.367,120.359,120.367,2
2018-07-16 13:59:00,120.359,120.359,120.343,120.352,57
2018-07-16 14:00:00,120.359,120.39,120.359,120.366,30
2018-07-16 14:10:00,120.343,120.359,120.343,120.352,8
2018-07-16 14:11:00,120.343,120.343,120.327,120.336,4
2018-07-16 14:12:00,120.327,120.336,120.327,120.336,2
2018-07-16 14:14:00,120.327,120.343,120.327,120.335,4
2018-07-16 14:16:00,120.327,120.327,120.312,120.324,6
2018-07-16 14:21:00,120.327,120.343,120.327,120.335,24
2018-07-16 14:22:00,120.312,120.327,120.312,120.32,38
2018-07-16 14:34:00,120.312,120.312,120.296,120.305,5
2018-07-16 14:35:00,120.296,120.305,120.296,120.305,2
2018-07-16 14:37:00,120.312,120.312,120.3,120.3,4
2018-07-16 14:38:00,120.312,120.312,120.296,120.305,4
2018-07-16 14:41:00,120.327,120.343,120.319,120.319,14
2018-07-16 14:43:00,120.327,120.343,120.327,120.335,54
2018-07-16 14:44:00,120.312,120.32,120.312,120.32,3
2018-07-16 14:45:00,120.312,120.327,120.312,120.319,26
2018-07-16 14:51:00,120.296,120.312,120.296,120.308,13
2018-07-16 14:53:00,120.296,120.312,120.296,120.3,5
2018-07-16 14:54:00,120.312,120.312,120.296,120.303,5
2018-07-16 14:57:00,120.296,120.308,120.296,120.308,4
2018-07-16 15:02:00,120.296,120.312,120.296,120.303,4
2018-07-16 15:03:00,120.312,120.312,120.296,120.303,21
2018-07-16 15:04:00,120.296,120.312,120.296,120.305,15
2018-07-16 15:06:00,120.28,120.292,120.28,120.292,3
2018-07-16 15:13:00,120.28,120.28,120.265,120.273,8
2018-07-16 15:16:00,120.296,120.296,120.287,120.287,2
2018-07-16 15:17:00,120.296,120.296,120.28,120.289,14
2018-07-16 15:21:00,120.312,120.312,120.3,120.3,3
2018-07-16 15:23:00,120.327,120.327,120.319,120.319,2
2018-07-16 15:26:00,120.343,120.343,120.327,120.334,13
2018-07-16 15:27:00,120.327,120.343,120.327,120.336,8
2018-07-16 15:30:00,120.343,120.343,120.331,120.331,4
2018-07-16 15:31:00,120.327,120.343,120.327,120.336,21
2018-07-16 15:35:00,120.343,120.343,120.334,120.334,2
2018-07-16 15:36:00,120.343,120.343,120.327,120.336,8
2018-07-16 15:49:00,120.359,120.359,120.35,120.35,2
2018-07-16 16:00:00,120.374,120.374,120.366,120.366,2
2018-07-16 16:06:00,120.374,120.374,120.358,120.367,10
2018-07-16 16:08:00,120.39,120.39,120.381,120.381,3
2018-07-16 16:09:00,120.374,120.383,120.374,120.383,3
2018-07-16 16:14:00,120.39,120.39,120.381,120.381,3
2018-07-16 16:18:00,120.39,120.39,120.374,120.383,5
2018-07-16 16:20:00,120.374,120.39,120.374,120.386,9
2018-07-16 16:26:00,120.358,120.37,120.358,120.37,3
2018-07-16 16:27:00,120.374,120.374,120.362,120.362,3
2018-07-16 16:33:00,120.39,120.39,120.381,120.381,7
2018-07-16 16:35:00,120.374,120.386,120.374,120.386,3
2018-07-16 16:36:00,120.39,120.39,120.374,120.378,6
2018-07-16 16:39:00,120.374,120.383,120.374,120.383,2
2018-07-16 16:46:00,120.39,120.39,120.381,120.381,2
2018-07-16 17:07:00,120.405,120.405,120.39,120.393,8
2018-07-16 17:11:00,120.421,120.421,120.412,120.412,2
2018-07-16 17:23:00,120.437,120.437,120.428,120.428,2
2018-07-16 17:32:00,120.437,120.437,120.421,120.429,4
2018-07-16 17:40:00,120.421,120.429,120.421,120.429,2
2018-07-16 17:43:00,120.436,120.436,120.424,120.424,4
2018-07-16 17:44:00,120.421,120.429,120.421,120.429,2
2018-07-16 17:46:00,120.436,120.436,120.428,120.428,4
2018-07-16 17:52:00,120.452,120.452,120.444,120.444,2
2018-07-16 17:58:00,120.452,120.468,120.452,120.459,8
2018-07-16 18:22:00,120.421,120.445,120.421,120.445,8
2018-07-16 18:23:00,120.421,120.436,120.421,120.428,6
2018-07-16 18:24:00,120.436,120.436,120.424,120.424,3
2018-07-16 18:29:00,120.421,120.429,120.421,120.429,2
2018-07-16 18:30:00,120.421,120.436,120.421,120.424,32
2018-07-16 18:31:00,120.421,120.436,120.421,120.428,35
2018-07-16 18:47:00,120.436,120.436,120.428,120.428,2
2018-07-16 18:57:00,120.421,120.429,120.421,120.429,2
2018-07-16 18:59:00,120.436,120.436,120.424,120.424,3
2018-07-16 19:01:00,120.452,120.452,120.443,120.443,2
2018-07-16 19:08:00,120.468,120.468,120.459,120.459,2
2018-07-16 19:10:00,120.452,120.46,120.452,120.46,2
2018-07-16 19:21:00,120.468,120.468,120.452,120.459,12
2018-07-16 19:23:00,120.468,120.475,120.468,120.471,5
2018-07-16 19:26:00,120.452,120.46,120.452,120.46,2
2018-07-16 19:37:00,120.436,120.445,120.436,120.445,2
2018-07-16 19:40:00,120.421,120.432,120.421,120.432,4
2018-07-16 19:43:00,120.42,120.42,120.405,120.417,40
2018-07-16 19:45:00,120.42,120.436,120.42,120.428,42
2018-07-16 19:50:00,120.436,120.436,120.42,120.428,10
2018-07-16 19:51:00,120.436,120.436,120.42,120.429,16
2018-07-16 19:53:00,120.42,120.429,120.42,120.429,2
2018-07-16 19:54:00,120.436,120.436,120.42,120.428,9
2018-07-16 19:56:00,120.436,120.452,120.436,120.44,18
2018-07-16 20:04:00,120.452,120.452,120.443,120.443,2
2018-07-16 20:09:00,120.436,120.445,120.436,120.445,2
2018-07-16 20:10:00,120.436,120.452,120.436,120.443,9
2018-07-16 20:16:00,120.452,120.452,120.436,120.443,6
2018-07-16 20:17:00,120.436,120.452,120.436,120.452,11
2018-07-16 20:19:00,120.436,120.443,120.436,120.443,8
2018-07-16 20:20:00,120.452,120.452,120.443,120.443,2
2018-07-16 20:21:00,120.436,120.445,120.436,120.445,2
2018-07-16 20:52:00,120.42,120.42,120.42,120.42,1
2018-07-16 20:55:00,120.405,120.417,120.405,120.417,4
2018-07-16 20:59:00,120.405,120.405,120.405,120.405,1
2018-07-16 22:00:00,120.436,120.436,120.436,120.436,1
2018-07-16 22:01:00,120.451,120.451,120.443,120.443,2
2018-07-16 22:02:00,120.436,120.444,120.436,120.444,4
2018-07-16 22:03:00,120.451,120.451,120.436,120.44,13
2018-07-16 22:04:00,120.436,120.451,120.436,120.448,8
2018-07-16 22:08:00,120.42,120.432,120.42,120.432,3
2018-07-16 22:14:00,120.404,120.42,120.404,120.413,56
2018-07-16 22:15:00,120.404,120.42,120.404,120.408,10
2018-07-16 22:41:00,120.42,120.42,120.404,120.412,6
2018-07-16 22:45:00,120.404,120.416,120.404,120.416,4
2018-07-16 22:46:00,120.42,120.42,120.404,120.408,15
2018-07-16 22:49:00,120.436,120.436,120.427,120.427,2
2018-07-16 22:50:00,120.42,120.429,120.42,120.429,2
2018-07-16 23:36:00,120.404,120.42,120.404,120.413,11
2018-07-16 23:42:00,120.389,120.404,120.389,120.4,12
2018-07-16 23:44:00,120.389,120.404,120.389,120.392,11
2018-07-16 23:45:00,120.389,120.404,120.389,120.392,35
2018-07-16 23:46:00,120.389,120.404,120.389,120.392,10
2018-07-16 23:52:00,120.404,120.404,120.388,120.396,13
2018-07-16 23:53:00,120.404,120.404,120.388,120.397,14
2018-07-16 23:54:00,120.388,120.397,120.388,120.397,2
2018-07-16 23:55:00,120.404,120.404,120.396,120.396,2
2018-07-17 00:07:00,120.388,120.404,120.388,120.397,13
2018-07-17 00:09:00,120.404,120.404,120.388,120.392,11
2018-07-17 00:10:00,120.388,120.397,120.388,120.397,2
2018-07-17 00:11:00,120.373,120.384,120.357,120.384,21
2018-07-17 00:12:00,120.373,120.373,120.357,120.366,45
2018-07-17 00:13:00,120.373,120.373,120.357,120.366,9
2018-07-17 00:14:00,120.357,120.373,120.357,120.366,44
2018-07-17 00:15:00,120.373,120.373,120.357,120.36,21
2018-07-17 00:16:00,120.357,120.373,120.357,120.366,10
2018-07-17 00:17:00,120.373,120.373,120.36,120.36,4
2018-07-17 00:22:00,120.373,120.373,120.357,120.369,8
2018-07-17 00:23:00,120.357,120.373,120.357,120.366,20
2018-07-17 00:26:00,120.373,120.373,120.364,120.364,2
2018-07-17 00:39:00,120.373,120.373,120.357,120.368,8
2018-07-17 00:46:00,120.373,120.388,120.373,120.38,8
2018-07-17 00:54:00,120.388,120.388,120.38,120.38,2
2018-07-17 01:12:00,120.388,120.388,120.373,120.384,14
2018-07-17 01:14:00,120.373,120.373,120.373,120.373,1
2018-07-17 01:19:00,120.357,120.368,120.357,120.368,3
2018-07-17 01:22:00,120.373,120.373,120.357,120.364,12
2018-07-17 01:35:00,120.357,120.373,120.357,120.365,49
2018-07-17 01:36:00,120.373,120.373,120.357,120.364,16
2018-07-17 01:37:00,120.357,120.373,120.357,120.365,5
2018-07-17 01:38:00,120.373,120.373,120.357,120.364,33
2018-07-17 01:43:00,120.388,120.388,120.38,120.38,2
2018-07-17 01:44:00,120.388,120.404,120.388,120.395,11
2018-07-17 01:45:00,120.388,120.404,120.388,120.392,22
2018-07-17 01:46:00,120.404,120.404,120.395,120.395,2
2018-07-17 01:47:00,120.419,120.419,120.408,120.408,4
2018-07-17 01:51:00,120.404,120.412,120.404,120.412,3
2018-07-17 01:54:00,120.404,120.419,120.404,120.411,6
2018-07-17 02:16:00,120.388,120.4,120.388,120.4,8
2018-07-17 02:21:00,120.372,120.388,120.372,120.384,34
2018-07-17 02:22:00,120.388,120.388,120.376,120.376,4
2018-07-17 02:49:00,120.404,120.404,120.395,120.395,2
2018-07-17 02:58:00,120.388,120.397,120.388,120.397,2
2018-07-17 03:16:00,120.372,120.381,120.372,120.381,2
2018-07-17 03:29:00,120.357,120.372,120.357,120.369,8
2018-07-17 03:48:00,120.341,120.349,120.341,120.349,2
2018-07-17 03:49:00,120.341,120.357,120.341,120.348,25
2018-07-17 03:54:00,120.341,120.357,120.341,120.348,9
2018-07-17 03:55:00,120.341,120.357,120.341,120.348,4
2018-07-17 04:07:00,120.325,120.341,120.325,120.334,21
2018-07-17 04:12:00,120.31,120.325,120.31,120.318,6
2018-07-17 04:21:00,120.309,120.309,120.294,120.302,12
2018-07-17 04:22:00,120.309,120.309,120.294,120.302,12
2018-07-17 04:23:00,120.294,120.302,120.294,120.302,2
2018-07-17 04:24:00,120.309,120.309,120.298,120.298,4
2018-07-17 04:25:00,120.325,120.325,120.309,120.317,6
2018-07-17 04:26:00,120.309,120.318,120.309,120.318,3
2018-07-17 04:27:00,120.325,120.325,120.317,120.317,2
2018-07-17 04:38:00,120.309,120.321,120.309,120.321,3
2018-07-17 04:57:00,120.325,120.325,120.309,120.317,10
2018-07-17 05:14:00,120.325,120.341,120.325,120.329,4
2018-07-17 05:15:00,120.325,120.341,120.325,120.328,5
2018-07-17 05:17:00,120.341,120.341,120.332,120.332,2
2018-07-17 05:35:00,120.356,120.356,120.348,120.348,2
2018-07-17 05:36:00,120.356,120.356,120.341,120.349,3
2018-07-17 05:37:00,120.356,120.372,120.356,120.363,4
2018-07-17 05:38:00,120.356,120.372,120.356,120.363,26
2018-07-17 05:49:00,120.372,120.372,120.363,120.363,2
2018-07-17 05:56:00,120.356,120.368,120.356,120.368,3
2018-07-17 05:58:00,120.341,120.352,120.341,120.352,3
2018-07-17 06:04:00,120.356,120.356,120.348,120.348,2
2018-07-17 06:11:00,120.356,120.356,120.34,120.349,59
2018-07-17 06:12:00,120.34,120.349,120.34,120.349,2
2018-07-17 06:15:00,120.34,120.356,120.34,120.348,26
2018-07-17 06:17:00,120.356,120.356,120.348,120.348,2
2018-07-17 06:19:00,120.34,120.356,120.34,120.349,9
2018-07-17 06:20:00,120.356,120.356,120.348,120.348,2
2018-07-17 06:21:00,120.356,120.356,120.34,120.349,25
2018-07-17 06:24:00,120.372,120.372,120.356,120.363,9
2018-07-17 06:27:00,120.356,120.365,120.356,120.365,2
2018-07-17 06:28:00,120.34,120.356,120.34,120.349,33
2018-07-17 06:31:00,120.34,120.34,120.325,120.333,7
2018-07-17 06:33:00,120.356,120.356,120.348,120.348,2
2018-07-17 06:36:00,120.356,120.372,120.356,120.363,26
2018-07-17 06:37:00,120.372,120.372,120.356,120.363,24
2018-07-17 06:38:00,120.356,120.372,120.356,120.365,7
2018-07-17 06:39:00,120.356,120.372,120.356,120.363,4
2018-07-17 06:40:00,120.372,120.372,120.356,120.36,12
2018-07-17 06:41:00,120.356,120.372,120.356,120.365,12
2018-07-17 06:42:00,120.372,120.372,120.363,120.363,2
2018-07-17 06:52:00,120.372,120.387,120.372,120.379,6
2018-07-17 07:07:00,120.356,120.365,120.356,120.365,3
2018-07-17 07:09:00,120.372,120.372,120.363,120.363,2
2018-07-17 07:11:00,120.356,120.372,120.356,120.365,14
2018-07-17 07:13:00,120.356,120.372,120.356,120.363,3
2018-07-17 07:17:00,120.372,120.387,120.363,120.363,16
2018-07-17 07:18:00,120.372,120.387,120.372,120.379,4
2018-07-17 07:19:00,120.372,120.387,120.372,120.379,4
2018-07-17 07:20:00,120.387,120.387,120.379,120.379,2
2018-07-17 07:21:00,120.387,120.403,120.387,120.394,6
2018-07-17 07:22:00,120.403,120.403,120.394,120.394,2
2018-07-17 07:33:00,120.387,120.396,120.387,120.396,2
2018-07-17 07:34:00,120.403,120.403,120.387,120.394,6
2018-07-17 07:35:00,120.403,120.419,120.403,120.41,10
2018-07-17 07:40:00,120.403,120.419,120.403,120.407,5
2018-07-17 07:45:00,120.387,120.4,120.387,120.4,4
2018-07-17 07:56:00,120.387,120.403,120.387,120.394,8
2018-07-17 07:57:00,120.387,120.403,120.387,120.39,10
2018-07-17 08:01:00,120.387,120.403,120.387,120.394,8
2018-07-17 08:02:00,120.372,120.38,120.372,120.38,3
2018-07-17 08:04:00,120.371,120.387,120.371,120.379,8
2018-07-17 08:05:00,120.371,120.387,120.371,120.379,10
2018-07-17 08:12:00,120.387,120.387,120.376,120.376,4
2018-07-17 08:15:00,120.371,120.38,120.371,120.38,3
2018-07-17 08:18:00,120.371,120.387,120.371,120.376,30
2018-07-17 08:22:00,120.387,120.387,120.379,120.379,2
2018-07-17 08:23:00,120.371,120.387,120.371,120.384,18
2018-07-17 08:25:00,120.387,120.387,120.379,120.379,2
2018-07-17 08:29:00,120.371,120.387,120.371,120.384,12
2018-07-17 08:30:00,120.387,120.387,120.371,120.379,8
2018-07-17 08:31:00,120.371,120.387,120.371,120.38,7
2018-07-17 08:45:00,120.387,120.387,120.376,120.376,4
2018-07-17 08:48:00,120.371,120.387,120.371,120.38,6
2018-07-17 08:49:00,120.371,120.371,120.356,120.368,9
2018-07-17 08:50:00,120.356,120.371,120.356,120.364,10
2018-07-17 08:51:00,120.371,120.371,120.356,120.363,10
2018-07-17 08:57:00,120.371,120.371,120.356,120.364,4
2018-07-17 09:00:00,120.371,120.371,120.356,120.364,51
2018-07-17 09:24:00,120.387,120.387,120.378,120.378,2
2018-07-17 09:30:00,120.371,120.38,120.371,120.38,2
2018-07-17 09:33:00,120.356,120.368,120.356,120.368,4
2018-07-17 09:37:00,120.371,120.371,120.356,120.363,6
2018-07-17 09:45:00,120.356,120.364,120.356,120.364,2
2018-07-17 09:46:00,120.356,120.371,120.356,120.363,20
2018-07-17 09:50:00,120.371,120.371,120.356,120.363,12
2018-07-17 10:03:00,120.387,120.387,120.374,120.374,4
2018-07-17 10:09:00,120.394,120.394,120.394,120.394,1
2018-07-17 10:10:00,120.402,120.402,120.402,120.402,1
2018-07-17 10:20:00,120.418,120.418,120.402,120.406,7
2018-07-17 10:40:00,120.402,120.411,120.402,120.411,2
2018-07-17 10:42:00,120.418,120.418,120.41,120.41,2
2018-07-17 10:50:00,120.402,120.414,120.402,120.414,4
2018-07-17 10:53:00,120.418,120.418,120.409,120.409,3
2018-07-17 10:55:00,120.402,120.414,120.402,120.414,13
2018-07-17 10:56:00,120.418,120.418,120.409,120.409,2
2018-07-17 11:00:00,120.402,120.418,120.402,120.411,15
2018-07-17 11:09:00,120.418,120.418,120.409,120.409,2
2018-07-17 11:28:00,120.418,120.434,120.418,120.425,5
2018-07-17 11:43:00,120.434,120.434,120.425,120.425,2
2018-07-17 11:46:00,120.434,120.434,120.418,120.426,32
2018-07-17 11:52:00,120.449,120.449,120.441,120.441,2
2018-07-17 11:54:00,120.449,120.449,120.433,120.442,8
2018-07-17 11:55:00,120.449,120.449,120.433,120.442,4
2018-07-17 11:56:00,120.433,120.449,120.433,120.442,25
2018-07-17 12:00:00,120.433,120.449,120.433,120.437,29
2018-07-17 12:01:00,120.433,120.449,120.433,120.437,7
2018-07-17 12:05:00,120.418,120.43,120.418,120.43,4
2018-07-17 12:08:00,120.418,120.433,120.418,120.425,4
2018-07-17 12:14:00,120.418,120.433,120.418,120.425,7
2018-07-17 12:15:00,120.433,120.433,120.422,120.422,3
2018-07-17 12:17:00,120.449,120.449,120.441,120.441,2
2018-07-17 12:20:00,120.465,120.465,120.452,120.452,4
2018-07-17 12:29:00,120.449,120.461,120.449,120.461,4
2018-07-17 12:34:00,120.449,120.449,120.433,120.442,8
2018-07-17 12:36:00,120.449,120.449,120.433,120.433,17
2018-07-17 12:40:00,120.433,120.446,120.433,120.446,4
2018-07-17 12:41:00,120.449,120.449,120.44,120.44,2
2018-07-17 12:42:00,120.449,120.449,120.433,120.442,5
2018-07-17 12:47:00,120.465,120.465,120.453,120.453,3
2018-07-17 12:49:00,120.465,120.465,120.449,120.458,29
2018-07-17 12:51:00,120.48,120.48,120.472,120.472,2
2018-07-17 12:52:00,120.496,120.496,120.487,120.487,2
2018-07-17 12:53:00,120.48,120.492,120.48,120.492,4
2018-07-17 12:56:00,120.48,120.48,120.465,120.473,4
2018-07-17 12:57:00,120.465,120.473,120.449,120.473,8
2018-07-17 12:59:00,120.465,120.48,120.465,120.468,6
2018-07-17 13:00:00,120.48,120.48,120.472,120.472,3
2018-07-17 13:02:00,120.48,120.48,120.465,120.473,15
2018-07-17 13:04:00,120.449,120.472,120.449,120.472,5
2018-07-17 13:06:00,120.465,120.465,120.433,120.442,32
2018-07-17 13:07:00,120.449,120.46,120.449,120.46,4
2018-07-17 13:08:00,120.465,120.465,120.449,120.456,35
2018-07-17 13:11:00,120.465,120.465,120.449,120.46,17
2018-07-17 13:13:00,120.449,120.46,120.449,120.46,4
2018-07-17 13:22:00,120.465,120.465,120.456,120.456,3
2018-07-17 13:24:00,120.449,120.457,120.449,120.457,2
2018-07-17 13:26:00,120.465,120.465,120.453,120.453,3
2018-07-17 13:29:00,120.48,120.48,120.465,120.472,7
2018-07-17 13:37:00,120.48,120.496,120.48,120.487,4
2018-07-17 13:43:00,120.496,120.496,120.465,120.476,33
2018-07-17 13:45:00,120.48,120.496,120.48,120.489,10
2018-07-17 13:46:00,120.48,120.48,120.465,120.473,4
2018-07-17 13:50:00,120.449,120.476,120.449,120.476,14
2018-07-17 13:51:00,120.433,120.442,120.418,120.442,7
2018-07-17 13:52:00,120.418,120.433,120.418,120.426,7
2018-07-17 13:56:00,120.402,120.41,120.402,120.41,2
2018-07-17 14:00:00,120.402,120.417,120.402,120.409,21
2018-07-17 14:01:00,120.417,120.417,120.402,120.409,8
2018-07-17 14:02:00,120.402,120.417,120.402,120.41,17
2018-07-17 14:03:00,120.417,120.417,120.409,120.409,2
2018-07-17 14:04:00,120.402,120.41,120.402,120.41,2
2018-07-17 14:05:00,120.386,120.402,120.386,120.395,16
2018-07-17 14:06:00,120.386,120.386,120.371,120.379,14
2018-07-17 14:07:00,120.371,120.386,120.371,120.379,40
2018-07-17 14:08:00,120.386,120.386,120.371,120.378,40
2018-07-17 14:14:00,120.37,120.379,120.37,120.379,2
2018-07-17 14:17:00,120.37,120.386,120.37,120.378,4
2018-07-17 14:18:00,120.386,120.386,120.37,120.374,30
2018-07-17 14:20:00,120.402,120.402,120.39,120.39,6
2018-07-17 14:22:00,120.402,120.402,120.386,120.398,11
2018-07-17 14:25:00,120.386,120.395,120.386,120.395,2
2018-07-17 14:28:00,120.37,120.379,120.37,120.379,2
2018-07-17 14:33:00,120.37,120.37,120.355,120.363,4
2018-07-17 14:34:00,120.355,120.37,120.355,120.366,11
2018-07-17 14:36:00,120.339,120.348,120.339,120.348,2
2018-07-17 14:38:00,120.355,120.355,120.346,120.346,2
2018-07-17 14:41:00,120.37,120.37,120.362,120.362,2
2018-07-17 14:42:00,120.355,120.363,120.355,120.363,2
2018-07-17 14:43:00,120.37,120.37,120.355,120.359,19
2018-07-17 14:46:00,120.386,120.386,120.374,120.374,4
2018-07-17 14:51:00,120.402,120.402,120.39,120.39,4
2018-07-17 14:56:00,120.386,120.395,120.386,120.395,2
2018-07-17 14:57:00,120.37,120.382,120.37,120.382,3
2018-07-17 15:00:00,120.37,120.37,120.355,120.363,26
2018-07-17 15:02:00,120.386,120.386,120.377,120.377,2
2018-07-17 15:03:00,120.402,120.402,120.393,120.393,2
2018-07-17 15:04:00,120.402,120.402,120.386,120.395,6
2018-07-17 15:06:00,120.417,120.417,120.406,120.406,3
2018-07-17 15:08:00,120.417,120.417,120.402,120.41,12
2018-07-17 15:09:00,120.417,120.433,120.417,120.424,23
2018-07-17 15:10:00,120.433,120.433,120.417,120.424,18
2018-07-17 15:11:00,120.433,120.449,120.433,120.436,6
2018-07-17 15:18:00,120.417,120.433,120.417,120.426,35
2018-07-17 15:19:00,120.417,120.433,120.417,120.422,16
2018-07-17 15:21:00,120.433,120.433,120.424,120.424,3
2018-07-17 15:22:00,120.417,120.433,120.417,120.43,16
2018-07-17 15:24:00,120.433,120.433,120.42,120.42,3
2018-07-17 15:25:00,120.433,120.449,120.433,120.436,6
2018-07-17 15:28:00,120.433,120.449,120.433,120.44,16
2018-07-17 15:35:00,120.449,120.449,120.44,120.44,3
2018-07-17 15:40:00,120.464,120.464,120.456,120.456,2
2018-07-17 15:41:00,120.449,120.457,120.449,120.457,2
2018-07-17 15:45:00,120.433,120.449,120.433,120.444,12
2018-07-17 15:47:00,120.433,120.449,120.433,120.44,14
2018-07-17 15:48:00,120.449,120.449,120.433,120.437,35
2018-07-17 16:10:00,120.433,120.441,120.433,120.441,2
2018-07-17 16:15:00,120.417,120.426,120.417,120.426,2
2018-07-17 16:17:00,120.417,120.417,120.401,120.41,4
2018-07-17 16:22:00,120.401,120.417,120.401,120.41,19
2018-07-17 16:25:00,120.417,120.417,120.401,120.409,17
2018-07-17 16:32:00,120.433,120.433,120.421,120.421,3
2018-07-17 16:33:00,120.417,120.433,120.417,120.426,21
2018-07-17 16:36:00,120.417,120.417,120.401,120.41,4
2018-07-17 16:40:00,120.417,120.433,120.417,120.424,5
2018-07-17 16:41:00,120.417,120.433,120.417,120.421,9
2018-07-17 16:42:00,120.401,120.41,120.401,120.41,2
2018-07-17 16:43:00,120.401,120.417,120.401,120.409,14
2018-07-17 16:44:00,120.417,120.417,120.408,120.408,2
2018-07-17 16:50:00,120.401,120.41,120.401,120.41,2
2018-07-17 17:13:00,120.386,120.401,120.386,120.394,27
2018-07-17 17:16:00,120.401,120.401,120.386,120.389,14
2018-07-17 17:17:00,120.386,120.394,120.386,120.394,2
2018-07-17 17:18:00,120.401,120.401,120.386,120.389,19
2018-07-17 17:19:00,120.386,120.401,120.386,120.394,23
2018-07-17 17:20:00,120.386,120.401,120.386,120.393,5
2018-07-17 17:23:00,120.401,120.401,120.386,120.389,24
2018-07-17 17:25:00,120.386,120.394,120.386,120.394,3
2018-07-17 17:27:00,120.401,120.401,120.389,120.389,4
2018-07-17 17:28:00,120.386,120.401,120.386,120.394,6
2018-07-17 17:41:00,120.401,120.401,120.39,120.39,4
2018-07-17 17:46:00,120.386,120.394,120.386,120.394,3
2018-07-17 17:56:00,120.386,120.386,120.37,120.378,11
2018-07-17 18:00:00,120.37,120.386,120.37,120.378,11
2018-07-17 18:01:00,120.386,120.386,120.374,120.374,3
2018-07-17 18:07:00,120.385,120.385,120.37,120.378,4
2018-07-17 18:33:00,120.37,120.385,120.37,120.378,31
2018-07-17 18:34:00,120.37,120.385,120.37,120.377,5
2018-07-17 18:59:00,120.37,120.385,120.37,120.377,4
2018-07-17 19:00:00,120.385,120.385,120.377,120.377,2
2018-07-17 19:24:00,120.385,120.385,120.37,120.378,12
2018-07-17 19:25:00,120.37,120.37,120.37,120.37,1
2018-07-17 19:35:00,120.354,120.37,120.354,120.366,7
2018-07-17 19:46:00,120.37,120.37,120.361,120.361,2
2018-07-17 19:49:00,120.354,120.37,120.354,120.362,10
2018-07-17 19:50:00,120.37,120.37,120.358,120.358,2
2018-07-17 19:56:00,120.354,120.37,120.354,120.362,47
2018-07-17 19:57:00,120.354,120.37,120.354,120.358,7
2018-07-17 19:59:00,120.354,120.37,120.354,120.361,27
2018-07-17 20:00:00,120.37,120.37,120.354,120.361,7
2018-07-17 20:06:00,120.37,120.37,120.354,120.362,4
2018-07-17 20:07:00,120.354,120.362,120.354,120.362,2
2018-07-17 20:09:00,120.37,120.37,120.361,120.361,2
2018-07-17 20:10:00,120.37,120.37,120.354,120.366,5
2018-07-17 20:11:00,120.354,120.37,120.354,120.366,6
2018-07-17 20:16:00,120.369,120.369,120.358,120.358,4
2018-07-17 20:21:00,120.354,120.366,120.354,120.366,4
2018-07-17 20:31:00,120.385,120.385,120.361,120.361,11
2018-07-17 20:32:00,120.385,120.385,120.369,120.378,11
2018-07-17 20:48:00,120.385,120.385,120.369,120.381,5
2018-07-17 20:49:00,120.369,120.385,120.369,120.378,5
2018-07-17 20:50:00,120.385,120.385,120.369,120.377,12
2018-07-17 20:51:00,120.369,120.378,120.369,120.378,2
2018-07-17 20:55:00,120.385,120.385,120.377,120.377,15
2018-07-17 20:57:00,120.369,120.378,120.369,120.378,2
2018-07-17 20:59:00,120.369,120.369,120.369,120.369,1
2018-07-17 22:00:00,120.369,120.369,120.369,120.369,1
2018-07-17 22:01:00,120.354,120.369,120.354,120.366,24
2018-07-17 22:02:00,120.369,120.369,120.358,120.358,4
2018-07-17 22:04:00,120.369,120.369,120.354,120.362,26
2018-07-17 22:13:00,120.369,120.369,120.354,120.362,12
2018-07-17 22:22:00,120.369,120.369,120.353,120.362,6
2018-07-17 22:26:00,120.353,120.362,120.353,120.362,2
2018-07-17 22:32:00,120.353,120.369,120.353,120.361,4
2018-07-17 22:33:00,120.353,120.369,120.353,120.361,6
2018-07-17 22:35:00,120.369,120.369,120.361,120.361,2
2018-07-17 22:56:00,120.353,120.362,120.353,120.362,2
2018-07-17 23:09:00,120.353,120.369,120.353,120.358,6
2018-07-17 23:18:00,120.369,120.369,120.36,120.36,2
2018-07-17 23:24:00,120.369,120.369,120.353,120.362,8
2018-07-17 23:30:00,120.353,120.365,120.353,120.365,3
2018-07-17 23:35:00,120.353,120.369,120.353,120.36,7
2018-07-17 23:36:00,120.369,120.369,120.36,120.36,3
2018-07-18 00:03:00,120.369,120.369,120.353,120.362,5
2018-07-18 00:18:00,120.353,120.362,120.353,120.362,2
2018-07-18 00:19:00,120.338,120.35,120.338,120.35,4
2018-07-18 00:26:00,120.337,120.337,120.322,120.33,4
2018-07-18 00:27:00,120.322,120.33,120.322,120.33,2
2018-07-18 00:30:00,120.337,120.337,120.322,120.329,15
2018-07-18 00:31:00,120.322,120.322,120.322,120.322,1
2018-07-18 00:35:00,120.322,120.322,120.306,120.315,5
2018-07-18 00:36:00,120.306,120.322,120.306,120.315,36
2018-07-18 00:47:00,120.322,120.322,120.313,120.313,2
2018-07-18 00:48:00,120.322,120.322,120.306,120.315,14
2018-07-18 00:51:00,120.322,120.322,120.306,120.318,5
2018-07-18 01:00:00,120.322,120.322,120.306,120.318,13
2018-07-18 01:01:00,120.306,120.322,120.306,120.315,29
2018-07-18 01:02:00,120.322,120.322,120.306,120.31,11
2018-07-18 01:03:00,120.306,120.318,120.306,120.318,4
2018-07-18 01:05:00,120.322,120.322,120.31,120.31,4
2018-07-18 01:06:00,120.322,120.322,120.306,120.318,30
2018-07-18 01:28:00,120.306,120.306,120.306,120.306,1
2018-07-18 01:29:00,120.306,120.322,120.306,120.31,12
2018-07-18 01:48:00,120.306,120.322,120.306,120.313,23
2018-07-18 01:49:00,120.306,120.322,120.306,120.31,12
2018-07-18 02:05:00,120.306,120.306,120.299,120.299,4
2018-07-18 02:06:00,120.306,120.306,120.29,120.299,50
2018-07-18 02:07:00,120.29,120.299,120.29,120.299,2
2018-07-18 02:34:00,120.306,120.306,120.297,120.297,2
2018-07-18 02:43:00,120.306,120.306,120.29,120.299,9
2018-07-18 02:45:00,120.306,120.306,120.29,120.302,31
2018-07-18 03:03:00,120.321,120.321,120.313,120.313,2
2018-07-18 03:04:00,120.306,120.321,120.306,120.318,6
2018-07-18 03:05:00,120.306,120.321,120.306,120.313,5
2018-07-18 03:31:00,120.321,120.321,120.313,120.313,3
2018-07-18 03:34:00,120.321,120.321,120.306,120.314,9
2018-07-18 03:42:00,120.321,120.321,120.306,120.314,12
2018-07-18 03:48:00,120.321,120.337,120.321,120.328,4
2018-07-18 03:49:00,120.337,120.337,120.328,120.328,2
2018-07-18 04:02:00,120.337,120.337,120.321,120.33,4
2018-07-18 04:59:00,120.352,120.352,120.344,120.344,6
2018-07-18 05:00:00,120.337,120.352,120.337,120.349,8
2018-07-18 05:01:00,120.337,120.352,120.337,120.344,4
2018-07-18 05:02:00,120.352,120.352,120.337,120.34,8
2018-07-18 05:03:00,120.337,120.345,120.337,120.345,2
2018-07-18 05:17:00,120.337,120.337,120.321,120.33,9
2018-07-18 05:38:00,120.321,120.33,120.321,120.33,2
2018-07-18 05:42:00,120.337,120.337,120.325,120.325,4
2018-07-18 05:43:00,120.337,120.337,120.321,120.332,12
2018-07-18 05:44:00,120.321,120.337,120.321,120.329,15
2018-07-18 05:46:00,120.321,120.337,120.321,120.325,6
2018-07-18 05:49:00,120.337,120.337,120.324,120.324,4
2018-07-18 05:52:00,120.321,120.329,120.321,120.329,2
2018-07-18 06:01:00,120.321,120.337,120.321,120.328,11
2018-07-18 06:02:00,120.337,120.337,120.328,120.328,2
2018-07-18 06:04:00,120.337,120.337,120.321,120.329,6
2018-07-18 06:06:00,120.337,120.337,120.321,120.329,4
2018-07-18 06:07:00,120.337,120.337,120.321,120.332,12
2018-07-18 06:35:00,120.321,120.333,120.321,120.333,3
2018-07-18 06:52:00,120.321,120.325,120.321,120.325,4
2018-07-18 07:03:00,120.336,120.336,120.328,120.328,4
2018-07-18 07:08:00,120.321,120.336,120.321,120.329,7
2018-07-18 07:11:00,120.336,120.336,120.324,120.324,3
2018-07-18 07:12:00,120.321,120.329,120.321,120.329,3
2018-07-18 07:14:00,120.336,120.336,120.328,120.328,2
2018-07-18 07:17:00,120.321,120.333,120.321,120.333,3
2018-07-18 07:21:00,120.321,120.336,120.321,120.328,5
2018-07-18 07:22:00,120.336,120.336,120.324,120.324,4
2018-07-18 07:25:00,120.336,120.336,120.321,120.329,10
2018-07-18 07:30:00,120.352,120.352,120.343,120.343,2
2018-07-18 07:32:00,120.368,120.368,120.352,120.356,12
2018-07-18 07:39:00,120.383,120.383,120.375,120.375,2
2018-07-18 07:46:00,120.368,120.383,120.368,120.376,6
2018-07-18 07:49:00,120.368,120.368,120.352,120.36,10
2018-07-18 07:50:00,120.368,120.368,120.36,120.36,4
2018-07-18 08:00:00,120.383,120.383,120.375,120.375,2
2018-07-18 08:10:00,120.399,120.399,120.39,120.39,2
2018-07-18 08:13:00,120.383,120.395,120.383,120.395,4
2018-07-18 08:20:00,120.368,120.376,120.368,120.376,2
2018-07-18 08:27:00,120.352,120.364,120.352,120.364,3
2018-07-18 08:29:00,120.383,120.383,120.356,120.356,6
2018-07-18 08:30:00,120.383,120.399,120.383,120.39,29
2018-07-18 08:32:00,120.383,120.39,120.383,120.39,8
2018-07-18 08:33:00,120.383,120.399,120.383,120.39,34
2018-07-18 08:34:00,120.399,120.399,120.383,120.39,29
2018-07-18 08:38:00,120.383,120.399,120.383,120.396,9
2018-07-18 08:40:00,120.399,120.399,120.39,120.39,2
2018-07-18 08:42:00,120.383,120.392,120.383,120.392,3
2018-07-18 08:48:00,120.383,120.383,120.367,120.376,5
2018-07-18 08:49:00,120.367,120.383,120.367,120.376,6
2018-07-18 08:57:00,120.367,120.383,120.367,120.375,12
2018-07-18 09:00:00,120.383,120.383,120.371,120.371,3
2018-07-18 09:01:00,120.383,120.383,120.367,120.376,10
2018-07-18 09:03:00,120.367,120.376,120.367,120.376,2
2018-07-18 09:08:00,120.367,120.367,120.352,120.364,10
2018-07-18 09:10:00,120.383,120.383,120.374,120.374,2
2018-07-18 09:16:00,120.367,120.383,120.367,120.376,12
2018-07-18 09:17:00,120.383,120.383,120.367,120.374,8
2018-07-18 09:20:00,120.367,120.376,120.367,120.376,2
2018-07-18 09:23:00,120.367,120.367,120.352,120.36,9
2018-07-18 09:24:00,120.352,120.367,120.352,120.36,6
2018-07-18 09:26:00,120.367,120.367,120.352,120.356,7
2018-07-18 09:30:00,120.383,120.383,120.367,120.372,6
2018-07-18 09:31:00,120.383,120.383,120.367,120.38,7
2018-07-18 09:48:00,120.399,120.399,120.386,120.386,3
2018-07-18 09:49:00,120.383,120.399,120.383,120.383,11
2018-07-18 09:56:00,120.399,120.399,120.387,120.387,4
2018-07-18 09:58:00,120.414,120.414,120.402,120.402,4
2018-07-18 10:01:00,120.399,120.414,120.399,120.41,6
2018-07-18 10:04:00,120.414,120.414,120.406,120.406,2
2018-07-18 10:06:00,120.414,120.414,120.398,120.407,20
2018-07-18 10:07:00,120.398,120.407,120.398,120.407,2
2018-07-18 10:18:00,120.383,120.391,120.383,120.391,2
2018-07-18 10:19:00,120.398,120.398,120.383,120.386,8
2018-07-18 10:24:00,120.414,120.414,120.406,120.406,3
2018-07-18 10:25:00,120.398,120.414,120.398,120.41,24
2018-07-18 10:51:00,120.414,120.414,120.406,120.406,2
2018-07-18 10:55:00,120.398,120.407,120.398,120.407,2
2018-07-18 10:58:00,120.414,120.414,120.402,120.402,4
2018-07-18 11:02:00,120.414,120.43,120.414,120.421,24
2018-07-18 11:06:00,120.43,120.43,120.414,120.421,6
2018-07-18 11:09:00,120.414,120.43,120.414,120.423,6
2018-07-18 11:10:00,120.43,120.43,120.414,120.421,6
2018-07-18 11:15:00,120.43,120.445,120.43,120.437,5
2018-07-18 11:18:00,120.414,120.43,120.414,120.426,16
2018-07-18 11:19:00,120.43,120.43,120.414,120.421,12
2018-07-18 11:24:00,120.445,120.445,120.445,120.445,1
2018-07-18 11:27:00,120.445,120.461,120.445,120.452,8
2018-07-18 11:32:00,120.43,120.442,120.43,120.442,3
2018-07-18 11:35:00,120.414,120.426,120.414,120.426,4
2018-07-18 11:54:00,120.43,120.43,120.421,120.421,2
2018-07-18 11:57:00,120.43,120.445,120.43,120.437,21
2018-07-18 12:00:00,120.43,120.445,120.43,120.437,4
2018-07-18 12:04:00,120.445,120.461,120.437,120.437,11
2018-07-18 12:05:00,120.461,120.461,120.452,120.452,3
2018-07-18 12:06:00,120.461,120.461,120.445,120.458,20
2018-07-18 12:09:00,120.476,120.476,120.461,120.468,10
2018-07-18 12:13:00,120.461,120.461,120.461,120.461,1
2018-07-18 12:16:00,120.476,120.476,120.461,120.468,6
2018-07-18 12:17:00,120.461,120.476,120.461,120.469,8
2018-07-18 12:19:00,120.461,120.476,120.461,120.468,4
2018-07-18 12:22:00,120.461,120.461,120.445,120.454,4
2018-07-18 12:26:00,120.476,120.476,120.461,120.468,10
2018-07-18 12:29:00,120.461,120.476,120.461,120.473,11
2018-07-18 12:30:00,120.492,120.492,120.461,120.468,16
2018-07-18 12:33:00,120.476,120.488,120.476,120.488,4
2018-07-18 12:35:00,120.476,120.476,120.461,120.469,27
2018-07-18 12:42:00,120.492,120.492,120.484,120.484,3
2018-07-18 12:43:00,120.476,120.492,120.476,120.485,10
2018-07-18 12:45:00,120.476,120.492,120.476,120.48,6
2018-07-18 12:46:00,120.492,120.492,120.484,120.484,2
2018-07-18 12:47:00,120.476,120.488,120.476,120.488,4
2018-07-18 12:49:00,120.461,120.472,120.461,120.472,4
2018-07-18 12:50:00,120.461,120.461,120.445,120.454,8
2018-07-18 12:51:00,120.461,120.461,120.445,120.454,16
2018-07-18 12:52:00,120.445,120.454,120.445,120.454,2
2018-07-18 12:53:00,120.445,120.461,120.445,120.452,4
2018-07-18 12:54:00,120.445,120.461,120.445,120.452,6
2018-07-18 12:58:00,120.429,120.445,120.429,120.438,7
2018-07-18 12:59:00,120.445,120.445,120.434,120.434,4
2018-07-18 13:04:00,120.429,120.438,120.429,120.438,2
2018-07-18 13:11:00,120.445,120.445,120.429,120.436,15
2018-07-18 13:12:00,120.445,120.445,120.429,120.438,3
2018-07-18 13:13:00,120.429,120.438,120.429,120.438,2
2018-07-18 13:16:00,120.414,120.429,120.414,120.426,16
2018-07-18 13:17:00,120.398,120.407,120.398,120.407,2
2018-07-18 13:18:00,120.398,120.414,120.398,120.405,5
2018-07-18 13:19:00,120.414,120.414,120.402,120.402,3
2018-07-18 13:21:00,120.414,120.414,120.398,120.406,12
2018-07-18 13:22:00,120.398,120.414,120.398,120.41,12
2018-07-18 13:23:00,120.414,120.414,120.398,120.405,11
2018-07-18 13:24:00,120.398,120.414,120.398,120.41,8
2018-07-18 13:27:00,120.414,120.414,120.398,120.405,12
2018-07-18 13:30:00,120.398,120.41,120.398,120.41,8
2018-07-18 13:32:00,120.382,120.394,120.382,120.394,4
2018-07-18 13:36:00,120.398,120.398,120.389,120.389,2
2018-07-18 13:39:00,120.382,120.398,120.382,120.391,11
2018-07-18 13:40:00,120.398,120.398,120.386,120.386,3
2018-07-18 13:41:00,120.414,120.414,120.405,120.405,2
2018-07-18 13:42:00,120.414,120.429,120.398,120.421,46
2018-07-18 13:43:00,120.398,120.41,120.398,120.41,4
2018-07-18 13:44:00,120.398,120.414,120.398,120.405,20
2018-07-18 13:45:00,120.414,120.414,120.398,120.405,9
2018-07-18 13:47:00,120.414,120.429,120.414,120.421,6
2018-07-18 13:48:00,120.398,120.414,120.398,120.41,8
2018-07-18 13:49:00,120.414,120.414,120.398,120.405,6
2018-07-18 13:52:00,120.414,120.429,120.414,120.421,4
2018-07-18 13:55:00,120.414,120.414,120.398,120.406,4
2018-07-18 13:56:00,120.414,120.414,120.398,120.406,8
2018-07-18 13:57:00,120.398,120.406,120.398,120.406,3
2018-07-18 14:03:00,120.414,120.414,120.402,120.402,4
2018-07-18 14:06:00,120.414,120.429,120.414,120.421,21
2018-07-18 14:07:00,120.414,120.429,120.414,120.421,4
2018-07-18 14:11:00,120.398,120.406,120.398,120.406,2
2018-07-18 14:15:00,120.413,120.413,120.402,120.402,4
2018-07-18 14:16:00,120.429,120.429,120.413,120.421,15
2018-07-18 14:18:00,120.413,120.425,120.413,120.425,3
2018-07-18 14:20:00,120.413,120.413,120.398,120.406,4
2018-07-18 14:24:00,120.398,120.413,120.398,120.398,14
2018-07-18 14:25:00,120.413,120.413,120.405,120.405,2
2018-07-18 14:26:00,120.398,120.406,120.398,120.406,2
2018-07-18 14:28:00,120.413,120.413,120.405,120.405,3
2018-07-18 14:30:00,120.413,120.413,120.398,120.406,13
2018-07-18 14:36:00,120.413,120.429,120.413,120.421,4
2018-07-18 14:39:00,120.413,120.413,120.398,120.406,12
2018-07-18 14:40:00,120.398,120.406,120.398,120.406,2
2018-07-18 14:41:00,120.413,120.413,120.398,120.405,9
2018-07-18 14:44:00,120.398,120.413,120.398,120.406,10
2018-07-18 14:46:00,120.398,120.413,120.398,120.405,8
2018-07-18 14:51:00,120.382,120.398,120.382,120.394,25
2018-07-18 14:52:00,120.398,120.398,120.389,120.389,3
2018-07-18 14:54:00,120.382,120.398,120.382,120.391,14
2018-07-18 15:00:00,120.382,120.382,120.366,120.375,10
2018-07-18 15:04:00,120.382,120.398,120.382,120.389,4
2018-07-18 15:05:00,120.382,120.398,120.382,120.386,11
2018-07-18 15:11:00,120.398,120.398,120.389,120.389,3
2018-07-18 15:22:00,120.398,120.398,120.382,120.391,39
2018-07-18 15:23:00,120.382,120.391,120.382,120.391,2
2018-07-18 15:24:00,120.382,120.398,120.382,120.389,18
2018-07-18 15:25:00,120.398,120.398,120.382,120.389,11
2018-07-18 15:33:00,120.382,120.398,120.382,120.39,26
2018-07-18 15:36:00,120.366,120.378,120.366,120.378,4
2018-07-18 15:39:00,120.366,120.366,120.351,120.359,4
2018-07-18 15:40:00,120.366,120.366,120.351,120.359,41
2018-07-18 15:41:00,120.351,120.366,120.351,120.359,32
2018-07-18 15:42:00,120.366,120.366,120.358,120.358,2
2018-07-18 15:43:00,120.366,120.366,120.351,120.359,30
2018-07-18 15:59:00,120.366,120.382,120.366,120.37,6
2018-07-18 16:03:00,120.382,120.382,120.366,120.373,17
2018-07-18 16:05:00,120.366,120.378,120.366,120.378,4
2018-07-18 16:10:00,120.382,120.382,120.366,120.373,54
2018-07-18 16:11:00,120.366,120.366,120.366,120.366,1
2018-07-18 16:16:00,120.382,120.382,120.373,120.373,2
2018-07-18 16:17:00,120.382,120.382,120.366,120.375,8
2018-07-18 16:18:00,120.366,120.382,120.366,120.375,8
2018-07-18 16:22:00,120.366,120.366,120.351,120.359,8
2018-07-18 16:23:00,120.366,120.366,120.351,120.359,4
2018-07-18 16:28:00,120.366,120.382,120.366,120.37,6
2018-07-18 16:30:00,120.366,120.382,120.366,120.373,14
2018-07-18 16:32:00,120.382,120.382,120.373,120.373,2
2018-07-18 16:39:00,120.382,120.382,120.366,120.375,27
2018-07-18 16:40:00,120.382,120.382,120.366,120.375,4
2018-07-18 16:41:00,120.382,120.382,120.366,120.375,7
2018-07-18 16:58:00,120.382,120.382,120.366,120.375,14
2018-07-18 17:02:00,120.366,120.382,120.366,120.378,8
2018-07-18 17:03:00,120.382,120.382,120.366,120.373,10
2018-07-18 17:04:00,120.366,120.375,120.366,120.375,2
2018-07-18 17:05:00,120.366,120.382,120.366,120.37,5
2018-07-18 17:06:00,120.366,120.382,120.366,120.373,8
2018-07-18 17:33:00,120.366,120.382,120.366,120.373,8
2018-07-18 17:34:00,120.366,120.382,120.366,120.37,18
2018-07-18 17:35:00,120.382,120.382,120.366,120.373,8
2018-07-18 17:36:00,120.382,120.382,120.366,120.374,11
2018-07-18 17:39:00,120.366,120.382,120.366,120.374,64
2018-07-18 17:40:00,120.35,120.359,120.35,120.359,2
2018-07-18 17:46:00,120.35,120.35,120.335,120.343,52
2018-07-18 17:47:00,120.35,120.35,120.335,120.343,16
2018-07-18 17:52:00,120.335,120.346,120.335,120.346,4
2018-07-18 18:24:00,120.35,120.35,120.342,120.342,2
2018-07-18 18:28:00,120.335,120.35,120.335,120.343,24
2018-07-18 18:40:00,120.334,120.334,120.319,120.33,39
2018-07-18 18:44:00,120.319,120.331,120.319,120.331,4
2018-07-18 19:03:00,120.303,120.312,120.303,120.312,2
2018-07-18 19:06:00,120.287,120.303,120.287,120.299,13
2018-07-18 19:13:00,120.303,120.303,120.295,120.295,2
2018-07-18 19:14:00,120.287,120.296,120.287,120.296,2
2018-07-18 19:34:00,120.272,120.28,120.272,120.28,2
2018-07-18 19:35:00,120.272,120.272,120.256,120.265,14
2018-07-18 19:36:00,120.256,120.272,120.256,120.265,7
2018-07-18 19:56:00,120.272,120.272,120.256,120.263,7
2018-07-18 20:03:00,120.287,120.287,120.272,120.276,12
2018-07-18 20:30:00,120.303,120.303,120.287,120.29,8
2018-07-18 20:31:00,120.303,120.303,120.287,120.296,6
2018-07-18 20:35:00,120.287,120.3,120.287,120.3,4
2018-07-18 20:36:00,120.287,120.303,120.287,120.29,29
2018-07-18 20:48:00,120.303,120.303,120.29,120.29,4
2018-07-18 20:52:00,120.318,120.318,120.31,120.31,2
2018-07-18 20:55:00,120.303,120.315,120.303,120.315,3
2018-07-18 20:58:00,120.318,120.318,120.31,120.31,2
2018-07-18 20:59:00,120.318,120.318,120.318,120.318,1
2018-07-18 22:00:00,120.334,120.334,120.318,120.318,3
2018-07-18 22:02:00,120.318,120.327,120.318,120.327,2
2018-07-18 22:08:00,120.303,120.311,120.303,120.311,3
2018-07-18 22:23:00,120.287,120.295,120.287,120.295,2
2018-07-18 22:34:00,120.271,120.287,120.271,120.28,64
2018-07-18 22:42:00,120.256,120.267,120.256,120.267,16
2018-07-18 22:43:00,120.24,120.256,120.224,120.248,50
2018-07-18 22:45:00,120.224,120.24,120.224,120.233,53
2018-07-18 22:51:00,120.209,120.224,120.209,120.217,5
2018-07-18 22:52:00,120.224,120.224,120.216,120.216,2
2018-07-18 22:54:00,120.209,120.217,120.209,120.217,4
2018-07-18 22:55:00,120.224,120.224,120.22,120.22,2
2018-07-18 22:56:00,120.224,120.224,120.209,120.217,8
2018-07-18 23:10:00,120.208,120.217,120.208,120.217,2
2018-07-18 23:12:00,120.224,120.224,120.212,120.212,3
2018-07-18 23:13:00,120.208,120.224,120.208,120.217,14
2018-07-18 23:17:00,120.224,120.224,120.208,120.216,22
2018-07-18 23:27:00,120.224,120.224,120.208,120.217,6
2018-07-18 23:34:00,120.208,120.22,120.208,120.217,12
2018-07-18 23:35:00,120.208,120.224,120.208,120.216,4
2018-07-18 23:36:00,120.208,120.224,120.208,120.216,11
2018-07-18 23:37:00,120.224,120.224,120.212,120.212,3
2018-07-18 23:58:00,120.24,120.24,120.231,120.231,2
2018-07-19 00:04:00,120.255,120.255,120.247,120.247,2
2018-07-19 00:10:00,120.255,120.271,120.255,120.26,33
2018-07-19 00:15:00,120.255,120.271,120.255,120.262,8
2018-07-19 00:18:00,120.271,120.271,120.262,120.262,3
2018-07-19 00:24:00,120.255,120.271,120.255,120.264,6
2018-07-19 00:27:00,120.24,120.248,120.24,120.248,2
2018-07-19 00:35:00,120.24,120.24,120.224,120.232,13
2018-07-19 00:36:00,120.24,120.24,120.232,120.232,6
2018-07-19 00:37:00,120.224,120.232,120.224,120.232,2
2018-07-19 00:43:00,120.24,120.24,120.224,120.228,4
2018-07-19 00:44:00,120.224,120.232,120.224,120.232,3
2018-07-19 00:45:00,120.208,120.217,120.208,120.217,3
2018-07-19 00:53:00,120.193,120.201,120.193,120.201,2
2018-07-19 00:54:00,120.193,120.208,120.193,120.2,5
2018-07-19 00:55:00,120.208,120.208,120.193,120.2,10
2018-07-19 01:03:00,120.224,120.224,120.215,120.215,2
2018-07-19 01:06:00,120.224,120.224,120.208,120.22,5
2018-07-19 01:07:00,120.208,120.217,120.208,120.217,2
2018-07-19 01:30:00,120.161,120.201,120.145,120.201,14
2018-07-19 01:32:00,120.177,120.177,120.166,120.168,6
2018-07-19 01:33:00,120.192,120.192,120.184,120.184,2
2018-07-19 01:35:00,120.177,120.188,120.177,120.188,4
2018-07-19 01:36:00,120.192,120.192,120.18,120.18,4
2018-07-19 01:42:00,120.177,120.185,120.177,120.185,2
2018-07-19 01:52:00,120.177,120.177,120.161,120.17,4
2018-07-19 01:53:00,120.177,120.177,120.161,120.17,4
2018-07-19 01:55:00,120.177,120.177,120.161,120.17,12
2018-07-19 01:56:00,120.177,120.177,120.161,120.17,4
2018-07-19 01:57:00,120.161,120.177,120.161,120.161,10
2018-07-19 02:02:00,120.177,120.177,120.168,120.168,2
2018-07-19 02:05:00,120.177,120.177,120.161,120.172,8
2018-07-19 02:26:00,120.161,120.17,120.161,120.17,2
2018-07-19 03:05:00,120.177,120.177,120.161,120.168,31
2018-07-19 03:06:00,120.177,120.177,120.161,120.169,6
2018-07-19 03:07:00,120.161,120.172,120.161,120.172,4
2018-07-19 03:08:00,120.161,120.177,120.161,120.164,19
2018-07-19 03:10:00,120.161,120.177,120.161,120.168,24
2018-07-19 03:11:00,120.177,120.177,120.168,120.168,2
2018-07-19 03:12:00,120.177,120.177,120.161,120.169,5
2018-07-19 03:27:00,120.192,120.192,120.184,120.184,3
2018-07-19 03:31:00,120.208,120.208,120.196,120.196,3
2018-07-19 03:33:00,120.208,120.208,120.192,120.201,82
2018-07-19 03:34:00,120.208,120.208,120.192,120.204,13
2018-07-19 03:35:00,120.192,120.208,120.192,120.201,8
2018-07-19 03:38:00,120.208,120.208,120.192,120.199,19
2018-07-19 03:41:00,120.208,120.208,120.192,120.201,4
2018-07-19 03:43:00,120.192,120.204,120.192,120.204,4
2018-07-19 03:48:00,120.176,120.188,120.176,120.188,4
2018-07-19 04:05:00,120.192,120.192,120.18,120.18,4
2018-07-19 04:13:00,120.208,120.208,120.192,120.199,7
2018-07-19 04:14:00,120.208,120.208,120.192,120.204,22
2018-07-19 04:20:00,120.192,120.2,120.192,120.2,3
2018-07-19 04:28:00,120.208,120.208,120.192,120.199,13
2018-07-19 04:29:00,120.208,120.208,120.192,120.2,6
2018-07-19 04:31:00,120.192,120.208,120.192,120.2,7
2018-07-19 04:32:00,120.208,120.208,120.199,120.199,2
2018-07-19 04:33:00,120.192,120.204,120.192,120.204,4
2018-07-19 04:37:00,120.192,120.192,120.176,120.188,6
2018-07-19 04:42:00,120.192,120.192,120.176,120.188,6
2018-07-19 04:43:00,120.192,120.192,120.176,120.185,6
2018-07-19 04:44:00,120.192,120.192,120.176,120.185,4
2018-07-19 04:46:00,120.176,120.185,120.176,120.185,2
2018-07-19 04:53:00,120.192,120.192,120.183,120.183,2
2018-07-19 05:02:00,120.176,120.185,120.176,120.185,2
2018-07-19 05:05:00,120.192,120.192,120.183,120.183,3
2018-07-19 05:06:00,120.192,120.192,120.176,120.185,12
2018-07-19 05:07:00,120.192,120.192,120.176,120.188,6
2018-07-19 05:11:00,120.192,120.192,120.176,120.185,5
2018-07-19 05:53:00,120.207,120.207,120.192,120.199,15
2018-07-19 05:54:00,120.207,120.207,120.192,120.204,7
2018-07-19 05:55:00,120.207,120.207,120.192,120.2,6
2018-07-19 06:03:00,120.192,120.204,120.192,120.204,4
2018-07-19 06:13:00,120.176,120.192,120.176,120.188,8
2018-07-19 06:14:00,120.192,120.192,120.18,120.18,4
2018-07-19 06:15:00,120.192,120.192,120.176,120.185,5
2018-07-19 06:22:00,120.207,120.207,120.199,120.199,2
2018-07-19 06:24:00,120.207,120.223,120.207,120.214,6
2018-07-19 06:25:00,120.207,120.223,120.207,120.214,25
2018-07-19 06:26:00,120.223,120.223,120.207,120.211,17
2018-07-19 06:35:00,120.223,120.223,120.207,120.216,5
2018-07-19 06:52:00,120.207,120.22,120.207,120.22,3
2018-07-19 06:55:00,120.192,120.2,120.192,120.2,2
2018-07-19 06:56:00,120.207,120.207,120.199,120.199,2
2018-07-19 07:00:00,120.207,120.223,120.207,120.214,20
2018-07-19 07:01:00,120.192,120.207,120.192,120.204,21
2018-07-19 07:02:00,120.207,120.207,120.199,120.199,2
2018-07-19 07:04:00,120.192,120.207,120.192,120.2,11
2018-07-19 07:10:00,120.207,120.207,120.191,120.199,20
2018-07-19 07:12:00,120.207,120.207,120.191,120.2,4
2018-07-19 07:13:00,120.191,120.207,120.191,120.2,12
2018-07-19 07:17:00,120.176,120.184,120.176,120.184,2
2018-07-19 07:21:00,120.176,120.176,120.16,120.169,5
2018-07-19 07:22:00,120.176,120.176,120.16,120.169,4
2018-07-19 07:23:00,120.176,120.176,120.16,120.169,11
2018-07-19 07:25:00,120.207,120.207,120.18,120.18,20
2018-07-19 07:26:00,120.207,120.223,120.207,120.214,12
2018-07-19 07:27:00,120.223,120.223,120.207,120.214,10
2018-07-19 07:31:00,120.223,120.223,120.207,120.216,12
2018-07-19 07:32:00,120.223,120.223,120.207,120.216,4
2018-07-19 07:36:00,120.207,120.223,120.207,120.22,13
2018-07-19 07:37:00,120.207,120.207,120.191,120.204,10
2018-07-19 07:38:00,120.207,120.207,120.191,120.2,5
2018-07-19 07:39:00,120.191,120.204,120.191,120.204,4
2018-07-19 07:43:00,120.207,120.207,120.191,120.199,22
2018-07-19 07:44:00,120.191,120.2,120.191,120.2,2
2018-07-19 07:48:00,120.207,120.207,120.199,120.199,3
2018-07-19 07:51:00,120.191,120.203,120.191,120.203,3
2018-07-19 07:55:00,120.176,120.191,120.176,120.184,16
2018-07-19 07:56:00,120.191,120.191,120.18,120.18,4
2018-07-19 08:00:00,120.207,120.207,120.199,120.199,2
2018-07-19 08:05:00,120.207,120.207,120.191,120.2,4
2018-07-19 08:08:00,120.207,120.207,120.191,120.2,7
2018-07-19 08:09:00,120.207,120.223,120.207,120.214,10
2018-07-19 08:13:00,120.207,120.207,120.191,120.2,16
2018-07-19 08:15:00,120.207,120.207,120.191,120.2,17
2018-07-19 08:21:00,120.223,120.223,120.207,120.214,7
2018-07-19 08:23:00,120.207,120.215,120.207,120.215,2
2018-07-19 08:31:00,120.223,120.223,120.207,120.21,12
2018-07-19 08:35:00,120.223,120.238,120.223,120.23,4
2018-07-19 08:45:00,120.207,120.223,120.207,120.219,5
2018-07-19 08:50:00,120.207,120.207,120.191,120.2,6
2018-07-19 08:52:00,120.191,120.204,120.191,120.204,3
2018-07-19 08:59:00,120.207,120.207,120.198,120.198,2
2018-07-19 09:05:00,120.191,120.2,120.191,120.2,2
2018-07-19 09:12:00,120.176,120.188,120.176,120.188,4
2018-07-19 09:27:00,120.16,120.168,120.16,120.168,2
2018-07-19 09:39:00,120.175,120.175,120.164,120.164,4
2018-07-19 09:40:00,120.175,120.175,120.16,120.168,4
2018-07-19 09:41:00,120.16,120.175,120.16,120.168,12
2018-07-19 10:03:00,120.128,120.16,120.128,120.153,10
2018-07-19 10:04:00,120.128,120.144,120.128,120.132,38
2018-07-19 10:05:00,120.113,120.128,120.113,120.121,113
2018-07-19 10:16:00,120.113,120.128,120.113,120.12,7
2018-07-19 10:17:00,120.128,120.128,120.113,120.12,11
2018-07-19 10:18:00,120.128,120.128,120.113,120.121,14
2018-07-19 10:21:00,120.113,120.121,120.113,120.121,2
2018-07-19 10:22:00,120.128,120.128,120.12,120.12,2
2018-07-19 10:43:00,120.144,120.144,120.128,120.135,9
2018-07-19 10:44:00,120.144,120.144,120.128,120.137,4
2018-07-19 10:45:00,120.128,120.144,120.128,120.137,7
2018-07-19 10:46:00,120.144,120.144,120.135,120.135,4
2018-07-19 10:51:00,120.144,120.144,120.128,120.137,18
2018-07-19 10:56:00,120.16,120.16,120.151,120.151,2
2018-07-19 11:08:00,120.144,120.156,120.144,120.156,4
2018-07-19 11:10:00,120.144,120.16,120.144,120.148,7
2018-07-19 11:11:00,120.16,120.16,120.151,120.151,2
2018-07-19 11:17:00,120.144,120.152,120.144,120.152,2
2018-07-19 11:19:00,120.144,120.16,120.144,120.151,8
2018-07-19 11:25:00,120.159,120.159,120.151,120.151,2
2018-07-19 11:27:00,120.159,120.175,120.159,120.167,9
2018-07-19 11:28:00,120.175,120.175,120.167,120.167,4
2018-07-19 11:29:00,120.175,120.175,120.159,120.168,24
2018-07-19 11:31:00,120.191,120.191,120.182,120.182,2
2018-07-19 11:39:00,120.175,120.191,120.175,120.184,8
2018-07-19 11:40:00,120.175,120.191,120.175,120.182,5
2018-07-19 11:41:00,120.175,120.191,120.175,120.182,8
2018-07-19 11:43:00,120.191,120.191,120.175,120.182,4
2018-07-19 11:55:00,120.206,120.206,120.198,120.198,2
2018-07-19 11:59:00,120.222,120.238,120.214,120.214,7
2018-07-19 12:01:00,120.238,120.238,120.229,120.229,2
2018-07-19 12:03:00,120.238,120.238,120.222,120.234,18
2018-07-19 12:05:00,120.222,120.234,120.222,120.234,4
2018-07-19 12:06:00,120.238,120.238,120.229,120.229,2
2018-07-19 12:15:00,120.238,120.238,120.222,120.231,24
2018-07-19 12:29:00,120.238,120.238,120.222,120.231,40
2018-07-19 12:30:00,120.222,120.238,120.222,120.234,8
2018-07-19 12:31:00,120.191,120.215,120.191,120.215,5
2018-07-19 12:32:00,120.175,120.183,120.175,120.183,2
2018-07-19 12:33:00,120.191,120.191,120.175,120.182,11
2018-07-19 12:34:00,120.175,120.191,120.175,120.183,42
2018-07-19 12:41:00,120.191,120.191,120.175,120.179,9
2018-07-19 12:42:00,120.206,120.206,120.198,120.198,2
2018-07-19 12:44:00,120.222,120.222,120.21,120.21,6
2018-07-19 12:45:00,120.238,120.238,120.222,120.226,26
2018-07-19 12:49:00,120.238,120.253,120.238,120.245,10
2018-07-19 12:50:00,120.285,120.3,120.242,120.242,18
2018-07-19 12:52:00,120.269,120.285,120.269,120.277,30
2018-07-19 12:53:00,120.269,120.269,120.253,120.262,5
2018-07-19 12:54:00,120.269,120.269,120.253,120.265,9
2018-07-19 12:57:00,120.3,120.3,120.276,120.276,14
2018-07-19 12:58:00,120.284,120.293,120.284,120.293,2
2018-07-19 13:02:00,120.269,120.28,120.269,120.28,4
2018-07-19 13:06:00,120.284,120.284,120.276,120.276,2
2018-07-19 13:11:00,120.3,120.3,120.292,120.292,3
2018-07-19 13:12:00,120.284,120.3,120.284,120.293,47
2018-07-19 13:14:00,120.316,120.331,120.292,120.292,17
2018-07-19 13:15:00,120.347,120.347,120.316,120.323,39
2018-07-19 13:16:00,120.331,120.343,120.331,120.343,7
2018-07-19 13:19:00,120.316,120.324,120.316,120.324,2
2018-07-19 13:20:00,120.316,120.316,120.3,120.312,53
2018-07-19 13:22:00,120.331,120.331,120.316,120.32,4
2018-07-19 13:25:00,120.316,120.331,120.316,120.324,29
2018-07-19 13:26:00,120.316,120.331,120.316,120.32,23
2018-07-19 13:27:00,120.316,120.316,120.3,120.309,6
2018-07-19 13:28:00,120.316,120.316,120.3,120.312,24
2018-07-19 13:30:00,120.316,120.331,120.316,120.323,5
2018-07-19 13:32:00,120.331,120.331,120.323,120.323,2
2018-07-19 13:33:00,120.331,120.331,120.316,120.324,16
2018-07-19 13:34:00,120.331,120.331,120.316,120.324,5
2018-07-19 13:35:00,120.331,120.347,120.331,120.336,16
2018-07-19 13:36:00,120.331,120.347,120.331,120.339,19
2018-07-19 13:42:00,120.331,120.331,120.316,120.328,15
2018-07-19 13:44:00,120.347,120.347,120.338,120.338,2
2018-07-19 13:45:00,120.363,120.363,120.35,120.35,4
2018-07-19 13:46:00,120.347,120.363,120.347,120.356,47
2018-07-19 13:47:00,120.363,120.363,120.35,120.35,4
2018-07-19 13:49:00,120.378,120.378,120.37,120.37,3
2018-07-19 13:50:00,120.378,120.394,120.378,120.382,7
2018-07-19 13:51:00,120.378,120.394,120.378,120.385,63
2018-07-19 13:52:00,120.394,120.394,120.382,120.382,4
2018-07-19 13:53:00,120.394,120.394,120.378,120.39,5
2018-07-19 13:55:00,120.394,120.394,120.378,120.387,40
2018-07-19 14:00:00,120.41,120.41,120.394,120.398,21
2018-07-19 14:01:00,120.394,120.41,120.394,120.402,61
2018-07-19 14:02:00,120.41,120.41,120.394,120.401,11
2018-07-19 14:04:00,120.425,120.425,120.417,120.417,2
2018-07-19 14:05:00,120.441,120.441,120.432,120.432,3
2018-07-19 14:06:00,120.425,120.434,120.425,120.434,2
2018-07-19 14:07:00,120.425,120.425,120.41,120.418,13
2018-07-19 14:08:00,120.425,120.425,120.41,120.418,30
2018-07-19 14:09:00,120.425,120.441,120.425,120.432,8
2018-07-19 14:13:00,120.425,120.441,120.425,120.432,8
2018-07-19 14:14:00,120.425,120.441,120.425,120.432,6
2018-07-19 14:15:00,120.425,120.425,120.41,120.421,9
2018-07-19 14:16:00,120.425,120.425,120.41,120.418,22
2018-07-19 14:18:00,120.41,120.425,120.394,120.418,53
2018-07-19 14:19:00,120.41,120.41,120.394,120.402,19
2018-07-19 14:20:00,120.394,120.41,120.394,120.402,14
2018-07-19 14:21:00,120.41,120.41,120.398,120.398,3
2018-07-19 14:30:00,120.425,120.425,120.417,120.417,2
2018-07-19 14:31:00,120.441,120.441,120.432,120.432,2
2018-07-19 14:33:00,120.441,120.456,120.441,120.445,35
2018-07-19 14:34:00,120.456,120.456,120.441,120.448,6
2018-07-19 14:37:00,120.441,120.456,120.441,120.449,14
2018-07-19 14:39:00,120.441,120.456,120.441,120.448,8
2018-07-19 14:41:00,120.441,120.456,120.441,120.448,39
2018-07-19 14:43:00,120.441,120.441,120.425,120.434,8
2018-07-19 14:45:00,120.441,120.456,120.425,120.444,11
2018-07-19 14:46:00,120.425,120.441,120.425,120.434,8
2018-07-19 14:47:00,120.441,120.441,120.425,120.428,38
2018-07-19 14:48:00,120.441,120.441,120.425,120.434,18
2018-07-19 14:49:00,120.425,120.434,120.425,120.434,2
2018-07-19 14:50:00,120.441,120.441,120.428,120.428,4
2018-07-19 14:51:00,120.425,120.434,120.425,120.434,3
2018-07-19 14:55:00,120.425,120.425,120.409,120.421,19
2018-07-19 14:57:00,120.425,120.425,120.409,120.418,4
2018-07-19 15:00:00,120.441,120.441,120.428,120.428,4
2018-07-19 15:05:00,120.441,120.456,120.441,120.448,13
2018-07-19 15:08:00,120.456,120.456,120.448,120.448,2
2018-07-19 15:09:00,120.441,120.449,120.441,120.449,2
2018-07-19 15:10:00,120.456,120.456,120.441,120.448,13
2018-07-19 15:11:00,120.441,120.449,120.441,120.449,2
2018-07-19 15:14:00,120.456,120.456,120.444,120.444,4
2018-07-19 15:21:00,120.456,120.456,120.441,120.449,28
2018-07-19 15:22:00,120.456,120.456,120.441,120.452,6
2018-07-19 15:23:00,120.441,120.456,120.441,120.445,21
2018-07-19 15:29:00,120.456,120.456,120.448,120.448,2
2018-07-19 15:35:00,120.441,120.452,120.441,120.452,3
2018-07-19 15:36:00,120.441,120.456,120.441,120.448,61
2018-07-19 15:37:00,120.441,120.456,120.441,120.444,12
2018-07-19 15:43:00,120.425,120.436,120.425,120.436,4
2018-07-19 15:50:00,120.425,120.425,120.409,120.418,5
2018-07-19 16:00:00,120.441,120.441,120.432,120.432,3
2018-07-19 16:07:00,120.472,120.472,120.448,120.448,46
2018-07-19 16:08:00,120.472,120.472,120.456,120.468,36
2018-07-19 16:09:00,120.456,120.465,120.456,120.465,3
2018-07-19 16:11:00,120.472,120.472,120.46,120.46,4
2018-07-19 16:14:00,120.487,120.487,120.472,120.479,6
2018-07-19 16:26:00,120.534,120.534,120.495,120.495,39
2018-07-19 16:27:00,120.519,120.527,120.519,120.527,3
2018-07-19 16:28:00,120.534,120.534,120.519,120.526,83
2018-07-19 16:41:00,120.55,120.55,120.534,120.538,7
2018-07-19 16:43:00,120.581,120.581,120.557,120.557,10
2018-07-19 16:46:00,120.581,120.597,120.581,120.588,13
2018-07-19 16:48:00,120.581,120.581,120.566,120.578,12
2018-07-19 16:49:00,120.581,120.581,120.566,120.578,35
2018-07-19 16:51:00,120.566,120.581,120.566,120.578,9
2018-07-19 16:52:00,120.55,120.566,120.55,120.559,52
2018-07-19 16:55:00,120.55,120.55,120.534,120.546,30
2018-07-19 16:56:00,120.55,120.55,120.534,120.543,10
2018-07-19 17:00:00,120.55,120.55,120.534,120.543,14
2018-07-19 17:01:00,120.519,120.55,120.519,120.543,36
2018-07-19 17:02:00,120.581,120.66,120.526,120.526,365
2018-07-19 17:03:00,120.519,120.597,120.487,120.585,213
2018-07-19 17:04:00,120.534,120.55,120.503,120.512,46
2018-07-19 17:05:00,120.55,120.566,120.534,120.541,36
2018-07-19 17:06:00,120.55,120.566,120.55,120.554,35
2018-07-19 17:07:00,120.519,120.546,120.519,120.546,5
2018-07-19 17:08:00,120.55,120.55,120.519,120.522,30
2018-07-19 17:09:00,120.534,120.566,120.534,120.557,7
2018-07-19 17:10:00,120.55,120.55,120.538,120.538,4
2018-07-19 17:11:00,120.566,120.581,120.55,120.554,44
2018-07-19 17:12:00,120.55,120.566,120.534,120.558,26
2018-07-19 17:13:00,120.566,120.566,120.55,120.557,6
2018-07-19 17:14:00,120.581,120.581,120.566,120.57,13
2018-07-19 17:15:00,120.581,120.581,120.566,120.574,10
2018-07-19 17:16:00,120.566,120.581,120.55,120.574,17
2018-07-19 17:17:00,120.597,120.597,120.573,120.573,26
2018-07-19 17:18:00,120.581,120.597,120.581,120.593,26
2018-07-19 17:19:00,120.597,120.597,120.588,120.588,2
2018-07-19 17:20:00,120.597,120.597,120.581,120.59,28
2018-07-19 17:21:00,120.597,120.597,120.581,120.59,6
2018-07-19 17:23:00,120.613,120.613,120.597,120.604,8
2018-07-19 17:24:00,120.628,120.644,120.62,120.62,8
2018-07-19 17:25:00,120.613,120.621,120.613,120.621,2
2018-07-19 17:26:00,120.597,120.613,120.597,120.608,8
2018-07-19 17:28:00,120.597,120.597,120.581,120.594,36
2018-07-19 17:30:00,120.597,120.613,120.597,120.6,7
2018-07-19 17:32:00,120.581,120.59,120.566,120.59,11
2018-07-19 17:34:00,120.566,120.581,120.566,120.577,9
2018-07-19 17:35:00,120.55,120.566,120.55,120.558,15
2018-07-19 17:36:00,120.566,120.566,120.557,120.557,2
2018-07-19 17:37:00,120.55,120.558,120.55,120.558,2
2018-07-19 17:38:00,120.566,120.566,120.554,120.554,4
2018-07-19 17:39:00,120.581,120.581,120.573,120.573,2
2018-07-19 17:40:00,120.566,120.578,120.566,120.578,4
2018-07-19 17:41:00,120.55,120.566,120.55,120.558,14
2018-07-19 17:42:00,120.566,120.566,120.557,120.557,2
2018-07-19 17:44:00,120.55,120.566,120.55,120.562,25
2018-07-19 17:45:00,120.566,120.566,120.557,120.557,2
2018-07-19 17:46:00,120.55,120.566,120.55,120.558,18
2018-07-19 17:48:00,120.566,120.566,120.557,120.557,2
2018-07-19 17:49:00,120.55,120.558,120.55,120.558,2
2018-07-19 17:50:00,120.503,120.543,120.503,120.543,11
2018-07-19 17:51:00,120.534,120.534,120.51,120.51,8
2018-07-19 17:53:00,120.534,120.55,120.534,120.541,18
2018-07-19 17:58:00,120.534,120.55,120.534,120.538,19
2018-07-19 18:00:00,120.518,120.534,120.518,120.53,9
2018-07-19 18:01:00,120.518,120.534,120.518,120.522,9
2018-07-19 18:02:00,120.518,120.518,120.503,120.511,25
2018-07-19 18:03:00,120.518,120.518,120.503,120.511,29
2018-07-19 18:07:00,120.503,120.511,120.503,120.511,2
2018-07-19 18:16:00,120.518,120.518,120.503,120.51,6
2018-07-19 18:17:00,120.503,120.518,120.503,120.511,7
2018-07-19 18:18:00,120.518,120.518,120.503,120.51,6
2018-07-19 18:19:00,120.518,120.518,120.503,120.511,8
2018-07-19 18:29:00,120.518,120.518,120.503,120.511,9
2018-07-19 18:31:00,120.534,120.534,120.518,120.526,12
2018-07-19 18:47:00,120.55,120.55,120.534,120.541,10
2018-07-19 18:48:00,120.55,120.55,120.534,120.543,6
2018-07-19 18:56:00,120.565,120.565,120.558,120.558,3
2018-07-19 18:58:00,120.55,120.558,120.55,120.558,2
2018-07-19 18:59:00,120.534,120.55,120.534,120.543,34
2018-07-19 19:02:00,120.518,120.527,120.518,120.527,2
2018-07-19 19:04:00,120.534,120.534,120.518,120.522,36
2018-07-19 19:08:00,120.534,120.534,120.518,120.527,11
2018-07-19 19:12:00,120.55,120.55,120.541,120.541,2
2018-07-19 19:13:00,120.55,120.55,120.534,120.542,20
2018-07-19 19:15:00,120.565,120.565,120.557,120.557,3
2018-07-19 19:16:00,120.55,120.558,120.55,120.558,3
2018-07-19 19:17:00,120.565,120.565,120.55,120.565,8
2018-07-19 19:18:00,120.565,120.565,120.55,120.558,9
2018-07-19 19:19:00,120.55,120.562,120.55,120.562,4
2018-07-19 19:21:00,120.55,120.55,120.534,120.542,19
2018-07-19 19:23:00,120.55,120.55,120.534,120.542,5
2018-07-19 19:24:00,120.534,120.55,120.534,120.546,5
2018-07-19 19:29:00,120.55,120.55,120.541,120.541,6
2018-07-19 19:33:00,120.534,120.55,120.534,120.542,41
2018-07-19 19:39:00,120.534,120.534,120.518,120.527,13
2018-07-19 19:45:00,120.55,120.55,120.534,120.541,18
2018-07-19 19:50:00,120.565,120.565,120.557,120.557,2
2018-07-19 19:54:00,120.565,120.565,120.55,120.558,9
2018-07-19 19:55:00,120.55,120.565,120.55,120.558,6
2018-07-19 19:59:00,120.55,120.565,120.55,120.557,4
2018-07-19 20:12:00,120.565,120.565,120.557,120.557,2
2018-07-19 20:14:00,120.565,120.581,120.565,120.572,5
2018-07-19 20:15:00,120.565,120.581,120.565,120.572,4
2018-07-19 20:25:00,120.581,120.581,120.572,120.572,2
2018-07-19 20:31:00,120.596,120.596,120.588,120.588,2
2018-07-19 20:34:00,120.581,120.593,120.581,120.593,4
2018-07-19 20:59:00,120.581,120.581,120.581,120.581,1
2018-07-19 22:00:00,120.565,120.565,120.565,120.565,1
2018-07-19 22:01:00,120.58,120.58,120.568,120.568,4
2018-07-19 22:07:00,120.565,120.573,120.565,120.573,2
2018-07-19 22:29:00,120.549,120.558,120.549,120.558,2
2018-07-19 22:33:00,120.533,120.546,120.533,120.546,4
2018-07-19 22:38:00,120.549,120.549,120.541,120.541,7
2018-07-19 22:43:00,120.533,120.549,120.533,120.546,12
2018-07-19 22:47:00,120.549,120.549,120.541,120.541,2
2018-07-19 22:48:00,120.533,120.549,120.533,120.542,6
2018-07-19 22:55:00,120.533,120.533,120.518,120.526,13
2018-07-19 23:08:00,120.518,120.533,120.518,120.53,12
2018-07-19 23:17:00,120.502,120.511,120.502,120.511,2
2018-07-19 23:19:00,120.518,120.518,120.506,120.506,4
2018-07-19 23:32:00,120.518,120.518,120.502,120.51,6
2018-07-19 23:58:00,120.533,120.533,120.525,120.525,3
2018-07-20 00:02:00,120.518,120.526,120.518,120.526,2
2018-07-20 00:07:00,120.517,120.533,120.517,120.525,6
2018-07-20 00:08:00,120.486,120.514,120.486,120.514,6
2018-07-20 00:10:00,120.486,120.486,120.471,120.479,6
2018-07-20 00:12:00,120.502,120.502,120.493,120.493,2
2018-07-20 00:13:00,120.486,120.495,120.486,120.495,2
2018-07-20 00:14:00,120.502,120.502,120.486,120.493,6
2018-07-20 00:15:00,120.486,120.495,120.486,120.495,2
2018-07-20 00:17:00,120.486,120.486,120.471,120.479,22
2018-07-20 00:21:00,120.502,120.502,120.49,120.49,4
2018-07-20 00:28:00,120.486,120.495,120.486,120.495,2
2018-07-20 00:36:00,120.47,120.486,120.47,120.479,20
2018-07-20 00:44:00,120.486,120.486,120.478,120.478,2
2018-07-20 00:47:00,120.486,120.486,120.47,120.479,6
2018-07-20 00:48:00,120.486,120.486,120.47,120.482,12
2018-07-20 00:52:00,120.486,120.486,120.47,120.47,5
2018-07-20 00:53:00,120.47,120.479,120.47,120.479,2
2018-07-20 00:55:00,120.47,120.486,120.47,120.478,4
2018-07-20 01:17:00,120.486,120.486,120.47,120.478,6
2018-07-20 01:21:00,120.486,120.502,120.486,120.49,19
2018-07-20 01:23:00,120.502,120.502,120.493,120.493,2
2018-07-20 01:25:00,120.517,120.517,120.509,120.509,2
2018-07-20 01:26:00,120.533,120.533,120.51,120.51,6
2018-07-20 01:27:00,120.517,120.526,120.517,120.526,2
2018-07-20 01:33:00,120.533,120.533,120.517,120.524,27
2018-07-20 01:34:00,120.549,120.549,120.54,120.54,2
2018-07-20 01:35:00,120.596,120.596,120.556,120.556,6
2018-07-20 01:36:00,120.611,120.611,120.603,120.603,2
2018-07-20 01:37:00,120.58,120.611,120.58,120.604,11
2018-07-20 01:38:00,120.58,120.58,120.564,120.573,36
2018-07-20 01:39:00,120.596,120.596,120.58,120.584,31
2018-07-20 01:41:00,120.58,120.588,120.58,120.588,2
2018-07-20 01:43:00,120.58,120.596,120.58,120.587,4
2018-07-20 01:45:00,120.596,120.596,120.584,120.584,4
2018-07-20 01:47:00,120.596,120.611,120.58,120.592,35
2018-07-20 01:48:00,120.596,120.611,120.596,120.603,10
2018-07-20 01:51:00,120.596,120.611,120.596,120.603,4
2018-07-20 01:54:00,120.596,120.596,120.58,120.588,38
2018-07-20 01:55:00,120.611,120.611,120.58,120.588,15
2018-07-20 01:56:00,120.596,120.604,120.596,120.604,3
2018-07-20 01:58:00,120.596,120.596,120.58,120.588,8
2018-07-20 02:00:00,120.611,120.611,120.595,120.603,17
2018-07-20 02:01:00,120.611,120.611,120.595,120.604,4
2018-07-20 02:04:00,120.595,120.611,120.595,120.604,4
2018-07-20 02:05:00,120.58,120.588,120.58,120.588,3
2018-07-20 02:07:00,120.58,120.58,120.564,120.573,11
2018-07-20 02:11:00,120.564,120.573,120.564,120.573,2
2018-07-20 02:12:00,120.564,120.58,120.564,120.571,6
2018-07-20 02:15:00,120.548,120.56,120.548,120.56,3
2018-07-20 02:16:00,120.533,120.541,120.533,120.541,2
2018-07-20 02:23:00,120.517,120.526,120.517,120.526,2
2018-07-20 02:24:00,120.533,120.533,120.524,120.524,2
2018-07-20 02:25:00,120.517,120.533,120.517,120.526,12
2018-07-20 02:28:00,120.533,120.533,120.524,120.524,2
2018-07-20 02:29:00,120.533,120.533,120.517,120.526,33
2018-07-20 02:30:00,120.517,120.526,120.517,120.526,2
2018-07-20 02:38:00,120.533,120.533,120.517,120.524,11
2018-07-20 02:39:00,120.533,120.533,120.517,120.526,4
2018-07-20 02:40:00,120.517,120.533,120.517,120.526,17
2018-07-20 02:41:00,120.533,120.533,120.524,120.524,3
2018-07-20 02:53:00,120.533,120.533,120.517,120.526,7
2018-07-20 03:01:00,120.548,120.548,120.536,120.536,4
2018-07-20 03:03:00,120.533,120.541,120.533,120.541,2
2018-07-20 03:04:00,120.533,120.548,120.533,120.536,40
2018-07-20 03:06:00,120.548,120.548,120.548,120.548,1
2018-07-20 03:07:00,120.533,120.541,120.533,120.541,2
2018-07-20 03:08:00,120.548,120.548,120.54,120.54,2
2018-07-20 03:10:00,120.564,120.564,120.552,120.552,4
2018-07-20 03:13:00,120.548,120.557,120.548,120.557,2
2018-07-20 03:14:00,120.564,120.564,120.555,120.555,2
2018-07-20 03:17:00,120.564,120.564,120.548,120.548,37
2018-07-20 03:18:00,120.548,120.557,120.548,120.557,2
2018-07-20 03:19:00,120.548,120.564,120.548,120.552,11
2018-07-20 03:21:00,120.548,120.564,120.548,120.555,4
2018-07-20 03:23:00,120.548,120.548,120.533,120.541,20
2018-07-20 03:24:00,120.548,120.548,120.533,120.541,23
2018-07-20 03:25:00,120.533,120.541,120.533,120.541,3
2018-07-20 03:27:00,120.548,120.548,120.533,120.536,9
2018-07-20 03:28:00,120.548,120.564,120.548,120.555,6
2018-07-20 03:38:00,120.548,120.564,120.548,120.555,22
2018-07-20 03:47:00,120.548,120.564,120.548,120.555,6
2018-07-20 03:55:00,120.533,120.544,120.533,120.544,4
2018-07-20 03:58:00,120.548,120.548,120.533,120.536,9
2018-07-20 04:02:00,120.548,120.548,120.533,120.541,6
2018-07-20 04:10:00,120.532,120.544,120.532,120.544,3
2018-07-20 04:17:00,120.548,120.548,120.54,120.54,2
2018-07-20 04:46:00,120.548,120.564,120.548,120.555,4
2018-07-20 04:57:00,120.564,120.564,120.555,120.555,2
2018-07-20 05:00:00,120.548,120.557,120.548,120.557,2
2018-07-20 05:03:00,120.548,120.564,120.548,120.552,10
2018-07-20 05:14:00,120.532,120.548,120.532,120.541,7
2018-07-20 05:15:00,120.548,120.548,120.539,120.539,3
2018-07-20 05:16:00,120.548,120.548,120.532,120.541,7
2018-07-20 05:18:00,120.532,120.548,120.532,120.544,20
2018-07-20 05:20:00,120.548,120.548,120.539,120.539,2
2018-07-20 05:21:00,120.532,120.541,120.532,120.541,2
2018-07-20 05:43:00,120.517,120.525,120.517,120.525,2
2018-07-20 05:47:00,120.517,120.517,120.501,120.509,17
2018-07-20 05:48:00,120.501,120.509,120.501,120.509,2
2018-07-20 05:49:00,120.517,120.517,120.508,120.508,2
2018-07-20 05:51:00,120.517,120.517,120.501,120.509,11
2018-07-20 05:53:00,120.501,120.509,120.501,120.509,2
2018-07-20 05:59:00,120.517,120.517,120.505,120.505,3
2018-07-20 06:02:00,120.501,120.512,120.501,120.512,4
2018-07-20 06:05:00,120.517,120.517,120.504,120.504,4
2018-07-20 06:08:00,120.516,120.532,120.516,120.52,7
2018-07-20 06:09:00,120.516,120.532,120.516,120.524,11
2018-07-20 06:12:00,120.501,120.512,120.501,120.512,4
2018-07-20 06:13:00,120.501,120.516,120.501,120.508,6
2018-07-20 06:14:00,120.501,120.516,120.501,120.504,6
2018-07-20 06:16:00,120.501,120.516,120.501,120.504,15
2018-07-20 06:18:00,120.516,120.516,120.501,120.505,4
2018-07-20 06:19:00,120.501,120.509,120.501,120.509,3
2018-07-20 06:20:00,120.516,120.516,120.505,120.505,3
2018-07-20 06:21:00,120.516,120.516,120.501,120.509,6
2018-07-20 06:28:00,120.532,120.532,120.524,120.524,2
2018-07-20 06:29:00,120.516,120.532,120.516,120.525,25
2018-07-20 06:33:00,120.532,120.532,120.524,120.524,2
2018-07-20 06:35:00,120.532,120.548,120.532,120.536,29
2018-07-20 06:36:00,120.548,120.548,120.539,120.539,2
2018-07-20 06:38:00,120.548,120.548,120.532,120.541,4
2018-07-20 06:39:00,120.532,120.548,120.532,120.544,9
2018-07-20 06:40:00,120.548,120.563,120.539,120.539,12
2018-07-20 06:45:00,120.563,120.563,120.555,120.555,2
2018-07-20 06:50:00,120.563,120.563,120.548,120.56,6
2018-07-20 06:59:00,120.579,120.579,120.568,120.568,4
2018-07-20 07:01:00,120.563,120.572,120.563,120.572,3
2018-07-20 07:03:00,120.579,120.579,120.57,120.57,2
2018-07-20 07:05:00,120.595,120.61,120.586,120.586,10
2018-07-20 07:06:00,120.595,120.595,120.579,120.591,20
2018-07-20 07:07:00,120.579,120.595,120.579,120.59,20
2018-07-20 07:10:00,120.579,120.595,120.579,120.586,14
2018-07-20 07:11:00,120.595,120.595,120.579,120.586,19
2018-07-20 07:12:00,120.579,120.587,120.579,120.587,2
2018-07-20 07:13:00,120.579,120.595,120.579,120.583,6
2018-07-20 07:14:00,120.595,120.595,120.579,120.586,31
2018-07-20 07:19:00,120.579,120.591,120.579,120.591,3
2018-07-20 07:25:00,120.563,120.579,120.563,120.572,75
2018-07-20 07:26:00,120.563,120.563,120.548,120.556,7
2018-07-20 07:30:00,120.563,120.563,120.548,120.556,28
2018-07-20 07:31:00,120.548,120.563,120.548,120.556,7
2018-07-20 07:33:00,120.563,120.563,120.548,120.555,8
2018-07-20 07:38:00,120.548,120.56,120.548,120.56,4
2018-07-20 07:42:00,120.548,120.563,120.548,120.552,15
2018-07-20 07:46:00,120.563,120.563,120.555,120.555,2
2018-07-20 07:47:00,120.548,120.556,120.548,120.556,2
2018-07-20 07:55:00,120.532,120.544,120.532,120.544,4
2018-07-20 07:59:00,120.516,120.525,120.516,120.525,2
2018-07-20 08:08:00,120.501,120.512,120.501,120.512,4
2018-07-20 08:11:00,120.501,120.501,120.485,120.497,12
2018-07-20 08:14:00,120.501,120.501,120.493,120.493,4
2018-07-20 08:15:00,120.485,120.501,120.485,120.493,8
2018-07-20 08:16:00,120.485,120.501,120.485,120.492,13
2018-07-20 08:17:00,120.5,120.5,120.488,120.488,4
2018-07-20 08:19:00,120.5,120.5,120.485,120.493,4
2018-07-20 08:20:00,120.485,120.493,120.485,120.493,2
2018-07-20 08:55:00,120.5,120.5,120.492,120.492,3
2018-07-20 09:03:00,120.5,120.5,120.485,120.493,22
2018-07-20 09:04:00,120.485,120.493,120.485,120.493,3
2018-07-20 09:05:00,120.5,120.5,120.485,120.492,8
2018-07-20 09:12:00,120.469,120.497,120.469,120.497,6
2018-07-20 09:16:00,120.469,120.485,120.469,120.476,12
2018-07-20 09:17:00,120.469,120.485,120.469,120.476,10
2018-07-20 09:20:00,120.485,120.485,120.476,120.476,2
2018-07-20 09:25:00,120.5,120.5,120.492,120.492,3
2018-07-20 09:32:00,120.5,120.5,120.485,120.496,14
2018-07-20 09:34:00,120.485,120.493,120.485,120.493,2
2018-07-20 09:46:00,120.469,120.481,120.469,120.481,4
2018-07-20 09:50:00,120.469,120.469,120.453,120.462,16
2018-07-20 09:55:00,120.469,120.485,120.469,120.476,4
2018-07-20 09:57:00,120.469,120.485,120.469,120.476,6
2018-07-20 10:04:00,120.469,120.485,120.469,120.476,4
2018-07-20 10:11:00,120.485,120.485,120.469,120.476,16
2018-07-20 10:12:00,120.516,120.531,120.488,120.488,23
2018-07-20 10:15:00,120.547,120.547,120.523,120.523,16
2018-07-20 10:16:00,120.563,120.578,120.547,120.554,16
2018-07-20 10:17:00,120.563,120.578,120.563,120.57,5
2018-07-20 10:18:00,120.547,120.556,120.547,120.556,3
2018-07-20 10:19:00,120.563,120.563,120.554,120.554,2
2018-07-20 10:20:00,120.563,120.578,120.563,120.57,23
2018-07-20 10:21:00,120.563,120.578,120.563,120.57,11
2018-07-20 10:22:00,120.516,120.563,120.516,120.559,30
2018-07-20 10:23:00,120.516,120.531,120.516,120.523,88
2018-07-20 10:24:00,120.531,120.531,120.516,120.523,6
2018-07-20 10:25:00,120.516,120.547,120.516,120.536,10
2018-07-20 10:26:00,120.531,120.547,120.52,120.52,16
2018-07-20 10:27:00,120.547,120.547,120.531,120.547,12
2018-07-20 10:28:00,120.531,120.547,120.531,120.54,11
2018-07-20 10:29:00,120.547,120.547,120.539,120.539,2
2018-07-20 10:31:00,120.531,120.547,120.531,120.54,14
2018-07-20 10:32:00,120.516,120.524,120.516,120.524,2
2018-07-20 10:33:00,120.516,120.523,120.516,120.52,5
2018-07-20 10:34:00,120.516,120.516,120.5,120.509,10
2018-07-20 10:35:00,120.531,120.531,120.523,120.523,2
2018-07-20 10:36:00,120.531,120.531,120.516,120.524,4
2018-07-20 10:37:00,120.516,120.531,120.516,120.524,26
2018-07-20 10:38:00,120.5,120.512,120.5,120.512,4
2018-07-20 10:41:00,120.484,120.493,120.484,120.493,3
2018-07-20 10:43:00,120.484,120.484,120.469,120.477,4
2018-07-20 10:45:00,120.484,120.5,120.484,120.492,12
2018-07-20 10:46:00,120.5,120.5,120.484,120.492,8
2018-07-20 10:49:00,120.5,120.5,120.484,120.493,14
2018-07-20 10:50:00,120.484,120.5,120.484,120.493,29
2018-07-20 10:51:00,120.5,120.5,120.484,120.492,7
2018-07-20 10:53:00,120.5,120.5,120.484,120.493,10
2018-07-20 10:55:00,120.516,120.516,120.5,120.507,17
2018-07-20 10:57:00,120.516,120.516,120.5,120.512,24
2018-07-20 10:58:00,120.516,120.531,120.516,120.52,6
2018-07-20 11:05:00,120.5,120.509,120.5,120.509,2
2018-07-20 11:06:00,120.5,120.516,120.5,120.507,5
2018-07-20 11:07:00,120.516,120.516,120.5,120.507,8
2018-07-20 11:10:00,120.5,120.516,120.5,120.509,16
2018-07-20 11:22:00,120.484,120.496,120.484,120.496,8
2018-07-20 11:23:00,120.5,120.5,120.484,120.491,19
2018-07-20 11:33:00,120.5,120.5,120.484,120.496,34
2018-07-20 11:41:00,120.516,120.516,120.5,120.504,17
2018-07-20 11:42:00,120.516,120.516,120.5,120.508,4
2018-07-20 11:43:00,120.5,120.516,120.5,120.508,6
2018-07-20 11:44:00,120.531,120.531,120.507,120.507,6
2018-07-20 11:45:00,120.516,120.547,120.516,120.538,24
2018-07-20 11:55:00,120.5,120.516,120.5,120.508,10
2018-07-20 11:59:00,120.516,120.516,120.507,120.507,2
2018-07-20 12:00:00,120.5,120.516,120.5,120.508,6
2018-07-20 12:02:00,120.516,120.516,120.507,120.507,2
2018-07-20 12:03:00,120.5,120.516,120.5,120.508,45
2018-07-20 12:04:00,120.484,120.496,120.469,120.496,13
2018-07-20 12:05:00,120.469,120.484,120.469,120.477,20
2018-07-20 12:07:00,120.484,120.484,120.469,120.476,22
2018-07-20 12:08:00,120.469,120.484,120.469,120.477,32
2018-07-20 12:09:00,120.484,120.484,120.476,120.476,2
2018-07-20 12:15:00,120.484,120.484,120.469,120.48,16
2018-07-20 12:17:00,120.469,120.477,120.469,120.477,2
2018-07-20 12:18:00,120.484,120.484,120.469,120.472,14
2018-07-20 12:19:00,120.484,120.484,120.469,120.477,9
2018-07-20 12:20:00,120.5,120.5,120.491,120.491,3
2018-07-20 12:21:00,120.515,120.515,120.507,120.507,2
2018-07-20 12:25:00,120.531,120.531,120.515,120.523,10
2018-07-20 12:28:00,120.531,120.547,120.531,120.538,5
2018-07-20 12:30:00,120.515,120.527,120.484,120.527,29
2018-07-20 12:31:00,120.515,120.515,120.5,120.508,5
2018-07-20 12:32:00,120.515,120.531,120.515,120.519,38
2018-07-20 12:34:00,120.484,120.508,120.484,120.508,5
2018-07-20 12:36:00,120.468,120.484,120.468,120.477,42
2018-07-20 12:40:00,120.468,120.468,120.453,120.461,41
2018-07-20 12:41:00,120.468,120.468,120.453,120.461,10
2018-07-20 12:42:00,120.453,120.468,120.453,120.464,11
2018-07-20 12:43:00,120.484,120.484,120.46,120.46,6
2018-07-20 12:44:00,120.5,120.5,120.491,120.491,2
2018-07-20 12:45:00,120.5,120.515,120.5,120.504,36
2018-07-20 12:47:00,120.515,120.515,120.507,120.507,2
2018-07-20 12:48:00,120.5,120.508,120.5,120.508,2
2018-07-20 12:49:00,120.515,120.515,120.507,120.507,3
2018-07-20 12:52:00,120.531,120.547,120.523,120.523,16
2018-07-20 12:53:00,120.547,120.547,120.538,120.538,3
2018-07-20 12:54:00,120.547,120.562,120.547,120.554,12
2018-07-20 12:55:00,120.547,120.562,120.547,120.554,8
2018-07-20 12:56:00,120.531,120.543,120.531,120.543,3
2018-07-20 12:57:00,120.531,120.547,120.531,120.535,45
2018-07-20 12:58:00,120.515,120.524,120.515,120.524,2
2018-07-20 13:01:00,120.5,120.508,120.5,120.508,2
2018-07-20 13:02:00,120.515,120.515,120.5,120.507,7
2018-07-20 13:03:00,120.5,120.515,120.5,120.508,14
2018-07-20 13:04:00,120.5,120.515,120.5,120.507,4
2018-07-20 13:05:00,120.484,120.515,120.484,120.507,20
2018-07-20 13:07:00,120.468,120.484,120.468,120.477,10
2018-07-20 13:08:00,120.484,120.484,120.453,120.461,52
2018-07-20 13:09:00,120.468,120.484,120.468,120.48,12
2018-07-20 13:10:00,120.468,120.468,120.453,120.461,5
2018-07-20 13:11:00,120.468,120.484,120.453,120.461,22
2018-07-20 13:14:00,120.437,120.461,120.437,120.461,6
2018-07-20 13:15:00,120.453,120.453,120.437,120.44,20
2018-07-20 13:16:00,120.437,120.448,120.437,120.448,4
2018-07-20 13:18:00,120.453,120.453,120.444,120.444,2
2018-07-20 13:19:00,120.437,120.448,120.437,120.448,4
2018-07-20 13:21:00,120.453,120.453,120.444,120.444,2
2018-07-20 13:22:00,120.468,120.468,120.453,120.46,78
2018-07-20 13:23:00,120.468,120.468,120.453,120.461,21
2018-07-20 13:25:00,120.453,120.461,120.453,120.461,2
2018-07-20 13:26:00,120.453,120.468,120.453,120.46,77
2018-07-20 13:29:00,120.468,120.468,120.453,120.46,11
2018-07-20 13:30:00,120.453,120.468,120.453,120.464,10
2018-07-20 13:32:00,120.437,120.453,120.437,120.449,12
2018-07-20 13:33:00,120.421,120.43,120.406,120.43,30
2018-07-20 13:34:00,120.421,120.421,120.406,120.414,20
2018-07-20 13:35:00,120.406,120.421,120.39,120.414,10
2018-07-20 13:36:00,120.39,120.406,120.39,120.399,17
2018-07-20 13:37:00,120.406,120.406,120.39,120.397,37
2018-07-20 13:40:00,120.406,120.421,120.39,120.399,23
2018-07-20 13:42:00,120.406,120.406,120.39,120.399,4
2018-07-20 13:43:00,120.421,120.421,120.413,120.413,2
2018-07-20 13:45:00,120.421,120.421,120.406,120.414,4
2018-07-20 13:47:00,120.421,120.421,120.414,120.414,4
2018-07-20 13:48:00,120.437,120.437,120.421,120.425,8
2018-07-20 13:49:00,120.421,120.434,120.421,120.434,4
2018-07-20 13:50:00,120.421,120.421,120.406,120.414,4
2018-07-20 13:52:00,120.39,120.421,120.39,120.414,11
2018-07-20 13:54:00,120.374,120.386,120.374,120.386,4
2018-07-20 13:57:00,120.39,120.39,120.378,120.378,2
2018-07-20 14:00:00,120.374,120.421,120.374,120.397,58
2018-07-20 14:06:00,120.374,120.39,120.374,120.381,10
2018-07-20 14:07:00,120.374,120.39,120.374,120.381,8
2018-07-20 14:08:00,120.374,120.374,120.359,120.367,14
2018-07-20 14:10:00,120.359,120.374,120.359,120.366,17
2018-07-20 14:11:00,120.374,120.374,120.359,120.362,8
2018-07-20 14:18:00,120.39,120.406,120.374,120.378,16
2018-07-20 14:19:00,120.421,120.421,120.397,120.397,17
2018-07-20 14:22:00,120.406,120.421,120.406,120.414,20
2018-07-20 14:23:00,120.406,120.421,120.406,120.413,8
2018-07-20 14:26:00,120.421,120.421,120.41,120.41,4
2018-07-20 14:29:00,120.406,120.414,120.406,120.414,3
2018-07-20 14:30:00,120.406,120.421,120.406,120.413,60
2018-07-20 14:31:00,120.421,120.421,120.413,120.413,2
2018-07-20 14:32:00,120.406,120.421,120.406,120.418,13
2018-07-20 14:33:00,120.39,120.398,120.39,120.398,2
2018-07-20 14:39:00,120.374,120.383,120.374,120.383,2
2018-07-20 14:40:00,120.39,120.39,120.381,120.381,2
2018-07-20 14:41:00,120.39,120.39,120.374,120.383,12
2018-07-20 14:45:00,120.39,120.39,120.374,120.386,26
2018-07-20 14:46:00,120.39,120.39,120.374,120.383,17
2018-07-20 14:47:00,120.359,120.383,120.359,120.383,15
2018-07-20 14:48:00,120.312,120.351,120.312,120.351,17
2018-07-20 14:49:00,120.327,120.327,120.316,120.316,4
2018-07-20 14:50:00,120.327,120.327,120.312,120.32,27
2018-07-20 14:51:00,120.312,120.327,120.312,120.32,27
2018-07-20 14:52:00,120.296,120.308,120.296,120.308,3
2018-07-20 14:53:00,120.296,120.296,120.28,120.289,10
2018-07-20 14:59:00,120.312,120.312,120.296,120.303,15
2018-07-20 15:00:00,120.312,120.312,120.296,120.304,38
2018-07-20 15:01:00,120.327,120.327,120.319,120.319,2
2018-07-20 15:03:00,120.327,120.343,120.327,120.33,40
2018-07-20 15:04:00,120.327,120.343,120.327,120.331,34
2018-07-20 15:05:00,120.343,120.343,120.334,120.334,2
2018-07-20 15:07:00,120.343,120.358,120.343,120.35,4
2018-07-20 15:08:00,120.343,120.343,120.327,120.34,6
2018-07-20 15:09:00,120.327,120.336,120.327,120.336,2
2018-07-20 15:10:00,120.311,120.324,120.311,120.324,4
2018-07-20 15:11:00,120.311,120.327,120.296,120.304,29
2018-07-20 15:13:00,120.296,120.311,120.296,120.304,59
2018-07-20 15:15:00,120.311,120.311,120.296,120.303,9
2018-07-20 15:16:00,120.311,120.311,120.296,120.304,6
2018-07-20 15:18:00,120.296,120.311,120.296,120.304,20
2018-07-20 15:19:00,120.296,120.311,120.296,120.303,6
2018-07-20 15:20:00,120.311,120.311,120.296,120.3,31
2018-07-20 15:21:00,120.296,120.304,120.296,120.304,4
2018-07-20 15:22:00,120.296,120.296,120.28,120.289,6
2018-07-20 15:23:00,120.296,120.296,120.28,120.292,12
2018-07-20 15:24:00,120.28,120.296,120.28,120.289,27
2018-07-20 15:25:00,120.296,120.296,120.28,120.287,7
2018-07-20 15:27:00,120.296,120.311,120.296,120.303,4
2018-07-20 15:28:00,120.296,120.296,120.288,120.292,6
2018-07-20 15:30:00,120.296,120.296,120.28,120.289,24
2018-07-20 15:31:00,120.28,120.296,120.28,120.292,24
2018-07-20 15:48:00,120.296,120.296,120.28,120.287,6
2018-07-20 15:51:00,120.296,120.311,120.296,120.303,23
2018-07-20 15:52:00,120.311,120.311,120.296,120.307,28
2018-07-20 15:53:00,120.311,120.327,120.311,120.319,11
2018-07-20 15:54:00,120.327,120.327,120.311,120.319,7
2018-07-20 15:57:00,120.343,120.343,120.334,120.334,2
2018-07-20 15:58:00,120.327,120.343,120.327,120.336,14
2018-07-20 16:01:00,120.311,120.32,120.311,120.32,3
2018-07-20 16:07:00,120.327,120.327,120.318,120.318,3
2018-07-20 16:09:00,120.327,120.327,120.311,120.32,21
2018-07-20 16:12:00,120.311,120.324,120.311,120.324,4
2018-07-20 16:19:00,120.296,120.311,120.296,120.304,8
2018-07-20 16:24:00,120.296,120.311,120.296,120.3,32
2018-07-20 16:26:00,120.311,120.311,120.296,120.303,33
2018-07-20 16:29:00,120.311,120.311,120.296,120.304,4
2018-07-20 16:38:00,120.296,120.304,120.296,120.304,2
2018-07-20 16:39:00,120.296,120.296,120.28,120.288,12
2018-07-20 16:53:00,120.264,120.288,120.264,120.288,47
2018-07-20 16:57:00,120.249,120.26,120.249,120.26,4
2018-07-20 17:27:00,120.264,120.264,120.256,120.256,2
2018-07-20 17:28:00,120.295,120.295,120.268,120.268,15
2018-07-20 17:29:00,120.28,120.292,120.28,120.292,4
2018-07-20 17:38:00,120.264,120.28,120.264,120.273,8
2018-07-20 17:39:00,120.248,120.257,120.248,120.257,2
2018-07-20 17:51:00,120.233,120.248,120.233,120.241,17
2018-07-20 17:52:00,120.217,120.226,120.217,120.226,2
2018-07-20 17:57:00,120.217,120.217,120.201,120.21,45
2018-07-20 17:58:00,120.201,120.217,120.201,120.21,75
2018-07-20 18:00:00,120.201,120.201,120.194,120.194,4
2018-07-20 18:01:00,120.217,120.217,120.201,120.209,6
2018-07-20 18:03:00,120.233,120.233,120.224,120.224,2
2018-07-20 18:05:00,120.248,120.248,120.233,120.24,9
2018-07-20 18:06:00,120.233,120.248,120.233,120.241,22
2018-07-20 18:09:00,120.201,120.226,120.201,120.226,15
2018-07-20 18:10:00,120.217,120.217,120.206,120.206,4
2018-07-20 18:18:00,120.233,120.233,120.224,120.224,2
2018-07-20 18:19:00,120.233,120.233,120.217,120.226,6
2018-07-20 18:20:00,120.217,120.233,120.217,120.229,7
2018-07-20 18:28:00,120.233,120.233,120.217,120.224,9
2018-07-20 18:29:00,120.217,120.233,120.217,120.229,7
2018-07-20 18:35:00,120.233,120.233,120.224,120.224,2
2018-07-20 18:37:00,120.217,120.226,120.217,120.226,3
2018-07-20 18:51:00,120.248,120.248,120.224,120.224,4
2018-07-20 18:52:00,120.248,120.248,120.233,120.241,12
2018-07-20 18:54:00,120.233,120.241,120.233,120.241,2
2018-07-20 18:57:00,120.217,120.225,120.217,120.225,2
2018-07-20 18:59:00,120.248,120.248,120.221,120.221,5
2018-07-20 19:00:00,120.248,120.248,120.233,120.241,25
2018-07-20 19:06:00,120.248,120.248,120.233,120.241,5
2018-07-20 19:07:00,120.233,120.248,120.233,120.241,12
2018-07-20 19:08:00,120.248,120.248,120.24,120.24,2
2018-07-20 19:12:00,120.264,120.264,120.252,120.252,4
2018-07-20 19:24:00,120.264,120.264,120.248,120.26,23
2018-07-20 19:25:00,120.248,120.264,120.248,120.257,7
2018-07-20 19:27:00,120.233,120.248,120.233,120.241,10
2018-07-20 19:30:00,120.248,120.248,120.24,120.24,2
2018-07-20 19:33:00,120.232,120.241,120.232,120.241,2
2018-07-20 20:01:00,120.217,120.225,120.217,120.225,2
2018-07-20 20:03:00,120.217,120.217,120.201,120.21,13
2018-07-20 20:05:00,120.217,120.217,120.201,120.21,4
2018-07-20 20:14:00,120.232,120.232,120.22,120.22,4
2018-07-20 20:19:00,120.232,120.232,120.217,120.225,32
2018-07-20 20:20:00,120.217,120.225,120.217,120.225,2
2018-07-20 20:21:00,120.232,120.232,120.217,120.224,7
2018-07-20 20:26:00,120.232,120.248,120.232,120.239,32
2018-07-20 20:27:00,120.232,120.248,120.232,120.239,4
2018-07-20 20:41:00,120.232,120.248,120.232,120.239,13
2018-07-20 20:43:00,120.232,120.248,120.232,120.239,4
2018-07-20 20:45:00,120.248,120.248,120.232,120.239,14
2018-07-20 20:59:00,120.248,120.248,120.248,120.248,1
2018-07-22 22:00:00,120.24,120.255,120.24,120.255,3
2018-07-22 22:01:00,120.255,120.271,120.244,120.244,35
2018-07-22 22:02:00,120.24,120.271,120.224,120.26,22
2018-07-22 22:03:00,120.224,120.24,120.224,120.236,44
2018-07-22 22:06:00,120.209,120.217,120.209,120.217,2
2018-07-22 22:19:00,120.208,120.208,120.193,120.201,12
2018-07-22 22:25:00,120.208,120.224,120.208,120.212,7
2018-07-22 22:34:00,120.208,120.208,120.193,120.201,18
2018-07-22 22:35:00,120.193,120.208,120.193,120.205,22
2018-07-22 22:47:00,120.208,120.208,120.2,120.2,2
2018-07-22 23:00:00,120.193,120.201,120.193,120.201,2
2018-07-22 23:06:00,120.193,120.193,120.177,120.186,25
2018-07-22 23:11:00,120.177,120.186,120.177,120.186,2
2018-07-22 23:16:00,120.193,120.193,120.184,120.184,2
2018-07-22 23:38:00,120.208,120.208,120.2,120.2,3
2018-07-22 23:49:00,120.224,120.224,120.212,120.212,3
2018-07-23 00:09:00,120.239,120.239,120.231,120.231,2
2018-07-23 00:12:00,120.239,120.239,120.224,120.232,4
2018-07-23 00:13:00,120.239,120.239,120.224,120.232,10
2018-07-23 00:14:00,120.239,120.239,120.224,120.232,24
2018-07-23 00:15:00,120.239,120.239,120.224,120.232,12
2018-07-23 00:17:00,120.239,120.255,120.239,120.244,22
2018-07-23 00:18:00,120.255,120.255,120.247,120.247,2
2018-07-23 00:19:00,120.239,120.255,120.239,120.248,22
2018-07-23 00:20:00,120.224,120.236,120.224,120.236,4
2018-07-23 00:21:00,120.239,120.239,120.231,120.231,2
2018-07-23 00:22:00,120.239,120.255,120.239,120.247,19
2018-07-23 00:24:00,120.239,120.255,120.239,120.247,4
2018-07-23 00:28:00,120.271,120.271,120.247,120.247,15
2018-07-23 00:32:00,120.255,120.264,120.255,120.264,2
2018-07-23 00:33:00,120.255,120.271,120.255,120.262,8
2018-07-23 00:34:00,120.255,120.271,120.255,120.262,4
2018-07-23 00:45:00,120.255,120.271,120.255,120.262,6
2018-07-23 00:46:00,120.271,120.271,120.262,120.262,3
2018-07-23 00:47:00,120.255,120.264,120.255,120.264,2
2018-07-23 00:48:00,120.271,120.271,120.262,120.262,2
2018-07-23 00:50:00,120.255,120.264,120.255,120.264,2
2018-07-23 00:51:00,120.255,120.271,120.255,120.262,24
2018-07-23 00:52:00,120.271,120.271,120.255,120.262,21
2018-07-23 00:53:00,120.271,120.271,120.255,120.264,4
2018-07-23 00:54:00,120.271,120.271,120.255,120.266,6
2018-07-23 00:55:00,120.271,120.271,120.255,120.264,41
2018-07-23 01:00:00,120.302,120.302,120.278,120.278,4
2018-07-23 01:01:00,120.286,120.295,120.286,120.295,2
2018-07-23 01:04:00,120.271,120.283,120.271,120.283,3
2018-07-23 01:06:00,120.255,120.263,120.255,120.263,3
2018-07-23 01:07:00,120.255,120.255,120.239,120.252,8
2018-07-23 01:09:00,120.255,120.255,120.239,120.248,41
2018-07-23 01:10:00,120.224,120.255,120.224,120.248,19
2018-07-23 01:11:00,120.255,120.271,120.231,120.231,9
2018-07-23 01:12:00,120.255,120.271,120.255,120.262,6
2018-07-23 01:14:00,120.271,120.271,120.262,120.262,3
2018-07-23 01:17:00,120.271,120.286,120.271,120.278,16
2018-07-23 01:19:00,120.286,120.286,120.271,120.274,9
2018-07-23 01:20:00,120.286,120.286,120.271,120.279,11
2018-07-23 01:24:00,120.239,120.283,120.239,120.283,23
2018-07-23 01:25:00,120.255,120.255,120.246,120.246,3
2018-07-23 01:29:00,120.239,120.248,120.239,120.248,2
2018-07-23 01:31:00,120.239,120.255,120.239,120.242,18
2018-07-23 01:36:00,120.255,120.255,120.246,120.246,2
2018-07-23 01:37:00,120.239,120.248,120.239,120.248,2
2018-07-23 01:42:00,120.255,120.255,120.239,120.246,9
2018-07-23 01:44:00,120.255,120.271,120.255,120.258,10
2018-07-23 01:46:00,120.255,120.255,120.239,120.248,10
2018-07-23 01:47:00,120.255,120.255,120.239,120.248,4
2018-07-23 01:52:00,120.239,120.248,120.239,120.248,2
2018-07-23 01:57:00,120.255,120.255,120.239,120.246,6
2018-07-23 02:09:00,120.239,120.252,120.239,120.252,4
2018-07-23 02:21:00,120.239,120.255,120.239,120.246,3
2018-07-23 02:23:00,120.255,120.255,120.243,120.246,4
2018-07-23 02:24:00,120.239,120.248,120.239,120.248,2
2018-07-23 03:28:00,120.255,120.255,120.246,120.246,2
2018-07-23 03:37:00,120.255,120.255,120.239,120.247,5
2018-07-23 03:39:00,120.239,120.255,120.239,120.251,16
2018-07-23 03:41:00,120.239,120.255,120.239,120.246,13
2018-07-23 04:17:00,120.239,120.254,120.239,120.246,41
2018-07-23 04:18:00,120.239,120.254,120.239,120.246,20
2018-07-23 04:20:00,120.254,120.254,120.246,120.246,2
2018-07-23 04:21:00,120.239,120.243,120.239,120.243,2
2018-07-23 04:23:00,120.254,120.254,120.239,120.246,6
2018-07-23 04:24:00,120.239,120.25,120.239,120.25,4
2018-07-23 05:30:00,120.223,120.232,120.223,120.232,2
2018-07-23 05:45:00,120.223,120.223,120.207,120.219,10
2018-07-23 05:46:00,120.223,120.223,120.207,120.22,20
2018-07-23 05:47:00,120.223,120.223,120.207,120.216,5
2018-07-23 05:48:00,120.207,120.223,120.207,120.219,17
2018-07-23 05:53:00,120.207,120.207,120.192,120.192,4
2018-07-23 06:00:00,120.223,120.223,120.207,120.214,44
2018-07-23 06:01:00,120.207,120.223,120.207,120.22,11
2018-07-23 06:04:00,120.207,120.207,120.192,120.203,4
2018-07-23 06:05:00,120.207,120.223,120.207,120.214,18
2018-07-23 06:06:00,120.207,120.223,120.207,120.214,6
2018-07-23 06:07:00,120.207,120.223,120.207,120.214,9
2018-07-23 06:09:00,120.223,120.223,120.223,120.223,1
2018-07-23 06:13:00,120.238,120.238,120.223,120.23,13
2018-07-23 06:14:00,120.254,120.254,120.246,120.246,2
2018-07-23 06:15:00,120.238,120.254,120.238,120.247,17
2018-07-23 06:16:00,120.254,120.254,120.238,120.242,18
2018-07-23 06:17:00,120.238,120.254,120.238,120.247,7
2018-07-23 06:18:00,120.207,120.234,120.207,120.234,27
2018-07-23 06:21:00,120.192,120.2,120.192,120.2,2
2018-07-23 06:22:00,120.192,120.192,120.176,120.184,5
2018-07-23 06:23:00,120.176,120.192,120.176,120.184,6
2018-07-23 06:26:00,120.191,120.191,120.18,120.18,4
2018-07-23 06:27:00,120.207,120.207,120.196,120.196,3
2018-07-23 06:29:00,120.223,120.223,120.214,120.214,2
2018-07-23 06:32:00,120.207,120.22,120.207,120.22,4
2018-07-23 06:35:00,120.191,120.207,120.191,120.2,32
2018-07-23 06:42:00,120.207,120.207,120.199,120.199,2
2018-07-23 06:44:00,120.191,120.2,120.191,120.2,2
2018-07-23 06:45:00,120.176,120.184,120.176,120.184,3
2018-07-23 06:48:00,120.191,120.191,120.183,120.183,3
2018-07-23 06:56:00,120.207,120.207,120.199,120.199,2
2018-07-23 07:02:00,120.223,120.223,120.207,120.214,11
2018-07-23 07:03:00,120.207,120.223,120.207,120.216,13
2018-07-23 07:04:00,120.207,120.207,120.191,120.2,41
2018-07-23 07:06:00,120.207,120.207,120.191,120.2,11
2018-07-23 07:07:00,120.191,120.2,120.191,120.2,2
2018-07-23 07:08:00,120.191,120.207,120.191,120.199,19
2018-07-23 07:10:00,120.207,120.207,120.191,120.207,13
2018-07-23 07:11:00,120.207,120.207,120.191,120.2,13
2018-07-23 07:12:00,120.191,120.207,120.191,120.2,8
2018-07-23 07:13:00,120.207,120.207,120.191,120.199,17
2018-07-23 07:14:00,120.207,120.207,120.191,120.2,4
2018-07-23 07:15:00,120.223,120.223,120.214,120.214,2
2018-07-23 07:16:00,120.207,120.218,120.207,120.216,7
2018-07-23 07:17:00,120.207,120.223,120.207,120.214,17
2018-07-23 07:18:00,120.191,120.2,120.191,120.2,3
2018-07-23 07:19:00,120.207,120.207,120.191,120.198,10
2018-07-23 07:21:00,120.223,120.223,120.207,120.219,12
2018-07-23 07:23:00,120.223,120.238,120.223,120.23,6
2018-07-23 07:25:00,120.223,120.238,120.223,120.23,8
2018-07-23 07:26:00,120.238,120.238,120.223,120.23,28
2018-07-23 07:27:00,120.254,120.254,120.245,120.245,2
2018-07-23 07:28:00,120.254,120.254,120.238,120.247,22
2018-07-23 07:29:00,120.238,120.254,120.238,120.247,6
2018-07-23 07:31:00,120.223,120.231,120.223,120.231,2
2018-07-23 07:32:00,120.238,120.238,120.223,120.23,16
2018-07-23 07:35:00,120.238,120.238,120.223,120.23,5
2018-07-23 07:40:00,120.254,120.254,120.238,120.242,8
2018-07-23 07:41:00,120.254,120.254,120.238,120.25,7
2018-07-23 07:44:00,120.254,120.254,120.238,120.25,28
2018-07-23 07:53:00,120.27,120.27,120.254,120.258,5
2018-07-23 07:54:00,120.254,120.27,120.254,120.262,51
2018-07-23 07:56:00,120.238,120.247,120.238,120.247,2
2018-07-23 07:57:00,120.254,120.254,120.242,120.242,4
2018-07-23 07:58:00,120.254,120.254,120.238,120.247,14
2018-07-23 08:00:00,120.269,120.269,120.261,120.261,3
2018-07-23 08:02:00,120.285,120.301,120.277,120.277,7
2018-07-23 08:03:00,120.301,120.301,120.285,120.292,11
2018-07-23 08:04:00,120.301,120.301,120.285,120.298,16
2018-07-23 08:07:00,120.285,120.301,120.285,120.294,19
2018-07-23 08:14:00,120.301,120.301,120.289,120.289,4
2018-07-23 08:15:00,120.285,120.301,120.285,120.298,5
2018-07-23 08:18:00,120.269,120.285,120.269,120.282,30
2018-07-23 08:19:00,120.285,120.285,120.269,120.285,7
2018-07-23 08:23:00,120.269,120.285,120.269,120.281,8
2018-07-23 08:24:00,120.285,120.285,120.269,120.273,7
2018-07-23 08:29:00,120.269,120.281,120.269,120.281,3
2018-07-23 08:30:00,120.254,120.269,120.254,120.262,17
2018-07-23 08:32:00,120.254,120.269,120.254,120.261,17
2018-07-23 08:33:00,120.254,120.254,120.238,120.247,5
2018-07-23 08:36:00,120.254,120.269,120.254,120.258,5
2018-07-23 08:38:00,120.254,120.254,120.238,120.25,5
2018-07-23 08:40:00,120.238,120.247,120.238,120.247,2
2018-07-23 08:42:00,120.238,120.254,120.238,120.245,4
2018-07-23 08:48:00,120.254,120.254,120.245,120.245,2
2018-07-23 08:53:00,120.238,120.25,120.238,120.25,4
2018-07-23 08:56:00,120.222,120.231,120.222,120.231,2
2018-07-23 08:57:00,120.238,120.238,120.23,120.23,3
2018-07-23 08:58:00,120.254,120.254,120.245,120.245,2
2018-07-23 09:01:00,120.238,120.254,120.238,120.25,10
2018-07-23 09:02:00,120.238,120.254,120.238,120.245,4
2018-07-23 09:05:00,120.238,120.254,120.238,120.245,8
2018-07-23 09:07:00,120.254,120.254,120.238,120.245,6
2018-07-23 09:08:00,120.254,120.254,120.238,120.247,6
2018-07-23 09:10:00,120.269,120.269,120.254,120.261,6
2018-07-23 09:11:00,120.254,120.254,120.254,120.254,1
2018-07-23 09:14:00,120.269,120.269,120.261,120.261,3
2018-07-23 09:23:00,120.285,120.301,120.276,120.276,13
2018-07-23 09:25:00,120.301,120.301,120.292,120.292,2
2018-07-23 09:27:00,120.285,120.301,120.285,120.293,6
2018-07-23 09:30:00,120.285,120.301,120.285,120.292,19
2018-07-23 09:31:00,120.301,120.301,120.285,120.292,13
2018-07-23 09:32:00,120.285,120.301,120.285,120.297,9
2018-07-23 09:34:00,120.301,120.301,120.285,120.292,7
2018-07-23 09:35:00,120.285,120.301,120.285,120.293,15
2018-07-23 09:42:00,120.269,120.278,120.269,120.278,2
2018-07-23 09:47:00,120.285,120.285,120.276,120.276,2
2018-07-23 09:48:00,120.301,120.301,120.289,120.289,4
2018-07-23 09:49:00,120.301,120.301,120.285,120.293,11
2018-07-23 09:51:00,120.316,120.316,120.301,120.304,11
2018-07-23 09:55:00,120.3,120.316,120.3,120.312,20
2018-07-23 09:56:00,120.3,120.316,120.3,120.304,6
2018-07-23 09:58:00,120.285,120.293,120.285,120.293,2
2018-07-23 09:59:00,120.3,120.3,120.292,120.292,6
2018-07-23 10:08:00,120.285,120.293,120.285,120.293,2
2018-07-23 10:17:00,120.3,120.3,120.292,120.292,2
2018-07-23 10:32:00,120.285,120.293,120.285,120.293,2
2018-07-23 10:41:00,120.3,120.3,120.292,120.292,2
2018-07-23 10:53:00,120.316,120.316,120.304,120.304,4
2018-07-23 10:57:00,120.332,120.332,120.323,120.323,3
2018-07-23 11:05:00,120.316,120.325,120.3,120.325,7
2018-07-23 11:08:00,120.332,120.332,120.323,120.323,2
2018-07-23 11:09:00,120.316,120.324,120.316,120.324,2
2018-07-23 11:20:00,120.316,120.332,120.316,120.323,10
2018-07-23 11:21:00,120.3,120.309,120.3,120.309,2
2018-07-23 11:23:00,120.316,120.316,120.304,120.304,4
2018-07-23 11:24:00,120.3,120.309,120.3,120.309,3
2018-07-23 11:26:00,120.3,120.316,120.3,120.304,10
2018-07-23 11:27:00,120.3,120.316,120.3,120.307,4
2018-07-23 11:28:00,120.3,120.316,120.3,120.307,6
2018-07-23 11:30:00,120.3,120.316,120.3,120.307,6
2018-07-23 11:33:00,120.285,120.296,120.285,120.296,3
2018-07-23 11:37:00,120.269,120.277,120.269,120.277,3
2018-07-23 11:43:00,120.285,120.285,120.276,120.276,2
2018-07-23 11:44:00,120.285,120.285,120.269,120.277,4
2018-07-23 11:45:00,120.285,120.3,120.285,120.292,5
2018-07-23 11:49:00,120.269,120.277,120.269,120.277,3
2018-07-23 11:50:00,120.269,120.285,120.269,120.272,26
2018-07-23 11:51:00,120.269,120.285,120.269,120.273,27
2018-07-23 11:52:00,120.285,120.285,120.269,120.276,14
2018-07-23 11:53:00,120.269,120.285,120.269,120.28,26
2018-07-23 11:54:00,120.285,120.285,120.272,120.272,4
2018-07-23 11:55:00,120.269,120.285,120.269,120.281,7
2018-07-23 11:56:00,120.269,120.285,120.269,120.276,8
2018-07-23 12:00:00,120.253,120.269,120.253,120.253,5
2018-07-23 12:01:00,120.269,120.269,120.256,120.256,4
2018-07-23 12:02:00,120.269,120.269,120.253,120.262,4
2018-07-23 12:03:00,120.269,120.269,120.253,120.265,12
2018-07-23 12:13:00,120.284,120.284,120.269,120.276,17
2018-07-23 12:14:00,120.269,120.284,120.269,120.277,28
2018-07-23 12:16:00,120.284,120.284,120.276,120.276,2
2018-07-23 12:17:00,120.269,120.284,120.269,120.277,7
2018-07-23 12:18:00,120.284,120.284,120.273,120.273,3
2018-07-23 12:19:00,120.284,120.3,120.284,120.292,14
2018-07-23 12:20:00,120.269,120.3,120.269,120.288,15
2018-07-23 12:23:00,120.253,120.262,120.253,120.262,3
2018-07-23 12:24:00,120.253,120.253,120.237,120.246,32
2018-07-23 12:31:00,120.269,120.284,120.26,120.26,7
2018-07-23 12:32:00,120.284,120.284,120.269,120.276,33
2018-07-23 12:33:00,120.284,120.284,120.269,120.277,8
2018-07-23 12:35:00,120.284,120.284,120.269,120.277,34
2018-07-23 12:36:00,120.269,120.284,120.269,120.276,9
2018-07-23 12:37:00,120.237,120.264,120.237,120.264,32
2018-07-23 12:38:00,120.222,120.23,120.222,120.23,2
2018-07-23 12:39:00,120.222,120.237,120.222,120.229,25
2018-07-23 12:41:00,120.206,120.222,120.206,120.215,15
2018-07-23 12:45:00,120.19,120.206,120.19,120.199,15
2018-07-23 12:47:00,120.175,120.19,120.175,120.183,24
2018-07-23 12:51:00,120.19,120.19,120.179,120.179,2
2018-07-23 12:52:00,120.19,120.206,120.19,120.198,4
2018-07-23 12:53:00,120.175,120.186,120.175,120.186,4
2018-07-23 12:54:00,120.175,120.19,120.175,120.178,31
2018-07-23 12:55:00,120.159,120.19,120.159,120.19,25
2018-07-23 12:56:00,120.159,120.159,120.143,120.155,10
2018-07-23 12:57:00,120.159,120.159,120.143,120.155,7
2018-07-23 12:58:00,120.159,120.159,120.143,120.155,19
2018-07-23 13:01:00,120.143,120.159,120.143,120.152,33
2018-07-23 13:02:00,120.159,120.159,120.143,120.151,73
2018-07-23 13:03:00,120.143,120.159,120.143,120.152,18
2018-07-23 13:04:00,120.143,120.159,120.143,120.147,22
2018-07-23 13:19:00,120.159,120.159,120.151,120.151,2
2018-07-23 13:20:00,120.143,120.152,120.143,120.152,14
2018-07-23 13:21:00,120.143,120.159,120.143,120.155,19
2018-07-23 13:23:00,120.128,120.143,120.128,120.14,9
2018-07-23 13:24:00,120.112,120.121,120.112,120.121,3
2018-07-23 13:26:00,120.096,120.108,120.096,120.108,4
2018-07-23 13:28:00,120.112,120.112,120.1,120.1,4
2018-07-23 13:30:00,120.096,120.112,120.096,120.108,63
2018-07-23 13:31:00,120.096,120.112,120.096,120.104,5
2018-07-23 13:32:00,120.112,120.112,120.096,120.1,31
2018-07-23 13:36:00,120.096,120.112,120.081,120.105,37
2018-07-23 13:37:00,120.081,120.089,120.081,120.089,2
2018-07-23 13:39:00,120.081,120.081,120.065,120.074,23
2018-07-23 13:42:00,120.081,120.081,120.065,120.077,21
2018-07-23 13:44:00,120.081,120.081,120.065,120.074,5
2018-07-23 13:48:00,120.065,120.081,120.065,120.074,8
2018-07-23 13:49:00,120.081,120.081,120.065,120.069,47
2018-07-23 13:52:00,120.065,120.081,120.065,120.074,14
2018-07-23 13:55:00,120.049,120.065,120.049,120.058,7
2018-07-23 13:56:00,120.018,120.046,120.018,120.046,16
2018-07-23 13:57:00,120.018,120.034,120.018,120.025,6
2018-07-23 13:58:00,120.002,120.011,120.002,120.011,3
2018-07-23 14:01:00,119.987,119.995,119.987,119.995,2
2018-07-23 14:02:00,120.018,120.018,119.99,119.99,28
2018-07-23 14:03:00,120.018,120.018,120.002,120.011,12
2018-07-23 14:04:00,120.018,120.018,120.002,120.011,4
2018-07-23 14:06:00,120.034,120.034,120.018,120.025,12
2018-07-23 14:08:00,120.034,120.034,120.018,120.027,34
2018-07-23 14:11:00,120.018,120.027,120.018,120.027,2
2018-07-23 14:12:00,120.002,120.018,120.002,120.014,14
2018-07-23 14:13:00,119.987,120.002,119.987,119.995,30
2018-07-23 14:14:00,119.971,120.002,119.971,119.994,13
2018-07-23 14:16:00,119.955,119.971,119.955,119.964,15
2018-07-23 14:17:00,119.955,119.971,119.955,119.963,23
2018-07-23 14:18:00,119.94,119.948,119.94,119.948,3
2018-07-23 14:19:00,119.924,119.94,119.924,119.933,21
2018-07-23 14:21:00,119.893,119.917,119.893,119.917,72
2018-07-23 14:22:00,119.893,119.893,119.877,119.888,41
2018-07-23 14:24:00,119.908,119.908,119.893,119.9,23
2018-07-23 14:25:00,119.908,119.908,119.893,119.904,44
2018-07-23 14:26:00,119.908,119.908,119.893,119.904,35
2018-07-23 14:27:00,119.924,119.924,119.908,119.916,37
2018-07-23 14:29:00,119.908,119.924,119.908,119.92,28
2018-07-23 14:30:00,119.908,119.924,119.908,119.912,37
2018-07-23 14:31:00,119.908,119.924,119.908,119.916,7
2018-07-23 14:33:00,119.924,119.924,119.915,119.915,2
2018-07-23 14:34:00,119.924,119.924,119.908,119.917,9
2018-07-23 14:35:00,119.924,119.924,119.908,119.92,23
2018-07-23 14:37:00,119.908,119.924,119.908,119.92,21
2018-07-23 14:38:00,119.924,119.924,119.915,119.915,2
2018-07-23 14:40:00,119.924,119.94,119.924,119.931,6
2018-07-23 14:41:00,119.924,119.94,119.924,119.931,15
2018-07-23 14:42:00,119.924,119.94,119.924,119.928,13
2018-07-23 14:45:00,119.924,119.924,119.908,119.917,12
2018-07-23 14:46:00,119.908,119.917,119.908,119.917,3
2018-07-23 14:53:00,119.893,119.901,119.893,119.901,2
2018-07-23 14:54:00,119.877,119.893,119.877,119.886,8
2018-07-23 14:55:00,119.893,119.893,119.877,119.881,40
2018-07-23 14:58:00,119.893,119.893,119.877,119.888,7
2018-07-23 15:00:00,119.861,119.888,119.861,119.888,6
2018-07-23 15:01:00,119.861,119.877,119.861,119.868,73
2018-07-23 15:04:00,119.877,119.877,119.868,119.868,2
2018-07-23 15:08:00,119.877,119.877,119.861,119.874,21
2018-07-23 15:12:00,119.861,119.874,119.846,119.874,12
2018-07-23 15:13:00,119.846,119.861,119.83,119.854,14
2018-07-23 15:15:00,119.83,119.839,119.83,119.839,2
2018-07-23 15:16:00,119.846,119.846,119.834,119.834,4
2018-07-23 15:19:00,119.846,119.846,119.83,119.838,74
2018-07-23 15:20:00,119.846,119.846,119.83,119.838,6
2018-07-23 15:23:00,119.83,119.846,119.83,119.842,79
2018-07-23 15:28:00,119.814,119.814,119.814,119.814,1
2018-07-23 15:29:00,119.83,119.83,119.818,119.818,4
2018-07-23 15:30:00,119.814,119.826,119.814,119.826,3
2018-07-23 15:31:00,119.799,119.814,119.799,119.807,123
2018-07-23 15:32:00,119.814,119.814,119.799,119.806,56
2018-07-23 15:33:00,119.799,119.814,119.799,119.807,79
2018-07-23 15:37:00,119.814,119.814,119.806,119.806,10
2018-07-23 15:39:00,119.846,119.846,119.821,119.821,6
2018-07-23 15:40:00,119.846,119.853,119.846,119.85,6
2018-07-23 15:43:00,119.846,119.846,119.838,119.838,8
2018-07-23 15:46:00,119.83,119.838,119.83,119.838,3
2018-07-23 15:47:00,119.846,119.846,119.837,119.837,2
2018-07-23 15:48:00,119.83,119.838,119.83,119.838,3
2018-07-23 15:51:00,119.814,119.823,119.814,119.823,2
2018-07-23 15:54:00,119.799,119.814,119.799,119.807,28
2018-07-23 15:56:00,119.767,119.791,119.767,119.791,23
2018-07-23 15:58:00,119.767,119.767,119.752,119.76,13
2018-07-23 15:59:00,119.783,119.783,119.771,119.771,4
2018-07-23 16:00:00,119.799,119.799,119.786,119.786,4
2018-07-23 16:01:00,119.783,119.799,119.783,119.795,10
2018-07-23 16:04:00,119.799,119.799,119.783,119.79,61
2018-07-23 16:05:00,119.799,119.799,119.783,119.791,13
2018-07-23 16:10:00,119.814,119.814,119.806,119.806,3
2018-07-23 16:11:00,119.814,119.814,119.799,119.807,53
2018-07-23 16:17:00,119.814,119.83,119.814,119.821,6
2018-07-23 16:20:00,119.783,119.81,119.783,119.81,33
2018-07-23 16:22:00,119.767,119.776,119.751,119.776,72
2018-07-23 16:25:00,119.783,119.783,119.774,119.774,2
2018-07-23 16:31:00,119.798,119.798,119.79,119.79,2
2018-07-23 16:32:00,119.767,119.794,119.767,119.794,88
2018-07-23 16:34:00,119.751,119.76,119.751,119.76,2
2018-07-23 16:36:00,119.767,119.767,119.756,119.756,4
2018-07-23 16:38:00,119.767,119.783,119.767,119.774,8
2018-07-23 16:39:00,119.767,119.783,119.767,119.774,12
2018-07-23 16:45:00,119.783,119.783,119.774,119.774,3
2018-07-23 16:46:00,119.783,119.783,119.767,119.78,13
2018-07-23 16:50:00,119.767,119.776,119.767,119.776,2
2018-07-23 16:56:00,119.767,119.767,119.751,119.763,9
2018-07-23 16:57:00,119.767,119.767,119.751,119.764,42
2018-07-23 16:58:00,119.767,119.767,119.751,119.76,15
2018-07-23 17:01:00,119.767,119.767,119.751,119.763,12
2018-07-23 17:04:00,119.767,119.767,119.751,119.76,18
2018-07-23 17:05:00,119.751,119.767,119.751,119.763,10
2018-07-23 17:11:00,119.751,119.767,119.751,119.759,6
2018-07-23 17:35:00,119.736,119.744,119.736,119.744,3
2018-07-23 17:40:00,119.736,119.751,119.736,119.74,29
2018-07-23 17:41:00,119.736,119.751,119.736,119.74,16
2018-07-23 17:50:00,119.751,119.751,119.74,119.74,4
2018-07-23 17:58:00,119.767,119.767,119.758,119.758,2
2018-07-23 17:59:00,119.767,119.767,119.751,119.763,5
2018-07-23 18:07:00,119.751,119.764,119.751,119.764,3
2018-07-23 18:29:00,119.751,119.751,119.736,119.747,6
2018-07-23 18:40:00,119.751,119.767,119.751,119.758,6
2018-07-23 18:45:00,119.735,119.747,119.735,119.747,3
2018-07-23 18:49:00,119.72,119.735,119.72,119.728,22
2018-07-23 18:51:00,119.72,119.735,119.72,119.727,4
2018-07-23 18:52:00,119.735,119.735,119.72,119.727,6
2018-07-23 18:53:00,119.751,119.751,119.735,119.743,7
2018-07-23 18:55:00,119.735,119.735,119.735,119.735,1
2018-07-23 18:56:00,119.751,119.751,119.743,119.743,2
2018-07-23 18:57:00,119.735,119.751,119.735,119.747,4
2018-07-23 18:58:00,119.72,119.735,119.72,119.728,33
2018-07-23 18:59:00,119.72,119.72,119.704,119.713,5
2018-07-23 19:01:00,119.72,119.735,119.72,119.727,5
2018-07-23 19:03:00,119.704,119.713,119.704,119.713,2
2018-07-23 19:04:00,119.704,119.704,119.688,119.697,54
2018-07-23 19:06:00,119.688,119.704,119.688,119.697,14
2018-07-23 19:07:00,119.704,119.704,119.688,119.696,15
2018-07-23 19:19:00,119.72,119.72,119.708,119.708,4
2018-07-23 19:21:00,119.704,119.72,119.704,119.716,8
2018-07-23 19:22:00,119.704,119.72,119.704,119.711,4
2018-07-23 19:25:00,119.72,119.72,119.711,119.711,2
2018-07-23 19:26:00,119.704,119.72,119.704,119.713,7
2018-07-23 19:28:00,119.704,119.72,119.704,119.711,5
2018-07-23 19:29:00,119.704,119.72,119.704,119.711,16
2018-07-23 19:31:00,119.72,119.72,119.72,119.72,1
2018-07-23 19:32:00,119.72,119.72,119.704,119.713,4
2018-07-23 19:52:00,119.72,119.727,119.72,119.727,8
2018-07-23 19:53:00,119.735,119.735,119.724,119.724,4
2018-07-23 19:59:00,119.735,119.735,119.72,119.728,19
2018-07-23 20:00:00,119.735,119.735,119.72,119.728,39
2018-07-23 20:01:00,119.72,119.728,119.72,119.728,2
2018-07-23 20:02:00,119.72,119.735,119.72,119.727,6
2018-07-23 20:05:00,119.72,119.735,119.72,119.727,6
2018-07-23 20:09:00,119.735,119.735,119.735,119.735,1
2018-07-23 20:10:00,119.735,119.735,119.72,119.728,4
2018-07-23 20:13:00,119.735,119.751,119.735,119.739,7
2018-07-23 20:27:00,119.751,119.751,119.742,119.742,2
2018-07-23 20:46:00,119.751,119.751,119.735,119.744,5
2018-07-23 20:51:00,119.766,119.766,119.755,119.755,4
2018-07-23 20:57:00,119.766,119.782,119.766,119.774,4
2018-07-23 20:59:00,119.766,119.766,119.766,119.766,1
2018-07-23 22:00:00,119.782,119.798,119.782,119.782,91
2018-07-23 22:01:00,119.782,119.798,119.782,119.793,94
2018-07-23 22:17:00,119.798,119.798,119.786,119.786,4
2018-07-23 22:18:00,119.782,119.79,119.782,119.79,2
2018-07-23 22:19:00,119.797,119.797,119.797,119.797,1
2018-07-23 22:20:00,119.782,119.794,119.782,119.794,6
2018-07-23 22:21:00,119.797,119.797,119.786,119.786,3
2018-07-23 22:32:00,119.782,119.79,119.782,119.79,2
2018-07-23 22:35:00,119.766,119.775,119.766,119.775,2
2018-07-23 22:49:00,119.75,119.755,119.75,119.755,2
2018-07-23 22:52:00,119.735,119.75,119.735,119.743,12
2018-07-23 22:55:00,119.735,119.75,119.735,119.75,9
2018-07-23 23:27:00,119.735,119.75,119.735,119.742,5
2018-07-23 23:34:00,119.75,119.75,119.738,119.738,4
2018-07-23 23:44:00,119.75,119.766,119.75,119.754,28
2018-07-23 23:46:00,119.766,119.766,119.75,119.757,25
2018-07-23 23:47:00,119.766,119.766,119.75,119.762,5
2018-07-23 23:48:00,119.75,119.766,119.75,119.762,15
2018-07-23 23:49:00,119.766,119.766,119.757,119.757,6
2018-07-23 23:50:00,119.75,119.762,119.75,119.762,3
2018-07-23 23:52:00,119.766,119.766,119.754,119.754,4
2018-07-23 23:53:00,119.75,119.759,119.75,119.759,2
2018-07-23 23:55:00,119.766,119.766,119.754,119.754,4
2018-07-23 23:56:00,119.766,119.766,119.75,119.762,14
2018-07-23 23:57:00,119.75,119.759,119.75,119.759,2
2018-07-23 23:59:00,119.766,119.766,119.75,119.754,25
2018-07-24 00:04:00,119.766,119.766,119.75,119.759,4
2018-07-24 00:08:00,119.782,119.782,119.773,119.773,2
2018-07-24 00:09:00,119.797,119.797,119.786,119.786,3
2018-07-24 00:10:00,119.782,119.79,119.782,119.79,2
2018-07-24 00:15:00,119.766,119.774,119.766,119.774,2
2018-07-24 00:18:00,119.766,119.766,119.75,119.762,6
2018-07-24 00:19:00,119.782,119.782,119.766,119.773,7
2018-07-24 00:29:00,119.766,119.782,119.766,119.774,20
2018-07-24 00:30:00,119.766,119.782,119.766,119.782,25
2018-07-24 00:45:00,119.766,119.766,119.75,119.759,4
2018-07-24 00:47:00,119.75,119.762,119.734,119.762,35
2018-07-24 00:50:00,119.75,119.766,119.75,119.757,5
2018-07-24 00:54:00,119.75,119.75,119.734,119.743,20
2018-07-24 01:05:00,119.734,119.743,119.734,119.743,2
2018-07-24 01:07:00,119.734,119.75,119.734,119.742,4
2018-07-24 01:08:00,119.734,119.75,119.734,119.742,4
2018-07-24 01:13:00,119.719,119.734,119.719,119.727,31
2018-07-24 01:14:00,119.734,119.734,119.719,119.726,7
2018-07-24 01:18:00,119.75,119.75,119.734,119.742,7
2018-07-24 01:19:00,119.734,119.743,119.734,119.743,2
2018-07-24 01:21:00,119.734,119.734,119.719,119.727,19
2018-07-24 01:22:00,119.734,119.734,119.719,119.727,10
2018-07-24 01:23:00,119.734,119.75,119.734,119.742,4
2018-07-24 01:27:00,119.75,119.75,119.741,119.741,2
2018-07-24 01:28:00,119.75,119.75,119.734,119.743,9
2018-07-24 01:31:00,119.75,119.75,119.734,119.743,4
2018-07-24 01:33:00,119.75,119.75,119.734,119.743,4
2018-07-24 01:35:00,119.734,119.75,119.734,119.746,8
2018-07-24 01:37:00,119.734,119.75,119.734,119.741,9
2018-07-24 01:38:00,119.75,119.75,119.738,119.738,3
2018-07-24 01:45:00,119.734,119.743,119.734,119.743,2
2018-07-24 01:47:00,119.75,119.75,119.741,119.741,2
2018-07-24 01:48:00,119.734,119.734,119.734,119.734,1
2018-07-24 01:49:00,119.75,119.75,119.741,119.741,3
2018-07-24 02:00:00,119.766,119.766,119.757,119.757,3
2018-07-24 02:07:00,119.766,119.781,119.766,119.77,7
2018-07-24 02:10:00,119.781,119.781,119.777,119.777,2
2018-07-24 02:11:00,119.766,119.766,119.766,119.766,1
2018-07-24 02:17:00,119.781,119.781,119.773,119.773,2
2018-07-24 02:24:00,119.766,119.774,119.766,119.774,3
2018-07-24 02:45:00,119.781,119.781,119.769,119.769,3
2018-07-24 03:30:00,119.765,119.774,119.765,119.774,2
2018-07-24 03:32:00,119.781,119.781,119.765,119.772,11
2018-07-24 03:38:00,119.781,119.797,119.781,119.788,9
2018-07-24 03:39:00,119.797,119.797,119.785,119.785,3
2018-07-24 04:56:00,119.796,119.796,119.781,119.789,4
2018-07-24 04:59:00,119.781,119.796,119.781,119.789,23
2018-07-24 05:08:00,119.796,119.796,119.781,119.796,5
2018-07-24 05:13:00,119.796,119.812,119.796,119.8,10
2018-07-24 05:14:00,119.796,119.812,119.796,119.803,17
2018-07-24 05:15:00,119.812,119.812,119.804,119.804,2
2018-07-24 05:17:00,119.812,119.812,119.796,119.805,4
2018-07-24 05:20:00,119.796,119.812,119.796,119.808,9
2018-07-24 05:21:00,119.812,119.812,119.796,119.803,12
2018-07-24 05:28:00,119.812,119.812,119.796,119.805,4
2018-07-24 05:29:00,119.796,119.812,119.796,119.808,11
2018-07-24 05:55:00,119.796,119.796,119.781,119.792,12
2018-07-24 05:56:00,119.781,119.796,119.781,119.792,43
2018-07-24 06:12:00,119.796,119.796,119.781,119.784,9
2018-07-24 06:15:00,119.781,119.789,119.781,119.789,2
2018-07-24 06:27:00,119.781,119.781,119.765,119.773,14
2018-07-24 06:35:00,119.781,119.781,119.765,119.773,27
2018-07-24 06:37:00,119.765,119.776,119.765,119.776,4
2018-07-24 06:38:00,119.749,119.761,119.749,119.761,3
2018-07-24 06:40:00,119.765,119.765,119.756,119.756,2
2018-07-24 06:41:00,119.749,119.765,119.749,119.758,16
2018-07-24 06:42:00,119.765,119.765,119.752,119.752,3
2018-07-24 06:43:00,119.765,119.765,119.749,119.758,22
2018-07-24 06:46:00,119.749,119.765,119.749,119.758,16
2018-07-24 06:52:00,119.749,119.749,119.733,119.742,10
2018-07-24 06:55:00,119.749,119.749,119.733,119.742,14
2018-07-24 06:56:00,119.733,119.749,119.733,119.745,26
2018-07-24 07:00:00,119.733,119.749,119.718,119.73,11
2018-07-24 07:02:00,119.733,119.733,119.718,119.726,4
2018-07-24 07:03:00,119.718,119.73,119.718,119.73,3
2018-07-24 07:07:00,119.733,119.733,119.718,119.725,22
2018-07-24 07:09:00,119.718,119.726,119.718,119.726,2
2018-07-24 07:10:00,119.733,119.733,119.718,119.722,15
2018-07-24 07:11:00,119.718,119.726,119.718,119.726,2
2018-07-24 07:12:00,119.733,119.733,119.725,119.725,6
2018-07-24 07:13:00,119.749,119.749,119.733,119.741,13
2018-07-24 07:14:00,119.749,119.749,119.733,119.746,24
2018-07-24 07:19:00,119.749,119.765,119.749,119.765,4
2018-07-24 07:25:00,119.733,119.746,119.733,119.746,4
2018-07-24 07:26:00,119.765,119.765,119.741,119.741,5
2018-07-24 07:27:00,119.749,119.765,119.749,119.758,6
2018-07-24 07:29:00,119.765,119.765,119.752,119.752,3
2018-07-24 07:30:00,119.749,119.758,119.749,119.758,2
2018-07-24 07:36:00,119.733,119.746,119.733,119.746,3
2018-07-24 07:38:00,119.718,119.733,119.718,119.726,26
2018-07-24 07:44:00,119.733,119.733,119.725,119.725,2
2018-07-24 07:45:00,119.718,119.733,119.718,119.726,7
2018-07-24 07:46:00,119.718,119.733,119.718,119.725,6
2018-07-24 07:47:00,119.733,119.733,119.718,119.725,6
2018-07-24 07:51:00,119.749,119.765,119.738,119.738,9
2018-07-24 07:52:00,119.765,119.765,119.749,119.765,5
2018-07-24 07:54:00,119.78,119.78,119.765,119.772,11
2018-07-24 08:00:00,119.796,119.796,119.78,119.787,34
2018-07-24 08:01:00,119.78,119.796,119.78,119.792,11
2018-07-24 08:09:00,119.796,119.796,119.78,119.787,25
2018-07-24 08:11:00,119.796,119.796,119.78,119.792,30
2018-07-24 08:12:00,119.796,119.796,119.78,119.792,37
2018-07-24 08:29:00,119.796,119.796,119.78,119.792,7
2018-07-24 08:30:00,119.78,119.796,119.78,119.789,10
2018-07-24 08:52:00,119.78,119.78,119.764,119.773,11
2018-07-24 09:01:00,119.796,119.796,119.78,119.784,12
2018-07-24 09:02:00,119.78,119.789,119.78,119.789,2
2018-07-24 09:08:00,119.78,119.796,119.78,119.787,9
2018-07-24 09:09:00,119.796,119.796,119.788,119.792,6
2018-07-24 09:10:00,119.78,119.789,119.78,119.789,3
2018-07-24 09:18:00,119.78,119.78,119.764,119.776,7
2018-07-24 09:21:00,119.764,119.776,119.764,119.776,4
2018-07-24 09:33:00,119.78,119.78,119.764,119.772,28
2018-07-24 09:35:00,119.78,119.78,119.764,119.773,12
2018-07-24 09:36:00,119.78,119.78,119.764,119.773,4
2018-07-24 09:37:00,119.78,119.78,119.764,119.776,10
2018-07-24 09:38:00,119.764,119.78,119.764,119.773,32
2018-07-24 09:40:00,119.78,119.78,119.768,119.768,6
2018-07-24 09:44:00,119.78,119.796,119.78,119.787,30
2018-07-24 09:45:00,119.78,119.796,119.78,119.787,8
2018-07-24 09:46:00,119.78,119.796,119.78,119.787,8
2018-07-24 09:47:00,119.796,119.796,119.787,119.787,2
2018-07-24 10:07:00,119.811,119.811,119.796,119.803,7
2018-07-24 10:09:00,119.811,119.827,119.811,119.814,6
2018-07-24 10:10:00,119.811,119.811,119.804,119.804,5
2018-07-24 10:13:00,119.811,119.811,119.796,119.808,11
2018-07-24 10:20:00,119.811,119.827,119.811,119.818,11
2018-07-24 10:21:00,119.827,119.827,119.811,119.818,15
2018-07-24 10:23:00,119.811,119.824,119.811,119.824,4
2018-07-24 10:26:00,119.811,119.827,119.811,119.818,9
2018-07-24 10:38:00,119.811,119.827,119.811,119.818,13
2018-07-24 10:44:00,119.795,119.811,119.795,119.804,5
2018-07-24 10:55:00,119.795,119.811,119.795,119.8,5
2018-07-24 10:58:00,119.811,119.811,119.803,119.803,2
2018-07-24 10:59:00,119.811,119.827,119.811,119.815,10
2018-07-24 11:00:00,119.827,119.827,119.811,119.818,15
2018-07-24 11:05:00,119.842,119.842,119.83,119.83,3
2018-07-24 11:10:00,119.858,119.858,119.849,119.849,2
2018-07-24 11:11:00,119.842,119.851,119.842,119.851,2
2018-07-24 11:22:00,119.827,119.839,119.827,119.839,4
2018-07-24 11:26:00,119.827,119.842,119.827,119.83,6
2018-07-24 11:30:00,119.811,119.82,119.811,119.82,2
2018-07-24 11:36:00,119.827,119.827,119.818,119.818,2
2018-07-24 11:39:00,119.811,119.82,119.811,119.82,2
2018-07-24 11:40:00,119.795,119.811,119.795,119.804,28
2018-07-24 11:45:00,119.78,119.795,119.78,119.788,28
2018-07-24 11:46:00,119.78,119.795,119.78,119.787,8
2018-07-24 11:53:00,119.764,119.773,119.764,119.773,2
2018-07-24 12:00:00,119.764,119.78,119.764,119.771,4
2018-07-24 12:01:00,119.748,119.764,119.748,119.76,8
2018-07-24 12:02:00,119.764,119.764,119.748,119.752,8
2018-07-24 12:03:00,119.764,119.78,119.764,119.768,20
2018-07-24 12:05:00,119.764,119.764,119.748,119.757,5
2018-07-24 12:06:00,119.748,119.76,119.748,119.76,3
2018-07-24 12:07:00,119.748,119.748,119.733,119.744,8
2018-07-24 12:08:00,119.733,119.748,119.733,119.744,14
2018-07-24 12:09:00,119.733,119.733,119.717,119.725,4
2018-07-24 12:10:00,119.733,119.733,119.717,119.725,49
2018-07-24 12:14:00,119.748,119.748,119.733,119.74,6
2018-07-24 12:17:00,119.733,119.748,119.733,119.744,7
2018-07-24 12:19:00,119.748,119.748,119.74,119.74,2
2018-07-24 12:21:00,119.733,119.741,119.733,119.741,2
2018-07-24 12:23:00,119.733,119.748,119.733,119.74,23
2018-07-24 12:25:00,119.733,119.748,119.733,119.736,12
2018-07-24 12:26:00,119.717,119.729,119.717,119.729,4
2018-07-24 12:30:00,119.686,119.71,119.686,119.71,26
2018-07-24 12:32:00,119.701,119.701,119.69,119.69,3
2018-07-24 12:33:00,119.701,119.701,119.686,119.694,4
2018-07-24 12:34:00,119.686,119.701,119.686,119.694,62
2018-07-24 12:36:00,119.67,119.701,119.654,119.693,42
2018-07-24 12:39:00,119.67,119.686,119.67,119.677,6
2018-07-24 12:41:00,119.654,119.663,119.654,119.663,3
2018-07-24 12:46:00,119.67,119.67,119.654,119.661,48
2018-07-24 12:47:00,119.67,119.67,119.654,119.663,10
2018-07-24 12:50:00,119.67,119.686,119.67,119.677,29
2018-07-24 12:56:00,119.654,119.67,119.654,119.666,27
2018-07-24 12:57:00,119.67,119.67,119.658,119.658,8
2018-07-24 13:05:00,119.654,119.67,119.654,119.663,6
2018-07-24 13:07:00,119.67,119.67,119.661,119.661,2
2018-07-24 13:09:00,119.67,119.685,119.67,119.677,24
2018-07-24 13:16:00,119.685,119.685,119.677,119.677,6
2018-07-24 13:22:00,119.701,119.701,119.685,119.693,22
2018-07-24 13:25:00,119.685,119.701,119.685,119.694,14
2018-07-24 13:30:00,119.701,119.701,119.685,119.69,10
2018-07-24 13:33:00,119.685,119.694,119.685,119.694,3
2018-07-24 13:34:00,119.67,119.682,119.67,119.682,4
2018-07-24 13:35:00,119.67,119.685,119.67,119.674,12
2018-07-24 13:41:00,119.654,119.666,119.654,119.666,4
2018-07-24 13:43:00,119.67,119.67,119.654,119.658,8
2018-07-24 13:45:00,119.654,119.67,119.654,119.666,21
2018-07-24 13:47:00,119.638,119.65,119.623,119.65,13
2018-07-24 13:49:00,119.638,119.654,119.638,119.646,7
2018-07-24 13:51:00,119.623,119.635,119.623,119.635,3
2018-07-24 13:52:00,119.638,119.638,119.623,119.626,27
2018-07-24 13:53:00,119.654,119.654,119.638,119.646,20
2018-07-24 13:54:00,119.654,119.67,119.654,119.661,36
2018-07-24 13:56:00,119.67,119.67,119.658,119.658,3
2018-07-24 13:57:00,119.717,119.717,119.677,119.677,70
2018-07-24 13:58:00,119.701,119.717,119.701,119.71,13
2018-07-24 13:59:00,119.701,119.701,119.685,119.694,6
2018-07-24 14:01:00,119.701,119.717,119.701,119.704,6
2018-07-24 14:02:00,119.701,119.701,119.685,119.694,12
2018-07-24 14:04:00,119.717,119.717,119.708,119.708,2
2018-07-24 14:08:00,119.732,119.732,119.724,119.724,3
2018-07-24 14:09:00,119.732,119.732,119.717,119.728,36
2018-07-24 14:11:00,119.732,119.748,119.732,119.739,11
2018-07-24 14:15:00,119.717,119.725,119.717,119.725,3
2018-07-24 14:16:00,119.732,119.732,119.717,119.72,9
2018-07-24 14:17:00,119.717,119.725,119.717,119.725,2
2018-07-24 14:18:00,119.701,119.717,119.701,119.709,15
2018-07-24 14:19:00,119.701,119.717,119.701,119.705,87
2018-07-24 14:20:00,119.717,119.717,119.708,119.708,2
2018-07-24 14:23:00,119.701,119.712,119.701,119.712,8
2018-07-24 14:24:00,119.717,119.717,119.704,119.704,21
2018-07-24 14:32:00,119.717,119.717,119.701,119.709,4
2018-07-24 14:33:00,119.701,119.709,119.701,119.709,2
2018-07-24 14:34:00,119.701,119.717,119.701,119.705,30
2018-07-24 14:35:00,119.717,119.717,119.701,119.704,29
2018-07-24 14:36:00,119.701,119.717,119.701,119.709,13
2018-07-24 14:37:00,119.717,119.717,119.701,119.708,13
2018-07-24 14:40:00,119.717,119.717,119.701,119.708,36
2018-07-24 14:42:00,119.717,119.717,119.701,119.709,12
2018-07-24 14:43:00,119.717,119.717,119.701,119.709,15
2018-07-24 14:44:00,119.701,119.717,119.701,119.713,58
2018-07-24 14:45:00,119.717,119.717,119.708,119.708,2
2018-07-24 14:46:00,119.732,119.732,119.717,119.724,7
2018-07-24 14:47:00,119.717,119.728,119.717,119.728,4
2018-07-24 14:49:00,119.717,119.732,119.717,119.724,77
2018-07-24 14:50:00,119.732,119.732,119.717,119.724,40
2018-07-24 14:52:00,119.717,119.732,119.717,119.728,84
2018-07-24 14:53:00,119.717,119.732,119.717,119.732,4
2018-07-24 14:54:00,119.717,119.732,119.717,119.72,8
2018-07-24 14:55:00,119.701,119.709,119.701,119.709,2
2018-07-24 14:56:00,119.701,119.717,119.701,119.708,24
2018-07-24 14:57:00,119.701,119.717,119.701,119.705,18
2018-07-24 14:58:00,119.717,119.717,119.701,119.708,33
2018-07-24 14:59:00,119.717,119.732,119.717,119.724,5
2018-07-24 15:00:00,119.717,119.717,119.701,119.709,12
2018-07-24 15:01:00,119.732,119.732,119.724,119.724,2
2018-07-24 15:04:00,119.716,119.725,119.716,119.725,2
2018-07-24 15:05:00,119.732,119.732,119.716,119.724,34
2018-07-24 15:07:00,119.748,119.748,119.736,119.736,3
2018-07-24 15:09:00,119.732,119.748,119.732,119.741,15
2018-07-24 15:10:00,119.748,119.748,119.732,119.739,22
2018-07-24 15:11:00,119.732,119.748,119.732,119.741,12
2018-07-24 15:12:00,119.732,119.748,119.732,119.736,25
2018-07-24 15:13:00,119.748,119.748,119.732,119.74,45
2018-07-24 15:14:00,119.732,119.741,119.732,119.741,2
2018-07-24 15:16:00,119.716,119.725,119.716,119.725,2
2018-07-24 15:17:00,119.716,119.732,119.716,119.724,29
2018-07-24 15:24:00,119.701,119.709,119.685,119.709,10
2018-07-24 15:31:00,119.701,119.716,119.701,119.708,14
2018-07-24 15:32:00,119.701,119.716,119.701,119.708,20
2018-07-24 15:33:00,119.701,119.716,119.701,119.708,31
2018-07-24 15:34:00,119.701,119.716,119.701,119.708,4
2018-07-24 15:35:00,119.701,119.716,119.701,119.704,23
2018-07-24 15:36:00,119.685,119.701,119.685,119.694,18
2018-07-24 15:37:00,119.685,119.701,119.685,119.692,6
2018-07-24 15:40:00,119.669,119.685,119.669,119.678,8
2018-07-24 15:44:00,119.669,119.669,119.654,119.662,17
2018-07-24 15:45:00,119.654,119.666,119.654,119.666,3
2018-07-24 15:46:00,119.669,119.669,119.661,119.661,2
2018-07-24 15:48:00,119.685,119.685,119.677,119.677,2
2018-07-24 15:49:00,119.669,119.678,119.669,119.678,2
2018-07-24 15:50:00,119.685,119.685,119.677,119.677,2
2018-07-24 15:54:00,119.685,119.685,119.669,119.678,5
2018-07-24 15:56:00,119.685,119.685,119.669,119.678,47
2018-07-24 15:59:00,119.669,119.678,119.669,119.678,3
2018-07-24 16:00:00,119.669,119.685,119.669,119.677,10
2018-07-24 16:06:00,119.685,119.685,119.669,119.674,20
2018-07-24 16:14:00,119.669,119.685,119.669,119.678,7
2018-07-24 16:15:00,119.669,119.685,119.669,119.676,9
2018-07-24 16:16:00,119.669,119.685,119.669,119.676,35
2018-07-24 16:17:00,119.669,119.685,119.669,119.676,5
2018-07-24 16:18:00,119.669,119.685,119.669,119.676,4
2018-07-24 16:19:00,119.685,119.685,119.669,119.676,18
2018-07-24 16:21:00,119.701,119.701,119.689,119.689,4
2018-07-24 16:23:00,119.685,119.701,119.685,119.693,22
2018-07-24 16:24:00,119.685,119.701,119.685,119.688,9
2018-07-24 16:27:00,119.685,119.685,119.669,119.682,6
2018-07-24 16:28:00,119.685,119.701,119.685,119.692,40
2018-07-24 16:29:00,119.685,119.701,119.685,119.692,14
2018-07-24 16:30:00,119.701,119.701,119.685,119.688,16
2018-07-24 16:32:00,119.685,119.701,119.685,119.693,6
2018-07-24 16:35:00,119.701,119.701,119.692,119.692,2
2018-07-24 16:40:00,119.716,119.716,119.704,119.704,4
2018-07-24 16:42:00,119.701,119.709,119.701,119.709,2
2018-07-24 16:45:00,119.716,119.716,119.708,119.708,2
2018-07-24 16:46:00,119.701,119.709,119.701,119.709,2
2018-07-24 16:54:00,119.701,119.716,119.701,119.708,4
2018-07-24 16:56:00,119.716,119.716,119.704,119.704,4
2018-07-24 16:58:00,119.732,119.732,119.716,119.723,17
2018-07-24 16:59:00,119.716,119.728,119.716,119.728,4
2018-07-24 17:01:00,119.701,119.716,119.701,119.712,11
2018-07-24 17:03:00,119.716,119.716,119.704,119.704,3
2018-07-24 17:05:00,119.701,119.709,119.701,119.709,3
2018-07-24 17:09:00,119.716,119.716,119.708,119.708,2
2018-07-24 17:16:00,119.732,119.732,119.716,119.723,15
2018-07-24 17:17:00,119.747,119.747,119.716,119.725,14
2018-07-24 17:30:00,119.763,119.763,119.755,119.755,2
2018-07-24 17:31:00,119.779,119.779,119.77,119.77,2
2018-07-24 17:34:00,119.763,119.779,119.763,119.772,12
2018-07-24 17:37:00,119.763,119.779,119.763,119.77,15
2018-07-24 17:39:00,119.763,119.779,119.763,119.77,42
2018-07-24 17:45:00,119.779,119.779,119.77,119.77,2
2018-07-24 17:46:00,119.779,119.779,119.763,119.774,6
2018-07-24 17:47:00,119.763,119.779,119.763,119.772,10
2018-07-24 17:52:00,119.779,119.779,119.77,119.77,2
2018-07-24 17:55:00,119.779,119.794,119.779,119.786,4
2018-07-24 18:00:00,119.779,119.794,119.779,119.786,6
2018-07-24 18:02:00,119.794,119.794,119.779,119.786,17
2018-07-24 18:03:00,119.794,119.794,119.779,119.787,23
2018-07-24 18:28:00,119.81,119.81,119.794,119.798,14
2018-07-24 18:31:00,119.794,119.81,119.794,119.806,19
2018-07-24 18:36:00,119.779,119.787,119.779,119.787,2
2018-07-24 18:42:00,119.779,119.779,119.763,119.775,30
2018-07-24 18:43:00,119.794,119.794,119.779,119.786,16
2018-07-24 18:47:00,119.779,119.787,119.779,119.787,18
2018-07-24 18:50:00,119.794,119.794,119.786,119.786,2
2018-07-24 18:59:00,119.778,119.81,119.778,119.801,6
2018-07-24 19:00:00,119.794,119.794,119.786,119.786,2
2018-07-24 19:02:00,119.794,119.794,119.778,119.79,5
2018-07-24 19:07:00,119.778,119.787,119.778,119.787,2
2018-07-24 19:17:00,119.794,119.794,119.778,119.786,24
2018-07-24 19:18:00,119.778,119.794,119.778,119.787,111
2018-07-24 19:30:00,119.794,119.794,119.786,119.786,2
2018-07-24 19:32:00,119.778,119.79,119.778,119.79,4
2018-07-24 19:33:00,119.794,119.794,119.785,119.785,2
2018-07-24 19:40:00,119.778,119.794,119.778,119.787,8
2018-07-24 19:45:00,119.794,119.794,119.785,119.785,3
2018-07-24 19:50:00,119.778,119.787,119.778,119.787,2
2018-07-24 19:55:00,119.763,119.771,119.763,119.771,2
2018-07-24 19:59:00,119.763,119.778,119.763,119.77,4
2018-07-24 20:13:00,119.778,119.778,119.77,119.77,2
2018-07-24 20:24:00,119.763,119.771,119.763,119.771,2
2018-07-24 20:32:00,119.778,119.778,119.77,119.77,2
2018-07-24 20:58:00,119.762,119.778,119.762,119.774,28
2018-07-24 20:59:00,119.762,119.762,119.762,119.762,1
2018-07-24 22:00:00,119.762,119.762,119.762,119.762,1
2018-07-24 22:01:00,119.794,119.794,119.762,119.766,41
2018-07-24 22:02:00,119.778,119.786,119.778,119.786,2
2018-07-24 22:03:00,119.778,119.778,119.762,119.771,10
2018-07-24 22:05:00,119.778,119.794,119.778,119.785,29
2018-07-24 22:09:00,119.762,119.771,119.762,119.771,2
2018-07-24 22:10:00,119.762,119.762,119.747,119.758,18
2018-07-24 22:11:00,119.77,119.778,119.762,119.769,6
2018-07-24 22:12:00,119.778,119.778,119.774,119.774,2
2018-07-24 22:13:00,119.762,119.778,119.762,119.771,8
2018-07-24 22:27:00,119.778,119.778,119.747,119.755,11
2018-07-24 22:28:00,119.762,119.771,119.762,119.771,2
2018-07-24 22:29:00,119.762,119.762,119.747,119.755,14
2018-07-24 22:30:00,119.778,119.778,119.762,119.769,22
2018-07-24 22:32:00,119.762,119.771,119.762,119.771,2
2018-07-24 22:33:00,119.747,119.755,119.747,119.755,2
2018-07-24 22:34:00,119.762,119.762,119.754,119.754,2
2018-07-24 22:35:00,119.762,119.778,119.762,119.766,13
2018-07-24 22:36:00,119.778,119.778,119.762,119.769,15
2018-07-24 22:37:00,119.778,119.778,119.762,119.774,5
2018-07-24 22:38:00,119.778,119.778,119.762,119.771,5
2018-07-24 22:39:00,119.762,119.778,119.762,119.771,8
2018-07-24 22:41:00,119.762,119.778,119.762,119.769,12
2018-07-24 22:43:00,119.762,119.778,119.762,119.769,6
2018-07-24 23:03:00,119.778,119.778,119.769,119.769,4
2018-07-24 23:08:00,119.778,119.778,119.762,119.771,4
2018-07-24 23:57:00,119.793,119.793,119.785,119.785,2
2018-07-25 00:00:00,119.809,119.809,119.797,119.797,4
2018-07-25 00:02:00,119.793,119.809,119.793,119.802,60
2018-07-25 00:03:00,119.793,119.809,119.793,119.8,10
2018-07-25 00:05:00,119.793,119.809,119.793,119.8,13
2018-07-25 00:06:00,119.809,119.809,119.798,119.798,4
2018-07-25 00:11:00,119.793,119.802,119.793,119.802,2
2018-07-25 00:12:00,119.793,119.809,119.793,119.8,8
2018-07-25 00:13:00,119.793,119.793,119.778,119.786,5
2018-07-25 00:15:00,119.793,119.793,119.778,119.786,80
2018-07-25 00:16:00,119.793,119.793,119.778,119.79,35
2018-07-25 00:18:00,119.778,119.793,119.778,119.786,14
2018-07-25 00:19:00,119.778,119.793,119.778,119.782,14
2018-07-25 00:20:00,119.793,119.793,119.785,119.785,3
2018-07-25 00:21:00,119.793,119.793,119.778,119.782,130
2018-07-25 00:23:00,119.793,119.793,119.778,119.786,4
2018-07-25 00:25:00,119.793,119.809,119.793,119.8,36
2018-07-25 00:28:00,119.809,119.809,119.793,119.797,10
2018-07-25 00:29:00,119.809,119.809,119.793,119.806,6
2018-07-25 00:33:00,119.809,119.809,119.793,119.806,8
2018-07-25 00:34:00,119.809,119.809,119.802,119.802,2
2018-07-25 00:38:00,119.809,119.825,119.809,119.816,39
2018-07-25 00:39:00,119.809,119.825,119.809,119.812,24
2018-07-25 00:40:00,119.825,119.825,119.809,119.816,32
2018-07-25 00:43:00,119.825,119.825,119.809,119.82,7
2018-07-25 00:44:00,119.825,119.825,119.809,119.82,14
2018-07-25 00:50:00,119.809,119.824,119.809,119.817,20
2018-07-25 00:53:00,119.809,119.824,119.809,119.816,18
2018-07-25 00:55:00,119.824,119.824,119.816,119.816,2
2018-07-25 00:57:00,119.809,119.817,119.809,119.817,2
2018-07-25 00:59:00,119.824,119.824,119.816,119.816,2
2018-07-25 01:19:00,119.809,119.817,119.809,119.817,2
2018-07-25 01:24:00,119.793,119.804,119.793,119.804,4
2018-07-25 01:26:00,119.809,119.809,119.8,119.8,2
2018-07-25 01:30:00,119.824,119.824,119.816,119.816,2
2018-07-25 01:33:00,119.84,119.84,119.832,119.832,2
2018-07-25 01:34:00,119.84,119.84,119.824,119.833,28
2018-07-25 01:35:00,119.84,119.84,119.824,119.836,50
2018-07-25 01:37:00,119.84,119.84,119.824,119.836,6
2018-07-25 01:54:00,119.84,119.84,119.824,119.836,13
2018-07-25 01:55:00,119.824,119.836,119.824,119.836,4
2018-07-25 01:57:00,119.84,119.84,119.828,119.828,4
2018-07-25 01:58:00,119.824,119.833,119.824,119.833,2
2018-07-25 01:59:00,119.824,119.824,119.809,119.821,5
2018-07-25 02:07:00,119.809,119.817,119.809,119.817,2
2018-07-25 02:09:00,119.824,119.824,119.812,119.812,4
2018-07-25 02:22:00,119.84,119.84,119.831,119.831,2
2018-07-25 02:23:00,119.824,119.836,119.824,119.836,4
2018-07-25 02:25:00,119.824,119.84,119.824,119.831,6
2018-07-25 02:27:00,119.824,119.84,119.824,119.831,14
2018-07-25 02:29:00,119.84,119.84,119.831,119.831,2
2018-07-25 02:30:00,119.84,119.84,119.824,119.833,25
2018-07-25 02:34:00,119.84,119.84,119.824,119.833,4
2018-07-25 02:35:00,119.84,119.84,119.824,119.833,6
2018-07-25 02:36:00,119.84,119.84,119.824,119.836,15
2018-07-25 02:59:00,119.855,119.855,119.844,119.844,4
2018-07-25 03:00:00,119.84,119.848,119.84,119.848,2
2018-07-25 03:08:00,119.855,119.855,119.851,119.851,2
2018-07-25 03:17:00,119.871,119.871,119.863,119.863,3
2018-07-25 03:18:00,119.887,119.887,119.855,119.864,55
2018-07-25 03:21:00,119.871,119.88,119.871,119.88,2
2018-07-25 03:26:00,119.887,119.887,119.874,119.874,4
2018-07-25 04:13:00,119.855,119.883,119.855,119.883,70
2018-07-25 04:14:00,119.871,119.871,119.862,119.862,2
2018-07-25 04:17:00,119.871,119.871,119.855,119.867,25
2018-07-25 04:18:00,119.871,119.871,119.855,119.864,16
2018-07-25 04:23:00,119.855,119.864,119.855,119.864,2
2018-07-25 04:31:00,119.855,119.871,119.855,119.862,5
2018-07-25 04:38:00,119.855,119.871,119.855,119.862,7
2018-07-25 04:39:00,119.855,119.871,119.855,119.858,12
2018-07-25 04:40:00,119.855,119.871,119.855,119.862,20
2018-07-25 04:41:00,119.855,119.871,119.855,119.862,6
2018-07-25 04:42:00,119.871,119.871,119.862,119.862,2
2018-07-25 04:58:00,119.855,119.867,119.855,119.867,4
2018-07-25 05:09:00,119.871,119.871,119.858,119.858,4
2018-07-25 05:20:00,119.886,119.886,119.878,119.878,3
2018-07-25 05:21:00,119.871,119.879,119.871,119.879,2
2018-07-25 05:31:00,119.855,119.864,119.855,119.864,7
2018-07-25 06:00:00,119.855,119.855,119.839,119.852,15
2018-07-25 06:01:00,119.839,119.852,119.839,119.852,8
2018-07-25 06:02:00,119.855,119.855,119.839,119.844,9
2018-07-25 06:08:00,119.839,119.848,119.839,119.848,3
2018-07-25 06:12:00,119.855,119.855,119.855,119.855,1
2018-07-25 06:17:00,119.855,119.871,119.855,119.859,12
2018-07-25 06:22:00,119.855,119.871,119.855,119.862,23
2018-07-25 06:23:00,119.855,119.87,119.855,119.862,4
2018-07-25 06:34:00,119.839,119.852,119.839,119.852,4
2018-07-25 06:36:00,119.839,119.855,119.839,119.846,6
2018-07-25 06:56:00,119.823,119.839,119.823,119.832,11
2018-07-25 06:57:00,119.823,119.839,119.823,119.827,5
2018-07-25 07:00:00,119.823,119.823,119.808,119.82,9
2018-07-25 07:01:00,119.839,119.839,119.831,119.831,3
2018-07-25 07:02:00,119.823,119.836,119.823,119.836,4
2018-07-25 07:03:00,119.839,119.839,119.831,119.831,2
2018-07-25 07:05:00,119.839,119.839,119.823,119.832,4
2018-07-25 07:08:00,119.855,119.855,119.839,119.846,8
2018-07-25 07:09:00,119.87,119.87,119.855,119.858,19
2018-07-25 07:14:00,119.855,119.863,119.855,119.863,2
2018-07-25 07:18:00,119.839,119.855,119.839,119.848,11
2018-07-25 07:19:00,119.855,119.855,119.846,119.846,3
2018-07-25 07:21:00,119.855,119.87,119.855,119.862,5
2018-07-25 07:26:00,119.855,119.87,119.855,119.858,11
2018-07-25 07:28:00,119.839,119.85,119.839,119.85,4
2018-07-25 07:36:00,119.855,119.855,119.839,119.846,13
2018-07-25 07:45:00,119.839,119.848,119.839,119.848,2
2018-07-25 07:49:00,119.823,119.832,119.823,119.832,3
2018-07-25 07:50:00,119.839,119.839,119.827,119.827,4
2018-07-25 07:51:00,119.839,119.839,119.823,119.832,4
2018-07-25 08:02:00,119.823,119.832,119.823,119.832,2
2018-07-25 08:03:00,119.808,119.816,119.808,119.816,2
2018-07-25 08:06:00,119.823,119.823,119.811,119.811,4
2018-07-25 08:10:00,119.823,119.823,119.808,119.816,5
2018-07-25 08:11:00,119.839,119.839,119.823,119.83,21
2018-07-25 08:12:00,119.823,119.839,119.823,119.836,10
2018-07-25 08:14:00,119.823,119.839,119.823,119.828,6
2018-07-25 08:16:00,119.839,119.839,119.83,119.83,2
2018-07-25 08:18:00,119.839,119.839,119.823,119.832,14
2018-07-25 08:21:00,119.823,119.832,119.823,119.832,2
2018-07-25 08:24:00,119.839,119.839,119.83,119.83,2
2018-07-25 08:25:00,119.823,119.839,119.823,119.832,16
2018-07-25 08:26:00,119.839,119.839,119.823,119.826,12
2018-07-25 08:27:00,119.839,119.839,119.823,119.832,4
2018-07-25 08:36:00,119.839,119.854,119.839,119.846,15
2018-07-25 08:37:00,119.839,119.854,119.839,119.846,33
2018-07-25 08:44:00,119.839,119.854,119.839,119.846,6
2018-07-25 08:45:00,119.854,119.854,119.843,119.843,4
2018-07-25 08:46:00,119.87,119.87,119.854,119.862,32
2018-07-25 08:47:00,119.854,119.87,119.854,119.866,13
2018-07-25 08:50:00,119.839,119.847,119.839,119.847,2
2018-07-25 08:51:00,119.854,119.854,119.839,119.854,5
2018-07-25 08:55:00,119.854,119.854,119.839,119.847,8
2018-07-25 08:58:00,119.839,119.847,119.839,119.847,2
2018-07-25 08:59:00,119.839,119.854,119.839,119.846,34
2018-07-25 09:00:00,119.854,119.854,119.839,119.843,8
2018-07-25 09:02:00,119.854,119.87,119.854,119.862,4
2018-07-25 09:03:00,119.87,119.87,119.854,119.862,16
2018-07-25 09:04:00,119.87,119.87,119.854,119.866,5
2018-07-25 09:05:00,119.854,119.863,119.854,119.863,10
2018-07-25 09:06:00,119.854,119.87,119.854,119.862,4
2018-07-25 09:07:00,119.87,119.87,119.862,119.862,2
2018-07-25 09:08:00,119.854,119.87,119.854,119.863,10
2018-07-25 09:09:00,119.854,119.87,119.854,119.862,10
2018-07-25 09:10:00,119.87,119.87,119.862,119.862,2
2018-07-25 09:13:00,119.854,119.866,119.854,119.866,3
2018-07-25 09:15:00,119.87,119.87,119.854,119.858,14
2018-07-25 09:19:00,119.87,119.886,119.87,119.877,26
2018-07-25 09:23:00,119.87,119.886,119.87,119.877,4
2018-07-25 09:24:00,119.886,119.886,119.877,119.877,2
2018-07-25 09:25:00,119.87,119.879,119.87,119.879,2
2018-07-25 09:32:00,119.854,119.87,119.854,119.863,31
2018-07-25 09:34:00,119.87,119.87,119.854,119.861,8
2018-07-25 09:40:00,119.886,119.886,119.87,119.877,6
2018-07-25 09:41:00,119.886,119.886,119.87,119.878,4
2018-07-25 09:45:00,119.886,119.886,119.87,119.878,8
2018-07-25 09:50:00,119.87,119.878,119.87,119.878,2
2018-07-25 09:54:00,119.854,119.87,119.854,119.866,24
2018-07-25 09:55:00,119.87,119.87,119.861,119.861,2
2018-07-25 09:56:00,119.854,119.87,119.854,119.863,10
2018-07-25 10:02:00,119.854,119.854,119.839,119.847,4
2018-07-25 10:03:00,119.854,119.854,119.839,119.847,4
2018-07-25 10:11:00,119.854,119.87,119.854,119.861,5
2018-07-25 10:15:00,119.854,119.854,119.839,119.85,6
2018-07-25 10:17:00,119.839,119.85,119.839,119.85,4
2018-07-25 10:23:00,119.823,119.839,119.823,119.831,7
2018-07-25 10:26:00,119.839,119.839,119.827,119.827,3
2018-07-25 10:29:00,119.823,119.831,119.823,119.831,4
2018-07-25 10:40:00,119.839,119.839,119.823,119.826,9
2018-07-25 10:45:00,119.823,119.831,119.823,119.831,3
2018-07-25 10:48:00,119.807,119.82,119.807,119.82,4
2018-07-25 10:55:00,119.807,119.807,119.791,119.8,24
2018-07-25 10:56:00,119.791,119.807,119.791,119.8,9
2018-07-25 10:58:00,119.807,119.807,119.799,119.799,2
2018-07-25 11:02:00,119.823,119.823,119.807,119.81,39
2018-07-25 11:03:00,119.838,119.838,119.823,119.83,16
2018-07-25 11:11:00,119.838,119.838,119.823,119.83,6
2018-07-25 11:12:00,119.823,119.831,119.823,119.831,2
2018-07-25 11:17:00,119.807,119.819,119.807,119.819,3
2018-07-25 11:19:00,119.823,119.823,119.807,119.814,20
2018-07-25 11:20:00,119.823,119.823,119.807,119.816,4
2018-07-25 11:22:00,119.807,119.816,119.807,119.816,2
2018-07-25 11:24:00,119.823,119.823,119.81,119.81,4
2018-07-25 11:26:00,119.823,119.823,119.807,119.816,4
2018-07-25 11:33:00,119.838,119.838,119.83,119.83,2
2018-07-25 11:35:00,119.823,119.831,119.823,119.831,2
2018-07-25 11:52:00,119.807,119.816,119.807,119.816,2
2018-07-25 11:54:00,119.791,119.8,119.791,119.8,3
2018-07-25 12:02:00,119.807,119.807,119.798,119.798,3
2018-07-25 12:05:00,119.791,119.807,119.791,119.8,26
2018-07-25 12:06:00,119.807,119.807,119.795,119.798,4
2018-07-25 12:07:00,119.823,119.823,119.811,119.811,2
2018-07-25 12:09:00,119.838,119.838,119.83,119.83,2
2018-07-25 12:11:00,119.838,119.854,119.838,119.845,10
2018-07-25 12:14:00,119.823,119.834,119.823,119.834,4
2018-07-25 12:17:00,119.823,119.823,119.807,119.819,22
2018-07-25 12:18:00,119.823,119.838,119.823,119.83,31
2018-07-25 12:19:00,119.823,119.823,119.807,119.815,4
2018-07-25 12:20:00,119.807,119.823,119.807,119.815,10
2018-07-25 12:21:00,119.823,119.823,119.814,119.814,2
2018-07-25 12:25:00,119.791,119.815,119.791,119.815,28
2018-07-25 12:26:00,119.791,119.791,119.776,119.784,17
2018-07-25 12:28:00,119.791,119.791,119.776,119.784,16
2018-07-25 12:31:00,119.791,119.807,119.791,119.798,21
2018-07-25 12:32:00,119.791,119.807,119.791,119.798,6
2018-07-25 12:33:00,119.823,119.823,119.795,119.795,5
2018-07-25 12:36:00,119.838,119.838,119.823,119.826,39
2018-07-25 12:38:00,119.838,119.838,119.823,119.831,7
2018-07-25 12:40:00,119.838,119.838,119.823,119.831,8
2018-07-25 12:43:00,119.838,119.854,119.838,119.845,31
2018-07-25 12:44:00,119.838,119.854,119.838,119.845,9
2018-07-25 12:50:00,119.823,119.831,119.823,119.831,2
2018-07-25 12:51:00,119.807,119.823,119.807,119.815,20
2018-07-25 12:52:00,119.807,119.807,119.807,119.807,1
2018-07-25 13:00:00,119.807,119.822,119.807,119.814,6
2018-07-25 13:08:00,119.791,119.807,119.791,119.8,45
2018-07-25 13:10:00,119.791,119.807,119.791,119.794,8
2018-07-25 13:11:00,119.791,119.807,119.791,119.795,12
2018-07-25 13:12:00,119.807,119.807,119.791,119.798,7
2018-07-25 13:13:00,119.822,119.822,119.807,119.814,6
2018-07-25 13:15:00,119.822,119.822,119.807,119.815,21
2018-07-25 13:22:00,119.838,119.854,119.83,119.83,13
2018-07-25 13:24:00,119.838,119.854,119.838,119.842,31
2018-07-25 13:31:00,119.822,119.838,119.822,119.831,24
2018-07-25 13:33:00,119.822,119.838,119.822,119.826,44
2018-07-25 13:36:00,119.822,119.838,119.822,119.826,9
2018-07-25 13:39:00,119.807,119.819,119.807,119.819,3
2018-07-25 13:40:00,119.807,119.822,119.807,119.818,4
2018-07-25 13:41:00,119.822,119.822,119.807,119.814,21
2018-07-25 13:42:00,119.807,119.815,119.807,119.815,2
2018-07-25 13:44:00,119.807,119.822,119.807,119.814,4
2018-07-25 13:45:00,119.807,119.807,119.791,119.8,36
2018-07-25 13:46:00,119.791,119.8,119.791,119.8,2
2018-07-25 13:47:00,119.791,119.807,119.791,119.795,9
2018-07-25 13:49:00,119.791,119.807,119.791,119.798,12
2018-07-25 13:52:00,119.807,119.807,119.798,119.798,2
2018-07-25 14:00:00,119.807,119.822,119.807,119.81,10
2018-07-25 14:12:00,119.822,119.822,119.814,119.814,2
2018-07-25 14:13:00,119.838,119.838,119.829,119.829,2
2018-07-25 14:19:00,119.838,119.838,119.822,119.834,6
2018-07-25 14:20:00,119.822,119.834,119.822,119.834,3
2018-07-25 14:21:00,119.822,119.838,119.822,119.829,10
2018-07-25 14:24:00,119.838,119.838,119.822,119.829,39
2018-07-25 14:25:00,119.822,119.834,119.822,119.834,4
2018-07-25 14:26:00,119.822,119.838,119.822,119.829,5
2018-07-25 14:28:00,119.822,119.838,119.822,119.826,5
2018-07-25 14:31:00,119.807,119.815,119.807,119.815,2
2018-07-25 14:32:00,119.791,119.799,119.791,119.799,2
2018-07-25 14:34:00,119.791,119.807,119.791,119.798,11
2018-07-25 14:35:00,119.807,119.807,119.791,119.798,41
2018-07-25 14:36:00,119.791,119.807,119.791,119.799,8
2018-07-25 14:38:00,119.775,119.791,119.775,119.784,37
2018-07-25 14:41:00,119.775,119.775,119.76,119.768,4
2018-07-25 14:42:00,119.822,119.885,119.782,119.782,158
2018-07-25 14:43:00,119.791,119.853,119.76,119.829,201
2018-07-25 14:44:00,119.791,119.807,119.775,119.784,122
2018-07-25 14:45:00,119.791,119.807,119.775,119.788,20
2018-07-25 14:46:00,119.791,119.807,119.791,119.798,23
2018-07-25 14:47:00,119.807,119.807,119.791,119.798,20
2018-07-25 14:48:00,119.822,119.822,119.807,119.81,32
2018-07-25 14:50:00,119.838,119.838,119.822,119.829,8
2018-07-25 14:51:00,119.838,119.838,119.822,119.831,8
2018-07-25 14:52:00,119.838,119.838,119.822,119.831,14
2018-07-25 14:53:00,119.853,119.853,119.845,119.845,3
2018-07-25 14:54:00,119.853,119.853,119.838,119.846,6
2018-07-25 14:55:00,119.853,119.869,119.853,119.861,27
2018-07-25 14:56:00,119.838,119.869,119.838,119.861,9
2018-07-25 14:57:00,119.838,119.853,119.838,119.842,78
2018-07-25 14:58:00,119.869,119.869,119.845,119.845,17
2018-07-25 14:59:00,119.853,119.869,119.853,119.866,16
2018-07-25 15:00:00,119.869,119.869,119.853,119.861,16
2018-07-25 15:01:00,119.853,119.885,119.853,119.873,68
2018-07-25 15:02:00,119.869,119.869,119.838,119.85,41
2018-07-25 15:03:00,119.885,119.885,119.853,119.865,17
2018-07-25 15:04:00,119.869,119.878,119.869,119.878,2
2018-07-25 15:05:00,119.885,119.885,119.869,119.872,50
2018-07-25 15:07:00,119.885,119.916,119.885,119.892,9
2018-07-25 15:09:00,119.885,119.885,119.869,119.878,34
2018-07-25 15:10:00,119.869,119.88,119.869,119.88,3
2018-07-25 15:11:00,119.869,119.869,119.853,119.866,9
2018-07-25 15:12:00,119.885,119.885,119.876,119.876,2
2018-07-25 15:13:00,119.885,119.885,119.869,119.878,34
2018-07-25 15:16:00,119.869,119.885,119.869,119.878,49
2018-07-25 15:18:00,119.853,119.862,119.853,119.862,3
2018-07-25 15:19:00,119.869,119.869,119.853,119.861,26
2018-07-25 15:20:00,119.869,119.869,119.853,119.866,18
2018-07-25 15:22:00,119.853,119.862,119.853,119.862,3
2018-07-25 15:24:00,119.885,119.9,119.861,119.861,15
2018-07-25 15:25:00,119.885,119.9,119.885,119.892,8
2018-07-25 15:28:00,119.869,119.878,119.869,119.878,2
2018-07-25 15:32:00,119.853,119.865,119.853,119.865,3
2018-07-25 15:33:00,119.869,119.869,119.86,119.86,2
2018-07-25 15:54:00,119.853,119.862,119.853,119.862,2
2018-07-25 15:55:00,119.869,119.869,119.86,119.86,2
2018-07-25 15:56:00,119.853,119.862,119.853,119.862,2
2018-07-25 16:03:00,119.822,119.846,119.822,119.846,28
2018-07-25 16:04:00,119.822,119.838,119.822,119.829,4
2018-07-25 16:05:00,119.822,119.822,119.806,119.815,5
2018-07-25 16:19:00,119.838,119.838,119.822,119.829,61
2018-07-25 16:20:00,119.838,119.838,119.822,119.83,27
2018-07-25 16:21:00,119.822,119.838,119.822,119.834,17
2018-07-25 16:28:00,119.838,119.838,119.829,119.829,2
2018-07-25 16:31:00,119.853,119.853,119.838,119.845,16
2018-07-25 16:39:00,119.853,119.853,119.838,119.846,31
2018-07-25 16:40:00,119.838,119.853,119.838,119.846,21
2018-07-25 16:46:00,119.853,119.853,119.845,119.845,2
2018-07-25 16:47:00,119.853,119.853,119.838,119.846,29
2018-07-25 16:48:00,119.853,119.853,119.838,119.846,27
2018-07-25 16:49:00,119.838,119.853,119.838,119.846,23
2018-07-25 16:50:00,119.838,119.853,119.838,119.841,10
2018-07-25 16:51:00,119.837,119.853,119.837,119.845,15
2018-07-25 16:52:00,119.853,119.853,119.845,119.845,2
2018-07-25 16:53:00,119.853,119.853,119.837,119.846,9
2018-07-25 16:54:00,119.853,119.853,119.837,119.849,26
2018-07-25 16:59:00,119.853,119.853,119.837,119.849,34
2018-07-25 17:00:00,119.837,119.846,119.837,119.846,2
2018-07-25 17:02:00,119.869,119.9,119.842,119.842,135
2018-07-25 17:03:00,119.869,119.884,119.869,119.876,14
2018-07-25 17:04:00,119.884,119.884,119.876,119.876,2
2018-07-25 17:08:00,119.9,119.9,119.888,119.888,4
2018-07-25 17:10:00,119.884,119.9,119.884,119.896,38
2018-07-25 17:11:00,119.9,119.9,119.884,119.888,8
2018-07-25 17:12:00,119.884,119.893,119.884,119.893,2
2018-07-25 17:14:00,119.884,119.9,119.884,119.892,5
2018-07-25 17:15:00,119.884,119.9,119.884,119.888,23
2018-07-25 17:19:00,119.9,119.9,119.888,119.888,3
2018-07-25 17:21:00,119.884,119.9,119.884,119.893,6
2018-07-25 17:22:00,119.9,119.9,119.891,119.891,3
2018-07-25 17:23:00,119.9,119.9,119.884,119.896,7
2018-07-25 17:25:00,119.884,119.893,119.884,119.893,2
2018-07-25 17:26:00,119.869,119.88,119.869,119.88,4
2018-07-25 17:27:00,119.853,119.869,119.853,119.857,13
2018-07-25 17:29:00,119.869,119.869,119.86,119.86,2
2018-07-25 17:31:00,119.869,119.884,119.869,119.872,6
2018-07-25 17:34:00,119.884,119.884,119.876,119.876,2
2018-07-25 17:35:00,119.869,119.884,119.869,119.877,8
2018-07-25 17:36:00,119.884,119.884,119.869,119.876,6
2018-07-25 17:37:00,119.884,119.884,119.869,119.877,12
2018-07-25 17:38:00,119.869,119.877,119.869,119.877,2
2018-07-25 17:40:00,119.853,119.862,119.853,119.862,2
2018-07-25 17:42:00,119.869,119.869,119.853,119.86,56
2018-07-25 17:43:00,119.853,119.862,119.853,119.862,2
2018-07-25 17:44:00,119.869,119.869,119.853,119.86,8
2018-07-25 17:53:00,119.853,119.869,119.853,119.865,8
2018-07-25 17:54:00,119.869,119.869,119.857,119.857,4
2018-07-25 17:55:00,119.853,119.864,119.853,119.864,4
2018-07-25 18:05:00,119.853,119.869,119.853,119.86,38
2018-07-25 18:07:00,119.837,119.846,119.837,119.846,2
2018-07-25 18:09:00,119.822,119.837,119.822,119.83,9
2018-07-25 18:11:00,119.822,119.837,119.822,119.829,8
2018-07-25 18:12:00,119.822,119.837,119.822,119.829,8
2018-07-25 18:13:00,119.837,119.837,119.822,119.829,5
2018-07-25 18:14:00,119.822,119.834,119.822,119.834,3
2018-07-25 18:15:00,119.806,119.822,119.806,119.814,10
2018-07-25 18:18:00,119.822,119.822,119.813,119.813,2
2018-07-25 18:23:00,119.837,119.837,119.829,119.829,2
2018-07-25 18:28:00,119.822,119.83,119.822,119.83,2
2018-07-25 18:32:00,119.837,119.837,119.829,119.829,2
2018-07-25 18:40:00,119.853,119.853,119.837,119.844,15
2018-07-25 18:41:00,119.837,119.846,119.837,119.846,2
2018-07-25 18:46:00,119.853,119.853,119.844,119.844,2
2018-07-25 18:49:00,119.837,119.846,119.837,119.846,2
2018-07-25 18:50:00,119.853,119.853,119.837,119.844,6
2018-07-25 18:56:00,119.884,119.884,119.86,119.86,3
2018-07-25 18:57:00,119.884,119.884,119.868,119.877,49
2018-07-25 18:59:00,119.884,119.884,119.868,119.877,108
2018-07-25 19:00:00,119.868,119.884,119.868,119.877,6
2018-07-25 19:01:00,119.853,119.861,119.853,119.861,2
2018-07-25 19:02:00,119.868,119.868,119.853,119.86,10
2018-07-25 19:03:00,119.853,119.861,119.853,119.861,2
2018-07-25 19:10:00,119.837,119.849,119.837,119.849,3
2018-07-25 19:13:00,119.853,119.853,119.841,119.841,4
2018-07-25 19:27:00,119.868,119.868,119.86,119.86,3
2018-07-25 19:30:00,119.868,119.868,119.853,119.861,6
2018-07-25 19:31:00,119.853,119.864,119.853,119.864,4
2018-07-25 19:32:00,119.837,119.853,119.837,119.846,21
2018-07-25 19:34:00,119.853,119.853,119.844,119.844,2
2018-07-25 19:36:00,119.79,119.846,119.759,119.846,127
2018-07-25 19:37:00,119.806,119.821,119.79,119.797,137
2018-07-25 19:38:00,119.774,119.806,119.774,119.799,65
2018-07-25 19:39:00,119.759,119.774,119.743,119.767,30
2018-07-25 19:40:00,119.727,119.759,119.727,119.756,39
2018-07-25 19:41:00,119.727,119.727,119.712,119.724,10
2018-07-25 19:42:00,119.743,119.759,119.731,119.731,9
2018-07-25 19:43:00,119.712,119.743,119.696,119.736,26
2018-07-25 19:44:00,119.696,119.712,119.696,119.708,22
2018-07-25 19:45:00,119.712,119.712,119.703,119.703,2
2018-07-25 19:46:00,119.696,119.712,119.696,119.708,20
2018-07-25 19:47:00,119.649,119.696,119.649,119.689,18
2018-07-25 19:48:00,119.634,119.649,119.634,119.646,82
2018-07-25 19:49:00,119.618,119.649,119.618,119.641,44
2018-07-25 19:50:00,119.633,119.633,119.587,119.611,34
2018-07-25 19:51:00,119.633,119.649,119.618,119.626,12
2018-07-25 19:52:00,119.649,119.665,119.633,119.641,43
2018-07-25 19:53:00,119.618,119.642,119.618,119.642,10
2018-07-25 19:55:00,119.633,119.633,119.618,119.625,4
2018-07-25 19:56:00,119.665,119.665,119.618,119.626,32
2018-07-25 19:57:00,119.649,119.665,119.649,119.661,92
2018-07-25 19:58:00,119.665,119.665,119.653,119.653,3
2018-07-25 19:59:00,119.665,119.665,119.649,119.658,48
2018-07-25 20:00:00,119.633,119.658,119.633,119.658,7
2018-07-25 20:01:00,119.618,119.618,119.618,119.618,1
2018-07-25 20:04:00,119.602,119.611,119.602,119.611,2
2018-07-25 20:05:00,119.633,119.633,119.602,119.606,24
2018-07-25 20:06:00,119.633,119.649,119.633,119.641,42
2018-07-25 20:07:00,119.649,119.649,119.641,119.641,2
2018-07-25 20:08:00,119.68,119.696,119.649,119.656,28
2018-07-25 20:09:00,119.696,119.712,119.688,119.688,28
2018-07-25 20:11:00,119.696,119.696,119.689,119.692,6
2018-07-25 20:13:00,119.696,119.712,119.696,119.708,5
2018-07-25 20:14:00,119.665,119.692,119.665,119.692,7
2018-07-25 20:15:00,119.649,119.665,119.649,119.658,44
2018-07-25 20:16:00,119.68,119.68,119.652,119.652,8
2018-07-25 20:19:00,119.665,119.673,119.665,119.673,2
2018-07-25 20:20:00,119.649,119.66,119.649,119.66,3
2018-07-25 20:21:00,119.633,119.642,119.633,119.642,2
2018-07-25 20:22:00,119.618,119.63,119.602,119.63,23
2018-07-25 20:23:00,119.618,119.618,119.602,119.614,5
2018-07-25 20:24:00,119.602,119.618,119.602,119.611,37
2018-07-25 20:25:00,119.618,119.618,119.609,119.609,2
2018-07-25 20:26:00,119.633,119.633,119.625,119.625,2
2018-07-25 20:27:00,119.633,119.649,119.633,119.641,15
2018-07-25 20:28:00,119.618,119.618,119.602,119.618,8
2018-07-25 20:29:00,119.602,119.611,119.602,119.611,2
2018-07-25 20:30:00,119.602,119.602,119.586,119.595,66
2018-07-25 20:32:00,119.602,119.602,119.586,119.586,19
2018-07-25 20:36:00,119.602,119.602,119.586,119.595,4
2018-07-25 20:37:00,119.586,119.602,119.586,119.598,16
2018-07-25 20:38:00,119.571,119.579,119.571,119.579,2
2018-07-25 20:39:00,119.586,119.586,119.578,119.578,2
2018-07-25 20:40:00,119.571,119.579,119.571,119.579,2
2018-07-25 20:42:00,119.586,119.586,119.578,119.578,2
2018-07-25 20:45:00,119.571,119.579,119.571,119.579,2
2018-07-25 20:47:00,119.586,119.586,119.574,119.574,4
2018-07-25 20:53:00,119.571,119.586,119.571,119.579,29
2018-07-25 20:54:00,119.555,119.571,119.555,119.564,29
2018-07-25 20:57:00,119.555,119.571,119.555,119.562,14
2018-07-25 20:59:00,119.555,119.555,119.555,119.555,1
2018-07-25 22:00:00,119.602,119.617,119.586,119.602,32
2018-07-25 22:02:00,119.633,119.633,119.602,119.609,11
2018-07-25 22:03:00,119.617,119.63,119.617,119.63,4
2018-07-25 22:04:00,119.602,119.61,119.602,119.61,2
2018-07-25 22:05:00,119.633,119.633,119.602,119.606,20
2018-07-25 22:09:00,119.617,119.633,119.617,119.626,51
2018-07-25 22:11:00,119.617,119.617,119.602,119.61,9
2018-07-25 22:15:00,119.602,119.617,119.602,119.61,39
2018-07-25 22:16:00,119.617,119.617,119.602,119.609,16
2018-07-25 22:17:00,119.61,119.617,119.602,119.61,6
2018-07-25 22:18:00,119.602,119.61,119.602,119.606,6
2018-07-25 22:26:00,119.602,119.602,119.586,119.598,15
2018-07-25 22:28:00,119.586,119.598,119.586,119.598,3
2018-07-25 22:29:00,119.602,119.602,119.586,119.593,11
2018-07-25 22:30:00,119.586,119.602,119.586,119.595,22
2018-07-25 22:31:00,119.586,119.602,119.586,119.593,6
2018-07-25 22:39:00,119.602,119.602,119.586,119.602,9
2018-07-25 22:41:00,119.586,119.602,119.586,119.598,19
2018-07-25 22:45:00,119.57,119.582,119.57,119.582,2
2018-07-25 22:48:00,119.555,119.57,119.555,119.563,12
2018-07-25 22:58:00,119.57,119.57,119.558,119.558,4
2018-07-25 22:59:00,119.57,119.57,119.555,119.563,25
2018-07-25 23:04:00,119.57,119.586,119.57,119.578,20
2018-07-25 23:07:00,119.586,119.586,119.578,119.578,5
2018-07-25 23:08:00,119.57,119.579,119.57,119.579,2
2018-07-25 23:09:00,119.586,119.586,119.57,119.577,21
2018-07-25 23:11:00,119.586,119.602,119.586,119.59,33
2018-07-25 23:15:00,119.586,119.602,119.586,119.59,19
2018-07-25 23:17:00,119.586,119.586,119.57,119.579,30
2018-07-25 23:18:00,119.57,119.579,119.57,119.579,2
2018-07-25 23:31:00,119.586,119.586,119.574,119.574,4
2018-07-25 23:43:00,119.57,119.57,119.57,119.57,1
2018-07-25 23:45:00,119.57,119.57,119.555,119.563,54
2018-07-25 23:49:00,119.586,119.586,119.577,119.577,2
2018-07-25 23:51:00,119.586,119.586,119.57,119.579,4
2018-07-25 23:55:00,119.57,119.579,119.57,119.579,3
2018-07-25 23:59:00,119.57,119.57,119.555,119.566,53
2018-07-26 00:00:00,119.555,119.57,119.555,119.566,9
2018-07-26 00:02:00,119.57,119.57,119.555,119.562,11
2018-07-26 00:24:00,119.586,119.586,119.577,119.577,2
2018-07-26 00:34:00,119.586,119.601,119.586,119.593,7
2018-07-26 00:35:00,119.601,119.601,119.593,119.593,2
2018-07-26 00:36:00,119.601,119.601,119.586,119.594,7
2018-07-26 00:54:00,119.601,119.617,119.601,119.609,10
2018-07-26 00:55:00,119.617,119.617,119.601,119.608,7
2018-07-26 00:58:00,119.633,119.633,119.617,119.633,5
2018-07-26 01:08:00,119.617,119.628,119.617,119.628,3
2018-07-26 01:10:00,119.601,119.614,119.601,119.614,4
2018-07-26 01:11:00,119.601,119.601,119.586,119.594,20
2018-07-26 01:45:00,119.617,119.617,119.608,119.608,2
2018-07-26 01:59:00,119.601,119.61,119.601,119.61,2
2018-07-26 02:40:00,119.617,119.617,119.604,119.604,4
2018-07-26 02:42:00,119.632,119.632,119.624,119.624,2
2018-07-26 02:52:00,119.632,119.648,119.632,119.64,16
2018-07-26 03:15:00,119.648,119.648,119.639,119.639,2
2018-07-26 03:28:00,119.648,119.648,119.632,119.632,3
2018-07-26 03:34:00,119.632,119.644,119.632,119.644,3
2018-07-26 04:14:00,119.632,119.632,119.632,119.632,1
2018-07-26 04:20:00,119.616,119.625,119.616,119.625,2
2018-07-26 04:34:00,119.632,119.632,119.62,119.62,4
2018-07-26 04:36:00,119.632,119.632,119.616,119.625,4
2018-07-26 04:38:00,119.616,119.625,119.616,119.625,2
2018-07-26 04:40:00,119.616,119.632,119.616,119.624,17
2018-07-26 04:47:00,119.601,119.612,119.601,119.612,3
2018-07-26 05:03:00,119.616,119.616,119.608,119.608,2
2018-07-26 05:07:00,119.616,119.616,119.616,119.616,1
2018-07-26 05:38:00,119.601,119.613,119.601,119.613,3
2018-07-26 05:41:00,119.601,119.616,119.601,119.608,13
2018-07-26 05:42:00,119.616,119.616,119.601,119.604,9
2018-07-26 05:44:00,119.616,119.616,119.601,119.609,5
2018-07-26 05:46:00,119.616,119.616,119.601,119.601,9
2018-07-26 05:49:00,119.601,119.609,119.585,119.609,27
2018-07-26 05:53:00,119.616,119.616,119.601,119.608,6
2018-07-26 05:56:00,119.632,119.632,119.62,119.62,4
2018-07-26 05:57:00,119.632,119.648,119.632,119.639,28
2018-07-26 05:59:00,119.648,119.648,119.636,119.636,3
2018-07-26 06:02:00,119.632,119.64,119.632,119.64,2
2018-07-26 06:03:00,119.632,119.647,119.632,119.639,7
2018-07-26 06:04:00,119.632,119.647,119.632,119.639,8
2018-07-26 06:05:00,119.647,119.647,119.636,119.636,3
2018-07-26 06:07:00,119.647,119.647,119.632,119.64,5
2018-07-26 06:09:00,119.647,119.647,119.632,119.64,4
2018-07-26 06:15:00,119.632,119.64,119.632,119.64,2
2018-07-26 06:16:00,119.632,119.647,119.632,119.639,4
2018-07-26 06:18:00,119.632,119.647,119.632,119.636,10
2018-07-26 06:19:00,119.647,119.647,119.632,119.639,12
2018-07-26 06:20:00,119.647,119.647,119.632,119.64,8
2018-07-26 06:21:00,119.632,119.636,119.632,119.636,2
2018-07-26 06:22:00,119.632,119.647,119.632,119.639,13
2018-07-26 06:23:00,119.647,119.647,119.632,119.639,6
2018-07-26 06:24:00,119.632,119.64,119.632,119.64,2
2018-07-26 06:29:00,119.647,119.647,119.632,119.636,10
2018-07-26 06:31:00,119.663,119.663,119.647,119.655,12
2018-07-26 06:42:00,119.663,119.679,119.663,119.67,9
2018-07-26 06:45:00,119.663,119.679,119.663,119.667,15
2018-07-26 06:47:00,119.663,119.663,119.647,119.656,4
2018-07-26 06:48:00,119.647,119.663,119.647,119.66,36
2018-07-26 06:49:00,119.663,119.663,119.647,119.654,8
2018-07-26 06:54:00,119.663,119.663,119.647,119.656,5
2018-07-26 06:56:00,119.679,119.679,119.663,119.67,4
2018-07-26 06:57:00,119.663,119.679,119.663,119.672,19
2018-07-26 06:58:00,119.679,119.679,119.67,119.67,2
2018-07-26 07:02:00,119.663,119.674,119.663,119.674,4
2018-07-26 07:03:00,119.647,119.663,119.647,119.656,16
2018-07-26 07:05:00,119.647,119.647,119.632,119.64,50
2018-07-26 07:06:00,119.647,119.647,119.632,119.636,4
2018-07-26 07:09:00,119.647,119.663,119.647,119.654,14
2018-07-26 07:10:00,119.663,119.663,119.647,119.652,27
2018-07-26 07:12:00,119.663,119.679,119.663,119.67,5
2018-07-26 07:14:00,119.679,119.679,119.663,119.667,16
2018-07-26 07:16:00,119.663,119.679,119.663,119.671,17
2018-07-26 07:22:00,119.647,119.663,119.647,119.656,8
2018-07-26 07:24:00,119.663,119.663,119.647,119.654,10
2018-07-26 07:25:00,119.663,119.663,119.647,119.66,21
2018-07-26 07:27:00,119.663,119.663,119.647,119.647,34
2018-07-26 07:29:00,119.663,119.679,119.663,119.666,6
2018-07-26 07:30:00,119.679,119.679,119.663,119.67,7
2018-07-26 07:36:00,119.663,119.671,119.663,119.671,2
2018-07-26 07:41:00,119.663,119.679,119.663,119.67,4
2018-07-26 07:46:00,119.679,119.679,119.67,119.67,2
2018-07-26 07:48:00,119.663,119.679,119.663,119.675,22
2018-07-26 07:49:00,119.679,119.679,119.663,119.666,10
2018-07-26 07:50:00,119.663,119.674,119.663,119.674,4
2018-07-26 07:52:00,119.663,119.679,119.663,119.67,8
2018-07-26 07:54:00,119.647,119.66,119.647,119.66,3
2018-07-26 07:55:00,119.647,119.663,119.647,119.65,6
2018-07-26 07:58:00,119.632,119.64,119.632,119.64,3
2018-07-26 08:00:00,119.647,119.647,119.639,119.639,2
2018-07-26 08:04:00,119.663,119.663,119.65,119.65,4
2018-07-26 08:07:00,119.647,119.663,119.647,119.659,8
2018-07-26 08:09:00,119.647,119.654,119.647,119.654,3
2018-07-26 08:19:00,119.663,119.663,119.654,119.654,2
2018-07-26 08:24:00,119.647,119.659,119.647,119.659,3
2018-07-26 08:28:00,119.663,119.663,119.647,119.65,35
2018-07-26 08:29:00,119.663,119.663,119.647,119.656,19
2018-07-26 08:32:00,119.647,119.663,119.647,119.656,7
2018-07-26 08:38:00,119.631,119.647,119.631,119.644,18
2018-07-26 08:39:00,119.631,119.647,119.631,119.635,16
2018-07-26 09:06:00,119.647,119.647,119.638,119.638,2
2018-07-26 09:08:00,119.631,119.647,119.631,119.64,21
2018-07-26 09:09:00,119.631,119.647,119.631,119.638,5
2018-07-26 09:15:00,119.647,119.647,119.638,119.638,2
2018-07-26 09:18:00,119.647,119.647,119.631,119.643,10
2018-07-26 09:29:00,119.663,119.663,119.647,119.654,8
2018-07-26 09:30:00,119.647,119.655,119.647,119.655,2
2018-07-26 09:32:00,119.647,119.663,119.647,119.654,5
2018-07-26 09:40:00,119.631,119.64,119.631,119.64,3
2018-07-26 09:45:00,119.616,119.628,119.616,119.628,4
2018-07-26 09:51:00,119.6,119.616,119.6,119.608,22
2018-07-26 09:52:00,119.616,119.616,119.607,119.607,2
2018-07-26 09:54:00,119.631,119.631,119.62,119.62,4
2018-07-26 09:57:00,119.647,119.647,119.634,119.634,3
2018-07-26 10:01:00,119.647,119.662,119.647,119.654,7
2018-07-26 10:02:00,119.647,119.662,119.647,119.654,14
2018-07-26 10:03:00,119.647,119.662,119.647,119.654,7
2018-07-26 10:04:00,119.662,119.662,119.647,119.651,7
2018-07-26 10:06:00,119.678,119.678,119.67,119.67,3
2018-07-26 10:08:00,119.662,119.674,119.662,119.674,4
2018-07-26 10:11:00,119.662,119.678,119.662,119.666,13
2018-07-26 10:17:00,119.662,119.662,119.655,119.655,4
2018-07-26 10:18:00,119.662,119.662,119.647,119.655,17
2018-07-26 10:25:00,119.647,119.662,119.647,119.655,6
2018-07-26 10:37:00,119.631,119.642,119.631,119.642,4
2018-07-26 10:42:00,119.647,119.647,119.638,119.638,2
2018-07-26 10:43:00,119.631,119.64,119.631,119.64,2
2018-07-26 10:54:00,119.647,119.647,119.638,119.638,2
2018-07-26 10:55:00,119.631,119.647,119.631,119.64,10
2018-07-26 10:58:00,119.631,119.631,119.615,119.624,6
2018-07-26 11:02:00,119.647,119.647,119.634,119.634,4
2018-07-26 11:04:00,119.662,119.662,119.654,119.654,2
2018-07-26 11:06:00,119.647,119.658,119.647,119.658,4
2018-07-26 11:10:00,119.647,119.647,119.631,119.642,6
2018-07-26 11:11:00,119.631,119.647,119.631,119.642,4
2018-07-26 11:16:00,119.631,119.647,119.631,119.634,7
2018-07-26 11:17:00,119.631,119.647,119.631,119.638,9
2018-07-26 11:18:00,119.647,119.647,119.631,119.638,26
2018-07-26 11:27:00,119.662,119.662,119.654,119.654,2
2018-07-26 11:30:00,119.662,119.662,119.647,119.655,10
2018-07-26 11:31:00,119.647,119.662,119.647,119.655,11
2018-07-26 11:42:00,119.647,119.662,119.647,119.654,9
2018-07-26 11:44:00,119.647,119.662,119.647,119.654,28
2018-07-26 11:45:00,119.647,119.662,119.647,119.654,5
2018-07-26 11:48:00,119.662,119.662,119.647,119.65,16
2018-07-26 11:49:00,119.647,119.658,119.647,119.658,3
2018-07-26 11:53:00,119.662,119.662,119.647,119.654,6
2018-07-26 11:54:00,119.662,119.662,119.647,119.655,4
2018-07-26 11:56:00,119.662,119.662,119.647,119.658,19
2018-07-26 12:03:00,119.662,119.678,119.662,119.666,7
2018-07-26 12:04:00,119.678,119.678,119.669,119.669,3
2018-07-26 12:05:00,119.662,119.671,119.662,119.671,2
2018-07-26 12:06:00,119.647,119.655,119.647,119.655,2
2018-07-26 12:08:00,119.662,119.662,119.646,119.654,14
2018-07-26 12:09:00,119.646,119.662,119.646,119.655,16
2018-07-26 12:13:00,119.615,119.646,119.615,119.639,9
2018-07-26 12:14:00,119.631,119.631,119.615,119.619,16
2018-07-26 12:15:00,119.631,119.631,119.615,119.624,13
2018-07-26 12:17:00,119.615,119.624,119.599,119.624,6
2018-07-26 12:19:00,119.615,119.631,119.615,119.622,4
2018-07-26 12:20:00,119.631,119.631,119.618,119.618,3
2018-07-26 12:22:00,119.646,119.662,119.631,119.638,21
2018-07-26 12:25:00,119.662,119.662,119.646,119.654,40
2018-07-26 12:26:00,119.646,119.662,119.646,119.655,68
2018-07-26 12:29:00,119.662,119.662,119.654,119.654,2
2018-07-26 12:30:00,119.662,119.678,119.646,119.669,99
2018-07-26 12:31:00,119.615,119.662,119.615,119.655,48
2018-07-26 12:32:00,119.631,119.631,119.599,119.618,49
2018-07-26 12:33:00,119.631,119.631,119.615,119.624,11
2018-07-26 12:34:00,119.631,119.631,119.615,119.624,10
2018-07-26 12:35:00,119.631,119.646,119.615,119.624,18
2018-07-26 12:36:00,119.599,119.631,119.599,119.624,39
2018-07-26 12:37:00,119.615,119.615,119.599,119.604,17
2018-07-26 12:38:00,119.615,119.615,119.599,119.608,5
2018-07-26 12:39:00,119.615,119.631,119.599,119.608,16
2018-07-26 12:40:00,119.615,119.615,119.599,119.608,5
2018-07-26 12:41:00,119.615,119.631,119.615,119.619,6
2018-07-26 12:42:00,119.615,119.631,119.615,119.618,61
2018-07-26 12:43:00,119.615,119.631,119.615,119.622,4
2018-07-26 12:44:00,119.646,119.646,119.615,119.619,10
2018-07-26 12:45:00,119.631,119.646,119.615,119.643,18
2018-07-26 12:46:00,119.615,119.627,119.615,119.627,3
2018-07-26 12:47:00,119.631,119.631,119.615,119.622,6
2018-07-26 12:48:00,119.646,119.646,119.638,119.638,2
2018-07-26 12:49:00,119.631,119.646,119.631,119.639,33
2018-07-26 12:50:00,119.631,119.646,119.631,119.638,32
2018-07-26 12:51:00,119.646,119.646,119.631,119.638,6
2018-07-26 12:53:00,119.662,119.662,119.646,119.653,29
2018-07-26 12:54:00,119.678,119.678,119.662,119.669,41
2018-07-26 12:55:00,119.693,119.693,119.662,119.674,23
2018-07-26 12:56:00,119.693,119.693,119.678,119.686,30
2018-07-26 12:57:00,119.678,119.693,119.678,119.69,19
2018-07-26 12:58:00,119.693,119.693,119.662,119.671,15
2018-07-26 12:59:00,119.693,119.725,119.693,119.7,10
2018-07-26 13:00:00,119.709,119.709,119.693,119.7,11
2018-07-26 13:02:00,119.693,119.705,119.678,119.705,15
2018-07-26 13:03:00,119.693,119.693,119.678,119.686,29
2018-07-26 13:07:00,119.678,119.686,119.678,119.686,2
2018-07-26 13:08:00,119.678,119.678,119.662,119.674,17
2018-07-26 13:09:00,119.678,119.678,119.662,119.674,41
2018-07-26 13:14:00,119.693,119.693,119.685,119.685,2
2018-07-26 13:15:00,119.725,119.725,119.7,119.7,6
2018-07-26 13:18:00,119.725,119.74,119.725,119.732,4
2018-07-26 13:20:00,119.74,119.74,119.732,119.732,3
2018-07-26 13:21:00,119.725,119.74,119.725,119.733,67
2018-07-26 13:22:00,119.725,119.74,119.725,119.732,18
2018-07-26 13:23:00,119.709,119.725,119.709,119.717,24
2018-07-26 13:24:00,119.725,119.725,119.709,119.716,7
2018-07-26 13:25:00,119.725,119.725,119.709,119.721,18
2018-07-26 13:26:00,119.725,119.725,119.709,119.717,33
2018-07-26 13:27:00,119.709,119.725,119.709,119.717,14
2018-07-26 13:28:00,119.709,119.709,119.693,119.705,13
2018-07-26 13:29:00,119.725,119.725,119.709,119.716,43
2018-07-26 13:30:00,119.709,119.717,119.709,119.717,2
2018-07-26 13:31:00,119.693,119.702,119.693,119.702,2
2018-07-26 13:32:00,119.709,119.709,119.7,119.7,2
2018-07-26 13:33:00,119.693,119.709,119.693,119.702,8
2018-07-26 13:34:00,119.678,119.693,119.678,119.686,17
2018-07-26 13:35:00,119.678,119.693,119.678,119.682,5
2018-07-26 13:36:00,119.662,119.678,119.662,119.67,15
2018-07-26 13:38:00,119.678,119.678,119.662,119.669,13
2018-07-26 13:39:00,119.662,119.678,119.662,119.674,8
2018-07-26 13:42:00,119.662,119.678,119.662,119.669,5
2018-07-26 13:43:00,119.724,119.74,119.662,119.669,57
2018-07-26 13:44:00,119.678,119.724,119.662,119.717,184
2018-07-26 13:45:00,119.693,119.693,119.685,119.685,2
2018-07-26 13:46:00,119.709,119.709,119.693,119.7,8
2018-07-26 13:47:00,119.693,119.709,119.693,119.706,18
2018-07-26 13:48:00,119.709,119.709,119.7,119.7,3
2018-07-26 13:49:00,119.709,119.724,119.709,119.716,14
2018-07-26 13:50:00,119.724,119.724,119.716,119.716,2
2018-07-26 13:51:00,119.74,119.74,119.724,119.732,40
2018-07-26 13:52:00,119.756,119.756,119.747,119.747,2
2018-07-26 13:53:00,119.724,119.756,119.724,119.749,53
2018-07-26 13:54:00,119.724,119.74,119.724,119.732,22
2018-07-26 13:56:00,119.74,119.74,119.724,119.728,9
2018-07-26 13:57:00,119.74,119.74,119.724,119.733,13
2018-07-26 13:58:00,119.724,119.733,119.724,119.733,2
2018-07-26 14:00:00,119.724,119.724,119.709,119.717,11
2018-07-26 14:02:00,119.74,119.756,119.728,119.728,8
2018-07-26 14:03:00,119.74,119.756,119.74,119.747,13
2018-07-26 14:04:00,119.74,119.74,119.724,119.733,25
2018-07-26 14:05:00,119.724,119.74,119.724,119.736,12
2018-07-26 14:06:00,119.74,119.74,119.732,119.732,2
2018-07-26 14:07:00,119.756,119.756,119.74,119.747,29
2018-07-26 14:08:00,119.756,119.756,119.74,119.749,21
2018-07-26 14:09:00,119.74,119.756,119.74,119.749,22
2018-07-26 14:10:00,119.724,119.736,119.724,119.736,3
2018-07-26 14:18:00,119.724,119.724,119.709,119.72,39
2018-07-26 14:22:00,119.724,119.74,119.724,119.732,7
2018-07-26 14:23:00,119.74,119.74,119.732,119.732,2
2018-07-26 14:24:00,119.756,119.756,119.744,119.744,3
2018-07-26 14:28:00,119.74,119.752,119.74,119.752,4
2018-07-26 14:29:00,119.74,119.74,119.724,119.736,6
2018-07-26 14:30:00,119.756,119.756,119.74,119.744,47
2018-07-26 14:31:00,119.771,119.771,119.756,119.763,14
2018-07-26 14:32:00,119.771,119.787,119.756,119.776,49
2018-07-26 14:33:00,119.756,119.771,119.756,119.768,30
2018-07-26 14:35:00,119.771,119.771,119.756,119.763,7
2018-07-26 14:36:00,119.756,119.771,119.756,119.764,42
2018-07-26 14:37:00,119.756,119.771,119.756,119.763,20
2018-07-26 14:39:00,119.74,119.756,119.74,119.749,24
2018-07-26 14:41:00,119.724,119.74,119.724,119.736,18
2018-07-26 14:42:00,119.74,119.74,119.724,119.731,56
2018-07-26 14:43:00,119.724,119.736,119.724,119.736,4
2018-07-26 14:49:00,119.709,119.72,119.709,119.72,4
2018-07-26 14:50:00,119.677,119.704,119.677,119.704,7
2018-07-26 14:54:00,119.677,119.693,119.677,119.681,23
2018-07-26 15:00:00,119.662,119.674,119.662,119.674,4
2018-07-26 15:01:00,119.646,119.658,119.646,119.658,4
2018-07-26 15:03:00,119.662,119.662,119.646,119.653,55
2018-07-26 15:04:00,119.662,119.662,119.646,119.658,53
2018-07-26 15:05:00,119.646,119.655,119.646,119.655,3
2018-07-26 15:07:00,119.646,119.646,119.63,119.639,27
2018-07-26 15:08:00,119.646,119.646,119.63,119.642,16
2018-07-26 15:09:00,119.646,119.646,119.63,119.639,11
2018-07-26 15:10:00,119.662,119.662,119.646,119.65,8
2018-07-26 15:11:00,119.646,119.662,119.646,119.655,11
2018-07-26 15:13:00,119.662,119.662,119.646,119.653,9
2018-07-26 15:15:00,119.662,119.662,119.646,119.646,26
2018-07-26 15:16:00,119.646,119.655,119.646,119.655,2
2018-07-26 15:17:00,119.662,119.677,119.653,119.653,8
2018-07-26 15:18:00,119.662,119.677,119.662,119.666,7
2018-07-26 15:19:00,119.646,119.654,119.646,119.654,2
2018-07-26 15:21:00,119.63,119.639,119.63,119.639,2
2018-07-26 15:22:00,119.646,119.646,119.63,119.637,34
2018-07-26 15:23:00,119.63,119.639,119.63,119.639,2
2018-07-26 15:24:00,119.63,119.646,119.63,119.637,27
2018-07-26 15:28:00,119.63,119.646,119.63,119.637,6
2018-07-26 15:31:00,119.646,119.646,119.63,119.634,61
2018-07-26 15:32:00,119.646,119.646,119.63,119.642,16
2018-07-26 15:33:00,119.63,119.646,119.63,119.642,47
2018-07-26 15:35:00,119.646,119.646,119.634,119.634,4
2018-07-26 15:39:00,119.662,119.662,119.653,119.653,2
2018-07-26 15:40:00,119.662,119.677,119.662,119.669,5
2018-07-26 15:43:00,119.646,119.662,119.646,119.658,14
2018-07-26 15:44:00,119.662,119.662,119.646,119.65,25
2018-07-26 15:45:00,119.662,119.662,119.646,119.654,18
2018-07-26 15:47:00,119.677,119.677,119.669,119.669,3
2018-07-26 15:51:00,119.662,119.674,119.662,119.674,4
2018-07-26 15:57:00,119.646,119.662,119.646,119.654,11
2018-07-26 16:01:00,119.63,119.639,119.63,119.639,2
2018-07-26 16:02:00,119.646,119.646,119.63,119.637,6
2018-07-26 16:04:00,119.646,119.661,119.646,119.65,7
2018-07-26 16:05:00,119.646,119.661,119.646,119.65,14
2018-07-26 16:06:00,119.646,119.661,119.646,119.65,20
2018-07-26 16:07:00,119.661,119.661,119.646,119.65,16
2018-07-26 16:11:00,119.646,119.658,119.646,119.658,3
2018-07-26 16:12:00,119.63,119.642,119.63,119.642,4
2018-07-26 16:13:00,119.63,119.646,119.63,119.637,35
2018-07-26 16:14:00,119.63,119.646,119.614,119.634,48
2018-07-26 16:16:00,119.614,119.623,119.614,119.623,2
2018-07-26 16:17:00,119.614,119.63,119.614,119.622,9
2018-07-26 16:18:00,119.63,119.63,119.614,119.618,45
2018-07-26 16:20:00,119.646,119.646,119.637,119.637,3
2018-07-26 16:23:00,119.661,119.661,119.646,119.653,13
2018-07-26 16:24:00,119.661,119.661,119.646,119.654,20
2018-07-26 16:26:00,119.661,119.661,119.646,119.658,7
2018-07-26 16:30:00,119.661,119.661,119.646,119.658,6
2018-07-26 16:34:00,119.677,119.677,119.665,119.665,4
2018-07-26 16:39:00,119.661,119.67,119.661,119.67,2
2018-07-26 16:40:00,119.661,119.661,119.646,119.654,33
2018-07-26 16:47:00,119.646,119.661,119.646,119.658,55
2018-07-26 16:48:00,119.661,119.661,119.646,119.653,65
2018-07-26 16:54:00,119.63,119.658,119.63,119.658,6
2018-07-26 16:58:00,119.646,119.646,119.63,119.634,31
2018-07-26 16:59:00,119.63,119.646,119.63,119.642,141
2018-07-26 17:00:00,119.646,119.646,119.63,119.634,36
2018-07-26 17:01:00,119.63,119.646,119.614,119.639,59
2018-07-26 17:02:00,119.646,119.646,119.634,119.634,4
2018-07-26 17:03:00,119.63,119.642,119.614,119.642,8
2018-07-26 17:04:00,119.614,119.63,119.614,119.623,74
2018-07-26 17:06:00,119.63,119.63,119.621,119.621,2
2018-07-26 17:07:00,119.63,119.63,119.614,119.623,4
2018-07-26 17:09:00,119.614,119.63,119.614,119.623,37
2018-07-26 17:14:00,119.63,119.63,119.621,119.621,2
2018-07-26 17:16:00,119.63,119.63,119.614,119.623,16
2018-07-26 17:18:00,119.614,119.623,119.614,119.623,2
2018-07-26 17:34:00,119.567,119.607,119.567,119.607,19
2018-07-26 17:39:00,119.567,119.567,119.552,119.56,55
2018-07-26 17:40:00,119.552,119.56,119.552,119.56,5
2018-07-26 17:42:00,119.567,119.567,119.555,119.555,4
2018-07-26 17:45:00,119.583,119.583,119.574,119.574,4
2018-07-26 17:47:00,119.599,119.599,119.586,119.586,4
2018-07-26 17:48:00,119.599,119.599,119.583,119.591,45
2018-07-26 17:49:00,119.583,119.599,119.583,119.591,44
2018-07-26 17:56:00,119.583,119.599,119.583,119.59,4
2018-07-26 18:17:00,119.583,119.583,119.567,119.579,39
2018-07-26 18:58:00,119.567,119.576,119.567,119.576,3
2018-07-26 19:00:00,119.551,119.567,119.551,119.56,7
2018-07-26 19:01:00,119.567,119.567,119.559,119.559,2
2018-07-26 19:07:00,119.551,119.56,119.551,119.56,2
2018-07-26 19:18:00,119.551,119.559,119.551,119.559,4
2018-07-26 19:22:00,119.52,119.544,119.52,119.544,19
2018-07-26 19:25:00,119.504,119.52,119.504,119.513,25
2018-07-26 19:26:00,119.504,119.504,119.489,119.497,4
2018-07-26 19:31:00,119.504,119.504,119.489,119.497,7
2018-07-26 19:36:00,119.504,119.52,119.504,119.512,4
2018-07-26 19:37:00,119.52,119.52,119.508,119.508,4
2018-07-26 19:38:00,119.52,119.536,119.52,119.527,4
2018-07-26 19:39:00,119.52,119.536,119.52,119.527,22
2018-07-26 19:40:00,119.504,119.513,119.504,119.513,2
2018-07-26 19:42:00,119.504,119.52,119.504,119.508,5
2018-07-26 19:45:00,119.52,119.52,119.511,119.511,2
2018-07-26 20:01:00,119.52,119.536,119.52,119.527,8
2018-07-26 20:02:00,119.504,119.513,119.504,119.513,2
2018-07-26 20:05:00,119.504,119.52,119.504,119.511,23
2018-07-26 20:08:00,119.52,119.52,119.511,119.511,3
2018-07-26 20:10:00,119.52,119.52,119.504,119.513,7
2018-07-26 20:13:00,119.504,119.513,119.504,119.513,2
2018-07-26 20:14:00,119.504,119.52,119.504,119.511,4
2018-07-26 20:26:00,119.52,119.52,119.508,119.508,4
2018-07-26 20:45:00,119.504,119.513,119.504,119.513,2
2018-07-26 20:47:00,119.52,119.52,119.511,119.511,2
2018-07-26 20:50:00,119.535,119.535,119.524,119.524,3
2018-07-26 20:59:00,119.535,119.535,119.535,119.535,1
2018-07-26 22:00:00,119.551,119.551,119.551,119.551,1
2018-07-26 22:01:00,119.567,119.567,119.551,119.554,6
2018-07-26 22:03:00,119.567,119.567,119.551,119.559,14
2018-07-26 22:17:00,119.567,119.567,119.551,119.559,10
2018-07-26 22:22:00,119.551,119.559,119.551,119.559,2
2018-07-26 22:50:00,119.566,119.566,119.558,119.558,14
2018-07-26 23:17:00,119.566,119.582,119.566,119.574,12
2018-07-26 23:18:00,119.566,119.582,119.566,119.574,18
2018-07-26 23:23:00,119.566,119.582,119.566,119.57,16
2018-07-26 23:43:00,119.582,119.582,119.566,119.582,5
2018-07-26 23:45:00,119.566,119.578,119.566,119.578,4
2018-07-26 23:48:00,119.566,119.566,119.551,119.559,51
2018-07-27 00:04:00,119.566,119.566,119.551,119.559,6
2018-07-27 00:06:00,119.566,119.582,119.566,119.573,7
2018-07-27 00:07:00,119.551,119.559,119.551,119.559,2
2018-07-27 00:09:00,119.535,119.543,119.535,119.543,2
2018-07-27 00:10:00,119.535,119.551,119.535,119.538,18
2018-07-27 00:11:00,119.551,119.551,119.539,119.539,3
2018-07-27 00:12:00,119.551,119.551,119.535,119.543,5
2018-07-27 00:14:00,119.551,119.551,119.535,119.543,4
2018-07-27 00:15:00,119.535,119.551,119.535,119.543,6
2018-07-27 00:16:00,119.551,119.551,119.542,119.542,2
2018-07-27 00:17:00,119.551,119.551,119.535,119.546,33
2018-07-27 00:45:00,119.566,119.566,119.558,119.558,2
2018-07-27 00:48:00,119.551,119.559,119.551,119.559,2
2018-07-27 00:50:00,119.566,119.566,119.558,119.558,2
2018-07-27 00:52:00,119.55,119.562,119.55,119.562,4
2018-07-27 00:54:00,119.55,119.566,119.55,119.558,10
2018-07-27 01:05:00,119.566,119.566,119.55,119.558,7
2018-07-27 01:10:00,119.55,119.559,119.55,119.559,2
2018-07-27 01:13:00,119.55,119.566,119.55,119.558,30
2018-07-27 01:15:00,119.566,119.566,119.535,119.546,59
2018-07-27 01:16:00,119.535,119.559,119.535,119.559,5
2018-07-27 01:17:00,119.55,119.55,119.535,119.542,39
2018-07-27 01:20:00,119.535,119.55,119.535,119.543,30
2018-07-27 01:21:00,119.55,119.55,119.542,119.542,2
2018-07-27 01:24:00,119.535,119.543,119.535,119.543,2
2018-07-27 01:26:00,119.519,119.53,119.519,119.53,4
2018-07-27 01:27:00,119.503,119.519,119.503,119.512,12
2018-07-27 01:28:00,119.519,119.519,119.511,119.511,2
2018-07-27 01:30:00,119.519,119.535,119.519,119.526,11
2018-07-27 01:31:00,119.519,119.519,119.503,119.512,23
2018-07-27 01:33:00,119.519,119.519,119.503,119.512,8
2018-07-27 01:34:00,119.519,119.519,119.503,119.512,56
2018-07-27 01:35:00,119.519,119.519,119.503,119.503,16
2018-07-27 01:42:00,119.519,119.519,119.503,119.512,8
2018-07-27 01:43:00,119.503,119.519,119.503,119.512,26
2018-07-27 01:48:00,119.503,119.519,119.503,119.507,5
2018-07-27 01:50:00,119.472,119.5,119.472,119.5,5
2018-07-27 01:51:00,119.472,119.488,119.472,119.479,5
2018-07-27 01:54:00,119.488,119.488,119.479,119.479,2
2018-07-27 01:55:00,119.503,119.503,119.488,119.495,24
2018-07-27 01:56:00,119.519,119.519,119.503,119.51,11
2018-07-27 01:57:00,119.519,119.519,119.503,119.512,8
2018-07-27 02:00:00,119.503,119.515,119.503,119.515,3
2018-07-27 02:01:00,119.519,119.519,119.51,119.51,2
2018-07-27 02:02:00,119.503,119.512,119.503,119.512,6
2018-07-27 02:03:00,119.503,119.519,119.503,119.51,5
2018-07-27 02:07:00,119.519,119.519,119.51,119.51,2
2018-07-27 02:11:00,119.503,119.516,119.503,119.516,3
2018-07-27 02:15:00,119.519,119.519,119.503,119.51,7
2018-07-27 02:17:00,119.503,119.519,119.503,119.512,6
2018-07-27 03:02:00,119.487,119.503,119.487,119.5,68
2018-07-27 03:03:00,119.487,119.503,119.487,119.495,5
2018-07-27 03:10:00,119.503,119.503,119.495,119.495,2
2018-07-27 03:30:00,119.519,119.519,119.51,119.51,2
2018-07-27 03:37:00,119.503,119.519,119.503,119.512,6
2018-07-27 03:38:00,119.519,119.519,119.51,119.51,2
2018-07-27 03:54:00,119.519,119.534,119.519,119.526,11
2018-07-27 04:28:00,119.534,119.534,119.526,119.526,2
2018-07-27 04:36:00,119.534,119.534,119.519,119.527,7
2018-07-27 04:59:00,119.55,119.55,119.55,119.55,1
2018-07-27 05:00:00,119.565,119.565,119.534,119.543,19
2018-07-27 05:01:00,119.581,119.581,119.55,119.558,48
2018-07-27 05:09:00,119.55,119.578,119.55,119.578,6
2018-07-27 05:29:00,119.565,119.565,119.557,119.557,2
2018-07-27 05:35:00,119.55,119.558,119.55,119.558,2
2018-07-27 05:38:00,119.565,119.565,119.557,119.557,2
2018-07-27 06:06:00,119.581,119.581,119.572,119.572,2
2018-07-27 06:11:00,119.581,119.581,119.565,119.578,18
2018-07-27 06:12:00,119.565,119.581,119.565,119.574,5
2018-07-27 06:13:00,119.565,119.581,119.565,119.572,5
2018-07-27 06:14:00,119.581,119.581,119.565,119.572,6
2018-07-27 06:15:00,119.565,119.574,119.565,119.574,2
2018-07-27 06:18:00,119.565,119.581,119.565,119.57,6
2018-07-27 06:19:00,119.565,119.581,119.565,119.572,36
2018-07-27 06:23:00,119.565,119.565,119.55,119.558,4
2018-07-27 06:24:00,119.565,119.565,119.55,119.558,4
2018-07-27 07:00:00,119.549,119.562,119.549,119.562,3
2018-07-27 07:01:00,119.549,119.549,119.534,119.542,25
2018-07-27 07:05:00,119.565,119.565,119.554,119.554,4
2018-07-27 07:06:00,119.549,119.554,119.549,119.554,2
2018-07-27 07:07:00,119.565,119.565,119.557,119.557,2
2018-07-27 07:08:00,119.565,119.565,119.549,119.558,17
2018-07-27 07:09:00,119.549,119.558,119.534,119.558,42
2018-07-27 07:10:00,119.549,119.549,119.534,119.542,4
2018-07-27 07:16:00,119.549,119.549,119.534,119.542,4
2018-07-27 07:17:00,119.534,119.542,119.534,119.542,3
2018-07-27 07:19:00,119.534,119.549,119.534,119.541,5
2018-07-27 07:27:00,119.534,119.549,119.534,119.541,6
2018-07-27 07:31:00,119.534,119.534,119.518,119.53,22
2018-07-27 07:33:00,119.518,119.534,119.518,119.53,11
2018-07-27 07:36:00,119.534,119.534,119.525,119.525,2
2018-07-27 07:40:00,119.518,119.534,119.518,119.527,9
2018-07-27 07:41:00,119.534,119.534,119.525,119.525,2
2018-07-27 08:11:00,119.518,119.534,119.518,119.53,16
2018-07-27 08:14:00,119.534,119.534,119.522,119.522,4
2018-07-27 08:21:00,119.518,119.53,119.518,119.53,3
2018-07-27 08:25:00,119.534,119.534,119.522,119.522,4
2018-07-27 08:30:00,119.518,119.534,119.518,119.53,12
2018-07-27 08:31:00,119.518,119.534,119.518,119.529,4
2018-07-27 08:36:00,119.518,119.534,119.518,119.525,6
2018-07-27 08:39:00,119.518,119.518,119.502,119.511,8
2018-07-27 08:40:00,119.502,119.511,119.502,119.511,2
2018-07-27 08:49:00,119.487,119.498,119.487,119.498,3
2018-07-27 08:50:00,119.502,119.502,119.49,119.49,4
2018-07-27 08:55:00,119.518,119.518,119.509,119.509,2
2018-07-27 09:10:00,119.533,119.533,119.525,119.525,3
2018-07-27 09:11:00,119.518,119.526,119.518,119.526,2
2018-07-27 09:12:00,119.533,119.533,119.522,119.522,4
2018-07-27 09:13:00,119.549,119.549,119.538,119.538,4
2018-07-27 09:14:00,119.565,119.565,119.549,119.556,7
2018-07-27 09:15:00,119.565,119.565,119.549,119.562,41
2018-07-27 09:16:00,119.565,119.565,119.549,119.562,18
2018-07-27 09:17:00,119.565,119.565,119.549,119.558,40
2018-07-27 09:18:00,119.565,119.565,119.549,119.549,10
2018-07-27 09:19:00,119.565,119.565,119.549,119.561,21
2018-07-27 09:20:00,119.565,119.565,119.549,119.558,13
2018-07-27 09:22:00,119.565,119.565,119.549,119.561,7
2018-07-27 09:23:00,119.565,119.565,119.549,119.558,4
2018-07-27 09:41:00,119.565,119.565,119.549,119.558,4
2018-07-27 09:44:00,119.565,119.565,119.549,119.56,7
2018-07-27 09:48:00,119.58,119.58,119.568,119.568,6
2018-07-27 09:50:00,119.58,119.58,119.565,119.577,16
2018-07-27 09:59:00,119.596,119.596,119.58,119.587,13
2018-07-27 10:01:00,119.58,119.596,119.58,119.592,7
2018-07-27 10:06:00,119.565,119.58,119.565,119.573,33
2018-07-27 10:08:00,119.58,119.58,119.572,119.572,3
2018-07-27 10:14:00,119.596,119.596,119.587,119.587,2
2018-07-27 10:15:00,119.58,119.596,119.58,119.589,9
2018-07-27 10:24:00,119.596,119.596,119.587,119.587,2
2018-07-27 10:27:00,119.58,119.596,119.58,119.589,10
2018-07-27 10:33:00,119.565,119.58,119.565,119.573,6
2018-07-27 10:40:00,119.58,119.58,119.572,119.572,3
2018-07-27 10:48:00,119.565,119.573,119.565,119.573,2
2018-07-27 10:49:00,119.58,119.58,119.572,119.572,2
2018-07-27 10:50:00,119.58,119.58,119.565,119.573,8
2018-07-27 10:59:00,119.565,119.573,119.565,119.573,2
2018-07-27 11:00:00,119.58,119.58,119.572,119.572,2
2018-07-27 11:02:00,119.58,119.58,119.564,119.573,5
2018-07-27 11:08:00,119.564,119.58,119.564,119.573,18
2018-07-27 11:09:00,119.564,119.58,119.564,119.572,8
2018-07-27 11:14:00,119.549,119.564,119.549,119.553,10
2018-07-27 11:17:00,119.533,119.546,119.533,119.546,4
2018-07-27 11:25:00,119.517,119.526,119.517,119.526,2
2018-07-27 11:33:00,119.533,119.533,119.517,119.522,5
2018-07-27 11:34:00,119.533,119.533,119.517,119.526,22
2018-07-27 11:37:00,119.533,119.533,119.517,119.526,23
2018-07-27 11:39:00,119.533,119.549,119.533,119.537,11
2018-07-27 11:48:00,119.533,119.533,119.517,119.526,5
2018-07-27 11:58:00,119.549,119.549,119.533,119.537,30
2018-07-27 12:08:00,119.549,119.549,119.533,119.542,9
2018-07-27 12:16:00,119.533,119.544,119.533,119.544,3
2018-07-27 12:19:00,119.549,119.549,119.54,119.54,2
2018-07-27 12:21:00,119.533,119.549,119.533,119.541,12
2018-07-27 12:23:00,119.533,119.549,119.533,119.54,4
2018-07-27 12:25:00,119.517,119.533,119.517,119.529,9
2018-07-27 12:26:00,119.517,119.533,119.517,119.524,12
2018-07-27 12:27:00,119.502,119.517,119.502,119.51,67
2018-07-27 12:28:00,119.502,119.517,119.502,119.506,34
2018-07-27 12:29:00,119.502,119.517,119.486,119.498,216
2018-07-27 12:30:00,119.658,119.674,119.502,119.51,238
2018-07-27 12:31:00,119.642,119.658,119.611,119.651,90
2018-07-27 12:32:00,119.658,119.689,119.635,119.65,118
2018-07-27 12:33:00,119.627,119.658,119.627,119.654,63
2018-07-27 12:34:00,119.642,119.65,119.611,119.631,54
2018-07-27 12:35:00,119.627,119.635,119.627,119.635,20
2018-07-27 12:36:00,119.658,119.658,119.611,119.624,60
2018-07-27 12:37:00,119.611,119.658,119.611,119.654,61
2018-07-27 12:38:00,119.611,119.611,119.596,119.604,29
2018-07-27 12:39:00,119.627,119.627,119.596,119.608,48
2018-07-27 12:40:00,119.611,119.624,119.596,119.624,15
2018-07-27 12:41:00,119.627,119.627,119.611,119.618,9
2018-07-27 12:42:00,119.642,119.642,119.627,119.634,8
2018-07-27 12:43:00,119.642,119.642,119.627,119.635,4
2018-07-27 12:44:00,119.642,119.642,119.627,119.635,51
2018-07-27 12:45:00,119.642,119.642,119.627,119.638,7
2018-07-27 12:46:00,119.642,119.642,119.627,119.635,21
2018-07-27 12:47:00,119.642,119.658,119.642,119.65,19
2018-07-27 12:48:00,119.658,119.658,119.642,119.646,8
2018-07-27 12:49:00,119.658,119.674,119.658,119.662,6
2018-07-27 12:50:00,119.642,119.651,119.642,119.651,2
2018-07-27 12:51:00,119.658,119.658,119.65,119.65,2
2018-07-27 12:52:00,119.658,119.658,119.642,119.651,22
2018-07-27 12:53:00,119.658,119.658,119.642,119.654,7
2018-07-27 12:54:00,119.642,119.658,119.642,119.651,32
2018-07-27 12:55:00,119.658,119.658,119.627,119.638,15
2018-07-27 12:56:00,119.674,119.674,119.658,119.665,15
2018-07-27 12:57:00,119.674,119.689,119.674,119.681,4
2018-07-27 12:59:00,119.689,119.705,119.674,119.681,39
2018-07-27 13:02:00,119.689,119.705,119.689,119.697,6
2018-07-27 13:03:00,119.674,119.689,119.674,119.682,21
2018-07-27 13:04:00,119.689,119.689,119.681,119.681,2
2018-07-27 13:05:00,119.674,119.689,119.674,119.682,16
2018-07-27 13:06:00,119.674,119.689,119.674,119.681,5
2018-07-27 13:10:00,119.674,119.689,119.674,119.681,6
2018-07-27 13:17:00,119.674,119.674,119.658,119.67,12
2018-07-27 13:19:00,119.689,119.689,119.681,119.681,3
2018-07-27 13:20:00,119.689,119.705,119.689,119.693,22
2018-07-27 13:22:00,119.705,119.705,119.694,119.694,4
2018-07-27 13:24:00,119.721,119.721,119.712,119.712,2
2018-07-27 13:28:00,119.721,119.721,119.705,119.713,21
2018-07-27 13:31:00,119.705,119.716,119.689,119.716,45
2018-07-27 13:32:00,119.689,119.705,119.689,119.702,16
2018-07-27 13:33:00,119.689,119.689,119.674,119.682,11
2018-07-27 13:34:00,119.689,119.689,119.674,119.682,15
2018-07-27 13:36:00,119.689,119.705,119.689,119.696,34
2018-07-27 13:37:00,119.689,119.705,119.689,119.696,27
2018-07-27 13:38:00,119.689,119.705,119.689,119.696,8
2018-07-27 13:39:00,119.689,119.705,119.689,119.694,6
2018-07-27 13:40:00,119.689,119.689,119.674,119.682,10
2018-07-27 13:41:00,119.674,119.678,119.674,119.678,2
2018-07-27 13:42:00,119.674,119.674,119.658,119.67,19
2018-07-27 13:44:00,119.674,119.674,119.658,119.666,17
2018-07-27 13:45:00,119.658,119.674,119.658,119.67,9
2018-07-27 13:53:00,119.674,119.674,119.662,119.662,4
2018-07-27 13:56:00,119.689,119.689,119.678,119.678,4
2018-07-27 13:57:00,119.705,119.705,119.693,119.693,3
2018-07-27 14:00:00,119.689,119.705,119.689,119.693,68
2018-07-27 14:01:00,119.674,119.689,119.674,119.685,25
2018-07-27 14:02:00,119.674,119.689,119.674,119.681,102
2018-07-27 14:03:00,119.658,119.674,119.658,119.666,38
2018-07-27 14:04:00,119.674,119.674,119.658,119.665,6
2018-07-27 14:05:00,119.658,119.674,119.658,119.658,20
2018-07-27 14:06:00,119.642,119.674,119.642,119.662,8
2018-07-27 14:07:00,119.658,119.658,119.642,119.649,14
2018-07-27 14:12:00,119.674,119.674,119.658,119.665,45
2018-07-27 14:13:00,119.689,119.689,119.678,119.678,4
2018-07-27 14:14:00,119.689,119.689,119.674,119.682,4
2018-07-27 14:15:00,119.674,119.689,119.674,119.682,12
2018-07-27 14:16:00,119.689,119.689,119.681,119.681,2
2018-07-27 14:18:00,119.674,119.686,119.674,119.686,4
2018-07-27 14:19:00,119.658,119.674,119.658,119.67,30
2018-07-27 14:30:00,119.658,119.658,119.642,119.651,10
2018-07-27 14:31:00,119.642,119.658,119.642,119.654,59
2018-07-27 14:36:00,119.658,119.658,119.642,119.658,16
2018-07-27 14:38:00,119.642,119.658,119.642,119.654,9
2018-07-27 14:39:00,119.626,119.642,119.626,119.635,7
2018-07-27 14:45:00,119.626,119.642,119.626,119.634,64
2018-07-27 14:47:00,119.642,119.642,119.626,119.634,25
2018-07-27 14:49:00,119.626,119.642,119.626,119.635,15
2018-07-27 14:52:00,119.642,119.642,119.634,119.634,3
2018-07-27 14:53:00,119.626,119.642,119.626,119.635,10
2018-07-27 14:58:00,119.642,119.642,119.634,119.634,2
2018-07-27 14:59:00,119.626,119.642,119.626,119.635,6
2018-07-27 15:00:00,119.611,119.619,119.611,119.619,2
2018-07-27 15:01:00,119.595,119.611,119.595,119.608,14
2018-07-27 15:03:00,119.579,119.588,119.579,119.588,2
2018-07-27 15:04:00,119.579,119.595,119.579,119.584,6
2018-07-27 15:06:00,119.579,119.595,119.579,119.587,16
2018-07-27 15:09:00,119.579,119.595,119.579,119.587,34
2018-07-27 15:10:00,119.579,119.595,119.579,119.587,20
2018-07-27 15:12:00,119.579,119.595,119.579,119.584,10
2018-07-27 15:13:00,119.595,119.595,119.587,119.587,3
2018-07-27 15:14:00,119.595,119.611,119.595,119.602,9
2018-07-27 15:15:00,119.611,119.611,119.595,119.602,33
2018-07-27 15:25:00,119.642,119.642,119.618,119.618,24
2018-07-27 15:26:00,119.642,119.642,119.626,119.635,50
2018-07-27 15:33:00,119.642,119.642,119.626,119.635,103
2018-07-27 15:37:00,119.642,119.642,119.626,119.635,6
2018-07-27 15:39:00,119.626,119.642,119.626,119.638,26
2018-07-27 15:41:00,119.611,119.626,119.611,119.619,20
2018-07-27 15:42:00,119.626,119.626,119.611,119.614,16
2018-07-27 15:45:00,119.626,119.642,119.626,119.63,24
2018-07-27 15:47:00,119.642,119.642,119.63,119.63,4
2018-07-27 15:48:00,119.642,119.642,119.626,119.635,6
2018-07-27 15:49:00,119.642,119.642,119.626,119.638,6
2018-07-27 15:51:00,119.658,119.658,119.649,119.649,3
2018-07-27 15:57:00,119.673,119.673,119.661,119.661,4
2018-07-27 15:58:00,119.673,119.673,119.658,119.669,19
2018-07-27 16:07:00,119.658,119.673,119.658,119.666,7
2018-07-27 16:08:00,119.658,119.673,119.658,119.661,5
2018-07-27 16:10:00,119.658,119.658,119.642,119.65,21
2018-07-27 16:11:00,119.642,119.65,119.642,119.65,2
2018-07-27 16:15:00,119.642,119.658,119.642,119.649,19
2018-07-27 16:21:00,119.658,119.658,119.649,119.649,2
2018-07-27 16:22:00,119.642,119.658,119.642,119.65,38
2018-07-27 16:23:00,119.642,119.658,119.642,119.653,10
2018-07-27 16:24:00,119.658,119.658,119.642,119.649,10
2018-07-27 16:25:00,119.658,119.658,119.642,119.65,11
2018-07-27 16:30:00,119.657,119.657,119.642,119.65,5
2018-07-27 16:36:00,119.673,119.673,119.657,119.665,29
2018-07-27 16:39:00,119.689,119.689,119.673,119.68,49
2018-07-27 16:40:00,119.689,119.689,119.673,119.686,39
2018-07-27 16:41:00,119.673,119.682,119.673,119.682,2
2018-07-27 16:42:00,119.689,119.689,119.673,119.68,7
2018-07-27 16:44:00,119.673,119.682,119.673,119.682,2
2018-07-27 16:50:00,119.689,119.689,119.68,119.68,2
2018-07-27 16:51:00,119.673,119.682,119.673,119.682,2
2018-07-27 16:52:00,119.673,119.689,119.673,119.68,10
2018-07-27 16:53:00,119.673,119.689,119.673,119.68,8
2018-07-27 16:59:00,119.689,119.689,119.673,119.68,3
2018-07-27 17:04:00,119.689,119.689,119.673,119.682,7
2018-07-27 17:05:00,119.673,119.689,119.673,119.684,10
2018-07-27 17:08:00,119.689,119.689,119.677,119.677,3
2018-07-27 17:10:00,119.689,119.689,119.673,119.682,8
2018-07-27 17:14:00,119.673,119.685,119.673,119.685,3
2018-07-27 17:15:00,119.689,119.689,119.673,119.685,23
2018-07-27 17:16:00,119.673,119.682,119.673,119.682,2
2018-07-27 17:17:00,119.689,119.689,119.673,119.677,35
2018-07-27 17:18:00,119.689,119.689,119.673,119.682,40
2018-07-27 17:19:00,119.673,119.689,119.673,119.685,20
2018-07-27 17:20:00,119.689,119.689,119.673,119.68,22
2018-07-27 17:22:00,119.689,119.689,119.673,119.682,6
2018-07-27 17:24:00,119.673,119.689,119.673,119.684,14
2018-07-27 17:27:00,119.657,119.666,119.657,119.666,2
2018-07-27 17:32:00,119.673,119.673,119.657,119.662,29
2018-07-27 17:38:00,119.673,119.673,119.657,119.666,9
2018-07-27 17:39:00,119.657,119.673,119.657,119.67,7
2018-07-27 17:41:00,119.657,119.673,119.657,119.664,8
2018-07-27 17:47:00,119.673,119.673,119.657,119.664,6
2018-07-27 17:48:00,119.673,119.673,119.657,119.666,9
2018-07-27 17:49:00,119.657,119.673,119.657,119.666,30
2018-07-27 18:03:00,119.657,119.673,119.657,119.664,5
2018-07-27 18:04:00,119.673,119.673,119.66,119.66,3
2018-07-27 18:33:00,119.657,119.666,119.657,119.666,2
2018-07-27 18:38:00,119.657,119.673,119.657,119.661,35
2018-07-27 18:42:00,119.641,119.654,119.641,119.654,4
2018-07-27 18:44:00,119.657,119.657,119.653,119.653,2
2018-07-27 19:00:00,119.657,119.657,119.641,119.65,5
2018-07-27 19:05:00,119.641,119.65,119.641,119.65,2
2018-07-27 19:28:00,119.657,119.657,119.648,119.648,2
2018-07-27 19:32:00,119.641,119.65,119.641,119.65,2
2018-07-27 19:41:00,119.641,119.641,119.626,119.634,6
2018-07-27 19:49:00,119.657,119.657,119.648,119.648,2
2018-07-27 19:50:00,119.657,119.657,119.641,119.65,6
2018-07-27 19:51:00,119.641,119.65,119.641,119.65,2
2018-07-27 19:56:00,119.657,119.657,119.648,119.648,8
2018-07-27 20:05:00,119.673,119.673,119.661,119.661,3
2018-07-27 20:07:00,119.688,119.688,119.673,119.68,7
2018-07-27 20:13:00,119.673,119.681,119.673,119.681,6
2018-07-27 20:27:00,119.688,119.688,119.68,119.68,2
2018-07-27 20:28:00,119.673,119.688,119.673,119.681,11
2018-07-27 20:31:00,119.688,119.688,119.68,119.68,2
2018-07-27 20:33:00,119.672,119.681,119.672,119.681,2
2018-07-27 20:35:00,119.688,119.688,119.672,119.68,26
2018-07-27 20:37:00,119.672,119.681,119.672,119.681,2
2018-07-27 20:38:00,119.688,119.688,119.676,119.676,3
2018-07-27 20:42:00,119.688,119.688,119.672,119.681,4
2018-07-27 20:54:00,119.688,119.704,119.688,119.692,41
2018-07-27 20:55:00,119.704,119.704,119.692,119.692,4
2018-07-27 20:59:00,119.704,119.704,119.704,119.704,1
2018-07-29 22:00:00,119.664,119.68,119.664,119.664,5
2018-07-29 22:01:00,119.649,119.66,119.649,119.66,4
2018-07-29 22:02:00,119.617,119.642,119.617,119.642,4
2018-07-29 22:03:00,119.633,119.633,119.617,119.625,7
2018-07-29 22:04:00,119.664,119.68,119.636,119.636,25
2018-07-29 22:05:00,119.664,119.68,119.664,119.668,7
2018-07-29 22:07:00,119.664,119.68,119.664,119.668,11
2018-07-29 22:08:00,119.664,119.68,119.664,119.672,16
2018-07-29 22:32:00,119.68,119.68,119.671,119.671,3
2018-07-29 22:34:00,119.68,119.68,119.664,119.676,12
2018-07-29 22:52:00,119.68,119.696,119.68,119.687,5
2018-07-29 22:58:00,119.696,119.696,119.687,119.687,2
2018-07-29 22:59:00,119.68,119.688,119.68,119.688,2
2018-07-29 23:11:00,119.695,119.695,119.68,119.687,14
2018-07-29 23:12:00,119.68,119.688,119.68,119.688,2
2018-07-29 23:19:00,119.664,119.673,119.664,119.673,3
2018-07-29 23:32:00,119.664,119.664,119.648,119.657,4
2018-07-29 23:34:00,119.664,119.68,119.664,119.668,6
2018-07-29 23:35:00,119.656,119.664,119.648,119.648,20
2018-07-29 23:36:00,119.656,119.664,119.648,119.66,13
2018-07-29 23:37:00,119.664,119.664,119.66,119.66,2
2018-07-29 23:49:00,119.68,119.68,119.664,119.671,10
2018-07-29 23:50:00,119.664,119.676,119.664,119.676,13
2018-07-30 00:05:00,119.648,119.664,119.648,119.66,43
2018-07-30 00:10:00,119.648,119.664,119.648,119.656,4
2018-07-30 00:16:00,119.648,119.664,119.648,119.656,12
2018-07-30 00:17:00,119.648,119.664,119.648,119.655,16
2018-07-30 00:19:00,119.664,119.664,119.652,119.652,4
2018-07-30 00:20:00,119.664,119.664,119.648,119.66,5
2018-07-30 00:21:00,119.664,119.68,119.664,119.671,8
2018-07-30 00:23:00,119.664,119.68,119.664,119.671,6
2018-07-30 00:30:00,119.648,119.657,119.648,119.657,2
2018-07-30 00:32:00,119.664,119.664,119.655,119.655,2
2018-07-30 00:33:00,119.664,119.664,119.648,119.66,6
2018-07-30 00:52:00,119.664,119.68,119.664,119.671,4
2018-07-30 00:53:00,119.648,119.68,119.648,119.671,34
2018-07-30 00:57:00,119.648,119.648,119.633,119.641,51
2018-07-30 01:04:00,119.633,119.648,119.633,119.641,30
2018-07-30 01:16:00,119.648,119.648,119.633,119.636,29
2018-07-30 01:21:00,119.633,119.641,119.633,119.641,2
2018-07-30 01:25:00,119.648,119.648,119.64,119.64,2
2018-07-30 01:33:00,119.648,119.664,119.648,119.652,44
2018-07-30 01:34:00,119.664,119.664,119.655,119.655,2
2018-07-30 01:35:00,119.664,119.664,119.648,119.66,13
2018-07-30 01:51:00,119.648,119.66,119.648,119.66,4
2018-07-30 02:02:00,119.664,119.664,119.648,119.655,7
2018-07-30 02:04:00,119.664,119.664,119.648,119.66,23
2018-07-30 02:07:00,119.648,119.664,119.648,119.657,7
2018-07-30 02:30:00,119.664,119.664,119.655,119.655,3
2018-07-30 02:59:00,119.679,119.679,119.664,119.671,31
2018-07-30 03:02:00,119.664,119.672,119.664,119.672,2
2018-07-30 03:03:00,119.679,119.679,119.664,119.668,16
2018-07-30 03:04:00,119.664,119.672,119.664,119.672,2
2018-07-30 03:12:00,119.664,119.679,119.664,119.671,4
2018-07-30 04:02:00,119.648,119.656,119.648,119.656,2
2018-07-30 04:31:00,119.648,119.663,119.648,119.655,4
2018-07-30 04:32:00,119.663,119.663,119.655,119.655,2
2018-07-30 04:34:00,119.648,119.656,119.648,119.656,2
2018-07-30 04:35:00,119.663,119.663,119.652,119.652,6
2018-07-30 04:37:00,119.648,119.66,119.648,119.66,4
2018-07-30 04:38:00,119.663,119.663,119.655,119.655,2
2018-07-30 04:40:00,119.648,119.656,119.648,119.656,2
2018-07-30 04:46:00,119.663,119.679,119.652,119.652,24
2018-07-30 04:47:00,119.663,119.679,119.663,119.67,11
2018-07-30 04:56:00,119.663,119.679,119.663,119.67,4
2018-07-30 05:00:00,119.663,119.663,119.648,119.659,7
2018-07-30 05:01:00,119.663,119.667,119.663,119.667,2
2018-07-30 05:06:00,119.679,119.679,119.679,119.679,1
2018-07-30 05:07:00,119.663,119.672,119.663,119.672,2
2018-07-30 05:50:00,119.647,119.656,119.647,119.656,2
2018-07-30 05:52:00,119.663,119.663,119.655,119.655,2
2018-07-30 05:55:00,119.663,119.663,119.647,119.656,10
2018-07-30 05:58:00,119.647,119.656,119.647,119.656,2
2018-07-30 06:00:00,119.647,119.663,119.647,119.655,5
2018-07-30 06:01:00,119.647,119.647,119.632,119.64,19
2018-07-30 06:02:00,119.647,119.647,119.632,119.632,3
2018-07-30 06:11:00,119.663,119.679,119.655,119.655,36
2018-07-30 06:16:00,119.663,119.663,119.647,119.659,7
2018-07-30 06:17:00,119.647,119.663,119.647,119.656,20
2018-07-30 06:18:00,119.663,119.663,119.647,119.663,10
2018-07-30 06:23:00,119.663,119.663,119.647,119.659,16
2018-07-30 06:25:00,119.663,119.679,119.647,119.667,26
2018-07-30 06:33:00,119.663,119.663,119.647,119.66,12
2018-07-30 06:34:00,119.663,119.663,119.647,119.656,6
2018-07-30 06:38:00,119.663,119.67,119.663,119.667,9
2018-07-30 06:39:00,119.663,119.679,119.663,119.67,4
2018-07-30 06:40:00,119.663,119.679,119.663,119.666,7
2018-07-30 06:41:00,119.663,119.679,119.663,119.67,67
2018-07-30 06:49:00,119.663,119.663,119.647,119.656,19
2018-07-30 06:50:00,119.663,119.679,119.663,119.67,6
2018-07-30 06:53:00,119.663,119.679,119.663,119.67,4
2018-07-30 06:54:00,119.679,119.679,119.667,119.667,3
2018-07-30 06:55:00,119.663,119.679,119.663,119.671,14
2018-07-30 07:00:00,119.663,119.663,119.647,119.656,36
2018-07-30 07:01:00,119.663,119.663,119.647,119.656,4
2018-07-30 07:03:00,119.679,119.679,119.663,119.67,6
2018-07-30 07:04:00,119.663,119.679,119.663,119.671,6
2018-07-30 07:05:00,119.679,119.679,119.663,119.67,6
2018-07-30 07:06:00,119.663,119.679,119.663,119.671,9
2018-07-30 07:07:00,119.663,119.679,119.663,119.67,23
2018-07-30 07:15:00,119.647,119.656,119.647,119.656,2
2018-07-30 07:17:00,119.632,119.647,119.632,119.644,8
2018-07-30 07:22:00,119.632,119.632,119.616,119.628,22
2018-07-30 07:23:00,119.616,119.632,119.616,119.624,6
2018-07-30 07:24:00,119.632,119.647,119.616,119.623,56
2018-07-30 07:28:00,119.632,119.632,119.616,119.624,4
2018-07-30 07:29:00,119.616,119.632,119.616,119.624,6
2018-07-30 07:36:00,119.6,119.609,119.6,119.609,2
2018-07-30 07:41:00,119.616,119.616,119.6,119.607,22
2018-07-30 07:42:00,119.616,119.631,119.616,119.62,6
2018-07-30 07:48:00,119.616,119.616,119.6,119.609,6
2018-07-30 07:49:00,119.616,119.616,119.6,119.609,14
2018-07-30 08:01:00,119.6,119.609,119.6,119.609,2
2018-07-30 08:04:00,119.584,119.6,119.584,119.593,42
2018-07-30 08:10:00,119.6,119.6,119.592,119.592,2
2018-07-30 08:11:00,119.6,119.6,119.584,119.593,39
2018-07-30 08:12:00,119.6,119.6,119.584,119.593,12
2018-07-30 08:16:00,119.584,119.6,119.584,119.593,18
2018-07-30 08:17:00,119.584,119.584,119.569,119.577,6
2018-07-30 08:18:00,119.569,119.577,119.569,119.577,2
2018-07-30 08:19:00,119.584,119.584,119.576,119.576,2
2018-07-30 08:22:00,119.569,119.584,119.569,119.577,18
2018-07-30 08:23:00,119.584,119.584,119.569,119.576,18
2018-07-30 08:24:00,119.569,119.584,119.569,119.577,7
2018-07-30 08:31:00,119.553,119.562,119.553,119.562,2
2018-07-30 08:32:00,119.569,119.569,119.56,119.56,2
2018-07-30 08:35:00,119.584,119.584,119.572,119.572,3
2018-07-30 08:36:00,119.569,119.581,119.569,119.581,3
2018-07-30 08:38:00,119.584,119.584,119.569,119.576,10
2018-07-30 08:42:00,119.584,119.584,119.569,119.577,4
2018-07-30 08:43:00,119.569,119.584,119.569,119.577,14
2018-07-30 08:44:00,119.569,119.584,119.569,119.576,4
2018-07-30 08:45:00,119.553,119.569,119.553,119.562,7
2018-07-30 08:46:00,119.553,119.553,119.537,119.549,10
2018-07-30 08:47:00,119.553,119.553,119.537,119.546,24
2018-07-30 08:52:00,119.553,119.569,119.553,119.556,28
2018-07-30 08:54:00,119.537,119.553,119.537,119.546,6
2018-07-30 08:58:00,119.537,119.537,119.522,119.534,31
2018-07-30 08:59:00,119.537,119.537,119.522,119.53,27
2018-07-30 09:00:00,119.537,119.537,119.522,119.53,14
2018-07-30 09:02:00,119.553,119.553,119.537,119.545,29
2018-07-30 09:03:00,119.537,119.546,119.537,119.546,2
2018-07-30 09:10:00,119.537,119.537,119.522,119.53,18
2018-07-30 09:11:00,119.522,119.537,119.522,119.534,19
2018-07-30 09:13:00,119.537,119.537,119.522,119.529,19
2018-07-30 09:14:00,119.522,119.537,119.522,119.53,6
2018-07-30 09:16:00,119.537,119.537,119.529,119.529,3
2018-07-30 09:18:00,119.522,119.537,119.522,119.53,6
2018-07-30 09:19:00,119.522,119.537,119.522,119.529,8
2018-07-30 09:21:00,119.522,119.522,119.506,119.515,4
2018-07-30 09:26:00,119.506,119.522,119.506,119.506,5
2018-07-30 09:28:00,119.506,119.522,119.506,119.513,33
2018-07-30 09:31:00,119.49,119.506,119.49,119.502,9
2018-07-30 09:46:00,119.506,119.506,119.497,119.497,2
2018-07-30 09:50:00,119.522,119.522,119.513,119.513,2
2018-07-30 09:57:00,119.537,119.537,119.522,119.529,13
2018-07-30 09:58:00,119.522,119.53,119.522,119.53,2
2018-07-30 10:02:00,119.522,119.537,119.522,119.529,4
2018-07-30 10:05:00,119.522,119.537,119.522,119.529,4
2018-07-30 10:14:00,119.537,119.537,119.529,119.529,2
2018-07-30 10:17:00,119.537,119.537,119.522,119.534,6
2018-07-30 10:18:00,119.521,119.53,119.521,119.53,2
2018-07-30 10:19:00,119.537,119.537,119.521,119.526,13
2018-07-30 10:28:00,119.553,119.553,119.544,119.544,3
2018-07-30 10:38:00,119.537,119.546,119.537,119.546,2
2018-07-30 10:39:00,119.553,119.553,119.544,119.544,2
2018-07-30 10:41:00,119.553,119.568,119.553,119.56,6
2018-07-30 10:48:00,119.553,119.553,119.537,119.548,6
2018-07-30 10:49:00,119.537,119.553,119.537,119.546,10
2018-07-30 10:52:00,119.521,119.53,119.521,119.53,2
2018-07-30 10:53:00,119.537,119.537,119.521,119.529,11
2018-07-30 10:54:00,119.537,119.537,119.521,119.53,4
2018-07-30 10:57:00,119.521,119.533,119.521,119.533,2
2018-07-30 11:02:00,119.506,119.514,119.506,119.514,2
2018-07-30 11:03:00,119.521,119.521,119.506,119.513,8
2018-07-30 11:04:00,119.521,119.521,119.506,119.514,4
2018-07-30 11:08:00,119.537,119.537,119.529,119.529,2
2018-07-30 11:09:00,119.521,119.537,119.521,119.53,6
2018-07-30 11:12:00,119.521,119.537,119.521,119.528,8
2018-07-30 11:13:00,119.521,119.537,119.521,119.528,10
2018-07-30 11:15:00,119.537,119.537,119.526,119.526,3
2018-07-30 11:23:00,119.521,119.533,119.521,119.533,3
2018-07-30 11:30:00,119.521,119.521,119.506,119.514,4
2018-07-30 11:31:00,119.506,119.521,119.506,119.514,20
2018-07-30 11:34:00,119.506,119.521,119.506,119.509,9
2018-07-30 11:35:00,119.521,119.521,119.506,119.513,19
2018-07-30 11:36:00,119.506,119.514,119.506,119.514,2
2018-07-30 11:44:00,119.521,119.521,119.513,119.513,2
2018-07-30 11:45:00,119.506,119.514,119.506,119.514,2
2018-07-30 11:51:00,119.521,119.521,119.506,119.513,35
2018-07-30 11:53:00,119.537,119.537,119.525,119.525,3
2018-07-30 11:55:00,119.553,119.553,119.544,119.544,2
2018-07-30 11:57:00,119.553,119.553,119.537,119.545,8
2018-07-30 11:58:00,119.537,119.553,119.537,119.548,22
2018-07-30 12:00:00,119.537,119.537,119.521,119.53,21
2018-07-30 12:01:00,119.521,119.534,119.521,119.534,4
2018-07-30 12:04:00,119.521,119.521,119.506,119.514,11
2018-07-30 12:05:00,119.521,119.521,119.506,119.514,8
2018-07-30 12:06:00,119.521,119.521,119.506,119.514,6
2018-07-30 12:10:00,119.521,119.521,119.506,119.518,13
2018-07-30 12:11:00,119.521,119.521,119.506,119.517,26
2018-07-30 12:13:00,119.506,119.521,119.506,119.514,6
2018-07-30 12:14:00,119.521,119.521,119.513,119.513,4
2018-07-30 12:15:00,119.506,119.518,119.506,119.518,4
2018-07-30 12:17:00,119.49,119.502,119.49,119.502,4
2018-07-30 12:18:00,119.49,119.506,119.49,119.494,36
2018-07-30 12:20:00,119.474,119.483,119.474,119.483,3
2018-07-30 12:23:00,119.49,119.49,119.474,119.481,6
2018-07-30 12:24:00,119.49,119.49,119.474,119.483,31
2018-07-30 12:27:00,119.49,119.506,119.49,119.497,10
2018-07-30 12:29:00,119.506,119.506,119.494,119.494,4
2018-07-30 12:35:00,119.521,119.521,119.513,119.513,3
2018-07-30 12:37:00,119.505,119.517,119.505,119.517,3
2018-07-30 12:43:00,119.521,119.521,119.513,119.513,2
2018-07-30 12:45:00,119.505,119.521,119.505,119.517,18
2018-07-30 12:46:00,119.505,119.521,119.505,119.513,4
2018-07-30 12:50:00,119.49,119.505,119.49,119.498,12
2018-07-30 12:51:00,119.49,119.505,119.49,119.494,16
2018-07-30 12:52:00,119.521,119.521,119.497,119.497,9
2018-07-30 12:54:00,119.521,119.537,119.521,119.528,8
2018-07-30 12:56:00,119.505,119.514,119.505,119.514,3
2018-07-30 12:59:00,119.505,119.521,119.505,119.513,9
2018-07-30 13:01:00,119.505,119.521,119.505,119.513,4
2018-07-30 13:04:00,119.49,119.498,119.49,119.498,2
2018-07-30 13:08:00,119.474,119.483,119.474,119.483,2
2018-07-30 13:11:00,119.458,119.47,119.458,119.47,4
2018-07-30 13:12:00,119.474,119.474,119.458,119.462,16
2018-07-30 13:13:00,119.458,119.474,119.458,119.467,21
2018-07-30 13:14:00,119.474,119.474,119.466,119.466,2
2018-07-30 13:15:00,119.49,119.49,119.481,119.481,2
2018-07-30 13:18:00,119.49,119.505,119.49,119.497,5
2018-07-30 13:23:00,119.474,119.483,119.474,119.483,2
2018-07-30 13:27:00,119.458,119.474,119.458,119.467,27
2018-07-30 13:28:00,119.458,119.474,119.458,119.462,20
2018-07-30 13:29:00,119.474,119.474,119.465,119.465,2
2018-07-30 13:30:00,119.458,119.474,119.458,119.467,16
2018-07-30 13:33:00,119.474,119.474,119.465,119.465,2
2018-07-30 13:35:00,119.49,119.49,119.481,119.481,2
2018-07-30 13:40:00,119.49,119.49,119.474,119.483,31
2018-07-30 13:41:00,119.474,119.49,119.474,119.483,6
2018-07-30 13:44:00,119.474,119.49,119.474,119.481,13
2018-07-30 13:46:00,119.474,119.474,119.458,119.467,69
2018-07-30 13:52:00,119.49,119.49,119.481,119.481,2
2018-07-30 13:53:00,119.505,119.505,119.497,119.497,2
2018-07-30 13:54:00,119.521,119.521,119.512,119.512,4
2018-07-30 13:56:00,119.505,119.521,119.505,119.514,14
2018-07-30 13:57:00,119.521,119.521,119.505,119.521,11
2018-07-30 13:58:00,119.505,119.521,119.505,119.514,24
2018-07-30 14:00:00,119.505,119.505,119.49,119.498,37
2018-07-30 14:02:00,119.49,119.505,119.49,119.498,8
2018-07-30 14:03:00,119.505,119.505,119.49,119.497,28
2018-07-30 14:04:00,119.521,119.537,119.49,119.498,16
2018-07-30 14:05:00,119.552,119.552,119.528,119.528,4
2018-07-30 14:06:00,119.537,119.552,119.537,119.545,10
2018-07-30 14:08:00,119.537,119.552,119.537,119.544,27
2018-07-30 14:11:00,119.552,119.552,119.544,119.544,2
2018-07-30 14:12:00,119.552,119.552,119.537,119.545,34
2018-07-30 14:14:00,119.568,119.568,119.552,119.559,32
2018-07-30 14:15:00,119.568,119.568,119.552,119.561,9
2018-07-30 14:16:00,119.568,119.583,119.552,119.564,11
2018-07-30 14:17:00,119.568,119.568,119.552,119.561,4
2018-07-30 14:18:00,119.568,119.568,119.552,119.561,19
2018-07-30 14:19:00,119.552,119.568,119.552,119.561,27
2018-07-30 14:23:00,119.552,119.568,119.552,119.559,6
2018-07-30 14:24:00,119.552,119.568,119.552,119.559,9
2018-07-30 14:27:00,119.552,119.568,119.552,119.559,4
2018-07-30 14:31:00,119.536,119.545,119.536,119.545,2
2018-07-30 14:32:00,119.552,119.552,119.536,119.544,10
2018-07-30 14:35:00,119.568,119.568,119.559,119.559,2
2018-07-30 14:38:00,119.552,119.564,119.552,119.564,4
2018-07-30 14:39:00,119.536,119.545,119.536,119.545,2
2018-07-30 14:40:00,119.552,119.552,119.536,119.544,13
2018-07-30 14:41:00,119.552,119.552,119.536,119.545,10
2018-07-30 14:42:00,119.536,119.552,119.536,119.548,24
2018-07-30 14:43:00,119.552,119.552,119.536,119.544,9
2018-07-30 14:44:00,119.552,119.552,119.536,119.548,30
2018-07-30 14:45:00,119.536,119.552,119.536,119.548,24
2018-07-30 14:46:00,119.536,119.552,119.536,119.54,32
2018-07-30 14:48:00,119.521,119.529,119.521,119.529,2
2018-07-30 14:49:00,119.521,119.536,119.521,119.528,5
2018-07-30 14:50:00,119.536,119.536,119.528,119.528,2
2018-07-30 14:54:00,119.552,119.552,119.536,119.54,16
2018-07-30 14:55:00,119.536,119.552,119.536,119.545,11
2018-07-30 14:57:00,119.521,119.529,119.521,119.529,2
2018-07-30 14:58:00,119.536,119.536,119.521,119.528,10
2018-07-30 14:59:00,119.536,119.536,119.521,119.533,5
2018-07-30 15:01:00,119.552,119.552,119.536,119.544,14
2018-07-30 15:02:00,119.552,119.552,119.536,119.545,40
2018-07-30 15:04:00,119.568,119.568,119.559,119.559,2
2018-07-30 15:05:00,119.552,119.568,119.536,119.561,25
2018-07-30 15:09:00,119.568,119.568,119.559,119.559,3
2018-07-30 15:10:00,119.568,119.568,119.552,119.561,16
2018-07-30 15:11:00,119.552,119.561,119.552,119.561,2
2018-07-30 15:12:00,119.552,119.552,119.536,119.545,7
2018-07-30 15:16:00,119.568,119.568,119.536,119.548,10
2018-07-30 15:17:00,119.583,119.583,119.552,119.564,54
2018-07-30 15:20:00,119.568,119.583,119.568,119.576,19
2018-07-30 15:23:00,119.568,119.568,119.552,119.561,14
2018-07-30 15:25:00,119.568,119.568,119.552,119.561,4
2018-07-30 15:32:00,119.583,119.583,119.575,119.575,2
2018-07-30 15:33:00,119.568,119.583,119.568,119.576,34
2018-07-30 15:46:00,119.583,119.583,119.575,119.575,2
2018-07-30 15:58:00,119.583,119.583,119.568,119.576,4
2018-07-30 16:03:00,119.599,119.599,119.59,119.59,2
2018-07-30 16:09:00,119.614,119.614,119.603,119.603,2
2018-07-30 16:11:00,119.63,119.63,119.614,119.622,24
2018-07-30 16:12:00,119.614,119.623,119.614,119.623,2
2018-07-30 16:13:00,119.614,119.63,119.614,119.622,4
2018-07-30 16:14:00,119.614,119.63,119.614,119.622,4
2018-07-30 16:22:00,119.614,119.614,119.599,119.607,4
2018-07-30 16:23:00,119.599,119.614,119.599,119.607,7
2018-07-30 16:24:00,119.614,119.614,119.599,119.606,6
2018-07-30 16:25:00,119.599,119.614,119.599,119.611,14
2018-07-30 16:26:00,119.614,119.614,119.606,119.606,3
2018-07-30 16:33:00,119.614,119.614,119.599,119.607,4
2018-07-30 16:37:00,119.614,119.614,119.599,119.607,5
2018-07-30 16:38:00,119.599,119.607,119.599,119.607,2
2018-07-30 16:40:00,119.614,119.614,119.606,119.606,2
2018-07-30 16:42:00,119.63,119.646,119.622,119.622,15
2018-07-30 16:43:00,119.646,119.646,119.63,119.637,12
2018-07-30 16:44:00,119.63,119.646,119.63,119.642,17
2018-07-30 16:48:00,119.646,119.646,119.637,119.637,2
2018-07-30 16:49:00,119.646,119.661,119.646,119.653,11
2018-07-30 16:51:00,119.63,119.639,119.63,119.639,2
2018-07-30 16:52:00,119.646,119.646,119.637,119.637,2
2018-07-30 16:53:00,119.646,119.646,119.63,119.639,4
2018-07-30 17:07:00,119.614,119.638,119.614,119.638,23
2018-07-30 17:08:00,119.614,119.63,119.614,119.621,21
2018-07-30 17:46:00,119.63,119.63,119.614,119.621,29
2018-07-30 17:47:00,119.614,119.63,119.614,119.623,6
2018-07-30 17:48:00,119.63,119.63,119.621,119.621,2
2018-07-30 17:49:00,119.63,119.63,119.614,119.626,14
2018-07-30 17:51:00,119.614,119.63,119.614,119.626,9
2018-07-30 17:59:00,119.598,119.614,119.598,119.607,7
2018-07-30 18:03:00,119.598,119.606,119.598,119.606,4
2018-07-30 18:05:00,119.583,119.595,119.583,119.595,4
2018-07-30 18:06:00,119.598,119.598,119.59,119.59,2
2018-07-30 18:24:00,119.598,119.598,119.583,119.591,32
2018-07-30 18:26:00,119.583,119.598,119.583,119.591,29
2018-07-30 18:27:00,119.583,119.598,119.583,119.598,3
2018-07-30 18:33:00,119.598,119.598,119.583,119.59,6
2018-07-30 18:35:00,119.583,119.594,119.583,119.594,3
2018-07-30 18:38:00,119.598,119.598,119.586,119.586,4
2018-07-30 18:39:00,119.598,119.614,119.598,119.602,6
2018-07-30 18:46:00,119.583,119.595,119.567,119.595,9
2018-07-30 18:47:00,119.598,119.598,119.59,119.59,3
2018-07-30 18:57:00,119.583,119.594,119.583,119.594,4
2018-07-30 18:58:00,119.567,119.576,119.567,119.576,2
2018-07-30 18:59:00,119.583,119.583,119.567,119.57,9
2018-07-30 19:00:00,119.583,119.583,119.567,119.576,12
2018-07-30 19:01:00,119.567,119.576,119.567,119.576,2
2018-07-30 19:02:00,119.583,119.583,119.567,119.574,6
2018-07-30 19:06:00,119.567,119.583,119.567,119.576,7
2018-07-30 19:10:00,119.551,119.563,119.551,119.563,3
2018-07-30 19:12:00,119.551,119.567,119.551,119.555,6
2018-07-30 19:13:00,119.551,119.567,119.551,119.558,8
2018-07-30 19:18:00,119.567,119.567,119.558,119.558,2
2018-07-30 19:19:00,119.551,119.56,119.551,119.56,2
2018-07-30 19:25:00,119.551,119.551,119.536,119.548,8
2018-07-30 19:27:00,119.551,119.551,119.536,119.544,11
2018-07-30 19:28:00,119.551,119.551,119.536,119.54,12
2018-07-30 19:29:00,119.536,119.551,119.536,119.544,6
2018-07-30 19:43:00,119.536,119.543,119.536,119.543,13
2018-07-30 19:45:00,119.536,119.551,119.536,119.543,29
2018-07-30 19:46:00,119.551,119.551,119.536,119.543,14
2018-07-30 19:50:00,119.551,119.551,119.536,119.544,4
2018-07-30 19:52:00,119.536,119.551,119.536,119.544,9
2018-07-30 19:53:00,119.551,119.551,119.543,119.543,2
2018-07-30 20:04:00,119.567,119.567,119.554,119.554,4
2018-07-30 20:21:00,119.567,119.582,119.567,119.574,9
2018-07-30 20:59:00,119.567,119.567,119.567,119.567,1
2018-07-30 22:00:00,119.567,119.567,119.567,119.567,1
2018-07-30 22:01:00,119.582,119.582,119.578,119.578,2
2018-07-30 22:04:00,119.598,119.598,119.589,119.589,2
2018-07-30 22:06:00,119.598,119.598,119.582,119.594,13
2018-07-30 22:09:00,119.598,119.598,119.582,119.594,14
2018-07-30 22:32:00,119.582,119.591,119.582,119.591,6
2018-07-30 22:59:00,119.598,119.598,119.582,119.586,30
2018-07-30 23:18:00,119.582,119.594,119.582,119.594,4
2018-07-30 23:25:00,119.598,119.598,119.589,119.589,2
2018-07-30 23:27:00,119.582,119.594,119.582,119.594,4
2018-07-30 23:38:00,119.598,119.598,119.582,119.586,8
2018-07-30 23:39:00,119.598,119.598,119.582,119.59,6
2018-07-30 23:58:00,119.598,119.613,119.598,119.605,8
2018-07-31 00:05:00,119.613,119.613,119.597,119.602,32
2018-07-31 00:08:00,119.613,119.613,119.597,119.606,5
2018-07-31 00:09:00,119.597,119.613,119.597,119.597,14
2018-07-31 00:10:00,119.613,119.613,119.601,119.601,4
2018-07-31 00:12:00,119.613,119.613,119.597,119.609,16
2018-07-31 00:13:00,119.613,119.613,119.597,119.61,26
2018-07-31 00:19:00,119.597,119.613,119.597,119.606,34
2018-07-31 00:20:00,119.613,119.613,119.605,119.605,2
2018-07-31 00:21:00,119.597,119.613,119.597,119.606,29
2018-07-31 00:22:00,119.606,119.613,119.597,119.601,23
2018-07-31 00:23:00,119.613,119.613,119.609,119.609,2
2018-07-31 00:24:00,119.597,119.613,119.597,119.61,10
2018-07-31 00:25:00,119.613,119.613,119.605,119.605,2
2018-07-31 00:29:00,119.597,119.613,119.597,119.606,7
2018-07-31 00:30:00,119.613,119.613,119.602,119.602,3
2018-07-31 00:31:00,119.613,119.613,119.597,119.606,21
2018-07-31 00:32:00,119.597,119.613,119.597,119.61,12
2018-07-31 00:35:00,119.613,119.613,119.605,119.605,2
2018-07-31 00:37:00,119.597,119.606,119.597,119.606,2
2018-07-31 00:38:00,119.597,119.613,119.597,119.605,31
2018-07-31 00:39:00,119.613,119.613,119.605,119.605,2
2018-07-31 00:41:00,119.597,119.613,119.597,119.61,48
2018-07-31 00:44:00,119.597,119.613,119.597,119.613,27
2018-07-31 00:45:00,119.597,119.613,119.582,119.605,14
2018-07-31 00:55:00,119.597,119.613,119.597,119.605,4
2018-07-31 01:08:00,119.613,119.613,119.604,119.604,2
2018-07-31 01:18:00,119.597,119.61,119.597,119.61,4
2018-07-31 01:20:00,119.597,119.613,119.597,119.604,4
2018-07-31 01:24:00,119.597,119.613,119.597,119.602,17
2018-07-31 02:22:00,119.613,119.613,119.604,119.604,2
2018-07-31 02:25:00,119.597,119.606,119.597,119.606,2
2018-07-31 02:30:00,119.597,119.613,119.597,119.604,12
2018-07-31 02:34:00,119.613,119.613,119.604,119.604,2
2018-07-31 02:36:00,119.597,119.613,119.597,119.61,10
2018-07-31 02:39:00,119.597,119.613,119.597,119.604,11
2018-07-31 02:48:00,119.597,119.613,119.597,119.604,9
2018-07-31 02:49:00,119.597,119.613,119.597,119.601,7
2018-07-31 03:00:00,119.581,119.597,119.581,119.59,29
2018-07-31 03:01:00,119.566,119.581,119.566,119.574,24
2018-07-31 03:02:00,119.566,119.581,119.566,119.57,10
2018-07-31 03:03:00,119.581,119.581,119.573,119.573,3
2018-07-31 03:04:00,119.581,119.581,119.566,119.578,20
2018-07-31 03:05:00,119.581,119.581,119.566,119.574,20
2018-07-31 03:06:00,119.597,119.597,119.586,119.586,4
2018-07-31 03:30:00,119.581,119.593,119.581,119.593,4
2018-07-31 03:38:00,119.566,119.574,119.566,119.574,2
2018-07-31 03:40:00,119.55,119.566,119.55,119.558,6
2018-07-31 03:41:00,119.566,119.566,119.55,119.557,15
2018-07-31 03:43:00,119.566,119.581,119.566,119.573,14
2018-07-31 03:44:00,119.566,119.581,119.566,119.573,59
2018-07-31 03:45:00,119.566,119.581,119.566,119.573,4
2018-07-31 03:46:00,119.566,119.581,119.566,119.581,6
2018-07-31 03:51:00,119.566,119.566,119.55,119.558,18
2018-07-31 03:56:00,119.55,119.566,119.55,119.558,20
2018-07-31 03:57:00,119.566,119.566,119.55,119.557,14
2018-07-31 03:58:00,119.566,119.581,119.55,119.55,55
2018-07-31 03:59:00,119.55,119.566,119.55,119.558,6
2018-07-31 04:03:00,119.597,119.659,119.55,119.554,259
2018-07-31 04:04:00,119.597,119.612,119.566,119.59,38
2018-07-31 04:05:00,119.628,119.628,119.597,119.604,91
2018-07-31 04:06:00,119.644,119.644,119.612,119.632,64
2018-07-31 04:07:00,119.691,119.691,119.648,119.648,103
2018-07-31 04:08:00,119.691,119.691,119.675,119.687,25
2018-07-31 04:09:00,119.722,119.738,119.698,119.698,21
2018-07-31 04:10:00,119.753,119.753,119.722,119.729,56
2018-07-31 04:11:00,119.753,119.753,119.738,119.75,30
2018-07-31 04:12:00,119.738,119.746,119.738,119.746,2
2018-07-31 04:13:00,119.722,119.738,119.722,119.731,88
2018-07-31 04:14:00,119.722,119.738,119.722,119.729,28
2018-07-31 04:15:00,119.722,119.738,119.706,119.729,77
2018-07-31 04:16:00,119.722,119.722,119.706,119.715,16
2018-07-31 04:17:00,119.722,119.722,119.706,119.715,8
2018-07-31 04:18:00,119.722,119.722,119.706,119.715,4
2018-07-31 04:19:00,119.722,119.722,119.706,119.706,3
2018-07-31 04:23:00,119.753,119.753,119.722,119.729,17
2018-07-31 04:24:00,119.753,119.753,119.738,119.746,5
2018-07-31 04:31:00,119.738,119.753,119.738,119.746,14
2018-07-31 04:33:00,119.8,119.847,119.742,119.742,53
2018-07-31 04:34:00,119.816,119.816,119.8,119.804,26
2018-07-31 04:35:00,119.832,119.847,119.816,119.82,24
2018-07-31 04:36:00,119.816,119.832,119.816,119.828,55
2018-07-31 04:38:00,119.832,119.832,119.816,119.82,12
2018-07-31 04:39:00,119.832,119.832,119.816,119.828,153
2018-07-31 04:40:00,119.816,119.832,119.816,119.828,9
2018-07-31 04:41:00,119.816,119.816,119.8,119.809,172
2018-07-31 04:42:00,119.816,119.832,119.816,119.82,34
2018-07-31 04:43:00,119.8,119.816,119.8,119.812,11
2018-07-31 04:44:00,119.816,119.816,119.807,119.807,2
2018-07-31 04:46:00,119.847,119.847,119.82,119.82,103
2018-07-31 04:47:00,119.847,119.863,119.847,119.851,44
2018-07-31 04:48:00,119.847,119.854,119.847,119.851,9
2018-07-31 04:49:00,119.831,119.847,119.831,119.831,31
2018-07-31 04:51:00,119.816,119.831,119.816,119.828,37
2018-07-31 04:54:00,119.831,119.831,119.816,119.823,19
2018-07-31 04:56:00,119.847,119.847,119.836,119.836,4
2018-07-31 04:58:00,119.831,119.843,119.831,119.843,6
2018-07-31 04:59:00,119.816,119.831,119.816,119.824,25
2018-07-31 05:01:00,119.816,119.816,119.8,119.809,44
2018-07-31 05:02:00,119.785,119.812,119.785,119.812,8
2018-07-31 05:05:00,119.769,119.777,119.769,119.777,2
2018-07-31 05:07:00,119.769,119.769,119.753,119.765,16
2018-07-31 05:08:00,119.769,119.769,119.753,119.765,10
2018-07-31 05:11:00,119.784,119.784,119.772,119.772,4
2018-07-31 05:23:00,119.8,119.8,119.788,119.788,4
2018-07-31 05:24:00,119.784,119.793,119.784,119.793,2
2018-07-31 05:26:00,119.8,119.8,119.788,119.788,3
2018-07-31 05:28:00,119.8,119.8,119.784,119.793,4
2018-07-31 05:32:00,119.784,119.796,119.784,119.796,4
2018-07-31 05:34:00,119.8,119.8,119.792,119.792,2
2018-07-31 05:36:00,119.8,119.8,119.784,119.793,4
2018-07-31 05:38:00,119.784,119.796,119.784,119.796,7
2018-07-31 05:42:00,119.8,119.8,119.792,119.792,2
2018-07-31 05:43:00,119.816,119.816,119.8,119.807,16
2018-07-31 05:47:00,119.824,119.831,119.816,119.823,28
2018-07-31 05:48:00,119.831,119.831,119.816,119.827,23
2018-07-31 05:50:00,119.831,119.831,119.816,119.824,6
2018-07-31 05:52:00,119.816,119.831,119.816,119.824,62
2018-07-31 05:53:00,119.8,119.816,119.8,119.809,109
2018-07-31 05:57:00,119.816,119.831,119.804,119.804,47
2018-07-31 05:58:00,119.816,119.816,119.8,119.8,12
2018-07-31 06:00:00,119.816,119.816,119.8,119.812,20
2018-07-31 06:01:00,119.816,119.816,119.8,119.812,39
2018-07-31 06:02:00,119.8,119.816,119.8,119.809,8
2018-07-31 06:06:00,119.8,119.8,119.784,119.796,6
2018-07-31 06:09:00,119.8,119.8,119.784,119.793,18
2018-07-31 06:10:00,119.8,119.8,119.784,119.792,40
2018-07-31 06:11:00,119.8,119.8,119.784,119.796,13
2018-07-31 06:12:00,119.816,119.816,119.804,119.804,3
2018-07-31 06:14:00,119.831,119.831,119.816,119.824,29
2018-07-31 06:15:00,119.831,119.831,119.816,119.828,10
2018-07-31 06:17:00,119.816,119.831,119.816,119.828,11
2018-07-31 06:21:00,119.816,119.816,119.8,119.804,6
2018-07-31 06:22:00,119.784,119.816,119.784,119.808,27
2018-07-31 06:23:00,119.8,119.8,119.784,119.788,27
2018-07-31 06:24:00,119.8,119.8,119.784,119.793,6
2018-07-31 06:26:00,119.8,119.8,119.784,119.793,10
2018-07-31 06:27:00,119.784,119.793,119.784,119.793,2
2018-07-31 06:28:00,119.8,119.8,119.784,119.791,6
2018-07-31 06:29:00,119.816,119.816,119.8,119.816,16
2018-07-31 06:30:00,119.831,119.847,119.816,119.823,47
2018-07-31 06:31:00,119.816,119.828,119.816,119.828,4
2018-07-31 06:32:00,119.8,119.816,119.8,119.808,43
2018-07-31 06:33:00,119.753,119.816,119.737,119.807,99
2018-07-31 06:34:00,119.737,119.769,119.737,119.756,54
2018-07-31 06:35:00,119.737,119.737,119.722,119.73,25
2018-07-31 06:36:00,119.737,119.753,119.737,119.741,49
2018-07-31 06:37:00,119.69,119.737,119.69,119.73,56
2018-07-31 06:38:00,119.675,119.69,119.659,119.683,50
2018-07-31 06:39:00,119.69,119.69,119.675,119.678,13
2018-07-31 06:40:00,119.69,119.69,119.675,119.683,65
2018-07-31 06:41:00,119.69,119.706,119.69,119.706,11
2018-07-31 06:42:00,119.675,119.686,119.675,119.686,4
2018-07-31 06:43:00,119.69,119.69,119.675,119.69,6
2018-07-31 06:44:00,119.706,119.706,119.697,119.697,2
2018-07-31 06:45:00,119.722,119.722,119.706,119.71,34
2018-07-31 06:46:00,119.722,119.737,119.722,119.729,15
2018-07-31 06:47:00,119.737,119.737,119.722,119.726,16
2018-07-31 06:48:00,119.722,119.737,119.722,119.73,13
2018-07-31 06:49:00,119.722,119.722,119.69,119.706,70
2018-07-31 06:50:00,119.722,119.722,119.706,119.714,15
2018-07-31 06:51:00,119.69,119.722,119.69,119.718,24
2018-07-31 06:52:00,119.706,119.706,119.69,119.697,26
2018-07-31 06:53:00,119.706,119.706,119.69,119.699,27
2018-07-31 06:54:00,119.69,119.699,119.69,119.699,2
2018-07-31 06:55:00,119.69,119.69,119.675,119.683,8
2018-07-31 06:57:00,119.69,119.69,119.675,119.683,65
2018-07-31 06:58:00,119.706,119.706,119.69,119.694,15
2018-07-31 07:00:00,119.706,119.706,119.69,119.699,4
2018-07-31 07:01:00,119.69,119.706,119.69,119.699,27
2018-07-31 07:02:00,119.69,119.706,119.69,119.694,11
2018-07-31 07:03:00,119.706,119.706,119.694,119.694,2
2018-07-31 07:07:00,119.737,119.737,119.713,119.713,4
2018-07-31 07:08:00,119.722,119.737,119.722,119.733,8
2018-07-31 07:09:00,119.737,119.737,119.729,119.729,2
2018-07-31 07:11:00,119.753,119.753,119.737,119.741,8
2018-07-31 07:13:00,119.753,119.753,119.737,119.749,16
2018-07-31 07:14:00,119.737,119.746,119.737,119.746,2
2018-07-31 07:19:00,119.722,119.73,119.722,119.73,2
2018-07-31 07:20:00,119.706,119.718,119.706,119.718,3
2018-07-31 07:21:00,119.722,119.722,119.713,119.713,2
2018-07-31 07:22:00,119.706,119.718,119.706,119.718,3
2018-07-31 07:25:00,119.721,119.721,119.713,119.713,2
2018-07-31 07:30:00,119.706,119.718,119.706,119.718,6
2018-07-31 07:32:00,119.706,119.713,119.706,119.71,3
2018-07-31 07:33:00,119.69,119.699,119.69,119.699,2
2018-07-31 07:35:00,119.69,119.706,119.69,119.697,8
2018-07-31 07:36:00,119.706,119.706,119.69,119.697,24
2018-07-31 07:43:00,119.706,119.706,119.69,119.699,13
2018-07-31 07:47:00,119.706,119.706,119.69,119.699,6
2018-07-31 07:48:00,119.69,119.706,119.69,119.702,4
2018-07-31 07:50:00,119.69,119.706,119.69,119.697,8
2018-07-31 08:03:00,119.674,119.683,119.674,119.683,2
2018-07-31 08:04:00,119.69,119.69,119.674,119.682,18
2018-07-31 08:05:00,119.69,119.69,119.674,119.683,24
2018-07-31 08:07:00,119.706,119.706,119.694,119.694,4
2018-07-31 08:08:00,119.69,119.706,119.69,119.699,15
2018-07-31 08:09:00,119.706,119.706,119.69,119.694,12
2018-07-31 08:10:00,119.69,119.699,119.69,119.699,3
2018-07-31 08:12:00,119.706,119.706,119.69,119.694,12
2018-07-31 08:14:00,119.69,119.706,119.69,119.699,16
2018-07-31 08:15:00,119.69,119.706,119.69,119.697,4
2018-07-31 08:24:00,119.706,119.706,119.694,119.694,3
2018-07-31 08:25:00,119.69,119.699,119.674,119.699,9
2018-07-31 08:26:00,119.69,119.69,119.674,119.683,5
2018-07-31 08:27:00,119.706,119.706,119.69,119.697,7
2018-07-31 08:28:00,119.69,119.706,119.69,119.699,8
2018-07-31 08:29:00,119.706,119.706,119.697,119.697,2
2018-07-31 08:32:00,119.69,119.702,119.69,119.702,4
2018-07-31 08:42:00,119.69,119.706,119.69,119.697,5
2018-07-31 08:47:00,119.69,119.69,119.674,119.683,4
2018-07-31 08:50:00,119.706,119.706,119.694,119.694,3
2018-07-31 08:53:00,119.69,119.699,119.69,119.699,2
2018-07-31 08:54:00,119.706,119.706,119.706,119.706,1
2018-07-31 08:59:00,119.706,119.706,119.69,119.702,28
2018-07-31 09:00:00,119.69,119.698,119.674,119.698,7
2018-07-31 09:01:00,119.69,119.69,119.674,119.683,4
2018-07-31 09:02:00,119.674,119.683,119.674,119.683,2
2018-07-31 09:03:00,119.69,119.69,119.681,119.681,2
2018-07-31 09:04:00,119.674,119.683,119.674,119.683,2
2018-07-31 09:15:00,119.659,119.667,119.659,119.667,2
2018-07-31 09:17:00,119.674,119.674,119.659,119.666,9
2018-07-31 09:20:00,119.674,119.674,119.659,119.671,10
2018-07-31 09:24:00,119.659,119.667,119.659,119.667,2
2018-07-31 09:30:00,119.659,119.674,119.659,119.662,6
2018-07-31 09:32:00,119.674,119.674,119.666,119.666,2
2018-07-31 09:37:00,119.69,119.69,119.681,119.681,2
2018-07-31 09:41:00,119.705,119.705,119.69,119.697,10
2018-07-31 09:44:00,119.705,119.721,119.705,119.713,5
2018-07-31 09:46:00,119.705,119.721,119.705,119.713,4
2018-07-31 09:49:00,119.721,119.721,119.713,119.713,2
2018-07-31 09:50:00,119.737,119.737,119.721,119.725,8
2018-07-31 09:51:00,119.721,119.73,119.721,119.73,2
2018-07-31 09:59:00,119.737,119.737,119.724,119.724,3
2018-07-31 10:02:00,119.737,119.752,119.737,119.744,4
2018-07-31 10:03:00,119.721,119.737,119.721,119.733,6
2018-07-31 10:07:00,119.721,119.737,119.721,119.724,11
2018-07-31 10:08:00,119.737,119.737,119.728,119.728,2
2018-07-31 10:11:00,119.752,119.752,119.737,119.744,20
2018-07-31 10:12:00,119.737,119.752,119.737,119.745,14
2018-07-31 10:13:00,119.752,119.752,119.737,119.744,8
2018-07-31 10:14:00,119.737,119.745,119.737,119.745,2
2018-07-31 10:15:00,119.737,119.737,119.721,119.732,6
2018-07-31 10:17:00,119.721,119.733,119.721,119.733,3
2018-07-31 10:18:00,119.737,119.737,119.721,119.728,10
2018-07-31 10:24:00,119.737,119.737,119.721,119.73,4
2018-07-31 10:26:00,119.721,119.73,119.721,119.73,2
2018-07-31 10:28:00,119.705,119.714,119.705,119.714,3
2018-07-31 10:30:00,119.721,119.721,119.717,119.717,2
2018-07-31 10:32:00,119.705,119.714,119.705,119.714,2
2018-07-31 10:35:00,119.721,119.721,119.712,119.712,2
2018-07-31 10:36:00,119.705,119.721,119.705,119.705,5
2018-07-31 10:38:00,119.705,119.721,119.705,119.712,4
2018-07-31 10:43:00,119.721,119.721,119.705,119.712,9
2018-07-31 10:49:00,119.737,119.737,119.728,119.728,2
2018-07-31 10:50:00,119.752,119.752,119.737,119.74,8
2018-07-31 10:53:00,119.752,119.752,119.737,119.745,4
2018-07-31 10:55:00,119.752,119.752,119.737,119.745,10
2018-07-31 10:57:00,119.752,119.752,119.737,119.748,6
2018-07-31 10:58:00,119.737,119.748,119.737,119.748,3
2018-07-31 11:01:00,119.721,119.732,119.721,119.732,4
2018-07-31 11:06:00,119.705,119.714,119.705,119.714,2
2018-07-31 11:08:00,119.69,119.705,119.69,119.698,9
2018-07-31 11:12:00,119.69,119.705,119.69,119.697,8
2018-07-31 11:15:00,119.705,119.705,119.697,119.697,2
2018-07-31 11:16:00,119.69,119.705,119.69,119.698,17
2018-07-31 11:18:00,119.69,119.69,119.674,119.682,13
2018-07-31 11:19:00,119.69,119.69,119.674,119.682,15
2018-07-31 11:22:00,119.658,119.686,119.643,119.686,13
2018-07-31 11:24:00,119.658,119.658,119.643,119.651,29
2018-07-31 11:25:00,119.658,119.658,119.643,119.651,69
2018-07-31 11:26:00,119.643,119.658,119.643,119.651,27
2018-07-31 11:29:00,119.658,119.658,119.643,119.646,28
2018-07-31 11:30:00,119.643,119.658,119.643,119.651,9
2018-07-31 11:32:00,119.643,119.658,119.643,119.65,8
2018-07-31 11:34:00,119.658,119.658,119.65,119.65,2
2018-07-31 11:36:00,119.643,119.658,119.643,119.651,24
2018-07-31 11:37:00,119.643,119.658,119.643,119.65,5
2018-07-31 11:38:00,119.658,119.658,119.643,119.65,7
2018-07-31 11:42:00,119.674,119.674,119.665,119.665,2
2018-07-31 11:43:00,119.69,119.69,119.674,119.681,6
2018-07-31 11:44:00,119.674,119.69,119.674,119.682,8
2018-07-31 11:45:00,119.69,119.69,119.681,119.681,2
2018-07-31 11:48:00,119.705,119.705,119.697,119.697,2
2018-07-31 11:49:00,119.689,119.698,119.689,119.698,3
2018-07-31 11:50:00,119.705,119.705,119.697,119.697,2
2018-07-31 11:52:00,119.705,119.705,119.689,119.698,14
2018-07-31 11:56:00,119.721,119.721,119.705,119.708,7
2018-07-31 12:00:00,119.705,119.721,119.705,119.717,8
2018-07-31 12:03:00,119.674,119.698,119.674,119.698,4
2018-07-31 12:04:00,119.689,119.689,119.681,119.681,2
2018-07-31 12:07:00,119.674,119.689,119.674,119.682,20
2018-07-31 12:08:00,119.674,119.689,119.674,119.681,4
2018-07-31 12:14:00,119.689,119.689,119.678,119.678,4
2018-07-31 12:15:00,119.674,119.682,119.674,119.682,3
2018-07-31 12:16:00,119.689,119.689,119.681,119.681,2
2018-07-31 12:20:00,119.674,119.682,119.674,119.682,2
2018-07-31 12:21:00,119.658,119.667,119.642,119.667,19
2018-07-31 12:28:00,119.658,119.658,119.642,119.654,70
2018-07-31 12:30:00,119.674,119.701,119.662,119.662,94
2018-07-31 12:31:00,119.658,119.67,119.658,119.67,4
2018-07-31 12:32:00,119.689,119.689,119.642,119.651,15
2018-07-31 12:33:00,119.674,119.689,119.674,119.686,24
2018-07-31 12:34:00,119.658,119.674,119.658,119.667,38
2018-07-31 12:35:00,119.674,119.674,119.662,119.662,3
2018-07-31 12:37:00,119.658,119.67,119.658,119.67,4
2018-07-31 12:38:00,119.658,119.674,119.658,119.662,47
2018-07-31 12:42:00,119.674,119.674,119.665,119.665,2
2018-07-31 12:43:00,119.689,119.705,119.674,119.681,23
2018-07-31 12:46:00,119.689,119.689,119.674,119.682,27
2018-07-31 12:47:00,119.689,119.689,119.674,119.682,12
2018-07-31 12:50:00,119.689,119.721,119.689,119.696,16
2018-07-31 12:53:00,119.689,119.689,119.674,119.682,9
2018-07-31 12:57:00,119.689,119.705,119.689,119.696,11
2018-07-31 12:59:00,119.705,119.705,119.693,119.693,4
2018-07-31 13:00:00,119.689,119.705,119.689,119.701,8
2018-07-31 13:04:00,119.689,119.689,119.674,119.682,4
2018-07-31 13:06:00,119.689,119.705,119.689,119.696,54
2018-07-31 13:08:00,119.689,119.705,119.689,119.696,4
2018-07-31 13:09:00,119.705,119.721,119.696,119.696,11
2018-07-31 13:10:00,119.721,119.721,119.705,119.712,25
2018-07-31 13:13:00,119.721,119.736,119.721,119.728,29
2018-07-31 13:16:00,119.736,119.736,119.728,119.728,2
2018-07-31 13:18:00,119.752,119.752,119.736,119.74,36
2018-07-31 13:19:00,119.736,119.752,119.736,119.745,12
2018-07-31 13:20:00,119.736,119.736,119.721,119.729,29
2018-07-31 13:21:00,119.721,119.729,119.721,119.729,2
2018-07-31 13:22:00,119.721,119.721,119.705,119.713,4
2018-07-31 13:24:00,119.611,119.736,119.611,119.728,117
2018-07-31 13:25:00,119.642,119.642,119.611,119.618,77
2018-07-31 13:26:00,119.642,119.642,119.62,119.635,60
2018-07-31 13:27:00,119.658,119.658,119.642,119.649,27
2018-07-31 13:28:00,119.627,119.658,119.627,119.651,10
2018-07-31 13:29:00,119.642,119.642,119.627,119.634,39
2018-07-31 13:30:00,119.595,119.642,119.595,119.635,49
2018-07-31 13:31:00,119.595,119.595,119.58,119.592,15
2018-07-31 13:32:00,119.627,119.627,119.602,119.602,4
2018-07-31 13:33:00,119.611,119.627,119.611,119.619,14
2018-07-31 13:34:00,119.611,119.627,119.611,119.618,40
2018-07-31 13:35:00,119.611,119.611,119.595,119.604,11
2018-07-31 13:36:00,119.611,119.627,119.611,119.618,13
2018-07-31 13:39:00,119.611,119.611,119.595,119.604,19
2018-07-31 13:40:00,119.627,119.627,119.611,119.614,8
2018-07-31 13:42:00,119.642,119.642,119.611,119.619,27
2018-07-31 13:43:00,119.627,119.642,119.627,119.638,7
2018-07-31 13:44:00,119.627,119.642,119.627,119.634,20
2018-07-31 13:45:00,119.627,119.627,119.611,119.623,10
2018-07-31 13:46:00,119.658,119.658,119.627,119.634,34
2018-07-31 13:47:00,119.642,119.658,119.642,119.651,70
2018-07-31 13:48:00,119.658,119.658,119.649,119.649,2
2018-07-31 13:49:00,119.674,119.674,119.642,119.651,49
2018-07-31 13:50:00,119.658,119.666,119.658,119.666,2
2018-07-31 13:51:00,119.674,119.674,119.658,119.665,19
2018-07-31 13:52:00,119.674,119.674,119.658,119.67,6
2018-07-31 13:54:00,119.674,119.674,119.658,119.666,7
2018-07-31 13:55:00,119.674,119.674,119.658,119.666,8
2018-07-31 13:57:00,119.674,119.674,119.658,119.67,14
2018-07-31 14:00:00,119.673,119.673,119.658,119.666,14
2018-07-31 14:01:00,119.658,119.666,119.658,119.666,2
2018-07-31 14:02:00,119.658,119.673,119.658,119.665,27
2018-07-31 14:03:00,119.658,119.673,119.658,119.665,51
2018-07-31 14:05:00,119.642,119.654,119.642,119.654,4
2018-07-31 14:08:00,119.611,119.638,119.611,119.638,9
2018-07-31 14:09:00,119.611,119.627,119.611,119.618,20
2018-07-31 14:12:00,119.627,119.627,119.615,119.615,4
2018-07-31 14:14:00,119.642,119.642,119.634,119.634,3
2018-07-31 14:16:00,119.626,119.642,119.626,119.638,20
2018-07-31 14:17:00,119.626,119.642,119.626,119.634,23
2018-07-31 14:18:00,119.626,119.642,119.626,119.634,38
2018-07-31 14:20:00,119.626,119.626,119.611,119.619,6
2018-07-31 14:21:00,119.626,119.626,119.611,119.622,61
2018-07-31 14:23:00,119.611,119.623,119.611,119.623,4
2018-07-31 14:24:00,119.611,119.626,119.611,119.618,17
2018-07-31 14:25:00,119.611,119.626,119.611,119.614,9
2018-07-31 14:27:00,119.611,119.618,119.611,119.618,8
2018-07-31 14:28:00,119.595,119.604,119.595,119.604,3
2018-07-31 14:29:00,119.595,119.595,119.579,119.592,5
2018-07-31 14:31:00,119.595,119.595,119.579,119.591,22
2018-07-31 14:35:00,119.579,119.595,119.579,119.592,11
2018-07-31 14:41:00,119.595,119.595,119.583,119.583,3
2018-07-31 14:43:00,119.611,119.611,119.595,119.602,36
2018-07-31 14:44:00,119.611,119.611,119.595,119.604,16
2018-07-31 14:45:00,119.611,119.611,119.595,119.604,10
2018-07-31 14:46:00,119.611,119.626,119.611,119.618,4
2018-07-31 14:49:00,119.611,119.611,119.595,119.604,24
2018-07-31 14:50:00,119.595,119.611,119.595,119.604,15
2018-07-31 14:51:00,119.611,119.611,119.598,119.598,4
2018-07-31 14:52:00,119.595,119.604,119.595,119.604,2
2018-07-31 14:53:00,119.611,119.611,119.595,119.602,30
2018-07-31 14:54:00,119.595,119.607,119.595,119.607,3
2018-07-31 14:56:00,119.595,119.595,119.579,119.592,8
2018-07-31 14:59:00,119.595,119.611,119.595,119.602,22
2018-07-31 15:00:00,119.611,119.611,119.602,119.602,3
2018-07-31 15:04:00,119.626,119.626,119.618,119.618,2
2018-07-31 15:08:00,119.642,119.642,119.626,119.633,6
2018-07-31 15:09:00,119.626,119.642,119.626,119.635,41
2018-07-31 15:10:00,119.642,119.642,119.63,119.63,4
2018-07-31 15:13:00,119.642,119.642,119.626,119.638,6
2018-07-31 15:14:00,119.626,119.642,119.626,119.638,29
2018-07-31 15:15:00,119.642,119.642,119.626,119.633,36
2018-07-31 15:16:00,119.626,119.642,119.626,119.635,22
2018-07-31 15:17:00,119.626,119.642,119.626,119.633,13
2018-07-31 15:22:00,119.642,119.642,119.633,119.633,2
2018-07-31 15:23:00,119.658,119.658,119.646,119.646,3
2018-07-31 15:25:00,119.642,119.654,119.642,119.654,4
2018-07-31 15:35:00,119.626,119.635,119.626,119.635,2
2018-07-31 15:37:00,119.642,119.642,119.626,119.633,13
2018-07-31 15:38:00,119.626,119.635,119.626,119.635,2
2018-07-31 15:40:00,119.642,119.642,119.63,119.63,4
2018-07-31 15:41:00,119.642,119.642,119.626,119.638,13
2018-07-31 15:42:00,119.642,119.642,119.626,119.638,7
2018-07-31 15:45:00,119.658,119.658,119.649,119.649,2
2018-07-31 15:46:00,119.658,119.658,119.642,119.65,10
2018-07-31 15:47:00,119.642,119.658,119.642,119.65,41
2018-07-31 15:51:00,119.658,119.658,119.649,119.649,2
2018-07-31 16:15:00,119.673,119.673,119.657,119.665,7
2018-07-31 16:16:00,119.673,119.673,119.657,119.666,4
2018-07-31 16:18:00,119.657,119.666,119.657,119.666,2
2018-07-31 16:19:00,119.673,119.673,119.665,119.665,2
2018-07-31 16:20:00,119.657,119.673,119.657,119.67,10
2018-07-31 16:48:00,119.673,119.673,119.665,119.665,2
2018-07-31 16:56:00,119.657,119.673,119.657,119.666,10
2018-07-31 17:41:00,119.657,119.673,119.657,119.664,4
2018-07-31 17:48:00,119.657,119.657,119.642,119.653,5
2018-07-31 17:49:00,119.642,119.65,119.642,119.65,2
2018-07-31 17:57:00,119.626,119.634,119.626,119.634,2
2018-07-31 18:14:00,119.61,119.619,119.61,119.619,2
2018-07-31 18:15:00,119.595,119.603,119.595,119.603,2
2018-07-31 18:16:00,119.61,119.61,119.595,119.602,22
2018-07-31 18:20:00,119.626,119.626,119.617,119.617,2
2018-07-31 18:21:00,119.61,119.619,119.61,119.619,2
2018-07-31 18:27:00,119.61,119.61,119.594,119.606,5
2018-07-31 18:35:00,119.626,119.626,119.61,119.617,6
2018-07-31 18:36:00,119.626,119.626,119.61,119.619,45
2018-07-31 18:37:00,119.626,119.626,119.61,119.619,12
2018-07-31 18:45:00,119.61,119.619,119.61,119.619,2
2018-07-31 18:46:00,119.61,119.61,119.594,119.603,27
2018-07-31 18:47:00,119.594,119.61,119.594,119.603,9
2018-07-31 18:48:00,119.61,119.61,119.594,119.602,33
2018-07-31 18:51:00,119.61,119.61,119.594,119.603,26
2018-07-31 18:52:00,119.594,119.61,119.594,119.603,112
2018-07-31 18:53:00,119.61,119.61,119.602,119.602,2
2018-07-31 18:55:00,119.626,119.626,119.617,119.617,2
2018-07-31 18:58:00,119.626,119.641,119.626,119.633,58
2018-07-31 19:00:00,119.61,119.626,119.61,119.619,40
2018-07-31 19:02:00,119.61,119.626,119.61,119.617,73
2018-07-31 19:05:00,119.626,119.626,119.61,119.617,27
2018-07-31 19:13:00,119.594,119.622,119.594,119.622,5
2018-07-31 19:14:00,119.61,119.61,119.601,119.601,2
2018-07-31 19:15:00,119.594,119.61,119.594,119.603,20
2018-07-31 19:17:00,119.61,119.61,119.601,119.601,2
2018-07-31 19:39:00,119.626,119.626,119.61,119.617,19
2018-07-31 19:40:00,119.626,119.626,119.61,119.618,17
2018-07-31 19:46:00,119.626,119.657,119.626,119.633,120
2018-07-31 19:47:00,119.641,119.641,119.626,119.633,11
2018-07-31 19:48:00,119.626,119.637,119.626,119.637,4
2018-07-31 19:52:00,119.626,119.641,119.626,119.633,5
2018-07-31 20:00:00,119.61,119.618,119.61,119.618,2
2018-07-31 20:01:00,119.626,119.626,119.617,119.617,2
2018-07-31 20:05:00,119.61,119.622,119.61,119.622,3
2018-07-31 20:06:00,119.626,119.626,119.617,119.617,2
2018-07-31 20:07:00,119.61,119.618,119.61,119.618,2
2018-07-31 20:09:00,119.61,119.626,119.61,119.617,7
2018-07-31 20:24:00,119.625,119.625,119.617,119.617,3
2018-07-31 20:25:00,119.625,119.625,119.61,119.61,7
2018-07-31 20:59:00,119.625,119.625,119.625,119.625,1
2018-07-31 22:00:00,119.61,119.61,119.594,119.61,9
2018-07-31 22:03:00,119.625,119.625,119.617,119.617,2
2018-07-31 22:04:00,119.625,119.641,119.625,119.632,6
2018-07-31 22:09:00,119.641,119.641,119.625,119.628,12
2018-07-31 22:18:00,119.656,119.656,119.648,119.648,2
2018-07-31 22:19:00,119.641,119.649,119.641,119.649,2
2018-07-31 22:25:00,119.625,119.641,119.625,119.634,11
2018-07-31 22:29:00,119.625,119.625,119.609,119.618,8
2018-07-31 22:51:00,119.641,119.641,119.632,119.632,3
2018-07-31 22:52:00,119.672,119.672,119.644,119.644,20
2018-07-31 22:53:00,119.688,119.688,119.676,119.679,6
2018-07-31 22:54:00,119.719,119.719,119.688,119.691,8
2018-07-31 22:55:00,119.735,119.735,119.719,119.726,10
2018-07-31 22:56:00,119.75,119.766,119.742,119.742,23
2018-07-31 22:57:00,119.735,119.746,119.735,119.746,4
2018-07-31 22:58:00,119.735,119.75,119.735,119.742,4
2018-07-31 23:00:00,119.719,119.727,119.719,119.727,2
2018-07-31 23:01:00,119.719,119.735,119.719,119.726,12
2018-07-31 23:02:00,119.719,119.735,119.719,119.726,4
2018-07-31 23:06:00,119.703,119.719,119.703,119.715,8
2018-07-31 23:10:00,119.703,119.703,119.688,119.696,4
2018-07-31 23:15:00,119.688,119.696,119.688,119.696,2
2018-07-31 23:17:00,119.672,119.688,119.672,119.681,14
2018-07-31 23:31:00,119.688,119.688,119.676,119.676,7
2018-07-31 23:32:00,119.688,119.703,119.688,119.695,7
2018-07-31 23:34:00,119.68,119.688,119.672,119.68,28
2018-07-31 23:35:00,119.672,119.688,119.672,119.676,36
2018-07-31 23:39:00,119.688,119.688,119.676,119.676,4
2018-07-31 23:49:00,119.688,119.688,119.672,119.68,8
2018-07-31 23:50:00,119.672,119.68,119.672,119.68,6
2018-07-31 23:51:00,119.656,119.665,119.656,119.665,2
2018-07-31 23:53:00,119.664,119.672,119.656,119.663,80
2018-07-31 23:54:00,119.672,119.672,119.668,119.668,2
2018-07-31 23:57:00,119.656,119.665,119.656,119.665,2
2018-07-31 23:58:00,119.656,119.672,119.656,119.66,17
