time,close,high,low,open,volume
2012-03-01 00:00:00,0.98856,0.98858,0.9885,0.98856,13
2012-03-01 00:01:00,0.98864,0.9887,0.98856,0.98858,17
2012-03-01 00:02:00,0.98856,0.98862,0.98856,0.98862,3
2012-03-01 00:03:00,0.98858,0.98858,0.9885,0.98858,13
2012-03-01 00:04:00,0.98862,0.98862,0.98862,0.98862,1
2012-03-01 00:05:00,0.9887,0.9887,0.98862,0.98862,4
2012-03-01 00:06:00,0.98868,0.9887,0.98868,0.98868,3
2012-03-01 00:07:00,0.98862,0.98864,0.98862,0.98864,2
2012-03-01 00:09:00,0.9887,0.9887,0.98864,0.98864,5
2012-03-01 00:10:00,0.98882,0.98882,0.98868,0.98872,20
2012-03-01 00:11:00,0.98878,0.98878,0.98878,0.98878,1
2012-03-01 00:12:00,0.9889,0.9889,0.9887,0.98876,10
2012-03-01 00:13:00,0.98876,0.98888,0.98868,0.98888,17
2012-03-01 00:14:00,0.9887,0.98874,0.9887,0.98874,2
2012-03-01 00:15:00,0.98874,0.98878,0.9887,0.98872,11
2012-03-01 00:16:00,0.9887,0.9887,0.9887,0.9887,1
2012-03-01 00:17:00,0.98862,0.98868,0.98856,0.98868,7
2012-03-01 00:18:00,0.98868,0.98868,0.98858,0.98858,4
2012-03-01 00:19:00,0.98862,0.98864,0.98862,0.98864,2
2012-03-01 00:20:00,0.98854,0.98862,0.98854,0.98858,5
2012-03-01 00:21:00,0.98856,0.98862,0.98854,0.98856,13
2012-03-01 00:22:00,0.98858,0.98858,0.98858,0.98858,1
2012-03-01 00:23:00,0.98878,0.98878,0.98862,0.98862,7
2012-03-01 00:24:00,0.98864,0.98876,0.98864,0.98876,5
2012-03-01 00:25:00,0.9887,0.9887,0.98868,0.98868,2
2012-03-01 00:26:00,0.98864,0.98868,0.98864,0.98868,2
2012-03-01 00:27:00,0.9887,0.9887,0.98862,0.98862,6
2012-03-01 00:28:00,0.98868,0.98868,0.98868,0.98868,1
2012-03-01 00:29:00,0.9887,0.98872,0.9887,0.9887,3
2012-03-01 00:30:00,0.9888,0.98898,0.98862,0.98868,35
2012-03-01 00:31:00,0.98888,0.98888,0.98874,0.98878,11
2012-03-01 00:32:00,0.989,0.98902,0.98892,0.98892,8
2012-03-01 00:33:00,0.98901,0.98901,0.98901,0.98901,1
2012-03-01 00:34:00,0.98887,0.98898,0.98887,0.98898,9
2012-03-01 00:35:00,0.98887,0.98892,0.98884,0.98884,6
2012-03-01 00:36:00,0.98889,0.98889,0.98881,0.98884,5
2012-03-01 00:37:00,0.98898,0.98898,0.98892,0.98892,3
2012-03-01 00:38:00,0.9889,0.98903,0.9889,0.98901,7
2012-03-01 00:39:00,0.9889,0.98903,0.98887,0.98887,18
2012-03-01 00:40:00,0.9889,0.98892,0.9889,0.98892,2
2012-03-01 00:41:00,0.9889,0.98895,0.9889,0.98892,6
2012-03-01 00:42:00,0.98898,0.98903,0.98892,0.98892,17
2012-03-01 00:43:00,0.98895,0.98895,0.98892,0.98895,3
2012-03-01 00:44:00,0.98895,0.98898,0.98892,0.98898,4
2012-03-01 00:45:00,0.98884,0.98898,0.98884,0.98892,8
2012-03-01 00:46:00,0.98881,0.98881,0.98878,0.98881,7
2012-03-01 00:47:00,0.98878,0.98878,0.98878,0.98878,1
2012-03-01 00:48:00,0.98869,0.98875,0.98867,0.98875,7
2012-03-01 00:49:00,0.98861,0.98867,0.98861,0.98867,3
2012-03-01 00:50:00,0.98858,0.98869,0.98858,0.98864,7
2012-03-01 00:52:00,0.98861,0.98867,0.98856,0.98861,9
2012-03-01 00:53:00,0.98861,0.98867,0.98861,0.98864,4
2012-03-01 00:54:00,0.98869,0.98872,0.98861,0.98864,17
2012-03-01 00:55:00,0.9887,0.98884,0.98867,0.98872,18
2012-03-01 00:56:00,0.98869,0.98872,0.98867,0.98872,6
2012-03-01 00:57:00,0.98867,0.98869,0.98867,0.98867,3
2012-03-01 00:58:00,0.98867,0.98869,0.98856,0.98869,14
2012-03-01 00:59:00,0.98844,0.98865,0.98839,0.98864,41
2012-03-01 01:00:00,0.98858,0.98858,0.98841,0.98842,16
2012-03-01 01:01:00,0.9885,0.98861,0.98844,0.98856,11
2012-03-01 01:02:00,0.98856,0.98869,0.98852,0.98852,12
2012-03-01 01:03:00,0.98861,0.98861,0.98853,0.98858,6
2012-03-01 01:04:00,0.98858,0.98869,0.9885,0.98864,15
2012-03-01 01:05:00,0.98836,0.98856,0.98833,0.98856,18
2012-03-01 01:06:00,0.98835,0.98835,0.98833,0.98833,2
2012-03-01 01:07:00,0.98855,0.98855,0.98838,0.98838,11
2012-03-01 01:08:00,0.98853,0.98853,0.98853,0.98853,1
2012-03-01 01:09:00,0.98841,0.9885,0.98839,0.9885,6
2012-03-01 01:10:00,0.98847,0.9885,0.98839,0.98844,10
2012-03-01 01:11:00,0.9883,0.98844,0.9883,0.98844,16
2012-03-01 01:12:00,0.9883,0.98832,0.9883,0.98832,2
2012-03-01 01:13:00,0.98819,0.98827,0.98819,0.98827,4
2012-03-01 01:14:00,0.98818,0.98818,0.98816,0.98816,2
2012-03-01 01:15:00,0.98822,0.98824,0.98802,0.98816,25
2012-03-01 01:16:00,0.98821,0.98821,0.98819,0.98819,2
2012-03-01 01:17:00,0.98827,0.9883,0.98824,0.98824,6
2012-03-01 01:18:00,0.9883,0.9883,0.9883,0.9883,1
2012-03-01 01:19:00,0.9883,0.98835,0.98827,0.98827,16
2012-03-01 01:20:00,0.98839,0.98852,0.98827,0.98827,17
2012-03-01 01:21:00,0.98841,0.98841,0.9883,0.98836,9
2012-03-01 01:22:00,0.98838,0.98844,0.98836,0.98844,7
2012-03-01 01:23:00,0.98844,0.98844,0.98841,0.98841,2
2012-03-01 01:24:00,0.98839,0.98841,0.98839,0.98841,4
2012-03-01 01:25:00,0.9885,0.9885,0.98841,0.98841,12
2012-03-01 01:26:00,0.98858,0.98858,0.98852,0.98852,3
2012-03-01 01:27:00,0.98858,0.98858,0.98853,0.98856,4
2012-03-01 01:28:00,0.98855,0.98861,0.9885,0.98856,9
2012-03-01 01:29:00,0.98855,0.98855,0.98853,0.98853,2
2012-03-01 01:30:00,0.98844,0.98853,0.98839,0.98853,10
2012-03-01 01:31:00,0.98847,0.98847,0.98841,0.98847,7
2012-03-01 01:32:00,0.98847,0.98847,0.98844,0.98844,6
2012-03-01 01:33:00,0.98839,0.98847,0.98839,0.98844,5
2012-03-01 01:34:00,0.98839,0.98844,0.98833,0.98836,10
2012-03-01 01:35:00,0.98835,0.98841,0.98833,0.98841,5
2012-03-01 01:36:00,0.98824,0.98835,0.98824,0.98833,8
2012-03-01 01:37:00,0.98827,0.98827,0.98827,0.98827,1
2012-03-01 01:38:00,0.98838,0.98838,0.98822,0.98824,10
2012-03-01 01:39:00,0.98841,0.98841,0.98841,0.98841,1
2012-03-01 01:41:00,0.98839,0.98839,0.98839,0.98839,1
2012-03-01 01:42:00,0.98836,0.98836,0.98836,0.98836,1
2012-03-01 01:43:00,0.98833,0.98833,0.98833,0.98833,1
2012-03-01 01:44:00,0.98819,0.9883,0.98819,0.9883,9
2012-03-01 01:45:00,0.98824,0.98827,0.98819,0.98821,8
2012-03-01 01:46:00,0.98827,0.98827,0.98827,0.98827,1
2012-03-01 01:47:00,0.98838,0.98838,0.9883,0.9883,4
2012-03-01 01:48:00,0.98844,0.98844,0.98841,0.98841,2
2012-03-01 01:49:00,0.9885,0.9885,0.98847,0.98847,2
2012-03-01 01:50:00,0.98858,0.98858,0.98852,0.98852,3
2012-03-01 01:52:00,0.9885,0.98856,0.9885,0.98856,3
2012-03-01 01:53:00,0.98844,0.98852,0.98844,0.98847,6
2012-03-01 01:54:00,0.98847,0.9885,0.98847,0.98847,5
2012-03-01 01:55:00,0.98852,0.98852,0.98839,0.98844,8
2012-03-01 01:56:00,0.98844,0.9885,0.98844,0.9885,3
2012-03-01 01:57:00,0.98855,0.98855,0.98841,0.98841,6
2012-03-01 01:58:00,0.98853,0.98853,0.98853,0.98853,1
2012-03-01 01:59:00,0.98847,0.9885,0.98847,0.9885,4
2012-03-01 02:02:00,0.98844,0.98844,0.98836,0.98844,11
2012-03-01 02:03:00,0.98835,0.98841,0.9883,0.98841,7
2012-03-01 02:04:00,0.98832,0.98833,0.9883,0.98833,3
2012-03-01 02:05:00,0.9883,0.98835,0.9883,0.98835,3
2012-03-01 02:06:00,0.98835,0.98835,0.98832,0.98832,2
2012-03-01 02:08:00,0.98838,0.98841,0.98833,0.98838,11
2012-03-01 02:09:00,0.98838,0.98844,0.98833,0.98836,14
2012-03-01 02:10:00,0.98838,0.98841,0.98836,0.98841,8
2012-03-01 02:11:00,0.98835,0.98836,0.98833,0.98836,3
2012-03-01 02:12:00,0.98832,0.98833,0.9883,0.98833,3
2012-03-01 02:13:00,0.98835,0.98838,0.98833,0.98835,5
2012-03-01 02:14:00,0.98835,0.98838,0.9883,0.98838,6
2012-03-01 02:15:00,0.98841,0.98841,0.98833,0.98833,4
2012-03-01 02:17:00,0.98844,0.98844,0.98844,0.98844,1
2012-03-01 02:22:00,0.98858,0.98858,0.98847,0.98847,7
2012-03-01 02:23:00,0.98861,0.98861,0.98861,0.98861,1
2012-03-01 02:24:00,0.9885,0.98858,0.9885,0.98858,4
2012-03-01 02:25:00,0.98847,0.98847,0.98847,0.98847,1
2012-03-01 02:27:00,0.98839,0.98844,0.98839,0.98844,3
2012-03-01 02:29:00,0.98841,0.98844,0.98841,0.98841,3
2012-03-01 02:30:00,0.98844,0.98844,0.98841,0.98844,3
2012-03-01 02:31:00,0.9885,0.98858,0.98836,0.98841,14
2012-03-01 02:32:00,0.98855,0.98855,0.98847,0.98847,4
2012-03-01 02:33:00,0.98861,0.98861,0.98856,0.98858,4
2012-03-01 02:34:00,0.98867,0.98872,0.98864,0.98864,10
2012-03-01 02:35:00,0.98861,0.98864,0.98861,0.98864,2
2012-03-01 02:36:00,0.98852,0.98858,0.98847,0.98858,7
2012-03-01 02:37:00,0.98855,0.98855,0.98847,0.9885,9
2012-03-01 02:38:00,0.98856,0.98858,0.98853,0.98853,8
2012-03-01 02:39:00,0.98858,0.98858,0.98858,0.98858,1
2012-03-01 02:40:00,0.98858,0.98858,0.98856,0.98856,2
2012-03-01 02:41:00,0.98856,0.98856,0.98856,0.98856,1
2012-03-01 02:42:00,0.98858,0.98858,0.98858,0.98858,1
2012-03-01 02:43:00,0.98856,0.98856,0.98856,0.98856,1
2012-03-01 02:44:00,0.98861,0.98861,0.98858,0.98858,2
2012-03-01 02:46:00,0.98875,0.98878,0.98864,0.98864,7
2012-03-01 02:47:00,0.98875,0.98875,0.9887,0.98873,4
2012-03-01 02:48:00,0.98889,0.98889,0.98878,0.98878,5
2012-03-01 02:49:00,0.98889,0.98889,0.98887,0.98887,4
2012-03-01 02:51:00,0.98895,0.98895,0.9889,0.98892,4
2012-03-01 02:52:00,0.98906,0.98906,0.98898,0.98898,8
2012-03-01 02:53:00,0.98912,0.98912,0.98904,0.98904,8
2012-03-01 02:54:00,0.98912,0.98912,0.9891,0.9891,8
2012-03-01 02:55:00,0.98895,0.9891,0.98895,0.9891,24
2012-03-01 02:56:00,0.98909,0.98909,0.98898,0.98898,5
2012-03-01 02:57:00,0.98909,0.98912,0.98907,0.98912,4
2012-03-01 02:58:00,0.98901,0.98907,0.98901,0.98907,3
2012-03-01 02:59:00,0.98904,0.98912,0.98903,0.98903,7
2012-03-01 03:00:00,0.98895,0.98901,0.98892,0.98901,5
2012-03-01 03:01:00,0.98929,0.98929,0.98898,0.98898,14
2012-03-01 03:02:00,0.9894,0.9894,0.98932,0.98932,4
2012-03-01 03:03:00,0.98943,0.98943,0.98943,0.98943,1
2012-03-01 03:05:00,0.98938,0.98946,0.98938,0.98946,4
2012-03-01 03:07:00,0.98941,0.98943,0.9894,0.9894,3
2012-03-01 03:08:00,0.98938,0.98938,0.98938,0.98938,1
2012-03-01 03:10:00,0.98924,0.98935,0.98924,0.98935,5
2012-03-01 03:11:00,0.98915,0.98921,0.98912,0.98921,5
2012-03-01 03:12:00,0.98903,0.98912,0.9889,0.98912,14
2012-03-01 03:13:00,0.98898,0.98901,0.98895,0.98901,4
2012-03-01 03:14:00,0.98887,0.98895,0.98887,0.98895,6
2012-03-01 03:15:00,0.98884,0.98886,0.98878,0.98884,7
2012-03-01 03:16:00,0.9887,0.98889,0.9887,0.98881,17
2012-03-01 03:17:00,0.98864,0.98869,0.98856,0.98867,20
2012-03-01 03:18:00,0.98858,0.98861,0.98856,0.98861,10
2012-03-01 03:19:00,0.98847,0.98864,0.98847,0.98861,10
2012-03-01 03:20:00,0.98838,0.98844,0.98836,0.98844,11
2012-03-01 03:21:00,0.98841,0.98841,0.98841,0.98841,1
2012-03-01 03:23:00,0.98839,0.98839,0.98839,0.98839,1
2012-03-01 03:24:00,0.98844,0.98844,0.98841,0.98841,2
2012-03-01 03:25:00,0.98839,0.98841,0.98839,0.98841,2
2012-03-01 03:26:00,0.98852,0.98852,0.98841,0.98841,9
2012-03-01 03:27:00,0.9885,0.9885,0.9885,0.9885,1
2012-03-01 03:28:00,0.98864,0.98864,0.98852,0.98852,7
2012-03-01 03:29:00,0.98856,0.98861,0.98853,0.98861,7
2012-03-01 03:30:00,0.9885,0.98855,0.9885,0.98853,4
2012-03-01 03:31:00,0.9885,0.98852,0.9885,0.98852,2
2012-03-01 03:32:00,0.98858,0.98858,0.9885,0.98852,5
2012-03-01 03:35:00,0.98861,0.98861,0.98861,0.98861,1
2012-03-01 03:36:00,0.98867,0.98869,0.98864,0.98864,4
2012-03-01 03:37:00,0.98864,0.98869,0.98864,0.98869,3
2012-03-01 03:38:00,0.98858,0.98861,0.98858,0.98861,2
2012-03-01 03:39:00,0.9885,0.98856,0.9885,0.98856,3
2012-03-01 03:41:00,0.98847,0.98847,0.98847,0.98847,1
2012-03-01 03:42:00,0.98852,0.98852,0.9885,0.9885,2
2012-03-01 03:44:00,0.98858,0.98858,0.98855,0.98855,2
2012-03-01 03:47:00,0.98855,0.98856,0.98853,0.98856,3
2012-03-01 03:48:00,0.98872,0.98872,0.98858,0.98858,6
2012-03-01 03:49:00,0.98881,0.98884,0.98875,0.98875,5
2012-03-01 03:50:00,0.98889,0.98889,0.98884,0.98884,5
2012-03-01 03:51:00,0.98887,0.98887,0.98887,0.98887,1
2012-03-01 03:52:00,0.98889,0.98889,0.98887,0.98889,3
2012-03-01 03:53:00,0.98889,0.98889,0.98881,0.98887,6
2012-03-01 03:54:00,0.98892,0.98892,0.9889,0.98892,5
2012-03-01 03:56:00,0.98903,0.98903,0.98895,0.98895,4
2012-03-01 03:58:00,0.98901,0.98901,0.98901,0.98901,1
2012-03-01 03:59:00,0.98895,0.98901,0.98895,0.98898,6
2012-03-01 04:00:00,0.98887,0.98892,0.98887,0.98892,3
2012-03-01 04:04:00,0.98889,0.98889,0.98878,0.98884,21
2012-03-01 04:07:00,0.98895,0.98898,0.9889,0.98892,16
2012-03-01 04:08:00,0.98887,0.98892,0.98887,0.98892,3
2012-03-01 04:09:00,0.98878,0.98889,0.98873,0.98889,17
2012-03-01 04:10:00,0.98881,0.98881,0.9887,0.98875,7
2012-03-01 04:17:00,0.98865,0.98881,0.98857,0.98878,13
2012-03-01 04:18:00,0.98874,0.98876,0.98863,0.98863,11
2012-03-01 04:19:00,0.98854,0.98874,0.98854,0.98871,15
2012-03-01 04:20:00,0.98854,0.98862,0.98851,0.98857,8
2012-03-01 04:21:00,0.98863,0.98865,0.98857,0.98857,5
2012-03-01 04:22:00,0.98846,0.9886,0.98843,0.9886,18
2012-03-01 04:23:00,0.98862,0.98862,0.98848,0.98848,6
2012-03-01 04:24:00,0.9886,0.9886,0.9886,0.9886,1
2012-03-01 04:25:00,0.9886,0.98865,0.9886,0.98862,4
2012-03-01 04:26:00,0.98871,0.98871,0.98862,0.98862,4
2012-03-01 04:28:00,0.98865,0.98871,0.98863,0.98868,8
2012-03-01 04:29:00,0.98863,0.98863,0.98863,0.98863,1
2012-03-01 04:30:00,0.98882,0.98882,0.98865,0.98865,7
2012-03-01 04:31:00,0.98893,0.98893,0.98885,0.98885,4
2012-03-01 04:32:00,0.98896,0.98896,0.98891,0.98891,5
2012-03-01 04:33:00,0.98899,0.98899,0.98897,0.98899,3
2012-03-01 04:34:00,0.98891,0.98897,0.98891,0.98897,3
2012-03-01 04:35:00,0.98888,0.98888,0.98888,0.98888,1
2012-03-01 04:36:00,0.98888,0.98893,0.98888,0.98891,4
2012-03-01 04:37:00,0.98893,0.98893,0.98891,0.98891,2
2012-03-01 04:42:00,0.98888,0.98891,0.98888,0.98891,2
2012-03-01 04:43:00,0.98891,0.98893,0.98891,0.98891,5
2012-03-01 04:45:00,0.98885,0.98888,0.98883,0.98888,6
2012-03-01 04:47:00,0.98888,0.98893,0.9888,0.98883,19
2012-03-01 04:49:00,0.98885,0.98885,0.98885,0.98885,1
2012-03-01 04:51:00,0.9888,0.98883,0.9888,0.98883,2
2012-03-01 04:52:00,0.98877,0.98877,0.98877,0.98877,1
2012-03-01 04:53:00,0.98857,0.98876,0.98851,0.98874,15
2012-03-01 04:54:00,0.9884,0.98854,0.98834,0.98854,12
2012-03-01 04:55:00,0.9884,0.98845,0.9884,0.98842,4
2012-03-01 04:56:00,0.98837,0.98837,0.98837,0.98837,1
2012-03-01 04:57:00,0.98831,0.98834,0.98831,0.98834,2
2012-03-01 04:58:00,0.98845,0.98845,0.98831,0.98834,9
2012-03-01 04:59:00,0.9884,0.98843,0.9884,0.98843,2
2012-03-01 05:00:00,0.9884,0.98845,0.9884,0.98842,4
2012-03-01 05:01:00,0.98848,0.98848,0.98842,0.98842,7
2012-03-01 05:02:00,0.98846,0.98846,0.98846,0.98846,1
2012-03-01 05:03:00,0.98837,0.98843,0.98829,0.98843,17
2012-03-01 05:04:00,0.9882,0.98834,0.9882,0.98834,6
2012-03-01 05:05:00,0.98823,0.98823,0.98823,0.98823,1
2012-03-01 05:06:00,0.98843,0.98845,0.9882,0.9882,11
2012-03-01 05:07:00,0.98843,0.98845,0.98843,0.98845,2
2012-03-01 05:08:00,0.98859,0.98859,0.98843,0.98845,16
2012-03-01 05:09:00,0.98857,0.98857,0.98857,0.98857,1
2012-03-01 05:10:00,0.98859,0.98859,0.98859,0.98859,1
2012-03-01 05:11:00,0.98871,0.98871,0.98857,0.98857,6
2012-03-01 05:12:00,0.98865,0.98871,0.98863,0.98868,10
2012-03-01 05:13:00,0.98863,0.98871,0.98863,0.98868,5
2012-03-01 05:14:00,0.98868,0.98868,0.98865,0.98865,2
2012-03-01 05:15:00,0.98859,0.98866,0.98857,0.98866,9
2012-03-01 05:16:00,0.98859,0.98859,0.98849,0.98857,8
2012-03-01 05:18:00,0.98862,0.98862,0.98862,0.98862,1
2012-03-01 05:20:00,0.98865,0.98865,0.98865,0.98865,1
2012-03-01 05:21:00,0.9886,0.98863,0.9886,0.98863,2
2012-03-01 05:22:00,0.98857,0.98862,0.98857,0.98862,5
2012-03-01 05:23:00,0.98846,0.98854,0.98846,0.98854,6
2012-03-01 05:24:00,0.98848,0.98848,0.98848,0.98848,1
2012-03-01 05:26:00,0.98848,0.98851,0.98846,0.98851,4
2012-03-01 05:30:00,0.98851,0.98854,0.98849,0.98851,7
2012-03-01 05:34:00,0.98851,0.98854,0.98851,0.98854,2
2012-03-01 05:35:00,0.98851,0.98854,0.98851,0.98854,2
2012-03-01 05:36:00,0.98854,0.98854,0.98854,0.98854,1
2012-03-01 05:39:00,0.98846,0.98851,0.98846,0.98851,3
2012-03-01 05:40:00,0.98848,0.98848,0.98848,0.98848,1
2012-03-01 05:42:00,0.98857,0.98857,0.98851,0.98851,3
2012-03-01 05:44:00,0.98857,0.98857,0.98851,0.98854,4
2012-03-01 05:45:00,0.98849,0.98854,0.98849,0.98854,3
2012-03-01 05:51:00,0.98851,0.98851,0.98851,0.98851,1
2012-03-01 05:52:00,0.98859,0.98859,0.98854,0.98854,3
2012-03-01 05:53:00,0.98862,0.98862,0.98862,0.98862,1
2012-03-01 05:55:00,0.9886,0.98862,0.9886,0.9886,3
2012-03-01 05:56:00,0.98862,0.98862,0.98862,0.98862,1
2012-03-01 05:58:00,0.98871,0.98871,0.98865,0.98865,3
2012-03-01 05:59:00,0.98871,0.98874,0.98868,0.98874,4
2012-03-01 06:00:00,0.98876,0.98876,0.98874,0.98874,2
2012-03-01 06:01:00,0.98882,0.98882,0.98879,0.98879,2
2012-03-01 06:02:00,0.98874,0.9888,0.98874,0.9888,3
2012-03-01 06:03:00,0.98868,0.98871,0.98868,0.98871,2
2012-03-01 06:04:00,0.98871,0.98871,0.98871,0.98871,1
2012-03-01 06:07:00,0.98893,0.98893,0.98874,0.98874,8
2012-03-01 06:08:00,0.989,0.98902,0.98888,0.98891,12
2012-03-01 06:10:00,0.98899,0.98899,0.98894,0.98897,8
2012-03-01 06:11:00,0.98893,0.98899,0.98891,0.98897,8
2012-03-01 06:12:00,0.989,0.98902,0.98896,0.98896,10
2012-03-01 06:13:00,0.98911,0.98913,0.98902,0.98902,10
2012-03-01 06:14:00,0.98905,0.98908,0.98905,0.98908,4
2012-03-01 06:15:00,0.98917,0.98919,0.98908,0.98908,6
2012-03-01 06:16:00,0.98925,0.98928,0.98919,0.98919,9
2012-03-01 06:17:00,0.98934,0.98939,0.98922,0.98928,17
2012-03-01 06:18:00,0.98947,0.9895,0.98936,0.98936,11
2012-03-01 06:19:00,0.98936,0.98945,0.98936,0.98945,4
2012-03-01 06:20:00,0.98939,0.98939,0.98928,0.98939,11
2012-03-01 06:21:00,0.98928,0.98936,0.98922,0.98936,8
2012-03-01 06:22:00,0.98918,0.9893,0.98918,0.9893,11
2012-03-01 06:23:00,0.98915,0.98915,0.98915,0.98915,1
2012-03-01 06:24:00,0.98912,0.98912,0.98912,0.98912,1
2012-03-01 06:25:00,0.9891,0.9891,0.9891,0.9891,1
2012-03-01 06:26:00,0.98898,0.98909,0.98898,0.98907,6
2012-03-01 06:27:00,0.98901,0.98901,0.98901,0.98901,1
2012-03-01 06:28:00,0.9889,0.98898,0.9889,0.98898,4
2012-03-01 06:29:00,0.98881,0.98887,0.98881,0.98887,3
2012-03-01 06:30:00,0.98886,0.98886,0.98884,0.98884,2
2012-03-01 06:31:00,0.98892,0.98892,0.98884,0.98884,4
2012-03-01 06:32:00,0.98906,0.98912,0.98895,0.98895,13
2012-03-01 06:33:00,0.9892,0.9892,0.98909,0.98909,5
2012-03-01 06:34:00,0.9891,0.98918,0.9891,0.98918,4
2012-03-01 06:35:00,0.98918,0.98918,0.98912,0.98912,3
2012-03-01 06:36:00,0.9894,0.9894,0.9892,0.9892,8
2012-03-01 06:37:00,0.9894,0.9894,0.98938,0.98938,6
2012-03-01 06:38:00,0.9896,0.9896,0.98943,0.98943,19
2012-03-01 06:39:00,0.98955,0.98969,0.98949,0.98963,34
2012-03-01 06:40:00,0.98944,0.98952,0.98941,0.98952,18
2012-03-01 06:41:00,0.98949,0.98952,0.98946,0.98946,4
2012-03-01 06:42:00,0.98957,0.98963,0.98944,0.98946,21
2012-03-01 06:43:00,0.98952,0.98966,0.98949,0.9896,16
2012-03-01 06:44:00,0.98961,0.98963,0.98949,0.98949,9
2012-03-01 06:45:00,0.98958,0.98963,0.98958,0.98963,7
2012-03-01 06:46:00,0.98949,0.9896,0.98949,0.9896,7
2012-03-01 06:47:00,0.98944,0.98952,0.98944,0.98952,8
2012-03-01 06:49:00,0.98932,0.98941,0.98929,0.98941,8
2012-03-01 06:50:00,0.98935,0.9894,0.98935,0.98935,5
2012-03-01 06:51:00,0.98929,0.98935,0.98929,0.98932,4
2012-03-01 06:52:00,0.98938,0.9894,0.98932,0.98932,5
2012-03-01 06:53:00,0.98941,0.98949,0.9894,0.9894,7
2012-03-01 06:54:00,0.98935,0.98938,0.98935,0.98938,2
2012-03-01 06:55:00,0.98941,0.98943,0.98932,0.98932,6
2012-03-01 06:56:00,0.98937,0.98943,0.98927,0.98943,11
2012-03-01 06:57:00,0.98938,0.9894,0.98935,0.98935,6
2012-03-01 06:58:00,0.98946,0.98946,0.98938,0.9894,7
2012-03-01 06:59:00,0.98957,0.98957,0.98949,0.98949,20
2012-03-01 07:00:00,0.98969,0.98971,0.98955,0.9896,14
2012-03-01 07:01:00,0.98952,0.98971,0.98946,0.98966,28
2012-03-01 07:02:00,0.98954,0.98954,0.98944,0.98949,15
2012-03-01 07:03:00,0.98952,0.9896,0.98952,0.98957,5
2012-03-01 07:04:00,0.9894,0.98949,0.98935,0.98949,8
2012-03-01 07:05:00,0.98932,0.98943,0.98932,0.98938,9
2012-03-01 07:06:00,0.98918,0.98929,0.98918,0.98929,9
2012-03-01 07:07:00,0.98921,0.98923,0.9892,0.9892,5
2012-03-01 07:08:00,0.98912,0.98926,0.98912,0.98918,19
2012-03-01 07:09:00,0.9892,0.9892,0.98915,0.98915,7
2012-03-01 07:10:00,0.98915,0.98923,0.98903,0.98923,16
2012-03-01 07:11:00,0.98904,0.9892,0.98904,0.98918,8
2012-03-01 07:12:00,0.98906,0.98906,0.98898,0.98901,7
2012-03-01 07:13:00,0.98901,0.98904,0.98898,0.98904,4
2012-03-01 07:14:00,0.98892,0.98898,0.98878,0.98898,25
2012-03-01 07:15:00,0.98886,0.9889,0.98881,0.9889,6
2012-03-01 07:16:00,0.98892,0.98898,0.98889,0.98889,6
2012-03-01 07:17:00,0.98898,0.98898,0.9889,0.9889,4
2012-03-01 07:18:00,0.98915,0.98915,0.98895,0.98895,20
2012-03-01 07:19:00,0.98912,0.98912,0.9891,0.98912,3
2012-03-01 07:20:00,0.98907,0.9891,0.98904,0.9891,10
2012-03-01 07:22:00,0.9892,0.9892,0.98901,0.98904,9
2012-03-01 07:23:00,0.98937,0.98937,0.98923,0.98923,10
2012-03-01 07:24:00,0.98952,0.98954,0.98929,0.98935,15
2012-03-01 07:25:00,0.98963,0.98963,0.98941,0.98949,18
2012-03-01 07:26:00,0.98977,0.98977,0.98961,0.98966,11
2012-03-01 07:27:00,0.9898,0.98994,0.98975,0.9898,15
2012-03-01 07:28:00,0.98971,0.98978,0.98969,0.98978,5
2012-03-01 07:29:00,0.9898,0.9898,0.98974,0.98974,3
2012-03-01 07:30:00,0.98989,0.98991,0.98983,0.98983,5
2012-03-01 07:31:00,0.98986,0.99003,0.98983,0.98991,27
2012-03-01 07:32:00,0.98949,0.98983,0.98949,0.98983,17
2012-03-01 07:33:00,0.98924,0.98946,0.98921,0.98946,27
2012-03-01 07:34:00,0.98935,0.98937,0.98918,0.98921,12
2012-03-01 07:35:00,0.98905,0.98932,0.98905,0.98932,12
2012-03-01 07:36:00,0.98913,0.98913,0.98908,0.98908,3
2012-03-01 07:37:00,0.98917,0.98922,0.98916,0.98916,7
2012-03-01 07:38:00,0.98917,0.9893,0.98917,0.98919,10
2012-03-01 07:39:00,0.98905,0.98916,0.98905,0.98914,10
2012-03-01 07:40:00,0.98908,0.98908,0.98908,0.98908,1
2012-03-01 07:41:00,0.98885,0.98905,0.98885,0.98905,8
2012-03-01 07:42:00,0.98891,0.98896,0.98888,0.98888,6
2012-03-01 07:43:00,0.98896,0.98896,0.98893,0.98893,2
2012-03-01 07:44:00,0.98888,0.98894,0.98885,0.98894,7
2012-03-01 07:45:00,0.98868,0.98885,0.98866,0.98885,11
2012-03-01 07:46:00,0.9888,0.98882,0.98871,0.98871,7
2012-03-01 07:47:00,0.9888,0.98885,0.98877,0.98882,8
2012-03-01 07:48:00,0.98911,0.98913,0.98877,0.98877,39
2012-03-01 07:49:00,0.98905,0.98911,0.98905,0.98908,4
2012-03-01 07:50:00,0.98896,0.98902,0.98883,0.98902,23
2012-03-01 07:51:00,0.98902,0.98902,0.98899,0.98899,2
2012-03-01 07:52:00,0.98905,0.98905,0.98905,0.98905,1
2012-03-01 07:53:00,0.98913,0.98913,0.989,0.98902,7
2012-03-01 07:54:00,0.98936,0.98936,0.98916,0.98916,12
2012-03-01 07:55:00,0.98942,0.98942,0.98931,0.98934,8
2012-03-01 07:56:00,0.98928,0.98939,0.98928,0.98939,11
2012-03-01 07:57:00,0.98908,0.9893,0.98908,0.9893,9
2012-03-01 07:58:00,0.98905,0.98905,0.98905,0.98905,1
2012-03-01 07:59:00,0.98893,0.98908,0.98891,0.98908,10
2012-03-01 08:00:00,0.98928,0.98928,0.98896,0.98896,16
2012-03-01 08:01:00,0.98911,0.98942,0.98894,0.9893,38
2012-03-01 08:02:00,0.98916,0.98925,0.98894,0.98908,42
2012-03-01 08:03:00,0.98916,0.98925,0.98911,0.98919,20
2012-03-01 08:04:00,0.98917,0.98919,0.98917,0.98919,2
2012-03-01 08:05:00,0.98919,0.98919,0.98908,0.98919,11
2012-03-01 08:06:00,0.98953,0.98956,0.98922,0.98922,22
2012-03-01 08:07:00,0.98967,0.9897,0.98948,0.98951,27
2012-03-01 08:08:00,0.98976,0.98979,0.98959,0.98965,21
2012-03-01 08:09:00,0.98965,0.98973,0.98965,0.98973,6
2012-03-01 08:10:00,0.9897,0.98973,0.98962,0.98962,6
2012-03-01 08:11:00,0.98979,0.98981,0.98962,0.98973,19
2012-03-01 08:12:00,0.99001,0.99001,0.98968,0.98981,18
2012-03-01 08:13:00,0.98964,0.98999,0.98962,0.98999,29
2012-03-01 08:14:00,0.98959,0.98976,0.98959,0.98962,16
2012-03-01 08:15:00,0.9892,0.98956,0.98918,0.98956,21
2012-03-01 08:16:00,0.9891,0.9892,0.98907,0.98918,18
2012-03-01 08:17:00,0.98904,0.9892,0.98904,0.98912,14
2012-03-01 08:18:00,0.98898,0.98906,0.98892,0.98906,8
2012-03-01 08:19:00,0.9892,0.9892,0.98892,0.98895,20
2012-03-01 08:20:00,0.98906,0.9894,0.98904,0.98923,37
2012-03-01 08:21:00,0.98861,0.98904,0.98861,0.98904,28
2012-03-01 08:22:00,0.9887,0.98872,0.98853,0.98858,15
2012-03-01 08:23:00,0.98889,0.98889,0.98864,0.98867,15
2012-03-01 08:24:00,0.98898,0.98903,0.98887,0.98892,25
2012-03-01 08:25:00,0.98901,0.98909,0.98895,0.98895,13
2012-03-01 08:26:00,0.98901,0.98906,0.98898,0.98903,6
2012-03-01 08:27:00,0.9889,0.98898,0.98887,0.98898,8
2012-03-01 08:28:00,0.98858,0.98887,0.98858,0.98887,19
2012-03-01 08:29:00,0.98864,0.98869,0.98853,0.98856,18
2012-03-01 08:30:00,0.98836,0.98861,0.9883,0.98861,26
2012-03-01 08:31:00,0.98841,0.9885,0.98833,0.98833,16
2012-03-01 08:32:00,0.9883,0.98844,0.9883,0.98844,8
2012-03-01 08:33:00,0.98833,0.98841,0.9883,0.98832,13
2012-03-01 08:34:00,0.98864,0.98864,0.98835,0.98835,23
2012-03-01 08:35:00,0.98852,0.98861,0.9885,0.98861,6
2012-03-01 08:36:00,0.98861,0.98864,0.98855,0.98855,5
2012-03-01 08:37:00,0.98861,0.98869,0.98861,0.98864,10
2012-03-01 08:38:00,0.98841,0.98858,0.98839,0.98858,13
2012-03-01 08:39:00,0.98847,0.9885,0.98839,0.98839,10
2012-03-01 08:40:00,0.98824,0.9885,0.98824,0.9885,16
2012-03-01 08:41:00,0.98839,0.98847,0.98827,0.98827,17
2012-03-01 08:42:00,0.98822,0.98841,0.98822,0.98836,14
2012-03-01 08:43:00,0.9881,0.98819,0.98799,0.98819,26
2012-03-01 08:44:00,0.98822,0.98824,0.98813,0.98813,10
2012-03-01 08:45:00,0.98824,0.9883,0.98813,0.98819,13
2012-03-01 08:46:00,0.98827,0.98832,0.98822,0.98822,19
2012-03-01 08:47:00,0.98819,0.98824,0.9881,0.98824,17
2012-03-01 08:48:00,0.98822,0.9883,0.98821,0.98821,19
2012-03-01 08:49:00,0.98839,0.98844,0.98824,0.98824,18
2012-03-01 08:50:00,0.9883,0.98847,0.9883,0.98841,23
2012-03-01 08:51:00,0.98833,0.98838,0.98827,0.98832,15
2012-03-01 08:52:00,0.9883,0.98832,0.98822,0.9883,25
2012-03-01 08:53:00,0.9881,0.98832,0.98799,0.98827,43
2012-03-01 08:54:00,0.9881,0.98815,0.9881,0.98813,6
2012-03-01 08:55:00,0.98793,0.98807,0.98793,0.98807,10
2012-03-01 08:56:00,0.98807,0.9881,0.9879,0.9879,9
2012-03-01 08:57:00,0.9881,0.9881,0.98805,0.98805,3
2012-03-01 08:58:00,0.98802,0.9881,0.98802,0.98807,9
2012-03-01 08:59:00,0.98815,0.98815,0.98793,0.98799,15
2012-03-01 09:00:00,0.98819,0.98824,0.98816,0.98818,9
2012-03-01 09:01:00,0.98818,0.98824,0.98813,0.98821,8
2012-03-01 09:02:00,0.9883,0.98832,0.9881,0.98816,24
2012-03-01 09:03:00,0.98822,0.98827,0.98822,0.98827,9
2012-03-01 09:04:00,0.98816,0.9883,0.98813,0.98824,18
2012-03-01 09:05:00,0.98807,0.98815,0.98802,0.98813,13
2012-03-01 09:06:00,0.98818,0.9883,0.98807,0.9881,18
2012-03-01 09:07:00,0.9883,0.98835,0.98813,0.98816,24
2012-03-01 09:08:00,0.98822,0.9883,0.98822,0.98827,9
2012-03-01 09:09:00,0.9883,0.9883,0.98824,0.98824,3
2012-03-01 09:10:00,0.98796,0.98827,0.98793,0.98827,14
2012-03-01 09:11:00,0.98793,0.98798,0.98793,0.98793,5
2012-03-01 09:12:00,0.98804,0.98804,0.98785,0.9879,14
2012-03-01 09:13:00,0.98793,0.98802,0.98793,0.98802,4
2012-03-01 09:14:00,0.98801,0.98801,0.98793,0.98796,7
2012-03-01 09:15:00,0.98813,0.98821,0.98793,0.98799,18
2012-03-01 09:16:00,0.98804,0.98815,0.98802,0.98815,7
2012-03-01 09:17:00,0.98802,0.98824,0.98802,0.98807,15
2012-03-01 09:18:00,0.98782,0.98799,0.98782,0.98799,7
2012-03-01 09:19:00,0.98765,0.98781,0.98765,0.98779,10
2012-03-01 09:20:00,0.98762,0.98764,0.98762,0.98762,3
2012-03-01 09:21:00,0.98764,0.9877,0.98762,0.98764,15
2012-03-01 09:22:00,0.98762,0.98773,0.98759,0.98762,17
2012-03-01 09:23:00,0.98756,0.98764,0.98756,0.98764,6
2012-03-01 09:24:00,0.98751,0.98759,0.98751,0.98759,4
2012-03-01 09:25:00,0.98773,0.98773,0.98748,0.98748,16
2012-03-01 09:26:00,0.98773,0.98773,0.9877,0.9877,2
2012-03-01 09:27:00,0.98773,0.98773,0.98768,0.9877,4
2012-03-01 09:28:00,0.98781,0.98784,0.9877,0.98776,17
2012-03-01 09:29:00,0.98773,0.98779,0.98765,0.98779,9
2012-03-01 09:30:00,0.98773,0.98781,0.98768,0.98776,14
2012-03-01 09:31:00,0.98776,0.98776,0.9877,0.9877,3
2012-03-01 09:32:00,0.98762,0.98773,0.98762,0.98773,5
2012-03-01 09:33:00,0.98753,0.98762,0.98753,0.98759,9
2012-03-01 09:34:00,0.98745,0.98751,0.98745,0.98751,11
2012-03-01 09:35:00,0.98748,0.98753,0.98745,0.98747,13
2012-03-01 09:36:00,0.98753,0.98764,0.98748,0.9875,16
2012-03-01 09:37:00,0.9875,0.98753,0.98748,0.98751,9
2012-03-01 09:38:00,0.98735,0.98756,0.98735,0.98753,15
2012-03-01 09:39:00,0.98732,0.9874,0.98729,0.98732,15
2012-03-01 09:40:00,0.98712,0.98729,0.98709,0.98729,11
2012-03-01 09:41:00,0.98712,0.9872,0.98712,0.98715,6
2012-03-01 09:42:00,0.98723,0.98723,0.98715,0.98715,6
2012-03-01 09:43:00,0.98732,0.98735,0.98726,0.98726,5
2012-03-01 09:44:00,0.98737,0.9874,0.98732,0.98735,10
2012-03-01 09:45:00,0.9876,0.9876,0.98735,0.98735,12
2012-03-01 09:46:00,0.98791,0.98791,0.98763,0.98763,29
2012-03-01 09:47:00,0.98794,0.98794,0.98789,0.98789,9
2012-03-01 09:48:00,0.98803,0.98803,0.98792,0.98792,5
2012-03-01 09:49:00,0.98811,0.98814,0.98806,0.98806,9
2012-03-01 09:50:00,0.98792,0.98809,0.98792,0.98809,7
2012-03-01 09:51:00,0.9878,0.98789,0.9878,0.98789,6
2012-03-01 09:52:00,0.98761,0.9878,0.98761,0.98778,17
2012-03-01 09:53:00,0.98769,0.98769,0.98761,0.98763,7
2012-03-01 09:54:00,0.98772,0.98774,0.98761,0.98766,13
2012-03-01 09:55:00,0.98789,0.98789,0.98774,0.98774,6
2012-03-01 09:56:00,0.988,0.988,0.98786,0.98786,12
2012-03-01 09:57:00,0.988,0.988,0.98795,0.98797,6
2012-03-01 09:58:00,0.98797,0.98808,0.98789,0.98803,19
2012-03-01 09:59:00,0.988,0.98803,0.98791,0.988,25
2012-03-01 10:00:00,0.98811,0.98811,0.98797,0.98797,12
2012-03-01 10:01:00,0.98809,0.98825,0.98809,0.98814,13
2012-03-01 10:02:00,0.98783,0.98806,0.9878,0.98806,27
2012-03-01 10:03:00,0.98783,0.98791,0.98783,0.98786,10
2012-03-01 10:04:00,0.98797,0.98803,0.9878,0.9878,13
2012-03-01 10:05:00,0.98811,0.98811,0.988,0.988,13
2012-03-01 10:06:00,0.98809,0.98811,0.98809,0.98809,3
2012-03-01 10:07:00,0.98812,0.98814,0.98811,0.98811,9
2012-03-01 10:08:00,0.9882,0.98828,0.98814,0.98814,11
2012-03-01 10:09:00,0.98825,0.98825,0.98817,0.98823,8
2012-03-01 10:10:00,0.9882,0.98828,0.98817,0.98828,14
2012-03-01 10:11:00,0.98834,0.98834,0.98823,0.98823,19
2012-03-01 10:12:00,0.98834,0.98837,0.98834,0.98837,2
2012-03-01 10:13:00,0.98831,0.98831,0.98826,0.98831,5
2012-03-01 10:14:00,0.98842,0.98842,0.98831,0.98834,12
2012-03-01 10:15:00,0.98843,0.98845,0.98834,0.9884,18
2012-03-01 10:16:00,0.98834,0.98842,0.98834,0.9884,11
2012-03-01 10:17:00,0.98831,0.98831,0.98831,0.98831,1
2012-03-01 10:18:00,0.98834,0.98834,0.98823,0.98829,19
2012-03-01 10:19:00,0.98825,0.98831,0.98823,0.98831,7
2012-03-01 10:20:00,0.98828,0.98828,0.98823,0.98828,7
2012-03-01 10:21:00,0.98828,0.98828,0.9882,0.98826,8
2012-03-01 10:22:00,0.98823,0.98826,0.98823,0.98826,2
2012-03-01 10:23:00,0.98812,0.9882,0.98812,0.9882,4
2012-03-01 10:25:00,0.98812,0.98814,0.98806,0.98809,6
2012-03-01 10:26:00,0.988,0.98809,0.98795,0.98809,8
2012-03-01 10:27:00,0.988,0.988,0.98797,0.98797,4
2012-03-01 10:28:00,0.9878,0.98797,0.98778,0.98797,11
2012-03-01 10:29:00,0.98755,0.98778,0.98752,0.98778,15
2012-03-01 10:30:00,0.98771,0.98771,0.98757,0.98757,6
2012-03-01 10:31:00,0.98774,0.9878,0.98766,0.98774,31
2012-03-01 10:32:00,0.98761,0.98774,0.98761,0.98772,15
2012-03-01 10:33:00,0.98774,0.98774,0.98763,0.98763,5
2012-03-01 10:34:00,0.988,0.988,0.98777,0.98777,25
2012-03-01 10:35:00,0.98825,0.98825,0.98803,0.98803,9
2012-03-01 10:36:00,0.98857,0.98859,0.98823,0.98823,17
2012-03-01 10:37:00,0.98843,0.98854,0.98843,0.98854,17
2012-03-01 10:38:00,0.98851,0.98851,0.98845,0.98845,3
2012-03-01 10:39:00,0.98831,0.98851,0.98831,0.98849,13
2012-03-01 10:40:00,0.98831,0.98831,0.98826,0.98829,4
2012-03-01 10:41:00,0.9884,0.9884,0.98834,0.98834,3
2012-03-01 10:42:00,0.98843,0.98851,0.98842,0.98842,9
2012-03-01 10:43:00,0.9883,0.98842,0.9883,0.9884,12
2012-03-01 10:44:00,0.98822,0.98827,0.98819,0.98827,13
2012-03-01 10:45:00,0.98827,0.98832,0.98822,0.98824,8
2012-03-01 10:46:00,0.98815,0.98827,0.98813,0.98824,16
2012-03-01 10:47:00,0.98813,0.98813,0.98813,0.98813,1
2012-03-01 10:48:00,0.98802,0.9881,0.98802,0.9881,4
2012-03-01 10:49:00,0.98802,0.98804,0.98802,0.98804,4
2012-03-01 10:50:00,0.98802,0.98813,0.98802,0.98804,8
2012-03-01 10:51:00,0.98827,0.98827,0.98804,0.98804,19
2012-03-01 10:52:00,0.9883,0.98838,0.98822,0.98824,15
2012-03-01 10:53:00,0.9883,0.98832,0.98824,0.98832,8
2012-03-01 10:54:00,0.98819,0.98832,0.98819,0.98832,6
2012-03-01 10:56:00,0.98816,0.98816,0.98816,0.98816,1
2012-03-01 10:57:00,0.98805,0.98813,0.98805,0.98813,4
2012-03-01 10:58:00,0.98782,0.98804,0.98782,0.98802,16
2012-03-01 10:59:00,0.9879,0.98796,0.98784,0.98784,9
2012-03-01 11:01:00,0.98782,0.98793,0.98782,0.98793,5
2012-03-01 11:02:00,0.98787,0.98787,0.98784,0.98784,2
2012-03-01 11:03:00,0.98767,0.98785,0.98759,0.98785,19
2012-03-01 11:04:00,0.98762,0.98767,0.98759,0.98765,6
2012-03-01 11:05:00,0.98739,0.9877,0.98731,0.98764,24
2012-03-01 11:06:00,0.98731,0.9875,0.98731,0.98742,19
2012-03-01 11:07:00,0.98742,0.98747,0.98728,0.98728,14
2012-03-01 11:08:00,0.98742,0.98745,0.98731,0.98739,16
2012-03-01 11:09:00,0.9875,0.9875,0.98745,0.98745,7
2012-03-01 11:10:00,0.9875,0.9875,0.98742,0.98748,14
2012-03-01 11:11:00,0.98753,0.98759,0.98751,0.98753,9
2012-03-01 11:12:00,0.98768,0.9877,0.98751,0.98751,17
2012-03-01 11:13:00,0.98768,0.98779,0.98768,0.9877,12
2012-03-01 11:14:00,0.98759,0.98765,0.98759,0.98765,3
2012-03-01 11:15:00,0.98762,0.98762,0.98759,0.98762,5
2012-03-01 11:16:00,0.9877,0.9877,0.98762,0.98764,5
2012-03-01 11:17:00,0.98768,0.9877,0.98768,0.98768,5
2012-03-01 11:18:00,0.98759,0.98765,0.98759,0.98765,5
2012-03-01 11:19:00,0.98759,0.98759,0.98751,0.98756,8
2012-03-01 11:20:00,0.98751,0.98756,0.98751,0.98756,5
2012-03-01 11:21:00,0.98756,0.98759,0.98751,0.98753,12
2012-03-01 11:22:00,0.98747,0.98753,0.98739,0.98753,15
2012-03-01 11:23:00,0.98759,0.98759,0.98742,0.98745,12
2012-03-01 11:24:00,0.98756,0.98767,0.98756,0.98762,9
2012-03-01 11:25:00,0.98729,0.98759,0.98727,0.98759,15
2012-03-01 11:26:00,0.98718,0.98727,0.98718,0.98727,4
2012-03-01 11:27:00,0.98681,0.98715,0.98681,0.98715,21
2012-03-01 11:28:00,0.98679,0.98679,0.98671,0.98677,16
2012-03-01 11:29:00,0.98671,0.98682,0.98671,0.98682,5
2012-03-01 11:30:00,0.98663,0.98682,0.98663,0.98674,11
2012-03-01 11:31:00,0.98671,0.98685,0.9866,0.9866,27
2012-03-01 11:32:00,0.98652,0.98674,0.98641,0.98674,30
2012-03-01 11:33:00,0.98652,0.98655,0.9865,0.98655,6
2012-03-01 11:34:00,0.98636,0.98655,0.98636,0.9865,16
2012-03-01 11:35:00,0.98644,0.98644,0.98633,0.98638,7
2012-03-01 11:36:00,0.98652,0.98652,0.98633,0.98641,19
2012-03-01 11:37:00,0.98641,0.9865,0.98639,0.9865,20
2012-03-01 11:38:00,0.98627,0.98644,0.98627,0.98639,11
2012-03-01 11:39:00,0.98616,0.9863,0.98616,0.9863,12
2012-03-01 11:40:00,0.98607,0.98624,0.98607,0.98618,29
2012-03-01 11:41:00,0.98621,0.98624,0.9861,0.9861,15
2012-03-01 11:42:00,0.98604,0.98627,0.98599,0.98619,30
2012-03-01 11:43:00,0.98581,0.98602,0.98568,0.98602,22
2012-03-01 11:44:00,0.98599,0.98601,0.98579,0.98579,20
2012-03-01 11:45:00,0.98593,0.98601,0.98593,0.98601,14
2012-03-01 11:46:00,0.98598,0.98598,0.9859,0.9859,8
2012-03-01 11:47:00,0.98596,0.98601,0.98596,0.98601,5
2012-03-01 11:48:00,0.98607,0.98607,0.98598,0.98598,8
2012-03-01 11:49:00,0.98607,0.98613,0.98602,0.98605,14
2012-03-01 11:50:00,0.98621,0.98621,0.98602,0.98605,13
2012-03-01 11:51:00,0.9863,0.98632,0.98624,0.98624,5
2012-03-01 11:52:00,0.9865,0.98652,0.98632,0.98632,17
2012-03-01 11:53:00,0.98635,0.98647,0.98613,0.98647,29
2012-03-01 11:54:00,0.98613,0.98633,0.98613,0.98633,10
2012-03-01 11:55:00,0.98627,0.98627,0.98615,0.98615,7
2012-03-01 11:56:00,0.98632,0.98635,0.98627,0.9863,10
2012-03-01 11:57:00,0.98604,0.9863,0.98602,0.9863,14
2012-03-01 11:58:00,0.98584,0.98604,0.98582,0.98602,21
2012-03-01 11:59:00,0.98641,0.98641,0.98587,0.98587,30
2012-03-01 12:00:00,0.98622,0.98649,0.98622,0.98644,19
2012-03-01 12:01:00,0.98627,0.98627,0.98619,0.98619,6
2012-03-01 12:02:00,0.98641,0.98641,0.98624,0.98624,9
2012-03-01 12:03:00,0.98635,0.98639,0.98633,0.98639,4
2012-03-01 12:04:00,0.9863,0.98638,0.9863,0.98638,8
2012-03-01 12:05:00,0.98607,0.98627,0.98607,0.98627,16
2012-03-01 12:06:00,0.9863,0.98632,0.98605,0.9861,20
2012-03-01 12:07:00,0.98627,0.98632,0.98624,0.98632,17
2012-03-01 12:08:00,0.98613,0.98624,0.98613,0.98624,5
2012-03-01 12:09:00,0.98607,0.9861,0.98605,0.9861,6
2012-03-01 12:10:00,0.98626,0.98628,0.98605,0.98605,14
2012-03-01 12:11:00,0.98626,0.98634,0.98614,0.98623,18
2012-03-01 12:12:00,0.98613,0.98622,0.98605,0.98622,14
2012-03-01 12:13:00,0.98621,0.98621,0.98615,0.98615,7
2012-03-01 12:14:00,0.98635,0.98635,0.98624,0.98624,13
2012-03-01 12:15:00,0.98636,0.98644,0.98636,0.98638,6
2012-03-01 12:16:00,0.98618,0.98635,0.98613,0.98633,20
2012-03-01 12:17:00,0.98627,0.9863,0.98616,0.98616,9
2012-03-01 12:18:00,0.98624,0.98632,0.98619,0.9863,9
2012-03-01 12:19:00,0.98621,0.98627,0.98619,0.98627,5
2012-03-01 12:20:00,0.98635,0.98635,0.98619,0.98619,9
2012-03-01 12:21:00,0.98639,0.98641,0.98633,0.98638,17
2012-03-01 12:22:00,0.98635,0.98636,0.9863,0.98636,5
2012-03-01 12:24:00,0.98644,0.98647,0.98638,0.98638,7
2012-03-01 12:25:00,0.98638,0.98641,0.98636,0.98641,8
2012-03-01 12:26:00,0.98644,0.98644,0.98636,0.98636,16
2012-03-01 12:27:00,0.9865,0.98652,0.98644,0.98647,6
2012-03-01 12:28:00,0.98661,0.98661,0.98652,0.98652,6
2012-03-01 12:29:00,0.98673,0.98681,0.98664,0.98664,26
2012-03-01 12:30:00,0.98664,0.9867,0.98661,0.9867,9
2012-03-01 12:31:00,0.98669,0.98672,0.98658,0.98667,14
2012-03-01 12:32:00,0.98658,0.98667,0.98658,0.98667,4
2012-03-01 12:33:00,0.9864,0.98669,0.9864,0.98661,24
2012-03-01 12:34:00,0.98646,0.98659,0.98642,0.98642,14
2012-03-01 12:35:00,0.98679,0.98679,0.98648,0.98648,26
2012-03-01 12:36:00,0.9868,0.98685,0.9868,0.98682,8
2012-03-01 12:37:00,0.9868,0.98685,0.9868,0.98682,16
2012-03-01 12:38:00,0.98671,0.98682,0.98663,0.98682,17
2012-03-01 12:39:00,0.98648,0.98682,0.98623,0.98668,62
2012-03-01 12:40:00,0.98662,0.98676,0.98651,0.98651,35
2012-03-01 12:41:00,0.98679,0.98679,0.9866,0.9866,24
2012-03-01 12:42:00,0.98671,0.98682,0.98663,0.98682,19
2012-03-01 12:43:00,0.98671,0.98682,0.98671,0.98674,10
2012-03-01 12:44:00,0.98624,0.98668,0.98624,0.98668,32
2012-03-01 12:45:00,0.98622,0.9863,0.98613,0.98622,17
2012-03-01 12:46:00,0.98638,0.98638,0.98624,0.98624,12
2012-03-01 12:47:00,0.98636,0.98647,0.9863,0.98636,15
2012-03-01 12:48:00,0.98638,0.98647,0.98633,0.98638,17
2012-03-01 12:49:00,0.98641,0.98641,0.98633,0.98636,13
2012-03-01 12:50:00,0.98619,0.98649,0.98619,0.98644,28
2012-03-01 12:51:00,0.98613,0.98621,0.9861,0.98616,16
2012-03-01 12:52:00,0.98613,0.98621,0.98613,0.98615,14
2012-03-01 12:53:00,0.98605,0.9861,0.98602,0.9861,9
2012-03-01 12:54:00,0.98576,0.98602,0.98576,0.98602,10
2012-03-01 12:55:00,0.98605,0.98607,0.9857,0.98573,32
2012-03-01 12:56:00,0.98593,0.9861,0.98593,0.98607,12
2012-03-01 12:57:00,0.98556,0.9859,0.98556,0.9859,19
2012-03-01 12:58:00,0.9857,0.9857,0.98553,0.98553,17
2012-03-01 12:59:00,0.98607,0.9861,0.98556,0.98568,41
2012-03-01 13:00:00,0.98585,0.98605,0.98585,0.98605,24
2012-03-01 13:01:00,0.98601,0.98601,0.98568,0.98582,26
2012-03-01 13:02:00,0.98624,0.98624,0.98599,0.98599,16
2012-03-01 13:03:00,0.98627,0.98638,0.98624,0.98627,15
2012-03-01 13:04:00,0.98627,0.98632,0.98622,0.9863,22
2012-03-01 13:05:00,0.98621,0.98632,0.98613,0.9863,14
2012-03-01 13:06:00,0.98613,0.98624,0.98605,0.98624,29
2012-03-01 13:07:00,0.98616,0.98618,0.98613,0.98615,9
2012-03-01 13:08:00,0.98627,0.98627,0.98616,0.98618,6
2012-03-01 13:09:00,0.98587,0.98624,0.98585,0.98624,18
2012-03-01 13:10:00,0.98581,0.98593,0.98576,0.98585,14
2012-03-01 13:11:00,0.98587,0.98601,0.98579,0.98579,30
2012-03-01 13:12:00,0.98587,0.98587,0.98579,0.98585,8
2012-03-01 13:13:00,0.98579,0.98593,0.98576,0.9859,17
2012-03-01 13:14:00,0.98568,0.98587,0.98568,0.98581,18
2012-03-01 13:15:00,0.98553,0.98567,0.98551,0.98565,23
2012-03-01 13:16:00,0.98564,0.98564,0.98548,0.98551,14
2012-03-01 13:17:00,0.98573,0.98573,0.98551,0.98567,17
2012-03-01 13:18:00,0.98556,0.98576,0.98548,0.98576,18
2012-03-01 13:19:00,0.98584,0.98584,0.98539,0.98553,44
2012-03-01 13:20:00,0.98559,0.98582,0.98548,0.98582,57
2012-03-01 13:21:00,0.98553,0.9857,0.98553,0.98562,10
2012-03-01 13:22:00,0.98562,0.98562,0.98548,0.98556,15
2012-03-01 13:23:00,0.98579,0.98587,0.98559,0.98559,20
2012-03-01 13:24:00,0.98562,0.98579,0.98562,0.98576,10
2012-03-01 13:25:00,0.9858,0.9858,0.98555,0.98559,19
2012-03-01 13:26:00,0.98572,0.9858,0.98572,0.98578,13
2012-03-01 13:27:00,0.98575,0.9858,0.98569,0.98574,17
2012-03-01 13:28:00,0.98583,0.98583,0.98575,0.98577,9
2012-03-01 13:29:00,0.98577,0.98586,0.98577,0.98586,4
2012-03-01 13:30:00,0.98599,0.98601,0.98577,0.98581,15
2012-03-01 13:31:00,0.98624,0.98624,0.98601,0.98601,25
2012-03-01 13:32:00,0.98644,0.98655,0.98616,0.98622,37
2012-03-01 13:33:00,0.98627,0.98652,0.98627,0.98647,28
2012-03-01 13:34:00,0.98587,0.98624,0.98579,0.98624,34
2012-03-01 13:35:00,0.98579,0.9859,0.9857,0.9859,21
2012-03-01 13:36:00,0.98598,0.98598,0.98573,0.98576,21
2012-03-01 13:37:00,0.98607,0.98624,0.98601,0.98601,47
2012-03-01 13:38:00,0.98619,0.98627,0.98605,0.98605,28
2012-03-01 13:39:00,0.98621,0.98624,0.98613,0.98621,13
2012-03-01 13:40:00,0.9861,0.98619,0.98596,0.98619,14
2012-03-01 13:41:00,0.98601,0.98621,0.98599,0.98613,27
2012-03-01 13:42:00,0.98598,0.98613,0.9859,0.98604,35
2012-03-01 13:43:00,0.98567,0.98607,0.98565,0.98601,29
2012-03-01 13:44:00,0.98565,0.98576,0.98559,0.98565,17
2012-03-01 13:45:00,0.9857,0.9857,0.98559,0.98562,16
2012-03-01 13:46:00,0.9859,0.98604,0.98568,0.98568,29
2012-03-01 13:47:00,0.9859,0.98601,0.98585,0.98593,24
2012-03-01 13:48:00,0.9861,0.9861,0.98576,0.98587,33
2012-03-01 13:49:00,0.98636,0.98641,0.98613,0.98613,25
2012-03-01 13:50:00,0.98627,0.98638,0.98627,0.98638,29
2012-03-01 13:51:00,0.98627,0.98638,0.98624,0.9863,24
2012-03-01 13:52:00,0.98619,0.9863,0.9861,0.9863,35
2012-03-01 13:53:00,0.9859,0.98621,0.9859,0.98621,18
2012-03-01 13:54:00,0.9857,0.98587,0.98568,0.98587,9
2012-03-01 13:55:00,0.98567,0.98568,0.98559,0.98568,7
2012-03-01 13:56:00,0.98579,0.98579,0.98565,0.98565,10
2012-03-01 13:57:00,0.9859,0.98598,0.98576,0.98581,26
2012-03-01 13:58:00,0.9859,0.9859,0.98573,0.98587,16
2012-03-01 13:59:00,0.98587,0.98593,0.98582,0.98587,25
2012-03-01 14:00:00,0.98604,0.9861,0.9859,0.9859,18
2012-03-01 14:01:00,0.98604,0.98613,0.98602,0.98607,16
2012-03-01 14:02:00,0.98585,0.98604,0.98585,0.98602,11
2012-03-01 14:03:00,0.98556,0.9859,0.98542,0.98587,37
2012-03-01 14:04:00,0.98547,0.98559,0.98545,0.98559,23
2012-03-01 14:05:00,0.98573,0.98573,0.9855,0.9855,19
2012-03-01 14:06:00,0.98528,0.9857,0.98525,0.9857,27
2012-03-01 14:07:00,0.98502,0.9853,0.98488,0.9853,37
2012-03-01 14:08:00,0.98505,0.98516,0.985,0.98505,21
2012-03-01 14:09:00,0.985,0.98505,0.98494,0.98502,14
2012-03-01 14:10:00,0.98468,0.98502,0.98466,0.98497,29
2012-03-01 14:11:00,0.98466,0.98476,0.98451,0.98466,47
2012-03-01 14:12:00,0.98465,0.98476,0.98463,0.98468,26
2012-03-01 14:13:00,0.98479,0.98479,0.98457,0.98462,35
2012-03-01 14:14:00,0.9848,0.98488,0.98466,0.98482,24
2012-03-01 14:15:00,0.98482,0.98493,0.98477,0.98477,15
2012-03-01 14:16:00,0.98488,0.98488,0.98474,0.98485,16
2012-03-01 14:17:00,0.98479,0.98491,0.98477,0.98491,23
2012-03-01 14:18:00,0.98488,0.98491,0.98477,0.98477,37
2012-03-01 14:19:00,0.98468,0.98485,0.98468,0.98485,9
2012-03-01 14:20:00,0.98466,0.98471,0.9846,0.98466,15
2012-03-01 14:21:00,0.98454,0.98479,0.98454,0.98468,22
2012-03-01 14:22:00,0.98457,0.98468,0.98454,0.98457,13
2012-03-01 14:23:00,0.98459,0.98459,0.98454,0.98459,5
2012-03-01 14:24:00,0.98462,0.98462,0.98457,0.98457,5
2012-03-01 14:25:00,0.98466,0.98468,0.9846,0.98465,11
2012-03-01 14:26:00,0.98488,0.98488,0.98468,0.98468,10
2012-03-01 14:27:00,0.98493,0.98499,0.98488,0.98491,18
2012-03-01 14:28:00,0.98508,0.98508,0.98494,0.98496,11
2012-03-01 14:29:00,0.98534,0.98539,0.985,0.9851,27
2012-03-01 14:30:00,0.98496,0.98536,0.9848,0.98531,59
2012-03-01 14:31:00,0.98468,0.98513,0.98457,0.98494,50
2012-03-01 14:32:00,0.98446,0.98466,0.98429,0.98466,52
2012-03-01 14:33:00,0.98448,0.98451,0.98423,0.98443,39
2012-03-01 14:34:00,0.98496,0.98496,0.98446,0.98446,31
2012-03-01 14:35:00,0.98484,0.98501,0.98484,0.98498,20
2012-03-01 14:36:00,0.98471,0.98481,0.9845,0.98481,23
2012-03-01 14:37:00,0.9848,0.98496,0.98471,0.98474,19
2012-03-01 14:38:00,0.98488,0.98496,0.98471,0.98482,39
2012-03-01 14:39:00,0.98513,0.98513,0.98488,0.98491,29
2012-03-01 14:40:00,0.9852,0.98556,0.98514,0.98516,51
2012-03-01 14:41:00,0.9852,0.98526,0.98512,0.98518,24
2012-03-01 14:42:00,0.98536,0.98536,0.98512,0.98518,26
2012-03-01 14:43:00,0.9856,0.98562,0.9854,0.9854,20
2012-03-01 14:44:00,0.98556,0.98562,0.98552,0.98556,21
2012-03-01 14:45:00,0.98586,0.9859,0.9856,0.9856,46
2012-03-01 14:46:00,0.98566,0.98582,0.9856,0.98582,17
2012-03-01 14:47:00,0.98562,0.9857,0.98562,0.98568,13
2012-03-01 14:48:00,0.9854,0.9856,0.98538,0.9856,30
2012-03-01 14:49:00,0.98536,0.98548,0.98532,0.98538,17
2012-03-01 14:50:00,0.98512,0.98534,0.98508,0.98534,25
2012-03-01 14:51:00,0.98512,0.9852,0.98506,0.98514,18
2012-03-01 14:52:00,0.98512,0.98514,0.98508,0.98514,14
2012-03-01 14:53:00,0.98506,0.98514,0.98506,0.98514,8
2012-03-01 14:54:00,0.98496,0.98504,0.98486,0.98504,27
2012-03-01 14:55:00,0.98508,0.98516,0.98492,0.98494,42
2012-03-01 14:56:00,0.98508,0.98516,0.98504,0.98512,24
2012-03-01 14:57:00,0.98512,0.98522,0.98512,0.98512,13
2012-03-01 14:58:00,0.98514,0.98514,0.98504,0.98508,11
2012-03-01 14:59:00,0.98498,0.9852,0.98498,0.98512,31
2012-03-01 15:00:00,0.98644,0.98644,0.98502,0.98502,101
2012-03-01 15:01:00,0.9861,0.98652,0.98606,0.98648,48
2012-03-01 15:02:00,0.98638,0.98672,0.98606,0.98608,69
2012-03-01 15:03:00,0.98646,0.98654,0.98634,0.9864,47
2012-03-01 15:04:00,0.98678,0.98692,0.9864,0.98648,55
2012-03-01 15:05:00,0.98628,0.9868,0.98606,0.98674,64
2012-03-01 15:06:00,0.98642,0.98642,0.98616,0.98626,35
2012-03-01 15:07:00,0.9863,0.98644,0.9862,0.9864,54
2012-03-01 15:08:00,0.98644,0.98644,0.9862,0.98628,37
2012-03-01 15:09:00,0.98636,0.98662,0.98636,0.98648,62
2012-03-01 15:10:00,0.98572,0.98634,0.98568,0.98634,51
2012-03-01 15:11:00,0.98548,0.98582,0.98528,0.98574,48
2012-03-01 15:12:00,0.9853,0.9855,0.98526,0.98546,48
2012-03-01 15:13:00,0.98534,0.98546,0.98526,0.98534,33
2012-03-01 15:14:00,0.98556,0.9856,0.98526,0.98532,30
2012-03-01 15:15:00,0.9856,0.98566,0.98546,0.98554,37
2012-03-01 15:16:00,0.9856,0.98584,0.98554,0.98556,42
2012-03-01 15:17:00,0.98534,0.98562,0.98534,0.98556,43
2012-03-01 15:18:00,0.98536,0.98554,0.98528,0.98532,39
2012-03-01 15:19:00,0.98528,0.9854,0.98528,0.98534,27
2012-03-01 15:20:00,0.98528,0.9853,0.98508,0.9853,30
2012-03-01 15:21:00,0.98508,0.98528,0.98498,0.98526,19
2012-03-01 15:22:00,0.98526,0.9853,0.985,0.98506,20
2012-03-01 15:23:00,0.985,0.9853,0.985,0.98528,25
2012-03-01 15:24:00,0.98468,0.98498,0.98468,0.98498,27
2012-03-01 15:25:00,0.98452,0.98468,0.9843,0.98466,34
2012-03-01 15:26:00,0.9846,0.98468,0.9845,0.98454,37
2012-03-01 15:27:00,0.98448,0.9847,0.9844,0.98462,26
2012-03-01 15:28:00,0.98488,0.9849,0.98444,0.98444,40
2012-03-01 15:29:00,0.98498,0.98502,0.98482,0.98484,16
2012-03-01 15:30:00,0.98498,0.98506,0.98478,0.98502,34
2012-03-01 15:31:00,0.9853,0.9853,0.9849,0.98502,35
2012-03-01 15:32:00,0.98502,0.98528,0.98498,0.98528,34
2012-03-01 15:33:00,0.98532,0.98536,0.98502,0.98504,23
2012-03-01 15:34:00,0.98526,0.98536,0.98516,0.9853,24
2012-03-01 15:35:00,0.98526,0.98532,0.98518,0.9853,24
2012-03-01 15:36:00,0.98528,0.9853,0.98524,0.98524,4
2012-03-01 15:37:00,0.98558,0.9856,0.98518,0.9853,37
2012-03-01 15:38:00,0.98564,0.98574,0.98546,0.9856,48
2012-03-01 15:39:00,0.98532,0.98566,0.98532,0.98566,29
2012-03-01 15:40:00,0.98562,0.98574,0.98532,0.98536,32
2012-03-01 15:41:00,0.9856,0.9857,0.98554,0.98566,35
2012-03-01 15:42:00,0.98582,0.98582,0.98556,0.98556,20
2012-03-01 15:43:00,0.9859,0.98608,0.98576,0.9858,47
2012-03-01 15:44:00,0.98628,0.9863,0.98594,0.98594,39
2012-03-01 15:45:00,0.98616,0.9863,0.9861,0.9863,40
2012-03-01 15:46:00,0.98618,0.98618,0.98602,0.98618,17
2012-03-01 15:47:00,0.98622,0.98638,0.9862,0.98622,53
2012-03-01 15:48:00,0.98602,0.9862,0.98588,0.9862,31
2012-03-01 15:49:00,0.98594,0.98604,0.98576,0.986,41
2012-03-01 15:50:00,0.9864,0.98642,0.98596,0.98596,26
2012-03-01 15:51:00,0.98658,0.98662,0.98636,0.98636,47
2012-03-01 15:52:00,0.98642,0.98662,0.98634,0.98662,36
2012-03-01 15:53:00,0.9863,0.9864,0.98622,0.9864,22
2012-03-01 15:54:00,0.98628,0.98628,0.98602,0.98628,25
2012-03-01 15:55:00,0.98608,0.98626,0.98602,0.98626,25
2012-03-01 15:56:00,0.98628,0.9863,0.98602,0.9861,37
2012-03-01 15:57:00,0.98626,0.98642,0.98626,0.98626,39
2012-03-01 15:58:00,0.98586,0.98634,0.98586,0.98628,38
2012-03-01 15:59:00,0.98606,0.98624,0.98588,0.98588,39
2012-03-01 16:00:00,0.98572,0.98604,0.98564,0.98602,50
2012-03-01 16:01:00,0.98564,0.98572,0.98544,0.9857,51
2012-03-01 16:02:00,0.98574,0.98574,0.98556,0.98562,22
2012-03-01 16:03:00,0.98574,0.98574,0.98564,0.98572,14
2012-03-01 16:04:00,0.98586,0.98586,0.98578,0.98578,16
2012-03-01 16:05:00,0.9859,0.98598,0.98578,0.98584,23
2012-03-01 16:06:00,0.98578,0.98604,0.98576,0.98586,28
2012-03-01 16:07:00,0.98592,0.98592,0.98576,0.98576,29
2012-03-01 16:08:00,0.98618,0.98624,0.98592,0.98594,35
2012-03-01 16:09:00,0.9864,0.9864,0.98616,0.98616,30
2012-03-01 16:10:00,0.9863,0.98644,0.9863,0.98638,22
2012-03-01 16:11:00,0.98628,0.98638,0.98626,0.98626,26
2012-03-01 16:12:00,0.98644,0.98644,0.98624,0.98626,22
2012-03-01 16:13:00,0.98632,0.98644,0.98626,0.9864,16
2012-03-01 16:14:00,0.9864,0.98654,0.98632,0.98634,23
2012-03-01 16:15:00,0.98626,0.98654,0.98626,0.98638,27
2012-03-01 16:16:00,0.98618,0.98624,0.98604,0.98624,41
2012-03-01 16:17:00,0.98586,0.9862,0.98576,0.98616,46
2012-03-01 16:18:00,0.98568,0.98588,0.98566,0.98582,50
2012-03-01 16:19:00,0.98588,0.9859,0.98566,0.9857,20
2012-03-01 16:20:00,0.98566,0.98586,0.98564,0.98586,33
2012-03-01 16:21:00,0.98606,0.98606,0.98566,0.9857,50
2012-03-01 16:22:00,0.98642,0.98642,0.98606,0.98608,56
2012-03-01 16:23:00,0.98616,0.9865,0.98616,0.98644,29
2012-03-01 16:24:00,0.9861,0.98616,0.9861,0.98614,10
2012-03-01 16:25:00,0.98624,0.98624,0.98614,0.98614,35
2012-03-01 16:26:00,0.98624,0.98634,0.98616,0.98628,22
2012-03-01 16:27:00,0.9861,0.98636,0.98608,0.98622,27
2012-03-01 16:28:00,0.9858,0.98608,0.9858,0.98608,13
2012-03-01 16:29:00,0.98532,0.9858,0.98532,0.98576,37
2012-03-01 16:30:00,0.98556,0.98556,0.98528,0.98528,31
2012-03-01 16:31:00,0.9854,0.9856,0.98538,0.98554,28
2012-03-01 16:32:00,0.98528,0.98542,0.98528,0.98542,16
2012-03-01 16:33:00,0.98512,0.98536,0.98508,0.98526,37
2012-03-01 16:34:00,0.98524,0.98526,0.9851,0.9851,36
2012-03-01 16:35:00,0.9851,0.98522,0.98504,0.98522,21
2012-03-01 16:36:00,0.98522,0.98526,0.98508,0.98512,30
2012-03-01 16:37:00,0.98518,0.98526,0.9851,0.98518,13
2012-03-01 16:38:00,0.9853,0.98532,0.98518,0.98522,16
2012-03-01 16:39:00,0.98538,0.98544,0.98532,0.98532,13
2012-03-01 16:40:00,0.9853,0.98536,0.98524,0.98536,25
2012-03-01 16:41:00,0.98552,0.98552,0.98522,0.98532,30
2012-03-01 16:42:00,0.98528,0.9855,0.98528,0.9855,23
2012-03-01 16:43:00,0.98522,0.98526,0.9851,0.98524,42
2012-03-01 16:44:00,0.9851,0.98526,0.9851,0.98524,28
2012-03-01 16:45:00,0.98482,0.98512,0.98462,0.98512,38
2012-03-01 16:46:00,0.98498,0.98502,0.98482,0.98484,20
2012-03-01 16:47:00,0.98506,0.98506,0.9849,0.98496,13
2012-03-01 16:48:00,0.9851,0.98518,0.98496,0.98504,27
2012-03-01 16:49:00,0.9851,0.98518,0.98498,0.98512,24
2012-03-01 16:50:00,0.9853,0.98532,0.98504,0.98508,21
2012-03-01 16:51:00,0.98532,0.98538,0.98528,0.98532,23
2012-03-01 16:52:00,0.98538,0.98542,0.98526,0.98536,21
2012-03-01 16:53:00,0.9852,0.9854,0.9852,0.9854,24
2012-03-01 16:54:00,0.98526,0.98526,0.98518,0.98518,10
2012-03-01 16:55:00,0.98512,0.98534,0.98512,0.98522,25
2012-03-01 16:56:00,0.98508,0.98516,0.98504,0.98514,9
2012-03-01 16:57:00,0.98514,0.98516,0.98512,0.98512,6
2012-03-01 16:58:00,0.98492,0.98516,0.98492,0.98516,20
2012-03-01 16:59:00,0.98486,0.98496,0.98484,0.98494,18
2012-03-01 17:00:00,0.98528,0.98528,0.98486,0.98488,39
2012-03-01 17:01:00,0.98528,0.98548,0.98528,0.9853,16
2012-03-01 17:02:00,0.98526,0.9853,0.98514,0.98526,27
2012-03-01 17:03:00,0.98514,0.98526,0.98508,0.98522,22
2012-03-01 17:04:00,0.98518,0.9852,0.98508,0.98512,13
2012-03-01 17:05:00,0.98514,0.98522,0.98512,0.98514,25
2012-03-01 17:06:00,0.98508,0.98514,0.98504,0.98512,16
2012-03-01 17:07:00,0.9852,0.9852,0.98508,0.98512,20
2012-03-01 17:08:00,0.98526,0.98534,0.98512,0.98518,22
2012-03-01 17:09:00,0.98518,0.9853,0.98518,0.98528,9
2012-03-01 17:10:00,0.98508,0.98514,0.98508,0.98514,17
2012-03-01 17:11:00,0.98506,0.98514,0.98504,0.98512,9
2012-03-01 17:12:00,0.98508,0.98516,0.985,0.98504,13
2012-03-01 17:13:00,0.9849,0.98504,0.9849,0.98504,6
2012-03-01 17:14:00,0.98478,0.98492,0.98476,0.98492,20
2012-03-01 17:15:00,0.98478,0.98482,0.98476,0.98476,6
2012-03-01 17:16:00,0.98476,0.98484,0.9847,0.98482,13
2012-03-01 17:17:00,0.98482,0.98498,0.98468,0.98478,32
2012-03-01 17:18:00,0.9849,0.9849,0.98484,0.98484,7
2012-03-01 17:19:00,0.98488,0.9849,0.98482,0.98488,17
2012-03-01 17:20:00,0.9847,0.98484,0.98468,0.98484,20
2012-03-01 17:21:00,0.98462,0.98472,0.98456,0.98472,13
2012-03-01 17:22:00,0.98488,0.9849,0.9846,0.9846,25
2012-03-01 17:23:00,0.98498,0.98506,0.9849,0.9849,12
2012-03-01 17:24:00,0.9849,0.98496,0.98488,0.98496,11
2012-03-01 17:25:00,0.9849,0.9849,0.98484,0.98488,10
2012-03-01 17:26:00,0.98508,0.98512,0.98492,0.98492,12
2012-03-01 17:27:00,0.98504,0.9851,0.98502,0.98504,9
2012-03-01 17:28:00,0.98506,0.98506,0.98498,0.98502,11
2012-03-01 17:29:00,0.98508,0.98512,0.98502,0.98504,10
2012-03-01 17:30:00,0.98502,0.98506,0.98498,0.98504,8
2012-03-01 17:31:00,0.98502,0.98504,0.98502,0.98504,6
2012-03-01 17:32:00,0.98516,0.98516,0.98504,0.98504,5
2012-03-01 17:33:00,0.98516,0.98516,0.9851,0.98512,4
2012-03-01 17:34:00,0.98532,0.98536,0.98518,0.98518,22
2012-03-01 17:35:00,0.98536,0.98544,0.98528,0.98536,19
2012-03-01 17:36:00,0.98524,0.98532,0.98522,0.98532,8
2012-03-01 17:37:00,0.98504,0.98522,0.98504,0.98522,9
2012-03-01 17:38:00,0.9851,0.98512,0.98498,0.98502,8
2012-03-01 17:39:00,0.98506,0.9851,0.98498,0.98508,13
2012-03-01 17:40:00,0.98524,0.98524,0.9851,0.9851,12
2012-03-01 17:41:00,0.98524,0.98526,0.9851,0.98522,16
2012-03-01 17:42:00,0.98524,0.98524,0.98516,0.98522,10
2012-03-01 17:43:00,0.98518,0.98522,0.98516,0.98522,6
2012-03-01 17:44:00,0.98532,0.98532,0.98522,0.98522,9
2012-03-01 17:45:00,0.98536,0.98536,0.9853,0.9853,3
2012-03-01 17:46:00,0.98532,0.98532,0.9853,0.98532,3
2012-03-01 17:47:00,0.98524,0.98536,0.98524,0.98536,5
2012-03-01 17:48:00,0.98516,0.98522,0.98516,0.98522,3
2012-03-01 17:49:00,0.98504,0.98512,0.98504,0.98512,4
2012-03-01 17:50:00,0.9851,0.98512,0.98504,0.98506,8
2012-03-01 17:51:00,0.9851,0.9851,0.98508,0.98508,2
2012-03-01 17:52:00,0.98522,0.98526,0.98512,0.98512,12
2012-03-01 17:53:00,0.9851,0.9853,0.9851,0.98524,20
2012-03-01 17:54:00,0.9851,0.98512,0.98504,0.98508,8
2012-03-01 17:55:00,0.98516,0.98518,0.98508,0.98508,6
2012-03-01 17:56:00,0.98506,0.98522,0.98504,0.98518,13
2012-03-01 17:57:00,0.98498,0.98506,0.98498,0.98504,7
2012-03-01 17:58:00,0.98494,0.98506,0.98484,0.98502,28
2012-03-01 17:59:00,0.98496,0.98502,0.9849,0.98496,11
2012-03-01 18:00:00,0.9851,0.98532,0.98494,0.98494,39
2012-03-01 18:01:00,0.98518,0.98526,0.98508,0.98508,27
2012-03-01 18:02:00,0.9853,0.98532,0.98508,0.98516,18
2012-03-01 18:03:00,0.98532,0.98532,0.98516,0.98528,19
2012-03-01 18:04:00,0.9854,0.9855,0.98536,0.98536,17
2012-03-01 18:05:00,0.98518,0.98538,0.98518,0.98538,8
2012-03-01 18:06:00,0.98518,0.98524,0.98518,0.98522,10
2012-03-01 18:07:00,0.98518,0.98522,0.98512,0.98522,8
2012-03-01 18:08:00,0.98522,0.98526,0.98522,0.98522,5
2012-03-01 18:09:00,0.98524,0.98524,0.98518,0.98518,5
2012-03-01 18:10:00,0.98528,0.98532,0.98524,0.98526,9
2012-03-01 18:11:00,0.98516,0.98524,0.98516,0.98524,8
2012-03-01 18:12:00,0.9851,0.98512,0.98508,0.98512,4
2012-03-01 18:13:00,0.98498,0.98508,0.98496,0.98508,8
2012-03-01 18:14:00,0.98504,0.98512,0.98502,0.98502,8
2012-03-01 18:15:00,0.98506,0.9851,0.98504,0.98506,7
2012-03-01 18:16:00,0.98498,0.98512,0.98498,0.9851,9
2012-03-01 18:17:00,0.98498,0.98502,0.98496,0.98496,6
2012-03-01 18:18:00,0.98498,0.98498,0.9849,0.98496,6
2012-03-01 18:19:00,0.98498,0.98498,0.98494,0.98496,4
2012-03-01 18:20:00,0.98498,0.98504,0.98494,0.98502,8
2012-03-01 18:21:00,0.98476,0.98496,0.98476,0.98496,10
2012-03-01 18:22:00,0.9847,0.98478,0.98468,0.98474,10
2012-03-01 18:23:00,0.98468,0.98468,0.98468,0.98468,1
2012-03-01 18:24:00,0.9847,0.98472,0.98456,0.98464,17
2012-03-01 18:25:00,0.98482,0.9849,0.9847,0.98472,18
2012-03-01 18:26:00,0.9849,0.98492,0.98482,0.98484,11
2012-03-01 18:27:00,0.98492,0.98492,0.98482,0.98488,7
2012-03-01 18:28:00,0.9849,0.98502,0.9849,0.98496,11
2012-03-01 18:29:00,0.98482,0.98492,0.98482,0.98492,11
2012-03-01 18:30:00,0.98478,0.98486,0.98476,0.98484,9
2012-03-01 18:31:00,0.98484,0.9849,0.98482,0.98482,6
2012-03-01 18:32:00,0.98458,0.98482,0.98456,0.98482,25
2012-03-01 18:33:00,0.98464,0.98468,0.98456,0.98456,10
2012-03-01 18:34:00,0.98462,0.98462,0.98456,0.98462,5
2012-03-01 18:35:00,0.98464,0.9847,0.98462,0.98464,7
2012-03-01 18:36:00,0.9847,0.9847,0.98462,0.98462,4
2012-03-01 18:37:00,0.9847,0.98472,0.9847,0.98472,2
2012-03-01 18:38:00,0.98462,0.98472,0.98462,0.98472,5
2012-03-01 18:39:00,0.98498,0.98498,0.98464,0.98464,13
2012-03-01 18:40:00,0.98488,0.98512,0.98488,0.98502,20
2012-03-01 18:41:00,0.98486,0.9849,0.98476,0.9849,18
2012-03-01 18:42:00,0.98496,0.98496,0.98482,0.98484,11
2012-03-01 18:43:00,0.98508,0.9851,0.98498,0.98498,6
2012-03-01 18:44:00,0.9851,0.9851,0.98502,0.98504,5
2012-03-01 18:45:00,0.98504,0.98508,0.98502,0.98508,4
2012-03-01 18:46:00,0.98506,0.98506,0.98506,0.98506,1
2012-03-01 18:48:00,0.98508,0.98516,0.98502,0.98504,20
2012-03-01 18:49:00,0.9851,0.98522,0.9851,0.9851,9
2012-03-01 18:50:00,0.98518,0.98524,0.98512,0.98512,11
2012-03-01 18:51:00,0.98522,0.98524,0.98522,0.98522,3
2012-03-01 18:52:00,0.98518,0.98522,0.98516,0.98518,5
2012-03-01 18:53:00,0.98506,0.98522,0.98504,0.98516,10
2012-03-01 18:54:00,0.9851,0.9851,0.98498,0.98504,11
2012-03-01 18:55:00,0.98498,0.98508,0.98496,0.98508,8
2012-03-01 18:56:00,0.98504,0.98506,0.98502,0.98502,14
2012-03-01 18:57:00,0.98506,0.98506,0.98498,0.98506,13
2012-03-01 18:58:00,0.9849,0.98504,0.98488,0.98504,12
2012-03-01 18:59:00,0.98496,0.98498,0.9849,0.98492,12
2012-03-01 19:00:00,0.9848,0.98494,0.98478,0.98494,27
2012-03-01 19:01:00,0.98466,0.98478,0.98466,0.98478,29
2012-03-01 19:02:00,0.98466,0.98468,0.9846,0.98468,6
2012-03-01 19:03:00,0.98466,0.98468,0.98458,0.98468,18
2012-03-01 19:04:00,0.98468,0.98468,0.98468,0.98468,1
2012-03-01 19:05:00,0.9846,0.98466,0.9846,0.98466,3
2012-03-01 19:06:00,0.98446,0.98462,0.98446,0.98462,9
2012-03-01 19:07:00,0.9845,0.98454,0.98432,0.98448,30
2012-03-01 19:08:00,0.98456,0.98462,0.9845,0.98452,12
2012-03-01 19:09:00,0.98462,0.98462,0.98456,0.98458,8
2012-03-01 19:10:00,0.98464,0.98468,0.98456,0.9846,7
2012-03-01 19:11:00,0.98464,0.98468,0.9846,0.98462,8
2012-03-01 19:12:00,0.9847,0.9847,0.98456,0.98462,18
2012-03-01 19:13:00,0.9847,0.98476,0.98468,0.98472,8
2012-03-01 19:14:00,0.98478,0.98484,0.98472,0.98472,15
2012-03-01 19:15:00,0.9847,0.98482,0.9847,0.98482,7
2012-03-01 19:16:00,0.9846,0.98472,0.9846,0.98472,15
2012-03-01 19:17:00,0.9847,0.98472,0.98462,0.98462,8
2012-03-01 19:18:00,0.98472,0.98472,0.9847,0.98472,3
2012-03-01 19:19:00,0.9847,0.9847,0.9847,0.9847,1
2012-03-01 19:20:00,0.98472,0.98472,0.9847,0.98472,3
2012-03-01 19:21:00,0.9847,0.98472,0.98468,0.9847,5
2012-03-01 19:22:00,0.98468,0.98472,0.98468,0.98472,7
2012-03-01 19:23:00,0.98484,0.98484,0.98464,0.98464,10
2012-03-01 19:24:00,0.98516,0.98516,0.98486,0.98486,17
2012-03-01 19:25:00,0.98498,0.98516,0.98498,0.98512,12
2012-03-01 19:26:00,0.98502,0.9851,0.9849,0.98496,13
2012-03-01 19:27:00,0.98498,0.98498,0.98498,0.98498,1
2012-03-01 19:28:00,0.98498,0.98504,0.98498,0.98502,4
2012-03-01 19:29:00,0.98502,0.98502,0.98502,0.98502,1
2012-03-01 19:30:00,0.98498,0.98504,0.98498,0.98504,5
2012-03-01 19:31:00,0.98504,0.98506,0.98502,0.98502,6
2012-03-01 19:32:00,0.98524,0.98524,0.98506,0.98506,11
2012-03-01 19:33:00,0.98528,0.9853,0.98518,0.98522,13
2012-03-01 19:34:00,0.9852,0.9853,0.9852,0.9853,13
2012-03-01 19:35:00,0.98526,0.98534,0.98522,0.98522,8
2012-03-01 19:36:00,0.98526,0.98526,0.9852,0.98522,4
2012-03-01 19:37:00,0.9853,0.98534,0.98528,0.98528,8
2012-03-01 19:38:00,0.98538,0.9854,0.98534,0.98534,4
2012-03-01 19:39:00,0.98548,0.9855,0.98538,0.9854,10
2012-03-01 19:40:00,0.98562,0.98562,0.98546,0.98546,9
2012-03-01 19:41:00,0.98568,0.98568,0.98566,0.98566,8
2012-03-01 19:42:00,0.9858,0.98584,0.98566,0.98566,18
2012-03-01 19:43:00,0.98566,0.9858,0.9856,0.98576,25
2012-03-01 19:44:00,0.98574,0.98574,0.98568,0.98568,7
2012-03-01 19:45:00,0.98566,0.98574,0.98556,0.98572,11
2012-03-01 19:46:00,0.9857,0.9857,0.98562,0.98562,8
2012-03-01 19:47:00,0.98576,0.98582,0.98566,0.98568,9
2012-03-01 19:48:00,0.98564,0.98604,0.98558,0.98572,55
2012-03-01 19:49:00,0.98564,0.98564,0.98558,0.98562,4
2012-03-01 19:50:00,0.9856,0.98562,0.98552,0.98562,15
2012-03-01 19:51:00,0.98564,0.98564,0.9855,0.98558,15
2012-03-01 19:52:00,0.98572,0.98572,0.98566,0.98566,3
2012-03-01 19:53:00,0.98572,0.98574,0.98566,0.98574,6
2012-03-01 19:54:00,0.98562,0.9857,0.98556,0.9857,18
2012-03-01 19:55:00,0.98566,0.98572,0.98564,0.98564,6
2012-03-01 19:56:00,0.9857,0.98572,0.98564,0.98564,5
2012-03-01 19:57:00,0.9857,0.9857,0.98564,0.98566,4
2012-03-01 19:58:00,0.9857,0.98574,0.9857,0.98572,4
2012-03-01 19:59:00,0.9857,0.98574,0.98564,0.98572,30
2012-03-01 20:00:00,0.98566,0.98572,0.98562,0.98566,15
2012-03-01 20:01:00,0.98562,0.9857,0.98562,0.9857,6
2012-03-01 20:02:00,0.98538,0.98564,0.98538,0.98564,18
2012-03-01 20:03:00,0.98544,0.98544,0.98538,0.9854,12
2012-03-01 20:04:00,0.9857,0.98572,0.98546,0.98546,19
2012-03-01 20:05:00,0.98582,0.98584,0.98572,0.98572,6
2012-03-01 20:06:00,0.9857,0.98578,0.98566,0.98578,8
2012-03-01 20:07:00,0.98572,0.98572,0.98566,0.98566,3
2012-03-01 20:08:00,0.9856,0.9857,0.98556,0.9857,8
2012-03-01 20:09:00,0.98572,0.98572,0.98564,0.98564,6
2012-03-01 20:10:00,0.98574,0.98574,0.9857,0.9857,5
2012-03-01 20:11:00,0.98578,0.9858,0.98576,0.98578,11
2012-03-01 20:12:00,0.98586,0.98592,0.98576,0.98576,13
2012-03-01 20:13:00,0.98556,0.9859,0.98556,0.98584,25
2012-03-01 20:14:00,0.98576,0.9858,0.98552,0.98558,25
2012-03-01 20:15:00,0.98578,0.98586,0.98564,0.98578,29
2012-03-01 20:16:00,0.9857,0.98576,0.98564,0.98576,7
2012-03-01 20:17:00,0.98564,0.98566,0.98558,0.98566,16
2012-03-01 20:18:00,0.98552,0.98562,0.9855,0.98562,20
2012-03-01 20:19:00,0.98564,0.98566,0.9855,0.9855,20
2012-03-01 20:20:00,0.98578,0.98584,0.98562,0.98562,27
2012-03-01 20:21:00,0.98576,0.98584,0.98576,0.9858,9
2012-03-01 20:22:00,0.98562,0.98578,0.98556,0.98572,31
2012-03-01 20:23:00,0.98576,0.98584,0.98564,0.98564,33
2012-03-01 20:24:00,0.98576,0.98584,0.98576,0.98578,10
2012-03-01 20:25:00,0.98564,0.98578,0.98558,0.98578,16
2012-03-01 20:26:00,0.98556,0.98564,0.9855,0.98562,19
2012-03-01 20:27:00,0.98536,0.98552,0.98532,0.98552,17
2012-03-01 20:28:00,0.98532,0.98536,0.98528,0.98532,9
2012-03-01 20:29:00,0.9854,0.9854,0.98532,0.98536,7
2012-03-01 20:30:00,0.98544,0.9855,0.98538,0.98544,17
2012-03-01 20:31:00,0.98572,0.98574,0.98544,0.98546,24
2012-03-01 20:32:00,0.9857,0.9858,0.9857,0.98574,11
2012-03-01 20:33:00,0.9858,0.9858,0.98564,0.98572,16
2012-03-01 20:34:00,0.98576,0.98584,0.98576,0.98584,6
2012-03-01 20:35:00,0.98574,0.98574,0.98564,0.98572,14
2012-03-01 20:36:00,0.98586,0.98594,0.9857,0.98572,22
2012-03-01 20:37:00,0.98606,0.98608,0.98582,0.98584,21
2012-03-01 20:38:00,0.98618,0.98618,0.986,0.98604,10
2012-03-01 20:39:00,0.9862,0.98632,0.9862,0.9862,13
2012-03-01 20:40:00,0.9862,0.98624,0.9862,0.98624,2
2012-03-01 20:41:00,0.98612,0.98618,0.98606,0.98618,15
2012-03-01 20:42:00,0.986,0.98624,0.98592,0.98614,26
2012-03-01 20:43:00,0.98606,0.9862,0.98596,0.98598,18
2012-03-01 20:44:00,0.9861,0.98612,0.98606,0.98608,9
2012-03-01 20:45:00,0.98606,0.98612,0.98606,0.98612,9
2012-03-01 20:46:00,0.98598,0.98608,0.98586,0.98604,27
2012-03-01 20:47:00,0.98594,0.98604,0.98592,0.98596,17
2012-03-01 20:48:00,0.98608,0.98608,0.98598,0.98598,5
2012-03-01 20:49:00,0.9859,0.98614,0.9859,0.98612,29
2012-03-01 20:50:00,0.98594,0.98594,0.98584,0.98586,8
2012-03-01 20:51:00,0.98604,0.98612,0.98598,0.98598,11
2012-03-01 20:52:00,0.98604,0.98604,0.986,0.986,2
2012-03-01 20:53:00,0.98592,0.986,0.98586,0.986,16
2012-03-01 20:54:00,0.98584,0.98592,0.98584,0.9859,11
2012-03-01 20:55:00,0.9859,0.98594,0.98582,0.98582,12
2012-03-01 20:56:00,0.98592,0.98592,0.98592,0.98592,1
2012-03-01 20:57:00,0.98592,0.98594,0.98586,0.98594,8
2012-03-01 20:58:00,0.98592,0.98594,0.98592,0.98594,10
2012-03-01 20:59:00,0.98584,0.9859,0.98576,0.9859,19
2012-03-01 21:00:00,0.98595,0.98595,0.98586,0.98586,7
2012-03-01 21:01:00,0.98591,0.98595,0.98587,0.98591,5
2012-03-01 21:02:00,0.98611,0.98611,0.98595,0.98595,9
2012-03-01 21:03:00,0.98611,0.98611,0.98603,0.98607,8
2012-03-01 21:04:00,0.98598,0.98607,0.98594,0.98607,9
2012-03-01 21:05:00,0.9861,0.98614,0.98602,0.98602,5
2012-03-01 21:06:00,0.98614,0.98614,0.98614,0.98614,1
2012-03-01 21:07:00,0.98606,0.9861,0.98606,0.9861,2
2012-03-01 21:08:00,0.98594,0.98602,0.98594,0.98602,3
2012-03-01 21:09:00,0.98577,0.98598,0.98577,0.98598,10
2012-03-01 21:10:00,0.98585,0.98589,0.98581,0.98581,4
2012-03-01 21:11:00,0.98601,0.98601,0.98589,0.98589,4
2012-03-01 21:12:00,0.98593,0.98597,0.98589,0.98597,4
2012-03-01 21:13:00,0.98597,0.98597,0.98597,0.98597,1
2012-03-01 21:14:00,0.98601,0.98605,0.98597,0.98601,5
2012-03-01 21:15:00,0.98597,0.98597,0.98593,0.98597,3
2012-03-01 21:17:00,0.98597,0.98597,0.98593,0.98593,2
2012-03-01 21:19:00,0.98565,0.98593,0.98565,0.98593,10
2012-03-01 21:21:00,0.98569,0.98569,0.98569,0.98569,1
2012-03-01 21:23:00,0.98573,0.98573,0.98573,0.98573,1
2012-03-01 21:24:00,0.98569,0.98589,0.98569,0.98577,13
2012-03-01 21:25:00,0.9858,0.9858,0.98536,0.98565,21
2012-03-01 21:26:00,0.98588,0.98592,0.9858,0.98584,6
2012-03-01 21:27:00,0.98584,0.98592,0.9858,0.98584,9
2012-03-01 21:28:00,0.98588,0.98588,0.98588,0.98588,1
2012-03-01 21:29:00,0.98588,0.986,0.98588,0.98592,6
2012-03-01 21:30:00,0.98584,0.98584,0.98584,0.98584,1
2012-03-01 21:31:00,0.9858,0.9858,0.9858,0.9858,1
2012-03-01 21:32:00,0.98585,0.98589,0.98568,0.98576,9
2012-03-01 21:33:00,0.98589,0.98589,0.98589,0.98589,1
2012-03-01 21:34:00,0.98581,0.98585,0.98581,0.98585,2
2012-03-01 21:36:00,0.98581,0.98581,0.98577,0.98577,2
2012-03-01 21:37:00,0.98589,0.98589,0.98585,0.98585,2
2012-03-01 21:38:00,0.98585,0.98585,0.98585,0.98585,1
2012-03-01 21:39:00,0.98581,0.98581,0.98573,0.98581,5
2012-03-01 21:40:00,0.98569,0.98577,0.98569,0.98577,3
2012-03-01 21:41:00,0.98565,0.98565,0.98565,0.98565,1
2012-03-01 21:42:00,0.98561,0.98561,0.98561,0.98561,1
2012-03-01 21:43:00,0.98537,0.98557,0.98537,0.98557,6
2012-03-01 21:44:00,0.98537,0.98537,0.98533,0.98533,4
2012-03-01 21:45:00,0.98553,0.98553,0.98537,0.98541,6
2012-03-01 21:46:00,0.98566,0.9857,0.98557,0.98557,7
2012-03-01 21:47:00,0.98561,0.9857,0.98553,0.9857,9
2012-03-01 21:48:00,0.98561,0.98565,0.98561,0.98565,2
2012-03-01 21:49:00,0.98565,0.98565,0.98565,0.98565,1
2012-03-01 21:51:00,0.98569,0.98569,0.98569,0.98569,1
2012-03-01 21:52:00,0.98565,0.98565,0.98565,0.98565,1
2012-03-01 21:54:00,0.98565,0.98569,0.98565,0.98569,2
2012-03-01 21:56:00,0.98582,0.98582,0.98569,0.98569,6
2012-03-01 21:57:00,0.98586,0.98586,0.98578,0.98578,3
2012-03-01 21:58:00,0.98582,0.98582,0.98582,0.98582,1
2012-03-01 21:59:00,0.98548,0.98578,0.98548,0.98578,7
2012-03-01 22:00:00,0.98538,0.98556,0.98538,0.98552,6
2012-03-01 22:01:00,0.98546,0.98546,0.98542,0.98542,2
2012-03-01 22:02:00,0.98566,0.98566,0.9855,0.9855,4
2012-03-01 22:04:00,0.98565,0.98566,0.98561,0.98562,4
2012-03-01 22:05:00,0.98574,0.98574,0.98569,0.98569,2
2012-03-01 22:06:00,0.98587,0.98587,0.98578,0.98578,3
2012-03-01 22:07:00,0.98583,0.98583,0.98583,0.98583,1
2012-03-01 22:08:00,0.98599,0.98599,0.98582,0.98587,8
2012-03-01 22:10:00,0.98595,0.98595,0.98595,0.98595,1
2012-03-01 22:11:00,0.98599,0.98599,0.98599,0.98599,1
2012-03-01 22:12:00,0.98559,0.98595,0.98555,0.98595,10
2012-03-01 22:13:00,0.98557,0.98571,0.98557,0.98563,6
2012-03-01 22:14:00,0.98549,0.98553,0.98549,0.98553,2
2012-03-01 22:16:00,0.98545,0.98545,0.98545,0.98545,1
2012-03-01 22:17:00,0.98525,0.98541,0.98525,0.98541,5
2012-03-01 22:19:00,0.98525,0.98525,0.98521,0.98521,2
2012-03-01 22:20:00,0.98529,0.98529,0.98529,0.98529,1
2012-03-01 22:29:00,0.98557,0.98571,0.98533,0.98533,17
2012-03-01 22:30:00,0.98553,0.98553,0.98553,0.98553,1
2012-03-01 22:31:00,0.98569,0.98569,0.98557,0.98557,4
2012-03-01 22:33:00,0.98581,0.98581,0.98573,0.98573,3
2012-03-01 22:34:00,0.98589,0.98589,0.98585,0.98585,4
2012-03-01 22:35:00,0.98577,0.98585,0.98577,0.98585,3
2012-03-01 22:36:00,0.98577,0.98581,0.98569,0.98581,6
2012-03-01 22:37:00,0.98556,0.98581,0.98556,0.98573,9
2012-03-01 22:38:00,0.98544,0.98556,0.98536,0.98552,9
2012-03-01 22:39:00,0.98548,0.98548,0.98548,0.98548,1
2012-03-01 22:40:00,0.98552,0.98552,0.98552,0.98552,1
2012-03-01 22:41:00,0.98548,0.98552,0.98548,0.98548,3
2012-03-01 22:44:00,0.98552,0.98552,0.98552,0.98552,1
2012-03-01 22:46:00,0.98552,0.98552,0.98548,0.98548,2
2012-03-01 22:47:00,0.98552,0.98552,0.98548,0.98548,2
2012-03-01 22:48:00,0.98544,0.98548,0.98544,0.98548,2
2012-03-01 22:49:00,0.98528,0.98548,0.98528,0.9854,10
2012-03-01 22:50:00,0.98523,0.98527,0.98502,0.98524,19
2012-03-01 22:51:00,0.98527,0.98531,0.98527,0.98527,3
2012-03-01 22:52:00,0.98561,0.98561,0.98531,0.98531,8
2012-03-01 22:53:00,0.98552,0.9856,0.98548,0.98557,10
2012-03-01 22:54:00,0.9854,0.98556,0.9854,0.98556,5
2012-03-01 22:55:00,0.98532,0.98536,0.98532,0.98536,2
2012-03-01 22:59:00,0.9854,0.9854,0.98536,0.98536,2
2012-03-01 23:00:00,0.98542,0.98546,0.9854,0.9854,4
2012-03-01 23:02:00,0.9854,0.9854,0.9854,0.9854,2
2012-03-01 23:05:00,0.98549,0.98549,0.98541,0.98543,7
2012-03-01 23:06:00,0.98546,0.98546,0.98544,0.98546,3
2012-03-01 23:07:00,0.98544,0.98544,0.98544,0.98544,1
2012-03-01 23:08:00,0.98541,0.98541,0.98541,0.98541,1
2012-03-01 23:09:00,0.98538,0.98538,0.98538,0.98538,1
2012-03-01 23:10:00,0.98546,0.98546,0.9854,0.9854,3
2012-03-01 23:14:00,0.98549,0.98549,0.98549,0.98549,1
2012-03-01 23:15:00,0.98546,0.98546,0.98541,0.98546,9
2012-03-01 23:17:00,0.98549,0.98557,0.98549,0.98549,7
2012-03-01 23:21:00,0.98544,0.98554,0.98544,0.98552,8
2012-03-01 23:22:00,0.98544,0.98549,0.98544,0.98546,4
2012-03-01 23:24:00,0.98546,0.98546,0.98544,0.98546,3
2012-03-01 23:32:00,0.98544,0.98544,0.98544,0.98544,1
2012-03-01 23:35:00,0.98554,0.98554,0.98546,0.98546,4
2012-03-01 23:36:00,0.98552,0.98552,0.98552,0.98552,1
2012-03-01 23:37:00,0.98552,0.98554,0.98552,0.98554,2
2012-03-01 23:38:00,0.98571,0.98571,0.98554,0.98554,7
2012-03-01 23:39:00,0.98566,0.98574,0.98566,0.98574,4
2012-03-01 23:40:00,0.98574,0.98574,0.98569,0.98569,3
2012-03-01 23:41:00,0.9858,0.9858,0.98577,0.98577,4
2012-03-01 23:42:00,0.98586,0.98586,0.98578,0.98578,6
2012-03-01 23:43:00,0.98592,0.98597,0.98588,0.98588,6
2012-03-01 23:44:00,0.98586,0.98589,0.98586,0.98589,2
2012-03-01 23:45:00,0.98569,0.98591,0.98569,0.98588,16
2012-03-01 23:46:00,0.98563,0.98566,0.98563,0.98566,2
2012-03-01 23:49:00,0.98563,0.98563,0.98558,0.98561,8
2012-03-01 23:50:00,0.98561,0.98561,0.98561,0.98561,1
2012-03-01 23:51:00,0.98552,0.98558,0.98552,0.98558,3
2012-03-01 23:52:00,0.98555,0.9856,0.98554,0.98554,5
2012-03-01 23:53:00,0.98557,0.98557,0.98555,0.98557,3
2012-03-01 23:55:00,0.98552,0.98557,0.98549,0.98555,8
2012-03-01 23:56:00,0.98549,0.98549,0.98549,0.98549,1
2012-03-01 23:57:00,0.98552,0.98552,0.98552,0.98552,1
2012-03-01 23:58:00,0.98544,0.98549,0.98544,0.98549,3
2012-03-01 23:59:00,0.98527,0.98541,0.98521,0.98541,14
2012-03-02 00:00:00,0.98529,0.98537,0.98529,0.98529,7
2012-03-02 00:01:00,0.98529,0.98532,0.98518,0.98532,10
2012-03-02 00:02:00,0.98521,0.98535,0.98518,0.98532,13
2012-03-02 00:03:00,0.98532,0.98535,0.98523,0.98523,6
2012-03-02 00:04:00,0.98532,0.98532,0.98529,0.98529,2
2012-03-02 00:05:00,0.98503,0.98529,0.98498,0.98529,18
2012-03-02 00:06:00,0.98487,0.98506,0.98487,0.98506,22
2012-03-02 00:07:00,0.98512,0.98515,0.98489,0.98489,31
2012-03-02 00:08:00,0.9852,0.9852,0.98515,0.98515,3
2012-03-02 00:09:00,0.98521,0.98523,0.98518,0.98518,4
2012-03-02 00:10:00,0.98526,0.98526,0.98518,0.98523,16
2012-03-02 00:11:00,0.98527,0.98532,0.98527,0.98529,4
2012-03-02 00:12:00,0.98543,0.98543,0.98527,0.98529,8
2012-03-02 00:13:00,0.98543,0.98543,0.98541,0.98541,2
2012-03-02 00:15:00,0.98538,0.98543,0.98535,0.98541,10
2012-03-02 00:16:00,0.98537,0.98537,0.98535,0.98535,2
2012-03-02 00:17:00,0.98538,0.98543,0.98535,0.98535,6
2012-03-02 00:18:00,0.98535,0.98535,0.98535,0.98535,1
2012-03-02 00:19:00,0.98535,0.98537,0.98535,0.98537,4
2012-03-02 00:20:00,0.98509,0.98532,0.98509,0.98532,9
2012-03-02 00:21:00,0.98512,0.98512,0.98512,0.98512,1
2012-03-02 00:22:00,0.98507,0.98512,0.98507,0.98509,6
2012-03-02 00:23:00,0.98507,0.98509,0.98507,0.98509,4
2012-03-02 00:24:00,0.98512,0.9852,0.98509,0.98509,8
2012-03-02 00:25:00,0.98512,0.98512,0.98507,0.98509,4
2012-03-02 00:26:00,0.98512,0.98512,0.98509,0.98509,2
2012-03-02 00:27:00,0.98509,0.98512,0.98509,0.98509,3
2012-03-02 00:28:00,0.98515,0.98515,0.98512,0.98512,2
2012-03-02 00:29:00,0.98523,0.98523,0.98518,0.98518,3
2012-03-02 00:30:00,0.98526,0.98526,0.98526,0.98526,1
2012-03-02 00:31:00,0.98524,0.98524,0.98524,0.98524,1
2012-03-02 00:32:00,0.98535,0.98537,0.98526,0.98526,6
2012-03-02 00:33:00,0.98529,0.98535,0.98529,0.98532,4
2012-03-02 00:34:00,0.98549,0.98552,0.98532,0.98532,9
2012-03-02 00:36:00,0.98544,0.98546,0.98544,0.98546,2
2012-03-02 00:37:00,0.98544,0.98549,0.98544,0.98546,8
2012-03-02 00:38:00,0.98541,0.98543,0.98538,0.98541,5
2012-03-02 00:39:00,0.98541,0.98543,0.98541,0.98543,2
2012-03-02 00:40:00,0.9854,0.98554,0.98535,0.98543,14
2012-03-02 00:42:00,0.98554,0.98554,0.98543,0.98543,7
2012-03-02 00:43:00,0.98543,0.98552,0.98541,0.98552,6
2012-03-02 00:44:00,0.98538,0.98541,0.98538,0.98541,2
2012-03-02 00:45:00,0.9854,0.9854,0.98529,0.98535,9
2012-03-02 00:47:00,0.98543,0.98543,0.98543,0.98543,1
2012-03-02 00:48:00,0.98549,0.98549,0.98546,0.98546,2
2012-03-02 00:49:00,0.98561,0.98563,0.98552,0.98552,6
2012-03-02 00:50:00,0.9858,0.9858,0.98563,0.98563,7
2012-03-02 00:51:00,0.9858,0.98583,0.9858,0.98583,2
2012-03-02 00:52:00,0.98589,0.98591,0.98578,0.98583,11
2012-03-02 00:53:00,0.98583,0.98594,0.98583,0.98591,12
2012-03-02 00:54:00,0.9858,0.9858,0.9858,0.9858,1
2012-03-02 00:55:00,0.98591,0.98591,0.98575,0.98583,16
2012-03-02 00:56:00,0.98591,0.98594,0.98589,0.98589,6
2012-03-02 00:57:00,0.98594,0.98594,0.98594,0.98594,1
2012-03-02 00:58:00,0.98586,0.98594,0.98586,0.98592,13
2012-03-02 00:59:00,0.9858,0.98583,0.98578,0.98583,8
2012-03-02 01:00:00,0.98578,0.9858,0.98578,0.98578,7
2012-03-02 01:01:00,0.9858,0.9858,0.9858,0.9858,1
2012-03-02 01:02:00,0.98586,0.98586,0.98583,0.98583,4
2012-03-02 01:03:00,0.98578,0.98583,0.98578,0.98583,5
2012-03-02 01:04:00,0.9858,0.98583,0.98575,0.9858,7
2012-03-02 01:05:00,0.9858,0.9858,0.98575,0.98578,8
2012-03-02 01:07:00,0.98578,0.98586,0.98578,0.98578,7
2012-03-02 01:08:00,0.98577,0.9858,0.98572,0.9858,6
2012-03-02 01:09:00,0.98583,0.98583,0.98578,0.9858,4
2012-03-02 01:10:00,0.986,0.986,0.98586,0.98586,8
2012-03-02 01:12:00,0.986,0.986,0.98597,0.98597,2
2012-03-02 01:13:00,0.98597,0.98603,0.98597,0.98597,7
2012-03-02 01:14:00,0.98606,0.98606,0.986,0.986,3
2012-03-02 01:15:00,0.986,0.98603,0.986,0.98603,2
2012-03-02 01:16:00,0.986,0.986,0.98597,0.98597,2
2012-03-02 01:17:00,0.98588,0.98597,0.98583,0.98597,8
2012-03-02 01:18:00,0.98591,0.98591,0.9858,0.98586,7
2012-03-02 01:19:00,0.98589,0.98589,0.98589,0.98589,1
2012-03-02 01:20:00,0.98583,0.98586,0.98583,0.98586,2
2012-03-02 01:21:00,0.98586,0.98586,0.98586,0.98586,1
2012-03-02 01:23:00,0.98588,0.98588,0.98588,0.98588,1
2012-03-02 01:24:00,0.98594,0.98594,0.98591,0.98591,4
2012-03-02 01:26:00,0.98589,0.98592,0.98589,0.98592,2
2012-03-02 01:27:00,0.98588,0.98588,0.98586,0.98586,4
2012-03-02 01:28:00,0.98586,0.98588,0.98583,0.98586,5
2012-03-02 01:29:00,0.98588,0.98588,0.98588,0.98588,1
2012-03-02 01:30:00,0.98594,0.98594,0.98583,0.98586,6
2012-03-02 01:31:00,0.98589,0.98592,0.98589,0.98592,2
2012-03-02 01:32:00,0.98592,0.98594,0.98591,0.98591,3
2012-03-02 01:36:00,0.98592,0.98594,0.98592,0.98594,2
2012-03-02 01:40:00,0.98586,0.98589,0.98586,0.98589,6
2012-03-02 01:41:00,0.98588,0.98588,0.98588,0.98588,1
2012-03-02 01:42:00,0.98586,0.98588,0.98586,0.98586,3
2012-03-02 01:43:00,0.98588,0.98588,0.98588,0.98588,1
2012-03-02 01:44:00,0.98588,0.98588,0.98586,0.98586,2
2012-03-02 01:45:00,0.98569,0.98586,0.98569,0.98586,7
2012-03-02 01:46:00,0.98572,0.9858,0.98571,0.98571,9
2012-03-02 01:47:00,0.98572,0.98574,0.98569,0.98569,6
2012-03-02 01:49:00,0.98577,0.98577,0.98574,0.98574,2
2012-03-02 01:50:00,0.98578,0.98586,0.98578,0.9858,6
2012-03-02 01:52:00,0.98571,0.98575,0.98569,0.98575,4
2012-03-02 01:53:00,0.9858,0.98583,0.98574,0.98574,7
2012-03-02 01:54:00,0.9858,0.9858,0.98578,0.98578,2
2012-03-02 01:55:00,0.98575,0.98578,0.98575,0.98578,4
2012-03-02 01:56:00,0.98569,0.98572,0.98566,0.98572,4
2012-03-02 01:57:00,0.98566,0.98566,0.98566,0.98566,1
2012-03-02 01:58:00,0.98563,0.98563,0.98561,0.98563,3
2012-03-02 01:59:00,0.98561,0.98563,0.98561,0.98561,3
2012-03-02 02:00:00,0.98563,0.98563,0.98561,0.98563,3
2012-03-02 02:02:00,0.98566,0.98569,0.98566,0.98566,3
2012-03-02 02:03:00,0.98566,0.98569,0.98566,0.98569,2
2012-03-02 02:04:00,0.98574,0.98574,0.98569,0.98569,3
2012-03-02 02:05:00,0.98572,0.98574,0.98572,0.98572,5
2012-03-02 02:06:00,0.9858,0.9858,0.98574,0.98574,3
2012-03-02 02:07:00,0.98572,0.98578,0.98572,0.98578,3
2012-03-02 02:08:00,0.98574,0.98574,0.98561,0.98569,9
2012-03-02 02:09:00,0.98571,0.98572,0.98569,0.98572,3
2012-03-02 02:10:00,0.98577,0.98577,0.98566,0.98569,6
2012-03-02 02:11:00,0.98572,0.98575,0.98572,0.98575,2
2012-03-02 02:12:00,0.98571,0.98571,0.98566,0.98569,4
2012-03-02 02:13:00,0.98566,0.98569,0.98566,0.98569,2
2012-03-02 02:14:00,0.98571,0.98571,0.98569,0.98569,2
2012-03-02 02:15:00,0.98571,0.98571,0.98569,0.98569,2
2012-03-02 02:16:00,0.98571,0.98571,0.98563,0.98569,8
2012-03-02 02:18:00,0.98572,0.98577,0.98572,0.98574,6
2012-03-02 02:19:00,0.98572,0.98577,0.98572,0.98574,6
2012-03-02 02:20:00,0.98575,0.9858,0.98572,0.98574,7
2012-03-02 02:21:00,0.98572,0.98572,0.98572,0.98572,1
2012-03-02 02:23:00,0.98572,0.98574,0.98572,0.98574,2
2012-03-02 02:25:00,0.98571,0.98571,0.98566,0.98569,4
2012-03-02 02:26:00,0.98574,0.98574,0.98574,0.98574,1
2012-03-02 02:27:00,0.98577,0.98577,0.98577,0.98577,1
2012-03-02 02:29:00,0.98574,0.98575,0.98572,0.98575,3
2012-03-02 02:30:00,0.98574,0.98574,0.98572,0.98572,2
2012-03-02 02:31:00,0.98572,0.98577,0.98569,0.98572,7
2012-03-02 02:32:00,0.98569,0.98569,0.98569,0.98569,1
2012-03-02 02:34:00,0.98571,0.98571,0.98571,0.98571,1
2012-03-02 02:35:00,0.98578,0.9858,0.98574,0.98574,4
2012-03-02 02:36:00,0.9858,0.9858,0.9858,0.9858,1
2012-03-02 02:37:00,0.98588,0.98588,0.98583,0.98583,3
2012-03-02 02:38:00,0.98586,0.98588,0.98583,0.98586,5
2012-03-02 02:40:00,0.98588,0.98588,0.98588,0.98588,1
2012-03-02 02:43:00,0.98594,0.98594,0.98591,0.98591,2
2012-03-02 02:44:00,0.98594,0.98594,0.98592,0.98592,6
2012-03-02 02:45:00,0.986,0.98606,0.98597,0.98597,8
2012-03-02 02:47:00,0.98597,0.98597,0.98595,0.98597,3
2012-03-02 02:48:00,0.986,0.986,0.986,0.986,1
2012-03-02 02:51:00,0.98606,0.98608,0.98603,0.98603,6
2012-03-02 02:52:00,0.98606,0.98608,0.98606,0.98608,2
2012-03-02 02:53:00,0.986,0.98611,0.986,0.98608,6
2012-03-02 02:54:00,0.98614,0.98614,0.98603,0.98603,5
2012-03-02 02:55:00,0.98606,0.98614,0.98606,0.98612,7
2012-03-02 02:56:00,0.98608,0.98608,0.98608,0.98608,1
2012-03-02 02:58:00,0.98611,0.98611,0.98603,0.98606,5
2012-03-02 03:00:00,0.98623,0.98625,0.98614,0.98614,6
2012-03-02 03:01:00,0.98625,0.98625,0.98623,0.98625,3
2012-03-02 03:02:00,0.98625,0.98625,0.98623,0.98623,2
2012-03-02 03:03:00,0.9862,0.98623,0.9862,0.98623,2
2012-03-02 03:06:00,0.98617,0.98617,0.98617,0.98617,1
2012-03-02 03:08:00,0.98614,0.98614,0.98614,0.98614,1
2012-03-02 03:10:00,0.98614,0.98617,0.98614,0.98617,4
2012-03-02 03:11:00,0.98614,0.98617,0.98614,0.98617,2
2012-03-02 03:12:00,0.98614,0.98623,0.98614,0.98617,6
2012-03-02 03:13:00,0.9862,0.98623,0.98614,0.98617,10
2012-03-02 03:14:00,0.98614,0.98617,0.98614,0.98617,2
2012-03-02 03:15:00,0.98606,0.98617,0.98606,0.98612,9
2012-03-02 03:18:00,0.98608,0.98608,0.98608,0.98608,1
2012-03-02 03:20:00,0.98611,0.98611,0.98609,0.98611,3
2012-03-02 03:23:00,0.98611,0.98611,0.98609,0.98609,2
2012-03-02 03:24:00,0.98609,0.98609,0.98609,0.98609,1
2012-03-02 03:25:00,0.98614,0.9862,0.98603,0.98611,28
2012-03-02 03:26:00,0.98617,0.98617,0.98617,0.98617,1
2012-03-02 03:27:00,0.98623,0.98625,0.9862,0.9862,4
2012-03-02 03:28:00,0.98623,0.98625,0.98623,0.98625,4
2012-03-02 03:29:00,0.9862,0.98625,0.9862,0.98625,7
2012-03-02 03:30:00,0.98634,0.98637,0.98623,0.98623,15
2012-03-02 03:31:00,0.98626,0.98642,0.98626,0.98637,9
2012-03-02 03:32:00,0.98626,0.98631,0.98626,0.98628,4
2012-03-02 03:35:00,0.98631,0.98631,0.98628,0.98628,2
2012-03-02 03:36:00,0.98626,0.98629,0.98626,0.98629,2
2012-03-02 03:40:00,0.98617,0.98623,0.98617,0.98623,3
2012-03-02 03:42:00,0.9862,0.9862,0.9862,0.9862,1
2012-03-02 03:43:00,0.98614,0.98617,0.98614,0.98617,2
2012-03-02 03:45:00,0.98614,0.98614,0.98612,0.98612,2
2012-03-02 03:46:00,0.98612,0.98614,0.98612,0.98612,3
2012-03-02 03:47:00,0.98611,0.98611,0.98609,0.98609,2
2012-03-02 03:48:00,0.98617,0.98617,0.98612,0.98614,4
2012-03-02 03:49:00,0.98612,0.98614,0.98612,0.98614,2
2012-03-02 03:50:00,0.98614,0.98614,0.98614,0.98614,1
2012-03-02 03:52:00,0.9862,0.9862,0.98617,0.98617,2
2012-03-02 03:53:00,0.98631,0.98631,0.9862,0.98623,16
2012-03-02 03:54:00,0.98651,0.98651,0.98634,0.98634,11
2012-03-02 03:55:00,0.98654,0.98654,0.98654,0.98654,1
2012-03-02 03:56:00,0.98651,0.98651,0.98648,0.98651,3
2012-03-02 03:57:00,0.98651,0.98651,0.98648,0.98648,2
2012-03-02 03:58:00,0.98646,0.98651,0.98646,0.98648,4
2012-03-02 03:59:00,0.98629,0.98643,0.98629,0.98643,8
2012-03-02 04:01:00,0.98637,0.98637,0.98631,0.98631,3
2012-03-02 04:03:00,0.98631,0.98634,0.98631,0.98634,2
2012-03-02 04:04:00,0.98629,0.98631,0.98629,0.98629,3
2012-03-02 04:05:00,0.98634,0.98634,0.98631,0.98631,2
2012-03-02 04:06:00,0.9864,0.9864,0.98631,0.98631,4
2012-03-02 04:09:00,0.98643,0.98645,0.9864,0.98642,7
2012-03-02 04:10:00,0.98645,0.98645,0.98645,0.98645,1
2012-03-02 04:11:00,0.98643,0.98643,0.98643,0.98643,1
2012-03-02 04:14:00,0.98642,0.98642,0.9864,0.9864,2
2012-03-02 04:19:00,0.9864,0.9864,0.9864,0.9864,1
2012-03-02 04:20:00,0.98642,0.98645,0.9864,0.98642,7
2012-03-02 04:21:00,0.98642,0.98642,0.9864,0.9864,4
2012-03-02 04:23:00,0.9864,0.9864,0.98637,0.9864,3
2012-03-02 04:26:00,0.98634,0.98637,0.98631,0.98637,4
2012-03-02 04:27:00,0.98629,0.98631,0.98629,0.98631,2
2012-03-02 04:28:00,0.98629,0.98634,0.98629,0.98631,4
2012-03-02 04:31:00,0.98634,0.98634,0.98631,0.98631,2
2012-03-02 04:32:00,0.98631,0.98631,0.98631,0.98631,1
2012-03-02 04:33:00,0.98631,0.98634,0.98631,0.98634,6
2012-03-02 04:34:00,0.98625,0.98629,0.98623,0.98629,6
2012-03-02 04:35:00,0.98628,0.98628,0.9862,0.98623,5
2012-03-02 04:36:00,0.98634,0.98634,0.98629,0.98631,4
2012-03-02 04:37:00,0.98631,0.98634,0.98631,0.98631,3
2012-03-02 04:38:00,0.98629,0.98631,0.98629,0.98629,3
2012-03-02 04:39:00,0.98629,0.98631,0.98629,0.98631,2
2012-03-02 04:40:00,0.98631,0.98631,0.98629,0.98631,3
2012-03-02 04:41:00,0.98631,0.98634,0.98629,0.98634,4
2012-03-02 04:43:00,0.98631,0.98631,0.98629,0.98629,2
2012-03-02 04:45:00,0.98629,0.98631,0.98629,0.98629,3
2012-03-02 04:46:00,0.98629,0.98631,0.98629,0.98631,4
2012-03-02 04:48:00,0.98631,0.98631,0.98631,0.98631,1
2012-03-02 04:50:00,0.98642,0.98642,0.98634,0.98634,4
2012-03-02 04:51:00,0.9864,0.9864,0.9864,0.9864,1
2012-03-02 04:52:00,0.9864,0.98642,0.9864,0.98642,2
2012-03-02 04:53:00,0.98637,0.98637,0.98629,0.98637,7
2012-03-02 04:54:00,0.98626,0.98634,0.98626,0.98634,4
2012-03-02 04:55:00,0.98628,0.98628,0.98626,0.98628,3
2012-03-02 04:56:00,0.98617,0.98631,0.98617,0.98631,6
2012-03-02 04:59:00,0.98609,0.9862,0.98609,0.9862,5
2012-03-02 05:01:00,0.98606,0.98606,0.98606,0.98606,1
2012-03-02 05:02:00,0.98603,0.98603,0.98603,0.98603,1
2012-03-02 05:05:00,0.986,0.986,0.98597,0.986,3
2012-03-02 05:07:00,0.98603,0.98603,0.98603,0.98603,1
2012-03-02 05:10:00,0.98608,0.98608,0.98606,0.98606,2
2012-03-02 05:11:00,0.98611,0.98611,0.98611,0.98611,1
2012-03-02 05:12:00,0.98609,0.98609,0.98609,0.98609,1
2012-03-02 05:13:00,0.98609,0.98611,0.98609,0.98611,2
2012-03-02 05:14:00,0.98608,0.98608,0.98606,0.98606,2
2012-03-02 05:15:00,0.98609,0.98611,0.98609,0.98611,2
2012-03-02 05:16:00,0.98617,0.98617,0.98611,0.98611,3
2012-03-02 05:18:00,0.98628,0.98628,0.9862,0.9862,4
2012-03-02 05:19:00,0.98614,0.98626,0.98614,0.98626,5
2012-03-02 05:20:00,0.98625,0.98625,0.98612,0.98612,8
2012-03-02 05:22:00,0.98623,0.98623,0.98623,0.98623,1
2012-03-02 05:24:00,0.9862,0.9862,0.9862,0.9862,1
2012-03-02 05:26:00,0.98631,0.98631,0.98623,0.98623,4
2012-03-02 05:27:00,0.98629,0.98631,0.98626,0.98629,5
2012-03-02 05:28:00,0.98626,0.98626,0.98626,0.98626,1
2012-03-02 05:30:00,0.98634,0.98634,0.98628,0.98628,3
2012-03-02 05:31:00,0.98631,0.98631,0.98631,0.98631,1
2012-03-02 05:32:00,0.98623,0.98629,0.98623,0.98629,3
2012-03-02 05:33:00,0.98634,0.98634,0.98625,0.98625,4
2012-03-02 05:34:00,0.98631,0.98631,0.98631,0.98631,1
2012-03-02 05:35:00,0.98634,0.98634,0.98629,0.98629,3
2012-03-02 05:36:00,0.98634,0.98634,0.98631,0.98631,4
2012-03-02 05:37:00,0.98634,0.98634,0.98631,0.98631,2
2012-03-02 05:38:00,0.98645,0.98645,0.98637,0.98637,4
2012-03-02 05:39:00,0.98643,0.98643,0.98643,0.98643,1
2012-03-02 05:41:00,0.98645,0.98645,0.98645,0.98645,1
2012-03-02 05:42:00,0.98654,0.98654,0.98648,0.98648,3
2012-03-02 05:43:00,0.98651,0.98654,0.98651,0.98651,3
2012-03-02 05:44:00,0.98654,0.98654,0.98654,0.98654,1
2012-03-02 05:45:00,0.98651,0.98651,0.98651,0.98651,1
2012-03-02 05:46:00,0.98642,0.98648,0.98637,0.98648,7
2012-03-02 05:47:00,0.98645,0.98645,0.9864,0.9864,3
2012-03-02 05:49:00,0.98642,0.98643,0.9864,0.98643,3
2012-03-02 05:50:00,0.98645,0.98645,0.98645,0.98645,1
2012-03-02 05:52:00,0.9864,0.98643,0.9864,0.98643,2
2012-03-02 05:53:00,0.98645,0.98645,0.98642,0.98642,2
2012-03-02 05:54:00,0.98645,0.98645,0.9864,0.98643,4
2012-03-02 05:55:00,0.98645,0.98645,0.9864,0.98643,4
2012-03-02 05:58:00,0.98648,0.98651,0.98648,0.98648,5
2012-03-02 05:59:00,0.98623,0.98646,0.98623,0.98646,9
2012-03-02 06:00:00,0.98625,0.98625,0.98625,0.98625,1
2012-03-02 06:01:00,0.9862,0.98623,0.9862,0.98623,2
2012-03-02 06:02:00,0.98625,0.98625,0.98623,0.98623,2
2012-03-02 06:03:00,0.98623,0.98625,0.98617,0.98623,7
2012-03-02 06:04:00,0.98631,0.98631,0.98623,0.98625,13
2012-03-02 06:05:00,0.98631,0.98634,0.98629,0.98634,6
2012-03-02 06:06:00,0.98634,0.98634,0.98634,0.98634,1
2012-03-02 06:07:00,0.98634,0.98637,0.98634,0.98637,2
2012-03-02 06:08:00,0.98634,0.98634,0.98629,0.98631,4
2012-03-02 06:10:00,0.9864,0.9864,0.98637,0.98637,2
2012-03-02 06:13:00,0.9864,0.98642,0.9864,0.98642,4
2012-03-02 06:14:00,0.98651,0.98651,0.98642,0.98642,8
2012-03-02 06:15:00,0.98659,0.98659,0.98654,0.98654,3
2012-03-02 06:16:00,0.98665,0.98665,0.98662,0.98662,2
2012-03-02 06:21:00,0.98663,0.98663,0.98663,0.98663,1
2012-03-02 06:22:00,0.98651,0.9866,0.98651,0.9866,4
2012-03-02 06:24:00,0.98654,0.98654,0.98654,0.98654,1
2012-03-02 06:25:00,0.98651,0.98651,0.98651,0.98651,1
2012-03-02 06:26:00,0.98663,0.98668,0.98654,0.98654,8
2012-03-02 06:27:00,0.98657,0.98662,0.98651,0.9866,14
2012-03-02 06:28:00,0.98662,0.98662,0.98659,0.98659,4
2012-03-02 06:29:00,0.98666,0.98668,0.98665,0.98665,3
2012-03-02 06:30:00,0.9866,0.98671,0.9866,0.98668,6
2012-03-02 06:31:00,0.98659,0.98659,0.98654,0.98657,4
2012-03-02 06:32:00,0.98657,0.98657,0.98657,0.98657,1
2012-03-02 06:33:00,0.98645,0.98654,0.9864,0.98654,10
2012-03-02 06:34:00,0.9864,0.98643,0.9864,0.98643,2
2012-03-02 06:35:00,0.98634,0.98637,0.98634,0.98637,2
2012-03-02 06:36:00,0.98637,0.98637,0.98637,0.98637,1
2012-03-02 06:37:00,0.98634,0.98634,0.98634,0.98634,1
2012-03-02 06:38:00,0.98629,0.98631,0.98629,0.98631,2
2012-03-02 06:39:00,0.9864,0.98642,0.98629,0.98631,8
2012-03-02 06:41:00,0.98634,0.98637,0.98631,0.98637,4
2012-03-02 06:42:00,0.9864,0.98642,0.98637,0.98637,4
2012-03-02 06:43:00,0.98643,0.98648,0.9864,0.98642,7
2012-03-02 06:44:00,0.98643,0.98651,0.98643,0.98645,6
2012-03-02 06:45:00,0.98645,0.98645,0.9864,0.9864,5
2012-03-02 06:46:00,0.9864,0.98643,0.9864,0.98643,2
2012-03-02 06:48:00,0.98642,0.98642,0.98642,0.98642,1
2012-03-02 06:49:00,0.9864,0.9864,0.9864,0.9864,1
2012-03-02 06:51:00,0.98648,0.98657,0.98642,0.98642,13
2012-03-02 06:52:00,0.98646,0.98648,0.98646,0.98646,3
2012-03-02 06:53:00,0.98631,0.98648,0.98629,0.98643,19
2012-03-02 06:54:00,0.9862,0.98637,0.98617,0.98629,14
2012-03-02 06:55:00,0.98623,0.98628,0.9862,0.98623,9
2012-03-02 06:57:00,0.98631,0.98631,0.98625,0.98625,3
2012-03-02 06:58:00,0.98623,0.98631,0.98623,0.98629,7
2012-03-02 06:59:00,0.98617,0.98625,0.98617,0.98625,4
2012-03-02 07:00:00,0.98628,0.98628,0.9862,0.9862,6
2012-03-02 07:01:00,0.9864,0.98642,0.98631,0.98631,12
2012-03-02 07:02:00,0.98645,0.98645,0.98642,0.98642,2
2012-03-02 07:03:00,0.98659,0.98659,0.98646,0.98648,9
2012-03-02 07:04:00,0.98671,0.98674,0.98662,0.98662,8
2012-03-02 07:05:00,0.98674,0.98674,0.98668,0.98668,3
2012-03-02 07:06:00,0.98671,0.98671,0.98666,0.98671,9
2012-03-02 07:07:00,0.98671,0.98676,0.98663,0.98668,10
2012-03-02 07:08:00,0.98657,0.98671,0.98657,0.98668,11
2012-03-02 07:09:00,0.98652,0.98662,0.9865,0.98659,15
2012-03-02 07:10:00,0.98655,0.98655,0.9865,0.98655,7
2012-03-02 07:11:00,0.98664,0.98664,0.98658,0.98658,3
2012-03-02 07:12:00,0.98661,0.98661,0.98658,0.98661,3
2012-03-02 07:13:00,0.98669,0.98669,0.98661,0.98664,7
2012-03-02 07:14:00,0.98689,0.98689,0.98667,0.98667,13
2012-03-02 07:15:00,0.98692,0.98692,0.98681,0.98687,15
2012-03-02 07:16:00,0.98689,0.9869,0.98687,0.9869,3
2012-03-02 07:17:00,0.98675,0.98687,0.98673,0.98687,11
2012-03-02 07:18:00,0.98652,0.98673,0.9865,0.98673,10
2012-03-02 07:19:00,0.98664,0.98664,0.98655,0.98655,6
2012-03-02 07:20:00,0.98669,0.98669,0.98664,0.98667,8
2012-03-02 07:21:00,0.98695,0.98703,0.98672,0.98672,19
2012-03-02 07:22:00,0.98698,0.98703,0.98687,0.98692,13
2012-03-02 07:23:00,0.98703,0.98703,0.98695,0.98695,8
2012-03-02 07:24:00,0.98718,0.98732,0.98706,0.98706,17
2012-03-02 07:25:00,0.98721,0.98723,0.9872,0.9872,3
2012-03-02 07:26:00,0.98698,0.98718,0.98698,0.98718,18
2012-03-02 07:28:00,0.98701,0.98703,0.98698,0.98701,7
2012-03-02 07:29:00,0.98718,0.98718,0.98703,0.98703,6
2012-03-02 07:30:00,0.9872,0.9872,0.98718,0.9872,3
2012-03-02 07:31:00,0.98715,0.98718,0.98709,0.98718,8
2012-03-02 07:32:00,0.98701,0.98712,0.98698,0.98712,7
2012-03-02 07:33:00,0.98701,0.98701,0.98698,0.98698,2
2012-03-02 07:34:00,0.98698,0.98698,0.98698,0.98698,1
2012-03-02 07:35:00,0.98701,0.98701,0.98692,0.98695,11
2012-03-02 07:36:00,0.98703,0.98703,0.98703,0.98703,1
2012-03-02 07:37:00,0.98715,0.98715,0.98706,0.98706,4
2012-03-02 07:38:00,0.98709,0.98712,0.98701,0.98712,12
2012-03-02 07:39:00,0.98684,0.98707,0.98684,0.98707,9
2012-03-02 07:40:00,0.9869,0.98692,0.98684,0.98686,10
2012-03-02 07:41:00,0.98706,0.98706,0.98687,0.98692,10
2012-03-02 07:42:00,0.98718,0.98718,0.98707,0.98709,6
2012-03-02 07:43:00,0.98706,0.98715,0.98698,0.98715,16
2012-03-02 07:44:00,0.98701,0.98712,0.98701,0.98709,8
2012-03-02 07:45:00,0.98704,0.98712,0.98692,0.98698,15
2012-03-02 07:46:00,0.98701,0.98712,0.98701,0.98706,9
2012-03-02 07:47:00,0.98709,0.98712,0.98698,0.98703,9
2012-03-02 07:48:00,0.98709,0.98712,0.98704,0.98707,8
2012-03-02 07:49:00,0.9872,0.9872,0.98712,0.98712,6
2012-03-02 07:50:00,0.98721,0.98723,0.98718,0.98718,4
2012-03-02 07:51:00,0.98729,0.98729,0.98723,0.98723,3
2012-03-02 07:53:00,0.98741,0.98743,0.98732,0.98732,8
2012-03-02 07:54:00,0.98732,0.98738,0.98732,0.98738,3
2012-03-02 07:55:00,0.98729,0.9874,0.98729,0.98735,7
2012-03-02 07:56:00,0.98729,0.98729,0.98727,0.98727,2
2012-03-02 07:58:00,0.98749,0.98749,0.98732,0.98732,7
2012-03-02 07:59:00,0.98766,0.98766,0.98752,0.98752,10
2012-03-02 08:00:00,0.98766,0.98771,0.98758,0.98763,24
2012-03-02 08:01:00,0.98749,0.98763,0.98741,0.98763,14
2012-03-02 08:02:00,0.98741,0.98754,0.98741,0.98746,9
2012-03-02 08:03:00,0.98737,0.9874,0.98735,0.98738,5
2012-03-02 08:04:00,0.98729,0.98735,0.98724,0.98735,9
2012-03-02 08:05:00,0.98729,0.9874,0.98721,0.98727,16
2012-03-02 08:06:00,0.98692,0.98727,0.98687,0.98727,25
2012-03-02 08:07:00,0.98703,0.98706,0.98692,0.98695,14
2012-03-02 08:08:00,0.9872,0.98723,0.98706,0.98706,12
2012-03-02 08:09:00,0.98729,0.98729,0.98721,0.98723,7
2012-03-02 08:10:00,0.98718,0.98727,0.98718,0.98727,4
2012-03-02 08:11:00,0.98712,0.98715,0.98709,0.98715,4
2012-03-02 08:12:00,0.98704,0.98709,0.98704,0.98709,3
2012-03-02 08:13:00,0.98681,0.98706,0.98678,0.98706,26
2012-03-02 08:14:00,0.98684,0.98686,0.9867,0.98678,33
2012-03-02 08:15:00,0.98715,0.98715,0.98686,0.98686,11
2012-03-02 08:16:00,0.98749,0.98749,0.98718,0.98718,12
2012-03-02 08:17:00,0.98749,0.98752,0.98749,0.98752,6
2012-03-02 08:18:00,0.98737,0.98746,0.98735,0.98746,6
2012-03-02 08:19:00,0.98749,0.98749,0.9874,0.9874,4
2012-03-02 08:20:00,0.9874,0.98746,0.98732,0.98746,11
2012-03-02 08:21:00,0.98749,0.98749,0.98738,0.98743,19
2012-03-02 08:22:00,0.98757,0.98766,0.98752,0.98752,17
2012-03-02 08:23:00,0.98757,0.98757,0.98749,0.98755,8
2012-03-02 08:24:00,0.98758,0.98763,0.98755,0.9876,10
2012-03-02 08:25:00,0.98749,0.9876,0.98749,0.9876,11
2012-03-02 08:26:00,0.98752,0.98752,0.98752,0.98752,1
2012-03-02 08:27:00,0.98749,0.98749,0.98741,0.98749,7
2012-03-02 08:28:00,0.98749,0.98749,0.98741,0.98746,6
2012-03-02 08:29:00,0.98754,0.98757,0.98749,0.98752,8
2012-03-02 08:30:00,0.98769,0.98769,0.98757,0.98757,7
2012-03-02 08:31:00,0.98769,0.98774,0.98769,0.98771,8
2012-03-02 08:32:00,0.9876,0.98766,0.98758,0.98766,11
2012-03-02 08:34:00,0.98761,0.98763,0.98761,0.98763,2
2012-03-02 08:35:00,0.9874,0.98758,0.98738,0.98758,11
2012-03-02 08:36:00,0.98752,0.98752,0.98741,0.98743,8
2012-03-02 08:37:00,0.98752,0.9876,0.98749,0.98754,24
2012-03-02 08:38:00,0.98749,0.98757,0.98749,0.98749,7
2012-03-02 08:39:00,0.98749,0.98763,0.98749,0.98752,14
2012-03-02 08:40:00,0.98777,0.98777,0.98749,0.98752,18
2012-03-02 08:41:00,0.98769,0.98786,0.98769,0.9878,15
2012-03-02 08:42:00,0.98778,0.98783,0.98771,0.98771,7
2012-03-02 08:43:00,0.98757,0.98775,0.98755,0.98775,13
2012-03-02 08:44:00,0.98766,0.98766,0.98749,0.98755,11
2012-03-02 08:45:00,0.98761,0.98777,0.98761,0.98769,16
2012-03-02 08:46:00,0.98757,0.98769,0.98752,0.98763,19
2012-03-02 08:47:00,0.98778,0.98783,0.9876,0.9876,13
2012-03-02 08:48:00,0.98783,0.98783,0.9878,0.9878,2
2012-03-02 08:49:00,0.9878,0.9878,0.98772,0.9878,7
2012-03-02 08:50:00,0.98769,0.98778,0.98761,0.98778,12
2012-03-02 08:51:00,0.9878,0.98783,0.98771,0.98771,8
2012-03-02 08:52:00,0.98786,0.98791,0.98778,0.98783,18
2012-03-02 08:53:00,0.98783,0.98789,0.98766,0.98783,23
2012-03-02 08:54:00,0.98786,0.98789,0.98778,0.98786,9
2012-03-02 08:55:00,0.98766,0.98786,0.98766,0.98783,11
2012-03-02 08:56:00,0.98755,0.98763,0.98755,0.98763,4
2012-03-02 08:57:00,0.9876,0.9876,0.98746,0.98752,14
2012-03-02 08:58:00,0.98769,0.98769,0.98763,0.98763,3
2012-03-02 08:59:00,0.98769,0.98777,0.98769,0.98771,12
2012-03-02 09:00:00,0.98769,0.98778,0.98766,0.98771,14
2012-03-02 09:01:00,0.98786,0.98791,0.98771,0.98771,14
2012-03-02 09:02:00,0.9876,0.98789,0.98758,0.98789,21
2012-03-02 09:03:00,0.98758,0.9876,0.98752,0.98758,11
2012-03-02 09:04:00,0.9876,0.98766,0.98752,0.9876,13
2012-03-02 09:05:00,0.98766,0.98769,0.98763,0.98763,6
2012-03-02 09:06:00,0.98754,0.98771,0.98752,0.98769,10
2012-03-02 09:07:00,0.98752,0.98763,0.98749,0.98757,17
2012-03-02 09:08:00,0.98766,0.98769,0.98749,0.98749,11
2012-03-02 09:09:00,0.98766,0.98766,0.98761,0.98763,6
2012-03-02 09:10:00,0.98761,0.98769,0.98761,0.98769,6
2012-03-02 09:11:00,0.98758,0.98763,0.98749,0.98758,15
2012-03-02 09:12:00,0.98769,0.98769,0.9876,0.9876,4
2012-03-02 09:13:00,0.98769,0.98769,0.98758,0.98766,8
2012-03-02 09:14:00,0.98772,0.98777,0.98769,0.98771,13
2012-03-02 09:15:00,0.98778,0.9878,0.98761,0.98769,18
2012-03-02 09:16:00,0.98766,0.98777,0.98761,0.98775,16
2012-03-02 09:17:00,0.98766,0.98766,0.98763,0.98763,2
2012-03-02 09:18:00,0.98763,0.98763,0.98761,0.98763,3
2012-03-02 09:19:00,0.9878,0.9878,0.98766,0.98766,8
2012-03-02 09:20:00,0.98783,0.98786,0.98783,0.98783,3
2012-03-02 09:21:00,0.98786,0.98791,0.98786,0.98786,7
2012-03-02 09:22:00,0.98789,0.98794,0.98789,0.98789,15
2012-03-02 09:23:00,0.98774,0.98786,0.98772,0.98786,9
2012-03-02 09:24:00,0.98786,0.98786,0.98777,0.98777,4
2012-03-02 09:25:00,0.98786,0.98786,0.9878,0.98783,4
2012-03-02 09:26:00,0.98792,0.98797,0.98789,0.98789,8
2012-03-02 09:27:00,0.98794,0.98794,0.98789,0.98789,5
2012-03-02 09:28:00,0.98794,0.98794,0.98789,0.98792,4
2012-03-02 09:29:00,0.98794,0.98797,0.98792,0.98797,4
2012-03-02 09:30:00,0.98783,0.98792,0.98783,0.98792,6
2012-03-02 09:31:00,0.98789,0.98789,0.98786,0.98786,2
2012-03-02 09:32:00,0.9878,0.98786,0.9878,0.98786,7
2012-03-02 09:33:00,0.98789,0.98791,0.9878,0.98783,15
2012-03-02 09:34:00,0.988,0.98806,0.98791,0.98791,10
2012-03-02 09:35:00,0.98794,0.98797,0.98792,0.98797,8
2012-03-02 09:36:00,0.98795,0.98797,0.98795,0.98797,4
2012-03-02 09:37:00,0.988,0.988,0.98797,0.98797,4
2012-03-02 09:38:00,0.98797,0.98803,0.98795,0.98797,11
2012-03-02 09:39:00,0.98783,0.98795,0.98783,0.98795,17
2012-03-02 09:40:00,0.98783,0.98791,0.98775,0.98786,16
2012-03-02 09:41:00,0.98771,0.98789,0.98766,0.98786,16
2012-03-02 09:42:00,0.98771,0.9878,0.98769,0.98774,8
2012-03-02 09:43:00,0.98778,0.9878,0.98774,0.98774,10
2012-03-02 09:44:00,0.9878,0.98786,0.98775,0.9878,9
2012-03-02 09:45:00,0.98786,0.98786,0.98778,0.98783,14
2012-03-02 09:46:00,0.98786,0.98786,0.98778,0.98783,8
2012-03-02 09:47:00,0.98783,0.98786,0.98778,0.98783,11
2012-03-02 09:48:00,0.9878,0.98786,0.98778,0.98786,7
2012-03-02 09:49:00,0.98778,0.9878,0.98778,0.98778,3
2012-03-02 09:50:00,0.98777,0.98777,0.98769,0.98775,22
2012-03-02 09:51:00,0.98789,0.98791,0.9878,0.9878,8
2012-03-02 09:52:00,0.98789,0.98791,0.98789,0.98791,4
2012-03-02 09:53:00,0.98789,0.98794,0.98789,0.98791,8
2012-03-02 09:54:00,0.98794,0.98794,0.98789,0.98791,10
2012-03-02 09:55:00,0.98791,0.98797,0.9878,0.98797,15
2012-03-02 09:56:00,0.98792,0.98794,0.98789,0.98789,6
2012-03-02 09:57:00,0.98794,0.98794,0.98786,0.98789,5
2012-03-02 09:59:00,0.98808,0.98808,0.98797,0.98797,7
2012-03-02 10:00:00,0.98797,0.98811,0.98795,0.98806,10
2012-03-02 10:01:00,0.98778,0.98795,0.98778,0.98795,11
2012-03-02 10:02:00,0.98777,0.9878,0.98772,0.9878,14
2012-03-02 10:03:00,0.98778,0.98786,0.98778,0.9878,10
2012-03-02 10:04:00,0.9878,0.9878,0.9878,0.9878,1
2012-03-02 10:05:00,0.98752,0.9878,0.98752,0.98778,20
2012-03-02 10:06:00,0.98732,0.98749,0.98729,0.98749,15
2012-03-02 10:07:00,0.98744,0.98746,0.98729,0.98735,12
2012-03-02 10:08:00,0.98746,0.98754,0.98746,0.98746,13
2012-03-02 10:09:00,0.98752,0.98752,0.98741,0.98744,6
2012-03-02 10:10:00,0.98766,0.98769,0.98744,0.98749,23
2012-03-02 10:11:00,0.98735,0.98763,0.98727,0.98763,23
2012-03-02 10:12:00,0.98729,0.98732,0.98729,0.98732,2
2012-03-02 10:13:00,0.98724,0.98732,0.98724,0.98732,8
2012-03-02 10:14:00,0.98721,0.98726,0.98718,0.98721,11
2012-03-02 10:15:00,0.98721,0.98723,0.98721,0.98723,2
2012-03-02 10:16:00,0.98715,0.98718,0.98709,0.98718,8
2012-03-02 10:17:00,0.98718,0.9872,0.98707,0.98712,15
2012-03-02 10:18:00,0.9872,0.9872,0.98718,0.9872,3
2012-03-02 10:19:00,0.9872,0.9872,0.98718,0.98718,2
2012-03-02 10:20:00,0.98698,0.98723,0.98698,0.98723,14
2012-03-02 10:21:00,0.98709,0.98709,0.98698,0.98701,6
2012-03-02 10:22:00,0.98704,0.98712,0.98704,0.98712,6
2012-03-02 10:23:00,0.98698,0.98701,0.98698,0.98701,2
2012-03-02 10:25:00,0.98701,0.98709,0.98701,0.98701,9
2012-03-02 10:26:00,0.98709,0.98712,0.98703,0.98703,5
2012-03-02 10:27:00,0.98709,0.98712,0.98704,0.98707,6
2012-03-02 10:29:00,0.98701,0.98709,0.98701,0.98707,5
2012-03-02 10:30:00,0.98689,0.98698,0.98687,0.98698,8
2012-03-02 10:31:00,0.98698,0.98703,0.98692,0.98692,9
2012-03-02 10:33:00,0.98715,0.98715,0.98701,0.98701,10
2012-03-02 10:34:00,0.98709,0.98718,0.98695,0.98718,18
2012-03-02 10:35:00,0.98695,0.98712,0.9869,0.98712,11
2012-03-02 10:36:00,0.98698,0.98712,0.98698,0.98698,13
2012-03-02 10:37:00,0.98701,0.98701,0.98701,0.98701,1
2012-03-02 10:38:00,0.98698,0.98698,0.98698,0.98698,1
2012-03-02 10:39:00,0.98715,0.98715,0.98701,0.98701,6
2012-03-02 10:40:00,0.98724,0.98732,0.98718,0.98718,9
2012-03-02 10:41:00,0.98741,0.98743,0.98726,0.98726,10
2012-03-02 10:43:00,0.98738,0.9874,0.98738,0.98738,3
2012-03-02 10:44:00,0.98723,0.9874,0.98721,0.9874,15
2012-03-02 10:45:00,0.98727,0.98729,0.98726,0.98726,3
2012-03-02 10:46:00,0.98732,0.9874,0.98727,0.98729,14
2012-03-02 10:47:00,0.98729,0.98729,0.98729,0.98729,1
2012-03-02 10:48:00,0.98732,0.98737,0.98732,0.98732,7
2012-03-02 10:49:00,0.98735,0.9874,0.98735,0.98735,11
2012-03-02 10:50:00,0.98735,0.98743,0.98735,0.98737,8
2012-03-02 10:51:00,0.98738,0.98743,0.98737,0.98737,5
2012-03-02 10:52:00,0.98737,0.98737,0.98732,0.98735,8
2012-03-02 10:53:00,0.98735,0.98735,0.98735,0.98735,1
2012-03-02 10:54:00,0.98732,0.98737,0.98727,0.98732,11
2012-03-02 10:55:00,0.98721,0.98729,0.98721,0.98729,14
2012-03-02 10:56:00,0.98718,0.98718,0.98718,0.98718,1
2012-03-02 10:57:00,0.98718,0.98718,0.98715,0.98715,2
2012-03-02 10:58:00,0.98709,0.98715,0.98709,0.98715,3
2012-03-02 10:59:00,0.98698,0.98708,0.98697,0.98707,19
2012-03-02 11:01:00,0.98695,0.98695,0.98687,0.98695,9
2012-03-02 11:02:00,0.98695,0.98698,0.98695,0.98698,2
2012-03-02 11:03:00,0.98698,0.98698,0.98698,0.98698,1
2012-03-02 11:04:00,0.98689,0.98695,0.98687,0.98695,5
2012-03-02 11:05:00,0.9869,0.98698,0.9869,0.98692,6
2012-03-02 11:06:00,0.98689,0.98689,0.98687,0.98687,4
2012-03-02 11:07:00,0.98695,0.98695,0.98692,0.98692,4
2012-03-02 11:08:00,0.9869,0.98698,0.9869,0.98698,8
2012-03-02 11:09:00,0.9867,0.98687,0.9867,0.98687,7
2012-03-02 11:10:00,0.98661,0.98669,0.98661,0.98667,7
2012-03-02 11:11:00,0.9865,0.98658,0.9865,0.98658,4
2012-03-02 11:12:00,0.98636,0.98658,0.98636,0.98652,11
2012-03-02 11:13:00,0.98641,0.98649,0.9863,0.98633,16
2012-03-02 11:14:00,0.98647,0.98652,0.98644,0.98644,8
2012-03-02 11:15:00,0.98652,0.98661,0.98649,0.98649,10
2012-03-02 11:16:00,0.98656,0.98672,0.98655,0.98655,13
2012-03-02 11:17:00,0.9865,0.98658,0.98647,0.98658,10
2012-03-02 11:18:00,0.98667,0.98667,0.98652,0.98652,6
2012-03-02 11:19:00,0.98669,0.98669,0.98669,0.98669,1
2012-03-02 11:20:00,0.98661,0.98667,0.98661,0.98667,3
2012-03-02 11:21:00,0.98664,0.98672,0.98664,0.98664,11
2012-03-02 11:22:00,0.98658,0.98667,0.98656,0.98661,12
2012-03-02 11:23:00,0.98656,0.98658,0.98653,0.98656,5
2012-03-02 11:24:00,0.9865,0.98653,0.9865,0.98653,2
2012-03-02 11:25:00,0.98641,0.98647,0.98639,0.98647,7
2012-03-02 11:26:00,0.98636,0.98641,0.98636,0.98639,4
2012-03-02 11:27:00,0.98638,0.98638,0.98638,0.98638,1
2012-03-02 11:29:00,0.98644,0.98644,0.98639,0.98641,6
2012-03-02 11:30:00,0.98639,0.98647,0.98639,0.98647,4
2012-03-02 11:31:00,0.98641,0.98641,0.98639,0.98641,3
2012-03-02 11:32:00,0.98636,0.98639,0.98636,0.98639,2
2012-03-02 11:33:00,0.98641,0.98644,0.98638,0.98638,4
2012-03-02 11:34:00,0.98633,0.98644,0.98633,0.98644,5
2012-03-02 11:35:00,0.98639,0.98641,0.98635,0.98635,4
2012-03-02 11:36:00,0.98638,0.98641,0.98636,0.98641,4
2012-03-02 11:37:00,0.98641,0.98641,0.98641,0.98641,1
2012-03-02 11:38:00,0.98641,0.98644,0.98641,0.98644,2
2012-03-02 11:39:00,0.98636,0.98639,0.98636,0.98639,2
2012-03-02 11:40:00,0.98633,0.98638,0.98633,0.98638,3
2012-03-02 11:41:00,0.9863,0.9863,0.9863,0.9863,1
2012-03-02 11:42:00,0.98632,0.98638,0.9863,0.98632,7
2012-03-02 11:43:00,0.98638,0.98638,0.98635,0.98635,2
2012-03-02 11:44:00,0.98649,0.98649,0.98641,0.98641,4
2012-03-02 11:45:00,0.98649,0.98649,0.98647,0.98647,2
2012-03-02 11:46:00,0.9865,0.98652,0.9865,0.98652,2
2012-03-02 11:47:00,0.98652,0.98655,0.98647,0.98652,15
2012-03-02 11:48:00,0.98647,0.9865,0.98647,0.9865,2
2012-03-02 11:49:00,0.9865,0.98664,0.98649,0.98649,11
2012-03-02 11:50:00,0.9865,0.98661,0.9865,0.98652,14
2012-03-02 11:51:00,0.9867,0.98675,0.98652,0.98652,11
2012-03-02 11:52:00,0.98678,0.98678,0.98667,0.98667,5
2012-03-02 11:53:00,0.98721,0.98732,0.98681,0.98681,35
2012-03-02 11:54:00,0.98721,0.98732,0.98721,0.98723,10
2012-03-02 11:55:00,0.98729,0.98729,0.98718,0.98718,9
2012-03-02 11:56:00,0.98707,0.98729,0.98707,0.98727,22
2012-03-02 11:57:00,0.9869,0.98709,0.9869,0.98709,8
2012-03-02 11:58:00,0.98686,0.98687,0.98678,0.98687,7
2012-03-02 11:59:00,0.98718,0.9872,0.98687,0.98689,23
2012-03-02 12:00:00,0.98726,0.98726,0.98707,0.98715,17
2012-03-02 12:01:00,0.98718,0.98729,0.98718,0.98724,13
2012-03-02 12:02:00,0.98729,0.98729,0.98707,0.9872,18
2012-03-02 12:03:00,0.98766,0.98766,0.98732,0.98732,17
2012-03-02 12:04:00,0.98763,0.98766,0.98755,0.98763,9
2012-03-02 12:05:00,0.98769,0.98769,0.98755,0.98761,14
2012-03-02 12:06:00,0.98755,0.9878,0.98755,0.98771,23
2012-03-02 12:07:00,0.98738,0.98752,0.98721,0.98752,24
2012-03-02 12:08:00,0.98758,0.9876,0.9874,0.9874,9
2012-03-02 12:09:00,0.98749,0.9876,0.98749,0.9876,9
2012-03-02 12:10:00,0.98743,0.98746,0.98738,0.98746,6
2012-03-02 12:11:00,0.98737,0.98757,0.98729,0.98746,34
2012-03-02 12:12:00,0.9873,0.98736,0.98717,0.98735,29
2012-03-02 12:13:00,0.98736,0.98736,0.98725,0.98733,20
2012-03-02 12:14:00,0.98747,0.98747,0.98739,0.98739,4
2012-03-02 12:15:00,0.98736,0.98745,0.98736,0.98745,4
2012-03-02 12:16:00,0.98759,0.98767,0.98734,0.98734,18
2012-03-02 12:17:00,0.9877,0.9877,0.98759,0.98762,8
2012-03-02 12:18:00,0.98776,0.98793,0.98773,0.98773,28
2012-03-02 12:19:00,0.98779,0.98781,0.98765,0.98773,11
2012-03-02 12:20:00,0.98759,0.98776,0.98759,0.98776,9
2012-03-02 12:21:00,0.98759,0.98762,0.98751,0.98756,8
2012-03-02 12:22:00,0.98753,0.98764,0.98751,0.98762,8
2012-03-02 12:23:00,0.98747,0.98756,0.98745,0.98756,6
2012-03-02 12:24:00,0.9875,0.9875,0.98739,0.98745,9
2012-03-02 12:25:00,0.98753,0.98756,0.98753,0.98753,5
2012-03-02 12:26:00,0.98751,0.98753,0.98748,0.98751,5
2012-03-02 12:27:00,0.98767,0.98767,0.98753,0.98753,12
2012-03-02 12:28:00,0.98775,0.98783,0.9877,0.9877,8
2012-03-02 12:29:00,0.98766,0.9878,0.98766,0.98777,31
2012-03-02 12:30:00,0.98759,0.98769,0.98758,0.98763,16
2012-03-02 12:31:00,0.9877,0.9877,0.98762,0.98762,10
2012-03-02 12:32:00,0.98762,0.98768,0.98759,0.98768,5
2012-03-02 12:34:00,0.98779,0.98781,0.98764,0.98764,8
2012-03-02 12:35:00,0.98784,0.98784,0.98773,0.98776,10
2012-03-02 12:36:00,0.98782,0.9879,0.98782,0.98787,5
2012-03-02 12:37:00,0.9879,0.9879,0.98776,0.98779,9
2012-03-02 12:38:00,0.98793,0.98793,0.9879,0.98793,3
2012-03-02 12:39:00,0.98832,0.98832,0.98788,0.9879,24
2012-03-02 12:40:00,0.98816,0.98844,0.98813,0.98835,30
2012-03-02 12:41:00,0.98813,0.98824,0.98807,0.98818,19
2012-03-02 12:42:00,0.98803,0.98821,0.988,0.98815,25
2012-03-02 12:43:00,0.98783,0.98814,0.98783,0.98806,27
2012-03-02 12:44:00,0.98783,0.98791,0.98783,0.98786,8
2012-03-02 12:45:00,0.98791,0.98791,0.9878,0.98786,7
2012-03-02 12:46:00,0.988,0.98808,0.98794,0.98794,17
2012-03-02 12:47:00,0.98795,0.988,0.98795,0.98797,10
2012-03-02 12:48:00,0.98792,0.988,0.98789,0.98797,13
2012-03-02 12:49:00,0.98791,0.98791,0.98786,0.98789,6
2012-03-02 12:50:00,0.98791,0.98791,0.98786,0.98789,16
2012-03-02 12:51:00,0.98786,0.98797,0.98786,0.98789,10
2012-03-02 12:52:00,0.98769,0.98783,0.98758,0.98783,20
2012-03-02 12:53:00,0.98758,0.98771,0.98758,0.98771,8
2012-03-02 12:54:00,0.98752,0.98755,0.98746,0.98755,10
2012-03-02 12:55:00,0.98744,0.98754,0.98744,0.98754,5
2012-03-02 12:56:00,0.98749,0.98769,0.98746,0.98746,22
2012-03-02 12:57:00,0.98746,0.98752,0.98744,0.98752,13
2012-03-02 12:58:00,0.9872,0.98754,0.98718,0.98744,25
2012-03-02 12:59:00,0.98738,0.98743,0.98715,0.98723,24
2012-03-02 13:00:00,0.98732,0.98746,0.98732,0.98735,16
2012-03-02 13:01:00,0.98752,0.98754,0.98732,0.98735,27
2012-03-02 13:02:00,0.98749,0.98752,0.98749,0.98749,9
2012-03-02 13:03:00,0.9876,0.98763,0.98738,0.98746,24
2012-03-02 13:04:00,0.98779,0.98793,0.98758,0.98758,42
2012-03-02 13:05:00,0.98781,0.98781,0.98773,0.98776,13
2012-03-02 13:06:00,0.98804,0.98804,0.98784,0.98784,16
2012-03-02 13:07:00,0.98798,0.98802,0.98793,0.98802,10
2012-03-02 13:08:00,0.98785,0.98807,0.98785,0.98801,15
2012-03-02 13:09:00,0.98782,0.98796,0.98779,0.98787,21
2012-03-02 13:10:00,0.98765,0.98784,0.98762,0.98784,18
2012-03-02 13:11:00,0.98762,0.98773,0.98759,0.98762,11
2012-03-02 13:12:00,0.98756,0.98767,0.98756,0.98759,16
2012-03-02 13:13:00,0.9871,0.98759,0.98708,0.98753,36
2012-03-02 13:14:00,0.98685,0.98713,0.98685,0.98708,25
2012-03-02 13:15:00,0.98705,0.98708,0.98688,0.98688,21
2012-03-02 13:16:00,0.98705,0.98705,0.98697,0.98702,12
2012-03-02 13:17:00,0.98719,0.98719,0.987,0.98702,15
2012-03-02 13:18:00,0.98691,0.98722,0.98691,0.98722,22
2012-03-02 13:19:00,0.98719,0.98719,0.98688,0.98688,20
2012-03-02 13:20:00,0.98714,0.98725,0.98711,0.98717,12
2012-03-02 13:21:00,0.98732,0.98732,0.98701,0.98711,19
2012-03-02 13:22:00,0.98735,0.98743,0.98732,0.98735,19
2012-03-02 13:23:00,0.9874,0.98743,0.98737,0.98737,14
2012-03-02 13:24:00,0.98726,0.98743,0.98724,0.98743,19
2012-03-02 13:25:00,0.98704,0.98724,0.98704,0.98724,24
2012-03-02 13:26:00,0.98729,0.98729,0.98706,0.98706,25
2012-03-02 13:27:00,0.98735,0.98737,0.98729,0.98732,10
2012-03-02 13:28:00,0.98716,0.98735,0.98711,0.98732,15
2012-03-02 13:29:00,0.9872,0.98725,0.98693,0.98719,48
2012-03-02 13:30:00,0.98738,0.98747,0.98659,0.98716,76
2012-03-02 13:31:00,0.98737,0.9874,0.98732,0.98735,20
2012-03-02 13:32:00,0.98757,0.98757,0.98724,0.98735,35
2012-03-02 13:33:00,0.98769,0.98769,0.98752,0.9876,30
2012-03-02 13:34:00,0.98761,0.98771,0.98761,0.98771,15
2012-03-02 13:35:00,0.98775,0.98777,0.98761,0.98763,15
2012-03-02 13:36:00,0.98783,0.98789,0.98772,0.98772,13
2012-03-02 13:37:00,0.9878,0.98783,0.98775,0.9878,7
2012-03-02 13:38:00,0.98775,0.9878,0.98775,0.98778,8
2012-03-02 13:39:00,0.98775,0.98783,0.98766,0.98777,32
2012-03-02 13:40:00,0.98774,0.98783,0.98763,0.98772,26
2012-03-02 13:41:00,0.98766,0.98786,0.98766,0.98777,33
2012-03-02 13:42:00,0.98769,0.98777,0.98763,0.98763,14
2012-03-02 13:43:00,0.98766,0.98777,0.98757,0.98771,31
2012-03-02 13:44:00,0.98805,0.98808,0.98768,0.98768,32
2012-03-02 13:45:00,0.988,0.98814,0.98789,0.98808,18
2012-03-02 13:46:00,0.98797,0.988,0.98791,0.98797,11
2012-03-02 13:47:00,0.9876,0.98794,0.9876,0.98794,27
2012-03-02 13:48:00,0.98755,0.98766,0.98752,0.98757,22
2012-03-02 13:49:00,0.98732,0.98752,0.98732,0.98752,28
2012-03-02 13:50:00,0.98718,0.98731,0.98718,0.98729,13
2012-03-02 13:51:00,0.98729,0.98737,0.98715,0.9872,36
2012-03-02 13:52:00,0.98754,0.98754,0.98731,0.98731,9
2012-03-02 13:53:00,0.98757,0.98757,0.98757,0.98757,1
2012-03-02 13:54:00,0.98729,0.98766,0.98729,0.9876,24
2012-03-02 13:55:00,0.98732,0.98737,0.98729,0.98731,13
2012-03-02 13:56:00,0.98731,0.98754,0.98729,0.98734,26
2012-03-02 13:57:00,0.98721,0.98737,0.98715,0.98734,24
2012-03-02 13:58:00,0.98687,0.98718,0.98687,0.98718,28
2012-03-02 13:59:00,0.98709,0.98726,0.98689,0.98689,30
2012-03-02 14:00:00,0.98717,0.98717,0.98704,0.98706,7
2012-03-02 14:01:00,0.987,0.98715,0.98698,0.98715,14
2012-03-02 14:02:00,0.9868,0.987,0.98672,0.98698,27
2012-03-02 14:03:00,0.98672,0.9868,0.98667,0.98678,15
2012-03-02 14:04:00,0.98672,0.98672,0.98664,0.98669,10
2012-03-02 14:05:00,0.98672,0.9868,0.98672,0.98675,12
2012-03-02 14:06:00,0.98669,0.98672,0.98661,0.98669,15
2012-03-02 14:07:00,0.98672,0.98686,0.98667,0.98672,19
2012-03-02 14:08:00,0.98675,0.98675,0.98669,0.98675,5
2012-03-02 14:09:00,0.98675,0.98678,0.98672,0.98672,4
2012-03-02 14:10:00,0.98678,0.98678,0.98672,0.98678,5
2012-03-02 14:11:00,0.98695,0.98697,0.98675,0.98675,10
2012-03-02 14:12:00,0.98681,0.98692,0.98681,0.98692,7
2012-03-02 14:13:00,0.98675,0.9868,0.98675,0.98678,10
2012-03-02 14:14:00,0.98678,0.9868,0.98667,0.98672,11
2012-03-02 14:15:00,0.98689,0.98692,0.98672,0.98675,22
2012-03-02 14:16:00,0.98683,0.98687,0.98678,0.98687,8
2012-03-02 14:17:00,0.98678,0.98681,0.98675,0.98681,10
2012-03-02 14:18:00,0.98666,0.98675,0.98658,0.98675,24
2012-03-02 14:19:00,0.98675,0.98675,0.98661,0.98669,15
2012-03-02 14:20:00,0.98667,0.98683,0.98661,0.98678,17
2012-03-02 14:21:00,0.98646,0.98664,0.98644,0.98664,9
2012-03-02 14:22:00,0.98658,0.98658,0.98644,0.98649,20
2012-03-02 14:23:00,0.98655,0.98661,0.9865,0.98661,9
2012-03-02 14:24:00,0.98672,0.98672,0.9865,0.98652,10
2012-03-02 14:25:00,0.98689,0.98689,0.98675,0.98675,16
2012-03-02 14:26:00,0.98697,0.98697,0.98692,0.98692,3
2012-03-02 14:27:00,0.98675,0.98695,0.98675,0.98695,12
2012-03-02 14:28:00,0.98661,0.98675,0.98661,0.98672,9
2012-03-02 14:29:00,0.98684,0.98686,0.98663,0.98663,10
2012-03-02 14:30:00,0.98692,0.98692,0.98678,0.98681,21
2012-03-02 14:31:00,0.98678,0.98692,0.98678,0.98689,13
2012-03-02 14:32:00,0.98683,0.98683,0.98672,0.9868,8
2012-03-02 14:33:00,0.98667,0.98681,0.98667,0.98681,8
2012-03-02 14:34:00,0.98669,0.98675,0.98667,0.98669,13
2012-03-02 14:35:00,0.98701,0.98706,0.98672,0.98672,33
2012-03-02 14:36:00,0.987,0.98703,0.98689,0.98703,36
2012-03-02 14:37:00,0.98698,0.98703,0.98689,0.98698,25
2012-03-02 14:38:00,0.98672,0.98695,0.98669,0.98695,37
2012-03-02 14:39:00,0.98686,0.98686,0.98669,0.98669,17
2012-03-02 14:40:00,0.98702,0.98706,0.98681,0.98684,31
2012-03-02 14:41:00,0.98706,0.98708,0.98698,0.98706,17
2012-03-02 14:42:00,0.98728,0.98746,0.98708,0.98708,41
2012-03-02 14:43:00,0.98724,0.98726,0.98718,0.98724,23
2012-03-02 14:44:00,0.98732,0.98736,0.98726,0.98726,13
2012-03-02 14:45:00,0.98722,0.98744,0.98718,0.98736,32
2012-03-02 14:46:00,0.98738,0.9874,0.98724,0.98724,16
2012-03-02 14:47:00,0.98716,0.98744,0.98716,0.9874,22
2012-03-02 14:48:00,0.98752,0.98758,0.98718,0.98718,25
2012-03-02 14:49:00,0.9875,0.98756,0.98746,0.9875,15
2012-03-02 14:50:00,0.98764,0.98764,0.9875,0.98752,17
2012-03-02 14:51:00,0.98796,0.98804,0.98766,0.98766,39
2012-03-02 14:52:00,0.9877,0.98792,0.9877,0.98792,35
2012-03-02 14:53:00,0.98752,0.98766,0.9875,0.98766,20
2012-03-02 14:54:00,0.9873,0.9875,0.98724,0.9875,16
2012-03-02 14:55:00,0.98746,0.98746,0.98724,0.98728,26
2012-03-02 14:56:00,0.98764,0.9877,0.9875,0.9875,12
2012-03-02 14:57:00,0.9875,0.98766,0.9875,0.98766,13
2012-03-02 14:58:00,0.98788,0.98794,0.98746,0.98746,49
2012-03-02 14:59:00,0.98788,0.98802,0.98776,0.98786,50
2012-03-02 15:00:00,0.98794,0.98804,0.98776,0.9879,42
2012-03-02 15:01:00,0.98794,0.98814,0.98786,0.9879,48
2012-03-02 15:02:00,0.98794,0.98812,0.98788,0.9879,50
2012-03-02 15:03:00,0.98802,0.98804,0.9879,0.98798,22
2012-03-02 15:04:00,0.98828,0.98844,0.98804,0.98804,43
2012-03-02 15:05:00,0.98816,0.98836,0.98814,0.9883,22
2012-03-02 15:06:00,0.98824,0.98824,0.98806,0.98818,27
2012-03-02 15:07:00,0.98814,0.9883,0.9881,0.98828,20
2012-03-02 15:08:00,0.98834,0.98844,0.9881,0.98816,41
2012-03-02 15:09:00,0.98816,0.98844,0.98814,0.9883,50
2012-03-02 15:10:00,0.98794,0.98824,0.98788,0.98818,34
2012-03-02 15:11:00,0.98768,0.98796,0.98768,0.98796,43
2012-03-02 15:12:00,0.98756,0.98766,0.98756,0.98766,8
2012-03-02 15:13:00,0.98756,0.98762,0.98748,0.98754,18
2012-03-02 15:14:00,0.98758,0.98762,0.98752,0.98754,22
2012-03-02 15:15:00,0.98736,0.98756,0.98728,0.98756,20
2012-03-02 15:16:00,0.98724,0.98736,0.98724,0.98732,10
2012-03-02 15:17:00,0.9871,0.98722,0.9871,0.98722,19
2012-03-02 15:18:00,0.98704,0.98722,0.98704,0.98712,16
2012-03-02 15:19:00,0.9871,0.98716,0.98702,0.98702,14
2012-03-02 15:20:00,0.98718,0.98718,0.98704,0.98712,13
2012-03-02 15:21:00,0.9871,0.98718,0.9871,0.98716,23
2012-03-02 15:22:00,0.98698,0.98712,0.98698,0.98712,10
2012-03-02 15:23:00,0.98702,0.9871,0.98698,0.98702,13
2012-03-02 15:24:00,0.98718,0.98724,0.98702,0.98704,16
2012-03-02 15:25:00,0.98702,0.98724,0.98702,0.98722,20
2012-03-02 15:26:00,0.98696,0.98702,0.98696,0.98698,8
2012-03-02 15:27:00,0.98716,0.98722,0.98698,0.98698,11
2012-03-02 15:28:00,0.9873,0.98736,0.98718,0.98718,19
2012-03-02 15:29:00,0.98722,0.9873,0.98722,0.98728,15
2012-03-02 15:30:00,0.98722,0.98732,0.98718,0.98718,18
2012-03-02 15:31:00,0.98762,0.98764,0.98724,0.98724,24
2012-03-02 15:32:00,0.98746,0.9876,0.98738,0.98758,25
2012-03-02 15:33:00,0.98756,0.98756,0.98746,0.9875,11
2012-03-02 15:34:00,0.98776,0.98786,0.98758,0.98758,47
2012-03-02 15:35:00,0.98786,0.98798,0.98756,0.98778,46
2012-03-02 15:36:00,0.98804,0.98808,0.9879,0.9879,22
2012-03-02 15:37:00,0.98786,0.98804,0.98784,0.988,21
2012-03-02 15:38:00,0.98794,0.98804,0.98788,0.98788,19
2012-03-02 15:39:00,0.9879,0.9879,0.98782,0.9879,9
2012-03-02 15:40:00,0.98796,0.98802,0.98794,0.98794,14
2012-03-02 15:41:00,0.98804,0.98804,0.98794,0.98794,19
2012-03-02 15:42:00,0.98788,0.98808,0.98786,0.98808,22
2012-03-02 15:43:00,0.9876,0.98794,0.98756,0.9879,30
2012-03-02 15:44:00,0.98748,0.98756,0.98746,0.98756,24
2012-03-02 15:45:00,0.98756,0.98766,0.9875,0.9875,25
2012-03-02 15:46:00,0.9876,0.98768,0.9876,0.9876,11
2012-03-02 15:47:00,0.98766,0.9878,0.98754,0.98756,19
2012-03-02 15:48:00,0.98794,0.98794,0.98756,0.98764,34
2012-03-02 15:49:00,0.98804,0.98804,0.98792,0.98792,29
2012-03-02 15:50:00,0.98792,0.988,0.98778,0.988,22
2012-03-02 15:51:00,0.9879,0.9879,0.98782,0.9879,9
2012-03-02 15:52:00,0.98786,0.98794,0.98784,0.98786,25
2012-03-02 15:53:00,0.98792,0.98804,0.98786,0.9879,38
2012-03-02 15:54:00,0.98792,0.98792,0.98784,0.9879,22
2012-03-02 15:55:00,0.98794,0.98794,0.98784,0.98794,23
2012-03-02 15:56:00,0.98778,0.98794,0.98778,0.98792,18
2012-03-02 15:57:00,0.9879,0.98796,0.9878,0.9878,20
2012-03-02 15:58:00,0.98794,0.98794,0.98782,0.98788,23
2012-03-02 15:59:00,0.98782,0.98802,0.98776,0.98796,38
2012-03-02 16:00:00,0.98806,0.98808,0.98776,0.9878,40
2012-03-02 16:01:00,0.98804,0.98818,0.98804,0.98808,27
2012-03-02 16:02:00,0.98796,0.98806,0.98796,0.98806,13
2012-03-02 16:03:00,0.98792,0.98798,0.98772,0.98792,31
2012-03-02 16:04:00,0.9879,0.98812,0.98786,0.98794,31
2012-03-02 16:05:00,0.98796,0.988,0.98786,0.98786,26
2012-03-02 16:06:00,0.98798,0.988,0.98786,0.98798,31
2012-03-02 16:07:00,0.98814,0.98814,0.98796,0.98796,22
2012-03-02 16:08:00,0.9881,0.98818,0.9881,0.98812,12
2012-03-02 16:09:00,0.98792,0.9882,0.98792,0.98806,20
2012-03-02 16:10:00,0.98818,0.98818,0.98794,0.98794,13
2012-03-02 16:11:00,0.98818,0.98818,0.9881,0.98816,14
2012-03-02 16:12:00,0.9882,0.9882,0.9881,0.98816,15
2012-03-02 16:13:00,0.98826,0.98828,0.98816,0.98824,20
2012-03-02 16:14:00,0.98832,0.9884,0.9882,0.98828,28
2012-03-02 16:15:00,0.9884,0.9884,0.9883,0.98834,23
2012-03-02 16:16:00,0.98834,0.98844,0.98826,0.98838,20
2012-03-02 16:17:00,0.9884,0.98844,0.98832,0.98832,18
2012-03-02 16:18:00,0.9884,0.98844,0.98838,0.98844,6
2012-03-02 16:19:00,0.98832,0.98838,0.98826,0.98838,27
2012-03-02 16:20:00,0.98838,0.98844,0.98834,0.98834,6
2012-03-02 16:21:00,0.98834,0.98844,0.98834,0.9884,7
2012-03-02 16:22:00,0.98834,0.98834,0.98826,0.98832,18
2012-03-02 16:23:00,0.98834,0.98834,0.98826,0.98832,8
2012-03-02 16:24:00,0.98832,0.98834,0.98826,0.98832,19
2012-03-02 16:25:00,0.98832,0.98844,0.9883,0.9883,14
2012-03-02 16:26:00,0.98832,0.98844,0.98826,0.98834,18
2012-03-02 16:27:00,0.98834,0.98834,0.98826,0.9883,7
2012-03-02 16:28:00,0.98828,0.98834,0.98826,0.98832,10
2012-03-02 16:29:00,0.98834,0.98834,0.98826,0.98832,18
2012-03-02 16:30:00,0.98834,0.98834,0.98826,0.98832,18
2012-03-02 16:31:00,0.98834,0.98838,0.98826,0.98832,14
2012-03-02 16:32:00,0.98812,0.98838,0.98806,0.98838,30
2012-03-02 16:33:00,0.98802,0.98818,0.988,0.9881,15
2012-03-02 16:34:00,0.98796,0.98804,0.98796,0.988,16
2012-03-02 16:35:00,0.98794,0.98802,0.9879,0.988,13
2012-03-02 16:36:00,0.98794,0.988,0.98794,0.98796,6
2012-03-02 16:37:00,0.98788,0.988,0.98786,0.9879,14
2012-03-02 16:38:00,0.98766,0.98786,0.98766,0.98786,20
2012-03-02 16:39:00,0.98776,0.98782,0.98768,0.98768,16
2012-03-02 16:40:00,0.98822,0.98822,0.98774,0.98774,42
2012-03-02 16:41:00,0.98844,0.98844,0.98824,0.98824,20
2012-03-02 16:42:00,0.98852,0.98864,0.98848,0.98848,31
2012-03-02 16:43:00,0.98868,0.98876,0.98856,0.98856,23
2012-03-02 16:44:00,0.98862,0.98872,0.98856,0.9887,14
2012-03-02 16:45:00,0.98888,0.98888,0.98864,0.98864,19
2012-03-02 16:46:00,0.98912,0.98912,0.98888,0.9889,29
2012-03-02 16:47:00,0.98896,0.98912,0.98894,0.9891,40
2012-03-02 16:48:00,0.98878,0.98902,0.98876,0.98898,14
2012-03-02 16:49:00,0.98884,0.98904,0.98876,0.98876,38
2012-03-02 16:50:00,0.9891,0.98916,0.98888,0.98888,31
2012-03-02 16:51:00,0.98918,0.98918,0.98904,0.98908,13
2012-03-02 16:52:00,0.9891,0.98944,0.98908,0.98922,45
2012-03-02 16:53:00,0.98918,0.98918,0.98908,0.98908,17
2012-03-02 16:54:00,0.98924,0.9893,0.98918,0.98922,20
2012-03-02 16:55:00,0.98928,0.9894,0.98924,0.98926,17
2012-03-02 16:56:00,0.9891,0.9893,0.98904,0.9893,22
2012-03-02 16:57:00,0.98892,0.98908,0.98888,0.98908,20
2012-03-02 16:58:00,0.98884,0.98892,0.98882,0.9889,19
2012-03-02 16:59:00,0.98872,0.98882,0.98868,0.98882,22
2012-03-02 17:00:00,0.98892,0.98898,0.98868,0.9887,29
2012-03-02 17:01:00,0.9889,0.98906,0.9889,0.98896,11
2012-03-02 17:02:00,0.98892,0.98892,0.98888,0.98888,17
2012-03-02 17:03:00,0.9889,0.98892,0.98884,0.9889,9
2012-03-02 17:04:00,0.98892,0.98892,0.98884,0.98888,11
2012-03-02 17:05:00,0.9891,0.9891,0.98888,0.98896,28
2012-03-02 17:06:00,0.98912,0.98918,0.98902,0.98912,15
2012-03-02 17:07:00,0.9891,0.98916,0.98908,0.9891,15
2012-03-02 17:08:00,0.9889,0.98908,0.98888,0.98908,17
2012-03-02 17:09:00,0.98878,0.98892,0.98874,0.98892,12
2012-03-02 17:10:00,0.98898,0.98898,0.98876,0.98882,27
2012-03-02 17:11:00,0.98882,0.98896,0.98882,0.98896,10
2012-03-02 17:12:00,0.9889,0.98898,0.98882,0.98884,11
2012-03-02 17:13:00,0.98878,0.98888,0.98878,0.98888,10
2012-03-02 17:14:00,0.98876,0.9889,0.98876,0.98882,15
2012-03-02 17:15:00,0.9891,0.9891,0.98878,0.98878,12
2012-03-02 17:16:00,0.9891,0.98912,0.98898,0.98908,14
2012-03-02 17:17:00,0.9891,0.9891,0.98902,0.98908,6
2012-03-02 17:18:00,0.98926,0.98926,0.98908,0.98912,18
2012-03-02 17:19:00,0.98924,0.9894,0.98918,0.9893,21
2012-03-02 17:20:00,0.98942,0.98944,0.98922,0.98922,16
2012-03-02 17:21:00,0.98936,0.98944,0.9893,0.98938,14
2012-03-02 17:22:00,0.98944,0.98944,0.98918,0.98932,29
2012-03-02 17:23:00,0.98938,0.98942,0.98932,0.98942,14
2012-03-02 17:24:00,0.98932,0.98936,0.98928,0.98936,6
2012-03-02 17:25:00,0.98938,0.9894,0.98932,0.98936,16
2012-03-02 17:26:00,0.98898,0.98936,0.98898,0.98936,14
2012-03-02 17:27:00,0.98912,0.9893,0.98894,0.98896,29
2012-03-02 17:28:00,0.98896,0.9891,0.98894,0.9891,26
2012-03-02 17:29:00,0.98898,0.98902,0.98888,0.98894,23
2012-03-02 17:30:00,0.98896,0.98896,0.98888,0.98896,11
2012-03-02 17:31:00,0.98882,0.98898,0.98882,0.98898,13
2012-03-02 17:32:00,0.98876,0.98878,0.98876,0.98878,6
2012-03-02 17:33:00,0.98864,0.98874,0.98864,0.98874,10
2012-03-02 17:34:00,0.98862,0.98862,0.9886,0.98862,3
2012-03-02 17:35:00,0.9887,0.9887,0.98862,0.98864,9
2012-03-02 17:36:00,0.98876,0.98876,0.9886,0.98868,14
2012-03-02 17:37:00,0.98876,0.98876,0.98862,0.98874,12
2012-03-02 17:38:00,0.98876,0.98878,0.9887,0.98878,8
2012-03-02 17:39:00,0.98872,0.98874,0.98864,0.98874,17
2012-03-02 17:40:00,0.98868,0.98872,0.98864,0.9887,16
2012-03-02 17:41:00,0.98868,0.9887,0.98868,0.9887,2
2012-03-02 17:42:00,0.9887,0.98872,0.98868,0.9887,9
2012-03-02 17:43:00,0.98872,0.98872,0.98868,0.98868,3
2012-03-02 17:44:00,0.98868,0.98872,0.98868,0.9887,6
2012-03-02 17:45:00,0.98864,0.98864,0.98862,0.98864,3
2012-03-02 17:46:00,0.98862,0.98862,0.98856,0.98862,13
2012-03-02 17:47:00,0.98862,0.98862,0.98856,0.9886,6
2012-03-02 17:48:00,0.98858,0.9886,0.98854,0.9886,9
2012-03-02 17:49:00,0.98842,0.98858,0.98842,0.98856,14
2012-03-02 17:50:00,0.98842,0.98844,0.98836,0.98844,10
2012-03-02 17:51:00,0.98862,0.98862,0.98844,0.98844,7
2012-03-02 17:52:00,0.9886,0.98864,0.98856,0.9886,11
2012-03-02 17:53:00,0.98848,0.98858,0.98848,0.98856,22
2012-03-02 17:54:00,0.9885,0.98852,0.9885,0.9885,3
2012-03-02 17:55:00,0.98848,0.98848,0.98848,0.98848,1
2012-03-02 17:56:00,0.98834,0.98844,0.98834,0.98844,11
2012-03-02 17:57:00,0.98836,0.98836,0.98828,0.9883,5
2012-03-02 17:58:00,0.98838,0.98842,0.98834,0.98838,9
2012-03-02 17:59:00,0.98848,0.9885,0.98834,0.98842,15
2012-03-02 18:00:00,0.98868,0.98868,0.98848,0.9885,25
2012-03-02 18:01:00,0.98868,0.9887,0.98864,0.9887,6
2012-03-02 18:02:00,0.9887,0.9887,0.98868,0.9887,3
2012-03-02 18:03:00,0.98854,0.98868,0.98854,0.98868,16
2012-03-02 18:04:00,0.98854,0.98858,0.98854,0.98856,6
2012-03-02 18:05:00,0.98876,0.98876,0.98856,0.98856,10
2012-03-02 18:06:00,0.9889,0.98892,0.98878,0.98878,19
2012-03-02 18:07:00,0.98898,0.98898,0.9889,0.98892,7
2012-03-02 18:08:00,0.98898,0.98898,0.98894,0.98896,4
2012-03-02 18:09:00,0.98894,0.98902,0.98894,0.98902,4
2012-03-02 18:10:00,0.98906,0.98906,0.98884,0.9889,15
2012-03-02 18:11:00,0.98922,0.98922,0.9891,0.9891,7
2012-03-02 18:12:00,0.98918,0.98924,0.98918,0.98924,3
2012-03-02 18:13:00,0.9893,0.98936,0.98922,0.98922,16
2012-03-02 18:14:00,0.98918,0.9893,0.98918,0.98928,20
2012-03-02 18:16:00,0.98922,0.98924,0.98918,0.98922,5
2012-03-02 18:17:00,0.98922,0.9893,0.98918,0.98918,12
2012-03-02 18:18:00,0.9891,0.98918,0.98898,0.98918,12
2012-03-02 18:19:00,0.98918,0.98918,0.98904,0.98912,19
2012-03-02 18:20:00,0.98928,0.9894,0.98922,0.98922,13
2012-03-02 18:21:00,0.9891,0.98924,0.98908,0.98924,12
2012-03-02 18:22:00,0.98908,0.98918,0.98898,0.98912,21
2012-03-02 18:23:00,0.98926,0.98936,0.98908,0.9891,25
2012-03-02 18:24:00,0.98916,0.98924,0.98916,0.98924,4
2012-03-02 18:25:00,0.9891,0.98922,0.98908,0.98912,20
2012-03-02 18:26:00,0.98918,0.98918,0.98908,0.98908,5
2012-03-02 18:27:00,0.98908,0.98922,0.98904,0.98916,22
2012-03-02 18:28:00,0.98902,0.98906,0.98898,0.98904,12
2012-03-02 18:29:00,0.98898,0.98902,0.9889,0.98898,11
2012-03-02 18:30:00,0.9889,0.98906,0.9889,0.98896,25
2012-03-02 18:31:00,0.98882,0.98892,0.98882,0.98892,7
2012-03-02 18:32:00,0.98882,0.98882,0.98876,0.98878,4
2012-03-02 18:33:00,0.98888,0.9889,0.98884,0.98884,6
2012-03-02 18:34:00,0.9889,0.9889,0.98882,0.98884,11
2012-03-02 18:35:00,0.9889,0.98892,0.9889,0.98892,2
2012-03-02 18:36:00,0.98888,0.9889,0.98882,0.98888,11
2012-03-02 18:37:00,0.9889,0.98896,0.98888,0.9889,7
2012-03-02 18:38:00,0.9889,0.98892,0.98888,0.98892,4
2012-03-02 18:39:00,0.98892,0.98896,0.9889,0.98892,11
2012-03-02 18:40:00,0.9889,0.98892,0.98884,0.9889,11
2012-03-02 18:41:00,0.9889,0.9889,0.98888,0.98888,2
2012-03-02 18:42:00,0.9889,0.98892,0.98888,0.98888,6
2012-03-02 18:43:00,0.98882,0.9889,0.98882,0.98888,15
2012-03-02 18:44:00,0.98882,0.98882,0.98876,0.98878,4
2012-03-02 18:45:00,0.9889,0.98896,0.98882,0.98884,13
2012-03-02 18:46:00,0.98884,0.98896,0.98882,0.98892,8
2012-03-02 18:47:00,0.98888,0.9889,0.98882,0.98888,11
2012-03-02 18:48:00,0.98894,0.98896,0.98882,0.98884,12
2012-03-02 18:49:00,0.98896,0.98896,0.9889,0.9889,3
2012-03-02 18:50:00,0.9889,0.98896,0.9889,0.98894,6
2012-03-02 18:51:00,0.9889,0.98896,0.98888,0.98888,6
2012-03-02 18:52:00,0.9889,0.98892,0.98888,0.98892,6
2012-03-02 18:53:00,0.9889,0.9889,0.98882,0.98888,12
2012-03-02 18:54:00,0.9889,0.9889,0.98882,0.98888,8
2012-03-02 18:55:00,0.98906,0.98916,0.98892,0.98892,16
2012-03-02 18:56:00,0.98894,0.98912,0.98894,0.9891,13
2012-03-02 18:57:00,0.98884,0.98902,0.98884,0.98896,17
2012-03-02 18:58:00,0.9889,0.9889,0.98874,0.98888,16
2012-03-02 18:59:00,0.9889,0.98892,0.98884,0.98892,16
2012-03-02 19:00:00,0.98876,0.98892,0.98874,0.98888,15
2012-03-02 19:01:00,0.98874,0.98878,0.98874,0.98878,5
2012-03-02 19:02:00,0.98872,0.98872,0.98864,0.9887,12
2012-03-02 19:03:00,0.98878,0.98878,0.98868,0.9887,6
2012-03-02 19:04:00,0.98862,0.98876,0.9886,0.98876,8
2012-03-02 19:05:00,0.98862,0.98862,0.98856,0.9886,4
2012-03-02 19:06:00,0.98862,0.98862,0.9886,0.9886,2
2012-03-02 19:07:00,0.98876,0.98876,0.9886,0.9886,7
2012-03-02 19:08:00,0.9887,0.98874,0.98864,0.98874,8
2012-03-02 19:09:00,0.9887,0.9887,0.9886,0.98868,10
2012-03-02 19:10:00,0.9887,0.9887,0.98868,0.98868,2
2012-03-02 19:11:00,0.98882,0.98884,0.98862,0.98868,12
2012-03-02 19:12:00,0.98882,0.9889,0.98882,0.98884,14
2012-03-02 19:13:00,0.98862,0.98878,0.98862,0.98878,15
2012-03-02 19:14:00,0.98858,0.9886,0.98856,0.9886,9
2012-03-02 19:15:00,0.98862,0.98864,0.98848,0.98856,27
2012-03-02 19:16:00,0.98872,0.98876,0.98856,0.9886,18
2012-03-02 19:17:00,0.9885,0.9887,0.98848,0.9887,10
2012-03-02 19:18:00,0.9885,0.98852,0.98848,0.98852,8
2012-03-02 19:19:00,0.98842,0.9885,0.9884,0.98848,9
2012-03-02 19:20:00,0.9884,0.98844,0.98836,0.98844,7
2012-03-02 19:21:00,0.98862,0.98864,0.98842,0.98842,18
2012-03-02 19:22:00,0.9885,0.98872,0.98848,0.98864,18
2012-03-02 19:23:00,0.98862,0.98862,0.98852,0.98852,10
2012-03-02 19:24:00,0.98872,0.98872,0.98864,0.98864,16
2012-03-02 19:25:00,0.98864,0.9887,0.98864,0.9887,7
2012-03-02 19:26:00,0.98874,0.98878,0.98868,0.98868,11
2012-03-02 19:27:00,0.98874,0.98876,0.98874,0.98876,4
2012-03-02 19:28:00,0.98876,0.98888,0.98876,0.98876,9
2012-03-02 19:29:00,0.98876,0.98878,0.98876,0.98878,2
2012-03-02 19:30:00,0.98872,0.98874,0.9887,0.98874,3
2012-03-02 19:31:00,0.98868,0.98872,0.98868,0.9887,18
2012-03-02 19:32:00,0.98876,0.98882,0.9887,0.9887,7
2012-03-02 19:33:00,0.9887,0.98876,0.9887,0.98874,6
2012-03-02 19:34:00,0.9887,0.98876,0.98868,0.98872,12
2012-03-02 19:35:00,0.98874,0.98876,0.98872,0.98872,3
2012-03-02 19:36:00,0.98874,0.98876,0.98874,0.98876,2
2012-03-02 19:37:00,0.9887,0.98876,0.98868,0.98876,15
2012-03-02 19:38:00,0.9886,0.98868,0.9886,0.98868,4
2012-03-02 19:39:00,0.98858,0.9886,0.9884,0.98856,18
2012-03-02 19:40:00,0.98858,0.9886,0.98844,0.98854,12
2012-03-02 19:41:00,0.98858,0.98858,0.98852,0.98854,8
2012-03-02 19:42:00,0.98854,0.98854,0.98854,0.98854,1
2012-03-02 19:43:00,0.98846,0.98852,0.98846,0.98852,3
2012-03-02 19:44:00,0.98844,0.98844,0.9884,0.98844,3
2012-03-02 19:45:00,0.98844,0.98844,0.98838,0.9884,6
2012-03-02 19:46:00,0.98844,0.98844,0.9884,0.9884,6
2012-03-02 19:47:00,0.9884,0.9884,0.9884,0.9884,1
2012-03-02 19:49:00,0.98844,0.98844,0.98844,0.98844,1
2012-03-02 19:50:00,0.98862,0.98862,0.98846,0.98846,9
2012-03-02 19:51:00,0.98858,0.98862,0.98854,0.9886,14
2012-03-02 19:52:00,0.98846,0.98854,0.98846,0.98854,10
2012-03-02 19:53:00,0.98846,0.98852,0.98838,0.98848,14
2012-03-02 19:54:00,0.98846,0.98852,0.98844,0.98844,10
2012-03-02 19:55:00,0.98846,0.98846,0.98844,0.98844,6
2012-03-02 19:56:00,0.98852,0.98854,0.98846,0.98848,10
2012-03-02 19:57:00,0.98832,0.98854,0.98832,0.98854,9
2012-03-02 19:58:00,0.98838,0.98844,0.9883,0.9883,10
2012-03-02 19:59:00,0.98814,0.98834,0.98806,0.98834,22
2012-03-02 20:00:00,0.98812,0.98818,0.98806,0.98812,41
2012-03-02 20:01:00,0.98808,0.9881,0.98798,0.9881,9
2012-03-02 20:02:00,0.9882,0.98824,0.98812,0.98812,6
2012-03-02 20:03:00,0.98806,0.98818,0.98806,0.98818,15
2012-03-02 20:04:00,0.98828,0.98828,0.98808,0.98808,18
2012-03-02 20:05:00,0.9884,0.98846,0.98818,0.98826,24
2012-03-02 20:06:00,0.9885,0.98854,0.98844,0.98844,7
2012-03-02 20:07:00,0.98854,0.98864,0.9885,0.98852,18
2012-03-02 20:08:00,0.98854,0.98858,0.98846,0.98858,8
2012-03-02 20:09:00,0.98846,0.98858,0.98846,0.98852,11
2012-03-02 20:10:00,0.98866,0.98872,0.98848,0.98848,17
2012-03-02 20:11:00,0.98864,0.98872,0.98864,0.98868,7
2012-03-02 20:12:00,0.9886,0.98862,0.98858,0.9886,7
2012-03-02 20:13:00,0.98868,0.98872,0.98858,0.98862,13
2012-03-02 20:14:00,0.98874,0.98874,0.98872,0.98872,2
2012-03-02 20:16:00,0.98878,0.98882,0.98866,0.98872,13
2012-03-02 20:17:00,0.98866,0.98874,0.98864,0.98874,10
2012-03-02 20:18:00,0.98868,0.98868,0.98868,0.98868,1
2012-03-02 20:19:00,0.98874,0.98874,0.98872,0.98872,2
2012-03-02 20:20:00,0.98874,0.98874,0.98868,0.98872,4
2012-03-02 20:21:00,0.98878,0.98878,0.98878,0.98878,1
2012-03-02 20:22:00,0.98886,0.98892,0.98878,0.9888,11
2012-03-02 20:23:00,0.98874,0.98892,0.98874,0.98888,18
2012-03-02 20:24:00,0.98874,0.98882,0.98874,0.98878,6
2012-03-02 20:26:00,0.98854,0.98872,0.98854,0.98872,7
2012-03-02 20:27:00,0.9886,0.98866,0.98858,0.98858,16
2012-03-02 20:28:00,0.9886,0.98866,0.98858,0.98862,14
2012-03-02 20:29:00,0.9886,0.98866,0.98858,0.98858,6
2012-03-02 20:30:00,0.98826,0.98858,0.98824,0.98858,16
2012-03-02 20:31:00,0.9884,0.98844,0.98828,0.98828,11
2012-03-02 20:32:00,0.98838,0.98838,0.98838,0.98838,1
2012-03-02 20:33:00,0.9883,0.98834,0.9883,0.98834,9
2012-03-02 20:34:00,0.98826,0.98826,0.98826,0.98826,1
2012-03-02 20:35:00,0.98834,0.98834,0.9882,0.98824,13
2012-03-02 20:36:00,0.98828,0.98832,0.98826,0.98832,6
2012-03-02 20:37:00,0.98834,0.98834,0.98826,0.98826,12
2012-03-02 20:38:00,0.98844,0.98846,0.98838,0.98838,9
2012-03-02 20:39:00,0.98854,0.98862,0.98838,0.98846,28
2012-03-02 20:40:00,0.98866,0.98868,0.98852,0.98858,12
2012-03-02 20:41:00,0.98872,0.98872,0.98866,0.98868,8
2012-03-02 20:42:00,0.98858,0.98874,0.98854,0.98874,25
2012-03-02 20:43:00,0.9886,0.98862,0.9885,0.9886,19
2012-03-02 20:44:00,0.98852,0.98856,0.98848,0.98856,6
2012-03-02 20:45:00,0.98844,0.98862,0.98836,0.98856,12
2012-03-02 20:46:00,0.9884,0.98844,0.9884,0.9884,3
2012-03-02 20:47:00,0.98844,0.98844,0.98836,0.98836,3
2012-03-02 20:48:00,0.98852,0.98852,0.98848,0.98848,4
2012-03-02 20:49:00,0.98852,0.98852,0.98844,0.98848,4
2012-03-02 20:50:00,0.98844,0.98848,0.98844,0.98848,2
2012-03-02 20:51:00,0.98848,0.98852,0.9884,0.9884,5
2012-03-02 20:52:00,0.98848,0.98852,0.98848,0.98852,2
2012-03-02 20:53:00,0.9884,0.98844,0.98836,0.98844,4
2012-03-02 20:54:00,0.98878,0.98891,0.98844,0.98844,15
2012-03-02 20:56:00,0.98882,0.98895,0.98882,0.98882,9
2012-03-02 20:58:00,0.98878,0.98878,0.98874,0.98878,3
2012-03-02 20:59:00,0.98853,0.98874,0.98853,0.98874,8
2012-03-02 21:00:00,0.98848,0.98861,0.98844,0.98857,13
2012-03-02 21:01:00,0.98848,0.98852,0.98844,0.98852,10
2012-03-02 21:02:00,0.98852,0.98852,0.98848,0.98852,5
2012-03-02 21:03:00,0.98852,0.98856,0.98852,0.98856,2
2012-03-02 21:04:00,0.98865,0.98865,0.98856,0.98856,3
2012-03-02 21:05:00,0.98882,0.98882,0.98869,0.98869,4
2012-03-02 21:06:00,0.98882,0.98882,0.98878,0.98878,2
2012-03-02 21:07:00,0.98882,0.98891,0.98878,0.98878,6
2012-03-02 21:08:00,0.98882,0.98882,0.9887,0.98878,8
2012-03-02 21:09:00,0.98882,0.98886,0.98882,0.98886,2
2012-03-02 21:10:00,0.98878,0.98891,0.98878,0.98886,5
2012-03-02 21:11:00,0.98874,0.98874,0.98874,0.98874,1
2012-03-02 21:13:00,0.98878,0.98878,0.98878,0.98878,1
2012-03-02 21:14:00,0.98912,0.98912,0.98882,0.98882,10
2012-03-02 21:15:00,0.98908,0.98908,0.98908,0.98908,1
2012-03-02 21:16:00,0.98912,0.98912,0.98904,0.98904,5
2012-03-02 21:17:00,0.98904,0.98908,0.98904,0.98908,2
2012-03-02 21:18:00,0.98929,0.98929,0.98908,0.98908,6
2012-03-02 21:19:00,0.98925,0.98933,0.98925,0.98933,5
2012-03-02 21:20:00,0.98925,0.98925,0.98921,0.98921,2
2012-03-02 21:21:00,0.9895,0.9895,0.98929,0.98929,6
2012-03-02 21:23:00,0.98959,0.98976,0.98954,0.98954,10
2012-03-02 21:24:00,0.98955,0.98955,0.98951,0.98955,3
2012-03-02 21:25:00,0.98958,0.98967,0.98958,0.98959,7
2012-03-02 21:28:00,0.98949,0.98953,0.98949,0.98953,2
2012-03-02 21:30:00,0.98932,0.98957,0.98932,0.98953,14
2012-03-02 21:31:00,0.98923,0.98928,0.9889,0.98928,24
2012-03-02 21:32:00,0.98932,0.98932,0.98911,0.98919,10
2012-03-02 21:33:00,0.98932,0.98932,0.98911,0.98928,10
2012-03-02 21:34:00,0.98903,0.98934,0.98899,0.98928,25
2012-03-02 21:35:00,0.98903,0.98908,0.98882,0.98899,22
2012-03-02 21:36:00,0.98891,0.98916,0.98891,0.98908,11
2012-03-02 21:38:00,0.98887,0.98887,0.98887,0.98887,1
2012-03-02 21:41:00,0.98887,0.98891,0.98887,0.98891,4
2012-03-02 21:42:00,0.98868,0.98882,0.9886,0.98882,7
2012-03-02 21:43:00,0.9886,0.98864,0.9886,0.98864,2
2012-03-02 21:44:00,0.98855,0.98855,0.98855,0.98855,1
2012-03-02 21:45:00,0.98877,0.98881,0.98859,0.98859,7
2012-03-02 21:46:00,0.98902,0.98902,0.98883,0.98883,7
2012-03-02 21:47:00,0.98931,0.98939,0.9889,0.98898,22
2012-03-02 21:48:00,0.98926,0.98943,0.98926,0.98935,9
2012-03-02 21:49:00,0.98932,0.98936,0.98922,0.98922,5
2012-03-02 21:50:00,0.98911,0.98928,0.98911,0.98928,7
2012-03-02 21:51:00,0.98929,0.98932,0.98877,0.98907,26
2012-03-02 21:52:00,0.98901,0.98923,0.98901,0.98923,4
2012-03-02 21:53:00,0.98898,0.9891,0.98893,0.98906,9
2012-03-02 21:55:00,0.98877,0.98903,0.98877,0.98903,7
2012-03-02 21:56:00,0.98883,0.98883,0.98883,0.98883,1
2012-03-02 21:57:00,0.98888,0.98892,0.98888,0.98888,3
2012-03-02 21:58:00,0.9893,0.9895,0.989,0.989,16
2012-03-02 21:59:00,0.98926,0.98962,0.98917,0.98935,33
2012-03-03 00:03:00,0.98926,0.98926,0.98926,0.98926,1
2012-03-04 17:59:00,0.98922,0.98922,0.98922,0.98922,1
2012-03-04 18:01:00,0.98907,0.98907,0.98907,0.98907,1
2012-03-04 18:02:00,0.98898,0.98898,0.98898,0.98898,1
2012-03-04 18:04:00,0.9891,0.9891,0.98905,0.98905,2
2012-03-04 18:35:00,0.98905,0.98906,0.98892,0.98906,5
2012-03-04 18:56:00,0.98905,0.98905,0.98905,0.98905,1
2012-03-04 19:35:00,0.98884,0.989,0.98884,0.989,4
2012-03-04 20:16:00,0.989,0.989,0.98889,0.98889,3
2012-03-04 20:57:00,0.9892,0.9892,0.98909,0.98909,3
2012-03-04 21:07:00,0.9892,0.9892,0.9892,0.9892,1
2012-03-04 21:08:00,0.98904,0.98911,0.98904,0.98911,2
2012-03-04 21:09:00,0.98916,0.98916,0.9891,0.9891,2
2012-03-04 21:22:00,0.9892,0.9892,0.9892,0.9892,1
2012-03-04 21:24:00,0.98945,0.98945,0.98924,0.98924,4
2012-03-04 21:26:00,0.98925,0.98941,0.9892,0.98941,13
2012-03-04 21:32:00,0.98929,0.98929,0.98929,0.98929,1
2012-03-04 21:33:00,0.98933,0.98933,0.98933,0.98933,1
2012-03-04 21:39:00,0.98942,0.98942,0.98937,0.98937,2
2012-03-04 22:05:00,0.98957,0.98957,0.98948,0.98948,3
2012-03-04 22:06:00,0.98961,0.98961,0.98961,0.98961,1
2012-03-04 22:08:00,0.9896,0.9896,0.9896,0.9896,1
2012-03-04 22:21:00,0.98948,0.98958,0.9893,0.98958,15
2012-03-04 22:31:00,0.9895,0.98956,0.9895,0.9895,5
2012-03-04 22:37:00,0.9896,0.9896,0.98954,0.98954,3
2012-03-04 22:38:00,0.98956,0.98962,0.98948,0.98956,13
2012-03-04 22:39:00,0.98962,0.98962,0.9896,0.9896,2
2012-03-04 22:40:00,0.9896,0.9896,0.9896,0.9896,1
2012-03-04 22:42:00,0.98978,0.98978,0.98962,0.98962,6
2012-03-04 22:43:00,0.98972,0.98994,0.98972,0.98982,16
2012-03-04 22:44:00,0.9897,0.9897,0.9897,0.9897,1
2012-03-04 22:46:00,0.98972,0.98972,0.98972,0.98972,1
2012-03-04 22:47:00,0.98972,0.98976,0.9897,0.98976,4
2012-03-04 22:48:00,0.98976,0.98976,0.98976,0.98976,1
2012-03-04 22:49:00,0.98972,0.98978,0.98972,0.98978,5
2012-03-04 22:50:00,0.98976,0.98976,0.98972,0.98976,3
2012-03-04 22:51:00,0.98988,0.98988,0.98978,0.98978,4
2012-03-04 22:54:00,0.99032,0.99032,0.98992,0.98992,19
2012-03-04 22:55:00,0.99014,0.9908,0.99014,0.99034,44
2012-03-04 22:56:00,0.99044,0.99044,0.99014,0.99016,24
2012-03-04 22:57:00,0.99054,0.99068,0.99046,0.99046,21
2012-03-04 22:58:00,0.99044,0.99068,0.99042,0.99052,19
2012-03-04 22:59:00,0.99054,0.99064,0.99042,0.99046,49
2012-03-04 23:00:00,0.98986,0.99056,0.98986,0.99056,34
2012-03-04 23:01:00,0.98974,0.98982,0.9897,0.98982,12
2012-03-04 23:02:00,0.98966,0.9897,0.98952,0.9897,17
2012-03-04 23:03:00,0.98959,0.98968,0.98959,0.98968,8
2012-03-04 23:04:00,0.98952,0.98957,0.98952,0.98957,3
2012-03-04 23:05:00,0.98953,0.98958,0.9894,0.98954,17
2012-03-04 23:06:00,0.98945,0.9896,0.98945,0.98955,20
2012-03-04 23:07:00,0.98947,0.98949,0.9894,0.98942,8
2012-03-04 23:08:00,0.9894,0.98945,0.9894,0.98945,3
2012-03-04 23:09:00,0.98935,0.98937,0.98935,0.98937,4
2012-03-04 23:10:00,0.98937,0.98937,0.98937,0.98937,1
2012-03-04 23:11:00,0.98893,0.98935,0.98889,0.98935,36
2012-03-04 23:12:00,0.989,0.98902,0.98895,0.98895,9
2012-03-04 23:13:00,0.98898,0.98909,0.98898,0.98902,9
2012-03-04 23:14:00,0.98891,0.98896,0.98891,0.98896,3
2012-03-04 23:15:00,0.98891,0.98895,0.98891,0.98893,8
2012-03-04 23:16:00,0.98897,0.98899,0.98893,0.98893,7
2012-03-04 23:17:00,0.98902,0.98902,0.98893,0.98895,14
2012-03-04 23:18:00,0.98898,0.989,0.98896,0.989,4
2012-03-04 23:19:00,0.98902,0.98902,0.989,0.989,2
2012-03-04 23:20:00,0.98913,0.98921,0.98904,0.98904,18
2012-03-04 23:21:00,0.9891,0.98917,0.98908,0.98915,7
2012-03-04 23:23:00,0.9891,0.9891,0.98906,0.98908,4
2012-03-04 23:24:00,0.98901,0.98908,0.98901,0.98908,4
2012-03-04 23:25:00,0.98912,0.98914,0.98903,0.98903,7
2012-03-04 23:26:00,0.9891,0.98912,0.98906,0.9891,7
2012-03-04 23:27:00,0.98903,0.98908,0.98903,0.98908,3
2012-03-04 23:29:00,0.98902,0.98904,0.98886,0.98901,18
2012-03-04 23:30:00,0.98904,0.98904,0.98896,0.989,9
2012-03-04 23:31:00,0.98905,0.98909,0.98905,0.98907,4
2012-03-04 23:33:00,0.98905,0.98905,0.98901,0.98903,4
2012-03-04 23:34:00,0.98901,0.98903,0.98901,0.98903,2
2012-03-04 23:35:00,0.98886,0.98903,0.98884,0.98903,10
2012-03-04 23:36:00,0.98881,0.98884,0.98881,0.98884,2
2012-03-04 23:37:00,0.98876,0.98879,0.98876,0.98879,2
2012-03-04 23:38:00,0.98867,0.98885,0.98867,0.98878,12
2012-03-04 23:39:00,0.98859,0.98864,0.98859,0.98864,3
2012-03-04 23:40:00,0.98865,0.98865,0.98861,0.98861,3
2012-03-04 23:41:00,0.98859,0.98863,0.98859,0.98863,3
2012-03-04 23:42:00,0.98868,0.98868,0.98861,0.98861,4
2012-03-04 23:43:00,0.98868,0.98868,0.98864,0.98866,14
2012-03-04 23:44:00,0.98868,0.98868,0.98864,0.98866,4
2012-03-04 23:45:00,0.98875,0.98877,0.9887,0.9887,10
2012-03-04 23:47:00,0.98884,0.98884,0.98878,0.98878,3
2012-03-04 23:48:00,0.98889,0.98889,0.98886,0.98886,2
2012-03-04 23:49:00,0.98895,0.98895,0.9889,0.98892,6
2012-03-04 23:50:00,0.98898,0.98906,0.98898,0.98898,9
2012-03-04 23:51:00,0.98915,0.98918,0.98901,0.98901,8
2012-03-04 23:52:00,0.98901,0.98912,0.98901,0.98912,7
2012-03-04 23:53:00,0.98901,0.98903,0.98898,0.98903,6
2012-03-04 23:54:00,0.98895,0.98898,0.98884,0.98898,10
2012-03-04 23:55:00,0.98908,0.98908,0.98894,0.98898,11
2012-03-04 23:56:00,0.98928,0.9893,0.98911,0.98911,15
2012-03-04 23:57:00,0.98951,0.98956,0.9893,0.9893,18
2012-03-04 23:58:00,0.98953,0.98953,0.98951,0.98953,3
2012-03-04 23:59:00,0.98962,0.98964,0.98956,0.98956,5
2012-03-05 00:00:00,0.98951,0.98964,0.98951,0.98964,10
2012-03-05 00:01:00,0.98942,0.9895,0.98934,0.98948,11
2012-03-05 00:02:00,0.98942,0.98942,0.98939,0.98939,2
2012-03-05 00:03:00,0.98939,0.98939,0.98939,0.98939,1
2012-03-05 00:04:00,0.98928,0.98936,0.98928,0.98936,4
2012-03-05 00:05:00,0.98939,0.98942,0.9893,0.9893,12
2012-03-05 00:06:00,0.98934,0.98945,0.98934,0.98942,6
2012-03-05 00:07:00,0.98948,0.98953,0.98936,0.98936,11
2012-03-05 00:08:00,0.98951,0.98953,0.98948,0.9895,9
2012-03-05 00:09:00,0.98959,0.98962,0.98948,0.98948,9
2012-03-05 00:10:00,0.98948,0.98962,0.98948,0.98962,12
2012-03-05 00:11:00,0.98962,0.98962,0.9895,0.9895,5
2012-03-05 00:12:00,0.98959,0.98962,0.98959,0.98959,3
2012-03-05 00:13:00,0.9897,0.9897,0.98962,0.98962,6
2012-03-05 00:14:00,0.98973,0.98976,0.9897,0.98973,5
2012-03-05 00:15:00,0.98967,0.9897,0.98965,0.9897,6
2012-03-05 00:16:00,0.98976,0.98976,0.9897,0.9897,3
2012-03-05 00:17:00,0.98979,0.98979,0.98973,0.98973,3
2012-03-05 00:21:00,0.98979,0.98987,0.98979,0.98981,10
2012-03-05 00:22:00,0.98964,0.98976,0.98962,0.98976,11
2012-03-05 00:23:00,0.98967,0.98967,0.98967,0.98967,1
2012-03-05 00:24:00,0.98945,0.98967,0.98942,0.98965,16
2012-03-05 00:25:00,0.98939,0.9895,0.98936,0.98947,10
2012-03-05 00:26:00,0.98942,0.98942,0.98942,0.98942,1
2012-03-05 00:27:00,0.98953,0.98956,0.98945,0.98945,8
2012-03-05 00:28:00,0.98956,0.98956,0.98948,0.98951,7
2012-03-05 00:29:00,0.98959,0.98959,0.98959,0.98959,1
2012-03-05 00:32:00,0.9897,0.9897,0.98962,0.98962,4
2012-03-05 00:33:00,0.98968,0.98968,0.98968,0.98968,1
2012-03-05 00:34:00,0.98965,0.98965,0.98965,0.98965,1
2012-03-05 00:35:00,0.9897,0.9897,0.98967,0.98967,2
2012-03-05 00:38:00,0.98987,0.98987,0.98973,0.98973,6
2012-03-05 00:39:00,0.98976,0.98985,0.98976,0.98985,4
2012-03-05 00:41:00,0.98968,0.98979,0.98968,0.98979,5
2012-03-05 00:42:00,0.98962,0.98965,0.98962,0.98965,8
2012-03-05 00:43:00,0.98936,0.98959,0.98936,0.98959,11
2012-03-05 00:44:00,0.98936,0.98945,0.98931,0.98934,10
2012-03-05 00:45:00,0.98934,0.98934,0.98934,0.98934,1
2012-03-05 00:46:00,0.98936,0.98936,0.98931,0.98931,3
2012-03-05 00:48:00,0.98939,0.98947,0.98936,0.98939,17
2012-03-05 00:49:00,0.9895,0.98951,0.98942,0.98942,8
2012-03-05 00:50:00,0.98967,0.98967,0.98953,0.98953,8
2012-03-05 00:51:00,0.98965,0.98976,0.98965,0.9897,13
2012-03-05 00:52:00,0.98979,0.98979,0.98967,0.98967,7
2012-03-05 00:55:00,0.98988,0.9899,0.98981,0.98981,5
2012-03-05 00:56:00,0.98988,0.9899,0.98988,0.9899,2
2012-03-05 00:57:00,0.98976,0.98987,0.98976,0.98985,8
2012-03-05 00:59:00,0.98973,0.98973,0.98962,0.98973,15
2012-03-05 01:00:00,0.98925,0.9897,0.98925,0.9897,23
2012-03-05 01:01:00,0.98925,0.98928,0.98922,0.98922,4
2012-03-05 01:02:00,0.98928,0.98928,0.98922,0.98922,3
2012-03-05 01:03:00,0.98919,0.98925,0.98919,0.98925,3
2012-03-05 01:04:00,0.98922,0.98922,0.98917,0.98917,3
2012-03-05 01:05:00,0.98933,0.98933,0.98925,0.98925,4
2012-03-05 01:07:00,0.98928,0.98939,0.98928,0.98936,6
2012-03-05 01:09:00,0.98933,0.98933,0.98928,0.9893,6
2012-03-05 01:10:00,0.98936,0.98942,0.98936,0.98936,5
2012-03-05 01:11:00,0.98934,0.98934,0.98934,0.98934,1
2012-03-05 01:12:00,0.98928,0.98933,0.98928,0.98931,6
2012-03-05 01:13:00,0.98922,0.98925,0.98922,0.98925,2
2012-03-05 01:14:00,0.989,0.98919,0.989,0.98919,8
2012-03-05 01:15:00,0.98925,0.98925,0.98902,0.98902,9
2012-03-05 01:16:00,0.98933,0.98933,0.98925,0.98928,5
2012-03-05 01:17:00,0.98936,0.98936,0.98934,0.98936,3
2012-03-05 01:18:00,0.98928,0.98934,0.98928,0.98934,3
2012-03-05 01:19:00,0.98939,0.98939,0.9893,0.9893,4
2012-03-05 01:20:00,0.98959,0.98959,0.98942,0.98942,7
2012-03-05 01:21:00,0.98959,0.98967,0.98959,0.98962,8
2012-03-05 01:22:00,0.98956,0.98956,0.98956,0.98956,1
2012-03-05 01:23:00,0.98947,0.98953,0.98945,0.98953,5
2012-03-05 01:24:00,0.9895,0.9895,0.98945,0.98945,5
2012-03-05 01:25:00,0.98945,0.98948,0.98945,0.98948,2
2012-03-05 01:26:00,0.98953,0.98953,0.98947,0.98947,3
2012-03-05 01:27:00,0.9897,0.9897,0.98956,0.98956,6
2012-03-05 01:28:00,0.98959,0.98968,0.98959,0.98968,12
2012-03-05 01:29:00,0.98967,0.98973,0.98959,0.98962,21
2012-03-05 01:30:00,0.98965,0.9897,0.98965,0.9897,3
2012-03-05 01:31:00,0.98962,0.98962,0.98962,0.98962,1
2012-03-05 01:32:00,0.98959,0.98959,0.98959,0.98959,1
2012-03-05 01:33:00,0.98967,0.98967,0.98962,0.98962,3
2012-03-05 01:34:00,0.98956,0.98965,0.98956,0.98965,10
2012-03-05 01:35:00,0.98942,0.98953,0.98942,0.98953,7
2012-03-05 01:38:00,0.98936,0.98939,0.98934,0.98939,4
2012-03-05 01:39:00,0.98939,0.98939,0.98939,0.98939,1
2012-03-05 01:40:00,0.98951,0.98953,0.98931,0.98936,12
2012-03-05 01:41:00,0.9895,0.9895,0.98945,0.98948,4
2012-03-05 01:42:00,0.98925,0.98948,0.98925,0.98948,11
2012-03-05 01:44:00,0.98939,0.98939,0.98928,0.98928,5
2012-03-05 01:48:00,0.98936,0.98936,0.98936,0.98936,1
2012-03-05 01:49:00,0.98942,0.98942,0.98939,0.98939,2
2012-03-05 01:50:00,0.98936,0.98939,0.98934,0.98939,4
2012-03-05 01:51:00,0.98953,0.98953,0.98939,0.98939,6
2012-03-05 01:52:00,0.98947,0.98951,0.98945,0.98951,4
2012-03-05 01:53:00,0.98945,0.98956,0.98945,0.9895,9
2012-03-05 01:54:00,0.98945,0.98947,0.98945,0.98947,2
2012-03-05 01:55:00,0.98939,0.98942,0.98939,0.98942,2
2012-03-05 01:56:00,0.98928,0.98942,0.98928,0.98942,6
2012-03-05 01:57:00,0.98922,0.98925,0.98922,0.98925,2
2012-03-05 01:59:00,0.98911,0.98919,0.98911,0.98919,4
2012-03-05 02:00:00,0.98917,0.98919,0.98913,0.98913,4
2012-03-05 02:01:00,0.9893,0.98933,0.98919,0.98919,15
2012-03-05 02:02:00,0.98939,0.98947,0.98931,0.98933,10
2012-03-05 02:03:00,0.98939,0.98942,0.98939,0.98942,2
2012-03-05 02:05:00,0.98934,0.98936,0.98934,0.98936,2
2012-03-05 02:06:00,0.98942,0.98942,0.98922,0.98931,15
2012-03-05 02:07:00,0.98959,0.98959,0.98945,0.98945,8
2012-03-05 02:08:00,0.98953,0.98956,0.98953,0.98956,2
2012-03-05 02:10:00,0.98962,0.98962,0.98953,0.98956,5
2012-03-05 02:11:00,0.98962,0.98964,0.98962,0.98964,4
2012-03-05 02:13:00,0.98981,0.98981,0.98964,0.98964,7
2012-03-05 02:15:00,0.9899,0.9899,0.98976,0.98979,7
2012-03-05 02:16:00,0.98973,0.98988,0.98973,0.98988,8
2012-03-05 02:17:00,0.98973,0.98979,0.9897,0.9897,8
2012-03-05 02:18:00,0.9897,0.9897,0.98968,0.9897,3
2012-03-05 02:20:00,0.98968,0.98968,0.98968,0.98968,1
2012-03-05 02:21:00,0.98962,0.98965,0.98956,0.98965,12
2012-03-05 02:22:00,0.9897,0.9897,0.98964,0.98964,3
2012-03-05 02:23:00,0.9897,0.98979,0.9897,0.98973,6
2012-03-05 02:26:00,0.98965,0.98968,0.98965,0.98968,2
2012-03-05 02:28:00,0.98967,0.98967,0.98967,0.98967,1
2012-03-05 02:29:00,0.9897,0.9897,0.9897,0.9897,1
2012-03-05 02:30:00,0.98945,0.98968,0.98945,0.98968,15
2012-03-05 02:31:00,0.98931,0.98942,0.98931,0.98942,5
2012-03-05 02:32:00,0.98931,0.98936,0.98931,0.98933,12
2012-03-05 02:34:00,0.98933,0.98933,0.98928,0.98933,5
2012-03-05 02:35:00,0.98942,0.98945,0.98931,0.98931,7
2012-03-05 02:37:00,0.98936,0.98939,0.98936,0.98939,2
2012-03-05 02:38:00,0.9895,0.9895,0.98939,0.98939,9
2012-03-05 02:39:00,0.98948,0.98948,0.98948,0.98948,1
2012-03-05 02:40:00,0.98973,0.98973,0.9895,0.9895,9
2012-03-05 02:41:00,0.98979,0.98979,0.98976,0.98976,2
2012-03-05 02:42:00,0.98981,0.98981,0.98981,0.98981,1
2012-03-05 02:43:00,0.98988,0.98993,0.98984,0.98984,6
2012-03-05 02:44:00,0.9899,0.99001,0.9899,0.9899,13
2012-03-05 02:45:00,0.98979,0.98988,0.98979,0.98988,10
2012-03-05 02:46:00,0.98985,0.9899,0.98968,0.98976,20
2012-03-05 02:47:00,0.99002,0.99004,0.98987,0.98987,10
2012-03-05 02:48:00,0.9899,0.99007,0.9899,0.99004,12
2012-03-05 02:49:00,0.98993,0.98993,0.98993,0.98993,1
2012-03-05 02:50:00,0.98996,0.98998,0.98996,0.98996,7
2012-03-05 02:51:00,0.9901,0.9901,0.98996,0.98998,7
2012-03-05 02:52:00,0.99024,0.99024,0.99013,0.99013,5
2012-03-05 02:53:00,0.99021,0.99041,0.99019,0.99027,17
2012-03-05 02:54:00,0.99013,0.99019,0.99013,0.99019,3
2012-03-05 02:55:00,0.99018,0.99018,0.99002,0.9901,10
2012-03-05 02:56:00,0.99018,0.99018,0.99016,0.99016,2
2012-03-05 02:57:00,0.99016,0.99016,0.99016,0.99016,1
2012-03-05 02:59:00,0.99015,0.99015,0.9901,0.99013,4
2012-03-05 03:00:00,0.99022,0.99027,0.99018,0.99018,6
2012-03-05 03:01:00,0.99044,0.99044,0.99024,0.99024,8
2012-03-05 03:02:00,0.99035,0.99041,0.99027,0.99041,11
2012-03-05 03:03:00,0.99041,0.99047,0.99038,0.99038,8
2012-03-05 03:04:00,0.9903,0.99039,0.9903,0.99039,4
2012-03-05 03:05:00,0.99035,0.99038,0.99032,0.99032,6
2012-03-05 03:06:00,0.99035,0.99035,0.99033,0.99033,2
2012-03-05 03:07:00,0.99027,0.99033,0.99027,0.99033,3
2012-03-05 03:08:00,0.99023,0.99038,0.99023,0.99024,21
2012-03-05 03:12:00,0.99023,0.99023,0.9902,0.9902,2
2012-03-05 03:13:00,0.99014,0.9902,0.99003,0.9902,11
2012-03-05 03:14:00,0.99006,0.99017,0.99006,0.99012,9
2012-03-05 03:15:00,0.99006,0.99008,0.99006,0.99008,6
2012-03-05 03:16:00,0.99006,0.99008,0.99006,0.99008,2
2012-03-05 03:17:00,0.99003,0.99003,0.99003,0.99003,1
2012-03-05 03:18:00,0.99003,0.99006,0.99003,0.99006,4
2012-03-05 03:19:00,0.99008,0.99008,0.99006,0.99006,2
2012-03-05 03:20:00,0.99003,0.99006,0.99003,0.99006,2
2012-03-05 03:22:00,0.99006,0.99006,0.99006,0.99006,1
2012-03-05 03:24:00,0.99009,0.99011,0.99008,0.99008,3
2012-03-05 03:26:00,0.99011,0.99011,0.99011,0.99011,1
2012-03-05 03:27:00,0.99012,0.99014,0.99012,0.99014,2
2012-03-05 03:28:00,0.99009,0.99009,0.99009,0.99009,1
2012-03-05 03:29:00,0.99009,0.99017,0.99009,0.99011,6
2012-03-05 03:30:00,0.99014,0.99014,0.99011,0.99011,2
2012-03-05 03:31:00,0.99017,0.9902,0.99017,0.99017,3
2012-03-05 03:32:00,0.9902,0.9902,0.9902,0.9902,1
2012-03-05 03:36:00,0.99031,0.99034,0.99023,0.99023,6
2012-03-05 03:37:00,0.99029,0.99029,0.99029,0.99029,1
2012-03-05 03:38:00,0.99034,0.99037,0.99026,0.99026,6
2012-03-05 03:39:00,0.99034,0.99037,0.99026,0.99037,8
2012-03-05 03:40:00,0.99029,0.99037,0.99029,0.99037,4
2012-03-05 03:41:00,0.99031,0.99034,0.99031,0.99031,3
2012-03-05 03:42:00,0.99031,0.99034,0.99031,0.99034,2
2012-03-05 03:43:00,0.99031,0.99034,0.99031,0.99034,2
2012-03-05 03:44:00,0.9904,0.9904,0.99034,0.99034,3
2012-03-05 03:46:00,0.99026,0.99037,0.99026,0.99037,5
2012-03-05 03:47:00,0.99028,0.99028,0.99028,0.99028,1
2012-03-05 03:48:00,0.99034,0.99034,0.99031,0.99031,2
2012-03-05 03:49:00,0.9904,0.9904,0.99037,0.99037,2
2012-03-05 03:50:00,0.99029,0.99037,0.99029,0.99037,4
2012-03-05 03:52:00,0.99028,0.99037,0.99026,0.99031,8
2012-03-05 03:53:00,0.99026,0.99028,0.99026,0.99026,3
2012-03-05 03:54:00,0.9902,0.99025,0.9902,0.99023,6
2012-03-05 03:56:00,0.99017,0.99017,0.99017,0.99017,1
2012-03-05 03:57:00,0.99017,0.99017,0.99012,0.99014,6
2012-03-05 03:58:00,0.99009,0.99014,0.99009,0.99014,3
2012-03-05 03:59:00,0.9902,0.9902,0.99011,0.99011,4
2012-03-05 04:00:00,0.9901,0.99037,0.99005,0.99023,30
2012-03-05 04:01:00,0.9901,0.99024,0.99007,0.99013,16
2012-03-05 04:02:00,0.99005,0.99007,0.99005,0.99007,2
2012-03-05 04:03:00,0.99002,0.99002,0.99002,0.99002,1
2012-03-05 04:06:00,0.98993,0.98999,0.98993,0.98999,3
2012-03-05 04:08:00,0.98999,0.99001,0.98988,0.9899,20
2012-03-05 04:09:00,0.99019,0.99021,0.98999,0.99001,11
2012-03-05 04:10:00,0.9903,0.9903,0.99019,0.99021,8
2012-03-05 04:11:00,0.99033,0.99035,0.99032,0.99032,5
2012-03-05 04:12:00,0.99036,0.99052,0.99035,0.99035,17
2012-03-05 04:13:00,0.99038,0.99038,0.99038,0.99038,1
2012-03-05 04:16:00,0.99027,0.99036,0.99027,0.99036,4
2012-03-05 04:17:00,0.9903,0.9903,0.99019,0.99024,7
2012-03-05 04:20:00,0.9903,0.99032,0.9903,0.99032,2
2012-03-05 04:21:00,0.99038,0.99038,0.99032,0.99032,3
2012-03-05 04:22:00,0.99024,0.99036,0.99024,0.99036,5
2012-03-05 04:24:00,0.9903,0.9903,0.99027,0.99027,2
2012-03-05 04:27:00,0.99019,0.99038,0.99016,0.99032,14
2012-03-05 04:28:00,0.98996,0.99016,0.98996,0.99016,12
2012-03-05 04:29:00,0.98998,0.98998,0.9899,0.98993,5
2012-03-05 04:31:00,0.98993,0.98996,0.98993,0.98996,2
2012-03-05 04:32:00,0.98993,0.98998,0.98993,0.98996,6
2012-03-05 04:33:00,0.98993,0.98998,0.98993,0.98996,8
2012-03-05 04:34:00,0.9899,0.98993,0.9899,0.9899,3
2012-03-05 04:35:00,0.98988,0.98988,0.98988,0.98988,1
2012-03-05 04:36:00,0.98993,0.98993,0.9899,0.9899,2
2012-03-05 04:37:00,0.98993,0.98993,0.98982,0.9899,12
2012-03-05 04:38:00,0.98985,0.9899,0.98985,0.9899,3
2012-03-05 04:39:00,0.98985,0.98993,0.98985,0.98987,6
2012-03-05 04:40:00,0.9899,0.98993,0.98987,0.98987,4
2012-03-05 04:41:00,0.98988,0.98993,0.98988,0.98993,3
2012-03-05 04:42:00,0.98993,0.98993,0.9899,0.9899,2
2012-03-05 04:43:00,0.99004,0.99004,0.98996,0.98996,4
2012-03-05 04:44:00,0.98999,0.99002,0.98999,0.99002,2
2012-03-05 04:45:00,0.98996,0.98996,0.98996,0.98996,1
2012-03-05 04:47:00,0.98976,0.98993,0.98976,0.98993,7
2012-03-05 04:48:00,0.98973,0.98973,0.98973,0.98973,1
2012-03-05 04:50:00,0.98973,0.98976,0.98973,0.98976,2
2012-03-05 04:51:00,0.98981,0.98981,0.98976,0.98976,3
2012-03-05 04:52:00,0.98982,0.98984,0.98982,0.98984,2
2012-03-05 04:53:00,0.98985,0.98987,0.98984,0.98984,3
2012-03-05 04:54:00,0.98996,0.98996,0.98982,0.98982,10
2012-03-05 04:55:00,0.9899,0.98993,0.9899,0.98993,2
2012-03-05 04:56:00,0.9899,0.98993,0.9899,0.98993,2
2012-03-05 04:57:00,0.98985,0.98988,0.98985,0.98988,2
2012-03-05 04:58:00,0.9899,0.9899,0.98987,0.98987,2
2012-03-05 04:59:00,0.98982,0.98988,0.98982,0.98988,7
2012-03-05 05:00:00,0.98982,0.98984,0.98982,0.98984,2
2012-03-05 05:03:00,0.99007,0.99007,0.98984,0.98984,11
2012-03-05 05:04:00,0.99002,0.99005,0.98996,0.99005,8
2012-03-05 05:05:00,0.98987,0.98999,0.98982,0.98999,9
2012-03-05 05:06:00,0.9899,0.99004,0.9899,0.9899,11
2012-03-05 05:07:00,0.9899,0.98998,0.9899,0.98993,6
2012-03-05 05:08:00,0.9899,0.98996,0.9899,0.98993,4
2012-03-05 05:09:00,0.98998,0.99002,0.9899,0.98993,13
2012-03-05 05:11:00,0.98993,0.98996,0.9899,0.98996,6
2012-03-05 05:12:00,0.99001,0.99001,0.98996,0.98996,5
2012-03-05 05:13:00,0.98998,0.99004,0.98996,0.99004,5
2012-03-05 05:14:00,0.9899,0.98996,0.9899,0.98996,3
2012-03-05 05:15:00,0.98998,0.98998,0.98993,0.98993,3
2012-03-05 05:16:00,0.99001,0.99001,0.98996,0.98996,3
2012-03-05 05:17:00,0.99007,0.9901,0.99004,0.99004,4
2012-03-05 05:18:00,0.99005,0.99005,0.99005,0.99005,1
2012-03-05 05:19:00,0.99007,0.99007,0.99007,0.99007,1
2012-03-05 05:20:00,0.9901,0.99013,0.9901,0.9901,3
2012-03-05 05:21:00,0.9901,0.99018,0.9901,0.99013,6
2012-03-05 05:22:00,0.99005,0.99007,0.99005,0.99007,4
2012-03-05 05:23:00,0.98999,0.99002,0.98999,0.99002,2
2012-03-05 05:24:00,0.99001,0.99001,0.99001,0.99001,1
2012-03-05 05:25:00,0.98987,0.98999,0.98976,0.98999,19
2012-03-05 05:26:00,0.99023,0.99028,0.9899,0.9899,36
2012-03-05 05:27:00,0.99008,0.9902,0.99,0.9902,11
2012-03-05 05:28:00,0.99014,0.9902,0.99011,0.99011,6
2012-03-05 05:30:00,0.99003,0.99012,0.99003,0.99012,4
2012-03-05 05:31:00,0.98997,0.99006,0.98997,0.99006,6
2012-03-05 05:32:00,0.98983,0.98995,0.98978,0.98995,9
2012-03-05 05:33:00,0.98991,0.98991,0.98986,0.98986,3
2012-03-05 05:34:00,0.98994,0.98994,0.98989,0.98989,3
2012-03-05 05:35:00,0.98997,0.99006,0.98997,0.98997,7
2012-03-05 05:36:00,0.98989,0.98995,0.98989,0.98995,7
2012-03-05 05:37:00,0.99,0.99,0.98989,0.98991,8
2012-03-05 05:38:00,0.99,0.99,0.98995,0.98997,8
2012-03-05 05:41:00,0.99,0.99003,0.99,0.99003,2
2012-03-05 05:43:00,0.98995,0.98997,0.98995,0.98997,2
2012-03-05 05:44:00,0.99009,0.99011,0.98997,0.98997,7
2012-03-05 05:45:00,0.99013,0.99021,0.99011,0.99011,13
2012-03-05 05:46:00,0.99013,0.99013,0.99007,0.9901,4
2012-03-05 05:47:00,0.9901,0.9901,0.99002,0.9901,7
2012-03-05 05:48:00,0.9901,0.9901,0.99007,0.99007,2
2012-03-05 05:49:00,0.99024,0.99024,0.99013,0.99013,5
2012-03-05 05:50:00,0.99016,0.99022,0.99016,0.99022,5
2012-03-05 05:51:00,0.99016,0.99018,0.99016,0.99018,2
2012-03-05 05:52:00,0.99016,0.99024,0.99016,0.99018,8
2012-03-05 05:53:00,0.99013,0.99021,0.99013,0.99018,5
2012-03-05 05:54:00,0.99024,0.99024,0.99015,0.99015,4
2012-03-05 05:55:00,0.99052,0.99052,0.99027,0.99027,18
2012-03-05 05:56:00,0.99052,0.99052,0.99047,0.9905,4
2012-03-05 05:57:00,0.99047,0.9905,0.99044,0.9905,4
2012-03-05 05:58:00,0.99047,0.99047,0.99044,0.99044,2
2012-03-05 05:59:00,0.99047,0.99047,0.99044,0.99044,2
2012-03-05 06:00:00,0.99041,0.99047,0.99041,0.99044,4
2012-03-05 06:01:00,0.99033,0.99041,0.99033,0.99039,5
2012-03-05 06:02:00,0.99035,0.99035,0.99035,0.99035,1
2012-03-05 06:03:00,0.99033,0.99033,0.99033,0.99033,1
2012-03-05 06:05:00,0.99036,0.99041,0.9903,0.9903,7
2012-03-05 06:06:00,0.99035,0.99035,0.99033,0.99033,2
2012-03-05 06:07:00,0.99052,0.99058,0.99038,0.99038,16
2012-03-05 06:08:00,0.99057,0.99057,0.99039,0.9905,27
2012-03-05 06:09:00,0.99048,0.99054,0.99046,0.99054,5
2012-03-05 06:10:00,0.99046,0.99048,0.99046,0.99046,3
2012-03-05 06:11:00,0.99054,0.99057,0.99043,0.99043,7
2012-03-05 06:12:00,0.99059,0.99062,0.99043,0.99051,16
2012-03-05 06:13:00,0.99054,0.99065,0.99054,0.99062,6
2012-03-05 06:14:00,0.99057,0.99057,0.99049,0.99051,5
2012-03-05 06:15:00,0.9904,0.99054,0.99031,0.99054,12
2012-03-05 06:17:00,0.9904,0.99042,0.9904,0.99042,4
2012-03-05 06:18:00,0.99037,0.99037,0.99037,0.99037,1
2012-03-05 06:19:00,0.99042,0.99042,0.9904,0.9904,4
2012-03-05 06:21:00,0.99034,0.99042,0.99034,0.9904,9
2012-03-05 06:22:00,0.99034,0.99037,0.99034,0.99037,2
2012-03-05 06:23:00,0.99023,0.99031,0.99023,0.99031,4
2012-03-05 06:24:00,0.99028,0.99028,0.99025,0.99025,2
2012-03-05 06:25:00,0.99029,0.99031,0.99029,0.99031,2
2012-03-05 06:27:00,0.99029,0.99031,0.99029,0.99031,2
2012-03-05 06:28:00,0.99023,0.99037,0.99023,0.99031,8
2012-03-05 06:29:00,0.99006,0.9902,0.99,0.9902,10
2012-03-05 06:30:00,0.98978,0.99006,0.98978,0.99003,12
2012-03-05 06:31:00,0.98997,0.98997,0.9898,0.9898,7
2012-03-05 06:32:00,0.98992,0.99,0.98992,0.98995,10
2012-03-05 06:33:00,0.99007,0.99007,0.98989,0.98994,25
2012-03-05 06:35:00,0.99018,0.99018,0.98996,0.99005,12
2012-03-05 06:36:00,0.99016,0.99018,0.99016,0.99016,3
2012-03-05 06:39:00,0.99018,0.99018,0.99018,0.99018,1
2012-03-05 06:40:00,0.99021,0.99021,0.99021,0.99021,1
2012-03-05 06:41:00,0.99024,0.99024,0.99024,0.99024,1
2012-03-05 06:42:00,0.99035,0.99035,0.99019,0.99022,8
2012-03-05 06:43:00,0.99047,0.99047,0.99038,0.99038,6
2012-03-05 06:44:00,0.99052,0.99052,0.99047,0.9905,6
2012-03-05 06:45:00,0.99044,0.9905,0.99039,0.9905,9
2012-03-05 06:46:00,0.9903,0.99041,0.99024,0.99041,9
2012-03-05 06:48:00,0.9903,0.99032,0.99027,0.99032,4
2012-03-05 06:49:00,0.99024,0.99027,0.99024,0.99027,2
2012-03-05 06:50:00,0.99022,0.99022,0.99022,0.99022,1
2012-03-05 06:51:00,0.99019,0.99019,0.99019,0.99019,1
2012-03-05 06:54:00,0.99027,0.99027,0.99021,0.99021,3
2012-03-05 06:55:00,0.9901,0.99024,0.9901,0.99024,8
2012-03-05 06:56:00,0.99024,0.99024,0.99013,0.99013,5
2012-03-05 06:59:00,0.9903,0.9903,0.99022,0.99022,4
2012-03-05 07:00:00,0.9903,0.99044,0.9903,0.99032,10
2012-03-05 07:01:00,0.99018,0.99027,0.99016,0.99027,10
2012-03-05 07:02:00,0.99021,0.99021,0.99021,0.99021,1
2012-03-05 07:03:00,0.99021,0.99021,0.99019,0.99019,2
2012-03-05 07:04:00,0.9901,0.99024,0.9901,0.99024,6
2012-03-05 07:06:00,0.99013,0.99021,0.99013,0.99013,7
2012-03-05 07:07:00,0.9903,0.99032,0.9901,0.99015,26
2012-03-05 07:08:00,0.99044,0.99047,0.99032,0.99032,11
2012-03-05 07:09:00,0.9905,0.99052,0.99039,0.99047,12
2012-03-05 07:10:00,0.99067,0.99072,0.99052,0.99052,12
2012-03-05 07:11:00,0.99072,0.99072,0.99069,0.99069,2
2012-03-05 07:12:00,0.9907,0.9907,0.9907,0.9907,1
2012-03-05 07:13:00,0.99075,0.99075,0.99072,0.99072,8
2012-03-05 07:14:00,0.99086,0.99086,0.99073,0.99073,8
2012-03-05 07:15:00,0.99092,0.99092,0.99089,0.99089,4
2012-03-05 07:16:00,0.99092,0.99095,0.99092,0.99095,2
2012-03-05 07:17:00,0.99072,0.99092,0.9907,0.9909,23
2012-03-05 07:18:00,0.99074,0.99082,0.99074,0.99075,8
2012-03-05 07:19:00,0.99093,0.99093,0.99076,0.99076,7
2012-03-05 07:20:00,0.99091,0.99091,0.99085,0.99091,5
2012-03-05 07:21:00,0.99102,0.99102,0.99093,0.99093,4
2012-03-05 07:22:00,0.99105,0.99108,0.99105,0.99105,3
2012-03-05 07:23:00,0.99111,0.99113,0.99108,0.99108,4
2012-03-05 07:24:00,0.99088,0.99108,0.99085,0.99108,18
2012-03-05 07:25:00,0.99082,0.99085,0.99074,0.99085,10
2012-03-05 07:26:00,0.99085,0.99085,0.99085,0.99085,1
2012-03-05 07:27:00,0.99085,0.99088,0.99083,0.99088,6
2012-03-05 07:28:00,0.99083,0.99083,0.99083,0.99083,1
2012-03-05 07:29:00,0.99091,0.99093,0.99085,0.99085,9
2012-03-05 07:30:00,0.99097,0.99099,0.99093,0.99093,12
2012-03-05 07:31:00,0.99093,0.99102,0.99088,0.99099,9
2012-03-05 07:32:00,0.99105,0.99108,0.99096,0.99096,6
2012-03-05 07:33:00,0.99094,0.99102,0.99091,0.99102,14
2012-03-05 07:34:00,0.99117,0.99119,0.99096,0.99096,10
2012-03-05 07:35:00,0.99114,0.99114,0.99114,0.99114,1
2012-03-05 07:36:00,0.99116,0.99116,0.99102,0.99111,9
2012-03-05 07:37:00,0.99119,0.99125,0.99111,0.99119,11
2012-03-05 07:38:00,0.99125,0.99125,0.99122,0.99122,2
2012-03-05 07:39:00,0.99139,0.99139,0.99122,0.99122,7
2012-03-05 07:40:00,0.99134,0.99142,0.99134,0.99142,4
2012-03-05 07:41:00,0.99122,0.99131,0.99122,0.99131,10
2012-03-05 07:42:00,0.99119,0.99125,0.99117,0.99119,7
2012-03-05 07:43:00,0.9913,0.9913,0.99119,0.99122,6
2012-03-05 07:44:00,0.99133,0.99133,0.99128,0.99128,3
2012-03-05 07:45:00,0.99134,0.99139,0.99128,0.99131,10
2012-03-05 07:46:00,0.99123,0.99131,0.99118,0.99131,9
2012-03-05 07:47:00,0.99137,0.99137,0.99126,0.99126,5
2012-03-05 07:48:00,0.99141,0.99143,0.9914,0.9914,3
2012-03-05 07:49:00,0.99132,0.99163,0.99124,0.99143,45
2012-03-05 07:50:00,0.99143,0.99143,0.99127,0.99129,14
2012-03-05 07:51:00,0.99149,0.99149,0.99141,0.99141,4
2012-03-05 07:52:00,0.99146,0.99146,0.99141,0.99146,5
2012-03-05 07:53:00,0.99163,0.99163,0.99149,0.99149,6
2012-03-05 07:54:00,0.99155,0.99172,0.99155,0.99161,17
2012-03-05 07:55:00,0.99152,0.99152,0.99149,0.99152,3
2012-03-05 07:56:00,0.99175,0.99177,0.99154,0.99154,14
2012-03-05 07:57:00,0.99174,0.99174,0.99172,0.99172,2
2012-03-05 07:58:00,0.9918,0.99183,0.99172,0.99172,8
2012-03-05 07:59:00,0.9918,0.99183,0.9918,0.99183,2
2012-03-05 08:00:00,0.99172,0.99178,0.99172,0.99178,3
2012-03-05 08:01:00,0.99155,0.99169,0.99155,0.99169,18
2012-03-05 08:02:00,0.99143,0.99163,0.99141,0.99157,18
2012-03-05 08:03:00,0.99166,0.99166,0.99146,0.99146,8
2012-03-05 08:04:00,0.99169,0.99169,0.99169,0.99169,1
2012-03-05 08:05:00,0.99144,0.99166,0.99144,0.99166,17
2012-03-05 08:06:00,0.99149,0.9916,0.99144,0.99146,16
2012-03-05 08:07:00,0.99132,0.99149,0.99132,0.99146,12
2012-03-05 08:08:00,0.99121,0.99129,0.99121,0.99129,8
2012-03-05 08:09:00,0.99101,0.99118,0.99101,0.99118,9
2012-03-05 08:10:00,0.9909,0.99098,0.9909,0.99098,6
2012-03-05 08:11:00,0.99098,0.99098,0.99087,0.99092,9
2012-03-05 08:12:00,0.9912,0.9912,0.99098,0.99101,18
2012-03-05 08:13:00,0.99129,0.99143,0.99123,0.99123,19
2012-03-05 08:14:00,0.99126,0.99132,0.99121,0.99127,15
2012-03-05 08:15:00,0.99152,0.99152,0.99124,0.99129,13
2012-03-05 08:16:00,0.99172,0.99189,0.99152,0.99154,27
2012-03-05 08:17:00,0.99197,0.99197,0.99174,0.99174,15
2012-03-05 08:18:00,0.99212,0.99214,0.99192,0.992,23
2012-03-05 08:19:00,0.99212,0.99225,0.99209,0.99209,14
2012-03-05 08:20:00,0.99194,0.99211,0.99192,0.99209,14
2012-03-05 08:21:00,0.99192,0.992,0.99189,0.99197,17
2012-03-05 08:22:00,0.992,0.992,0.99192,0.99194,11
2012-03-05 08:23:00,0.99214,0.99214,0.99192,0.99197,17
2012-03-05 08:24:00,0.9924,0.99245,0.99209,0.99212,25
2012-03-05 08:25:00,0.9924,0.99251,0.99232,0.99242,18
2012-03-05 08:26:00,0.99234,0.99237,0.99223,0.99237,12
2012-03-05 08:27:00,0.99234,0.99234,0.9922,0.99232,12
2012-03-05 08:28:00,0.99212,0.99232,0.99209,0.99232,26
2012-03-05 08:29:00,0.99211,0.99214,0.99209,0.99214,4
2012-03-05 08:30:00,0.99231,0.99231,0.99214,0.99214,9
2012-03-05 08:31:00,0.99212,0.99229,0.99212,0.99229,13
2012-03-05 08:32:00,0.9922,0.99225,0.99203,0.99209,27
2012-03-05 08:33:00,0.99229,0.99231,0.99212,0.99217,27
2012-03-05 08:34:00,0.9926,0.99265,0.99231,0.99231,19
2012-03-05 08:35:00,0.99274,0.99276,0.99257,0.99257,19
2012-03-05 08:36:00,0.99256,0.99271,0.99253,0.99271,17
2012-03-05 08:37:00,0.99258,0.99261,0.99253,0.99253,5
2012-03-05 08:38:00,0.99261,0.99264,0.99258,0.99261,7
2012-03-05 08:39:00,0.99255,0.99275,0.9925,0.99258,20
2012-03-05 08:40:00,0.99278,0.99289,0.99258,0.99258,22
2012-03-05 08:41:00,0.99272,0.99275,0.99267,0.99275,6
2012-03-05 08:42:00,0.99312,0.99312,0.99267,0.9927,32
2012-03-05 08:43:00,0.99303,0.9931,0.99301,0.9931,27
2012-03-05 08:44:00,0.99298,0.99306,0.99298,0.99306,4
2012-03-05 08:45:00,0.99289,0.99303,0.99287,0.99301,13
2012-03-05 08:46:00,0.9929,0.99292,0.9929,0.99292,2
2012-03-05 08:47:00,0.99298,0.99298,0.9929,0.99292,5
2012-03-05 08:48:00,0.99293,0.99301,0.99293,0.99295,8
2012-03-05 08:49:00,0.99264,0.9929,0.99264,0.9929,18
2012-03-05 08:50:00,0.99253,0.99261,0.99253,0.99261,18
2012-03-05 08:51:00,0.99261,0.99261,0.99253,0.99255,7
2012-03-05 08:52:00,0.99267,0.99269,0.99258,0.99258,16
2012-03-05 08:53:00,0.99244,0.99269,0.99244,0.99269,16
2012-03-05 08:54:00,0.99258,0.99258,0.99247,0.99247,7
2012-03-05 08:55:00,0.99267,0.99269,0.99256,0.99256,9
2012-03-05 08:56:00,0.99269,0.99272,0.99264,0.99269,9
2012-03-05 08:57:00,0.9927,0.99278,0.99267,0.99267,16
2012-03-05 08:58:00,0.99286,0.99289,0.99272,0.99272,18
2012-03-05 08:59:00,0.99318,0.9932,0.99281,0.99284,31
2012-03-05 09:00:00,0.9934,0.9934,0.99315,0.99315,26
2012-03-05 09:01:00,0.99354,0.9936,0.99343,0.99343,17
2012-03-05 09:02:00,0.9938,0.9938,0.99346,0.99352,15
2012-03-05 09:03:00,0.994,0.99406,0.99383,0.99383,27
2012-03-05 09:04:00,0.99403,0.99417,0.994,0.99403,19
2012-03-05 09:05:00,0.99389,0.99406,0.99386,0.99406,13
2012-03-05 09:06:00,0.99403,0.99403,0.99389,0.99391,9
2012-03-05 09:07:00,0.99395,0.994,0.99395,0.994,3
2012-03-05 09:08:00,0.99383,0.99403,0.99383,0.99397,14
2012-03-05 09:09:00,0.99366,0.9938,0.99366,0.9938,6
2012-03-05 09:10:00,0.99369,0.99369,0.99355,0.99363,15
2012-03-05 09:11:00,0.99397,0.99403,0.99369,0.99372,22
2012-03-05 09:12:00,0.99397,0.99403,0.99395,0.994,10
2012-03-05 09:13:00,0.99411,0.99411,0.99395,0.99395,19
2012-03-05 09:14:00,0.99403,0.99414,0.99403,0.99414,13
2012-03-05 09:15:00,0.99397,0.99406,0.99395,0.99406,8
2012-03-05 09:16:00,0.99397,0.99408,0.99397,0.994,8
2012-03-05 09:17:00,0.99393,0.99411,0.99392,0.99395,29
2012-03-05 09:18:00,0.99418,0.99418,0.99393,0.99396,19
2012-03-05 09:19:00,0.99393,0.99416,0.99393,0.99416,13
2012-03-05 09:20:00,0.99399,0.99401,0.99396,0.99396,10
2012-03-05 09:21:00,0.99388,0.99396,0.99388,0.99396,4
2012-03-05 09:22:00,0.99387,0.9939,0.99385,0.9939,8
2012-03-05 09:23:00,0.99376,0.99385,0.99376,0.99385,4
2012-03-05 09:24:00,0.99362,0.99373,0.99362,0.99373,13
2012-03-05 09:25:00,0.99381,0.99381,0.99362,0.99364,9
2012-03-05 09:26:00,0.99401,0.99401,0.99384,0.99384,15
2012-03-05 09:27:00,0.9939,0.99404,0.9939,0.99404,8
2012-03-05 09:28:00,0.99399,0.99401,0.99393,0.99393,21
2012-03-05 09:29:00,0.99405,0.99418,0.99396,0.99396,20
2012-03-05 09:30:00,0.99413,0.99415,0.99402,0.99402,17
2012-03-05 09:31:00,0.99414,0.99428,0.99414,0.99415,10
2012-03-05 09:32:00,0.99434,0.99434,0.99417,0.99417,11
2012-03-05 09:33:00,0.99425,0.99432,0.9942,0.99432,11
2012-03-05 09:35:00,0.99426,0.99431,0.99423,0.99423,10
2012-03-05 09:36:00,0.99414,0.99428,0.99414,0.99428,8
2012-03-05 09:37:00,0.9942,0.99423,0.99414,0.99417,12
2012-03-05 09:38:00,0.99412,0.9942,0.99412,0.99417,5
2012-03-05 09:39:00,0.994,0.99409,0.99395,0.99409,14
2012-03-05 09:40:00,0.99383,0.99397,0.99378,0.99397,10
2012-03-05 09:41:00,0.99392,0.99394,0.99386,0.99386,9
2012-03-05 09:42:00,0.99386,0.99389,0.99386,0.99389,2
2012-03-05 09:43:00,0.99394,0.99394,0.99389,0.99389,3
2012-03-05 09:44:00,0.99403,0.99403,0.99397,0.99397,3
2012-03-05 09:45:00,0.994,0.99414,0.994,0.99406,15
2012-03-05 09:46:00,0.99383,0.99397,0.99383,0.99397,12
2012-03-05 09:47:00,0.99389,0.99389,0.99386,0.99386,2
2012-03-05 09:48:00,0.99386,0.99391,0.99386,0.99386,5
2012-03-05 09:49:00,0.99366,0.99383,0.99358,0.99383,26
2012-03-05 09:50:00,0.99349,0.99363,0.99346,0.99363,12
2012-03-05 09:51:00,0.99346,0.99346,0.99335,0.99346,15
2012-03-05 09:52:00,0.99335,0.99346,0.99327,0.99344,20
2012-03-05 09:53:00,0.99369,0.99369,0.99337,0.99337,30
2012-03-05 09:54:00,0.99395,0.994,0.99366,0.99366,43
2012-03-05 09:55:00,0.99417,0.99417,0.99397,0.99397,12
2012-03-05 09:56:00,0.99426,0.99431,0.99403,0.99414,23
2012-03-05 09:57:00,0.99414,0.99423,0.99406,0.99423,20
2012-03-05 09:58:00,0.99423,0.99425,0.99417,0.99417,9
2012-03-05 09:59:00,0.99414,0.9942,0.99406,0.9942,9
2012-03-05 10:00:00,0.99406,0.99414,0.99406,0.99412,15
2012-03-05 10:01:00,0.99386,0.99403,0.99386,0.99403,15
2012-03-05 10:02:00,0.99375,0.99389,0.99363,0.99389,22
2012-03-05 10:03:00,0.99357,0.99372,0.99355,0.99372,14
2012-03-05 10:04:00,0.99343,0.9936,0.99338,0.99355,21
2012-03-05 10:05:00,0.99352,0.99352,0.99335,0.99341,15
2012-03-05 10:06:00,0.99344,0.99352,0.99344,0.99349,5
2012-03-05 10:07:00,0.99341,0.99343,0.99341,0.99341,3
2012-03-05 10:08:00,0.99354,0.99354,0.99335,0.99338,9
2012-03-05 10:09:00,0.99338,0.99352,0.99338,0.99352,6
2012-03-05 10:10:00,0.99335,0.9934,0.99335,0.9934,7
2012-03-05 10:11:00,0.99332,0.9934,0.99332,0.99337,7
2012-03-05 10:12:00,0.99327,0.99329,0.99327,0.99329,2
2012-03-05 10:13:00,0.99335,0.99335,0.99327,0.99329,7
2012-03-05 10:14:00,0.99337,0.99343,0.99332,0.99337,15
2012-03-05 10:15:00,0.99335,0.99343,0.99335,0.9934,7
2012-03-05 10:16:00,0.99343,0.99343,0.99337,0.99337,3
2012-03-05 10:17:00,0.99335,0.99341,0.99332,0.99341,5
2012-03-05 10:18:00,0.99363,0.99363,0.99337,0.99337,14
2012-03-05 10:19:00,0.99355,0.99366,0.99355,0.99366,15
2012-03-05 10:20:00,0.99335,0.9936,0.99335,0.99357,17
2012-03-05 10:21:00,0.99349,0.99354,0.99335,0.99337,13
2012-03-05 10:22:00,0.99349,0.99352,0.99344,0.99346,8
2012-03-05 10:23:00,0.99354,0.99354,0.99338,0.99346,10
2012-03-05 10:24:00,0.99372,0.99372,0.99357,0.99357,6
2012-03-05 10:25:00,0.99358,0.99369,0.99355,0.99369,11
2012-03-05 10:26:00,0.99346,0.9936,0.99344,0.9936,12
2012-03-05 10:27:00,0.99352,0.99354,0.99349,0.99349,6
2012-03-05 10:28:00,0.99344,0.9936,0.99344,0.99349,13
2012-03-05 10:29:00,0.99338,0.99352,0.99338,0.99346,14
2012-03-05 10:30:00,0.99344,0.99346,0.99335,0.99335,10
2012-03-05 10:31:00,0.99349,0.9936,0.99346,0.99346,12
2012-03-05 10:32:00,0.99349,0.99349,0.99344,0.99346,6
2012-03-05 10:33:00,0.99357,0.99357,0.99352,0.99352,5
2012-03-05 10:34:00,0.99355,0.99357,0.99349,0.99355,9
2012-03-05 10:35:00,0.99375,0.99377,0.99357,0.99357,11
2012-03-05 10:36:00,0.99389,0.99389,0.99377,0.99377,7
2012-03-05 10:37:00,0.99383,0.99386,0.99383,0.99386,2
2012-03-05 10:38:00,0.994,0.994,0.99375,0.9938,16
2012-03-05 10:39:00,0.99397,0.994,0.99397,0.99397,3
2012-03-05 10:40:00,0.99397,0.994,0.99395,0.994,4
2012-03-05 10:41:00,0.99397,0.994,0.99397,0.994,6
2012-03-05 10:42:00,0.99414,0.99414,0.99395,0.99395,10
2012-03-05 10:43:00,0.99437,0.9944,0.99414,0.99417,12
2012-03-05 10:44:00,0.99451,0.99451,0.99434,0.99434,11
2012-03-05 10:45:00,0.99446,0.99449,0.99446,0.99449,4
2012-03-05 10:46:00,0.99437,0.99445,0.99437,0.99443,9
2012-03-05 10:47:00,0.99445,0.99445,0.9944,0.9944,3
2012-03-05 10:48:00,0.99451,0.99451,0.99448,0.99448,2
2012-03-05 10:49:00,0.99454,0.99462,0.99449,0.99454,15
2012-03-05 10:50:00,0.99454,0.99457,0.99449,0.99451,6
2012-03-05 10:51:00,0.99463,0.99465,0.99457,0.99457,5
2012-03-05 10:52:00,0.99434,0.9946,0.99434,0.9946,10
2012-03-05 10:53:00,0.99417,0.99434,0.99417,0.99432,14
2012-03-05 10:54:00,0.99434,0.99434,0.9942,0.9942,6
2012-03-05 10:55:00,0.99428,0.99432,0.99423,0.99432,6
2012-03-05 10:56:00,0.99428,0.99428,0.99423,0.99426,4
2012-03-05 10:57:00,0.99434,0.99434,0.99426,0.99426,4
2012-03-05 10:58:00,0.99431,0.99437,0.99426,0.99437,7
2012-03-05 10:59:00,0.99454,0.99454,0.99434,0.99434,14
2012-03-05 11:00:00,0.99465,0.99465,0.99457,0.99457,4
2012-03-05 11:01:00,0.99474,0.99474,0.99468,0.99468,3
2012-03-05 11:02:00,0.99471,0.99471,0.99466,0.99471,7
2012-03-05 11:03:00,0.99465,0.99468,0.99451,0.99468,16
2012-03-05 11:04:00,0.99449,0.99465,0.99449,0.99463,8
2012-03-05 11:05:00,0.99465,0.99465,0.99451,0.99451,8
2012-03-05 11:06:00,0.99465,0.99465,0.9946,0.99463,4
2012-03-05 11:07:00,0.99457,0.99463,0.99449,0.99463,9
2012-03-05 11:08:00,0.99457,0.99465,0.99457,0.99459,6
2012-03-05 11:09:00,0.99457,0.99459,0.99449,0.99454,18
2012-03-05 11:10:00,0.99445,0.99454,0.99443,0.99454,10
2012-03-05 11:11:00,0.99432,0.99445,0.99432,0.99443,13
2012-03-05 11:12:00,0.99429,0.99434,0.99429,0.99434,11
2012-03-05 11:13:00,0.99434,0.99434,0.99426,0.99426,4
2012-03-05 11:14:00,0.99426,0.99432,0.99426,0.99432,3
2012-03-05 11:15:00,0.99423,0.99425,0.99423,0.99423,5
2012-03-05 11:17:00,0.99437,0.9944,0.99425,0.99425,11
2012-03-05 11:18:00,0.99429,0.99434,0.99429,0.99434,3
2012-03-05 11:19:00,0.99426,0.99426,0.99426,0.99426,1
2012-03-05 11:20:00,0.99432,0.99434,0.99426,0.99428,6
2012-03-05 11:21:00,0.99434,0.99437,0.99432,0.99434,13
2012-03-05 11:22:00,0.99446,0.99454,0.99432,0.99437,20
2012-03-05 11:23:00,0.99457,0.99465,0.99446,0.99448,28
2012-03-05 11:24:00,0.99485,0.99491,0.99459,0.99459,22
2012-03-05 11:25:00,0.99488,0.99491,0.99488,0.99488,3
2012-03-05 11:26:00,0.99494,0.99502,0.99491,0.99491,10
2012-03-05 11:27:00,0.99508,0.99513,0.99491,0.99491,17
2012-03-05 11:28:00,0.99505,0.99513,0.99502,0.99511,7
2012-03-05 11:29:00,0.995,0.99516,0.995,0.99508,10
2012-03-05 11:30:00,0.99556,0.99562,0.99502,0.99502,34
2012-03-05 11:31:00,0.99585,0.99587,0.99559,0.99559,20
2012-03-05 11:32:00,0.99571,0.99582,0.99571,0.99582,13
2012-03-05 11:33:00,0.99593,0.99593,0.99573,0.99573,8
2012-03-05 11:34:00,0.99585,0.99596,0.99582,0.99596,9
2012-03-05 11:36:00,0.99568,0.99582,0.99568,0.99582,24
2012-03-05 11:37:00,0.99567,0.9957,0.99565,0.9957,6
2012-03-05 11:38:00,0.99567,0.99567,0.99556,0.99565,8
2012-03-05 11:39:00,0.99562,0.99576,0.99559,0.9957,20
2012-03-05 11:40:00,0.99554,0.99564,0.99554,0.99564,9
2012-03-05 11:41:00,0.99548,0.99556,0.99548,0.99556,4
2012-03-05 11:42:00,0.99539,0.99545,0.99528,0.99545,15
2012-03-05 11:43:00,0.99542,0.99542,0.99534,0.99536,9
2012-03-05 11:44:00,0.99542,0.99542,0.99525,0.99539,18
2012-03-05 11:45:00,0.99531,0.99542,0.99528,0.99539,16
2012-03-05 11:46:00,0.99522,0.99528,0.99522,0.99528,3
2012-03-05 11:47:00,0.99511,0.99522,0.99511,0.99519,8
2012-03-05 11:48:00,0.99522,0.99522,0.99505,0.99508,14
2012-03-05 11:49:00,0.99533,0.99533,0.99525,0.99525,4
2012-03-05 11:50:00,0.99545,0.9955,0.99531,0.99531,14
2012-03-05 11:51:00,0.99548,0.9955,0.99547,0.99547,7
2012-03-05 11:52:00,0.99547,0.99547,0.99545,0.99545,4
2012-03-05 11:53:00,0.99545,0.99545,0.99545,0.99545,1
2012-03-05 11:54:00,0.99556,0.99556,0.99542,0.99542,6
2012-03-05 11:55:00,0.99554,0.99559,0.99554,0.99559,5
2012-03-05 11:56:00,0.99548,0.99553,0.99548,0.99551,6
2012-03-05 11:58:00,0.99564,0.99564,0.99545,0.99545,12
2012-03-05 11:59:00,0.99576,0.99579,0.99567,0.99567,6
2012-03-05 12:00:00,0.99542,0.99579,0.99539,0.99579,24
2012-03-05 12:01:00,0.99533,0.99539,0.99531,0.99539,15
2012-03-05 12:02:00,0.99528,0.99536,0.99528,0.99536,4
2012-03-05 12:03:00,0.99531,0.99539,0.99528,0.9953,13
2012-03-05 12:04:00,0.99531,0.99539,0.99531,0.99533,12
2012-03-05 12:05:00,0.99539,0.99539,0.99531,0.99533,9
2012-03-05 12:06:00,0.99536,0.99536,0.99536,0.99536,1
2012-03-05 12:07:00,0.99519,0.99534,0.99514,0.99534,12
2012-03-05 12:08:00,0.99508,0.99517,0.99505,0.99517,14
2012-03-05 12:09:00,0.99514,0.99519,0.99511,0.99511,10
2012-03-05 12:10:00,0.99511,0.99519,0.99508,0.99516,13
2012-03-05 12:11:00,0.99519,0.99519,0.99505,0.99508,15
2012-03-05 12:12:00,0.99525,0.9953,0.99522,0.99522,6
2012-03-05 12:13:00,0.99522,0.99522,0.99522,0.99522,1
2012-03-05 12:14:00,0.9953,0.99533,0.99525,0.99525,7
2012-03-05 12:15:00,0.99525,0.9953,0.99525,0.99528,10
2012-03-05 12:16:00,0.99533,0.99533,0.99528,0.99528,5
2012-03-05 12:17:00,0.99525,0.99542,0.99525,0.99536,11
2012-03-05 12:18:00,0.99522,0.99522,0.99514,0.99522,7
2012-03-05 12:19:00,0.99514,0.99519,0.99514,0.99519,5
2012-03-05 12:20:00,0.995,0.99511,0.99497,0.99511,11
2012-03-05 12:21:00,0.99491,0.99502,0.99488,0.99502,11
2012-03-05 12:22:00,0.99482,0.99491,0.99477,0.99488,13
2012-03-05 12:23:00,0.99471,0.99482,0.99471,0.9948,10
2012-03-05 12:24:00,0.99459,0.99468,0.99454,0.99468,14
2012-03-05 12:25:00,0.99454,0.99459,0.99454,0.99457,12
2012-03-05 12:27:00,0.99448,0.99451,0.99443,0.99451,14
2012-03-05 12:28:00,0.99446,0.99454,0.99446,0.99451,9
2012-03-05 12:29:00,0.99454,0.99454,0.99446,0.99448,7
2012-03-05 12:30:00,0.99434,0.99451,0.99434,0.99451,15
2012-03-05 12:31:00,0.9942,0.99442,0.9942,0.99437,13
2012-03-05 12:32:00,0.9942,0.99425,0.9942,0.99423,4
2012-03-05 12:33:00,0.99412,0.99417,0.99412,0.99417,3
2012-03-05 12:34:00,0.9938,0.99409,0.99378,0.99409,37
2012-03-05 12:35:00,0.99383,0.99383,0.99375,0.99383,21
2012-03-05 12:36:00,0.99378,0.99386,0.99375,0.9938,16
2012-03-05 12:37:00,0.99375,0.99377,0.99366,0.99375,9
2012-03-05 12:38:00,0.9938,0.9938,0.99375,0.99377,6
2012-03-05 12:39:00,0.99383,0.99389,0.99383,0.99383,7
2012-03-05 12:40:00,0.99363,0.99386,0.99358,0.99386,15
2012-03-05 12:41:00,0.99366,0.99366,0.99361,0.99361,3
2012-03-05 12:43:00,0.99366,0.99372,0.99366,0.99369,4
2012-03-05 12:44:00,0.99372,0.99372,0.99363,0.99363,8
2012-03-05 12:45:00,0.99344,0.9938,0.99344,0.99369,28
2012-03-05 12:46:00,0.99349,0.99354,0.99329,0.99346,44
2012-03-05 12:47:00,0.9936,0.9936,0.99344,0.99346,28
2012-03-05 12:48:00,0.99344,0.99366,0.99344,0.99363,16
2012-03-05 12:49:00,0.99352,0.99357,0.99346,0.99346,11
2012-03-05 12:50:00,0.99346,0.99354,0.99341,0.99354,10
2012-03-05 12:51:00,0.99323,0.99346,0.99318,0.99344,20
2012-03-05 12:52:00,0.99315,0.99323,0.99301,0.99321,23
2012-03-05 12:53:00,0.99324,0.99335,0.99318,0.99318,23
2012-03-05 12:54:00,0.99324,0.99332,0.99321,0.99326,12
2012-03-05 12:55:00,0.99307,0.99321,0.99307,0.99321,10
2012-03-05 12:56:00,0.99309,0.99309,0.99309,0.99309,1
2012-03-05 12:57:00,0.99318,0.99323,0.99312,0.99312,13
2012-03-05 12:58:00,0.99315,0.99315,0.99312,0.99315,3
2012-03-05 12:59:00,0.99332,0.99337,0.99312,0.99312,12
2012-03-05 13:00:00,0.99329,0.99337,0.99307,0.99329,27
2012-03-05 13:01:00,0.99315,0.99335,0.99307,0.99327,19
2012-03-05 13:02:00,0.99309,0.99329,0.99304,0.99318,20
2012-03-05 13:03:00,0.99307,0.99318,0.99304,0.99307,19
2012-03-05 13:04:00,0.99306,0.99306,0.99301,0.99304,6
2012-03-05 13:05:00,0.99298,0.99304,0.99284,0.99304,21
2012-03-05 13:06:00,0.99306,0.99306,0.99293,0.99301,15
2012-03-05 13:07:00,0.99293,0.99309,0.99293,0.99309,19
2012-03-05 13:08:00,0.99301,0.99309,0.99295,0.99295,19
2012-03-05 13:09:00,0.99298,0.99298,0.99281,0.99298,19
2012-03-05 13:10:00,0.99286,0.99309,0.99275,0.99301,20
2012-03-05 13:11:00,0.99298,0.99312,0.99284,0.99284,28
2012-03-05 13:12:00,0.99287,0.99301,0.99287,0.99295,16
2012-03-05 13:13:00,0.99309,0.99309,0.99287,0.99289,20
2012-03-05 13:14:00,0.99315,0.9932,0.99304,0.99312,32
2012-03-05 13:15:00,0.99312,0.9932,0.99307,0.99312,17
2012-03-05 13:16:00,0.99306,0.9931,0.99298,0.9931,10
2012-03-05 13:17:00,0.99298,0.99304,0.99298,0.99304,13
2012-03-05 13:18:00,0.99307,0.99312,0.99293,0.99295,15
2012-03-05 13:19:00,0.99315,0.99318,0.99309,0.99309,9
2012-03-05 13:20:00,0.99264,0.99312,0.99258,0.99312,46
2012-03-05 13:21:00,0.99247,0.99269,0.99244,0.99267,26
2012-03-05 13:22:00,0.99247,0.99258,0.99244,0.99244,10
2012-03-05 13:23:00,0.99261,0.99261,0.99239,0.99244,19
2012-03-05 13:24:00,0.99281,0.99281,0.99264,0.99264,21
2012-03-05 13:25:00,0.99284,0.99295,0.99278,0.99278,25
2012-03-05 13:26:00,0.99286,0.99289,0.99275,0.99286,25
2012-03-05 13:27:00,0.99307,0.99309,0.99287,0.99289,19
2012-03-05 13:28:00,0.99258,0.99309,0.99258,0.99309,19
2012-03-05 13:29:00,0.99275,0.99281,0.99261,0.99261,26
2012-03-05 13:30:00,0.99278,0.99281,0.9927,0.99278,13
2012-03-05 13:31:00,0.99278,0.99281,0.9927,0.99275,8
2012-03-05 13:32:00,0.99304,0.99309,0.99278,0.99281,27
2012-03-05 13:33:00,0.99301,0.99306,0.99298,0.99306,11
2012-03-05 13:34:00,0.99312,0.99312,0.99303,0.99303,10
2012-03-05 13:35:00,0.99315,0.99315,0.99301,0.9931,13
2012-03-05 13:36:00,0.99324,0.99332,0.99318,0.99318,9
2012-03-05 13:37:00,0.99329,0.99329,0.99318,0.99326,12
2012-03-05 13:38:00,0.99318,0.99327,0.99318,0.99327,6
2012-03-05 13:39:00,0.99298,0.99318,0.99298,0.99315,11
2012-03-05 13:40:00,0.99264,0.99295,0.99264,0.99295,18
2012-03-05 13:41:00,0.9925,0.99275,0.99247,0.99267,23
2012-03-05 13:42:00,0.99247,0.9925,0.99244,0.99247,7
2012-03-05 13:43:00,0.99258,0.99264,0.9925,0.9925,14
2012-03-05 13:44:00,0.99258,0.99261,0.9925,0.99261,22
2012-03-05 13:45:00,0.99233,0.99258,0.99233,0.99256,17
2012-03-05 13:46:00,0.99238,0.99241,0.99233,0.99235,16
2012-03-05 13:47:00,0.99236,0.99241,0.99233,0.99236,13
2012-03-05 13:48:00,0.99247,0.99247,0.99238,0.99238,12
2012-03-05 13:49:00,0.99252,0.99252,0.99244,0.9925,6
2012-03-05 13:50:00,0.99238,0.9925,0.99224,0.9925,19
2012-03-05 13:51:00,0.99227,0.99238,0.99227,0.99236,12
2012-03-05 13:52:00,0.99238,0.99238,0.99227,0.9923,10
2012-03-05 13:53:00,0.99238,0.99238,0.99236,0.99236,16
2012-03-05 13:54:00,0.99247,0.99247,0.99241,0.99241,3
2012-03-05 13:55:00,0.9925,0.99255,0.9925,0.9925,11
2012-03-05 13:56:00,0.99258,0.99264,0.99252,0.99252,9
2012-03-05 13:57:00,0.99261,0.99264,0.99261,0.99261,3
2012-03-05 13:58:00,0.99258,0.99267,0.99253,0.99264,13
2012-03-05 13:59:00,0.99278,0.99278,0.99253,0.99256,25
2012-03-05 14:00:00,0.99269,0.99289,0.99267,0.99281,19
2012-03-05 14:01:00,0.99244,0.99272,0.99244,0.99267,21
2012-03-05 14:02:00,0.99219,0.99241,0.99219,0.99241,11
2012-03-05 14:03:00,0.99267,0.99267,0.99216,0.99216,23
2012-03-05 14:04:00,0.99258,0.99269,0.99247,0.99269,19
2012-03-05 14:05:00,0.9926,0.99261,0.99247,0.99261,16
2012-03-05 14:06:00,0.9926,0.99268,0.99258,0.99258,8
2012-03-05 14:07:00,0.9927,0.99272,0.99262,0.99262,9
2012-03-05 14:08:00,0.99278,0.99288,0.9927,0.99272,21
2012-03-05 14:09:00,0.99272,0.99282,0.99266,0.99274,14
2012-03-05 14:10:00,0.9926,0.9927,0.9926,0.9927,4
2012-03-05 14:11:00,0.99258,0.99262,0.99246,0.99262,21
2012-03-05 14:12:00,0.9927,0.99272,0.9926,0.9926,10
2012-03-05 14:14:00,0.9926,0.99272,0.99258,0.99266,13
2012-03-05 14:15:00,0.99266,0.99272,0.99254,0.99262,18
2012-03-05 14:16:00,0.99278,0.9928,0.99266,0.99268,16
2012-03-05 14:17:00,0.99296,0.99296,0.99278,0.9928,17
2012-03-05 14:18:00,0.99306,0.99314,0.993,0.993,19
2012-03-05 14:19:00,0.993,0.99312,0.993,0.99308,6
2012-03-05 14:20:00,0.99292,0.99308,0.99292,0.99302,19
2012-03-05 14:21:00,0.99292,0.99292,0.99278,0.99288,14
2012-03-05 14:22:00,0.99292,0.993,0.99288,0.99294,10
2012-03-05 14:23:00,0.993,0.993,0.99294,0.99294,3
2012-03-05 14:24:00,0.99308,0.99308,0.99298,0.99298,7
2012-03-05 14:25:00,0.99308,0.99314,0.99308,0.99312,4
2012-03-05 14:26:00,0.99296,0.99314,0.99294,0.99312,12
2012-03-05 14:27:00,0.99314,0.99316,0.993,0.993,10
2012-03-05 14:28:00,0.99306,0.99316,0.99306,0.99312,11
2012-03-05 14:29:00,0.99312,0.99314,0.99304,0.99308,8
2012-03-05 14:30:00,0.99334,0.99334,0.99314,0.99314,28
2012-03-05 14:31:00,0.9932,0.99332,0.993,0.99332,23
2012-03-05 14:32:00,0.99348,0.99348,0.99322,0.99322,20
2012-03-05 14:33:00,0.9938,0.9938,0.99348,0.9935,51
2012-03-05 14:34:00,0.99376,0.99394,0.99376,0.99376,29
2012-03-05 14:35:00,0.99376,0.9939,0.99368,0.9938,22
2012-03-05 14:36:00,0.99402,0.99402,0.9938,0.9938,21
2012-03-05 14:37:00,0.99388,0.99402,0.99388,0.994,21
2012-03-05 14:38:00,0.99386,0.99396,0.9938,0.99386,31
2012-03-05 14:39:00,0.99386,0.99396,0.9938,0.99388,24
2012-03-05 14:40:00,0.9938,0.99388,0.99376,0.99388,16
2012-03-05 14:41:00,0.9938,0.9939,0.99372,0.99376,26
2012-03-05 14:42:00,0.994,0.99404,0.99382,0.99382,11
2012-03-05 14:43:00,0.994,0.99404,0.99396,0.99396,14
2012-03-05 14:44:00,0.99408,0.9941,0.99396,0.99402,23
2012-03-05 14:45:00,0.99416,0.99424,0.99408,0.9941,19
2012-03-05 14:46:00,0.99424,0.99428,0.99416,0.99418,15
2012-03-05 14:47:00,0.99442,0.99442,0.99428,0.99428,22
2012-03-05 14:48:00,0.99428,0.9944,0.99428,0.9944,9
2012-03-05 14:49:00,0.99426,0.99436,0.99426,0.9943,9
2012-03-05 14:50:00,0.99406,0.99434,0.99406,0.99422,25
2012-03-05 14:51:00,0.99376,0.99402,0.99376,0.99402,12
2012-03-05 14:52:00,0.9938,0.99382,0.99368,0.99374,19
2012-03-05 14:53:00,0.99368,0.99376,0.99368,0.99376,4
2012-03-05 14:54:00,0.99376,0.99384,0.99366,0.99366,19
2012-03-05 14:55:00,0.9937,0.99374,0.99368,0.99374,4
2012-03-05 14:56:00,0.99366,0.9937,0.99366,0.99368,6
2012-03-05 14:57:00,0.99368,0.9937,0.99366,0.99368,5
2012-03-05 14:58:00,0.9937,0.9937,0.99362,0.9937,11
2012-03-05 14:59:00,0.99354,0.99374,0.99354,0.99374,22
2012-03-05 15:00:00,0.99338,0.99384,0.9933,0.99352,67
2012-03-05 15:01:00,0.99344,0.99358,0.99336,0.99336,30
2012-03-05 15:02:00,0.9934,0.9937,0.99338,0.99342,31
2012-03-05 15:03:00,0.99312,0.99346,0.99296,0.99344,60
2012-03-05 15:04:00,0.9929,0.99318,0.9929,0.9931,18
2012-03-05 15:05:00,0.9933,0.99338,0.99288,0.99288,42
2012-03-05 15:06:00,0.9931,0.99338,0.9931,0.99328,45
2012-03-05 15:07:00,0.99326,0.99326,0.99288,0.99308,34
2012-03-05 15:08:00,0.9935,0.9935,0.99324,0.99324,36
2012-03-05 15:09:00,0.99356,0.9936,0.99332,0.99352,28
2012-03-05 15:10:00,0.99378,0.9938,0.99352,0.99352,30
2012-03-05 15:11:00,0.99378,0.99378,0.99356,0.99376,26
2012-03-05 15:12:00,0.99396,0.994,0.9937,0.9938,34
2012-03-05 15:13:00,0.994,0.99418,0.99398,0.99398,24
2012-03-05 15:14:00,0.99398,0.99398,0.99396,0.99398,3
2012-03-05 15:15:00,0.99378,0.99396,0.99366,0.99396,19
2012-03-05 15:16:00,0.9939,0.99412,0.9938,0.9938,34
2012-03-05 15:17:00,0.99418,0.99418,0.99386,0.99386,36
2012-03-05 15:18:00,0.99438,0.99446,0.9942,0.9942,33
2012-03-05 15:19:00,0.9944,0.99446,0.99438,0.9944,19
2012-03-05 15:20:00,0.9946,0.99466,0.99434,0.99444,45
2012-03-05 15:21:00,0.99486,0.99486,0.9946,0.99462,13
2012-03-05 15:22:00,0.99502,0.99502,0.99486,0.99488,24
2012-03-05 15:23:00,0.99486,0.99506,0.99486,0.995,30
2012-03-05 15:24:00,0.99512,0.99514,0.99478,0.99484,43
2012-03-05 15:25:00,0.99528,0.99546,0.99514,0.99514,30
2012-03-05 15:26:00,0.9952,0.99526,0.99512,0.99526,19
2012-03-05 15:27:00,0.99508,0.99518,0.99508,0.99518,14
2012-03-05 15:28:00,0.99516,0.99516,0.99498,0.99504,17
2012-03-05 15:29:00,0.9953,0.99532,0.99518,0.99518,19
2012-03-05 15:30:00,0.99538,0.99552,0.99528,0.99528,33
2012-03-05 15:31:00,0.99498,0.99536,0.99498,0.99536,30
2012-03-05 15:32:00,0.99508,0.99516,0.99502,0.99502,19
2012-03-05 15:33:00,0.99492,0.99504,0.9949,0.99504,17
2012-03-05 15:34:00,0.9949,0.9949,0.9949,0.9949,1
2012-03-05 15:35:00,0.9949,0.99492,0.9949,0.99492,4
2012-03-05 15:36:00,0.9947,0.99492,0.9947,0.99492,9
2012-03-05 15:37:00,0.99488,0.9949,0.99472,0.99472,12
2012-03-05 15:38:00,0.99502,0.99516,0.9949,0.9949,23
2012-03-05 15:39:00,0.99498,0.99512,0.99498,0.99498,27
2012-03-05 15:40:00,0.99484,0.99504,0.99476,0.99502,21
2012-03-05 15:41:00,0.99488,0.99496,0.99482,0.99482,25
2012-03-05 15:42:00,0.99478,0.99488,0.99476,0.99484,19
2012-03-05 15:43:00,0.99488,0.99488,0.99474,0.99482,15
2012-03-05 15:44:00,0.99504,0.99504,0.99478,0.99484,14
2012-03-05 15:45:00,0.9951,0.99516,0.99504,0.99506,26
2012-03-05 15:46:00,0.99498,0.99512,0.99498,0.99512,18
2012-03-05 15:47:00,0.99496,0.99498,0.99486,0.99496,31
2012-03-05 15:48:00,0.99466,0.995,0.99464,0.995,27
2012-03-05 15:49:00,0.99454,0.99466,0.9945,0.99464,30
2012-03-05 15:50:00,0.99448,0.99454,0.99446,0.99452,20
2012-03-05 15:51:00,0.9941,0.99452,0.9941,0.99446,26
2012-03-05 15:52:00,0.99414,0.99414,0.99398,0.99412,34
2012-03-05 15:53:00,0.99404,0.99414,0.99396,0.99412,32
2012-03-05 15:54:00,0.9941,0.99418,0.99396,0.994,22
2012-03-05 15:55:00,0.99404,0.99414,0.99396,0.99412,27
2012-03-05 15:56:00,0.99434,0.99434,0.99402,0.99402,20
2012-03-05 15:57:00,0.99434,0.99442,0.99426,0.99436,20
2012-03-05 15:58:00,0.99426,0.99442,0.99426,0.99436,15
2012-03-05 15:59:00,0.99376,0.99434,0.99376,0.99428,59
2012-03-05 16:00:00,0.99376,0.99376,0.99368,0.99374,38
2012-03-05 16:01:00,0.99404,0.99404,0.99372,0.99374,22
2012-03-05 16:02:00,0.99416,0.99424,0.99396,0.99402,18
2012-03-05 16:03:00,0.99434,0.99434,0.99408,0.99414,20
2012-03-05 16:04:00,0.99428,0.99436,0.99426,0.9943,18
2012-03-05 16:05:00,0.99396,0.9943,0.99396,0.9943,25
2012-03-05 16:06:00,0.99338,0.99394,0.99338,0.99394,24
2012-03-05 16:07:00,0.99342,0.99344,0.99318,0.99336,27
2012-03-05 16:08:00,0.99332,0.99338,0.99326,0.99338,13
2012-03-05 16:09:00,0.9934,0.9934,0.99326,0.99334,17
2012-03-05 16:10:00,0.99362,0.99362,0.99342,0.99342,18
2012-03-05 16:11:00,0.99384,0.99384,0.9936,0.9936,14
2012-03-05 16:12:00,0.99372,0.99402,0.99372,0.99388,35
2012-03-05 16:13:00,0.9936,0.99374,0.9936,0.99368,18
2012-03-05 16:14:00,0.99384,0.99388,0.99362,0.99362,35
2012-03-05 16:15:00,0.99396,0.994,0.99386,0.99388,20
2012-03-05 16:16:00,0.99414,0.99418,0.994,0.994,20
2012-03-05 16:17:00,0.99444,0.99448,0.99416,0.99416,49
2012-03-05 16:18:00,0.9942,0.99444,0.9942,0.99442,17
2012-03-05 16:19:00,0.99448,0.99454,0.99416,0.99422,48
2012-03-05 16:20:00,0.99452,0.99452,0.9944,0.99446,35
2012-03-05 16:21:00,0.9946,0.99462,0.99444,0.9945,21
2012-03-05 16:22:00,0.99426,0.99462,0.99426,0.99458,36
2012-03-05 16:23:00,0.99428,0.99438,0.9942,0.99424,33
2012-03-05 16:24:00,0.99426,0.99438,0.99426,0.99426,21
2012-03-05 16:25:00,0.99426,0.99432,0.99426,0.99428,4
2012-03-05 16:26:00,0.99416,0.99428,0.99416,0.99428,8
2012-03-05 16:27:00,0.99418,0.99424,0.994,0.99418,54
2012-03-05 16:28:00,0.99406,0.99422,0.99406,0.99422,15
2012-03-05 16:29:00,0.9938,0.99402,0.99376,0.99402,21
2012-03-05 16:30:00,0.99396,0.994,0.99382,0.99382,30
2012-03-05 16:31:00,0.99396,0.99396,0.99386,0.99394,14
2012-03-05 16:32:00,0.99388,0.994,0.9938,0.994,15
2012-03-05 16:33:00,0.99394,0.99396,0.9939,0.9939,8
2012-03-05 16:34:00,0.99388,0.99404,0.99388,0.99396,16
2012-03-05 16:35:00,0.99366,0.9939,0.99366,0.9939,12
2012-03-05 16:36:00,0.99384,0.99384,0.99356,0.99362,23
2012-03-05 16:37:00,0.99408,0.99408,0.9938,0.99388,18
2012-03-05 16:38:00,0.99404,0.99406,0.99396,0.99406,13
2012-03-05 16:39:00,0.99402,0.99404,0.99396,0.99402,11
2012-03-05 16:40:00,0.99388,0.99404,0.99388,0.994,13
2012-03-05 16:41:00,0.9938,0.99394,0.9938,0.9939,11
2012-03-05 16:42:00,0.99396,0.99396,0.99366,0.99376,28
2012-03-05 16:43:00,0.99382,0.99394,0.99382,0.99394,7
2012-03-05 16:44:00,0.9936,0.9938,0.9936,0.9938,10
2012-03-05 16:45:00,0.9936,0.9936,0.99356,0.99356,2
2012-03-05 16:46:00,0.99366,0.9938,0.99362,0.99362,14
2012-03-05 16:47:00,0.99356,0.99368,0.99354,0.99368,11
2012-03-05 16:48:00,0.9935,0.9936,0.99346,0.9936,20
2012-03-05 16:49:00,0.99338,0.9936,0.99338,0.99354,19
2012-03-05 16:50:00,0.99348,0.99354,0.9934,0.9934,10
2012-03-05 16:51:00,0.9938,0.99384,0.9935,0.9935,15
2012-03-05 16:52:00,0.99352,0.99376,0.99352,0.99376,10
2012-03-05 16:53:00,0.99334,0.99356,0.99334,0.99348,26
2012-03-05 16:54:00,0.99346,0.99348,0.99336,0.99336,8
2012-03-05 16:55:00,0.9934,0.99346,0.99332,0.99342,14
2012-03-05 16:56:00,0.99328,0.99338,0.99322,0.99338,12
2012-03-05 16:57:00,0.99352,0.99354,0.99332,0.99332,14
2012-03-05 16:58:00,0.9935,0.9935,0.9934,0.99348,8
2012-03-05 16:59:00,0.99368,0.99374,0.99352,0.99354,18
2012-03-05 17:00:00,0.9937,0.99374,0.99348,0.99366,25
2012-03-05 17:01:00,0.99342,0.99368,0.9934,0.99368,20
2012-03-05 17:02:00,0.9936,0.9936,0.99338,0.9934,12
2012-03-05 17:03:00,0.9936,0.99362,0.99352,0.99356,8
2012-03-05 17:04:00,0.99362,0.99366,0.99362,0.99362,3
2012-03-05 17:05:00,0.99352,0.9936,0.99352,0.9936,4
2012-03-05 17:06:00,0.99354,0.9936,0.99352,0.99354,13
2012-03-05 17:07:00,0.99336,0.99352,0.99334,0.99352,8
2012-03-05 17:08:00,0.9934,0.9934,0.99332,0.99334,11
2012-03-05 17:09:00,0.99356,0.99356,0.99342,0.99342,8
2012-03-05 17:10:00,0.9936,0.9936,0.9936,0.9936,1
2012-03-05 17:11:00,0.99374,0.99374,0.99362,0.99362,9
2012-03-05 17:12:00,0.994,0.994,0.99376,0.99376,13
2012-03-05 17:13:00,0.994,0.99408,0.99392,0.99396,14
2012-03-05 17:14:00,0.99404,0.99408,0.994,0.99402,14
2012-03-05 17:15:00,0.99414,0.99418,0.994,0.99402,15
2012-03-05 17:16:00,0.99404,0.9941,0.994,0.9941,9
2012-03-05 17:17:00,0.99404,0.99408,0.99396,0.99408,8
2012-03-05 17:18:00,0.99402,0.99408,0.994,0.99402,13
2012-03-05 17:19:00,0.99394,0.99404,0.99388,0.994,15
2012-03-05 17:20:00,0.9939,0.99392,0.99388,0.99392,3
2012-03-05 17:21:00,0.99388,0.99394,0.9938,0.99394,9
2012-03-05 17:22:00,0.99386,0.9939,0.99386,0.9939,3
2012-03-05 17:23:00,0.99416,0.99424,0.99388,0.99388,31
2012-03-05 17:24:00,0.9941,0.99414,0.99406,0.99414,20
2012-03-05 17:25:00,0.99406,0.99414,0.99406,0.99408,12
2012-03-05 17:26:00,0.994,0.99408,0.994,0.99408,4
2012-03-05 17:27:00,0.99396,0.99396,0.99386,0.99396,17
2012-03-05 17:28:00,0.99396,0.99396,0.99388,0.99394,6
2012-03-05 17:29:00,0.994,0.99402,0.994,0.994,5
2012-03-05 17:30:00,0.9941,0.9941,0.99402,0.99402,4
2012-03-05 17:31:00,0.99418,0.99418,0.99408,0.99408,5
2012-03-05 17:32:00,0.99406,0.99416,0.994,0.99416,15
2012-03-05 17:33:00,0.994,0.99408,0.994,0.99408,18
2012-03-05 17:34:00,0.99388,0.99396,0.99386,0.99396,6
2012-03-05 17:35:00,0.99384,0.99394,0.99382,0.9939,7
2012-03-05 17:36:00,0.99354,0.99382,0.99352,0.99382,17
2012-03-05 17:38:00,0.99354,0.9936,0.99354,0.99356,4
2012-03-05 17:39:00,0.99354,0.9936,0.99354,0.99356,4
2012-03-05 17:40:00,0.99354,0.99362,0.99354,0.99356,22
2012-03-05 17:41:00,0.99356,0.9936,0.99356,0.99356,5
2012-03-05 17:42:00,0.9936,0.9937,0.9936,0.9936,9
2012-03-05 17:43:00,0.99368,0.99374,0.9936,0.99362,15
2012-03-05 17:44:00,0.99362,0.99368,0.99354,0.99366,14
2012-03-05 17:45:00,0.99366,0.99366,0.9936,0.9936,3
2012-03-05 17:46:00,0.99352,0.99368,0.99352,0.99368,13
2012-03-05 17:47:00,0.99356,0.99356,0.99346,0.99348,14
2012-03-05 17:48:00,0.9936,0.99362,0.99348,0.99354,11
2012-03-05 17:49:00,0.99362,0.99362,0.99356,0.99356,7
2012-03-05 17:50:00,0.99368,0.9937,0.99366,0.99366,6
2012-03-05 17:51:00,0.99376,0.99376,0.99368,0.9937,5
2012-03-05 17:53:00,0.99388,0.99388,0.9938,0.9938,8
2012-03-05 17:54:00,0.99408,0.99408,0.9939,0.9939,9
2012-03-05 17:55:00,0.99402,0.99406,0.99396,0.99406,12
2012-03-05 17:56:00,0.994,0.99404,0.99396,0.994,9
2012-03-05 17:57:00,0.99424,0.99424,0.99402,0.99402,13
2012-03-05 17:58:00,0.99416,0.99422,0.99416,0.99422,3
2012-03-05 17:59:00,0.99396,0.99424,0.99396,0.99414,21
2012-03-05 18:00:00,0.9941,0.99424,0.99396,0.994,25
2012-03-05 18:01:00,0.99408,0.99408,0.99406,0.99408,3
2012-03-05 18:02:00,0.99396,0.99406,0.99396,0.99406,6
2012-03-05 18:03:00,0.99392,0.99394,0.9939,0.99392,11
2012-03-05 18:04:00,0.99404,0.99406,0.99394,0.99394,16
2012-03-05 18:05:00,0.99384,0.9941,0.99384,0.99406,29
2012-03-05 18:06:00,0.99378,0.99386,0.99378,0.99382,16
2012-03-05 18:07:00,0.99384,0.99386,0.99376,0.99376,14
2012-03-05 18:08:00,0.99386,0.9939,0.99386,0.99386,3
2012-03-05 18:09:00,0.99404,0.99404,0.9939,0.9939,10
2012-03-05 18:10:00,0.99406,0.99414,0.99406,0.99406,11
2012-03-05 18:11:00,0.9941,0.99412,0.99406,0.9941,5
2012-03-05 18:12:00,0.994,0.99414,0.99396,0.99412,13
2012-03-05 18:13:00,0.9941,0.9941,0.99396,0.99398,9
2012-03-05 18:14:00,0.99406,0.99406,0.99404,0.99406,3
2012-03-05 18:15:00,0.994,0.9941,0.99398,0.9941,16
2012-03-05 18:16:00,0.9939,0.99404,0.99386,0.99404,10
2012-03-05 18:17:00,0.99394,0.99394,0.99386,0.99386,6
2012-03-05 18:18:00,0.994,0.99404,0.99392,0.99398,10
2012-03-05 18:19:00,0.9941,0.9941,0.99396,0.99398,13
2012-03-05 18:20:00,0.9942,0.99426,0.99412,0.99412,14
2012-03-05 18:21:00,0.99418,0.99424,0.99418,0.99424,3
2012-03-05 18:22:00,0.99392,0.99416,0.99392,0.99416,9
2012-03-05 18:23:00,0.99404,0.99406,0.99394,0.99394,6
2012-03-05 18:24:00,0.99398,0.99406,0.99396,0.99406,10
2012-03-05 18:25:00,0.99398,0.99404,0.99396,0.994,8
2012-03-05 18:26:00,0.9941,0.99412,0.994,0.994,6
2012-03-05 18:27:00,0.99406,0.99414,0.99406,0.99412,9
2012-03-05 18:28:00,0.994,0.99406,0.99398,0.99404,8
2012-03-05 18:29:00,0.994,0.99404,0.99398,0.99404,6
2012-03-05 18:30:00,0.9941,0.9941,0.99404,0.99404,7
2012-03-05 18:31:00,0.99412,0.99418,0.9941,0.99412,11
2012-03-05 18:32:00,0.99412,0.99414,0.9941,0.99414,6
2012-03-05 18:33:00,0.99418,0.99418,0.99412,0.99414,4
2012-03-05 18:34:00,0.99416,0.9942,0.99416,0.9942,3
2012-03-05 18:35:00,0.99424,0.99424,0.99418,0.99418,7
2012-03-05 18:36:00,0.99426,0.99426,0.99426,0.99426,1
2012-03-05 18:38:00,0.99416,0.99424,0.99416,0.99424,8
2012-03-05 18:39:00,0.99418,0.9942,0.99418,0.99418,3
2012-03-05 18:40:00,0.99418,0.9942,0.99418,0.9942,2
2012-03-05 18:41:00,0.99416,0.99418,0.99416,0.99416,3
2012-03-05 18:42:00,0.99406,0.99412,0.99406,0.99412,3
2012-03-05 18:43:00,0.99418,0.99418,0.9941,0.9941,4
2012-03-05 18:44:00,0.99412,0.99416,0.9941,0.99416,6
2012-03-05 18:45:00,0.99414,0.99414,0.9941,0.9941,9
2012-03-05 18:46:00,0.99412,0.99412,0.9941,0.99412,3
2012-03-05 18:47:00,0.99412,0.99412,0.9941,0.9941,4
2012-03-05 18:49:00,0.99424,0.99424,0.99414,0.99414,4
2012-03-05 18:50:00,0.99416,0.99424,0.99412,0.9942,11
2012-03-05 18:51:00,0.99424,0.99424,0.99418,0.99418,11
2012-03-05 18:52:00,0.99444,0.99446,0.99426,0.99426,13
2012-03-05 18:53:00,0.9942,0.9944,0.9942,0.9944,8
2012-03-05 18:54:00,0.99418,0.99426,0.99418,0.99424,5
2012-03-05 18:55:00,0.99416,0.99424,0.99412,0.99416,13
2012-03-05 18:56:00,0.99406,0.99412,0.99406,0.99412,3
2012-03-05 18:57:00,0.99404,0.99404,0.99404,0.99404,1
2012-03-05 18:58:00,0.9942,0.9942,0.99406,0.99406,8
2012-03-05 18:59:00,0.99416,0.99424,0.99416,0.99424,4
2012-03-05 19:00:00,0.994,0.99412,0.994,0.99412,9
2012-03-05 19:01:00,0.99398,0.99404,0.99396,0.99404,9
2012-03-05 19:02:00,0.99394,0.99398,0.99392,0.99396,5
2012-03-05 19:03:00,0.99394,0.99394,0.99392,0.99392,4
2012-03-05 19:04:00,0.99404,0.99406,0.99398,0.99398,9
2012-03-05 19:05:00,0.99398,0.994,0.99398,0.994,4
2012-03-05 19:06:00,0.99398,0.99398,0.99392,0.99396,4
2012-03-05 19:07:00,0.99398,0.994,0.99398,0.994,2
2012-03-05 19:08:00,0.99398,0.99404,0.99398,0.994,4
2012-03-05 19:09:00,0.994,0.994,0.99398,0.994,3
2012-03-05 19:10:00,0.99398,0.994,0.99398,0.99398,3
2012-03-05 19:11:00,0.99396,0.99404,0.99396,0.994,5
2012-03-05 19:12:00,0.9939,0.99392,0.99386,0.99392,10
2012-03-05 19:13:00,0.99386,0.99392,0.99386,0.99392,7
2012-03-05 19:15:00,0.99384,0.99384,0.99384,0.99384,1
2012-03-05 19:16:00,0.99384,0.99384,0.99382,0.99382,2
2012-03-05 19:17:00,0.9938,0.99386,0.99378,0.99386,5
2012-03-05 19:18:00,0.9938,0.99384,0.99376,0.99384,8
2012-03-05 19:19:00,0.99378,0.9938,0.99378,0.99378,3
2012-03-05 19:20:00,0.99376,0.9938,0.99376,0.9938,3
2012-03-05 19:21:00,0.9937,0.99374,0.99366,0.99372,6
2012-03-05 19:22:00,0.9937,0.99374,0.99366,0.99366,8
2012-03-05 19:23:00,0.99394,0.99394,0.99372,0.99372,17
2012-03-05 19:24:00,0.99386,0.99394,0.99382,0.99392,11
2012-03-05 19:25:00,0.99394,0.99394,0.9939,0.9939,7
2012-03-05 19:26:00,0.9939,0.99392,0.99384,0.99392,8
2012-03-05 19:27:00,0.9936,0.99386,0.99356,0.99386,24
2012-03-05 19:28:00,0.99344,0.99358,0.99344,0.99358,6
2012-03-05 19:29:00,0.99346,0.99346,0.99338,0.99342,5
2012-03-05 19:30:00,0.99348,0.9935,0.99336,0.9935,22
2012-03-05 19:31:00,0.99342,0.99344,0.99342,0.99344,2
2012-03-05 19:32:00,0.99346,0.99346,0.99344,0.99344,2
2012-03-05 19:33:00,0.99388,0.99394,0.9935,0.9935,20
2012-03-05 19:34:00,0.9938,0.9939,0.99376,0.99386,11
2012-03-05 19:35:00,0.99392,0.99396,0.99382,0.99382,8
2012-03-05 19:36:00,0.9938,0.99388,0.9938,0.99388,8
2012-03-05 19:38:00,0.99368,0.99376,0.99368,0.99376,8
2012-03-05 19:39:00,0.99372,0.99374,0.9937,0.9937,3
2012-03-05 19:40:00,0.9937,0.99376,0.99368,0.99374,8
2012-03-05 19:41:00,0.9938,0.9938,0.99374,0.99374,3
2012-03-05 19:42:00,0.99388,0.99388,0.99382,0.99382,5
2012-03-05 19:43:00,0.9938,0.99386,0.9938,0.99386,3
2012-03-05 19:44:00,0.99388,0.99388,0.99382,0.99382,5
2012-03-05 19:45:00,0.9937,0.99386,0.99368,0.99386,8
2012-03-05 19:46:00,0.99376,0.99376,0.99368,0.99368,4
2012-03-05 19:47:00,0.99388,0.99388,0.9938,0.9938,4
2012-03-05 19:48:00,0.99388,0.99396,0.99382,0.99386,14
2012-03-05 19:49:00,0.994,0.99408,0.9939,0.9939,12
2012-03-05 19:50:00,0.9938,0.99402,0.9938,0.99396,15
2012-03-05 19:51:00,0.9939,0.9939,0.99382,0.99382,8
2012-03-05 19:52:00,0.99382,0.99394,0.9938,0.99388,13
2012-03-05 19:53:00,0.99388,0.99388,0.99376,0.99384,12
2012-03-05 19:54:00,0.99396,0.99396,0.9939,0.9939,3
2012-03-05 19:55:00,0.9938,0.994,0.9938,0.994,8
2012-03-05 19:56:00,0.99376,0.99376,0.99368,0.99376,7
2012-03-05 19:57:00,0.99368,0.99374,0.99366,0.99374,7
2012-03-05 19:58:00,0.9936,0.99376,0.99356,0.9937,15
2012-03-05 19:59:00,0.99388,0.99396,0.9936,0.99362,40
2012-03-05 20:00:00,0.99388,0.99396,0.9938,0.99386,24
2012-03-05 20:01:00,0.99384,0.99386,0.99376,0.99386,11
2012-03-05 20:02:00,0.99382,0.99382,0.99382,0.99382,1
2012-03-05 20:03:00,0.99388,0.99394,0.99384,0.99384,8
2012-03-05 20:05:00,0.99386,0.99394,0.99386,0.9939,11
2012-03-05 20:06:00,0.99394,0.99394,0.99388,0.99388,5
2012-03-05 20:07:00,0.99386,0.99408,0.99386,0.99396,17
2012-03-05 20:08:00,0.9938,0.99384,0.9938,0.99382,6
2012-03-05 20:09:00,0.99374,0.99382,0.99374,0.99382,4
2012-03-05 20:10:00,0.9938,0.99382,0.99372,0.99372,10
2012-03-05 20:11:00,0.9938,0.99382,0.99376,0.99376,4
2012-03-05 20:13:00,0.99384,0.99384,0.99382,0.99382,6
2012-03-05 20:16:00,0.9938,0.99382,0.9938,0.99382,2
2012-03-05 20:18:00,0.9938,0.99384,0.9938,0.99382,4
2012-03-05 20:19:00,0.99372,0.99376,0.99372,0.99376,3
2012-03-05 20:20:00,0.9936,0.9937,0.9936,0.99368,10
2012-03-05 20:21:00,0.99352,0.99362,0.99352,0.99362,13
2012-03-05 20:22:00,0.99356,0.99356,0.99348,0.99348,6
2012-03-05 20:23:00,0.99366,0.99366,0.9936,0.9936,3
2012-03-05 20:25:00,0.9937,0.9937,0.99368,0.99368,2
2012-03-05 20:26:00,0.9937,0.9937,0.99368,0.99368,2
2012-03-05 20:27:00,0.99368,0.99368,0.99368,0.99368,1
2012-03-05 20:28:00,0.99368,0.99374,0.99368,0.9937,4
2012-03-05 20:30:00,0.99362,0.9937,0.99362,0.9937,6
2012-03-05 20:31:00,0.99368,0.9937,0.99366,0.99366,6
2012-03-05 20:33:00,0.99366,0.99366,0.99366,0.99366,1
2012-03-05 20:34:00,0.99384,0.99384,0.99368,0.99368,7
2012-03-05 20:35:00,0.99386,0.99388,0.99386,0.99388,2
2012-03-05 20:36:00,0.9938,0.99382,0.99376,0.99382,4
2012-03-05 20:37:00,0.99376,0.99376,0.99376,0.99376,1
2012-03-05 20:38:00,0.9938,0.9938,0.99376,0.9938,3
2012-03-05 20:40:00,0.994,0.994,0.9938,0.99382,17
2012-03-05 20:41:00,0.99404,0.99404,0.994,0.99402,6
2012-03-05 20:42:00,0.9941,0.9941,0.99408,0.99408,4
2012-03-05 20:43:00,0.99406,0.99414,0.99406,0.99414,4
2012-03-05 20:45:00,0.99394,0.99402,0.99386,0.99402,14
2012-03-05 20:46:00,0.99408,0.99408,0.99392,0.99392,7
2012-03-05 20:47:00,0.99404,0.99406,0.99402,0.99406,3
2012-03-05 20:48:00,0.9941,0.99414,0.99408,0.99408,8
2012-03-05 20:49:00,0.99408,0.99414,0.99408,0.99414,5
2012-03-05 20:50:00,0.99408,0.9941,0.99408,0.9941,2
2012-03-05 20:51:00,0.99414,0.99414,0.9941,0.9941,2
2012-03-05 20:52:00,0.99408,0.99414,0.99408,0.9941,12
2012-03-05 20:53:00,0.99414,0.99414,0.9941,0.9941,2
2012-03-05 20:54:00,0.99422,0.99422,0.99416,0.99416,5
2012-03-05 20:55:00,0.99408,0.9942,0.99408,0.9942,11
2012-03-05 20:56:00,0.99404,0.99414,0.99396,0.9941,13
2012-03-05 20:57:00,0.99406,0.99414,0.99406,0.99408,6
2012-03-05 20:58:00,0.9942,0.99422,0.99408,0.99408,9
2012-03-05 20:59:00,0.9941,0.99422,0.9941,0.99416,25
2012-03-05 21:00:00,0.99412,0.99416,0.99408,0.99414,6
2012-03-05 21:01:00,0.99412,0.99416,0.99408,0.99408,4
2012-03-05 21:02:00,0.99424,0.99432,0.99404,0.99416,23
2012-03-05 21:03:00,0.99437,0.99437,0.99428,0.99428,11
2012-03-05 21:04:00,0.99417,0.99433,0.99405,0.99433,15
2012-03-05 21:05:00,0.99409,0.99421,0.99405,0.99421,6
2012-03-05 21:06:00,0.99409,0.99409,0.99405,0.99405,2
2012-03-05 21:07:00,0.99421,0.99425,0.99405,0.99405,7
2012-03-05 21:08:00,0.99402,0.99438,0.99402,0.99425,13
2012-03-05 21:09:00,0.99414,0.99414,0.99406,0.99406,5
2012-03-05 21:10:00,0.99414,0.99422,0.99414,0.99418,8
2012-03-05 21:11:00,0.99418,0.99418,0.99418,0.99418,1
2012-03-05 21:12:00,0.99435,0.99439,0.99422,0.99422,12
2012-03-05 21:13:00,0.99436,0.99448,0.99436,0.99439,6
2012-03-05 21:14:00,0.99432,0.9944,0.99428,0.9944,7
2012-03-05 21:15:00,0.99428,0.99428,0.9942,0.99428,5
2012-03-05 21:16:00,0.99448,0.99448,0.99432,0.99432,7
2012-03-05 21:17:00,0.99452,0.9946,0.99452,0.99452,11
2012-03-05 21:18:00,0.99448,0.99448,0.99448,0.99448,1
2012-03-05 21:19:00,0.99448,0.99452,0.99448,0.99452,4
2012-03-05 21:20:00,0.99444,0.99448,0.99444,0.99444,5
2012-03-05 21:21:00,0.99448,0.99448,0.99448,0.99448,1
2012-03-05 21:22:00,0.99452,0.99452,0.9944,0.99444,5
2012-03-05 21:23:00,0.99452,0.9946,0.99448,0.99448,20
2012-03-05 21:24:00,0.99452,0.99452,0.99448,0.99448,2
2012-03-05 21:25:00,0.9944,0.99452,0.9944,0.99448,15
2012-03-05 21:26:00,0.99456,0.9946,0.9944,0.99444,14
2012-03-05 21:27:00,0.99452,0.99486,0.99448,0.99452,23
2012-03-05 21:28:00,0.9944,0.99448,0.9944,0.99448,3
2012-03-05 21:29:00,0.99432,0.99436,0.99428,0.99436,6
2012-03-05 21:30:00,0.99444,0.99444,0.99428,0.99428,5
2012-03-05 21:31:00,0.99449,0.99453,0.9944,0.9944,5
2012-03-05 21:32:00,0.99445,0.99445,0.99445,0.99445,1
2012-03-05 21:34:00,0.99445,0.99445,0.99437,0.99441,6
2012-03-05 21:35:00,0.99449,0.99453,0.99441,0.99441,11
2012-03-05 21:36:00,0.99461,0.99461,0.99445,0.99445,5
2012-03-05 21:38:00,0.99457,0.99481,0.99449,0.99465,21
2012-03-05 21:39:00,0.99445,0.99453,0.99445,0.99453,3
2012-03-05 21:40:00,0.99445,0.99445,0.99441,0.99441,2
2012-03-05 21:41:00,0.99441,0.99449,0.99441,0.99449,3
2012-03-05 21:42:00,0.99449,0.99449,0.99437,0.99445,6
2012-03-05 21:43:00,0.99441,0.99445,0.99429,0.99445,10
2012-03-05 21:44:00,0.99473,0.99473,0.99445,0.99445,10
2012-03-05 21:45:00,0.9945,0.9947,0.99448,0.99469,22
2012-03-05 21:46:00,0.99441,0.99461,0.99421,0.99446,33
2012-03-05 21:47:00,0.99447,0.99455,0.99438,0.99445,17
2012-03-05 21:48:00,0.99439,0.99443,0.99423,0.99443,14
2012-03-05 21:49:00,0.99423,0.99435,0.99415,0.99435,20
2012-03-05 21:50:00,0.99429,0.99434,0.99398,0.99419,20
2012-03-05 21:51:00,0.99421,0.99437,0.99409,0.99433,11
2012-03-05 21:53:00,0.99416,0.99429,0.99416,0.99425,5
2012-03-05 21:54:00,0.9942,0.9944,0.99404,0.9942,18
2012-03-05 21:55:00,0.99432,0.99432,0.9942,0.99424,5
2012-03-05 21:57:00,0.99438,0.99464,0.99429,0.99436,27
2012-03-05 21:58:00,0.99442,0.99442,0.99442,0.99442,1
2012-03-05 21:59:00,0.99463,0.99463,0.99443,0.99447,11
2012-03-05 22:00:00,0.99448,0.99467,0.99448,0.99467,5
2012-03-05 22:01:00,0.99456,0.99456,0.99444,0.99444,4
2012-03-05 22:03:00,0.99476,0.99476,0.9946,0.9946,5
2012-03-05 22:04:00,0.99472,0.99476,0.99464,0.99472,7
2012-03-05 22:05:00,0.99455,0.99467,0.99455,0.99467,4
2012-03-05 22:06:00,0.9945,0.99451,0.99438,0.99451,7
2012-03-05 22:07:00,0.99449,0.99449,0.99441,0.99446,4
2012-03-05 22:09:00,0.99455,0.99459,0.99437,0.99445,11
2012-03-05 22:10:00,0.99459,0.99463,0.99455,0.99459,5
2012-03-05 22:11:00,0.99463,0.99463,0.99463,0.99463,1
2012-03-05 22:12:00,0.99467,0.99467,0.99467,0.99467,1
2012-03-05 22:13:00,0.99463,0.99463,0.99463,0.99463,1
2012-03-05 22:15:00,0.99471,0.99471,0.99467,0.99467,2
2012-03-05 22:16:00,0.99459,0.99467,0.99459,0.99467,3
2012-03-05 22:17:00,0.99455,0.99455,0.99455,0.99455,1
2012-03-05 22:18:00,0.99375,0.99451,0.99375,0.99451,11
2012-03-05 22:19:00,0.99429,0.99429,0.99373,0.9938,55
2012-03-05 22:20:00,0.99429,0.99437,0.99429,0.99433,4
2012-03-05 22:22:00,0.99433,0.99433,0.99433,0.99433,1
2012-03-05 22:23:00,0.99433,0.99437,0.99433,0.99437,8
2012-03-05 22:24:00,0.99433,0.99441,0.99433,0.99437,4
2012-03-05 22:25:00,0.99429,0.99433,0.99429,0.99429,3
2012-03-05 22:26:00,0.99433,0.99441,0.99433,0.99433,5
2012-03-05 22:27:00,0.99425,0.99429,0.99425,0.99429,2
2012-03-05 22:28:00,0.99456,0.99479,0.99402,0.99429,87
2012-03-05 22:29:00,0.99454,0.99458,0.9943,0.99452,32
2012-03-05 22:30:00,0.99433,0.99458,0.99433,0.99458,7
2012-03-05 22:31:00,0.99451,0.99455,0.99421,0.99429,20
2012-03-05 22:32:00,0.99446,0.99446,0.99432,0.99446,7
2012-03-05 22:33:00,0.99455,0.99455,0.9945,0.9945,2
2012-03-05 22:35:00,0.99459,0.99463,0.99459,0.99459,3
2012-03-05 22:37:00,0.99455,0.99455,0.99455,0.99455,1
2012-03-05 22:38:00,0.99447,0.99451,0.99443,0.99451,4
2012-03-05 22:39:00,0.99471,0.99471,0.99451,0.99451,6
2012-03-05 22:40:00,0.99475,0.99479,0.99475,0.99475,3
2012-03-05 22:41:00,0.99471,0.99483,0.99471,0.99479,5
2012-03-05 22:42:00,0.99443,0.99467,0.99439,0.99467,9
2012-03-05 22:43:00,0.99446,0.99458,0.99446,0.99448,8
2012-03-05 22:44:00,0.99436,0.99463,0.99418,0.9945,24
2012-03-05 22:45:00,0.99473,0.99473,0.99432,0.99432,10
2012-03-05 22:46:00,0.99449,0.99485,0.99449,0.99477,12
2012-03-05 22:47:00,0.99414,0.99468,0.99414,0.99455,23
2012-03-05 22:48:00,0.9947,0.99474,0.99418,0.99418,22
2012-03-05 22:49:00,0.99458,0.99466,0.99458,0.99466,3
2012-03-05 22:53:00,0.99462,0.99462,0.99462,0.99462,1
2012-03-05 22:55:00,0.99466,0.99466,0.99466,0.99466,1
2012-03-05 22:56:00,0.9947,0.9947,0.9947,0.9947,1
2012-03-05 22:57:00,0.99473,0.99473,0.99457,0.99466,7
2012-03-05 22:58:00,0.99469,0.99469,0.99469,0.99469,1
2012-03-05 23:00:00,0.9946,0.9947,0.99458,0.9947,14
2012-03-05 23:01:00,0.99464,0.99472,0.99464,0.99464,9
2012-03-05 23:02:00,0.9946,0.9946,0.99458,0.9946,3
2012-03-05 23:03:00,0.9946,0.9947,0.9946,0.99464,6
2012-03-05 23:04:00,0.99466,0.99466,0.99464,0.99464,2
2012-03-05 23:05:00,0.9947,0.99482,0.9947,0.9947,17
2012-03-05 23:06:00,0.99458,0.99466,0.99452,0.99466,14
2012-03-05 23:07:00,0.99454,0.99454,0.99454,0.99454,1
2012-03-05 23:08:00,0.99452,0.99452,0.99452,0.99452,1
2012-03-05 23:09:00,0.99454,0.99458,0.99454,0.99454,3
2012-03-05 23:12:00,0.99454,0.99454,0.99442,0.99452,8
2012-03-05 23:13:00,0.99454,0.99454,0.99452,0.99452,2
2012-03-05 23:14:00,0.99454,0.99454,0.99452,0.99452,2
2012-03-05 23:15:00,0.99458,0.99458,0.99458,0.99458,1
2012-03-05 23:16:00,0.99454,0.99454,0.99452,0.99454,3
2012-03-05 23:18:00,0.99454,0.99454,0.99452,0.99452,2
2012-03-05 23:20:00,0.99452,0.9946,0.99452,0.99452,7
2012-03-05 23:25:00,0.99454,0.99454,0.99454,0.99454,1
2012-03-05 23:26:00,0.99476,0.99476,0.99458,0.99458,11
2012-03-05 23:27:00,0.99458,0.99472,0.99458,0.99472,6
2012-03-05 23:28:00,0.99452,0.99454,0.99452,0.99454,2
2012-03-05 23:29:00,0.99426,0.99448,0.99426,0.99448,10
2012-03-05 23:30:00,0.9943,0.99432,0.9943,0.9943,3
2012-03-05 23:34:00,0.99426,0.99426,0.99426,0.99426,1
2012-03-05 23:35:00,0.99426,0.99426,0.99424,0.99424,2
2012-03-05 23:36:00,0.99414,0.99424,0.99412,0.99424,10
2012-03-05 23:37:00,0.99414,0.99414,0.99412,0.99412,2
2012-03-05 23:38:00,0.99412,0.99414,0.99412,0.99412,3
2012-03-05 23:39:00,0.99414,0.99414,0.99408,0.99408,3
2012-03-05 23:40:00,0.9942,0.9942,0.99418,0.99418,2
2012-03-05 23:41:00,0.99424,0.9943,0.99418,0.99424,11
2012-03-05 23:44:00,0.9942,0.9942,0.9942,0.9942,1
2012-03-05 23:46:00,0.99414,0.99418,0.99414,0.99418,2
2012-03-05 23:47:00,0.99412,0.99412,0.99408,0.99412,3
2012-03-05 23:48:00,0.99412,0.99412,0.99408,0.99408,2
2012-03-05 23:49:00,0.99408,0.99408,0.99408,0.99408,1
2012-03-05 23:55:00,0.99402,0.99406,0.99402,0.99406,2
2012-03-05 23:56:00,0.994,0.994,0.994,0.994,1
2012-03-05 23:57:00,0.99394,0.99396,0.99394,0.99396,2
2012-03-05 23:58:00,0.99396,0.99396,0.99396,0.99396,1
2012-03-05 23:59:00,0.994,0.994,0.994,0.994,1
2012-03-06 00:00:00,0.99402,0.99402,0.99396,0.99396,15
2012-03-06 00:01:00,0.994,0.994,0.99394,0.994,5
2012-03-06 00:03:00,0.99394,0.99402,0.9939,0.99402,6
2012-03-06 00:04:00,0.99402,0.99402,0.99396,0.99396,3
2012-03-06 00:05:00,0.99394,0.99402,0.99394,0.994,10
2012-03-06 00:07:00,0.9939,0.99396,0.99388,0.99396,5
2012-03-06 00:08:00,0.99394,0.99394,0.99388,0.99388,3
2012-03-06 00:09:00,0.99388,0.9939,0.99388,0.9939,2
2012-03-06 00:10:00,0.994,0.994,0.9939,0.9939,8
2012-03-06 00:11:00,0.994,0.99402,0.994,0.99402,2
2012-03-06 00:12:00,0.99402,0.99402,0.99402,0.99402,1
2012-03-06 00:13:00,0.994,0.99404,0.994,0.99404,3
2012-03-06 00:14:00,0.99404,0.99404,0.99402,0.99402,5
2012-03-06 00:15:00,0.99399,0.99402,0.99399,0.99402,2
2012-03-06 00:16:00,0.99399,0.99401,0.99399,0.99401,2
2012-03-06 00:18:00,0.9941,0.9941,0.99401,0.99401,4
2012-03-06 00:19:00,0.99418,0.99418,0.99413,0.99413,3
2012-03-06 00:20:00,0.99424,0.99424,0.99421,0.99421,4
2012-03-06 00:21:00,0.99427,0.99427,0.99427,0.99427,1
2012-03-06 00:22:00,0.9943,0.99433,0.9943,0.9943,3
2012-03-06 00:24:00,0.99427,0.99433,0.99427,0.99433,3
2012-03-06 00:25:00,0.99421,0.99424,0.99419,0.99424,4
2012-03-06 00:26:00,0.99424,0.99424,0.99424,0.99424,1
2012-03-06 00:27:00,0.99433,0.99435,0.99422,0.99422,9
2012-03-06 00:28:00,0.9943,0.99438,0.9943,0.99435,5
2012-03-06 00:29:00,0.99424,0.9943,0.99424,0.99427,4
2012-03-06 00:30:00,0.99405,0.99422,0.99405,0.99422,15
2012-03-06 00:31:00,0.99415,0.99415,0.99407,0.99407,6
2012-03-06 00:32:00,0.99413,0.99413,0.99413,0.99413,1
2012-03-06 00:33:00,0.99405,0.9941,0.99405,0.9941,3
2012-03-06 00:34:00,0.99399,0.99402,0.99399,0.99402,2
2012-03-06 00:35:00,0.99393,0.99396,0.99393,0.99396,2
2012-03-06 00:36:00,0.99388,0.9939,0.99388,0.9939,2
2012-03-06 00:38:00,0.99387,0.99387,0.99385,0.99385,2
2012-03-06 00:43:00,0.99388,0.99398,0.99388,0.9939,10
2012-03-06 00:44:00,0.99396,0.99396,0.9939,0.9939,3
2012-03-06 00:45:00,0.99396,0.99396,0.99385,0.99393,14
2012-03-06 00:46:00,0.99388,0.99396,0.99388,0.99393,7
2012-03-06 00:47:00,0.99382,0.99385,0.99382,0.99385,2
2012-03-06 00:48:00,0.99385,0.99387,0.99384,0.99384,3
2012-03-06 00:50:00,0.99382,0.99382,0.99382,0.99382,1
2012-03-06 00:51:00,0.99384,0.99384,0.99379,0.99379,3
2012-03-06 00:52:00,0.99379,0.99382,0.99379,0.99382,2
2012-03-06 00:53:00,0.99379,0.99379,0.99376,0.99376,2
2012-03-06 00:54:00,0.99381,0.99381,0.99376,0.99376,3
2012-03-06 00:55:00,0.9939,0.9939,0.99384,0.99384,3
2012-03-06 00:59:00,0.99393,0.99393,0.99371,0.99388,25
2012-03-06 01:00:00,0.99385,0.9939,0.99385,0.9939,5
2012-03-06 01:01:00,0.99385,0.99387,0.99385,0.99387,2
2012-03-06 01:02:00,0.9939,0.9939,0.99382,0.99382,4
2012-03-06 01:03:00,0.99404,0.99404,0.99393,0.99393,5
2012-03-06 01:04:00,0.9941,0.9941,0.99407,0.99407,2
2012-03-06 01:05:00,0.99415,0.99415,0.99413,0.99413,2
2012-03-06 01:06:00,0.99418,0.99418,0.99418,0.99418,1
2012-03-06 01:07:00,0.99438,0.99438,0.99421,0.99421,11
2012-03-06 01:08:00,0.99441,0.99444,0.99441,0.99441,3
2012-03-06 01:09:00,0.99458,0.99458,0.99444,0.99444,12
2012-03-06 01:10:00,0.99461,0.99461,0.99456,0.99456,3
2012-03-06 01:11:00,0.99453,0.99458,0.99453,0.99458,3
2012-03-06 01:12:00,0.99455,0.99455,0.99455,0.99455,1
2012-03-06 01:13:00,0.99464,0.99464,0.99458,0.99458,5
2012-03-06 01:14:00,0.99469,0.99469,0.99467,0.99467,2
2012-03-06 01:15:00,0.99501,0.99503,0.99472,0.99472,29
2012-03-06 01:16:00,0.99493,0.99498,0.99493,0.99498,3
2012-03-06 01:17:00,0.99501,0.99501,0.99484,0.9949,11
2012-03-06 01:18:00,0.99495,0.99498,0.99495,0.99498,2
2012-03-06 01:19:00,0.9951,0.99512,0.99498,0.99498,9
2012-03-06 01:20:00,0.99501,0.99509,0.9949,0.99507,22
2012-03-06 01:21:00,0.99492,0.99498,0.99484,0.99498,13
2012-03-06 01:22:00,0.9949,0.99503,0.9949,0.99495,17
2012-03-06 01:23:00,0.99498,0.99498,0.99481,0.99487,23
2012-03-06 01:24:00,0.99498,0.99498,0.99493,0.99495,4
2012-03-06 01:25:00,0.9949,0.99503,0.99487,0.99495,23
2012-03-06 01:26:00,0.99484,0.99489,0.99484,0.99487,6
2012-03-06 01:27:00,0.99484,0.99503,0.99484,0.99486,16
2012-03-06 01:28:00,0.99484,0.99492,0.99484,0.99486,6
2012-03-06 01:29:00,0.99467,0.99481,0.99467,0.99481,12
2012-03-06 01:30:00,0.99472,0.99481,0.99461,0.99464,18
2012-03-06 01:31:00,0.99469,0.99472,0.99467,0.9947,5
2012-03-06 01:32:00,0.99481,0.99481,0.99464,0.99467,10
2012-03-06 01:33:00,0.99484,0.99486,0.99475,0.99478,9
2012-03-06 01:35:00,0.99504,0.99504,0.99486,0.99486,7
2012-03-06 01:36:00,0.99509,0.99509,0.99506,0.99506,2
2012-03-06 01:37:00,0.99509,0.99509,0.99507,0.99507,2
2012-03-06 01:38:00,0.99504,0.99507,0.99504,0.99507,2
2012-03-06 01:39:00,0.99495,0.99501,0.9949,0.99501,9
2012-03-06 01:40:00,0.99489,0.99493,0.99487,0.99493,4
2012-03-06 01:41:00,0.99489,0.99489,0.99487,0.99487,2
2012-03-06 01:43:00,0.99478,0.99487,0.99478,0.99487,4
2012-03-06 01:44:00,0.99489,0.99489,0.99481,0.99481,4
2012-03-06 01:47:00,0.99484,0.99487,0.99481,0.99487,4
2012-03-06 01:48:00,0.99489,0.99489,0.99484,0.99486,8
2012-03-06 01:49:00,0.99489,0.99489,0.99487,0.99487,2
2012-03-06 01:50:00,0.99498,0.99498,0.99492,0.99492,3
2012-03-06 01:51:00,0.99509,0.99509,0.99501,0.99501,4
2012-03-06 01:52:00,0.99518,0.99518,0.99512,0.99512,3
2012-03-06 01:53:00,0.99526,0.99526,0.9952,0.9952,3
2012-03-06 01:54:00,0.99541,0.99543,0.99529,0.99529,7
2012-03-06 01:55:00,0.99544,0.99546,0.99538,0.99538,5
2012-03-06 01:56:00,0.99518,0.99541,0.99518,0.99541,13
2012-03-06 01:57:00,0.99518,0.99532,0.99518,0.9952,26
2012-03-06 01:58:00,0.99515,0.99515,0.99515,0.99515,1
2012-03-06 02:00:00,0.99521,0.99526,0.99518,0.99518,6
2012-03-06 02:01:00,0.99507,0.99518,0.99507,0.99518,5
2012-03-06 02:02:00,0.99523,0.99523,0.99509,0.99509,8
2012-03-06 02:03:00,0.99535,0.99535,0.99526,0.99526,4
2012-03-06 02:04:00,0.99538,0.99543,0.99537,0.99537,5
2012-03-06 02:05:00,0.99524,0.99535,0.99524,0.99535,5
2012-03-06 02:06:00,0.99532,0.99532,0.99526,0.99526,3
2012-03-06 02:07:00,0.99527,0.99529,0.99527,0.99529,2
2012-03-06 02:08:00,0.99529,0.99529,0.99529,0.99529,1
2012-03-06 02:10:00,0.99527,0.99527,0.99527,0.99527,1
2012-03-06 02:12:00,0.99524,0.99526,0.99524,0.99524,3
2012-03-06 02:13:00,0.99523,0.99526,0.99518,0.99521,8
2012-03-06 02:14:00,0.99515,0.99526,0.99515,0.99526,5
2012-03-06 02:15:00,0.99515,0.99515,0.9951,0.99512,4
2012-03-06 02:17:00,0.99523,0.99523,0.99518,0.99518,3
2012-03-06 02:18:00,0.99526,0.99526,0.99526,0.99526,1
2012-03-06 02:19:00,0.99524,0.99524,0.99524,0.99524,1
2012-03-06 02:20:00,0.99535,0.99535,0.99526,0.99526,8
2012-03-06 02:22:00,0.99537,0.99537,0.99532,0.99532,5
2012-03-06 02:23:00,0.99544,0.99546,0.9954,0.9954,12
2012-03-06 02:24:00,0.99552,0.99555,0.99546,0.99546,5
2012-03-06 02:26:00,0.99535,0.99549,0.99535,0.99549,6
2012-03-06 02:28:00,0.99535,0.99537,0.99535,0.99537,2
2012-03-06 02:30:00,0.9954,0.9954,0.99537,0.99537,2
2012-03-06 02:33:00,0.99535,0.99543,0.99535,0.99538,8
2012-03-06 02:34:00,0.99535,0.99543,0.99535,0.99537,6
2012-03-06 02:35:00,0.99546,0.99549,0.99537,0.99537,8
2012-03-06 02:36:00,0.99549,0.99549,0.99549,0.99549,1
2012-03-06 02:48:00,0.99546,0.99546,0.99546,0.99546,1
2012-03-06 02:49:00,0.99549,0.99549,0.99549,0.99549,1
2012-03-06 02:50:00,0.99552,0.9956,0.99552,0.99552,7
2012-03-06 02:51:00,0.99549,0.99555,0.99549,0.99555,3
2012-03-06 02:53:00,0.99546,0.99549,0.99546,0.99546,3
2012-03-06 02:54:00,0.99546,0.99552,0.99546,0.99549,4
2012-03-06 02:55:00,0.99541,0.99544,0.99541,0.99544,2
2012-03-06 02:56:00,0.99543,0.99543,0.99543,0.99543,1
2012-03-06 02:57:00,0.9954,0.99541,0.99535,0.99541,5
2012-03-06 03:00:00,0.99555,0.99555,0.99543,0.99543,9
2012-03-06 03:01:00,0.99572,0.99574,0.99557,0.99557,14
2012-03-06 03:02:00,0.99569,0.99569,0.99566,0.99569,3
2012-03-06 03:03:00,0.99572,0.99574,0.99572,0.99572,5
2012-03-06 03:04:00,0.99572,0.99574,0.99572,0.99574,2
2012-03-06 03:05:00,0.99589,0.99589,0.99574,0.99574,8
2012-03-06 03:06:00,0.99613,0.99618,0.99591,0.99591,28
2012-03-06 03:07:00,0.99612,0.99621,0.99609,0.99616,22
2012-03-06 03:08:00,0.99608,0.99609,0.99603,0.99609,7
2012-03-06 03:10:00,0.99617,0.99617,0.99611,0.99611,3
2012-03-06 03:11:00,0.99615,0.99617,0.99615,0.99615,5
2012-03-06 03:12:00,0.99615,0.99617,0.99615,0.99617,4
2012-03-06 03:13:00,0.99608,0.99614,0.99606,0.99612,16
2012-03-06 03:14:00,0.99597,0.99606,0.99597,0.99606,6
2012-03-06 03:15:00,0.99606,0.99606,0.99592,0.99595,7
2012-03-06 03:16:00,0.99603,0.99603,0.99603,0.99603,1
2012-03-06 03:17:00,0.99597,0.996,0.99597,0.996,6
2012-03-06 03:18:00,0.99589,0.99595,0.99586,0.99595,5
2012-03-06 03:19:00,0.99592,0.99594,0.99586,0.99586,11
2012-03-06 03:20:00,0.99589,0.99589,0.99589,0.99589,1
2012-03-06 03:21:00,0.99591,0.996,0.99583,0.99586,25
2012-03-06 03:22:00,0.99589,0.99597,0.99589,0.99594,13
2012-03-06 03:25:00,0.99586,0.99586,0.99583,0.99586,3
2012-03-06 03:26:00,0.99583,0.99583,0.9958,0.99583,3
2012-03-06 03:27:00,0.99595,0.99597,0.99586,0.99586,6
2012-03-06 03:28:00,0.996,0.99603,0.99592,0.99592,6
2012-03-06 03:29:00,0.99608,0.99608,0.99597,0.99603,25
2012-03-06 03:30:00,0.99588,0.99608,0.9958,0.99606,25
2012-03-06 03:31:00,0.99579,0.99601,0.99571,0.9959,31
2012-03-06 03:32:00,0.99624,0.99624,0.99581,0.99581,16
2012-03-06 03:33:00,0.99655,0.99661,0.99627,0.99627,19
2012-03-06 03:34:00,0.9965,0.99661,0.9965,0.99653,12
2012-03-06 03:35:00,0.99669,0.99669,0.99647,0.99652,13
2012-03-06 03:36:00,0.99656,0.99669,0.99656,0.99667,7
2012-03-06 03:37:00,0.99669,0.99669,0.99653,0.99658,11
2012-03-06 03:38:00,0.99672,0.99675,0.9967,0.99672,7
2012-03-06 03:39:00,0.9967,0.99675,0.9967,0.99675,3
2012-03-06 03:40:00,0.99629,0.99672,0.99629,0.99672,22
2012-03-06 03:41:00,0.9962,0.99642,0.9962,0.99626,31
2012-03-06 03:42:00,0.99608,0.9962,0.99575,0.99617,54
2012-03-06 03:43:00,0.99606,0.99623,0.99606,0.99611,25
2012-03-06 03:44:00,0.99606,0.99611,0.99589,0.99608,22
2012-03-06 03:45:00,0.996,0.99611,0.99589,0.99603,30
2012-03-06 03:46:00,0.99589,0.99608,0.99589,0.99603,22
2012-03-06 03:47:00,0.99594,0.99594,0.99591,0.99591,4
2012-03-06 03:48:00,0.99589,0.996,0.99589,0.99597,12
2012-03-06 03:49:00,0.99566,0.99586,0.99563,0.99586,14
2012-03-06 03:50:00,0.9958,0.9958,0.99569,0.99569,17
2012-03-06 03:51:00,0.99572,0.99586,0.99572,0.99583,7
2012-03-06 03:52:00,0.99566,0.99569,0.99563,0.99569,4
2012-03-06 03:53:00,0.99561,0.99563,0.99558,0.99563,6
2012-03-06 03:54:00,0.99572,0.99572,0.99549,0.99558,14
2012-03-06 03:55:00,0.99566,0.99574,0.99566,0.99569,8
2012-03-06 03:56:00,0.99563,0.99574,0.99561,0.99569,11
2012-03-06 03:57:00,0.99546,0.99561,0.99538,0.99561,12
2012-03-06 03:58:00,0.9957,0.9957,0.99549,0.99549,18
2012-03-06 03:59:00,0.99573,0.99581,0.99573,0.99573,11
2012-03-06 04:00:00,0.99566,0.99571,0.99556,0.99571,13
2012-03-06 04:01:00,0.99572,0.99572,0.99569,0.99569,2
2012-03-06 04:02:00,0.99586,0.99586,0.99574,0.99574,9
2012-03-06 04:03:00,0.99611,0.99611,0.99578,0.99583,27
2012-03-06 04:04:00,0.99597,0.99609,0.99595,0.99609,19
2012-03-06 04:05:00,0.99623,0.99625,0.996,0.996,17
2012-03-06 04:06:00,0.99606,0.9962,0.99606,0.9962,14
2012-03-06 04:07:00,0.99609,0.99611,0.99608,0.99608,3
2012-03-06 04:08:00,0.99606,0.99608,0.99603,0.99606,5
2012-03-06 04:09:00,0.99603,0.99603,0.99603,0.99603,1
2012-03-06 04:10:00,0.996,0.996,0.99592,0.996,7
2012-03-06 04:11:00,0.99589,0.99597,0.99583,0.99597,8
2012-03-06 04:12:00,0.99566,0.99586,0.99563,0.99586,14
2012-03-06 04:13:00,0.99572,0.99572,0.99569,0.99569,2
2012-03-06 04:14:00,0.99577,0.99577,0.99569,0.99569,8
2012-03-06 04:15:00,0.9958,0.9958,0.99575,0.99575,7
2012-03-06 04:16:00,0.99591,0.99591,0.99583,0.99583,4
2012-03-06 04:18:00,0.99589,0.99597,0.99589,0.99594,7
2012-03-06 04:22:00,0.99586,0.99586,0.99586,0.99586,1
2012-03-06 04:23:00,0.99589,0.99589,0.99589,0.99589,1
2012-03-06 04:24:00,0.99576,0.99585,0.99568,0.99585,12
2012-03-06 04:25:00,0.99571,0.99579,0.99568,0.99573,10
2012-03-06 04:26:00,0.99584,0.99584,0.99568,0.99568,7
2012-03-06 04:27:00,0.99576,0.99587,0.99576,0.99587,7
2012-03-06 04:28:00,0.99604,0.99604,0.99579,0.99579,16
2012-03-06 04:29:00,0.99596,0.99602,0.99593,0.99602,7
2012-03-06 04:30:00,0.99616,0.99616,0.99598,0.99598,9
2012-03-06 04:31:00,0.9961,0.99613,0.9961,0.99613,2
2012-03-06 04:32:00,0.99621,0.99621,0.99607,0.99613,10
2012-03-06 04:33:00,0.9961,0.99619,0.9961,0.99619,4
2012-03-06 04:34:00,0.9961,0.9961,0.99607,0.99607,2
2012-03-06 04:36:00,0.99616,0.99616,0.99613,0.99613,2
2012-03-06 04:37:00,0.9961,0.99618,0.9961,0.99618,6
2012-03-06 04:38:00,0.99596,0.99607,0.99596,0.99607,5
2012-03-06 04:39:00,0.99596,0.99598,0.99596,0.99598,2
2012-03-06 04:40:00,0.99599,0.99601,0.99598,0.99598,5
2012-03-06 04:41:00,0.99601,0.99601,0.99601,0.99601,1
2012-03-06 04:42:00,0.99599,0.99604,0.99599,0.99599,9
2012-03-06 04:43:00,0.99593,0.99604,0.9959,0.99601,8
2012-03-06 04:44:00,0.99602,0.99604,0.99588,0.9959,9
2012-03-06 04:46:00,0.99607,0.99618,0.99604,0.99604,12
2012-03-06 04:47:00,0.9961,0.99613,0.99605,0.99605,5
2012-03-06 04:48:00,0.9963,0.9963,0.99613,0.99613,23
2012-03-06 04:50:00,0.99619,0.9963,0.99619,0.99627,14
2012-03-06 04:51:00,0.99618,0.99618,0.99616,0.99616,2
2012-03-06 04:52:00,0.99627,0.99627,0.99621,0.99621,3
2012-03-06 04:53:00,0.99635,0.99635,0.9963,0.9963,7
2012-03-06 04:54:00,0.99636,0.99641,0.99636,0.99638,4
2012-03-06 04:55:00,0.99627,0.99633,0.99627,0.99633,3
2012-03-06 04:56:00,0.9961,0.99624,0.9961,0.99624,6
2012-03-06 04:59:00,0.99605,0.99607,0.99605,0.99607,2
2012-03-06 05:00:00,0.99607,0.99607,0.99607,0.99607,1
2012-03-06 05:02:00,0.99605,0.99616,0.99605,0.9961,7
2012-03-06 05:05:00,0.99596,0.99602,0.99596,0.99602,5
2012-03-06 05:06:00,0.99579,0.99593,0.99579,0.99593,6
2012-03-06 05:07:00,0.99584,0.99584,0.99576,0.99576,4
2012-03-06 05:08:00,0.99579,0.99582,0.99579,0.99582,2
2012-03-06 05:09:00,0.99576,0.99579,0.99576,0.99576,3
2012-03-06 05:10:00,0.99573,0.99579,0.99568,0.99579,7
2012-03-06 05:11:00,0.99571,0.99573,0.99568,0.99571,7
2012-03-06 05:12:00,0.99576,0.99576,0.99573,0.99573,4
2012-03-06 05:13:00,0.99576,0.99576,0.99568,0.99573,6
2012-03-06 05:14:00,0.99576,0.99579,0.99573,0.99573,6
2012-03-06 05:15:00,0.99564,0.99584,0.99562,0.99579,22
2012-03-06 05:17:00,0.9957,0.9957,0.99567,0.99567,2
2012-03-06 05:18:00,0.9957,0.9957,0.99568,0.99568,2
2012-03-06 05:19:00,0.99576,0.99576,0.99573,0.99573,2
2012-03-06 05:21:00,0.99573,0.99573,0.99573,0.99573,1
2012-03-06 05:22:00,0.99571,0.99571,0.99571,0.99571,1
2012-03-06 05:23:00,0.99576,0.99576,0.99573,0.99573,2
2012-03-06 05:24:00,0.99585,0.99587,0.99579,0.99579,5
2012-03-06 05:25:00,0.99599,0.99604,0.99587,0.99587,9
2012-03-06 05:26:00,0.99598,0.99598,0.99596,0.99596,2
2012-03-06 05:27:00,0.99604,0.99604,0.99596,0.99596,4
2012-03-06 05:28:00,0.9959,0.99602,0.9959,0.99602,5
2012-03-06 05:29:00,0.99585,0.9959,0.99585,0.99588,4
2012-03-06 05:30:00,0.99587,0.99587,0.99587,0.99587,1
2012-03-06 05:34:00,0.99576,0.99585,0.99576,0.99585,4
2012-03-06 05:36:00,0.99556,0.99573,0.99556,0.99573,9
2012-03-06 05:37:00,0.99573,0.99573,0.99559,0.99559,6
2012-03-06 05:38:00,0.99573,0.99576,0.99565,0.99571,10
2012-03-06 05:39:00,0.99559,0.99571,0.99559,0.99571,5
2012-03-06 05:40:00,0.99556,0.99559,0.99554,0.99556,5
2012-03-06 05:41:00,0.99551,0.99562,0.99551,0.99559,6
2012-03-06 05:42:00,0.99542,0.99548,0.99542,0.99548,3
2012-03-06 05:44:00,0.99542,0.99542,0.99539,0.99539,2
2012-03-06 05:45:00,0.99539,0.99547,0.99539,0.99539,9
2012-03-06 05:46:00,0.99536,0.99539,0.99534,0.99536,5
2012-03-06 05:47:00,0.99531,0.99534,0.99531,0.99534,2
2012-03-06 05:48:00,0.99528,0.99528,0.99525,0.99528,3
2012-03-06 05:49:00,0.99528,0.9953,0.99525,0.99525,6
2012-03-06 05:50:00,0.99514,0.99533,0.99514,0.9953,13
2012-03-06 05:51:00,0.99508,0.99522,0.995,0.99516,16
2012-03-06 05:52:00,0.99507,0.99513,0.99498,0.99511,12
2012-03-06 05:53:00,0.99498,0.99509,0.99498,0.99509,13
2012-03-06 05:54:00,0.99504,0.99509,0.99501,0.99501,6
2012-03-06 05:56:00,0.99512,0.9952,0.99506,0.99506,9
2012-03-06 05:57:00,0.99512,0.99512,0.9951,0.9951,2
2012-03-06 05:58:00,0.9951,0.99512,0.9951,0.9951,3
2012-03-06 05:59:00,0.99512,0.99512,0.99512,0.99512,1
2012-03-06 06:00:00,0.99498,0.9951,0.99498,0.9951,13
2012-03-06 06:02:00,0.99503,0.99503,0.99501,0.99501,4
2012-03-06 06:03:00,0.99501,0.99503,0.99498,0.99501,7
2012-03-06 06:04:00,0.99506,0.99506,0.99498,0.99503,8
2012-03-06 06:05:00,0.99501,0.99509,0.99501,0.99504,16
2012-03-06 06:06:00,0.99503,0.99506,0.99501,0.99503,9
2012-03-06 06:07:00,0.99512,0.99515,0.99506,0.99506,9
2012-03-06 06:08:00,0.9951,0.99512,0.9951,0.9951,3
2012-03-06 06:09:00,0.9952,0.9952,0.99512,0.99512,4
2012-03-06 06:10:00,0.99521,0.99523,0.99521,0.99523,2
2012-03-06 06:11:00,0.99524,0.99532,0.99523,0.99523,11
2012-03-06 06:12:00,0.99526,0.99526,0.99521,0.99521,3
2012-03-06 06:13:00,0.99521,0.99524,0.99521,0.99524,2
2012-03-06 06:14:00,0.99515,0.99523,0.99512,0.99523,6
2012-03-06 06:15:00,0.99507,0.99512,0.99507,0.99512,3
2012-03-06 06:17:00,0.99512,0.99512,0.99509,0.99509,2
2012-03-06 06:18:00,0.9951,0.99512,0.99507,0.9951,5
2012-03-06 06:19:00,0.9952,0.9952,0.99512,0.99512,6
2012-03-06 06:20:00,0.99518,0.99523,0.99518,0.99518,5
2012-03-06 06:21:00,0.99524,0.99526,0.9952,0.9952,4
2012-03-06 06:22:00,0.99524,0.99532,0.99521,0.99526,16
2012-03-06 06:23:00,0.99526,0.99526,0.99518,0.99521,5
2012-03-06 06:24:00,0.99524,0.99524,0.99524,0.99524,1
2012-03-06 06:25:00,0.99518,0.99521,0.99518,0.99521,2
2012-03-06 06:26:00,0.99512,0.99515,0.99512,0.99515,2
2012-03-06 06:27:00,0.99518,0.9952,0.99515,0.99515,8
2012-03-06 06:28:00,0.9952,0.9952,0.9952,0.9952,1
2012-03-06 06:29:00,0.99506,0.99518,0.99504,0.99518,7
2012-03-06 06:30:00,0.99515,0.99515,0.99509,0.99509,5
2012-03-06 06:31:00,0.99515,0.99515,0.99512,0.99512,2
2012-03-06 06:32:00,0.99515,0.99515,0.99512,0.99512,2
2012-03-06 06:33:00,0.99515,0.99515,0.9951,0.99512,4
2012-03-06 06:34:00,0.9951,0.99512,0.9951,0.99512,2
2012-03-06 06:36:00,0.99512,0.99512,0.99512,0.99512,1
2012-03-06 06:37:00,0.99518,0.9952,0.99515,0.99515,4
2012-03-06 06:38:00,0.9951,0.9952,0.9951,0.9952,5
2012-03-06 06:39:00,0.99512,0.99512,0.99512,0.99512,1
2012-03-06 06:40:00,0.99515,0.99515,0.99515,0.99515,1
2012-03-06 06:42:00,0.99512,0.9952,0.99512,0.99518,5
2012-03-06 06:43:00,0.99512,0.99512,0.9951,0.9951,2
2012-03-06 06:44:00,0.99529,0.99529,0.99515,0.99515,14
2012-03-06 06:45:00,0.99521,0.99527,0.99521,0.99527,7
2012-03-06 06:47:00,0.99512,0.99518,0.99512,0.99518,3
2012-03-06 06:48:00,0.99512,0.99512,0.9951,0.9951,2
2012-03-06 06:49:00,0.9952,0.9952,0.99515,0.99515,3
2012-03-06 06:50:00,0.99515,0.99529,0.99515,0.99523,8
2012-03-06 06:51:00,0.9952,0.9952,0.99518,0.99518,2
2012-03-06 06:52:00,0.99543,0.99543,0.99523,0.99523,8
2012-03-06 06:53:00,0.99532,0.99541,0.99532,0.99541,4
2012-03-06 06:54:00,0.99537,0.99537,0.99535,0.99535,2
2012-03-06 06:55:00,0.9954,0.9954,0.99532,0.99535,5
2012-03-06 06:56:00,0.99532,0.99538,0.99532,0.99538,5
2012-03-06 06:57:00,0.9951,0.99529,0.9951,0.99529,8
2012-03-06 06:58:00,0.99498,0.99507,0.99498,0.99507,4
2012-03-06 06:59:00,0.99498,0.99498,0.99487,0.99495,10
2012-03-06 07:00:00,0.99504,0.99506,0.99493,0.99495,8
2012-03-06 07:01:00,0.99504,0.99509,0.99504,0.99506,4
2012-03-06 07:02:00,0.99509,0.99509,0.99501,0.99501,4
2012-03-06 07:03:00,0.99515,0.99515,0.99501,0.99507,10
2012-03-06 07:04:00,0.9952,0.9952,0.99512,0.99512,4
2012-03-06 07:05:00,0.99518,0.9952,0.99515,0.99518,7
2012-03-06 07:06:00,0.99523,0.99523,0.99515,0.99515,6
2012-03-06 07:07:00,0.99518,0.99521,0.99515,0.99521,4
2012-03-06 07:08:00,0.99515,0.99523,0.99512,0.9952,9
2012-03-06 07:09:00,0.99515,0.99515,0.9951,0.99512,4
2012-03-06 07:10:00,0.99529,0.99529,0.9951,0.99512,11
2012-03-06 07:11:00,0.99537,0.99537,0.99524,0.99527,7
2012-03-06 07:12:00,0.99532,0.9954,0.99529,0.99535,10
2012-03-06 07:13:00,0.99523,0.99529,0.99518,0.99529,11
2012-03-06 07:14:00,0.99535,0.9954,0.99521,0.99521,10
2012-03-06 07:15:00,0.99515,0.99532,0.9951,0.99532,11
2012-03-06 07:16:00,0.99504,0.99518,0.99501,0.99518,16
2012-03-06 07:17:00,0.99501,0.99503,0.99495,0.99501,7
2012-03-06 07:18:00,0.99503,0.99506,0.99498,0.99503,7
2012-03-06 07:19:00,0.99467,0.99501,0.99467,0.99501,13
2012-03-06 07:20:00,0.99475,0.99486,0.99469,0.99469,11
2012-03-06 07:21:00,0.99487,0.99495,0.99478,0.99478,10
2012-03-06 07:22:00,0.99487,0.99495,0.99487,0.99489,8
2012-03-06 07:23:00,0.99464,0.99484,0.99464,0.99484,8
2012-03-06 07:24:00,0.99469,0.99469,0.9945,0.99461,16
2012-03-06 07:25:00,0.9947,0.99475,0.99464,0.99467,8
2012-03-06 07:26:00,0.99481,0.99481,0.99472,0.99472,6
2012-03-06 07:27:00,0.99498,0.99498,0.99478,0.99478,12
2012-03-06 07:28:00,0.99518,0.99518,0.99498,0.99501,17
2012-03-06 07:29:00,0.99529,0.99529,0.9952,0.9952,4
2012-03-06 07:30:00,0.99544,0.99552,0.99532,0.99532,11
2012-03-06 07:31:00,0.99515,0.99543,0.99515,0.99541,22
2012-03-06 07:32:00,0.99515,0.99515,0.99507,0.99512,6
2012-03-06 07:33:00,0.99518,0.99523,0.99512,0.99512,15
2012-03-06 07:34:00,0.99532,0.99532,0.9952,0.9952,9
2012-03-06 07:35:00,0.99527,0.99529,0.99527,0.99529,2
2012-03-06 07:36:00,0.99523,0.99529,0.99521,0.99529,7
2012-03-06 07:37:00,0.99552,0.99552,0.99526,0.99526,20
2012-03-06 07:38:00,0.99552,0.99557,0.99552,0.99555,6
2012-03-06 07:39:00,0.99552,0.99557,0.99549,0.99549,12
2012-03-06 07:40:00,0.99561,0.99572,0.99544,0.99549,29
2012-03-06 07:41:00,0.99569,0.99583,0.99563,0.99563,19
2012-03-06 07:42:00,0.99569,0.99574,0.99566,0.99566,6
2012-03-06 07:43:00,0.99549,0.99566,0.99538,0.99566,15
2012-03-06 07:44:00,0.99563,0.99566,0.99552,0.99552,19
2012-03-06 07:45:00,0.99544,0.99561,0.99544,0.99561,7
2012-03-06 07:46:00,0.99541,0.99549,0.99541,0.99546,9
2012-03-06 07:47:00,0.99552,0.99552,0.99541,0.99543,6
2012-03-06 07:48:00,0.99572,0.99574,0.99546,0.99555,21
2012-03-06 07:49:00,0.99586,0.99597,0.99574,0.99574,23
2012-03-06 07:50:00,0.99575,0.99583,0.99575,0.99583,12
2012-03-06 07:51:00,0.99597,0.996,0.99577,0.99577,18
2012-03-06 07:52:00,0.99617,0.99617,0.99595,0.99595,11
2012-03-06 07:53:00,0.99617,0.9962,0.99615,0.99615,4
2012-03-06 07:54:00,0.99608,0.99615,0.99606,0.99615,5
2012-03-06 07:55:00,0.99606,0.99617,0.99606,0.99611,11
2012-03-06 07:56:00,0.99608,0.99608,0.99608,0.99608,1
2012-03-06 07:58:00,0.99611,0.99611,0.99603,0.99606,17
2012-03-06 07:59:00,0.99625,0.99625,0.99609,0.99614,17
2012-03-06 08:00:00,0.99632,0.99634,0.9962,0.99623,8
2012-03-06 08:01:00,0.99629,0.99637,0.99626,0.99629,11
2012-03-06 08:02:00,0.99625,0.99631,0.9962,0.99631,7
2012-03-06 08:03:00,0.99637,0.99637,0.99623,0.99623,14
2012-03-06 08:04:00,0.9964,0.99642,0.99637,0.9964,9
2012-03-06 08:05:00,0.9965,0.99678,0.99642,0.99642,33
2012-03-06 08:06:00,0.9965,0.99652,0.99636,0.99647,16
2012-03-06 08:07:00,0.99655,0.99658,0.9965,0.99652,12
2012-03-06 08:08:00,0.99647,0.99661,0.99647,0.99658,19
2012-03-06 08:09:00,0.99636,0.99658,0.99636,0.9965,14
2012-03-06 08:10:00,0.99624,0.99633,0.99624,0.99633,4
2012-03-06 08:11:00,0.99621,0.99627,0.99619,0.99627,5
2012-03-06 08:12:00,0.99641,0.99641,0.99624,0.99624,21
2012-03-06 08:13:00,0.99627,0.99639,0.99624,0.99639,11
2012-03-06 08:14:00,0.99616,0.9963,0.99616,0.9963,18
2012-03-06 08:15:00,0.99627,0.99627,0.99618,0.99618,14
2012-03-06 08:16:00,0.99619,0.99624,0.99616,0.99624,13
2012-03-06 08:17:00,0.9963,0.9963,0.99619,0.99621,14
2012-03-06 08:18:00,0.9963,0.99633,0.99627,0.99627,6
2012-03-06 08:19:00,0.9963,0.99633,0.9963,0.99633,2
2012-03-06 08:20:00,0.99644,0.99644,0.9963,0.99633,9
2012-03-06 08:21:00,0.99664,0.99664,0.99647,0.99647,17
2012-03-06 08:22:00,0.99675,0.99675,0.99667,0.99667,6
2012-03-06 08:23:00,0.99703,0.99703,0.9967,0.99678,20
2012-03-06 08:24:00,0.99695,0.99706,0.99693,0.99706,19
2012-03-06 08:25:00,0.99693,0.99698,0.9969,0.99693,9
2012-03-06 08:26:00,0.99695,0.99698,0.99687,0.9969,11
2012-03-06 08:27:00,0.99721,0.99723,0.99698,0.99698,17
2012-03-06 08:28:00,0.99718,0.99726,0.9971,0.99723,15
2012-03-06 08:29:00,0.99706,0.99715,0.99701,0.99715,18
2012-03-06 08:30:00,0.99727,0.99729,0.99709,0.99709,13
2012-03-06 08:31:00,0.9971,0.99729,0.9971,0.99729,14
2012-03-06 08:32:00,0.99727,0.99729,0.99701,0.99707,30
2012-03-06 08:33:00,0.99724,0.99726,0.99721,0.99724,5
2012-03-06 08:34:00,0.99715,0.99721,0.9971,0.99721,7
2012-03-06 08:35:00,0.99721,0.99723,0.9971,0.99718,12
2012-03-06 08:36:00,0.99712,0.99718,0.99712,0.99718,5
2012-03-06 08:37:00,0.99695,0.99718,0.99695,0.99715,10
2012-03-06 08:38:00,0.99676,0.99693,0.99673,0.99693,11
2012-03-06 08:39:00,0.99676,0.99681,0.99676,0.99678,6
2012-03-06 08:40:00,0.99678,0.99678,0.9967,0.99678,7
2012-03-06 08:41:00,0.99681,0.99686,0.99676,0.99681,19
2012-03-06 08:42:00,0.99661,0.99678,0.99661,0.99678,9
2012-03-06 08:43:00,0.99664,0.99664,0.99656,0.99658,5
2012-03-06 08:44:00,0.99678,0.99678,0.99667,0.99667,5
2012-03-06 08:45:00,0.99686,0.99686,0.9967,0.99676,11
2012-03-06 08:46:00,0.99681,0.99686,0.99678,0.99684,18
2012-03-06 08:47:00,0.99678,0.99686,0.99673,0.99684,11
2012-03-06 08:48:00,0.99684,0.99686,0.99678,0.99681,16
2012-03-06 08:49:00,0.99681,0.99686,0.99678,0.99686,13
2012-03-06 08:50:00,0.99685,0.99686,0.99676,0.99678,10
2012-03-06 08:51:00,0.99668,0.99688,0.99668,0.99683,12
2012-03-06 08:52:00,0.99674,0.99679,0.99671,0.99671,6
2012-03-06 08:53:00,0.99668,0.99677,0.9966,0.99677,12
2012-03-06 08:54:00,0.99679,0.99679,0.99668,0.99671,14
2012-03-06 08:55:00,0.99696,0.99696,0.99677,0.99677,8
2012-03-06 08:56:00,0.99688,0.99699,0.99685,0.99699,9
2012-03-06 08:57:00,0.99683,0.99691,0.99683,0.99685,6
2012-03-06 08:58:00,0.99671,0.99685,0.99671,0.99685,6
2012-03-06 08:59:00,0.99688,0.99696,0.99668,0.99668,24
2012-03-06 09:00:00,0.99702,0.99711,0.99691,0.99691,15
2012-03-06 09:01:00,0.99708,0.99708,0.997,0.99705,10
2012-03-06 09:02:00,0.99713,0.99722,0.99711,0.99711,10
2012-03-06 09:03:00,0.99728,0.99728,0.99711,0.99711,13
2012-03-06 09:04:00,0.99711,0.99725,0.99711,0.99725,10
2012-03-06 09:05:00,0.997,0.99713,0.997,0.99713,10
2012-03-06 09:06:00,0.99699,0.99699,0.99697,0.99697,2
2012-03-06 09:07:00,0.99713,0.99716,0.99702,0.99702,11
2012-03-06 09:08:00,0.99702,0.99711,0.997,0.99711,10
2012-03-06 09:09:00,0.99697,0.997,0.99694,0.997,8
2012-03-06 09:10:00,0.99699,0.99702,0.99697,0.99699,5
2012-03-06 09:11:00,0.99705,0.99705,0.99697,0.99697,8
2012-03-06 09:12:00,0.99691,0.99702,0.99691,0.99702,5
2012-03-06 09:13:00,0.99685,0.99691,0.99685,0.99688,10
2012-03-06 09:14:00,0.99685,0.99685,0.99674,0.99683,14
2012-03-06 09:15:00,0.99708,0.99708,0.99683,0.99683,22
2012-03-06 09:16:00,0.99714,0.99725,0.99708,0.99711,16
2012-03-06 09:17:00,0.99713,0.99719,0.99708,0.99716,16
2012-03-06 09:18:00,0.99734,0.99739,0.99716,0.99716,19
2012-03-06 09:19:00,0.99736,0.99736,0.99728,0.99731,5
2012-03-06 09:20:00,0.9973,0.99734,0.99728,0.99734,6
2012-03-06 09:21:00,0.99739,0.99742,0.99728,0.99728,21
2012-03-06 09:22:00,0.9975,0.99753,0.99739,0.99742,14
2012-03-06 09:23:00,0.99767,0.99767,0.99742,0.99748,22
2012-03-06 09:24:00,0.99773,0.99773,0.99756,0.99765,28
2012-03-06 09:25:00,0.99773,0.99776,0.99768,0.99771,6
2012-03-06 09:26:00,0.99771,0.99776,0.99771,0.99776,13
2012-03-06 09:27:00,0.99784,0.99784,0.99768,0.99773,21
2012-03-06 09:28:00,0.99807,0.99807,0.99782,0.99782,12
2012-03-06 09:29:00,0.99827,0.9983,0.99805,0.99805,23
2012-03-06 09:30:00,0.99837,0.99842,0.99822,0.9983,27
2012-03-06 09:31:00,0.99837,0.99837,0.99826,0.99834,24
2012-03-06 09:32:00,0.99834,0.99842,0.99829,0.9984,15
2012-03-06 09:33:00,0.9984,0.99848,0.99829,0.99832,24
2012-03-06 09:34:00,0.99834,0.99848,0.99834,0.99842,8
2012-03-06 09:35:00,0.9982,0.99845,0.9982,0.99837,25
2012-03-06 09:36:00,0.99842,0.99842,0.99817,0.99817,20
2012-03-06 09:37:00,0.99854,0.99859,0.9984,0.9984,10
2012-03-06 09:38:00,0.99831,0.99851,0.99829,0.99851,10
2012-03-06 09:39:00,0.99826,0.99829,0.99826,0.99829,2
2012-03-06 09:40:00,0.99843,0.99845,0.99828,0.99828,18
2012-03-06 09:41:00,0.99848,0.99848,0.99843,0.99845,12
2012-03-06 09:42:00,0.99828,0.99851,0.99826,0.99851,17
2012-03-06 09:43:00,0.9982,0.99826,0.99803,0.99826,31
2012-03-06 09:44:00,0.99814,0.99823,0.99812,0.99817,16
2012-03-06 09:45:00,0.99851,0.99851,0.99817,0.99817,23
2012-03-06 09:46:00,0.99857,0.99862,0.99849,0.99849,30
2012-03-06 09:47:00,0.99863,0.99865,0.99857,0.99859,14
2012-03-06 09:48:00,0.9988,0.99882,0.9986,0.99865,12
2012-03-06 09:49:00,0.999,0.99913,0.99882,0.99882,41
2012-03-06 09:50:00,0.99905,0.99919,0.999,0.99902,30
2012-03-06 09:51:00,0.99914,0.99919,0.99897,0.99908,41
2012-03-06 09:52:00,0.99897,0.99911,0.99897,0.99911,26
2012-03-06 09:53:00,0.99911,0.99911,0.99897,0.99899,11
2012-03-06 09:54:00,0.99894,0.99908,0.99891,0.99908,16
2012-03-06 09:55:00,0.99911,0.99913,0.99888,0.99891,14
2012-03-06 09:56:00,0.99891,0.99913,0.99888,0.99908,27
2012-03-06 09:57:00,0.99891,0.99896,0.99888,0.99894,10
2012-03-06 09:58:00,0.99888,0.99891,0.99885,0.99888,7
2012-03-06 09:59:00,0.99866,0.99891,0.99866,0.99891,24
2012-03-06 10:00:00,0.99834,0.99868,0.99832,0.99863,27
2012-03-06 10:01:00,0.99851,0.99862,0.99829,0.99832,28
2012-03-06 10:02:00,0.99862,0.99865,0.99849,0.99854,30
2012-03-06 10:03:00,0.99841,0.99868,0.99833,0.9986,27
2012-03-06 10:04:00,0.99858,0.99858,0.99844,0.99844,6
2012-03-06 10:05:00,0.99873,0.99878,0.99861,0.99861,11
2012-03-06 10:07:00,0.99887,0.99889,0.99875,0.99875,7
2012-03-06 10:08:00,0.99889,0.99895,0.99884,0.99889,15
2012-03-06 10:09:00,0.99898,0.99898,0.99892,0.99892,5
2012-03-06 10:10:00,0.99915,0.99915,0.99901,0.99901,8
2012-03-06 10:11:00,0.9992,0.99923,0.99918,0.99918,14
2012-03-06 10:12:00,0.99921,0.99923,0.9991,0.99918,12
2012-03-06 10:13:00,0.9992,0.9992,0.99915,0.99918,4
2012-03-06 10:14:00,0.9992,0.99923,0.9991,0.99918,18
2012-03-06 10:15:00,0.9996,0.99963,0.99921,0.99923,26
2012-03-06 10:16:00,0.99976,0.99984,0.99962,0.99963,35
2012-03-06 10:17:00,0.99984,0.99984,0.99968,0.99973,23
2012-03-06 10:18:00,0.99971,0.99982,0.99956,0.99982,25
2012-03-06 10:19:00,0.99979,0.99981,0.99965,0.99973,33
2012-03-06 10:20:00,0.9997,0.99981,0.99968,0.99976,17
2012-03-06 10:21:00,0.99987,0.99987,0.99973,0.99973,20
2012-03-06 10:22:00,0.99971,0.99992,0.99971,0.9999,14
2012-03-06 10:23:00,0.99962,0.99973,0.99954,0.99973,33
2012-03-06 10:24:00,0.99968,0.9999,0.99959,0.99964,44
2012-03-06 10:25:00,0.99956,0.99973,0.99956,0.9997,14
2012-03-06 10:26:00,0.99976,0.99979,0.99945,0.99954,41
2012-03-06 10:27:00,1.00006,1.00006,0.99973,0.99973,28
2012-03-06 10:28:00,1.00006,1.0001,1.00001,1.00008,20
2012-03-06 10:29:00,1.00058,1.00058,1.00006,1.00008,30
2012-03-06 10:30:00,1.00089,1.00094,1.00061,1.00061,41
2012-03-06 10:31:00,1.00049,1.00091,1.00047,1.00091,33
2012-03-06 10:32:00,0.99999,1.00047,0.99999,1.00047,45
2012-03-06 10:33:00,0.99988,1.00013,0.99988,1.00001,27
2012-03-06 10:34:00,0.99976,0.99985,0.99976,0.99985,4
2012-03-06 10:35:00,1.00015,1.00022,0.99968,0.99973,38
2012-03-06 10:36:00,1.00019,1.00047,1.00017,1.00017,44
2012-03-06 10:37:00,1.00012,1.00026,1.00005,1.00021,39
2012-03-06 10:38:00,1.00009,1.00037,1.00009,1.00014,29
2012-03-06 10:39:00,1.00006,1.00012,0.99985,1.00012,33
2012-03-06 10:40:00,0.99973,1.00008,0.99973,1.00008,21
2012-03-06 10:41:00,0.99982,0.99984,0.99976,0.99976,7
2012-03-06 10:42:00,0.99965,0.99984,0.99965,0.99984,16
2012-03-06 10:43:00,0.99965,0.9999,0.99959,0.99962,36
2012-03-06 10:44:00,0.99962,0.99973,0.99956,0.99962,21
2012-03-06 10:45:00,0.99985,0.9999,0.99964,0.99964,22
2012-03-06 10:46:00,0.99992,0.99996,0.99982,0.99982,9
2012-03-06 10:47:00,0.99995,1.00006,0.99994,0.99994,23
2012-03-06 10:48:00,1.00006,1.0001,0.99997,0.99997,23
2012-03-06 10:49:00,0.99999,1.00003,0.99995,1.00003,13
2012-03-06 10:50:00,1.00024,1.00024,1.00001,1.00001,23
2012-03-06 10:51:00,1.00031,1.00043,1.00022,1.00022,17
2012-03-06 10:52:00,1.00025,1.00029,1.00025,1.00029,3
2012-03-06 10:53:00,1.00017,1.00027,1.00015,1.00022,11
2012-03-06 10:54:00,1.00011,1.00017,1.00011,1.00015,5
2012-03-06 10:55:00,1.00015,1.00015,0.99999,1.00008,20
2012-03-06 10:56:00,1.00031,1.00031,1.00013,1.00013,13
2012-03-06 10:57:00,1.00039,1.00043,1.00032,1.00034,25
2012-03-06 10:58:00,1.00029,1.00036,1.00029,1.00036,4
2012-03-06 10:59:00,1.00001,1.00031,0.99999,1.00031,28
2012-03-06 11:00:00,1.00024,1.00024,1.00003,1.00003,16
2012-03-06 11:01:00,1.00036,1.00036,1.00027,1.00027,9
2012-03-06 11:02:00,1.00039,1.00039,1.00027,1.00034,17
2012-03-06 11:03:00,1.00039,1.00041,1.00032,1.00041,12
2012-03-06 11:04:00,1.00034,1.00043,1.00034,1.00041,10
2012-03-06 11:05:00,1.0005,1.0005,1.00036,1.00036,13
2012-03-06 11:06:00,1.00043,1.0006,1.00043,1.00053,11
2012-03-06 11:07:00,1.0003,1.0005,1.00028,1.00041,17
2012-03-06 11:08:00,1.00001,1.00033,0.99993,1.00033,24
2012-03-06 11:09:00,0.99987,1.00003,0.99976,1.00003,24
2012-03-06 11:10:00,0.99992,0.99996,0.99988,0.9999,26
2012-03-06 11:11:00,0.99979,0.99994,0.99976,0.99994,23
2012-03-06 11:12:00,0.99962,0.99981,0.99962,0.99976,10
2012-03-06 11:13:00,0.99964,0.99964,0.99964,0.99964,1
2012-03-06 11:14:00,0.99954,0.99967,0.99954,0.99967,6
2012-03-06 11:15:00,0.99939,0.99959,0.99934,0.99956,17
2012-03-06 11:16:00,0.99954,0.99959,0.99942,0.99942,9
2012-03-06 11:17:00,0.99954,0.99964,0.99954,0.99956,10
2012-03-06 11:18:00,0.99954,0.99973,0.99954,0.99956,22
2012-03-06 11:19:00,0.99939,0.99951,0.99934,0.99951,23
2012-03-06 11:20:00,0.99934,0.99939,0.99931,0.99937,10
2012-03-06 11:21:00,0.99908,0.99931,0.99908,0.99931,15
2012-03-06 11:22:00,0.99902,0.99919,0.99902,0.99911,10
2012-03-06 11:23:00,0.99899,0.99905,0.99897,0.999,7
2012-03-06 11:24:00,0.99892,0.99902,0.99887,0.99902,24
2012-03-06 11:25:00,0.99893,0.99895,0.99887,0.9989,12
2012-03-06 11:26:00,0.99884,0.99892,0.99873,0.9989,13
2012-03-06 11:27:00,0.99881,0.9989,0.99881,0.99886,13
2012-03-06 11:28:00,0.99873,0.99878,0.99873,0.99878,3
2012-03-06 11:29:00,0.99853,0.9987,0.99853,0.9987,11
2012-03-06 11:30:00,0.9983,0.99852,0.99824,0.9985,14
2012-03-06 11:31:00,0.99833,0.99833,0.99833,0.99833,1
2012-03-06 11:32:00,0.99841,0.99844,0.99835,0.99835,9
2012-03-06 11:33:00,0.99869,0.99869,0.99841,0.99844,20
2012-03-06 11:34:00,0.99869,0.99872,0.99864,0.99872,14
2012-03-06 11:35:00,0.99884,0.99884,0.99867,0.99867,15
2012-03-06 11:36:00,0.99892,0.99901,0.99886,0.99886,11
2012-03-06 11:37:00,0.99887,0.9989,0.99887,0.9989,2
2012-03-06 11:38:00,0.99889,0.99889,0.99887,0.99889,3
2012-03-06 11:39:00,0.99889,0.99895,0.99887,0.99892,8
2012-03-06 11:40:00,0.9989,0.99892,0.9989,0.99892,2
2012-03-06 11:41:00,0.99889,0.99889,0.99887,0.99887,4
2012-03-06 11:42:00,0.99904,0.99912,0.99892,0.99892,11
2012-03-06 11:43:00,0.99889,0.99901,0.99881,0.99901,23
2012-03-06 11:44:00,0.99893,0.99895,0.99884,0.99892,11
2012-03-06 11:45:00,0.99893,0.99895,0.99893,0.99895,6
2012-03-06 11:46:00,0.99901,0.99901,0.99893,0.99895,5
2012-03-06 11:47:00,0.99909,0.99909,0.99901,0.99903,5
2012-03-06 11:48:00,0.99912,0.99912,0.99912,0.99912,1
2012-03-06 11:49:00,0.9992,0.9992,0.9991,0.9991,5
2012-03-06 11:50:00,0.99945,0.9995,0.99921,0.99923,22
2012-03-06 11:51:00,0.99931,0.99947,0.99931,0.99947,7
2012-03-06 11:52:00,0.9993,0.9993,0.99928,0.99928,4
2012-03-06 11:53:00,0.99942,0.9995,0.99933,0.99933,16
2012-03-06 11:54:00,0.99925,0.99947,0.99925,0.99945,12
2012-03-06 11:55:00,0.99925,0.9993,0.99925,0.99928,4
2012-03-06 11:56:00,0.99925,0.99933,0.99922,0.99928,14
2012-03-06 11:57:00,0.99945,0.99945,0.99922,0.99922,13
2012-03-06 11:58:00,0.99945,0.99953,0.99942,0.99947,18
2012-03-06 11:59:00,0.99942,0.99942,0.99934,0.99942,7
2012-03-06 12:00:00,0.9995,0.9995,0.99945,0.99945,3
2012-03-06 12:01:00,0.9995,0.9995,0.99948,0.99948,2
2012-03-06 12:02:00,0.99942,0.99953,0.99942,0.99953,9
2012-03-06 12:03:00,0.99939,0.9995,0.99937,0.99945,9
2012-03-06 12:04:00,0.99964,0.99964,0.99942,0.99942,9
2012-03-06 12:05:00,0.99959,0.9997,0.99959,0.99962,8
2012-03-06 12:06:00,0.99937,0.99967,0.99937,0.99962,16
2012-03-06 12:07:00,0.99933,0.99939,0.99928,0.99934,11
2012-03-06 12:08:00,0.99911,0.99931,0.99911,0.99931,12
2012-03-06 12:09:00,0.99922,0.99925,0.99913,0.99913,6
2012-03-06 12:10:00,0.9993,0.9993,0.99925,0.99925,3
2012-03-06 12:11:00,0.99914,0.9993,0.99914,0.99928,10
2012-03-06 12:12:00,0.99911,0.99911,0.99905,0.99911,7
2012-03-06 12:13:00,0.99897,0.99908,0.99894,0.99908,13
2012-03-06 12:14:00,0.99894,0.99894,0.99894,0.99894,1
2012-03-06 12:15:00,0.99911,0.99911,0.99896,0.99896,6
2012-03-06 12:16:00,0.99914,0.99916,0.99913,0.99913,3
2012-03-06 12:17:00,0.9993,0.9993,0.99916,0.99916,6
2012-03-06 12:18:00,0.9993,0.99933,0.99928,0.99928,8
2012-03-06 12:19:00,0.99917,0.9993,0.99917,0.99928,13
2012-03-06 12:20:00,0.99919,0.99922,0.99914,0.99914,7
2012-03-06 12:21:00,0.99914,0.99919,0.99914,0.99917,8
2012-03-06 12:22:00,0.99899,0.99911,0.99897,0.99911,9
2012-03-06 12:23:00,0.99894,0.99905,0.99891,0.99902,12
2012-03-06 12:24:00,0.99891,0.99899,0.99891,0.99891,7
2012-03-06 12:25:00,0.99891,0.99891,0.99885,0.99888,4
2012-03-06 12:26:00,0.99885,0.99888,0.99885,0.99888,2
2012-03-06 12:27:00,0.99883,0.99883,0.99883,0.99883,1
2012-03-06 12:28:00,0.99851,0.9988,0.99851,0.9988,15
2012-03-06 12:29:00,0.9984,0.99849,0.99837,0.99849,8
2012-03-06 12:30:00,0.99848,0.99848,0.99834,0.99837,9
2012-03-06 12:31:00,0.99857,0.99857,0.99849,0.99851,5
2012-03-06 12:32:00,0.99851,0.99862,0.99849,0.99859,8
2012-03-06 12:34:00,0.99848,0.99859,0.99843,0.99854,17
2012-03-06 12:35:00,0.99851,0.99857,0.99843,0.99851,15
2012-03-06 12:36:00,0.99865,0.99868,0.99854,0.99854,13
2012-03-06 12:37:00,0.99871,0.99882,0.99863,0.99863,22
2012-03-06 12:38:00,0.99863,0.99882,0.99863,0.99874,11
2012-03-06 12:39:00,0.99862,0.99868,0.9986,0.99865,6
2012-03-06 12:40:00,0.9986,0.99862,0.99851,0.9986,11
2012-03-06 12:41:00,0.99868,0.99871,0.99862,0.99862,15
2012-03-06 12:42:00,0.9986,0.99866,0.99854,0.99866,15
2012-03-06 12:43:00,0.99826,0.99857,0.99826,0.99857,12
2012-03-06 12:44:00,0.9982,0.99823,0.99809,0.99823,12
2012-03-06 12:45:00,0.9982,0.99823,0.9982,0.99823,2
2012-03-06 12:46:00,0.99831,0.99831,0.99823,0.99823,4
2012-03-06 12:47:00,0.99831,0.99831,0.99829,0.99829,2
2012-03-06 12:48:00,0.99823,0.99829,0.9982,0.99829,5
2012-03-06 12:49:00,0.99843,0.99845,0.9982,0.9982,11
2012-03-06 12:50:00,0.99851,0.99859,0.99845,0.99845,11
2012-03-06 12:51:00,0.99859,0.99859,0.99849,0.99854,7
2012-03-06 12:52:00,0.99871,0.99871,0.99857,0.99857,6
2012-03-06 12:53:00,0.99868,0.99871,0.9986,0.99868,13
2012-03-06 12:54:00,0.99849,0.99871,0.99849,0.99871,17
2012-03-06 12:55:00,0.99861,0.99861,0.99846,0.99851,16
2012-03-06 12:56:00,0.99869,0.99869,0.99861,0.99864,9
2012-03-06 12:57:00,0.9987,0.99872,0.99861,0.99867,8
2012-03-06 12:58:00,0.99856,0.99872,0.99856,0.99872,17
2012-03-06 12:59:00,0.99892,0.99892,0.99853,0.99853,21
2012-03-06 13:00:00,0.99898,0.99898,0.99887,0.9989,28
2012-03-06 13:01:00,0.99904,0.99909,0.99901,0.99901,14
2012-03-06 13:02:00,0.99909,0.99909,0.99906,0.99906,2
2012-03-06 13:03:00,0.99909,0.99912,0.99907,0.99912,10
2012-03-06 13:04:00,0.99907,0.99915,0.99907,0.99912,9
2012-03-06 13:05:00,0.99901,0.99904,0.99893,0.99904,12
2012-03-06 13:06:00,0.99901,0.99912,0.99901,0.99903,8
2012-03-06 13:08:00,0.99878,0.99901,0.99876,0.99898,12
2012-03-06 13:09:00,0.99867,0.99881,0.99858,0.99881,14
2012-03-06 13:10:00,0.9986,0.99869,0.9986,0.99864,10
2012-03-06 13:11:00,0.99883,0.99885,0.99862,0.99862,16
2012-03-06 13:12:00,0.99879,0.99885,0.99871,0.9988,11
2012-03-06 13:13:00,0.99871,0.99877,0.99871,0.99877,9
2012-03-06 13:14:00,0.99882,0.99894,0.99868,0.99874,30
2012-03-06 13:15:00,0.99874,0.99885,0.99874,0.9988,19
2012-03-06 13:16:00,0.99883,0.99885,0.99877,0.99877,7
2012-03-06 13:17:00,0.99899,0.99899,0.9988,0.99885,22
2012-03-06 13:18:00,0.99899,0.99905,0.99894,0.99897,10
2012-03-06 13:19:00,0.9997,0.9997,0.99894,0.99897,53
2012-03-06 13:20:00,1.00001,1.00008,0.99973,0.99973,63
2012-03-06 13:21:00,0.9999,1.00003,0.99982,1.00003,21
2012-03-06 13:22:00,0.99976,0.99992,0.99973,0.99988,11
2012-03-06 13:23:00,0.99992,0.99999,0.99979,0.99979,24
2012-03-06 13:24:00,0.99984,0.9999,0.99979,0.9999,9
2012-03-06 13:25:00,0.99984,0.99994,0.99982,0.99987,14
2012-03-06 13:26:00,0.99982,0.99994,0.99979,0.99982,21
2012-03-06 13:27:00,0.99994,0.99994,0.99982,0.99984,13
2012-03-06 13:28:00,1.00006,1.00006,0.99992,0.99992,19
2012-03-06 13:29:00,1.0001,1.0001,0.99999,1.00003,12
2012-03-06 13:30:00,1.0006,1.00062,1.00013,1.00013,41
2012-03-06 13:31:00,1.0006,1.0006,1.00029,1.00057,48
2012-03-06 13:32:00,1.00034,1.00064,1.00029,1.00062,41
2012-03-06 13:33:00,1.00015,1.00034,1.00015,1.00032,22
2012-03-06 13:34:00,1.00006,1.00013,0.99995,1.00013,22
2012-03-06 13:35:00,1.00043,1.00043,1.00008,1.00008,36
2012-03-06 13:36:00,1.00032,1.00053,1.00032,1.00041,31
2012-03-06 13:37:00,1.00017,1.00034,1.00015,1.00034,40
2012-03-06 13:38:00,1.00029,1.00029,1.00001,1.00015,27
2012-03-06 13:39:00,1.0001,1.00031,0.99993,1.00031,50
2012-03-06 13:40:00,0.9999,1.0001,0.9999,1.00008,17
2012-03-06 13:41:00,0.9999,0.99992,0.99982,0.99992,32
2012-03-06 13:42:00,1.00001,1.00003,0.99985,0.99988,31
2012-03-06 13:43:00,1.00006,1.00013,0.99999,0.99999,20
2012-03-06 13:44:00,1.00017,1.00017,1.00003,1.00008,17
2012-03-06 13:45:00,1.00039,1.00039,1.0002,1.0002,13
2012-03-06 13:46:00,1.00043,1.00046,1.00039,1.00041,18
2012-03-06 13:47:00,1.00062,1.00071,1.00043,1.00046,28
2012-03-06 13:48:00,1.0006,1.00064,1.00057,1.0006,19
2012-03-06 13:49:00,1.0002,1.00064,1.00015,1.00062,41
2012-03-06 13:50:00,0.99997,1.00029,0.99997,1.00022,56
2012-03-06 13:51:00,0.9999,0.99999,0.99985,0.99999,27
2012-03-06 13:52:00,0.99967,0.99996,0.99965,0.99988,38
2012-03-06 13:53:00,0.99994,0.99994,0.99968,0.9997,28
2012-03-06 13:54:00,1.00006,1.00006,0.99982,0.99992,33
2012-03-06 13:55:00,1.00011,1.0002,0.99997,1.00003,46
2012-03-06 13:56:00,1.00027,1.00031,1.00011,1.00013,47
2012-03-06 13:57:00,1.00029,1.00031,1.00018,1.00025,41
2012-03-06 13:58:00,1.00053,1.00062,1.00031,1.00031,49
2012-03-06 13:59:00,1.00025,1.00062,1.00025,1.00055,40
2012-03-06 14:00:00,1.0007,1.0007,1.00018,1.00022,65
2012-03-06 14:01:00,1.00076,1.00078,1.00068,1.00068,20
2012-03-06 14:02:00,1.0007,1.00072,1.00058,1.00072,18
2012-03-06 14:03:00,1.00072,1.00082,1.00068,1.00068,16
2012-03-06 14:04:00,1.00072,1.00072,1.0006,1.00068,20
2012-03-06 14:05:00,1.0008,1.00082,1.00058,1.00068,31
2012-03-06 14:06:00,1.00074,1.0009,1.00074,1.00078,22
2012-03-06 14:07:00,1.0011,1.00114,1.00068,1.00072,35
2012-03-06 14:08:00,1.00122,1.00128,1.00112,1.00114,24
2012-03-06 14:09:00,1.00122,1.00122,1.00116,1.0012,8
2012-03-06 14:10:00,1.00122,1.00126,1.00108,1.00126,24
2012-03-06 14:11:00,1.0014,1.0014,1.00116,1.00126,16
2012-03-06 14:12:00,1.00176,1.00176,1.00142,1.00142,25
2012-03-06 14:13:00,1.0015,1.00178,1.0014,1.00178,52
2012-03-06 14:14:00,1.0014,1.00162,1.0014,1.00154,30
2012-03-06 14:15:00,1.00162,1.00174,1.00142,1.00142,32
2012-03-06 14:16:00,1.00154,1.0016,1.00142,1.0016,25
2012-03-06 14:17:00,1.00154,1.00154,1.00142,1.0015,20
2012-03-06 14:18:00,1.00166,1.00174,1.00142,1.0015,44
2012-03-06 14:19:00,1.00198,1.00198,1.00168,1.00168,34
2012-03-06 14:20:00,1.0023,1.0025,1.00202,1.00202,61
2012-03-06 14:21:00,1.00216,1.00242,1.0021,1.00232,33
2012-03-06 14:22:00,1.002,1.00214,1.002,1.00214,46
2012-03-06 14:23:00,1.00208,1.00222,1.00196,1.00196,25
2012-03-06 14:24:00,1.00204,1.00216,1.002,1.0021,17
2012-03-06 14:25:00,1.0021,1.00222,1.002,1.00208,34
2012-03-06 14:26:00,1.0018,1.00216,1.0018,1.00208,37
2012-03-06 14:27:00,1.00166,1.00188,1.00166,1.00182,15
2012-03-06 14:28:00,1.00148,1.00162,1.00146,1.00162,34
2012-03-06 14:29:00,1.00162,1.00162,1.00142,1.00146,19
2012-03-06 14:30:00,1.0016,1.0017,1.00156,1.0016,31
2012-03-06 14:31:00,1.00168,1.00176,1.00146,1.00156,29
2012-03-06 14:32:00,1.0016,1.00168,1.00146,1.00166,25
2012-03-06 14:33:00,1.0015,1.00164,1.00146,1.00156,23
2012-03-06 14:34:00,1.0015,1.00154,1.00136,1.00148,30
2012-03-06 14:35:00,1.00156,1.0017,1.0015,1.00154,36
2012-03-06 14:36:00,1.00136,1.00154,1.00134,1.00154,31
2012-03-06 14:37:00,1.0014,1.00144,1.00128,1.0014,37
2012-03-06 14:38:00,1.00134,1.00156,1.00134,1.00142,40
2012-03-06 14:39:00,1.00154,1.00154,1.00132,1.00132,27
2012-03-06 14:40:00,1.00148,1.00162,1.00146,1.0015,30
2012-03-06 14:41:00,1.00162,1.00164,1.00146,1.00146,29
2012-03-06 14:42:00,1.0016,1.0016,1.00132,1.0016,33
2012-03-06 14:43:00,1.00154,1.00182,1.00146,1.00156,48
2012-03-06 14:44:00,1.0017,1.00174,1.00146,1.00156,34
2012-03-06 14:45:00,1.00142,1.0017,1.0014,1.00168,30
2012-03-06 14:46:00,1.00146,1.00154,1.00136,1.0014,27
2012-03-06 14:47:00,1.00142,1.00156,1.00136,1.00148,31
2012-03-06 14:48:00,1.00136,1.0015,1.00134,1.0014,20
2012-03-06 14:49:00,1.00142,1.00154,1.0014,1.0014,20
2012-03-06 14:50:00,1.00176,1.00184,1.00144,1.00144,40
2012-03-06 14:51:00,1.00168,1.00178,1.00156,1.00178,33
2012-03-06 14:52:00,1.00148,1.00174,1.00146,1.0017,19
2012-03-06 14:53:00,1.0015,1.00162,1.00148,1.0015,23
2012-03-06 14:54:00,1.00154,1.00154,1.00146,1.00154,15
2012-03-06 14:55:00,1.0015,1.0017,1.00142,1.00156,25
2012-03-06 14:56:00,1.0014,1.00148,1.00134,1.00148,14
2012-03-06 14:57:00,1.00154,1.00176,1.00142,1.00142,21
2012-03-06 14:58:00,1.0014,1.00164,1.00136,1.00156,29
2012-03-06 14:59:00,1.0014,1.00148,1.0014,1.00142,16
2012-03-06 15:00:00,1.00112,1.0016,1.0009,1.00144,62
2012-03-06 15:01:00,1.00086,1.00118,1.00084,1.0011,45
2012-03-06 15:02:00,1.0005,1.00098,1.00048,1.0009,31
2012-03-06 15:03:00,1.00068,1.0007,1.00036,1.00048,32
2012-03-06 15:04:00,1.00084,1.00086,1.00054,1.0007,48
2012-03-06 15:05:00,1.0007,1.00104,1.00068,1.00086,43
2012-03-06 15:06:00,1.00054,1.00072,1.00054,1.00072,22
2012-03-06 15:07:00,1.00062,1.00072,1.00044,1.00056,25
2012-03-06 15:08:00,1.0005,1.0007,1.00048,1.00064,28
2012-03-06 15:09:00,1.00076,1.00078,1.00052,1.00052,19
2012-03-06 15:10:00,1.00084,1.00098,1.00078,1.00078,23
2012-03-06 15:11:00,1.00092,1.00112,1.00086,1.00086,25
2012-03-06 15:12:00,1.00112,1.00112,1.00092,1.00096,23
2012-03-06 15:13:00,1.00124,1.00124,1.00098,1.0011,28
2012-03-06 15:14:00,1.00076,1.0013,1.00076,1.00126,41
2012-03-06 15:15:00,1.00068,1.0009,1.00068,1.00072,29
2012-03-06 15:16:00,1.00092,1.00096,1.00064,1.0007,45
2012-03-06 15:17:00,1.00124,1.00134,1.0009,1.0009,43
2012-03-06 15:18:00,1.00112,1.00122,1.00104,1.00122,36
2012-03-06 15:19:00,1.00108,1.0013,1.00108,1.0011,32
2012-03-06 15:20:00,1.0013,1.0013,1.00108,1.0011,42
2012-03-06 15:21:00,1.00154,1.00154,1.00116,1.00126,41
2012-03-06 15:22:00,1.00142,1.0016,1.00142,1.00152,39
2012-03-06 15:23:00,1.00126,1.0014,1.00122,1.00138,35
2012-03-06 15:24:00,1.00104,1.0013,1.00102,1.0013,34
2012-03-06 15:25:00,1.00108,1.0012,1.00102,1.00106,29
2012-03-06 15:26:00,1.00112,1.00112,1.00092,1.00104,38
2012-03-06 15:27:00,1.00116,1.00124,1.00102,1.00116,45
2012-03-06 15:28:00,1.00108,1.0012,1.00108,1.00112,19
2012-03-06 15:29:00,1.00104,1.0012,1.00102,1.0011,29
2012-03-06 15:30:00,1.00108,1.0012,1.00106,1.00106,29
2012-03-06 15:31:00,1.00092,1.00104,1.00088,1.00104,23
2012-03-06 15:32:00,1.00084,1.00092,1.00078,1.0009,15
2012-03-06 15:33:00,1.00076,1.001,1.00072,1.00086,23
2012-03-06 15:34:00,1.0007,1.00078,1.00058,1.00072,18
2012-03-06 15:35:00,1.00058,1.00068,1.00054,1.00068,18
2012-03-06 15:36:00,1.00084,1.00084,1.00062,1.00062,27
2012-03-06 15:37:00,1.00056,1.00082,1.00056,1.00082,14
2012-03-06 15:38:00,1.00058,1.00058,1.0005,1.00054,9
2012-03-06 15:39:00,1.00072,1.00078,1.00054,1.00056,17
2012-03-06 15:40:00,1.0005,1.0007,1.00048,1.0007,24
2012-03-06 15:41:00,1.00044,1.00056,1.00044,1.00048,10
2012-03-06 15:42:00,1.0005,1.0005,1.00036,1.00042,24
2012-03-06 15:43:00,1.00054,1.00056,1.00038,1.00048,27
2012-03-06 15:44:00,1.0007,1.0007,1.00054,1.00056,16
2012-03-06 15:45:00,1.00092,1.001,1.00072,1.00072,28
2012-03-06 15:46:00,1.00092,1.00094,1.00082,1.0009,17
2012-03-06 15:47:00,1.00124,1.00124,1.00082,1.00094,35
2012-03-06 15:48:00,1.0012,1.0013,1.00112,1.00126,37
2012-03-06 15:49:00,1.00116,1.00132,1.00108,1.00118,42
2012-03-06 15:50:00,1.0015,1.00154,1.00118,1.00118,20
2012-03-06 15:51:00,1.00172,1.00172,1.00146,1.00152,24
2012-03-06 15:52:00,1.00204,1.00212,1.00164,1.0017,39
2012-03-06 15:53:00,1.00202,1.00208,1.00186,1.002,31
2012-03-06 15:54:00,1.00196,1.00212,1.00196,1.002,20
2012-03-06 15:55:00,1.0017,1.00198,1.00168,1.00194,25
2012-03-06 15:56:00,1.00182,1.00184,1.00154,1.00168,36
2012-03-06 15:57:00,1.0017,1.0018,1.00162,1.0018,28
2012-03-06 15:58:00,1.0015,1.0017,1.00148,1.00168,29
2012-03-06 15:59:00,1.00166,1.00174,1.00148,1.00154,57
2012-03-06 16:00:00,1.0014,1.00178,1.00136,1.00168,47
2012-03-06 16:01:00,1.00152,1.00152,1.00136,1.00136,36
2012-03-06 16:02:00,1.00132,1.0015,1.00124,1.0015,29
2012-03-06 16:03:00,1.0009,1.00138,1.00088,1.00134,35
2012-03-06 16:04:00,1.00078,1.00096,1.00076,1.00092,16
2012-03-06 16:05:00,1.00098,1.0011,1.00076,1.00076,37
2012-03-06 16:06:00,1.00078,1.00096,1.00078,1.00096,15
2012-03-06 16:07:00,1.00062,1.0009,1.00062,1.00076,26
2012-03-06 16:08:00,1.00038,1.00066,1.00016,1.00064,52
2012-03-06 16:09:00,1.00052,1.00052,1.0002,1.00036,29
2012-03-06 16:10:00,1.0005,1.00062,1.0005,1.00056,15
2012-03-06 16:11:00,1.00062,1.00076,1.00052,1.00052,18
2012-03-06 16:12:00,1.00058,1.00072,1.00058,1.00064,15
2012-03-06 16:13:00,1.00062,1.00076,1.00062,1.00062,25
2012-03-06 16:14:00,1.00064,1.00072,1.00058,1.00064,23
2012-03-06 16:15:00,1.00018,1.00062,1.00014,1.00062,34
2012-03-06 16:16:00,1.0,1.00016,0.99988,1.00016,33
2012-03-06 16:17:00,0.99996,1.0003,0.99994,1.00002,47
2012-03-06 16:18:00,0.99994,1.00002,0.99982,0.99994,35
2012-03-06 16:19:00,1.00006,1.00012,0.99974,0.99992,44
2012-03-06 16:20:00,0.99984,1.00008,0.99982,1.00008,39
2012-03-06 16:21:00,1.00008,1.00012,0.99986,0.99988,36
2012-03-06 16:22:00,1.00008,1.00012,0.99996,1.00006,30
2012-03-06 16:23:00,1.00002,1.0001,0.99988,1.00006,36
2012-03-06 16:24:00,1.00038,1.00042,1.0,1.0,29
2012-03-06 16:25:00,1.0005,1.00052,1.00024,1.00036,42
2012-03-06 16:26:00,1.00038,1.0005,1.00036,1.00048,12
2012-03-06 16:27:00,1.00038,1.00052,1.0003,1.00036,20
2012-03-06 16:28:00,1.00038,1.0005,1.00034,1.00042,16
2012-03-06 16:29:00,1.00028,1.00038,1.00024,1.00036,20
2012-03-06 16:30:00,1.00054,1.00056,1.0003,1.0003,13
2012-03-06 16:31:00,1.00082,1.00084,1.0005,1.0005,22
2012-03-06 16:32:00,1.00084,1.00092,1.00078,1.00084,17
2012-03-06 16:33:00,1.00124,1.00124,1.00078,1.00082,32
2012-03-06 16:34:00,1.00136,1.00144,1.00112,1.00126,44
2012-03-06 16:35:00,1.00112,1.00144,1.00112,1.00138,38
2012-03-06 16:36:00,1.0011,1.00112,1.00104,1.0011,19
2012-03-06 16:37:00,1.0014,1.00144,1.00112,1.00112,31
2012-03-06 16:38:00,1.00136,1.00144,1.00132,1.00138,20
2012-03-06 16:39:00,1.00104,1.00132,1.00104,1.00132,15
2012-03-06 16:40:00,1.0013,1.00132,1.00102,1.00102,31
2012-03-06 16:41:00,1.0011,1.00126,1.0011,1.00126,7
2012-03-06 16:42:00,1.001,1.00112,1.00092,1.00112,21
2012-03-06 16:43:00,1.0009,1.00116,1.00088,1.00098,32
2012-03-06 16:44:00,1.00096,1.001,1.00084,1.00092,16
2012-03-06 16:45:00,1.00116,1.00124,1.00098,1.00098,19
2012-03-06 16:46:00,1.00124,1.0013,1.00112,1.00118,13
2012-03-06 16:47:00,1.00152,1.00152,1.00126,1.00126,34
2012-03-06 16:48:00,1.00164,1.00172,1.00152,1.00154,36
2012-03-06 16:49:00,1.0016,1.00164,1.00156,1.0016,17
2012-03-06 16:50:00,1.0017,1.0017,1.00158,1.00164,11
2012-03-06 16:51:00,1.0016,1.0017,1.00156,1.00166,19
2012-03-06 16:52:00,1.00164,1.00166,1.00156,1.00164,15
2012-03-06 16:53:00,1.0018,1.00184,1.0016,1.0016,30
2012-03-06 16:54:00,1.00192,1.00192,1.00166,1.00178,26
2012-03-06 16:55:00,1.00176,1.00192,1.00176,1.0019,24
2012-03-06 16:56:00,1.00164,1.00184,1.0016,1.00178,16
2012-03-06 16:57:00,1.0016,1.00172,1.00158,1.0016,15
2012-03-06 16:58:00,1.00166,1.00172,1.00156,1.00158,26
2012-03-06 16:59:00,1.0016,1.00164,1.00144,1.00164,38
2012-03-06 17:00:00,1.00132,1.00158,1.00132,1.00158,34
2012-03-06 17:01:00,1.00142,1.00142,1.00122,1.0013,25
2012-03-06 17:02:00,1.00156,1.00162,1.0014,1.0014,13
2012-03-06 17:03:00,1.00164,1.00164,1.00156,1.0016,7
2012-03-06 17:04:00,1.00182,1.0019,1.00168,1.00168,14
2012-03-06 17:05:00,1.00186,1.0019,1.0018,1.0018,11
2012-03-06 17:06:00,1.00204,1.00208,1.0018,1.00188,21
2012-03-06 17:07:00,1.00188,1.00202,1.00176,1.00202,24
2012-03-06 17:08:00,1.00184,1.0019,1.00182,1.0019,15
2012-03-06 17:09:00,1.00186,1.0019,1.00176,1.00182,18
2012-03-06 17:10:00,1.00208,1.00212,1.00186,1.00188,24
2012-03-06 17:11:00,1.00202,1.00212,1.00196,1.0021,10
2012-03-06 17:12:00,1.00202,1.00202,1.00186,1.002,16
2012-03-06 17:13:00,1.002,1.0021,1.00194,1.00204,17
2012-03-06 17:14:00,1.00208,1.00212,1.00202,1.00202,11
2012-03-06 17:15:00,1.00208,1.00232,1.00208,1.0021,26
2012-03-06 17:16:00,1.00232,1.00232,1.00208,1.0021,19
2012-03-06 17:17:00,1.00234,1.00236,1.0023,1.00236,10
2012-03-06 17:18:00,1.00242,1.00242,1.00224,1.0023,11
2012-03-06 17:19:00,1.00242,1.0025,1.0023,1.00244,26
2012-03-06 17:20:00,1.00242,1.0025,1.00242,1.00244,8
2012-03-06 17:21:00,1.00238,1.00242,1.00236,1.00238,17
2012-03-06 17:22:00,1.00238,1.00242,1.00234,1.00236,10
2012-03-06 17:23:00,1.0025,1.0025,1.00236,1.00242,10
2012-03-06 17:24:00,1.00244,1.00252,1.00238,1.00248,10
2012-03-06 17:25:00,1.00272,1.00284,1.00248,1.00248,42
2012-03-06 17:26:00,1.00266,1.00272,1.00262,1.0027,28
2012-03-06 17:27:00,1.0027,1.0027,1.00262,1.00264,19
2012-03-06 17:28:00,1.0027,1.0027,1.00262,1.00268,6
2012-03-06 17:29:00,1.00278,1.00278,1.00268,1.00268,15
2012-03-06 17:30:00,1.00278,1.00282,1.00276,1.00276,16
2012-03-06 17:31:00,1.0025,1.00276,1.00248,1.00276,14
2012-03-06 17:32:00,1.00226,1.00262,1.00226,1.00248,50
2012-03-06 17:33:00,1.0024,1.0024,1.0022,1.00228,31
2012-03-06 17:34:00,1.0024,1.00242,1.00238,1.00242,6
2012-03-06 17:35:00,1.00248,1.00248,1.00242,1.00242,5
2012-03-06 17:36:00,1.00252,1.00252,1.00246,1.00246,5
2012-03-06 17:37:00,1.00234,1.00262,1.00234,1.00248,28
2012-03-06 17:38:00,1.00228,1.00232,1.00224,1.00232,12
2012-03-06 17:39:00,1.00242,1.00248,1.00232,1.00232,21
2012-03-06 17:40:00,1.0024,1.0024,1.00234,1.0024,5
2012-03-06 17:41:00,1.00222,1.00238,1.00214,1.00238,20
2012-03-06 17:42:00,1.0022,1.00232,1.0022,1.00226,9
2012-03-06 17:43:00,1.0022,1.00222,1.00218,1.00218,6
2012-03-06 17:44:00,1.0024,1.00242,1.00222,1.00222,15
2012-03-06 17:45:00,1.00244,1.00248,1.0024,1.00242,7
2012-03-06 17:46:00,1.00224,1.0024,1.00224,1.0024,11
2012-03-06 17:47:00,1.0021,1.00222,1.0021,1.0022,9
2012-03-06 17:48:00,1.00214,1.00222,1.00206,1.00212,12
2012-03-06 17:49:00,1.00214,1.00218,1.00212,1.00212,8
2012-03-06 17:50:00,1.00206,1.00214,1.00204,1.00212,17
2012-03-06 17:51:00,1.0021,1.00212,1.00208,1.00208,5
2012-03-06 17:52:00,1.00224,1.00226,1.00212,1.00212,9
2012-03-06 17:53:00,1.00226,1.00228,1.0022,1.00226,9
2012-03-06 17:54:00,1.00208,1.00224,1.00206,1.00224,16
2012-03-06 17:55:00,1.00218,1.00218,1.0021,1.00212,13
2012-03-06 17:56:00,1.0022,1.00228,1.0022,1.0022,11
2012-03-06 17:57:00,1.00218,1.00226,1.00218,1.00222,15
2012-03-06 17:58:00,1.00228,1.00228,1.00214,1.00214,8
2012-03-06 17:59:00,1.00206,1.00232,1.00206,1.00232,28
2012-03-06 18:00:00,1.00232,1.00232,1.00208,1.00208,11
2012-03-06 18:01:00,1.00244,1.00254,1.00228,1.00228,26
2012-03-06 18:02:00,1.00226,1.0024,1.00226,1.0024,8
2012-03-06 18:03:00,1.002,1.00224,1.00194,1.00224,17
2012-03-06 18:04:00,1.0019,1.00204,1.00186,1.00198,14
2012-03-06 18:05:00,1.00184,1.00186,1.00176,1.00186,18
2012-03-06 18:06:00,1.00188,1.00188,1.00178,1.00186,16
2012-03-06 18:08:00,1.00188,1.00192,1.00178,1.00186,18
2012-03-06 18:09:00,1.00194,1.002,1.00186,1.00192,24
2012-03-06 18:10:00,1.00184,1.00192,1.0018,1.00192,12
2012-03-06 18:11:00,1.00198,1.00198,1.00178,1.00186,17
2012-03-06 18:12:00,1.00194,1.00204,1.0018,1.00194,31
2012-03-06 18:13:00,1.002,1.00204,1.00188,1.0019,12
2012-03-06 18:14:00,1.00194,1.00202,1.0019,1.00202,8
2012-03-06 18:15:00,1.00196,1.0021,1.00194,1.00196,17
2012-03-06 18:16:00,1.00198,1.00202,1.00194,1.00194,13
2012-03-06 18:17:00,1.0019,1.00196,1.00188,1.00196,9
2012-03-06 18:18:00,1.00176,1.00188,1.00176,1.00188,7
2012-03-06 18:19:00,1.0017,1.00174,1.00166,1.00174,8
2012-03-06 18:20:00,1.00162,1.00178,1.0016,1.00168,15
2012-03-06 18:21:00,1.0017,1.0017,1.00164,1.00164,5
2012-03-06 18:22:00,1.00182,1.00182,1.00166,1.00168,14
2012-03-06 18:23:00,1.00186,1.00194,1.0018,1.00184,19
2012-03-06 18:24:00,1.0018,1.00182,1.00174,1.00182,16
2012-03-06 18:25:00,1.00182,1.00182,1.00174,1.00182,13
2012-03-06 18:26:00,1.00186,1.0019,1.0018,1.0018,11
2012-03-06 18:27:00,1.0017,1.00182,1.00162,1.00182,11
2012-03-06 18:28:00,1.0019,1.0019,1.00174,1.00174,7
2012-03-06 18:29:00,1.0017,1.00188,1.00168,1.00188,21
2012-03-06 18:30:00,1.00142,1.0017,1.00134,1.00168,22
2012-03-06 18:31:00,1.0015,1.00154,1.0014,1.00144,25
2012-03-06 18:32:00,1.00148,1.00154,1.00146,1.00148,13
2012-03-06 18:33:00,1.00134,1.0015,1.00134,1.00146,15
2012-03-06 18:34:00,1.00122,1.00144,1.00116,1.00136,18
2012-03-06 18:35:00,1.00112,1.0012,1.00112,1.0012,4
2012-03-06 18:36:00,1.0013,1.00136,1.00114,1.00114,15
2012-03-06 18:37:00,1.0011,1.00128,1.00108,1.00128,21
2012-03-06 18:38:00,1.00112,1.00114,1.00108,1.00108,6
2012-03-06 18:39:00,1.00108,1.0011,1.00106,1.00108,7
2012-03-06 18:40:00,1.00102,1.00108,1.00102,1.00106,10
2012-03-06 18:41:00,1.00114,1.00114,1.00098,1.001,8
2012-03-06 18:42:00,1.00122,1.00128,1.00112,1.00112,17
2012-03-06 18:43:00,1.00122,1.00126,1.00112,1.00126,10
2012-03-06 18:44:00,1.00122,1.00124,1.00112,1.0012,10
2012-03-06 18:45:00,1.00142,1.00144,1.00124,1.00124,27
2012-03-06 18:46:00,1.0016,1.00164,1.00136,1.00138,19
2012-03-06 18:47:00,1.00156,1.00164,1.00156,1.00164,12
2012-03-06 18:48:00,1.00144,1.00152,1.00136,1.00152,26
2012-03-06 18:49:00,1.00136,1.00146,1.00136,1.00146,21
2012-03-06 18:50:00,1.00126,1.00138,1.00122,1.00138,20
2012-03-06 18:51:00,1.00126,1.00128,1.0012,1.00122,6
2012-03-06 18:52:00,1.00122,1.00122,1.00114,1.00122,11
2012-03-06 18:53:00,1.00122,1.00134,1.00122,1.00126,10
2012-03-06 18:54:00,1.00108,1.0012,1.00106,1.0012,9
2012-03-06 18:55:00,1.00122,1.00122,1.0011,1.0011,13
2012-03-06 18:56:00,1.00116,1.00128,1.00116,1.00126,6
2012-03-06 18:57:00,1.00134,1.00134,1.0012,1.0012,10
2012-03-06 18:58:00,1.00126,1.0014,1.00126,1.00136,11
2012-03-06 18:59:00,1.0013,1.0014,1.00126,1.00128,30
2012-03-06 19:00:00,1.00126,1.00134,1.00126,1.00128,14
2012-03-06 19:01:00,1.00128,1.00136,1.00126,1.00128,9
2012-03-06 19:02:00,1.00154,1.00154,1.0013,1.0013,19
2012-03-06 19:03:00,1.00156,1.00156,1.00146,1.0015,17
2012-03-06 19:04:00,1.00152,1.0016,1.00148,1.00154,24
2012-03-06 19:05:00,1.0014,1.00154,1.00138,1.00154,16
2012-03-06 19:06:00,1.0013,1.00138,1.0013,1.00138,10
2012-03-06 19:07:00,1.00132,1.00138,1.00112,1.00126,19
2012-03-06 19:08:00,1.00118,1.00134,1.00118,1.00134,9
2012-03-06 19:09:00,1.0012,1.0012,1.00118,1.0012,3
2012-03-06 19:10:00,1.00134,1.00134,1.00124,1.00124,7
2012-03-06 19:11:00,1.0011,1.00146,1.0011,1.00138,25
2012-03-06 19:12:00,1.00106,1.00108,1.00092,1.00108,23
2012-03-06 19:13:00,1.0009,1.00104,1.0009,1.00104,10
2012-03-06 19:14:00,1.00086,1.00088,1.00084,1.00088,3
2012-03-06 19:15:00,1.00082,1.00086,1.00062,1.00084,40
2012-03-06 19:16:00,1.00092,1.00096,1.00078,1.00084,22
2012-03-06 19:17:00,1.00104,1.00104,1.0009,1.0009,6
2012-03-06 19:18:00,1.00104,1.00104,1.00102,1.00102,6
2012-03-06 19:19:00,1.00112,1.00112,1.00106,1.00106,3
2012-03-06 19:20:00,1.00116,1.00118,1.0011,1.0011,5
2012-03-06 19:21:00,1.00134,1.00134,1.00112,1.00112,15
2012-03-06 19:22:00,1.00144,1.00144,1.00138,1.00138,7
2012-03-06 19:23:00,1.00138,1.00144,1.00138,1.00142,4
2012-03-06 19:24:00,1.00144,1.00146,1.00136,1.0014,14
2012-03-06 19:25:00,1.00166,1.00178,1.00146,1.00146,18
2012-03-06 19:26:00,1.00174,1.00178,1.00164,1.0017,17
2012-03-06 19:27:00,1.00176,1.00184,1.00166,1.00172,20
2012-03-06 19:28:00,1.00186,1.00204,1.00176,1.00178,32
2012-03-06 19:29:00,1.00184,1.00188,1.00176,1.00188,11
2012-03-06 19:30:00,1.00212,1.00212,1.00186,1.00186,12
2012-03-06 19:31:00,1.00172,1.0021,1.00164,1.0021,24
2012-03-06 19:32:00,1.0017,1.00172,1.00158,1.0017,19
2012-03-06 19:33:00,1.00184,1.00184,1.00172,1.00172,5
2012-03-06 19:35:00,1.00192,1.00212,1.00186,1.00186,31
2012-03-06 19:36:00,1.00192,1.002,1.0019,1.00194,14
2012-03-06 19:37:00,1.00204,1.00204,1.00194,1.00194,12
2012-03-06 19:38:00,1.00198,1.0021,1.00198,1.002,8
2012-03-06 19:39:00,1.00184,1.002,1.00184,1.002,7
2012-03-06 19:40:00,1.00194,1.00198,1.00186,1.00186,6
2012-03-06 19:41:00,1.002,1.002,1.00192,1.00192,4
2012-03-06 19:42:00,1.00198,1.002,1.00198,1.00198,3
2012-03-06 19:43:00,1.0019,1.00206,1.0019,1.002,14
2012-03-06 19:44:00,1.00194,1.00202,1.00194,1.00194,7
2012-03-06 19:45:00,1.00188,1.00196,1.00186,1.0019,16
2012-03-06 19:46:00,1.00196,1.00196,1.00188,1.0019,5
2012-03-06 19:48:00,1.00194,1.00196,1.00194,1.00194,3
2012-03-06 19:49:00,1.00176,1.00196,1.00176,1.0019,14
2012-03-06 19:50:00,1.00154,1.00178,1.00142,1.00178,24
2012-03-06 19:51:00,1.0016,1.00168,1.00148,1.0015,22
2012-03-06 19:52:00,1.00174,1.00174,1.00162,1.00162,13
2012-03-06 19:53:00,1.00164,1.0017,1.00154,1.0017,31
2012-03-06 19:54:00,1.00184,1.00188,1.00168,1.00168,23
2012-03-06 19:55:00,1.00214,1.00216,1.00188,1.00188,16
2012-03-06 19:56:00,1.0021,1.00216,1.0021,1.00216,11
2012-03-06 19:57:00,1.00212,1.00224,1.0021,1.00212,25
2012-03-06 19:58:00,1.00224,1.00238,1.00208,1.0021,26
2012-03-06 19:59:00,1.00244,1.00244,1.00216,1.00222,39
2012-03-06 20:00:00,1.00214,1.00242,1.0021,1.00242,55
2012-03-06 20:01:00,1.00214,1.00218,1.00208,1.00216,14
2012-03-06 20:02:00,1.002,1.00216,1.002,1.00216,23
2012-03-06 20:03:00,1.00186,1.00202,1.00182,1.00202,25
2012-03-06 20:04:00,1.00182,1.00188,1.00182,1.00188,3
2012-03-06 20:05:00,1.0019,1.0019,1.00176,1.0018,15
2012-03-06 20:06:00,1.00182,1.0019,1.0018,1.00188,11
2012-03-06 20:07:00,1.00182,1.0019,1.00182,1.00184,6
2012-03-06 20:08:00,1.0018,1.0019,1.0018,1.00184,7
2012-03-06 20:09:00,1.00176,1.00182,1.00168,1.00182,17
2012-03-06 20:10:00,1.00182,1.00182,1.00174,1.00174,10
2012-03-06 20:11:00,1.00204,1.0021,1.00176,1.0018,22
2012-03-06 20:12:00,1.00204,1.00218,1.00202,1.00202,16
2012-03-06 20:13:00,1.00202,1.00202,1.00202,1.00202,1
2012-03-06 20:14:00,1.00196,1.002,1.00194,1.002,6
2012-03-06 20:15:00,1.00186,1.00194,1.00186,1.00194,4
2012-03-06 20:16:00,1.00186,1.00194,1.00186,1.00188,6
2012-03-06 20:17:00,1.0019,1.00194,1.00188,1.00188,6
2012-03-06 20:18:00,1.00174,1.00188,1.0017,1.00188,14
2012-03-06 20:19:00,1.00166,1.00174,1.00166,1.0017,13
2012-03-06 20:20:00,1.00174,1.00182,1.00168,1.00168,9
2012-03-06 20:21:00,1.00176,1.00182,1.00176,1.00176,7
2012-03-06 20:22:00,1.00174,1.00178,1.0017,1.00174,7
2012-03-06 20:23:00,1.00166,1.0017,1.00162,1.0017,9
2012-03-06 20:24:00,1.00156,1.00162,1.00156,1.00162,5
2012-03-06 20:25:00,1.00168,1.0017,1.00156,1.0016,10
2012-03-06 20:26:00,1.0016,1.0017,1.0016,1.0017,5
2012-03-06 20:27:00,1.0013,1.00168,1.00124,1.00162,28
2012-03-06 20:28:00,1.00132,1.00144,1.00124,1.00126,15
2012-03-06 20:30:00,1.00134,1.00134,1.00134,1.00134,1
2012-03-06 20:31:00,1.00144,1.00144,1.00138,1.00138,3
2012-03-06 20:32:00,1.00144,1.00144,1.00136,1.00142,6
2012-03-06 20:33:00,1.00166,1.00172,1.00146,1.00146,16
2012-03-06 20:34:00,1.00166,1.00172,1.00166,1.0017,12
2012-03-06 20:35:00,1.00146,1.0017,1.00146,1.0017,13
2012-03-06 20:36:00,1.00146,1.00146,1.00132,1.00144,22
2012-03-06 20:37:00,1.00124,1.00144,1.00124,1.00144,8
2012-03-06 20:38:00,1.00126,1.0013,1.00124,1.00126,7
2012-03-06 20:39:00,1.00118,1.0013,1.00118,1.0013,5
2012-03-06 20:40:00,1.00118,1.0012,1.0011,1.0012,8
2012-03-06 20:41:00,1.00118,1.00124,1.00116,1.0012,20
2012-03-06 20:43:00,1.00116,1.00116,1.00116,1.00116,1
2012-03-06 20:44:00,1.00118,1.0012,1.00108,1.00112,15
2012-03-06 20:45:00,1.00112,1.00124,1.00112,1.0012,10
2012-03-06 20:46:00,1.00118,1.0012,1.00116,1.00116,4
2012-03-06 20:47:00,1.0012,1.0012,1.00116,1.00116,3
2012-03-06 20:48:00,1.00112,1.00118,1.00108,1.00118,7
2012-03-06 20:49:00,1.00108,1.00116,1.00108,1.00116,6
2012-03-06 20:50:00,1.00098,1.00104,1.00096,1.00104,11
2012-03-06 20:51:00,1.00092,1.00096,1.00088,1.00096,6
2012-03-06 20:52:00,1.00092,1.00092,1.00082,1.0009,10
2012-03-06 20:53:00,1.00092,1.00098,1.00092,1.00096,4
2012-03-06 20:54:00,1.00088,1.00096,1.00088,1.0009,12
2012-03-06 20:55:00,1.00084,1.0009,1.00084,1.0009,7
2012-03-06 20:56:00,1.00076,1.00084,1.00076,1.00082,5
2012-03-06 20:57:00,1.00054,1.00072,1.00054,1.00072,14
2012-03-06 20:58:00,1.00072,1.00076,1.00056,1.00056,23
2012-03-06 20:59:00,1.00066,1.00072,1.0005,1.0007,24
2012-03-06 21:00:00,1.00078,1.00082,1.00058,1.00066,20
2012-03-06 21:01:00,1.00086,1.00086,1.00078,1.00082,4
2012-03-06 21:02:00,1.00094,1.00106,1.0009,1.0009,8
2012-03-06 21:03:00,1.0009,1.0009,1.0009,1.0009,1
2012-03-06 21:04:00,1.00094,1.00094,1.00082,1.00086,5
2012-03-06 21:05:00,1.0011,1.0011,1.00098,1.00098,4
2012-03-06 21:06:00,1.00118,1.00118,1.0011,1.00114,4
2012-03-06 21:07:00,1.00122,1.00122,1.00118,1.00122,3
2012-03-06 21:08:00,1.00126,1.00126,1.00126,1.00126,1
2012-03-06 21:09:00,1.0013,1.00134,1.0013,1.0013,3
2012-03-06 21:10:00,1.00125,1.00126,1.00113,1.00126,7
2012-03-06 21:11:00,1.00133,1.00133,1.00129,1.00129,2
2012-03-06 21:13:00,1.00129,1.00129,1.00129,1.00129,1
2012-03-06 21:14:00,1.00137,1.00137,1.00133,1.00133,2
2012-03-06 21:15:00,1.00128,1.00132,1.00128,1.00132,4
2012-03-06 21:16:00,1.00136,1.00136,1.00132,1.00132,2
2012-03-06 21:17:00,1.00128,1.00144,1.00128,1.0014,6
2012-03-06 21:18:00,1.00132,1.00132,1.00132,1.00132,1
2012-03-06 21:19:00,1.0012,1.00128,1.0012,1.00128,3
2012-03-06 21:21:00,1.00124,1.00124,1.00124,1.00124,1
2012-03-06 21:22:00,1.00128,1.00132,1.00128,1.00128,3
2012-03-06 21:23:00,1.0012,1.00124,1.0012,1.00124,2
2012-03-06 21:24:00,1.00112,1.00116,1.00112,1.00116,2
2012-03-06 21:25:00,1.00092,1.00108,1.00088,1.00108,7
2012-03-06 21:27:00,1.00103,1.00103,1.00079,1.00088,11
2012-03-06 21:28:00,1.00139,1.00143,1.00107,1.00107,11
2012-03-06 21:31:00,1.00147,1.00147,1.00143,1.00143,2
2012-03-06 21:33:00,1.00127,1.00151,1.00119,1.00151,13
2012-03-06 21:34:00,1.00131,1.00151,1.00127,1.00131,15
2012-03-06 21:35:00,1.00135,1.00135,1.00135,1.00135,1
2012-03-06 21:36:00,1.00143,1.00143,1.00139,1.00139,2
2012-03-06 21:37:00,1.00151,1.00151,1.00139,1.00139,4
2012-03-06 21:39:00,1.00147,1.00147,1.00147,1.00147,1
2012-03-06 21:40:00,1.00142,1.00163,1.00137,1.00151,23
2012-03-06 21:41:00,1.00147,1.00155,1.00143,1.00146,7
2012-03-06 21:42:00,1.00151,1.00155,1.00147,1.00151,7
2012-03-06 21:43:00,1.00155,1.00159,1.00139,1.00147,9
2012-03-06 21:44:00,1.00155,1.00159,1.00151,1.00159,6
2012-03-06 21:45:00,1.00155,1.00159,1.00155,1.00159,2
2012-03-06 21:46:00,1.00134,1.00151,1.00127,1.00151,14
2012-03-06 21:47:00,1.00138,1.00138,1.00138,1.00138,1
2012-03-06 21:48:00,1.00142,1.00146,1.00138,1.00142,5
2012-03-06 21:49:00,1.00142,1.00146,1.00138,1.00146,8
2012-03-06 21:50:00,1.00146,1.00146,1.00142,1.00146,3
2012-03-06 21:51:00,1.00146,1.00154,1.00146,1.0015,4
2012-03-06 21:52:00,1.00154,1.00154,1.00142,1.00142,6
2012-03-06 21:53:00,1.00158,1.00162,1.0015,1.00158,7
2012-03-06 21:54:00,1.00162,1.00162,1.0015,1.00154,5
2012-03-06 21:55:00,1.00174,1.00174,1.00158,1.00158,11
2012-03-06 21:56:00,1.00168,1.00172,1.00148,1.0017,27
2012-03-06 21:57:00,1.00168,1.00168,1.00164,1.00164,2
2012-03-06 21:58:00,1.00177,1.00181,1.00164,1.00172,18
2012-03-06 21:59:00,1.00193,1.00193,1.00181,1.00181,4
2012-03-06 22:01:00,1.00176,1.00189,1.00149,1.00189,19
2012-03-06 22:02:00,1.00153,1.0018,1.00145,1.0018,15
2012-03-06 22:03:00,1.00149,1.00149,1.00149,1.00149,1
2012-03-06 22:05:00,1.00145,1.00149,1.00145,1.00145,3
2012-03-06 22:06:00,1.00132,1.00153,1.00132,1.00149,11
2012-03-06 22:07:00,1.00141,1.00141,1.00136,1.00136,2
2012-03-06 22:08:00,1.00137,1.00137,1.00137,1.00137,1
2012-03-06 22:10:00,1.00129,1.00133,1.00129,1.00133,2
2012-03-06 22:12:00,1.00137,1.00137,1.00133,1.00133,2
2012-03-06 22:13:00,1.00141,1.00149,1.00141,1.00141,5
2012-03-06 22:14:00,1.00145,1.00145,1.00145,1.00145,1
2012-03-06 22:16:00,1.00133,1.00141,1.00133,1.00141,3
2012-03-06 22:17:00,1.00149,1.00149,1.00137,1.00137,4
2012-03-06 22:18:00,1.00145,1.00145,1.00141,1.00145,3
2012-03-06 22:22:00,1.00161,1.00165,1.00149,1.00149,6
2012-03-06 22:25:00,1.00169,1.00169,1.00165,1.00165,2
2012-03-06 22:26:00,1.00141,1.00165,1.00141,1.00165,7
2012-03-06 22:27:00,1.00166,1.00166,1.00145,1.00145,13
2012-03-06 22:29:00,1.00165,1.00191,1.00148,1.0017,24
2012-03-06 22:32:00,1.00173,1.00173,1.00161,1.00161,4
2012-03-06 22:33:00,1.00165,1.00169,1.00165,1.00169,2
2012-03-06 22:34:00,1.00137,1.00161,1.00137,1.00161,7
2012-03-06 22:35:00,1.00136,1.00144,1.00124,1.00133,10
2012-03-06 22:36:00,1.0015,1.00158,1.00128,1.00132,11
2012-03-06 22:38:00,1.00146,1.00146,1.00146,1.00146,1
2012-03-06 22:41:00,1.00145,1.00145,1.00137,1.00142,4
2012-03-06 22:46:00,1.00141,1.00153,1.00137,1.00141,9
2012-03-06 22:48:00,1.00141,1.00141,1.00137,1.00137,2
2012-03-06 22:52:00,1.00149,1.00149,1.00145,1.00145,2
2012-03-06 22:53:00,1.00145,1.00145,1.00145,1.00145,1
2012-03-06 22:57:00,1.00165,1.00169,1.00149,1.00149,9
2012-03-06 22:58:00,1.00173,1.00173,1.00165,1.00169,4
2012-03-06 23:00:00,1.00162,1.00168,1.00156,1.00168,7
2012-03-06 23:01:00,1.00168,1.00168,1.00156,1.0016,14
2012-03-06 23:05:00,1.00166,1.00166,1.00166,1.00166,1
2012-03-06 23:06:00,1.00162,1.00162,1.00162,1.00162,1
2012-03-06 23:07:00,1.00166,1.00166,1.00162,1.00166,3
2012-03-06 23:14:00,1.00162,1.00162,1.00162,1.00162,1
2012-03-06 23:16:00,1.0016,1.0016,1.0016,1.0016,1
2012-03-06 23:20:00,1.00162,1.00162,1.00162,1.00162,1
2012-03-06 23:23:00,1.00142,1.0016,1.00136,1.0016,10
2012-03-06 23:24:00,1.0014,1.00142,1.0014,1.0014,5
2012-03-06 23:26:00,1.00142,1.00142,1.00142,1.00142,1
2012-03-06 23:35:00,1.00142,1.00142,1.0014,1.0014,2
2012-03-06 23:37:00,1.00136,1.0014,1.00136,1.0014,2
2012-03-06 23:40:00,1.00142,1.00142,1.0014,1.0014,2
2012-03-06 23:41:00,1.00152,1.00152,1.00146,1.00146,5
2012-03-06 23:42:00,1.00158,1.00158,1.00154,1.00154,2
2012-03-06 23:43:00,1.00154,1.00154,1.00154,1.00154,1
2012-03-06 23:45:00,1.00138,1.00152,1.00138,1.00152,5
2012-03-06 23:49:00,1.00142,1.00142,1.00142,1.00142,1
2012-03-06 23:51:00,1.00124,1.00138,1.0012,1.00138,10
2012-03-06 23:52:00,1.00124,1.00126,1.00118,1.0012,6
2012-03-06 23:54:00,1.00124,1.00126,1.00124,1.00126,2
2012-03-06 23:55:00,1.00126,1.00126,1.00126,1.00126,1
2012-03-06 23:56:00,1.00124,1.00126,1.00124,1.00124,3
2012-03-06 23:57:00,1.00126,1.00126,1.00124,1.00126,3
2012-03-06 23:58:00,1.00132,1.00132,1.0013,1.0013,2
2012-03-06 23:59:00,1.00136,1.00136,1.00136,1.00136,1
2012-03-07 00:00:00,1.0015,1.0015,1.00132,1.00132,15
2012-03-07 00:01:00,1.00156,1.00156,1.00154,1.00154,2
2012-03-07 00:02:00,1.00162,1.00162,1.0016,1.0016,2
2012-03-07 00:04:00,1.00166,1.00166,1.00166,1.00166,1
2012-03-07 00:05:00,1.00168,1.00168,1.00164,1.00166,12
2012-03-07 00:06:00,1.00166,1.00168,1.00164,1.00166,5
2012-03-07 00:07:00,1.00168,1.00174,1.00164,1.00164,11
2012-03-07 00:09:00,1.00166,1.00166,1.00166,1.00166,1
2012-03-07 00:11:00,1.0017,1.0017,1.00168,1.00168,2
2012-03-07 00:12:00,1.00168,1.00174,1.00168,1.00172,7
2012-03-07 00:13:00,1.00158,1.00166,1.00158,1.00166,4
2012-03-07 00:14:00,1.00152,1.00156,1.00152,1.00156,3
2012-03-07 00:15:00,1.00138,1.0015,1.00138,1.0015,6
2012-03-07 00:16:00,1.00138,1.00138,1.0013,1.00136,6
2012-03-07 00:17:00,1.00136,1.0014,1.00136,1.0014,3
2012-03-07 00:18:00,1.00132,1.00134,1.00132,1.00134,2
2012-03-07 00:19:00,1.00134,1.00134,1.00134,1.00134,1
2012-03-07 00:20:00,1.00138,1.00138,1.00136,1.00136,2
2012-03-07 00:21:00,1.00146,1.00154,1.0014,1.0014,11
2012-03-07 00:22:00,1.0014,1.00144,1.00128,1.00144,12
2012-03-07 00:23:00,1.00124,1.00136,1.00124,1.00136,6
2012-03-07 00:24:00,1.00118,1.00124,1.00118,1.00122,5
2012-03-07 00:25:00,1.00118,1.0012,1.00118,1.0012,2
2012-03-07 00:26:00,1.0013,1.0013,1.0012,1.0012,5
2012-03-07 00:27:00,1.0013,1.00138,1.0013,1.00132,8
2012-03-07 00:28:00,1.00118,1.00126,1.00118,1.00126,11
2012-03-07 00:29:00,1.00116,1.0012,1.00108,1.00116,15
2012-03-07 00:30:00,1.00182,1.00192,1.00118,1.00118,69
2012-03-07 00:31:00,1.00144,1.00184,1.00144,1.0018,48
2012-03-07 00:32:00,1.0016,1.0016,1.00146,1.00146,15
2012-03-07 00:33:00,1.0016,1.0016,1.00158,1.00158,2
2012-03-07 00:34:00,1.0018,1.00182,1.00164,1.00164,20
2012-03-07 00:35:00,1.00166,1.00182,1.0016,1.00182,16
2012-03-07 00:36:00,1.00154,1.00164,1.0015,1.00164,9
2012-03-07 00:37:00,1.0014,1.00152,1.00124,1.00152,25
2012-03-07 00:38:00,1.00144,1.00144,1.00138,1.00138,3
2012-03-07 00:39:00,1.00146,1.00146,1.00146,1.00146,1
2012-03-07 00:41:00,1.0016,1.0016,1.00148,1.00148,10
2012-03-07 00:42:00,1.00162,1.00162,1.00158,1.00158,3
2012-03-07 00:43:00,1.00162,1.00164,1.00162,1.00164,2
2012-03-07 00:44:00,1.00174,1.00174,1.00164,1.00164,5
2012-03-07 00:45:00,1.00164,1.00172,1.00162,1.00172,8
2012-03-07 00:46:00,1.00174,1.00174,1.00162,1.00162,6
2012-03-07 00:47:00,1.00172,1.00176,1.0017,1.00176,5
2012-03-07 00:48:00,1.0017,1.00176,1.0017,1.00174,5
2012-03-07 00:49:00,1.00168,1.00174,1.00162,1.00166,25
2012-03-07 00:50:00,1.00156,1.0017,1.00156,1.00166,17
2012-03-07 00:51:00,1.00124,1.00154,1.00124,1.00154,24
2012-03-07 00:52:00,1.00132,1.00132,1.00124,1.00126,8
2012-03-07 00:53:00,1.00134,1.00134,1.00132,1.00134,3
2012-03-07 00:54:00,1.00154,1.00154,1.00138,1.00138,16
2012-03-07 00:55:00,1.00146,1.00152,1.00136,1.00152,15
2012-03-07 00:56:00,1.0015,1.0015,1.0015,1.0015,1
2012-03-07 00:57:00,1.00142,1.00146,1.00142,1.00146,3
2012-03-07 00:58:00,1.00138,1.0014,1.00138,1.0014,4
2012-03-07 00:59:00,1.00124,1.00136,1.00124,1.00136,12
2012-03-07 01:00:00,1.00122,1.00128,1.00118,1.00126,13
2012-03-07 01:01:00,1.00126,1.00128,1.00124,1.00124,6
2012-03-07 01:02:00,1.00096,1.00124,1.0009,1.00124,27
2012-03-07 01:03:00,1.00092,1.00092,1.00092,1.00092,1
2012-03-07 01:04:00,1.00096,1.001,1.00092,1.00096,9
2012-03-07 01:05:00,1.00078,1.00092,1.00072,1.00092,25
2012-03-07 01:06:00,1.00074,1.00084,1.00074,1.0008,6
2012-03-07 01:07:00,1.00074,1.00078,1.00074,1.00076,4
2012-03-07 01:08:00,1.00078,1.00084,1.00076,1.00076,7
2012-03-07 01:09:00,1.00072,1.00076,1.00068,1.00076,6
2012-03-07 01:10:00,1.00078,1.00078,1.00068,1.0007,6
2012-03-07 01:11:00,1.0008,1.00082,1.00078,1.0008,7
2012-03-07 01:13:00,1.00078,1.00082,1.00076,1.00082,6
2012-03-07 01:14:00,1.001,1.001,1.00078,1.0008,11
2012-03-07 01:15:00,1.00102,1.00102,1.00092,1.00098,11
2012-03-07 01:16:00,1.00106,1.00106,1.00102,1.00104,6
2012-03-07 01:17:00,1.00112,1.00112,1.0011,1.0011,2
2012-03-07 01:18:00,1.0012,1.0012,1.00114,1.00114,16
2012-03-07 01:19:00,1.00126,1.00126,1.00116,1.00118,9
2012-03-07 01:20:00,1.00118,1.00124,1.00118,1.00124,4
2012-03-07 01:21:00,1.00088,1.00116,1.00088,1.00116,23
2012-03-07 01:22:00,1.00084,1.00086,1.00076,1.00084,23
2012-03-07 01:23:00,1.0008,1.00094,1.0008,1.00082,14
2012-03-07 01:24:00,1.00072,1.00078,1.00068,1.00078,11
2012-03-07 01:25:00,1.0008,1.0008,1.00076,1.00076,3
2012-03-07 01:26:00,1.0008,1.0008,1.00072,1.00078,8
2012-03-07 01:27:00,1.00082,1.00082,1.00082,1.00082,1
2012-03-07 01:28:00,1.00088,1.00094,1.00082,1.00084,10
2012-03-07 01:29:00,1.00086,1.00086,1.00082,1.00084,4
2012-03-07 01:30:00,1.00092,1.00092,1.0009,1.0009,2
2012-03-07 01:31:00,1.00096,1.00096,1.00094,1.00094,2
2012-03-07 01:32:00,1.00092,1.00096,1.00092,1.00094,6
2012-03-07 01:33:00,1.00082,1.00094,1.00082,1.00094,6
2012-03-07 01:34:00,1.00078,1.00082,1.00078,1.0008,6
2012-03-07 01:35:00,1.00068,1.00076,1.00062,1.00076,20
2012-03-07 01:36:00,1.00076,1.00076,1.0007,1.0007,3
2012-03-07 01:37:00,1.0008,1.0008,1.00078,1.00078,2
2012-03-07 01:38:00,1.0008,1.00084,1.00078,1.00082,12
2012-03-07 01:39:00,1.0008,1.0008,1.00078,1.00078,2
2012-03-07 01:40:00,1.00064,1.0008,1.00058,1.00078,17
2012-03-07 01:41:00,1.00042,1.00064,1.00042,1.00062,17
2012-03-07 01:42:00,1.00046,1.0005,1.00038,1.0004,10
2012-03-07 01:43:00,1.00046,1.00046,1.00042,1.00044,4
2012-03-07 01:44:00,1.00066,1.00066,1.0005,1.0005,14
2012-03-07 01:45:00,1.00076,1.00076,1.00068,1.00068,4
2012-03-07 01:46:00,1.00082,1.00082,1.00078,1.00078,3
2012-03-07 01:47:00,1.0009,1.00094,1.00084,1.00084,9
2012-03-07 01:48:00,1.00088,1.00088,1.00088,1.00088,1
2012-03-07 01:50:00,1.00092,1.00092,1.0009,1.0009,2
2012-03-07 01:51:00,1.00088,1.0009,1.00088,1.0009,2
2012-03-07 01:52:00,1.0008,1.00086,1.0008,1.00084,5
2012-03-07 01:53:00,1.00066,1.00078,1.00066,1.00078,6
2012-03-07 01:54:00,1.00084,1.00086,1.00058,1.00064,18
2012-03-07 01:56:00,1.00086,1.00086,1.00086,1.00086,1
2012-03-07 01:57:00,1.00068,1.00084,1.00068,1.00084,8
2012-03-07 02:00:00,1.00068,1.0007,1.00068,1.0007,2
2012-03-07 02:01:00,1.00066,1.00066,1.00066,1.00066,1
2012-03-07 02:02:00,1.00056,1.00064,1.00056,1.00064,4
2012-03-07 02:03:00,1.0004,1.00054,1.0004,1.00054,9
2012-03-07 02:04:00,1.0004,1.00044,1.00038,1.00042,8
2012-03-07 02:05:00,1.0004,1.0004,1.00034,1.00038,16
2012-03-07 02:06:00,1.0004,1.00042,1.00038,1.00038,8
2012-03-07 02:07:00,1.0004,1.00044,1.0004,1.00042,4
2012-03-07 02:08:00,1.00048,1.0005,1.00042,1.00042,5
2012-03-07 02:10:00,1.0004,1.00044,1.0004,1.00044,3
2012-03-07 02:11:00,1.0005,1.0005,1.00042,1.00042,4
2012-03-07 02:12:00,1.00052,1.00054,1.00052,1.00052,3
2012-03-07 02:13:00,1.00062,1.00062,1.00054,1.00054,4
2012-03-07 02:14:00,1.00066,1.00066,1.00064,1.00064,2
2012-03-07 02:15:00,1.0007,1.00072,1.00068,1.00068,6
2012-03-07 02:16:00,1.00066,1.00068,1.00064,1.00068,4
2012-03-07 02:17:00,1.00066,1.00066,1.00064,1.00064,2
2012-03-07 02:18:00,1.00068,1.00068,1.00068,1.00068,1
2012-03-07 02:19:00,1.00068,1.00068,1.00066,1.00066,2
2012-03-07 02:21:00,1.00066,1.00066,1.00066,1.00066,1
2012-03-07 02:22:00,1.0007,1.0007,1.00068,1.00068,2
2012-03-07 02:25:00,1.00068,1.00068,1.00068,1.00068,1
2012-03-07 02:27:00,1.00062,1.00066,1.00062,1.00066,3
2012-03-07 02:28:00,1.00056,1.00058,1.00056,1.00058,2
2012-03-07 02:29:00,1.00048,1.00054,1.00048,1.00054,4
2012-03-07 02:30:00,1.0003,1.00044,1.00022,1.00044,13
2012-03-07 02:31:00,1.0003,1.00032,1.00028,1.00028,4
2012-03-07 02:32:00,1.00024,1.00028,1.00012,1.00028,14
2012-03-07 02:33:00,1.00024,1.00024,1.00018,1.00022,6
2012-03-07 02:34:00,1.00028,1.00038,1.00018,1.00022,17
2012-03-07 02:35:00,1.00024,1.00024,1.00024,1.00024,1
2012-03-07 02:36:00,1.00022,1.00032,1.0002,1.00022,13
2012-03-07 02:37:00,1.00022,1.00022,1.0002,1.0002,2
2012-03-07 02:39:00,1.00032,1.00032,1.00024,1.00024,4
2012-03-07 02:40:00,1.00038,1.00038,1.00034,1.00034,5
2012-03-07 02:41:00,1.00056,1.00056,1.00036,1.00036,19
2012-03-07 02:42:00,1.0005,1.00062,1.00048,1.00054,26
2012-03-07 02:43:00,1.00056,1.00056,1.00038,1.00048,24
2012-03-07 02:44:00,1.0005,1.00054,1.0005,1.00054,2
2012-03-07 02:45:00,1.00048,1.0005,1.00048,1.00048,5
2012-03-07 02:46:00,1.00036,1.00046,1.00036,1.00046,5
2012-03-07 02:47:00,1.00034,1.00038,1.00034,1.00038,5
2012-03-07 02:48:00,1.00032,1.00036,1.00032,1.00036,5
2012-03-07 02:49:00,1.00018,1.00034,1.00018,1.0003,12
2012-03-07 02:50:00,1.0001,1.00018,1.00008,1.00016,7
2012-03-07 02:51:00,1.00008,1.0001,1.00008,1.00008,3
2012-03-07 02:52:00,1.00018,1.00018,1.0001,1.0001,5
2012-03-07 02:54:00,1.00016,1.00016,1.00016,1.00016,1
2012-03-07 02:55:00,1.00014,1.00014,1.00014,1.00014,1
2012-03-07 02:56:00,1.0001,1.00012,1.00008,1.00012,4
2012-03-07 02:57:00,0.99998,1.00008,0.99998,1.00008,7
2012-03-07 02:58:00,0.99998,1.0,0.99998,1.0,2
2012-03-07 02:59:00,0.99998,1.0,0.99998,1.0,2
2012-03-07 03:00:00,1.00008,1.00008,0.99996,0.99996,6
2012-03-07 03:01:00,1.00002,1.00004,1.00002,1.00004,6
2012-03-07 03:02:00,0.99998,1.0,0.99998,1.0,2
2012-03-07 03:03:00,0.99988,0.99996,0.99986,0.99996,12
2012-03-07 03:04:00,0.99992,0.99992,0.99986,0.9999,14
2012-03-07 03:05:00,1.0,1.00008,0.99992,0.99994,25
2012-03-07 03:06:00,1.00008,1.00008,1.00002,1.00002,3
2012-03-07 03:07:00,1.00008,1.00008,1.0,1.00004,6
2012-03-07 03:08:00,1.00004,1.00004,1.00002,1.00004,3
2012-03-07 03:09:00,1.0,1.00004,0.99994,1.00002,10
2012-03-07 03:10:00,1.00002,1.00002,1.00002,1.00002,1
2012-03-07 03:11:00,1.00002,1.00004,1.00002,1.00004,4
2012-03-07 03:12:00,1.0,1.00004,1.0,1.00004,3
2012-03-07 03:13:00,0.99994,0.99998,0.99994,0.99998,3
2012-03-07 03:14:00,0.9999,1.0,0.9999,0.99996,9
2012-03-07 03:15:00,0.99988,1.0,0.99988,0.99992,9
2012-03-07 03:16:00,0.9998,0.99986,0.9998,0.99986,3
2012-03-07 03:17:00,0.9998,0.99984,0.9998,0.99982,4
2012-03-07 03:19:00,0.9998,0.99982,0.9998,0.99982,2
2012-03-07 03:20:00,0.99974,0.99976,0.99974,0.99976,2
2012-03-07 03:21:00,0.9998,0.9998,0.99974,0.99976,4
2012-03-07 03:22:00,0.99976,0.99976,0.99972,0.99976,5
2012-03-07 03:23:00,0.99966,0.99974,0.99966,0.99974,4
2012-03-07 03:24:00,0.99952,0.99968,0.99952,0.99968,9
2012-03-07 03:25:00,0.99956,0.9996,0.99954,0.99954,4
2012-03-07 03:26:00,0.99956,0.99956,0.99952,0.99954,4
2012-03-07 03:27:00,0.99954,0.99954,0.99954,0.99954,1
2012-03-07 03:28:00,0.99952,0.99952,0.99952,0.99952,1
2012-03-07 03:30:00,0.99952,0.99956,0.99952,0.99954,4
2012-03-07 03:31:00,0.99952,0.99954,0.99952,0.99954,2
2012-03-07 03:32:00,0.9996,0.9996,0.99954,0.99954,3
2012-03-07 03:33:00,0.99962,0.99964,0.99962,0.99962,3
2012-03-07 03:34:00,0.99964,0.99964,0.99964,0.99964,1
2012-03-07 03:39:00,0.99962,0.99962,0.99962,0.99962,1
2012-03-07 03:40:00,0.99952,0.9996,0.99952,0.9996,4
2012-03-07 03:41:00,0.99952,0.99954,0.99948,0.99948,4
2012-03-07 03:42:00,0.99954,0.99954,0.99954,0.99954,1
2012-03-07 03:43:00,0.99954,0.99954,0.99952,0.99952,2
2012-03-07 03:44:00,0.99954,0.99956,0.99954,0.99956,2
2012-03-07 03:45:00,0.9996,0.9996,0.99954,0.99956,4
2012-03-07 03:48:00,0.9997,0.9997,0.99962,0.99962,4
2012-03-07 03:49:00,0.99974,0.99974,0.99974,0.99974,1
2012-03-07 03:50:00,0.99976,0.99976,0.99976,0.99976,1
2012-03-07 03:51:00,0.99992,0.99992,0.9998,0.9998,8
2012-03-07 03:52:00,0.99996,0.99996,0.99994,0.99994,2
2012-03-07 03:53:00,0.99996,0.99996,0.9999,0.99994,6
2012-03-07 03:54:00,0.99994,0.99994,0.99994,0.99994,1
2012-03-07 03:55:00,1.0,1.0,0.99996,0.99996,4
2012-03-07 03:56:00,1.00002,1.00002,1.00002,1.00002,1
2012-03-07 03:57:00,1.0001,1.00012,1.00004,1.00004,5
2012-03-07 03:58:00,1.0001,1.00012,1.00008,1.00012,4
2012-03-07 03:59:00,1.0001,1.00012,1.00008,1.00008,4
2012-03-07 04:00:00,1.00018,1.00026,1.00012,1.00012,10
2012-03-07 04:01:00,1.00018,1.00022,1.00018,1.0002,6
2012-03-07 04:02:00,1.00022,1.00024,1.00018,1.0002,10
2012-03-07 04:03:00,1.0003,1.00032,1.00024,1.00024,5
2012-03-07 04:04:00,1.00018,1.00028,1.00016,1.00028,9
2012-03-07 04:05:00,1.0003,1.0003,1.0002,1.0002,5
2012-03-07 04:06:00,1.0005,1.00052,1.00028,1.00028,49
2012-03-07 04:07:00,1.00068,1.00072,1.00052,1.00052,25
2012-03-07 04:08:00,1.00062,1.00072,1.0006,1.0007,20
2012-03-07 04:09:00,1.00064,1.00064,1.00064,1.00064,1
2012-03-07 04:10:00,1.0006,1.00062,1.00056,1.00062,6
2012-03-07 04:11:00,1.00056,1.00058,1.00054,1.00058,6
2012-03-07 04:12:00,1.00046,1.00054,1.00046,1.00054,4
2012-03-07 04:13:00,1.00052,1.00052,1.00048,1.00048,3
2012-03-07 04:14:00,1.00056,1.0006,1.00054,1.00056,7
2012-03-07 04:15:00,1.00056,1.0006,1.00054,1.00054,6
2012-03-07 04:18:00,1.00056,1.00056,1.00054,1.00054,2
2012-03-07 04:19:00,1.00046,1.00054,1.00046,1.00054,4
2012-03-07 04:20:00,1.00038,1.00044,1.00038,1.00044,3
2012-03-07 04:21:00,1.00032,1.00046,1.00032,1.00042,9
2012-03-07 04:22:00,1.00032,1.00036,1.00032,1.00034,4
2012-03-07 04:23:00,1.00024,1.0003,1.00024,1.0003,3
2012-03-07 04:24:00,1.00028,1.0003,1.00028,1.00028,3
2012-03-07 04:25:00,1.00032,1.00032,1.0003,1.0003,2
2012-03-07 04:26:00,1.00028,1.0003,1.00028,1.0003,2
2012-03-07 04:29:00,1.00022,1.00024,1.00022,1.00024,2
2012-03-07 04:30:00,1.00032,1.00032,1.00022,1.00024,6
2012-03-07 04:33:00,1.00032,1.00034,1.00032,1.00034,2
2012-03-07 04:35:00,1.00024,1.0003,1.00018,1.0003,7
2012-03-07 04:36:00,1.00024,1.00024,1.00022,1.00022,2
2012-03-07 04:37:00,1.00026,1.00026,1.00022,1.00026,15
2012-03-07 04:38:00,1.00032,1.00032,1.00028,1.00028,3
2012-03-07 04:39:00,1.00028,1.00032,1.00028,1.0003,4
2012-03-07 04:40:00,1.00032,1.00032,1.00028,1.0003,4
2012-03-07 04:41:00,1.00034,1.00036,1.00034,1.00036,2
2012-03-07 04:42:00,1.00026,1.0003,1.00026,1.0003,3
2012-03-07 04:43:00,1.0004,1.0004,1.00026,1.00028,12
2012-03-07 04:46:00,1.0004,1.0004,1.00034,1.00038,6
2012-03-07 04:48:00,1.00046,1.00046,1.00042,1.00042,3
2012-03-07 04:50:00,1.0005,1.0005,1.0005,1.0005,1
2012-03-07 04:51:00,1.0005,1.0005,1.0004,1.00048,8
2012-03-07 04:52:00,1.00046,1.00048,1.0004,1.00048,7
2012-03-07 04:54:00,1.00042,1.00044,1.0003,1.00044,12
2012-03-07 04:55:00,1.00034,1.00046,1.00034,1.00044,8
2012-03-07 04:56:00,1.00038,1.00038,1.00036,1.00036,2
2012-03-07 04:57:00,1.0004,1.0004,1.00036,1.0004,5
2012-03-07 04:58:00,1.00046,1.00046,1.00042,1.00042,3
2012-03-07 04:59:00,1.0005,1.00052,1.00044,1.00044,5
2012-03-07 05:00:00,1.00052,1.00052,1.00052,1.00052,1
2012-03-07 05:01:00,1.00072,1.00072,1.0005,1.0005,23
2012-03-07 05:02:00,1.00092,1.00094,1.00068,1.0007,46
2012-03-07 05:03:00,1.00084,1.00092,1.00082,1.0009,15
2012-03-07 05:04:00,1.00082,1.00082,1.0008,1.00082,3
2012-03-07 05:05:00,1.00076,1.00082,1.00076,1.0008,17
2012-03-07 05:06:00,1.00078,1.00078,1.00078,1.00078,1
2012-03-07 05:07:00,1.00082,1.00082,1.0008,1.0008,2
2012-03-07 05:08:00,1.00082,1.00082,1.0008,1.0008,2
2012-03-07 05:09:00,1.00088,1.00092,1.00084,1.00084,6
2012-03-07 05:10:00,1.00092,1.00094,1.00088,1.0009,6
2012-03-07 05:11:00,1.00094,1.00094,1.00092,1.00094,3
2012-03-07 05:12:00,1.00102,1.00104,1.00096,1.00096,5
2012-03-07 05:13:00,1.00102,1.00104,1.00102,1.00104,2
2012-03-07 05:14:00,1.00102,1.00104,1.00102,1.00104,2
2012-03-07 05:15:00,1.00112,1.00112,1.00104,1.00104,7
2012-03-07 05:16:00,1.00108,1.0011,1.00104,1.0011,8
2012-03-07 05:17:00,1.00108,1.0011,1.00102,1.00106,16
2012-03-07 05:18:00,1.00098,1.0011,1.00098,1.00106,22
2012-03-07 05:19:00,1.00098,1.001,1.00098,1.001,2
2012-03-07 05:20:00,1.00098,1.00104,1.00098,1.001,8
2012-03-07 05:21:00,1.00098,1.00104,1.00098,1.001,4
2012-03-07 05:22:00,1.00094,1.001,1.00094,1.001,4
2012-03-07 05:24:00,1.0009,1.00094,1.0009,1.00092,6
2012-03-07 05:25:00,1.0009,1.00098,1.0009,1.00092,8
2012-03-07 05:26:00,1.0008,1.00088,1.0008,1.00088,12
2012-03-07 05:27:00,1.00064,1.00078,1.00062,1.00078,9
2012-03-07 05:30:00,1.00062,1.00062,1.00056,1.00062,5
2012-03-07 05:31:00,1.00062,1.00064,1.00058,1.00058,6
2012-03-07 05:34:00,1.00062,1.00064,1.00058,1.00058,4
2012-03-07 05:35:00,1.00062,1.00064,1.00062,1.00064,2
2012-03-07 05:36:00,1.00066,1.00072,1.00054,1.00058,16
2012-03-07 05:37:00,1.00066,1.00068,1.00062,1.00068,6
2012-03-07 05:38:00,1.0008,1.0008,1.00068,1.00068,8
2012-03-07 05:40:00,1.00062,1.00078,1.00062,1.00078,8
2012-03-07 05:41:00,1.00062,1.00066,1.00062,1.00064,6
2012-03-07 05:42:00,1.00066,1.00068,1.00064,1.00064,4
2012-03-07 05:43:00,1.00068,1.00068,1.00068,1.00068,1
2012-03-07 05:44:00,1.00066,1.00066,1.00066,1.00066,1
2012-03-07 05:45:00,1.0005,1.00064,1.0005,1.00064,7
2012-03-07 05:48:00,1.00052,1.00052,1.00052,1.00052,1
2012-03-07 05:49:00,1.00056,1.00056,1.00054,1.00054,2
2012-03-07 05:50:00,1.0005,1.00054,1.0005,1.00054,3
2012-03-07 05:51:00,1.00046,1.00052,1.00044,1.00052,5
2012-03-07 05:53:00,1.00044,1.00044,1.00044,1.00044,1
2012-03-07 05:54:00,1.0005,1.0005,1.00046,1.00046,2
2012-03-07 05:55:00,1.00048,1.0005,1.00048,1.00048,3
2012-03-07 05:56:00,1.00036,1.00044,1.00036,1.00044,5
2012-03-07 05:57:00,1.00038,1.00038,1.00026,1.00034,9
2012-03-07 05:58:00,1.00038,1.00046,1.00038,1.0004,12
2012-03-07 05:59:00,1.0004,1.0004,1.00028,1.00036,9
2012-03-07 06:00:00,1.00044,1.00046,1.00038,1.00038,12
2012-03-07 06:01:00,1.00042,1.00046,1.00038,1.00042,23
2012-03-07 06:02:00,1.0005,1.0005,1.00038,1.00044,19
2012-03-07 06:03:00,1.0004,1.00048,1.0004,1.00048,6
2012-03-07 06:04:00,1.00036,1.00038,1.00036,1.00038,4
2012-03-07 06:05:00,1.00038,1.00038,1.00036,1.00038,5
2012-03-07 06:06:00,1.00014,1.00036,1.00012,1.00036,12
2012-03-07 06:07:00,1.00018,1.00018,1.00016,1.00016,2
2012-03-07 06:08:00,1.00016,1.00016,1.00016,1.00016,1
2012-03-07 06:09:00,1.00008,1.00014,1.00008,1.00014,4
2012-03-07 06:10:00,1.0,1.00004,1.0,1.00004,3
2012-03-07 06:12:00,1.0,1.0,0.99996,0.99998,4
2012-03-07 06:13:00,0.99988,1.00004,0.99988,1.00002,13
2012-03-07 06:14:00,0.99984,0.99986,0.99972,0.99986,15
2012-03-07 06:15:00,0.99982,0.99988,0.9998,0.99982,7
2012-03-07 06:16:00,0.99986,0.99994,0.9998,0.9998,13
2012-03-07 06:17:00,0.99996,1.0,0.99986,0.99988,10
2012-03-07 06:18:00,0.9999,1.0,0.9999,0.99998,10
2012-03-07 06:20:00,0.9999,0.9999,0.99988,0.99988,2
2012-03-07 06:21:00,0.9999,0.99992,0.99986,0.99992,6
2012-03-07 06:22:00,0.99968,0.99988,0.99968,0.99988,10
2012-03-07 06:23:00,0.99954,0.99966,0.99954,0.99966,5
2012-03-07 06:24:00,0.99954,0.99956,0.99954,0.99956,2
2012-03-07 06:25:00,0.9996,0.9996,0.99956,0.99956,2
2012-03-07 06:28:00,0.99956,0.99956,0.99956,0.99956,1
2012-03-07 06:29:00,0.99954,0.99954,0.99954,0.99954,1
2012-03-07 06:31:00,0.99965,0.99965,0.99954,0.99956,12
2012-03-07 06:32:00,0.9996,0.99965,0.99952,0.99963,20
2012-03-07 06:33:00,0.99958,0.99968,0.99952,0.99963,23
2012-03-07 06:34:00,0.9996,0.9996,0.99952,0.99956,17
2012-03-07 06:35:00,0.99966,0.99968,0.99963,0.99963,4
2012-03-07 06:36:00,0.99963,0.99975,0.99961,0.99968,17
2012-03-07 06:37:00,0.9997,0.9997,0.99965,0.99965,3
2012-03-07 06:38:00,0.9997,0.9997,0.99966,0.99968,4
2012-03-07 06:39:00,0.9999,0.9999,0.99973,0.99973,8
2012-03-07 06:40:00,0.99992,0.99992,0.99986,0.99988,15
2012-03-07 06:41:00,0.99999,1.00009,0.99995,0.99995,12
2012-03-07 06:43:00,0.99999,1.00004,0.99996,0.99996,6
2012-03-07 06:44:00,1.00001,1.00001,1.00001,1.00001,1
2012-03-07 06:45:00,0.99995,0.99999,0.9999,0.99999,6
2012-03-07 06:46:00,0.99993,0.99995,0.99993,0.99993,3
2012-03-07 06:47:00,0.9999,0.9999,0.9999,0.9999,1
2012-03-07 06:48:00,0.99988,0.99998,0.99988,0.99992,9
2012-03-07 06:49:00,0.99978,0.99992,0.99974,0.9999,26
2012-03-07 06:50:00,0.99974,0.9998,0.99972,0.99976,12
2012-03-07 06:51:00,0.9998,0.9998,0.99972,0.99972,7
2012-03-07 06:52:00,0.99977,0.99992,0.99972,0.99978,32
2012-03-07 06:53:00,0.99969,0.99979,0.99967,0.99979,7
2012-03-07 06:54:00,0.99961,0.99967,0.99959,0.99967,5
2012-03-07 06:55:00,0.99965,0.99965,0.99963,0.99963,2
2012-03-07 06:56:00,0.99961,0.9997,0.99959,0.99963,10
2012-03-07 06:59:00,0.9996,0.99965,0.99942,0.99963,20
2012-03-07 07:00:00,0.99981,0.99995,0.99963,0.99963,28
2012-03-07 07:01:00,0.99964,0.99979,0.99962,0.99979,11
2012-03-07 07:02:00,0.9998,0.99982,0.99966,0.99966,9
2012-03-07 07:03:00,0.99974,0.99978,0.99972,0.99978,5
2012-03-07 07:04:00,0.99968,0.99972,0.99964,0.99972,6
2012-03-07 07:05:00,0.99962,0.99968,0.99962,0.99966,8
2012-03-07 07:06:00,0.99968,0.9997,0.99964,0.99964,4
2012-03-07 07:07:00,0.99968,0.99973,0.99965,0.9997,10
2012-03-07 07:08:00,0.99968,0.9997,0.99968,0.9997,4
2012-03-07 07:09:00,0.99962,0.9997,0.99954,0.9997,16
2012-03-07 07:10:00,0.99951,0.99959,0.99951,0.99959,6
2012-03-07 07:11:00,0.99954,0.99959,0.99951,0.99953,7
2012-03-07 07:12:00,0.9995,0.99951,0.99948,0.99951,3
2012-03-07 07:13:00,0.9995,0.99953,0.99948,0.99948,6
2012-03-07 07:14:00,0.99934,0.99948,0.99934,0.99948,10
2012-03-07 07:15:00,0.99956,0.99956,0.99936,0.99936,12
2012-03-07 07:16:00,0.99962,0.99962,0.99959,0.99959,2
2012-03-07 07:17:00,0.9997,0.9997,0.99959,0.99959,5
2012-03-07 07:18:00,0.99965,0.99968,0.99965,0.99968,4
2012-03-07 07:19:00,0.99965,0.99967,0.99965,0.99967,4
2012-03-07 07:20:00,0.99947,0.99962,0.99937,0.99962,18
2012-03-07 07:21:00,0.99945,0.99947,0.99945,0.99945,3
2012-03-07 07:22:00,0.99962,0.99964,0.99947,0.99947,8
2012-03-07 07:23:00,0.99965,0.9997,0.99964,0.99964,9
2012-03-07 07:24:00,0.99962,0.9997,0.99962,0.99962,11
2012-03-07 07:26:00,0.99962,0.99973,0.99962,0.99964,12
2012-03-07 07:27:00,0.99981,0.99981,0.99964,0.99964,11
2012-03-07 07:28:00,0.99984,0.99984,0.99979,0.99979,3
2012-03-07 07:29:00,0.99982,0.99984,0.99982,0.99982,5
2012-03-07 07:30:00,0.99979,0.99987,0.99979,0.99984,11
2012-03-07 07:31:00,0.99965,0.99981,0.99965,0.99981,9
2012-03-07 07:32:00,0.99976,0.99976,0.99965,0.99967,10
2012-03-07 07:33:00,0.99979,0.99979,0.99976,0.99979,3
2012-03-07 07:34:00,0.9997,0.99981,0.99965,0.99981,9
2012-03-07 07:35:00,0.99976,0.99987,0.99973,0.99973,10
2012-03-07 07:36:00,0.99971,0.99984,0.99971,0.99979,8
2012-03-07 07:37:00,0.99959,0.99968,0.99948,0.99968,16
2012-03-07 07:38:00,0.99962,0.99979,0.99956,0.99962,17
2012-03-07 07:39:00,0.99981,0.99981,0.99964,0.99964,13
2012-03-07 07:40:00,0.9999,0.99994,0.99982,0.99984,13
2012-03-07 07:41:00,0.99988,0.9999,0.99988,0.99988,3
2012-03-07 07:42:00,0.99994,0.99994,0.99985,0.99985,5
2012-03-07 07:43:00,0.99976,0.99992,0.99976,0.99992,7
2012-03-07 07:44:00,0.99976,0.99976,0.99971,0.99973,4
2012-03-07 07:45:00,0.99971,0.99973,0.99971,0.99973,2
2012-03-07 07:46:00,0.9997,0.9997,0.99965,0.99968,4
2012-03-07 07:47:00,0.99979,0.99979,0.99973,0.99973,5
2012-03-07 07:48:00,0.9999,0.99996,0.99981,0.99981,12
2012-03-07 07:49:00,0.9999,0.99992,0.99982,0.99992,8
2012-03-07 07:50:00,0.99973,0.99988,0.99973,0.99988,6
2012-03-07 07:51:00,0.99962,0.99976,0.99962,0.99976,8
2012-03-07 07:52:00,0.99951,0.99964,0.99951,0.99964,6
2012-03-07 07:53:00,0.99953,0.99959,0.99951,0.99953,7
2012-03-07 07:54:00,0.99948,0.99956,0.99948,0.99956,4
2012-03-07 07:55:00,0.99942,0.99945,0.99942,0.99945,4
2012-03-07 07:56:00,0.99942,0.99947,0.99939,0.99945,6
2012-03-07 07:57:00,0.9995,0.9995,0.99939,0.99939,9
2012-03-07 07:58:00,0.99951,0.99953,0.99951,0.99953,2
2012-03-07 07:59:00,0.99953,0.99953,0.99953,0.99953,1
2012-03-07 08:00:00,0.99959,0.99964,0.99954,0.99956,12
2012-03-07 08:01:00,0.99959,0.99964,0.99959,0.99962,4
2012-03-07 08:02:00,0.99939,0.99956,0.99939,0.99956,9
2012-03-07 08:03:00,0.99922,0.99939,0.99922,0.99937,12
2012-03-07 08:04:00,0.99922,0.99925,0.99922,0.99925,2
2012-03-07 08:05:00,0.99905,0.99919,0.99905,0.99919,10
2012-03-07 08:06:00,0.99888,0.99902,0.99888,0.99902,6
2012-03-07 08:07:00,0.99894,0.99896,0.99891,0.99891,10
2012-03-07 08:08:00,0.99888,0.99896,0.99885,0.99896,12
2012-03-07 08:09:00,0.99891,0.99894,0.99885,0.99885,7
2012-03-07 08:10:00,0.99891,0.99894,0.99891,0.99894,2
2012-03-07 08:11:00,0.99899,0.99899,0.99894,0.99894,5
2012-03-07 08:12:00,0.99916,0.99916,0.99902,0.99902,6
2012-03-07 08:13:00,0.99917,0.99922,0.99917,0.99919,4
2012-03-07 08:14:00,0.9993,0.9993,0.99919,0.99919,11
2012-03-07 08:15:00,0.99922,0.99933,0.99919,0.99928,19
2012-03-07 08:16:00,0.99919,0.9993,0.99914,0.99925,17
2012-03-07 08:17:00,0.9993,0.9993,0.99922,0.99922,18
2012-03-07 08:18:00,0.99925,0.99959,0.99925,0.99933,28
2012-03-07 08:19:00,0.99922,0.99933,0.99919,0.99928,15
2012-03-07 08:20:00,0.99919,0.99922,0.99911,0.99919,21
2012-03-07 08:21:00,0.99928,0.9993,0.99922,0.99922,11
2012-03-07 08:22:00,0.9993,0.9993,0.99925,0.99925,11
2012-03-07 08:23:00,0.99939,0.99939,0.99928,0.99933,29
2012-03-07 08:24:00,0.99947,0.99947,0.99937,0.99937,11
2012-03-07 08:25:00,0.99962,0.99962,0.99942,0.99945,19
2012-03-07 08:26:00,0.99962,0.99979,0.99959,0.99964,32
2012-03-07 08:27:00,0.99959,0.99968,0.99954,0.99959,27
2012-03-07 08:28:00,0.99959,0.9997,0.99956,0.99956,12
2012-03-07 08:29:00,0.99951,0.99959,0.99951,0.99956,11
2012-03-07 08:30:00,0.99948,0.99948,0.99948,0.99948,1
2012-03-07 08:31:00,0.99939,0.99945,0.99931,0.99945,15
2012-03-07 08:32:00,0.99934,0.99939,0.99931,0.99937,10
2012-03-07 08:33:00,0.99942,0.99942,0.99934,0.99936,17
2012-03-07 08:34:00,0.99942,0.99945,0.99937,0.99939,12
2012-03-07 08:35:00,0.99962,0.99964,0.99945,0.99945,9
2012-03-07 08:36:00,0.99981,0.99981,0.99956,0.99959,21
2012-03-07 08:37:00,1.00008,1.00008,0.99976,0.99979,27
2012-03-07 08:38:00,1.0005,1.0005,1.00008,1.0001,28
2012-03-07 08:39:00,1.00053,1.00057,1.00041,1.00048,17
2012-03-07 08:40:00,1.00057,1.00057,1.00043,1.0005,18
2012-03-07 08:41:00,1.00072,1.00078,1.00048,1.00055,36
2012-03-07 08:42:00,1.00092,1.00092,1.00062,1.00069,23
2012-03-07 08:43:00,1.00086,1.0009,1.00086,1.0009,7
2012-03-07 08:44:00,1.00067,1.00092,1.00067,1.00088,18
2012-03-07 08:45:00,1.00057,1.00067,1.00057,1.00065,18
2012-03-07 08:46:00,1.00067,1.00071,1.00057,1.0006,16
2012-03-07 08:47:00,1.00083,1.00083,1.00062,1.00065,11
2012-03-07 08:48:00,1.001,1.001,1.00081,1.00081,11
2012-03-07 08:49:00,1.00086,1.00104,1.00086,1.00102,24
2012-03-07 08:50:00,1.00069,1.00088,1.00067,1.00088,21
2012-03-07 08:51:00,1.00071,1.00071,1.00065,1.00067,11
2012-03-07 08:52:00,1.00069,1.00069,1.00062,1.00069,13
2012-03-07 08:53:00,1.0005,1.00067,1.00046,1.00067,18
2012-03-07 08:54:00,1.00036,1.00048,1.00036,1.00048,8
2012-03-07 08:55:00,1.00034,1.00034,1.00027,1.00034,9
2012-03-07 08:56:00,1.00043,1.00048,1.00036,1.00036,16
2012-03-07 08:57:00,1.0005,1.00055,1.00041,1.00046,21
2012-03-07 08:58:00,1.00069,1.00071,1.0005,1.00053,20
2012-03-07 08:59:00,1.00053,1.00071,1.00053,1.00071,27
2012-03-07 09:00:00,1.00043,1.0005,1.00039,1.0005,20
2012-03-07 09:01:00,1.00039,1.00043,1.00036,1.00041,10
2012-03-07 09:02:00,1.0005,1.0006,1.00041,1.00041,17
2012-03-07 09:03:00,1.00079,1.00081,1.00053,1.00053,14
2012-03-07 09:04:00,1.00081,1.00081,1.00079,1.00081,7
2012-03-07 09:05:00,1.0006,1.00079,1.0006,1.00079,23
2012-03-07 09:06:00,1.00032,1.00057,1.00032,1.00057,24
2012-03-07 09:07:00,1.00048,1.00048,1.00027,1.00029,17
2012-03-07 09:08:00,1.00041,1.0005,1.00041,1.00046,11
2012-03-07 09:09:00,1.00039,1.00041,1.00029,1.00039,13
2012-03-07 09:10:00,1.0005,1.0005,1.00039,1.00041,7
2012-03-07 09:11:00,1.0005,1.00064,1.00046,1.00053,24
2012-03-07 09:12:00,1.00032,1.0005,1.00032,1.00048,14
2012-03-07 09:13:00,1.00031,1.00034,1.00022,1.00029,16
2012-03-07 09:14:00,1.00043,1.00043,1.00029,1.00029,13
2012-03-07 09:15:00,1.00041,1.00046,1.00039,1.00041,11
2012-03-07 09:16:00,1.0005,1.00053,1.00036,1.00043,32
2012-03-07 09:17:00,1.00041,1.0005,1.00039,1.00048,18
2012-03-07 09:18:00,1.00039,1.00046,1.00039,1.00043,5
2012-03-07 09:19:00,1.00034,1.00036,1.00032,1.00036,4
2012-03-07 09:20:00,1.00024,1.00032,1.00022,1.00032,6
2012-03-07 09:21:00,1.0002,1.00024,1.00018,1.00022,8
2012-03-07 09:22:00,0.99999,1.00022,0.99999,1.00022,13
2012-03-07 09:23:00,1.00001,1.00008,0.99993,0.99997,21
2012-03-07 09:24:00,1.00003,1.00008,0.99999,0.99999,15
2012-03-07 09:25:00,1.00008,1.0001,1.00006,1.00006,10
2012-03-07 09:26:00,1.00008,1.00017,1.00008,1.0001,10
2012-03-07 09:27:00,1.00008,1.00008,0.99988,1.00006,24
2012-03-07 09:28:00,0.99999,1.0001,0.99997,1.0001,8
2012-03-07 09:29:00,0.99999,0.99999,0.99997,0.99997,4
2012-03-07 09:30:00,1.00011,1.00017,1.00001,1.00001,11
2012-03-07 09:31:00,1.00013,1.00015,0.99999,1.00013,21
2012-03-07 09:32:00,1.00011,1.00017,1.00011,1.00011,15
2012-03-07 09:33:00,1.0001,1.0001,1.00001,1.00008,16
2012-03-07 09:34:00,1.00008,1.0001,1.00008,1.00008,3
2012-03-07 09:35:00,1.00001,1.00006,0.99999,1.00006,13
2012-03-07 09:36:00,0.99979,0.99999,0.99979,0.99999,13
2012-03-07 09:37:00,0.99992,1.00003,0.99981,0.99981,23
2012-03-07 09:38:00,0.99999,0.99999,0.9999,0.9999,7
2012-03-07 09:39:00,0.99993,0.99999,0.9999,0.99997,11
2012-03-07 09:40:00,0.9997,0.99994,0.99968,0.9999,20
2012-03-07 09:41:00,0.99981,0.99981,0.99971,0.99973,10
2012-03-07 09:42:00,0.99987,0.99996,0.99976,0.99979,22
2012-03-07 09:43:00,1.00006,1.00006,0.99988,0.9999,18
2012-03-07 09:44:00,1.00036,1.00036,1.00008,1.00008,21
2012-03-07 09:45:00,1.00027,1.00034,1.00025,1.00034,10
2012-03-07 09:46:00,1.00041,1.00041,1.00027,1.00029,12
2012-03-07 09:47:00,1.00048,1.00048,1.00036,1.00039,7
2012-03-07 09:48:00,1.00043,1.0005,1.00043,1.0005,4
2012-03-07 09:49:00,1.00029,1.00043,1.00029,1.00041,10
2012-03-07 09:50:00,0.99999,1.00029,0.99999,1.00027,23
2012-03-07 09:51:00,1.00011,1.00017,1.00001,1.00001,13
2012-03-07 09:52:00,1.00001,1.00008,0.99999,1.00008,12
2012-03-07 09:53:00,1.0001,1.0001,0.99999,0.99999,8
2012-03-07 09:54:00,0.99999,1.00008,0.99997,1.00008,13
2012-03-07 09:55:00,1.0002,1.0002,0.99997,0.99997,19
2012-03-07 09:56:00,1.0002,1.00029,1.0002,1.00022,8
2012-03-07 09:57:00,0.99993,1.00024,0.99993,1.00018,22
2012-03-07 09:58:00,0.99994,0.99997,0.99988,0.99995,15
2012-03-07 09:59:00,1.00029,1.00029,0.9999,0.99996,31
2012-03-07 10:00:00,1.0005,1.00055,1.00027,1.00027,21
2012-03-07 10:01:00,1.00041,1.00055,1.00039,1.00048,14
2012-03-07 10:02:00,1.00049,1.00058,1.00043,1.00043,17
2012-03-07 10:03:00,1.00061,1.00061,1.00051,1.00051,5
2012-03-07 10:04:00,1.0008,1.0008,1.00063,1.00063,10
2012-03-07 10:05:00,1.00087,1.00091,1.00082,1.00082,7
2012-03-07 10:06:00,1.00063,1.00084,1.00059,1.00084,26
2012-03-07 10:07:00,1.00049,1.00063,1.00049,1.00061,16
2012-03-07 10:08:00,1.0003,1.00049,1.0003,1.00047,20
2012-03-07 10:09:00,1.00009,1.00028,1.00002,1.00028,15
2012-03-07 10:10:00,1.00013,1.00013,1.0,1.00007,25
2012-03-07 10:11:00,1.00039,1.00039,1.00015,1.00015,13
2012-03-07 10:12:00,1.00029,1.00048,1.00027,1.00041,22
2012-03-07 10:13:00,1.00013,1.00027,1.00013,1.00027,7
2012-03-07 10:14:00,1.00008,1.00011,0.99997,1.00011,18
2012-03-07 10:15:00,1.00003,1.00006,1.00001,1.00006,10
2012-03-07 10:16:00,0.99995,1.00003,0.99995,1.00001,18
2012-03-07 10:17:00,0.99995,0.99997,0.99995,0.99997,4
2012-03-07 10:18:00,0.99999,0.99999,0.99997,0.99997,2
2012-03-07 10:19:00,0.99997,1.00001,0.99995,1.00001,11
2012-03-07 10:20:00,0.99999,1.00001,0.99997,0.99999,5
2012-03-07 10:21:00,0.9999,0.99997,0.9999,0.99997,10
2012-03-07 10:22:00,0.99984,0.99988,0.99982,0.99988,8
2012-03-07 10:23:00,0.99959,0.99987,0.99959,0.99982,21
2012-03-07 10:24:00,0.99976,0.99976,0.99956,0.99956,12
2012-03-07 10:25:00,0.99979,0.99984,0.99979,0.99979,7
2012-03-07 10:26:00,0.99996,0.99996,0.99981,0.99981,15
2012-03-07 10:27:00,0.99995,1.0001,0.99993,0.99999,25
2012-03-07 10:28:00,0.9999,1.00008,0.9999,0.99997,20
2012-03-07 10:29:00,0.99982,0.9999,0.99982,0.99988,9
2012-03-07 10:30:00,0.9999,0.9999,0.99982,0.99984,5
2012-03-07 10:31:00,0.99999,0.99999,0.99988,0.99988,6
2012-03-07 10:32:00,1.00017,1.00017,0.99997,0.99997,14
2012-03-07 10:33:00,1.0002,1.00029,1.0002,1.0002,13
2012-03-07 10:34:00,1.0002,1.00029,1.0002,1.00022,8
2012-03-07 10:35:00,1.00039,1.00039,1.00022,1.00022,8
2012-03-07 10:36:00,1.00053,1.00055,1.00036,1.00036,14
2012-03-07 10:37:00,1.00032,1.0005,1.00032,1.0005,19
2012-03-07 10:38:00,1.00036,1.00036,1.00034,1.00034,2
2012-03-07 10:39:00,1.00027,1.00034,1.00027,1.00034,6
2012-03-07 10:40:00,1.0002,1.00025,1.00011,1.00025,11
2012-03-07 10:41:00,1.00039,1.00039,1.0002,1.00022,10
2012-03-07 10:42:00,1.0005,1.0005,1.00036,1.00041,11
2012-03-07 10:43:00,1.0005,1.0005,1.00046,1.00048,4
2012-03-07 10:44:00,1.00057,1.0006,1.00048,1.00053,11
2012-03-07 10:45:00,1.00053,1.0006,1.00053,1.0006,8
2012-03-07 10:46:00,1.0006,1.0006,1.00055,1.00055,3
2012-03-07 10:47:00,1.00048,1.00057,1.00048,1.00057,5
2012-03-07 10:48:00,1.00041,1.00053,1.00039,1.0005,13
2012-03-07 10:49:00,1.0005,1.0005,1.00039,1.00039,10
2012-03-07 10:50:00,1.0005,1.00057,1.00048,1.00053,10
2012-03-07 10:51:00,1.00046,1.00053,1.00041,1.00053,14
2012-03-07 10:52:00,1.00036,1.0005,1.00036,1.00048,8
2012-03-07 10:53:00,1.00041,1.00043,1.00039,1.00039,4
2012-03-07 10:54:00,1.00006,1.00039,0.99999,1.00039,31
2012-03-07 10:55:00,0.99999,1.00003,0.99995,1.00003,9
2012-03-07 10:56:00,1.00003,1.00003,0.99995,1.00001,10
2012-03-07 10:57:00,1.00011,1.0002,1.00006,1.00006,15
2012-03-07 10:58:00,1.00013,1.00015,1.00006,1.00008,9
2012-03-07 10:59:00,1.0001,1.00011,1.00006,1.00011,9
2012-03-07 11:00:00,1.00071,1.00071,1.00013,1.00013,40
2012-03-07 11:01:00,1.00018,1.00069,1.00018,1.00069,23
2012-03-07 11:02:00,1.00017,1.00017,1.00001,1.00015,26
2012-03-07 11:03:00,1.00031,1.00031,1.00015,1.00015,8
2012-03-07 11:04:00,1.00039,1.00041,1.00022,1.00034,17
2012-03-07 11:05:00,1.00053,1.00057,1.00027,1.00036,30
2012-03-07 11:06:00,1.00046,1.0006,1.00046,1.0005,13
2012-03-07 11:07:00,1.00034,1.00053,1.00034,1.00048,13
2012-03-07 11:08:00,1.00031,1.00036,1.00029,1.00036,11
2012-03-07 11:09:00,1.00053,1.00055,1.00034,1.00034,11
2012-03-07 11:10:00,1.00053,1.00053,1.0005,1.0005,2
2012-03-07 11:11:00,1.00062,1.00062,1.00053,1.00055,10
2012-03-07 11:13:00,1.00043,1.00067,1.00041,1.00064,18
2012-03-07 11:14:00,1.00017,1.00043,1.00013,1.00041,21
2012-03-07 11:15:00,1.00017,1.00017,1.00013,1.00015,4
2012-03-07 11:16:00,1.00018,1.00024,1.00018,1.0002,6
2012-03-07 11:17:00,1.00001,1.00015,0.99997,1.00015,15
2012-03-07 11:18:00,1.00017,1.00017,1.00003,1.00003,15
2012-03-07 11:19:00,1.00039,1.00041,1.0002,1.0002,15
2012-03-07 11:20:00,1.00046,1.00046,1.00041,1.00041,9
2012-03-07 11:21:00,1.00041,1.0005,1.00041,1.00048,18
2012-03-07 11:22:00,1.00039,1.00046,1.00036,1.00039,11
2012-03-07 11:23:00,1.00032,1.00036,1.00027,1.00036,15
2012-03-07 11:24:00,1.00013,1.00029,1.00008,1.00029,12
2012-03-07 11:25:00,1.00027,1.00027,1.00015,1.00015,12
2012-03-07 11:26:00,1.00027,1.00029,1.0002,1.00025,14
2012-03-07 11:27:00,1.00022,1.00029,1.0002,1.00029,6
2012-03-07 11:28:00,1.00064,1.00064,1.00024,1.00024,22
2012-03-07 11:29:00,1.00053,1.00062,1.0005,1.00062,9
2012-03-07 11:30:00,1.00048,1.00057,1.00048,1.00055,10
2012-03-07 11:31:00,1.00046,1.00053,1.00046,1.0005,5
2012-03-07 11:32:00,1.00034,1.00043,1.00032,1.00043,15
2012-03-07 11:33:00,1.00053,1.00055,1.00029,1.00032,26
2012-03-07 11:34:00,1.00074,1.00074,1.00055,1.00055,9
2012-03-07 11:35:00,1.00071,1.00074,1.00067,1.00072,11
2012-03-07 11:36:00,1.0005,1.00069,1.00048,1.00069,11
2012-03-07 11:37:00,1.00055,1.00055,1.00053,1.00053,2
2012-03-07 11:38:00,1.00064,1.00064,1.00057,1.00057,4
2012-03-07 11:39:00,1.00055,1.00071,1.00055,1.00067,10
2012-03-07 11:40:00,1.00064,1.00064,1.00055,1.00057,6
2012-03-07 11:41:00,1.00053,1.00069,1.00048,1.00062,25
2012-03-07 11:42:00,1.00055,1.00057,1.00053,1.00055,9
2012-03-07 11:43:00,1.00078,1.00078,1.00053,1.00057,22
2012-03-07 11:44:00,1.0009,1.00092,1.00081,1.00081,11
2012-03-07 11:45:00,1.00072,1.00088,1.00072,1.00088,10
2012-03-07 11:47:00,1.0009,1.0009,1.00074,1.00074,8
2012-03-07 11:48:00,1.0009,1.0009,1.00088,1.00088,2
2012-03-07 11:49:00,1.00079,1.00088,1.00079,1.00088,5
2012-03-07 11:50:00,1.00081,1.00081,1.00081,1.00081,1
2012-03-07 11:51:00,1.0009,1.0009,1.00083,1.00083,4
2012-03-07 11:52:00,1.00093,1.00107,1.00092,1.00092,23
2012-03-07 11:53:00,1.00074,1.0009,1.00069,1.0009,16
2012-03-07 11:54:00,1.00104,1.00104,1.00072,1.00072,17
2012-03-07 11:55:00,1.00104,1.00104,1.001,1.00102,6
2012-03-07 11:56:00,1.00111,1.00114,1.00107,1.00107,13
2012-03-07 11:57:00,1.00114,1.00114,1.00111,1.00114,5
2012-03-07 11:58:00,1.00111,1.00111,1.00111,1.00111,1
2012-03-07 11:59:00,1.00104,1.00109,1.00097,1.00109,11
2012-03-07 12:01:00,1.00088,1.00102,1.00086,1.00102,9
2012-03-07 12:02:00,1.00069,1.00086,1.00069,1.00086,10
2012-03-07 12:03:00,1.00097,1.00097,1.00071,1.00071,16
2012-03-07 12:04:00,1.00099,1.001,1.00093,1.00095,12
2012-03-07 12:05:00,1.00099,1.00103,1.00094,1.00096,8
2012-03-07 12:06:00,1.00094,1.00096,1.00094,1.00096,2
2012-03-07 12:07:00,1.00087,1.00096,1.00084,1.00096,7
2012-03-07 12:08:00,1.00096,1.00096,1.00089,1.00089,8
2012-03-07 12:09:00,1.00094,1.00094,1.00091,1.00094,3
2012-03-07 12:10:00,1.00098,1.00098,1.00096,1.00096,2
2012-03-07 12:11:00,1.00096,1.00103,1.00096,1.00101,5
2012-03-07 12:12:00,1.00115,1.00115,1.00098,1.00098,10
2012-03-07 12:13:00,1.00117,1.00117,1.00117,1.00117,1
2012-03-07 12:14:00,1.00129,1.00143,1.00119,1.00119,19
2012-03-07 12:15:00,1.00131,1.00136,1.00127,1.00127,9
2012-03-07 12:16:00,1.00161,1.00163,1.00134,1.00134,20
2012-03-07 12:17:00,1.00151,1.00158,1.00151,1.00158,4
2012-03-07 12:18:00,1.0014,1.00149,1.0014,1.00149,21
2012-03-07 12:19:00,1.00135,1.00139,1.00135,1.00137,4
2012-03-07 12:20:00,1.00128,1.00139,1.00128,1.00137,11
2012-03-07 12:21:00,1.00128,1.00137,1.00128,1.0013,12
2012-03-07 12:22:00,1.00128,1.0013,1.00128,1.0013,4
2012-03-07 12:23:00,1.0013,1.0013,1.00128,1.0013,3
2012-03-07 12:24:00,1.00139,1.00139,1.00132,1.00132,4
2012-03-07 12:25:00,1.00161,1.00161,1.00137,1.00137,11
2012-03-07 12:26:00,1.0017,1.00175,1.00163,1.00163,16
2012-03-07 12:27:00,1.00172,1.00177,1.00168,1.00172,11
2012-03-07 12:28:00,1.00158,1.00175,1.00158,1.0017,14
2012-03-07 12:29:00,1.00151,1.00165,1.00149,1.00161,21
2012-03-07 12:30:00,1.00144,1.00153,1.00144,1.00153,15
2012-03-07 12:31:00,1.00139,1.00142,1.00137,1.00142,6
2012-03-07 12:32:00,1.00146,1.00146,1.00137,1.00137,11
2012-03-07 12:33:00,1.00147,1.00149,1.00147,1.00149,2
2012-03-07 12:34:00,1.00158,1.00165,1.00149,1.00149,15
2012-03-07 12:35:00,1.00165,1.00165,1.00161,1.00161,3
2012-03-07 12:36:00,1.00158,1.00163,1.00158,1.00163,7
2012-03-07 12:37:00,1.00165,1.00165,1.00161,1.00161,5
2012-03-07 12:39:00,1.00163,1.00163,1.00154,1.00163,9
2012-03-07 12:40:00,1.00172,1.00172,1.00161,1.00165,8
2012-03-07 12:41:00,1.00176,1.0018,1.00172,1.00175,13
2012-03-07 12:42:00,1.00167,1.00176,1.00167,1.00174,8
2012-03-07 12:43:00,1.00174,1.00176,1.00169,1.00169,9
2012-03-07 12:44:00,1.00192,1.00195,1.00176,1.00176,10
2012-03-07 12:45:00,1.00195,1.00195,1.00195,1.00195,1
2012-03-07 12:46:00,1.00188,1.00192,1.00188,1.00192,3
2012-03-07 12:47:00,1.00185,1.00185,1.00183,1.00185,3
2012-03-07 12:48:00,1.00188,1.00188,1.00188,1.00188,1
2012-03-07 12:49:00,1.00188,1.00195,1.00188,1.0019,6
2012-03-07 12:50:00,1.00195,1.00195,1.00188,1.0019,5
2012-03-07 12:51:00,1.00199,1.00199,1.00197,1.00197,4
2012-03-07 12:52:00,1.00204,1.00209,1.00202,1.00202,12
2012-03-07 12:53:00,1.00197,1.00206,1.00197,1.00202,7
2012-03-07 12:54:00,1.00181,1.00197,1.00181,1.00195,9
2012-03-07 12:55:00,1.00188,1.00188,1.00181,1.00183,7
2012-03-07 12:56:00,1.00181,1.0019,1.00181,1.0019,5
2012-03-07 12:57:00,1.00167,1.00183,1.00167,1.00183,10
2012-03-07 12:58:00,1.00169,1.00169,1.00164,1.00164,7
2012-03-07 12:59:00,1.0019,1.00192,1.00169,1.00171,37
2012-03-07 13:00:00,1.00166,1.00188,1.00162,1.00188,18
2012-03-07 13:01:00,1.00202,1.00202,1.00169,1.00169,17
2012-03-07 13:02:00,1.00202,1.00211,1.00195,1.00204,16
2012-03-07 13:03:00,1.00202,1.00211,1.00202,1.00204,14
2012-03-07 13:04:00,1.00223,1.00223,1.00204,1.00204,11
2012-03-07 13:05:00,1.00199,1.00232,1.0019,1.00225,40
2012-03-07 13:06:00,1.00195,1.00197,1.00195,1.00197,4
2012-03-07 13:07:00,1.00195,1.00195,1.00188,1.00192,12
2012-03-07 13:08:00,1.00197,1.00197,1.00195,1.00197,3
2012-03-07 13:09:00,1.00169,1.00204,1.00167,1.00199,30
2012-03-07 13:10:00,1.00124,1.00167,1.00124,1.00167,25
2012-03-07 13:11:00,1.00113,1.00127,1.00113,1.00127,15
2012-03-07 13:12:00,1.00112,1.00115,1.00101,1.0011,20
2012-03-07 13:13:00,1.00106,1.00115,1.00106,1.00115,7
2012-03-07 13:14:00,1.00157,1.00157,1.00101,1.00103,70
2012-03-07 13:15:00,1.00156,1.00159,1.00136,1.00155,52
2012-03-07 13:16:00,1.00156,1.00175,1.00156,1.00158,38
2012-03-07 13:17:00,1.00153,1.00158,1.00144,1.00154,35
2012-03-07 13:18:00,1.00153,1.00161,1.00149,1.00151,36
2012-03-07 13:19:00,1.0014,1.00151,1.00137,1.00151,24
2012-03-07 13:20:00,1.00135,1.00139,1.00121,1.00137,38
2012-03-07 13:21:00,1.00118,1.00139,1.00114,1.00137,35
2012-03-07 13:22:00,1.00118,1.00125,1.00116,1.00121,14
2012-03-07 13:23:00,1.00146,1.00146,1.00121,1.00121,16
2012-03-07 13:24:00,1.00142,1.00149,1.0014,1.00144,12
2012-03-07 13:25:00,1.00161,1.00177,1.0014,1.0014,28
2012-03-07 13:26:00,1.00161,1.0017,1.00156,1.00158,20
2012-03-07 13:27:00,1.00137,1.00163,1.00137,1.00163,16
2012-03-07 13:28:00,1.00142,1.00142,1.00139,1.00139,2
2012-03-07 13:29:00,1.00155,1.00155,1.00135,1.0014,14
2012-03-07 13:30:00,1.00199,1.00204,1.00159,1.00159,31
2012-03-07 13:31:00,1.00222,1.00232,1.00201,1.00201,22
2012-03-07 13:32:00,1.0023,1.00252,1.00219,1.00219,23
2012-03-07 13:33:00,1.00193,1.00238,1.00193,1.00227,31
2012-03-07 13:34:00,1.00181,1.0019,1.00171,1.0019,20
2012-03-07 13:35:00,1.00179,1.00198,1.00179,1.00184,25
2012-03-07 13:36:00,1.00176,1.00184,1.00173,1.00181,7
2012-03-07 13:37:00,1.00139,1.00173,1.00131,1.00173,23
2012-03-07 13:38:00,1.00117,1.00145,1.00117,1.00142,28
2012-03-07 13:39:00,1.00119,1.00119,1.001,1.00114,29
2012-03-07 13:40:00,1.00111,1.00117,1.00105,1.00117,7
2012-03-07 13:41:00,1.00118,1.00118,1.00097,1.00108,28
2012-03-07 13:42:00,1.00098,1.0012,1.00098,1.00115,25
2012-03-07 13:43:00,1.00101,1.00103,1.00081,1.00095,23
2012-03-07 13:44:00,1.00064,1.00098,1.00064,1.00098,19
2012-03-07 13:45:00,1.00078,1.00081,1.00036,1.00061,31
2012-03-07 13:46:00,1.00087,1.00089,1.00081,1.00081,9
2012-03-07 13:47:00,1.00092,1.00092,1.00073,1.00084,20
2012-03-07 13:48:00,1.00109,1.00109,1.0009,1.0009,12
2012-03-07 13:49:00,1.00106,1.00123,1.00101,1.00112,25
2012-03-07 13:50:00,1.00115,1.00118,1.00104,1.00109,23
2012-03-07 13:51:00,1.0011,1.00112,1.00101,1.00112,20
2012-03-07 13:52:00,1.00081,1.00107,1.00081,1.00107,14
2012-03-07 13:53:00,1.00059,1.00078,1.00059,1.00078,11
2012-03-07 13:54:00,1.00084,1.00084,1.00054,1.00056,29
2012-03-07 13:55:00,1.00094,1.00096,1.00082,1.00087,24
2012-03-07 13:56:00,1.0011,1.00115,1.00096,1.00096,23
2012-03-07 13:57:00,1.00113,1.00117,1.00103,1.00113,23
2012-03-07 13:58:00,1.00129,1.00129,1.0011,1.0011,13
2012-03-07 13:59:00,1.00115,1.00143,1.00115,1.00131,34
2012-03-07 14:00:00,1.00117,1.00122,1.00108,1.00113,27
2012-03-07 14:01:00,1.0012,1.00122,1.00101,1.00115,27
2012-03-07 14:02:00,1.00127,1.00134,1.00115,1.00117,25
2012-03-07 14:03:00,1.00102,1.00125,1.00098,1.00125,30
2012-03-07 14:04:00,1.00107,1.00107,1.0009,1.001,30
2012-03-07 14:05:00,1.00105,1.00109,1.00102,1.00109,13
2012-03-07 14:06:00,1.00109,1.00121,1.00098,1.00102,18
2012-03-07 14:07:00,1.00133,1.00133,1.00107,1.00107,16
2012-03-07 14:08:00,1.0013,1.0013,1.00119,1.0013,17
2012-03-07 14:09:00,1.00123,1.0013,1.00121,1.00128,19
2012-03-07 14:10:00,1.00135,1.00135,1.00126,1.00126,15
2012-03-07 14:11:00,1.00144,1.00149,1.00137,1.00137,12
2012-03-07 14:12:00,1.0014,1.00144,1.00137,1.00142,12
2012-03-07 14:13:00,1.00147,1.00158,1.00142,1.00142,17
2012-03-07 14:14:00,1.00156,1.00163,1.00149,1.00149,15
2012-03-07 14:15:00,1.00158,1.00158,1.0015,1.00152,13
2012-03-07 14:16:00,1.00118,1.0016,1.00118,1.0016,22
2012-03-07 14:17:00,1.0011,1.00124,1.00104,1.0012,27
2012-03-07 14:18:00,1.00126,1.00126,1.00112,1.00112,12
2012-03-07 14:19:00,1.00118,1.0013,1.00118,1.00124,17
2012-03-07 14:20:00,1.0013,1.00132,1.00118,1.0012,10
2012-03-07 14:21:00,1.00118,1.00126,1.00116,1.00126,16
2012-03-07 14:22:00,1.00116,1.00116,1.00108,1.00116,11
2012-03-07 14:23:00,1.00126,1.00134,1.00118,1.00118,14
2012-03-07 14:24:00,1.00144,1.00144,1.00118,1.00124,22
2012-03-07 14:25:00,1.00146,1.00152,1.00146,1.00146,5
2012-03-07 14:26:00,1.00154,1.00154,1.00146,1.0015,9
2012-03-07 14:27:00,1.0019,1.00192,1.00158,1.00158,20
2012-03-07 14:28:00,1.00194,1.00194,1.0018,1.00186,28
2012-03-07 14:29:00,1.00208,1.00208,1.00186,1.00192,23
2012-03-07 14:30:00,1.0017,1.00212,1.0017,1.00206,24
2012-03-07 14:31:00,1.00178,1.00178,1.00164,1.00166,27
2012-03-07 14:32:00,1.00198,1.002,1.0018,1.0018,29
2012-03-07 14:33:00,1.00208,1.00214,1.00198,1.002,22
2012-03-07 14:34:00,1.00208,1.00214,1.00192,1.00212,36
2012-03-07 14:35:00,1.00188,1.00208,1.00178,1.00206,33
2012-03-07 14:36:00,1.0018,1.00192,1.00172,1.00186,25
2012-03-07 14:37:00,1.00228,1.00228,1.00184,1.00184,45
2012-03-07 14:38:00,1.00248,1.00254,1.00224,1.00226,51
2012-03-07 14:39:00,1.00224,1.00246,1.00224,1.00246,13
2012-03-07 14:40:00,1.00198,1.0022,1.00194,1.0022,35
2012-03-07 14:41:00,1.00194,1.002,1.00186,1.00194,19
2012-03-07 14:42:00,1.00194,1.00206,1.00194,1.00198,16
2012-03-07 14:43:00,1.00178,1.00192,1.00176,1.00192,8
2012-03-07 14:44:00,1.00184,1.00192,1.00156,1.00176,36
2012-03-07 14:45:00,1.00172,1.0018,1.0017,1.0018,18
2012-03-07 14:46:00,1.0019,1.00194,1.00172,1.00174,28
2012-03-07 14:47:00,1.00178,1.00186,1.00172,1.00186,20
2012-03-07 14:48:00,1.00214,1.00214,1.00176,1.00176,43
2012-03-07 14:49:00,1.00196,1.00214,1.00194,1.00212,29
2012-03-07 14:50:00,1.00194,1.0021,1.00188,1.00198,27
2012-03-07 14:51:00,1.00188,1.00194,1.00186,1.0019,12
2012-03-07 14:52:00,1.00186,1.00204,1.00186,1.00186,29
2012-03-07 14:53:00,1.00164,1.00182,1.00148,1.00182,37
2012-03-07 14:54:00,1.00094,1.00182,1.00088,1.00168,69
2012-03-07 14:55:00,1.00104,1.00104,1.00082,1.00092,55
2012-03-07 14:56:00,1.00108,1.00118,1.00098,1.00102,27
2012-03-07 14:57:00,1.00092,1.0011,1.00092,1.00104,9
2012-03-07 14:58:00,1.00062,1.0009,1.00056,1.0009,31
2012-03-07 14:59:00,1.00078,1.00082,1.00058,1.00058,28
2012-03-07 15:00:00,1.00098,1.00104,1.00076,1.00076,37
2012-03-07 15:01:00,1.00078,1.00096,1.0007,1.00096,19
2012-03-07 15:02:00,1.00096,1.00096,1.00076,1.00076,18
2012-03-07 15:03:00,1.00088,1.001,1.00076,1.00098,21
2012-03-07 15:04:00,1.0007,1.00096,1.00068,1.00084,20
2012-03-07 15:05:00,1.00076,1.00082,1.0007,1.00072,12
2012-03-07 15:06:00,1.00108,1.00116,1.00068,1.00072,23
2012-03-07 15:07:00,1.00124,1.00124,1.00104,1.0011,30
2012-03-07 15:08:00,1.00138,1.00144,1.0011,1.00126,29
2012-03-07 15:09:00,1.0014,1.0014,1.00124,1.00136,21
2012-03-07 15:10:00,1.00158,1.0016,1.00136,1.00138,22
2012-03-07 15:11:00,1.0014,1.00156,1.00136,1.00156,20
2012-03-07 15:12:00,1.00158,1.0016,1.00138,1.00144,22
2012-03-07 15:13:00,1.00144,1.00158,1.00138,1.00156,17
2012-03-07 15:14:00,1.0013,1.00142,1.0013,1.00142,13
2012-03-07 15:15:00,1.00116,1.00126,1.00116,1.00126,13
2012-03-07 15:16:00,1.00124,1.00124,1.00116,1.00118,13
2012-03-07 15:17:00,1.00116,1.0013,1.0011,1.00126,23
2012-03-07 15:18:00,1.00112,1.00116,1.00108,1.00112,17
2012-03-07 15:19:00,1.00118,1.0014,1.0011,1.00116,32
2012-03-07 15:20:00,1.00124,1.00124,1.00104,1.00116,14
2012-03-07 15:21:00,1.00096,1.00122,1.00096,1.00122,16
2012-03-07 15:22:00,1.00106,1.00106,1.00088,1.00092,28
2012-03-07 15:23:00,1.00124,1.00126,1.00102,1.0011,22
2012-03-07 15:24:00,1.00138,1.00152,1.00126,1.00126,37
2012-03-07 15:25:00,1.00142,1.00158,1.00136,1.00136,35
2012-03-07 15:26:00,1.0013,1.00138,1.00126,1.00138,22
2012-03-07 15:27:00,1.00146,1.00146,1.00118,1.00132,44
2012-03-07 15:28:00,1.00138,1.00172,1.00138,1.0015,23
2012-03-07 15:29:00,1.00136,1.00144,1.00136,1.0014,7
2012-03-07 15:30:00,1.0009,1.00132,1.0009,1.00132,26
2012-03-07 15:31:00,1.00116,1.00116,1.00078,1.00088,29
2012-03-07 15:32:00,1.00108,1.00118,1.00104,1.00118,19
2012-03-07 15:33:00,1.00078,1.00104,1.00078,1.00104,26
2012-03-07 15:34:00,1.00078,1.0009,1.00076,1.00082,22
2012-03-07 15:35:00,1.00078,1.00078,1.00076,1.00076,4
2012-03-07 15:36:00,1.00076,1.00084,1.00076,1.00082,19
2012-03-07 15:37:00,1.00078,1.00082,1.00078,1.00078,3
2012-03-07 15:38:00,1.0005,1.00082,1.00048,1.00076,30
2012-03-07 15:39:00,1.0007,1.00072,1.0005,1.00052,13
2012-03-07 15:40:00,1.00078,1.00086,1.00068,1.00068,19
2012-03-07 15:41:00,1.00084,1.00092,1.00072,1.00076,14
2012-03-07 15:42:00,1.00094,1.00096,1.0008,1.00086,23
2012-03-07 15:43:00,1.00094,1.00096,1.00088,1.00096,18
2012-03-07 15:44:00,1.00106,1.0011,1.00096,1.00096,18
2012-03-07 15:45:00,1.0011,1.0011,1.00096,1.00108,23
2012-03-07 15:46:00,1.00126,1.00126,1.00096,1.00108,26
2012-03-07 15:47:00,1.00146,1.00164,1.0013,1.0013,43
2012-03-07 15:48:00,1.00132,1.0016,1.00132,1.0015,25
2012-03-07 15:49:00,1.0013,1.00134,1.00124,1.00134,23
2012-03-07 15:50:00,1.00124,1.00132,1.00118,1.00126,12
2012-03-07 15:51:00,1.0013,1.00134,1.00126,1.00126,10
2012-03-07 15:52:00,1.0016,1.0016,1.00132,1.00132,25
2012-03-07 15:53:00,1.00152,1.00158,1.00136,1.00158,35
2012-03-07 15:54:00,1.0015,1.00154,1.00146,1.0015,17
2012-03-07 15:55:00,1.00176,1.0019,1.00152,1.00152,45
2012-03-07 15:56:00,1.00174,1.0019,1.00168,1.00174,45
2012-03-07 15:57:00,1.00156,1.00182,1.00156,1.00176,18
2012-03-07 15:58:00,1.0016,1.00164,1.00144,1.00158,26
2012-03-07 15:59:00,1.00228,1.0024,1.00164,1.00164,48
2012-03-07 16:00:00,1.00194,1.00232,1.00186,1.00232,46
2012-03-07 16:01:00,1.00152,1.00192,1.0015,1.00192,33
2012-03-07 16:02:00,1.00146,1.0016,1.00146,1.0015,24
2012-03-07 16:03:00,1.00118,1.00152,1.00118,1.0015,34
2012-03-07 16:04:00,1.00138,1.0014,1.00116,1.00116,33
2012-03-07 16:05:00,1.0012,1.0014,1.00116,1.00136,18
2012-03-07 16:06:00,1.0012,1.0012,1.00086,1.00118,52
2012-03-07 16:07:00,1.0009,1.00116,1.0009,1.00116,14
2012-03-07 16:08:00,1.00084,1.001,1.00078,1.00092,24
2012-03-07 16:09:00,1.00034,1.0009,1.00034,1.00086,46
2012-03-07 16:10:00,1.00018,1.00032,1.0001,1.0003,43
2012-03-07 16:11:00,1.0003,1.0003,1.00014,1.00022,30
2012-03-07 16:12:00,1.0,1.00028,0.99982,1.00028,41
2012-03-07 16:13:00,1.00012,1.00024,1.0,1.00002,27
2012-03-07 16:14:00,1.0002,1.00024,1.0001,1.0001,20
2012-03-07 16:15:00,1.00002,1.00016,0.99992,1.00016,38
2012-03-07 16:16:00,1.00016,1.00016,0.99996,1.00004,53
2012-03-07 16:17:00,1.0003,1.00042,1.00014,1.00018,37
2012-03-07 16:18:00,1.0001,1.00028,1.0001,1.00028,21
2012-03-07 16:19:00,0.99994,1.00008,0.99992,1.00008,18
2012-03-07 16:20:00,0.99982,0.99994,0.99972,0.99992,36
2012-03-07 16:21:00,0.99972,0.99984,0.99966,0.9998,34
2012-03-07 16:22:00,1.00012,1.00012,0.99974,0.99974,31
2012-03-07 16:23:00,1.0001,1.00022,1.0001,1.00016,29
2012-03-07 16:24:00,1.0001,1.00012,1.00006,1.00012,20
2012-03-07 16:25:00,1.00008,1.00012,1.00006,1.00012,11
2012-03-07 16:26:00,0.99988,1.00006,0.99988,1.00006,11
2012-03-07 16:27:00,0.99968,0.99988,0.99952,0.99986,39
2012-03-07 16:28:00,0.9997,0.99972,0.99956,0.99966,21
2012-03-07 16:29:00,0.9997,0.9998,0.99966,0.99972,16
2012-03-07 16:30:00,0.99958,0.9998,0.99956,0.99972,16
2012-03-07 16:31:00,0.99952,0.99956,0.99936,0.99956,22
2012-03-07 16:32:00,0.99944,0.99966,0.99944,0.99956,27
2012-03-07 16:33:00,0.9993,0.99944,0.99928,0.99942,23
2012-03-07 16:34:00,0.99938,0.9994,0.99916,0.99928,25
2012-03-07 16:35:00,0.99952,0.99952,0.9993,0.99936,27
2012-03-07 16:36:00,0.99952,0.99952,0.9995,0.9995,4
2012-03-07 16:37:00,0.99958,0.99958,0.9995,0.99956,8
2012-03-07 16:38:00,0.99942,0.99964,0.99942,0.99956,26
2012-03-07 16:39:00,0.9995,0.99956,0.99942,0.99944,11
2012-03-07 16:40:00,0.9993,0.99948,0.99918,0.99948,21
2012-03-07 16:41:00,0.9991,0.99928,0.99902,0.99928,25
2012-03-07 16:42:00,0.99932,0.99932,0.99908,0.99908,18
2012-03-07 16:43:00,0.99942,0.99946,0.99936,0.99936,11
2012-03-07 16:44:00,0.99944,0.99944,0.9993,0.99938,9
2012-03-07 16:45:00,0.99964,0.9997,0.99944,0.99946,27
2012-03-07 16:46:00,0.9996,0.9997,0.99958,0.99962,25
2012-03-07 16:47:00,0.99952,0.99964,0.99948,0.99964,23
2012-03-07 16:48:00,0.99974,0.99974,0.99954,0.99954,28
2012-03-07 16:49:00,0.9998,0.99994,0.99972,0.99976,21
2012-03-07 16:50:00,0.99984,0.99986,0.99982,0.99984,9
2012-03-07 16:51:00,0.99982,0.99984,0.99982,0.99982,3
2012-03-07 16:52:00,0.9995,0.99978,0.99948,0.99978,15
2012-03-07 16:53:00,0.9994,0.99952,0.99922,0.99948,25
2012-03-07 16:54:00,0.99944,0.99944,0.99928,0.99938,29
2012-03-07 16:55:00,0.99966,0.99966,0.99946,0.99946,22
2012-03-07 16:56:00,0.99976,0.9998,0.9997,0.9997,17
2012-03-07 16:57:00,0.9997,0.99972,0.99964,0.99972,16
2012-03-07 16:58:00,0.99948,0.99966,0.99948,0.99966,7
2012-03-07 16:59:00,0.99942,0.99946,0.99934,0.99946,18
2012-03-07 17:00:00,0.9994,0.9994,0.99914,0.9994,25
2012-03-07 17:01:00,0.9996,0.9997,0.99934,0.99938,35
2012-03-07 17:02:00,0.99946,0.99956,0.99942,0.99956,17
2012-03-07 17:03:00,0.9996,0.9996,0.99938,0.99942,19
2012-03-07 17:04:00,0.9994,0.99956,0.99934,0.99956,17
2012-03-07 17:05:00,0.99954,0.99954,0.9994,0.99942,9
2012-03-07 17:06:00,0.99946,0.99952,0.99942,0.99952,7
2012-03-07 17:07:00,0.99932,0.99942,0.99928,0.99942,15
2012-03-07 17:08:00,0.99924,0.99934,0.99904,0.99934,31
2012-03-07 17:09:00,0.99918,0.99932,0.99916,0.99922,26
2012-03-07 17:10:00,0.99922,0.99922,0.99922,0.99922,1
2012-03-07 17:11:00,0.9993,0.99932,0.99924,0.99924,9
2012-03-07 17:12:00,0.99932,0.99936,0.99928,0.99932,7
2012-03-07 17:13:00,0.99944,0.99944,0.9993,0.9993,6
2012-03-07 17:14:00,0.99964,0.99964,0.99946,0.99946,7
2012-03-07 17:15:00,0.9998,0.99984,0.99964,0.99966,12
2012-03-07 17:16:00,0.9998,0.99984,0.99978,0.99984,10
2012-03-07 17:17:00,0.99982,0.99986,0.99978,0.99984,16
2012-03-07 17:18:00,0.99978,0.99986,0.99978,0.99978,9
2012-03-07 17:19:00,0.99966,0.9998,0.99966,0.9998,10
2012-03-07 17:20:00,0.99966,0.9997,0.99966,0.9997,4
2012-03-07 17:21:00,0.99978,0.9998,0.9997,0.9997,10
2012-03-07 17:22:00,0.99986,0.99986,0.9998,0.9998,3
2012-03-07 17:23:00,0.99976,0.99984,0.99976,0.99984,8
2012-03-07 17:24:00,0.9997,0.99976,0.99966,0.99972,14
2012-03-07 17:25:00,0.99976,0.99978,0.9997,0.99972,12
2012-03-07 17:26:00,0.99962,0.99972,0.99962,0.99972,5
2012-03-07 17:27:00,0.99952,0.99958,0.99952,0.99958,3
2012-03-07 17:28:00,0.99958,0.99958,0.99956,0.99956,4
2012-03-07 17:29:00,0.99952,0.99958,0.99952,0.99956,4
2012-03-07 17:30:00,0.99956,0.99958,0.9995,0.9995,13
2012-03-07 17:31:00,0.99972,0.99972,0.99958,0.99958,10
2012-03-07 17:32:00,0.9999,0.9999,0.99964,0.9997,12
2012-03-07 17:33:00,0.99988,0.99994,0.99988,0.99994,3
2012-03-07 17:34:00,0.99988,0.9999,0.99988,0.9999,2
2012-03-07 17:36:00,0.99968,0.99986,0.99968,0.99986,9
2012-03-07 17:37:00,0.99972,0.99982,0.9997,0.9997,21
2012-03-07 17:38:00,0.99966,0.99974,0.99954,0.99974,24
2012-03-07 17:39:00,0.99968,0.99974,0.9996,0.99968,15
2012-03-07 17:40:00,0.9994,0.99966,0.99934,0.99966,24
2012-03-07 17:41:00,0.99946,0.9995,0.99934,0.99938,14
2012-03-07 17:42:00,0.99948,0.9995,0.99942,0.99948,9
2012-03-07 17:43:00,0.9994,0.99946,0.9994,0.99946,3
2012-03-07 17:44:00,0.99946,0.99948,0.99942,0.99942,6
2012-03-07 17:45:00,0.99948,0.99948,0.99948,0.99948,1
2012-03-07 17:46:00,0.99948,0.9995,0.99948,0.9995,2
2012-03-07 17:47:00,0.99942,0.9995,0.9994,0.99946,12
2012-03-07 17:48:00,0.99946,0.99954,0.99946,0.99946,11
2012-03-07 17:49:00,0.99938,0.99942,0.99938,0.99942,7
2012-03-07 17:50:00,0.99938,0.9994,0.99938,0.9994,4
2012-03-07 17:52:00,0.99932,0.99934,0.99926,0.99934,8
2012-03-07 17:53:00,0.99932,0.99934,0.99932,0.99934,4
2012-03-07 17:54:00,0.99928,0.99928,0.99928,0.99928,1
2012-03-07 17:56:00,0.99926,0.99934,0.99926,0.99932,5
2012-03-07 17:57:00,0.99934,0.99934,0.9992,0.99922,11
2012-03-07 17:58:00,0.99928,0.99932,0.99926,0.99932,4
2012-03-07 17:59:00,0.9994,0.9994,0.99928,0.99932,12
2012-03-07 18:00:00,0.99946,0.99946,0.99932,0.99942,14
2012-03-07 18:01:00,0.9997,0.9997,0.99948,0.99948,15
2012-03-07 18:02:00,0.9999,0.9999,0.99968,0.99968,15
2012-03-07 18:03:00,0.99988,0.99994,0.99982,0.99988,21
2012-03-07 18:04:00,0.99986,0.99994,0.99986,0.99986,15
2012-03-07 18:05:00,0.99988,0.99994,0.99988,0.99988,15
2012-03-07 18:06:00,0.99988,0.99988,0.99986,0.99986,2
2012-03-07 18:07:00,0.99992,0.99994,0.9999,0.9999,3
2012-03-07 18:08:00,0.99996,0.99996,0.99992,0.99994,4
2012-03-07 18:09:00,1.00008,1.00008,0.99994,0.99994,6
2012-03-07 18:10:00,1.00016,1.00016,1.00006,1.00006,5
2012-03-07 18:11:00,1.00002,1.00014,0.99992,1.00014,23
2012-03-07 18:12:00,1.00008,1.00008,1.0,1.0,4
2012-03-07 18:13:00,1.0,1.00006,0.99992,1.00006,15
2012-03-07 18:14:00,0.99988,1.0,0.99988,0.99996,12
2012-03-07 18:15:00,1.0,1.00004,0.9999,0.9999,8
2012-03-07 18:16:00,0.99986,1.0,0.99986,0.99996,9
2012-03-07 18:17:00,0.99974,0.99994,0.99974,0.99988,14
2012-03-07 18:18:00,0.9998,0.9998,0.99968,0.99976,10
2012-03-07 18:19:00,0.99972,0.99976,0.99972,0.99976,9
2012-03-07 18:20:00,0.9997,0.9997,0.99966,0.99968,4
2012-03-07 18:21:00,0.9997,0.99976,0.99968,0.99968,10
2012-03-07 18:22:00,0.9996,0.99974,0.9996,0.99968,20
2012-03-07 18:23:00,0.9996,0.99966,0.9996,0.99962,10
2012-03-07 18:24:00,0.9996,0.99962,0.99956,0.99956,14
2012-03-07 18:25:00,0.99952,0.99962,0.99952,0.99962,15
2012-03-07 18:26:00,0.99952,0.99954,0.99946,0.99948,6
2012-03-07 18:28:00,0.99956,0.99956,0.99948,0.99948,8
2012-03-07 18:29:00,0.99994,0.99994,0.99956,0.9996,17
2012-03-07 18:30:00,0.99994,1.00004,0.99994,0.99996,8
2012-03-07 18:31:00,0.99992,1.00008,0.99992,0.99996,17
2012-03-07 18:32:00,0.99966,0.99996,0.99966,0.99994,13
2012-03-07 18:33:00,0.99976,0.99976,0.9996,0.99962,10
2012-03-07 18:34:00,0.99976,0.9998,0.99972,0.99974,6
2012-03-07 18:35:00,0.99968,0.99974,0.99962,0.99974,9
2012-03-07 18:36:00,0.99974,0.99976,0.99966,0.9997,12
2012-03-07 18:37:00,0.99974,0.99976,0.99972,0.99972,6
2012-03-07 18:38:00,0.99976,0.9998,0.99976,0.99976,5
2012-03-07 18:42:00,0.99996,0.99996,0.9998,0.9998,13
2012-03-07 18:43:00,1.00024,1.00024,0.99996,1.0,18
2012-03-07 18:44:00,1.00006,1.00022,1.00006,1.00022,9
2012-03-07 18:45:00,1.00018,1.00018,1.00008,1.00008,11
2012-03-07 18:46:00,1.00022,1.00024,1.00016,1.00016,7
2012-03-07 18:47:00,1.00018,1.0003,1.00006,1.00024,17
2012-03-07 18:48:00,1.00012,1.00018,1.00006,1.00016,22
2012-03-07 18:49:00,1.00014,1.00016,1.0001,1.0001,14
2012-03-07 18:50:00,1.0001,1.00016,1.00008,1.0001,19
2012-03-07 18:51:00,0.99994,1.00008,0.99992,1.00008,22
2012-03-07 18:52:00,0.99992,0.99992,0.99992,0.99992,1
2012-03-07 18:53:00,0.9999,0.9999,0.99988,0.99988,2
2012-03-07 18:54:00,0.99996,0.99996,0.99994,0.99994,2
2012-03-07 18:55:00,1.00004,1.00004,1.0,1.0,3
2012-03-07 18:56:00,0.99972,1.00002,0.99972,1.00002,12
2012-03-07 18:57:00,0.99974,0.99976,0.99974,0.99974,3
2012-03-07 18:58:00,0.9995,0.99972,0.99946,0.99972,20
2012-03-07 18:59:00,0.99968,0.99968,0.99952,0.99954,12
2012-03-07 19:00:00,0.99946,0.99966,0.99946,0.99966,10
2012-03-07 19:01:00,0.9994,0.99942,0.99932,0.99942,14
2012-03-07 19:02:00,0.99928,0.99942,0.99928,0.99938,10
2012-03-07 19:03:00,0.99924,0.99938,0.99924,0.99924,17
2012-03-07 19:04:00,0.99918,0.99924,0.99916,0.99922,8
2012-03-07 19:05:00,0.99904,0.99916,0.99904,0.99916,9
2012-03-07 19:06:00,0.99892,0.99904,0.99882,0.99902,26
2012-03-07 19:07:00,0.99898,0.99906,0.99896,0.99896,14
2012-03-07 19:08:00,0.9989,0.99902,0.9989,0.99896,15
2012-03-07 19:09:00,0.99884,0.99888,0.99882,0.99888,12
2012-03-07 19:10:00,0.99902,0.99904,0.99888,0.99888,16
2012-03-07 19:11:00,0.99898,0.99902,0.99896,0.99898,5
2012-03-07 19:12:00,0.99898,0.99902,0.99896,0.99896,10
2012-03-07 19:13:00,0.99898,0.99902,0.99898,0.99902,2
2012-03-07 19:14:00,0.99912,0.99912,0.99902,0.99902,17
2012-03-07 19:15:00,0.99898,0.9991,0.99888,0.9991,23
2012-03-07 19:16:00,0.9989,0.99902,0.9989,0.99896,13
2012-03-07 19:17:00,0.99898,0.99902,0.99888,0.99888,11
2012-03-07 19:18:00,0.999,0.99912,0.999,0.99902,19
2012-03-07 19:19:00,0.99906,0.99912,0.99886,0.99898,22
2012-03-07 19:20:00,0.99916,0.99916,0.999,0.99908,16
2012-03-07 19:21:00,0.9992,0.99926,0.99912,0.99914,13
2012-03-07 19:22:00,0.99918,0.99928,0.99918,0.99922,9
2012-03-07 19:23:00,0.99916,0.99916,0.999,0.99914,12
2012-03-07 19:24:00,0.99922,0.99926,0.9992,0.9992,10
2012-03-07 19:25:00,0.99914,0.99922,0.99912,0.9992,7
2012-03-07 19:26:00,0.99912,0.99912,0.99912,0.99912,1
2012-03-07 19:27:00,0.99906,0.99922,0.99906,0.99914,10
2012-03-07 19:28:00,0.99888,0.99904,0.99886,0.99904,8
2012-03-07 19:29:00,0.99894,0.99898,0.99892,0.99892,6
2012-03-07 19:30:00,0.99894,0.99902,0.99888,0.99898,10
2012-03-07 19:31:00,0.99906,0.99906,0.99898,0.99898,4
2012-03-07 19:32:00,0.99918,0.9992,0.99908,0.99908,12
2012-03-07 19:33:00,0.99926,0.99926,0.99912,0.99914,7
2012-03-07 19:34:00,0.99928,0.99934,0.99926,0.99928,11
2012-03-07 19:35:00,0.99946,0.99946,0.99932,0.99932,12
2012-03-07 19:36:00,0.9995,0.99954,0.99938,0.99942,32
2012-03-07 19:37:00,0.99948,0.9995,0.99946,0.99948,11
2012-03-07 19:38:00,0.99962,0.99962,0.9994,0.99946,21
2012-03-07 19:39:00,0.99966,0.99968,0.99962,0.99966,7
2012-03-07 19:40:00,0.99976,0.99986,0.99968,0.99968,19
2012-03-07 19:41:00,0.99964,0.99972,0.99958,0.99972,16
2012-03-07 19:42:00,0.99952,0.99976,0.99952,0.99966,16
2012-03-07 19:43:00,0.99956,0.9996,0.99956,0.99956,5
2012-03-07 19:44:00,0.99946,0.99952,0.99944,0.99952,5
2012-03-07 19:45:00,0.99928,0.99944,0.99928,0.99944,9
2012-03-07 19:46:00,0.99916,0.99932,0.99916,0.9993,10
2012-03-07 19:47:00,0.99926,0.99926,0.99918,0.99918,10
2012-03-07 19:48:00,0.9993,0.99932,0.99924,0.99924,7
2012-03-07 19:49:00,0.9993,0.99932,0.99924,0.99928,6
2012-03-07 19:50:00,0.99922,0.99932,0.99922,0.99928,7
2012-03-07 19:51:00,0.99914,0.99918,0.99908,0.99918,11
2012-03-07 19:52:00,0.99884,0.99918,0.99884,0.99916,14
2012-03-07 19:53:00,0.99884,0.99902,0.99874,0.99882,20
2012-03-07 19:54:00,0.99874,0.99892,0.99874,0.99888,16
2012-03-07 19:55:00,0.9987,0.99876,0.99856,0.9987,25
2012-03-07 19:56:00,0.99884,0.99884,0.99864,0.99872,15
2012-03-07 19:57:00,0.99892,0.99892,0.99888,0.99888,3
2012-03-07 19:58:00,0.9989,0.99892,0.99888,0.9989,7
2012-03-07 19:59:00,0.99894,0.99894,0.99868,0.99892,25
2012-03-07 20:00:00,0.99874,0.99892,0.99838,0.99892,51
2012-03-07 20:01:00,0.9988,0.99882,0.99872,0.99872,8
2012-03-07 20:02:00,0.9984,0.99878,0.9984,0.99878,20
2012-03-07 20:03:00,0.99838,0.9984,0.99826,0.99838,23
2012-03-07 20:04:00,0.99826,0.9984,0.99826,0.99836,14
2012-03-07 20:05:00,0.9984,0.99848,0.99824,0.99824,19
2012-03-07 20:06:00,0.99838,0.99838,0.99836,0.99838,5
2012-03-07 20:07:00,0.9985,0.99854,0.9984,0.9984,8
2012-03-07 20:08:00,0.9987,0.99872,0.9985,0.99852,21
2012-03-07 20:09:00,0.99884,0.99884,0.99868,0.99868,11
2012-03-07 20:10:00,0.99888,0.99892,0.99874,0.99882,23
2012-03-07 20:11:00,0.99872,0.99884,0.99868,0.99884,13
2012-03-07 20:12:00,0.99876,0.99882,0.99876,0.99876,5
2012-03-07 20:13:00,0.99868,0.99882,0.99864,0.99878,13
2012-03-07 20:14:00,0.9986,0.99864,0.9985,0.99864,19
2012-03-07 20:15:00,0.99864,0.99868,0.99856,0.99856,10
2012-03-07 20:16:00,0.9986,0.99876,0.9986,0.99868,10
2012-03-07 20:17:00,0.99848,0.99858,0.99848,0.99856,10
2012-03-07 20:18:00,0.99834,0.99844,0.99834,0.99844,5
2012-03-07 20:19:00,0.99816,0.99834,0.99816,0.9983,8
2012-03-07 20:20:00,0.998,0.99822,0.998,0.99814,24
2012-03-07 20:21:00,0.99788,0.99796,0.99786,0.99796,12
2012-03-07 20:22:00,0.9981,0.99818,0.9979,0.9979,28
2012-03-07 20:23:00,0.9981,0.99814,0.99808,0.99808,8
2012-03-07 20:24:00,0.99816,0.99828,0.99814,0.99814,12
2012-03-07 20:25:00,0.99828,0.99828,0.99818,0.99818,10
2012-03-07 20:26:00,0.99826,0.99838,0.99826,0.9983,11
2012-03-07 20:27:00,0.99828,0.9983,0.9982,0.99828,11
2012-03-07 20:28:00,0.99828,0.99834,0.99826,0.9983,8
2012-03-07 20:29:00,0.99824,0.99826,0.99822,0.99826,3
2012-03-07 20:30:00,0.9982,0.99822,0.998,0.99822,32
2012-03-07 20:31:00,0.99808,0.99816,0.998,0.99816,16
2012-03-07 20:32:00,0.9981,0.99814,0.9981,0.9981,3
2012-03-07 20:33:00,0.99794,0.99808,0.99792,0.99808,10
2012-03-07 20:34:00,0.99788,0.99792,0.99786,0.99792,8
2012-03-07 20:35:00,0.99776,0.9979,0.99774,0.9979,8
2012-03-07 20:36:00,0.9978,0.9978,0.9978,0.9978,1
2012-03-07 20:37:00,0.9978,0.99782,0.9978,0.99782,4
2012-03-07 20:38:00,0.99784,0.99784,0.99782,0.99782,2
2012-03-07 20:39:00,0.99774,0.99784,0.99768,0.99782,14
2012-03-07 20:40:00,0.9979,0.99794,0.99776,0.99776,17
2012-03-07 20:41:00,0.99788,0.998,0.99788,0.99794,9
2012-03-07 20:42:00,0.99788,0.9979,0.99788,0.9979,4
2012-03-07 20:43:00,0.9978,0.99786,0.9978,0.99786,3
2012-03-07 20:44:00,0.99776,0.99776,0.99772,0.99776,9
2012-03-07 20:45:00,0.9976,0.99774,0.99756,0.99774,10
2012-03-07 20:46:00,0.9975,0.99762,0.99746,0.99762,13
2012-03-07 20:47:00,0.9975,0.9975,0.99746,0.99748,8
2012-03-07 20:48:00,0.99756,0.99766,0.99748,0.99754,14
2012-03-07 20:49:00,0.99766,0.99766,0.9976,0.9976,13
2012-03-07 20:50:00,0.9976,0.99774,0.99756,0.99768,20
2012-03-07 20:51:00,0.99762,0.99766,0.99756,0.99756,11
2012-03-07 20:52:00,0.99768,0.9977,0.99766,0.99766,4
2012-03-07 20:53:00,0.99768,0.9977,0.99766,0.9977,4
2012-03-07 20:54:00,0.99772,0.99774,0.9976,0.99766,13
2012-03-07 20:55:00,0.99788,0.99796,0.99774,0.99774,22
2012-03-07 20:56:00,0.99794,0.99794,0.99788,0.9979,4
2012-03-07 20:57:00,0.99814,0.99814,0.99796,0.99796,17
2012-03-07 20:58:00,0.99816,0.99816,0.9981,0.9981,5
2012-03-07 20:59:00,0.99802,0.99818,0.99792,0.99818,19
2012-03-07 21:00:00,0.99789,0.99805,0.99777,0.99801,16
2012-03-07 21:01:00,0.99785,0.99793,0.99785,0.99785,5
2012-03-07 21:02:00,0.99777,0.99789,0.99777,0.99789,4
2012-03-07 21:04:00,0.99819,0.99823,0.99781,0.99781,14
2012-03-07 21:05:00,0.99815,0.99815,0.99815,0.99815,1
2012-03-07 21:06:00,0.99819,0.99819,0.99819,0.99819,1
2012-03-07 21:07:00,0.99811,0.99815,0.99803,0.99815,6
2012-03-07 21:08:00,0.99803,0.99807,0.99803,0.99807,2
2012-03-07 21:10:00,0.99799,0.99799,0.99799,0.99799,1
2012-03-07 21:11:00,0.99783,0.99795,0.99783,0.99795,4
2012-03-07 21:12:00,0.99783,0.99787,0.99783,0.99787,2
2012-03-07 21:13:00,0.99799,0.99803,0.99787,0.99787,6
2012-03-07 21:14:00,0.99795,0.99795,0.99795,0.99795,1
2012-03-07 21:15:00,0.99791,0.99791,0.99787,0.99791,3
2012-03-07 21:16:00,0.99787,0.99787,0.99787,0.99787,1
2012-03-07 21:18:00,0.99783,0.99783,0.99779,0.99783,3
2012-03-07 21:20:00,0.99779,0.99779,0.99775,0.99779,3
2012-03-07 21:22:00,0.99771,0.99775,0.99771,0.99775,2
2012-03-07 21:23:00,0.99767,0.99775,0.99767,0.99775,3
2012-03-07 21:25:00,0.99775,0.99779,0.99767,0.99771,6
2012-03-07 21:26:00,0.99775,0.99779,0.99775,0.99779,4
2012-03-07 21:27:00,0.99763,0.99771,0.99763,0.99771,3
2012-03-07 21:28:00,0.99763,0.99763,0.99759,0.99759,2
2012-03-07 21:30:00,0.99771,0.99771,0.99767,0.99767,2
2012-03-07 21:33:00,0.99779,0.99779,0.99775,0.99775,2
2012-03-07 21:34:00,0.99783,0.99783,0.99783,0.99783,1
2012-03-07 21:40:00,0.99779,0.99779,0.99779,0.99779,1
2012-03-07 21:42:00,0.99783,0.99783,0.99783,0.99783,1
2012-03-07 21:43:00,0.99779,0.99779,0.99779,0.99779,1
2012-03-07 21:47:00,0.99775,0.99783,0.99775,0.99783,5
2012-03-07 21:48:00,0.99783,0.99783,0.99779,0.99779,2
2012-03-07 21:51:00,0.99779,0.99779,0.99775,0.99779,3
2012-03-07 21:54:00,0.99779,0.99783,0.99779,0.99783,2
2012-03-07 21:55:00,0.99771,0.99783,0.99771,0.99783,4
2012-03-07 21:57:00,0.99767,0.99767,0.99767,0.99767,1
2012-03-07 21:58:00,0.99767,0.99767,0.99763,0.99763,2
2012-03-07 21:59:00,0.99747,0.99763,0.99747,0.99763,5
2012-03-07 22:00:00,0.99773,0.99773,0.99751,0.99751,6
2012-03-07 22:02:00,0.99782,0.99782,0.99768,0.99768,4
2012-03-07 22:03:00,0.99775,0.99779,0.99774,0.99778,4
2012-03-07 22:05:00,0.99763,0.99771,0.99763,0.99771,3
2012-03-07 22:06:00,0.99759,0.99759,0.99759,0.99759,1
2012-03-07 22:08:00,0.99767,0.99767,0.99763,0.99763,2
2012-03-07 22:10:00,0.99771,0.99771,0.99771,0.99771,1
2012-03-07 22:11:00,0.99775,0.99775,0.99775,0.99775,1
2012-03-07 22:13:00,0.99775,0.99779,0.99775,0.99779,2
2012-03-07 22:14:00,0.99779,0.99779,0.99779,0.99779,1
2012-03-07 22:16:00,0.99775,0.99775,0.99775,0.99775,1
2012-03-07 22:20:00,0.99775,0.99775,0.99771,0.99771,2
2012-03-07 22:21:00,0.99801,0.99801,0.9978,0.9978,10
2012-03-07 22:22:00,0.99801,0.99805,0.99801,0.99805,2
2012-03-07 22:24:00,0.99802,0.99818,0.99802,0.99805,8
2012-03-07 22:26:00,0.99785,0.9981,0.99785,0.99806,8
2012-03-07 22:27:00,0.99786,0.99786,0.99781,0.99781,2
2012-03-07 22:28:00,0.99786,0.99786,0.99782,0.99782,2
2012-03-07 22:29:00,0.99774,0.9979,0.99774,0.9979,5
2012-03-07 22:32:00,0.99778,0.99778,0.99778,0.99778,1
2012-03-07 22:35:00,0.99783,0.99791,0.99782,0.99782,5
2012-03-07 22:36:00,0.99805,0.99814,0.99787,0.99787,9
2012-03-07 22:37:00,0.99805,0.99813,0.99805,0.99809,4
2012-03-07 22:40:00,0.99801,0.99801,0.99801,0.99801,1
2012-03-07 22:42:00,0.99797,0.99797,0.99776,0.99797,11
2012-03-07 22:43:00,0.99793,0.99805,0.99793,0.99801,5
2012-03-07 22:44:00,0.99789,0.99789,0.99789,0.99789,1
2012-03-07 22:45:00,0.99785,0.99785,0.99785,0.99785,1
2012-03-07 22:46:00,0.99781,0.99781,0.99781,0.99781,1
2012-03-07 22:50:00,0.99785,0.99785,0.99785,0.99785,1
2012-03-07 22:51:00,0.99781,0.99781,0.99781,0.99781,1
2012-03-07 22:52:00,0.99785,0.99785,0.99785,0.99785,1
2012-03-07 22:55:00,0.99793,0.99793,0.99789,0.99789,2
2012-03-07 22:56:00,0.99781,0.99789,0.99781,0.99789,3
2012-03-07 22:59:00,0.99773,0.99777,0.99773,0.99777,2
2012-03-07 23:00:00,0.9977,0.99776,0.9977,0.99774,4
2012-03-07 23:01:00,0.99756,0.99768,0.99756,0.99768,5
2012-03-07 23:02:00,0.9975,0.99752,0.9975,0.99752,2
2012-03-07 23:05:00,0.99744,0.99746,0.99744,0.99746,2
2012-03-07 23:07:00,0.9974,0.9974,0.9974,0.9974,1
2012-03-07 23:11:00,0.99746,0.99746,0.99744,0.99744,2
2012-03-07 23:12:00,0.9976,0.99766,0.9975,0.9975,10
2012-03-07 23:13:00,0.9976,0.99762,0.99754,0.99756,10
2012-03-07 23:14:00,0.99768,0.99774,0.99762,0.99762,7
2012-03-07 23:15:00,0.99768,0.99792,0.99762,0.99772,21
2012-03-07 23:16:00,0.99762,0.99764,0.99762,0.99764,2
2012-03-07 23:18:00,0.99762,0.99762,0.99762,0.99762,1
2012-03-07 23:20:00,0.99751,0.99759,0.99751,0.99759,4
2012-03-07 23:21:00,0.99762,0.99762,0.99753,0.99753,6
2012-03-07 23:22:00,0.99756,0.99764,0.99754,0.99764,8
2012-03-07 23:23:00,0.9977,0.9977,0.99759,0.99759,5
2012-03-07 23:24:00,0.99779,0.99781,0.99773,0.99773,5
2012-03-07 23:25:00,0.99781,0.99781,0.99781,0.99781,1
2012-03-07 23:26:00,0.99787,0.99787,0.99784,0.99784,2
2012-03-07 23:31:00,0.99785,0.99785,0.99785,0.99785,1
2012-03-07 23:32:00,0.99787,0.99787,0.99787,0.99787,1
2012-03-07 23:33:00,0.99788,0.9979,0.99788,0.9979,2
2012-03-07 23:35:00,0.99799,0.99801,0.9979,0.9979,8
2012-03-07 23:36:00,0.99796,0.99796,0.99796,0.99796,1
2012-03-07 23:37:00,0.99801,0.99801,0.99788,0.99793,10
2012-03-07 23:43:00,0.99813,0.99818,0.99804,0.99804,8
2012-03-07 23:46:00,0.99805,0.9981,0.99805,0.9981,3
2012-03-07 23:47:00,0.99804,0.99813,0.99799,0.99807,16
2012-03-07 23:48:00,0.99805,0.9981,0.99799,0.99802,10
2012-03-07 23:50:00,0.9981,0.9981,0.99807,0.99807,2
2012-03-07 23:51:00,0.99813,0.99816,0.99813,0.99813,3
2012-03-07 23:52:00,0.99824,0.99824,0.99813,0.99816,8
2012-03-07 23:53:00,0.99818,0.99827,0.99816,0.99827,6
2012-03-07 23:54:00,0.99824,0.9983,0.99821,0.99821,6
2012-03-07 23:55:00,0.9983,0.9983,0.99824,0.99827,4
2012-03-07 23:56:00,0.99838,0.99838,0.99827,0.99827,19
2012-03-07 23:57:00,0.99844,0.99852,0.99836,0.99836,12
2012-03-07 23:58:00,0.99833,0.99841,0.99833,0.99841,14
2012-03-07 23:59:00,0.99839,0.99841,0.99835,0.99835,4
2012-03-08 00:00:00,0.99835,0.99836,0.99824,0.99836,9
2012-03-08 00:01:00,0.99827,0.99833,0.99827,0.99833,3
2012-03-08 00:02:00,0.9983,0.9983,0.9983,0.9983,1
2012-03-08 00:03:00,0.99822,0.99827,0.99822,0.99827,3
2012-03-08 00:07:00,0.99818,0.99819,0.99816,0.99819,3
2012-03-08 00:08:00,0.99824,0.99824,0.99821,0.99821,2
2012-03-08 00:10:00,0.9983,0.99835,0.99827,0.99827,6
2012-03-08 00:11:00,0.99835,0.99835,0.99833,0.99833,2
2012-03-08 00:12:00,0.99835,0.99835,0.99833,0.99833,2
2012-03-08 00:13:00,0.99844,0.99844,0.99838,0.99838,3
2012-03-08 00:15:00,0.9985,0.99855,0.99847,0.99847,6
2012-03-08 00:17:00,0.99847,0.99847,0.99844,0.99847,3
2012-03-08 00:18:00,0.99838,0.99847,0.99836,0.99844,7
2012-03-08 00:19:00,0.99844,0.99844,0.99841,0.99841,4
2012-03-08 00:20:00,0.99841,0.99844,0.99841,0.99841,3
2012-03-08 00:21:00,0.99844,0.99844,0.99844,0.99844,1
2012-03-08 00:23:00,0.99844,0.99855,0.99844,0.99847,12
2012-03-08 00:24:00,0.9985,0.9985,0.99847,0.99847,2
2012-03-08 00:25:00,0.99846,0.99848,0.99839,0.99847,8
2012-03-08 00:26:00,0.99843,0.99851,0.99843,0.99848,7
2012-03-08 00:28:00,0.99833,0.99848,0.99829,0.99845,30
2012-03-08 00:29:00,0.99839,0.99841,0.9983,0.9983,14
2012-03-08 00:30:00,0.99893,0.99906,0.99841,0.99841,59
2012-03-08 00:31:00,0.99893,0.99903,0.99893,0.99895,20
2012-03-08 00:32:00,0.99892,0.99903,0.9989,0.99895,10
2012-03-08 00:33:00,0.99886,0.9989,0.99884,0.9989,4
2012-03-08 00:34:00,0.99898,0.99906,0.99884,0.99889,20
2012-03-08 00:35:00,0.99867,0.99895,0.99867,0.99895,17
2012-03-08 00:36:00,0.99852,0.99864,0.99847,0.99864,17
2012-03-08 00:37:00,0.99836,0.9985,0.99836,0.9985,6
2012-03-08 00:38:00,0.99833,0.99838,0.99833,0.99838,3
2012-03-08 00:39:00,0.99838,0.99841,0.99835,0.99835,6
2012-03-08 00:40:00,0.99827,0.99836,0.99819,0.99836,10
2012-03-08 00:41:00,0.99844,0.99844,0.9983,0.9983,12
2012-03-08 00:42:00,0.99852,0.99852,0.99819,0.99847,24
2012-03-08 00:43:00,0.99834,0.99858,0.99832,0.9985,40
2012-03-08 00:44:00,0.99797,0.99845,0.99797,0.99837,35
2012-03-08 00:45:00,0.99842,0.99842,0.998,0.998,36
2012-03-08 00:46:00,0.99847,0.99868,0.9984,0.9984,34
2012-03-08 00:47:00,0.99836,0.99858,0.99836,0.9985,20
2012-03-08 00:48:00,0.99861,0.99861,0.9983,0.99833,27
2012-03-08 00:49:00,0.99861,0.99869,0.99861,0.99864,6
2012-03-08 00:50:00,0.99853,0.99864,0.99853,0.99864,5
2012-03-08 00:51:00,0.99858,0.99861,0.99855,0.99855,4
2012-03-08 00:52:00,0.99867,0.99867,0.9985,0.99856,9
2012-03-08 00:53:00,0.99878,0.99886,0.99869,0.99869,14
2012-03-08 00:54:00,0.99872,0.99881,0.9987,0.99881,6
2012-03-08 00:55:00,0.99864,0.99875,0.99861,0.99875,9
2012-03-08 00:56:00,0.99836,0.99861,0.99836,0.99861,12
2012-03-08 00:57:00,0.9983,0.99833,0.99819,0.99833,10
2012-03-08 00:58:00,0.99836,0.99841,0.99833,0.99833,10
2012-03-08 01:00:00,0.9983,0.99833,0.99824,0.99833,6
2012-03-08 01:01:00,0.99833,0.99833,0.99833,0.99833,1
2012-03-08 01:02:00,0.99822,0.99833,0.99822,0.9983,6
2012-03-08 01:03:00,0.99822,0.99827,0.99822,0.99824,4
2012-03-08 01:04:00,0.99827,0.99827,0.99824,0.99824,2
2012-03-08 01:05:00,0.99824,0.99824,0.99824,0.99824,1
2012-03-08 01:06:00,0.99833,0.99833,0.99824,0.99827,9
2012-03-08 01:07:00,0.99827,0.99833,0.99827,0.9983,4
2012-03-08 01:08:00,0.99822,0.99824,0.99822,0.99824,4
2012-03-08 01:09:00,0.99822,0.99824,0.99822,0.99824,6
2012-03-08 01:10:00,0.99819,0.99824,0.99819,0.99824,3
2012-03-08 01:11:00,0.99799,0.99816,0.99799,0.99816,7
2012-03-08 01:12:00,0.99804,0.99804,0.99801,0.99801,4
2012-03-08 01:13:00,0.99796,0.99802,0.99796,0.99802,3
2012-03-08 01:15:00,0.99801,0.99801,0.99798,0.99798,2
2012-03-08 01:16:00,0.99802,0.99804,0.99802,0.99804,2
2012-03-08 01:17:00,0.99802,0.99804,0.99802,0.99804,8
2012-03-08 01:18:00,0.99802,0.9981,0.99802,0.99804,8
2012-03-08 01:19:00,0.99816,0.99816,0.99804,0.99804,9
2012-03-08 01:20:00,0.9983,0.9983,0.99816,0.99818,13
2012-03-08 01:21:00,0.99833,0.99835,0.99833,0.99833,3
2012-03-08 01:22:00,0.99822,0.9983,0.99822,0.9983,4
2012-03-08 01:23:00,0.99785,0.99819,0.99785,0.99819,19
2012-03-08 01:24:00,0.99787,0.99787,0.99787,0.99787,1
2012-03-08 01:25:00,0.9979,0.9979,0.9979,0.9979,1
2012-03-08 01:26:00,0.99793,0.99793,0.99793,0.99793,1
2012-03-08 01:27:00,0.99821,0.99821,0.99796,0.99796,12
2012-03-08 01:29:00,0.99816,0.99819,0.99816,0.99819,2
2012-03-08 01:30:00,0.99807,0.99813,0.99805,0.99813,7
2012-03-08 01:32:00,0.99799,0.99805,0.99799,0.99805,3
2012-03-08 01:33:00,0.99788,0.99801,0.99788,0.99801,6
2012-03-08 01:34:00,0.99788,0.99793,0.99788,0.9979,8
2012-03-08 01:35:00,0.99785,0.99787,0.99785,0.99785,3
2012-03-08 01:36:00,0.99779,0.99782,0.99779,0.99782,2
2012-03-08 01:37:00,0.99779,0.99779,0.99773,0.99776,4
2012-03-08 01:38:00,0.99773,0.99776,0.99773,0.99776,2
2012-03-08 01:39:00,0.99771,0.99781,0.99771,0.99771,9
2012-03-08 01:40:00,0.99765,0.99773,0.99765,0.99773,4
2012-03-08 01:43:00,0.99759,0.9977,0.99759,0.99762,8
2012-03-08 01:44:00,0.99776,0.99776,0.99762,0.99762,6
2012-03-08 01:45:00,0.99782,0.99787,0.99779,0.99779,10
2012-03-08 01:46:00,0.99801,0.99807,0.99784,0.99784,13
2012-03-08 01:47:00,0.99807,0.99807,0.99804,0.99804,2
2012-03-08 01:48:00,0.99793,0.99813,0.99793,0.9981,13
2012-03-08 01:49:00,0.99799,0.99807,0.99793,0.99796,20
2012-03-08 01:50:00,0.99798,0.99798,0.99796,0.99796,4
2012-03-08 01:51:00,0.99798,0.99798,0.99796,0.99796,2
2012-03-08 01:52:00,0.99796,0.99801,0.99782,0.99796,17
2012-03-08 01:53:00,0.99804,0.99804,0.99798,0.99798,3
2012-03-08 01:54:00,0.99801,0.99802,0.99796,0.99802,9
2012-03-08 01:55:00,0.99801,0.99801,0.99799,0.99799,2
2012-03-08 01:56:00,0.99787,0.99799,0.99782,0.99799,9
2012-03-08 01:57:00,0.99788,0.9979,0.99788,0.9979,4
2012-03-08 01:58:00,0.99773,0.9979,0.99773,0.9979,11
2012-03-08 01:59:00,0.99776,0.99776,0.99768,0.99771,13
2012-03-08 02:00:00,0.99759,0.99773,0.99756,0.99773,14
2012-03-08 02:01:00,0.99729,0.99756,0.99727,0.99756,40
2012-03-08 02:02:00,0.99727,0.99735,0.99727,0.99732,9
2012-03-08 02:03:00,0.99721,0.99735,0.99721,0.99729,16
2012-03-08 02:04:00,0.99752,0.99752,0.99723,0.99723,17
2012-03-08 02:05:00,0.9976,0.9976,0.99752,0.99755,5
2012-03-08 02:06:00,0.99777,0.99777,0.99763,0.99763,8
2012-03-08 02:08:00,0.99766,0.99775,0.99766,0.99775,4
2012-03-08 02:09:00,0.99769,0.99769,0.99766,0.99769,3
2012-03-08 02:10:00,0.99769,0.99769,0.99766,0.99766,2
2012-03-08 02:11:00,0.99766,0.99766,0.99761,0.99766,5
2012-03-08 02:13:00,0.99774,0.99774,0.99769,0.99769,3
2012-03-08 02:14:00,0.99777,0.99777,0.99777,0.99777,1
2012-03-08 02:16:00,0.99772,0.9978,0.99772,0.9978,6
2012-03-08 02:17:00,0.99774,0.99774,0.99774,0.99774,1
2012-03-08 02:20:00,0.99766,0.99772,0.99766,0.99772,3
2012-03-08 02:21:00,0.99761,0.99763,0.99761,0.99763,2
2012-03-08 02:23:00,0.99755,0.99758,0.99755,0.99758,2
2012-03-08 02:24:00,0.99757,0.99757,0.99755,0.99757,3
2012-03-08 02:30:00,0.9976,0.9976,0.99755,0.99755,3
2012-03-08 02:31:00,0.99758,0.99758,0.99758,0.99758,1
2012-03-08 02:32:00,0.99757,0.99757,0.99755,0.99755,2
2012-03-08 02:33:00,0.99743,0.99755,0.99741,0.99755,7
2012-03-08 02:34:00,0.9974,0.99741,0.99735,0.99741,5
2012-03-08 02:36:00,0.99726,0.99738,0.99721,0.99738,11
2012-03-08 02:37:00,0.99721,0.99732,0.99721,0.99724,12
2012-03-08 02:38:00,0.99676,0.99718,0.99676,0.99718,22
2012-03-08 02:39:00,0.99684,0.99686,0.99678,0.99678,7
2012-03-08 02:40:00,0.99689,0.99695,0.99686,0.99686,8
2012-03-08 02:42:00,0.99687,0.99692,0.99687,0.99692,3
2012-03-08 02:44:00,0.99689,0.99689,0.99689,0.99689,1
2012-03-08 02:45:00,0.99707,0.99712,0.99692,0.99692,16
2012-03-08 02:46:00,0.99704,0.99709,0.99701,0.99704,11
2012-03-08 02:47:00,0.99701,0.99703,0.99698,0.99701,5
2012-03-08 02:48:00,0.99703,0.99703,0.99703,0.99703,1
2012-03-08 02:49:00,0.99709,0.99709,0.99706,0.99706,2
2012-03-08 02:50:00,0.99707,0.99707,0.99707,0.99707,1
2012-03-08 02:51:00,0.99693,0.99704,0.99693,0.99704,5
2012-03-08 02:52:00,0.99689,0.9969,0.99681,0.9969,7
2012-03-08 02:53:00,0.99684,0.99698,0.99684,0.99692,8
2012-03-08 02:54:00,0.9969,0.99695,0.99681,0.99681,10
2012-03-08 02:55:00,0.9969,0.99698,0.9969,0.99692,10
2012-03-08 02:56:00,0.99692,0.99698,0.99687,0.99693,11
2012-03-08 02:57:00,0.99698,0.99698,0.99695,0.99695,2
2012-03-08 02:58:00,0.99701,0.99703,0.99701,0.99701,3
2012-03-08 02:59:00,0.99693,0.99703,0.99693,0.99698,7
2012-03-08 03:01:00,0.9969,0.9969,0.9969,0.9969,1
2012-03-08 03:02:00,0.99676,0.99687,0.99676,0.99687,5
2012-03-08 03:03:00,0.99644,0.99673,0.99644,0.99673,17
2012-03-08 03:04:00,0.99653,0.99658,0.99647,0.99647,7
2012-03-08 03:05:00,0.99652,0.99652,0.9965,0.9965,2
2012-03-08 03:06:00,0.99653,0.99661,0.9965,0.9965,8
2012-03-08 03:07:00,0.99658,0.99658,0.9965,0.9965,6
2012-03-08 03:08:00,0.99652,0.99658,0.9965,0.99656,10
2012-03-08 03:09:00,0.99644,0.9965,0.9963,0.9965,15
2012-03-08 03:10:00,0.99652,0.99652,0.99647,0.99647,3
2012-03-08 03:11:00,0.99653,0.99655,0.99641,0.9965,12
2012-03-08 03:12:00,0.99655,0.99655,0.99655,0.99655,1
2012-03-08 03:13:00,0.9967,0.99672,0.99658,0.99658,7
2012-03-08 03:14:00,0.99661,0.99669,0.99661,0.99667,7
2012-03-08 03:15:00,0.99658,0.99658,0.99647,0.99658,13
2012-03-08 03:17:00,0.99658,0.99661,0.99658,0.99661,2
2012-03-08 03:20:00,0.99655,0.99656,0.99644,0.99656,9
2012-03-08 03:21:00,0.99653,0.99653,0.99653,0.99653,1
2012-03-08 03:22:00,0.99644,0.9965,0.99639,0.9965,7
2012-03-08 03:23:00,0.99636,0.99644,0.99636,0.99641,5
2012-03-08 03:24:00,0.9963,0.99633,0.9963,0.99633,2
2012-03-08 03:25:00,0.9961,0.99627,0.99599,0.99627,21
2012-03-08 03:26:00,0.99598,0.99613,0.99596,0.99607,32
2012-03-08 03:27:00,0.9963,0.9963,0.99601,0.99601,13
2012-03-08 03:28:00,0.9963,0.9963,0.99622,0.99627,6
2012-03-08 03:29:00,0.99636,0.99638,0.99633,0.99633,14
2012-03-08 03:30:00,0.9963,0.99633,0.9963,0.99633,2
2012-03-08 03:31:00,0.9963,0.9963,0.99627,0.99627,2
2012-03-08 03:32:00,0.9959,0.99627,0.99588,0.99627,32
2012-03-08 03:33:00,0.99598,0.99601,0.99593,0.99593,7
2012-03-08 03:34:00,0.99602,0.99607,0.99601,0.99601,5
2012-03-08 03:35:00,0.9959,0.99607,0.99588,0.99604,16
2012-03-08 03:36:00,0.99598,0.99598,0.99593,0.99593,5
2012-03-08 03:37:00,0.99576,0.99596,0.99568,0.99596,18
2012-03-08 03:38:00,0.99579,0.99581,0.99573,0.99573,7
2012-03-08 03:39:00,0.99582,0.99584,0.99573,0.99576,15
2012-03-08 03:40:00,0.99582,0.99584,0.99579,0.99584,6
2012-03-08 03:41:00,0.99581,0.99587,0.99576,0.99584,10
2012-03-08 03:42:00,0.99584,0.99584,0.99582,0.99584,7
2012-03-08 03:43:00,0.99579,0.99582,0.99579,0.99582,2
2012-03-08 03:45:00,0.99584,0.99584,0.99581,0.99581,2
2012-03-08 03:46:00,0.99567,0.99582,0.99559,0.99582,26
2012-03-08 03:47:00,0.99579,0.99579,0.9957,0.9957,4
2012-03-08 03:48:00,0.99585,0.99587,0.99579,0.99581,8
2012-03-08 03:49:00,0.99579,0.99584,0.99579,0.99582,6
2012-03-08 03:50:00,0.99567,0.99579,0.99556,0.99576,20
2012-03-08 03:51:00,0.99567,0.99567,0.99559,0.99565,14
2012-03-08 03:52:00,0.99573,0.99584,0.9957,0.9957,14
2012-03-08 03:53:00,0.99583,0.99586,0.99571,0.99576,19
2012-03-08 03:54:00,0.99586,0.99586,0.99578,0.9958,5
2012-03-08 03:55:00,0.996,0.996,0.99589,0.99589,5
2012-03-08 03:56:00,0.99597,0.99597,0.99597,0.99597,1
2012-03-08 03:57:00,0.996,0.996,0.996,0.996,1
2012-03-08 03:58:00,0.99611,0.99611,0.99603,0.99603,8
2012-03-08 03:59:00,0.99623,0.99628,0.99609,0.99609,16
2012-03-08 04:00:00,0.99631,0.99631,0.99612,0.9962,13
2012-03-08 04:01:00,0.99631,0.99631,0.99629,0.99629,2
2012-03-08 04:02:00,0.9964,0.9964,0.99634,0.99634,7
2012-03-08 04:04:00,0.9964,0.99642,0.9964,0.99642,2
2012-03-08 04:05:00,0.99651,0.99651,0.99642,0.99642,4
2012-03-08 04:06:00,0.99651,0.99654,0.99651,0.99654,2
2012-03-08 04:07:00,0.99651,0.99651,0.99646,0.99649,6
2012-03-08 04:08:00,0.99654,0.99654,0.99646,0.99649,21
2012-03-08 04:10:00,0.99671,0.99671,0.99657,0.99657,6
2012-03-08 04:11:00,0.99668,0.99668,0.99666,0.99668,5
2012-03-08 04:12:00,0.99666,0.99666,0.99666,0.99666,1
2012-03-08 04:13:00,0.99662,0.99663,0.9966,0.99663,3
2012-03-08 04:14:00,0.99662,0.99662,0.9966,0.9966,2
2012-03-08 04:15:00,0.99654,0.9966,0.99654,0.9966,3
2012-03-08 04:16:00,0.99668,0.99668,0.99657,0.99657,7
2012-03-08 04:17:00,0.9966,0.99666,0.9966,0.99666,3
2012-03-08 04:18:00,0.99668,0.99671,0.99662,0.99662,5
2012-03-08 04:19:00,0.99671,0.99671,0.99671,0.99671,1
2012-03-08 04:20:00,0.99671,0.99671,0.99666,0.99668,4
2012-03-08 04:21:00,0.99662,0.99668,0.99657,0.99668,17
2012-03-08 04:22:00,0.9966,0.99665,0.9966,0.99665,3
2012-03-08 04:23:00,0.99659,0.99659,0.99654,0.99657,4
2012-03-08 04:24:00,0.99654,0.99657,0.99649,0.99657,6
2012-03-08 04:25:00,0.99651,0.99651,0.99651,0.99651,1
2012-03-08 04:26:00,0.99649,0.99651,0.9964,0.99649,13
2012-03-08 04:30:00,0.99648,0.99651,0.99646,0.99651,4
2012-03-08 04:36:00,0.99649,0.99651,0.99649,0.99651,2
2012-03-08 04:37:00,0.99646,0.99646,0.99646,0.99646,1
2012-03-08 04:38:00,0.9964,0.99643,0.99637,0.99643,4
2012-03-08 04:39:00,0.99642,0.99642,0.9964,0.99642,3
2012-03-08 04:40:00,0.99645,0.99645,0.99645,0.99645,1
2012-03-08 04:47:00,0.99643,0.99643,0.99643,0.99643,1
2012-03-08 04:48:00,0.99637,0.9964,0.99637,0.9964,2
2012-03-08 04:49:00,0.99623,0.99634,0.99623,0.99634,5
2012-03-08 04:51:00,0.99625,0.99625,0.99625,0.99625,1
2012-03-08 04:54:00,0.99626,0.99634,0.99626,0.99628,6
2012-03-08 04:55:00,0.99628,0.99628,0.99628,0.99628,1
2012-03-08 04:57:00,0.99623,0.99626,0.99623,0.99626,2
2012-03-08 04:58:00,0.9962,0.9962,0.9962,0.9962,1
2012-03-08 04:59:00,0.99603,0.99617,0.99592,0.99617,20
2012-03-08 05:00:00,0.99597,0.99603,0.99595,0.996,18
2012-03-08 05:01:00,0.99583,0.99597,0.9958,0.99595,11
2012-03-08 05:02:00,0.99589,0.99591,0.99586,0.99586,4
2012-03-08 05:03:00,0.99597,0.996,0.99591,0.99591,5
2012-03-08 05:04:00,0.996,0.996,0.996,0.996,1
2012-03-08 05:05:00,0.99597,0.996,0.99597,0.99597,3
2012-03-08 05:07:00,0.996,0.996,0.99592,0.996,7
2012-03-08 05:08:00,0.99603,0.99603,0.99603,0.99603,1
2012-03-08 05:09:00,0.9962,0.99623,0.99606,0.99606,8
2012-03-08 05:10:00,0.99623,0.99625,0.99615,0.99623,15
2012-03-08 05:11:00,0.99614,0.9962,0.99612,0.9962,5
2012-03-08 05:12:00,0.99614,0.99614,0.99612,0.99612,2
2012-03-08 05:15:00,0.99612,0.99612,0.99612,0.99612,1
2012-03-08 05:16:00,0.99614,0.99614,0.99609,0.99609,7
2012-03-08 05:17:00,0.99612,0.99612,0.99612,0.99612,1
2012-03-08 05:18:00,0.9962,0.99623,0.99609,0.99609,7
2012-03-08 05:19:00,0.99615,0.99617,0.99615,0.99617,2
2012-03-08 05:20:00,0.99606,0.99612,0.99606,0.99612,3
2012-03-08 05:23:00,0.99614,0.99614,0.99608,0.99608,3
2012-03-08 05:24:00,0.996,0.99612,0.996,0.99612,5
2012-03-08 05:27:00,0.99595,0.99597,0.99595,0.99597,12
2012-03-08 05:28:00,0.99597,0.99597,0.99597,0.99597,1
2012-03-08 05:30:00,0.99589,0.99595,0.99589,0.99595,3
2012-03-08 05:31:00,0.99577,0.99586,0.99572,0.99586,8
2012-03-08 05:32:00,0.99586,0.99586,0.9958,0.9958,5
2012-03-08 05:33:00,0.99586,0.99586,0.99575,0.99583,14
2012-03-08 05:34:00,0.9958,0.99589,0.99578,0.99589,8
2012-03-08 05:35:00,0.99583,0.99583,0.99572,0.99583,11
2012-03-08 05:36:00,0.9958,0.99583,0.99572,0.9958,21
2012-03-08 05:37:00,0.99583,0.99583,0.99558,0.99578,19
2012-03-08 05:38:00,0.99594,0.99594,0.99586,0.99586,10
2012-03-08 05:39:00,0.996,0.99611,0.99597,0.99597,28
2012-03-08 05:40:00,0.99615,0.99617,0.99603,0.99603,17
2012-03-08 05:41:00,0.99617,0.9962,0.99615,0.99617,7
2012-03-08 05:42:00,0.99603,0.99615,0.99603,0.99615,13
2012-03-08 05:43:00,0.99605,0.99613,0.99605,0.99607,6
2012-03-08 05:44:00,0.9961,0.9961,0.99607,0.99607,2
2012-03-08 05:45:00,0.99616,0.99621,0.99613,0.99613,6
2012-03-08 05:46:00,0.99614,0.9962,0.99609,0.99613,11
2012-03-08 05:47:00,0.99614,0.99614,0.99612,0.99612,2
2012-03-08 05:48:00,0.99609,0.99612,0.99609,0.99612,2
2012-03-08 05:49:00,0.99589,0.99606,0.99583,0.99606,15
2012-03-08 05:50:00,0.99594,0.99594,0.99591,0.99591,2
2012-03-08 05:52:00,0.99595,0.996,0.99595,0.99597,6
2012-03-08 05:53:00,0.99595,0.99597,0.99595,0.99597,2
2012-03-08 05:54:00,0.99594,0.99597,0.99592,0.99597,4
2012-03-08 05:55:00,0.99586,0.99592,0.99586,0.99592,3
2012-03-08 05:56:00,0.99586,0.99594,0.99586,0.99589,6
2012-03-08 05:57:00,0.99589,0.99589,0.99589,0.99589,1
2012-03-08 05:58:00,0.99592,0.99594,0.99591,0.99591,3
2012-03-08 05:59:00,0.99589,0.99589,0.99578,0.99589,11
2012-03-08 06:00:00,0.99572,0.99594,0.99572,0.99591,12
2012-03-08 06:01:00,0.99574,0.99574,0.99566,0.99569,7
2012-03-08 06:03:00,0.99583,0.996,0.99569,0.99572,23
2012-03-08 06:04:00,0.996,0.99603,0.99586,0.99586,10
2012-03-08 06:05:00,0.99595,0.99597,0.99595,0.99597,2
2012-03-08 06:07:00,0.99589,0.99592,0.99589,0.99592,2
2012-03-08 06:08:00,0.99586,0.99591,0.99578,0.99586,17
2012-03-08 06:11:00,0.99586,0.99586,0.9958,0.99583,4
2012-03-08 06:12:00,0.99561,0.99583,0.99561,0.99583,15
2012-03-08 06:13:00,0.99572,0.99572,0.99558,0.99558,8
2012-03-08 06:14:00,0.9958,0.99583,0.99574,0.99574,5
2012-03-08 06:15:00,0.9958,0.99583,0.99578,0.99583,12
2012-03-08 06:16:00,0.9958,0.9958,0.99572,0.99578,6
2012-03-08 06:17:00,0.99575,0.99578,0.99575,0.99578,2
2012-03-08 06:18:00,0.99563,0.99572,0.99558,0.99572,16
2012-03-08 06:19:00,0.99561,0.99563,0.99561,0.99561,3
2012-03-08 06:20:00,0.99555,0.99558,0.99552,0.99558,14
2012-03-08 06:21:00,0.99557,0.99557,0.99552,0.99552,5
2012-03-08 06:22:00,0.9956,0.9956,0.9956,0.9956,1
2012-03-08 06:23:00,0.99577,0.9958,0.99563,0.99563,10
2012-03-08 06:24:00,0.99594,0.99594,0.99575,0.99575,12
2012-03-08 06:27:00,0.99592,0.99592,0.99592,0.99592,1
2012-03-08 06:28:00,0.99586,0.99589,0.99586,0.99589,2
2012-03-08 06:30:00,0.99592,0.99594,0.99589,0.99589,4
2012-03-08 06:31:00,0.99592,0.99592,0.99592,0.99592,1
2012-03-08 06:32:00,0.99589,0.99589,0.99586,0.99589,3
2012-03-08 06:34:00,0.99592,0.99597,0.99591,0.99591,5
2012-03-08 06:35:00,0.99597,0.99603,0.99594,0.99594,6
2012-03-08 06:36:00,0.996,0.996,0.996,0.996,1
2012-03-08 06:37:00,0.99603,0.99603,0.99603,0.99603,1
2012-03-08 06:39:00,0.99603,0.99606,0.99603,0.99606,2
2012-03-08 06:40:00,0.99625,0.99625,0.99606,0.99606,10
2012-03-08 06:41:00,0.99623,0.99634,0.99623,0.99628,9
2012-03-08 06:42:00,0.99629,0.99631,0.99623,0.99625,6
2012-03-08 06:44:00,0.99625,0.99648,0.9962,0.99631,21
2012-03-08 06:45:00,0.99628,0.99637,0.99626,0.99628,9
2012-03-08 06:46:00,0.99628,0.99628,0.99612,0.99626,12
2012-03-08 06:47:00,0.99628,0.99628,0.99628,0.99628,1
2012-03-08 06:48:00,0.99612,0.99626,0.99612,0.99626,7
2012-03-08 06:49:00,0.9962,0.9962,0.99614,0.99614,14
2012-03-08 06:50:00,0.99614,0.99624,0.99614,0.99622,7
2012-03-08 06:51:00,0.9961,0.99612,0.9961,0.99612,2
2012-03-08 06:52:00,0.99624,0.99624,0.99612,0.99612,15
2012-03-08 06:53:00,0.9963,0.9963,0.99628,0.99628,4
2012-03-08 06:54:00,0.99628,0.9964,0.99626,0.99632,11
2012-03-08 06:55:00,0.9963,0.99632,0.99626,0.9963,9
2012-03-08 06:56:00,0.9963,0.99632,0.9963,0.99632,2
2012-03-08 06:57:00,0.99632,0.99634,0.99632,0.99632,3
2012-03-08 06:58:00,0.9964,0.9964,0.99632,0.99634,5
2012-03-08 06:59:00,0.99636,0.99642,0.99636,0.99638,8
2012-03-08 07:00:00,0.99626,0.99634,0.99626,0.99634,26
2012-03-08 07:01:00,0.99596,0.99624,0.99596,0.99624,20
2012-03-08 07:02:00,0.99606,0.99608,0.99598,0.99598,6
2012-03-08 07:03:00,0.99606,0.99606,0.996,0.99604,10
2012-03-08 07:04:00,0.99604,0.9961,0.99604,0.99608,5
2012-03-08 07:05:00,0.99592,0.99608,0.99592,0.99602,13
2012-03-08 07:06:00,0.99574,0.99594,0.9957,0.99594,17
2012-03-08 07:07:00,0.99578,0.99584,0.99572,0.99572,11
2012-03-08 07:08:00,0.99564,0.99586,0.99558,0.9958,27
2012-03-08 07:09:00,0.9957,0.99576,0.99566,0.99566,14
2012-03-08 07:10:00,0.9954,0.99572,0.9954,0.99572,16
2012-03-08 07:11:00,0.9956,0.99562,0.99542,0.99542,12
2012-03-08 07:12:00,0.9957,0.99574,0.99562,0.99562,20
2012-03-08 07:13:00,0.99562,0.99568,0.99562,0.99568,3
2012-03-08 07:14:00,0.99556,0.99564,0.9955,0.9956,23
2012-03-08 07:15:00,0.99564,0.99564,0.99558,0.99558,6
2012-03-08 07:16:00,0.99596,0.99596,0.99564,0.99566,35
2012-03-08 07:17:00,0.99594,0.99612,0.99592,0.99594,35
2012-03-08 07:18:00,0.99578,0.99592,0.99578,0.99592,7
2012-03-08 07:19:00,0.9958,0.9958,0.9958,0.9958,1
2012-03-08 07:20:00,0.99598,0.99598,0.99582,0.99582,10
2012-03-08 07:21:00,0.99602,0.99602,0.9959,0.99596,12
2012-03-08 07:22:00,0.99594,0.996,0.99592,0.996,6
2012-03-08 07:23:00,0.9961,0.9961,0.99596,0.99596,21
2012-03-08 07:24:00,0.99604,0.9962,0.99602,0.99612,27
2012-03-08 07:25:00,0.99618,0.9962,0.99606,0.99606,10
2012-03-08 07:26:00,0.9961,0.9962,0.99606,0.9962,13
2012-03-08 07:27:00,0.99606,0.99612,0.99602,0.99612,10
2012-03-08 07:28:00,0.99618,0.99624,0.99608,0.99608,11
2012-03-08 07:29:00,0.99608,0.99624,0.99602,0.9962,20
2012-03-08 07:30:00,0.99612,0.99634,0.996,0.99606,43
2012-03-08 07:31:00,0.99624,0.99624,0.996,0.9961,16
2012-03-08 07:32:00,0.9962,0.99624,0.9962,0.99622,4
2012-03-08 07:33:00,0.9962,0.99622,0.9962,0.99622,2
2012-03-08 07:34:00,0.9962,0.99624,0.9962,0.99622,4
2012-03-08 07:35:00,0.99616,0.99628,0.99616,0.99622,8
2012-03-08 07:36:00,0.99612,0.99616,0.9961,0.99614,8
2012-03-08 07:37:00,0.99612,0.99624,0.9961,0.99614,14
2012-03-08 07:38:00,0.99612,0.99614,0.99612,0.99614,2
2012-03-08 07:39:00,0.99616,0.99616,0.9961,0.9961,6
2012-03-08 07:40:00,0.9963,0.99632,0.99618,0.99618,10
2012-03-08 07:41:00,0.99642,0.99642,0.99632,0.99632,7
2012-03-08 07:42:00,0.9964,0.99652,0.9964,0.99644,11
2012-03-08 07:43:00,0.99626,0.99638,0.99622,0.99638,16
2012-03-08 07:44:00,0.99628,0.9963,0.99628,0.99628,3
2012-03-08 07:45:00,0.99628,0.99628,0.99622,0.99626,10
2012-03-08 07:46:00,0.99622,0.9963,0.99622,0.99626,15
2012-03-08 07:47:00,0.99624,0.99624,0.99616,0.99618,12
2012-03-08 07:48:00,0.99618,0.99622,0.99616,0.99622,9
2012-03-08 07:49:00,0.9959,0.9962,0.99588,0.9962,24
2012-03-08 07:50:00,0.99602,0.99606,0.99588,0.99592,17
2012-03-08 07:51:00,0.99604,0.99606,0.99604,0.99604,3
2012-03-08 07:52:00,0.99596,0.99602,0.99596,0.99602,3
2012-03-08 07:53:00,0.9956,0.99594,0.99558,0.99594,21
2012-03-08 07:54:00,0.9955,0.99558,0.9954,0.99558,26
2012-03-08 07:55:00,0.99564,0.99564,0.99552,0.99552,8
2012-03-08 07:56:00,0.99562,0.99564,0.9956,0.99562,5
2012-03-08 07:57:00,0.9955,0.9956,0.9955,0.9956,5
2012-03-08 07:58:00,0.99552,0.99552,0.99548,0.99548,3
2012-03-08 07:59:00,0.99554,0.99558,0.99548,0.9955,13
2012-03-08 08:00:00,0.99564,0.99564,0.99548,0.99552,10
2012-03-08 08:01:00,0.99574,0.99574,0.99566,0.99566,4
2012-03-08 08:02:00,0.9957,0.99576,0.9957,0.99576,4
2012-03-08 08:03:00,0.99562,0.99574,0.9956,0.99572,11
2012-03-08 08:04:00,0.99578,0.99578,0.99564,0.99564,17
2012-03-08 08:05:00,0.9957,0.99598,0.9957,0.9958,22
2012-03-08 08:06:00,0.99584,0.99586,0.99572,0.99572,16
2012-03-08 08:07:00,0.99582,0.99594,0.99582,0.99586,13
2012-03-08 08:08:00,0.99568,0.9958,0.99566,0.9958,16
2012-03-08 08:09:00,0.99544,0.99568,0.99544,0.99566,14
2012-03-08 08:10:00,0.99554,0.99558,0.99546,0.99546,17
2012-03-08 08:11:00,0.9956,0.99562,0.99548,0.99556,28
2012-03-08 08:12:00,0.99562,0.99566,0.99548,0.99558,27
2012-03-08 08:13:00,0.99574,0.99574,0.99566,0.99566,5
2012-03-08 08:14:00,0.9957,0.99588,0.99566,0.99576,18
2012-03-08 08:15:00,0.99574,0.9958,0.99572,0.99572,10
2012-03-08 08:16:00,0.9959,0.9959,0.9957,0.99572,15
2012-03-08 08:17:00,0.99582,0.99594,0.99582,0.99588,28
2012-03-08 08:18:00,0.9959,0.9959,0.99578,0.99584,14
2012-03-08 08:19:00,0.99584,0.99598,0.99584,0.99588,25
2012-03-08 08:20:00,0.99586,0.9959,0.99578,0.99582,25
2012-03-08 08:21:00,0.99594,0.99596,0.99586,0.99588,11
2012-03-08 08:22:00,0.99566,0.99592,0.99566,0.99592,30
2012-03-08 08:23:00,0.9957,0.9957,0.99568,0.99568,2
2012-03-08 08:24:00,0.9957,0.99574,0.99566,0.99572,20
2012-03-08 08:25:00,0.99564,0.99574,0.9956,0.99572,12
2012-03-08 08:26:00,0.99562,0.99566,0.9956,0.99566,7
2012-03-08 08:27:00,0.99572,0.99576,0.99564,0.99564,8
2012-03-08 08:28:00,0.9956,0.99574,0.9956,0.99574,7
2012-03-08 08:29:00,0.9956,0.99562,0.9956,0.99562,2
2012-03-08 08:30:00,0.9956,0.99564,0.99556,0.99562,12
2012-03-08 08:31:00,0.99562,0.99564,0.99558,0.99558,7
2012-03-08 08:32:00,0.99572,0.99572,0.9956,0.99564,18
2012-03-08 08:33:00,0.9956,0.99576,0.9956,0.9957,15
2012-03-08 08:34:00,0.9956,0.99568,0.99558,0.99562,18
2012-03-08 08:35:00,0.99572,0.99572,0.99562,0.99562,11
2012-03-08 08:36:00,0.9956,0.9957,0.99556,0.9957,13
2012-03-08 08:37:00,0.99556,0.9956,0.99554,0.99558,8
2012-03-08 08:38:00,0.99558,0.9956,0.99554,0.99558,9
2012-03-08 08:39:00,0.99562,0.99566,0.99554,0.99556,20
2012-03-08 08:40:00,0.9956,0.99572,0.99556,0.9956,17
2012-03-08 08:41:00,0.99564,0.99566,0.99558,0.99558,10
2012-03-08 08:42:00,0.99516,0.99562,0.99516,0.99562,22
2012-03-08 08:43:00,0.99514,0.9952,0.9951,0.99514,15
2012-03-08 08:44:00,0.9951,0.99514,0.9951,0.99512,6
2012-03-08 08:45:00,0.99508,0.99518,0.99506,0.99512,18
2012-03-08 08:46:00,0.9952,0.99522,0.9951,0.9951,7
2012-03-08 08:47:00,0.99532,0.99534,0.99522,0.99522,13
2012-03-08 08:48:00,0.9954,0.9954,0.99534,0.99534,5
2012-03-08 08:49:00,0.9956,0.99564,0.99542,0.99542,22
2012-03-08 08:50:00,0.99558,0.99558,0.99548,0.99558,20
2012-03-08 08:51:00,0.99562,0.99562,0.99552,0.99556,11
2012-03-08 08:52:00,0.9956,0.9956,0.99554,0.9956,11
2012-03-08 08:53:00,0.99572,0.99574,0.99562,0.99562,9
2012-03-08 08:54:00,0.9956,0.99572,0.99558,0.9957,23
2012-03-08 08:55:00,0.9956,0.99562,0.99554,0.99562,10
2012-03-08 08:56:00,0.99562,0.99562,0.99556,0.99562,13
2012-03-08 08:57:00,0.99554,0.99564,0.99554,0.9956,16
2012-03-08 08:58:00,0.99556,0.99558,0.99548,0.9955,10
2012-03-08 08:59:00,0.99546,0.99554,0.99546,0.99554,21
2012-03-08 09:00:00,0.99548,0.99554,0.99546,0.99548,13
2012-03-08 09:01:00,0.9956,0.99568,0.9955,0.9955,17
2012-03-08 09:03:00,0.9957,0.99578,0.9955,0.99558,32
2012-03-08 09:04:00,0.9956,0.99572,0.99558,0.99572,12
2012-03-08 09:05:00,0.99548,0.99558,0.99548,0.99558,5
2012-03-08 09:06:00,0.99542,0.99546,0.99534,0.99546,14
2012-03-08 09:07:00,0.99532,0.9954,0.99532,0.9954,7
2012-03-08 09:08:00,0.99518,0.99536,0.99518,0.99528,19
2012-03-08 09:09:00,0.9953,0.9953,0.9952,0.9952,5
2012-03-08 09:10:00,0.99524,0.99532,0.99524,0.99532,13
2012-03-08 09:11:00,0.9953,0.9953,0.99522,0.99522,13
2012-03-08 09:12:00,0.99514,0.99528,0.9951,0.99528,35
2012-03-08 09:13:00,0.99434,0.99518,0.99434,0.99512,61
2012-03-08 09:14:00,0.99478,0.9948,0.99436,0.99436,47
2012-03-08 09:15:00,0.9946,0.9948,0.9946,0.99476,28
2012-03-08 09:16:00,0.99464,0.99464,0.99448,0.99462,46
2012-03-08 09:17:00,0.9947,0.9948,0.99462,0.99466,30
2012-03-08 09:18:00,0.9946,0.99468,0.9946,0.99468,12
2012-03-08 09:19:00,0.9947,0.99474,0.99462,0.99462,10
2012-03-08 09:20:00,0.9948,0.99488,0.9947,0.99472,33
2012-03-08 09:21:00,0.99466,0.9948,0.99466,0.99478,25
2012-03-08 09:22:00,0.9946,0.99474,0.9946,0.99468,18
2012-03-08 09:23:00,0.99456,0.99462,0.9945,0.99458,14
2012-03-08 09:24:00,0.99454,0.99464,0.99454,0.99454,15
2012-03-08 09:25:00,0.99464,0.9948,0.99456,0.99456,37
2012-03-08 09:26:00,0.99462,0.99472,0.9946,0.99466,21
2012-03-08 09:27:00,0.9946,0.99476,0.99458,0.99464,21
2012-03-08 09:28:00,0.99474,0.99474,0.99456,0.99462,24
2012-03-08 09:29:00,0.99474,0.99474,0.99472,0.99472,2
2012-03-08 09:30:00,0.99462,0.99472,0.9944,0.99472,39
2012-03-08 09:31:00,0.99466,0.99472,0.99458,0.9946,17
2012-03-08 09:32:00,0.99462,0.99472,0.9946,0.99462,23
2012-03-08 09:33:00,0.99452,0.9946,0.9945,0.9946,8
2012-03-08 09:34:00,0.99454,0.99454,0.9945,0.9945,5
2012-03-08 09:35:00,0.9944,0.99452,0.9944,0.99452,14
2012-03-08 09:36:00,0.99432,0.99442,0.99432,0.99442,24
2012-03-08 09:37:00,0.99452,0.99458,0.99434,0.99434,27
2012-03-08 09:38:00,0.99446,0.9945,0.99436,0.9945,12
2012-03-08 09:39:00,0.9945,0.99452,0.99444,0.99444,9
2012-03-08 09:40:00,0.99438,0.99448,0.99432,0.99448,13
2012-03-08 09:41:00,0.99436,0.99442,0.99434,0.99436,15
2012-03-08 09:42:00,0.9944,0.99442,0.99438,0.99438,10
2012-03-08 09:43:00,0.99448,0.9946,0.99442,0.99442,15
2012-03-08 09:44:00,0.9945,0.99452,0.9944,0.99446,9
2012-03-08 09:45:00,0.9945,0.9945,0.9944,0.99448,26
2012-03-08 09:46:00,0.9944,0.99452,0.99438,0.99452,16
2012-03-08 09:47:00,0.99438,0.99444,0.99438,0.99438,13
2012-03-08 09:48:00,0.99442,0.99442,0.99436,0.9944,10
2012-03-08 09:49:00,0.99442,0.99442,0.99438,0.9944,12
2012-03-08 09:50:00,0.9944,0.99444,0.99438,0.9944,19
2012-03-08 09:51:00,0.99458,0.99462,0.9944,0.99442,23
2012-03-08 09:52:00,0.99464,0.99464,0.99456,0.99456,9
2012-03-08 09:53:00,0.99464,0.99466,0.99464,0.99466,2
2012-03-08 09:54:00,0.99486,0.99486,0.99466,0.99466,25
2012-03-08 09:55:00,0.99492,0.99496,0.99488,0.99488,22
2012-03-08 09:56:00,0.9949,0.99502,0.99488,0.99494,31
2012-03-08 09:57:00,0.99484,0.99492,0.99484,0.99488,10
2012-03-08 09:58:00,0.99506,0.99506,0.99486,0.99486,21
2012-03-08 09:59:00,0.99512,0.99512,0.99494,0.99504,17
2012-03-08 10:00:00,0.99534,0.99534,0.99512,0.99516,37
2012-03-08 10:01:00,0.9953,0.99536,0.99528,0.99532,18
2012-03-08 10:02:00,0.99526,0.99534,0.99526,0.99532,6
2012-03-08 10:03:00,0.99534,0.99536,0.99528,0.99528,8
2012-03-08 10:04:00,0.99532,0.99542,0.99526,0.99536,21
2012-03-08 10:05:00,0.99524,0.9953,0.99524,0.9953,6
2012-03-08 10:06:00,0.99532,0.99532,0.99524,0.99526,18
2012-03-08 10:07:00,0.99534,0.99534,0.99522,0.9953,25
2012-03-08 10:08:00,0.99552,0.99552,0.99528,0.99536,21
2012-03-08 10:09:00,0.9954,0.9955,0.99532,0.9955,13
2012-03-08 10:10:00,0.99518,0.99538,0.99518,0.99538,11
2012-03-08 10:11:00,0.99522,0.99522,0.99514,0.99516,12
2012-03-08 10:12:00,0.9952,0.99522,0.99518,0.9952,13
2012-03-08 10:13:00,0.99536,0.99536,0.99522,0.99522,7
2012-03-08 10:14:00,0.99534,0.99542,0.99532,0.9954,28
2012-03-08 10:15:00,0.99554,0.99554,0.99534,0.99536,17
2012-03-08 10:16:00,0.99546,0.99574,0.99546,0.99556,24
2012-03-08 10:17:00,0.99526,0.99548,0.99524,0.99548,20
2012-03-08 10:18:00,0.99522,0.9953,0.99518,0.99524,28
2012-03-08 10:19:00,0.9953,0.99536,0.99512,0.99518,24
2012-03-08 10:20:00,0.9954,0.9954,0.99532,0.99532,4
2012-03-08 10:21:00,0.9955,0.9955,0.99542,0.99542,4
2012-03-08 10:22:00,0.9955,0.99552,0.9955,0.99552,2
2012-03-08 10:23:00,0.99532,0.99548,0.99532,0.99548,8
2012-03-08 10:24:00,0.99518,0.9953,0.99516,0.99528,17
2012-03-08 10:25:00,0.9953,0.9953,0.99512,0.9952,13
2012-03-08 10:26:00,0.9954,0.9954,0.99532,0.99532,8
2012-03-08 10:27:00,0.99544,0.99544,0.99538,0.99538,4
2012-03-08 10:28:00,0.99514,0.99546,0.9951,0.99546,31
2012-03-08 10:29:00,0.9953,0.9953,0.99512,0.99516,19
2012-03-08 10:30:00,0.99512,0.99528,0.9951,0.99528,16
2012-03-08 10:31:00,0.9951,0.9952,0.9951,0.99514,9
2012-03-08 10:32:00,0.9951,0.9951,0.995,0.99506,21
2012-03-08 10:33:00,0.99496,0.99508,0.99492,0.99508,12
2012-03-08 10:34:00,0.9951,0.99512,0.99498,0.99498,10
2012-03-08 10:35:00,0.995,0.9951,0.995,0.99508,19
2012-03-08 10:36:00,0.9953,0.9953,0.99502,0.99502,21
2012-03-08 10:37:00,0.99532,0.9954,0.9953,0.99532,16
2012-03-08 10:38:00,0.99522,0.99528,0.99522,0.99528,4
2012-03-08 10:39:00,0.9949,0.99518,0.99482,0.99518,29
2012-03-08 10:40:00,0.99482,0.99492,0.99478,0.99492,9
2012-03-08 10:41:00,0.99464,0.9949,0.99462,0.99484,29
2012-03-08 10:42:00,0.99488,0.99488,0.99466,0.99466,12
2012-03-08 10:43:00,0.99508,0.99512,0.9949,0.9949,20
2012-03-08 10:44:00,0.9952,0.99522,0.99502,0.99506,29
2012-03-08 10:45:00,0.99512,0.99522,0.99512,0.99522,6
2012-03-08 10:46:00,0.99504,0.9952,0.99504,0.99514,31
2012-03-08 10:47:00,0.9951,0.99512,0.995,0.99502,17
2012-03-08 10:48:00,0.9952,0.9952,0.99506,0.99512,12
2012-03-08 10:49:00,0.9953,0.9953,0.99514,0.99518,18
2012-03-08 10:50:00,0.99528,0.99528,0.99518,0.99528,9
2012-03-08 10:51:00,0.99522,0.99552,0.99522,0.9953,33
2012-03-08 10:52:00,0.9954,0.99546,0.99522,0.99524,26
2012-03-08 10:53:00,0.99546,0.99552,0.9954,0.99542,16
2012-03-08 10:54:00,0.99566,0.99566,0.99538,0.99544,15
2012-03-08 10:55:00,0.99554,0.99568,0.99554,0.99568,22
2012-03-08 10:56:00,0.9955,0.99556,0.9955,0.99556,3
2012-03-08 10:57:00,0.99566,0.99566,0.99552,0.99552,13
2012-03-08 10:58:00,0.99574,0.99574,0.99568,0.99568,5
2012-03-08 10:59:00,0.99578,0.9959,0.99576,0.99576,21
2012-03-08 11:00:00,0.9954,0.99574,0.9954,0.99574,17
2012-03-08 11:01:00,0.99506,0.99538,0.99504,0.99538,40
2012-03-08 11:02:00,0.99484,0.99504,0.99484,0.99504,29
2012-03-08 11:03:00,0.99482,0.9949,0.99468,0.99486,33
2012-03-08 11:04:00,0.9947,0.99486,0.9947,0.9948,11
2012-03-08 11:05:00,0.9947,0.9948,0.99466,0.99472,18
2012-03-08 11:06:00,0.9947,0.99472,0.99466,0.99472,10
2012-03-08 11:07:00,0.9947,0.99474,0.99468,0.99468,8
2012-03-08 11:08:00,0.99466,0.99468,0.9946,0.99468,7
2012-03-08 11:09:00,0.99482,0.99496,0.99468,0.99468,20
2012-03-08 11:10:00,0.99496,0.99498,0.99456,0.9948,34
2012-03-08 11:11:00,0.99478,0.99494,0.99478,0.99494,8
2012-03-08 11:12:00,0.99496,0.99496,0.9948,0.9948,12
2012-03-08 11:13:00,0.99488,0.99494,0.99482,0.99494,21
2012-03-08 11:14:00,0.99498,0.99498,0.9949,0.9949,4
2012-03-08 11:15:00,0.99506,0.99506,0.995,0.995,9
2012-03-08 11:16:00,0.9949,0.99504,0.9949,0.99504,9
2012-03-08 11:17:00,0.99472,0.99492,0.99472,0.99488,11
2012-03-08 11:18:00,0.9947,0.9947,0.99466,0.9947,13
2012-03-08 11:19:00,0.99484,0.99484,0.99472,0.99472,8
2012-03-08 11:20:00,0.99472,0.99482,0.99462,0.99482,13
2012-03-08 11:21:00,0.9948,0.9948,0.99468,0.9947,14
2012-03-08 11:22:00,0.99494,0.99494,0.99482,0.99484,7
2012-03-08 11:23:00,0.99502,0.99502,0.99492,0.99492,6
2012-03-08 11:24:00,0.99502,0.99502,0.99498,0.995,4
2012-03-08 11:25:00,0.99494,0.995,0.99484,0.995,12
2012-03-08 11:26:00,0.99516,0.99518,0.9949,0.99492,19
2012-03-08 11:27:00,0.99512,0.99514,0.99502,0.99514,11
2012-03-08 11:28:00,0.9952,0.9952,0.9951,0.9951,7
2012-03-08 11:29:00,0.99512,0.99522,0.9951,0.99522,8
2012-03-08 11:30:00,0.99512,0.99512,0.99504,0.9951,15
2012-03-08 11:31:00,0.9952,0.9952,0.99512,0.99516,17
2012-03-08 11:32:00,0.99542,0.99542,0.9952,0.99522,19
2012-03-08 11:33:00,0.9953,0.9954,0.99528,0.9954,9
2012-03-08 11:34:00,0.99534,0.99534,0.99526,0.99528,6
2012-03-08 11:35:00,0.9953,0.99532,0.9953,0.99532,4
2012-03-08 11:36:00,0.99542,0.99542,0.99532,0.99532,15
2012-03-08 11:37:00,0.99532,0.99542,0.99532,0.9954,7
2012-03-08 11:38:00,0.99524,0.9953,0.99524,0.99528,9
2012-03-08 11:39:00,0.99522,0.99522,0.99522,0.99522,1
2012-03-08 11:40:00,0.9953,0.9953,0.99524,0.99524,4
2012-03-08 11:41:00,0.9953,0.9953,0.99524,0.99528,8
2012-03-08 11:42:00,0.9953,0.9953,0.99528,0.99528,2
2012-03-08 11:44:00,0.9954,0.9954,0.99532,0.99532,4
2012-03-08 11:45:00,0.9954,0.9954,0.99532,0.99538,8
2012-03-08 11:46:00,0.99532,0.9954,0.99532,0.99538,12
2012-03-08 11:47:00,0.9953,0.9953,0.99528,0.99528,2
2012-03-08 11:48:00,0.99534,0.99534,0.9953,0.99532,4
2012-03-08 11:49:00,0.9953,0.99534,0.99526,0.99532,18
2012-03-08 11:50:00,0.9953,0.99532,0.99524,0.99528,14
2012-03-08 11:51:00,0.99534,0.99536,0.9953,0.99532,6
2012-03-08 11:52:00,0.99544,0.99544,0.9953,0.99532,12
2012-03-08 11:53:00,0.99538,0.99544,0.99536,0.99542,17
2012-03-08 11:54:00,0.99572,0.99572,0.9954,0.9954,16
2012-03-08 11:55:00,0.99572,0.99572,0.9957,0.9957,4
2012-03-08 11:56:00,0.9956,0.99572,0.9956,0.9957,13
2012-03-08 11:57:00,0.99554,0.99564,0.99554,0.99562,9
2012-03-08 11:58:00,0.99554,0.99562,0.99548,0.99556,25
2012-03-08 11:59:00,0.99558,0.99558,0.99554,0.99556,6
2012-03-08 12:00:00,0.99566,0.99568,0.99548,0.99562,27
2012-03-08 12:01:00,0.99562,0.99572,0.9956,0.99568,8
2012-03-08 12:02:00,0.99572,0.99574,0.99564,0.99564,12
2012-03-08 12:03:00,0.99568,0.99574,0.99568,0.9957,14
2012-03-08 12:04:00,0.9957,0.99572,0.99562,0.99566,15
2012-03-08 12:05:00,0.9957,0.99576,0.99566,0.99572,18
2012-03-08 12:06:00,0.9956,0.99572,0.9956,0.99568,16
2012-03-08 12:07:00,0.9956,0.99564,0.99558,0.99562,12
2012-03-08 12:08:00,0.9953,0.99558,0.99528,0.99558,30
2012-03-08 12:09:00,0.9953,0.99532,0.9953,0.99532,2
2012-03-08 12:10:00,0.9953,0.9953,0.99524,0.99528,6
2012-03-08 12:11:00,0.9953,0.9953,0.99528,0.99528,2
2012-03-08 12:12:00,0.9954,0.99542,0.99532,0.99532,8
2012-03-08 12:13:00,0.99514,0.99552,0.99512,0.99542,25
2012-03-08 12:14:00,0.9951,0.9952,0.99502,0.99516,25
2012-03-08 12:15:00,0.99504,0.99508,0.995,0.99508,23
2012-03-08 12:16:00,0.99502,0.99506,0.995,0.99502,7
2012-03-08 12:17:00,0.99516,0.99516,0.99504,0.99504,18
2012-03-08 12:18:00,0.9952,0.9952,0.99512,0.99514,18
2012-03-08 12:19:00,0.9951,0.99522,0.99506,0.99522,16
2012-03-08 12:20:00,0.99472,0.99508,0.9947,0.99508,36
2012-03-08 12:21:00,0.99488,0.99488,0.9947,0.9947,17
2012-03-08 12:22:00,0.99482,0.99486,0.9947,0.99486,15
2012-03-08 12:23:00,0.99488,0.9949,0.9948,0.9948,9
2012-03-08 12:24:00,0.99488,0.9949,0.99478,0.99486,22
2012-03-08 12:25:00,0.99518,0.99518,0.99486,0.9949,22
2012-03-08 12:26:00,0.99526,0.99536,0.9952,0.9952,17
2012-03-08 12:27:00,0.99528,0.9953,0.99528,0.99528,3
2012-03-08 12:28:00,0.9951,0.9953,0.9951,0.9953,18
2012-03-08 12:29:00,0.99508,0.99512,0.99504,0.99506,10
2012-03-08 12:30:00,0.9952,0.9952,0.99502,0.99506,15
2012-03-08 12:31:00,0.99534,0.99536,0.99518,0.99518,24
2012-03-08 12:32:00,0.9956,0.99566,0.9953,0.99536,38
2012-03-08 12:33:00,0.99554,0.99562,0.99554,0.99558,11
2012-03-08 12:34:00,0.99572,0.99578,0.99556,0.99556,16
2012-03-08 12:35:00,0.99578,0.99578,0.99566,0.99574,27
2012-03-08 12:36:00,0.99584,0.9959,0.99578,0.9958,14
2012-03-08 12:37:00,0.99578,0.9959,0.99578,0.99586,13
2012-03-08 12:39:00,0.99576,0.99576,0.9957,0.99574,10
2012-03-08 12:40:00,0.99512,0.99574,0.99506,0.99574,54
2012-03-08 12:41:00,0.99518,0.99524,0.9951,0.99516,34
2012-03-08 12:42:00,0.99518,0.99518,0.99516,0.99516,6
2012-03-08 12:43:00,0.99526,0.99528,0.99514,0.99516,15
2012-03-08 12:44:00,0.9952,0.99528,0.99518,0.99528,12
2012-03-08 12:45:00,0.99528,0.99528,0.99522,0.99522,11
2012-03-08 12:46:00,0.99536,0.99536,0.9953,0.9953,4
2012-03-08 12:47:00,0.99538,0.99544,0.99538,0.9954,6
2012-03-08 12:48:00,0.9956,0.99562,0.99536,0.9954,21
2012-03-08 12:49:00,0.99568,0.99568,0.99562,0.99562,10
2012-03-08 12:50:00,0.99564,0.99566,0.99558,0.99566,14
2012-03-08 12:51:00,0.99566,0.99568,0.99556,0.99562,13
2012-03-08 12:52:00,0.99546,0.99564,0.99546,0.99564,19
2012-03-08 12:53:00,0.99516,0.99566,0.99516,0.99548,38
2012-03-08 12:54:00,0.99528,0.99528,0.99518,0.99518,25
2012-03-08 12:55:00,0.99526,0.9953,0.99524,0.99526,19
2012-03-08 12:56:00,0.9951,0.99528,0.9951,0.99528,11
2012-03-08 12:57:00,0.99522,0.99536,0.99512,0.99512,26
2012-03-08 12:58:00,0.99528,0.9953,0.99524,0.99524,8
2012-03-08 12:59:00,0.99538,0.9954,0.99526,0.99526,16
2012-03-08 13:00:00,0.99528,0.99536,0.99526,0.99536,6
2012-03-08 13:01:00,0.99522,0.99526,0.99518,0.99526,6
2012-03-08 13:02:00,0.99502,0.9952,0.99502,0.9952,25
2012-03-08 13:03:00,0.99504,0.9952,0.995,0.995,45
2012-03-08 13:04:00,0.9951,0.9952,0.99504,0.99506,22
2012-03-08 13:05:00,0.99516,0.99522,0.99512,0.99512,17
2012-03-08 13:06:00,0.99522,0.99524,0.99516,0.99518,11
2012-03-08 13:07:00,0.99514,0.99522,0.99514,0.9952,14
2012-03-08 13:08:00,0.995,0.99524,0.995,0.99516,24
2012-03-08 13:09:00,0.99516,0.9952,0.99502,0.99502,27
2012-03-08 13:10:00,0.9951,0.99514,0.99506,0.99514,12
2012-03-08 13:11:00,0.99508,0.9951,0.99506,0.99508,5
2012-03-08 13:12:00,0.99518,0.99518,0.9951,0.9951,4
2012-03-08 13:14:00,0.99516,0.9952,0.99516,0.9952,3
2012-03-08 13:15:00,0.99524,0.99524,0.99518,0.99518,6
2012-03-08 13:16:00,0.99538,0.9954,0.99528,0.99528,9
2012-03-08 13:17:00,0.99542,0.99542,0.99538,0.9954,4
2012-03-08 13:18:00,0.99526,0.9954,0.99526,0.9954,7
2012-03-08 13:19:00,0.99538,0.9954,0.99526,0.99528,9
2012-03-08 13:20:00,0.99546,0.99546,0.99536,0.9954,20
2012-03-08 13:21:00,0.99548,0.9955,0.99548,0.9955,6
2012-03-08 13:22:00,0.99538,0.99548,0.99538,0.99546,12
2012-03-08 13:23:00,0.99546,0.99546,0.9954,0.9954,8
2012-03-08 13:24:00,0.99552,0.99558,0.99542,0.99544,14
2012-03-08 13:25:00,0.9955,0.99556,0.99546,0.99554,9
2012-03-08 13:26:00,0.99552,0.99558,0.99552,0.99552,11
2012-03-08 13:27:00,0.99548,0.9955,0.99546,0.9955,6
2012-03-08 13:29:00,0.9955,0.99552,0.99546,0.99546,18
2012-03-08 13:30:00,0.99568,0.99587,0.99554,0.99554,32
2012-03-08 13:31:00,0.996,0.99606,0.99572,0.99572,34
2012-03-08 13:32:00,0.9961,0.9962,0.99596,0.99596,22
2012-03-08 13:33:00,0.99608,0.99608,0.99604,0.99606,4
2012-03-08 13:34:00,0.99598,0.9961,0.99596,0.99606,16
2012-03-08 13:35:00,0.9956,0.99596,0.99558,0.99596,38
2012-03-08 13:36:00,0.9953,0.99562,0.99518,0.99562,66
2012-03-08 13:37:00,0.99508,0.9953,0.9949,0.99528,61
2012-03-08 13:38:00,0.99498,0.99518,0.99488,0.99506,36
2012-03-08 13:39:00,0.99486,0.99524,0.99484,0.995,39
2012-03-08 13:40:00,0.99528,0.99528,0.99488,0.99488,23
2012-03-08 13:41:00,0.99528,0.99542,0.99526,0.9953,30
2012-03-08 13:42:00,0.99566,0.99568,0.99528,0.9953,34
2012-03-08 13:43:00,0.9956,0.99572,0.9956,0.99568,15
2012-03-08 13:44:00,0.9956,0.99562,0.99538,0.99558,26
2012-03-08 13:45:00,0.99568,0.99572,0.9956,0.99562,22
2012-03-08 13:46:00,0.99556,0.99566,0.99548,0.99566,23
2012-03-08 13:47:00,0.99514,0.99554,0.99514,0.99554,44
2012-03-08 13:48:00,0.99522,0.9953,0.99516,0.99516,19
2012-03-08 13:49:00,0.99538,0.9954,0.99494,0.99518,45
2012-03-08 13:50:00,0.99532,0.99544,0.99528,0.99536,22
2012-03-08 13:51:00,0.99548,0.99558,0.99532,0.99534,60
2012-03-08 13:52:00,0.99536,0.99546,0.99526,0.99546,26
2012-03-08 13:53:00,0.99566,0.99576,0.9954,0.9954,64
2012-03-08 13:54:00,0.99538,0.99568,0.99538,0.99568,30
2012-03-08 13:55:00,0.99562,0.99562,0.99534,0.9954,24
2012-03-08 13:56:00,0.99576,0.99586,0.99564,0.99564,22
2012-03-08 13:57:00,0.99572,0.9958,0.99568,0.99574,34
2012-03-08 13:58:00,0.99547,0.99572,0.99541,0.9957,32
2012-03-08 13:59:00,0.99555,0.99559,0.9955,0.9955,9
2012-03-08 14:00:00,0.99385,0.99551,0.99369,0.99551,74
2012-03-08 14:01:00,0.9933,0.99381,0.99258,0.99381,89
2012-03-08 14:02:00,0.99378,0.99394,0.99334,0.99334,30
2012-03-08 14:03:00,0.9937,0.99382,0.99354,0.99382,14
2012-03-08 14:04:00,0.99286,0.9937,0.99286,0.99366,33
2012-03-08 14:05:00,0.99253,0.99282,0.99225,0.99282,34
2012-03-08 14:06:00,0.99253,0.99281,0.99253,0.99257,26
2012-03-08 14:07:00,0.99165,0.99249,0.99165,0.99249,34
2012-03-08 14:08:00,0.99177,0.99193,0.99153,0.99161,27
2012-03-08 14:09:00,0.99213,0.99233,0.99173,0.99181,35
2012-03-08 14:10:00,0.99185,0.99217,0.99165,0.99217,21
2012-03-08 14:11:00,0.99216,0.99221,0.99189,0.99189,28
2012-03-08 14:12:00,0.99258,0.99262,0.99212,0.99212,34
2012-03-08 14:13:00,0.99262,0.99272,0.99254,0.9926,40
2012-03-08 14:14:00,0.99282,0.99282,0.99258,0.99266,33
2012-03-08 14:15:00,0.99293,0.99306,0.99286,0.99286,31
2012-03-08 14:16:00,0.99311,0.99313,0.99291,0.99291,28
2012-03-08 14:17:00,0.99322,0.9933,0.99308,0.99313,20
2012-03-08 14:18:00,0.99299,0.99324,0.99299,0.99319,22
2012-03-08 14:19:00,0.99306,0.99312,0.99298,0.99302,26
2012-03-08 14:20:00,0.99306,0.99314,0.99306,0.99309,12
2012-03-08 14:21:00,0.99326,0.99326,0.99309,0.99309,11
2012-03-08 14:22:00,0.99326,0.99329,0.99323,0.99323,4
2012-03-08 14:23:00,0.99326,0.99334,0.99326,0.99329,12
2012-03-08 14:24:00,0.99323,0.99329,0.99321,0.99329,5
2012-03-08 14:25:00,0.99306,0.99329,0.99306,0.99326,14
2012-03-08 14:26:00,0.9927,0.99304,0.9927,0.99304,27
2012-03-08 14:27:00,0.99283,0.99283,0.9927,0.99272,21
2012-03-08 14:28:00,0.99309,0.99312,0.99278,0.99286,33
2012-03-08 14:29:00,0.993,0.99306,0.99292,0.99306,9
2012-03-08 14:30:00,0.99284,0.99303,0.99262,0.99298,54
2012-03-08 14:31:00,0.99258,0.99286,0.99255,0.99286,31
2012-03-08 14:32:00,0.99266,0.99272,0.99255,0.99261,19
2012-03-08 14:33:00,0.9927,0.99283,0.99269,0.99269,25
2012-03-08 14:34:00,0.99297,0.99301,0.99264,0.99267,34
2012-03-08 14:35:00,0.99261,0.99303,0.99261,0.99295,39
2012-03-08 14:36:00,0.99284,0.99295,0.99241,0.99258,32
2012-03-08 14:37:00,0.993,0.99304,0.99267,0.99281,42
2012-03-08 14:38:00,0.99295,0.99303,0.99278,0.99303,20
2012-03-08 14:39:00,0.99314,0.99314,0.99292,0.99297,27
2012-03-08 14:40:00,0.99283,0.99312,0.99275,0.99312,33
2012-03-08 14:41:00,0.99238,0.99281,0.99238,0.99281,32
2012-03-08 14:42:00,0.99235,0.99255,0.99227,0.99241,29
2012-03-08 14:43:00,0.99261,0.99261,0.99235,0.99238,21
2012-03-08 14:44:00,0.99286,0.99289,0.99255,0.99258,37
2012-03-08 14:45:00,0.99261,0.99289,0.99255,0.99289,23
2012-03-08 14:46:00,0.99292,0.99292,0.99263,0.99263,23
2012-03-08 14:47:00,0.99292,0.99292,0.99281,0.99289,12
2012-03-08 14:48:00,0.99315,0.99317,0.99292,0.99295,24
2012-03-08 14:49:00,0.99314,0.99317,0.99312,0.99312,12
2012-03-08 14:50:00,0.99329,0.99337,0.99312,0.99312,35
2012-03-08 14:51:00,0.99321,0.99332,0.99312,0.99332,41
2012-03-08 14:52:00,0.99301,0.9932,0.99298,0.99318,29
2012-03-08 14:53:00,0.99334,0.99334,0.99298,0.99298,24
2012-03-08 14:54:00,0.99351,0.9936,0.99312,0.99332,40
2012-03-08 14:55:00,0.9936,0.9936,0.99338,0.99349,35
2012-03-08 14:56:00,0.99334,0.9936,0.99332,0.99357,23
2012-03-08 14:57:00,0.99343,0.99349,0.99335,0.99337,23
2012-03-08 14:58:00,0.99337,0.9934,0.99326,0.9934,22
2012-03-08 14:59:00,0.99334,0.99343,0.99326,0.99335,29
2012-03-08 15:00:00,0.99315,0.99334,0.99315,0.99332,27
2012-03-08 15:01:00,0.99323,0.99323,0.99312,0.99312,29
2012-03-08 15:02:00,0.99354,0.99354,0.99321,0.99321,23
2012-03-08 15:03:00,0.99371,0.99371,0.99352,0.99357,32
2012-03-08 15:04:00,0.99374,0.99397,0.99372,0.99374,27
2012-03-08 15:05:00,0.9938,0.99388,0.99377,0.99377,12
2012-03-08 15:06:00,0.9938,0.99388,0.9938,0.99383,20
2012-03-08 15:07:00,0.99392,0.99394,0.99377,0.99377,16
2012-03-08 15:08:00,0.99392,0.994,0.9938,0.99394,41
2012-03-08 15:09:00,0.99396,0.99404,0.99386,0.99394,28
2012-03-08 15:10:00,0.99404,0.99414,0.99388,0.99394,35
2012-03-08 15:11:00,0.99422,0.99422,0.994,0.99402,26
2012-03-08 15:12:00,0.99388,0.99422,0.99388,0.9942,30
2012-03-08 15:13:00,0.9937,0.99396,0.99368,0.9939,30
2012-03-08 15:14:00,0.99376,0.9938,0.99366,0.99368,16
2012-03-08 15:15:00,0.99386,0.99414,0.9938,0.9938,27
2012-03-08 15:16:00,0.99372,0.99388,0.99368,0.99388,14
2012-03-08 15:17:00,0.99346,0.99368,0.99338,0.99368,23
2012-03-08 15:18:00,0.99332,0.99346,0.99328,0.99342,19
2012-03-08 15:19:00,0.99328,0.99334,0.99326,0.99328,7
2012-03-08 15:20:00,0.99334,0.99342,0.99332,0.99332,16
2012-03-08 15:21:00,0.99354,0.99354,0.99336,0.99336,15
2012-03-08 15:22:00,0.99362,0.99362,0.99352,0.99356,21
2012-03-08 15:23:00,0.99362,0.99368,0.99354,0.9936,14
2012-03-08 15:24:00,0.99374,0.99388,0.9936,0.9936,36
2012-03-08 15:25:00,0.99396,0.994,0.99372,0.99376,28
2012-03-08 15:26:00,0.99376,0.99402,0.99376,0.994,23
2012-03-08 15:27:00,0.99376,0.99376,0.99366,0.99374,26
2012-03-08 15:28:00,0.99376,0.9938,0.99366,0.99374,16
2012-03-08 15:29:00,0.99374,0.99384,0.99368,0.99374,17
2012-03-08 15:30:00,0.99374,0.99382,0.99374,0.99376,12
2012-03-08 15:31:00,0.9935,0.99372,0.99346,0.99372,14
2012-03-08 15:32:00,0.99362,0.9937,0.99346,0.99348,28
2012-03-08 15:33:00,0.99326,0.9937,0.99322,0.99366,31
2012-03-08 15:34:00,0.99322,0.99326,0.99318,0.99322,15
2012-03-08 15:35:00,0.99326,0.99332,0.99318,0.99326,19
2012-03-08 15:36:00,0.99334,0.99336,0.99318,0.99322,21
2012-03-08 15:37:00,0.99332,0.99334,0.99322,0.99332,13
2012-03-08 15:38:00,0.99338,0.99344,0.99332,0.99334,20
2012-03-08 15:39:00,0.99336,0.9935,0.9933,0.9934,15
2012-03-08 15:40:00,0.9934,0.9934,0.99328,0.99332,12
2012-03-08 15:41:00,0.99384,0.99386,0.99344,0.99344,77
2012-03-08 15:42:00,0.99364,0.99392,0.99362,0.99386,45
2012-03-08 15:43:00,0.99358,0.9937,0.99352,0.99366,20
2012-03-08 15:44:00,0.99362,0.9938,0.99352,0.9936,41
2012-03-08 15:45:00,0.99378,0.99386,0.99352,0.99358,50
2012-03-08 15:46:00,0.99378,0.99386,0.9937,0.99376,26
2012-03-08 15:47:00,0.9933,0.99376,0.99324,0.99376,35
2012-03-08 15:48:00,0.99336,0.99346,0.99328,0.99328,20
2012-03-08 15:49:00,0.99336,0.99344,0.99336,0.99338,14
2012-03-08 15:50:00,0.99332,0.99344,0.9933,0.99332,21
2012-03-08 15:51:00,0.99324,0.99336,0.99322,0.99336,11
2012-03-08 15:52:00,0.99332,0.99332,0.99322,0.99326,11
2012-03-08 15:53:00,0.99332,0.99336,0.99328,0.99336,24
2012-03-08 15:54:00,0.99332,0.99336,0.9933,0.99336,4
2012-03-08 15:55:00,0.99336,0.99336,0.99324,0.9933,9
2012-03-08 15:56:00,0.99336,0.9934,0.99328,0.99338,18
2012-03-08 15:57:00,0.99352,0.99358,0.99338,0.99338,16
2012-03-08 15:58:00,0.99308,0.9935,0.99308,0.9935,40
2012-03-08 15:59:00,0.99348,0.9935,0.99304,0.99304,32
2012-03-08 16:00:00,0.99332,0.99344,0.99318,0.99344,39
2012-03-08 16:01:00,0.9932,0.9934,0.9932,0.99334,14
2012-03-08 16:02:00,0.99308,0.9932,0.99306,0.99318,18
2012-03-08 16:03:00,0.99308,0.99314,0.99306,0.99306,14
2012-03-08 16:04:00,0.9928,0.99306,0.9928,0.99306,32
2012-03-08 16:05:00,0.99284,0.99294,0.99278,0.99282,27
2012-03-08 16:06:00,0.9927,0.99282,0.9927,0.9928,11
2012-03-08 16:07:00,0.99266,0.99274,0.9926,0.99272,15
2012-03-08 16:08:00,0.99254,0.99264,0.99254,0.99264,14
2012-03-08 16:09:00,0.99234,0.99268,0.99234,0.99252,29
2012-03-08 16:10:00,0.99218,0.99234,0.99212,0.99232,32
2012-03-08 16:11:00,0.992,0.99218,0.99186,0.99216,30
2012-03-08 16:12:00,0.9921,0.99212,0.9919,0.99204,29
2012-03-08 16:13:00,0.9923,0.99246,0.99212,0.99212,37
2012-03-08 16:14:00,0.99246,0.99246,0.9923,0.99232,22
2012-03-08 16:15:00,0.99238,0.99244,0.99212,0.99244,21
2012-03-08 16:16:00,0.9925,0.99254,0.99234,0.99234,20
2012-03-08 16:17:00,0.99216,0.99246,0.99212,0.99246,39
2012-03-08 16:18:00,0.9921,0.99218,0.9921,0.99218,6
2012-03-08 16:19:00,0.99214,0.99214,0.992,0.99208,9
2012-03-08 16:20:00,0.99186,0.99214,0.99186,0.9921,29
2012-03-08 16:21:00,0.99188,0.99202,0.99178,0.99184,33
2012-03-08 16:22:00,0.99206,0.9921,0.99188,0.9919,34
2012-03-08 16:23:00,0.9922,0.99222,0.99202,0.99202,21
2012-03-08 16:24:00,0.9918,0.99216,0.99176,0.99216,20
2012-03-08 16:25:00,0.99166,0.99184,0.99154,0.99176,39
2012-03-08 16:26:00,0.9916,0.99168,0.99154,0.99162,12
2012-03-08 16:27:00,0.99168,0.99168,0.9916,0.99162,9
2012-03-08 16:28:00,0.99182,0.99182,0.99156,0.99166,17
2012-03-08 16:29:00,0.99168,0.9918,0.99166,0.9918,23
2012-03-08 16:30:00,0.99168,0.9918,0.99162,0.9917,22
2012-03-08 16:31:00,0.99166,0.99168,0.9916,0.99166,9
2012-03-08 16:32:00,0.99176,0.9918,0.9916,0.99162,22
2012-03-08 16:33:00,0.99184,0.99184,0.9918,0.9918,3
2012-03-08 16:34:00,0.99204,0.99204,0.99182,0.99182,18
2012-03-08 16:35:00,0.99212,0.99224,0.99206,0.99206,17
2012-03-08 16:36:00,0.9922,0.99224,0.99206,0.99214,19
2012-03-08 16:37:00,0.99226,0.99226,0.99218,0.99218,10
2012-03-08 16:38:00,0.9924,0.99244,0.99226,0.99228,21
2012-03-08 16:39:00,0.99234,0.99244,0.99234,0.99244,6
2012-03-08 16:40:00,0.9925,0.99258,0.99238,0.99238,26
2012-03-08 16:41:00,0.99252,0.99256,0.9924,0.99248,25
2012-03-08 16:42:00,0.99226,0.99262,0.99226,0.99256,34
2012-03-08 16:43:00,0.99228,0.99236,0.9922,0.99228,23
2012-03-08 16:44:00,0.99256,0.99258,0.9923,0.9923,18
2012-03-08 16:45:00,0.9925,0.99258,0.9925,0.99258,8
2012-03-08 16:46:00,0.9924,0.99262,0.99236,0.99252,22
2012-03-08 16:47:00,0.99238,0.99238,0.9923,0.99236,8
2012-03-08 16:48:00,0.99248,0.99248,0.9924,0.99242,13
2012-03-08 16:49:00,0.99236,0.99256,0.99236,0.9925,10
2012-03-08 16:50:00,0.99228,0.99234,0.99222,0.99234,11
2012-03-08 16:51:00,0.99234,0.99234,0.9922,0.99226,16
2012-03-08 16:52:00,0.99236,0.99236,0.99222,0.9923,13
2012-03-08 16:53:00,0.99238,0.99244,0.99236,0.99238,9
2012-03-08 16:54:00,0.99238,0.99242,0.9923,0.99236,16
2012-03-08 16:55:00,0.99238,0.99244,0.99236,0.99242,8
2012-03-08 16:56:00,0.99224,0.99242,0.99222,0.99242,17
2012-03-08 16:57:00,0.99214,0.99228,0.99208,0.99228,14
2012-03-08 16:58:00,0.99206,0.99216,0.99206,0.9921,23
2012-03-08 16:59:00,0.99204,0.99204,0.99188,0.99202,36
2012-03-08 17:00:00,0.99218,0.99222,0.99196,0.99202,31
2012-03-08 17:01:00,0.99224,0.99224,0.99206,0.99216,14
2012-03-08 17:02:00,0.99214,0.99228,0.99214,0.99222,16
2012-03-08 17:03:00,0.99216,0.99228,0.99216,0.99216,17
2012-03-08 17:04:00,0.992,0.99214,0.992,0.99214,12
2012-03-08 17:05:00,0.99202,0.99202,0.9919,0.99202,17
2012-03-08 17:06:00,0.992,0.99208,0.992,0.99204,5
2012-03-08 17:07:00,0.99188,0.992,0.99188,0.99196,22
2012-03-08 17:08:00,0.99196,0.99196,0.99186,0.99186,17
2012-03-08 17:09:00,0.99204,0.99204,0.992,0.992,9
2012-03-08 17:10:00,0.99188,0.99208,0.99186,0.99208,20
2012-03-08 17:11:00,0.9917,0.99186,0.99168,0.99186,24
2012-03-08 17:12:00,0.9918,0.99182,0.99168,0.99168,13
2012-03-08 17:13:00,0.9918,0.99182,0.99176,0.99176,18
2012-03-08 17:14:00,0.99172,0.99176,0.99172,0.99176,3
2012-03-08 17:15:00,0.9916,0.99168,0.99156,0.99168,10
2012-03-08 17:16:00,0.99154,0.99162,0.99134,0.99156,46
2012-03-08 17:17:00,0.99154,0.99156,0.99154,0.99156,4
2012-03-08 17:18:00,0.99154,0.99156,0.99154,0.99156,2
2012-03-08 17:19:00,0.99146,0.99162,0.99146,0.99152,25
2012-03-08 17:20:00,0.99156,0.9916,0.99148,0.99148,10
2012-03-08 17:21:00,0.99162,0.99162,0.9916,0.9916,6
2012-03-08 17:22:00,0.99168,0.9917,0.9916,0.9916,8
2012-03-08 17:23:00,0.99174,0.99174,0.99166,0.9917,20
2012-03-08 17:24:00,0.9917,0.99172,0.9916,0.99172,15
2012-03-08 17:25:00,0.99154,0.99174,0.99148,0.99174,18
2012-03-08 17:26:00,0.99154,0.9916,0.99154,0.99156,4
2012-03-08 17:27:00,0.99148,0.99154,0.99148,0.99152,10
2012-03-08 17:28:00,0.9915,0.99154,0.99148,0.9915,7
2012-03-08 17:29:00,0.99136,0.99148,0.99134,0.99148,9
2012-03-08 17:30:00,0.99142,0.99146,0.9914,0.9914,4
2012-03-08 17:31:00,0.99138,0.99146,0.99138,0.9914,10
2012-03-08 17:32:00,0.99114,0.99134,0.99112,0.99134,14
2012-03-08 17:33:00,0.99118,0.99122,0.99116,0.99116,9
2012-03-08 17:34:00,0.99094,0.99114,0.99094,0.99114,10
2012-03-08 17:35:00,0.99086,0.99092,0.99086,0.99092,15
2012-03-08 17:36:00,0.99084,0.99092,0.99084,0.99088,7
2012-03-08 17:37:00,0.99088,0.99092,0.99086,0.99086,6
2012-03-08 17:38:00,0.99102,0.99102,0.99092,0.99092,7
2012-03-08 17:39:00,0.99104,0.99114,0.991,0.991,28
2012-03-08 17:40:00,0.99086,0.99106,0.99086,0.99106,12
2012-03-08 17:41:00,0.99084,0.99084,0.99084,0.99084,1
2012-03-08 17:43:00,0.99088,0.99088,0.99086,0.99086,2
2012-03-08 17:44:00,0.99092,0.99092,0.99086,0.99092,15
2012-03-08 17:45:00,0.99092,0.99092,0.99086,0.99088,8
2012-03-08 17:46:00,0.99088,0.99092,0.99086,0.99088,7
2012-03-08 17:47:00,0.99092,0.99092,0.99092,0.99092,1
2012-03-08 17:48:00,0.99088,0.99088,0.99086,0.99088,3
2012-03-08 17:50:00,0.99074,0.99086,0.99072,0.99086,7
2012-03-08 17:51:00,0.99064,0.99074,0.99064,0.99072,10
2012-03-08 17:52:00,0.99062,0.99066,0.99058,0.99066,12
2012-03-08 17:53:00,0.9907,0.99072,0.99064,0.99066,8
2012-03-08 17:54:00,0.9907,0.99072,0.99066,0.99072,8
2012-03-08 17:55:00,0.99072,0.99074,0.9907,0.99072,7
2012-03-08 17:56:00,0.99074,0.99074,0.99074,0.99074,1
2012-03-08 17:57:00,0.99088,0.99088,0.99072,0.99078,15
2012-03-08 17:58:00,0.991,0.99102,0.99088,0.99092,34
2012-03-08 17:59:00,0.99108,0.99108,0.991,0.99102,17
2012-03-08 18:00:00,0.99116,0.99116,0.99112,0.99112,9
2012-03-08 18:01:00,0.99118,0.99122,0.99108,0.9912,24
2012-03-08 18:02:00,0.99126,0.99134,0.9912,0.9912,13
2012-03-08 18:03:00,0.99122,0.99122,0.99122,0.99122,1
2012-03-08 18:04:00,0.99132,0.99134,0.99126,0.99126,9
2012-03-08 18:05:00,0.99134,0.99134,0.99126,0.99128,11
2012-03-08 18:06:00,0.9913,0.99132,0.99126,0.99132,11
2012-03-08 18:07:00,0.99132,0.99134,0.99132,0.99134,2
2012-03-08 18:10:00,0.99136,0.99136,0.99132,0.99134,4
2012-03-08 18:11:00,0.99142,0.99142,0.9914,0.9914,2
2012-03-08 18:12:00,0.99138,0.99146,0.99138,0.99146,6
2012-03-08 18:13:00,0.99138,0.99142,0.99138,0.9914,4
2012-03-08 18:14:00,0.99138,0.99142,0.99138,0.9914,6
2012-03-08 18:15:00,0.99126,0.99134,0.99126,0.99134,6
2012-03-08 18:16:00,0.99118,0.99122,0.99118,0.99122,5
2012-03-08 18:17:00,0.99108,0.99116,0.99108,0.99114,13
2012-03-08 18:18:00,0.99106,0.99106,0.99106,0.99106,1
2012-03-08 18:19:00,0.99108,0.99108,0.99104,0.99104,3
2012-03-08 18:20:00,0.99114,0.99114,0.99112,0.99112,8
2012-03-08 18:21:00,0.99112,0.99114,0.99112,0.99112,5
2012-03-08 18:22:00,0.99108,0.99108,0.99108,0.99108,1
2012-03-08 18:24:00,0.99108,0.99108,0.99106,0.99106,2
2012-03-08 18:26:00,0.991,0.99112,0.991,0.99106,7
2012-03-08 18:27:00,0.991,0.991,0.99094,0.99098,8
2012-03-08 18:28:00,0.99118,0.9912,0.99102,0.99102,10
2012-03-08 18:29:00,0.99112,0.9912,0.99112,0.9912,6
2012-03-08 18:30:00,0.9912,0.99122,0.99112,0.99114,11
2012-03-08 18:31:00,0.99118,0.99122,0.99118,0.99118,5
2012-03-08 18:32:00,0.9912,0.99126,0.9912,0.9912,7
2012-03-08 18:33:00,0.99114,0.99118,0.99106,0.99118,16
2012-03-08 18:34:00,0.99116,0.99116,0.99116,0.99116,1
2012-03-08 18:35:00,0.99118,0.9912,0.99114,0.99114,4
2012-03-08 18:37:00,0.99126,0.99128,0.9912,0.9912,5
2012-03-08 18:38:00,0.99134,0.99136,0.9912,0.99122,9
2012-03-08 18:39:00,0.99134,0.99134,0.99122,0.99132,12
2012-03-08 18:40:00,0.99146,0.99146,0.99136,0.99136,4
2012-03-08 18:41:00,0.9914,0.9915,0.99138,0.99148,12
2012-03-08 18:42:00,0.99142,0.99146,0.99138,0.99142,7
2012-03-08 18:43:00,0.99138,0.99148,0.99138,0.99146,8
2012-03-08 18:44:00,0.99138,0.99142,0.99134,0.99134,6
2012-03-08 18:45:00,0.99128,0.99134,0.9912,0.99134,15
2012-03-08 18:46:00,0.99112,0.9913,0.991,0.9913,16
2012-03-08 18:47:00,0.99108,0.99114,0.99108,0.99114,3
2012-03-08 18:48:00,0.99116,0.99116,0.99112,0.99112,5
2012-03-08 18:49:00,0.99136,0.99136,0.99118,0.9912,13
2012-03-08 18:50:00,0.99132,0.99134,0.99132,0.99134,2
2012-03-08 18:51:00,0.99128,0.99134,0.99126,0.99128,17
2012-03-08 18:52:00,0.99126,0.9913,0.99126,0.9913,3
2012-03-08 18:53:00,0.99134,0.99134,0.99128,0.99128,9
2012-03-08 18:54:00,0.99148,0.99148,0.99136,0.99136,13
2012-03-08 18:55:00,0.99156,0.99162,0.99148,0.9915,15
2012-03-08 18:56:00,0.99146,0.99154,0.99138,0.99154,16
2012-03-08 18:57:00,0.99138,0.99142,0.99138,0.99142,5
2012-03-08 18:58:00,0.99126,0.99134,0.99118,0.99134,10
2012-03-08 19:00:00,0.99126,0.99128,0.99122,0.99122,4
2012-03-08 19:01:00,0.99118,0.99128,0.99118,0.99122,9
2012-03-08 19:02:00,0.99108,0.99116,0.99106,0.99114,7
2012-03-08 19:03:00,0.99108,0.99108,0.991,0.99106,8
2012-03-08 19:04:00,0.9912,0.9912,0.99112,0.99112,4
2012-03-08 19:05:00,0.9912,0.99128,0.99118,0.99118,12
2012-03-08 19:06:00,0.99134,0.99134,0.99122,0.99122,7
2012-03-08 19:07:00,0.99122,0.99132,0.99122,0.99132,8
2012-03-08 19:08:00,0.99122,0.99122,0.99118,0.9912,6
2012-03-08 19:09:00,0.99128,0.99128,0.99126,0.99126,2
2012-03-08 19:10:00,0.99136,0.99136,0.99128,0.9913,7
2012-03-08 19:11:00,0.99134,0.99134,0.99134,0.99134,1
2012-03-08 19:12:00,0.99142,0.99142,0.99136,0.99136,13
2012-03-08 19:13:00,0.99146,0.99146,0.9914,0.9914,3
2012-03-08 19:14:00,0.99154,0.99154,0.99142,0.99148,7
2012-03-08 19:15:00,0.99136,0.99152,0.99134,0.99152,10
2012-03-08 19:16:00,0.99142,0.99142,0.9914,0.9914,2
2012-03-08 19:17:00,0.99142,0.99142,0.9914,0.9914,2
2012-03-08 19:18:00,0.99142,0.99146,0.99142,0.99146,2
2012-03-08 19:19:00,0.99134,0.99146,0.99134,0.99146,5
2012-03-08 19:20:00,0.99134,0.99136,0.99128,0.99136,6
2012-03-08 19:21:00,0.99132,0.99134,0.99132,0.99132,3
2012-03-08 19:22:00,0.99142,0.99142,0.99134,0.99134,6
2012-03-08 19:23:00,0.9914,0.99146,0.9914,0.99146,5
2012-03-08 19:24:00,0.9914,0.99146,0.9914,0.99142,4
2012-03-08 19:25:00,0.9914,0.9914,0.99138,0.99138,4
2012-03-08 19:26:00,0.99146,0.99146,0.9914,0.99142,4
2012-03-08 19:28:00,0.99126,0.99142,0.9912,0.99142,11
2012-03-08 19:29:00,0.9912,0.99122,0.99118,0.99122,6
2012-03-08 19:30:00,0.99122,0.99122,0.99118,0.99118,3
2012-03-08 19:31:00,0.99126,0.99136,0.99126,0.99126,13
2012-03-08 19:32:00,0.9912,0.99126,0.99118,0.99122,14
2012-03-08 19:33:00,0.99126,0.99126,0.99122,0.99122,2
2012-03-08 19:34:00,0.99108,0.99122,0.99108,0.99122,22
2012-03-08 19:35:00,0.99106,0.99112,0.99104,0.99112,5
2012-03-08 19:36:00,0.99108,0.99112,0.99108,0.99108,3
2012-03-08 19:37:00,0.99116,0.99116,0.99112,0.99112,3
2012-03-08 19:38:00,0.9912,0.99122,0.9912,0.9912,3
2012-03-08 19:39:00,0.9912,0.9912,0.99118,0.99118,2
2012-03-08 19:40:00,0.99104,0.99122,0.99104,0.99122,14
2012-03-08 19:41:00,0.99088,0.99102,0.99088,0.991,7
2012-03-08 19:42:00,0.99096,0.99096,0.99092,0.99092,5
2012-03-08 19:43:00,0.99092,0.991,0.99092,0.991,6
2012-03-08 19:44:00,0.99086,0.99088,0.99086,0.99088,2
2012-03-08 19:45:00,0.99074,0.99084,0.99074,0.99084,4
2012-03-08 19:46:00,0.9908,0.9908,0.99074,0.99078,4
2012-03-08 19:47:00,0.99068,0.99078,0.99066,0.99078,6
2012-03-08 19:48:00,0.99072,0.99072,0.99072,0.99072,1
2012-03-08 19:49:00,0.9907,0.99072,0.99066,0.9907,11
2012-03-08 19:50:00,0.99068,0.99068,0.99066,0.99066,4
2012-03-08 19:51:00,0.98998,0.99066,0.9899,0.99066,51
2012-03-08 19:52:00,0.98992,0.99012,0.98986,0.99,32
2012-03-08 19:53:00,0.99,0.99004,0.98994,0.98994,9
2012-03-08 19:54:00,0.99012,0.99012,0.98992,0.99004,40
2012-03-08 19:55:00,0.98992,0.9901,0.98992,0.9901,17
2012-03-08 19:56:00,0.98976,0.98992,0.98976,0.9899,12
2012-03-08 19:57:00,0.98972,0.98972,0.98962,0.98972,9
2012-03-08 19:58:00,0.9899,0.9899,0.9897,0.9897,24
2012-03-08 19:59:00,0.9897,0.98992,0.98964,0.98992,21
2012-03-08 20:00:00,0.98992,0.98992,0.98972,0.98972,12
2012-03-08 20:01:00,0.99022,0.99024,0.98992,0.98994,24
2012-03-08 20:02:00,0.99022,0.99022,0.9902,0.9902,4
2012-03-08 20:04:00,0.98968,0.9902,0.98966,0.9902,21
2012-03-08 20:05:00,0.9896,0.9897,0.9896,0.9897,7
2012-03-08 20:06:00,0.98934,0.98956,0.98934,0.98956,23
2012-03-08 20:07:00,0.98952,0.98962,0.98936,0.98936,32
2012-03-08 20:08:00,0.9897,0.98974,0.98952,0.98954,29
2012-03-08 20:09:00,0.98968,0.98974,0.98956,0.98974,35
2012-03-08 20:10:00,0.98982,0.98982,0.98954,0.9897,25
2012-03-08 20:11:00,0.98986,0.98988,0.98974,0.9898,17
2012-03-08 20:12:00,0.98962,0.98982,0.98962,0.98982,8
2012-03-08 20:13:00,0.98962,0.98962,0.9896,0.9896,2
2012-03-08 20:14:00,0.98952,0.9896,0.98948,0.9896,12
2012-03-08 20:15:00,0.9896,0.9896,0.98954,0.98954,3
2012-03-08 20:16:00,0.98972,0.98974,0.98962,0.98962,8
2012-03-08 20:17:00,0.9896,0.98968,0.98954,0.98968,8
2012-03-08 20:18:00,0.9897,0.9897,0.98956,0.98956,6
2012-03-08 20:19:00,0.9899,0.9899,0.98966,0.98968,17
2012-03-08 20:20:00,0.9899,0.9899,0.98982,0.98988,6
2012-03-08 20:21:00,0.98994,0.98994,0.98994,0.98994,1
2012-03-08 20:22:00,0.99,0.99,0.98988,0.9899,6
2012-03-08 20:23:00,0.99002,0.99002,0.99002,0.99002,1
2012-03-08 20:24:00,0.99008,0.99008,0.99,0.99,4
2012-03-08 20:25:00,0.9901,0.9901,0.99002,0.9901,9
2012-03-08 20:26:00,0.99022,0.99022,0.99014,0.99014,8
2012-03-08 20:27:00,0.9902,0.99024,0.9902,0.99024,5
2012-03-08 20:28:00,0.9903,0.99034,0.99022,0.99022,8
2012-03-08 20:29:00,0.99022,0.99028,0.9902,0.99028,11
2012-03-08 20:30:00,0.9902,0.99022,0.9902,0.9902,7
2012-03-08 20:31:00,0.99016,0.99016,0.99016,0.99016,1
2012-03-08 20:32:00,0.99022,0.99022,0.99016,0.99018,4
2012-03-08 20:33:00,0.99034,0.99034,0.9902,0.9902,8
2012-03-08 20:34:00,0.9903,0.9903,0.9903,0.9903,1
2012-03-08 20:35:00,0.9906,0.99064,0.99034,0.99034,18
2012-03-08 20:36:00,0.99068,0.99068,0.99056,0.99056,5
2012-03-08 20:37:00,0.9907,0.99082,0.99062,0.9907,17
2012-03-08 20:38:00,0.9907,0.99076,0.9907,0.99072,6
2012-03-08 20:39:00,0.99082,0.99082,0.99068,0.99072,12
2012-03-08 20:40:00,0.99056,0.99078,0.99048,0.99078,17
2012-03-08 20:41:00,0.9905,0.99054,0.9905,0.99054,4
2012-03-08 20:42:00,0.99052,0.99052,0.99048,0.99052,9
2012-03-08 20:43:00,0.99064,0.99068,0.99044,0.9905,12
2012-03-08 20:44:00,0.99064,0.99068,0.99056,0.99068,8
2012-03-08 20:45:00,0.99076,0.99078,0.99068,0.99068,10
2012-03-08 20:46:00,0.99074,0.99082,0.99074,0.99078,11
2012-03-08 20:47:00,0.99078,0.99078,0.99074,0.99076,4
2012-03-08 20:48:00,0.99084,0.99084,0.99082,0.99082,2
2012-03-08 20:49:00,0.9911,0.99116,0.99088,0.99088,19
2012-03-08 20:50:00,0.99104,0.99112,0.99102,0.99112,10
2012-03-08 20:51:00,0.9909,0.99102,0.99088,0.99102,15
2012-03-08 20:52:00,0.99098,0.991,0.99088,0.99088,8
2012-03-08 20:53:00,0.99086,0.99094,0.99084,0.99094,20
2012-03-08 20:54:00,0.9907,0.99096,0.9907,0.99088,14
2012-03-08 20:55:00,0.9908,0.99086,0.99072,0.99072,10
2012-03-08 20:56:00,0.99104,0.99106,0.99082,0.99082,10
2012-03-08 20:57:00,0.991,0.99108,0.991,0.99106,5
2012-03-08 20:58:00,0.99106,0.99106,0.99098,0.99098,6
2012-03-08 20:59:00,0.99096,0.99108,0.99086,0.99108,19
2012-03-08 21:00:00,0.99097,0.99106,0.99097,0.991,8
2012-03-08 21:01:00,0.99093,0.99093,0.99093,0.99093,1
2012-03-08 21:02:00,0.99105,0.99105,0.99097,0.99097,3
2012-03-08 21:03:00,0.99097,0.99101,0.99097,0.99101,2
2012-03-08 21:04:00,0.99101,0.99101,0.99101,0.99101,1
2012-03-08 21:05:00,0.99097,0.99105,0.99097,0.99105,3
2012-03-08 21:07:00,0.99093,0.99093,0.99093,0.99093,1
2012-03-08 21:08:00,0.99093,0.99101,0.99089,0.99097,6
2012-03-08 21:09:00,0.99089,0.99089,0.99085,0.99089,5
2012-03-08 21:10:00,0.99097,0.99101,0.99093,0.99093,4
2012-03-08 21:11:00,0.99085,0.99093,0.99085,0.99093,5
2012-03-08 21:13:00,0.99081,0.99081,0.99081,0.99081,1
2012-03-08 21:14:00,0.99085,0.99085,0.99077,0.99077,3
2012-03-08 21:20:00,0.99069,0.99081,0.99069,0.99081,4
2012-03-08 21:21:00,0.99073,0.99077,0.99073,0.99073,3
2012-03-08 21:22:00,0.99077,0.99077,0.99077,0.99077,1
2012-03-08 21:23:00,0.99081,0.99081,0.99081,0.99081,1
2012-03-08 21:24:00,0.99065,0.99077,0.99065,0.99077,4
2012-03-08 21:25:00,0.99073,0.99081,0.99069,0.99069,6
2012-03-08 21:26:00,0.99062,0.99073,0.99058,0.99069,8
2012-03-08 21:27:00,0.99066,0.99066,0.99066,0.99066,1
2012-03-08 21:28:00,0.99058,0.99062,0.99058,0.99062,4
2012-03-08 21:29:00,0.99058,0.99062,0.99058,0.99062,2
2012-03-08 21:30:00,0.99062,0.99074,0.99062,0.99062,9
2012-03-08 21:31:00,0.99054,0.99058,0.99054,0.99058,2
2012-03-08 21:33:00,0.99058,0.99058,0.99058,0.99058,1
2012-03-08 21:36:00,0.99054,0.99054,0.99054,0.99054,1
2012-03-08 21:37:00,0.9905,0.9905,0.99046,0.9905,3
2012-03-08 21:38:00,0.9905,0.99054,0.99046,0.99046,10
2012-03-08 21:39:00,0.99054,0.99054,0.9905,0.99054,3
2012-03-08 21:40:00,0.99062,0.99062,0.9905,0.9905,8
2012-03-08 21:41:00,0.99066,0.99066,0.99066,0.99066,1
2012-03-08 21:42:00,0.99022,0.99062,0.99022,0.99062,25
2012-03-08 21:43:00,0.99022,0.99042,0.99014,0.99026,30
2012-03-08 21:44:00,0.99016,0.99026,0.99006,0.99026,13
2012-03-08 21:46:00,0.99024,0.99028,0.99012,0.99012,6
2012-03-08 21:47:00,0.99024,0.99024,0.99016,0.9902,4
2012-03-08 21:48:00,0.99024,0.99024,0.9902,0.9902,2
2012-03-08 21:49:00,0.99024,0.99032,0.99024,0.99028,4
2012-03-08 21:50:00,0.9902,0.9902,0.99016,0.9902,3
2012-03-08 21:51:00,0.9902,0.9902,0.99016,0.99016,2
2012-03-08 21:52:00,0.99024,0.99024,0.99016,0.99016,3
2012-03-08 21:53:00,0.99028,0.99028,0.99028,0.99028,1
2012-03-08 21:54:00,0.99028,0.99028,0.9902,0.99024,4
2012-03-08 21:55:00,0.99032,0.99032,0.99032,0.99032,1
2012-03-08 21:56:00,0.99039,0.99057,0.99036,0.99036,10
2012-03-08 21:58:00,0.99035,0.99035,0.99035,0.99035,1
2012-03-08 21:59:00,0.99027,0.99031,0.99019,0.99031,12
2012-03-08 22:00:00,0.98982,0.99032,0.98968,0.99032,27
2012-03-08 22:01:00,0.98993,0.99012,0.98974,0.98978,24
2012-03-08 22:02:00,0.98992,0.98992,0.98988,0.98988,2
2012-03-08 22:03:00,0.98999,0.99004,0.9899,0.98996,12
2012-03-08 22:04:00,0.99021,0.99021,0.98991,0.99003,15
2012-03-08 22:05:00,0.99038,0.99055,0.99025,0.99025,12
2012-03-08 22:06:00,0.99025,0.99034,0.99025,0.99034,3
2012-03-08 22:08:00,0.9903,0.9905,0.99021,0.99021,10
2012-03-08 22:09:00,0.99026,0.99026,0.99026,0.99026,1
2012-03-08 22:10:00,0.99039,0.99039,0.9903,0.9903,3
2012-03-08 22:11:00,0.9902,0.99043,0.9902,0.99043,6
2012-03-08 22:14:00,0.99002,0.99016,0.98994,0.99016,10
2012-03-08 22:15:00,0.99014,0.99014,0.99006,0.99006,5
2012-03-08 22:16:00,0.99018,0.99018,0.99018,0.99018,1
2012-03-08 22:18:00,0.99022,0.99022,0.99022,0.99022,1
2012-03-08 22:19:00,0.99006,0.99102,0.98968,0.99026,57
2012-03-08 22:20:00,0.99045,0.99045,0.9901,0.9901,9
2012-03-08 22:23:00,0.99037,0.99041,0.99037,0.99041,2
2012-03-08 22:24:00,0.99047,0.99055,0.99041,0.99041,6
2012-03-08 22:25:00,0.9907,0.99072,0.99051,0.99051,13
2012-03-08 22:26:00,0.99074,0.99074,0.99074,0.99074,1
2012-03-08 22:30:00,0.99078,0.99078,0.99078,0.99078,1
2012-03-08 22:31:00,0.99078,0.99082,0.99078,0.99082,2
2012-03-08 22:32:00,0.99069,0.99074,0.99055,0.99074,8
2012-03-08 22:33:00,0.99077,0.99077,0.99061,0.99065,8
2012-03-08 22:34:00,0.99073,0.99081,0.99073,0.99081,5
2012-03-08 22:37:00,0.99077,0.99077,0.99077,0.99077,1
2012-03-08 22:38:00,0.99081,0.99081,0.99081,0.99081,1
2012-03-08 22:39:00,0.99085,0.99085,0.99085,0.99085,1
2012-03-08 22:41:00,0.99081,0.99093,0.99081,0.99089,5
2012-03-08 22:46:00,0.99047,0.99077,0.99043,0.99077,14
2012-03-08 22:47:00,0.99051,0.99051,0.99051,0.99051,1
2012-03-08 22:48:00,0.99039,0.99047,0.99035,0.99047,5
2012-03-08 22:49:00,0.99031,0.99043,0.99031,0.99043,4
2012-03-08 22:50:00,0.99003,0.99027,0.98999,0.99027,15
2012-03-08 22:51:00,0.99017,0.99017,0.99007,0.99007,7
2012-03-08 22:52:00,0.99016,0.99017,0.99,0.99013,12
2012-03-08 22:55:00,0.99012,0.99012,0.99012,0.99012,1
2012-03-08 22:56:00,0.99031,0.99039,0.99015,0.99016,17
2012-03-08 22:57:00,0.99023,0.99027,0.99023,0.99027,2
2012-03-08 23:00:00,0.9903,0.99031,0.99027,0.99027,3
2012-03-08 23:01:00,0.9903,0.99032,0.9903,0.9903,3
2012-03-08 23:02:00,0.99032,0.99034,0.9902,0.99032,13
2012-03-08 23:03:00,0.99048,0.99048,0.99034,0.99034,6
2012-03-08 23:04:00,0.99022,0.99046,0.99004,0.99046,26
2012-03-08 23:05:00,0.99028,0.99028,0.99024,0.99024,2
2012-03-08 23:06:00,0.99024,0.99024,0.99024,0.99024,1
2012-03-08 23:09:00,0.99022,0.99024,0.99022,0.99022,3
2012-03-08 23:10:00,0.99024,0.99024,0.99024,0.99024,1
2012-03-08 23:11:00,0.99048,0.99048,0.99014,0.99022,20
2012-03-08 23:12:00,0.99034,0.99054,0.99032,0.99052,11
2012-03-08 23:13:00,0.99036,0.99054,0.99034,0.99038,15
2012-03-08 23:15:00,0.99042,0.99056,0.99038,0.99038,12
2012-03-08 23:16:00,0.9904,0.99048,0.9904,0.99044,5
2012-03-08 23:17:00,0.9904,0.99044,0.99036,0.99036,6
2012-03-08 23:18:00,0.99042,0.99052,0.9904,0.99042,13
2012-03-08 23:19:00,0.9904,0.99044,0.9904,0.99044,3
2012-03-08 23:20:00,0.99048,0.99048,0.99042,0.99042,3
2012-03-08 23:22:00,0.99038,0.99044,0.99038,0.99044,3
2012-03-08 23:23:00,0.99038,0.99046,0.99038,0.9904,6
2012-03-08 23:24:00,0.99052,0.99062,0.99038,0.9904,15
2012-03-08 23:25:00,0.99046,0.99052,0.99046,0.9905,10
2012-03-08 23:26:00,0.99048,0.99048,0.99048,0.99048,1
2012-03-08 23:27:00,0.99052,0.99052,0.9904,0.99046,7
2012-03-08 23:28:00,0.99054,0.99054,0.9905,0.9905,5
2012-03-08 23:30:00,0.99054,0.99054,0.99052,0.99052,2
2012-03-08 23:31:00,0.9905,0.99052,0.9905,0.99052,2
2012-03-08 23:34:00,0.99058,0.99058,0.99052,0.99052,5
2012-03-08 23:35:00,0.99058,0.99058,0.99054,0.99054,2
2012-03-08 23:36:00,0.99054,0.99054,0.99054,0.99054,1
2012-03-08 23:41:00,0.99058,0.99058,0.99058,0.99058,1
2012-03-08 23:44:00,0.9906,0.9906,0.9906,0.9906,1
2012-03-08 23:45:00,0.99084,0.99096,0.99062,0.99062,43
2012-03-08 23:46:00,0.99066,0.9908,0.9906,0.9908,18
2012-03-08 23:47:00,0.99054,0.99064,0.9905,0.99064,14
2012-03-08 23:49:00,0.99066,0.99066,0.99054,0.99058,10
2012-03-08 23:50:00,0.99066,0.99072,0.99066,0.99068,8
2012-03-08 23:51:00,0.9906,0.99064,0.99052,0.99064,8
2012-03-08 23:52:00,0.99058,0.9906,0.99058,0.99058,3
2012-03-08 23:53:00,0.99058,0.9906,0.99058,0.9906,2
2012-03-08 23:54:00,0.9905,0.99054,0.9905,0.99054,7
2012-03-08 23:55:00,0.9904,0.99046,0.99034,0.99046,7
2012-03-08 23:56:00,0.9906,0.99062,0.99042,0.99042,13
2012-03-08 23:57:00,0.9906,0.99066,0.99058,0.99058,8
2012-03-08 23:58:00,0.99058,0.99062,0.99052,0.99058,15
2012-03-08 23:59:00,0.99054,0.99054,0.99054,0.99054,1
2012-03-09 00:01:00,0.99066,0.99072,0.99058,0.99058,12
2012-03-09 00:02:00,0.99094,0.99096,0.99068,0.99068,20
2012-03-09 00:03:00,0.99088,0.99096,0.99086,0.99096,8
2012-03-09 00:04:00,0.99086,0.99086,0.99086,0.99086,1
2012-03-09 00:05:00,0.99082,0.99088,0.9908,0.99088,5
2012-03-09 00:06:00,0.99094,0.99094,0.99086,0.99086,4
2012-03-09 00:07:00,0.99094,0.99096,0.99094,0.99096,2
2012-03-09 00:08:00,0.99086,0.99092,0.99086,0.99092,3
2012-03-09 00:09:00,0.99088,0.99088,0.99088,0.99088,1
2012-03-09 00:10:00,0.99084,0.99096,0.99084,0.99092,18
2012-03-09 00:11:00,0.99094,0.99096,0.99084,0.99086,8
2012-03-09 00:16:00,0.99088,0.99092,0.99086,0.99092,4
2012-03-09 00:18:00,0.99094,0.99094,0.99092,0.99092,2
2012-03-09 00:19:00,0.99112,0.99116,0.99096,0.99096,14
2012-03-09 00:20:00,0.99112,0.9912,0.99112,0.99114,6
2012-03-09 00:25:00,0.99112,0.99114,0.99112,0.99114,2
2012-03-09 00:26:00,0.99106,0.99108,0.99106,0.99108,2
2012-03-09 00:27:00,0.99116,0.99116,0.99108,0.99108,6
2012-03-09 00:28:00,0.99122,0.99122,0.99114,0.99114,4
2012-03-09 00:29:00,0.99118,0.9912,0.99118,0.9912,2
2012-03-09 00:30:00,0.99112,0.99136,0.99098,0.99114,63
2012-03-09 00:31:00,0.99128,0.9913,0.99108,0.9911,17
2012-03-09 00:32:00,0.99116,0.99124,0.99116,0.99124,4
2012-03-09 00:33:00,0.9912,0.9912,0.9911,0.99112,8
2012-03-09 00:34:00,0.9913,0.99132,0.99124,0.99124,11
2012-03-09 00:35:00,0.99124,0.9913,0.99122,0.99128,10
2012-03-09 00:36:00,0.99138,0.99138,0.99126,0.99126,5
2012-03-09 00:37:00,0.99136,0.99136,0.99136,0.99136,1
2012-03-09 00:38:00,0.99132,0.99132,0.99132,0.99132,1
2012-03-09 00:40:00,0.9913,0.9913,0.99128,0.9913,3
2012-03-09 00:41:00,0.99132,0.9914,0.99132,0.99132,7
2012-03-09 00:42:00,0.99136,0.99136,0.99136,0.99136,1
2012-03-09 00:43:00,0.99136,0.99138,0.99136,0.99138,6
2012-03-09 00:44:00,0.99132,0.99138,0.99132,0.99138,3
2012-03-09 00:45:00,0.99136,0.99136,0.99136,0.99136,1
2012-03-09 00:46:00,0.99138,0.99138,0.9913,0.99132,13
2012-03-09 00:47:00,0.99138,0.9914,0.99136,0.99136,8
2012-03-09 00:48:00,0.99136,0.99136,0.99136,0.99136,1
2012-03-09 00:49:00,0.99136,0.99138,0.99136,0.99138,2
2012-03-09 00:50:00,0.9914,0.9914,0.99132,0.99132,6
2012-03-09 00:51:00,0.9915,0.9915,0.99144,0.99144,3
2012-03-09 00:52:00,0.99152,0.99152,0.99152,0.99152,1
2012-03-09 00:53:00,0.99146,0.9915,0.99146,0.9915,2
2012-03-09 00:54:00,0.99138,0.99144,0.99138,0.99144,3
2012-03-09 00:55:00,0.99132,0.99136,0.99128,0.99136,6
2012-03-09 00:56:00,0.99142,0.99146,0.99136,0.99136,9
2012-03-09 00:57:00,0.99142,0.99144,0.99142,0.99144,4
2012-03-09 00:59:00,0.99132,0.99138,0.9913,0.99138,5
2012-03-09 01:00:00,0.99136,0.9914,0.99136,0.99136,5
2012-03-09 01:01:00,0.99118,0.99132,0.99118,0.99132,8
2012-03-09 01:02:00,0.99116,0.99116,0.9911,0.99116,7
2012-03-09 01:03:00,0.99126,0.99126,0.99118,0.99118,6
2012-03-09 01:04:00,0.99116,0.9913,0.99116,0.9913,12
2012-03-09 01:05:00,0.99124,0.99126,0.99118,0.99118,9
2012-03-09 01:06:00,0.99118,0.99122,0.99118,0.99122,2
2012-03-09 01:07:00,0.9909,0.99116,0.9909,0.99116,12
2012-03-09 01:08:00,0.99092,0.99092,0.99092,0.99092,1
2012-03-09 01:09:00,0.99082,0.9909,0.99078,0.9909,6
2012-03-09 01:10:00,0.9909,0.9909,0.99076,0.99078,7
2012-03-09 01:11:00,0.99102,0.99108,0.99082,0.99092,24
2012-03-09 01:12:00,0.9913,0.9913,0.99106,0.99106,14
2012-03-09 01:13:00,0.99128,0.99136,0.99128,0.99128,7
2012-03-09 01:14:00,0.99114,0.99126,0.99106,0.99126,17
2012-03-09 01:15:00,0.99088,0.99112,0.99088,0.99112,9
2012-03-09 01:16:00,0.99088,0.99088,0.99086,0.99086,4
2012-03-09 01:17:00,0.99088,0.99092,0.99088,0.99092,2
2012-03-09 01:18:00,0.99084,0.99086,0.99084,0.99086,2
2012-03-09 01:19:00,0.9908,0.9908,0.99078,0.9908,3
2012-03-09 01:20:00,0.99074,0.99078,0.99072,0.99078,6
2012-03-09 01:21:00,0.99068,0.99072,0.9906,0.99072,13
2012-03-09 01:22:00,0.99074,0.99078,0.99062,0.99064,10
2012-03-09 01:23:00,0.99072,0.99076,0.9907,0.99076,4
2012-03-09 01:24:00,0.9907,0.9907,0.9907,0.9907,1
2012-03-09 01:25:00,0.9907,0.9907,0.99062,0.99068,6
2012-03-09 01:26:00,0.9907,0.9907,0.99064,0.99068,6
2012-03-09 01:28:00,0.9907,0.99072,0.99068,0.99072,6
2012-03-09 01:29:00,0.99062,0.99068,0.99054,0.99068,9
2012-03-09 01:30:00,0.99068,0.99072,0.99056,0.99064,12
2012-03-09 01:31:00,0.99058,0.9907,0.99058,0.9907,7
2012-03-09 01:32:00,0.99048,0.99056,0.99044,0.99056,6
2012-03-09 01:33:00,0.99042,0.99052,0.99032,0.99044,23
2012-03-09 01:34:00,0.99042,0.99052,0.99038,0.99046,14
2012-03-09 01:35:00,0.99062,0.99062,0.99046,0.99046,13
2012-03-09 01:36:00,0.99068,0.99072,0.99066,0.99066,6
2012-03-09 01:37:00,0.99068,0.99068,0.99064,0.99066,4
2012-03-09 01:38:00,0.99058,0.99068,0.99058,0.99066,6
2012-03-09 01:39:00,0.99058,0.99062,0.99044,0.9906,22
2012-03-09 01:40:00,0.99074,0.99074,0.99054,0.99054,12
2012-03-09 01:42:00,0.99064,0.99072,0.99064,0.99072,10
2012-03-09 01:43:00,0.9902,0.99066,0.9902,0.99066,31
2012-03-09 01:44:00,0.99026,0.99028,0.99024,0.99024,10
2012-03-09 01:45:00,0.99028,0.99038,0.9902,0.99028,15
2012-03-09 01:46:00,0.9903,0.99032,0.99024,0.99032,12
2012-03-09 01:47:00,0.99032,0.99032,0.99024,0.99026,5
2012-03-09 01:48:00,0.99038,0.99038,0.99034,0.99034,6
2012-03-09 01:49:00,0.99028,0.9904,0.99024,0.99034,11
2012-03-09 01:50:00,0.99026,0.99026,0.99024,0.99026,3
2012-03-09 01:51:00,0.99034,0.99034,0.9902,0.99024,9
2012-03-09 01:52:00,0.99062,0.99062,0.99038,0.99038,14
2012-03-09 01:53:00,0.99052,0.9906,0.99046,0.9906,8
2012-03-09 01:54:00,0.99046,0.9905,0.99046,0.9905,2
2012-03-09 01:55:00,0.99046,0.99048,0.99044,0.99044,4
2012-03-09 01:56:00,0.99038,0.99048,0.99038,0.99048,19
2012-03-09 01:57:00,0.99038,0.99052,0.99038,0.9904,10
2012-03-09 01:59:00,0.99034,0.99034,0.9903,0.99034,9
2012-03-09 02:00:00,0.9902,0.99032,0.9902,0.99032,5
2012-03-09 02:01:00,0.99006,0.99018,0.99004,0.99018,11
2012-03-09 02:02:00,0.9901,0.99012,0.99004,0.99004,7
2012-03-09 02:03:00,0.99006,0.99008,0.99004,0.99006,5
2012-03-09 02:04:00,0.99008,0.99008,0.99006,0.99008,3
2012-03-09 02:05:00,0.98974,0.99006,0.98972,0.99006,16
2012-03-09 02:06:00,0.98974,0.98974,0.98972,0.98972,4
2012-03-09 02:07:00,0.99,0.99,0.98978,0.98978,9
2012-03-09 02:08:00,0.99,0.99004,0.99,0.99004,2
2012-03-09 02:09:00,0.99,0.99008,0.99,0.99004,6
2012-03-09 02:10:00,0.99,0.99004,0.99,0.99004,2
2012-03-09 02:12:00,0.99006,0.99006,0.99004,0.99004,2
2012-03-09 02:13:00,0.9902,0.9902,0.99008,0.99008,5
2012-03-09 02:15:00,0.99004,0.99018,0.99004,0.99018,6
2012-03-09 02:16:00,0.98998,0.99,0.98998,0.99,2
2012-03-09 02:17:00,0.99004,0.99004,0.98996,0.98996,4
2012-03-09 02:18:00,0.99004,0.99012,0.99,0.99,8
2012-03-09 02:19:00,0.99004,0.99006,0.99004,0.99006,2
2012-03-09 02:20:00,0.99,0.99006,0.98996,0.99006,13
2012-03-09 02:21:00,0.99,0.99,0.98998,0.98998,4
2012-03-09 02:22:00,0.98996,0.99,0.98992,0.98998,10
2012-03-09 02:23:00,0.98992,0.98998,0.98992,0.98998,3
2012-03-09 02:24:00,0.98992,0.98994,0.98992,0.98994,4
2012-03-09 02:25:00,0.98994,0.98994,0.98994,0.98994,1
2012-03-09 02:26:00,0.98992,0.98992,0.98992,0.98992,1
2012-03-09 02:27:00,0.98992,0.98992,0.98986,0.9899,4
2012-03-09 02:28:00,0.98992,0.98992,0.9899,0.9899,4
2012-03-09 02:29:00,0.98992,0.98994,0.98992,0.98994,2
2012-03-09 02:33:00,0.98992,0.98992,0.9899,0.9899,4
2012-03-09 02:34:00,0.9899,0.9899,0.9899,0.9899,1
2012-03-09 02:36:00,0.98984,0.98986,0.9898,0.98986,4
2012-03-09 02:38:00,0.9898,0.9898,0.9898,0.9898,1
2012-03-09 02:39:00,0.9898,0.9898,0.98978,0.98978,2
2012-03-09 02:40:00,0.98966,0.98978,0.98966,0.98978,5
2012-03-09 02:41:00,0.98974,0.98974,0.98966,0.9897,7
2012-03-09 02:42:00,0.98972,0.98978,0.98972,0.98978,3
2012-03-09 02:43:00,0.98972,0.98974,0.98972,0.98974,2
2012-03-09 02:44:00,0.98964,0.98974,0.98964,0.98974,7
2012-03-09 02:45:00,0.98964,0.98966,0.98964,0.98966,2
2012-03-09 02:46:00,0.9897,0.9897,0.98966,0.98966,2
2012-03-09 02:47:00,0.98962,0.98966,0.98962,0.98966,3
2012-03-09 02:48:00,0.9897,0.98972,0.98964,0.98964,5
2012-03-09 02:49:00,0.98956,0.98966,0.98956,0.98966,5
2012-03-09 02:50:00,0.98958,0.9896,0.98958,0.98958,3
2012-03-09 02:52:00,0.98958,0.98964,0.98958,0.9896,4
2012-03-09 02:54:00,0.9894,0.98956,0.98936,0.98956,16
2012-03-09 02:55:00,0.98958,0.98958,0.98944,0.98944,6
2012-03-09 02:56:00,0.9896,0.9896,0.9896,0.9896,1
2012-03-09 02:58:00,0.98956,0.98966,0.98956,0.98964,6
2012-03-09 03:01:00,0.98958,0.98958,0.98958,0.98958,1
2012-03-09 03:03:00,0.98952,0.98956,0.98952,0.98956,2
2012-03-09 03:04:00,0.98946,0.9895,0.98946,0.9895,2
2012-03-09 03:05:00,0.98942,0.98944,0.98942,0.98944,2
2012-03-09 03:06:00,0.98938,0.98938,0.98938,0.98938,1
2012-03-09 03:07:00,0.9894,0.9894,0.98932,0.98936,5
2012-03-09 03:08:00,0.98944,0.98944,0.98944,0.98944,1
2012-03-09 03:09:00,0.98942,0.98942,0.98942,0.98942,1
2012-03-09 03:11:00,0.98946,0.98946,0.98944,0.98944,2
2012-03-09 03:12:00,0.98946,0.98946,0.98942,0.98944,4
2012-03-09 03:13:00,0.9896,0.98964,0.9895,0.9895,9
2012-03-09 03:15:00,0.98964,0.98964,0.98964,0.98964,1
2012-03-09 03:16:00,0.9897,0.9897,0.98958,0.98962,6
2012-03-09 03:17:00,0.98978,0.9898,0.98966,0.98966,15
2012-03-09 03:18:00,0.98974,0.9898,0.98972,0.9898,9
2012-03-09 03:19:00,0.98956,0.98974,0.98956,0.98972,9
2012-03-09 03:20:00,0.98954,0.98954,0.98952,0.98952,4
2012-03-09 03:22:00,0.98946,0.98954,0.98944,0.98952,9
2012-03-09 03:23:00,0.98952,0.98952,0.9895,0.9895,2
2012-03-09 03:25:00,0.9895,0.98954,0.98946,0.98954,5
2012-03-09 03:26:00,0.98952,0.98952,0.98952,0.98952,1
2012-03-09 03:28:00,0.98956,0.98958,0.98954,0.98954,3
2012-03-09 03:29:00,0.98962,0.98964,0.98958,0.98958,4
2012-03-09 03:30:00,0.9895,0.9896,0.9895,0.98958,8
2012-03-09 03:31:00,0.98952,0.98952,0.98952,0.98952,1
2012-03-09 03:32:00,0.98952,0.98954,0.9895,0.98954,4
2012-03-09 03:33:00,0.98952,0.98952,0.9895,0.9895,2
2012-03-09 03:34:00,0.98958,0.98958,0.98954,0.98954,2
2012-03-09 03:37:00,0.98958,0.9896,0.98958,0.9896,2
2012-03-09 03:39:00,0.9896,0.9896,0.9896,0.9896,1
2012-03-09 03:40:00,0.98966,0.98966,0.98964,0.98964,2
2012-03-09 03:44:00,0.9897,0.98972,0.98962,0.9897,11
2012-03-09 03:46:00,0.98972,0.98972,0.98972,0.98972,1
2012-03-09 03:47:00,0.98966,0.9897,0.98966,0.9897,2
2012-03-09 03:48:00,0.98978,0.98978,0.9897,0.9897,6
2012-03-09 03:49:00,0.98978,0.9898,0.98978,0.9898,2
2012-03-09 03:50:00,0.9898,0.9898,0.9898,0.9898,1
2012-03-09 03:51:00,0.98978,0.9898,0.98978,0.98978,3
2012-03-09 03:52:00,0.98972,0.98976,0.98972,0.98976,2
2012-03-09 03:53:00,0.98978,0.98978,0.98974,0.98974,2
2012-03-09 03:54:00,0.98976,0.98976,0.98976,0.98976,1
2012-03-09 03:56:00,0.98974,0.98974,0.98972,0.98972,2
2012-03-09 03:58:00,0.98972,0.98972,0.98972,0.98972,1
2012-03-09 03:59:00,0.98962,0.98974,0.98962,0.98974,6
2012-03-09 04:00:00,0.9897,0.9897,0.98956,0.98958,15
2012-03-09 04:04:00,0.98952,0.98966,0.98952,0.98966,6
2012-03-09 04:05:00,0.98956,0.9896,0.98952,0.98954,7
2012-03-09 04:06:00,0.98946,0.98952,0.98946,0.98952,3
2012-03-09 04:10:00,0.9895,0.9895,0.9895,0.9895,1
2012-03-09 04:11:00,0.98958,0.9896,0.98942,0.98946,11
2012-03-09 04:12:00,0.98964,0.98964,0.9896,0.9896,4
2012-03-09 04:14:00,0.9897,0.9897,0.98966,0.98966,2
2012-03-09 04:15:00,0.98974,0.98974,0.98972,0.98972,2
2012-03-09 04:17:00,0.98972,0.98972,0.98972,0.98972,1
2012-03-09 04:18:00,0.9898,0.9898,0.98974,0.98974,3
2012-03-09 04:19:00,0.98976,0.98978,0.98976,0.98978,2
2012-03-09 04:20:00,0.98978,0.98978,0.98978,0.98978,1
2012-03-09 04:21:00,0.98984,0.98984,0.98976,0.98976,4
2012-03-09 04:22:00,0.98976,0.9898,0.98976,0.9898,3
2012-03-09 04:23:00,0.98972,0.98972,0.98972,0.98972,1
2012-03-09 04:24:00,0.98974,0.98974,0.98972,0.98974,3
2012-03-09 04:26:00,0.98974,0.98974,0.9897,0.98972,8
2012-03-09 04:28:00,0.9897,0.98974,0.9897,0.98972,4
2012-03-09 04:29:00,0.98946,0.98966,0.98946,0.98966,8
2012-03-09 04:30:00,0.98952,0.98958,0.98946,0.9895,10
2012-03-09 04:31:00,0.98944,0.9895,0.98944,0.9895,3
2012-03-09 04:32:00,0.98952,0.98952,0.98942,0.98942,5
2012-03-09 04:33:00,0.98958,0.9896,0.98954,0.98954,4
2012-03-09 04:34:00,0.98956,0.98964,0.98956,0.9896,7
2012-03-09 04:35:00,0.9893,0.98952,0.9893,0.98952,9
2012-03-09 04:36:00,0.9894,0.9894,0.98932,0.98932,4
2012-03-09 04:37:00,0.98938,0.98938,0.98938,0.98938,1
2012-03-09 04:38:00,0.98938,0.98938,0.98936,0.98936,2
2012-03-09 04:39:00,0.98928,0.9894,0.98928,0.9894,8
2012-03-09 04:40:00,0.9894,0.9894,0.9893,0.9893,5
2012-03-09 04:41:00,0.98944,0.98946,0.98938,0.98938,7
2012-03-09 04:42:00,0.98938,0.98944,0.98936,0.98942,8
2012-03-09 04:43:00,0.98938,0.9894,0.98938,0.9894,2
2012-03-09 04:44:00,0.98942,0.9895,0.9894,0.9894,11
2012-03-09 04:45:00,0.98944,0.98946,0.98942,0.98944,7
2012-03-09 04:46:00,0.98942,0.98942,0.98942,0.98942,1
2012-03-09 04:47:00,0.98944,0.98944,0.98944,0.98944,1
2012-03-09 04:49:00,0.98944,0.98944,0.98942,0.98942,2
2012-03-09 04:50:00,0.98946,0.98946,0.98946,0.98946,1
2012-03-09 04:51:00,0.9895,0.9895,0.98942,0.98944,11
2012-03-09 04:54:00,0.98954,0.98954,0.98952,0.98952,2
2012-03-09 04:55:00,0.9895,0.98952,0.9895,0.98952,2
2012-03-09 04:56:00,0.9895,0.98954,0.98942,0.98946,10
2012-03-09 04:57:00,0.98952,0.98952,0.98952,0.98952,1
2012-03-09 04:58:00,0.9895,0.98954,0.9895,0.98954,3
2012-03-09 05:00:00,0.98944,0.98946,0.98944,0.98946,2
2012-03-09 05:01:00,0.98942,0.98942,0.98942,0.98942,1
2012-03-09 05:02:00,0.98944,0.98946,0.98944,0.98944,3
2012-03-09 05:03:00,0.98938,0.98944,0.98938,0.98942,4
2012-03-09 05:04:00,0.98936,0.98938,0.98936,0.98936,5
2012-03-09 05:05:00,0.98936,0.98938,0.9893,0.98938,16
2012-03-09 05:06:00,0.98932,0.98932,0.98932,0.98932,1
2012-03-09 05:07:00,0.98938,0.98938,0.98928,0.9893,10
2012-03-09 05:08:00,0.98932,0.98938,0.9893,0.98936,6
2012-03-09 05:09:00,0.98932,0.98932,0.9893,0.9893,6
2012-03-09 05:12:00,0.98936,0.98936,0.98936,0.98936,1
2012-03-09 05:14:00,0.9894,0.9894,0.98938,0.98938,2
2012-03-09 05:15:00,0.98938,0.9894,0.98938,0.98938,5
2012-03-09 05:17:00,0.98938,0.9894,0.98932,0.98936,6
2012-03-09 05:19:00,0.98936,0.98936,0.98936,0.98936,1
2012-03-09 05:23:00,0.98936,0.98938,0.9893,0.98932,6
2012-03-09 05:24:00,0.98944,0.98944,0.98938,0.98938,3
2012-03-09 05:25:00,0.98944,0.98944,0.98942,0.98942,2
2012-03-09 05:29:00,0.9895,0.9895,0.98946,0.98946,2
2012-03-09 05:30:00,0.9897,0.9897,0.98942,0.98952,17
2012-03-09 05:31:00,0.98994,0.99012,0.98972,0.98972,33
2012-03-09 05:32:00,0.99,0.99,0.98998,0.98998,2
2012-03-09 05:33:00,0.98998,0.98998,0.98998,0.98998,1
2012-03-09 05:34:00,0.9901,0.99012,0.98998,0.99,8
2012-03-09 05:35:00,0.99,0.99006,0.98996,0.99006,9
2012-03-09 05:36:00,0.98986,0.98998,0.98986,0.98998,5
2012-03-09 05:37:00,0.98992,0.98992,0.9899,0.9899,2
2012-03-09 05:38:00,0.98996,0.99004,0.9899,0.9899,9
2012-03-09 05:39:00,0.98986,0.98992,0.98986,0.98992,3
2012-03-09 05:40:00,0.9898,0.98984,0.98976,0.98984,6
2012-03-09 05:41:00,0.98978,0.98984,0.98976,0.98978,13
2012-03-09 05:42:00,0.98972,0.98976,0.9897,0.98976,6
2012-03-09 05:43:00,0.98964,0.9897,0.98962,0.9897,11
2012-03-09 05:44:00,0.98958,0.98962,0.98952,0.98962,6
2012-03-09 05:45:00,0.98954,0.98956,0.98952,0.98956,3
2012-03-09 05:46:00,0.98966,0.9897,0.98958,0.98958,6
2012-03-09 05:47:00,0.98964,0.98964,0.98958,0.98964,5
2012-03-09 05:48:00,0.98964,0.9897,0.98964,0.98966,4
2012-03-09 05:49:00,0.98964,0.98964,0.98962,0.98962,2
2012-03-09 05:50:00,0.98962,0.98964,0.98962,0.98962,3
2012-03-09 05:51:00,0.9896,0.9896,0.98956,0.98958,4
2012-03-09 05:52:00,0.98956,0.9896,0.98956,0.98958,4
2012-03-09 05:53:00,0.98946,0.98952,0.98946,0.98952,3
2012-03-09 05:54:00,0.98958,0.98958,0.98944,0.98944,8
2012-03-09 05:55:00,0.98978,0.98978,0.98956,0.9896,23
2012-03-09 05:56:00,0.98978,0.98986,0.98978,0.9898,6
2012-03-09 05:57:00,0.99006,0.99012,0.9898,0.9898,26
2012-03-09 05:58:00,0.99,0.99004,0.98996,0.99004,10
2012-03-09 05:59:00,0.98994,0.99004,0.98988,0.98998,14
2012-03-09 06:00:00,0.98998,0.98998,0.98986,0.9899,8
2012-03-09 06:01:00,0.99014,0.99014,0.98982,0.98996,45
2012-03-09 06:02:00,0.99044,0.99078,0.99016,0.99016,43
2012-03-09 06:03:00,0.99072,0.99082,0.99048,0.99048,24
2012-03-09 06:04:00,0.99076,0.99076,0.99062,0.99076,24
2012-03-09 06:05:00,0.99068,0.99074,0.99052,0.99074,29
2012-03-09 06:06:00,0.9908,0.9908,0.99072,0.99072,4
2012-03-09 06:07:00,0.9905,0.99078,0.9905,0.99078,13
2012-03-09 06:08:00,0.99044,0.99048,0.99044,0.99046,4
2012-03-09 06:09:00,0.9905,0.99052,0.99046,0.99046,4
2012-03-09 06:10:00,0.99092,0.99092,0.99052,0.99052,15
2012-03-09 06:11:00,0.99088,0.99094,0.9908,0.99094,9
2012-03-09 06:12:00,0.99066,0.99088,0.99064,0.99086,18
2012-03-09 06:13:00,0.99084,0.99086,0.99068,0.99068,16
2012-03-09 06:14:00,0.99088,0.99088,0.99074,0.99086,10
2012-03-09 06:15:00,0.99096,0.99096,0.99088,0.99092,5
2012-03-09 06:16:00,0.99112,0.99114,0.991,0.991,11
2012-03-09 06:17:00,0.99106,0.99114,0.99102,0.99108,10
2012-03-09 06:18:00,0.99112,0.99114,0.99108,0.99108,4
2012-03-09 06:19:00,0.99146,0.99148,0.99114,0.99114,18
2012-03-09 06:20:00,0.9915,0.9915,0.99142,0.99148,12
2012-03-09 06:21:00,0.99132,0.99148,0.99132,0.99148,11
2012-03-09 06:22:00,0.99134,0.99134,0.99126,0.99128,9
2012-03-09 06:23:00,0.99154,0.9916,0.99136,0.99136,17
2012-03-09 06:24:00,0.9916,0.99164,0.99154,0.99156,12
2012-03-09 06:25:00,0.99126,0.99156,0.99126,0.99156,32
2012-03-09 06:26:00,0.99102,0.99122,0.99086,0.99122,26
2012-03-09 06:27:00,0.99102,0.9912,0.99086,0.99106,36
2012-03-09 06:28:00,0.99108,0.9912,0.99106,0.99106,14
2012-03-09 06:29:00,0.99106,0.99106,0.99106,0.99106,1
2012-03-09 06:30:00,0.99108,0.99108,0.99108,0.99108,1
2012-03-09 06:31:00,0.99112,0.99114,0.99108,0.99112,5
2012-03-09 06:32:00,0.99108,0.99114,0.99108,0.99114,5
2012-03-09 06:34:00,0.99114,0.99114,0.99112,0.99112,4
2012-03-09 06:35:00,0.99122,0.99122,0.99116,0.99116,3
2012-03-09 06:36:00,0.9912,0.9913,0.9912,0.99126,7
2012-03-09 06:37:00,0.99112,0.99118,0.99112,0.99118,3
2012-03-09 06:38:00,0.991,0.99108,0.991,0.99108,8
2012-03-09 06:39:00,0.99084,0.99098,0.99078,0.99098,16
2012-03-09 06:40:00,0.99092,0.99092,0.99074,0.9908,13
2012-03-09 06:42:00,0.99086,0.99096,0.99084,0.99094,8
2012-03-09 06:43:00,0.99088,0.99088,0.99078,0.99084,7
2012-03-09 06:44:00,0.99086,0.991,0.99086,0.99092,9
2012-03-09 06:45:00,0.99094,0.99094,0.99088,0.99088,3
2012-03-09 06:46:00,0.99094,0.99096,0.99092,0.99092,4
2012-03-09 06:47:00,0.99096,0.99096,0.99092,0.99092,3
2012-03-09 06:48:00,0.99092,0.99096,0.99088,0.99094,8
2012-03-09 06:49:00,0.99078,0.99096,0.9907,0.99088,22
2012-03-09 06:50:00,0.99076,0.9909,0.99076,0.99082,13
2012-03-09 06:51:00,0.99064,0.99076,0.99062,0.99074,10
2012-03-09 06:52:00,0.99058,0.99062,0.9905,0.99062,9
2012-03-09 06:53:00,0.99062,0.99062,0.99062,0.99062,1
2012-03-09 06:54:00,0.99062,0.99062,0.99048,0.99058,22
2012-03-09 06:55:00,0.9905,0.99058,0.9905,0.99058,4
2012-03-09 06:56:00,0.99044,0.99048,0.9904,0.99048,10
2012-03-09 06:57:00,0.99042,0.99048,0.99036,0.99042,21
2012-03-09 06:58:00,0.99048,0.99048,0.99044,0.99044,2
2012-03-09 06:59:00,0.99042,0.99056,0.9904,0.9905,20
2012-03-09 07:00:00,0.99044,0.9905,0.99044,0.99044,5
2012-03-09 07:01:00,0.9903,0.99042,0.9903,0.99042,9
2012-03-09 07:02:00,0.9903,0.99032,0.9903,0.99032,6
2012-03-09 07:03:00,0.99028,0.99036,0.99022,0.99028,13
2012-03-09 07:04:00,0.9903,0.99032,0.99028,0.9903,5
2012-03-09 07:05:00,0.99028,0.99042,0.99028,0.99032,15
2012-03-09 07:07:00,0.98994,0.99024,0.98994,0.99024,16
2012-03-09 07:08:00,0.99008,0.99008,0.98996,0.98996,13
2012-03-09 07:09:00,0.99006,0.99014,0.99006,0.9901,9
2012-03-09 07:10:00,0.99008,0.99008,0.99008,0.99008,1
2012-03-09 07:11:00,0.99014,0.99014,0.9901,0.9901,2
2012-03-09 07:12:00,0.99,0.9901,0.99,0.9901,7
2012-03-09 07:13:00,0.99,0.99008,0.99,0.99002,6
2012-03-09 07:14:00,0.98982,0.98998,0.98982,0.98996,10
2012-03-09 07:15:00,0.9898,0.9898,0.9898,0.9898,1
2012-03-09 07:16:00,0.9899,0.98996,0.98982,0.98982,8
2012-03-09 07:17:00,0.98996,0.99002,0.98994,0.98994,6
2012-03-09 07:18:00,0.98996,0.98998,0.98996,0.98998,2
2012-03-09 07:19:00,0.99006,0.99008,0.98998,0.98998,5
2012-03-09 07:20:00,0.99016,0.99016,0.99002,0.99008,10
2012-03-09 07:21:00,0.99014,0.99016,0.99014,0.99014,3
2012-03-09 07:22:00,0.99016,0.99018,0.9901,0.9901,7
2012-03-09 07:23:00,0.99016,0.99018,0.99016,0.99018,2
2012-03-09 07:24:00,0.99024,0.99028,0.99018,0.99018,5
2012-03-09 07:25:00,0.99024,0.99036,0.99022,0.99028,12
2012-03-09 07:26:00,0.99028,0.99028,0.99028,0.99028,1
2012-03-09 07:27:00,0.9902,0.99024,0.99016,0.99024,9
2012-03-09 07:28:00,0.99014,0.99022,0.99014,0.99022,4
2012-03-09 07:29:00,0.99018,0.99018,0.99016,0.99016,2
2012-03-09 07:30:00,0.99014,0.99016,0.99002,0.99016,12
2012-03-09 07:31:00,0.99028,0.99032,0.99016,0.99016,9
2012-03-09 07:32:00,0.9903,0.9903,0.9902,0.99024,7
2012-03-09 07:35:00,0.99032,0.99032,0.99028,0.99028,3
2012-03-09 07:36:00,0.9903,0.9903,0.99028,0.9903,3
2012-03-09 07:37:00,0.99028,0.99028,0.99028,0.99028,1
2012-03-09 07:38:00,0.9903,0.9903,0.9903,0.9903,1
2012-03-09 07:39:00,0.99028,0.99032,0.99024,0.99032,5
2012-03-09 07:40:00,0.99034,0.99036,0.9903,0.9903,4
2012-03-09 07:41:00,0.99016,0.9903,0.99016,0.9903,8
2012-03-09 07:42:00,0.99008,0.99014,0.99008,0.99014,3
2012-03-09 07:43:00,0.99006,0.9901,0.99006,0.9901,5
2012-03-09 07:44:00,0.99,0.99002,0.99,0.99002,2
2012-03-09 07:45:00,0.99,0.99004,0.99,0.99002,4
2012-03-09 07:46:00,0.99002,0.99004,0.99,0.99002,5
2012-03-09 07:47:00,0.99,0.99,0.99,0.99,1
2012-03-09 07:48:00,0.99024,0.99024,0.99002,0.99002,11
2012-03-09 07:49:00,0.99018,0.99036,0.99016,0.99028,22
2012-03-09 07:50:00,0.9902,0.99032,0.9902,0.99022,12
2012-03-09 07:51:00,0.99022,0.99022,0.9902,0.99022,3
2012-03-09 07:52:00,0.9902,0.99024,0.9902,0.9902,5
2012-03-09 07:53:00,0.99016,0.99016,0.99016,0.99016,1
2012-03-09 07:54:00,0.99044,0.99048,0.99018,0.99018,14
2012-03-09 07:55:00,0.9903,0.99042,0.9903,0.99042,5
2012-03-09 07:56:00,0.99024,0.99028,0.99024,0.99028,2
2012-03-09 07:57:00,0.9902,0.99028,0.9902,0.99028,4
2012-03-09 07:58:00,0.99024,0.99024,0.99016,0.99016,4
2012-03-09 07:59:00,0.99044,0.99044,0.99028,0.99028,13
2012-03-09 08:00:00,0.99034,0.99052,0.99034,0.99048,18
2012-03-09 08:01:00,0.99048,0.99058,0.99036,0.99036,25
2012-03-09 08:02:00,0.99042,0.9905,0.99036,0.9905,16
2012-03-09 08:03:00,0.99042,0.99042,0.9904,0.9904,2
2012-03-09 08:04:00,0.99042,0.99042,0.9904,0.9904,6
2012-03-09 08:05:00,0.9905,0.99052,0.99042,0.99044,13
2012-03-09 08:06:00,0.99048,0.99052,0.99044,0.99048,9
2012-03-09 08:07:00,0.99072,0.99072,0.99044,0.99044,17
2012-03-09 08:08:00,0.99062,0.9907,0.99062,0.9907,12
2012-03-09 08:09:00,0.9905,0.99058,0.9905,0.99058,4
2012-03-09 08:10:00,0.99078,0.99078,0.9905,0.99052,12
2012-03-09 08:11:00,0.99062,0.99076,0.99062,0.99076,10
2012-03-09 08:12:00,0.9907,0.9907,0.99064,0.99064,5
2012-03-09 08:13:00,0.99074,0.99078,0.99064,0.99068,17
2012-03-09 08:14:00,0.99064,0.99084,0.99064,0.99076,13
2012-03-09 08:15:00,0.99026,0.99062,0.99024,0.99062,19
2012-03-09 08:16:00,0.99034,0.9904,0.99026,0.99028,15
2012-03-09 08:17:00,0.99026,0.99032,0.99026,0.99032,9
2012-03-09 08:18:00,0.99012,0.99032,0.99012,0.99028,9
2012-03-09 08:19:00,0.99013,0.99014,0.9901,0.99014,7
2012-03-09 08:20:00,0.99018,0.99021,0.99015,0.99015,6
2012-03-09 08:21:00,0.99007,0.99018,0.99007,0.99016,14
2012-03-09 08:22:00,0.98987,0.9901,0.98985,0.9901,11
2012-03-09 08:23:00,0.98976,0.98987,0.98976,0.98985,12
2012-03-09 08:24:00,0.98979,0.98987,0.98976,0.98979,15
2012-03-09 08:25:00,0.98976,0.98987,0.98968,0.98981,13
2012-03-09 08:26:00,0.98967,0.98973,0.98965,0.98973,5
2012-03-09 08:27:00,0.98967,0.98967,0.98959,0.98965,10
2012-03-09 08:28:00,0.98998,0.98998,0.98959,0.98965,21
2012-03-09 08:29:00,0.98999,0.99007,0.98999,0.99001,8
2012-03-09 08:30:00,0.98993,0.98996,0.98988,0.98996,6
2012-03-09 08:31:00,0.98999,0.99007,0.98985,0.9899,16
2012-03-09 08:33:00,0.99004,0.99004,0.98996,0.98996,4
2012-03-09 08:34:00,0.99024,0.99024,0.99007,0.99007,9
2012-03-09 08:35:00,0.9901,0.99024,0.99007,0.99022,21
2012-03-09 08:36:00,0.99007,0.99015,0.99007,0.99007,9
2012-03-09 08:37:00,0.98996,0.99005,0.98988,0.99005,18
2012-03-09 08:38:00,0.9899,0.98996,0.98985,0.98993,12
2012-03-09 08:39:00,0.98985,0.99004,0.98985,0.98993,12
2012-03-09 08:40:00,0.98988,0.98993,0.98982,0.98982,11
2012-03-09 08:41:00,0.98985,0.98993,0.98985,0.9899,11
2012-03-09 08:42:00,0.99013,0.99015,0.98987,0.98987,20
2012-03-09 08:43:00,0.9901,0.99013,0.99002,0.9901,9
2012-03-09 08:44:00,0.99018,0.99018,0.99002,0.99013,13
2012-03-09 08:45:00,0.99035,0.99035,0.99021,0.99021,10
2012-03-09 08:46:00,0.99035,0.99041,0.99024,0.99038,14
2012-03-09 08:47:00,0.9903,0.99035,0.99027,0.99033,10
2012-03-09 08:48:00,0.99061,0.99061,0.99027,0.99027,19
2012-03-09 08:49:00,0.99033,0.99058,0.99033,0.99058,16
2012-03-09 08:50:00,0.99041,0.99047,0.99035,0.99035,9
2012-03-09 08:51:00,0.99053,0.99055,0.99044,0.99044,6
2012-03-09 08:52:00,0.99033,0.9905,0.99033,0.9905,13
2012-03-09 08:53:00,0.9903,0.9903,0.99024,0.9903,7
2012-03-09 08:54:00,0.99033,0.99035,0.99024,0.99027,9
2012-03-09 08:55:00,0.99041,0.99041,0.99033,0.99035,5
2012-03-09 08:56:00,0.99073,0.99078,0.99039,0.99039,21
2012-03-09 08:57:00,0.9907,0.99098,0.9907,0.99075,19
2012-03-09 08:58:00,0.99069,0.99069,0.99061,0.99067,6
2012-03-09 08:59:00,0.99067,0.99072,0.99064,0.99072,7
2012-03-09 09:00:00,0.99089,0.99089,0.99069,0.99069,8
2012-03-09 09:01:00,0.99089,0.99095,0.99087,0.99092,12
2012-03-09 09:02:00,0.99089,0.99089,0.99087,0.99087,8
2012-03-09 09:03:00,0.99104,0.99112,0.99087,0.99087,15
2012-03-09 09:04:00,0.99104,0.99112,0.99104,0.99106,12
2012-03-09 09:05:00,0.99107,0.99109,0.99104,0.99106,9
2012-03-09 09:06:00,0.99103,0.99109,0.99101,0.99109,5
2012-03-09 09:07:00,0.99087,0.99101,0.99087,0.99101,6
2012-03-09 09:08:00,0.99087,0.99089,0.99084,0.99084,4
2012-03-09 09:09:00,0.99089,0.99089,0.99078,0.99084,13
2012-03-09 09:10:00,0.99089,0.99092,0.99084,0.99092,6
2012-03-09 09:11:00,0.99095,0.99098,0.99092,0.99092,4
2012-03-09 09:12:00,0.99095,0.99095,0.99084,0.99092,16
2012-03-09 09:13:00,0.99109,0.99109,0.99098,0.99098,5
2012-03-09 09:14:00,0.99123,0.99123,0.99104,0.99107,9
2012-03-09 09:15:00,0.99132,0.99137,0.99126,0.99126,7
2012-03-09 09:16:00,0.99138,0.9914,0.99127,0.99129,12
2012-03-09 09:17:00,0.99135,0.99137,0.99132,0.99135,7
2012-03-09 09:18:00,0.99137,0.9914,0.99135,0.99137,11
2012-03-09 09:19:00,0.9912,0.99135,0.99118,0.99135,10
2012-03-09 09:20:00,0.9912,0.99129,0.99112,0.99123,18
2012-03-09 09:21:00,0.99112,0.99132,0.9911,0.99123,13
2012-03-09 09:22:00,0.99112,0.99123,0.99104,0.9911,24
2012-03-09 09:23:00,0.9911,0.99112,0.99107,0.9911,11
2012-03-09 09:24:00,0.99112,0.99112,0.99107,0.99107,5
2012-03-09 09:25:00,0.99112,0.99112,0.9911,0.9911,4
2012-03-09 09:26:00,0.99129,0.99129,0.99115,0.99115,10
2012-03-09 09:27:00,0.99127,0.99132,0.99124,0.99132,15
2012-03-09 09:28:00,0.99127,0.99129,0.99127,0.99129,4
2012-03-09 09:29:00,0.99124,0.99129,0.99124,0.99129,15
2012-03-09 09:30:00,0.99141,0.99143,0.99126,0.99126,16
2012-03-09 09:31:00,0.99141,0.99143,0.99135,0.99138,6
2012-03-09 09:32:00,0.99143,0.99143,0.99143,0.99143,1
2012-03-09 09:33:00,0.99143,0.99143,0.99138,0.99141,8
2012-03-09 09:34:00,0.99163,0.99163,0.99146,0.99146,9
2012-03-09 09:35:00,0.99158,0.99163,0.99155,0.99161,16
2012-03-09 09:36:00,0.9916,0.99163,0.99152,0.9916,13
2012-03-09 09:37:00,0.99152,0.99158,0.99149,0.99158,9
2012-03-09 09:38:00,0.99169,0.99172,0.99152,0.99154,18
2012-03-09 09:39:00,0.99163,0.99174,0.99163,0.99172,10
2012-03-09 09:40:00,0.99166,0.99174,0.99161,0.99166,17
2012-03-09 09:41:00,0.99161,0.99169,0.99161,0.99169,10
2012-03-09 09:42:00,0.99158,0.99169,0.99158,0.99163,7
2012-03-09 09:43:00,0.99154,0.9916,0.99144,0.99155,19
2012-03-09 09:44:00,0.99115,0.99152,0.99104,0.99152,84
2012-03-09 09:45:00,0.99121,0.99135,0.99118,0.99118,18
2012-03-09 09:46:00,0.99121,0.99135,0.99115,0.99123,22
2012-03-09 09:47:00,0.99146,0.99146,0.99123,0.99123,15
2012-03-09 09:48:00,0.99152,0.99163,0.99141,0.99144,16
2012-03-09 09:49:00,0.99155,0.99163,0.99154,0.99154,11
2012-03-09 09:50:00,0.99174,0.99174,0.99152,0.99157,17
2012-03-09 09:51:00,0.99166,0.99172,0.99161,0.99172,11
2012-03-09 09:52:00,0.9916,0.99163,0.99152,0.99163,16
2012-03-09 09:53:00,0.99163,0.99163,0.99158,0.99158,3
2012-03-09 09:54:00,0.99152,0.99161,0.99152,0.99161,12
2012-03-09 09:55:00,0.99163,0.99163,0.99154,0.99154,10
2012-03-09 09:56:00,0.99166,0.99172,0.99163,0.99166,7
2012-03-09 09:57:00,0.99163,0.99174,0.99161,0.99163,13
2012-03-09 09:58:00,0.99166,0.99169,0.99166,0.99166,3
2012-03-09 09:59:00,0.99161,0.99163,0.99161,0.99163,6
2012-03-09 10:00:00,0.99155,0.9916,0.99155,0.99158,8
2012-03-09 10:01:00,0.99144,0.99152,0.99144,0.99152,10
2012-03-09 10:02:00,0.99154,0.99154,0.99144,0.99146,8
2012-03-09 10:03:00,0.99157,0.99157,0.99144,0.99152,13
2012-03-09 10:04:00,0.99157,0.9916,0.99152,0.9916,12
2012-03-09 10:05:00,0.99146,0.9916,0.99144,0.9916,18
2012-03-09 10:06:00,0.99152,0.99154,0.99144,0.99144,8
2012-03-09 10:07:00,0.99175,0.9918,0.99154,0.99154,20
2012-03-09 10:08:00,0.99178,0.9918,0.99177,0.99177,3
2012-03-09 10:09:00,0.9918,0.9918,0.9918,0.9918,1
2012-03-09 10:10:00,0.992,0.992,0.99183,0.99183,13
2012-03-09 10:11:00,0.99195,0.99197,0.99195,0.99197,6
2012-03-09 10:12:00,0.99203,0.99203,0.99197,0.99197,7
2012-03-09 10:13:00,0.992,0.992,0.99192,0.992,15
2012-03-09 10:14:00,0.992,0.992,0.99195,0.99197,6
2012-03-09 10:15:00,0.99194,0.99197,0.99192,0.99197,6
2012-03-09 10:16:00,0.99175,0.99192,0.99175,0.99192,13
2012-03-09 10:17:00,0.99174,0.99174,0.99169,0.99172,10
2012-03-09 10:18:00,0.99175,0.9918,0.99166,0.99172,12
2012-03-09 10:19:00,0.99174,0.99177,0.99172,0.99177,4
2012-03-09 10:20:00,0.9918,0.9918,0.99166,0.99172,10
2012-03-09 10:21:00,0.99194,0.99194,0.99183,0.99183,11
2012-03-09 10:22:00,0.99192,0.992,0.99192,0.99197,11
2012-03-09 10:25:00,0.99194,0.99194,0.99189,0.99189,3
2012-03-09 10:26:00,0.99175,0.99192,0.99175,0.99192,29
2012-03-09 10:27:00,0.99163,0.99172,0.99158,0.99172,18
2012-03-09 10:28:00,0.99166,0.99172,0.99166,0.99166,7
2012-03-09 10:29:00,0.99163,0.99163,0.99163,0.99163,1
2012-03-09 10:30:00,0.99169,0.99169,0.99163,0.99166,4
2012-03-09 10:31:00,0.99174,0.99174,0.99166,0.99166,6
2012-03-09 10:32:00,0.99166,0.99174,0.99166,0.99172,5
2012-03-09 10:33:00,0.99166,0.99172,0.99166,0.99169,14
2012-03-09 10:34:00,0.99166,0.99169,0.99158,0.99163,14
2012-03-09 10:35:00,0.99169,0.99174,0.99163,0.99163,9
2012-03-09 10:36:00,0.99172,0.99172,0.99161,0.99166,9
2012-03-09 10:37:00,0.99186,0.99186,0.99174,0.99174,7
2012-03-09 10:39:00,0.99172,0.99183,0.99169,0.99183,11
2012-03-09 10:40:00,0.99161,0.99174,0.99158,0.99169,14
2012-03-09 10:41:00,0.99155,0.99158,0.99155,0.99158,2
2012-03-09 10:42:00,0.99157,0.99157,0.99152,0.99152,3
2012-03-09 10:43:00,0.99166,0.99166,0.9916,0.9916,3
2012-03-09 10:44:00,0.99161,0.99169,0.99161,0.99169,6
2012-03-09 10:45:00,0.99166,0.99169,0.99163,0.99163,8
2012-03-09 10:46:00,0.99169,0.99172,0.99169,0.99169,5
2012-03-09 10:47:00,0.9918,0.99183,0.99172,0.99172,6
2012-03-09 10:48:00,0.9918,0.99183,0.9918,0.99183,2
2012-03-09 10:49:00,0.99175,0.99183,0.99175,0.99183,4
2012-03-09 10:50:00,0.99169,0.99174,0.99163,0.99172,10
2012-03-09 10:51:00,0.9918,0.9918,0.99172,0.99172,4
2012-03-09 10:52:00,0.99189,0.99191,0.99183,0.99183,5
2012-03-09 10:53:00,0.992,0.992,0.99186,0.99186,12
2012-03-09 10:54:00,0.99197,0.99203,0.99195,0.99203,5
2012-03-09 10:55:00,0.992,0.992,0.99195,0.99195,9
2012-03-09 10:56:00,0.99197,0.99197,0.99197,0.99197,1
2012-03-09 10:57:00,0.99197,0.99197,0.99192,0.99195,10
2012-03-09 10:59:00,0.992,0.99203,0.992,0.992,3
2012-03-09 11:00:00,0.992,0.992,0.99197,0.99197,2
2012-03-09 11:01:00,0.992,0.992,0.99192,0.99197,6
2012-03-09 11:02:00,0.99203,0.99203,0.99203,0.99203,1
2012-03-09 11:03:00,0.99211,0.99211,0.99206,0.99206,9
2012-03-09 11:04:00,0.99208,0.99209,0.99203,0.99209,7
2012-03-09 11:05:00,0.99186,0.99206,0.99183,0.99206,18
2012-03-09 11:06:00,0.99194,0.99194,0.99189,0.99189,7
2012-03-09 11:07:00,0.99186,0.99192,0.99183,0.99192,9
2012-03-09 11:08:00,0.99191,0.99191,0.99189,0.99189,2
2012-03-09 11:09:00,0.992,0.99208,0.99194,0.99194,9
2012-03-09 11:10:00,0.99214,0.9922,0.99203,0.99203,11
2012-03-09 11:12:00,0.99225,0.99225,0.99217,0.99217,6
2012-03-09 11:13:00,0.99217,0.99228,0.99217,0.99228,5
2012-03-09 11:14:00,0.99214,0.99214,0.99214,0.99214,1
2012-03-09 11:16:00,0.9922,0.9922,0.99212,0.99212,4
2012-03-09 11:17:00,0.99212,0.99217,0.99212,0.99217,7
2012-03-09 11:18:00,0.99211,0.99211,0.99209,0.99209,2
2012-03-09 11:19:00,0.99206,0.99209,0.99203,0.99209,6
2012-03-09 11:20:00,0.99195,0.99203,0.99192,0.99203,10
2012-03-09 11:21:00,0.99195,0.99203,0.99195,0.99197,6
2012-03-09 11:22:00,0.99216,0.99218,0.99197,0.99197,13
2012-03-09 11:23:00,0.99199,0.99213,0.99199,0.99213,8
2012-03-09 11:24:00,0.99196,0.99207,0.99196,0.99201,9
2012-03-09 11:25:00,0.9919,0.99207,0.9919,0.99198,10
2012-03-09 11:26:00,0.99196,0.99198,0.99193,0.99193,8
2012-03-09 11:27:00,0.99193,0.99193,0.99193,0.99193,1
2012-03-09 11:28:00,0.99188,0.9919,0.99188,0.9919,2
2012-03-09 11:29:00,0.99196,0.99196,0.9919,0.9919,3
2012-03-09 11:30:00,0.99185,0.99193,0.99185,0.99193,4
2012-03-09 11:31:00,0.99184,0.99187,0.99182,0.99182,8
2012-03-09 11:32:00,0.99176,0.99182,0.99176,0.99182,3
2012-03-09 11:33:00,0.99187,0.99187,0.99179,0.99179,6
2012-03-09 11:34:00,0.99196,0.99196,0.99182,0.99185,9
2012-03-09 11:35:00,0.99215,0.99215,0.99193,0.99198,15
2012-03-09 11:36:00,0.99215,0.99215,0.99207,0.99213,12
2012-03-09 11:37:00,0.99216,0.99224,0.99213,0.99218,14
2012-03-09 11:38:00,0.9921,0.99213,0.9921,0.99213,2
2012-03-09 11:39:00,0.99215,0.99215,0.9921,0.99213,4
2012-03-09 11:40:00,0.99224,0.99224,0.99216,0.99218,9
2012-03-09 11:41:00,0.99233,0.99233,0.99227,0.99227,3
2012-03-09 11:42:00,0.9923,0.99235,0.9923,0.99235,3
2012-03-09 11:43:00,0.99233,0.99235,0.99227,0.99233,9
2012-03-09 11:44:00,0.99233,0.99233,0.9923,0.9923,2
2012-03-09 11:45:00,0.99247,0.99255,0.99235,0.99235,13
2012-03-09 11:46:00,0.99253,0.99255,0.9925,0.9925,8
2012-03-09 11:47:00,0.99252,0.99255,0.9925,0.99255,14
2012-03-09 11:48:00,0.99261,0.99261,0.99253,0.99255,9
2012-03-09 11:49:00,0.99261,0.99267,0.99256,0.99264,12
2012-03-09 11:50:00,0.99264,0.99267,0.99261,0.99264,7
2012-03-09 11:51:00,0.99264,0.99269,0.99264,0.99267,4
2012-03-09 11:52:00,0.99278,0.99278,0.99267,0.99267,5
2012-03-09 11:53:00,0.99278,0.99281,0.99273,0.99281,6
2012-03-09 11:54:00,0.99269,0.99275,0.99261,0.99275,13
2012-03-09 11:55:00,0.99272,0.99275,0.99267,0.99267,23
2012-03-09 11:56:00,0.99278,0.99278,0.99261,0.9927,28
2012-03-09 11:57:00,0.99276,0.99284,0.9927,0.99275,27
2012-03-09 11:58:00,0.99278,0.9928,0.99268,0.99274,35
2012-03-09 11:59:00,0.99262,0.99276,0.99238,0.99276,55
2012-03-09 12:00:00,0.99162,0.99359,0.99135,0.99266,129
2012-03-09 12:01:00,0.99178,0.99183,0.99157,0.99157,21
2012-03-09 12:02:00,0.99183,0.99191,0.99179,0.99183,16
2012-03-09 12:03:00,0.99222,0.99224,0.99179,0.99187,23
2012-03-09 12:04:00,0.99219,0.99225,0.99213,0.99225,17
2012-03-09 12:05:00,0.99234,0.99237,0.99222,0.99222,7
2012-03-09 12:06:00,0.99216,0.99252,0.99216,0.99231,26
2012-03-09 12:07:00,0.99235,0.99243,0.99201,0.99213,34
2012-03-09 12:08:00,0.9923,0.99238,0.99225,0.99237,28
2012-03-09 12:09:00,0.99238,0.99238,0.99223,0.99228,14
2012-03-09 12:10:00,0.99239,0.99243,0.99236,0.99236,8
2012-03-09 12:11:00,0.9922,0.99238,0.9922,0.99237,20
2012-03-09 12:12:00,0.99214,0.99219,0.99206,0.99218,24
2012-03-09 12:13:00,0.99214,0.99216,0.99208,0.99212,14
2012-03-09 12:14:00,0.99215,0.99219,0.99206,0.99212,12
2012-03-09 12:15:00,0.99195,0.99213,0.99193,0.99213,10
2012-03-09 12:16:00,0.99202,0.99202,0.99193,0.99193,11
2012-03-09 12:17:00,0.99179,0.99209,0.99179,0.99204,18
2012-03-09 12:18:00,0.99176,0.99187,0.99176,0.99181,21
2012-03-09 12:19:00,0.99178,0.99185,0.99174,0.99178,13
2012-03-09 12:20:00,0.9918,0.9918,0.99172,0.99176,9
2012-03-09 12:21:00,0.99176,0.99178,0.99172,0.99178,6
2012-03-09 12:22:00,0.9918,0.9918,0.99174,0.99178,10
2012-03-09 12:23:00,0.99199,0.99199,0.99182,0.99182,8
2012-03-09 12:24:00,0.99172,0.99197,0.99172,0.99197,24
2012-03-09 12:25:00,0.9916,0.9917,0.99152,0.9917,16
2012-03-09 12:26:00,0.99158,0.99158,0.99152,0.99158,7
2012-03-09 12:27:00,0.9917,0.9917,0.99146,0.99156,14
2012-03-09 12:28:00,0.99184,0.99186,0.99172,0.99172,9
2012-03-09 12:29:00,0.99192,0.99192,0.9918,0.9918,5
2012-03-09 12:30:00,0.99174,0.9919,0.99172,0.9919,8
2012-03-09 12:31:00,0.9918,0.9918,0.9917,0.99172,8
2012-03-09 12:32:00,0.9918,0.9918,0.99172,0.99178,10
2012-03-09 12:33:00,0.9917,0.99178,0.9917,0.99178,6
2012-03-09 12:35:00,0.99158,0.99166,0.99158,0.99166,4
2012-03-09 12:36:00,0.9917,0.9917,0.99156,0.99156,6
2012-03-09 12:37:00,0.9917,0.99174,0.9917,0.99172,4
2012-03-09 12:38:00,0.9918,0.9918,0.9917,0.99172,8
2012-03-09 12:39:00,0.9919,0.99192,0.99184,0.99184,5
2012-03-09 12:40:00,0.99204,0.99204,0.99192,0.99192,7
2012-03-09 12:41:00,0.99218,0.9922,0.99206,0.99206,13
2012-03-09 12:42:00,0.9922,0.9922,0.99212,0.99214,5
2012-03-09 12:43:00,0.99228,0.99228,0.9921,0.99218,11
2012-03-09 12:44:00,0.99218,0.99238,0.99218,0.99232,10
2012-03-09 12:45:00,0.99228,0.99228,0.9922,0.9922,4
2012-03-09 12:46:00,0.99242,0.99242,0.99232,0.99232,5
2012-03-09 12:47:00,0.9923,0.99242,0.9923,0.9924,9
2012-03-09 12:48:00,0.99212,0.99226,0.99212,0.99226,8
2012-03-09 12:49:00,0.9921,0.99218,0.99206,0.9921,19
2012-03-09 12:50:00,0.99218,0.99218,0.99204,0.99206,9
2012-03-09 12:51:00,0.99214,0.99218,0.9921,0.99214,7
2012-03-09 12:52:00,0.99206,0.99212,0.99204,0.99212,7
2012-03-09 12:53:00,0.9922,0.99226,0.99208,0.99208,15
2012-03-09 12:54:00,0.9922,0.9922,0.9921,0.99218,20
2012-03-09 12:55:00,0.99236,0.99238,0.99224,0.99224,17
2012-03-09 12:56:00,0.99236,0.99242,0.9923,0.99238,10
2012-03-09 12:57:00,0.9925,0.9925,0.99238,0.99238,5
2012-03-09 12:58:00,0.9924,0.99248,0.9924,0.99248,6
2012-03-09 12:59:00,0.99262,0.99262,0.99236,0.99236,14
2012-03-09 13:00:00,0.99248,0.9927,0.99246,0.99258,22
2012-03-09 13:01:00,0.9922,0.99248,0.9922,0.99246,26
2012-03-09 13:02:00,0.99218,0.99218,0.992,0.99218,21
2012-03-09 13:03:00,0.99246,0.99246,0.99218,0.9922,22
2012-03-09 13:04:00,0.99258,0.9926,0.99234,0.99248,26
2012-03-09 13:05:00,0.9926,0.9926,0.9925,0.99254,21
2012-03-09 13:06:00,0.99258,0.9926,0.99258,0.99258,3
2012-03-09 13:07:00,0.9925,0.9926,0.99246,0.99254,21
2012-03-09 13:08:00,0.99234,0.99248,0.99234,0.99246,17
2012-03-09 13:09:00,0.99224,0.99238,0.99224,0.99238,10
2012-03-09 13:10:00,0.99242,0.99242,0.99224,0.99226,15
2012-03-09 13:11:00,0.99242,0.99242,0.9924,0.9924,2
2012-03-09 13:12:00,0.99234,0.99246,0.9923,0.99246,15
2012-03-09 13:13:00,0.99234,0.99234,0.99226,0.99232,12
2012-03-09 13:14:00,0.9924,0.9924,0.99232,0.99232,18
2012-03-09 13:15:00,0.99232,0.9924,0.99226,0.99238,19
2012-03-09 13:16:00,0.99224,0.9924,0.99224,0.99234,9
2012-03-09 13:17:00,0.99218,0.9922,0.99218,0.9922,2
2012-03-09 13:18:00,0.99224,0.99226,0.9922,0.9922,4
2012-03-09 13:19:00,0.9922,0.99224,0.99214,0.9922,9
2012-03-09 13:20:00,0.99172,0.99218,0.99172,0.99218,31
2012-03-09 13:21:00,0.9917,0.99178,0.99162,0.9917,21
2012-03-09 13:22:00,0.99172,0.99178,0.9917,0.99172,9
2012-03-09 13:23:00,0.99172,0.9918,0.99172,0.99174,12
2012-03-09 13:25:00,0.9913,0.9917,0.99128,0.9917,32
2012-03-09 13:26:00,0.9915,0.9915,0.99134,0.99134,15
2012-03-09 13:27:00,0.99168,0.99168,0.99146,0.99148,12
2012-03-09 13:28:00,0.99142,0.99166,0.99142,0.99166,9
2012-03-09 13:29:00,0.9913,0.99146,0.99127,0.99143,15
2012-03-09 13:30:00,0.99002,0.99124,0.98997,0.99124,172
2012-03-09 13:31:00,0.99058,0.99058,0.98973,0.99004,126
2012-03-09 13:32:00,0.99129,0.99132,0.99061,0.99061,89
2012-03-09 13:33:00,0.99074,0.99152,0.99063,0.99127,77
2012-03-09 13:34:00,0.98978,0.99079,0.98978,0.99071,79
2012-03-09 13:35:00,0.98982,0.9902,0.9897,0.98976,58
2012-03-09 13:36:00,0.98956,0.99004,0.98942,0.98984,98
2012-03-09 13:37:00,0.98906,0.98954,0.98894,0.98954,101
2012-03-09 13:38:00,0.98886,0.98934,0.98886,0.98902,61
2012-03-09 13:39:00,0.98802,0.98906,0.98796,0.98884,93
2012-03-09 13:40:00,0.9885,0.98866,0.98796,0.98804,68
2012-03-09 13:41:00,0.98874,0.9888,0.98844,0.98852,45
2012-03-09 13:42:00,0.98912,0.98918,0.98866,0.98876,90
2012-03-09 13:43:00,0.98936,0.98964,0.98908,0.9891,78
2012-03-09 13:44:00,0.98898,0.98944,0.98892,0.98938,54
2012-03-09 13:45:00,0.98918,0.98924,0.9889,0.98896,61
2012-03-09 13:46:00,0.98964,0.98964,0.98908,0.98916,56
2012-03-09 13:47:00,0.98956,0.98972,0.98952,0.98962,61
2012-03-09 13:48:00,0.98936,0.98952,0.98918,0.98952,44
2012-03-09 13:49:00,0.98968,0.98974,0.98928,0.9894,68
2012-03-09 13:50:00,0.98962,0.98976,0.98956,0.9897,62
2012-03-09 13:51:00,0.98987,0.9899,0.98956,0.98964,59
2012-03-09 13:52:00,0.99004,0.99012,0.9899,0.9899,57
2012-03-09 13:53:00,0.9897,0.99001,0.98967,0.99001,34
2012-03-09 13:54:00,0.98956,0.98984,0.98956,0.98973,43
2012-03-09 13:55:00,0.98961,0.98961,0.98945,0.98953,30
2012-03-09 13:56:00,0.98936,0.98967,0.98933,0.98964,21
2012-03-09 13:57:00,0.98905,0.98944,0.98905,0.98939,39
2012-03-09 13:58:00,0.98882,0.98905,0.98877,0.98902,38
2012-03-09 13:59:00,0.98905,0.98905,0.98885,0.98885,32
2012-03-09 14:00:00,0.98927,0.98927,0.98896,0.98907,30
2012-03-09 14:01:00,0.98877,0.98925,0.98868,0.98925,54
2012-03-09 14:02:00,0.98893,0.98893,0.98865,0.98874,24
2012-03-09 14:03:00,0.9889,0.98899,0.98871,0.98896,35
2012-03-09 14:04:00,0.98961,0.98961,0.98888,0.98888,47
2012-03-09 14:05:00,0.98973,0.98978,0.98956,0.98964,28
2012-03-09 14:06:00,0.98933,0.98978,0.98933,0.98975,42
2012-03-09 14:07:00,0.98916,0.98944,0.98913,0.98936,26
2012-03-09 14:08:00,0.9891,0.98922,0.98908,0.98919,32
2012-03-09 14:09:00,0.98845,0.98916,0.98845,0.98908,53
2012-03-09 14:10:00,0.98836,0.98843,0.98806,0.98843,57
2012-03-09 14:11:00,0.98865,0.98876,0.98839,0.98839,32
2012-03-09 14:12:00,0.98896,0.98899,0.9886,0.98862,35
2012-03-09 14:13:00,0.98905,0.98913,0.98888,0.98894,47
2012-03-09 14:14:00,0.9891,0.9891,0.98899,0.98907,18
2012-03-09 14:15:00,0.98924,0.98924,0.98894,0.98908,27
2012-03-09 14:16:00,0.98928,0.98933,0.98919,0.98927,23
2012-03-09 14:17:00,0.98913,0.98925,0.98905,0.98925,27
2012-03-09 14:18:00,0.98916,0.98924,0.98908,0.98911,23
2012-03-09 14:19:00,0.98922,0.98933,0.98911,0.98913,26
2012-03-09 14:20:00,0.98885,0.98919,0.98885,0.98919,39
2012-03-09 14:21:00,0.98856,0.9889,0.98843,0.98888,36
2012-03-09 14:22:00,0.98836,0.98879,0.98834,0.98859,37
2012-03-09 14:23:00,0.98862,0.98862,0.98834,0.98834,17
2012-03-09 14:24:00,0.98831,0.98865,0.98831,0.98865,25
2012-03-09 14:25:00,0.98819,0.98839,0.98814,0.98828,16
2012-03-09 14:26:00,0.98814,0.98828,0.98811,0.98822,12
2012-03-09 14:27:00,0.98831,0.98831,0.98814,0.98817,12
2012-03-09 14:28:00,0.98848,0.98853,0.98834,0.98834,18
2012-03-09 14:29:00,0.98876,0.98876,0.98851,0.98851,28
2012-03-09 14:30:00,0.98857,0.98879,0.98848,0.98879,25
2012-03-09 14:31:00,0.98888,0.9889,0.98859,0.98859,19
2012-03-09 14:32:00,0.98919,0.98924,0.98888,0.9889,27
2012-03-09 14:33:00,0.98916,0.98919,0.98905,0.98916,17
2012-03-09 14:34:00,0.98924,0.98924,0.98908,0.98913,21
2012-03-09 14:35:00,0.98987,0.98987,0.98922,0.98922,52
2012-03-09 14:36:00,0.98981,0.98987,0.98956,0.98984,58
2012-03-09 14:37:00,0.98953,0.98979,0.98953,0.98979,32
2012-03-09 14:38:00,0.98944,0.98953,0.98942,0.9895,31
2012-03-09 14:39:00,0.98933,0.98953,0.98916,0.98947,36
2012-03-09 14:40:00,0.98959,0.98967,0.98936,0.98936,23
2012-03-09 14:41:00,0.98961,0.98961,0.98942,0.98956,43
2012-03-09 14:42:00,0.9895,0.9897,0.98942,0.98964,26
2012-03-09 14:43:00,0.98961,0.98964,0.98945,0.98948,28
2012-03-09 14:44:00,0.98936,0.9897,0.98936,0.98964,49
2012-03-09 14:45:00,0.98939,0.9895,0.98939,0.98939,23
2012-03-09 14:46:00,0.98916,0.98944,0.98916,0.98941,28
2012-03-09 14:47:00,0.98896,0.98919,0.98894,0.98913,23
2012-03-09 14:48:00,0.98928,0.9893,0.98894,0.98899,33
2012-03-09 14:49:00,0.98944,0.98953,0.98925,0.9893,32
2012-03-09 14:50:00,0.98953,0.98958,0.98922,0.98947,43
2012-03-09 14:51:00,0.98942,0.98958,0.98942,0.98956,28
2012-03-09 14:52:00,0.98956,0.98956,0.98944,0.98944,15
2012-03-09 14:53:00,0.98956,0.98961,0.98942,0.98958,36
2012-03-09 14:54:00,0.98976,0.98978,0.98956,0.98958,21
2012-03-09 14:55:00,0.98981,0.9899,0.9897,0.98978,36
2012-03-09 14:56:00,0.98992,0.99032,0.98973,0.98979,54
2012-03-09 14:57:00,0.99007,0.99012,0.98993,0.98995,25
2012-03-09 14:58:00,0.99013,0.99024,0.98999,0.99004,30
2012-03-09 14:59:00,0.99007,0.99038,0.99007,0.9901,42
2012-03-09 15:00:00,0.98967,0.99015,0.98967,0.9901,84
2012-03-09 15:01:00,0.98995,0.98995,0.98962,0.98965,36
2012-03-09 15:02:00,0.98959,0.98998,0.98956,0.98998,43
2012-03-09 15:03:00,0.98928,0.98956,0.98928,0.98956,39
2012-03-09 15:04:00,0.98956,0.98958,0.98916,0.98925,38
2012-03-09 15:05:00,0.98936,0.98964,0.98936,0.98958,43
2012-03-09 15:06:00,0.98934,0.98953,0.98932,0.98939,32
2012-03-09 15:07:00,0.98943,0.98951,0.98929,0.98932,31
2012-03-09 15:08:00,0.98938,0.9896,0.98932,0.9894,46
2012-03-09 15:09:00,0.98918,0.98943,0.98918,0.9894,25
2012-03-09 15:10:00,0.98966,0.98966,0.98915,0.98915,39
2012-03-09 15:11:00,0.98956,0.98963,0.98952,0.98963,23
2012-03-09 15:12:00,0.98945,0.98961,0.98933,0.98953,42
2012-03-09 15:13:00,0.99007,0.99012,0.98947,0.98947,38
2012-03-09 15:14:00,0.99004,0.99015,0.98987,0.99004,31
2012-03-09 15:15:00,0.98984,0.99012,0.98984,0.99007,46
2012-03-09 15:16:00,0.98975,0.98982,0.98959,0.98982,37
2012-03-09 15:17:00,0.98953,0.98973,0.98953,0.98973,16
2012-03-09 15:18:00,0.98933,0.9895,0.98925,0.9895,27
2012-03-09 15:19:00,0.98891,0.98944,0.98891,0.9893,45
2012-03-09 15:20:00,0.98878,0.98896,0.98878,0.98893,22
2012-03-09 15:21:00,0.98887,0.98895,0.9888,0.9888,23
2012-03-09 15:22:00,0.98864,0.98889,0.98864,0.98889,28
2012-03-09 15:23:00,0.98869,0.98869,0.98855,0.98861,34
2012-03-09 15:24:00,0.98869,0.98872,0.98861,0.98872,8
2012-03-09 15:25:00,0.98869,0.98872,0.98864,0.98872,22
2012-03-09 15:26:00,0.98886,0.98886,0.98858,0.98872,28
2012-03-09 15:27:00,0.98877,0.98895,0.98877,0.98884,35
2012-03-09 15:28:00,0.98885,0.9889,0.98865,0.98879,29
2012-03-09 15:29:00,0.98896,0.98922,0.98888,0.98888,34
2012-03-09 15:30:00,0.9886,0.98896,0.9886,0.98894,33
2012-03-09 15:31:00,0.98845,0.98865,0.98837,0.98862,29
2012-03-09 15:32:00,0.98831,0.98848,0.98831,0.98848,35
2012-03-09 15:33:00,0.98843,0.98845,0.98834,0.98834,18
2012-03-09 15:34:00,0.98823,0.98845,0.98823,0.98845,43
2012-03-09 15:35:00,0.98801,0.9882,0.98782,0.9882,47
2012-03-09 15:36:00,0.98807,0.98821,0.98799,0.98799,60
2012-03-09 15:37:00,0.98799,0.98818,0.98799,0.98809,33
2012-03-09 15:38:00,0.98761,0.98801,0.98739,0.98796,43
2012-03-09 15:39:00,0.98758,0.9877,0.98753,0.98759,27
2012-03-09 15:40:00,0.9875,0.98758,0.98739,0.98756,29
2012-03-09 15:41:00,0.98745,0.98747,0.98725,0.98747,40
2012-03-09 15:42:00,0.9879,0.9879,0.98747,0.98747,22
2012-03-09 15:43:00,0.98779,0.98801,0.98767,0.98792,44
2012-03-09 15:44:00,0.98799,0.98801,0.98776,0.98781,41
2012-03-09 15:45:00,0.98776,0.98801,0.98776,0.98796,26
2012-03-09 15:46:00,0.98818,0.98821,0.98776,0.98778,23
2012-03-09 15:47:00,0.98829,0.98832,0.98813,0.98821,20
2012-03-09 15:48:00,0.98861,0.98861,0.9883,0.98832,33
2012-03-09 15:49:00,0.98847,0.98863,0.98847,0.98863,21
2012-03-09 15:50:00,0.98841,0.98852,0.98838,0.98844,24
2012-03-09 15:51:00,0.98821,0.98841,0.98821,0.98838,17
2012-03-09 15:52:00,0.98838,0.98841,0.98818,0.98818,16
2012-03-09 15:53:00,0.98835,0.98841,0.98827,0.98835,17
2012-03-09 15:54:00,0.98838,0.98838,0.98827,0.98833,9
2012-03-09 15:55:00,0.98838,0.98849,0.98838,0.98841,24
2012-03-09 15:56:00,0.98793,0.98841,0.98793,0.98841,28
2012-03-09 15:57:00,0.98812,0.98818,0.98795,0.98795,35
2012-03-09 15:58:00,0.98818,0.98821,0.98796,0.9881,22
2012-03-09 15:59:00,0.98883,0.98889,0.98818,0.98821,59
2012-03-09 16:00:00,0.98867,0.98889,0.98855,0.98881,44
2012-03-09 16:01:00,0.9888,0.9888,0.98864,0.98869,13
2012-03-09 16:02:00,0.98898,0.98903,0.98883,0.98883,22
2012-03-09 16:03:00,0.9892,0.9892,0.98892,0.98895,32
2012-03-09 16:04:00,0.9892,0.98931,0.98909,0.98918,34
2012-03-09 16:05:00,0.98952,0.98957,0.98923,0.98923,53
2012-03-09 16:06:00,0.98938,0.98954,0.98938,0.98954,13
2012-03-09 16:07:00,0.98926,0.98935,0.98915,0.98935,32
2012-03-09 16:08:00,0.98934,0.98934,0.98929,0.98929,5
2012-03-09 16:09:00,0.98923,0.98932,0.98915,0.98932,16
2012-03-09 16:10:00,0.98929,0.98929,0.98909,0.98921,22
2012-03-09 16:11:00,0.98917,0.98926,0.98915,0.98926,10
2012-03-09 16:12:00,0.98929,0.98929,0.98918,0.9892,18
2012-03-09 16:13:00,0.9892,0.98931,0.98918,0.98931,11
2012-03-09 16:14:00,0.98918,0.98923,0.98918,0.98918,11
2012-03-09 16:15:00,0.98923,0.98923,0.98912,0.98915,18
2012-03-09 16:16:00,0.98954,0.98954,0.98926,0.98926,37
2012-03-09 16:17:00,0.98943,0.98952,0.98935,0.98952,24
2012-03-09 16:18:00,0.98931,0.9894,0.98923,0.9894,24
2012-03-09 16:19:00,0.98926,0.98931,0.98915,0.98929,18
2012-03-09 16:20:00,0.98931,0.98931,0.98923,0.98923,10
2012-03-09 16:21:00,0.98946,0.98946,0.98929,0.98929,13
2012-03-09 16:22:00,0.98946,0.9896,0.98938,0.98943,32
2012-03-09 16:23:00,0.98935,0.98963,0.98935,0.98949,28
2012-03-09 16:24:00,0.98946,0.98951,0.98937,0.98937,12
2012-03-09 16:25:00,0.98938,0.98951,0.98929,0.98949,29
2012-03-09 16:26:00,0.98957,0.98957,0.9894,0.9894,9
2012-03-09 16:27:00,0.98963,0.98963,0.9896,0.9896,4
2012-03-09 16:28:00,0.98977,0.98991,0.98966,0.98966,23
2012-03-09 16:29:00,0.98974,0.9898,0.98974,0.9898,3
2012-03-09 16:30:00,0.98963,0.98972,0.98957,0.98972,12
2012-03-09 16:31:00,0.98977,0.9898,0.98966,0.98966,7
2012-03-09 16:32:00,0.98974,0.98983,0.98974,0.9898,5
2012-03-09 16:33:00,0.98969,0.98977,0.98969,0.98977,20
2012-03-09 16:34:00,0.99008,0.99008,0.98971,0.98971,18
2012-03-09 16:35:00,0.99,0.99008,0.99,0.99006,7
2012-03-09 16:36:00,0.98997,0.99014,0.98997,0.99002,21
2012-03-09 16:37:00,0.98997,0.99002,0.98997,0.99,6
2012-03-09 16:38:00,0.99005,0.99008,0.99,0.99,9
2012-03-09 16:39:00,0.99002,0.99011,0.99,0.99008,11
2012-03-09 16:40:00,0.99009,0.99011,0.98997,0.99,12
2012-03-09 16:41:00,0.99023,0.99031,0.99006,0.99006,19
2012-03-09 16:42:00,0.99006,0.99028,0.99006,0.99025,18
2012-03-09 16:43:00,0.99006,0.99014,0.99006,0.99008,16
2012-03-09 16:44:00,0.99009,0.99011,0.99006,0.99008,15
2012-03-09 16:45:00,0.99006,0.99011,0.98997,0.99006,17
2012-03-09 16:46:00,0.98997,0.99005,0.98991,0.99003,17
2012-03-09 16:47:00,0.99002,0.99002,0.98986,0.98994,20
2012-03-09 16:48:00,0.99006,0.99011,0.98994,0.99,17
2012-03-09 16:49:00,0.98988,0.99003,0.98986,0.99003,10
2012-03-09 16:50:00,0.98966,0.98994,0.98966,0.98986,22
2012-03-09 16:51:00,0.98957,0.98963,0.98955,0.98963,17
2012-03-09 16:52:00,0.98963,0.98974,0.98955,0.98955,28
2012-03-09 16:53:00,0.98955,0.98968,0.98955,0.98966,9
2012-03-09 16:54:00,0.98963,0.98968,0.98957,0.98957,15
2012-03-09 16:55:00,0.98943,0.9896,0.98935,0.9896,23
2012-03-09 16:56:00,0.98946,0.98957,0.98935,0.9894,27
2012-03-09 16:57:00,0.98951,0.98951,0.98943,0.98943,8
2012-03-09 16:58:00,0.98943,0.98957,0.98943,0.98954,7
2012-03-09 16:59:00,0.98943,0.98954,0.98938,0.9894,16
2012-03-09 17:00:00,0.98949,0.98951,0.98946,0.98946,10
2012-03-09 17:01:00,0.98946,0.98951,0.98943,0.98946,7
2012-03-09 17:02:00,0.98946,0.98957,0.98946,0.98949,12
2012-03-09 17:03:00,0.98957,0.9896,0.98946,0.98949,12
2012-03-09 17:04:00,0.98957,0.98963,0.98955,0.9896,12
2012-03-09 17:05:00,0.98974,0.98974,0.9896,0.9896,10
2012-03-09 17:06:00,0.98991,0.98991,0.98977,0.98977,12
2012-03-09 17:07:00,0.98977,0.98989,0.98977,0.98989,9
2012-03-09 17:08:00,0.9896,0.98974,0.9896,0.98974,6
2012-03-09 17:09:00,0.98957,0.9896,0.98955,0.98957,5
2012-03-09 17:10:00,0.98952,0.9896,0.98952,0.9896,4
2012-03-09 17:11:00,0.98963,0.98963,0.98954,0.98954,6
2012-03-09 17:12:00,0.98957,0.9896,0.98946,0.9896,10
2012-03-09 17:13:00,0.98949,0.98955,0.98949,0.98955,5
2012-03-09 17:14:00,0.98923,0.98951,0.98923,0.98946,14
2012-03-09 17:15:00,0.98918,0.98926,0.98915,0.98926,10
2012-03-09 17:16:00,0.98917,0.98917,0.98906,0.98915,10
2012-03-09 17:17:00,0.98909,0.98915,0.98904,0.98915,11
2012-03-09 17:18:00,0.98917,0.98917,0.98912,0.98912,5
2012-03-09 17:19:00,0.98917,0.98917,0.98915,0.98915,2
2012-03-09 17:20:00,0.9892,0.98923,0.98918,0.9892,7
2012-03-09 17:21:00,0.98926,0.98926,0.98921,0.98923,4
2012-03-09 17:23:00,0.98915,0.98929,0.98915,0.98929,12
2012-03-09 17:24:00,0.98918,0.98923,0.98915,0.98917,19
2012-03-09 17:25:00,0.98917,0.98917,0.98915,0.98915,2
2012-03-09 17:26:00,0.98909,0.98915,0.98901,0.98915,14
2012-03-09 17:27:00,0.98914,0.98914,0.98904,0.98906,10
2012-03-09 17:29:00,0.98917,0.98917,0.98915,0.98917,3
2012-03-09 17:30:00,0.9892,0.98923,0.98915,0.98915,7
2012-03-09 17:31:00,0.98926,0.98926,0.98923,0.98923,2
2012-03-09 17:32:00,0.98934,0.98934,0.98929,0.98929,7
2012-03-09 17:33:00,0.98931,0.98932,0.98926,0.98932,5
2012-03-09 17:34:00,0.98926,0.98931,0.98926,0.98929,6
2012-03-09 17:36:00,0.98926,0.98926,0.98923,0.98923,2
2012-03-09 17:37:00,0.98934,0.98934,0.98929,0.98929,7
2012-03-09 17:38:00,0.98926,0.98934,0.98926,0.98932,11
2012-03-09 17:39:00,0.98918,0.98931,0.98918,0.98929,13
2012-03-09 17:40:00,0.98906,0.98917,0.98906,0.98915,22
2012-03-09 17:41:00,0.98915,0.98917,0.98909,0.98909,15
2012-03-09 17:42:00,0.989,0.9892,0.98898,0.98917,15
2012-03-09 17:43:00,0.98901,0.98903,0.98895,0.98898,10
2012-03-09 17:44:00,0.98904,0.98906,0.98898,0.98898,9
2012-03-09 17:45:00,0.98915,0.9892,0.98906,0.98906,8
2012-03-09 17:46:00,0.98917,0.98917,0.98917,0.98917,1
2012-03-09 17:47:00,0.98906,0.98917,0.98906,0.98915,8
2012-03-09 17:48:00,0.98895,0.98914,0.98895,0.98909,10
2012-03-09 17:49:00,0.98895,0.98906,0.98895,0.98897,20
2012-03-09 17:50:00,0.98887,0.98892,0.98884,0.98892,9
2012-03-09 17:51:00,0.98884,0.98884,0.98884,0.98884,1
2012-03-09 17:52:00,0.98878,0.98886,0.98875,0.98886,6
2012-03-09 17:53:00,0.98878,0.98883,0.98878,0.9888,6
2012-03-09 17:54:00,0.98875,0.9888,0.98875,0.9888,7
2012-03-09 17:55:00,0.98906,0.98906,0.98878,0.98878,11
2012-03-09 17:57:00,0.98912,0.98912,0.98909,0.98909,2
2012-03-09 17:58:00,0.98906,0.98909,0.98906,0.98909,2
2012-03-09 17:59:00,0.98921,0.98931,0.98909,0.98909,25
2012-03-09 18:00:00,0.98938,0.9894,0.98923,0.98923,14
2012-03-09 18:01:00,0.98938,0.98951,0.98935,0.9894,20
2012-03-09 18:02:00,0.98939,0.9895,0.98938,0.9894,18
2012-03-09 18:03:00,0.98939,0.98941,0.98939,0.98941,14
2012-03-09 18:04:00,0.98948,0.9895,0.98936,0.98936,17
2012-03-09 18:05:00,0.98948,0.9895,0.98939,0.98945,8
2012-03-09 18:06:00,0.98936,0.98945,0.98936,0.98945,4
2012-03-09 18:07:00,0.98939,0.98941,0.98936,0.98939,11
2012-03-09 18:08:00,0.98936,0.98936,0.98936,0.98936,1
2012-03-09 18:09:00,0.98939,0.98941,0.98939,0.98939,3
2012-03-09 18:11:00,0.98936,0.98936,0.98933,0.98936,3
2012-03-09 18:14:00,0.98919,0.98933,0.98919,0.98933,12
2012-03-09 18:16:00,0.98916,0.98919,0.98911,0.98916,11
2012-03-09 18:17:00,0.98911,0.98916,0.98911,0.98913,4
2012-03-09 18:18:00,0.98916,0.98916,0.98913,0.98913,2
2012-03-09 18:20:00,0.98919,0.98922,0.98916,0.98919,7
2012-03-09 18:21:00,0.98933,0.98936,0.98922,0.98922,17
2012-03-09 18:22:00,0.98947,0.98947,0.98936,0.98936,9
2012-03-09 18:23:00,0.98948,0.9895,0.98942,0.98945,8
2012-03-09 18:24:00,0.98962,0.98967,0.9895,0.9895,13
2012-03-09 18:25:00,0.98973,0.98973,0.98964,0.98964,8
2012-03-09 18:26:00,0.9895,0.9897,0.9895,0.9897,10
2012-03-09 18:27:00,0.98958,0.98958,0.98945,0.98948,25
2012-03-09 18:28:00,0.98962,0.98967,0.98956,0.98956,9
2012-03-09 18:29:00,0.98956,0.9897,0.98953,0.98964,12
2012-03-09 18:30:00,0.98956,0.98958,0.98956,0.98958,2
2012-03-09 18:32:00,0.98933,0.98953,0.98933,0.98953,14
2012-03-09 18:33:00,0.98933,0.98936,0.98928,0.98936,10
2012-03-09 18:34:00,0.98939,0.98941,0.98936,0.98936,6
2012-03-09 18:35:00,0.98936,0.98941,0.98933,0.98936,7
2012-03-09 18:36:00,0.98948,0.98956,0.98939,0.98939,10
2012-03-09 18:37:00,0.98939,0.98945,0.98939,0.98945,3
2012-03-09 18:38:00,0.98944,0.98944,0.98939,0.98941,6
2012-03-09 18:40:00,0.98944,0.98944,0.98942,0.98942,2
2012-03-09 18:41:00,0.98947,0.98947,0.98936,0.98942,7
2012-03-09 18:43:00,0.98956,0.98956,0.98945,0.98945,5
2012-03-09 18:44:00,0.98956,0.98956,0.98953,0.98953,2
2012-03-09 18:45:00,0.98967,0.9897,0.98958,0.98958,6
2012-03-09 18:46:00,0.98956,0.98967,0.98953,0.98965,14
2012-03-09 18:47:00,0.98958,0.98961,0.98953,0.98958,9
2012-03-09 18:48:00,0.98953,0.98956,0.98953,0.98956,2
2012-03-09 18:49:00,0.98936,0.9895,0.98936,0.9895,6
2012-03-09 18:50:00,0.98958,0.98958,0.98939,0.98939,18
2012-03-09 18:51:00,0.98958,0.98961,0.98953,0.98956,30
2012-03-09 18:52:00,0.98956,0.98961,0.98953,0.98956,7
2012-03-09 18:53:00,0.98958,0.98958,0.9895,0.98953,5
2012-03-09 18:54:00,0.98959,0.98964,0.98959,0.98961,4
2012-03-09 18:55:00,0.98956,0.98956,0.98956,0.98956,1
2012-03-09 18:56:00,0.98948,0.98953,0.98945,0.98953,15
2012-03-09 18:57:00,0.98959,0.98961,0.98948,0.9895,12
2012-03-09 18:58:00,0.9897,0.9897,0.98956,0.98956,6
2012-03-09 18:59:00,0.98967,0.98973,0.98967,0.98967,9
2012-03-09 19:00:00,0.98959,0.98967,0.98959,0.98965,13
2012-03-09 19:01:00,0.98956,0.98961,0.98953,0.98956,7
2012-03-09 19:02:00,0.98948,0.98953,0.98948,0.98953,5
2012-03-09 19:03:00,0.98956,0.98956,0.98948,0.9895,9
2012-03-09 19:04:00,0.98948,0.98961,0.98945,0.98958,11
2012-03-09 19:05:00,0.98956,0.98956,0.9895,0.9895,7
2012-03-09 19:06:00,0.98956,0.98958,0.98956,0.98958,2
2012-03-09 19:07:00,0.98973,0.98973,0.98958,0.98958,6
2012-03-09 19:08:00,0.98967,0.9897,0.98965,0.9897,6
2012-03-09 19:09:00,0.9897,0.9897,0.98965,0.98965,3
2012-03-09 19:10:00,0.9897,0.9897,0.98965,0.98967,8
2012-03-09 19:11:00,0.98967,0.98967,0.98967,0.98967,1
2012-03-09 19:12:00,0.98958,0.98965,0.98956,0.98965,5
2012-03-09 19:13:00,0.98964,0.98964,0.98961,0.98961,2
2012-03-09 19:14:00,0.98967,0.98973,0.98962,0.98962,11
2012-03-09 19:16:00,0.98973,0.98973,0.98967,0.9897,4
2012-03-09 19:17:00,0.98993,0.98998,0.98975,0.98975,13
2012-03-09 19:18:00,0.98981,0.98995,0.98979,0.98995,12
2012-03-09 19:19:00,0.98976,0.98979,0.98976,0.98979,2
2012-03-09 19:20:00,0.98973,0.98981,0.98973,0.98978,5
2012-03-09 19:21:00,0.9897,0.98975,0.9897,0.98975,3
2012-03-09 19:22:00,0.9897,0.98975,0.9897,0.98973,4
2012-03-09 19:23:00,0.98965,0.98967,0.98965,0.98967,2
2012-03-09 19:24:00,0.9897,0.9897,0.98967,0.98967,2
2012-03-09 19:25:00,0.98975,0.98975,0.98973,0.98973,6
2012-03-09 19:29:00,0.98975,0.98975,0.98973,0.98973,2
2012-03-09 19:30:00,0.9897,0.98973,0.98965,0.98973,10
2012-03-09 19:31:00,0.98967,0.98973,0.98965,0.98973,5
2012-03-09 19:32:00,0.98965,0.98967,0.98965,0.98965,3
2012-03-09 19:33:00,0.98956,0.98964,0.98956,0.98962,5
2012-03-09 19:34:00,0.98959,0.98961,0.98958,0.98958,3
2012-03-09 19:35:00,0.98961,0.98961,0.98959,0.98961,3
2012-03-09 19:36:00,0.98964,0.98964,0.98964,0.98964,1
2012-03-09 19:37:00,0.98962,0.98964,0.98962,0.98962,3
2012-03-09 19:38:00,0.98945,0.98959,0.98945,0.98959,10
2012-03-09 19:39:00,0.98953,0.98956,0.98947,0.98947,5
2012-03-09 19:40:00,0.9895,0.9895,0.98945,0.9895,5
2012-03-09 19:41:00,0.98984,0.98998,0.98953,0.98953,31
2012-03-09 19:42:00,0.9897,0.98982,0.9897,0.98982,5
2012-03-09 19:43:00,0.9897,0.9897,0.98967,0.98967,2
2012-03-09 19:44:00,0.98996,0.99001,0.98973,0.98973,19
2012-03-09 19:45:00,0.98984,0.98993,0.98984,0.98993,10
2012-03-09 19:46:00,0.98969,0.98995,0.98969,0.98987,31
2012-03-09 19:47:00,0.98977,0.9898,0.98969,0.98971,11
2012-03-09 19:48:00,0.98989,0.99,0.9898,0.9898,14
2012-03-09 19:49:00,0.98988,0.98991,0.98969,0.98991,26
2012-03-09 19:50:00,0.98997,0.99002,0.98986,0.98986,15
2012-03-09 19:51:00,0.99003,0.99019,0.99,0.99,34
2012-03-09 19:52:00,0.98997,0.99008,0.98994,0.99005,14
2012-03-09 19:53:00,0.99008,0.99008,0.98989,0.98994,18
2012-03-09 19:54:00,0.99014,0.99014,0.99003,0.99006,6
2012-03-09 19:55:00,0.99034,0.99034,0.99017,0.99017,9
2012-03-09 19:56:00,0.99042,0.99042,0.99036,0.99036,3
2012-03-09 19:57:00,0.99048,0.99048,0.99028,0.9904,14
2012-03-09 19:58:00,0.99031,0.99045,0.99031,0.99045,10
2012-03-09 19:59:00,0.99008,0.99028,0.99006,0.99028,24
2012-03-09 20:00:00,0.98991,0.99011,0.98991,0.99011,10
2012-03-09 20:01:00,0.98983,0.98989,0.98983,0.98989,7
2012-03-09 20:02:00,0.98986,0.98991,0.98983,0.98985,11
2012-03-09 20:03:00,0.98986,0.98991,0.98983,0.98988,10
2012-03-09 20:04:00,0.98986,0.98994,0.98983,0.98983,8
2012-03-09 20:05:00,0.99006,0.99014,0.98986,0.98988,33
2012-03-09 20:06:00,0.98994,0.99014,0.98994,0.99008,12
2012-03-09 20:07:00,0.98985,0.98991,0.98974,0.98991,15
2012-03-09 20:08:00,0.98986,0.98991,0.98986,0.98988,4
2012-03-09 20:09:00,0.99005,0.99005,0.98988,0.98988,7
2012-03-09 20:10:00,0.99006,0.99008,0.99006,0.99008,2
2012-03-09 20:11:00,0.99025,0.99025,0.99008,0.99008,7
2012-03-09 20:12:00,0.99028,0.99034,0.99028,0.99028,7
2012-03-09 20:13:00,0.99026,0.99034,0.99026,0.99026,11
2012-03-09 20:14:00,0.99019,0.99025,0.99011,0.99023,12
2012-03-09 20:15:00,0.99006,0.99025,0.99006,0.99022,11
2012-03-09 20:16:00,0.99017,0.99019,0.99008,0.99008,8
2012-03-09 20:17:00,0.99014,0.99014,0.99014,0.99014,1
2012-03-09 20:18:00,0.99017,0.99017,0.99017,0.99017,1
2012-03-09 20:19:00,0.99022,0.99022,0.99019,0.99019,2
2012-03-09 20:20:00,0.99014,0.99025,0.99014,0.99025,5
2012-03-09 20:21:00,0.99009,0.99014,0.99009,0.99011,6
2012-03-09 20:22:00,0.98997,0.99006,0.98994,0.99006,10
2012-03-09 20:23:00,0.99,0.99005,0.98994,0.98994,7
2012-03-09 20:24:00,0.99017,0.99017,0.98997,0.98997,8
2012-03-09 20:25:00,0.99014,0.99022,0.99009,0.99019,9
2012-03-09 20:26:00,0.99031,0.99031,0.99017,0.99017,8
2012-03-09 20:27:00,0.99031,0.99031,0.99028,0.99028,2
2012-03-09 20:28:00,0.99045,0.99045,0.99034,0.99034,7
2012-03-09 20:29:00,0.99037,0.99043,0.99037,0.99043,3
2012-03-09 20:30:00,0.99036,0.99036,0.99028,0.99034,12
2012-03-09 20:31:00,0.99045,0.99045,0.99039,0.99039,3
2012-03-09 20:32:00,0.99028,0.99043,0.99026,0.99043,8
2012-03-09 20:33:00,0.99025,0.99026,0.9902,0.99026,5
2012-03-09 20:34:00,0.99036,0.99036,0.99017,0.99023,14
2012-03-09 20:35:00,0.9902,0.99034,0.9902,0.99034,10
2012-03-09 20:36:00,0.99006,0.99025,0.99006,0.99022,11
2012-03-09 20:37:00,0.99011,0.99017,0.99008,0.99008,6
2012-03-09 20:38:00,0.99014,0.99022,0.99011,0.99014,13
2012-03-09 20:39:00,0.99017,0.99031,0.99017,0.99017,15
2012-03-09 20:40:00,0.99019,0.99022,0.99017,0.99019,7
2012-03-09 20:41:00,0.99028,0.99028,0.99017,0.99017,7
2012-03-09 20:42:00,0.99031,0.99031,0.99023,0.99026,5
2012-03-09 20:43:00,0.99034,0.99039,0.99034,0.99034,9
2012-03-09 20:44:00,0.99037,0.99039,0.99031,0.99031,5
2012-03-09 20:45:00,0.99037,0.99037,0.99033,0.99037,3
2012-03-09 20:46:00,0.99037,0.99037,0.99029,0.99033,6
2012-03-09 20:48:00,0.99037,0.99041,0.99033,0.99033,4
2012-03-09 20:49:00,0.99041,0.99041,0.99041,0.99041,1
2012-03-09 20:50:00,0.9905,0.99058,0.99045,0.99045,6
2012-03-09 20:51:00,0.99033,0.99046,0.99033,0.99046,4
2012-03-09 20:52:00,0.99037,0.99037,0.99037,0.99037,1
2012-03-09 20:53:00,0.99045,0.99045,0.99041,0.99041,4
2012-03-09 20:54:00,0.99064,0.99076,0.99049,0.99049,10
2012-03-09 20:55:00,0.99068,0.99068,0.99068,0.99068,1
2012-03-09 20:57:00,0.99064,0.99064,0.9906,0.99064,3
2012-03-09 20:58:00,0.99081,0.99081,0.9906,0.9906,8
2012-03-09 20:59:00,0.99081,0.99085,0.99077,0.99077,6
2012-03-09 21:00:00,0.99081,0.99085,0.99077,0.99085,8
2012-03-09 21:01:00,0.99089,0.99089,0.99085,0.99085,2
2012-03-09 21:02:00,0.99081,0.99089,0.99081,0.99085,10
2012-03-09 21:03:00,0.99072,0.99077,0.99072,0.99077,2
2012-03-09 21:04:00,0.99068,0.99068,0.99064,0.99068,3
2012-03-09 21:05:00,0.99098,0.99098,0.9906,0.99064,12
2012-03-09 21:06:00,0.99094,0.99102,0.99094,0.99102,3
2012-03-09 21:07:00,0.99072,0.9909,0.99068,0.9909,7
2012-03-09 21:08:00,0.99068,0.99068,0.99064,0.99068,3
2012-03-09 21:09:00,0.99081,0.99085,0.99068,0.99072,9
2012-03-09 21:10:00,0.99106,0.99106,0.99085,0.99085,14
2012-03-09 21:11:00,0.99102,0.99102,0.99102,0.99102,1
2012-03-09 21:12:00,0.99102,0.99106,0.99102,0.99106,2
2012-03-09 21:13:00,0.99106,0.9911,0.99106,0.99106,3
2012-03-09 21:14:00,0.99106,0.9911,0.9909,0.99102,10
2012-03-09 21:15:00,0.99102,0.9911,0.99102,0.9911,5
2012-03-09 21:16:00,0.9911,0.9911,0.99089,0.99098,8
2012-03-09 21:17:00,0.9911,0.9911,0.99106,0.99106,2
2012-03-09 21:18:00,0.99119,0.99119,0.99115,0.99115,4
2012-03-09 21:19:00,0.99115,0.99115,0.99107,0.99115,5
2012-03-09 21:20:00,0.99115,0.99119,0.99115,0.99119,4
2012-03-09 21:21:00,0.99123,0.99123,0.99119,0.99119,2
2012-03-09 21:22:00,0.99123,0.99127,0.99123,0.99127,4
2012-03-09 21:24:00,0.99119,0.99119,0.99119,0.99119,1
2012-03-09 21:26:00,0.99119,0.99123,0.99115,0.99123,4
2012-03-09 21:27:00,0.99111,0.99119,0.99111,0.99115,6
2012-03-09 21:28:00,0.99115,0.99115,0.99115,0.99115,1
2012-03-09 21:29:00,0.99111,0.99111,0.99107,0.99111,5
2012-03-09 21:30:00,0.99107,0.99107,0.99107,0.99107,1
2012-03-09 21:31:00,0.99098,0.99102,0.99098,0.99102,2
2012-03-09 21:32:00,0.99115,0.99115,0.99102,0.99102,4
2012-03-09 21:34:00,0.99123,0.99123,0.99115,0.99119,4
2012-03-09 21:35:00,0.99125,0.99129,0.99125,0.99127,3
2012-03-09 21:36:00,0.99108,0.99125,0.99108,0.99121,8
2012-03-09 21:37:00,0.99069,0.99104,0.99053,0.99104,24
2012-03-09 21:38:00,0.99073,0.99073,0.99073,0.99073,1
2012-03-09 21:40:00,0.99072,0.99086,0.99072,0.99078,8
2012-03-09 21:42:00,0.99068,0.99068,0.99068,0.99068,1
2012-03-09 21:43:00,0.99063,0.99063,0.99063,0.99063,1
2012-03-09 21:45:00,0.99067,0.99067,0.99067,0.99067,1
2012-03-09 21:46:00,0.99075,0.99075,0.99071,0.99071,2
2012-03-09 21:47:00,0.99113,0.99113,0.99079,0.99079,9
2012-03-09 21:48:00,0.99113,0.99113,0.99109,0.99109,2
2012-03-09 21:49:00,0.99081,0.9911,0.99081,0.99109,13
2012-03-09 21:50:00,0.99072,0.99077,0.99072,0.99077,2
2012-03-09 21:51:00,0.99085,0.99085,0.99076,0.99076,3
2012-03-09 21:52:00,0.9911,0.9911,0.99089,0.99089,6
2012-03-09 21:53:00,0.99115,0.99119,0.99115,0.99115,3
2012-03-09 21:54:00,0.99119,0.99119,0.99119,0.99119,1
2012-03-09 21:55:00,0.99093,0.99107,0.9906,0.99107,23
2012-03-09 21:57:00,0.99072,0.99112,0.9907,0.99098,13
2012-03-09 21:58:00,0.99075,0.99094,0.99053,0.99094,26
2012-03-09 21:59:00,0.99072,0.99083,0.99061,0.99071,10
2012-03-11 17:59:00,0.99089,0.99089,0.99089,0.99089,1
2012-03-11 18:01:00,0.99075,0.99083,0.99075,0.99083,3
2012-03-11 18:03:00,0.9909,0.99154,0.9909,0.99103,8
2012-03-11 18:04:00,0.99079,0.99085,0.99079,0.99085,2
2012-03-11 18:25:00,0.99081,0.99085,0.99081,0.99085,2
2012-03-11 18:30:00,0.99081,0.99086,0.99081,0.99086,2
2012-03-11 18:37:00,0.99123,0.99135,0.9909,0.9909,10
2012-03-11 18:38:00,0.99128,0.99128,0.99128,0.99128,1
2012-03-11 18:59:00,0.99121,0.99125,0.99078,0.99124,11
2012-03-11 19:01:00,0.99121,0.99125,0.99121,0.99125,2
2012-03-11 19:02:00,0.99087,0.9911,0.99087,0.9911,5
2012-03-11 20:02:00,0.99006,0.99081,0.99006,0.99081,5
2012-03-11 20:03:00,0.99058,0.99062,0.99007,0.99011,20
2012-03-11 20:07:00,0.99098,0.99098,0.99064,0.99064,8
2012-03-11 20:25:00,0.99102,0.99102,0.99102,0.99102,1
2012-03-11 20:26:00,0.99132,0.99136,0.99107,0.99107,11
2012-03-11 20:30:00,0.99132,0.99136,0.99132,0.99136,2
2012-03-11 20:31:00,0.99136,0.99136,0.99136,0.99136,1
2012-03-11 20:33:00,0.99136,0.9914,0.99136,0.9914,2
2012-03-11 20:36:00,0.9914,0.9914,0.9914,0.9914,1
2012-03-11 20:41:00,0.9914,0.9914,0.99136,0.99136,2
2012-03-11 20:48:00,0.99136,0.99136,0.99136,0.99136,1
2012-03-11 20:50:00,0.9914,0.99144,0.9914,0.9914,3
2012-03-11 20:59:00,0.9914,0.9914,0.99136,0.99136,2
2012-03-11 21:01:00,0.99094,0.99128,0.99082,0.99128,19
2012-03-11 21:02:00,0.99114,0.99114,0.99083,0.99089,12
2012-03-11 21:05:00,0.99107,0.99107,0.99107,0.99107,1
2012-03-11 21:09:00,0.99112,0.99112,0.99112,0.99112,1
2012-03-11 21:10:00,0.99094,0.99106,0.99094,0.99106,4
2012-03-11 21:11:00,0.99099,0.99099,0.99099,0.99099,1
2012-03-11 21:12:00,0.99121,0.99121,0.99103,0.99103,4
2012-03-11 21:15:00,0.99101,0.99115,0.99101,0.99115,4
2012-03-11 21:21:00,0.99105,0.99117,0.99105,0.99106,6
2012-03-11 21:23:00,0.99125,0.99129,0.99109,0.99109,6
2012-03-11 21:24:00,0.99129,0.99129,0.99129,0.99129,1
2012-03-11 21:28:00,0.99144,0.99144,0.99109,0.99133,15
2012-03-11 21:29:00,0.99122,0.99154,0.99115,0.99149,23
2012-03-11 21:31:00,0.99126,0.99126,0.99126,0.99126,1
2012-03-11 21:32:00,0.99057,0.99122,0.99057,0.99122,11
2012-03-11 21:50:00,0.99061,0.99061,0.99061,0.99061,1
2012-03-11 21:51:00,0.99057,0.99057,0.99057,0.99057,1
2012-03-11 21:52:00,0.99061,0.99061,0.99061,0.99061,1
2012-03-11 21:53:00,0.99065,0.99065,0.99065,0.99065,1
2012-03-11 21:54:00,0.99066,0.99066,0.99061,0.99061,2
2012-03-11 21:55:00,0.99083,0.99083,0.99071,0.99071,4
2012-03-11 21:56:00,0.99079,0.99079,0.99079,0.99079,1
2012-03-11 21:59:00,0.99075,0.99075,0.99075,0.99075,1
2012-03-11 22:00:00,0.99079,0.99089,0.99066,0.99075,26
2012-03-11 22:01:00,0.99061,0.99075,0.99048,0.99075,16
2012-03-11 22:02:00,0.99057,0.99057,0.99053,0.99057,5
2012-03-11 22:03:00,0.99053,0.99053,0.99053,0.99053,1
2012-03-11 22:05:00,0.99033,0.99049,0.99033,0.99049,5
2012-03-11 22:10:00,0.99029,0.99029,0.99029,0.99029,1
2012-03-11 22:15:00,0.99025,0.99025,0.99025,0.99025,1
2012-03-11 22:22:00,0.99042,0.99042,0.9903,0.9903,4
2012-03-11 22:23:00,0.99034,0.99038,0.99034,0.99038,2
2012-03-11 22:24:00,0.9903,0.9903,0.99026,0.9903,3
2012-03-11 22:26:00,0.99054,0.99054,0.99034,0.99034,6
2012-03-11 22:28:00,0.99058,0.99058,0.99058,0.99058,1
2012-03-11 22:30:00,0.99058,0.99066,0.9905,0.99054,8
2012-03-11 22:31:00,0.99066,0.99066,0.99062,0.99062,2
2012-03-11 22:34:00,0.99062,0.99066,0.99062,0.99062,3
2012-03-11 22:36:00,0.99066,0.99066,0.99062,0.99066,3
2012-03-11 22:38:00,0.9907,0.9907,0.9907,0.9907,1
2012-03-11 22:42:00,0.99082,0.99082,0.99074,0.99074,3
2012-03-11 22:43:00,0.99074,0.99078,0.99074,0.99078,2
2012-03-11 22:44:00,0.99067,0.9907,0.99057,0.9907,6
2012-03-11 22:50:00,0.99071,0.99071,0.99071,0.99071,1
2012-03-11 22:51:00,0.99075,0.99075,0.99075,0.99075,1
2012-03-11 22:52:00,0.99083,0.99087,0.99071,0.99071,6
2012-03-11 22:53:00,0.99075,0.99079,0.99075,0.99079,4
2012-03-11 22:54:00,0.99079,0.99079,0.99079,0.99079,1
2012-03-11 22:55:00,0.99067,0.99075,0.99067,0.99075,5
2012-03-11 22:56:00,0.99063,0.99063,0.99063,0.99063,1
2012-03-11 22:57:00,0.99075,0.99075,0.99067,0.99067,3
2012-03-11 22:59:00,0.99075,0.99079,0.99063,0.99071,18
2012-03-11 23:00:00,0.99071,0.99075,0.99059,0.99071,11
2012-03-11 23:01:00,0.99079,0.99079,0.99075,0.99075,2
2012-03-11 23:04:00,0.99079,0.99083,0.99079,0.99083,2
2012-03-11 23:05:00,0.99082,0.99086,0.9908,0.9908,4
2012-03-11 23:06:00,0.99086,0.99086,0.99086,0.99086,1
2012-03-11 23:07:00,0.9909,0.99104,0.99088,0.99088,11
2012-03-11 23:08:00,0.99084,0.9909,0.99084,0.99086,6
2012-03-11 23:09:00,0.99074,0.9908,0.99068,0.9908,7
2012-03-11 23:10:00,0.99078,0.99078,0.99078,0.99078,1
2012-03-11 23:11:00,0.9908,0.9908,0.9908,0.9908,1
2012-03-11 23:12:00,0.99084,0.99084,0.99084,0.99084,1
2012-03-11 23:15:00,0.99078,0.9908,0.99078,0.9908,2
2012-03-11 23:18:00,0.99084,0.99084,0.9908,0.9908,2
2012-03-11 23:19:00,0.99078,0.99086,0.99078,0.99086,4
2012-03-11 23:20:00,0.99084,0.99084,0.9908,0.9908,2
2012-03-11 23:21:00,0.99078,0.99086,0.99078,0.9908,6
2012-03-11 23:22:00,0.9908,0.9908,0.99072,0.99074,5
2012-03-11 23:23:00,0.99078,0.9908,0.99074,0.99078,5
2012-03-11 23:24:00,0.99074,0.99074,0.99072,0.99074,3
2012-03-11 23:25:00,0.99058,0.99078,0.99048,0.99078,13
2012-03-11 23:27:00,0.99066,0.99066,0.9906,0.9906,3
2012-03-11 23:28:00,0.99058,0.99064,0.99058,0.99064,5
2012-03-11 23:29:00,0.99026,0.99054,0.99024,0.99054,16
2012-03-11 23:30:00,0.99042,0.99042,0.9903,0.9903,5
2012-03-11 23:31:00,0.99036,0.99038,0.99036,0.99038,4
2012-03-11 23:33:00,0.99042,0.99042,0.99038,0.99038,2
2012-03-11 23:34:00,0.99066,0.99066,0.99044,0.99044,8
2012-03-11 23:35:00,0.99062,0.99062,0.99062,0.99062,1
2012-03-11 23:37:00,0.9906,0.9906,0.9906,0.9906,1
2012-03-11 23:38:00,0.99066,0.99066,0.99062,0.99062,2
2012-03-11 23:39:00,0.99074,0.99078,0.99068,0.99068,5
2012-03-11 23:40:00,0.99072,0.99072,0.99072,0.99072,1
2012-03-11 23:42:00,0.9908,0.9908,0.99074,0.99074,3
2012-03-11 23:43:00,0.99078,0.99078,0.99078,0.99078,1
2012-03-11 23:44:00,0.99066,0.99074,0.99066,0.99074,4
2012-03-11 23:45:00,0.9906,0.99062,0.9906,0.99062,2
2012-03-11 23:46:00,0.99062,0.99066,0.99062,0.99062,5
2012-03-11 23:47:00,0.99062,0.99072,0.99062,0.99066,6
2012-03-11 23:48:00,0.99068,0.99068,0.99066,0.99066,2
2012-03-11 23:49:00,0.99068,0.99072,0.99062,0.99066,6
2012-03-11 23:50:00,0.99062,0.99066,0.9906,0.99066,6
2012-03-11 23:51:00,0.99056,0.9906,0.99056,0.9906,2
2012-03-11 23:52:00,0.99056,0.9906,0.99056,0.9906,2
2012-03-11 23:53:00,0.99054,0.99054,0.99054,0.99054,1
2012-03-11 23:54:00,0.9905,0.9905,0.9905,0.9905,1
2012-03-11 23:55:00,0.99048,0.99048,0.99048,0.99048,1
2012-03-11 23:56:00,0.99042,0.99044,0.99042,0.99044,2
2012-03-11 23:57:00,0.99048,0.99048,0.99044,0.99044,2
2012-03-11 23:58:00,0.9905,0.9905,0.9905,0.9905,1
2012-03-11 23:59:00,0.99044,0.99054,0.99044,0.99054,4
2012-03-12 00:00:00,0.9905,0.9905,0.99048,0.99048,2
2012-03-12 00:01:00,0.99048,0.99048,0.99044,0.99048,3
2012-03-12 00:02:00,0.99064,0.99072,0.9905,0.9905,15
2012-03-12 00:03:00,0.9907,0.9907,0.99066,0.99066,2
2012-03-12 00:04:00,0.9907,0.99072,0.9907,0.99072,2
2012-03-12 00:05:00,0.99084,0.9909,0.9907,0.9907,16
2012-03-12 00:06:00,0.99074,0.99086,0.99074,0.99086,8
2012-03-12 00:07:00,0.99084,0.99084,0.9907,0.9907,6
2012-03-12 00:08:00,0.99096,0.99096,0.99086,0.99086,8
2012-03-12 00:10:00,0.99102,0.99112,0.99098,0.99098,12
2012-03-12 00:11:00,0.99098,0.99098,0.99098,0.99098,1
2012-03-12 00:12:00,0.99108,0.99112,0.99094,0.99096,11
2012-03-12 00:13:00,0.99096,0.99104,0.99096,0.99104,4
2012-03-12 00:14:00,0.9909,0.99098,0.9909,0.99098,4
2012-03-12 00:15:00,0.99098,0.99112,0.99092,0.99092,13
2012-03-12 00:16:00,0.99108,0.99126,0.99102,0.99102,19
2012-03-12 00:17:00,0.9911,0.9911,0.9911,0.9911,1
2012-03-12 00:18:00,0.99116,0.99126,0.99112,0.99112,10
2012-03-12 00:19:00,0.9911,0.99112,0.99108,0.99112,4
2012-03-12 00:20:00,0.99106,0.99112,0.99102,0.99108,13
2012-03-12 00:21:00,0.9913,0.9913,0.99102,0.99104,26
2012-03-12 00:22:00,0.99118,0.99136,0.99118,0.99132,12
2012-03-12 00:23:00,0.99122,0.99124,0.9911,0.99116,9
2012-03-12 00:24:00,0.99122,0.99124,0.99122,0.99124,2
2012-03-12 00:25:00,0.99122,0.99124,0.99112,0.99118,8
2012-03-12 00:26:00,0.9912,0.99124,0.99118,0.99124,8
2012-03-12 00:27:00,0.99116,0.9912,0.99108,0.99118,12
2012-03-12 00:28:00,0.99116,0.99116,0.99112,0.99112,2
2012-03-12 00:29:00,0.99118,0.99124,0.99118,0.99118,9
2012-03-12 00:30:00,0.99124,0.99126,0.99118,0.9912,6
2012-03-12 00:31:00,0.99118,0.99122,0.99118,0.99122,2
2012-03-12 00:32:00,0.99116,0.9912,0.99116,0.9912,3
2012-03-12 00:33:00,0.99118,0.9912,0.99118,0.99118,5
2012-03-12 00:34:00,0.99126,0.99126,0.9912,0.9912,3
2012-03-12 00:35:00,0.99122,0.9913,0.99122,0.99124,8
2012-03-12 00:37:00,0.99122,0.99124,0.99122,0.99124,2
2012-03-12 00:38:00,0.9914,0.9914,0.99124,0.99124,7
2012-03-12 00:39:00,0.99144,0.99144,0.99136,0.99138,5
2012-03-12 00:40:00,0.99144,0.99144,0.99138,0.99142,4
2012-03-12 00:42:00,0.9917,0.9917,0.99146,0.99146,9
2012-03-12 00:43:00,0.99172,0.99172,0.99166,0.99166,5
2012-03-12 00:44:00,0.99178,0.99178,0.99174,0.99174,2
2012-03-12 00:45:00,0.99186,0.99194,0.9918,0.9918,11
2012-03-12 00:46:00,0.99176,0.99184,0.99176,0.99184,6
2012-03-12 00:47:00,0.99178,0.9918,0.99178,0.99178,3
2012-03-12 00:48:00,0.99176,0.99176,0.99176,0.99176,1
2012-03-12 00:49:00,0.99166,0.99172,0.99166,0.99172,3
2012-03-12 00:50:00,0.99156,0.99164,0.99152,0.99164,8
2012-03-12 00:51:00,0.99166,0.99166,0.99158,0.99158,4
2012-03-12 00:52:00,0.99172,0.99172,0.9917,0.9917,2
2012-03-12 00:53:00,0.99172,0.99178,0.99172,0.99174,4
2012-03-12 00:54:00,0.99172,0.99172,0.99166,0.9917,6
2012-03-12 00:55:00,0.99184,0.99184,0.99166,0.99174,13
2012-03-12 00:56:00,0.99176,0.99184,0.99176,0.99182,7
2012-03-12 00:57:00,0.99151,0.99173,0.99151,0.99173,11
2012-03-12 00:58:00,0.99156,0.99159,0.99151,0.99153,22
2012-03-12 00:59:00,0.99176,0.99176,0.99159,0.99159,11
2012-03-12 01:00:00,0.9917,0.99173,0.99168,0.99173,4
2012-03-12 01:01:00,0.99165,0.99168,0.99165,0.99168,4
2012-03-12 01:02:00,0.99176,0.99179,0.99167,0.99167,6
2012-03-12 01:03:00,0.99171,0.99173,0.99165,0.99173,8
2012-03-12 01:04:00,0.99168,0.99173,0.99168,0.99173,3
2012-03-12 01:06:00,0.99181,0.99181,0.9917,0.9917,9
2012-03-12 01:07:00,0.99213,0.99218,0.99184,0.99184,21
2012-03-12 01:08:00,0.99215,0.99215,0.99202,0.9921,13
2012-03-12 01:10:00,0.9921,0.99213,0.9921,0.99213,2
2012-03-12 01:11:00,0.99221,0.99221,0.99213,0.99213,4
2012-03-12 01:12:00,0.99219,0.99224,0.99219,0.99224,5
2012-03-12 01:13:00,0.99218,0.99218,0.99216,0.99216,2
2012-03-12 01:14:00,0.99202,0.99216,0.99202,0.99216,6
2012-03-12 01:15:00,0.99222,0.99224,0.99199,0.99199,11
2012-03-12 01:16:00,0.99222,0.99224,0.99222,0.99224,4
2012-03-12 01:17:00,0.99224,0.99224,0.99224,0.99224,1
2012-03-12 01:18:00,0.99233,0.99233,0.99219,0.99222,9
2012-03-12 01:19:00,0.99235,0.99235,0.99235,0.99235,1
2012-03-12 01:20:00,0.99247,0.99247,0.99238,0.99238,4
2012-03-12 01:21:00,0.99253,0.99255,0.99244,0.99244,6
2012-03-12 01:22:00,0.99238,0.9925,0.99233,0.9925,13
2012-03-12 01:23:00,0.99233,0.99238,0.99227,0.99236,10
2012-03-12 01:24:00,0.9923,0.99235,0.9923,0.99235,3
2012-03-12 01:25:00,0.99218,0.99227,0.9921,0.99227,10
2012-03-12 01:26:00,0.99221,0.99221,0.99216,0.99221,5
2012-03-12 01:27:00,0.99238,0.99238,0.99224,0.99224,6
2012-03-12 01:29:00,0.99233,0.99236,0.99233,0.99236,2
2012-03-12 01:30:00,0.99238,0.99238,0.99235,0.99235,2
2012-03-12 01:31:00,0.99244,0.99247,0.99241,0.99241,6
2012-03-12 01:32:00,0.99247,0.99247,0.99236,0.99241,9
2012-03-12 01:33:00,0.99241,0.99244,0.99241,0.99244,2
2012-03-12 01:34:00,0.99239,0.99241,0.99239,0.99239,3
2012-03-12 01:35:00,0.99241,0.99247,0.99239,0.99241,9
2012-03-12 01:36:00,0.9925,0.99252,0.99244,0.99244,5
2012-03-12 01:37:00,0.99244,0.99252,0.99241,0.99252,6
2012-03-12 01:38:00,0.99252,0.99252,0.99247,0.99247,5
2012-03-12 01:39:00,0.9925,0.99252,0.9925,0.9925,3
2012-03-12 01:40:00,0.99253,0.99255,0.99252,0.99252,3
2012-03-12 01:41:00,0.9925,0.9925,0.9925,0.9925,1
2012-03-12 01:43:00,0.99247,0.99252,0.99236,0.99252,13
2012-03-12 01:45:00,0.9925,0.9925,0.9925,0.9925,1
2012-03-12 01:46:00,0.99241,0.99247,0.99241,0.99247,3
2012-03-12 01:47:00,0.9923,0.99239,0.9923,0.99239,4
2012-03-12 01:48:00,0.99219,0.99227,0.99219,0.99227,4
2012-03-12 01:49:00,0.99221,0.99221,0.99221,0.99221,1
2012-03-12 01:50:00,0.99222,0.99224,0.99219,0.99219,4
2012-03-12 01:52:00,0.9921,0.99219,0.9921,0.99219,4
2012-03-12 01:53:00,0.9921,0.99221,0.99207,0.99213,16
2012-03-12 01:54:00,0.99207,0.99207,0.99207,0.99207,1
2012-03-12 01:55:00,0.99219,0.99221,0.99196,0.99205,16
2012-03-12 01:57:00,0.99221,0.99221,0.99221,0.99221,1
2012-03-12 01:58:00,0.99213,0.99219,0.99213,0.99219,3
2012-03-12 01:59:00,0.99222,0.99224,0.99215,0.99215,5
2012-03-12 02:00:00,0.99227,0.99241,0.99224,0.99224,14
2012-03-12 02:01:00,0.99224,0.9923,0.99224,0.9923,3
2012-03-12 02:02:00,0.9923,0.9923,0.99227,0.99227,4
2012-03-12 02:03:00,0.99244,0.99244,0.99233,0.99233,5
2012-03-12 02:04:00,0.9925,0.9925,0.99247,0.99247,2
2012-03-12 02:07:00,0.9925,0.9925,0.99247,0.99247,2
2012-03-12 02:09:00,0.9925,0.99252,0.9925,0.99252,2
2012-03-12 02:10:00,0.99263,0.99271,0.99252,0.99252,12
2012-03-12 02:11:00,0.99271,0.99271,0.99265,0.99265,3
2012-03-12 02:12:00,0.99266,0.99268,0.99266,0.99268,4
2012-03-12 02:13:00,0.99268,0.99268,0.99268,0.99268,1
2012-03-12 02:14:00,0.99263,0.99266,0.99263,0.99266,2
2012-03-12 02:15:00,0.99259,0.9926,0.99257,0.9926,3
2012-03-12 02:16:00,0.9926,0.99262,0.9926,0.99262,2
2012-03-12 02:17:00,0.99265,0.99265,0.99257,0.99257,8
2012-03-12 02:18:00,0.99263,0.99265,0.99263,0.99263,3
2012-03-12 02:19:00,0.99254,0.99262,0.99249,0.9926,11
2012-03-12 02:21:00,0.99265,0.99265,0.99257,0.99257,4
2012-03-12 02:22:00,0.99263,0.99263,0.99263,0.99263,1
2012-03-12 02:23:00,0.99246,0.9926,0.99246,0.9926,6
2012-03-12 02:25:00,0.99228,0.99243,0.99226,0.99243,8
2012-03-12 02:26:00,0.99234,0.99234,0.99231,0.99231,2
2012-03-12 02:27:00,0.99225,0.99232,0.99223,0.99232,5
2012-03-12 02:28:00,0.99237,0.99242,0.99228,0.99228,8
2012-03-12 02:29:00,0.99234,0.99234,0.99226,0.99234,9
2012-03-12 02:30:00,0.99226,0.99232,0.99226,0.99232,3
2012-03-12 02:31:00,0.99231,0.99231,0.99223,0.99223,6
2012-03-12 02:32:00,0.99231,0.99231,0.99223,0.99229,8
2012-03-12 02:33:00,0.99254,0.99254,0.99234,0.99234,8
2012-03-12 02:34:00,0.99254,0.99254,0.99251,0.99251,2
2012-03-12 02:35:00,0.99259,0.99259,0.99257,0.99257,2
2012-03-12 02:37:00,0.9926,0.99262,0.9926,0.99262,2
2012-03-12 02:40:00,0.99266,0.99271,0.99262,0.99262,22
2012-03-12 02:41:00,0.99282,0.99282,0.99266,0.99268,12
2012-03-12 02:42:00,0.99282,0.99282,0.99268,0.9928,12
2012-03-12 02:43:00,0.99285,0.99291,0.99285,0.99285,7
2012-03-12 02:44:00,0.99291,0.99291,0.99288,0.99288,2
2012-03-12 02:46:00,0.99288,0.99288,0.99288,0.99288,1
2012-03-12 02:47:00,0.99291,0.99294,0.99285,0.99285,7
2012-03-12 02:48:00,0.99285,0.99288,0.99285,0.99288,4
2012-03-12 02:49:00,0.99288,0.99288,0.99283,0.99283,5
2012-03-12 02:50:00,0.99283,0.99285,0.99283,0.99285,2
2012-03-12 02:51:00,0.99268,0.99285,0.99268,0.99285,13
2012-03-12 02:52:00,0.99268,0.99274,0.99268,0.99271,4
2012-03-12 02:53:00,0.99271,0.99271,0.99271,0.99271,1
2012-03-12 02:54:00,0.99276,0.99276,0.99274,0.99274,2
2012-03-12 02:55:00,0.99279,0.99279,0.99271,0.99274,7
2012-03-12 02:56:00,0.99268,0.99277,0.99266,0.99277,14
2012-03-12 02:57:00,0.99276,0.99276,0.99266,0.99266,7
2012-03-12 02:59:00,0.99279,0.99282,0.99277,0.99279,9
2012-03-12 03:00:00,0.9928,0.99282,0.99277,0.99277,6
2012-03-12 03:01:00,0.99268,0.99277,0.99266,0.99277,24
2012-03-12 03:02:00,0.99271,0.99271,0.99271,0.99271,1
2012-03-12 03:03:00,0.99268,0.99274,0.99266,0.99268,9
2012-03-12 03:05:00,0.99271,0.99271,0.99271,0.99271,1
2012-03-12 03:06:00,0.99268,0.99274,0.99266,0.99268,7
2012-03-12 03:07:00,0.99271,0.99271,0.99266,0.99271,7
2012-03-12 03:11:00,0.99268,0.99271,0.99268,0.99268,3
2012-03-12 03:12:00,0.99271,0.99271,0.99271,0.99271,1
2012-03-12 03:13:00,0.99271,0.99271,0.99268,0.99268,2
2012-03-12 03:14:00,0.99279,0.99279,0.99274,0.99274,3
2012-03-12 03:15:00,0.99266,0.99277,0.99266,0.99277,5
2012-03-12 03:16:00,0.9926,0.99263,0.9926,0.99263,4
2012-03-12 03:17:00,0.99257,0.99259,0.99254,0.99257,5
2012-03-12 03:18:00,0.99257,0.99257,0.99254,0.99254,4
2012-03-12 03:19:00,0.99259,0.99259,0.99259,0.99259,1
2012-03-12 03:20:00,0.99264,0.99269,0.99262,0.99262,5
2012-03-12 03:22:00,0.99261,0.99261,0.99261,0.99261,1
2012-03-12 03:23:00,0.99256,0.99258,0.99256,0.99258,4
2012-03-12 03:24:00,0.9925,0.99253,0.9925,0.99253,4
2012-03-12 03:26:00,0.99244,0.99247,0.99244,0.99247,2
2012-03-12 03:27:00,0.99222,0.99241,0.99222,0.99241,8
2012-03-12 03:28:00,0.99218,0.99219,0.99216,0.99219,3
2012-03-12 03:29:00,0.99221,0.99221,0.99216,0.99221,5
2012-03-12 03:31:00,0.99218,0.99219,0.99216,0.99219,3
2012-03-12 03:34:00,0.99221,0.99221,0.99221,0.99221,1
2012-03-12 03:35:00,0.99233,0.99233,0.99224,0.99224,4
2012-03-12 03:36:00,0.99238,0.99238,0.99235,0.99235,2
2012-03-12 03:37:00,0.9923,0.99236,0.9923,0.99236,5
2012-03-12 03:38:00,0.99227,0.99227,0.99227,0.99227,1
2012-03-12 03:39:00,0.99227,0.9923,0.99227,0.9923,2
2012-03-12 03:43:00,0.99222,0.99224,0.99222,0.99224,2
2012-03-12 03:44:00,0.99219,0.99219,0.99219,0.99219,1
2012-03-12 03:45:00,0.99197,0.99216,0.99189,0.99216,25
2012-03-12 03:46:00,0.99191,0.992,0.99186,0.992,8
2012-03-12 03:47:00,0.99189,0.99189,0.99189,0.99189,1
2012-03-12 03:48:00,0.99194,0.99194,0.99191,0.99191,2
2012-03-12 03:49:00,0.992,0.992,0.99192,0.99192,4
2012-03-12 03:50:00,0.992,0.992,0.99195,0.99197,4
2012-03-12 03:51:00,0.99197,0.992,0.99192,0.99197,7
2012-03-12 03:52:00,0.99195,0.99195,0.99195,0.99195,1
2012-03-12 03:53:00,0.99195,0.99197,0.99195,0.99197,4
2012-03-12 03:54:00,0.99208,0.99208,0.99197,0.99197,5
2012-03-12 03:55:00,0.99206,0.99208,0.99206,0.99206,7
2012-03-12 03:56:00,0.99208,0.99211,0.99206,0.99208,7
2012-03-12 03:57:00,0.99214,0.99214,0.99206,0.99206,6
2012-03-12 03:58:00,0.9922,0.9922,0.99212,0.99212,4
2012-03-12 03:59:00,0.99212,0.99217,0.99212,0.99217,3
2012-03-12 04:00:00,0.99209,0.99209,0.99209,0.99209,1
2012-03-12 04:01:00,0.99206,0.99206,0.99203,0.99206,3
2012-03-12 04:02:00,0.99206,0.99206,0.99203,0.99203,2
2012-03-12 04:04:00,0.99206,0.99208,0.99206,0.99208,4
2012-03-12 04:05:00,0.99208,0.99208,0.99208,0.99208,1
2012-03-12 04:06:00,0.99211,0.99211,0.99209,0.99211,3
2012-03-12 04:08:00,0.99217,0.9922,0.99214,0.99214,6
2012-03-12 04:11:00,0.99229,0.99231,0.9922,0.9922,6
2012-03-12 04:12:00,0.99226,0.99226,0.99226,0.99226,1
2012-03-12 04:13:00,0.9924,0.9924,0.99228,0.99228,5
2012-03-12 04:14:00,0.99229,0.99237,0.99229,0.99237,4
2012-03-12 04:16:00,0.99226,0.99228,0.99223,0.99226,5
2012-03-12 04:18:00,0.99223,0.99223,0.99223,0.99223,1
2012-03-12 04:20:00,0.99217,0.9922,0.99214,0.9922,6
2012-03-12 04:21:00,0.9922,0.9922,0.99214,0.99214,3
2012-03-12 04:24:00,0.9922,0.99225,0.9922,0.99223,4
2012-03-12 04:25:00,0.99225,0.99225,0.99223,0.99223,2
2012-03-12 04:27:00,0.99229,0.99231,0.99228,0.99228,3
2012-03-12 04:29:00,0.99234,0.99234,0.99231,0.99231,2
2012-03-12 04:30:00,0.99259,0.99259,0.99232,0.99232,11
2012-03-12 04:36:00,0.99262,0.99262,0.99262,0.99262,1
2012-03-12 04:37:00,0.99265,0.99265,0.99265,0.99265,1
2012-03-12 04:39:00,0.99268,0.99268,0.99268,0.99268,1
2012-03-12 04:40:00,0.99271,0.99271,0.99271,0.99271,1
2012-03-12 04:41:00,0.99274,0.99274,0.99274,0.99274,1
2012-03-12 04:42:00,0.99271,0.99271,0.99271,0.99271,1
2012-03-12 04:43:00,0.99271,0.99271,0.99268,0.99268,2
2012-03-12 04:44:00,0.99276,0.99276,0.99274,0.99274,2
2012-03-12 04:45:00,0.99276,0.99276,0.99274,0.99274,4
2012-03-12 04:46:00,0.99279,0.99279,0.99279,0.99279,1
2012-03-12 04:47:00,0.99279,0.99282,0.99277,0.99282,6
2012-03-12 04:48:00,0.99288,0.99291,0.99282,0.99282,5
2012-03-12 04:52:00,0.99282,0.99285,0.9928,0.99285,4
2012-03-12 04:53:00,0.99266,0.99282,0.99266,0.9928,12
2012-03-12 04:55:00,0.99257,0.99268,0.99257,0.99268,7
2012-03-12 04:56:00,0.99249,0.99254,0.99249,0.99254,3
2012-03-12 04:57:00,0.99245,0.99251,0.99243,0.99251,5
2012-03-12 04:58:00,0.99237,0.99243,0.99237,0.99243,3
2012-03-12 04:59:00,0.99254,0.99254,0.9924,0.9924,6
2012-03-12 05:00:00,0.99257,0.99271,0.99257,0.99257,19
2012-03-12 05:02:00,0.99262,0.99262,0.99259,0.99259,4
2012-03-12 05:03:00,0.99257,0.99262,0.99257,0.9926,4
2012-03-12 05:04:00,0.99251,0.99254,0.99251,0.99254,2
2012-03-12 05:06:00,0.99251,0.99251,0.99249,0.99249,2
2012-03-12 05:08:00,0.99249,0.99249,0.99249,0.99249,1
2012-03-12 05:09:00,0.99249,0.99251,0.99249,0.99251,2
2012-03-12 05:11:00,0.9924,0.99246,0.9924,0.99246,3
2012-03-12 05:13:00,0.99237,0.99237,0.99237,0.99237,1
2012-03-12 05:15:00,0.99237,0.9924,0.99237,0.9924,2
2012-03-12 05:17:00,0.99237,0.99237,0.99234,0.99234,2
2012-03-12 05:20:00,0.9924,0.9924,0.9924,0.9924,1
2012-03-12 05:21:00,0.99243,0.99245,0.99242,0.99242,3
2012-03-12 05:22:00,0.9924,0.99245,0.9924,0.99245,3
2012-03-12 05:24:00,0.9924,0.99242,0.9924,0.99242,2
2012-03-12 05:25:00,0.99237,0.99237,0.99237,0.99237,1
2012-03-12 05:29:00,0.9924,0.9924,0.9924,0.9924,1
2012-03-12 05:30:00,0.99242,0.99242,0.99242,0.99242,1
2012-03-12 05:31:00,0.99257,0.99259,0.99245,0.99245,7
2012-03-12 05:32:00,0.99259,0.99259,0.99259,0.99259,1
2012-03-12 05:34:00,0.99276,0.99276,0.99262,0.99262,6
2012-03-12 05:35:00,0.99279,0.99279,0.99271,0.99279,7
2012-03-12 05:36:00,0.99282,0.99282,0.99282,0.99282,1
2012-03-12 05:37:00,0.99254,0.9928,0.99254,0.9928,26
2012-03-12 05:38:00,0.99249,0.99259,0.99249,0.99257,16
2012-03-12 05:39:00,0.99254,0.99254,0.99246,0.99251,14
2012-03-12 05:40:00,0.99251,0.99251,0.99243,0.99251,7
2012-03-12 05:41:00,0.99254,0.99254,0.99246,0.99249,9
2012-03-12 05:42:00,0.99245,0.99251,0.99243,0.99251,5
2012-03-12 05:43:00,0.99251,0.99251,0.99246,0.99248,4
2012-03-12 05:44:00,0.99246,0.99251,0.99246,0.99249,4
2012-03-12 05:45:00,0.99242,0.99251,0.9924,0.99248,7
2012-03-12 05:46:00,0.9926,0.99262,0.99245,0.99245,10
2012-03-12 05:47:00,0.99257,0.99257,0.99257,0.99257,1
2012-03-12 05:48:00,0.99265,0.99265,0.99257,0.99259,7
2012-03-12 05:49:00,0.99251,0.99263,0.99249,0.99263,7
2012-03-12 05:50:00,0.99251,0.99251,0.99246,0.99249,4
2012-03-12 05:51:00,0.99259,0.99268,0.99254,0.99254,13
2012-03-12 05:54:00,0.99262,0.99262,0.99262,0.99262,1
2012-03-12 05:55:00,0.9926,0.99262,0.9926,0.9926,3
2012-03-12 05:56:00,0.99254,0.99257,0.99251,0.99257,4
2012-03-12 05:57:00,0.9926,0.99262,0.99257,0.99257,4
2012-03-12 05:58:00,0.99251,0.99262,0.99251,0.99262,7
2012-03-12 05:59:00,0.99251,0.99254,0.99249,0.99254,4
2012-03-12 06:00:00,0.99251,0.99251,0.99249,0.99249,2
2012-03-12 06:01:00,0.99246,0.99249,0.99246,0.99249,2
2012-03-12 06:02:00,0.99243,0.99243,0.99243,0.99243,1
2012-03-12 06:03:00,0.99251,0.99251,0.99245,0.99245,3
2012-03-12 06:04:00,0.99249,0.99257,0.99249,0.99249,7
2012-03-12 06:05:00,0.99259,0.99259,0.99251,0.99251,4
2012-03-12 06:06:00,0.9926,0.99271,0.9926,0.99262,12
2012-03-12 06:07:00,0.99259,0.99259,0.99257,0.99257,2
2012-03-12 06:08:00,0.99262,0.99262,0.99257,0.99262,5
2012-03-12 06:09:00,0.99259,0.99265,0.99257,0.99265,5
2012-03-12 06:10:00,0.99246,0.99257,0.99246,0.99257,7
2012-03-12 06:11:00,0.99243,0.99243,0.99243,0.99243,1
2012-03-12 06:14:00,0.99242,0.99242,0.9924,0.9924,2
2012-03-12 06:16:00,0.9924,0.99245,0.9924,0.99245,3
2012-03-12 06:17:00,0.99237,0.99237,0.99234,0.99237,3
2012-03-12 06:18:00,0.9924,0.99242,0.9924,0.9924,3
2012-03-12 06:19:00,0.99234,0.99237,0.99234,0.99237,2
2012-03-12 06:20:00,0.9924,0.99242,0.99237,0.99237,6
2012-03-12 06:21:00,0.99243,0.99245,0.99237,0.99242,7
2012-03-12 06:22:00,0.99251,0.99251,0.99243,0.99245,9
2012-03-12 06:23:00,0.99254,0.99254,0.99254,0.99254,1
2012-03-12 06:24:00,0.99251,0.99259,0.99246,0.99257,11
2012-03-12 06:25:00,0.99246,0.99249,0.99246,0.99249,2
2012-03-12 06:26:00,0.99248,0.99248,0.99248,0.99248,1
2012-03-12 06:27:00,0.99237,0.99246,0.99237,0.99246,4
2012-03-12 06:28:00,0.99234,0.99234,0.99234,0.99234,1
2012-03-12 06:29:00,0.99234,0.99234,0.99232,0.99232,2
2012-03-12 06:30:00,0.99234,0.99234,0.99232,0.99232,4
2012-03-12 06:31:00,0.99242,0.99242,0.99237,0.99237,3
2012-03-12 06:34:00,0.99237,0.99245,0.99237,0.99245,4
2012-03-12 06:35:00,0.99245,0.99245,0.9924,0.9924,7
2012-03-12 06:36:00,0.99234,0.99243,0.99234,0.99243,4
2012-03-12 06:37:00,0.9924,0.9924,0.99237,0.99237,2
2012-03-12 06:38:00,0.9924,0.9924,0.99237,0.99237,2
2012-03-12 06:39:00,0.99237,0.99237,0.99237,0.99237,1
2012-03-12 06:40:00,0.99237,0.99237,0.99234,0.99234,2
2012-03-12 06:41:00,0.99226,0.9924,0.99226,0.9924,8
2012-03-12 06:42:00,0.99223,0.99231,0.99223,0.99223,7
2012-03-12 06:43:00,0.99214,0.99225,0.99214,0.9922,7
2012-03-12 06:44:00,0.99217,0.99217,0.99209,0.99212,5
2012-03-12 06:45:00,0.9922,0.9922,0.99214,0.99214,3
2012-03-12 06:46:00,0.99214,0.99217,0.99214,0.99217,2
2012-03-12 06:47:00,0.99214,0.99214,0.99206,0.99212,8
2012-03-12 06:48:00,0.99197,0.99212,0.99197,0.99212,6
2012-03-12 06:49:00,0.99211,0.99214,0.992,0.992,11
2012-03-12 06:50:00,0.99197,0.99214,0.99195,0.99214,9
2012-03-12 06:51:00,0.9918,0.99195,0.9918,0.99195,6
2012-03-12 06:52:00,0.99169,0.99191,0.99169,0.99183,16
2012-03-12 06:53:00,0.9918,0.9918,0.99172,0.99172,6
2012-03-12 06:54:00,0.99177,0.99183,0.99175,0.99183,5
2012-03-12 06:55:00,0.99175,0.99175,0.99175,0.99175,1
2012-03-12 06:56:00,0.99169,0.99172,0.99169,0.99172,2
2012-03-12 06:58:00,0.99166,0.99166,0.99166,0.99166,1
2012-03-12 06:59:00,0.99169,0.99172,0.99169,0.99169,3
2012-03-12 07:00:00,0.9918,0.9918,0.99172,0.99172,4
2012-03-12 07:01:00,0.99171,0.99186,0.99171,0.99178,13
2012-03-12 07:02:00,0.99167,0.99176,0.99162,0.99173,11
2012-03-12 07:03:00,0.9917,0.9917,0.99165,0.99165,7
2012-03-12 07:04:00,0.9917,0.99179,0.99168,0.99173,10
2012-03-12 07:05:00,0.99167,0.99173,0.99162,0.99173,11
2012-03-12 07:06:00,0.99159,0.99165,0.99159,0.99165,3
2012-03-12 07:07:00,0.99159,0.99164,0.99159,0.99162,4
2012-03-12 07:08:00,0.99164,0.99167,0.99159,0.99162,12
2012-03-12 07:09:00,0.99164,0.99164,0.99162,0.99162,4
2012-03-12 07:10:00,0.99162,0.99167,0.99162,0.99167,3
2012-03-12 07:11:00,0.99167,0.99167,0.99156,0.99159,8
2012-03-12 07:12:00,0.9917,0.9917,0.9917,0.9917,1
2012-03-12 07:13:00,0.99162,0.99168,0.99159,0.99168,5
2012-03-12 07:14:00,0.9915,0.99159,0.99145,0.99159,10
2012-03-12 07:16:00,0.99153,0.99153,0.99145,0.99148,5
2012-03-12 07:17:00,0.99153,0.99153,0.99151,0.99151,2
2012-03-12 07:18:00,0.99148,0.99151,0.99148,0.99151,2
2012-03-12 07:19:00,0.99134,0.99153,0.99128,0.9915,27
2012-03-12 07:20:00,0.99125,0.99136,0.99125,0.99136,7
2012-03-12 07:22:00,0.99114,0.99125,0.99111,0.99122,10
2012-03-12 07:23:00,0.99113,0.99122,0.99111,0.99111,14
2012-03-12 07:24:00,0.99097,0.99119,0.99097,0.99116,10
2012-03-12 07:25:00,0.99091,0.99102,0.99091,0.99099,8
2012-03-12 07:26:00,0.99097,0.99102,0.99093,0.99093,9
2012-03-12 07:28:00,0.991,0.99102,0.99099,0.99099,5
2012-03-12 07:29:00,0.99091,0.99097,0.99088,0.99097,5
2012-03-12 07:30:00,0.99091,0.99091,0.99088,0.99088,2
2012-03-12 07:31:00,0.99088,0.99093,0.99088,0.99093,5
2012-03-12 07:32:00,0.99085,0.99085,0.99085,0.99085,1
2012-03-12 07:33:00,0.99093,0.99093,0.99083,0.99088,17
2012-03-12 07:34:00,0.99082,0.99091,0.9908,0.99091,30
2012-03-12 07:35:00,0.99074,0.99082,0.99074,0.9908,7
2012-03-12 07:36:00,0.99071,0.99074,0.99071,0.99071,3
2012-03-12 07:37:00,0.99059,0.99068,0.99057,0.99068,6
2012-03-12 07:38:00,0.99047,0.99065,0.99047,0.99062,28
2012-03-12 07:39:00,0.99032,0.9905,0.9903,0.9905,9
2012-03-12 07:40:00,0.99024,0.99032,0.99016,0.9903,11
2012-03-12 07:41:00,0.9903,0.9903,0.99027,0.99027,2
2012-03-12 07:42:00,0.99041,0.99044,0.99019,0.99027,18
2012-03-12 07:43:00,0.99044,0.99044,0.99036,0.99039,5
2012-03-12 07:44:00,0.9905,0.99055,0.99047,0.99047,6
2012-03-12 07:45:00,0.9905,0.99052,0.99047,0.99047,4
2012-03-12 07:46:00,0.99055,0.99055,0.99047,0.99047,4
2012-03-12 07:47:00,0.99067,0.99067,0.99056,0.99058,6
2012-03-12 07:48:00,0.99058,0.99069,0.99058,0.99069,5
2012-03-12 07:49:00,0.99064,0.99064,0.99061,0.99061,4
2012-03-12 07:50:00,0.99064,0.99067,0.99061,0.99067,4
2012-03-12 07:51:00,0.99061,0.99067,0.99061,0.99067,3
2012-03-12 07:52:00,0.99038,0.99058,0.99033,0.99058,16
2012-03-12 07:53:00,0.99047,0.99047,0.99041,0.99041,3
2012-03-12 07:54:00,0.99064,0.99064,0.9905,0.9905,6
2012-03-12 07:55:00,0.99084,0.99084,0.99061,0.99061,9
2012-03-12 07:56:00,0.99086,0.99086,0.99081,0.99081,5
2012-03-12 07:57:00,0.99095,0.99095,0.99089,0.99089,5
2012-03-12 07:58:00,0.99081,0.99098,0.99081,0.99098,7
2012-03-12 07:59:00,0.99064,0.99078,0.99064,0.99078,6
2012-03-12 08:00:00,0.99067,0.99069,0.99058,0.99061,11
2012-03-12 08:01:00,0.99086,0.99086,0.99069,0.99069,9
2012-03-12 08:02:00,0.99112,0.99112,0.99089,0.99089,13
2012-03-12 08:03:00,0.99101,0.9911,0.99101,0.9911,4
2012-03-12 08:04:00,0.99098,0.99103,0.99081,0.99098,19
2012-03-12 08:05:00,0.99073,0.99098,0.99073,0.99095,15
2012-03-12 08:06:00,0.99069,0.99075,0.99067,0.9907,7
2012-03-12 08:07:00,0.99058,0.99075,0.99058,0.99072,10
2012-03-12 08:08:00,0.99061,0.99069,0.99056,0.99056,9
2012-03-12 08:09:00,0.99064,0.99069,0.99058,0.99064,13
2012-03-12 08:10:00,0.99069,0.99069,0.99061,0.99061,10
2012-03-12 08:11:00,0.99069,0.99069,0.99061,0.99067,14
2012-03-12 08:12:00,0.9907,0.99072,0.99061,0.99067,20
2012-03-12 08:13:00,0.99073,0.99081,0.99072,0.99072,17
2012-03-12 08:14:00,0.99081,0.99089,0.99075,0.99075,11
2012-03-12 08:15:00,0.99098,0.99098,0.99084,0.99084,8
2012-03-12 08:16:00,0.99101,0.99106,0.99101,0.99101,15
2012-03-12 08:17:00,0.99106,0.99106,0.99103,0.99103,2
2012-03-12 08:18:00,0.99122,0.99137,0.99109,0.99109,18
2012-03-12 08:19:00,0.99108,0.99122,0.99108,0.99119,15
2012-03-12 08:20:00,0.99111,0.99111,0.99102,0.99105,7
2012-03-12 08:21:00,0.991,0.99119,0.991,0.99108,20
2012-03-12 08:22:00,0.99097,0.99102,0.99097,0.99097,11
2012-03-12 08:23:00,0.99093,0.99099,0.99091,0.99099,11
2012-03-12 08:24:00,0.99119,0.99119,0.99091,0.99091,11
2012-03-12 08:25:00,0.99114,0.99122,0.99114,0.99122,6
2012-03-12 08:26:00,0.99125,0.99128,0.99116,0.99116,10
2012-03-12 08:27:00,0.99113,0.99122,0.99111,0.99122,10
2012-03-12 08:28:00,0.99105,0.99125,0.99105,0.99111,17
2012-03-12 08:29:00,0.991,0.99108,0.991,0.99102,12
2012-03-12 08:30:00,0.99091,0.99102,0.99091,0.99102,13
2012-03-12 08:31:00,0.99102,0.99102,0.99088,0.99088,6
2012-03-12 08:32:00,0.99159,0.99159,0.99105,0.99105,20
2012-03-12 08:33:00,0.99168,0.99179,0.99159,0.99162,47
2012-03-12 08:34:00,0.9917,0.99176,0.99162,0.9917,15
2012-03-12 08:35:00,0.99171,0.99181,0.99168,0.99173,20
2012-03-12 08:36:00,0.99188,0.99193,0.99173,0.99173,10
2012-03-12 08:37:00,0.99181,0.9919,0.99176,0.9919,8
2012-03-12 08:38:00,0.99168,0.9919,0.99168,0.99184,21
2012-03-12 08:39:00,0.99158,0.99167,0.99152,0.99165,21
2012-03-12 08:40:00,0.99202,0.99204,0.99149,0.99155,39
2012-03-12 08:41:00,0.99204,0.99207,0.99196,0.99204,25
2012-03-12 08:42:00,0.99187,0.99202,0.99179,0.99202,36
2012-03-12 08:43:00,0.99168,0.99187,0.99168,0.99185,25
2012-03-12 08:44:00,0.99147,0.99165,0.99136,0.99165,19
2012-03-12 08:45:00,0.99147,0.99162,0.99145,0.9915,30
2012-03-12 08:46:00,0.99136,0.99156,0.99134,0.99145,30
2012-03-12 08:47:00,0.99153,0.99156,0.99139,0.99139,16
2012-03-12 08:48:00,0.99151,0.99156,0.99151,0.99156,3
2012-03-12 08:49:00,0.99142,0.99153,0.99142,0.99148,13
2012-03-12 08:50:00,0.99139,0.99145,0.99134,0.99145,9
2012-03-12 08:51:00,0.99134,0.99142,0.99131,0.99136,12
2012-03-12 08:52:00,0.99136,0.99136,0.99131,0.99136,9
2012-03-12 08:53:00,0.99157,0.99157,0.99134,0.99134,19
2012-03-12 08:54:00,0.99166,0.99174,0.99158,0.9916,29
2012-03-12 08:55:00,0.99124,0.99163,0.99124,0.99163,17
2012-03-12 08:56:00,0.9914,0.9914,0.99124,0.99126,8
2012-03-12 08:57:00,0.99135,0.99143,0.99132,0.99143,12
2012-03-12 08:58:00,0.99132,0.99137,0.99132,0.99137,3
2012-03-12 08:59:00,0.99132,0.99135,0.99129,0.99129,6
2012-03-12 09:00:00,0.99104,0.99129,0.99104,0.99129,14
2012-03-12 09:01:00,0.99103,0.99106,0.99101,0.99106,8
2012-03-12 09:02:00,0.99098,0.99106,0.99098,0.99101,8
2012-03-12 09:03:00,0.99106,0.99106,0.99101,0.99101,3
2012-03-12 09:05:00,0.99086,0.99104,0.99084,0.99104,13
2012-03-12 09:06:00,0.99081,0.99084,0.99081,0.99084,2
2012-03-12 09:07:00,0.99081,0.99092,0.99081,0.99084,10
2012-03-12 09:08:00,0.99081,0.99086,0.99081,0.99084,4
2012-03-12 09:09:00,0.99078,0.99078,0.9907,0.99078,7
2012-03-12 09:10:00,0.99081,0.99084,0.9907,0.99075,11
2012-03-12 09:11:00,0.99104,0.99112,0.99084,0.99084,16
2012-03-12 09:12:00,0.99115,0.99115,0.99106,0.99106,14
2012-03-12 09:13:00,0.99112,0.99115,0.99107,0.99112,15
2012-03-12 09:14:00,0.99112,0.99115,0.9911,0.99115,4
2012-03-12 09:15:00,0.99112,0.99112,0.9911,0.9911,4
2012-03-12 09:16:00,0.99112,0.99112,0.9911,0.9911,2
2012-03-12 09:17:00,0.99089,0.99115,0.99081,0.99115,18
2012-03-12 09:18:00,0.99081,0.99092,0.99081,0.99087,9
2012-03-12 09:20:00,0.99061,0.99078,0.99061,0.99078,7
2012-03-12 09:21:00,0.99041,0.99064,0.99039,0.99064,13
2012-03-12 09:22:00,0.9905,0.99058,0.99044,0.99044,13
2012-03-12 09:23:00,0.9905,0.9905,0.99041,0.99047,6
2012-03-12 09:24:00,0.9905,0.99058,0.99047,0.99052,8
2012-03-12 09:25:00,0.99041,0.99047,0.99039,0.99047,7
2012-03-12 09:26:00,0.99041,0.99047,0.99036,0.99044,10
2012-03-12 09:27:00,0.99041,0.99052,0.99041,0.99044,10
2012-03-12 09:28:00,0.99039,0.99041,0.99024,0.99039,19
2012-03-12 09:29:00,0.99058,0.99061,0.99041,0.99041,13
2012-03-12 09:30:00,0.99061,0.99061,0.9905,0.99056,13
2012-03-12 09:31:00,0.99069,0.99069,0.99061,0.99064,7
2012-03-12 09:32:00,0.99069,0.99069,0.99061,0.99067,6
2012-03-12 09:33:00,0.99078,0.99078,0.99064,0.99067,9
2012-03-12 09:34:00,0.99033,0.99075,0.99033,0.99075,20
2012-03-12 09:35:00,0.99022,0.9903,0.99019,0.9903,8
2012-03-12 09:36:00,0.99027,0.99027,0.99024,0.99024,2
2012-03-12 09:37:00,0.99047,0.99047,0.9903,0.9903,13
2012-03-12 09:38:00,0.9905,0.9905,0.99044,0.99044,9
2012-03-12 09:39:00,0.99055,0.99055,0.99052,0.99052,6
2012-03-12 09:40:00,0.99052,0.99055,0.9905,0.99053,9
2012-03-12 09:41:00,0.99041,0.9905,0.99041,0.9905,4
2012-03-12 09:42:00,0.99044,0.99044,0.99033,0.99039,11
2012-03-12 09:43:00,0.99047,0.99055,0.99041,0.99041,17
2012-03-12 09:44:00,0.99052,0.99055,0.99047,0.9905,10
2012-03-12 09:45:00,0.9905,0.99055,0.99047,0.9905,11
2012-03-12 09:46:00,0.99041,0.99055,0.99041,0.99052,13
2012-03-12 09:47:00,0.99047,0.9905,0.99039,0.99044,16
2012-03-12 09:48:00,0.9905,0.99052,0.9905,0.9905,7
2012-03-12 09:49:00,0.99047,0.9905,0.99047,0.99047,3
2012-03-12 09:50:00,0.99055,0.99055,0.99044,0.99044,7
2012-03-12 09:51:00,0.99055,0.99058,0.99053,0.99058,8
2012-03-12 09:52:00,0.9905,0.99058,0.9905,0.99053,14
2012-03-12 09:53:00,0.99041,0.99047,0.99039,0.99047,19
2012-03-12 09:54:00,0.99044,0.99044,0.99039,0.99039,7
2012-03-12 09:55:00,0.99024,0.99041,0.99016,0.99041,21
2012-03-12 09:56:00,0.99033,0.99035,0.99019,0.99022,9
2012-03-12 09:57:00,0.99038,0.99038,0.99035,0.99035,2
2012-03-12 09:58:00,0.99021,0.99036,0.99019,0.99036,8
2012-03-12 09:59:00,0.99032,0.99032,0.99016,0.99019,12
2012-03-12 10:00:00,0.99035,0.99035,0.99035,0.99035,1
2012-03-12 10:01:00,0.9903,0.99033,0.9903,0.99033,12
2012-03-12 10:02:00,0.99022,0.99027,0.99022,0.99027,5
2012-03-12 10:03:00,0.99024,0.99024,0.99019,0.99019,7
2012-03-12 10:05:00,0.99027,0.99027,0.99027,0.99027,1
2012-03-12 10:06:00,0.99021,0.99024,0.99019,0.99024,4
2012-03-12 10:07:00,0.98999,0.99019,0.98999,0.99019,8
2012-03-12 10:08:00,0.99004,0.99004,0.98993,0.98996,8
2012-03-12 10:10:00,0.99004,0.99004,0.99002,0.99002,2
2012-03-12 10:11:00,0.99021,0.99021,0.99002,0.99002,12
2012-03-12 10:12:00,0.9901,0.99019,0.99002,0.99019,12
2012-03-12 10:13:00,0.99005,0.9901,0.99005,0.99007,6
2012-03-12 10:14:00,0.99027,0.99027,0.99002,0.99002,16
2012-03-12 10:15:00,0.99032,0.99032,0.99019,0.9903,10
2012-03-12 10:16:00,0.99041,0.99047,0.99035,0.99035,11
2012-03-12 10:17:00,0.99035,0.99044,0.99033,0.99044,16
2012-03-12 10:18:00,0.99032,0.99035,0.9903,0.99033,7
2012-03-12 10:19:00,0.99024,0.9903,0.99022,0.9903,5
2012-03-12 10:20:00,0.99039,0.99044,0.99027,0.99027,9
2012-03-12 10:21:00,0.99038,0.99038,0.99022,0.99036,14
2012-03-12 10:22:00,0.99038,0.99041,0.99036,0.99041,6
2012-03-12 10:23:00,0.99027,0.99036,0.99027,0.99036,8
2012-03-12 10:24:00,0.99038,0.99044,0.9903,0.9903,14
2012-03-12 10:25:00,0.9903,0.99044,0.9903,0.99041,13
2012-03-12 10:26:00,0.9903,0.99038,0.99027,0.99032,12
2012-03-12 10:27:00,0.99021,0.99032,0.99016,0.99032,11
2012-03-12 10:28:00,0.9903,0.99032,0.99022,0.99024,13
2012-03-12 10:29:00,0.99033,0.99035,0.9903,0.99032,5
2012-03-12 10:30:00,0.99047,0.99047,0.99035,0.99035,9
2012-03-12 10:31:00,0.9905,0.99052,0.99047,0.9905,5
2012-03-12 10:32:00,0.99053,0.99055,0.99052,0.99052,3
2012-03-12 10:33:00,0.99067,0.99067,0.99055,0.99055,5
2012-03-12 10:34:00,0.9908,0.99083,0.99069,0.99069,16
2012-03-12 10:35:00,0.99085,0.99088,0.99082,0.99082,4
2012-03-12 10:36:00,0.99091,0.99091,0.99088,0.99088,4
2012-03-12 10:37:00,0.9908,0.99088,0.9908,0.99088,6
2012-03-12 10:38:00,0.99057,0.99077,0.99054,0.99077,10
2012-03-12 10:39:00,0.99057,0.99059,0.99051,0.99059,10
2012-03-12 10:40:00,0.99054,0.99054,0.99054,0.99054,1
2012-03-12 10:41:00,0.99057,0.99057,0.99057,0.99057,1
2012-03-12 10:42:00,0.99074,0.99076,0.99059,0.99059,10
2012-03-12 10:43:00,0.99088,0.99088,0.99076,0.99076,5
2012-03-12 10:44:00,0.99074,0.99085,0.99071,0.99085,9
2012-03-12 10:45:00,0.99068,0.99071,0.99066,0.99071,6
2012-03-12 10:46:00,0.99066,0.99076,0.99066,0.99071,23
2012-03-12 10:47:00,0.99054,0.99063,0.99049,0.99063,16
2012-03-12 10:48:00,0.99065,0.99065,0.99057,0.99057,4
2012-03-12 10:49:00,0.99076,0.99079,0.99068,0.99068,14
2012-03-12 10:50:00,0.99074,0.99079,0.99066,0.99074,21
2012-03-12 10:51:00,0.99082,0.99082,0.99074,0.99076,11
2012-03-12 10:52:00,0.991,0.99105,0.9908,0.9908,30
2012-03-12 10:53:00,0.99102,0.99113,0.991,0.99102,13
2012-03-12 10:54:00,0.99085,0.991,0.99085,0.991,6
2012-03-12 10:55:00,0.99088,0.99088,0.99088,0.99088,1
2012-03-12 10:56:00,0.991,0.99105,0.99091,0.99091,14
2012-03-12 10:57:00,0.99085,0.99105,0.99083,0.99102,15
2012-03-12 10:58:00,0.9908,0.99083,0.99068,0.99083,12
2012-03-12 10:59:00,0.99091,0.99093,0.99063,0.99077,35
2012-03-12 11:00:00,0.99102,0.99102,0.99083,0.99088,22
2012-03-12 11:01:00,0.991,0.99105,0.991,0.99105,3
2012-03-12 11:02:00,0.99099,0.99099,0.99097,0.99097,2
2012-03-12 11:03:00,0.99108,0.99108,0.99091,0.99097,13
2012-03-12 11:04:00,0.99113,0.99116,0.99111,0.99111,16
2012-03-12 11:05:00,0.99111,0.99116,0.99111,0.99116,9
2012-03-12 11:06:00,0.99108,0.99108,0.99108,0.99108,1
2012-03-12 11:07:00,0.99105,0.99105,0.99105,0.99105,1
2012-03-12 11:09:00,0.99113,0.99113,0.99108,0.99108,7
2012-03-12 11:10:00,0.99116,0.99116,0.99111,0.99116,9
2012-03-12 11:11:00,0.99114,0.99116,0.99114,0.99114,3
2012-03-12 11:12:00,0.99111,0.99113,0.99111,0.99111,3
2012-03-12 11:13:00,0.99111,0.99113,0.99111,0.99113,2
2012-03-12 11:14:00,0.99116,0.99116,0.99111,0.99113,6
2012-03-12 11:15:00,0.99117,0.99119,0.99117,0.99119,2
2012-03-12 11:16:00,0.99111,0.99125,0.99111,0.99119,14
2012-03-12 11:17:00,0.99113,0.99116,0.99111,0.99113,11
2012-03-12 11:18:00,0.99108,0.99116,0.99108,0.99116,6
2012-03-12 11:19:00,0.99113,0.99116,0.99094,0.99111,32
2012-03-12 11:20:00,0.99125,0.9913,0.99105,0.99111,20
2012-03-12 11:21:00,0.99128,0.99128,0.99128,0.99128,1
2012-03-12 11:22:00,0.99119,0.99125,0.99117,0.99125,5
2012-03-12 11:23:00,0.99108,0.99122,0.99108,0.99117,14
2012-03-12 11:24:00,0.99105,0.99108,0.991,0.99105,11
2012-03-12 11:25:00,0.991,0.99108,0.991,0.99108,4
2012-03-12 11:26:00,0.99097,0.99097,0.99097,0.99097,1
2012-03-12 11:27:00,0.99111,0.99111,0.99099,0.99099,9
2012-03-12 11:28:00,0.99119,0.99119,0.99113,0.99113,5
2012-03-12 11:29:00,0.9913,0.9913,0.99122,0.99122,6
2012-03-12 11:30:00,0.99136,0.99136,0.99128,0.99128,4
2012-03-12 11:32:00,0.99139,0.99153,0.99139,0.99139,11
2012-03-12 11:33:00,0.99133,0.99136,0.99131,0.99136,4
2012-03-12 11:34:00,0.99131,0.99139,0.99125,0.99131,21
2012-03-12 11:35:00,0.99125,0.9913,0.99125,0.99128,8
2012-03-12 11:36:00,0.9913,0.9913,0.99128,0.99128,4
2012-03-12 11:37:00,0.99122,0.9913,0.99122,0.99128,5
2012-03-12 11:38:00,0.99139,0.99139,0.99125,0.99125,6
2012-03-12 11:39:00,0.99147,0.99147,0.99139,0.99142,7
2012-03-12 11:40:00,0.99148,0.99156,0.99148,0.9915,6
2012-03-12 11:41:00,0.99145,0.99145,0.99145,0.99145,1
2012-03-12 11:42:00,0.99136,0.99142,0.99125,0.99142,21
2012-03-12 11:43:00,0.99139,0.99145,0.99128,0.99139,21
2012-03-12 11:44:00,0.99139,0.99142,0.99136,0.99142,6
2012-03-12 11:45:00,0.99142,0.99142,0.99139,0.99142,9
2012-03-12 11:46:00,0.99134,0.99145,0.99134,0.99145,9
2012-03-12 11:47:00,0.99134,0.99136,0.99131,0.99131,6
2012-03-12 11:48:00,0.99139,0.99145,0.99134,0.99136,8
2012-03-12 11:49:00,0.99145,0.99145,0.99134,0.99142,20
2012-03-12 11:50:00,0.99142,0.99142,0.99131,0.99142,15
2012-03-12 11:51:00,0.99142,0.99142,0.99134,0.99139,14
2012-03-12 11:52:00,0.99139,0.99145,0.99139,0.99145,5
2012-03-12 11:53:00,0.99139,0.99142,0.99139,0.99142,4
2012-03-12 11:54:00,0.99153,0.99153,0.99142,0.99142,17
2012-03-12 11:55:00,0.99156,0.99156,0.99148,0.99151,11
2012-03-12 11:56:00,0.99145,0.99153,0.99145,0.99153,6
2012-03-12 11:57:00,0.99145,0.99153,0.99136,0.99142,18
2012-03-12 11:58:00,0.99148,0.9915,0.99128,0.99142,21
2012-03-12 11:59:00,0.99142,0.99145,0.99134,0.99145,8
2012-03-12 12:00:00,0.99148,0.99153,0.99145,0.99145,6
2012-03-12 12:01:00,0.99159,0.99164,0.99145,0.99145,18
2012-03-12 12:02:00,0.99164,0.99164,0.99156,0.99162,10
2012-03-12 12:03:00,0.99164,0.99164,0.99162,0.99162,6
2012-03-12 12:05:00,0.9917,0.99173,0.99167,0.99167,12
2012-03-12 12:06:00,0.99156,0.9917,0.99151,0.99168,23
2012-03-12 12:07:00,0.99162,0.99162,0.99151,0.99159,18
2012-03-12 12:08:00,0.99167,0.99167,0.99156,0.99159,6
2012-03-12 12:09:00,0.99165,0.9917,0.99165,0.99165,5
2012-03-12 12:10:00,0.99205,0.99213,0.99162,0.99162,26
2012-03-12 12:11:00,0.99193,0.99202,0.9919,0.99202,6
2012-03-12 12:12:00,0.99185,0.9919,0.99185,0.9919,3
2012-03-12 12:13:00,0.99193,0.99193,0.99182,0.99182,7
2012-03-12 12:14:00,0.99202,0.99204,0.99188,0.9919,9
2012-03-12 12:15:00,0.99195,0.99213,0.99192,0.99199,35
2012-03-12 12:16:00,0.99203,0.99203,0.99195,0.99197,9
2012-03-12 12:17:00,0.99195,0.99214,0.99195,0.99206,13
2012-03-12 12:18:00,0.992,0.992,0.99197,0.99197,4
2012-03-12 12:19:00,0.99192,0.99197,0.99192,0.99197,3
2012-03-12 12:20:00,0.99203,0.99203,0.99186,0.99194,12
2012-03-12 12:21:00,0.99183,0.992,0.9918,0.992,19
2012-03-12 12:22:00,0.99183,0.99186,0.9918,0.9918,12
2012-03-12 12:23:00,0.9918,0.99186,0.9918,0.99186,3
2012-03-12 12:24:00,0.992,0.992,0.99183,0.99183,21
2012-03-12 12:25:00,0.99217,0.99217,0.99203,0.99203,26
2012-03-12 12:26:00,0.9924,0.99245,0.9922,0.9922,24
2012-03-12 12:27:00,0.99223,0.99242,0.99223,0.99242,8
2012-03-12 12:28:00,0.9922,0.99231,0.99217,0.99225,21
2012-03-12 12:29:00,0.99245,0.99245,0.99217,0.99217,17
2012-03-12 12:30:00,0.9924,0.99245,0.9924,0.99243,8
2012-03-12 12:31:00,0.99257,0.99257,0.99232,0.99237,18
2012-03-12 12:32:00,0.9926,0.99288,0.99243,0.99254,35
2012-03-12 12:33:00,0.99271,0.99271,0.99262,0.99262,12
2012-03-12 12:34:00,0.99274,0.99274,0.99274,0.99274,1
2012-03-12 12:35:00,0.99314,0.99316,0.99276,0.99276,22
2012-03-12 12:36:00,0.99311,0.99322,0.99311,0.99316,17
2012-03-12 12:37:00,0.99283,0.99313,0.99283,0.99308,18
2012-03-12 12:38:00,0.99274,0.99294,0.99274,0.9928,19
2012-03-12 12:39:00,0.99302,0.99305,0.99276,0.99276,16
2012-03-12 12:40:00,0.99288,0.99305,0.99288,0.99305,9
2012-03-12 12:41:00,0.99274,0.99299,0.99274,0.99285,17
2012-03-12 12:42:00,0.99271,0.99276,0.99268,0.99276,5
2012-03-12 12:43:00,0.99291,0.99294,0.99274,0.99274,9
2012-03-12 12:44:00,0.99291,0.99299,0.99285,0.99294,16
2012-03-12 12:45:00,0.99331,0.99333,0.99285,0.99288,24
2012-03-12 12:46:00,0.99336,0.99336,0.99331,0.99333,8
2012-03-12 12:47:00,0.99336,0.99342,0.99336,0.99339,4
2012-03-12 12:48:00,0.99328,0.99334,0.99328,0.99334,7
2012-03-12 12:49:00,0.99331,0.99333,0.99311,0.99325,17
2012-03-12 12:50:00,0.99331,0.99342,0.99331,0.99333,12
2012-03-12 12:51:00,0.9935,0.9935,0.99328,0.99333,21
2012-03-12 12:52:00,0.99342,0.99353,0.99342,0.99348,19
2012-03-12 12:53:00,0.9935,0.99353,0.99339,0.99339,11
2012-03-12 12:54:00,0.99353,0.99353,0.99348,0.99348,3
2012-03-12 12:55:00,0.99353,0.99356,0.99348,0.99356,10
2012-03-12 12:56:00,0.99328,0.99351,0.99325,0.99351,19
2012-03-12 12:57:00,0.99314,0.99328,0.99314,0.99325,11
2012-03-12 12:58:00,0.99322,0.99322,0.99305,0.99311,19
2012-03-12 12:59:00,0.9933,0.99333,0.99308,0.99319,29
2012-03-12 13:00:00,0.99339,0.9935,0.99333,0.99333,25
2012-03-12 13:01:00,0.99345,0.99347,0.99336,0.99336,16
2012-03-12 13:02:00,0.99345,0.99353,0.99342,0.99342,16
2012-03-12 13:03:00,0.99347,0.99347,0.99347,0.99347,1
2012-03-12 13:04:00,0.99325,0.99345,0.99322,0.99345,12
2012-03-12 13:05:00,0.99322,0.99325,0.99319,0.99322,5
2012-03-12 13:06:00,0.99313,0.9933,0.99308,0.99325,19
2012-03-12 13:07:00,0.99299,0.99316,0.99294,0.99316,15
2012-03-12 13:08:00,0.993,0.99313,0.99288,0.99297,28
2012-03-12 13:09:00,0.99291,0.99299,0.99285,0.99297,13
2012-03-12 13:10:00,0.99283,0.99302,0.99283,0.99294,11
2012-03-12 13:11:00,0.99285,0.99288,0.9928,0.99285,11
2012-03-12 13:12:00,0.993,0.99302,0.99288,0.99288,7
2012-03-12 13:13:00,0.99313,0.99313,0.99291,0.99302,13
2012-03-12 13:14:00,0.993,0.99316,0.993,0.99311,15
2012-03-12 13:15:00,0.99292,0.99301,0.9929,0.99297,12
2012-03-12 13:16:00,0.99295,0.99303,0.99295,0.99295,11
2012-03-12 13:17:00,0.99315,0.9932,0.99298,0.99298,11
2012-03-12 13:18:00,0.99332,0.99332,0.99315,0.99318,16
2012-03-12 13:19:00,0.99332,0.99332,0.99327,0.99329,10
2012-03-12 13:20:00,0.99324,0.99329,0.99324,0.99329,5
2012-03-12 13:21:00,0.99341,0.99343,0.99326,0.99326,10
2012-03-12 13:22:00,0.99335,0.9934,0.99332,0.99338,8
2012-03-12 13:23:00,0.99342,0.99354,0.99329,0.99332,21
2012-03-12 13:24:00,0.99293,0.99342,0.99293,0.99339,33
2012-03-12 13:25:00,0.99293,0.99301,0.99293,0.99295,6
2012-03-12 13:26:00,0.99272,0.99292,0.9927,0.9929,13
2012-03-12 13:27:00,0.99267,0.99275,0.99267,0.9927,8
2012-03-12 13:28:00,0.99272,0.99275,0.99267,0.99269,10
2012-03-12 13:29:00,0.99272,0.99275,0.9927,0.99275,8
2012-03-12 13:30:00,0.99269,0.99275,0.99261,0.99275,21
2012-03-12 13:31:00,0.99278,0.99278,0.99272,0.99272,3
2012-03-12 13:32:00,0.99295,0.99295,0.99278,0.99281,14
2012-03-12 13:33:00,0.99309,0.99309,0.99298,0.99298,19
2012-03-12 13:34:00,0.99309,0.99326,0.99304,0.99312,30
2012-03-12 13:35:00,0.99318,0.99323,0.99293,0.99312,47
2012-03-12 13:36:00,0.99341,0.99343,0.99318,0.9932,24
2012-03-12 13:37:00,0.99321,0.9934,0.99318,0.99338,28
2012-03-12 13:38:00,0.9925,0.99323,0.99244,0.99323,54
2012-03-12 13:39:00,0.99258,0.99268,0.99244,0.99252,35
2012-03-12 13:40:00,0.99244,0.99258,0.99244,0.99254,13
2012-03-12 13:41:00,0.99232,0.99246,0.99226,0.9924,28
2012-03-12 13:42:00,0.99232,0.99234,0.99226,0.99234,20
2012-03-12 13:43:00,0.99232,0.99244,0.99226,0.99234,18
2012-03-12 13:44:00,0.99254,0.99254,0.99232,0.99234,22
2012-03-12 13:45:00,0.99232,0.99252,0.99224,0.99252,36
2012-03-12 13:46:00,0.99254,0.99262,0.9923,0.99234,20
2012-03-12 13:47:00,0.99292,0.99302,0.99258,0.99258,31
2012-03-12 13:48:00,0.99294,0.99294,0.9927,0.99288,23
2012-03-12 13:49:00,0.99292,0.99296,0.99274,0.99296,31
2012-03-12 13:50:00,0.99322,0.99322,0.99294,0.99294,21
2012-03-12 13:51:00,0.99328,0.99334,0.99326,0.99326,14
2012-03-12 13:52:00,0.99328,0.99334,0.99322,0.99326,18
2012-03-12 13:53:00,0.99302,0.99334,0.99294,0.99332,27
2012-03-12 13:54:00,0.99294,0.99302,0.99292,0.993,15
2012-03-12 13:55:00,0.99286,0.99294,0.9928,0.99292,17
2012-03-12 13:56:00,0.99294,0.9932,0.99288,0.99288,27
2012-03-12 13:57:00,0.993,0.993,0.9928,0.99292,18
2012-03-12 13:58:00,0.99278,0.993,0.99274,0.99298,23
2012-03-12 13:59:00,0.99278,0.9929,0.9927,0.99282,30
2012-03-12 14:00:00,0.99338,0.99338,0.99276,0.99282,43
2012-03-12 14:01:00,0.99352,0.9936,0.99338,0.9934,39
2012-03-12 14:02:00,0.99332,0.99352,0.99332,0.9935,33
2012-03-12 14:03:00,0.9934,0.99346,0.99324,0.99336,27
2012-03-12 14:04:00,0.9937,0.9937,0.99342,0.99344,16
2012-03-12 14:05:00,0.99362,0.99374,0.99362,0.99372,19
2012-03-12 14:06:00,0.99352,0.99374,0.99352,0.99364,17
2012-03-12 14:07:00,0.99362,0.9937,0.99356,0.99356,19
2012-03-12 14:08:00,0.99332,0.99358,0.99332,0.99358,24
2012-03-12 14:09:00,0.99344,0.99344,0.99312,0.9933,22
2012-03-12 14:10:00,0.99372,0.99374,0.99338,0.99342,34
2012-03-12 14:11:00,0.99364,0.9938,0.99352,0.99374,33
2012-03-12 14:12:00,0.99392,0.99398,0.99366,0.99366,36
2012-03-12 14:13:00,0.99402,0.99404,0.99388,0.99394,37
2012-03-12 14:14:00,0.99396,0.99402,0.99388,0.994,26
2012-03-12 14:15:00,0.99372,0.99394,0.99372,0.99394,21
2012-03-12 14:16:00,0.99376,0.9938,0.99368,0.99374,14
2012-03-12 14:17:00,0.99372,0.9938,0.99362,0.99374,20
2012-03-12 14:18:00,0.99342,0.99368,0.99342,0.99368,26
2012-03-12 14:19:00,0.99322,0.9934,0.99314,0.9934,27
2012-03-12 14:20:00,0.9934,0.99342,0.99318,0.9932,30
2012-03-12 14:21:00,0.9937,0.9937,0.9934,0.99342,31
2012-03-12 14:22:00,0.99368,0.9938,0.99362,0.99368,29
2012-03-12 14:23:00,0.994,0.99402,0.99366,0.99366,23
2012-03-12 14:24:00,0.99396,0.99404,0.99372,0.99402,33
2012-03-12 14:25:00,0.99396,0.99396,0.9938,0.99394,20
2012-03-12 14:26:00,0.99386,0.99402,0.99386,0.994,24
2012-03-12 14:27:00,0.994,0.99402,0.9938,0.99388,29
2012-03-12 14:28:00,0.994,0.99402,0.99388,0.99396,20
2012-03-12 14:29:00,0.99394,0.99402,0.99388,0.99396,16
2012-03-12 14:30:00,0.99454,0.99454,0.99396,0.99396,41
2012-03-12 14:31:00,0.99426,0.9945,0.99426,0.9945,20
2012-03-12 14:32:00,0.99458,0.99462,0.99428,0.99428,40
2012-03-12 14:33:00,0.9943,0.99456,0.99428,0.99456,28
2012-03-12 14:34:00,0.99428,0.99442,0.99416,0.99434,23
2012-03-12 14:35:00,0.99464,0.99472,0.99422,0.99426,41
2012-03-12 14:36:00,0.99422,0.99462,0.99416,0.99462,33
2012-03-12 14:37:00,0.9943,0.99442,0.99424,0.99424,27
2012-03-12 14:38:00,0.9942,0.99438,0.9942,0.99434,12
2012-03-12 14:39:00,0.9943,0.99438,0.99422,0.99422,12
2012-03-12 14:40:00,0.9945,0.99454,0.99434,0.99434,9
2012-03-12 14:41:00,0.9944,0.99458,0.9944,0.99454,20
2012-03-12 14:42:00,0.99414,0.99436,0.99414,0.99436,13
2012-03-12 14:43:00,0.99418,0.99418,0.99408,0.9941,22
2012-03-12 14:44:00,0.99394,0.99416,0.99392,0.99416,29
2012-03-12 14:45:00,0.99402,0.99402,0.99392,0.99392,19
2012-03-12 14:46:00,0.994,0.99402,0.99388,0.994,23
2012-03-12 14:47:00,0.99388,0.994,0.99388,0.99396,12
2012-03-12 14:48:00,0.99394,0.99402,0.99386,0.99386,34
2012-03-12 14:49:00,0.99408,0.9941,0.99386,0.99392,19
2012-03-12 14:50:00,0.99368,0.99406,0.99368,0.99406,26
2012-03-12 14:51:00,0.9934,0.99368,0.99332,0.99366,18
2012-03-12 14:52:00,0.9932,0.99338,0.99318,0.99338,21
2012-03-12 14:53:00,0.99328,0.99332,0.99314,0.99318,17
2012-03-12 14:54:00,0.99328,0.99332,0.99326,0.99332,12
2012-03-12 14:55:00,0.9934,0.99342,0.99332,0.99332,18
2012-03-12 14:56:00,0.99328,0.99338,0.99306,0.99338,24
2012-03-12 14:57:00,0.99332,0.99332,0.99314,0.99332,19
2012-03-12 14:58:00,0.99348,0.99348,0.99334,0.99334,20
2012-03-12 14:59:00,0.99348,0.9935,0.99338,0.99346,14
2012-03-12 15:00:00,0.9932,0.9935,0.99314,0.9935,22
2012-03-12 15:01:00,0.993,0.99328,0.993,0.99322,33
2012-03-12 15:02:00,0.99312,0.99316,0.99284,0.99298,34
2012-03-12 15:03:00,0.9932,0.9932,0.99312,0.99314,19
2012-03-12 15:04:00,0.99332,0.99342,0.99318,0.99318,18
2012-03-12 15:05:00,0.99326,0.99334,0.99322,0.99334,10
2012-03-12 15:06:00,0.99312,0.99334,0.99306,0.99322,19
2012-03-12 15:07:00,0.99294,0.99314,0.99294,0.99314,16
2012-03-12 15:08:00,0.99332,0.99334,0.99296,0.99296,33
2012-03-12 15:09:00,0.99348,0.9935,0.99334,0.99334,10
2012-03-12 15:10:00,0.99338,0.99346,0.99322,0.99346,20
2012-03-12 15:11:00,0.9932,0.9935,0.9932,0.9934,22
2012-03-12 15:12:00,0.9932,0.9932,0.99312,0.99318,14
2012-03-12 15:13:00,0.99328,0.99332,0.99322,0.99322,9
2012-03-12 15:14:00,0.99312,0.99326,0.993,0.99326,18
2012-03-12 15:15:00,0.99304,0.99312,0.99284,0.99308,35
2012-03-12 15:16:00,0.993,0.99302,0.99294,0.993,23
2012-03-12 15:17:00,0.99302,0.99308,0.99294,0.99302,17
2012-03-12 15:18:00,0.99294,0.99312,0.99294,0.993,17
2012-03-12 15:19:00,0.99314,0.99314,0.99296,0.99296,9
2012-03-12 15:20:00,0.99314,0.99322,0.99304,0.99312,16
2012-03-12 15:21:00,0.9932,0.99332,0.99312,0.99312,14
2012-03-12 15:22:00,0.99356,0.9936,0.99322,0.99322,27
2012-03-12 15:23:00,0.99346,0.9937,0.99346,0.9936,16
2012-03-12 15:24:00,0.99346,0.9935,0.99342,0.99348,22
2012-03-12 15:25:00,0.99348,0.99354,0.99346,0.99348,7
2012-03-12 15:26:00,0.99348,0.9935,0.99346,0.9935,6
2012-03-12 15:27:00,0.99368,0.9937,0.99346,0.99346,13
2012-03-12 15:28:00,0.99366,0.99376,0.99362,0.9937,13
2012-03-12 15:29:00,0.9936,0.99368,0.99356,0.99362,16
2012-03-12 15:30:00,0.9938,0.99382,0.99362,0.99362,15
2012-03-12 15:31:00,0.99354,0.99376,0.99354,0.99376,15
2012-03-12 15:32:00,0.9932,0.99352,0.99312,0.99352,18
2012-03-12 15:33:00,0.99336,0.99342,0.9932,0.99322,28
2012-03-12 15:34:00,0.99346,0.9935,0.99334,0.99334,15
2012-03-12 15:35:00,0.99332,0.99342,0.99322,0.99342,23
2012-03-12 15:36:00,0.99342,0.9935,0.99328,0.99328,44
2012-03-12 15:37:00,0.99332,0.99346,0.99332,0.9934,20
2012-03-12 15:38:00,0.99366,0.9937,0.99334,0.99334,28
2012-03-12 15:39:00,0.99356,0.9937,0.99356,0.99368,7
2012-03-12 15:40:00,0.99374,0.9938,0.9936,0.9936,14
2012-03-12 15:41:00,0.99384,0.99392,0.99372,0.99372,11
2012-03-12 15:42:00,0.99392,0.994,0.99386,0.99386,13
2012-03-12 15:43:00,0.99392,0.99398,0.99384,0.9939,14
2012-03-12 15:44:00,0.99378,0.99394,0.99378,0.99394,9
2012-03-12 15:45:00,0.9939,0.99392,0.9937,0.99376,12
2012-03-12 15:46:00,0.99382,0.99392,0.99382,0.99392,5
2012-03-12 15:47:00,0.99374,0.99378,0.99364,0.99378,30
2012-03-12 15:48:00,0.99374,0.99382,0.99374,0.99376,12
2012-03-12 15:49:00,0.99366,0.99372,0.99362,0.99372,11
2012-03-12 15:50:00,0.99366,0.99374,0.99366,0.99368,14
2012-03-12 15:51:00,0.99342,0.99362,0.99326,0.99362,34
2012-03-12 15:52:00,0.99348,0.9935,0.99334,0.9934,14
2012-03-12 15:53:00,0.9935,0.9936,0.99338,0.99346,27
2012-03-12 15:54:00,0.99348,0.99362,0.99346,0.99348,21
2012-03-12 15:55:00,0.99342,0.9935,0.99342,0.9935,4
2012-03-12 15:56:00,0.99342,0.9935,0.99332,0.99346,18
2012-03-12 15:57:00,0.99354,0.99354,0.9934,0.99346,12
2012-03-12 15:58:00,0.99366,0.99374,0.99356,0.99356,14
2012-03-12 15:59:00,0.99346,0.99362,0.99338,0.99362,21
2012-03-12 16:00:00,0.99366,0.99368,0.99348,0.99348,37
2012-03-12 16:01:00,0.99374,0.99394,0.99362,0.99368,31
2012-03-12 16:02:00,0.99362,0.99374,0.99352,0.99372,26
2012-03-12 16:03:00,0.9935,0.99362,0.99342,0.9936,24
2012-03-12 16:04:00,0.99346,0.9936,0.99338,0.99348,64
2012-03-12 16:05:00,0.99348,0.99354,0.99338,0.99348,35
2012-03-12 16:06:00,0.9936,0.9936,0.9934,0.99346,36
2012-03-12 16:07:00,0.99366,0.99374,0.99362,0.99362,14
2012-03-12 16:08:00,0.9936,0.99362,0.99354,0.99362,16
2012-03-12 16:09:00,0.99354,0.99362,0.99348,0.99362,14
2012-03-12 16:10:00,0.99362,0.99362,0.99342,0.99352,15
2012-03-12 16:11:00,0.99362,0.99374,0.99356,0.99366,14
2012-03-12 16:12:00,0.99362,0.9937,0.99352,0.99366,24
2012-03-12 16:13:00,0.99342,0.9936,0.9934,0.9936,17
2012-03-12 16:14:00,0.9934,0.9935,0.9934,0.9934,9
2012-03-12 16:15:00,0.99346,0.99348,0.99332,0.99338,14
2012-03-12 16:16:00,0.99332,0.99342,0.99332,0.99342,5
2012-03-12 16:17:00,0.99342,0.9935,0.9932,0.99328,34
2012-03-12 16:18:00,0.99326,0.99348,0.99326,0.99346,14
2012-03-12 16:19:00,0.9932,0.99322,0.99304,0.99322,26
2012-03-12 16:20:00,0.99326,0.99336,0.99322,0.99322,16
2012-03-12 16:21:00,0.99346,0.99346,0.9932,0.99322,15
2012-03-12 16:22:00,0.9935,0.99354,0.99348,0.99348,6
2012-03-12 16:23:00,0.99332,0.99354,0.99332,0.99354,19
2012-03-12 16:24:00,0.99342,0.99342,0.99328,0.99328,14
2012-03-12 16:25:00,0.9936,0.9936,0.99346,0.99346,6
2012-03-12 16:26:00,0.99356,0.9936,0.99354,0.99356,11
2012-03-12 16:27:00,0.99362,0.99362,0.99356,0.9936,4
2012-03-12 16:28:00,0.99354,0.99362,0.99354,0.9936,9
2012-03-12 16:29:00,0.99354,0.99354,0.99346,0.99352,12
2012-03-12 16:30:00,0.9936,0.99374,0.99356,0.99356,12
2012-03-12 16:31:00,0.9936,0.99368,0.9934,0.99362,30
2012-03-12 16:32:00,0.99372,0.9938,0.9936,0.99362,18
2012-03-12 16:33:00,0.9936,0.99374,0.99348,0.99374,32
2012-03-12 16:34:00,0.9938,0.99382,0.9936,0.99362,25
2012-03-12 16:35:00,0.99388,0.9939,0.9938,0.99382,11
2012-03-12 16:36:00,0.99388,0.99394,0.99386,0.9939,14
2012-03-12 16:37:00,0.99376,0.9939,0.99376,0.99386,18
2012-03-12 16:38:00,0.99374,0.99376,0.99366,0.99374,11
2012-03-12 16:39:00,0.9938,0.99382,0.99372,0.99372,6
2012-03-12 16:40:00,0.99388,0.9939,0.99376,0.99376,11
2012-03-12 16:41:00,0.99388,0.9939,0.99386,0.9939,4
2012-03-12 16:42:00,0.9939,0.9939,0.99376,0.99386,11
2012-03-12 16:43:00,0.99394,0.99394,0.99388,0.99388,3
2012-03-12 16:44:00,0.9939,0.99392,0.99388,0.99392,5
2012-03-12 16:45:00,0.99396,0.994,0.99394,0.99394,4
2012-03-12 16:46:00,0.99396,0.994,0.99396,0.994,4
2012-03-12 16:47:00,0.99394,0.99394,0.99392,0.99394,3
2012-03-12 16:48:00,0.99392,0.99392,0.99392,0.99392,1
2012-03-12 16:49:00,0.99394,0.99394,0.99388,0.99388,7
2012-03-12 16:50:00,0.99408,0.99408,0.99396,0.99396,5
2012-03-12 16:51:00,0.99414,0.99414,0.9941,0.9941,4
2012-03-12 16:52:00,0.99428,0.9943,0.99414,0.99416,11
2012-03-12 16:53:00,0.99428,0.9943,0.99422,0.99426,14
2012-03-12 16:54:00,0.99422,0.99428,0.99422,0.99426,8
2012-03-12 16:55:00,0.9943,0.9943,0.99422,0.99424,5
2012-03-12 16:56:00,0.99426,0.99428,0.99426,0.99428,4
2012-03-12 16:57:00,0.9943,0.9943,0.99428,0.99428,2
2012-03-12 16:58:00,0.99436,0.99438,0.99428,0.99434,8
2012-03-12 16:59:00,0.9943,0.99442,0.9943,0.99438,14
2012-03-12 17:00:00,0.99428,0.99428,0.99426,0.99428,3
2012-03-12 17:01:00,0.9943,0.9943,0.99426,0.99426,3
2012-03-12 17:02:00,0.99428,0.99428,0.99426,0.99428,3
2012-03-12 17:03:00,0.9943,0.99436,0.9943,0.9943,5
2012-03-12 17:04:00,0.99428,0.9943,0.99426,0.99428,5
2012-03-12 17:05:00,0.99434,0.99434,0.99426,0.9943,8
2012-03-12 17:06:00,0.99422,0.9943,0.9942,0.9943,8
2012-03-12 17:07:00,0.99416,0.99422,0.99416,0.9942,8
2012-03-12 17:08:00,0.9942,0.99422,0.99408,0.99418,21
2012-03-12 17:09:00,0.99416,0.99418,0.99416,0.99416,7
2012-03-12 17:10:00,0.9941,0.99418,0.9941,0.99418,6
2012-03-12 17:11:00,0.99406,0.99408,0.99406,0.99408,4
2012-03-12 17:12:00,0.99396,0.99408,0.99392,0.99408,11
2012-03-12 17:13:00,0.994,0.99402,0.99388,0.99394,17
2012-03-12 17:14:00,0.99404,0.99404,0.99396,0.99396,4
2012-03-12 17:15:00,0.99416,0.99418,0.99408,0.99408,12
2012-03-12 17:17:00,0.99408,0.99414,0.99406,0.99414,7
2012-03-12 17:18:00,0.99408,0.9941,0.99402,0.99406,10
2012-03-12 17:19:00,0.99408,0.99408,0.99392,0.99406,16
2012-03-12 17:20:00,0.994,0.99406,0.994,0.99406,3
2012-03-12 17:21:00,0.994,0.994,0.99394,0.99396,4
2012-03-12 17:22:00,0.99396,0.99396,0.99388,0.99396,17
2012-03-12 17:23:00,0.99404,0.99404,0.99396,0.994,7
2012-03-12 17:24:00,0.99408,0.99408,0.99406,0.99408,3
2012-03-12 17:25:00,0.99402,0.99408,0.99396,0.99406,12
2012-03-12 17:26:00,0.99402,0.9941,0.99402,0.99404,8
2012-03-12 17:27:00,0.99402,0.99404,0.994,0.994,4
2012-03-12 17:28:00,0.99408,0.99416,0.994,0.994,16
2012-03-12 17:29:00,0.99402,0.99408,0.99396,0.99406,12
2012-03-12 17:30:00,0.994,0.994,0.994,0.994,1
2012-03-12 17:31:00,0.99408,0.99408,0.99402,0.99402,5
2012-03-12 17:33:00,0.9941,0.9941,0.9941,0.9941,1
2012-03-12 17:34:00,0.9939,0.99408,0.99386,0.99408,11
2012-03-12 17:35:00,0.99372,0.99388,0.99372,0.99388,13
2012-03-12 17:36:00,0.99362,0.99368,0.99362,0.99368,3
2012-03-12 17:37:00,0.9936,0.9936,0.9936,0.9936,1
2012-03-12 17:38:00,0.99354,0.99356,0.99354,0.99356,6
2012-03-12 17:39:00,0.99348,0.9936,0.99346,0.99356,14
2012-03-12 17:40:00,0.99332,0.99346,0.99332,0.99346,12
2012-03-12 17:41:00,0.99318,0.99328,0.993,0.99328,33
2012-03-12 17:42:00,0.9932,0.99328,0.99318,0.9932,11
2012-03-12 17:43:00,0.9932,0.99322,0.9932,0.99322,2
2012-03-12 17:44:00,0.99334,0.99334,0.99322,0.99322,5
2012-03-12 17:45:00,0.99328,0.99332,0.99318,0.99332,10
2012-03-12 17:46:00,0.9934,0.9934,0.99332,0.99332,6
2012-03-12 17:47:00,0.99342,0.99342,0.99334,0.99342,13
2012-03-12 17:49:00,0.99346,0.99354,0.99346,0.99346,9
2012-03-12 17:50:00,0.9934,0.9935,0.99338,0.99348,10
2012-03-12 17:51:00,0.99332,0.99342,0.99332,0.99342,7
2012-03-12 17:52:00,0.99328,0.99328,0.99326,0.99328,3
2012-03-12 17:53:00,0.99322,0.99326,0.99318,0.99326,6
2012-03-12 17:54:00,0.9932,0.99322,0.99318,0.9932,5
2012-03-12 17:55:00,0.99306,0.99318,0.99304,0.99318,13
2012-03-12 17:56:00,0.99306,0.99308,0.99298,0.99308,22
2012-03-12 17:57:00,0.99308,0.99308,0.99308,0.99308,1
2012-03-12 17:58:00,0.99308,0.99314,0.99308,0.99312,6
2012-03-12 17:59:00,0.99304,0.99312,0.99304,0.99312,18
2012-03-12 18:00:00,0.99308,0.99312,0.99298,0.993,10
2012-03-12 18:01:00,0.99322,0.99322,0.99312,0.99312,5
2012-03-12 18:02:00,0.99326,0.99326,0.99326,0.99326,1
2012-03-12 18:04:00,0.9932,0.99322,0.99318,0.99322,4
2012-03-12 18:05:00,0.99326,0.99326,0.99322,0.99322,2
2012-03-12 18:06:00,0.99328,0.99332,0.9932,0.99322,7
2012-03-12 18:07:00,0.99334,0.99334,0.99326,0.99326,4
2012-03-12 18:08:00,0.99332,0.99334,0.99332,0.99332,3
2012-03-12 18:09:00,0.99322,0.99328,0.9932,0.99328,5
2012-03-12 18:10:00,0.99334,0.99334,0.99326,0.99326,4
2012-03-12 18:11:00,0.99314,0.99334,0.99314,0.99332,15
2012-03-12 18:12:00,0.9932,0.9932,0.99308,0.99312,12
2012-03-12 18:13:00,0.99292,0.99318,0.99292,0.99318,18
2012-03-12 18:14:00,0.99286,0.99292,0.99278,0.99288,22
2012-03-12 18:15:00,0.9927,0.99284,0.9927,0.99284,16
2012-03-12 18:16:00,0.9928,0.99282,0.99272,0.99272,6
2012-03-12 18:17:00,0.99312,0.99314,0.99282,0.99282,13
2012-03-12 18:18:00,0.9932,0.99322,0.99308,0.99308,7
2012-03-12 18:19:00,0.99312,0.99318,0.99312,0.99318,3
2012-03-12 18:20:00,0.99312,0.99314,0.99306,0.99308,6
2012-03-12 18:21:00,0.99312,0.99314,0.993,0.99308,12
2012-03-12 18:22:00,0.9932,0.9932,0.993,0.99308,17
2012-03-12 18:23:00,0.9932,0.99322,0.99312,0.99318,22
2012-03-12 18:24:00,0.99328,0.99328,0.99322,0.99322,7
2012-03-12 18:25:00,0.99328,0.99328,0.99326,0.99326,2
2012-03-12 18:27:00,0.99326,0.99328,0.99322,0.99326,5
2012-03-12 18:28:00,0.99328,0.99328,0.99328,0.99328,1
2012-03-12 18:30:00,0.99332,0.99332,0.99332,0.99332,1
2012-03-12 18:31:00,0.99346,0.9935,0.99334,0.99334,11
2012-03-12 18:32:00,0.99346,0.9935,0.99346,0.99348,6
2012-03-12 18:33:00,0.99346,0.99348,0.99346,0.99348,2
2012-03-12 18:34:00,0.99352,0.99354,0.99348,0.99348,4
2012-03-12 18:35:00,0.99328,0.99348,0.99328,0.99348,14
2012-03-12 18:36:00,0.99332,0.99334,0.99326,0.99332,9
2012-03-12 18:37:00,0.9934,0.9934,0.99334,0.99334,5
2012-03-12 18:38:00,0.99342,0.99342,0.99342,0.99342,1
2012-03-12 18:39:00,0.99342,0.99342,0.99338,0.9934,4
2012-03-12 18:40:00,0.99346,0.99346,0.99346,0.99346,1
2012-03-12 18:41:00,0.99346,0.99346,0.99342,0.99342,2
2012-03-12 18:43:00,0.99352,0.99354,0.99348,0.99348,4
2012-03-12 18:44:00,0.99346,0.99348,0.99346,0.99348,2
2012-03-12 18:46:00,0.9934,0.99342,0.9934,0.99342,2
2012-03-12 18:47:00,0.99342,0.99342,0.99342,0.99342,1
2012-03-12 18:50:00,0.99342,0.99342,0.99338,0.9934,4
2012-03-12 18:51:00,0.9934,0.9934,0.9934,0.9934,1
2012-03-12 18:52:00,0.9934,0.99342,0.99332,0.99342,22
2012-03-12 18:53:00,0.9934,0.9934,0.99334,0.99338,4
2012-03-12 18:54:00,0.9934,0.9934,0.99338,0.99338,2
2012-03-12 18:55:00,0.99338,0.99342,0.99338,0.99342,3
2012-03-12 18:56:00,0.9934,0.99342,0.99334,0.9934,7
2012-03-12 18:57:00,0.99338,0.99338,0.99338,0.99338,1
2012-03-12 18:58:00,0.99346,0.99348,0.99338,0.9934,11
2012-03-12 18:59:00,0.99342,0.99354,0.99342,0.99348,31
2012-03-12 19:00:00,0.9934,0.9934,0.99338,0.9934,9
2012-03-12 19:01:00,0.99354,0.99354,0.99342,0.99342,7
2012-03-12 19:03:00,0.9936,0.9936,0.99356,0.99356,2
2012-03-12 19:04:00,0.99346,0.9936,0.99346,0.99356,15
2012-03-12 19:05:00,0.9935,0.99354,0.99348,0.99348,8
2012-03-12 19:07:00,0.99346,0.99348,0.99346,0.99348,2
2012-03-12 19:08:00,0.9936,0.99362,0.99348,0.99348,9
2012-03-12 19:09:00,0.99362,0.99362,0.99362,0.99362,1
2012-03-12 19:10:00,0.9936,0.9936,0.9936,0.9936,1
2012-03-12 19:14:00,0.99356,0.99356,0.99356,0.99356,1
2012-03-12 19:15:00,0.9936,0.99362,0.99354,0.99354,11
2012-03-12 19:16:00,0.99356,0.9936,0.99356,0.99356,3
2012-03-12 19:17:00,0.99356,0.99356,0.99354,0.99354,2
2012-03-12 19:18:00,0.99356,0.99356,0.99354,0.99354,2
2012-03-12 19:20:00,0.99348,0.99354,0.99346,0.99354,13
2012-03-12 19:21:00,0.99342,0.99346,0.99342,0.99346,2
2012-03-12 19:22:00,0.9934,0.9934,0.99334,0.9934,5
2012-03-12 19:23:00,0.99338,0.99342,0.99338,0.99342,7
2012-03-12 19:24:00,0.99338,0.99342,0.99338,0.9934,6
2012-03-12 19:26:00,0.99334,0.9934,0.99334,0.99334,5
2012-03-12 19:28:00,0.99334,0.99334,0.99332,0.99332,2
2012-03-12 19:29:00,0.99338,0.9934,0.99336,0.99336,3
2012-03-12 19:30:00,0.99334,0.99334,0.99334,0.99334,1
2012-03-12 19:33:00,0.99338,0.99342,0.99336,0.99336,5
2012-03-12 19:34:00,0.99342,0.99342,0.99338,0.9934,8
2012-03-12 19:35:00,0.99348,0.99356,0.99346,0.99346,10
2012-03-12 19:36:00,0.99346,0.99346,0.99346,0.99346,1
2012-03-12 19:37:00,0.99354,0.99354,0.99348,0.99348,3
2012-03-12 19:38:00,0.99352,0.99352,0.99352,0.99352,1
2012-03-12 19:39:00,0.99346,0.9935,0.99346,0.99348,4
2012-03-12 19:40:00,0.9935,0.9935,0.99346,0.99348,6
2012-03-12 19:41:00,0.99346,0.99348,0.99346,0.99348,2
2012-03-12 19:42:00,0.99342,0.99342,0.99342,0.99342,1
2012-03-12 19:43:00,0.99334,0.99342,0.99334,0.9934,5
2012-03-12 19:44:00,0.99348,0.99348,0.99336,0.99336,5
2012-03-12 19:45:00,0.99334,0.99348,0.99334,0.99346,21
2012-03-12 19:46:00,0.99346,0.99346,0.99336,0.99336,4
2012-03-12 19:47:00,0.99338,0.99342,0.99332,0.99342,17
2012-03-12 19:48:00,0.99328,0.9934,0.99328,0.9934,7
2012-03-12 19:49:00,0.99334,0.99334,0.99328,0.99332,6
2012-03-12 19:50:00,0.99334,0.99336,0.99334,0.99336,2
2012-03-12 19:51:00,0.99342,0.99342,0.99336,0.99336,7
2012-03-12 19:52:00,0.99328,0.99342,0.99326,0.9934,17
2012-03-12 19:53:00,0.9932,0.99332,0.99318,0.99332,15
2012-03-12 19:54:00,0.9932,0.99322,0.99318,0.99322,6
2012-03-12 19:55:00,0.99322,0.99322,0.9932,0.99322,7
2012-03-12 19:56:00,0.99314,0.9932,0.99314,0.9932,5
2012-03-12 19:57:00,0.99308,0.99312,0.99306,0.99312,4
2012-03-12 19:58:00,0.99298,0.99306,0.99298,0.99306,10
2012-03-12 19:59:00,0.99274,0.99294,0.99274,0.99294,8
2012-03-12 20:00:00,0.99291,0.99299,0.99271,0.99275,11
2012-03-12 20:01:00,0.99283,0.99287,0.99283,0.99287,2
2012-03-12 20:03:00,0.99263,0.99279,0.99263,0.99279,5
2012-03-12 20:04:00,0.99263,0.99263,0.99259,0.99259,2
2012-03-12 20:05:00,0.99267,0.99271,0.99267,0.99267,3
2012-03-12 20:06:00,0.99275,0.99275,0.99271,0.99271,2
2012-03-12 20:07:00,0.99279,0.99279,0.99279,0.99279,1
2012-03-12 20:08:00,0.99275,0.99275,0.99275,0.99275,1
2012-03-12 20:09:00,0.99283,0.99283,0.99279,0.99279,2
2012-03-12 20:11:00,0.99291,0.99291,0.99287,0.99287,2
2012-03-12 20:12:00,0.99275,0.99295,0.99275,0.99295,6
2012-03-12 20:13:00,0.99279,0.99279,0.99279,0.99279,1
2012-03-12 20:14:00,0.99291,0.99291,0.99283,0.99283,3
2012-03-12 20:15:00,0.99279,0.99287,0.99279,0.99287,5
2012-03-12 20:16:00,0.99267,0.99275,0.99267,0.99275,5
2012-03-12 20:17:00,0.99247,0.99263,0.99247,0.99263,5
2012-03-12 20:18:00,0.99247,0.99251,0.99247,0.99251,2
2012-03-12 20:19:00,0.99247,0.99251,0.99247,0.99251,2
2012-03-12 20:22:00,0.99235,0.99243,0.99235,0.99243,3
2012-03-12 20:24:00,0.99243,0.99243,0.99239,0.99239,2
2012-03-12 20:25:00,0.99231,0.99239,0.99227,0.99239,7
2012-03-12 20:26:00,0.99252,0.99252,0.99235,0.99235,5
2012-03-12 20:27:00,0.99268,0.99268,0.99256,0.99256,4
2012-03-12 20:28:00,0.9928,0.9928,0.99272,0.99272,3
2012-03-12 20:31:00,0.99276,0.99276,0.99276,0.99276,1
2012-03-12 20:35:00,0.99256,0.99272,0.99256,0.99272,7
2012-03-12 20:36:00,0.99248,0.99252,0.99248,0.99252,2
2012-03-12 20:37:00,0.9924,0.99244,0.99236,0.99244,4
2012-03-12 20:38:00,0.9924,0.99244,0.99236,0.99236,4
2012-03-12 20:39:00,0.99244,0.99244,0.99244,0.99244,1
2012-03-12 20:41:00,0.99248,0.99248,0.99248,0.99248,1
2012-03-12 20:43:00,0.99252,0.99252,0.99252,0.99252,1
2012-03-12 20:45:00,0.99243,0.99247,0.99235,0.99247,6
2012-03-12 20:46:00,0.99247,0.99247,0.99239,0.99239,3
2012-03-12 20:47:00,0.99247,0.99251,0.99247,0.99251,2
2012-03-12 20:48:00,0.99251,0.99251,0.99243,0.99243,3
2012-03-12 20:49:00,0.99251,0.99255,0.99251,0.99255,2
2012-03-12 20:50:00,0.99243,0.99259,0.99243,0.99247,8
2012-03-12 20:51:00,0.99239,0.99239,0.99239,0.99239,1
2012-03-12 20:52:00,0.99247,0.99251,0.99235,0.99235,6
2012-03-12 20:53:00,0.99231,0.99243,0.99231,0.99243,4
2012-03-12 20:55:00,0.99227,0.99227,0.99227,0.99227,1
2012-03-12 20:56:00,0.99213,0.99223,0.99205,0.99223,9
2012-03-12 20:57:00,0.99226,0.99226,0.99209,0.99217,7
2012-03-12 20:58:00,0.99238,0.99238,0.9923,0.9923,7
2012-03-12 20:59:00,0.99242,0.99242,0.99242,0.99242,1
2012-03-12 21:00:00,0.99245,0.99267,0.99245,0.99246,9
2012-03-12 21:01:00,0.99234,0.9924,0.9923,0.9924,8
2012-03-12 21:02:00,0.9922,0.99238,0.9922,0.99238,11
2012-03-12 21:03:00,0.99224,0.99224,0.99216,0.99216,3
2012-03-12 21:04:00,0.99237,0.99241,0.99228,0.99228,9
2012-03-12 21:05:00,0.99232,0.99233,0.99228,0.99233,3
2012-03-12 21:06:00,0.99236,0.99236,0.99236,0.99236,1
2012-03-12 21:07:00,0.99252,0.99256,0.9924,0.9924,8
2012-03-12 21:10:00,0.99255,0.99255,0.99239,0.99247,11
2012-03-12 21:12:00,0.99279,0.99305,0.99259,0.99259,16
2012-03-12 21:13:00,0.99258,0.99275,0.99254,0.99275,15
2012-03-12 21:14:00,0.99257,0.99258,0.99237,0.99254,22
2012-03-12 21:15:00,0.99249,0.99261,0.99249,0.99261,4
2012-03-12 21:16:00,0.99245,0.99257,0.99245,0.99253,5
2012-03-12 21:17:00,0.99249,0.99249,0.99249,0.99249,1
2012-03-12 21:20:00,0.99253,0.99253,0.99253,0.99253,1
2012-03-12 21:21:00,0.99265,0.99265,0.99257,0.99257,3
2012-03-12 21:23:00,0.99298,0.99298,0.9927,0.9927,7
2012-03-12 21:24:00,0.99298,0.99298,0.99286,0.99294,6
2012-03-12 21:25:00,0.99286,0.99302,0.99286,0.99302,5
2012-03-12 21:26:00,0.99266,0.99282,0.99266,0.99282,7
2012-03-12 21:32:00,0.99307,0.99307,0.9927,0.9927,10
2012-03-12 21:33:00,0.99303,0.99311,0.99303,0.99311,3
2012-03-12 21:40:00,0.99287,0.99299,0.99287,0.99299,4
2012-03-12 21:44:00,0.99295,0.99295,0.99291,0.99291,2
2012-03-12 21:45:00,0.99287,0.99291,0.99287,0.99291,2
2012-03-12 21:48:00,0.99291,0.99291,0.99291,0.99291,1
2012-03-12 21:50:00,0.99273,0.99287,0.99273,0.99287,6
2012-03-12 21:54:00,0.99277,0.99277,0.99277,0.99277,1
2012-03-12 21:55:00,0.99286,0.99286,0.99282,0.99282,2
2012-03-12 21:56:00,0.99281,0.99281,0.99277,0.99281,3
2012-03-12 21:57:00,0.99277,0.99277,0.99277,0.99277,1
2012-03-12 21:59:00,0.99269,0.99273,0.99269,0.99273,2
2012-03-12 22:00:00,0.9926,0.99268,0.9926,0.99268,4
2012-03-12 22:02:00,0.99236,0.99256,0.99236,0.99256,8
2012-03-12 22:03:00,0.99244,0.99244,0.99238,0.99238,3
2012-03-12 22:04:00,0.9925,0.9925,0.99248,0.99248,2
2012-03-12 22:05:00,0.9925,0.99254,0.9925,0.99254,2
2012-03-12 22:09:00,0.99248,0.99248,0.99248,0.99248,1
2012-03-12 22:15:00,0.99236,0.99244,0.99236,0.99244,8
2012-03-12 22:17:00,0.99238,0.99238,0.99238,0.99238,1
2012-03-12 22:20:00,0.99244,0.99244,0.99242,0.99242,2
2012-03-12 22:27:00,0.99236,0.99248,0.99236,0.99248,5
2012-03-12 22:28:00,0.99242,0.99242,0.99238,0.99238,2
2012-03-12 22:30:00,0.99232,0.99238,0.99232,0.99238,3
2012-03-12 22:33:00,0.99238,0.99238,0.99236,0.99236,2
2012-03-12 22:38:00,0.99242,0.99242,0.99242,0.99242,1
2012-03-12 22:42:00,0.99236,0.99238,0.99236,0.99238,2
2012-03-12 22:44:00,0.99238,0.99238,0.99238,0.99238,1
2012-03-12 22:52:00,0.99242,0.99242,0.99242,0.99242,1
2012-03-12 22:54:00,0.99238,0.99238,0.99238,0.99238,1
2012-03-12 22:57:00,0.99236,0.99236,0.99236,0.99236,1
2012-03-12 22:59:00,0.99238,0.99238,0.99238,0.99238,1
2012-03-12 23:02:00,0.99244,0.99244,0.99242,0.99242,2
2012-03-12 23:03:00,0.99242,0.99242,0.99242,0.99242,1
2012-03-12 23:04:00,0.99232,0.99238,0.99226,0.99238,7
2012-03-12 23:05:00,0.99234,0.99234,0.99232,0.99232,2
2012-03-12 23:06:00,0.99238,0.99238,0.99238,0.99238,1
2012-03-12 23:07:00,0.99224,0.99234,0.99224,0.99234,5
2012-03-12 23:08:00,0.99224,0.99226,0.99204,0.99226,20
2012-03-12 23:09:00,0.9922,0.99226,0.9922,0.9922,5
2012-03-12 23:10:00,0.99221,0.99221,0.99221,0.99221,1
2012-03-12 23:13:00,0.99222,0.99224,0.99222,0.99224,2
2012-03-12 23:15:00,0.99216,0.99219,0.99216,0.99219,2
2012-03-12 23:16:00,0.99221,0.99221,0.99216,0.99218,4
2012-03-12 23:20:00,0.99227,0.99227,0.99224,0.99224,2
2012-03-12 23:21:00,0.9923,0.9923,0.9923,0.9923,1
2012-03-12 23:22:00,0.9923,0.9923,0.99227,0.99227,8
2012-03-12 23:23:00,0.99227,0.9923,0.99227,0.99227,3
2012-03-12 23:24:00,0.99227,0.9923,0.99227,0.9923,2
2012-03-12 23:25:00,0.99227,0.9923,0.99227,0.9923,2
2012-03-12 23:27:00,0.99227,0.9923,0.99227,0.9923,2
2012-03-12 23:30:00,0.99224,0.99224,0.99219,0.99224,5
2012-03-12 23:31:00,0.99227,0.99227,0.99227,0.99227,1
2012-03-12 23:33:00,0.99213,0.99224,0.99213,0.99224,9
2012-03-12 23:34:00,0.99202,0.9921,0.99202,0.9921,4
2012-03-12 23:35:00,0.99198,0.99204,0.99196,0.99199,7
2012-03-12 23:36:00,0.99196,0.99196,0.99196,0.99196,1
2012-03-12 23:37:00,0.99176,0.99193,0.99173,0.99193,9
2012-03-12 23:38:00,0.99139,0.99173,0.99134,0.99173,19
2012-03-12 23:39:00,0.99147,0.99153,0.99136,0.99136,13
2012-03-12 23:40:00,0.99147,0.99147,0.99145,0.99145,2
2012-03-12 23:41:00,0.9915,0.9915,0.9915,0.9915,1
2012-03-12 23:42:00,0.99148,0.99148,0.99148,0.99148,1
2012-03-12 23:43:00,0.99153,0.99153,0.99148,0.9915,6
2012-03-12 23:44:00,0.99156,0.99162,0.99151,0.99151,9
2012-03-12 23:45:00,0.99153,0.99153,0.99142,0.99153,9
2012-03-12 23:46:00,0.99148,0.99151,0.99148,0.99151,2
2012-03-12 23:47:00,0.9915,0.9915,0.99148,0.9915,3
2012-03-12 23:49:00,0.99148,0.99153,0.99148,0.99153,5
2012-03-12 23:51:00,0.99134,0.99147,0.99134,0.99145,13
2012-03-12 23:52:00,0.9915,0.9915,0.99136,0.99136,6
2012-03-12 23:54:00,0.99133,0.99148,0.99131,0.99148,8
2012-03-12 23:55:00,0.99139,0.99139,0.99128,0.99131,10
2012-03-12 23:56:00,0.99147,0.99147,0.99142,0.99142,3
2012-03-12 23:57:00,0.99145,0.99145,0.99145,0.99145,1
2012-03-12 23:58:00,0.99153,0.99153,0.99145,0.99147,13
2012-03-12 23:59:00,0.99153,0.99153,0.99151,0.99151,2
2012-03-13 00:00:00,0.99159,0.99159,0.99156,0.99156,2
2012-03-13 00:01:00,0.99159,0.99162,0.99159,0.99162,2
2012-03-13 00:06:00,0.99156,0.99156,0.99156,0.99156,1
2012-03-13 00:07:00,0.9915,0.99153,0.99148,0.99153,4
2012-03-13 00:08:00,0.99142,0.99148,0.99142,0.99148,3
2012-03-13 00:10:00,0.99145,0.99145,0.99139,0.99139,3
2012-03-13 00:11:00,0.99142,0.99142,0.99142,0.99142,1
2012-03-13 00:12:00,0.99142,0.99145,0.99139,0.99145,4
2012-03-13 00:13:00,0.99148,0.9915,0.99145,0.99145,4
2012-03-13 00:14:00,0.99151,0.99153,0.9915,0.9915,3
2012-03-13 00:15:00,0.99167,0.99167,0.99153,0.99153,8
2012-03-13 00:16:00,0.99165,0.99165,0.99165,0.99165,1
2012-03-13 00:17:00,0.99164,0.99164,0.99162,0.99162,2
2012-03-13 00:20:00,0.99162,0.99167,0.99162,0.99167,11
2012-03-13 00:21:00,0.99162,0.99164,0.99162,0.99164,2
2012-03-13 00:22:00,0.99164,0.99164,0.99159,0.99159,3
2012-03-13 00:23:00,0.99171,0.99173,0.99167,0.99167,4
2012-03-13 00:24:00,0.99173,0.99173,0.99165,0.99168,7
2012-03-13 00:25:00,0.99179,0.99179,0.99176,0.99176,2
2012-03-13 00:27:00,0.99184,0.99184,0.99181,0.99181,4
2012-03-13 00:28:00,0.99196,0.99196,0.99187,0.99187,4
2012-03-13 00:29:00,0.99196,0.99196,0.99193,0.99193,2
2012-03-13 00:30:00,0.99198,0.99198,0.99198,0.99198,1
2012-03-13 00:31:00,0.99196,0.99201,0.99196,0.99201,3
2012-03-13 00:33:00,0.99201,0.99201,0.99196,0.99198,8
2012-03-13 00:34:00,0.99184,0.99199,0.99179,0.99199,12
2012-03-13 00:35:00,0.99202,0.99204,0.99187,0.99187,18
2012-03-13 00:36:00,0.99204,0.99204,0.99204,0.99204,1
2012-03-13 00:37:00,0.99199,0.99202,0.99199,0.99202,2
2012-03-13 00:38:00,0.99213,0.99213,0.99201,0.99201,5
2012-03-13 00:39:00,0.99218,0.99221,0.99215,0.99215,6
2012-03-13 00:40:00,0.9921,0.99218,0.9921,0.99216,11
2012-03-13 00:41:00,0.99193,0.99207,0.99193,0.99207,6
2012-03-13 00:42:00,0.99198,0.99198,0.99196,0.99196,2
2012-03-13 00:43:00,0.99204,0.99204,0.99201,0.99201,2
2012-03-13 00:44:00,0.99185,0.99202,0.99185,0.99202,9
2012-03-13 00:45:00,0.99179,0.99182,0.99176,0.99182,6
2012-03-13 00:47:00,0.99179,0.99181,0.99179,0.99181,2
2012-03-13 00:49:00,0.99184,0.99184,0.99181,0.99181,2
2012-03-13 00:50:00,0.99176,0.99193,0.99171,0.99187,31
2012-03-13 00:51:00,0.99162,0.99173,0.99162,0.99173,11
2012-03-13 00:52:00,0.99162,0.99162,0.99159,0.99159,4
2012-03-13 00:54:00,0.99171,0.99173,0.99164,0.99164,5
2012-03-13 00:55:00,0.9917,0.9917,0.99168,0.99168,2
2012-03-13 00:56:00,0.99165,0.99168,0.99165,0.99168,2
2012-03-13 00:57:00,0.99171,0.99173,0.99167,0.99167,4
2012-03-13 00:58:00,0.99171,0.9919,0.99171,0.99173,26
2012-03-13 00:59:00,0.99176,0.99179,0.99173,0.99173,4
2012-03-13 01:00:00,0.99167,0.99173,0.99165,0.99173,5
2012-03-13 01:01:00,0.99159,0.99165,0.99156,0.99165,5
2012-03-13 01:02:00,0.99151,0.99159,0.99151,0.99156,9
2012-03-13 01:03:00,0.99136,0.9915,0.99136,0.99148,9
2012-03-13 01:04:00,0.99139,0.99142,0.99136,0.99139,7
2012-03-13 01:05:00,0.99145,0.9915,0.99142,0.99142,6
2012-03-13 01:06:00,0.99139,0.99142,0.99139,0.99142,2
2012-03-13 01:07:00,0.99153,0.99153,0.99142,0.99142,5
2012-03-13 01:08:00,0.99156,0.99162,0.99156,0.99156,5
2012-03-13 01:09:00,0.99148,0.99153,0.99148,0.99153,7
2012-03-13 01:11:00,0.99145,0.99145,0.99145,0.99145,1
2012-03-13 01:14:00,0.99145,0.9915,0.99139,0.99142,16
2012-03-13 01:15:00,0.99147,0.99147,0.99147,0.99147,1
2012-03-13 01:16:00,0.9915,0.9915,0.99145,0.99145,3
2012-03-13 01:17:00,0.99139,0.99148,0.99139,0.99148,4
2012-03-13 01:18:00,0.99142,0.99142,0.99142,0.99142,1
2012-03-13 01:19:00,0.99142,0.99147,0.99142,0.99145,4
2012-03-13 01:20:00,0.99136,0.99139,0.99136,0.99139,6
2012-03-13 01:21:00,0.99128,0.99134,0.99128,0.99134,3
2012-03-13 01:22:00,0.99117,0.99125,0.99111,0.99125,10
2012-03-13 01:23:00,0.99125,0.99125,0.99114,0.99114,5
2012-03-13 01:24:00,0.99125,0.99128,0.99125,0.99128,4
2012-03-13 01:25:00,0.99125,0.99128,0.99122,0.99128,6
2012-03-13 01:26:00,0.99122,0.99122,0.99122,0.99122,1
2012-03-13 01:27:00,0.99125,0.99128,0.99122,0.99125,5
2012-03-13 01:28:00,0.99128,0.99128,0.99128,0.99128,1
2012-03-13 01:29:00,0.99136,0.99136,0.99125,0.99125,5
2012-03-13 01:30:00,0.99136,0.99139,0.99134,0.99134,4
2012-03-13 01:31:00,0.99139,0.99139,0.99139,0.99139,1
2012-03-13 01:32:00,0.99128,0.99136,0.99128,0.99136,6
2012-03-13 01:33:00,0.9913,0.9913,0.99128,0.9913,3
2012-03-13 01:34:00,0.99128,0.99128,0.99128,0.99128,1
2012-03-13 01:36:00,0.99128,0.9913,0.99125,0.9913,4
2012-03-13 01:37:00,0.99128,0.99139,0.99128,0.9913,10
2012-03-13 01:38:00,0.99128,0.99133,0.99128,0.9913,6
2012-03-13 01:39:00,0.99125,0.99125,0.99125,0.99125,1
2012-03-13 01:40:00,0.99128,0.99128,0.99128,0.99128,1
2012-03-13 01:41:00,0.99128,0.99128,0.99125,0.99125,2
2012-03-13 01:42:00,0.9913,0.9913,0.9913,0.9913,1
2012-03-13 01:44:00,0.99131,0.99133,0.99131,0.99133,2
2012-03-13 01:45:00,0.99133,0.99133,0.99133,0.99133,1
2012-03-13 01:46:00,0.99125,0.99131,0.99125,0.99131,3
2012-03-13 01:47:00,0.9913,0.9913,0.99128,0.99128,2
2012-03-13 01:48:00,0.99136,0.99136,0.99133,0.99133,2
2012-03-13 01:49:00,0.99128,0.99134,0.99128,0.99134,3
2012-03-13 01:50:00,0.99128,0.9913,0.99128,0.9913,2
2012-03-13 01:52:00,0.99136,0.99139,0.9913,0.9913,5
2012-03-13 01:53:00,0.99139,0.99139,0.99131,0.99139,9
2012-03-13 01:54:00,0.99156,0.99156,0.99142,0.99142,12
2012-03-13 01:55:00,0.99148,0.99156,0.99148,0.99153,7
2012-03-13 01:56:00,0.99153,0.99153,0.9915,0.9915,4
2012-03-13 01:57:00,0.99162,0.99162,0.99156,0.99156,5
2012-03-13 01:58:00,0.99171,0.99176,0.99159,0.99159,9
2012-03-13 01:59:00,0.99171,0.99173,0.99171,0.99173,2
2012-03-13 02:00:00,0.9917,0.9917,0.99165,0.99168,8
2012-03-13 02:02:00,0.99165,0.9917,0.99162,0.99168,8
2012-03-13 02:03:00,0.99156,0.99162,0.99156,0.99162,3
2012-03-13 02:04:00,0.99159,0.99159,0.99159,0.99159,1
2012-03-13 02:05:00,0.99159,0.99167,0.99159,0.99162,8
2012-03-13 02:06:00,0.99142,0.99156,0.99142,0.99156,6
2012-03-13 02:07:00,0.99139,0.99139,0.99139,0.99139,1
2012-03-13 02:10:00,0.99128,0.99136,0.99128,0.99136,4
2012-03-13 02:11:00,0.99136,0.99147,0.9913,0.9913,11
2012-03-13 02:12:00,0.99122,0.99134,0.99119,0.99134,7
2012-03-13 02:13:00,0.99119,0.99119,0.99119,0.99119,1
2012-03-13 02:14:00,0.99099,0.99117,0.99097,0.99117,9
2012-03-13 02:15:00,0.99097,0.99102,0.99088,0.99102,15
2012-03-13 02:16:00,0.99083,0.99102,0.99083,0.99099,13
2012-03-13 02:17:00,0.99077,0.99085,0.99077,0.99085,16
2012-03-13 02:18:00,0.99075,0.99079,0.9907,0.99079,10
2012-03-13 02:19:00,0.99075,0.99075,0.99073,0.99073,4
2012-03-13 02:20:00,0.99075,0.99078,0.99075,0.99078,4
2012-03-13 02:21:00,0.9905,0.99084,0.9905,0.99078,33
2012-03-13 02:22:00,0.99047,0.99052,0.99047,0.99047,15
2012-03-13 02:23:00,0.99064,0.99064,0.9905,0.9905,14
2012-03-13 02:24:00,0.99047,0.99061,0.99047,0.99061,10
2012-03-13 02:25:00,0.9905,0.99055,0.9905,0.9905,5
2012-03-13 02:26:00,0.99055,0.99055,0.99047,0.99047,4
2012-03-13 02:27:00,0.99061,0.99069,0.9905,0.99053,22
2012-03-13 02:28:00,0.99064,0.99069,0.99064,0.99064,7
2012-03-13 02:29:00,0.99061,0.99064,0.99061,0.99061,3
2012-03-13 02:30:00,0.99053,0.99061,0.9905,0.99058,11
2012-03-13 02:31:00,0.99055,0.99055,0.99044,0.99055,13
2012-03-13 02:32:00,0.99036,0.99053,0.99036,0.99053,9
2012-03-13 02:33:00,0.99041,0.99041,0.99038,0.99038,2
2012-03-13 02:34:00,0.99041,0.99041,0.99036,0.99039,6
2012-03-13 02:36:00,0.99041,0.99044,0.99041,0.99044,2
2012-03-13 02:37:00,0.99047,0.9905,0.99044,0.99044,4
2012-03-13 02:38:00,0.99047,0.99052,0.99044,0.9905,6
2012-03-13 02:39:00,0.99061,0.99064,0.9905,0.9905,19
2012-03-13 02:40:00,0.99055,0.99058,0.9905,0.99058,6
2012-03-13 02:41:00,0.99044,0.99053,0.99044,0.99053,6
2012-03-13 02:42:00,0.9905,0.99052,0.99047,0.99047,4
2012-03-13 02:43:00,0.99033,0.99047,0.9903,0.99047,16
2012-03-13 02:44:00,0.99039,0.99041,0.99035,0.99035,4
2012-03-13 02:45:00,0.99058,0.99058,0.99041,0.99041,7
2012-03-13 02:46:00,0.99061,0.99064,0.99061,0.99061,3
2012-03-13 02:47:00,0.99061,0.99061,0.99058,0.99058,2
2012-03-13 02:48:00,0.99061,0.99064,0.99061,0.99064,2
2012-03-13 02:49:00,0.99064,0.99064,0.99064,0.99064,1
2012-03-13 02:51:00,0.99079,0.99089,0.99067,0.99067,26
2012-03-13 02:52:00,0.99068,0.99088,0.99068,0.99082,18
2012-03-13 02:53:00,0.99071,0.99076,0.99066,0.99071,23
2012-03-13 02:54:00,0.99074,0.99088,0.99068,0.99068,23
2012-03-13 02:55:00,0.99068,0.99085,0.99068,0.99076,16
2012-03-13 02:56:00,0.99076,0.99085,0.99066,0.99071,29
2012-03-13 02:57:00,0.99071,0.99074,0.99068,0.99074,4
2012-03-13 02:58:00,0.99076,0.99076,0.99074,0.99074,2
2012-03-13 02:59:00,0.9908,0.99082,0.99079,0.99079,3
2012-03-13 03:00:00,0.99077,0.99082,0.99077,0.99077,5
2012-03-13 03:01:00,0.99059,0.99074,0.99057,0.99074,16
2012-03-13 03:02:00,0.99062,0.99071,0.9906,0.99062,11
2012-03-13 03:04:00,0.99068,0.99068,0.99065,0.99065,2
2012-03-13 03:06:00,0.99071,0.99079,0.99071,0.99071,7
2012-03-13 03:07:00,0.99076,0.99076,0.99074,0.99074,2
2012-03-13 03:08:00,0.9908,0.99082,0.99074,0.99079,13
2012-03-13 03:09:00,0.99085,0.99085,0.99082,0.99082,4
2012-03-13 03:10:00,0.991,0.99102,0.99088,0.99088,7
2012-03-13 03:11:00,0.99122,0.99122,0.99102,0.99102,8
2012-03-13 03:12:00,0.99119,0.99119,0.99119,0.99119,1
2012-03-13 03:13:00,0.991,0.99119,0.991,0.99117,15
2012-03-13 03:14:00,0.99097,0.99097,0.99097,0.99097,1
2012-03-13 03:15:00,0.99085,0.99094,0.99085,0.99094,4
2012-03-13 03:16:00,0.99099,0.99099,0.99085,0.99088,9
2012-03-13 03:17:00,0.99093,0.99097,0.99088,0.99097,6
2012-03-13 03:18:00,0.99093,0.99093,0.99091,0.99091,2
2012-03-13 03:19:00,0.99091,0.99091,0.99091,0.99091,1
2012-03-13 03:20:00,0.99083,0.99093,0.99083,0.99093,7
2012-03-13 03:21:00,0.99068,0.9908,0.99068,0.9908,5
2012-03-13 03:22:00,0.99066,0.99066,0.99066,0.99066,1
2012-03-13 03:23:00,0.99054,0.99063,0.99054,0.99063,4
2012-03-13 03:24:00,0.99049,0.99051,0.99049,0.99051,2
2012-03-13 03:25:00,0.99046,0.99046,0.99046,0.99046,1
2012-03-13 03:26:00,0.99048,0.99048,0.99046,0.99048,3
2012-03-13 03:27:00,0.99049,0.99051,0.99049,0.99051,2
2012-03-13 03:30:00,0.99049,0.99051,0.99049,0.99051,2
2012-03-13 03:32:00,0.99062,0.99062,0.99051,0.99051,5
2012-03-13 03:34:00,0.99065,0.99065,0.99065,0.99065,1
2012-03-13 03:36:00,0.99065,0.99065,0.99063,0.99063,2
2012-03-13 03:37:00,0.99068,0.99068,0.9906,0.99063,5
2012-03-13 03:39:00,0.99062,0.99066,0.9906,0.99066,4
2012-03-13 03:41:00,0.9906,0.9906,0.9906,0.9906,1
2012-03-13 03:44:00,0.99057,0.99057,0.99057,0.99057,1
2012-03-13 03:45:00,0.99062,0.99062,0.99059,0.99059,2
2012-03-13 03:46:00,0.99062,0.99062,0.9906,0.9906,2
2012-03-13 03:47:00,0.99066,0.99068,0.99065,0.99065,3
2012-03-13 03:48:00,0.99054,0.99068,0.99054,0.99068,6
2012-03-13 03:49:00,0.99057,0.99057,0.99057,0.99057,1
2012-03-13 03:50:00,0.99057,0.99059,0.99057,0.99059,2
2012-03-13 03:52:00,0.99046,0.99054,0.99046,0.99054,4
2012-03-13 03:53:00,0.99045,0.99045,0.99043,0.99043,2
2012-03-13 03:54:00,0.99042,0.99043,0.9904,0.99043,3
2012-03-13 03:58:00,0.99042,0.99042,0.9904,0.9904,2
2012-03-13 03:59:00,0.99045,0.99045,0.99037,0.9904,5
2012-03-13 04:00:00,0.99037,0.99043,0.99034,0.99043,15
2012-03-13 04:01:00,0.9904,0.9904,0.9904,0.9904,1
2012-03-13 04:02:00,0.99037,0.99042,0.99037,0.99042,3
2012-03-13 04:03:00,0.99042,0.99042,0.9904,0.9904,4
2012-03-13 04:04:00,0.99049,0.99054,0.99045,0.99045,6
2012-03-13 04:05:00,0.99051,0.99051,0.99049,0.99051,3
2012-03-13 04:08:00,0.99045,0.99049,0.99043,0.99049,4
2012-03-13 04:09:00,0.99048,0.99048,0.99048,0.99048,1
2012-03-13 04:10:00,0.99048,0.99048,0.99046,0.99046,2
2012-03-13 04:11:00,0.99051,0.99051,0.99049,0.99051,3
2012-03-13 04:15:00,0.99051,0.99051,0.99049,0.99049,2
2012-03-13 04:17:00,0.99049,0.99049,0.99049,0.99049,1
2012-03-13 04:19:00,0.99054,0.99054,0.99051,0.99051,2
2012-03-13 04:20:00,0.99049,0.99051,0.99049,0.99051,2
2012-03-13 04:21:00,0.99049,0.99057,0.99046,0.99046,8
2012-03-13 04:22:00,0.99051,0.99051,0.99051,0.99051,1
2012-03-13 04:23:00,0.99054,0.99059,0.99054,0.99054,5
2012-03-13 04:25:00,0.99057,0.99057,0.99057,0.99057,1
2012-03-13 04:27:00,0.99062,0.99062,0.99059,0.99059,2
2012-03-13 04:28:00,0.9906,0.9906,0.9906,0.9906,1
2012-03-13 04:31:00,0.99062,0.99062,0.99062,0.99062,1
2012-03-13 04:33:00,0.99079,0.99079,0.99065,0.99065,6
2012-03-13 04:35:00,0.99074,0.99077,0.99074,0.99077,2
2012-03-13 04:36:00,0.99068,0.99071,0.99068,0.99071,2
2012-03-13 04:37:00,0.99068,0.99074,0.99068,0.99071,4
2012-03-13 04:38:00,0.99071,0.99074,0.99071,0.99071,3
2012-03-13 04:39:00,0.99071,0.99071,0.99068,0.99068,2
2012-03-13 04:40:00,0.99091,0.99091,0.99074,0.99074,13
2012-03-13 04:41:00,0.99083,0.99088,0.99083,0.99088,3
2012-03-13 04:42:00,0.99091,0.99091,0.99085,0.99085,3
2012-03-13 04:43:00,0.99093,0.99093,0.99093,0.99093,1
2012-03-13 04:44:00,0.99102,0.99102,0.99096,0.99096,3
2012-03-13 04:45:00,0.99088,0.991,0.99083,0.991,11
2012-03-13 04:46:00,0.99093,0.99093,0.99088,0.99091,4
2012-03-13 04:47:00,0.99099,0.99102,0.99094,0.99096,10
2012-03-13 04:49:00,0.99091,0.99097,0.99085,0.99097,9
2012-03-13 04:53:00,0.99091,0.99093,0.99091,0.99093,4
2012-03-13 04:54:00,0.99088,0.99088,0.99083,0.99088,7
2012-03-13 04:55:00,0.99076,0.99085,0.99071,0.99085,8
2012-03-13 04:56:00,0.99079,0.99079,0.99074,0.99074,3
2012-03-13 04:59:00,0.99074,0.99077,0.99074,0.99077,2
2012-03-13 05:00:00,0.9906,0.99071,0.99057,0.99071,11
2012-03-13 05:01:00,0.99049,0.99057,0.99046,0.99057,11
2012-03-13 05:02:00,0.99049,0.99054,0.99049,0.99051,4
2012-03-13 05:03:00,0.99046,0.99046,0.99046,0.99046,1
2012-03-13 05:04:00,0.99054,0.99054,0.99048,0.99048,3
2012-03-13 05:05:00,0.99057,0.99057,0.99057,0.99057,1
2012-03-13 05:06:00,0.99057,0.99062,0.99054,0.99054,6
2012-03-13 05:07:00,0.99048,0.99054,0.9904,0.99054,11
2012-03-13 05:08:00,0.99059,0.99068,0.99051,0.99051,20
2012-03-13 05:09:00,0.99065,0.99065,0.99049,0.99057,14
2012-03-13 05:10:00,0.99077,0.99088,0.99068,0.99068,12
2012-03-13 05:11:00,0.99088,0.99088,0.99071,0.99074,18
2012-03-13 05:12:00,0.99091,0.99093,0.99091,0.99091,7
2012-03-13 05:13:00,0.99117,0.99119,0.99091,0.99093,19
2012-03-13 05:14:00,0.99108,0.99114,0.991,0.99114,17
2012-03-13 05:15:00,0.99108,0.99108,0.991,0.99105,6
2012-03-13 05:16:00,0.99122,0.9913,0.99111,0.99111,15
2012-03-13 05:17:00,0.99108,0.99119,0.99108,0.99119,13
2012-03-13 05:18:00,0.991,0.99105,0.991,0.99105,3
2012-03-13 05:19:00,0.99105,0.99119,0.991,0.99102,14
2012-03-13 05:20:00,0.99133,0.99133,0.99108,0.99108,10
2012-03-13 05:21:00,0.99142,0.99147,0.99136,0.99136,7
2012-03-13 05:22:00,0.99128,0.99139,0.99125,0.99139,7
2012-03-13 05:23:00,0.99136,0.99139,0.99125,0.9913,13
2012-03-13 05:24:00,0.99122,0.99136,0.99122,0.99134,11
2012-03-13 05:25:00,0.99122,0.99125,0.99114,0.99119,12
2012-03-13 05:26:00,0.99122,0.9913,0.99117,0.99119,14
2012-03-13 05:27:00,0.99108,0.99119,0.99108,0.99119,5
2012-03-13 05:28:00,0.99113,0.99113,0.99111,0.99111,4
2012-03-13 05:29:00,0.991,0.99111,0.991,0.99111,5
2012-03-13 05:30:00,0.99111,0.99113,0.99094,0.99102,16
2012-03-13 05:31:00,0.99117,0.9913,0.99113,0.99113,14
2012-03-13 05:32:00,0.99108,0.99114,0.99108,0.99114,3
2012-03-13 05:33:00,0.99091,0.99105,0.99091,0.99105,8
2012-03-13 05:34:00,0.99082,0.99088,0.9908,0.99088,5
2012-03-13 05:35:00,0.99088,0.99088,0.99085,0.99085,2
2012-03-13 05:36:00,0.99085,0.99093,0.99085,0.99091,5
2012-03-13 05:37:00,0.99102,0.99102,0.99083,0.99083,8
2012-03-13 05:38:00,0.99102,0.99119,0.99097,0.991,30
2012-03-13 05:39:00,0.99094,0.991,0.99094,0.991,3
2012-03-13 05:40:00,0.99096,0.99099,0.99094,0.99096,7
2012-03-13 05:41:00,0.99102,0.99102,0.99099,0.99099,2
2012-03-13 05:44:00,0.99094,0.991,0.99094,0.991,3
2012-03-13 05:45:00,0.99083,0.99091,0.99083,0.99091,4
2012-03-13 05:46:00,0.99082,0.99082,0.99077,0.9908,4
2012-03-13 05:49:00,0.99085,0.99085,0.99085,0.99085,1
2012-03-13 05:50:00,0.99097,0.99099,0.99088,0.99088,8
2012-03-13 05:51:00,0.99099,0.99102,0.99083,0.99094,15
2012-03-13 05:52:00,0.99108,0.99111,0.99097,0.99097,7
2012-03-13 05:54:00,0.99111,0.99111,0.99111,0.99111,1
2012-03-13 05:56:00,0.99102,0.99108,0.99102,0.99108,3
2012-03-13 05:57:00,0.991,0.991,0.991,0.991,1
2012-03-13 05:58:00,0.99091,0.99097,0.99088,0.99097,5
2012-03-13 05:59:00,0.99094,0.99105,0.99091,0.99093,17
2012-03-13 06:00:00,0.99088,0.99099,0.99088,0.99096,6
2012-03-13 06:01:00,0.99071,0.99088,0.9906,0.99085,20
2012-03-13 06:02:00,0.99057,0.99074,0.99057,0.99068,17
2012-03-13 06:03:00,0.99046,0.99054,0.99046,0.99054,4
2012-03-13 06:04:00,0.99049,0.99054,0.99048,0.99048,5
2012-03-13 06:05:00,0.99045,0.99048,0.99043,0.99046,5
2012-03-13 06:06:00,0.99028,0.99043,0.99026,0.99043,10
2012-03-13 06:07:00,0.99057,0.99057,0.99026,0.99026,24
2012-03-13 06:08:00,0.99046,0.99059,0.99046,0.99054,14
2012-03-13 06:09:00,0.99042,0.99043,0.9904,0.99043,5
2012-03-13 06:10:00,0.99042,0.99045,0.9904,0.99045,4
2012-03-13 06:11:00,0.99046,0.99048,0.99045,0.99045,3
2012-03-13 06:12:00,0.99028,0.99043,0.99026,0.99043,8
2012-03-13 06:13:00,0.99031,0.99037,0.99031,0.99031,5
2012-03-13 06:14:00,0.99034,0.99042,0.99034,0.99034,11
2012-03-13 06:15:00,0.99029,0.99034,0.99029,0.99031,4
2012-03-13 06:17:00,0.99026,0.99028,0.99026,0.99026,3
2012-03-13 06:18:00,0.99017,0.99023,0.99017,0.99023,3
2012-03-13 06:19:00,0.9902,0.9902,0.99014,0.99014,3
2012-03-13 06:20:00,0.99017,0.99017,0.99014,0.99017,3
2012-03-13 06:21:00,0.99014,0.9902,0.99014,0.9902,3
2012-03-13 06:22:00,0.99025,0.99025,0.99017,0.99017,10
2012-03-13 06:23:00,0.99014,0.99023,0.99014,0.99023,4
2012-03-13 06:24:00,0.99006,0.99017,0.99,0.99017,11
2012-03-13 06:25:00,0.98996,0.99008,0.98996,0.99008,5
2012-03-13 06:27:00,0.98996,0.98998,0.9899,0.98993,6
2012-03-13 06:28:00,0.99004,0.99004,0.98998,0.98998,5
2012-03-13 06:29:00,0.98996,0.99004,0.9899,0.99002,11
2012-03-13 06:30:00,0.98993,0.98998,0.9899,0.98998,5
2012-03-13 06:31:00,0.98996,0.98998,0.98993,0.98996,7
2012-03-13 06:32:00,0.98999,0.99001,0.98998,0.98998,3
2012-03-13 06:33:00,0.98996,0.99007,0.98996,0.99001,9
2012-03-13 06:34:00,0.98988,0.98993,0.98988,0.98993,5
2012-03-13 06:35:00,0.98996,0.99001,0.98985,0.98985,13
2012-03-13 06:36:00,0.98996,0.99001,0.98996,0.98998,4
2012-03-13 06:37:00,0.98998,0.99001,0.98985,0.98993,13
2012-03-13 06:38:00,0.9901,0.99013,0.98999,0.99001,10
2012-03-13 06:39:00,0.99013,0.99015,0.9901,0.99013,5
2012-03-13 06:40:00,0.99007,0.9901,0.99005,0.9901,6
2012-03-13 06:41:00,0.99005,0.9901,0.99005,0.9901,3
2012-03-13 06:42:00,0.98998,0.9901,0.98996,0.99007,8
2012-03-13 06:43:00,0.98996,0.98996,0.98996,0.98996,1
2012-03-13 06:47:00,0.98996,0.98996,0.98988,0.98993,6
2012-03-13 06:49:00,0.9899,0.99001,0.9899,0.98998,6
2012-03-13 06:50:00,0.9899,0.98993,0.9899,0.98993,2
2012-03-13 06:51:00,0.98976,0.98988,0.98973,0.98988,11
2012-03-13 06:52:00,0.9899,0.9899,0.98979,0.98979,9
2012-03-13 06:53:00,0.98998,0.98998,0.98988,0.98993,7
2012-03-13 06:54:00,0.98999,0.99001,0.98999,0.99001,2
2012-03-13 06:55:00,0.99005,0.99007,0.99001,0.99001,4
2012-03-13 06:56:00,0.98999,0.99007,0.98999,0.99007,4
2012-03-13 06:57:00,0.98999,0.99001,0.98999,0.99001,2
2012-03-13 06:58:00,0.99018,0.99018,0.99001,0.99001,7
2012-03-13 06:59:00,0.99027,0.99032,0.99016,0.99016,9
2012-03-13 07:00:00,0.99001,0.99024,0.98996,0.99024,15
2012-03-13 07:01:00,0.99004,0.99004,0.98999,0.98999,5
2012-03-13 07:02:00,0.99013,0.99015,0.98999,0.99002,13
2012-03-13 07:03:00,0.99007,0.9901,0.99007,0.9901,2
2012-03-13 07:04:00,0.99005,0.99005,0.99005,0.99005,1
2012-03-13 07:05:00,0.98998,0.99002,0.98996,0.99002,4
2012-03-13 07:06:00,0.99007,0.9901,0.99001,0.99001,15
2012-03-13 07:07:00,0.9901,0.99021,0.99002,0.99005,37
2012-03-13 07:08:00,0.99016,0.99021,0.9901,0.99013,16
2012-03-13 07:09:00,0.9901,0.99021,0.9901,0.99013,20
2012-03-13 07:10:00,0.99018,0.99018,0.99007,0.99013,11
2012-03-13 07:11:00,0.99024,0.99024,0.99016,0.99021,6
2012-03-13 07:12:00,0.99035,0.99035,0.99027,0.99027,4
2012-03-13 07:13:00,0.99047,0.99047,0.99038,0.99038,8
2012-03-13 07:15:00,0.99047,0.9905,0.99047,0.9905,2
2012-03-13 07:16:00,0.99041,0.99044,0.99039,0.99044,6
2012-03-13 07:17:00,0.9905,0.9905,0.99044,0.99044,5
2012-03-13 07:18:00,0.99044,0.99047,0.99044,0.99047,2
2012-03-13 07:19:00,0.99,0.99041,0.98997,0.99041,19
2012-03-13 07:20:00,0.99008,0.99008,0.99003,0.99003,3
2012-03-13 07:23:00,0.99009,0.99011,0.99009,0.99011,2
2012-03-13 07:24:00,0.99011,0.99011,0.99011,0.99011,1
2012-03-13 07:25:00,0.99014,0.99017,0.99009,0.99014,11
2012-03-13 07:26:00,0.99,0.99012,0.99,0.99012,5
2012-03-13 07:27:00,0.99008,0.99008,0.99003,0.99003,3
2012-03-13 07:29:00,0.9902,0.9902,0.99011,0.99011,6
2012-03-13 07:30:00,0.99023,0.99034,0.99023,0.99023,11
2012-03-13 07:31:00,0.99023,0.99028,0.99017,0.9902,10
2012-03-13 07:32:00,0.99009,0.9902,0.99009,0.9902,5
2012-03-13 07:33:00,0.9902,0.9902,0.99011,0.99011,4
2012-03-13 07:34:00,0.99017,0.99017,0.99017,0.99017,1
2012-03-13 07:35:00,0.99012,0.99017,0.99012,0.99014,4
2012-03-13 07:36:00,0.9902,0.99025,0.99014,0.99014,7
2012-03-13 07:37:00,0.99029,0.99037,0.99023,0.99023,9
2012-03-13 07:38:00,0.99037,0.99037,0.99031,0.99031,3
2012-03-13 07:40:00,0.99028,0.99034,0.99026,0.99034,7
2012-03-13 07:41:00,0.9904,0.9904,0.99026,0.99026,8
2012-03-13 07:43:00,0.99031,0.99037,0.99031,0.99037,3
2012-03-13 07:44:00,0.99045,0.99045,0.99034,0.99034,9
2012-03-13 07:45:00,0.99051,0.99051,0.99048,0.99048,2
2012-03-13 07:46:00,0.99059,0.99062,0.99054,0.99054,7
2012-03-13 07:48:00,0.99059,0.99068,0.99057,0.99062,8
2012-03-13 07:49:00,0.99074,0.99074,0.99062,0.99062,5
2012-03-13 07:50:00,0.99085,0.99085,0.99076,0.99076,4
2012-03-13 07:51:00,0.99079,0.99083,0.99077,0.99083,6
2012-03-13 07:52:00,0.99068,0.99082,0.99063,0.99082,10
2012-03-13 07:53:00,0.99068,0.99076,0.99066,0.99071,10
2012-03-13 07:58:00,0.99068,0.99076,0.99068,0.99071,6
2012-03-13 08:00:00,0.99068,0.99068,0.99066,0.99066,4
2012-03-13 08:01:00,0.99071,0.99082,0.99071,0.99071,9
2012-03-13 08:02:00,0.99048,0.99068,0.99046,0.99068,10
2012-03-13 08:03:00,0.99059,0.99059,0.99051,0.99051,4
2012-03-13 08:04:00,0.99128,0.99128,0.99062,0.99062,26
2012-03-13 08:05:00,0.99108,0.9913,0.99105,0.9913,21
2012-03-13 08:06:00,0.99111,0.99111,0.99111,0.99111,1
2012-03-13 08:07:00,0.99113,0.99113,0.99105,0.99108,21
2012-03-13 08:08:00,0.99094,0.99116,0.99094,0.99111,13
2012-03-13 08:09:00,0.99076,0.99091,0.99066,0.99091,24
2012-03-13 08:10:00,0.9908,0.99082,0.99074,0.99074,7
2012-03-13 08:11:00,0.99085,0.99088,0.99074,0.99077,10
2012-03-13 08:12:00,0.99117,0.99128,0.99088,0.99088,21
2012-03-13 08:13:00,0.99116,0.99119,0.99105,0.99114,16
2012-03-13 08:14:00,0.9913,0.99136,0.99119,0.99119,17
2012-03-13 08:15:00,0.99117,0.99133,0.99117,0.99133,11
2012-03-13 08:16:00,0.99105,0.99122,0.99105,0.99119,16
2012-03-13 08:17:00,0.99074,0.99102,0.99074,0.99102,11
2012-03-13 08:18:00,0.99085,0.99088,0.99074,0.99076,14
2012-03-13 08:19:00,0.99094,0.99096,0.9908,0.99083,11
2012-03-13 08:20:00,0.99088,0.99096,0.99085,0.99091,16
2012-03-13 08:21:00,0.9908,0.99085,0.9908,0.99085,9
2012-03-13 08:22:00,0.99111,0.99113,0.99082,0.99082,23
2012-03-13 08:23:00,0.99094,0.99116,0.99094,0.99113,14
2012-03-13 08:24:00,0.991,0.99108,0.99096,0.99096,8
2012-03-13 08:25:00,0.99108,0.99108,0.99102,0.99102,3
2012-03-13 08:26:00,0.99083,0.99105,0.99083,0.99105,11
2012-03-13 08:27:00,0.99093,0.99096,0.9908,0.9908,14
2012-03-13 08:28:00,0.99088,0.99091,0.99088,0.99091,2
2012-03-13 08:29:00,0.99068,0.99085,0.99068,0.99085,9
2012-03-13 08:30:00,0.99088,0.99088,0.99068,0.99071,19
2012-03-13 08:31:00,0.99093,0.99093,0.99091,0.99091,2
2012-03-13 08:32:00,0.99093,0.99093,0.99088,0.99091,4
2012-03-13 08:33:00,0.99099,0.99099,0.99088,0.99096,8
2012-03-13 08:34:00,0.99125,0.99125,0.99097,0.99102,17
2012-03-13 08:35:00,0.99108,0.99133,0.99108,0.99128,18
2012-03-13 08:36:00,0.99116,0.99116,0.99105,0.99105,9
2012-03-13 08:38:00,0.99105,0.99114,0.99105,0.99114,12
2012-03-13 08:39:00,0.99108,0.99108,0.99097,0.99102,7
2012-03-13 08:40:00,0.99116,0.99116,0.99105,0.99111,13
2012-03-13 08:41:00,0.99116,0.99125,0.99111,0.99119,10
2012-03-13 08:42:00,0.99116,0.99116,0.99108,0.99114,6
2012-03-13 08:43:00,0.99145,0.99145,0.99119,0.99119,10
2012-03-13 08:44:00,0.99136,0.9915,0.99134,0.99147,11
2012-03-13 08:45:00,0.99133,0.99134,0.99128,0.99134,7
2012-03-13 08:46:00,0.99119,0.99131,0.99117,0.99131,17
2012-03-13 08:47:00,0.99122,0.99125,0.99117,0.99122,7
2012-03-13 08:48:00,0.99105,0.99119,0.99105,0.99119,8
2012-03-13 08:49:00,0.99111,0.99111,0.99094,0.99102,12
2012-03-13 08:50:00,0.99102,0.99108,0.991,0.99108,5
2012-03-13 08:51:00,0.99105,0.99105,0.991,0.991,3
2012-03-13 08:52:00,0.99114,0.99116,0.99108,0.99108,5
2012-03-13 08:53:00,0.99111,0.99116,0.99111,0.99116,3
2012-03-13 08:54:00,0.99116,0.99116,0.99113,0.99113,2
2012-03-13 08:55:00,0.99133,0.99133,0.99119,0.99119,10
2012-03-13 08:56:00,0.99119,0.99142,0.99119,0.99136,11
2012-03-13 08:57:00,0.99125,0.99125,0.99119,0.99122,12
2012-03-13 08:58:00,0.99125,0.99125,0.99117,0.99122,6
2012-03-13 08:59:00,0.99128,0.99128,0.99128,0.99128,1
2012-03-13 09:00:00,0.99111,0.99125,0.99111,0.99125,6
2012-03-13 09:01:00,0.99113,0.99113,0.99111,0.99113,3
2012-03-13 09:02:00,0.99119,0.99122,0.99116,0.99116,6
2012-03-13 09:03:00,0.99108,0.99117,0.99108,0.99117,4
2012-03-13 09:04:00,0.99113,0.99113,0.99102,0.99105,8
2012-03-13 09:05:00,0.99102,0.99111,0.991,0.99111,6
2012-03-13 09:06:00,0.99097,0.99105,0.99097,0.99105,6
2012-03-13 09:07:00,0.99099,0.99099,0.99094,0.99094,3
2012-03-13 09:08:00,0.99108,0.99108,0.99102,0.99102,5
2012-03-13 09:09:00,0.99114,0.99116,0.99111,0.99111,4
2012-03-13 09:10:00,0.991,0.99116,0.991,0.99116,7
2012-03-13 09:11:00,0.99094,0.99097,0.99094,0.99097,2
2012-03-13 09:12:00,0.99105,0.99105,0.99091,0.99091,8
2012-03-13 09:13:00,0.99108,0.99113,0.99108,0.99108,13
2012-03-13 09:14:00,0.99091,0.99105,0.99091,0.99105,10
2012-03-13 09:15:00,0.99088,0.99088,0.99083,0.99088,5
2012-03-13 09:16:00,0.99088,0.99096,0.99088,0.99091,6
2012-03-13 09:17:00,0.99068,0.99085,0.99068,0.99085,13
2012-03-13 09:18:00,0.99071,0.99076,0.99071,0.99071,5
2012-03-13 09:19:00,0.99071,0.99074,0.99068,0.99068,6
2012-03-13 09:20:00,0.99063,0.99068,0.99063,0.99068,3
2012-03-13 09:21:00,0.9906,0.99068,0.99057,0.9906,11
2012-03-13 09:22:00,0.99068,0.99068,0.9906,0.99062,7
2012-03-13 09:23:00,0.99071,0.99071,0.9906,0.99066,11
2012-03-13 09:24:00,0.99089,0.99092,0.99074,0.99074,10
2012-03-13 09:25:00,0.99078,0.99092,0.99078,0.99092,8
2012-03-13 09:26:00,0.99064,0.99078,0.99064,0.99075,7
2012-03-13 09:27:00,0.99046,0.99061,0.99046,0.99061,6
2012-03-13 09:28:00,0.99028,0.99043,0.99026,0.99043,8
2012-03-13 09:29:00,0.99037,0.9904,0.99031,0.99031,9
2012-03-13 09:30:00,0.99028,0.99034,0.99026,0.99034,13
2012-03-13 09:31:00,0.9904,0.9904,0.99031,0.99031,6
2012-03-13 09:32:00,0.9904,0.99042,0.9904,0.99042,2
2012-03-13 09:33:00,0.99045,0.99045,0.99042,0.99042,2
2012-03-13 09:34:00,0.9904,0.99045,0.9904,0.99043,8
2012-03-13 09:35:00,0.99045,0.99051,0.9904,0.99042,12
2012-03-13 09:36:00,0.99009,0.99043,0.99009,0.99043,13
2012-03-13 09:37:00,0.99017,0.99017,0.99011,0.99011,3
2012-03-13 09:38:00,0.99028,0.99028,0.9902,0.9902,4
2012-03-13 09:39:00,0.99023,0.99026,0.99023,0.99026,2
2012-03-13 09:40:00,0.99012,0.9902,0.99012,0.9902,4
2012-03-13 09:41:00,0.98997,0.99009,0.98997,0.99009,9
2012-03-13 09:42:00,0.99008,0.99008,0.99,0.99,4
2012-03-13 09:44:00,0.99,0.99006,0.98995,0.99006,7
2012-03-13 09:45:00,0.99003,0.99008,0.99003,0.99003,5
2012-03-13 09:47:00,0.98989,0.99,0.98989,0.99,9
2012-03-13 09:48:00,0.98989,0.98991,0.98986,0.98991,4
2012-03-13 09:49:00,0.98991,0.98991,0.98991,0.98991,1
2012-03-13 09:50:00,0.99011,0.99011,0.98994,0.98994,9
2012-03-13 09:51:00,0.9902,0.9902,0.99003,0.99009,9
2012-03-13 09:52:00,0.99042,0.99042,0.99023,0.99023,8
2012-03-13 09:53:00,0.99028,0.9904,0.99026,0.9904,9
2012-03-13 09:55:00,0.99028,0.99031,0.99026,0.99031,4
2012-03-13 09:56:00,0.99037,0.99037,0.99031,0.99031,5
2012-03-13 09:57:00,0.9902,0.99034,0.9902,0.99034,22
2012-03-13 09:58:00,0.9902,0.99031,0.99017,0.99023,16
2012-03-13 09:59:00,0.99023,0.99023,0.99023,0.99023,1
2012-03-13 10:00:00,0.99017,0.9902,0.98989,0.9902,32
2012-03-13 10:01:00,0.99006,0.99014,0.99,0.99014,14
2012-03-13 10:02:00,0.98989,0.99008,0.98989,0.99003,14
2012-03-13 10:03:00,0.99,0.99,0.98986,0.98991,14
2012-03-13 10:04:00,0.98989,0.99003,0.98989,0.99003,6
2012-03-13 10:05:00,0.98978,0.98986,0.98978,0.98986,4
2012-03-13 10:06:00,0.9898,0.9898,0.98975,0.9898,5
2012-03-13 10:07:00,0.9898,0.98997,0.98975,0.98983,26
2012-03-13 10:08:00,0.98989,0.98989,0.98975,0.98978,13
2012-03-13 10:09:00,0.98974,0.98986,0.98972,0.98986,15
2012-03-13 10:10:00,0.98963,0.98972,0.98958,0.98972,10
2012-03-13 10:11:00,0.98949,0.98963,0.98949,0.98961,13
2012-03-13 10:12:00,0.98963,0.98963,0.98952,0.98952,5
2012-03-13 10:13:00,0.98969,0.98971,0.98958,0.98961,8
2012-03-13 10:14:00,0.98974,0.98974,0.98963,0.98966,8
2012-03-13 10:15:00,0.98986,0.98986,0.98975,0.98977,10
2012-03-13 10:16:00,0.99014,0.99017,0.9898,0.98983,18
2012-03-13 10:17:00,0.98991,0.99012,0.98989,0.99012,14
2012-03-13 10:18:00,0.98997,0.98997,0.98989,0.98989,6
2012-03-13 10:19:00,0.98997,0.99006,0.98995,0.99,14
2012-03-13 10:20:00,0.98989,0.99,0.98989,0.99,13
2012-03-13 10:21:00,0.98994,0.98994,0.9898,0.98986,10
2012-03-13 10:22:00,0.98978,0.98997,0.98978,0.98997,10
2012-03-13 10:23:00,0.98989,0.98989,0.9898,0.9898,4
2012-03-13 10:24:00,0.99014,0.99014,0.98989,0.98991,15
2012-03-13 10:26:00,0.99034,0.99034,0.99017,0.99017,7
2012-03-13 10:27:00,0.99025,0.99037,0.9902,0.99037,15
2012-03-13 10:28:00,0.99017,0.99023,0.99017,0.99023,3
2012-03-13 10:29:00,0.98992,0.99014,0.98992,0.99014,13
2012-03-13 10:30:00,0.98997,0.98997,0.98994,0.98994,2
2012-03-13 10:31:00,0.99006,0.99006,0.99,0.99,3
2012-03-13 10:32:00,0.99,0.99003,0.99,0.99003,2
2012-03-13 10:33:00,0.98989,0.98997,0.98989,0.98997,4
2012-03-13 10:34:00,0.98986,0.98986,0.98986,0.98986,1
2012-03-13 10:35:00,0.98978,0.98989,0.98978,0.98989,9
2012-03-13 10:36:00,0.98983,0.98983,0.98975,0.98975,4
2012-03-13 10:37:00,0.98966,0.9898,0.98961,0.9898,10
2012-03-13 10:38:00,0.98969,0.98969,0.98961,0.98963,5
2012-03-13 10:41:00,0.98957,0.98966,0.98955,0.98966,12
2012-03-13 10:42:00,0.98969,0.98971,0.9896,0.9896,6
2012-03-13 10:43:00,0.98977,0.98977,0.98971,0.98971,3
2012-03-13 10:45:00,0.98969,0.98977,0.98961,0.98975,13
2012-03-13 10:46:00,0.98969,0.98977,0.98969,0.98971,10
2012-03-13 10:47:00,0.98991,0.98991,0.98971,0.98971,12
2012-03-13 10:48:00,0.98997,0.99,0.98992,0.98994,8
2012-03-13 10:49:00,0.99,0.99003,0.99,0.99,3
2012-03-13 10:50:00,0.99029,0.99031,0.99003,0.99003,14
2012-03-13 10:52:00,0.99023,0.99031,0.99023,0.99031,4
2012-03-13 10:53:00,0.99009,0.9902,0.99009,0.9902,9
2012-03-13 10:54:00,0.99017,0.99017,0.99,0.99006,11
2012-03-13 10:55:00,0.99009,0.99017,0.99009,0.99014,7
2012-03-13 10:56:00,0.99017,0.99017,0.99011,0.99011,7
2012-03-13 10:57:00,0.99028,0.99028,0.99012,0.99014,10
2012-03-13 10:58:00,0.99028,0.99028,0.99026,0.99026,2
2012-03-13 10:59:00,0.9902,0.99031,0.9902,0.99031,5
2012-03-13 11:00:00,0.99029,0.99031,0.9902,0.99023,13
2012-03-13 11:01:00,0.99057,0.99057,0.99023,0.99031,24
2012-03-13 11:02:00,0.99054,0.99054,0.99049,0.99054,5
2012-03-13 11:03:00,0.9904,0.99057,0.9904,0.99057,13
2012-03-13 11:04:00,0.99034,0.99048,0.99031,0.99042,12
2012-03-13 11:05:00,0.99048,0.99048,0.99037,0.99037,5
2012-03-13 11:06:00,0.99043,0.99051,0.99043,0.99051,8
2012-03-13 11:07:00,0.99048,0.99048,0.9904,0.9904,12
2012-03-13 11:08:00,0.99048,0.99048,0.99046,0.99046,2
2012-03-13 11:09:00,0.99037,0.99046,0.99037,0.99046,4
2012-03-13 11:10:00,0.99048,0.99048,0.9904,0.9904,10
2012-03-13 11:11:00,0.99054,0.99057,0.99051,0.99051,4
2012-03-13 11:13:00,0.99031,0.99051,0.99029,0.99051,12
2012-03-13 11:14:00,0.99028,0.99031,0.99023,0.99029,11
2012-03-13 11:16:00,0.99034,0.99034,0.99031,0.99031,2
2012-03-13 11:17:00,0.99037,0.99037,0.99037,0.99037,1
2012-03-13 11:18:00,0.99049,0.99051,0.9904,0.9904,16
2012-03-13 11:19:00,0.9904,0.99046,0.99037,0.99046,5
2012-03-13 11:20:00,0.99031,0.99037,0.99031,0.99037,3
2012-03-13 11:21:00,0.99028,0.99029,0.99026,0.99029,3
2012-03-13 11:22:00,0.99037,0.99037,0.99026,0.99026,5
2012-03-13 11:23:00,0.99054,0.99054,0.9904,0.9904,8
2012-03-13 11:24:00,0.99045,0.99051,0.9904,0.99051,9
2012-03-13 11:25:00,0.99045,0.99051,0.9904,0.99048,14
2012-03-13 11:26:00,0.99045,0.99045,0.9904,0.99043,6
2012-03-13 11:27:00,0.99065,0.99065,0.99043,0.99043,11
2012-03-13 11:28:00,0.99062,0.99068,0.9906,0.99068,17
2012-03-13 11:29:00,0.99044,0.9906,0.99039,0.9906,19
2012-03-13 11:30:00,0.99033,0.99041,0.9903,0.99041,8
2012-03-13 11:31:00,0.99024,0.9903,0.99019,0.9903,13
2012-03-13 11:32:00,0.99002,0.99022,0.98999,0.99022,14
2012-03-13 11:33:00,0.99005,0.99007,0.99004,0.99004,5
2012-03-13 11:34:00,0.99015,0.99015,0.99007,0.99007,10
2012-03-13 11:35:00,0.9899,0.99013,0.98988,0.99013,13
2012-03-13 11:36:00,0.98981,0.9899,0.98979,0.98988,7
2012-03-13 11:37:00,0.9901,0.9901,0.98984,0.98984,10
2012-03-13 11:38:00,0.99018,0.99018,0.99013,0.99013,3
2012-03-13 11:39:00,0.99013,0.99016,0.9901,0.99016,4
2012-03-13 11:40:00,0.98993,0.9901,0.9899,0.9901,13
2012-03-13 11:41:00,0.98993,0.98996,0.98993,0.98996,2
2012-03-13 11:42:00,0.99014,0.99014,0.9899,0.9899,9
2012-03-13 11:43:00,0.99023,0.99025,0.99017,0.99017,7
2012-03-13 11:44:00,0.99025,0.99025,0.9902,0.99025,5
2012-03-13 11:45:00,0.99029,0.99034,0.9902,0.99023,9
2012-03-13 11:46:00,0.99042,0.99042,0.99031,0.99031,5
2012-03-13 11:47:00,0.99048,0.99048,0.9904,0.99045,6
2012-03-13 11:48:00,0.99065,0.99065,0.99046,0.99046,10
2012-03-13 11:49:00,0.99057,0.99063,0.99057,0.99063,11
2012-03-13 11:50:00,0.99047,0.99059,0.9901,0.99059,35
2012-03-13 11:51:00,0.99064,0.99069,0.9905,0.9905,16
2012-03-13 11:52:00,0.99061,0.99072,0.99061,0.99067,15
2012-03-13 11:53:00,0.9907,0.99072,0.99061,0.99064,21
2012-03-13 11:54:00,0.99058,0.99067,0.99053,0.99067,10
2012-03-13 11:55:00,0.99075,0.99075,0.99061,0.99061,14
2012-03-13 11:56:00,0.99095,0.99106,0.99078,0.99078,15
2012-03-13 11:57:00,0.9909,0.99092,0.9909,0.99092,2
2012-03-13 11:58:00,0.99081,0.99089,0.99081,0.99087,5
2012-03-13 11:59:00,0.99112,0.99112,0.99084,0.99084,11
2012-03-13 12:00:00,0.99119,0.99137,0.99098,0.9911,37
2012-03-13 12:01:00,0.99122,0.99128,0.99117,0.99122,15
2012-03-13 12:02:00,0.99128,0.9913,0.99114,0.99119,16
2012-03-13 12:03:00,0.99125,0.9913,0.99119,0.99125,11
2012-03-13 12:04:00,0.99117,0.99128,0.99117,0.99122,9
2012-03-13 12:05:00,0.99101,0.99113,0.99098,0.99113,17
2012-03-13 12:06:00,0.99115,0.99115,0.99098,0.99098,13
2012-03-13 12:07:00,0.99124,0.99129,0.99118,0.99118,7
2012-03-13 12:08:00,0.9912,0.99123,0.99115,0.99121,7
2012-03-13 12:09:00,0.99078,0.99123,0.99078,0.99123,21
2012-03-13 12:10:00,0.99081,0.99081,0.99058,0.99075,31
2012-03-13 12:11:00,0.99078,0.99089,0.99078,0.99084,7
2012-03-13 12:12:00,0.99067,0.99081,0.99067,0.99081,16
2012-03-13 12:13:00,0.99053,0.99069,0.99053,0.99069,11
2012-03-13 12:14:00,0.99072,0.99072,0.99044,0.9905,23
2012-03-13 12:15:00,0.99058,0.99078,0.99058,0.9907,11
2012-03-13 12:16:00,0.99058,0.99058,0.9905,0.99056,10
2012-03-13 12:17:00,0.99069,0.99075,0.99061,0.99061,14
2012-03-13 12:18:00,0.99089,0.99089,0.99067,0.99072,15
2012-03-13 12:19:00,0.99089,0.99089,0.99078,0.99087,12
2012-03-13 12:20:00,0.99087,0.99089,0.99073,0.99087,15
2012-03-13 12:21:00,0.99109,0.99109,0.99084,0.99089,18
2012-03-13 12:22:00,0.9911,0.9912,0.99104,0.99112,18
2012-03-13 12:23:00,0.99104,0.99115,0.99104,0.99112,20
2012-03-13 12:24:00,0.99079,0.99109,0.99077,0.99106,28
2012-03-13 12:25:00,0.99068,0.99082,0.99066,0.99082,12
2012-03-13 12:26:00,0.99063,0.99088,0.99063,0.99071,30
2012-03-13 12:27:00,0.99068,0.99074,0.99065,0.99065,18
2012-03-13 12:28:00,0.99071,0.99071,0.99063,0.99066,15
2012-03-13 12:29:00,0.99079,0.99079,0.9906,0.99074,41
2012-03-13 12:30:00,0.99054,0.99079,0.99038,0.99075,62
2012-03-13 12:31:00,0.99011,0.99076,0.98995,0.99057,79
2012-03-13 12:32:00,0.99023,0.99031,0.99012,0.99014,22
2012-03-13 12:33:00,0.9904,0.9904,0.9902,0.99025,12
2012-03-13 12:34:00,0.98998,0.99042,0.98993,0.99037,58
2012-03-13 12:35:00,0.98959,0.98996,0.98959,0.98996,44
2012-03-13 12:36:00,0.98956,0.98973,0.98953,0.98962,25
2012-03-13 12:37:00,0.98982,0.98987,0.98951,0.98953,25
2012-03-13 12:38:00,0.98973,0.98984,0.9897,0.98979,19
2012-03-13 12:39:00,0.98962,0.9897,0.98953,0.9897,26
2012-03-13 12:40:00,0.98964,0.9897,0.98928,0.98959,47
2012-03-13 12:41:00,0.98928,0.98962,0.98928,0.98962,33
2012-03-13 12:42:00,0.98925,0.98953,0.98925,0.9893,35
2012-03-13 12:43:00,0.98908,0.98933,0.98905,0.98928,22
2012-03-13 12:44:00,0.9893,0.9893,0.98905,0.98905,24
2012-03-13 12:45:00,0.98953,0.98953,0.98914,0.98928,34
2012-03-13 12:46:00,0.98948,0.98953,0.98942,0.98951,34
2012-03-13 12:47:00,0.98956,0.98967,0.98931,0.98945,35
2012-03-13 12:48:00,0.98979,0.98979,0.98956,0.98959,14
2012-03-13 12:49:00,0.99018,0.99018,0.98981,0.98981,16
2012-03-13 12:50:00,0.99052,0.99064,0.99021,0.99021,32
2012-03-13 12:51:00,0.99034,0.99061,0.99026,0.99055,34
2012-03-13 12:52:00,0.9904,0.99052,0.9903,0.99036,42
2012-03-13 12:53:00,0.9905,0.99068,0.99042,0.99042,26
2012-03-13 12:54:00,0.99062,0.99062,0.99044,0.99052,16
2012-03-13 12:55:00,0.9906,0.99068,0.9906,0.99064,11
2012-03-13 12:56:00,0.99056,0.99078,0.99056,0.99062,17
2012-03-13 12:57:00,0.99056,0.99058,0.99056,0.99058,2
2012-03-13 12:58:00,0.99078,0.99082,0.99058,0.99058,12
2012-03-13 12:59:00,0.99104,0.9911,0.99074,0.99076,31
2012-03-13 13:00:00,0.9909,0.99106,0.99088,0.99102,29
2012-03-13 13:01:00,0.99124,0.99124,0.99092,0.99092,18
2012-03-13 13:02:00,0.99166,0.9917,0.99126,0.99126,49
2012-03-13 13:03:00,0.99184,0.99184,0.99162,0.99164,28
2012-03-13 13:04:00,0.9917,0.99184,0.99164,0.99182,27
2012-03-13 13:05:00,0.99178,0.99184,0.99158,0.99172,39
2012-03-13 13:06:00,0.99192,0.99192,0.99178,0.9918,21
2012-03-13 13:07:00,0.9917,0.99192,0.99164,0.9919,22
2012-03-13 13:08:00,0.99148,0.99172,0.99148,0.99166,20
2012-03-13 13:09:00,0.99156,0.99156,0.99142,0.99148,21
2012-03-13 13:10:00,0.9917,0.99186,0.9916,0.9916,46
2012-03-13 13:11:00,0.99156,0.99176,0.99154,0.99172,42
2012-03-13 13:12:00,0.99158,0.9916,0.99148,0.99154,15
2012-03-13 13:13:00,0.9917,0.99176,0.99148,0.99156,33
2012-03-13 13:14:00,0.99194,0.99194,0.99168,0.99168,38
2012-03-13 13:15:00,0.9921,0.99216,0.99196,0.99196,32
2012-03-13 13:16:00,0.99208,0.99218,0.99208,0.99208,21
2012-03-13 13:17:00,0.9921,0.99218,0.9921,0.9921,29
2012-03-13 13:18:00,0.99178,0.99208,0.99176,0.99208,41
2012-03-13 13:19:00,0.9917,0.99178,0.9916,0.99176,31
2012-03-13 13:20:00,0.99182,0.99188,0.99172,0.99172,19
2012-03-13 13:21:00,0.9918,0.99188,0.99176,0.99184,19
2012-03-13 13:22:00,0.9917,0.99182,0.99168,0.99178,38
2012-03-13 13:23:00,0.99168,0.99174,0.99168,0.99172,15
2012-03-13 13:24:00,0.99168,0.99172,0.99168,0.9917,6
2012-03-13 13:25:00,0.99182,0.99182,0.9917,0.9917,6
2012-03-13 13:26:00,0.9916,0.9918,0.9916,0.9918,23
2012-03-13 13:27:00,0.99154,0.99166,0.99154,0.99162,11
2012-03-13 13:28:00,0.9915,0.99156,0.99148,0.99156,5
2012-03-13 13:29:00,0.99148,0.9915,0.99148,0.99148,3
2012-03-13 13:30:00,0.99154,0.99154,0.99136,0.99146,25
2012-03-13 13:31:00,0.9914,0.99152,0.99132,0.99152,16
2012-03-13 13:32:00,0.99186,0.99186,0.99142,0.99142,21
2012-03-13 13:33:00,0.99186,0.99206,0.99178,0.99188,36
2012-03-13 13:34:00,0.99202,0.99206,0.99186,0.99188,44
2012-03-13 13:35:00,0.99176,0.99206,0.99176,0.99204,27
2012-03-13 13:36:00,0.99178,0.99184,0.99166,0.99172,21
2012-03-13 13:37:00,0.99162,0.99176,0.9916,0.99176,10
2012-03-13 13:38:00,0.99146,0.9916,0.99144,0.9916,21
2012-03-13 13:39:00,0.9916,0.99162,0.99142,0.99148,22
2012-03-13 13:40:00,0.99164,0.99172,0.99162,0.99162,23
2012-03-13 13:41:00,0.99162,0.99166,0.99158,0.9916,20
2012-03-13 13:42:00,0.99158,0.9916,0.99158,0.9916,2
2012-03-13 13:43:00,0.99166,0.99166,0.9916,0.9916,6
2012-03-13 13:44:00,0.99158,0.9917,0.99156,0.9917,20
2012-03-13 13:45:00,0.99196,0.99196,0.99158,0.9916,26
2012-03-13 13:46:00,0.99196,0.992,0.99182,0.99194,40
2012-03-13 13:47:00,0.99218,0.99218,0.99198,0.99198,31
2012-03-13 13:48:00,0.99208,0.99216,0.99192,0.99216,62
2012-03-13 13:49:00,0.99218,0.9922,0.99206,0.99206,10
2012-03-13 13:50:00,0.9921,0.99242,0.9921,0.9922,32
2012-03-13 13:51:00,0.99216,0.99228,0.99208,0.99208,21
2012-03-13 13:52:00,0.99216,0.99218,0.99186,0.99214,38
2012-03-13 13:53:00,0.9922,0.99228,0.9921,0.99214,19
2012-03-13 13:54:00,0.9921,0.99228,0.9921,0.99222,16
2012-03-13 13:55:00,0.99216,0.99218,0.99208,0.99212,15
2012-03-13 13:56:00,0.99188,0.99228,0.99188,0.99218,26
2012-03-13 13:57:00,0.99208,0.9922,0.99188,0.9919,26
2012-03-13 13:58:00,0.99216,0.99234,0.9921,0.9921,31
2012-03-13 13:59:00,0.9923,0.9923,0.9921,0.99218,32
2012-03-13 14:00:00,0.99214,0.99232,0.99208,0.99232,37
2012-03-13 14:01:00,0.99222,0.99228,0.99216,0.99216,31
2012-03-13 14:02:00,0.99212,0.99226,0.99212,0.99224,14
2012-03-13 14:03:00,0.99192,0.9921,0.99192,0.9921,16
2012-03-13 14:04:00,0.99158,0.9919,0.99156,0.9919,22
2012-03-13 14:05:00,0.99156,0.99164,0.99148,0.99156,23
2012-03-13 14:06:00,0.99148,0.99178,0.99148,0.99158,33
2012-03-13 14:07:00,0.99148,0.99156,0.99148,0.9915,10
2012-03-13 14:08:00,0.99158,0.99166,0.99148,0.9915,26
2012-03-13 14:09:00,0.9913,0.9916,0.99126,0.9916,33
2012-03-13 14:10:00,0.99134,0.9915,0.9913,0.99132,17
2012-03-13 14:11:00,0.99138,0.9915,0.99132,0.99132,21
2012-03-13 14:12:00,0.99133,0.99148,0.99127,0.9914,38
2012-03-13 14:13:00,0.99136,0.9914,0.99127,0.99135,35
2012-03-13 14:14:00,0.99129,0.99134,0.99125,0.99134,7
2012-03-13 14:15:00,0.9915,0.99152,0.99131,0.99131,27
2012-03-13 14:16:00,0.99173,0.99177,0.99147,0.99152,43
2012-03-13 14:17:00,0.99154,0.99171,0.99154,0.99171,30
2012-03-13 14:18:00,0.99145,0.99157,0.99137,0.99151,35
2012-03-13 14:19:00,0.99155,0.99155,0.99144,0.99148,14
2012-03-13 14:20:00,0.99138,0.99153,0.99129,0.99153,19
2012-03-13 14:21:00,0.99138,0.99148,0.99132,0.9914,20
2012-03-13 14:22:00,0.99127,0.99136,0.99125,0.99136,13
2012-03-13 14:23:00,0.9913,0.99138,0.9912,0.99125,34
2012-03-13 14:24:00,0.99119,0.99128,0.99117,0.99128,33
2012-03-13 14:25:00,0.99122,0.99128,0.9912,0.99121,23
2012-03-13 14:26:00,0.99129,0.99133,0.99108,0.9912,25
2012-03-13 14:27:00,0.99086,0.99128,0.99086,0.99127,40
2012-03-13 14:28:00,0.99083,0.99089,0.99081,0.99083,9
2012-03-13 14:29:00,0.99075,0.99087,0.99069,0.99081,37
2012-03-13 14:30:00,0.99071,0.99075,0.99069,0.99073,24
2012-03-13 14:31:00,0.99031,0.99069,0.99029,0.99069,36
2012-03-13 14:32:00,0.9902,0.99048,0.9902,0.99033,27
2012-03-13 14:33:00,0.99034,0.99038,0.99017,0.99017,24
2012-03-13 14:34:00,0.99044,0.9905,0.99032,0.99032,16
2012-03-13 14:35:00,0.99001,0.99042,0.98993,0.99042,31
2012-03-13 14:36:00,0.99014,0.99018,0.98993,0.99004,23
2012-03-13 14:37:00,0.99005,0.99014,0.98998,0.99012,28
2012-03-13 14:38:00,0.99031,0.99033,0.99003,0.99003,35
2012-03-13 14:39:00,0.9902,0.99033,0.9902,0.99029,29
2012-03-13 14:40:00,0.99009,0.99017,0.99,0.99017,14
2012-03-13 14:41:00,0.98993,0.99007,0.98993,0.99007,13
2012-03-13 14:42:00,0.99002,0.99013,0.98995,0.98995,36
2012-03-13 14:43:00,0.9901,0.99018,0.99,0.99,17
2012-03-13 14:44:00,0.99005,0.99014,0.98998,0.99012,30
2012-03-13 14:45:00,0.99021,0.99021,0.99003,0.99007,21
2012-03-13 14:46:00,0.99026,0.99033,0.99015,0.99019,26
2012-03-13 14:47:00,0.99031,0.99033,0.99028,0.99028,10
2012-03-13 14:48:00,0.99038,0.99038,0.99022,0.99029,11
2012-03-13 14:49:00,0.9906,0.99062,0.9904,0.9904,23
2012-03-13 14:50:00,0.99052,0.99062,0.99042,0.99062,27
2012-03-13 14:51:00,0.9907,0.99074,0.99055,0.99055,21
2012-03-13 14:52:00,0.99068,0.9907,0.99061,0.99068,17
2012-03-13 14:53:00,0.99082,0.99084,0.99061,0.9907,38
2012-03-13 14:54:00,0.99082,0.99084,0.99073,0.9908,34
2012-03-13 14:55:00,0.99079,0.9908,0.99071,0.9908,11
2012-03-13 14:56:00,0.99059,0.99084,0.99059,0.99082,13
2012-03-13 14:57:00,0.99079,0.99079,0.99061,0.99061,25
2012-03-13 14:58:00,0.99089,0.99099,0.99081,0.99082,20
2012-03-13 14:59:00,0.99107,0.99111,0.99091,0.99091,15
2012-03-13 15:00:00,0.99091,0.99105,0.99076,0.99105,34
2012-03-13 15:01:00,0.99073,0.99089,0.99073,0.99089,18
2012-03-13 15:02:00,0.99073,0.99079,0.99069,0.99075,14
2012-03-13 15:04:00,0.99079,0.99082,0.99073,0.99075,15
2012-03-13 15:05:00,0.9908,0.99089,0.99078,0.99082,10
2012-03-13 15:06:00,0.99059,0.99078,0.99059,0.99078,19
2012-03-13 15:07:00,0.99042,0.99056,0.99042,0.99056,7
2012-03-13 15:08:00,0.99032,0.99041,0.99032,0.99039,12
2012-03-13 15:09:00,0.99025,0.9904,0.99025,0.99034,11
2012-03-13 15:10:00,0.9904,0.99044,0.99015,0.99022,21
2012-03-13 15:11:00,0.99032,0.99038,0.99032,0.99038,3
2012-03-13 15:12:00,0.99028,0.99032,0.9902,0.9903,13
2012-03-13 15:13:00,0.99016,0.99026,0.99016,0.99026,9
2012-03-13 15:14:00,0.99006,0.99024,0.99006,0.99018,11
2012-03-13 15:15:00,0.9901,0.99014,0.99006,0.9901,15
2012-03-13 15:16:00,0.99026,0.99032,0.99006,0.99006,18
2012-03-13 15:17:00,0.9904,0.9904,0.99024,0.99024,11
2012-03-13 15:18:00,0.9904,0.9904,0.99032,0.99038,8
2012-03-13 15:19:00,0.99048,0.99048,0.99038,0.99044,19
2012-03-13 15:20:00,0.99058,0.99058,0.99044,0.99046,13
2012-03-13 15:21:00,0.99054,0.9906,0.99054,0.99054,7
2012-03-13 15:22:00,0.9906,0.99066,0.99058,0.99058,12
2012-03-13 15:23:00,0.99032,0.9906,0.99032,0.99058,14
2012-03-13 15:24:00,0.9904,0.99058,0.9903,0.99034,19
2012-03-13 15:25:00,0.9904,0.99048,0.99038,0.99044,10
2012-03-13 15:26:00,0.99032,0.99038,0.99032,0.99038,3
2012-03-13 15:27:00,0.99038,0.9904,0.99034,0.99034,6
2012-03-13 15:28:00,0.99012,0.99034,0.99004,0.99034,30
2012-03-13 15:29:00,0.98998,0.9901,0.9899,0.9901,21
2012-03-13 15:30:00,0.99,0.99004,0.98992,0.98996,11
2012-03-13 15:31:00,0.98996,0.99,0.98992,0.98998,8
2012-03-13 15:32:00,0.99,0.99004,0.98998,0.98998,10
2012-03-13 15:33:00,0.99012,0.99012,0.99,0.99004,10
2012-03-13 15:34:00,0.99,0.99014,0.98996,0.99014,22
2012-03-13 15:35:00,0.9902,0.9902,0.98996,0.98998,19
2012-03-13 15:36:00,0.99024,0.99024,0.99012,0.99018,7
2012-03-13 15:37:00,0.99,0.9902,0.98998,0.9902,12
2012-03-13 15:38:00,0.99004,0.99004,0.99004,0.99004,1
2012-03-13 15:39:00,0.99014,0.99018,0.99006,0.99006,12
2012-03-13 15:40:00,0.99,0.99012,0.99,0.99012,9
2012-03-13 15:41:00,0.98992,0.99004,0.9899,0.98998,15
2012-03-13 15:42:00,0.98936,0.9899,0.98936,0.9899,36
2012-03-13 15:43:00,0.9894,0.98944,0.98924,0.98932,28
2012-03-13 15:44:00,0.98952,0.98952,0.98932,0.98944,22
2012-03-13 15:45:00,0.98942,0.98952,0.98936,0.9895,28
2012-03-13 15:46:00,0.9899,0.9899,0.98936,0.98938,32
2012-03-13 15:47:00,0.98988,0.98994,0.98988,0.98988,5
2012-03-13 15:48:00,0.98992,0.99006,0.9899,0.9899,29
2012-03-13 15:49:00,0.98994,0.98998,0.9899,0.98994,7
2012-03-13 15:50:00,0.9899,0.98992,0.98966,0.98992,24
2012-03-13 15:51:00,0.98998,0.99,0.98992,0.98992,15
2012-03-13 15:52:00,0.99018,0.99018,0.99,0.99,13
2012-03-13 15:53:00,0.99006,0.99024,0.99006,0.9902,10
2012-03-13 15:54:00,0.99004,0.99004,0.98978,0.99004,35
2012-03-13 15:55:00,0.9901,0.99012,0.98992,0.99,16
2012-03-13 15:56:00,0.99018,0.9902,0.99006,0.99006,21
2012-03-13 15:57:00,0.99034,0.99034,0.9902,0.9902,10
2012-03-13 15:58:00,0.99054,0.99062,0.99038,0.99038,23
2012-03-13 15:59:00,0.99058,0.99072,0.99046,0.99052,33
2012-03-13 16:00:00,0.9904,0.99054,0.9904,0.99054,22
2012-03-13 16:01:00,0.99044,0.99046,0.99038,0.99038,15
2012-03-13 16:02:00,0.99046,0.99052,0.9904,0.9904,15
2012-03-13 16:03:00,0.9903,0.99046,0.9903,0.99044,14
2012-03-13 16:04:00,0.99028,0.99032,0.9902,0.99026,12
2012-03-13 16:05:00,0.9902,0.99026,0.99016,0.99026,7
2012-03-13 16:06:00,0.99012,0.99024,0.99012,0.99024,13
2012-03-13 16:07:00,0.99014,0.99014,0.9901,0.99014,13
2012-03-13 16:08:00,0.99018,0.99018,0.9901,0.99012,11
2012-03-13 16:09:00,0.9901,0.9902,0.9901,0.99016,19
2012-03-13 16:10:00,0.98998,0.99012,0.98996,0.99012,16
2012-03-13 16:11:00,0.98984,0.98996,0.98984,0.98996,9
2012-03-13 16:12:00,0.98982,0.98992,0.98978,0.98982,13
2012-03-13 16:13:00,0.9899,0.98994,0.98984,0.98984,13
2012-03-13 16:14:00,0.9899,0.98994,0.98986,0.98992,10
2012-03-13 16:15:00,0.98992,0.98992,0.98978,0.98986,11
2012-03-13 16:16:00,0.9898,0.9899,0.98978,0.9899,6
2012-03-13 16:17:00,0.98962,0.98984,0.98962,0.98978,12
2012-03-13 16:18:00,0.9896,0.98968,0.98958,0.9896,14
2012-03-13 16:19:00,0.98962,0.98974,0.98962,0.98964,12
2012-03-13 16:20:00,0.98964,0.98964,0.98958,0.98964,7
2012-03-13 16:21:00,0.9896,0.98962,0.98958,0.98962,3
2012-03-13 16:22:00,0.98962,0.9897,0.98962,0.98964,8
2012-03-13 16:23:00,0.9897,0.9897,0.98964,0.98964,9
2012-03-13 16:24:00,0.98952,0.98966,0.98942,0.98966,22
2012-03-13 16:25:00,0.9895,0.9895,0.98948,0.9895,3
2012-03-13 16:26:00,0.98952,0.98952,0.98952,0.98952,1
2012-03-13 16:27:00,0.9895,0.98952,0.98948,0.9895,5
2012-03-13 16:28:00,0.98952,0.98952,0.98952,0.98952,1
2012-03-13 16:29:00,0.98972,0.98972,0.9895,0.9895,9
2012-03-13 16:30:00,0.98962,0.9897,0.98962,0.9897,6
2012-03-13 16:31:00,0.98972,0.98972,0.98958,0.98958,12
2012-03-13 16:32:00,0.9897,0.9897,0.98966,0.9897,3
2012-03-13 16:33:00,0.98972,0.98972,0.98962,0.98966,7
2012-03-13 16:34:00,0.98978,0.98978,0.9897,0.9897,4
2012-03-13 16:35:00,0.99004,0.99004,0.98978,0.9898,23
2012-03-13 16:36:00,0.9901,0.99012,0.99006,0.99006,6
2012-03-13 16:37:00,0.9899,0.99012,0.9899,0.99012,9
2012-03-13 16:38:00,0.98992,0.98992,0.98984,0.98986,7
2012-03-13 16:39:00,0.9899,0.98994,0.9899,0.98994,7
2012-03-13 16:40:00,0.98994,0.98994,0.98986,0.98986,8
2012-03-13 16:41:00,0.9899,0.98992,0.9899,0.98992,2
2012-03-13 16:42:00,0.9899,0.98992,0.9899,0.98992,2
2012-03-13 16:43:00,0.9899,0.98992,0.98986,0.98992,4
2012-03-13 16:44:00,0.98986,0.98986,0.98986,0.98986,1
2012-03-13 16:45:00,0.98984,0.98984,0.98984,0.98984,1
2012-03-13 16:46:00,0.98992,0.98992,0.98986,0.98986,3
2012-03-13 16:47:00,0.98994,0.98994,0.9899,0.9899,3
2012-03-13 16:48:00,0.98992,0.98992,0.9899,0.98992,5
2012-03-13 16:49:00,0.98982,0.98992,0.98982,0.9899,8
2012-03-13 16:50:00,0.98976,0.98978,0.9896,0.98978,21
2012-03-13 16:51:00,0.9898,0.98988,0.9898,0.9898,9
2012-03-13 16:52:00,0.98974,0.98976,0.98974,0.98976,2
2012-03-13 16:53:00,0.98976,0.98976,0.98972,0.98972,5
2012-03-13 16:54:00,0.98984,0.98984,0.9898,0.9898,3
2012-03-13 16:55:00,0.98982,0.98982,0.98982,0.98982,1
2012-03-13 16:56:00,0.9899,0.98994,0.98982,0.98984,9
2012-03-13 16:57:00,0.9898,0.98988,0.9898,0.98988,4
2012-03-13 16:58:00,0.98966,0.98976,0.98962,0.98976,7
2012-03-13 16:59:00,0.98968,0.98974,0.98966,0.98968,7
2012-03-13 17:00:00,0.98984,0.98984,0.98968,0.9897,18
2012-03-13 17:01:00,0.98984,0.98984,0.98982,0.98982,2
2012-03-13 17:02:00,0.98982,0.98982,0.9898,0.98982,3
2012-03-13 17:03:00,0.98994,0.98994,0.98984,0.98984,8
2012-03-13 17:04:00,0.98986,0.9899,0.98986,0.9899,5
2012-03-13 17:05:00,0.98988,0.98988,0.98982,0.98988,11
2012-03-13 17:06:00,0.98982,0.9899,0.98982,0.9899,6
2012-03-13 17:07:00,0.98962,0.98984,0.98962,0.98984,9
2012-03-13 17:08:00,0.98966,0.98968,0.98956,0.9896,9
2012-03-13 17:09:00,0.98966,0.98968,0.98966,0.98968,2
2012-03-13 17:10:00,0.98966,0.98966,0.98962,0.98962,2
2012-03-13 17:12:00,0.9897,0.9897,0.98968,0.98968,4
2012-03-13 17:13:00,0.98974,0.98982,0.98972,0.98974,15
2012-03-13 17:14:00,0.9898,0.98982,0.98976,0.98976,10
2012-03-13 17:15:00,0.98966,0.9898,0.98966,0.98976,7
2012-03-13 17:16:00,0.98974,0.98974,0.98968,0.98968,3
2012-03-13 17:17:00,0.9897,0.98972,0.98966,0.98972,7
2012-03-13 17:19:00,0.98974,0.98974,0.98974,0.98974,1
2012-03-13 17:20:00,0.98966,0.9898,0.98966,0.98976,9
2012-03-13 17:21:00,0.98966,0.98966,0.98962,0.98962,2
2012-03-13 17:22:00,0.9897,0.98974,0.98968,0.98968,6
2012-03-13 17:23:00,0.98968,0.9898,0.98956,0.98968,16
2012-03-13 17:24:00,0.98962,0.98968,0.9896,0.98966,18
2012-03-13 17:25:00,0.98974,0.98976,0.98966,0.98966,8
2012-03-13 17:26:00,0.98974,0.98974,0.98968,0.98972,4
2012-03-13 17:27:00,0.98984,0.98984,0.98976,0.98976,8
2012-03-13 17:28:00,0.9899,0.9899,0.98988,0.98988,4
2012-03-13 17:29:00,0.98986,0.98994,0.98986,0.98994,6
2012-03-13 17:30:00,0.98986,0.98994,0.98986,0.98988,8
2012-03-13 17:31:00,0.9899,0.98994,0.98988,0.98988,4
2012-03-13 17:32:00,0.98988,0.98988,0.98988,0.98988,1
2012-03-13 17:33:00,0.98984,0.98988,0.98982,0.98986,7
2012-03-13 17:34:00,0.98982,0.98982,0.98982,0.98982,1
2012-03-13 17:35:00,0.9898,0.98982,0.9898,0.9898,3
2012-03-13 17:36:00,0.98976,0.9898,0.98976,0.98976,5
2012-03-13 17:37:00,0.9898,0.98982,0.98976,0.9898,5
2012-03-13 17:38:00,0.98982,0.98984,0.98976,0.98982,13
2012-03-13 17:39:00,0.98986,0.98994,0.9898,0.98984,13
2012-03-13 17:41:00,0.9898,0.98984,0.9898,0.98982,6
2012-03-13 17:42:00,0.9898,0.9898,0.98976,0.98976,2
2012-03-13 17:43:00,0.98982,0.98984,0.98982,0.98982,3
2012-03-13 17:44:00,0.98976,0.98984,0.98976,0.9898,8
2012-03-13 17:45:00,0.9898,0.9898,0.98966,0.98974,9
2012-03-13 17:46:00,0.98974,0.98976,0.98972,0.98976,4
2012-03-13 17:47:00,0.9898,0.98982,0.98976,0.98976,4
2012-03-13 17:50:00,0.98982,0.98982,0.98982,0.98982,1
2012-03-13 17:51:00,0.9898,0.98988,0.9898,0.98984,5
2012-03-13 17:52:00,0.99002,0.99002,0.98982,0.98982,12
2012-03-13 17:53:00,0.9901,0.99014,0.99004,0.99004,5
2012-03-13 17:56:00,0.99018,0.99018,0.99014,0.99014,3
2012-03-13 17:58:00,0.9903,0.9903,0.99016,0.99016,8
2012-03-13 17:59:00,0.99018,0.9903,0.99006,0.99028,22
2012-03-13 18:00:00,0.99018,0.99022,0.99016,0.99016,6
2012-03-13 18:01:00,0.9902,0.99022,0.99016,0.99022,8
2012-03-13 18:02:00,0.99022,0.99022,0.99022,0.99022,1
2012-03-13 18:03:00,0.99024,0.99024,0.99024,0.99024,1
2012-03-13 18:04:00,0.99022,0.99022,0.99022,0.99022,1
2012-03-13 18:05:00,0.9903,0.9903,0.99016,0.9902,7
2012-03-13 18:06:00,0.9903,0.99034,0.99022,0.99028,10
2012-03-13 18:07:00,0.99034,0.99034,0.99028,0.99034,7
2012-03-13 18:08:00,0.99022,0.99034,0.99022,0.9903,10
2012-03-13 18:09:00,0.99042,0.99052,0.99024,0.99024,27
2012-03-13 18:10:00,0.99042,0.99048,0.9904,0.99044,12
2012-03-13 18:11:00,0.99042,0.99044,0.9904,0.99044,6
2012-03-13 18:12:00,0.99048,0.99048,0.99044,0.99044,4
2012-03-13 18:13:00,0.9905,0.99056,0.9905,0.9905,7
2012-03-13 18:14:00,0.99041,0.99058,0.99034,0.99048,30
2012-03-13 18:15:00,0.99076,0.99078,0.99045,0.99045,26
2012-03-13 18:16:00,0.99036,0.99074,0.99036,0.99074,34
2012-03-13 18:17:00,0.9908,0.99094,0.99031,0.99031,63
2012-03-13 18:18:00,0.99084,0.99088,0.99054,0.99078,77
2012-03-13 18:19:00,0.99024,0.99086,0.99024,0.9908,52
2012-03-13 18:20:00,0.99005,0.99024,0.98996,0.99022,39
2012-03-13 18:21:00,0.99015,0.99021,0.99002,0.99002,34
2012-03-13 18:22:00,0.99032,0.99047,0.9901,0.99013,26
2012-03-13 18:23:00,0.99019,0.99041,0.99019,0.99035,39
2012-03-13 18:24:00,0.99109,0.99109,0.99019,0.99021,52
2012-03-13 18:25:00,0.9911,0.99118,0.99095,0.99112,68
2012-03-13 18:26:00,0.99101,0.99126,0.99092,0.99112,49
2012-03-13 18:27:00,0.99124,0.99126,0.99098,0.99103,38
2012-03-13 18:28:00,0.99135,0.99157,0.99121,0.99121,36
2012-03-13 18:29:00,0.99118,0.99137,0.99118,0.99137,48
2012-03-13 18:30:00,0.9909,0.99126,0.9909,0.99115,22
2012-03-13 18:31:00,0.99075,0.99103,0.9907,0.99092,45
2012-03-13 18:32:00,0.99089,0.99089,0.9907,0.99078,25
2012-03-13 18:33:00,0.99112,0.99123,0.9909,0.99092,42
2012-03-13 18:34:00,0.99161,0.99166,0.9911,0.99115,57
2012-03-13 18:35:00,0.99137,0.99163,0.99129,0.99163,30
2012-03-13 18:36:00,0.99129,0.9914,0.99121,0.9914,23
2012-03-13 18:37:00,0.99121,0.9914,0.99121,0.99132,11
2012-03-13 18:38:00,0.99126,0.99126,0.99121,0.99123,10
2012-03-13 18:39:00,0.99095,0.99126,0.99087,0.99124,27
2012-03-13 18:40:00,0.9911,0.99112,0.99098,0.99098,17
2012-03-13 18:41:00,0.99107,0.99115,0.99107,0.99107,15
2012-03-13 18:42:00,0.99089,0.99104,0.9907,0.99104,34
2012-03-13 18:43:00,0.9911,0.99112,0.99092,0.99092,9
2012-03-13 18:44:00,0.9911,0.99115,0.9911,0.99112,6
2012-03-13 18:45:00,0.99149,0.99149,0.99107,0.99112,20
2012-03-13 18:46:00,0.99185,0.9919,0.99152,0.99152,46
2012-03-13 18:47:00,0.99232,0.99234,0.99176,0.99187,56
2012-03-13 18:48:00,0.9924,0.99243,0.99217,0.99234,25
2012-03-13 18:49:00,0.99237,0.99237,0.99217,0.99237,15
2012-03-13 18:50:00,0.99248,0.99265,0.99237,0.9924,36
2012-03-13 18:51:00,0.99248,0.99248,0.99217,0.99246,34
2012-03-13 18:52:00,0.99237,0.99265,0.99237,0.99251,24
2012-03-13 18:53:00,0.99265,0.99265,0.99232,0.99234,26
2012-03-13 18:54:00,0.99237,0.99265,0.99232,0.99263,26
2012-03-13 18:55:00,0.99217,0.9924,0.99212,0.9924,15
2012-03-13 18:56:00,0.99208,0.9922,0.99206,0.9922,11
2012-03-13 18:57:00,0.99189,0.99206,0.99189,0.99206,19
2012-03-13 18:58:00,0.99172,0.99186,0.99155,0.99186,34
2012-03-13 18:59:00,0.99146,0.99174,0.99146,0.99174,19
2012-03-13 19:00:00,0.99149,0.99152,0.99135,0.99144,35
2012-03-13 19:01:00,0.99158,0.99163,0.99152,0.99152,19
2012-03-13 19:02:00,0.99154,0.99163,0.99146,0.9916,19
2012-03-13 19:03:00,0.99132,0.99157,0.99127,0.99152,20
2012-03-13 19:04:00,0.99084,0.99135,0.99084,0.99129,37
2012-03-13 19:05:00,0.99033,0.99092,0.99033,0.99086,42
2012-03-13 19:06:00,0.99027,0.99032,0.99007,0.9903,34
2012-03-13 19:07:00,0.9901,0.99035,0.9901,0.9903,18
2012-03-13 19:08:00,0.99025,0.99025,0.99006,0.99013,28
2012-03-13 19:09:00,0.99028,0.99034,0.99023,0.99028,21
2012-03-13 19:10:00,0.99017,0.99031,0.99017,0.99031,8
2012-03-13 19:11:00,0.99031,0.99031,0.99,0.99014,19
2012-03-13 19:12:00,0.99037,0.99042,0.99029,0.99029,10
2012-03-13 19:13:00,0.9902,0.99042,0.9902,0.9904,20
2012-03-13 19:14:00,0.99014,0.99025,0.99014,0.99023,18
2012-03-13 19:15:00,0.9898,0.9902,0.9898,0.99017,32
2012-03-13 19:16:00,0.9898,0.9898,0.98952,0.98978,40
2012-03-13 19:17:00,0.9898,0.98986,0.98975,0.98983,24
2012-03-13 19:18:00,0.98989,0.98989,0.9898,0.98983,5
2012-03-13 19:19:00,0.98975,0.98991,0.98975,0.98991,13
2012-03-13 19:20:00,0.98992,0.98997,0.98966,0.98977,26
2012-03-13 19:21:00,0.99,0.99003,0.98994,0.98994,7
2012-03-13 19:22:00,0.98991,0.98997,0.9898,0.98997,35
2012-03-13 19:23:00,0.98949,0.98994,0.98946,0.98994,25
2012-03-13 19:24:00,0.98954,0.98957,0.98941,0.98952,24
2012-03-13 19:25:00,0.98949,0.9896,0.98946,0.98957,16
2012-03-13 19:26:00,0.98946,0.98949,0.98935,0.98946,29
2012-03-13 19:27:00,0.98977,0.98977,0.98949,0.98949,39
2012-03-13 19:28:00,0.99011,0.99017,0.9898,0.9898,34
2012-03-13 19:29:00,0.99003,0.99011,0.98983,0.99009,45
2012-03-13 19:30:00,0.99012,0.99014,0.98989,0.99,39
2012-03-13 19:31:00,0.99003,0.99011,0.98992,0.99009,23
2012-03-13 19:32:00,0.99,0.99008,0.98997,0.99,11
2012-03-13 19:33:00,0.99003,0.99006,0.98997,0.98997,7
2012-03-13 19:34:00,0.9898,0.99006,0.98978,0.99,18
2012-03-13 19:35:00,0.98977,0.98986,0.98975,0.98983,11
2012-03-13 19:36:00,0.98992,0.98994,0.98975,0.98975,11
2012-03-13 19:37:00,0.98992,0.98994,0.9898,0.98989,18
2012-03-13 19:38:00,0.98983,0.98989,0.98978,0.98989,9
2012-03-13 19:39:00,0.98971,0.9898,0.98969,0.9898,6
2012-03-13 19:40:00,0.98997,0.98997,0.98952,0.98969,29
2012-03-13 19:41:00,0.99,0.99,0.99,0.99,1
2012-03-13 19:42:00,0.98972,0.99003,0.98972,0.98997,22
2012-03-13 19:43:00,0.9896,0.98974,0.98952,0.98974,18
2012-03-13 19:44:00,0.98946,0.98958,0.98944,0.98958,15
2012-03-13 19:45:00,0.98952,0.98954,0.98938,0.98944,22
2012-03-13 19:46:00,0.98966,0.98971,0.98954,0.98954,15
2012-03-13 19:47:00,0.98966,0.9898,0.98966,0.98969,16
2012-03-13 19:48:00,0.98952,0.98974,0.98952,0.98969,15
2012-03-13 19:49:00,0.98929,0.98949,0.98927,0.98949,14
2012-03-13 19:50:00,0.98932,0.98932,0.98927,0.98932,9
2012-03-13 19:51:00,0.98927,0.98929,0.98927,0.98929,4
2012-03-13 19:52:00,0.98915,0.98932,0.98915,0.98924,18
2012-03-13 19:53:00,0.98859,0.98912,0.98854,0.98912,35
2012-03-13 19:54:00,0.98888,0.98888,0.98862,0.98862,18
2012-03-13 19:55:00,0.9893,0.9893,0.98891,0.98891,19
2012-03-13 19:56:00,0.98936,0.98936,0.98933,0.98933,4
2012-03-13 19:57:00,0.98953,0.98953,0.98939,0.98939,20
2012-03-13 19:58:00,0.98945,0.98953,0.98942,0.98951,19
2012-03-13 19:59:00,0.98915,0.98942,0.98908,0.98942,51
2012-03-13 20:00:00,0.98927,0.98931,0.98915,0.98915,14
2012-03-13 20:01:00,0.98943,0.98943,0.98923,0.98931,12
2012-03-13 20:02:00,0.98947,0.98951,0.98947,0.98947,3
2012-03-13 20:03:00,0.98951,0.98951,0.98951,0.98951,1
2012-03-13 20:04:00,0.98959,0.98959,0.98955,0.98955,2
2012-03-13 20:05:00,0.98959,0.98963,0.98959,0.98963,2
2012-03-13 20:06:00,0.98927,0.98963,0.98927,0.98955,12
2012-03-13 20:07:00,0.98959,0.98959,0.98931,0.98931,10
2012-03-13 20:08:00,0.98963,0.98963,0.98963,0.98963,1
2012-03-13 20:09:00,0.98971,0.98971,0.98967,0.98967,4
2012-03-13 20:11:00,0.98967,0.98967,0.98967,0.98967,1
2012-03-13 20:12:00,0.98959,0.98963,0.98959,0.98963,2
2012-03-13 20:13:00,0.98935,0.98955,0.98935,0.98955,8
2012-03-13 20:14:00,0.98963,0.98963,0.98939,0.98939,9
2012-03-13 20:15:00,0.98966,0.98966,0.98946,0.98959,9
2012-03-13 20:16:00,0.98962,0.98962,0.98962,0.98962,1
2012-03-13 20:17:00,0.98954,0.98962,0.98954,0.98958,6
2012-03-13 20:18:00,0.98946,0.98962,0.98946,0.98958,8
2012-03-13 20:21:00,0.98938,0.98942,0.98938,0.98942,2
2012-03-13 20:22:00,0.98929,0.98938,0.98926,0.98934,16
2012-03-13 20:23:00,0.98909,0.98925,0.98909,0.98925,5
2012-03-13 20:24:00,0.98893,0.98905,0.98893,0.98905,6
2012-03-13 20:25:00,0.98881,0.98889,0.98869,0.98889,11
2012-03-13 20:27:00,0.98885,0.98885,0.98877,0.98877,7
2012-03-13 20:28:00,0.98893,0.98893,0.98877,0.98881,6
2012-03-13 20:29:00,0.98891,0.98897,0.98871,0.98897,16
2012-03-13 20:30:00,0.9896,0.9896,0.98895,0.98895,23
2012-03-13 20:31:00,0.98964,0.98976,0.98964,0.98964,9
2012-03-13 20:32:00,0.98952,0.9896,0.98948,0.9896,5
2012-03-13 20:33:00,0.98948,0.98956,0.98948,0.98956,5
2012-03-13 20:34:00,0.9894,0.98944,0.9894,0.98944,2
2012-03-13 20:35:00,0.98932,0.98936,0.98932,0.98936,8
2012-03-13 20:36:00,0.98944,0.98944,0.98936,0.98936,3
2012-03-13 20:37:00,0.98936,0.9894,0.98936,0.9894,2
2012-03-13 20:38:00,0.98944,0.98944,0.9894,0.9894,2
2012-03-13 20:39:00,0.98952,0.98952,0.98948,0.98948,2
2012-03-13 20:40:00,0.98952,0.98956,0.98952,0.98956,4
2012-03-13 20:41:00,0.98948,0.98948,0.98944,0.98948,3
2012-03-13 20:42:00,0.9894,0.98944,0.9894,0.98944,2
2012-03-13 20:43:00,0.98944,0.98948,0.98944,0.98944,3
2012-03-13 20:44:00,0.98936,0.9894,0.98936,0.9894,2
2012-03-13 20:45:00,0.9892,0.98932,0.9892,0.98932,4
2012-03-13 20:46:00,0.98908,0.98924,0.98904,0.98924,7
2012-03-13 20:47:00,0.98884,0.98908,0.98884,0.98904,10
2012-03-13 20:48:00,0.98888,0.989,0.98876,0.98888,15
2012-03-13 20:49:00,0.98872,0.98892,0.98872,0.98892,6
2012-03-13 20:50:00,0.98876,0.98876,0.98876,0.98876,1
2012-03-13 20:51:00,0.98892,0.98896,0.9888,0.9888,8
2012-03-13 20:52:00,0.98871,0.98888,0.98871,0.98888,9
2012-03-13 20:53:00,0.98875,0.98875,0.98859,0.98867,19
2012-03-13 20:54:00,0.98879,0.98892,0.98879,0.98879,7
2012-03-13 20:55:00,0.98871,0.98887,0.98867,0.98883,10
2012-03-13 20:56:00,0.98859,0.98871,0.98859,0.98867,9
2012-03-13 20:57:00,0.98863,0.98863,0.98863,0.98863,1
2012-03-13 20:58:00,0.98863,0.98867,0.98863,0.98867,2
2012-03-13 20:59:00,0.98859,0.98863,0.98859,0.98859,3
2012-03-13 21:00:00,0.98859,0.98876,0.98851,0.98864,29
2012-03-13 21:01:00,0.98867,0.98867,0.98863,0.98863,2
2012-03-13 21:02:00,0.98855,0.98863,0.98855,0.98863,5
2012-03-13 21:03:00,0.98859,0.98859,0.98859,0.98859,1
2012-03-13 21:04:00,0.98855,0.98863,0.98855,0.98855,5
2012-03-13 21:05:00,0.98843,0.98851,0.98843,0.98851,3
2012-03-13 21:08:00,0.98835,0.98839,0.98835,0.98839,2
2012-03-13 21:09:00,0.98835,0.98839,0.98835,0.98839,2
2012-03-13 21:10:00,0.98827,0.98831,0.98815,0.98831,10
2012-03-13 21:11:00,0.98824,0.98832,0.98819,0.98823,9
2012-03-13 21:15:00,0.98832,0.98836,0.98824,0.98828,6
2012-03-13 21:17:00,0.98848,0.98848,0.98836,0.98836,16
2012-03-13 21:18:00,0.98839,0.98852,0.98835,0.98852,6
2012-03-13 21:19:00,0.98835,0.98835,0.98835,0.98835,1
2012-03-13 21:20:00,0.98858,0.98858,0.98831,0.98831,11
2012-03-13 21:22:00,0.98858,0.98862,0.98858,0.98862,2
2012-03-13 21:26:00,0.98866,0.9887,0.98862,0.98862,6
2012-03-13 21:28:00,0.98866,0.9887,0.98866,0.9887,4
2012-03-13 21:29:00,0.98874,0.98874,0.98866,0.9887,4
2012-03-13 21:31:00,0.98874,0.98874,0.98862,0.9887,10
2012-03-13 21:34:00,0.98887,0.98901,0.9887,0.9887,15
2012-03-13 21:35:00,0.989,0.989,0.98892,0.98892,3
2012-03-13 21:36:00,0.98895,0.98895,0.98895,0.98895,1
2012-03-13 21:37:00,0.98891,0.98891,0.98891,0.98891,1
2012-03-13 21:38:00,0.98904,0.98923,0.98875,0.98895,56
2012-03-13 21:39:00,0.98871,0.98904,0.98859,0.989,48
2012-03-13 21:40:00,0.98859,0.98867,0.98855,0.98867,5
2012-03-13 21:42:00,0.98875,0.98875,0.98863,0.98863,4
2012-03-13 21:45:00,0.98887,0.98887,0.98879,0.98879,3
2012-03-13 21:46:00,0.98875,0.98883,0.98875,0.98883,3
2012-03-13 21:47:00,0.98855,0.98871,0.98855,0.98871,5
2012-03-13 21:48:00,0.98858,0.98875,0.98858,0.98859,9
2012-03-13 21:49:00,0.98874,0.98874,0.98862,0.98862,4
2012-03-13 21:50:00,0.98858,0.9887,0.98858,0.9887,4
2012-03-13 21:51:00,0.9887,0.9887,0.98862,0.98862,3
2012-03-13 21:55:00,0.98899,0.98899,0.98875,0.98875,9
2012-03-13 21:56:00,0.9889,0.98894,0.9889,0.98894,2
2012-03-13 22:00:00,0.98858,0.989,0.98852,0.98886,23
2012-03-13 22:01:00,0.9886,0.9886,0.9886,0.9886,1
2012-03-13 22:02:00,0.98862,0.98872,0.98862,0.98864,11
2012-03-13 22:03:00,0.98866,0.98866,0.9886,0.9886,3
2012-03-13 22:05:00,0.9886,0.98862,0.9886,0.98862,2
2012-03-13 22:06:00,0.98866,0.98866,0.98862,0.98862,2
2012-03-13 22:07:00,0.98874,0.98874,0.98868,0.98868,3
2012-03-13 22:11:00,0.98904,0.98904,0.98878,0.98878,10
2012-03-13 22:12:00,0.98902,0.98902,0.98902,0.98902,1
2012-03-13 22:15:00,0.98904,0.98904,0.98904,0.98904,1
2012-03-13 22:16:00,0.98908,0.98908,0.98908,0.98908,1
2012-03-13 22:17:00,0.98904,0.98904,0.98904,0.98904,1
2012-03-13 22:19:00,0.98896,0.98902,0.98896,0.98902,3
2012-03-13 22:22:00,0.98896,0.98896,0.98886,0.98892,10
2012-03-13 22:24:00,0.98908,0.98908,0.98898,0.98898,4
2012-03-13 22:25:00,0.98928,0.98934,0.9891,0.9891,11
2012-03-13 22:26:00,0.98926,0.98932,0.98926,0.98932,3
2012-03-13 22:27:00,0.9892,0.98922,0.9892,0.98922,2
2012-03-13 22:28:00,0.98914,0.98916,0.98914,0.98916,2
2012-03-13 22:29:00,0.9887,0.9891,0.9887,0.9891,14
2012-03-13 22:30:00,0.98866,0.98884,0.98866,0.98874,10
2012-03-13 22:31:00,0.98868,0.98868,0.98868,0.98868,1
2012-03-13 22:32:00,0.98868,0.98878,0.98862,0.98872,10
2012-03-13 22:33:00,0.98866,0.98866,0.98856,0.98866,7
2012-03-13 22:34:00,0.98868,0.98868,0.98868,0.98868,1
2012-03-13 22:36:00,0.98868,0.98872,0.98868,0.98872,2
2012-03-13 22:38:00,0.98872,0.98872,0.98872,0.98872,1
2012-03-13 22:39:00,0.98872,0.98872,0.98868,0.98868,2
2012-03-13 22:40:00,0.98862,0.98868,0.98862,0.98868,5
2012-03-13 22:41:00,0.98856,0.98868,0.98856,0.98866,6
2012-03-13 22:42:00,0.98862,0.98862,0.9886,0.9886,2
2012-03-13 22:43:00,0.98866,0.98868,0.98866,0.98866,5
2012-03-13 22:44:00,0.9886,0.98868,0.9885,0.98868,14
2012-03-13 22:45:00,0.98856,0.98856,0.98856,0.98856,1
2012-03-13 22:46:00,0.9886,0.9886,0.98856,0.9886,3
2012-03-13 22:47:00,0.9886,0.9886,0.98856,0.98856,2
2012-03-13 22:48:00,0.98866,0.98866,0.98862,0.98862,2
2012-03-13 22:49:00,0.98854,0.98868,0.9885,0.98868,12
2012-03-13 22:50:00,0.98834,0.98854,0.98832,0.9885,18
2012-03-13 22:51:00,0.98844,0.98844,0.98838,0.98838,5
2012-03-13 22:52:00,0.9885,0.9885,0.98846,0.98846,2
2012-03-13 22:55:00,0.98846,0.98846,0.98846,0.98846,1
2012-03-13 22:56:00,0.98838,0.9885,0.98838,0.9885,5
2012-03-13 22:59:00,0.9884,0.9884,0.98832,0.9884,7
2012-03-13 23:00:00,0.98852,0.98856,0.98838,0.98838,12
2012-03-13 23:01:00,0.98858,0.98858,0.98856,0.98856,2
2012-03-13 23:03:00,0.9887,0.9887,0.98862,0.98862,4
2012-03-13 23:05:00,0.9887,0.98872,0.9887,0.9887,5
2012-03-13 23:06:00,0.98872,0.98872,0.98868,0.98868,3
2012-03-13 23:07:00,0.98864,0.9887,0.98862,0.9887,5
2012-03-13 23:08:00,0.98868,0.9887,0.98868,0.98868,3
2012-03-13 23:09:00,0.98856,0.98864,0.98854,0.98864,6
2012-03-13 23:10:00,0.98856,0.98856,0.98854,0.98854,2
2012-03-13 23:11:00,0.98854,0.98856,0.98854,0.98854,3
2012-03-13 23:12:00,0.98856,0.98862,0.98856,0.98856,5
2012-03-13 23:13:00,0.98848,0.98856,0.98848,0.98854,23
2012-03-13 23:14:00,0.98854,0.98854,0.9884,0.98844,29
2012-03-13 23:15:00,0.98846,0.98852,0.98846,0.98852,3
2012-03-13 23:18:00,0.98838,0.98844,0.98838,0.98844,3
2012-03-13 23:19:00,0.98832,0.98834,0.98832,0.98834,6
2012-03-13 23:20:00,0.98832,0.98834,0.9883,0.9883,6
2012-03-13 23:21:00,0.98834,0.98834,0.98834,0.98834,1
2012-03-13 23:22:00,0.98842,0.98842,0.98838,0.98838,3
2012-03-13 23:24:00,0.9884,0.9884,0.9884,0.9884,1
2012-03-13 23:26:00,0.98842,0.98842,0.98838,0.98838,3
2012-03-13 23:28:00,0.98842,0.98842,0.98838,0.9884,4
2012-03-13 23:29:00,0.98844,0.98846,0.98844,0.98846,2
2012-03-13 23:30:00,0.98854,0.98854,0.98846,0.98846,18
2012-03-13 23:31:00,0.9885,0.9886,0.9885,0.98858,8
2012-03-13 23:32:00,0.98844,0.98846,0.98844,0.98846,2
2012-03-13 23:33:00,0.98844,0.98848,0.98844,0.98846,4
2012-03-13 23:34:00,0.98852,0.98852,0.98846,0.98846,3
2012-03-13 23:35:00,0.98846,0.9885,0.98846,0.9885,2
2012-03-13 23:36:00,0.98852,0.98852,0.98848,0.98848,2
2012-03-13 23:37:00,0.9885,0.98852,0.9885,0.9885,5
2012-03-13 23:38:00,0.98852,0.98852,0.98852,0.98852,1
2012-03-13 23:40:00,0.9885,0.9885,0.9885,0.9885,1
2012-03-13 23:43:00,0.9885,0.98854,0.9885,0.98852,6
2012-03-13 23:44:00,0.98832,0.98846,0.9883,0.98846,12
2012-03-13 23:45:00,0.9884,0.98842,0.98834,0.98834,5
2012-03-13 23:46:00,0.98848,0.98848,0.98842,0.98842,5
2012-03-13 23:47:00,0.9886,0.9886,0.98852,0.98852,4
2012-03-13 23:48:00,0.98874,0.98874,0.98862,0.98862,5
2012-03-13 23:49:00,0.9888,0.98886,0.98866,0.98872,14
2012-03-13 23:50:00,0.98866,0.9888,0.98866,0.98878,7
2012-03-13 23:52:00,0.98868,0.98868,0.98868,0.98868,1
2012-03-13 23:53:00,0.98864,0.98866,0.98864,0.98866,2
2012-03-13 23:55:00,0.98838,0.9886,0.98838,0.9886,13
2012-03-13 23:56:00,0.9884,0.9884,0.98838,0.9884,3
2012-03-13 23:57:00,0.98838,0.98838,0.98832,0.98838,5
2012-03-13 23:59:00,0.98852,0.98852,0.9884,0.9884,7
2012-03-14 00:00:00,0.9884,0.9885,0.98838,0.9885,8
2012-03-14 00:01:00,0.98842,0.98842,0.98842,0.98842,1
2012-03-14 00:02:00,0.98846,0.98846,0.98838,0.9884,5
2012-03-14 00:03:00,0.98858,0.9886,0.98848,0.98848,14
2012-03-14 00:04:00,0.9885,0.9886,0.9885,0.9886,5
2012-03-14 00:05:00,0.98858,0.98858,0.9885,0.98852,11
2012-03-14 00:06:00,0.98858,0.98862,0.9885,0.9886,10
2012-03-14 00:07:00,0.9886,0.9886,0.9886,0.9886,1
2012-03-14 00:08:00,0.9886,0.98866,0.9886,0.98862,16
2012-03-14 00:09:00,0.98858,0.98858,0.98858,0.98858,1
2012-03-14 00:10:00,0.98858,0.98862,0.98854,0.9886,6
2012-03-14 00:11:00,0.98872,0.98872,0.9886,0.9886,5
2012-03-14 00:12:00,0.98922,0.98922,0.98874,0.98874,24
2012-03-14 00:13:00,0.98936,0.98936,0.98926,0.98926,9
2012-03-14 00:14:00,0.98934,0.98954,0.98934,0.9894,15
2012-03-14 00:15:00,0.98912,0.98932,0.98912,0.98932,8
2012-03-14 00:16:00,0.98916,0.9892,0.98914,0.98914,6
2012-03-14 00:17:00,0.98922,0.98922,0.9892,0.9892,2
2012-03-14 00:18:00,0.98922,0.98922,0.98918,0.9892,4
2012-03-14 00:19:00,0.98934,0.98934,0.98926,0.98926,4
2012-03-14 00:20:00,0.98942,0.98942,0.98936,0.98936,3
2012-03-14 00:21:00,0.98942,0.98946,0.9894,0.9894,4
2012-03-14 00:22:00,0.98932,0.9894,0.98932,0.9894,4
2012-03-14 00:23:00,0.98948,0.98948,0.98928,0.98934,14
2012-03-14 00:24:00,0.98954,0.98956,0.98948,0.9895,10
2012-03-14 00:26:00,0.98952,0.98952,0.98952,0.98952,1
2012-03-14 00:27:00,0.98946,0.98948,0.98946,0.98948,2
2012-03-14 00:28:00,0.98942,0.98946,0.9894,0.98942,5
2012-03-14 00:29:00,0.98934,0.9894,0.98934,0.9894,3
2012-03-14 00:30:00,0.98934,0.98936,0.98932,0.98932,12
2012-03-14 00:31:00,0.98934,0.98934,0.98928,0.98932,6
2012-03-14 00:33:00,0.9894,0.98942,0.98936,0.98936,8
2012-03-14 00:34:00,0.98942,0.98942,0.98934,0.98936,11
2012-03-14 00:35:00,0.98948,0.98948,0.98946,0.98946,2
2012-03-14 00:36:00,0.98954,0.98954,0.98948,0.9895,6
2012-03-14 00:37:00,0.98948,0.98952,0.98948,0.98952,2
2012-03-14 00:38:00,0.98936,0.9895,0.98936,0.9895,6
2012-03-14 00:39:00,0.98928,0.98934,0.98928,0.98934,3
2012-03-14 00:40:00,0.9892,0.98926,0.9892,0.98926,3
2012-03-14 00:41:00,0.98914,0.98928,0.98914,0.98922,8
2012-03-14 00:42:00,0.98914,0.98916,0.98912,0.98912,4
2012-03-14 00:43:00,0.98914,0.98916,0.98914,0.98916,2
2012-03-14 00:44:00,0.98914,0.98916,0.98912,0.98916,4
2012-03-14 00:45:00,0.98908,0.98914,0.98908,0.98914,3
2012-03-14 00:46:00,0.98914,0.9892,0.98912,0.98912,10
2012-03-14 00:47:00,0.98908,0.98912,0.98908,0.98912,6
2012-03-14 00:48:00,0.98914,0.98914,0.98912,0.98912,2
2012-03-14 00:49:00,0.98918,0.9892,0.98916,0.98916,3
2012-03-14 00:50:00,0.98918,0.9892,0.98918,0.9892,2
2012-03-14 00:51:00,0.98918,0.9892,0.98918,0.9892,4
2012-03-14 00:52:00,0.9892,0.9892,0.9892,0.9892,1
2012-03-14 00:53:00,0.98926,0.98926,0.98922,0.98922,2
2012-03-14 00:54:00,0.98942,0.98946,0.98928,0.98928,12
2012-03-14 00:55:00,0.9895,0.9895,0.98936,0.9894,7
2012-03-14 00:56:00,0.9893,0.98948,0.98928,0.98948,9
2012-03-14 00:57:00,0.98928,0.9893,0.98926,0.98928,5
2012-03-14 00:58:00,0.9893,0.9893,0.9892,0.9893,11
2012-03-14 00:59:00,0.98926,0.98928,0.98922,0.98928,4
2012-03-14 01:00:00,0.9892,0.98926,0.9892,0.98922,4
2012-03-14 01:01:00,0.98928,0.98928,0.98922,0.98922,3
2012-03-14 01:02:00,0.98934,0.98934,0.98918,0.98926,10
2012-03-14 01:03:00,0.98922,0.98934,0.98922,0.98932,6
2012-03-14 01:04:00,0.98926,0.98926,0.98926,0.98926,1
2012-03-14 01:05:00,0.98912,0.98934,0.98912,0.98928,15
2012-03-14 01:06:00,0.98908,0.98908,0.98908,0.98908,1
2012-03-14 01:07:00,0.98888,0.98906,0.98888,0.98906,7
2012-03-14 01:08:00,0.98868,0.98888,0.98866,0.98886,19
2012-03-14 01:09:00,0.98872,0.98872,0.98866,0.98866,5
2012-03-14 01:10:00,0.98866,0.98868,0.98864,0.98868,4
2012-03-14 01:11:00,0.98874,0.98874,0.98864,0.98864,9
2012-03-14 01:12:00,0.98874,0.98876,0.98872,0.98876,6
2012-03-14 01:13:00,0.98878,0.9888,0.98876,0.98876,3
2012-03-14 01:14:00,0.98874,0.98876,0.98874,0.98874,3
2012-03-14 01:15:00,0.98894,0.98894,0.98876,0.98876,11
2012-03-14 01:16:00,0.98896,0.98896,0.98892,0.98892,3
2012-03-14 01:17:00,0.98888,0.98894,0.98888,0.98894,3
2012-03-14 01:18:00,0.98892,0.98896,0.98892,0.98892,5
2012-03-14 01:20:00,0.98894,0.98894,0.98894,0.98894,1
2012-03-14 01:22:00,0.98906,0.98906,0.98896,0.98896,4
2012-03-14 01:23:00,0.989,0.98902,0.989,0.98902,2
2012-03-14 01:25:00,0.98898,0.98898,0.98898,0.98898,1
2012-03-14 01:26:00,0.989,0.989,0.989,0.989,1
2012-03-14 01:28:00,0.98906,0.98906,0.98902,0.98902,2
2012-03-14 01:29:00,0.98914,0.98914,0.98908,0.98908,3
2012-03-14 01:30:00,0.98928,0.9893,0.98916,0.98916,7
2012-03-14 01:31:00,0.98914,0.98926,0.98914,0.98926,5
2012-03-14 01:32:00,0.98902,0.98916,0.98902,0.98916,6
2012-03-14 01:33:00,0.98902,0.98902,0.98898,0.989,6
2012-03-14 01:34:00,0.98902,0.98906,0.98902,0.98906,2
2012-03-14 01:35:00,0.98902,0.98902,0.989,0.989,2
2012-03-14 01:36:00,0.989,0.989,0.989,0.989,1
2012-03-14 01:37:00,0.98902,0.98902,0.98902,0.98902,1
2012-03-14 01:38:00,0.989,0.989,0.989,0.989,1
2012-03-14 01:40:00,0.98908,0.98908,0.98902,0.98902,3
2012-03-14 01:41:00,0.98912,0.98912,0.98912,0.98912,1
2012-03-14 01:42:00,0.98908,0.98908,0.98908,0.98908,1
2012-03-14 01:44:00,0.9892,0.98922,0.98908,0.98912,12
2012-03-14 01:45:00,0.98934,0.98934,0.98922,0.98922,5
2012-03-14 01:46:00,0.98926,0.98942,0.98926,0.98936,9
2012-03-14 01:48:00,0.98922,0.98922,0.98922,0.98922,1
2012-03-14 01:49:00,0.98932,0.98932,0.9892,0.9892,5
2012-03-14 01:50:00,0.98932,0.98936,0.98928,0.98936,6
2012-03-14 01:51:00,0.98912,0.9893,0.98912,0.9893,7
2012-03-14 01:53:00,0.9891,0.9891,0.98904,0.9891,5
2012-03-14 01:54:00,0.9891,0.9891,0.98908,0.98908,2
2012-03-14 01:55:00,0.98932,0.98932,0.98912,0.98912,10
2012-03-14 01:56:00,0.98932,0.98936,0.98922,0.9893,10
2012-03-14 01:57:00,0.9894,0.9894,0.98928,0.9893,11
2012-03-14 01:58:00,0.98944,0.98944,0.98938,0.98938,5
2012-03-14 01:59:00,0.9894,0.98942,0.98932,0.98942,9
2012-03-14 02:00:00,0.98942,0.98944,0.98942,0.98944,2
2012-03-14 02:01:00,0.9894,0.9894,0.98938,0.98938,2
2012-03-14 02:02:00,0.98946,0.98952,0.98942,0.98944,12
2012-03-14 02:03:00,0.98954,0.98954,0.9895,0.9895,3
2012-03-14 02:04:00,0.9895,0.98952,0.9895,0.98952,2
2012-03-14 02:08:00,0.98944,0.98946,0.98944,0.98946,2
2012-03-14 02:09:00,0.98928,0.98942,0.98928,0.98942,8
2012-03-14 02:10:00,0.98924,0.9893,0.98924,0.9893,3
2012-03-14 02:11:00,0.98918,0.98924,0.98918,0.98922,6
2012-03-14 02:12:00,0.98922,0.98926,0.9892,0.9892,5
2012-03-14 02:13:00,0.98922,0.98924,0.98922,0.98924,2
2012-03-14 02:14:00,0.98922,0.98924,0.98922,0.98924,2
2012-03-14 02:16:00,0.98932,0.98932,0.98924,0.98924,12
2012-03-14 02:17:00,0.9894,0.9894,0.98936,0.98936,3
2012-03-14 02:18:00,0.98938,0.98946,0.98932,0.98944,13
2012-03-14 02:19:00,0.98946,0.9895,0.98938,0.9894,11
2012-03-14 02:20:00,0.9895,0.9895,0.98942,0.98944,7
2012-03-14 02:21:00,0.98958,0.98958,0.98942,0.98946,11
2012-03-14 02:22:00,0.98964,0.9897,0.98956,0.98956,9
2012-03-14 02:23:00,0.9896,0.98962,0.9896,0.98962,2
2012-03-14 02:24:00,0.98948,0.98956,0.98948,0.98956,4
2012-03-14 02:25:00,0.9895,0.9895,0.9895,0.9895,1
2012-03-14 02:27:00,0.98948,0.98956,0.98948,0.98954,5
2012-03-14 02:28:00,0.9894,0.98946,0.9894,0.98946,3
2012-03-14 02:29:00,0.98934,0.98936,0.98934,0.98936,2
2012-03-14 02:31:00,0.9894,0.9894,0.98936,0.98936,2
2012-03-14 02:34:00,0.98942,0.98942,0.98942,0.98942,1
2012-03-14 02:36:00,0.9894,0.9894,0.9894,0.9894,1
2012-03-14 02:37:00,0.98936,0.98936,0.98936,0.98936,1
2012-03-14 02:38:00,0.98918,0.98934,0.98918,0.98934,9
2012-03-14 02:40:00,0.98912,0.98914,0.98912,0.98914,2
2012-03-14 02:41:00,0.98916,0.9892,0.98906,0.98908,20
2012-03-14 02:42:00,0.98922,0.98926,0.9892,0.9892,4
2012-03-14 02:43:00,0.98926,0.9893,0.98926,0.98926,5
2012-03-14 02:44:00,0.98912,0.98922,0.98912,0.98922,5
2012-03-14 02:46:00,0.98914,0.98914,0.98914,0.98914,1
2012-03-14 02:47:00,0.98908,0.98912,0.98902,0.98912,8
2012-03-14 02:49:00,0.98914,0.98914,0.98912,0.98912,2
2012-03-14 02:50:00,0.98908,0.98912,0.98906,0.98912,4
2012-03-14 02:51:00,0.98908,0.98912,0.98906,0.98912,6
2012-03-14 02:53:00,0.9892,0.9892,0.98912,0.98912,6
2012-03-14 02:57:00,0.98922,0.98922,0.98922,0.98922,1
2012-03-14 02:58:00,0.98912,0.9892,0.98912,0.9892,4
2012-03-14 02:59:00,0.9892,0.9892,0.98908,0.98908,7
2012-03-14 03:00:00,0.98918,0.98918,0.98918,0.98918,1
2012-03-14 03:01:00,0.98918,0.9892,0.98918,0.9892,2
2012-03-14 03:03:00,0.9892,0.9892,0.9892,0.9892,1
2012-03-14 03:04:00,0.98928,0.98928,0.98922,0.98922,3
2012-03-14 03:05:00,0.9892,0.98926,0.98918,0.98926,5
2012-03-14 03:06:00,0.98926,0.98926,0.98922,0.98922,2
2012-03-14 03:07:00,0.98928,0.98934,0.98928,0.98928,5
2012-03-14 03:08:00,0.98942,0.98942,0.98928,0.9893,9
2012-03-14 03:09:00,0.98932,0.9894,0.98932,0.9894,4
2012-03-14 03:10:00,0.98932,0.98936,0.98932,0.98934,4
2012-03-14 03:12:00,0.98926,0.98928,0.98926,0.98928,2
2012-03-14 03:13:00,0.98928,0.98928,0.98928,0.98928,1
2012-03-14 03:14:00,0.98926,0.98926,0.98926,0.98926,1
2012-03-14 03:15:00,0.98922,0.98922,0.98922,0.98922,1
2012-03-14 03:16:00,0.9892,0.9892,0.98918,0.9892,3
2012-03-14 03:19:00,0.9892,0.9892,0.98918,0.98918,2
2012-03-14 03:21:00,0.9888,0.98918,0.98874,0.98918,24
2012-03-14 03:22:00,0.9888,0.98888,0.98878,0.98878,10
2012-03-14 03:23:00,0.98888,0.98888,0.98882,0.98882,3
2012-03-14 03:24:00,0.9888,0.98888,0.9888,0.98886,7
2012-03-14 03:29:00,0.98886,0.98886,0.98882,0.98882,2
2012-03-14 03:31:00,0.98894,0.98896,0.98888,0.98888,5
2012-03-14 03:32:00,0.98892,0.98892,0.98892,0.98892,1
2012-03-14 03:33:00,0.98892,0.989,0.98892,0.98894,6
2012-03-14 03:34:00,0.98888,0.98894,0.98888,0.98894,3
2012-03-14 03:35:00,0.98866,0.98886,0.98866,0.98886,8
2012-03-14 03:36:00,0.98858,0.98864,0.98858,0.98864,3
2012-03-14 03:38:00,0.98868,0.98868,0.9886,0.9886,4
2012-03-14 03:39:00,0.98864,0.98866,0.98864,0.98866,4
2012-03-14 03:40:00,0.98854,0.98862,0.98852,0.9886,7
2012-03-14 03:42:00,0.98842,0.98852,0.9884,0.98852,8
2012-03-14 03:43:00,0.98858,0.9886,0.98846,0.98846,7
2012-03-14 03:44:00,0.98846,0.98854,0.98844,0.98854,6
2012-03-14 03:45:00,0.98852,0.98852,0.98848,0.98848,2
2012-03-14 03:46:00,0.98854,0.9886,0.98854,0.98854,5
2012-03-14 03:47:00,0.98852,0.98852,0.98852,0.98852,1
2012-03-14 03:48:00,0.9884,0.9885,0.9884,0.9885,4
2012-03-14 03:49:00,0.9884,0.98842,0.9884,0.98842,2
2012-03-14 03:50:00,0.98858,0.98858,0.98838,0.98838,10
2012-03-14 03:51:00,0.9886,0.9886,0.9886,0.9886,1
2012-03-14 03:52:00,0.98858,0.98858,0.98858,0.98858,1
2012-03-14 03:54:00,0.98858,0.9886,0.98858,0.9886,2
2012-03-14 03:55:00,0.9885,0.98854,0.9885,0.98854,5
2012-03-14 03:56:00,0.98852,0.98852,0.98852,0.98852,1
2012-03-14 03:57:00,0.9885,0.9885,0.9885,0.9885,1
2012-03-14 03:58:00,0.9884,0.98846,0.9884,0.98846,3
2012-03-14 03:59:00,0.9884,0.98842,0.9884,0.98842,4
2012-03-14 04:00:00,0.98852,0.98852,0.98842,0.98842,4
2012-03-14 04:01:00,0.98854,0.98854,0.98854,0.98854,1
2012-03-14 04:02:00,0.98852,0.98852,0.9885,0.98852,3
2012-03-14 04:04:00,0.98846,0.9885,0.9884,0.9885,6
2012-03-14 04:05:00,0.98848,0.98848,0.98848,0.98848,1
2012-03-14 04:06:00,0.98862,0.98862,0.98852,0.98852,5
2012-03-14 04:07:00,0.98858,0.9886,0.98858,0.9886,2
2012-03-14 04:08:00,0.98862,0.98862,0.9886,0.9886,2
2012-03-14 04:10:00,0.98858,0.9886,0.98852,0.9886,6
2012-03-14 04:11:00,0.9886,0.98862,0.9886,0.9886,3
2012-03-14 04:14:00,0.98864,0.98866,0.98862,0.98862,3
2012-03-14 04:16:00,0.98866,0.98866,0.98866,0.98866,1
2012-03-14 04:18:00,0.98868,0.98868,0.98868,0.98868,1
2012-03-14 04:22:00,0.98888,0.98888,0.98872,0.98872,7
2012-03-14 04:24:00,0.98888,0.98888,0.98886,0.98886,2
2012-03-14 04:25:00,0.98888,0.98888,0.98884,0.98886,4
2012-03-14 04:26:00,0.98886,0.98886,0.98886,0.98886,1
2012-03-14 04:27:00,0.98888,0.98888,0.98888,0.98888,1
2012-03-14 04:28:00,0.98896,0.989,0.98892,0.98892,7
2012-03-14 04:30:00,0.98886,0.989,0.98886,0.989,8
2012-03-14 04:31:00,0.9888,0.98884,0.9888,0.98884,4
2012-03-14 04:32:00,0.98882,0.98882,0.98882,0.98882,1
2012-03-14 04:33:00,0.9888,0.9888,0.9888,0.9888,1
2012-03-14 04:34:00,0.98878,0.98878,0.98878,0.98878,1
2012-03-14 04:35:00,0.98876,0.9888,0.98872,0.98874,8
2012-03-14 04:36:00,0.98866,0.98874,0.98866,0.98874,4
2012-03-14 04:38:00,0.98846,0.98864,0.98846,0.98864,9
2012-03-14 04:39:00,0.98854,0.98858,0.98844,0.98848,15
2012-03-14 04:40:00,0.98852,0.98852,0.98852,0.98852,1
2012-03-14 04:41:00,0.98844,0.9885,0.98844,0.9885,5
2012-03-14 04:42:00,0.98838,0.98848,0.98834,0.98846,14
2012-03-14 04:43:00,0.98832,0.98834,0.98832,0.98834,2
2012-03-14 04:44:00,0.98834,0.98842,0.98834,0.98834,7
2012-03-14 04:45:00,0.98842,0.98842,0.98838,0.98838,3
2012-03-14 04:50:00,0.9885,0.98852,0.98846,0.98846,4
2012-03-14 04:51:00,0.98852,0.98852,0.9885,0.98852,7
2012-03-14 04:52:00,0.98854,0.98854,0.98854,0.98854,1
2012-03-14 04:53:00,0.98862,0.98862,0.98858,0.98858,3
2012-03-14 04:54:00,0.98872,0.98872,0.9886,0.9886,5
2012-03-14 04:55:00,0.98876,0.98876,0.98874,0.98874,2
2012-03-14 04:56:00,0.9888,0.9888,0.9888,0.9888,1
2012-03-14 04:58:00,0.9888,0.9888,0.98878,0.98878,2
2012-03-14 04:59:00,0.98868,0.98878,0.98868,0.98878,4
2012-03-14 05:00:00,0.98882,0.98882,0.98872,0.98872,5
2012-03-14 05:02:00,0.98894,0.98894,0.98886,0.98886,4
2012-03-14 05:03:00,0.989,0.98902,0.98896,0.98896,4
2012-03-14 05:04:00,0.98902,0.98902,0.98898,0.98902,9
2012-03-14 05:05:00,0.98908,0.98908,0.98906,0.98906,2
2012-03-14 05:10:00,0.98912,0.98912,0.98912,0.98912,1
2012-03-14 05:11:00,0.98916,0.98916,0.98914,0.98914,2
2012-03-14 05:12:00,0.98932,0.98934,0.9892,0.9892,9
2012-03-14 05:13:00,0.98936,0.98936,0.98934,0.98934,2
2012-03-14 05:14:00,0.98936,0.98936,0.98934,0.98934,2
2012-03-14 05:15:00,0.98936,0.9894,0.98936,0.9894,2
2012-03-14 05:16:00,0.98932,0.98934,0.98932,0.98934,2
2012-03-14 05:17:00,0.98928,0.98928,0.98928,0.98928,1
2012-03-14 05:20:00,0.98922,0.98926,0.98922,0.98926,2
2012-03-14 05:21:00,0.98922,0.98922,0.98918,0.9892,4
2012-03-14 05:22:00,0.9892,0.9892,0.9892,0.9892,1
2012-03-14 05:23:00,0.98922,0.98926,0.9892,0.98922,7
2012-03-14 05:25:00,0.98918,0.9892,0.98918,0.9892,2
2012-03-14 05:26:00,0.9892,0.9892,0.98914,0.98914,3
2012-03-14 05:27:00,0.98922,0.98922,0.98922,0.98922,1
2012-03-14 05:29:00,0.9892,0.9892,0.98918,0.9892,3
2012-03-14 05:30:00,0.98914,0.98926,0.98914,0.98922,6
2012-03-14 05:32:00,0.9892,0.9892,0.98916,0.98916,8
2012-03-14 05:33:00,0.98912,0.98918,0.98912,0.98918,5
2012-03-14 05:34:00,0.9892,0.9892,0.98914,0.98914,5
2012-03-14 05:35:00,0.98932,0.98934,0.98922,0.98922,8
2012-03-14 05:36:00,0.9894,0.9894,0.98934,0.98934,3
2012-03-14 05:37:00,0.98934,0.98936,0.98934,0.98936,2
2012-03-14 05:38:00,0.98948,0.98948,0.98936,0.98936,5
2012-03-14 05:39:00,0.9896,0.98962,0.98948,0.9895,8
2012-03-14 05:40:00,0.98962,0.98964,0.98962,0.98962,5
2012-03-14 05:41:00,0.98974,0.98974,0.98964,0.98964,4
2012-03-14 05:43:00,0.98984,0.98984,0.98976,0.98976,4
2012-03-14 05:44:00,0.98974,0.98982,0.98974,0.98982,8
2012-03-14 05:45:00,0.98968,0.9897,0.98968,0.9897,4
2012-03-14 05:46:00,0.9897,0.98974,0.98966,0.98966,7
2012-03-14 05:47:00,0.98976,0.98982,0.9897,0.98974,8
2012-03-14 05:48:00,0.98974,0.98982,0.9897,0.9898,17
2012-03-14 05:49:00,0.98976,0.98976,0.98976,0.98976,1
2012-03-14 05:50:00,0.98982,0.98982,0.9898,0.9898,2
2012-03-14 05:51:00,0.98982,0.98982,0.9898,0.9898,2
2012-03-14 05:53:00,0.98964,0.9898,0.98962,0.9898,8
2012-03-14 05:54:00,0.9898,0.9898,0.98962,0.98962,9
2012-03-14 05:55:00,0.9898,0.98984,0.98972,0.98984,8
2012-03-14 05:56:00,0.98992,0.98992,0.98984,0.98984,8
2012-03-14 05:57:00,0.98994,0.98994,0.98992,0.98994,3
2012-03-14 05:58:00,0.99038,0.99042,0.98998,0.98998,31
2012-03-14 05:59:00,0.99024,0.99042,0.99024,0.99034,17
2012-03-14 06:00:00,0.99038,0.99042,0.99026,0.99026,9
2012-03-14 06:01:00,0.9902,0.9904,0.99018,0.9904,12
2012-03-14 06:02:00,0.99014,0.99024,0.99014,0.99018,6
2012-03-14 06:03:00,0.9904,0.9904,0.9901,0.99012,33
2012-03-14 06:04:00,0.99038,0.99042,0.99038,0.99042,3
2012-03-14 06:06:00,0.9902,0.99034,0.9902,0.99034,6
2012-03-14 06:07:00,0.99026,0.99026,0.99024,0.99024,2
2012-03-14 06:08:00,0.99048,0.99048,0.99024,0.99024,12
2012-03-14 06:09:00,0.99052,0.99054,0.99044,0.99046,13
2012-03-14 06:11:00,0.99068,0.9907,0.99054,0.99054,15
2012-03-14 06:12:00,0.9905,0.9907,0.9905,0.99064,18
2012-03-14 06:13:00,0.99064,0.99064,0.99044,0.99048,9
2012-03-14 06:14:00,0.99076,0.99082,0.99068,0.99068,10
2012-03-14 06:15:00,0.99086,0.99086,0.99078,0.99078,10
2012-03-14 06:16:00,0.99068,0.99092,0.99062,0.9909,17
2012-03-14 06:17:00,0.99064,0.99064,0.99062,0.99064,3
2012-03-14 06:18:00,0.99082,0.9909,0.99062,0.99062,14
2012-03-14 06:19:00,0.99062,0.99082,0.99062,0.99078,11
2012-03-14 06:20:00,0.99076,0.99078,0.99064,0.99064,7
2012-03-14 06:21:00,0.99044,0.99074,0.99044,0.99074,13
2012-03-14 06:22:00,0.99042,0.99042,0.99034,0.9904,8
2012-03-14 06:23:00,0.9904,0.99046,0.99026,0.9904,15
2012-03-14 06:24:00,0.9906,0.9906,0.9904,0.99042,15
2012-03-14 06:25:00,0.9906,0.99068,0.9906,0.99062,12
2012-03-14 06:26:00,0.9906,0.99066,0.9906,0.99062,6
2012-03-14 06:27:00,0.9905,0.99058,0.9905,0.99058,4
2012-03-14 06:28:00,0.99052,0.99052,0.99044,0.99046,11
2012-03-14 06:29:00,0.99062,0.99062,0.9905,0.9905,8
2012-03-14 06:30:00,0.99054,0.9906,0.99054,0.9906,3
2012-03-14 06:31:00,0.99048,0.99052,0.99044,0.99052,14
2012-03-14 06:32:00,0.99044,0.99052,0.99044,0.99046,24
2012-03-14 06:33:00,0.99026,0.99048,0.99026,0.99046,18
2012-03-14 06:34:00,0.9902,0.99034,0.9902,0.99028,36
2012-03-14 06:35:00,0.99012,0.99018,0.9901,0.99018,5
2012-03-14 06:36:00,0.99032,0.99032,0.99014,0.99014,9
2012-03-14 06:38:00,0.99044,0.99046,0.99034,0.99034,6
2012-03-14 06:39:00,0.99038,0.99048,0.9903,0.99046,16
2012-03-14 06:41:00,0.99038,0.99046,0.99032,0.99034,10
2012-03-14 06:42:00,0.99032,0.99046,0.99032,0.9904,12
2012-03-14 06:43:00,0.99038,0.99038,0.9903,0.9903,4
2012-03-14 06:44:00,0.99052,0.99052,0.9904,0.9904,7
2012-03-14 06:45:00,0.99058,0.99058,0.99046,0.9905,8
2012-03-14 06:47:00,0.99058,0.99058,0.99052,0.99054,4
2012-03-14 06:48:00,0.99072,0.99072,0.9906,0.9906,5
2012-03-14 06:49:00,0.99064,0.99076,0.99064,0.99074,7
2012-03-14 06:50:00,0.99066,0.99066,0.99064,0.99066,3
2012-03-14 06:51:00,0.99064,0.99064,0.99064,0.99064,1
2012-03-14 06:52:00,0.99072,0.99074,0.99066,0.99066,5
2012-03-14 06:53:00,0.99062,0.99076,0.99058,0.99074,27
2012-03-14 06:54:00,0.9906,0.99066,0.9906,0.99066,3
2012-03-14 06:55:00,0.99052,0.99058,0.9905,0.99058,9
2012-03-14 06:56:00,0.99062,0.99062,0.99054,0.99054,8
2012-03-14 06:59:00,0.99048,0.9906,0.99048,0.9906,5
2012-03-14 07:00:00,0.99036,0.99044,0.99036,0.99044,6
2012-03-14 07:01:00,0.9903,0.99034,0.9903,0.99034,2
2012-03-14 07:02:00,0.9905,0.9905,0.99032,0.99032,7
2012-03-14 07:03:00,0.99036,0.99052,0.99034,0.99052,9
2012-03-14 07:04:00,0.99044,0.99044,0.99038,0.99038,3
2012-03-14 07:05:00,0.99062,0.9907,0.99048,0.99048,14
2012-03-14 07:07:00,0.99058,0.99058,0.99058,0.99058,1
2012-03-14 07:08:00,0.9905,0.99056,0.9905,0.99056,3
2012-03-14 07:09:00,0.9903,0.99048,0.9903,0.99048,11
2012-03-14 07:10:00,0.99024,0.9903,0.99024,0.99028,8
2012-03-14 07:11:00,0.99024,0.99024,0.99016,0.99022,8
2012-03-14 07:12:00,0.99024,0.99032,0.99022,0.99022,10
2012-03-14 07:13:00,0.99014,0.99028,0.9901,0.99028,8
2012-03-14 07:14:00,0.99018,0.99018,0.9901,0.9901,4
2012-03-14 07:15:00,0.9903,0.9903,0.99022,0.99022,6
2012-03-14 07:16:00,0.99032,0.99032,0.99032,0.99032,1
2012-03-14 07:17:00,0.99032,0.99032,0.99028,0.9903,10
2012-03-14 07:18:00,0.9903,0.99032,0.99028,0.9903,11
2012-03-14 07:19:00,0.99022,0.99032,0.99022,0.99032,5
2012-03-14 07:20:00,0.99022,0.99024,0.9902,0.99024,6
2012-03-14 07:21:00,0.99024,0.99024,0.99024,0.99024,1
2012-03-14 07:22:00,0.99036,0.99036,0.99028,0.99028,4
2012-03-14 07:23:00,0.99042,0.99042,0.99034,0.99034,4
2012-03-14 07:24:00,0.99058,0.99058,0.99044,0.99044,6
2012-03-14 07:25:00,0.99068,0.99072,0.99056,0.99056,9
2012-03-14 07:26:00,0.9907,0.9907,0.9907,0.9907,1
2012-03-14 07:27:00,0.99068,0.9907,0.99068,0.99068,7
2012-03-14 07:28:00,0.99068,0.9907,0.99062,0.9907,6
2012-03-14 07:29:00,0.99064,0.9907,0.99064,0.9907,3
2012-03-14 07:30:00,0.99064,0.99068,0.99064,0.99068,2
2012-03-14 07:31:00,0.99064,0.99064,0.99062,0.99062,2
2012-03-14 07:32:00,0.99068,0.99068,0.99068,0.99068,1
2012-03-14 07:33:00,0.99058,0.99064,0.99056,0.99064,5
2012-03-14 07:34:00,0.99058,0.99058,0.9905,0.99056,6
2012-03-14 07:35:00,0.99062,0.99062,0.99056,0.99056,3
2012-03-14 07:36:00,0.99076,0.99076,0.99064,0.99064,7
2012-03-14 07:38:00,0.99084,0.99084,0.99074,0.99074,5
2012-03-14 07:39:00,0.99096,0.99096,0.99086,0.99086,4
2012-03-14 07:40:00,0.9909,0.99092,0.9909,0.99092,2
2012-03-14 07:41:00,0.99082,0.99092,0.99082,0.99088,9
2012-03-14 07:42:00,0.99076,0.99078,0.99076,0.99078,2
2012-03-14 07:43:00,0.99082,0.99082,0.99076,0.99078,4
2012-03-14 07:44:00,0.99078,0.99082,0.99078,0.99078,5
2012-03-14 07:45:00,0.99096,0.99096,0.99082,0.99082,10
2012-03-14 07:46:00,0.99092,0.99092,0.9909,0.99092,3
2012-03-14 07:47:00,0.99096,0.99096,0.99088,0.9909,5
2012-03-14 07:48:00,0.99092,0.99092,0.99088,0.99092,7
2012-03-14 07:49:00,0.9909,0.9909,0.99088,0.9909,3
2012-03-14 07:50:00,0.9909,0.9909,0.99084,0.99088,4
2012-03-14 07:51:00,0.99104,0.99104,0.99092,0.99092,7
2012-03-14 07:52:00,0.9911,0.9911,0.99106,0.99106,2
2012-03-14 07:53:00,0.99136,0.99136,0.9911,0.99112,15
2012-03-14 07:54:00,0.99132,0.99136,0.99132,0.99134,6
2012-03-14 07:55:00,0.99132,0.99134,0.99132,0.99134,2
2012-03-14 07:56:00,0.99126,0.99128,0.99126,0.99128,2
2012-03-14 07:57:00,0.99122,0.99126,0.99122,0.99122,3
2012-03-14 07:58:00,0.99128,0.9913,0.99118,0.9912,16
2012-03-14 07:59:00,0.99118,0.99126,0.99118,0.99126,4
2012-03-14 08:00:00,0.99122,0.99122,0.99112,0.99114,6
2012-03-14 08:01:00,0.9914,0.99142,0.99126,0.99126,12
2012-03-14 08:02:00,0.99142,0.99148,0.9914,0.99142,9
2012-03-14 08:03:00,0.99132,0.99146,0.99132,0.99146,14
2012-03-14 08:04:00,0.99114,0.9913,0.99114,0.99128,8
2012-03-14 08:05:00,0.99126,0.99128,0.99112,0.99112,8
2012-03-14 08:06:00,0.99108,0.99128,0.99106,0.99128,14
2012-03-14 08:07:00,0.991,0.99106,0.99098,0.99106,5
2012-03-14 08:08:00,0.99108,0.99108,0.99098,0.99098,21
2012-03-14 08:09:00,0.991,0.99106,0.99098,0.99106,5
2012-03-14 08:10:00,0.99106,0.99106,0.99092,0.99098,14
2012-03-14 08:11:00,0.99094,0.99102,0.99094,0.99102,4
2012-03-14 08:12:00,0.99072,0.99096,0.99072,0.99096,10
2012-03-14 08:13:00,0.991,0.991,0.99074,0.99074,10
2012-03-14 08:14:00,0.99102,0.99105,0.99099,0.99099,4
2012-03-14 08:15:00,0.99139,0.99139,0.991,0.991,15
2012-03-14 08:16:00,0.99139,0.99139,0.99122,0.99136,12
2012-03-14 08:17:00,0.99139,0.99145,0.99136,0.99142,8
2012-03-14 08:18:00,0.99131,0.99142,0.99131,0.99136,7
2012-03-14 08:19:00,0.99139,0.99139,0.99131,0.99133,9
2012-03-14 08:20:00,0.99133,0.99142,0.99128,0.99136,14
2012-03-14 08:21:00,0.99142,0.99142,0.99136,0.99136,5
2012-03-14 08:22:00,0.99145,0.99145,0.99139,0.99139,5
2012-03-14 08:23:00,0.99147,0.99147,0.99142,0.99147,5
2012-03-14 08:24:00,0.99145,0.99145,0.99131,0.99145,11
2012-03-14 08:26:00,0.99136,0.99145,0.99136,0.99142,5
2012-03-14 08:27:00,0.99156,0.99159,0.99139,0.99139,17
2012-03-14 08:28:00,0.99153,0.99156,0.99148,0.99153,11
2012-03-14 08:29:00,0.99167,0.99167,0.99148,0.99151,11
2012-03-14 08:30:00,0.99181,0.99181,0.9917,0.9917,5
2012-03-14 08:31:00,0.99201,0.99201,0.99184,0.99184,15
2012-03-14 08:32:00,0.99202,0.9921,0.99199,0.99199,8
2012-03-14 08:33:00,0.99182,0.99199,0.99182,0.99199,9
2012-03-14 08:34:00,0.99179,0.99179,0.99168,0.99179,19
2012-03-14 08:35:00,0.99188,0.99198,0.99181,0.99181,11
2012-03-14 08:36:00,0.99193,0.99193,0.99182,0.99185,8
2012-03-14 08:37:00,0.99188,0.99196,0.99188,0.99196,6
2012-03-14 08:38:00,0.99196,0.99196,0.99185,0.99185,15
2012-03-14 08:39:00,0.99176,0.99201,0.99176,0.99198,13
2012-03-14 08:40:00,0.99173,0.99179,0.99168,0.99179,13
2012-03-14 08:41:00,0.99182,0.99184,0.99176,0.99176,5
2012-03-14 08:42:00,0.99176,0.99184,0.99176,0.99184,4
2012-03-14 08:43:00,0.99165,0.99173,0.99165,0.99173,4
2012-03-14 08:44:00,0.99184,0.99184,0.99159,0.99162,11
2012-03-14 08:45:00,0.99171,0.99182,0.99171,0.99182,5
2012-03-14 08:46:00,0.99173,0.99176,0.99168,0.99173,7
2012-03-14 08:47:00,0.99171,0.99171,0.99171,0.99171,1
2012-03-14 08:48:00,0.99173,0.99173,0.99168,0.99168,3
2012-03-14 08:49:00,0.99167,0.99171,0.99165,0.99171,4
2012-03-14 08:50:00,0.99176,0.99176,0.99159,0.99165,9
2012-03-14 08:51:00,0.99173,0.99173,0.99173,0.99173,1
2012-03-14 08:52:00,0.99207,0.99207,0.99173,0.99176,26
2012-03-14 08:53:00,0.9921,0.99227,0.9921,0.9921,17
2012-03-14 08:54:00,0.99236,0.99238,0.99213,0.99213,11
2012-03-14 08:55:00,0.99219,0.99238,0.99219,0.99238,12
2012-03-14 08:56:00,0.99227,0.9923,0.99216,0.99216,7
2012-03-14 08:57:00,0.9923,0.99241,0.99227,0.9923,15
2012-03-14 08:58:00,0.99222,0.99227,0.99222,0.99227,3
2012-03-14 08:59:00,0.99202,0.99219,0.99202,0.99219,7
2012-03-14 09:00:00,0.9921,0.99215,0.99204,0.99204,7
2012-03-14 09:01:00,0.99199,0.99215,0.99199,0.99213,10
2012-03-14 09:02:00,0.99181,0.99196,0.99179,0.99196,10
2012-03-14 09:03:00,0.99185,0.99187,0.99179,0.99179,5
2012-03-14 09:04:00,0.99185,0.9919,0.99182,0.99182,8
2012-03-14 09:05:00,0.9919,0.9919,0.99187,0.99187,4
2012-03-14 09:06:00,0.99193,0.99193,0.99185,0.99188,5
2012-03-14 09:07:00,0.9919,0.99196,0.9919,0.99196,3
2012-03-14 09:08:00,0.99193,0.99193,0.99185,0.99193,7
2012-03-14 09:09:00,0.99173,0.9919,0.99171,0.9919,9
2012-03-14 09:10:00,0.99179,0.99181,0.99165,0.99171,14
2012-03-14 09:11:00,0.99168,0.99181,0.99168,0.99176,16
2012-03-14 09:12:00,0.99164,0.99165,0.99162,0.99165,3
2012-03-14 09:13:00,0.99184,0.99184,0.99167,0.99167,9
2012-03-14 09:14:00,0.99176,0.99182,0.99176,0.99182,3
2012-03-14 09:16:00,0.9917,0.99176,0.99165,0.99173,12
2012-03-14 09:17:00,0.99167,0.99168,0.99159,0.99168,7
2012-03-14 09:18:00,0.99173,0.99173,0.99159,0.99165,10
2012-03-14 09:19:00,0.99152,0.99171,0.99152,0.99171,15
2012-03-14 09:20:00,0.99158,0.9916,0.99154,0.99154,8
2012-03-14 09:21:00,0.99157,0.99157,0.99149,0.99155,8
2012-03-14 09:22:00,0.9916,0.9916,0.9916,0.9916,1
2012-03-14 09:23:00,0.99166,0.99169,0.99158,0.99158,6
2012-03-14 09:24:00,0.99177,0.99177,0.99169,0.99169,4
2012-03-14 09:25:00,0.99206,0.99211,0.9918,0.9918,26
2012-03-14 09:26:00,0.9922,0.9922,0.99208,0.99208,9
2012-03-14 09:27:00,0.99228,0.99228,0.9922,0.99223,5
2012-03-14 09:28:00,0.99228,0.99228,0.99226,0.99226,2
2012-03-14 09:29:00,0.99225,0.99226,0.9922,0.99226,5
2012-03-14 09:30:00,0.99228,0.99228,0.9922,0.99223,5
2012-03-14 09:31:00,0.99251,0.99254,0.99231,0.99231,10
2012-03-14 09:32:00,0.99279,0.99279,0.99251,0.99254,12
2012-03-14 09:33:00,0.99285,0.99296,0.99282,0.99282,16
2012-03-14 09:34:00,0.99279,0.99285,0.99277,0.99283,18
2012-03-14 09:35:00,0.99322,0.99325,0.99282,0.99282,18
2012-03-14 09:36:00,0.99369,0.99369,0.99322,0.99325,24
2012-03-14 09:37:00,0.99346,0.99366,0.99346,0.99366,10
2012-03-14 09:38:00,0.99349,0.99349,0.99346,0.99349,7
2012-03-14 09:39:00,0.99341,0.99349,0.99341,0.99346,13
2012-03-14 09:40:00,0.99357,0.9936,0.99343,0.99343,10
2012-03-14 09:41:00,0.99369,0.99369,0.9936,0.9936,4
2012-03-14 09:42:00,0.99363,0.99369,0.99363,0.99366,6
2012-03-14 09:43:00,0.99374,0.99374,0.99355,0.99361,12
2012-03-14 09:44:00,0.99358,0.99386,0.99358,0.99377,40
2012-03-14 09:45:00,0.99335,0.99355,0.99335,0.99355,22
2012-03-14 09:46:00,0.99327,0.99332,0.99327,0.99332,17
2012-03-14 09:47:00,0.99315,0.99335,0.99315,0.99329,12
2012-03-14 09:48:00,0.99295,0.99318,0.99287,0.99312,25
2012-03-14 09:49:00,0.99291,0.99293,0.99277,0.99293,21
2012-03-14 09:50:00,0.99294,0.99294,0.99271,0.99288,17
2012-03-14 09:51:00,0.99291,0.99294,0.99291,0.99291,3
2012-03-14 09:52:00,0.99325,0.99325,0.99294,0.99294,12
2012-03-14 09:53:00,0.99297,0.99322,0.99297,0.99322,12
2012-03-14 09:54:00,0.99299,0.99302,0.99294,0.99294,9
2012-03-14 09:55:00,0.99308,0.99311,0.99294,0.99297,13
2012-03-14 09:56:00,0.99305,0.99308,0.99302,0.99305,5
2012-03-14 09:57:00,0.99285,0.99302,0.99285,0.99302,7
2012-03-14 09:58:00,0.99277,0.99283,0.99277,0.99283,3
2012-03-14 09:59:00,0.9928,0.99282,0.99274,0.99279,13
2012-03-14 10:00:00,0.99288,0.99291,0.99282,0.99282,7
2012-03-14 10:01:00,0.99277,0.99291,0.99277,0.99291,6
2012-03-14 10:02:00,0.99268,0.99274,0.99268,0.99274,3
2012-03-14 10:03:00,0.99268,0.99274,0.99268,0.99271,4
2012-03-14 10:04:00,0.99249,0.99266,0.99249,0.99266,7
2012-03-14 10:05:00,0.99214,0.99254,0.99212,0.99251,20
2012-03-14 10:06:00,0.99226,0.99234,0.99212,0.99212,18
2012-03-14 10:07:00,0.99234,0.99242,0.99228,0.99228,9
2012-03-14 10:08:00,0.99223,0.99232,0.9922,0.99232,10
2012-03-14 10:09:00,0.99195,0.9922,0.99195,0.9922,10
2012-03-14 10:10:00,0.99195,0.99208,0.9918,0.99192,22
2012-03-14 10:11:00,0.9918,0.99192,0.99175,0.99192,15
2012-03-14 10:12:00,0.99178,0.99183,0.99175,0.99178,13
2012-03-14 10:13:00,0.99166,0.99183,0.99166,0.9918,8
2012-03-14 10:14:00,0.99152,0.99163,0.99152,0.99163,5
2012-03-14 10:15:00,0.99132,0.99149,0.99132,0.99149,7
2012-03-14 10:16:00,0.99135,0.99135,0.99129,0.99129,15
2012-03-14 10:17:00,0.99152,0.99152,0.99132,0.99132,12
2012-03-14 10:18:00,0.99132,0.99152,0.99132,0.99149,17
2012-03-14 10:19:00,0.99123,0.99129,0.99121,0.99129,7
2012-03-14 10:20:00,0.99123,0.99126,0.99118,0.99126,8
2012-03-14 10:21:00,0.99124,0.99126,0.99124,0.99126,2
2012-03-14 10:22:00,0.9912,0.99123,0.99118,0.99121,7
2012-03-14 10:23:00,0.99115,0.99118,0.99107,0.99118,12
2012-03-14 10:24:00,0.99092,0.99118,0.99081,0.99118,36
2012-03-14 10:25:00,0.99092,0.99098,0.9909,0.99095,6
2012-03-14 10:26:00,0.99092,0.99092,0.99087,0.9909,6
2012-03-14 10:27:00,0.99078,0.9909,0.99078,0.9909,5
2012-03-14 10:28:00,0.99075,0.99075,0.99075,0.99075,1
2012-03-14 10:29:00,0.99098,0.99098,0.99064,0.99078,18
2012-03-14 10:30:00,0.99101,0.99109,0.99101,0.99101,11
2012-03-14 10:31:00,0.99087,0.99109,0.99087,0.99103,13
2012-03-14 10:32:00,0.99067,0.99089,0.99058,0.99089,29
2012-03-14 10:33:00,0.99089,0.99089,0.99067,0.99069,20
2012-03-14 10:34:00,0.99087,0.99092,0.99087,0.99092,3
2012-03-14 10:35:00,0.99075,0.99084,0.9907,0.99084,8
2012-03-14 10:36:00,0.99089,0.99089,0.9907,0.99078,19
2012-03-14 10:37:00,0.9911,0.99112,0.9909,0.99092,41
2012-03-14 10:38:00,0.99118,0.99126,0.9911,0.99112,15
2012-03-14 10:39:00,0.99112,0.9912,0.99112,0.99115,10
2012-03-14 10:40:00,0.99121,0.99123,0.9911,0.9911,11
2012-03-14 10:41:00,0.99115,0.99123,0.99115,0.99118,8
2012-03-14 10:42:00,0.9911,0.99112,0.9911,0.99112,2
2012-03-14 10:43:00,0.99109,0.99112,0.99098,0.99107,14
2012-03-14 10:44:00,0.99137,0.99137,0.99112,0.99112,10
2012-03-14 10:45:00,0.9916,0.9916,0.99138,0.9914,24
2012-03-14 10:46:00,0.99161,0.99163,0.99161,0.99163,2
2012-03-14 10:49:00,0.99169,0.99169,0.99163,0.99163,3
2012-03-14 10:50:00,0.9918,0.9918,0.99169,0.99172,20
2012-03-14 10:51:00,0.99161,0.99189,0.99161,0.99183,13
2012-03-14 10:52:00,0.99158,0.9916,0.99158,0.99158,7
2012-03-14 10:53:00,0.99131,0.99166,0.99131,0.9916,17
2012-03-14 10:54:00,0.99118,0.99133,0.99115,0.99128,16
2012-03-14 10:55:00,0.99095,0.9912,0.99095,0.9912,12
2012-03-14 10:56:00,0.99101,0.99101,0.9909,0.99098,18
2012-03-14 10:57:00,0.99092,0.99109,0.99092,0.99098,17
2012-03-14 10:58:00,0.99073,0.9909,0.99073,0.9909,11
2012-03-14 10:59:00,0.99055,0.99081,0.99047,0.99075,20
2012-03-14 11:00:00,0.9905,0.99053,0.99039,0.99053,26
2012-03-14 11:01:00,0.99061,0.99069,0.99052,0.99052,16
2012-03-14 11:02:00,0.99069,0.99069,0.99064,0.99064,3
2012-03-14 11:03:00,0.99078,0.99078,0.99072,0.99072,5
2012-03-14 11:04:00,0.99081,0.99081,0.99078,0.99081,3
2012-03-14 11:05:00,0.99101,0.99103,0.99084,0.99084,9
2012-03-14 11:06:00,0.9912,0.9912,0.99092,0.99098,13
2012-03-14 11:07:00,0.9914,0.9914,0.99118,0.99118,11
2012-03-14 11:08:00,0.99149,0.99149,0.99138,0.99143,11
2012-03-14 11:09:00,0.99149,0.99152,0.99146,0.99152,6
2012-03-14 11:10:00,0.99152,0.99163,0.99152,0.99152,15
2012-03-14 11:11:00,0.99146,0.99154,0.99144,0.99149,8
2012-03-14 11:12:00,0.99152,0.99152,0.99141,0.99144,8
2012-03-14 11:13:00,0.99146,0.99152,0.99146,0.99149,4
2012-03-14 11:14:00,0.99138,0.99146,0.99132,0.99144,15
2012-03-14 11:15:00,0.99115,0.9914,0.99115,0.99135,16
2012-03-14 11:16:00,0.99129,0.99129,0.99118,0.99118,11
2012-03-14 11:17:00,0.99135,0.99137,0.99132,0.99132,6
2012-03-14 11:18:00,0.99132,0.99143,0.99132,0.99137,9
2012-03-14 11:19:00,0.99126,0.99135,0.99124,0.99135,6
2012-03-14 11:20:00,0.9911,0.99124,0.9911,0.99124,12
2012-03-14 11:21:00,0.99098,0.99107,0.9909,0.99107,10
2012-03-14 11:22:00,0.99109,0.99109,0.99101,0.99101,6
2012-03-14 11:23:00,0.99115,0.99115,0.99112,0.99112,2
2012-03-14 11:24:00,0.99101,0.99112,0.99095,0.99112,11
2012-03-14 11:25:00,0.9909,0.99098,0.9909,0.99098,4
2012-03-14 11:26:00,0.9909,0.99092,0.9909,0.99092,4
2012-03-14 11:27:00,0.99095,0.99095,0.99092,0.99092,2
2012-03-14 11:28:00,0.99101,0.99112,0.99098,0.99098,14
2012-03-14 11:29:00,0.99101,0.99103,0.99098,0.99098,4
2012-03-14 11:30:00,0.99089,0.99098,0.99087,0.99098,14
2012-03-14 11:31:00,0.99095,0.99095,0.99092,0.99092,2
2012-03-14 11:32:00,0.99101,0.99103,0.99098,0.99098,10
2012-03-14 11:33:00,0.99109,0.99115,0.99103,0.99103,11
2012-03-14 11:34:00,0.99112,0.99118,0.9911,0.99112,11
2012-03-14 11:35:00,0.99101,0.99115,0.99101,0.9911,8
2012-03-14 11:36:00,0.99078,0.99098,0.99073,0.99098,18
2012-03-14 11:37:00,0.99081,0.99086,0.99081,0.99081,5
2012-03-14 11:38:00,0.99081,0.99086,0.99081,0.99084,4
2012-03-14 11:39:00,0.99089,0.99089,0.99084,0.99084,3
2012-03-14 11:40:00,0.99101,0.99103,0.99092,0.99092,6
2012-03-14 11:41:00,0.9909,0.99106,0.9909,0.99103,8
2012-03-14 11:42:00,0.99101,0.99103,0.9909,0.99092,10
2012-03-14 11:43:00,0.99118,0.99118,0.99103,0.99103,8
2012-03-14 11:44:00,0.99098,0.99115,0.99098,0.99115,7
2012-03-14 11:45:00,0.9909,0.99095,0.9909,0.99095,3
2012-03-14 11:46:00,0.99095,0.99095,0.99092,0.99092,4
2012-03-14 11:47:00,0.99107,0.99112,0.99098,0.99098,8
2012-03-14 11:48:00,0.99101,0.99115,0.99101,0.99109,12
2012-03-14 11:49:00,0.99115,0.99115,0.99098,0.99098,9
2012-03-14 11:50:00,0.99109,0.99112,0.99107,0.99112,4
2012-03-14 11:51:00,0.99103,0.99107,0.99098,0.99107,12
2012-03-14 11:52:00,0.9909,0.99101,0.9909,0.99101,7
2012-03-14 11:54:00,0.99095,0.99095,0.99092,0.99092,2
2012-03-14 11:55:00,0.9909,0.99092,0.9909,0.99092,2
2012-03-14 11:56:00,0.99092,0.99092,0.99092,0.99092,1
2012-03-14 11:57:00,0.99092,0.99092,0.9909,0.9909,2
2012-03-14 11:58:00,0.9912,0.9912,0.9909,0.9909,20
2012-03-14 11:59:00,0.9914,0.9914,0.99115,0.99123,23
2012-03-14 12:00:00,0.99149,0.99152,0.99132,0.99138,23
2012-03-14 12:01:00,0.9914,0.99154,0.99138,0.99152,13
2012-03-14 12:02:00,0.99121,0.99138,0.99121,0.99138,19
2012-03-14 12:03:00,0.9911,0.99123,0.9911,0.99123,6
2012-03-14 12:04:00,0.99103,0.99107,0.99101,0.99107,6
2012-03-14 12:05:00,0.99109,0.99109,0.99101,0.99101,6
2012-03-14 12:06:00,0.9911,0.99126,0.99104,0.99107,20
2012-03-14 12:07:00,0.99107,0.9912,0.99107,0.99112,15
2012-03-14 12:08:00,0.99109,0.99109,0.99101,0.99109,7
2012-03-14 12:09:00,0.9912,0.9912,0.99098,0.99107,12
2012-03-14 12:10:00,0.99098,0.9914,0.99098,0.99123,26
2012-03-14 12:11:00,0.9911,0.9912,0.99101,0.99101,14
2012-03-14 12:14:00,0.99086,0.99107,0.99081,0.99107,20
2012-03-14 12:15:00,0.99092,0.99092,0.99081,0.99089,18
2012-03-14 12:16:00,0.99101,0.99103,0.99095,0.99095,9
2012-03-14 12:17:00,0.99081,0.99098,0.99081,0.99098,15
2012-03-14 12:18:00,0.99078,0.99084,0.99061,0.99084,15
2012-03-14 12:19:00,0.99081,0.99089,0.99073,0.99075,11
2012-03-14 12:20:00,0.99092,0.99103,0.99084,0.99084,18
2012-03-14 12:21:00,0.99087,0.99103,0.99087,0.99095,18
2012-03-14 12:22:00,0.99089,0.99092,0.99073,0.99084,15
2012-03-14 12:23:00,0.99112,0.99115,0.99092,0.99092,22
2012-03-14 12:24:00,0.99109,0.99118,0.99107,0.99115,17
2012-03-14 12:25:00,0.99129,0.99129,0.99112,0.99112,25
2012-03-14 12:26:00,0.99095,0.99129,0.99095,0.99127,26
2012-03-14 12:27:00,0.9909,0.99092,0.99081,0.99092,24
2012-03-14 12:28:00,0.9911,0.99115,0.99092,0.99092,25
2012-03-14 12:29:00,0.99112,0.99118,0.99107,0.99107,15
2012-03-14 12:30:00,0.99159,0.99159,0.99104,0.99115,54
2012-03-14 12:31:00,0.9917,0.99176,0.99162,0.99162,12
2012-03-14 12:32:00,0.99153,0.99173,0.99153,0.99168,26
2012-03-14 12:33:00,0.9919,0.9919,0.99156,0.99156,21
2012-03-14 12:34:00,0.99149,0.99188,0.99149,0.99188,39
2012-03-14 12:35:00,0.99121,0.99146,0.99115,0.99146,18
2012-03-14 12:36:00,0.99109,0.99118,0.99104,0.99118,20
2012-03-14 12:37:00,0.99118,0.99118,0.99098,0.99112,25
2012-03-14 12:38:00,0.99098,0.9912,0.99098,0.9912,11
2012-03-14 12:39:00,0.99092,0.99095,0.99078,0.99095,14
2012-03-14 12:40:00,0.99101,0.99101,0.99095,0.99095,5
2012-03-14 12:41:00,0.9909,0.99101,0.9909,0.99098,10
2012-03-14 12:42:00,0.99129,0.99132,0.99092,0.99092,20
2012-03-14 12:43:00,0.99118,0.99132,0.99118,0.99127,20
2012-03-14 12:44:00,0.99112,0.99123,0.99104,0.9912,26
2012-03-14 12:45:00,0.99101,0.9911,0.99095,0.9911,18
2012-03-14 12:46:00,0.99121,0.99123,0.99103,0.99103,25
2012-03-14 12:47:00,0.99129,0.99132,0.99118,0.99123,33
2012-03-14 12:48:00,0.99095,0.9914,0.99095,0.99132,38
2012-03-14 12:49:00,0.99081,0.99092,0.99078,0.99092,19
2012-03-14 12:50:00,0.99092,0.99095,0.99078,0.99084,22
2012-03-14 12:51:00,0.99109,0.99112,0.99095,0.99095,20
2012-03-14 12:52:00,0.9912,0.99126,0.99107,0.99107,22
2012-03-14 12:53:00,0.99115,0.99126,0.99115,0.99123,14
2012-03-14 12:54:00,0.99064,0.99112,0.99064,0.99112,22
2012-03-14 12:55:00,0.99058,0.99081,0.99056,0.99061,28
2012-03-14 12:56:00,0.9903,0.99056,0.9903,0.99056,14
2012-03-14 12:57:00,0.9903,0.99032,0.99027,0.99027,12
2012-03-14 12:58:00,0.9903,0.99044,0.99027,0.99032,22
2012-03-14 12:59:00,0.99061,0.99061,0.9903,0.99032,43
2012-03-14 13:00:00,0.99041,0.99064,0.99041,0.99058,37
2012-03-14 13:01:00,0.99061,0.99064,0.99044,0.99044,15
2012-03-14 13:02:00,0.9905,0.99064,0.9905,0.99064,8
2012-03-14 13:03:00,0.99019,0.99052,0.99019,0.99052,29
2012-03-14 13:04:00,0.99032,0.99035,0.99019,0.99021,25
2012-03-14 13:05:00,0.99019,0.99041,0.99019,0.99035,31
2012-03-14 13:06:00,0.99013,0.9903,0.99013,0.99016,22
2012-03-14 13:07:00,0.9899,0.9901,0.9899,0.9901,12
2012-03-14 13:08:00,0.98988,0.9899,0.98968,0.98988,25
2012-03-14 13:09:00,0.99002,0.99007,0.9899,0.9899,15
2012-03-14 13:10:00,0.9899,0.99001,0.98988,0.98999,10
2012-03-14 13:11:00,0.98999,0.99001,0.98979,0.98993,19
2012-03-14 13:12:00,0.98982,0.99004,0.98979,0.99001,20
2012-03-14 13:13:00,0.99004,0.99004,0.98979,0.98979,28
2012-03-14 13:14:00,0.98965,0.9901,0.98965,0.99007,32
2012-03-14 13:15:00,0.98988,0.9899,0.98965,0.98967,28
2012-03-14 13:16:00,0.9897,0.98985,0.98968,0.98985,22
2012-03-14 13:17:00,0.98979,0.98979,0.98968,0.98973,9
2012-03-14 13:18:00,0.98973,0.9899,0.9897,0.98981,24
2012-03-14 13:19:00,0.98984,0.98984,0.98973,0.98976,6
2012-03-14 13:20:00,0.98976,0.98982,0.98976,0.98982,9
2012-03-14 13:21:00,0.98981,0.98981,0.98976,0.98979,6
2012-03-14 13:22:00,0.99007,0.99007,0.98984,0.98984,13
2012-03-14 13:23:00,0.9901,0.9901,0.99002,0.9901,13
2012-03-14 13:24:00,0.99005,0.99007,0.98999,0.99007,8
2012-03-14 13:25:00,0.99001,0.99007,0.98996,0.99002,17
2012-03-14 13:26:00,0.99007,0.99013,0.98999,0.99004,12
2012-03-14 13:27:00,0.98999,0.9901,0.98999,0.9901,5
2012-03-14 13:28:00,0.99001,0.99001,0.98996,0.99001,7
2012-03-14 13:29:00,0.99004,0.9901,0.99002,0.99004,7
2012-03-14 13:30:00,0.99001,0.99021,0.98985,0.99007,37
2012-03-14 13:31:00,0.9899,0.99004,0.98985,0.98999,16
2012-03-14 13:32:00,0.98964,0.99001,0.98953,0.98993,31
2012-03-14 13:33:00,0.98953,0.98964,0.98945,0.98962,20
2012-03-14 13:34:00,0.98979,0.98981,0.98945,0.98951,31
2012-03-14 13:35:00,0.98993,0.99001,0.98973,0.98976,25
2012-03-14 13:36:00,0.9899,0.98993,0.98988,0.9899,7
2012-03-14 13:37:00,0.98996,0.98996,0.98982,0.98988,24
2012-03-14 13:38:00,0.98988,0.98996,0.98988,0.98993,17
2012-03-14 13:39:00,0.98962,0.99001,0.98962,0.9899,23
2012-03-14 13:40:00,0.98959,0.9897,0.98959,0.98964,15
2012-03-14 13:41:00,0.98962,0.98964,0.98956,0.98956,5
2012-03-14 13:42:00,0.98922,0.98964,0.98922,0.98964,32
2012-03-14 13:43:00,0.98905,0.98933,0.98897,0.98925,34
2012-03-14 13:44:00,0.98877,0.98902,0.98866,0.98902,32
2012-03-14 13:45:00,0.98862,0.98876,0.98857,0.98874,21
2012-03-14 13:46:00,0.98882,0.98888,0.98865,0.98865,31
2012-03-14 13:47:00,0.989,0.98902,0.9888,0.98885,24
2012-03-14 13:48:00,0.98911,0.98911,0.98894,0.98897,26
2012-03-14 13:49:00,0.98913,0.98925,0.98911,0.98913,19
2012-03-14 13:50:00,0.98913,0.98922,0.98905,0.98916,26
2012-03-14 13:51:00,0.98897,0.98911,0.98894,0.98911,20
2012-03-14 13:52:00,0.98912,0.98913,0.98899,0.98899,17
2012-03-14 13:53:00,0.98898,0.98915,0.98898,0.9891,25
2012-03-14 13:54:00,0.98884,0.98895,0.98875,0.98895,21
2012-03-14 13:55:00,0.98867,0.98884,0.98867,0.98881,10
2012-03-14 13:56:00,0.98882,0.98882,0.98856,0.98864,49
2012-03-14 13:57:00,0.98868,0.98882,0.98868,0.9888,21
2012-03-14 13:58:00,0.98874,0.98874,0.98866,0.98866,10
2012-03-14 13:59:00,0.98899,0.98899,0.98868,0.98871,15
2012-03-14 14:00:00,0.98902,0.98913,0.98897,0.98902,33
2012-03-14 14:01:00,0.98942,0.98942,0.98905,0.98905,30
2012-03-14 14:02:00,0.98914,0.98942,0.98914,0.98939,16
2012-03-14 14:03:00,0.98928,0.9893,0.98905,0.98911,25
2012-03-14 14:04:00,0.98905,0.98933,0.98905,0.98925,38
2012-03-14 14:05:00,0.98933,0.98939,0.98908,0.98908,46
2012-03-14 14:06:00,0.98928,0.98933,0.98922,0.98931,24
2012-03-14 14:07:00,0.98914,0.98925,0.98905,0.98925,27
2012-03-14 14:08:00,0.98897,0.98916,0.98883,0.98916,38
2012-03-14 14:09:00,0.98874,0.98894,0.98874,0.98894,18
2012-03-14 14:10:00,0.98896,0.98896,0.98876,0.98876,22
2012-03-14 14:11:00,0.98925,0.98928,0.98894,0.98899,22
2012-03-14 14:12:00,0.9893,0.9893,0.98914,0.98922,14
2012-03-14 14:13:00,0.98939,0.98942,0.98925,0.98928,17
2012-03-14 14:14:00,0.9895,0.9895,0.98936,0.98936,14
2012-03-14 14:15:00,0.98942,0.98956,0.98939,0.98948,21
2012-03-14 14:16:00,0.989,0.98945,0.98899,0.98939,31
2012-03-14 14:17:00,0.98913,0.98913,0.98888,0.98897,29
2012-03-14 14:18:00,0.98905,0.98919,0.98905,0.98916,35
2012-03-14 14:19:00,0.98908,0.98911,0.98894,0.98908,27
2012-03-14 14:20:00,0.98888,0.98913,0.98888,0.98911,33
2012-03-14 14:21:00,0.98894,0.98911,0.98891,0.98891,24
2012-03-14 14:22:00,0.98899,0.98913,0.98894,0.98896,22
2012-03-14 14:23:00,0.989,0.98908,0.98897,0.98902,20
2012-03-14 14:24:00,0.98893,0.98899,0.98885,0.98897,26
2012-03-14 14:25:00,0.98919,0.98922,0.98896,0.98896,17
2012-03-14 14:26:00,0.98914,0.98925,0.98911,0.98922,18
2012-03-14 14:27:00,0.98922,0.98922,0.98908,0.98916,17
2012-03-14 14:28:00,0.98905,0.98922,0.98905,0.98919,16
2012-03-14 14:29:00,0.98911,0.98922,0.989,0.98902,18
2012-03-14 14:30:00,0.98913,0.98913,0.98902,0.98908,19
2012-03-14 14:31:00,0.98917,0.98925,0.98899,0.98911,47
2012-03-14 14:32:00,0.98922,0.98922,0.98917,0.98919,10
2012-03-14 14:33:00,0.98936,0.98936,0.98922,0.98925,13
2012-03-14 14:34:00,0.98939,0.98942,0.98925,0.98939,17
2012-03-14 14:35:00,0.98936,0.98945,0.98936,0.98942,25
2012-03-14 14:36:00,0.98947,0.98947,0.98934,0.98934,14
2012-03-14 14:37:00,0.9895,0.98953,0.98945,0.98945,11
2012-03-14 14:38:00,0.98962,0.98964,0.98951,0.98953,16
2012-03-14 14:39:00,0.98953,0.98959,0.98948,0.98959,17
2012-03-14 14:40:00,0.98953,0.98953,0.98948,0.98951,8
2012-03-14 14:41:00,0.98962,0.98964,0.98956,0.98956,9
2012-03-14 14:42:00,0.98962,0.98967,0.98959,0.98964,8
2012-03-14 14:43:00,0.9899,0.9899,0.98959,0.98959,22
2012-03-14 14:44:00,0.98984,0.99007,0.98976,0.98993,38
2012-03-14 14:45:00,0.98987,0.98993,0.98973,0.98982,19
2012-03-14 14:46:00,0.98981,0.99001,0.98979,0.98985,20
2012-03-14 14:47:00,0.98984,0.98984,0.9897,0.98979,15
2012-03-14 14:48:00,0.99013,0.99013,0.98987,0.98987,20
2012-03-14 14:49:00,0.99001,0.99013,0.98996,0.9901,34
2012-03-14 14:50:00,0.99004,0.99004,0.98985,0.99004,27
2012-03-14 14:51:00,0.99003,0.99013,0.98992,0.99007,31
2012-03-14 14:52:00,0.99,0.99003,0.99,0.99,5
2012-03-14 14:53:00,0.99003,0.99003,0.98995,0.98997,9
2012-03-14 14:54:00,0.99003,0.99003,0.98995,0.99,6
2012-03-14 14:55:00,0.9904,0.9904,0.99006,0.99006,13
2012-03-14 14:56:00,0.99042,0.99051,0.99037,0.99042,15
2012-03-14 14:57:00,0.99048,0.99051,0.9904,0.9904,20
2012-03-14 14:58:00,0.99068,0.99068,0.99051,0.99051,23
2012-03-14 14:59:00,0.99088,0.99096,0.99066,0.99066,23
2012-03-14 15:00:00,0.99088,0.99093,0.9908,0.99091,24
2012-03-14 15:01:00,0.99105,0.99105,0.99091,0.99091,28
2012-03-14 15:02:00,0.99125,0.99125,0.99108,0.99108,21
2012-03-14 15:03:00,0.99142,0.99145,0.99128,0.99128,28
2012-03-14 15:04:00,0.99156,0.99167,0.99136,0.99139,33
2012-03-14 15:05:00,0.99156,0.99173,0.99151,0.99159,24
2012-03-14 15:06:00,0.99148,0.99162,0.99148,0.99153,21
2012-03-14 15:07:00,0.99131,0.9915,0.99131,0.9915,12
2012-03-14 15:08:00,0.99148,0.99159,0.99125,0.99128,28
2012-03-14 15:09:00,0.99139,0.9915,0.99134,0.9915,23
2012-03-14 15:10:00,0.99128,0.99136,0.99117,0.99136,28
2012-03-14 15:11:00,0.99122,0.9913,0.99119,0.99125,14
2012-03-14 15:12:00,0.99122,0.99128,0.99117,0.99125,14
2012-03-14 15:13:00,0.99116,0.99122,0.991,0.99119,24
2012-03-14 15:14:00,0.99119,0.99119,0.99105,0.99114,15
2012-03-14 15:15:00,0.99122,0.99142,0.99111,0.99122,39
2012-03-14 15:16:00,0.99128,0.99139,0.99119,0.99119,14
2012-03-14 15:17:00,0.99153,0.99153,0.99122,0.9913,27
2012-03-14 15:18:00,0.99176,0.99181,0.99153,0.99156,30
2012-03-14 15:19:00,0.99176,0.99179,0.99171,0.99179,18
2012-03-14 15:20:00,0.99142,0.99173,0.99139,0.99173,22
2012-03-14 15:21:00,0.99147,0.99147,0.99139,0.99139,12
2012-03-14 15:22:00,0.99142,0.99147,0.99139,0.99145,8
2012-03-14 15:23:00,0.99142,0.99147,0.99139,0.99145,6
2012-03-14 15:24:00,0.99139,0.99147,0.99139,0.99145,7
2012-03-14 15:25:00,0.9913,0.99142,0.99125,0.99142,21
2012-03-14 15:26:00,0.99119,0.9913,0.99111,0.99128,22
2012-03-14 15:27:00,0.99111,0.9913,0.99111,0.99122,21
2012-03-14 15:28:00,0.99122,0.99122,0.99111,0.99113,8
2012-03-14 15:29:00,0.99125,0.99125,0.99111,0.99119,11
2012-03-14 15:30:00,0.99142,0.99142,0.99128,0.99128,10
2012-03-14 15:31:00,0.99131,0.99139,0.99119,0.99139,14
2012-03-14 15:32:00,0.99173,0.99173,0.99133,0.99133,19
2012-03-14 15:33:00,0.99171,0.99176,0.99162,0.99176,15
2012-03-14 15:34:00,0.99156,0.99173,0.99153,0.99173,13
2012-03-14 15:35:00,0.99159,0.99159,0.99148,0.99159,9
2012-03-14 15:36:00,0.99171,0.99181,0.99162,0.99162,26
2012-03-14 15:37:00,0.99145,0.9917,0.99145,0.99168,23
2012-03-14 15:38:00,0.99162,0.99164,0.99142,0.99142,14
2012-03-14 15:39:00,0.99159,0.99159,0.99151,0.99159,13
2012-03-14 15:40:00,0.9915,0.9917,0.99148,0.99162,19
2012-03-14 15:41:00,0.99159,0.99159,0.99151,0.99153,11
2012-03-14 15:42:00,0.99153,0.99159,0.99153,0.99156,6
2012-03-14 15:43:00,0.99159,0.99159,0.99151,0.99151,4
2012-03-14 15:44:00,0.99171,0.99176,0.99162,0.99162,8
2012-03-14 15:45:00,0.99176,0.99196,0.99171,0.99173,28
2012-03-14 15:46:00,0.99176,0.99181,0.99171,0.99173,16
2012-03-14 15:47:00,0.99173,0.99184,0.99171,0.99179,15
2012-03-14 15:48:00,0.99187,0.99187,0.99162,0.99171,23
2012-03-14 15:49:00,0.99181,0.99187,0.99176,0.99185,22
2012-03-14 15:50:00,0.9919,0.99193,0.99184,0.99184,15
2012-03-14 15:51:00,0.9919,0.9919,0.99171,0.99188,50
2012-03-14 15:52:00,0.99198,0.99213,0.99188,0.99188,23
2012-03-14 15:53:00,0.9921,0.99213,0.9919,0.99196,18
2012-03-14 15:54:00,0.99244,0.99244,0.99207,0.99207,16
2012-03-14 15:55:00,0.99241,0.99247,0.9923,0.99241,19
2012-03-14 15:56:00,0.99222,0.99244,0.99222,0.99239,15
2012-03-14 15:57:00,0.99179,0.99221,0.99179,0.99219,23
2012-03-14 15:58:00,0.9919,0.9919,0.99173,0.99176,26
2012-03-14 15:59:00,0.99145,0.99188,0.99139,0.99188,52
2012-03-14 16:00:00,0.99156,0.99156,0.99145,0.99147,14
2012-03-14 16:01:00,0.9915,0.99162,0.99148,0.99159,8
2012-03-14 16:02:00,0.99145,0.99159,0.99142,0.99153,18
2012-03-14 16:03:00,0.99159,0.99159,0.99147,0.99147,15
2012-03-14 16:04:00,0.99171,0.99173,0.99159,0.99162,10
2012-03-14 16:05:00,0.99197,0.992,0.99162,0.99168,35
2012-03-14 16:06:00,0.99194,0.99195,0.99186,0.99195,11
2012-03-14 16:07:00,0.9924,0.9924,0.99197,0.99197,20
2012-03-14 16:08:00,0.99254,0.99259,0.99242,0.99242,19
2012-03-14 16:09:00,0.99243,0.99262,0.9924,0.99257,30
2012-03-14 16:10:00,0.99248,0.99254,0.99245,0.99245,20
2012-03-14 16:11:00,0.99254,0.99254,0.9924,0.99246,12
2012-03-14 16:12:00,0.9926,0.99276,0.99257,0.99257,22
2012-03-14 16:13:00,0.99232,0.99262,0.99232,0.99262,20
2012-03-14 16:14:00,0.99237,0.9924,0.99229,0.99229,10
2012-03-14 16:15:00,0.99249,0.99254,0.9924,0.9924,12
2012-03-14 16:16:00,0.99226,0.99246,0.9922,0.99246,18
2012-03-14 16:17:00,0.99242,0.99242,0.99217,0.99228,28
2012-03-14 16:18:00,0.99246,0.99248,0.99245,0.99245,3
2012-03-14 16:19:00,0.99234,0.99243,0.99226,0.99243,20
2012-03-14 16:20:00,0.99237,0.99237,0.99229,0.99232,5
2012-03-14 16:21:00,0.99229,0.99242,0.99229,0.9924,7
2012-03-14 16:22:00,0.9922,0.99231,0.9922,0.99231,5
2012-03-14 16:23:00,0.99234,0.99234,0.99214,0.99217,13
2012-03-14 16:24:00,0.99217,0.99234,0.99217,0.99232,24
2012-03-14 16:25:00,0.9922,0.99228,0.99214,0.99214,9
2012-03-14 16:26:00,0.99217,0.99223,0.99214,0.99223,5
2012-03-14 16:27:00,0.99212,0.99228,0.99212,0.99214,16
2012-03-14 16:28:00,0.99195,0.9922,0.99195,0.99209,16
2012-03-14 16:29:00,0.992,0.99203,0.99192,0.99192,8
2012-03-14 16:30:00,0.992,0.99208,0.99192,0.99203,14
2012-03-14 16:31:00,0.99192,0.99208,0.99192,0.99203,9
2012-03-14 16:32:00,0.9918,0.99191,0.9918,0.99189,16
2012-03-14 16:33:00,0.99172,0.99178,0.99163,0.99178,11
2012-03-14 16:34:00,0.99169,0.99169,0.99166,0.99169,3
2012-03-14 16:35:00,0.99173,0.99173,0.99159,0.99172,14
2012-03-14 16:36:00,0.99171,0.99173,0.99171,0.99171,3
2012-03-14 16:37:00,0.99179,0.99187,0.99173,0.99173,17
2012-03-14 16:38:00,0.99173,0.99181,0.99171,0.99176,10
2012-03-14 16:39:00,0.99162,0.99171,0.99156,0.99171,16
2012-03-14 16:40:00,0.99159,0.99167,0.99156,0.99164,9
2012-03-14 16:41:00,0.99162,0.99162,0.99151,0.99156,7
2012-03-14 16:42:00,0.99151,0.99162,0.99151,0.99159,16
2012-03-14 16:43:00,0.99159,0.99164,0.99151,0.99153,13
2012-03-14 16:44:00,0.99193,0.99193,0.99162,0.99162,26
2012-03-14 16:45:00,0.99201,0.99201,0.9919,0.9919,21
2012-03-14 16:46:00,0.9922,0.9922,0.99196,0.99199,40
2012-03-14 16:47:00,0.99208,0.99217,0.992,0.99217,16
2012-03-14 16:48:00,0.99191,0.99206,0.99189,0.99206,12
2012-03-14 16:49:00,0.99169,0.99189,0.99169,0.99189,12
2012-03-14 16:50:00,0.9918,0.99186,0.99169,0.99172,14
2012-03-14 16:51:00,0.99166,0.99186,0.99166,0.99183,15
2012-03-14 16:52:00,0.99166,0.99172,0.99166,0.99169,8
2012-03-14 16:53:00,0.99155,0.99174,0.99155,0.99169,10
2012-03-14 16:54:00,0.99152,0.9916,0.99152,0.99157,11
2012-03-14 16:55:00,0.99143,0.99149,0.99132,0.99149,11
2012-03-14 16:56:00,0.99135,0.99143,0.99135,0.99141,13
2012-03-14 16:57:00,0.99121,0.99132,0.99118,0.99132,13
2012-03-14 16:58:00,0.99115,0.99123,0.99115,0.99118,14
2012-03-14 16:59:00,0.99149,0.99149,0.99118,0.99118,14
2012-03-14 17:00:00,0.9916,0.9916,0.99146,0.99146,24
2012-03-14 17:01:00,0.99146,0.99163,0.99146,0.99158,15
2012-03-14 17:02:00,0.99163,0.99163,0.99132,0.99144,24
2012-03-14 17:03:00,0.99172,0.99174,0.99158,0.99166,13
2012-03-14 17:04:00,0.99169,0.99169,0.99163,0.99169,5
2012-03-14 17:05:00,0.99166,0.99172,0.99163,0.99166,9
2012-03-14 17:06:00,0.99163,0.99166,0.99161,0.99163,11
2012-03-14 17:07:00,0.99157,0.99163,0.99146,0.99161,22
2012-03-14 17:08:00,0.99182,0.99187,0.9916,0.9916,24
2012-03-14 17:09:00,0.99164,0.99179,0.99151,0.99179,20
2012-03-14 17:10:00,0.99162,0.99162,0.99159,0.99162,5
2012-03-14 17:11:00,0.99159,0.9917,0.99159,0.99164,9
2012-03-14 17:12:00,0.99159,0.99167,0.99156,0.99162,12
2012-03-14 17:13:00,0.99164,0.99164,0.99159,0.99162,8
2012-03-14 17:14:00,0.99159,0.99162,0.99151,0.99162,16
2012-03-14 17:15:00,0.99167,0.99167,0.99162,0.99162,3
2012-03-14 17:16:00,0.99139,0.99165,0.99139,0.99165,10
2012-03-14 17:17:00,0.99136,0.99145,0.99136,0.99142,5
2012-03-14 17:18:00,0.99134,0.99139,0.99131,0.99134,7
2012-03-14 17:19:00,0.99136,0.99139,0.99131,0.99136,9
2012-03-14 17:20:00,0.99139,0.99142,0.99134,0.99139,9
2012-03-14 17:21:00,0.99142,0.99142,0.99134,0.99136,5
2012-03-14 17:22:00,0.99159,0.99159,0.99145,0.99145,10
2012-03-14 17:23:00,0.9917,0.9917,0.99162,0.99162,8
2012-03-14 17:24:00,0.99167,0.99168,0.99159,0.99168,7
2012-03-14 17:25:00,0.99167,0.99167,0.99162,0.99165,6
2012-03-14 17:27:00,0.99153,0.99165,0.99148,0.99165,17
2012-03-14 17:28:00,0.99142,0.99156,0.99142,0.99151,14
2012-03-14 17:29:00,0.99142,0.9915,0.99139,0.99145,14
2012-03-14 17:30:00,0.99156,0.99156,0.99145,0.99145,13
2012-03-14 17:31:00,0.99196,0.99196,0.99159,0.99159,18
2012-03-14 17:32:00,0.9921,0.9921,0.9919,0.99193,25
2012-03-14 17:33:00,0.99196,0.99207,0.99196,0.99207,5
2012-03-14 17:34:00,0.99187,0.99204,0.99185,0.99198,13
2012-03-14 17:35:00,0.99218,0.99218,0.99188,0.9919,19
2012-03-14 17:36:00,0.99218,0.99218,0.9921,0.99216,14
2012-03-14 17:37:00,0.9921,0.99216,0.99202,0.99216,19
2012-03-14 17:38:00,0.99218,0.99221,0.9921,0.99213,13
2012-03-14 17:39:00,0.9921,0.99218,0.9921,0.99216,5
2012-03-14 17:40:00,0.9921,0.99218,0.9921,0.99213,6
2012-03-14 17:41:00,0.99216,0.99218,0.99207,0.99207,6
2012-03-14 17:42:00,0.99261,0.99261,0.99218,0.99218,24
2012-03-14 17:43:00,0.99241,0.99258,0.99236,0.99258,13
2012-03-14 17:44:00,0.99267,0.99267,0.99244,0.99244,9
2012-03-14 17:45:00,0.99261,0.99278,0.99261,0.99269,12
2012-03-14 17:46:00,0.99256,0.99269,0.99256,0.99258,16
2012-03-14 17:48:00,0.99272,0.99295,0.99258,0.99258,40
2012-03-14 17:49:00,0.99281,0.99289,0.9927,0.99275,33
2012-03-14 17:50:00,0.99281,0.99292,0.99281,0.99284,24
2012-03-14 17:51:00,0.99261,0.99278,0.99261,0.99278,19
2012-03-14 17:52:00,0.99267,0.99269,0.99264,0.99264,10
2012-03-14 17:53:00,0.9925,0.99264,0.99247,0.99264,22
2012-03-14 17:54:00,0.99264,0.99264,0.99247,0.99252,9
2012-03-14 17:55:00,0.99284,0.99284,0.99261,0.99261,17
2012-03-14 17:56:00,0.99286,0.99286,0.99281,0.99286,15
2012-03-14 17:57:00,0.99312,0.99312,0.99289,0.99289,31
2012-03-14 17:58:00,0.99326,0.99326,0.9931,0.99315,15
2012-03-14 17:59:00,0.99315,0.99332,0.99307,0.99329,30
2012-03-14 18:00:00,0.99304,0.9932,0.99304,0.99312,20
2012-03-14 18:01:00,0.99303,0.99303,0.99298,0.99301,6
2012-03-14 18:02:00,0.99281,0.99303,0.99281,0.99301,18
2012-03-14 18:03:00,0.99275,0.99278,0.99267,0.99278,16
2012-03-14 18:04:00,0.99271,0.99286,0.99271,0.99278,25
2012-03-14 18:05:00,0.99276,0.99279,0.99268,0.99274,16
2012-03-14 18:06:00,0.99285,0.99285,0.99271,0.99274,9
2012-03-14 18:07:00,0.99268,0.99285,0.99257,0.99283,26
2012-03-14 18:08:00,0.9926,0.99271,0.9926,0.99266,19
2012-03-14 18:09:00,0.9926,0.99265,0.99257,0.99257,16
2012-03-14 18:10:00,0.99276,0.99276,0.99262,0.99262,8
2012-03-14 18:11:00,0.99285,0.99285,0.99274,0.99274,7
2012-03-14 18:12:00,0.99299,0.99302,0.99288,0.99288,15
2012-03-14 18:13:00,0.99317,0.99325,0.99302,0.99302,20
2012-03-14 18:14:00,0.99328,0.99333,0.99314,0.99314,12
2012-03-14 18:15:00,0.99339,0.99342,0.99328,0.9933,12
2012-03-14 18:16:00,0.9935,0.99364,0.99342,0.99342,22
2012-03-14 18:17:00,0.99331,0.99353,0.99331,0.99348,19
2012-03-14 18:18:00,0.99334,0.99345,0.99333,0.99333,13
2012-03-14 18:19:00,0.99325,0.99345,0.99325,0.99331,19
2012-03-14 18:20:00,0.99334,0.99339,0.99322,0.99328,29
2012-03-14 18:21:00,0.99311,0.99331,0.99311,0.99331,16
2012-03-14 18:22:00,0.99305,0.99313,0.99297,0.99313,20
2012-03-14 18:23:00,0.993,0.99319,0.993,0.99302,42
2012-03-14 18:24:00,0.99308,0.99316,0.99297,0.99297,21
2012-03-14 18:25:00,0.99299,0.99319,0.99297,0.99311,19
2012-03-14 18:26:00,0.99297,0.99305,0.99297,0.99302,11
2012-03-14 18:27:00,0.99291,0.99299,0.99291,0.99299,10
2012-03-14 18:28:00,0.99299,0.99302,0.99291,0.99294,19
2012-03-14 18:29:00,0.99291,0.99297,0.99291,0.99297,3
2012-03-14 18:30:00,0.99316,0.99316,0.99288,0.99288,25
2012-03-14 18:31:00,0.99294,0.99314,0.99288,0.99314,22
2012-03-14 18:32:00,0.99288,0.99302,0.99277,0.99296,22
2012-03-14 18:33:00,0.99291,0.99296,0.9928,0.99285,15
2012-03-14 18:34:00,0.99291,0.99305,0.99291,0.99294,18
2012-03-14 18:35:00,0.99274,0.99288,0.99274,0.99288,6
2012-03-14 18:36:00,0.99277,0.99279,0.99271,0.99271,7
2012-03-14 18:37:00,0.9926,0.99282,0.9926,0.99279,10
2012-03-14 18:38:00,0.9926,0.99262,0.99257,0.99257,4
2012-03-14 18:39:00,0.99279,0.99279,0.99257,0.99257,9
2012-03-14 18:40:00,0.99277,0.99282,0.99277,0.99282,5
2012-03-14 18:41:00,0.99277,0.99279,0.99274,0.99274,6
2012-03-14 18:42:00,0.99279,0.99279,0.99277,0.99279,3
2012-03-14 18:43:00,0.99288,0.99294,0.99282,0.99282,13
2012-03-14 18:44:00,0.99314,0.99316,0.99291,0.99291,19
2012-03-14 18:45:00,0.99319,0.99319,0.99311,0.99316,6
2012-03-14 18:46:00,0.99322,0.99333,0.99322,0.99322,13
2012-03-14 18:47:00,0.99317,0.99325,0.99317,0.99325,6
2012-03-14 18:48:00,0.99305,0.99319,0.99305,0.99319,8
2012-03-14 18:49:00,0.99319,0.9933,0.99308,0.99308,15
2012-03-14 18:50:00,0.99308,0.99317,0.99308,0.99317,4
2012-03-14 18:51:00,0.99311,0.99319,0.99308,0.99311,11
2012-03-14 18:52:00,0.99319,0.99319,0.99308,0.99308,7
2012-03-14 18:53:00,0.99311,0.99322,0.99311,0.99322,5
2012-03-14 18:54:00,0.99329,0.99329,0.99313,0.99313,17
2012-03-14 18:55:00,0.9934,0.9934,0.99332,0.99332,4
2012-03-14 18:56:00,0.99329,0.99338,0.99329,0.99338,4
2012-03-14 18:57:00,0.99329,0.99329,0.99327,0.99327,2
2012-03-14 18:58:00,0.99337,0.99337,0.99332,0.99332,7
2012-03-14 18:59:00,0.99343,0.99343,0.99327,0.99335,18
2012-03-14 19:00:00,0.99346,0.99346,0.99344,0.99346,3
2012-03-14 19:01:00,0.99344,0.99344,0.99344,0.99344,1
2012-03-14 19:02:00,0.99363,0.99363,0.99346,0.99346,11
2012-03-14 19:03:00,0.99366,0.99372,0.99366,0.99366,7
2012-03-14 19:04:00,0.99389,0.99389,0.99369,0.99369,8
2012-03-14 19:05:00,0.99378,0.99386,0.99378,0.99386,10
2012-03-14 19:06:00,0.99369,0.99375,0.99369,0.99375,5
2012-03-14 19:07:00,0.99369,0.99374,0.99369,0.99372,6
2012-03-14 19:08:00,0.99369,0.99372,0.99369,0.99372,2
2012-03-14 19:09:00,0.99374,0.99374,0.99372,0.99372,2
2012-03-14 19:10:00,0.99389,0.99389,0.99377,0.99377,9
2012-03-14 19:11:00,0.99394,0.99394,0.99389,0.99391,8
2012-03-14 19:12:00,0.99414,0.99414,0.99397,0.99397,7
2012-03-14 19:13:00,0.99411,0.99417,0.99403,0.99417,15
2012-03-14 19:14:00,0.99406,0.99414,0.994,0.99409,20
2012-03-14 19:15:00,0.99412,0.99425,0.99408,0.99408,18
2012-03-14 19:16:00,0.994,0.99414,0.99389,0.99409,36
2012-03-14 19:17:00,0.99409,0.99414,0.99403,0.99403,9
2012-03-14 19:18:00,0.99411,0.99417,0.99409,0.99411,9
2012-03-14 19:19:00,0.99445,0.99445,0.99414,0.99414,18
2012-03-14 19:20:00,0.99445,0.99445,0.99437,0.99443,8
2012-03-14 19:21:00,0.99417,0.99448,0.99414,0.99443,42
2012-03-14 19:22:00,0.99417,0.99417,0.99414,0.99414,2
2012-03-14 19:23:00,0.99423,0.99425,0.99414,0.99414,6
2012-03-14 19:24:00,0.99426,0.99428,0.9942,0.99425,9
2012-03-14 19:25:00,0.99429,0.99434,0.9942,0.99423,17
2012-03-14 19:26:00,0.99434,0.99442,0.99417,0.99431,34
2012-03-14 19:27:00,0.99437,0.9944,0.99432,0.99432,5
2012-03-14 19:28:00,0.99397,0.99434,0.99397,0.99434,14
2012-03-14 19:29:00,0.99378,0.99397,0.99375,0.99395,19
2012-03-14 19:30:00,0.99389,0.99389,0.99366,0.99375,16
2012-03-14 19:31:00,0.99378,0.99386,0.99378,0.99386,8
2012-03-14 19:32:00,0.99383,0.99383,0.99369,0.99375,8
2012-03-14 19:33:00,0.99375,0.99383,0.99375,0.9938,11
2012-03-14 19:34:00,0.99397,0.99406,0.99377,0.99377,20
2012-03-14 19:35:00,0.99386,0.994,0.99386,0.994,6
2012-03-14 19:36:00,0.99378,0.99389,0.99378,0.99389,9
2012-03-14 19:37:00,0.99372,0.99377,0.99369,0.99375,10
2012-03-14 19:38:00,0.99374,0.99374,0.99374,0.99374,1
2012-03-14 19:39:00,0.99374,0.99374,0.99369,0.99372,4
2012-03-14 19:40:00,0.9938,0.9938,0.99372,0.99372,4
2012-03-14 19:41:00,0.99372,0.9938,0.99369,0.99378,7
2012-03-14 19:42:00,0.99383,0.99383,0.99372,0.99374,8
2012-03-14 19:43:00,0.99383,0.99391,0.9938,0.99386,8
2012-03-14 19:44:00,0.99377,0.99383,0.99366,0.9938,18
2012-03-14 19:45:00,0.99346,0.99386,0.99346,0.9938,31
2012-03-14 19:46:00,0.99338,0.99344,0.99338,0.99344,3
2012-03-14 19:47:00,0.99341,0.99346,0.9934,0.9934,15
2012-03-14 19:48:00,0.99346,0.99346,0.99341,0.99343,20
2012-03-14 19:49:00,0.99346,0.99346,0.99344,0.99344,2
2012-03-14 19:50:00,0.99352,0.99352,0.99344,0.99344,10
2012-03-14 19:51:00,0.99349,0.99354,0.99349,0.99354,3
2012-03-14 19:52:00,0.99346,0.99354,0.99344,0.99352,9
2012-03-14 19:53:00,0.99346,0.99346,0.99344,0.99344,2
2012-03-14 19:54:00,0.99349,0.99354,0.99349,0.99349,5
2012-03-14 19:55:00,0.99354,0.99354,0.99349,0.99352,28
2012-03-14 19:56:00,0.99349,0.99352,0.99349,0.99352,4
2012-03-14 19:57:00,0.99329,0.99349,0.99329,0.99346,9
2012-03-14 19:58:00,0.99327,0.99335,0.99327,0.99332,11
2012-03-14 19:59:00,0.99307,0.99324,0.99307,0.99324,7
2012-03-14 20:00:00,0.99307,0.99307,0.99291,0.99307,11
2012-03-14 20:01:00,0.99323,0.99323,0.99311,0.99311,6
2012-03-14 20:02:00,0.99311,0.99319,0.99311,0.99319,7
2012-03-14 20:03:00,0.99295,0.99307,0.99291,0.99307,6
2012-03-14 20:04:00,0.99303,0.99303,0.99295,0.99299,6
2012-03-14 20:05:00,0.99299,0.99307,0.99299,0.99307,3
2012-03-14 20:06:00,0.99299,0.99307,0.99295,0.99303,6
2012-03-14 20:08:00,0.99303,0.99303,0.99303,0.99303,1
2012-03-14 20:09:00,0.99299,0.99299,0.99299,0.99299,1
2012-03-14 20:10:00,0.99307,0.99307,0.99303,0.99303,2
2012-03-14 20:11:00,0.99319,0.99327,0.99311,0.99311,9
2012-03-14 20:12:00,0.99335,0.99335,0.99319,0.99323,6
2012-03-14 20:13:00,0.99347,0.99347,0.99331,0.99331,11
2012-03-14 20:14:00,0.99351,0.99351,0.99351,0.99351,1
2012-03-14 20:15:00,0.99359,0.99367,0.99355,0.99355,6
2012-03-14 20:16:00,0.99343,0.99363,0.99335,0.99363,10
2012-03-14 20:17:00,0.99347,0.99347,0.99347,0.99347,1
2012-03-14 20:19:00,0.99351,0.99351,0.99347,0.99351,3
2012-03-14 20:20:00,0.99347,0.99347,0.99347,0.99347,1
2012-03-14 20:21:00,0.99343,0.99343,0.99343,0.99343,1
2012-03-14 20:26:00,0.99339,0.99339,0.99339,0.99339,1
2012-03-14 20:27:00,0.99339,0.99343,0.99339,0.99343,2
2012-03-14 20:28:00,0.99343,0.99343,0.99343,0.99343,1
2012-03-14 20:29:00,0.99347,0.99351,0.99347,0.99347,3
2012-03-14 20:30:00,0.99323,0.99343,0.99323,0.99343,6
2012-03-14 20:31:00,0.99319,0.99327,0.99315,0.99319,9
2012-03-14 20:32:00,0.99315,0.99323,0.99315,0.99323,3
2012-03-14 20:33:00,0.99327,0.99327,0.99311,0.99311,7
2012-03-14 20:35:00,0.99331,0.99331,0.99331,0.99331,1
2012-03-14 20:37:00,0.993,0.99327,0.99292,0.99327,25
2012-03-14 20:38:00,0.99304,0.99308,0.993,0.99304,7
2012-03-14 20:39:00,0.99304,0.99308,0.993,0.99308,4
2012-03-14 20:41:00,0.99304,0.99308,0.99304,0.99308,2
2012-03-14 20:43:00,0.99319,0.99336,0.99308,0.99308,29
2012-03-14 20:46:00,0.99315,0.99315,0.99315,0.99315,1
2012-03-14 20:47:00,0.99307,0.99311,0.99307,0.99311,2
2012-03-14 20:48:00,0.99311,0.99311,0.99311,0.99311,1
2012-03-14 20:49:00,0.993,0.99306,0.99286,0.99306,19
2012-03-14 20:50:00,0.99296,0.99304,0.99292,0.99304,5
2012-03-14 20:52:00,0.99252,0.99292,0.99232,0.99292,17
2012-03-14 20:53:00,0.99275,0.99279,0.99258,0.99258,13
2012-03-14 20:54:00,0.99263,0.99271,0.99259,0.99271,5
2012-03-14 20:55:00,0.99271,0.99271,0.99267,0.99267,2
2012-03-14 20:56:00,0.99279,0.99291,0.99267,0.99275,16
2012-03-14 20:57:00,0.99275,0.99279,0.99275,0.99275,3
2012-03-14 20:58:00,0.99263,0.99271,0.99263,0.99271,3
2012-03-14 20:59:00,0.99263,0.99271,0.99263,0.99267,4
2012-03-14 21:00:00,0.99235,0.99258,0.99235,0.99258,5
2012-03-14 21:01:00,0.9923,0.99239,0.9923,0.99239,3
2012-03-14 21:02:00,0.99258,0.99258,0.99216,0.99224,18
2012-03-14 21:03:00,0.99274,0.99274,0.99262,0.99262,4
2012-03-14 21:05:00,0.99278,0.99278,0.99278,0.99278,1
2012-03-14 21:06:00,0.99255,0.99295,0.99234,0.99272,71
2012-03-14 21:08:00,0.99259,0.99259,0.99259,0.99259,1
2012-03-14 21:10:00,0.99256,0.9926,0.99245,0.99255,13
2012-03-14 21:11:00,0.99256,0.99256,0.99252,0.99252,2
2012-03-14 21:13:00,0.99289,0.99308,0.99252,0.99252,25
2012-03-14 21:14:00,0.99273,0.99302,0.99273,0.99293,16
2012-03-14 21:15:00,0.99281,0.99281,0.99277,0.99277,2
2012-03-14 21:21:00,0.99277,0.99277,0.99273,0.99277,3
2012-03-14 21:22:00,0.99314,0.99314,0.99281,0.99281,15
2012-03-14 21:23:00,0.9933,0.9933,0.9931,0.9931,6
2012-03-14 21:24:00,0.99314,0.99326,0.99314,0.99326,4
2012-03-14 21:27:00,0.9931,0.9931,0.9931,0.9931,1
2012-03-14 21:33:00,0.99306,0.99306,0.99306,0.99306,1
2012-03-14 21:35:00,0.9931,0.9931,0.99306,0.9931,3
2012-03-14 21:38:00,0.9931,0.99314,0.9931,0.99314,2
2012-03-14 21:40:00,0.99323,0.99327,0.99314,0.99314,9
2012-03-14 21:42:00,0.99319,0.99319,0.99319,0.99319,1
2012-03-14 21:43:00,0.99311,0.99315,0.99307,0.99315,4
2012-03-14 21:44:00,0.99315,0.99315,0.99315,0.99315,1
2012-03-14 21:45:00,0.99327,0.99327,0.99319,0.99319,15
2012-03-14 21:46:00,0.99348,0.99348,0.99331,0.99331,5
2012-03-14 21:47:00,0.99324,0.99344,0.99316,0.99344,22
2012-03-14 21:48:00,0.99332,0.9934,0.99328,0.99328,10
2012-03-14 21:58:00,0.99328,0.99328,0.99324,0.99328,5
2012-03-14 22:00:00,0.9933,0.9933,0.99328,0.99328,2
2012-03-14 22:04:00,0.99324,0.99328,0.99324,0.99328,2
2012-03-14 22:05:00,0.99314,0.9932,0.99304,0.9932,9
2012-03-14 22:06:00,0.99276,0.99316,0.99246,0.99316,42
2012-03-14 22:07:00,0.99296,0.99296,0.9927,0.99274,12
2012-03-14 22:08:00,0.99266,0.9929,0.99258,0.9929,17
2012-03-14 22:09:00,0.99266,0.9927,0.99266,0.9927,4
2012-03-14 22:10:00,0.99274,0.99274,0.99268,0.9927,6
2012-03-14 22:11:00,0.9928,0.99282,0.99276,0.99276,4
2012-03-14 22:15:00,0.99276,0.99276,0.99276,0.99276,1
2012-03-14 22:16:00,0.99276,0.99276,0.9927,0.99274,4
2012-03-14 22:17:00,0.99306,0.9931,0.99274,0.99274,19
2012-03-14 22:18:00,0.99298,0.99318,0.99298,0.99304,13
2012-03-14 22:19:00,0.99304,0.99304,0.99294,0.99294,6
2012-03-14 22:20:00,0.99304,0.99306,0.993,0.99306,4
2012-03-14 22:21:00,0.993,0.99306,0.99298,0.993,9
2012-03-14 22:22:00,0.99288,0.99298,0.99288,0.99298,4
2012-03-14 22:24:00,0.99288,0.99292,0.99288,0.99292,2
2012-03-14 22:27:00,0.99294,0.99294,0.99292,0.99292,2
2012-03-14 22:29:00,0.99298,0.99298,0.99288,0.99292,5
2012-03-14 22:30:00,0.993,0.993,0.993,0.993,1
2012-03-14 22:31:00,0.99304,0.99304,0.99304,0.99304,1
2012-03-14 22:32:00,0.99306,0.99306,0.99306,0.99306,1
2012-03-14 22:33:00,0.99298,0.99304,0.99298,0.99304,3
2012-03-14 22:34:00,0.99298,0.99304,0.99298,0.993,6
2012-03-14 22:38:00,0.99294,0.99294,0.99294,0.99294,1
2012-03-14 22:39:00,0.99292,0.99292,0.99292,0.99292,1
2012-03-14 22:41:00,0.99282,0.99288,0.99282,0.99288,3
2012-03-14 22:42:00,0.99282,0.99286,0.99282,0.99286,2
2012-03-14 22:45:00,0.9928,0.9928,0.9928,0.9928,1
2012-03-14 22:46:00,0.99282,0.99282,0.99282,0.99282,1
2012-03-14 22:48:00,0.99282,0.99282,0.9928,0.9928,2
2012-03-14 22:49:00,0.99306,0.9931,0.99286,0.99286,10
2012-03-14 22:51:00,0.99312,0.99312,0.9931,0.9931,4
2012-03-14 22:52:00,0.9931,0.99312,0.9931,0.9931,3
2012-03-14 22:53:00,0.99316,0.99316,0.99312,0.99312,2
2012-03-14 22:54:00,0.99306,0.99312,0.99304,0.99312,5
2012-03-14 22:55:00,0.99304,0.99306,0.99304,0.99304,3
2012-03-14 22:57:00,0.99318,0.99322,0.99306,0.99306,7
2012-03-14 23:00:00,0.99316,0.99316,0.99312,0.99316,3
2012-03-14 23:01:00,0.99316,0.99318,0.9931,0.99318,8
2012-03-14 23:02:00,0.99316,0.99318,0.99316,0.99318,4
2012-03-14 23:03:00,0.99318,0.99318,0.99318,0.99318,1
2012-03-14 23:04:00,0.99318,0.99328,0.99318,0.99322,6
2012-03-14 23:05:00,0.9932,0.9932,0.99318,0.99318,2
2012-03-14 23:07:00,0.9932,0.9932,0.99318,0.99318,2
2012-03-14 23:08:00,0.9933,0.9933,0.99312,0.99318,11
2012-03-14 23:09:00,0.99324,0.99328,0.99324,0.99328,2
2012-03-14 23:12:00,0.99324,0.99326,0.99324,0.99326,2
2012-03-14 23:13:00,0.99322,0.99322,0.99322,0.99322,1
2012-03-14 23:14:00,0.99312,0.99318,0.99312,0.99318,3
2012-03-14 23:15:00,0.99318,0.99318,0.99316,0.99316,2
2012-03-14 23:18:00,0.99318,0.9932,0.99318,0.9932,2
2012-03-14 23:20:00,0.99326,0.99326,0.9932,0.9932,3
2012-03-14 23:22:00,0.99332,0.99332,0.99324,0.99324,6
2012-03-14 23:23:00,0.99332,0.99336,0.99332,0.99336,2
2012-03-14 23:24:00,0.9933,0.9933,0.9933,0.9933,1
2012-03-14 23:25:00,0.99346,0.99346,0.99332,0.99332,6
2012-03-14 23:26:00,0.99344,0.99346,0.99344,0.99344,3
2012-03-14 23:27:00,0.99344,0.99344,0.99342,0.99342,2
2012-03-14 23:28:00,0.99346,0.99346,0.99338,0.99342,7
2012-03-14 23:29:00,0.9935,0.9935,0.9935,0.9935,1
2012-03-14 23:31:00,0.99346,0.99346,0.99346,0.99346,1
2012-03-14 23:33:00,0.99352,0.99352,0.99344,0.99344,4
2012-03-14 23:35:00,0.99372,0.99372,0.99356,0.99356,7
2012-03-14 23:36:00,0.99362,0.9937,0.99362,0.9937,4
2012-03-14 23:38:00,0.99364,0.99364,0.99364,0.99364,1
2012-03-14 23:39:00,0.99364,0.99364,0.99362,0.99362,2
2012-03-14 23:42:00,0.9936,0.99362,0.99358,0.99362,5
2012-03-14 23:45:00,0.99366,0.99366,0.99364,0.99364,2
2012-03-14 23:46:00,0.99372,0.99372,0.9937,0.9937,2
2012-03-14 23:48:00,0.99372,0.99374,0.99372,0.99372,3
2012-03-14 23:49:00,0.99377,0.99377,0.99369,0.99369,4
2012-03-14 23:50:00,0.99383,0.99383,0.9938,0.9938,2
2012-03-14 23:52:00,0.99394,0.99394,0.99386,0.99386,4
2012-03-14 23:53:00,0.99397,0.99397,0.99397,0.99397,1
2012-03-14 23:54:00,0.994,0.994,0.994,0.994,1
2012-03-14 23:55:00,0.99397,0.99397,0.99397,0.99397,1
2012-03-14 23:56:00,0.99394,0.99403,0.99392,0.994,9
2012-03-14 23:57:00,0.99394,0.99394,0.99392,0.99392,2
2012-03-14 23:58:00,0.99392,0.99394,0.99392,0.99392,5
2012-03-14 23:59:00,0.994,0.994,0.99389,0.99389,5
2012-03-15 00:00:00,0.99408,0.99408,0.99403,0.99403,3
2012-03-15 00:01:00,0.99423,0.99423,0.99411,0.99411,7
2012-03-15 00:02:00,0.99426,0.99428,0.99417,0.9942,9
2012-03-15 00:03:00,0.99403,0.99423,0.99403,0.99423,18
2012-03-15 00:04:00,0.99392,0.99408,0.99392,0.99406,16
2012-03-15 00:05:00,0.99394,0.99394,0.99386,0.99394,7
2012-03-15 00:06:00,0.99397,0.99406,0.99397,0.99397,9
2012-03-15 00:07:00,0.99411,0.99411,0.99392,0.99395,19
2012-03-15 00:08:00,0.99392,0.99409,0.99392,0.99409,9
2012-03-15 00:09:00,0.99406,0.99406,0.99394,0.99394,5
2012-03-15 00:10:00,0.99406,0.99406,0.99403,0.99403,2
2012-03-15 00:11:00,0.99406,0.99406,0.99397,0.99403,6
2012-03-15 00:12:00,0.99412,0.9942,0.99408,0.99408,8
2012-03-15 00:13:00,0.99392,0.99409,0.99392,0.99409,7
2012-03-15 00:14:00,0.99403,0.99403,0.99394,0.99394,4
2012-03-15 00:15:00,0.99378,0.99414,0.99378,0.99406,37
2012-03-15 00:16:00,0.99369,0.99375,0.99369,0.99375,3
2012-03-15 00:17:00,0.99359,0.99367,0.99359,0.99366,23
2012-03-15 00:18:00,0.99364,0.99364,0.99353,0.99356,12
2012-03-15 00:19:00,0.99353,0.99364,0.99353,0.99362,16
2012-03-15 00:20:00,0.99351,0.99353,0.99351,0.99351,3
2012-03-15 00:21:00,0.99345,0.99348,0.99339,0.99348,14
2012-03-15 00:22:00,0.99339,0.99342,0.99334,0.99342,8
2012-03-15 00:23:00,0.99342,0.99342,0.99342,0.99342,1
2012-03-15 00:24:00,0.99348,0.9935,0.99345,0.99345,6
2012-03-15 00:25:00,0.99342,0.99345,0.99339,0.99345,4
2012-03-15 00:26:00,0.99351,0.99353,0.99345,0.99345,7
2012-03-15 00:28:00,0.99356,0.99356,0.99353,0.99353,2
2012-03-15 00:30:00,0.99367,0.99367,0.99359,0.99359,4
2012-03-15 00:31:00,0.9937,0.9937,0.9937,0.9937,1
2012-03-15 00:32:00,0.99376,0.99376,0.99373,0.99373,2
2012-03-15 00:33:00,0.99387,0.99387,0.99373,0.99373,6
2012-03-15 00:34:00,0.9939,0.9939,0.9939,0.9939,1
2012-03-15 00:35:00,0.99402,0.99404,0.99393,0.99393,6
2012-03-15 00:36:00,0.99407,0.99407,0.99404,0.99404,2
2012-03-15 00:37:00,0.99415,0.99415,0.9941,0.9941,3
2012-03-15 00:38:00,0.9941,0.99415,0.9941,0.99413,4
2012-03-15 00:40:00,0.9943,0.9943,0.99413,0.99413,7
2012-03-15 00:41:00,0.99427,0.99433,0.99427,0.99433,3
2012-03-15 00:42:00,0.99416,0.99424,0.99416,0.99424,4
2012-03-15 00:43:00,0.99413,0.99415,0.9941,0.99413,5
2012-03-15 00:44:00,0.99415,0.99415,0.99415,0.99415,1
2012-03-15 00:46:00,0.9943,0.99433,0.99418,0.99418,7
2012-03-15 00:47:00,0.99419,0.99427,0.99419,0.99427,4
2012-03-15 00:48:00,0.9943,0.9943,0.99421,0.99421,4
2012-03-15 00:49:00,0.99435,0.99435,0.99433,0.99433,2
2012-03-15 00:50:00,0.99436,0.99441,0.99436,0.99438,8
2012-03-15 00:51:00,0.99439,0.99444,0.99438,0.99438,5
2012-03-15 00:52:00,0.99418,0.99436,0.99416,0.99436,19
2012-03-15 00:53:00,0.99407,0.99416,0.99407,0.99416,22
2012-03-15 00:54:00,0.9941,0.99421,0.99402,0.9941,23
2012-03-15 00:55:00,0.99401,0.9941,0.99399,0.99407,7
2012-03-15 00:56:00,0.99402,0.9941,0.99402,0.99404,14
2012-03-15 00:57:00,0.99435,0.99435,0.99404,0.99404,12
2012-03-15 00:58:00,0.99441,0.99441,0.99438,0.99438,2
2012-03-15 00:59:00,0.99427,0.99439,0.99419,0.99439,11
2012-03-15 01:00:00,0.99438,0.99438,0.99427,0.9943,12
2012-03-15 01:01:00,0.99438,0.99438,0.9943,0.99436,10
2012-03-15 01:02:00,0.99441,0.99441,0.99441,0.99441,1
2012-03-15 01:03:00,0.99436,0.99439,0.99436,0.99439,2
2012-03-15 01:04:00,0.99436,0.99438,0.99433,0.99433,8
2012-03-15 01:05:00,0.99435,0.99438,0.99427,0.99438,8
2012-03-15 01:06:00,0.99439,0.99441,0.99438,0.99438,3
2012-03-15 01:07:00,0.99455,0.99455,0.99441,0.99441,6
2012-03-15 01:10:00,0.99467,0.99467,0.99458,0.99458,4
2012-03-15 01:11:00,0.99475,0.99475,0.99469,0.99469,5
2012-03-15 01:12:00,0.99478,0.99478,0.99478,0.99478,1
2012-03-15 01:13:00,0.99475,0.99475,0.9947,0.99475,5
2012-03-15 01:14:00,0.99486,0.99486,0.99478,0.99478,4
2012-03-15 01:15:00,0.99486,0.99489,0.99484,0.99489,4
2012-03-15 01:16:00,0.99481,0.99484,0.99478,0.99484,6
2012-03-15 01:17:00,0.99475,0.99478,0.99473,0.99478,4
2012-03-15 01:18:00,0.99469,0.99473,0.99467,0.99473,6
2012-03-15 01:19:00,0.99478,0.99478,0.99467,0.99467,5
2012-03-15 01:20:00,0.99481,0.99484,0.99481,0.99481,3
2012-03-15 01:22:00,0.99475,0.99486,0.99473,0.99484,8
2012-03-15 01:23:00,0.99472,0.99473,0.9947,0.99473,3
2012-03-15 01:24:00,0.99481,0.99481,0.99475,0.99475,5
2012-03-15 01:25:00,0.99478,0.99478,0.99478,0.99478,1
2012-03-15 01:26:00,0.99481,0.99484,0.99481,0.99481,3
2012-03-15 01:28:00,0.9947,0.99478,0.99467,0.99478,10
2012-03-15 01:29:00,0.99458,0.99467,0.99458,0.99467,10
2012-03-15 01:30:00,0.99441,0.99456,0.99436,0.99456,14
2012-03-15 01:31:00,0.99444,0.99447,0.99439,0.99439,7
2012-03-15 01:32:00,0.99441,0.99447,0.99439,0.99447,7
2012-03-15 01:33:00,0.99444,0.99444,0.99444,0.99444,1
2012-03-15 01:34:00,0.9943,0.99441,0.9943,0.99441,5
2012-03-15 01:35:00,0.99438,0.99438,0.9943,0.99433,7
2012-03-15 01:36:00,0.99427,0.99436,0.99427,0.99436,6
2012-03-15 01:37:00,0.99422,0.99424,0.99422,0.99424,4
2012-03-15 01:38:00,0.99419,0.99424,0.99416,0.99424,7
2012-03-15 01:39:00,0.99379,0.99416,0.99379,0.99416,22
2012-03-15 01:40:00,0.99362,0.99376,0.99359,0.99376,18
2012-03-15 01:41:00,0.9935,0.99359,0.99345,0.99359,8
2012-03-15 01:42:00,0.99367,0.99367,0.99345,0.99348,10
2012-03-15 01:43:00,0.99393,0.99396,0.9937,0.9937,13
2012-03-15 01:44:00,0.99379,0.99398,0.99376,0.99396,27
2012-03-15 01:45:00,0.99396,0.99401,0.99376,0.99381,18
2012-03-15 01:46:00,0.99404,0.99404,0.99393,0.99393,5
2012-03-15 01:47:00,0.99402,0.9941,0.99402,0.99407,13
2012-03-15 01:48:00,0.99413,0.99415,0.99404,0.99404,10
2012-03-15 01:49:00,0.99418,0.99418,0.99415,0.99415,2
2012-03-15 01:50:00,0.99415,0.99424,0.99413,0.99421,15
2012-03-15 01:51:00,0.9941,0.99415,0.9941,0.99413,6
2012-03-15 01:52:00,0.99405,0.99413,0.99405,0.99413,6
2012-03-15 01:53:00,0.99384,0.99402,0.99382,0.99402,17
2012-03-15 01:54:00,0.99396,0.99398,0.99387,0.99387,6
2012-03-15 01:55:00,0.99393,0.99396,0.99388,0.99393,11
2012-03-15 01:56:00,0.99399,0.99401,0.99396,0.99396,8
2012-03-15 01:57:00,0.99373,0.99396,0.99371,0.99396,11
2012-03-15 01:58:00,0.99368,0.99371,0.99368,0.99371,2
2012-03-15 01:59:00,0.99382,0.99384,0.9937,0.9937,9
2012-03-15 02:00:00,0.99368,0.99384,0.99368,0.99384,9
2012-03-15 02:01:00,0.99365,0.99373,0.99365,0.9937,11
2012-03-15 02:02:00,0.99353,0.9937,0.99351,0.99367,18
2012-03-15 02:03:00,0.99351,0.99353,0.99351,0.99351,3
2012-03-15 02:04:00,0.99345,0.99348,0.99342,0.99348,6
2012-03-15 02:05:00,0.9935,0.9935,0.99347,0.99347,4
2012-03-15 02:06:00,0.99347,0.9935,0.99342,0.99348,9
2012-03-15 02:07:00,0.9935,0.9935,0.99348,0.9935,3
2012-03-15 02:08:00,0.99353,0.99353,0.99351,0.99353,5
2012-03-15 02:09:00,0.99359,0.99359,0.99356,0.99356,2
2012-03-15 02:10:00,0.99359,0.99362,0.99359,0.99362,2
2012-03-15 02:11:00,0.99359,0.99359,0.99356,0.99356,2
2012-03-15 02:12:00,0.99359,0.99364,0.99356,0.99362,8
2012-03-15 02:13:00,0.99359,0.99359,0.99351,0.99356,8
2012-03-15 02:14:00,0.99362,0.99362,0.99362,0.99362,1
2012-03-15 02:15:00,0.9937,0.9937,0.99362,0.99364,5
2012-03-15 02:16:00,0.99393,0.99393,0.99373,0.99373,8
2012-03-15 02:17:00,0.99393,0.99396,0.99393,0.99396,2
2012-03-15 02:19:00,0.9939,0.9939,0.99388,0.9939,3
2012-03-15 02:20:00,0.99388,0.99388,0.99388,0.99388,1
2012-03-15 02:21:00,0.99388,0.9939,0.99385,0.99385,4
2012-03-15 02:22:00,0.99384,0.99387,0.99379,0.99385,11
2012-03-15 02:23:00,0.99382,0.99387,0.99382,0.99382,5
2012-03-15 02:24:00,0.99381,0.99384,0.99379,0.99384,4
2012-03-15 02:26:00,0.99379,0.99381,0.99371,0.99379,11
2012-03-15 02:27:00,0.99364,0.99376,0.99362,0.99376,7
2012-03-15 02:28:00,0.99362,0.99364,0.99359,0.99362,5
2012-03-15 02:29:00,0.99364,0.99364,0.99364,0.99364,1
2012-03-15 02:30:00,0.99359,0.99364,0.99359,0.99362,4
2012-03-15 02:31:00,0.99364,0.99364,0.99362,0.99362,2
2012-03-15 02:32:00,0.99359,0.99362,0.99359,0.99362,2
2012-03-15 02:33:00,0.99339,0.99356,0.99339,0.99356,7
2012-03-15 02:34:00,0.99322,0.99336,0.99322,0.99336,6
2012-03-15 02:35:00,0.99325,0.99333,0.99322,0.99325,17
2012-03-15 02:36:00,0.9933,0.9933,0.99328,0.99328,4
2012-03-15 02:37:00,0.99325,0.9933,0.99325,0.99328,4
2012-03-15 02:39:00,0.99328,0.99328,0.99328,0.99328,1
2012-03-15 02:40:00,0.99333,0.99333,0.9933,0.9933,2
2012-03-15 02:41:00,0.99339,0.99342,0.99336,0.99336,4
2012-03-15 02:42:00,0.99342,0.99342,0.99342,0.99342,1
2012-03-15 02:43:00,0.99353,0.99353,0.99345,0.99345,8
2012-03-15 02:44:00,0.99353,0.99353,0.99348,0.99351,4
2012-03-15 02:45:00,0.99356,0.99356,0.99351,0.99351,3
2012-03-15 02:46:00,0.99359,0.99359,0.99359,0.99359,1
2012-03-15 02:48:00,0.99356,0.99359,0.99356,0.99356,3
2012-03-15 02:50:00,0.99347,0.99353,0.99345,0.99353,5
2012-03-15 02:51:00,0.99345,0.9935,0.99345,0.9935,3
2012-03-15 02:52:00,0.99356,0.99356,0.99342,0.99347,8
2012-03-15 02:53:00,0.99342,0.99353,0.99342,0.99353,13
2012-03-15 02:54:00,0.99339,0.99339,0.99339,0.99339,1
2012-03-15 02:55:00,0.99342,0.99347,0.99342,0.99342,5
2012-03-15 02:57:00,0.99342,0.99345,0.99342,0.99345,2
2012-03-15 02:58:00,0.99347,0.99347,0.99345,0.99345,2
2012-03-15 02:59:00,0.99351,0.99356,0.99345,0.99345,11
2012-03-15 03:00:00,0.99348,0.99348,0.99348,0.99348,1
2012-03-15 03:02:00,0.99356,0.99356,0.9935,0.9935,3
2012-03-15 03:03:00,0.99356,0.99356,0.99351,0.99353,4
2012-03-15 03:08:00,0.99353,0.99356,0.99351,0.99353,5
2012-03-15 03:09:00,0.99348,0.99351,0.99348,0.99351,2
2012-03-15 03:10:00,0.99345,0.99345,0.99342,0.99345,3
2012-03-15 03:13:00,0.99347,0.99347,0.99345,0.99347,3
2012-03-15 03:15:00,0.9935,0.9935,0.9935,0.9935,1
2012-03-15 03:17:00,0.99348,0.99348,0.99348,0.99348,1
2012-03-15 03:19:00,0.99345,0.99345,0.99345,0.99345,1
2012-03-15 03:20:00,0.99339,0.99342,0.99334,0.99342,6
2012-03-15 03:21:00,0.99336,0.99336,0.99331,0.99336,5
2012-03-15 03:22:00,0.99334,0.99334,0.99334,0.99334,1
2012-03-15 03:23:00,0.99336,0.99336,0.99336,0.99336,1
2012-03-15 03:24:00,0.99339,0.99339,0.99339,0.99339,1
2012-03-15 03:25:00,0.99336,0.99336,0.99336,0.99336,1
2012-03-15 03:28:00,0.99339,0.99339,0.99334,0.99334,3
2012-03-15 03:29:00,0.99342,0.99342,0.99342,0.99342,1
2012-03-15 03:31:00,0.9933,0.99339,0.99328,0.99339,10
2012-03-15 03:33:00,0.99328,0.99328,0.99328,0.99328,1
2012-03-15 03:36:00,0.99325,0.99325,0.99325,0.99325,1
2012-03-15 03:37:00,0.99308,0.99322,0.99308,0.99322,6
2012-03-15 03:38:00,0.99308,0.99308,0.993,0.99305,6
2012-03-15 03:39:00,0.99328,0.99333,0.99311,0.99311,13
2012-03-15 03:40:00,0.99328,0.99328,0.99325,0.99325,2
2012-03-15 03:42:00,0.99319,0.99325,0.99319,0.99325,3
2012-03-15 03:44:00,0.99305,0.99317,0.99297,0.99317,13
2012-03-15 03:45:00,0.99316,0.99316,0.99308,0.99308,4
2012-03-15 03:46:00,0.99322,0.99325,0.99319,0.99319,4
2012-03-15 03:47:00,0.99317,0.99319,0.99317,0.99319,2
2012-03-15 03:48:00,0.99322,0.99322,0.99319,0.99319,2
2012-03-15 03:49:00,0.99319,0.99319,0.99319,0.99319,1
2012-03-15 03:50:00,0.99325,0.99325,0.99322,0.99322,2
2012-03-15 03:51:00,0.99319,0.99322,0.99319,0.99322,2
2012-03-15 03:52:00,0.99319,0.99319,0.99314,0.99317,4
2012-03-15 03:57:00,0.99325,0.99325,0.99322,0.99322,2
2012-03-15 04:03:00,0.99331,0.99333,0.99328,0.99328,4
2012-03-15 04:04:00,0.99333,0.99333,0.99328,0.99328,3
2012-03-15 04:07:00,0.99328,0.99331,0.99328,0.99331,2
2012-03-15 04:08:00,0.99325,0.99325,0.99325,0.99325,1
2012-03-15 04:09:00,0.99322,0.99322,0.99322,0.99322,1
2012-03-15 04:10:00,0.99314,0.99319,0.99314,0.99319,7
2012-03-15 04:11:00,0.99316,0.99316,0.99316,0.99316,1
2012-03-15 04:12:00,0.99314,0.99314,0.99314,0.99314,1
2012-03-15 04:13:00,0.99317,0.99319,0.99314,0.99316,7
2012-03-15 04:14:00,0.99322,0.99322,0.99319,0.99319,2
2012-03-15 04:15:00,0.99319,0.99319,0.99319,0.99319,1
2012-03-15 04:21:00,0.99314,0.99322,0.99314,0.99322,4
2012-03-15 04:23:00,0.99316,0.99316,0.99316,0.99316,1
2012-03-15 04:27:00,0.99314,0.99319,0.99314,0.99319,3
2012-03-15 04:28:00,0.99316,0.99316,0.99316,0.99316,1
2012-03-15 04:29:00,0.99311,0.99314,0.99311,0.99314,2
2012-03-15 04:30:00,0.99313,0.99313,0.99313,0.99313,1
2012-03-15 04:31:00,0.99311,0.99311,0.99311,0.99311,1
2012-03-15 04:32:00,0.99313,0.99313,0.99313,0.99313,1
2012-03-15 04:34:00,0.99313,0.99316,0.99311,0.99316,4
2012-03-15 04:35:00,0.99316,0.99316,0.99316,0.99316,1
2012-03-15 04:36:00,0.99313,0.99319,0.99302,0.99319,11
2012-03-15 04:37:00,0.99319,0.99322,0.99316,0.99316,6
2012-03-15 04:38:00,0.99317,0.99317,0.99317,0.99317,1
2012-03-15 04:39:00,0.99305,0.99314,0.99302,0.99314,8
2012-03-15 04:40:00,0.99299,0.99302,0.99297,0.99302,4
2012-03-15 04:41:00,0.99294,0.99297,0.99291,0.99297,6
2012-03-15 04:42:00,0.99294,0.99296,0.99294,0.99296,2
2012-03-15 04:43:00,0.99299,0.99299,0.99296,0.99296,2
2012-03-15 04:44:00,0.99291,0.99297,0.99291,0.99297,3
2012-03-15 04:45:00,0.99294,0.99294,0.99294,0.99294,1
2012-03-15 04:47:00,0.99291,0.99291,0.99291,0.99291,1
2012-03-15 04:49:00,0.99291,0.99294,0.99288,0.99294,4
2012-03-15 04:51:00,0.99294,0.99296,0.99294,0.99294,3
2012-03-15 04:52:00,0.99291,0.99296,0.99291,0.99296,3
2012-03-15 04:53:00,0.99291,0.99291,0.99288,0.99288,2
2012-03-15 04:55:00,0.99294,0.99296,0.99294,0.99294,3
2012-03-15 04:56:00,0.99291,0.99291,0.99291,0.99291,1
2012-03-15 04:57:00,0.99294,0.99294,0.99294,0.99294,1
2012-03-15 04:58:00,0.99291,0.99291,0.99291,0.99291,1
2012-03-15 04:59:00,0.99291,0.99291,0.99288,0.99288,2
2012-03-15 05:02:00,0.99277,0.99288,0.99277,0.99288,5
2012-03-15 05:03:00,0.99279,0.99279,0.99279,0.99279,1
2012-03-15 05:05:00,0.99294,0.99294,0.99282,0.99282,5
2012-03-15 05:06:00,0.99299,0.99299,0.99288,0.99291,12
2012-03-15 05:07:00,0.99319,0.99328,0.99302,0.99302,15
2012-03-15 05:09:00,0.9933,0.9933,0.99322,0.99322,4
2012-03-15 05:10:00,0.99331,0.99333,0.99331,0.99333,2
2012-03-15 05:11:00,0.99334,0.99336,0.99331,0.99333,5
2012-03-15 05:12:00,0.99345,0.99345,0.99336,0.99336,14
2012-03-15 05:13:00,0.99336,0.99342,0.99334,0.99342,7
2012-03-15 05:14:00,0.99339,0.99339,0.99339,0.99339,1
2012-03-15 05:17:00,0.99334,0.99336,0.99334,0.99336,2
2012-03-15 05:18:00,0.99339,0.99339,0.99336,0.99336,2
2012-03-15 05:19:00,0.99336,0.99339,0.99336,0.99336,3
2012-03-15 05:20:00,0.99339,0.99339,0.99339,0.99339,1
2012-03-15 05:22:00,0.99345,0.99347,0.99342,0.99342,4
2012-03-15 05:23:00,0.9935,0.9935,0.99347,0.99347,2
2012-03-15 05:24:00,0.99339,0.99348,0.99339,0.99348,4
2012-03-15 05:27:00,0.99339,0.99339,0.99336,0.99336,2
2012-03-15 05:30:00,0.9933,0.99336,0.99328,0.99336,5
2012-03-15 05:31:00,0.99336,0.99336,0.99333,0.99333,2
2012-03-15 05:32:00,0.99365,0.99367,0.99339,0.99339,18
2012-03-15 05:33:00,0.9937,0.9937,0.99362,0.99367,6
2012-03-15 05:34:00,0.99365,0.99373,0.99365,0.99373,4
2012-03-15 05:35:00,0.99367,0.99367,0.99367,0.99367,1
2012-03-15 05:38:00,0.99364,0.99365,0.99359,0.99365,7
2012-03-15 05:39:00,0.99373,0.99373,0.99362,0.99362,5
2012-03-15 05:40:00,0.99387,0.99387,0.99376,0.99376,5
2012-03-15 05:41:00,0.99388,0.9939,0.99388,0.9939,2
2012-03-15 05:43:00,0.99379,0.99385,0.99379,0.99385,3
2012-03-15 05:44:00,0.9939,0.99393,0.99381,0.99381,6
2012-03-15 05:48:00,0.99368,0.99388,0.99368,0.99388,8
2012-03-15 05:49:00,0.9937,0.9937,0.9937,0.9937,1
2012-03-15 05:50:00,0.99381,0.99381,0.99373,0.99373,4
2012-03-15 05:51:00,0.99393,0.99393,0.99379,0.99379,6
2012-03-15 05:52:00,0.99393,0.99393,0.9939,0.9939,2
2012-03-15 05:53:00,0.9939,0.99396,0.99388,0.99396,5
2012-03-15 05:54:00,0.99379,0.99393,0.99379,0.99388,10
2012-03-15 05:55:00,0.99393,0.99393,0.99381,0.99381,11
2012-03-15 05:56:00,0.99398,0.99398,0.99396,0.99396,4
2012-03-15 05:57:00,0.99396,0.99396,0.99396,0.99396,1
2012-03-15 05:58:00,0.99393,0.99393,0.99393,0.99393,1
2012-03-15 05:59:00,0.99393,0.99393,0.99382,0.9939,8
2012-03-15 06:00:00,0.99382,0.9939,0.99382,0.9939,6
2012-03-15 06:02:00,0.99371,0.99379,0.99371,0.99379,4
2012-03-15 06:03:00,0.99367,0.99368,0.99365,0.99368,3
2012-03-15 06:04:00,0.99379,0.99379,0.9937,0.9937,4
2012-03-15 06:06:00,0.99384,0.99384,0.99381,0.99381,4
2012-03-15 06:07:00,0.99379,0.99382,0.99376,0.99382,4
2012-03-15 06:08:00,0.99362,0.99376,0.99362,0.99376,6
2012-03-15 06:09:00,0.99359,0.99367,0.99359,0.99364,5
2012-03-15 06:10:00,0.99348,0.99356,0.99339,0.99356,20
2012-03-15 06:11:00,0.99359,0.99359,0.9935,0.9935,6
2012-03-15 06:12:00,0.99376,0.99376,0.99362,0.99362,10
2012-03-15 06:13:00,0.99379,0.99379,0.99379,0.99379,1
2012-03-15 06:15:00,0.99384,0.99384,0.99381,0.99381,2
2012-03-15 06:16:00,0.99376,0.99382,0.99371,0.99382,9
2012-03-15 06:17:00,0.99376,0.99381,0.99376,0.99379,4
2012-03-15 06:18:00,0.99382,0.99384,0.99379,0.99379,4
2012-03-15 06:19:00,0.99371,0.99379,0.99371,0.99379,4
2012-03-15 06:20:00,0.99364,0.99368,0.99362,0.99368,4
2012-03-15 06:21:00,0.99359,0.99362,0.99356,0.99362,4
2012-03-15 06:22:00,0.99347,0.99356,0.99345,0.99356,6
2012-03-15 06:23:00,0.99362,0.99362,0.9935,0.9935,11
2012-03-15 06:24:00,0.99356,0.99364,0.99356,0.99364,4
2012-03-15 06:25:00,0.99348,0.99353,0.99348,0.99353,3
2012-03-15 06:26:00,0.99359,0.99359,0.99339,0.99345,12
2012-03-15 06:27:00,0.99359,0.99364,0.99359,0.99362,4
2012-03-15 06:28:00,0.99351,0.99356,0.99351,0.99356,5
2012-03-15 06:29:00,0.99317,0.99348,0.99314,0.99348,34
2012-03-15 06:30:00,0.99308,0.99319,0.99308,0.99314,15
2012-03-15 06:31:00,0.99351,0.99356,0.99294,0.99305,39
2012-03-15 06:32:00,0.99362,0.99362,0.99351,0.99353,26
2012-03-15 06:33:00,0.99371,0.99373,0.99364,0.99364,11
2012-03-15 06:34:00,0.99359,0.99373,0.99359,0.99373,10
2012-03-15 06:35:00,0.99376,0.99379,0.99351,0.99356,18
2012-03-15 06:36:00,0.9937,0.99379,0.99368,0.99379,20
2012-03-15 06:37:00,0.99365,0.99379,0.99365,0.99373,14
2012-03-15 06:38:00,0.99367,0.99367,0.99359,0.99362,13
2012-03-15 06:39:00,0.99367,0.9937,0.99365,0.9937,4
2012-03-15 06:40:00,0.99376,0.99376,0.99362,0.99365,7
2012-03-15 06:41:00,0.99381,0.99381,0.99379,0.99379,18
2012-03-15 06:42:00,0.99376,0.99379,0.99368,0.99379,12
2012-03-15 06:43:00,0.99362,0.99373,0.99359,0.99373,13
2012-03-15 06:44:00,0.99348,0.99359,0.99348,0.99359,5
2012-03-15 06:45:00,0.99348,0.9935,0.99348,0.9935,2
2012-03-15 06:46:00,0.99328,0.9935,0.99328,0.9935,13
2012-03-15 06:47:00,0.99333,0.99333,0.99328,0.9933,6
2012-03-15 06:48:00,0.99348,0.9935,0.99336,0.99336,13
2012-03-15 06:49:00,0.99348,0.9935,0.99348,0.9935,2
2012-03-15 06:50:00,0.99348,0.9935,0.99345,0.99345,6
2012-03-15 06:51:00,0.99345,0.9935,0.99345,0.99345,5
2012-03-15 06:52:00,0.99336,0.99347,0.99328,0.99342,21
2012-03-15 06:53:00,0.9933,0.99334,0.99325,0.99334,10
2012-03-15 06:54:00,0.99347,0.99347,0.99333,0.99333,6
2012-03-15 06:55:00,0.99348,0.9935,0.99348,0.9935,2
2012-03-15 06:56:00,0.99347,0.99356,0.99342,0.9935,14
2012-03-15 06:57:00,0.99345,0.99347,0.99345,0.99345,3
2012-03-15 06:58:00,0.99328,0.9935,0.99328,0.99347,10
2012-03-15 06:59:00,0.99325,0.9933,0.99325,0.9933,3
2012-03-15 07:00:00,0.99359,0.99359,0.99328,0.99328,14
2012-03-15 07:01:00,0.99367,0.99367,0.99356,0.99356,5
2012-03-15 07:02:00,0.99376,0.99376,0.99365,0.99365,9
2012-03-15 07:03:00,0.99351,0.99376,0.99351,0.99373,29
2012-03-15 07:04:00,0.99328,0.99353,0.99328,0.99353,20
2012-03-15 07:05:00,0.99325,0.9933,0.99325,0.99325,5
2012-03-15 07:06:00,0.99319,0.99322,0.99319,0.99322,2
2012-03-15 07:07:00,0.99311,0.99325,0.99311,0.99322,7
2012-03-15 07:08:00,0.99308,0.99308,0.99308,0.99308,1
2012-03-15 07:09:00,0.9928,0.99305,0.9928,0.99305,10
2012-03-15 07:10:00,0.99308,0.99308,0.9928,0.99282,18
2012-03-15 07:11:00,0.99288,0.99311,0.99285,0.99311,11
2012-03-15 07:12:00,0.9928,0.99288,0.9928,0.99285,9
2012-03-15 07:13:00,0.99249,0.99277,0.99249,0.99277,17
2012-03-15 07:15:00,0.99274,0.99274,0.99243,0.99246,15
2012-03-15 07:16:00,0.9926,0.99271,0.9926,0.99271,5
2012-03-15 07:17:00,0.99242,0.99257,0.9924,0.99257,12
2012-03-15 07:18:00,0.99225,0.9924,0.99223,0.9924,8
2012-03-15 07:19:00,0.99223,0.99225,0.99217,0.99223,9
2012-03-15 07:20:00,0.9922,0.9922,0.99209,0.9922,9
2012-03-15 07:21:00,0.99254,0.99254,0.99223,0.99223,12
2012-03-15 07:22:00,0.99259,0.99259,0.99257,0.99257,2
2012-03-15 07:23:00,0.99266,0.99271,0.99262,0.99262,10
2012-03-15 07:24:00,0.99271,0.99271,0.9926,0.99268,24
2012-03-15 07:25:00,0.99254,0.99276,0.99249,0.99274,26
2012-03-15 07:26:00,0.99245,0.99265,0.9924,0.99257,27
2012-03-15 07:27:00,0.99249,0.99265,0.99248,0.99248,19
2012-03-15 07:28:00,0.99237,0.99251,0.99232,0.99251,20
2012-03-15 07:29:00,0.99257,0.99257,0.99232,0.9924,19
2012-03-15 07:30:00,0.99268,0.99268,0.99259,0.99259,14
2012-03-15 07:31:00,0.99282,0.99282,0.99271,0.99271,5
2012-03-15 07:32:00,0.99279,0.99285,0.99271,0.99285,13
2012-03-15 07:33:00,0.99279,0.99279,0.99277,0.99277,2
2012-03-15 07:34:00,0.99319,0.99322,0.99282,0.99282,18
2012-03-15 07:35:00,0.993,0.99317,0.993,0.99317,11
2012-03-15 07:36:00,0.99308,0.99311,0.99302,0.99302,5
2012-03-15 07:37:00,0.99305,0.99311,0.99302,0.99305,11
2012-03-15 07:38:00,0.99288,0.99302,0.99285,0.99302,14
2012-03-15 07:39:00,0.99302,0.99302,0.99283,0.99285,15
2012-03-15 07:40:00,0.99305,0.99305,0.99305,0.99305,1
2012-03-15 07:41:00,0.99302,0.99305,0.993,0.99302,7
2012-03-15 07:42:00,0.99297,0.99305,0.99297,0.99305,6
2012-03-15 07:43:00,0.99296,0.99296,0.99294,0.99294,2
2012-03-15 07:44:00,0.99294,0.99294,0.99294,0.99294,1
2012-03-15 07:45:00,0.99291,0.99296,0.99291,0.99296,3
2012-03-15 07:46:00,0.9928,0.99296,0.9928,0.99294,8
2012-03-15 07:47:00,0.99271,0.99282,0.99271,0.99282,5
2012-03-15 07:48:00,0.99279,0.99279,0.99274,0.99274,3
2012-03-15 07:49:00,0.99297,0.99299,0.99282,0.99282,12
2012-03-15 07:50:00,0.99274,0.99294,0.99271,0.99294,12
2012-03-15 07:51:00,0.99264,0.99271,0.9926,0.99271,9
2012-03-15 07:52:00,0.99276,0.99276,0.99266,0.99266,7
2012-03-15 07:53:00,0.99294,0.99294,0.99274,0.99274,11
2012-03-15 07:54:00,0.9929,0.99294,0.9929,0.99292,12
2012-03-15 07:55:00,0.99276,0.99288,0.9927,0.99288,23
2012-03-15 07:56:00,0.99262,0.99274,0.99258,0.99274,14
2012-03-15 07:57:00,0.9926,0.99268,0.9926,0.99264,13
2012-03-15 07:58:00,0.9926,0.9926,0.99258,0.99258,2
2012-03-15 07:59:00,0.99252,0.99258,0.99244,0.99258,17
2012-03-15 08:00:00,0.99298,0.99298,0.99254,0.99254,23
2012-03-15 08:01:00,0.9929,0.99298,0.9929,0.99296,16
2012-03-15 08:02:00,0.9927,0.99288,0.9927,0.99288,8
2012-03-15 08:03:00,0.9928,0.9928,0.9926,0.99268,13
2012-03-15 08:04:00,0.99298,0.99298,0.99282,0.99284,13
2012-03-15 08:05:00,0.99292,0.99296,0.9929,0.99296,5
2012-03-15 08:06:00,0.99288,0.9929,0.9928,0.9929,11
2012-03-15 08:07:00,0.99298,0.99298,0.9929,0.9929,4
2012-03-15 08:08:00,0.99302,0.99318,0.99292,0.99296,46
2012-03-15 08:09:00,0.99324,0.99324,0.99306,0.99306,9
2012-03-15 08:10:00,0.99324,0.99332,0.99314,0.99322,23
2012-03-15 08:11:00,0.99322,0.99328,0.99322,0.99326,11
2012-03-15 08:12:00,0.9933,0.99332,0.99324,0.99324,16
2012-03-15 08:13:00,0.99336,0.9934,0.99332,0.99332,10
2012-03-15 08:14:00,0.99334,0.99338,0.99326,0.99334,16
2012-03-15 08:15:00,0.9935,0.99354,0.99336,0.99336,10
2012-03-15 08:16:00,0.99338,0.99348,0.99334,0.99348,13
2012-03-15 08:17:00,0.9933,0.99336,0.99322,0.99336,13
2012-03-15 08:18:00,0.99296,0.99328,0.99296,0.99328,16
2012-03-15 08:19:00,0.9928,0.99298,0.9928,0.99298,9
2012-03-15 08:20:00,0.9928,0.99288,0.9928,0.99282,8
2012-03-15 08:21:00,0.99306,0.99306,0.99282,0.99282,29
2012-03-15 08:22:00,0.9928,0.99306,0.99276,0.99304,24
2012-03-15 08:23:00,0.9927,0.99286,0.9927,0.99284,13
2012-03-15 08:24:00,0.9926,0.99268,0.99256,0.99268,8
2012-03-15 08:25:00,0.99232,0.99262,0.99232,0.99262,18
2012-03-15 08:26:00,0.9924,0.9925,0.99234,0.99234,24
2012-03-15 08:27:00,0.99238,0.99242,0.99236,0.99242,5
2012-03-15 08:28:00,0.99238,0.99242,0.99238,0.9924,6
2012-03-15 08:29:00,0.99226,0.99236,0.99224,0.99236,9
2012-03-15 08:30:00,0.99222,0.9923,0.99222,0.99228,10
2012-03-15 08:31:00,0.9925,0.9925,0.99224,0.99224,14
2012-03-15 08:32:00,0.99268,0.99268,0.99248,0.99248,20
2012-03-15 08:33:00,0.99264,0.99268,0.99256,0.99266,28
2012-03-15 08:34:00,0.9926,0.99274,0.99258,0.99262,20
2012-03-15 08:35:00,0.99278,0.99278,0.99262,0.99262,12
2012-03-15 08:36:00,0.99276,0.9929,0.9927,0.9928,29
2012-03-15 08:37:00,0.99252,0.99274,0.9925,0.99274,22
2012-03-15 08:38:00,0.9924,0.99254,0.9924,0.9925,17
2012-03-15 08:39:00,0.99222,0.99238,0.99222,0.99238,8
2012-03-15 08:40:00,0.99198,0.99218,0.99196,0.99218,31
2012-03-15 08:41:00,0.99208,0.99208,0.9919,0.99196,20
2012-03-15 08:42:00,0.99208,0.9921,0.9919,0.99206,28
2012-03-15 08:43:00,0.992,0.99214,0.992,0.9921,24
2012-03-15 08:44:00,0.99208,0.99208,0.99188,0.99196,18
2012-03-15 08:45:00,0.9923,0.9923,0.9921,0.9921,13
2012-03-15 08:46:00,0.9923,0.9923,0.99222,0.99228,24
2012-03-15 08:47:00,0.99252,0.99254,0.99232,0.99232,11
2012-03-15 08:48:00,0.99244,0.99258,0.99244,0.9925,26
2012-03-15 08:49:00,0.9923,0.9924,0.99216,0.9924,23
2012-03-15 08:50:00,0.9922,0.9924,0.99216,0.99232,18
2012-03-15 08:51:00,0.99234,0.99234,0.99206,0.99218,22
2012-03-15 08:52:00,0.99212,0.9924,0.99212,0.99236,18
2012-03-15 08:53:00,0.99212,0.99228,0.99204,0.9921,32
2012-03-15 08:54:00,0.99208,0.9921,0.99196,0.9921,15
2012-03-15 08:55:00,0.99228,0.99242,0.9921,0.9921,26
2012-03-15 08:56:00,0.99222,0.99234,0.99216,0.9923,35
2012-03-15 08:57:00,0.9923,0.99232,0.99222,0.99224,28
2012-03-15 08:58:00,0.9921,0.99234,0.9921,0.99232,19
2012-03-15 08:59:00,0.99232,0.99232,0.99202,0.99206,20
2012-03-15 09:00:00,0.99232,0.9924,0.99228,0.99234,17
2012-03-15 09:01:00,0.99194,0.99228,0.99192,0.99228,35
2012-03-15 09:02:00,0.99198,0.99206,0.9919,0.99196,30
2012-03-15 09:03:00,0.99208,0.9921,0.992,0.992,24
2012-03-15 09:04:00,0.992,0.99206,0.99194,0.99206,13
2012-03-15 09:05:00,0.9923,0.99232,0.99202,0.99202,20
2012-03-15 09:06:00,0.9924,0.99242,0.99228,0.99228,12
2012-03-15 09:07:00,0.9925,0.99264,0.99242,0.99242,24
2012-03-15 09:08:00,0.9926,0.99264,0.99252,0.99252,10
2012-03-15 09:09:00,0.9926,0.99264,0.99252,0.99262,20
2012-03-15 09:10:00,0.9925,0.99258,0.99248,0.99258,22
2012-03-15 09:11:00,0.99268,0.99268,0.9925,0.99252,16
2012-03-15 09:12:00,0.99268,0.99268,0.99264,0.99266,8
2012-03-15 09:13:00,0.9925,0.99266,0.99248,0.99266,20
2012-03-15 09:14:00,0.99258,0.99262,0.99252,0.99252,16
2012-03-15 09:16:00,0.99258,0.99258,0.99252,0.99256,8
2012-03-15 09:17:00,0.99228,0.99256,0.99228,0.99256,19
2012-03-15 09:18:00,0.9923,0.99236,0.9923,0.9923,11
2012-03-15 09:19:00,0.9924,0.9924,0.99228,0.99228,6
2012-03-15 09:20:00,0.9926,0.99268,0.99242,0.99242,16
2012-03-15 09:21:00,0.99256,0.9926,0.99252,0.99258,7
2012-03-15 09:22:00,0.9925,0.99254,0.9925,0.99254,9
2012-03-15 09:23:00,0.9925,0.9925,0.99244,0.99248,10
2012-03-15 09:24:00,0.9925,0.9925,0.99244,0.99248,6
2012-03-15 09:25:00,0.99232,0.99248,0.99232,0.99248,8
2012-03-15 09:26:00,0.99246,0.99252,0.99222,0.99228,20
2012-03-15 09:27:00,0.99246,0.9925,0.99238,0.99248,11
2012-03-15 09:28:00,0.99248,0.9925,0.99232,0.99244,16
2012-03-15 09:29:00,0.9924,0.9925,0.99238,0.9925,7
2012-03-15 09:30:00,0.99222,0.9924,0.99222,0.99238,16
2012-03-15 09:32:00,0.99214,0.99218,0.99214,0.99218,9
2012-03-15 09:33:00,0.9921,0.99212,0.9921,0.99212,2
2012-03-15 09:34:00,0.99204,0.9921,0.99204,0.99206,14
2012-03-15 09:35:00,0.99202,0.9921,0.99202,0.99206,15
2012-03-15 09:36:00,0.99184,0.992,0.99178,0.992,13
2012-03-15 09:37:00,0.99182,0.99182,0.99182,0.99182,1
2012-03-15 09:38:00,0.9918,0.99186,0.9918,0.9918,9
2012-03-15 09:39:00,0.99172,0.99178,0.99172,0.99178,7
2012-03-15 09:40:00,0.99172,0.99174,0.99166,0.9917,8
2012-03-15 09:41:00,0.99184,0.99184,0.99166,0.9917,11
2012-03-15 09:42:00,0.992,0.992,0.99174,0.99182,23
2012-03-15 09:43:00,0.992,0.99202,0.99196,0.99198,8
2012-03-15 09:44:00,0.99208,0.9921,0.99198,0.99198,15
2012-03-15 09:45:00,0.99216,0.99218,0.99202,0.9921,13
2012-03-15 09:46:00,0.9922,0.9922,0.99214,0.99214,6
2012-03-15 09:47:00,0.9924,0.9924,0.99222,0.99222,14
2012-03-15 09:48:00,0.99222,0.99238,0.99222,0.99238,8
2012-03-15 09:49:00,0.9922,0.99224,0.99214,0.99218,14
2012-03-15 09:50:00,0.99236,0.99236,0.99222,0.99222,25
2012-03-15 09:51:00,0.9924,0.99244,0.99238,0.9924,17
2012-03-15 09:52:00,0.99248,0.9925,0.99242,0.99242,7
2012-03-15 09:53:00,0.9925,0.9925,0.9925,0.9925,1
2012-03-15 09:54:00,0.99266,0.99268,0.99252,0.99252,9
2012-03-15 09:55:00,0.9927,0.99276,0.99266,0.99268,15
2012-03-15 09:56:00,0.9927,0.9927,0.99266,0.99268,4
2012-03-15 09:57:00,0.9927,0.9927,0.99268,0.99268,6
2012-03-15 09:58:00,0.99274,0.99278,0.99266,0.99268,10
2012-03-15 09:59:00,0.99282,0.99286,0.9927,0.99276,13
2012-03-15 10:00:00,0.99266,0.9928,0.99266,0.9928,7
2012-03-15 10:01:00,0.99252,0.99262,0.99248,0.99262,15
2012-03-15 10:02:00,0.9926,0.99262,0.9925,0.9925,13
2012-03-15 10:03:00,0.99298,0.99298,0.99262,0.99262,16
2012-03-15 10:04:00,0.99296,0.99312,0.99292,0.99296,35
2012-03-15 10:05:00,0.993,0.99302,0.9929,0.99294,10
2012-03-15 10:06:00,0.99308,0.99314,0.99302,0.99302,9
2012-03-15 10:07:00,0.99308,0.9931,0.99306,0.9931,4
2012-03-15 10:08:00,0.99304,0.99308,0.99304,0.99306,4
2012-03-15 10:09:00,0.9932,0.9932,0.99302,0.99302,11
2012-03-15 10:10:00,0.99348,0.99358,0.99322,0.99322,23
2012-03-15 10:11:00,0.99344,0.99346,0.99332,0.99346,17
2012-03-15 10:12:00,0.99346,0.99354,0.99338,0.99342,14
2012-03-15 10:13:00,0.99348,0.99348,0.99344,0.99344,3
2012-03-15 10:15:00,0.99346,0.9935,0.99346,0.9935,5
2012-03-15 10:16:00,0.99358,0.99358,0.99348,0.99348,6
2012-03-15 10:17:00,0.99358,0.99372,0.99358,0.99362,13
2012-03-15 10:18:00,0.99356,0.99358,0.9934,0.99356,18
2012-03-15 10:19:00,0.9937,0.99384,0.99358,0.99358,21
2012-03-15 10:20:00,0.99366,0.9937,0.99366,0.99368,10
2012-03-15 10:21:00,0.99356,0.9937,0.99356,0.99368,8
2012-03-15 10:22:00,0.9935,0.99354,0.9935,0.99352,8
2012-03-15 10:23:00,0.99362,0.99362,0.9935,0.99352,21
2012-03-15 10:24:00,0.9938,0.99386,0.99364,0.99364,19
2012-03-15 10:25:00,0.9937,0.99378,0.9937,0.99378,4
2012-03-15 10:26:00,0.9937,0.9937,0.99366,0.99368,4
2012-03-15 10:27:00,0.9938,0.9938,0.99368,0.99368,9
2012-03-15 10:28:00,0.99382,0.99406,0.9938,0.99384,26
2012-03-15 10:29:00,0.9938,0.99386,0.9938,0.99384,7
2012-03-15 10:30:00,0.9935,0.99378,0.99348,0.99378,20
2012-03-15 10:31:00,0.99316,0.99348,0.99316,0.99348,18
2012-03-15 10:32:00,0.99308,0.99314,0.993,0.99314,11
2012-03-15 10:33:00,0.9933,0.9933,0.9931,0.9931,19
2012-03-15 10:34:00,0.99324,0.99334,0.99312,0.99332,25
2012-03-15 10:35:00,0.99324,0.99328,0.99322,0.99322,18
2012-03-15 10:36:00,0.9932,0.99322,0.9931,0.99322,17
2012-03-15 10:37:00,0.9932,0.99324,0.9932,0.99322,4
2012-03-15 10:38:00,0.99312,0.9932,0.9931,0.99318,22
2012-03-15 10:39:00,0.99314,0.99318,0.99312,0.99314,7
2012-03-15 10:40:00,0.99306,0.9932,0.99302,0.99316,21
2012-03-15 10:41:00,0.99308,0.99308,0.99294,0.99308,19
2012-03-15 10:42:00,0.993,0.99314,0.993,0.9931,10
2012-03-15 10:43:00,0.99318,0.99322,0.99302,0.99302,16
2012-03-15 10:44:00,0.99318,0.99334,0.99316,0.9932,20
2012-03-15 10:45:00,0.99322,0.99328,0.9931,0.99316,19
2012-03-15 10:46:00,0.99334,0.99334,0.99324,0.99324,8
2012-03-15 10:47:00,0.99356,0.99358,0.99336,0.99336,13
2012-03-15 10:48:00,0.99342,0.99354,0.9934,0.99354,8
2012-03-15 10:49:00,0.99334,0.9935,0.99332,0.99344,20
2012-03-15 10:50:00,0.9932,0.99336,0.99318,0.99336,21
2012-03-15 10:51:00,0.99336,0.99336,0.9932,0.99322,27
2012-03-15 10:52:00,0.9933,0.9934,0.99326,0.9934,9
2012-03-15 10:53:00,0.99332,0.99334,0.99328,0.99328,9
2012-03-15 10:54:00,0.9934,0.9934,0.99328,0.9933,7
2012-03-15 10:55:00,0.99338,0.99342,0.99334,0.99342,13
2012-03-15 10:56:00,0.99344,0.99344,0.99332,0.99336,15
2012-03-15 10:57:00,0.99336,0.99342,0.99336,0.99342,6
2012-03-15 10:58:00,0.99332,0.99336,0.99332,0.99334,6
2012-03-15 10:59:00,0.99352,0.99352,0.99332,0.99334,21
2012-03-15 11:00:00,0.9934,0.9935,0.99332,0.9935,21
2012-03-15 11:01:00,0.99358,0.99358,0.9934,0.99342,14
2012-03-15 11:02:00,0.9935,0.99356,0.99344,0.99356,14
2012-03-15 11:03:00,0.99332,0.99348,0.99332,0.99348,14
2012-03-15 11:04:00,0.99332,0.99332,0.99324,0.99328,11
2012-03-15 11:05:00,0.99344,0.99344,0.99322,0.9933,23
2012-03-15 11:06:00,0.9934,0.99352,0.9934,0.99346,16
2012-03-15 11:07:00,0.99358,0.99358,0.99342,0.99342,8
2012-03-15 11:08:00,0.99358,0.99358,0.99354,0.99356,4
2012-03-15 11:09:00,0.9936,0.99364,0.99356,0.99356,12
2012-03-15 11:10:00,0.9937,0.9938,0.9936,0.99362,26
2012-03-15 11:11:00,0.99378,0.9938,0.99362,0.99368,12
2012-03-15 11:12:00,0.9937,0.99378,0.9937,0.99376,18
2012-03-15 11:13:00,0.9938,0.99388,0.99368,0.99372,37
2012-03-15 11:14:00,0.99402,0.99402,0.9937,0.99378,43
2012-03-15 11:15:00,0.994,0.99402,0.99396,0.994,19
2012-03-15 11:16:00,0.99402,0.99402,0.99382,0.99398,23
2012-03-15 11:17:00,0.99422,0.99428,0.99406,0.99406,45
2012-03-15 11:18:00,0.99416,0.99428,0.99414,0.99424,22
2012-03-15 11:19:00,0.9942,0.99422,0.9941,0.99418,14
2012-03-15 11:20:00,0.9943,0.9943,0.99416,0.99418,16
2012-03-15 11:21:00,0.99418,0.99428,0.99416,0.99428,23
2012-03-15 11:22:00,0.99414,0.99424,0.99414,0.9942,14
2012-03-15 11:23:00,0.9941,0.99422,0.99406,0.99416,32
2012-03-15 11:24:00,0.99358,0.9941,0.9935,0.99408,45
2012-03-15 11:25:00,0.9935,0.99368,0.9935,0.99362,12
2012-03-15 11:26:00,0.99352,0.99354,0.99348,0.99348,9
2012-03-15 11:27:00,0.9934,0.99352,0.9934,0.9935,7
2012-03-15 11:28:00,0.99316,0.99346,0.99312,0.99342,32
2012-03-15 11:29:00,0.99282,0.9932,0.99282,0.99318,34
2012-03-15 11:30:00,0.99278,0.99284,0.99272,0.9928,19
2012-03-15 11:31:00,0.99278,0.9928,0.99272,0.9928,12
2012-03-15 11:32:00,0.99272,0.99302,0.99272,0.9928,31
2012-03-15 11:33:00,0.99298,0.99298,0.99274,0.99274,11
2012-03-15 11:34:00,0.99296,0.99298,0.9928,0.99296,19
2012-03-15 11:35:00,0.99266,0.99298,0.9926,0.99298,32
2012-03-15 11:36:00,0.99252,0.99268,0.9925,0.99268,14
2012-03-15 11:37:00,0.99246,0.99254,0.99228,0.99254,28
2012-03-15 11:38:00,0.99238,0.99258,0.99238,0.9925,16
2012-03-15 11:39:00,0.99244,0.99246,0.99236,0.9924,21
2012-03-15 11:40:00,0.99266,0.99266,0.99244,0.99246,23
2012-03-15 11:41:00,0.99264,0.99266,0.99256,0.99264,19
2012-03-15 11:42:00,0.9926,0.99268,0.9926,0.99262,10
2012-03-15 11:43:00,0.99266,0.99266,0.99262,0.99262,3
2012-03-15 11:44:00,0.99268,0.99268,0.99268,0.99268,1
2012-03-15 11:45:00,0.99268,0.9928,0.99264,0.99266,17
2012-03-15 11:46:00,0.9926,0.9927,0.9926,0.9927,5
2012-03-15 11:47:00,0.9926,0.9926,0.99256,0.99258,4
2012-03-15 11:48:00,0.99262,0.99272,0.99262,0.99262,25
2012-03-15 11:49:00,0.9926,0.99278,0.9926,0.99264,23
2012-03-15 11:50:00,0.99256,0.9926,0.99256,0.99258,6
2012-03-15 11:51:00,0.99228,0.99252,0.99222,0.99252,23
2012-03-15 11:52:00,0.9923,0.99232,0.9923,0.9923,3
2012-03-15 11:53:00,0.9922,0.99228,0.99212,0.99228,14
2012-03-15 11:54:00,0.99246,0.99252,0.99216,0.99218,28
2012-03-15 11:55:00,0.9925,0.99254,0.99238,0.99244,26
2012-03-15 11:56:00,0.9925,0.99256,0.9925,0.99252,8
2012-03-15 11:57:00,0.9924,0.99248,0.99234,0.99248,20
2012-03-15 11:58:00,0.9923,0.99244,0.99228,0.99242,30
2012-03-15 11:59:00,0.99238,0.99252,0.99232,0.99232,23
2012-03-15 12:00:00,0.99222,0.9925,0.99222,0.9924,27
2012-03-15 12:01:00,0.99246,0.99246,0.99214,0.99218,45
2012-03-15 12:02:00,0.99258,0.99258,0.99248,0.9925,19
2012-03-15 12:03:00,0.99228,0.99262,0.99228,0.99256,23
2012-03-15 12:04:00,0.9923,0.99232,0.99222,0.9923,25
2012-03-15 12:05:00,0.99242,0.99242,0.99232,0.99232,5
2012-03-15 12:06:00,0.9926,0.99262,0.9924,0.99244,17
2012-03-15 12:07:00,0.99248,0.99258,0.99248,0.99258,11
2012-03-15 12:08:00,0.9924,0.99246,0.99226,0.99246,23
2012-03-15 12:09:00,0.9927,0.99272,0.9924,0.99242,26
2012-03-15 12:10:00,0.9927,0.99272,0.99256,0.99268,16
2012-03-15 12:11:00,0.99278,0.99278,0.99258,0.99268,24
2012-03-15 12:12:00,0.99268,0.9928,0.99262,0.9928,14
2012-03-15 12:13:00,0.9926,0.99268,0.99258,0.99266,14
2012-03-15 12:14:00,0.9927,0.99272,0.99256,0.99258,18
2012-03-15 12:15:00,0.99278,0.99278,0.9926,0.99268,14
2012-03-15 12:16:00,0.99268,0.99276,0.99262,0.99276,14
2012-03-15 12:17:00,0.99296,0.99296,0.99272,0.99272,19
2012-03-15 12:18:00,0.99298,0.99298,0.9929,0.99298,9
2012-03-15 12:19:00,0.9929,0.99306,0.99278,0.993,25
2012-03-15 12:20:00,0.9928,0.99298,0.99278,0.99294,25
2012-03-15 12:21:00,0.99298,0.99298,0.99282,0.99282,18
2012-03-15 12:22:00,0.99278,0.99296,0.99272,0.99296,34
2012-03-15 12:23:00,0.99274,0.99276,0.9927,0.99276,6
2012-03-15 12:24:00,0.9927,0.99284,0.9927,0.99276,28
2012-03-15 12:25:00,0.99288,0.99288,0.99272,0.99272,10
2012-03-15 12:26:00,0.99288,0.9929,0.99286,0.99286,4
2012-03-15 12:27:00,0.99278,0.99288,0.9927,0.99286,32
2012-03-15 12:28:00,0.99272,0.99276,0.99272,0.99276,7
2012-03-15 12:29:00,0.99246,0.9927,0.99242,0.9927,26
2012-03-15 12:30:00,0.99258,0.99264,0.99234,0.99244,59
2012-03-15 12:31:00,0.9923,0.99256,0.99216,0.99256,40
2012-03-15 12:32:00,0.99182,0.99254,0.9918,0.99232,60
2012-03-15 12:33:00,0.99178,0.99192,0.99162,0.99184,61
2012-03-15 12:34:00,0.9915,0.99188,0.99146,0.99176,52
2012-03-15 12:35:00,0.99168,0.99172,0.99148,0.99148,60
2012-03-15 12:36:00,0.99198,0.99202,0.9917,0.99172,56
2012-03-15 12:37:00,0.99198,0.9921,0.9917,0.99196,56
2012-03-15 12:38:00,0.99192,0.99196,0.9919,0.99196,5
2012-03-15 12:39:00,0.99178,0.9919,0.99166,0.9919,23
2012-03-15 12:40:00,0.99176,0.9918,0.99172,0.9918,19
2012-03-15 12:41:00,0.99188,0.9919,0.9917,0.99178,21
2012-03-15 12:42:00,0.99188,0.99198,0.99182,0.9919,16
2012-03-15 12:43:00,0.9916,0.99186,0.99156,0.99186,40
2012-03-15 12:44:00,0.99198,0.99198,0.99148,0.99158,58
2012-03-15 12:45:00,0.99178,0.99202,0.99178,0.992,45
2012-03-15 12:46:00,0.99184,0.99192,0.9918,0.9918,49
2012-03-15 12:47:00,0.99174,0.99182,0.99166,0.99182,28
2012-03-15 12:48:00,0.99174,0.99188,0.99166,0.99172,42
2012-03-15 12:49:00,0.99178,0.99184,0.9917,0.99172,22
2012-03-15 12:50:00,0.99156,0.9918,0.99156,0.9918,14
2012-03-15 12:51:00,0.99176,0.99176,0.99158,0.99158,9
2012-03-15 12:52:00,0.99184,0.99184,0.9917,0.99174,13
2012-03-15 12:53:00,0.99178,0.9919,0.99178,0.99186,11
2012-03-15 12:54:00,0.99188,0.99188,0.99178,0.9918,17
2012-03-15 12:55:00,0.99174,0.99186,0.99172,0.99186,10
2012-03-15 12:56:00,0.99158,0.99172,0.99158,0.99172,9
2012-03-15 12:57:00,0.9918,0.9918,0.99156,0.9916,20
2012-03-15 12:58:00,0.99192,0.99202,0.99184,0.99184,24
2012-03-15 12:59:00,0.99195,0.992,0.99182,0.99194,25
2012-03-15 13:00:00,0.9922,0.9922,0.99198,0.99199,23
2012-03-15 13:01:00,0.9924,0.99244,0.99222,0.99222,20
2012-03-15 13:02:00,0.99254,0.99254,0.99234,0.99238,13
2012-03-15 13:03:00,0.99262,0.99262,0.9925,0.99258,19
2012-03-15 13:04:00,0.99274,0.99274,0.99254,0.9926,16
2012-03-15 13:05:00,0.9926,0.99282,0.99258,0.99272,25
2012-03-15 13:06:00,0.99266,0.99268,0.99258,0.99262,14
2012-03-15 13:07:00,0.99268,0.99268,0.99258,0.99264,25
2012-03-15 13:08:00,0.99262,0.99274,0.9926,0.99272,10
2012-03-15 13:09:00,0.99258,0.99268,0.9925,0.9926,20
2012-03-15 13:10:00,0.99272,0.99274,0.99254,0.99254,13
2012-03-15 13:11:00,0.9927,0.99272,0.99266,0.9927,7
2012-03-15 13:12:00,0.99266,0.99272,0.99266,0.99272,7
2012-03-15 13:13:00,0.99274,0.99274,0.9926,0.99268,13
2012-03-15 13:14:00,0.99258,0.99278,0.99258,0.99278,30
2012-03-15 13:15:00,0.99246,0.99262,0.99246,0.9926,10
2012-03-15 13:16:00,0.99248,0.99254,0.99244,0.99244,15
2012-03-15 13:17:00,0.99244,0.99248,0.99244,0.99246,12
2012-03-15 13:18:00,0.99262,0.99262,0.99246,0.99246,11
2012-03-15 13:19:00,0.99268,0.99268,0.99254,0.9926,14
2012-03-15 13:20:00,0.9926,0.99266,0.9926,0.99266,3
2012-03-15 13:21:00,0.99268,0.99272,0.99254,0.99258,13
2012-03-15 13:22:00,0.99284,0.99296,0.99272,0.99272,19
2012-03-15 13:23:00,0.99296,0.99302,0.99286,0.99286,19
2012-03-15 13:24:00,0.99296,0.993,0.99288,0.99294,14
2012-03-15 13:25:00,0.993,0.99302,0.993,0.993,5
2012-03-15 13:26:00,0.9932,0.99332,0.99298,0.99298,23
2012-03-15 13:27:00,0.99362,0.99362,0.99322,0.99322,29
2012-03-15 13:28:00,0.99362,0.99388,0.99356,0.99366,32
2012-03-15 13:29:00,0.9939,0.99394,0.99366,0.99366,22
2012-03-15 13:30:00,0.9939,0.99402,0.99388,0.99394,20
2012-03-15 13:31:00,0.99396,0.99402,0.99392,0.99394,14
2012-03-15 13:32:00,0.99414,0.99416,0.99396,0.994,18
2012-03-15 13:33:00,0.9944,0.99444,0.99416,0.99416,33
2012-03-15 13:34:00,0.99436,0.99444,0.9943,0.99442,31
2012-03-15 13:35:00,0.99418,0.99436,0.99402,0.99434,30
2012-03-15 13:36:00,0.99426,0.99442,0.99416,0.99416,18
2012-03-15 13:37:00,0.99428,0.9943,0.99416,0.99422,17
2012-03-15 13:38:00,0.99434,0.99434,0.99416,0.99426,16
2012-03-15 13:39:00,0.99456,0.99464,0.99426,0.9943,24
2012-03-15 13:40:00,0.99468,0.99478,0.99456,0.99458,46
2012-03-15 13:41:00,0.99468,0.99484,0.99468,0.9947,18
2012-03-15 13:42:00,0.99448,0.99478,0.99448,0.9947,31
2012-03-15 13:43:00,0.99448,0.9945,0.99428,0.99444,24
2012-03-15 13:44:00,0.99458,0.99458,0.99444,0.99444,20
2012-03-15 13:45:00,0.99456,0.99458,0.99448,0.99456,9
2012-03-15 13:46:00,0.99476,0.99476,0.99444,0.99458,27
2012-03-15 13:47:00,0.99446,0.99482,0.9943,0.99478,50
2012-03-15 13:48:00,0.99446,0.99448,0.994,0.99444,62
2012-03-15 13:49:00,0.99446,0.99448,0.99432,0.99444,30
2012-03-15 13:50:00,0.9941,0.99444,0.99382,0.99444,65
2012-03-15 13:51:00,0.994,0.99428,0.99396,0.99414,28
2012-03-15 13:52:00,0.9939,0.99408,0.99388,0.99402,27
2012-03-15 13:53:00,0.99396,0.99402,0.99388,0.99388,18
2012-03-15 13:54:00,0.99366,0.99394,0.99366,0.99394,15
2012-03-15 13:55:00,0.9936,0.99362,0.99348,0.99362,22
2012-03-15 13:56:00,0.99348,0.99356,0.99346,0.99356,12
2012-03-15 13:57:00,0.99332,0.99348,0.99332,0.99346,14
2012-03-15 13:58:00,0.99328,0.99328,0.99328,0.99328,1
2012-03-15 13:59:00,0.99339,0.99339,0.99326,0.99326,12
2012-03-15 14:00:00,0.9933,0.9935,0.99318,0.99335,50
2012-03-15 14:01:00,0.99358,0.99366,0.99308,0.99328,52
2012-03-15 14:02:00,0.9937,0.9937,0.99344,0.99356,42
2012-03-15 14:03:00,0.99338,0.99372,0.99338,0.99372,43
2012-03-15 14:04:00,0.99348,0.9937,0.9934,0.9934,39
2012-03-15 14:05:00,0.9933,0.99374,0.99328,0.9935,56
2012-03-15 14:06:00,0.99312,0.99338,0.99312,0.99332,18
2012-03-15 14:07:00,0.99348,0.99356,0.99316,0.99316,40
2012-03-15 14:08:00,0.9935,0.9936,0.99338,0.9935,27
2012-03-15 14:09:00,0.99344,0.9937,0.99344,0.99352,26
2012-03-15 14:10:00,0.99312,0.99352,0.99312,0.99346,53
2012-03-15 14:11:00,0.9937,0.99386,0.99316,0.99316,42
2012-03-15 14:12:00,0.9937,0.99374,0.99364,0.99372,32
2012-03-15 14:13:00,0.9936,0.9937,0.99356,0.99366,15
2012-03-15 14:14:00,0.99362,0.9937,0.99342,0.99358,52
2012-03-15 14:15:00,0.9931,0.99358,0.9931,0.99358,34
2012-03-15 14:16:00,0.99318,0.9933,0.9931,0.99312,25
2012-03-15 14:17:00,0.99274,0.99324,0.99274,0.99316,28
2012-03-15 14:18:00,0.99268,0.99276,0.99256,0.9927,36
2012-03-15 14:19:00,0.9925,0.99278,0.99244,0.99264,32
2012-03-15 14:20:00,0.9927,0.99272,0.99248,0.99248,21
2012-03-15 14:21:00,0.99278,0.99278,0.99268,0.99268,17
2012-03-15 14:22:00,0.99306,0.99306,0.9927,0.99276,36
2012-03-15 14:23:00,0.9931,0.99318,0.99298,0.99304,35
2012-03-15 14:24:00,0.9935,0.9935,0.99308,0.99312,28
2012-03-15 14:25:00,0.9935,0.99352,0.99324,0.99348,34
2012-03-15 14:26:00,0.99328,0.99348,0.99328,0.99348,20
2012-03-15 14:27:00,0.9935,0.99352,0.9933,0.9933,26
2012-03-15 14:28:00,0.9935,0.99358,0.99338,0.99352,24
2012-03-15 14:29:00,0.99344,0.9935,0.99336,0.99348,16
2012-03-15 14:30:00,0.99338,0.99342,0.9933,0.99342,18
2012-03-15 14:31:00,0.99322,0.99336,0.99318,0.99336,10
2012-03-15 14:32:00,0.99298,0.99318,0.99294,0.99318,22
2012-03-15 14:33:00,0.99296,0.9931,0.99296,0.99302,17
2012-03-15 14:34:00,0.99294,0.99298,0.99294,0.99298,3
2012-03-15 14:35:00,0.99288,0.9929,0.99268,0.9929,18
2012-03-15 14:36:00,0.99298,0.99302,0.99288,0.9929,18
2012-03-15 14:37:00,0.99298,0.99312,0.99296,0.99302,12
2012-03-15 14:38:00,0.99272,0.99298,0.99266,0.99296,27
2012-03-15 14:39:00,0.99274,0.9928,0.9927,0.9927,11
2012-03-15 14:40:00,0.99282,0.99282,0.99274,0.99278,11
2012-03-15 14:41:00,0.99244,0.9928,0.99244,0.9928,20
2012-03-15 14:42:00,0.9923,0.99246,0.9922,0.99246,29
2012-03-15 14:43:00,0.99228,0.99232,0.99218,0.99232,14
2012-03-15 14:44:00,0.99248,0.99248,0.99226,0.99226,13
2012-03-15 14:45:00,0.9922,0.99246,0.9922,0.99246,23
2012-03-15 14:46:00,0.99218,0.99232,0.99216,0.99224,23
2012-03-15 14:47:00,0.99218,0.99224,0.99216,0.9922,6
2012-03-15 14:48:00,0.9924,0.9924,0.9922,0.9922,8
2012-03-15 14:49:00,0.9924,0.99248,0.99232,0.99238,16
2012-03-15 14:50:00,0.99252,0.99252,0.9923,0.99238,16
2012-03-15 14:51:00,0.9926,0.99262,0.99246,0.9925,19
2012-03-15 14:52:00,0.9928,0.9928,0.99262,0.99262,9
2012-03-15 14:53:00,0.9926,0.9928,0.9926,0.99278,15
2012-03-15 14:54:00,0.99248,0.99258,0.99246,0.99258,14
2012-03-15 14:55:00,0.99244,0.99246,0.99238,0.99246,6
2012-03-15 14:56:00,0.99274,0.9928,0.99246,0.99246,19
2012-03-15 14:57:00,0.99298,0.99302,0.99278,0.99278,20
2012-03-15 14:58:00,0.9932,0.9932,0.993,0.993,12
2012-03-15 14:59:00,0.9932,0.99332,0.99318,0.99322,18
2012-03-15 15:00:00,0.99336,0.99336,0.99318,0.99322,26
2012-03-15 15:01:00,0.9932,0.99342,0.99318,0.9934,18
2012-03-15 15:02:00,0.9932,0.99322,0.99308,0.99322,16
2012-03-15 15:03:00,0.99322,0.99322,0.99308,0.99318,13
2012-03-15 15:04:00,0.99354,0.99354,0.9932,0.9932,17
2012-03-15 15:05:00,0.99346,0.99366,0.99346,0.99356,13
2012-03-15 15:06:00,0.99348,0.99348,0.99334,0.99348,19
2012-03-15 15:07:00,0.99346,0.99348,0.99338,0.99346,21
2012-03-15 15:08:00,0.99328,0.99342,0.99328,0.99342,16
2012-03-15 15:09:00,0.9934,0.9934,0.9932,0.99326,14
2012-03-15 15:10:00,0.9934,0.9934,0.99334,0.99338,8
2012-03-15 15:11:00,0.99336,0.99342,0.99334,0.99342,9
2012-03-15 15:12:00,0.9932,0.9934,0.9932,0.99334,14
2012-03-15 15:13:00,0.99332,0.99334,0.9932,0.99322,16
2012-03-15 15:14:00,0.9935,0.9935,0.99332,0.99334,13
2012-03-15 15:15:00,0.9935,0.99354,0.99346,0.99354,16
2012-03-15 15:16:00,0.99342,0.99348,0.9934,0.99348,9
2012-03-15 15:17:00,0.99338,0.99346,0.99334,0.99346,8
2012-03-15 15:18:00,0.9935,0.99354,0.9934,0.9934,19
2012-03-15 15:19:00,0.99348,0.9935,0.99346,0.99348,5
2012-03-15 15:20:00,0.9932,0.99346,0.9932,0.99346,16
2012-03-15 15:21:00,0.99322,0.99322,0.99312,0.99318,13
2012-03-15 15:22:00,0.99342,0.99346,0.99326,0.99326,9
2012-03-15 15:23:00,0.9934,0.99348,0.9934,0.99346,7
2012-03-15 15:24:00,0.99338,0.99342,0.99334,0.99338,7
2012-03-15 15:25:00,0.9935,0.9935,0.99326,0.9934,19
2012-03-15 15:26:00,0.99376,0.9938,0.99354,0.99354,31
2012-03-15 15:27:00,0.99396,0.99396,0.99368,0.9938,34
2012-03-15 15:28:00,0.99428,0.99434,0.99392,0.99394,39
2012-03-15 15:29:00,0.9944,0.99458,0.99426,0.9943,52
2012-03-15 15:30:00,0.99416,0.99436,0.99408,0.99436,38
2012-03-15 15:31:00,0.99418,0.99418,0.9941,0.99418,15
2012-03-15 15:32:00,0.99418,0.99422,0.99414,0.99416,16
2012-03-15 15:33:00,0.99372,0.99418,0.99372,0.99416,29
2012-03-15 15:34:00,0.9936,0.99368,0.9936,0.99368,26
2012-03-15 15:35:00,0.9938,0.9938,0.99362,0.99362,29
2012-03-15 15:36:00,0.99396,0.99396,0.99368,0.99376,30
2012-03-15 15:37:00,0.99402,0.99408,0.99386,0.99394,42
2012-03-15 15:38:00,0.99456,0.99458,0.99404,0.99404,41
2012-03-15 15:39:00,0.99459,0.99473,0.99457,0.99458,39
2012-03-15 15:40:00,0.99465,0.99465,0.99445,0.99457,28
2012-03-15 15:41:00,0.99473,0.99473,0.99457,0.99462,25
2012-03-15 15:42:00,0.99456,0.99471,0.99451,0.99471,30
2012-03-15 15:43:00,0.99443,0.99456,0.9944,0.99454,33
2012-03-15 15:44:00,0.99431,0.99448,0.99431,0.99445,14
2012-03-15 15:45:00,0.99405,0.99434,0.99403,0.99434,23
2012-03-15 15:46:00,0.99417,0.99417,0.99403,0.99403,30
2012-03-15 15:47:00,0.99419,0.99422,0.99417,0.99419,5
2012-03-15 15:48:00,0.99422,0.99422,0.99417,0.99422,7
2012-03-15 15:49:00,0.99417,0.99428,0.99417,0.9942,18
2012-03-15 15:50:00,0.99407,0.99415,0.99407,0.99415,8
2012-03-15 15:51:00,0.99399,0.9941,0.99399,0.9941,7
2012-03-15 15:52:00,0.99415,0.99415,0.99399,0.99401,14
2012-03-15 15:53:00,0.9939,0.99415,0.9939,0.99413,19
2012-03-15 15:54:00,0.99399,0.99404,0.99382,0.99393,21
2012-03-15 15:55:00,0.99401,0.99404,0.99393,0.99401,17
2012-03-15 15:56:00,0.99399,0.99412,0.99399,0.99404,17
2012-03-15 15:57:00,0.99367,0.99401,0.99359,0.99396,29
2012-03-15 15:58:00,0.99342,0.99373,0.99328,0.9937,45
2012-03-15 15:59:00,0.99282,0.99339,0.99277,0.99339,75
2012-03-15 16:00:00,0.99282,0.99293,0.99271,0.99279,52
2012-03-15 16:01:00,0.99291,0.99293,0.99279,0.99279,13
2012-03-15 16:02:00,0.99258,0.99313,0.99258,0.99293,39
2012-03-15 16:03:00,0.99256,0.99262,0.99238,0.99255,56
2012-03-15 16:04:00,0.99257,0.99265,0.99251,0.99259,22
2012-03-15 16:05:00,0.9922,0.99256,0.9922,0.99254,15
2012-03-15 16:06:00,0.99236,0.99236,0.99217,0.99217,12
2012-03-15 16:07:00,0.99236,0.99242,0.99228,0.99234,20
2012-03-15 16:08:00,0.99231,0.99236,0.99231,0.99234,8
2012-03-15 16:09:00,0.9922,0.99234,0.99211,0.99234,20
2012-03-15 16:10:00,0.99217,0.99222,0.99211,0.99217,25
2012-03-15 16:11:00,0.99209,0.99222,0.99209,0.99219,9
2012-03-15 16:12:00,0.99219,0.99222,0.99211,0.99211,16
2012-03-15 16:13:00,0.99209,0.99219,0.99209,0.99217,8
2012-03-15 16:14:00,0.99214,0.99222,0.99206,0.99211,16
2012-03-15 16:15:00,0.9918,0.99211,0.99174,0.99211,28
2012-03-15 16:16:00,0.99183,0.99188,0.99177,0.99183,27
2012-03-15 16:17:00,0.9916,0.99183,0.99155,0.9918,22
2012-03-15 16:18:00,0.99143,0.99157,0.99138,0.99157,28
2012-03-15 16:19:00,0.99155,0.99163,0.99146,0.99146,18
2012-03-15 16:20:00,0.99163,0.99163,0.99157,0.99157,7
2012-03-15 16:21:00,0.99155,0.9916,0.99155,0.9916,7
2012-03-15 16:22:00,0.99152,0.9916,0.99152,0.99157,9
2012-03-15 16:23:00,0.9914,0.99154,0.99138,0.99154,20
2012-03-15 16:24:00,0.99152,0.99157,0.99138,0.99138,18
2012-03-15 16:25:00,0.99172,0.9918,0.99154,0.99154,17
2012-03-15 16:26:00,0.99163,0.99174,0.99163,0.99174,11
2012-03-15 16:27:00,0.99171,0.99171,0.99166,0.99166,3
2012-03-15 16:28:00,0.99166,0.99169,0.99166,0.99169,8
2012-03-15 16:29:00,0.99166,0.99166,0.99163,0.99163,2
2012-03-15 16:30:00,0.99168,0.99171,0.99166,0.99168,5
2012-03-15 16:31:00,0.99166,0.99168,0.99166,0.99166,3
2012-03-15 16:32:00,0.99166,0.99168,0.99166,0.99168,2
2012-03-15 16:34:00,0.99194,0.99202,0.99163,0.99163,32
2012-03-15 16:35:00,0.99202,0.99202,0.99194,0.99197,7
2012-03-15 16:36:00,0.99214,0.99214,0.992,0.99205,14
2012-03-15 16:37:00,0.99208,0.99211,0.99206,0.99211,4
2012-03-15 16:38:00,0.99206,0.99206,0.99206,0.99206,1
2012-03-15 16:39:00,0.99197,0.99203,0.99197,0.99203,3
2012-03-15 16:40:00,0.9918,0.99194,0.99177,0.99194,10
2012-03-15 16:41:00,0.99166,0.99177,0.99166,0.99177,13
2012-03-15 16:42:00,0.99166,0.99168,0.99163,0.99168,4
2012-03-15 16:44:00,0.99143,0.99163,0.99143,0.99163,10
2012-03-15 16:45:00,0.99143,0.99143,0.99138,0.9914,4
2012-03-15 16:46:00,0.99143,0.99143,0.99138,0.9914,8
2012-03-15 16:47:00,0.99146,0.99154,0.99138,0.9914,19
2012-03-15 16:48:00,0.99154,0.99154,0.99143,0.99143,5
2012-03-15 16:49:00,0.99166,0.99168,0.99157,0.99157,6
2012-03-15 16:50:00,0.99154,0.99168,0.99152,0.99168,20
2012-03-15 16:51:00,0.9914,0.99152,0.9914,0.99152,9
2012-03-15 16:52:00,0.99126,0.99138,0.99126,0.99138,5
2012-03-15 16:53:00,0.9912,0.99134,0.99118,0.99129,20
2012-03-15 16:54:00,0.99083,0.99123,0.99081,0.99123,25
2012-03-15 16:55:00,0.99116,0.99133,0.99086,0.99086,49
2012-03-15 16:56:00,0.99101,0.99122,0.99095,0.99119,31
2012-03-15 16:57:00,0.99112,0.99114,0.99098,0.99098,10
2012-03-15 16:58:00,0.99098,0.99114,0.99098,0.99109,9
2012-03-15 16:59:00,0.99063,0.99097,0.99061,0.99095,28
2012-03-15 17:00:00,0.99103,0.99103,0.99066,0.99066,16
2012-03-15 17:01:00,0.99098,0.99103,0.99089,0.99101,22
2012-03-15 17:02:00,0.99075,0.99095,0.99075,0.99095,22
2012-03-15 17:03:00,0.99089,0.99092,0.99078,0.99078,11
2012-03-15 17:04:00,0.99092,0.99092,0.99087,0.99087,3
2012-03-15 17:05:00,0.99087,0.99095,0.99084,0.99095,10
2012-03-15 17:06:00,0.99086,0.99086,0.99084,0.99084,4
2012-03-15 17:07:00,0.9908,0.99084,0.99075,0.99084,14
2012-03-15 17:08:00,0.99083,0.99083,0.99083,0.99083,1
2012-03-15 17:09:00,0.991,0.991,0.99081,0.99081,10
2012-03-15 17:10:00,0.99101,0.99103,0.99098,0.99098,6
2012-03-15 17:11:00,0.99103,0.99103,0.99103,0.99103,1
2012-03-15 17:12:00,0.99106,0.99106,0.99101,0.99101,5
2012-03-15 17:13:00,0.99131,0.99131,0.99106,0.99109,23
2012-03-15 17:14:00,0.99132,0.99146,0.99126,0.99129,22
2012-03-15 17:15:00,0.99134,0.99134,0.99118,0.99129,23
2012-03-15 17:16:00,0.99115,0.99132,0.99112,0.99132,23
2012-03-15 17:17:00,0.99104,0.99112,0.99101,0.99112,18
2012-03-15 17:18:00,0.9912,0.9912,0.99104,0.99106,12
2012-03-15 17:19:00,0.99131,0.99134,0.99123,0.99123,8
2012-03-15 17:20:00,0.99104,0.99134,0.99104,0.99129,16
2012-03-15 17:21:00,0.99095,0.99106,0.99095,0.99106,5
2012-03-15 17:22:00,0.991,0.991,0.99095,0.99097,4
2012-03-15 17:23:00,0.99103,0.99103,0.99101,0.99103,3
2012-03-15 17:24:00,0.991,0.99101,0.99095,0.99101,5
2012-03-15 17:25:00,0.99103,0.99103,0.99103,0.99103,1
2012-03-15 17:26:00,0.99104,0.99106,0.99104,0.99106,2
2012-03-15 17:27:00,0.99101,0.99103,0.99101,0.99101,3
2012-03-15 17:28:00,0.99103,0.99103,0.99101,0.99103,11
2012-03-15 17:29:00,0.99121,0.99123,0.99101,0.99101,12
2012-03-15 17:30:00,0.99123,0.99123,0.99123,0.99123,1
2012-03-15 17:31:00,0.99126,0.99126,0.99121,0.99121,3
2012-03-15 17:32:00,0.99129,0.99143,0.99129,0.99129,13
2012-03-15 17:33:00,0.99121,0.99126,0.99118,0.99126,7
2012-03-15 17:34:00,0.99121,0.99123,0.99121,0.99123,2
2012-03-15 17:35:00,0.99121,0.99129,0.99121,0.99123,8
2012-03-15 17:37:00,0.99121,0.99123,0.99121,0.99123,2
2012-03-15 17:38:00,0.9912,0.9912,0.99118,0.99118,4
2012-03-15 17:39:00,0.9912,0.99126,0.99112,0.99118,18
2012-03-15 17:40:00,0.99109,0.9912,0.99109,0.99118,6
2012-03-15 17:41:00,0.99112,0.99117,0.99112,0.99112,5
2012-03-15 17:42:00,0.9912,0.9912,0.99109,0.99109,5
2012-03-15 17:43:00,0.99114,0.9912,0.99112,0.99118,6
2012-03-15 17:44:00,0.99109,0.9912,0.99109,0.99117,6
2012-03-15 17:45:00,0.99114,0.99114,0.99112,0.99112,2
2012-03-15 17:47:00,0.99129,0.99131,0.99117,0.99117,9
2012-03-15 17:48:00,0.99109,0.99126,0.99106,0.99126,9
2012-03-15 17:49:00,0.99109,0.99112,0.99106,0.99112,4
2012-03-15 17:50:00,0.99104,0.99114,0.99104,0.99112,6
2012-03-15 17:51:00,0.99112,0.99112,0.99104,0.99106,9
2012-03-15 17:52:00,0.99109,0.99109,0.99106,0.99109,3
2012-03-15 17:53:00,0.99114,0.99114,0.99104,0.99106,6
2012-03-15 17:54:00,0.99117,0.99117,0.99104,0.99112,15
2012-03-15 17:55:00,0.99112,0.99117,0.99106,0.99115,14
2012-03-15 17:56:00,0.99114,0.99114,0.99112,0.99114,3
2012-03-15 17:57:00,0.99109,0.99117,0.99106,0.99117,8
2012-03-15 17:58:00,0.99114,0.99114,0.99112,0.99112,6
2012-03-15 17:59:00,0.99112,0.99114,0.99112,0.99112,5
2012-03-15 18:00:00,0.99114,0.99114,0.99114,0.99114,1
2012-03-15 18:01:00,0.99129,0.99129,0.99117,0.99117,9
2012-03-15 18:02:00,0.99131,0.99131,0.99123,0.99126,5
2012-03-15 18:03:00,0.99132,0.99134,0.99132,0.99134,2
2012-03-15 18:04:00,0.99129,0.99131,0.99126,0.99129,7
2012-03-15 18:05:00,0.99126,0.99131,0.99126,0.99131,5
2012-03-15 18:06:00,0.99109,0.99123,0.99109,0.99123,10
2012-03-15 18:07:00,0.99112,0.99114,0.99112,0.99112,5
2012-03-15 18:08:00,0.99112,0.99114,0.99112,0.99114,2
2012-03-15 18:09:00,0.99101,0.99114,0.99101,0.99114,6
2012-03-15 18:10:00,0.9912,0.9912,0.99103,0.99103,13
2012-03-15 18:11:00,0.99132,0.99137,0.99123,0.99123,8
2012-03-15 18:12:00,0.99134,0.99134,0.99134,0.99134,1
2012-03-15 18:13:00,0.99131,0.99132,0.99129,0.99132,3
2012-03-15 18:14:00,0.99134,0.99134,0.99123,0.99129,9
2012-03-15 18:15:00,0.99138,0.9914,0.99137,0.99137,5
2012-03-15 18:16:00,0.99115,0.99135,0.99115,0.99135,8
2012-03-15 18:17:00,0.99101,0.99112,0.99098,0.99112,19
2012-03-15 18:18:00,0.99095,0.99103,0.99095,0.99098,8
2012-03-15 18:21:00,0.99089,0.99092,0.99087,0.99092,4
2012-03-15 18:22:00,0.991,0.991,0.99092,0.99092,8
2012-03-15 18:23:00,0.99103,0.99103,0.99103,0.99103,1
2012-03-15 18:24:00,0.99106,0.99106,0.99104,0.99106,3
2012-03-15 18:25:00,0.99109,0.99109,0.99109,0.99109,1
2012-03-15 18:27:00,0.99112,0.99112,0.99112,0.99112,1
2012-03-15 18:29:00,0.99109,0.99109,0.99106,0.99109,3
2012-03-15 18:30:00,0.99114,0.99114,0.99112,0.99112,4
2012-03-15 18:31:00,0.9912,0.99123,0.99117,0.99117,6
2012-03-15 18:32:00,0.99112,0.99123,0.99112,0.99118,7
2012-03-15 18:33:00,0.99112,0.99114,0.99112,0.99114,4
2012-03-15 18:34:00,0.99109,0.99112,0.99106,0.99109,7
2012-03-15 18:35:00,0.99109,0.99112,0.99106,0.99106,6
2012-03-15 18:36:00,0.99106,0.99106,0.99106,0.99106,1
2012-03-15 18:37:00,0.99114,0.99114,0.99095,0.99104,13
2012-03-15 18:38:00,0.99123,0.99123,0.99117,0.99117,3
2012-03-15 18:39:00,0.9912,0.99121,0.99112,0.99121,7
2012-03-15 18:40:00,0.99118,0.99123,0.99118,0.99123,5
2012-03-15 18:41:00,0.9912,0.99123,0.99118,0.9912,5
2012-03-15 18:42:00,0.99121,0.99123,0.99115,0.99118,6
2012-03-15 18:43:00,0.99123,0.99123,0.99123,0.99123,1
2012-03-15 18:44:00,0.99118,0.99126,0.99118,0.99126,4
2012-03-15 18:45:00,0.99129,0.99129,0.9912,0.9912,6
2012-03-15 18:46:00,0.9912,0.99129,0.99118,0.99126,7
2012-03-15 18:47:00,0.99112,0.9912,0.99112,0.99118,5
2012-03-15 18:48:00,0.99112,0.99112,0.99106,0.99109,4
2012-03-15 18:49:00,0.99103,0.99109,0.99098,0.99109,13
2012-03-15 18:50:00,0.991,0.99106,0.99098,0.99101,7
2012-03-15 18:51:00,0.99103,0.99103,0.99103,0.99103,1
2012-03-15 18:52:00,0.99095,0.99101,0.99092,0.99101,11
2012-03-15 18:53:00,0.99112,0.99114,0.99097,0.99097,14
2012-03-15 18:54:00,0.99112,0.99114,0.99112,0.99114,2
2012-03-15 18:55:00,0.99104,0.99109,0.99104,0.99109,3
2012-03-15 18:56:00,0.99101,0.99101,0.99101,0.99101,1
2012-03-15 18:57:00,0.99109,0.99109,0.99103,0.99103,3
2012-03-15 18:58:00,0.99104,0.99106,0.99104,0.99106,2
2012-03-15 18:59:00,0.99132,0.99134,0.99106,0.99106,16
2012-03-15 19:00:00,0.99134,0.99134,0.99126,0.99129,9
2012-03-15 19:01:00,0.99134,0.99134,0.99129,0.99132,8
2012-03-15 19:02:00,0.99134,0.99134,0.99129,0.99132,16
2012-03-15 19:03:00,0.99143,0.99143,0.99129,0.99132,11
2012-03-15 19:05:00,0.9914,0.99149,0.99135,0.99146,15
2012-03-15 19:06:00,0.99154,0.9916,0.99143,0.99143,17
2012-03-15 19:08:00,0.99152,0.99152,0.99152,0.99152,1
2012-03-15 19:09:00,0.9916,0.9916,0.99154,0.99154,5
2012-03-15 19:10:00,0.99157,0.99163,0.99157,0.99163,5
2012-03-15 19:11:00,0.99154,0.99155,0.99149,0.99155,9
2012-03-15 19:14:00,0.99155,0.99157,0.99155,0.99157,2
2012-03-15 19:15:00,0.99157,0.9916,0.99152,0.99152,7
2012-03-15 19:16:00,0.99166,0.99168,0.9916,0.9916,5
2012-03-15 19:17:00,0.99171,0.99171,0.99168,0.99168,4
2012-03-15 19:18:00,0.99163,0.99174,0.99163,0.99169,9
2012-03-15 19:19:00,0.99168,0.99168,0.9916,0.9916,4
2012-03-15 19:20:00,0.9916,0.99166,0.9916,0.99166,3
2012-03-15 19:21:00,0.9916,0.9916,0.99157,0.99157,2
2012-03-15 19:22:00,0.9916,0.99163,0.9916,0.99163,4
2012-03-15 19:23:00,0.99166,0.99171,0.9916,0.99163,14
2012-03-15 19:24:00,0.99152,0.99163,0.99152,0.99163,5
2012-03-15 19:25:00,0.99143,0.99149,0.9914,0.99149,7
2012-03-15 19:26:00,0.99152,0.99157,0.99146,0.99146,7
2012-03-15 19:27:00,0.99146,0.99151,0.99146,0.99149,6
2012-03-15 19:28:00,0.99137,0.99143,0.99135,0.99143,5
2012-03-15 19:29:00,0.99126,0.9914,0.99126,0.9914,10
2012-03-15 19:30:00,0.99143,0.99143,0.99129,0.99129,6
2012-03-15 19:33:00,0.99129,0.9914,0.99129,0.9914,9
2012-03-15 19:34:00,0.99129,0.99131,0.99126,0.99131,4
2012-03-15 19:35:00,0.99129,0.99129,0.99118,0.99126,8
2012-03-15 19:36:00,0.99131,0.99131,0.99126,0.99126,3
2012-03-15 19:37:00,0.9914,0.9914,0.99134,0.99134,3
2012-03-15 19:38:00,0.99137,0.99138,0.99129,0.99138,11
2012-03-15 19:39:00,0.99137,0.99137,0.99132,0.99135,6
2012-03-15 19:40:00,0.9914,0.99143,0.99132,0.9914,13
2012-03-15 19:41:00,0.99143,0.99143,0.9914,0.99143,3
2012-03-15 19:43:00,0.99146,0.99146,0.99146,0.99146,1
2012-03-15 19:44:00,0.99138,0.99143,0.99138,0.99143,3
2012-03-15 19:45:00,0.99143,0.99143,0.99138,0.9914,6
2012-03-15 19:46:00,0.9916,0.9916,0.99146,0.99146,8
2012-03-15 19:47:00,0.99168,0.99168,0.99163,0.99163,3
2012-03-15 19:48:00,0.99177,0.99177,0.99171,0.99171,3
2012-03-15 19:49:00,0.99174,0.99174,0.99174,0.99174,1
2012-03-15 19:50:00,0.99177,0.99177,0.99172,0.99172,3
2012-03-15 19:51:00,0.99186,0.99188,0.99174,0.99174,7
2012-03-15 19:52:00,0.99188,0.99188,0.99186,0.99188,3
2012-03-15 19:53:00,0.99202,0.99202,0.99191,0.99191,9
2012-03-15 19:54:00,0.992,0.99211,0.99197,0.99205,11
2012-03-15 19:55:00,0.99186,0.99197,0.99186,0.99197,7
2012-03-15 19:56:00,0.99174,0.99183,0.99174,0.99183,4
2012-03-15 19:57:00,0.99166,0.99172,0.99166,0.99172,3
2012-03-15 19:58:00,0.99163,0.99163,0.99155,0.99163,7
2012-03-15 19:59:00,0.99227,0.99229,0.9916,0.9916,54
2012-03-15 20:00:00,0.99201,0.99238,0.99197,0.99224,27
2012-03-15 20:01:00,0.99193,0.99197,0.99193,0.99197,2
2012-03-15 20:02:00,0.99177,0.99193,0.99177,0.99189,8
2012-03-15 20:03:00,0.99177,0.99181,0.99177,0.99181,2
2012-03-15 20:04:00,0.99177,0.99177,0.99169,0.99173,4
2012-03-15 20:05:00,0.99149,0.99173,0.99149,0.99173,15
2012-03-15 20:06:00,0.99153,0.99153,0.99153,0.99153,1
2012-03-15 20:10:00,0.99157,0.99161,0.99157,0.99157,3
2012-03-15 20:11:00,0.99173,0.99173,0.99161,0.99161,4
2012-03-15 20:12:00,0.99164,0.99169,0.99156,0.99169,14
2012-03-15 20:13:00,0.99164,0.99164,0.99156,0.9916,4
2012-03-15 20:16:00,0.99172,0.99172,0.99168,0.99168,2
2012-03-15 20:18:00,0.99184,0.99184,0.99176,0.99176,3
2012-03-15 20:19:00,0.99213,0.99217,0.99188,0.99188,11
2012-03-15 20:20:00,0.99217,0.99221,0.99209,0.99217,7
2012-03-15 20:21:00,0.99209,0.99221,0.99209,0.99221,4
2012-03-15 20:25:00,0.99205,0.99205,0.99205,0.99205,1
2012-03-15 20:27:00,0.99193,0.99205,0.99193,0.99201,7
2012-03-15 20:28:00,0.99201,0.99205,0.99197,0.99197,6
2012-03-15 20:30:00,0.99205,0.99205,0.99205,0.99205,1
2012-03-15 20:31:00,0.99213,0.99213,0.99209,0.99209,2
2012-03-15 20:32:00,0.99217,0.99221,0.99217,0.99217,3
2012-03-15 20:33:00,0.99213,0.99221,0.99213,0.99221,5
2012-03-15 20:34:00,0.99217,0.99217,0.99217,0.99217,1
2012-03-15 20:35:00,0.99213,0.99221,0.99209,0.99221,5
2012-03-15 20:36:00,0.99217,0.99217,0.99217,0.99217,1
2012-03-15 20:37:00,0.99213,0.99225,0.99213,0.99221,5
2012-03-15 20:38:00,0.99209,0.99209,0.99209,0.99209,1
2012-03-15 20:40:00,0.99201,0.99205,0.99201,0.99205,2
2012-03-15 20:45:00,0.99213,0.99225,0.99197,0.99205,15
2012-03-15 20:46:00,0.99216,0.99221,0.99204,0.99217,9
2012-03-15 20:48:00,0.99204,0.99212,0.992,0.99212,7
2012-03-15 20:49:00,0.992,0.99217,0.99187,0.99208,22
2012-03-15 20:50:00,0.99172,0.99204,0.99172,0.99204,15
2012-03-15 20:51:00,0.99176,0.99176,0.99176,0.99176,1
2012-03-15 20:52:00,0.99192,0.99196,0.9918,0.9918,6
2012-03-15 20:53:00,0.99188,0.99196,0.99188,0.99188,5
2012-03-15 20:54:00,0.99193,0.99193,0.99176,0.99184,13
2012-03-15 20:55:00,0.99193,0.99193,0.99189,0.99189,4
2012-03-15 20:56:00,0.99189,0.99189,0.99189,0.99189,1
2012-03-15 20:57:00,0.99177,0.99185,0.99177,0.99185,3
2012-03-15 20:58:00,0.99212,0.99221,0.99181,0.99181,12
2012-03-15 20:59:00,0.9918,0.99208,0.9918,0.99208,7
2012-03-15 21:00:00,0.99168,0.99195,0.99148,0.99176,23
2012-03-15 21:02:00,0.99174,0.99174,0.99164,0.99164,3
2012-03-15 21:03:00,0.99178,0.99178,0.99174,0.99178,3
2012-03-15 21:04:00,0.99179,0.99179,0.99174,0.99174,4
2012-03-15 21:05:00,0.99189,0.99189,0.99184,0.99184,2
2012-03-15 21:06:00,0.99193,0.99193,0.99193,0.99193,1
2012-03-15 21:08:00,0.99214,0.99214,0.99197,0.99197,5
2012-03-15 21:09:00,0.99218,0.99218,0.99218,0.99218,1
2012-03-15 21:10:00,0.99222,0.99222,0.99222,0.99222,1
2012-03-15 21:16:00,0.99227,0.99243,0.99226,0.99226,9
2012-03-15 21:17:00,0.99222,0.99223,0.99197,0.99223,13
2012-03-15 21:22:00,0.9921,0.99218,0.9921,0.99218,3
2012-03-15 21:25:00,0.99206,0.99206,0.99206,0.99206,1
2012-03-15 21:27:00,0.99222,0.9923,0.9921,0.9921,8
2012-03-15 21:28:00,0.99214,0.99218,0.99214,0.99218,4
2012-03-15 21:29:00,0.99222,0.99226,0.99218,0.99218,4
2012-03-15 21:33:00,0.99198,0.99218,0.99198,0.99218,6
2012-03-15 21:34:00,0.99178,0.99202,0.99178,0.99202,7
2012-03-15 21:38:00,0.99162,0.99174,0.99162,0.99174,4
2012-03-15 21:39:00,0.99182,0.99186,0.99166,0.99166,7
2012-03-15 21:40:00,0.99198,0.99206,0.99186,0.99186,8
2012-03-15 21:42:00,0.99186,0.99202,0.99186,0.99202,5
2012-03-15 21:44:00,0.99178,0.99182,0.99178,0.99182,2
2012-03-15 21:45:00,0.99194,0.99194,0.99182,0.99182,6
2012-03-15 21:47:00,0.9919,0.9919,0.9919,0.9919,1
2012-03-15 21:48:00,0.99182,0.99186,0.99182,0.99186,2
2012-03-15 21:49:00,0.99186,0.99186,0.99186,0.99186,1
2012-03-15 21:52:00,0.9919,0.9919,0.99182,0.99182,3
2012-03-15 21:57:00,0.99178,0.99186,0.99178,0.99186,3
2012-03-15 21:58:00,0.99186,0.99186,0.99182,0.99182,2
2012-03-15 21:59:00,0.99157,0.99181,0.9914,0.99181,9
2012-03-15 22:00:00,0.99148,0.9917,0.99138,0.99156,16
2012-03-15 22:01:00,0.9918,0.9918,0.9915,0.99152,18
2012-03-15 22:02:00,0.99172,0.99198,0.99168,0.99182,17
2012-03-15 22:03:00,0.99174,0.99174,0.99174,0.99174,1
2012-03-15 22:05:00,0.99172,0.99172,0.99172,0.99172,1
2012-03-15 22:08:00,0.99194,0.99194,0.99174,0.99174,9
2012-03-15 22:11:00,0.9919,0.9919,0.9919,0.9919,1
2012-03-15 22:14:00,0.9919,0.9919,0.99188,0.99188,2
2012-03-15 22:15:00,0.992,0.99202,0.99194,0.99194,5
2012-03-15 22:23:00,0.99206,0.99206,0.99202,0.99202,2
2012-03-15 22:24:00,0.99208,0.99208,0.99208,0.99208,1
2012-03-15 22:25:00,0.99202,0.99206,0.992,0.99206,4
2012-03-15 22:26:00,0.992,0.99206,0.99196,0.99206,7
2012-03-15 22:27:00,0.99212,0.99212,0.99196,0.99196,10
2012-03-15 22:29:00,0.99224,0.99224,0.99214,0.99214,4
2012-03-15 22:30:00,0.99218,0.9923,0.99218,0.99226,6
2012-03-15 22:31:00,0.99192,0.99214,0.99192,0.99214,22
2012-03-15 22:32:00,0.99196,0.99196,0.99186,0.9919,5
2012-03-15 22:33:00,0.99202,0.99202,0.99198,0.99198,2
2012-03-15 22:34:00,0.99198,0.99204,0.99198,0.99204,3
2012-03-15 22:35:00,0.99202,0.99202,0.99202,0.99202,1
2012-03-15 22:36:00,0.99202,0.99202,0.99198,0.99198,2
2012-03-15 22:37:00,0.99222,0.99226,0.99204,0.99204,17
2012-03-15 22:38:00,0.9922,0.99222,0.9922,0.9922,3
2012-03-15 22:39:00,0.9922,0.99236,0.9922,0.99222,10
2012-03-15 22:43:00,0.99226,0.99226,0.99224,0.99224,2
2012-03-15 22:44:00,0.9923,0.99236,0.9923,0.9923,5
2012-03-15 22:51:00,0.99226,0.99226,0.99226,0.99226,1
2012-03-15 22:54:00,0.99224,0.99224,0.99224,0.99224,1
2012-03-15 22:59:00,0.99232,0.99232,0.99226,0.99226,3
2012-03-15 23:01:00,0.9923,0.9923,0.9923,0.9923,1
2012-03-15 23:02:00,0.9923,0.99242,0.9923,0.99232,8
2012-03-15 23:03:00,0.99226,0.99226,0.99226,0.99226,1
2012-03-15 23:05:00,0.99228,0.99228,0.99226,0.99226,2
2012-03-15 23:08:00,0.99226,0.99226,0.99226,0.99226,1
2012-03-15 23:09:00,0.9922,0.99224,0.9922,0.99224,2
2012-03-15 23:13:00,0.99216,0.99218,0.99216,0.99218,2
2012-03-15 23:14:00,0.9921,0.99212,0.9921,0.99212,2
2012-03-15 23:15:00,0.992,0.99206,0.992,0.99206,5
2012-03-15 23:16:00,0.99198,0.99198,0.99198,0.99198,1
2012-03-15 23:17:00,0.99198,0.992,0.99198,0.992,2
2012-03-15 23:18:00,0.99206,0.99206,0.992,0.992,3
2012-03-15 23:25:00,0.99214,0.99214,0.99206,0.99208,7
2012-03-15 23:26:00,0.99218,0.99218,0.99218,0.99218,1
2012-03-15 23:27:00,0.9922,0.9922,0.9922,0.9922,1
2012-03-15 23:33:00,0.99218,0.99218,0.99216,0.99218,3
2012-03-15 23:34:00,0.9921,0.99216,0.9921,0.99216,3
2012-03-15 23:36:00,0.99196,0.99206,0.99196,0.99206,5
2012-03-15 23:37:00,0.99184,0.99192,0.99176,0.99192,12
2012-03-15 23:40:00,0.99204,0.99204,0.99186,0.99186,11
2012-03-15 23:42:00,0.99206,0.99212,0.99206,0.99206,5
2012-03-15 23:44:00,0.9919,0.99204,0.9919,0.99204,5
2012-03-15 23:46:00,0.99198,0.99198,0.99194,0.99194,3
2012-03-15 23:48:00,0.99204,0.99204,0.99202,0.99202,2
2012-03-15 23:50:00,0.9921,0.9921,0.99208,0.99208,2
2012-03-15 23:51:00,0.99218,0.99218,0.99214,0.99214,5
2012-03-15 23:52:00,0.99242,0.99244,0.99222,0.99222,10
2012-03-15 23:54:00,0.99242,0.99242,0.99236,0.9924,4
2012-03-15 23:55:00,0.9924,0.9924,0.9924,0.9924,1
2012-03-16 00:00:00,0.99242,0.99242,0.99236,0.99236,5
2012-03-16 00:02:00,0.99238,0.9924,0.99236,0.9924,3
2012-03-16 00:03:00,0.99236,0.99236,0.99236,0.99236,1
2012-03-16 00:04:00,0.99218,0.99234,0.99216,0.99234,10
2012-03-16 00:05:00,0.99238,0.99238,0.99222,0.99222,7
2012-03-16 00:06:00,0.99236,0.99236,0.99236,0.99236,1
2012-03-16 00:07:00,0.99234,0.99234,0.99234,0.99234,1
2012-03-16 00:08:00,0.99238,0.99238,0.99236,0.99236,4
2012-03-16 00:10:00,0.99238,0.99238,0.99236,0.99236,2
2012-03-16 00:11:00,0.99236,0.99236,0.99236,0.99236,1
2012-03-16 00:12:00,0.99234,0.99234,0.9923,0.99234,3
2012-03-16 00:13:00,0.99228,0.9923,0.99228,0.9923,2
2012-03-16 00:14:00,0.99228,0.99234,0.99228,0.9923,4
2012-03-16 00:15:00,0.9922,0.99224,0.9922,0.99224,3
2012-03-16 00:16:00,0.99216,0.99218,0.99216,0.99216,5
2012-03-16 00:17:00,0.9921,0.99218,0.9921,0.99218,4
2012-03-16 00:18:00,0.99208,0.99214,0.99208,0.99208,5
2012-03-16 00:19:00,0.9921,0.99214,0.9921,0.9921,3
2012-03-16 00:20:00,0.99208,0.99208,0.99208,0.99208,1
2012-03-16 00:21:00,0.99206,0.99206,0.99206,0.99206,1
2012-03-16 00:23:00,0.9921,0.9921,0.99208,0.99208,2
2012-03-16 00:24:00,0.99208,0.99208,0.99206,0.99208,3
2012-03-16 00:25:00,0.9921,0.9921,0.9921,0.9921,1
2012-03-16 00:26:00,0.99214,0.99214,0.99208,0.99208,3
2012-03-16 00:27:00,0.9921,0.9921,0.99208,0.9921,3
2012-03-16 00:28:00,0.99214,0.99214,0.99208,0.99214,7
2012-03-16 00:29:00,0.9921,0.99214,0.99208,0.9921,5
2012-03-16 00:30:00,0.99218,0.99218,0.99214,0.99214,3
2012-03-16 00:35:00,0.99216,0.99216,0.99216,0.99216,1
2012-03-16 00:36:00,0.99216,0.99216,0.99214,0.99214,2
2012-03-16 00:39:00,0.99208,0.99214,0.99208,0.99214,3
2012-03-16 00:40:00,0.99206,0.99206,0.99206,0.99206,1
2012-03-16 00:43:00,0.99214,0.99214,0.99206,0.99208,15
2012-03-16 00:44:00,0.99214,0.99218,0.99214,0.99216,4
2012-03-16 00:45:00,0.99218,0.99218,0.99216,0.99216,2
2012-03-16 00:46:00,0.99228,0.99228,0.99222,0.99222,3
2012-03-16 00:47:00,0.99234,0.99236,0.9923,0.9923,4
2012-03-16 00:48:00,0.9923,0.9923,0.9923,0.9923,1
2012-03-16 00:51:00,0.99234,0.99234,0.99234,0.99234,1
2012-03-16 00:52:00,0.99244,0.99244,0.99236,0.99236,4
2012-03-16 00:53:00,0.99245,0.99248,0.99244,0.99248,3
2012-03-16 00:54:00,0.99246,0.99248,0.99243,0.99243,4
2012-03-16 00:55:00,0.99242,0.99243,0.99237,0.99243,5
2012-03-16 00:56:00,0.99248,0.99248,0.99245,0.99245,2
2012-03-16 00:57:00,0.99266,0.99268,0.99251,0.99251,8
2012-03-16 00:58:00,0.99274,0.99285,0.99263,0.99263,17
2012-03-16 00:59:00,0.99271,0.99271,0.99271,0.99271,1
2012-03-16 01:00:00,0.99268,0.99268,0.99268,0.99268,1
2012-03-16 01:01:00,0.99263,0.99266,0.99263,0.99266,2
2012-03-16 01:02:00,0.99265,0.99265,0.99265,0.99265,1
2012-03-16 01:03:00,0.99263,0.99263,0.99263,0.99263,1
2012-03-16 01:04:00,0.99276,0.99276,0.99265,0.99265,5
2012-03-16 01:08:00,0.99277,0.99279,0.99277,0.99279,2
2012-03-16 01:09:00,0.99271,0.99274,0.99271,0.99274,2
2012-03-16 01:10:00,0.99268,0.99268,0.99266,0.99268,3
2012-03-16 01:11:00,0.99271,0.99271,0.99271,0.99271,1
2012-03-16 01:14:00,0.9926,0.99268,0.9926,0.99268,4
2012-03-16 01:15:00,0.9924,0.99262,0.99237,0.99262,13
2012-03-16 01:16:00,0.99232,0.99248,0.99232,0.99242,11
2012-03-16 01:19:00,0.99245,0.99245,0.99226,0.99229,11
2012-03-16 01:20:00,0.99261,0.99264,0.99248,0.99248,17
2012-03-16 01:21:00,0.99253,0.99258,0.99253,0.99258,3
2012-03-16 01:22:00,0.99247,0.9925,0.99247,0.9925,2
2012-03-16 01:23:00,0.99244,0.99255,0.99244,0.9925,9
2012-03-16 01:24:00,0.99247,0.9925,0.99247,0.99247,3
2012-03-16 01:25:00,0.99239,0.99244,0.99239,0.99244,3
2012-03-16 01:26:00,0.99235,0.99236,0.9923,0.99236,7
2012-03-16 01:27:00,0.99244,0.99244,0.99238,0.99238,3
2012-03-16 01:28:00,0.99244,0.99244,0.99241,0.99241,2
2012-03-16 01:29:00,0.99244,0.99244,0.99239,0.99241,4
2012-03-16 01:30:00,0.99247,0.99247,0.99247,0.99247,1
2012-03-16 01:31:00,0.99258,0.99258,0.9925,0.9925,4
2012-03-16 01:32:00,0.99256,0.99256,0.99256,0.99256,1
2012-03-16 01:33:00,0.99256,0.99258,0.99253,0.99253,8
2012-03-16 01:34:00,0.99239,0.99258,0.99239,0.99258,12
2012-03-16 01:35:00,0.99258,0.99261,0.99241,0.99241,13
2012-03-16 01:36:00,0.99255,0.99256,0.99247,0.99256,7
2012-03-16 01:37:00,0.99264,0.99264,0.9925,0.99253,7
2012-03-16 01:38:00,0.99272,0.99272,0.99267,0.99267,7
2012-03-16 01:39:00,0.99267,0.99272,0.99267,0.9927,8
2012-03-16 01:40:00,0.99267,0.99272,0.99264,0.99264,8
2012-03-16 01:41:00,0.99264,0.99267,0.99264,0.99264,3
2012-03-16 01:42:00,0.99261,0.99261,0.99256,0.99261,5
2012-03-16 01:43:00,0.99267,0.99267,0.99264,0.99264,2
2012-03-16 01:44:00,0.99264,0.99264,0.99264,0.99264,1
2012-03-16 01:45:00,0.99267,0.99272,0.99267,0.99267,7
2012-03-16 01:46:00,0.99278,0.99284,0.99269,0.99269,22
2012-03-16 01:47:00,0.99275,0.99275,0.99275,0.99275,1
2012-03-16 01:49:00,0.99272,0.99273,0.9927,0.99273,3
2012-03-16 01:50:00,0.99273,0.99278,0.99273,0.99275,4
2012-03-16 01:52:00,0.99267,0.9927,0.99267,0.9927,2
2012-03-16 01:53:00,0.99269,0.99269,0.99269,0.99269,1
2012-03-16 01:54:00,0.9927,0.99272,0.9927,0.99272,2
2012-03-16 01:55:00,0.99275,0.99275,0.99272,0.99272,4
2012-03-16 01:56:00,0.9927,0.99275,0.9927,0.99273,12
2012-03-16 01:57:00,0.99275,0.99275,0.99272,0.99272,2
2012-03-16 01:58:00,0.9927,0.99273,0.9927,0.99273,2
2012-03-16 01:59:00,0.99255,0.99267,0.99253,0.99267,7
2012-03-16 02:00:00,0.99253,0.99253,0.99253,0.99253,1
2012-03-16 02:01:00,0.99258,0.99258,0.99255,0.99255,4
2012-03-16 02:02:00,0.99258,0.99258,0.9925,0.99256,6
2012-03-16 02:03:00,0.99258,0.99261,0.99256,0.99256,6
2012-03-16 02:04:00,0.99253,0.99256,0.99253,0.99256,2
2012-03-16 02:05:00,0.99241,0.99255,0.99241,0.99255,8
2012-03-16 02:06:00,0.99244,0.99244,0.99244,0.99244,1
2012-03-16 02:07:00,0.99239,0.99241,0.99239,0.99241,2
2012-03-16 02:09:00,0.99227,0.99236,0.99227,0.99236,6
2012-03-16 02:11:00,0.9921,0.99224,0.9921,0.99224,8
2012-03-16 02:12:00,0.99207,0.9921,0.99205,0.99207,7
2012-03-16 02:13:00,0.9921,0.99218,0.9921,0.9921,7
2012-03-16 02:14:00,0.9921,0.9921,0.99207,0.99207,2
2012-03-16 02:15:00,0.9921,0.99215,0.9921,0.99213,4
2012-03-16 02:17:00,0.99219,0.99221,0.99213,0.99213,9
2012-03-16 02:18:00,0.9921,0.99224,0.9921,0.99221,11
2012-03-16 02:19:00,0.99207,0.9921,0.99207,0.99207,5
2012-03-16 02:20:00,0.9921,0.9921,0.9921,0.9921,1
2012-03-16 02:23:00,0.9921,0.99221,0.9921,0.99213,8
2012-03-16 02:24:00,0.99207,0.99207,0.99202,0.99207,5
2012-03-16 02:25:00,0.99207,0.99207,0.99201,0.99204,4
2012-03-16 02:27:00,0.9921,0.9921,0.9921,0.9921,1
2012-03-16 02:29:00,0.99207,0.99207,0.99202,0.99207,5
2012-03-16 02:30:00,0.99205,0.99205,0.99205,0.99205,1
2012-03-16 02:31:00,0.99207,0.99207,0.99196,0.99202,9
2012-03-16 02:32:00,0.99205,0.99207,0.99205,0.99205,3
2012-03-16 02:34:00,0.99196,0.99202,0.99196,0.99202,3
2012-03-16 02:35:00,0.99193,0.99193,0.99193,0.99193,1
2012-03-16 02:36:00,0.99188,0.9919,0.99188,0.9919,2
2012-03-16 02:37:00,0.99171,0.99185,0.99171,0.99185,6
2012-03-16 02:38:00,0.99176,0.99176,0.99173,0.99173,2
2012-03-16 02:39:00,0.99165,0.99173,0.99165,0.99173,8
2012-03-16 02:40:00,0.99167,0.99167,0.99159,0.99167,9
2012-03-16 02:41:00,0.9917,0.9917,0.9917,0.9917,1
2012-03-16 02:43:00,0.99168,0.99168,0.99168,0.99168,1
2012-03-16 02:45:00,0.99165,0.9917,0.99165,0.9917,5
2012-03-16 02:49:00,0.99167,0.99167,0.99167,0.99167,1
2012-03-16 02:51:00,0.99173,0.99184,0.9917,0.9917,10
2012-03-16 02:52:00,0.99179,0.99179,0.99168,0.99171,6
2012-03-16 02:53:00,0.99165,0.99176,0.99165,0.99176,5
2012-03-16 02:54:00,0.99179,0.99179,0.99167,0.99167,7
2012-03-16 02:55:00,0.99173,0.99176,0.99171,0.99176,4
2012-03-16 02:56:00,0.99173,0.99173,0.99171,0.99171,2
2012-03-16 02:57:00,0.99179,0.99179,0.99176,0.99176,2
2012-03-16 02:58:00,0.99176,0.99176,0.99176,0.99176,1
2012-03-16 02:59:00,0.99165,0.99173,0.99165,0.99173,4
2012-03-16 03:00:00,0.99162,0.99162,0.99162,0.99162,1
2012-03-16 03:01:00,0.99159,0.99159,0.99159,0.99159,1
2012-03-16 03:02:00,0.99162,0.99162,0.99156,0.99162,5
2012-03-16 03:03:00,0.99162,0.99167,0.99159,0.99159,8
2012-03-16 03:04:00,0.99173,0.99173,0.99164,0.99164,4
2012-03-16 03:06:00,0.99181,0.99181,0.99176,0.99176,3
2012-03-16 03:08:00,0.99167,0.99179,0.99165,0.99179,7
2012-03-16 03:09:00,0.99181,0.99181,0.9917,0.9917,9
2012-03-16 03:10:00,0.99182,0.99184,0.99182,0.99184,2
2012-03-16 03:13:00,0.9919,0.9919,0.99179,0.99179,5
2012-03-16 03:14:00,0.99193,0.99193,0.99193,0.99193,1
2012-03-16 03:15:00,0.99196,0.99196,0.99196,0.99196,1
2012-03-16 03:16:00,0.99198,0.99198,0.99198,0.99198,1
2012-03-16 03:17:00,0.99198,0.99198,0.99193,0.99196,4
2012-03-16 03:18:00,0.99185,0.99196,0.99185,0.99196,5
2012-03-16 03:19:00,0.99193,0.99201,0.99187,0.99187,9
2012-03-16 03:20:00,0.99176,0.9919,0.99176,0.9919,6
2012-03-16 03:21:00,0.99168,0.99173,0.99168,0.99173,3
2012-03-16 03:22:00,0.99165,0.99165,0.99165,0.99165,1
2012-03-16 03:23:00,0.99153,0.99162,0.99151,0.99162,8
2012-03-16 03:24:00,0.99162,0.99162,0.99156,0.99156,3
2012-03-16 03:26:00,0.99173,0.99173,0.99164,0.99164,4
2012-03-16 03:27:00,0.99187,0.99187,0.99176,0.99176,5
2012-03-16 03:28:00,0.99202,0.99204,0.99188,0.9919,11
2012-03-16 03:29:00,0.99207,0.99207,0.99204,0.99204,2
2012-03-16 03:30:00,0.9921,0.9921,0.99202,0.99205,5
2012-03-16 03:31:00,0.99207,0.99207,0.99207,0.99207,1
2012-03-16 03:33:00,0.9921,0.99213,0.9921,0.9921,3
2012-03-16 03:34:00,0.99213,0.99215,0.99207,0.99207,7
2012-03-16 03:35:00,0.99213,0.99213,0.99207,0.9921,4
2012-03-16 03:36:00,0.9921,0.99215,0.9921,0.9921,5
2012-03-16 03:37:00,0.99216,0.99221,0.99213,0.99213,6
2012-03-16 03:38:00,0.99213,0.99213,0.99213,0.99213,1
2012-03-16 03:40:00,0.9921,0.99215,0.9921,0.99215,3
2012-03-16 03:42:00,0.99207,0.99207,0.99207,0.99207,1
2012-03-16 03:43:00,0.99187,0.99205,0.99185,0.99205,11
2012-03-16 03:44:00,0.99201,0.99201,0.9919,0.9919,5
2012-03-16 03:45:00,0.99227,0.99235,0.99204,0.99204,23
2012-03-16 03:46:00,0.99222,0.9923,0.99222,0.9923,4
2012-03-16 03:47:00,0.9921,0.99219,0.9921,0.99219,6
2012-03-16 03:48:00,0.99204,0.99207,0.99202,0.99207,4
2012-03-16 03:49:00,0.99218,0.99218,0.99207,0.99207,5
2012-03-16 03:50:00,0.99218,0.99221,0.99216,0.99221,4
2012-03-16 03:51:00,0.99216,0.99221,0.99216,0.99216,5
2012-03-16 03:52:00,0.99213,0.99213,0.99213,0.99213,1
2012-03-16 04:01:00,0.99207,0.9921,0.99205,0.9921,4
2012-03-16 04:03:00,0.99199,0.9921,0.99199,0.9921,5
2012-03-16 04:04:00,0.99193,0.99196,0.9919,0.99196,4
2012-03-16 04:05:00,0.99198,0.99198,0.99196,0.99196,2
2012-03-16 04:09:00,0.99196,0.99201,0.99196,0.99201,3
2012-03-16 04:10:00,0.99198,0.99198,0.99198,0.99198,1
2012-03-16 04:11:00,0.99215,0.99215,0.99201,0.99201,10
2012-03-16 04:15:00,0.9923,0.9923,0.99218,0.99218,7
2012-03-16 04:16:00,0.99233,0.99233,0.99233,0.99233,1
2012-03-16 04:17:00,0.9923,0.9923,0.9923,0.9923,1
2012-03-16 04:18:00,0.99238,0.99238,0.99224,0.99227,7
2012-03-16 04:19:00,0.99235,0.99236,0.9923,0.99236,5
2012-03-16 04:20:00,0.99238,0.99238,0.99238,0.99238,1
2012-03-16 04:21:00,0.99233,0.99236,0.99233,0.99236,2
2012-03-16 04:22:00,0.9923,0.9923,0.9923,0.9923,1
2012-03-16 04:23:00,0.99222,0.99235,0.99222,0.99233,7
2012-03-16 04:24:00,0.99219,0.99219,0.99219,0.99219,1
2012-03-16 04:25:00,0.99221,0.99221,0.99221,0.99221,1
2012-03-16 04:26:00,0.99233,0.99233,0.99224,0.99224,6
2012-03-16 04:27:00,0.9923,0.9923,0.9923,0.9923,1
2012-03-16 04:28:00,0.99224,0.99227,0.99224,0.99227,2
2012-03-16 04:29:00,0.99222,0.99222,0.99222,0.99222,1
2012-03-16 04:30:00,0.9923,0.9923,0.99219,0.99219,5
2012-03-16 04:31:00,0.99233,0.99235,0.99233,0.99233,3
2012-03-16 04:32:00,0.99238,0.99238,0.99235,0.99235,2
2012-03-16 04:33:00,0.99227,0.99238,0.99224,0.99236,8
2012-03-16 04:34:00,0.99219,0.99224,0.99219,0.99224,3
2012-03-16 04:35:00,0.99224,0.99224,0.99221,0.99221,4
2012-03-16 04:37:00,0.9923,0.9923,0.99227,0.99227,2
2012-03-16 04:38:00,0.99233,0.99233,0.99233,0.99233,1
2012-03-16 04:39:00,0.99241,0.99241,0.99235,0.99235,3
2012-03-16 04:40:00,0.99241,0.99244,0.99239,0.99239,4
2012-03-16 04:42:00,0.99239,0.99239,0.99239,0.99239,1
2012-03-16 04:43:00,0.99241,0.99241,0.99241,0.99241,1
2012-03-16 04:44:00,0.99233,0.99239,0.99233,0.99239,3
2012-03-16 04:45:00,0.9923,0.9923,0.9923,0.9923,1
2012-03-16 04:47:00,0.99227,0.99227,0.99224,0.99227,3
2012-03-16 04:48:00,0.99224,0.99224,0.99224,0.99224,1
2012-03-16 04:50:00,0.9923,0.9923,0.99227,0.99227,2
2012-03-16 04:51:00,0.99241,0.99241,0.99233,0.99233,6
2012-03-16 04:52:00,0.9923,0.99239,0.9923,0.99239,6
2012-03-16 04:53:00,0.99239,0.99241,0.99233,0.99233,5
2012-03-16 04:54:00,0.99241,0.99241,0.99233,0.99236,5
2012-03-16 04:57:00,0.99239,0.99239,0.99239,0.99239,1
2012-03-16 04:59:00,0.99241,0.99241,0.99239,0.99241,3
2012-03-16 05:00:00,0.99239,0.99239,0.99239,0.99239,1
2012-03-16 05:02:00,0.99241,0.99241,0.99241,0.99241,1
2012-03-16 05:06:00,0.99264,0.99264,0.99244,0.99244,8
2012-03-16 05:07:00,0.99261,0.99261,0.99261,0.99261,1
2012-03-16 05:08:00,0.99264,0.99264,0.99264,0.99264,1
2012-03-16 05:09:00,0.99281,0.99281,0.99267,0.99267,6
2012-03-16 05:10:00,0.99286,0.99286,0.99284,0.99284,2
2012-03-16 05:11:00,0.99289,0.99289,0.99287,0.99289,3
2012-03-16 05:13:00,0.99273,0.99287,0.99273,0.99287,6
2012-03-16 05:14:00,0.99281,0.99281,0.99275,0.99275,3
2012-03-16 05:15:00,0.99286,0.99286,0.99284,0.99284,4
2012-03-16 05:17:00,0.99284,0.99284,0.99284,0.99284,1
2012-03-16 05:18:00,0.9927,0.99281,0.9927,0.99281,5
2012-03-16 05:28:00,0.99275,0.99275,0.99272,0.99272,2
2012-03-16 05:29:00,0.99273,0.99273,0.99273,0.99273,1
2012-03-16 05:31:00,0.99275,0.99275,0.9927,0.9927,5
2012-03-16 05:32:00,0.99273,0.99273,0.99273,0.99273,1
2012-03-16 05:33:00,0.99275,0.99275,0.99275,0.99275,1
2012-03-16 05:34:00,0.99269,0.99273,0.99267,0.99273,4
2012-03-16 05:35:00,0.99273,0.99275,0.99272,0.99272,3
2012-03-16 05:37:00,0.99275,0.99275,0.99275,0.99275,1
2012-03-16 05:41:00,0.99281,0.99281,0.99275,0.99278,4
2012-03-16 05:42:00,0.99284,0.99284,0.99284,0.99284,1
2012-03-16 05:45:00,0.9927,0.99281,0.9927,0.99281,5
2012-03-16 05:46:00,0.99261,0.99272,0.99261,0.99272,5
2012-03-16 05:47:00,0.99267,0.99267,0.99264,0.99264,2
2012-03-16 05:48:00,0.9925,0.99264,0.9925,0.99264,8
2012-03-16 05:49:00,0.99261,0.99264,0.99252,0.99252,6
2012-03-16 05:50:00,0.99258,0.99258,0.99258,0.99258,1
2012-03-16 05:51:00,0.99269,0.99269,0.99261,0.99261,4
2012-03-16 05:55:00,0.9927,0.99272,0.9927,0.99272,2
2012-03-16 05:56:00,0.99272,0.99272,0.99272,0.99272,1
2012-03-16 05:57:00,0.99284,0.99286,0.99275,0.99275,6
2012-03-16 05:58:00,0.99295,0.99295,0.99286,0.99286,6
2012-03-16 06:00:00,0.99298,0.99298,0.99298,0.99298,1
2012-03-16 06:02:00,0.99281,0.99295,0.99281,0.99295,8
2012-03-16 06:04:00,0.99278,0.99278,0.99273,0.99278,5
2012-03-16 06:05:00,0.99273,0.99275,0.99273,0.99275,2
2012-03-16 06:06:00,0.99278,0.99278,0.9927,0.9927,4
2012-03-16 06:14:00,0.99278,0.99278,0.99273,0.99275,4
2012-03-16 06:16:00,0.99278,0.99281,0.99278,0.99281,2
2012-03-16 06:18:00,0.99253,0.99275,0.99253,0.99275,9
2012-03-16 06:19:00,0.99255,0.99255,0.99255,0.99255,1
2012-03-16 06:20:00,0.9925,0.99253,0.9925,0.99253,2
2012-03-16 06:21:00,0.99253,0.99255,0.9925,0.99252,7
2012-03-16 06:22:00,0.99258,0.99258,0.99247,0.9925,6
2012-03-16 06:23:00,0.99258,0.99264,0.99253,0.99256,20
2012-03-16 06:25:00,0.99255,0.99258,0.9925,0.99256,13
2012-03-16 06:26:00,0.99261,0.99261,0.99253,0.99258,6
2012-03-16 06:27:00,0.99276,0.99276,0.99258,0.99258,7
2012-03-16 06:28:00,0.99279,0.99279,0.99277,0.99279,3
2012-03-16 06:29:00,0.99277,0.99279,0.99277,0.99277,3
2012-03-16 06:30:00,0.99279,0.99279,0.99274,0.99274,3
2012-03-16 06:31:00,0.99277,0.99277,0.99277,0.99277,1
2012-03-16 06:32:00,0.99274,0.99274,0.99274,0.99274,1
2012-03-16 06:33:00,0.99276,0.99276,0.99276,0.99276,1
2012-03-16 06:34:00,0.99262,0.99274,0.9926,0.99274,7
2012-03-16 06:35:00,0.99254,0.9926,0.99249,0.9926,7
2012-03-16 06:36:00,0.99245,0.99257,0.99243,0.99257,7
2012-03-16 06:37:00,0.99254,0.99257,0.99248,0.99248,5
2012-03-16 06:39:00,0.99257,0.99257,0.99257,0.99257,1
2012-03-16 06:40:00,0.99257,0.99259,0.99257,0.99259,2
2012-03-16 06:42:00,0.99259,0.99259,0.99259,0.99259,1
2012-03-16 06:44:00,0.99254,0.99257,0.99254,0.99257,2
2012-03-16 06:45:00,0.99257,0.99257,0.99257,0.99257,1
2012-03-16 06:46:00,0.99259,0.99259,0.99259,0.99259,1
2012-03-16 06:48:00,0.9926,0.99262,0.9926,0.99262,2
2012-03-16 06:50:00,0.99268,0.99268,0.99262,0.99262,3
2012-03-16 06:52:00,0.99274,0.99282,0.99271,0.99271,10
2012-03-16 06:53:00,0.99282,0.99282,0.99276,0.99276,3
2012-03-16 06:54:00,0.99271,0.9928,0.99271,0.9928,4
2012-03-16 06:56:00,0.99268,0.99268,0.99268,0.99268,1
2012-03-16 06:58:00,0.99305,0.99305,0.99271,0.99271,15
2012-03-16 06:59:00,0.993,0.99311,0.993,0.99308,8
2012-03-16 07:00:00,0.99311,0.99313,0.99302,0.99302,8
2012-03-16 07:01:00,0.99305,0.99308,0.99305,0.99308,4
2012-03-16 07:02:00,0.99294,0.99302,0.99294,0.99302,4
2012-03-16 07:03:00,0.99308,0.99308,0.99296,0.99296,7
2012-03-16 07:04:00,0.99311,0.99313,0.99311,0.99311,3
2012-03-16 07:05:00,0.99319,0.99319,0.99313,0.99313,15
2012-03-16 07:06:00,0.99311,0.99319,0.99311,0.99317,7
2012-03-16 07:07:00,0.99319,0.99319,0.99313,0.99313,7
2012-03-16 07:08:00,0.99308,0.99317,0.99308,0.99317,4
2012-03-16 07:09:00,0.99297,0.99305,0.99294,0.99305,8
2012-03-16 07:10:00,0.99305,0.99305,0.99291,0.99294,11
2012-03-16 07:11:00,0.99316,0.99316,0.99308,0.99308,4
2012-03-16 07:12:00,0.99314,0.99314,0.99314,0.99314,1
2012-03-16 07:13:00,0.99328,0.99328,0.99316,0.99316,5
2012-03-16 07:14:00,0.99359,0.99359,0.9933,0.9933,11
2012-03-16 07:15:00,0.99336,0.99356,0.99336,0.99356,8
2012-03-16 07:16:00,0.99331,0.99339,0.99331,0.99334,8
2012-03-16 07:17:00,0.99336,0.99339,0.99331,0.99333,14
2012-03-16 07:18:00,0.99353,0.99353,0.99339,0.99339,10
2012-03-16 07:19:00,0.99362,0.99364,0.99356,0.99356,5
2012-03-16 07:20:00,0.99351,0.99364,0.99351,0.99364,6
2012-03-16 07:21:00,0.99353,0.99353,0.99348,0.99348,3
2012-03-16 07:22:00,0.99348,0.99354,0.99348,0.99351,10
2012-03-16 07:23:00,0.99352,0.99352,0.9935,0.9935,4
2012-03-16 07:24:00,0.99354,0.99358,0.99354,0.99354,5
2012-03-16 07:25:00,0.99358,0.99364,0.99356,0.99356,9
2012-03-16 07:26:00,0.99334,0.99362,0.99328,0.9936,21
2012-03-16 07:27:00,0.9933,0.99332,0.9933,0.99332,2
2012-03-16 07:28:00,0.9936,0.99362,0.99332,0.99332,24
2012-03-16 07:29:00,0.99348,0.99358,0.99346,0.99358,9
2012-03-16 07:30:00,0.9935,0.9935,0.9935,0.9935,1
2012-03-16 07:31:00,0.99362,0.99364,0.9935,0.99352,13
2012-03-16 07:32:00,0.99356,0.99364,0.99356,0.99364,5
2012-03-16 07:33:00,0.99358,0.99358,0.9935,0.99352,6
2012-03-16 07:34:00,0.99368,0.99368,0.99362,0.99362,8
2012-03-16 07:35:00,0.99364,0.99366,0.99364,0.99366,4
2012-03-16 07:36:00,0.99362,0.99374,0.99362,0.99366,9
2012-03-16 07:37:00,0.99362,0.99362,0.9936,0.9936,2
2012-03-16 07:38:00,0.99356,0.9936,0.99348,0.9936,10
2012-03-16 07:39:00,0.9936,0.99364,0.99358,0.99358,5
2012-03-16 07:40:00,0.99352,0.99358,0.9935,0.99358,5
2012-03-16 07:41:00,0.99318,0.9935,0.99318,0.9935,22
2012-03-16 07:42:00,0.99314,0.99316,0.99312,0.99316,8
2012-03-16 07:43:00,0.99318,0.99324,0.99316,0.99316,8
2012-03-16 07:44:00,0.99316,0.99318,0.99312,0.99316,9
2012-03-16 07:45:00,0.99304,0.99314,0.99304,0.99314,5
2012-03-16 07:47:00,0.99302,0.99302,0.9929,0.99302,14
2012-03-16 07:48:00,0.99302,0.99302,0.99298,0.993,6
2012-03-16 07:49:00,0.99302,0.99302,0.99298,0.993,4
2012-03-16 07:50:00,0.99312,0.99312,0.99306,0.99306,4
2012-03-16 07:53:00,0.99314,0.99314,0.99312,0.99314,3
2012-03-16 07:54:00,0.99336,0.99336,0.99318,0.99318,11
2012-03-16 07:55:00,0.99328,0.99334,0.99326,0.99334,6
2012-03-16 07:56:00,0.99324,0.99328,0.99324,0.99326,6
2012-03-16 07:57:00,0.99326,0.99328,0.99326,0.99326,3
2012-03-16 07:58:00,0.99326,0.9933,0.99326,0.99328,4
2012-03-16 07:59:00,0.99332,0.99332,0.99326,0.99328,7
2012-03-16 08:00:00,0.99334,0.99334,0.99326,0.9933,7
2012-03-16 08:01:00,0.9935,0.99352,0.99336,0.99336,8
2012-03-16 08:02:00,0.99338,0.99348,0.99332,0.99348,13
2012-03-16 08:03:00,0.99346,0.9935,0.99336,0.9934,24
2012-03-16 08:04:00,0.99346,0.99346,0.99336,0.99344,12
2012-03-16 08:05:00,0.99342,0.99344,0.99338,0.99344,12
2012-03-16 08:06:00,0.99336,0.9934,0.99336,0.9934,5
2012-03-16 08:07:00,0.99356,0.99356,0.99338,0.99338,15
2012-03-16 08:08:00,0.99358,0.99362,0.99356,0.99358,8
2012-03-16 08:09:00,0.99348,0.99356,0.99346,0.99356,14
2012-03-16 08:10:00,0.9934,0.9935,0.99338,0.9935,9
2012-03-16 08:11:00,0.99342,0.99342,0.99338,0.99338,5
2012-03-16 08:12:00,0.99354,0.99354,0.99338,0.9934,19
2012-03-16 08:13:00,0.99354,0.99358,0.99348,0.99352,10
2012-03-16 08:14:00,0.99356,0.99356,0.9935,0.99352,11
2012-03-16 08:15:00,0.9936,0.99372,0.99358,0.99358,25
2012-03-16 08:16:00,0.9936,0.99362,0.9936,0.99362,6
2012-03-16 08:17:00,0.9935,0.9936,0.9935,0.99358,14
2012-03-16 08:18:00,0.99352,0.99354,0.99352,0.99352,3
2012-03-16 08:19:00,0.9934,0.9935,0.9934,0.9935,7
2012-03-16 08:20:00,0.99342,0.99346,0.99338,0.99338,15
2012-03-16 08:21:00,0.99332,0.9934,0.99328,0.9934,16
2012-03-16 08:22:00,0.99338,0.99342,0.99334,0.99334,14
2012-03-16 08:23:00,0.99322,0.99336,0.99322,0.99336,17
2012-03-16 08:24:00,0.99322,0.99326,0.99322,0.99324,10
2012-03-16 08:25:00,0.99304,0.99318,0.99304,0.99318,11
2012-03-16 08:26:00,0.99322,0.99324,0.99302,0.99302,16
2012-03-16 08:27:00,0.99342,0.99342,0.99324,0.99324,20
2012-03-16 08:28:00,0.9933,0.9934,0.99326,0.9934,15
2012-03-16 08:29:00,0.99336,0.99336,0.99328,0.99328,9
2012-03-16 08:30:00,0.9933,0.99336,0.9933,0.99334,11
2012-03-16 08:31:00,0.99332,0.99336,0.9933,0.99332,9
2012-03-16 08:32:00,0.99352,0.99352,0.99328,0.9933,18
2012-03-16 08:33:00,0.99368,0.99368,0.99352,0.99354,23
2012-03-16 08:34:00,0.99362,0.99374,0.99362,0.99372,11
2012-03-16 08:35:00,0.9937,0.99372,0.99364,0.99364,9
2012-03-16 08:36:00,0.99374,0.99374,0.99366,0.99368,16
2012-03-16 08:37:00,0.9938,0.9938,0.9937,0.99372,7
2012-03-16 08:38:00,0.9938,0.9938,0.99378,0.99378,10
2012-03-16 08:39:00,0.99388,0.99394,0.99384,0.99384,8
2012-03-16 08:40:00,0.99392,0.99396,0.9939,0.9939,8
2012-03-16 08:41:00,0.99376,0.9939,0.9937,0.9939,16
2012-03-16 08:42:00,0.99358,0.99374,0.99352,0.99374,17
2012-03-16 08:43:00,0.99386,0.99386,0.99358,0.99362,25
2012-03-16 08:44:00,0.9938,0.9939,0.99374,0.99388,14
2012-03-16 08:45:00,0.99398,0.99398,0.99382,0.99384,17
2012-03-16 08:46:00,0.99402,0.9941,0.994,0.994,15
2012-03-16 08:48:00,0.99408,0.99408,0.99402,0.99404,9
2012-03-16 08:49:00,0.9939,0.99406,0.99382,0.99406,15
2012-03-16 08:50:00,0.99384,0.99394,0.99384,0.99394,9
2012-03-16 08:51:00,0.99374,0.99384,0.99374,0.99382,16
2012-03-16 08:52:00,0.9939,0.9939,0.99376,0.99376,7
2012-03-16 08:53:00,0.99394,0.99394,0.99384,0.99388,11
2012-03-16 08:54:00,0.99388,0.99392,0.99382,0.99392,10
2012-03-16 08:55:00,0.99382,0.9939,0.99382,0.9939,5
2012-03-16 08:56:00,0.99374,0.99382,0.99374,0.9938,7
2012-03-16 08:58:00,0.99384,0.99386,0.99368,0.99372,16
2012-03-16 08:59:00,0.9937,0.99386,0.9937,0.99386,8
2012-03-16 09:00:00,0.99384,0.99384,0.9937,0.99372,18
2012-03-16 09:01:00,0.9937,0.99386,0.99368,0.99386,10
2012-03-16 09:02:00,0.99364,0.99368,0.99356,0.99368,16
2012-03-16 09:03:00,0.99378,0.9938,0.99366,0.99366,8
2012-03-16 09:05:00,0.99368,0.99376,0.99362,0.99376,10
2012-03-16 09:06:00,0.99368,0.99368,0.99364,0.99366,8
2012-03-16 09:07:00,0.99374,0.99374,0.99368,0.99372,8
2012-03-16 09:08:00,0.99376,0.9938,0.99376,0.99376,7
2012-03-16 09:09:00,0.9937,0.99378,0.9937,0.99378,5
2012-03-16 09:10:00,0.99358,0.99368,0.99358,0.99368,9
2012-03-16 09:11:00,0.99352,0.9936,0.99352,0.9936,4
2012-03-16 09:12:00,0.99354,0.99354,0.99354,0.99354,1
2012-03-16 09:13:00,0.99364,0.99364,0.99356,0.99356,14
2012-03-16 09:14:00,0.99362,0.99374,0.9936,0.99366,23
2012-03-16 09:15:00,0.99378,0.99378,0.99364,0.99364,9
2012-03-16 09:16:00,0.99366,0.99376,0.9936,0.99376,15
2012-03-16 09:17:00,0.99364,0.99364,0.9936,0.99364,13
2012-03-16 09:18:00,0.9937,0.99378,0.99366,0.99366,20
2012-03-16 09:19:00,0.99368,0.99368,0.9936,0.99368,20
2012-03-16 09:20:00,0.99372,0.99374,0.9937,0.99372,7
2012-03-16 09:21:00,0.99372,0.9938,0.9937,0.99374,22
2012-03-16 09:22:00,0.9935,0.9937,0.99344,0.9937,51
2012-03-16 09:23:00,0.99328,0.99352,0.99328,0.99352,17
2012-03-16 09:24:00,0.99312,0.99326,0.99312,0.99326,7
2012-03-16 09:25:00,0.99324,0.99324,0.99314,0.99314,10
2012-03-16 09:26:00,0.99324,0.99324,0.99318,0.99322,12
2012-03-16 09:27:00,0.99296,0.99322,0.99296,0.99322,12
2012-03-16 09:28:00,0.9931,0.99314,0.99298,0.99298,12
2012-03-16 09:30:00,0.99312,0.99324,0.99312,0.99312,22
2012-03-16 09:31:00,0.99302,0.9931,0.99302,0.9931,8
2012-03-16 09:32:00,0.99306,0.99306,0.993,0.99304,10
2012-03-16 09:33:00,0.9931,0.9931,0.99304,0.99304,10
2012-03-16 09:34:00,0.993,0.99314,0.993,0.99312,11
2012-03-16 09:35:00,0.9929,0.993,0.9929,0.99296,8
2012-03-16 09:38:00,0.9929,0.9929,0.99282,0.99288,11
2012-03-16 09:39:00,0.99298,0.99298,0.99294,0.99294,3
2012-03-16 09:40:00,0.993,0.993,0.993,0.993,1
2012-03-16 09:41:00,0.9931,0.9931,0.993,0.99302,8
2012-03-16 09:42:00,0.9932,0.9932,0.9931,0.99312,12
2012-03-16 09:43:00,0.99322,0.99328,0.99314,0.99322,20
2012-03-16 09:44:00,0.99334,0.9934,0.99316,0.99318,17
2012-03-16 09:45:00,0.99346,0.99346,0.99336,0.99336,18
2012-03-16 09:46:00,0.99348,0.99352,0.99344,0.99344,12
2012-03-16 09:47:00,0.99318,0.99348,0.99316,0.99346,22
2012-03-16 09:48:00,0.99304,0.99316,0.99304,0.99316,8
2012-03-16 09:49:00,0.99314,0.9932,0.99302,0.99302,18
2012-03-16 09:50:00,0.99298,0.99312,0.99296,0.99312,8
2012-03-16 09:51:00,0.9932,0.9932,0.993,0.993,23
2012-03-16 09:52:00,0.9932,0.99324,0.99316,0.99318,12
2012-03-16 09:53:00,0.99322,0.99324,0.99316,0.99318,7
2012-03-16 09:54:00,0.9932,0.9932,0.99316,0.9932,5
2012-03-16 09:55:00,0.99322,0.99324,0.9932,0.99322,15
2012-03-16 09:56:00,0.99336,0.99346,0.99324,0.99324,19
2012-03-16 09:57:00,0.99346,0.99346,0.99338,0.99338,11
2012-03-16 09:58:00,0.99348,0.9935,0.99346,0.9935,6
2012-03-16 09:59:00,0.9934,0.99352,0.99332,0.99346,17
2012-03-16 10:00:00,0.99334,0.99342,0.99332,0.99342,13
2012-03-16 10:01:00,0.99332,0.99336,0.99332,0.99336,3
2012-03-16 10:02:00,0.99322,0.9933,0.99322,0.99328,6
2012-03-16 10:03:00,0.99328,0.9933,0.99316,0.99318,13
2012-03-16 10:04:00,0.99316,0.9933,0.99316,0.9933,7
2012-03-16 10:05:00,0.9931,0.99314,0.9931,0.99314,3
2012-03-16 10:06:00,0.9931,0.99312,0.99304,0.99306,13
2012-03-16 10:07:00,0.99334,0.99334,0.99308,0.99308,12
2012-03-16 10:08:00,0.9935,0.9935,0.99336,0.99336,8
2012-03-16 10:09:00,0.99378,0.9938,0.9935,0.99352,22
2012-03-16 10:10:00,0.9935,0.99376,0.99348,0.99376,22
2012-03-16 10:11:00,0.99338,0.99348,0.99334,0.99348,15
2012-03-16 10:12:00,0.99346,0.9935,0.9934,0.9934,16
2012-03-16 10:13:00,0.99338,0.99344,0.99338,0.99344,10
2012-03-16 10:14:00,0.99334,0.99346,0.99332,0.9934,34
2012-03-16 10:15:00,0.99332,0.9934,0.99332,0.99332,9
2012-03-16 10:16:00,0.9933,0.99334,0.99328,0.99334,4
2012-03-16 10:18:00,0.9932,0.99328,0.99318,0.99328,12
2012-03-16 10:19:00,0.9933,0.9933,0.99318,0.99318,6
2012-03-16 10:20:00,0.9933,0.99334,0.99328,0.99328,6
2012-03-16 10:21:00,0.99318,0.99328,0.99312,0.99328,15
2012-03-16 10:22:00,0.9931,0.99316,0.9931,0.99316,8
2012-03-16 10:23:00,0.9929,0.99306,0.9929,0.99306,10
2012-03-16 10:25:00,0.99284,0.99288,0.99282,0.99288,4
2012-03-16 10:26:00,0.993,0.993,0.99286,0.99286,11
2012-03-16 10:27:00,0.99302,0.99302,0.99298,0.99302,5
2012-03-16 10:28:00,0.99292,0.993,0.9929,0.993,9
2012-03-16 10:29:00,0.9932,0.9932,0.99294,0.99294,12
2012-03-16 10:30:00,0.9933,0.9933,0.99322,0.99322,6
2012-03-16 10:31:00,0.99336,0.99336,0.99332,0.99332,3
2012-03-16 10:32:00,0.99338,0.9934,0.99336,0.9934,4
2012-03-16 10:33:00,0.99322,0.9934,0.99322,0.9934,11
2012-03-16 10:34:00,0.9932,0.9932,0.99312,0.99318,8
2012-03-16 10:35:00,0.99312,0.99318,0.9931,0.99318,6
2012-03-16 10:36:00,0.9931,0.9932,0.9931,0.99314,9
2012-03-16 10:37:00,0.99312,0.99312,0.9931,0.99312,7
2012-03-16 10:38:00,0.99302,0.99312,0.99302,0.9931,6
2012-03-16 10:39:00,0.9931,0.9931,0.99292,0.993,12
2012-03-16 10:40:00,0.99322,0.99328,0.99312,0.99312,16
2012-03-16 10:41:00,0.9933,0.99334,0.99324,0.99324,10
2012-03-16 10:42:00,0.9935,0.99358,0.99332,0.99332,16
2012-03-16 10:43:00,0.99346,0.99348,0.99346,0.99348,4
2012-03-16 10:44:00,0.9936,0.99368,0.99348,0.99348,20
2012-03-16 10:45:00,0.9935,0.99362,0.9935,0.99358,16
2012-03-16 10:46:00,0.99368,0.99368,0.9934,0.99348,16
2012-03-16 10:47:00,0.99364,0.99368,0.99358,0.99366,24
2012-03-16 10:48:00,0.9936,0.99372,0.9936,0.99362,16
2012-03-16 10:49:00,0.99344,0.99358,0.99344,0.99358,19
2012-03-16 10:50:00,0.99378,0.9938,0.9934,0.9934,21
2012-03-16 10:51:00,0.99386,0.99388,0.99378,0.9938,17
2012-03-16 10:52:00,0.99358,0.99394,0.99356,0.99388,32
2012-03-16 10:53:00,0.9936,0.99362,0.99348,0.99356,13
2012-03-16 10:54:00,0.9934,0.99358,0.9934,0.99358,8
2012-03-16 10:55:00,0.99352,0.99366,0.99342,0.99342,27
2012-03-16 10:56:00,0.9934,0.99364,0.99338,0.9935,27
2012-03-16 10:57:00,0.9934,0.99342,0.99332,0.99338,14
2012-03-16 10:58:00,0.9934,0.9934,0.99324,0.99338,34
2012-03-16 10:59:00,0.9934,0.9935,0.99338,0.99342,20
2012-03-16 11:00:00,0.99332,0.99344,0.99332,0.99338,12
2012-03-16 11:01:00,0.99322,0.99332,0.99318,0.99328,27
2012-03-16 11:02:00,0.99324,0.9933,0.99318,0.9932,22
2012-03-16 11:03:00,0.99324,0.99334,0.99324,0.99326,18
2012-03-16 11:04:00,0.99288,0.99332,0.99288,0.99326,39
2012-03-16 11:05:00,0.99302,0.99306,0.99284,0.99284,18
2012-03-16 11:06:00,0.9929,0.993,0.99288,0.993,19
2012-03-16 11:07:00,0.9926,0.99288,0.9926,0.99288,40
2012-03-16 11:08:00,0.99248,0.99258,0.99248,0.99258,13
2012-03-16 11:09:00,0.99262,0.99264,0.99248,0.9925,20
2012-03-16 11:10:00,0.9925,0.99262,0.9925,0.9926,11
2012-03-16 11:11:00,0.99252,0.99256,0.9925,0.99252,9
2012-03-16 11:12:00,0.99256,0.99256,0.99248,0.9925,6
2012-03-16 11:13:00,0.9925,0.99254,0.99238,0.99254,27
2012-03-16 11:14:00,0.9925,0.99252,0.9924,0.99252,10
2012-03-16 11:15:00,0.9926,0.99266,0.9925,0.99252,16
2012-03-16 11:16:00,0.9926,0.99264,0.99258,0.99258,6
2012-03-16 11:17:00,0.99262,0.99262,0.99258,0.99262,5
2012-03-16 11:18:00,0.9926,0.9926,0.99258,0.9926,3
2012-03-16 11:19:00,0.99266,0.99266,0.99262,0.99262,3
2012-03-16 11:20:00,0.99264,0.99266,0.99264,0.99264,3
2012-03-16 11:21:00,0.99242,0.99262,0.9924,0.99262,11
2012-03-16 11:22:00,0.99228,0.99242,0.99228,0.9924,8
2012-03-16 11:23:00,0.9923,0.99234,0.99226,0.9923,27
2012-03-16 11:24:00,0.9924,0.99242,0.99222,0.99228,18
2012-03-16 11:25:00,0.99258,0.99258,0.99242,0.99242,8
2012-03-16 11:26:00,0.99254,0.99256,0.99252,0.99256,10
2012-03-16 11:27:00,0.9925,0.99252,0.99244,0.99252,12
2012-03-16 11:28:00,0.9925,0.99252,0.9925,0.99252,2
2012-03-16 11:29:00,0.99258,0.99262,0.99246,0.99252,20
2012-03-16 11:30:00,0.99226,0.99256,0.99226,0.99256,26
2012-03-16 11:31:00,0.99236,0.99246,0.99228,0.99228,28
2012-03-16 11:32:00,0.99242,0.99242,0.99234,0.99238,23
2012-03-16 11:33:00,0.9923,0.99246,0.99226,0.99244,27
2012-03-16 11:34:00,0.99242,0.9925,0.99224,0.99228,31
2012-03-16 11:35:00,0.99246,0.99246,0.99232,0.9924,20
2012-03-16 11:36:00,0.99242,0.99244,0.99232,0.99244,12
2012-03-16 11:37:00,0.9925,0.9925,0.99236,0.9924,21
2012-03-16 11:38:00,0.99252,0.99252,0.99252,0.99252,1
2012-03-16 11:39:00,0.99258,0.99264,0.99254,0.99254,8
2012-03-16 11:40:00,0.99262,0.99264,0.9926,0.9926,6
2012-03-16 11:41:00,0.99262,0.99264,0.99258,0.9926,6
2012-03-16 11:42:00,0.99242,0.9926,0.99232,0.9926,20
2012-03-16 11:43:00,0.99252,0.99252,0.9924,0.99244,12
2012-03-16 11:44:00,0.99264,0.99264,0.99252,0.99254,7
2012-03-16 11:45:00,0.99262,0.9928,0.99262,0.99266,23
2012-03-16 11:46:00,0.99256,0.99268,0.99256,0.99264,9
2012-03-16 11:47:00,0.9923,0.99254,0.99226,0.99252,44
2012-03-16 11:48:00,0.99242,0.99242,0.99228,0.99228,15
2012-03-16 11:49:00,0.99238,0.9924,0.99232,0.9924,10
2012-03-16 11:50:00,0.99222,0.99242,0.99222,0.9924,17
2012-03-16 11:51:00,0.99234,0.99234,0.99216,0.99224,24
2012-03-16 11:52:00,0.9924,0.99242,0.99232,0.99236,20
2012-03-16 11:53:00,0.99222,0.99244,0.99222,0.99242,14
2012-03-16 11:54:00,0.99222,0.99224,0.99218,0.99224,19
2012-03-16 11:55:00,0.99228,0.99236,0.99224,0.99224,14
2012-03-16 11:56:00,0.9922,0.9923,0.99218,0.99226,11
2012-03-16 11:57:00,0.99222,0.99228,0.9922,0.99222,10
2012-03-16 11:58:00,0.99234,0.9924,0.99224,0.99224,15
2012-03-16 11:59:00,0.99236,0.9924,0.99226,0.99232,15
2012-03-16 12:00:00,0.99254,0.99254,0.99236,0.99238,28
2012-03-16 12:01:00,0.99252,0.99256,0.99244,0.99256,31
2012-03-16 12:02:00,0.99252,0.99262,0.9925,0.99254,22
2012-03-16 12:03:00,0.9924,0.99252,0.9924,0.9925,13
2012-03-16 12:04:00,0.99252,0.99254,0.99224,0.99238,45
2012-03-16 12:05:00,0.99232,0.99254,0.99222,0.99254,22
2012-03-16 12:06:00,0.99274,0.99274,0.99226,0.9923,29
2012-03-16 12:07:00,0.9927,0.99274,0.99252,0.99272,24
2012-03-16 12:08:00,0.99262,0.99274,0.9926,0.99272,19
2012-03-16 12:09:00,0.9927,0.99284,0.99264,0.99264,17
2012-03-16 12:10:00,0.9927,0.99272,0.9927,0.99272,4
2012-03-16 12:11:00,0.9926,0.99274,0.9926,0.99272,8
2012-03-16 12:12:00,0.99254,0.99258,0.9925,0.99258,8
2012-03-16 12:13:00,0.99236,0.99256,0.99236,0.99256,14
2012-03-16 12:14:00,0.99248,0.9925,0.99238,0.99238,15
2012-03-16 12:15:00,0.99254,0.99254,0.99248,0.9925,9
2012-03-16 12:16:00,0.99234,0.99252,0.99234,0.99252,17
2012-03-16 12:17:00,0.99204,0.99232,0.99204,0.99232,26
2012-03-16 12:18:00,0.99204,0.99222,0.99204,0.99206,20
2012-03-16 12:19:00,0.9923,0.9924,0.99204,0.99206,29
2012-03-16 12:20:00,0.99232,0.9924,0.99212,0.99228,26
2012-03-16 12:21:00,0.9925,0.9925,0.99234,0.99234,8
2012-03-16 12:22:00,0.9925,0.99254,0.99248,0.99248,12
2012-03-16 12:23:00,0.99244,0.99252,0.99244,0.99252,5
2012-03-16 12:24:00,0.9924,0.99242,0.99238,0.9924,9
2012-03-16 12:25:00,0.9922,0.9924,0.99218,0.99238,14
2012-03-16 12:26:00,0.99206,0.99222,0.99206,0.99218,20
2012-03-16 12:27:00,0.99204,0.99204,0.992,0.99204,5
2012-03-16 12:28:00,0.99214,0.99214,0.99206,0.99206,5
2012-03-16 12:29:00,0.99256,0.99264,0.99218,0.99218,36
2012-03-16 12:30:00,0.9927,0.99294,0.99244,0.99252,104
2012-03-16 12:31:00,0.99184,0.99274,0.99184,0.99272,55
2012-03-16 12:32:00,0.99158,0.99186,0.99104,0.99182,101
2012-03-16 12:33:00,0.99152,0.99184,0.99116,0.9916,124
2012-03-16 12:34:00,0.99158,0.99158,0.99124,0.9915,111
2012-03-16 12:35:00,0.99144,0.99156,0.9913,0.99156,44
2012-03-16 12:36:00,0.99124,0.99142,0.99094,0.99142,54
2012-03-16 12:37:00,0.99152,0.99152,0.99094,0.99128,93
2012-03-16 12:38:00,0.99124,0.99158,0.99114,0.9915,91
2012-03-16 12:39:00,0.99112,0.9914,0.99104,0.99128,71
2012-03-16 12:40:00,0.99128,0.99142,0.99114,0.99114,58
2012-03-16 12:41:00,0.99132,0.9914,0.99112,0.99126,70
2012-03-16 12:42:00,0.99132,0.99142,0.99126,0.9913,26
2012-03-16 12:43:00,0.9912,0.99142,0.99118,0.9913,49
2012-03-16 12:44:00,0.9914,0.9914,0.9912,0.99122,22
2012-03-16 12:45:00,0.99112,0.99138,0.9911,0.99138,28
2012-03-16 12:46:00,0.99076,0.99114,0.99056,0.9911,76
2012-03-16 12:47:00,0.9908,0.9909,0.99072,0.99074,30
2012-03-16 12:48:00,0.9908,0.9908,0.99058,0.99078,58
2012-03-16 12:49:00,0.9909,0.99092,0.99072,0.99078,26
2012-03-16 12:50:00,0.9904,0.9909,0.99026,0.99088,81
2012-03-16 12:51:00,0.99064,0.99066,0.99018,0.99042,98
2012-03-16 12:52:00,0.99082,0.99084,0.99056,0.99062,37
2012-03-16 12:53:00,0.99118,0.99122,0.99072,0.9908,43
2012-03-16 12:54:00,0.99076,0.99116,0.99072,0.99116,41
2012-03-16 12:55:00,0.99106,0.99106,0.9906,0.99074,91
2012-03-16 12:56:00,0.99112,0.99124,0.99092,0.99108,48
2012-03-16 12:57:00,0.99142,0.99142,0.99114,0.99114,35
2012-03-16 12:58:00,0.99128,0.99154,0.99122,0.9914,62
2012-03-16 12:59:00,0.9908,0.99126,0.99062,0.99126,53
2012-03-16 13:00:00,0.9907,0.99084,0.99066,0.99078,33
2012-03-16 13:01:00,0.99112,0.9912,0.99062,0.99068,61
2012-03-16 13:02:00,0.99112,0.99128,0.99104,0.99114,74
2012-03-16 13:03:00,0.99102,0.99128,0.99102,0.99114,54
2012-03-16 13:04:00,0.99084,0.99104,0.9908,0.991,45
2012-03-16 13:05:00,0.99074,0.99092,0.99052,0.99086,42
2012-03-16 13:06:00,0.99064,0.99072,0.99048,0.99072,40
2012-03-16 13:07:00,0.99072,0.99084,0.9906,0.99066,37
2012-03-16 13:08:00,0.99072,0.99078,0.99052,0.9907,44
2012-03-16 13:09:00,0.9905,0.99072,0.99048,0.9907,35
2012-03-16 13:10:00,0.9904,0.99064,0.99038,0.99048,34
2012-03-16 13:11:00,0.99024,0.9904,0.9901,0.99038,46
2012-03-16 13:12:00,0.99016,0.99046,0.99014,0.99022,46
2012-03-16 13:13:00,0.99024,0.99024,0.99012,0.99014,18
2012-03-16 13:14:00,0.99037,0.99037,0.99028,0.99028,11
2012-03-16 13:15:00,0.99062,0.99064,0.99041,0.99041,34
2012-03-16 13:16:00,0.9908,0.99084,0.99056,0.9906,45
2012-03-16 13:17:00,0.99092,0.99102,0.99074,0.99082,59
2012-03-16 13:18:00,0.99092,0.99098,0.99078,0.99094,23
2012-03-16 13:19:00,0.9909,0.99092,0.99086,0.9909,11
2012-03-16 13:20:00,0.99086,0.9909,0.9907,0.99088,26
2012-03-16 13:21:00,0.99078,0.99088,0.99074,0.99084,22
2012-03-16 13:22:00,0.99074,0.99086,0.99066,0.99074,49
2012-03-16 13:23:00,0.99074,0.99086,0.99074,0.99076,28
2012-03-16 13:24:00,0.99086,0.99086,0.9907,0.99072,21
2012-03-16 13:25:00,0.99066,0.99084,0.99062,0.99084,22
2012-03-16 13:26:00,0.99048,0.99066,0.99046,0.99064,16
2012-03-16 13:27:00,0.99052,0.99054,0.99046,0.9905,26
2012-03-16 13:28:00,0.99058,0.99064,0.9905,0.9905,14
2012-03-16 13:29:00,0.99058,0.99058,0.99052,0.99056,7
2012-03-16 13:30:00,0.99086,0.99086,0.99062,0.99062,13
2012-03-16 13:31:00,0.99124,0.99124,0.99088,0.99088,32
2012-03-16 13:32:00,0.99106,0.99128,0.99106,0.99128,20
2012-03-16 13:33:00,0.99098,0.99108,0.99094,0.99104,19
2012-03-16 13:34:00,0.991,0.99106,0.99094,0.991,27
2012-03-16 13:35:00,0.99088,0.99102,0.99088,0.99102,18
2012-03-16 13:36:00,0.99092,0.99094,0.99084,0.9909,29
2012-03-16 13:37:00,0.99092,0.99102,0.99088,0.99096,23
2012-03-16 13:38:00,0.99058,0.9909,0.99048,0.9909,37
2012-03-16 13:39:00,0.99056,0.99064,0.99056,0.99062,36
2012-03-16 13:40:00,0.99058,0.99058,0.99018,0.99052,56
2012-03-16 13:41:00,0.99068,0.99074,0.9906,0.99062,39
2012-03-16 13:42:00,0.99052,0.99072,0.99046,0.9907,64
2012-03-16 13:43:00,0.99068,0.99076,0.9905,0.9905,40
2012-03-16 13:44:00,0.99066,0.99084,0.99062,0.9907,35
2012-03-16 13:45:00,0.99076,0.99078,0.99062,0.99062,13
2012-03-16 13:46:00,0.9908,0.9908,0.9906,0.99078,38
2012-03-16 13:47:00,0.99082,0.99092,0.99068,0.99078,50
2012-03-16 13:48:00,0.9908,0.99098,0.99078,0.99084,59
2012-03-16 13:49:00,0.9907,0.99078,0.99058,0.99078,30
2012-03-16 13:50:00,0.99038,0.9907,0.99036,0.99068,29
2012-03-16 13:51:00,0.99052,0.99052,0.99018,0.99036,36
2012-03-16 13:52:00,0.99078,0.99078,0.99046,0.99054,37
2012-03-16 13:53:00,0.99084,0.99086,0.99076,0.99076,28
2012-03-16 13:54:00,0.99077,0.99086,0.99068,0.99082,29
2012-03-16 13:55:00,0.99098,0.99102,0.99069,0.99073,41
2012-03-16 13:56:00,0.9911,0.99114,0.991,0.991,41
2012-03-16 13:57:00,0.9911,0.9912,0.99108,0.99112,23
2012-03-16 13:58:00,0.99122,0.99124,0.99102,0.99106,38
2012-03-16 13:59:00,0.99136,0.99142,0.99116,0.9912,45
2012-03-16 14:00:00,0.99148,0.99154,0.99138,0.99138,57
2012-03-16 14:01:00,0.99118,0.99162,0.99118,0.9915,36
2012-03-16 14:02:00,0.99126,0.9913,0.99104,0.9912,51
2012-03-16 14:03:00,0.99098,0.99124,0.99096,0.99124,53
2012-03-16 14:04:00,0.99084,0.99098,0.99082,0.99096,58
2012-03-16 14:05:00,0.9909,0.99102,0.99084,0.99086,57
2012-03-16 14:06:00,0.9909,0.99102,0.99088,0.99092,23
2012-03-16 14:07:00,0.99102,0.99102,0.99092,0.99092,16
2012-03-16 14:08:00,0.99112,0.99114,0.991,0.991,40
2012-03-16 14:09:00,0.99112,0.99122,0.9911,0.99114,17
2012-03-16 14:10:00,0.99144,0.99146,0.99114,0.99114,18
2012-03-16 14:11:00,0.9915,0.99154,0.99114,0.99142,40
2012-03-16 14:12:00,0.99144,0.99148,0.9914,0.99148,10
2012-03-16 14:13:00,0.99132,0.99154,0.99128,0.99146,29
2012-03-16 14:14:00,0.9912,0.99134,0.99116,0.99134,25
2012-03-16 14:15:00,0.99142,0.99142,0.99112,0.99118,43
2012-03-16 14:16:00,0.9915,0.99172,0.99136,0.9914,71
2012-03-16 14:17:00,0.99154,0.99156,0.99128,0.99148,62
2012-03-16 14:18:00,0.99162,0.99164,0.99144,0.99152,47
2012-03-16 14:19:00,0.9918,0.9918,0.99152,0.9916,46
2012-03-16 14:20:00,0.9918,0.99192,0.99162,0.99184,52
2012-03-16 14:21:00,0.99186,0.99186,0.99172,0.99184,30
2012-03-16 14:22:00,0.99184,0.99202,0.99182,0.99184,19
2012-03-16 14:23:00,0.99192,0.99192,0.99178,0.99186,12
2012-03-16 14:24:00,0.99186,0.99196,0.99178,0.9919,19
2012-03-16 14:25:00,0.99196,0.99206,0.99178,0.99184,28
2012-03-16 14:26:00,0.99224,0.9923,0.99198,0.99198,25
2012-03-16 14:27:00,0.99226,0.99234,0.99222,0.99222,23
2012-03-16 14:28:00,0.9923,0.99244,0.99224,0.99224,44
2012-03-16 14:29:00,0.99232,0.99244,0.99232,0.99232,22
2012-03-16 14:30:00,0.99262,0.99264,0.99226,0.99228,35
2012-03-16 14:31:00,0.99248,0.99274,0.99244,0.99264,48
2012-03-16 14:32:00,0.9928,0.9928,0.9925,0.9925,24
2012-03-16 14:33:00,0.99256,0.99278,0.99256,0.99278,35
2012-03-16 14:34:00,0.99222,0.99252,0.99218,0.99252,35
2012-03-16 14:35:00,0.99216,0.99224,0.9921,0.99224,31
2012-03-16 14:36:00,0.99222,0.99222,0.99204,0.99214,33
2012-03-16 14:37:00,0.99214,0.9922,0.99188,0.9922,41
2012-03-16 14:38:00,0.99212,0.99218,0.9921,0.99212,10
2012-03-16 14:39:00,0.99176,0.9921,0.99174,0.9921,30
2012-03-16 14:40:00,0.99158,0.99178,0.99156,0.99174,32
2012-03-16 14:41:00,0.99162,0.99164,0.99148,0.99156,20
2012-03-16 14:42:00,0.99154,0.9916,0.99148,0.9916,27
2012-03-16 14:43:00,0.99124,0.99152,0.99124,0.99152,27
2012-03-16 14:44:00,0.99102,0.99128,0.991,0.99122,23
2012-03-16 14:45:00,0.99106,0.99114,0.99104,0.99104,26
2012-03-16 14:46:00,0.99108,0.99108,0.99094,0.99108,21
2012-03-16 14:47:00,0.9912,0.9912,0.99108,0.9911,9
2012-03-16 14:48:00,0.99134,0.99134,0.99114,0.99122,22
2012-03-16 14:49:00,0.9915,0.99154,0.99136,0.99136,20
2012-03-16 14:50:00,0.9914,0.99154,0.99136,0.99148,22
2012-03-16 14:51:00,0.99152,0.99154,0.99142,0.99142,17
2012-03-16 14:52:00,0.99158,0.99162,0.99148,0.99154,17
2012-03-16 14:53:00,0.99148,0.99156,0.99146,0.99156,21
2012-03-16 14:54:00,0.99152,0.99162,0.9915,0.9915,22
2012-03-16 14:55:00,0.99156,0.99156,0.99146,0.99154,18
2012-03-16 14:56:00,0.99164,0.99168,0.99156,0.99158,29
2012-03-16 14:57:00,0.99156,0.99168,0.99156,0.99166,28
2012-03-16 14:58:00,0.9915,0.99154,0.99148,0.99152,20
2012-03-16 14:59:00,0.9916,0.99164,0.99148,0.99148,26
2012-03-16 15:00:00,0.99134,0.99158,0.99126,0.99158,24
2012-03-16 15:01:00,0.99136,0.99136,0.99134,0.99136,3
2012-03-16 15:02:00,0.99136,0.99136,0.99132,0.99134,8
2012-03-16 15:03:00,0.99134,0.99136,0.99134,0.99134,5
2012-03-16 15:04:00,0.99134,0.99136,0.99134,0.99136,4
2012-03-16 15:05:00,0.99124,0.99132,0.99124,0.99132,9
2012-03-16 15:06:00,0.99118,0.99126,0.99116,0.99126,6
2012-03-16 15:07:00,0.99136,0.99142,0.99118,0.9912,50
2012-03-16 15:08:00,0.9914,0.99144,0.99136,0.99138,26
2012-03-16 15:09:00,0.99124,0.99142,0.99116,0.99142,18
2012-03-16 15:10:00,0.99094,0.99122,0.99094,0.99122,25
2012-03-16 15:11:00,0.99112,0.99122,0.99096,0.99096,21
2012-03-16 15:12:00,0.99124,0.99124,0.9911,0.99114,26
2012-03-16 15:13:00,0.9912,0.99132,0.99116,0.99122,22
2012-03-16 15:14:00,0.99122,0.99122,0.99104,0.99118,35
2012-03-16 15:15:00,0.9914,0.99142,0.99124,0.99124,19
2012-03-16 15:16:00,0.99142,0.99152,0.99138,0.99142,27
2012-03-16 15:17:00,0.99142,0.99142,0.99136,0.9914,14
2012-03-16 15:18:00,0.99134,0.99152,0.99116,0.99144,39
2012-03-16 15:19:00,0.99158,0.99158,0.99136,0.99136,22
2012-03-16 15:20:00,0.9915,0.99174,0.9915,0.99162,24
2012-03-16 15:21:00,0.9917,0.99174,0.9915,0.99152,36
2012-03-16 15:22:00,0.99158,0.99172,0.99152,0.99168,26
2012-03-16 15:23:00,0.9917,0.99176,0.9915,0.99162,26
2012-03-16 15:24:00,0.9917,0.9918,0.9917,0.99172,24
2012-03-16 15:25:00,0.9916,0.99168,0.99158,0.99168,26
2012-03-16 15:26:00,0.9915,0.99164,0.99138,0.99162,36
2012-03-16 15:27:00,0.9915,0.99154,0.99146,0.99148,22
2012-03-16 15:28:00,0.9914,0.9915,0.9914,0.99148,10
2012-03-16 15:29:00,0.99152,0.99154,0.99142,0.99142,9
2012-03-16 15:30:00,0.99152,0.99154,0.9915,0.9915,4
2012-03-16 15:31:00,0.99176,0.99176,0.9915,0.9915,14
2012-03-16 15:32:00,0.99176,0.99178,0.99168,0.99178,10
2012-03-16 15:33:00,0.9918,0.9918,0.99172,0.99174,10
2012-03-16 15:34:00,0.99162,0.99186,0.99162,0.99184,30
2012-03-16 15:35:00,0.99188,0.99188,0.9916,0.9916,21
2012-03-16 15:36:00,0.992,0.99202,0.9919,0.9919,19
2012-03-16 15:37:00,0.99208,0.99212,0.99202,0.99202,21
2012-03-16 15:38:00,0.99218,0.9922,0.9921,0.9921,20
2012-03-16 15:39:00,0.99232,0.99232,0.99212,0.9922,40
2012-03-16 15:40:00,0.99242,0.99244,0.99226,0.9923,22
2012-03-16 15:41:00,0.99232,0.9924,0.99232,0.9924,5
2012-03-16 15:42:00,0.99242,0.99244,0.99234,0.99234,17
2012-03-16 15:43:00,0.99232,0.99254,0.99232,0.99244,17
2012-03-16 15:44:00,0.9923,0.99234,0.99218,0.99228,18
2012-03-16 15:45:00,0.99216,0.99228,0.99216,0.99228,26
2012-03-16 15:46:00,0.99204,0.99214,0.99196,0.99214,23
2012-03-16 15:47:00,0.99206,0.9921,0.99202,0.99202,21
2012-03-16 15:48:00,0.99224,0.9923,0.99202,0.99204,23
2012-03-16 15:49:00,0.99206,0.9923,0.99204,0.99226,17
2012-03-16 15:50:00,0.99206,0.99208,0.99196,0.99208,14
2012-03-16 15:51:00,0.9919,0.99212,0.99188,0.99208,37
2012-03-16 15:52:00,0.99178,0.99188,0.99178,0.99188,21
2012-03-16 15:53:00,0.99166,0.99174,0.99166,0.99174,13
2012-03-16 15:54:00,0.99164,0.99164,0.99156,0.99162,10
2012-03-16 15:55:00,0.9914,0.99162,0.9914,0.99162,24
2012-03-16 15:56:00,0.99142,0.99144,0.99138,0.99142,19
2012-03-16 15:57:00,0.99134,0.99142,0.99128,0.9914,27
2012-03-16 15:58:00,0.99132,0.99132,0.99116,0.99132,29
2012-03-16 15:59:00,0.99124,0.99154,0.99116,0.99134,65
2012-03-16 16:00:00,0.99156,0.99164,0.99128,0.99128,40
2012-03-16 16:01:00,0.99164,0.99168,0.99158,0.99158,30
2012-03-16 16:02:00,0.99184,0.99192,0.99166,0.99166,26
2012-03-16 16:03:00,0.99178,0.99184,0.99178,0.99182,19
2012-03-16 16:04:00,0.99168,0.99184,0.99168,0.99174,16
2012-03-16 16:05:00,0.99166,0.99166,0.99166,0.99166,1
2012-03-16 16:06:00,0.9916,0.99162,0.99156,0.99162,10
2012-03-16 16:07:00,0.99158,0.9916,0.99156,0.99158,7
2012-03-16 16:08:00,0.99148,0.99162,0.99148,0.9916,12
2012-03-16 16:09:00,0.99156,0.99162,0.9915,0.9915,13
2012-03-16 16:10:00,0.99146,0.99152,0.99146,0.99152,8
2012-03-16 16:11:00,0.99146,0.99148,0.99144,0.99148,4
2012-03-16 16:12:00,0.99146,0.99146,0.99144,0.99144,2
2012-03-16 16:13:00,0.99154,0.99154,0.99148,0.99148,6
2012-03-16 16:14:00,0.9914,0.99154,0.9914,0.99152,20
2012-03-16 16:15:00,0.99148,0.99152,0.99138,0.99138,29
2012-03-16 16:16:00,0.99154,0.99154,0.99144,0.99146,9
2012-03-16 16:17:00,0.99164,0.99164,0.99156,0.99156,4
2012-03-16 16:19:00,0.99154,0.99168,0.9915,0.99166,16
2012-03-16 16:20:00,0.9916,0.99166,0.99148,0.99152,14
2012-03-16 16:21:00,0.99162,0.99162,0.99156,0.99162,15
2012-03-16 16:22:00,0.9916,0.9916,0.9916,0.9916,1
2012-03-16 16:23:00,0.99158,0.99158,0.99148,0.99158,10
2012-03-16 16:24:00,0.99156,0.99164,0.99156,0.99162,10
2012-03-16 16:25:00,0.99138,0.99152,0.99138,0.99152,11
2012-03-16 16:26:00,0.9915,0.9915,0.9914,0.9914,7
2012-03-16 16:27:00,0.99138,0.99148,0.9913,0.99148,15
2012-03-16 16:28:00,0.99134,0.99136,0.99128,0.99136,7
2012-03-16 16:29:00,0.99144,0.99152,0.99136,0.99136,23
2012-03-16 16:30:00,0.99134,0.99146,0.99134,0.99146,14
2012-03-16 16:31:00,0.99144,0.99144,0.99136,0.99136,7
2012-03-16 16:32:00,0.9915,0.99154,0.99142,0.99142,14
2012-03-16 16:33:00,0.99146,0.99148,0.99146,0.99148,2
2012-03-16 16:34:00,0.99144,0.99144,0.99136,0.99144,10
2012-03-16 16:35:00,0.9914,0.99142,0.9914,0.99142,4
2012-03-16 16:36:00,0.99144,0.99144,0.9914,0.99142,10
2012-03-16 16:37:00,0.99142,0.99146,0.99138,0.99146,13
2012-03-16 16:38:00,0.99144,0.99144,0.9914,0.9914,5
2012-03-16 16:39:00,0.99138,0.99142,0.99138,0.99142,3
2012-03-16 16:40:00,0.99144,0.99144,0.9914,0.9914,7
2012-03-16 16:41:00,0.99146,0.9915,0.9914,0.99142,10
2012-03-16 16:42:00,0.99134,0.99144,0.99134,0.99144,5
2012-03-16 16:43:00,0.99132,0.99132,0.99126,0.9913,8
2012-03-16 16:44:00,0.99124,0.9913,0.99124,0.9913,16
2012-03-16 16:45:00,0.99122,0.99134,0.99116,0.99122,25
2012-03-16 16:46:00,0.9912,0.99122,0.99116,0.99118,6
2012-03-16 16:47:00,0.9913,0.99136,0.99122,0.99122,28
2012-03-16 16:48:00,0.99102,0.99128,0.991,0.99128,22
2012-03-16 16:49:00,0.99102,0.99112,0.99102,0.99104,12
2012-03-16 16:50:00,0.99108,0.99112,0.991,0.99104,17
2012-03-16 16:51:00,0.99132,0.99132,0.99104,0.9911,24
2012-03-16 16:52:00,0.99134,0.9914,0.99134,0.99134,6
2012-03-16 16:53:00,0.9913,0.99132,0.9913,0.9913,3
2012-03-16 16:54:00,0.9913,0.9913,0.99122,0.99128,8
2012-03-16 16:55:00,0.99142,0.99142,0.9913,0.99132,7
2012-03-16 16:57:00,0.99152,0.99154,0.99144,0.99144,10
2012-03-16 16:58:00,0.99156,0.99162,0.99154,0.99154,9
2012-03-16 16:59:00,0.9915,0.9916,0.99146,0.99158,18
2012-03-16 17:00:00,0.99158,0.99158,0.99144,0.99148,20
2012-03-16 17:01:00,0.99152,0.99158,0.99152,0.99156,5
2012-03-16 17:02:00,0.99156,0.99156,0.99152,0.99154,4
2012-03-16 17:03:00,0.99172,0.99178,0.99158,0.99158,28
2012-03-16 17:04:00,0.99166,0.99174,0.99166,0.99174,11
2012-03-16 17:06:00,0.99162,0.99162,0.9916,0.99162,5
2012-03-16 17:07:00,0.99172,0.99174,0.99164,0.99164,10
2012-03-16 17:08:00,0.99174,0.99174,0.99174,0.99174,1
2012-03-16 17:10:00,0.9918,0.9918,0.99176,0.99176,3
2012-03-16 17:11:00,0.99182,0.99184,0.99182,0.99184,2
2012-03-16 17:12:00,0.99184,0.99186,0.99184,0.99184,3
2012-03-16 17:13:00,0.99186,0.99186,0.99178,0.99182,7
2012-03-16 17:14:00,0.99184,0.99184,0.99184,0.99184,1
2012-03-16 17:15:00,0.99184,0.99186,0.9918,0.99182,8
2012-03-16 17:16:00,0.9919,0.9919,0.99186,0.99186,5
2012-03-16 17:17:00,0.9919,0.99192,0.99186,0.99192,8
2012-03-16 17:19:00,0.992,0.992,0.99192,0.99192,4
2012-03-16 17:20:00,0.992,0.992,0.99198,0.99198,2
2012-03-16 17:21:00,0.99198,0.99202,0.99196,0.99198,13
2012-03-16 17:22:00,0.992,0.99202,0.99196,0.99196,9
2012-03-16 17:23:00,0.992,0.992,0.99196,0.99198,6
2012-03-16 17:24:00,0.99194,0.99198,0.99188,0.99198,15
2012-03-16 17:25:00,0.99192,0.99192,0.99192,0.99192,1
2012-03-16 17:26:00,0.99184,0.9919,0.99184,0.9919,3
2012-03-16 17:27:00,0.9919,0.9919,0.99178,0.99186,19
2012-03-16 17:28:00,0.9919,0.9919,0.99184,0.99188,10
2012-03-16 17:29:00,0.99184,0.99188,0.99184,0.99188,3
2012-03-16 17:30:00,0.99184,0.99184,0.9918,0.99182,4
2012-03-16 17:31:00,0.99178,0.99182,0.99174,0.99182,6
2012-03-16 17:32:00,0.99174,0.9918,0.99174,0.99176,8
2012-03-16 17:34:00,0.99178,0.9918,0.99176,0.99176,10
2012-03-16 17:35:00,0.99182,0.99184,0.9918,0.9918,3
2012-03-16 17:36:00,0.99192,0.99192,0.99184,0.99184,13
2012-03-16 17:37:00,0.9919,0.9919,0.99188,0.9919,3
2012-03-16 17:39:00,0.9919,0.99198,0.99188,0.99192,15
2012-03-16 17:40:00,0.99196,0.99196,0.99188,0.99188,15
2012-03-16 17:41:00,0.99196,0.992,0.99196,0.99198,4
2012-03-16 17:43:00,0.992,0.99202,0.99198,0.99198,4
2012-03-16 17:44:00,0.99194,0.99198,0.99192,0.99198,5
2012-03-16 17:45:00,0.9919,0.99198,0.99188,0.99196,8
2012-03-16 17:46:00,0.99192,0.99192,0.99192,0.99192,1
2012-03-16 17:47:00,0.9919,0.9919,0.9919,0.9919,1
2012-03-16 17:48:00,0.99194,0.99194,0.99192,0.99192,2
2012-03-16 17:49:00,0.99184,0.99192,0.99182,0.99192,6
2012-03-16 17:50:00,0.99186,0.9919,0.99186,0.99186,5
2012-03-16 17:51:00,0.99192,0.99192,0.99186,0.99188,9
2012-03-16 17:52:00,0.9919,0.9919,0.9919,0.9919,1
2012-03-16 17:55:00,0.9919,0.9919,0.99186,0.99188,10
2012-03-16 17:56:00,0.9919,0.99192,0.99188,0.99192,6
2012-03-16 17:57:00,0.99192,0.99192,0.99188,0.99188,7
2012-03-16 17:58:00,0.99196,0.99196,0.99196,0.99196,1
2012-03-16 17:59:00,0.99188,0.99194,0.99188,0.99194,22
2012-03-16 18:00:00,0.99186,0.99188,0.99178,0.99184,14
2012-03-16 18:01:00,0.99176,0.99184,0.99174,0.99184,10
2012-03-16 18:02:00,0.9917,0.9918,0.9917,0.99174,13
2012-03-16 18:03:00,0.99162,0.99168,0.99158,0.99168,9
2012-03-16 18:04:00,0.99158,0.99164,0.99158,0.99164,10
2012-03-16 18:05:00,0.9915,0.99164,0.9915,0.9916,13
2012-03-16 18:06:00,0.99154,0.99154,0.9915,0.99152,8
2012-03-16 18:07:00,0.9915,0.99154,0.9915,0.99152,6
2012-03-16 18:08:00,0.9915,0.99156,0.99148,0.99148,8
2012-03-16 18:09:00,0.99118,0.99148,0.99114,0.99148,49
2012-03-16 18:10:00,0.991,0.99116,0.991,0.99116,22
2012-03-16 18:11:00,0.9912,0.99122,0.99102,0.99102,17
2012-03-16 18:12:00,0.99118,0.99122,0.99116,0.99118,17
2012-03-16 18:13:00,0.99118,0.9912,0.99112,0.99116,10
2012-03-16 18:14:00,0.99118,0.9912,0.99118,0.9912,2
2012-03-16 18:15:00,0.9911,0.99116,0.9911,0.99116,6
2012-03-16 18:16:00,0.99108,0.9912,0.99104,0.99106,20
2012-03-16 18:17:00,0.99096,0.99112,0.99096,0.9911,23
2012-03-16 18:18:00,0.99098,0.99102,0.99096,0.99098,13
2012-03-16 18:19:00,0.9911,0.9911,0.991,0.991,11
2012-03-16 18:20:00,0.99114,0.99114,0.99104,0.99112,10
2012-03-16 18:21:00,0.99132,0.99132,0.99118,0.99118,11
2012-03-16 18:22:00,0.99132,0.99134,0.99126,0.99134,10
2012-03-16 18:23:00,0.99134,0.99144,0.99134,0.99134,16
2012-03-16 18:24:00,0.99122,0.9913,0.99122,0.9913,5
2012-03-16 18:25:00,0.99116,0.99118,0.99116,0.99118,2
2012-03-16 18:26:00,0.9911,0.9912,0.9911,0.99118,13
2012-03-16 18:27:00,0.99122,0.99122,0.99102,0.99106,14
2012-03-16 18:28:00,0.99124,0.99124,0.99124,0.99124,1
2012-03-16 18:29:00,0.99134,0.99134,0.99128,0.99128,4
2012-03-16 18:30:00,0.99118,0.99132,0.99118,0.99132,7
2012-03-16 18:31:00,0.99114,0.9912,0.99112,0.99116,10
2012-03-16 18:32:00,0.99106,0.99116,0.99106,0.99116,5
2012-03-16 18:33:00,0.99102,0.99104,0.991,0.99104,6
2012-03-16 18:34:00,0.9911,0.9911,0.99104,0.99104,4
2012-03-16 18:35:00,0.991,0.99112,0.99094,0.99112,12
2012-03-16 18:36:00,0.99106,0.99108,0.99096,0.99098,8
2012-03-16 18:37:00,0.99104,0.99104,0.99102,0.99104,3
2012-03-16 18:38:00,0.99112,0.99118,0.99104,0.99106,11
2012-03-16 18:39:00,0.99118,0.9912,0.99114,0.99114,7
2012-03-16 18:40:00,0.9912,0.9912,0.99118,0.9912,5
2012-03-16 18:41:00,0.9912,0.9912,0.99116,0.99118,6
2012-03-16 18:43:00,0.9912,0.99124,0.9912,0.99122,6
2012-03-16 18:44:00,0.99128,0.9913,0.99122,0.99122,7
2012-03-16 18:45:00,0.9912,0.99126,0.99118,0.99126,11
2012-03-16 18:46:00,0.9912,0.9912,0.99116,0.99118,6
2012-03-16 18:48:00,0.99124,0.99124,0.99122,0.99122,2
2012-03-16 18:51:00,0.99124,0.99124,0.9912,0.99122,4
2012-03-16 18:52:00,0.9913,0.99132,0.99128,0.99128,4
2012-03-16 18:53:00,0.99144,0.99144,0.99132,0.99132,6
2012-03-16 18:54:00,0.99144,0.99144,0.99138,0.99142,10
2012-03-16 18:55:00,0.99142,0.99142,0.99136,0.99142,7
2012-03-16 18:56:00,0.99136,0.9914,0.99136,0.9914,3
2012-03-16 18:57:00,0.99136,0.99138,0.99136,0.99138,2
2012-03-16 18:58:00,0.99138,0.99138,0.99138,0.99138,1
2012-03-16 18:59:00,0.99156,0.99156,0.99138,0.9914,24
2012-03-16 19:00:00,0.99158,0.99158,0.9915,0.99154,21
2012-03-16 19:01:00,0.99166,0.99166,0.99162,0.99162,3
2012-03-16 19:02:00,0.99172,0.99176,0.99168,0.99168,12
2012-03-16 19:03:00,0.99174,0.99176,0.99168,0.9917,7
2012-03-16 19:04:00,0.99184,0.99186,0.99176,0.99176,6
2012-03-16 19:05:00,0.99186,0.99186,0.9918,0.99186,7
2012-03-16 19:06:00,0.99186,0.99186,0.9918,0.99184,12
2012-03-16 19:07:00,0.9918,0.99184,0.9918,0.99184,7
2012-03-16 19:08:00,0.99182,0.99182,0.9918,0.99182,5
2012-03-16 19:11:00,0.99184,0.99186,0.99184,0.99184,5
2012-03-16 19:12:00,0.99186,0.99186,0.99186,0.99186,1
2012-03-16 19:13:00,0.99182,0.99184,0.9918,0.99184,4
2012-03-16 19:14:00,0.99184,0.99184,0.9918,0.99184,9
2012-03-16 19:15:00,0.9919,0.9919,0.99186,0.99186,5
2012-03-16 19:16:00,0.99192,0.99192,0.99188,0.99192,13
2012-03-16 19:17:00,0.99192,0.99192,0.99188,0.9919,12
2012-03-16 19:18:00,0.99202,0.99202,0.99196,0.99196,5
2012-03-16 19:19:00,0.99197,0.99209,0.99189,0.99204,22
2012-03-16 19:20:00,0.99202,0.99202,0.99198,0.99199,8
2012-03-16 19:21:00,0.99186,0.992,0.99186,0.992,9
2012-03-16 19:22:00,0.99192,0.99194,0.99186,0.99188,11
2012-03-16 19:23:00,0.99188,0.9919,0.99186,0.9919,10
2012-03-16 19:24:00,0.99194,0.99194,0.99188,0.9919,9
2012-03-16 19:25:00,0.99202,0.99202,0.99197,0.99197,3
2012-03-16 19:26:00,0.99205,0.99209,0.99204,0.99204,11
2012-03-16 19:27:00,0.99205,0.99209,0.99205,0.99207,4
2012-03-16 19:28:00,0.99198,0.99203,0.99196,0.99203,7
2012-03-16 19:29:00,0.99196,0.99196,0.99196,0.99196,1
2012-03-16 19:31:00,0.99202,0.99204,0.99196,0.99198,17
2012-03-16 19:32:00,0.992,0.99204,0.992,0.99204,3
2012-03-16 19:33:00,0.99202,0.99204,0.99198,0.99202,11
2012-03-16 19:34:00,0.99209,0.99209,0.99198,0.992,7
2012-03-16 19:36:00,0.99207,0.99207,0.99207,0.99207,1
2012-03-16 19:37:00,0.99207,0.99209,0.99205,0.99205,6
2012-03-16 19:38:00,0.99205,0.99205,0.99205,0.99205,1
2012-03-16 19:39:00,0.99205,0.99207,0.99205,0.99207,4
2012-03-16 19:40:00,0.99212,0.99212,0.99201,0.99203,9
2012-03-16 19:41:00,0.99212,0.99216,0.9921,0.99214,6
2012-03-16 19:42:00,0.99196,0.99212,0.99196,0.9921,11
2012-03-16 19:45:00,0.99191,0.99196,0.99187,0.99196,6
2012-03-16 19:47:00,0.99187,0.99187,0.99187,0.99187,1
2012-03-16 19:49:00,0.99187,0.99191,0.99187,0.99191,2
2012-03-16 19:51:00,0.99191,0.99191,0.99191,0.99191,1
2012-03-16 19:52:00,0.99191,0.99191,0.99187,0.99187,2
2012-03-16 19:53:00,0.99187,0.99187,0.99187,0.99187,1
2012-03-16 19:54:00,0.99208,0.99208,0.99191,0.99191,5
2012-03-16 19:55:00,0.99196,0.99213,0.99196,0.99204,7
2012-03-16 19:56:00,0.99192,0.99192,0.99192,0.99192,1
2012-03-16 19:57:00,0.99196,0.99196,0.99196,0.99196,1
2012-03-16 19:58:00,0.992,0.992,0.99192,0.99192,3
2012-03-16 19:59:00,0.99187,0.992,0.99187,0.99196,9
2012-03-16 20:00:00,0.99187,0.99195,0.99187,0.99191,4
2012-03-16 20:01:00,0.99179,0.99183,0.99179,0.99183,4
2012-03-16 20:02:00,0.99183,0.99187,0.99183,0.99183,3
2012-03-16 20:03:00,0.99187,0.99187,0.99179,0.99187,5
2012-03-16 20:05:00,0.99187,0.99191,0.99187,0.99191,4
2012-03-16 20:06:00,0.99183,0.99183,0.99183,0.99183,1
2012-03-16 20:07:00,0.99175,0.99179,0.99175,0.99179,2
2012-03-16 20:08:00,0.9917,0.9917,0.9917,0.9917,1
2012-03-16 20:09:00,0.99174,0.99174,0.99174,0.99174,1
2012-03-16 20:12:00,0.99179,0.99183,0.99178,0.99178,3
2012-03-16 20:13:00,0.99173,0.99183,0.99169,0.99183,5
2012-03-16 20:15:00,0.99156,0.99169,0.99156,0.99169,4
2012-03-16 20:17:00,0.99152,0.99152,0.99152,0.99152,1
2012-03-16 20:18:00,0.99148,0.99148,0.99148,0.99148,1
2012-03-16 20:19:00,0.99139,0.99143,0.99139,0.99143,2
2012-03-16 20:20:00,0.99139,0.99139,0.99135,0.99135,2
2012-03-16 20:21:00,0.99143,0.99143,0.99143,0.99143,1
2012-03-16 20:22:00,0.99147,0.99147,0.99147,0.99147,1
2012-03-16 20:28:00,0.99131,0.99143,0.99131,0.99143,4
2012-03-16 20:29:00,0.99118,0.99126,0.99118,0.99126,5
2012-03-16 20:30:00,0.99114,0.99122,0.99114,0.99122,3
2012-03-16 20:31:00,0.99126,0.99126,0.99109,0.99109,5
2012-03-16 20:32:00,0.99134,0.99134,0.9913,0.9913,2
2012-03-16 20:33:00,0.99156,0.99164,0.99139,0.99139,11
2012-03-16 20:34:00,0.99169,0.99177,0.9916,0.9916,7
2012-03-16 20:35:00,0.99165,0.99165,0.99165,0.99165,1
2012-03-16 20:40:00,0.99181,0.99181,0.99169,0.99169,4
2012-03-16 20:41:00,0.99181,0.99181,0.99177,0.99177,2
2012-03-16 20:42:00,0.99173,0.99177,0.99173,0.99177,2
2012-03-16 20:44:00,0.99173,0.99173,0.99169,0.99169,2
2012-03-16 20:45:00,0.9916,0.99169,0.99148,0.99169,9
2012-03-16 20:46:00,0.99152,0.99156,0.99148,0.99156,6
2012-03-16 20:47:00,0.99156,0.99156,0.99152,0.99156,5
2012-03-16 20:49:00,0.99148,0.99152,0.99148,0.99152,2
2012-03-16 20:50:00,0.99152,0.99156,0.99152,0.99152,3
2012-03-16 20:51:00,0.99156,0.99156,0.99147,0.99156,5
2012-03-16 20:53:00,0.99181,0.99181,0.9916,0.9916,10
2012-03-16 20:54:00,0.99163,0.99181,0.99163,0.99177,5
2012-03-16 20:55:00,0.99169,0.99171,0.99145,0.99168,30
2012-03-16 20:56:00,0.99175,0.99183,0.99165,0.99173,9
2012-03-16 20:57:00,0.99181,0.99181,0.9917,0.9917,5
2012-03-16 20:58:00,0.9918,0.99196,0.99174,0.99177,29
2012-03-16 20:59:00,0.99172,0.99189,0.99162,0.99176,14
2012-03-16 21:07:00,0.99172,0.99172,0.99172,0.99172,1
2012-03-18 18:00:00,0.9898,0.99185,0.98945,0.99163,12
2012-03-18 18:01:00,0.99007,0.99007,0.98985,0.98985,8
2012-03-18 18:02:00,0.98994,0.99113,0.98994,0.98999,24
2012-03-18 18:03:00,0.98997,0.99005,0.98991,0.99003,8
2012-03-18 18:04:00,0.99021,0.99021,0.9899,0.99003,26
2012-03-18 18:05:00,0.99033,0.99033,0.99026,0.99026,2
2012-03-18 18:06:00,0.99024,0.99029,0.99024,0.99029,2
2012-03-18 18:07:00,0.99034,0.9912,0.9903,0.99079,16
2012-03-18 18:08:00,0.99026,0.9903,0.99026,0.9903,2
2012-03-18 18:09:00,0.99072,0.99072,0.99031,0.99031,7
2012-03-18 18:10:00,0.99103,0.99148,0.99076,0.99076,12
2012-03-18 18:11:00,0.99077,0.99093,0.99077,0.99093,5
2012-03-18 18:12:00,0.99078,0.99083,0.99078,0.99083,2
2012-03-18 18:17:00,0.99077,0.99105,0.99077,0.991,6
2012-03-18 18:19:00,0.99071,0.99071,0.99071,0.99071,1
2012-03-18 18:20:00,0.99061,0.99064,0.99053,0.99064,4
2012-03-18 18:21:00,0.99054,0.99057,0.99046,0.99057,5
2012-03-18 18:25:00,0.99058,0.99058,0.99058,0.99058,1
2012-03-18 18:26:00,0.99066,0.99071,0.99058,0.99063,6
2012-03-18 18:27:00,0.99062,0.99062,0.99062,0.99062,1
2012-03-18 18:28:00,0.99068,0.99068,0.99058,0.99058,3
2012-03-18 18:29:00,0.99072,0.99072,0.99072,0.99072,1
2012-03-18 18:34:00,0.99056,0.99067,0.99056,0.99067,2
2012-03-18 18:39:00,0.9904,0.99052,0.9904,0.99052,4
2012-03-18 18:41:00,0.99054,0.99054,0.9905,0.9905,2
2012-03-18 18:42:00,0.99054,0.99054,0.99043,0.9905,4
2012-03-18 18:43:00,0.9904,0.9905,0.9904,0.9905,3
2012-03-18 18:44:00,0.9904,0.99049,0.9904,0.99045,4
2012-03-18 18:45:00,0.99044,0.99044,0.99044,0.99044,1
2012-03-18 18:46:00,0.99048,0.99048,0.99048,0.99048,1
2012-03-18 18:47:00,0.99049,0.99049,0.9904,0.9904,3
2012-03-18 18:48:00,0.9904,0.99054,0.9904,0.99054,4
2012-03-18 18:49:00,0.99116,0.99116,0.99034,0.99034,16
2012-03-18 18:50:00,0.99077,0.991,0.99077,0.991,6
2012-03-18 18:51:00,0.99062,0.99066,0.99062,0.99066,2
2012-03-18 18:52:00,0.99053,0.99057,0.99053,0.99057,2
2012-03-18 18:53:00,0.99048,0.99048,0.99048,0.99048,1
2012-03-18 18:56:00,0.99057,0.99057,0.99049,0.99055,3
2012-03-18 18:57:00,0.99063,0.99071,0.99063,0.99071,3
2012-03-18 18:58:00,0.99058,0.99058,0.99058,0.99058,1
2012-03-18 18:59:00,0.99049,0.99054,0.99038,0.99049,7
2012-03-18 19:00:00,0.99062,0.99062,0.99054,0.99054,5
2012-03-18 19:14:00,0.99082,0.99082,0.9907,0.9907,2
2012-03-18 19:15:00,0.99072,0.99077,0.99072,0.99077,2
2012-03-18 19:16:00,0.99116,0.99116,0.99077,0.99077,5
2012-03-18 19:18:00,0.99155,0.99167,0.99128,0.99128,7
2012-03-18 19:19:00,0.99155,0.99179,0.99155,0.99162,9
2012-03-18 19:21:00,0.99146,0.99151,0.99146,0.99151,2
2012-03-18 19:22:00,0.99142,0.99142,0.99142,0.99142,1
2012-03-18 19:28:00,0.99132,0.99138,0.99132,0.99138,2
2012-03-18 19:43:00,0.99136,0.99136,0.99136,0.99136,1
2012-03-18 19:55:00,0.99132,0.99132,0.99132,0.99132,1
2012-03-18 21:00:00,0.99125,0.99125,0.99125,0.99125,1
2012-03-18 21:01:00,0.9912,0.9912,0.9912,0.9912,1
2012-03-18 21:03:00,0.99127,0.99127,0.99127,0.99127,1
2012-03-18 21:27:00,0.99128,0.99132,0.99119,0.99132,6
2012-03-18 21:28:00,0.99133,0.99149,0.99133,0.99133,7
2012-03-18 21:32:00,0.99133,0.99149,0.99133,0.99137,6
2012-03-18 21:37:00,0.99146,0.99146,0.99137,0.99137,3
2012-03-18 21:38:00,0.9914,0.9914,0.99136,0.9914,3
2012-03-18 21:52:00,0.99137,0.99137,0.99128,0.99136,5
2012-03-18 21:56:00,0.99142,0.99142,0.99142,0.99142,1
2012-03-18 21:58:00,0.99142,0.99142,0.99133,0.99138,4
2012-03-18 21:59:00,0.99129,0.99138,0.99129,0.99138,3
2012-03-18 22:00:00,0.99125,0.99129,0.99125,0.99129,2
2012-03-18 22:02:00,0.99125,0.99129,0.99125,0.99129,2
2012-03-18 22:03:00,0.9913,0.9913,0.99121,0.99121,3
2012-03-18 22:04:00,0.99114,0.99126,0.99114,0.99126,4
2012-03-18 22:05:00,0.99138,0.99142,0.99118,0.99118,8
2012-03-18 22:06:00,0.99142,0.99142,0.99134,0.99134,5
2012-03-18 22:08:00,0.99161,0.99165,0.99146,0.99146,6
2012-03-18 22:09:00,0.99152,0.99165,0.99152,0.99165,4
2012-03-18 22:12:00,0.99166,0.99166,0.99157,0.99157,3
2012-03-18 22:14:00,0.99162,0.99162,0.99162,0.99162,1
2012-03-18 22:17:00,0.99158,0.99158,0.99158,0.99158,1
2012-03-18 22:20:00,0.99154,0.99154,0.99154,0.99154,1
2012-03-18 22:21:00,0.99167,0.99171,0.99144,0.99149,14
2012-03-18 22:22:00,0.99151,0.99163,0.99151,0.99163,4
2012-03-18 22:23:00,0.99135,0.99147,0.99135,0.99147,4
2012-03-18 22:25:00,0.99144,0.99144,0.9914,0.9914,2
2012-03-18 22:26:00,0.9914,0.9914,0.9914,0.9914,1
2012-03-18 22:27:00,0.99127,0.99144,0.99119,0.99144,9
2012-03-18 22:28:00,0.99135,0.99139,0.99131,0.99131,4
2012-03-18 22:29:00,0.99147,0.99147,0.99131,0.99131,5
2012-03-18 22:30:00,0.99143,0.99143,0.99143,0.99143,1
2012-03-18 22:31:00,0.99147,0.99147,0.99147,0.99147,1
2012-03-18 22:32:00,0.99143,0.99147,0.99143,0.99143,3
2012-03-18 22:33:00,0.99122,0.99139,0.99122,0.99139,11
2012-03-18 22:34:00,0.9913,0.9913,0.99126,0.99126,2
2012-03-18 22:35:00,0.99116,0.99126,0.99116,0.99126,3
2012-03-18 22:37:00,0.9912,0.9912,0.9912,0.9912,1
2012-03-18 22:38:00,0.99112,0.99116,0.99108,0.99116,4
2012-03-18 22:39:00,0.99116,0.99116,0.99116,0.99116,1
2012-03-18 22:40:00,0.99112,0.99112,0.99112,0.99112,1
2012-03-18 22:42:00,0.99108,0.99108,0.99108,0.99108,1
2012-03-18 22:44:00,0.99112,0.99112,0.99108,0.99112,3
2012-03-18 22:46:00,0.99108,0.99108,0.99108,0.99108,1
2012-03-18 22:48:00,0.99108,0.99112,0.99108,0.99112,2
2012-03-18 22:49:00,0.99112,0.99112,0.99112,0.99112,1
2012-03-18 22:52:00,0.99116,0.99116,0.99116,0.99116,1
2012-03-18 22:53:00,0.99128,0.99128,0.9912,0.9912,3
2012-03-18 22:57:00,0.99124,0.99124,0.99124,0.99124,1
2012-03-18 23:00:00,0.99128,0.99128,0.99128,0.99128,1
2012-03-18 23:01:00,0.99124,0.99124,0.99124,0.99124,1
2012-03-18 23:02:00,0.99124,0.99124,0.9912,0.9912,2
2012-03-18 23:04:00,0.99119,0.99123,0.99115,0.99119,5
2012-03-18 23:05:00,0.9912,0.9912,0.9912,0.9912,1
2012-03-18 23:08:00,0.99122,0.99122,0.99122,0.99122,1
2012-03-18 23:09:00,0.99126,0.99126,0.9912,0.9912,3
2012-03-18 23:10:00,0.99128,0.99128,0.99122,0.99122,3
2012-03-18 23:11:00,0.99132,0.99132,0.99132,0.99132,1
2012-03-18 23:12:00,0.99124,0.99128,0.99124,0.99128,2
2012-03-18 23:13:00,0.99126,0.99134,0.99126,0.99128,5
2012-03-18 23:14:00,0.99124,0.99124,0.99124,0.99124,1
2012-03-18 23:15:00,0.9912,0.99126,0.9912,0.99126,3
2012-03-18 23:16:00,0.99126,0.99126,0.99124,0.99124,2
2012-03-18 23:17:00,0.9912,0.9913,0.9912,0.9913,4
2012-03-18 23:20:00,0.99124,0.99124,0.99124,0.99124,1
2012-03-18 23:21:00,0.9912,0.9912,0.9912,0.9912,1
2012-03-18 23:22:00,0.99118,0.99118,0.99118,0.99118,1
2012-03-18 23:23:00,0.99114,0.99114,0.99114,0.99114,1
2012-03-18 23:24:00,0.99118,0.99118,0.99118,0.99118,1
2012-03-18 23:30:00,0.99124,0.99124,0.99114,0.99114,4
2012-03-18 23:36:00,0.99126,0.99126,0.99126,0.99126,1
2012-03-18 23:41:00,0.99124,0.99124,0.99124,0.99124,1
2012-03-18 23:52:00,0.99108,0.9912,0.99106,0.9912,7
2012-03-18 23:53:00,0.99106,0.99108,0.99106,0.99106,7
2012-03-18 23:54:00,0.99106,0.99108,0.99106,0.99108,2
2012-03-18 23:55:00,0.99108,0.99112,0.991,0.99108,13
2012-03-18 23:56:00,0.99108,0.99112,0.99108,0.99112,2
2012-03-18 23:58:00,0.99112,0.99114,0.99112,0.99112,3
2012-03-18 23:59:00,0.99112,0.99118,0.99112,0.99114,4
2012-03-19 00:00:00,0.99106,0.99108,0.99106,0.99108,2
2012-03-19 00:02:00,0.99086,0.99102,0.99082,0.99102,8
2012-03-19 00:03:00,0.99068,0.99092,0.99068,0.99088,12
2012-03-19 00:04:00,0.99076,0.99086,0.9907,0.9907,13
2012-03-19 00:05:00,0.99076,0.99076,0.99074,0.99076,3
2012-03-19 00:06:00,0.9907,0.99074,0.9907,0.99074,2
2012-03-19 00:08:00,0.99082,0.99086,0.99072,0.99072,8
2012-03-19 00:09:00,0.99074,0.99078,0.99074,0.99078,3
2012-03-19 00:10:00,0.99078,0.99082,0.9907,0.9907,6
2012-03-19 00:11:00,0.99066,0.99092,0.9906,0.99082,40
2012-03-19 00:12:00,0.9906,0.9908,0.9906,0.99068,28
2012-03-19 00:13:00,0.99062,0.99074,0.9906,0.99062,11
2012-03-19 00:14:00,0.99086,0.99086,0.99066,0.99066,39
2012-03-19 00:15:00,0.9907,0.99086,0.9907,0.99084,14
2012-03-19 00:16:00,0.99072,0.99072,0.99072,0.99072,1
2012-03-19 00:17:00,0.9907,0.99078,0.99062,0.9907,15
2012-03-19 00:18:00,0.9907,0.9907,0.99064,0.99068,4
2012-03-19 00:19:00,0.9903,0.99078,0.9899,0.99072,63
2012-03-19 00:20:00,0.99042,0.99044,0.99034,0.99034,12
2012-03-19 00:21:00,0.99064,0.99064,0.99044,0.99044,8
2012-03-19 00:22:00,0.99054,0.99062,0.99054,0.99062,4
2012-03-19 00:23:00,0.9905,0.9905,0.99044,0.9905,9
2012-03-19 00:24:00,0.9907,0.9907,0.99052,0.99052,7
2012-03-19 00:25:00,0.99062,0.99068,0.99062,0.99068,3
2012-03-19 00:26:00,0.99064,0.99064,0.99058,0.99058,3
2012-03-19 00:27:00,0.9905,0.99062,0.9905,0.99062,7
2012-03-19 00:28:00,0.9905,0.99056,0.99048,0.99048,8
2012-03-19 00:29:00,0.99082,0.99082,0.99052,0.99052,13
2012-03-19 00:30:00,0.99086,0.99086,0.99074,0.99078,12
2012-03-19 00:31:00,0.99084,0.9909,0.99084,0.9909,5
2012-03-19 00:32:00,0.99088,0.9909,0.99086,0.99086,3
2012-03-19 00:34:00,0.9909,0.9909,0.99082,0.99084,5
2012-03-19 00:35:00,0.99076,0.9909,0.99076,0.99088,11
2012-03-19 00:36:00,0.9909,0.9909,0.99078,0.99078,5
2012-03-19 00:37:00,0.99094,0.99098,0.9909,0.99092,9
2012-03-19 00:39:00,0.99088,0.9909,0.99088,0.9909,2
2012-03-19 00:40:00,0.99086,0.99092,0.99084,0.99084,16
2012-03-19 00:41:00,0.9909,0.9909,0.99084,0.99084,5
2012-03-19 00:42:00,0.99092,0.99092,0.99092,0.99092,1
2012-03-19 00:44:00,0.99086,0.9909,0.9908,0.9909,6
2012-03-19 00:45:00,0.99092,0.99092,0.99088,0.99088,2
2012-03-19 00:46:00,0.99086,0.99088,0.99084,0.99088,4
2012-03-19 00:47:00,0.99088,0.99088,0.99078,0.99084,7
2012-03-19 00:48:00,0.99092,0.99092,0.99092,0.99092,1
2012-03-19 00:51:00,0.99092,0.99094,0.99092,0.99094,2
2012-03-19 00:52:00,0.99088,0.99088,0.99088,0.99088,1
2012-03-19 00:53:00,0.99072,0.99086,0.99068,0.99086,10
2012-03-19 00:54:00,0.99092,0.99092,0.99064,0.99068,17
2012-03-19 00:55:00,0.99096,0.99096,0.99094,0.99094,2
2012-03-19 00:56:00,0.99094,0.99106,0.99094,0.991,15
2012-03-19 00:57:00,0.991,0.99102,0.99096,0.99096,6
2012-03-19 00:58:00,0.99098,0.991,0.99092,0.99098,11
2012-03-19 00:59:00,0.99098,0.991,0.99094,0.99094,8
2012-03-19 01:00:00,0.99084,0.99094,0.99084,0.99094,9
2012-03-19 01:01:00,0.99092,0.99092,0.99086,0.99086,3
2012-03-19 01:02:00,0.99094,0.99096,0.99088,0.99088,11
2012-03-19 01:03:00,0.99096,0.99096,0.99096,0.99096,1
2012-03-19 01:05:00,0.99092,0.99094,0.99088,0.99094,4
2012-03-19 01:09:00,0.99094,0.99094,0.99094,0.99094,2
2012-03-19 01:11:00,0.99099,0.99099,0.99091,0.99091,4
2012-03-19 01:12:00,0.991,0.99102,0.99094,0.99097,6
2012-03-19 01:13:00,0.99102,0.99102,0.99102,0.99102,1
2012-03-19 01:14:00,0.99105,0.99105,0.99105,0.99105,1
2012-03-19 01:15:00,0.99093,0.99105,0.99091,0.99102,10
2012-03-19 01:16:00,0.99093,0.99093,0.99091,0.99091,2
2012-03-19 01:18:00,0.99102,0.99102,0.99096,0.99096,3
2012-03-19 01:19:00,0.99105,0.99105,0.99105,0.99105,1
2012-03-19 01:20:00,0.99111,0.99111,0.99102,0.99102,4
2012-03-19 01:22:00,0.99113,0.99113,0.99113,0.99113,1
2012-03-19 01:23:00,0.99111,0.99111,0.99111,0.99111,1
2012-03-19 01:24:00,0.99108,0.99108,0.99108,0.99108,1
2012-03-19 01:25:00,0.99111,0.99111,0.99111,0.99111,1
2012-03-19 01:26:00,0.99108,0.99108,0.99108,0.99108,1
2012-03-19 01:27:00,0.99116,0.99116,0.99111,0.99111,3
2012-03-19 01:28:00,0.9913,0.9913,0.99119,0.99119,5
2012-03-19 01:29:00,0.99128,0.99128,0.99128,0.99128,1
2012-03-19 01:31:00,0.99119,0.99125,0.99114,0.99125,11
2012-03-19 01:32:00,0.99122,0.99122,0.99122,0.99122,1
2012-03-19 01:33:00,0.99125,0.99128,0.99125,0.99125,5
2012-03-19 01:34:00,0.99114,0.99122,0.99114,0.99122,6
2012-03-19 01:35:00,0.99122,0.99122,0.99111,0.99111,9
2012-03-19 01:36:00,0.99114,0.99125,0.99114,0.99125,7
2012-03-19 01:37:00,0.99111,0.99111,0.99111,0.99111,1
2012-03-19 01:39:00,0.991,0.99108,0.991,0.99108,4
2012-03-19 01:40:00,0.99094,0.99097,0.99094,0.99097,2
2012-03-19 01:41:00,0.99094,0.99096,0.99094,0.99096,2
2012-03-19 01:42:00,0.99088,0.99093,0.99088,0.99091,4
2012-03-19 01:43:00,0.99082,0.99085,0.9908,0.99085,4
2012-03-19 01:44:00,0.99077,0.99082,0.99077,0.9908,6
2012-03-19 01:45:00,0.99082,0.99082,0.99079,0.99079,2
2012-03-19 01:46:00,0.99099,0.99099,0.99085,0.99085,6
2012-03-19 01:47:00,0.99105,0.99111,0.99102,0.99102,6
2012-03-19 01:48:00,0.99105,0.99108,0.99105,0.99108,4
2012-03-19 01:49:00,0.99108,0.99108,0.99108,0.99108,1
2012-03-19 01:50:00,0.99113,0.99113,0.99111,0.99111,2
2012-03-19 01:51:00,0.99105,0.99113,0.99105,0.99111,11
2012-03-19 01:52:00,0.99108,0.99108,0.99108,0.99108,1
2012-03-19 01:56:00,0.99111,0.99113,0.99108,0.99111,11
2012-03-19 01:57:00,0.99097,0.99108,0.99097,0.99108,5
2012-03-19 01:59:00,0.99099,0.99099,0.99099,0.99099,1
2012-03-19 02:00:00,0.99099,0.99099,0.99097,0.99097,2
2012-03-19 02:01:00,0.99108,0.99108,0.99102,0.99102,3
2012-03-19 02:03:00,0.99105,0.99105,0.99105,0.99105,1
2012-03-19 02:04:00,0.991,0.99102,0.991,0.99102,2
2012-03-19 02:05:00,0.99105,0.99105,0.99097,0.99097,4
2012-03-19 02:06:00,0.99102,0.99102,0.991,0.99102,5
2012-03-19 02:07:00,0.99097,0.99105,0.99097,0.99105,4
2012-03-19 02:08:00,0.99099,0.99099,0.99097,0.99099,3
2012-03-19 02:09:00,0.991,0.99102,0.991,0.99102,2
2012-03-19 02:12:00,0.99114,0.99119,0.991,0.99102,13
2012-03-19 02:13:00,0.99108,0.99111,0.99108,0.99111,2
2012-03-19 02:14:00,0.99108,0.99116,0.99108,0.99111,12
2012-03-19 02:15:00,0.99119,0.99119,0.99111,0.99111,4
2012-03-19 02:16:00,0.99122,0.99122,0.99122,0.99122,1
2012-03-19 02:17:00,0.99136,0.99136,0.99125,0.99125,5
2012-03-19 02:18:00,0.99125,0.99139,0.99125,0.99139,8
2012-03-19 02:19:00,0.99122,0.99125,0.99119,0.99122,7
2012-03-19 02:20:00,0.99125,0.99125,0.99125,0.99125,1
2012-03-19 02:21:00,0.99125,0.99128,0.99125,0.99128,2
2012-03-19 02:22:00,0.99122,0.99125,0.99122,0.99122,3
2012-03-19 02:25:00,0.99139,0.99142,0.99125,0.99125,8
2012-03-19 02:26:00,0.99136,0.99145,0.99128,0.99136,17
2012-03-19 02:27:00,0.99139,0.99139,0.99134,0.99134,3
2012-03-19 02:30:00,0.99134,0.99136,0.99134,0.99136,4
2012-03-19 02:32:00,0.99142,0.99142,0.99136,0.99136,3
2012-03-19 02:34:00,0.99139,0.99139,0.99139,0.99139,1
2012-03-19 02:42:00,0.99131,0.99136,0.99131,0.99136,3
2012-03-19 02:45:00,0.99145,0.99145,0.99133,0.99133,5
2012-03-19 02:49:00,0.99147,0.99147,0.99147,0.99147,1
2012-03-19 02:50:00,0.99136,0.99145,0.99136,0.99145,4
2012-03-19 02:51:00,0.99131,0.99139,0.99131,0.99139,6
2012-03-19 02:52:00,0.99139,0.99139,0.99133,0.99133,3
2012-03-19 02:53:00,0.99134,0.99136,0.99134,0.99136,2
2012-03-19 02:55:00,0.99145,0.99145,0.99136,0.99136,4
2012-03-19 03:01:00,0.99142,0.99142,0.99134,0.99142,7
2012-03-19 03:02:00,0.99145,0.99145,0.99145,0.99145,1
2012-03-19 03:06:00,0.99136,0.99142,0.99134,0.99142,5
2012-03-19 03:08:00,0.99139,0.99139,0.99139,0.99139,1
2012-03-19 03:20:00,0.99131,0.99136,0.99131,0.99136,3
2012-03-19 03:22:00,0.99119,0.99128,0.99117,0.99128,6
2012-03-19 03:24:00,0.99119,0.99125,0.99117,0.99122,6
2012-03-19 03:30:00,0.99111,0.99117,0.99111,0.99117,3
2012-03-19 03:32:00,0.99113,0.99113,0.99113,0.99113,1
2012-03-19 03:33:00,0.99113,0.99113,0.99111,0.99111,2
2012-03-19 03:36:00,0.99108,0.99111,0.99108,0.99111,2
2012-03-19 03:37:00,0.99113,0.99113,0.99111,0.99111,2
2012-03-19 03:38:00,0.99111,0.99111,0.99111,0.99111,1
2012-03-19 03:42:00,0.99102,0.99108,0.99102,0.99108,3
2012-03-19 03:43:00,0.99102,0.99102,0.991,0.991,2
2012-03-19 03:45:00,0.99097,0.991,0.99097,0.991,2
2012-03-19 03:48:00,0.99099,0.99099,0.99099,0.99099,1
2012-03-19 03:55:00,0.99097,0.99097,0.99097,0.99097,1
2012-03-19 03:56:00,0.99099,0.99099,0.99099,0.99099,1
2012-03-19 03:57:00,0.99097,0.99097,0.99097,0.99097,1
2012-03-19 03:58:00,0.99094,0.99096,0.99094,0.99094,3
2012-03-19 04:01:00,0.9908,0.99091,0.9908,0.99091,5
2012-03-19 04:02:00,0.99085,0.99085,0.99082,0.99082,4
2012-03-19 04:03:00,0.9908,0.99083,0.9908,0.99083,2
2012-03-19 04:04:00,0.99085,0.99085,0.99082,0.99082,4
2012-03-19 04:05:00,0.99088,0.99088,0.9908,0.99083,5
2012-03-19 04:06:00,0.99082,0.99085,0.9908,0.99085,10
2012-03-19 04:07:00,0.99075,0.9908,0.9907,0.9908,8
2012-03-19 04:08:00,0.99084,0.99086,0.99078,0.99078,5
2012-03-19 04:10:00,0.99089,0.99089,0.99086,0.99086,2
2012-03-19 04:11:00,0.99098,0.99098,0.9909,0.99092,7
2012-03-19 04:13:00,0.99107,0.99109,0.99101,0.99101,5
2012-03-19 04:14:00,0.9909,0.99104,0.9909,0.99104,6
2012-03-19 04:15:00,0.99098,0.99098,0.99092,0.99092,3
2012-03-19 04:19:00,0.99095,0.99095,0.99095,0.99095,1
2012-03-19 04:23:00,0.99095,0.99098,0.99095,0.99098,2
2012-03-19 04:24:00,0.99098,0.99098,0.99098,0.99098,1
2012-03-19 04:25:00,0.99112,0.99112,0.99101,0.99101,5
2012-03-19 04:26:00,0.99115,0.99115,0.9911,0.9911,3
2012-03-19 04:27:00,0.9912,0.9912,0.99118,0.99118,2
2012-03-19 04:28:00,0.99118,0.99118,0.99118,0.99118,1
2012-03-19 04:30:00,0.99112,0.99115,0.99112,0.99115,2
2012-03-19 04:32:00,0.99104,0.9911,0.99104,0.9911,3
2012-03-19 04:33:00,0.99095,0.99109,0.9909,0.99106,13
2012-03-19 04:34:00,0.99087,0.99092,0.99087,0.99092,3
2012-03-19 04:35:00,0.99095,0.99095,0.99087,0.99089,7
2012-03-19 04:36:00,0.99106,0.99106,0.99098,0.99098,4
2012-03-19 04:37:00,0.99109,0.99109,0.99109,0.99109,1
2012-03-19 04:38:00,0.99107,0.99107,0.99107,0.99107,1
2012-03-19 04:40:00,0.9911,0.99112,0.99109,0.99109,3
2012-03-19 04:41:00,0.99107,0.99112,0.99107,0.99112,3
2012-03-19 04:43:00,0.9911,0.99112,0.99109,0.99109,3
2012-03-19 04:44:00,0.99112,0.99112,0.99112,0.99112,1
2012-03-19 04:47:00,0.99118,0.99118,0.99115,0.99115,2
2012-03-19 04:49:00,0.99118,0.99118,0.99115,0.99115,2
2012-03-19 04:51:00,0.99123,0.99123,0.9912,0.9912,2
2012-03-19 04:59:00,0.99115,0.99121,0.99115,0.99121,3
2012-03-19 05:00:00,0.99121,0.99123,0.99118,0.99118,4
2012-03-19 05:01:00,0.99129,0.99132,0.99123,0.99123,7
2012-03-19 05:02:00,0.99132,0.99135,0.99132,0.99132,3
2012-03-19 05:03:00,0.99118,0.99129,0.99118,0.99129,5
2012-03-19 05:05:00,0.9911,0.99115,0.9911,0.99115,3
2012-03-19 05:06:00,0.99107,0.99107,0.99107,0.99107,1
2012-03-19 05:10:00,0.99107,0.99109,0.99107,0.99109,2
2012-03-19 05:11:00,0.99098,0.99112,0.99098,0.99109,7
2012-03-19 05:17:00,0.99098,0.99101,0.99098,0.99101,2
2012-03-19 05:21:00,0.99103,0.99103,0.99101,0.99101,2
2012-03-19 05:25:00,0.99101,0.99101,0.99101,0.99101,1
2012-03-19 05:26:00,0.99103,0.99103,0.99103,0.99103,1
2012-03-19 05:28:00,0.99101,0.99103,0.99098,0.99101,5
2012-03-19 05:29:00,0.99098,0.99098,0.99098,0.99098,1
2012-03-19 05:37:00,0.99115,0.99115,0.99101,0.99101,6
2012-03-19 05:38:00,0.99112,0.99112,0.99101,0.99112,9
2012-03-19 05:39:00,0.99115,0.99115,0.99115,0.99115,1
2012-03-19 05:41:00,0.99107,0.99112,0.99107,0.99112,3
2012-03-19 05:43:00,0.99112,0.99112,0.99109,0.99109,2
2012-03-19 05:44:00,0.99115,0.99115,0.99115,0.99115,1
2012-03-19 05:46:00,0.99104,0.99112,0.99104,0.99112,4
2012-03-19 05:47:00,0.99109,0.99109,0.99106,0.99106,2
2012-03-19 05:51:00,0.99104,0.99109,0.99104,0.99107,4
2012-03-19 05:52:00,0.99106,0.99106,0.99101,0.99101,5
2012-03-19 05:53:00,0.99103,0.99104,0.99101,0.99104,3
2012-03-19 05:54:00,0.99109,0.99109,0.99106,0.99106,2
2012-03-19 05:55:00,0.99101,0.99112,0.99101,0.99107,9
2012-03-19 05:59:00,0.99103,0.99103,0.99098,0.99098,3
2012-03-19 06:01:00,0.99109,0.99109,0.99106,0.99106,2
2012-03-19 06:02:00,0.99112,0.99115,0.99112,0.99112,3
2012-03-19 06:03:00,0.99118,0.99118,0.99115,0.99115,2
2012-03-19 06:04:00,0.9912,0.9912,0.9912,0.9912,1
2012-03-19 06:05:00,0.99126,0.99129,0.99123,0.99123,6
2012-03-19 06:06:00,0.99112,0.99124,0.99112,0.99124,7
2012-03-19 06:07:00,0.99118,0.99118,0.99115,0.99115,2
2012-03-19 06:08:00,0.99109,0.99115,0.99107,0.99115,5
2012-03-19 06:11:00,0.99112,0.99112,0.99112,0.99112,1
2012-03-19 06:12:00,0.9911,0.9911,0.9911,0.9911,1
2012-03-19 06:13:00,0.99103,0.99109,0.99095,0.99107,10
2012-03-19 06:14:00,0.99103,0.99103,0.99101,0.99101,4
2012-03-19 06:15:00,0.99101,0.99101,0.99101,0.99101,1
2012-03-19 06:16:00,0.99103,0.99103,0.99103,0.99103,1
2012-03-19 06:18:00,0.99106,0.99106,0.99106,0.99106,1
2012-03-19 06:19:00,0.99109,0.99109,0.99109,0.99109,1
2012-03-19 06:20:00,0.99112,0.99112,0.99112,0.99112,1
2012-03-19 06:21:00,0.99115,0.99115,0.99115,0.99115,1
2012-03-19 06:22:00,0.99118,0.99118,0.99118,0.99118,1
2012-03-19 06:23:00,0.99107,0.99115,0.99107,0.99115,4
2012-03-19 06:24:00,0.99107,0.99109,0.99104,0.99104,6
2012-03-19 06:27:00,0.99098,0.99104,0.99098,0.99104,3
2012-03-19 06:29:00,0.99098,0.99101,0.99098,0.99101,2
2012-03-19 06:31:00,0.99103,0.99103,0.99095,0.99095,4
2012-03-19 06:32:00,0.99098,0.99112,0.99098,0.99106,8
2012-03-19 06:36:00,0.9909,0.99098,0.9909,0.99095,5
2012-03-19 06:37:00,0.99095,0.99095,0.99092,0.99092,2
2012-03-19 06:38:00,0.99092,0.99092,0.99087,0.99092,7
2012-03-19 06:40:00,0.99092,0.99092,0.9909,0.9909,2
2012-03-19 06:42:00,0.99092,0.99092,0.9909,0.9909,2
2012-03-19 06:44:00,0.99073,0.9909,0.99073,0.9909,7
2012-03-19 06:45:00,0.99064,0.99075,0.99064,0.99075,11
2012-03-19 06:46:00,0.99064,0.99069,0.99064,0.99067,4
2012-03-19 06:47:00,0.99067,0.99067,0.99067,0.99067,1
2012-03-19 06:48:00,0.99061,0.99064,0.99061,0.99064,2
2012-03-19 06:49:00,0.99064,0.99064,0.99058,0.99058,3
2012-03-19 06:50:00,0.99069,0.99069,0.99067,0.99067,2
2012-03-19 06:51:00,0.99069,0.99069,0.99064,0.99067,10
2012-03-19 06:52:00,0.99067,0.99069,0.99067,0.99067,3
2012-03-19 06:53:00,0.99058,0.99064,0.99056,0.99064,11
2012-03-19 06:54:00,0.99053,0.99056,0.99053,0.99056,6
2012-03-19 06:55:00,0.99053,0.99058,0.99053,0.99055,4
2012-03-19 06:56:00,0.99064,0.99064,0.99055,0.99055,4
2012-03-19 06:57:00,0.99067,0.99067,0.99067,0.99067,1
2012-03-19 06:58:00,0.9907,0.99072,0.99069,0.99069,3
2012-03-19 06:59:00,0.99072,0.99072,0.99072,0.99072,1
2012-03-19 07:00:00,0.99081,0.99081,0.9907,0.9907,5
2012-03-19 07:01:00,0.99086,0.99086,0.99084,0.99084,2
2012-03-19 07:03:00,0.99107,0.99109,0.99089,0.99089,9
2012-03-19 07:04:00,0.99101,0.99106,0.99101,0.99104,4
2012-03-19 07:05:00,0.99101,0.99103,0.99101,0.99103,2
2012-03-19 07:06:00,0.99092,0.99098,0.99092,0.99098,3
2012-03-19 07:07:00,0.99101,0.99101,0.99095,0.99095,3
2012-03-19 07:08:00,0.99112,0.99115,0.99103,0.99103,6
2012-03-19 07:09:00,0.9911,0.99112,0.9911,0.9911,3
2012-03-19 07:10:00,0.99098,0.99107,0.99098,0.99107,4
2012-03-19 07:11:00,0.99109,0.99109,0.99095,0.99095,6
2012-03-19 07:12:00,0.99101,0.99107,0.99098,0.99107,5
2012-03-19 07:13:00,0.99095,0.99106,0.99095,0.99103,6
2012-03-19 07:14:00,0.9909,0.99092,0.9909,0.99092,2
2012-03-19 07:15:00,0.9909,0.99092,0.9909,0.99092,2
2012-03-19 07:16:00,0.99092,0.99095,0.99087,0.99087,9
2012-03-19 07:17:00,0.99107,0.99109,0.99092,0.99095,13
2012-03-19 07:18:00,0.99126,0.99126,0.99104,0.99104,11
2012-03-19 07:19:00,0.99129,0.99129,0.99129,0.99129,1
2012-03-19 07:21:00,0.99123,0.99127,0.99121,0.99127,4
2012-03-19 07:22:00,0.99107,0.99121,0.99107,0.99121,12
2012-03-19 07:23:00,0.99101,0.99112,0.99101,0.99109,8
2012-03-19 07:25:00,0.9912,0.9912,0.99103,0.99103,9
2012-03-19 07:26:00,0.99115,0.99123,0.99112,0.99123,8
2012-03-19 07:27:00,0.99121,0.99123,0.99118,0.99118,4
2012-03-19 07:28:00,0.99129,0.99129,0.99121,0.99123,5
2012-03-19 07:29:00,0.99126,0.99132,0.99112,0.99132,15
2012-03-19 07:30:00,0.99115,0.99124,0.99115,0.99124,4
2012-03-19 07:31:00,0.99132,0.99135,0.99118,0.99118,8
2012-03-19 07:32:00,0.99135,0.99135,0.99135,0.99135,1
2012-03-19 07:33:00,0.99143,0.99143,0.99137,0.99137,3
2012-03-19 07:34:00,0.99135,0.99141,0.99135,0.99141,5
2012-03-19 07:37:00,0.99132,0.99132,0.99127,0.99132,5
2012-03-19 07:38:00,0.99143,0.99143,0.99135,0.99135,8
2012-03-19 07:39:00,0.99135,0.99141,0.99135,0.99141,3
2012-03-19 07:40:00,0.9914,0.9914,0.99137,0.99137,2
2012-03-19 07:41:00,0.99127,0.99138,0.99127,0.99138,7
2012-03-19 07:42:00,0.9911,0.99132,0.99107,0.99129,28
2012-03-19 07:43:00,0.99115,0.99115,0.99087,0.99112,26
2012-03-19 07:44:00,0.99095,0.99123,0.9909,0.99112,31
2012-03-19 07:45:00,0.99138,0.9914,0.9909,0.99092,35
2012-03-19 07:46:00,0.99129,0.9914,0.99129,0.9914,9
2012-03-19 07:47:00,0.99146,0.99146,0.99132,0.99132,8
2012-03-19 07:48:00,0.99129,0.99144,0.99129,0.99144,8
2012-03-19 07:49:00,0.99135,0.99135,0.99127,0.99127,4
2012-03-19 07:50:00,0.9914,0.9914,0.99132,0.99132,4
2012-03-19 07:51:00,0.99146,0.99146,0.99138,0.99138,4
2012-03-19 07:52:00,0.99144,0.99152,0.99144,0.99144,7
2012-03-19 07:53:00,0.99143,0.99143,0.99141,0.99141,2
2012-03-19 07:54:00,0.99143,0.99143,0.99141,0.99141,2
2012-03-19 07:55:00,0.99152,0.99154,0.99138,0.99141,25
2012-03-19 07:56:00,0.99141,0.99149,0.99129,0.99149,16
2012-03-19 07:57:00,0.99137,0.99138,0.99132,0.99138,5
2012-03-19 07:58:00,0.99174,0.99174,0.9914,0.9914,15
2012-03-19 07:59:00,0.99174,0.99183,0.99169,0.99172,12
2012-03-19 08:00:00,0.99174,0.99174,0.99166,0.99172,10
2012-03-19 08:01:00,0.99203,0.99203,0.99177,0.99177,16
2012-03-19 08:02:00,0.99183,0.99208,0.99183,0.99206,21
2012-03-19 08:03:00,0.99183,0.99194,0.99178,0.99186,18
2012-03-19 08:04:00,0.99203,0.99203,0.99186,0.99186,15
2012-03-19 08:05:00,0.99192,0.99211,0.99192,0.99206,10
2012-03-19 08:06:00,0.99189,0.99191,0.99186,0.99189,11
2012-03-19 08:07:00,0.99183,0.99191,0.99183,0.99191,12
2012-03-19 08:08:00,0.99189,0.99191,0.9918,0.9918,8
2012-03-19 08:09:00,0.99191,0.99191,0.99189,0.99191,7
2012-03-19 08:10:00,0.99192,0.99208,0.99192,0.99194,12
2012-03-19 08:11:00,0.99183,0.99189,0.99183,0.99189,3
2012-03-19 08:12:00,0.99177,0.9918,0.99172,0.9918,6
2012-03-19 08:13:00,0.99211,0.99211,0.9918,0.9918,12
2012-03-19 08:14:00,0.99212,0.99217,0.99212,0.99214,10
2012-03-19 08:15:00,0.99211,0.9922,0.99209,0.99214,16
2012-03-19 08:16:00,0.99206,0.99209,0.99206,0.99209,2
2012-03-19 08:17:00,0.99217,0.99223,0.99208,0.99208,8
2012-03-19 08:18:00,0.99226,0.99228,0.9922,0.9922,5
2012-03-19 08:19:00,0.99226,0.99228,0.99226,0.99228,2
2012-03-19 08:20:00,0.99203,0.99223,0.99203,0.99223,8
2012-03-19 08:21:00,0.99206,0.9922,0.99206,0.99206,11
2012-03-19 08:22:00,0.99231,0.99231,0.99208,0.99208,11
2012-03-19 08:23:00,0.99242,0.99245,0.99234,0.99234,20
2012-03-19 08:24:00,0.99228,0.9924,0.9922,0.9924,19
2012-03-19 08:25:00,0.99217,0.99226,0.99217,0.99226,6
2012-03-19 08:26:00,0.9922,0.9922,0.99209,0.99214,11
2012-03-19 08:27:00,0.99232,0.99234,0.99223,0.99223,6
2012-03-19 08:28:00,0.99246,0.99248,0.99234,0.99234,7
2012-03-19 08:29:00,0.9924,0.99245,0.9924,0.99243,4
2012-03-19 08:30:00,0.99248,0.99248,0.99242,0.99242,5
2012-03-19 08:31:00,0.99259,0.99259,0.99246,0.99246,6
2012-03-19 08:32:00,0.99254,0.99265,0.99251,0.99257,12
2012-03-19 08:33:00,0.99265,0.99265,0.99251,0.99251,6
2012-03-19 08:34:00,0.99268,0.99268,0.99266,0.99268,3
2012-03-19 08:35:00,0.99274,0.99279,0.99271,0.99271,10
2012-03-19 08:36:00,0.99291,0.99294,0.99274,0.99276,30
2012-03-19 08:37:00,0.99288,0.99294,0.9928,0.99288,15
2012-03-19 08:38:00,0.99274,0.99285,0.99266,0.99285,21
2012-03-19 08:39:00,0.99283,0.99285,0.99276,0.99276,5
2012-03-19 08:40:00,0.99281,0.99292,0.99281,0.99285,11
2012-03-19 08:41:00,0.99286,0.99286,0.99281,0.99284,8
2012-03-19 08:42:00,0.99284,0.99284,0.99284,0.99284,1
2012-03-19 08:43:00,0.99286,0.99286,0.99281,0.99281,7
2012-03-19 08:44:00,0.99275,0.99289,0.99273,0.99289,8
2012-03-19 08:45:00,0.99273,0.99275,0.99273,0.99273,7
2012-03-19 08:46:00,0.99272,0.99275,0.9927,0.99275,8
2012-03-19 08:47:00,0.99281,0.99281,0.99267,0.9927,7
2012-03-19 08:48:00,0.99287,0.99289,0.99284,0.99284,4
2012-03-19 08:49:00,0.99287,0.99292,0.99284,0.99284,6
2012-03-19 08:51:00,0.99281,0.99295,0.99281,0.99289,14
2012-03-19 08:52:00,0.99304,0.99306,0.99275,0.99278,16
2012-03-19 08:53:00,0.99287,0.99303,0.99287,0.99301,8
2012-03-19 08:54:00,0.99284,0.99286,0.99284,0.99284,3
2012-03-19 08:55:00,0.99287,0.99292,0.99286,0.99286,5
2012-03-19 08:56:00,0.99281,0.99286,0.99278,0.99284,6
2012-03-19 08:57:00,0.99281,0.99284,0.99281,0.99284,2
2012-03-19 08:58:00,0.99289,0.99289,0.99284,0.99284,3
2012-03-19 09:00:00,0.99289,0.99289,0.99284,0.99287,4
2012-03-19 09:01:00,0.99303,0.99303,0.99292,0.99292,11
2012-03-19 09:02:00,0.99301,0.99303,0.99298,0.99301,7
2012-03-19 09:03:00,0.99284,0.99298,0.99284,0.99298,10
2012-03-19 09:04:00,0.99292,0.99292,0.99275,0.99281,9
2012-03-19 09:05:00,0.99301,0.99301,0.99295,0.99295,3
2012-03-19 09:06:00,0.99293,0.99303,0.99293,0.99303,5
2012-03-19 09:07:00,0.99281,0.9929,0.99278,0.9929,6
2012-03-19 09:08:00,0.99284,0.99284,0.99284,0.99284,1
2012-03-19 09:09:00,0.99281,0.99281,0.99278,0.99281,5
2012-03-19 09:11:00,0.99292,0.99292,0.99284,0.99284,6
2012-03-19 09:12:00,0.99281,0.99301,0.99281,0.99295,10
2012-03-19 09:13:00,0.99278,0.99281,0.99278,0.99278,3
2012-03-19 09:14:00,0.99281,0.99281,0.99275,0.99275,3
2012-03-19 09:15:00,0.99281,0.99284,0.99281,0.99284,2
2012-03-19 09:16:00,0.99275,0.99281,0.9927,0.99278,12
2012-03-19 09:17:00,0.99286,0.99286,0.99278,0.99278,4
2012-03-19 09:18:00,0.99264,0.99284,0.99264,0.99284,8
2012-03-19 09:19:00,0.99241,0.99261,0.99239,0.99261,10
2012-03-19 09:20:00,0.99238,0.99239,0.9923,0.99239,11
2012-03-19 09:21:00,0.99241,0.99241,0.99239,0.99241,7
2012-03-19 09:22:00,0.9925,0.9925,0.99239,0.99239,5
2012-03-19 09:23:00,0.99244,0.99247,0.99244,0.99247,2
2012-03-19 09:24:00,0.99239,0.99247,0.99233,0.99247,14
2012-03-19 09:25:00,0.9923,0.99241,0.99227,0.99241,7
2012-03-19 09:26:00,0.99221,0.99227,0.99219,0.99227,5
2012-03-19 09:27:00,0.99204,0.99219,0.99196,0.99219,14
2012-03-19 09:28:00,0.99213,0.99213,0.99193,0.99202,13
2012-03-19 09:29:00,0.99221,0.99221,0.99207,0.9921,9
2012-03-19 09:30:00,0.99238,0.99241,0.99224,0.99224,16
2012-03-19 09:31:00,0.99247,0.9925,0.99241,0.99241,11
2012-03-19 09:32:00,0.99244,0.99244,0.99244,0.99244,1
2012-03-19 09:33:00,0.99244,0.99247,0.99236,0.99247,10
2012-03-19 09:34:00,0.99233,0.99244,0.99233,0.99241,6
2012-03-19 09:35:00,0.99224,0.9923,0.99222,0.9923,5
2012-03-19 09:36:00,0.99227,0.9923,0.99227,0.99227,5
2012-03-19 09:37:00,0.99224,0.99224,0.99224,0.99224,1
2012-03-19 09:38:00,0.99215,0.99222,0.99213,0.99222,9
2012-03-19 09:39:00,0.99202,0.99213,0.99202,0.99213,7
2012-03-19 09:40:00,0.9921,0.99213,0.99204,0.99204,5
2012-03-19 09:41:00,0.99205,0.99215,0.99205,0.99213,6
2012-03-19 09:42:00,0.99215,0.99215,0.99207,0.99207,4
2012-03-19 09:43:00,0.99216,0.99221,0.99216,0.99218,6
2012-03-19 09:44:00,0.99215,0.99215,0.99213,0.99213,2
2012-03-19 09:45:00,0.99207,0.99213,0.99205,0.99213,5
2012-03-19 09:46:00,0.99213,0.99213,0.9921,0.9921,2
2012-03-19 09:48:00,0.99215,0.99218,0.99213,0.99215,5
2012-03-19 09:49:00,0.99213,0.99218,0.99205,0.99218,13
2012-03-19 09:50:00,0.99241,0.99241,0.99215,0.99215,10
2012-03-19 09:51:00,0.99224,0.99239,0.99224,0.99239,8
2012-03-19 09:52:00,0.99216,0.99224,0.99216,0.99222,5
2012-03-19 09:55:00,0.99216,0.99218,0.99216,0.99218,2
2012-03-19 09:56:00,0.99224,0.99227,0.99218,0.99218,5
2012-03-19 09:58:00,0.99227,0.99227,0.99227,0.99227,1
2012-03-19 09:59:00,0.99215,0.99224,0.99205,0.99224,14
2012-03-19 10:00:00,0.99218,0.99221,0.99216,0.99218,5
2012-03-19 10:01:00,0.99216,0.99227,0.99213,0.99216,15
2012-03-19 10:02:00,0.99198,0.99213,0.99196,0.99213,11
2012-03-19 10:03:00,0.99196,0.99201,0.99193,0.99201,5
2012-03-19 10:04:00,0.99207,0.99207,0.99198,0.99198,10
2012-03-19 10:05:00,0.99197,0.9921,0.99197,0.9921,11
2012-03-19 10:06:00,0.99186,0.99195,0.99186,0.99195,4
2012-03-19 10:07:00,0.99194,0.99194,0.99186,0.99189,7
2012-03-19 10:08:00,0.99186,0.99192,0.99186,0.99192,3
2012-03-19 10:10:00,0.99191,0.99191,0.99189,0.99189,2
2012-03-19 10:11:00,0.99194,0.99194,0.99194,0.99194,1
2012-03-19 10:12:00,0.992,0.992,0.99192,0.99192,4
2012-03-19 10:13:00,0.992,0.99203,0.99197,0.99203,4
2012-03-19 10:14:00,0.99203,0.99206,0.99203,0.99203,3
2012-03-19 10:15:00,0.99208,0.99208,0.99197,0.99206,16
2012-03-19 10:16:00,0.99206,0.99214,0.99206,0.99211,7
2012-03-19 10:17:00,0.992,0.99208,0.99197,0.99203,10
2012-03-19 10:18:00,0.99195,0.99208,0.99195,0.99203,12
2012-03-19 10:19:00,0.99197,0.992,0.99195,0.99197,7
2012-03-19 10:20:00,0.99203,0.99203,0.99195,0.99195,4
2012-03-19 10:21:00,0.99208,0.99208,0.99195,0.992,10
2012-03-19 10:22:00,0.99208,0.99208,0.99203,0.99206,4
2012-03-19 10:24:00,0.99195,0.99211,0.99195,0.99206,11
2012-03-19 10:25:00,0.99203,0.99208,0.99197,0.99197,7
2012-03-19 10:26:00,0.99208,0.99208,0.99206,0.99206,2
2012-03-19 10:27:00,0.99208,0.99208,0.99203,0.99206,4
2012-03-19 10:28:00,0.99197,0.99211,0.99195,0.99211,8
2012-03-19 10:29:00,0.99206,0.99206,0.99195,0.99195,11
2012-03-19 10:30:00,0.992,0.99208,0.992,0.99203,8
2012-03-19 10:31:00,0.99212,0.99217,0.99203,0.99203,8
2012-03-19 10:32:00,0.99225,0.99225,0.99214,0.99214,5
2012-03-19 10:33:00,0.99225,0.99225,0.99223,0.99223,4
2012-03-19 10:34:00,0.99226,0.99228,0.99226,0.99228,2
2012-03-19 10:37:00,0.99225,0.99225,0.99223,0.99223,2
2012-03-19 10:38:00,0.99226,0.99234,0.99226,0.99228,8
2012-03-19 10:39:00,0.99234,0.99234,0.99226,0.99228,5
2012-03-19 10:40:00,0.99234,0.99237,0.99229,0.99232,10
2012-03-19 10:42:00,0.99226,0.99232,0.99226,0.99232,5
2012-03-19 10:44:00,0.99211,0.99223,0.99203,0.99223,13
2012-03-19 10:45:00,0.99209,0.99209,0.99209,0.99209,1
2012-03-19 10:46:00,0.99209,0.99211,0.99209,0.99211,2
2012-03-19 10:47:00,0.99203,0.99208,0.99203,0.99206,4
2012-03-19 10:48:00,0.99191,0.992,0.99189,0.992,8
2012-03-19 10:49:00,0.99203,0.99211,0.99194,0.99194,12
2012-03-19 10:50:00,0.99212,0.99214,0.99206,0.99206,5
2012-03-19 10:53:00,0.99212,0.99214,0.99206,0.99209,8
2012-03-19 10:54:00,0.99211,0.99211,0.99209,0.99209,4
2012-03-19 10:55:00,0.99206,0.99209,0.99206,0.99209,4
2012-03-19 10:56:00,0.99206,0.99208,0.99206,0.99208,4
2012-03-19 10:57:00,0.992,0.99203,0.992,0.99203,2
2012-03-19 10:58:00,0.99189,0.99197,0.99186,0.99197,6
2012-03-19 10:59:00,0.99197,0.99197,0.99189,0.99191,11
2012-03-19 11:00:00,0.99194,0.99195,0.99192,0.99195,5
2012-03-19 11:01:00,0.99215,0.99215,0.99197,0.99197,11
2012-03-19 11:02:00,0.99219,0.9923,0.99216,0.99218,21
2012-03-19 11:03:00,0.99224,0.99227,0.99207,0.99221,16
2012-03-19 11:04:00,0.99233,0.99241,0.99227,0.99227,15
2012-03-19 11:05:00,0.99222,0.9923,0.99222,0.9923,4
2012-03-19 11:06:00,0.99224,0.99224,0.99219,0.99219,5
2012-03-19 11:07:00,0.99227,0.99227,0.99222,0.99227,7
2012-03-19 11:08:00,0.99224,0.99227,0.99219,0.99224,7
2012-03-19 11:09:00,0.9923,0.9923,0.99227,0.99227,2
2012-03-19 11:10:00,0.9923,0.99233,0.9923,0.99233,2
2012-03-19 11:13:00,0.99199,0.99227,0.99193,0.99227,17
2012-03-19 11:14:00,0.99193,0.99204,0.99193,0.99201,6
2012-03-19 11:15:00,0.9921,0.9921,0.99196,0.99196,6
2012-03-19 11:17:00,0.9921,0.99213,0.9921,0.99213,2
2012-03-19 11:18:00,0.99219,0.99221,0.99213,0.99213,11
2012-03-19 11:19:00,0.99202,0.99216,0.99202,0.99216,12
2012-03-19 11:20:00,0.99199,0.99207,0.99199,0.99199,17
2012-03-19 11:21:00,0.99193,0.99196,0.99193,0.99196,2
2012-03-19 11:22:00,0.9919,0.9919,0.99188,0.9919,3
2012-03-19 11:23:00,0.9919,0.9919,0.99188,0.99188,2
2012-03-19 11:25:00,0.99176,0.9919,0.99176,0.99188,7
2012-03-19 11:26:00,0.99165,0.99179,0.99165,0.99179,12
2012-03-19 11:27:00,0.99181,0.99181,0.99167,0.99167,8
2012-03-19 11:28:00,0.99179,0.99181,0.99179,0.99179,3
2012-03-19 11:29:00,0.99153,0.99181,0.99153,0.99181,11
2012-03-19 11:30:00,0.99151,0.99151,0.99151,0.99151,1
2012-03-19 11:31:00,0.99167,0.99167,0.99145,0.99148,12
2012-03-19 11:32:00,0.99165,0.99165,0.99165,0.99165,1
2012-03-19 11:33:00,0.99164,0.99164,0.99162,0.99162,2
2012-03-19 11:34:00,0.99145,0.99164,0.99145,0.99162,13
2012-03-19 11:35:00,0.99151,0.99153,0.99142,0.99142,6
2012-03-19 11:36:00,0.99139,0.99153,0.99139,0.99153,8
2012-03-19 11:38:00,0.99153,0.99159,0.99142,0.99142,11
2012-03-19 11:39:00,0.99142,0.99159,0.99142,0.99156,8
2012-03-19 11:40:00,0.99145,0.99145,0.99142,0.99145,3
2012-03-19 11:42:00,0.99142,0.99142,0.99142,0.99142,1
2012-03-19 11:43:00,0.99151,0.99153,0.99145,0.99145,7
2012-03-19 11:44:00,0.99159,0.99159,0.99153,0.99153,3
2012-03-19 11:45:00,0.99184,0.99184,0.99162,0.99162,19
2012-03-19 11:46:00,0.99182,0.99182,0.99182,0.99182,1
2012-03-19 11:47:00,0.99181,0.99181,0.99165,0.99179,14
2012-03-19 11:48:00,0.9919,0.99193,0.99182,0.99184,9
2012-03-19 11:49:00,0.99196,0.99204,0.99193,0.99193,10
2012-03-19 11:50:00,0.99201,0.99204,0.99198,0.99198,6
2012-03-19 11:51:00,0.99198,0.99199,0.99196,0.99199,3
2012-03-19 11:52:00,0.99202,0.99204,0.99199,0.99201,7
2012-03-19 11:53:00,0.99204,0.99204,0.99204,0.99204,1
2012-03-19 11:54:00,0.99207,0.9921,0.99207,0.99207,3
2012-03-19 11:55:00,0.99213,0.99213,0.99207,0.9921,4
2012-03-19 11:56:00,0.99224,0.99224,0.99215,0.99215,4
2012-03-19 11:58:00,0.9921,0.99222,0.9921,0.99222,5
2012-03-19 11:59:00,0.9921,0.9921,0.99205,0.99207,8
2012-03-19 12:00:00,0.99221,0.99221,0.99213,0.99213,4
2012-03-19 12:01:00,0.99213,0.99221,0.99213,0.99219,9
2012-03-19 12:02:00,0.99207,0.99215,0.99202,0.9921,20
2012-03-19 12:03:00,0.99213,0.99213,0.9921,0.9921,2
2012-03-19 12:04:00,0.99205,0.9921,0.99205,0.9921,3
2012-03-19 12:05:00,0.99212,0.99214,0.99196,0.99202,22
2012-03-19 12:06:00,0.9922,0.99223,0.99203,0.99209,19
2012-03-19 12:07:00,0.99217,0.9922,0.99214,0.99217,5
2012-03-19 12:08:00,0.9922,0.9922,0.9922,0.9922,1
2012-03-19 12:09:00,0.99217,0.99225,0.99214,0.99217,13
2012-03-19 12:10:00,0.99209,0.9922,0.99203,0.99214,15
2012-03-19 12:11:00,0.99192,0.99206,0.99192,0.99206,16
2012-03-19 12:12:00,0.99178,0.992,0.99178,0.99194,11
2012-03-19 12:13:00,0.99175,0.99183,0.99175,0.9918,7
2012-03-19 12:14:00,0.99186,0.99186,0.99175,0.99177,10
2012-03-19 12:15:00,0.99186,0.99191,0.99183,0.99189,8
2012-03-19 12:16:00,0.99183,0.99191,0.99178,0.99189,9
2012-03-19 12:17:00,0.99172,0.9918,0.99172,0.9918,6
2012-03-19 12:18:00,0.99169,0.99169,0.99169,0.99169,1
2012-03-19 12:19:00,0.99177,0.99183,0.99172,0.99172,11
2012-03-19 12:20:00,0.99191,0.99191,0.99166,0.99175,21
2012-03-19 12:21:00,0.99172,0.99197,0.99169,0.99194,17
2012-03-19 12:22:00,0.99155,0.99169,0.99155,0.99169,6
2012-03-19 12:23:00,0.99163,0.99163,0.99157,0.99157,3
2012-03-19 12:24:00,0.99169,0.99169,0.99166,0.99166,2
2012-03-19 12:25:00,0.99172,0.9918,0.99166,0.99166,9
2012-03-19 12:26:00,0.9918,0.9918,0.99174,0.99174,3
2012-03-19 12:27:00,0.9918,0.99186,0.99178,0.99178,10
2012-03-19 12:28:00,0.99172,0.99178,0.99169,0.99178,9
2012-03-19 12:29:00,0.99158,0.99169,0.99158,0.99169,13
2012-03-19 12:30:00,0.99202,0.99204,0.9916,0.9916,31
2012-03-19 12:31:00,0.99204,0.99207,0.99202,0.99204,9
2012-03-19 12:32:00,0.99179,0.99202,0.99179,0.99202,13
2012-03-19 12:33:00,0.99193,0.99201,0.99181,0.99181,27
2012-03-19 12:34:00,0.99202,0.99213,0.99196,0.99196,17
2012-03-19 12:35:00,0.99198,0.99213,0.99196,0.99204,15
2012-03-19 12:36:00,0.99176,0.99196,0.99176,0.99196,8
2012-03-19 12:37:00,0.99181,0.99181,0.99179,0.99179,2
2012-03-19 12:38:00,0.99193,0.99193,0.99176,0.99179,10
2012-03-19 12:39:00,0.99165,0.99201,0.99165,0.99196,16
2012-03-19 12:40:00,0.99151,0.99167,0.99148,0.99162,21
2012-03-19 12:41:00,0.99145,0.99148,0.99139,0.99148,16
2012-03-19 12:42:00,0.99142,0.99162,0.99139,0.99147,15
2012-03-19 12:43:00,0.99136,0.99147,0.99136,0.99145,8
2012-03-19 12:44:00,0.99142,0.99145,0.99139,0.99139,6
2012-03-19 12:45:00,0.99159,0.99159,0.99145,0.99145,16
2012-03-19 12:46:00,0.99173,0.99176,0.99159,0.99162,21
2012-03-19 12:47:00,0.99171,0.99176,0.99162,0.99171,13
2012-03-19 12:48:00,0.99171,0.99184,0.99171,0.99173,14
2012-03-19 12:49:00,0.99173,0.99179,0.99162,0.99168,25
2012-03-19 12:50:00,0.9919,0.99201,0.99176,0.99176,36
2012-03-19 12:51:00,0.99201,0.99224,0.99193,0.99193,28
2012-03-19 12:52:00,0.99201,0.99204,0.99182,0.99199,20
2012-03-19 12:53:00,0.99201,0.99204,0.99199,0.99204,4
2012-03-19 12:54:00,0.99215,0.99215,0.99204,0.99204,9
2012-03-19 12:55:00,0.99221,0.99224,0.99218,0.99218,6
2012-03-19 12:56:00,0.99221,0.99221,0.99216,0.99219,6
2012-03-19 12:57:00,0.99222,0.99224,0.99222,0.99224,4
2012-03-19 12:58:00,0.99224,0.99224,0.99224,0.99224,1
2012-03-19 12:59:00,0.99227,0.99227,0.99227,0.99227,1
2012-03-19 13:00:00,0.99244,0.99244,0.9923,0.9923,18
2012-03-19 13:01:00,0.99236,0.99244,0.99236,0.99241,17
2012-03-19 13:02:00,0.99216,0.99238,0.99216,0.99238,11
2012-03-19 13:03:00,0.99224,0.99224,0.99196,0.99213,19
2012-03-19 13:04:00,0.99233,0.99233,0.99222,0.99222,7
2012-03-19 13:05:00,0.99224,0.9923,0.99222,0.9923,11
2012-03-19 13:06:00,0.9923,0.9923,0.99222,0.99222,6
2012-03-19 13:07:00,0.99233,0.99241,0.99233,0.99233,15
2012-03-19 13:08:00,0.99219,0.9923,0.99216,0.9923,15
2012-03-19 13:09:00,0.99216,0.99224,0.99216,0.99221,5
2012-03-19 13:10:00,0.99188,0.99213,0.99188,0.99213,10
2012-03-19 13:11:00,0.99185,0.9919,0.99185,0.99185,5
2012-03-19 13:12:00,0.99179,0.99182,0.99168,0.99182,12
2012-03-19 13:13:00,0.99168,0.99176,0.99162,0.99176,22
2012-03-19 13:14:00,0.99136,0.9917,0.99136,0.9917,25
2012-03-19 13:15:00,0.99131,0.99142,0.99131,0.99139,14
2012-03-19 13:16:00,0.99116,0.99133,0.99114,0.99128,15
2012-03-19 13:17:00,0.99117,0.99119,0.99114,0.99114,4
2012-03-19 13:18:00,0.99122,0.99122,0.99105,0.99114,12
2012-03-19 13:19:00,0.99145,0.99145,0.99125,0.99125,8
2012-03-19 13:20:00,0.99142,0.99142,0.99142,0.99142,1
2012-03-19 13:21:00,0.99131,0.9915,0.99131,0.99145,12
2012-03-19 13:22:00,0.99125,0.99133,0.99125,0.99133,8
2012-03-19 13:23:00,0.99122,0.99122,0.99114,0.99122,7
2012-03-19 13:25:00,0.99105,0.99125,0.99105,0.99125,12
2012-03-19 13:27:00,0.99094,0.99108,0.99094,0.99108,6
2012-03-19 13:28:00,0.99105,0.99105,0.99088,0.99091,16
2012-03-19 13:29:00,0.99105,0.99111,0.99105,0.99108,6
2012-03-19 13:30:00,0.99116,0.99119,0.99097,0.99102,20
2012-03-19 13:31:00,0.99119,0.99119,0.99102,0.99114,19
2012-03-19 13:32:00,0.9913,0.9913,0.99114,0.99122,12
2012-03-19 13:33:00,0.99142,0.99153,0.99128,0.99128,16
2012-03-19 13:34:00,0.99134,0.99145,0.99134,0.99145,5
2012-03-19 13:35:00,0.99125,0.99131,0.99108,0.99131,17
2012-03-19 13:36:00,0.99128,0.99142,0.99125,0.99128,23
2012-03-19 13:37:00,0.99142,0.99145,0.9913,0.9913,11
2012-03-19 13:38:00,0.99142,0.99142,0.99136,0.99139,6
2012-03-19 13:39:00,0.991,0.99139,0.99097,0.99139,19
2012-03-19 13:40:00,0.99096,0.99099,0.99094,0.99097,9
2012-03-19 13:41:00,0.99086,0.99102,0.99078,0.99099,19
2012-03-19 13:42:00,0.99115,0.99115,0.99089,0.99089,16
2012-03-19 13:43:00,0.99107,0.99118,0.99107,0.99118,7
2012-03-19 13:44:00,0.99104,0.9912,0.99104,0.99104,17
2012-03-19 13:45:00,0.99118,0.99126,0.99106,0.99106,13
2012-03-19 13:46:00,0.9912,0.9912,0.99107,0.99115,9
2012-03-19 13:47:00,0.99086,0.99132,0.99084,0.99118,32
2012-03-19 13:48:00,0.99067,0.99086,0.99061,0.99084,39
2012-03-19 13:49:00,0.99061,0.99072,0.99058,0.99064,14
2012-03-19 13:50:00,0.99069,0.99072,0.99056,0.99058,27
2012-03-19 13:51:00,0.99084,0.99086,0.99067,0.99072,15
2012-03-19 13:52:00,0.99078,0.99092,0.99078,0.99086,16
2012-03-19 13:53:00,0.99095,0.99095,0.99067,0.99075,26
2012-03-19 13:54:00,0.99118,0.99126,0.99098,0.99098,16
2012-03-19 13:55:00,0.991,0.99116,0.99097,0.99115,23
2012-03-19 13:56:00,0.99105,0.99105,0.99088,0.99097,16
2012-03-19 13:57:00,0.99091,0.99102,0.99085,0.99102,23
2012-03-19 13:58:00,0.99111,0.99111,0.99093,0.99093,9
2012-03-19 13:59:00,0.99126,0.9913,0.99113,0.99113,32
2012-03-19 14:00:00,0.99158,0.9916,0.99124,0.99129,19
2012-03-19 14:01:00,0.99146,0.9916,0.99146,0.9916,8
2012-03-19 14:02:00,0.99146,0.99149,0.99138,0.99149,14
2012-03-19 14:03:00,0.99129,0.99146,0.99121,0.99144,28
2012-03-19 14:04:00,0.99124,0.99132,0.99121,0.99127,14
2012-03-19 14:05:00,0.99138,0.99143,0.99118,0.99121,15
2012-03-19 14:06:00,0.99143,0.99143,0.99121,0.99135,16
2012-03-19 14:07:00,0.99137,0.99146,0.99132,0.99146,16
2012-03-19 14:08:00,0.99154,0.99154,0.9914,0.9914,22
2012-03-19 14:09:00,0.99166,0.99172,0.99152,0.99152,20
2012-03-19 14:10:00,0.99163,0.99163,0.99155,0.99163,9
2012-03-19 14:11:00,0.99155,0.99163,0.99155,0.99161,11
2012-03-19 14:12:00,0.99146,0.99157,0.99146,0.99157,5
2012-03-19 14:13:00,0.99138,0.99149,0.99138,0.99144,11
2012-03-19 14:14:00,0.99115,0.99135,0.99115,0.99135,22
2012-03-19 14:15:00,0.99127,0.99129,0.99115,0.99118,10
2012-03-19 14:16:00,0.99132,0.99135,0.99118,0.99124,12
2012-03-19 14:17:00,0.99124,0.99135,0.99118,0.99135,17
2012-03-19 14:18:00,0.99107,0.99121,0.99107,0.99121,8
2012-03-19 14:19:00,0.99103,0.99109,0.99098,0.99109,9
2012-03-19 14:20:00,0.99112,0.99112,0.99098,0.99101,15
2012-03-19 14:21:00,0.99115,0.99123,0.99112,0.99115,11
2012-03-19 14:22:00,0.99121,0.99132,0.99112,0.99112,22
2012-03-19 14:23:00,0.99124,0.99129,0.99115,0.99118,15
2012-03-19 14:24:00,0.99121,0.99132,0.99115,0.99121,15
2012-03-19 14:25:00,0.99112,0.99126,0.99112,0.99123,9
2012-03-19 14:26:00,0.99095,0.99115,0.99095,0.9911,28
2012-03-19 14:27:00,0.99078,0.99106,0.99078,0.99098,18
2012-03-19 14:28:00,0.99075,0.99084,0.9907,0.99075,15
2012-03-19 14:29:00,0.99087,0.99092,0.99078,0.99078,8
2012-03-19 14:30:00,0.99089,0.99095,0.99061,0.99084,27
2012-03-19 14:31:00,0.99092,0.99101,0.99078,0.99087,17
2012-03-19 14:32:00,0.99112,0.99115,0.99095,0.99095,11
2012-03-19 14:33:00,0.99112,0.99115,0.99107,0.9911,6
2012-03-19 14:34:00,0.99112,0.9912,0.99107,0.9911,12
2012-03-19 14:35:00,0.99125,0.99125,0.99107,0.9911,21
2012-03-19 14:36:00,0.99125,0.99128,0.99125,0.99128,2
2012-03-19 14:37:00,0.99122,0.99125,0.99119,0.99122,7
2012-03-19 14:38:00,0.99105,0.99119,0.99102,0.99119,8
2012-03-19 14:39:00,0.99105,0.99111,0.99102,0.99102,12
2012-03-19 14:40:00,0.99085,0.99102,0.99085,0.99102,9
2012-03-19 14:41:00,0.99105,0.99108,0.99088,0.99088,9
2012-03-19 14:42:00,0.99105,0.99105,0.99091,0.99102,10
2012-03-19 14:43:00,0.99112,0.99112,0.99088,0.99102,25
2012-03-19 14:44:00,0.99086,0.99109,0.99084,0.99109,19
2012-03-19 14:45:00,0.99058,0.99097,0.99058,0.99084,26
2012-03-19 14:46:00,0.99058,0.99066,0.99044,0.99061,32
2012-03-19 14:47:00,0.99058,0.99058,0.99044,0.99055,20
2012-03-19 14:48:00,0.99004,0.99055,0.98996,0.99055,37
2012-03-19 14:49:00,0.99024,0.99024,0.9899,0.99001,19
2012-03-19 14:50:00,0.99044,0.99046,0.99018,0.99021,19
2012-03-19 14:51:00,0.99058,0.99061,0.99041,0.99041,13
2012-03-19 14:52:00,0.99055,0.99055,0.99044,0.99055,17
2012-03-19 14:53:00,0.99049,0.99055,0.99044,0.99052,16
2012-03-19 14:54:00,0.99055,0.99055,0.9905,0.99052,8
2012-03-19 14:55:00,0.99044,0.99063,0.99044,0.99058,10
2012-03-19 14:56:00,0.99038,0.99046,0.99033,0.99041,16
2012-03-19 14:57:00,0.9903,0.99046,0.99027,0.99041,25
2012-03-19 14:58:00,0.99038,0.99038,0.99016,0.99032,19
2012-03-19 14:59:00,0.99046,0.99046,0.99041,0.99041,3
2012-03-19 15:00:00,0.99063,0.99063,0.99038,0.99044,18
2012-03-19 15:01:00,0.99075,0.99075,0.99055,0.99061,16
2012-03-19 15:02:00,0.99058,0.9908,0.99058,0.99078,10
2012-03-19 15:03:00,0.99049,0.99061,0.99047,0.99061,7
2012-03-19 15:04:00,0.99038,0.99055,0.99038,0.99052,20
2012-03-19 15:05:00,0.99018,0.99046,0.99016,0.99041,15
2012-03-19 15:06:00,0.99038,0.99046,0.99021,0.99021,23
2012-03-19 15:07:00,0.98998,0.99046,0.98998,0.99041,20
2012-03-19 15:08:00,0.98987,0.99018,0.98984,0.98996,39
2012-03-19 15:09:00,0.98994,0.98995,0.98982,0.9899,25
2012-03-19 15:10:00,0.9896,0.98997,0.98957,0.98997,36
2012-03-19 15:11:00,0.98966,0.98966,0.9896,0.98963,8
2012-03-19 15:12:00,0.98969,0.98974,0.98968,0.98968,11
2012-03-19 15:13:00,0.98985,0.98985,0.98971,0.98971,12
2012-03-19 15:14:00,0.98989,0.98994,0.98988,0.98988,11
2012-03-19 15:15:00,0.98987,0.99001,0.98986,0.98991,37
2012-03-19 15:16:00,0.98981,0.98995,0.98976,0.9899,20
2012-03-19 15:17:00,0.98984,0.98984,0.98976,0.98984,9
2012-03-19 15:18:00,0.98967,0.98984,0.98967,0.98982,24
2012-03-19 15:19:00,0.98958,0.98975,0.98956,0.9897,25
2012-03-19 15:20:00,0.98958,0.98964,0.98953,0.98961,20
2012-03-19 15:21:00,0.98909,0.98956,0.98909,0.98956,37
2012-03-19 15:22:00,0.98903,0.98906,0.98898,0.98906,20
2012-03-19 15:23:00,0.98909,0.98917,0.98898,0.98906,24
2012-03-19 15:24:00,0.98909,0.98909,0.98898,0.98906,12
2012-03-19 15:25:00,0.98889,0.98912,0.98889,0.98912,23
2012-03-19 15:26:00,0.98875,0.98895,0.98875,0.98892,9
2012-03-19 15:27:00,0.98889,0.98892,0.98878,0.98878,29
2012-03-19 15:28:00,0.98889,0.98889,0.98881,0.98887,14
2012-03-19 15:29:00,0.98901,0.98903,0.98892,0.98892,12
2012-03-19 15:30:00,0.98906,0.98906,0.98895,0.98898,14
2012-03-19 15:31:00,0.98923,0.98931,0.98909,0.98909,18
2012-03-19 15:32:00,0.98931,0.98931,0.98926,0.98926,5
2012-03-19 15:33:00,0.9894,0.98951,0.98929,0.98929,27
2012-03-19 15:34:00,0.98946,0.98949,0.98938,0.98943,14
2012-03-19 15:35:00,0.98944,0.9895,0.98926,0.98943,25
2012-03-19 15:36:00,0.98939,0.98953,0.98939,0.98947,10
2012-03-19 15:37:00,0.98928,0.98936,0.98928,0.98936,8
2012-03-19 15:38:00,0.98953,0.98953,0.98928,0.9893,23
2012-03-19 15:39:00,0.98948,0.9895,0.98948,0.9895,2
2012-03-19 16:28:00,0.98719,0.98722,0.9871,0.98713,7
2012-03-19 16:29:00,0.98708,0.98716,0.98708,0.98716,8
2012-03-19 16:31:00,0.98698,0.9871,0.98698,0.98698,12
2012-03-19 16:32:00,0.98665,0.98695,0.98662,0.98695,15
2012-03-19 16:33:00,0.9867,0.98673,0.98668,0.98668,6
2012-03-19 16:34:00,0.98679,0.98685,0.98673,0.98673,11
2012-03-19 16:35:00,0.98668,0.98682,0.98668,0.98682,6
2012-03-19 16:36:00,0.9867,0.98682,0.98668,0.98672,17
2012-03-19 16:37:00,0.98685,0.98685,0.98668,0.98668,11
2012-03-19 16:38:00,0.98651,0.98682,0.98648,0.98682,18
2012-03-19 16:39:00,0.98657,0.98659,0.98648,0.98648,8
2012-03-19 16:40:00,0.9866,0.98668,0.98659,0.98659,17
2012-03-19 16:41:00,0.98656,0.98662,0.98654,0.98662,11
2012-03-19 16:42:00,0.98628,0.98656,0.9862,0.98654,22
2012-03-19 16:43:00,0.98631,0.98631,0.98608,0.98626,25
2012-03-19 16:44:00,0.98628,0.98639,0.98626,0.98634,15
2012-03-19 16:45:00,0.98637,0.98645,0.98631,0.98631,11
2012-03-19 16:46:00,0.98645,0.98645,0.98639,0.98639,3
2012-03-19 16:47:00,0.9866,0.98662,0.9864,0.98643,21
2012-03-19 16:48:00,0.9866,0.98662,0.98657,0.98662,6
2012-03-19 16:49:00,0.98653,0.98662,0.98648,0.98662,8
2012-03-19 16:50:00,0.98654,0.98656,0.98651,0.98651,6
2012-03-19 16:51:00,0.98648,0.98656,0.98648,0.98656,4
2012-03-19 16:52:00,0.98645,0.98645,0.98645,0.98645,1
2012-03-19 16:53:00,0.98648,0.98653,0.98645,0.98648,11
2012-03-19 16:54:00,0.98648,0.98648,0.98645,0.98645,4
2012-03-19 16:55:00,0.98648,0.98651,0.98645,0.98651,4
2012-03-19 16:56:00,0.98623,0.98648,0.98623,0.98645,11
2012-03-19 16:57:00,0.98628,0.98631,0.98617,0.9862,22
2012-03-19 16:58:00,0.98631,0.98634,0.98623,0.98626,7
2012-03-19 16:59:00,0.98634,0.98634,0.98626,0.98628,5
2012-03-19 17:00:00,0.98634,0.98636,0.98628,0.98636,14
2012-03-19 17:01:00,0.98645,0.98645,0.98636,0.98636,10
2012-03-19 17:02:00,0.98642,0.98643,0.98637,0.98643,9
2012-03-19 17:03:00,0.98645,0.98648,0.98645,0.98645,3
2012-03-19 17:04:00,0.98643,0.98653,0.98643,0.98648,9
2012-03-19 17:05:00,0.98651,0.98653,0.98645,0.98645,9
2012-03-19 17:06:00,0.98648,0.98653,0.98648,0.98653,5
2012-03-19 17:07:00,0.98645,0.98645,0.98637,0.98645,11
2012-03-19 17:10:00,0.98651,0.98656,0.98648,0.98648,6
2012-03-19 17:11:00,0.98653,0.98656,0.98651,0.98653,7
2012-03-19 17:12:00,0.98648,0.98659,0.98645,0.98656,14
2012-03-19 17:13:00,0.98653,0.98656,0.98648,0.98651,10
2012-03-19 17:14:00,0.98659,0.98659,0.98651,0.98651,4
2012-03-19 17:15:00,0.98656,0.98657,0.98648,0.98657,7
2012-03-19 17:16:00,0.98648,0.98654,0.98648,0.98654,7
2012-03-19 17:17:00,0.98636,0.98645,0.98634,0.98645,10
2012-03-19 17:18:00,0.98639,0.98639,0.98637,0.98639,3
2012-03-19 17:19:00,0.9864,0.98642,0.98637,0.98637,4
2012-03-19 17:20:00,0.98637,0.98639,0.98637,0.98637,3
2012-03-19 17:21:00,0.98634,0.98639,0.98634,0.98639,7
2012-03-19 17:22:00,0.98631,0.98631,0.98631,0.98631,1
2012-03-19 17:23:00,0.98611,0.98642,0.98611,0.98628,46
2012-03-19 17:24:00,0.98645,0.98645,0.98608,0.98608,22
2012-03-19 17:25:00,0.98637,0.98645,0.98631,0.98643,19
2012-03-19 17:26:00,0.98651,0.98651,0.98637,0.98639,25
2012-03-19 17:27:00,0.98632,0.98648,0.98627,0.98648,15
2012-03-19 17:28:00,0.98629,0.9863,0.98627,0.9863,5
2012-03-19 17:29:00,0.98624,0.98629,0.98624,0.98627,8
2012-03-19 17:30:00,0.98629,0.98629,0.98627,0.98627,4
2012-03-19 17:31:00,0.98641,0.98644,0.9863,0.98632,8
2012-03-19 17:32:00,0.98652,0.98655,0.98638,0.98638,18
2012-03-19 17:33:00,0.98644,0.9865,0.98638,0.9865,19
2012-03-19 17:34:00,0.98638,0.98644,0.98635,0.98641,8
2012-03-19 17:35:00,0.98638,0.98638,0.98635,0.98635,2
2012-03-19 17:36:00,0.98635,0.98635,0.9863,0.98635,9
2012-03-19 17:37:00,0.98633,0.98638,0.98633,0.98638,3
2012-03-19 17:38:00,0.98644,0.98649,0.98635,0.98635,8
2012-03-19 17:39:00,0.98655,0.98655,0.98646,0.98646,10
2012-03-19 17:40:00,0.98655,0.98655,0.9865,0.98652,4
2012-03-19 17:42:00,0.98655,0.98658,0.98655,0.98658,2
2012-03-19 17:43:00,0.98647,0.98658,0.98647,0.98658,7
2012-03-19 17:44:00,0.98647,0.9865,0.98647,0.9865,2
2012-03-19 17:45:00,0.98652,0.98652,0.98649,0.98649,2
2012-03-19 17:46:00,0.98658,0.98658,0.98655,0.98655,2
2012-03-19 17:47:00,0.98658,0.98661,0.98658,0.98661,2
2012-03-19 17:48:00,0.98658,0.98663,0.98655,0.98655,6
2012-03-19 17:49:00,0.9865,0.98661,0.98644,0.98661,15
2012-03-19 17:50:00,0.98655,0.98655,0.9865,0.98652,8
2012-03-19 17:51:00,0.98661,0.98661,0.98655,0.98658,6
2012-03-19 17:52:00,0.98658,0.98661,0.98658,0.98658,3
2012-03-19 17:53:00,0.98661,0.98661,0.98655,0.98655,3
2012-03-19 17:54:00,0.9865,0.98666,0.9865,0.98663,8
2012-03-19 17:55:00,0.98655,0.98655,0.9865,0.98652,4
2012-03-19 17:56:00,0.98672,0.98675,0.98658,0.98658,14
2012-03-19 17:57:00,0.98669,0.98672,0.98669,0.98669,3
2012-03-19 17:58:00,0.98675,0.98675,0.98667,0.98667,6
2012-03-19 17:59:00,0.98664,0.98678,0.98664,0.98678,16
2012-03-19 18:00:00,0.98667,0.98672,0.98658,0.98661,13
2012-03-19 18:01:00,0.98669,0.98669,0.98669,0.98669,1
2012-03-19 18:02:00,0.98672,0.98672,0.98667,0.98667,9
2012-03-19 18:03:00,0.98669,0.98669,0.98667,0.98669,3
2012-03-19 18:04:00,0.98669,0.98672,0.98664,0.98672,6
2012-03-19 18:05:00,0.98675,0.98678,0.98669,0.98672,8
2012-03-19 18:06:00,0.98669,0.98675,0.98667,0.98672,8
2012-03-19 18:07:00,0.98669,0.98672,0.98667,0.98672,4
2012-03-19 18:08:00,0.98683,0.98683,0.98672,0.98672,7
2012-03-19 18:09:00,0.98678,0.98681,0.98678,0.98681,2
2012-03-19 18:10:00,0.9868,0.9868,0.98675,0.98675,3
2012-03-19 18:11:00,0.98681,0.98683,0.98678,0.98678,6
2012-03-19 18:12:00,0.98686,0.98686,0.98675,0.98683,12
2012-03-19 18:13:00,0.98686,0.98686,0.98678,0.98684,8
2012-03-19 18:14:00,0.9868,0.98684,0.98675,0.98684,8
2012-03-19 18:15:00,0.98678,0.9868,0.98675,0.98678,7
2012-03-19 18:16:00,0.98678,0.9868,0.98678,0.9868,2
2012-03-19 18:17:00,0.9868,0.9868,0.98675,0.98675,7
2012-03-19 18:18:00,0.98669,0.98678,0.98669,0.98678,6
2012-03-19 18:19:00,0.98683,0.98683,0.98672,0.98672,9
2012-03-19 18:20:00,0.98695,0.98695,0.98686,0.98686,6
2012-03-19 18:21:00,0.98692,0.98695,0.98689,0.98692,9
2012-03-19 18:22:00,0.98687,0.98689,0.98687,0.98689,2
2012-03-19 18:23:00,0.9868,0.98684,0.98678,0.98684,6
2012-03-19 18:24:00,0.98675,0.98678,0.98675,0.98678,2
2012-03-19 18:25:00,0.98664,0.98672,0.98664,0.98672,4
2012-03-19 18:26:00,0.98675,0.98675,0.98666,0.98666,4
2012-03-19 18:27:00,0.9868,0.98683,0.98675,0.98678,10
2012-03-19 18:28:00,0.98678,0.98678,0.98678,0.98678,1
2012-03-19 18:29:00,0.98675,0.98675,0.98675,0.98675,1
2012-03-19 18:30:00,0.98667,0.98678,0.98667,0.98678,9
2012-03-19 18:31:00,0.98675,0.98678,0.98664,0.98664,13
2012-03-19 18:32:00,0.98681,0.98683,0.98678,0.98678,4
2012-03-19 18:33:00,0.98687,0.98692,0.98678,0.98683,12
2012-03-19 18:34:00,0.98692,0.98692,0.98687,0.98689,4
2012-03-19 18:35:00,0.987,0.98703,0.98689,0.98689,17
2012-03-19 18:36:00,0.98703,0.98703,0.98698,0.98698,3
2012-03-19 18:39:00,0.98704,0.98712,0.98704,0.98706,10
2012-03-19 18:40:00,0.98709,0.98709,0.98706,0.98706,2
2012-03-19 18:41:00,0.98718,0.9872,0.98712,0.98712,15
2012-03-19 18:42:00,0.98706,0.98715,0.98706,0.98715,4
2012-03-19 18:43:00,0.98698,0.98712,0.98698,0.98709,9
2012-03-19 18:44:00,0.98703,0.98703,0.987,0.987,4
2012-03-19 18:45:00,0.98697,0.98701,0.98692,0.98701,6
2012-03-19 18:46:00,0.98695,0.98695,0.98695,0.98695,1
2012-03-19 18:47:00,0.98695,0.98695,0.98692,0.98692,2
2012-03-19 18:48:00,0.98687,0.98692,0.98687,0.98692,5
2012-03-19 18:49:00,0.98678,0.98684,0.98678,0.98684,5
2012-03-19 18:50:00,0.98684,0.98686,0.98678,0.9868,6
2012-03-19 18:51:00,0.98675,0.98683,0.98675,0.98681,7
2012-03-19 18:52:00,0.98675,0.98675,0.98672,0.98672,4
2012-03-19 18:53:00,0.98669,0.98678,0.98669,0.98678,4
2012-03-19 18:54:00,0.98698,0.98703,0.98672,0.98672,22
2012-03-19 18:56:00,0.98712,0.98714,0.987,0.987,9
2012-03-19 18:57:00,0.98704,0.98709,0.98704,0.98709,3
2012-03-19 18:58:00,0.98704,0.98712,0.98698,0.98701,18
2012-03-19 18:59:00,0.98655,0.98703,0.9865,0.98701,29
2012-03-19 19:00:00,0.98678,0.98678,0.98647,0.98652,22
2012-03-19 19:01:00,0.98678,0.9868,0.98678,0.9868,2
2012-03-19 19:02:00,0.9868,0.9868,0.9868,0.9868,1
2012-03-19 19:03:00,0.98683,0.98683,0.98683,0.98683,1
2012-03-19 19:04:00,0.98681,0.98681,0.98681,0.98681,1
2012-03-19 19:05:00,0.98681,0.98686,0.98681,0.98683,4
2012-03-19 19:06:00,0.98697,0.98697,0.98681,0.98683,8
2012-03-19 19:07:00,0.98701,0.98703,0.98695,0.98695,9
2012-03-19 19:09:00,0.98712,0.98714,0.98703,0.98703,6
2012-03-19 19:10:00,0.98714,0.98714,0.98712,0.98714,3
2012-03-19 19:11:00,0.98718,0.98726,0.98717,0.98717,9
2012-03-19 19:12:00,0.98723,0.98723,0.9872,0.9872,4
2012-03-19 19:13:00,0.98729,0.98729,0.98718,0.98721,10
2012-03-19 19:14:00,0.98726,0.98731,0.98723,0.98726,9
2012-03-19 19:15:00,0.98726,0.98726,0.98723,0.98723,2
2012-03-19 19:16:00,0.98729,0.98731,0.98729,0.98729,3
2012-03-19 19:17:00,0.98718,0.98731,0.98718,0.98731,12
2012-03-19 19:18:00,0.9872,0.9872,0.9872,0.9872,1
2012-03-19 19:19:00,0.98723,0.98726,0.98723,0.98723,3
2012-03-19 19:20:00,0.9872,0.98721,0.98718,0.98721,5
2012-03-19 19:21:00,0.98714,0.9872,0.98712,0.98718,12
2012-03-19 19:22:00,0.98712,0.98712,0.98712,0.98712,1
2012-03-19 19:23:00,0.98718,0.9872,0.98714,0.98714,8
2012-03-19 19:25:00,0.9872,0.9872,0.9872,0.9872,1
2012-03-19 19:26:00,0.98712,0.98718,0.98709,0.98718,9
2012-03-19 19:27:00,0.98706,0.9872,0.98706,0.98714,10
2012-03-19 19:28:00,0.98706,0.98712,0.98706,0.98709,4
2012-03-19 19:29:00,0.98709,0.98709,0.98704,0.98704,3
2012-03-19 19:30:00,0.987,0.98706,0.98698,0.98706,7
2012-03-19 19:31:00,0.98697,0.987,0.98695,0.98698,5
2012-03-19 19:32:00,0.98695,0.98703,0.98695,0.987,5
2012-03-19 19:33:00,0.987,0.987,0.98697,0.98697,2
2012-03-19 19:34:00,0.98701,0.98703,0.98701,0.98703,2
2012-03-19 19:35:00,0.98697,0.98698,0.98692,0.98698,5
2012-03-19 19:36:00,0.98714,0.98714,0.98698,0.987,10
2012-03-19 19:37:00,0.98712,0.98712,0.98704,0.98712,7
2012-03-19 19:38:00,0.98714,0.98714,0.98714,0.98714,1
2012-03-19 19:39:00,0.98718,0.9872,0.98717,0.98717,3
2012-03-19 19:40:00,0.98721,0.98726,0.98715,0.98715,7
2012-03-19 19:41:00,0.98729,0.98734,0.98723,0.98723,7
2012-03-19 19:42:00,0.98737,0.98737,0.98729,0.98731,9
2012-03-19 19:43:00,0.98739,0.98751,0.98736,0.9874,23
2012-03-19 19:44:00,0.98733,0.98739,0.98733,0.98736,8
2012-03-19 19:45:00,0.98747,0.98753,0.98736,0.98736,17
2012-03-19 19:46:00,0.98759,0.98764,0.9875,0.9875,8
2012-03-19 19:47:00,0.98747,0.98758,0.98747,0.98756,8
2012-03-19 19:48:00,0.98741,0.98745,0.98739,0.98745,6
2012-03-19 19:49:00,0.98741,0.98747,0.98739,0.98744,6
2012-03-19 19:50:00,0.98758,0.98758,0.98744,0.98744,10
2012-03-19 19:51:00,0.98762,0.98767,0.98759,0.98761,9
2012-03-19 19:52:00,0.9877,0.9877,0.98759,0.98759,5
2012-03-19 19:53:00,0.98776,0.98784,0.98773,0.98773,10
2012-03-19 19:54:00,0.98779,0.98781,0.98778,0.98778,3
2012-03-19 19:55:00,0.98781,0.98781,0.98781,0.98781,1
2012-03-19 19:56:00,0.98787,0.98787,0.98779,0.98784,8
2012-03-19 19:57:00,0.98782,0.98784,0.98782,0.98784,2
2012-03-19 19:58:00,0.98776,0.98779,0.98776,0.98779,6
2012-03-19 19:59:00,0.98745,0.98781,0.98745,0.98778,19
2012-03-19 20:00:00,0.98749,0.98753,0.98741,0.98745,6
2012-03-19 20:01:00,0.98745,0.98749,0.98733,0.98745,9
2012-03-19 20:02:00,0.98749,0.98753,0.98749,0.98749,3
2012-03-19 20:05:00,0.98753,0.98757,0.98753,0.98753,3
2012-03-19 20:09:00,0.98757,0.98757,0.98757,0.98757,1
2012-03-19 20:10:00,0.98757,0.98761,0.98757,0.98761,2
2012-03-19 20:11:00,0.98745,0.98753,0.98745,0.98753,3
2012-03-19 20:12:00,0.98737,0.98741,0.98737,0.98741,2
2012-03-19 20:13:00,0.98729,0.98733,0.98729,0.98733,2
2012-03-19 20:14:00,0.98737,0.98737,0.98733,0.98733,2
2012-03-19 20:15:00,0.98729,0.98733,0.98729,0.98733,2
2012-03-19 20:16:00,0.98721,0.98725,0.98717,0.98725,4
2012-03-19 20:17:00,0.98681,0.98733,0.98681,0.98725,18
2012-03-19 20:18:00,0.98681,0.98697,0.98681,0.98685,12
2012-03-19 20:19:00,0.98697,0.98697,0.98677,0.98677,6
2012-03-19 20:20:00,0.98705,0.98705,0.98697,0.98701,6
2012-03-19 20:21:00,0.98689,0.98701,0.98689,0.98701,6
2012-03-19 20:22:00,0.98698,0.98698,0.98694,0.98694,2
2012-03-19 20:25:00,0.98702,0.98702,0.98702,0.98702,1
2012-03-19 20:29:00,0.98706,0.9871,0.98706,0.98706,3
2012-03-19 20:30:00,0.98698,0.98702,0.98694,0.98702,4
2012-03-19 20:31:00,0.98694,0.98694,0.98694,0.98694,1
2012-03-19 20:32:00,0.98682,0.9869,0.98682,0.9869,3
2012-03-19 20:33:00,0.98678,0.98678,0.9867,0.98678,5
2012-03-19 20:35:00,0.98678,0.98682,0.98678,0.98682,2
2012-03-19 20:36:00,0.98674,0.98678,0.9867,0.98674,7
2012-03-19 20:37:00,0.98678,0.98678,0.98678,0.98678,1
2012-03-19 20:40:00,0.98682,0.98682,0.98674,0.98674,3
2012-03-19 20:41:00,0.98682,0.9869,0.98682,0.98686,6
2012-03-19 20:44:00,0.98678,0.98678,0.98678,0.98678,1
2012-03-19 20:45:00,0.98678,0.98682,0.98678,0.98682,2
2012-03-19 20:46:00,0.98682,0.98682,0.98682,0.98682,1
2012-03-19 20:47:00,0.98682,0.98686,0.98678,0.98678,4
2012-03-19 20:49:00,0.98682,0.98682,0.98678,0.98678,6
2012-03-19 20:50:00,0.98706,0.9871,0.98686,0.98686,14
2012-03-19 20:51:00,0.98722,0.98722,0.9871,0.9871,4
2012-03-19 20:52:00,0.98734,0.98734,0.98726,0.98726,3
2012-03-19 20:53:00,0.9873,0.9873,0.98726,0.9873,3
2012-03-19 20:54:00,0.9873,0.98734,0.9873,0.98734,2
2012-03-19 20:55:00,0.9871,0.98726,0.9871,0.98726,5
2012-03-19 20:58:00,0.98698,0.98706,0.98698,0.98706,3
2012-03-19 20:59:00,0.9869,0.98694,0.9869,0.98694,2
2012-03-19 21:00:00,0.98683,0.98695,0.98675,0.98694,17
2012-03-19 21:01:00,0.9867,0.98677,0.98665,0.98677,7
2012-03-19 21:02:00,0.98668,0.98668,0.98646,0.98666,14
2012-03-19 21:03:00,0.98668,0.98676,0.9866,0.98664,14
2012-03-19 21:05:00,0.98664,0.98672,0.98664,0.98672,3
2012-03-19 21:06:00,0.98668,0.98668,0.9866,0.9866,3
2012-03-19 21:09:00,0.98672,0.98672,0.98672,0.98672,1
2012-03-19 21:10:00,0.9868,0.9868,0.98676,0.98676,2
2012-03-19 21:11:00,0.98685,0.98693,0.98684,0.98684,5
2012-03-19 21:13:00,0.98684,0.98684,0.98676,0.9868,6
2012-03-19 21:14:00,0.98688,0.98688,0.98676,0.98688,7
2012-03-19 21:16:00,0.98688,0.98692,0.98684,0.98684,4
2012-03-19 21:17:00,0.98683,0.987,0.98683,0.98692,7
2012-03-19 21:18:00,0.98679,0.98679,0.98679,0.98679,1
2012-03-19 21:19:00,0.98671,0.98675,0.98671,0.98675,2
2012-03-19 21:20:00,0.98667,0.98667,0.98667,0.98667,1
2012-03-19 21:22:00,0.98663,0.98663,0.98663,0.98663,1
2012-03-19 21:23:00,0.98671,0.98671,0.98659,0.98659,4
2012-03-19 21:24:00,0.98683,0.98683,0.98675,0.98675,3
2012-03-19 21:25:00,0.98699,0.98699,0.98687,0.98687,4
2012-03-19 21:26:00,0.98691,0.98695,0.98691,0.98695,2
2012-03-19 21:27:00,0.98702,0.98702,0.98682,0.98686,11
2012-03-19 21:28:00,0.98702,0.98702,0.98698,0.98698,4
2012-03-19 21:29:00,0.98735,0.98739,0.98706,0.98706,10
2012-03-19 21:30:00,0.98731,0.98731,0.98727,0.98731,7
2012-03-19 21:31:00,0.98717,0.98727,0.98717,0.98727,7
2012-03-19 21:32:00,0.98701,0.98713,0.98701,0.98713,4
2012-03-19 21:36:00,0.98705,0.98717,0.98705,0.98705,7
2012-03-19 21:37:00,0.98705,0.98709,0.98705,0.98709,2
2012-03-19 21:45:00,0.98709,0.98709,0.98709,0.98709,1
2012-03-19 21:46:00,0.98713,0.98713,0.98705,0.98705,3
2012-03-19 21:48:00,0.98709,0.98709,0.98709,0.98709,1
2012-03-19 21:49:00,0.98713,0.98713,0.98713,0.98713,1
2012-03-19 21:51:00,0.98709,0.98709,0.98709,0.98709,1
2012-03-19 21:52:00,0.98718,0.9873,0.98713,0.98713,8
2012-03-19 21:55:00,0.98714,0.98714,0.9871,0.98714,3
2012-03-19 21:59:00,0.98718,0.98718,0.98718,0.98718,1
2012-03-19 22:00:00,0.98706,0.9872,0.98706,0.98718,7
2012-03-19 22:01:00,0.98708,0.98708,0.98708,0.98708,1
2012-03-19 22:04:00,0.98708,0.98714,0.98708,0.98712,6
2012-03-19 22:05:00,0.98708,0.98712,0.98708,0.98712,2
2012-03-19 22:06:00,0.98712,0.98718,0.98712,0.98712,5
2012-03-19 22:07:00,0.98714,0.98718,0.98714,0.98714,3
2012-03-19 22:10:00,0.98706,0.98712,0.98702,0.98712,5
2012-03-19 22:11:00,0.98714,0.98714,0.98708,0.98708,3
2012-03-19 22:12:00,0.98714,0.98714,0.98712,0.98712,2
2012-03-19 22:13:00,0.98708,0.98712,0.98708,0.98712,2
2012-03-19 22:14:00,0.98706,0.9872,0.98688,0.98712,20
2012-03-19 22:15:00,0.987,0.98708,0.987,0.98708,4
2012-03-19 22:16:00,0.98708,0.98708,0.98702,0.98702,5
2012-03-19 22:20:00,0.98708,0.98712,0.98708,0.98712,2
2012-03-19 22:23:00,0.98712,0.98712,0.98712,0.98712,1
2012-03-19 22:24:00,0.9869,0.98708,0.9869,0.98708,7
2012-03-19 22:25:00,0.98696,0.98696,0.98694,0.98694,2
2012-03-19 22:35:00,0.987,0.987,0.987,0.987,1
2012-03-19 22:36:00,0.98702,0.98702,0.987,0.98702,3
2012-03-19 22:43:00,0.98706,0.98706,0.98706,0.98706,1
2012-03-19 22:54:00,0.98708,0.98708,0.98708,0.98708,1
2012-03-19 22:55:00,0.98714,0.98714,0.98708,0.98712,4
2012-03-19 22:56:00,0.98718,0.98718,0.98718,0.98718,1
2012-03-19 22:57:00,0.98714,0.98714,0.98714,0.98714,1
2012-03-19 22:58:00,0.98712,0.98712,0.98712,0.98712,1
2012-03-19 22:59:00,0.98718,0.9872,0.98714,0.98714,6
2012-03-19 23:01:00,0.98714,0.98714,0.98712,0.98714,3
2012-03-19 23:02:00,0.98732,0.98732,0.98718,0.98718,6
2012-03-19 23:03:00,0.98736,0.98742,0.98732,0.98736,7
2012-03-19 23:05:00,0.98732,0.98736,0.98732,0.98736,2
2012-03-19 23:07:00,0.98736,0.98736,0.98736,0.98736,1
2012-03-19 23:10:00,0.98742,0.98744,0.98738,0.98738,4
2012-03-19 23:11:00,0.98736,0.98738,0.98736,0.98738,2
2012-03-19 23:14:00,0.98736,0.9874,0.98736,0.98738,6
2012-03-19 23:15:00,0.98732,0.98732,0.98732,0.98732,1
2012-03-19 23:17:00,0.9874,0.9874,0.98736,0.98736,3
2012-03-19 23:18:00,0.9873,0.98738,0.9873,0.98738,4
2012-03-19 23:19:00,0.98728,0.98728,0.98728,0.98728,1
2012-03-19 23:20:00,0.9873,0.9873,0.98728,0.9873,3
2012-03-19 23:22:00,0.98728,0.98728,0.98728,0.98728,1
2012-03-19 23:25:00,0.98726,0.98726,0.98722,0.98724,8
2012-03-19 23:26:00,0.9873,0.9873,0.9873,0.9873,1
2012-03-19 23:27:00,0.98736,0.98738,0.98732,0.98732,6
2012-03-19 23:28:00,0.9873,0.98732,0.9873,0.98732,2
2012-03-19 23:31:00,0.98732,0.98732,0.98732,0.98732,1
2012-03-19 23:32:00,0.9873,0.9873,0.9873,0.9873,1
2012-03-19 23:34:00,0.9873,0.9873,0.98728,0.98728,2
2012-03-19 23:35:00,0.98728,0.98728,0.98728,0.98728,1
2012-03-19 23:38:00,0.98724,0.98724,0.98724,0.98724,1
2012-03-19 23:39:00,0.98728,0.9873,0.98726,0.98726,3
2012-03-19 23:40:00,0.98732,0.98732,0.98724,0.98724,6
2012-03-19 23:41:00,0.98728,0.9873,0.98728,0.9873,2
2012-03-19 23:44:00,0.98728,0.9873,0.98728,0.9873,2
2012-03-19 23:45:00,0.98738,0.98738,0.9873,0.9873,4
2012-03-19 23:46:00,0.98736,0.98736,0.9873,0.98736,5
2012-03-19 23:47:00,0.9875,0.9875,0.98738,0.98738,9
2012-03-19 23:48:00,0.98744,0.98746,0.98744,0.98746,2
2012-03-19 23:49:00,0.98758,0.98758,0.98746,0.98746,5
2012-03-19 23:50:00,0.98756,0.98756,0.98756,0.98756,1
2012-03-19 23:52:00,0.98746,0.98752,0.98744,0.98752,5
2012-03-19 23:53:00,0.9875,0.9875,0.9875,0.9875,1
2012-03-19 23:54:00,0.98756,0.98758,0.98742,0.98746,12
2012-03-19 23:55:00,0.98766,0.9877,0.98752,0.98752,24
2012-03-19 23:56:00,0.9877,0.9877,0.9877,0.9877,1
2012-03-19 23:57:00,0.98776,0.9878,0.98772,0.98772,6
2012-03-19 23:59:00,0.98772,0.98772,0.98772,0.98772,1
2012-03-20 00:00:00,0.98778,0.98786,0.98774,0.98774,14
2012-03-20 00:02:00,0.98784,0.98784,0.9878,0.9878,2
2012-03-20 00:04:00,0.98776,0.9878,0.98776,0.9878,3
2012-03-20 00:05:00,0.9877,0.98772,0.9877,0.98772,2
2012-03-20 00:06:00,0.98778,0.9878,0.98772,0.98772,13
2012-03-20 00:08:00,0.98778,0.98778,0.98776,0.98776,2
2012-03-20 00:09:00,0.9878,0.9878,0.98778,0.9878,3
2012-03-20 00:11:00,0.9878,0.9878,0.98772,0.98778,8
2012-03-20 00:13:00,0.98778,0.98778,0.98776,0.98778,3
2012-03-20 00:15:00,0.98778,0.98778,0.98776,0.98776,2
2012-03-20 00:17:00,0.98774,0.98776,0.98772,0.98776,3
2012-03-20 00:19:00,0.98778,0.98778,0.98778,0.98778,1
2012-03-20 00:22:00,0.98774,0.98776,0.98772,0.98776,3
2012-03-20 00:23:00,0.98778,0.98778,0.98778,0.98778,1
2012-03-20 00:26:00,0.9878,0.9878,0.9878,0.9878,1
2012-03-20 00:27:00,0.9877,0.98778,0.98756,0.98778,16
2012-03-20 00:28:00,0.98778,0.9878,0.98772,0.98772,11
2012-03-20 00:29:00,0.98772,0.98776,0.98772,0.98776,2
2012-03-20 00:30:00,0.98764,0.98772,0.98756,0.9877,13
2012-03-20 00:31:00,0.98756,0.98762,0.98756,0.98762,3
2012-03-20 00:32:00,0.98758,0.98758,0.98752,0.98758,7
2012-03-20 00:33:00,0.98756,0.98758,0.98756,0.98756,5
2012-03-20 00:34:00,0.98752,0.98752,0.9875,0.98752,3
2012-03-20 00:35:00,0.9875,0.9875,0.9875,0.9875,1
2012-03-20 00:36:00,0.98742,0.9875,0.98742,0.98746,7
2012-03-20 00:37:00,0.98738,0.98738,0.98738,0.98738,1
2012-03-20 00:38:00,0.98736,0.9874,0.98736,0.9874,3
2012-03-20 00:39:00,0.9873,0.98732,0.98728,0.98732,4
2012-03-20 00:41:00,0.98732,0.98732,0.98732,0.98732,1
2012-03-20 00:47:00,0.98724,0.9873,0.98724,0.9873,3
2012-03-20 00:50:00,0.98726,0.98726,0.98726,0.98726,1
2012-03-20 00:51:00,0.98724,0.98724,0.98724,0.98724,1
2012-03-20 00:52:00,0.98726,0.98726,0.98726,0.98726,1
2012-03-20 00:53:00,0.9873,0.9873,0.9873,0.9873,1
2012-03-20 00:54:00,0.98732,0.98732,0.98732,0.98732,1
2012-03-20 00:55:00,0.98724,0.9873,0.98724,0.9873,3
2012-03-20 00:56:00,0.9873,0.9873,0.98726,0.98726,2
2012-03-20 00:57:00,0.98728,0.98728,0.98728,0.98728,1
2012-03-20 00:58:00,0.98724,0.9873,0.98724,0.9873,3
2012-03-20 00:59:00,0.98722,0.9873,0.98722,0.98726,9
2012-03-20 01:00:00,0.98738,0.98738,0.98722,0.98724,10
2012-03-20 01:01:00,0.98732,0.98736,0.98728,0.98736,8
2012-03-20 01:02:00,0.98744,0.98744,0.98736,0.98736,8
2012-03-20 01:03:00,0.9875,0.9875,0.98738,0.98742,8
2012-03-20 01:06:00,0.98746,0.9875,0.98746,0.98746,3
2012-03-20 01:07:00,0.9875,0.9875,0.9875,0.9875,1
2012-03-20 01:08:00,0.9875,0.9875,0.98746,0.98746,2
2012-03-20 01:11:00,0.98746,0.98746,0.98746,0.98746,1
2012-03-20 01:12:00,0.98742,0.98744,0.98742,0.98744,2
2012-03-20 01:13:00,0.9875,0.9875,0.98744,0.98744,3
2012-03-20 01:14:00,0.98746,0.98746,0.98746,0.98746,1
2012-03-20 01:15:00,0.98736,0.98744,0.98736,0.98744,8
2012-03-20 01:16:00,0.98722,0.98732,0.98722,0.98732,9
2012-03-20 01:17:00,0.98724,0.98726,0.9871,0.98718,11
2012-03-20 01:18:00,0.98716,0.98722,0.9871,0.98722,7
2012-03-20 01:19:00,0.98718,0.9872,0.98718,0.98718,3
2012-03-20 01:20:00,0.98718,0.98718,0.98716,0.98716,2
2012-03-20 01:21:00,0.98718,0.9872,0.98718,0.9872,2
2012-03-20 01:22:00,0.98744,0.98744,0.9872,0.9872,9
2012-03-20 01:23:00,0.9875,0.9875,0.98742,0.98742,6
2012-03-20 01:24:00,0.98746,0.98746,0.98746,0.98746,1
2012-03-20 01:25:00,0.9875,0.9875,0.98746,0.9875,3
2012-03-20 01:26:00,0.98746,0.98746,0.98746,0.98746,1
2012-03-20 01:28:00,0.9875,0.98752,0.9875,0.9875,3
2012-03-20 01:29:00,0.98744,0.98746,0.98744,0.98746,2
2012-03-20 01:30:00,0.98738,0.9875,0.98736,0.98746,10
2012-03-20 01:33:00,0.9875,0.9875,0.9874,0.9874,6
2012-03-20 01:34:00,0.9877,0.9877,0.9875,0.98752,13
2012-03-20 01:35:00,0.98772,0.98774,0.9877,0.98772,11
2012-03-20 01:36:00,0.9877,0.9877,0.9877,0.9877,1
2012-03-20 01:37:00,0.988,0.988,0.98772,0.98772,15
2012-03-20 01:38:00,0.98804,0.98814,0.98804,0.98804,9
2012-03-20 01:39:00,0.988,0.988,0.98786,0.988,11
2012-03-20 01:40:00,0.98796,0.98798,0.98796,0.98798,2
2012-03-20 01:41:00,0.98786,0.98792,0.98786,0.98792,3
2012-03-20 01:43:00,0.98778,0.98784,0.98778,0.98784,3
2012-03-20 01:44:00,0.98776,0.98776,0.98776,0.98776,1
2012-03-20 01:45:00,0.98786,0.98786,0.98778,0.98778,6
2012-03-20 01:46:00,0.98796,0.98804,0.9879,0.9879,9
2012-03-20 01:47:00,0.98814,0.98814,0.98798,0.98798,19
2012-03-20 01:48:00,0.98808,0.9882,0.98806,0.98818,8
2012-03-20 01:49:00,0.988,0.98812,0.988,0.98812,7
2012-03-20 01:50:00,0.9881,0.98812,0.98804,0.98804,5
2012-03-20 01:51:00,0.98806,0.98806,0.98806,0.98806,1
2012-03-20 01:52:00,0.98798,0.98804,0.98796,0.98804,7
2012-03-20 01:53:00,0.98778,0.98796,0.98778,0.98796,7
2012-03-20 01:54:00,0.98778,0.9878,0.98778,0.9878,2
2012-03-20 01:55:00,0.988,0.988,0.9878,0.9878,12
2012-03-20 01:56:00,0.98812,0.98812,0.98804,0.98804,4
2012-03-20 01:57:00,0.98814,0.98814,0.9881,0.98814,5
2012-03-20 01:58:00,0.98806,0.98818,0.98806,0.98818,5
2012-03-20 01:59:00,0.98804,0.98804,0.98804,0.98804,1
2012-03-20 02:00:00,0.98806,0.98806,0.98806,0.98806,1
2012-03-20 02:01:00,0.98818,0.9882,0.98808,0.98808,6
2012-03-20 02:02:00,0.98814,0.98826,0.9881,0.9882,13
2012-03-20 02:03:00,0.98824,0.98832,0.98814,0.98818,15
2012-03-20 02:04:00,0.98842,0.98842,0.98826,0.98826,14
2012-03-20 02:05:00,0.98837,0.98845,0.98834,0.98845,6
2012-03-20 02:06:00,0.98846,0.98848,0.98837,0.9884,11
2012-03-20 02:07:00,0.98846,0.98854,0.9884,0.98843,14
2012-03-20 02:08:00,0.9884,0.98848,0.9884,0.98843,6
2012-03-20 02:09:00,0.98849,0.98851,0.9884,0.98842,15
2012-03-20 02:10:00,0.98845,0.98846,0.9884,0.98846,7
2012-03-20 02:11:00,0.98846,0.98848,0.9884,0.98843,12
2012-03-20 02:12:00,0.9886,0.98862,0.98843,0.98843,13
2012-03-20 02:13:00,0.98851,0.98857,0.98849,0.98857,5
2012-03-20 02:14:00,0.98849,0.98857,0.98849,0.98849,7
2012-03-20 02:16:00,0.98831,0.98846,0.98831,0.98846,6
2012-03-20 02:19:00,0.98837,0.98842,0.98834,0.98834,6
2012-03-20 02:20:00,0.98837,0.9884,0.98837,0.9884,6
2012-03-20 02:21:00,0.98831,0.98834,0.98831,0.98834,2
2012-03-20 02:22:00,0.98837,0.98837,0.98834,0.98834,2
2012-03-20 02:23:00,0.98843,0.98845,0.9884,0.9884,4
2012-03-20 02:24:00,0.9886,0.98862,0.98845,0.98845,8
2012-03-20 02:25:00,0.98859,0.98871,0.98857,0.98862,14
2012-03-20 02:26:00,0.98868,0.98868,0.98862,0.98862,3
2012-03-20 02:27:00,0.98866,0.98871,0.98866,0.98871,3
2012-03-20 02:29:00,0.98868,0.98868,0.98868,0.98868,1
2012-03-20 02:30:00,0.98837,0.98866,0.98837,0.98866,13
2012-03-20 02:31:00,0.98834,0.98842,0.98834,0.9884,7
2012-03-20 02:32:00,0.98842,0.98842,0.98834,0.98837,9
2012-03-20 02:33:00,0.98849,0.98854,0.98845,0.98845,6
2012-03-20 02:34:00,0.98848,0.98848,0.98846,0.98846,2
2012-03-20 02:35:00,0.98837,0.98846,0.98837,0.98846,4
2012-03-20 02:36:00,0.9884,0.98845,0.9884,0.9884,7
2012-03-20 02:39:00,0.98837,0.98837,0.98837,0.98837,1
2012-03-20 02:40:00,0.9884,0.98842,0.9884,0.9884,5
2012-03-20 02:41:00,0.98843,0.98845,0.98842,0.98842,5
2012-03-20 02:42:00,0.98845,0.98845,0.98843,0.98845,3
2012-03-20 02:43:00,0.9884,0.98843,0.98837,0.98843,4
2012-03-20 02:44:00,0.98837,0.98837,0.98837,0.98837,1
2012-03-20 02:45:00,0.9884,0.9884,0.98834,0.9884,7
2012-03-20 02:49:00,0.98848,0.98848,0.98842,0.98842,3
2012-03-20 02:50:00,0.98851,0.98865,0.98849,0.98851,13
2012-03-20 02:51:00,0.98854,0.98854,0.98854,0.98854,1
2012-03-20 02:52:00,0.98851,0.98851,0.98849,0.98851,3
2012-03-20 02:53:00,0.98854,0.98854,0.98854,0.98854,1
2012-03-20 02:54:00,0.98854,0.98857,0.98854,0.98857,2
2012-03-20 02:55:00,0.98857,0.98857,0.98857,0.98857,1
2012-03-20 02:56:00,0.98876,0.98876,0.98849,0.98854,17
2012-03-20 02:57:00,0.98882,0.98882,0.98879,0.98879,4
2012-03-20 02:58:00,0.9888,0.9888,0.9888,0.9888,1
2012-03-20 02:59:00,0.98871,0.98877,0.98871,0.98877,3
2012-03-20 03:00:00,0.98871,0.98879,0.98871,0.98874,8
2012-03-20 03:01:00,0.98871,0.98874,0.98871,0.98874,2
2012-03-20 03:02:00,0.9886,0.98874,0.9886,0.98874,6
2012-03-20 03:03:00,0.98851,0.98859,0.98851,0.98857,7
2012-03-20 03:04:00,0.98849,0.98851,0.98849,0.98849,3
2012-03-20 03:05:00,0.98846,0.98846,0.98846,0.98846,1
2012-03-20 03:06:00,0.98837,0.98843,0.98837,0.98843,3
2012-03-20 03:07:00,0.98829,0.98834,0.98829,0.98834,3
2012-03-20 03:08:00,0.98823,0.98826,0.98823,0.98826,2
2012-03-20 03:09:00,0.98826,0.98828,0.98825,0.98825,3
2012-03-20 03:10:00,0.98834,0.98834,0.98828,0.98828,3
2012-03-20 03:11:00,0.98837,0.98837,0.98837,0.98837,1
2012-03-20 03:12:00,0.98842,0.98842,0.9884,0.9884,2
2012-03-20 03:13:00,0.98831,0.9884,0.98831,0.9884,6
2012-03-20 03:14:00,0.98826,0.98829,0.98826,0.98829,4
2012-03-20 03:15:00,0.9882,0.98823,0.9882,0.98823,4
2012-03-20 03:16:00,0.98825,0.98825,0.98823,0.98823,2
2012-03-20 03:17:00,0.98823,0.98831,0.98823,0.98823,7
2012-03-20 03:18:00,0.9882,0.9882,0.98817,0.9882,3
2012-03-20 03:19:00,0.98825,0.98825,0.98823,0.98823,2
2012-03-20 03:20:00,0.9882,0.98823,0.9882,0.98823,2
2012-03-20 03:23:00,0.98812,0.9882,0.98812,0.98817,5
2012-03-20 03:24:00,0.98809,0.98811,0.98809,0.98809,3
2012-03-20 03:25:00,0.98811,0.98811,0.98809,0.98811,3
2012-03-20 03:27:00,0.98814,0.98817,0.98809,0.98809,9
2012-03-20 03:28:00,0.98814,0.98814,0.98812,0.98812,4
2012-03-20 03:29:00,0.98814,0.98823,0.98814,0.98817,6
2012-03-20 03:30:00,0.9882,0.9882,0.98817,0.98817,2
2012-03-20 03:31:00,0.98814,0.98817,0.98814,0.98817,2
2012-03-20 03:32:00,0.98817,0.98817,0.98817,0.98817,1
2012-03-20 03:33:00,0.98812,0.9882,0.98812,0.9882,4
2012-03-20 03:34:00,0.98811,0.98814,0.98809,0.98814,4
2012-03-20 03:36:00,0.98809,0.98809,0.98809,0.98809,1
2012-03-20 03:37:00,0.98794,0.98806,0.98792,0.98806,7
2012-03-20 03:38:00,0.98789,0.98792,0.98789,0.98792,2
2012-03-20 03:39:00,0.98786,0.98786,0.98786,0.98786,1
2012-03-20 03:40:00,0.98789,0.98789,0.98789,0.98789,1
2012-03-20 03:44:00,0.98786,0.98786,0.98786,0.98786,1
2012-03-20 03:45:00,0.98791,0.98791,0.98789,0.98789,2
2012-03-20 03:49:00,0.98789,0.98789,0.98789,0.98789,1
2012-03-20 03:51:00,0.98783,0.98786,0.98783,0.98786,2
2012-03-20 03:52:00,0.98783,0.98783,0.9878,0.9878,2
2012-03-20 03:53:00,0.98786,0.98789,0.98786,0.98786,3
2012-03-20 03:55:00,0.98789,0.98789,0.98789,0.98789,1
2012-03-20 03:56:00,0.98789,0.98789,0.98786,0.98786,2
2012-03-20 03:58:00,0.98778,0.98786,0.98778,0.98786,4
2012-03-20 03:59:00,0.98774,0.98775,0.98772,0.98775,3
2012-03-20 04:00:00,0.98777,0.98777,0.98769,0.98772,5
2012-03-20 04:01:00,0.98783,0.98783,0.98778,0.9878,6
2012-03-20 04:02:00,0.98797,0.98797,0.98786,0.98786,11
2012-03-20 04:03:00,0.988,0.988,0.988,0.988,1
2012-03-20 04:04:00,0.98795,0.98797,0.98795,0.98797,2
2012-03-20 04:05:00,0.98797,0.98797,0.98795,0.98797,3
2012-03-20 04:06:00,0.988,0.988,0.98797,0.988,3
2012-03-20 04:11:00,0.98803,0.98803,0.98803,0.98803,1
2012-03-20 04:13:00,0.98808,0.98808,0.98806,0.98806,4
2012-03-20 04:15:00,0.98803,0.98808,0.98803,0.98806,6
2012-03-20 04:30:00,0.98808,0.98808,0.98806,0.98806,2
2012-03-20 04:32:00,0.98814,0.98817,0.98811,0.98811,4
2012-03-20 04:33:00,0.98812,0.98812,0.98812,0.98812,1
2012-03-20 04:35:00,0.98817,0.98817,0.98814,0.98814,2
2012-03-20 04:36:00,0.98814,0.9882,0.98814,0.9882,3
2012-03-20 04:37:00,0.98817,0.98817,0.98817,0.98817,1
2012-03-20 04:39:00,0.9882,0.9882,0.9882,0.9882,1
2012-03-20 04:41:00,0.98823,0.98823,0.98823,0.98823,1
2012-03-20 04:42:00,0.9882,0.9882,0.9882,0.9882,1
2012-03-20 04:49:00,0.98814,0.98817,0.98814,0.98817,2
2012-03-20 04:52:00,0.98812,0.98812,0.98812,0.98812,1
2012-03-20 04:56:00,0.98814,0.98814,0.98814,0.98814,1
2012-03-20 04:57:00,0.9882,0.9882,0.98817,0.98817,2
2012-03-20 04:59:00,0.98811,0.98817,0.98809,0.98817,7
2012-03-20 05:00:00,0.98814,0.98814,0.98814,0.98814,1
2012-03-20 05:01:00,0.98817,0.98817,0.98814,0.98817,3
2012-03-20 05:03:00,0.98814,0.98814,0.98814,0.98814,1
2012-03-20 05:05:00,0.98828,0.98828,0.98817,0.98817,5
2012-03-20 05:06:00,0.9882,0.98826,0.9882,0.98826,3
2012-03-20 05:07:00,0.98825,0.98825,0.98823,0.98823,2
2012-03-20 05:08:00,0.98842,0.98842,0.98828,0.98828,6
2012-03-20 05:09:00,0.98834,0.9884,0.98834,0.9884,3
2012-03-20 05:10:00,0.98831,0.98831,0.98831,0.98831,1
2012-03-20 05:11:00,0.98826,0.98829,0.98826,0.98829,4
2012-03-20 05:12:00,0.9882,0.98823,0.9882,0.98823,2
2012-03-20 05:13:00,0.98817,0.98817,0.98817,0.98817,1
2012-03-20 05:14:00,0.9882,0.9882,0.9882,0.9882,1
2012-03-20 05:16:00,0.9882,0.9882,0.98814,0.98817,4
2012-03-20 05:17:00,0.98831,0.98831,0.98823,0.98823,4
2012-03-20 05:18:00,0.98831,0.98834,0.98831,0.98834,2
2012-03-20 05:21:00,0.98826,0.98829,0.98826,0.98829,2
2012-03-20 05:22:00,0.98831,0.98831,0.98828,0.98828,2
2012-03-20 05:23:00,0.98834,0.98834,0.98834,0.98834,1
2012-03-20 05:24:00,0.98831,0.98831,0.98831,0.98831,1
2012-03-20 05:26:00,0.98823,0.98829,0.98823,0.98829,3
2012-03-20 05:28:00,0.98817,0.9882,0.98817,0.9882,2
2012-03-20 05:29:00,0.98814,0.98814,0.98814,0.98814,1
2012-03-20 05:30:00,0.9882,0.9882,0.98817,0.98817,2
2012-03-20 05:31:00,0.98825,0.98825,0.98823,0.98823,2
2012-03-20 05:32:00,0.98823,0.98823,0.98814,0.98823,7
2012-03-20 05:33:00,0.98831,0.98831,0.98825,0.98825,3
2012-03-20 05:34:00,0.98834,0.98834,0.98834,0.98834,1
2012-03-20 05:35:00,0.9884,0.9884,0.98837,0.98837,2
2012-03-20 05:37:00,0.98846,0.98851,0.98842,0.98842,10
2012-03-20 05:38:00,0.98848,0.98848,0.9884,0.98843,5
2012-03-20 05:40:00,0.98846,0.98846,0.98846,0.98846,1
2012-03-20 05:41:00,0.98837,0.98843,0.98837,0.98843,3
2012-03-20 05:44:00,0.9884,0.9884,0.9884,0.9884,1
2012-03-20 05:48:00,0.98846,0.98848,0.98842,0.98842,4
2012-03-20 05:49:00,0.98848,0.98848,0.98848,0.98848,1
2012-03-20 05:50:00,0.98851,0.98857,0.98849,0.98851,7
2012-03-20 05:51:00,0.98848,0.98849,0.98846,0.98849,3
2012-03-20 05:52:00,0.9884,0.98846,0.9884,0.98846,3
2012-03-20 05:55:00,0.98837,0.98837,0.98834,0.98837,3
2012-03-20 05:56:00,0.9884,0.9884,0.9884,0.9884,1
2012-03-20 05:57:00,0.98842,0.98842,0.98842,0.98842,1
2012-03-20 05:58:00,0.98845,0.98845,0.98845,0.98845,1
2012-03-20 05:59:00,0.98834,0.98843,0.98834,0.98843,4
2012-03-20 06:00:00,0.9882,0.98837,0.98817,0.98837,9
2012-03-20 06:03:00,0.98828,0.98828,0.98823,0.98823,3
2012-03-20 06:04:00,0.9882,0.98826,0.9882,0.98826,3
2012-03-20 06:05:00,0.9882,0.9882,0.98817,0.98817,2
2012-03-20 06:06:00,0.98825,0.98825,0.98823,0.98823,2
2012-03-20 06:07:00,0.98828,0.98828,0.98828,0.98828,1
2012-03-20 06:09:00,0.98823,0.98826,0.9882,0.98826,4
2012-03-20 06:10:00,0.98816,0.98821,0.9881,0.9882,12
2012-03-20 06:11:00,0.98819,0.98821,0.98818,0.98818,3
2012-03-20 06:12:00,0.98813,0.98816,0.98813,0.98816,2
2012-03-20 06:13:00,0.9881,0.98815,0.9881,0.9881,5
2012-03-20 06:14:00,0.98807,0.98815,0.98807,0.98813,5
2012-03-20 06:15:00,0.9881,0.9881,0.9881,0.9881,1
2012-03-20 06:16:00,0.98805,0.9881,0.98805,0.98807,4
2012-03-20 06:17:00,0.98802,0.98802,0.98802,0.98802,1
2012-03-20 06:19:00,0.98801,0.98801,0.98796,0.98799,4
2012-03-20 06:20:00,0.98799,0.98799,0.98799,0.98799,1
2012-03-20 06:21:00,0.98801,0.98801,0.98801,0.98801,1
2012-03-20 06:22:00,0.98799,0.98799,0.98799,0.98799,1
2012-03-20 06:24:00,0.98799,0.98801,0.98799,0.98801,2
2012-03-20 06:25:00,0.98804,0.98804,0.98801,0.98801,2
2012-03-20 06:26:00,0.98805,0.9881,0.98805,0.98807,4
2012-03-20 06:27:00,0.98807,0.98807,0.98802,0.98802,3
2012-03-20 06:28:00,0.9881,0.9881,0.9881,0.9881,1
2012-03-20 06:29:00,0.98799,0.98813,0.98799,0.98813,6
2012-03-20 06:30:00,0.98796,0.98798,0.98796,0.98796,3
2012-03-20 06:31:00,0.98785,0.98793,0.98785,0.98793,12
2012-03-20 06:35:00,0.98784,0.98784,0.98782,0.98782,2
2012-03-20 06:36:00,0.9879,0.9879,0.98787,0.98787,2
2012-03-20 06:37:00,0.98787,0.98793,0.98785,0.98793,5
2012-03-20 06:38:00,0.98787,0.98787,0.98785,0.98785,2
2012-03-20 06:39:00,0.9879,0.9879,0.9879,0.9879,1
2012-03-20 06:40:00,0.98785,0.98788,0.98785,0.98788,2
2012-03-20 06:41:00,0.9879,0.9879,0.98787,0.98787,2
2012-03-20 06:44:00,0.98788,0.98788,0.98788,0.98788,1
2012-03-20 06:45:00,0.98793,0.98798,0.9879,0.9879,6
2012-03-20 06:50:00,0.98802,0.98807,0.98796,0.98796,7
2012-03-20 06:51:00,0.98788,0.98799,0.98788,0.98799,5
2012-03-20 06:52:00,0.98798,0.98798,0.98782,0.98785,8
2012-03-20 06:53:00,0.98793,0.98796,0.98793,0.98796,2
2012-03-20 06:54:00,0.98788,0.9879,0.98788,0.9879,2
2012-03-20 06:55:00,0.98779,0.98785,0.98779,0.98785,3
2012-03-20 06:56:00,0.98787,0.98787,0.98776,0.98776,5
2012-03-20 06:57:00,0.9879,0.9879,0.9879,0.9879,1
2012-03-20 06:58:00,0.98784,0.98788,0.98779,0.98788,6
2012-03-20 06:59:00,0.98805,0.98807,0.98787,0.98787,9
2012-03-20 07:00:00,0.98802,0.98802,0.98802,0.98802,1
2012-03-20 07:01:00,0.98818,0.98818,0.98799,0.98799,8
2012-03-20 07:02:00,0.98813,0.98818,0.98813,0.98816,14
2012-03-20 07:03:00,0.98807,0.98815,0.98807,0.9881,6
2012-03-20 07:04:00,0.98802,0.98815,0.98802,0.9881,8
2012-03-20 07:05:00,0.98815,0.98815,0.98796,0.98799,11
2012-03-20 07:06:00,0.98821,0.98821,0.98818,0.98818,6
2012-03-20 07:07:00,0.9881,0.98827,0.9881,0.98824,10
2012-03-20 07:08:00,0.98801,0.98807,0.98799,0.98807,5
2012-03-20 07:09:00,0.98801,0.98811,0.98799,0.98799,20
2012-03-20 07:10:00,0.9881,0.98815,0.98804,0.98804,7
2012-03-20 07:12:00,0.9881,0.9881,0.98807,0.98807,2
2012-03-20 07:13:00,0.9881,0.9881,0.98802,0.98807,6
2012-03-20 07:14:00,0.98821,0.98821,0.98813,0.98813,8
2012-03-20 07:15:00,0.98822,0.98827,0.98822,0.98824,4
2012-03-20 07:16:00,0.98819,0.98819,0.98819,0.98819,1
2012-03-20 07:18:00,0.98827,0.98841,0.98821,0.98821,19
2012-03-20 07:19:00,0.98841,0.98841,0.9883,0.9883,5
2012-03-20 07:20:00,0.98836,0.98839,0.98836,0.98839,2
2012-03-20 07:21:00,0.98838,0.98838,0.98838,0.98838,1
2012-03-20 07:22:00,0.9885,0.98852,0.98841,0.98841,8
2012-03-20 07:24:00,0.98844,0.98847,0.98844,0.98847,2
2012-03-20 07:25:00,0.98839,0.98841,0.98839,0.98841,2
2012-03-20 07:26:00,0.98841,0.98844,0.98841,0.98841,3
2012-03-20 07:27:00,0.98839,0.98839,0.98839,0.98839,1
2012-03-20 07:28:00,0.9885,0.9885,0.98841,0.98841,4
2012-03-20 07:29:00,0.9885,0.9885,0.9885,0.9885,1
2012-03-20 07:30:00,0.98848,0.98848,0.98836,0.98846,10
2012-03-20 07:32:00,0.98878,0.98882,0.9885,0.9885,15
2012-03-20 07:33:00,0.98876,0.98876,0.98876,0.98876,1
2012-03-20 07:34:00,0.98878,0.98878,0.98878,0.98878,1
2012-03-20 07:35:00,0.98878,0.98878,0.98876,0.98876,4
2012-03-20 07:36:00,0.98884,0.98884,0.98882,0.98882,4
2012-03-20 07:37:00,0.9889,0.9889,0.98888,0.98888,2
2012-03-20 07:38:00,0.98882,0.98888,0.98878,0.98888,5
2012-03-20 07:39:00,0.98892,0.98896,0.98884,0.98884,10
2012-03-20 07:40:00,0.9893,0.9893,0.98896,0.98896,23
2012-03-20 07:41:00,0.9893,0.9893,0.98922,0.98928,10
2012-03-20 07:42:00,0.98932,0.98932,0.98928,0.98928,3
2012-03-20 07:43:00,0.98932,0.98936,0.98932,0.98936,2
2012-03-20 07:44:00,0.9893,0.9893,0.98924,0.9893,13
2012-03-20 07:45:00,0.98928,0.98928,0.98928,0.98928,1
2012-03-20 07:46:00,0.98902,0.98924,0.98902,0.98924,19
2012-03-20 07:47:00,0.98902,0.98902,0.98898,0.98898,2
2012-03-20 07:48:00,0.98918,0.98918,0.98904,0.98904,6
2012-03-20 07:49:00,0.98938,0.98938,0.98922,0.98922,9
2012-03-20 07:50:00,0.98932,0.98944,0.98932,0.9894,8
2012-03-20 07:51:00,0.98932,0.98936,0.9893,0.9893,8
2012-03-20 07:52:00,0.98922,0.9893,0.98912,0.9893,14
2012-03-20 07:53:00,0.98928,0.9894,0.98924,0.98924,12
2012-03-20 07:54:00,0.98938,0.98944,0.9893,0.9893,14
2012-03-20 07:55:00,0.98932,0.98936,0.98928,0.98936,10
2012-03-20 07:56:00,0.98924,0.98936,0.98924,0.9893,7
2012-03-20 07:57:00,0.98922,0.98926,0.98918,0.98926,5
2012-03-20 07:58:00,0.98916,0.98918,0.98916,0.98918,2
2012-03-20 07:59:00,0.98912,0.98916,0.9891,0.98912,5
2012-03-20 08:00:00,0.98898,0.98912,0.98898,0.9891,7
2012-03-20 08:01:00,0.98898,0.98902,0.98898,0.98902,2
2012-03-20 08:02:00,0.98946,0.98946,0.98896,0.98896,19
2012-03-20 08:03:00,0.98966,0.98984,0.98942,0.98944,41
2012-03-20 08:04:00,0.98978,0.98978,0.98958,0.9897,22
2012-03-20 08:05:00,0.98984,0.98984,0.98962,0.98976,32
2012-03-20 08:06:00,0.9897,0.98984,0.98964,0.98982,17
2012-03-20 08:07:00,0.98974,0.98974,0.9897,0.98972,8
2012-03-20 08:08:00,0.98978,0.9898,0.9897,0.98972,7
2012-03-20 08:09:00,0.9898,0.98992,0.98978,0.9898,13
2012-03-20 08:10:00,0.99028,0.99028,0.98976,0.98978,29
2012-03-20 08:11:00,0.99028,0.99028,0.99026,0.99026,4
2012-03-20 08:12:00,0.99018,0.99026,0.99018,0.99026,4
2012-03-20 08:13:00,0.9904,0.9904,0.99,0.99016,24
2012-03-20 08:14:00,0.99054,0.99054,0.99038,0.99044,15
2012-03-20 08:15:00,0.99068,0.9908,0.99052,0.99052,19
2012-03-20 08:16:00,0.9906,0.99068,0.99054,0.99066,15
2012-03-20 08:17:00,0.99032,0.99058,0.99032,0.99058,10
2012-03-20 08:18:00,0.99068,0.99068,0.99032,0.99034,15
2012-03-20 08:19:00,0.99054,0.99066,0.99054,0.99066,5
2012-03-20 08:20:00,0.99082,0.99086,0.99058,0.99058,30
2012-03-20 08:21:00,0.99058,0.9908,0.99058,0.9908,27
2012-03-20 08:22:00,0.99066,0.99068,0.99054,0.9906,29
2012-03-20 08:23:00,0.99052,0.99068,0.9905,0.99064,31
2012-03-20 08:24:00,0.99052,0.99052,0.99046,0.9905,8
2012-03-20 08:25:00,0.99044,0.99068,0.9904,0.99054,19
2012-03-20 08:26:00,0.9904,0.99046,0.9904,0.99046,3
2012-03-20 08:27:00,0.99032,0.99044,0.99032,0.99038,11
2012-03-20 08:28:00,0.9903,0.99034,0.9903,0.99034,5
2012-03-20 08:29:00,0.99012,0.99026,0.9901,0.99026,18
2012-03-20 08:30:00,0.99028,0.99028,0.9901,0.9901,12
2012-03-20 08:31:00,0.99028,0.99028,0.99018,0.99026,18
2012-03-20 08:32:00,0.9903,0.99034,0.9903,0.99032,4
2012-03-20 08:33:00,0.9902,0.99028,0.99016,0.99026,15
2012-03-20 08:34:00,0.99016,0.99032,0.99016,0.99018,16
2012-03-20 08:35:00,0.9901,0.99012,0.9901,0.99012,4
2012-03-20 08:36:00,0.99014,0.99014,0.9901,0.99012,6
2012-03-20 08:37:00,0.99034,0.99034,0.99016,0.99018,9
2012-03-20 08:38:00,0.99026,0.99038,0.99026,0.99038,7
2012-03-20 08:39:00,0.99006,0.99024,0.99006,0.99024,7
2012-03-20 08:40:00,0.9901,0.99014,0.9901,0.9901,9
2012-03-20 08:41:00,0.99006,0.99006,0.99006,0.99006,1
2012-03-20 08:42:00,0.9901,0.99014,0.9901,0.9901,7
2012-03-20 08:43:00,0.9901,0.99012,0.9901,0.99012,2
2012-03-20 08:44:00,0.99006,0.99014,0.99006,0.99012,5
2012-03-20 08:45:00,0.99026,0.99026,0.9901,0.9901,9
2012-03-20 08:46:00,0.99026,0.99028,0.99026,0.99028,2
2012-03-20 08:47:00,0.99016,0.99028,0.99016,0.99024,12
2012-03-20 08:48:00,0.99004,0.99018,0.99004,0.99018,6
2012-03-20 08:49:00,0.98994,0.99,0.98986,0.99,11
2012-03-20 08:50:00,0.98984,0.98992,0.98982,0.98992,6
2012-03-20 08:51:00,0.98986,0.98992,0.98978,0.98986,11
2012-03-20 08:52:00,0.98978,0.9899,0.98978,0.9899,5
2012-03-20 08:53:00,0.98964,0.98976,0.98958,0.98976,9
2012-03-20 08:54:00,0.98962,0.98964,0.98956,0.98962,7
2012-03-20 08:55:00,0.98958,0.98974,0.98958,0.98964,13
2012-03-20 08:56:00,0.98962,0.98972,0.9896,0.9896,9
2012-03-20 08:57:00,0.98938,0.98958,0.98936,0.98958,10
2012-03-20 08:58:00,0.9893,0.98936,0.98928,0.98936,5
2012-03-20 08:59:00,0.98936,0.9894,0.98928,0.98928,12
2012-03-20 09:00:00,0.98928,0.98932,0.98928,0.98932,7
2012-03-20 09:01:00,0.98932,0.98932,0.98918,0.9893,10
2012-03-20 09:02:00,0.9893,0.98932,0.98928,0.9893,7
2012-03-20 09:03:00,0.98932,0.98932,0.9893,0.98932,5
2012-03-20 09:04:00,0.9893,0.9893,0.9893,0.9893,1
2012-03-20 09:05:00,0.98928,0.98928,0.98928,0.98928,1
2012-03-20 09:06:00,0.9889,0.98924,0.9889,0.98924,17
2012-03-20 09:07:00,0.98898,0.98902,0.98892,0.98892,7
2012-03-20 09:08:00,0.98894,0.98896,0.98894,0.98896,2
2012-03-20 09:09:00,0.98904,0.98904,0.98896,0.98896,4
2012-03-20 09:10:00,0.98912,0.98912,0.98898,0.98902,7
2012-03-20 09:11:00,0.98924,0.98924,0.98916,0.98916,6
2012-03-20 09:12:00,0.98918,0.98924,0.98918,0.98922,4
2012-03-20 09:13:00,0.9891,0.98924,0.98908,0.98922,11
2012-03-20 09:14:00,0.98916,0.98918,0.98908,0.98908,8
2012-03-20 09:15:00,0.98916,0.98918,0.98912,0.98918,6
2012-03-20 09:16:00,0.98922,0.98922,0.98916,0.98918,4
2012-03-20 09:17:00,0.98922,0.98922,0.98918,0.98918,2
2012-03-20 09:18:00,0.98908,0.98918,0.98908,0.98918,5
2012-03-20 09:19:00,0.98924,0.98924,0.9891,0.9891,12
2012-03-20 09:20:00,0.98932,0.98932,0.98926,0.98926,5
2012-03-20 09:21:00,0.9895,0.9895,0.98936,0.98936,6
2012-03-20 09:22:00,0.9897,0.9897,0.98952,0.98952,7
2012-03-20 09:23:00,0.9899,0.9899,0.98972,0.98972,7
2012-03-20 09:24:00,0.99,0.99012,0.98992,0.98992,16
2012-03-20 09:25:00,0.9901,0.99018,0.99004,0.99004,19
2012-03-20 09:26:00,0.9904,0.99044,0.99012,0.99012,21
2012-03-20 09:27:00,0.9906,0.99066,0.99044,0.99044,17
2012-03-20 09:28:00,0.99066,0.99074,0.9906,0.99062,12
2012-03-20 09:29:00,0.9907,0.99072,0.99064,0.99064,9
2012-03-20 09:30:00,0.9907,0.99072,0.99066,0.99066,6
2012-03-20 09:31:00,0.99106,0.99116,0.99072,0.99072,27
2012-03-20 09:32:00,0.99126,0.99126,0.99108,0.99108,7
2012-03-20 09:33:00,0.99128,0.9914,0.99118,0.99128,25
2012-03-20 09:34:00,0.99126,0.99134,0.99118,0.9913,21
2012-03-20 09:35:00,0.99136,0.99136,0.99114,0.99122,12
2012-03-20 09:36:00,0.99138,0.99172,0.99138,0.9914,26
2012-03-20 09:37:00,0.99152,0.99152,0.99128,0.9914,21
2012-03-20 09:38:00,0.99144,0.9916,0.99144,0.99156,17
2012-03-20 09:39:00,0.99158,0.99158,0.99146,0.99146,9
2012-03-20 09:40:00,0.99172,0.99184,0.9916,0.9916,19
2012-03-20 09:41:00,0.99174,0.99174,0.99172,0.99174,3
2012-03-20 09:42:00,0.99164,0.99178,0.99164,0.99178,14
2012-03-20 09:43:00,0.99162,0.99164,0.99152,0.99162,9
2012-03-20 09:44:00,0.99158,0.99158,0.99148,0.99158,21
2012-03-20 09:45:00,0.9915,0.99156,0.9915,0.99156,7
2012-03-20 09:46:00,0.99152,0.99156,0.99142,0.99152,17
2012-03-20 09:47:00,0.99152,0.99152,0.99136,0.9915,28
2012-03-20 09:48:00,0.99136,0.9915,0.99136,0.9915,12
2012-03-20 09:49:00,0.99144,0.99146,0.99138,0.99138,7
2012-03-20 09:50:00,0.99152,0.99152,0.99142,0.99146,7
2012-03-20 09:51:00,0.99136,0.9915,0.99136,0.9915,6
2012-03-20 09:52:00,0.9913,0.99144,0.9913,0.99138,12
2012-03-20 09:53:00,0.99116,0.99136,0.99112,0.99132,17
2012-03-20 09:54:00,0.9914,0.9914,0.99118,0.99118,15
2012-03-20 09:55:00,0.9916,0.99162,0.99144,0.99144,18
2012-03-20 09:56:00,0.9916,0.99168,0.99156,0.99156,12
2012-03-20 09:57:00,0.9916,0.99162,0.99156,0.99162,4
2012-03-20 09:58:00,0.99162,0.99162,0.99146,0.99156,11
2012-03-20 09:59:00,0.9917,0.9917,0.99138,0.9916,37
2012-03-20 10:00:00,0.99168,0.99176,0.99166,0.99174,9
2012-03-20 10:01:00,0.99156,0.99166,0.99154,0.99166,6
2012-03-20 10:02:00,0.99148,0.99154,0.99146,0.99154,5
2012-03-20 10:03:00,0.99154,0.99154,0.99142,0.99146,6
2012-03-20 10:04:00,0.99138,0.99154,0.99138,0.99152,10
2012-03-20 10:05:00,0.99152,0.99154,0.9914,0.9914,9
2012-03-20 10:06:00,0.99156,0.99156,0.99154,0.99154,6
2012-03-20 10:08:00,0.99146,0.99156,0.99146,0.99154,8
2012-03-20 10:09:00,0.99154,0.99154,0.99148,0.99148,3
2012-03-20 10:10:00,0.99156,0.99156,0.99148,0.99152,13
2012-03-20 10:11:00,0.99152,0.9916,0.99152,0.9916,6
2012-03-20 10:12:00,0.99152,0.99154,0.99148,0.99148,4
2012-03-20 10:13:00,0.99154,0.99156,0.99154,0.99154,3
2012-03-20 10:14:00,0.99152,0.99156,0.99152,0.99156,3
2012-03-20 10:16:00,0.99154,0.99154,0.99142,0.99148,7
2012-03-20 10:17:00,0.99154,0.99154,0.9914,0.99152,22
2012-03-20 10:18:00,0.9916,0.99166,0.99152,0.99152,18
2012-03-20 10:19:00,0.99152,0.99156,0.99148,0.99156,7
2012-03-20 10:20:00,0.99152,0.99154,0.99152,0.99154,2
2012-03-20 10:21:00,0.99154,0.99154,0.99154,0.99154,1
2012-03-20 10:22:00,0.99152,0.99156,0.99152,0.99152,5
2012-03-20 10:23:00,0.99152,0.99162,0.99146,0.99154,14
2012-03-20 10:24:00,0.9914,0.99148,0.9914,0.99148,6
2012-03-20 10:25:00,0.99142,0.99142,0.99142,0.99142,1
2012-03-20 10:26:00,0.99154,0.9916,0.99146,0.99146,10
2012-03-20 10:27:00,0.99142,0.99156,0.99142,0.99152,8
2012-03-20 10:29:00,0.99146,0.99146,0.99138,0.9914,5
2012-03-20 10:30:00,0.99142,0.9915,0.99138,0.99142,15
2012-03-20 10:31:00,0.99152,0.99154,0.99142,0.99146,19
2012-03-20 10:32:00,0.9917,0.9917,0.99152,0.99154,23
2012-03-20 10:33:00,0.99182,0.99188,0.99168,0.99168,12
2012-03-20 10:34:00,0.99174,0.99184,0.99172,0.9918,17
2012-03-20 10:35:00,0.99174,0.99174,0.99172,0.99172,2
2012-03-20 10:36:00,0.99174,0.99174,0.99172,0.99172,2
2012-03-20 10:37:00,0.99172,0.99176,0.99172,0.99176,5
2012-03-20 10:38:00,0.9916,0.99174,0.9916,0.99174,6
2012-03-20 10:39:00,0.99156,0.99156,0.99148,0.99156,7
2012-03-20 10:40:00,0.99148,0.99154,0.99148,0.99154,5
2012-03-20 10:41:00,0.9915,0.9915,0.9915,0.9915,1
2012-03-20 10:42:00,0.99154,0.99154,0.99148,0.99148,5
2012-03-20 10:43:00,0.99162,0.99162,0.99148,0.99152,11
2012-03-20 10:44:00,0.9919,0.9919,0.99166,0.99166,16
2012-03-20 10:45:00,0.99176,0.99194,0.99176,0.99194,9
2012-03-20 10:46:00,0.99166,0.9918,0.99166,0.9918,6
2012-03-20 10:47:00,0.99172,0.99174,0.9916,0.99168,14
2012-03-20 10:48:00,0.9918,0.9919,0.99174,0.99174,17
2012-03-20 10:49:00,0.99184,0.99184,0.99176,0.99176,6
2012-03-20 10:50:00,0.99166,0.99182,0.99166,0.99182,9
2012-03-20 10:51:00,0.99174,0.99174,0.99168,0.99168,5
2012-03-20 10:52:00,0.99184,0.99184,0.99176,0.99176,6
2012-03-20 10:53:00,0.9918,0.99182,0.99174,0.99182,16
2012-03-20 10:54:00,0.99176,0.99182,0.99176,0.99182,5
2012-03-20 10:55:00,0.99184,0.99184,0.9918,0.9918,5
2012-03-20 10:56:00,0.99204,0.99204,0.99188,0.99188,11
2012-03-20 10:57:00,0.99182,0.99202,0.99182,0.99202,8
2012-03-20 10:58:00,0.99172,0.99184,0.99172,0.99184,6
2012-03-20 10:59:00,0.9918,0.99182,0.99174,0.99174,7
2012-03-20 11:00:00,0.9916,0.99176,0.99156,0.99176,13
2012-03-20 11:01:00,0.99162,0.99162,0.99162,0.99162,1
2012-03-20 11:03:00,0.99174,0.99174,0.99166,0.99166,4
2012-03-20 11:04:00,0.99196,0.99202,0.99176,0.99176,12
2012-03-20 11:05:00,0.992,0.992,0.992,0.992,1
2012-03-20 11:06:00,0.99188,0.99196,0.99182,0.99196,8
2012-03-20 11:07:00,0.99168,0.9919,0.99168,0.9919,11
2012-03-20 11:08:00,0.99162,0.99166,0.99162,0.99166,2
2012-03-20 11:09:00,0.99174,0.99174,0.99166,0.99166,6
2012-03-20 11:10:00,0.992,0.99202,0.99176,0.99176,17
2012-03-20 11:11:00,0.99196,0.99204,0.99196,0.99202,7
2012-03-20 11:12:00,0.99188,0.99194,0.99188,0.99194,9
2012-03-20 11:13:00,0.9916,0.99186,0.9916,0.99186,14
2012-03-20 11:14:00,0.99138,0.9916,0.99138,0.99156,10
2012-03-20 11:15:00,0.99134,0.99134,0.99134,0.99134,1
2012-03-20 11:16:00,0.99114,0.99132,0.99112,0.99132,9
2012-03-20 11:17:00,0.99078,0.99112,0.99078,0.99112,25
2012-03-20 11:18:00,0.9906,0.99082,0.9906,0.9908,12
2012-03-20 11:19:00,0.99074,0.99074,0.9906,0.99062,9
2012-03-20 11:20:00,0.99074,0.9908,0.99072,0.99072,6
2012-03-20 11:21:00,0.99072,0.99078,0.99066,0.99078,11
2012-03-20 11:22:00,0.99062,0.99072,0.9906,0.9907,7
2012-03-20 11:23:00,0.99064,0.99066,0.99064,0.99066,2
2012-03-20 11:24:00,0.99066,0.99074,0.99064,0.99066,13
2012-03-20 11:25:00,0.99058,0.99064,0.99058,0.99064,9
2012-03-20 11:26:00,0.99066,0.99066,0.9906,0.9906,7
2012-03-20 11:27:00,0.99066,0.99068,0.99066,0.99068,2
2012-03-20 11:29:00,0.99078,0.99078,0.99064,0.99064,6
2012-03-20 11:30:00,0.9908,0.9908,0.9907,0.99074,7
2012-03-20 11:31:00,0.99074,0.99082,0.99074,0.99082,4
2012-03-20 11:32:00,0.9907,0.99072,0.9907,0.99072,2
2012-03-20 11:33:00,0.99074,0.99074,0.99072,0.99072,2
2012-03-20 11:34:00,0.99082,0.99082,0.99078,0.99078,3
2012-03-20 11:35:00,0.99074,0.9908,0.99066,0.9908,15
2012-03-20 11:36:00,0.99084,0.99086,0.99078,0.99078,13
2012-03-20 11:37:00,0.99082,0.99082,0.99074,0.9908,6
2012-03-20 11:38:00,0.99092,0.99092,0.99086,0.99086,3
2012-03-20 11:39:00,0.99094,0.99094,0.99094,0.99094,1
2012-03-20 11:40:00,0.99104,0.99106,0.99088,0.99092,11
2012-03-20 11:41:00,0.99112,0.99114,0.99106,0.99106,5
2012-03-20 11:42:00,0.99106,0.99108,0.99104,0.99108,4
2012-03-20 11:43:00,0.99104,0.99106,0.99104,0.99104,3
2012-03-20 11:44:00,0.99104,0.99106,0.99098,0.991,6
2012-03-20 11:45:00,0.99126,0.99126,0.99106,0.99106,12
2012-03-20 11:46:00,0.99146,0.99146,0.99128,0.99128,7
2012-03-20 11:47:00,0.99154,0.9916,0.99146,0.99148,19
2012-03-20 11:48:00,0.99154,0.99154,0.99148,0.99152,4
2012-03-20 11:49:00,0.99154,0.99154,0.99148,0.99152,4
2012-03-20 11:50:00,0.99146,0.99152,0.99142,0.99152,5
2012-03-20 11:51:00,0.99154,0.99154,0.99148,0.99148,5
2012-03-20 11:52:00,0.99154,0.99156,0.99154,0.99156,2
2012-03-20 11:53:00,0.99154,0.99156,0.99152,0.99152,4
2012-03-20 11:54:00,0.9915,0.99152,0.99146,0.99152,5
2012-03-20 11:55:00,0.99166,0.99166,0.99154,0.99154,5
2012-03-20 11:56:00,0.9919,0.99194,0.99168,0.99168,23
2012-03-20 11:57:00,0.9919,0.99194,0.99176,0.99194,12
2012-03-20 11:58:00,0.99174,0.99188,0.99168,0.99188,14
2012-03-20 11:59:00,0.9919,0.99194,0.99174,0.99176,22
2012-03-20 12:00:00,0.99194,0.99202,0.99188,0.99194,17
2012-03-20 12:01:00,0.99202,0.99202,0.99196,0.99196,11
2012-03-20 12:02:00,0.99214,0.99214,0.99196,0.99204,14
2012-03-20 12:03:00,0.99238,0.99238,0.99216,0.99216,13
2012-03-20 12:04:00,0.99234,0.99244,0.99234,0.99242,14
2012-03-20 12:05:00,0.99242,0.99242,0.99236,0.99236,5
2012-03-20 12:06:00,0.99234,0.99242,0.99234,0.9924,9
2012-03-20 12:07:00,0.9923,0.99236,0.99228,0.99236,7
2012-03-20 12:08:00,0.9925,0.9925,0.99228,0.99228,11
2012-03-20 12:09:00,0.99244,0.99252,0.99236,0.99248,16
2012-03-20 12:10:00,0.99248,0.99264,0.99244,0.99248,21
2012-03-20 12:11:00,0.99248,0.9925,0.99242,0.99244,10
2012-03-20 12:12:00,0.99242,0.99256,0.99242,0.9925,10
2012-03-20 12:13:00,0.9925,0.99252,0.99236,0.9924,13
2012-03-20 12:14:00,0.99256,0.99264,0.99252,0.99252,14
2012-03-20 12:15:00,0.99252,0.99262,0.99248,0.99258,23
2012-03-20 12:16:00,0.9925,0.9925,0.9925,0.9925,1
2012-03-20 12:17:00,0.9926,0.99268,0.99246,0.99248,17
2012-03-20 12:18:00,0.9926,0.99262,0.99258,0.99258,4
2012-03-20 12:19:00,0.9927,0.99272,0.99258,0.99262,11
2012-03-20 12:20:00,0.9927,0.99272,0.99266,0.99266,8
2012-03-20 12:21:00,0.99298,0.99302,0.99266,0.99272,22
2012-03-20 12:22:00,0.99306,0.99334,0.99298,0.993,43
2012-03-20 12:23:00,0.99298,0.99304,0.99288,0.99304,37
2012-03-20 12:24:00,0.99308,0.99308,0.99284,0.99294,30
2012-03-20 12:25:00,0.99308,0.99314,0.993,0.99312,18
2012-03-20 12:26:00,0.99354,0.99354,0.99312,0.99312,32
2012-03-20 12:27:00,0.99362,0.99362,0.99348,0.99356,19
2012-03-20 12:28:00,0.9934,0.9936,0.99338,0.9936,18
2012-03-20 12:29:00,0.9934,0.9935,0.99338,0.99342,18
2012-03-20 12:30:00,0.99352,0.99366,0.99342,0.99342,26
2012-03-20 12:31:00,0.99356,0.9936,0.99346,0.99348,14
2012-03-20 12:32:00,0.99318,0.99354,0.99318,0.99354,30
2012-03-20 12:33:00,0.99314,0.99322,0.99308,0.99314,39
2012-03-20 12:34:00,0.99294,0.99312,0.99288,0.99312,13
2012-03-20 12:35:00,0.99326,0.99326,0.99296,0.99296,17
2012-03-20 12:36:00,0.99334,0.99336,0.99328,0.99328,5
2012-03-20 12:37:00,0.993,0.99332,0.99298,0.99332,22
2012-03-20 12:38:00,0.993,0.99302,0.99292,0.99298,10
2012-03-20 12:39:00,0.99292,0.99306,0.99292,0.99298,21
2012-03-20 12:40:00,0.99314,0.99314,0.99294,0.99294,12
2012-03-20 12:41:00,0.99306,0.99312,0.99304,0.99312,9
2012-03-20 12:42:00,0.99314,0.99314,0.99298,0.99304,17
2012-03-20 12:43:00,0.9929,0.99316,0.9929,0.99316,18
2012-03-20 12:44:00,0.99288,0.99298,0.99288,0.99292,11
2012-03-20 12:45:00,0.99282,0.9929,0.99278,0.9929,8
2012-03-20 12:46:00,0.99306,0.99306,0.99274,0.99278,17
2012-03-20 12:47:00,0.9929,0.99312,0.99288,0.9931,18
2012-03-20 12:48:00,0.99256,0.9929,0.99254,0.99288,36
2012-03-20 12:49:00,0.99258,0.99258,0.99238,0.99258,33
2012-03-20 12:50:00,0.9928,0.99288,0.9926,0.9926,20
2012-03-20 12:51:00,0.993,0.993,0.99274,0.99278,11
2012-03-20 12:52:00,0.99302,0.99302,0.99288,0.99302,11
2012-03-20 12:53:00,0.993,0.99314,0.99298,0.99306,11
2012-03-20 12:54:00,0.99306,0.99306,0.99298,0.99298,4
2012-03-20 12:55:00,0.99292,0.99306,0.99292,0.99304,9
2012-03-20 12:56:00,0.99278,0.993,0.99278,0.99294,23
2012-03-20 12:57:00,0.99272,0.99282,0.9927,0.9928,18
2012-03-20 12:58:00,0.99278,0.9928,0.99274,0.99274,4
2012-03-20 12:59:00,0.99314,0.99314,0.99272,0.9928,19
2012-03-20 13:00:00,0.993,0.99314,0.993,0.99312,17
2012-03-20 13:01:00,0.99292,0.99298,0.99266,0.99298,29
2012-03-20 13:02:00,0.993,0.993,0.9928,0.99288,21
2012-03-20 13:03:00,0.99312,0.99326,0.99298,0.99298,20
2012-03-20 13:04:00,0.99328,0.99328,0.99314,0.99314,10
2012-03-20 13:05:00,0.9932,0.99332,0.9932,0.99332,7
2012-03-20 13:06:00,0.9932,0.99332,0.99318,0.99322,14
2012-03-20 13:07:00,0.99312,0.9932,0.99312,0.99318,11
2012-03-20 13:08:00,0.993,0.99308,0.99298,0.99308,8
2012-03-20 13:09:00,0.99298,0.99306,0.99298,0.99302,5
2012-03-20 13:10:00,0.9928,0.99294,0.9928,0.99294,8
2012-03-20 13:11:00,0.99264,0.99278,0.99264,0.99278,12
2012-03-20 13:12:00,0.99252,0.99262,0.9925,0.9926,20
2012-03-20 13:13:00,0.99258,0.99258,0.9925,0.9925,10
2012-03-20 13:14:00,0.9924,0.99254,0.99232,0.99254,34
2012-03-20 13:15:00,0.99258,0.99258,0.99238,0.99244,18
2012-03-20 13:16:00,0.99258,0.9926,0.99252,0.99254,12
2012-03-20 13:17:00,0.9926,0.99272,0.9926,0.9926,13
2012-03-20 13:18:00,0.99254,0.99266,0.9925,0.99258,14
2012-03-20 13:19:00,0.9925,0.99262,0.99246,0.99258,12
2012-03-20 13:20:00,0.99278,0.99278,0.99252,0.99252,20
2012-03-20 13:21:00,0.99282,0.99288,0.99278,0.9928,16
2012-03-20 13:22:00,0.99278,0.9928,0.99278,0.9928,4
2012-03-20 13:23:00,0.99274,0.99292,0.99274,0.9928,23
2012-03-20 13:24:00,0.99268,0.9928,0.99266,0.99278,8
2012-03-20 13:25:00,0.9928,0.9928,0.99272,0.99272,4
2012-03-20 13:26:00,0.993,0.99302,0.99282,0.99282,15
2012-03-20 13:27:00,0.99292,0.99298,0.99292,0.99298,3
2012-03-20 13:28:00,0.99284,0.99288,0.99284,0.99288,5
2012-03-20 13:29:00,0.993,0.993,0.99286,0.99286,12
2012-03-20 13:30:00,0.99306,0.99306,0.99288,0.99298,32
2012-03-20 13:31:00,0.99316,0.99316,0.993,0.99304,12
2012-03-20 13:32:00,0.99354,0.99354,0.9932,0.9932,29
2012-03-20 13:33:00,0.99372,0.99376,0.99356,0.99356,20
2012-03-20 13:34:00,0.9938,0.9938,0.99366,0.99368,15
2012-03-20 13:35:00,0.9937,0.99376,0.99368,0.99376,15
2012-03-20 13:36:00,0.9937,0.9937,0.99356,0.99368,16
2012-03-20 13:37:00,0.9936,0.99368,0.9936,0.99368,8
2012-03-20 13:38:00,0.99328,0.99356,0.99328,0.99356,11
2012-03-20 13:39:00,0.9936,0.9937,0.99326,0.99326,29
2012-03-20 13:40:00,0.99368,0.99368,0.99352,0.99356,17
2012-03-20 13:41:00,0.99422,0.99424,0.9937,0.9937,33
2012-03-20 13:42:00,0.99598,0.99598,0.99424,0.99424,111
2012-03-20 13:43:00,0.99592,0.99648,0.99572,0.99596,110
2012-03-20 13:44:00,0.99626,0.99632,0.99578,0.99594,70
2012-03-20 13:45:00,0.99606,0.99646,0.99606,0.99628,41
2012-03-20 13:46:00,0.99618,0.99618,0.99578,0.99604,50
2012-03-20 13:47:00,0.99658,0.99666,0.9962,0.9962,30
2012-03-20 13:48:00,0.99644,0.99692,0.99632,0.9966,56
2012-03-20 13:49:00,0.99578,0.99646,0.9957,0.99646,69
2012-03-20 13:50:00,0.99566,0.99576,0.9955,0.99576,57
2012-03-20 13:51:00,0.99546,0.99574,0.99542,0.99568,33
2012-03-20 13:52:00,0.99546,0.99554,0.99534,0.99542,26
2012-03-20 13:53:00,0.99538,0.99546,0.99528,0.99542,29
2012-03-20 13:54:00,0.99542,0.99542,0.99528,0.9954,20
2012-03-20 13:55:00,0.99554,0.99554,0.99542,0.99546,22
2012-03-20 13:56:00,0.99538,0.9956,0.99538,0.99556,18
2012-03-20 13:57:00,0.99526,0.9954,0.99514,0.9954,28
2012-03-20 13:58:00,0.99506,0.99522,0.995,0.99522,33
2012-03-20 13:59:00,0.99506,0.99512,0.99498,0.99504,20
2012-03-20 14:00:00,0.99494,0.99506,0.99488,0.99504,34
2012-03-20 14:01:00,0.99488,0.99496,0.99486,0.99492,36
2012-03-20 14:02:00,0.99488,0.99492,0.99484,0.99492,14
2012-03-20 14:03:00,0.99512,0.99512,0.99486,0.99486,26
2012-03-20 14:04:00,0.99506,0.99514,0.99498,0.99508,20
2012-03-20 14:05:00,0.99488,0.99516,0.99484,0.99508,20
2012-03-20 14:06:00,0.99456,0.99484,0.99456,0.99484,11
2012-03-20 14:07:00,0.99462,0.99462,0.99444,0.99454,24
2012-03-20 14:08:00,0.99444,0.9946,0.9942,0.9946,38
2012-03-20 14:09:00,0.99418,0.99446,0.99418,0.99446,37
2012-03-20 14:10:00,0.99446,0.99446,0.99416,0.99416,28
2012-03-20 14:11:00,0.9946,0.99466,0.9944,0.99444,33
2012-03-20 14:12:00,0.99418,0.99458,0.99418,0.99458,21
2012-03-20 14:13:00,0.99424,0.99428,0.99416,0.99416,12
2012-03-20 14:14:00,0.99416,0.99424,0.9941,0.9942,23
2012-03-20 14:15:00,0.99388,0.99414,0.99368,0.99412,33
2012-03-20 14:16:00,0.99382,0.99396,0.99368,0.9939,38
2012-03-20 14:17:00,0.994,0.99404,0.99384,0.99384,34
2012-03-20 14:18:00,0.99388,0.9941,0.99388,0.99402,20
2012-03-20 14:19:00,0.99394,0.99394,0.99382,0.99386,10
2012-03-20 14:20:00,0.99382,0.99392,0.99382,0.99392,4
2012-03-20 14:21:00,0.99394,0.99396,0.99382,0.99384,27
2012-03-20 14:22:00,0.99386,0.99394,0.99384,0.99392,23
2012-03-20 14:23:00,0.9941,0.99418,0.9939,0.9939,18
2012-03-20 14:24:00,0.99424,0.99432,0.99412,0.99412,23
2012-03-20 14:25:00,0.99424,0.99438,0.99418,0.99426,20
2012-03-20 14:26:00,0.99438,0.99438,0.99426,0.99426,19
2012-03-20 14:27:00,0.99438,0.99446,0.99432,0.9944,20
2012-03-20 14:28:00,0.9943,0.99434,0.99426,0.99434,15
2012-03-20 14:29:00,0.99458,0.99462,0.9943,0.99432,28
2012-03-20 14:30:00,0.99452,0.99466,0.9945,0.9946,22
2012-03-20 14:31:00,0.9944,0.9945,0.9944,0.9945,8
2012-03-20 14:32:00,0.9945,0.99462,0.99444,0.99444,21
2012-03-20 14:33:00,0.9944,0.99452,0.9944,0.99446,9
2012-03-20 14:34:00,0.99432,0.9944,0.99432,0.99438,9
2012-03-20 14:35:00,0.99404,0.9943,0.99392,0.9943,30
2012-03-20 14:36:00,0.9938,0.994,0.99376,0.994,24
2012-03-20 14:37:00,0.99378,0.99384,0.99372,0.99378,19
2012-03-20 14:38:00,0.9939,0.99392,0.99376,0.9938,18
2012-03-20 14:39:00,0.9939,0.99394,0.99386,0.99386,12
2012-03-20 14:40:00,0.99382,0.99398,0.99376,0.99392,27
2012-03-20 14:41:00,0.99378,0.99378,0.99378,0.99378,1
2012-03-20 14:42:00,0.9938,0.9938,0.9937,0.99376,13
2012-03-20 14:43:00,0.99386,0.9939,0.99384,0.99384,4
2012-03-20 14:44:00,0.9939,0.99394,0.99386,0.9939,7
2012-03-20 14:45:00,0.99382,0.99394,0.99378,0.99392,19
2012-03-20 14:46:00,0.99374,0.99378,0.9937,0.99378,10
2012-03-20 14:47:00,0.99376,0.99378,0.99376,0.99378,4
2012-03-20 14:48:00,0.99378,0.9939,0.99378,0.99378,9
2012-03-20 14:49:00,0.9933,0.99376,0.99324,0.99376,31
2012-03-20 14:50:00,0.99318,0.99332,0.99318,0.99328,12
2012-03-20 14:51:00,0.99282,0.99316,0.99278,0.99316,17
2012-03-20 14:52:00,0.99298,0.99298,0.99274,0.99278,18
2012-03-20 14:53:00,0.99312,0.99312,0.99276,0.99296,32
2012-03-20 14:54:00,0.99278,0.99322,0.99278,0.99316,32
2012-03-20 14:55:00,0.99298,0.99302,0.99274,0.99282,26
2012-03-20 14:56:00,0.99312,0.99314,0.99298,0.993,15
2012-03-20 14:57:00,0.99322,0.99322,0.993,0.99308,28
2012-03-20 14:58:00,0.9934,0.99342,0.99312,0.9932,26
2012-03-20 14:59:00,0.99312,0.99342,0.99308,0.99338,28
2012-03-20 15:00:00,0.99328,0.99328,0.99306,0.99314,16
2012-03-20 15:01:00,0.99292,0.99332,0.99292,0.99326,23
2012-03-20 15:02:00,0.99274,0.99294,0.9927,0.99288,30
2012-03-20 15:03:00,0.99268,0.99288,0.99266,0.99278,26
2012-03-20 15:04:00,0.99288,0.99292,0.99266,0.99266,27
2012-03-20 15:05:00,0.993,0.99302,0.9928,0.99286,52
2012-03-20 15:06:00,0.99312,0.99316,0.993,0.99302,32
2012-03-20 15:07:00,0.99298,0.9931,0.99284,0.9931,19
2012-03-20 15:08:00,0.99296,0.9931,0.99294,0.99302,13
2012-03-20 15:09:00,0.99316,0.99316,0.99298,0.99298,9
2012-03-20 15:10:00,0.9933,0.9934,0.99318,0.99318,19
2012-03-20 15:11:00,0.9937,0.99372,0.99332,0.99332,28
2012-03-20 15:12:00,0.99376,0.99386,0.9937,0.99372,28
2012-03-20 15:13:00,0.99372,0.99384,0.9937,0.99372,19
2012-03-20 15:14:00,0.99392,0.99392,0.99374,0.99374,17
2012-03-20 15:15:00,0.99394,0.99418,0.99392,0.99394,23
2012-03-20 15:16:00,0.99406,0.99412,0.9939,0.99392,22
2012-03-20 15:17:00,0.99412,0.99418,0.99406,0.9941,8
2012-03-20 15:18:00,0.99426,0.99434,0.99414,0.99414,11
2012-03-20 15:19:00,0.99396,0.99424,0.99396,0.99424,11
2012-03-20 15:20:00,0.99362,0.99392,0.99358,0.99392,20
2012-03-20 15:21:00,0.99344,0.99358,0.99338,0.99358,16
2012-03-20 15:22:00,0.99346,0.99346,0.99342,0.99342,3
2012-03-20 15:23:00,0.99346,0.99358,0.99344,0.9935,14
2012-03-20 15:24:00,0.9933,0.99344,0.99328,0.99344,14
2012-03-20 15:25:00,0.9933,0.9933,0.99318,0.99328,10
2012-03-20 15:26:00,0.99308,0.99328,0.99308,0.99328,18
2012-03-20 15:27:00,0.99294,0.9931,0.99284,0.9931,21
2012-03-20 15:28:00,0.9931,0.99318,0.99296,0.99296,14
2012-03-20 15:29:00,0.99298,0.99312,0.99294,0.99308,20
2012-03-20 15:30:00,0.9929,0.99298,0.99288,0.99296,15
2012-03-20 15:31:00,0.99298,0.99298,0.99284,0.99292,11
2012-03-20 15:32:00,0.9929,0.99306,0.99288,0.99302,29
2012-03-20 15:33:00,0.99306,0.99306,0.99288,0.99292,20
2012-03-20 15:34:00,0.99348,0.9936,0.99302,0.99304,38
2012-03-20 15:35:00,0.9935,0.9936,0.99348,0.9935,15
2012-03-20 15:36:00,0.99356,0.99356,0.9935,0.99352,4
2012-03-20 15:37:00,0.9936,0.9936,0.99348,0.99352,16
2012-03-20 15:38:00,0.99372,0.99374,0.99364,0.99364,8
2012-03-20 15:39:00,0.9937,0.99374,0.99364,0.99374,9
2012-03-20 15:40:00,0.99372,0.9939,0.99372,0.99372,21
2012-03-20 15:41:00,0.99386,0.9939,0.99374,0.99374,13
2012-03-20 15:42:00,0.9939,0.99398,0.9939,0.9939,7
2012-03-20 15:43:00,0.9936,0.99386,0.99358,0.99386,14
2012-03-20 15:44:00,0.9933,0.99358,0.9933,0.99358,15
2012-03-20 15:45:00,0.99334,0.99348,0.99322,0.99332,22
2012-03-20 15:46:00,0.99342,0.99342,0.99318,0.99332,21
2012-03-20 15:47:00,0.9934,0.99342,0.99332,0.9934,15
2012-03-20 15:48:00,0.99332,0.9934,0.99328,0.99338,15
2012-03-20 15:49:00,0.99326,0.99334,0.99326,0.99328,12
2012-03-20 15:50:00,0.99332,0.99334,0.9932,0.99322,20
2012-03-20 15:51:00,0.9934,0.99344,0.99334,0.99334,19
2012-03-20 15:52:00,0.9933,0.9934,0.99328,0.99338,12
2012-03-20 15:53:00,0.99324,0.9934,0.99324,0.99332,20
2012-03-20 15:54:00,0.9934,0.99344,0.99322,0.99326,22
2012-03-20 15:55:00,0.9936,0.9936,0.99344,0.99344,9
2012-03-20 15:56:00,0.99348,0.99364,0.99344,0.99364,17
2012-03-20 15:57:00,0.99366,0.99366,0.9935,0.9935,33
2012-03-20 15:58:00,0.99342,0.99374,0.99342,0.99364,31
2012-03-20 15:59:00,0.99332,0.99338,0.99308,0.99338,49
2012-03-20 16:00:00,0.9933,0.99356,0.9933,0.99336,33
2012-03-20 16:01:00,0.99318,0.99328,0.99318,0.99328,12
2012-03-20 16:02:00,0.99318,0.99324,0.99308,0.99322,20
2012-03-20 16:03:00,0.99298,0.99324,0.99298,0.99322,25
2012-03-20 16:04:00,0.9928,0.99304,0.9928,0.99296,24
2012-03-20 16:05:00,0.99282,0.99282,0.99272,0.99282,11
2012-03-20 16:06:00,0.99278,0.99292,0.99278,0.99286,18
2012-03-20 16:07:00,0.99284,0.99288,0.9928,0.9928,6
2012-03-20 16:08:00,0.9927,0.9928,0.9927,0.9928,5
2012-03-20 16:09:00,0.9926,0.9928,0.99254,0.99272,15
2012-03-20 16:10:00,0.99258,0.99262,0.99258,0.99258,7
2012-03-20 16:11:00,0.99246,0.9926,0.99246,0.9926,10
2012-03-20 16:12:00,0.99224,0.99244,0.99224,0.99244,22
2012-03-20 16:13:00,0.9923,0.99232,0.99224,0.99226,6
2012-03-20 16:14:00,0.99212,0.99226,0.9921,0.99226,14
2012-03-20 16:15:00,0.99246,0.99246,0.99206,0.9921,24
2012-03-20 16:16:00,0.99258,0.9926,0.99248,0.99248,16
2012-03-20 16:17:00,0.99252,0.99266,0.99252,0.9926,14
2012-03-20 16:18:00,0.99252,0.99262,0.99252,0.99254,14
2012-03-20 16:19:00,0.9925,0.99254,0.9925,0.99254,3
2012-03-20 16:20:00,0.99248,0.99254,0.99246,0.99252,6
2012-03-20 16:21:00,0.99262,0.99262,0.99252,0.99252,7
2012-03-20 16:22:00,0.9925,0.9926,0.99246,0.9926,13
2012-03-20 16:23:00,0.9925,0.99258,0.99246,0.99252,18
2012-03-20 16:24:00,0.99272,0.99274,0.9925,0.99252,24
2012-03-20 16:25:00,0.99274,0.99288,0.99274,0.99274,13
2012-03-20 16:26:00,0.99272,0.99282,0.99272,0.99278,11
2012-03-20 16:27:00,0.99272,0.99282,0.99272,0.99274,16
2012-03-20 16:28:00,0.99294,0.99294,0.99274,0.99274,10
2012-03-20 16:29:00,0.99294,0.99296,0.99284,0.99296,18
2012-03-20 16:30:00,0.99284,0.99292,0.99266,0.99292,26
2012-03-20 16:31:00,0.99286,0.99288,0.99286,0.99286,3
2012-03-20 16:32:00,0.99272,0.99284,0.99272,0.99284,9
2012-03-20 16:33:00,0.99264,0.9927,0.99264,0.9927,7
2012-03-20 16:34:00,0.99262,0.99262,0.99258,0.9926,4
2012-03-20 16:35:00,0.9927,0.99282,0.99264,0.99266,16
2012-03-20 16:36:00,0.9926,0.99266,0.9925,0.99266,17
2012-03-20 16:37:00,0.9926,0.99268,0.9926,0.99262,8
2012-03-20 16:38:00,0.99238,0.99258,0.99238,0.99258,10
2012-03-20 16:39:00,0.99232,0.99234,0.99216,0.99234,16
2012-03-20 16:40:00,0.99226,0.9923,0.99226,0.9923,2
2012-03-20 16:41:00,0.992,0.99232,0.992,0.99228,17
2012-03-20 16:42:00,0.99186,0.99224,0.99186,0.99198,39
2012-03-20 16:43:00,0.99198,0.992,0.9919,0.9919,16
2012-03-20 16:44:00,0.992,0.992,0.9919,0.992,15
2012-03-20 16:45:00,0.99212,0.99212,0.99192,0.99204,14
2012-03-20 16:46:00,0.992,0.9921,0.99198,0.9921,6
2012-03-20 16:47:00,0.9921,0.99222,0.99204,0.99204,15
2012-03-20 16:48:00,0.99214,0.99214,0.99208,0.99208,5
2012-03-20 16:49:00,0.9921,0.9923,0.99208,0.99216,15
2012-03-20 16:50:00,0.99208,0.9921,0.99202,0.99208,12
2012-03-20 16:51:00,0.992,0.99206,0.99196,0.99206,15
2012-03-20 16:52:00,0.99188,0.99196,0.99188,0.99196,8
2012-03-20 16:53:00,0.9919,0.992,0.9919,0.9919,11
2012-03-20 16:54:00,0.9918,0.99194,0.9918,0.99188,10
2012-03-20 16:55:00,0.99162,0.99176,0.9916,0.99176,10
2012-03-20 16:56:00,0.99154,0.9916,0.99154,0.9916,5
2012-03-20 16:57:00,0.99154,0.99162,0.99154,0.99156,12
2012-03-20 16:58:00,0.99182,0.99184,0.99156,0.99156,17
2012-03-20 16:59:00,0.99174,0.9919,0.99172,0.99184,10
2012-03-20 17:00:00,0.9921,0.99214,0.99178,0.99178,16
2012-03-20 17:01:00,0.99216,0.9922,0.99206,0.99212,22
2012-03-20 17:02:00,0.99212,0.9922,0.99212,0.99218,5
2012-03-20 17:03:00,0.99228,0.99232,0.99214,0.99214,18
2012-03-20 17:04:00,0.99232,0.99232,0.99226,0.99232,7
2012-03-20 17:05:00,0.9922,0.9923,0.99216,0.9923,18
2012-03-20 17:06:00,0.99196,0.99228,0.99186,0.99224,35
2012-03-20 17:07:00,0.99192,0.9921,0.99192,0.99198,11
2012-03-20 17:08:00,0.99192,0.992,0.99192,0.99194,8
2012-03-20 17:09:00,0.99178,0.9919,0.99176,0.9919,7
2012-03-20 17:10:00,0.99158,0.9919,0.99148,0.9918,23
2012-03-20 17:11:00,0.9917,0.9917,0.99158,0.9916,16
2012-03-20 17:12:00,0.9917,0.99172,0.99166,0.99166,6
2012-03-20 17:13:00,0.99172,0.99172,0.99172,0.99172,1
2012-03-20 17:14:00,0.9917,0.9917,0.9917,0.9917,1
2012-03-20 17:15:00,0.99172,0.99172,0.99172,0.99172,1
2012-03-20 17:16:00,0.99192,0.99192,0.99166,0.9917,15
2012-03-20 17:17:00,0.9919,0.99192,0.99186,0.9919,5
2012-03-20 17:18:00,0.99192,0.99192,0.99184,0.99192,7
2012-03-20 17:19:00,0.99192,0.99194,0.99192,0.99194,2
2012-03-20 17:20:00,0.99198,0.99198,0.99194,0.99194,2
2012-03-20 17:21:00,0.9921,0.9921,0.992,0.992,4
2012-03-20 17:22:00,0.99228,0.99228,0.9921,0.99212,13
2012-03-20 17:23:00,0.99212,0.99226,0.9921,0.99226,16
2012-03-20 17:24:00,0.9921,0.99214,0.99206,0.9921,13
2012-03-20 17:25:00,0.992,0.99206,0.992,0.99206,3
2012-03-20 17:26:00,0.99206,0.99214,0.99204,0.99204,16
2012-03-20 17:27:00,0.9921,0.9921,0.9921,0.9921,1
2012-03-20 17:28:00,0.9921,0.99214,0.9921,0.99212,6
2012-03-20 17:29:00,0.99206,0.9921,0.99198,0.99206,13
2012-03-20 17:30:00,0.9921,0.9921,0.99206,0.9921,3
2012-03-20 17:31:00,0.99218,0.99224,0.9921,0.99212,11
2012-03-20 17:32:00,0.99204,0.99218,0.99204,0.99216,7
2012-03-20 17:33:00,0.99212,0.99214,0.992,0.992,7
2012-03-20 17:34:00,0.99208,0.99222,0.99208,0.9921,16
2012-03-20 17:35:00,0.9921,0.99222,0.99206,0.9921,17
2012-03-20 17:36:00,0.9921,0.9921,0.99208,0.99208,2
2012-03-20 17:37:00,0.99234,0.99234,0.9921,0.99214,10
2012-03-20 17:38:00,0.99236,0.99248,0.99236,0.99236,15
2012-03-20 17:39:00,0.99242,0.99244,0.99236,0.99238,10
2012-03-20 17:40:00,0.99248,0.99248,0.9924,0.99244,10
2012-03-20 17:41:00,0.99238,0.99244,0.99236,0.99244,5
2012-03-20 17:43:00,0.99238,0.99238,0.99234,0.99236,4
2012-03-20 17:44:00,0.99222,0.99236,0.9922,0.99236,8
2012-03-20 17:45:00,0.9921,0.99224,0.9921,0.99224,8
2012-03-20 17:46:00,0.992,0.99208,0.992,0.99208,4
2012-03-20 17:47:00,0.99206,0.99206,0.99176,0.99196,24
2012-03-20 17:48:00,0.99172,0.99204,0.99172,0.99204,18
2012-03-20 17:49:00,0.99166,0.99172,0.99164,0.9917,10
2012-03-20 17:50:00,0.9917,0.9917,0.99164,0.99164,3
2012-03-20 17:51:00,0.99162,0.99166,0.99162,0.99166,3
2012-03-20 17:52:00,0.99158,0.9916,0.99156,0.99158,5
2012-03-20 17:53:00,0.9915,0.99156,0.99148,0.99156,11
2012-03-20 17:54:00,0.99148,0.99152,0.99148,0.99152,3
2012-03-20 17:55:00,0.99136,0.99144,0.99132,0.99144,8
2012-03-20 17:56:00,0.99122,0.99138,0.99122,0.99132,29
2012-03-20 17:57:00,0.99132,0.99132,0.99118,0.99118,6
2012-03-20 17:58:00,0.9913,0.9914,0.99128,0.99136,17
2012-03-20 17:59:00,0.99104,0.99128,0.99104,0.99128,11
2012-03-20 18:00:00,0.99126,0.99126,0.99096,0.99102,20
2012-03-20 18:01:00,0.9913,0.9913,0.99122,0.99124,5
2012-03-20 18:02:00,0.99132,0.99132,0.9913,0.99132,3
2012-03-20 18:04:00,0.99138,0.9914,0.99136,0.99136,6
2012-03-20 18:05:00,0.99152,0.99152,0.9914,0.9914,5
2012-03-20 18:06:00,0.99156,0.9916,0.99156,0.99156,7
2012-03-20 18:07:00,0.99156,0.99158,0.99156,0.99158,2
2012-03-20 18:08:00,0.99156,0.99158,0.99156,0.99158,2
2012-03-20 18:09:00,0.99158,0.99158,0.99156,0.99158,3
2012-03-20 18:10:00,0.99158,0.99158,0.99156,0.99156,6
2012-03-20 18:11:00,0.9916,0.99164,0.99156,0.9916,9
2012-03-20 18:12:00,0.99164,0.99172,0.99164,0.99164,7
2012-03-20 18:13:00,0.9917,0.9917,0.99158,0.99166,14
2012-03-20 18:14:00,0.99158,0.99172,0.99152,0.99172,16
2012-03-20 18:15:00,0.99112,0.99156,0.99108,0.99156,26
2012-03-20 18:16:00,0.99138,0.99144,0.99116,0.99116,13
2012-03-20 18:17:00,0.99122,0.99144,0.99122,0.9914,18
2012-03-20 18:18:00,0.99112,0.99118,0.9911,0.99118,5
2012-03-20 18:19:00,0.99118,0.99118,0.9911,0.9911,6
2012-03-20 18:20:00,0.9911,0.99116,0.9911,0.99116,3
2012-03-20 18:21:00,0.9911,0.9911,0.99102,0.99108,6
2012-03-20 18:22:00,0.99132,0.99132,0.99112,0.99112,8
2012-03-20 18:23:00,0.99138,0.99138,0.99128,0.9913,6
2012-03-20 18:24:00,0.99132,0.9914,0.99132,0.99136,8
2012-03-20 18:25:00,0.99124,0.9913,0.99124,0.9913,7
2012-03-20 18:26:00,0.9911,0.99122,0.9911,0.99122,5
2012-03-20 18:27:00,0.99122,0.99122,0.99112,0.99112,4
2012-03-20 18:28:00,0.99122,0.99124,0.99116,0.99124,6
2012-03-20 18:29:00,0.9911,0.99124,0.9911,0.99124,8
2012-03-20 18:30:00,0.9911,0.99112,0.99104,0.99112,8
2012-03-20 18:31:00,0.99098,0.99112,0.99098,0.99112,12
2012-03-20 18:32:00,0.99102,0.9911,0.99096,0.99096,11
2012-03-20 18:33:00,0.9911,0.99112,0.99096,0.99098,11
2012-03-20 18:34:00,0.99112,0.99118,0.99112,0.99112,5
2012-03-20 18:35:00,0.99104,0.99122,0.99104,0.99116,11
2012-03-20 18:36:00,0.99098,0.99102,0.99098,0.99102,2
2012-03-20 18:37:00,0.99104,0.99104,0.99096,0.99096,4
2012-03-20 18:38:00,0.9911,0.99112,0.99098,0.99102,10
2012-03-20 18:39:00,0.99112,0.99112,0.99112,0.99112,1
2012-03-20 18:41:00,0.99102,0.9911,0.99096,0.9911,8
2012-03-20 18:42:00,0.9911,0.9911,0.99104,0.99104,3
2012-03-20 18:43:00,0.99108,0.99108,0.99108,0.99108,1
2012-03-20 18:44:00,0.99098,0.99104,0.99098,0.99104,5
2012-03-20 18:45:00,0.99098,0.99104,0.99096,0.99096,6
2012-03-20 18:46:00,0.99102,0.99102,0.99102,0.99102,1
2012-03-20 18:47:00,0.99098,0.99104,0.99098,0.99104,3
2012-03-20 18:48:00,0.99096,0.99096,0.99096,0.99096,1
2012-03-20 18:49:00,0.99112,0.99112,0.99098,0.99098,6
2012-03-20 18:50:00,0.99124,0.99124,0.99116,0.99116,4
2012-03-20 18:51:00,0.99132,0.99132,0.99124,0.99126,9
2012-03-20 18:52:00,0.99138,0.99146,0.9913,0.99136,18
2012-03-20 18:53:00,0.99138,0.99144,0.99138,0.9914,6
2012-03-20 18:54:00,0.99138,0.99144,0.99138,0.9914,4
2012-03-20 18:55:00,0.99124,0.9915,0.99124,0.9914,17
2012-03-20 18:56:00,0.99118,0.99124,0.99118,0.99122,10
2012-03-20 18:57:00,0.99136,0.99136,0.99122,0.99122,8
2012-03-20 18:58:00,0.99148,0.9915,0.99138,0.99138,8
2012-03-20 18:59:00,0.99176,0.99182,0.9915,0.9915,20
2012-03-20 19:00:00,0.99146,0.99174,0.99146,0.99174,37
2012-03-20 19:01:00,0.99156,0.99156,0.99148,0.99148,4
2012-03-20 19:02:00,0.99156,0.99162,0.99156,0.9916,6
2012-03-20 19:03:00,0.99138,0.99154,0.99136,0.99154,10
2012-03-20 19:04:00,0.99136,0.99144,0.99136,0.9914,5
2012-03-20 19:05:00,0.9915,0.99156,0.9913,0.99132,17
2012-03-20 19:06:00,0.9915,0.99158,0.99148,0.99148,8
2012-03-20 19:07:00,0.99156,0.99156,0.99148,0.99148,4
2012-03-20 19:09:00,0.99136,0.99152,0.99136,0.99152,11
2012-03-20 19:10:00,0.99136,0.99136,0.9913,0.99132,10
2012-03-20 19:11:00,0.99132,0.99132,0.99132,0.99132,1
2012-03-20 19:12:00,0.99132,0.99132,0.99128,0.9913,4
2012-03-20 19:13:00,0.99136,0.99136,0.99136,0.99136,1
2012-03-20 19:15:00,0.99138,0.9914,0.99138,0.99138,3
2012-03-20 19:17:00,0.99148,0.99156,0.9914,0.9914,9
2012-03-20 19:18:00,0.99144,0.99156,0.99144,0.9915,7
2012-03-20 19:19:00,0.99138,0.99142,0.99138,0.99142,2
2012-03-20 19:20:00,0.99142,0.99144,0.99138,0.9914,11
2012-03-20 19:21:00,0.99144,0.9915,0.99144,0.99144,5
2012-03-20 19:23:00,0.99148,0.99152,0.99144,0.99146,7
2012-03-20 19:24:00,0.99144,0.99146,0.99138,0.99144,11
2012-03-20 19:25:00,0.99138,0.99146,0.99138,0.99146,12
2012-03-20 19:26:00,0.99146,0.99152,0.99138,0.9914,15
2012-03-20 19:27:00,0.99142,0.99144,0.99138,0.99144,8
2012-03-20 19:28:00,0.99148,0.9915,0.99144,0.99144,4
2012-03-20 19:29:00,0.99148,0.9915,0.99142,0.99144,8
2012-03-20 19:30:00,0.99148,0.99158,0.99148,0.9915,12
2012-03-20 19:31:00,0.99144,0.9915,0.99142,0.9915,7
2012-03-20 19:32:00,0.99142,0.99144,0.99142,0.99142,3
2012-03-20 19:33:00,0.99142,0.99146,0.99138,0.99144,8
2012-03-20 19:34:00,0.9915,0.99152,0.99144,0.99144,5
2012-03-20 19:35:00,0.99158,0.99158,0.99152,0.99152,3
2012-03-20 19:36:00,0.9915,0.99156,0.99148,0.99156,5
2012-03-20 19:37:00,0.99156,0.99156,0.99148,0.99148,4
2012-03-20 19:39:00,0.99166,0.99166,0.99158,0.99158,4
2012-03-20 19:40:00,0.99162,0.99166,0.99162,0.99164,4
2012-03-20 19:41:00,0.99166,0.99166,0.99164,0.99164,2
2012-03-20 19:42:00,0.99166,0.99166,0.99162,0.99164,4
2012-03-20 19:43:00,0.99166,0.99166,0.99164,0.99164,2
2012-03-20 19:44:00,0.99164,0.99172,0.99164,0.99164,7
2012-03-20 19:45:00,0.99186,0.99186,0.99166,0.99166,10
2012-03-20 19:46:00,0.99196,0.99198,0.9919,0.9919,9
2012-03-20 19:47:00,0.99194,0.99198,0.99192,0.99198,4
2012-03-20 19:48:00,0.99192,0.992,0.99192,0.99198,7
2012-03-20 19:49:00,0.99192,0.99194,0.99186,0.9919,12
2012-03-20 19:50:00,0.99192,0.99194,0.9919,0.9919,8
2012-03-20 19:51:00,0.992,0.992,0.99194,0.99194,7
2012-03-20 19:52:00,0.99204,0.99206,0.99198,0.99198,9
2012-03-20 19:53:00,0.992,0.99204,0.99198,0.992,5
2012-03-20 19:54:00,0.9919,0.99198,0.9919,0.99198,4
2012-03-20 19:55:00,0.9919,0.99194,0.99186,0.99186,6
2012-03-20 19:57:00,0.99182,0.99186,0.99182,0.99186,3
2012-03-20 19:58:00,0.99184,0.99184,0.99178,0.99178,5
2012-03-20 19:59:00,0.9918,0.99194,0.99178,0.99186,19
2012-03-20 20:00:00,0.99187,0.99187,0.99183,0.99184,3
2012-03-20 20:01:00,0.99183,0.99183,0.99183,0.99183,1
2012-03-20 20:02:00,0.99179,0.99179,0.99179,0.99179,1
2012-03-20 20:03:00,0.99191,0.99191,0.99183,0.99183,3
2012-03-20 20:04:00,0.99187,0.99187,0.99187,0.99187,1
2012-03-20 20:05:00,0.99179,0.99183,0.99179,0.99183,2
2012-03-20 20:06:00,0.99183,0.99183,0.99183,0.99183,1
2012-03-20 20:07:00,0.99175,0.99179,0.99167,0.99179,10
2012-03-20 20:08:00,0.99179,0.99179,0.99179,0.99179,1
2012-03-20 20:11:00,0.99167,0.99175,0.99167,0.99175,3
2012-03-20 20:12:00,0.99179,0.99183,0.99171,0.99171,5
2012-03-20 20:13:00,0.99175,0.99175,0.99175,0.99175,1
2012-03-20 20:14:00,0.99175,0.99183,0.99175,0.99179,4
2012-03-20 20:15:00,0.99179,0.99179,0.99179,0.99179,1
2012-03-20 20:16:00,0.99175,0.99175,0.99175,0.99175,1
2012-03-20 20:17:00,0.99179,0.99183,0.99175,0.99179,5
2012-03-20 20:18:00,0.99159,0.99175,0.99159,0.99175,9
2012-03-20 20:19:00,0.99151,0.99155,0.99147,0.99155,12
2012-03-20 20:20:00,0.99151,0.99155,0.99151,0.99155,2
2012-03-20 20:21:00,0.99167,0.99167,0.99155,0.99155,4
2012-03-20 20:22:00,0.99175,0.99175,0.99163,0.99163,4
2012-03-20 20:23:00,0.99167,0.99171,0.99167,0.99171,2
2012-03-20 20:24:00,0.99175,0.99175,0.99171,0.99171,4
2012-03-20 20:26:00,0.99171,0.99171,0.99171,0.99171,1
2012-03-20 20:28:00,0.9918,0.99192,0.99175,0.99175,12
2012-03-20 20:29:00,0.99177,0.99189,0.99177,0.99184,9
2012-03-20 20:30:00,0.99181,0.99185,0.99173,0.99181,11
2012-03-20 20:31:00,0.99173,0.99177,0.99173,0.99177,2
2012-03-20 20:32:00,0.99177,0.99177,0.99177,0.99177,1
2012-03-20 20:33:00,0.99177,0.99181,0.99177,0.99181,2
2012-03-20 20:34:00,0.99177,0.99177,0.99173,0.99173,4
2012-03-20 20:39:00,0.99171,0.99175,0.99161,0.99173,14
2012-03-20 20:40:00,0.99163,0.99171,0.99147,0.99167,12
2012-03-20 20:41:00,0.99175,0.99175,0.99167,0.99167,3
2012-03-20 20:42:00,0.99171,0.99171,0.99171,0.99171,1
2012-03-20 20:43:00,0.99171,0.99171,0.99167,0.99167,2
2012-03-20 20:44:00,0.99167,0.99167,0.99167,0.99167,1
2012-03-20 20:46:00,0.99171,0.99171,0.99171,0.99171,1
2012-03-20 20:48:00,0.99175,0.99175,0.99163,0.99167,5
2012-03-20 20:51:00,0.99167,0.99171,0.99163,0.99171,8
2012-03-20 20:52:00,0.99159,0.99163,0.99159,0.99163,4
2012-03-20 20:53:00,0.99155,0.99155,0.99151,0.99155,3
2012-03-20 20:54:00,0.99159,0.99159,0.99159,0.99159,1
2012-03-20 20:55:00,0.99155,0.99155,0.99155,0.99155,1
2012-03-20 20:56:00,0.99151,0.99151,0.99147,0.99151,3
2012-03-20 20:59:00,0.99155,0.99155,0.99147,0.99147,3
2012-03-20 21:00:00,0.99155,0.99159,0.99155,0.99159,2
2012-03-20 21:02:00,0.99159,0.99163,0.99159,0.99159,3
2012-03-20 21:04:00,0.99167,0.99171,0.99163,0.99163,4
2012-03-20 21:05:00,0.99167,0.99167,0.99155,0.99163,10
2012-03-20 21:06:00,0.99163,0.99163,0.99163,0.99163,1
2012-03-20 21:09:00,0.99154,0.99158,0.99146,0.99158,8
2012-03-20 21:13:00,0.99154,0.99158,0.99154,0.99158,2
2012-03-20 21:14:00,0.9915,0.9915,0.9915,0.9915,1
2012-03-20 21:15:00,0.99162,0.99162,0.99154,0.99154,7
2012-03-20 21:16:00,0.99169,0.99178,0.99166,0.99166,6
2012-03-20 21:17:00,0.99197,0.99197,0.9916,0.99173,51
2012-03-20 21:18:00,0.9917,0.99202,0.99164,0.99193,33
2012-03-20 21:19:00,0.99182,0.99182,0.99174,0.99174,3
2012-03-20 21:20:00,0.99205,0.99209,0.99181,0.99186,37
2012-03-20 21:21:00,0.99197,0.99209,0.99197,0.99209,8
2012-03-20 21:23:00,0.99165,0.99201,0.99165,0.99201,12
2012-03-20 21:24:00,0.99157,0.99161,0.99153,0.99161,4
2012-03-20 21:28:00,0.99161,0.99161,0.99161,0.99161,1
2012-03-20 21:29:00,0.99165,0.99173,0.99165,0.99165,5
2012-03-20 21:30:00,0.99177,0.99177,0.99169,0.99169,7
2012-03-20 21:32:00,0.99181,0.99181,0.99181,0.99181,1
2012-03-20 21:38:00,0.9921,0.9921,0.99185,0.99185,15
2012-03-20 21:42:00,0.99215,0.99215,0.99202,0.99206,5
2012-03-20 21:43:00,0.99219,0.99219,0.99219,0.99219,1
2012-03-20 21:44:00,0.99219,0.99219,0.99207,0.99215,6
2012-03-20 21:47:00,0.99207,0.99216,0.99194,0.99214,13
2012-03-20 21:48:00,0.99185,0.99203,0.99185,0.99203,5
2012-03-20 21:49:00,0.99181,0.99181,0.99181,0.99181,1
2012-03-20 21:56:00,0.99182,0.99186,0.99182,0.99186,2
2012-03-20 21:57:00,0.9917,0.99178,0.9917,0.99178,3
2012-03-20 21:58:00,0.99165,0.99165,0.99165,0.99165,1
2012-03-20 22:00:00,0.99174,0.99174,0.99154,0.99166,10
2012-03-20 22:01:00,0.992,0.992,0.99172,0.99176,17
2012-03-20 22:02:00,0.99196,0.99216,0.99196,0.99204,12
2012-03-20 22:03:00,0.99172,0.992,0.99172,0.992,9
2012-03-20 22:04:00,0.99168,0.9918,0.99168,0.99176,14
2012-03-20 22:06:00,0.99164,0.99164,0.99162,0.99164,3
2012-03-20 22:08:00,0.99162,0.99162,0.99162,0.99162,1
2012-03-20 22:09:00,0.99152,0.99158,0.99142,0.99158,9
2012-03-20 22:10:00,0.99146,0.99148,0.99146,0.99148,2
2012-03-20 22:13:00,0.99164,0.99164,0.9914,0.99142,9
2012-03-20 22:15:00,0.9916,0.99166,0.9916,0.99166,3
2012-03-20 22:20:00,0.99164,0.99164,0.9916,0.99164,3
2012-03-20 22:25:00,0.9916,0.9916,0.9916,0.9916,1
2012-03-20 22:26:00,0.9916,0.99164,0.9916,0.99164,2
2012-03-20 22:29:00,0.9916,0.99164,0.9916,0.99164,4
2012-03-20 22:33:00,0.99164,0.99164,0.99164,0.99164,1
2012-03-20 22:34:00,0.9917,0.99172,0.99166,0.99166,6
2012-03-20 22:35:00,0.99172,0.99178,0.99172,0.99172,5
2012-03-20 22:36:00,0.99176,0.99176,0.99176,0.99176,1
2012-03-20 22:37:00,0.99178,0.99178,0.99178,0.99178,1
2012-03-20 22:38:00,0.99184,0.99184,0.99182,0.99182,2
2012-03-20 22:40:00,0.99178,0.99182,0.99178,0.99182,2
2012-03-20 22:41:00,0.99178,0.99178,0.99176,0.99176,2
2012-03-20 22:44:00,0.99176,0.99176,0.99176,0.99176,1
2012-03-20 22:45:00,0.99172,0.99172,0.99172,0.99172,1
2012-03-20 22:46:00,0.9917,0.9917,0.9917,0.9917,1
2012-03-20 22:48:00,0.99158,0.99166,0.99158,0.99166,6
2012-03-20 22:53:00,0.99146,0.99158,0.99146,0.99154,6
2012-03-20 22:54:00,0.9914,0.99148,0.99136,0.99148,14
2012-03-20 22:55:00,0.99146,0.99146,0.99134,0.99136,6
2012-03-20 22:56:00,0.99148,0.99148,0.99142,0.99142,5
2012-03-20 22:57:00,0.99146,0.99146,0.99142,0.99146,3
2012-03-20 22:59:00,0.99136,0.99142,0.99136,0.99142,7
2012-03-20 23:00:00,0.99134,0.9914,0.9913,0.9914,7
2012-03-20 23:01:00,0.99134,0.99136,0.99134,0.99136,6
2012-03-20 23:02:00,0.99134,0.99136,0.99134,0.99136,2
2012-03-20 23:03:00,0.99136,0.99136,0.99136,0.99136,1
2012-03-20 23:04:00,0.99136,0.99136,0.99134,0.99134,2
2012-03-20 23:05:00,0.99134,0.99136,0.99134,0.99136,2
2012-03-20 23:06:00,0.99126,0.99132,0.99126,0.99132,3
2012-03-20 23:09:00,0.99122,0.99128,0.99122,0.99128,3
2012-03-20 23:10:00,0.99116,0.9912,0.99114,0.9912,4
2012-03-20 23:11:00,0.99122,0.99122,0.9912,0.9912,2
2012-03-20 23:17:00,0.99126,0.99126,0.99126,0.99126,1
2012-03-20 23:18:00,0.99128,0.9913,0.99128,0.99128,3
2012-03-20 23:19:00,0.99128,0.9913,0.99128,0.9913,2
2012-03-20 23:24:00,0.99126,0.99126,0.99126,0.99126,1
2012-03-20 23:25:00,0.99122,0.99122,0.99122,0.99122,1
2012-03-20 23:31:00,0.9913,0.9913,0.99126,0.99126,3
2012-03-20 23:32:00,0.99142,0.99142,0.99134,0.99134,4
2012-03-20 23:33:00,0.9914,0.99146,0.99136,0.99146,5
2012-03-20 23:34:00,0.9914,0.9914,0.99136,0.99136,2
2012-03-20 23:41:00,0.99136,0.99136,0.99134,0.99136,3
2012-03-20 23:48:00,0.9913,0.99134,0.99128,0.99134,4
2012-03-20 23:49:00,0.9913,0.9913,0.99128,0.99128,2
2012-03-20 23:50:00,0.99136,0.99136,0.99134,0.99134,4
2012-03-20 23:51:00,0.99128,0.99134,0.99128,0.99134,7
2012-03-20 23:52:00,0.99126,0.99126,0.99126,0.99126,1
2012-03-20 23:54:00,0.9912,0.99128,0.99118,0.99128,8
2012-03-20 23:55:00,0.9912,0.9912,0.99118,0.99118,2
2012-03-21 00:00:00,0.99112,0.99122,0.99112,0.99118,15
2012-03-21 00:01:00,0.99122,0.99122,0.99106,0.99108,8
2012-03-21 00:04:00,0.9912,0.9912,0.99118,0.9912,3
2012-03-21 00:05:00,0.99122,0.99122,0.99122,0.99122,1
2012-03-21 00:08:00,0.9912,0.9912,0.9912,0.9912,1
2012-03-21 00:09:00,0.9912,0.9912,0.99118,0.99118,2
2012-03-21 00:10:00,0.9912,0.99122,0.99118,0.99122,4
2012-03-21 00:11:00,0.99114,0.99118,0.99114,0.99118,2
2012-03-21 00:12:00,0.9912,0.9912,0.99116,0.99116,2
2012-03-21 00:13:00,0.99114,0.99118,0.99114,0.99118,2
2012-03-21 00:14:00,0.99112,0.9912,0.99108,0.99112,11
2012-03-21 00:15:00,0.99114,0.9912,0.99114,0.99114,5
2012-03-21 00:16:00,0.99116,0.99116,0.99116,0.99116,1
2012-03-21 00:17:00,0.99116,0.99116,0.99114,0.99114,4
2012-03-21 00:18:00,0.99114,0.99116,0.99112,0.99114,9
2012-03-21 00:19:00,0.99112,0.99112,0.99112,0.99112,1
2012-03-21 00:20:00,0.9912,0.99122,0.99114,0.99114,7
2012-03-21 00:23:00,0.9912,0.9912,0.99118,0.99118,2
2012-03-21 00:24:00,0.99118,0.99118,0.99118,0.99118,1
2012-03-21 00:26:00,0.99112,0.99114,0.99112,0.99114,2
2012-03-21 00:27:00,0.99108,0.99108,0.99108,0.99108,1
2012-03-21 00:28:00,0.99108,0.99114,0.99106,0.99106,8
2012-03-21 00:29:00,0.99106,0.99108,0.99106,0.99106,3
2012-03-21 00:30:00,0.99092,0.99108,0.99092,0.99102,13
2012-03-21 00:31:00,0.9908,0.99088,0.9908,0.99088,4
2012-03-21 00:32:00,0.9908,0.99082,0.99074,0.99082,10
2012-03-21 00:33:00,0.99062,0.9908,0.9906,0.99078,10
2012-03-21 00:34:00,0.99082,0.99082,0.99066,0.99066,9
2012-03-21 00:35:00,0.99078,0.9908,0.99072,0.9908,18
2012-03-21 00:36:00,0.991,0.991,0.9908,0.9908,8
2012-03-21 00:37:00,0.99094,0.99098,0.99094,0.99098,2
2012-03-21 00:38:00,0.99086,0.99092,0.99074,0.99092,15
2012-03-21 00:39:00,0.99088,0.99088,0.9908,0.99084,5
2012-03-21 00:40:00,0.99088,0.991,0.99088,0.99092,18
2012-03-21 00:41:00,0.99088,0.99092,0.99088,0.99092,2
2012-03-21 00:42:00,0.99086,0.99086,0.99086,0.99086,1
2012-03-21 00:43:00,0.99088,0.99092,0.99088,0.99088,7
2012-03-21 00:44:00,0.99078,0.99092,0.99078,0.99092,8
2012-03-21 00:45:00,0.99078,0.9908,0.99078,0.9908,2
2012-03-21 00:46:00,0.99074,0.99074,0.99072,0.99074,3
2012-03-21 00:47:00,0.99072,0.99074,0.99072,0.99072,3
2012-03-21 00:48:00,0.9906,0.99068,0.9906,0.99068,6
2012-03-21 00:49:00,0.99054,0.99062,0.99052,0.99062,18
2012-03-21 00:50:00,0.9904,0.99052,0.9904,0.99052,7
2012-03-21 00:51:00,0.99028,0.99042,0.9902,0.99042,14
2012-03-21 00:52:00,0.9903,0.99032,0.9902,0.99026,16
2012-03-21 00:53:00,0.9903,0.99034,0.9903,0.99032,8
2012-03-21 00:54:00,0.99018,0.99032,0.99018,0.99026,14
2012-03-21 00:55:00,0.9902,0.9902,0.9901,0.99016,11
2012-03-21 00:56:00,0.99034,0.99034,0.99024,0.99024,9
2012-03-21 00:57:00,0.99046,0.99046,0.99038,0.99038,10
2012-03-21 00:58:00,0.99044,0.99052,0.99044,0.99048,10
2012-03-21 00:59:00,0.99039,0.99044,0.99036,0.99041,8
2012-03-21 01:00:00,0.9903,0.99036,0.9903,0.99036,3
2012-03-21 01:01:00,0.99032,0.99032,0.99013,0.99027,13
2012-03-21 01:02:00,0.99032,0.99032,0.99027,0.9903,6
2012-03-21 01:03:00,0.99032,0.99032,0.9903,0.9903,4
2012-03-21 01:05:00,0.9903,0.99032,0.9903,0.9903,3
2012-03-21 01:06:00,0.99013,0.99027,0.9901,0.99027,8
2012-03-21 01:07:00,0.99013,0.99013,0.9901,0.9901,2
2012-03-21 01:08:00,0.99015,0.99015,0.99007,0.9901,7
2012-03-21 01:09:00,0.99007,0.99013,0.99007,0.99013,3
2012-03-21 01:10:00,0.99005,0.99005,0.99005,0.99005,1
2012-03-21 01:11:00,0.9901,0.9901,0.99007,0.99007,2
2012-03-21 01:12:00,0.9901,0.99015,0.9901,0.99013,4
2012-03-21 01:13:00,0.99007,0.99007,0.99005,0.99007,3
2012-03-21 01:14:00,0.99007,0.99007,0.99005,0.99005,4
2012-03-21 01:16:00,0.99021,0.99021,0.9901,0.9901,11
2012-03-21 01:17:00,0.99015,0.99032,0.99013,0.99019,18
2012-03-21 01:18:00,0.99021,0.99021,0.99018,0.99018,2
2012-03-21 01:19:00,0.99024,0.99024,0.99019,0.99024,5
2012-03-21 01:20:00,0.99024,0.99024,0.99022,0.99022,2
2012-03-21 01:23:00,0.9903,0.9903,0.99027,0.99027,2
2012-03-21 01:25:00,0.9903,0.99035,0.9903,0.99032,6
2012-03-21 01:26:00,0.99035,0.99035,0.99032,0.99032,2
2012-03-21 01:27:00,0.98993,0.99033,0.98993,0.99033,17
2012-03-21 01:28:00,0.98987,0.9899,0.98973,0.9899,12
2012-03-21 01:29:00,0.98964,0.98985,0.98962,0.98985,16
2012-03-21 01:30:00,0.98948,0.98962,0.98945,0.98962,26
2012-03-21 01:31:00,0.98947,0.9895,0.98945,0.9895,4
2012-03-21 01:32:00,0.98945,0.98953,0.98939,0.9895,17
2012-03-21 01:33:00,0.98953,0.98956,0.98947,0.98947,5
2012-03-21 01:34:00,0.98942,0.98951,0.98942,0.98951,6
2012-03-21 01:35:00,0.98939,0.98939,0.98931,0.98939,13
2012-03-21 01:36:00,0.98899,0.98936,0.98891,0.98936,38
2012-03-21 01:37:00,0.98897,0.98908,0.98894,0.98897,19
2012-03-21 01:38:00,0.98917,0.98922,0.98899,0.98899,13
2012-03-21 01:39:00,0.98922,0.98925,0.98919,0.98919,6
2012-03-21 01:40:00,0.98936,0.98936,0.98925,0.98925,5
2012-03-21 01:41:00,0.98948,0.98959,0.98939,0.98939,16
2012-03-21 01:42:00,0.98953,0.98953,0.9895,0.9895,2
2012-03-21 01:43:00,0.98951,0.98956,0.98951,0.98956,3
2012-03-21 01:44:00,0.98953,0.98953,0.98951,0.98953,5
2012-03-21 01:45:00,0.98951,0.98951,0.98951,0.98951,1
2012-03-21 01:46:00,0.98948,0.9895,0.98948,0.98948,3
2012-03-21 01:47:00,0.98951,0.98953,0.9895,0.9895,3
2012-03-21 01:49:00,0.98953,0.98953,0.98953,0.98953,1
2012-03-21 01:50:00,0.98964,0.98964,0.98951,0.98951,8
2012-03-21 01:51:00,0.98981,0.98981,0.98965,0.98967,14
2012-03-21 01:52:00,0.98987,0.98987,0.98982,0.98984,4
2012-03-21 01:53:00,0.98984,0.98985,0.98982,0.98985,3
2012-03-21 01:56:00,0.98979,0.98987,0.98979,0.98987,8
2012-03-21 01:57:00,0.98984,0.98984,0.98976,0.98976,6
2012-03-21 01:58:00,0.98982,0.98982,0.98982,0.98982,1
2012-03-21 01:59:00,0.98981,0.98981,0.98979,0.98979,2
2012-03-21 02:00:00,0.98962,0.98981,0.98959,0.98979,13
2012-03-21 02:01:00,0.98965,0.98981,0.98964,0.98964,15
2012-03-21 02:02:00,0.98979,0.98979,0.98967,0.98967,5
2012-03-21 02:03:00,0.98981,0.98981,0.98981,0.98981,1
2012-03-21 02:04:00,0.98965,0.98979,0.98965,0.98979,6
2012-03-21 02:05:00,0.98962,0.98962,0.98962,0.98962,1
2012-03-21 02:07:00,0.98973,0.98973,0.98964,0.98964,4
2012-03-21 02:09:00,0.9897,0.9897,0.9897,0.9897,1
2012-03-21 02:10:00,0.9897,0.98973,0.98962,0.98968,10
2012-03-21 02:11:00,0.98962,0.98968,0.98962,0.98968,5
2012-03-21 02:13:00,0.98962,0.98967,0.98962,0.98964,4
2012-03-21 02:14:00,0.98959,0.98959,0.98959,0.98959,1
2012-03-21 02:15:00,0.98953,0.98956,0.98953,0.98956,2
2012-03-21 02:16:00,0.98953,0.98953,0.98945,0.98951,6
2012-03-21 02:17:00,0.98951,0.98951,0.98951,0.98951,1
2012-03-21 02:18:00,0.98951,0.98953,0.98951,0.98953,2
2012-03-21 02:22:00,0.98934,0.98948,0.98934,0.98948,12
2012-03-21 02:23:00,0.98931,0.98936,0.98928,0.98931,9
2012-03-21 02:24:00,0.98942,0.98942,0.98922,0.98928,12
2012-03-21 02:25:00,0.98925,0.98945,0.98925,0.98939,18
2012-03-21 02:26:00,0.98928,0.98928,0.98925,0.98928,3
2012-03-21 02:27:00,0.98933,0.98933,0.98925,0.9893,8
2012-03-21 02:28:00,0.98933,0.98933,0.98931,0.98931,2
2012-03-21 02:29:00,0.98913,0.98931,0.98911,0.98931,13
2012-03-21 02:30:00,0.98913,0.98913,0.98911,0.98911,4
2012-03-21 02:31:00,0.98905,0.98911,0.98905,0.98911,3
2012-03-21 02:32:00,0.98908,0.98908,0.989,0.98902,5
2012-03-21 02:33:00,0.98916,0.98916,0.98911,0.98911,3
2012-03-21 02:34:00,0.98917,0.98933,0.98917,0.98919,12
2012-03-21 02:35:00,0.98899,0.98914,0.98894,0.98914,14
2012-03-21 02:37:00,0.98908,0.98908,0.98902,0.98902,3
2012-03-21 02:38:00,0.98919,0.98919,0.98911,0.98911,4
2012-03-21 02:39:00,0.98911,0.98917,0.98911,0.98917,3
2012-03-21 02:40:00,0.98914,0.98916,0.98913,0.98913,3
2012-03-21 02:41:00,0.98911,0.98911,0.98911,0.98911,1
2012-03-21 02:42:00,0.98919,0.98919,0.98913,0.98913,3
2012-03-21 02:43:00,0.98928,0.98928,0.98917,0.98917,5
2012-03-21 02:44:00,0.98919,0.9893,0.98919,0.9893,5
2012-03-21 02:45:00,0.9893,0.9893,0.98919,0.98922,8
2012-03-21 02:46:00,0.98928,0.98928,0.98928,0.98928,1
2012-03-21 02:47:00,0.98922,0.98925,0.98922,0.98925,4
2012-03-21 02:49:00,0.98922,0.98922,0.98919,0.98919,4
2012-03-21 02:50:00,0.98922,0.98925,0.98922,0.98925,2
2012-03-21 02:51:00,0.98922,0.98925,0.98919,0.98919,4
2012-03-21 02:52:00,0.98911,0.98922,0.98911,0.98919,10
2012-03-21 02:53:00,0.98913,0.98913,0.98913,0.98913,1
2012-03-21 02:54:00,0.98922,0.98925,0.98916,0.98916,7
2012-03-21 02:55:00,0.98922,0.9893,0.98922,0.98925,8
2012-03-21 02:56:00,0.98934,0.98939,0.98925,0.98925,8
2012-03-21 02:57:00,0.9893,0.98931,0.98928,0.98931,3
2012-03-21 02:58:00,0.9893,0.9893,0.98928,0.98928,2
2012-03-21 02:59:00,0.98931,0.98939,0.98931,0.98933,6
2012-03-21 03:00:00,0.98942,0.98942,0.98933,0.98933,4
2012-03-21 03:01:00,0.9895,0.9895,0.98945,0.98945,3
2012-03-21 03:03:00,0.98945,0.98948,0.98945,0.98948,4
2012-03-21 03:04:00,0.98945,0.9895,0.98945,0.98947,6
2012-03-21 03:05:00,0.9895,0.9895,0.98942,0.98942,4
2012-03-21 03:06:00,0.98965,0.9897,0.98953,0.98953,15
2012-03-21 03:07:00,0.98973,0.98973,0.98967,0.98967,9
2012-03-21 03:08:00,0.98976,0.98984,0.98973,0.98976,13
2012-03-21 03:09:00,0.98981,0.98981,0.98979,0.98979,2
2012-03-21 03:10:00,0.98987,0.98987,0.98984,0.98984,2
2012-03-21 03:11:00,0.98985,0.98985,0.98985,0.98985,1
2012-03-21 03:12:00,0.98982,0.98982,0.98982,0.98982,1
2012-03-21 03:14:00,0.98968,0.98979,0.98968,0.98979,9
2012-03-21 03:15:00,0.9897,0.98973,0.98968,0.9897,5
2012-03-21 03:16:00,0.98984,0.98984,0.98973,0.98973,5
2012-03-21 03:17:00,0.98984,0.98984,0.98982,0.98982,2
2012-03-21 03:18:00,0.98987,0.98987,0.98987,0.98987,1
2012-03-21 03:20:00,0.98988,0.98993,0.98988,0.9899,4
2012-03-21 03:21:00,0.98981,0.98993,0.98979,0.9899,10
2012-03-21 03:22:00,0.98984,0.98984,0.98984,0.98984,1
2012-03-21 03:23:00,0.98982,0.98982,0.98982,0.98982,1
2012-03-21 03:25:00,0.98984,0.98987,0.98979,0.98979,13
2012-03-21 03:26:00,0.98973,0.98982,0.98973,0.98982,4
2012-03-21 03:27:00,0.98979,0.98979,0.98976,0.98976,2
2012-03-21 03:29:00,0.98979,0.98981,0.98976,0.98981,6
2012-03-21 03:30:00,0.98982,0.98984,0.98976,0.98981,9
2012-03-21 03:31:00,0.98984,0.9899,0.98976,0.98984,11
2012-03-21 03:33:00,0.98979,0.98982,0.98979,0.98982,2
2012-03-21 03:34:00,0.98981,0.98981,0.98981,0.98981,1
2012-03-21 03:35:00,0.98987,0.98987,0.98979,0.98979,4
2012-03-21 03:36:00,0.98985,0.98985,0.98985,0.98985,1
2012-03-21 03:37:00,0.98982,0.98982,0.98982,0.98982,1
2012-03-21 03:38:00,0.9899,0.9899,0.98984,0.98984,3
2012-03-21 03:39:00,0.98988,0.98988,0.98988,0.98988,1
2012-03-21 03:40:00,0.98999,0.99004,0.9899,0.9899,8
2012-03-21 03:41:00,0.9901,0.9901,0.99001,0.99001,4
2012-03-21 03:42:00,0.9901,0.9901,0.99007,0.99007,2
2012-03-21 03:43:00,0.9901,0.99013,0.99007,0.99007,4
2012-03-21 03:46:00,0.99002,0.99007,0.99002,0.99007,3
2012-03-21 03:48:00,0.99004,0.99004,0.99004,0.99004,1
2012-03-21 03:49:00,0.99004,0.99004,0.99002,0.99002,2
2012-03-21 03:50:00,0.9901,0.9901,0.99007,0.99007,2
2012-03-21 03:51:00,0.99016,0.99021,0.99013,0.99013,10
2012-03-21 03:52:00,0.9901,0.99013,0.99007,0.99013,6
2012-03-21 03:53:00,0.99007,0.99007,0.99007,0.99007,1
2012-03-21 03:54:00,0.9901,0.9901,0.9901,0.9901,1
2012-03-21 03:55:00,0.99005,0.99013,0.99005,0.99013,8
2012-03-21 03:56:00,0.99007,0.99007,0.99007,0.99007,1
2012-03-21 03:57:00,0.99013,0.99013,0.9901,0.9901,2
2012-03-21 03:58:00,0.99019,0.99024,0.99015,0.99015,6
2012-03-21 03:59:00,0.99015,0.99021,0.99013,0.99021,7
2012-03-21 04:00:00,0.99027,0.9903,0.99018,0.99018,12
2012-03-21 04:01:00,0.99013,0.99027,0.99013,0.99024,11
2012-03-21 04:03:00,0.99015,0.99015,0.9901,0.9901,5
2012-03-21 04:04:00,0.99013,0.99018,0.9901,0.99018,7
2012-03-21 04:06:00,0.99018,0.99021,0.99015,0.99015,6
2012-03-21 04:07:00,0.99021,0.99021,0.99019,0.99021,3
2012-03-21 04:08:00,0.99019,0.99019,0.99019,0.99019,1
2012-03-21 04:09:00,0.9901,0.99016,0.9901,0.99016,7
2012-03-21 04:11:00,0.99013,0.99018,0.99013,0.99013,5
2012-03-21 04:12:00,0.99007,0.9901,0.99005,0.9901,4
2012-03-21 04:13:00,0.99002,0.99005,0.98999,0.99005,6
2012-03-21 04:14:00,0.9901,0.9901,0.99004,0.99004,3
2012-03-21 04:17:00,0.99007,0.99015,0.99005,0.99013,11
2012-03-21 04:18:00,0.99013,0.99013,0.99002,0.99005,12
2012-03-21 04:19:00,0.99015,0.99015,0.99015,0.99015,1
2012-03-21 04:20:00,0.9901,0.99013,0.9901,0.99013,2
2012-03-21 04:22:00,0.99002,0.99013,0.99002,0.99013,5
2012-03-21 04:23:00,0.99007,0.99007,0.99004,0.99004,6
2012-03-21 04:24:00,0.98999,0.99005,0.98999,0.99005,3
2012-03-21 04:26:00,0.98999,0.99001,0.98999,0.99001,2
2012-03-21 04:29:00,0.99001,0.99001,0.99001,0.99001,1
2012-03-21 04:30:00,0.99013,0.99013,0.99004,0.99004,4
2012-03-21 04:31:00,0.98999,0.9901,0.98999,0.9901,7
2012-03-21 04:32:00,0.9899,0.98996,0.98988,0.98996,5
2012-03-21 04:34:00,0.98996,0.98996,0.98993,0.98993,4
2012-03-21 04:36:00,0.98985,0.98993,0.98985,0.98993,4
2012-03-21 04:37:00,0.98984,0.98984,0.98982,0.98982,4
2012-03-21 04:38:00,0.98987,0.98987,0.98987,0.98987,1
2012-03-21 04:40:00,0.98996,0.98998,0.9899,0.9899,5
2012-03-21 04:41:00,0.98999,0.99001,0.98998,0.98998,3
2012-03-21 04:42:00,0.99001,0.99001,0.99001,0.99001,1
2012-03-21 04:44:00,0.99016,0.99018,0.99004,0.99004,7
2012-03-21 04:45:00,0.99002,0.99013,0.99002,0.99013,5
2012-03-21 04:47:00,0.98999,0.98999,0.98999,0.98999,1
2012-03-21 04:48:00,0.9899,0.98996,0.9899,0.98996,3
2012-03-21 04:49:00,0.98985,0.98993,0.98985,0.98993,4
2012-03-21 04:52:00,0.98982,0.98982,0.98982,0.98982,1
2012-03-21 04:53:00,0.98976,0.98979,0.98976,0.98979,2
2012-03-21 04:54:00,0.9897,0.98973,0.9897,0.98973,2
2012-03-21 04:57:00,0.98973,0.98979,0.98973,0.98973,7
2012-03-21 04:58:00,0.98976,0.98979,0.98976,0.98976,3
2012-03-21 04:59:00,0.98967,0.98973,0.98965,0.98973,5
2012-03-21 05:00:00,0.98956,0.98965,0.98956,0.98965,14
2012-03-21 05:01:00,0.9895,0.98953,0.98948,0.98953,4
2012-03-21 05:02:00,0.98956,0.98959,0.98953,0.98953,4
2012-03-21 05:03:00,0.98951,0.98953,0.98951,0.98953,2
2012-03-21 05:04:00,0.98948,0.98948,0.98948,0.98948,1
2012-03-21 05:05:00,0.98956,0.98956,0.9895,0.9895,3
2012-03-21 05:07:00,0.98953,0.98953,0.98953,0.98953,1
2012-03-21 05:09:00,0.98956,0.98956,0.98956,0.98956,1
2012-03-21 05:10:00,0.98967,0.98967,0.98959,0.98959,4
2012-03-21 05:11:00,0.9897,0.9897,0.9897,0.9897,1
2012-03-21 05:12:00,0.98968,0.98968,0.98968,0.98968,1
2012-03-21 05:13:00,0.98962,0.98965,0.98951,0.98965,18
2012-03-21 05:14:00,0.98959,0.98959,0.98959,0.98959,1
2012-03-21 05:15:00,0.98956,0.98956,0.98956,0.98956,1
2012-03-21 05:16:00,0.98959,0.98959,0.98959,0.98959,1
2012-03-21 05:17:00,0.98948,0.98956,0.98948,0.98956,4
2012-03-21 05:18:00,0.98948,0.98953,0.98945,0.98945,6
2012-03-21 05:19:00,0.9895,0.9895,0.9895,0.9895,1
2012-03-21 05:20:00,0.9895,0.9895,0.98948,0.98948,2
2012-03-21 05:22:00,0.98962,0.98962,0.98953,0.98953,4
2012-03-21 05:23:00,0.98968,0.98976,0.98964,0.98964,8
2012-03-21 05:24:00,0.98973,0.98973,0.9897,0.9897,2
2012-03-21 05:25:00,0.9897,0.9897,0.98968,0.9897,3
2012-03-21 05:26:00,0.98973,0.98976,0.98973,0.98973,3
2012-03-21 05:28:00,0.98968,0.9897,0.98968,0.9897,2
2012-03-21 05:29:00,0.98953,0.98965,0.98953,0.98965,5
2012-03-21 05:30:00,0.98942,0.98951,0.98942,0.98951,4
2012-03-21 05:32:00,0.98956,0.98956,0.98945,0.98945,5
2012-03-21 05:33:00,0.98964,0.98964,0.98959,0.98959,3
2012-03-21 05:34:00,0.98962,0.98962,0.98962,0.98962,1
2012-03-21 05:35:00,0.98965,0.98967,0.98964,0.98964,3
2012-03-21 05:36:00,0.98962,0.98962,0.98959,0.98962,3
2012-03-21 05:37:00,0.98973,0.98973,0.98964,0.98964,4
2012-03-21 05:38:00,0.98976,0.98976,0.98976,0.98976,1
2012-03-21 05:39:00,0.98976,0.98976,0.98973,0.98973,2
2012-03-21 05:40:00,0.9897,0.98973,0.9897,0.98973,2
2012-03-21 05:41:00,0.98981,0.98981,0.98973,0.98973,6
2012-03-21 05:42:00,0.9897,0.98981,0.98968,0.98979,8
2012-03-21 05:43:00,0.98976,0.98976,0.98968,0.98968,4
2012-03-21 05:44:00,0.98976,0.98976,0.98962,0.98973,10
2012-03-21 05:45:00,0.98965,0.98973,0.98965,0.98973,6
2012-03-21 05:46:00,0.98956,0.98967,0.98951,0.98967,11
2012-03-21 05:47:00,0.9899,0.9899,0.98959,0.98959,14
2012-03-21 05:48:00,0.9899,0.9899,0.98976,0.98988,10
2012-03-21 05:49:00,0.98988,0.9899,0.98988,0.98988,3
2012-03-21 05:50:00,0.99004,0.99004,0.9899,0.9899,6
2012-03-21 05:51:00,0.98982,0.99002,0.98982,0.99002,8
2012-03-21 05:52:00,0.98973,0.98987,0.98973,0.98984,7
2012-03-21 05:53:00,0.9897,0.98976,0.9897,0.98976,3
2012-03-21 05:55:00,0.9897,0.98973,0.9897,0.98973,2
2012-03-21 05:56:00,0.98959,0.98976,0.98959,0.98968,12
2012-03-21 05:57:00,0.98959,0.98959,0.98948,0.98956,8
2012-03-21 05:59:00,0.98948,0.98956,0.98948,0.98956,4
2012-03-21 06:01:00,0.98953,0.98956,0.9895,0.9895,10
2012-03-21 06:02:00,0.98951,0.98953,0.98948,0.98951,5
2012-03-21 06:03:00,0.98951,0.98962,0.98951,0.98953,10
2012-03-21 06:04:00,0.98941,0.98953,0.98941,0.98953,11
2012-03-21 06:05:00,0.9894,0.9894,0.98938,0.98938,4
2012-03-21 06:06:00,0.98928,0.98938,0.98925,0.98938,8
2012-03-21 06:07:00,0.98919,0.98925,0.98919,0.98925,5
2012-03-21 06:08:00,0.98883,0.98917,0.9888,0.98917,21
2012-03-21 06:09:00,0.98874,0.98888,0.98874,0.98885,7
2012-03-21 06:10:00,0.989,0.98902,0.98876,0.98876,13
2012-03-21 06:11:00,0.98908,0.98913,0.98902,0.98902,13
2012-03-21 06:12:00,0.98919,0.98925,0.98911,0.98911,18
2012-03-21 06:13:00,0.98921,0.98932,0.98921,0.98922,10
2012-03-21 06:14:00,0.98923,0.98923,0.98918,0.98918,3
2012-03-21 06:15:00,0.9892,0.98921,0.98918,0.98921,3
2012-03-21 06:16:00,0.98918,0.98918,0.98912,0.98918,5
2012-03-21 06:17:00,0.9892,0.9892,0.9892,0.9892,1
2012-03-21 06:18:00,0.98929,0.98929,0.98923,0.98923,3
2012-03-21 06:20:00,0.98927,0.98927,0.98927,0.98927,1
2012-03-21 06:21:00,0.98927,0.98929,0.98927,0.98929,2
2012-03-21 06:22:00,0.98932,0.98932,0.98929,0.98929,2
2012-03-21 06:23:00,0.98929,0.98929,0.98929,0.98929,1
2012-03-21 06:24:00,0.98929,0.98929,0.98927,0.98927,2
2012-03-21 06:26:00,0.9894,0.9894,0.98932,0.98932,4
2012-03-21 06:27:00,0.98935,0.9894,0.98929,0.98938,14
2012-03-21 06:28:00,0.98927,0.98937,0.98927,0.98937,7
2012-03-21 06:29:00,0.98918,0.98924,0.98918,0.98924,3
2012-03-21 06:30:00,0.9891,0.98915,0.9891,0.98915,3
2012-03-21 06:36:00,0.98903,0.98907,0.98901,0.98907,4
2012-03-21 06:38:00,0.98898,0.98901,0.98898,0.98901,2
2012-03-21 06:40:00,0.98898,0.98901,0.98898,0.98901,2
2012-03-21 06:41:00,0.98881,0.98895,0.98881,0.98895,8
2012-03-21 06:42:00,0.98878,0.98881,0.9887,0.98878,11
2012-03-21 06:43:00,0.98873,0.98875,0.98873,0.98875,2
2012-03-21 06:44:00,0.98878,0.98878,0.9887,0.98875,6
2012-03-21 06:45:00,0.98901,0.98901,0.98881,0.98881,14
2012-03-21 06:46:00,0.98906,0.98909,0.98901,0.98903,10
2012-03-21 06:48:00,0.98898,0.98906,0.98898,0.98904,5
2012-03-21 06:49:00,0.98903,0.98903,0.98898,0.98901,4
2012-03-21 06:50:00,0.98903,0.98903,0.98898,0.98901,4
2012-03-21 06:51:00,0.98904,0.98909,0.98904,0.98906,4
2012-03-21 06:52:00,0.98903,0.98903,0.98901,0.98901,2
2012-03-21 06:53:00,0.9889,0.98903,0.9889,0.98901,11
2012-03-21 06:54:00,0.98895,0.98895,0.98892,0.98892,2
2012-03-21 06:55:00,0.98889,0.98892,0.98887,0.98892,6
2012-03-21 06:56:00,0.98878,0.98887,0.98875,0.98887,8
2012-03-21 06:57:00,0.98873,0.98875,0.98873,0.98875,4
2012-03-21 06:58:00,0.9887,0.98872,0.98867,0.9887,7
2012-03-21 06:59:00,0.98872,0.98872,0.9887,0.98872,3
2012-03-21 07:00:00,0.98864,0.9887,0.98861,0.9887,9
2012-03-21 07:01:00,0.98861,0.98861,0.98856,0.98861,5
2012-03-21 07:02:00,0.98848,0.98858,0.98839,0.98858,21
2012-03-21 07:03:00,0.98846,0.98846,0.98846,0.98846,1
2012-03-21 07:04:00,0.98854,0.98854,0.98848,0.98848,3
2012-03-21 07:05:00,0.98843,0.98851,0.98843,0.98851,6
2012-03-21 07:06:00,0.98851,0.98851,0.98843,0.98845,11
2012-03-21 07:07:00,0.98881,0.98884,0.98849,0.98849,31
2012-03-21 07:08:00,0.98902,0.98902,0.9888,0.98884,24
2012-03-21 07:09:00,0.9891,0.9893,0.98906,0.98906,50
2012-03-21 07:10:00,0.9891,0.98912,0.9891,0.98912,2
2012-03-21 07:11:00,0.98906,0.98906,0.989,0.98906,9
2012-03-21 07:12:00,0.9889,0.98904,0.9889,0.98904,11
2012-03-21 07:13:00,0.98884,0.98888,0.9888,0.98888,6
2012-03-21 07:14:00,0.98886,0.98886,0.98882,0.98882,3
2012-03-21 07:15:00,0.98882,0.98884,0.98882,0.98884,2
2012-03-21 07:16:00,0.9887,0.9888,0.9887,0.9888,5
2012-03-21 07:17:00,0.9886,0.98872,0.9886,0.98872,6
2012-03-21 07:18:00,0.9886,0.98868,0.9886,0.98862,14
2012-03-21 07:19:00,0.9885,0.98858,0.98844,0.98858,10
2012-03-21 07:20:00,0.9885,0.98852,0.9885,0.98852,2
2012-03-21 07:21:00,0.98852,0.98854,0.98852,0.98852,9
2012-03-21 07:22:00,0.98854,0.98854,0.98852,0.98854,3
2012-03-21 07:23:00,0.98878,0.98878,0.98856,0.98856,16
2012-03-21 07:24:00,0.98894,0.98896,0.9888,0.9888,20
2012-03-21 07:25:00,0.98888,0.98898,0.98888,0.98896,11
2012-03-21 07:26:00,0.98888,0.98892,0.98886,0.98886,6
2012-03-21 07:27:00,0.98888,0.98888,0.98884,0.98886,4
2012-03-21 07:28:00,0.9888,0.98886,0.98878,0.98886,6
2012-03-21 07:29:00,0.98898,0.98902,0.98878,0.98878,18
2012-03-21 07:30:00,0.98894,0.98898,0.98894,0.98896,6
2012-03-21 07:31:00,0.98902,0.98902,0.9889,0.98892,8
2012-03-21 07:32:00,0.989,0.989,0.98898,0.989,3
2012-03-21 07:33:00,0.9888,0.98902,0.9888,0.98902,15
2012-03-21 07:34:00,0.9886,0.98878,0.9886,0.98878,8
2012-03-21 07:35:00,0.9885,0.98862,0.9885,0.98862,10
2012-03-21 07:36:00,0.98848,0.98854,0.98848,0.98852,5
2012-03-21 07:37:00,0.9885,0.9885,0.9885,0.9885,1
2012-03-21 07:38:00,0.98836,0.98848,0.98836,0.98848,6
2012-03-21 07:39:00,0.98828,0.98836,0.98824,0.98834,9
2012-03-21 07:40:00,0.9882,0.98834,0.98816,0.9883,51
2012-03-21 07:41:00,0.98828,0.98828,0.98816,0.98818,23
2012-03-21 07:42:00,0.98824,0.98832,0.98822,0.9883,14
2012-03-21 07:43:00,0.98852,0.98852,0.98826,0.98826,20
2012-03-21 07:44:00,0.98848,0.98858,0.98848,0.98854,8
2012-03-21 07:45:00,0.98844,0.98846,0.98844,0.98846,2
2012-03-21 07:46:00,0.9884,0.9885,0.9884,0.98846,7
2012-03-21 07:47:00,0.98844,0.98844,0.98842,0.98842,2
2012-03-21 07:48:00,0.98828,0.98842,0.98828,0.98842,15
2012-03-21 07:49:00,0.98836,0.98836,0.98824,0.98826,10
2012-03-21 07:50:00,0.98838,0.98842,0.98838,0.9884,4
2012-03-21 07:51:00,0.9884,0.9884,0.9883,0.9884,9
2012-03-21 07:52:00,0.9884,0.98844,0.98834,0.98838,12
2012-03-21 07:53:00,0.98852,0.98858,0.98842,0.98842,21
2012-03-21 07:54:00,0.9886,0.98862,0.98848,0.98854,21
2012-03-21 07:55:00,0.9884,0.98858,0.9884,0.98858,8
2012-03-21 07:56:00,0.9883,0.98838,0.98826,0.98838,10
2012-03-21 07:57:00,0.9883,0.98832,0.9883,0.98832,2
2012-03-21 07:58:00,0.98844,0.98844,0.98832,0.98832,8
2012-03-21 07:59:00,0.9884,0.98842,0.9884,0.98842,2
2012-03-21 08:00:00,0.9884,0.9884,0.98836,0.98838,6
2012-03-21 08:01:00,0.98844,0.98844,0.9884,0.98842,6
2012-03-21 08:03:00,0.9884,0.98844,0.98838,0.98842,10
2012-03-21 08:04:00,0.98842,0.98844,0.98834,0.98838,15
2012-03-21 08:05:00,0.98842,0.98844,0.9884,0.9884,16
2012-03-21 08:06:00,0.98792,0.9884,0.98792,0.9884,33
2012-03-21 08:07:00,0.98782,0.98796,0.98772,0.9879,26
2012-03-21 08:08:00,0.98774,0.9878,0.98768,0.9878,25
2012-03-21 08:09:00,0.98788,0.9879,0.98776,0.98776,20
2012-03-21 08:10:00,0.98772,0.9879,0.98772,0.9879,11
2012-03-21 08:11:00,0.98772,0.98772,0.98766,0.9877,12
2012-03-21 08:12:00,0.98792,0.98792,0.98774,0.98774,13
2012-03-21 08:13:00,0.9879,0.98792,0.9878,0.9879,17
2012-03-21 08:14:00,0.9878,0.98788,0.98774,0.98788,12
2012-03-21 08:15:00,0.9878,0.9879,0.98776,0.98778,13
2012-03-21 08:16:00,0.98778,0.98782,0.98778,0.98782,5
2012-03-21 08:17:00,0.98784,0.98784,0.98768,0.98774,17
2012-03-21 08:18:00,0.9878,0.98784,0.98778,0.98782,12
2012-03-21 08:19:00,0.98774,0.98782,0.98766,0.98782,28
2012-03-21 08:20:00,0.98766,0.98784,0.98766,0.98776,22
2012-03-21 08:22:00,0.9877,0.98774,0.98766,0.98768,22
2012-03-21 08:23:00,0.9877,0.98774,0.98768,0.98772,8
2012-03-21 08:24:00,0.9878,0.98784,0.98772,0.98772,14
2012-03-21 08:25:00,0.98772,0.98782,0.98768,0.98782,19
2012-03-21 08:26:00,0.98768,0.98774,0.98766,0.98774,8
2012-03-21 08:27:00,0.98774,0.98778,0.9877,0.9877,11
2012-03-21 08:28:00,0.98766,0.98776,0.98766,0.98776,6
2012-03-21 08:29:00,0.98756,0.98774,0.98756,0.98768,24
2012-03-21 08:30:00,0.98768,0.9877,0.98756,0.98758,32
2012-03-21 08:31:00,0.98772,0.98774,0.98762,0.98766,17
2012-03-21 08:32:00,0.98756,0.98772,0.98756,0.9877,9
2012-03-21 08:33:00,0.9875,0.98752,0.9875,0.98752,4
2012-03-21 08:34:00,0.98754,0.9877,0.98752,0.98752,20
2012-03-21 08:35:00,0.9876,0.98762,0.98752,0.98752,14
2012-03-21 08:36:00,0.9877,0.9877,0.9876,0.98762,11
2012-03-21 08:37:00,0.98778,0.9878,0.98764,0.98768,15
2012-03-21 08:38:00,0.98782,0.98792,0.9878,0.9878,11
2012-03-21 08:39:00,0.9879,0.98802,0.98782,0.98784,25
2012-03-21 08:40:00,0.98762,0.98792,0.98762,0.98792,17
2012-03-21 08:41:00,0.988,0.988,0.98764,0.98764,18
2012-03-21 08:42:00,0.9882,0.9882,0.988,0.98802,18
2012-03-21 08:43:00,0.98814,0.98824,0.98814,0.98822,17
2012-03-21 08:44:00,0.98828,0.98832,0.98808,0.98812,24
2012-03-21 08:45:00,0.98828,0.9883,0.98824,0.98826,14
2012-03-21 08:46:00,0.98804,0.98826,0.98804,0.98826,10
2012-03-21 08:47:00,0.98794,0.98808,0.98794,0.98806,8
2012-03-21 08:48:00,0.98784,0.98792,0.98778,0.98792,14
2012-03-21 08:49:00,0.98792,0.98792,0.98774,0.98782,14
2012-03-21 08:50:00,0.9879,0.98792,0.9879,0.9879,3
2012-03-21 08:51:00,0.98792,0.98792,0.98792,0.98792,1
2012-03-21 08:53:00,0.98788,0.9879,0.98788,0.9879,4
2012-03-21 08:54:00,0.98792,0.98792,0.9879,0.9879,2
2012-03-21 08:55:00,0.98806,0.98806,0.98796,0.98796,7
2012-03-21 08:56:00,0.988,0.98808,0.988,0.98808,5
2012-03-21 08:57:00,0.988,0.98808,0.988,0.98802,20
2012-03-21 08:58:00,0.98802,0.98802,0.988,0.98802,5
2012-03-21 08:59:00,0.98816,0.98818,0.98802,0.98804,28
2012-03-21 09:00:00,0.98824,0.98824,0.98812,0.98814,12
2012-03-21 09:01:00,0.98822,0.98824,0.98814,0.98822,15
2012-03-21 09:02:00,0.98852,0.98858,0.98824,0.98824,30
2012-03-21 09:03:00,0.98852,0.98856,0.98844,0.98854,22
2012-03-21 09:04:00,0.98836,0.98854,0.98836,0.98854,13
2012-03-21 09:05:00,0.9883,0.98834,0.9883,0.98834,4
2012-03-21 09:06:00,0.98864,0.98864,0.98832,0.98832,40
2012-03-21 09:07:00,0.98854,0.98864,0.98852,0.98862,14
2012-03-21 09:08:00,0.9885,0.98852,0.98848,0.98852,4
2012-03-21 09:09:00,0.98868,0.9887,0.98848,0.98848,16
2012-03-21 09:10:00,0.98876,0.9888,0.98862,0.9887,35
2012-03-21 09:11:00,0.98872,0.98878,0.9887,0.98878,12
2012-03-21 09:12:00,0.9888,0.98884,0.9887,0.98874,21
2012-03-21 09:13:00,0.98886,0.98888,0.98882,0.98882,17
2012-03-21 09:14:00,0.98892,0.98898,0.98888,0.98888,14
2012-03-21 09:15:00,0.98872,0.9889,0.98872,0.9889,14
2012-03-21 09:16:00,0.98866,0.9887,0.98862,0.9887,6
2012-03-21 09:17:00,0.98874,0.98874,0.98862,0.98864,13
2012-03-21 09:18:00,0.98862,0.98872,0.98862,0.98872,5
2012-03-21 09:19:00,0.9888,0.98884,0.9886,0.9886,21
2012-03-21 09:20:00,0.98872,0.98878,0.98872,0.98878,3
2012-03-21 09:21:00,0.98868,0.9887,0.98852,0.9887,15
2012-03-21 09:22:00,0.98882,0.98898,0.9887,0.9887,25
2012-03-21 09:23:00,0.98894,0.98898,0.98884,0.98884,9
2012-03-21 09:24:00,0.98902,0.98902,0.98892,0.98892,6
2012-03-21 09:25:00,0.98908,0.9891,0.98906,0.98906,8
2012-03-21 09:26:00,0.9891,0.9892,0.9891,0.9891,20
2012-03-21 09:27:00,0.98896,0.98918,0.98894,0.98906,31
2012-03-21 09:28:00,0.98898,0.98908,0.98894,0.98898,15
2012-03-21 09:29:00,0.98898,0.98902,0.98898,0.989,4
2012-03-21 09:30:00,0.9892,0.9893,0.989,0.989,25
2012-03-21 09:31:00,0.9893,0.9893,0.98916,0.98922,20
2012-03-21 09:32:00,0.9894,0.9894,0.9893,0.98932,8
2012-03-21 09:33:00,0.98944,0.98944,0.98938,0.98942,12
2012-03-21 09:34:00,0.98922,0.98942,0.98922,0.98942,12
2012-03-21 09:35:00,0.98892,0.98926,0.98888,0.98924,32
2012-03-21 09:36:00,0.98912,0.98912,0.98894,0.98894,15
2012-03-21 09:37:00,0.98898,0.9891,0.98882,0.9891,36
2012-03-21 09:38:00,0.98898,0.98902,0.9889,0.98896,24
2012-03-21 09:39:00,0.98898,0.989,0.98898,0.989,4
2012-03-21 09:40:00,0.98888,0.98896,0.98882,0.98896,10
2012-03-21 09:41:00,0.9888,0.98886,0.9888,0.98886,4
2012-03-21 09:42:00,0.98888,0.9889,0.98882,0.98882,8
2012-03-21 09:43:00,0.98892,0.98898,0.98888,0.9889,13
2012-03-21 09:44:00,0.98908,0.98908,0.98894,0.98894,7
2012-03-21 09:45:00,0.989,0.98906,0.9889,0.98906,15
2012-03-21 09:46:00,0.9888,0.98898,0.98878,0.98898,13
2012-03-21 09:47:00,0.9888,0.98884,0.98878,0.98882,12
2012-03-21 09:48:00,0.98876,0.98884,0.98874,0.98882,9
2012-03-21 09:49:00,0.98874,0.98878,0.98874,0.98874,9
2012-03-21 09:50:00,0.9888,0.9888,0.98876,0.98876,9
2012-03-21 09:51:00,0.9888,0.9888,0.98876,0.98878,4
2012-03-21 09:52:00,0.98874,0.9888,0.98874,0.98878,11
2012-03-21 09:53:00,0.98834,0.98872,0.9883,0.98872,19
2012-03-21 09:54:00,0.9885,0.9885,0.98836,0.98836,10
2012-03-21 09:55:00,0.98858,0.98858,0.9885,0.98852,14
2012-03-21 09:56:00,0.98846,0.98856,0.98838,0.98856,22
2012-03-21 09:57:00,0.98842,0.98848,0.98836,0.98848,19
2012-03-21 09:58:00,0.9887,0.9887,0.98842,0.98844,16
2012-03-21 09:59:00,0.9889,0.9889,0.9886,0.98868,18
2012-03-21 10:00:00,0.98892,0.98892,0.98888,0.98888,7
2012-03-21 10:01:00,0.989,0.98902,0.98884,0.98896,23
2012-03-21 10:02:00,0.98888,0.98902,0.98888,0.98902,16
2012-03-21 10:03:00,0.9889,0.98892,0.98878,0.9889,22
2012-03-21 10:04:00,0.98896,0.989,0.98884,0.98892,20
2012-03-21 10:05:00,0.98908,0.98908,0.98898,0.98898,5
2012-03-21 10:06:00,0.98908,0.98912,0.98908,0.9891,18
2012-03-21 10:07:00,0.98904,0.98906,0.98902,0.98906,4
2012-03-21 10:08:00,0.98894,0.98902,0.98894,0.98902,4
2012-03-21 10:09:00,0.9892,0.9892,0.9889,0.98892,15
2012-03-21 10:10:00,0.98944,0.98944,0.98922,0.98922,10
2012-03-21 10:11:00,0.98934,0.98958,0.98934,0.98946,19
2012-03-21 10:12:00,0.98922,0.9893,0.98922,0.9893,5
2012-03-21 10:13:00,0.98912,0.98918,0.98912,0.98918,4
2012-03-21 10:14:00,0.98912,0.9892,0.9891,0.98914,16
2012-03-21 10:15:00,0.98928,0.9893,0.98914,0.98914,9
2012-03-21 10:16:00,0.9892,0.98926,0.98912,0.98926,21
2012-03-21 10:17:00,0.98904,0.98918,0.98904,0.98918,9
2012-03-21 10:18:00,0.9891,0.9891,0.98902,0.98906,7
2012-03-21 10:19:00,0.9891,0.98912,0.9891,0.98912,2
2012-03-21 10:20:00,0.9891,0.98912,0.98894,0.98912,18
2012-03-21 10:21:00,0.9891,0.9891,0.98908,0.98908,2
2012-03-21 10:22:00,0.98902,0.98908,0.98902,0.98908,4
2012-03-21 10:23:00,0.9891,0.9891,0.989,0.989,10
2012-03-21 10:24:00,0.9891,0.98912,0.98902,0.98908,12
2012-03-21 10:25:00,0.98914,0.98914,0.98912,0.98912,2
2012-03-21 10:26:00,0.98912,0.9893,0.98912,0.98918,16
2012-03-21 10:27:00,0.98902,0.9891,0.989,0.9891,12
2012-03-21 10:28:00,0.98906,0.9891,0.98904,0.98904,6
2012-03-21 10:29:00,0.98908,0.98908,0.98902,0.98904,9
2012-03-21 10:30:00,0.98912,0.98928,0.9891,0.9891,17
2012-03-21 10:31:00,0.98906,0.9891,0.98906,0.9891,2
2012-03-21 10:32:00,0.9893,0.9893,0.98908,0.98908,14
2012-03-21 10:33:00,0.9893,0.9893,0.98922,0.98928,8
2012-03-21 10:34:00,0.98918,0.98928,0.98918,0.98928,5
2012-03-21 10:35:00,0.9893,0.9893,0.9891,0.98916,19
2012-03-21 10:36:00,0.9893,0.9893,0.98922,0.98928,8
2012-03-21 10:37:00,0.9894,0.9894,0.98922,0.98928,12
2012-03-21 10:38:00,0.9895,0.9895,0.98938,0.98938,6
2012-03-21 10:39:00,0.98942,0.98948,0.9893,0.98948,15
2012-03-21 10:40:00,0.98942,0.98942,0.9893,0.9894,10
2012-03-21 10:41:00,0.9897,0.9897,0.98944,0.98944,14
2012-03-21 10:42:00,0.9895,0.98978,0.9895,0.98974,17
2012-03-21 10:43:00,0.98962,0.98964,0.98952,0.98952,7
2012-03-21 10:44:00,0.98958,0.98968,0.98958,0.98964,8
2012-03-21 10:45:00,0.9896,0.98964,0.98948,0.98956,15
2012-03-21 10:46:00,0.98958,0.98964,0.98958,0.98962,9
2012-03-21 10:47:00,0.98974,0.98974,0.9896,0.9896,9
2012-03-21 10:48:00,0.9898,0.98986,0.98976,0.98976,16
2012-03-21 10:49:00,0.9898,0.98998,0.98978,0.98982,24
2012-03-21 10:50:00,0.9898,0.98988,0.98972,0.98978,16
2012-03-21 10:51:00,0.98958,0.98978,0.98958,0.98978,13
2012-03-21 10:52:00,0.98958,0.98962,0.9895,0.98956,16
2012-03-21 10:53:00,0.9897,0.98976,0.9896,0.9896,17
2012-03-21 10:54:00,0.9896,0.9897,0.98958,0.98968,8
2012-03-21 10:55:00,0.98948,0.98964,0.98948,0.98962,17
2012-03-21 10:56:00,0.9894,0.98946,0.9894,0.98946,3
2012-03-21 10:57:00,0.98952,0.98962,0.98928,0.98942,41
2012-03-21 10:58:00,0.98958,0.98962,0.9895,0.9895,10
2012-03-21 10:59:00,0.98954,0.9896,0.98952,0.9896,9
2012-03-21 11:00:00,0.98948,0.98964,0.98948,0.98956,13
2012-03-21 11:01:00,0.98958,0.98958,0.9895,0.9895,5
2012-03-21 11:02:00,0.9895,0.98956,0.98948,0.98956,6
2012-03-21 11:03:00,0.98922,0.98948,0.98922,0.98948,16
2012-03-21 11:04:00,0.98922,0.98924,0.98916,0.98924,11
2012-03-21 11:05:00,0.9892,0.9892,0.98916,0.9892,5
2012-03-21 11:06:00,0.98924,0.98924,0.98922,0.98922,2
2012-03-21 11:07:00,0.98954,0.98954,0.98928,0.98928,16
2012-03-21 11:08:00,0.98954,0.98962,0.98946,0.98956,14
2012-03-21 11:09:00,0.98944,0.98952,0.98944,0.98952,5
2012-03-21 11:10:00,0.9894,0.9894,0.9894,0.9894,1
2012-03-21 11:11:00,0.98956,0.98956,0.98942,0.98942,11
2012-03-21 11:12:00,0.98954,0.98958,0.98952,0.98958,7
2012-03-21 11:13:00,0.98978,0.98978,0.98956,0.98956,14
2012-03-21 11:14:00,0.9898,0.98984,0.9898,0.9898,4
2012-03-21 11:15:00,0.98964,0.98978,0.9896,0.98978,10
2012-03-21 11:16:00,0.9896,0.98962,0.98958,0.98962,4
2012-03-21 11:17:00,0.98976,0.98976,0.98962,0.98962,9
2012-03-21 11:18:00,0.98976,0.98976,0.98974,0.98974,2
2012-03-21 11:19:00,0.98976,0.98976,0.98966,0.98974,14
2012-03-21 11:20:00,0.9897,0.98974,0.98962,0.98974,12
2012-03-21 11:21:00,0.98974,0.98974,0.98974,0.98974,1
2012-03-21 11:22:00,0.9897,0.98972,0.98968,0.98972,4
2012-03-21 11:23:00,0.98958,0.98968,0.98948,0.98968,16
2012-03-21 11:24:00,0.98966,0.98966,0.98956,0.98956,5
2012-03-21 11:25:00,0.98992,0.98992,0.98968,0.98968,23
2012-03-21 11:26:00,0.99008,0.99012,0.98984,0.9899,28
2012-03-21 11:27:00,0.9901,0.99012,0.99006,0.9901,7
2012-03-21 11:28:00,0.99022,0.99032,0.9901,0.99012,24
2012-03-21 11:29:00,0.99026,0.99028,0.99022,0.99024,8
2012-03-21 11:30:00,0.9905,0.99052,0.99028,0.99028,24
2012-03-21 11:31:00,0.9903,0.99048,0.9903,0.99048,12
2012-03-21 11:32:00,0.99018,0.99028,0.99018,0.99028,5
2012-03-21 11:33:00,0.99032,0.99032,0.9901,0.99016,26
2012-03-21 11:34:00,0.99022,0.9903,0.99022,0.9903,7
2012-03-21 11:35:00,0.99006,0.99018,0.99,0.99018,14
2012-03-21 11:36:00,0.98996,0.99008,0.98992,0.99008,18
2012-03-21 11:37:00,0.98968,0.99,0.98968,0.98998,20
2012-03-21 11:38:00,0.9898,0.98984,0.9897,0.9897,15
2012-03-21 11:39:00,0.99,0.99006,0.98978,0.98978,23
2012-03-21 11:40:00,0.98998,0.98998,0.98998,0.98998,1
2012-03-21 11:41:00,0.99004,0.99008,0.99,0.99,10
2012-03-21 11:42:00,0.98996,0.99002,0.98996,0.99002,3
2012-03-21 11:43:00,0.98968,0.98998,0.9896,0.98998,30
2012-03-21 11:44:00,0.9896,0.98976,0.98956,0.9897,21
2012-03-21 11:45:00,0.9896,0.98964,0.9896,0.98962,6
2012-03-21 11:46:00,0.9896,0.98964,0.9896,0.98962,4
2012-03-21 11:47:00,0.9896,0.98964,0.98956,0.98962,8
2012-03-21 11:48:00,0.98958,0.98964,0.98958,0.98962,5
2012-03-21 11:49:00,0.98952,0.98956,0.98948,0.98956,10
2012-03-21 11:50:00,0.9895,0.98964,0.9895,0.98954,13
2012-03-21 11:51:00,0.98948,0.9895,0.98948,0.98948,3
2012-03-21 11:52:00,0.9895,0.98952,0.98938,0.98946,15
2012-03-21 11:53:00,0.98954,0.98954,0.98952,0.98952,2
2012-03-21 11:54:00,0.9894,0.98958,0.9894,0.98956,12
2012-03-21 11:55:00,0.98952,0.98952,0.98942,0.98942,5
2012-03-21 11:56:00,0.98938,0.9895,0.98938,0.9895,6
2012-03-21 11:57:00,0.98938,0.98942,0.98938,0.9894,12
2012-03-21 11:58:00,0.98934,0.98944,0.98934,0.9894,8
2012-03-21 11:59:00,0.9896,0.98962,0.98936,0.98936,15
2012-03-21 12:00:00,0.9896,0.98964,0.98938,0.98958,34
2012-03-21 12:01:00,0.98974,0.98984,0.98962,0.98962,32
2012-03-21 12:02:00,0.98962,0.98972,0.98962,0.98972,13
2012-03-21 12:03:00,0.98978,0.9898,0.98956,0.98964,33
2012-03-21 12:04:00,0.9898,0.98988,0.98972,0.98976,20
2012-03-21 12:05:00,0.9896,0.9898,0.9896,0.98978,10
2012-03-21 12:06:00,0.98966,0.98966,0.98956,0.98958,9
2012-03-21 12:07:00,0.98956,0.98968,0.98956,0.98968,9
2012-03-21 12:08:00,0.98976,0.98978,0.98946,0.98952,19
2012-03-21 12:09:00,0.99016,0.9902,0.98978,0.98978,30
2012-03-21 12:10:00,0.9901,0.99022,0.99002,0.99014,47
2012-03-21 12:11:00,0.9899,0.99006,0.9899,0.99006,10
2012-03-21 12:12:00,0.98982,0.98988,0.98978,0.98988,13
2012-03-21 12:13:00,0.98974,0.9898,0.98968,0.9898,23
2012-03-21 12:14:00,0.98996,0.98996,0.98976,0.98976,9
2012-03-21 12:15:00,0.98996,0.98996,0.9899,0.98994,6
2012-03-21 12:16:00,0.98978,0.98994,0.98978,0.98994,21
2012-03-21 12:17:00,0.9899,0.9899,0.98972,0.98974,10
2012-03-21 12:18:00,0.99018,0.99018,0.98988,0.98988,13
2012-03-21 12:19:00,0.9903,0.99032,0.99018,0.9902,17
2012-03-21 12:20:00,0.99048,0.99052,0.99028,0.99032,27
2012-03-21 12:21:00,0.99058,0.99058,0.99038,0.9905,27
2012-03-21 12:22:00,0.99054,0.99058,0.9905,0.99056,12
2012-03-21 12:23:00,0.99032,0.99052,0.99024,0.99052,27
2012-03-21 12:24:00,0.9904,0.99052,0.9903,0.9903,19
2012-03-21 12:25:00,0.99,0.9904,0.99,0.99038,23
2012-03-21 12:26:00,0.99032,0.99032,0.99002,0.99002,32
2012-03-21 12:27:00,0.9905,0.99058,0.9903,0.9903,36
2012-03-21 12:28:00,0.9905,0.99054,0.99046,0.99052,18
2012-03-21 12:29:00,0.99038,0.99064,0.99038,0.99048,50
2012-03-21 12:30:00,0.99058,0.99058,0.99034,0.99036,39
2012-03-21 12:31:00,0.99086,0.99086,0.99038,0.99056,47
2012-03-21 12:32:00,0.99086,0.99102,0.99084,0.99088,32
2012-03-21 12:33:00,0.99096,0.99096,0.99082,0.99084,14
2012-03-21 12:34:00,0.99074,0.99098,0.99074,0.99094,21
2012-03-21 12:35:00,0.9906,0.99076,0.99052,0.99076,26
2012-03-21 12:36:00,0.99046,0.99058,0.99046,0.99058,20
2012-03-21 12:37:00,0.9904,0.99044,0.99022,0.99044,24
2012-03-21 12:38:00,0.99046,0.99058,0.99038,0.99038,32
2012-03-21 12:39:00,0.99026,0.99044,0.99026,0.99044,18
2012-03-21 12:40:00,0.99026,0.99046,0.99016,0.99024,40
2012-03-21 12:41:00,0.99042,0.99064,0.99026,0.99028,39
2012-03-21 12:42:00,0.99068,0.99068,0.99038,0.9904,43
2012-03-21 12:43:00,0.9904,0.99066,0.9904,0.99066,12
2012-03-21 12:44:00,0.9904,0.9905,0.99028,0.99038,26
2012-03-21 12:45:00,0.9904,0.99058,0.99038,0.99042,36
2012-03-21 12:46:00,0.99068,0.99072,0.99042,0.99042,27
2012-03-21 12:47:00,0.9905,0.99066,0.99048,0.99066,23
2012-03-21 12:48:00,0.99044,0.99062,0.99044,0.99052,13
2012-03-21 12:49:00,0.99038,0.99058,0.99038,0.99046,18
2012-03-21 12:50:00,0.99058,0.99068,0.9904,0.9904,31
2012-03-21 12:51:00,0.99048,0.99058,0.99048,0.99056,15
2012-03-21 12:52:00,0.9905,0.99052,0.99044,0.9905,15
2012-03-21 12:53:00,0.9904,0.99054,0.9903,0.99052,22
2012-03-21 12:54:00,0.9903,0.99046,0.9903,0.99042,10
2012-03-21 12:55:00,0.99038,0.99046,0.99032,0.99032,23
2012-03-21 12:56:00,0.99038,0.99042,0.99038,0.9904,4
2012-03-21 12:57:00,0.99038,0.99046,0.9903,0.9904,30
2012-03-21 12:58:00,0.99028,0.99036,0.99028,0.99036,4
2012-03-21 12:59:00,0.9903,0.9903,0.99018,0.99026,11
2012-03-21 13:00:00,0.99032,0.99044,0.99016,0.99032,45
2012-03-21 13:01:00,0.99014,0.9904,0.99012,0.9903,28
2012-03-21 13:02:00,0.99014,0.9902,0.99006,0.99016,23
2012-03-21 13:03:00,0.99016,0.99016,0.98988,0.9901,33
2012-03-21 13:04:00,0.99022,0.99028,0.99018,0.99018,10
2012-03-21 13:05:00,0.98988,0.99022,0.98988,0.9902,26
2012-03-21 13:06:00,0.98996,0.98996,0.98988,0.9899,13
2012-03-21 13:07:00,0.99,0.99,0.9899,0.98994,9
2012-03-21 13:08:00,0.98999,0.99002,0.98999,0.99002,7
2012-03-21 13:09:00,0.99,0.99006,0.98998,0.99001,10
2012-03-21 13:10:00,0.9899,0.98998,0.98986,0.98998,8
2012-03-21 13:11:00,0.98989,0.98989,0.98983,0.98988,6
2012-03-21 13:12:00,0.98983,0.98996,0.98983,0.98991,9
2012-03-21 13:13:00,0.98991,0.98991,0.98985,0.98985,4
2012-03-21 13:14:00,0.99008,0.99021,0.98994,0.98994,20
2012-03-21 13:15:00,0.99002,0.99009,0.98998,0.99005,16
2012-03-21 13:16:00,0.98989,0.99,0.98981,0.99,25
2012-03-21 13:17:00,0.98991,0.99004,0.98976,0.98991,29
2012-03-21 13:18:00,0.99002,0.99004,0.98993,0.98994,14
2012-03-21 13:19:00,0.9901,0.99018,0.99004,0.99004,11
2012-03-21 13:20:00,0.99009,0.99009,0.99003,0.99008,6
2012-03-21 13:21:00,0.99018,0.99018,0.99007,0.99007,6
2012-03-21 13:22:00,0.99026,0.99033,0.9902,0.99021,29
2012-03-21 13:23:00,0.99022,0.99028,0.99017,0.99028,18
2012-03-21 13:24:00,0.99021,0.99021,0.99012,0.9902,16
2012-03-21 13:25:00,0.99017,0.9903,0.99017,0.99023,12
2012-03-21 13:26:00,0.99012,0.99019,0.99012,0.99019,4
2012-03-21 13:27:00,0.99023,0.99023,0.9901,0.9901,15
2012-03-21 13:28:00,0.99035,0.99035,0.99012,0.99021,31
2012-03-21 13:29:00,0.9904,0.9904,0.99031,0.99033,12
2012-03-21 13:30:00,0.99042,0.9906,0.9901,0.99043,62
2012-03-21 13:31:00,0.99022,0.99039,0.99015,0.99039,40
2012-03-21 13:32:00,0.99038,0.99052,0.99024,0.99024,31
2012-03-21 13:33:00,0.9905,0.99057,0.99037,0.9904,25
2012-03-21 13:34:00,0.99065,0.99065,0.99047,0.99052,24
2012-03-21 13:35:00,0.9908,0.99087,0.99059,0.99063,32
2012-03-21 13:36:00,0.99054,0.9908,0.99054,0.99078,21
2012-03-21 13:37:00,0.99037,0.99067,0.99037,0.99056,29
2012-03-21 13:38:00,0.99038,0.99043,0.99029,0.99039,15
2012-03-21 13:39:00,0.99019,0.99036,0.99015,0.99036,28
2012-03-21 13:40:00,0.99052,0.99052,0.99015,0.99021,50
2012-03-21 13:41:00,0.99041,0.9905,0.99039,0.9905,13
2012-03-21 13:42:00,0.99043,0.99052,0.99037,0.99043,31
2012-03-21 13:43:00,0.99043,0.99043,0.99037,0.99041,10
2012-03-21 13:44:00,0.99043,0.99052,0.99041,0.99045,10
2012-03-21 13:45:00,0.99058,0.99062,0.99045,0.99045,24
2012-03-21 13:46:00,0.9906,0.99062,0.99049,0.99056,19
2012-03-21 13:47:00,0.99051,0.99065,0.99049,0.99062,22
2012-03-21 13:48:00,0.99059,0.99065,0.99049,0.99049,17
2012-03-21 13:49:00,0.99052,0.99056,0.99042,0.99056,14
2012-03-21 13:50:00,0.99079,0.99079,0.99054,0.99055,21
2012-03-21 13:51:00,0.99093,0.99104,0.99073,0.99077,29
2012-03-21 13:52:00,0.99109,0.99109,0.99095,0.99095,15
2012-03-21 13:53:00,0.99152,0.99152,0.99111,0.99111,44
2012-03-21 13:54:00,0.99166,0.9917,0.99154,0.99155,33
2012-03-21 13:55:00,0.99158,0.9917,0.99156,0.99168,11
2012-03-21 13:56:00,0.99139,0.99156,0.99139,0.99156,18
2012-03-21 13:57:00,0.99136,0.99143,0.99134,0.99137,13
2012-03-21 13:58:00,0.99152,0.99152,0.99137,0.99138,23
2012-03-21 13:59:00,0.99168,0.99174,0.99155,0.99155,47
2012-03-21 14:00:00,0.99199,0.99201,0.99164,0.9917,60
2012-03-21 14:01:00,0.99243,0.99243,0.99197,0.99197,50
2012-03-21 14:02:00,0.99233,0.99251,0.99215,0.99245,78
2012-03-21 14:03:00,0.99224,0.99238,0.99217,0.99235,40
2012-03-21 14:04:00,0.99226,0.9924,0.9922,0.99226,53
2012-03-21 14:05:00,0.9927,0.99274,0.99228,0.99228,32
2012-03-21 14:06:00,0.99251,0.99282,0.99249,0.99272,64
2012-03-21 14:07:00,0.9925,0.99257,0.99239,0.99249,36
2012-03-21 14:08:00,0.99241,0.99248,0.99237,0.99248,16
2012-03-21 14:09:00,0.9927,0.99272,0.99243,0.99243,32
2012-03-21 14:10:00,0.99264,0.99284,0.99264,0.99268,47
2012-03-21 14:11:00,0.99249,0.99267,0.99247,0.99266,54
2012-03-21 14:12:00,0.99211,0.99251,0.99205,0.99251,45
2012-03-21 14:13:00,0.99196,0.99216,0.99188,0.99209,28
2012-03-21 14:14:00,0.99188,0.99204,0.99188,0.99194,26
2012-03-21 14:15:00,0.99144,0.99194,0.99129,0.9919,62
2012-03-21 14:16:00,0.99126,0.99165,0.9912,0.99142,59
2012-03-21 14:17:00,0.99135,0.99138,0.99127,0.99128,32
2012-03-21 14:18:00,0.9916,0.9916,0.99137,0.99138,24
2012-03-21 14:19:00,0.99174,0.99176,0.9916,0.99162,29
2012-03-21 14:20:00,0.99168,0.99174,0.99166,0.99172,10
2012-03-21 14:21:00,0.99174,0.99174,0.99166,0.99166,10
2012-03-21 14:22:00,0.9916,0.99172,0.99156,0.99172,19
2012-03-21 14:23:00,0.9914,0.9916,0.99132,0.99156,33
2012-03-21 14:24:00,0.99148,0.99158,0.99138,0.99138,14
2012-03-21 14:25:00,0.9918,0.9918,0.9915,0.9915,17
2012-03-21 14:26:00,0.99194,0.99194,0.99168,0.99182,25
2012-03-21 14:27:00,0.99192,0.99202,0.99178,0.99196,28
2012-03-21 14:28:00,0.99172,0.9919,0.9917,0.9919,21
2012-03-21 14:29:00,0.99134,0.9917,0.99132,0.9917,33
2012-03-21 14:30:00,0.99158,0.9916,0.9912,0.99132,44
2012-03-21 14:31:00,0.99144,0.9916,0.99144,0.9916,7
2012-03-21 14:32:00,0.99138,0.99146,0.99138,0.99142,20
2012-03-21 14:33:00,0.99136,0.99158,0.99136,0.9914,19
2012-03-21 14:34:00,0.99158,0.99158,0.99132,0.99132,20
2012-03-21 14:35:00,0.99156,0.99166,0.99156,0.9916,9
2012-03-21 14:36:00,0.9916,0.9916,0.99148,0.99152,16
2012-03-21 14:37:00,0.99152,0.9917,0.99152,0.99164,13
2012-03-21 14:38:00,0.9915,0.99158,0.99148,0.99156,19
2012-03-21 14:39:00,0.99118,0.9915,0.99118,0.99148,15
2012-03-21 14:40:00,0.99132,0.99146,0.99122,0.99122,29
2012-03-21 14:41:00,0.99158,0.99158,0.99128,0.9913,23
2012-03-21 14:42:00,0.99174,0.99174,0.9916,0.9916,6
2012-03-21 14:43:00,0.9918,0.99184,0.99178,0.99178,10
2012-03-21 14:44:00,0.99184,0.99192,0.99184,0.99184,13
2012-03-21 14:45:00,0.99192,0.99192,0.99172,0.99182,17
2012-03-21 14:46:00,0.99214,0.99214,0.99192,0.99194,12
2012-03-21 14:47:00,0.99212,0.99214,0.99204,0.99212,9
2012-03-21 14:48:00,0.99232,0.99238,0.9921,0.9921,33
2012-03-21 14:49:00,0.99234,0.99234,0.9922,0.9923,31
2012-03-21 14:50:00,0.99234,0.99248,0.99232,0.99238,18
2012-03-21 14:51:00,0.9923,0.9924,0.9923,0.99238,22
2012-03-21 14:52:00,0.99234,0.9924,0.99232,0.99232,12
2012-03-21 14:53:00,0.99244,0.99246,0.99216,0.99238,29
2012-03-21 14:54:00,0.99278,0.99282,0.99246,0.99246,38
2012-03-21 14:55:00,0.99302,0.99328,0.99266,0.9928,49
2012-03-21 14:56:00,0.99292,0.99334,0.99286,0.993,41
2012-03-21 14:57:00,0.99292,0.99294,0.99284,0.99294,14
2012-03-21 14:58:00,0.9932,0.99322,0.99294,0.99294,26
2012-03-21 14:59:00,0.99332,0.99332,0.99308,0.99318,40
2012-03-21 15:00:00,0.99322,0.99354,0.99312,0.99334,35
2012-03-21 15:01:00,0.99322,0.99326,0.9931,0.99326,24
2012-03-21 15:02:00,0.99338,0.99344,0.99318,0.99318,26
2012-03-21 15:03:00,0.9933,0.99338,0.99328,0.99336,13
2012-03-21 15:04:00,0.99316,0.9934,0.99316,0.99328,19
2012-03-21 15:05:00,0.9931,0.99326,0.9931,0.99318,20
2012-03-21 15:06:00,0.9929,0.99308,0.99288,0.99308,13
2012-03-21 15:07:00,0.99302,0.99302,0.99284,0.99288,12
2012-03-21 15:08:00,0.9927,0.9931,0.9927,0.99298,23
2012-03-21 15:09:00,0.99298,0.99298,0.99272,0.99272,10
2012-03-21 15:10:00,0.99296,0.99312,0.99296,0.99302,13
2012-03-21 15:11:00,0.9927,0.99294,0.99256,0.99294,23
2012-03-21 15:12:00,0.99256,0.99278,0.99254,0.99272,17
2012-03-21 15:13:00,0.99252,0.99262,0.99248,0.99254,29
2012-03-21 15:14:00,0.99276,0.99276,0.9925,0.9925,18
2012-03-21 15:15:00,0.99298,0.9931,0.99278,0.99278,30
2012-03-21 15:16:00,0.9929,0.99312,0.9929,0.99302,23
2012-03-21 15:17:00,0.9929,0.99298,0.99274,0.99288,22
2012-03-21 15:18:00,0.99256,0.9929,0.99256,0.99288,24
2012-03-21 15:19:00,0.99254,0.99258,0.99248,0.99254,11
2012-03-21 15:20:00,0.99238,0.99252,0.99234,0.9925,37
2012-03-21 15:21:00,0.99254,0.99256,0.99236,0.99242,37
2012-03-21 15:22:00,0.99248,0.99258,0.99242,0.99256,12
2012-03-21 15:23:00,0.9926,0.99268,0.9925,0.9925,16
2012-03-21 15:24:00,0.99276,0.99284,0.99262,0.99262,18
2012-03-21 15:25:00,0.99284,0.99284,0.99278,0.99278,3
2012-03-21 15:26:00,0.9929,0.9929,0.99268,0.99282,20
2012-03-21 15:27:00,0.99282,0.9929,0.9927,0.99288,13
2012-03-21 15:28:00,0.9925,0.99278,0.9925,0.99278,19
2012-03-21 15:29:00,0.9925,0.99264,0.99244,0.99248,24
2012-03-21 15:30:00,0.99234,0.99252,0.99228,0.99252,22
2012-03-21 15:31:00,0.99226,0.9923,0.99226,0.9923,7
2012-03-21 15:32:00,0.99234,0.99234,0.99214,0.99222,13
2012-03-21 15:33:00,0.99238,0.99242,0.99236,0.99236,14
2012-03-21 15:34:00,0.99228,0.99242,0.99206,0.99236,52
2012-03-21 15:35:00,0.99202,0.9923,0.992,0.99226,33
2012-03-21 15:36:00,0.99174,0.99204,0.99174,0.992,32
2012-03-21 15:37:00,0.99166,0.99172,0.99162,0.99172,13
2012-03-21 15:38:00,0.99162,0.99166,0.99156,0.99162,11
2012-03-21 15:39:00,0.99174,0.99174,0.99166,0.99166,12
2012-03-21 15:40:00,0.99204,0.99204,0.99176,0.99176,37
2012-03-21 15:41:00,0.99214,0.99214,0.992,0.99202,13
2012-03-21 15:42:00,0.99208,0.9921,0.992,0.9921,12
2012-03-21 15:43:00,0.99206,0.99208,0.99202,0.99206,7
2012-03-21 15:44:00,0.99234,0.99238,0.99208,0.99208,22
2012-03-21 15:45:00,0.99244,0.99244,0.99226,0.99236,32
2012-03-21 15:46:00,0.99248,0.99256,0.99236,0.99248,15
2012-03-21 15:47:00,0.99238,0.99256,0.99236,0.99244,19
2012-03-21 15:48:00,0.9925,0.9925,0.99236,0.99236,14
2012-03-21 15:49:00,0.99256,0.99256,0.99248,0.99252,6
2012-03-21 15:50:00,0.99282,0.99284,0.99258,0.99258,11
2012-03-21 15:51:00,0.99276,0.99292,0.99276,0.99284,26
2012-03-21 15:52:00,0.99276,0.99282,0.9927,0.99278,8
2012-03-21 15:53:00,0.99256,0.99274,0.99256,0.99274,11
2012-03-21 15:54:00,0.99264,0.9927,0.99258,0.99258,15
2012-03-21 15:55:00,0.99272,0.99272,0.99268,0.99268,5
2012-03-21 15:56:00,0.9931,0.99312,0.99276,0.99276,19
2012-03-21 15:57:00,0.99274,0.99308,0.9927,0.99308,23
2012-03-21 15:58:00,0.99292,0.99292,0.9927,0.99276,27
2012-03-21 15:59:00,0.99294,0.99322,0.9929,0.99296,73
2012-03-21 16:00:00,0.9926,0.9932,0.9926,0.99296,85
2012-03-21 16:01:00,0.99254,0.99266,0.9925,0.99258,26
2012-03-21 16:02:00,0.99262,0.99262,0.9925,0.99258,25
2012-03-21 16:03:00,0.99268,0.99268,0.9925,0.9926,16
2012-03-21 16:04:00,0.99278,0.99286,0.99272,0.99272,11
2012-03-21 16:05:00,0.99284,0.993,0.99274,0.9928,30
2012-03-21 16:06:00,0.99274,0.99286,0.99274,0.99286,11
2012-03-21 16:07:00,0.9927,0.99272,0.99264,0.99272,8
2012-03-21 16:08:00,0.9925,0.99266,0.9925,0.99266,25
2012-03-21 16:09:00,0.9924,0.99248,0.99238,0.99246,9
2012-03-21 16:10:00,0.99238,0.99248,0.99226,0.99238,19
2012-03-21 16:11:00,0.99218,0.99234,0.99218,0.99234,13
2012-03-21 16:12:00,0.99194,0.99218,0.99192,0.99216,14
2012-03-21 16:13:00,0.99198,0.99204,0.99198,0.99198,9
2012-03-21 16:14:00,0.99204,0.99206,0.992,0.992,4
2012-03-21 16:15:00,0.99226,0.99226,0.99206,0.99206,10
2012-03-21 16:16:00,0.99234,0.99234,0.99224,0.99224,5
2012-03-21 16:17:00,0.99246,0.99252,0.99232,0.99232,10
2012-03-21 16:18:00,0.99246,0.99254,0.99246,0.99248,10
2012-03-21 16:19:00,0.99238,0.99244,0.9923,0.99244,11
2012-03-21 16:20:00,0.99206,0.99234,0.99206,0.99234,17
2012-03-21 16:21:00,0.99212,0.99214,0.99206,0.9921,12
2012-03-21 16:22:00,0.9922,0.9922,0.99212,0.99214,7
2012-03-21 16:23:00,0.99226,0.99234,0.99224,0.99224,8
2012-03-21 16:24:00,0.99232,0.99232,0.99228,0.99228,6
2012-03-21 16:25:00,0.99234,0.99234,0.9923,0.9923,5
2012-03-21 16:26:00,0.9924,0.99244,0.99238,0.99238,4
2012-03-21 16:27:00,0.99238,0.99238,0.99234,0.99238,3
2012-03-21 16:28:00,0.9925,0.99258,0.9924,0.9924,16
2012-03-21 16:29:00,0.99254,0.99258,0.9925,0.99252,8
2012-03-21 16:30:00,0.99254,0.99254,0.9925,0.99252,6
2012-03-21 16:32:00,0.99246,0.99252,0.99246,0.99252,3
2012-03-21 16:33:00,0.99246,0.99254,0.99246,0.99248,6
2012-03-21 16:34:00,0.99254,0.99254,0.99248,0.99248,3
2012-03-21 16:35:00,0.9927,0.99274,0.99258,0.99258,29
2012-03-21 16:36:00,0.99266,0.99272,0.99264,0.99272,5
2012-03-21 16:37:00,0.9925,0.99264,0.9925,0.99264,10
2012-03-21 16:38:00,0.99258,0.99258,0.99252,0.99252,3
2012-03-21 16:40:00,0.99234,0.99266,0.99234,0.9926,18
2012-03-21 16:41:00,0.9926,0.9926,0.99238,0.99238,15
2012-03-21 16:42:00,0.99262,0.99262,0.99262,0.99262,1
2012-03-21 16:45:00,0.99278,0.9928,0.99266,0.99266,7
2012-03-21 16:46:00,0.99278,0.9928,0.99278,0.9928,4
2012-03-21 16:47:00,0.9928,0.9928,0.9928,0.9928,1
2012-03-21 16:48:00,0.99262,0.99278,0.99258,0.99278,12
2012-03-21 16:49:00,0.9926,0.9926,0.9926,0.9926,1
2012-03-21 16:50:00,0.99254,0.99258,0.9925,0.99258,8
2012-03-21 16:51:00,0.99258,0.99258,0.99254,0.99258,5
2012-03-21 16:52:00,0.9926,0.9926,0.9926,0.9926,1
2012-03-21 16:53:00,0.9926,0.99262,0.9926,0.99262,2
2012-03-21 16:54:00,0.99258,0.99262,0.99258,0.99262,5
2012-03-21 16:55:00,0.99264,0.99266,0.9926,0.9926,6
2012-03-21 16:56:00,0.99272,0.99274,0.99266,0.99266,7
2012-03-21 16:57:00,0.99272,0.99272,0.99266,0.9927,4
2012-03-21 16:58:00,0.9927,0.99272,0.9927,0.9927,5
2012-03-21 16:59:00,0.9927,0.99274,0.99266,0.99266,16
2012-03-21 17:00:00,0.99274,0.99274,0.99266,0.99266,8
2012-03-21 17:01:00,0.9928,0.9928,0.99278,0.99278,2
2012-03-21 17:02:00,0.99282,0.99282,0.99282,0.99282,1
2012-03-21 17:03:00,0.99292,0.99292,0.9928,0.9928,5
2012-03-21 17:04:00,0.99292,0.99292,0.99288,0.99288,2
2012-03-21 17:05:00,0.99302,0.99306,0.99294,0.99294,10
2012-03-21 17:06:00,0.99302,0.99302,0.993,0.993,2
2012-03-21 17:07:00,0.99272,0.993,0.99272,0.993,25
2012-03-21 17:08:00,0.9927,0.99274,0.99264,0.9927,31
2012-03-21 17:09:00,0.99252,0.99272,0.99248,0.99266,23
2012-03-21 17:10:00,0.99264,0.99264,0.99254,0.99256,14
2012-03-21 17:12:00,0.99264,0.99268,0.99256,0.99262,8
2012-03-21 17:14:00,0.99268,0.99268,0.99268,0.99268,1
2012-03-21 17:15:00,0.99276,0.99276,0.9927,0.9927,7
2012-03-21 17:16:00,0.99274,0.99274,0.99274,0.99274,1
2012-03-21 17:17:00,0.99282,0.99282,0.99274,0.99276,5
2012-03-21 17:18:00,0.99284,0.99284,0.99284,0.99284,1
2012-03-21 17:19:00,0.99274,0.99282,0.99274,0.99282,12
2012-03-21 17:20:00,0.99276,0.99276,0.99276,0.99276,1
2012-03-21 17:22:00,0.99284,0.99284,0.99274,0.99274,5
2012-03-21 17:23:00,0.99282,0.99282,0.99282,0.99282,1
2012-03-21 17:24:00,0.99284,0.99284,0.99276,0.99278,11
2012-03-21 17:25:00,0.99294,0.99296,0.99288,0.99288,5
2012-03-21 17:26:00,0.99294,0.99296,0.9929,0.9929,6
2012-03-21 17:27:00,0.99282,0.99292,0.99276,0.9929,12
2012-03-21 17:28:00,0.99284,0.99288,0.99278,0.99278,11
2012-03-21 17:29:00,0.99296,0.99296,0.99288,0.99288,4
2012-03-21 17:31:00,0.99298,0.99306,0.99298,0.99298,9
2012-03-21 17:32:00,0.99294,0.99302,0.99294,0.99302,4
2012-03-21 17:33:00,0.99296,0.99296,0.9929,0.9929,5
2012-03-21 17:34:00,0.99294,0.99296,0.99294,0.99294,3
2012-03-21 17:35:00,0.99302,0.99302,0.99294,0.99296,5
2012-03-21 17:36:00,0.9931,0.99312,0.99304,0.99304,5
2012-03-21 17:37:00,0.9934,0.99344,0.99312,0.99312,17
2012-03-21 17:38:00,0.99332,0.99344,0.99332,0.99344,5
2012-03-21 17:39:00,0.99332,0.99332,0.99322,0.9933,10
2012-03-21 17:40:00,0.99332,0.99336,0.9933,0.9933,4
2012-03-21 17:41:00,0.9935,0.9935,0.99336,0.99336,8
2012-03-21 17:42:00,0.9935,0.9935,0.99342,0.99348,8
2012-03-21 17:43:00,0.99324,0.99348,0.99324,0.99348,9
2012-03-21 17:44:00,0.99322,0.9933,0.9931,0.99326,19
2012-03-21 17:45:00,0.99324,0.99324,0.99324,0.99324,1
2012-03-21 17:46:00,0.9933,0.9934,0.99326,0.99326,14
2012-03-21 17:47:00,0.99324,0.99336,0.99312,0.99332,16
2012-03-21 17:48:00,0.99332,0.99332,0.99322,0.99326,11
2012-03-21 17:49:00,0.99336,0.99336,0.99328,0.9933,5
2012-03-21 17:50:00,0.99344,0.99344,0.99338,0.99338,3
2012-03-21 17:51:00,0.99328,0.99342,0.99328,0.99342,12
2012-03-21 17:52:00,0.99316,0.99332,0.9931,0.99324,20
2012-03-21 17:54:00,0.99312,0.99312,0.99312,0.99312,1
2012-03-21 17:55:00,0.99318,0.99318,0.99308,0.9931,10
2012-03-21 17:56:00,0.99324,0.99324,0.99322,0.99322,6
2012-03-21 17:58:00,0.9933,0.9933,0.99326,0.99326,4
2012-03-21 17:59:00,0.99316,0.99328,0.99316,0.99328,11
2012-03-21 18:00:00,0.99288,0.99312,0.99288,0.99312,12
2012-03-21 18:01:00,0.99276,0.9929,0.99276,0.9929,12
2012-03-21 18:02:00,0.99274,0.99276,0.99274,0.99274,3
2012-03-21 18:03:00,0.99276,0.99276,0.9927,0.99276,9
2012-03-21 18:04:00,0.99284,0.99288,0.99278,0.99278,5
2012-03-21 18:05:00,0.99274,0.99282,0.99274,0.99282,4
2012-03-21 18:07:00,0.99292,0.99292,0.99276,0.99276,13
2012-03-21 18:08:00,0.99292,0.99292,0.99288,0.9929,4
2012-03-21 18:09:00,0.99304,0.9931,0.99296,0.99296,8
2012-03-21 18:10:00,0.99294,0.99302,0.99294,0.99302,6
2012-03-21 18:11:00,0.99308,0.99312,0.99296,0.99296,9
2012-03-21 18:12:00,0.99284,0.99304,0.99284,0.99304,10
2012-03-21 18:14:00,0.99276,0.99282,0.99274,0.99282,5
2012-03-21 18:15:00,0.99272,0.99274,0.99264,0.99274,11
2012-03-21 18:16:00,0.99272,0.99272,0.9927,0.9927,2
2012-03-21 18:17:00,0.99242,0.9927,0.99242,0.9927,11
2012-03-21 18:18:00,0.9923,0.9924,0.9923,0.9924,8
2012-03-21 18:19:00,0.99234,0.99238,0.9923,0.99234,9
2012-03-21 18:20:00,0.9924,0.99242,0.99236,0.99236,4
2012-03-21 18:21:00,0.99236,0.99236,0.99236,0.99236,1
2012-03-21 18:22:00,0.99236,0.99238,0.99234,0.99234,4
2012-03-21 18:23:00,0.99224,0.99234,0.99222,0.99234,8
2012-03-21 18:24:00,0.99216,0.99222,0.99216,0.99222,3
2012-03-21 18:25:00,0.99222,0.99222,0.99216,0.99218,6
2012-03-21 18:26:00,0.99234,0.99242,0.99224,0.99224,10
2012-03-21 18:27:00,0.99244,0.99248,0.99236,0.99236,8
2012-03-21 18:28:00,0.9925,0.9925,0.99248,0.99248,2
2012-03-21 18:29:00,0.99242,0.99248,0.99242,0.99248,3
2012-03-21 18:30:00,0.9926,0.99262,0.99244,0.99244,8
2012-03-21 18:31:00,0.99262,0.99262,0.99262,0.99262,1
2012-03-21 18:32:00,0.99254,0.9926,0.99254,0.9926,3
2012-03-21 18:33:00,0.99226,0.99256,0.99226,0.99256,14
2012-03-21 18:34:00,0.99228,0.9923,0.99214,0.99222,17
2012-03-21 18:35:00,0.9923,0.99236,0.99228,0.9923,7
2012-03-21 18:36:00,0.99234,0.99234,0.99234,0.99234,1
2012-03-21 18:37:00,0.9923,0.9923,0.9922,0.9923,13
2012-03-21 18:39:00,0.9923,0.9923,0.99226,0.99228,4
2012-03-21 18:40:00,0.99228,0.9923,0.99228,0.99228,3
2012-03-21 18:41:00,0.9922,0.9923,0.9922,0.9923,7
2012-03-21 18:42:00,0.9923,0.9923,0.99214,0.99216,16
2012-03-21 18:43:00,0.99236,0.99236,0.99234,0.99234,8
2012-03-21 18:44:00,0.99236,0.9925,0.99236,0.99238,12
2012-03-21 18:45:00,0.9925,0.9925,0.99236,0.99238,7
2012-03-21 18:46:00,0.99252,0.99252,0.99252,0.99252,1
2012-03-21 18:47:00,0.99262,0.99262,0.99254,0.99256,9
2012-03-21 18:48:00,0.9927,0.9927,0.99264,0.99264,3
2012-03-21 18:49:00,0.9927,0.99284,0.9927,0.99272,20
2012-03-21 18:50:00,0.99268,0.99272,0.99268,0.99272,3
2012-03-21 18:51:00,0.99284,0.99284,0.9927,0.9927,6
2012-03-21 18:52:00,0.99302,0.99306,0.99288,0.99288,14
2012-03-21 18:53:00,0.99288,0.99302,0.99288,0.99298,11
2012-03-21 18:54:00,0.99302,0.99302,0.99284,0.9929,11
2012-03-21 18:55:00,0.9931,0.99318,0.99304,0.99304,11
2012-03-21 18:56:00,0.99298,0.99308,0.99298,0.99308,4
2012-03-21 18:57:00,0.99296,0.99296,0.9929,0.99296,5
2012-03-21 18:58:00,0.99278,0.99294,0.99278,0.99294,16
2012-03-21 18:59:00,0.99248,0.99282,0.99248,0.99282,21
2012-03-21 19:00:00,0.99242,0.9925,0.9924,0.99244,16
2012-03-21 19:01:00,0.99236,0.99242,0.99236,0.9924,8
2012-03-21 19:02:00,0.99234,0.99242,0.99234,0.99238,7
2012-03-21 19:03:00,0.99234,0.99234,0.9923,0.9923,4
2012-03-21 19:04:00,0.99236,0.99236,0.99236,0.99236,1
2012-03-21 19:05:00,0.99234,0.99234,0.99228,0.99234,5
2012-03-21 19:06:00,0.99236,0.99236,0.99228,0.9923,7
2012-03-21 19:07:00,0.99208,0.99234,0.99196,0.99234,22
2012-03-21 19:08:00,0.99216,0.99218,0.9921,0.9921,11
2012-03-21 19:09:00,0.99214,0.99214,0.99214,0.99214,1
2012-03-21 19:11:00,0.99214,0.99216,0.99208,0.99216,12
2012-03-21 19:12:00,0.99214,0.99216,0.99214,0.99216,2
2012-03-21 19:13:00,0.99218,0.99218,0.99216,0.99216,2
2012-03-21 19:15:00,0.9923,0.9923,0.99222,0.99222,4
2012-03-21 19:16:00,0.99238,0.99238,0.9923,0.99234,7
2012-03-21 19:17:00,0.99242,0.99244,0.9924,0.99242,5
2012-03-21 19:18:00,0.99244,0.99252,0.9924,0.9924,15
2012-03-21 19:19:00,0.99236,0.99242,0.99236,0.99242,3
2012-03-21 19:21:00,0.99238,0.99238,0.99238,0.99238,1
2012-03-21 19:22:00,0.99236,0.99242,0.99236,0.99242,5
2012-03-21 19:23:00,0.9925,0.99258,0.99238,0.99238,16
2012-03-21 19:24:00,0.99246,0.99246,0.99246,0.99246,1
2012-03-21 19:25:00,0.99252,0.99254,0.99248,0.99248,8
2012-03-21 19:26:00,0.9925,0.9925,0.9925,0.9925,1
2012-03-21 19:27:00,0.99254,0.99254,0.99252,0.99252,2
2012-03-21 19:28:00,0.99258,0.99258,0.9925,0.99252,5
2012-03-21 19:29:00,0.99254,0.99254,0.99254,0.99254,1
2012-03-21 19:30:00,0.99254,0.99254,0.9925,0.99252,4
2012-03-21 19:31:00,0.99264,0.99266,0.99258,0.99258,5
2012-03-21 19:33:00,0.99254,0.99262,0.99254,0.9926,5
2012-03-21 19:34:00,0.99238,0.99252,0.99238,0.99252,6
2012-03-21 19:35:00,0.9922,0.99234,0.9922,0.99234,8
2012-03-21 19:36:00,0.9922,0.99224,0.9922,0.99224,4
2012-03-21 19:37:00,0.99218,0.99218,0.99216,0.99218,3
2012-03-21 19:38:00,0.99216,0.99218,0.99216,0.99216,3
2012-03-21 19:39:00,0.9922,0.9922,0.9921,0.99212,6
2012-03-21 19:40:00,0.99212,0.99224,0.9921,0.99224,9
2012-03-21 19:41:00,0.99216,0.99224,0.99214,0.99214,7
2012-03-21 19:42:00,0.99206,0.99212,0.99206,0.99212,3
2012-03-21 19:43:00,0.99206,0.99212,0.99206,0.9921,8
2012-03-21 19:44:00,0.99206,0.9921,0.99202,0.99202,8
2012-03-21 19:45:00,0.99224,0.99224,0.99202,0.99202,11
2012-03-21 19:46:00,0.99218,0.99222,0.99214,0.99222,6
2012-03-21 19:47:00,0.99226,0.99236,0.99222,0.99222,10
2012-03-21 19:48:00,0.99226,0.99234,0.99226,0.99228,8
2012-03-21 19:49:00,0.99218,0.99228,0.99216,0.99228,6
2012-03-21 19:50:00,0.99216,0.99228,0.99216,0.99222,9
2012-03-21 19:51:00,0.99214,0.99214,0.99206,0.99214,7
2012-03-21 19:52:00,0.99204,0.99222,0.99196,0.99216,19
2012-03-21 19:53:00,0.99208,0.9921,0.99206,0.99208,11
2012-03-21 19:54:00,0.99216,0.99216,0.99206,0.99206,9
2012-03-21 19:55:00,0.99226,0.99234,0.99214,0.99214,13
2012-03-21 19:57:00,0.99214,0.99222,0.99208,0.99222,8
2012-03-21 19:58:00,0.99218,0.99218,0.99216,0.99216,4
2012-03-21 19:59:00,0.99224,0.99224,0.99216,0.99216,6
2012-03-21 20:00:00,0.99237,0.99241,0.99228,0.99228,7
2012-03-21 20:01:00,0.99225,0.99233,0.99225,0.99233,3
2012-03-21 20:02:00,0.99249,0.99249,0.99229,0.99229,6
2012-03-21 20:03:00,0.99249,0.99253,0.99245,0.99245,6
2012-03-21 20:04:00,0.99233,0.99245,0.99229,0.99245,6
2012-03-21 20:07:00,0.99229,0.99229,0.99229,0.99229,1
2012-03-21 20:08:00,0.99221,0.99233,0.99221,0.99225,6
2012-03-21 20:10:00,0.99217,0.99225,0.99217,0.99225,3
2012-03-21 20:11:00,0.99225,0.99225,0.99217,0.99221,4
2012-03-21 20:12:00,0.99237,0.99253,0.99229,0.99229,15
2012-03-21 20:13:00,0.99233,0.99237,0.99229,0.99233,5
2012-03-21 20:14:00,0.99229,0.99241,0.99229,0.99237,5
2012-03-21 20:15:00,0.99233,0.99233,0.99225,0.99225,3
2012-03-21 20:16:00,0.99229,0.99229,0.99229,0.99229,1
2012-03-21 20:17:00,0.99217,0.99225,0.99217,0.99225,3
2012-03-21 20:18:00,0.99213,0.99213,0.99213,0.99213,1
2012-03-21 20:20:00,0.99221,0.99221,0.99217,0.99217,2
2012-03-21 20:21:00,0.99208,0.99216,0.99203,0.99216,7
2012-03-21 20:22:00,0.99212,0.99212,0.99212,0.99212,1
2012-03-21 20:23:00,0.99204,0.99208,0.99204,0.99208,2
2012-03-21 20:29:00,0.99188,0.99204,0.99188,0.992,6
2012-03-21 20:30:00,0.99169,0.99184,0.99141,0.99184,18
2012-03-21 20:31:00,0.99173,0.99173,0.99173,0.99173,1
2012-03-21 20:32:00,0.99185,0.99185,0.99177,0.99177,3
2012-03-21 20:33:00,0.99189,0.99189,0.99189,0.99189,1
2012-03-21 20:34:00,0.99189,0.99189,0.99185,0.99185,2
2012-03-21 20:35:00,0.99193,0.99193,0.99193,0.99193,1
2012-03-21 20:37:00,0.99189,0.99189,0.99189,0.99189,1
2012-03-21 20:38:00,0.99185,0.99185,0.99185,0.99185,1
2012-03-21 20:39:00,0.99189,0.99189,0.99189,0.99189,1
2012-03-21 20:40:00,0.99189,0.99193,0.99189,0.99193,2
2012-03-21 20:41:00,0.99201,0.99201,0.99185,0.99185,7
2012-03-21 20:42:00,0.99201,0.99209,0.99201,0.99205,4
2012-03-21 20:43:00,0.99205,0.99205,0.99201,0.99205,5
2012-03-21 20:44:00,0.99209,0.99209,0.99209,0.99209,1
2012-03-21 20:45:00,0.99196,0.99213,0.99188,0.99213,9
2012-03-21 20:46:00,0.99188,0.99192,0.9918,0.99192,6
2012-03-21 20:47:00,0.99184,0.99184,0.9918,0.99184,3
2012-03-21 20:48:00,0.9918,0.9918,0.9918,0.9918,1
2012-03-21 20:49:00,0.99184,0.99184,0.99184,0.99184,1
2012-03-21 20:50:00,0.99196,0.992,0.99188,0.99188,9
2012-03-21 20:51:00,0.99204,0.99204,0.992,0.992,2
2012-03-21 20:52:00,0.99204,0.99208,0.99204,0.99208,2
2012-03-21 20:53:00,0.992,0.99204,0.992,0.992,3
2012-03-21 20:54:00,0.99208,0.99208,0.99204,0.99204,4
2012-03-21 20:55:00,0.99208,0.99212,0.992,0.99212,6
2012-03-21 20:56:00,0.99212,0.99216,0.99212,0.99212,3
2012-03-21 20:58:00,0.99209,0.99221,0.99209,0.99217,5
2012-03-21 20:59:00,0.99226,0.99226,0.99213,0.99213,4
2012-03-21 21:00:00,0.99218,0.99222,0.99213,0.99222,4
2012-03-21 21:01:00,0.99211,0.99227,0.99199,0.99222,16
2012-03-21 21:02:00,0.99215,0.99215,0.99215,0.99215,1
2012-03-21 21:03:00,0.99219,0.99219,0.99219,0.99219,1
2012-03-21 21:05:00,0.99215,0.99215,0.99215,0.99215,1
2012-03-21 21:07:00,0.99219,0.99219,0.99219,0.99219,1
2012-03-21 21:08:00,0.99227,0.99227,0.99223,0.99223,2
2012-03-21 21:12:00,0.99223,0.99223,0.99223,0.99223,1
2012-03-21 21:13:00,0.99223,0.99223,0.99219,0.99219,2
2012-03-21 21:15:00,0.99215,0.99219,0.99215,0.99219,2
2012-03-21 21:19:00,0.99211,0.99211,0.99211,0.99211,1
2012-03-21 21:22:00,0.99215,0.99215,0.99215,0.99215,1
2012-03-21 21:27:00,0.99219,0.99219,0.99219,0.99219,1
2012-03-21 21:28:00,0.99219,0.99219,0.99215,0.99215,2
2012-03-21 21:29:00,0.99215,0.99215,0.99207,0.99215,5
2012-03-21 21:30:00,0.99219,0.99219,0.99219,0.99219,1
2012-03-21 21:32:00,0.99215,0.99215,0.99215,0.99215,1
2012-03-21 21:33:00,0.99208,0.9928,0.99207,0.99219,46
2012-03-21 21:34:00,0.99188,0.99204,0.99188,0.99204,5
2012-03-21 21:36:00,0.99196,0.99196,0.99192,0.99192,2
2012-03-21 21:37:00,0.992,0.992,0.992,0.992,1
2012-03-21 21:39:00,0.992,0.99204,0.992,0.99204,2
2012-03-21 21:40:00,0.992,0.992,0.99196,0.99196,2
2012-03-21 21:41:00,0.99204,0.99204,0.99204,0.99204,1
2012-03-21 21:42:00,0.992,0.992,0.992,0.992,1
2012-03-21 21:43:00,0.99208,0.99208,0.99204,0.99204,2
2012-03-21 21:44:00,0.99204,0.99204,0.99204,0.99204,1
2012-03-21 21:45:00,0.9922,0.9922,0.99208,0.99208,4
2012-03-21 21:46:00,0.99216,0.99216,0.99216,0.99216,1
2012-03-21 21:49:00,0.99244,0.99244,0.9922,0.9922,7
2012-03-21 21:50:00,0.99256,0.99282,0.99249,0.99249,14
2012-03-21 21:51:00,0.99244,0.99252,0.99244,0.99252,3
2012-03-21 21:53:00,0.99231,0.99239,0.99204,0.99239,15
2012-03-21 21:54:00,0.99241,0.99263,0.99235,0.99235,13
2012-03-21 21:55:00,0.99237,0.99237,0.99237,0.99237,1
2012-03-21 21:56:00,0.99237,0.99241,0.99237,0.99241,2
2012-03-21 21:57:00,0.99225,0.99233,0.99225,0.99233,3
2012-03-21 21:58:00,0.99224,0.99224,0.99212,0.99221,6
2012-03-21 22:00:00,0.9922,0.99224,0.9922,0.99224,2
2012-03-21 22:02:00,0.99224,0.99224,0.99224,0.99224,1
2012-03-21 22:04:00,0.99224,0.99236,0.99224,0.99226,8
2012-03-21 22:05:00,0.99212,0.9922,0.99212,0.9922,4
2012-03-21 22:06:00,0.99214,0.99214,0.99212,0.99214,3
2012-03-21 22:07:00,0.99202,0.99212,0.99202,0.99212,6
2012-03-21 22:09:00,0.99206,0.99206,0.99206,0.99206,1
2012-03-21 22:10:00,0.9921,0.99212,0.99202,0.99202,7
2012-03-21 22:11:00,0.9921,0.99212,0.99206,0.99212,4
2012-03-21 22:12:00,0.99206,0.99206,0.99206,0.99206,1
2012-03-21 22:13:00,0.99204,0.99204,0.99204,0.99204,1
2012-03-21 22:15:00,0.992,0.992,0.99198,0.992,3
2012-03-21 22:16:00,0.992,0.992,0.99198,0.99198,4
2012-03-21 22:17:00,0.99198,0.99198,0.99198,0.99198,1
2012-03-21 22:18:00,0.99198,0.992,0.99198,0.992,2
2012-03-21 22:22:00,0.99198,0.992,0.99194,0.992,6
2012-03-21 22:23:00,0.99194,0.99204,0.99194,0.992,7
2012-03-21 22:25:00,0.99188,0.99192,0.99188,0.99192,2
2012-03-21 22:28:00,0.99186,0.99186,0.99186,0.99186,1
2012-03-21 22:30:00,0.99192,0.99192,0.99188,0.99188,2
2012-03-21 22:32:00,0.99204,0.99204,0.99194,0.99194,4
2012-03-21 22:33:00,0.99224,0.99224,0.99206,0.99206,7
2012-03-21 22:34:00,0.99228,0.99228,0.99224,0.99228,3
2012-03-21 22:35:00,0.99224,0.99224,0.99224,0.99224,1
2012-03-21 22:36:00,0.99212,0.99222,0.99212,0.99222,4
2012-03-21 22:37:00,0.99212,0.99216,0.99212,0.99216,2
2012-03-21 22:38:00,0.99212,0.99216,0.9921,0.9921,4
2012-03-21 22:40:00,0.99212,0.99212,0.99206,0.9921,4
2012-03-21 22:42:00,0.99212,0.99212,0.9921,0.9921,2
2012-03-21 22:43:00,0.99216,0.99216,0.99216,0.99216,1
2012-03-21 22:44:00,0.99206,0.99212,0.99206,0.99212,3
2012-03-21 22:45:00,0.99206,0.9921,0.99204,0.99204,10
2012-03-21 22:47:00,0.992,0.9921,0.992,0.9921,4
2012-03-21 22:48:00,0.99214,0.99216,0.99204,0.99204,8
2012-03-21 22:49:00,0.99214,0.99216,0.99214,0.99216,2
2012-03-21 22:50:00,0.99222,0.99222,0.99216,0.99216,3
2012-03-21 22:56:00,0.99222,0.99226,0.9922,0.99226,8
2012-03-21 22:59:00,0.99228,0.99228,0.99222,0.99226,6
2012-03-21 23:00:00,0.99226,0.99226,0.9922,0.99226,5
2012-03-21 23:01:00,0.99228,0.99228,0.99222,0.99228,5
2012-03-21 23:04:00,0.99228,0.99228,0.99228,0.99228,1
2012-03-21 23:05:00,0.99226,0.99228,0.99226,0.99226,3
2012-03-21 23:07:00,0.99245,0.99245,0.99228,0.99228,9
2012-03-21 23:08:00,0.99246,0.99248,0.99246,0.99248,4
2012-03-21 23:09:00,0.99245,0.99245,0.99243,0.99243,4
2012-03-21 23:10:00,0.99243,0.99243,0.99243,0.99243,1
2012-03-21 23:11:00,0.99242,0.99242,0.9924,0.9924,2
2012-03-21 23:12:00,0.99245,0.99245,0.9924,0.9924,5
2012-03-21 23:16:00,0.99237,0.99243,0.99237,0.99243,3
2012-03-21 23:17:00,0.99229,0.99234,0.99229,0.99234,3
2012-03-21 23:19:00,0.9922,0.99226,0.99217,0.99226,7
2012-03-21 23:20:00,0.99234,0.99234,0.99223,0.99223,5
2012-03-21 23:21:00,0.99245,0.99245,0.99237,0.99237,6
2012-03-21 23:23:00,0.99248,0.99248,0.99248,0.99248,1
2012-03-21 23:24:00,0.99246,0.99246,0.99246,0.99246,1
2012-03-21 23:25:00,0.99248,0.99248,0.99243,0.99243,3
2012-03-21 23:29:00,0.99249,0.99251,0.99249,0.99251,2
2012-03-21 23:31:00,0.99248,0.99248,0.99246,0.99246,2
2012-03-21 23:32:00,0.99251,0.99251,0.99251,0.99251,1
2012-03-21 23:35:00,0.99246,0.99249,0.99246,0.99249,2
2012-03-21 23:36:00,0.99251,0.99251,0.99248,0.99248,2
2012-03-21 23:37:00,0.99254,0.99254,0.99254,0.99254,1
2012-03-21 23:38:00,0.99251,0.99254,0.99251,0.99251,3
2012-03-21 23:47:00,0.99249,0.99249,0.99249,0.99249,1
2012-03-21 23:49:00,0.99248,0.99248,0.99246,0.99246,2
2012-03-21 23:50:00,0.99232,0.99248,0.99232,0.99246,18
2012-03-21 23:51:00,0.9922,0.99242,0.99206,0.99234,26
2012-03-21 23:52:00,0.99223,0.99223,0.992,0.99223,17
2012-03-21 23:54:00,0.9922,0.99225,0.99214,0.9922,15
2012-03-21 23:56:00,0.99226,0.99234,0.99223,0.99223,10
2012-03-21 23:57:00,0.99217,0.99223,0.99217,0.99223,3
2012-03-21 23:58:00,0.99213,0.99218,0.9921,0.99213,7
2012-03-22 00:00:00,0.99202,0.9921,0.99202,0.9921,4
2012-03-22 00:01:00,0.99221,0.99221,0.99204,0.99204,11
2012-03-22 00:02:00,0.99213,0.99224,0.99213,0.99224,5
2012-03-22 00:03:00,0.99207,0.9921,0.99207,0.9921,2
2012-03-22 00:04:00,0.9921,0.9921,0.9921,0.9921,1
2012-03-22 00:05:00,0.99215,0.99215,0.99213,0.99213,4
2012-03-22 00:06:00,0.99218,0.99224,0.9921,0.99218,15
2012-03-22 00:07:00,0.99227,0.99227,0.99219,0.99221,7
2012-03-22 00:09:00,0.9923,0.9923,0.9923,0.9923,1
2012-03-22 00:10:00,0.99224,0.99227,0.99224,0.99227,2
2012-03-22 00:11:00,0.99224,0.9923,0.99219,0.99222,8
2012-03-22 00:12:00,0.99224,0.99227,0.99224,0.99227,2
2012-03-22 00:13:00,0.99219,0.99222,0.99219,0.99222,2
2012-03-22 00:14:00,0.99221,0.99221,0.99221,0.99221,1
2012-03-22 00:16:00,0.99236,0.99241,0.99224,0.99224,15
2012-03-22 00:17:00,0.99222,0.99238,0.99222,0.99238,9
2012-03-22 00:18:00,0.99233,0.99235,0.99222,0.99224,14
2012-03-22 00:19:00,0.99235,0.99235,0.99227,0.9923,7
2012-03-22 00:20:00,0.9923,0.99233,0.99227,0.99233,6
2012-03-22 00:21:00,0.99219,0.99227,0.99219,0.99227,4
2012-03-22 00:22:00,0.99199,0.99216,0.99199,0.99216,7
2012-03-22 00:23:00,0.99181,0.99198,0.99181,0.99196,10
2012-03-22 00:24:00,0.99173,0.99184,0.99171,0.99184,11
2012-03-22 00:25:00,0.99159,0.99176,0.99159,0.99171,33
2012-03-22 00:26:00,0.9917,0.9917,0.99162,0.99162,8
2012-03-22 00:27:00,0.9917,0.9917,0.99165,0.99168,4
2012-03-22 00:28:00,0.99204,0.99204,0.99171,0.99173,16
2012-03-22 00:29:00,0.99199,0.99202,0.99199,0.99202,6
2012-03-22 00:30:00,0.99198,0.99198,0.99193,0.99196,4
2012-03-22 00:31:00,0.9921,0.9921,0.99201,0.99201,4
2012-03-22 00:33:00,0.99199,0.99207,0.99199,0.99207,4
2012-03-22 00:34:00,0.99176,0.99196,0.99173,0.99196,12
2012-03-22 00:35:00,0.99184,0.99184,0.99173,0.99173,5
2012-03-22 00:36:00,0.99184,0.99184,0.99179,0.99182,10
2012-03-22 00:38:00,0.99193,0.99193,0.99187,0.99187,3
2012-03-22 00:39:00,0.99201,0.99201,0.99196,0.99196,3
2012-03-22 00:40:00,0.99204,0.99204,0.99199,0.99199,3
2012-03-22 00:41:00,0.99207,0.99213,0.99205,0.99207,7
2012-03-22 00:42:00,0.99207,0.99213,0.99207,0.9921,4
2012-03-22 00:43:00,0.99204,0.99205,0.99202,0.99205,3
2012-03-22 00:44:00,0.99196,0.99202,0.99188,0.99202,11
2012-03-22 00:45:00,0.99185,0.99193,0.99185,0.99193,4
2012-03-22 00:46:00,0.99173,0.99182,0.99173,0.99182,4
2012-03-22 00:47:00,0.99171,0.99171,0.99171,0.99171,1
2012-03-22 00:48:00,0.99176,0.99176,0.99168,0.99173,6
2012-03-22 00:49:00,0.99181,0.99181,0.99179,0.99179,2
2012-03-22 00:53:00,0.99184,0.99184,0.99184,0.99184,1
2012-03-22 00:54:00,0.99171,0.99182,0.99171,0.99182,7
2012-03-22 00:55:00,0.9917,0.99181,0.99168,0.99173,18
2012-03-22 00:56:00,0.99165,0.99173,0.99165,0.99173,6
2012-03-22 00:57:00,0.99173,0.99173,0.99162,0.99162,23
2012-03-22 00:58:00,0.99181,0.99181,0.99168,0.99171,19
2012-03-22 00:59:00,0.99185,0.99187,0.99179,0.99184,9
2012-03-22 01:00:00,0.99187,0.99187,0.99187,0.99187,1
2012-03-22 01:01:00,0.99187,0.99187,0.99185,0.99185,4
2012-03-22 01:02:00,0.99188,0.9919,0.99188,0.9919,2
2012-03-22 01:03:00,0.99188,0.9919,0.99188,0.9919,2
2012-03-22 01:04:00,0.9919,0.9919,0.9919,0.9919,1
2012-03-22 01:05:00,0.99193,0.99193,0.99193,0.99193,1
2012-03-22 01:06:00,0.99188,0.9919,0.99188,0.9919,2
2012-03-22 01:07:00,0.99193,0.99193,0.9919,0.9919,2
2012-03-22 01:08:00,0.9919,0.99193,0.9919,0.9919,3
2012-03-22 01:09:00,0.99204,0.99204,0.99193,0.99193,7
2012-03-22 01:10:00,0.99199,0.99204,0.99199,0.99202,4
2012-03-22 01:11:00,0.99188,0.99196,0.99188,0.99196,6
2012-03-22 01:12:00,0.9919,0.9919,0.9919,0.9919,1
2012-03-22 01:13:00,0.99188,0.99188,0.99188,0.99188,1
2012-03-22 01:14:00,0.99179,0.99185,0.99176,0.99185,5
2012-03-22 01:15:00,0.9917,0.99181,0.99168,0.99181,7
2012-03-22 01:16:00,0.99167,0.9917,0.99165,0.99168,5
2012-03-22 01:17:00,0.99164,0.99165,0.99159,0.99165,5
2012-03-22 01:18:00,0.99165,0.9917,0.99165,0.99167,8
2012-03-22 01:19:00,0.99167,0.99167,0.99162,0.99162,3
2012-03-22 01:20:00,0.99171,0.99173,0.99162,0.99165,7
2012-03-22 01:21:00,0.99185,0.99187,0.99173,0.99173,11
2012-03-22 01:22:00,0.99184,0.99187,0.99182,0.99187,4
2012-03-22 01:23:00,0.99182,0.99184,0.99173,0.99182,9
2012-03-22 01:24:00,0.99184,0.99184,0.99184,0.99184,1
2012-03-22 01:27:00,0.99184,0.99184,0.99179,0.99182,4
2012-03-22 01:28:00,0.99182,0.99182,0.99182,0.99182,1
2012-03-22 01:29:00,0.99176,0.99179,0.99171,0.99179,6
2012-03-22 01:30:00,0.99176,0.99179,0.99171,0.99179,8
2012-03-22 01:31:00,0.99165,0.99173,0.99165,0.99173,12
2012-03-22 01:32:00,0.99139,0.99164,0.99139,0.99162,13
2012-03-22 01:33:00,0.99159,0.99159,0.99136,0.99136,13
2012-03-22 01:34:00,0.99143,0.99156,0.99141,0.99156,13
2012-03-22 01:35:00,0.99152,0.99157,0.99141,0.99141,9
2012-03-22 01:36:00,0.99144,0.99149,0.99144,0.99149,9
2012-03-22 01:37:00,0.99136,0.99141,0.99129,0.99141,23
2012-03-22 01:38:00,0.99134,0.99136,0.99128,0.99134,9
2012-03-22 01:39:00,0.99153,0.99156,0.99136,0.99136,9
2012-03-22 01:40:00,0.99153,0.99162,0.99151,0.99151,8
2012-03-22 01:41:00,0.99156,0.99156,0.99156,0.99156,1
2012-03-22 01:42:00,0.99164,0.99164,0.99159,0.99159,3
2012-03-22 01:43:00,0.99156,0.99162,0.99153,0.99162,9
2012-03-22 01:44:00,0.99156,0.99159,0.99156,0.99159,2
2012-03-22 01:46:00,0.99159,0.99159,0.99159,0.99159,1
2012-03-22 01:48:00,0.99164,0.99164,0.99162,0.99162,2
2012-03-22 01:49:00,0.99179,0.99179,0.99167,0.99167,5
2012-03-22 01:50:00,0.99179,0.99179,0.99176,0.99176,2
2012-03-22 01:51:00,0.99165,0.99176,0.99165,0.99176,5
2012-03-22 01:52:00,0.99168,0.99173,0.99167,0.99167,5
2012-03-22 01:53:00,0.99159,0.99167,0.99159,0.99165,5
2012-03-22 01:54:00,0.99159,0.99159,0.99156,0.99156,2
2012-03-22 01:55:00,0.99145,0.99156,0.99145,0.99156,7
2012-03-22 01:56:00,0.99145,0.99147,0.99145,0.99147,2
2012-03-22 01:57:00,0.99134,0.99147,0.99134,0.99147,8
2012-03-22 01:58:00,0.99134,0.99139,0.99131,0.99136,12
2012-03-22 01:59:00,0.99145,0.9915,0.99136,0.99136,16
2012-03-22 02:00:00,0.99136,0.99142,0.99134,0.99142,5
2012-03-22 02:01:00,0.99139,0.99142,0.99136,0.99139,9
2012-03-22 02:02:00,0.99131,0.99136,0.99131,0.99136,9
2012-03-22 02:03:00,0.9913,0.9913,0.99128,0.99128,2
2012-03-22 02:04:00,0.9913,0.9913,0.99128,0.99128,2
2012-03-22 02:05:00,0.99131,0.99133,0.99125,0.99128,6
2012-03-22 02:06:00,0.99134,0.99136,0.99131,0.99133,5
2012-03-22 02:07:00,0.99142,0.99142,0.99136,0.99136,3
2012-03-22 02:08:00,0.99136,0.99139,0.99131,0.99139,6
2012-03-22 02:09:00,0.99136,0.99136,0.99134,0.99134,4
2012-03-22 02:11:00,0.99136,0.99136,0.99134,0.99134,2
2012-03-22 02:12:00,0.99128,0.99134,0.99128,0.99134,3
2012-03-22 02:13:00,0.99134,0.99136,0.9913,0.9913,4
2012-03-22 02:14:00,0.99148,0.9915,0.99136,0.99136,7
2012-03-22 02:15:00,0.99147,0.99147,0.99145,0.99145,2
2012-03-22 02:16:00,0.99153,0.99153,0.9915,0.9915,4
2012-03-22 02:17:00,0.99156,0.99156,0.99156,0.99156,1
2012-03-22 02:20:00,0.99159,0.99159,0.99159,0.99159,1
2012-03-22 02:21:00,0.99153,0.99159,0.99153,0.99156,4
2012-03-22 02:22:00,0.99159,0.99159,0.99156,0.99156,2
2012-03-22 02:23:00,0.99148,0.99164,0.99148,0.99162,8
2012-03-22 02:27:00,0.99142,0.99145,0.99139,0.99145,4
2012-03-22 02:28:00,0.99153,0.99153,0.99145,0.99145,4
2012-03-22 02:29:00,0.99156,0.99156,0.99151,0.99151,3
2012-03-22 02:30:00,0.99295,0.99326,0.99159,0.99159,135
2012-03-22 02:31:00,0.99314,0.99333,0.99293,0.99293,67
2012-03-22 02:32:00,0.99328,0.99336,0.99316,0.99316,23
2012-03-22 02:33:00,0.99331,0.99336,0.99319,0.99325,17
2012-03-22 02:34:00,0.99346,0.99346,0.99317,0.99328,25
2012-03-22 02:35:00,0.99363,0.99363,0.99349,0.99349,14
2012-03-22 02:36:00,0.99374,0.99377,0.99361,0.99366,24
2012-03-22 02:37:00,0.99372,0.9938,0.99369,0.99372,17
2012-03-22 02:38:00,0.99366,0.99377,0.99366,0.99369,20
2012-03-22 02:39:00,0.99349,0.99377,0.99338,0.99369,28
2012-03-22 02:40:00,0.99349,0.9936,0.99329,0.99346,32
2012-03-22 02:41:00,0.99357,0.99357,0.99341,0.99346,17
2012-03-22 02:42:00,0.99363,0.99369,0.99358,0.9936,24
2012-03-22 02:43:00,0.99363,0.99374,0.99361,0.99366,14
2012-03-22 02:44:00,0.99363,0.99363,0.99361,0.99361,4
2012-03-22 02:45:00,0.9938,0.99386,0.99366,0.99366,14
2012-03-22 02:46:00,0.99366,0.99378,0.99366,0.99378,9
2012-03-22 02:47:00,0.99329,0.99369,0.99329,0.99369,17
2012-03-22 02:48:00,0.9934,0.9934,0.99324,0.99327,16
2012-03-22 02:49:00,0.99366,0.99366,0.99343,0.99343,11
2012-03-22 02:50:00,0.99369,0.99369,0.99346,0.99363,23
2012-03-22 02:51:00,0.99346,0.99372,0.99341,0.99366,34
2012-03-22 02:52:00,0.99329,0.99357,0.99321,0.99349,38
2012-03-22 02:53:00,0.99346,0.99366,0.99332,0.99332,30
2012-03-22 02:54:00,0.99366,0.99369,0.99349,0.99349,21
2012-03-22 02:55:00,0.99383,0.99383,0.99363,0.99363,20
2012-03-22 02:56:00,0.99392,0.99397,0.99383,0.99386,17
2012-03-22 02:57:00,0.99349,0.99389,0.99346,0.99389,27
2012-03-22 02:58:00,0.99366,0.99366,0.99352,0.99352,6
2012-03-22 02:59:00,0.99366,0.99372,0.99366,0.99369,4
2012-03-22 03:00:00,0.99344,0.99369,0.99344,0.99369,18
2012-03-22 03:01:00,0.99326,0.99341,0.99321,0.99341,10
2012-03-22 03:02:00,0.99352,0.99363,0.99321,0.99324,23
2012-03-22 03:03:00,0.99346,0.99354,0.99346,0.99354,4
2012-03-22 03:04:00,0.99344,0.99349,0.99344,0.99349,7
2012-03-22 03:05:00,0.99318,0.99341,0.99318,0.99341,9
2012-03-22 03:06:00,0.99338,0.99343,0.99318,0.9932,13
2012-03-22 03:07:00,0.99343,0.99343,0.99329,0.99335,12
2012-03-22 03:08:00,0.99343,0.99352,0.99338,0.99346,18
2012-03-22 03:09:00,0.99323,0.99341,0.9931,0.99341,35
2012-03-22 03:10:00,0.99329,0.99337,0.99318,0.99321,24
2012-03-22 03:11:00,0.99335,0.9934,0.99329,0.99332,12
2012-03-22 03:12:00,0.99335,0.99337,0.99329,0.99337,14
2012-03-22 03:13:00,0.99338,0.9934,0.99335,0.99337,5
2012-03-22 03:14:00,0.99346,0.99349,0.9934,0.9934,7
2012-03-22 03:15:00,0.99369,0.99369,0.99349,0.99349,12
2012-03-22 03:16:00,0.9938,0.99383,0.99372,0.99372,16
2012-03-22 03:17:00,0.99363,0.99383,0.99361,0.99383,12
2012-03-22 03:18:00,0.99352,0.99363,0.99346,0.99361,12
2012-03-22 03:19:00,0.99338,0.99349,0.99338,0.99349,5
2012-03-22 03:20:00,0.99346,0.99349,0.99338,0.9934,13
2012-03-22 03:21:00,0.9934,0.99352,0.99338,0.99349,8
2012-03-22 03:22:00,0.99335,0.99338,0.99321,0.99338,12
2012-03-22 03:23:00,0.99326,0.9934,0.99324,0.99337,15
2012-03-22 03:24:00,0.99332,0.99332,0.99324,0.99329,6
2012-03-22 03:25:00,0.99329,0.99329,0.99327,0.99329,5
2012-03-22 03:26:00,0.99301,0.99327,0.99301,0.99327,10
2012-03-22 03:27:00,0.99304,0.99309,0.99301,0.99303,9
2012-03-22 03:28:00,0.99303,0.99303,0.99293,0.99301,12
2012-03-22 03:29:00,0.99306,0.99306,0.99301,0.99301,7
2012-03-22 03:30:00,0.99312,0.99312,0.99309,0.99309,2
2012-03-22 03:32:00,0.99281,0.99312,0.99281,0.9931,15
2012-03-22 03:33:00,0.99269,0.99281,0.99267,0.99278,18
2012-03-22 03:34:00,0.99301,0.99306,0.99272,0.99272,15
2012-03-22 03:35:00,0.99315,0.99315,0.9929,0.99298,13
2012-03-22 03:36:00,0.99312,0.99312,0.9931,0.99312,5
2012-03-22 03:37:00,0.99321,0.99326,0.99315,0.99315,7
2012-03-22 03:38:00,0.99301,0.99318,0.9929,0.99318,17
2012-03-22 03:39:00,0.9929,0.99306,0.99275,0.99303,22
2012-03-22 03:40:00,0.99303,0.99306,0.99292,0.99292,15
2012-03-22 03:41:00,0.99295,0.99301,0.99295,0.99301,7
2012-03-22 03:42:00,0.99285,0.99298,0.9928,0.99293,11
2012-03-22 03:43:00,0.99271,0.99283,0.99268,0.99283,17
2012-03-22 03:44:00,0.99274,0.99276,0.99271,0.99274,5
2012-03-22 03:45:00,0.99266,0.99288,0.99266,0.99271,21
2012-03-22 03:46:00,0.99285,0.99285,0.99268,0.99268,13
2012-03-22 03:47:00,0.9928,0.99285,0.9928,0.99283,8
2012-03-22 03:48:00,0.99257,0.99285,0.99254,0.99277,18
2012-03-22 03:49:00,0.99288,0.99288,0.99259,0.99259,21
2012-03-22 03:50:00,0.99302,0.99308,0.99291,0.99291,21
2012-03-22 03:51:00,0.99294,0.99311,0.99294,0.99305,15
2012-03-22 03:52:00,0.99288,0.99291,0.99288,0.99291,2
2012-03-22 03:53:00,0.99277,0.99285,0.99277,0.99285,10
2012-03-22 03:54:00,0.99277,0.99285,0.99277,0.99279,6
2012-03-22 03:55:00,0.99276,0.99276,0.99268,0.99274,8
2012-03-22 03:56:00,0.99276,0.99276,0.99274,0.99274,2
2012-03-22 03:57:00,0.99288,0.99288,0.99279,0.99279,6
2012-03-22 03:58:00,0.99296,0.99296,0.99291,0.99291,11
2012-03-22 03:59:00,0.99308,0.99313,0.99294,0.99294,10
2012-03-22 04:00:00,0.99311,0.99313,0.99311,0.99311,3
2012-03-22 04:01:00,0.99311,0.99313,0.99311,0.99313,2
2012-03-22 04:02:00,0.99299,0.99308,0.99297,0.99308,6
2012-03-22 04:03:00,0.99305,0.99305,0.99302,0.99302,2
2012-03-22 04:04:00,0.99302,0.99302,0.99302,0.99302,1
2012-03-22 04:05:00,0.99302,0.99302,0.99294,0.993,6
2012-03-22 04:06:00,0.99297,0.993,0.99297,0.993,6
2012-03-22 04:07:00,0.99297,0.99299,0.99297,0.99299,2
2012-03-22 04:08:00,0.99291,0.99294,0.99291,0.99294,2
2012-03-22 04:09:00,0.99305,0.99311,0.99294,0.99294,17
2012-03-22 04:10:00,0.99305,0.99308,0.993,0.99302,6
2012-03-22 04:11:00,0.99311,0.99313,0.99308,0.99308,4
2012-03-22 04:12:00,0.99302,0.99308,0.993,0.99308,5
2012-03-22 04:13:00,0.99283,0.993,0.99283,0.993,7
2012-03-22 04:14:00,0.99285,0.99285,0.99285,0.99285,1
2012-03-22 04:15:00,0.99291,0.99291,0.99283,0.99283,4
2012-03-22 04:16:00,0.99305,0.99305,0.99294,0.99294,5
2012-03-22 04:17:00,0.99294,0.99308,0.99294,0.99308,10
2012-03-22 04:18:00,0.9928,0.99294,0.9928,0.99291,7
2012-03-22 04:19:00,0.99282,0.99282,0.99274,0.99277,5
2012-03-22 04:20:00,0.9928,0.99285,0.9928,0.99285,3
2012-03-22 04:21:00,0.99285,0.99285,0.99282,0.99282,4
2012-03-22 04:22:00,0.99291,0.99296,0.99288,0.99288,6
2012-03-22 04:23:00,0.99263,0.99288,0.99263,0.99288,10
2012-03-22 04:24:00,0.99271,0.99276,0.99265,0.99265,7
2012-03-22 04:25:00,0.99271,0.99276,0.99271,0.99274,6
2012-03-22 04:26:00,0.99274,0.99274,0.99274,0.99274,1
2012-03-22 04:27:00,0.99285,0.99285,0.99276,0.99276,8
2012-03-22 04:29:00,0.99271,0.99283,0.99271,0.99283,5
2012-03-22 04:30:00,0.99276,0.99276,0.99271,0.99274,4
2012-03-22 04:31:00,0.99274,0.99279,0.99274,0.99279,3
2012-03-22 04:32:00,0.99268,0.99276,0.99263,0.99276,14
2012-03-22 04:33:00,0.99268,0.99271,0.99266,0.99266,4
2012-03-22 04:34:00,0.99265,0.99266,0.99263,0.99266,3
2012-03-22 04:35:00,0.99257,0.99265,0.99257,0.99263,5
2012-03-22 04:36:00,0.99249,0.99254,0.99249,0.99254,3
2012-03-22 04:37:00,0.99249,0.99265,0.99249,0.99251,12
2012-03-22 04:38:00,0.99257,0.99257,0.99251,0.99251,3
2012-03-22 04:39:00,0.99254,0.99254,0.99251,0.99254,3
2012-03-22 04:40:00,0.99259,0.99259,0.99249,0.99251,8
2012-03-22 04:41:00,0.99251,0.99262,0.99251,0.99262,7
2012-03-22 04:42:00,0.99266,0.99271,0.99254,0.99254,9
2012-03-22 04:43:00,0.99271,0.99271,0.9926,0.99263,6
2012-03-22 04:44:00,0.99263,0.99268,0.99263,0.99268,3
2012-03-22 04:45:00,0.99257,0.9926,0.99257,0.9926,2
2012-03-22 04:46:00,0.99254,0.99254,0.99251,0.99254,3
2012-03-22 04:47:00,0.99268,0.99268,0.99251,0.99251,9
2012-03-22 04:48:00,0.99274,0.99274,0.99271,0.99271,2
2012-03-22 04:49:00,0.99271,0.99274,0.99271,0.99271,3
2012-03-22 04:50:00,0.99285,0.99288,0.99274,0.99274,11
2012-03-22 04:51:00,0.99294,0.99294,0.99283,0.99283,5
2012-03-22 04:52:00,0.99288,0.99294,0.99288,0.99291,4
2012-03-22 04:53:00,0.99285,0.99291,0.99285,0.99291,3
2012-03-22 04:54:00,0.99274,0.99283,0.99274,0.99283,4
2012-03-22 04:55:00,0.99274,0.99274,0.99271,0.99271,2
2012-03-22 04:56:00,0.99282,0.99282,0.99276,0.99276,3
2012-03-22 04:57:00,0.9928,0.9928,0.9928,0.9928,1
2012-03-22 04:58:00,0.99283,0.99285,0.99282,0.99282,3
2012-03-22 04:59:00,0.99274,0.9928,0.99271,0.9928,5
2012-03-22 05:00:00,0.99274,0.99279,0.99274,0.99276,4
2012-03-22 05:02:00,0.9926,0.99271,0.9926,0.99271,5
2012-03-22 05:03:00,0.99265,0.99265,0.99262,0.99262,2
2012-03-22 05:04:00,0.99265,0.99265,0.99263,0.99263,2
2012-03-22 05:05:00,0.99271,0.99274,0.99266,0.99268,14
2012-03-22 05:06:00,0.99268,0.99271,0.99268,0.99268,3
2012-03-22 05:07:00,0.99266,0.99266,0.99266,0.99266,1
2012-03-22 05:08:00,0.99285,0.99285,0.99268,0.99268,11
2012-03-22 05:09:00,0.99294,0.99294,0.99288,0.99288,5
2012-03-22 05:10:00,0.99294,0.99294,0.99288,0.99291,6
2012-03-22 05:11:00,0.99296,0.99296,0.99296,0.99296,1
2012-03-22 05:12:00,0.99297,0.99299,0.99297,0.99299,4
2012-03-22 05:13:00,0.99302,0.99302,0.99297,0.99299,6
2012-03-22 05:14:00,0.99277,0.99305,0.99277,0.99305,11
2012-03-22 05:15:00,0.99271,0.99274,0.99266,0.99274,6
2012-03-22 05:16:00,0.99265,0.99274,0.99263,0.99274,6
2012-03-22 05:17:00,0.99265,0.99265,0.9926,0.99263,4
2012-03-22 05:18:00,0.99266,0.99268,0.99266,0.99268,4
2012-03-22 05:19:00,0.99265,0.99265,0.99263,0.99263,2
2012-03-22 05:20:00,0.99257,0.99263,0.99257,0.99263,5
2012-03-22 05:21:00,0.99249,0.99254,0.99249,0.99254,3
2012-03-22 05:22:00,0.99259,0.99259,0.99249,0.99251,8
2012-03-22 05:23:00,0.99249,0.99257,0.99249,0.99257,4
2012-03-22 05:24:00,0.99245,0.99246,0.99237,0.99246,9
2012-03-22 05:25:00,0.99237,0.99245,0.99232,0.99243,17
2012-03-22 05:26:00,0.99245,0.99245,0.99237,0.9924,15
2012-03-22 05:27:00,0.99245,0.99245,0.9924,0.99243,14
2012-03-22 05:28:00,0.99237,0.99243,0.99232,0.99243,9
2012-03-22 05:29:00,0.99234,0.9924,0.99232,0.99234,7
2012-03-22 05:30:00,0.99232,0.99237,0.99232,0.99237,3
2012-03-22 05:31:00,0.99231,0.99231,0.99223,0.99229,10
2012-03-22 05:32:00,0.99223,0.99234,0.99223,0.99234,5
2012-03-22 05:33:00,0.99223,0.99228,0.99223,0.99225,4
2012-03-22 05:34:00,0.99234,0.99234,0.99225,0.99225,6
2012-03-22 05:35:00,0.99232,0.99234,0.99229,0.99232,7
2012-03-22 05:36:00,0.99264,0.99264,0.99234,0.99234,19
2012-03-22 05:37:00,0.99247,0.99272,0.99239,0.99267,34
2012-03-22 05:38:00,0.99239,0.99244,0.99239,0.99244,3
2012-03-22 05:39:00,0.99236,0.99241,0.99224,0.99236,13
2012-03-22 05:40:00,0.99238,0.99238,0.99238,0.99238,1
2012-03-22 05:41:00,0.99255,0.99255,0.99241,0.99241,8
2012-03-22 05:42:00,0.9925,0.99253,0.9925,0.99253,2
2012-03-22 05:43:00,0.99244,0.99247,0.99244,0.99247,2
2012-03-22 05:45:00,0.99241,0.99241,0.99236,0.99241,5
2012-03-22 05:46:00,0.99244,0.99244,0.99244,0.99244,1
2012-03-22 05:47:00,0.9925,0.99252,0.99247,0.99247,4
2012-03-22 05:48:00,0.99247,0.99252,0.99247,0.99252,5
2012-03-22 05:49:00,0.99247,0.99252,0.99247,0.9925,4
2012-03-22 05:50:00,0.99247,0.99247,0.99236,0.99244,8
2012-03-22 05:51:00,0.9925,0.9925,0.9925,0.9925,1
2012-03-22 05:52:00,0.99244,0.99247,0.99244,0.99247,2
2012-03-22 05:53:00,0.99238,0.99241,0.99236,0.99241,4
2012-03-22 05:54:00,0.99236,0.99238,0.99236,0.99236,3
2012-03-22 05:55:00,0.99233,0.99241,0.99227,0.99238,27
2012-03-22 05:56:00,0.9923,0.99233,0.99227,0.9923,5
2012-03-22 05:57:00,0.99213,0.99227,0.99213,0.99227,10
2012-03-22 05:58:00,0.99216,0.99218,0.99215,0.99215,5
2012-03-22 05:59:00,0.99221,0.99221,0.99216,0.99218,6
2012-03-22 06:01:00,0.99221,0.99221,0.99219,0.99219,2
2012-03-22 06:02:00,0.99233,0.99233,0.99222,0.99224,6
2012-03-22 06:03:00,0.99247,0.99247,0.99235,0.99235,5
2012-03-22 06:04:00,0.99238,0.9925,0.99236,0.9925,11
2012-03-22 06:05:00,0.99233,0.99236,0.99233,0.99236,2
2012-03-22 06:06:00,0.99238,0.99238,0.9923,0.9923,4
2012-03-22 06:07:00,0.99239,0.99241,0.99239,0.99241,2
2012-03-22 06:08:00,0.99239,0.99241,0.99239,0.99241,6
2012-03-22 06:09:00,0.99238,0.99238,0.99236,0.99236,4
2012-03-22 06:11:00,0.99239,0.99241,0.99239,0.99241,2
2012-03-22 06:12:00,0.9923,0.99236,0.9923,0.99236,3
2012-03-22 06:14:00,0.99239,0.99241,0.99233,0.99233,7
2012-03-22 06:15:00,0.9923,0.99236,0.9923,0.99236,3
2012-03-22 06:16:00,0.99235,0.99235,0.99227,0.99227,4
2012-03-22 06:17:00,0.99239,0.99244,0.99238,0.99238,5
2012-03-22 06:18:00,0.99235,0.99236,0.99233,0.99236,3
2012-03-22 06:19:00,0.99244,0.99247,0.99238,0.99238,7
2012-03-22 06:20:00,0.99247,0.99247,0.99247,0.99247,1
2012-03-22 06:21:00,0.99244,0.99244,0.99244,0.99244,1
2012-03-22 06:22:00,0.99244,0.99247,0.99244,0.99247,2
2012-03-22 06:25:00,0.99222,0.99241,0.99222,0.99241,8
2012-03-22 06:26:00,0.9923,0.9923,0.99224,0.99224,3
2012-03-22 06:28:00,0.99235,0.99235,0.99233,0.99233,2
2012-03-22 06:29:00,0.99233,0.99233,0.99233,0.99233,1
2012-03-22 06:31:00,0.99222,0.9923,0.99222,0.9923,4
2012-03-22 06:32:00,0.99235,0.99235,0.99224,0.99224,9
2012-03-22 06:33:00,0.99239,0.99244,0.99238,0.99238,5
2012-03-22 06:34:00,0.99244,0.99244,0.9923,0.99236,10
2012-03-22 06:35:00,0.9925,0.9925,0.99247,0.99247,2
2012-03-22 06:36:00,0.99261,0.99269,0.99252,0.99252,12
2012-03-22 06:37:00,0.99267,0.99269,0.99261,0.99264,8
2012-03-22 06:38:00,0.99284,0.99289,0.99269,0.99269,10
2012-03-22 06:39:00,0.99278,0.99289,0.99275,0.99286,12
2012-03-22 06:40:00,0.99289,0.99289,0.99281,0.99281,4
2012-03-22 06:41:00,0.99293,0.99295,0.99292,0.99292,3
2012-03-22 06:42:00,0.99292,0.99295,0.99287,0.9929,12
2012-03-22 06:43:00,0.9929,0.99303,0.9929,0.99295,9
2012-03-22 06:44:00,0.99301,0.99301,0.99292,0.99292,4
2012-03-22 06:45:00,0.99292,0.99298,0.9929,0.99298,5
2012-03-22 06:46:00,0.9929,0.9929,0.9929,0.9929,1
2012-03-22 06:47:00,0.99292,0.99292,0.99292,0.99292,1
2012-03-22 06:48:00,0.99281,0.9929,0.99281,0.9929,10
2012-03-22 06:49:00,0.99273,0.99284,0.99273,0.99278,7
2012-03-22 06:50:00,0.99272,0.99272,0.99264,0.9927,8
2012-03-22 06:51:00,0.99264,0.9927,0.99264,0.9927,3
2012-03-22 06:52:00,0.99264,0.99272,0.99258,0.99267,14
2012-03-22 06:53:00,0.99267,0.99269,0.99258,0.99261,9
2012-03-22 06:54:00,0.99261,0.99264,0.99258,0.99264,8
2012-03-22 06:55:00,0.99256,0.99258,0.99256,0.99258,2
2012-03-22 06:56:00,0.99244,0.99253,0.99244,0.99253,8
2012-03-22 06:57:00,0.99244,0.99244,0.99241,0.99241,2
2012-03-22 06:58:00,0.99244,0.99244,0.99239,0.99241,8
2012-03-22 06:59:00,0.99236,0.99241,0.99236,0.99241,3
2012-03-22 07:00:00,0.9923,0.99241,0.9923,0.99238,6
2012-03-22 07:01:00,0.99219,0.99227,0.99219,0.99227,4
2012-03-22 07:04:00,0.9921,0.99218,0.9921,0.99216,5
2012-03-22 07:05:00,0.99193,0.99207,0.9919,0.99207,10
2012-03-22 07:06:00,0.99201,0.99201,0.99196,0.99196,3
2012-03-22 07:08:00,0.99196,0.99199,0.99196,0.99199,2
2012-03-22 07:09:00,0.9921,0.9921,0.99198,0.99198,5
2012-03-22 07:10:00,0.99201,0.99207,0.99196,0.99207,7
2012-03-22 07:11:00,0.99213,0.99213,0.99199,0.99199,6
2012-03-22 07:12:00,0.99216,0.99221,0.99215,0.99215,5
2012-03-22 07:13:00,0.99202,0.99213,0.99202,0.99213,5
2012-03-22 07:14:00,0.99199,0.99201,0.99199,0.99199,3
2012-03-22 07:15:00,0.99179,0.99196,0.99176,0.99196,9
2012-03-22 07:16:00,0.99182,0.99184,0.99181,0.99181,3
2012-03-22 07:17:00,0.99207,0.99207,0.99184,0.99184,9
2012-03-22 07:18:00,0.99218,0.99218,0.9921,0.9921,4
2012-03-22 07:19:00,0.99216,0.99216,0.99216,0.99216,1
2012-03-22 07:20:00,0.99207,0.99213,0.99205,0.99213,5
2012-03-22 07:21:00,0.99198,0.99205,0.99196,0.99205,5
2012-03-22 07:22:00,0.99215,0.99215,0.99201,0.99201,6
2012-03-22 07:23:00,0.99221,0.99221,0.99218,0.99218,8
2012-03-22 07:24:00,0.99218,0.99219,0.99216,0.99219,3
2012-03-22 07:25:00,0.99221,0.99221,0.99221,0.99221,1
2012-03-22 07:26:00,0.9923,0.9923,0.99219,0.99219,7
2012-03-22 07:27:00,0.99261,0.99261,0.99233,0.99233,13
2012-03-22 07:28:00,0.99278,0.99278,0.99261,0.99264,8
2012-03-22 07:29:00,0.99278,0.99278,0.99275,0.99275,2
2012-03-22 07:30:00,0.99284,0.99284,0.99273,0.99275,6
2012-03-22 07:31:00,0.99258,0.99281,0.99256,0.99281,15
2012-03-22 07:32:00,0.99272,0.99275,0.99261,0.99261,9
2012-03-22 07:33:00,0.99272,0.99272,0.9927,0.9927,4
2012-03-22 07:34:00,0.99258,0.99281,0.99256,0.99275,21
2012-03-22 07:35:00,0.99261,0.99261,0.99256,0.99256,3
2012-03-22 07:36:00,0.99271,0.99271,0.99256,0.99258,7
2012-03-22 07:37:00,0.99271,0.99274,0.99271,0.99274,4
2012-03-22 07:39:00,0.99263,0.99276,0.99263,0.99274,7
2012-03-22 07:41:00,0.99251,0.9926,0.99249,0.9926,6
2012-03-22 07:42:00,0.99242,0.99249,0.9924,0.99249,7
2012-03-22 07:43:00,0.99259,0.99259,0.99245,0.99245,12
2012-03-22 07:44:00,0.99229,0.99262,0.99229,0.99262,19
2012-03-22 07:45:00,0.99245,0.99245,0.99231,0.99231,12
2012-03-22 07:46:00,0.99232,0.99243,0.99232,0.99243,7
2012-03-22 07:47:00,0.99231,0.99231,0.99229,0.99229,2
2012-03-22 07:48:00,0.99234,0.99234,0.99234,0.99234,1
2012-03-22 07:49:00,0.99229,0.99232,0.99229,0.99232,2
2012-03-22 07:50:00,0.99223,0.99226,0.9922,0.99226,4
2012-03-22 07:51:00,0.99234,0.99234,0.99225,0.99225,4
2012-03-22 07:52:00,0.99251,0.99251,0.99232,0.99237,10
2012-03-22 07:53:00,0.99259,0.99259,0.99254,0.99254,3
2012-03-22 07:54:00,0.99271,0.99271,0.9924,0.99257,18
2012-03-22 07:55:00,0.99268,0.99268,0.9926,0.99268,7
2012-03-22 07:56:00,0.99254,0.99266,0.99251,0.99266,9
2012-03-22 07:57:00,0.99251,0.99254,0.99249,0.99251,5
2012-03-22 07:58:00,0.99288,0.99296,0.99254,0.99254,21
2012-03-22 07:59:00,0.99322,0.99322,0.99283,0.99285,18
2012-03-22 08:00:00,0.99308,0.99319,0.99305,0.99319,11
2012-03-22 08:01:00,0.99325,0.99325,0.99294,0.99311,24
2012-03-22 08:02:00,0.9933,0.9933,0.99317,0.99322,12
2012-03-22 08:03:00,0.99342,0.99342,0.99328,0.99328,10
2012-03-22 08:04:00,0.99351,0.99356,0.99345,0.99345,7
2012-03-22 08:05:00,0.99359,0.99362,0.99348,0.99348,9
2012-03-22 08:06:00,0.99351,0.9937,0.99351,0.99362,21
2012-03-22 08:07:00,0.99353,0.99356,0.99351,0.99353,11
2012-03-22 08:08:00,0.99381,0.99393,0.99356,0.99356,42
2012-03-22 08:09:00,0.99407,0.99407,0.99379,0.99379,23
2012-03-22 08:10:00,0.99419,0.99421,0.99399,0.99405,24
2012-03-22 08:11:00,0.9941,0.99416,0.99407,0.99416,9
2012-03-22 08:12:00,0.99393,0.99407,0.99393,0.99407,6
2012-03-22 08:13:00,0.99399,0.99401,0.99385,0.9939,18
2012-03-22 08:14:00,0.99393,0.99396,0.99388,0.99396,10
2012-03-22 08:15:00,0.99401,0.99401,0.99393,0.99396,8
2012-03-22 08:16:00,0.99424,0.99424,0.99404,0.99404,12
2012-03-22 08:17:00,0.99393,0.99421,0.99393,0.99421,11
2012-03-22 08:18:00,0.9939,0.9939,0.99387,0.9939,3
2012-03-22 08:19:00,0.99382,0.99387,0.99382,0.99387,3
2012-03-22 08:20:00,0.99401,0.9941,0.99384,0.99384,17
2012-03-22 08:21:00,0.99379,0.99399,0.99379,0.99399,14
2012-03-22 08:22:00,0.99421,0.99424,0.99381,0.99381,25
2012-03-22 08:23:00,0.99421,0.99427,0.99416,0.99418,8
2012-03-22 08:24:00,0.99424,0.99427,0.99424,0.99424,3
2012-03-22 08:25:00,0.99421,0.99421,0.99421,0.99421,1
2012-03-22 08:26:00,0.99412,0.99421,0.9941,0.99418,7
2012-03-22 08:27:00,0.9941,0.99415,0.99407,0.9941,7
2012-03-22 08:28:00,0.99458,0.99463,0.99412,0.99412,39
2012-03-22 08:29:00,0.99458,0.99463,0.9945,0.99455,18
2012-03-22 08:30:00,0.99469,0.99469,0.99461,0.99461,6
2012-03-22 08:31:00,0.99501,0.99506,0.9947,0.99472,21
2012-03-22 08:32:00,0.99512,0.99512,0.99501,0.99503,16
2012-03-22 08:33:00,0.99512,0.99523,0.99512,0.99515,24
2012-03-22 08:34:00,0.99506,0.99526,0.99506,0.99515,26
2012-03-22 08:35:00,0.99501,0.9952,0.99501,0.99509,16
2012-03-22 08:36:00,0.99512,0.9952,0.99498,0.99498,28
2012-03-22 08:37:00,0.99532,0.99537,0.99509,0.99509,15
2012-03-22 08:38:00,0.99532,0.9954,0.99521,0.99534,22
2012-03-22 08:39:00,0.99529,0.99546,0.99515,0.99534,45
2012-03-22 08:40:00,0.995,0.99534,0.99498,0.99526,24
2012-03-22 08:41:00,0.995,0.99509,0.99498,0.99503,20
2012-03-22 08:42:00,0.99512,0.99517,0.99487,0.99498,26
2012-03-22 08:43:00,0.99506,0.99526,0.99504,0.99515,18
2012-03-22 08:44:00,0.99526,0.99529,0.99509,0.99509,19
2012-03-22 08:45:00,0.99509,0.9954,0.99509,0.99523,22
2012-03-22 08:46:00,0.99512,0.9952,0.99487,0.99512,29
2012-03-22 08:47:00,0.99512,0.9952,0.99504,0.99515,24
2012-03-22 08:48:00,0.99529,0.99529,0.99515,0.99515,22
2012-03-22 08:49:00,0.99518,0.9954,0.99518,0.99532,16
2012-03-22 08:50:00,0.99447,0.99515,0.99447,0.99515,43
2012-03-22 08:51:00,0.99481,0.99489,0.99447,0.99449,54
2012-03-22 08:52:00,0.9948,0.9948,0.99467,0.99478,18
2012-03-22 08:53:00,0.9945,0.99478,0.9945,0.99478,11
2012-03-22 08:54:00,0.99446,0.99449,0.99438,0.99447,21
2012-03-22 08:55:00,0.99441,0.99449,0.99441,0.99449,4
2012-03-22 08:56:00,0.99441,0.99449,0.99438,0.99444,10
2012-03-22 08:57:00,0.99495,0.99497,0.99444,0.99444,25
2012-03-22 08:58:00,0.99481,0.9952,0.99481,0.99492,33
2012-03-22 08:59:00,0.99495,0.99506,0.99483,0.99483,17
2012-03-22 09:00:00,0.99512,0.99517,0.99492,0.99492,16
2012-03-22 09:01:00,0.99526,0.99532,0.99506,0.99515,19
2012-03-22 09:02:00,0.99529,0.99546,0.99521,0.99529,33
2012-03-22 09:03:00,0.99526,0.99546,0.99523,0.99526,19
2012-03-22 09:04:00,0.9952,0.99523,0.99509,0.99523,12
2012-03-22 09:05:00,0.99521,0.99526,0.99504,0.99518,22
2012-03-22 09:06:00,0.9952,0.9952,0.99512,0.99518,18
2012-03-22 09:07:00,0.99512,0.99523,0.99501,0.99523,15
2012-03-22 09:08:00,0.9952,0.9952,0.99512,0.99515,11
2012-03-22 09:09:00,0.99523,0.99523,0.99512,0.99518,11
2012-03-22 09:10:00,0.99532,0.99532,0.99526,0.99526,3
2012-03-22 09:12:00,0.9954,0.99543,0.99532,0.99534,13
2012-03-22 09:14:00,0.99552,0.99566,0.99543,0.99543,14
2012-03-22 09:15:00,0.99566,0.99566,0.99549,0.99549,7
2012-03-22 09:16:00,0.99574,0.99577,0.99568,0.99568,17
2012-03-22 09:17:00,0.99557,0.99572,0.99552,0.99572,12
2012-03-22 09:18:00,0.99571,0.99577,0.9956,0.9956,17
2012-03-22 09:19:00,0.99577,0.99577,0.99572,0.99574,6
2012-03-22 09:20:00,0.99549,0.99574,0.99549,0.99574,10
2012-03-22 09:21:00,0.99546,0.99554,0.99543,0.99546,13
2012-03-22 09:22:00,0.99546,0.99554,0.99546,0.99549,10
2012-03-22 09:23:00,0.99568,0.99568,0.9954,0.99543,14
2012-03-22 09:24:00,0.99557,0.99571,0.99555,0.99571,12
2012-03-22 09:25:00,0.99546,0.9956,0.99543,0.9956,12
2012-03-22 09:26:00,0.99566,0.99568,0.99549,0.99549,9
2012-03-22 09:27:00,0.99577,0.99577,0.99568,0.99568,4
2012-03-22 09:28:00,0.99569,0.99577,0.99569,0.99574,5
2012-03-22 09:29:00,0.99577,0.9958,0.99571,0.99571,11
2012-03-22 09:30:00,0.99586,0.99597,0.9958,0.9958,19
2012-03-22 09:31:00,0.99572,0.99597,0.99572,0.99588,17
2012-03-22 09:32:00,0.99605,0.99605,0.99572,0.99574,18
2012-03-22 09:33:00,0.99606,0.99608,0.99583,0.99603,28
2012-03-22 09:34:00,0.99608,0.99608,0.996,0.99608,9
2012-03-22 09:35:00,0.99611,0.99611,0.99597,0.99606,11
2012-03-22 09:36:00,0.99597,0.99611,0.99592,0.99609,15
2012-03-22 09:37:00,0.99585,0.996,0.99583,0.996,8
2012-03-22 09:38:00,0.9956,0.99585,0.9956,0.99583,11
2012-03-22 09:39:00,0.99552,0.99566,0.99552,0.99563,17
2012-03-22 09:40:00,0.9956,0.99566,0.99554,0.99554,11
2012-03-22 09:41:00,0.99569,0.99577,0.99563,0.99563,15
2012-03-22 09:42:00,0.99568,0.99577,0.99557,0.99571,34
2012-03-22 09:43:00,0.9956,0.99568,0.99557,0.99566,15
2012-03-22 09:44:00,0.9954,0.9956,0.9954,0.99557,11
2012-03-22 09:45:00,0.99522,0.99549,0.99522,0.99538,18
2012-03-22 09:46:00,0.99519,0.99519,0.99508,0.99519,11
2012-03-22 09:47:00,0.99511,0.99516,0.99508,0.99516,9
2012-03-22 09:48:00,0.99496,0.99508,0.99491,0.99508,9
2012-03-22 09:49:00,0.99496,0.99499,0.99491,0.99499,6
2012-03-22 09:50:00,0.99482,0.99505,0.99482,0.99499,11
2012-03-22 09:51:00,0.99485,0.99485,0.99477,0.99479,5
2012-03-22 09:52:00,0.99507,0.99507,0.99488,0.99488,8
2012-03-22 09:53:00,0.99511,0.99519,0.9951,0.9951,7
2012-03-22 09:54:00,0.99502,0.99508,0.99502,0.99508,3
2012-03-22 09:55:00,0.99489,0.99499,0.99468,0.99499,32
2012-03-22 09:56:00,0.99498,0.99503,0.99492,0.99492,13
2012-03-22 09:57:00,0.99495,0.995,0.99495,0.995,7
2012-03-22 09:58:00,0.99478,0.99492,0.99478,0.99492,12
2012-03-22 09:59:00,0.9948,0.9948,0.99475,0.99475,3
2012-03-22 10:00:00,0.99483,0.99483,0.99472,0.99478,7
2012-03-22 10:01:00,0.995,0.995,0.99486,0.99486,12
2012-03-22 10:02:00,0.99534,0.99534,0.99503,0.99503,16
2012-03-22 10:03:00,0.9954,0.9956,0.99537,0.99537,16
2012-03-22 10:04:00,0.99534,0.99549,0.99532,0.99543,12
2012-03-22 10:05:00,0.99551,0.99551,0.99537,0.99537,8
2012-03-22 10:06:00,0.99575,0.99575,0.99546,0.99549,16
2012-03-22 10:07:00,0.99593,0.99595,0.99578,0.99578,12
2012-03-22 10:08:00,0.99593,0.99593,0.99587,0.9959,4
2012-03-22 10:09:00,0.99573,0.9959,0.99573,0.9959,13
2012-03-22 10:10:00,0.99553,0.9957,0.99553,0.9957,21
2012-03-22 10:11:00,0.9955,0.99553,0.99545,0.9955,9
2012-03-22 10:12:00,0.99542,0.99561,0.99542,0.99553,13
2012-03-22 10:13:00,0.99553,0.99556,0.99539,0.99539,18
2012-03-22 10:14:00,0.99553,0.99558,0.99548,0.9955,12
2012-03-22 10:15:00,0.99551,0.99558,0.99549,0.99556,18
2012-03-22 10:16:00,0.99557,0.99557,0.99549,0.99549,4
2012-03-22 10:17:00,0.99557,0.99557,0.99552,0.99555,8
2012-03-22 10:18:00,0.9954,0.99563,0.9954,0.9956,12
2012-03-22 10:19:00,0.9954,0.99543,0.99532,0.99538,12
2012-03-22 10:20:00,0.99532,0.99538,0.99526,0.99538,13
2012-03-22 10:21:00,0.99543,0.99549,0.99534,0.99534,12
2012-03-22 10:22:00,0.99551,0.99551,0.9954,0.9954,9
2012-03-22 10:23:00,0.99543,0.99549,0.9954,0.99549,5
2012-03-22 10:24:00,0.99549,0.99551,0.99546,0.99546,6
2012-03-22 10:25:00,0.99549,0.99551,0.99543,0.99546,10
2012-03-22 10:26:00,0.9954,0.99546,0.99538,0.99546,5
2012-03-22 10:27:00,0.99529,0.99538,0.99521,0.99538,10
2012-03-22 10:28:00,0.99551,0.99551,0.99532,0.99532,12
2012-03-22 10:29:00,0.99557,0.99557,0.99549,0.99549,6
2012-03-22 10:30:00,0.99555,0.9956,0.99555,0.99555,15
2012-03-22 10:31:00,0.99555,0.9956,0.99555,0.99557,6
2012-03-22 10:33:00,0.9956,0.9956,0.99557,0.99557,2
2012-03-22 10:34:00,0.99571,0.99571,0.99563,0.99563,4
2012-03-22 10:35:00,0.9958,0.9958,0.99569,0.99569,5
2012-03-22 10:36:00,0.99563,0.99577,0.99563,0.99577,6
2012-03-22 10:37:00,0.9956,0.99568,0.99557,0.99566,15
2012-03-22 10:38:00,0.9956,0.99563,0.99557,0.99557,4
2012-03-22 10:39:00,0.9954,0.9956,0.9954,0.99557,15
2012-03-22 10:40:00,0.9954,0.9954,0.99529,0.99538,10
2012-03-22 10:41:00,0.9954,0.99543,0.9954,0.99543,2
2012-03-22 10:42:00,0.99554,0.99554,0.99538,0.99538,7
2012-03-22 10:43:00,0.9956,0.99563,0.99552,0.99552,14
2012-03-22 10:44:00,0.99549,0.99557,0.99549,0.99557,6
2012-03-22 10:45:00,0.99532,0.99551,0.99532,0.99551,16
2012-03-22 10:46:00,0.99523,0.99529,0.99523,0.99529,3
2012-03-22 10:47:00,0.99521,0.99521,0.99521,0.99521,1
2012-03-22 10:48:00,0.99532,0.99532,0.99521,0.99523,8
2012-03-22 10:49:00,0.99557,0.99557,0.99534,0.99534,11
2012-03-22 10:50:00,0.9954,0.9956,0.99532,0.9956,16
2012-03-22 10:51:00,0.99532,0.99538,0.99532,0.99538,9
2012-03-22 10:52:00,0.99529,0.99529,0.99526,0.99529,3
2012-03-22 10:53:00,0.9952,0.99526,0.99518,0.99526,5
2012-03-22 10:54:00,0.99521,0.99529,0.99521,0.99523,6
2012-03-22 10:56:00,0.99529,0.99532,0.99523,0.99523,5
2012-03-22 10:57:00,0.99529,0.99534,0.99529,0.99532,4
2012-03-22 10:58:00,0.99521,0.99526,0.99521,0.99526,3
2012-03-22 10:59:00,0.99523,0.99523,0.99512,0.99518,7
2012-03-22 11:00:00,0.99526,0.99534,0.99526,0.99526,9
2012-03-22 11:01:00,0.99504,0.99529,0.99504,0.99529,14
2012-03-22 11:02:00,0.99521,0.99526,0.99506,0.99506,14
2012-03-22 11:03:00,0.9954,0.99543,0.99518,0.99523,21
2012-03-22 11:08:00,0.9955,0.9955,0.99543,0.99543,7
2012-03-22 11:09:00,0.99532,0.99548,0.99532,0.99548,8
2012-03-22 11:10:00,0.99534,0.99534,0.99523,0.99529,7
2012-03-22 11:11:00,0.99526,0.99532,0.99523,0.99532,5
2012-03-22 11:12:00,0.99537,0.9954,0.99523,0.99523,12
2012-03-22 11:13:00,0.99546,0.99551,0.9954,0.9954,7
2012-03-22 11:14:00,0.99554,0.99557,0.99546,0.99549,15
2012-03-22 11:15:00,0.99557,0.99557,0.99557,0.99557,1
2012-03-22 11:16:00,0.99554,0.99555,0.99549,0.99555,9
2012-03-22 11:17:00,0.99555,0.99557,0.99555,0.99557,4
2012-03-22 11:18:00,0.99555,0.99566,0.99555,0.99557,8
2012-03-22 11:19:00,0.99563,0.99563,0.99555,0.99557,13
2012-03-22 11:20:00,0.99571,0.99571,0.99557,0.9956,11
2012-03-22 11:21:00,0.99563,0.99569,0.99563,0.99569,7
2012-03-22 11:22:00,0.99552,0.99571,0.99552,0.99566,16
2012-03-22 11:23:00,0.99552,0.99554,0.99546,0.99549,6
2012-03-22 11:24:00,0.99549,0.99549,0.99549,0.99549,1
2012-03-22 11:25:00,0.99546,0.99546,0.99546,0.99546,1
2012-03-22 11:26:00,0.9956,0.99568,0.99549,0.99549,11
2012-03-22 11:28:00,0.99563,0.99566,0.99563,0.99563,5
2012-03-22 11:29:00,0.99574,0.99574,0.99566,0.99566,4
2012-03-22 11:30:00,0.9956,0.99572,0.9956,0.99572,7
2012-03-22 11:31:00,0.99552,0.99557,0.99552,0.99557,5
2012-03-22 11:32:00,0.9956,0.99568,0.99554,0.99554,9
2012-03-22 11:33:00,0.99571,0.99571,0.99563,0.99563,4
2012-03-22 11:34:00,0.9958,0.9958,0.99574,0.99574,3
2012-03-22 11:35:00,0.9958,0.9958,0.99574,0.99577,4
2012-03-22 11:36:00,0.9958,0.9958,0.99574,0.99577,6
2012-03-22 11:37:00,0.9958,0.9958,0.99577,0.99577,2
2012-03-22 11:38:00,0.99583,0.99602,0.99583,0.99583,15
2012-03-22 11:39:00,0.99602,0.99602,0.99585,0.99585,15
2012-03-22 11:40:00,0.99611,0.99614,0.996,0.996,9
2012-03-22 11:41:00,0.99624,0.99632,0.99614,0.99614,20
2012-03-22 11:42:00,0.99624,0.99632,0.99621,0.99627,10
2012-03-22 11:43:00,0.9963,0.99635,0.99624,0.99627,22
2012-03-22 11:44:00,0.99621,0.99627,0.99618,0.99627,5
2012-03-22 11:45:00,0.9963,0.99632,0.99624,0.99624,11
2012-03-22 11:46:00,0.99622,0.99632,0.99617,0.99632,12
2012-03-22 11:47:00,0.99619,0.99628,0.99609,0.9962,17
2012-03-22 11:48:00,0.99617,0.99619,0.99614,0.99617,5
2012-03-22 11:49:00,0.99611,0.99614,0.99611,0.99614,2
2012-03-22 11:50:00,0.99622,0.99622,0.99609,0.99609,6
2012-03-22 11:51:00,0.99631,0.99634,0.99625,0.99625,5
2012-03-22 11:52:00,0.9964,0.99645,0.99631,0.99634,15
2012-03-22 11:53:00,0.99639,0.99642,0.99634,0.99637,14
2012-03-22 11:54:00,0.9964,0.99645,0.9964,0.99642,6
2012-03-22 11:56:00,0.99671,0.99676,0.99642,0.99642,27
2012-03-22 11:57:00,0.99676,0.99676,0.99671,0.99673,6
2012-03-22 11:58:00,0.99668,0.99674,0.99668,0.99674,11
2012-03-22 11:59:00,0.99673,0.99673,0.99665,0.99671,12
2012-03-22 12:00:00,0.99657,0.99673,0.99654,0.99671,20
2012-03-22 12:01:00,0.99662,0.99665,0.99648,0.99654,22
2012-03-22 12:02:00,0.99651,0.9966,0.9964,0.9966,14
2012-03-22 12:03:00,0.99648,0.99659,0.99648,0.99654,9
2012-03-22 12:04:00,0.99643,0.99645,0.99628,0.99645,16
2012-03-22 12:05:00,0.99643,0.99659,0.99643,0.99645,16
2012-03-22 12:06:00,0.99639,0.99642,0.99631,0.9964,17
2012-03-22 12:07:00,0.9964,0.99642,0.99637,0.99642,6
2012-03-22 12:08:00,0.9964,0.99642,0.9964,0.99642,4
2012-03-22 12:09:00,0.99637,0.99642,0.99637,0.99642,5
2012-03-22 12:10:00,0.99659,0.99659,0.99637,0.99639,14
2012-03-22 12:11:00,0.997,0.9971,0.99662,0.99662,37
2012-03-22 12:12:00,0.99709,0.99726,0.99698,0.99703,41
2012-03-22 12:13:00,0.99704,0.99712,0.99704,0.99712,6
2012-03-22 12:14:00,0.99715,0.9972,0.99706,0.99706,28
2012-03-22 12:15:00,0.99712,0.9972,0.99709,0.99717,17
2012-03-22 12:16:00,0.99709,0.99712,0.99701,0.99709,15
2012-03-22 12:17:00,0.9972,0.99726,0.99712,0.99712,16
2012-03-22 12:18:00,0.99712,0.9972,0.99709,0.99718,19
2012-03-22 12:19:00,0.99709,0.9972,0.99706,0.99715,11
2012-03-22 12:20:00,0.99715,0.99715,0.99709,0.99712,6
2012-03-22 12:21:00,0.99706,0.99717,0.99701,0.99717,13
2012-03-22 12:22:00,0.99712,0.9972,0.99709,0.99709,14
2012-03-22 12:23:00,0.99723,0.99723,0.99715,0.99715,8
2012-03-22 12:24:00,0.99721,0.99726,0.99718,0.99726,9
2012-03-22 12:25:00,0.99737,0.99737,0.99709,0.99718,28
2012-03-22 12:26:00,0.99732,0.99735,0.99732,0.99735,6
2012-03-22 12:27:00,0.99722,0.99734,0.99722,0.99734,9
2012-03-22 12:28:00,0.99722,0.99725,0.99722,0.99725,4
2012-03-22 12:29:00,0.99716,0.99722,0.99716,0.99719,12
2012-03-22 12:30:00,0.99863,0.99872,0.99721,0.99721,119
2012-03-22 12:31:00,0.9989,0.99907,0.9985,0.99861,91
2012-03-22 12:32:00,0.99913,0.99929,0.99874,0.99888,65
2012-03-22 12:33:00,0.99931,0.99931,0.99884,0.99911,66
2012-03-22 12:34:00,0.99905,0.99934,0.99901,0.99934,57
2012-03-22 12:35:00,0.9997,0.9997,0.99891,0.99907,99
2012-03-22 12:36:00,0.99963,0.99989,0.99952,0.99973,53
2012-03-22 12:37:00,0.99952,0.99966,0.99944,0.99966,32
2012-03-22 12:38:00,0.99944,0.99955,0.99932,0.99955,29
2012-03-22 12:39:00,0.99887,0.99941,0.99887,0.99941,26
2012-03-22 12:40:00,0.99864,0.99884,0.99858,0.99884,52
2012-03-22 12:41:00,0.99864,0.99878,0.99856,0.99867,29
2012-03-22 12:42:00,0.99878,0.99889,0.99867,0.99867,17
2012-03-22 12:43:00,0.99903,0.99903,0.99881,0.99881,13
2012-03-22 12:44:00,0.99898,0.99903,0.99895,0.99901,18
2012-03-22 12:45:00,0.99883,0.99895,0.99883,0.99895,13
2012-03-22 12:46:00,0.99863,0.9988,0.99863,0.9988,15
2012-03-22 12:47:00,0.99865,0.99868,0.99863,0.99865,5
2012-03-22 12:48:00,0.99846,0.99868,0.99846,0.99868,17
2012-03-22 12:49:00,0.99854,0.99854,0.99843,0.99848,13
2012-03-22 12:50:00,0.99849,0.99859,0.99846,0.99857,12
2012-03-22 12:51:00,0.99829,0.99846,0.99829,0.99846,9
2012-03-22 12:52:00,0.99817,0.99831,0.99817,0.99831,12
2012-03-22 12:53:00,0.99811,0.99815,0.99806,0.99815,10
2012-03-22 12:54:00,0.99842,0.99842,0.99814,0.99814,13
2012-03-22 12:55:00,0.99851,0.99854,0.99845,0.99845,15
2012-03-22 12:56:00,0.99846,0.99859,0.99846,0.99849,16
2012-03-22 12:57:00,0.99846,0.99848,0.99846,0.99848,6
2012-03-22 12:58:00,0.99845,0.99848,0.99834,0.99848,12
2012-03-22 12:59:00,0.99851,0.99851,0.99837,0.99848,10
2012-03-22 13:00:00,0.99854,0.99865,0.99854,0.99854,15
2012-03-22 13:01:00,0.99846,0.99865,0.99846,0.99857,17
2012-03-22 13:02:00,0.99846,0.99854,0.99834,0.99848,24
2012-03-22 13:03:00,0.99845,0.99848,0.99837,0.99848,14
2012-03-22 13:04:00,0.99865,0.99865,0.99843,0.99848,11
2012-03-22 13:05:00,0.99888,0.99899,0.99868,0.99868,18
2012-03-22 13:06:00,0.99896,0.99902,0.99885,0.99891,19
2012-03-22 13:07:00,0.99902,0.99902,0.99894,0.99894,12
2012-03-22 13:08:00,0.999,0.99902,0.99894,0.999,15
2012-03-22 13:09:00,0.99874,0.99905,0.99874,0.99902,15
2012-03-22 13:10:00,0.99868,0.99885,0.99868,0.99877,24
2012-03-22 13:11:00,0.99857,0.99866,0.99851,0.99866,8
2012-03-22 13:12:00,0.99868,0.99871,0.99859,0.99859,8
2012-03-22 13:13:00,0.99888,0.99888,0.99866,0.99866,11
2012-03-22 13:14:00,0.99883,0.99899,0.99883,0.99891,18
2012-03-22 13:15:00,0.99891,0.99891,0.99877,0.9988,21
2012-03-22 13:16:00,0.99905,0.99908,0.99888,0.99888,9
2012-03-22 13:17:00,0.99925,0.99925,0.99905,0.99908,15
2012-03-22 13:18:00,0.99942,0.99942,0.99922,0.99922,16
2012-03-22 13:19:00,0.99954,0.99956,0.99937,0.99939,22
2012-03-22 13:20:00,0.99947,0.9997,0.99945,0.99956,30
2012-03-22 13:21:00,0.99947,0.9995,0.99945,0.9995,4
2012-03-22 13:22:00,0.99948,0.9995,0.99937,0.99945,18
2012-03-22 13:23:00,0.99939,0.99964,0.99937,0.99945,31
2012-03-22 13:24:00,0.99945,0.99953,0.99937,0.99942,18
2012-03-22 13:25:00,0.99967,0.9997,0.99945,0.99947,22
2012-03-22 13:26:00,0.99976,0.99976,0.99968,0.9997,15
2012-03-22 13:27:00,0.99995,1.0001,0.99979,0.99979,29
2012-03-22 13:28:00,1.00008,1.00008,0.99982,0.99993,33
2012-03-22 13:29:00,1.00048,1.00048,1.0001,1.0001,53
2012-03-22 13:30:00,1.00028,1.0006,1.00026,1.0005,59
2012-03-22 13:31:00,1.00038,1.00042,1.00023,1.0003,54
2012-03-22 13:32:00,0.99997,1.00041,0.99997,1.00035,68
2012-03-22 13:33:00,1.00017,1.00017,0.9999,0.99999,41
2012-03-22 13:34:00,1.00018,1.00022,1.00006,1.0002,22
2012-03-22 13:35:00,1.00024,1.00024,1.00003,1.00015,49
2012-03-22 13:36:00,1.00048,1.00057,1.00027,1.00027,40
2012-03-22 13:37:00,1.00046,1.00053,1.00029,1.00046,45
2012-03-22 13:38:00,1.00048,1.0005,1.00036,1.00048,17
2012-03-22 13:39:00,1.00039,1.00053,1.00039,1.0005,40
2012-03-22 13:40:00,1.00008,1.00039,1.00003,1.00036,39
2012-03-22 13:41:00,1.00009,1.00016,0.99998,1.00006,35
2012-03-22 13:42:00,1.00029,1.00029,0.99988,1.00007,51
2012-03-22 13:43:00,1.00053,1.00053,1.00029,1.00031,28
2012-03-22 13:44:00,1.00025,1.00055,1.00025,1.00055,47
2012-03-22 13:45:00,1.0001,1.00036,1.00006,1.00027,79
2012-03-22 13:46:00,0.99999,1.0001,0.99976,1.00008,59
2012-03-22 13:47:00,0.99979,0.99997,0.99968,0.99997,34
2012-03-22 13:48:00,0.99979,0.99984,0.99971,0.99976,20
2012-03-22 13:49:00,0.99954,0.99976,0.99954,0.99976,9
2012-03-22 13:50:00,0.99964,0.99967,0.99954,0.99956,16
2012-03-22 13:51:00,0.99994,0.99994,0.99967,0.99967,21
2012-03-22 13:52:00,1.00006,1.00006,0.99996,0.99996,7
2012-03-22 13:53:00,1.00008,1.00017,1.00006,1.00008,17
2012-03-22 13:54:00,1.00001,1.00006,0.99993,1.00006,15
2012-03-22 13:55:00,0.99999,1.0001,0.99997,1.00003,27
2012-03-22 13:56:00,0.99996,1.00006,0.99988,0.99997,37
2012-03-22 13:57:00,0.99984,1.00003,0.99976,0.99994,29
2012-03-22 13:58:00,0.99976,0.99994,0.99976,0.99987,17
2012-03-22 13:59:00,0.99984,0.9999,0.99971,0.99979,41
2012-03-22 14:00:00,1.00019,1.0003,0.99987,0.99987,50
2012-03-22 14:01:00,0.99971,1.00019,0.99971,1.00016,39
2012-03-22 14:02:00,0.99956,0.99968,0.99954,0.99968,15
2012-03-22 14:03:00,0.99937,0.99956,0.99925,0.99954,35
2012-03-22 14:04:00,0.99942,0.99953,0.99937,0.99939,20
2012-03-22 14:05:00,0.99917,0.99953,0.99902,0.99945,59
2012-03-22 14:06:00,0.99924,0.99926,0.99914,0.99914,22
2012-03-22 14:07:00,0.99938,0.9994,0.99921,0.99926,17
2012-03-22 14:08:00,0.99966,0.99966,0.99938,0.9994,16
2012-03-22 14:09:00,0.99945,0.99969,0.99945,0.99969,19
2012-03-22 14:10:00,0.99942,0.99962,0.99942,0.99947,23
2012-03-22 14:11:00,0.99952,0.99952,0.99937,0.99945,15
2012-03-22 14:12:00,0.99938,0.99952,0.99924,0.99949,37
2012-03-22 14:13:00,0.99941,0.99946,0.99929,0.9994,21
2012-03-22 14:14:00,0.99949,0.99955,0.99935,0.99938,23
2012-03-22 14:15:00,0.99944,0.99955,0.99944,0.99952,16
2012-03-22 14:16:00,0.99973,0.9999,0.99925,0.99941,57
2012-03-22 14:17:00,1.00008,1.00029,0.99976,0.99976,50
2012-03-22 14:18:00,0.99997,1.00017,0.99997,1.0001,31
2012-03-22 14:19:00,0.99962,0.99999,0.99956,0.99999,43
2012-03-22 14:20:00,0.99976,0.99987,0.99959,0.99964,35
2012-03-22 14:21:00,0.99959,0.99973,0.99959,0.99973,8
2012-03-22 14:22:00,0.99976,1.00008,0.99962,0.99962,50
2012-03-22 14:23:00,0.99971,0.99987,0.99971,0.99979,28
2012-03-22 14:24:00,0.99937,0.99976,0.99937,0.99973,22
2012-03-22 14:25:00,0.9997,0.9997,0.99937,0.99939,26
2012-03-22 14:26:00,0.99953,0.99981,0.99951,0.99968,30
2012-03-22 14:27:00,0.99942,0.99967,0.99939,0.99951,22
2012-03-22 14:28:00,0.99958,0.99977,0.99945,0.99945,66
2012-03-22 14:29:00,0.99921,0.99963,0.99918,0.9996,39
2012-03-22 14:30:00,0.99957,0.99957,0.99923,0.99923,27
2012-03-22 14:31:00,0.99955,0.99969,0.99941,0.99955,33
2012-03-22 14:32:00,0.99988,0.99994,0.99957,0.99957,37
2012-03-22 14:33:00,1.00013,1.00013,0.9999,0.9999,47
2012-03-22 14:34:00,0.99958,1.00015,0.99956,1.00015,48
2012-03-22 14:35:00,0.99986,0.99986,0.99958,0.9996,14
2012-03-22 14:36:00,0.9997,1.0001,0.99965,0.99989,48
2012-03-22 14:37:00,0.99968,0.99981,0.99965,0.99968,29
2012-03-22 14:38:00,0.9997,0.99973,0.99959,0.9997,21
2012-03-22 14:39:00,0.99981,0.99994,0.99973,0.99973,28
2012-03-22 14:40:00,0.99987,0.99992,0.99976,0.99984,18
2012-03-22 14:41:00,0.9995,0.9999,0.99945,0.9999,39
2012-03-22 14:42:00,0.99928,0.99953,0.99925,0.99948,36
2012-03-22 14:43:00,0.99953,0.99953,0.99928,0.9993,27
2012-03-22 14:44:00,0.99953,0.99964,0.99948,0.99951,22
2012-03-22 14:45:00,0.99967,0.99967,0.99954,0.99956,15
2012-03-22 14:46:00,0.99982,0.99984,0.99959,0.99965,21
2012-03-22 14:47:00,0.99999,0.99999,0.99976,0.99979,23
2012-03-22 14:48:00,1.00006,1.00015,0.9999,1.00001,29
2012-03-22 14:49:00,0.99999,1.00013,0.99999,1.00008,19
2012-03-22 14:50:00,0.99997,1.0001,0.99995,1.00001,21
2012-03-22 14:51:00,1.00003,1.00003,0.99988,0.99995,31
2012-03-22 14:52:00,1.00008,1.00013,0.99999,1.00001,18
2012-03-22 14:53:00,0.99999,1.00024,0.99997,1.00006,28
2012-03-22 14:54:00,0.9999,1.00006,0.9999,1.00001,26
2012-03-22 14:55:00,0.9999,0.99994,0.99982,0.99992,17
2012-03-22 14:56:00,1.00017,1.00017,0.99988,0.99988,22
2012-03-22 14:57:00,0.99995,1.00015,0.99995,1.00015,20
2012-03-22 14:58:00,0.99987,0.99997,0.99979,0.99997,13
2012-03-22 14:59:00,0.99988,0.99996,0.99985,0.9999,16
2012-03-22 15:00:00,1.00008,1.00008,0.9999,0.9999,17
2012-03-22 15:01:00,1.00034,1.00034,1.00001,1.00006,19
2012-03-22 15:02:00,1.0002,1.00032,1.00018,1.00032,20
2012-03-22 15:03:00,1.00015,1.00018,1.00015,1.00018,10
2012-03-22 15:04:00,1.00017,1.00017,0.99999,1.00013,19
2012-03-22 15:05:00,1.0005,1.0005,1.0002,1.0002,36
2012-03-22 15:06:00,1.00072,1.00081,1.0005,1.00053,29
2012-03-22 15:07:00,1.00048,1.00069,1.00048,1.00069,14
2012-03-22 15:08:00,1.00055,1.00057,1.0005,1.0005,17
2012-03-22 15:09:00,1.00074,1.00083,1.00057,1.00057,32
2012-03-22 15:10:00,1.00071,1.00078,1.00069,1.00076,23
2012-03-22 15:11:00,1.00057,1.00074,1.00057,1.00069,20
2012-03-22 15:12:00,1.00057,1.00064,1.0005,1.0006,14
2012-03-22 15:13:00,1.00057,1.0006,1.00048,1.00055,10
2012-03-22 15:14:00,1.00067,1.00069,1.00057,1.00057,15
2012-03-22 15:15:00,1.00072,1.00083,1.00065,1.00065,21
2012-03-22 15:16:00,1.0006,1.00074,1.00058,1.00074,12
2012-03-22 15:17:00,1.00058,1.00068,1.00058,1.00062,15
2012-03-22 15:18:00,1.00046,1.00054,1.00046,1.00054,10
2012-03-22 15:19:00,1.00042,1.00048,1.00034,1.00048,13
2012-03-22 15:20:00,1.0004,1.00042,1.00038,1.0004,11
2012-03-22 15:21:00,1.00024,1.00038,1.00024,1.00038,14
2012-03-22 15:22:00,1.00008,1.00028,1.00006,1.00026,15
2012-03-22 15:23:00,1.00006,1.00012,1.00004,1.00006,11
2012-03-22 15:24:00,1.00008,1.00008,0.99996,1.00004,9
2012-03-22 15:25:00,1.0,1.00014,0.99998,1.00012,21
2012-03-22 15:26:00,0.99998,1.00008,0.99984,1.00004,21
2012-03-22 15:27:00,1.0,1.0,0.9999,0.99996,15
2012-03-22 15:28:00,0.99982,0.99998,0.99982,0.99998,13
2012-03-22 15:29:00,1.0,1.0,0.99978,0.99978,13
2012-03-22 15:30:00,0.9999,1.0,0.9999,0.99998,10
2012-03-22 15:31:00,0.99982,0.9999,0.99976,0.99986,13
2012-03-22 15:32:00,0.99982,0.99986,0.99982,0.99984,4
2012-03-22 15:33:00,0.99972,0.99984,0.99972,0.99984,7
2012-03-22 15:34:00,0.99978,0.99978,0.99962,0.9997,24
2012-03-22 15:35:00,0.99978,0.9998,0.9997,0.99976,20
2012-03-22 15:36:00,0.99982,0.99986,0.9998,0.9998,7
2012-03-22 15:37:00,0.9998,0.99986,0.99978,0.99978,10
2012-03-22 15:38:00,0.99966,0.99978,0.99964,0.99978,11
2012-03-22 15:39:00,0.99982,0.99984,0.9997,0.9997,13
2012-03-22 15:40:00,0.99976,0.9998,0.99966,0.99978,22
2012-03-22 15:41:00,0.9997,0.99978,0.99968,0.99972,15
2012-03-22 15:42:00,0.99984,0.99984,0.99972,0.99974,11
2012-03-22 15:43:00,0.99996,1.0,0.99988,0.99988,12
2012-03-22 15:44:00,0.99996,0.99996,0.99988,0.99994,12
2012-03-22 15:45:00,0.99996,1.00002,0.99988,0.99994,20
2012-03-22 15:46:00,0.9997,0.99994,0.99968,0.99994,21
2012-03-22 15:47:00,0.9999,0.99994,0.99968,0.99968,27
2012-03-22 15:48:00,0.99996,1.00004,0.99994,0.99994,16
2012-03-22 15:49:00,1.00006,1.00008,0.99996,1.0,17
2012-03-22 15:50:00,1.00002,1.00002,1.0,1.00002,5
2012-03-22 15:51:00,1.00006,1.00008,1.0,1.0,11
2012-03-22 15:52:00,1.00016,1.00016,0.99994,1.00008,22
2012-03-22 15:53:00,1.00016,1.00036,1.00016,1.00018,28
2012-03-22 15:54:00,1.00022,1.00028,1.00014,1.00018,24
2012-03-22 15:55:00,1.0002,1.00028,1.0002,1.00024,11
2012-03-22 15:56:00,1.0002,1.00024,1.00016,1.00016,10
2012-03-22 15:57:00,1.00024,1.00024,1.0002,1.00022,8
2012-03-22 15:58:00,1.0003,1.00032,1.00016,1.00022,22
2012-03-22 15:59:00,1.00024,1.00044,1.00024,1.00032,24
2012-03-22 16:00:00,1.00008,1.00022,1.00008,1.00022,30
2012-03-22 16:01:00,0.99982,1.00022,0.99976,1.00006,41
2012-03-22 16:02:00,0.99994,1.0,0.99984,0.99984,12
2012-03-22 16:03:00,0.99968,0.99992,0.99966,0.99992,17
2012-03-22 16:04:00,0.9997,0.9997,0.99962,0.99966,11
2012-03-22 16:05:00,0.99994,0.99994,0.99968,0.99974,24
2012-03-22 16:06:00,0.99962,0.99992,0.99962,0.99992,17
2012-03-22 16:07:00,0.99956,0.9997,0.99956,0.99966,10
2012-03-22 16:08:00,0.99956,0.99962,0.99948,0.9996,16
2012-03-22 16:09:00,0.99934,0.99954,0.99934,0.99954,12
2012-03-22 16:10:00,0.99934,0.9994,0.99928,0.99932,18
2012-03-22 16:11:00,0.99934,0.99934,0.9992,0.99932,16
2012-03-22 16:12:00,0.99934,0.99934,0.99928,0.99932,10
2012-03-22 16:13:00,0.9994,0.99942,0.99918,0.99932,34
2012-03-22 16:14:00,0.99976,0.99976,0.99942,0.99942,15
2012-03-22 16:15:00,0.99952,0.99974,0.99952,0.99974,13
2012-03-22 16:16:00,0.9995,0.99954,0.99948,0.99954,6
2012-03-22 16:17:00,0.99938,0.99954,0.99938,0.99954,15
2012-03-22 16:18:00,0.99938,0.99948,0.99938,0.9994,16
2012-03-22 16:19:00,0.99924,0.99946,0.99918,0.9994,18
2012-03-22 16:20:00,0.99922,0.99936,0.99918,0.99922,17
2012-03-22 16:21:00,0.99918,0.99924,0.9991,0.99924,11
2012-03-22 16:22:00,0.9993,0.9993,0.99922,0.99922,4
2012-03-22 16:23:00,0.99922,0.9993,0.99922,0.99928,5
2012-03-22 16:24:00,0.9994,0.9994,0.99918,0.99918,11
2012-03-22 16:25:00,0.99936,0.99938,0.99932,0.99938,4
2012-03-22 16:26:00,0.99938,0.99938,0.99938,0.99938,1
2012-03-22 16:27:00,0.9993,0.99936,0.9993,0.99936,3
2012-03-22 16:28:00,0.9993,0.9994,0.9993,0.99932,8
2012-03-22 16:29:00,0.9993,0.99936,0.9993,0.99932,8
2012-03-22 16:30:00,0.99944,0.99944,0.99928,0.99928,19
2012-03-22 16:31:00,0.9995,0.9995,0.99944,0.99946,4
2012-03-22 16:32:00,0.99952,0.99956,0.9995,0.99952,5
2012-03-22 16:33:00,0.99962,0.99964,0.99956,0.99956,5
2012-03-22 16:34:00,0.99964,0.99964,0.99958,0.99964,7
2012-03-22 16:35:00,0.9995,0.99964,0.9995,0.99962,9
2012-03-22 16:36:00,0.99944,0.9995,0.99936,0.99948,12
2012-03-22 16:37:00,0.99936,0.99946,0.99928,0.99946,27
2012-03-22 16:38:00,0.9993,0.99938,0.9993,0.99932,8
2012-03-22 16:39:00,0.99932,0.99932,0.99932,0.99932,1
2012-03-22 16:40:00,0.99946,0.99946,0.99928,0.9993,11
2012-03-22 16:42:00,0.99948,0.99956,0.99948,0.9995,8
2012-03-22 16:43:00,0.9995,0.99956,0.99938,0.9995,13
2012-03-22 16:44:00,0.99958,0.99958,0.99948,0.99952,23
2012-03-22 16:45:00,0.99964,0.99964,0.99958,0.9996,10
2012-03-22 16:46:00,0.99962,0.99964,0.99958,0.99962,7
2012-03-22 16:47:00,0.99952,0.99958,0.99952,0.99958,3
2012-03-22 16:48:00,0.99958,0.99958,0.99956,0.99956,2
2012-03-22 16:49:00,0.9995,0.99956,0.99948,0.99956,5
2012-03-22 16:50:00,0.99942,0.99948,0.99942,0.99948,3
2012-03-22 16:51:00,0.99926,0.9994,0.99924,0.99938,11
2012-03-22 16:52:00,0.9993,0.99936,0.99928,0.9993,7
2012-03-22 16:53:00,0.99922,0.99936,0.99922,0.99932,7
2012-03-22 16:54:00,0.9991,0.99918,0.99908,0.99918,6
2012-03-22 16:55:00,0.99918,0.99924,0.99912,0.99912,7
2012-03-22 16:56:00,0.99912,0.99916,0.9991,0.99916,6
2012-03-22 16:57:00,0.9991,0.99912,0.9991,0.9991,3
2012-03-22 16:58:00,0.99928,0.9993,0.99912,0.99912,10
2012-03-22 16:59:00,0.9991,0.99924,0.99908,0.99924,14
2012-03-22 17:00:00,0.99924,0.99924,0.99912,0.99912,19
2012-03-22 17:01:00,0.99924,0.99924,0.99918,0.99922,6
2012-03-22 17:02:00,0.99926,0.99926,0.99926,0.99926,1
2012-03-22 17:03:00,0.99946,0.99946,0.9993,0.9993,7
2012-03-22 17:05:00,0.99956,0.99964,0.99948,0.9995,11
2012-03-22 17:06:00,0.99966,0.99966,0.99958,0.99958,4
2012-03-22 17:07:00,0.9997,0.9997,0.99964,0.99964,3
2012-03-22 17:08:00,0.9997,0.9997,0.99966,0.99966,2
2012-03-22 17:09:00,0.99978,0.99978,0.99972,0.99972,7
2012-03-22 17:10:00,0.99984,0.99984,0.9998,0.9998,2
2012-03-22 17:11:00,0.9996,0.99982,0.99958,0.99982,10
2012-03-22 17:12:00,0.99956,0.9996,0.99948,0.99958,22
2012-03-22 17:13:00,0.99972,0.99972,0.99958,0.99958,6
2012-03-22 17:14:00,0.9995,0.9997,0.99948,0.9997,18
2012-03-22 17:15:00,0.99958,0.9997,0.99952,0.99952,13
2012-03-22 17:16:00,0.9996,0.9996,0.99956,0.99956,3
2012-03-22 17:17:00,0.99946,0.99958,0.99938,0.99958,11
2012-03-22 17:18:00,0.99948,0.99952,0.99948,0.9995,4
2012-03-22 17:19:00,0.9995,0.9995,0.9995,0.9995,1
2012-03-22 17:20:00,0.99946,0.99948,0.99944,0.99948,3
2012-03-22 17:21:00,0.99944,0.99944,0.99944,0.99944,1
2012-03-22 17:23:00,0.9995,0.9995,0.99942,0.99942,4
2012-03-22 17:24:00,0.99942,0.99948,0.99942,0.99948,9
2012-03-22 17:25:00,0.9995,0.99952,0.99944,0.99944,7
2012-03-22 17:26:00,0.99948,0.99948,0.99948,0.99948,1
2012-03-22 17:27:00,0.99952,0.99956,0.99944,0.9995,16
2012-03-22 17:28:00,0.99932,0.99956,0.99932,0.99956,15
2012-03-22 17:29:00,0.9994,0.9994,0.99922,0.99936,15
2012-03-22 17:30:00,0.9994,0.99946,0.99938,0.99938,8
2012-03-22 17:31:00,0.99938,0.99944,0.99938,0.99938,5
2012-03-22 17:32:00,0.9995,0.9995,0.99932,0.9994,12
2012-03-22 17:33:00,0.99938,0.9995,0.99932,0.99948,20
2012-03-22 17:34:00,0.99948,0.9995,0.99938,0.9994,11
2012-03-22 17:35:00,0.99938,0.99952,0.99938,0.9995,9
2012-03-22 17:36:00,0.99938,0.99944,0.99936,0.99936,12
2012-03-22 17:37:00,0.9993,0.99936,0.99928,0.99936,7
2012-03-22 17:38:00,0.9993,0.99936,0.9993,0.99932,6
2012-03-22 17:39:00,0.9993,0.9993,0.99928,0.99928,8
2012-03-22 17:40:00,0.99942,0.99944,0.99928,0.99928,14
2012-03-22 17:41:00,0.99936,0.99938,0.99936,0.99938,2
2012-03-22 17:42:00,0.99942,0.99946,0.9993,0.99932,10
2012-03-22 17:43:00,0.99924,0.99944,0.99924,0.99944,10
2012-03-22 17:44:00,0.99928,0.9993,0.99922,0.99926,9
2012-03-22 17:45:00,0.9993,0.99932,0.99924,0.99924,11
2012-03-22 17:46:00,0.99936,0.99936,0.99928,0.99928,14
2012-03-22 17:50:00,0.99936,0.99936,0.9993,0.99932,6
2012-03-22 17:51:00,0.9993,0.99932,0.9993,0.99932,2
2012-03-22 17:52:00,0.99936,0.99936,0.99932,0.99932,2
2012-03-22 17:53:00,0.99952,0.99956,0.99938,0.99938,10
2012-03-22 17:54:00,0.99958,0.99964,0.99956,0.99956,18
2012-03-22 17:55:00,0.99964,0.99964,0.9996,0.9996,2
2012-03-22 17:56:00,0.99966,0.99966,0.99966,0.99966,1
2012-03-22 17:57:00,0.9997,0.99972,0.99966,0.9997,5
2012-03-22 17:58:00,0.99978,0.99984,0.99972,0.99972,7
2012-03-22 17:59:00,0.99958,0.99984,0.99958,0.99976,13
2012-03-22 18:00:00,0.9997,0.99972,0.99956,0.9996,10
2012-03-22 18:01:00,0.99978,0.99978,0.99966,0.99966,5
2012-03-22 18:02:00,1.00008,1.00008,0.99978,0.9998,15
2012-03-22 18:03:00,1.0,1.00006,0.99998,1.00006,7
2012-03-22 18:04:00,0.99982,1.0,0.99982,0.99998,9
2012-03-22 18:05:00,1.0,1.0,0.99982,0.99984,13
2012-03-22 18:06:00,0.99982,0.99998,0.99982,0.99998,9
2012-03-22 18:07:00,0.9998,0.9998,0.99976,0.99978,4
2012-03-22 18:08:00,0.9999,0.9999,0.99982,0.99984,9
2012-03-22 18:10:00,0.99996,0.99998,0.99986,0.99986,8
2012-03-22 18:11:00,0.99982,0.99992,0.99982,0.99992,5
2012-03-22 18:12:00,0.99982,0.9999,0.99982,0.99984,6
2012-03-22 18:13:00,0.99984,0.99984,0.99984,0.99984,1
2012-03-22 18:14:00,0.9998,0.99984,0.99978,0.99982,7
2012-03-22 18:15:00,0.99978,0.99986,0.99978,0.99984,7
2012-03-22 18:16:00,0.9998,0.9998,0.9998,0.9998,1
2012-03-22 18:17:00,1.0,1.00004,0.99984,0.99984,9
2012-03-22 18:18:00,1.00006,1.00006,0.99998,1.00004,6
2012-03-22 18:19:00,1.0001,1.00012,1.00008,1.00008,3
2012-03-22 18:20:00,1.00028,1.00028,1.00012,1.00012,13
2012-03-22 18:21:00,1.0002,1.00032,1.0002,1.00026,11
2012-03-22 18:22:00,1.00022,1.00022,1.00022,1.00022,1
2012-03-22 18:23:00,1.00014,1.0002,1.00014,1.0002,3
2012-03-22 18:24:00,1.00006,1.00018,1.00006,1.00018,5
2012-03-22 18:25:00,1.0,1.00018,1.0,1.00008,18
2012-03-22 18:26:00,1.0,1.0,0.99996,0.99998,10
2012-03-22 18:27:00,0.9999,0.99998,0.9999,0.99998,6
2012-03-22 18:28:00,0.9999,1.0,0.9999,0.99992,10
2012-03-22 18:29:00,0.99976,0.99998,0.99972,0.99992,17
2012-03-22 18:30:00,0.99998,0.99998,0.99978,0.99978,16
2012-03-22 18:31:00,0.99996,0.99996,0.99996,0.99996,1
2012-03-22 18:32:00,0.99996,0.99998,0.99992,0.99992,4
2012-03-22 18:34:00,1.0,1.0,0.99998,0.99998,2
2012-03-22 18:35:00,0.99986,0.99998,0.99984,0.99998,7
2012-03-22 18:36:00,0.9999,0.9999,0.9999,0.9999,1
2012-03-22 18:37:00,1.00008,1.00012,0.99992,0.99992,17
2012-03-22 18:38:00,0.9999,1.00012,0.9999,1.00012,13
2012-03-22 18:41:00,0.99984,0.99994,0.99984,0.99986,8
2012-03-22 18:42:00,0.99972,0.99982,0.99972,0.99982,6
2012-03-22 18:43:00,0.99984,0.99984,0.99976,0.99976,6
2012-03-22 18:44:00,0.99986,0.99986,0.99982,0.99986,7
2012-03-22 18:45:00,0.99986,0.99994,0.99986,0.9999,6
2012-03-22 18:46:00,1.00008,1.00008,0.9999,0.9999,14
2012-03-22 18:47:00,1.00006,1.00008,0.99998,1.00006,19
2012-03-22 18:48:00,1.00008,1.00008,0.99996,1.00004,9
2012-03-22 18:49:00,0.9999,1.00006,0.9999,1.00006,7
2012-03-22 18:50:00,0.99994,0.99994,0.9999,0.99992,4
2012-03-22 18:51:00,1.0,1.0,0.99996,0.99998,4
2012-03-22 18:52:00,1.00006,1.00008,1.00004,1.00004,4
2012-03-22 18:53:00,1.00008,1.00008,1.00004,1.00004,3
2012-03-22 18:54:00,1.0,1.00012,1.0,1.00012,5
2012-03-22 18:55:00,1.00018,1.00018,1.00004,1.00004,6
2012-03-22 18:56:00,1.00018,1.00026,1.00018,1.0002,10
2012-03-22 18:57:00,1.00032,1.00032,1.0002,1.0002,7
2012-03-22 18:58:00,1.00026,1.00028,1.00026,1.00028,4
2012-03-22 18:59:00,1.00028,1.00034,1.00026,1.00028,19
2012-03-22 19:00:00,1.00034,1.00034,1.00026,1.00026,4
2012-03-22 19:01:00,1.00026,1.00042,1.00026,1.00038,11
2012-03-22 19:02:00,1.00028,1.00038,1.00026,1.00028,11
2012-03-22 19:03:00,1.00028,1.00028,1.00026,1.00026,2
2012-03-22 19:04:00,1.00039,1.00046,1.00024,1.00026,19
2012-03-22 19:05:00,1.00032,1.00037,1.00032,1.00037,3
2012-03-22 19:06:00,1.00029,1.00036,1.00029,1.00029,9
2012-03-22 19:07:00,1.00004,1.00027,0.99999,1.00027,17
2012-03-22 19:08:00,1.00008,1.00015,1.00006,1.00006,12
2012-03-22 19:09:00,1.00015,1.00015,1.00011,1.00011,5
2012-03-22 19:10:00,1.00011,1.00013,1.00006,1.00013,8
2012-03-22 19:11:00,1.00011,1.00013,1.00008,1.00008,6
2012-03-22 19:12:00,1.00027,1.00027,1.00013,1.00013,7
2012-03-22 19:13:00,1.0002,1.00025,1.00018,1.00025,5
2012-03-22 19:14:00,1.00025,1.00025,1.00022,1.00022,2
2012-03-22 19:15:00,1.00029,1.00029,1.00018,1.00022,8
2012-03-22 19:16:00,1.00037,1.00041,1.00027,1.00027,9
2012-03-22 19:17:00,1.00046,1.00048,1.00039,1.00039,12
2012-03-22 19:18:00,1.00039,1.00048,1.00039,1.00048,7
2012-03-22 19:19:00,1.00046,1.0005,1.00039,1.00041,11
2012-03-22 19:20:00,1.00057,1.00057,1.00048,1.00048,9
2012-03-22 19:21:00,1.00048,1.00055,1.00044,1.00055,16
2012-03-22 19:22:00,1.00032,1.00046,1.00027,1.00046,11
2012-03-22 19:23:00,1.00022,1.00034,1.0002,1.00034,12
2012-03-22 19:24:00,1.00013,1.0002,1.00013,1.0002,4
2012-03-22 19:25:00,1.00008,1.00015,1.00006,1.00015,8
2012-03-22 19:26:00,1.00004,1.00013,1.00004,1.00011,8
2012-03-22 19:27:00,1.00001,1.00011,1.00001,1.00006,9
2012-03-22 19:28:00,1.00002,1.00016,0.99999,0.99999,20
2012-03-22 19:29:00,1.00005,1.00009,1.00005,1.00005,9
2012-03-22 19:30:00,1.0001,1.00023,1.00007,1.00007,14
2012-03-22 19:31:00,1.0,1.00007,1.0,1.00007,10
2012-03-22 19:32:00,0.99998,0.99998,0.99994,0.99998,5
2012-03-22 19:33:00,1.00002,1.00005,1.0,1.0,6
2012-03-22 19:34:00,1.00016,1.00016,1.00005,1.00005,8
2012-03-22 19:35:00,1.00019,1.00023,1.00019,1.00019,5
2012-03-22 19:36:00,0.99994,1.00017,0.99994,1.00017,11
2012-03-22 19:37:00,0.99986,0.99992,0.99986,0.99992,13
2012-03-22 19:38:00,0.99968,0.99988,0.99957,0.99988,24
2012-03-22 19:39:00,0.99966,0.99971,0.9996,0.99971,9
2012-03-22 19:40:00,0.99954,0.99971,0.99946,0.99968,30
2012-03-22 19:41:00,0.99974,0.99974,0.99952,0.99952,17
2012-03-22 19:42:00,0.99972,0.99974,0.99969,0.99972,7
2012-03-22 19:43:00,0.99972,0.99983,0.99969,0.99969,16
2012-03-22 19:44:00,0.99977,0.9998,0.99966,0.99974,14
2012-03-22 19:45:00,0.99971,0.99975,0.99966,0.99975,6
2012-03-22 19:46:00,0.99962,0.9997,0.99959,0.99969,21
2012-03-22 19:47:00,0.99964,0.9997,0.99959,0.99959,11
2012-03-22 19:48:00,0.9997,0.99973,0.99965,0.99967,6
2012-03-22 19:49:00,0.9997,0.99973,0.99956,0.99967,18
2012-03-22 19:50:00,0.99956,0.99973,0.99956,0.99973,13
2012-03-22 19:51:00,0.99956,0.99964,0.99953,0.99958,20
2012-03-22 19:52:00,0.99945,0.99953,0.99942,0.99953,10
2012-03-22 19:53:00,0.99942,0.99944,0.99942,0.99942,7
2012-03-22 19:54:00,0.99942,0.99944,0.99942,0.99944,6
2012-03-22 19:55:00,0.99953,0.99953,0.99942,0.99944,10
2012-03-22 19:56:00,0.9995,0.99953,0.99948,0.9995,5
2012-03-22 19:57:00,0.99961,0.99961,0.99948,0.99948,10
2012-03-22 19:58:00,0.9997,0.99973,0.99964,0.99964,5
2012-03-22 19:59:00,0.99967,0.99967,0.99965,0.99967,3
2012-03-22 20:00:00,0.99967,0.99971,0.99963,0.99967,7
2012-03-22 20:01:00,0.99971,0.99971,0.99967,0.99971,5
2012-03-22 20:02:00,0.99967,0.99975,0.99967,0.99975,3
2012-03-22 20:03:00,0.99963,0.99963,0.99963,0.99963,1
2012-03-22 20:06:00,0.99967,0.99967,0.99967,0.99967,1
2012-03-22 20:07:00,0.99967,0.99967,0.99959,0.99963,4
2012-03-22 20:08:00,0.99967,0.99971,0.99963,0.99963,4
2012-03-22 20:09:00,0.99975,0.99975,0.99971,0.99971,2
2012-03-22 20:10:00,0.99959,0.99971,0.99959,0.99971,4
2012-03-22 20:11:00,0.99955,0.99955,0.99955,0.99955,1
2012-03-22 20:14:00,0.99951,0.99951,0.99951,0.99951,1
2012-03-22 20:15:00,0.99951,0.99951,0.99947,0.99947,2
2012-03-22 20:16:00,0.99939,0.99947,0.99939,0.99947,5
2012-03-22 20:17:00,0.99947,0.99947,0.99943,0.99943,2
2012-03-22 20:18:00,0.99947,0.99947,0.99943,0.99943,2
2012-03-22 20:19:00,0.99943,0.99955,0.99943,0.99951,5
2012-03-22 20:20:00,0.99939,0.99939,0.99939,0.99939,1
2012-03-22 20:23:00,0.99935,0.99935,0.99935,0.99935,1
2012-03-22 20:24:00,0.99939,0.99939,0.99939,0.99939,1
2012-03-22 20:25:00,0.99943,0.99943,0.99943,0.99943,1
2012-03-22 20:28:00,0.99939,0.99939,0.99935,0.99939,3
2012-03-22 20:29:00,0.9991,0.99935,0.9991,0.99935,17
2012-03-22 20:30:00,0.99922,0.99922,0.9991,0.99914,9
2012-03-22 20:31:00,0.99938,0.99946,0.99926,0.99926,10
2012-03-22 20:32:00,0.99926,0.99934,0.99926,0.99934,3
2012-03-22 20:33:00,0.99926,0.9993,0.99926,0.9993,2
2012-03-22 20:37:00,0.99938,0.99938,0.9993,0.9993,3
2012-03-22 20:39:00,0.99934,0.99946,0.99934,0.99942,7
2012-03-22 20:41:00,0.9993,0.9993,0.9993,0.9993,1
2012-03-22 20:42:00,0.99926,0.99926,0.99926,0.99926,1
2012-03-22 20:43:00,0.9993,0.9993,0.9993,0.9993,1
2012-03-22 20:44:00,0.99918,0.99934,0.99918,0.99934,5
2012-03-22 20:45:00,0.99914,0.99922,0.99914,0.99922,3
2012-03-22 20:46:00,0.99914,0.99918,0.99914,0.99918,4
2012-03-22 20:47:00,0.9991,0.9991,0.9991,0.9991,1
2012-03-22 20:48:00,0.99914,0.99914,0.9991,0.99914,3
2012-03-22 20:49:00,0.99914,0.99918,0.99914,0.99918,2
2012-03-22 20:50:00,0.99906,0.9991,0.99906,0.9991,2
2012-03-22 20:51:00,0.99906,0.9991,0.99906,0.9991,2
2012-03-22 20:52:00,0.99918,0.99918,0.9991,0.9991,3
2012-03-22 20:53:00,0.99914,0.99918,0.99914,0.99914,3
2012-03-22 20:54:00,0.99914,0.99918,0.99914,0.99918,2
2012-03-22 20:55:00,0.99896,0.99909,0.99896,0.99909,4
2012-03-22 20:56:00,0.99892,0.99892,0.99888,0.99892,3
2012-03-22 20:57:00,0.99866,0.99896,0.99858,0.99896,16
2012-03-22 20:58:00,0.99874,0.99882,0.9987,0.9987,6
2012-03-22 20:59:00,0.99922,0.99949,0.99878,0.99878,28
2012-03-22 21:00:00,0.99954,0.99954,0.99913,0.99928,16
2012-03-22 21:01:00,0.99983,0.99983,0.99948,0.99958,10
2012-03-22 21:02:00,0.99946,0.99995,0.99946,0.99978,19
2012-03-22 21:03:00,0.99962,0.99962,0.99949,0.9995,6
2012-03-22 21:04:00,0.99958,0.99958,0.99958,0.99958,1
2012-03-22 21:05:00,0.99904,0.99955,0.99904,0.99954,16
2012-03-22 21:08:00,0.99912,0.99912,0.99908,0.99908,2
2012-03-22 21:09:00,0.99908,0.99908,0.99908,0.99908,1
2012-03-22 21:10:00,0.99908,0.99912,0.99908,0.99912,2
2012-03-22 21:11:00,0.99904,0.99908,0.99904,0.99904,3
2012-03-22 21:14:00,0.99904,0.99904,0.999,0.999,2
2012-03-22 21:17:00,0.99912,0.99912,0.99908,0.99908,2
2012-03-22 21:19:00,0.99904,0.99908,0.99904,0.99908,4
2012-03-22 21:27:00,0.99924,0.99924,0.99908,0.99908,7
2012-03-22 21:29:00,0.99928,0.99928,0.99928,0.99928,1
2012-03-22 21:30:00,0.99948,0.99948,0.99932,0.99932,7
2012-03-22 21:31:00,0.9996,0.9996,0.99952,0.99952,3
2012-03-22 21:32:00,0.99927,0.99968,0.99927,0.99964,12
2012-03-22 21:35:00,0.99898,0.99922,0.99898,0.99922,6
2012-03-22 21:36:00,0.99885,0.99894,0.99885,0.99894,3
2012-03-22 21:37:00,0.99896,0.99896,0.99872,0.99881,9
2012-03-22 21:38:00,0.99965,0.99965,0.999,0.999,16
2012-03-22 21:39:00,0.99953,0.99961,0.99953,0.99961,5
2012-03-22 21:40:00,0.99927,0.99949,0.99927,0.99949,6
2012-03-22 21:44:00,0.9994,0.99954,0.99931,0.99931,9
2012-03-22 21:45:00,0.99935,0.99953,0.99935,0.99936,13
2012-03-22 21:46:00,0.99938,0.9995,0.99938,0.99939,6
2012-03-22 21:47:00,0.99934,0.99934,0.9993,0.99934,3
2012-03-22 21:48:00,0.9991,0.99934,0.99906,0.9993,14
2012-03-22 21:49:00,0.99915,0.99915,0.99882,0.99906,15
2012-03-22 21:50:00,0.99927,0.99927,0.99919,0.99919,3
2012-03-22 21:51:00,0.99951,0.99951,0.99931,0.99931,6
2012-03-22 21:52:00,0.99959,0.99959,0.99947,0.99947,4
2012-03-22 21:53:00,0.99951,0.99967,0.99951,0.99963,6
2012-03-22 21:54:00,0.99943,0.99947,0.99943,0.99947,2
2012-03-22 21:56:00,0.99947,0.99947,0.99947,0.99947,1
2012-03-22 21:57:00,0.99943,0.99943,0.99922,0.99943,11
2012-03-22 21:58:00,0.99943,0.99943,0.99922,0.99939,10
2012-03-22 22:00:00,0.99944,0.9996,0.9994,0.99942,19
2012-03-22 22:01:00,0.99954,0.99958,0.9994,0.99948,13
2012-03-22 22:03:00,0.99958,0.99964,0.99958,0.99958,7
2012-03-22 22:06:00,0.99954,0.99954,0.99954,0.99954,1
2012-03-22 22:12:00,0.9993,0.99954,0.99924,0.99952,13
2012-03-22 22:13:00,0.9993,0.9993,0.99926,0.99926,2
2012-03-22 22:15:00,0.99932,0.99932,0.99932,0.99932,2
2012-03-22 22:16:00,0.99935,0.99935,0.99935,0.99935,1
2012-03-22 22:17:00,0.99935,0.99935,0.99932,0.99932,2
2012-03-22 22:20:00,0.99935,0.99935,0.99929,0.99932,4
2012-03-22 22:22:00,0.99932,0.99935,0.99932,0.99932,3
2012-03-22 22:23:00,0.99963,0.99969,0.99935,0.99935,21
2012-03-22 22:24:00,0.99958,0.99961,0.99958,0.99961,2
2012-03-22 22:25:00,0.99955,0.99957,0.99955,0.99955,9
2012-03-22 22:26:00,0.99952,0.99952,0.99952,0.99952,1
2012-03-22 22:28:00,0.99946,0.99949,0.99946,0.99949,4
2012-03-22 22:31:00,0.99944,0.99944,0.99944,0.99944,1
2012-03-22 22:32:00,0.99935,0.99941,0.99932,0.99941,5
2012-03-22 22:33:00,0.99943,0.99943,0.99938,0.99938,7
2012-03-22 22:34:00,0.9994,0.99941,0.99938,0.99941,3
2012-03-22 22:35:00,0.99941,0.99946,0.99941,0.99943,4
2012-03-22 22:37:00,0.99935,0.99938,0.99935,0.99938,2
2012-03-22 22:38:00,0.99935,0.99935,0.99929,0.99932,4
2012-03-22 22:39:00,0.99932,0.99935,0.99932,0.99932,3
2012-03-22 22:40:00,0.99924,0.99929,0.99924,0.99929,3
2012-03-22 22:41:00,0.99923,0.99926,0.99918,0.99926,8
2012-03-22 22:42:00,0.99924,0.99929,0.99924,0.99926,4
2012-03-22 22:43:00,0.99929,0.99929,0.99926,0.99926,2
2012-03-22 22:44:00,0.99938,0.99938,0.99932,0.99932,3
2012-03-22 22:45:00,0.99935,0.99935,0.99935,0.99935,1
2012-03-22 22:46:00,0.99932,0.99932,0.99932,0.99932,1
2012-03-22 22:48:00,0.99924,0.99929,0.99924,0.99929,3
2012-03-22 22:49:00,0.99924,0.99926,0.99921,0.99921,4
2012-03-22 22:52:00,0.99926,0.99926,0.99926,0.99926,1
2012-03-22 22:53:00,0.99929,0.99929,0.99929,0.99929,1
2012-03-22 22:55:00,0.99927,0.99927,0.99927,0.99927,1
2012-03-22 22:56:00,0.99926,0.99926,0.99924,0.99924,2
2012-03-22 22:59:00,0.99935,0.99935,0.99929,0.99929,3
2012-03-22 23:00:00,0.99932,0.99932,0.99932,0.99932,1
2012-03-22 23:02:00,0.99929,0.99935,0.99929,0.99935,3
2012-03-22 23:03:00,0.99932,0.99932,0.99927,0.99932,5
2012-03-22 23:07:00,0.99929,0.99929,0.99929,0.99929,1
2012-03-22 23:09:00,0.99938,0.99938,0.99932,0.99932,3
2012-03-22 23:10:00,0.99935,0.99943,0.99935,0.99935,7
2012-03-22 23:11:00,0.99938,0.99938,0.99938,0.99938,1
2012-03-22 23:12:00,0.99935,0.99935,0.99935,0.99935,1
2012-03-22 23:13:00,0.99949,0.99949,0.99938,0.99938,5
2012-03-22 23:14:00,0.99949,0.9996,0.99946,0.99946,16
2012-03-22 23:18:00,0.99944,0.99946,0.99944,0.99946,4
2012-03-22 23:20:00,0.99946,0.99946,0.99946,0.99946,1
2012-03-22 23:21:00,0.99944,0.99944,0.99944,0.99944,1
2012-03-22 23:23:00,0.99952,0.99952,0.99941,0.99946,9
2012-03-22 23:24:00,0.99949,0.99949,0.99949,0.99949,1
2012-03-22 23:25:00,0.99943,0.99946,0.99941,0.99946,4
2012-03-22 23:26:00,0.99941,0.99943,0.99941,0.99941,3
2012-03-22 23:28:00,0.99941,0.99943,0.99941,0.99943,2
2012-03-22 23:29:00,0.99943,0.99943,0.99943,0.99943,1
2012-03-22 23:30:00,0.99946,0.99946,0.99944,0.99946,5
2012-03-22 23:31:00,0.99946,0.99946,0.99944,0.99944,2
2012-03-22 23:32:00,0.99952,0.99952,0.99949,0.99949,2
2012-03-22 23:34:00,0.99955,0.99955,0.99955,0.99955,1
2012-03-22 23:35:00,0.99957,0.99957,0.99957,0.99957,1
2012-03-22 23:36:00,0.99955,0.99955,0.99955,0.99955,1
2012-03-22 23:38:00,0.99955,0.99957,0.99955,0.99957,2
2012-03-22 23:40:00,0.99949,0.99952,0.99949,0.99952,4
2012-03-22 23:41:00,0.99924,0.99946,0.99924,0.99946,9
2012-03-22 23:42:00,0.99932,0.99935,0.99924,0.99926,7
2012-03-22 23:43:00,0.99924,0.99935,0.99924,0.99935,5
2012-03-22 23:44:00,0.99926,0.99926,0.99926,0.99926,1
2012-03-22 23:46:00,0.99918,0.99924,0.99915,0.99924,5
2012-03-22 23:48:00,0.99915,0.99915,0.99915,0.99915,1
2012-03-22 23:49:00,0.99915,0.99918,0.99915,0.99918,2
2012-03-22 23:50:00,0.99915,0.99915,0.99912,0.99912,2
2012-03-22 23:51:00,0.9991,0.99912,0.9991,0.99912,4
2012-03-22 23:52:00,0.99904,0.99912,0.99904,0.99912,4
2012-03-22 23:53:00,0.9989,0.99906,0.9989,0.99906,13
2012-03-22 23:54:00,0.9989,0.99892,0.9989,0.99892,2
2012-03-22 23:55:00,0.99878,0.99887,0.9987,0.99887,10
2012-03-22 23:56:00,0.99878,0.99881,0.99872,0.99881,6
2012-03-22 23:57:00,0.99869,0.99876,0.99869,0.99876,3
2012-03-22 23:58:00,0.99884,0.99884,0.99872,0.99872,5
2012-03-23 00:00:00,0.99881,0.99881,0.99881,0.99881,1
2012-03-23 00:01:00,0.99873,0.99878,0.99873,0.99878,3
2012-03-23 00:02:00,0.99875,0.99875,0.9987,0.9987,5
2012-03-23 00:03:00,0.99875,0.99875,0.99873,0.99873,2
2012-03-23 00:04:00,0.99858,0.99873,0.99858,0.99873,20
2012-03-23 00:05:00,0.99872,0.99872,0.99861,0.99861,5
2012-03-23 00:06:00,0.99878,0.99878,0.99875,0.99875,2
2012-03-23 00:07:00,0.9987,0.99876,0.9987,0.99876,5
2012-03-23 00:09:00,0.99867,0.99867,0.99864,0.99867,3
2012-03-23 00:10:00,0.99872,0.99872,0.99869,0.99869,2
2012-03-23 00:11:00,0.99875,0.99875,0.9987,0.9987,5
2012-03-23 00:12:00,0.99873,0.99873,0.99873,0.99873,1
2012-03-23 00:13:00,0.99875,0.99875,0.99875,0.99875,1
2012-03-23 00:14:00,0.99875,0.99875,0.99873,0.99873,2
2012-03-23 00:15:00,0.99873,0.99873,0.99873,0.99873,1
2012-03-23 00:16:00,0.99873,0.99875,0.99873,0.99875,2
2012-03-23 00:17:00,0.9987,0.9987,0.9987,0.9987,1
2012-03-23 00:18:00,0.9987,0.99872,0.9987,0.99872,2
2012-03-23 00:19:00,0.99875,0.99875,0.99872,0.99872,2
2012-03-23 00:20:00,0.9987,0.99873,0.9987,0.99873,2
2012-03-23 00:21:00,0.99864,0.99867,0.99864,0.99867,2
2012-03-23 00:23:00,0.99861,0.99861,0.99861,0.99861,1
2012-03-23 00:25:00,0.99858,0.99858,0.99858,0.99858,1
2012-03-23 00:26:00,0.99861,0.99861,0.99856,0.99856,3
2012-03-23 00:27:00,0.9985,0.99858,0.9985,0.99858,4
2012-03-23 00:29:00,0.9985,0.99852,0.9985,0.99852,2
2012-03-23 00:30:00,0.9985,0.99852,0.9985,0.99852,2
2012-03-23 00:32:00,0.99852,0.99852,0.99852,0.99852,1
2012-03-23 00:33:00,0.99861,0.99861,0.9985,0.9985,5
2012-03-23 00:34:00,0.99867,0.99867,0.99864,0.99864,2
2012-03-23 00:41:00,0.99875,0.99875,0.99869,0.99869,3
2012-03-23 00:43:00,0.99901,0.99901,0.99878,0.99878,11
2012-03-23 00:44:00,0.99912,0.9992,0.99903,0.99903,12
2012-03-23 00:45:00,0.99912,0.99915,0.99912,0.99915,2
2012-03-23 00:46:00,0.99921,0.99923,0.99915,0.99915,5
2012-03-23 00:47:00,0.99926,0.99926,0.99918,0.99918,6
2012-03-23 00:48:00,0.99918,0.99924,0.99918,0.99924,3
2012-03-23 00:49:00,0.99915,0.99926,0.99915,0.9992,11
2012-03-23 00:50:00,0.99923,0.99923,0.99912,0.99912,11
2012-03-23 00:51:00,0.99906,0.99923,0.99901,0.99921,18
2012-03-23 00:52:00,0.9989,0.99904,0.9989,0.99904,6
2012-03-23 00:53:00,0.99884,0.99892,0.99878,0.99892,8
2012-03-23 00:54:00,0.99901,0.99901,0.99884,0.99886,10
2012-03-23 00:55:00,0.99903,0.99903,0.99884,0.99898,17
2012-03-23 00:56:00,0.99906,0.99906,0.99904,0.99906,3
2012-03-23 00:58:00,0.99895,0.99904,0.99895,0.99904,4
2012-03-23 00:59:00,0.9989,0.99903,0.9989,0.99893,18
2012-03-23 01:00:00,0.99903,0.99903,0.99884,0.99887,19
2012-03-23 01:01:00,0.99912,0.99912,0.99906,0.99906,3
2012-03-23 01:02:00,0.99926,0.99926,0.99915,0.99915,5
2012-03-23 01:03:00,0.99915,0.99924,0.99915,0.99924,6
2012-03-23 01:04:00,0.99915,0.99915,0.9991,0.99912,4
2012-03-23 01:05:00,0.99909,0.99912,0.99907,0.99912,4
2012-03-23 01:06:00,0.9991,0.99912,0.99907,0.99912,10
2012-03-23 01:07:00,0.99912,0.99912,0.99912,0.99912,1
2012-03-23 01:08:00,0.99915,0.99915,0.99915,0.99915,1
2012-03-23 01:09:00,0.9991,0.99912,0.9991,0.99912,4
2012-03-23 01:10:00,0.99912,0.99915,0.9991,0.99912,7
2012-03-23 01:12:00,0.9994,0.9994,0.99915,0.99915,10
2012-03-23 01:13:00,0.99941,0.99943,0.99941,0.99943,2
2012-03-23 01:14:00,0.99935,0.99946,0.99935,0.99943,12
2012-03-23 01:15:00,0.99876,0.99938,0.99876,0.99938,23
2012-03-23 01:16:00,0.99875,0.99878,0.9987,0.99878,6
2012-03-23 01:17:00,0.99854,0.99875,0.99854,0.99873,21
2012-03-23 01:18:00,0.99865,0.99865,0.99857,0.99857,6
2012-03-23 01:19:00,0.99871,0.99871,0.99868,0.99868,2
2012-03-23 01:20:00,0.99874,0.99877,0.99874,0.99874,3
2012-03-23 01:21:00,0.99877,0.99877,0.99877,0.99877,1
2012-03-23 01:22:00,0.99888,0.99888,0.99879,0.99879,4
2012-03-23 01:23:00,0.99916,0.99916,0.99891,0.99891,10
2012-03-23 01:24:00,0.99922,0.99936,0.99919,0.99919,12
2012-03-23 01:25:00,0.99933,0.99933,0.99919,0.99919,6
2012-03-23 01:26:00,0.99894,0.99945,0.99894,0.99936,23
2012-03-23 01:27:00,0.99894,0.99896,0.99894,0.99896,2
2012-03-23 01:28:00,0.99857,0.99891,0.99846,0.99891,21
2012-03-23 01:29:00,0.99882,0.99882,0.99859,0.99859,15
2012-03-23 01:30:00,0.99879,0.99888,0.99877,0.99885,7
2012-03-23 01:31:00,0.99877,0.99877,0.99877,0.99877,1
2012-03-23 01:32:00,0.9986,0.99874,0.9986,0.99874,6
2012-03-23 01:33:00,0.99849,0.99862,0.99846,0.99862,16
2012-03-23 01:34:00,0.99854,0.99865,0.99851,0.99851,14
2012-03-23 01:35:00,0.99846,0.99865,0.99846,0.99857,15
2012-03-23 01:36:00,0.99854,0.99857,0.99846,0.99848,9
2012-03-23 01:38:00,0.99857,0.99859,0.99857,0.99857,3
2012-03-23 01:40:00,0.99854,0.99854,0.99854,0.99854,1
2012-03-23 01:41:00,0.99865,0.99865,0.99857,0.99857,4
2012-03-23 01:42:00,0.99868,0.99877,0.99866,0.99868,9
2012-03-23 01:43:00,0.99898,0.99898,0.99866,0.99866,11
2012-03-23 01:44:00,0.99916,0.99916,0.99888,0.99894,39
2012-03-23 01:45:00,0.99936,0.99939,0.99914,0.99919,15
2012-03-23 01:46:00,0.99933,0.99945,0.99922,0.99934,21
2012-03-23 01:47:00,0.99947,0.99947,0.99936,0.99936,9
2012-03-23 01:48:00,0.99928,0.99945,0.99925,0.99945,15
2012-03-23 01:49:00,0.99942,0.99942,0.99914,0.99925,15
2012-03-23 01:50:00,0.9993,0.99939,0.99928,0.99939,6
2012-03-23 01:51:00,0.99934,0.99939,0.99933,0.99933,7
2012-03-23 01:52:00,0.99939,0.99939,0.99936,0.99936,2
2012-03-23 01:54:00,0.99934,0.99937,0.99934,0.99937,2
2012-03-23 01:55:00,0.99934,0.99936,0.99934,0.99936,2
2012-03-23 01:56:00,0.99945,0.99945,0.99936,0.99936,4
2012-03-23 01:57:00,0.99954,0.99962,0.99947,0.99947,21
2012-03-23 01:58:00,0.99962,0.99962,0.99956,0.99956,3
2012-03-23 01:59:00,0.99973,0.99973,0.99964,0.99964,4
2012-03-23 02:00:00,0.99968,0.99976,0.99968,0.99971,6
2012-03-23 02:01:00,0.99948,0.99965,0.99948,0.99965,10
2012-03-23 02:02:00,0.99968,0.99973,0.9995,0.9995,11
2012-03-23 02:03:00,0.99973,0.99973,0.99965,0.99965,4
2012-03-23 02:04:00,0.99979,0.99987,0.99976,0.99976,10
2012-03-23 02:05:00,0.99979,0.99981,0.99979,0.99981,2
2012-03-23 02:06:00,0.99984,0.99984,0.99976,0.99981,8
2012-03-23 02:07:00,0.99985,0.99987,0.99982,0.99982,4
2012-03-23 02:08:00,0.99982,0.99982,0.99982,0.99982,1
2012-03-23 02:09:00,0.99965,0.99979,0.99965,0.99979,6
2012-03-23 02:10:00,0.99962,0.99962,0.99962,0.99962,1
2012-03-23 02:11:00,0.99964,0.99964,0.99964,0.99964,1
2012-03-23 02:12:00,0.99954,0.99962,0.99954,0.99962,4
2012-03-23 02:14:00,0.99956,0.99956,0.99956,0.99956,1
2012-03-23 02:15:00,0.99954,0.99954,0.99954,0.99954,1
2012-03-23 02:16:00,0.99953,0.99953,0.99948,0.99951,4
2012-03-23 02:17:00,0.99953,0.99953,0.99951,0.99951,2
2012-03-23 02:18:00,0.99945,0.99951,0.99945,0.99951,3
2012-03-23 02:19:00,0.99945,0.9995,0.99945,0.99947,6
2012-03-23 02:20:00,0.99953,0.99953,0.99942,0.99947,7
2012-03-23 02:22:00,0.99967,0.9997,0.99956,0.99956,21
2012-03-23 02:23:00,0.99965,0.99967,0.99965,0.99965,3
2012-03-23 02:24:00,0.99968,0.9997,0.99967,0.99967,5
2012-03-23 02:25:00,0.99962,0.99967,0.99962,0.99965,4
2012-03-23 02:26:00,0.99959,0.99962,0.99959,0.99959,3
2012-03-23 02:29:00,0.99959,0.99959,0.99948,0.99956,8
2012-03-23 02:30:00,0.99967,0.99967,0.99962,0.99962,3
2012-03-23 02:31:00,0.99965,0.99965,0.99965,0.99965,1
2012-03-23 02:33:00,0.99964,0.99964,0.99962,0.99962,2
2012-03-23 02:34:00,0.99976,0.99976,0.99967,0.99967,6
2012-03-23 02:35:00,0.99979,0.99981,0.99979,0.99979,3
2012-03-23 02:36:00,0.99982,0.99984,0.99981,0.99981,3
2012-03-23 02:37:00,0.99984,0.99984,0.99984,0.99984,1
2012-03-23 02:38:00,0.99982,0.99982,0.99982,0.99982,1
2012-03-23 02:39:00,0.99956,0.99979,0.99956,0.99979,9
2012-03-23 02:40:00,0.99973,0.99973,0.99959,0.99959,8
2012-03-23 02:41:00,0.99973,0.99976,0.99973,0.99976,2
2012-03-23 02:42:00,0.99973,0.99973,0.99971,0.99971,2
2012-03-23 02:44:00,0.99982,0.99984,0.99968,0.99971,9
2012-03-23 02:45:00,0.99984,0.99984,0.99979,0.99984,5
2012-03-23 02:47:00,0.99988,0.99996,0.99987,0.99987,9
2012-03-23 02:48:00,0.99976,0.99985,0.99976,0.99985,4
2012-03-23 02:49:00,0.99981,0.99981,0.99979,0.99979,6
2012-03-23 02:50:00,0.99976,0.99979,0.99976,0.99979,2
2012-03-23 02:51:00,0.99965,0.99973,0.99965,0.99973,4
2012-03-23 02:52:00,0.9997,0.9997,0.99967,0.99967,2
2012-03-23 02:53:00,0.99976,0.99981,0.99971,0.99973,10
2012-03-23 02:54:00,0.99979,0.99984,0.99979,0.99979,9
2012-03-23 02:55:00,0.99979,0.99981,0.99979,0.99981,2
2012-03-23 02:56:00,0.99979,0.99981,0.99976,0.99981,4
2012-03-23 02:57:00,0.99984,0.99992,0.99981,0.99981,14
2012-03-23 02:58:00,0.99979,0.99987,0.99979,0.99987,4
2012-03-23 03:00:00,0.99979,0.99981,0.99976,0.99976,4
2012-03-23 03:01:00,0.99979,0.99984,0.99976,0.99976,12
2012-03-23 03:02:00,0.99979,0.99981,0.99979,0.99981,4
2012-03-23 03:03:00,0.99982,0.99984,0.99979,0.99981,5
2012-03-23 03:04:00,0.99984,0.99984,0.99979,0.99979,3
2012-03-23 03:05:00,0.9999,0.99999,0.99985,0.99987,20
2012-03-23 03:06:00,0.99981,0.99996,0.99973,0.99988,25
2012-03-23 03:07:00,0.99982,0.99984,0.99982,0.99984,2
2012-03-23 03:09:00,0.99984,0.99984,0.99984,0.99984,1
2012-03-23 03:10:00,0.99979,0.99982,0.99979,0.99982,2
2012-03-23 03:11:00,0.99979,0.99981,0.99979,0.99981,2
2012-03-23 03:12:00,0.99984,0.99984,0.99981,0.99981,2
2012-03-23 03:13:00,0.99985,0.9999,0.99985,0.99987,4
2012-03-23 03:14:00,0.99973,0.99982,0.99973,0.99982,4
2012-03-23 03:15:00,0.99984,0.99984,0.99976,0.99976,4
2012-03-23 03:16:00,0.99982,0.99982,0.99982,0.99982,1
2012-03-23 03:17:00,0.99979,0.99979,0.99979,0.99979,1
2012-03-23 03:19:00,0.99973,0.99981,0.99971,0.99981,6
2012-03-23 03:20:00,0.99968,0.99971,0.99968,0.99971,2
2012-03-23 03:22:00,0.99965,0.99967,0.99962,0.99965,5
2012-03-23 03:23:00,0.99964,0.99964,0.99962,0.99962,2
2012-03-23 03:24:00,0.99967,0.99967,0.99962,0.99962,3
2012-03-23 03:25:00,0.99965,0.99965,0.99965,0.99965,1
2012-03-23 03:26:00,0.99962,0.99962,0.99962,0.99962,1
2012-03-23 03:29:00,0.9997,0.9997,0.99964,0.99964,3
2012-03-23 03:30:00,0.99968,0.99968,0.99968,0.99968,1
2012-03-23 03:33:00,0.99967,0.99967,0.99959,0.99965,6
2012-03-23 03:34:00,0.9997,0.9997,0.9997,0.9997,1
2012-03-23 03:38:00,0.99968,0.99968,0.99968,0.99968,1
2012-03-23 03:42:00,0.99965,0.99965,0.99965,0.99965,1
2012-03-23 03:44:00,0.99956,0.99962,0.99956,0.99962,3
2012-03-23 03:45:00,0.99959,0.99959,0.99959,0.99959,1
2012-03-23 03:46:00,0.99956,0.99956,0.99956,0.99956,1
2012-03-23 03:47:00,0.99942,0.99964,0.99942,0.99959,11
2012-03-23 03:48:00,0.99956,0.99956,0.99945,0.99945,7
2012-03-23 03:49:00,0.99956,0.99973,0.99954,0.99959,22
2012-03-23 03:50:00,0.99945,0.99962,0.99945,0.99954,26
2012-03-23 03:51:00,0.99954,0.99962,0.99947,0.99947,21
2012-03-23 03:52:00,0.99956,0.99959,0.99954,0.99956,7
2012-03-23 03:54:00,0.99951,0.99956,0.99951,0.99954,4
2012-03-23 03:55:00,0.99953,0.99953,0.99945,0.99948,7
2012-03-23 03:56:00,0.99956,0.99956,0.99956,0.99956,1
2012-03-23 03:57:00,0.99968,0.99984,0.99959,0.99959,16
2012-03-23 03:58:00,0.99964,0.99965,0.99962,0.99965,5
2012-03-23 03:59:00,0.99967,0.9997,0.99965,0.99967,5
2012-03-23 04:00:00,0.99962,0.99965,0.99959,0.99965,4
2012-03-23 04:01:00,0.9997,0.9997,0.99964,0.99964,3
2012-03-23 04:02:00,0.99973,0.99973,0.99973,0.99973,1
2012-03-23 04:03:00,0.99984,0.99984,0.99976,0.99976,4
2012-03-23 04:04:00,0.99982,0.99982,0.99982,0.99982,1
2012-03-23 04:05:00,0.99979,0.99979,0.99979,0.99979,1
2012-03-23 04:06:00,0.99979,0.99981,0.99979,0.99981,2
2012-03-23 04:09:00,0.99988,0.99992,0.99981,0.99981,7
2012-03-23 04:10:00,0.99985,0.99985,0.99985,0.99985,1
2012-03-23 04:11:00,0.9999,0.99994,0.99987,0.99987,6
2012-03-23 04:12:00,0.99985,0.99988,0.99985,0.99988,6
2012-03-23 04:13:00,0.99999,0.99999,0.99985,0.99987,8
2012-03-23 04:15:00,1.00008,1.0001,1.00001,1.00001,6
2012-03-23 04:16:00,1.00008,1.00013,1.00008,1.0001,4
2012-03-23 04:17:00,1.00008,1.0001,1.00008,1.0001,2
2012-03-23 04:18:00,0.99999,1.00006,0.99999,1.00006,10
2012-03-23 04:19:00,0.99997,0.99997,0.99997,0.99997,1
2012-03-23 04:21:00,0.99995,0.99995,0.99995,0.99995,1
2012-03-23 04:22:00,0.99997,0.99997,0.99997,0.99997,1
2012-03-23 04:23:00,0.99999,0.99999,0.99993,0.99995,13
2012-03-23 04:24:00,0.99992,0.99997,0.9999,0.99997,5
2012-03-23 04:25:00,0.9999,0.9999,0.99988,0.9999,3
2012-03-23 04:26:00,0.99992,0.99992,0.99992,0.99992,1
2012-03-23 04:27:00,0.9999,0.9999,0.9999,0.9999,1
2012-03-23 04:28:00,0.9999,0.99992,0.9999,0.99992,2
2012-03-23 04:30:00,0.99996,0.99996,0.99992,0.99992,3
2012-03-23 04:31:00,0.99999,0.99999,0.99999,0.99999,1
2012-03-23 04:32:00,0.99995,0.99999,0.99995,0.99997,4
2012-03-23 04:33:00,0.9999,0.99996,0.9999,0.99993,8
2012-03-23 04:34:00,0.9999,0.99992,0.9999,0.99992,2
2012-03-23 04:35:00,0.99999,1.00006,0.9999,0.99992,16
2012-03-23 04:36:00,0.99993,0.99997,0.99993,0.99997,3
2012-03-23 04:37:00,0.9999,0.99992,0.9999,0.9999,3
2012-03-23 04:38:00,0.9999,0.9999,0.99988,0.99988,2
2012-03-23 04:39:00,0.99985,0.99988,0.99985,0.99988,2
2012-03-23 04:40:00,0.99982,0.99982,0.99982,0.99982,1
2012-03-23 04:41:00,0.99979,0.99979,0.99976,0.99979,3
2012-03-23 04:42:00,0.99981,0.99981,0.99981,0.99981,1
2012-03-23 04:46:00,0.99985,0.99987,0.99984,0.99984,3
2012-03-23 04:48:00,0.99982,0.99982,0.99982,0.99982,1
2012-03-23 04:50:00,0.99984,0.99984,0.99982,0.99984,5
2012-03-23 04:51:00,0.99987,0.99987,0.99985,0.99987,3
2012-03-23 04:52:00,0.9999,0.9999,0.99985,0.9999,5
2012-03-23 04:54:00,1.00001,1.00008,0.99992,0.99992,11
2012-03-23 04:55:00,0.99993,0.99999,0.99993,0.99999,4
2012-03-23 04:56:00,0.9999,0.9999,0.9999,0.9999,1
2012-03-23 05:00:00,0.99984,0.9999,0.99982,0.99988,6
2012-03-23 05:02:00,0.9999,0.99992,0.99987,0.99987,4
2012-03-23 05:03:00,0.99988,0.99988,0.99988,0.99988,1
2012-03-23 05:04:00,0.99992,0.99994,0.9999,0.9999,4
2012-03-23 05:05:00,0.99992,0.99994,0.99992,0.99994,4
2012-03-23 05:06:00,0.9999,0.99994,0.9999,0.9999,5
2012-03-23 05:07:00,0.99992,0.99992,0.99992,0.99992,1
2012-03-23 05:08:00,0.9999,0.9999,0.9999,0.9999,1
2012-03-23 05:09:00,0.99988,0.99988,0.99988,0.99988,1
2012-03-23 05:10:00,0.99987,0.99987,0.99985,0.99985,2
2012-03-23 05:12:00,0.99992,0.99992,0.9999,0.9999,2
2012-03-23 05:13:00,0.99999,0.99999,0.99994,0.99994,3
2012-03-23 05:14:00,1.00003,1.00003,1.00001,1.00001,2
2012-03-23 05:15:00,1.00003,1.00003,0.99999,1.00001,4
2012-03-23 05:21:00,1.0001,1.0001,1.00006,1.00006,3
2012-03-23 05:22:00,1.00011,1.00017,1.00008,1.00008,10
2012-03-23 05:23:00,1.0001,1.0001,1.00008,1.00008,2
2012-03-23 05:24:00,1.00013,1.00022,1.00008,1.00013,13
2012-03-23 05:25:00,1.00013,1.00017,1.00013,1.00015,6
2012-03-23 05:26:00,1.00011,1.00015,1.00011,1.00015,7
2012-03-23 05:27:00,1.00024,1.00024,1.00011,1.00013,10
2012-03-23 05:28:00,1.00032,1.00034,1.00022,1.00022,9
2012-03-23 05:29:00,1.00031,1.00039,1.00029,1.00034,10
2012-03-23 05:30:00,1.00025,1.00029,1.00025,1.00029,5
2012-03-23 05:31:00,1.00022,1.00022,1.00022,1.00022,1
2012-03-23 05:32:00,1.00025,1.00027,1.00024,1.00024,5
2012-03-23 05:33:00,1.00029,1.00031,1.00027,1.00027,6
2012-03-23 05:34:00,1.00032,1.00034,1.00031,1.00031,3
2012-03-23 05:35:00,1.00041,1.00043,1.00034,1.00034,6
2012-03-23 05:36:00,1.00053,1.00055,1.00043,1.00043,7
2012-03-23 05:37:00,1.00053,1.00053,1.00039,1.0005,12
2012-03-23 05:38:00,1.00064,1.00064,1.00055,1.00055,5
2012-03-23 05:39:00,1.00065,1.00067,1.00065,1.00067,2
2012-03-23 05:41:00,1.0006,1.00062,1.00055,1.00062,6
2012-03-23 05:42:00,1.00046,1.00057,1.00043,1.00057,8
2012-03-23 05:43:00,1.00054,1.00061,1.00048,1.00048,15
2012-03-23 05:44:00,1.00051,1.00052,1.00049,1.00052,3
2012-03-23 05:45:00,1.00061,1.00063,1.00054,1.00054,6
2012-03-23 05:46:00,1.00059,1.00059,1.00059,1.00059,1
2012-03-23 05:47:00,1.00061,1.00061,1.00061,1.00061,1
2012-03-23 05:49:00,1.00059,1.00061,1.00059,1.00059,3
2012-03-23 05:50:00,1.00061,1.00061,1.00059,1.00061,3
2012-03-23 05:51:00,1.00058,1.00063,1.00056,1.00063,5
2012-03-23 05:53:00,1.00056,1.00056,1.00056,1.00056,1
2012-03-23 05:54:00,1.00054,1.00058,1.00054,1.00058,3
2012-03-23 05:55:00,1.00056,1.00056,1.00056,1.00056,1
2012-03-23 05:56:00,1.00054,1.00054,1.00054,1.00054,1
2012-03-23 05:57:00,1.00042,1.00052,1.00042,1.00052,5
2012-03-23 05:58:00,1.00038,1.00047,1.00038,1.00044,14
2012-03-23 05:59:00,1.00038,1.00047,1.00038,1.0004,12
2012-03-23 06:00:00,1.00038,1.0004,1.00038,1.0004,2
2012-03-23 06:01:00,1.00042,1.00042,1.0004,1.0004,2
2012-03-23 06:04:00,1.0004,1.0004,1.0004,1.0004,1
2012-03-23 06:06:00,1.00037,1.00038,1.00035,1.00038,3
2012-03-23 06:07:00,1.00033,1.00035,1.00033,1.00035,2
2012-03-23 06:09:00,1.00038,1.00042,1.00033,1.00035,8
2012-03-23 06:10:00,1.00042,1.00042,1.00035,1.00035,4
2012-03-23 06:11:00,1.00049,1.00049,1.00044,1.00044,3
2012-03-23 06:12:00,1.00051,1.00051,1.00051,1.00051,1
2012-03-23 06:13:00,1.00052,1.00058,1.00052,1.00054,6
2012-03-23 06:14:00,1.00045,1.00051,1.00042,1.00049,9
2012-03-23 06:15:00,1.00044,1.00044,1.00042,1.00042,2
2012-03-23 06:16:00,1.00044,1.00044,1.00033,1.00042,10
2012-03-23 06:17:00,1.00051,1.00051,1.00047,1.00047,3
2012-03-23 06:18:00,1.00049,1.00049,1.00047,1.00049,5
2012-03-23 06:19:00,1.00054,1.00061,1.00051,1.00051,8
2012-03-23 06:20:00,1.00058,1.00058,1.00054,1.00056,6
2012-03-23 06:21:00,1.00054,1.00056,1.00054,1.00056,2
2012-03-23 06:22:00,1.00054,1.00054,1.00052,1.00052,2
2012-03-23 06:23:00,1.00054,1.00058,1.00054,1.00056,4
2012-03-23 06:24:00,1.00052,1.00052,1.00052,1.00052,1
2012-03-23 06:25:00,1.00077,1.0008,1.00054,1.00054,21
2012-03-23 06:26:00,1.00082,1.00082,1.00075,1.0008,8
2012-03-23 06:27:00,1.0008,1.00082,1.00077,1.0008,5
2012-03-23 06:28:00,1.0008,1.00082,1.0008,1.00082,6
2012-03-23 06:29:00,1.00075,1.00082,1.00075,1.00082,4
2012-03-23 06:30:00,1.00073,1.00073,1.00073,1.00073,1
2012-03-23 06:31:00,1.00062,1.0007,1.00052,1.0007,15
2012-03-23 06:32:00,1.00064,1.00064,1.0006,1.0006,7
2012-03-23 06:33:00,1.00062,1.00062,1.00062,1.00062,1
2012-03-23 06:36:00,1.00064,1.00071,1.00062,1.00064,11
2012-03-23 06:37:00,1.00071,1.00074,1.00065,1.00067,17
2012-03-23 06:38:00,1.00071,1.00071,1.00067,1.00069,6
2012-03-23 06:39:00,1.00074,1.00078,1.00074,1.00074,9
2012-03-23 06:40:00,1.00072,1.00076,1.00072,1.00076,3
2012-03-23 06:41:00,1.00074,1.00074,1.00074,1.00074,1
2012-03-23 06:42:00,1.00064,1.00072,1.00062,1.00072,6
2012-03-23 06:43:00,1.00067,1.00067,1.00067,1.00067,1
2012-03-23 06:44:00,1.00067,1.00067,1.00065,1.00065,2
2012-03-23 06:45:00,1.00065,1.00071,1.00065,1.00069,11
2012-03-23 06:46:00,1.00065,1.00067,1.00065,1.00067,2
2012-03-23 06:47:00,1.00057,1.00064,1.00057,1.00062,5
2012-03-23 06:48:00,1.0006,1.00064,1.0006,1.0006,5
2012-03-23 06:49:00,1.00064,1.00064,1.00062,1.00062,2
2012-03-23 06:50:00,1.0006,1.00062,1.0006,1.00062,2
2012-03-23 06:51:00,1.00064,1.00064,1.00062,1.00062,2
2012-03-23 06:53:00,1.00065,1.00067,1.00065,1.00067,2
2012-03-23 06:54:00,1.0006,1.00062,1.0006,1.00062,2
2012-03-23 06:55:00,1.0006,1.00062,1.0006,1.00062,2
2012-03-23 06:56:00,1.00055,1.00062,1.00055,1.00062,4
2012-03-23 06:57:00,1.00046,1.00057,1.00046,1.00057,6
2012-03-23 06:58:00,1.00048,1.0005,1.00046,1.00048,5
2012-03-23 06:59:00,1.0005,1.0005,1.00046,1.00046,3
2012-03-23 07:00:00,1.0005,1.0005,1.00048,1.00048,2
2012-03-23 07:01:00,1.00046,1.00048,1.00046,1.00048,2
2012-03-23 07:02:00,1.00027,1.00043,1.00025,1.00043,14
2012-03-23 07:03:00,1.00008,1.00025,1.00008,1.00025,10
2012-03-23 07:04:00,1.0002,1.0002,1.0001,1.0001,11
2012-03-23 07:05:00,1.0002,1.0002,1.00018,1.00018,2
2012-03-23 07:06:00,1.00018,1.0002,1.00018,1.00018,3
2012-03-23 07:07:00,1.0002,1.00022,1.0002,1.0002,3
2012-03-23 07:08:00,1.00015,1.00018,1.00015,1.00018,2
2012-03-23 07:09:00,1.00017,1.00017,1.00017,1.00017,1
2012-03-23 07:12:00,1.00018,1.00022,1.00018,1.0002,4
2012-03-23 07:13:00,1.00027,1.00029,1.0002,1.0002,8
2012-03-23 07:14:00,1.00029,1.00029,1.00027,1.00029,3
2012-03-23 07:15:00,1.00036,1.00036,1.00031,1.00031,3
2012-03-23 07:17:00,1.00036,1.00041,1.00036,1.00039,8
2012-03-23 07:18:00,1.00029,1.00034,1.00027,1.00034,7
2012-03-23 07:19:00,1.00008,1.00027,1.00008,1.00027,9
2012-03-23 07:21:00,1.00008,1.0001,1.00008,1.0001,2
2012-03-23 07:22:00,0.99984,1.00008,0.99982,1.00006,14
2012-03-23 07:23:00,0.99979,0.99996,0.99976,0.99987,14
2012-03-23 07:24:00,0.99981,0.99981,0.99976,0.99976,5
2012-03-23 07:25:00,0.99973,0.99979,0.99962,0.99979,11
2012-03-23 07:26:00,0.99971,0.99981,0.99971,0.99976,7
2012-03-23 07:27:00,0.99954,0.9997,0.99954,0.99968,12
2012-03-23 07:28:00,0.99939,0.99953,0.99939,0.99951,9
2012-03-23 07:29:00,0.99945,0.99945,0.99942,0.99942,2
2012-03-23 07:30:00,0.99888,0.99953,0.99888,0.99947,36
2012-03-23 07:31:00,0.99888,0.99891,0.9988,0.99891,12
2012-03-23 07:32:00,0.99896,0.99896,0.99891,0.99891,3
2012-03-23 07:33:00,0.99897,0.99913,0.99894,0.99894,20
2012-03-23 07:34:00,0.99862,0.99908,0.99857,0.99899,28
2012-03-23 07:35:00,0.99877,0.99879,0.99865,0.99865,7
2012-03-23 07:36:00,0.99879,0.99879,0.99863,0.99874,13
2012-03-23 07:37:00,0.99874,0.99882,0.99863,0.99882,16
2012-03-23 07:38:00,0.99902,0.99902,0.99866,0.99871,18
2012-03-23 07:39:00,0.99911,0.99911,0.99894,0.999,11
2012-03-23 07:40:00,0.99911,0.99913,0.99908,0.99908,4
2012-03-23 07:41:00,0.99911,0.99913,0.99911,0.99913,2
2012-03-23 07:42:00,0.9993,0.9993,0.99913,0.99913,9
2012-03-23 07:43:00,0.99936,0.99936,0.99928,0.99928,4
2012-03-23 07:44:00,0.99922,0.99934,0.99908,0.99934,23
2012-03-23 07:45:00,0.99928,0.9993,0.99911,0.99919,18
2012-03-23 07:46:00,0.99925,0.99933,0.99925,0.9993,7
2012-03-23 07:47:00,0.9993,0.9993,0.99928,0.99928,2
2012-03-23 07:48:00,0.99951,0.99953,0.99928,0.99933,25
2012-03-23 07:49:00,0.99937,0.9995,0.99937,0.99948,9
2012-03-23 07:50:00,0.99925,0.99939,0.99925,0.99939,10
2012-03-23 07:51:00,0.99922,0.99928,0.99922,0.99928,5
2012-03-23 07:52:00,0.9993,0.9993,0.99925,0.99925,5
2012-03-23 07:53:00,0.99937,0.99939,0.99928,0.99928,8
2012-03-23 07:54:00,0.99939,0.99939,0.99939,0.99939,1
2012-03-23 07:55:00,0.9995,0.99953,0.99942,0.99942,12
2012-03-23 07:56:00,0.99968,0.99973,0.99953,0.99953,12
2012-03-23 07:57:00,0.99956,0.99965,0.99956,0.99965,4
2012-03-23 07:58:00,0.99962,0.99962,0.99951,0.99954,8
2012-03-23 07:59:00,0.9997,0.9997,0.99964,0.99964,3
2012-03-23 08:00:00,0.9999,0.99994,0.99968,0.99968,19
2012-03-23 08:01:00,0.99985,0.99992,0.99985,0.99988,16
2012-03-23 08:02:00,0.99976,0.99982,0.99976,0.99982,9
2012-03-23 08:03:00,0.99984,0.99984,0.99979,0.99979,5
2012-03-23 08:04:00,0.99979,0.9999,0.99968,0.99987,14
2012-03-23 08:05:00,1.00006,1.0001,0.99981,0.99981,17
2012-03-23 08:06:00,1.0001,1.00015,1.00008,1.00008,14
2012-03-23 08:07:00,0.99999,1.00008,0.99993,1.00008,23
2012-03-23 08:08:00,1.00001,1.00006,0.99993,1.00001,15
2012-03-23 08:09:00,0.99999,1.00008,0.99999,0.99999,9
2012-03-23 08:10:00,0.99982,0.99997,0.99979,0.99997,13
2012-03-23 08:11:00,0.99981,0.99981,0.99979,0.99979,2
2012-03-23 08:12:00,0.99979,0.9999,0.99979,0.99984,9
2012-03-23 08:13:00,0.99959,0.99981,0.99959,0.99976,11
2012-03-23 08:14:00,0.99967,0.99967,0.99959,0.99962,9
2012-03-23 08:15:00,0.99953,0.99965,0.99948,0.99965,21
2012-03-23 08:16:00,0.99947,0.99951,0.99939,0.99951,12
2012-03-23 08:17:00,0.99956,0.99956,0.9995,0.9995,3
2012-03-23 08:18:00,0.99962,0.99962,0.99954,0.99959,6
2012-03-23 08:19:00,0.99947,0.99962,0.99942,0.99959,17
2012-03-23 08:20:00,0.9995,0.9995,0.9995,0.9995,1
2012-03-23 08:21:00,0.99936,0.99948,0.99931,0.99948,9
2012-03-23 08:22:00,0.99942,0.9995,0.99937,0.99939,12
2012-03-23 08:23:00,0.99942,0.99942,0.99939,0.99939,2
2012-03-23 08:24:00,0.99939,0.99939,0.99934,0.99939,5
2012-03-23 08:25:00,0.99928,0.99937,0.99928,0.99937,4
2012-03-23 08:26:00,0.99919,0.99933,0.99919,0.9993,9
2012-03-23 08:27:00,0.99905,0.99917,0.99905,0.99917,13
2012-03-23 08:28:00,0.99916,0.99919,0.99897,0.99902,26
2012-03-23 08:29:00,0.99908,0.99922,0.99908,0.99919,9
2012-03-23 08:30:00,0.99868,0.99905,0.99868,0.99905,14
2012-03-23 08:31:00,0.9986,0.99874,0.9986,0.99871,9
2012-03-23 08:32:00,0.99859,0.99859,0.99826,0.99857,57
2012-03-23 08:33:00,0.9986,0.99871,0.99851,0.99862,22
2012-03-23 08:34:00,0.99868,0.99868,0.99851,0.99857,21
2012-03-23 08:35:00,0.99849,0.99879,0.99849,0.99871,17
2012-03-23 08:36:00,0.99882,0.99882,0.99843,0.99851,24
2012-03-23 08:37:00,0.99874,0.99885,0.99868,0.9988,17
2012-03-23 08:38:00,0.9986,0.99874,0.9986,0.99871,7
2012-03-23 08:39:00,0.9986,0.99868,0.9986,0.99862,8
2012-03-23 08:40:00,0.99823,0.99862,0.9982,0.99862,31
2012-03-23 08:41:00,0.99846,0.99848,0.99825,0.99825,22
2012-03-23 08:42:00,0.99851,0.99851,0.99848,0.99848,4
2012-03-23 08:43:00,0.99862,0.99862,0.99846,0.99849,8
2012-03-23 08:44:00,0.9984,0.9986,0.9984,0.9986,8
2012-03-23 08:45:00,0.99851,0.99857,0.99837,0.99837,12
2012-03-23 08:46:00,0.99859,0.99859,0.99849,0.99849,5
2012-03-23 08:47:00,0.9987,0.99881,0.99862,0.99862,15
2012-03-23 08:48:00,0.99873,0.99875,0.9987,0.99872,5
2012-03-23 08:49:00,0.99903,0.99903,0.99875,0.99875,23
2012-03-23 08:50:00,0.99915,0.99915,0.9989,0.99901,16
2012-03-23 08:51:00,0.99923,0.99923,0.99918,0.99918,7
2012-03-23 08:52:00,0.99915,0.99921,0.9991,0.99921,7
2012-03-23 08:53:00,0.99915,0.99918,0.99907,0.99912,12
2012-03-23 08:54:00,0.99869,0.99912,0.99867,0.99912,40
2012-03-23 08:55:00,0.99881,0.99881,0.99872,0.99872,4
2012-03-23 08:56:00,0.9987,0.99884,0.99867,0.99878,20
2012-03-23 08:57:00,0.99872,0.99884,0.9987,0.99872,27
2012-03-23 08:58:00,0.99898,0.99898,0.9987,0.9987,17
2012-03-23 08:59:00,0.99898,0.99903,0.99893,0.99895,10
2012-03-23 09:00:00,0.99878,0.99895,0.99878,0.99895,7
2012-03-23 09:01:00,0.99872,0.99878,0.9987,0.99876,6
2012-03-23 09:02:00,0.99853,0.99875,0.99847,0.9987,17
2012-03-23 09:03:00,0.99836,0.99852,0.99836,0.9985,18
2012-03-23 09:04:00,0.99813,0.99833,0.99807,0.99833,12
2012-03-23 09:05:00,0.99801,0.99813,0.99799,0.9981,20
2012-03-23 09:06:00,0.99776,0.99799,0.99773,0.99799,21
2012-03-23 09:07:00,0.99719,0.99773,0.99719,0.99773,36
2012-03-23 09:08:00,0.99759,0.99762,0.99714,0.99717,38
2012-03-23 09:09:00,0.99777,0.99779,0.99762,0.99762,17
2012-03-23 09:10:00,0.99797,0.99797,0.99758,0.99775,27
2012-03-23 09:11:00,0.99811,0.99814,0.998,0.998,15
2012-03-23 09:12:00,0.99837,0.99837,0.99814,0.99814,17
2012-03-23 09:13:00,0.99837,0.99842,0.99834,0.99834,14
2012-03-23 09:14:00,0.99829,0.99834,0.99829,0.99834,3
2012-03-23 09:15:00,0.99837,0.9984,0.99809,0.99826,25
2012-03-23 09:16:00,0.99848,0.99848,0.99837,0.9984,28
2012-03-23 09:17:00,0.99865,0.99865,0.9984,0.99846,16
2012-03-23 09:18:00,0.9986,0.99868,0.9986,0.99863,10
2012-03-23 09:19:00,0.99844,0.99857,0.99832,0.99857,22
2012-03-23 09:20:00,0.99872,0.99872,0.99847,0.99847,12
2012-03-23 09:21:00,0.99878,0.99878,0.99861,0.9987,12
2012-03-23 09:22:00,0.9989,0.99895,0.99881,0.99881,14
2012-03-23 09:23:00,0.99909,0.99918,0.99892,0.99892,19
2012-03-23 09:24:00,0.9989,0.99918,0.9989,0.99907,27
2012-03-23 09:25:00,0.9989,0.99898,0.99884,0.99887,10
2012-03-23 09:26:00,0.99878,0.99887,0.99867,0.99887,24
2012-03-23 09:27:00,0.99889,0.99889,0.99876,0.99881,12
2012-03-23 09:28:00,0.99889,0.99889,0.99876,0.99887,10
2012-03-23 09:30:00,0.9989,0.99892,0.99876,0.99887,14
2012-03-23 09:31:00,0.99892,0.99892,0.99887,0.99887,9
2012-03-23 09:32:00,0.99889,0.99895,0.99887,0.99895,5
2012-03-23 09:33:00,0.99905,0.99905,0.99892,0.99892,9
2012-03-23 09:34:00,0.99908,0.99908,0.999,0.99902,7
2012-03-23 09:35:00,0.99891,0.99908,0.99883,0.99905,20
2012-03-23 09:36:00,0.9988,0.99894,0.9988,0.99894,12
2012-03-23 09:37:00,0.99888,0.99894,0.9988,0.99882,17
2012-03-23 09:38:00,0.99897,0.99899,0.99891,0.99891,7
2012-03-23 09:39:00,0.99919,0.99919,0.99894,0.99894,18
2012-03-23 09:40:00,0.99914,0.99922,0.99914,0.99922,6
2012-03-23 09:41:00,0.99919,0.99919,0.99908,0.99911,10
2012-03-23 09:42:00,0.9993,0.9993,0.99917,0.99917,6
2012-03-23 09:43:00,0.99928,0.99933,0.99925,0.99933,5
2012-03-23 09:44:00,0.99945,0.9995,0.9993,0.9993,16
2012-03-23 09:45:00,0.99954,0.99964,0.99947,0.99947,15
2012-03-23 09:46:00,0.9995,0.99951,0.99948,0.99951,7
2012-03-23 09:47:00,0.99959,0.99959,0.99953,0.99953,3
2012-03-23 09:48:00,0.99996,0.99996,0.99962,0.99962,20
2012-03-23 09:49:00,1.00008,1.00008,0.9999,0.99999,39
2012-03-23 09:50:00,0.99997,1.0002,0.99997,1.0001,41
2012-03-23 09:51:00,1.00003,1.00003,0.99988,0.99995,17
2012-03-23 09:52:00,0.99994,1.00008,0.9999,1.00006,14
2012-03-23 09:53:00,1.00003,1.00003,0.99988,0.99992,22
2012-03-23 09:54:00,0.9999,1.00001,0.99988,1.00001,16
2012-03-23 09:55:00,0.99978,0.99994,0.99978,0.99988,10
2012-03-23 09:56:00,0.99975,0.99977,0.99972,0.99975,9
2012-03-23 09:57:00,0.9998,0.9998,0.99972,0.99972,6
2012-03-23 09:58:00,0.99989,0.99989,0.99983,0.99983,3
2012-03-23 09:59:00,0.99976,0.99996,0.99976,0.99991,13
2012-03-23 10:00:00,0.99981,0.99981,0.99971,0.99979,8
2012-03-23 10:01:00,0.9999,0.99992,0.99984,0.99984,7
2012-03-23 10:02:00,0.99982,0.99988,0.99982,0.99988,3
2012-03-23 10:03:00,0.99992,0.99992,0.99971,0.99984,28
2012-03-23 10:04:00,0.99992,0.99992,0.99988,0.9999,8
2012-03-23 10:05:00,1.00022,1.00022,0.9999,0.9999,19
2012-03-23 10:06:00,1.00015,1.00024,1.00013,1.00024,7
2012-03-23 10:07:00,0.99999,1.00013,0.99997,1.00013,13
2012-03-23 10:08:00,0.99979,0.99997,0.99979,0.99997,18
2012-03-23 10:09:00,0.9997,0.99981,0.99968,0.99981,17
2012-03-23 10:10:00,0.9999,0.9999,0.99973,0.99973,7
2012-03-23 10:11:00,0.99979,0.99988,0.99979,0.99988,4
2012-03-23 10:13:00,0.99979,0.99981,0.99979,0.99981,2
2012-03-23 10:14:00,1.0001,1.0001,0.99981,0.99981,15
2012-03-23 10:15:00,1.00008,1.0001,0.99999,1.00008,19
2012-03-23 10:16:00,1.00018,1.00039,1.0001,1.0001,26
2012-03-23 10:17:00,1.0001,1.00015,1.00008,1.00015,7
2012-03-23 10:18:00,1.0001,1.00013,1.00006,1.00013,14
2012-03-23 10:19:00,1.00022,1.00024,1.00013,1.00013,13
2012-03-23 10:20:00,1.00022,1.00039,1.00022,1.00024,28
2012-03-23 10:21:00,1.00034,1.00036,1.00006,1.0002,23
2012-03-23 10:22:00,1.00036,1.00036,1.00036,1.00036,1
2012-03-23 10:23:00,1.00018,1.00034,1.00018,1.00034,14
2012-03-23 10:24:00,0.99999,1.00015,0.99997,1.00015,22
2012-03-23 10:25:00,0.99988,0.99997,0.99988,0.99997,15
2012-03-23 10:26:00,0.99988,0.9999,0.99982,0.99985,6
2012-03-23 10:27:00,0.99987,0.99987,0.99985,0.99985,2
2012-03-23 10:28:00,0.99988,0.99996,0.99988,0.9999,22
2012-03-23 10:29:00,0.99979,0.99987,0.99979,0.99985,15
2012-03-23 10:30:00,0.99999,0.99999,0.99973,0.99976,14
2012-03-23 10:31:00,0.99999,0.99999,0.99997,0.99997,2
2012-03-23 10:32:00,0.99992,0.99997,0.99982,0.99997,21
2012-03-23 10:33:00,0.99993,0.99999,0.99988,0.9999,12
2012-03-23 10:34:00,1.00008,1.0001,0.99995,0.99995,21
2012-03-23 10:35:00,1.00031,1.00031,1.0001,1.0001,10
2012-03-23 10:36:00,1.00018,1.00031,1.00018,1.00029,18
2012-03-23 10:37:00,1.00011,1.0002,1.00001,1.00015,21
2012-03-23 10:38:00,1.00012,1.00013,0.99995,1.00013,20
2012-03-23 10:39:00,1.00033,1.00037,1.00014,1.00014,19
2012-03-23 10:40:00,1.00047,1.00058,1.0003,1.0003,30
2012-03-23 10:41:00,1.00037,1.00045,1.00026,1.00045,32
2012-03-23 10:42:00,1.0004,1.00042,1.0003,1.00035,25
2012-03-23 10:43:00,1.00035,1.00051,1.00033,1.00042,24
2012-03-23 10:44:00,1.00035,1.00042,1.00033,1.00037,14
2012-03-23 10:45:00,1.00016,1.00033,1.00016,1.00033,16
2012-03-23 10:46:00,1.00008,1.00016,1.00006,1.00014,19
2012-03-23 10:47:00,1.00043,1.00043,0.99997,1.0001,41
2012-03-23 10:48:00,1.00034,1.00064,1.00027,1.00046,44
2012-03-23 10:49:00,1.00056,1.00058,1.00034,1.00036,31
2012-03-23 10:50:00,1.00076,1.00078,1.00047,1.00054,44
2012-03-23 10:51:00,1.00067,1.00078,1.00057,1.00074,26
2012-03-23 10:52:00,1.0005,1.00065,1.00043,1.00065,15
2012-03-23 10:53:00,1.0006,1.00064,1.00053,1.00053,28
2012-03-23 10:54:00,1.00078,1.00078,1.00062,1.00062,16
2012-03-23 10:55:00,1.00079,1.00083,1.00076,1.00076,8
2012-03-23 10:56:00,1.00067,1.00076,1.00065,1.00076,17
2012-03-23 10:57:00,1.00043,1.00065,1.00043,1.00065,14
2012-03-23 10:58:00,1.00057,1.00057,1.00036,1.00046,30
2012-03-23 10:59:00,1.00022,1.00067,1.00022,1.0006,45
2012-03-23 11:00:00,1.00093,1.00097,0.99946,1.00017,95
2012-03-23 11:01:00,1.00077,1.00101,1.00077,1.00097,4
2012-03-23 11:02:00,1.00061,1.00077,1.00061,1.00073,10
2012-03-23 11:03:00,1.00041,1.00057,1.00041,1.00057,5
2012-03-23 11:04:00,1.00037,1.00049,1.00033,1.00037,11
2012-03-23 11:05:00,1.00064,1.00064,1.00041,1.00041,13
2012-03-23 11:06:00,1.00051,1.0006,1.0005,1.0006,7
2012-03-23 11:07:00,1.0007,1.0007,1.00054,1.00054,8
2012-03-23 11:08:00,1.00038,1.00068,1.00038,1.00068,26
2012-03-23 11:09:00,1.00033,1.0004,1.00033,1.0004,8
2012-03-23 11:10:00,1.00058,1.00063,1.00026,1.0003,45
2012-03-23 11:11:00,1.0007,1.0007,1.00059,1.00061,17
2012-03-23 11:12:00,1.00131,1.00138,1.0007,1.00073,64
2012-03-23 11:13:00,1.00095,1.00129,1.00086,1.00129,41
2012-03-23 11:14:00,1.00128,1.00132,1.00095,1.00097,38
2012-03-23 11:15:00,1.00109,1.00139,1.00109,1.0013,32
2012-03-23 11:16:00,1.00149,1.00149,1.00111,1.00111,41
2012-03-23 11:17:00,1.00142,1.00168,1.0014,1.00151,27
2012-03-23 11:18:00,1.0014,1.00149,1.0014,1.00144,7
2012-03-23 11:19:00,1.00163,1.00163,1.00142,1.00142,10
2012-03-23 11:20:00,1.00151,1.0017,1.00151,1.00161,15
2012-03-23 11:21:00,1.0017,1.00172,1.00153,1.00153,20
2012-03-23 11:22:00,1.00233,1.00236,1.00161,1.00168,42
2012-03-23 11:23:00,1.0025,1.00258,1.00229,1.00231,61
2012-03-23 11:24:00,1.00247,1.00254,1.00245,1.00252,23
2012-03-23 11:25:00,1.00224,1.0025,1.00222,1.0025,28
2012-03-23 11:26:00,1.00224,1.00224,1.00212,1.00222,16
2012-03-23 11:27:00,1.00214,1.00233,1.00212,1.00222,20
2012-03-23 11:28:00,1.00222,1.00222,1.0021,1.00217,9
2012-03-23 11:29:00,1.00231,1.00236,1.00219,1.00219,14
2012-03-23 11:30:00,1.00236,1.00236,1.00231,1.00233,10
2012-03-23 11:31:00,1.00236,1.00238,1.00229,1.00233,20
2012-03-23 11:32:00,1.0025,1.0025,1.00238,1.00238,8
2012-03-23 11:33:00,1.00283,1.00294,1.00245,1.00248,38
2012-03-23 11:34:00,1.00292,1.00294,1.00278,1.0028,24
2012-03-23 11:35:00,1.00263,1.0029,1.00259,1.0029,27
2012-03-23 11:36:00,1.00239,1.0026,1.00239,1.0026,26
2012-03-23 11:37:00,1.0023,1.00253,1.0023,1.00241,26
2012-03-23 11:38:00,1.00211,1.00228,1.00206,1.00228,24
2012-03-23 11:39:00,1.0023,1.00234,1.00213,1.00213,12
2012-03-23 11:40:00,1.00249,1.00263,1.00232,1.00232,26
2012-03-23 11:41:00,1.00249,1.00253,1.00237,1.00251,16
2012-03-23 11:42:00,1.00271,1.00271,1.00251,1.00251,9
2012-03-23 11:43:00,1.0025,1.00275,1.0025,1.00273,21
2012-03-23 11:44:00,1.0025,1.00252,1.00245,1.00252,18
2012-03-23 11:45:00,1.00259,1.00268,1.00243,1.00252,26
2012-03-23 11:46:00,1.0024,1.00259,1.0024,1.00257,10
2012-03-23 11:47:00,1.00273,1.0028,1.00243,1.00243,22
2012-03-23 11:48:00,1.00269,1.0028,1.00269,1.00271,18
2012-03-23 11:49:00,1.00262,1.00273,1.00252,1.00266,19
2012-03-23 11:50:00,1.00273,1.0028,1.00264,1.00264,15
2012-03-23 11:51:00,1.00262,1.0028,1.00262,1.00275,19
2012-03-23 11:52:00,1.00262,1.00268,1.00262,1.00264,10
2012-03-23 11:53:00,1.00259,1.00266,1.00259,1.00264,7
2012-03-23 11:54:00,1.00248,1.00257,1.00245,1.00257,13
2012-03-23 11:55:00,1.00247,1.00254,1.0024,1.0025,16
2012-03-23 11:56:00,1.00247,1.00247,1.00245,1.00245,2
2012-03-23 11:57:00,1.00243,1.00247,1.0024,1.00245,8
2012-03-23 11:58:00,1.00255,1.00257,1.0024,1.0024,13
2012-03-23 11:59:00,1.00299,1.00299,1.00257,1.00257,27
2012-03-23 12:00:00,1.0031,1.00327,1.00292,1.00297,43
2012-03-23 12:01:00,1.00319,1.00326,1.00312,1.00312,16
2012-03-23 12:02:00,1.00317,1.00317,1.00298,1.00317,21
2012-03-23 12:03:00,1.0031,1.00321,1.00303,1.00314,37
2012-03-23 12:04:00,1.003,1.00314,1.00296,1.00312,12
2012-03-23 12:05:00,1.00296,1.0031,1.00296,1.00302,24
2012-03-23 12:06:00,1.00277,1.00293,1.00277,1.00293,10
2012-03-23 12:07:00,1.00284,1.00284,1.0026,1.00279,33
2012-03-23 12:08:00,1.00291,1.0031,1.00277,1.00286,49
2012-03-23 12:09:00,1.00272,1.00289,1.00272,1.00289,20
2012-03-23 12:10:00,1.00277,1.00277,1.0027,1.0027,8
2012-03-23 12:11:00,1.00249,1.00274,1.00246,1.00274,16
2012-03-23 12:12:00,1.00253,1.00253,1.00251,1.00251,2
2012-03-23 12:13:00,1.00246,1.0026,1.00246,1.00256,9
2012-03-23 12:14:00,1.00267,1.00267,1.00242,1.00244,13
2012-03-23 12:15:00,1.0026,1.00279,1.0026,1.0027,29
2012-03-23 12:16:00,1.00267,1.00267,1.00251,1.00263,19
2012-03-23 12:17:00,1.0026,1.0027,1.0026,1.00265,11
2012-03-23 12:18:00,1.00242,1.00258,1.00242,1.00258,18
2012-03-23 12:19:00,1.00228,1.00239,1.00218,1.00239,22
2012-03-23 12:20:00,1.00225,1.00244,1.00221,1.0023,33
2012-03-23 12:21:00,1.00218,1.00227,1.00218,1.00227,9
2012-03-23 12:22:00,1.00204,1.00216,1.00199,1.00216,14
2012-03-23 12:23:00,1.00204,1.00204,1.00197,1.00202,12
2012-03-23 12:24:00,1.00197,1.00202,1.00195,1.00202,9
2012-03-23 12:25:00,1.00192,1.00199,1.00188,1.00199,10
2012-03-23 12:26:00,1.00183,1.00199,1.00183,1.00195,10
2012-03-23 12:27:00,1.00188,1.0019,1.00185,1.00185,4
2012-03-23 12:28:00,1.00188,1.0019,1.00183,1.00185,8
2012-03-23 12:29:00,1.00183,1.0019,1.00183,1.0019,6
2012-03-23 12:30:00,1.00157,1.00181,1.00157,1.00181,29
2012-03-23 12:31:00,1.00169,1.00178,1.00159,1.00159,13
2012-03-23 12:32:00,1.00176,1.00176,1.00167,1.00171,11
2012-03-23 12:33:00,1.00185,1.00197,1.00178,1.00178,16
2012-03-23 12:34:00,1.00178,1.00183,1.00176,1.00183,7
2012-03-23 12:35:00,1.0016,1.0018,1.0016,1.0018,16
2012-03-23 12:37:00,1.00176,1.00176,1.00162,1.00162,13
2012-03-23 12:38:00,1.00178,1.0018,1.00171,1.00178,11
2012-03-23 12:39:00,1.00169,1.00176,1.00169,1.00176,8
2012-03-23 12:40:00,1.00113,1.00167,1.00113,1.00167,26
2012-03-23 12:41:00,1.00124,1.00124,1.00115,1.00115,17
2012-03-23 12:42:00,1.00141,1.00152,1.00127,1.00127,27
2012-03-23 12:43:00,1.00145,1.00148,1.00127,1.00138,28
2012-03-23 12:44:00,1.00145,1.00148,1.00141,1.00148,6
2012-03-23 12:45:00,1.00127,1.00143,1.00127,1.00143,12
2012-03-23 12:46:00,1.0012,1.00138,1.0012,1.00129,15
2012-03-23 12:47:00,1.00119,1.00122,1.00115,1.00117,8
2012-03-23 12:48:00,1.00112,1.00117,1.0011,1.00117,5
2012-03-23 12:49:00,1.00099,1.00112,1.00099,1.0011,16
2012-03-23 12:50:00,1.00096,1.00101,1.00082,1.00101,29
2012-03-23 12:51:00,1.00094,1.00098,1.00087,1.00094,11
2012-03-23 12:52:00,1.00091,1.00098,1.00089,1.00091,17
2012-03-23 12:53:00,1.00047,1.00089,1.00045,1.00089,41
2012-03-23 12:54:00,1.00049,1.00054,1.00021,1.00045,37
2012-03-23 12:55:00,1.00059,1.00073,1.00047,1.00051,38
2012-03-23 12:56:00,1.00082,1.00082,1.00059,1.00061,18
2012-03-23 12:57:00,1.00094,1.00101,1.00084,1.00084,17
2012-03-23 12:58:00,1.00088,1.00091,1.0007,1.00091,37
2012-03-23 12:59:00,1.00083,1.00086,1.00076,1.00086,18
2012-03-23 13:00:00,1.00071,1.00081,1.00067,1.00081,15
2012-03-23 13:01:00,1.00088,1.00088,1.00065,1.00069,13
2012-03-23 13:02:00,1.00111,1.00114,1.00086,1.0009,30
2012-03-23 13:03:00,1.00111,1.00111,1.00109,1.00109,2
2012-03-23 13:04:00,1.00095,1.00114,1.00095,1.00109,21
2012-03-23 13:05:00,1.00069,1.00093,1.0006,1.00093,39
2012-03-23 13:06:00,1.00103,1.00103,1.00062,1.00067,40
2012-03-23 13:07:00,1.00106,1.0011,1.00105,1.00105,9
2012-03-23 13:08:00,1.00115,1.00115,1.00099,1.00103,14
2012-03-23 13:09:00,1.0012,1.00129,1.00113,1.00117,26
2012-03-23 13:10:00,1.00127,1.00127,1.0011,1.00122,33
2012-03-23 13:11:00,1.00119,1.00124,1.0011,1.00124,19
2012-03-23 13:12:00,1.0012,1.00127,1.00117,1.00122,20
2012-03-23 13:13:00,1.00131,1.00134,1.00122,1.00122,13
2012-03-23 13:14:00,1.00162,1.00162,1.00134,1.00134,19
2012-03-23 13:15:00,1.0015,1.0016,1.00148,1.0016,27
2012-03-23 13:16:00,1.0012,1.00152,1.0012,1.00152,23
2012-03-23 13:17:00,1.00112,1.00119,1.00096,1.00117,37
2012-03-23 13:18:00,1.0011,1.0011,1.00106,1.0011,5
2012-03-23 13:19:00,1.00108,1.00108,1.00106,1.00108,3
2012-03-23 13:20:00,1.00091,1.00106,1.00091,1.00106,7
2012-03-23 13:21:00,1.00077,1.00089,1.00073,1.00089,24
2012-03-23 13:22:00,1.00054,1.00082,1.00049,1.0008,30
2012-03-23 13:23:00,1.00059,1.00066,1.00056,1.00056,14
2012-03-23 13:24:00,1.00075,1.00075,1.00056,1.00061,17
2012-03-23 13:25:00,1.00063,1.00082,1.00063,1.00077,11
2012-03-23 13:26:00,1.00058,1.00061,1.00047,1.00061,20
2012-03-23 13:27:00,1.00073,1.00073,1.00052,1.00061,24
2012-03-23 13:28:00,1.00089,1.00091,1.00075,1.00075,11
2012-03-23 13:29:00,1.00088,1.0009,1.00084,1.00087,9
2012-03-23 13:30:00,1.00122,1.00122,1.00082,1.00086,22
2012-03-23 13:31:00,1.00126,1.00128,1.0012,1.00126,13
2012-03-23 13:32:00,1.00148,1.00154,1.0012,1.00122,18
2012-03-23 13:33:00,1.00116,1.0015,1.00116,1.0015,13
2012-03-23 13:34:00,1.00108,1.0012,1.00098,1.0012,17
2012-03-23 13:35:00,1.0014,1.00148,1.00106,1.00106,39
2012-03-23 13:36:00,1.0012,1.00136,1.00114,1.00136,17
2012-03-23 13:37:00,1.00126,1.0013,1.0012,1.00122,20
2012-03-23 13:38:00,1.00116,1.00128,1.00108,1.00128,17
2012-03-23 13:39:00,1.00112,1.00126,1.00106,1.0012,22
2012-03-23 13:40:00,1.0012,1.00128,1.00106,1.00108,15
2012-03-23 13:41:00,1.00136,1.00148,1.00122,1.00122,18
2012-03-23 13:42:00,1.00146,1.00148,1.00136,1.0014,17
2012-03-23 13:43:00,1.0016,1.00164,1.00148,1.00148,21
2012-03-23 13:44:00,1.00114,1.00162,1.00114,1.00162,26
2012-03-23 13:45:00,1.0013,1.00142,1.00112,1.00112,34
2012-03-23 13:46:00,1.00144,1.00154,1.00134,1.00134,17
2012-03-23 13:47:00,1.00136,1.00144,1.00132,1.00142,21
2012-03-23 13:48:00,1.00142,1.00142,1.00128,1.00134,22
2012-03-23 13:49:00,1.00128,1.00144,1.00114,1.00144,19
2012-03-23 13:50:00,1.00116,1.00126,1.00112,1.00126,24
2012-03-23 13:51:00,1.00108,1.0012,1.00106,1.0012,21
2012-03-23 13:52:00,1.00108,1.00114,1.00102,1.0011,16
2012-03-23 13:53:00,1.00094,1.0011,1.00094,1.00106,13
2012-03-23 13:54:00,1.00054,1.00092,1.00054,1.00092,28
2012-03-23 13:55:00,0.99972,1.00052,0.99938,1.00052,83
2012-03-23 13:56:00,1.00024,1.0003,0.99976,0.99976,60
2012-03-23 13:57:00,1.00032,1.0005,1.00014,1.00028,51
2012-03-23 13:58:00,1.00082,1.00084,1.00034,1.00036,39
2012-03-23 13:59:00,1.00104,1.00112,1.0007,1.00078,25
2012-03-23 14:00:00,1.00162,1.00178,1.00108,1.00108,61
2012-03-23 14:01:00,1.0013,1.00194,1.0013,1.0016,56
2012-03-23 14:02:00,1.0013,1.00158,1.00126,1.00132,58
2012-03-23 14:03:00,1.0018,1.00186,1.00132,1.00132,44
2012-03-23 14:04:00,1.00208,1.00208,1.00176,1.00178,52
2012-03-23 14:05:00,1.00226,1.00228,1.00194,1.00206,46
2012-03-23 14:06:00,1.00226,1.00262,1.00226,1.00228,54
2012-03-23 14:07:00,1.00266,1.00266,1.00218,1.00228,56
2012-03-23 14:08:00,1.0031,1.00338,1.00268,1.00268,91
2012-03-23 14:09:00,1.00312,1.00312,1.00288,1.00308,51
2012-03-23 14:10:00,1.00292,1.0031,1.00288,1.0031,25
2012-03-23 14:11:00,1.00336,1.00344,1.00296,1.00296,72
2012-03-23 14:12:00,1.0031,1.00332,1.00298,1.00332,33
2012-03-23 14:13:00,1.00284,1.00308,1.00278,1.00308,45
2012-03-23 14:14:00,1.0029,1.0031,1.00276,1.00282,40
2012-03-23 14:15:00,1.00298,1.00304,1.00282,1.00292,45
2012-03-23 14:16:00,1.00318,1.00318,1.00298,1.003,27
2012-03-23 14:17:00,1.00296,1.00326,1.00296,1.0032,42
2012-03-23 14:18:00,1.00278,1.00292,1.0027,1.00292,34
2012-03-23 14:19:00,1.00276,1.00284,1.00264,1.00276,29
2012-03-23 14:20:00,1.00268,1.00278,1.00264,1.00278,17
2012-03-23 14:21:00,1.00266,1.0027,1.00256,1.0027,16
2012-03-23 14:22:00,1.00268,1.00284,1.00268,1.0027,22
2012-03-23 14:23:00,1.00276,1.00286,1.00264,1.00264,17
2012-03-23 14:24:00,1.00248,1.00296,1.00248,1.00278,26
2012-03-23 14:25:00,1.0025,1.0027,1.0025,1.0025,31
2012-03-23 14:26:00,1.00238,1.00264,1.00236,1.00252,32
2012-03-23 14:27:00,1.00232,1.00236,1.00224,1.00236,20
2012-03-23 14:28:00,1.00248,1.00252,1.00228,1.0023,23
2012-03-23 14:29:00,1.00238,1.00252,1.00228,1.00244,33
2012-03-23 14:30:00,1.00236,1.00248,1.00234,1.00242,21
2012-03-23 14:31:00,1.00228,1.00234,1.00228,1.00234,3
2012-03-23 14:32:00,1.00218,1.00224,1.00216,1.00224,17
2012-03-23 14:33:00,1.00224,1.00224,1.00214,1.00222,8
2012-03-23 14:34:00,1.002,1.00224,1.002,1.00222,17
2012-03-23 14:35:00,1.00176,1.00202,1.00154,1.00196,54
2012-03-23 14:36:00,1.00156,1.00188,1.00156,1.00174,25
2012-03-23 14:37:00,1.00156,1.00164,1.00148,1.00154,22
2012-03-23 14:38:00,1.00154,1.00156,1.00146,1.00154,19
2012-03-23 14:39:00,1.00136,1.0015,1.00136,1.0015,16
2012-03-23 14:40:00,1.0012,1.00134,1.0012,1.00134,10
2012-03-23 14:41:00,1.00106,1.0012,1.00094,1.00116,23
2012-03-23 14:42:00,1.00086,1.00102,1.00078,1.00102,25
2012-03-23 14:43:00,1.00086,1.00088,1.00068,1.00088,28
2012-03-23 14:44:00,1.0007,1.00094,1.00058,1.00088,51
2012-03-23 14:45:00,1.0009,1.00096,1.00064,1.00068,29
2012-03-23 14:46:00,1.00092,1.00096,1.00082,1.00088,13
2012-03-23 14:47:00,1.0009,1.00098,1.00078,1.0009,31
2012-03-23 14:48:00,1.001,1.001,1.00082,1.00092,18
2012-03-23 14:49:00,1.00128,1.0013,1.00104,1.00104,25
2012-03-23 14:50:00,1.00142,1.00144,1.00122,1.0013,21
2012-03-23 14:51:00,1.00154,1.00162,1.00136,1.00144,34
2012-03-23 14:52:00,1.00134,1.0015,1.00132,1.0015,19
2012-03-23 14:53:00,1.00102,1.0014,1.00102,1.00136,23
2012-03-23 14:54:00,1.00094,1.00106,1.00088,1.00106,23
2012-03-23 14:55:00,1.00094,1.00096,1.00086,1.00092,12
2012-03-23 14:56:00,1.00088,1.00092,1.00086,1.00092,12
2012-03-23 14:57:00,1.00076,1.00094,1.00068,1.0009,20
2012-03-23 14:58:00,1.00076,1.0008,1.00064,1.00074,22
2012-03-23 14:59:00,1.0009,1.0009,1.00072,1.00074,11
2012-03-23 15:00:00,1.00076,1.00088,1.00068,1.00088,21
2012-03-23 15:01:00,1.00058,1.00074,1.00058,1.00074,31
2012-03-23 15:02:00,1.00068,1.00068,1.00052,1.00054,16
2012-03-23 15:03:00,1.00094,1.00094,1.00072,1.00072,17
2012-03-23 15:04:00,1.00114,1.00116,1.00092,1.00096,33
2012-03-23 15:05:00,1.0012,1.00122,1.00114,1.00116,12
2012-03-23 15:06:00,1.00086,1.00122,1.00086,1.00122,22
2012-03-23 15:07:00,1.00082,1.00094,1.00078,1.00082,15
2012-03-23 15:08:00,1.0009,1.001,1.0008,1.00086,23
2012-03-23 15:09:00,1.00078,1.00102,1.00078,1.00094,29
2012-03-23 15:10:00,1.0008,1.00096,1.0008,1.0008,21
2012-03-23 15:11:00,1.00072,1.0008,1.00068,1.00078,17
2012-03-23 15:12:00,1.0006,1.0008,1.0006,1.00074,12
2012-03-23 15:13:00,1.0004,1.00058,1.00028,1.00058,19
2012-03-23 15:14:00,1.00046,1.00052,1.00038,1.00038,18
2012-03-23 15:15:00,1.00026,1.00048,1.00024,1.00048,25
2012-03-23 15:16:00,1.00014,1.00024,1.0001,1.00024,24
2012-03-23 15:17:00,0.99992,1.0002,0.99992,1.00018,28
2012-03-23 15:18:00,0.99996,1.00022,0.9999,0.99994,33
2012-03-23 15:19:00,1.0,1.00012,0.99988,0.99998,34
2012-03-23 15:20:00,0.99972,1.00002,0.99972,0.99996,24
2012-03-23 15:21:00,0.99976,0.99976,0.99962,0.99974,16
2012-03-23 15:22:00,1.0,1.00002,0.9998,0.9998,14
2012-03-23 15:23:00,1.00022,1.0003,0.99996,1.00002,22
2012-03-23 15:24:00,1.0001,1.00024,1.00006,1.0002,28
2012-03-23 15:25:00,0.99972,1.00008,0.99962,1.00008,28
2012-03-23 15:26:00,0.99984,0.99984,0.99968,0.99968,13
2012-03-23 15:27:00,0.9997,0.9999,0.9996,0.99988,25
2012-03-23 15:28:00,0.9996,0.99968,0.99956,0.99968,24
2012-03-23 15:29:00,0.99928,0.99956,0.9992,0.99956,37
2012-03-23 15:30:00,0.99908,0.99926,0.99864,0.99926,43
2012-03-23 15:31:00,0.9992,0.99922,0.99908,0.99912,14
2012-03-23 15:32:00,0.9994,0.9994,0.9992,0.99922,25
2012-03-23 15:33:00,0.99928,0.9994,0.99928,0.99938,14
2012-03-23 15:34:00,0.9994,0.9994,0.9992,0.99926,14
2012-03-23 15:35:00,0.99928,0.99942,0.9992,0.99938,22
2012-03-23 15:36:00,0.99938,0.9994,0.9992,0.99926,15
2012-03-23 15:37:00,0.99938,0.99946,0.99928,0.9994,22
2012-03-23 15:38:00,0.9995,0.99954,0.99938,0.9994,13
2012-03-23 15:39:00,0.99956,0.99956,0.99948,0.99948,4
2012-03-23 15:40:00,0.99982,0.99984,0.9996,0.9996,23
2012-03-23 15:41:00,0.99972,0.9998,0.99972,0.9998,10
2012-03-23 15:42:00,0.9997,0.9998,0.99968,0.99968,10
2012-03-23 15:43:00,0.99972,0.9998,0.99972,0.99974,6
2012-03-23 15:44:00,0.9998,0.99982,0.99966,0.99968,19
2012-03-23 15:45:00,0.99996,1.00008,0.99968,0.99976,26
2012-03-23 15:46:00,0.9998,0.99994,0.9998,0.99994,8
2012-03-23 15:47:00,0.99966,0.99976,0.99966,0.99976,7
2012-03-23 15:48:00,0.99996,1.0,0.99968,0.99968,15
2012-03-23 15:49:00,0.99942,0.99994,0.99942,0.99994,27
2012-03-23 15:50:00,0.9995,0.99954,0.99946,0.99946,21
2012-03-23 15:51:00,0.99946,0.9996,0.9994,0.99954,16
2012-03-23 15:52:00,0.99936,0.99942,0.99928,0.99942,15
2012-03-23 15:53:00,0.99926,0.9994,0.99926,0.9994,8
2012-03-23 15:54:00,0.99872,0.99922,0.99872,0.99922,21
2012-03-23 15:55:00,0.99874,0.99888,0.9987,0.99874,37
2012-03-23 15:56:00,0.99858,0.9988,0.99858,0.99878,26
2012-03-23 15:57:00,0.9988,0.99888,0.9986,0.9986,20
2012-03-23 15:58:00,0.9983,0.99878,0.9983,0.99878,30
2012-03-23 15:59:00,0.99834,0.99834,0.998,0.99826,53
2012-03-23 16:00:00,0.99848,0.99854,0.9983,0.99836,33
2012-03-23 16:01:00,0.9985,0.99856,0.9984,0.99844,17
2012-03-23 16:02:00,0.9985,0.99856,0.99848,0.99854,10
2012-03-23 16:03:00,0.99856,0.99856,0.99848,0.99848,10
2012-03-23 16:04:00,0.99868,0.99868,0.99858,0.99858,4
2012-03-23 16:05:00,0.99864,0.99876,0.99864,0.9987,11
2012-03-23 16:06:00,0.99892,0.999,0.99868,0.99868,25
2012-03-23 16:07:00,0.99888,0.99888,0.99878,0.99888,11
2012-03-23 16:08:00,0.9988,0.99892,0.99872,0.99892,19
2012-03-23 16:09:00,0.9987,0.99878,0.9987,0.99878,4
2012-03-23 16:10:00,0.99872,0.99886,0.9987,0.99872,17
2012-03-23 16:11:00,0.99888,0.99888,0.99874,0.99874,6
2012-03-23 16:12:00,0.99894,0.99894,0.99892,0.99892,2
2012-03-23 16:13:00,0.99892,0.99898,0.99892,0.99898,3
2012-03-23 16:14:00,0.99894,0.99894,0.99894,0.99894,1
2012-03-23 16:15:00,0.99892,0.99894,0.99886,0.99892,7
2012-03-23 16:16:00,0.99886,0.99892,0.99884,0.99888,10
2012-03-23 16:17:00,0.999,0.99906,0.99884,0.99888,13
2012-03-23 16:19:00,0.99916,0.99916,0.99902,0.99902,8
2012-03-23 16:20:00,0.99914,0.99916,0.99908,0.99914,7
2012-03-23 16:21:00,0.99912,0.99914,0.99908,0.99912,5
2012-03-23 16:22:00,0.99922,0.99922,0.99914,0.99914,6
2012-03-23 16:23:00,0.99926,0.99926,0.99926,0.99926,1
2012-03-23 16:24:00,0.99926,0.99932,0.99926,0.99928,4
2012-03-23 16:25:00,0.99926,0.99928,0.99926,0.99928,2
2012-03-23 16:26:00,0.99922,0.99922,0.99918,0.99922,13
2012-03-23 16:27:00,0.99928,0.99928,0.9992,0.9992,8
2012-03-23 16:30:00,0.99936,0.99936,0.99932,0.99932,3
2012-03-23 16:31:00,0.99934,0.99934,0.99934,0.99934,1
2012-03-23 16:32:00,0.99936,0.99936,0.99928,0.99932,9
2012-03-23 16:33:00,0.9994,0.99948,0.99938,0.9994,13
2012-03-23 16:34:00,0.99954,0.99956,0.9994,0.99942,13
2012-03-23 16:35:00,0.99956,0.9996,0.99956,0.99956,3
2012-03-23 16:36:00,0.99968,0.99976,0.9996,0.9996,22
2012-03-23 16:37:00,0.99968,0.99968,0.99966,0.99966,6
2012-03-23 16:39:00,0.99954,0.99966,0.99954,0.99966,5
2012-03-23 16:40:00,0.99952,0.9996,0.99952,0.99956,5
2012-03-23 16:42:00,0.99946,0.99948,0.99934,0.99948,12
2012-03-23 16:43:00,0.99936,0.99942,0.99932,0.99942,13
2012-03-23 16:44:00,0.99928,0.99934,0.9992,0.99934,9
2012-03-23 16:45:00,0.99936,0.99936,0.99932,0.99932,3
2012-03-23 16:46:00,0.99948,0.9995,0.9994,0.9994,6
2012-03-23 16:47:00,0.99948,0.99948,0.99942,0.99946,6
2012-03-23 16:48:00,0.99936,0.99948,0.99932,0.99946,16
2012-03-23 16:49:00,0.9995,0.9995,0.99932,0.9994,17
2012-03-23 16:50:00,0.99974,0.99974,0.99948,0.99948,14
2012-03-23 16:51:00,0.99982,0.99984,0.99972,0.99972,17
2012-03-23 16:52:00,0.99966,0.9998,0.99966,0.9998,6
2012-03-23 16:53:00,0.9996,0.99962,0.9996,0.99962,2
2012-03-23 16:54:00,0.9993,0.99956,0.9993,0.99956,14
2012-03-23 16:55:00,0.9993,0.9993,0.99922,0.99928,10
2012-03-23 16:56:00,0.99924,0.99938,0.99924,0.99932,12
2012-03-23 16:57:00,0.99926,0.99926,0.99926,0.99926,1
2012-03-23 16:58:00,0.99918,0.99924,0.99918,0.99924,3
2012-03-23 16:59:00,0.99918,0.99924,0.99908,0.99916,14
2012-03-23 17:00:00,0.99926,0.99926,0.99922,0.99922,3
2012-03-23 17:01:00,0.99922,0.99924,0.99916,0.99924,8
2012-03-23 17:02:00,0.99922,0.99926,0.99922,0.99924,8
2012-03-23 17:03:00,0.9993,0.9993,0.99918,0.99924,9
2012-03-23 17:04:00,0.9993,0.9993,0.99924,0.99928,4
2012-03-23 17:05:00,0.99916,0.99932,0.99916,0.99932,9
2012-03-23 17:06:00,0.9991,0.99916,0.99908,0.99914,12
2012-03-23 17:07:00,0.99918,0.99918,0.99904,0.99912,11
2012-03-23 17:10:00,0.99926,0.99926,0.99922,0.99922,7
2012-03-23 17:11:00,0.9995,0.9995,0.9993,0.9993,14
2012-03-23 17:12:00,0.99952,0.99952,0.99948,0.99952,7
2012-03-23 17:13:00,0.99944,0.9995,0.99942,0.9995,9
2012-03-23 17:14:00,0.9995,0.9995,0.99944,0.99946,4
2012-03-23 17:15:00,0.9993,0.99948,0.9993,0.99948,7
2012-03-23 17:16:00,0.9993,0.9993,0.99922,0.99928,10
2012-03-23 17:17:00,0.9993,0.99936,0.99922,0.99932,12
2012-03-23 17:18:00,0.9993,0.9993,0.99928,0.99928,2
2012-03-23 17:19:00,0.9993,0.99932,0.9993,0.99932,2
2012-03-23 17:20:00,0.99922,0.99928,0.99922,0.99928,3
2012-03-23 17:22:00,0.9991,0.99918,0.99908,0.99918,8
2012-03-23 17:23:00,0.9991,0.99912,0.9991,0.99912,2
2012-03-23 17:24:00,0.99916,0.99916,0.99912,0.99912,2
2012-03-23 17:25:00,0.9991,0.99918,0.9991,0.99918,6
2012-03-23 17:26:00,0.9989,0.99912,0.99888,0.99908,21
2012-03-23 17:27:00,0.9989,0.99892,0.99888,0.99892,6
2012-03-23 17:28:00,0.99888,0.9989,0.99888,0.99888,3
2012-03-23 17:29:00,0.99884,0.99888,0.99882,0.99884,5
2012-03-23 17:30:00,0.99882,0.99892,0.99856,0.99882,47
2012-03-23 17:31:00,0.9987,0.99888,0.9987,0.9988,15
2012-03-23 17:32:00,0.99888,0.999,0.99872,0.99872,21
2012-03-23 17:33:00,0.999,0.999,0.99878,0.99886,22
2012-03-23 17:34:00,0.999,0.99908,0.99892,0.99898,14
2012-03-23 17:35:00,0.999,0.999,0.99898,0.99898,2
2012-03-23 17:36:00,0.999,0.999,0.99898,0.99898,4
2012-03-23 17:37:00,0.99892,0.999,0.99892,0.99898,7
2012-03-23 17:38:00,0.999,0.999,0.99894,0.99894,5
2012-03-23 17:39:00,0.99908,0.99908,0.99902,0.99902,3
2012-03-23 17:40:00,0.99908,0.99908,0.99906,0.99906,2
2012-03-23 17:42:00,0.99914,0.99916,0.99912,0.99912,4
2012-03-23 17:43:00,0.99912,0.99912,0.99912,0.99912,1
2012-03-23 17:45:00,0.99904,0.99908,0.99904,0.99908,3
2012-03-23 17:46:00,0.999,0.999,0.99894,0.999,5
2012-03-23 17:47:00,0.999,0.99906,0.999,0.99902,6
2012-03-23 17:48:00,0.99908,0.99908,0.999,0.99902,11
2012-03-23 17:49:00,0.99912,0.99916,0.99912,0.99912,9
2012-03-23 17:50:00,0.99898,0.99916,0.99898,0.99914,11
2012-03-23 17:51:00,0.99906,0.99914,0.999,0.999,19
2012-03-23 17:52:00,0.999,0.99906,0.999,0.99904,6
2012-03-23 17:53:00,0.99916,0.99916,0.99898,0.99898,8
2012-03-23 17:54:00,0.99928,0.99934,0.9992,0.9992,8
2012-03-23 17:55:00,0.99928,0.99932,0.99926,0.99926,6
2012-03-23 17:56:00,0.99936,0.99936,0.99932,0.99932,7
2012-03-23 17:57:00,0.99936,0.99936,0.99928,0.99934,8
2012-03-23 17:58:00,0.99938,0.99946,0.99934,0.99934,12
2012-03-23 17:59:00,0.99956,0.99962,0.9994,0.9994,19
2012-03-23 18:00:00,0.99946,0.99956,0.99938,0.99954,16
2012-03-23 18:01:00,0.99954,0.99954,0.99942,0.99942,5
2012-03-23 18:02:00,0.9994,0.99956,0.9994,0.99956,11
2012-03-23 18:03:00,0.9994,0.99942,0.9994,0.99942,2
2012-03-23 18:04:00,0.99948,0.99956,0.99938,0.99938,17
2012-03-23 18:05:00,0.99946,0.99954,0.99942,0.9995,12
2012-03-23 18:06:00,0.99948,0.9995,0.99948,0.9995,2
2012-03-23 18:07:00,0.99948,0.9995,0.99948,0.9995,2
2012-03-23 18:08:00,0.99948,0.9995,0.99948,0.9995,2
2012-03-23 18:09:00,0.9995,0.9995,0.99942,0.99944,5
2012-03-23 18:13:00,0.99958,0.99958,0.99952,0.99952,3
2012-03-23 18:14:00,0.9996,0.9996,0.9996,0.9996,1
2012-03-23 18:15:00,0.9995,0.99958,0.99938,0.99958,12
2012-03-23 18:16:00,0.9993,0.99948,0.9993,0.99948,7
2012-03-23 18:17:00,0.99918,0.99928,0.99918,0.99928,4
2012-03-23 18:18:00,0.99908,0.99918,0.99908,0.99916,6
2012-03-23 18:19:00,0.99926,0.99926,0.9991,0.9991,9
2012-03-23 18:20:00,0.99924,0.9993,0.99922,0.9993,5
2012-03-23 18:21:00,0.99918,0.99924,0.99918,0.99922,4
2012-03-23 18:22:00,0.99926,0.99926,0.99916,0.99922,13
2012-03-23 18:23:00,0.9991,0.99924,0.9991,0.99924,6
2012-03-23 18:24:00,0.99912,0.99912,0.9991,0.99912,3
2012-03-23 18:25:00,0.99912,0.99912,0.99908,0.9991,6
2012-03-23 18:26:00,0.99916,0.99918,0.9991,0.9991,5
2012-03-23 18:27:00,0.99896,0.99914,0.99896,0.99914,13
2012-03-23 18:28:00,0.99904,0.99904,0.99898,0.99898,5
2012-03-23 18:29:00,0.99898,0.99904,0.99898,0.99902,4
2012-03-23 18:30:00,0.99894,0.99904,0.99894,0.99902,6
2012-03-23 18:31:00,0.99902,0.99906,0.99894,0.99896,15
2012-03-23 18:32:00,0.99898,0.99898,0.99894,0.99898,5
2012-03-23 18:33:00,0.99902,0.99902,0.99902,0.99902,1
2012-03-23 18:34:00,0.99898,0.99898,0.99896,0.99898,3
2012-03-23 18:35:00,0.99904,0.99904,0.99902,0.99902,2
2012-03-23 18:36:00,0.99914,0.99922,0.99906,0.99906,17
2012-03-23 18:37:00,0.99912,0.99918,0.9991,0.99916,14
2012-03-23 18:38:00,0.99914,0.99916,0.99914,0.99916,2
2012-03-23 18:39:00,0.99918,0.99918,0.99908,0.9991,6
2012-03-23 18:40:00,0.9989,0.99924,0.9989,0.99922,20
2012-03-23 18:41:00,0.99898,0.99898,0.99892,0.99892,3
2012-03-23 18:42:00,0.9989,0.99896,0.9989,0.99896,3
2012-03-23 18:43:00,0.99898,0.99898,0.99892,0.99892,3
2012-03-23 18:44:00,0.99896,0.99898,0.9989,0.99896,7
2012-03-23 18:45:00,0.99894,0.99902,0.99894,0.99898,13
2012-03-23 18:46:00,0.9989,0.99896,0.9989,0.9989,5
2012-03-23 18:47:00,0.99898,0.99898,0.99892,0.99892,7
2012-03-23 18:48:00,0.9989,0.99896,0.9989,0.99896,5
2012-03-23 18:49:00,0.99882,0.99888,0.99876,0.99888,9
2012-03-23 18:50:00,0.99876,0.99878,0.99876,0.99878,4
2012-03-23 18:51:00,0.99872,0.99874,0.9987,0.99874,5
2012-03-23 18:52:00,0.99854,0.9987,0.99848,0.9987,15
2012-03-23 18:53:00,0.9985,0.99858,0.9985,0.99856,9
2012-03-23 18:54:00,0.99844,0.99848,0.99836,0.99848,8
2012-03-23 18:55:00,0.99856,0.99858,0.99848,0.99848,8
2012-03-23 18:56:00,0.9986,0.99864,0.99856,0.99858,7
2012-03-23 18:57:00,0.99864,0.99864,0.99856,0.99856,4
2012-03-23 18:58:00,0.99856,0.99862,0.99856,0.99862,3
2012-03-23 18:59:00,0.99842,0.99854,0.99842,0.99854,5
2012-03-23 19:00:00,0.9985,0.99854,0.99844,0.99844,9
2012-03-23 19:01:00,0.99848,0.99856,0.99848,0.99854,11
2012-03-23 19:02:00,0.99858,0.99858,0.99848,0.9985,8
2012-03-23 19:04:00,0.9987,0.99872,0.99862,0.99862,6
2012-03-23 19:05:00,0.99858,0.99868,0.99856,0.99868,10
2012-03-23 19:06:00,0.99854,0.99864,0.99854,0.99862,6
2012-03-23 19:07:00,0.99844,0.99856,0.9984,0.99856,11
2012-03-23 19:08:00,0.99848,0.99848,0.99844,0.99848,3
2012-03-23 19:10:00,0.99854,0.99856,0.99848,0.9985,10
2012-03-23 19:11:00,0.99864,0.99868,0.99856,0.99856,6
2012-03-23 19:12:00,0.99876,0.99882,0.99868,0.99868,12
2012-03-23 19:13:00,0.99882,0.99896,0.99878,0.99878,12
2012-03-23 19:14:00,0.99878,0.99884,0.99876,0.99884,5
2012-03-23 19:15:00,0.99874,0.99878,0.99874,0.99876,6
2012-03-23 19:16:00,0.99872,0.99872,0.9987,0.9987,6
2012-03-23 19:17:00,0.99856,0.9987,0.99856,0.9987,6
2012-03-23 19:18:00,0.99864,0.99864,0.99854,0.99854,5
2012-03-23 19:19:00,0.9986,0.99868,0.9986,0.99868,4
2012-03-23 19:20:00,0.99856,0.99856,0.99856,0.99856,1
2012-03-23 19:23:00,0.99868,0.99868,0.99858,0.99858,4
2012-03-23 19:25:00,0.99864,0.99868,0.99856,0.99864,9
2012-03-23 19:26:00,0.99868,0.99868,0.99868,0.99868,1
2012-03-23 19:28:00,0.99864,0.99864,0.9986,0.99864,7
2012-03-23 19:29:00,0.99864,0.99864,0.99856,0.99862,8
2012-03-23 19:30:00,0.99872,0.99872,0.99854,0.99862,11
2012-03-23 19:31:00,0.99862,0.99872,0.99854,0.9987,14
2012-03-23 19:32:00,0.99856,0.9986,0.99854,0.9986,4
2012-03-23 19:33:00,0.99844,0.99854,0.99844,0.99854,4
2012-03-23 19:35:00,0.99842,0.99842,0.99836,0.99842,9
2012-03-23 19:36:00,0.9984,0.99844,0.9984,0.9984,5
2012-03-23 19:37:00,0.99844,0.99844,0.9984,0.99842,4
2012-03-23 19:38:00,0.9983,0.99848,0.9983,0.99848,9
2012-03-23 19:39:00,0.99822,0.99834,0.9982,0.99834,9
2012-03-23 19:40:00,0.99834,0.99834,0.99824,0.99824,4
2012-03-23 19:41:00,0.99824,0.99834,0.99824,0.99832,12
2012-03-23 19:42:00,0.99846,0.99846,0.99826,0.99826,18
2012-03-23 19:43:00,0.99846,0.99854,0.99846,0.99848,8
2012-03-23 19:44:00,0.99858,0.99858,0.99848,0.99848,4
2012-03-23 19:45:00,0.99868,0.99872,0.99856,0.9986,14
2012-03-23 19:46:00,0.99868,0.99868,0.99864,0.99864,2
2012-03-23 19:47:00,0.99868,0.99872,0.99856,0.99872,8
2012-03-23 19:48:00,0.99864,0.99864,0.99864,0.99864,1
2012-03-23 19:49:00,0.99864,0.99868,0.99864,0.99868,2
2012-03-23 19:50:00,0.9986,0.99868,0.9986,0.9986,5
2012-03-23 19:51:00,0.99864,0.99864,0.99864,0.99864,1
2012-03-23 19:53:00,0.9986,0.99864,0.9986,0.9986,3
2012-03-23 19:54:00,0.99856,0.99856,0.99856,0.99856,1
2012-03-23 19:55:00,0.99864,0.99864,0.99856,0.9986,6
2012-03-23 19:56:00,0.99856,0.9986,0.99856,0.9986,2
2012-03-23 19:57:00,0.99851,0.99851,0.99851,0.99851,1
2012-03-23 19:58:00,0.99855,0.99859,0.99855,0.99855,3
2012-03-23 19:59:00,0.99872,0.99876,0.99855,0.99859,12
2012-03-23 20:00:00,0.99864,0.99876,0.99864,0.99876,8
2012-03-23 20:01:00,0.99851,0.9986,0.99851,0.9986,3
2012-03-23 20:03:00,0.99842,0.99847,0.99834,0.99847,8
2012-03-23 20:04:00,0.99826,0.99855,0.99826,0.99847,12
2012-03-23 20:05:00,0.99838,0.99847,0.9983,0.9983,7
2012-03-23 20:06:00,0.99826,0.99842,0.99826,0.99842,5
2012-03-23 20:07:00,0.99852,0.99852,0.9983,0.9983,6
2012-03-23 20:08:00,0.99844,0.99861,0.99844,0.99857,8
2012-03-23 20:10:00,0.99865,0.99865,0.99848,0.99848,5
2012-03-23 20:18:00,0.99817,0.99861,0.99813,0.99861,13
2012-03-23 20:19:00,0.99804,0.99813,0.99804,0.99813,3
2012-03-23 20:20:00,0.99756,0.998,0.99735,0.998,23
2012-03-23 20:21:00,0.99756,0.99756,0.99748,0.99752,4
2012-03-23 20:22:00,0.99777,0.99777,0.9976,0.9976,7
2012-03-23 20:23:00,0.99786,0.99786,0.99781,0.99781,2
2012-03-23 20:25:00,0.9979,0.9979,0.9979,0.9979,1
2012-03-23 20:26:00,0.99773,0.99786,0.99773,0.99786,8
2012-03-23 20:27:00,0.99781,0.99781,0.99777,0.99777,2
2012-03-23 20:28:00,0.99793,0.99797,0.99786,0.99786,6
2012-03-23 20:29:00,0.99775,0.99789,0.99766,0.99789,16
2012-03-23 20:30:00,0.99741,0.9977,0.99741,0.9977,8
2012-03-23 20:31:00,0.99745,0.99745,0.99745,0.99745,1
2012-03-23 20:33:00,0.99753,0.99757,0.99749,0.99749,4
2012-03-23 20:34:00,0.99762,0.99762,0.99749,0.99757,6
2012-03-23 20:35:00,0.99762,0.99762,0.99758,0.99758,2
2012-03-23 20:36:00,0.99766,0.99766,0.99766,0.99766,1
2012-03-23 20:37:00,0.99762,0.99762,0.99758,0.99762,3
2012-03-23 20:38:00,0.9977,0.9977,0.99766,0.99766,2
2012-03-23 20:39:00,0.99774,0.99774,0.9977,0.99774,3
2012-03-23 20:40:00,0.99774,0.99774,0.9977,0.9977,2
2012-03-23 20:41:00,0.99778,0.99778,0.99778,0.99778,1
2012-03-23 20:42:00,0.99778,0.99778,0.99774,0.99774,4
2012-03-23 20:43:00,0.99783,0.99783,0.99783,0.99783,1
2012-03-23 20:44:00,0.99791,0.99791,0.99787,0.99787,2
2012-03-23 20:45:00,0.99783,0.99791,0.99779,0.99787,8
2012-03-23 20:46:00,0.99783,0.99783,0.99775,0.99779,4
2012-03-23 20:47:00,0.9977,0.99778,0.9977,0.99778,3
2012-03-23 20:48:00,0.99753,0.99766,0.99753,0.99766,4
2012-03-23 20:49:00,0.99757,0.99757,0.99757,0.99757,1
2012-03-23 20:50:00,0.99763,0.99767,0.99761,0.99761,3
2012-03-23 20:51:00,0.99759,0.99759,0.99759,0.99759,1
2012-03-23 20:52:00,0.99807,0.99817,0.99763,0.99763,16
2012-03-23 20:53:00,0.99795,0.99803,0.9978,0.99802,12
2012-03-23 20:54:00,0.99782,0.9979,0.99782,0.9979,3
2012-03-23 20:55:00,0.99768,0.99777,0.99768,0.99777,3
2012-03-23 20:56:00,0.99772,0.99784,0.99772,0.99772,7
2012-03-23 20:57:00,0.99767,0.99784,0.99767,0.99776,7
2012-03-23 20:58:00,0.99781,0.99781,0.99763,0.99771,7
2012-03-23 20:59:00,0.99777,0.99786,0.99777,0.99786,4
2012-03-23 21:09:00,0.99777,0.99777,0.99777,0.99777,1
2012-03-25 18:00:00,0.99865,0.99865,0.99865,0.99865,1
2012-03-25 18:01:00,0.9981,0.9986,0.9981,0.9986,3
2012-03-25 18:02:00,0.99805,0.99805,0.99805,0.99805,1
2012-03-25 18:11:00,0.99788,0.998,0.99776,0.998,6
2012-03-25 18:12:00,0.99814,0.99814,0.99793,0.99793,4
2012-03-25 18:43:00,0.99825,0.99825,0.9982,0.9982,2
2012-03-25 20:17:00,0.9983,0.9983,0.9983,0.9983,1
2012-03-25 21:00:00,0.99826,0.99826,0.99826,0.99826,1
2012-03-25 21:12:00,0.99838,0.99838,0.9983,0.9983,3
2012-03-25 21:13:00,0.99826,0.99838,0.99826,0.99834,5
2012-03-25 21:37:00,0.99826,0.99838,0.99826,0.9983,6
2012-03-25 21:39:00,0.99826,0.99838,0.99826,0.9983,6
2012-03-25 21:41:00,0.9983,0.99834,0.9983,0.9983,3
2012-03-25 21:43:00,0.99821,0.99826,0.99821,0.99826,2
2012-03-25 21:52:00,0.99825,0.99825,0.99825,0.99825,1
2012-03-25 21:54:00,0.9983,0.9983,0.9983,0.9983,1
2012-03-25 21:59:00,0.99821,0.99834,0.99817,0.99834,6
2012-03-25 22:00:00,0.99829,0.99838,0.99825,0.99825,11
2012-03-25 22:02:00,0.99833,0.99833,0.99833,0.99833,1
2012-03-25 22:03:00,0.99809,0.99829,0.99809,0.99829,6
2012-03-25 22:04:00,0.99772,0.99805,0.99772,0.99805,9
2012-03-25 22:05:00,0.99757,0.99768,0.99752,0.99768,10
2012-03-25 22:09:00,0.99753,0.99753,0.99753,0.99753,1
2012-03-25 22:10:00,0.99777,0.99781,0.99757,0.99757,8
2012-03-25 22:12:00,0.99769,0.99773,0.99769,0.99773,2
2012-03-25 22:14:00,0.99749,0.99765,0.99749,0.99765,5
2012-03-25 22:22:00,0.99745,0.99749,0.99745,0.99745,3
2012-03-25 22:23:00,0.99741,0.99745,0.99741,0.99741,3
2012-03-25 22:25:00,0.99745,0.99745,0.99745,0.99745,1
2012-03-25 22:27:00,0.99741,0.99741,0.99741,0.99741,1
2012-03-25 22:28:00,0.99745,0.99745,0.99745,0.99745,1
2012-03-25 22:29:00,0.99737,0.99741,0.99737,0.99741,2
2012-03-25 22:30:00,0.99733,0.99733,0.99733,0.99733,1
2012-03-25 22:32:00,0.99729,0.99729,0.99729,0.99729,1
2012-03-25 22:33:00,0.99733,0.99733,0.99725,0.99725,3
2012-03-25 22:37:00,0.99733,0.99741,0.99733,0.99737,4
2012-03-25 22:38:00,0.99737,0.99737,0.99737,0.99737,1
2012-03-25 22:39:00,0.99741,0.99741,0.99741,0.99741,1
2012-03-25 22:42:00,0.99749,0.99749,0.99745,0.99745,2
2012-03-25 22:43:00,0.99753,0.99769,0.99753,0.99753,9
2012-03-25 22:44:00,0.99749,0.99757,0.99745,0.99757,5
2012-03-25 22:45:00,0.99753,0.99753,0.99753,0.99753,1
2012-03-25 22:48:00,0.99749,0.99753,0.99749,0.99749,3
2012-03-25 22:49:00,0.99741,0.99745,0.99741,0.99745,2
2012-03-25 22:51:00,0.99745,0.99749,0.99745,0.99745,3
2012-03-25 22:53:00,0.99749,0.99749,0.99749,0.99749,1
2012-03-25 22:54:00,0.99745,0.99749,0.99745,0.99745,3
2012-03-25 22:55:00,0.99741,0.99741,0.99733,0.99741,5
2012-03-25 22:58:00,0.99733,0.99737,0.99733,0.99737,2
2012-03-25 22:59:00,0.99733,0.99737,0.99733,0.99737,2
2012-03-25 23:00:00,0.99737,0.99745,0.99737,0.99737,7
2012-03-25 23:01:00,0.99737,0.99737,0.99733,0.99733,2
2012-03-25 23:02:00,0.99733,0.99737,0.99729,0.99733,7
2012-03-25 23:03:00,0.99737,0.99745,0.99737,0.99737,5
2012-03-25 23:04:00,0.99749,0.99753,0.99741,0.99741,5
2012-03-25 23:05:00,0.9975,0.99756,0.99746,0.9975,7
2012-03-25 23:06:00,0.9974,0.99746,0.99738,0.99746,5
2012-03-25 23:07:00,0.99724,0.99738,0.99724,0.99738,5
2012-03-25 23:08:00,0.99694,0.99722,0.99694,0.99722,10
2012-03-25 23:09:00,0.99688,0.99692,0.99686,0.99692,4
2012-03-25 23:10:00,0.99692,0.997,0.99688,0.99692,13
2012-03-25 23:11:00,0.99692,0.99692,0.99688,0.99688,2
2012-03-25 23:12:00,0.9968,0.99688,0.99676,0.99688,6
2012-03-25 23:13:00,0.99686,0.99686,0.9968,0.99682,4
2012-03-25 23:15:00,0.99682,0.99682,0.99682,0.99682,1
2012-03-25 23:16:00,0.9968,0.9968,0.99676,0.9968,3
2012-03-25 23:22:00,0.9968,0.99682,0.9968,0.99682,2
2012-03-25 23:25:00,0.99682,0.99682,0.99682,0.99682,1
2012-03-25 23:28:00,0.99682,0.99686,0.99682,0.99686,2
2012-03-25 23:30:00,0.997,0.997,0.99686,0.99686,6
2012-03-25 23:31:00,0.99694,0.99698,0.99694,0.99698,2
2012-03-25 23:35:00,0.99698,0.99698,0.99698,0.99698,1
2012-03-25 23:37:00,0.99694,0.99694,0.99694,0.99694,1
2012-03-25 23:39:00,0.99686,0.99692,0.99686,0.99692,3
2012-03-25 23:40:00,0.99676,0.99682,0.99676,0.99682,3
2012-03-25 23:41:00,0.99692,0.99692,0.9968,0.9968,5
2012-03-25 23:42:00,0.99716,0.99716,0.99694,0.99694,10
2012-03-25 23:43:00,0.99716,0.99718,0.9971,0.99712,22
2012-03-25 23:44:00,0.99712,0.99718,0.99712,0.99718,3
2012-03-25 23:45:00,0.99716,0.99716,0.99716,0.99716,1
2012-03-25 23:46:00,0.99712,0.99712,0.99712,0.99712,1
2012-03-25 23:47:00,0.99702,0.9971,0.997,0.9971,5
2012-03-25 23:49:00,0.99696,0.997,0.99696,0.997,4
2012-03-25 23:51:00,0.99694,0.99694,0.99694,0.99694,1
2012-03-25 23:52:00,0.9969,0.9969,0.9969,0.9969,1
2012-03-25 23:55:00,0.99688,0.99688,0.99688,0.99688,1
2012-03-25 23:56:00,0.99676,0.99684,0.99676,0.99684,4
2012-03-25 23:57:00,0.99664,0.99672,0.99658,0.99672,8
2012-03-25 23:58:00,0.9966,0.99666,0.9966,0.9966,5
2012-03-25 23:59:00,0.99666,0.99666,0.99664,0.99664,2
2012-03-26 00:00:00,0.9967,0.99672,0.99664,0.99664,7
2012-03-26 00:01:00,0.99672,0.99672,0.99658,0.99666,11
2012-03-26 00:02:00,0.99664,0.99676,0.99664,0.9967,7
2012-03-26 00:03:00,0.99676,0.99678,0.9966,0.9966,8
2012-03-26 00:04:00,0.99678,0.99678,0.99678,0.99678,1
2012-03-26 00:05:00,0.9967,0.99676,0.9966,0.99676,14
2012-03-26 00:08:00,0.99662,0.99668,0.9966,0.99668,9
2012-03-26 00:09:00,0.99662,0.99662,0.99656,0.9966,4
2012-03-26 00:10:00,0.99668,0.9967,0.99656,0.9966,14
2012-03-26 00:11:00,0.99682,0.99682,0.99662,0.99664,17
2012-03-26 00:12:00,0.99682,0.99682,0.99678,0.99678,2
2012-03-26 00:13:00,0.99688,0.99688,0.99686,0.99686,2
2012-03-26 00:14:00,0.99692,0.99692,0.99692,0.99692,1
2012-03-26 00:15:00,0.99692,0.99696,0.99688,0.99688,6
2012-03-26 00:16:00,0.99712,0.99712,0.99694,0.99694,9
2012-03-26 00:18:00,0.997,0.99708,0.99698,0.99708,6
2012-03-26 00:20:00,0.99708,0.99708,0.99702,0.99702,5
2012-03-26 00:21:00,0.99706,0.99706,0.99706,0.99706,1
2012-03-26 00:23:00,0.99692,0.99702,0.99692,0.99702,5
2012-03-26 00:24:00,0.99702,0.99702,0.99694,0.99694,4
2012-03-26 00:25:00,0.99692,0.997,0.99692,0.997,4
2012-03-26 00:26:00,0.9969,0.9969,0.99674,0.99688,12
2012-03-26 00:27:00,0.99698,0.99706,0.99692,0.99692,13
2012-03-26 00:28:00,0.99702,0.99706,0.99698,0.99702,9
2012-03-26 00:29:00,0.9971,0.9971,0.99704,0.99704,3
2012-03-26 00:30:00,0.99688,0.99708,0.99688,0.99708,10
2012-03-26 00:31:00,0.99692,0.99692,0.9969,0.9969,2
2012-03-26 00:32:00,0.99702,0.99702,0.99696,0.99696,3
2012-03-26 00:33:00,0.9971,0.99712,0.99704,0.99704,5
2012-03-26 00:34:00,0.99708,0.99708,0.99708,0.99708,1
2012-03-26 00:35:00,0.99702,0.99704,0.99702,0.99704,8
2012-03-26 00:36:00,0.99698,0.99698,0.99698,0.99698,1
2012-03-26 00:37:00,0.99694,0.99696,0.99694,0.99696,2
2012-03-26 00:38:00,0.9969,0.9969,0.9969,0.9969,1
2012-03-26 00:39:00,0.99696,0.99696,0.99692,0.99692,4
2012-03-26 00:40:00,0.99712,0.99712,0.99698,0.99698,12
2012-03-26 00:41:00,0.9971,0.9971,0.9971,0.9971,1
2012-03-26 00:42:00,0.99708,0.9971,0.99704,0.99708,7
2012-03-26 00:43:00,0.9971,0.9971,0.99704,0.99704,5
2012-03-26 00:44:00,0.9971,0.9971,0.99708,0.99708,2
2012-03-26 00:45:00,0.99722,0.99722,0.99712,0.99712,4
2012-03-26 00:46:00,0.99732,0.99736,0.99724,0.99724,6
2012-03-26 00:47:00,0.99744,0.99744,0.99728,0.9973,8
2012-03-26 00:48:00,0.9975,0.9975,0.99746,0.99746,2
2012-03-26 00:49:00,0.99746,0.99746,0.99746,0.99746,1
2012-03-26 00:50:00,0.9975,0.9975,0.99744,0.99744,3
2012-03-26 00:51:00,0.99758,0.99758,0.99746,0.99746,5
2012-03-26 00:52:00,0.99758,0.9976,0.99758,0.9976,2
2012-03-26 00:53:00,0.99762,0.99764,0.9976,0.9976,3
2012-03-26 00:54:00,0.99758,0.99758,0.99758,0.99758,1
2012-03-26 00:55:00,0.99762,0.99774,0.9976,0.9976,11
2012-03-26 00:56:00,0.99786,0.9979,0.99764,0.99764,15
2012-03-26 00:57:00,0.99808,0.99808,0.9979,0.9979,10
2012-03-26 00:58:00,0.998,0.99806,0.99798,0.99806,7
2012-03-26 00:59:00,0.99804,0.99806,0.99804,0.99804,3
2012-03-26 01:00:00,0.99816,0.99818,0.998,0.998,10
2012-03-26 01:01:00,0.99808,0.99812,0.99806,0.99812,4
2012-03-26 01:02:00,0.99808,0.99818,0.99806,0.99806,10
2012-03-26 01:03:00,0.99814,0.99814,0.99812,0.99812,2
2012-03-26 01:04:00,0.99816,0.99818,0.99816,0.99818,2
2012-03-26 01:05:00,0.99818,0.99826,0.99816,0.99818,9
2012-03-26 01:06:00,0.99818,0.99824,0.99818,0.9982,4
2012-03-26 01:07:00,0.9982,0.9982,0.9982,0.9982,1
2012-03-26 01:08:00,0.99826,0.99826,0.99824,0.99824,4
2012-03-26 01:09:00,0.99826,0.99832,0.99824,0.99824,6
2012-03-26 01:10:00,0.9982,0.99824,0.9982,0.99824,2
2012-03-26 01:11:00,0.99792,0.99818,0.99792,0.99818,10
2012-03-26 01:12:00,0.99786,0.99794,0.99786,0.9979,6
2012-03-26 01:14:00,0.99784,0.99784,0.99782,0.99784,3
2012-03-26 01:15:00,0.9979,0.9979,0.99778,0.99782,6
2012-03-26 01:16:00,0.99786,0.99792,0.99786,0.99792,3
2012-03-26 01:17:00,0.99776,0.99784,0.99776,0.99784,10
2012-03-26 01:18:00,0.99774,0.99774,0.99766,0.99772,6
2012-03-26 01:19:00,0.99778,0.99784,0.99772,0.99772,9
2012-03-26 01:20:00,0.9978,0.9978,0.9978,0.9978,1
2012-03-26 01:22:00,0.99812,0.99812,0.99784,0.99784,11
2012-03-26 01:23:00,0.99816,0.99818,0.99814,0.99814,3
2012-03-26 01:24:00,0.99826,0.99826,0.99818,0.99818,4
2012-03-26 01:25:00,0.99812,0.99824,0.99812,0.99824,5
2012-03-26 01:26:00,0.99808,0.9981,0.99806,0.9981,3
2012-03-26 01:27:00,0.99812,0.99812,0.99806,0.99806,3
2012-03-26 01:28:00,0.99812,0.99814,0.99812,0.99814,2
2012-03-26 01:29:00,0.99814,0.99814,0.99814,0.99814,1
2012-03-26 01:30:00,0.9983,0.99832,0.99818,0.99818,9
2012-03-26 01:31:00,0.99832,0.99832,0.99832,0.99832,1
2012-03-26 01:32:00,0.9983,0.99834,0.9983,0.9983,5
2012-03-26 01:34:00,0.99826,0.99826,0.99826,0.99826,1
2012-03-26 01:35:00,0.9982,0.99824,0.99816,0.99824,8
2012-03-26 01:36:00,0.99812,0.99818,0.99806,0.99818,9
2012-03-26 01:37:00,0.99834,0.99838,0.99814,0.99814,10
2012-03-26 01:39:00,0.99812,0.99832,0.99812,0.99832,10
2012-03-26 01:40:00,0.99814,0.99814,0.99814,0.99814,1
2012-03-26 01:41:00,0.9982,0.9982,0.99818,0.99818,2
2012-03-26 01:43:00,0.99812,0.99818,0.9981,0.99818,7
2012-03-26 01:44:00,0.99804,0.9981,0.99798,0.9981,7
2012-03-26 01:45:00,0.9979,0.99806,0.9979,0.99806,23
2012-03-26 01:46:00,0.99806,0.99814,0.99792,0.99792,16
2012-03-26 01:47:00,0.99804,0.99804,0.99798,0.99804,5
2012-03-26 01:49:00,0.99796,0.998,0.99792,0.998,9
2012-03-26 01:50:00,0.99786,0.99792,0.99786,0.99792,3
2012-03-26 01:51:00,0.99792,0.99794,0.99778,0.99784,10
2012-03-26 01:54:00,0.99796,0.99798,0.99794,0.99794,3
2012-03-26 01:55:00,0.99792,0.998,0.99792,0.99798,11
2012-03-26 01:56:00,0.99794,0.99794,0.99794,0.99794,1
2012-03-26 01:57:00,0.99804,0.99804,0.99798,0.99798,3
2012-03-26 01:58:00,0.998,0.998,0.99798,0.998,3
2012-03-26 01:59:00,0.99796,0.99806,0.99796,0.99804,6
2012-03-26 02:00:00,0.99786,0.99792,0.99786,0.99792,3
2012-03-26 02:02:00,0.9978,0.99784,0.99776,0.99784,6
2012-03-26 02:04:00,0.99776,0.99778,0.99776,0.99778,2
2012-03-26 02:10:00,0.99784,0.99784,0.99778,0.99778,3
2012-03-26 02:11:00,0.99794,0.99794,0.99786,0.99786,4
2012-03-26 02:12:00,0.99778,0.99792,0.99772,0.99792,16
2012-03-26 02:13:00,0.9978,0.9978,0.9978,0.9978,1
2012-03-26 02:14:00,0.99786,0.9979,0.99784,0.99784,4
2012-03-26 02:15:00,0.99772,0.99784,0.99772,0.99784,15
2012-03-26 02:17:00,0.99784,0.99784,0.99774,0.99774,4
2012-03-26 02:18:00,0.99784,0.9979,0.99784,0.99786,4
2012-03-26 02:19:00,0.9979,0.9979,0.99786,0.99786,2
2012-03-26 02:22:00,0.9979,0.99792,0.9979,0.99792,2
2012-03-26 02:23:00,0.9979,0.9979,0.99786,0.99786,2
2012-03-26 02:24:00,0.99792,0.99792,0.99792,0.99792,1
2012-03-26 02:27:00,0.99778,0.99798,0.99776,0.99794,11
2012-03-26 02:28:00,0.9979,0.9979,0.9978,0.9978,4
2012-03-26 02:29:00,0.99792,0.99792,0.99786,0.99786,3
2012-03-26 02:30:00,0.99786,0.9979,0.99786,0.9979,2
2012-03-26 02:31:00,0.99782,0.99784,0.99782,0.99784,2
2012-03-26 02:32:00,0.99784,0.99784,0.99784,0.99784,1
2012-03-26 02:33:00,0.99786,0.99786,0.99786,0.99786,1
2012-03-26 02:34:00,0.99776,0.99786,0.99776,0.99784,6
2012-03-26 02:36:00,0.99772,0.99772,0.9977,0.99772,3
2012-03-26 02:37:00,0.9977,0.9977,0.9977,0.9977,1
2012-03-26 02:38:00,0.99756,0.99766,0.99756,0.99766,5
2012-03-26 02:39:00,0.99758,0.99758,0.99752,0.99752,5
2012-03-26 02:40:00,0.99746,0.99756,0.99744,0.99756,8
2012-03-26 02:41:00,0.99744,0.99744,0.99744,0.99744,1
2012-03-26 02:42:00,0.99756,0.9976,0.99746,0.99746,8
2012-03-26 02:43:00,0.99764,0.99764,0.99758,0.99758,3
2012-03-26 02:44:00,0.9977,0.9977,0.99766,0.99766,2
2012-03-26 02:45:00,0.99766,0.99766,0.99766,0.99766,1
2012-03-26 02:46:00,0.99764,0.99764,0.99756,0.99764,7
2012-03-26 02:48:00,0.99778,0.99778,0.99766,0.99766,5
2012-03-26 02:49:00,0.99782,0.99784,0.9978,0.9978,3
2012-03-26 02:50:00,0.99778,0.99778,0.99776,0.99778,3
2012-03-26 02:51:00,0.99778,0.9978,0.99776,0.9978,4
2012-03-26 02:52:00,0.99772,0.99776,0.9977,0.99776,4
2012-03-26 02:55:00,0.99772,0.99772,0.99766,0.9977,4
2012-03-26 02:57:00,0.99756,0.9977,0.99756,0.9977,6
2012-03-26 02:58:00,0.9977,0.9977,0.99758,0.99758,5
2012-03-26 02:59:00,0.99774,0.99774,0.99772,0.99772,2
2012-03-26 03:00:00,0.99766,0.99774,0.99762,0.99772,15
2012-03-26 03:01:00,0.99764,0.99764,0.99762,0.99764,3
2012-03-26 03:02:00,0.99758,0.99762,0.99758,0.99762,2
2012-03-26 03:03:00,0.99758,0.99758,0.99756,0.99756,2
2012-03-26 03:04:00,0.99758,0.99758,0.99756,0.99756,2
2012-03-26 03:06:00,0.99758,0.99766,0.99756,0.9976,8
2012-03-26 03:07:00,0.9977,0.9977,0.9976,0.9976,4
2012-03-26 03:08:00,0.9977,0.9977,0.99766,0.99766,2
2012-03-26 03:09:00,0.99762,0.9978,0.99762,0.99772,19
2012-03-26 03:10:00,0.99764,0.99764,0.99764,0.99764,1
2012-03-26 03:11:00,0.9977,0.9978,0.99766,0.99766,10
2012-03-26 03:12:00,0.99766,0.99768,0.99756,0.99766,9
2012-03-26 03:13:00,0.99764,0.99764,0.99762,0.99762,2
2012-03-26 03:14:00,0.9976,0.99762,0.9976,0.99762,2
2012-03-26 03:15:00,0.9976,0.9976,0.99754,0.99756,8
2012-03-26 03:20:00,0.99756,0.99756,0.99756,0.99756,1
2012-03-26 03:21:00,0.99748,0.99754,0.99746,0.99754,9
2012-03-26 03:22:00,0.99742,0.99746,0.99742,0.99746,2
2012-03-26 03:23:00,0.9973,0.9974,0.99728,0.9974,6
2012-03-26 03:24:00,0.99728,0.99728,0.99728,0.99728,1
2012-03-26 03:25:00,0.9973,0.9973,0.9973,0.9973,1
2012-03-26 03:26:00,0.99732,0.99734,0.99732,0.99734,2
2012-03-26 03:28:00,0.9974,0.9974,0.99734,0.99734,3
2012-03-26 03:29:00,0.9974,0.9974,0.99738,0.99738,2
2012-03-26 03:30:00,0.99738,0.99748,0.99738,0.99742,13
2012-03-26 03:32:00,0.99742,0.99742,0.9974,0.9974,2
2012-03-26 03:34:00,0.9974,0.9975,0.9974,0.99746,11
2012-03-26 03:35:00,0.99742,0.99746,0.99742,0.99742,3
2012-03-26 03:37:00,0.9974,0.9974,0.9974,0.9974,1
2012-03-26 03:38:00,0.99726,0.99738,0.99726,0.99738,5
2012-03-26 03:39:00,0.99712,0.99722,0.99712,0.99722,11
2012-03-26 03:40:00,0.99714,0.99726,0.99708,0.99708,13
2012-03-26 03:41:00,0.99722,0.99722,0.99716,0.99716,3
2012-03-26 03:42:00,0.9972,0.9972,0.9972,0.9972,1
2012-03-26 03:43:00,0.99726,0.99726,0.99722,0.99722,2
2012-03-26 03:45:00,0.99728,0.99728,0.99728,0.99728,1
2012-03-26 03:46:00,0.9973,0.9973,0.9973,0.9973,1
2012-03-26 03:47:00,0.9974,0.9974,0.99734,0.99734,5
2012-03-26 03:50:00,0.99746,0.99746,0.99742,0.99742,2
2012-03-26 03:51:00,0.99742,0.99742,0.99742,0.99742,1
2012-03-26 03:53:00,0.99754,0.99754,0.99746,0.99746,6
2012-03-26 03:54:00,0.99754,0.99756,0.99754,0.99756,2
2012-03-26 03:55:00,0.99756,0.9976,0.99756,0.99756,3
2012-03-26 03:57:00,0.99754,0.99754,0.99752,0.99754,3
2012-03-26 03:58:00,0.99754,0.99756,0.99754,0.99756,2
2012-03-26 04:00:00,0.9976,0.9976,0.99756,0.99756,2
2012-03-26 04:02:00,0.9975,0.99756,0.99748,0.99756,7
2012-03-26 04:03:00,0.99754,0.99754,0.99754,0.99754,1
2012-03-26 04:05:00,0.9976,0.9976,0.99756,0.99756,2
2012-03-26 04:07:00,0.99768,0.99768,0.99762,0.99762,3
2012-03-26 04:09:00,0.9976,0.99766,0.99754,0.99766,9
2012-03-26 04:10:00,0.99768,0.99768,0.99762,0.99762,3
2012-03-26 04:11:00,0.99762,0.99766,0.99762,0.99766,2
2012-03-26 04:12:00,0.99768,0.99768,0.99764,0.99764,2
2012-03-26 04:13:00,0.99768,0.9977,0.99768,0.9977,4
2012-03-26 04:14:00,0.99774,0.99774,0.99766,0.99766,4
2012-03-26 04:15:00,0.99772,0.99772,0.99772,0.99772,1
2012-03-26 04:16:00,0.9981,0.9981,0.99774,0.99774,14
2012-03-26 04:17:00,0.99802,0.99808,0.99802,0.99808,3
2012-03-26 04:18:00,0.99804,0.99804,0.998,0.998,3
2012-03-26 04:19:00,0.99814,0.99814,0.99808,0.99808,3
2012-03-26 04:21:00,0.99808,0.9981,0.99806,0.9981,10
2012-03-26 04:22:00,0.9981,0.9981,0.9981,0.9981,1
2012-03-26 04:23:00,0.99814,0.99814,0.99814,0.99814,1
2012-03-26 04:24:00,0.99822,0.99822,0.99816,0.99816,3
2012-03-26 04:25:00,0.99822,0.99824,0.99822,0.99824,2
2012-03-26 04:26:00,0.99824,0.99824,0.99824,0.99824,1
2012-03-26 04:27:00,0.9983,0.9983,0.99822,0.99822,4
2012-03-26 04:28:00,0.99834,0.99834,0.99834,0.99834,1
2012-03-26 04:31:00,0.99838,0.99838,0.99836,0.99836,2
2012-03-26 04:32:00,0.9984,0.99842,0.99836,0.99842,6
2012-03-26 04:33:00,0.99836,0.99836,0.99836,0.99836,1
2012-03-26 04:34:00,0.99836,0.99842,0.99834,0.99834,6
2012-03-26 04:36:00,0.99834,0.99834,0.99834,0.99834,1
2012-03-26 04:37:00,0.9981,0.9983,0.99806,0.9983,14
2012-03-26 04:38:00,0.99808,0.99808,0.99806,0.99808,3
2012-03-26 04:39:00,0.99806,0.99806,0.99806,0.99806,1
2012-03-26 04:40:00,0.99806,0.9981,0.99806,0.99808,4
2012-03-26 04:41:00,0.99796,0.99802,0.99796,0.99802,5
2012-03-26 04:42:00,0.99814,0.99814,0.998,0.998,6
2012-03-26 04:45:00,0.99814,0.99814,0.99806,0.9981,6
2012-03-26 04:50:00,0.99806,0.9981,0.998,0.9981,9
2012-03-26 04:51:00,0.99808,0.99808,0.99808,0.99808,1
2012-03-26 04:52:00,0.9983,0.9983,0.9981,0.9981,10
2012-03-26 04:53:00,0.99844,0.99844,0.99834,0.99834,9
2012-03-26 04:54:00,0.99864,0.99864,0.99848,0.99848,9
2012-03-26 04:55:00,0.99852,0.99868,0.9985,0.99868,8
2012-03-26 04:56:00,0.99834,0.9985,0.99834,0.9985,15
2012-03-26 04:57:00,0.9982,0.9983,0.9982,0.9983,7
2012-03-26 04:59:00,0.99822,0.99822,0.9982,0.99822,3
2012-03-26 05:00:00,0.99836,0.99838,0.99824,0.99824,13
2012-03-26 05:01:00,0.99828,0.99838,0.99828,0.99838,5
2012-03-26 05:02:00,0.9983,0.9983,0.9983,0.9983,1
2012-03-26 05:03:00,0.99828,0.99828,0.99828,0.99828,1
2012-03-26 05:05:00,0.9983,0.9983,0.9983,0.9983,1
2012-03-26 05:06:00,0.99828,0.99828,0.99828,0.99828,1
2012-03-26 05:08:00,0.9983,0.9983,0.9983,0.9983,1
2012-03-26 05:10:00,0.99838,0.99838,0.99828,0.99828,5
2012-03-26 05:11:00,0.99838,0.99842,0.99836,0.99842,4
2012-03-26 05:12:00,0.9983,0.99836,0.9983,0.99836,3
2012-03-26 05:13:00,0.9983,0.9983,0.99828,0.99828,2
2012-03-26 05:14:00,0.99824,0.99828,0.99824,0.99828,2
2012-03-26 05:17:00,0.9983,0.9983,0.99828,0.99828,2
2012-03-26 05:19:00,0.9983,0.9983,0.99828,0.99828,2
2012-03-26 05:20:00,0.99838,0.99838,0.9983,0.99834,5
2012-03-26 05:21:00,0.9985,0.99852,0.99842,0.99842,8
2012-03-26 05:22:00,0.9983,0.99848,0.9983,0.99848,9
2012-03-26 05:24:00,0.9985,0.9985,0.99822,0.99828,17
2012-03-26 05:25:00,0.9983,0.99852,0.9983,0.99852,9
2012-03-26 05:26:00,0.99827,0.99828,0.99824,0.99828,4
2012-03-26 05:27:00,0.99807,0.99824,0.99799,0.99824,19
2012-03-26 05:28:00,0.99815,0.99815,0.9981,0.9981,3
2012-03-26 05:29:00,0.99815,0.99821,0.99813,0.99818,6
2012-03-26 05:30:00,0.99827,0.99827,0.99818,0.99818,4
2012-03-26 05:31:00,0.99838,0.99838,0.9983,0.9983,6
2012-03-26 05:32:00,0.99836,0.99838,0.99836,0.99836,3
2012-03-26 05:33:00,0.99827,0.99833,0.99827,0.99833,3
2012-03-26 05:34:00,0.99819,0.99824,0.99819,0.99824,3
2012-03-26 05:35:00,0.9981,0.99816,0.99807,0.99816,7
2012-03-26 05:36:00,0.9981,0.99813,0.9981,0.99813,2
2012-03-26 05:39:00,0.99802,0.99807,0.99802,0.99807,5
2012-03-26 05:40:00,0.99804,0.99804,0.99804,0.99804,1
2012-03-26 05:41:00,0.99807,0.99807,0.99807,0.99807,1
2012-03-26 05:43:00,0.99807,0.99807,0.99802,0.99804,6
2012-03-26 05:44:00,0.99815,0.99815,0.99804,0.99804,5
2012-03-26 05:46:00,0.99818,0.99818,0.99813,0.99813,3
2012-03-26 05:47:00,0.99832,0.99832,0.99821,0.99821,5
2012-03-26 05:51:00,0.99835,0.99835,0.99835,0.99835,1
2012-03-26 05:54:00,0.99835,0.99835,0.99833,0.99833,2
2012-03-26 05:58:00,0.99833,0.99833,0.99833,0.99833,1
2012-03-26 05:59:00,0.99816,0.9983,0.99816,0.9983,6
2012-03-26 06:00:00,0.99824,0.99832,0.99818,0.99818,13
2012-03-26 06:01:00,0.99813,0.99821,0.99802,0.99821,18
2012-03-26 06:02:00,0.99821,0.99821,0.99815,0.99815,3
2012-03-26 06:03:00,0.99827,0.99827,0.99819,0.99819,4
2012-03-26 06:04:00,0.99818,0.9983,0.9981,0.9983,13
2012-03-26 06:05:00,0.99819,0.99821,0.99819,0.99821,2
2012-03-26 06:06:00,0.9981,0.99816,0.99807,0.99816,5
2012-03-26 06:07:00,0.9981,0.99815,0.99807,0.99807,8
2012-03-26 06:08:00,0.99799,0.99807,0.99799,0.99807,4
2012-03-26 06:09:00,0.9979,0.99796,0.9979,0.99796,3
2012-03-26 06:10:00,0.99781,0.99793,0.99779,0.99787,15
2012-03-26 06:11:00,0.99787,0.99787,0.99779,0.99779,6
2012-03-26 06:12:00,0.99802,0.99804,0.99782,0.99785,15
2012-03-26 06:13:00,0.99818,0.99818,0.99804,0.99804,6
2012-03-26 06:14:00,0.99819,0.99821,0.99819,0.99821,2
2012-03-26 06:16:00,0.99821,0.99824,0.99821,0.99821,3
2012-03-26 06:17:00,0.99819,0.99821,0.99819,0.99819,3
2012-03-26 06:18:00,0.99821,0.99821,0.99821,0.99821,1
2012-03-26 06:19:00,0.99827,0.99827,0.99824,0.99824,2
2012-03-26 06:20:00,0.99832,0.99832,0.9983,0.9983,2
2012-03-26 06:21:00,0.99841,0.99841,0.9983,0.9983,9
2012-03-26 06:22:00,0.9985,0.99858,0.99844,0.99844,9
2012-03-26 06:23:00,0.99855,0.99858,0.99852,0.99852,6
2012-03-26 06:24:00,0.9985,0.99853,0.9985,0.99853,6
2012-03-26 06:25:00,0.99858,0.99858,0.99852,0.99852,3
2012-03-26 06:27:00,0.99883,0.99883,0.99861,0.99861,9
2012-03-26 06:28:00,0.9987,0.99886,0.9987,0.99881,11
2012-03-26 06:29:00,0.99858,0.99872,0.99858,0.99872,6
2012-03-26 06:30:00,0.99844,0.99856,0.99836,0.99856,11
2012-03-26 06:31:00,0.99861,0.99861,0.99841,0.99841,8
2012-03-26 06:32:00,0.99855,0.99858,0.9985,0.99858,6
2012-03-26 06:33:00,0.99852,0.99853,0.9985,0.99853,3
2012-03-26 06:34:00,0.99849,0.99881,0.99847,0.99855,23
2012-03-26 06:35:00,0.99852,0.99852,0.99852,0.99852,1
2012-03-26 06:36:00,0.99866,0.99866,0.9985,0.9985,7
2012-03-26 06:37:00,0.99872,0.99872,0.99869,0.99869,4
2012-03-26 06:38:00,0.9985,0.99875,0.9985,0.99875,12
2012-03-26 06:39:00,0.99878,0.99878,0.99852,0.99852,10
2012-03-26 06:41:00,0.99872,0.99875,0.9987,0.99875,4
2012-03-26 06:42:00,0.99867,0.9987,0.99867,0.9987,2
2012-03-26 06:43:00,0.99866,0.99866,0.99861,0.99864,4
2012-03-26 06:44:00,0.99869,0.99872,0.99867,0.99869,5
2012-03-26 06:45:00,0.99856,0.99867,0.99856,0.99867,7
2012-03-26 06:46:00,0.99839,0.99853,0.99839,0.99853,10
2012-03-26 06:47:00,0.99841,0.99841,0.99841,0.99841,1
2012-03-26 06:49:00,0.99827,0.99839,0.99827,0.99839,9
2012-03-26 06:50:00,0.99801,0.99824,0.99799,0.99824,11
2012-03-26 06:51:00,0.99796,0.99801,0.99787,0.99799,14
2012-03-26 06:52:00,0.9981,0.9981,0.99798,0.99798,7
2012-03-26 06:54:00,0.99807,0.99807,0.99807,0.99807,1
2012-03-26 06:55:00,0.9981,0.9981,0.99802,0.99804,5
2012-03-26 06:56:00,0.9981,0.9981,0.99807,0.99807,2
2012-03-26 06:57:00,0.9981,0.99815,0.9981,0.99813,4
2012-03-26 06:58:00,0.99815,0.99815,0.99807,0.99807,8
2012-03-26 07:00:00,0.99821,0.9983,0.99818,0.99818,8
2012-03-26 07:01:00,0.9983,0.99832,0.99824,0.99824,7
2012-03-26 07:02:00,0.9981,0.99827,0.99804,0.99827,11
2012-03-26 07:03:00,0.99802,0.99807,0.99802,0.99807,3
2012-03-26 07:04:00,0.99796,0.99799,0.99796,0.99799,4
2012-03-26 07:05:00,0.99793,0.99796,0.99793,0.99793,3
2012-03-26 07:06:00,0.99804,0.99807,0.99796,0.99796,8
2012-03-26 07:07:00,0.9981,0.9981,0.99807,0.99807,2
2012-03-26 07:09:00,0.9981,0.9981,0.99802,0.99807,6
2012-03-26 07:10:00,0.9981,0.9981,0.99802,0.99807,6
2012-03-26 07:11:00,0.99819,0.99821,0.99813,0.99813,5
2012-03-26 07:12:00,0.9981,0.99816,0.9981,0.99816,3
2012-03-26 07:13:00,0.9981,0.99818,0.9981,0.99813,6
2012-03-26 07:14:00,0.99796,0.99807,0.99793,0.99807,9
2012-03-26 07:15:00,0.99793,0.99798,0.9979,0.99793,11
2012-03-26 07:16:00,0.99801,0.99801,0.99796,0.99796,5
2012-03-26 07:17:00,0.99798,0.99799,0.99785,0.99799,11
2012-03-26 07:18:00,0.99787,0.99796,0.99787,0.99796,4
2012-03-26 07:19:00,0.99782,0.9979,0.99782,0.99785,8
2012-03-26 07:20:00,0.99782,0.99787,0.99779,0.99779,6
2012-03-26 07:21:00,0.9981,0.99813,0.99784,0.99784,16
2012-03-26 07:22:00,0.99844,0.99844,0.99813,0.99813,12
2012-03-26 07:23:00,0.99841,0.99858,0.99841,0.99847,17
2012-03-26 07:24:00,0.99849,0.99849,0.99844,0.99844,3
2012-03-26 07:25:00,0.99849,0.99849,0.99841,0.99847,12
2012-03-26 07:26:00,0.99861,0.99864,0.99852,0.99852,12
2012-03-26 07:27:00,0.99866,0.99866,0.99853,0.99858,8
2012-03-26 07:28:00,0.99861,0.99864,0.99858,0.99864,6
2012-03-26 07:29:00,0.9985,0.99869,0.9985,0.99864,10
2012-03-26 07:30:00,0.99895,0.99898,0.99852,0.99852,18
2012-03-26 07:31:00,0.99881,0.99898,0.99881,0.99898,13
2012-03-26 07:32:00,0.9987,0.99889,0.9987,0.99883,16
2012-03-26 07:33:00,0.99858,0.99867,0.99858,0.99867,6
2012-03-26 07:34:00,0.99852,0.99861,0.9985,0.99861,8
2012-03-26 07:35:00,0.99869,0.99869,0.99855,0.99855,8
2012-03-26 07:36:00,0.9987,0.99875,0.9987,0.99872,4
2012-03-26 07:37:00,0.9987,0.99875,0.9987,0.99872,6
2012-03-26 07:38:00,0.99868,0.99869,0.99861,0.99867,7
2012-03-26 07:39:00,0.999,0.999,0.9987,0.99872,17
2012-03-26 07:40:00,0.99908,0.99912,0.99892,0.99902,23
2012-03-26 07:41:00,0.99892,0.99908,0.99892,0.99906,11
2012-03-26 07:42:00,0.9989,0.9989,0.99882,0.9989,8
2012-03-26 07:43:00,0.9989,0.99896,0.9989,0.99894,17
2012-03-26 07:44:00,0.99882,0.99888,0.9987,0.99888,15
2012-03-26 07:45:00,0.9989,0.999,0.99884,0.99884,13
2012-03-26 07:46:00,0.99908,0.9991,0.99892,0.99892,10
2012-03-26 07:47:00,0.9991,0.9992,0.9991,0.9991,12
2012-03-26 07:48:00,0.999,0.99906,0.999,0.99906,4
2012-03-26 07:49:00,0.99908,0.9991,0.99884,0.99898,28
2012-03-26 07:50:00,0.999,0.99924,0.999,0.9991,22
2012-03-26 07:51:00,0.99904,0.9991,0.99902,0.99902,10
2012-03-26 07:52:00,0.9992,0.9992,0.99906,0.99906,15
2012-03-26 07:53:00,0.99928,0.9993,0.99922,0.99922,11
2012-03-26 07:54:00,0.99922,0.9993,0.99922,0.9993,5
2012-03-26 07:55:00,0.9991,0.99918,0.9991,0.99918,5
2012-03-26 07:56:00,0.99922,0.99922,0.99912,0.99912,6
2012-03-26 07:57:00,0.9993,0.9993,0.99916,0.9992,13
2012-03-26 07:58:00,0.99926,0.9994,0.99924,0.99928,20
2012-03-26 07:59:00,0.999,0.99928,0.999,0.99928,21
2012-03-26 08:00:00,0.9985,0.99898,0.99832,0.99898,82
2012-03-26 08:01:00,0.99858,0.99864,0.9985,0.99852,20
2012-03-26 08:02:00,0.99832,0.99856,0.99832,0.99856,32
2012-03-26 08:03:00,0.99822,0.9984,0.99816,0.99828,24
2012-03-26 08:04:00,0.99822,0.99832,0.99812,0.99818,24
2012-03-26 08:05:00,0.99822,0.99834,0.99822,0.99824,12
2012-03-26 08:06:00,0.9983,0.9983,0.99824,0.99824,4
2012-03-26 08:07:00,0.9985,0.99856,0.99832,0.99832,28
2012-03-26 08:08:00,0.99862,0.99862,0.99844,0.99852,19
2012-03-26 08:09:00,0.9985,0.9986,0.9985,0.9986,9
2012-03-26 08:10:00,0.99862,0.99864,0.99844,0.99848,15
2012-03-26 08:11:00,0.99874,0.9988,0.99864,0.99864,19
2012-03-26 08:12:00,0.9986,0.9988,0.9986,0.99876,14
2012-03-26 08:13:00,0.9985,0.99858,0.9985,0.99858,20
2012-03-26 08:14:00,0.9985,0.99858,0.9985,0.99852,14
2012-03-26 08:15:00,0.9991,0.9991,0.99852,0.99852,31
2012-03-26 08:16:00,0.9991,0.9991,0.99892,0.99908,20
2012-03-26 08:17:00,0.9991,0.99912,0.99892,0.99908,18
2012-03-26 08:18:00,0.99884,0.99908,0.9988,0.99908,23
2012-03-26 08:19:00,0.99896,0.999,0.99886,0.99886,19
2012-03-26 08:20:00,0.9991,0.9992,0.99888,0.99894,31
2012-03-26 08:22:00,0.99886,0.99906,0.9988,0.99906,19
2012-03-26 08:23:00,0.99878,0.99884,0.9987,0.99884,21
2012-03-26 08:24:00,0.99876,0.99876,0.99876,0.99876,1
2012-03-26 08:25:00,0.99888,0.9989,0.99868,0.99874,17
2012-03-26 08:26:00,0.9991,0.9991,0.99882,0.99886,15
2012-03-26 08:27:00,0.9993,0.9993,0.99912,0.99912,8
2012-03-26 08:28:00,0.99928,0.99942,0.99926,0.99932,17
2012-03-26 08:29:00,0.9992,0.99926,0.99906,0.99926,19
2012-03-26 08:30:00,0.9993,0.9993,0.99916,0.99922,18
2012-03-26 08:31:00,0.99952,0.99962,0.99932,0.99932,23
2012-03-26 08:32:00,0.9994,0.99962,0.99936,0.9995,21
2012-03-26 08:33:00,0.99962,0.99984,0.99942,0.99942,31
2012-03-26 08:34:00,0.99972,0.9998,0.99964,0.99964,26
2012-03-26 08:35:00,0.99972,0.99986,0.9997,0.99974,18
2012-03-26 08:36:00,0.9997,0.99984,0.9997,0.99974,13
2012-03-26 08:37:00,0.9996,0.99972,0.9996,0.99968,12
2012-03-26 08:38:00,0.99978,0.99978,0.99962,0.99962,16
2012-03-26 08:39:00,0.9997,0.99986,0.9997,0.9998,16
2012-03-26 08:40:00,0.99968,0.99968,0.9996,0.99968,10
2012-03-26 08:41:00,0.99952,0.99966,0.9995,0.99966,19
2012-03-26 08:42:00,0.99928,0.99954,0.99926,0.99954,16
2012-03-26 08:43:00,0.99932,0.9994,0.9993,0.9993,9
2012-03-26 08:44:00,0.9996,0.99962,0.99934,0.99934,14
2012-03-26 08:45:00,0.9999,0.99994,0.99962,0.99962,34
2012-03-26 08:46:00,0.99972,0.99988,0.9997,0.99988,11
2012-03-26 08:47:00,0.9997,0.99978,0.99962,0.9997,25
2012-03-26 08:48:00,0.99968,0.99972,0.9996,0.99972,10
2012-03-26 08:49:00,0.99962,0.99978,0.9996,0.99972,17
2012-03-26 08:50:00,0.9995,0.99968,0.9995,0.99964,13
2012-03-26 08:51:00,0.9991,0.99948,0.9991,0.99948,19
2012-03-26 08:52:00,0.99904,0.99914,0.999,0.99912,10
2012-03-26 08:53:00,0.99902,0.99908,0.99878,0.99902,39
2012-03-26 08:54:00,0.999,0.999,0.9989,0.999,10
2012-03-26 08:55:00,0.99912,0.99912,0.999,0.99902,9
2012-03-26 08:56:00,0.9991,0.9991,0.99908,0.9991,3
2012-03-26 08:57:00,0.9993,0.9993,0.99912,0.99912,8
2012-03-26 08:58:00,0.99892,0.9994,0.99892,0.99932,24
2012-03-26 08:59:00,0.99898,0.99898,0.99888,0.9989,13
2012-03-26 09:00:00,0.99898,0.999,0.9989,0.99896,14
2012-03-26 09:01:00,0.99916,0.9993,0.999,0.999,31
2012-03-26 09:02:00,0.9994,0.9994,0.99914,0.99914,20
2012-03-26 09:03:00,0.99912,0.99938,0.99912,0.99938,16
2012-03-26 09:04:00,0.99902,0.99916,0.99898,0.9991,36
2012-03-26 09:05:00,0.99878,0.999,0.99878,0.999,18
2012-03-26 09:06:00,0.99876,0.9988,0.99876,0.9988,5
2012-03-26 09:07:00,0.9987,0.9988,0.99868,0.99878,12
2012-03-26 09:08:00,0.9987,0.9987,0.99868,0.99868,2
2012-03-26 09:09:00,0.9986,0.99872,0.9986,0.99872,8
2012-03-26 09:10:00,0.99882,0.99886,0.9986,0.99862,17
2012-03-26 09:11:00,0.99916,0.99916,0.99884,0.99884,14
2012-03-26 09:12:00,0.99928,0.9993,0.99918,0.99918,9
2012-03-26 09:13:00,0.99922,0.99934,0.99922,0.9993,9
2012-03-26 09:14:00,0.99912,0.99918,0.9991,0.99918,6
2012-03-26 09:15:00,0.9991,0.99912,0.9991,0.9991,5
2012-03-26 09:16:00,0.999,0.99906,0.999,0.99906,4
2012-03-26 09:17:00,0.99882,0.99898,0.9988,0.99898,21
2012-03-26 09:18:00,0.9989,0.99894,0.9988,0.99884,33
2012-03-26 09:19:00,0.99868,0.9989,0.99868,0.99888,11
2012-03-26 09:20:00,0.99888,0.99888,0.9987,0.9987,11
2012-03-26 09:21:00,0.9988,0.99886,0.99876,0.99886,14
2012-03-26 09:22:00,0.9989,0.99894,0.99882,0.99882,10
2012-03-26 09:23:00,0.9992,0.9992,0.99892,0.99892,13
2012-03-26 09:24:00,0.9993,0.99932,0.9992,0.99922,24
2012-03-26 09:25:00,0.99922,0.99932,0.99922,0.99932,8
2012-03-26 09:26:00,0.9993,0.99934,0.99918,0.99924,12
2012-03-26 09:27:00,0.99938,0.9994,0.99926,0.99928,11
2012-03-26 09:28:00,0.9994,0.99944,0.99936,0.9994,15
2012-03-26 09:29:00,0.99946,0.9995,0.99936,0.99942,18
2012-03-26 09:30:00,0.9995,0.99952,0.99944,0.99948,8
2012-03-26 09:31:00,0.99946,0.99952,0.99938,0.99948,22
2012-03-26 09:32:00,0.99926,0.99944,0.99922,0.99944,24
2012-03-26 09:33:00,0.99904,0.99924,0.99904,0.99924,35
2012-03-26 09:34:00,0.99902,0.99902,0.99902,0.99902,1
2012-03-26 09:35:00,0.99892,0.999,0.99892,0.999,4
2012-03-26 09:36:00,0.99898,0.99898,0.99882,0.9989,11
2012-03-26 09:37:00,0.99892,0.99896,0.9989,0.99896,5
2012-03-26 09:38:00,0.99888,0.99892,0.99888,0.9989,6
2012-03-26 09:39:00,0.9987,0.99884,0.9987,0.99884,13
2012-03-26 09:40:00,0.99862,0.99878,0.99862,0.99868,17
2012-03-26 09:41:00,0.9986,0.99866,0.9986,0.99864,5
2012-03-26 09:43:00,0.99858,0.99858,0.9985,0.99858,8
2012-03-26 09:44:00,0.9984,0.99856,0.9984,0.99856,8
2012-03-26 09:45:00,0.99828,0.99838,0.99828,0.99838,9
2012-03-26 09:47:00,0.99826,0.99826,0.99822,0.99826,5
2012-03-26 09:48:00,0.99814,0.99824,0.99814,0.99824,11
2012-03-26 09:49:00,0.99822,0.9984,0.99816,0.99816,29
2012-03-26 09:50:00,0.9981,0.99824,0.99802,0.99824,28
2012-03-26 09:51:00,0.99792,0.99808,0.99792,0.99808,8
2012-03-26 09:52:00,0.99794,0.99796,0.99794,0.99794,3
2012-03-26 09:53:00,0.9981,0.9981,0.99796,0.99796,7
2012-03-26 09:54:00,0.99824,0.99824,0.99812,0.99812,6
2012-03-26 09:56:00,0.99842,0.99842,0.99828,0.99828,13
2012-03-26 09:57:00,0.9984,0.9984,0.99832,0.9984,9
2012-03-26 09:58:00,0.99842,0.99842,0.99838,0.99838,3
2012-03-26 09:59:00,0.99836,0.99842,0.99832,0.9984,15
2012-03-26 10:00:00,0.9983,0.99834,0.99824,0.99834,8
2012-03-26 10:01:00,0.99832,0.99832,0.99832,0.99832,1
2012-03-26 10:02:00,0.99842,0.99842,0.99832,0.99834,20
2012-03-26 10:03:00,0.9984,0.9984,0.9984,0.9984,1
2012-03-26 10:04:00,0.99824,0.99846,0.99824,0.99842,15
2012-03-26 10:05:00,0.998,0.99822,0.998,0.99822,10
2012-03-26 10:06:00,0.99798,0.99798,0.99788,0.99796,10
2012-03-26 10:07:00,0.998,0.99802,0.998,0.998,3
2012-03-26 10:08:00,0.99798,0.99798,0.99798,0.99798,1
2012-03-26 10:09:00,0.9979,0.99796,0.9979,0.99796,8
2012-03-26 10:10:00,0.9978,0.99788,0.9978,0.99788,4
2012-03-26 10:11:00,0.9977,0.99778,0.9977,0.99778,4
2012-03-26 10:12:00,0.9978,0.9978,0.99772,0.99772,5
2012-03-26 10:13:00,0.9978,0.9979,0.9978,0.99784,9
2012-03-26 10:14:00,0.9978,0.9978,0.9977,0.99778,11
2012-03-26 10:15:00,0.99762,0.99778,0.9976,0.99778,10
2012-03-26 10:16:00,0.99768,0.99768,0.9976,0.9976,5
2012-03-26 10:17:00,0.99766,0.99766,0.9976,0.99766,7
2012-03-26 10:18:00,0.99732,0.99764,0.99732,0.99764,15
2012-03-26 10:19:00,0.9971,0.99728,0.9971,0.99728,19
2012-03-26 10:20:00,0.99712,0.99712,0.99702,0.99706,30
2012-03-26 10:21:00,0.9973,0.9973,0.99716,0.99716,9
2012-03-26 10:22:00,0.99728,0.99728,0.99728,0.99728,1
2012-03-26 10:23:00,0.9972,0.9973,0.99718,0.99726,9
2012-03-26 10:24:00,0.9973,0.99732,0.99722,0.99722,14
2012-03-26 10:25:00,0.99728,0.99728,0.99722,0.99728,11
2012-03-26 10:26:00,0.99712,0.99726,0.9971,0.99726,17
2012-03-26 10:27:00,0.99724,0.99724,0.9971,0.9971,14
2012-03-26 10:28:00,0.99702,0.99722,0.997,0.99722,16
2012-03-26 10:29:00,0.997,0.99706,0.997,0.997,7
2012-03-26 10:30:00,0.9969,0.99696,0.9969,0.99696,4
2012-03-26 10:31:00,0.99662,0.99688,0.99662,0.99688,15
2012-03-26 10:32:00,0.99672,0.99672,0.99654,0.9966,12
2012-03-26 10:33:00,0.99678,0.9968,0.99674,0.99674,5
2012-03-26 10:34:00,0.9966,0.99684,0.9966,0.9968,12
2012-03-26 10:35:00,0.99662,0.99664,0.99654,0.99658,19
2012-03-26 10:36:00,0.99666,0.99668,0.99664,0.99664,4
2012-03-26 10:37:00,0.99666,0.99668,0.99666,0.99668,4
2012-03-26 10:38:00,0.99656,0.99666,0.99656,0.99664,7
2012-03-26 10:39:00,0.99662,0.99664,0.99658,0.99658,9
2012-03-26 10:40:00,0.9968,0.9968,0.99664,0.99664,8
2012-03-26 10:41:00,0.99696,0.997,0.99684,0.99684,12
2012-03-26 10:42:00,0.997,0.99708,0.99698,0.99698,9
2012-03-26 10:43:00,0.99696,0.99702,0.99696,0.99696,7
2012-03-26 10:44:00,0.99692,0.99696,0.99692,0.99694,4
2012-03-26 10:45:00,0.99704,0.99706,0.99694,0.99694,7
2012-03-26 10:46:00,0.9972,0.99722,0.99706,0.99706,9
2012-03-26 10:47:00,0.99714,0.9972,0.99714,0.99718,7
2012-03-26 10:48:00,0.9971,0.99712,0.99702,0.99712,11
2012-03-26 10:49:00,0.9971,0.99712,0.99702,0.99708,10
2012-03-26 10:50:00,0.9971,0.99712,0.9971,0.99712,2
2012-03-26 10:51:00,0.9971,0.9971,0.99702,0.99708,14
2012-03-26 10:52:00,0.9972,0.9972,0.99706,0.99712,10
2012-03-26 10:53:00,0.99694,0.99718,0.99694,0.99718,21
2012-03-26 10:54:00,0.997,0.997,0.99694,0.99696,17
2012-03-26 10:55:00,0.9971,0.99712,0.99702,0.99702,10
2012-03-26 10:57:00,0.9973,0.99732,0.99712,0.99712,28
2012-03-26 10:58:00,0.99722,0.99728,0.99722,0.99728,4
2012-03-26 10:59:00,0.99718,0.99726,0.99718,0.99724,9
2012-03-26 11:00:00,0.99726,0.99728,0.99716,0.99716,7
2012-03-26 11:01:00,0.9973,0.9973,0.99722,0.99724,8
2012-03-26 11:02:00,0.99712,0.99728,0.99712,0.99728,8
2012-03-26 11:03:00,0.99694,0.9971,0.99694,0.9971,7
2012-03-26 11:04:00,0.99702,0.99702,0.99696,0.99696,4
2012-03-26 11:05:00,0.9968,0.997,0.9968,0.997,12
2012-03-26 11:06:00,0.9966,0.99678,0.9966,0.99678,12
2012-03-26 11:07:00,0.99664,0.99664,0.99654,0.99658,8
2012-03-26 11:08:00,0.9965,0.99662,0.9965,0.99662,12
2012-03-26 11:09:00,0.9963,0.99648,0.99628,0.99648,12
2012-03-26 11:10:00,0.9964,0.99644,0.9963,0.99632,10
2012-03-26 11:11:00,0.99668,0.99672,0.99642,0.99642,15
2012-03-26 11:12:00,0.99656,0.99672,0.99656,0.9967,13
2012-03-26 11:13:00,0.99648,0.99654,0.99648,0.99654,3
2012-03-26 11:14:00,0.99622,0.99654,0.99622,0.9965,23
2012-03-26 11:15:00,0.99607,0.99632,0.99607,0.99624,24
2012-03-26 11:16:00,0.9961,0.9961,0.99596,0.99604,13
2012-03-26 11:17:00,0.99641,0.99641,0.99612,0.99612,19
2012-03-26 11:18:00,0.9963,0.99649,0.9963,0.99644,14
2012-03-26 11:19:00,0.99616,0.99638,0.99616,0.99632,13
2012-03-26 11:20:00,0.99621,0.99627,0.99618,0.99618,8
2012-03-26 11:21:00,0.99638,0.99638,0.99624,0.99624,6
2012-03-26 11:22:00,0.99649,0.99649,0.99641,0.99641,4
2012-03-26 11:23:00,0.99689,0.99692,0.99652,0.99652,20
2012-03-26 11:24:00,0.99689,0.99689,0.99678,0.99687,8
2012-03-26 11:25:00,0.9971,0.99724,0.99687,0.99687,29
2012-03-26 11:26:00,0.99691,0.9971,0.99691,0.99708,13
2012-03-26 11:27:00,0.99707,0.99707,0.99688,0.99688,10
2012-03-26 11:28:00,0.99716,0.99716,0.99708,0.9971,9
2012-03-26 11:29:00,0.99719,0.9973,0.99719,0.99719,9
2012-03-26 11:30:00,0.99682,0.99716,0.99677,0.99716,17
2012-03-26 11:31:00,0.99688,0.99702,0.99685,0.99685,16
2012-03-26 11:32:00,0.99694,0.99699,0.9969,0.9969,6
2012-03-26 11:33:00,0.9969,0.99691,0.99688,0.99691,3
2012-03-26 11:34:00,0.99699,0.99719,0.99693,0.99693,25
2012-03-26 11:35:00,0.99691,0.99702,0.99691,0.99702,11
2012-03-26 11:36:00,0.99691,0.99699,0.99691,0.99693,8
2012-03-26 11:37:00,0.99677,0.99688,0.99668,0.99688,19
2012-03-26 11:38:00,0.99688,0.9969,0.99668,0.99674,14
2012-03-26 11:39:00,0.99668,0.9969,0.99668,0.9969,9
2012-03-26 11:40:00,0.99682,0.99682,0.99662,0.99671,17
2012-03-26 11:41:00,0.99694,0.99707,0.99685,0.99685,16
2012-03-26 11:42:00,0.99682,0.99696,0.99679,0.99696,12
2012-03-26 11:43:00,0.99673,0.99679,0.99668,0.99679,11
2012-03-26 11:44:00,0.99662,0.99671,0.99662,0.99671,4
2012-03-26 11:45:00,0.99654,0.99668,0.99651,0.99665,9
2012-03-26 11:46:00,0.99671,0.99671,0.99651,0.99651,8
2012-03-26 11:47:00,0.99674,0.99676,0.99671,0.99673,5
2012-03-26 11:48:00,0.99688,0.9969,0.99676,0.99676,9
2012-03-26 11:49:00,0.99691,0.99693,0.99682,0.9969,9
2012-03-26 11:50:00,0.99688,0.99688,0.99685,0.99688,3
2012-03-26 11:51:00,0.99694,0.99696,0.99688,0.9969,12
2012-03-26 11:52:00,0.99705,0.99705,0.99696,0.99696,4
2012-03-26 11:54:00,0.99702,0.99702,0.99702,0.99702,1
2012-03-26 11:55:00,0.99705,0.99705,0.99702,0.99705,3
2012-03-26 11:56:00,0.99705,0.99705,0.99699,0.99702,4
2012-03-26 12:00:00,0.99659,0.99719,0.99657,0.99707,50
2012-03-26 12:01:00,0.99659,0.99665,0.99637,0.99657,36
2012-03-26 12:02:00,0.9968,0.99692,0.99662,0.99662,52
2012-03-26 12:03:00,0.99613,0.99678,0.9961,0.99678,40
2012-03-26 12:04:00,0.99565,0.99612,0.99559,0.9961,43
2012-03-26 12:05:00,0.99587,0.99587,0.99559,0.99562,40
2012-03-26 12:06:00,0.99545,0.9959,0.99542,0.9959,49
2012-03-26 12:07:00,0.99561,0.99575,0.99539,0.99542,34
2012-03-26 12:08:00,0.99556,0.99561,0.99536,0.99559,50
2012-03-26 12:09:00,0.99547,0.99558,0.99533,0.99558,25
2012-03-26 12:10:00,0.99542,0.99556,0.99531,0.9955,26
2012-03-26 12:11:00,0.99541,0.9955,0.99525,0.99544,40
2012-03-26 12:12:00,0.99558,0.99558,0.99536,0.99539,30
2012-03-26 12:13:00,0.99554,0.99591,0.99542,0.99556,50
2012-03-26 12:14:00,0.99591,0.99591,0.99555,0.99557,25
2012-03-26 12:15:00,0.99553,0.996,0.99535,0.99594,56
2012-03-26 12:16:00,0.99561,0.99571,0.99536,0.99556,40
2012-03-26 12:17:00,0.99574,0.9958,0.99548,0.99559,54
2012-03-26 12:18:00,0.99553,0.99574,0.99535,0.99572,36
2012-03-26 12:19:00,0.9959,0.9959,0.99556,0.99556,23
2012-03-26 12:20:00,0.99531,0.99601,0.99531,0.99587,47
2012-03-26 12:21:00,0.99446,0.9955,0.99444,0.99528,77
2012-03-26 12:22:00,0.99441,0.99489,0.99438,0.99449,90
2012-03-26 12:23:00,0.99495,0.99495,0.99435,0.99444,53
2012-03-26 12:24:00,0.99509,0.99509,0.99484,0.99497,39
2012-03-26 12:25:00,0.9954,0.9954,0.99512,0.99512,23
2012-03-26 12:26:00,0.99546,0.99563,0.99538,0.99538,32
2012-03-26 12:27:00,0.99498,0.99551,0.99475,0.99549,47
2012-03-26 12:28:00,0.99527,0.99527,0.99478,0.99495,66
2012-03-26 12:29:00,0.9955,0.9955,0.99525,0.9953,38
2012-03-26 12:30:00,0.99522,0.9955,0.99522,0.99548,36
2012-03-26 12:31:00,0.99533,0.99547,0.99522,0.99524,24
2012-03-26 12:32:00,0.99556,0.99564,0.99531,0.99531,30
2012-03-26 12:33:00,0.9957,0.99584,0.99556,0.99558,27
2012-03-26 12:34:00,0.99544,0.99567,0.99542,0.99567,33
2012-03-26 12:35:00,0.99562,0.99584,0.99545,0.99547,28
2012-03-26 12:36:00,0.99541,0.99559,0.99536,0.99559,17
2012-03-26 12:37:00,0.99547,0.9955,0.99542,0.99544,8
2012-03-26 12:38:00,0.99539,0.99545,0.99536,0.99545,7
2012-03-26 12:39:00,0.99539,0.99539,0.99528,0.99536,14
2012-03-26 12:40:00,0.99531,0.99541,0.99531,0.99536,11
2012-03-26 12:41:00,0.99531,0.99533,0.99525,0.99533,8
2012-03-26 12:42:00,0.99533,0.99536,0.99531,0.99533,5
2012-03-26 12:43:00,0.9957,0.9957,0.99536,0.99536,13
2012-03-26 12:44:00,0.9955,0.99573,0.99542,0.99573,21
2012-03-26 12:45:00,0.99476,0.99548,0.99465,0.99548,54
2012-03-26 12:46:00,0.99459,0.99482,0.99454,0.99474,34
2012-03-26 12:47:00,0.99446,0.99463,0.99435,0.99457,42
2012-03-26 12:48:00,0.99405,0.99444,0.99377,0.99444,72
2012-03-26 12:49:00,0.99391,0.99408,0.99383,0.99408,29
2012-03-26 12:50:00,0.99394,0.99402,0.9938,0.99389,33
2012-03-26 12:51:00,0.99392,0.99394,0.99383,0.99392,23
2012-03-26 12:52:00,0.99411,0.99411,0.99392,0.99394,23
2012-03-26 12:53:00,0.99408,0.99414,0.994,0.99409,25
2012-03-26 12:54:00,0.99389,0.99411,0.99389,0.99406,15
2012-03-26 12:55:00,0.99392,0.99402,0.99372,0.99386,31
2012-03-26 12:56:00,0.99409,0.99411,0.99394,0.99394,12
2012-03-26 12:57:00,0.99454,0.99456,0.99411,0.99411,54
2012-03-26 12:58:00,0.99479,0.99482,0.99451,0.99456,33
2012-03-26 12:59:00,0.99444,0.99489,0.99444,0.99482,41
2012-03-26 13:00:00,0.99441,0.99452,0.99424,0.99446,41
2012-03-26 13:01:00,0.9945,0.99458,0.99444,0.99444,21
2012-03-26 13:02:00,0.99424,0.99455,0.99418,0.99452,27
2012-03-26 13:03:00,0.99424,0.99427,0.99416,0.99427,12
2012-03-26 13:04:00,0.99418,0.99424,0.99416,0.99424,7
2012-03-26 13:05:00,0.99406,0.9942,0.99406,0.99416,10
2012-03-26 13:06:00,0.99412,0.99412,0.99406,0.9941,8
2012-03-26 13:07:00,0.99404,0.99412,0.994,0.9941,9
2012-03-26 13:08:00,0.9939,0.99412,0.99386,0.99406,19
2012-03-26 13:09:00,0.99424,0.99424,0.9939,0.99392,20
2012-03-26 13:10:00,0.99432,0.99432,0.99416,0.9942,15
2012-03-26 13:11:00,0.99416,0.9943,0.9941,0.9943,16
2012-03-26 13:12:00,0.99366,0.99414,0.99362,0.99412,25
2012-03-26 13:13:00,0.99284,0.99364,0.99284,0.99364,63
2012-03-26 13:14:00,0.9927,0.99282,0.99264,0.99282,27
2012-03-26 13:15:00,0.99284,0.99284,0.9927,0.99272,17
2012-03-26 13:16:00,0.99288,0.99324,0.99282,0.99288,49
2012-03-26 13:17:00,0.99302,0.99304,0.9929,0.9929,11
2012-03-26 13:18:00,0.99316,0.99318,0.99304,0.99304,23
2012-03-26 13:19:00,0.99292,0.99312,0.99284,0.99312,22
2012-03-26 13:20:00,0.99316,0.99324,0.99288,0.99296,26
2012-03-26 13:21:00,0.99338,0.99344,0.99318,0.99318,16
2012-03-26 13:22:00,0.99332,0.99344,0.99332,0.99336,20
2012-03-26 13:23:00,0.99322,0.9933,0.99316,0.9933,20
2012-03-26 13:24:00,0.99344,0.99344,0.99318,0.99318,34
2012-03-26 13:25:00,0.99324,0.99344,0.99324,0.99342,13
2012-03-26 13:26:00,0.99348,0.99352,0.99326,0.99326,18
2012-03-26 13:27:00,0.99334,0.9936,0.99334,0.99344,35
2012-03-26 13:28:00,0.99354,0.99354,0.99336,0.99336,7
2012-03-26 13:29:00,0.9937,0.9937,0.99356,0.99356,6
2012-03-26 13:30:00,0.99368,0.9938,0.99366,0.99374,35
2012-03-26 13:31:00,0.9936,0.99366,0.99354,0.99366,11
2012-03-26 13:32:00,0.99356,0.99366,0.99356,0.99362,5
2012-03-26 13:33:00,0.99354,0.99354,0.99338,0.99354,21
2012-03-26 13:34:00,0.9936,0.99362,0.99348,0.99352,10
2012-03-26 13:35:00,0.99348,0.99368,0.99348,0.99362,26
2012-03-26 13:36:00,0.9934,0.9935,0.99338,0.9935,14
2012-03-26 13:37:00,0.99358,0.99358,0.99336,0.99338,12
2012-03-26 13:38:00,0.99364,0.99364,0.99348,0.99356,16
2012-03-26 13:39:00,0.99352,0.99364,0.9935,0.99362,26
2012-03-26 13:40:00,0.99344,0.99352,0.99336,0.9935,23
2012-03-26 13:41:00,0.9936,0.99366,0.99342,0.99346,26
2012-03-26 13:42:00,0.99366,0.9937,0.99352,0.99364,22
2012-03-26 13:43:00,0.99366,0.9937,0.99352,0.9937,28
2012-03-26 13:44:00,0.9937,0.99384,0.99368,0.99368,18
2012-03-26 13:45:00,0.99368,0.9938,0.99362,0.99374,29
2012-03-26 13:46:00,0.99356,0.99374,0.99356,0.99366,18
2012-03-26 13:47:00,0.99362,0.99374,0.99356,0.9936,18
2012-03-26 13:48:00,0.99356,0.99368,0.99356,0.9936,18
2012-03-26 13:49:00,0.99354,0.99354,0.99342,0.99354,19
2012-03-26 13:50:00,0.99362,0.99362,0.99356,0.99356,7
2012-03-26 13:51:00,0.99366,0.99374,0.99362,0.99366,13
2012-03-26 13:52:00,0.9939,0.9939,0.99368,0.99368,13
2012-03-26 13:53:00,0.9938,0.9939,0.99376,0.99388,12
2012-03-26 13:54:00,0.9934,0.99376,0.99338,0.99376,38
2012-03-26 13:55:00,0.99306,0.99342,0.99306,0.99342,18
2012-03-26 13:56:00,0.99308,0.99312,0.99294,0.99304,17
2012-03-26 13:57:00,0.99308,0.99316,0.99306,0.99312,8
2012-03-26 13:58:00,0.99312,0.99312,0.99306,0.99306,5
2012-03-26 13:59:00,0.99317,0.99317,0.99308,0.99308,10
2012-03-26 14:00:00,0.9934,0.99346,0.99321,0.99321,16
2012-03-26 14:01:00,0.99308,0.99338,0.99308,0.99338,21
2012-03-26 14:02:00,0.99298,0.99322,0.99298,0.99312,20
2012-03-26 14:03:00,0.99312,0.99314,0.99292,0.993,33
2012-03-26 14:04:00,0.99294,0.99314,0.99286,0.99314,26
2012-03-26 14:05:00,0.9928,0.99296,0.99278,0.99296,17
2012-03-26 14:06:00,0.99282,0.99282,0.9927,0.99278,11
2012-03-26 14:07:00,0.99292,0.99294,0.99278,0.99286,31
2012-03-26 14:08:00,0.99302,0.99302,0.99286,0.99288,20
2012-03-26 14:09:00,0.99278,0.99316,0.99278,0.993,43
2012-03-26 14:10:00,0.99268,0.99282,0.99266,0.9928,35
2012-03-26 14:11:00,0.99266,0.99272,0.99266,0.99272,13
2012-03-26 14:12:00,0.99226,0.99264,0.99226,0.99264,32
2012-03-26 14:13:00,0.99244,0.99248,0.99226,0.99228,30
2012-03-26 14:14:00,0.99252,0.99254,0.99238,0.9924,27
2012-03-26 14:15:00,0.9922,0.99252,0.9922,0.9925,27
2012-03-26 14:16:00,0.99184,0.99228,0.99184,0.99224,27
2012-03-26 14:17:00,0.9919,0.992,0.99186,0.99186,26
2012-03-26 14:18:00,0.99136,0.99186,0.99126,0.99186,52
2012-03-26 14:19:00,0.99152,0.9916,0.99134,0.99134,21
2012-03-26 14:20:00,0.99158,0.9916,0.99148,0.99154,28
2012-03-26 14:21:00,0.99164,0.99164,0.9916,0.9916,2
2012-03-26 14:22:00,0.99158,0.99172,0.99156,0.99166,10
2012-03-26 14:23:00,0.99178,0.99178,0.99156,0.99156,11
2012-03-26 14:24:00,0.9917,0.99176,0.99166,0.99176,13
2012-03-26 14:25:00,0.99164,0.99174,0.99156,0.99172,18
2012-03-26 14:26:00,0.99184,0.992,0.99162,0.99162,27
2012-03-26 14:27:00,0.9917,0.99182,0.99152,0.99182,17
2012-03-26 14:28:00,0.9917,0.9917,0.99162,0.99166,10
2012-03-26 14:29:00,0.99158,0.99174,0.99158,0.99166,12
2012-03-26 14:30:00,0.99148,0.99164,0.99142,0.9916,28
2012-03-26 14:31:00,0.99136,0.99152,0.99136,0.9915,14
2012-03-26 14:32:00,0.99138,0.9914,0.99132,0.99132,7
2012-03-26 14:33:00,0.9914,0.99144,0.99136,0.99136,13
2012-03-26 14:34:00,0.99144,0.99146,0.99136,0.99138,13
2012-03-26 14:35:00,0.99144,0.99144,0.99128,0.99142,32
2012-03-26 14:36:00,0.99132,0.99142,0.99128,0.99142,10
2012-03-26 14:37:00,0.99146,0.99146,0.99128,0.9913,13
2012-03-26 14:38:00,0.99144,0.99144,0.99138,0.99144,7
2012-03-26 14:39:00,0.9915,0.99158,0.99146,0.99146,14
2012-03-26 14:40:00,0.99166,0.99166,0.99152,0.99152,10
2012-03-26 14:41:00,0.9915,0.99174,0.99148,0.9917,27
2012-03-26 14:42:00,0.9916,0.9916,0.99144,0.99148,14
2012-03-26 14:43:00,0.99166,0.99166,0.9915,0.99158,22
2012-03-26 14:44:00,0.99178,0.99194,0.9917,0.9917,28
2012-03-26 14:45:00,0.99158,0.99178,0.99158,0.99176,19
2012-03-26 14:46:00,0.99176,0.9918,0.99158,0.9916,16
2012-03-26 14:47:00,0.99162,0.99178,0.99162,0.99172,19
2012-03-26 14:48:00,0.99142,0.9917,0.99142,0.99158,19
2012-03-26 14:49:00,0.99082,0.99138,0.99076,0.99138,49
2012-03-26 14:50:00,0.99092,0.99092,0.99078,0.99078,28
2012-03-26 14:51:00,0.99116,0.9912,0.99094,0.99094,39
2012-03-26 14:52:00,0.9913,0.9913,0.99084,0.9912,47
2012-03-26 14:53:00,0.99144,0.99144,0.99128,0.99132,39
2012-03-26 14:54:00,0.99152,0.99156,0.99146,0.99146,11
2012-03-26 14:55:00,0.99152,0.99152,0.99148,0.9915,6
2012-03-26 14:56:00,0.99156,0.9916,0.99156,0.99156,7
2012-03-26 14:57:00,0.99138,0.99152,0.99136,0.99152,22
2012-03-26 14:58:00,0.99124,0.99136,0.9911,0.99136,15
2012-03-26 14:59:00,0.99148,0.99152,0.99118,0.99122,18
2012-03-26 15:00:00,0.9915,0.99158,0.99142,0.99144,25
2012-03-26 15:01:00,0.9917,0.9917,0.9915,0.99152,15
2012-03-26 15:02:00,0.99184,0.99184,0.99166,0.99166,21
2012-03-26 15:03:00,0.99184,0.992,0.99182,0.99186,20
2012-03-26 15:04:00,0.9918,0.99182,0.99176,0.99182,9
2012-03-26 15:05:00,0.99176,0.99186,0.99176,0.99184,14
2012-03-26 15:06:00,0.99172,0.99178,0.9917,0.99178,7
2012-03-26 15:07:00,0.99178,0.99178,0.99174,0.99174,4
2012-03-26 15:08:00,0.99164,0.99176,0.99164,0.99176,9
2012-03-26 15:09:00,0.9917,0.99178,0.99166,0.99166,10
2012-03-26 15:10:00,0.99184,0.99184,0.99172,0.99172,9
2012-03-26 15:11:00,0.99198,0.992,0.99182,0.99182,9
2012-03-26 15:12:00,0.99204,0.99204,0.992,0.992,2
2012-03-26 15:13:00,0.99198,0.99206,0.99198,0.99206,14
2012-03-26 15:14:00,0.99212,0.99212,0.99196,0.992,13
2012-03-26 15:15:00,0.99218,0.99224,0.99214,0.99214,12
2012-03-26 15:16:00,0.99206,0.99218,0.99206,0.99216,8
2012-03-26 15:17:00,0.99196,0.99204,0.99196,0.99204,10
2012-03-26 15:18:00,0.99196,0.99198,0.9919,0.99192,10
2012-03-26 15:19:00,0.992,0.992,0.99196,0.99198,6
2012-03-26 15:20:00,0.9919,0.99204,0.9919,0.99204,12
2012-03-26 15:21:00,0.9919,0.99192,0.99186,0.99192,6
2012-03-26 15:22:00,0.99206,0.99218,0.99186,0.99186,26
2012-03-26 15:23:00,0.99204,0.9921,0.99198,0.99204,11
2012-03-26 15:24:00,0.99204,0.99204,0.99192,0.992,12
2012-03-26 15:25:00,0.99204,0.99218,0.99198,0.99206,26
2012-03-26 15:26:00,0.99198,0.9921,0.99192,0.99206,14
2012-03-26 15:27:00,0.99218,0.9922,0.992,0.992,11
2012-03-26 15:28:00,0.9921,0.99224,0.99206,0.99216,15
2012-03-26 15:29:00,0.99218,0.99218,0.9921,0.99212,5
2012-03-26 15:30:00,0.99212,0.99216,0.9921,0.99216,4
2012-03-26 15:31:00,0.99212,0.99212,0.9921,0.9921,4
2012-03-26 15:32:00,0.99198,0.99212,0.99196,0.9921,13
2012-03-26 15:33:00,0.99198,0.99198,0.99196,0.99196,2
2012-03-26 15:34:00,0.99196,0.992,0.9919,0.99196,23
2012-03-26 15:35:00,0.99198,0.99204,0.99192,0.99198,15
2012-03-26 15:36:00,0.99192,0.99198,0.9919,0.99196,12
2012-03-26 15:37:00,0.9919,0.9919,0.9919,0.9919,1
2012-03-26 15:38:00,0.992,0.992,0.99192,0.99192,8
2012-03-26 15:39:00,0.99204,0.99204,0.99198,0.99198,5
2012-03-26 15:40:00,0.992,0.99204,0.99198,0.992,7
2012-03-26 15:41:00,0.992,0.99204,0.992,0.99204,2
2012-03-26 15:42:00,0.99212,0.99212,0.99204,0.99204,10
2012-03-26 15:43:00,0.99214,0.99218,0.99206,0.9921,21
2012-03-26 15:44:00,0.9923,0.99232,0.99218,0.99218,11
2012-03-26 15:45:00,0.99196,0.99232,0.99196,0.99232,28
2012-03-26 15:46:00,0.992,0.99204,0.99198,0.99198,16
2012-03-26 15:47:00,0.99206,0.99206,0.99204,0.99204,2
2012-03-26 15:48:00,0.9921,0.9921,0.9921,0.9921,1
2012-03-26 15:49:00,0.9921,0.99212,0.99196,0.99206,16
2012-03-26 15:50:00,0.99198,0.99206,0.99198,0.99206,4
2012-03-26 15:51:00,0.99184,0.99196,0.99178,0.99196,17
2012-03-26 15:52:00,0.99198,0.99198,0.99186,0.99186,11
2012-03-26 15:53:00,0.992,0.992,0.992,0.992,1
2012-03-26 15:54:00,0.9922,0.99228,0.992,0.99204,17
2012-03-26 15:55:00,0.99212,0.9922,0.9921,0.99218,7
2012-03-26 15:56:00,0.99218,0.99228,0.99214,0.99214,20
2012-03-26 15:57:00,0.9923,0.99232,0.9922,0.9922,10
2012-03-26 15:58:00,0.9923,0.99234,0.9923,0.99232,10
2012-03-26 15:59:00,0.99224,0.99226,0.99218,0.99226,8
2012-03-26 16:00:00,0.99228,0.99228,0.9921,0.9922,22
2012-03-26 16:01:00,0.9924,0.99246,0.99226,0.99226,22
2012-03-26 16:02:00,0.99244,0.99246,0.99244,0.99244,3
2012-03-26 16:03:00,0.99244,0.99246,0.99244,0.99246,2
2012-03-26 16:04:00,0.9923,0.9924,0.9923,0.9924,5
2012-03-26 16:05:00,0.99216,0.99226,0.99216,0.99226,7
2012-03-26 16:06:00,0.99226,0.99226,0.99218,0.99218,4
2012-03-26 16:07:00,0.99224,0.99226,0.99218,0.99224,11
2012-03-26 16:08:00,0.9922,0.99224,0.9922,0.9922,3
2012-03-26 16:09:00,0.9922,0.99226,0.9922,0.99224,4
2012-03-26 16:10:00,0.9921,0.99218,0.99206,0.99218,10
2012-03-26 16:11:00,0.992,0.99206,0.99196,0.99206,15
2012-03-26 16:13:00,0.99206,0.99206,0.99198,0.99198,4
2012-03-26 16:14:00,0.99198,0.99204,0.99198,0.99204,5
2012-03-26 16:15:00,0.992,0.99206,0.992,0.992,5
2012-03-26 16:16:00,0.992,0.99204,0.992,0.99204,2
2012-03-26 16:19:00,0.99198,0.99198,0.99198,0.99198,1
2012-03-26 16:20:00,0.99196,0.99198,0.99196,0.99196,5
2012-03-26 16:21:00,0.99198,0.99198,0.99198,0.99198,1
2012-03-26 16:22:00,0.992,0.992,0.992,0.992,1
2012-03-26 16:23:00,0.99204,0.99204,0.99198,0.99198,9
2012-03-26 16:24:00,0.9921,0.99212,0.99206,0.99206,4
2012-03-26 16:25:00,0.99198,0.99206,0.99196,0.99206,10
2012-03-26 16:26:00,0.99204,0.99204,0.992,0.992,2
2012-03-26 16:28:00,0.99212,0.99214,0.99206,0.99206,7
2012-03-26 16:29:00,0.9921,0.99218,0.9921,0.99214,5
2012-03-26 16:30:00,0.99216,0.9922,0.9921,0.99212,12
2012-03-26 16:31:00,0.99238,0.99238,0.99218,0.99218,16
2012-03-26 16:32:00,0.99248,0.99248,0.9924,0.9924,6
2012-03-26 16:33:00,0.99248,0.99248,0.99238,0.99246,12
2012-03-26 16:34:00,0.9926,0.99262,0.99246,0.99246,16
2012-03-26 16:35:00,0.99258,0.99258,0.99258,0.99258,1
2012-03-26 16:36:00,0.99252,0.99254,0.9925,0.99254,6
2012-03-26 16:37:00,0.99258,0.99262,0.99254,0.99254,8
2012-03-26 16:39:00,0.99258,0.9926,0.99258,0.9926,2
2012-03-26 16:40:00,0.99266,0.99266,0.9926,0.9926,3
2012-03-26 16:42:00,0.9927,0.99274,0.99268,0.99268,5
2012-03-26 16:43:00,0.9926,0.99266,0.99258,0.99266,5
2012-03-26 16:44:00,0.99258,0.99266,0.99254,0.99262,13
2012-03-26 16:45:00,0.9926,0.99262,0.9926,0.9926,3
2012-03-26 16:46:00,0.99278,0.99282,0.99262,0.99262,14
2012-03-26 16:47:00,0.99274,0.99274,0.99274,0.99274,1
2012-03-26 16:50:00,0.99258,0.99272,0.99258,0.99272,8
2012-03-26 16:51:00,0.99262,0.99262,0.99254,0.99254,4
2012-03-26 16:52:00,0.99258,0.9926,0.99258,0.9926,2
2012-03-26 16:53:00,0.99254,0.99262,0.99254,0.9926,9
2012-03-26 16:54:00,0.99258,0.99262,0.99258,0.99258,5
2012-03-26 16:55:00,0.99268,0.99268,0.9926,0.9926,6
2012-03-26 16:56:00,0.99278,0.99278,0.99272,0.99272,3
2012-03-26 16:57:00,0.99284,0.99286,0.9928,0.9928,4
2012-03-26 16:58:00,0.9928,0.99286,0.9928,0.99286,3
2012-03-26 16:59:00,0.99288,0.99294,0.99282,0.99282,9
2012-03-26 17:00:00,0.99286,0.99286,0.99286,0.99286,1
2012-03-26 17:01:00,0.99282,0.99284,0.9928,0.99284,3
2012-03-26 17:02:00,0.99274,0.99282,0.99274,0.9928,5
2012-03-26 17:03:00,0.99266,0.99274,0.99266,0.99272,11
2012-03-26 17:04:00,0.99284,0.99286,0.99268,0.99268,14
2012-03-26 17:05:00,0.99284,0.99292,0.99278,0.9928,12
2012-03-26 17:06:00,0.99292,0.99292,0.99286,0.99286,3
2012-03-26 17:07:00,0.99288,0.99288,0.99286,0.99288,3
2012-03-26 17:08:00,0.99286,0.99292,0.99286,0.99292,3
2012-03-26 17:11:00,0.99286,0.99286,0.99278,0.99284,6
2012-03-26 17:12:00,0.99288,0.99288,0.99286,0.99288,7
2012-03-26 17:13:00,0.99294,0.99294,0.99286,0.99286,4
2012-03-26 17:14:00,0.99296,0.99296,0.99296,0.99296,1
2012-03-26 17:15:00,0.99296,0.99296,0.99294,0.99294,4
2012-03-26 17:16:00,0.993,0.993,0.99294,0.99294,3
2012-03-26 17:17:00,0.993,0.99302,0.99298,0.99298,12
2012-03-26 17:18:00,0.99302,0.99302,0.99302,0.99302,1
2012-03-26 17:19:00,0.99304,0.99306,0.993,0.993,6
2012-03-26 17:20:00,0.99304,0.99306,0.99304,0.99306,2
2012-03-26 17:23:00,0.993,0.993,0.99298,0.993,5
2012-03-26 17:24:00,0.99294,0.99302,0.99288,0.99302,8
2012-03-26 17:25:00,0.99292,0.99292,0.99292,0.99292,1
2012-03-26 17:26:00,0.99288,0.99288,0.99286,0.99288,3
2012-03-26 17:28:00,0.99286,0.99292,0.99286,0.99292,3
2012-03-26 17:29:00,0.99288,0.99294,0.99286,0.99288,7
2012-03-26 17:30:00,0.99288,0.99288,0.99286,0.99286,6
2012-03-26 17:31:00,0.9928,0.99286,0.99274,0.99286,11
2012-03-26 17:33:00,0.99278,0.99282,0.99278,0.99282,3
2012-03-26 17:35:00,0.99274,0.99274,0.99274,0.99274,1
2012-03-26 17:36:00,0.99282,0.99282,0.99278,0.99278,3
2012-03-26 17:37:00,0.99274,0.9928,0.99274,0.9928,5
2012-03-26 17:42:00,0.99278,0.9928,0.99278,0.99278,3
2012-03-26 17:43:00,0.99274,0.99274,0.99274,0.99274,1
2012-03-26 17:45:00,0.9928,0.9928,0.99278,0.99278,2
2012-03-26 17:47:00,0.99278,0.99278,0.99274,0.99278,3
2012-03-26 17:48:00,0.99278,0.99278,0.99274,0.99274,2
2012-03-26 17:50:00,0.9928,0.9928,0.9928,0.9928,1
2012-03-26 17:51:00,0.99278,0.99278,0.99278,0.99278,1
2012-03-26 17:52:00,0.9928,0.9928,0.9928,0.9928,1
2012-03-26 17:53:00,0.9928,0.9928,0.99278,0.99278,2
2012-03-26 17:54:00,0.99274,0.99278,0.99274,0.99278,2
2012-03-26 18:09:00,0.99254,0.99272,0.99254,0.99272,7
2012-03-26 18:10:00,0.9924,0.99252,0.99234,0.99252,17
2012-03-26 18:11:00,0.99226,0.99238,0.99226,0.99238,7
2012-03-26 18:12:00,0.99234,0.99234,0.99228,0.99228,3
2012-03-26 18:14:00,0.99226,0.99234,0.99226,0.99232,5
2012-03-26 18:15:00,0.99234,0.99234,0.99228,0.99228,3
2012-03-26 18:16:00,0.99238,0.99238,0.99238,0.99238,1
2012-03-26 18:17:00,0.99234,0.99234,0.99234,0.99234,1
2012-03-26 18:18:00,0.99234,0.99234,0.9923,0.99232,16
2012-03-26 18:19:00,0.99238,0.9924,0.9923,0.99232,17
2012-03-26 18:21:00,0.99228,0.99234,0.99226,0.99234,15
2012-03-26 18:22:00,0.99246,0.99252,0.9923,0.99232,16
2012-03-26 18:23:00,0.99234,0.99244,0.99232,0.99244,6
2012-03-26 18:24:00,0.99234,0.99234,0.9923,0.99232,4
2012-03-26 18:25:00,0.99238,0.99238,0.99232,0.99232,3
2012-03-26 18:26:00,0.99234,0.99234,0.99234,0.99234,1
2012-03-26 18:27:00,0.99238,0.99244,0.99238,0.99238,9
2012-03-26 18:28:00,0.99234,0.99234,0.99234,0.99234,1
2012-03-26 18:29:00,0.99232,0.99232,0.99232,0.99232,1
2012-03-26 18:30:00,0.99234,0.99234,0.9923,0.9923,3
2012-03-26 18:32:00,0.99246,0.99246,0.99238,0.99238,4
2012-03-26 18:33:00,0.9924,0.99244,0.9924,0.99244,2
2012-03-26 18:34:00,0.99254,0.99254,0.9924,0.99244,7
2012-03-26 18:35:00,0.99266,0.99266,0.99258,0.99258,4
2012-03-26 18:36:00,0.9927,0.99278,0.99268,0.99268,13
2012-03-26 18:37:00,0.99272,0.99272,0.99272,0.99272,1
2012-03-26 18:38:00,0.99274,0.99274,0.99274,0.99274,1
2012-03-26 18:39:00,0.9928,0.9928,0.9927,0.99272,6
2012-03-26 18:40:00,0.99278,0.99278,0.99278,0.99278,1
2012-03-26 18:41:00,0.9927,0.99274,0.9927,0.99274,5
2012-03-26 18:42:00,0.9927,0.99274,0.9927,0.99272,6
2012-03-26 18:43:00,0.99258,0.99266,0.99258,0.99266,4
2012-03-26 18:44:00,0.9926,0.9926,0.9926,0.9926,1
2012-03-26 18:45:00,0.99258,0.99258,0.99258,0.99258,1
2012-03-26 18:46:00,0.99274,0.99274,0.9926,0.9926,6
2012-03-26 18:48:00,0.9927,0.99272,0.9927,0.99272,2
2012-03-26 18:50:00,0.99274,0.99274,0.99272,0.99272,2
2012-03-26 18:52:00,0.99272,0.99272,0.9927,0.99272,3
2012-03-26 18:54:00,0.99266,0.9927,0.99266,0.9927,2
2012-03-26 18:55:00,0.99266,0.99272,0.99266,0.99268,4
2012-03-26 18:56:00,0.99244,0.99264,0.99244,0.99264,10
2012-03-26 18:57:00,0.99234,0.9924,0.9923,0.9924,7
2012-03-26 18:58:00,0.99226,0.99234,0.99224,0.99232,15
2012-03-26 18:59:00,0.9924,0.9924,0.99228,0.99228,9
2012-03-26 19:00:00,0.99244,0.99244,0.9924,0.99244,3
2012-03-26 19:01:00,0.99244,0.99246,0.99244,0.99246,4
2012-03-26 19:03:00,0.99234,0.9924,0.99234,0.9924,3
2012-03-26 19:04:00,0.99216,0.99232,0.99216,0.99232,7
2012-03-26 19:05:00,0.99206,0.99218,0.99206,0.99212,11
2012-03-26 19:06:00,0.99204,0.99204,0.99196,0.99204,17
2012-03-26 19:07:00,0.9922,0.9922,0.99206,0.99206,6
2012-03-26 19:08:00,0.99216,0.99218,0.99216,0.99218,2
2012-03-26 19:09:00,0.99218,0.99218,0.99216,0.99218,3
2012-03-26 19:10:00,0.99206,0.9922,0.99206,0.9922,8
2012-03-26 19:11:00,0.99158,0.99204,0.99158,0.99204,21
2012-03-26 19:12:00,0.99164,0.99166,0.99158,0.9916,12
2012-03-26 19:13:00,0.99166,0.9917,0.99162,0.99162,7
2012-03-26 19:14:00,0.99176,0.9918,0.9917,0.9917,17
2012-03-26 19:16:00,0.99174,0.99174,0.99172,0.99172,2
2012-03-26 19:17:00,0.99186,0.99186,0.99178,0.99178,10
2012-03-26 19:18:00,0.99196,0.99198,0.9919,0.9919,7
2012-03-26 19:19:00,0.99184,0.99192,0.99184,0.99192,4
2012-03-26 19:20:00,0.9919,0.9919,0.99182,0.99182,4
2012-03-26 19:21:00,0.99196,0.99198,0.9919,0.99192,8
2012-03-26 19:23:00,0.99194,0.99198,0.99186,0.99198,8
2012-03-26 19:24:00,0.99194,0.99198,0.99192,0.99198,4
2012-03-26 19:25:00,0.992,0.992,0.99198,0.99198,2
2012-03-26 19:26:00,0.99196,0.99204,0.99196,0.99204,4
2012-03-26 19:27:00,0.99176,0.99198,0.99176,0.99198,13
2012-03-26 19:28:00,0.99186,0.99186,0.99178,0.99178,6
2012-03-26 19:29:00,0.99186,0.9919,0.99184,0.99184,6
2012-03-26 19:30:00,0.9919,0.9919,0.99184,0.99184,3
2012-03-26 19:31:00,0.99186,0.99186,0.99178,0.99186,9
2012-03-26 19:32:00,0.9919,0.9919,0.9919,0.9919,1
2012-03-26 19:33:00,0.99194,0.99194,0.99186,0.99186,8
2012-03-26 19:34:00,0.99198,0.99198,0.9919,0.99192,7
2012-03-26 19:35:00,0.99178,0.99198,0.99178,0.99196,17
2012-03-26 19:36:00,0.9917,0.99184,0.99164,0.9918,17
2012-03-26 19:37:00,0.99178,0.99178,0.99156,0.99172,21
2012-03-26 19:38:00,0.9918,0.99184,0.99176,0.9918,9
2012-03-26 19:39:00,0.99176,0.99178,0.99176,0.99178,2
2012-03-26 19:40:00,0.9916,0.99172,0.99158,0.99172,19
2012-03-26 19:41:00,0.99166,0.99166,0.99156,0.99158,6
2012-03-26 19:42:00,0.9917,0.99174,0.99164,0.9917,9
2012-03-26 19:43:00,0.9917,0.99178,0.9917,0.99172,6
2012-03-26 19:44:00,0.99164,0.99166,0.99164,0.99166,8
2012-03-26 19:45:00,0.99156,0.99166,0.99156,0.99162,13
2012-03-26 19:46:00,0.99158,0.9916,0.99156,0.99158,11
2012-03-26 19:47:00,0.9916,0.9916,0.9916,0.9916,1
2012-03-26 19:48:00,0.99144,0.9917,0.99144,0.99164,14
2012-03-26 19:49:00,0.99138,0.99146,0.99136,0.99146,8
2012-03-26 19:50:00,0.99148,0.99156,0.99138,0.9914,13
2012-03-26 19:51:00,0.99146,0.99146,0.99144,0.99144,8
2012-03-26 19:52:00,0.99146,0.99146,0.99144,0.99144,2
2012-03-26 19:53:00,0.99144,0.99144,0.99142,0.99144,5
2012-03-26 19:54:00,0.99144,0.9915,0.99144,0.99146,4
2012-03-26 19:56:00,0.99142,0.99142,0.99142,0.99142,1
2012-03-26 19:57:00,0.99136,0.9914,0.99136,0.99138,6
2012-03-26 19:58:00,0.99124,0.99138,0.99124,0.99132,8
2012-03-26 19:59:00,0.99124,0.99126,0.9911,0.99122,26
2012-03-26 20:00:00,0.99131,0.99143,0.99123,0.99123,11
2012-03-26 20:01:00,0.99123,0.99127,0.99123,0.99127,2
2012-03-26 20:02:00,0.99119,0.99119,0.99119,0.99119,1
2012-03-26 20:03:00,0.99123,0.99123,0.99123,0.99123,1
2012-03-26 20:05:00,0.99123,0.99123,0.99119,0.99119,2
2012-03-26 20:06:00,0.99131,0.99131,0.99127,0.99127,2
2012-03-26 20:07:00,0.99127,0.99131,0.99127,0.99127,3
2012-03-26 20:08:00,0.99123,0.99123,0.99123,0.99123,1
2012-03-26 20:09:00,0.99131,0.99131,0.99127,0.99127,4
2012-03-26 20:11:00,0.99118,0.99127,0.99118,0.99127,3
2012-03-26 20:12:00,0.9911,0.99114,0.9911,0.99114,2
2012-03-26 20:13:00,0.99101,0.99109,0.99097,0.99106,10
2012-03-26 20:14:00,0.99097,0.99097,0.99093,0.99097,3
2012-03-26 20:15:00,0.99097,0.99101,0.99097,0.99101,2
2012-03-26 20:16:00,0.99129,0.99133,0.99101,0.99101,10
2012-03-26 20:18:00,0.99133,0.99133,0.99133,0.99133,1
2012-03-26 20:22:00,0.99141,0.99153,0.99137,0.99137,8
2012-03-26 20:23:00,0.99137,0.99137,0.99137,0.99137,1
2012-03-26 20:24:00,0.99153,0.99157,0.99141,0.99141,6
2012-03-26 20:25:00,0.99165,0.99169,0.99157,0.99157,7
2012-03-26 20:26:00,0.99157,0.99169,0.99157,0.99169,4
2012-03-26 20:27:00,0.99157,0.99161,0.99157,0.99161,2
2012-03-26 20:28:00,0.99145,0.99153,0.99145,0.99153,3
2012-03-26 20:29:00,0.99149,0.99153,0.99149,0.99149,3
2012-03-26 20:32:00,0.99145,0.99145,0.99145,0.99145,1
2012-03-26 20:33:00,0.99137,0.99141,0.99137,0.99141,2
2012-03-26 20:34:00,0.99141,0.99141,0.99141,0.99141,1
2012-03-26 20:35:00,0.99145,0.99149,0.99145,0.99145,3
2012-03-26 20:36:00,0.99146,0.9915,0.99141,0.99149,6
2012-03-26 20:37:00,0.99142,0.99142,0.99142,0.99142,1
2012-03-26 20:38:00,0.99146,0.9915,0.99146,0.99146,3
2012-03-26 20:41:00,0.99146,0.99154,0.99142,0.99142,12
2012-03-26 20:42:00,0.99146,0.9915,0.99146,0.9915,2
2012-03-26 20:43:00,0.99142,0.99142,0.99142,0.99142,1
2012-03-26 20:45:00,0.99114,0.99138,0.99114,0.99138,9
2012-03-26 20:46:00,0.99114,0.99118,0.99114,0.99118,2
2012-03-26 20:49:00,0.9911,0.9911,0.9911,0.9911,1
2012-03-26 20:51:00,0.99114,0.99114,0.99114,0.99114,1
2012-03-26 20:52:00,0.9911,0.9911,0.9911,0.9911,1
2012-03-26 20:53:00,0.99094,0.99106,0.99094,0.99106,4
2012-03-26 20:54:00,0.99098,0.99098,0.99098,0.99098,1
2012-03-26 20:55:00,0.99086,0.99094,0.99086,0.99094,3
2012-03-26 20:56:00,0.99102,0.99102,0.9909,0.9909,6
2012-03-26 20:57:00,0.99105,0.99105,0.99089,0.99098,9
2012-03-26 20:58:00,0.99105,0.99105,0.99097,0.99101,4
2012-03-26 20:59:00,0.99067,0.99101,0.99063,0.99101,31
2012-03-26 21:00:00,0.99073,0.99096,0.99061,0.99061,24
2012-03-26 21:01:00,0.9908,0.99093,0.99077,0.99077,10
2012-03-26 21:03:00,0.99093,0.99097,0.99084,0.99084,5
2012-03-26 21:04:00,0.99093,0.99093,0.99089,0.99089,2
2012-03-26 21:05:00,0.99093,0.99097,0.99093,0.99097,2
2012-03-26 21:06:00,0.99098,0.99098,0.99084,0.99089,7
2012-03-26 21:07:00,0.99102,0.99102,0.99098,0.99102,5
2012-03-26 21:08:00,0.99098,0.99098,0.99098,0.99098,1
2012-03-26 21:09:00,0.99094,0.99094,0.99094,0.99094,1
2012-03-26 21:10:00,0.99086,0.9909,0.99086,0.9909,2
2012-03-26 21:11:00,0.99066,0.99082,0.99066,0.99082,7
2012-03-26 21:12:00,0.99078,0.99078,0.9907,0.9907,3
2012-03-26 21:13:00,0.99086,0.9909,0.99082,0.99082,4
2012-03-26 21:14:00,0.99082,0.99082,0.99082,0.99082,1
2012-03-26 21:15:00,0.99082,0.99082,0.99078,0.99078,2
2012-03-26 21:16:00,0.99106,0.99106,0.99086,0.99086,6
2012-03-26 21:17:00,0.9911,0.9911,0.99098,0.99102,5
2012-03-26 21:19:00,0.99131,0.99131,0.99114,0.99114,5
2012-03-26 21:23:00,0.99119,0.99127,0.99119,0.99127,3
2012-03-26 21:24:00,0.99123,0.99123,0.99123,0.99123,1
2012-03-26 21:28:00,0.99127,0.99131,0.99127,0.99127,3
2012-03-26 21:30:00,0.99131,0.99143,0.99131,0.99131,9
2012-03-26 21:31:00,0.99105,0.9916,0.99105,0.99135,29
2012-03-26 21:32:00,0.99092,0.99101,0.99092,0.99101,3
2012-03-26 21:33:00,0.99096,0.99096,0.99096,0.99096,1
2012-03-26 21:34:00,0.991,0.991,0.991,0.991,1
2012-03-26 21:35:00,0.99096,0.99096,0.99096,0.99096,1
2012-03-26 21:36:00,0.99129,0.99129,0.991,0.991,8
2012-03-26 21:37:00,0.99125,0.99133,0.99125,0.99125,5
2012-03-26 21:38:00,0.99133,0.99149,0.99129,0.99129,10
2012-03-26 21:39:00,0.99116,0.99137,0.99116,0.99137,6
2012-03-26 21:40:00,0.99116,0.9912,0.99116,0.9912,2
2012-03-26 21:41:00,0.9912,0.99124,0.9912,0.9912,3
2012-03-26 21:49:00,0.99124,0.99124,0.99124,0.99124,1
2012-03-26 21:53:00,0.99124,0.99124,0.9912,0.9912,2
2012-03-26 21:56:00,0.9912,0.9912,0.9912,0.9912,1
2012-03-26 21:58:00,0.99116,0.99116,0.99116,0.99116,1
2012-03-26 21:59:00,0.99108,0.99112,0.99108,0.99112,2
2012-03-26 22:00:00,0.99112,0.99112,0.99106,0.99108,4
2012-03-26 22:02:00,0.99118,0.9912,0.99114,0.99114,4
2012-03-26 22:03:00,0.99114,0.99114,0.99114,0.99114,1
2012-03-26 22:04:00,0.9912,0.9912,0.99118,0.99118,2
2012-03-26 22:12:00,0.9912,0.99124,0.9912,0.99124,2
2012-03-26 22:13:00,0.99124,0.99124,0.99124,0.99124,1
2012-03-26 22:17:00,0.99144,0.99144,0.99126,0.99126,7
2012-03-26 22:19:00,0.9915,0.9915,0.99148,0.99148,2
2012-03-26 22:23:00,0.99148,0.99148,0.99148,0.99148,1
2012-03-26 22:24:00,0.99142,0.99144,0.99142,0.99144,4
2012-03-26 22:28:00,0.99132,0.99138,0.99132,0.99138,3
2012-03-26 22:29:00,0.99132,0.99132,0.9913,0.9913,2
2012-03-26 22:30:00,0.99132,0.99132,0.9913,0.9913,2
2012-03-26 22:31:00,0.9913,0.9913,0.9913,0.9913,1
2012-03-26 22:33:00,0.99132,0.99132,0.99132,0.99132,1
2012-03-26 22:34:00,0.9913,0.9913,0.9913,0.9913,1
2012-03-26 22:35:00,0.99118,0.99126,0.99118,0.99126,4
2012-03-26 22:36:00,0.99124,0.99124,0.9912,0.9912,2
2012-03-26 22:38:00,0.99144,0.99144,0.99126,0.99126,7
2012-03-26 22:39:00,0.99138,0.99142,0.99138,0.99142,2
2012-03-26 22:41:00,0.9913,0.99136,0.9913,0.99136,3
2012-03-26 22:43:00,0.9913,0.9913,0.99126,0.99126,2
2012-03-26 22:45:00,0.99132,0.99132,0.99126,0.99126,3
2012-03-26 22:46:00,0.9913,0.9913,0.9913,0.9913,1
2012-03-26 22:48:00,0.99132,0.99132,0.99132,0.99132,1
2012-03-26 22:49:00,0.99132,0.99136,0.99132,0.99136,2
2012-03-26 22:52:00,0.99132,0.99136,0.99132,0.99136,2
2012-03-26 22:53:00,0.99132,0.99136,0.99132,0.99136,2
2012-03-26 22:57:00,0.99142,0.99142,0.99136,0.99136,3
2012-03-26 22:58:00,0.99144,0.99144,0.99144,0.99144,1
2012-03-26 23:00:00,0.99148,0.99154,0.99148,0.99148,5
2012-03-26 23:01:00,0.9915,0.9915,0.9915,0.9915,1
2012-03-26 23:02:00,0.99136,0.99148,0.99136,0.99148,5
2012-03-26 23:03:00,0.99132,0.99132,0.99132,0.99132,1
2012-03-26 23:05:00,0.99132,0.99132,0.99132,0.99132,1
2012-03-26 23:06:00,0.9913,0.9913,0.9913,0.9913,1
2012-03-26 23:09:00,0.99132,0.99132,0.99132,0.99132,1
2012-03-26 23:10:00,0.9915,0.9915,0.99136,0.99136,8
2012-03-26 23:14:00,0.99142,0.99146,0.99142,0.99146,3
2012-03-26 23:16:00,0.99144,0.99144,0.99144,0.99144,1
2012-03-26 23:17:00,0.9915,0.9915,0.99146,0.99146,2
2012-03-26 23:18:00,0.99154,0.99154,0.99152,0.99152,3
2012-03-26 23:19:00,0.99149,0.99152,0.99146,0.99152,6
2012-03-26 23:20:00,0.99132,0.99146,0.99132,0.99146,6
2012-03-26 23:22:00,0.99137,0.99137,0.99135,0.99135,2
2012-03-26 23:23:00,0.99135,0.9914,0.99135,0.9914,7
2012-03-26 23:26:00,0.99132,0.99132,0.99132,0.99132,1
2012-03-26 23:29:00,0.99129,0.99132,0.99129,0.99129,3
2012-03-26 23:30:00,0.99135,0.99135,0.99132,0.99132,2
2012-03-26 23:34:00,0.99149,0.99149,0.99137,0.99137,5
2012-03-26 23:37:00,0.99155,0.99157,0.99152,0.99152,4
2012-03-26 23:38:00,0.99155,0.99157,0.99155,0.99157,2
2012-03-26 23:39:00,0.9916,0.9916,0.99157,0.99157,2
2012-03-26 23:42:00,0.9916,0.9916,0.99158,0.99158,2
2012-03-26 23:43:00,0.99149,0.99158,0.99149,0.99158,4
2012-03-26 23:44:00,0.99152,0.99152,0.99141,0.99146,7
2012-03-26 23:45:00,0.99132,0.99149,0.99132,0.99149,7
2012-03-26 23:46:00,0.99129,0.99135,0.99129,0.99135,3
2012-03-26 23:47:00,0.99135,0.99135,0.99132,0.99132,2
2012-03-26 23:48:00,0.99132,0.99132,0.99132,0.99132,1
2012-03-26 23:51:00,0.99129,0.99129,0.99129,0.99129,1
2012-03-26 23:53:00,0.99132,0.99132,0.99132,0.99132,1
2012-03-26 23:54:00,0.99129,0.99132,0.99129,0.99129,3
2012-03-26 23:55:00,0.99132,0.99132,0.99129,0.99132,3
2012-03-26 23:57:00,0.99146,0.99146,0.99135,0.99135,5
2012-03-26 23:58:00,0.99149,0.99149,0.99132,0.99144,13
2012-03-27 00:01:00,0.99138,0.99146,0.99138,0.99146,4
2012-03-27 00:02:00,0.9914,0.9914,0.9914,0.9914,1
2012-03-27 00:03:00,0.99146,0.99146,0.99143,0.99143,2
2012-03-27 00:04:00,0.99157,0.99157,0.99149,0.99149,4
2012-03-27 00:05:00,0.99131,0.9916,0.99128,0.9916,19
2012-03-27 00:06:00,0.99139,0.99139,0.99133,0.99133,5
2012-03-27 00:07:00,0.99147,0.99147,0.99142,0.99142,5
2012-03-27 00:08:00,0.9915,0.9915,0.9915,0.9915,1
2012-03-27 00:09:00,0.99139,0.99148,0.99139,0.99148,4
2012-03-27 00:10:00,0.99142,0.99142,0.99142,0.99142,1
2012-03-27 00:11:00,0.99153,0.99153,0.99145,0.99145,6
2012-03-27 00:12:00,0.99156,0.99156,0.99156,0.99156,1
2012-03-27 00:13:00,0.99156,0.99156,0.99153,0.99153,4
2012-03-27 00:14:00,0.99147,0.99153,0.99145,0.99153,5
2012-03-27 00:15:00,0.99145,0.9915,0.99145,0.9915,3
2012-03-27 00:16:00,0.99171,0.99173,0.99147,0.99147,17
2012-03-27 00:17:00,0.99171,0.99176,0.99168,0.99168,6
2012-03-27 00:18:00,0.99168,0.99173,0.99168,0.99173,3
2012-03-27 00:19:00,0.99168,0.99173,0.99168,0.9917,4
2012-03-27 00:20:00,0.99165,0.99165,0.99165,0.99165,1
2012-03-27 00:22:00,0.99159,0.99164,0.99159,0.99162,8
2012-03-27 00:23:00,0.99167,0.99167,0.99162,0.99162,3
2012-03-27 00:24:00,0.9917,0.9917,0.9917,0.9917,1
2012-03-27 00:25:00,0.99176,0.99179,0.99173,0.99173,4
2012-03-27 00:26:00,0.99171,0.99173,0.99171,0.99173,2
2012-03-27 00:27:00,0.99165,0.99168,0.99165,0.99168,2
2012-03-27 00:28:00,0.99167,0.99167,0.99167,0.99167,1
2012-03-27 00:29:00,0.99187,0.99187,0.9917,0.9917,11
2012-03-27 00:30:00,0.99176,0.99187,0.99176,0.99185,10
2012-03-27 00:31:00,0.99173,0.99173,0.99171,0.99173,3
2012-03-27 00:34:00,0.99165,0.99171,0.99165,0.99171,3
2012-03-27 00:35:00,0.99153,0.99167,0.99145,0.99167,12
2012-03-27 00:36:00,0.99164,0.99164,0.99156,0.99156,4
2012-03-27 00:37:00,0.99156,0.99162,0.99156,0.99162,3
2012-03-27 00:38:00,0.99153,0.99156,0.99151,0.99153,5
2012-03-27 00:41:00,0.99156,0.99156,0.99156,0.99156,1
2012-03-27 00:42:00,0.99159,0.99162,0.99159,0.99159,9
2012-03-27 00:43:00,0.99153,0.99156,0.99153,0.99156,2
2012-03-27 00:45:00,0.99156,0.99156,0.99153,0.99156,7
2012-03-27 00:46:00,0.99156,0.99159,0.99156,0.99159,2
2012-03-27 00:47:00,0.99159,0.99159,0.99159,0.99159,1
2012-03-27 00:49:00,0.99168,0.9917,0.99156,0.99156,11
2012-03-27 00:50:00,0.99156,0.99165,0.99156,0.99165,4
2012-03-27 00:51:00,0.99159,0.99159,0.99159,0.99159,1
2012-03-27 00:52:00,0.99159,0.99159,0.99156,0.99156,2
2012-03-27 00:54:00,0.99164,0.99164,0.99156,0.99156,4
2012-03-27 00:55:00,0.99156,0.99162,0.99156,0.99162,5
2012-03-27 00:56:00,0.99162,0.99162,0.99159,0.99159,2
2012-03-27 00:57:00,0.99159,0.99162,0.99156,0.99159,5
2012-03-27 00:58:00,0.99153,0.99156,0.99151,0.99156,4
2012-03-27 00:59:00,0.99145,0.99153,0.99145,0.99151,15
2012-03-27 01:00:00,0.99148,0.99153,0.99147,0.99147,5
2012-03-27 01:01:00,0.99142,0.99145,0.99142,0.99145,2
2012-03-27 01:03:00,0.99145,0.99145,0.99145,0.99145,1
2012-03-27 01:04:00,0.99156,0.99156,0.99147,0.99147,4
2012-03-27 01:05:00,0.99156,0.99156,0.99153,0.99153,2
2012-03-27 01:07:00,0.99156,0.99156,0.99153,0.99153,2
2012-03-27 01:08:00,0.99153,0.99153,0.99153,0.99153,1
2012-03-27 01:09:00,0.99148,0.99151,0.99148,0.99151,2
2012-03-27 01:12:00,0.99145,0.99145,0.99145,0.99145,1
2012-03-27 01:13:00,0.99128,0.99142,0.99128,0.99142,6
2012-03-27 01:14:00,0.9913,0.9913,0.9913,0.9913,1
2012-03-27 01:15:00,0.99125,0.9913,0.99125,0.99128,6
2012-03-27 01:16:00,0.9913,0.9913,0.99128,0.99128,6
2012-03-27 01:17:00,0.99139,0.99142,0.99131,0.99137,14
2012-03-27 01:18:00,0.99145,0.9915,0.99142,0.99142,6
2012-03-27 01:19:00,0.99139,0.99147,0.99136,0.99142,8
2012-03-27 01:20:00,0.99134,0.99142,0.99134,0.99142,4
2012-03-27 01:22:00,0.99128,0.99131,0.99128,0.99131,2
2012-03-27 01:23:00,0.99116,0.99125,0.99114,0.99125,6
2012-03-27 01:24:00,0.99125,0.99128,0.99119,0.99119,5
2012-03-27 01:25:00,0.99128,0.9913,0.99128,0.99128,3
2012-03-27 01:26:00,0.99122,0.99125,0.99117,0.99125,6
2012-03-27 01:27:00,0.99117,0.99122,0.99117,0.99119,6
2012-03-27 01:28:00,0.99122,0.99122,0.99119,0.99119,2
2012-03-27 01:29:00,0.99133,0.99133,0.99125,0.99125,4
2012-03-27 01:30:00,0.99119,0.99131,0.99119,0.99131,5
2012-03-27 01:31:00,0.99122,0.99125,0.99122,0.99122,3
2012-03-27 01:32:00,0.99119,0.99119,0.99119,0.99119,1
2012-03-27 01:33:00,0.99113,0.99117,0.99108,0.99117,6
2012-03-27 01:35:00,0.99105,0.99119,0.99105,0.99116,7
2012-03-27 01:36:00,0.99114,0.99116,0.99108,0.99108,5
2012-03-27 01:37:00,0.99108,0.99111,0.99108,0.99111,2
2012-03-27 01:39:00,0.99109,0.99112,0.99101,0.99104,11
2012-03-27 01:41:00,0.99141,0.99143,0.99112,0.99112,15
2012-03-27 01:42:00,0.99146,0.99146,0.99138,0.99138,4
2012-03-27 01:43:00,0.99152,0.99154,0.99144,0.99144,6
2012-03-27 01:44:00,0.99157,0.99157,0.99154,0.99154,4
2012-03-27 01:45:00,0.99169,0.99169,0.99149,0.99155,12
2012-03-27 01:46:00,0.99163,0.99169,0.99149,0.99166,26
2012-03-27 01:48:00,0.99163,0.99163,0.99161,0.99161,2
2012-03-27 01:49:00,0.99161,0.99161,0.99161,0.99161,1
2012-03-27 01:50:00,0.99169,0.99169,0.99163,0.99163,9
2012-03-27 01:51:00,0.99163,0.99166,0.99161,0.99166,4
2012-03-27 01:52:00,0.99166,0.99172,0.99166,0.99166,5
2012-03-27 01:54:00,0.99172,0.99172,0.99169,0.99169,2
2012-03-27 01:55:00,0.99163,0.99174,0.99161,0.99174,9
2012-03-27 01:57:00,0.99174,0.99174,0.99166,0.99166,4
2012-03-27 01:58:00,0.99172,0.99172,0.99166,0.99172,5
2012-03-27 01:59:00,0.99169,0.99169,0.99169,0.99169,1
2012-03-27 02:00:00,0.99166,0.99166,0.99163,0.99166,3
2012-03-27 02:02:00,0.99169,0.99169,0.99166,0.99169,3
2012-03-27 02:03:00,0.99163,0.99172,0.99163,0.99172,4
2012-03-27 02:04:00,0.99155,0.99166,0.99155,0.99166,9
2012-03-27 02:05:00,0.99141,0.99152,0.99141,0.99152,9
2012-03-27 02:06:00,0.99144,0.99146,0.99143,0.99143,3
2012-03-27 02:07:00,0.99129,0.99141,0.99129,0.99141,5
2012-03-27 02:09:00,0.99127,0.99127,0.99127,0.99127,1
2012-03-27 02:11:00,0.99124,0.99124,0.99124,0.99124,1
2012-03-27 02:12:00,0.99135,0.99135,0.99121,0.99121,6
2012-03-27 02:13:00,0.99137,0.9914,0.99135,0.99137,5
2012-03-27 02:14:00,0.99135,0.99135,0.99135,0.99135,1
2012-03-27 02:15:00,0.99137,0.99137,0.99137,0.99137,1
2012-03-27 02:16:00,0.99138,0.9914,0.99138,0.9914,2
2012-03-27 02:17:00,0.99137,0.99137,0.99135,0.99135,2
2012-03-27 02:21:00,0.9914,0.9914,0.9914,0.9914,1
2012-03-27 02:22:00,0.99143,0.99143,0.99143,0.99143,1
2012-03-27 02:23:00,0.99149,0.99149,0.99146,0.99146,2
2012-03-27 02:24:00,0.99152,0.99152,0.99152,0.99152,1
2012-03-27 02:25:00,0.99154,0.99154,0.99154,0.99154,1
2012-03-27 02:33:00,0.99152,0.99154,0.99152,0.99152,3
2012-03-27 02:34:00,0.9914,0.99149,0.99138,0.99149,6
2012-03-27 02:35:00,0.99126,0.99138,0.99124,0.99138,7
2012-03-27 02:37:00,0.99124,0.99124,0.99124,0.99124,1
2012-03-27 02:41:00,0.99123,0.99123,0.99121,0.99121,2
2012-03-27 02:42:00,0.99127,0.99132,0.99126,0.99126,7
2012-03-27 02:43:00,0.99124,0.99124,0.99124,0.99124,1
2012-03-27 02:44:00,0.99126,0.99126,0.99126,0.99126,1
2012-03-27 02:45:00,0.99127,0.99129,0.99127,0.99129,2
2012-03-27 02:46:00,0.99127,0.99129,0.99127,0.99129,2
2012-03-27 02:47:00,0.99129,0.99129,0.99127,0.99129,3
2012-03-27 02:48:00,0.99124,0.99127,0.99124,0.99127,2
2012-03-27 02:49:00,0.99124,0.99126,0.99124,0.99126,2
2012-03-27 02:50:00,0.9912,0.9912,0.99118,0.9912,3
2012-03-27 02:51:00,0.99121,0.99123,0.99112,0.99118,10
2012-03-27 02:52:00,0.99123,0.99123,0.99123,0.99123,1
2012-03-27 02:54:00,0.99132,0.99132,0.99126,0.99126,3
2012-03-27 02:55:00,0.9914,0.9914,0.99135,0.99135,3
2012-03-27 02:57:00,0.99135,0.99138,0.99135,0.99138,2
2012-03-27 02:58:00,0.99141,0.99143,0.99137,0.99137,4
2012-03-27 03:00:00,0.99152,0.99152,0.99143,0.99143,4
2012-03-27 03:01:00,0.99154,0.99154,0.99152,0.99154,3
2012-03-27 03:02:00,0.99157,0.9916,0.99155,0.99157,5
2012-03-27 03:03:00,0.99158,0.9916,0.99155,0.99155,4
2012-03-27 03:04:00,0.99158,0.9916,0.99158,0.9916,2
2012-03-27 03:05:00,0.99191,0.99191,0.9916,0.9916,12
2012-03-27 03:06:00,0.99194,0.99194,0.99189,0.99189,3
2012-03-27 03:07:00,0.99186,0.99192,0.99186,0.99192,3
2012-03-27 03:08:00,0.992,0.992,0.99189,0.99189,5
2012-03-27 03:09:00,0.99217,0.99217,0.99203,0.99203,8
2012-03-27 03:10:00,0.99214,0.99214,0.99212,0.99214,5
2012-03-27 03:11:00,0.99209,0.99214,0.99209,0.99212,10
2012-03-27 03:13:00,0.99194,0.99206,0.99192,0.99206,7
2012-03-27 03:14:00,0.99186,0.99194,0.99186,0.99192,5
2012-03-27 03:15:00,0.99183,0.99191,0.99183,0.99189,5
2012-03-27 03:16:00,0.99183,0.99186,0.99183,0.99186,4
2012-03-27 03:17:00,0.9918,0.9918,0.99178,0.9918,3
2012-03-27 03:19:00,0.99186,0.99186,0.99183,0.99183,2
2012-03-27 03:20:00,0.9918,0.99183,0.9918,0.99183,2
2012-03-27 03:21:00,0.99177,0.99178,0.99175,0.99178,3
2012-03-27 03:22:00,0.99175,0.99175,0.99175,0.99175,1
2012-03-27 03:23:00,0.9918,0.9918,0.99177,0.99177,2
2012-03-27 03:24:00,0.99155,0.9918,0.99155,0.99178,19
2012-03-27 03:25:00,0.99174,0.99174,0.99157,0.99157,11
2012-03-27 03:26:00,0.99172,0.99172,0.99172,0.99172,1
2012-03-27 03:27:00,0.99175,0.99177,0.99174,0.99174,3
2012-03-27 03:28:00,0.99174,0.99174,0.99169,0.99172,4
2012-03-27 03:29:00,0.99174,0.99174,0.99172,0.99172,2
2012-03-27 03:31:00,0.99172,0.99172,0.99169,0.99172,3
2012-03-27 03:35:00,0.99172,0.99174,0.99172,0.99174,4
2012-03-27 03:36:00,0.99174,0.99174,0.99174,0.99174,1
2012-03-27 03:37:00,0.99175,0.99177,0.99175,0.99177,2
2012-03-27 03:38:00,0.99166,0.99172,0.99166,0.99172,3
2012-03-27 03:39:00,0.99166,0.99169,0.99166,0.99169,2
2012-03-27 03:40:00,0.99149,0.99163,0.99149,0.99163,6
2012-03-27 03:42:00,0.99149,0.99154,0.99149,0.99152,4
2012-03-27 03:43:00,0.99149,0.99152,0.99149,0.99152,2
2012-03-27 03:44:00,0.99152,0.99152,0.99152,0.99152,1
2012-03-27 03:45:00,0.99146,0.99149,0.99146,0.99149,2
2012-03-27 03:47:00,0.99146,0.99146,0.99144,0.99144,2
2012-03-27 03:50:00,0.99149,0.99154,0.99149,0.99149,5
2012-03-27 03:52:00,0.99154,0.99154,0.99152,0.99152,2
2012-03-27 03:53:00,0.99161,0.99163,0.99157,0.99157,4
2012-03-27 03:55:00,0.9916,0.9916,0.99152,0.99158,6
2012-03-27 03:59:00,0.99175,0.99183,0.99163,0.99163,11
2012-03-27 04:00:00,0.99186,0.99189,0.99177,0.99177,6
2012-03-27 04:01:00,0.99186,0.99189,0.99186,0.99189,2
2012-03-27 04:05:00,0.99183,0.99183,0.99183,0.99183,1
2012-03-27 04:06:00,0.9918,0.9918,0.99178,0.9918,3
2012-03-27 04:07:00,0.99189,0.99189,0.99183,0.99183,5
2012-03-27 04:08:00,0.99178,0.99186,0.99178,0.99186,4
2012-03-27 04:09:00,0.99177,0.99177,0.99175,0.99175,2
2012-03-27 04:10:00,0.99172,0.99175,0.99172,0.99175,2
2012-03-27 04:11:00,0.99174,0.99174,0.99174,0.99174,1
2012-03-27 04:12:00,0.99174,0.99174,0.99166,0.99172,6
2012-03-27 04:13:00,0.99175,0.99177,0.99175,0.99177,2
2012-03-27 04:15:00,0.99174,0.99174,0.99172,0.99172,2
2012-03-27 04:16:00,0.99177,0.99177,0.99177,0.99177,1
2012-03-27 04:18:00,0.99186,0.99191,0.9918,0.9918,7
2012-03-27 04:19:00,0.9918,0.99183,0.9918,0.99183,2
2012-03-27 04:20:00,0.99178,0.9918,0.99175,0.99178,5
2012-03-27 04:21:00,0.99175,0.9918,0.99175,0.9918,3
2012-03-27 04:22:00,0.99166,0.99172,0.99163,0.99172,5
2012-03-27 04:23:00,0.99172,0.99174,0.99169,0.99169,4
2012-03-27 04:26:00,0.99172,0.99174,0.99172,0.99174,2
2012-03-27 04:27:00,0.99174,0.99174,0.99174,0.99174,1
2012-03-27 04:31:00,0.99166,0.99172,0.99166,0.99172,3
2012-03-27 04:33:00,0.99149,0.99163,0.99149,0.99163,6
2012-03-27 04:34:00,0.99144,0.99146,0.99144,0.99146,4
2012-03-27 04:35:00,0.99132,0.99141,0.99127,0.99141,8
2012-03-27 04:36:00,0.9914,0.9914,0.99135,0.99135,3
2012-03-27 04:37:00,0.99135,0.99138,0.99135,0.99138,2
2012-03-27 04:38:00,0.99132,0.99132,0.99132,0.99132,1
2012-03-27 04:39:00,0.99118,0.99129,0.99118,0.99129,7
2012-03-27 04:41:00,0.99137,0.99137,0.9912,0.9912,7
2012-03-27 04:42:00,0.99123,0.99143,0.99121,0.9914,11
2012-03-27 04:43:00,0.99124,0.99126,0.99124,0.99126,2
2012-03-27 04:44:00,0.99123,0.99123,0.99121,0.99121,2
2012-03-27 04:45:00,0.99112,0.99121,0.99112,0.99121,4
2012-03-27 04:46:00,0.99107,0.9911,0.99107,0.9911,2
2012-03-27 04:47:00,0.99109,0.99109,0.99109,0.99109,1
2012-03-27 04:48:00,0.99115,0.99115,0.99112,0.99112,2
2012-03-27 04:49:00,0.99118,0.99118,0.99118,0.99118,1
2012-03-27 04:50:00,0.99126,0.99126,0.9912,0.9912,3
2012-03-27 04:53:00,0.99118,0.99124,0.99118,0.99124,3
2012-03-27 04:54:00,0.9912,0.9912,0.99118,0.9912,3
2012-03-27 04:56:00,0.99129,0.99129,0.99123,0.99123,3
2012-03-27 04:57:00,0.99124,0.99127,0.99124,0.99127,2
2012-03-27 04:59:00,0.99126,0.99129,0.99124,0.99126,5
2012-03-27 05:01:00,0.99132,0.99132,0.99129,0.99129,2
2012-03-27 05:02:00,0.9914,0.9914,0.99135,0.99135,3
2012-03-27 05:03:00,0.99135,0.99138,0.99135,0.99138,4
2012-03-27 05:04:00,0.99135,0.9914,0.99135,0.99137,8
2012-03-27 05:05:00,0.99132,0.99132,0.99132,0.99132,1
2012-03-27 05:06:00,0.99127,0.99137,0.99127,0.99135,6
2012-03-27 05:07:00,0.99124,0.99124,0.99124,0.99124,1
2012-03-27 05:08:00,0.99115,0.99121,0.99115,0.99121,3
2012-03-27 05:11:00,0.99106,0.99112,0.99104,0.99112,5
2012-03-27 05:12:00,0.99109,0.99109,0.99109,0.99109,1
2012-03-27 05:15:00,0.99109,0.99109,0.99107,0.99107,2
2012-03-27 05:16:00,0.99112,0.99115,0.99107,0.99112,7
2012-03-27 05:19:00,0.99107,0.9911,0.99107,0.9911,2
2012-03-27 05:23:00,0.99098,0.99104,0.99098,0.99104,3
2012-03-27 05:24:00,0.99101,0.99103,0.99098,0.99101,5
2012-03-27 05:25:00,0.99103,0.99103,0.99095,0.99098,9
2012-03-27 05:27:00,0.99101,0.99106,0.99098,0.99101,35
2012-03-27 05:28:00,0.99101,0.99103,0.99098,0.99098,8
2012-03-27 05:29:00,0.99103,0.99103,0.99098,0.99098,5
2012-03-27 05:30:00,0.99098,0.99101,0.99098,0.99101,2
2012-03-27 05:31:00,0.99092,0.99103,0.9909,0.99101,8
2012-03-27 05:32:00,0.99098,0.99098,0.99095,0.99095,2
2012-03-27 05:33:00,0.99095,0.99095,0.99095,0.99095,1
2012-03-27 05:36:00,0.99095,0.99101,0.99095,0.99098,4
2012-03-27 05:40:00,0.99098,0.99098,0.99098,0.99098,1
2012-03-27 05:41:00,0.99088,0.99103,0.99088,0.99101,9
2012-03-27 05:42:00,0.99096,0.99096,0.99088,0.99091,7
2012-03-27 05:45:00,0.99093,0.99094,0.99091,0.99094,3
2012-03-27 05:47:00,0.99088,0.99093,0.99088,0.99091,4
2012-03-27 05:48:00,0.99093,0.99093,0.99088,0.99091,4
2012-03-27 05:50:00,0.99096,0.99096,0.99096,0.99096,1
2012-03-27 05:51:00,0.99094,0.99099,0.99091,0.99094,7
2012-03-27 05:52:00,0.99093,0.99093,0.99091,0.99091,2
2012-03-27 05:53:00,0.99091,0.99093,0.99091,0.99091,3
2012-03-27 05:54:00,0.99088,0.99091,0.99088,0.99088,3
2012-03-27 05:55:00,0.99071,0.99091,0.99071,0.99091,10
2012-03-27 05:57:00,0.99071,0.99074,0.99068,0.99074,14
2012-03-27 05:58:00,0.99068,0.99068,0.99068,0.99068,1
2012-03-27 05:59:00,0.99071,0.99071,0.99071,0.99071,1
2012-03-27 06:02:00,0.99076,0.99082,0.99074,0.99074,8
2012-03-27 06:03:00,0.99082,0.99082,0.99068,0.99074,10
2012-03-27 06:04:00,0.99068,0.9908,0.99066,0.9908,15
2012-03-27 06:05:00,0.99074,0.99074,0.99066,0.99066,4
2012-03-27 06:06:00,0.99074,0.99079,0.99074,0.99076,4
2012-03-27 06:07:00,0.9908,0.99082,0.99076,0.99076,4
2012-03-27 06:08:00,0.99082,0.99082,0.99077,0.99077,5
2012-03-27 06:09:00,0.99091,0.99093,0.99085,0.99085,7
2012-03-27 06:10:00,0.99097,0.99099,0.99093,0.99093,4
2012-03-27 06:11:00,0.99097,0.99102,0.99097,0.99099,10
2012-03-27 06:12:00,0.99077,0.99094,0.99077,0.99094,9
2012-03-27 06:13:00,0.99079,0.99085,0.99077,0.99079,9
2012-03-27 06:14:00,0.99074,0.99079,0.99074,0.99077,4
2012-03-27 06:15:00,0.99071,0.99071,0.99063,0.99071,17
2012-03-27 06:16:00,0.99059,0.99068,0.99054,0.99068,14
2012-03-27 06:17:00,0.99083,0.99085,0.99062,0.99062,14
2012-03-27 06:18:00,0.99085,0.99085,0.9908,0.9908,3
2012-03-27 06:19:00,0.99083,0.99093,0.99083,0.99083,9
2012-03-27 06:20:00,0.99071,0.9908,0.99066,0.9908,8
2012-03-27 06:21:00,0.99088,0.99088,0.99074,0.99074,6
2012-03-27 06:22:00,0.99093,0.99093,0.99083,0.99085,6
2012-03-27 06:23:00,0.99091,0.99091,0.99091,0.99091,1
2012-03-27 06:24:00,0.99102,0.99102,0.99093,0.99093,4
2012-03-27 06:25:00,0.99106,0.99113,0.99104,0.99105,8
2012-03-27 06:26:00,0.99109,0.99109,0.99104,0.99104,3
2012-03-27 06:28:00,0.99101,0.99107,0.99098,0.99107,5
2012-03-27 06:29:00,0.99101,0.99109,0.99101,0.99103,6
2012-03-27 06:30:00,0.99106,0.99106,0.99103,0.99103,8
2012-03-27 06:31:00,0.99095,0.99104,0.99081,0.99104,14
2012-03-27 06:32:00,0.99064,0.99092,0.99058,0.99092,25
2012-03-27 06:33:00,0.99067,0.99069,0.99064,0.99067,7
2012-03-27 06:34:00,0.99064,0.99072,0.99056,0.99069,11
2012-03-27 06:35:00,0.99061,0.99061,0.99056,0.99061,5
2012-03-27 06:36:00,0.99075,0.99078,0.99064,0.99064,9
2012-03-27 06:37:00,0.99092,0.99092,0.99078,0.99078,6
2012-03-27 06:38:00,0.9909,0.99092,0.9909,0.9909,3
2012-03-27 06:39:00,0.99089,0.99089,0.99084,0.99087,4
2012-03-27 06:40:00,0.99087,0.99092,0.99087,0.99092,7
2012-03-27 06:41:00,0.99098,0.99098,0.99089,0.99089,8
2012-03-27 06:42:00,0.99101,0.99109,0.99101,0.99101,7
2012-03-27 06:43:00,0.99109,0.99109,0.99103,0.99103,5
2012-03-27 06:45:00,0.99112,0.99112,0.99107,0.99107,5
2012-03-27 06:46:00,0.99107,0.99123,0.99107,0.9911,18
2012-03-27 06:47:00,0.99101,0.99104,0.99095,0.99104,8
2012-03-27 06:48:00,0.99098,0.99098,0.99098,0.99098,1
2012-03-27 06:49:00,0.99101,0.99101,0.99101,0.99101,1
2012-03-27 06:50:00,0.99104,0.99106,0.99103,0.99103,3
2012-03-27 06:51:00,0.99103,0.99103,0.99101,0.99101,2
2012-03-27 06:52:00,0.9909,0.99106,0.9909,0.99106,7
2012-03-27 06:53:00,0.99103,0.99103,0.99092,0.99092,13
2012-03-27 06:54:00,0.99095,0.99103,0.9909,0.99101,13
2012-03-27 06:55:00,0.99104,0.99106,0.99098,0.99098,5
2012-03-27 06:56:00,0.99109,0.99109,0.99106,0.99106,2
2012-03-27 06:57:00,0.99107,0.99109,0.99107,0.99107,3
2012-03-27 06:58:00,0.99104,0.99109,0.99104,0.99109,5
2012-03-27 06:59:00,0.99092,0.99103,0.99092,0.99101,10
2012-03-27 07:00:00,0.99109,0.99109,0.99095,0.99095,8
2012-03-27 07:01:00,0.99107,0.99112,0.99107,0.99112,3
2012-03-27 07:02:00,0.9912,0.9912,0.99107,0.99109,7
2012-03-27 07:03:00,0.9911,0.9912,0.9911,0.99118,14
2012-03-27 07:04:00,0.9912,0.9912,0.99112,0.99112,4
2012-03-27 07:05:00,0.99123,0.99123,0.99112,0.99118,9
2012-03-27 07:06:00,0.9911,0.99121,0.9911,0.99121,5
2012-03-27 07:07:00,0.99118,0.99118,0.9911,0.99112,5
2012-03-27 07:08:00,0.99138,0.9914,0.9912,0.9912,11
2012-03-27 07:09:00,0.99129,0.99135,0.99129,0.99135,3
2012-03-27 07:10:00,0.99129,0.99129,0.99127,0.99127,2
2012-03-27 07:11:00,0.99121,0.99127,0.99121,0.99127,3
2012-03-27 07:12:00,0.99112,0.99118,0.9911,0.99118,11
2012-03-27 07:13:00,0.99123,0.99123,0.9911,0.9911,6
2012-03-27 07:14:00,0.99146,0.99152,0.99121,0.99121,18
2012-03-27 07:15:00,0.99129,0.99152,0.99129,0.99149,12
2012-03-27 07:16:00,0.99112,0.99127,0.99112,0.99127,6
2012-03-27 07:17:00,0.9916,0.9916,0.9911,0.9911,21
2012-03-27 07:18:00,0.9918,0.9918,0.99161,0.99163,15
2012-03-27 07:19:00,0.9918,0.99191,0.9918,0.99183,12
2012-03-27 07:20:00,0.9918,0.99183,0.99175,0.99178,6
2012-03-27 07:21:00,0.99191,0.99191,0.99175,0.99178,8
2012-03-27 07:22:00,0.99161,0.99194,0.99161,0.99189,23
2012-03-27 07:23:00,0.9916,0.99163,0.99149,0.99163,10
2012-03-27 07:24:00,0.99158,0.99158,0.99158,0.99158,1
2012-03-27 07:25:00,0.99155,0.99157,0.99152,0.99155,5
2012-03-27 07:26:00,0.99121,0.99152,0.99121,0.99152,14
2012-03-27 07:27:00,0.99132,0.99132,0.99123,0.99123,6
2012-03-27 07:28:00,0.99149,0.99149,0.99135,0.99135,12
2012-03-27 07:29:00,0.99149,0.99152,0.99149,0.99152,2
2012-03-27 07:30:00,0.99132,0.99152,0.99129,0.99152,14
2012-03-27 07:32:00,0.99129,0.99132,0.99127,0.99129,7
2012-03-27 07:33:00,0.99132,0.99132,0.99132,0.99132,1
2012-03-27 07:34:00,0.99124,0.99129,0.99124,0.99129,3
2012-03-27 07:35:00,0.9912,0.99123,0.99118,0.99121,5
2012-03-27 07:37:00,0.99126,0.99126,0.99123,0.99123,2
2012-03-27 07:38:00,0.99129,0.99129,0.99129,0.99129,1
2012-03-27 07:39:00,0.99129,0.99132,0.99129,0.99132,2
2012-03-27 07:40:00,0.99129,0.99132,0.99121,0.99132,8
2012-03-27 07:41:00,0.99123,0.99129,0.99121,0.99127,6
2012-03-27 07:42:00,0.99129,0.99129,0.99121,0.99126,8
2012-03-27 07:43:00,0.9914,0.9914,0.99132,0.99132,6
2012-03-27 07:44:00,0.99129,0.99138,0.99129,0.99138,4
2012-03-27 07:45:00,0.9914,0.9914,0.99132,0.99132,4
2012-03-27 07:46:00,0.99149,0.99152,0.99141,0.99143,11
2012-03-27 07:47:00,0.99129,0.99149,0.99127,0.99146,11
2012-03-27 07:48:00,0.99115,0.99127,0.99115,0.99127,5
2012-03-27 07:49:00,0.99118,0.9912,0.99118,0.99118,5
2012-03-27 07:51:00,0.99089,0.99115,0.99087,0.99115,14
2012-03-27 07:52:00,0.9909,0.99092,0.99087,0.99092,8
2012-03-27 07:54:00,0.99069,0.99087,0.99067,0.99087,9
2012-03-27 07:55:00,0.99078,0.99081,0.99067,0.99067,7
2012-03-27 07:56:00,0.99089,0.99089,0.99075,0.99075,6
2012-03-27 07:57:00,0.9909,0.99092,0.99087,0.99087,4
2012-03-27 07:58:00,0.99078,0.99089,0.99078,0.99087,8
2012-03-27 07:59:00,0.99072,0.99075,0.99067,0.99075,10
2012-03-27 08:00:00,0.99064,0.9907,0.9905,0.9907,17
2012-03-27 08:01:00,0.99061,0.99069,0.99061,0.99061,9
2012-03-27 08:02:00,0.99069,0.99069,0.99064,0.99064,3
2012-03-27 08:03:00,0.99047,0.99069,0.99047,0.99067,16
2012-03-27 08:04:00,0.9905,0.99052,0.99047,0.9905,7
2012-03-27 08:05:00,0.99044,0.9905,0.99044,0.99047,10
2012-03-27 08:07:00,0.99024,0.99041,0.99022,0.99041,11
2012-03-27 08:08:00,0.99032,0.99032,0.99024,0.99027,7
2012-03-27 08:09:00,0.99033,0.99044,0.99033,0.99035,10
2012-03-27 08:10:00,0.99041,0.99044,0.99024,0.9903,15
2012-03-27 08:11:00,0.9903,0.99039,0.99024,0.99039,14
2012-03-27 08:12:00,0.9903,0.9903,0.99022,0.99027,10
2012-03-27 08:13:00,0.9903,0.9903,0.99024,0.99027,6
2012-03-27 08:14:00,0.9903,0.99032,0.99024,0.99032,6
2012-03-27 08:15:00,0.9903,0.99032,0.99027,0.99032,6
2012-03-27 08:16:00,0.99038,0.99041,0.99027,0.99027,11
2012-03-27 08:17:00,0.99058,0.99058,0.99041,0.99041,11
2012-03-27 08:18:00,0.99061,0.99064,0.99061,0.99061,5
2012-03-27 08:19:00,0.99041,0.99058,0.99039,0.99058,13
2012-03-27 08:20:00,0.99032,0.99039,0.99024,0.99039,9
2012-03-27 08:21:00,0.99041,0.99041,0.9903,0.9903,5
2012-03-27 08:22:00,0.99039,0.99047,0.99039,0.99044,5
2012-03-27 08:23:00,0.99032,0.99036,0.9903,0.99036,4
2012-03-27 08:24:00,0.99041,0.99041,0.99035,0.99035,5
2012-03-27 08:26:00,0.9905,0.9905,0.99041,0.99044,5
2012-03-27 08:27:00,0.99061,0.99061,0.99052,0.99052,4
2012-03-27 08:28:00,0.99061,0.99067,0.99061,0.99064,4
2012-03-27 08:30:00,0.99067,0.99072,0.99064,0.99064,6
2012-03-27 08:31:00,0.99061,0.99072,0.99061,0.99069,6
2012-03-27 08:32:00,0.99072,0.99072,0.99053,0.99058,12
2012-03-27 08:33:00,0.9907,0.99078,0.9907,0.99075,5
2012-03-27 08:34:00,0.99069,0.99069,0.99058,0.99067,8
2012-03-27 08:35:00,0.9905,0.99072,0.9905,0.99072,9
2012-03-27 08:36:00,0.99047,0.99047,0.99047,0.99047,1
2012-03-27 08:37:00,0.99041,0.99047,0.99041,0.99044,4
2012-03-27 08:38:00,0.9903,0.99039,0.9903,0.99039,4
2012-03-27 08:39:00,0.99041,0.99041,0.9903,0.99032,8
2012-03-27 08:40:00,0.9905,0.9905,0.99041,0.99044,5
2012-03-27 08:41:00,0.99056,0.99061,0.99052,0.99052,6
2012-03-27 08:42:00,0.99061,0.99061,0.99058,0.99058,2
2012-03-27 08:43:00,0.99061,0.99061,0.99058,0.99058,2
2012-03-27 08:44:00,0.99058,0.99058,0.99047,0.99058,13
2012-03-27 08:45:00,0.99064,0.99069,0.99058,0.99061,12
2012-03-27 08:46:00,0.99064,0.99064,0.99058,0.99061,6
2012-03-27 08:47:00,0.99058,0.99064,0.99056,0.99061,10
2012-03-27 08:48:00,0.99058,0.99061,0.99053,0.99061,10
2012-03-27 08:49:00,0.99047,0.99061,0.99044,0.99061,20
2012-03-27 08:50:00,0.99052,0.99052,0.99044,0.9905,12
2012-03-27 08:51:00,0.99061,0.99064,0.9905,0.9905,7
2012-03-27 08:52:00,0.99055,0.99058,0.99053,0.99058,10
2012-03-27 08:53:00,0.99061,0.99064,0.99056,0.99058,12
2012-03-27 08:54:00,0.99072,0.99072,0.99061,0.99064,6
2012-03-27 08:55:00,0.99103,0.99103,0.99064,0.9907,33
2012-03-27 08:56:00,0.9909,0.99101,0.9909,0.99101,17
2012-03-27 08:57:00,0.99092,0.99092,0.99087,0.99087,5
2012-03-27 08:58:00,0.9909,0.99101,0.99087,0.99095,11
2012-03-27 08:59:00,0.99078,0.99089,0.99075,0.99087,10
2012-03-27 09:00:00,0.99078,0.99081,0.99078,0.99081,2
2012-03-27 09:02:00,0.9907,0.99075,0.99064,0.99075,11
2012-03-27 09:03:00,0.9905,0.99069,0.9905,0.99067,9
2012-03-27 09:04:00,0.99052,0.99052,0.99041,0.99047,7
2012-03-27 09:05:00,0.9903,0.9905,0.9903,0.9905,10
2012-03-27 09:06:00,0.99033,0.99041,0.99032,0.99032,7
2012-03-27 09:07:00,0.9903,0.99032,0.99027,0.9903,5
2012-03-27 09:08:00,0.99024,0.99027,0.99024,0.99027,2
2012-03-27 09:09:00,0.99018,0.99024,0.99013,0.99022,14
2012-03-27 09:10:00,0.99036,0.99041,0.99016,0.99021,24
2012-03-27 09:11:00,0.99022,0.99038,0.99022,0.99038,11
2012-03-27 09:12:00,0.99035,0.99035,0.99019,0.99019,7
2012-03-27 09:13:00,0.99015,0.99033,0.99013,0.99033,27
2012-03-27 09:14:00,0.9901,0.99013,0.9901,0.99013,4
2012-03-27 09:15:00,0.99013,0.99021,0.9901,0.99013,11
2012-03-27 09:16:00,0.9903,0.99032,0.99015,0.99015,12
2012-03-27 09:17:00,0.99038,0.99038,0.99032,0.99032,5
2012-03-27 09:18:00,0.99044,0.99047,0.99039,0.99041,6
2012-03-27 09:19:00,0.99041,0.99041,0.99036,0.99041,7
2012-03-27 09:20:00,0.99044,0.99044,0.99036,0.99039,7
2012-03-27 09:21:00,0.9905,0.9905,0.99039,0.99041,10
2012-03-27 09:22:00,0.99047,0.9905,0.99047,0.99047,3
2012-03-27 09:23:00,0.99047,0.9905,0.99047,0.9905,4
2012-03-27 09:24:00,0.99061,0.99061,0.9905,0.9905,7
2012-03-27 09:25:00,0.99067,0.99067,0.99064,0.99064,2
2012-03-27 09:26:00,0.99081,0.99081,0.99069,0.99069,7
2012-03-27 09:27:00,0.99087,0.99089,0.99084,0.99084,4
2012-03-27 09:28:00,0.99078,0.99084,0.99078,0.99084,5
2012-03-27 09:29:00,0.99061,0.99075,0.99061,0.99075,8
2012-03-27 09:30:00,0.99055,0.99078,0.99053,0.99064,18
2012-03-27 09:31:00,0.99053,0.99055,0.99053,0.99053,5
2012-03-27 09:33:00,0.99052,0.99052,0.99033,0.9905,18
2012-03-27 09:34:00,0.99053,0.99055,0.99053,0.99055,6
2012-03-27 09:35:00,0.99072,0.99072,0.99053,0.99055,11
2012-03-27 09:36:00,0.99092,0.99092,0.99073,0.99075,11
2012-03-27 09:37:00,0.99103,0.99103,0.99095,0.99095,8
2012-03-27 09:38:00,0.99104,0.99106,0.99104,0.99106,4
2012-03-27 09:39:00,0.99098,0.99101,0.99098,0.99101,2
2012-03-27 09:40:00,0.99098,0.99098,0.99095,0.99095,2
2012-03-27 09:41:00,0.99073,0.99103,0.99073,0.99101,15
2012-03-27 09:42:00,0.99101,0.99101,0.99075,0.99075,12
2012-03-27 09:43:00,0.99101,0.99109,0.99098,0.99103,8
2012-03-27 09:44:00,0.99098,0.99109,0.99092,0.99103,17
2012-03-27 09:45:00,0.99112,0.99112,0.99101,0.99101,9
2012-03-27 09:46:00,0.99112,0.99115,0.9911,0.9911,6
2012-03-27 09:47:00,0.99112,0.99112,0.9911,0.9911,2
2012-03-27 09:48:00,0.99112,0.9912,0.99112,0.99115,12
2012-03-27 09:49:00,0.99112,0.99123,0.99112,0.99115,10
2012-03-27 09:50:00,0.99109,0.9911,0.99101,0.9911,11
2012-03-27 09:51:00,0.99101,0.99107,0.99101,0.99107,5
2012-03-27 09:52:00,0.9912,0.9912,0.99103,0.99103,7
2012-03-27 09:53:00,0.9911,0.99129,0.9911,0.99123,10
2012-03-27 09:54:00,0.99121,0.99132,0.99112,0.99112,14
2012-03-27 09:55:00,0.99152,0.99152,0.99121,0.99123,13
2012-03-27 09:56:00,0.99161,0.99172,0.99154,0.99154,13
2012-03-27 09:57:00,0.99149,0.99158,0.99149,0.99158,4
2012-03-27 09:58:00,0.99138,0.9916,0.99138,0.99152,14
2012-03-27 09:59:00,0.99152,0.99152,0.99132,0.9914,11
2012-03-27 10:00:00,0.99155,0.9916,0.99149,0.99154,19
2012-03-27 10:01:00,0.99172,0.99177,0.99149,0.99152,16
2012-03-27 10:02:00,0.99189,0.99189,0.99174,0.99174,6
2012-03-27 10:03:00,0.99166,0.99191,0.99161,0.99191,14
2012-03-27 10:04:00,0.9916,0.99172,0.99158,0.99169,10
2012-03-27 10:05:00,0.99154,0.99158,0.99146,0.99158,10
2012-03-27 10:06:00,0.99144,0.99152,0.99144,0.99152,4
2012-03-27 10:07:00,0.99135,0.99141,0.99135,0.99141,3
2012-03-27 10:08:00,0.99154,0.99154,0.99137,0.99137,13
2012-03-27 10:09:00,0.9916,0.9916,0.99157,0.99157,2
2012-03-27 10:10:00,0.9918,0.9918,0.99161,0.99163,9
2012-03-27 10:11:00,0.99191,0.99194,0.99178,0.99178,10
2012-03-27 10:12:00,0.99166,0.99189,0.99166,0.99189,9
2012-03-27 10:13:00,0.99165,0.99176,0.99161,0.99163,11
2012-03-27 10:14:00,0.99182,0.99184,0.99162,0.99162,14
2012-03-27 10:15:00,0.99181,0.99184,0.99179,0.99184,4
2012-03-27 10:16:00,0.99173,0.99181,0.99171,0.99179,7
2012-03-27 10:17:00,0.99172,0.99183,0.99172,0.99176,11
2012-03-27 10:18:00,0.9918,0.9918,0.99169,0.99169,5
2012-03-27 10:19:00,0.99191,0.99191,0.99183,0.99183,4
2012-03-27 10:20:00,0.99172,0.99191,0.99172,0.99189,11
2012-03-27 10:21:00,0.99163,0.99169,0.99163,0.99169,3
2012-03-27 10:22:00,0.99172,0.99172,0.99158,0.99161,19
2012-03-27 10:23:00,0.99163,0.99172,0.99163,0.99169,5
2012-03-27 10:24:00,0.99161,0.99161,0.99161,0.99161,1
2012-03-27 10:25:00,0.99169,0.99169,0.99163,0.99163,3
2012-03-27 10:26:00,0.99172,0.99172,0.99172,0.99172,1
2012-03-27 10:27:00,0.9918,0.99186,0.99174,0.99174,7
2012-03-27 10:28:00,0.99172,0.99178,0.99172,0.99178,3
2012-03-27 10:29:00,0.99172,0.99172,0.99166,0.99169,8
2012-03-27 10:30:00,0.99169,0.99172,0.99169,0.99169,5
2012-03-27 10:32:00,0.9918,0.99183,0.99172,0.99172,6
2012-03-27 10:33:00,0.99191,0.99191,0.99183,0.99183,4
2012-03-27 10:34:00,0.99211,0.99211,0.99194,0.99194,11
2012-03-27 10:35:00,0.99212,0.99217,0.99209,0.99209,8
2012-03-27 10:36:00,0.99211,0.99211,0.99209,0.99209,4
2012-03-27 10:38:00,0.992,0.99209,0.99197,0.99209,6
2012-03-27 10:39:00,0.99192,0.99206,0.99192,0.99203,7
2012-03-27 10:40:00,0.99183,0.99194,0.99183,0.99189,11
2012-03-27 10:41:00,0.99163,0.99189,0.99163,0.99186,13
2012-03-27 10:42:00,0.99183,0.99183,0.99161,0.99161,9
2012-03-27 10:43:00,0.9918,0.9918,0.99172,0.9918,9
2012-03-27 10:44:00,0.9918,0.9918,0.99178,0.99178,2
2012-03-27 10:45:00,0.99192,0.99194,0.99183,0.99183,6
2012-03-27 10:46:00,0.99197,0.99197,0.99192,0.99194,8
2012-03-27 10:47:00,0.99189,0.992,0.99189,0.992,5
2012-03-27 10:48:00,0.99189,0.99191,0.99186,0.99191,4
2012-03-27 10:49:00,0.99194,0.99194,0.99191,0.99191,2
2012-03-27 10:50:00,0.99192,0.99192,0.99192,0.99192,1
2012-03-27 10:51:00,0.99189,0.99189,0.99186,0.99189,3
2012-03-27 10:52:00,0.99192,0.99194,0.99191,0.99191,3
2012-03-27 10:53:00,0.99186,0.99189,0.99186,0.99189,2
2012-03-27 10:54:00,0.99189,0.99194,0.99189,0.99189,5
2012-03-27 10:55:00,0.99191,0.99191,0.99191,0.99191,1
2012-03-27 10:56:00,0.99197,0.99197,0.99194,0.99194,2
2012-03-27 10:57:00,0.99195,0.99195,0.99195,0.99195,1
2012-03-27 10:58:00,0.992,0.992,0.99197,0.99197,2
2012-03-27 10:59:00,0.99192,0.99197,0.9918,0.99197,13
2012-03-27 11:00:00,0.99208,0.99208,0.99194,0.99194,8
2012-03-27 11:01:00,0.992,0.99211,0.99197,0.99211,9
2012-03-27 11:02:00,0.99197,0.992,0.99195,0.99197,5
2012-03-27 11:03:00,0.992,0.99208,0.99195,0.99195,11
2012-03-27 11:05:00,0.992,0.99203,0.992,0.99203,2
2012-03-27 11:06:00,0.99197,0.99197,0.99197,0.99197,1
2012-03-27 11:07:00,0.99197,0.99197,0.99195,0.99195,2
2012-03-27 11:08:00,0.99189,0.99195,0.99186,0.99195,7
2012-03-27 11:09:00,0.992,0.992,0.99191,0.99191,6
2012-03-27 11:10:00,0.99195,0.992,0.99195,0.99197,6
2012-03-27 11:11:00,0.99192,0.99192,0.99192,0.99192,1
2012-03-27 11:12:00,0.99189,0.99189,0.99189,0.99189,1
2012-03-27 11:13:00,0.99189,0.99189,0.99186,0.99186,2
2012-03-27 11:14:00,0.99211,0.99211,0.99191,0.99191,12
2012-03-27 11:15:00,0.99197,0.99209,0.99197,0.99209,5
2012-03-27 11:16:00,0.992,0.992,0.99189,0.99195,7
2012-03-27 11:17:00,0.99192,0.99203,0.99192,0.99203,5
2012-03-27 11:18:00,0.99194,0.99194,0.99194,0.99194,1
2012-03-27 11:19:00,0.99183,0.99197,0.99183,0.99197,10
2012-03-27 11:20:00,0.9918,0.9918,0.99175,0.9918,7
2012-03-27 11:21:00,0.99172,0.99178,0.99172,0.99178,3
2012-03-27 11:22:00,0.99172,0.99172,0.99169,0.99169,2
2012-03-27 11:23:00,0.99191,0.99191,0.99174,0.99174,7
2012-03-27 11:24:00,0.99191,0.99191,0.99189,0.99189,2
2012-03-27 11:26:00,0.99195,0.99197,0.99194,0.99194,3
2012-03-27 11:28:00,0.992,0.992,0.99195,0.99197,10
2012-03-27 11:29:00,0.992,0.99208,0.99197,0.99197,10
2012-03-27 11:30:00,0.99189,0.99206,0.99183,0.99203,14
2012-03-27 11:31:00,0.99191,0.99191,0.99191,0.99191,1
2012-03-27 11:32:00,0.992,0.99203,0.99194,0.99194,5
2012-03-27 11:33:00,0.99206,0.99206,0.99203,0.99203,2
2012-03-27 11:34:00,0.99214,0.99217,0.99208,0.99208,7
2012-03-27 11:35:00,0.9922,0.9922,0.99206,0.99212,8
2012-03-27 11:36:00,0.99257,0.99259,0.99223,0.99223,15
2012-03-27 11:37:00,0.99251,0.99259,0.99243,0.99259,16
2012-03-27 11:38:00,0.99266,0.99268,0.99251,0.99254,13
2012-03-27 11:39:00,0.99251,0.99274,0.99249,0.99268,17
2012-03-27 11:40:00,0.9924,0.99254,0.9924,0.99254,6
2012-03-27 11:41:00,0.99248,0.99248,0.99237,0.99242,7
2012-03-27 11:42:00,0.99249,0.99251,0.99249,0.99251,4
2012-03-27 11:43:00,0.99249,0.99251,0.99249,0.99251,2
2012-03-27 11:44:00,0.99249,0.99251,0.99249,0.99251,2
2012-03-27 11:45:00,0.99251,0.99251,0.99251,0.99251,1
2012-03-27 11:46:00,0.99251,0.99254,0.99249,0.99249,4
2012-03-27 11:47:00,0.99254,0.99254,0.99251,0.99254,3
2012-03-27 11:48:00,0.99271,0.99282,0.99251,0.99251,20
2012-03-27 11:49:00,0.9928,0.99282,0.99271,0.99274,9
2012-03-27 11:50:00,0.99274,0.99277,0.99268,0.99277,6
2012-03-27 11:51:00,0.99299,0.99299,0.99271,0.99276,15
2012-03-27 11:52:00,0.99299,0.99305,0.99297,0.99297,10
2012-03-27 11:53:00,0.99299,0.99299,0.99291,0.99297,6
2012-03-27 11:54:00,0.99317,0.99319,0.99294,0.99297,18
2012-03-27 11:55:00,0.99308,0.99314,0.99308,0.99314,3
2012-03-27 11:56:00,0.99316,0.99316,0.99311,0.99311,7
2012-03-27 11:57:00,0.99322,0.99325,0.99317,0.99319,6
2012-03-27 11:58:00,0.99319,0.99322,0.99317,0.99319,9
2012-03-27 11:59:00,0.99322,0.99328,0.99317,0.99322,11
2012-03-27 12:00:00,0.99331,0.99342,0.99319,0.99319,17
2012-03-27 12:01:00,0.99319,0.99333,0.99317,0.99333,8
2012-03-27 12:02:00,0.99328,0.99328,0.99317,0.99317,11
2012-03-27 12:03:00,0.99328,0.99333,0.99328,0.9933,6
2012-03-27 12:04:00,0.99308,0.99325,0.99302,0.99325,11
2012-03-27 12:05:00,0.99302,0.99319,0.993,0.99311,12
2012-03-27 12:06:00,0.99328,0.99328,0.99297,0.993,17
2012-03-27 12:07:00,0.99312,0.99329,0.9931,0.99325,21
2012-03-27 12:08:00,0.99318,0.9932,0.9931,0.9931,8
2012-03-27 12:09:00,0.9932,0.9932,0.99315,0.9932,8
2012-03-27 12:10:00,0.9931,0.99318,0.99306,0.99318,10
2012-03-27 12:11:00,0.99288,0.9931,0.99288,0.99308,18
2012-03-27 12:12:00,0.9927,0.9929,0.99268,0.9929,19
2012-03-27 12:13:00,0.9928,0.99284,0.99272,0.99272,18
2012-03-27 12:14:00,0.99258,0.99286,0.99258,0.99278,35
2012-03-27 12:15:00,0.9925,0.9926,0.99248,0.99256,11
2012-03-27 12:16:00,0.9924,0.99252,0.9924,0.99248,12
2012-03-27 12:17:00,0.99238,0.99242,0.99238,0.99238,9
2012-03-27 12:19:00,0.99288,0.99298,0.9924,0.9924,41
2012-03-27 12:20:00,0.99268,0.99294,0.9926,0.9929,32
2012-03-27 12:21:00,0.99308,0.99308,0.99272,0.99272,42
2012-03-27 12:22:00,0.99314,0.99328,0.9931,0.9931,36
2012-03-27 12:23:00,0.99286,0.9932,0.99272,0.99316,45
2012-03-27 12:24:00,0.99288,0.99296,0.99278,0.99288,27
2012-03-27 12:25:00,0.99286,0.993,0.9927,0.9929,33
2012-03-27 12:26:00,0.99292,0.99298,0.99278,0.99284,16
2012-03-27 12:27:00,0.99274,0.99294,0.99272,0.99294,17
2012-03-27 12:28:00,0.99268,0.99286,0.99268,0.99276,13
2012-03-27 12:29:00,0.99252,0.99266,0.99252,0.99266,12
2012-03-27 12:30:00,0.99254,0.99254,0.99246,0.9925,21
2012-03-27 12:31:00,0.99264,0.99266,0.99252,0.99252,30
2012-03-27 12:32:00,0.99256,0.99262,0.9925,0.99262,9
2012-03-27 12:33:00,0.99246,0.99254,0.99238,0.99254,16
2012-03-27 12:34:00,0.99234,0.99246,0.99232,0.99244,10
2012-03-27 12:35:00,0.99244,0.9925,0.99236,0.99236,19
2012-03-27 12:36:00,0.9925,0.99254,0.99232,0.99242,26
2012-03-27 12:37:00,0.99246,0.99248,0.99238,0.99248,11
2012-03-27 12:38:00,0.9925,0.99252,0.99244,0.99244,9
2012-03-27 12:39:00,0.99266,0.99266,0.9924,0.99252,23
2012-03-27 12:40:00,0.9925,0.99272,0.9924,0.99268,51
2012-03-27 12:41:00,0.99234,0.99248,0.99228,0.99248,14
2012-03-27 12:42:00,0.99238,0.99244,0.99236,0.99236,7
2012-03-27 12:43:00,0.99228,0.99236,0.99228,0.99236,4
2012-03-27 12:44:00,0.99192,0.99226,0.9919,0.99226,17
2012-03-27 12:45:00,0.99194,0.99196,0.9919,0.9919,9
2012-03-27 12:46:00,0.9918,0.99196,0.99178,0.99196,16
2012-03-27 12:47:00,0.9918,0.99182,0.9918,0.99182,2
2012-03-27 12:48:00,0.9915,0.9918,0.99148,0.99178,57
2012-03-27 12:49:00,0.99118,0.99152,0.99116,0.99148,33
2012-03-27 12:50:00,0.99118,0.9913,0.9911,0.9912,28
2012-03-27 12:51:00,0.99128,0.9913,0.99118,0.9912,14
2012-03-27 12:52:00,0.9913,0.9913,0.9913,0.9913,1
2012-03-27 12:53:00,0.9913,0.99132,0.99118,0.99132,14
2012-03-27 12:54:00,0.9913,0.9913,0.99116,0.99128,16
2012-03-27 12:55:00,0.99138,0.99138,0.99122,0.99128,13
2012-03-27 12:56:00,0.99184,0.99184,0.9914,0.9914,24
2012-03-27 12:57:00,0.99172,0.99182,0.99152,0.99182,19
2012-03-27 12:58:00,0.99142,0.99168,0.99142,0.99168,12
2012-03-27 12:59:00,0.99134,0.9914,0.9912,0.9914,13
2012-03-27 13:00:00,0.99154,0.9916,0.99126,0.99132,29
2012-03-27 13:01:00,0.9916,0.9917,0.99156,0.99156,10
2012-03-27 13:02:00,0.99152,0.99156,0.99146,0.99156,9
2012-03-27 13:03:00,0.99148,0.9916,0.99146,0.99148,27
2012-03-27 13:04:00,0.99132,0.99146,0.99132,0.99146,16
2012-03-27 13:05:00,0.99128,0.9914,0.99128,0.99134,15
2012-03-27 13:06:00,0.9912,0.99126,0.9912,0.99126,5
2012-03-27 13:07:00,0.99142,0.99142,0.99122,0.99122,18
2012-03-27 13:08:00,0.9916,0.9916,0.9914,0.99146,20
2012-03-27 13:09:00,0.9917,0.9917,0.9916,0.99162,14
2012-03-27 13:10:00,0.99154,0.99168,0.99154,0.99168,12
2012-03-27 13:11:00,0.9917,0.9918,0.99156,0.99156,25
2012-03-27 13:12:00,0.99186,0.99186,0.99166,0.99166,14
2012-03-27 13:13:00,0.9916,0.99184,0.99158,0.99184,19
2012-03-27 13:14:00,0.99152,0.99164,0.9915,0.99158,13
2012-03-27 13:15:00,0.99164,0.99164,0.99156,0.99156,8
2012-03-27 13:16:00,0.9916,0.99172,0.99158,0.99166,11
2012-03-27 13:17:00,0.99162,0.99164,0.99162,0.99164,4
2012-03-27 13:18:00,0.9916,0.9916,0.99158,0.99158,4
2012-03-27 13:19:00,0.99178,0.9918,0.99162,0.99164,12
2012-03-27 13:20:00,0.9919,0.9919,0.9918,0.9918,6
2012-03-27 13:21:00,0.99194,0.99194,0.99192,0.99192,2
2012-03-27 13:22:00,0.992,0.992,0.99198,0.99198,2
2012-03-27 13:23:00,0.9921,0.99214,0.99198,0.99204,23
2012-03-27 13:24:00,0.99204,0.99206,0.99204,0.99206,2
2012-03-27 13:25:00,0.9921,0.9921,0.99198,0.992,8
2012-03-27 13:26:00,0.99214,0.99214,0.99206,0.99206,4
2012-03-27 13:27:00,0.99178,0.99212,0.99178,0.99212,25
2012-03-27 13:28:00,0.99158,0.99184,0.99158,0.99176,25
2012-03-27 13:29:00,0.9917,0.99174,0.99158,0.9916,14
2012-03-27 13:30:00,0.9918,0.99184,0.99162,0.99168,17
2012-03-27 13:31:00,0.99188,0.99188,0.99176,0.99176,5
2012-03-27 13:32:00,0.992,0.99202,0.9919,0.9919,18
2012-03-27 13:33:00,0.99182,0.99202,0.99182,0.99196,24
2012-03-27 13:34:00,0.9918,0.99184,0.99176,0.9918,23
2012-03-27 13:35:00,0.99196,0.99196,0.9918,0.99182,12
2012-03-27 13:36:00,0.9921,0.99222,0.992,0.992,33
2012-03-27 13:37:00,0.9921,0.99218,0.99208,0.99214,10
2012-03-27 13:38:00,0.99204,0.99214,0.992,0.99214,14
2012-03-27 13:39:00,0.9919,0.99214,0.9919,0.99208,19
2012-03-27 13:40:00,0.992,0.99206,0.99192,0.99192,12
2012-03-27 13:41:00,0.99212,0.99212,0.99192,0.99204,16
2012-03-27 13:42:00,0.99192,0.99214,0.99192,0.9921,13
2012-03-27 13:43:00,0.99198,0.99198,0.99182,0.9919,14
2012-03-27 13:44:00,0.99218,0.99218,0.992,0.992,17
2012-03-27 13:45:00,0.9919,0.99216,0.99182,0.99216,38
2012-03-27 13:46:00,0.99192,0.99204,0.99182,0.99192,19
2012-03-27 13:47:00,0.99198,0.99214,0.99194,0.99194,26
2012-03-27 13:48:00,0.99176,0.99196,0.99166,0.99196,20
2012-03-27 13:49:00,0.9915,0.99178,0.9915,0.99178,23
2012-03-27 13:50:00,0.9914,0.99152,0.99136,0.99148,23
2012-03-27 13:51:00,0.99132,0.9914,0.99132,0.99138,13
2012-03-27 13:52:00,0.99128,0.99136,0.99128,0.99136,14
2012-03-27 13:53:00,0.9912,0.99128,0.99114,0.99126,15
2012-03-27 13:54:00,0.99156,0.99156,0.99122,0.99122,25
2012-03-27 13:55:00,0.9916,0.99162,0.99152,0.9916,21
2012-03-27 13:56:00,0.99176,0.99184,0.99162,0.99162,20
2012-03-27 13:57:00,0.99196,0.99196,0.9918,0.9918,21
2012-03-27 13:58:00,0.99188,0.99194,0.99188,0.99194,3
2012-03-27 13:59:00,0.99182,0.99194,0.99182,0.99186,11
2012-03-27 14:00:00,0.99186,0.99194,0.99176,0.99186,25
2012-03-27 14:01:00,0.99196,0.9921,0.99186,0.99188,32
2012-03-27 14:02:00,0.99264,0.99264,0.992,0.992,34
2012-03-27 14:03:00,0.9927,0.99282,0.99248,0.99262,38
2012-03-27 14:04:00,0.99268,0.99278,0.99254,0.99268,23
2012-03-27 14:05:00,0.99304,0.99318,0.9927,0.9927,29
2012-03-27 14:06:00,0.99284,0.99306,0.99282,0.99306,27
2012-03-27 14:07:00,0.99306,0.99316,0.99284,0.99288,22
2012-03-27 14:08:00,0.99296,0.99318,0.99296,0.99304,24
2012-03-27 14:09:00,0.99322,0.99324,0.99274,0.99294,43
2012-03-27 14:10:00,0.99318,0.9933,0.99308,0.99318,21
2012-03-27 14:11:00,0.99318,0.9933,0.99318,0.99322,28
2012-03-27 14:12:00,0.99306,0.99318,0.99304,0.99316,22
2012-03-27 14:13:00,0.99298,0.9931,0.99298,0.9931,9
2012-03-27 14:14:00,0.99288,0.99298,0.99288,0.99296,10
2012-03-27 14:15:00,0.99284,0.99284,0.99282,0.99284,3
2012-03-27 14:16:00,0.99244,0.99282,0.99244,0.99282,24
2012-03-27 14:17:00,0.99268,0.99268,0.99244,0.99248,28
2012-03-27 14:18:00,0.99272,0.99272,0.99256,0.99264,20
2012-03-27 14:19:00,0.99272,0.99276,0.99264,0.9927,10
2012-03-27 14:20:00,0.99316,0.99316,0.99276,0.99276,23
2012-03-27 14:21:00,0.9933,0.9933,0.99316,0.99318,9
2012-03-27 14:22:00,0.99352,0.99364,0.99332,0.99332,26
2012-03-27 14:23:00,0.99362,0.99364,0.99356,0.99356,9
2012-03-27 14:24:00,0.99374,0.99374,0.99358,0.99358,19
2012-03-27 14:25:00,0.99396,0.99412,0.99376,0.99378,29
2012-03-27 14:26:00,0.99396,0.99406,0.99396,0.99398,8
2012-03-27 14:27:00,0.9939,0.99394,0.99382,0.99392,16
2012-03-27 14:28:00,0.9938,0.99392,0.99378,0.99392,21
2012-03-27 14:29:00,0.99366,0.99378,0.99366,0.99378,13
2012-03-27 14:30:00,0.99378,0.9939,0.99364,0.9937,24
2012-03-27 14:31:00,0.99344,0.99376,0.99344,0.99376,20
2012-03-27 14:32:00,0.99348,0.99364,0.99344,0.99346,17
2012-03-27 14:33:00,0.9937,0.99374,0.9935,0.9935,36
2012-03-27 14:34:00,0.99398,0.9941,0.99372,0.99372,26
2012-03-27 14:35:00,0.99404,0.99426,0.99396,0.994,42
2012-03-27 14:36:00,0.9937,0.99406,0.99366,0.994,48
2012-03-27 14:37:00,0.99374,0.99374,0.99364,0.99372,18
2012-03-27 14:38:00,0.99348,0.99378,0.99348,0.99378,33
2012-03-27 14:39:00,0.99346,0.99368,0.99338,0.9935,47
2012-03-27 14:40:00,0.99374,0.99394,0.99338,0.99342,40
2012-03-27 14:41:00,0.99376,0.99394,0.99376,0.99376,17
2012-03-27 14:42:00,0.99346,0.99374,0.99338,0.99374,35
2012-03-27 14:43:00,0.99346,0.99376,0.99346,0.99348,34
2012-03-27 14:44:00,0.9935,0.99356,0.99346,0.99348,22
2012-03-27 14:45:00,0.9934,0.99354,0.99338,0.99354,14
2012-03-27 14:46:00,0.99346,0.99348,0.99338,0.99338,12
2012-03-27 14:47:00,0.99342,0.99346,0.99338,0.99342,7
2012-03-27 14:48:00,0.9935,0.99354,0.99338,0.99346,21
2012-03-27 14:49:00,0.99338,0.99356,0.99338,0.99354,11
2012-03-27 14:50:00,0.99348,0.99354,0.9934,0.9934,26
2012-03-27 14:51:00,0.99346,0.99362,0.99342,0.99346,27
2012-03-27 14:52:00,0.9937,0.9937,0.99348,0.99348,9
2012-03-27 14:53:00,0.99392,0.99394,0.99374,0.99374,11
2012-03-27 14:54:00,0.99356,0.99404,0.99356,0.99394,26
2012-03-27 14:55:00,0.99346,0.99366,0.99342,0.9936,38
2012-03-27 14:56:00,0.99336,0.99342,0.99328,0.99342,17
2012-03-27 14:57:00,0.99328,0.9934,0.99326,0.9934,13
2012-03-27 14:58:00,0.99294,0.99334,0.99288,0.99332,30
2012-03-27 14:59:00,0.99244,0.99308,0.9924,0.99292,72
2012-03-27 15:00:00,0.99262,0.99274,0.99244,0.99246,29
2012-03-27 15:01:00,0.9927,0.99274,0.99258,0.99266,26
2012-03-27 15:02:00,0.9927,0.99272,0.9926,0.99272,14
2012-03-27 15:03:00,0.99284,0.99286,0.99272,0.99272,7
2012-03-27 15:04:00,0.99286,0.99292,0.9928,0.99286,11
2012-03-27 15:05:00,0.99288,0.99292,0.9928,0.99284,11
2012-03-27 15:06:00,0.99328,0.99332,0.99286,0.99286,29
2012-03-27 15:07:00,0.9933,0.99332,0.99316,0.99324,23
2012-03-27 15:08:00,0.99342,0.99344,0.99332,0.99332,22
2012-03-27 15:09:00,0.99312,0.9934,0.99308,0.99338,18
2012-03-27 15:10:00,0.9933,0.9934,0.99316,0.99316,40
2012-03-27 15:11:00,0.99302,0.9933,0.99302,0.99328,38
2012-03-27 15:12:00,0.99278,0.99302,0.99278,0.99298,17
2012-03-27 15:13:00,0.99288,0.99288,0.99266,0.99274,16
2012-03-27 15:14:00,0.99306,0.99314,0.99292,0.99292,28
2012-03-27 15:15:00,0.9932,0.99332,0.99308,0.99308,19
2012-03-27 15:16:00,0.99338,0.9934,0.99318,0.99318,26
2012-03-27 15:17:00,0.99294,0.99334,0.99294,0.99334,35
2012-03-27 15:18:00,0.99296,0.99302,0.9929,0.9929,19
2012-03-27 15:19:00,0.99278,0.99294,0.99274,0.99294,24
2012-03-27 15:20:00,0.99276,0.99276,0.9927,0.99276,5
2012-03-27 15:21:00,0.99276,0.99276,0.99268,0.99274,6
2012-03-27 15:22:00,0.99274,0.99288,0.99268,0.99278,25
2012-03-27 15:23:00,0.99258,0.99274,0.99258,0.99272,18
2012-03-27 15:24:00,0.99278,0.99278,0.9926,0.9926,11
2012-03-27 15:25:00,0.99264,0.99288,0.99264,0.9928,17
2012-03-27 15:26:00,0.9926,0.99266,0.99258,0.99266,7
2012-03-27 15:27:00,0.99274,0.99274,0.99262,0.99262,5
2012-03-27 15:28:00,0.99274,0.99274,0.99264,0.99272,12
2012-03-27 15:29:00,0.99272,0.99274,0.9927,0.99272,7
2012-03-27 15:30:00,0.99274,0.99274,0.99272,0.99274,3
2012-03-27 15:31:00,0.99286,0.99286,0.9927,0.99272,10
2012-03-27 15:32:00,0.9928,0.99284,0.99278,0.99284,8
2012-03-27 15:33:00,0.9928,0.99282,0.99274,0.99282,6
2012-03-27 15:34:00,0.99272,0.99278,0.99266,0.99278,7
2012-03-27 15:36:00,0.99278,0.9928,0.99266,0.99274,10
2012-03-27 15:37:00,0.99278,0.9928,0.99278,0.9928,2
2012-03-27 15:38:00,0.9928,0.99286,0.99278,0.9928,11
2012-03-27 15:39:00,0.99278,0.9928,0.99278,0.99278,3
2012-03-27 15:40:00,0.9927,0.99282,0.9927,0.9928,7
2012-03-27 15:41:00,0.99288,0.99288,0.99272,0.99272,7
2012-03-27 15:42:00,0.99294,0.99294,0.99286,0.99286,8
2012-03-27 15:43:00,0.99288,0.99292,0.99288,0.99292,2
2012-03-27 15:44:00,0.99296,0.993,0.99292,0.99292,9
2012-03-27 15:45:00,0.99294,0.99294,0.99288,0.99294,5
2012-03-27 15:46:00,0.99298,0.99302,0.99294,0.99296,17
2012-03-27 15:47:00,0.993,0.99302,0.99298,0.993,9
2012-03-27 15:48:00,0.99302,0.99302,0.99298,0.99302,7
2012-03-27 15:49:00,0.99308,0.99314,0.99306,0.99306,12
2012-03-27 15:50:00,0.99304,0.99312,0.99304,0.99312,14
2012-03-27 15:52:00,0.99304,0.99306,0.993,0.993,4
2012-03-27 15:53:00,0.99306,0.99314,0.99306,0.99306,7
2012-03-27 15:54:00,0.99286,0.99308,0.99286,0.99308,9
2012-03-27 15:55:00,0.99286,0.99286,0.99278,0.99284,10
2012-03-27 15:56:00,0.99274,0.99284,0.99274,0.99284,4
2012-03-27 15:57:00,0.99278,0.99282,0.99278,0.99278,7
2012-03-27 15:58:00,0.99274,0.9928,0.99266,0.9928,9
2012-03-27 15:59:00,0.99288,0.99292,0.99278,0.99278,15
2012-03-27 16:00:00,0.99278,0.99292,0.99278,0.99292,16
2012-03-27 16:01:00,0.99258,0.99282,0.99258,0.9928,17
2012-03-27 16:02:00,0.99258,0.99266,0.99258,0.9926,14
2012-03-27 16:03:00,0.99266,0.99268,0.9926,0.9926,5
2012-03-27 16:04:00,0.99268,0.9927,0.9926,0.99264,15
2012-03-27 16:05:00,0.99278,0.99282,0.9927,0.9927,6
2012-03-27 16:06:00,0.99274,0.99276,0.99274,0.99276,2
2012-03-27 16:07:00,0.99264,0.99276,0.99264,0.99276,7
2012-03-27 16:08:00,0.99276,0.99276,0.99268,0.99268,4
2012-03-27 16:09:00,0.99274,0.99274,0.99274,0.99274,1
2012-03-27 16:10:00,0.9927,0.9927,0.9927,0.9927,1
2012-03-27 16:11:00,0.9926,0.99268,0.99256,0.99268,16
2012-03-27 16:12:00,0.99256,0.99268,0.99256,0.99262,13
2012-03-27 16:13:00,0.99254,0.99258,0.99254,0.99258,3
2012-03-27 16:14:00,0.99256,0.99256,0.99254,0.99256,3
2012-03-27 16:15:00,0.99252,0.99256,0.99244,0.99254,15
2012-03-27 16:16:00,0.99244,0.99256,0.99242,0.99256,15
2012-03-27 16:17:00,0.99248,0.99248,0.99242,0.99242,3
2012-03-27 16:18:00,0.99256,0.99258,0.99242,0.99244,11
2012-03-27 16:19:00,0.99264,0.99268,0.99256,0.99258,13
2012-03-27 16:20:00,0.99248,0.99268,0.99248,0.99268,8
2012-03-27 16:21:00,0.99256,0.99258,0.9925,0.9925,5
2012-03-27 16:22:00,0.99268,0.99268,0.99258,0.99258,4
2012-03-27 16:23:00,0.9929,0.99296,0.9927,0.9927,22
2012-03-27 16:24:00,0.9929,0.99292,0.99288,0.99288,4
2012-03-27 16:25:00,0.9931,0.99312,0.99292,0.99292,17
2012-03-27 16:26:00,0.99316,0.99316,0.99308,0.99308,4
2012-03-27 16:27:00,0.99318,0.99318,0.99316,0.99318,3
2012-03-27 16:28:00,0.99322,0.99322,0.99316,0.99316,3
2012-03-27 16:29:00,0.99316,0.99322,0.99316,0.99318,6
2012-03-27 16:30:00,0.9931,0.99312,0.9931,0.99312,2
2012-03-27 16:31:00,0.99306,0.9931,0.99304,0.99308,7
2012-03-27 16:32:00,0.99312,0.99312,0.99304,0.99304,4
2012-03-27 16:33:00,0.99322,0.99322,0.99308,0.9931,11
2012-03-27 16:34:00,0.99338,0.99338,0.99324,0.99324,8
2012-03-27 16:35:00,0.99336,0.9934,0.9933,0.9934,13
2012-03-27 16:36:00,0.9933,0.99336,0.99328,0.99332,6
2012-03-27 16:37:00,0.9931,0.99328,0.99308,0.99328,13
2012-03-27 16:38:00,0.9931,0.9931,0.99308,0.99308,2
2012-03-27 16:39:00,0.9931,0.9931,0.99304,0.99308,4
2012-03-27 16:40:00,0.9931,0.99312,0.9931,0.99312,2
2012-03-27 16:41:00,0.9931,0.9931,0.99308,0.99308,2
2012-03-27 16:43:00,0.99316,0.99316,0.99312,0.99312,2
2012-03-27 16:44:00,0.99316,0.99324,0.99316,0.99318,6
2012-03-27 16:45:00,0.99328,0.9933,0.99318,0.99318,16
2012-03-27 16:46:00,0.9934,0.9934,0.99322,0.9933,15
2012-03-27 16:47:00,0.99338,0.9934,0.99336,0.99338,5
2012-03-27 16:48:00,0.99344,0.99344,0.99338,0.9934,6
2012-03-27 16:49:00,0.99338,0.99346,0.99338,0.99346,10
2012-03-27 16:50:00,0.99332,0.99336,0.99318,0.99336,22
2012-03-27 16:51:00,0.9933,0.99332,0.99324,0.9933,19
2012-03-27 16:52:00,0.99328,0.99332,0.99328,0.99328,25
2012-03-27 16:53:00,0.99332,0.99332,0.99324,0.9933,16
2012-03-27 16:54:00,0.99332,0.99332,0.99322,0.9933,16
2012-03-27 16:55:00,0.99332,0.99332,0.99328,0.9933,6
2012-03-27 16:56:00,0.99328,0.9933,0.99328,0.9933,2
2012-03-27 16:57:00,0.99324,0.9933,0.99324,0.99324,5
2012-03-27 16:58:00,0.99316,0.99322,0.99316,0.99322,3
2012-03-27 16:59:00,0.9933,0.99332,0.99318,0.99318,11
2012-03-27 17:00:00,0.9933,0.99332,0.99328,0.99332,18
2012-03-27 17:01:00,0.9933,0.9933,0.99328,0.99328,4
2012-03-27 17:02:00,0.99348,0.99352,0.9933,0.99332,22
2012-03-27 17:03:00,0.99358,0.99358,0.99344,0.99344,14
2012-03-27 17:04:00,0.99356,0.9936,0.99356,0.99356,13
2012-03-27 17:05:00,0.99356,0.99358,0.99356,0.99358,4
2012-03-27 17:06:00,0.99356,0.99364,0.99356,0.99358,10
2012-03-27 17:07:00,0.99342,0.99352,0.99338,0.99352,9
2012-03-27 17:08:00,0.99336,0.99338,0.99336,0.99338,2
2012-03-27 17:09:00,0.99328,0.99332,0.99328,0.99332,3
2012-03-27 17:10:00,0.99328,0.9933,0.99328,0.9933,2
2012-03-27 17:12:00,0.9933,0.99332,0.9933,0.9933,3
2012-03-27 17:14:00,0.9933,0.99332,0.9933,0.99332,2
2012-03-27 17:15:00,0.9933,0.9933,0.99328,0.99328,2
2012-03-27 17:16:00,0.99338,0.99338,0.99328,0.99332,13
2012-03-27 17:17:00,0.9935,0.99358,0.9934,0.9934,16
2012-03-27 17:18:00,0.99352,0.99352,0.99352,0.99352,1
2012-03-27 17:20:00,0.9935,0.99352,0.99348,0.9935,9
2012-03-27 17:21:00,0.9936,0.9936,0.99348,0.99352,8
2012-03-27 17:22:00,0.99384,0.9939,0.99358,0.99358,22
2012-03-27 17:23:00,0.99376,0.99392,0.99376,0.99386,17
2012-03-27 17:24:00,0.99376,0.99384,0.99376,0.99378,6
2012-03-27 17:25:00,0.99364,0.99372,0.99364,0.99372,4
2012-03-27 17:26:00,0.9937,0.99374,0.99366,0.99366,6
2012-03-27 17:27:00,0.99372,0.99372,0.99366,0.99366,5
2012-03-27 17:28:00,0.9936,0.9937,0.99358,0.9937,8
2012-03-27 17:29:00,0.99374,0.99374,0.99364,0.99364,7
2012-03-27 17:30:00,0.99376,0.99384,0.9937,0.99372,14
2012-03-27 17:31:00,0.9938,0.9938,0.99378,0.99378,2
2012-03-27 17:32:00,0.99382,0.99384,0.99378,0.99378,4
2012-03-27 17:33:00,0.9939,0.99394,0.99384,0.99384,19
2012-03-27 17:34:00,0.99386,0.99392,0.99386,0.99386,5
2012-03-27 17:35:00,0.99384,0.99392,0.99384,0.9939,5
2012-03-27 17:36:00,0.99396,0.99404,0.99378,0.99382,18
2012-03-27 17:37:00,0.99386,0.994,0.99384,0.99398,11
2012-03-27 17:38:00,0.99396,0.99402,0.99382,0.99384,25
2012-03-27 17:39:00,0.99394,0.99394,0.99394,0.99394,1
2012-03-27 17:40:00,0.99392,0.99394,0.99388,0.99392,5
2012-03-27 17:41:00,0.99386,0.99394,0.99386,0.99388,12
2012-03-27 17:42:00,0.9938,0.9939,0.99376,0.99388,12
2012-03-27 17:43:00,0.9938,0.9938,0.99376,0.99376,4
2012-03-27 17:44:00,0.9938,0.99382,0.99374,0.99382,6
2012-03-27 17:45:00,0.9938,0.99382,0.99376,0.99376,4
2012-03-27 17:46:00,0.99376,0.99376,0.99376,0.99376,1
2012-03-27 17:47:00,0.99374,0.99376,0.99374,0.99374,3
2012-03-27 17:48:00,0.99366,0.99374,0.99366,0.99372,9
2012-03-27 17:50:00,0.99368,0.99374,0.99368,0.99368,5
2012-03-27 17:51:00,0.99376,0.99376,0.9937,0.9937,3
2012-03-27 17:52:00,0.99368,0.99374,0.99368,0.99374,5
2012-03-27 17:53:00,0.99366,0.99374,0.99366,0.9937,5
2012-03-27 17:54:00,0.99366,0.99368,0.99362,0.99362,4
2012-03-27 17:55:00,0.99374,0.99374,0.99368,0.99368,3
2012-03-27 17:56:00,0.99374,0.99376,0.99374,0.99376,2
2012-03-27 17:57:00,0.99366,0.99372,0.99362,0.99372,7
2012-03-27 17:58:00,0.99374,0.99374,0.99368,0.99368,9
2012-03-27 17:59:00,0.99376,0.99376,0.99376,0.99376,1
2012-03-27 18:00:00,0.9938,0.9938,0.99372,0.99374,7
2012-03-27 18:01:00,0.99384,0.99384,0.99376,0.99376,4
2012-03-27 18:05:00,0.99392,0.994,0.99388,0.99388,20
2012-03-27 18:06:00,0.99392,0.99394,0.99392,0.99394,4
2012-03-27 18:07:00,0.99392,0.99394,0.9939,0.9939,4
2012-03-27 18:08:00,0.99386,0.9939,0.99386,0.9939,2
2012-03-27 18:09:00,0.99372,0.99384,0.99372,0.99384,5
2012-03-27 18:10:00,0.99346,0.9937,0.99342,0.9937,15
2012-03-27 18:11:00,0.99344,0.99344,0.99344,0.99344,1
2012-03-27 18:12:00,0.99358,0.99358,0.99346,0.99346,5
2012-03-27 18:14:00,0.9936,0.9936,0.9936,0.9936,1
2012-03-27 18:15:00,0.99352,0.99364,0.99352,0.99364,5
2012-03-27 18:16:00,0.9936,0.9936,0.99356,0.99356,3
2012-03-27 18:17:00,0.99352,0.99358,0.9935,0.99358,5
2012-03-27 18:18:00,0.99356,0.99356,0.99356,0.99356,1
2012-03-27 18:19:00,0.99356,0.99358,0.99356,0.99358,4
2012-03-27 18:20:00,0.99364,0.99364,0.99358,0.99358,3
2012-03-27 18:22:00,0.99364,0.99364,0.99356,0.99362,8
2012-03-27 18:29:00,0.99358,0.99362,0.99356,0.99362,4
2012-03-27 18:30:00,0.9936,0.9936,0.99356,0.99356,3
2012-03-27 18:31:00,0.99366,0.99366,0.99364,0.99364,2
2012-03-27 18:32:00,0.99378,0.99378,0.9937,0.9937,4
2012-03-27 18:33:00,0.9937,0.9938,0.99366,0.99376,11
2012-03-27 18:34:00,0.99358,0.99374,0.99358,0.99372,8
2012-03-27 18:35:00,0.99362,0.99364,0.9936,0.9936,3
2012-03-27 18:36:00,0.99366,0.99366,0.99364,0.99364,2
2012-03-27 18:37:00,0.99366,0.99366,0.99364,0.99364,2
2012-03-27 18:38:00,0.99386,0.99386,0.9937,0.9937,7
2012-03-27 18:39:00,0.99394,0.99398,0.9939,0.9939,11
2012-03-27 18:40:00,0.99398,0.994,0.99386,0.99392,15
2012-03-27 18:41:00,0.9939,0.994,0.9939,0.99396,15
2012-03-27 18:42:00,0.99386,0.99392,0.99386,0.99392,7
2012-03-27 18:43:00,0.99384,0.99394,0.99378,0.99384,17
2012-03-27 18:44:00,0.99384,0.9939,0.99378,0.99386,14
2012-03-27 18:45:00,0.99386,0.99386,0.99386,0.99386,1
2012-03-27 18:46:00,0.9939,0.99392,0.9939,0.9939,3
2012-03-27 18:47:00,0.99384,0.99386,0.99378,0.99386,6
2012-03-27 18:49:00,0.99386,0.99386,0.99386,0.99386,1
2012-03-27 18:50:00,0.99394,0.99394,0.99384,0.99384,13
2012-03-27 18:51:00,0.99404,0.99404,0.99398,0.99398,3
2012-03-27 18:52:00,0.9943,0.99432,0.99406,0.99406,17
2012-03-27 18:53:00,0.99426,0.99432,0.99426,0.99426,11
2012-03-27 18:54:00,0.99426,0.99432,0.9942,0.99428,14
2012-03-27 18:55:00,0.99434,0.99434,0.99426,0.99428,9
2012-03-27 18:56:00,0.99448,0.99452,0.99436,0.99438,23
2012-03-27 18:57:00,0.99436,0.99444,0.99436,0.99444,8
2012-03-27 18:58:00,0.99426,0.99438,0.99426,0.99438,6
2012-03-27 18:59:00,0.99434,0.99434,0.99416,0.99422,17
2012-03-27 19:00:00,0.99444,0.99444,0.99426,0.9943,14
2012-03-27 19:01:00,0.99442,0.99444,0.9944,0.99442,5
2012-03-27 19:02:00,0.99456,0.99456,0.99444,0.99444,5
2012-03-27 19:03:00,0.99456,0.99462,0.99454,0.99454,8
2012-03-27 19:05:00,0.9945,0.99454,0.99448,0.99454,4
2012-03-27 19:06:00,0.99444,0.9945,0.99444,0.99448,4
2012-03-27 19:07:00,0.99426,0.99442,0.99426,0.99442,13
2012-03-27 19:08:00,0.99436,0.99436,0.99416,0.99422,14
2012-03-27 19:09:00,0.99416,0.99434,0.99416,0.99434,11
2012-03-27 19:10:00,0.99438,0.99438,0.99418,0.99418,12
2012-03-27 19:11:00,0.99416,0.99442,0.99416,0.99442,16
2012-03-27 19:12:00,0.99384,0.99414,0.99376,0.99414,23
2012-03-27 19:13:00,0.9938,0.99394,0.9938,0.99388,8
2012-03-27 19:14:00,0.99374,0.99376,0.99368,0.99376,6
2012-03-27 19:15:00,0.99394,0.99394,0.99376,0.99376,13
2012-03-27 19:16:00,0.99394,0.99396,0.99386,0.99396,8
2012-03-27 19:17:00,0.99404,0.99404,0.99392,0.99396,16
2012-03-27 19:18:00,0.994,0.99402,0.994,0.99402,2
2012-03-27 19:19:00,0.99396,0.99404,0.99396,0.99402,5
2012-03-27 19:21:00,0.99408,0.99408,0.994,0.994,4
2012-03-27 19:22:00,0.99416,0.99416,0.9941,0.9941,3
2012-03-27 19:23:00,0.9943,0.99438,0.99416,0.99418,21
2012-03-27 19:24:00,0.99428,0.99438,0.99428,0.99434,11
2012-03-27 19:25:00,0.99436,0.99436,0.9943,0.9943,9
2012-03-27 19:26:00,0.9943,0.99438,0.9943,0.99438,28
2012-03-27 19:27:00,0.99442,0.99444,0.99426,0.99428,12
2012-03-27 19:28:00,0.99444,0.99444,0.99442,0.99444,5
2012-03-27 19:29:00,0.99456,0.99456,0.99448,0.99448,8
2012-03-27 19:30:00,0.99464,0.99464,0.9945,0.99458,11
2012-03-27 19:31:00,0.99468,0.99468,0.9946,0.99462,5
2012-03-27 19:32:00,0.99468,0.99476,0.99468,0.9947,6
2012-03-27 19:33:00,0.99464,0.99472,0.99464,0.9947,7
2012-03-27 19:34:00,0.9947,0.99476,0.99468,0.99468,8
2012-03-27 19:35:00,0.9949,0.99492,0.99468,0.99468,13
2012-03-27 19:36:00,0.99484,0.99492,0.99484,0.99492,16
2012-03-27 19:37:00,0.99476,0.99484,0.99476,0.99482,11
2012-03-27 19:38:00,0.99476,0.99478,0.99474,0.99478,6
2012-03-27 19:39:00,0.9947,0.99474,0.9947,0.99474,2
2012-03-27 19:40:00,0.99468,0.99468,0.99468,0.99468,1
2012-03-27 19:41:00,0.99468,0.99472,0.99468,0.9947,4
2012-03-27 19:42:00,0.99464,0.99464,0.9946,0.99464,5
2012-03-27 19:43:00,0.99462,0.99464,0.99456,0.99462,13
2012-03-27 19:44:00,0.9945,0.99464,0.9945,0.9946,10
2012-03-27 19:45:00,0.99474,0.99476,0.99454,0.99454,10
2012-03-27 19:46:00,0.99482,0.99482,0.99476,0.99476,3
2012-03-27 19:47:00,0.9949,0.9949,0.99484,0.99484,3
2012-03-27 19:48:00,0.9949,0.99504,0.9949,0.99492,24
2012-03-27 19:49:00,0.9949,0.99502,0.9949,0.99492,10
2012-03-27 19:50:00,0.99496,0.99496,0.99492,0.99492,2
2012-03-27 19:51:00,0.99502,0.99502,0.99498,0.99498,2
2012-03-27 19:52:00,0.99488,0.99498,0.99488,0.99498,17
2012-03-27 19:53:00,0.9949,0.9949,0.99488,0.9949,3
2012-03-27 19:54:00,0.9949,0.99492,0.99488,0.99492,10
2012-03-27 19:55:00,0.99484,0.99492,0.99482,0.99492,14
2012-03-27 19:56:00,0.9951,0.99518,0.99488,0.99488,33
2012-03-27 19:57:00,0.99498,0.9951,0.9949,0.99508,18
2012-03-27 19:58:00,0.99496,0.99496,0.9949,0.99496,5
2012-03-27 19:59:00,0.9949,0.99498,0.99488,0.99498,14
2012-03-27 20:00:00,0.99477,0.99497,0.99477,0.99489,8
2012-03-27 20:01:00,0.99465,0.99473,0.99465,0.99473,3
2012-03-27 20:02:00,0.99437,0.99461,0.99437,0.99461,9
2012-03-27 20:03:00,0.99445,0.99449,0.99441,0.99441,4
2012-03-27 20:05:00,0.99449,0.99449,0.99441,0.99441,3
2012-03-27 20:06:00,0.99449,0.99449,0.99445,0.99445,2
2012-03-27 20:07:00,0.99453,0.99453,0.99453,0.99453,1
2012-03-27 20:08:00,0.99449,0.99457,0.99449,0.99457,3
2012-03-27 20:09:00,0.99453,0.99453,0.99449,0.99453,3
2012-03-27 20:10:00,0.99461,0.99461,0.99457,0.99457,2
2012-03-27 20:11:00,0.99473,0.99473,0.99465,0.99465,3
2012-03-27 20:12:00,0.99469,0.99469,0.99465,0.99469,3
2012-03-27 20:13:00,0.99477,0.99477,0.99473,0.99473,2
2012-03-27 20:14:00,0.99501,0.99501,0.99481,0.99481,8
2012-03-27 20:15:00,0.99505,0.99509,0.99505,0.99505,5
2012-03-27 20:16:00,0.99501,0.99501,0.99501,0.99501,1
2012-03-27 20:17:00,0.99501,0.99505,0.99501,0.99505,4
2012-03-27 20:18:00,0.99521,0.99521,0.99497,0.99497,7
2012-03-27 20:19:00,0.99513,0.99517,0.99513,0.99517,2
2012-03-27 20:21:00,0.99505,0.99509,0.99505,0.99509,2
2012-03-27 20:22:00,0.99509,0.99513,0.99509,0.99509,3
2012-03-27 20:23:00,0.99518,0.99522,0.99513,0.99513,12
2012-03-27 20:24:00,0.99518,0.99522,0.99518,0.99522,2
2012-03-27 20:25:00,0.99514,0.99514,0.99514,0.99514,1
2012-03-27 20:26:00,0.9951,0.9951,0.9951,0.9951,1
2012-03-27 20:27:00,0.99502,0.99506,0.99502,0.99506,2
2012-03-27 20:28:00,0.99494,0.99498,0.99494,0.99498,2
2012-03-27 20:29:00,0.99486,0.9949,0.99486,0.9949,2
2012-03-27 20:30:00,0.99486,0.99486,0.99482,0.99482,2
2012-03-27 20:31:00,0.99482,0.99482,0.99478,0.99482,3
2012-03-27 20:33:00,0.99494,0.99494,0.99486,0.99486,5
2012-03-27 20:34:00,0.99498,0.99498,0.99498,0.99498,1
2012-03-27 20:35:00,0.99514,0.99514,0.99502,0.99502,4
2012-03-27 20:36:00,0.99514,0.99514,0.9951,0.9951,2
2012-03-27 20:37:00,0.99538,0.99538,0.99518,0.99518,6
2012-03-27 20:38:00,0.99534,0.99538,0.99534,0.99534,5
2012-03-27 20:39:00,0.9953,0.9953,0.9953,0.9953,1
2012-03-27 20:40:00,0.99534,0.99534,0.99534,0.99534,1
2012-03-27 20:42:00,0.99538,0.99538,0.9953,0.9953,3
2012-03-27 20:43:00,0.99542,0.99542,0.99542,0.99542,1
2012-03-27 20:44:00,0.9955,0.9955,0.99546,0.99546,2
2012-03-27 20:45:00,0.99546,0.99546,0.99538,0.99546,5
2012-03-27 20:47:00,0.99542,0.9955,0.99542,0.9955,3
2012-03-27 20:48:00,0.99546,0.99546,0.99546,0.99546,1
2012-03-27 20:50:00,0.99546,0.9955,0.99546,0.9955,2
2012-03-27 20:51:00,0.99554,0.99554,0.9955,0.9955,2
2012-03-27 20:52:00,0.99558,0.99558,0.99558,0.99558,1
2012-03-27 20:54:00,0.99562,0.99562,0.99562,0.99562,1
2012-03-27 20:55:00,0.99558,0.99558,0.99558,0.99558,1
2012-03-27 20:56:00,0.99558,0.99562,0.99558,0.99562,4
2012-03-27 20:57:00,0.99554,0.99554,0.9955,0.99554,3
2012-03-27 20:58:00,0.99533,0.9955,0.99529,0.9955,7
2012-03-27 20:59:00,0.99486,0.99541,0.99486,0.99537,22
2012-03-27 21:00:00,0.99518,0.99518,0.99491,0.99491,11
2012-03-27 21:01:00,0.99509,0.99513,0.99509,0.99513,2
2012-03-27 21:02:00,0.99544,0.99544,0.99513,0.99513,7
2012-03-27 21:03:00,0.99552,0.9956,0.99548,0.99548,6
2012-03-27 21:04:00,0.99548,0.99548,0.99548,0.99548,1
2012-03-27 21:09:00,0.99544,0.99544,0.99544,0.99544,1
2012-03-27 21:12:00,0.99548,0.99548,0.99548,0.99548,1
2012-03-27 21:13:00,0.99548,0.99548,0.9954,0.99544,8
2012-03-27 21:14:00,0.99538,0.99543,0.99534,0.99543,6
2012-03-27 21:15:00,0.9953,0.99534,0.9953,0.99534,2
2012-03-27 21:16:00,0.9953,0.99538,0.9953,0.99534,4
2012-03-27 21:17:00,0.99542,0.99542,0.99534,0.99534,3
2012-03-27 21:18:00,0.99538,0.99538,0.99538,0.99538,1
2012-03-27 21:19:00,0.9953,0.99534,0.9953,0.99534,2
2012-03-27 21:20:00,0.99526,0.99526,0.99526,0.99526,1
2012-03-27 21:23:00,0.9953,0.99534,0.9953,0.9953,3
2012-03-27 21:24:00,0.99526,0.99534,0.99526,0.99534,3
2012-03-27 21:32:00,0.9953,0.9953,0.9953,0.9953,1
2012-03-27 21:37:00,0.99534,0.99534,0.99534,0.99534,1
2012-03-27 21:38:00,0.99534,0.99534,0.9953,0.9953,4
2012-03-27 21:42:00,0.99534,0.99538,0.99534,0.99538,2
2012-03-27 21:43:00,0.9953,0.9953,0.9953,0.9953,1
2012-03-27 21:44:00,0.99542,0.99542,0.99534,0.99534,3
2012-03-27 21:48:00,0.99546,0.99546,0.99546,0.99546,1
2012-03-27 21:51:00,0.99542,0.99542,0.99542,0.99542,1
2012-03-27 21:56:00,0.9955,0.99558,0.99546,0.99546,6
2012-03-27 21:59:00,0.99558,0.99558,0.99554,0.99554,6
2012-03-27 22:00:00,0.99548,0.9956,0.99548,0.99558,10
2012-03-27 22:01:00,0.99542,0.99546,0.9954,0.99546,4
2012-03-27 22:02:00,0.99546,0.99546,0.99546,0.99546,1
2012-03-27 22:04:00,0.99542,0.99542,0.99542,0.99542,1
2012-03-27 22:12:00,0.99546,0.99546,0.99546,0.99546,1
2012-03-27 22:14:00,0.99542,0.99542,0.99542,0.99542,1
2012-03-27 22:19:00,0.9954,0.9954,0.9954,0.9954,1
2012-03-27 22:21:00,0.99552,0.99552,0.99542,0.99542,4
2012-03-27 22:22:00,0.99554,0.99554,0.99554,0.99554,1
2012-03-27 22:23:00,0.9956,0.99564,0.99558,0.99558,4
2012-03-27 22:31:00,0.99558,0.99558,0.99558,0.99558,1
2012-03-27 22:33:00,0.99564,0.99564,0.9956,0.9956,2
2012-03-27 22:35:00,0.99558,0.9956,0.99558,0.9956,2
2012-03-27 22:42:00,0.9956,0.9956,0.9956,0.9956,1
2012-03-27 22:43:00,0.99558,0.99564,0.99558,0.99558,7
2012-03-27 22:44:00,0.9956,0.9956,0.99554,0.99554,3
2012-03-27 22:46:00,0.99566,0.99566,0.99564,0.99564,4
2012-03-27 22:47:00,0.99566,0.99566,0.99564,0.99564,2
2012-03-27 22:49:00,0.99564,0.99564,0.99564,0.99564,1
2012-03-27 22:50:00,0.99566,0.9957,0.99554,0.99566,15
2012-03-27 22:52:00,0.9956,0.99564,0.9956,0.99564,2
2012-03-27 22:53:00,0.99564,0.99564,0.99564,0.99564,1
2012-03-27 22:54:00,0.99564,0.99564,0.99558,0.9956,4
2012-03-27 22:55:00,0.99566,0.99566,0.99566,0.99566,1
2012-03-27 22:56:00,0.99572,0.99572,0.99566,0.9957,10
2012-03-27 22:57:00,0.9957,0.9957,0.9957,0.9957,1
2012-03-27 22:58:00,0.99558,0.99572,0.99558,0.99572,8
2012-03-27 22:59:00,0.99572,0.99572,0.9956,0.9956,9
2012-03-27 23:00:00,0.9957,0.99572,0.99566,0.9957,5
2012-03-27 23:01:00,0.99572,0.99578,0.99572,0.99572,5
2012-03-27 23:02:00,0.9957,0.99572,0.9956,0.9957,9
2012-03-27 23:03:00,0.99564,0.99572,0.99564,0.99572,4
2012-03-27 23:04:00,0.99572,0.99572,0.99566,0.99566,5
2012-03-27 23:05:00,0.99572,0.99574,0.99572,0.99572,3
2012-03-27 23:06:00,0.99572,0.99578,0.9957,0.99574,8
2012-03-27 23:07:00,0.99574,0.99574,0.99572,0.99574,3
2012-03-27 23:08:00,0.99572,0.99572,0.99572,0.99572,1
2012-03-27 23:09:00,0.99566,0.9957,0.99566,0.9957,2
2012-03-27 23:10:00,0.99566,0.9957,0.99566,0.9957,2
2012-03-27 23:11:00,0.9957,0.9957,0.9957,0.9957,1
2012-03-27 23:12:00,0.9957,0.9957,0.99566,0.99566,2
2012-03-27 23:21:00,0.9957,0.9957,0.99566,0.99566,2
2012-03-27 23:22:00,0.99572,0.9958,0.99572,0.99572,11
2012-03-27 23:24:00,0.9957,0.9957,0.9957,0.9957,1
2012-03-27 23:25:00,0.9957,0.99572,0.9957,0.99572,2
2012-03-27 23:27:00,0.99566,0.99566,0.99566,0.99566,1
2012-03-27 23:29:00,0.9957,0.9957,0.9957,0.9957,1
2012-03-27 23:30:00,0.99578,0.99578,0.99572,0.99572,5
2012-03-27 23:31:00,0.99578,0.99578,0.99576,0.99576,6
2012-03-27 23:32:00,0.99572,0.99576,0.99572,0.99576,2
2012-03-27 23:33:00,0.9957,0.99572,0.9957,0.9957,3
2012-03-27 23:34:00,0.99566,0.99566,0.99566,0.99566,1
2012-03-27 23:35:00,0.99552,0.99564,0.9955,0.99564,7
2012-03-27 23:36:00,0.99552,0.99552,0.9955,0.9955,2
2012-03-27 23:37:00,0.99552,0.99552,0.99544,0.9955,6
2012-03-27 23:38:00,0.9956,0.9956,0.9955,0.9955,7
2012-03-27 23:39:00,0.9956,0.9956,0.99558,0.99558,2
2012-03-27 23:45:00,0.99558,0.99558,0.99558,0.99558,1
2012-03-27 23:48:00,0.99558,0.99558,0.99552,0.99556,4
2012-03-27 23:50:00,0.99556,0.99556,0.99556,0.99556,1
2012-03-27 23:51:00,0.99558,0.9956,0.99558,0.99558,3
2012-03-27 23:52:00,0.99558,0.9956,0.99558,0.9956,2
2012-03-27 23:53:00,0.99564,0.99564,0.9956,0.9956,2
2012-03-27 23:54:00,0.99558,0.99562,0.99558,0.99562,4
2012-03-27 23:55:00,0.9956,0.9956,0.9956,0.9956,1
2012-03-27 23:56:00,0.99558,0.99564,0.99558,0.99558,5
2012-03-27 23:57:00,0.99564,0.9957,0.9956,0.9956,12
2012-03-27 23:58:00,0.9957,0.99574,0.99566,0.99566,8
2012-03-27 23:59:00,0.99566,0.9957,0.99566,0.99566,5
2012-03-28 00:00:00,0.99572,0.99574,0.9957,0.9957,6
2012-03-28 00:01:00,0.99584,0.99584,0.99574,0.99574,6
2012-03-28 00:02:00,0.99586,0.99586,0.99586,0.99586,1
2012-03-28 00:03:00,0.9958,0.99584,0.9958,0.99584,2
2012-03-28 00:05:00,0.99586,0.99586,0.99584,0.99584,2
2012-03-28 00:06:00,0.99578,0.99584,0.99578,0.99584,3
2012-03-28 00:07:00,0.99578,0.9958,0.99578,0.9958,2
2012-03-28 00:08:00,0.9959,0.99592,0.9958,0.9958,6
2012-03-28 00:09:00,0.99592,0.99592,0.99592,0.99592,1
2012-03-28 00:10:00,0.99586,0.9959,0.99586,0.9959,2
2012-03-28 00:11:00,0.99572,0.99592,0.99572,0.9959,9
2012-03-28 00:12:00,0.99566,0.99574,0.99562,0.99574,10
2012-03-28 00:13:00,0.9955,0.99564,0.99548,0.99564,11
2012-03-28 00:14:00,0.99554,0.99554,0.99528,0.99548,17
2012-03-28 00:15:00,0.99556,0.9956,0.99554,0.99556,5
2012-03-28 00:16:00,0.99566,0.99568,0.9956,0.9956,5
2012-03-28 00:17:00,0.9956,0.99574,0.99556,0.99568,16
2012-03-28 00:18:00,0.9957,0.9957,0.99562,0.99562,6
2012-03-28 00:19:00,0.99572,0.99576,0.99566,0.99568,18
2012-03-28 00:20:00,0.9956,0.99568,0.99556,0.99568,6
2012-03-28 00:21:00,0.9955,0.99556,0.99546,0.99556,13
2012-03-28 00:22:00,0.99562,0.99562,0.99554,0.99554,4
2012-03-28 00:23:00,0.99556,0.9956,0.99556,0.9956,2
2012-03-28 00:24:00,0.99552,0.99554,0.99548,0.99554,6
2012-03-28 00:25:00,0.99548,0.9956,0.99548,0.99554,7
2012-03-28 00:26:00,0.99552,0.99554,0.99546,0.99546,5
2012-03-28 00:27:00,0.99552,0.99554,0.99552,0.99554,2
2012-03-28 00:28:00,0.99554,0.99556,0.99552,0.99554,7
2012-03-28 00:29:00,0.99566,0.99568,0.99556,0.99556,6
2012-03-28 00:30:00,0.99568,0.99568,0.99568,0.99568,1
2012-03-28 00:31:00,0.99564,0.99566,0.99562,0.99566,3
2012-03-28 00:32:00,0.99562,0.99562,0.9956,0.99562,3
2012-03-28 00:33:00,0.99562,0.99564,0.99562,0.99564,2
2012-03-28 00:34:00,0.9956,0.9956,0.9956,0.9956,1
2012-03-28 00:35:00,0.99556,0.99562,0.99554,0.99562,7
2012-03-28 00:36:00,0.99542,0.99554,0.99542,0.99554,7
2012-03-28 00:38:00,0.99538,0.9954,0.99538,0.9954,2
2012-03-28 00:39:00,0.99528,0.99534,0.99528,0.99534,7
2012-03-28 00:40:00,0.99522,0.99526,0.9952,0.99526,6
2012-03-28 00:41:00,0.99534,0.99534,0.99526,0.99526,8
2012-03-28 00:42:00,0.99534,0.99534,0.99532,0.99532,2
2012-03-28 00:43:00,0.9954,0.9954,0.99526,0.99532,8
2012-03-28 00:44:00,0.99534,0.99548,0.99532,0.99542,10
2012-03-28 00:45:00,0.9956,0.9956,0.99536,0.99536,11
2012-03-28 00:46:00,0.9958,0.99582,0.99556,0.99556,13
2012-03-28 00:47:00,0.99582,0.99582,0.99576,0.99576,5
2012-03-28 00:48:00,0.9958,0.99582,0.9958,0.9958,3
2012-03-28 00:49:00,0.99582,0.99584,0.99582,0.99582,3
2012-03-28 00:50:00,0.9958,0.99582,0.99576,0.9958,5
2012-03-28 00:51:00,0.99572,0.9958,0.99568,0.99576,9
2012-03-28 00:52:00,0.99574,0.99576,0.99554,0.99568,25
2012-03-28 00:53:00,0.9958,0.9958,0.99568,0.99576,12
2012-03-28 00:54:00,0.99584,0.99584,0.9958,0.99582,6
2012-03-28 00:55:00,0.99576,0.99594,0.99576,0.99588,19
2012-03-28 00:56:00,0.99574,0.99582,0.99574,0.9958,5
2012-03-28 00:57:00,0.99582,0.99582,0.99576,0.99576,5
2012-03-28 00:58:00,0.99572,0.9958,0.99572,0.9958,4
2012-03-28 00:59:00,0.99564,0.99574,0.99562,0.99574,6
2012-03-28 01:00:00,0.99568,0.99568,0.99554,0.99568,17
2012-03-28 01:01:00,0.99572,0.99574,0.9957,0.9957,3
2012-03-28 01:02:00,0.99572,0.99574,0.99572,0.99574,4
2012-03-28 01:06:00,0.99574,0.99574,0.99574,0.99574,1
2012-03-28 01:07:00,0.99576,0.99576,0.99576,0.99576,1
2012-03-28 01:09:00,0.9957,0.99574,0.99568,0.99574,4
2012-03-28 01:11:00,0.99572,0.99574,0.99572,0.99574,2
2012-03-28 01:12:00,0.99562,0.99568,0.9956,0.99568,5
2012-03-28 01:13:00,0.99564,0.99568,0.99562,0.99564,5
2012-03-28 01:15:00,0.99566,0.99566,0.99556,0.99562,7
2012-03-28 01:16:00,0.9957,0.9957,0.99564,0.99564,3
2012-03-28 01:17:00,0.9957,0.99572,0.9957,0.99572,2
2012-03-28 01:18:00,0.99566,0.99566,0.99562,0.99566,5
2012-03-28 01:20:00,0.9957,0.9957,0.9957,0.9957,1
2012-03-28 01:23:00,0.99572,0.99572,0.99572,0.99572,1
2012-03-28 01:24:00,0.9957,0.9957,0.9957,0.9957,1
2012-03-28 01:25:00,0.99572,0.99574,0.99572,0.99572,3
2012-03-28 01:26:00,0.9957,0.9957,0.9957,0.9957,1
2012-03-28 01:28:00,0.99584,0.99586,0.99572,0.99572,7
2012-03-28 01:30:00,0.99584,0.99586,0.99584,0.99586,4
2012-03-28 01:34:00,0.9958,0.9958,0.99578,0.9958,3
2012-03-28 01:35:00,0.9957,0.99578,0.9957,0.99578,4
2012-03-28 01:36:00,0.99572,0.99572,0.99572,0.99572,1
2012-03-28 01:37:00,0.9957,0.9957,0.99566,0.9957,3
2012-03-28 01:38:00,0.99566,0.99566,0.99566,0.99566,1
2012-03-28 01:39:00,0.9957,0.9957,0.9957,0.9957,1
2012-03-28 01:40:00,0.99552,0.99566,0.9955,0.99566,10
2012-03-28 01:42:00,0.9956,0.9956,0.99556,0.99556,3
2012-03-28 01:45:00,0.9956,0.9956,0.99558,0.99558,2
2012-03-28 01:46:00,0.9957,0.99574,0.99558,0.99558,9
2012-03-28 01:47:00,0.99578,0.9958,0.99572,0.99572,5
2012-03-28 01:48:00,0.9958,0.9958,0.9958,0.9958,1
2012-03-28 01:49:00,0.9958,0.99584,0.99578,0.99578,4
2012-03-28 01:50:00,0.99586,0.99586,0.99584,0.99584,2
2012-03-28 01:51:00,0.99594,0.99594,0.99584,0.99584,5
2012-03-28 01:52:00,0.99598,0.99598,0.99598,0.99598,1
2012-03-28 01:54:00,0.99604,0.99608,0.99592,0.99596,10
2012-03-28 01:55:00,0.99612,0.99612,0.99606,0.99606,3
2012-03-28 01:56:00,0.99614,0.99614,0.99614,0.99614,1
2012-03-28 01:57:00,0.99628,0.99632,0.99618,0.99618,11
2012-03-28 01:58:00,0.99604,0.99628,0.99604,0.99626,15
2012-03-28 01:59:00,0.99604,0.99604,0.99598,0.996,6
2012-03-28 02:00:00,0.99612,0.99612,0.99606,0.99606,3
2012-03-28 02:01:00,0.99612,0.99612,0.996,0.9961,10
2012-03-28 02:02:00,0.9961,0.9961,0.9961,0.9961,1
2012-03-28 02:03:00,0.99604,0.99612,0.99604,0.99612,6
2012-03-28 02:04:00,0.99598,0.99604,0.99592,0.996,10
2012-03-28 02:05:00,0.99598,0.996,0.99596,0.99596,6
2012-03-28 02:06:00,0.99604,0.99604,0.99596,0.99596,10
2012-03-28 02:08:00,0.996,0.996,0.996,0.996,1
2012-03-28 02:09:00,0.99598,0.99598,0.99596,0.99598,5
2012-03-28 02:10:00,0.99596,0.99596,0.99596,0.99596,1
2012-03-28 02:11:00,0.996,0.996,0.99598,0.99598,2
2012-03-28 02:13:00,0.99604,0.99604,0.99604,0.99604,1
2012-03-28 02:14:00,0.9961,0.99614,0.99606,0.99606,6
2012-03-28 02:15:00,0.99612,0.99612,0.99612,0.99612,1
2012-03-28 02:16:00,0.99604,0.9961,0.99604,0.9961,3
2012-03-28 02:19:00,0.99598,0.996,0.99596,0.996,4
2012-03-28 02:20:00,0.99594,0.99596,0.99586,0.99596,7
2012-03-28 02:21:00,0.996,0.996,0.99596,0.99598,6
2012-03-28 02:22:00,0.99598,0.99598,0.99598,0.99598,1
2012-03-28 02:23:00,0.996,0.996,0.99592,0.99596,5
2012-03-28 02:24:00,0.99604,0.99604,0.99604,0.99604,1
2012-03-28 02:28:00,0.996,0.996,0.996,0.996,1
2012-03-28 02:29:00,0.99606,0.99606,0.99598,0.99598,4
2012-03-28 02:30:00,0.99608,0.99608,0.99606,0.99608,3
2012-03-28 02:32:00,0.99606,0.99608,0.99603,0.99608,10
2012-03-28 02:34:00,0.99603,0.99603,0.99603,0.99603,1
2012-03-28 02:37:00,0.99591,0.996,0.99589,0.996,6
2012-03-28 02:38:00,0.99592,0.99594,0.99589,0.99589,4
2012-03-28 02:43:00,0.99589,0.99589,0.99583,0.99589,5
2012-03-28 02:44:00,0.99586,0.99586,0.99586,0.99586,1
2012-03-28 02:46:00,0.99592,0.99594,0.99589,0.99589,6
2012-03-28 02:47:00,0.99592,0.99594,0.99592,0.99594,2
2012-03-28 02:48:00,0.99597,0.996,0.99594,0.99594,6
2012-03-28 02:51:00,0.996,0.996,0.996,0.996,1
2012-03-28 02:52:00,0.99595,0.99597,0.99595,0.99597,2
2012-03-28 02:53:00,0.996,0.996,0.99597,0.99597,2
2012-03-28 02:54:00,0.99603,0.99603,0.99603,0.99603,1
2012-03-28 02:56:00,0.99595,0.996,0.99595,0.996,3
2012-03-28 02:59:00,0.99589,0.99592,0.99586,0.99592,4
2012-03-28 03:00:00,0.99591,0.99591,0.99591,0.99591,1
2012-03-28 03:01:00,0.99594,0.99594,0.99592,0.99594,3
2012-03-28 03:02:00,0.99592,0.99592,0.99592,0.99592,1
2012-03-28 03:03:00,0.99592,0.99594,0.99592,0.99594,2
2012-03-28 03:04:00,0.99597,0.99597,0.99594,0.99594,2
2012-03-28 03:05:00,0.99603,0.99603,0.996,0.996,2
2012-03-28 03:11:00,0.99606,0.99606,0.99606,0.99606,1
2012-03-28 03:13:00,0.99609,0.99611,0.99608,0.99608,3
2012-03-28 03:14:00,0.99611,0.99611,0.99611,0.99611,1
2012-03-28 03:15:00,0.99611,0.99611,0.99609,0.99609,2
2012-03-28 03:16:00,0.99606,0.99609,0.99606,0.99609,2
2012-03-28 03:18:00,0.99606,0.99606,0.99603,0.99603,2
2012-03-28 03:19:00,0.99608,0.99608,0.99608,0.99608,1
2012-03-28 03:20:00,0.996,0.99606,0.996,0.99606,3
2012-03-28 03:21:00,0.99603,0.99603,0.99603,0.99603,1
2012-03-28 03:23:00,0.99609,0.99611,0.99606,0.99606,4
2012-03-28 03:24:00,0.99611,0.99611,0.99611,0.99611,1
2012-03-28 03:27:00,0.99611,0.99611,0.99609,0.99609,2
2012-03-28 03:33:00,0.99614,0.99614,0.99614,0.99614,1
2012-03-28 03:35:00,0.9962,0.9962,0.99617,0.99617,2
2012-03-28 03:37:00,0.99617,0.99617,0.99615,0.99617,3
2012-03-28 03:38:00,0.99615,0.99615,0.99615,0.99615,1
2012-03-28 03:39:00,0.996,0.99612,0.996,0.99612,7
2012-03-28 03:40:00,0.99608,0.99608,0.996,0.99603,5
2012-03-28 03:44:00,0.99609,0.99614,0.99609,0.99611,4
2012-03-28 03:45:00,0.99611,0.99611,0.99611,0.99611,1
2012-03-28 03:46:00,0.99612,0.99614,0.99612,0.99614,10
2012-03-28 03:47:00,0.99612,0.99614,0.99612,0.99614,2
2012-03-28 03:48:00,0.99609,0.99614,0.99609,0.99614,3
2012-03-28 03:50:00,0.99606,0.99606,0.99606,0.99606,1
2012-03-28 03:51:00,0.996,0.99603,0.996,0.99603,2
2012-03-28 03:52:00,0.99603,0.99603,0.99603,0.99603,1
2012-03-28 03:53:00,0.996,0.996,0.996,0.996,1
2012-03-28 03:54:00,0.99594,0.99597,0.99592,0.99597,4
2012-03-28 03:56:00,0.99592,0.99592,0.99592,0.99592,1
2012-03-28 03:57:00,0.99597,0.99597,0.99594,0.99594,2
2012-03-28 03:58:00,0.996,0.996,0.99595,0.99595,3
2012-03-28 03:59:00,0.99609,0.99611,0.99603,0.99603,5
2012-03-28 04:00:00,0.99606,0.99606,0.99597,0.99606,7
2012-03-28 04:01:00,0.99614,0.99614,0.99608,0.99608,5
2012-03-28 04:02:00,0.99611,0.99612,0.99609,0.99612,3
2012-03-28 04:04:00,0.99612,0.99617,0.99612,0.99614,4
2012-03-28 04:05:00,0.99609,0.99609,0.99609,0.99609,1
2012-03-28 04:06:00,0.99611,0.99611,0.99611,0.99611,1
2012-03-28 04:07:00,0.99615,0.99617,0.99614,0.99614,3
2012-03-28 04:09:00,0.99615,0.99617,0.99615,0.99617,2
2012-03-28 04:12:00,0.99612,0.99612,0.99612,0.99612,1
2012-03-28 04:13:00,0.99617,0.99617,0.99603,0.99609,12
2012-03-28 04:14:00,0.99617,0.99617,0.99615,0.99615,4
2012-03-28 04:15:00,0.99617,0.99617,0.99615,0.99615,4
2012-03-28 04:16:00,0.99617,0.99617,0.99615,0.99615,2
2012-03-28 04:17:00,0.99617,0.99617,0.99615,0.99615,4
2012-03-28 04:20:00,0.99623,0.99625,0.9962,0.9962,4
2012-03-28 04:21:00,0.99623,0.99625,0.99623,0.99625,2
2012-03-28 04:22:00,0.9962,0.99625,0.9962,0.9962,5
2012-03-28 04:24:00,0.9962,0.9962,0.99606,0.99617,10
2012-03-28 04:25:00,0.99615,0.99617,0.99615,0.99617,2
2012-03-28 04:26:00,0.99615,0.99617,0.99615,0.99617,2
2012-03-28 04:27:00,0.99609,0.99617,0.99609,0.99617,6
2012-03-28 04:28:00,0.99617,0.99617,0.99611,0.99611,3
2012-03-28 04:29:00,0.99612,0.99615,0.99612,0.99615,2
2012-03-28 04:30:00,0.99614,0.99614,0.99614,0.99614,1
2012-03-28 04:31:00,0.99609,0.99612,0.99609,0.99612,4
2012-03-28 04:34:00,0.99603,0.99606,0.99603,0.99606,2
2012-03-28 04:36:00,0.996,0.996,0.996,0.996,1
2012-03-28 04:37:00,0.99597,0.99597,0.99595,0.99597,5
2012-03-28 04:38:00,0.9962,0.9962,0.996,0.996,8
2012-03-28 04:39:00,0.9962,0.99623,0.9962,0.99623,2
2012-03-28 04:40:00,0.99608,0.99623,0.99606,0.99623,8
2012-03-28 04:42:00,0.996,0.99606,0.996,0.99606,3
2012-03-28 04:43:00,0.99614,0.99614,0.99603,0.99603,5
2012-03-28 04:44:00,0.99617,0.99617,0.99615,0.99617,3
2012-03-28 04:45:00,0.99609,0.99615,0.99609,0.99615,3
2012-03-28 04:47:00,0.99608,0.99608,0.99606,0.99606,2
2012-03-28 04:48:00,0.99611,0.99611,0.99611,0.99611,1
2012-03-28 04:50:00,0.99614,0.99614,0.99614,0.99614,1
2012-03-28 04:51:00,0.99628,0.99628,0.99617,0.99617,5
2012-03-28 04:52:00,0.99609,0.99626,0.99609,0.99626,7
2012-03-28 04:53:00,0.99608,0.99608,0.99606,0.99606,2
2012-03-28 04:54:00,0.9959,0.99606,0.99579,0.99606,16
2012-03-28 04:55:00,0.99593,0.99598,0.99585,0.99593,13
2012-03-28 04:57:00,0.99602,0.99604,0.99596,0.99596,11
2012-03-28 04:58:00,0.99601,0.99604,0.99593,0.99604,12
2012-03-28 04:59:00,0.99601,0.99604,0.99596,0.99604,6
2012-03-28 05:00:00,0.99596,0.99604,0.99593,0.99604,8
2012-03-28 05:01:00,0.99596,0.99601,0.99593,0.99593,6
2012-03-28 05:02:00,0.99588,0.99593,0.99588,0.99593,3
2012-03-28 05:03:00,0.99574,0.99585,0.99569,0.99585,14
2012-03-28 05:05:00,0.99575,0.99577,0.99575,0.99577,2
2012-03-28 05:06:00,0.99583,0.99586,0.99577,0.99577,7
2012-03-28 05:08:00,0.99586,0.99586,0.99586,0.99586,1
2012-03-28 05:09:00,0.99594,0.99594,0.99589,0.99589,3
2012-03-28 05:10:00,0.99597,0.99597,0.99589,0.99592,7
2012-03-28 05:11:00,0.99578,0.99595,0.99578,0.99595,7
2012-03-28 05:12:00,0.99583,0.99583,0.99575,0.99575,4
2012-03-28 05:13:00,0.99591,0.99594,0.99586,0.99586,7
2012-03-28 05:14:00,0.99586,0.99591,0.99586,0.99589,16
2012-03-28 05:17:00,0.996,0.996,0.99589,0.99589,5
2012-03-28 05:18:00,0.99595,0.996,0.99595,0.99597,4
2012-03-28 05:19:00,0.99603,0.99606,0.99597,0.99597,5
2012-03-28 05:20:00,0.996,0.996,0.99595,0.996,7
2012-03-28 05:22:00,0.996,0.99606,0.996,0.99603,6
2012-03-28 05:23:00,0.99595,0.99597,0.99595,0.99597,2
2012-03-28 05:24:00,0.99595,0.996,0.99592,0.99592,6
2012-03-28 05:25:00,0.99597,0.99597,0.99592,0.99592,3
2012-03-28 05:26:00,0.99592,0.99597,0.99589,0.99595,10
2012-03-28 05:27:00,0.99594,0.99594,0.99592,0.99594,3
2012-03-28 05:28:00,0.99592,0.99592,0.99592,0.99592,1
2012-03-28 05:29:00,0.99589,0.99589,0.99589,0.99589,1
2012-03-28 05:30:00,0.99591,0.99591,0.99591,0.99591,1
2012-03-28 05:31:00,0.99586,0.99589,0.99586,0.99589,2
2012-03-28 05:32:00,0.99589,0.99589,0.99589,0.99589,1
2012-03-28 05:33:00,0.99586,0.99586,0.99586,0.99586,1
2012-03-28 05:34:00,0.99589,0.99589,0.99589,0.99589,1
2012-03-28 05:35:00,0.996,0.996,0.99591,0.99591,4
2012-03-28 05:36:00,0.99608,0.99608,0.99603,0.99603,3
2012-03-28 05:37:00,0.99597,0.99606,0.99597,0.99606,4
2012-03-28 05:38:00,0.99586,0.996,0.99586,0.996,6
2012-03-28 05:39:00,0.99592,0.99594,0.99589,0.99589,4
2012-03-28 05:40:00,0.99583,0.99589,0.99566,0.99589,25
2012-03-28 05:41:00,0.99586,0.99591,0.99586,0.99586,11
2012-03-28 05:42:00,0.99589,0.99589,0.99583,0.99583,3
2012-03-28 05:43:00,0.99589,0.99591,0.99589,0.99591,2
2012-03-28 05:45:00,0.99591,0.99591,0.99589,0.99591,5
2012-03-28 05:46:00,0.996,0.996,0.99594,0.99594,5
2012-03-28 05:47:00,0.99595,0.99597,0.99595,0.99597,2
2012-03-28 05:48:00,0.99595,0.99597,0.99595,0.99597,4
2012-03-28 05:49:00,0.99592,0.99597,0.99592,0.99597,5
2012-03-28 05:50:00,0.99586,0.99589,0.99586,0.99589,2
2012-03-28 05:51:00,0.996,0.996,0.99589,0.99589,5
2012-03-28 05:52:00,0.99589,0.99597,0.99589,0.99597,4
2012-03-28 05:53:00,0.99577,0.99586,0.99575,0.99586,6
2012-03-28 05:54:00,0.9958,0.99586,0.9958,0.9958,5
2012-03-28 05:55:00,0.99594,0.99594,0.99575,0.99578,9
2012-03-28 05:56:00,0.99603,0.99603,0.99597,0.99597,3
2012-03-28 05:57:00,0.9962,0.9962,0.99606,0.99606,10
2012-03-28 05:58:00,0.99625,0.99625,0.99623,0.99623,2
2012-03-28 05:59:00,0.99609,0.99625,0.99609,0.99623,10
2012-03-28 06:00:00,0.996,0.99617,0.996,0.99611,11
2012-03-28 06:01:00,0.99581,0.99603,0.99576,0.99603,26
2012-03-28 06:02:00,0.99571,0.99584,0.99568,0.99584,38
2012-03-28 06:03:00,0.99562,0.99568,0.99559,0.99568,11
2012-03-28 06:04:00,0.99559,0.99562,0.99556,0.99559,19
2012-03-28 06:05:00,0.99568,0.99573,0.99548,0.99562,27
2012-03-28 06:06:00,0.99568,0.9957,0.99568,0.9957,2
2012-03-28 06:07:00,0.99573,0.99573,0.99568,0.9957,10
2012-03-28 06:08:00,0.9957,0.99571,0.99568,0.99571,7
2012-03-28 06:09:00,0.99587,0.99587,0.99568,0.99568,8
2012-03-28 06:10:00,0.99579,0.99585,0.99579,0.99585,3
2012-03-28 06:11:00,0.99568,0.99576,0.99568,0.99576,4
2012-03-28 06:12:00,0.99576,0.99581,0.9957,0.9957,7
2012-03-28 06:13:00,0.99576,0.99581,0.99573,0.99573,6
2012-03-28 06:14:00,0.99571,0.99579,0.99571,0.99579,8
2012-03-28 06:15:00,0.99568,0.99573,0.99568,0.99573,3
2012-03-28 06:16:00,0.99567,0.99567,0.99565,0.99565,2
2012-03-28 06:17:00,0.99579,0.99581,0.99565,0.99565,8
2012-03-28 06:18:00,0.99581,0.99581,0.99573,0.99581,7
2012-03-28 06:19:00,0.99579,0.9959,0.99579,0.99584,19
2012-03-28 06:20:00,0.99584,0.99584,0.99581,0.99581,2
2012-03-28 06:21:00,0.99598,0.99601,0.99587,0.99587,17
2012-03-28 06:22:00,0.99601,0.99601,0.99593,0.99596,5
2012-03-28 06:23:00,0.99596,0.99599,0.99596,0.99599,2
2012-03-28 06:24:00,0.99602,0.99604,0.99593,0.99593,8
2012-03-28 06:25:00,0.99593,0.99599,0.99593,0.99599,3
2012-03-28 06:27:00,0.99601,0.9961,0.99596,0.99596,11
2012-03-28 06:28:00,0.99588,0.99599,0.99588,0.99599,7
2012-03-28 06:29:00,0.99599,0.99601,0.99585,0.99585,8
2012-03-28 06:30:00,0.99601,0.99601,0.99599,0.99601,3
2012-03-28 06:31:00,0.99588,0.99599,0.99588,0.99599,9
2012-03-28 06:32:00,0.99628,0.99628,0.9959,0.9959,17
2012-03-28 06:33:00,0.99628,0.99636,0.99626,0.99626,10
2012-03-28 06:34:00,0.99637,0.99642,0.99631,0.99631,9
2012-03-28 06:35:00,0.99628,0.99634,0.99628,0.99634,3
2012-03-28 06:36:00,0.99634,0.99634,0.99631,0.99631,2
2012-03-28 06:37:00,0.99643,0.99648,0.99636,0.99636,9
2012-03-28 06:38:00,0.99642,0.99642,0.9964,0.9964,2
2012-03-28 06:39:00,0.99628,0.9964,0.99623,0.9964,13
2012-03-28 06:40:00,0.99619,0.99631,0.99617,0.99631,15
2012-03-28 06:41:00,0.99617,0.99617,0.99609,0.99617,21
2012-03-28 06:42:00,0.99631,0.99631,0.99619,0.99619,5
2012-03-28 06:43:00,0.99614,0.99628,0.99609,0.99628,16
2012-03-28 06:44:00,0.99625,0.99625,0.99614,0.99617,10
2012-03-28 06:46:00,0.99631,0.99631,0.99628,0.99628,2
2012-03-28 06:47:00,0.99622,0.99628,0.9962,0.99628,9
2012-03-28 06:48:00,0.99619,0.9962,0.99617,0.9962,3
2012-03-28 06:49:00,0.99622,0.99622,0.99617,0.99617,3
2012-03-28 06:50:00,0.99636,0.99636,0.99625,0.99625,7
2012-03-28 06:51:00,0.99631,0.99634,0.99626,0.99634,6
2012-03-28 06:52:00,0.99625,0.99628,0.9962,0.99628,8
2012-03-28 06:53:00,0.9962,0.99631,0.99617,0.99623,20
2012-03-28 06:54:00,0.99636,0.99636,0.9962,0.99622,8
2012-03-28 06:55:00,0.99631,0.99639,0.99631,0.99639,6
2012-03-28 06:56:00,0.99622,0.99628,0.9962,0.99628,5
2012-03-28 06:57:00,0.99639,0.99639,0.99623,0.99625,10
2012-03-28 06:58:00,0.99637,0.99639,0.99634,0.99637,11
2012-03-28 06:59:00,0.99639,0.99639,0.99631,0.99634,5
2012-03-28 07:00:00,0.99634,0.99637,0.99634,0.99637,6
2012-03-28 07:01:00,0.99628,0.99634,0.99628,0.99631,8
2012-03-28 07:02:00,0.99611,0.99626,0.996,0.99626,24
2012-03-28 07:03:00,0.99576,0.99609,0.99567,0.99609,33
2012-03-28 07:04:00,0.9957,0.99578,0.99565,0.99573,24
2012-03-28 07:05:00,0.99558,0.99567,0.99553,0.99567,18
2012-03-28 07:06:00,0.99559,0.99561,0.9955,0.99556,8
2012-03-28 07:07:00,0.99576,0.99581,0.99561,0.99561,12
2012-03-28 07:08:00,0.9956,0.99584,0.99555,0.99578,25
2012-03-28 07:09:00,0.99577,0.99577,0.99557,0.99557,14
2012-03-28 07:10:00,0.99588,0.99588,0.99577,0.9958,6
2012-03-28 07:11:00,0.99592,0.99597,0.99586,0.99591,13
2012-03-28 07:12:00,0.99603,0.99608,0.99589,0.99589,26
2012-03-28 07:13:00,0.99608,0.99608,0.99592,0.996,14
2012-03-28 07:14:00,0.99597,0.99606,0.99586,0.99606,14
2012-03-28 07:15:00,0.9962,0.99628,0.996,0.996,22
2012-03-28 07:16:00,0.99617,0.99617,0.99606,0.99617,15
2012-03-28 07:17:00,0.99614,0.99617,0.99597,0.99614,21
2012-03-28 07:18:00,0.99592,0.99617,0.99592,0.99617,10
2012-03-28 07:19:00,0.9958,0.99594,0.9958,0.99589,16
2012-03-28 07:20:00,0.99558,0.99583,0.99556,0.99583,21
2012-03-28 07:21:00,0.99573,0.99573,0.99548,0.99561,43
2012-03-28 07:22:00,0.99584,0.99584,0.99573,0.99575,14
2012-03-28 07:23:00,0.9957,0.99587,0.9957,0.99582,21
2012-03-28 07:24:00,0.99575,0.99584,0.9957,0.99573,18
2012-03-28 07:25:00,0.99565,0.99573,0.99565,0.99573,12
2012-03-28 07:26:00,0.9957,0.9957,0.99567,0.99567,2
2012-03-28 07:27:00,0.99565,0.99578,0.99565,0.99573,14
2012-03-28 07:28:00,0.99548,0.99562,0.99548,0.99562,6
2012-03-28 07:29:00,0.99558,0.99564,0.9955,0.9955,20
2012-03-28 07:30:00,0.99567,0.99567,0.99539,0.99556,25
2012-03-28 07:31:00,0.9957,0.99578,0.99565,0.9957,21
2012-03-28 07:32:00,0.99576,0.9959,0.99562,0.99567,22
2012-03-28 07:33:00,0.99587,0.99587,0.99565,0.99573,14
2012-03-28 07:34:00,0.99579,0.99584,0.99579,0.99584,5
2012-03-28 07:35:00,0.9957,0.99578,0.99565,0.99576,15
2012-03-28 07:36:00,0.9955,0.99567,0.9955,0.99567,7
2012-03-28 07:37:00,0.99556,0.99561,0.99548,0.99548,10
2012-03-28 07:38:00,0.9955,0.99558,0.99539,0.99553,28
2012-03-28 07:39:00,0.99556,0.99556,0.99545,0.99548,14
2012-03-28 07:40:00,0.99556,0.99558,0.99548,0.99553,12
2012-03-28 07:41:00,0.99539,0.99553,0.99533,0.99553,14
2012-03-28 07:42:00,0.99533,0.99541,0.99525,0.99536,18
2012-03-28 07:43:00,0.99553,0.99553,0.99536,0.99536,9
2012-03-28 07:44:00,0.99556,0.99558,0.99553,0.99556,9
2012-03-28 07:45:00,0.9955,0.99553,0.99542,0.99553,8
2012-03-28 07:46:00,0.99558,0.99558,0.99553,0.99553,3
2012-03-28 07:47:00,0.99539,0.99556,0.99531,0.99556,13
2012-03-28 07:48:00,0.99542,0.99544,0.99531,0.99536,21
2012-03-28 07:49:00,0.99559,0.99561,0.99539,0.99539,16
2012-03-28 07:50:00,0.99541,0.99561,0.99539,0.99561,22
2012-03-28 07:51:00,0.99539,0.99547,0.99536,0.99539,11
2012-03-28 07:52:00,0.99558,0.99558,0.99539,0.99541,15
2012-03-28 07:53:00,0.99531,0.99558,0.99528,0.99556,20
2012-03-28 07:54:00,0.99507,0.99528,0.99502,0.99528,20
2012-03-28 07:55:00,0.99494,0.9951,0.99494,0.9951,15
2012-03-28 07:56:00,0.99493,0.99493,0.99488,0.99491,4
2012-03-28 07:57:00,0.99493,0.99493,0.99488,0.99491,4
2012-03-28 07:58:00,0.9951,0.99516,0.99494,0.99496,16
2012-03-28 07:59:00,0.99522,0.99522,0.99513,0.99513,4
2012-03-28 08:00:00,0.99533,0.99533,0.99519,0.99524,16
2012-03-28 08:01:00,0.99547,0.99547,0.99536,0.99536,15
2012-03-28 08:02:00,0.99582,0.99587,0.9955,0.9955,18
2012-03-28 08:03:00,0.99573,0.99579,0.99573,0.99579,7
2012-03-28 08:04:00,0.99567,0.9957,0.99559,0.9957,10
2012-03-28 08:05:00,0.99584,0.99584,0.99556,0.99565,16
2012-03-28 08:06:00,0.99579,0.99582,0.99579,0.99582,2
2012-03-28 08:07:00,0.99581,0.99581,0.99581,0.99581,1
2012-03-28 08:08:00,0.9961,0.9961,0.99579,0.99579,14
2012-03-28 08:09:00,0.99589,0.99607,0.99589,0.99607,11
2012-03-28 08:10:00,0.9958,0.99591,0.9958,0.99586,10
2012-03-28 08:11:00,0.99562,0.99577,0.99562,0.99577,12
2012-03-28 08:12:00,0.9955,0.99559,0.99522,0.99559,32
2012-03-28 08:13:00,0.99536,0.99548,0.99531,0.99548,11
2012-03-28 08:14:00,0.99558,0.99558,0.9953,0.99539,20
2012-03-28 08:15:00,0.99541,0.99556,0.99539,0.99556,10
2012-03-28 08:16:00,0.9955,0.99558,0.99544,0.99544,13
2012-03-28 08:17:00,0.99553,0.99553,0.99545,0.99548,7
2012-03-28 08:18:00,0.99541,0.9955,0.99531,0.9955,20
2012-03-28 08:19:00,0.9955,0.9955,0.99544,0.99544,3
2012-03-28 08:20:00,0.99539,0.99553,0.99539,0.99553,12
2012-03-28 08:21:00,0.9955,0.9955,0.99536,0.99536,8
2012-03-28 08:22:00,0.99539,0.99553,0.99539,0.99553,18
2012-03-28 08:23:00,0.99522,0.99541,0.99522,0.99541,22
2012-03-28 08:24:00,0.99539,0.99544,0.99524,0.99524,22
2012-03-28 08:25:00,0.99564,0.99564,0.99541,0.99541,15
2012-03-28 08:26:00,0.9955,0.99562,0.9955,0.99562,7
2012-03-28 08:27:00,0.99533,0.99548,0.99531,0.99548,14
2012-03-28 08:28:00,0.99542,0.99544,0.99536,0.99536,9
2012-03-28 08:29:00,0.99562,0.99564,0.99542,0.99544,11
2012-03-28 08:30:00,0.99581,0.99581,0.99564,0.99564,15
2012-03-28 08:31:00,0.99573,0.99579,0.99573,0.99579,7
2012-03-28 08:32:00,0.9959,0.9959,0.9957,0.9957,16
2012-03-28 08:33:00,0.99621,0.99624,0.99593,0.99593,25
2012-03-28 08:34:00,0.99621,0.99624,0.99618,0.99618,8
2012-03-28 08:35:00,0.99624,0.99624,0.99621,0.99624,3
2012-03-28 08:36:00,0.9963,0.99646,0.99627,0.99627,20
2012-03-28 08:37:00,0.99621,0.99632,0.99621,0.99632,9
2012-03-28 08:38:00,0.99621,0.99621,0.99618,0.99618,2
2012-03-28 08:39:00,0.9961,0.99618,0.99607,0.99618,12
2012-03-28 08:40:00,0.99618,0.99618,0.99607,0.99612,17
2012-03-28 08:41:00,0.9961,0.99616,0.9961,0.99616,3
2012-03-28 08:42:00,0.9961,0.99618,0.9961,0.99612,14
2012-03-28 08:43:00,0.99618,0.99618,0.99607,0.99607,5
2012-03-28 08:44:00,0.9963,0.99632,0.99621,0.99621,8
2012-03-28 08:45:00,0.99641,0.99646,0.99632,0.99632,14
2012-03-28 08:46:00,0.9963,0.99641,0.9963,0.99638,22
2012-03-28 08:47:00,0.99632,0.99632,0.99624,0.99627,9
2012-03-28 08:48:00,0.99638,0.99638,0.9963,0.9963,4
2012-03-28 08:49:00,0.99635,0.99638,0.9963,0.99635,11
2012-03-28 08:50:00,0.99641,0.99646,0.99635,0.99638,8
2012-03-28 08:51:00,0.99633,0.99638,0.99627,0.99638,15
2012-03-28 08:52:00,0.99652,0.99658,0.99635,0.99635,19
2012-03-28 08:53:00,0.99661,0.99666,0.9965,0.99655,17
2012-03-28 08:54:00,0.99669,0.99669,0.99661,0.99663,23
2012-03-28 08:55:00,0.99709,0.99709,0.99672,0.99672,18
2012-03-28 08:56:00,0.99717,0.9974,0.99709,0.99712,53
2012-03-28 08:57:00,0.99712,0.99717,0.99698,0.99715,24
2012-03-28 08:58:00,0.9972,0.99723,0.99715,0.99715,9
2012-03-28 08:59:00,0.99709,0.99718,0.99701,0.99718,18
2012-03-28 09:00:00,0.99701,0.99709,0.99701,0.99706,11
2012-03-28 09:01:00,0.99701,0.99703,0.99701,0.99703,2
2012-03-28 09:02:00,0.99715,0.99723,0.99698,0.99703,39
2012-03-28 09:03:00,0.99729,0.99734,0.99717,0.99717,33
2012-03-28 09:04:00,0.99742,0.99754,0.99726,0.99732,33
2012-03-28 09:05:00,0.99767,0.99767,0.99744,0.99744,17
2012-03-28 09:06:00,0.99759,0.99765,0.99759,0.99765,3
2012-03-28 09:07:00,0.99764,0.99764,0.99745,0.99761,18
2012-03-28 09:08:00,0.99752,0.99773,0.99752,0.99767,16
2012-03-28 09:09:00,0.99751,0.99763,0.99749,0.99754,16
2012-03-28 09:10:00,0.99732,0.99749,0.99732,0.99749,7
2012-03-28 09:11:00,0.99735,0.99737,0.99721,0.99729,19
2012-03-28 09:12:00,0.99729,0.9974,0.99726,0.99737,10
2012-03-28 09:13:00,0.99738,0.99749,0.99726,0.99726,13
2012-03-28 09:14:00,0.99734,0.99743,0.99729,0.9974,13
2012-03-28 09:15:00,0.99757,0.99757,0.99737,0.99737,10
2012-03-28 09:16:00,0.99757,0.99757,0.99755,0.99755,2
2012-03-28 09:17:00,0.99755,0.9976,0.99749,0.9976,9
2012-03-28 09:18:00,0.99746,0.99754,0.99746,0.99752,13
2012-03-28 09:19:00,0.99749,0.99749,0.99749,0.99749,1
2012-03-28 09:20:00,0.99746,0.99754,0.99746,0.99751,7
2012-03-28 09:21:00,0.99735,0.99749,0.99735,0.99749,8
2012-03-28 09:22:00,0.99732,0.99734,0.99729,0.99732,5
2012-03-28 09:23:00,0.9974,0.99743,0.99729,0.99729,9
2012-03-28 09:24:00,0.99729,0.99754,0.99729,0.99743,16
2012-03-28 09:25:00,0.99709,0.99726,0.99709,0.99726,13
2012-03-28 09:26:00,0.99704,0.99712,0.99704,0.99712,6
2012-03-28 09:27:00,0.99709,0.99709,0.99701,0.99701,4
2012-03-28 09:28:00,0.99687,0.99712,0.99687,0.99712,10
2012-03-28 09:29:00,0.9968,0.99689,0.99678,0.99689,10
2012-03-28 09:30:00,0.99692,0.99697,0.99683,0.99683,8
2012-03-28 09:31:00,0.99709,0.99712,0.99695,0.99695,18
2012-03-28 09:32:00,0.99701,0.99717,0.99701,0.99712,17
2012-03-28 09:33:00,0.99701,0.99712,0.99701,0.99703,12
2012-03-28 09:34:00,0.99706,0.99709,0.99703,0.99703,4
2012-03-28 09:35:00,0.99689,0.99709,0.99689,0.99709,22
2012-03-28 09:36:00,0.9967,0.99687,0.9967,0.99687,7
2012-03-28 09:37:00,0.99649,0.99667,0.99641,0.99667,13
2012-03-28 09:38:00,0.99653,0.99655,0.99647,0.99647,5
2012-03-28 09:39:00,0.99647,0.9965,0.99647,0.9965,2
2012-03-28 09:40:00,0.99635,0.99655,0.99635,0.99649,18
2012-03-28 09:41:00,0.99646,0.99649,0.99638,0.99638,20
2012-03-28 09:42:00,0.99655,0.99655,0.99647,0.99649,9
2012-03-28 09:43:00,0.99667,0.9968,0.99658,0.99658,16
2012-03-28 09:44:00,0.99672,0.99675,0.99653,0.99664,14
2012-03-28 09:45:00,0.9967,0.9967,0.9967,0.9967,1
2012-03-28 09:46:00,0.99667,0.99669,0.99658,0.99667,13
2012-03-28 09:47:00,0.99664,0.99675,0.99658,0.99669,13
2012-03-28 09:48:00,0.99658,0.99663,0.99655,0.99661,10
2012-03-28 09:49:00,0.99641,0.99658,0.99641,0.99655,8
2012-03-28 09:50:00,0.99647,0.99649,0.99641,0.99644,8
2012-03-28 09:51:00,0.99644,0.99655,0.99644,0.99649,9
2012-03-28 09:53:00,0.99664,0.99666,0.99646,0.99646,9
2012-03-28 09:54:00,0.99675,0.99678,0.99666,0.99666,12
2012-03-28 09:55:00,0.99667,0.99672,0.99664,0.99672,7
2012-03-28 09:56:00,0.99649,0.99664,0.99641,0.99664,16
2012-03-28 09:57:00,0.99666,0.99666,0.9965,0.99652,10
2012-03-28 09:58:00,0.99672,0.99675,0.99664,0.99664,6
2012-03-28 10:00:00,0.99695,0.99697,0.99672,0.99675,12
2012-03-28 10:01:00,0.99718,0.9972,0.99697,0.99697,22
2012-03-28 10:02:00,0.99715,0.99717,0.99709,0.99715,9
2012-03-28 10:03:00,0.99747,0.99747,0.99717,0.99717,29
2012-03-28 10:04:00,0.9977,0.99773,0.9975,0.9975,30
2012-03-28 10:05:00,0.99767,0.99773,0.99759,0.99767,29
2012-03-28 10:06:00,0.99758,0.99765,0.99748,0.99765,13
2012-03-28 10:07:00,0.99756,0.99767,0.99753,0.99761,15
2012-03-28 10:08:00,0.9975,0.99764,0.9975,0.99758,24
2012-03-28 10:09:00,0.99736,0.99748,0.99731,0.99748,21
2012-03-28 10:10:00,0.99727,0.99733,0.99725,0.99733,7
2012-03-28 10:11:00,0.99708,0.99727,0.99708,0.99725,21
2012-03-28 10:12:00,0.99727,0.99736,0.9971,0.9971,17
2012-03-28 10:13:00,0.99728,0.99753,0.99728,0.9973,26
2012-03-28 10:14:00,0.99705,0.99739,0.99702,0.9973,28
2012-03-28 10:15:00,0.99673,0.99702,0.99671,0.99702,23
2012-03-28 10:16:00,0.99645,0.99676,0.99643,0.99676,20
2012-03-28 10:17:00,0.99643,0.99645,0.99634,0.99643,13
2012-03-28 10:18:00,0.99639,0.99648,0.99637,0.99645,15
2012-03-28 10:19:00,0.99648,0.99648,0.99637,0.99637,7
2012-03-28 10:20:00,0.99673,0.99673,0.99651,0.99651,11
2012-03-28 10:21:00,0.99673,0.99673,0.99668,0.99671,4
2012-03-28 10:22:00,0.99679,0.99679,0.99676,0.99676,6
2012-03-28 10:23:00,0.99682,0.99682,0.99674,0.99677,5
2012-03-28 10:24:00,0.99696,0.99702,0.99677,0.99679,19
2012-03-28 10:25:00,0.99679,0.99694,0.99674,0.99694,16
2012-03-28 10:26:00,0.99679,0.99685,0.99679,0.99682,4
2012-03-28 10:27:00,0.99668,0.99677,0.99668,0.99677,10
2012-03-28 10:28:00,0.9966,0.99671,0.9966,0.99671,5
2012-03-28 10:29:00,0.99637,0.99662,0.99637,0.99662,10
2012-03-28 10:30:00,0.9962,0.99634,0.9962,0.99634,8
2012-03-28 10:31:00,0.99639,0.99639,0.99617,0.99617,23
2012-03-28 10:32:00,0.99662,0.99665,0.99637,0.99637,12
2012-03-28 10:33:00,0.99668,0.99673,0.99665,0.99665,8
2012-03-28 10:34:00,0.99668,0.99668,0.99665,0.99665,2
2012-03-28 10:35:00,0.9966,0.99673,0.9966,0.99671,11
2012-03-28 10:36:00,0.99668,0.99668,0.99662,0.99662,3
2012-03-28 10:38:00,0.99671,0.99671,0.9966,0.99665,11
2012-03-28 10:39:00,0.99671,0.99676,0.99668,0.99673,8
2012-03-28 10:40:00,0.99676,0.99676,0.99671,0.99673,12
2012-03-28 10:41:00,0.99662,0.99674,0.9966,0.99674,7
2012-03-28 10:42:00,0.99668,0.99668,0.99662,0.99665,8
2012-03-28 10:43:00,0.99668,0.99668,0.99648,0.99665,14
2012-03-28 10:44:00,0.99676,0.99676,0.9966,0.99665,11
2012-03-28 10:45:00,0.99679,0.99682,0.99671,0.99674,9
2012-03-28 10:46:00,0.99688,0.9969,0.99674,0.99677,11
2012-03-28 10:47:00,0.99688,0.9969,0.99685,0.9969,4
2012-03-28 10:48:00,0.99685,0.99685,0.99679,0.99685,5
2012-03-28 10:49:00,0.99688,0.99688,0.99682,0.99682,3
2012-03-28 10:50:00,0.99679,0.99685,0.99679,0.99685,3
2012-03-28 10:51:00,0.99676,0.99677,0.99668,0.99677,11
2012-03-28 10:52:00,0.99668,0.99674,0.99668,0.99674,3
2012-03-28 10:53:00,0.9966,0.99673,0.9966,0.99671,7
2012-03-28 10:54:00,0.99648,0.99657,0.99645,0.99657,6
2012-03-28 10:55:00,0.99651,0.99656,0.99651,0.99651,5
2012-03-28 10:56:00,0.9964,0.99648,0.9964,0.99648,6
2012-03-28 10:57:00,0.99639,0.99639,0.99637,0.99637,2
2012-03-28 10:58:00,0.99637,0.99648,0.99637,0.99642,17
2012-03-28 10:59:00,0.99648,0.99651,0.99631,0.99634,14
2012-03-28 11:00:00,0.99651,0.99651,0.99637,0.99645,21
2012-03-28 11:01:00,0.99651,0.99656,0.99648,0.99654,8
2012-03-28 11:02:00,0.99648,0.99651,0.99648,0.99648,3
2012-03-28 11:03:00,0.99637,0.99645,0.99637,0.99645,4
2012-03-28 11:04:00,0.99636,0.99636,0.99631,0.99634,6
2012-03-28 11:05:00,0.99631,0.99642,0.99626,0.99634,18
2012-03-28 11:06:00,0.99625,0.99628,0.99617,0.99628,14
2012-03-28 11:07:00,0.99619,0.99623,0.99614,0.99623,12
2012-03-28 11:08:00,0.9962,0.99625,0.99611,0.99617,18
2012-03-28 11:09:00,0.99622,0.99622,0.99617,0.99617,5
2012-03-28 11:10:00,0.99612,0.99625,0.9961,0.99625,9
2012-03-28 11:11:00,0.99615,0.99618,0.9961,0.99615,7
2012-03-28 11:12:00,0.99573,0.99613,0.9957,0.99613,23
2012-03-28 11:13:00,0.99567,0.99575,0.99562,0.99575,14
2012-03-28 11:14:00,0.99575,0.99575,0.99567,0.9957,7
2012-03-28 11:15:00,0.99564,0.99587,0.99559,0.99578,20
2012-03-28 11:16:00,0.99579,0.99581,0.99567,0.99567,9
2012-03-28 11:17:00,0.99579,0.99587,0.99579,0.99581,10
2012-03-28 11:18:00,0.9959,0.9959,0.9957,0.99576,18
2012-03-28 11:19:00,0.99593,0.99593,0.99587,0.99587,5
2012-03-28 11:20:00,0.99596,0.99604,0.99595,0.99595,7
2012-03-28 11:21:00,0.99595,0.99595,0.99587,0.99593,8
2012-03-28 11:22:00,0.9959,0.99593,0.9959,0.99593,2
2012-03-28 11:23:00,0.99579,0.9959,0.99579,0.99587,6
2012-03-28 11:24:00,0.99579,0.99584,0.99579,0.99581,4
2012-03-28 11:25:00,0.99582,0.9959,0.99581,0.99581,7
2012-03-28 11:26:00,0.99558,0.99579,0.9955,0.99579,22
2012-03-28 11:27:00,0.99553,0.99558,0.99553,0.99556,6
2012-03-28 11:28:00,0.99556,0.99558,0.99553,0.99556,5
2012-03-28 11:29:00,0.99587,0.99587,0.99558,0.99558,11
2012-03-28 11:30:00,0.99531,0.99584,0.99531,0.99584,32
2012-03-28 11:31:00,0.99553,0.99553,0.99531,0.99533,20
2012-03-28 11:32:00,0.99533,0.99558,0.99528,0.99556,35
2012-03-28 11:33:00,0.99544,0.99544,0.99536,0.99536,4
2012-03-28 11:34:00,0.9955,0.99553,0.99545,0.99547,10
2012-03-28 11:35:00,0.99542,0.99548,0.99542,0.99548,3
2012-03-28 11:36:00,0.99542,0.99544,0.99542,0.99544,2
2012-03-28 11:37:00,0.99553,0.99553,0.99531,0.99539,16
2012-03-28 11:39:00,0.99553,0.99561,0.99553,0.99556,12
2012-03-28 11:40:00,0.99561,0.99564,0.99556,0.99556,11
2012-03-28 11:41:00,0.99587,0.99587,0.99564,0.99564,9
2012-03-28 11:42:00,0.99587,0.99587,0.99576,0.99584,10
2012-03-28 11:43:00,0.99576,0.99587,0.99576,0.99584,8
2012-03-28 11:44:00,0.99582,0.99587,0.99578,0.99578,8
2012-03-28 11:45:00,0.99587,0.99587,0.99584,0.99584,6
2012-03-28 11:46:00,0.9959,0.9959,0.99587,0.9959,5
2012-03-28 11:47:00,0.99587,0.99587,0.99587,0.99587,1
2012-03-28 11:48:00,0.9959,0.9959,0.9959,0.9959,1
2012-03-28 11:50:00,0.99595,0.99595,0.99593,0.99593,8
2012-03-28 11:51:00,0.99596,0.99598,0.99596,0.99598,2
2012-03-28 11:52:00,0.9959,0.99595,0.99587,0.99593,14
2012-03-28 11:53:00,0.9961,0.9961,0.99582,0.99593,15
2012-03-28 11:54:00,0.99601,0.99618,0.99601,0.99612,13
2012-03-28 11:55:00,0.9961,0.99612,0.99604,0.99604,9
2012-03-28 11:56:00,0.99615,0.99615,0.9961,0.99612,4
2012-03-28 11:57:00,0.99627,0.99627,0.99618,0.99618,4
2012-03-28 11:58:00,0.99621,0.99624,0.9961,0.99624,14
2012-03-28 11:59:00,0.99624,0.99627,0.99607,0.99618,15
2012-03-28 12:00:00,0.99601,0.99629,0.99596,0.99621,36
2012-03-28 12:01:00,0.9959,0.9961,0.9959,0.99604,14
2012-03-28 12:02:00,0.99593,0.99595,0.99587,0.99593,11
2012-03-28 12:03:00,0.99604,0.99604,0.99595,0.99595,6
2012-03-28 12:04:00,0.99627,0.99627,0.99607,0.99607,18
2012-03-28 12:05:00,0.99621,0.99627,0.99621,0.99624,6
2012-03-28 12:06:00,0.9961,0.99624,0.99604,0.99618,18
2012-03-28 12:07:00,0.99618,0.99621,0.99612,0.99612,17
2012-03-28 12:08:00,0.99613,0.99616,0.99604,0.99616,14
2012-03-28 12:09:00,0.99604,0.99618,0.99599,0.9961,31
2012-03-28 12:10:00,0.99624,0.99624,0.99607,0.99607,23
2012-03-28 12:11:00,0.99621,0.99624,0.99621,0.99621,5
2012-03-28 12:12:00,0.99637,0.99642,0.99624,0.99624,13
2012-03-28 12:13:00,0.99631,0.99648,0.99631,0.99639,22
2012-03-28 12:14:00,0.99645,0.99648,0.99634,0.99634,13
2012-03-28 12:15:00,0.99643,0.99648,0.99643,0.99648,5
2012-03-28 12:16:00,0.99671,0.99673,0.99643,0.99645,24
2012-03-28 12:17:00,0.99665,0.99671,0.99665,0.99668,4
2012-03-28 12:18:00,0.99656,0.99676,0.99654,0.99662,15
2012-03-28 12:19:00,0.99643,0.99659,0.99643,0.99659,13
2012-03-28 12:20:00,0.99651,0.99659,0.99645,0.99645,15
2012-03-28 12:21:00,0.99617,0.99648,0.99614,0.99648,26
2012-03-28 12:22:00,0.99606,0.99619,0.99603,0.99614,16
2012-03-28 12:23:00,0.99591,0.99605,0.99586,0.99603,17
2012-03-28 12:24:00,0.9958,0.99589,0.99572,0.99589,14
2012-03-28 12:25:00,0.99572,0.9958,0.99572,0.99577,5
2012-03-28 12:26:00,0.9958,0.99588,0.99574,0.99574,13
2012-03-28 12:27:00,0.99623,0.99625,0.9958,0.99583,27
2012-03-28 12:28:00,0.99606,0.99625,0.99606,0.9962,14
2012-03-28 12:29:00,0.99598,0.99611,0.9959,0.99608,24
2012-03-28 12:30:00,0.99605,0.99638,0.99592,0.99603,62
2012-03-28 12:31:00,0.99617,0.99617,0.99608,0.99608,8
2012-03-28 12:32:00,0.99651,0.99662,0.99617,0.99619,40
2012-03-28 12:33:00,0.99659,0.99659,0.99643,0.99648,13
2012-03-28 12:34:00,0.99662,0.99668,0.9966,0.99662,12
2012-03-28 12:35:00,0.9963,0.9966,0.9963,0.9966,25
2012-03-28 12:36:00,0.99636,0.99638,0.99626,0.99628,14
2012-03-28 12:37:00,0.9963,0.99634,0.99616,0.99634,16
2012-03-28 12:38:00,0.99656,0.99656,0.99634,0.99634,17
2012-03-28 12:39:00,0.9967,0.99676,0.9965,0.99654,17
2012-03-28 12:40:00,0.9967,0.99672,0.9967,0.99672,2
2012-03-28 12:41:00,0.9967,0.99676,0.99668,0.99668,16
2012-03-28 12:42:00,0.99668,0.99672,0.99668,0.99672,5
2012-03-28 12:43:00,0.99676,0.99676,0.99654,0.9967,33
2012-03-28 12:44:00,0.9965,0.99676,0.9965,0.99674,17
2012-03-28 12:45:00,0.9965,0.99654,0.9965,0.99654,2
2012-03-28 12:46:00,0.9964,0.99658,0.9964,0.99654,20
2012-03-28 12:47:00,0.99608,0.99636,0.99608,0.99636,13
2012-03-28 12:48:00,0.9965,0.9965,0.99596,0.99606,27
2012-03-28 12:49:00,0.99656,0.99656,0.9964,0.99648,20
2012-03-28 12:50:00,0.9964,0.99654,0.9964,0.99654,6
2012-03-28 12:51:00,0.99644,0.99654,0.99636,0.99636,21
2012-03-28 12:52:00,0.9964,0.99652,0.9964,0.9964,15
2012-03-28 12:53:00,0.9964,0.99658,0.99638,0.99638,14
2012-03-28 12:54:00,0.9964,0.99644,0.99634,0.99638,8
2012-03-28 12:55:00,0.99648,0.99648,0.99638,0.99644,19
2012-03-28 12:56:00,0.99688,0.99692,0.99646,0.99646,18
2012-03-28 12:57:00,0.99694,0.99696,0.99674,0.99692,26
2012-03-28 12:58:00,0.99706,0.99706,0.99688,0.99692,16
2012-03-28 12:59:00,0.997,0.99726,0.997,0.99708,26
2012-03-28 13:00:00,0.99708,0.9972,0.99702,0.99702,27
2012-03-28 13:01:00,0.99714,0.99716,0.99704,0.99712,22
2012-03-28 13:02:00,0.99688,0.99714,0.99688,0.99712,13
2012-03-28 13:03:00,0.99678,0.99694,0.99678,0.99692,24
2012-03-28 13:04:00,0.99674,0.99682,0.99666,0.9968,23
2012-03-28 13:05:00,0.99686,0.99692,0.99678,0.99678,14
2012-03-28 13:06:00,0.99674,0.99684,0.99654,0.99684,34
2012-03-28 13:07:00,0.99668,0.9968,0.99656,0.99672,22
2012-03-28 13:08:00,0.99648,0.99672,0.99648,0.9967,19
2012-03-28 13:09:00,0.996,0.99644,0.99594,0.99644,35
2012-03-28 13:10:00,0.996,0.99608,0.99596,0.99596,18
2012-03-28 13:11:00,0.996,0.99602,0.99596,0.99602,10
2012-03-28 13:12:00,0.99614,0.99614,0.996,0.99602,19
2012-03-28 13:13:00,0.99602,0.9961,0.99602,0.9961,6
2012-03-28 13:14:00,0.99618,0.99618,0.99604,0.99604,14
2012-03-28 13:15:00,0.9963,0.99636,0.99616,0.99616,22
2012-03-28 13:16:00,0.996,0.99628,0.99598,0.99628,16
2012-03-28 13:17:00,0.99604,0.99612,0.996,0.99604,15
2012-03-28 13:18:00,0.99606,0.99612,0.9959,0.99606,19
2012-03-28 13:19:00,0.99616,0.99616,0.996,0.99604,11
2012-03-28 13:20:00,0.99608,0.99622,0.99606,0.99618,13
2012-03-28 13:21:00,0.99596,0.99606,0.99588,0.99606,14
2012-03-28 13:22:00,0.99604,0.99604,0.99596,0.996,6
2012-03-28 13:23:00,0.99604,0.99606,0.99598,0.99606,12
2012-03-28 13:24:00,0.99598,0.99612,0.99598,0.99606,18
2012-03-28 13:25:00,0.99614,0.99626,0.996,0.996,26
2012-03-28 13:26:00,0.9959,0.99612,0.99586,0.99612,13
2012-03-28 13:27:00,0.99598,0.99598,0.99592,0.99592,7
2012-03-28 13:28:00,0.99586,0.996,0.99586,0.996,18
2012-03-28 13:29:00,0.9957,0.9959,0.99558,0.9959,24
2012-03-28 13:30:00,0.99566,0.99572,0.9955,0.99566,39
2012-03-28 13:31:00,0.99558,0.99574,0.99558,0.99564,21
2012-03-28 13:32:00,0.99552,0.9956,0.99548,0.99556,36
2012-03-28 13:33:00,0.9955,0.99556,0.99546,0.99554,12
2012-03-28 13:34:00,0.99534,0.99548,0.9952,0.99548,16
2012-03-28 13:35:00,0.99536,0.9954,0.99522,0.99536,19
2012-03-28 13:36:00,0.99516,0.99534,0.99514,0.99534,19
2012-03-28 13:37:00,0.9952,0.99522,0.99506,0.99514,15
2012-03-28 13:38:00,0.9952,0.99528,0.99514,0.99522,22
2012-03-28 13:39:00,0.99528,0.99536,0.99522,0.99522,13
2012-03-28 13:40:00,0.99538,0.99546,0.99518,0.99532,31
2012-03-28 13:41:00,0.99542,0.99546,0.99532,0.9954,24
2012-03-28 13:42:00,0.99554,0.99556,0.99542,0.99546,10
2012-03-28 13:43:00,0.99588,0.99588,0.99556,0.99556,22
2012-03-28 13:44:00,0.99584,0.99586,0.99576,0.99586,11
2012-03-28 13:45:00,0.99568,0.99582,0.9956,0.99582,22
2012-03-28 13:46:00,0.9958,0.99582,0.99566,0.99566,12
2012-03-28 13:47:00,0.99566,0.99582,0.99562,0.99582,9
2012-03-28 13:48:00,0.9958,0.9958,0.99556,0.99568,21
2012-03-28 13:49:00,0.99594,0.99594,0.99576,0.99582,21
2012-03-28 13:50:00,0.9958,0.996,0.9958,0.99596,9
2012-03-28 13:51:00,0.99576,0.99576,0.99556,0.99576,21
2012-03-28 13:52:00,0.9958,0.99584,0.99572,0.99574,22
2012-03-28 13:53:00,0.99578,0.99586,0.99564,0.99584,17
2012-03-28 13:54:00,0.9957,0.99576,0.99566,0.99576,5
2012-03-28 13:55:00,0.9957,0.99584,0.9957,0.99572,14
2012-03-28 13:56:00,0.99576,0.99584,0.99572,0.99572,8
2012-03-28 13:57:00,0.99582,0.99584,0.9957,0.99572,16
2012-03-28 13:58:00,0.99532,0.99578,0.99532,0.99578,27
2012-03-28 13:59:00,0.9955,0.99566,0.99524,0.9953,38
2012-03-28 14:00:00,0.99536,0.99548,0.99528,0.99548,44
2012-03-28 14:01:00,0.99528,0.99536,0.99508,0.99534,43
2012-03-28 14:02:00,0.99518,0.99528,0.99518,0.99526,16
2012-03-28 14:03:00,0.9948,0.99514,0.9947,0.99514,33
2012-03-28 14:04:00,0.99502,0.99502,0.99482,0.99482,16
2012-03-28 14:05:00,0.9952,0.99522,0.995,0.995,14
2012-03-28 14:06:00,0.99532,0.9954,0.99522,0.99522,20
2012-03-28 14:07:00,0.9952,0.99548,0.99518,0.99534,24
2012-03-28 14:08:00,0.99538,0.9954,0.9952,0.99522,24
2012-03-28 14:09:00,0.9953,0.99546,0.99518,0.9954,43
2012-03-28 14:10:00,0.9955,0.99552,0.99528,0.99528,21
2012-03-28 14:11:00,0.99548,0.99566,0.99548,0.99552,45
2012-03-28 14:12:00,0.99552,0.99558,0.9953,0.99544,25
2012-03-28 14:13:00,0.9955,0.99552,0.99542,0.9955,11
2012-03-28 14:14:00,0.9953,0.99548,0.99528,0.99548,15
2012-03-28 14:15:00,0.9959,0.9959,0.99532,0.99532,47
2012-03-28 14:16:00,0.9959,0.99594,0.99582,0.99586,22
2012-03-28 14:17:00,0.9959,0.99614,0.99586,0.99586,34
2012-03-28 14:18:00,0.99582,0.99598,0.99582,0.99592,17
2012-03-28 14:19:00,0.99582,0.99582,0.99566,0.99578,19
2012-03-28 14:20:00,0.99588,0.99596,0.99584,0.99584,10
2012-03-28 14:21:00,0.99574,0.99586,0.99568,0.99586,17
2012-03-28 14:22:00,0.99586,0.99594,0.99568,0.99572,26
2012-03-28 14:23:00,0.99594,0.99594,0.9958,0.99588,23
2012-03-28 14:24:00,0.99582,0.99596,0.99572,0.99592,18
2012-03-28 14:25:00,0.9958,0.99584,0.99576,0.99584,7
2012-03-28 14:26:00,0.99594,0.99594,0.99576,0.99582,15
2012-03-28 14:27:00,0.9963,0.99644,0.99596,0.99596,55
2012-03-28 14:28:00,0.99642,0.99644,0.99634,0.99634,34
2012-03-28 14:29:00,0.99614,0.99644,0.99614,0.9964,40
2012-03-28 14:30:00,0.9966,0.99664,0.99616,0.99616,58
2012-03-28 14:31:00,0.9969,0.99698,0.99654,0.99656,35
2012-03-28 14:32:00,0.99728,0.99732,0.9969,0.99692,39
2012-03-28 14:33:00,0.99734,0.99734,0.99714,0.99732,38
2012-03-28 14:34:00,0.99736,0.99754,0.99734,0.99736,51
2012-03-28 14:35:00,0.99782,0.99782,0.99738,0.9974,34
2012-03-28 14:36:00,0.9978,0.99802,0.99768,0.99784,51
2012-03-28 14:37:00,0.99768,0.99794,0.99768,0.99782,24
2012-03-28 14:38:00,0.99788,0.99802,0.99768,0.9977,33
2012-03-28 14:39:00,0.99788,0.99788,0.99772,0.99786,24
2012-03-28 14:40:00,0.998,0.99802,0.9978,0.99786,20
2012-03-28 14:41:00,0.99794,0.99802,0.99786,0.99802,14
2012-03-28 14:42:00,0.99802,0.99804,0.99774,0.99792,37
2012-03-28 14:43:00,0.998,0.99804,0.998,0.99804,25
2012-03-28 14:44:00,0.99768,0.99796,0.99768,0.99796,21
2012-03-28 14:45:00,0.99782,0.99784,0.99766,0.9977,27
2012-03-28 14:46:00,0.99784,0.99796,0.99776,0.9978,25
2012-03-28 14:47:00,0.99788,0.9979,0.99782,0.99782,11
2012-03-28 14:48:00,0.9976,0.9979,0.9976,0.9979,26
2012-03-28 14:49:00,0.99746,0.9976,0.99738,0.99756,40
2012-03-28 14:50:00,0.99752,0.99764,0.99728,0.99744,36
2012-03-28 14:51:00,0.99776,0.99786,0.9975,0.9975,34
2012-03-28 14:52:00,0.99758,0.99778,0.99758,0.99772,36
2012-03-28 14:53:00,0.99748,0.99758,0.99748,0.99756,10
2012-03-28 14:54:00,0.99736,0.99756,0.99736,0.9975,20
2012-03-28 14:55:00,0.99742,0.99744,0.99728,0.99732,12
2012-03-28 14:56:00,0.99746,0.99746,0.9973,0.99738,24
2012-03-28 14:57:00,0.9973,0.99746,0.99728,0.99744,16
2012-03-28 14:58:00,0.99692,0.99736,0.9969,0.99732,45
2012-03-28 14:59:00,0.9965,0.99696,0.99646,0.9969,45
2012-03-28 15:00:00,0.99654,0.99662,0.9965,0.99652,37
2012-03-28 15:01:00,0.99626,0.99658,0.9962,0.99656,28
2012-03-28 15:02:00,0.9966,0.99662,0.99622,0.99622,22
2012-03-28 15:03:00,0.99684,0.99684,0.99656,0.99656,19
2012-03-28 15:04:00,0.99696,0.99696,0.99678,0.99688,24
2012-03-28 15:05:00,0.99718,0.99718,0.99698,0.99698,34
2012-03-28 15:06:00,0.99716,0.99726,0.99716,0.99722,17
2012-03-28 15:07:00,0.99708,0.99714,0.99704,0.99714,15
2012-03-28 15:08:00,0.99698,0.99706,0.99698,0.99704,13
2012-03-28 15:09:00,0.9969,0.99704,0.99688,0.99696,13
2012-03-28 15:10:00,0.99656,0.99688,0.99656,0.99688,12
2012-03-28 15:11:00,0.99666,0.99676,0.99656,0.99658,43
2012-03-28 15:12:00,0.9965,0.99668,0.9965,0.99668,16
2012-03-28 15:13:00,0.99626,0.99654,0.99626,0.99646,36
2012-03-28 15:14:00,0.99638,0.9964,0.99618,0.99628,16
2012-03-28 15:15:00,0.9964,0.99646,0.99638,0.9964,9
2012-03-28 15:16:00,0.9964,0.99644,0.99638,0.99638,10
2012-03-28 15:17:00,0.99638,0.99648,0.99638,0.99638,9
2012-03-28 15:18:00,0.99658,0.99668,0.9964,0.9964,25
2012-03-28 15:19:00,0.99658,0.99662,0.99658,0.9966,6
2012-03-28 15:20:00,0.99658,0.99666,0.99658,0.9966,14
2012-03-28 15:21:00,0.99674,0.9968,0.9966,0.9966,16
2012-03-28 15:22:00,0.99678,0.99682,0.99678,0.99678,7
2012-03-28 15:23:00,0.99688,0.99688,0.99678,0.9968,8
2012-03-28 15:24:00,0.99692,0.99694,0.99684,0.99692,11
2012-03-28 15:25:00,0.99704,0.99708,0.99694,0.99694,10
2012-03-28 15:26:00,0.99708,0.99708,0.99698,0.99706,20
2012-03-28 15:27:00,0.99694,0.99712,0.99694,0.99712,19
2012-03-28 15:28:00,0.99682,0.99692,0.99678,0.99692,10
2012-03-28 15:29:00,0.9968,0.99688,0.99672,0.99686,13
2012-03-28 15:30:00,0.99688,0.99688,0.99678,0.99682,11
2012-03-28 15:31:00,0.99696,0.99696,0.99692,0.99692,7
2012-03-28 15:32:00,0.99688,0.99706,0.99688,0.997,21
2012-03-28 15:33:00,0.9968,0.99692,0.99678,0.99692,21
2012-03-28 15:34:00,0.99692,0.99696,0.9968,0.99682,14
2012-03-28 15:35:00,0.99714,0.99714,0.99688,0.99694,18
2012-03-28 15:36:00,0.99728,0.99732,0.99714,0.99716,17
2012-03-28 15:37:00,0.99714,0.99728,0.99708,0.99726,13
2012-03-28 15:38:00,0.99726,0.99726,0.99708,0.99716,12
2012-03-28 15:39:00,0.99712,0.99732,0.99712,0.99728,9
2012-03-28 15:40:00,0.99708,0.99716,0.99708,0.99708,13
2012-03-28 15:41:00,0.99686,0.99706,0.99686,0.99706,8
2012-03-28 15:42:00,0.99706,0.99706,0.99688,0.99688,9
2012-03-28 15:43:00,0.99734,0.99742,0.99708,0.99708,32
2012-03-28 15:44:00,0.99714,0.99734,0.99714,0.99732,13
2012-03-28 15:45:00,0.99734,0.99742,0.99716,0.99716,25
2012-03-28 15:46:00,0.99754,0.99756,0.99734,0.99736,19
2012-03-28 15:47:00,0.99766,0.99766,0.99748,0.99752,16
2012-03-28 15:48:00,0.99758,0.99768,0.99756,0.99762,12
2012-03-28 15:49:00,0.99762,0.99764,0.99748,0.99756,19
2012-03-28 15:50:00,0.99776,0.99778,0.99756,0.99758,17
2012-03-28 15:51:00,0.99798,0.99806,0.99776,0.99778,28
2012-03-28 15:52:00,0.99798,0.99812,0.99798,0.998,16
2012-03-28 15:53:00,0.99796,0.998,0.99786,0.998,17
2012-03-28 15:54:00,0.99784,0.99792,0.99778,0.99792,12
2012-03-28 15:55:00,0.99846,0.99846,0.99786,0.99786,40
2012-03-28 15:56:00,0.99844,0.99846,0.99838,0.99844,23
2012-03-28 15:57:00,0.99864,0.99874,0.9984,0.9984,35
2012-03-28 15:58:00,0.99846,0.99866,0.99838,0.99866,18
2012-03-28 15:59:00,0.99834,0.99852,0.9983,0.99848,22
2012-03-28 16:00:00,0.99844,0.99852,0.99818,0.99832,37
2012-03-28 16:01:00,0.99854,0.99854,0.9984,0.99846,18
2012-03-28 16:02:00,0.99846,0.99854,0.99846,0.99852,15
2012-03-28 16:03:00,0.99866,0.99872,0.99848,0.99848,25
2012-03-28 16:04:00,0.99838,0.99866,0.99838,0.99864,46
2012-03-28 16:05:00,0.99866,0.99866,0.9984,0.9984,16
2012-03-28 16:06:00,0.99858,0.99872,0.99858,0.99864,15
2012-03-28 16:07:00,0.99846,0.9986,0.99846,0.9986,8
2012-03-28 16:08:00,0.99846,0.99846,0.9984,0.99844,10
2012-03-28 16:09:00,0.99846,0.99852,0.99836,0.99844,20
2012-03-28 16:10:00,0.99866,0.99866,0.99844,0.99848,13
2012-03-28 16:11:00,0.99898,0.99898,0.9986,0.99864,21
2012-03-28 16:12:00,0.99946,0.99946,0.99898,0.99902,45
2012-03-28 16:13:00,0.99942,0.99956,0.99942,0.9995,16
2012-03-28 16:14:00,0.99956,0.99958,0.99938,0.99938,13
2012-03-28 16:15:00,0.9995,0.99964,0.99948,0.99958,18
2012-03-28 16:16:00,0.99848,0.99958,0.99848,0.99948,74
2012-03-28 16:17:00,0.9987,0.99876,0.9985,0.9985,28
2012-03-28 16:18:00,0.99904,0.99906,0.99864,0.99872,34
2012-03-28 16:19:00,0.99872,0.99924,0.99872,0.99906,32
2012-03-28 16:20:00,0.99854,0.9987,0.99854,0.9987,38
2012-03-28 16:21:00,0.99894,0.99898,0.99858,0.99858,20
2012-03-28 16:22:00,0.99906,0.99906,0.99898,0.99898,12
2012-03-28 16:23:00,0.99906,0.99908,0.99904,0.99908,6
2012-03-28 16:24:00,0.99914,0.99914,0.99898,0.99904,13
2012-03-28 16:25:00,0.99906,0.9992,0.99898,0.99912,21
2012-03-28 16:26:00,0.99886,0.99904,0.99884,0.99904,11
2012-03-28 16:27:00,0.99878,0.99906,0.99878,0.99884,35
2012-03-28 16:28:00,0.99884,0.99886,0.9988,0.9988,6
2012-03-28 16:29:00,0.99878,0.99882,0.99878,0.9988,10
2012-03-28 16:30:00,0.99846,0.99874,0.99846,0.99874,13
2012-03-28 16:31:00,0.99862,0.99862,0.99846,0.99848,18
2012-03-28 16:32:00,0.99874,0.99874,0.99866,0.99866,16
2012-03-28 16:33:00,0.99874,0.99874,0.99864,0.99872,12
2012-03-28 16:34:00,0.9988,0.99886,0.9987,0.99872,12
2012-03-28 16:35:00,0.99874,0.99878,0.99866,0.99878,16
2012-03-28 16:36:00,0.99878,0.99878,0.99874,0.99878,3
2012-03-28 16:37:00,0.99886,0.99886,0.9988,0.9988,7
2012-03-28 16:38:00,0.99874,0.99884,0.9987,0.99884,12
2012-03-28 16:39:00,0.99874,0.99886,0.99866,0.99872,20
2012-03-28 16:40:00,0.99858,0.99872,0.99854,0.99872,24
2012-03-28 16:41:00,0.99874,0.99874,0.99858,0.9986,14
2012-03-28 16:42:00,0.99874,0.99886,0.99866,0.99878,18
2012-03-28 16:43:00,0.9987,0.99874,0.99866,0.99872,12
2012-03-28 16:44:00,0.99868,0.99868,0.99864,0.99866,6
2012-03-28 16:45:00,0.99854,0.99866,0.99846,0.99866,11
2012-03-28 16:46:00,0.99866,0.99866,0.99852,0.99852,12
2012-03-28 16:48:00,0.99864,0.99866,0.9986,0.99864,11
2012-03-28 16:49:00,0.9987,0.99872,0.9986,0.9986,8
2012-03-28 16:50:00,0.99866,0.99874,0.99864,0.99866,19
2012-03-28 16:51:00,0.9987,0.99872,0.99868,0.99868,3
2012-03-28 16:52:00,0.99874,0.99874,0.99872,0.99872,2
2012-03-28 16:53:00,0.99874,0.99874,0.9986,0.99872,14
2012-03-28 16:54:00,0.99872,0.99874,0.9987,0.99872,5
2012-03-28 16:55:00,0.9987,0.99874,0.9987,0.99874,9
2012-03-28 16:56:00,0.99878,0.99882,0.9987,0.99872,17
2012-03-28 16:57:00,0.9986,0.99874,0.9986,0.99874,10
2012-03-28 16:58:00,0.99852,0.99866,0.9985,0.99862,9
2012-03-28 16:59:00,0.99852,0.99854,0.9985,0.99854,12
2012-03-28 17:00:00,0.99858,0.99858,0.99854,0.99854,2
2012-03-28 17:01:00,0.99852,0.99854,0.9985,0.99854,6
2012-03-28 17:02:00,0.99854,0.99854,0.99854,0.99854,1
2012-03-28 17:03:00,0.99866,0.99868,0.99858,0.99858,6
2012-03-28 17:04:00,0.99866,0.99868,0.99858,0.99868,10
2012-03-28 17:05:00,0.99878,0.99878,0.99868,0.99868,4
2012-03-28 17:06:00,0.99892,0.99894,0.9988,0.9988,19
2012-03-28 17:07:00,0.99892,0.99894,0.99888,0.99888,4
2012-03-28 17:08:00,0.99888,0.999,0.99884,0.99894,13
2012-03-28 17:09:00,0.99894,0.999,0.9988,0.99886,18
2012-03-28 17:10:00,0.999,0.999,0.99894,0.99898,6
2012-03-28 17:11:00,0.99906,0.99908,0.99902,0.99902,4
2012-03-28 17:12:00,0.99906,0.99906,0.99904,0.99904,2
2012-03-28 17:13:00,0.99932,0.99934,0.99908,0.99908,11
2012-03-28 17:14:00,0.9995,0.99952,0.99934,0.99934,16
2012-03-28 17:15:00,0.99944,0.99948,0.99938,0.99948,22
2012-03-28 17:16:00,0.99942,0.99942,0.99942,0.99942,1
2012-03-28 17:17:00,0.99938,0.99938,0.9993,0.99938,7
2012-03-28 17:18:00,0.99944,0.99944,0.9993,0.99936,12
2012-03-28 17:19:00,0.99928,0.99942,0.99928,0.99942,8
2012-03-28 17:20:00,0.99922,0.99926,0.99922,0.99924,8
2012-03-28 17:21:00,0.99926,0.99926,0.9991,0.99924,18
2012-03-28 17:22:00,0.99918,0.99924,0.99918,0.99924,7
2012-03-28 17:23:00,0.99948,0.9995,0.9991,0.99916,26
2012-03-28 17:24:00,0.9993,0.9995,0.9993,0.9995,12
2012-03-28 17:25:00,0.99932,0.99944,0.99932,0.99932,13
2012-03-28 17:26:00,0.9993,0.9993,0.99924,0.9993,9
2012-03-28 17:27:00,0.99924,0.9993,0.99924,0.99928,6
2012-03-28 17:28:00,0.99918,0.99936,0.99908,0.99926,22
2012-03-28 17:29:00,0.99912,0.99926,0.99908,0.99922,18
2012-03-28 17:30:00,0.99912,0.99916,0.99912,0.99914,8
2012-03-28 17:31:00,0.9992,0.9992,0.99912,0.99914,5
2012-03-28 17:32:00,0.99918,0.9992,0.99912,0.99918,7
2012-03-28 17:33:00,0.99936,0.9994,0.99918,0.9992,15
2012-03-28 17:34:00,0.99938,0.99942,0.99932,0.99934,20
2012-03-28 17:35:00,0.99932,0.99934,0.99928,0.99934,4
2012-03-28 17:36:00,0.99936,0.99936,0.99934,0.99934,2
2012-03-28 17:37:00,0.9995,0.9995,0.99938,0.9994,9
2012-03-28 17:38:00,0.99934,0.99954,0.99934,0.99948,14
2012-03-28 17:39:00,0.99908,0.99932,0.99906,0.99932,11
2012-03-28 17:40:00,0.99888,0.99906,0.99884,0.99906,23
2012-03-28 17:41:00,0.9988,0.99888,0.9988,0.99886,13
2012-03-28 17:42:00,0.99888,0.99892,0.99878,0.99878,9
2012-03-28 17:43:00,0.99902,0.99902,0.99886,0.99892,11
2012-03-28 17:44:00,0.99902,0.99908,0.99898,0.999,28
2012-03-28 17:45:00,0.99916,0.99916,0.9989,0.999,19
2012-03-28 17:46:00,0.99898,0.99916,0.99896,0.99914,16
2012-03-28 17:47:00,0.99906,0.99906,0.99894,0.99902,15
2012-03-28 17:48:00,0.99906,0.99906,0.99902,0.99904,10
2012-03-28 17:49:00,0.99902,0.99904,0.99902,0.99904,2
2012-03-28 17:50:00,0.99902,0.9991,0.99898,0.99904,12
2012-03-28 17:51:00,0.99926,0.99926,0.99904,0.99904,13
2012-03-28 17:52:00,0.99902,0.99924,0.99902,0.99924,11
2012-03-28 17:53:00,0.99904,0.99906,0.99898,0.99898,5
2012-03-28 17:54:00,0.9993,0.99932,0.99906,0.99906,21
2012-03-28 17:55:00,0.99926,0.99928,0.99924,0.99928,3
2012-03-28 17:56:00,0.9993,0.9993,0.9993,0.9993,1
2012-03-28 17:57:00,0.99902,0.99928,0.99902,0.99928,14
2012-03-28 17:59:00,0.9991,0.99912,0.99904,0.99904,5
2012-03-28 18:00:00,0.99914,0.99916,0.9991,0.99912,9
2012-03-28 18:01:00,0.99934,0.99934,0.99916,0.99916,9
2012-03-28 18:02:00,0.99948,0.99962,0.99936,0.99936,27
2012-03-28 18:03:00,0.99954,0.99956,0.99948,0.9995,8
2012-03-28 18:04:00,0.99962,0.99968,0.99956,0.99956,7
2012-03-28 18:05:00,0.99972,0.9998,0.9996,0.9996,13
2012-03-28 18:06:00,0.99952,0.99968,0.99952,0.99968,15
2012-03-28 18:07:00,0.9998,0.9998,0.99954,0.99954,24
2012-03-28 18:08:00,0.99974,0.99976,0.9996,0.99976,22
2012-03-28 18:09:00,0.99962,0.99972,0.99962,0.99972,6
2012-03-28 18:10:00,0.9998,0.99982,0.99966,0.99966,8
2012-03-28 18:11:00,0.99996,0.99996,0.99982,0.99982,8
2012-03-28 18:12:00,0.9998,1.00004,0.9998,1.0,22
2012-03-28 18:13:00,0.9998,0.99982,0.99976,0.99976,4
2012-03-28 18:14:00,0.99986,0.99988,0.99982,0.99982,4
2012-03-28 18:15:00,0.99976,0.99982,0.99972,0.99982,9
2012-03-28 18:16:00,0.99966,0.99974,0.99966,0.99974,6
2012-03-28 18:17:00,0.99956,0.99962,0.99954,0.99962,5
2012-03-28 18:18:00,0.9996,0.9996,0.99954,0.99954,7
2012-03-28 18:19:00,0.9998,0.9998,0.99962,0.99962,7
2012-03-28 18:20:00,0.99976,0.99984,0.99974,0.99982,9
2012-03-28 18:21:00,0.99968,0.99974,0.99968,0.99974,9
2012-03-28 18:22:00,0.9996,0.99966,0.99956,0.99966,9
2012-03-28 18:23:00,0.99966,0.99966,0.99962,0.99962,2
2012-03-28 18:24:00,0.99968,0.99968,0.99968,0.99968,1
2012-03-28 18:25:00,0.99968,0.9997,0.99968,0.9997,2
2012-03-28 18:26:00,0.99976,0.99976,0.9997,0.9997,3
2012-03-28 18:27:00,0.99972,0.99974,0.99968,0.99974,8
2012-03-28 18:28:00,0.99966,0.99968,0.99952,0.99968,22
2012-03-28 18:29:00,0.99948,0.99962,0.99948,0.99962,14
2012-03-28 18:30:00,0.9995,0.99954,0.99948,0.9995,7
2012-03-28 18:31:00,0.99948,0.9995,0.99946,0.99948,5
2012-03-28 18:32:00,0.9995,0.99954,0.99946,0.99946,7
2012-03-28 18:33:00,0.99948,0.99954,0.99948,0.99948,5
2012-03-28 18:34:00,0.99938,0.99954,0.99938,0.9995,10
2012-03-28 18:35:00,0.99936,0.99936,0.99934,0.99934,2
2012-03-28 18:36:00,0.99928,0.9994,0.99928,0.9994,5
2012-03-28 18:37:00,0.99926,0.99926,0.99926,0.99926,1
2012-03-28 18:38:00,0.99946,0.99946,0.99928,0.99928,9
2012-03-28 18:39:00,0.99942,0.99942,0.99942,0.99942,1
2012-03-28 18:40:00,0.99942,0.99946,0.99942,0.99946,2
2012-03-28 18:41:00,0.9994,0.9994,0.99938,0.9994,3
2012-03-28 18:42:00,0.99942,0.99946,0.9994,0.99942,5
2012-03-28 18:43:00,0.99946,0.99946,0.99946,0.99946,1
2012-03-28 18:44:00,0.9994,0.99942,0.9994,0.99942,2
2012-03-28 18:46:00,0.99934,0.9994,0.99934,0.99938,4
2012-03-28 18:47:00,0.99936,0.99936,0.99926,0.99932,7
2012-03-28 18:48:00,0.99926,0.99934,0.99926,0.99934,6
2012-03-28 18:49:00,0.99928,0.99928,0.99928,0.99928,1
2012-03-28 18:50:00,0.99928,0.99928,0.9992,0.99926,6
2012-03-28 18:51:00,0.99928,0.99934,0.99928,0.99932,6
2012-03-28 18:52:00,0.99934,0.99934,0.99932,0.99932,2
2012-03-28 18:53:00,0.99932,0.99934,0.99928,0.99932,5
2012-03-28 18:54:00,0.99934,0.99934,0.99928,0.99928,5
2012-03-28 18:55:00,0.99942,0.99942,0.99936,0.99936,3
2012-03-28 18:57:00,0.99934,0.99946,0.99934,0.99946,9
2012-03-28 18:58:00,0.99924,0.99932,0.99918,0.99932,24
2012-03-28 18:59:00,0.99896,0.99922,0.99894,0.99922,22
2012-03-28 19:00:00,0.99882,0.99898,0.99882,0.99898,9
2012-03-28 19:01:00,0.99864,0.99884,0.99856,0.99884,18
2012-03-28 19:02:00,0.9987,0.99872,0.99868,0.99868,8
2012-03-28 19:03:00,0.99854,0.99872,0.9984,0.99872,22
2012-03-28 19:04:00,0.99856,0.99858,0.9984,0.9985,19
2012-03-28 19:05:00,0.99848,0.99854,0.99848,0.99854,3
2012-03-28 19:06:00,0.99844,0.99844,0.9983,0.99844,21
2012-03-28 19:07:00,0.99856,0.99856,0.99848,0.99848,4
2012-03-28 19:08:00,0.99854,0.99854,0.99848,0.99854,5
2012-03-28 19:09:00,0.99856,0.99856,0.99854,0.99856,3
2012-03-28 19:10:00,0.9985,0.99856,0.9985,0.99854,6
2012-03-28 19:11:00,0.99848,0.99848,0.99848,0.99848,1
2012-03-28 19:12:00,0.99856,0.99856,0.99842,0.99844,7
2012-03-28 19:13:00,0.99876,0.99876,0.99858,0.99858,9
2012-03-28 19:14:00,0.99854,0.99874,0.99854,0.99874,8
2012-03-28 19:15:00,0.99874,0.99876,0.99856,0.99856,9
2012-03-28 19:16:00,0.9985,0.9987,0.9985,0.9987,14
2012-03-28 19:17:00,0.99856,0.99856,0.99854,0.99854,2
2012-03-28 19:18:00,0.99856,0.99858,0.99848,0.99854,18
2012-03-28 19:19:00,0.99858,0.99858,0.99858,0.99858,1
2012-03-28 19:20:00,0.99868,0.99868,0.99862,0.99862,3
2012-03-28 19:21:00,0.99878,0.99882,0.9987,0.9987,10
2012-03-28 19:22:00,0.99864,0.99878,0.99864,0.99876,7
2012-03-28 19:23:00,0.9986,0.99862,0.9986,0.99862,2
2012-03-28 19:24:00,0.99848,0.99856,0.99848,0.99856,4
2012-03-28 19:25:00,0.99856,0.99858,0.9985,0.9985,9
2012-03-28 19:26:00,0.99856,0.99856,0.99854,0.99854,2
2012-03-28 19:27:00,0.99856,0.99872,0.9985,0.99854,20
2012-03-28 19:28:00,0.9985,0.99856,0.99848,0.99854,10
2012-03-28 19:29:00,0.99848,0.99854,0.99848,0.99854,9
2012-03-28 19:30:00,0.99856,0.99862,0.9985,0.9985,11
2012-03-28 19:31:00,0.99848,0.99854,0.99848,0.99854,3
2012-03-28 19:32:00,0.99838,0.99848,0.99836,0.99844,11
2012-03-28 19:33:00,0.99838,0.99842,0.9983,0.99842,24
2012-03-28 19:34:00,0.99834,0.99838,0.9983,0.99836,13
2012-03-28 19:35:00,0.99838,0.99838,0.99832,0.99832,3
2012-03-28 19:36:00,0.9985,0.99852,0.99836,0.99836,8
2012-03-28 19:37:00,0.99846,0.99858,0.99846,0.99852,7
2012-03-28 19:38:00,0.99838,0.99848,0.99836,0.99848,7
2012-03-28 19:39:00,0.99832,0.99844,0.99832,0.9984,8
2012-03-28 19:40:00,0.99836,0.99838,0.9982,0.9983,11
2012-03-28 19:41:00,0.9981,0.99838,0.99806,0.99838,21
2012-03-28 19:42:00,0.9984,0.99866,0.99812,0.99812,29
2012-03-28 19:43:00,0.99844,0.99844,0.99832,0.99838,7
2012-03-28 19:44:00,0.99834,0.9984,0.99832,0.9984,7
2012-03-28 19:45:00,0.99832,0.99838,0.99826,0.99832,15
2012-03-28 19:46:00,0.99832,0.99838,0.99832,0.99834,6
2012-03-28 19:47:00,0.99832,0.99834,0.99826,0.9983,6
2012-03-28 19:48:00,0.99838,0.99838,0.9983,0.99834,6
2012-03-28 19:49:00,0.99826,0.99836,0.99826,0.99836,6
2012-03-28 19:50:00,0.9982,0.99828,0.99816,0.99824,12
2012-03-28 19:51:00,0.99828,0.99828,0.9982,0.99824,15
2012-03-28 19:53:00,0.99832,0.99834,0.99826,0.99826,11
2012-03-28 19:54:00,0.9983,0.99834,0.9983,0.99834,5
2012-03-28 19:55:00,0.99832,0.99832,0.9983,0.99832,3
2012-03-28 19:56:00,0.99832,0.99832,0.9983,0.9983,2
2012-03-28 19:57:00,0.99816,0.9983,0.99816,0.9983,8
2012-03-28 19:59:00,0.99804,0.99814,0.99796,0.99812,20
2012-03-28 20:00:00,0.99816,0.99816,0.99792,0.99804,14
2012-03-28 20:01:00,0.99804,0.99812,0.99804,0.99812,3
2012-03-28 20:03:00,0.99796,0.998,0.99796,0.998,2
2012-03-28 20:04:00,0.99788,0.99792,0.99788,0.99792,2
2012-03-28 20:05:00,0.99791,0.99795,0.99787,0.99787,4
2012-03-28 20:06:00,0.99787,0.99787,0.99787,0.99787,1
2012-03-28 20:07:00,0.99791,0.99791,0.99791,0.99791,1
2012-03-28 20:08:00,0.99795,0.99795,0.99795,0.99795,1
2012-03-28 20:09:00,0.99803,0.99803,0.99799,0.99799,4
2012-03-28 20:10:00,0.99803,0.99803,0.99799,0.99799,2
2012-03-28 20:11:00,0.99799,0.99803,0.99799,0.99799,5
2012-03-28 20:12:00,0.99803,0.99803,0.99803,0.99803,1
2012-03-28 20:13:00,0.99803,0.99803,0.99799,0.99799,4
2012-03-28 20:14:00,0.99803,0.99803,0.99799,0.99799,2
2012-03-28 20:17:00,0.99807,0.99807,0.99807,0.99807,1
2012-03-28 20:18:00,0.99815,0.99815,0.99787,0.99811,16
2012-03-28 20:19:00,0.99835,0.99835,0.99819,0.99819,5
2012-03-28 20:20:00,0.99835,0.99839,0.99835,0.99839,2
2012-03-28 20:22:00,0.99839,0.99839,0.99839,0.99839,1
2012-03-28 20:23:00,0.99847,0.99847,0.99843,0.99843,4
2012-03-28 20:24:00,0.99823,0.99843,0.99823,0.99843,6
2012-03-28 20:27:00,0.99835,0.99835,0.99827,0.99827,3
2012-03-28 20:28:00,0.99832,0.99849,0.99832,0.99839,9
2012-03-28 20:29:00,0.99836,0.9984,0.99828,0.99836,9
2012-03-28 20:30:00,0.9984,0.9984,0.9984,0.9984,1
2012-03-28 20:31:00,0.99844,0.99844,0.9984,0.99844,3
2012-03-28 20:33:00,0.99844,0.99848,0.99844,0.99848,2
2012-03-28 20:34:00,0.99856,0.99856,0.99844,0.99848,7
2012-03-28 20:35:00,0.99848,0.99852,0.99832,0.99852,19
2012-03-28 20:38:00,0.99856,0.9986,0.99852,0.99852,6
2012-03-28 20:39:00,0.99856,0.9986,0.99848,0.9986,8
2012-03-28 20:40:00,0.9986,0.9986,0.9986,0.9986,1
2012-03-28 20:41:00,0.99852,0.99856,0.99852,0.99856,2
2012-03-28 20:42:00,0.99848,0.9986,0.99848,0.99856,7
2012-03-28 20:43:00,0.99848,0.99848,0.9984,0.99844,6
2012-03-28 20:44:00,0.99856,0.99856,0.99848,0.99852,6
2012-03-28 20:45:00,0.99852,0.99897,0.99852,0.9986,19
2012-03-28 20:46:00,0.9986,0.9986,0.99856,0.99856,2
2012-03-28 20:47:00,0.99868,0.99868,0.99864,0.99864,2
2012-03-28 20:48:00,0.99864,0.99872,0.99864,0.99872,9
2012-03-28 20:49:00,0.99864,0.99872,0.99864,0.99868,6
2012-03-28 20:50:00,0.99851,0.99868,0.99851,0.99868,5
2012-03-28 20:51:00,0.99841,0.99851,0.99838,0.99847,18
2012-03-28 20:52:00,0.99845,0.99845,0.99845,0.99845,1
2012-03-28 20:53:00,0.99841,0.99841,0.99841,0.99841,1
2012-03-28 20:54:00,0.99837,0.99837,0.99837,0.99837,1
2012-03-28 20:55:00,0.99833,0.99833,0.99829,0.99833,3
2012-03-28 20:56:00,0.99833,0.99833,0.99829,0.99829,2
2012-03-28 20:57:00,0.99833,0.99837,0.99829,0.99837,6
2012-03-28 20:58:00,0.99837,0.99837,0.99837,0.99837,1
2012-03-28 20:59:00,0.99834,0.99846,0.99833,0.99833,11
2012-03-28 21:00:00,0.99864,0.99878,0.99835,0.99838,24
2012-03-28 21:01:00,0.99857,0.9986,0.99842,0.9986,12
2012-03-28 21:02:00,0.99861,0.99861,0.99861,0.99861,1
2012-03-28 21:04:00,0.99857,0.99857,0.99857,0.99857,1
2012-03-28 21:05:00,0.99869,0.99877,0.99861,0.99861,7
2012-03-28 21:09:00,0.99861,0.99865,0.99861,0.99865,2
2012-03-28 21:12:00,0.99873,0.99873,0.99865,0.99865,3
2012-03-28 21:13:00,0.99877,0.99881,0.99877,0.99877,5
2012-03-28 21:14:00,0.99855,0.99872,0.99855,0.99872,9
2012-03-28 21:15:00,0.99847,0.99851,0.99847,0.99851,8
2012-03-28 21:16:00,0.99848,0.99848,0.9983,0.99843,16
2012-03-28 21:17:00,0.99851,0.99856,0.99843,0.99843,5
2012-03-28 21:18:00,0.99843,0.99847,0.99843,0.99847,2
2012-03-28 21:19:00,0.99843,0.99843,0.99839,0.99839,2
2012-03-28 21:20:00,0.99839,0.99839,0.99839,0.99839,1
2012-03-28 21:21:00,0.99847,0.99847,0.99843,0.99843,2
2012-03-28 21:22:00,0.99843,0.99867,0.99843,0.99851,11
2012-03-28 21:23:00,0.99848,0.99864,0.99847,0.99847,9
2012-03-28 21:24:00,0.99844,0.99844,0.99844,0.99844,1
2012-03-28 21:25:00,0.99836,0.9984,0.99836,0.9984,2
2012-03-28 21:26:00,0.9984,0.9984,0.99836,0.9984,5
2012-03-28 21:27:00,0.99835,0.99835,0.99831,0.99835,3
2012-03-28 21:28:00,0.99831,0.99831,0.99831,0.99831,1
2012-03-28 21:29:00,0.99831,0.99831,0.99815,0.99827,8
2012-03-28 21:30:00,0.99831,0.99835,0.99831,0.99835,4
2012-03-28 21:31:00,0.99827,0.99827,0.99827,0.99827,1
2012-03-28 21:32:00,0.99812,0.99823,0.99803,0.99823,10
2012-03-28 21:33:00,0.9982,0.9982,0.99808,0.99808,4
2012-03-28 21:36:00,0.9984,0.9984,0.99824,0.99824,5
2012-03-28 21:37:00,0.99836,0.99836,0.99836,0.99836,1
2012-03-28 21:40:00,0.9982,0.99836,0.9982,0.99832,16
2012-03-28 21:41:00,0.99833,0.99837,0.99825,0.99825,5
2012-03-28 21:49:00,0.9985,0.99854,0.99837,0.99837,8
2012-03-28 21:50:00,0.99862,0.99862,0.99854,0.99854,3
2012-03-28 21:51:00,0.99862,0.99874,0.99858,0.99858,14
2012-03-28 21:52:00,0.99858,0.99858,0.99858,0.99858,1
2012-03-28 21:53:00,0.9987,0.9987,0.99862,0.99862,3
2012-03-28 21:56:00,0.99862,0.9987,0.99862,0.99866,6
2012-03-28 22:00:00,0.9982,0.99862,0.9982,0.99862,19
2012-03-28 22:01:00,0.99814,0.99816,0.9981,0.99816,4
2012-03-28 22:02:00,0.9981,0.9981,0.9981,0.9981,1
2012-03-28 22:05:00,0.99814,0.99814,0.99814,0.99814,1
2012-03-28 22:06:00,0.99816,0.99816,0.99816,0.99816,1
2012-03-28 22:07:00,0.99816,0.99822,0.99816,0.9982,8
2012-03-28 22:11:00,0.99822,0.99822,0.9982,0.9982,2
2012-03-28 22:15:00,0.99828,0.99828,0.99826,0.99826,2
2012-03-28 22:16:00,0.99832,0.99832,0.99832,0.99832,1
2012-03-28 22:17:00,0.99822,0.99828,0.99822,0.99828,3
2012-03-28 22:20:00,0.9982,0.9982,0.9982,0.9982,1
2012-03-28 22:25:00,0.99828,0.99828,0.99822,0.99822,3
2012-03-28 22:26:00,0.99822,0.99826,0.99822,0.99826,2
2012-03-28 22:27:00,0.99826,0.99826,0.99826,0.99826,1
2012-03-28 22:29:00,0.99822,0.99822,0.99822,0.99822,1
2012-03-28 22:30:00,0.99828,0.99828,0.9981,0.9982,10
2012-03-28 22:31:00,0.99816,0.99826,0.99816,0.99826,4
2012-03-28 22:32:00,0.99808,0.99814,0.99808,0.99814,3
2012-03-28 22:34:00,0.99798,0.99804,0.99798,0.99804,3
2012-03-28 22:35:00,0.9979,0.99796,0.99786,0.99796,5
2012-03-28 22:36:00,0.99786,0.99786,0.99786,0.99786,1
2012-03-28 22:37:00,0.9978,0.99784,0.9978,0.99784,2
2012-03-28 22:40:00,0.9978,0.99784,0.9978,0.99784,2
2012-03-28 22:41:00,0.99786,0.99786,0.99784,0.99784,2
2012-03-28 22:42:00,0.9979,0.9979,0.9979,0.9979,1
2012-03-28 22:43:00,0.99792,0.99792,0.99792,0.99792,1
2012-03-28 22:44:00,0.99798,0.99798,0.99796,0.99796,2
2012-03-28 22:48:00,0.99796,0.99796,0.99796,0.99796,1
2012-03-28 22:51:00,0.99798,0.99798,0.99798,0.99798,1
2012-03-28 22:53:00,0.99806,0.99814,0.99802,0.99802,7
2012-03-28 22:54:00,0.99812,0.99816,0.99804,0.99804,6
2012-03-28 22:55:00,0.99816,0.99816,0.99816,0.99816,1
2012-03-28 22:56:00,0.99824,0.99824,0.99818,0.99818,5
2012-03-28 22:57:00,0.99834,0.99834,0.99828,0.99828,5
2012-03-28 22:58:00,0.99836,0.99836,0.99836,0.99836,1
2012-03-28 22:59:00,0.99854,0.99854,0.9984,0.9984,10
2012-03-28 23:00:00,0.99846,0.9986,0.99846,0.99858,9
2012-03-28 23:01:00,0.99842,0.99842,0.99842,0.99842,1
2012-03-28 23:02:00,0.99822,0.9984,0.99822,0.9984,13
2012-03-28 23:05:00,0.9982,0.99822,0.9982,0.99822,2
2012-03-28 23:07:00,0.99816,0.99816,0.99816,0.99816,1
2012-03-28 23:08:00,0.99818,0.99818,0.99818,0.99818,1
2012-03-28 23:10:00,0.99822,0.99822,0.99822,0.99822,1
2012-03-28 23:11:00,0.99828,0.9983,0.99824,0.99824,6
2012-03-28 23:12:00,0.99828,0.99834,0.99824,0.99824,6
2012-03-28 23:13:00,0.9983,0.9983,0.9983,0.9983,1
2012-03-28 23:14:00,0.99834,0.99834,0.99834,0.99834,1
2012-03-28 23:15:00,0.99836,0.99836,0.9983,0.9983,3
2012-03-28 23:17:00,0.99844,0.99844,0.99838,0.99838,3
2012-03-28 23:18:00,0.99844,0.99844,0.99842,0.99842,2
2012-03-28 23:19:00,0.99844,0.99844,0.99842,0.99842,2
2012-03-28 23:20:00,0.99842,0.99842,0.99842,0.99842,1
2012-03-28 23:23:00,0.99844,0.99844,0.99844,0.99844,1
2012-03-28 23:24:00,0.99848,0.99848,0.99848,0.99848,1
2012-03-28 23:25:00,0.9984,0.99844,0.9984,0.99844,3
2012-03-28 23:26:00,0.99822,0.99836,0.99822,0.99836,10
2012-03-28 23:27:00,0.99816,0.9982,0.99816,0.9982,2
2012-03-28 23:30:00,0.99817,0.99817,0.99817,0.99817,1
2012-03-28 23:36:00,0.99817,0.9982,0.99817,0.9982,2
2012-03-28 23:43:00,0.99803,0.99815,0.99803,0.99815,5
2012-03-28 23:44:00,0.99795,0.998,0.99795,0.998,3
2012-03-28 23:45:00,0.99794,0.99794,0.99792,0.99792,2
2012-03-28 23:46:00,0.99784,0.99792,0.99782,0.99792,7
2012-03-28 23:47:00,0.99782,0.99782,0.99782,0.99782,1
2012-03-28 23:49:00,0.99784,0.99784,0.99784,0.99784,1
2012-03-28 23:50:00,0.99782,0.99782,0.99782,0.99782,1
2012-03-28 23:51:00,0.99784,0.99784,0.99782,0.99784,3
2012-03-28 23:54:00,0.99785,0.99787,0.99782,0.99782,4
2012-03-28 23:55:00,0.99785,0.99787,0.99785,0.99787,2
2012-03-28 23:59:00,0.99785,0.99787,0.99785,0.99787,2
2012-03-29 00:00:00,0.99788,0.9979,0.99782,0.99782,7
2012-03-29 00:01:00,0.99782,0.9979,0.99782,0.9979,8
2012-03-29 00:02:00,0.99782,0.99784,0.99782,0.99784,2
2012-03-29 00:03:00,0.99787,0.99787,0.99784,0.99784,2
2012-03-29 00:04:00,0.99784,0.99793,0.99779,0.9979,9
2012-03-29 00:05:00,0.99776,0.99782,0.99776,0.99782,7
2012-03-29 00:06:00,0.99779,0.99779,0.99779,0.99779,1
2012-03-29 00:07:00,0.99765,0.99776,0.99765,0.99776,5
2012-03-29 00:08:00,0.99776,0.99776,0.99767,0.99767,4
2012-03-29 00:10:00,0.99781,0.99781,0.99779,0.99779,4
2012-03-29 00:11:00,0.99781,0.99781,0.99779,0.99779,2
2012-03-29 00:12:00,0.99779,0.99779,0.99779,0.99779,1
2012-03-29 00:14:00,0.9979,0.9979,0.99779,0.99781,18
2012-03-29 00:15:00,0.99796,0.99801,0.99776,0.99788,37
2012-03-29 00:16:00,0.99816,0.99818,0.99793,0.99793,17
2012-03-29 00:17:00,0.99816,0.99818,0.99813,0.99813,6
2012-03-29 00:18:00,0.99813,0.99813,0.99813,0.99813,1
2012-03-29 00:19:00,0.99819,0.99821,0.99816,0.99816,4
2012-03-29 00:20:00,0.99824,0.99824,0.99821,0.99821,2
2012-03-29 00:21:00,0.99816,0.99822,0.99816,0.99822,5
2012-03-29 00:22:00,0.99807,0.99813,0.99807,0.99813,5
2012-03-29 00:23:00,0.99821,0.99824,0.9981,0.9981,9
2012-03-29 00:24:00,0.99838,0.99844,0.99824,0.99824,12
2012-03-29 00:25:00,0.99838,0.99838,0.99833,0.99836,4
2012-03-29 00:33:00,0.99833,0.99836,0.99833,0.99836,2
2012-03-29 00:34:00,0.99844,0.9985,0.99835,0.99835,14
2012-03-29 00:35:00,0.99841,0.99841,0.99839,0.99841,3
2012-03-29 00:36:00,0.99805,0.99839,0.99805,0.99839,13
2012-03-29 00:37:00,0.99807,0.9981,0.99807,0.99807,3
2012-03-29 00:38:00,0.99804,0.99805,0.99802,0.99805,3
2012-03-29 00:39:00,0.99813,0.99813,0.99807,0.99807,3
2012-03-29 00:40:00,0.99838,0.99838,0.99816,0.99816,11
2012-03-29 00:42:00,0.99838,0.99838,0.99836,0.99836,2
2012-03-29 00:43:00,0.99839,0.99841,0.99836,0.99836,16
2012-03-29 00:45:00,0.9983,0.99836,0.9983,0.99836,3
2012-03-29 00:48:00,0.99824,0.99827,0.99824,0.99827,2
2012-03-29 00:49:00,0.99816,0.99822,0.99816,0.99822,3
2012-03-29 00:50:00,0.99821,0.99821,0.99818,0.99818,2
2012-03-29 00:51:00,0.99819,0.99821,0.99819,0.99819,3
2012-03-29 00:52:00,0.99813,0.99824,0.99813,0.99821,6
2012-03-29 00:53:00,0.99827,0.99827,0.99816,0.99816,5
2012-03-29 00:54:00,0.99822,0.99835,0.99819,0.9983,14
2012-03-29 00:55:00,0.99807,0.99821,0.99805,0.99819,11
2012-03-29 00:56:00,0.99818,0.99818,0.9981,0.9981,4
2012-03-29 00:57:00,0.99802,0.99816,0.99802,0.99816,6
2012-03-29 00:58:00,0.9979,0.99804,0.99776,0.99799,20
2012-03-29 00:59:00,0.99776,0.99788,0.99771,0.99788,11
2012-03-29 01:00:00,0.99784,0.99784,0.99776,0.99779,5
2012-03-29 01:01:00,0.99807,0.99818,0.99787,0.99787,18
2012-03-29 01:02:00,0.99824,0.99827,0.9981,0.9981,8
2012-03-29 01:03:00,0.9981,0.99822,0.99802,0.99822,15
2012-03-29 01:04:00,0.9981,0.99816,0.99805,0.99813,12
2012-03-29 01:05:00,0.99813,0.99813,0.99807,0.99807,3
2012-03-29 01:06:00,0.99801,0.99813,0.9979,0.9981,20
2012-03-29 01:07:00,0.99802,0.99804,0.99802,0.99804,2
2012-03-29 01:08:00,0.99799,0.99799,0.99799,0.99799,1
2012-03-29 01:09:00,0.99798,0.99798,0.99788,0.99796,8
2012-03-29 01:10:00,0.99793,0.99796,0.99785,0.99796,16
2012-03-29 01:11:00,0.9977,0.99798,0.99768,0.9979,36
2012-03-29 01:12:00,0.9977,0.9977,0.99765,0.99768,4
2012-03-29 01:13:00,0.99773,0.99773,0.99773,0.99773,1
2012-03-29 01:14:00,0.99773,0.99776,0.99773,0.99776,2
2012-03-29 01:15:00,0.99773,0.99773,0.99771,0.99771,2
2012-03-29 01:16:00,0.99771,0.99771,0.99771,0.99771,1
2012-03-29 01:17:00,0.99771,0.99781,0.99771,0.99773,8
2012-03-29 01:18:00,0.99768,0.99768,0.99768,0.99768,1
2012-03-29 01:19:00,0.99781,0.99781,0.99768,0.9977,7
2012-03-29 01:20:00,0.99787,0.99787,0.99784,0.99784,6
2012-03-29 01:21:00,0.99776,0.9979,0.99776,0.9979,10
2012-03-29 01:22:00,0.99784,0.99784,0.99776,0.99779,5
2012-03-29 01:23:00,0.9979,0.9979,0.99787,0.99787,2
2012-03-29 01:24:00,0.99779,0.99788,0.99776,0.99788,6
2012-03-29 01:25:00,0.99779,0.99781,0.99779,0.99781,2
2012-03-29 01:29:00,0.99781,0.99781,0.99781,0.99781,1
2012-03-29 01:30:00,0.99781,0.99784,0.99779,0.99784,4
2012-03-29 01:31:00,0.99781,0.99781,0.99779,0.99779,2
2012-03-29 01:32:00,0.99781,0.99781,0.99779,0.99779,2
2012-03-29 01:33:00,0.99793,0.99793,0.99779,0.99779,6
2012-03-29 01:34:00,0.99798,0.99798,0.99796,0.99796,2
2012-03-29 01:35:00,0.9981,0.9981,0.99801,0.99801,4
2012-03-29 01:37:00,0.99824,0.99824,0.99813,0.99813,5
2012-03-29 01:38:00,0.99838,0.99838,0.99827,0.99827,5
2012-03-29 01:39:00,0.99838,0.99838,0.99833,0.99836,4
2012-03-29 01:40:00,0.99833,0.99841,0.9983,0.99841,18
2012-03-29 01:41:00,0.99838,0.99838,0.99835,0.99835,2
2012-03-29 01:42:00,0.99853,0.99855,0.99841,0.99841,9
2012-03-29 01:43:00,0.99861,0.99861,0.99855,0.99855,3
2012-03-29 01:44:00,0.99858,0.99869,0.99858,0.99864,7
2012-03-29 01:45:00,0.99858,0.99858,0.99856,0.99856,2
2012-03-29 01:46:00,0.99847,0.99856,0.99847,0.99856,4
2012-03-29 01:47:00,0.99858,0.99858,0.9985,0.9985,4
2012-03-29 01:48:00,0.99881,0.99881,0.99861,0.99861,10
2012-03-29 01:49:00,0.99878,0.99878,0.99876,0.99878,3
2012-03-29 01:50:00,0.9989,0.99895,0.99881,0.99881,10
2012-03-29 01:51:00,0.99889,0.99889,0.99884,0.99887,4
2012-03-29 01:52:00,0.99901,0.99901,0.99887,0.99892,22
2012-03-29 01:53:00,0.99902,0.99912,0.99891,0.99898,23
2012-03-29 01:54:00,0.99902,0.99902,0.99894,0.999,12
2012-03-29 01:55:00,0.99888,0.999,0.99888,0.999,7
2012-03-29 01:56:00,0.99866,0.99894,0.99866,0.99891,14
2012-03-29 01:57:00,0.99865,0.99865,0.99857,0.99863,6
2012-03-29 01:58:00,0.99868,0.99879,0.99868,0.99868,15
2012-03-29 01:59:00,0.99855,0.99871,0.99849,0.99871,25
2012-03-29 02:00:00,0.99867,0.99872,0.99858,0.99858,12
2012-03-29 02:01:00,0.99881,0.99881,0.99864,0.99864,7
2012-03-29 02:02:00,0.99858,0.99878,0.99858,0.99878,8
2012-03-29 02:03:00,0.99855,0.99861,0.99853,0.99856,11
2012-03-29 02:04:00,0.99856,0.99861,0.99856,0.99858,6
2012-03-29 02:05:00,0.99856,0.99861,0.99853,0.99858,8
2012-03-29 02:06:00,0.9985,0.99853,0.9985,0.99853,2
2012-03-29 02:07:00,0.9985,0.99852,0.9985,0.99852,2
2012-03-29 02:08:00,0.99852,0.99852,0.99852,0.99852,1
2012-03-29 02:09:00,0.99858,0.99858,0.9985,0.9985,4
2012-03-29 02:10:00,0.9983,0.99856,0.9983,0.99856,12
2012-03-29 02:11:00,0.99816,0.99827,0.99813,0.99827,9
2012-03-29 02:12:00,0.99818,0.99818,0.99816,0.99818,3
2012-03-29 02:13:00,0.99844,0.99844,0.99819,0.99821,17
2012-03-29 02:15:00,0.99856,0.99858,0.99847,0.99847,6
2012-03-29 02:16:00,0.99858,0.99858,0.99844,0.99853,13
2012-03-29 02:17:00,0.99861,0.99861,0.99853,0.99856,5
2012-03-29 02:18:00,0.99861,0.99864,0.99858,0.99858,4
2012-03-29 02:19:00,0.99858,0.99878,0.99858,0.99864,13
2012-03-29 02:20:00,0.99867,0.99872,0.99856,0.99856,9
2012-03-29 02:21:00,0.99864,0.99872,0.99864,0.99869,5
2012-03-29 02:23:00,0.99858,0.99861,0.99858,0.99861,4
2012-03-29 02:24:00,0.99858,0.99858,0.99853,0.99856,6
2012-03-29 02:25:00,0.99856,0.99856,0.99856,0.99856,1
2012-03-29 02:26:00,0.9985,0.99853,0.99839,0.99853,10
2012-03-29 02:27:00,0.99852,0.99852,0.99852,0.99852,1
2012-03-29 02:28:00,0.99856,0.99858,0.9985,0.9985,5
2012-03-29 02:29:00,0.99852,0.99855,0.9985,0.99853,7
2012-03-29 02:31:00,0.99853,0.99855,0.99847,0.9985,8
2012-03-29 02:32:00,0.99864,0.99864,0.99855,0.99855,4
2012-03-29 02:33:00,0.99867,0.99867,0.99867,0.99867,1
2012-03-29 02:34:00,0.9987,0.99872,0.99869,0.99869,3
2012-03-29 02:35:00,0.99855,0.99867,0.99853,0.99867,7
2012-03-29 02:36:00,0.99855,0.99855,0.99853,0.99853,2
2012-03-29 02:38:00,0.99864,0.99864,0.99858,0.99858,3
2012-03-29 02:39:00,0.99858,0.99861,0.99856,0.99861,4
2012-03-29 02:40:00,0.99869,0.99869,0.99861,0.99861,4
2012-03-29 02:41:00,0.99867,0.99875,0.99867,0.99872,5
2012-03-29 02:42:00,0.99867,0.99867,0.99864,0.99864,2
2012-03-29 02:43:00,0.99878,0.99881,0.99869,0.99869,6
2012-03-29 02:44:00,0.99855,0.99876,0.99839,0.99876,20
2012-03-29 02:45:00,0.99861,0.99861,0.99858,0.99858,2
2012-03-29 02:46:00,0.9985,0.99858,0.9985,0.99858,4
2012-03-29 02:47:00,0.99847,0.9985,0.99847,0.99847,3
2012-03-29 02:49:00,0.99824,0.99844,0.99824,0.99844,8
2012-03-29 02:50:00,0.9981,0.99822,0.9981,0.99822,7
2012-03-29 02:51:00,0.99813,0.99813,0.99807,0.99807,3
2012-03-29 02:52:00,0.9981,0.99818,0.9981,0.99816,5
2012-03-29 02:53:00,0.9981,0.99816,0.9981,0.99813,6
2012-03-29 02:54:00,0.99813,0.99813,0.99813,0.99813,1
2012-03-29 02:55:00,0.99818,0.99818,0.99816,0.99816,2
2012-03-29 02:56:00,0.99816,0.99816,0.99816,0.99816,1
2012-03-29 02:57:00,0.99821,0.99821,0.99818,0.99818,4
2012-03-29 02:58:00,0.99827,0.99827,0.99824,0.99824,4
2012-03-29 03:00:00,0.99819,0.99824,0.99819,0.99824,3
2012-03-29 03:01:00,0.99821,0.99821,0.99821,0.99821,1
2012-03-29 03:04:00,0.9981,0.99819,0.9981,0.99819,4
2012-03-29 03:06:00,0.9981,0.9981,0.99807,0.99807,2
2012-03-29 03:07:00,0.99816,0.99816,0.99813,0.99813,2
2012-03-29 03:09:00,0.99813,0.99813,0.99813,0.99813,1
2012-03-29 03:10:00,0.9981,0.9981,0.9981,0.9981,1
2012-03-29 03:11:00,0.99804,0.99818,0.99802,0.99813,10
2012-03-29 03:16:00,0.9981,0.9981,0.99807,0.99807,2
2012-03-29 03:18:00,0.99822,0.99824,0.99813,0.99813,6
2012-03-29 03:19:00,0.99819,0.99819,0.99819,0.99819,1
2012-03-29 03:20:00,0.99816,0.99816,0.99816,0.99816,1
2012-03-29 03:21:00,0.99818,0.99818,0.99818,0.99818,1
2012-03-29 03:22:00,0.99821,0.99821,0.99821,0.99821,1
2012-03-29 03:25:00,0.99818,0.99819,0.99816,0.99819,3
2012-03-29 03:26:00,0.99816,0.99816,0.99816,0.99816,1
2012-03-29 03:27:00,0.99818,0.99818,0.99818,0.99818,1
2012-03-29 03:28:00,0.99824,0.99824,0.99821,0.99821,4
2012-03-29 03:29:00,0.99822,0.99822,0.99822,0.99822,1
2012-03-29 03:30:00,0.99819,0.99819,0.99819,0.99819,1
2012-03-29 03:32:00,0.99818,0.99818,0.99816,0.99816,4
2012-03-29 03:35:00,0.99819,0.99821,0.99819,0.99821,2
2012-03-29 03:36:00,0.99818,0.99818,0.99816,0.99816,2
2012-03-29 03:37:00,0.99807,0.99824,0.99807,0.99821,8
2012-03-29 03:38:00,0.99813,0.99813,0.9981,0.9981,2
2012-03-29 03:39:00,0.99816,0.99818,0.99816,0.99816,3
2012-03-29 03:40:00,0.99813,0.99813,0.99813,0.99813,1
2012-03-29 03:41:00,0.9981,0.9981,0.9981,0.9981,1
2012-03-29 03:43:00,0.99813,0.99813,0.99813,0.99813,1
2012-03-29 03:44:00,0.99816,0.99816,0.99816,0.99816,1
2012-03-29 03:48:00,0.9981,0.99813,0.9981,0.99813,2
2012-03-29 03:49:00,0.99813,0.99813,0.99813,0.99813,1
2012-03-29 03:50:00,0.99822,0.99824,0.99816,0.99816,7
2012-03-29 03:51:00,0.99824,0.99824,0.99824,0.99824,1
2012-03-29 03:53:00,0.99827,0.99827,0.99827,0.99827,1
2012-03-29 03:54:00,0.99838,0.99838,0.9983,0.9983,4
2012-03-29 03:55:00,0.99839,0.99841,0.99839,0.99841,2
2012-03-29 03:56:00,0.99836,0.99836,0.99836,0.99836,1
2012-03-29 03:57:00,0.99838,0.99838,0.99838,0.99838,1
2012-03-29 03:59:00,0.99839,0.99841,0.99839,0.99841,2
2012-03-29 04:00:00,0.99835,0.99836,0.99833,0.99836,3
2012-03-29 04:01:00,0.99833,0.99835,0.99833,0.99833,3
2012-03-29 04:02:00,0.99833,0.99835,0.99833,0.99835,2
2012-03-29 04:03:00,0.99835,0.99835,0.99835,0.99835,1
2012-03-29 04:04:00,0.99835,0.99835,0.99833,0.99833,2
2012-03-29 04:05:00,0.99838,0.99838,0.99836,0.99838,3
2012-03-29 04:06:00,0.99844,0.99844,0.99841,0.99841,2
2012-03-29 04:07:00,0.99847,0.99847,0.99847,0.99847,1
2012-03-29 04:08:00,0.99853,0.99855,0.9985,0.9985,4
2012-03-29 04:09:00,0.99864,0.99867,0.99853,0.99855,10
2012-03-29 04:10:00,0.99864,0.99867,0.99864,0.99867,2
2012-03-29 04:11:00,0.99861,0.99861,0.99861,0.99861,1
2012-03-29 04:12:00,0.99855,0.99858,0.99853,0.99858,4
2012-03-29 04:13:00,0.99855,0.99855,0.9985,0.99853,4
2012-03-29 04:14:00,0.99844,0.99853,0.99844,0.99853,4
2012-03-29 04:15:00,0.99835,0.99841,0.99833,0.99841,5
2012-03-29 04:16:00,0.9983,0.99833,0.9983,0.99833,2
2012-03-29 04:17:00,0.99838,0.99838,0.99833,0.99833,5
2012-03-29 04:18:00,0.9983,0.99836,0.9983,0.99836,5
2012-03-29 04:19:00,0.99827,0.99827,0.99827,0.99827,1
2012-03-29 04:20:00,0.99836,0.99838,0.9983,0.9983,5
2012-03-29 04:23:00,0.99844,0.99844,0.99838,0.99838,3
2012-03-29 04:24:00,0.99839,0.99841,0.99839,0.99841,2
2012-03-29 04:25:00,0.99836,0.99836,0.99836,0.99836,1
2012-03-29 04:26:00,0.9983,0.99833,0.9983,0.99833,2
2012-03-29 04:28:00,0.99827,0.9983,0.99822,0.99827,7
2012-03-29 04:30:00,0.9983,0.9983,0.99822,0.99824,5
2012-03-29 04:32:00,0.99833,0.99841,0.99833,0.99833,7
2012-03-29 04:33:00,0.9983,0.9983,0.9983,0.9983,1
2012-03-29 04:34:00,0.99816,0.99827,0.99813,0.99827,11
2012-03-29 04:35:00,0.99816,0.99816,0.99813,0.99813,2
2012-03-29 04:36:00,0.99818,0.99818,0.99816,0.99818,3
2012-03-29 04:37:00,0.99821,0.99821,0.99821,0.99821,1
2012-03-29 04:38:00,0.99824,0.99824,0.99824,0.99824,1
2012-03-29 04:39:00,0.99833,0.99833,0.99827,0.99827,3
2012-03-29 04:40:00,0.99833,0.99833,0.99827,0.9983,4
2012-03-29 04:43:00,0.99827,0.9983,0.99827,0.9983,2
2012-03-29 04:44:00,0.9983,0.9983,0.9983,0.9983,1
2012-03-29 04:47:00,0.99822,0.99827,0.99822,0.99827,3
2012-03-29 04:48:00,0.99818,0.99819,0.99816,0.99819,3
2012-03-29 04:49:00,0.9981,0.99816,0.99807,0.99816,5
2012-03-29 04:51:00,0.9981,0.99813,0.9981,0.99813,2
2012-03-29 04:53:00,0.99813,0.99813,0.99813,0.99813,1
2012-03-29 04:55:00,0.9981,0.9981,0.9981,0.9981,1
2012-03-29 04:56:00,0.99827,0.99827,0.99813,0.99813,6
2012-03-29 04:57:00,0.9983,0.9983,0.9983,0.9983,1
2012-03-29 05:00:00,0.99827,0.99827,0.99827,0.99827,1
2012-03-29 05:02:00,0.99818,0.99824,0.99813,0.99824,7
2012-03-29 05:04:00,0.99824,0.99824,0.99821,0.99821,2
2012-03-29 05:05:00,0.99819,0.99822,0.99819,0.99822,2
2012-03-29 05:07:00,0.99824,0.99824,0.99821,0.99821,2
2012-03-29 05:08:00,0.9983,0.9983,0.99827,0.99827,2
2012-03-29 05:09:00,0.99835,0.99835,0.99833,0.99833,2
2012-03-29 05:11:00,0.99839,0.99844,0.99838,0.99838,5
2012-03-29 05:13:00,0.99833,0.99836,0.99833,0.99836,2
2012-03-29 05:14:00,0.9983,0.9983,0.9983,0.9983,1
2012-03-29 05:15:00,0.99844,0.99844,0.99833,0.99833,5
2012-03-29 05:16:00,0.99836,0.99841,0.99833,0.99841,7
2012-03-29 05:17:00,0.99836,0.99844,0.99833,0.99833,8
2012-03-29 05:18:00,0.99833,0.99841,0.99833,0.99838,5
2012-03-29 05:19:00,0.9983,0.99841,0.9983,0.99835,13
2012-03-29 05:20:00,0.99824,0.9983,0.99822,0.99827,8
2012-03-29 05:21:00,0.99838,0.99838,0.99819,0.99822,11
2012-03-29 05:22:00,0.99841,0.99841,0.9983,0.99836,7
2012-03-29 05:23:00,0.99827,0.99839,0.99824,0.99839,9
2012-03-29 05:24:00,0.9983,0.9983,0.9983,0.9983,1
2012-03-29 05:25:00,0.9985,0.9985,0.99833,0.99833,7
2012-03-29 05:26:00,0.99858,0.99861,0.99852,0.99852,11
2012-03-29 05:27:00,0.99864,0.99867,0.99853,0.99856,8
2012-03-29 05:28:00,0.99861,0.99864,0.99861,0.99861,3
2012-03-29 05:29:00,0.99861,0.99861,0.99858,0.99858,2
2012-03-29 05:30:00,0.99856,0.99858,0.99856,0.99858,2
2012-03-29 05:31:00,0.99853,0.99853,0.99853,0.99853,1
2012-03-29 05:32:00,0.9985,0.99852,0.9985,0.9985,3
2012-03-29 05:33:00,0.99852,0.99852,0.99852,0.99852,1
2012-03-29 05:34:00,0.99858,0.99861,0.99847,0.9985,18
2012-03-29 05:35:00,0.99861,0.99864,0.99861,0.99861,3
2012-03-29 05:36:00,0.99847,0.99858,0.99847,0.99858,5
2012-03-29 05:37:00,0.99838,0.99852,0.99836,0.9985,9
2012-03-29 05:38:00,0.99855,0.99855,0.99841,0.99841,6
2012-03-29 05:39:00,0.99855,0.99855,0.9985,0.99853,4
2012-03-29 05:40:00,0.99858,0.99867,0.99858,0.99858,7
2012-03-29 05:41:00,0.99861,0.99861,0.99861,0.99861,1
2012-03-29 05:45:00,0.99869,0.99869,0.99864,0.99864,3
2012-03-29 05:46:00,0.99864,0.99867,0.99864,0.99867,2
2012-03-29 05:47:00,0.99869,0.99869,0.99867,0.99867,2
2012-03-29 05:48:00,0.99872,0.99872,0.99872,0.99872,1
2012-03-29 05:49:00,0.9987,0.9987,0.9987,0.9987,1
2012-03-29 05:50:00,0.99892,0.99892,0.99872,0.99872,8
2012-03-29 05:51:00,0.99901,0.99901,0.99895,0.99895,3
2012-03-29 05:52:00,0.99898,0.99903,0.9989,0.99898,13
2012-03-29 05:53:00,0.99901,0.99901,0.99901,0.99901,1
2012-03-29 05:54:00,0.99876,0.99898,0.99876,0.99898,11
2012-03-29 05:55:00,0.9987,0.99873,0.9987,0.99873,2
2012-03-29 05:56:00,0.99856,0.99867,0.99856,0.99867,5
2012-03-29 05:57:00,0.99841,0.99858,0.99841,0.99858,9
2012-03-29 05:58:00,0.99838,0.99839,0.9983,0.99839,7
2012-03-29 05:59:00,0.99847,0.99847,0.99841,0.99841,5
2012-03-29 06:00:00,0.99853,0.99869,0.9985,0.9985,18
2012-03-29 06:01:00,0.99876,0.99878,0.9985,0.99855,20
2012-03-29 06:02:00,0.99876,0.99878,0.9987,0.99873,10
2012-03-29 06:03:00,0.99881,0.99884,0.99867,0.99873,14
2012-03-29 06:04:00,0.99881,0.99884,0.99878,0.99878,4
2012-03-29 06:05:00,0.99853,0.99878,0.99853,0.99878,22
2012-03-29 06:06:00,0.99852,0.99852,0.99847,0.9985,4
2012-03-29 06:07:00,0.9985,0.9985,0.9985,0.9985,1
2012-03-29 06:08:00,0.99855,0.99855,0.99852,0.99852,2
2012-03-29 06:09:00,0.99855,0.99855,0.99853,0.99853,2
2012-03-29 06:11:00,0.99869,0.99869,0.99858,0.99858,5
2012-03-29 06:12:00,0.99869,0.99875,0.99867,0.99872,6
2012-03-29 06:13:00,0.99872,0.99872,0.99872,0.99872,1
2012-03-29 06:14:00,0.99873,0.99875,0.99873,0.99875,2
2012-03-29 06:15:00,0.99867,0.9987,0.99867,0.9987,2
2012-03-29 06:16:00,0.99839,0.99864,0.99839,0.99864,10
2012-03-29 06:17:00,0.99833,0.99844,0.99833,0.99841,6
2012-03-29 06:18:00,0.99819,0.99835,0.99819,0.9983,15
2012-03-29 06:19:00,0.99796,0.99816,0.99788,0.99816,20
2012-03-29 06:20:00,0.99779,0.99793,0.99779,0.99793,8
2012-03-29 06:21:00,0.99787,0.99787,0.99781,0.99781,5
2012-03-29 06:22:00,0.9979,0.99796,0.99782,0.99785,19
2012-03-29 06:23:00,0.99796,0.99796,0.99788,0.99793,6
2012-03-29 06:24:00,0.99813,0.99818,0.99798,0.99798,18
2012-03-29 06:25:00,0.99819,0.99821,0.99813,0.99816,22
2012-03-29 06:26:00,0.9981,0.99824,0.99807,0.99821,13
2012-03-29 06:27:00,0.99754,0.9981,0.99754,0.99807,52
2012-03-29 06:28:00,0.99784,0.99787,0.99754,0.99756,28
2012-03-29 06:29:00,0.99736,0.9979,0.99736,0.99786,34
2012-03-29 06:30:00,0.99754,0.99776,0.99738,0.99738,62
2012-03-29 06:31:00,0.9975,0.99756,0.9975,0.99756,10
2012-03-29 06:32:00,0.99756,0.99756,0.9975,0.99752,5
2012-03-29 06:33:00,0.9975,0.99754,0.99748,0.99754,7
2012-03-29 06:34:00,0.9975,0.99754,0.9974,0.99752,12
2012-03-29 06:35:00,0.99766,0.99774,0.99752,0.99752,16
2012-03-29 06:36:00,0.99774,0.99774,0.9976,0.99762,8
2012-03-29 06:37:00,0.9978,0.9978,0.99772,0.99772,5
2012-03-29 06:38:00,0.9979,0.9979,0.99784,0.99784,4
2012-03-29 06:39:00,0.99814,0.99818,0.99794,0.99794,19
2012-03-29 06:40:00,0.99802,0.99814,0.998,0.99812,9
2012-03-29 06:41:00,0.99802,0.99802,0.998,0.998,4
2012-03-29 06:42:00,0.99794,0.998,0.99782,0.998,12
2012-03-29 06:43:00,0.99802,0.99802,0.99794,0.99796,6
2012-03-29 06:44:00,0.9976,0.998,0.9976,0.998,20
2012-03-29 06:45:00,0.99782,0.99786,0.99762,0.99762,15
2012-03-29 06:46:00,0.9979,0.9979,0.99776,0.99784,12
2012-03-29 06:47:00,0.99796,0.99796,0.99794,0.99794,8
2012-03-29 06:48:00,0.9979,0.99794,0.9979,0.99794,3
2012-03-29 06:49:00,0.99778,0.99788,0.99778,0.99788,13
2012-03-29 06:50:00,0.9977,0.99776,0.99766,0.99776,9
2012-03-29 06:51:00,0.99772,0.99776,0.99772,0.99772,5
2012-03-29 06:52:00,0.99766,0.9977,0.99766,0.9977,3
2012-03-29 06:53:00,0.99754,0.99762,0.99748,0.99762,10
2012-03-29 06:54:00,0.99742,0.99752,0.9974,0.99752,29
2012-03-29 06:55:00,0.99776,0.9978,0.99744,0.99744,32
2012-03-29 06:56:00,0.99796,0.99796,0.99776,0.99778,18
2012-03-29 06:59:00,0.99778,0.99794,0.99776,0.99794,10
2012-03-29 07:00:00,0.99762,0.99776,0.9976,0.99776,14
2012-03-29 07:01:00,0.9974,0.99762,0.9974,0.9976,23
2012-03-29 07:02:00,0.9975,0.99764,0.99738,0.99738,28
2012-03-29 07:03:00,0.99752,0.99752,0.99744,0.99748,17
2012-03-29 07:04:00,0.99756,0.99758,0.99748,0.9975,22
2012-03-29 07:05:00,0.99772,0.99772,0.99752,0.99758,12
2012-03-29 07:06:00,0.9979,0.9979,0.9977,0.9977,16
2012-03-29 07:07:00,0.998,0.998,0.99788,0.99788,18
2012-03-29 07:08:00,0.99802,0.99806,0.99794,0.99798,26
2012-03-29 07:09:00,0.9982,0.9982,0.99804,0.99804,12
2012-03-29 07:10:00,0.9983,0.9983,0.99814,0.99822,16
2012-03-29 07:11:00,0.99856,0.99856,0.99832,0.99832,15
2012-03-29 07:12:00,0.9985,0.99858,0.9984,0.99858,17
2012-03-29 07:13:00,0.9984,0.99852,0.9984,0.99848,10
2012-03-29 07:14:00,0.99822,0.99838,0.99822,0.99838,14
2012-03-29 07:15:00,0.9981,0.99826,0.9981,0.99824,11
2012-03-29 07:16:00,0.99806,0.99818,0.99806,0.99812,17
2012-03-29 07:17:00,0.9979,0.99812,0.99788,0.99808,23
2012-03-29 07:18:00,0.99788,0.99788,0.9978,0.99788,10
2012-03-29 07:19:00,0.99782,0.99786,0.9978,0.99786,17
2012-03-29 07:20:00,0.9978,0.9978,0.9976,0.9978,20
2012-03-29 07:21:00,0.9976,0.99796,0.9976,0.99778,27
2012-03-29 07:22:00,0.99778,0.99778,0.99756,0.99758,24
2012-03-29 07:23:00,0.9979,0.9979,0.9978,0.9978,17
2012-03-29 07:24:00,0.99846,0.99846,0.99794,0.99794,37
2012-03-29 07:25:00,0.99864,0.99864,0.99834,0.99844,31
2012-03-29 07:26:00,0.9985,0.99862,0.99844,0.99862,22
2012-03-29 07:27:00,0.99868,0.99868,0.99844,0.99848,20
2012-03-29 07:28:00,0.99868,0.99872,0.9986,0.99872,10
2012-03-29 07:29:00,0.99868,0.99868,0.99854,0.99866,16
2012-03-29 07:30:00,0.99844,0.99866,0.9984,0.99866,27
2012-03-29 07:31:00,0.99858,0.99858,0.9984,0.99846,23
2012-03-29 07:32:00,0.9988,0.9988,0.9986,0.99862,25
2012-03-29 07:33:00,0.99908,0.99912,0.99882,0.99884,33
2012-03-29 07:34:00,0.99878,0.99906,0.99876,0.99906,21
2012-03-29 07:35:00,0.99882,0.99894,0.99876,0.99876,20
2012-03-29 07:36:00,0.99882,0.99888,0.99876,0.99884,20
2012-03-29 07:37:00,0.9989,0.99896,0.99884,0.99884,11
2012-03-29 07:38:00,0.99828,0.99888,0.99828,0.99888,39
2012-03-29 07:39:00,0.99828,0.99838,0.99822,0.99826,28
2012-03-29 07:40:00,0.9982,0.99828,0.9981,0.99826,19
2012-03-29 07:41:00,0.9982,0.9983,0.99816,0.99822,14
2012-03-29 07:42:00,0.99788,0.99822,0.99788,0.99818,18
2012-03-29 07:43:00,0.9979,0.99798,0.99788,0.9979,13
2012-03-29 07:44:00,0.9979,0.99794,0.9978,0.99788,12
2012-03-29 07:45:00,0.9978,0.99788,0.9976,0.99788,23
2012-03-29 07:46:00,0.99788,0.99796,0.99784,0.99784,10
2012-03-29 07:47:00,0.99778,0.99784,0.99776,0.99784,12
2012-03-29 07:48:00,0.99766,0.99776,0.9976,0.99776,12
2012-03-29 07:49:00,0.99762,0.99766,0.9976,0.99764,12
2012-03-29 07:50:00,0.99776,0.9978,0.9976,0.99764,34
2012-03-29 07:51:00,0.99784,0.99786,0.9976,0.99774,37
2012-03-29 07:52:00,0.99788,0.9979,0.99786,0.99786,14
2012-03-29 07:53:00,0.99796,0.99798,0.9979,0.9979,5
2012-03-29 07:54:00,0.99806,0.99812,0.99796,0.99798,18
2012-03-29 07:55:00,0.99774,0.99812,0.9977,0.99808,39
2012-03-29 07:56:00,0.99792,0.99796,0.99776,0.99776,13
2012-03-29 07:57:00,0.9981,0.9981,0.9979,0.9979,14
2012-03-29 07:58:00,0.9979,0.99812,0.99782,0.99812,20
2012-03-29 07:59:00,0.99814,0.9982,0.99794,0.99794,17
2012-03-29 08:00:00,0.99832,0.99832,0.99792,0.99812,30
2012-03-29 08:01:00,0.9983,0.9984,0.99814,0.99834,31
2012-03-29 08:02:00,0.99874,0.99874,0.99832,0.99832,22
2012-03-29 08:03:00,0.99854,0.99876,0.99854,0.99872,27
2012-03-29 08:04:00,0.9984,0.99854,0.99836,0.9985,17
2012-03-29 08:05:00,0.99864,0.99866,0.9984,0.99842,32
2012-03-29 08:06:00,0.99866,0.99876,0.99866,0.99866,18
2012-03-29 08:07:00,0.99846,0.99862,0.99846,0.99862,18
2012-03-29 08:08:00,0.99846,0.99862,0.99844,0.99848,20
2012-03-29 08:09:00,0.99842,0.99852,0.9984,0.99848,9
2012-03-29 08:10:00,0.9984,0.99852,0.9984,0.99844,13
2012-03-29 08:11:00,0.9984,0.99846,0.99836,0.99842,10
2012-03-29 08:12:00,0.99838,0.99844,0.99836,0.99838,15
2012-03-29 08:13:00,0.99834,0.9984,0.99834,0.9984,8
2012-03-29 08:14:00,0.9982,0.99836,0.99816,0.99836,13
2012-03-29 08:15:00,0.99828,0.9983,0.99816,0.99818,25
2012-03-29 08:16:00,0.998,0.9983,0.998,0.99826,36
2012-03-29 08:17:00,0.9982,0.9982,0.99792,0.99796,19
2012-03-29 08:18:00,0.9984,0.9984,0.99822,0.99822,12
2012-03-29 08:19:00,0.99848,0.99852,0.9984,0.99842,13
2012-03-29 08:20:00,0.99868,0.99868,0.9985,0.9985,15
2012-03-29 08:21:00,0.99852,0.99866,0.9985,0.99866,15
2012-03-29 08:22:00,0.99852,0.99854,0.99838,0.99854,14
2012-03-29 08:23:00,0.9984,0.9985,0.9984,0.9985,7
2012-03-29 08:24:00,0.99852,0.99852,0.99842,0.99842,9
2012-03-29 08:25:00,0.9985,0.9985,0.9985,0.9985,1
2012-03-29 08:26:00,0.9986,0.99864,0.9985,0.99852,10
2012-03-29 08:27:00,0.99844,0.99868,0.99844,0.99862,17
2012-03-29 08:28:00,0.99842,0.99842,0.99828,0.9984,12
2012-03-29 08:29:00,0.99848,0.99852,0.9984,0.9984,20
2012-03-29 08:30:00,0.99862,0.99868,0.9985,0.9985,14
2012-03-29 08:31:00,0.9989,0.9989,0.99864,0.99864,14
2012-03-29 08:32:00,0.999,0.99902,0.9988,0.99888,22
2012-03-29 08:33:00,0.99892,0.99908,0.99892,0.99902,26
2012-03-29 08:34:00,0.99892,0.99908,0.99892,0.99894,22
2012-03-29 08:35:00,0.99912,0.9992,0.99892,0.99894,36
2012-03-29 08:36:00,0.9992,0.99928,0.99906,0.9991,40
2012-03-29 08:37:00,0.99924,0.99928,0.99922,0.99922,7
2012-03-29 08:38:00,0.9991,0.99922,0.9991,0.99922,6
2012-03-29 08:39:00,0.99892,0.99906,0.99892,0.99906,7
2012-03-29 08:40:00,0.9988,0.9989,0.9988,0.9989,5
2012-03-29 08:41:00,0.99922,0.9993,0.99882,0.99882,27
2012-03-29 08:42:00,0.99922,0.99924,0.99922,0.99924,4
2012-03-29 08:43:00,0.9993,0.9993,0.99924,0.99924,6
2012-03-29 08:44:00,0.9994,0.99942,0.99926,0.99928,14
2012-03-29 08:45:00,0.99932,0.99938,0.99932,0.99938,4
2012-03-29 08:46:00,0.99932,0.9994,0.99932,0.99934,8
2012-03-29 08:47:00,0.9993,0.9993,0.99926,0.99928,4
2012-03-29 08:48:00,0.99922,0.99928,0.99922,0.99928,4
2012-03-29 08:49:00,0.9991,0.99918,0.9991,0.99918,5
2012-03-29 08:50:00,0.99904,0.99912,0.99904,0.99912,4
2012-03-29 08:51:00,0.9991,0.9991,0.99906,0.99906,7
2012-03-29 08:52:00,0.9992,0.99924,0.99906,0.99908,16
2012-03-29 08:53:00,0.9991,0.99918,0.9991,0.99918,5
2012-03-29 08:54:00,0.99924,0.99924,0.99912,0.99912,17
2012-03-29 08:55:00,0.99906,0.99922,0.99898,0.99922,18
2012-03-29 08:56:00,0.99902,0.99904,0.99902,0.99904,2
2012-03-29 08:57:00,0.99902,0.99902,0.99898,0.999,4
2012-03-29 08:58:00,0.99902,0.99916,0.99902,0.99904,20
2012-03-29 08:59:00,0.99898,0.9991,0.99898,0.99904,18
2012-03-29 09:00:00,0.999,0.999,0.999,0.999,1
2012-03-29 09:01:00,0.9992,0.99924,0.99902,0.99902,15
2012-03-29 09:02:00,0.99916,0.99928,0.99916,0.99922,10
2012-03-29 09:03:00,0.9993,0.9993,0.99918,0.99918,6
2012-03-29 09:04:00,0.99922,0.99928,0.99922,0.99928,4
2012-03-29 09:05:00,0.99926,0.9993,0.99922,0.99924,18
2012-03-29 09:06:00,0.99944,0.99952,0.99928,0.99928,21
2012-03-29 09:07:00,0.99946,0.99956,0.99938,0.99946,26
2012-03-29 09:08:00,0.9994,0.9995,0.99932,0.9995,25
2012-03-29 09:09:00,0.9995,0.99964,0.99942,0.99942,20
2012-03-29 09:10:00,0.99962,0.99972,0.99952,0.99952,15
2012-03-29 09:11:00,0.99962,0.99964,0.99958,0.9996,16
2012-03-29 09:12:00,0.9995,0.99964,0.9995,0.99964,11
2012-03-29 09:13:00,0.99964,0.99964,0.99952,0.99952,8
2012-03-29 09:14:00,0.9996,0.99968,0.9996,0.99966,6
2012-03-29 09:15:00,0.99946,0.99964,0.99946,0.99958,16
2012-03-29 09:16:00,0.99952,0.99952,0.99938,0.99944,11
2012-03-29 09:17:00,0.99946,0.99956,0.99936,0.9995,22
2012-03-29 09:18:00,0.99946,0.99954,0.99944,0.9995,15
2012-03-29 09:19:00,0.9994,0.9995,0.99932,0.99948,22
2012-03-29 09:20:00,0.9994,0.9995,0.9994,0.99942,12
2012-03-29 09:21:00,0.99986,0.99986,0.99942,0.99942,25
2012-03-29 09:22:00,0.9998,0.99984,0.99978,0.99984,5
2012-03-29 09:23:00,0.9997,0.99978,0.9997,0.99978,8
2012-03-29 09:24:00,1.0,1.0,0.9997,0.99972,17
2012-03-29 09:25:00,0.9999,1.0,0.99984,0.99998,37
2012-03-29 09:26:00,0.9999,1.00004,0.99984,0.99988,38
2012-03-29 09:27:00,0.99998,1.0,0.99992,0.99992,16
2012-03-29 09:28:00,0.9999,0.99996,0.99984,0.99996,13
2012-03-29 09:29:00,0.9999,0.99996,0.99984,0.99988,13
2012-03-29 09:30:00,0.99998,1.00006,0.99992,0.99992,26
2012-03-29 09:31:00,1.00006,1.00006,0.99994,0.99996,11
2012-03-29 09:32:00,0.99996,1.00004,0.99996,1.00004,16
2012-03-29 09:33:00,0.99984,0.99994,0.99984,0.99994,5
2012-03-29 09:34:00,0.99976,0.99988,0.99976,0.99986,22
2012-03-29 09:35:00,0.99976,0.99978,0.9997,0.99972,15
2012-03-29 09:36:00,0.99988,0.99988,0.9997,0.99974,11
2012-03-29 09:37:00,0.99978,0.99988,0.99978,0.99986,7
2012-03-29 09:38:00,0.99978,0.9998,0.99968,0.9998,13
2012-03-29 09:39:00,0.9998,0.99994,0.9998,0.9998,12
2012-03-29 09:40:00,0.9999,0.99994,0.99982,0.99982,14
2012-03-29 09:41:00,0.9999,1.0,0.9999,0.99992,18
2012-03-29 09:42:00,1.00004,1.00006,0.99992,0.99992,10
2012-03-29 09:43:00,1.00036,1.00036,1.00004,1.00006,20
2012-03-29 09:44:00,1.0004,1.00046,1.0003,1.00038,24
2012-03-29 09:45:00,1.00042,1.0005,1.00042,1.00044,14
2012-03-29 09:46:00,1.00012,1.0004,1.00012,1.00038,29
2012-03-29 09:47:00,1.0002,1.0002,1.00016,1.00016,3
2012-03-29 09:48:00,1.00038,1.00038,1.0002,1.00022,16
2012-03-29 09:49:00,1.00038,1.00038,1.00028,1.00036,14
2012-03-29 09:50:00,1.00066,1.0007,1.0004,1.0004,16
2012-03-29 09:51:00,1.00064,1.0007,1.0005,1.0007,19
2012-03-29 09:52:00,1.00056,1.0007,1.00056,1.00066,10
2012-03-29 09:53:00,1.0005,1.00058,1.00046,1.00058,16
2012-03-29 09:54:00,1.00046,1.00052,1.00046,1.00048,6
2012-03-29 09:55:00,1.00042,1.00056,1.0003,1.00048,26
2012-03-29 09:56:00,1.00018,1.00038,1.00018,1.00038,14
2012-03-29 09:57:00,1.00016,1.0002,1.00008,1.00016,15
2012-03-29 09:58:00,1.00032,1.00038,1.0001,1.00012,31
2012-03-29 09:59:00,1.00036,1.00036,1.0003,1.0003,6
2012-03-29 10:00:00,1.0004,1.0005,1.00038,1.00038,18
2012-03-29 10:01:00,1.00052,1.0006,1.00044,1.00044,17
2012-03-29 10:02:00,1.0007,1.00078,1.0005,1.0005,31
2012-03-29 10:03:00,1.0007,1.00074,1.0007,1.00072,6
2012-03-29 10:04:00,1.0007,1.00072,1.0007,1.00072,8
2012-03-29 10:05:00,1.0007,1.00078,1.0007,1.00072,14
2012-03-29 10:06:00,1.0005,1.00066,1.0005,1.00066,10
2012-03-29 10:07:00,1.00058,1.00058,1.00038,1.00048,19
2012-03-29 10:08:00,1.0006,1.00064,1.0005,1.0006,13
2012-03-29 10:09:00,1.0006,1.00062,1.00058,1.00058,4
2012-03-29 10:10:00,1.00048,1.00058,1.00048,1.00058,7
2012-03-29 10:11:00,1.00042,1.00046,1.00042,1.00046,3
2012-03-29 10:12:00,1.0005,1.00056,1.00044,1.00044,10
2012-03-29 10:13:00,1.0005,1.00052,1.00046,1.00048,8
2012-03-29 10:14:00,1.00048,1.00052,1.00048,1.00052,3
2012-03-29 10:15:00,1.0005,1.00056,1.00046,1.0005,17
2012-03-29 10:16:00,1.00022,1.0005,1.00018,1.00048,20
2012-03-29 10:17:00,1.00008,1.00022,1.00008,1.0002,10
2012-03-29 10:18:00,1.00018,1.00022,1.00004,1.00006,12
2012-03-29 10:19:00,1.0002,1.0002,1.00016,1.0002,5
2012-03-29 10:20:00,1.0004,1.00044,1.00022,1.00022,21
2012-03-29 10:21:00,1.0004,1.0004,1.00034,1.00038,8
2012-03-29 10:23:00,1.00042,1.0005,1.00042,1.00044,10
2012-03-29 10:24:00,1.00038,1.0004,1.00036,1.00038,5
2012-03-29 10:25:00,1.0003,1.00038,1.0003,1.00036,10
2012-03-29 10:26:00,1.0003,1.0003,1.00018,1.00028,12
2012-03-29 10:27:00,1.0003,1.0003,1.00028,1.00028,2
2012-03-29 10:28:00,1.00028,1.00028,1.00028,1.00028,1
2012-03-29 10:29:00,1.00026,1.0003,1.00022,1.0003,6
2012-03-29 10:30:00,1.0003,1.0003,1.0003,1.0003,1
2012-03-29 10:31:00,1.00046,1.00046,1.00032,1.00032,7
2012-03-29 10:32:00,1.0006,1.0006,1.00048,1.00048,6
2012-03-29 10:33:00,1.00038,1.00058,1.00038,1.00058,11
2012-03-29 10:34:00,1.00026,1.00036,1.00022,1.00036,11
2012-03-29 10:35:00,1.00026,1.00026,1.00022,1.00024,4
2012-03-29 10:36:00,1.00026,1.00028,1.00024,1.00028,6
2012-03-29 10:37:00,1.00018,1.00024,1.00018,1.00024,3
2012-03-29 10:38:00,1.00026,1.00026,1.00016,1.00022,7
2012-03-29 10:40:00,1.00036,1.00036,1.00016,1.00024,14
2012-03-29 10:41:00,1.00036,1.00038,1.0003,1.00038,10
2012-03-29 10:42:00,1.00036,1.00038,1.00036,1.00038,2
2012-03-29 10:43:00,1.00048,1.0005,1.00038,1.00038,13
2012-03-29 10:44:00,1.0005,1.0005,1.0004,1.00044,13
2012-03-29 10:45:00,1.0004,1.00052,1.00038,1.00052,12
2012-03-29 10:46:00,1.00038,1.00038,1.00038,1.00038,1
2012-03-29 10:47:00,1.00052,1.00054,1.0004,1.0004,16
2012-03-29 10:48:00,1.00046,1.0005,1.00044,1.0005,4
2012-03-29 10:49:00,1.00028,1.00044,1.00028,1.00044,10
2012-03-29 10:50:00,1.00028,1.00036,1.00028,1.0003,12
2012-03-29 10:51:00,1.00016,1.00026,1.0001,1.00026,15
2012-03-29 10:52:00,0.9999,1.00014,0.9999,1.00014,19
2012-03-29 10:53:00,0.99982,0.99996,0.99982,0.99992,13
2012-03-29 10:54:00,0.99984,0.99984,0.99976,0.99984,11
2012-03-29 10:55:00,0.99998,1.0,0.99986,0.99986,12
2012-03-29 10:56:00,0.99998,1.0,0.99998,1.0,4
2012-03-29 10:57:00,0.99978,0.99996,0.99978,0.99996,11
2012-03-29 10:58:00,0.9998,0.9998,0.99968,0.99976,24
2012-03-29 10:59:00,0.9999,0.9999,0.99976,0.99978,10
2012-03-29 11:00:00,1.00028,1.00028,0.99994,0.99994,35
2012-03-29 11:01:00,1.00028,1.00028,1.00016,1.00026,20
2012-03-29 11:02:00,1.00022,1.0003,1.00016,1.0003,13
2012-03-29 11:03:00,1.00018,1.00018,1.00016,1.00018,3
2012-03-29 11:04:00,1.00024,1.00024,1.00018,1.00022,4
2012-03-29 11:05:00,1.00032,1.00042,1.00026,1.00026,22
2012-03-29 11:06:00,1.00036,1.00038,1.00036,1.00036,5
2012-03-29 11:07:00,1.00052,1.00056,1.00038,1.00038,15
2012-03-29 11:08:00,1.00056,1.0006,1.0005,1.0005,24
2012-03-29 11:09:00,1.00062,1.00066,1.00056,1.00058,16
2012-03-29 11:10:00,1.00048,1.00064,1.00048,1.00064,12
2012-03-29 11:11:00,1.00052,1.00052,1.00044,1.0005,6
2012-03-29 11:12:00,1.0005,1.0006,1.0005,1.0005,13
2012-03-29 11:13:00,1.00048,1.00054,1.00044,1.00052,9
2012-03-29 11:14:00,1.00036,1.0006,1.00036,1.0005,17
2012-03-29 11:15:00,1.00028,1.0004,1.00028,1.00038,7
2012-03-29 11:16:00,1.00018,1.0003,1.00018,1.0003,8
2012-03-29 11:17:00,0.99996,1.00022,0.99996,1.00022,11
2012-03-29 11:18:00,0.99998,1.00008,0.99996,0.99998,17
2012-03-29 11:19:00,0.99988,0.99996,0.99988,0.99996,11
2012-03-29 11:20:00,1.00012,1.00012,0.9999,0.9999,21
2012-03-29 11:21:00,1.00016,1.00026,1.0001,1.0001,19
2012-03-29 11:22:00,1.0002,1.0002,1.00008,1.00012,16
2012-03-29 11:23:00,1.0003,1.0003,1.00022,1.00022,4
2012-03-29 11:24:00,1.0,1.0003,1.0,1.00028,22
2012-03-29 11:25:00,1.00048,1.00048,1.00002,1.00002,28
2012-03-29 11:26:00,1.00038,1.00046,1.00034,1.00046,14
2012-03-29 11:27:00,1.0006,1.0007,1.0004,1.0004,17
2012-03-29 11:28:00,1.0006,1.00062,1.00056,1.00062,10
2012-03-29 11:29:00,1.00048,1.00058,1.00048,1.00058,5
2012-03-29 11:30:00,1.00022,1.00046,1.0002,1.00046,31
2012-03-29 11:31:00,1.0002,1.0003,1.00016,1.0002,13
2012-03-29 11:32:00,1.00016,1.00022,1.00016,1.00022,6
2012-03-29 11:33:00,1.0001,1.00022,1.0001,1.00012,10
2012-03-29 11:34:00,1.00008,1.00012,1.00006,1.00008,9
2012-03-29 11:35:00,0.99996,1.00006,0.99996,1.00006,13
2012-03-29 11:36:00,0.99998,1.0,0.99994,0.99994,13
2012-03-29 11:37:00,0.99994,1.0,0.99994,1.0,6
2012-03-29 11:38:00,0.99992,1.0,0.99988,0.99996,17
2012-03-29 11:39:00,0.99984,0.9999,0.99982,0.9999,5
2012-03-29 11:40:00,0.9999,0.9999,0.9998,0.99982,9
2012-03-29 11:41:00,0.99998,0.99998,0.99988,0.99994,17
2012-03-29 11:42:00,0.99992,0.99996,0.99992,0.99996,3
2012-03-29 11:43:00,0.99986,0.99992,0.99984,0.9999,6
2012-03-29 11:44:00,0.9998,0.99984,0.9998,0.99984,3
2012-03-29 11:45:00,0.99982,0.99982,0.99982,0.99982,1
2012-03-29 11:46:00,1.00008,1.00008,0.99984,0.99984,19
2012-03-29 11:47:00,1.00004,1.00006,1.00004,1.00006,4
2012-03-29 11:48:00,0.9999,1.00006,0.9999,1.00006,10
2012-03-29 11:49:00,0.9999,0.9999,0.9998,0.99988,13
2012-03-29 11:50:00,0.99998,1.0,0.99988,0.99994,17
2012-03-29 11:51:00,1.0001,1.00018,1.0,1.0,27
2012-03-29 11:52:00,1.0001,1.00016,1.00008,1.00008,6
2012-03-29 11:53:00,1.0003,1.00038,1.0001,1.00012,30
2012-03-29 11:54:00,1.0005,1.00052,1.00032,1.00032,19
2012-03-29 11:55:00,1.0001,1.00048,1.0001,1.00048,27
2012-03-29 11:56:00,0.99988,1.00008,0.99988,1.00008,10
2012-03-29 11:57:00,1.00018,1.0002,0.99976,0.99984,49
2012-03-29 11:58:00,1.0001,1.00022,1.0001,1.0002,13
2012-03-29 11:59:00,1.0003,1.00032,1.00012,1.00012,14
2012-03-29 12:00:00,1.0005,1.00052,1.00032,1.00032,13
2012-03-29 12:01:00,1.00016,1.00048,1.00016,1.00048,17
2012-03-29 12:02:00,1.0001,1.00012,1.00008,1.00012,4
2012-03-29 12:03:00,1.00008,1.0001,1.00006,1.00008,7
2012-03-29 12:04:00,1.00008,1.00008,0.99998,1.00006,8
2012-03-29 12:05:00,1.0,1.00008,0.99998,1.00006,21
2012-03-29 12:06:00,0.99978,0.99998,0.99978,0.99998,11
2012-03-29 12:07:00,0.99958,0.99978,0.9995,0.99976,37
2012-03-29 12:08:00,0.9998,0.9998,0.9995,0.99956,24
2012-03-29 12:09:00,0.99998,0.99998,0.99976,0.99978,15
2012-03-29 12:10:00,1.00006,1.00022,1.0,1.0,17
2012-03-29 12:11:00,1.00002,1.00008,0.99996,1.00004,18
2012-03-29 12:12:00,0.99962,0.99998,0.99962,0.99998,32
2012-03-29 12:13:00,0.99968,0.99968,0.99964,0.99964,5
2012-03-29 12:14:00,0.99986,0.99986,0.99972,0.99972,15
2012-03-29 12:15:00,1.00004,1.00006,0.99988,0.99988,21
2012-03-29 12:16:00,0.99974,1.00004,0.99974,1.00004,15
2012-03-29 12:17:00,0.99978,0.9998,0.99974,0.99976,8
2012-03-29 12:18:00,0.99959,0.99976,0.99959,0.99976,26
2012-03-29 12:19:00,0.9999,0.99992,0.99959,0.99961,35
2012-03-29 12:20:00,0.99977,0.99988,0.99971,0.99988,41
2012-03-29 12:21:00,0.99982,0.99987,0.99971,0.99979,42
2012-03-29 12:22:00,0.9996,0.99992,0.99956,0.99984,29
2012-03-29 12:23:00,0.99969,0.99975,0.99962,0.99962,11
2012-03-29 12:24:00,0.99971,0.99979,0.99969,0.99971,13
2012-03-29 12:25:00,1.00009,1.00028,0.99966,0.99969,45
2012-03-29 12:26:00,0.99989,1.00006,0.99981,1.00006,31
2012-03-29 12:27:00,0.9999,1.0,0.99987,0.99987,18
2012-03-29 12:28:00,0.99971,0.99992,0.99971,0.99992,18
2012-03-29 12:29:00,0.99996,0.99996,0.99969,0.99969,25
2012-03-29 12:30:00,1.00028,1.00084,0.99999,1.0,81
2012-03-29 12:31:00,1.00067,1.00069,1.00023,1.00026,41
2012-03-29 12:32:00,1.00049,1.00075,1.00044,1.00069,32
2012-03-29 12:33:00,1.00028,1.00051,1.00021,1.00047,34
2012-03-29 12:34:00,1.00006,1.00028,1.00006,1.00026,30
2012-03-29 12:35:00,1.00014,1.00028,1.00006,1.00008,17
2012-03-29 12:36:00,0.99981,1.00011,0.99981,1.00011,45
2012-03-29 12:37:00,0.99969,0.99989,0.99969,0.99978,27
2012-03-29 12:38:00,0.9999,0.99992,0.99971,0.99971,15
2012-03-29 12:39:00,0.9999,1.00011,0.9999,0.99992,20
2012-03-29 12:40:00,0.99974,0.99989,0.99971,0.99988,43
2012-03-29 12:41:00,0.99953,0.99977,0.99944,0.99971,36
2012-03-29 12:42:00,0.99989,0.99989,0.99949,0.99951,43
2012-03-29 12:43:00,0.99998,1.0,0.99986,0.99992,21
2012-03-29 12:44:00,0.99971,0.99995,0.99971,0.99995,23
2012-03-29 12:45:00,0.99965,0.9997,0.99961,0.99969,16
2012-03-29 12:46:00,0.99965,0.99965,0.99956,0.99963,8
2012-03-29 12:47:00,0.99959,0.99967,0.99959,0.99963,15
2012-03-29 12:48:00,0.9996,0.9996,0.99954,0.99956,5
2012-03-29 12:49:00,0.99962,0.99962,0.99962,0.99962,1
2012-03-29 12:50:00,0.9999,0.99997,0.99965,0.99965,21
2012-03-29 12:51:00,1.0,1.0,0.99988,0.99992,16
2012-03-29 12:52:00,1.0,1.00003,0.9999,1.00003,12
2012-03-29 12:53:00,1.00003,1.00003,0.99998,1.00003,7
2012-03-29 12:54:00,1.0,1.00003,0.99995,1.0,11
2012-03-29 12:55:00,0.9998,1.0,0.99978,0.99998,22
2012-03-29 12:56:00,0.99964,0.99978,0.99964,0.99978,11
2012-03-29 12:57:00,0.99979,0.99979,0.99959,0.99961,19
2012-03-29 12:58:00,0.99971,0.99984,0.99971,0.99982,18
2012-03-29 12:59:00,0.99969,0.99982,0.99969,0.99973,21
2012-03-29 13:00:00,0.99974,0.99982,0.99964,0.99971,30
2012-03-29 13:01:00,0.99961,0.99978,0.99947,0.99976,27
2012-03-29 13:02:00,0.9998,0.99984,0.99952,0.99959,44
2012-03-29 13:03:00,0.99979,0.9998,0.99964,0.99978,16
2012-03-29 13:04:00,1.00003,1.00011,0.99981,0.99982,31
2012-03-29 13:05:00,0.99992,1.00003,0.99992,1.0,12
2012-03-29 13:06:00,0.9999,0.99992,0.99978,0.9999,19
2012-03-29 13:07:00,1.00008,1.00011,0.99988,0.99988,19
2012-03-29 13:08:00,1.00009,1.00014,1.00003,1.00011,14
2012-03-29 13:09:00,1.00031,1.00037,1.00009,1.00011,20
2012-03-29 13:10:00,1.00031,1.00034,1.00028,1.00028,12
2012-03-29 13:11:00,1.00051,1.00059,1.00034,1.00034,19
2012-03-29 13:12:00,1.00056,1.00062,1.00051,1.00054,10
2012-03-29 13:13:00,1.00065,1.00073,1.00057,1.00059,19
2012-03-29 13:14:00,1.00051,1.00063,1.00048,1.00063,13
2012-03-29 13:15:00,1.00068,1.00071,1.00054,1.00054,14
2012-03-29 13:16:00,1.00054,1.00076,1.00054,1.00071,13
2012-03-29 13:17:00,1.0006,1.00062,1.00043,1.00051,14
2012-03-29 13:18:00,1.00037,1.00057,1.00037,1.00057,10
2012-03-29 13:19:00,1.00042,1.00048,1.00034,1.00039,24
2012-03-29 13:20:00,1.00061,1.00061,1.00037,1.0004,14
2012-03-29 13:21:00,1.0005,1.00058,1.00047,1.00058,10
2012-03-29 13:22:00,1.00081,1.00081,1.00052,1.00052,21
2012-03-29 13:23:00,1.00087,1.00095,1.00078,1.00083,18
2012-03-29 13:24:00,1.00081,1.00095,1.00081,1.00089,14
2012-03-29 13:25:00,1.00078,1.00083,1.00078,1.00078,5
2012-03-29 13:26:00,1.00084,1.00092,1.00072,1.00075,26
2012-03-29 13:27:00,1.00068,1.00083,1.00068,1.00081,23
2012-03-29 13:28:00,1.00071,1.00071,1.00054,1.00065,17
2012-03-29 13:29:00,1.00057,1.00068,1.00054,1.00068,13
2012-03-29 13:30:00,1.00062,1.00065,1.00051,1.00054,28
2012-03-29 13:31:00,1.00071,1.00076,1.0006,1.0006,31
2012-03-29 13:32:00,1.00059,1.00068,1.00057,1.00068,18
2012-03-29 13:33:00,1.00054,1.00068,1.00054,1.00062,22
2012-03-29 13:34:00,1.0002,1.00056,1.0002,1.00056,22
2012-03-29 13:35:00,1.0002,1.0002,1.00009,1.00017,12
2012-03-29 13:36:00,1.00009,1.00022,1.0,1.00022,26
2012-03-29 13:37:00,1.00025,1.00025,1.0,1.00011,22
2012-03-29 13:38:00,1.00022,1.00023,1.00014,1.00023,11
2012-03-29 13:39:00,1.00031,1.00031,1.00023,1.00025,7
2012-03-29 13:40:00,1.00031,1.00048,1.00031,1.00034,26
2012-03-29 13:41:00,1.00031,1.00048,1.00028,1.00034,26
2012-03-29 13:42:00,1.00039,1.00045,1.0002,1.00028,31
2012-03-29 13:43:00,1.00031,1.00037,1.00026,1.00037,13
2012-03-29 13:44:00,1.00037,1.00039,1.00026,1.00028,20
2012-03-29 13:45:00,1.0004,1.00045,1.00031,1.00039,23
2012-03-29 13:46:00,1.00022,1.00062,1.00017,1.00042,42
2012-03-29 13:47:00,1.0,1.0002,0.99995,1.0002,22
2012-03-29 13:48:00,1.00003,1.00011,0.99998,0.99998,21
2012-03-29 13:49:00,1.00028,1.00028,1.0,1.0,21
2012-03-29 13:50:00,1.00014,1.00031,1.00014,1.00026,23
2012-03-29 13:51:00,1.00028,1.00028,1.00011,1.00011,11
2012-03-29 13:52:00,1.00068,1.00068,1.00031,1.00031,18
2012-03-29 13:53:00,1.00059,1.00065,1.00051,1.00065,15
2012-03-29 13:54:00,1.00031,1.00059,1.00031,1.00057,18
2012-03-29 13:55:00,1.00085,1.00085,1.00026,1.00028,31
2012-03-29 13:56:00,1.00079,1.00093,1.00068,1.00082,44
2012-03-29 13:57:00,1.00093,1.00099,1.00071,1.00077,29
2012-03-29 13:58:00,1.0013,1.00142,1.00088,1.00091,43
2012-03-29 13:59:00,1.0011,1.00128,1.00097,1.00128,37
2012-03-29 14:00:00,1.00097,1.00142,1.00097,1.00113,37
2012-03-29 14:01:00,1.00126,1.00137,1.00091,1.00094,52
2012-03-29 14:02:00,1.00132,1.0014,1.00118,1.00129,34
2012-03-29 14:03:00,1.00118,1.00129,1.00095,1.00129,33
2012-03-29 14:04:00,1.00078,1.0012,1.00075,1.0012,34
2012-03-29 14:05:00,1.00078,1.00092,1.00075,1.00081,36
2012-03-29 14:06:00,1.00069,1.00081,1.00064,1.00081,21
2012-03-29 14:07:00,1.00081,1.00086,1.00064,1.00072,22
2012-03-29 14:08:00,1.00061,1.00086,1.00058,1.00083,31
2012-03-29 14:09:00,1.00092,1.00092,1.00053,1.00058,23
2012-03-29 14:10:00,1.0012,1.0012,1.00095,1.00095,30
2012-03-29 14:11:00,1.00141,1.00143,1.00107,1.00118,45
2012-03-29 14:12:00,1.00142,1.00143,1.00122,1.00143,41
2012-03-29 14:13:00,1.00142,1.00144,1.00128,1.00139,32
2012-03-29 14:14:00,1.00131,1.00144,1.00125,1.00139,18
2012-03-29 14:15:00,1.0011,1.00128,1.00108,1.00128,27
2012-03-29 14:16:00,1.00139,1.00144,1.00102,1.00108,34
2012-03-29 14:17:00,1.00142,1.00153,1.00128,1.00136,37
2012-03-29 14:18:00,1.0015,1.00153,1.00139,1.00144,33
2012-03-29 14:19:00,1.00173,1.00181,1.00148,1.00153,52
2012-03-29 14:20:00,1.00142,1.0017,1.00139,1.0017,25
2012-03-29 14:21:00,1.00096,1.00139,1.00088,1.00139,32
2012-03-29 14:22:00,1.00093,1.00105,1.00088,1.00094,25
2012-03-29 14:23:00,1.00105,1.00122,1.00091,1.00096,28
2012-03-29 14:24:00,1.00102,1.00113,1.00097,1.00102,21
2012-03-29 14:25:00,1.00119,1.00125,1.00105,1.00105,24
2012-03-29 14:26:00,1.00147,1.00147,1.00116,1.00122,18
2012-03-29 14:27:00,1.00159,1.00167,1.0015,1.0015,24
2012-03-29 14:28:00,1.0017,1.00173,1.0015,1.00156,30
2012-03-29 14:29:00,1.00167,1.00176,1.0015,1.00173,21
2012-03-29 14:30:00,1.00185,1.00187,1.00162,1.00165,26
2012-03-29 14:31:00,1.00153,1.00182,1.00153,1.00182,21
2012-03-29 14:32:00,1.00148,1.00153,1.00142,1.0015,26
2012-03-29 14:33:00,1.00134,1.00159,1.00132,1.0015,42
2012-03-29 14:34:00,1.00169,1.00177,1.00137,1.00137,32
2012-03-29 14:35:00,1.00172,1.0018,1.00171,1.00171,25
2012-03-29 14:36:00,1.0018,1.00186,1.00169,1.00174,23
2012-03-29 14:37:00,1.00175,1.00188,1.00172,1.00183,18
2012-03-29 14:38:00,1.00146,1.00172,1.00143,1.00172,18
2012-03-29 14:39:00,1.00134,1.00154,1.00129,1.00149,18
2012-03-29 14:40:00,1.00126,1.00146,1.00118,1.00132,36
2012-03-29 14:41:00,1.00112,1.00124,1.00098,1.00124,35
2012-03-29 14:42:00,1.00095,1.00109,1.00087,1.00109,30
2012-03-29 14:43:00,1.00066,1.00109,1.00058,1.00098,40
2012-03-29 14:44:00,1.00062,1.00069,1.00047,1.00064,38
2012-03-29 14:45:00,1.00116,1.00116,1.00065,1.00065,37
2012-03-29 14:46:00,1.00057,1.00119,1.00057,1.00119,27
2012-03-29 14:47:00,1.00037,1.00054,1.00037,1.00054,27
2012-03-29 14:48:00,1.00042,1.00042,1.00017,1.00034,32
2012-03-29 14:49:00,1.00025,1.00051,1.00023,1.00045,28
2012-03-29 14:50:00,1.00031,1.00037,1.00017,1.00028,22
2012-03-29 14:51:00,1.00009,1.00037,1.00009,1.00034,24
2012-03-29 14:52:00,1.0,1.00011,0.9999,1.00006,37
2012-03-29 14:53:00,1.0,1.00006,0.99995,0.99998,16
2012-03-29 14:54:00,0.99997,0.99998,0.99978,0.99998,28
2012-03-29 14:55:00,0.99977,0.99997,0.99969,0.99995,30
2012-03-29 14:56:00,0.99946,0.99979,0.99942,0.99979,19
2012-03-29 14:57:00,0.99943,0.99953,0.99935,0.99948,39
2012-03-29 14:58:00,0.9991,0.99941,0.9991,0.99941,34
2012-03-29 14:59:00,0.99916,0.99933,0.99878,0.99912,95
2012-03-29 15:00:00,0.99954,0.99962,0.9991,0.99918,95
2012-03-29 15:01:00,0.99959,0.99965,0.99949,0.99952,38
2012-03-29 15:02:00,0.99962,0.99965,0.99952,0.99961,26
2012-03-29 15:03:00,0.99971,0.99977,0.99958,0.9996,37
2012-03-29 15:04:00,0.99958,0.99984,0.99952,0.99973,55
2012-03-29 15:05:00,0.99988,0.99992,0.99947,0.99956,44
2012-03-29 15:06:00,0.99988,1.0,0.99978,0.9999,38
2012-03-29 15:07:00,0.99961,0.99988,0.99961,0.99986,17
2012-03-29 15:08:00,0.99953,0.99965,0.99937,0.99963,35
2012-03-29 15:09:00,0.99959,0.99972,0.99951,0.99951,30
2012-03-29 15:10:00,0.99949,0.9996,0.99939,0.99956,42
2012-03-29 15:11:00,0.99976,0.99984,0.99947,0.99947,41
2012-03-29 15:12:00,0.99994,0.99994,0.99978,0.99978,12
2012-03-29 15:13:00,0.99995,1.0,0.99995,0.99997,12
2012-03-29 15:14:00,0.99992,0.99997,0.99988,0.99997,19
2012-03-29 15:15:00,0.99989,0.99992,0.99969,0.9999,43
2012-03-29 15:16:00,1.00009,1.00011,0.99983,0.99992,23
2012-03-29 15:17:00,1.00011,1.00022,1.0,1.00006,25
2012-03-29 15:18:00,1.00014,1.0002,1.00009,1.00014,19
2012-03-29 15:19:00,1.00028,1.00028,1.00017,1.00017,13
2012-03-29 15:20:00,0.99997,1.00026,0.99995,1.00026,15
2012-03-29 15:21:00,1.00011,1.00014,0.99978,0.99995,25
2012-03-29 15:22:00,1.00021,1.00021,1.0,1.00014,25
2012-03-29 15:23:00,1.00019,1.00027,1.00013,1.00024,23
2012-03-29 15:24:00,1.00027,1.00029,1.00007,1.00016,21
2012-03-29 15:25:00,1.0001,1.00027,1.00005,1.00024,12
2012-03-29 15:26:00,1.0001,1.00012,1.00005,1.00007,16
2012-03-29 15:27:00,1.00025,1.00028,0.99986,1.00007,32
2012-03-29 15:28:00,1.00011,1.00023,1.00011,1.00023,9
2012-03-29 15:29:00,1.00009,1.00025,1.00006,1.00014,21
2012-03-29 15:30:00,1.00011,1.00025,1.00009,1.00011,25
2012-03-29 15:31:00,1.00011,1.00011,1.00006,1.00009,10
2012-03-29 15:32:00,1.00017,1.00017,1.00006,1.00014,12
2012-03-29 15:33:00,1.00022,1.00022,1.00011,1.00014,14
2012-03-29 15:34:00,1.00022,1.00039,1.00009,1.0002,40
2012-03-29 15:35:00,0.9999,1.0002,0.99988,1.0002,26
2012-03-29 15:36:00,1.00009,1.00017,0.99992,0.99992,19
2012-03-29 15:37:00,1.00014,1.00017,1.00009,1.00011,8
2012-03-29 15:38:00,1.00009,1.00014,1.00006,1.00011,8
2012-03-29 15:39:00,1.00014,1.00014,1.00009,1.00011,4
2012-03-29 15:40:00,0.9999,1.00011,0.99988,1.00011,15
2012-03-29 15:41:00,0.99978,0.99988,0.99976,0.99988,25
2012-03-29 15:42:00,0.9997,0.99989,0.99959,0.99976,35
2012-03-29 15:43:00,0.9998,0.99982,0.99968,0.99968,16
2012-03-29 15:44:00,0.99989,0.99989,0.99974,0.99978,16
2012-03-29 15:45:00,0.9999,0.99994,0.99978,0.99987,16
2012-03-29 15:46:00,0.99981,0.9999,0.99981,0.99988,6
2012-03-29 15:47:00,0.99975,0.99978,0.99971,0.99978,14
2012-03-29 15:48:00,0.99971,0.99975,0.99971,0.99973,6
2012-03-29 15:49:00,0.99964,0.9997,0.99964,0.99969,9
2012-03-29 15:50:00,0.99971,0.99975,0.99964,0.99966,13
2012-03-29 15:51:00,0.99981,0.99987,0.99971,0.99973,20
2012-03-29 15:52:00,0.99985,0.99989,0.99983,0.99983,16
2012-03-29 15:53:00,0.99987,0.99989,0.99983,0.99987,9
2012-03-29 15:54:00,0.9998,0.99985,0.99976,0.99985,9
2012-03-29 15:55:00,0.99972,0.99984,0.99966,0.99982,17
2012-03-29 15:56:00,0.99984,0.99984,0.99964,0.9997,19
2012-03-29 15:57:00,0.99987,0.99989,0.99985,0.99987,9
2012-03-29 15:58:00,0.9999,0.99997,0.99983,0.99985,15
2012-03-29 15:59:00,0.99984,1.00003,0.99976,0.99988,30
2012-03-29 16:00:00,0.99998,1.00006,0.99987,0.99987,21
2012-03-29 16:01:00,0.9997,0.99995,0.99959,0.99995,37
2012-03-29 16:02:00,0.99971,0.99977,0.99966,0.99968,12
2012-03-29 16:03:00,0.99971,0.99973,0.99971,0.99973,2
2012-03-29 16:04:00,0.99968,0.99977,0.99964,0.99973,17
2012-03-29 16:05:00,0.99972,0.99972,0.99964,0.9997,28
2012-03-29 16:06:00,0.9997,0.99975,0.99964,0.9997,25
2012-03-29 16:07:00,0.99961,0.99968,0.99959,0.99968,6
2012-03-29 16:08:00,0.99956,0.99962,0.99956,0.99959,8
2012-03-29 16:09:00,0.99962,0.99962,0.99956,0.99958,9
2012-03-29 16:10:00,0.99951,0.99972,0.99951,0.99965,37
2012-03-29 16:11:00,0.99947,0.99957,0.99942,0.99949,19
2012-03-29 16:12:00,0.99948,0.9996,0.99942,0.99949,23
2012-03-29 16:13:00,0.99945,0.9995,0.99937,0.9995,37
2012-03-29 16:14:00,0.99951,0.99957,0.99948,0.99948,10
2012-03-29 16:15:00,0.99957,0.99957,0.99947,0.99953,15
2012-03-29 16:16:00,0.9996,0.9996,0.99947,0.99955,15
2012-03-29 16:17:00,0.99949,0.99967,0.99949,0.99962,11
2012-03-29 16:18:00,0.99952,0.9996,0.99951,0.99951,13
2012-03-29 16:19:00,0.99954,0.99954,0.99952,0.99954,5
2012-03-29 16:20:00,0.99961,0.99972,0.99952,0.99952,15
2012-03-29 16:21:00,0.99941,0.99959,0.99937,0.99959,14
2012-03-29 16:22:00,0.99948,0.9995,0.99943,0.99943,7
2012-03-29 16:23:00,0.99964,0.9997,0.99948,0.9995,16
2012-03-29 16:24:00,0.99957,0.99961,0.99947,0.99961,16
2012-03-29 16:25:00,0.99952,0.99965,0.99952,0.9996,17
2012-03-29 16:26:00,0.99958,0.9996,0.99954,0.99954,7
2012-03-29 16:27:00,0.99952,0.9996,0.99952,0.99956,13
2012-03-29 16:28:00,0.99948,0.9995,0.99942,0.99949,19
2012-03-29 16:29:00,0.99966,0.99977,0.99949,0.9995,29
2012-03-29 16:30:00,0.99974,0.99989,0.99968,0.99968,33
2012-03-29 16:31:00,0.99971,0.99984,0.99971,0.99976,11
2012-03-29 16:32:00,0.99959,0.99984,0.99959,0.99973,29
2012-03-29 16:33:00,0.99977,0.99977,0.99952,0.99956,28
2012-03-29 16:34:00,0.99973,0.99979,0.99969,0.99979,26
2012-03-29 16:35:00,0.99984,0.99987,0.99971,0.99975,21
2012-03-29 16:36:00,0.99969,0.99982,0.99969,0.99982,7
2012-03-29 16:37:00,0.9996,0.99966,0.99956,0.99966,15
2012-03-29 16:38:00,0.99939,0.99958,0.99939,0.99958,11
2012-03-29 16:39:00,0.99942,0.99957,0.99941,0.99941,23
2012-03-29 16:40:00,0.9995,0.9995,0.99942,0.99944,8
2012-03-29 16:41:00,0.99942,0.9995,0.99942,0.99948,16
2012-03-29 16:42:00,0.99939,0.99944,0.99937,0.99944,15
2012-03-29 16:43:00,0.9993,0.99939,0.9993,0.99937,14
2012-03-29 16:44:00,0.99937,0.99943,0.99927,0.99927,13
2012-03-29 16:45:00,0.99941,0.99941,0.99935,0.99939,16
2012-03-29 16:46:00,0.99932,0.99943,0.9993,0.99943,12
2012-03-29 16:47:00,0.9994,0.9994,0.99932,0.99934,10
2012-03-29 16:48:00,0.9994,0.9994,0.99936,0.99938,8
2012-03-29 16:49:00,0.9994,0.9994,0.99927,0.99938,20
2012-03-29 16:50:00,0.9993,0.99938,0.9993,0.99938,5
2012-03-29 16:51:00,0.9989,0.99929,0.99881,0.99927,34
2012-03-29 16:52:00,0.99847,0.9989,0.99835,0.99888,64
2012-03-29 16:53:00,0.99863,0.99865,0.99849,0.99849,19
2012-03-29 16:54:00,0.99883,0.99899,0.99865,0.99865,36
2012-03-29 16:55:00,0.99879,0.99881,0.99869,0.99881,17
2012-03-29 16:56:00,0.99864,0.99877,0.99864,0.99877,15
2012-03-29 16:57:00,0.99844,0.99866,0.99844,0.99866,28
2012-03-29 16:58:00,0.99813,0.99842,0.99813,0.99842,45
2012-03-29 16:59:00,0.99838,0.99838,0.9981,0.9981,21
2012-03-29 17:00:00,0.99839,0.9985,0.99835,0.9984,20
2012-03-29 17:01:00,0.99845,0.99845,0.99841,0.99841,5
2012-03-29 17:02:00,0.9985,0.9985,0.99843,0.99843,12
2012-03-29 17:03:00,0.99872,0.99872,0.99853,0.99853,17
2012-03-29 17:04:00,0.9988,0.99884,0.99868,0.9987,13
2012-03-29 17:05:00,0.99889,0.99889,0.99882,0.99882,4
2012-03-29 17:06:00,0.99881,0.99889,0.99881,0.99887,12
2012-03-29 17:07:00,0.9988,0.9988,0.99878,0.99878,4
2012-03-29 17:08:00,0.99861,0.9988,0.99859,0.99878,18
2012-03-29 17:09:00,0.99873,0.99882,0.99863,0.99863,23
2012-03-29 17:10:00,0.99879,0.99879,0.99869,0.99871,9
2012-03-29 17:11:00,0.99904,0.99904,0.99882,0.99882,10
2012-03-29 17:12:00,0.99888,0.99906,0.99886,0.99906,13
2012-03-29 17:13:00,0.99886,0.9989,0.99886,0.9989,9
2012-03-29 17:14:00,0.99889,0.99894,0.99881,0.99888,20
2012-03-29 17:15:00,0.99871,0.99894,0.99869,0.99892,20
2012-03-29 17:16:00,0.99877,0.99879,0.99871,0.99873,15
2012-03-29 17:17:00,0.99871,0.99875,0.99869,0.99875,5
2012-03-29 17:18:00,0.9987,0.9987,0.99859,0.99869,12
2012-03-29 17:19:00,0.99875,0.99884,0.99871,0.99872,18
2012-03-29 17:20:00,0.99864,0.99873,0.99864,0.99873,15
2012-03-29 17:21:00,0.99864,0.99866,0.99864,0.99866,2
2012-03-29 17:22:00,0.99868,0.9987,0.99864,0.99866,8
2012-03-29 17:23:00,0.9987,0.9987,0.99864,0.9987,9
2012-03-29 17:24:00,0.99873,0.99877,0.99869,0.99872,11
2012-03-29 17:25:00,0.99889,0.99889,0.99875,0.99875,25
2012-03-29 17:26:00,0.9989,0.99894,0.9989,0.99892,10
2012-03-29 17:27:00,0.99881,0.99888,0.99881,0.99888,6
2012-03-29 17:28:00,0.99882,0.99882,0.99876,0.99878,5
2012-03-29 17:29:00,0.9988,0.99884,0.9988,0.9988,5
2012-03-29 17:30:00,0.99876,0.9988,0.99876,0.99878,4
2012-03-29 17:31:00,0.99871,0.99874,0.99869,0.99874,6
2012-03-29 17:32:00,0.9988,0.99884,0.99873,0.99873,26
2012-03-29 17:33:00,0.99876,0.99884,0.99876,0.99882,22
2012-03-29 17:34:00,0.9988,0.9988,0.99874,0.99874,12
2012-03-29 17:35:00,0.99871,0.99878,0.99869,0.99878,8
2012-03-29 17:36:00,0.99854,0.99869,0.99854,0.99869,9
2012-03-29 17:37:00,0.99843,0.99854,0.99835,0.99852,18
2012-03-29 17:38:00,0.9985,0.9985,0.99845,0.99845,3
2012-03-29 17:39:00,0.99845,0.99848,0.99837,0.99848,10
2012-03-29 17:40:00,0.99851,0.99853,0.99848,0.99848,14
2012-03-29 17:41:00,0.99844,0.99853,0.99844,0.99853,13
2012-03-29 17:42:00,0.9987,0.9987,0.99846,0.99846,17
2012-03-29 17:43:00,0.9987,0.9987,0.99868,0.99868,2
2012-03-29 17:44:00,0.99894,0.99894,0.99872,0.99872,14
2012-03-29 17:45:00,0.99902,0.99906,0.9989,0.99892,23
2012-03-29 17:46:00,0.99923,0.99923,0.999,0.999,17
2012-03-29 17:47:00,0.9992,0.99926,0.9992,0.99926,8
2012-03-29 17:48:00,0.99927,0.99931,0.9992,0.99922,23
2012-03-29 17:49:00,0.9992,0.99931,0.9992,0.99929,13
2012-03-29 17:51:00,0.99908,0.99928,0.99908,0.99922,19
2012-03-29 17:52:00,0.99903,0.99909,0.99898,0.99905,12
2012-03-29 17:53:00,0.99886,0.999,0.99886,0.999,9
2012-03-29 17:54:00,0.99892,0.99897,0.99888,0.99888,21
2012-03-29 17:55:00,0.9989,0.99892,0.99886,0.9989,7
2012-03-29 17:56:00,0.99892,0.99892,0.99886,0.99892,9
2012-03-29 17:57:00,0.99891,0.99897,0.99888,0.99894,17
2012-03-29 17:58:00,0.99891,0.99897,0.99891,0.99893,16
2012-03-29 17:59:00,0.99899,0.99899,0.99893,0.99893,6
2012-03-29 18:00:00,0.99899,0.99899,0.99895,0.99897,4
2012-03-29 18:01:00,0.99852,0.99897,0.99852,0.99897,30
2012-03-29 18:02:00,0.9987,0.9987,0.99844,0.99849,18
2012-03-29 18:03:00,0.99874,0.99882,0.99872,0.99872,9
2012-03-29 18:04:00,0.99882,0.99882,0.99876,0.99876,4
2012-03-29 18:05:00,0.999,0.99904,0.99884,0.99884,11
2012-03-29 18:06:00,0.99911,0.99911,0.99898,0.99898,7
2012-03-29 18:07:00,0.99921,0.99923,0.99914,0.99914,12
2012-03-29 18:08:00,0.99917,0.99923,0.99913,0.99919,12
2012-03-29 18:09:00,0.9991,0.99921,0.9991,0.99919,7
2012-03-29 18:10:00,0.99908,0.99908,0.99908,0.99908,1
2012-03-29 18:11:00,0.99876,0.99905,0.99876,0.99905,13
2012-03-29 18:12:00,0.99879,0.99882,0.99869,0.99878,20
2012-03-29 18:13:00,0.99891,0.99899,0.99882,0.99882,14
2012-03-29 18:14:00,0.9987,0.99888,0.99861,0.99888,24
2012-03-29 18:15:00,0.99879,0.99879,0.99872,0.99872,4
2012-03-29 18:16:00,0.99873,0.99879,0.99871,0.99877,11
2012-03-29 18:17:00,0.99856,0.99873,0.99856,0.99871,13
2012-03-29 18:18:00,0.9985,0.99854,0.99844,0.99854,12
2012-03-29 18:19:00,0.9986,0.99862,0.99853,0.99853,10
2012-03-29 18:20:00,0.9986,0.9986,0.99844,0.99858,16
2012-03-29 18:21:00,0.99852,0.99862,0.99852,0.99862,6
2012-03-29 18:22:00,0.99862,0.99862,0.99854,0.99854,5
2012-03-29 18:23:00,0.99863,0.99865,0.99863,0.99865,2
2012-03-29 18:24:00,0.9986,0.99861,0.99852,0.99861,9
2012-03-29 18:25:00,0.99854,0.9986,0.99854,0.99858,7
2012-03-29 18:26:00,0.99852,0.99852,0.99852,0.99852,1
2012-03-29 18:27:00,0.99851,0.99851,0.99847,0.99849,4
2012-03-29 18:28:00,0.99825,0.99849,0.99825,0.99849,15
2012-03-29 18:29:00,0.99823,0.99823,0.99813,0.99822,20
2012-03-29 18:30:00,0.99828,0.99828,0.99815,0.99821,18
2012-03-29 18:31:00,0.99831,0.99833,0.99827,0.99831,11
2012-03-29 18:32:00,0.99831,0.99833,0.99827,0.99829,10
2012-03-29 18:33:00,0.99836,0.99836,0.99831,0.99833,10
2012-03-29 18:34:00,0.99837,0.9985,0.99837,0.99838,16
2012-03-29 18:35:00,0.9986,0.99862,0.99839,0.99839,24
2012-03-29 18:36:00,0.99852,0.9987,0.99852,0.99862,18
2012-03-29 18:37:00,0.9986,0.9986,0.99852,0.99854,10
2012-03-29 18:38:00,0.99852,0.99858,0.99852,0.99858,4
2012-03-29 18:39:00,0.99841,0.99849,0.99839,0.99849,6
2012-03-29 18:40:00,0.99841,0.99841,0.99837,0.99839,6
2012-03-29 18:41:00,0.99843,0.99843,0.99841,0.99843,3
2012-03-29 18:42:00,0.99831,0.99841,0.99827,0.99841,9
2012-03-29 18:43:00,0.99825,0.99831,0.99825,0.99829,7
2012-03-29 18:44:00,0.99829,0.99831,0.99827,0.99827,8
2012-03-29 18:45:00,0.99825,0.99831,0.99825,0.99831,4
2012-03-29 18:46:00,0.99815,0.99829,0.99813,0.99827,10
2012-03-29 18:47:00,0.99814,0.99814,0.99808,0.99813,8
2012-03-29 18:48:00,0.99823,0.99823,0.99814,0.99816,6
2012-03-29 18:49:00,0.99828,0.99828,0.99819,0.99821,6
2012-03-29 18:50:00,0.99826,0.99828,0.99824,0.99826,5
2012-03-29 18:51:00,0.99831,0.99833,0.99824,0.99828,8
2012-03-29 18:52:00,0.9984,0.9984,0.99832,0.99833,12
2012-03-29 18:53:00,0.99845,0.99845,0.99841,0.99843,8
2012-03-29 18:54:00,0.99835,0.99843,0.99835,0.99843,11
2012-03-29 18:55:00,0.99845,0.99845,0.99825,0.99837,19
2012-03-29 18:56:00,0.99842,0.99857,0.99835,0.99843,24
2012-03-29 18:58:00,0.99839,0.99845,0.99835,0.99839,21
2012-03-29 18:59:00,0.99841,0.99845,0.99839,0.99841,17
2012-03-29 19:00:00,0.99846,0.99848,0.99837,0.99839,28
2012-03-29 19:02:00,0.99846,0.99848,0.99835,0.99844,14
2012-03-29 19:03:00,0.9985,0.9985,0.99842,0.99844,6
2012-03-29 19:04:00,0.99851,0.99853,0.99847,0.99853,6
2012-03-29 19:05:00,0.99853,0.99853,0.99847,0.99849,7
2012-03-29 19:06:00,0.99841,0.99853,0.99837,0.99851,21
2012-03-29 19:07:00,0.99832,0.99843,0.99832,0.99843,8
2012-03-29 19:08:00,0.99838,0.9984,0.99834,0.99834,7
2012-03-29 19:09:00,0.99831,0.99843,0.99825,0.99836,27
2012-03-29 19:10:00,0.99814,0.99831,0.99808,0.99829,29
2012-03-29 19:11:00,0.99799,0.99812,0.99795,0.99812,20
2012-03-29 19:12:00,0.99795,0.99801,0.99795,0.99797,6
2012-03-29 19:13:00,0.99775,0.99793,0.99759,0.99793,38
2012-03-29 19:14:00,0.99787,0.99789,0.99777,0.99777,17
2012-03-29 19:15:00,0.99774,0.99785,0.99774,0.99785,6
2012-03-29 19:16:00,0.99762,0.99771,0.99752,0.99771,24
2012-03-29 19:17:00,0.99773,0.99775,0.99761,0.99765,12
2012-03-29 19:18:00,0.99754,0.99771,0.99754,0.99771,10
2012-03-29 19:19:00,0.99737,0.99756,0.99737,0.99752,17
2012-03-29 19:20:00,0.9975,0.9975,0.9973,0.99739,24
2012-03-29 19:21:00,0.99747,0.9976,0.99742,0.99748,34
2012-03-29 19:22:00,0.9974,0.99744,0.9973,0.99744,12
2012-03-29 19:23:00,0.99765,0.99765,0.99743,0.99743,12
2012-03-29 19:24:00,0.99759,0.99772,0.99759,0.99767,9
2012-03-29 19:25:00,0.99754,0.99763,0.99752,0.99761,8
2012-03-29 19:26:00,0.9977,0.9977,0.99756,0.99756,7
2012-03-29 19:27:00,0.9976,0.99768,0.99754,0.99768,16
2012-03-29 19:28:00,0.9977,0.99772,0.99761,0.99762,20
2012-03-29 19:29:00,0.99763,0.9977,0.99759,0.99768,13
2012-03-29 19:31:00,0.9977,0.9977,0.99765,0.99765,3
2012-03-29 19:32:00,0.99765,0.99775,0.99761,0.99772,18
2012-03-29 19:33:00,0.99767,0.99767,0.99759,0.99763,7
2012-03-29 19:34:00,0.99754,0.99765,0.99752,0.99765,8
2012-03-29 19:35:00,0.99741,0.99752,0.99739,0.99752,9
2012-03-29 19:36:00,0.9973,0.99745,0.9973,0.99743,15
2012-03-29 19:37:00,0.99731,0.99733,0.9972,0.99727,13
2012-03-29 19:38:00,0.99731,0.99735,0.99731,0.99733,6
2012-03-29 19:39:00,0.9974,0.9974,0.99727,0.99729,8
2012-03-29 19:40:00,0.99731,0.9974,0.9972,0.99738,28
2012-03-29 19:41:00,0.99709,0.99733,0.99698,0.99733,21
2012-03-29 19:42:00,0.9971,0.99714,0.99698,0.99711,26
2012-03-29 19:43:00,0.99703,0.99718,0.99703,0.99712,25
2012-03-29 19:44:00,0.99703,0.99718,0.99703,0.99705,20
2012-03-29 19:45:00,0.99684,0.997,0.99661,0.997,41
2012-03-29 19:46:00,0.99671,0.99682,0.99669,0.99682,18
2012-03-29 19:47:00,0.9968,0.99684,0.99671,0.99673,18
2012-03-29 19:48:00,0.9967,0.99678,0.99661,0.99678,22
2012-03-29 19:49:00,0.99672,0.99684,0.99666,0.99672,25
2012-03-29 19:50:00,0.99672,0.99677,0.99666,0.9967,22
2012-03-29 19:51:00,0.99679,0.99679,0.99666,0.9967,31
2012-03-29 19:52:00,0.99676,0.99684,0.99676,0.99682,8
2012-03-29 19:53:00,0.99678,0.99684,0.99674,0.99678,13
2012-03-29 19:54:00,0.99654,0.99676,0.99654,0.99676,14
2012-03-29 19:55:00,0.9965,0.99652,0.99644,0.99652,7
2012-03-29 19:56:00,0.99665,0.99665,0.99646,0.99648,10
2012-03-29 19:57:00,0.99682,0.99682,0.99661,0.99663,21
2012-03-29 19:58:00,0.99682,0.99684,0.99678,0.9968,18
2012-03-29 19:59:00,0.9968,0.99684,0.99669,0.9968,39
2012-03-29 20:00:00,0.99672,0.99692,0.99672,0.9968,13
2012-03-29 20:01:00,0.99684,0.99692,0.99676,0.99676,13
2012-03-29 20:02:00,0.99684,0.99688,0.9968,0.9968,4
2012-03-29 20:03:00,0.9968,0.99684,0.99676,0.9968,5
2012-03-29 20:04:00,0.99664,0.99676,0.9966,0.99676,6
2012-03-29 20:05:00,0.99676,0.99676,0.99668,0.99668,7
2012-03-29 20:06:00,0.99692,0.99692,0.99676,0.9968,8
2012-03-29 20:07:00,0.99684,0.99688,0.9968,0.99688,6
2012-03-29 20:08:00,0.9968,0.9968,0.9968,0.9968,1
2012-03-29 20:09:00,0.99688,0.99688,0.99684,0.99684,2
2012-03-29 20:12:00,0.99684,0.99684,0.99684,0.99684,1
2012-03-29 20:13:00,0.99684,0.99684,0.9968,0.9968,2
2012-03-29 20:16:00,0.99688,0.99688,0.99688,0.99688,1
2012-03-29 20:17:00,0.997,0.997,0.99692,0.99692,3
2012-03-29 20:18:00,0.997,0.99704,0.99696,0.99704,4
2012-03-29 20:19:00,0.99676,0.99696,0.99676,0.99696,10
2012-03-29 20:20:00,0.9968,0.99684,0.99676,0.9968,5
2012-03-29 20:21:00,0.99676,0.99676,0.99676,0.99676,1
2012-03-29 20:22:00,0.9968,0.9968,0.9968,0.9968,1
2012-03-29 20:23:00,0.99684,0.99684,0.99684,0.99684,1
2012-03-29 20:24:00,0.99705,0.9971,0.99688,0.99688,17
2012-03-29 20:25:00,0.99693,0.99701,0.99693,0.99701,3
2012-03-29 20:26:00,0.99685,0.99693,0.99685,0.99689,4
2012-03-29 20:27:00,0.99681,0.99681,0.99677,0.99681,3
2012-03-29 20:28:00,0.99673,0.99685,0.99673,0.99685,6
2012-03-29 20:29:00,0.99644,0.99669,0.99644,0.99669,9
2012-03-29 20:30:00,0.9964,0.99648,0.9964,0.9964,5
2012-03-29 20:31:00,0.99648,0.99656,0.99632,0.99636,10
2012-03-29 20:32:00,0.99656,0.99656,0.99652,0.99652,6
2012-03-29 20:33:00,0.99664,0.99672,0.9966,0.9966,10
2012-03-29 20:34:00,0.99676,0.9968,0.9966,0.99668,13
2012-03-29 20:35:00,0.99672,0.99688,0.99672,0.9968,9
2012-03-29 20:36:00,0.99668,0.99668,0.99668,0.99668,1
2012-03-29 20:37:00,0.99648,0.99664,0.99648,0.99664,7
2012-03-29 20:38:00,0.9964,0.99652,0.9964,0.99652,4
2012-03-29 20:39:00,0.99644,0.99644,0.99644,0.99644,1
2012-03-29 20:40:00,0.99652,0.9966,0.99648,0.99648,6
2012-03-29 20:41:00,0.99662,0.99664,0.9965,0.99656,9
2012-03-29 20:42:00,0.99654,0.99658,0.9965,0.99658,4
2012-03-29 20:43:00,0.99647,0.99651,0.99635,0.9965,13
2012-03-29 20:44:00,0.99659,0.99663,0.99651,0.99651,5
2012-03-29 20:45:00,0.99645,0.99663,0.99637,0.99663,21
2012-03-29 20:46:00,0.99641,0.99641,0.99641,0.99641,1
2012-03-29 20:47:00,0.99653,0.99653,0.99645,0.99645,3
2012-03-29 20:48:00,0.99671,0.99683,0.99653,0.99657,18
2012-03-29 20:49:00,0.99679,0.99679,0.99675,0.99675,2
2012-03-29 20:50:00,0.99679,0.99683,0.99679,0.99683,2
2012-03-29 20:51:00,0.99675,0.99683,0.99675,0.99683,7
2012-03-29 20:52:00,0.99671,0.99679,0.99671,0.99679,3
2012-03-29 20:53:00,0.99675,0.99675,0.99675,0.99675,1
2012-03-29 20:55:00,0.99671,0.99679,0.99671,0.99679,3
2012-03-29 20:56:00,0.99671,0.99679,0.99671,0.99675,4
2012-03-29 20:58:00,0.99679,0.99679,0.99675,0.99675,2
2012-03-29 20:59:00,0.99645,0.99675,0.99644,0.99675,25
2012-03-29 21:00:00,0.99663,0.99672,0.99644,0.99649,9
2012-03-29 21:01:00,0.99661,0.99668,0.99644,0.99659,12
2012-03-29 21:02:00,0.99662,0.9967,0.99662,0.99665,4
2012-03-29 21:03:00,0.99665,0.99674,0.99654,0.99658,9
2012-03-29 21:04:00,0.99657,0.99661,0.99657,0.99661,2
2012-03-29 21:05:00,0.99661,0.99661,0.99661,0.99661,1
2012-03-29 21:12:00,0.99648,0.99656,0.99648,0.99656,3
2012-03-29 21:13:00,0.99644,0.99656,0.99644,0.99652,5
2012-03-29 21:21:00,0.9964,0.9964,0.9964,0.9964,1
2012-03-29 21:22:00,0.99644,0.99644,0.9964,0.99644,3
2012-03-29 21:24:00,0.9964,0.9964,0.9964,0.9964,1
2012-03-29 21:25:00,0.9968,0.9968,0.99644,0.99644,10
2012-03-29 21:26:00,0.99702,0.99738,0.99684,0.99684,14
2012-03-29 21:27:00,0.99688,0.99696,0.99688,0.99696,3
2012-03-29 21:28:00,0.997,0.997,0.99692,0.99692,3
2012-03-29 21:29:00,0.99696,0.99696,0.99696,0.99696,1
2012-03-29 21:30:00,0.99692,0.99692,0.99692,0.99692,1
2012-03-29 21:33:00,0.99688,0.99688,0.99684,0.99688,3
2012-03-29 21:34:00,0.99685,0.99708,0.99683,0.99684,18
2012-03-29 21:35:00,0.99674,0.99681,0.99645,0.99681,16
2012-03-29 21:36:00,0.9967,0.9967,0.9967,0.9967,1
2012-03-29 21:37:00,0.99658,0.99674,0.99658,0.99674,5
2012-03-29 21:38:00,0.99654,0.99654,0.99654,0.99654,1
2012-03-29 21:45:00,0.99658,0.99658,0.99658,0.99658,1
2012-03-29 21:47:00,0.99666,0.99666,0.99662,0.99662,2
2012-03-29 21:48:00,0.99667,0.99705,0.99667,0.9967,20
2012-03-29 21:50:00,0.99667,0.99667,0.99659,0.99663,4
2012-03-29 21:51:00,0.99671,0.99671,0.99671,0.99671,1
2012-03-29 21:58:00,0.99679,0.99679,0.99675,0.99675,2
2012-03-29 22:00:00,0.99688,0.99688,0.99678,0.99678,4
2012-03-29 22:01:00,0.99692,0.99692,0.9968,0.99684,6
2012-03-29 22:02:00,0.99698,0.99702,0.99696,0.99696,4
2012-03-29 22:03:00,0.99704,0.9971,0.99702,0.99702,8
2012-03-29 22:04:00,0.99702,0.99708,0.99692,0.99702,11
2012-03-29 22:05:00,0.99696,0.997,0.99696,0.997,2
2012-03-29 22:07:00,0.997,0.997,0.997,0.997,1
2012-03-29 22:10:00,0.99696,0.99696,0.99696,0.99696,1
2012-03-29 22:12:00,0.997,0.997,0.997,0.997,1
2012-03-29 22:13:00,0.99696,0.99696,0.99696,0.99696,1
2012-03-29 22:15:00,0.99694,0.99694,0.99694,0.99694,1
2012-03-29 22:16:00,0.99694,0.99694,0.99688,0.9969,4
2012-03-29 22:19:00,0.9969,0.9969,0.9969,0.9969,1
2012-03-29 22:22:00,0.99688,0.99688,0.99688,0.99688,1
2012-03-29 22:23:00,0.99682,0.99684,0.99682,0.99684,2
2012-03-29 22:25:00,0.99682,0.99688,0.99682,0.99684,4
2012-03-29 22:27:00,0.99676,0.99678,0.99676,0.99678,4
2012-03-29 22:28:00,0.99678,0.99678,0.99678,0.99678,1
2012-03-29 22:29:00,0.997,0.99702,0.99682,0.99682,9
2012-03-29 22:32:00,0.99712,0.99712,0.99702,0.99702,4
2012-03-29 22:34:00,0.99714,0.99714,0.99714,0.99714,1
2012-03-29 22:35:00,0.99684,0.99712,0.99682,0.99712,14
2012-03-29 22:36:00,0.99678,0.99682,0.99678,0.99682,2
2012-03-29 22:37:00,0.99684,0.99684,0.99682,0.99682,2
2012-03-29 22:38:00,0.99688,0.99688,0.99688,0.99688,1
2012-03-29 22:39:00,0.99684,0.99684,0.99684,0.99684,1
2012-03-29 22:42:00,0.9969,0.997,0.99688,0.99688,12
2012-03-29 22:44:00,0.99694,0.99694,0.99694,0.99694,1
2012-03-29 22:45:00,0.99688,0.9969,0.99688,0.9969,2
2012-03-29 22:47:00,0.99682,0.99684,0.99682,0.99684,2
2012-03-29 22:48:00,0.99684,0.99684,0.99684,0.99684,1
2012-03-29 22:49:00,0.99682,0.9969,0.99682,0.99688,5
2012-03-29 22:50:00,0.99678,0.99678,0.99678,0.99678,1
2012-03-29 22:52:00,0.99654,0.99682,0.99654,0.99682,12
2012-03-29 22:53:00,0.99652,0.99652,0.99642,0.99652,7
2012-03-29 22:54:00,0.99652,0.99652,0.99646,0.99648,6
2012-03-29 22:56:00,0.99658,0.99658,0.99654,0.99654,2
2012-03-29 22:57:00,0.99666,0.99666,0.9966,0.9966,3
2012-03-29 22:58:00,0.99654,0.99664,0.99654,0.99664,4
2012-03-29 22:59:00,0.99658,0.9966,0.99654,0.99658,5
2012-03-29 23:00:00,0.9966,0.9966,0.9966,0.9966,1
2012-03-29 23:01:00,0.99664,0.99664,0.99664,0.99664,1
2012-03-29 23:02:00,0.99664,0.9967,0.99664,0.99666,4
2012-03-29 23:05:00,0.99664,0.99664,0.99664,0.99664,1
2012-03-29 23:06:00,0.99666,0.99666,0.99666,0.99666,1
2012-03-29 23:07:00,0.99674,0.99682,0.99668,0.99668,9
2012-03-29 23:08:00,0.99666,0.99672,0.99666,0.99672,3
2012-03-29 23:10:00,0.99688,0.99692,0.99668,0.99668,10
2012-03-29 23:11:00,0.99686,0.99686,0.99686,0.99686,1
2012-03-29 23:13:00,0.99672,0.99684,0.99668,0.99684,7
2012-03-29 23:14:00,0.99672,0.99674,0.99672,0.99674,2
2012-03-29 23:15:00,0.9968,0.99682,0.99674,0.99674,5
2012-03-29 23:16:00,0.99688,0.99694,0.99682,0.99682,7
2012-03-29 23:17:00,0.99688,0.99692,0.99686,0.99692,4
2012-03-29 23:18:00,0.99684,0.99686,0.99684,0.99686,2
2012-03-29 23:20:00,0.9968,0.9968,0.99678,0.9968,3
2012-03-29 23:21:00,0.9968,0.99682,0.99678,0.99682,6
2012-03-29 23:22:00,0.9968,0.9968,0.99664,0.99678,12
2012-03-29 23:23:00,0.99672,0.99678,0.99672,0.99678,3
2012-03-29 23:24:00,0.99664,0.99672,0.99664,0.99668,9
2012-03-29 23:25:00,0.99664,0.99666,0.99664,0.99666,8
2012-03-29 23:27:00,0.99658,0.9966,0.99654,0.9966,4
2012-03-29 23:28:00,0.99654,0.99662,0.99654,0.9966,5
2012-03-29 23:29:00,0.99666,0.99666,0.99658,0.99658,4
2012-03-29 23:31:00,0.9966,0.99664,0.9966,0.99664,2
2012-03-29 23:32:00,0.99688,0.99692,0.9966,0.99662,28
2012-03-29 23:33:00,0.997,0.997,0.99678,0.99686,26
2012-03-29 23:34:00,0.99708,0.99708,0.99688,0.99698,15
2012-03-29 23:35:00,0.99718,0.99722,0.99712,0.99712,7
2012-03-29 23:36:00,0.99714,0.99714,0.99714,0.99714,1
2012-03-29 23:37:00,0.99682,0.99712,0.99678,0.99712,21
2012-03-29 23:38:00,0.99668,0.9968,0.99664,0.9968,7
2012-03-29 23:39:00,0.99636,0.99664,0.99636,0.99664,13
2012-03-29 23:40:00,0.99628,0.99634,0.99628,0.99634,3
2012-03-29 23:41:00,0.99638,0.99638,0.9963,0.9963,4
2012-03-29 23:42:00,0.99636,0.99642,0.99636,0.99642,3
2012-03-29 23:43:00,0.99638,0.99638,0.99638,0.99638,1
2012-03-29 23:44:00,0.99642,0.99642,0.9964,0.99642,3
2012-03-29 23:45:00,0.99636,0.99642,0.99636,0.9964,6
2012-03-29 23:46:00,0.99634,0.99636,0.99634,0.99634,3
2012-03-29 23:47:00,0.99636,0.99638,0.9963,0.9963,7
2012-03-29 23:48:00,0.99636,0.99642,0.99636,0.99638,4
2012-03-29 23:50:00,0.99644,0.99644,0.99634,0.99634,5
2012-03-29 23:51:00,0.99644,0.99644,0.99642,0.99642,2
2012-03-29 23:54:00,0.9965,0.9965,0.99648,0.99648,2
2012-03-29 23:55:00,0.99656,0.99656,0.99652,0.99652,2
2012-03-29 23:56:00,0.99662,0.99662,0.99654,0.99654,4
2012-03-29 23:57:00,0.9966,0.9966,0.9966,0.9966,1
2012-03-29 23:58:00,0.99664,0.99664,0.9966,0.99662,4
2012-03-29 23:59:00,0.99686,0.99686,0.99662,0.99662,14
2012-03-30 00:00:00,0.99682,0.99684,0.99676,0.99684,6
2012-03-30 00:01:00,0.99682,0.99686,0.99682,0.99684,4
2012-03-30 00:05:00,0.99676,0.99678,0.9967,0.99678,10
2012-03-30 00:06:00,0.99684,0.99684,0.99678,0.99678,3
2012-03-30 00:08:00,0.99678,0.99686,0.99676,0.99686,6
2012-03-30 00:09:00,0.99676,0.99682,0.99676,0.99682,3
2012-03-30 00:10:00,0.99678,0.99678,0.99678,0.99678,1
2012-03-30 00:11:00,0.99684,0.9969,0.99676,0.99676,8
2012-03-30 00:12:00,0.9967,0.9969,0.9967,0.99686,9
2012-03-30 00:14:00,0.9967,0.9967,0.9966,0.99668,8
2012-03-30 00:15:00,0.99668,0.99668,0.99668,0.99668,1
2012-03-30 00:16:00,0.9967,0.9967,0.9967,0.9967,1
2012-03-30 00:17:00,0.99676,0.99678,0.9967,0.99672,6
2012-03-30 00:18:00,0.99678,0.99678,0.99678,0.99678,1
2012-03-30 00:19:00,0.99682,0.99682,0.99682,0.99682,1
2012-03-30 00:20:00,0.99684,0.9969,0.99684,0.99684,5
2012-03-30 00:21:00,0.9967,0.99682,0.99668,0.99682,7
2012-03-30 00:22:00,0.9969,0.9969,0.99672,0.99672,9
2012-03-30 00:23:00,0.99678,0.99688,0.99678,0.99688,4
2012-03-30 00:24:00,0.99682,0.9969,0.99682,0.99682,7
2012-03-30 00:25:00,0.99692,0.99692,0.99684,0.99684,8
2012-03-30 00:26:00,0.99683,0.99691,0.99683,0.9969,5
2012-03-30 00:27:00,0.99674,0.9968,0.99674,0.9968,3
2012-03-30 00:28:00,0.99685,0.99685,0.99677,0.99677,6
2012-03-30 00:29:00,0.99699,0.99699,0.99688,0.99688,9
2012-03-30 00:30:00,0.99699,0.99699,0.99694,0.99697,4
2012-03-30 00:31:00,0.99694,0.99697,0.99691,0.99697,4
2012-03-30 00:32:00,0.99705,0.99705,0.99688,0.99691,10
2012-03-30 00:33:00,0.99685,0.99702,0.99685,0.99702,9
2012-03-30 00:34:00,0.99688,0.99688,0.99683,0.99683,3
2012-03-30 00:35:00,0.99691,0.99691,0.99691,0.99691,1
2012-03-30 00:36:00,0.99691,0.99694,0.99691,0.99694,2
2012-03-30 00:37:00,0.99697,0.99702,0.99685,0.99688,10
2012-03-30 00:38:00,0.997,0.99702,0.99699,0.99699,3
2012-03-30 00:39:00,0.997,0.99705,0.997,0.99702,10
2012-03-30 00:40:00,0.99691,0.99697,0.99691,0.99697,7
2012-03-30 00:41:00,0.99696,0.99696,0.99694,0.99694,2
2012-03-30 00:42:00,0.99694,0.99694,0.99694,0.99694,1
2012-03-30 00:43:00,0.99688,0.99696,0.99688,0.99696,4
2012-03-30 00:44:00,0.99683,0.99688,0.99683,0.99685,4
2012-03-30 00:45:00,0.99666,0.99682,0.99666,0.9968,12
2012-03-30 00:46:00,0.99674,0.99674,0.99663,0.99663,5
2012-03-30 00:47:00,0.99677,0.99682,0.99677,0.99677,5
2012-03-30 00:48:00,0.99652,0.99674,0.9965,0.99674,12
2012-03-30 00:49:00,0.9965,0.99655,0.99644,0.99655,9
2012-03-30 00:50:00,0.99644,0.99658,0.99644,0.99652,12
2012-03-30 00:51:00,0.99653,0.99655,0.99647,0.99647,15
2012-03-30 00:52:00,0.99638,0.9965,0.99636,0.9965,9
2012-03-30 00:53:00,0.99641,0.99644,0.99636,0.99636,11
2012-03-30 00:54:00,0.99604,0.99641,0.99602,0.99639,25
2012-03-30 00:55:00,0.99644,0.99647,0.99605,0.99607,28
2012-03-30 00:56:00,0.99636,0.99641,0.99633,0.99641,7
2012-03-30 00:57:00,0.99652,0.99652,0.99638,0.99638,6
2012-03-30 00:58:00,0.9963,0.99655,0.99627,0.99655,14
2012-03-30 00:59:00,0.99636,0.99638,0.99627,0.99627,12
2012-03-30 01:00:00,0.99622,0.99633,0.99605,0.99633,23
2012-03-30 01:01:00,0.99619,0.99624,0.99619,0.99624,5
2012-03-30 01:02:00,0.99602,0.99616,0.99602,0.99616,10
2012-03-30 01:03:00,0.99605,0.9961,0.99602,0.99604,13
2012-03-30 01:04:00,0.99573,0.9961,0.99573,0.99607,17
2012-03-30 01:05:00,0.99562,0.99571,0.99562,0.99571,16
2012-03-30 01:06:00,0.99564,0.99564,0.99559,0.99559,7
2012-03-30 01:07:00,0.99587,0.99587,0.99567,0.99567,8
2012-03-30 01:08:00,0.99593,0.99596,0.99576,0.99585,14
2012-03-30 01:09:00,0.99602,0.99604,0.99596,0.99596,5
2012-03-30 01:10:00,0.99593,0.99599,0.99593,0.99599,3
2012-03-30 01:11:00,0.99576,0.9959,0.99576,0.9959,6
2012-03-30 01:12:00,0.99567,0.99573,0.99565,0.99573,5
2012-03-30 01:13:00,0.99581,0.99598,0.9957,0.9957,19
2012-03-30 01:14:00,0.9959,0.99598,0.99584,0.99584,9
2012-03-30 01:15:00,0.99598,0.99598,0.99588,0.99588,5
2012-03-30 01:16:00,0.99571,0.99596,0.99571,0.99596,12
2012-03-30 01:17:00,0.99573,0.99573,0.99571,0.99573,3
2012-03-30 01:18:00,0.99576,0.99576,0.99571,0.99571,11
2012-03-30 01:19:00,0.99571,0.99576,0.99571,0.99573,4
2012-03-30 01:20:00,0.99567,0.99568,0.99565,0.99568,3
2012-03-30 01:21:00,0.99567,0.99567,0.99565,0.99565,4
2012-03-30 01:23:00,0.99559,0.99565,0.99559,0.99565,3
2012-03-30 01:25:00,0.99545,0.99564,0.99545,0.99562,9
2012-03-30 01:26:00,0.99559,0.99559,0.99545,0.99547,17
2012-03-30 01:27:00,0.99548,0.99556,0.99545,0.99556,10
2012-03-30 01:28:00,0.9955,0.99553,0.99548,0.9955,7
2012-03-30 01:29:00,0.99548,0.99548,0.99548,0.99548,1
2012-03-30 01:30:00,0.99554,0.99556,0.9955,0.9955,4
2012-03-30 01:31:00,0.99556,0.99556,0.99556,0.99556,1
2012-03-30 01:32:00,0.99551,0.99554,0.99551,0.99554,2
2012-03-30 01:33:00,0.9955,0.99556,0.99545,0.99553,16
2012-03-30 01:34:00,0.99553,0.99553,0.99548,0.99548,3
2012-03-30 01:35:00,0.99548,0.99551,0.99548,0.99551,2
2012-03-30 01:36:00,0.99551,0.99553,0.9955,0.9955,3
2012-03-30 01:37:00,0.99553,0.99553,0.99545,0.99548,5
2012-03-30 01:38:00,0.99548,0.99553,0.99548,0.99551,4
2012-03-30 01:39:00,0.99562,0.99562,0.99545,0.99545,11
2012-03-30 01:40:00,0.99573,0.99573,0.99564,0.99564,4
2012-03-30 01:41:00,0.99562,0.99571,0.99562,0.99571,4
2012-03-30 01:42:00,0.99564,0.99564,0.99556,0.99564,7
2012-03-30 01:43:00,0.99559,0.99562,0.99554,0.99562,8
2012-03-30 01:44:00,0.99562,0.99562,0.99562,0.99562,1
2012-03-30 01:45:00,0.99554,0.99559,0.99554,0.99559,3
2012-03-30 01:46:00,0.99547,0.99556,0.99545,0.99556,10
2012-03-30 01:47:00,0.99547,0.99547,0.99545,0.99545,2
2012-03-30 01:48:00,0.99542,0.99545,0.99542,0.99545,4
2012-03-30 01:49:00,0.99545,0.99545,0.99545,0.99545,1
2012-03-30 01:50:00,0.99539,0.99542,0.99539,0.99542,2
2012-03-30 01:51:00,0.99534,0.99536,0.99534,0.99536,4
2012-03-30 01:52:00,0.99539,0.99539,0.99536,0.99536,2
2012-03-30 01:53:00,0.99545,0.99547,0.99534,0.99536,12
2012-03-30 01:54:00,0.99539,0.99542,0.99539,0.99542,2
2012-03-30 01:55:00,0.99542,0.99542,0.99536,0.99542,5
2012-03-30 01:56:00,0.99545,0.99545,0.99545,0.99545,1
2012-03-30 01:58:00,0.99553,0.99553,0.99547,0.99547,7
2012-03-30 01:59:00,0.99579,0.99581,0.99556,0.99556,27
2012-03-30 02:00:00,0.99581,0.99581,0.99554,0.99576,33
2012-03-30 02:01:00,0.99579,0.99581,0.99573,0.99579,17
2012-03-30 02:02:00,0.99576,0.99581,0.99568,0.99576,15
2012-03-30 02:03:00,0.99581,0.99581,0.99576,0.99579,8
2012-03-30 02:04:00,0.99584,0.99584,0.99579,0.99584,5
2012-03-30 02:05:00,0.9961,0.99613,0.99587,0.99587,15
2012-03-30 02:06:00,0.99599,0.99621,0.99599,0.99613,26
2012-03-30 02:07:00,0.99599,0.99601,0.99599,0.99601,4
2012-03-30 02:08:00,0.99596,0.99601,0.99596,0.99601,3
2012-03-30 02:09:00,0.99598,0.99601,0.99596,0.99598,9
2012-03-30 02:10:00,0.99605,0.99607,0.99599,0.99601,8
2012-03-30 02:11:00,0.99593,0.99602,0.99593,0.99602,4
2012-03-30 02:12:00,0.99585,0.9959,0.99568,0.9959,27
2012-03-30 02:13:00,0.99584,0.99584,0.99582,0.99582,2
2012-03-30 02:14:00,0.9959,0.9959,0.99587,0.99587,2
2012-03-30 02:15:00,0.99585,0.99588,0.99585,0.99588,4
2012-03-30 02:16:00,0.99585,0.99587,0.99585,0.99587,2
2012-03-30 02:17:00,0.99579,0.99582,0.99579,0.99582,4
2012-03-30 02:18:00,0.99584,0.99584,0.99581,0.99581,2
2012-03-30 02:19:00,0.99588,0.99593,0.99587,0.99587,5
2012-03-30 02:20:00,0.99582,0.99585,0.99582,0.99585,2
2012-03-30 02:21:00,0.99579,0.99579,0.99576,0.99579,3
2012-03-30 02:22:00,0.99587,0.99587,0.99581,0.99581,3
2012-03-30 02:23:00,0.99585,0.99585,0.99585,0.99585,1
2012-03-30 02:25:00,0.99576,0.99582,0.99576,0.99582,5
2012-03-30 02:26:00,0.99581,0.99581,0.99576,0.99579,4
2012-03-30 02:27:00,0.99584,0.99584,0.99582,0.99584,3
2012-03-30 02:28:00,0.99581,0.9959,0.99579,0.99587,7
2012-03-30 02:30:00,0.99593,0.99593,0.99582,0.99584,6
2012-03-30 02:31:00,0.99598,0.99598,0.99596,0.99596,8
2012-03-30 02:32:00,0.99593,0.99601,0.99593,0.99601,6
2012-03-30 02:33:00,0.99593,0.99598,0.99593,0.99596,4
2012-03-30 02:34:00,0.99596,0.99596,0.99596,0.99596,1
2012-03-30 02:35:00,0.99605,0.99613,0.99598,0.99598,13
2012-03-30 02:36:00,0.99607,0.99607,0.99607,0.99607,1
2012-03-30 02:37:00,0.99605,0.99605,0.99605,0.99605,1
2012-03-30 02:38:00,0.99596,0.99607,0.99596,0.99607,5
2012-03-30 02:39:00,0.99596,0.99598,0.99596,0.99598,2
2012-03-30 02:40:00,0.99604,0.99604,0.99596,0.99598,15
2012-03-30 02:41:00,0.9961,0.9961,0.99599,0.99602,6
2012-03-30 02:42:00,0.99613,0.99613,0.99613,0.99613,1
2012-03-30 02:43:00,0.99618,0.99618,0.9961,0.9961,4
2012-03-30 02:44:00,0.99627,0.9963,0.99613,0.99621,11
2012-03-30 02:45:00,0.99627,0.9963,0.99627,0.9963,4
2012-03-30 02:46:00,0.99624,0.99624,0.99624,0.99624,1
2012-03-30 02:47:00,0.99621,0.99622,0.99613,0.99622,9
2012-03-30 02:48:00,0.99613,0.99619,0.99613,0.99619,3
2012-03-30 02:49:00,0.99605,0.99613,0.99605,0.9961,5
2012-03-30 02:50:00,0.99613,0.99616,0.99602,0.99602,9
2012-03-30 02:53:00,0.99621,0.99621,0.99616,0.99616,3
2012-03-30 02:54:00,0.99633,0.99635,0.99624,0.99624,6
2012-03-30 02:55:00,0.99624,0.9963,0.99613,0.9963,11
2012-03-30 02:56:00,0.99624,0.99624,0.99622,0.99622,2
2012-03-30 02:57:00,0.99616,0.99624,0.99616,0.99622,7
2012-03-30 02:58:00,0.99621,0.99621,0.99618,0.99618,2
2012-03-30 02:59:00,0.99627,0.99627,0.99624,0.99624,2
2012-03-30 03:00:00,0.99619,0.99624,0.99616,0.99624,11
2012-03-30 03:01:00,0.99627,0.99627,0.99621,0.99621,3
2012-03-30 03:02:00,0.99635,0.99635,0.99627,0.9963,7
2012-03-30 03:03:00,0.99633,0.99633,0.99633,0.99633,1
2012-03-30 03:04:00,0.99624,0.9963,0.99624,0.9963,3
2012-03-30 03:05:00,0.99622,0.99622,0.99622,0.99622,1
2012-03-30 03:07:00,0.99619,0.99621,0.99613,0.99619,7
2012-03-30 03:09:00,0.99624,0.99624,0.99613,0.99616,8
2012-03-30 03:10:00,0.99622,0.99622,0.99622,0.99622,1
2012-03-30 03:11:00,0.99622,0.99624,0.99619,0.99619,4
2012-03-30 03:12:00,0.99624,0.99624,0.99624,0.99624,1
2012-03-30 03:14:00,0.99616,0.99622,0.99616,0.99622,3
2012-03-30 03:15:00,0.99616,0.99621,0.99616,0.99618,4
2012-03-30 03:17:00,0.99607,0.99613,0.99607,0.99613,3
2012-03-30 03:18:00,0.99596,0.99605,0.99596,0.99605,4
2012-03-30 03:19:00,0.99593,0.99601,0.99593,0.99598,7
2012-03-30 03:20:00,0.99588,0.99596,0.99585,0.9959,14
2012-03-30 03:21:00,0.9959,0.99593,0.99588,0.9959,7
2012-03-30 03:22:00,0.9959,0.9959,0.99588,0.99588,2
2012-03-30 03:23:00,0.9961,0.9961,0.99593,0.99593,7
2012-03-30 03:25:00,0.99607,0.99607,0.99607,0.99607,1
2012-03-30 03:26:00,0.99613,0.99613,0.9961,0.9961,2
2012-03-30 03:27:00,0.9961,0.99613,0.9961,0.9961,3
2012-03-30 03:28:00,0.99607,0.99613,0.99607,0.99613,3
2012-03-30 03:29:00,0.9961,0.9961,0.9961,0.9961,1
2012-03-30 03:31:00,0.99607,0.99607,0.99607,0.99607,1
2012-03-30 03:37:00,0.99607,0.99613,0.99607,0.9961,4
2012-03-30 03:39:00,0.9961,0.9961,0.9961,0.9961,1
2012-03-30 03:40:00,0.99618,0.99618,0.99613,0.99613,3
2012-03-30 03:41:00,0.99621,0.99621,0.99621,0.99621,1
2012-03-30 03:43:00,0.99619,0.99619,0.99619,0.99619,1
2012-03-30 03:44:00,0.99621,0.99621,0.99621,0.99621,1
2012-03-30 03:45:00,0.99624,0.99624,0.99619,0.99619,5
2012-03-30 03:46:00,0.99633,0.99633,0.99627,0.99627,3
2012-03-30 03:47:00,0.99627,0.9963,0.99627,0.9963,2
2012-03-30 03:50:00,0.99627,0.99633,0.99627,0.9963,4
2012-03-30 03:51:00,0.99636,0.99638,0.9963,0.9963,5
2012-03-30 03:52:00,0.9963,0.99633,0.9963,0.99633,2
2012-03-30 03:53:00,0.99627,0.99627,0.99627,0.99627,1
2012-03-30 03:58:00,0.99641,0.99641,0.9963,0.9963,9
2012-03-30 03:59:00,0.99636,0.99641,0.99636,0.99639,4
2012-03-30 04:00:00,0.99635,0.99635,0.99633,0.99633,4
2012-03-30 04:01:00,0.99635,0.99635,0.99633,0.99633,8
2012-03-30 04:02:00,0.99661,0.99661,0.99638,0.99638,9
2012-03-30 04:03:00,0.99667,0.99672,0.99664,0.99664,8
2012-03-30 04:04:00,0.99664,0.99664,0.99661,0.99664,3
2012-03-30 04:05:00,0.99664,0.99664,0.99661,0.99661,4
2012-03-30 04:06:00,0.99661,0.99667,0.99658,0.99667,7
2012-03-30 04:07:00,0.99681,0.99684,0.99661,0.99664,23
2012-03-30 04:08:00,0.99693,0.99695,0.99684,0.99684,10
2012-03-30 04:09:00,0.99689,0.99692,0.99684,0.9969,9
2012-03-30 04:10:00,0.99689,0.99689,0.99687,0.99687,4
2012-03-30 04:11:00,0.99692,0.99692,0.99687,0.99687,5
2012-03-30 04:12:00,0.99687,0.9969,0.99687,0.9969,2
2012-03-30 04:13:00,0.99684,0.99689,0.99684,0.99684,5
2012-03-30 04:14:00,0.99689,0.99689,0.99686,0.99686,6
2012-03-30 04:15:00,0.99684,0.99692,0.99684,0.99687,14
2012-03-30 04:17:00,0.99676,0.99684,0.99676,0.99681,9
2012-03-30 04:18:00,0.99664,0.99673,0.99664,0.99673,8
2012-03-30 04:19:00,0.99664,0.99672,0.99661,0.99667,8
2012-03-30 04:20:00,0.99667,0.99667,0.99667,0.99667,1
2012-03-30 04:21:00,0.99675,0.99675,0.99669,0.99669,5
2012-03-30 04:22:00,0.99678,0.99678,0.99673,0.99673,7
2012-03-30 04:25:00,0.99684,0.99684,0.99681,0.99681,2
2012-03-30 04:26:00,0.99693,0.99698,0.99686,0.99686,9
2012-03-30 04:27:00,0.99698,0.99698,0.99695,0.99695,2
2012-03-30 04:28:00,0.99707,0.99712,0.99701,0.99701,13
2012-03-30 04:29:00,0.99707,0.99712,0.99704,0.99704,6
2012-03-30 04:30:00,0.99709,0.99709,0.99707,0.99709,3
2012-03-30 04:31:00,0.99707,0.99707,0.99707,0.99707,1
2012-03-30 04:32:00,0.99704,0.99704,0.99704,0.99704,1
2012-03-30 04:33:00,0.99701,0.99701,0.99701,0.99701,1
2012-03-30 04:34:00,0.99703,0.99703,0.99703,0.99703,1
2012-03-30 04:35:00,0.99703,0.99703,0.99701,0.99701,2
2012-03-30 04:36:00,0.99704,0.99706,0.99704,0.99706,4
2012-03-30 04:37:00,0.99701,0.99706,0.99701,0.99706,3
2012-03-30 04:38:00,0.99703,0.99703,0.99703,0.99703,1
2012-03-30 04:39:00,0.99712,0.99712,0.99706,0.99706,3
2012-03-30 04:40:00,0.9972,0.9972,0.99715,0.99715,7
2012-03-30 04:41:00,0.99718,0.99718,0.99712,0.99718,9
2012-03-30 04:42:00,0.99723,0.99723,0.99712,0.99715,6
2012-03-30 04:43:00,0.99718,0.99721,0.99718,0.99721,2
2012-03-30 04:44:00,0.99703,0.99715,0.99701,0.99715,7
2012-03-30 04:45:00,0.99704,0.99706,0.99704,0.99706,2
2012-03-30 04:46:00,0.99701,0.99701,0.99701,0.99701,1
2012-03-30 04:47:00,0.99703,0.99703,0.99703,0.99703,1
2012-03-30 04:48:00,0.99701,0.99703,0.99698,0.99701,11
2012-03-30 04:51:00,0.99692,0.99698,0.99687,0.99698,11
2012-03-30 04:52:00,0.99698,0.99698,0.99695,0.99695,2
2012-03-30 04:53:00,0.99715,0.99723,0.99698,0.99701,32
2012-03-30 04:54:00,0.99775,0.998,0.99718,0.99718,103
2012-03-30 04:55:00,0.99761,0.9978,0.99761,0.99777,9
2012-03-30 04:56:00,0.99766,0.99769,0.99749,0.99758,12
2012-03-30 04:57:00,0.99786,0.99791,0.99761,0.99763,21
2012-03-30 04:58:00,0.99766,0.99783,0.99766,0.99783,15
2012-03-30 04:59:00,0.99774,0.99774,0.99766,0.99769,5
2012-03-30 05:00:00,0.99766,0.99772,0.99741,0.99772,33
2012-03-30 05:01:00,0.99757,0.99763,0.99755,0.99763,9
2012-03-30 05:02:00,0.99763,0.99763,0.99758,0.9976,8
2012-03-30 05:03:00,0.99758,0.99763,0.99758,0.99761,4
2012-03-30 05:04:00,0.99755,0.9976,0.99755,0.9976,7
2012-03-30 05:05:00,0.9976,0.99763,0.99757,0.99757,8
2012-03-30 05:08:00,0.99758,0.99758,0.99758,0.99758,1
2012-03-30 05:09:00,0.99761,0.99763,0.9976,0.9976,3
2012-03-30 05:10:00,0.99761,0.99763,0.99761,0.99763,2
2012-03-30 05:11:00,0.99752,0.99758,0.99752,0.99758,3
2012-03-30 05:12:00,0.99766,0.99766,0.99755,0.99755,5
2012-03-30 05:13:00,0.99761,0.99763,0.99761,0.99763,2
2012-03-30 05:14:00,0.99761,0.99763,0.99761,0.99763,4
2012-03-30 05:15:00,0.99761,0.99763,0.99761,0.99763,2
2012-03-30 05:16:00,0.9976,0.99763,0.99758,0.99763,4
2012-03-30 05:17:00,0.99761,0.99763,0.99758,0.99758,4
2012-03-30 05:18:00,0.99769,0.99772,0.99752,0.99763,17
2012-03-30 05:19:00,0.99772,0.99774,0.99766,0.99766,7
2012-03-30 05:20:00,0.99769,0.99769,0.99769,0.99769,1
2012-03-30 05:22:00,0.99766,0.99766,0.99766,0.99766,1
2012-03-30 05:23:00,0.99757,0.99769,0.99752,0.99769,9
2012-03-30 05:24:00,0.99758,0.99766,0.99755,0.99755,8
2012-03-30 05:25:00,0.99749,0.99755,0.99744,0.99755,7
2012-03-30 05:26:00,0.99752,0.99752,0.99752,0.99752,1
2012-03-30 05:27:00,0.99746,0.99749,0.99746,0.99749,2
2012-03-30 05:28:00,0.99746,0.99749,0.99744,0.99744,6
2012-03-30 05:29:00,0.99744,0.99744,0.99744,0.99744,1
2012-03-30 05:30:00,0.99746,0.99746,0.99744,0.99746,3
2012-03-30 05:31:00,0.99746,0.99749,0.99746,0.99749,2
2012-03-30 05:32:00,0.99758,0.99763,0.99746,0.99749,16
2012-03-30 05:34:00,0.99766,0.99766,0.9976,0.9976,7
2012-03-30 05:35:00,0.99814,0.99817,0.99769,0.99769,51
2012-03-30 05:36:00,0.9982,0.99831,0.99806,0.99812,28
2012-03-30 05:37:00,0.99832,0.99834,0.99823,0.99823,10
2012-03-30 05:38:00,0.99823,0.99831,0.9982,0.99829,17
2012-03-30 05:39:00,0.9982,0.99831,0.99817,0.99825,13
2012-03-30 05:40:00,0.99808,0.99817,0.99789,0.99817,22
2012-03-30 05:41:00,0.99828,0.99828,0.99811,0.99811,11
2012-03-30 05:42:00,0.99826,0.99826,0.99826,0.99826,1
2012-03-30 05:43:00,0.99825,0.99825,0.9982,0.99823,6
2012-03-30 05:44:00,0.9982,0.99823,0.9982,0.99823,2
2012-03-30 05:45:00,0.99831,0.99831,0.9982,0.99823,18
2012-03-30 05:46:00,0.99829,0.99829,0.99829,0.99829,1
2012-03-30 05:47:00,0.99811,0.99826,0.99809,0.99826,8
2012-03-30 05:48:00,0.9982,0.9982,0.99814,0.99814,3
2012-03-30 05:49:00,0.99815,0.99817,0.99815,0.99817,2
2012-03-30 05:50:00,0.99809,0.99812,0.99809,0.99812,4
2012-03-30 05:51:00,0.998,0.99806,0.998,0.99806,3
2012-03-30 05:53:00,0.99809,0.99811,0.99803,0.99803,5
2012-03-30 05:54:00,0.99811,0.99811,0.99806,0.99806,5
2012-03-30 05:55:00,0.99809,0.99809,0.99809,0.99809,1
2012-03-30 05:56:00,0.99795,0.99806,0.99795,0.99806,5
2012-03-30 05:57:00,0.99791,0.99792,0.99789,0.99792,3
2012-03-30 05:58:00,0.99795,0.99797,0.99794,0.99794,3
2012-03-30 05:59:00,0.99789,0.99803,0.99789,0.99797,10
2012-03-30 06:00:00,0.99789,0.998,0.99789,0.99791,10
2012-03-30 06:01:00,0.99797,0.99797,0.99789,0.99791,5
2012-03-30 06:02:00,0.99792,0.99797,0.99786,0.99795,12
2012-03-30 06:03:00,0.99789,0.99789,0.9978,0.99789,7
2012-03-30 06:04:00,0.99794,0.99797,0.99786,0.99791,16
2012-03-30 06:05:00,0.99775,0.99797,0.99772,0.99797,21
2012-03-30 06:06:00,0.99763,0.99774,0.99761,0.99772,14
2012-03-30 06:07:00,0.99757,0.99763,0.99755,0.99761,6
2012-03-30 06:08:00,0.99729,0.99755,0.99724,0.99755,28
2012-03-30 06:09:00,0.99729,0.99752,0.99729,0.99732,16
2012-03-30 06:10:00,0.99729,0.99729,0.99721,0.99727,8
2012-03-30 06:11:00,0.99735,0.99735,0.99732,0.99732,2
2012-03-30 06:12:00,0.99738,0.99743,0.99737,0.99737,5
2012-03-30 06:13:00,0.99741,0.99746,0.99738,0.9974,11
2012-03-30 06:14:00,0.99695,0.99738,0.9969,0.99738,20
2012-03-30 06:15:00,0.99692,0.99693,0.99687,0.99693,9
2012-03-30 06:16:00,0.99693,0.99706,0.99687,0.9969,22
2012-03-30 06:17:00,0.99667,0.99695,0.9965,0.9969,27
2012-03-30 06:18:00,0.99667,0.99667,0.99656,0.99664,8
2012-03-30 06:19:00,0.9967,0.99678,0.99653,0.99664,21
2012-03-30 06:20:00,0.99667,0.99672,0.99667,0.99672,3
2012-03-30 06:21:00,0.99686,0.99686,0.99669,0.99669,9
2012-03-30 06:22:00,0.99695,0.99695,0.99681,0.99684,7
2012-03-30 06:23:00,0.99698,0.99698,0.9969,0.99693,5
2012-03-30 06:24:00,0.9971,0.99726,0.99701,0.99701,24
2012-03-30 06:25:00,0.9971,0.99715,0.99695,0.99707,14
2012-03-30 06:26:00,0.99704,0.99707,0.99704,0.99707,4
2012-03-30 06:27:00,0.99698,0.99712,0.99698,0.99701,14
2012-03-30 06:28:00,0.99687,0.99695,0.99687,0.99695,6
2012-03-30 06:29:00,0.99701,0.99709,0.99687,0.99689,15
2012-03-30 06:30:00,0.99693,0.99698,0.99693,0.99698,3
2012-03-30 06:31:00,0.99681,0.99692,0.99676,0.9969,10
2012-03-30 06:32:00,0.99667,0.99684,0.99667,0.99684,9
2012-03-30 06:33:00,0.99675,0.99675,0.99669,0.99669,5
2012-03-30 06:34:00,0.99689,0.99692,0.99678,0.99678,9
2012-03-30 06:35:00,0.99692,0.99692,0.9969,0.99692,3
2012-03-30 06:36:00,0.99692,0.99695,0.9969,0.99695,4
2012-03-30 06:37:00,0.99692,0.99695,0.99684,0.99695,8
2012-03-30 06:38:00,0.99698,0.99698,0.9969,0.99695,10
2012-03-30 06:39:00,0.99703,0.9972,0.99701,0.99701,16
2012-03-30 06:40:00,0.99692,0.99701,0.99681,0.99701,12
2012-03-30 06:41:00,0.99709,0.99709,0.99695,0.99695,12
2012-03-30 06:42:00,0.99721,0.99726,0.99698,0.99707,20
2012-03-30 06:43:00,0.99715,0.99723,0.99712,0.99723,8
2012-03-30 06:44:00,0.99715,0.99726,0.99715,0.99718,16
2012-03-30 06:45:00,0.99712,0.99723,0.99712,0.99718,7
2012-03-30 06:46:00,0.99698,0.99712,0.99698,0.9971,9
2012-03-30 06:47:00,0.99695,0.99703,0.99684,0.99695,23
2012-03-30 06:48:00,0.99695,0.99703,0.99693,0.99693,18
2012-03-30 06:49:00,0.99698,0.99706,0.9969,0.99693,13
2012-03-30 06:50:00,0.99647,0.99695,0.99641,0.99695,34
2012-03-30 06:51:00,0.99652,0.99658,0.99647,0.9965,14
2012-03-30 06:52:00,0.99675,0.99675,0.99655,0.99655,14
2012-03-30 06:53:00,0.99675,0.99675,0.99661,0.99673,14
2012-03-30 06:54:00,0.9967,0.99673,0.99661,0.99673,10
2012-03-30 06:55:00,0.99672,0.99672,0.99667,0.99667,3
2012-03-30 06:56:00,0.99681,0.99684,0.99675,0.99675,5
2012-03-30 06:57:00,0.99675,0.99678,0.99673,0.99678,6
2012-03-30 06:58:00,0.99672,0.99673,0.99667,0.99673,5
2012-03-30 06:59:00,0.99672,0.99675,0.9967,0.99675,10
2012-03-30 07:00:00,0.99669,0.99675,0.99667,0.99675,9
2012-03-30 07:01:00,0.99656,0.99672,0.99656,0.99672,15
2012-03-30 07:02:00,0.99661,0.99661,0.99647,0.99653,16
2012-03-30 07:03:00,0.9967,0.99672,0.99664,0.99664,9
2012-03-30 07:04:00,0.9965,0.99667,0.9965,0.99667,17
2012-03-30 07:05:00,0.99647,0.99661,0.99647,0.99652,13
2012-03-30 07:06:00,0.99654,0.99654,0.99639,0.9965,12
2012-03-30 07:07:00,0.99662,0.99662,0.99654,0.99657,11
2012-03-30 07:08:00,0.99668,0.99671,0.99663,0.99665,12
2012-03-30 07:09:00,0.99674,0.99674,0.99671,0.99671,6
2012-03-30 07:10:00,0.99685,0.99685,0.99663,0.99671,14
2012-03-30 07:11:00,0.99674,0.99683,0.99674,0.99683,10
2012-03-30 07:12:00,0.99679,0.99682,0.99671,0.99671,12
2012-03-30 07:13:00,0.99691,0.99696,0.99677,0.99682,14
2012-03-30 07:14:00,0.99677,0.99691,0.99677,0.99688,15
2012-03-30 07:15:00,0.99674,0.99679,0.99674,0.99679,3
2012-03-30 07:16:00,0.99679,0.99682,0.99677,0.99677,8
2012-03-30 07:17:00,0.99666,0.99677,0.99666,0.99677,11
2012-03-30 07:19:00,0.99685,0.99685,0.99666,0.99668,11
2012-03-30 07:20:00,0.99682,0.99685,0.99674,0.99683,11
2012-03-30 07:21:00,0.9968,0.99694,0.99677,0.99685,17
2012-03-30 07:23:00,0.99679,0.99682,0.99671,0.99682,8
2012-03-30 07:24:00,0.99674,0.99677,0.99671,0.99677,4
2012-03-30 07:25:00,0.99659,0.99671,0.99654,0.99671,13
2012-03-30 07:26:00,0.99654,0.99659,0.99654,0.99657,6
2012-03-30 07:27:00,0.99659,0.99662,0.99657,0.99657,8
2012-03-30 07:28:00,0.99659,0.99662,0.99654,0.99662,6
2012-03-30 07:29:00,0.99671,0.99671,0.9966,0.99662,8
2012-03-30 07:30:00,0.99679,0.99679,0.99674,0.99674,3
2012-03-30 07:31:00,0.99691,0.99691,0.99682,0.99682,12
2012-03-30 07:32:00,0.99691,0.99694,0.99683,0.99694,8
2012-03-30 07:33:00,0.99682,0.99691,0.99671,0.99688,21
2012-03-30 07:34:00,0.99689,0.99689,0.99669,0.9968,13
2012-03-30 07:35:00,0.99681,0.99687,0.99681,0.99687,7
2012-03-30 07:36:00,0.99692,0.99692,0.99684,0.99684,6
2012-03-30 07:37:00,0.99684,0.99692,0.99684,0.9969,9
2012-03-30 07:38:00,0.99672,0.99681,0.9967,0.99681,6
2012-03-30 07:39:00,0.99678,0.99681,0.99675,0.99675,6
2012-03-30 07:40:00,0.99664,0.99684,0.99664,0.99676,11
2012-03-30 07:41:00,0.99664,0.99672,0.99661,0.99667,8
2012-03-30 07:42:00,0.99672,0.99672,0.99667,0.99667,5
2012-03-30 07:43:00,0.9967,0.99672,0.9967,0.9967,3
2012-03-30 07:44:00,0.99661,0.99667,0.99661,0.99667,3
2012-03-30 07:45:00,0.99658,0.99658,0.99653,0.99658,7
2012-03-30 07:46:00,0.99669,0.99669,0.99656,0.99656,6
2012-03-30 07:47:00,0.99661,0.99667,0.99658,0.99667,5
2012-03-30 07:48:00,0.99667,0.99669,0.99661,0.99664,10
2012-03-30 07:49:00,0.99661,0.99669,0.99661,0.99664,8
2012-03-30 07:50:00,0.99678,0.99678,0.99664,0.99664,10
2012-03-30 07:51:00,0.99689,0.99689,0.99681,0.99681,8
2012-03-30 07:52:00,0.9969,0.99692,0.9969,0.99692,2
2012-03-30 07:53:00,0.99693,0.99701,0.9969,0.99692,9
2012-03-30 07:54:00,0.99692,0.99701,0.9969,0.99695,10
2012-03-30 07:55:00,0.99712,0.99712,0.9969,0.9969,9
2012-03-30 07:56:00,0.99709,0.9971,0.99695,0.9971,15
2012-03-30 07:57:00,0.9972,0.9972,0.99712,0.99712,4
2012-03-30 07:58:00,0.99723,0.99723,0.99723,0.99723,1
2012-03-30 07:59:00,0.99732,0.9974,0.9971,0.99721,37
2012-03-30 08:00:00,0.9977,0.9977,0.99735,0.99735,15
2012-03-30 08:01:00,0.99771,0.99784,0.99762,0.99773,20
2012-03-30 08:02:00,0.99762,0.99773,0.99762,0.99773,5
2012-03-30 08:03:00,0.9979,0.9979,0.99764,0.99764,14
2012-03-30 08:04:00,0.99818,0.99818,0.99793,0.99793,18
2012-03-30 08:05:00,0.99799,0.99816,0.99799,0.99816,11
2012-03-30 08:06:00,0.99798,0.99807,0.99796,0.99801,10
2012-03-30 08:07:00,0.99785,0.99807,0.99785,0.99801,13
2012-03-30 08:08:00,0.9979,0.99798,0.99787,0.99787,12
2012-03-30 08:09:00,0.99798,0.99801,0.99788,0.99793,21
2012-03-30 08:10:00,0.99818,0.99818,0.99801,0.99801,19
2012-03-30 08:11:00,0.99822,0.9983,0.99813,0.99816,23
2012-03-30 08:12:00,0.9981,0.9983,0.9981,0.99824,10
2012-03-30 08:13:00,0.99793,0.99807,0.99793,0.99807,12
2012-03-30 08:14:00,0.9979,0.99798,0.9979,0.99796,5
2012-03-30 08:15:00,0.99824,0.99824,0.99788,0.99793,20
2012-03-30 08:16:00,0.99821,0.99824,0.99816,0.99822,7
2012-03-30 08:17:00,0.9983,0.9983,0.99819,0.99819,5
2012-03-30 08:18:00,0.99819,0.99827,0.99819,0.99827,12
2012-03-30 08:19:00,0.99827,0.99827,0.99819,0.99821,11
2012-03-30 08:20:00,0.99833,0.99833,0.99822,0.99824,14
2012-03-30 08:21:00,0.9983,0.99833,0.99822,0.9983,9
2012-03-30 08:22:00,0.99821,0.99827,0.99819,0.99827,5
2012-03-30 08:23:00,0.99793,0.99819,0.99793,0.99819,16
2012-03-30 08:24:00,0.99771,0.9979,0.99771,0.9979,12
2012-03-30 08:25:00,0.99759,0.99781,0.99751,0.99773,18
2012-03-30 08:26:00,0.9977,0.9977,0.99748,0.99756,12
2012-03-30 08:27:00,0.99759,0.9977,0.99756,0.99768,12
2012-03-30 08:28:00,0.9975,0.99756,0.99745,0.99756,7
2012-03-30 08:29:00,0.99762,0.99762,0.99753,0.99753,4
2012-03-30 08:30:00,0.99771,0.99779,0.99764,0.99764,11
2012-03-30 08:31:00,0.9979,0.9979,0.99771,0.99773,13
2012-03-30 08:32:00,0.9979,0.99793,0.99788,0.99788,6
2012-03-30 08:33:00,0.99781,0.99788,0.99779,0.99788,9
2012-03-30 08:34:00,0.99779,0.99779,0.99779,0.99779,1
2012-03-30 08:35:00,0.99762,0.99776,0.99762,0.99776,8
2012-03-30 08:36:00,0.99748,0.99759,0.99748,0.99759,7
2012-03-30 08:37:00,0.9975,0.9975,0.9975,0.9975,1
2012-03-30 08:38:00,0.99748,0.99748,0.99748,0.99748,1
2012-03-30 08:39:00,0.99739,0.99745,0.99739,0.99745,5
2012-03-30 08:40:00,0.99747,0.99747,0.99736,0.99736,7
2012-03-30 08:41:00,0.99731,0.99745,0.99731,0.99745,6
2012-03-30 08:42:00,0.99719,0.9973,0.99719,0.99728,10
2012-03-30 08:43:00,0.99702,0.99719,0.99697,0.99717,14
2012-03-30 08:44:00,0.99705,0.99705,0.99694,0.997,9
2012-03-30 08:45:00,0.99705,0.99713,0.99705,0.99708,10
2012-03-30 08:46:00,0.99696,0.99702,0.99694,0.99702,9
2012-03-30 08:47:00,0.99694,0.99699,0.99691,0.99694,9
2012-03-30 08:48:00,0.99691,0.99694,0.99688,0.99691,5
2012-03-30 08:49:00,0.99685,0.99688,0.99685,0.99688,2
2012-03-30 08:50:00,0.99691,0.99691,0.99688,0.99688,2
2012-03-30 08:51:00,0.99677,0.99688,0.99674,0.99688,9
2012-03-30 08:52:00,0.99683,0.99691,0.99679,0.99679,10
2012-03-30 08:53:00,0.99682,0.99682,0.99677,0.9968,4
2012-03-30 08:54:00,0.99702,0.99702,0.99685,0.99685,13
2012-03-30 08:55:00,0.99713,0.99713,0.997,0.997,8
2012-03-30 08:56:00,0.99708,0.99711,0.99705,0.99711,4
2012-03-30 08:57:00,0.99708,0.99711,0.99708,0.99711,4
2012-03-30 08:58:00,0.99713,0.99713,0.99705,0.99705,10
2012-03-30 08:59:00,0.99728,0.9973,0.99711,0.99711,9
2012-03-30 09:00:00,0.99722,0.99736,0.99722,0.9973,10
2012-03-30 09:01:00,0.99722,0.99725,0.99711,0.99725,14
2012-03-30 09:02:00,0.99739,0.99739,0.99725,0.99725,20
2012-03-30 09:03:00,0.99739,0.99745,0.99739,0.99742,6
2012-03-30 09:04:00,0.99725,0.99742,0.99725,0.99736,11
2012-03-30 09:05:00,0.99739,0.99742,0.99728,0.99728,13
2012-03-30 09:06:00,0.99722,0.99736,0.99722,0.99736,10
2012-03-30 09:07:00,0.99711,0.99719,0.99705,0.99719,12
2012-03-30 09:08:00,0.99705,0.99719,0.99705,0.99713,16
2012-03-30 09:09:00,0.99702,0.99702,0.997,0.99702,5
2012-03-30 09:10:00,0.99713,0.99722,0.997,0.997,16
2012-03-30 09:11:00,0.99711,0.99716,0.997,0.99716,11
2012-03-30 09:12:00,0.99728,0.99728,0.99694,0.99708,22
2012-03-30 09:13:00,0.99739,0.99742,0.99725,0.99725,12
2012-03-30 09:14:00,0.99736,0.99736,0.99717,0.99736,17
2012-03-30 09:15:00,0.99714,0.99734,0.99714,0.99734,8
2012-03-30 09:16:00,0.99711,0.99711,0.99711,0.99711,1
2012-03-30 09:17:00,0.99717,0.99719,0.99708,0.99713,8
2012-03-30 09:18:00,0.99719,0.99722,0.99719,0.99719,3
2012-03-30 09:19:00,0.99719,0.99719,0.99711,0.99717,6
2012-03-30 09:20:00,0.99716,0.99717,0.99711,0.99717,5
2012-03-30 09:21:00,0.99731,0.99739,0.99719,0.99719,13
2012-03-30 09:22:00,0.99713,0.99728,0.99711,0.99728,12
2012-03-30 09:23:00,0.997,0.99711,0.997,0.99711,5
2012-03-30 09:24:00,0.99699,0.99699,0.99697,0.99697,2
2012-03-30 09:25:00,0.99697,0.99702,0.99697,0.99702,3
2012-03-30 09:26:00,0.99691,0.99694,0.99691,0.99694,2
2012-03-30 09:27:00,0.99691,0.99691,0.99688,0.99688,2
2012-03-30 09:29:00,0.99696,0.99696,0.99677,0.99688,14
2012-03-30 09:30:00,0.99691,0.99702,0.99691,0.99699,10
2012-03-30 09:31:00,0.9968,0.99694,0.9968,0.99694,6
2012-03-30 09:32:00,0.99688,0.99688,0.99682,0.99682,3
2012-03-30 09:33:00,0.99691,0.99691,0.99688,0.99691,3
2012-03-30 09:34:00,0.9968,0.99688,0.9968,0.99688,8
2012-03-30 09:35:00,0.99677,0.99677,0.99677,0.99677,1
2012-03-30 09:36:00,0.99634,0.99674,0.99632,0.99674,23
2012-03-30 09:37:00,0.99614,0.99632,0.99609,0.99632,13
2012-03-30 09:38:00,0.99612,0.99617,0.99612,0.99617,3
2012-03-30 09:39:00,0.99609,0.99611,0.99609,0.99609,3
2012-03-30 09:40:00,0.99591,0.99608,0.99589,0.99606,12
2012-03-30 09:41:00,0.996,0.996,0.99583,0.99589,13
2012-03-30 09:42:00,0.996,0.99603,0.99592,0.99597,8
2012-03-30 09:43:00,0.99603,0.99603,0.99603,0.99603,1
2012-03-30 09:44:00,0.99613,0.99634,0.99606,0.99606,18
2012-03-30 09:45:00,0.9961,0.9963,0.9961,0.99616,21
2012-03-30 09:46:00,0.99571,0.9961,0.99571,0.99607,32
2012-03-30 09:47:00,0.99554,0.99581,0.99554,0.99573,20
2012-03-30 09:48:00,0.99559,0.99562,0.99556,0.99556,6
2012-03-30 09:49:00,0.99536,0.99562,0.99534,0.99562,22
2012-03-30 09:50:00,0.99545,0.9955,0.99534,0.99539,17
2012-03-30 09:51:00,0.99548,0.9955,0.99547,0.99547,3
2012-03-30 09:52:00,0.99553,0.99553,0.99545,0.99545,6
2012-03-30 09:53:00,0.99539,0.99551,0.99539,0.99551,7
2012-03-30 09:54:00,0.99539,0.99547,0.99539,0.99542,6
2012-03-30 09:55:00,0.99536,0.99542,0.99534,0.99536,7
2012-03-30 09:56:00,0.9961,0.99613,0.99539,0.99539,38
2012-03-30 09:57:00,0.9961,0.9961,0.99607,0.99607,2
2012-03-30 09:58:00,0.99602,0.99607,0.99602,0.99607,3
2012-03-30 09:59:00,0.99601,0.99601,0.99596,0.99599,4
2012-03-30 10:00:00,0.99601,0.99601,0.99599,0.99599,4
2012-03-30 10:01:00,0.9961,0.9961,0.99596,0.99599,9
2012-03-30 10:02:00,0.99601,0.99607,0.99599,0.99607,7
2012-03-30 10:03:00,0.99599,0.99601,0.99599,0.99599,5
2012-03-30 10:04:00,0.99601,0.99601,0.99599,0.99601,3
2012-03-30 10:05:00,0.99599,0.99599,0.99599,0.99599,1
2012-03-30 10:06:00,0.99601,0.99601,0.99599,0.99601,3
2012-03-30 10:07:00,0.99601,0.99601,0.99596,0.99599,6
2012-03-30 10:08:00,0.99593,0.99601,0.99593,0.99599,11
2012-03-30 10:10:00,0.99599,0.99601,0.99596,0.99596,4
2012-03-30 10:11:00,0.99601,0.99601,0.99593,0.99596,5
2012-03-30 10:12:00,0.9961,0.9961,0.99604,0.99604,7
2012-03-30 10:13:00,0.99602,0.99607,0.99602,0.99607,3
2012-03-30 10:14:00,0.99607,0.99607,0.99604,0.99604,2
2012-03-30 10:15:00,0.99602,0.99605,0.99602,0.99605,2
2012-03-30 10:16:00,0.99592,0.99599,0.99592,0.99599,3
2012-03-30 10:17:00,0.99603,0.99603,0.99594,0.99594,4
2012-03-30 10:18:00,0.996,0.99603,0.996,0.996,3
2012-03-30 10:19:00,0.99592,0.99597,0.99592,0.99597,3
2012-03-30 10:20:00,0.99591,0.99591,0.99589,0.99589,2
2012-03-30 10:21:00,0.99611,0.99611,0.99594,0.99594,9
2012-03-30 10:22:00,0.9962,0.9962,0.99612,0.99614,9
2012-03-30 10:23:00,0.99626,0.99628,0.99623,0.99623,4
2012-03-30 10:24:00,0.99628,0.99628,0.99628,0.99628,1
2012-03-30 10:25:00,0.99637,0.99637,0.99631,0.99631,7
2012-03-30 10:26:00,0.99637,0.99637,0.99634,0.99634,2
2012-03-30 10:27:00,0.9964,0.9964,0.99637,0.9964,3
2012-03-30 10:28:00,0.99643,0.99645,0.99637,0.99637,9
2012-03-30 10:29:00,0.99645,0.99645,0.99645,0.99645,1
2012-03-30 10:30:00,0.9964,0.99643,0.99634,0.99643,6
2012-03-30 10:31:00,0.99657,0.99659,0.9964,0.99642,10
2012-03-30 10:32:00,0.9964,0.99654,0.9964,0.99654,6
2012-03-30 10:33:00,0.99651,0.99651,0.99637,0.99642,8
2012-03-30 10:34:00,0.99642,0.99649,0.9964,0.99649,5
2012-03-30 10:35:00,0.99632,0.9964,0.99632,0.9964,4
2012-03-30 10:36:00,0.9964,0.9964,0.99634,0.99634,3
2012-03-30 10:37:00,0.99637,0.99637,0.99637,0.99637,1
2012-03-30 10:39:00,0.99623,0.99634,0.9962,0.99634,9
2012-03-30 10:40:00,0.9962,0.99628,0.9962,0.9962,7
2012-03-30 10:41:00,0.99623,0.99625,0.99623,0.99623,3
2012-03-30 10:42:00,0.99634,0.99642,0.99625,0.99625,10
2012-03-30 10:43:00,0.99654,0.99654,0.99632,0.99637,15
2012-03-30 10:44:00,0.99662,0.99662,0.99651,0.99651,11
2012-03-30 10:46:00,0.99643,0.9966,0.99643,0.9966,7
2012-03-30 10:47:00,0.99642,0.99642,0.9964,0.9964,2
2012-03-30 10:48:00,0.99671,0.99671,0.99645,0.99645,14
2012-03-30 10:49:00,0.99671,0.99674,0.99663,0.99674,10
2012-03-30 10:50:00,0.99668,0.99671,0.99666,0.99668,5
2012-03-30 10:51:00,0.99671,0.99671,0.99663,0.99671,7
2012-03-30 10:53:00,0.99659,0.99671,0.99657,0.99668,18
2012-03-30 10:54:00,0.99651,0.99657,0.99651,0.99657,3
2012-03-30 10:55:00,0.99643,0.99649,0.99643,0.99649,3
2012-03-30 10:56:00,0.99659,0.99659,0.99643,0.99645,12
2012-03-30 10:58:00,0.9966,0.99665,0.99654,0.99662,16
2012-03-30 10:59:00,0.99679,0.99679,0.99662,0.99662,9
2012-03-30 11:00:00,0.99697,0.99699,0.9968,0.99682,10
2012-03-30 11:01:00,0.99679,0.99699,0.99677,0.99699,18
2012-03-30 11:02:00,0.99671,0.99679,0.99671,0.99677,5
2012-03-30 11:03:00,0.99666,0.99671,0.99666,0.99668,6
2012-03-30 11:04:00,0.99674,0.99674,0.99668,0.99668,3
2012-03-30 11:05:00,0.99691,0.99691,0.99677,0.99677,6
2012-03-30 11:06:00,0.99682,0.99688,0.9968,0.99688,5
2012-03-30 11:07:00,0.99679,0.9968,0.99674,0.9968,9
2012-03-30 11:08:00,0.99691,0.99691,0.99677,0.99677,6
2012-03-30 11:09:00,0.99688,0.99699,0.9968,0.99694,21
2012-03-30 11:10:00,0.99671,0.99685,0.99668,0.99685,10
2012-03-30 11:11:00,0.99679,0.99679,0.99671,0.99674,5
2012-03-30 11:12:00,0.99682,0.99682,0.99682,0.99682,1
2012-03-30 11:13:00,0.99683,0.99694,0.99683,0.99685,8
2012-03-30 11:14:00,0.99671,0.9968,0.99671,0.9968,4
2012-03-30 11:15:00,0.99691,0.99691,0.99674,0.99674,9
2012-03-30 11:16:00,0.997,0.99702,0.99694,0.99694,9
2012-03-30 11:17:00,0.99676,0.99698,0.99676,0.99697,18
2012-03-30 11:18:00,0.99664,0.99673,0.99664,0.99673,10
2012-03-30 11:19:00,0.99671,0.99689,0.9965,0.99661,35
2012-03-30 11:20:00,0.99671,0.99671,0.9966,0.99668,16
2012-03-30 11:21:00,0.99662,0.99674,0.9966,0.99674,7
2012-03-30 11:22:00,0.99659,0.99668,0.99651,0.99665,11
2012-03-30 11:23:00,0.99651,0.99657,0.99649,0.99657,9
2012-03-30 11:24:00,0.99657,0.99659,0.99654,0.99654,4
2012-03-30 11:25:00,0.99663,0.99665,0.99654,0.99654,6
2012-03-30 11:26:00,0.99674,0.99674,0.99665,0.99665,4
2012-03-30 11:27:00,0.99663,0.99671,0.99663,0.99671,4
2012-03-30 11:28:00,0.99671,0.99671,0.99665,0.99665,3
2012-03-30 11:29:00,0.99674,0.99674,0.99657,0.99668,21
2012-03-30 11:30:00,0.99679,0.99679,0.99671,0.99671,4
2012-03-30 11:31:00,0.99682,0.99682,0.99674,0.99677,5
2012-03-30 11:32:00,0.99688,0.99688,0.99677,0.9968,6
2012-03-30 11:33:00,0.99694,0.99694,0.99691,0.99691,2
2012-03-30 11:34:00,0.99668,0.99694,0.99663,0.99691,23
2012-03-30 11:35:00,0.99674,0.99674,0.99671,0.99671,4
2012-03-30 11:36:00,0.99657,0.99671,0.99657,0.99671,8
2012-03-30 11:37:00,0.99654,0.99654,0.99654,0.99654,1
2012-03-30 11:38:00,0.99657,0.99659,0.99654,0.99657,7
2012-03-30 11:39:00,0.99651,0.99654,0.99651,0.99654,2
2012-03-30 11:40:00,0.99642,0.99659,0.9964,0.99654,11
2012-03-30 11:41:00,0.99651,0.99651,0.9964,0.9964,7
2012-03-30 11:42:00,0.99632,0.99649,0.99632,0.99649,11
2012-03-30 11:43:00,0.99651,0.99651,0.99629,0.99629,15
2012-03-30 11:44:00,0.99651,0.99659,0.99651,0.99654,8
2012-03-30 11:45:00,0.99651,0.99651,0.99643,0.99649,6
2012-03-30 11:46:00,0.99632,0.99649,0.99632,0.99649,7
2012-03-30 11:47:00,0.99608,0.99629,0.99597,0.99629,16
2012-03-30 11:48:00,0.99591,0.99611,0.99583,0.99606,36
2012-03-30 11:49:00,0.996,0.99603,0.99589,0.99589,15
2012-03-30 11:50:00,0.99611,0.99611,0.996,0.99603,6
2012-03-30 11:51:00,0.99617,0.99625,0.99614,0.99614,8
2012-03-30 11:52:00,0.99623,0.99623,0.99612,0.9962,20
2012-03-30 11:53:00,0.99612,0.99625,0.99612,0.99625,6
2012-03-30 11:54:00,0.9962,0.9962,0.99609,0.99609,5
2012-03-30 11:55:00,0.9962,0.99625,0.9962,0.99623,6
2012-03-30 11:59:00,0.99631,0.99631,0.99623,0.99623,4
2012-03-30 12:00:00,0.99629,0.99637,0.99629,0.99634,7
2012-03-30 12:01:00,0.99612,0.99626,0.99612,0.99626,10
2012-03-30 12:02:00,0.99611,0.99611,0.996,0.99609,10
2012-03-30 12:03:00,0.9962,0.9962,0.99614,0.99614,3
2012-03-30 12:04:00,0.9962,0.99623,0.99617,0.99623,4
2012-03-30 12:05:00,0.99632,0.99637,0.99623,0.99623,8
2012-03-30 12:06:00,0.99632,0.99637,0.99629,0.99629,8
2012-03-30 12:07:00,0.99648,0.99648,0.99634,0.99634,6
2012-03-30 12:08:00,0.99629,0.99646,0.99629,0.99646,15
2012-03-30 12:09:00,0.99637,0.99637,0.99623,0.99626,17
2012-03-30 12:10:00,0.99631,0.9964,0.99626,0.9964,8
2012-03-30 12:11:00,0.99632,0.9964,0.99632,0.99634,6
2012-03-30 12:12:00,0.9962,0.99631,0.9962,0.99629,12
2012-03-30 12:13:00,0.99623,0.99625,0.99623,0.99623,5
2012-03-30 12:14:00,0.9964,0.99642,0.99625,0.99625,8
2012-03-30 12:15:00,0.99662,0.99662,0.99642,0.99642,12
2012-03-30 12:16:00,0.99671,0.99674,0.99665,0.99665,5
2012-03-30 12:17:00,0.99682,0.99682,0.99671,0.99674,12
2012-03-30 12:18:00,0.99694,0.99708,0.99685,0.99685,26
2012-03-30 12:19:00,0.99705,0.99705,0.99685,0.99691,10
2012-03-30 12:20:00,0.99702,0.99708,0.997,0.99702,11
2012-03-30 12:21:00,0.99716,0.99716,0.99691,0.997,13
2012-03-30 12:22:00,0.99717,0.99719,0.99708,0.99719,12
2012-03-30 12:23:00,0.9973,0.99733,0.99719,0.99719,9
2012-03-30 12:24:00,0.99739,0.9975,0.99731,0.99733,23
2012-03-30 12:25:00,0.9975,0.99753,0.99739,0.99742,14
2012-03-30 12:26:00,0.99759,0.99759,0.99742,0.99748,11
2012-03-30 12:27:00,0.99736,0.9977,0.99736,0.99762,30
2012-03-30 12:28:00,0.99753,0.99753,0.99736,0.99739,18
2012-03-30 12:29:00,0.99776,0.99787,0.99756,0.99756,33
2012-03-30 12:30:00,0.99745,0.9978,0.99742,0.9978,40
2012-03-30 12:31:00,0.99751,0.99756,0.99742,0.99747,20
2012-03-30 12:32:00,0.99756,0.99759,0.99745,0.99748,24
2012-03-30 12:33:00,0.99759,0.9977,0.99751,0.99759,27
2012-03-30 12:34:00,0.99779,0.99793,0.99762,0.99762,19
2012-03-30 12:35:00,0.99779,0.99779,0.99765,0.99776,10
2012-03-30 12:36:00,0.99764,0.99776,0.99754,0.99776,19
2012-03-30 12:37:00,0.99753,0.99762,0.99745,0.99762,52
2012-03-30 12:38:00,0.9975,0.99759,0.99745,0.99751,15
2012-03-30 12:39:00,0.99764,0.99764,0.99753,0.99753,9
2012-03-30 12:40:00,0.99756,0.99762,0.99754,0.99762,5
2012-03-30 12:41:00,0.99759,0.99759,0.99754,0.99754,3
2012-03-30 12:42:00,0.99767,0.99767,0.99762,0.99762,5
2012-03-30 12:43:00,0.99751,0.99765,0.99748,0.99765,24
2012-03-30 12:44:00,0.99745,0.99753,0.99745,0.99748,10
2012-03-30 12:45:00,0.99745,0.99745,0.99739,0.99742,4
2012-03-30 12:46:00,0.99753,0.99753,0.99739,0.99742,11
2012-03-30 12:47:00,0.99767,0.99767,0.99748,0.99751,11
2012-03-30 12:48:00,0.99729,0.99767,0.99721,0.99765,37
2012-03-30 12:49:00,0.99769,0.99769,0.99732,0.99732,14
2012-03-30 12:50:00,0.99761,0.99791,0.99761,0.99772,41
2012-03-30 12:51:00,0.99748,0.99772,0.99748,0.99758,26
2012-03-30 12:52:00,0.99739,0.99753,0.99739,0.9975,15
2012-03-30 12:53:00,0.99722,0.99747,0.99719,0.99742,26
2012-03-30 12:54:00,0.99719,0.99728,0.99719,0.99719,11
2012-03-30 12:55:00,0.99719,0.99719,0.99708,0.99717,14
2012-03-30 12:56:00,0.99728,0.99733,0.99722,0.99722,15
2012-03-30 12:57:00,0.99706,0.99728,0.99698,0.99725,33
2012-03-30 12:58:00,0.99709,0.99709,0.99704,0.99704,3
2012-03-30 12:59:00,0.99729,0.99729,0.99704,0.99707,21
2012-03-30 13:00:00,0.99737,0.99737,0.99721,0.99727,13
2012-03-30 13:01:00,0.99729,0.9974,0.99729,0.99735,9
2012-03-30 13:02:00,0.99726,0.99732,0.99724,0.99732,7
2012-03-30 13:03:00,0.99741,0.99743,0.99721,0.99729,19
2012-03-30 13:04:00,0.99712,0.99738,0.99707,0.99738,38
2012-03-30 13:05:00,0.99701,0.99712,0.99698,0.9971,26
2012-03-30 13:06:00,0.9969,0.99703,0.9969,0.99698,10
2012-03-30 13:07:00,0.99678,0.99687,0.9967,0.99687,14
2012-03-30 13:08:00,0.9967,0.99684,0.9967,0.99681,11
2012-03-30 13:09:00,0.99661,0.99672,0.99656,0.99672,11
2012-03-30 13:10:00,0.99661,0.99672,0.99661,0.99664,14
2012-03-30 13:11:00,0.99669,0.99669,0.9965,0.99658,11
2012-03-30 13:12:00,0.9965,0.99669,0.9965,0.99667,16
2012-03-30 13:13:00,0.99658,0.99662,0.99654,0.99654,7
2012-03-30 13:14:00,0.99658,0.99658,0.9965,0.99656,6
2012-03-30 13:15:00,0.99642,0.99656,0.9964,0.99656,12
2012-03-30 13:16:00,0.99642,0.99642,0.99636,0.9964,6
2012-03-30 13:17:00,0.9964,0.99642,0.9964,0.9964,3
2012-03-30 13:18:00,0.99654,0.99662,0.99642,0.99642,19
2012-03-30 13:19:00,0.99658,0.99658,0.99656,0.99656,2
2012-03-30 13:20:00,0.9967,0.9967,0.99662,0.99662,4
2012-03-30 13:21:00,0.99682,0.99698,0.99672,0.99672,20
2012-03-30 13:22:00,0.99658,0.99678,0.99656,0.99678,10
2012-03-30 13:23:00,0.9966,0.99662,0.9966,0.99662,2
2012-03-30 13:24:00,0.9967,0.99678,0.99662,0.99662,14
2012-03-30 13:25:00,0.99678,0.99682,0.9967,0.99672,24
2012-03-30 13:26:00,0.9968,0.9968,0.99666,0.99674,19
2012-03-30 13:27:00,0.99692,0.99692,0.99682,0.99682,4
2012-03-30 13:28:00,0.99682,0.99694,0.9968,0.99694,9
2012-03-30 13:29:00,0.99728,0.99728,0.99684,0.99686,20
2012-03-30 13:30:00,0.9972,0.99736,0.99712,0.99726,41
2012-03-30 13:31:00,0.9972,0.99722,0.99706,0.99722,32
2012-03-30 13:32:00,0.99734,0.99736,0.9972,0.99722,19
2012-03-30 13:33:00,0.99748,0.99748,0.99732,0.99732,7
2012-03-30 13:34:00,0.99796,0.99796,0.9975,0.9975,19
2012-03-30 13:35:00,0.99772,0.998,0.99772,0.998,13
2012-03-30 13:36:00,0.99754,0.9978,0.99752,0.99768,40
2012-03-30 13:37:00,0.99748,0.99752,0.99742,0.99752,6
2012-03-30 13:38:00,0.99752,0.9976,0.99742,0.9975,19
2012-03-30 13:39:00,0.99718,0.99748,0.99718,0.99748,19
2012-03-30 13:40:00,0.99732,0.9975,0.99722,0.99722,23
2012-03-30 13:41:00,0.99722,0.9973,0.99716,0.9973,14
2012-03-30 13:42:00,0.99756,0.9976,0.99724,0.99724,32
2012-03-30 13:43:00,0.9977,0.99772,0.99758,0.99758,15
2012-03-30 13:44:00,0.99764,0.99776,0.9975,0.99766,22
2012-03-30 13:45:00,0.9979,0.99806,0.99766,0.99766,25
2012-03-30 13:46:00,0.99778,0.9979,0.99766,0.99786,18
2012-03-30 13:47:00,0.9979,0.9979,0.99766,0.99776,18
2012-03-30 13:48:00,0.9979,0.99806,0.99776,0.99792,42
2012-03-30 13:49:00,0.9979,0.99804,0.9979,0.99792,30
2012-03-30 13:50:00,0.99786,0.99794,0.99778,0.99786,27
2012-03-30 13:51:00,0.99786,0.9979,0.9977,0.99784,20
2012-03-30 13:52:00,0.99722,0.99784,0.99718,0.99784,39
2012-03-30 13:53:00,0.99756,0.99756,0.99718,0.99718,18
2012-03-30 13:54:00,0.99748,0.99754,0.99738,0.99752,27
2012-03-30 13:55:00,0.99726,0.99748,0.9972,0.99746,28
2012-03-30 13:56:00,0.99734,0.99736,0.99728,0.99728,9
2012-03-30 13:57:00,0.99732,0.9974,0.99718,0.99736,25
2012-03-30 13:58:00,0.9974,0.99756,0.99734,0.99734,39
2012-03-30 13:59:00,0.99738,0.99766,0.99738,0.99742,43
2012-03-30 14:00:00,0.99748,0.99748,0.99734,0.99734,20
2012-03-30 14:01:00,0.99788,0.9979,0.99748,0.9975,34
2012-03-30 14:02:00,0.99772,0.99796,0.9976,0.9979,50
2012-03-30 14:03:00,0.9976,0.9977,0.99742,0.99768,28
2012-03-30 14:04:00,0.99738,0.9976,0.99738,0.99756,28
2012-03-30 14:05:00,0.99738,0.99748,0.99738,0.9974,18
2012-03-30 14:06:00,0.9972,0.9974,0.99718,0.9974,16
2012-03-30 14:07:00,0.99718,0.99722,0.99712,0.99722,23
2012-03-30 14:08:00,0.99728,0.99728,0.9972,0.9972,8
2012-03-30 14:09:00,0.99708,0.99732,0.99708,0.99726,35
2012-03-30 14:10:00,0.99718,0.9972,0.99712,0.99712,13
2012-03-30 14:11:00,0.99726,0.99726,0.9972,0.9972,3
2012-03-30 14:12:00,0.99732,0.9974,0.99728,0.99728,14
2012-03-30 14:13:00,0.99722,0.99734,0.9972,0.99728,22
2012-03-30 14:14:00,0.99729,0.99735,0.9972,0.9972,19
2012-03-30 14:15:00,0.99763,0.99767,0.99727,0.99727,28
2012-03-30 14:16:00,0.99761,0.99765,0.99759,0.99761,17
2012-03-30 14:17:00,0.99757,0.99763,0.99747,0.99763,45
2012-03-30 14:18:00,0.99781,0.99799,0.9976,0.9976,35
2012-03-30 14:19:00,0.99789,0.99789,0.99776,0.99783,16
2012-03-30 14:20:00,0.99807,0.99809,0.99787,0.99787,15
2012-03-30 14:21:00,0.9978,0.99821,0.99778,0.99809,35
2012-03-30 14:22:00,0.9978,0.99782,0.99769,0.99778,22
2012-03-30 14:23:00,0.99776,0.99784,0.99774,0.99778,28
2012-03-30 14:24:00,0.99771,0.99777,0.99766,0.99774,20
2012-03-30 14:25:00,0.99763,0.99769,0.99761,0.99769,11
2012-03-30 14:26:00,0.99794,0.99796,0.99765,0.99765,21
2012-03-30 14:27:00,0.99778,0.99792,0.99774,0.99792,23
2012-03-30 14:28:00,0.99756,0.99784,0.99756,0.9978,19
2012-03-30 14:29:00,0.9976,0.99765,0.99756,0.99758,20
2012-03-30 14:30:00,0.99739,0.99762,0.99739,0.99758,19
2012-03-30 14:31:00,0.99755,0.99755,0.9973,0.99737,17
2012-03-30 14:32:00,0.99767,0.99767,0.99752,0.99757,35
2012-03-30 14:33:00,0.99799,0.99801,0.99765,0.99765,25
2012-03-30 14:34:00,0.99805,0.99833,0.99801,0.99801,56
2012-03-30 14:35:00,0.99879,0.99879,0.99803,0.99807,83
2012-03-30 14:36:00,0.99857,0.99906,0.99849,0.99877,47
2012-03-30 14:37:00,0.99849,0.99855,0.99847,0.99855,20
2012-03-30 14:38:00,0.99881,0.99889,0.99849,0.99851,35
2012-03-30 14:39:00,0.99899,0.99904,0.99883,0.99883,28
2012-03-30 14:40:00,0.99896,0.99916,0.99896,0.99897,24
2012-03-30 14:41:00,0.99905,0.99914,0.99893,0.99893,30
2012-03-30 14:42:00,0.9991,0.99918,0.99907,0.99907,24
2012-03-30 14:43:00,0.99925,0.99931,0.99912,0.99912,22
2012-03-30 14:44:00,0.99927,0.99933,0.99917,0.99922,39
2012-03-30 14:45:00,0.99891,0.99929,0.99891,0.99929,37
2012-03-30 14:46:00,0.9987,0.99894,0.99859,0.99893,40
2012-03-30 14:47:00,0.99869,0.99894,0.99869,0.99872,31
2012-03-30 14:48:00,0.99847,0.99873,0.99847,0.99871,27
2012-03-30 14:49:00,0.99872,0.99872,0.99839,0.99844,43
2012-03-30 14:50:00,0.99908,0.99914,0.99875,0.99875,32
2012-03-30 14:51:00,0.99916,0.99921,0.9991,0.9991,34
2012-03-30 14:52:00,0.9992,0.99939,0.99916,0.99918,65
2012-03-30 14:53:00,0.9994,0.99943,0.99922,0.99922,29
2012-03-30 14:54:00,0.99938,0.99945,0.9993,0.99938,19
2012-03-30 14:55:00,0.99925,0.9994,0.99925,0.9994,16
2012-03-30 14:56:00,0.99911,0.99927,0.99891,0.99927,45
2012-03-30 14:57:00,0.99975,0.99975,0.99914,0.99914,42
2012-03-30 14:58:00,0.9998,0.99992,0.99975,0.99977,48
2012-03-30 14:59:00,0.9994,0.99978,0.99925,0.99978,70
2012-03-30 15:00:00,0.99937,0.9995,0.99927,0.99943,80
2012-03-30 15:01:00,0.99913,0.99935,0.99913,0.99935,30
2012-03-30 15:02:00,0.99893,0.99915,0.99886,0.99915,42
2012-03-30 15:03:00,0.99889,0.99901,0.99869,0.99895,39
2012-03-30 15:04:00,0.99901,0.99901,0.9989,0.99892,11
2012-03-30 15:05:00,0.99918,0.99918,0.99899,0.99899,15
2012-03-30 15:06:00,0.9995,0.99957,0.9991,0.99916,49
2012-03-30 15:07:00,0.99939,0.9996,0.99937,0.99953,41
2012-03-30 15:08:00,0.99925,0.99941,0.99925,0.99941,12
2012-03-30 15:09:00,0.99943,0.99943,0.99925,0.99927,12
2012-03-30 15:10:00,0.99917,0.9995,0.99917,0.99945,25
2012-03-30 15:11:00,0.9991,0.99919,0.99908,0.99915,15
2012-03-30 15:12:00,0.99871,0.99908,0.99869,0.99908,32
2012-03-30 15:13:00,0.99856,0.99869,0.99849,0.99869,32
2012-03-30 15:14:00,0.99837,0.99855,0.99837,0.99854,30
2012-03-30 15:15:00,0.9985,0.9985,0.99835,0.99835,14
2012-03-30 15:16:00,0.99848,0.99848,0.9983,0.99848,39
2012-03-30 15:17:00,0.99827,0.99846,0.99827,0.99846,17
2012-03-30 15:18:00,0.99828,0.99836,0.99822,0.99829,31
2012-03-30 15:19:00,0.99796,0.99828,0.99778,0.99826,45
2012-03-30 15:20:00,0.99806,0.99806,0.99791,0.99799,26
2012-03-30 15:21:00,0.99802,0.99811,0.99798,0.99804,26
2012-03-30 15:22:00,0.99795,0.998,0.99795,0.998,9
2012-03-30 15:23:00,0.99798,0.99804,0.99797,0.99797,15
2012-03-30 15:24:00,0.99786,0.99802,0.99786,0.998,23
2012-03-30 15:25:00,0.99776,0.99796,0.99776,0.99788,28
2012-03-30 15:26:00,0.99782,0.99782,0.99761,0.99774,41
2012-03-30 15:27:00,0.9978,0.99784,0.99776,0.9978,15
2012-03-30 15:28:00,0.99787,0.99787,0.99778,0.99778,11
2012-03-30 15:29:00,0.99799,0.99801,0.99785,0.99785,27
2012-03-30 15:30:00,0.99806,0.99811,0.99798,0.99801,19
2012-03-30 15:31:00,0.99826,0.99826,0.99809,0.99809,16
2012-03-30 15:32:00,0.99834,0.99838,0.99824,0.99824,17
2012-03-30 15:33:00,0.99856,0.9986,0.99836,0.99836,23
2012-03-30 15:34:00,0.99856,0.99862,0.99854,0.99854,14
2012-03-30 15:35:00,0.99837,0.99856,0.99837,0.99854,14
2012-03-30 15:36:00,0.99844,0.99853,0.99835,0.99835,13
2012-03-30 15:37:00,0.99855,0.99855,0.99846,0.99846,5
2012-03-30 15:38:00,0.99863,0.99867,0.99857,0.99857,9
2012-03-30 15:39:00,0.99863,0.99863,0.99859,0.99861,4
2012-03-30 15:40:00,0.99858,0.99861,0.99856,0.99861,4
2012-03-30 15:41:00,0.99862,0.99862,0.9986,0.9986,2
2012-03-30 15:42:00,0.99877,0.99877,0.99865,0.99865,6
2012-03-30 15:43:00,0.99889,0.99889,0.99879,0.99879,9
2012-03-30 15:44:00,0.99899,0.99899,0.99892,0.99892,4
2012-03-30 15:45:00,0.99886,0.99897,0.99886,0.99897,16
2012-03-30 15:46:00,0.9989,0.9989,0.99888,0.99888,2
2012-03-30 15:47:00,0.99883,0.99888,0.99883,0.99888,3
2012-03-30 15:48:00,0.99864,0.99885,0.99864,0.99885,14
2012-03-30 15:49:00,0.99879,0.99879,0.99864,0.99866,19
2012-03-30 15:50:00,0.99869,0.99879,0.99869,0.99877,7
2012-03-30 15:51:00,0.99856,0.99871,0.99856,0.99871,13
2012-03-30 15:52:00,0.99861,0.99865,0.99835,0.99854,34
2012-03-30 15:53:00,0.99862,0.9987,0.99852,0.99863,33
2012-03-30 15:54:00,0.99852,0.9987,0.99852,0.9986,15
2012-03-30 15:55:00,0.99851,0.9986,0.99847,0.99854,12
2012-03-30 15:56:00,0.9986,0.99862,0.99847,0.99849,12
2012-03-30 15:57:00,0.99878,0.99882,0.99862,0.99862,15
2012-03-30 15:58:00,0.99889,0.99889,0.9988,0.9988,11
2012-03-30 15:59:00,0.99904,0.99904,0.99885,0.99887,32
2012-03-30 16:00:00,0.9991,0.99916,0.99905,0.99906,28
2012-03-30 16:01:00,0.99929,0.99933,0.99908,0.99908,30
2012-03-30 16:02:00,0.99923,0.9994,0.99915,0.99927,26
2012-03-30 16:03:00,0.99905,0.99921,0.99905,0.99921,10
2012-03-30 16:04:00,0.99897,0.99904,0.99891,0.99903,15
2012-03-30 16:05:00,0.9988,0.99899,0.99878,0.99899,23
2012-03-30 16:06:00,0.99878,0.99889,0.99878,0.99878,13
2012-03-30 16:07:00,0.99873,0.99879,0.99871,0.99876,16
2012-03-30 16:08:00,0.99872,0.99872,0.99866,0.99871,6
2012-03-30 16:09:00,0.99864,0.99875,0.99864,0.99875,10
2012-03-30 16:10:00,0.99871,0.99875,0.99864,0.99866,17
2012-03-30 16:11:00,0.99868,0.99873,0.99864,0.99869,11
2012-03-30 16:12:00,0.9987,0.9987,0.99866,0.9987,7
2012-03-30 16:13:00,0.99871,0.99875,0.99871,0.99872,8
2012-03-30 16:14:00,0.99879,0.99879,0.99871,0.99873,8
2012-03-30 16:15:00,0.99889,0.99889,0.99882,0.99882,4
2012-03-30 16:16:00,0.99861,0.99887,0.99859,0.99887,32
2012-03-30 16:17:00,0.9986,0.9987,0.99852,0.99863,20
2012-03-30 16:18:00,0.99854,0.99862,0.99852,0.99858,13
2012-03-30 16:19:00,0.99875,0.99875,0.99856,0.99856,11
2012-03-30 16:20:00,0.99873,0.99879,0.99873,0.99873,7
2012-03-30 16:21:00,0.99875,0.99875,0.99875,0.99875,1
2012-03-30 16:22:00,0.99874,0.99882,0.99874,0.99877,7
2012-03-30 16:23:00,0.99876,0.99882,0.99874,0.99876,19
2012-03-30 16:24:00,0.99884,0.99884,0.99874,0.99878,16
2012-03-30 16:25:00,0.9988,0.99882,0.9988,0.99882,2
2012-03-30 16:26:00,0.99884,0.99884,0.99882,0.99882,2
2012-03-30 16:27:00,0.99882,0.99882,0.99876,0.99882,7
2012-03-30 16:28:00,0.99876,0.99884,0.99874,0.99884,17
2012-03-30 16:29:00,0.9986,0.99879,0.99856,0.99874,18
2012-03-30 16:30:00,0.99868,0.9987,0.99856,0.99858,19
2012-03-30 16:31:00,0.9987,0.9987,0.99861,0.9987,17
2012-03-30 16:34:00,0.99888,0.99892,0.99872,0.99872,13
2012-03-30 16:35:00,0.99883,0.99892,0.99881,0.9989,12
2012-03-30 16:36:00,0.99884,0.99885,0.99878,0.99885,11
2012-03-30 16:37:00,0.99884,0.99889,0.99878,0.99887,12
2012-03-30 16:38:00,0.99894,0.99894,0.99882,0.99882,12
2012-03-30 16:39:00,0.99895,0.99899,0.99895,0.99897,12
2012-03-30 16:40:00,0.99891,0.99895,0.99891,0.99893,4
2012-03-30 16:41:00,0.99881,0.99897,0.99881,0.99893,16
2012-03-30 16:42:00,0.99872,0.99884,0.99866,0.99883,21
2012-03-30 16:43:00,0.99872,0.99872,0.9987,0.9987,18
2012-03-30 16:44:00,0.99879,0.99879,0.9987,0.9987,9
2012-03-30 16:45:00,0.9988,0.99882,0.99874,0.99882,8
2012-03-30 16:46:00,0.99881,0.99889,0.99881,0.99882,8
2012-03-30 16:47:00,0.9987,0.99878,0.99866,0.99878,14
2012-03-30 16:48:00,0.99864,0.99868,0.99864,0.99868,3
2012-03-30 16:49:00,0.9986,0.99861,0.99847,0.99861,35
2012-03-30 16:50:00,0.9986,0.9986,0.99858,0.99858,2
2012-03-30 16:51:00,0.99852,0.99858,0.99852,0.99858,5
2012-03-30 16:52:00,0.99841,0.9985,0.99841,0.9985,4
2012-03-30 16:53:00,0.99849,0.99849,0.99841,0.99844,9
2012-03-30 16:54:00,0.99853,0.99863,0.99852,0.99852,9
2012-03-30 16:55:00,0.99852,0.99861,0.99847,0.99855,10
2012-03-30 16:57:00,0.99841,0.9985,0.99833,0.9985,10
2012-03-30 16:58:00,0.99861,0.99861,0.99844,0.99844,11
2012-03-30 16:59:00,0.9988,0.9988,0.99863,0.99863,7
2012-03-30 17:00:00,0.99886,0.99895,0.99878,0.99878,12
2012-03-30 17:01:00,0.99895,0.99895,0.99884,0.99884,7
2012-03-30 17:02:00,0.99892,0.99892,0.99887,0.99892,9
2012-03-30 17:04:00,0.99906,0.99915,0.99895,0.99895,17
2012-03-30 17:06:00,0.99904,0.99904,0.99904,0.99904,1
2012-03-30 17:07:00,0.99898,0.99906,0.99898,0.99906,8
2012-03-30 17:08:00,0.999,0.999,0.999,0.999,1
2012-03-30 17:09:00,0.999,0.99903,0.99898,0.99898,10
2012-03-30 17:10:00,0.999,0.99906,0.99898,0.99903,12
2012-03-30 17:11:00,0.999,0.999,0.99898,0.99898,2
2012-03-30 17:12:00,0.99898,0.99898,0.99898,0.99898,1
2012-03-30 17:13:00,0.99895,0.99895,0.99895,0.99895,1
2012-03-30 17:14:00,0.99881,0.99892,0.99881,0.99892,5
2012-03-30 17:15:00,0.99883,0.99883,0.99875,0.99878,7
2012-03-30 17:16:00,0.9988,0.99881,0.99878,0.99881,9
2012-03-30 17:17:00,0.9988,0.9988,0.99878,0.99878,8
2012-03-30 17:18:00,0.99872,0.99878,0.99864,0.99878,9
2012-03-30 17:19:00,0.99875,0.99878,0.99875,0.99875,3
2012-03-30 17:20:00,0.99878,0.9988,0.99867,0.99872,9
2012-03-30 17:21:00,0.99878,0.99878,0.99875,0.99875,4
2012-03-30 17:22:00,0.99915,0.99923,0.9988,0.9988,25
2012-03-30 17:23:00,0.99898,0.99912,0.99898,0.99912,10
2012-03-30 17:24:00,0.99898,0.999,0.99898,0.999,4
2012-03-30 17:25:00,0.99875,0.99895,0.99875,0.99895,8
2012-03-30 17:26:00,0.99886,0.99886,0.9987,0.99872,10
2012-03-30 17:27:00,0.99886,0.99892,0.99881,0.99884,12
2012-03-30 17:28:00,0.99883,0.99889,0.99881,0.99889,7
2012-03-30 17:29:00,0.99878,0.99886,0.99878,0.99886,8
2012-03-30 17:30:00,0.99875,0.99883,0.99875,0.9988,15
2012-03-30 17:31:00,0.99883,0.99883,0.99875,0.99878,11
2012-03-30 17:32:00,0.99878,0.99881,0.99878,0.99881,2
2012-03-30 17:33:00,0.9988,0.9988,0.99875,0.99875,5
2012-03-30 17:34:00,0.99883,0.99883,0.99883,0.99883,1
2012-03-30 17:35:00,0.99881,0.99883,0.99881,0.99881,3
2012-03-30 17:36:00,0.99855,0.99878,0.99855,0.99878,9
2012-03-30 17:37:00,0.99858,0.99863,0.99858,0.99858,5
2012-03-30 17:38:00,0.99855,0.99855,0.99855,0.99855,1
2012-03-30 17:39:00,0.99855,0.99855,0.99847,0.99853,10
2012-03-30 17:40:00,0.99866,0.99866,0.99858,0.99858,4
2012-03-30 17:41:00,0.99869,0.99869,0.99869,0.99869,1
2012-03-30 17:43:00,0.99867,0.99869,0.99867,0.99867,3
2012-03-30 17:44:00,0.99861,0.99869,0.99858,0.99864,14
2012-03-30 17:45:00,0.99852,0.99858,0.99847,0.99858,9
2012-03-30 17:46:00,0.9985,0.9985,0.9985,0.9985,1
2012-03-30 17:47:00,0.99841,0.99847,0.99841,0.99847,3
2012-03-30 17:48:00,0.99841,0.99846,0.99841,0.99844,4
2012-03-30 17:50:00,0.99818,0.99846,0.99818,0.99844,12
2012-03-30 17:51:00,0.99816,0.99824,0.99816,0.99821,5
2012-03-30 17:52:00,0.99818,0.99818,0.99818,0.99818,1
2012-03-30 17:53:00,0.99815,0.99816,0.99807,0.99816,7
2012-03-30 17:54:00,0.99815,0.99815,0.99807,0.99813,8
2012-03-30 17:55:00,0.99829,0.99829,0.99818,0.99818,5
2012-03-30 17:56:00,0.99821,0.99827,0.99821,0.99827,3
2012-03-30 17:57:00,0.99821,0.99824,0.99816,0.99824,8
2012-03-30 17:58:00,0.99818,0.99824,0.99818,0.99824,5
2012-03-30 17:59:00,0.99821,0.99821,0.99821,0.99821,1
2012-03-30 18:00:00,0.9981,0.99818,0.99807,0.99818,6
2012-03-30 18:01:00,0.9981,0.9981,0.99793,0.99807,16
2012-03-30 18:02:00,0.9981,0.99812,0.99807,0.99807,8
2012-03-30 18:03:00,0.9981,0.99812,0.99804,0.99807,6
2012-03-30 18:04:00,0.9981,0.99812,0.99807,0.99807,14
2012-03-30 18:05:00,0.99804,0.99807,0.99801,0.99807,4
2012-03-30 18:06:00,0.99813,0.99818,0.99807,0.99807,15
2012-03-30 18:07:00,0.99821,0.99821,0.99815,0.99815,3
2012-03-30 18:08:00,0.99821,0.99824,0.99821,0.99824,2
2012-03-30 18:10:00,0.99816,0.99818,0.99816,0.99818,2
2012-03-30 18:11:00,0.99821,0.99821,0.99813,0.99813,4
2012-03-30 18:13:00,0.99804,0.99824,0.99804,0.99824,8
2012-03-30 18:14:00,0.99799,0.99801,0.99799,0.99801,4
2012-03-30 18:15:00,0.9981,0.9981,0.99799,0.99801,12
2012-03-30 18:16:00,0.9981,0.9981,0.99804,0.99807,4
2012-03-30 18:17:00,0.99804,0.99807,0.99801,0.99807,6
2012-03-30 18:19:00,0.9981,0.9981,0.99801,0.99801,4
2012-03-30 18:20:00,0.99801,0.9981,0.99798,0.99807,13
2012-03-30 18:21:00,0.99804,0.9981,0.99801,0.99804,7
2012-03-30 18:22:00,0.99804,0.99812,0.99804,0.99807,12
2012-03-30 18:23:00,0.99798,0.99804,0.99796,0.99801,8
2012-03-30 18:24:00,0.9979,0.99796,0.9979,0.99796,3
2012-03-30 18:25:00,0.99779,0.99793,0.99779,0.99793,18
2012-03-30 18:26:00,0.99795,0.99795,0.99776,0.99776,18
2012-03-30 18:27:00,0.99798,0.99801,0.99793,0.99798,9
2012-03-30 18:28:00,0.99812,0.99812,0.99801,0.99801,7
2012-03-30 18:29:00,0.99816,0.99818,0.99815,0.99815,3
2012-03-30 18:30:00,0.99804,0.99813,0.99799,0.99813,10
2012-03-30 18:31:00,0.99782,0.9981,0.99782,0.99807,20
2012-03-30 18:32:00,0.99773,0.99784,0.99767,0.99784,9
2012-03-30 18:33:00,0.9977,0.99773,0.99767,0.9977,5
2012-03-30 18:34:00,0.99773,0.99773,0.99767,0.99773,5
2012-03-30 18:35:00,0.99776,0.99781,0.99776,0.99776,11
2012-03-30 18:36:00,0.9977,0.99773,0.99767,0.99773,4
2012-03-30 18:37:00,0.99762,0.9977,0.99762,0.99767,11
2012-03-30 18:38:00,0.9975,0.99764,0.99736,0.99764,24
2012-03-30 18:39:00,0.99739,0.9975,0.99736,0.99748,18
2012-03-30 18:40:00,0.99742,0.99744,0.99736,0.99736,11
2012-03-30 18:41:00,0.99744,0.9975,0.99736,0.99739,21
2012-03-30 18:42:00,0.99739,0.99742,0.99739,0.99742,2
2012-03-30 18:43:00,0.99736,0.99741,0.99736,0.99736,7
2012-03-30 18:44:00,0.99725,0.99741,0.99725,0.99739,8
2012-03-30 18:45:00,0.99725,0.99733,0.99725,0.99727,10
2012-03-30 18:46:00,0.99725,0.99733,0.99725,0.99727,6
2012-03-30 18:47:00,0.99722,0.99724,0.99719,0.99722,7
2012-03-30 18:48:00,0.9973,0.9973,0.99722,0.99724,17
2012-03-30 18:49:00,0.9975,0.9975,0.99733,0.99733,7
2012-03-30 18:50:00,0.99756,0.99756,0.9975,0.99753,4
2012-03-30 18:51:00,0.99758,0.99758,0.99753,0.99753,3
2012-03-30 18:52:00,0.99765,0.99767,0.99761,0.99761,4
2012-03-30 18:53:00,0.99756,0.99762,0.9975,0.99762,13
2012-03-30 18:54:00,0.99756,0.99761,0.99756,0.99758,6
2012-03-30 18:56:00,0.99756,0.99756,0.99748,0.99753,10
2012-03-30 18:57:00,0.99756,0.99756,0.9975,0.99753,4
2012-03-30 18:58:00,0.99773,0.99773,0.99758,0.99758,10
2012-03-30 18:59:00,0.99725,0.9977,0.99725,0.9977,27
2012-03-30 19:00:00,0.9973,0.99733,0.99727,0.99727,16
2012-03-30 19:01:00,0.99753,0.99753,0.99728,0.99728,10
2012-03-30 19:02:00,0.9975,0.9975,0.99745,0.9975,9
2012-03-30 19:03:00,0.99736,0.99753,0.99736,0.99753,9
2012-03-30 19:04:00,0.99733,0.99733,0.99731,0.99733,5
2012-03-30 19:05:00,0.99736,0.99736,0.99736,0.99736,1
2012-03-30 19:07:00,0.99741,0.99741,0.99739,0.99739,2
2012-03-30 19:08:00,0.99739,0.99739,0.99731,0.99739,7
2012-03-30 19:09:00,0.99739,0.99739,0.99733,0.99736,4
2012-03-30 19:10:00,0.99736,0.99736,0.99736,0.99736,1
2012-03-30 19:11:00,0.99744,0.99744,0.99736,0.99739,7
2012-03-30 19:12:00,0.9975,0.99753,0.99747,0.99747,6
2012-03-30 19:13:00,0.99753,0.99758,0.99753,0.99753,5
2012-03-30 19:14:00,0.9975,0.99753,0.99748,0.9975,7
2012-03-30 19:15:00,0.99753,0.99753,0.99742,0.99748,15
2012-03-30 19:16:00,0.99748,0.9975,0.99748,0.9975,2
2012-03-30 19:17:00,0.9973,0.9975,0.99728,0.9975,12
2012-03-30 19:18:00,0.99733,0.99736,0.99733,0.99733,7
2012-03-30 19:19:00,0.99739,0.99744,0.99736,0.99736,12
2012-03-30 19:20:00,0.99744,0.99744,0.99739,0.99741,6
2012-03-30 19:21:00,0.99745,0.99761,0.99745,0.99747,14
2012-03-30 19:22:00,0.99747,0.99747,0.99742,0.99742,3
2012-03-30 19:23:00,0.99745,0.99745,0.99745,0.99745,1
2012-03-30 19:24:00,0.99756,0.99756,0.99747,0.99747,4
2012-03-30 19:25:00,0.99745,0.99753,0.99745,0.99753,6
2012-03-30 19:26:00,0.99748,0.99756,0.99747,0.99747,7
2012-03-30 19:28:00,0.99753,0.99753,0.99745,0.99745,4
2012-03-30 19:29:00,0.99742,0.9975,0.99742,0.9975,4
2012-03-30 19:30:00,0.99736,0.99744,0.99736,0.99744,10
2012-03-30 19:31:00,0.99733,0.99741,0.99728,0.99733,11
2012-03-30 19:32:00,0.99725,0.99731,0.99725,0.99731,5
2012-03-30 19:33:00,0.99716,0.99722,0.99716,0.99722,5
2012-03-30 19:34:00,0.99699,0.99714,0.99694,0.99714,12
2012-03-30 19:35:00,0.99702,0.99705,0.99702,0.99702,3
2012-03-30 19:36:00,0.99702,0.99707,0.99702,0.99705,4
2012-03-30 19:37:00,0.99719,0.99719,0.99705,0.99705,6
2012-03-30 19:38:00,0.99722,0.99722,0.99722,0.99722,1
2012-03-30 19:39:00,0.99722,0.99722,0.99719,0.99719,2
2012-03-30 19:40:00,0.99728,0.99739,0.99724,0.99724,12
2012-03-30 19:41:00,0.99722,0.99725,0.99722,0.99725,2
2012-03-30 19:42:00,0.99733,0.99733,0.99719,0.99724,10
2012-03-30 19:43:00,0.99741,0.99741,0.99736,0.99736,3
2012-03-30 19:44:00,0.99736,0.99741,0.99736,0.99739,4
2012-03-30 19:45:00,0.99733,0.99742,0.99725,0.99733,10
2012-03-30 19:46:00,0.99733,0.99733,0.99729,0.99729,2
2012-03-30 19:47:00,0.99737,0.99737,0.99737,0.99737,1
2012-03-30 19:48:00,0.9975,0.9975,0.99742,0.99742,5
2012-03-30 19:49:00,0.99755,0.99763,0.99754,0.99754,9
2012-03-30 19:50:00,0.99759,0.99763,0.99755,0.99759,5
2012-03-30 19:51:00,0.99754,0.99755,0.99746,0.99755,5
2012-03-30 19:52:00,0.99759,0.99771,0.99759,0.99759,7
2012-03-30 19:54:00,0.99755,0.99759,0.99755,0.99755,5
2012-03-30 19:55:00,0.99759,0.99759,0.99751,0.99751,3
2012-03-30 19:56:00,0.99763,0.99763,0.99751,0.99763,9
2012-03-30 19:57:00,0.99759,0.99763,0.99759,0.99759,3
2012-03-30 19:58:00,0.9975,0.99755,0.99742,0.99755,6
2012-03-30 19:59:00,0.99746,0.99746,0.99742,0.99746,3
2012-03-30 20:00:00,0.9975,0.99754,0.99746,0.9975,11
2012-03-30 20:01:00,0.99725,0.9975,0.99725,0.99746,10
2012-03-30 20:02:00,0.99738,0.99742,0.99729,0.99729,7
2012-03-30 20:03:00,0.99725,0.99742,0.99721,0.99742,9
2012-03-30 20:04:00,0.99712,0.99729,0.99712,0.99729,5
2012-03-30 20:05:00,0.9972,0.9972,0.99708,0.99708,10
2012-03-30 20:06:00,0.99729,0.99733,0.99725,0.99725,6
2012-03-30 20:07:00,0.99725,0.99725,0.99721,0.99725,3
2012-03-30 20:08:00,0.99708,0.99721,0.99708,0.99721,4
2012-03-30 20:10:00,0.9972,0.9972,0.99712,0.99712,5
2012-03-30 20:11:00,0.99725,0.99725,0.99716,0.99716,3
2012-03-30 20:12:00,0.99737,0.99737,0.99729,0.99729,3
2012-03-30 20:13:00,0.9975,0.99754,0.99733,0.99733,7
2012-03-30 20:14:00,0.99759,0.99763,0.99754,0.99754,4
2012-03-30 20:15:00,0.99763,0.99763,0.99755,0.99755,3
2012-03-30 20:17:00,0.99755,0.99759,0.99755,0.99759,2
2012-03-30 20:18:00,0.99751,0.99751,0.99751,0.99751,1
2012-03-30 20:19:00,0.99734,0.99746,0.99734,0.99746,4
2012-03-30 20:20:00,0.99754,0.99754,0.99738,0.99738,5
2012-03-30 20:21:00,0.99805,0.99805,0.99759,0.99759,14
2012-03-30 20:22:00,0.99771,0.99805,0.99759,0.99801,16
2012-03-30 20:23:00,0.99766,0.9978,0.99762,0.99776,9
2012-03-30 20:24:00,0.99762,0.9977,0.99762,0.9977,3
2012-03-30 20:25:00,0.99753,0.99762,0.99753,0.99758,4
2012-03-30 20:26:00,0.99741,0.99749,0.99741,0.99749,3
2012-03-30 20:27:00,0.99762,0.99766,0.99745,0.99745,11
2012-03-30 20:28:00,0.99762,0.9977,0.99762,0.99766,4
2012-03-30 20:30:00,0.99774,0.99774,0.99766,0.99766,3
2012-03-30 20:32:00,0.99804,0.99804,0.99778,0.99778,6
2012-03-30 20:33:00,0.99787,0.99813,0.99787,0.99808,10
2012-03-30 20:34:00,0.99797,0.99805,0.99791,0.99791,6
2012-03-30 20:35:00,0.99797,0.99805,0.99797,0.99801,4
2012-03-30 20:36:00,0.9978,0.99801,0.9978,0.99801,6
2012-03-30 20:37:00,0.99803,0.99803,0.99784,0.99784,5
2012-03-30 20:38:00,0.99811,0.9982,0.99807,0.99807,12
2012-03-30 20:39:00,0.99803,0.99807,0.99803,0.99807,2
2012-03-30 20:40:00,0.99787,0.99804,0.99776,0.99798,16
2012-03-30 20:41:00,0.99774,0.99787,0.9977,0.99783,7
2012-03-30 20:42:00,0.99774,0.99778,0.99766,0.99778,6
2012-03-30 20:43:00,0.99766,0.9977,0.99766,0.9977,4
2012-03-30 20:44:00,0.99804,0.99813,0.9977,0.9977,18
2012-03-30 20:45:00,0.99772,0.99799,0.99772,0.99799,11
2012-03-30 20:46:00,0.99776,0.99784,0.99776,0.99776,7
2012-03-30 20:47:00,0.99776,0.99784,0.99776,0.9978,10
2012-03-30 20:48:00,0.99765,0.99777,0.99765,0.99772,5
2012-03-30 20:49:00,0.99735,0.9976,0.99735,0.9976,7
2012-03-30 20:50:00,0.99709,0.99747,0.99691,0.99739,19
2012-03-30 20:51:00,0.99717,0.99722,0.99708,0.99713,10
2012-03-30 20:52:00,0.99729,0.99729,0.99704,0.99712,9
2012-03-30 20:53:00,0.99729,0.99734,0.99724,0.99734,6
2012-03-30 20:54:00,0.99731,0.99742,0.99729,0.99733,7
2012-03-30 20:55:00,0.99732,0.99732,0.99717,0.99726,6
2012-03-30 20:56:00,0.99736,0.99736,0.99736,0.99736,1
2012-03-30 20:58:00,0.9973,0.9974,0.99726,0.9974,5
2012-03-30 20:59:00,0.99865,0.99869,0.99722,0.99726,29
2012-03-30 21:12:00,0.99865,0.99865,0.99865,0.99865,1
