time,close,high,low,open,volume
2020-02-02 23:00:00,131.657,131.75,131.61,131.668,54
2020-02-02 23:01:00,131.625,131.657,131.61,131.641,17
2020-02-02 23:02:00,131.579,131.625,131.579,131.61,23
2020-02-02 23:03:00,131.579,131.594,131.579,131.586,3
2020-02-02 23:04:00,131.579,131.579,131.532,131.563,20
2020-02-02 23:05:00,131.579,131.61,131.563,131.586,14
2020-02-02 23:06:00,131.579,131.594,131.563,131.594,16
2020-02-02 23:07:00,131.594,131.594,131.563,131.563,6
2020-02-02 23:08:00,131.625,131.625,131.594,131.602,10
2020-02-02 23:09:00,131.657,131.672,131.641,131.641,11
2020-02-02 23:10:00,131.657,131.672,131.657,131.672,3
2020-02-02 23:11:00,131.641,131.672,131.625,131.672,9
2020-02-02 23:12:00,131.625,131.657,131.61,131.657,6
2020-02-02 23:13:00,131.61,131.625,131.61,131.61,10
2020-02-02 23:14:00,131.579,131.61,131.579,131.602,10
2020-02-02 23:15:00,131.594,131.594,131.586,131.594,3
2020-02-02 23:16:00,131.594,131.61,131.594,131.61,2
2020-02-02 23:17:00,131.594,131.594,131.579,131.579,2
2020-02-02 23:18:00,131.594,131.594,131.579,131.579,5
2020-02-02 23:21:00,131.563,131.579,131.563,131.579,2
2020-02-02 23:22:00,131.579,131.579,131.547,131.547,17
2020-02-02 23:23:00,131.594,131.594,131.586,131.586,2
2020-02-02 23:24:00,131.563,131.586,131.563,131.579,4
2020-02-02 23:25:00,131.563,131.563,131.547,131.547,4
2020-02-02 23:26:00,131.563,131.579,131.563,131.579,6
2020-02-02 23:27:00,131.547,131.547,131.547,131.547,1
2020-02-02 23:28:00,131.547,131.563,131.547,131.563,7
2020-02-02 23:29:00,131.547,131.547,131.532,131.532,2
2020-02-02 23:30:00,131.563,131.579,131.547,131.556,7
2020-02-02 23:31:00,131.547,131.563,131.547,131.547,3
2020-02-02 23:32:00,131.563,131.563,131.563,131.563,1
2020-02-02 23:34:00,131.594,131.594,131.57,131.57,5
2020-02-02 23:35:00,131.579,131.579,131.579,131.579,1
2020-02-02 23:37:00,131.563,131.579,131.563,131.563,8
2020-02-02 23:38:00,131.547,131.547,131.547,131.547,1
2020-02-02 23:41:00,131.579,131.579,131.563,131.563,2
2020-02-02 23:43:00,131.579,131.579,131.563,131.57,6
2020-02-02 23:44:00,131.563,131.57,131.563,131.57,2
2020-02-02 23:45:00,131.579,131.579,131.57,131.57,2
2020-02-02 23:46:00,131.579,131.594,131.579,131.594,2
2020-02-02 23:47:00,131.594,131.594,131.594,131.594,1
2020-02-02 23:48:00,131.594,131.594,131.579,131.586,7
2020-02-02 23:49:00,131.594,131.61,131.594,131.602,3
2020-02-02 23:50:00,131.641,131.657,131.594,131.61,31
2020-02-02 23:51:00,131.641,131.641,131.626,131.626,2
2020-02-02 23:53:00,131.657,131.657,131.657,131.657,1
2020-02-02 23:54:00,131.641,131.641,131.641,131.641,1
2020-02-02 23:56:00,131.626,131.626,131.626,131.626,1
2020-02-02 23:57:00,131.61,131.61,131.61,131.61,2
2020-02-02 23:58:00,131.626,131.626,131.626,131.626,1
2020-02-02 23:59:00,131.61,131.626,131.61,131.61,3
2020-02-03 00:00:00,131.61,131.626,131.61,131.618,3
2020-02-03 00:01:00,131.626,131.641,131.61,131.626,10
2020-02-03 00:02:00,131.594,131.61,131.594,131.61,5
2020-02-03 00:03:00,131.594,131.594,131.579,131.579,26
2020-02-03 00:04:00,131.579,131.594,131.579,131.579,18
2020-02-03 00:05:00,131.563,131.579,131.563,131.563,6
2020-02-03 00:06:00,131.579,131.579,131.579,131.579,1
2020-02-03 00:09:00,131.579,131.579,131.563,131.563,8
2020-02-03 00:10:00,131.579,131.594,131.579,131.594,5
2020-02-03 00:11:00,131.563,131.57,131.563,131.57,2
2020-02-03 00:13:00,131.547,131.547,131.547,131.547,1
2020-02-03 00:14:00,131.547,131.563,131.547,131.563,6
2020-02-03 00:15:00,131.563,131.563,131.556,131.556,2
2020-02-03 00:16:00,131.579,131.579,131.579,131.579,1
2020-02-03 00:18:00,131.579,131.594,131.579,131.594,2
2020-02-03 00:19:00,131.563,131.579,131.563,131.563,3
2020-02-03 00:20:00,131.579,131.579,131.579,131.579,1
2020-02-03 00:21:00,131.563,131.563,131.563,131.563,1
2020-02-03 00:22:00,131.579,131.579,131.579,131.579,1
2020-02-03 00:25:00,131.579,131.579,131.563,131.563,4
2020-02-03 00:28:00,131.579,131.579,131.563,131.57,7
2020-02-03 00:29:00,131.563,131.563,131.563,131.563,1
2020-02-03 00:30:00,131.563,131.579,131.563,131.579,2
2020-02-03 00:31:00,131.532,131.547,131.532,131.547,3
2020-02-03 00:32:00,131.516,131.532,131.516,131.516,6
2020-02-03 00:33:00,131.516,131.532,131.516,131.532,2
2020-02-03 00:35:00,131.485,131.501,131.485,131.501,4
2020-02-03 00:36:00,131.485,131.485,131.469,131.469,7
2020-02-03 00:37:00,131.469,131.485,131.469,131.469,3
2020-02-03 00:38:00,131.454,131.469,131.454,131.454,19
2020-02-03 00:39:00,131.454,131.469,131.454,131.462,14
2020-02-03 00:40:00,131.454,131.469,131.454,131.462,15
2020-02-03 00:41:00,131.469,131.485,131.469,131.469,3
2020-02-03 00:44:00,131.438,131.454,131.438,131.454,6
2020-02-03 00:45:00,131.454,131.454,131.423,131.423,3
2020-02-03 00:46:00,131.438,131.454,131.438,131.438,19
2020-02-03 00:47:00,131.454,131.454,131.454,131.454,1
2020-02-03 00:48:00,131.454,131.454,131.438,131.446,4
2020-02-03 00:49:00,131.485,131.485,131.454,131.469,10
2020-02-03 00:50:00,131.469,131.469,131.469,131.469,1
2020-02-03 00:51:00,131.469,131.485,131.469,131.485,2
2020-02-03 00:54:00,131.454,131.469,131.454,131.454,3
2020-02-03 00:55:00,131.454,131.469,131.454,131.469,7
2020-02-03 00:56:00,131.469,131.469,131.469,131.469,1
2020-02-03 00:58:00,131.454,131.462,131.454,131.454,3
2020-02-03 00:59:00,131.469,131.469,131.454,131.469,3
2020-02-03 01:00:00,131.485,131.532,131.478,131.478,39
2020-02-03 01:01:00,131.469,131.485,131.454,131.469,21
2020-02-03 01:02:00,131.485,131.485,131.469,131.485,15
2020-02-03 01:03:00,131.501,131.501,131.485,131.501,3
2020-02-03 01:04:00,131.516,131.532,131.501,131.508,19
2020-02-03 01:05:00,131.516,131.532,131.501,131.532,24
2020-02-03 01:07:00,131.485,131.501,131.469,131.501,4
2020-02-03 01:08:00,131.485,131.501,131.469,131.501,4
2020-02-03 01:09:00,131.485,131.501,131.454,131.478,13
2020-02-03 01:10:00,131.485,131.501,131.469,131.501,8
2020-02-03 01:11:00,131.469,131.478,131.469,131.469,3
2020-02-03 01:12:00,131.469,131.485,131.469,131.485,2
2020-02-03 01:13:00,131.485,131.501,131.469,131.478,10
2020-02-03 01:14:00,131.516,131.516,131.501,131.501,13
2020-02-03 01:15:00,131.501,131.516,131.501,131.501,3
2020-02-03 01:16:00,131.501,131.532,131.501,131.508,7
2020-02-03 01:17:00,131.516,131.532,131.501,131.516,10
2020-02-03 01:18:00,131.501,131.516,131.501,131.508,15
2020-02-03 01:19:00,131.516,131.516,131.516,131.516,1
2020-02-03 01:20:00,131.485,131.508,131.485,131.508,5
2020-02-03 01:21:00,131.501,131.501,131.485,131.501,3
2020-02-03 01:22:00,131.516,131.516,131.516,131.516,1
2020-02-03 01:23:00,131.548,131.556,131.524,131.524,9
2020-02-03 01:24:00,131.548,131.563,131.548,131.563,12
2020-02-03 01:25:00,131.516,131.532,131.516,131.532,3
2020-02-03 01:26:00,131.532,131.548,131.532,131.532,7
2020-02-03 01:27:00,131.563,131.579,131.548,131.548,12
2020-02-03 01:28:00,131.563,131.563,131.548,131.548,9
2020-02-03 01:29:00,131.548,131.563,131.548,131.548,6
2020-02-03 01:30:00,131.548,131.563,131.532,131.563,4
2020-02-03 01:31:00,131.516,131.532,131.501,131.532,12
2020-02-03 01:32:00,131.501,131.516,131.501,131.501,3
2020-02-03 01:33:00,131.454,131.501,131.454,131.485,27
2020-02-03 01:34:00,131.47,131.485,131.454,131.47,15
2020-02-03 01:35:00,131.47,131.47,131.454,131.454,2
2020-02-03 01:36:00,131.454,131.47,131.454,131.454,7
2020-02-03 01:37:00,131.438,131.47,131.423,131.462,17
2020-02-03 01:38:00,131.438,131.438,131.423,131.423,11
2020-02-03 01:39:00,131.438,131.454,131.438,131.446,11
2020-02-03 01:41:00,131.423,131.423,131.423,131.423,1
2020-02-03 01:42:00,131.407,131.407,131.407,131.407,1
2020-02-03 01:43:00,131.423,131.423,131.407,131.414,4
2020-02-03 01:44:00,131.438,131.438,131.423,131.43,6
2020-02-03 01:45:00,131.438,131.438,131.423,131.423,10
2020-02-03 01:46:00,131.438,131.454,131.423,131.423,7
2020-02-03 01:47:00,131.454,131.454,131.454,131.454,1
2020-02-03 01:48:00,131.454,131.454,131.438,131.438,2
2020-02-03 01:49:00,131.438,131.446,131.423,131.446,8
2020-02-03 01:50:00,131.438,131.438,131.423,131.423,2
2020-02-03 01:51:00,131.423,131.438,131.423,131.423,8
2020-02-03 01:52:00,131.423,131.423,131.407,131.407,2
2020-02-03 01:53:00,131.407,131.423,131.407,131.414,9
2020-02-03 01:54:00,131.407,131.423,131.407,131.423,2
2020-02-03 01:55:00,131.423,131.423,131.423,131.423,1
2020-02-03 01:56:00,131.407,131.407,131.407,131.407,1
2020-02-03 01:57:00,131.407,131.423,131.407,131.423,7
2020-02-03 01:58:00,131.438,131.438,131.407,131.423,4
2020-02-03 01:59:00,131.438,131.438,131.423,131.423,6
2020-02-03 02:00:00,131.438,131.454,131.423,131.454,8
2020-02-03 02:01:00,131.438,131.438,131.423,131.423,12
2020-02-03 02:03:00,131.454,131.454,131.454,131.454,1
2020-02-03 02:05:00,131.454,131.47,131.454,131.47,2
2020-02-03 02:06:00,131.47,131.47,131.454,131.47,5
2020-02-03 02:07:00,131.485,131.485,131.47,131.478,10
2020-02-03 02:08:00,131.501,131.501,131.485,131.501,4
2020-02-03 02:09:00,131.501,131.501,131.485,131.485,3
2020-02-03 02:10:00,131.501,131.501,131.485,131.485,2
2020-02-03 02:11:00,131.501,131.532,131.501,131.516,9
2020-02-03 02:12:00,131.532,131.532,131.501,131.516,11
2020-02-03 02:13:00,131.548,131.548,131.516,131.516,4
2020-02-03 02:14:00,131.548,131.563,131.532,131.563,9
2020-02-03 02:15:00,131.532,131.548,131.532,131.532,6
2020-02-03 02:16:00,131.532,131.548,131.532,131.548,5
2020-02-03 02:17:00,131.516,131.532,131.516,131.516,3
2020-02-03 02:19:00,131.516,131.516,131.501,131.501,2
2020-02-03 02:20:00,131.501,131.501,131.501,131.501,1
2020-02-03 02:22:00,131.485,131.485,131.485,131.485,1
2020-02-03 02:23:00,131.501,131.501,131.501,131.501,1
2020-02-03 02:24:00,131.516,131.516,131.501,131.516,5
2020-02-03 02:25:00,131.516,131.516,131.501,131.501,2
2020-02-03 02:26:00,131.501,131.501,131.485,131.501,7
2020-02-03 02:30:00,131.501,131.501,131.485,131.485,2
2020-02-03 02:32:00,131.501,131.501,131.485,131.485,3
2020-02-03 02:33:00,131.516,131.516,131.516,131.516,1
2020-02-03 02:35:00,131.485,131.501,131.485,131.501,2
2020-02-03 02:36:00,131.501,131.501,131.485,131.501,3
2020-02-03 02:46:00,131.516,131.516,131.508,131.508,2
2020-02-03 02:48:00,131.532,131.532,131.532,131.532,1
2020-02-03 02:54:00,131.517,131.517,131.517,131.517,1
2020-02-03 02:56:00,131.548,131.548,131.532,131.532,2
2020-02-03 02:57:00,131.532,131.532,131.532,131.532,1
2020-02-03 02:58:00,131.548,131.548,131.532,131.548,3
2020-02-03 03:01:00,131.532,131.532,131.532,131.532,1
2020-02-03 03:02:00,131.548,131.548,131.548,131.548,1
2020-02-03 03:04:00,131.563,131.563,131.563,131.563,1
2020-02-03 03:05:00,131.563,131.563,131.548,131.548,4
2020-02-03 03:07:00,131.579,131.579,131.579,131.579,1
2020-02-03 03:09:00,131.563,131.579,131.548,131.563,11
2020-02-03 03:13:00,131.548,131.548,131.548,131.548,1
2020-02-03 03:15:00,131.548,131.563,131.548,131.556,8
2020-02-03 03:16:00,131.517,131.532,131.517,131.532,4
2020-02-03 03:17:00,131.517,131.532,131.517,131.532,2
2020-02-03 03:22:00,131.501,131.501,131.501,131.501,1
2020-02-03 03:23:00,131.501,131.517,131.501,131.517,12
2020-02-03 03:24:00,131.517,131.517,131.508,131.508,2
2020-02-03 03:26:00,131.517,131.517,131.501,131.501,5
2020-02-03 03:29:00,131.501,131.501,131.501,131.501,1
2020-02-03 03:30:00,131.501,131.517,131.501,131.508,5
2020-02-03 03:31:00,131.517,131.517,131.501,131.517,5
2020-02-03 03:36:00,131.532,131.532,131.532,131.532,1
2020-02-03 03:38:00,131.532,131.548,131.532,131.548,5
2020-02-03 03:39:00,131.532,131.548,131.532,131.548,5
2020-02-03 03:48:00,131.501,131.517,131.501,131.517,4
2020-02-03 03:49:00,131.517,131.517,131.517,131.517,1
2020-02-03 03:53:00,131.501,131.517,131.501,131.508,3
2020-02-03 03:56:00,131.501,131.501,131.485,131.485,11
2020-02-03 03:57:00,131.501,131.501,131.485,131.485,15
2020-02-03 03:58:00,131.485,131.501,131.485,131.494,4
2020-02-03 03:59:00,131.485,131.501,131.485,131.494,3
2020-02-03 04:00:00,131.501,131.501,131.485,131.501,3
2020-02-03 04:02:00,131.501,131.517,131.501,131.517,5
2020-02-03 04:03:00,131.517,131.517,131.508,131.508,2
2020-02-03 04:11:00,131.517,131.532,131.517,131.532,2
2020-02-03 04:14:00,131.517,131.532,131.517,131.532,6
2020-02-03 04:17:00,131.501,131.501,131.501,131.501,1
2020-02-03 04:24:00,131.517,131.517,131.501,131.508,11
2020-02-03 04:25:00,131.501,131.501,131.501,131.501,1
2020-02-03 04:28:00,131.501,131.517,131.501,131.517,10
2020-02-03 04:29:00,131.501,131.517,131.501,131.508,4
2020-02-03 04:31:00,131.517,131.517,131.517,131.517,1
2020-02-03 04:38:00,131.517,131.517,131.501,131.501,2
2020-02-03 04:39:00,131.517,131.517,131.501,131.501,2
2020-02-03 04:45:00,131.501,131.501,131.501,131.501,1
2020-02-03 04:49:00,131.517,131.517,131.501,131.517,3
2020-02-03 05:02:00,131.501,131.517,131.501,131.501,5
2020-02-03 05:08:00,131.517,131.517,131.517,131.517,1
2020-02-03 05:11:00,131.501,131.501,131.501,131.501,1
2020-02-03 05:14:00,131.501,131.501,131.485,131.485,2
2020-02-03 05:16:00,131.485,131.485,131.485,131.485,1
2020-02-03 05:20:00,131.47,131.47,131.47,131.47,1
2020-02-03 05:23:00,131.47,131.47,131.454,131.462,8
2020-02-03 05:24:00,131.47,131.47,131.454,131.454,2
2020-02-03 05:25:00,131.454,131.47,131.454,131.454,5
2020-02-03 05:28:00,131.47,131.47,131.454,131.47,3
2020-02-03 05:29:00,131.454,131.47,131.454,131.454,6
2020-02-03 05:30:00,131.47,131.47,131.454,131.47,16
2020-02-03 05:31:00,131.501,131.501,131.486,131.486,2
2020-02-03 05:36:00,131.517,131.517,131.508,131.508,2
2020-02-03 05:37:00,131.501,131.501,131.501,131.501,1
2020-02-03 05:39:00,131.501,131.517,131.501,131.517,2
2020-02-03 05:40:00,131.501,131.517,131.501,131.517,2
2020-02-03 05:41:00,131.517,131.517,131.517,131.517,1
2020-02-03 05:44:00,131.501,131.501,131.501,131.501,1
2020-02-03 05:45:00,131.517,131.517,131.501,131.517,3
2020-02-03 05:55:00,131.501,131.517,131.501,131.501,3
2020-02-03 05:57:00,131.486,131.486,131.486,131.486,1
2020-02-03 05:58:00,131.501,131.501,131.501,131.501,1
2020-02-03 06:01:00,131.517,131.532,131.508,131.508,5
2020-02-03 06:03:00,131.517,131.517,131.501,131.501,2
2020-02-03 06:11:00,131.532,131.532,131.524,131.524,2
2020-02-03 06:12:00,131.517,131.517,131.517,131.517,1
2020-02-03 06:13:00,131.532,131.532,131.532,131.532,1
2020-02-03 06:16:00,131.517,131.517,131.517,131.517,1
2020-02-03 06:23:00,131.501,131.501,131.501,131.501,1
2020-02-03 06:30:00,131.486,131.501,131.486,131.486,6
2020-02-03 06:34:00,131.486,131.486,131.47,131.47,5
2020-02-03 06:35:00,131.486,131.486,131.478,131.478,2
2020-02-03 06:38:00,131.501,131.501,131.494,131.494,2
2020-02-03 06:41:00,131.517,131.517,131.501,131.51,4
2020-02-03 06:43:00,131.532,131.532,131.517,131.532,3
2020-02-03 06:44:00,131.517,131.517,131.517,131.517,1
2020-02-03 06:45:00,131.517,131.532,131.517,131.532,3
2020-02-03 06:46:00,131.517,131.532,131.517,131.532,4
2020-02-03 06:47:00,131.501,131.517,131.501,131.501,6
2020-02-03 06:48:00,131.501,131.517,131.501,131.517,2
2020-02-03 06:50:00,131.501,131.517,131.501,131.517,2
2020-02-03 06:51:00,131.501,131.501,131.486,131.486,2
2020-02-03 07:00:00,131.532,131.532,131.486,131.486,15
2020-02-03 07:01:00,131.501,131.517,131.501,131.517,4
2020-02-03 07:02:00,131.47,131.501,131.47,131.486,4
2020-02-03 07:03:00,131.486,131.486,131.486,131.486,1
2020-02-03 07:05:00,131.486,131.501,131.486,131.501,3
2020-02-03 07:08:00,131.501,131.501,131.501,131.501,1
2020-02-03 07:09:00,131.501,131.501,131.486,131.486,2
2020-02-03 07:10:00,131.501,131.501,131.486,131.486,4
2020-02-03 07:11:00,131.486,131.486,131.486,131.486,1
2020-02-03 07:13:00,131.486,131.501,131.486,131.501,2
2020-02-03 07:14:00,131.486,131.486,131.47,131.478,6
2020-02-03 07:15:00,131.454,131.47,131.454,131.47,4
2020-02-03 07:16:00,131.454,131.47,131.454,131.47,11
2020-02-03 07:18:00,131.454,131.454,131.439,131.439,5
2020-02-03 07:19:00,131.423,131.454,131.408,131.439,10
2020-02-03 07:21:00,131.408,131.408,131.408,131.408,1
2020-02-03 07:22:00,131.423,131.423,131.408,131.423,11
2020-02-03 07:23:00,131.439,131.439,131.423,131.439,6
2020-02-03 07:24:00,131.423,131.423,131.423,131.423,1
2020-02-03 07:26:00,131.408,131.423,131.408,131.408,3
2020-02-03 07:27:00,131.423,131.423,131.408,131.423,6
2020-02-03 07:28:00,131.423,131.423,131.408,131.408,8
2020-02-03 07:29:00,131.408,131.423,131.408,131.408,5
2020-02-03 07:30:00,131.376,131.392,131.376,131.392,6
2020-02-03 07:31:00,131.361,131.392,131.361,131.392,17
2020-02-03 07:32:00,131.361,131.376,131.361,131.376,15
2020-02-03 07:33:00,131.345,131.361,131.345,131.345,5
2020-02-03 07:34:00,131.33,131.345,131.33,131.33,10
2020-02-03 07:35:00,131.298,131.33,131.298,131.314,7
2020-02-03 07:36:00,131.33,131.33,131.298,131.306,15
2020-02-03 07:37:00,131.314,131.33,131.314,131.314,18
2020-02-03 07:38:00,131.33,131.33,131.33,131.33,1
2020-02-03 07:39:00,131.314,131.33,131.314,131.314,11
2020-02-03 07:40:00,131.314,131.33,131.314,131.322,3
2020-02-03 07:41:00,131.314,131.33,131.298,131.33,16
2020-02-03 07:42:00,131.314,131.314,131.298,131.298,11
2020-02-03 07:43:00,131.33,131.33,131.33,131.33,1
2020-02-03 07:44:00,131.314,131.314,131.314,131.314,1
2020-02-03 07:45:00,131.33,131.33,131.314,131.33,3
2020-02-03 07:46:00,131.33,131.33,131.314,131.314,10
2020-02-03 07:47:00,131.314,131.33,131.314,131.314,5
2020-02-03 07:48:00,131.33,131.33,131.314,131.33,3
2020-02-03 07:49:00,131.345,131.345,131.338,131.338,2
2020-02-03 07:50:00,131.345,131.361,131.345,131.361,4
2020-02-03 07:52:00,131.361,131.361,131.345,131.361,7
2020-02-03 07:53:00,131.361,131.361,131.345,131.345,3
2020-02-03 07:54:00,131.376,131.376,131.361,131.368,4
2020-02-03 07:55:00,131.376,131.376,131.361,131.361,7
2020-02-03 07:56:00,131.392,131.392,131.376,131.392,5
2020-02-03 07:57:00,131.392,131.408,131.392,131.408,7
2020-02-03 07:58:00,131.392,131.408,131.392,131.408,10
2020-02-03 07:59:00,131.408,131.408,131.392,131.408,3
2020-02-03 08:00:00,131.392,131.408,131.392,131.392,6
2020-02-03 08:01:00,131.392,131.408,131.392,131.408,4
2020-02-03 08:02:00,131.408,131.408,131.392,131.408,17
2020-02-03 08:03:00,131.408,131.408,131.392,131.392,7
2020-02-03 08:04:00,131.423,131.423,131.423,131.423,1
2020-02-03 08:05:00,131.439,131.455,131.423,131.439,25
2020-02-03 08:07:00,131.455,131.455,131.455,131.455,1
2020-02-03 08:08:00,131.47,131.47,131.455,131.47,4
2020-02-03 08:09:00,131.486,131.486,131.47,131.486,17
2020-02-03 08:10:00,131.486,131.517,131.486,131.501,14
2020-02-03 08:11:00,131.47,131.486,131.47,131.47,4
2020-02-03 08:12:00,131.486,131.501,131.47,131.486,9
2020-02-03 08:13:00,131.486,131.486,131.47,131.47,16
2020-02-03 08:14:00,131.486,131.486,131.47,131.478,17
2020-02-03 08:15:00,131.486,131.486,131.47,131.47,2
2020-02-03 08:16:00,131.47,131.501,131.47,131.501,8
2020-02-03 08:17:00,131.486,131.501,131.47,131.486,24
2020-02-03 08:18:00,131.486,131.501,131.486,131.501,8
2020-02-03 08:19:00,131.486,131.501,131.47,131.501,8
2020-02-03 08:20:00,131.486,131.486,131.47,131.47,12
2020-02-03 08:21:00,131.501,131.501,131.501,131.501,1
2020-02-03 08:22:00,131.501,131.517,131.501,131.517,16
2020-02-03 08:23:00,131.548,131.564,131.517,131.517,5
2020-02-03 08:24:00,131.564,131.564,131.533,131.533,3
2020-02-03 08:25:00,131.564,131.579,131.564,131.579,8
2020-02-03 08:26:00,131.564,131.579,131.564,131.579,4
2020-02-03 08:27:00,131.533,131.548,131.533,131.548,4
2020-02-03 08:28:00,131.517,131.533,131.501,131.517,15
2020-02-03 08:29:00,131.501,131.517,131.501,131.501,25
2020-02-03 08:30:00,131.517,131.517,131.501,131.517,5
2020-02-03 08:31:00,131.517,131.517,131.501,131.51,16
2020-02-03 08:32:00,131.486,131.501,131.486,131.501,4
2020-02-03 08:33:00,131.501,131.501,131.486,131.501,4
2020-02-03 08:35:00,131.486,131.501,131.486,131.486,11
2020-02-03 08:36:00,131.501,131.501,131.486,131.501,10
2020-02-03 08:37:00,131.486,131.486,131.47,131.486,3
2020-02-03 08:38:00,131.47,131.47,131.455,131.47,26
2020-02-03 08:39:00,131.439,131.47,131.439,131.455,14
2020-02-03 08:40:00,131.423,131.439,131.423,131.423,12
2020-02-03 08:41:00,131.423,131.439,131.423,131.439,4
2020-02-03 08:42:00,131.423,131.439,131.423,131.432,5
2020-02-03 08:43:00,131.408,131.423,131.408,131.408,17
2020-02-03 08:45:00,131.392,131.4,131.377,131.4,11
2020-02-03 08:46:00,131.392,131.408,131.392,131.4,4
2020-02-03 08:47:00,131.392,131.408,131.392,131.408,26
2020-02-03 08:48:00,131.377,131.392,131.377,131.377,14
2020-02-03 08:49:00,131.361,131.377,131.361,131.361,12
2020-02-03 08:50:00,131.33,131.345,131.314,131.345,5
2020-02-03 08:51:00,131.33,131.33,131.314,131.314,15
2020-02-03 08:52:00,131.345,131.345,131.33,131.345,3
2020-02-03 08:55:00,131.345,131.345,131.33,131.33,4
2020-02-03 08:57:00,131.361,131.361,131.345,131.361,9
2020-02-03 08:58:00,131.345,131.361,131.345,131.345,6
2020-02-03 08:59:00,131.345,131.345,131.33,131.338,15
2020-02-03 09:00:00,131.361,131.377,131.361,131.361,17
2020-02-03 09:01:00,131.377,131.392,131.377,131.377,3
2020-02-03 09:02:00,131.408,131.408,131.377,131.392,15
2020-02-03 09:03:00,131.408,131.408,131.392,131.392,4
2020-02-03 09:05:00,131.408,131.408,131.392,131.392,2
2020-02-03 09:06:00,131.392,131.4,131.392,131.4,2
2020-02-03 09:07:00,131.408,131.408,131.392,131.408,3
2020-02-03 09:08:00,131.408,131.423,131.408,131.423,13
2020-02-03 09:09:00,131.408,131.408,131.392,131.392,2
2020-02-03 09:10:00,131.392,131.408,131.392,131.392,8
2020-02-03 09:11:00,131.408,131.423,131.408,131.408,4
2020-02-03 09:12:00,131.392,131.423,131.392,131.423,5
2020-02-03 09:13:00,131.361,131.408,131.361,131.408,12
2020-02-03 09:14:00,131.377,131.377,131.361,131.377,10
2020-02-03 09:15:00,131.361,131.377,131.361,131.368,10
2020-02-03 09:16:00,131.361,131.377,131.361,131.377,8
2020-02-03 09:17:00,131.361,131.377,131.361,131.377,10
2020-02-03 09:18:00,131.392,131.392,131.361,131.377,23
2020-02-03 09:19:00,131.377,131.392,131.377,131.377,9
2020-02-03 09:20:00,131.377,131.392,131.377,131.384,5
2020-02-03 09:21:00,131.377,131.392,131.377,131.392,24
2020-02-03 09:22:00,131.392,131.392,131.377,131.392,3
2020-02-03 09:24:00,131.377,131.377,131.377,131.377,1
2020-02-03 09:25:00,131.392,131.392,131.377,131.392,5
2020-02-03 09:26:00,131.377,131.392,131.377,131.377,3
2020-02-03 09:27:00,131.392,131.408,131.377,131.392,9
2020-02-03 09:28:00,131.392,131.408,131.392,131.408,14
2020-02-03 09:29:00,131.392,131.408,131.392,131.408,6
2020-02-03 09:30:00,131.408,131.408,131.392,131.408,17
2020-02-03 09:31:00,131.423,131.423,131.423,131.423,1
2020-02-03 09:32:00,131.408,131.416,131.392,131.416,4
2020-02-03 09:35:00,131.423,131.423,131.408,131.416,4
2020-02-03 09:41:00,131.423,131.423,131.408,131.408,6
2020-02-03 09:42:00,131.423,131.423,131.408,131.408,11
2020-02-03 09:44:00,131.439,131.439,131.432,131.432,2
2020-02-03 09:45:00,131.423,131.455,131.423,131.455,3
2020-02-03 09:46:00,131.439,131.439,131.439,131.439,1
2020-02-03 09:47:00,131.423,131.439,131.423,131.423,3
2020-02-03 09:48:00,131.439,131.439,131.423,131.439,3
2020-02-03 09:49:00,131.439,131.439,131.423,131.423,18
2020-02-03 09:50:00,131.423,131.423,131.423,131.423,1
2020-02-03 09:51:00,131.423,131.439,131.423,131.439,4
2020-02-03 09:52:00,131.423,131.439,131.423,131.439,12
2020-02-03 09:53:00,131.439,131.439,131.439,131.439,1
2020-02-03 09:55:00,131.439,131.455,131.439,131.447,5
2020-02-03 09:56:00,131.439,131.455,131.439,131.446,6
2020-02-03 09:57:00,131.455,131.455,131.455,131.455,1
2020-02-03 10:00:00,131.47,131.47,131.47,131.47,1
2020-02-03 10:01:00,131.486,131.486,131.47,131.486,4
2020-02-03 10:03:00,131.486,131.486,131.47,131.47,7
2020-02-03 10:04:00,131.486,131.502,131.486,131.502,12
2020-02-03 10:05:00,131.486,131.502,131.486,131.502,6
2020-02-03 10:06:00,131.502,131.502,131.502,131.502,1
2020-02-03 10:07:00,131.486,131.502,131.486,131.486,11
2020-02-03 10:09:00,131.47,131.486,131.455,131.478,25
2020-02-03 10:10:00,131.455,131.47,131.455,131.455,22
2020-02-03 10:11:00,131.439,131.455,131.439,131.446,9
2020-02-03 10:13:00,131.439,131.439,131.423,131.423,16
2020-02-03 10:15:00,131.455,131.455,131.455,131.455,1
2020-02-03 10:16:00,131.455,131.455,131.439,131.439,2
2020-02-03 10:17:00,131.455,131.455,131.439,131.439,2
2020-02-03 10:18:00,131.439,131.455,131.439,131.439,3
2020-02-03 10:19:00,131.439,131.439,131.423,131.423,10
2020-02-03 10:20:00,131.439,131.439,131.423,131.423,15
2020-02-03 10:23:00,131.423,131.439,131.423,131.423,4
2020-02-03 10:24:00,131.423,131.439,131.423,131.439,7
2020-02-03 10:25:00,131.423,131.439,131.423,131.439,5
2020-02-03 10:29:00,131.392,131.423,131.392,131.416,7
2020-02-03 10:30:00,131.408,131.408,131.408,131.408,1
2020-02-03 10:31:00,131.423,131.423,131.408,131.423,8
2020-02-03 10:33:00,131.439,131.439,131.423,131.439,8
2020-02-03 10:34:00,131.423,131.439,131.423,131.423,5
2020-02-03 10:35:00,131.423,131.423,131.408,131.408,2
2020-02-03 10:36:00,131.423,131.423,131.408,131.408,3
2020-02-03 10:39:00,131.423,131.439,131.423,131.439,11
2020-02-03 10:40:00,131.439,131.439,131.432,131.432,2
2020-02-03 10:41:00,131.439,131.455,131.439,131.455,2
2020-02-03 10:42:00,131.439,131.455,131.439,131.455,2
2020-02-03 10:44:00,131.455,131.455,131.439,131.446,6
2020-02-03 10:45:00,131.439,131.439,131.439,131.439,1
2020-02-03 10:50:00,131.455,131.455,131.455,131.455,1
2020-02-03 10:51:00,131.47,131.47,131.455,131.462,3
2020-02-03 10:52:00,131.47,131.47,131.455,131.455,6
2020-02-03 10:54:00,131.47,131.486,131.47,131.486,2
2020-02-03 10:56:00,131.486,131.486,131.47,131.486,5
2020-02-03 10:57:00,131.47,131.47,131.47,131.47,1
2020-02-03 10:59:00,131.486,131.486,131.47,131.486,22
2020-02-03 11:00:00,131.486,131.486,131.47,131.478,5
2020-02-03 11:01:00,131.486,131.486,131.47,131.47,2
2020-02-03 11:03:00,131.47,131.47,131.47,131.47,1
2020-02-03 11:04:00,131.47,131.47,131.455,131.455,7
2020-02-03 11:05:00,131.455,131.47,131.455,131.455,6
2020-02-03 11:06:00,131.439,131.455,131.439,131.439,3
2020-02-03 11:08:00,131.424,131.424,131.408,131.424,8
2020-02-03 11:09:00,131.424,131.439,131.424,131.439,6
2020-02-03 11:11:00,131.408,131.424,131.408,131.408,3
2020-02-03 11:12:00,131.424,131.424,131.416,131.416,2
2020-02-03 11:13:00,131.408,131.424,131.408,131.408,10
2020-02-03 11:14:00,131.424,131.424,131.408,131.424,7
2020-02-03 11:15:00,131.408,131.408,131.408,131.408,1
2020-02-03 11:20:00,131.408,131.424,131.408,131.424,5
2020-02-03 11:23:00,131.408,131.424,131.408,131.424,4
2020-02-03 11:26:00,131.408,131.424,131.408,131.424,12
2020-02-03 11:27:00,131.424,131.424,131.408,131.424,17
2020-02-03 11:28:00,131.408,131.408,131.408,131.408,1
2020-02-03 11:30:00,131.392,131.392,131.392,131.392,1
2020-02-03 11:31:00,131.408,131.408,131.408,131.408,1
2020-02-03 11:32:00,131.392,131.392,131.392,131.392,1
2020-02-03 11:33:00,131.408,131.408,131.408,131.408,1
2020-02-03 11:34:00,131.424,131.424,131.408,131.424,3
2020-02-03 11:35:00,131.408,131.408,131.408,131.408,1
2020-02-03 11:37:00,131.424,131.424,131.424,131.424,1
2020-02-03 11:38:00,131.408,131.416,131.408,131.416,2
2020-02-03 11:42:00,131.377,131.392,131.377,131.392,2
2020-02-03 11:43:00,131.361,131.392,131.361,131.392,5
2020-02-03 11:45:00,131.361,131.377,131.361,131.368,10
2020-02-03 11:46:00,131.346,131.361,131.346,131.346,9
2020-02-03 11:47:00,131.361,131.361,131.346,131.354,12
2020-02-03 11:48:00,131.346,131.346,131.346,131.346,1
2020-02-03 11:49:00,131.33,131.346,131.33,131.338,11
2020-02-03 11:50:00,131.346,131.346,131.33,131.346,3
2020-02-03 11:51:00,131.346,131.346,131.33,131.33,2
2020-02-03 11:53:00,131.314,131.33,131.314,131.33,7
2020-02-03 11:54:00,131.33,131.33,131.314,131.33,9
2020-02-03 11:55:00,131.314,131.33,131.314,131.314,5
2020-02-03 11:56:00,131.33,131.33,131.33,131.33,1
2020-02-03 11:57:00,131.33,131.33,131.314,131.314,5
2020-02-03 11:58:00,131.33,131.346,131.33,131.346,3
2020-02-03 12:00:00,131.33,131.346,131.33,131.346,2
2020-02-03 12:02:00,131.314,131.33,131.314,131.314,3
2020-02-03 12:04:00,131.33,131.346,131.33,131.33,15
2020-02-03 12:07:00,131.33,131.346,131.33,131.346,4
2020-02-03 12:09:00,131.33,131.346,131.33,131.346,2
2020-02-03 12:13:00,131.346,131.346,131.346,131.346,1
2020-02-03 12:15:00,131.33,131.346,131.33,131.33,10
2020-02-03 12:17:00,131.346,131.346,131.346,131.346,1
2020-02-03 12:19:00,131.361,131.361,131.346,131.354,3
2020-02-03 12:20:00,131.361,131.361,131.346,131.346,2
2020-02-03 12:22:00,131.361,131.377,131.361,131.377,2
2020-02-03 12:23:00,131.377,131.377,131.361,131.377,14
2020-02-03 12:24:00,131.361,131.377,131.361,131.37,4
2020-02-03 12:28:00,131.346,131.346,131.346,131.346,1
2020-02-03 12:30:00,131.346,131.346,131.33,131.33,2
2020-02-03 12:32:00,131.33,131.33,131.33,131.33,1
2020-02-03 12:37:00,131.346,131.346,131.33,131.346,4
2020-02-03 12:50:00,131.361,131.361,131.346,131.361,5
2020-02-03 12:52:00,131.377,131.377,131.377,131.377,1
2020-02-03 12:54:00,131.361,131.377,131.361,131.361,4
2020-02-03 12:56:00,131.377,131.377,131.361,131.377,13
2020-02-03 12:57:00,131.361,131.377,131.361,131.37,6
2020-02-03 12:58:00,131.361,131.377,131.361,131.377,2
2020-02-03 12:59:00,131.346,131.346,131.346,131.346,1
2020-02-03 13:00:00,131.314,131.361,131.314,131.361,8
2020-02-03 13:01:00,131.299,131.314,131.299,131.299,9
2020-02-03 13:02:00,131.314,131.314,131.314,131.314,1
2020-02-03 13:03:00,131.299,131.314,131.299,131.299,4
2020-02-03 13:04:00,131.314,131.314,131.314,131.314,1
2020-02-03 13:05:00,131.314,131.314,131.299,131.299,11
2020-02-03 13:06:00,131.314,131.314,131.299,131.299,32
2020-02-03 13:08:00,131.314,131.346,131.314,131.322,9
2020-02-03 13:09:00,131.314,131.33,131.314,131.33,9
2020-02-03 13:11:00,131.299,131.299,131.299,131.299,1
2020-02-03 13:15:00,131.268,131.299,131.268,131.283,12
2020-02-03 13:16:00,131.268,131.283,131.268,131.276,4
2020-02-03 13:17:00,131.268,131.268,131.26,131.26,2
2020-02-03 13:18:00,131.268,131.268,131.252,131.252,4
2020-02-03 13:19:00,131.252,131.268,131.252,131.252,7
2020-02-03 13:20:00,131.252,131.268,131.252,131.268,9
2020-02-03 13:21:00,131.268,131.268,131.26,131.26,2
2020-02-03 13:22:00,131.283,131.283,131.268,131.283,5
2020-02-03 13:23:00,131.299,131.299,131.283,131.292,16
2020-02-03 13:24:00,131.283,131.314,131.283,131.314,6
2020-02-03 13:25:00,131.283,131.299,131.268,131.299,4
2020-02-03 13:26:00,131.268,131.268,131.252,131.268,3
2020-02-03 13:27:00,131.252,131.268,131.252,131.252,11
2020-02-03 13:28:00,131.268,131.268,131.252,131.26,4
2020-02-03 13:29:00,131.252,131.268,131.252,131.252,6
2020-02-03 13:30:00,131.268,131.268,131.252,131.268,8
2020-02-03 13:31:00,131.283,131.283,131.252,131.252,5
2020-02-03 13:32:00,131.268,131.283,131.252,131.268,11
2020-02-03 13:33:00,131.268,131.283,131.268,131.283,4
2020-02-03 13:35:00,131.283,131.283,131.283,131.283,1
2020-02-03 13:37:00,131.299,131.299,131.283,131.299,7
2020-02-03 13:38:00,131.299,131.299,131.283,131.283,2
2020-02-03 13:40:00,131.314,131.314,131.314,131.314,1
2020-02-03 13:41:00,131.314,131.33,131.314,131.33,8
2020-02-03 13:42:00,131.314,131.33,131.314,131.33,11
2020-02-03 13:43:00,131.299,131.314,131.299,131.299,3
2020-02-03 13:44:00,131.314,131.314,131.299,131.306,4
2020-02-03 13:45:00,131.299,131.314,131.299,131.299,5
2020-02-03 13:46:00,131.314,131.314,131.299,131.314,9
2020-02-03 13:48:00,131.314,131.33,131.314,131.322,17
2020-02-03 13:49:00,131.33,131.346,131.33,131.33,4
2020-02-03 13:50:00,131.346,131.346,131.346,131.346,1
2020-02-03 13:52:00,131.346,131.361,131.346,131.361,2
2020-02-03 13:53:00,131.346,131.346,131.33,131.33,20
2020-02-03 13:57:00,131.299,131.33,131.299,131.33,17
2020-02-03 13:58:00,131.315,131.315,131.315,131.315,1
2020-02-03 13:59:00,131.33,131.346,131.322,131.322,4
2020-02-03 14:00:00,131.346,131.346,131.346,131.346,1
2020-02-03 14:03:00,131.361,131.361,131.361,131.361,1
2020-02-03 14:04:00,131.346,131.346,131.346,131.346,1
2020-02-03 14:05:00,131.361,131.361,131.361,131.361,1
2020-02-03 14:07:00,131.346,131.346,131.346,131.346,1
2020-02-03 14:09:00,131.346,131.346,131.33,131.338,3
2020-02-03 14:10:00,131.361,131.361,131.361,131.361,1
2020-02-03 14:11:00,131.361,131.377,131.361,131.377,15
2020-02-03 14:12:00,131.377,131.377,131.361,131.37,5
2020-02-03 14:13:00,131.377,131.393,131.377,131.393,22
2020-02-03 14:14:00,131.393,131.393,131.377,131.393,3
2020-02-03 14:15:00,131.393,131.393,131.377,131.377,2
2020-02-03 14:21:00,131.377,131.393,131.377,131.377,12
2020-02-03 14:23:00,131.346,131.361,131.346,131.361,11
2020-02-03 14:24:00,131.33,131.346,131.315,131.33,15
2020-02-03 14:25:00,131.315,131.346,131.315,131.346,3
2020-02-03 14:28:00,131.315,131.33,131.315,131.322,3
2020-02-03 14:30:00,131.283,131.33,131.283,131.33,17
2020-02-03 14:31:00,131.283,131.299,131.268,131.299,19
2020-02-03 14:32:00,131.299,131.315,131.283,131.299,8
2020-02-03 14:33:00,131.283,131.315,131.268,131.283,12
2020-02-03 14:34:00,131.283,131.283,131.268,131.268,4
2020-02-03 14:35:00,131.268,131.268,131.252,131.268,6
2020-02-03 14:36:00,131.252,131.26,131.252,131.26,2
2020-02-03 14:37:00,131.252,131.252,131.237,131.237,14
2020-02-03 14:38:00,131.268,131.268,131.237,131.237,3
2020-02-03 14:39:00,131.283,131.283,131.252,131.252,5
2020-02-03 14:40:00,131.283,131.299,131.283,131.299,2
2020-02-03 14:41:00,131.283,131.299,131.268,131.268,6
2020-02-03 14:42:00,131.299,131.299,131.299,131.299,1
2020-02-03 14:44:00,131.283,131.299,131.283,131.292,6
2020-02-03 14:45:00,131.268,131.283,131.252,131.268,8
2020-02-03 14:46:00,131.268,131.268,131.252,131.252,10
2020-02-03 14:47:00,131.268,131.268,131.252,131.26,21
2020-02-03 14:48:00,131.268,131.268,131.252,131.252,10
2020-02-03 14:49:00,131.268,131.268,131.252,131.252,10
2020-02-03 14:50:00,131.252,131.268,131.252,131.252,11
2020-02-03 14:51:00,131.252,131.252,131.237,131.237,2
2020-02-03 14:52:00,131.252,131.252,131.237,131.237,15
2020-02-03 14:53:00,131.252,131.252,131.237,131.237,2
2020-02-03 14:56:00,131.252,131.252,131.237,131.237,5
2020-02-03 14:57:00,131.268,131.268,131.268,131.268,1
2020-02-03 14:58:00,131.268,131.283,131.268,131.283,29
2020-02-03 14:59:00,131.268,131.283,131.268,131.283,20
2020-02-03 15:00:00,131.127,131.19,131.065,131.19,285
2020-02-03 15:01:00,131.143,131.158,131.08,131.112,75
2020-02-03 15:02:00,131.127,131.143,131.112,131.136,45
2020-02-03 15:03:00,131.08,131.158,131.08,131.12,54
2020-02-03 15:04:00,131.096,131.112,131.065,131.096,28
2020-02-03 15:05:00,131.174,131.237,131.112,131.112,183
2020-02-03 15:06:00,131.174,131.205,131.158,131.158,71
2020-02-03 15:07:00,131.158,131.174,131.143,131.158,46
2020-02-03 15:08:00,131.174,131.174,131.127,131.143,21
2020-02-03 15:09:00,131.174,131.205,131.174,131.19,25
2020-02-03 15:10:00,131.143,131.174,131.127,131.158,31
2020-02-03 15:11:00,131.112,131.143,131.096,131.127,14
2020-02-03 15:12:00,131.112,131.127,131.096,131.096,26
2020-02-03 15:13:00,131.112,131.127,131.096,131.096,8
2020-02-03 15:14:00,131.112,131.127,131.096,131.127,21
2020-02-03 15:15:00,131.127,131.127,131.096,131.104,50
2020-02-03 15:16:00,131.143,131.158,131.112,131.112,59
2020-02-03 15:17:00,131.127,131.143,131.127,131.127,18
2020-02-03 15:18:00,131.127,131.127,131.112,131.112,10
2020-02-03 15:19:00,131.127,131.143,131.127,131.143,2
2020-02-03 15:20:00,131.112,131.127,131.096,131.112,36
2020-02-03 15:21:00,131.096,131.096,131.08,131.096,10
2020-02-03 15:22:00,131.112,131.127,131.112,131.112,10
2020-02-03 15:23:00,131.096,131.112,131.096,131.104,10
2020-02-03 15:24:00,131.08,131.096,131.065,131.088,44
2020-02-03 15:25:00,131.065,131.065,131.065,131.065,1
2020-02-03 15:26:00,131.034,131.08,131.034,131.072,31
2020-02-03 15:27:00,131.049,131.065,131.034,131.049,5
2020-02-03 15:28:00,131.034,131.065,131.034,131.034,9
2020-02-03 15:29:00,131.034,131.049,131.034,131.049,17
2020-02-03 15:30:00,131.049,131.049,131.034,131.049,5
2020-02-03 15:31:00,131.065,131.065,131.049,131.065,10
2020-02-03 15:32:00,131.049,131.049,131.049,131.049,1
2020-02-03 15:33:00,131.065,131.08,131.065,131.065,6
2020-02-03 15:34:00,131.096,131.096,131.065,131.08,9
2020-02-03 15:36:00,131.08,131.096,131.08,131.088,10
2020-02-03 15:37:00,131.096,131.096,131.08,131.096,3
2020-02-03 15:38:00,131.08,131.088,131.065,131.088,7
2020-02-03 15:39:00,131.065,131.065,131.065,131.065,1
2020-02-03 15:40:00,131.096,131.096,131.08,131.08,4
2020-02-03 15:41:00,131.112,131.112,131.08,131.08,12
2020-02-03 15:42:00,131.127,131.127,131.112,131.127,3
2020-02-03 15:43:00,131.127,131.127,131.112,131.112,4
2020-02-03 15:44:00,131.127,131.127,131.112,131.112,8
2020-02-03 15:45:00,131.127,131.127,131.112,131.112,11
2020-02-03 15:46:00,131.143,131.143,131.127,131.143,8
2020-02-03 15:47:00,131.159,131.159,131.143,131.159,3
2020-02-03 15:48:00,131.174,131.174,131.143,131.143,11
2020-02-03 15:49:00,131.19,131.19,131.159,131.159,13
2020-02-03 15:51:00,131.174,131.19,131.174,131.174,3
2020-02-03 15:52:00,131.19,131.19,131.19,131.19,1
2020-02-03 15:53:00,131.205,131.205,131.19,131.205,10
2020-02-03 15:54:00,131.221,131.237,131.19,131.19,7
2020-02-03 15:55:00,131.205,131.205,131.19,131.205,3
2020-02-03 15:56:00,131.205,131.221,131.205,131.221,8
2020-02-03 15:57:00,131.205,131.221,131.205,131.221,25
2020-02-03 15:58:00,131.205,131.205,131.19,131.19,8
2020-02-03 15:59:00,131.19,131.205,131.19,131.198,24
2020-02-03 16:00:00,131.19,131.205,131.19,131.205,8
2020-02-03 16:01:00,131.174,131.19,131.174,131.174,5
2020-02-03 16:02:00,131.19,131.19,131.174,131.19,7
2020-02-03 16:03:00,131.205,131.205,131.19,131.198,6
2020-02-03 16:05:00,131.221,131.221,131.205,131.214,5
2020-02-03 16:06:00,131.237,131.237,131.221,131.228,15
2020-02-03 16:07:00,131.237,131.237,131.221,131.221,2
2020-02-03 16:08:00,131.221,131.221,131.205,131.221,7
2020-02-03 16:09:00,131.221,131.221,131.205,131.205,13
2020-02-03 16:10:00,131.221,131.237,131.205,131.205,7
2020-02-03 16:11:00,131.237,131.252,131.221,131.237,6
2020-02-03 16:12:00,131.237,131.252,131.237,131.244,3
2020-02-03 16:13:00,131.252,131.252,131.237,131.252,14
2020-02-03 16:14:00,131.237,131.252,131.237,131.244,5
2020-02-03 16:16:00,131.268,131.268,131.252,131.252,18
2020-02-03 16:17:00,131.283,131.283,131.268,131.283,11
2020-02-03 16:18:00,131.299,131.299,131.268,131.268,12
2020-02-03 16:19:00,131.268,131.299,131.268,131.283,10
2020-02-03 16:20:00,131.268,131.268,131.252,131.252,6
2020-02-03 16:21:00,131.268,131.268,131.252,131.252,2
2020-02-03 16:22:00,131.284,131.284,131.252,131.252,5
2020-02-03 16:23:00,131.284,131.299,131.284,131.299,11
2020-02-03 16:24:00,131.284,131.284,131.268,131.268,2
2020-02-03 16:25:00,131.284,131.284,131.268,131.276,7
2020-02-03 16:26:00,131.284,131.299,131.268,131.268,27
2020-02-03 16:27:00,131.299,131.299,131.284,131.299,11
2020-02-03 16:28:00,131.299,131.299,131.284,131.284,18
2020-02-03 16:29:00,131.315,131.315,131.315,131.315,1
2020-02-03 16:30:00,131.299,131.315,131.284,131.299,18
2020-02-03 16:31:00,131.299,131.315,131.284,131.284,13
2020-02-03 16:32:00,131.315,131.33,131.299,131.315,5
2020-02-03 16:33:00,131.315,131.33,131.315,131.322,7
2020-02-03 16:34:00,131.33,131.33,131.315,131.33,11
2020-02-03 16:35:00,131.346,131.346,131.346,131.346,1
2020-02-03 16:36:00,131.362,131.377,131.346,131.354,10
2020-02-03 16:37:00,131.362,131.362,131.346,131.354,3
2020-02-03 16:38:00,131.362,131.377,131.362,131.377,5
2020-02-03 16:39:00,131.377,131.377,131.362,131.377,10
2020-02-03 16:40:00,131.393,131.393,131.377,131.393,6
2020-02-03 16:41:00,131.44,131.455,131.408,131.408,30
2020-02-03 16:42:00,131.44,131.44,131.424,131.424,43
2020-02-03 16:43:00,131.502,131.502,131.455,131.455,59
2020-02-03 16:44:00,131.471,131.502,131.455,131.487,27
2020-02-03 16:45:00,131.471,131.487,131.471,131.487,9
2020-02-03 16:46:00,131.471,131.487,131.471,131.487,2
2020-02-03 16:47:00,131.471,131.471,131.455,131.455,2
2020-02-03 16:48:00,131.471,131.502,131.471,131.487,26
2020-02-03 16:49:00,131.471,131.502,131.471,131.487,7
2020-02-03 16:50:00,131.487,131.502,131.471,131.487,21
2020-02-03 16:51:00,131.518,131.518,131.487,131.502,23
2020-02-03 16:52:00,131.518,131.518,131.487,131.502,4
2020-02-03 16:53:00,131.533,131.533,131.502,131.502,12
2020-02-03 16:54:00,131.502,131.526,131.502,131.526,13
2020-02-03 16:55:00,131.502,131.502,131.487,131.487,27
2020-02-03 16:56:00,131.487,131.502,131.487,131.494,7
2020-02-03 16:57:00,131.44,131.487,131.44,131.478,25
2020-02-03 16:58:00,131.424,131.424,131.424,131.424,1
2020-02-03 16:59:00,131.44,131.455,131.424,131.44,12
2020-02-03 17:00:00,131.455,131.455,131.44,131.455,4
2020-02-03 17:01:00,131.455,131.455,131.44,131.44,12
2020-02-03 17:02:00,131.471,131.487,131.464,131.464,4
2020-02-03 17:03:00,131.471,131.487,131.471,131.478,5
2020-02-03 17:04:00,131.44,131.455,131.44,131.455,17
2020-02-03 17:05:00,131.455,131.455,131.455,131.455,1
2020-02-03 17:08:00,131.471,131.487,131.455,131.471,12
2020-02-03 17:09:00,131.487,131.487,131.471,131.487,10
2020-02-03 17:10:00,131.487,131.502,131.487,131.502,4
2020-02-03 17:12:00,131.471,131.487,131.471,131.471,8
2020-02-03 17:14:00,131.44,131.455,131.44,131.455,2
2020-02-03 17:15:00,131.44,131.44,131.424,131.424,16
2020-02-03 17:16:00,131.424,131.44,131.408,131.424,5
2020-02-03 17:17:00,131.408,131.424,131.393,131.408,11
2020-02-03 17:18:00,131.408,131.408,131.393,131.393,2
2020-02-03 17:19:00,131.424,131.424,131.408,131.424,8
2020-02-03 17:20:00,131.408,131.408,131.408,131.408,1
2020-02-03 17:21:00,131.408,131.408,131.393,131.393,4
2020-02-03 17:22:00,131.377,131.408,131.377,131.393,4
2020-02-03 17:23:00,131.377,131.377,131.362,131.362,16
2020-02-03 17:24:00,131.362,131.377,131.362,131.362,5
2020-02-03 17:25:00,131.362,131.377,131.346,131.377,10
2020-02-03 17:26:00,131.377,131.393,131.362,131.377,13
2020-02-03 17:27:00,131.377,131.393,131.377,131.393,2
2020-02-03 17:29:00,131.393,131.393,131.377,131.393,7
2020-02-03 17:30:00,131.393,131.393,131.377,131.377,2
2020-02-03 17:31:00,131.393,131.393,131.377,131.377,9
2020-02-03 17:32:00,131.393,131.409,131.393,131.409,2
2020-02-03 17:34:00,131.409,131.409,131.377,131.377,5
2020-02-03 17:35:00,131.393,131.409,131.393,131.393,4
2020-02-03 17:37:00,131.393,131.393,131.377,131.377,3
2020-02-03 17:38:00,131.393,131.409,131.393,131.409,9
2020-02-03 17:39:00,131.393,131.409,131.393,131.409,2
2020-02-03 17:41:00,131.377,131.377,131.377,131.377,1
2020-02-03 17:42:00,131.393,131.393,131.393,131.393,1
2020-02-03 17:44:00,131.377,131.377,131.362,131.377,4
2020-02-03 17:45:00,131.393,131.393,131.377,131.393,5
2020-02-03 17:46:00,131.362,131.377,131.362,131.377,5
2020-02-03 17:47:00,131.377,131.377,131.377,131.377,1
2020-02-03 17:48:00,131.393,131.393,131.377,131.393,22
2020-02-03 17:49:00,131.393,131.393,131.377,131.377,11
2020-02-03 17:50:00,131.377,131.393,131.377,131.377,3
2020-02-03 17:51:00,131.362,131.37,131.362,131.37,2
2020-02-03 17:52:00,131.362,131.362,131.346,131.354,20
2020-02-03 17:54:00,131.362,131.362,131.346,131.346,9
2020-02-03 17:55:00,131.346,131.362,131.346,131.346,5
2020-02-03 17:56:00,131.362,131.362,131.346,131.362,4
2020-02-03 17:58:00,131.346,131.346,131.346,131.346,1
2020-02-03 17:59:00,131.362,131.362,131.362,131.362,1
2020-02-03 18:01:00,131.377,131.377,131.377,131.377,1
2020-02-03 18:06:00,131.393,131.409,131.393,131.393,12
2020-02-03 18:07:00,131.393,131.409,131.393,131.4,27
2020-02-03 18:08:00,131.409,131.409,131.409,131.409,1
2020-02-03 18:09:00,131.424,131.424,131.424,131.424,1
2020-02-03 18:10:00,131.424,131.424,131.409,131.409,11
2020-02-03 18:11:00,131.424,131.424,131.409,131.409,11
2020-02-03 18:12:00,131.455,131.455,131.44,131.44,3
2020-02-03 18:13:00,131.471,131.487,131.455,131.464,10
2020-02-03 18:14:00,131.455,131.471,131.455,131.464,5
2020-02-03 18:15:00,131.455,131.471,131.455,131.471,9
2020-02-03 18:16:00,131.471,131.471,131.471,131.471,1
2020-02-03 18:17:00,131.487,131.487,131.471,131.487,7
2020-02-03 18:18:00,131.471,131.471,131.471,131.471,1
2020-02-03 18:20:00,131.471,131.471,131.455,131.455,6
2020-02-03 18:22:00,131.455,131.471,131.455,131.455,7
2020-02-03 18:23:00,131.471,131.487,131.471,131.471,3
2020-02-03 18:24:00,131.455,131.471,131.455,131.455,5
2020-02-03 18:28:00,131.455,131.455,131.44,131.44,19
2020-02-03 18:29:00,131.455,131.464,131.455,131.464,2
2020-02-03 18:30:00,131.455,131.455,131.44,131.44,2
2020-02-03 18:31:00,131.471,131.471,131.471,131.471,1
2020-02-03 18:33:00,131.471,131.471,131.455,131.455,4
2020-02-03 18:34:00,131.455,131.471,131.455,131.455,9
2020-02-03 18:35:00,131.455,131.471,131.455,131.471,3
2020-02-03 18:36:00,131.455,131.455,131.44,131.44,2
2020-02-03 18:39:00,131.44,131.455,131.44,131.44,9
2020-02-03 18:40:00,131.455,131.455,131.455,131.455,1
2020-02-03 18:41:00,131.455,131.455,131.44,131.448,5
2020-02-03 18:42:00,131.455,131.471,131.455,131.471,2
2020-02-03 18:43:00,131.455,131.471,131.455,131.471,6
2020-02-03 18:44:00,131.455,131.471,131.455,131.471,5
2020-02-03 18:45:00,131.471,131.471,131.455,131.471,5
2020-02-03 18:48:00,131.455,131.455,131.455,131.455,1
2020-02-03 18:51:00,131.471,131.471,131.471,131.471,1
2020-02-03 18:53:00,131.455,131.455,131.455,131.455,1
2020-02-03 18:54:00,131.455,131.455,131.44,131.44,10
2020-02-03 18:55:00,131.44,131.44,131.44,131.44,1
2020-02-03 18:56:00,131.424,131.44,131.424,131.432,8
2020-02-03 18:57:00,131.424,131.44,131.424,131.44,5
2020-02-03 18:58:00,131.424,131.44,131.424,131.44,2
2020-02-03 19:01:00,131.44,131.44,131.424,131.44,8
2020-02-03 19:03:00,131.44,131.456,131.44,131.456,11
2020-02-03 19:04:00,131.44,131.44,131.424,131.432,3
2020-02-03 19:08:00,131.456,131.456,131.448,131.448,2
2020-02-03 19:09:00,131.456,131.456,131.44,131.44,13
2020-02-03 19:10:00,131.44,131.456,131.44,131.44,3
2020-02-03 19:11:00,131.44,131.456,131.44,131.456,2
2020-02-03 19:15:00,131.44,131.44,131.424,131.424,8
2020-02-03 19:20:00,131.409,131.44,131.409,131.424,11
2020-02-03 19:22:00,131.424,131.424,131.409,131.416,7
2020-02-03 19:23:00,131.424,131.44,131.424,131.44,3
2020-02-03 19:24:00,131.424,131.44,131.424,131.44,4
2020-02-03 19:25:00,131.424,131.44,131.424,131.44,11
2020-02-03 19:26:00,131.44,131.44,131.432,131.432,2
2020-02-03 19:27:00,131.44,131.456,131.44,131.456,6
2020-02-03 19:28:00,131.456,131.456,131.44,131.456,11
2020-02-03 19:29:00,131.44,131.448,131.44,131.448,2
2020-02-03 19:30:00,131.44,131.44,131.424,131.424,2
2020-02-03 19:32:00,131.44,131.44,131.424,131.424,2
2020-02-03 19:34:00,131.456,131.456,131.44,131.456,3
2020-02-03 19:35:00,131.44,131.44,131.44,131.44,1
2020-02-03 19:36:00,131.44,131.44,131.424,131.424,3
2020-02-03 19:38:00,131.44,131.44,131.424,131.424,2
2020-02-03 19:40:00,131.44,131.44,131.424,131.424,4
2020-02-03 19:41:00,131.44,131.44,131.424,131.432,7
2020-02-03 19:42:00,131.424,131.424,131.424,131.424,1
2020-02-03 19:43:00,131.424,131.44,131.424,131.44,2
2020-02-03 19:44:00,131.409,131.424,131.409,131.416,5
2020-02-03 19:50:00,131.409,131.424,131.409,131.424,4
2020-02-03 19:51:00,131.409,131.424,131.393,131.424,7
2020-02-03 19:52:00,131.424,131.424,131.393,131.393,7
2020-02-03 19:53:00,131.409,131.424,131.409,131.409,4
2020-02-03 19:54:00,131.424,131.424,131.424,131.424,1
2020-02-03 19:56:00,131.44,131.44,131.424,131.44,8
2020-02-03 19:57:00,131.456,131.456,131.44,131.456,3
2020-02-03 19:59:00,131.487,131.487,131.471,131.471,7
2020-02-03 20:00:00,131.471,131.48,131.471,131.48,2
2020-02-03 20:01:00,131.471,131.487,131.471,131.487,3
2020-02-03 20:02:00,131.471,131.487,131.471,131.48,5
2020-02-03 20:04:00,131.471,131.487,131.471,131.487,2
2020-02-03 20:05:00,131.456,131.471,131.456,131.456,11
2020-02-03 20:06:00,131.456,131.471,131.456,131.464,9
2020-02-03 20:07:00,131.44,131.448,131.44,131.448,2
2020-02-03 20:08:00,131.44,131.44,131.424,131.424,2
2020-02-03 20:10:00,131.424,131.424,131.424,131.424,1
2020-02-03 20:11:00,131.44,131.44,131.44,131.44,1
2020-02-03 20:12:00,131.424,131.424,131.424,131.424,1
2020-02-03 20:14:00,131.424,131.424,131.409,131.409,17
2020-02-03 20:16:00,131.44,131.44,131.424,131.44,15
2020-02-03 20:18:00,131.456,131.456,131.456,131.456,1
2020-02-03 20:19:00,131.44,131.44,131.44,131.44,1
2020-02-03 20:23:00,131.424,131.44,131.424,131.424,5
2020-02-03 20:25:00,131.424,131.44,131.424,131.44,3
2020-02-03 20:26:00,131.424,131.44,131.424,131.44,2
2020-02-03 20:27:00,131.409,131.409,131.409,131.409,1
2020-02-03 20:29:00,131.393,131.409,131.393,131.393,5
2020-02-03 20:30:00,131.409,131.409,131.393,131.4,14
2020-02-03 20:36:00,131.409,131.424,131.409,131.424,6
2020-02-03 20:41:00,131.424,131.424,131.424,131.424,1
2020-02-03 20:44:00,131.44,131.44,131.44,131.44,1
2020-02-03 20:45:00,131.424,131.424,131.424,131.424,1
2020-02-03 20:47:00,131.44,131.44,131.44,131.44,1
2020-02-03 20:48:00,131.456,131.456,131.424,131.424,5
2020-02-03 20:54:00,131.471,131.471,131.471,131.471,1
2020-02-03 20:59:00,131.456,131.471,131.456,131.456,16
2020-02-03 21:00:00,131.471,131.471,131.456,131.464,4
2020-02-03 21:02:00,131.456,131.471,131.456,131.456,4
2020-02-03 21:04:00,131.456,131.471,131.456,131.471,2
2020-02-03 21:13:00,131.456,131.456,131.44,131.44,2
2020-02-03 21:19:00,131.44,131.44,131.44,131.44,1
2020-02-03 21:23:00,131.44,131.44,131.424,131.424,6
2020-02-03 21:30:00,131.456,131.456,131.44,131.456,7
2020-02-03 21:31:00,131.44,131.44,131.44,131.44,1
2020-02-03 21:32:00,131.456,131.456,131.44,131.456,3
2020-02-03 21:33:00,131.456,131.471,131.456,131.464,4
2020-02-03 21:35:00,131.44,131.44,131.44,131.44,1
2020-02-03 21:36:00,131.456,131.456,131.448,131.448,2
2020-02-03 21:37:00,131.44,131.44,131.44,131.44,1
2020-02-03 21:38:00,131.456,131.456,131.448,131.448,2
2020-02-03 21:40:00,131.44,131.456,131.44,131.44,6
2020-02-03 21:47:00,131.424,131.424,131.424,131.424,1
2020-02-03 21:48:00,131.393,131.409,131.393,131.409,3
2020-02-03 21:49:00,131.393,131.409,131.393,131.402,4
2020-02-03 21:51:00,131.409,131.409,131.393,131.402,4
2020-02-03 21:59:00,131.409,131.409,131.409,131.409,1
2020-02-03 23:00:00,131.518,131.534,131.487,131.487,16
2020-02-03 23:01:00,131.534,131.534,131.518,131.534,3
2020-02-03 23:03:00,131.518,131.518,131.503,131.518,3
2020-02-03 23:04:00,131.518,131.518,131.503,131.51,13
2020-02-03 23:05:00,131.518,131.518,131.503,131.503,2
2020-02-03 23:08:00,131.518,131.518,131.503,131.503,7
2020-02-03 23:10:00,131.518,131.518,131.503,131.503,4
2020-02-03 23:11:00,131.503,131.518,131.503,131.503,5
2020-02-03 23:12:00,131.518,131.518,131.518,131.518,1
2020-02-03 23:17:00,131.503,131.503,131.503,131.503,1
2020-02-03 23:18:00,131.503,131.518,131.503,131.518,2
2020-02-03 23:19:00,131.518,131.518,131.503,131.518,4
2020-02-03 23:20:00,131.503,131.503,131.503,131.503,1
2020-02-03 23:29:00,131.518,131.518,131.518,131.518,1
2020-02-03 23:30:00,131.503,131.503,131.503,131.503,1
2020-02-03 23:31:00,131.503,131.503,131.487,131.494,3
2020-02-03 23:32:00,131.503,131.503,131.487,131.494,3
2020-02-03 23:35:00,131.487,131.494,131.487,131.494,2
2020-02-03 23:38:00,131.503,131.503,131.494,131.494,2
2020-02-03 23:42:00,131.518,131.518,131.518,131.518,1
2020-02-03 23:43:00,131.503,131.518,131.503,131.503,4
2020-02-03 23:44:00,131.518,131.518,131.518,131.518,1
2020-02-03 23:45:00,131.503,131.51,131.503,131.51,2
2020-02-03 23:47:00,131.487,131.487,131.487,131.487,1
2020-02-03 23:54:00,131.503,131.503,131.503,131.503,1
2020-02-04 00:00:00,131.503,131.503,131.487,131.487,3
2020-02-04 00:01:00,131.518,131.518,131.518,131.518,1
2020-02-04 00:02:00,131.518,131.518,131.503,131.503,9
2020-02-04 00:03:00,131.503,131.518,131.503,131.503,7
2020-02-04 00:04:00,131.487,131.503,131.487,131.487,8
2020-02-04 00:05:00,131.487,131.503,131.487,131.503,2
2020-02-04 00:09:00,131.472,131.487,131.472,131.472,5
2020-02-04 00:10:00,131.44,131.456,131.44,131.456,4
2020-02-04 00:11:00,131.44,131.44,131.425,131.425,17
2020-02-04 00:12:00,131.44,131.44,131.425,131.425,6
2020-02-04 00:13:00,131.44,131.44,131.425,131.432,7
2020-02-04 00:16:00,131.456,131.456,131.44,131.448,7
2020-02-04 00:19:00,131.425,131.44,131.425,131.44,5
2020-02-04 00:22:00,131.409,131.425,131.409,131.409,15
2020-02-04 00:23:00,131.409,131.425,131.409,131.425,2
2020-02-04 00:24:00,131.409,131.425,131.409,131.416,3
2020-02-04 00:25:00,131.425,131.425,131.409,131.425,5
2020-02-04 00:27:00,131.409,131.409,131.409,131.409,1
2020-02-04 00:28:00,131.409,131.425,131.409,131.425,7
2020-02-04 00:29:00,131.409,131.425,131.409,131.425,2
2020-02-04 00:30:00,131.425,131.425,131.425,131.425,1
2020-02-04 00:32:00,131.425,131.44,131.425,131.44,2
2020-02-04 00:37:00,131.44,131.44,131.425,131.44,3
2020-02-04 00:38:00,131.456,131.456,131.448,131.448,2
2020-02-04 00:40:00,131.44,131.456,131.44,131.44,6
2020-02-04 00:42:00,131.456,131.456,131.456,131.456,1
2020-02-04 00:48:00,131.44,131.456,131.44,131.44,4
2020-02-04 00:49:00,131.44,131.456,131.44,131.456,3
2020-02-04 00:50:00,131.456,131.456,131.44,131.448,4
2020-02-04 00:51:00,131.44,131.456,131.44,131.44,4
2020-02-04 00:52:00,131.456,131.456,131.44,131.456,11
2020-02-04 00:53:00,131.456,131.456,131.44,131.44,8
2020-02-04 00:54:00,131.456,131.456,131.44,131.44,3
2020-02-04 00:56:00,131.44,131.456,131.44,131.44,6
2020-02-04 01:00:00,131.394,131.425,131.347,131.425,16
2020-02-04 01:01:00,131.425,131.425,131.402,131.402,14
2020-02-04 01:02:00,131.44,131.44,131.44,131.44,1
2020-02-04 01:03:00,131.425,131.425,131.425,131.425,1
2020-02-04 01:04:00,131.44,131.44,131.44,131.44,1
2020-02-04 01:06:00,131.425,131.425,131.425,131.425,1
2020-02-04 01:07:00,131.44,131.44,131.44,131.44,1
2020-02-04 01:08:00,131.44,131.44,131.425,131.425,9
2020-02-04 01:10:00,131.456,131.456,131.456,131.456,1
2020-02-04 01:11:00,131.44,131.44,131.44,131.44,1
2020-02-04 01:12:00,131.44,131.44,131.425,131.432,3
2020-02-04 01:13:00,131.425,131.44,131.425,131.425,6
2020-02-04 01:14:00,131.425,131.425,131.409,131.409,5
2020-02-04 01:15:00,131.425,131.425,131.409,131.409,3
2020-02-04 01:17:00,131.409,131.425,131.409,131.409,10
2020-02-04 01:18:00,131.425,131.425,131.425,131.425,1
2020-02-04 01:20:00,131.409,131.425,131.409,131.409,5
2020-02-04 01:21:00,131.378,131.394,131.378,131.394,10
2020-02-04 01:22:00,131.378,131.394,131.378,131.394,6
2020-02-04 01:24:00,131.378,131.394,131.378,131.394,10
2020-02-04 01:25:00,131.394,131.394,131.378,131.394,5
2020-02-04 01:26:00,131.394,131.394,131.378,131.378,6
2020-02-04 01:27:00,131.394,131.394,131.378,131.378,3
2020-02-04 01:29:00,131.394,131.394,131.378,131.378,3
2020-02-04 01:30:00,131.378,131.394,131.378,131.378,7
2020-02-04 01:31:00,131.378,131.394,131.378,131.394,5
2020-02-04 01:33:00,131.362,131.362,131.362,131.362,1
2020-02-04 01:34:00,131.362,131.378,131.362,131.37,3
2020-02-04 01:35:00,131.347,131.347,131.347,131.347,1
2020-02-04 01:36:00,131.316,131.331,131.316,131.331,4
2020-02-04 01:37:00,131.316,131.316,131.3,131.3,19
2020-02-04 01:38:00,131.316,131.316,131.3,131.3,2
2020-02-04 01:39:00,131.316,131.324,131.3,131.3,9
2020-02-04 01:40:00,131.316,131.316,131.3,131.3,2
2020-02-04 01:41:00,131.331,131.331,131.316,131.331,10
2020-02-04 01:42:00,131.331,131.331,131.316,131.316,4
2020-02-04 01:44:00,131.347,131.347,131.331,131.347,8
2020-02-04 01:45:00,131.347,131.347,131.331,131.331,6
2020-02-04 01:47:00,131.331,131.347,131.331,131.331,5
2020-02-04 01:49:00,131.316,131.331,131.316,131.324,10
2020-02-04 01:50:00,131.316,131.331,131.316,131.331,2
2020-02-04 01:51:00,131.316,131.331,131.316,131.331,2
2020-02-04 01:53:00,131.3,131.308,131.3,131.308,2
2020-02-04 01:54:00,131.3,131.3,131.284,131.284,6
2020-02-04 01:56:00,131.284,131.284,131.284,131.284,1
2020-02-04 01:57:00,131.269,131.269,131.269,131.269,1
2020-02-04 01:59:00,131.284,131.284,131.269,131.284,5
2020-02-04 02:00:00,131.3,131.3,131.292,131.292,2
2020-02-04 02:01:00,131.316,131.316,131.3,131.316,20
2020-02-04 02:02:00,131.3,131.3,131.3,131.3,1
2020-02-04 02:04:00,131.284,131.284,131.284,131.284,1
2020-02-04 02:05:00,131.3,131.3,131.3,131.3,1
2020-02-04 02:07:00,131.316,131.316,131.3,131.316,5
2020-02-04 02:08:00,131.3,131.316,131.3,131.3,4
2020-02-04 02:12:00,131.3,131.316,131.3,131.316,4
2020-02-04 02:16:00,131.316,131.316,131.316,131.316,1
2020-02-04 02:18:00,131.316,131.331,131.316,131.331,2
2020-02-04 02:19:00,131.347,131.347,131.331,131.331,13
2020-02-04 02:20:00,131.331,131.347,131.331,131.331,8
2020-02-04 02:21:00,131.362,131.362,131.347,131.347,2
2020-02-04 02:23:00,131.362,131.362,131.347,131.347,11
2020-02-04 02:24:00,131.347,131.347,131.347,131.347,1
2020-02-04 02:25:00,131.331,131.347,131.331,131.331,4
2020-02-04 02:28:00,131.331,131.331,131.316,131.316,4
2020-02-04 02:29:00,131.331,131.331,131.316,131.316,2
2020-02-04 02:30:00,131.316,131.316,131.316,131.316,1
2020-02-04 02:33:00,131.3,131.3,131.3,131.3,1
2020-02-04 02:34:00,131.3,131.3,131.284,131.284,4
2020-02-04 02:35:00,131.284,131.3,131.284,131.284,3
2020-02-04 02:36:00,131.3,131.3,131.292,131.292,2
2020-02-04 02:38:00,131.316,131.316,131.308,131.308,2
2020-02-04 02:39:00,131.3,131.316,131.3,131.3,5
2020-02-04 02:40:00,131.316,131.316,131.316,131.316,1
2020-02-04 02:46:00,131.331,131.331,131.316,131.331,3
2020-02-04 02:47:00,131.316,131.331,131.316,131.316,3
2020-02-04 02:49:00,131.316,131.331,131.316,131.331,2
2020-02-04 02:50:00,131.316,131.331,131.316,131.331,5
2020-02-04 02:52:00,131.3,131.3,131.3,131.3,1
2020-02-04 02:53:00,131.3,131.316,131.3,131.316,2
2020-02-04 03:00:00,131.316,131.316,131.316,131.316,1
2020-02-04 03:01:00,131.3,131.316,131.3,131.3,3
2020-02-04 03:02:00,131.3,131.316,131.3,131.316,4
2020-02-04 03:03:00,131.3,131.316,131.3,131.316,2
2020-02-04 03:04:00,131.3,131.316,131.3,131.316,6
2020-02-04 03:05:00,131.331,131.331,131.316,131.316,9
2020-02-04 03:08:00,131.331,131.347,131.331,131.347,10
2020-02-04 03:09:00,131.331,131.347,131.331,131.347,4
2020-02-04 03:11:00,131.331,131.331,131.316,131.324,3
2020-02-04 03:12:00,131.316,131.316,131.316,131.316,1
2020-02-04 03:13:00,131.331,131.331,131.324,131.324,2
2020-02-04 03:15:00,131.331,131.331,131.316,131.316,2
2020-02-04 03:16:00,131.331,131.347,131.331,131.347,2
2020-02-04 03:19:00,131.316,131.324,131.316,131.324,2
2020-02-04 03:21:00,131.3,131.3,131.3,131.3,1
2020-02-04 03:22:00,131.3,131.316,131.3,131.308,6
2020-02-04 03:25:00,131.316,131.316,131.3,131.316,6
2020-02-04 03:26:00,131.3,131.308,131.3,131.3,3
2020-02-04 03:27:00,131.316,131.316,131.3,131.308,4
2020-02-04 03:30:00,131.285,131.3,131.269,131.3,25
2020-02-04 03:31:00,131.285,131.3,131.285,131.3,4
2020-02-04 03:32:00,131.269,131.285,131.269,131.269,5
2020-02-04 03:33:00,131.285,131.285,131.269,131.285,12
2020-02-04 03:34:00,131.269,131.285,131.269,131.269,6
2020-02-04 03:35:00,131.253,131.253,131.238,131.253,3
2020-02-04 03:36:00,131.222,131.246,131.222,131.246,4
2020-02-04 03:37:00,131.238,131.238,131.222,131.238,12
2020-02-04 03:38:00,131.222,131.238,131.222,131.222,3
2020-02-04 03:39:00,131.222,131.222,131.206,131.206,9
2020-02-04 03:40:00,131.191,131.206,131.191,131.206,4
2020-02-04 03:41:00,131.206,131.206,131.206,131.206,1
2020-02-04 03:42:00,131.222,131.222,131.206,131.222,3
2020-02-04 03:43:00,131.238,131.238,131.222,131.23,14
2020-02-04 03:44:00,131.238,131.238,131.222,131.222,14
2020-02-04 03:45:00,131.222,131.238,131.222,131.23,4
2020-02-04 03:46:00,131.253,131.253,131.23,131.23,3
2020-02-04 03:47:00,131.269,131.269,131.253,131.269,4
2020-02-04 03:49:00,131.269,131.285,131.269,131.276,4
2020-02-04 03:50:00,131.285,131.285,131.269,131.285,13
2020-02-04 03:51:00,131.269,131.285,131.269,131.276,20
2020-02-04 03:54:00,131.285,131.285,131.285,131.285,1
2020-02-04 03:58:00,131.3,131.3,131.3,131.3,1
2020-02-04 03:59:00,131.3,131.3,131.285,131.285,4
2020-02-04 04:00:00,131.3,131.3,131.285,131.285,6
2020-02-04 04:01:00,131.285,131.285,131.269,131.285,6
2020-02-04 04:02:00,131.3,131.3,131.3,131.3,1
2020-02-04 04:03:00,131.3,131.3,131.285,131.285,2
2020-02-04 04:04:00,131.316,131.316,131.3,131.316,15
2020-02-04 04:05:00,131.316,131.316,131.3,131.3,2
2020-02-04 04:06:00,131.3,131.3,131.3,131.3,1
2020-02-04 04:08:00,131.3,131.316,131.3,131.316,12
2020-02-04 04:09:00,131.316,131.316,131.316,131.316,1
2020-02-04 04:14:00,131.316,131.316,131.3,131.3,2
2020-02-04 04:16:00,131.3,131.3,131.3,131.3,1
2020-02-04 04:21:00,131.285,131.3,131.285,131.285,4
2020-02-04 04:22:00,131.3,131.3,131.292,131.292,2
2020-02-04 04:23:00,131.285,131.3,131.285,131.285,3
2020-02-04 04:24:00,131.269,131.269,131.269,131.269,1
2020-02-04 04:27:00,131.253,131.253,131.238,131.253,5
2020-02-04 04:28:00,131.253,131.253,131.238,131.238,2
2020-02-04 04:29:00,131.253,131.253,131.238,131.238,2
2020-02-04 04:30:00,131.253,131.253,131.238,131.238,3
2020-02-04 04:31:00,131.238,131.253,131.238,131.246,8
2020-02-04 04:32:00,131.238,131.238,131.222,131.222,13
2020-02-04 04:34:00,131.222,131.238,131.222,131.222,4
2020-02-04 04:35:00,131.222,131.222,131.207,131.207,3
2020-02-04 04:36:00,131.222,131.222,131.207,131.207,4
2020-02-04 04:37:00,131.207,131.222,131.207,131.207,10
2020-02-04 04:38:00,131.222,131.222,131.207,131.214,8
2020-02-04 04:39:00,131.238,131.238,131.222,131.23,11
2020-02-04 04:40:00,131.238,131.238,131.222,131.222,9
2020-02-04 04:41:00,131.253,131.269,131.246,131.246,4
2020-02-04 04:51:00,131.269,131.269,131.269,131.269,1
2020-02-04 04:53:00,131.269,131.285,131.269,131.285,4
2020-02-04 04:54:00,131.269,131.285,131.269,131.285,4
2020-02-04 04:55:00,131.269,131.285,131.269,131.285,2
2020-02-04 04:57:00,131.269,131.285,131.269,131.285,2
2020-02-04 05:00:00,131.269,131.269,131.253,131.253,28
2020-02-04 05:03:00,131.269,131.285,131.269,131.285,6
2020-02-04 05:04:00,131.269,131.276,131.253,131.276,8
2020-02-04 05:05:00,131.269,131.269,131.253,131.253,6
2020-02-04 05:06:00,131.269,131.269,131.253,131.253,8
2020-02-04 05:07:00,131.269,131.269,131.253,131.253,2
2020-02-04 05:08:00,131.269,131.285,131.269,131.285,8
2020-02-04 05:11:00,131.285,131.285,131.285,131.285,1
2020-02-04 05:13:00,131.269,131.285,131.269,131.269,5
2020-02-04 05:14:00,131.269,131.285,131.269,131.285,7
2020-02-04 05:15:00,131.269,131.285,131.269,131.285,2
2020-02-04 05:16:00,131.253,131.253,131.253,131.253,1
2020-02-04 05:17:00,131.253,131.269,131.253,131.269,2
2020-02-04 05:18:00,131.253,131.269,131.253,131.269,11
2020-02-04 05:19:00,131.269,131.269,131.253,131.269,5
2020-02-04 05:20:00,131.269,131.269,131.253,131.253,2
2020-02-04 05:22:00,131.253,131.269,131.253,131.253,3
2020-02-04 05:23:00,131.253,131.269,131.253,131.269,6
2020-02-04 05:25:00,131.269,131.269,131.269,131.269,1
2020-02-04 05:27:00,131.238,131.253,131.238,131.253,3
2020-02-04 05:28:00,131.254,131.254,131.238,131.254,3
2020-02-04 05:33:00,131.254,131.254,131.238,131.238,2
2020-02-04 05:34:00,131.238,131.238,131.238,131.238,1
2020-02-04 05:35:00,131.222,131.238,131.222,131.222,5
2020-02-04 05:37:00,131.238,131.238,131.23,131.23,2
2020-02-04 05:39:00,131.207,131.238,131.207,131.222,12
2020-02-04 05:40:00,131.222,131.222,131.207,131.214,4
2020-02-04 05:41:00,131.207,131.207,131.207,131.207,1
2020-02-04 05:43:00,131.191,131.207,131.191,131.191,4
2020-02-04 05:45:00,131.207,131.207,131.191,131.207,9
2020-02-04 05:46:00,131.175,131.191,131.175,131.191,2
2020-02-04 05:47:00,131.191,131.191,131.175,131.191,3
2020-02-04 05:48:00,131.191,131.191,131.175,131.175,4
2020-02-04 05:50:00,131.191,131.191,131.175,131.184,3
2020-02-04 05:53:00,131.207,131.207,131.191,131.207,18
2020-02-04 05:55:00,131.222,131.222,131.222,131.222,1
2020-02-04 05:56:00,131.207,131.214,131.207,131.214,2
2020-02-04 05:58:00,131.207,131.222,131.207,131.214,3
2020-02-04 05:59:00,131.207,131.222,131.207,131.214,5
2020-02-04 06:00:00,131.207,131.222,131.207,131.222,8
2020-02-04 06:01:00,131.207,131.222,131.207,131.222,5
2020-02-04 06:03:00,131.191,131.207,131.191,131.198,21
2020-02-04 06:08:00,131.191,131.207,131.191,131.207,4
2020-02-04 06:09:00,131.207,131.207,131.191,131.207,3
2020-02-04 06:12:00,131.191,131.191,131.191,131.191,1
2020-02-04 06:17:00,131.175,131.175,131.16,131.175,3
2020-02-04 06:20:00,131.175,131.175,131.16,131.16,31
2020-02-04 06:21:00,131.16,131.175,131.16,131.16,10
2020-02-04 06:22:00,131.16,131.175,131.16,131.175,8
2020-02-04 06:23:00,131.16,131.175,131.16,131.175,10
2020-02-04 06:27:00,131.16,131.175,131.16,131.175,4
2020-02-04 06:28:00,131.175,131.175,131.16,131.175,7
2020-02-04 06:30:00,131.175,131.191,131.175,131.191,2
2020-02-04 06:31:00,131.175,131.191,131.175,131.184,4
2020-02-04 06:37:00,131.16,131.16,131.16,131.16,1
2020-02-04 06:38:00,131.16,131.175,131.16,131.175,2
2020-02-04 06:39:00,131.175,131.175,131.168,131.168,2
2020-02-04 06:40:00,131.175,131.175,131.16,131.168,6
2020-02-04 06:41:00,131.16,131.16,131.16,131.16,1
2020-02-04 06:42:00,131.144,131.144,131.144,131.144,1
2020-02-04 06:44:00,131.144,131.144,131.129,131.129,2
2020-02-04 06:45:00,131.144,131.144,131.129,131.129,13
2020-02-04 06:47:00,131.129,131.144,131.129,131.129,14
2020-02-04 06:49:00,131.129,131.144,131.129,131.136,8
2020-02-04 06:50:00,131.144,131.144,131.129,131.136,8
2020-02-04 06:51:00,131.129,131.144,131.129,131.129,5
2020-02-04 06:52:00,131.129,131.144,131.129,131.136,3
2020-02-04 06:53:00,131.144,131.144,131.129,131.144,4
2020-02-04 06:54:00,131.129,131.144,131.129,131.136,12
2020-02-04 06:56:00,131.113,131.113,131.113,131.113,1
2020-02-04 06:57:00,131.113,131.113,131.097,131.097,20
2020-02-04 07:00:00,131.144,131.144,131.113,131.12,43
2020-02-04 07:01:00,131.144,131.144,131.129,131.136,9
2020-02-04 07:02:00,131.144,131.16,131.144,131.16,2
2020-02-04 07:04:00,131.16,131.16,131.144,131.152,12
2020-02-04 07:05:00,131.144,131.144,131.144,131.144,1
2020-02-04 07:09:00,131.144,131.16,131.144,131.16,2
2020-02-04 07:12:00,131.129,131.129,131.129,131.129,1
2020-02-04 07:15:00,131.144,131.144,131.144,131.144,1
2020-02-04 07:16:00,131.16,131.16,131.144,131.152,4
2020-02-04 07:17:00,131.16,131.176,131.16,131.176,8
2020-02-04 07:18:00,131.144,131.144,131.144,131.144,1
2020-02-04 07:20:00,131.16,131.16,131.16,131.16,1
2020-02-04 07:22:00,131.176,131.176,131.16,131.176,3
2020-02-04 07:24:00,131.191,131.207,131.176,131.191,10
2020-02-04 07:25:00,131.207,131.207,131.191,131.207,5
2020-02-04 07:27:00,131.191,131.191,131.191,131.191,1
2020-02-04 07:28:00,131.207,131.207,131.198,131.198,2
2020-02-04 07:29:00,131.207,131.207,131.191,131.198,6
2020-02-04 07:30:00,131.207,131.207,131.191,131.191,2
2020-02-04 07:32:00,131.222,131.222,131.222,131.222,1
2020-02-04 07:35:00,131.207,131.207,131.207,131.207,1
2020-02-04 07:36:00,131.191,131.207,131.191,131.198,4
2020-02-04 07:37:00,131.207,131.207,131.207,131.207,1
2020-02-04 07:38:00,131.207,131.207,131.191,131.198,36
2020-02-04 07:40:00,131.222,131.222,131.222,131.222,1
2020-02-04 07:41:00,131.207,131.222,131.207,131.207,18
2020-02-04 07:43:00,131.207,131.207,131.191,131.191,2
2020-02-04 07:44:00,131.191,131.207,131.191,131.191,9
2020-02-04 07:45:00,131.191,131.207,131.191,131.198,5
2020-02-04 07:46:00,131.191,131.207,131.191,131.207,4
2020-02-04 07:47:00,131.207,131.207,131.2,131.2,2
2020-02-04 07:48:00,131.191,131.207,131.191,131.191,12
2020-02-04 07:49:00,131.207,131.207,131.191,131.207,4
2020-02-04 07:50:00,131.207,131.207,131.191,131.191,4
2020-02-04 07:51:00,131.207,131.222,131.207,131.222,13
2020-02-04 07:52:00,131.207,131.222,131.207,131.222,6
2020-02-04 07:53:00,131.191,131.191,131.191,131.191,1
2020-02-04 07:54:00,131.144,131.176,131.144,131.176,8
2020-02-04 07:55:00,131.16,131.16,131.144,131.152,33
2020-02-04 07:56:00,131.176,131.176,131.144,131.144,3
2020-02-04 07:57:00,131.16,131.176,131.16,131.168,12
2020-02-04 07:59:00,131.129,131.152,131.129,131.152,5
2020-02-04 08:00:00,131.176,131.176,131.129,131.144,29
2020-02-04 08:01:00,131.16,131.176,131.16,131.16,9
2020-02-04 08:02:00,131.144,131.176,131.129,131.176,20
2020-02-04 08:03:00,131.129,131.144,131.129,131.136,9
2020-02-04 08:05:00,131.113,131.129,131.098,131.12,29
2020-02-04 08:06:00,131.113,131.113,131.098,131.098,10
2020-02-04 08:07:00,131.113,131.113,131.098,131.098,13
2020-02-04 08:08:00,131.098,131.098,131.098,131.098,1
2020-02-04 08:09:00,131.066,131.098,131.066,131.082,13
2020-02-04 08:10:00,131.066,131.082,131.066,131.082,5
2020-02-04 08:11:00,131.082,131.082,131.066,131.082,11
2020-02-04 08:12:00,131.082,131.098,131.066,131.074,17
2020-02-04 08:13:00,131.098,131.098,131.066,131.066,9
2020-02-04 08:14:00,131.113,131.113,131.082,131.082,3
2020-02-04 08:15:00,131.113,131.129,131.113,131.122,15
2020-02-04 08:16:00,131.129,131.129,131.129,131.129,1
2020-02-04 08:17:00,131.113,131.129,131.113,131.113,16
2020-02-04 08:18:00,131.098,131.113,131.082,131.106,14
2020-02-04 08:19:00,131.098,131.113,131.098,131.113,4
2020-02-04 08:20:00,131.082,131.098,131.082,131.082,14
2020-02-04 08:21:00,131.082,131.098,131.066,131.098,8
2020-02-04 08:22:00,131.082,131.082,131.066,131.066,2
2020-02-04 08:23:00,131.066,131.082,131.066,131.066,7
2020-02-04 08:24:00,131.082,131.082,131.066,131.082,5
2020-02-04 08:25:00,131.082,131.098,131.082,131.098,8
2020-02-04 08:26:00,131.082,131.082,131.066,131.066,2
2020-02-04 08:27:00,131.066,131.066,131.066,131.066,1
2020-02-04 08:28:00,131.066,131.066,131.051,131.051,14
2020-02-04 08:29:00,131.082,131.082,131.066,131.082,5
2020-02-04 08:30:00,131.082,131.082,131.066,131.074,3
2020-02-04 08:33:00,131.098,131.098,131.098,131.098,1
2020-02-04 08:34:00,131.113,131.113,131.106,131.106,2
2020-02-04 08:35:00,131.098,131.098,131.098,131.098,1
2020-02-04 08:36:00,131.098,131.113,131.098,131.113,15
2020-02-04 08:37:00,131.098,131.113,131.098,131.106,17
2020-02-04 08:38:00,131.098,131.113,131.098,131.113,6
2020-02-04 08:39:00,131.098,131.113,131.098,131.113,2
2020-02-04 08:40:00,131.098,131.113,131.098,131.113,2
2020-02-04 08:42:00,131.098,131.113,131.098,131.113,2
2020-02-04 08:43:00,131.098,131.098,131.082,131.082,2
2020-02-04 08:44:00,131.082,131.098,131.082,131.09,4
2020-02-04 08:46:00,131.082,131.098,131.082,131.09,5
2020-02-04 08:47:00,131.082,131.098,131.082,131.098,14
2020-02-04 08:48:00,131.082,131.098,131.082,131.098,2
2020-02-04 08:49:00,131.082,131.098,131.082,131.098,2
2020-02-04 08:50:00,131.066,131.066,131.066,131.066,1
2020-02-04 08:51:00,131.051,131.058,131.051,131.058,2
2020-02-04 08:52:00,131.035,131.066,131.035,131.066,29
2020-02-04 08:53:00,131.035,131.051,131.035,131.051,3
2020-02-04 08:54:00,131.035,131.035,131.02,131.02,2
2020-02-04 08:55:00,131.035,131.051,131.035,131.051,15
2020-02-04 08:56:00,131.051,131.051,131.042,131.042,2
2020-02-04 08:57:00,131.051,131.051,131.035,131.035,8
2020-02-04 08:58:00,131.02,131.051,131.02,131.035,18
2020-02-04 08:59:00,131.02,131.035,131.02,131.035,14
2020-02-04 09:00:00,131.02,131.035,131.02,131.028,24
2020-02-04 09:03:00,131.004,131.02,131.004,131.004,8
2020-02-04 09:04:00,131.004,131.02,131.004,131.012,9
2020-02-04 09:05:00,131.004,131.004,130.988,130.996,23
2020-02-04 09:06:00,130.988,131.004,130.988,130.996,7
2020-02-04 09:07:00,131.004,131.004,130.988,131.004,6
2020-02-04 09:09:00,130.988,130.988,130.988,130.988,1
2020-02-04 09:10:00,131.004,131.004,130.988,131.004,4
2020-02-04 09:13:00,131.004,131.02,131.004,131.012,3
2020-02-04 09:15:00,131.004,131.02,131.004,131.02,2
2020-02-04 09:16:00,131.02,131.02,131.004,131.02,6
2020-02-04 09:17:00,131.02,131.035,131.02,131.035,2
2020-02-04 09:18:00,131.035,131.035,131.035,131.035,1
2020-02-04 09:22:00,131.02,131.035,131.02,131.02,4
2020-02-04 09:23:00,131.035,131.035,131.02,131.035,16
2020-02-04 09:24:00,131.02,131.035,131.02,131.028,6
2020-02-04 09:25:00,131.02,131.035,131.02,131.035,18
2020-02-04 09:26:00,131.004,131.02,131.004,131.012,11
2020-02-04 09:27:00,130.988,131.004,130.988,130.988,3
2020-02-04 09:28:00,131.004,131.004,130.988,131.004,14
2020-02-04 09:29:00,130.988,131.004,130.988,130.996,12
2020-02-04 09:30:00,130.973,130.98,130.973,130.98,2
2020-02-04 09:31:00,130.942,130.964,130.926,130.964,31
2020-02-04 09:33:00,130.942,130.957,130.942,130.957,5
2020-02-04 09:34:00,130.942,130.942,130.926,130.926,2
2020-02-04 09:35:00,130.942,130.942,130.926,130.926,19
2020-02-04 09:36:00,130.91,130.942,130.91,130.926,12
2020-02-04 09:37:00,130.926,130.926,130.91,130.926,8
2020-02-04 09:38:00,130.926,130.926,130.91,130.91,2
2020-02-04 09:40:00,130.91,130.926,130.91,130.91,6
2020-02-04 09:41:00,130.91,130.926,130.91,130.926,10
2020-02-04 09:42:00,130.942,130.942,130.926,130.926,3
2020-02-04 09:43:00,130.942,130.957,130.942,130.95,20
2020-02-04 09:44:00,130.957,130.957,130.942,130.95,7
2020-02-04 09:45:00,130.957,130.957,130.942,130.942,12
2020-02-04 09:46:00,130.973,130.973,130.957,130.973,23
2020-02-04 09:47:00,130.957,130.973,130.942,130.966,10
2020-02-04 09:48:00,130.973,130.973,130.957,130.966,12
2020-02-04 09:49:00,130.973,130.973,130.957,130.957,16
2020-02-04 09:50:00,130.957,130.973,130.957,130.957,3
2020-02-04 09:51:00,130.942,130.973,130.942,130.973,3
2020-02-04 09:52:00,130.957,130.957,130.942,130.957,12
2020-02-04 09:53:00,130.957,130.973,130.957,130.966,3
2020-02-04 09:55:00,130.957,130.973,130.957,130.966,21
2020-02-04 09:56:00,130.973,130.973,130.957,130.973,21
2020-02-04 09:58:00,130.973,130.988,130.973,130.988,2
2020-02-04 09:59:00,130.988,130.988,130.973,130.98,10
2020-02-04 10:00:00,130.988,130.988,130.973,130.973,6
2020-02-04 10:02:00,131.004,131.004,131.004,131.004,1
2020-02-04 10:03:00,130.988,131.004,130.988,130.988,7
2020-02-04 10:07:00,130.988,130.988,130.973,130.973,9
2020-02-04 10:09:00,130.973,130.973,130.973,130.973,1
2020-02-04 10:10:00,130.988,130.988,130.988,130.988,1
2020-02-04 10:11:00,130.988,130.988,130.973,130.98,6
2020-02-04 10:13:00,130.973,130.973,130.957,130.973,5
2020-02-04 10:14:00,130.988,130.988,130.973,130.988,8
2020-02-04 10:15:00,130.973,130.988,130.973,130.973,8
2020-02-04 10:16:00,130.973,130.988,130.973,130.98,3
2020-02-04 10:18:00,130.988,130.988,130.98,130.98,2
2020-02-04 10:21:00,131.004,131.004,131.004,131.004,1
2020-02-04 10:22:00,131.004,131.02,131.004,131.02,2
2020-02-04 10:23:00,131.004,131.02,131.004,131.012,6
2020-02-04 10:24:00,131.02,131.02,131.004,131.02,8
2020-02-04 10:27:00,131.02,131.02,131.004,131.004,7
2020-02-04 10:28:00,131.02,131.02,131.004,131.004,6
2020-02-04 10:29:00,131.004,131.004,131.004,131.004,1
2020-02-04 10:31:00,131.004,131.02,131.004,131.02,26
2020-02-04 10:34:00,131.004,131.02,131.004,131.02,3
2020-02-04 10:35:00,131.004,131.004,130.989,130.996,7
2020-02-04 10:36:00,131.004,131.004,130.989,130.989,9
2020-02-04 10:37:00,131.004,131.02,131.004,131.02,16
2020-02-04 10:38:00,131.004,131.02,131.004,131.012,3
2020-02-04 10:39:00,131.004,131.004,130.989,130.989,2
2020-02-04 10:41:00,131.004,131.004,130.989,130.989,2
2020-02-04 10:42:00,131.004,131.02,131.004,131.02,11
2020-02-04 10:43:00,131.004,131.02,131.004,131.012,3
2020-02-04 10:45:00,131.004,131.02,131.004,131.012,5
2020-02-04 10:49:00,131.02,131.02,131.004,131.02,3
2020-02-04 10:50:00,131.02,131.02,131.004,131.004,2
2020-02-04 10:52:00,131.02,131.035,131.02,131.035,8
2020-02-04 10:53:00,131.02,131.035,131.02,131.035,18
2020-02-04 10:54:00,131.035,131.035,131.035,131.035,1
2020-02-04 10:55:00,131.035,131.051,131.035,131.051,2
2020-02-04 10:56:00,131.051,131.051,131.035,131.051,6
2020-02-04 10:58:00,131.051,131.067,131.051,131.067,2
2020-02-04 10:59:00,131.067,131.067,131.051,131.067,14
2020-02-04 11:01:00,131.082,131.082,131.067,131.082,7
2020-02-04 11:02:00,131.067,131.082,131.067,131.067,10
2020-02-04 11:03:00,131.067,131.082,131.067,131.074,3
2020-02-04 11:05:00,131.082,131.082,131.067,131.082,6
2020-02-04 11:06:00,131.067,131.082,131.067,131.067,3
2020-02-04 11:07:00,131.082,131.082,131.082,131.082,1
2020-02-04 11:12:00,131.067,131.067,131.067,131.067,1
2020-02-04 11:13:00,131.067,131.082,131.067,131.082,11
2020-02-04 11:14:00,131.067,131.067,131.051,131.051,8
2020-02-04 11:16:00,131.067,131.067,131.051,131.051,9
2020-02-04 11:17:00,131.051,131.067,131.051,131.051,5
2020-02-04 11:18:00,131.067,131.067,131.051,131.067,4
2020-02-04 11:19:00,131.067,131.067,131.051,131.051,6
2020-02-04 11:20:00,131.051,131.058,131.051,131.058,2
2020-02-04 11:23:00,131.051,131.067,131.051,131.067,2
2020-02-04 11:25:00,131.067,131.067,131.067,131.067,1
2020-02-04 11:27:00,131.067,131.067,131.051,131.051,8
2020-02-04 11:28:00,131.051,131.058,131.051,131.051,3
2020-02-04 11:31:00,131.051,131.051,131.035,131.035,2
2020-02-04 11:32:00,131.051,131.051,131.035,131.035,23
2020-02-04 11:33:00,131.035,131.051,131.035,131.035,3
2020-02-04 11:34:00,131.051,131.051,131.044,131.051,3
2020-02-04 11:38:00,131.067,131.067,131.051,131.058,16
2020-02-04 11:39:00,131.067,131.067,131.051,131.051,4
2020-02-04 11:40:00,131.051,131.082,131.051,131.082,5
2020-02-04 11:46:00,131.035,131.051,131.035,131.035,6
2020-02-04 11:47:00,131.02,131.035,131.02,131.02,3
2020-02-04 11:48:00,131.004,131.02,131.004,131.004,3
2020-02-04 11:49:00,131.02,131.02,131.02,131.02,1
2020-02-04 11:51:00,131.035,131.035,131.02,131.035,4
2020-02-04 11:52:00,131.02,131.028,131.02,131.028,2
2020-02-04 11:53:00,131.035,131.035,131.02,131.028,4
2020-02-04 11:57:00,131.02,131.035,131.02,131.02,3
2020-02-04 11:58:00,131.035,131.035,131.02,131.035,4
2020-02-04 12:01:00,131.035,131.035,131.02,131.02,9
2020-02-04 12:03:00,131.051,131.051,131.035,131.051,12
2020-02-04 12:07:00,131.035,131.035,131.035,131.035,1
2020-02-04 12:08:00,131.035,131.035,131.02,131.028,10
2020-02-04 12:12:00,131.02,131.035,131.02,131.02,7
2020-02-04 12:13:00,131.035,131.035,131.02,131.035,4
2020-02-04 12:14:00,131.035,131.051,131.035,131.051,9
2020-02-04 12:17:00,131.02,131.02,131.02,131.02,1
2020-02-04 12:18:00,131.035,131.035,131.028,131.028,2
2020-02-04 12:21:00,131.035,131.051,131.035,131.051,14
2020-02-04 12:22:00,131.051,131.051,131.035,131.051,16
2020-02-04 12:24:00,131.051,131.067,131.051,131.067,20
2020-02-04 12:26:00,131.035,131.051,131.035,131.044,10
2020-02-04 12:28:00,131.02,131.035,131.02,131.02,3
2020-02-04 12:29:00,131.004,131.004,130.989,131.004,13
2020-02-04 12:30:00,131.004,131.004,130.989,130.989,9
2020-02-04 12:31:00,131.02,131.02,131.012,131.012,2
2020-02-04 12:34:00,131.004,131.004,131.004,131.004,1
2020-02-04 12:35:00,130.989,131.004,130.989,130.989,5
2020-02-04 12:36:00,130.989,130.989,130.973,130.973,2
2020-02-04 12:37:00,130.989,130.989,130.973,130.973,11
2020-02-04 12:38:00,130.973,130.973,130.973,130.973,1
2020-02-04 12:40:00,130.957,130.957,130.957,130.957,1
2020-02-04 12:41:00,130.957,130.973,130.957,130.973,4
2020-02-04 12:42:00,130.942,130.957,130.942,130.942,15
2020-02-04 12:43:00,130.942,130.957,130.942,130.957,9
2020-02-04 12:44:00,130.957,130.957,130.957,130.957,1
2020-02-04 12:45:00,130.957,130.957,130.942,130.942,8
2020-02-04 12:46:00,130.942,130.957,130.942,130.942,18
2020-02-04 12:47:00,130.942,130.957,130.942,130.957,4
2020-02-04 12:48:00,130.957,130.957,130.942,130.957,17
2020-02-04 12:49:00,130.942,130.957,130.942,130.95,11
2020-02-04 12:50:00,130.942,130.957,130.942,130.957,5
2020-02-04 12:51:00,130.942,130.942,130.926,130.926,2
2020-02-04 12:54:00,130.957,130.957,130.942,130.95,25
2020-02-04 12:55:00,130.973,130.973,130.973,130.973,1
2020-02-04 12:56:00,130.957,130.966,130.957,130.966,2
2020-02-04 12:58:00,130.957,130.973,130.957,130.966,7
2020-02-04 12:59:00,130.942,130.957,130.942,130.95,4
2020-02-04 13:00:00,130.942,130.957,130.942,130.95,5
2020-02-04 13:01:00,130.958,130.973,130.957,130.957,5
2020-02-04 13:02:00,130.958,130.973,130.958,130.973,2
2020-02-04 13:03:00,130.942,130.942,130.942,130.942,1
2020-02-04 13:04:00,130.926,130.942,130.926,130.926,5
2020-02-04 13:05:00,130.942,130.942,130.926,130.942,18
2020-02-04 13:06:00,130.958,130.958,130.958,130.958,1
2020-02-04 13:07:00,130.958,130.973,130.958,130.973,2
2020-02-04 13:08:00,130.942,130.942,130.926,130.942,6
2020-02-04 13:09:00,130.942,130.942,130.926,130.926,2
2020-02-04 13:10:00,130.942,130.942,130.926,130.926,10
2020-02-04 13:11:00,130.942,130.942,130.926,130.934,3
2020-02-04 13:12:00,130.942,130.958,130.942,130.95,6
2020-02-04 13:13:00,130.942,130.958,130.942,130.95,3
2020-02-04 13:14:00,130.958,130.958,130.942,130.958,5
2020-02-04 13:16:00,130.973,130.973,130.973,130.973,1
2020-02-04 13:17:00,130.973,130.973,130.958,130.958,14
2020-02-04 13:18:00,131.004,131.004,130.989,130.989,24
2020-02-04 13:19:00,131.02,131.02,131.004,131.02,46
2020-02-04 13:20:00,131.02,131.036,131.02,131.036,4
2020-02-04 13:21:00,131.02,131.02,131.004,131.004,22
2020-02-04 13:23:00,131.004,131.004,130.989,131.004,9
2020-02-04 13:24:00,130.989,131.02,130.989,131.012,12
2020-02-04 13:25:00,130.989,130.989,130.973,130.973,67
2020-02-04 13:26:00,130.989,130.989,130.973,130.973,7
2020-02-04 13:27:00,130.973,130.973,130.958,130.973,16
2020-02-04 13:28:00,130.958,130.958,130.942,130.958,3
2020-02-04 13:29:00,130.958,130.973,130.942,130.942,19
2020-02-04 13:31:00,130.958,130.958,130.942,130.95,3
2020-02-04 13:38:00,130.942,130.958,130.942,130.942,7
2020-02-04 13:39:00,130.911,130.926,130.911,130.926,8
2020-02-04 13:40:00,130.926,130.926,130.911,130.926,12
2020-02-04 13:41:00,130.911,130.926,130.911,130.911,9
2020-02-04 13:42:00,130.911,130.926,130.911,130.926,4
2020-02-04 13:43:00,130.895,130.911,130.895,130.895,3
2020-02-04 13:44:00,130.911,130.911,130.895,130.911,11
2020-02-04 13:45:00,130.911,130.911,130.88,130.895,14
2020-02-04 13:46:00,130.911,130.926,130.911,130.926,2
2020-02-04 13:47:00,130.926,130.926,130.911,130.926,16
2020-02-04 13:48:00,130.926,130.926,130.911,130.911,7
2020-02-04 13:49:00,130.911,130.942,130.911,130.942,13
2020-02-04 13:52:00,130.911,130.911,130.895,130.895,7
2020-02-04 13:53:00,130.895,130.911,130.895,130.895,3
2020-02-04 13:55:00,130.88,130.88,130.88,130.88,1
2020-02-04 13:56:00,130.864,130.88,130.864,130.872,9
2020-02-04 13:57:00,130.848,130.864,130.848,130.848,8
2020-02-04 13:58:00,130.864,130.864,130.864,130.864,1
2020-02-04 13:59:00,130.848,130.848,130.833,130.848,11
2020-02-04 14:00:00,130.864,130.864,130.833,130.84,5
2020-02-04 14:01:00,130.88,130.88,130.872,130.872,2
2020-02-04 14:02:00,130.88,130.895,130.88,130.895,31
2020-02-04 14:03:00,130.88,130.88,130.864,130.864,15
2020-02-04 14:04:00,130.864,130.88,130.864,130.864,12
2020-02-04 14:05:00,130.88,130.88,130.88,130.88,1
2020-02-04 14:06:00,130.848,130.872,130.833,130.872,14
2020-02-04 14:10:00,130.848,130.864,130.833,130.84,44
2020-02-04 14:12:00,130.864,130.864,130.848,130.856,7
2020-02-04 14:13:00,130.88,130.88,130.88,130.88,1
2020-02-04 14:14:00,130.895,130.895,130.88,130.895,3
2020-02-04 14:15:00,130.895,130.895,130.88,130.88,2
2020-02-04 14:16:00,130.911,130.911,130.911,130.911,1
2020-02-04 14:17:00,130.926,130.926,130.911,130.926,9
2020-02-04 14:18:00,130.911,130.926,130.911,130.911,9
2020-02-04 14:22:00,130.911,130.911,130.895,130.895,2
2020-02-04 14:24:00,130.911,130.926,130.911,130.926,4
2020-02-04 14:25:00,130.926,130.926,130.911,130.926,25
2020-02-04 14:26:00,130.942,130.942,130.926,130.934,12
2020-02-04 14:27:00,130.942,130.942,130.926,130.934,3
2020-02-04 14:28:00,130.958,130.958,130.958,130.958,1
2020-02-04 14:29:00,130.942,130.942,130.942,130.942,1
2020-02-04 14:30:00,130.926,130.926,130.911,130.926,5
2020-02-04 14:31:00,130.942,130.958,130.942,130.942,23
2020-02-04 14:32:00,130.958,130.958,130.926,130.958,42
2020-02-04 14:33:00,130.942,130.942,130.942,130.942,1
2020-02-04 14:34:00,130.942,130.942,130.926,130.926,2
2020-02-04 14:35:00,130.895,130.942,130.895,130.926,39
2020-02-04 14:36:00,130.895,130.911,130.88,130.88,10
2020-02-04 14:37:00,130.88,130.88,130.88,130.88,1
2020-02-04 14:38:00,130.911,130.911,130.88,130.895,9
2020-02-04 14:39:00,130.926,130.926,130.895,130.895,9
2020-02-04 14:40:00,130.911,130.926,130.895,130.918,21
2020-02-04 14:43:00,130.926,130.942,130.926,130.926,3
2020-02-04 14:45:00,130.911,130.911,130.895,130.911,4
2020-02-04 14:46:00,130.864,130.895,130.864,130.895,11
2020-02-04 14:47:00,130.848,130.864,130.848,130.848,3
2020-02-04 14:48:00,130.833,130.848,130.817,130.84,48
2020-02-04 14:49:00,130.817,130.833,130.817,130.817,15
2020-02-04 14:50:00,130.833,130.848,130.817,130.824,18
2020-02-04 14:51:00,130.833,130.848,130.817,130.848,15
2020-02-04 14:52:00,130.833,130.833,130.817,130.824,3
2020-02-04 14:53:00,130.817,130.833,130.817,130.824,9
2020-02-04 14:54:00,130.801,130.817,130.801,130.801,5
2020-02-04 14:55:00,130.833,130.833,130.801,130.817,12
2020-02-04 14:56:00,130.833,130.833,130.817,130.817,24
2020-02-04 14:57:00,130.801,130.833,130.801,130.817,13
2020-02-04 14:58:00,130.801,130.817,130.801,130.817,2
2020-02-04 15:00:00,130.801,130.817,130.786,130.786,30
2020-02-04 15:01:00,130.817,130.833,130.801,130.81,60
2020-02-04 15:02:00,130.833,130.833,130.817,130.833,15
2020-02-04 15:03:00,130.848,130.848,130.833,130.848,24
2020-02-04 15:04:00,130.848,130.864,130.833,130.833,52
2020-02-04 15:05:00,130.88,130.88,130.848,130.864,40
2020-02-04 15:06:00,130.864,130.895,130.864,130.895,6
2020-02-04 15:07:00,130.848,130.864,130.848,130.848,16
2020-02-04 15:08:00,130.833,130.848,130.817,130.833,25
2020-02-04 15:09:00,130.848,130.848,130.833,130.848,7
2020-02-04 15:10:00,130.848,130.864,130.833,130.833,13
2020-02-04 15:11:00,130.848,130.864,130.848,130.864,4
2020-02-04 15:12:00,130.848,130.864,130.848,130.864,4
2020-02-04 15:14:00,130.864,130.864,130.848,130.864,21
2020-02-04 15:15:00,130.848,130.864,130.848,130.848,9
2020-02-04 15:16:00,130.848,130.864,130.848,130.856,18
2020-02-04 15:17:00,130.848,130.864,130.848,130.864,3
2020-02-04 15:18:00,130.848,130.864,130.848,130.864,12
2020-02-04 15:19:00,130.833,130.864,130.833,130.864,17
2020-02-04 15:20:00,130.848,130.848,130.833,130.848,6
2020-02-04 15:21:00,130.833,130.864,130.833,130.864,3
2020-02-04 15:22:00,130.833,130.848,130.833,130.84,4
2020-02-04 15:23:00,130.817,130.833,130.817,130.817,7
2020-02-04 15:24:00,130.817,130.817,130.802,130.81,5
2020-02-04 15:25:00,130.802,130.817,130.802,130.81,25
2020-02-04 15:26:00,130.802,130.817,130.802,130.817,6
2020-02-04 15:27:00,130.77,130.802,130.77,130.794,34
2020-02-04 15:28:00,130.77,130.786,130.77,130.786,20
2020-02-04 15:29:00,130.755,130.77,130.739,130.755,38
2020-02-04 15:32:00,130.77,130.786,130.762,130.762,10
2020-02-04 15:33:00,130.786,130.786,130.77,130.786,12
2020-02-04 15:35:00,130.786,130.802,130.786,130.802,4
2020-02-04 15:36:00,130.77,130.786,130.77,130.77,3
2020-02-04 15:37:00,130.755,130.77,130.755,130.755,3
2020-02-04 15:38:00,130.755,130.77,130.755,130.77,4
2020-02-04 15:40:00,130.739,130.755,130.739,130.739,7
2020-02-04 15:41:00,130.755,130.755,130.755,130.755,1
2020-02-04 15:42:00,130.755,130.77,130.755,130.77,2
2020-02-04 15:43:00,130.739,130.755,130.739,130.746,56
2020-02-04 15:44:00,130.739,130.755,130.739,130.755,11
2020-02-04 15:46:00,130.724,130.739,130.724,130.724,3
2020-02-04 15:47:00,130.739,130.739,130.739,130.739,1
2020-02-04 15:48:00,130.755,130.755,130.755,130.755,1
2020-02-04 15:49:00,130.77,130.786,130.755,130.77,7
2020-02-04 15:50:00,130.77,130.786,130.755,130.786,9
2020-02-04 15:53:00,130.786,130.786,130.786,130.786,1
2020-02-04 15:56:00,130.802,130.802,130.786,130.802,3
2020-02-04 15:57:00,130.802,130.817,130.802,130.817,22
2020-02-04 15:58:00,130.817,130.833,130.817,130.817,3
2020-02-04 15:59:00,130.817,130.817,130.802,130.802,9
2020-02-04 16:00:00,130.817,130.833,130.817,130.833,3
2020-02-04 16:02:00,130.833,130.833,130.817,130.826,4
2020-02-04 16:03:00,130.833,130.848,130.833,130.848,2
2020-02-04 16:04:00,130.848,130.848,130.833,130.848,7
2020-02-04 16:05:00,130.817,130.848,130.817,130.84,15
2020-02-04 16:07:00,130.817,130.833,130.817,130.833,4
2020-02-04 16:08:00,130.833,130.833,130.826,130.826,2
2020-02-04 16:09:00,130.833,130.848,130.833,130.848,2
2020-02-04 16:10:00,130.817,130.833,130.817,130.826,17
2020-02-04 16:11:00,130.833,130.833,130.817,130.833,3
2020-02-04 16:12:00,130.833,130.848,130.833,130.848,6
2020-02-04 16:15:00,130.833,130.833,130.817,130.817,12
2020-02-04 16:16:00,130.833,130.833,130.817,130.817,6
2020-02-04 16:17:00,130.817,130.833,130.817,130.817,3
2020-02-04 16:20:00,130.802,130.817,130.802,130.802,10
2020-02-04 16:23:00,130.802,130.802,130.786,130.786,2
2020-02-04 16:26:00,130.786,130.802,130.786,130.786,13
2020-02-04 16:27:00,130.77,130.77,130.77,130.77,1
2020-02-04 16:28:00,130.786,130.786,130.786,130.786,1
2020-02-04 16:29:00,130.802,130.802,130.802,130.802,1
2020-02-04 16:32:00,130.802,130.817,130.802,130.817,15
2020-02-04 16:35:00,130.786,130.794,130.786,130.794,2
2020-02-04 16:37:00,130.786,130.802,130.77,130.77,12
2020-02-04 16:38:00,130.786,130.786,130.77,130.77,2
2020-02-04 16:40:00,130.786,130.786,130.77,130.778,5
2020-02-04 16:41:00,130.77,130.778,130.77,130.778,2
2020-02-04 16:42:00,130.77,130.786,130.77,130.786,13
2020-02-04 16:43:00,130.786,130.786,130.77,130.786,19
2020-02-04 16:45:00,130.802,130.802,130.802,130.802,1
2020-02-04 16:47:00,130.786,130.802,130.786,130.786,3
2020-02-04 16:48:00,130.817,130.817,130.802,130.802,2
2020-02-04 16:49:00,130.817,130.817,130.802,130.802,13
2020-02-04 16:50:00,130.802,130.817,130.802,130.81,21
2020-02-04 16:53:00,130.802,130.817,130.802,130.817,2
2020-02-04 16:54:00,130.802,130.817,130.802,130.81,9
2020-02-04 16:55:00,130.802,130.817,130.786,130.817,4
2020-02-04 16:56:00,130.786,130.786,130.786,130.786,1
2020-02-04 16:57:00,130.786,130.802,130.786,130.802,2
2020-02-04 16:58:00,130.786,130.802,130.786,130.794,5
2020-02-04 17:00:00,130.786,130.786,130.77,130.77,2
2020-02-04 17:02:00,130.786,130.786,130.77,130.77,4
2020-02-04 17:03:00,130.786,130.786,130.77,130.77,11
2020-02-04 17:04:00,130.771,130.771,130.771,130.771,1
2020-02-04 17:05:00,130.755,130.786,130.755,130.786,8
2020-02-04 17:07:00,130.771,130.771,130.755,130.762,4
2020-02-04 17:08:00,130.771,130.771,130.755,130.755,7
2020-02-04 17:12:00,130.771,130.771,130.755,130.755,2
2020-02-04 17:15:00,130.755,130.762,130.739,130.762,4
2020-02-04 17:16:00,130.755,130.755,130.739,130.739,2
2020-02-04 17:17:00,130.786,130.802,130.755,130.762,25
2020-02-04 17:18:00,130.771,130.802,130.771,130.802,18
2020-02-04 17:19:00,130.771,130.771,130.755,130.755,10
2020-02-04 17:20:00,130.771,130.786,130.771,130.786,5
2020-02-04 17:22:00,130.755,130.771,130.755,130.755,10
2020-02-04 17:23:00,130.739,130.739,130.739,130.739,1
2020-02-04 17:24:00,130.724,130.739,130.724,130.732,6
2020-02-04 17:25:00,130.708,130.724,130.708,130.716,21
2020-02-04 17:29:00,130.692,130.692,130.692,130.692,1
2020-02-04 17:30:00,130.661,130.692,130.646,130.684,27
2020-02-04 17:31:00,130.677,130.677,130.677,130.677,1
2020-02-04 17:32:00,130.677,130.692,130.677,130.692,2
2020-02-04 17:33:00,130.677,130.677,130.661,130.661,8
2020-02-04 17:34:00,130.692,130.708,130.684,130.684,14
2020-02-04 17:35:00,130.708,130.708,130.692,130.708,6
2020-02-04 17:36:00,130.708,130.708,130.692,130.7,10
2020-02-04 17:37:00,130.708,130.724,130.708,130.716,6
2020-02-04 17:39:00,130.708,130.708,130.692,130.692,2
2020-02-04 17:42:00,130.724,130.724,130.708,130.724,13
2020-02-04 17:43:00,130.724,130.724,130.708,130.708,2
2020-02-04 17:45:00,130.708,130.724,130.708,130.708,20
2020-02-04 17:46:00,130.724,130.724,130.708,130.716,5
2020-02-04 17:47:00,130.739,130.755,130.739,130.739,3
2020-02-04 17:48:00,130.739,130.755,130.739,130.755,21
2020-02-04 17:50:00,130.755,130.755,130.755,130.755,1
2020-02-04 17:51:00,130.771,130.771,130.755,130.771,9
2020-02-04 17:54:00,130.755,130.771,130.755,130.762,5
2020-02-04 18:00:00,130.739,130.739,130.739,130.739,1
2020-02-04 18:01:00,130.724,130.724,130.724,130.724,1
2020-02-04 18:03:00,130.739,130.755,130.739,130.739,10
2020-02-04 18:06:00,130.739,130.739,130.724,130.724,2
2020-02-04 18:08:00,130.755,130.755,130.739,130.748,8
2020-02-04 18:09:00,130.755,130.771,130.739,130.739,17
2020-02-04 18:11:00,130.755,130.755,130.739,130.739,5
2020-02-04 18:12:00,130.771,130.771,130.755,130.771,13
2020-02-04 18:13:00,130.755,130.755,130.755,130.755,1
2020-02-04 18:15:00,130.755,130.771,130.755,130.771,6
2020-02-04 18:16:00,130.771,130.771,130.771,130.771,1
2020-02-04 18:17:00,130.771,130.771,130.755,130.755,4
2020-02-04 18:18:00,130.786,130.786,130.771,130.786,11
2020-02-04 18:19:00,130.771,130.786,130.771,130.771,7
2020-02-04 18:21:00,130.771,130.786,130.771,130.786,4
2020-02-04 18:22:00,130.771,130.786,130.771,130.786,10
2020-02-04 18:24:00,130.755,130.771,130.755,130.762,8
2020-02-04 18:26:00,130.771,130.771,130.739,130.739,6
2020-02-04 18:30:00,130.771,130.786,130.771,130.786,3
2020-02-04 18:36:00,130.755,130.762,130.755,130.762,2
2020-02-04 18:38:00,130.755,130.771,130.755,130.771,2
2020-02-04 18:41:00,130.771,130.771,130.755,130.771,5
2020-02-04 18:43:00,130.755,130.771,130.755,130.755,3
2020-02-04 18:46:00,130.739,130.755,130.739,130.739,4
2020-02-04 18:49:00,130.739,130.739,130.724,130.724,2
2020-02-04 18:50:00,130.755,130.755,130.755,130.755,1
2020-02-04 18:52:00,130.755,130.771,130.755,130.762,6
2020-02-04 18:54:00,130.739,130.755,130.739,130.739,11
2020-02-04 18:55:00,130.755,130.755,130.755,130.755,1
2020-02-04 18:56:00,130.739,130.755,130.739,130.739,3
2020-02-04 18:57:00,130.739,130.755,130.739,130.755,4
2020-02-04 19:00:00,130.739,130.755,130.739,130.755,6
2020-02-04 19:02:00,130.724,130.724,130.724,130.724,1
2020-02-04 19:03:00,130.724,130.739,130.724,130.739,2
2020-02-04 19:04:00,130.739,130.739,130.724,130.724,2
2020-02-04 19:09:00,130.755,130.755,130.739,130.755,7
2020-02-04 19:12:00,130.739,130.739,130.739,130.739,1
2020-02-04 19:13:00,130.739,130.755,130.739,130.755,2
2020-02-04 19:15:00,130.755,130.755,130.755,130.755,1
2020-02-04 19:19:00,130.771,130.771,130.755,130.771,9
2020-02-04 19:20:00,130.786,130.786,130.786,130.786,1
2020-02-04 19:21:00,130.786,130.786,130.771,130.771,2
2020-02-04 19:22:00,130.786,130.802,130.786,130.802,15
2020-02-04 19:23:00,130.802,130.802,130.786,130.802,20
2020-02-04 19:26:00,130.786,130.786,130.786,130.786,1
2020-02-04 19:28:00,130.802,130.802,130.786,130.802,9
2020-02-04 19:29:00,130.786,130.786,130.786,130.786,1
2020-02-04 19:30:00,130.802,130.802,130.802,130.802,1
2020-02-04 19:31:00,130.786,130.786,130.786,130.786,1
2020-02-04 19:32:00,130.771,130.771,130.771,130.771,1
2020-02-04 19:33:00,130.786,130.786,130.786,130.786,1
2020-02-04 19:35:00,130.755,130.778,130.755,130.778,5
2020-02-04 19:39:00,130.755,130.755,130.74,130.74,5
2020-02-04 19:41:00,130.74,130.755,130.74,130.74,11
2020-02-04 19:46:00,130.755,130.755,130.755,130.755,1
2020-02-04 19:53:00,130.771,130.771,130.771,130.771,1
2020-02-04 19:54:00,130.786,130.786,130.786,130.786,1
2020-02-04 19:55:00,130.786,130.802,130.786,130.802,3
2020-02-04 19:57:00,130.771,130.771,130.771,130.771,1
2020-02-04 19:58:00,130.786,130.786,130.786,130.786,1
2020-02-04 19:59:00,130.818,130.818,130.786,130.794,7
2020-02-04 20:00:00,130.818,130.818,130.802,130.802,2
2020-02-04 20:01:00,130.802,130.818,130.802,130.81,5
2020-02-04 20:02:00,130.802,130.818,130.802,130.818,2
2020-02-04 20:03:00,130.818,130.818,130.802,130.818,5
2020-02-04 20:04:00,130.802,130.802,130.802,130.802,1
2020-02-04 20:07:00,130.802,130.802,130.786,130.786,2
2020-02-04 20:09:00,130.818,130.818,130.818,130.818,1
2020-02-04 20:10:00,130.833,130.833,130.818,130.833,7
2020-02-04 20:11:00,130.833,130.833,130.818,130.818,4
2020-02-04 20:12:00,130.818,130.818,130.818,130.818,1
2020-02-04 20:13:00,130.818,130.833,130.818,130.833,6
2020-02-04 20:17:00,130.802,130.802,130.802,130.802,1
2020-02-04 20:24:00,130.818,130.818,130.818,130.818,1
2020-02-04 20:27:00,130.833,130.833,130.833,130.833,1
2020-02-04 20:29:00,130.818,130.818,130.818,130.818,1
2020-02-04 20:30:00,130.833,130.833,130.818,130.833,3
2020-02-04 20:31:00,130.833,130.833,130.818,130.818,2
2020-02-04 20:32:00,130.833,130.833,130.818,130.826,7
2020-02-04 20:35:00,130.849,130.849,130.849,130.849,1
2020-02-04 20:42:00,130.865,130.865,130.865,130.865,1
2020-02-04 20:44:00,130.865,130.865,130.849,130.849,10
2020-02-04 20:45:00,130.849,130.865,130.849,130.849,13
2020-02-04 20:49:00,130.833,130.833,130.833,130.833,1
2020-02-04 20:50:00,130.833,130.849,130.833,130.849,2
2020-02-04 20:51:00,130.849,130.849,130.849,130.849,1
2020-02-04 20:55:00,130.865,130.865,130.849,130.865,4
2020-02-04 20:57:00,130.865,130.88,130.865,130.88,25
2020-02-04 20:58:00,130.865,130.88,130.865,130.88,21
2020-02-04 20:59:00,130.865,130.88,130.865,130.88,22
2020-02-04 21:00:00,130.88,130.88,130.865,130.88,11
2020-02-04 21:01:00,130.865,130.88,130.865,130.865,18
2020-02-04 21:14:00,130.849,130.849,130.849,130.849,1
2020-02-04 21:19:00,130.849,130.849,130.833,130.833,2
2020-02-04 21:20:00,130.833,130.849,130.833,130.833,3
2020-02-04 21:21:00,130.849,130.849,130.849,130.849,1
2020-02-04 21:26:00,130.833,130.849,130.833,130.833,5
2020-02-04 21:27:00,130.818,130.833,130.818,130.826,4
2020-02-04 21:28:00,130.833,130.833,130.818,130.833,5
2020-02-04 21:32:00,130.818,130.833,130.818,130.818,7
2020-02-04 21:33:00,130.802,130.802,130.802,130.802,1
2020-02-04 21:37:00,130.818,130.818,130.802,130.818,22
2020-02-04 21:42:00,130.802,130.81,130.802,130.81,2
2020-02-04 21:44:00,130.818,130.818,130.818,130.818,1
2020-02-04 21:45:00,130.818,130.818,130.802,130.802,2
2020-02-04 21:52:00,130.833,130.833,130.833,130.833,1
2020-02-04 21:57:00,130.833,130.833,130.818,130.826,4
2020-02-04 21:58:00,130.833,130.833,130.818,130.818,14
2020-02-04 21:59:00,130.833,130.833,130.833,130.833,1
2020-02-04 23:00:00,130.833,130.833,130.802,130.818,6
2020-02-04 23:01:00,130.833,130.849,130.833,130.849,23
2020-02-04 23:02:00,130.849,130.849,130.833,130.849,3
2020-02-04 23:03:00,130.833,130.833,130.833,130.833,1
2020-02-04 23:08:00,130.818,130.818,130.818,130.818,1
2020-02-04 23:13:00,130.802,130.818,130.802,130.81,5
2020-02-04 23:14:00,130.818,130.818,130.818,130.818,1
2020-02-04 23:15:00,130.802,130.802,130.802,130.802,1
2020-02-04 23:17:00,130.818,130.818,130.818,130.818,1
2020-02-04 23:20:00,130.818,130.818,130.802,130.802,2
2020-02-04 23:23:00,130.802,130.802,130.802,130.802,1
2020-02-04 23:27:00,130.802,130.818,130.802,130.818,2
2020-02-04 23:28:00,130.802,130.818,130.802,130.818,4
2020-02-04 23:29:00,130.818,130.818,130.802,130.818,3
2020-02-04 23:31:00,130.818,130.818,130.802,130.802,2
2020-02-04 23:33:00,130.802,130.818,130.802,130.802,3
2020-02-04 23:34:00,130.818,130.818,130.818,130.818,1
2020-02-04 23:35:00,130.818,130.818,130.802,130.802,2
2020-02-04 23:36:00,130.802,130.802,130.802,130.802,1
2020-02-04 23:37:00,130.818,130.818,130.81,130.81,2
2020-02-04 23:49:00,130.818,130.818,130.802,130.802,4
2020-02-05 00:00:00,130.802,130.802,130.802,130.802,1
2020-02-05 00:03:00,130.818,130.818,130.818,130.818,1
2020-02-05 00:05:00,130.802,130.818,130.802,130.802,19
2020-02-05 00:06:00,130.802,130.818,130.802,130.818,9
2020-02-05 00:07:00,130.787,130.802,130.787,130.787,29
2020-02-05 00:08:00,130.802,130.802,130.787,130.802,7
2020-02-05 00:09:00,130.787,130.802,130.787,130.787,5
2020-02-05 00:10:00,130.771,130.787,130.771,130.771,6
2020-02-05 00:12:00,130.771,130.771,130.756,130.764,5
2020-02-05 00:13:00,130.756,130.771,130.756,130.756,6
2020-02-05 00:14:00,130.771,130.771,130.771,130.771,1
2020-02-05 00:15:00,130.756,130.771,130.756,130.756,11
2020-02-05 00:18:00,130.771,130.771,130.756,130.771,5
2020-02-05 00:19:00,130.787,130.787,130.787,130.787,1
2020-02-05 00:20:00,130.787,130.787,130.771,130.771,4
2020-02-05 00:22:00,130.802,130.802,130.794,130.794,2
2020-02-05 00:24:00,130.834,130.834,130.818,130.818,8
2020-02-05 00:25:00,130.834,130.849,130.834,130.849,2
2020-02-05 00:27:00,130.849,130.849,130.849,130.849,1
2020-02-05 00:29:00,130.865,130.865,130.849,130.858,9
2020-02-05 00:30:00,130.849,130.865,130.849,130.849,4
2020-02-05 00:31:00,130.834,130.849,130.834,130.834,3
2020-02-05 00:32:00,130.849,130.849,130.834,130.849,3
2020-02-05 00:33:00,130.849,130.849,130.834,130.842,4
2020-02-05 00:34:00,130.865,130.865,130.849,130.865,3
2020-02-05 00:35:00,130.849,130.865,130.849,130.849,6
2020-02-05 00:45:00,130.865,130.865,130.849,130.858,5
2020-02-05 00:46:00,130.865,130.865,130.849,130.849,2
2020-02-05 00:52:00,130.849,130.865,130.849,130.849,3
2020-02-05 00:58:00,130.865,130.865,130.849,130.858,7
2020-02-05 00:59:00,130.849,130.865,130.849,130.858,6
2020-02-05 01:00:00,130.865,130.865,130.849,130.865,7
2020-02-05 01:01:00,130.881,130.881,130.865,130.872,7
2020-02-05 01:03:00,130.881,130.896,130.881,130.896,3
2020-02-05 01:04:00,130.881,130.896,130.881,130.896,5
2020-02-05 01:07:00,130.865,130.881,130.865,130.865,6
2020-02-05 01:08:00,130.849,130.865,130.849,130.849,3
2020-02-05 01:10:00,130.834,130.834,130.834,130.834,1
2020-02-05 01:11:00,130.834,130.849,130.834,130.849,2
2020-02-05 01:13:00,130.849,130.849,130.849,130.849,1
2020-02-05 01:14:00,130.834,130.834,130.834,130.834,1
2020-02-05 01:15:00,130.834,130.849,130.834,130.849,2
2020-02-05 01:16:00,130.834,130.849,130.834,130.849,5
2020-02-05 01:18:00,130.834,130.849,130.834,130.849,2
2020-02-05 01:19:00,130.849,130.849,130.834,130.849,7
2020-02-05 01:22:00,130.849,130.865,130.849,130.858,8
2020-02-05 01:23:00,130.865,130.865,130.849,130.858,6
2020-02-05 01:24:00,130.849,130.865,130.849,130.849,3
2020-02-05 01:25:00,130.865,130.865,130.849,130.865,3
2020-02-05 01:26:00,130.849,130.865,130.849,130.849,5
2020-02-05 01:27:00,130.849,130.865,130.849,130.865,5
2020-02-05 01:29:00,130.865,130.865,130.849,130.858,3
2020-02-05 01:30:00,130.849,130.865,130.849,130.849,3
2020-02-05 01:31:00,130.865,130.865,130.865,130.865,1
2020-02-05 01:33:00,130.881,130.881,130.881,130.881,1
2020-02-05 01:34:00,130.896,130.896,130.881,130.896,3
2020-02-05 01:35:00,130.912,130.912,130.896,130.912,7
2020-02-05 01:36:00,130.927,130.927,130.912,130.927,15
2020-02-05 01:37:00,130.896,130.92,130.896,130.92,7
2020-02-05 01:38:00,130.896,130.912,130.896,130.912,15
2020-02-05 01:39:00,130.881,130.896,130.865,130.881,11
2020-02-05 01:40:00,130.881,130.881,130.865,130.865,3
2020-02-05 01:41:00,130.881,130.881,130.865,130.865,2
2020-02-05 01:43:00,130.881,130.896,130.881,130.896,2
2020-02-05 01:45:00,130.896,130.896,130.881,130.896,14
2020-02-05 01:46:00,130.881,130.888,130.881,130.888,2
2020-02-05 01:47:00,130.865,130.881,130.865,130.865,3
2020-02-05 01:49:00,130.849,130.849,130.849,130.849,1
2020-02-05 01:51:00,130.849,130.865,130.849,130.865,2
2020-02-05 01:54:00,130.818,130.834,130.818,130.834,2
2020-02-05 01:56:00,130.818,130.834,130.818,130.834,4
2020-02-05 01:57:00,130.802,130.818,130.802,130.802,6
2020-02-05 01:58:00,130.802,130.818,130.802,130.818,4
2020-02-05 01:59:00,130.818,130.818,130.802,130.81,4
2020-02-05 02:01:00,130.818,130.818,130.802,130.81,3
2020-02-05 02:05:00,130.818,130.818,130.802,130.802,2
2020-02-05 02:06:00,130.802,130.802,130.802,130.802,1
2020-02-05 02:07:00,130.818,130.818,130.81,130.81,2
2020-02-05 02:09:00,130.834,130.834,130.834,130.834,1
2020-02-05 02:10:00,130.834,130.834,130.818,130.818,11
2020-02-05 02:11:00,130.834,130.834,130.818,130.818,8
2020-02-05 02:17:00,130.849,130.849,130.849,130.849,1
2020-02-05 02:18:00,130.849,130.849,130.834,130.834,4
2020-02-05 02:19:00,130.849,130.849,130.834,130.834,3
2020-02-05 02:20:00,130.834,130.834,130.834,130.834,1
2020-02-05 02:21:00,130.834,130.849,130.834,130.849,2
2020-02-05 02:23:00,130.849,130.849,130.849,130.849,1
2020-02-05 02:26:00,130.865,130.865,130.865,130.865,1
2020-02-05 02:27:00,130.865,130.865,130.849,130.858,14
2020-02-05 02:29:00,130.865,130.865,130.849,130.849,5
2020-02-05 02:33:00,130.881,130.881,130.872,130.872,2
2020-02-05 02:34:00,130.865,130.881,130.849,130.865,5
2020-02-05 02:36:00,130.865,130.865,130.849,130.849,2
2020-02-05 02:37:00,130.865,130.865,130.849,130.849,5
2020-02-05 02:38:00,130.849,130.865,130.849,130.858,5
2020-02-05 02:39:00,130.865,130.865,130.849,130.858,4
2020-02-05 02:41:00,130.849,130.858,130.849,130.858,2
2020-02-05 02:42:00,130.865,130.865,130.849,130.865,5
2020-02-05 02:44:00,130.865,130.865,130.849,130.849,2
2020-02-05 02:46:00,130.865,130.865,130.849,130.849,2
2020-02-05 02:47:00,130.881,130.881,130.865,130.881,7
2020-02-05 02:49:00,130.881,130.881,130.865,130.872,5
2020-02-05 02:52:00,130.865,130.881,130.865,130.865,3
2020-02-05 02:53:00,130.865,130.881,130.865,130.881,2
2020-02-05 02:55:00,130.865,130.881,130.865,130.881,9
2020-02-05 02:58:00,130.881,130.881,130.865,130.881,8
2020-02-05 02:59:00,130.881,130.881,130.865,130.865,2
2020-02-05 03:00:00,130.881,130.881,130.865,130.865,2
2020-02-05 03:03:00,130.881,130.881,130.865,130.872,9
2020-02-05 03:11:00,130.912,130.912,130.896,130.896,4
2020-02-05 03:14:00,130.927,130.927,130.912,130.927,21
2020-02-05 03:15:00,130.912,130.927,130.912,130.92,6
2020-02-05 03:16:00,130.928,130.928,130.912,130.927,12
2020-02-05 03:17:00,130.912,130.912,130.912,130.912,1
2020-02-05 03:18:00,130.928,130.928,130.912,130.928,3
2020-02-05 03:19:00,130.912,130.928,130.912,130.912,3
2020-02-05 03:28:00,130.928,130.928,130.928,130.928,1
2020-02-05 03:29:00,130.928,130.928,130.912,130.912,6
2020-02-05 03:30:00,130.912,130.912,130.912,130.912,1
2020-02-05 03:32:00,130.912,130.928,130.912,130.928,24
2020-02-05 03:39:00,130.912,130.912,130.896,130.896,2
2020-02-05 03:41:00,130.896,130.912,130.896,130.896,11
2020-02-05 03:42:00,130.896,130.912,130.896,130.912,2
2020-02-05 03:43:00,130.912,130.912,130.896,130.904,9
2020-02-05 03:51:00,130.912,130.912,130.896,130.896,2
2020-02-05 03:52:00,130.896,130.912,130.896,130.896,3
2020-02-05 03:53:00,130.912,130.912,130.904,130.904,2
2020-02-05 03:54:00,130.928,130.928,130.928,130.928,1
2020-02-05 04:02:00,130.928,130.943,130.928,130.943,2
2020-02-05 04:08:00,130.928,130.943,130.912,130.912,7
2020-02-05 04:18:00,130.928,130.928,130.912,130.912,4
2020-02-05 04:20:00,130.928,130.928,130.912,130.92,5
2020-02-05 04:21:00,130.928,130.928,130.912,130.912,3
2020-02-05 04:24:00,130.912,130.928,130.912,130.912,8
2020-02-05 04:32:00,130.896,130.896,130.896,130.896,1
2020-02-05 05:00:00,130.896,130.896,130.881,130.881,2
2020-02-05 05:06:00,130.881,130.881,130.881,130.881,1
2020-02-05 05:07:00,130.896,130.896,130.896,130.896,1
2020-02-05 05:16:00,130.896,130.896,130.896,130.896,1
2020-02-05 05:19:00,130.912,130.912,130.912,130.912,1
2020-02-05 05:20:00,130.912,130.928,130.912,130.928,2
2020-02-05 05:22:00,130.928,130.928,130.92,130.92,2
2020-02-05 05:23:00,130.912,130.912,130.912,130.912,1
2020-02-05 05:25:00,130.897,130.897,130.897,130.897,1
2020-02-05 05:29:00,130.912,130.912,130.881,130.881,5
2020-02-05 05:35:00,130.912,130.928,130.912,130.928,13
2020-02-05 05:36:00,130.928,130.928,130.912,130.928,7
2020-02-05 05:37:00,130.943,130.943,130.928,130.943,8
2020-02-05 05:40:00,130.943,130.943,130.928,130.928,2
2020-02-05 05:41:00,130.928,130.943,130.928,130.928,4
2020-02-05 05:42:00,130.943,130.943,130.928,130.943,5
2020-02-05 05:49:00,130.959,130.959,130.959,130.959,1
2020-02-05 05:50:00,130.943,130.959,130.943,130.952,11
2020-02-05 05:51:00,130.943,130.959,130.943,130.959,2
2020-02-05 05:54:00,130.943,130.943,130.928,130.928,2
2020-02-05 05:58:00,130.943,130.959,130.943,130.952,3
2020-02-05 05:59:00,130.943,130.959,130.943,130.959,2
2020-02-05 06:00:00,130.959,130.959,130.943,130.959,3
2020-02-05 06:01:00,130.959,130.959,130.943,130.943,9
2020-02-05 06:02:00,130.943,130.943,130.943,130.943,1
2020-02-05 06:09:00,130.928,130.928,130.928,130.928,1
2020-02-05 06:10:00,130.928,130.943,130.928,130.943,4
2020-02-05 06:11:00,130.928,130.943,130.928,130.943,3
2020-02-05 06:12:00,130.943,130.943,130.943,130.943,1
2020-02-05 06:24:00,130.943,130.943,130.943,130.943,1
2020-02-05 06:30:00,130.943,130.943,130.928,130.928,8
2020-02-05 06:35:00,130.943,130.959,130.943,130.952,19
2020-02-05 06:36:00,130.959,130.959,130.943,130.959,3
2020-02-05 06:37:00,130.959,130.959,130.943,130.943,2
2020-02-05 06:52:00,130.943,130.943,130.943,130.943,1
2020-02-05 06:58:00,130.959,130.959,130.959,130.959,1
2020-02-05 06:59:00,130.959,130.959,130.943,130.943,2
2020-02-05 07:01:00,130.959,130.959,130.943,130.943,5
2020-02-05 07:02:00,130.943,130.959,130.943,130.943,3
2020-02-05 07:03:00,130.943,130.959,130.943,130.959,2
2020-02-05 07:04:00,130.943,130.959,130.943,130.959,4
2020-02-05 07:05:00,130.959,130.959,130.943,130.959,20
2020-02-05 07:06:00,130.975,130.99,130.966,130.966,7
2020-02-05 07:07:00,130.99,130.99,130.975,130.99,5
2020-02-05 07:08:00,130.99,131.006,130.99,131.006,10
2020-02-05 07:09:00,130.99,131.006,130.99,131.006,7
2020-02-05 07:10:00,131.006,131.006,130.99,131.006,14
2020-02-05 07:13:00,131.022,131.022,131.022,131.022,1
2020-02-05 07:19:00,131.006,131.006,131.006,131.006,1
2020-02-05 07:21:00,131.006,131.022,131.006,131.022,15
2020-02-05 07:22:00,131.006,131.022,131.006,131.014,45
2020-02-05 07:23:00,131.022,131.022,131.022,131.022,1
2020-02-05 07:25:00,131.006,131.006,131.006,131.006,1
2020-02-05 07:26:00,131.022,131.022,131.006,131.022,11
2020-02-05 07:27:00,131.006,131.006,131.006,131.006,1
2020-02-05 07:28:00,131.006,131.022,131.006,131.022,8
2020-02-05 07:30:00,131.022,131.022,131.006,131.022,3
2020-02-05 07:32:00,131.037,131.037,131.022,131.03,8
2020-02-05 07:33:00,131.037,131.037,131.022,131.022,8
2020-02-05 07:36:00,131.037,131.037,131.022,131.022,12
2020-02-05 07:37:00,131.022,131.037,131.022,131.022,22
2020-02-05 07:38:00,131.022,131.037,131.022,131.03,9
2020-02-05 07:42:00,131.022,131.022,131.006,131.006,2
2020-02-05 07:43:00,131.006,131.022,131.006,131.006,3
2020-02-05 07:45:00,131.006,131.022,131.006,131.022,7
2020-02-05 07:47:00,131.006,131.006,130.99,130.998,11
2020-02-05 07:48:00,131.006,131.006,130.99,130.99,18
2020-02-05 07:49:00,130.99,131.006,130.99,130.99,6
2020-02-05 07:51:00,131.006,131.006,131.006,131.006,1
2020-02-05 07:53:00,131.022,131.022,131.006,131.022,11
2020-02-05 07:57:00,131.006,131.022,131.006,131.006,4
2020-02-05 07:58:00,131.006,131.022,131.006,131.022,5
2020-02-05 07:59:00,131.006,131.022,131.006,131.014,5
2020-02-05 08:00:00,131.006,131.022,131.006,131.022,6
2020-02-05 08:01:00,131.022,131.022,131.022,131.022,1
2020-02-05 08:02:00,131.022,131.022,131.006,131.014,7
2020-02-05 08:03:00,131.006,131.022,131.006,131.006,22
2020-02-05 08:06:00,130.99,131.006,130.975,130.99,9
2020-02-05 08:07:00,130.975,130.99,130.975,130.982,8
2020-02-05 08:08:00,130.99,130.99,130.982,130.982,2
2020-02-05 08:09:00,130.975,130.99,130.975,130.975,4
2020-02-05 08:10:00,130.99,130.99,130.975,130.99,5
2020-02-05 08:11:00,130.975,130.99,130.975,130.975,13
2020-02-05 08:12:00,130.959,130.959,130.959,130.959,1
2020-02-05 08:13:00,130.975,130.975,130.959,130.975,4
2020-02-05 08:14:00,130.959,130.975,130.959,130.968,21
2020-02-05 08:15:00,130.975,130.975,130.975,130.975,1
2020-02-05 08:16:00,130.975,130.975,130.959,130.959,5
2020-02-05 08:17:00,130.975,130.975,130.959,130.968,5
2020-02-05 08:18:00,130.975,130.975,130.959,130.959,2
2020-02-05 08:21:00,130.959,130.959,130.959,130.959,1
2020-02-05 08:24:00,130.944,130.944,130.944,130.944,1
2020-02-05 08:25:00,130.912,130.928,130.912,130.928,4
2020-02-05 08:26:00,130.897,130.904,130.881,130.904,5
2020-02-05 08:27:00,130.881,130.897,130.881,130.881,26
2020-02-05 08:28:00,130.85,130.881,130.85,130.874,12
2020-02-05 08:29:00,130.866,130.866,130.834,130.834,10
2020-02-05 08:30:00,130.834,130.85,130.834,130.85,29
2020-02-05 08:31:00,130.866,130.866,130.834,130.85,16
2020-02-05 08:32:00,130.85,130.85,130.85,130.85,1
2020-02-05 08:33:00,130.803,130.842,130.803,130.842,20
2020-02-05 08:34:00,130.756,130.819,130.741,130.819,37
2020-02-05 08:35:00,130.725,130.772,130.694,130.772,47
2020-02-05 08:36:00,130.678,130.741,130.663,130.741,24
2020-02-05 08:37:00,130.538,130.678,130.538,130.663,120
2020-02-05 08:38:00,130.585,130.585,130.491,130.553,94
2020-02-05 08:39:00,130.506,130.6,130.491,130.592,75
2020-02-05 08:40:00,130.475,130.538,130.475,130.491,114
2020-02-05 08:41:00,130.506,130.506,130.46,130.46,90
2020-02-05 08:42:00,130.585,130.585,130.506,130.514,63
2020-02-05 08:43:00,130.616,130.631,130.585,130.6,37
2020-02-05 08:44:00,130.756,130.756,130.616,130.631,49
2020-02-05 08:45:00,130.678,130.741,130.678,130.741,46
2020-02-05 08:46:00,130.647,130.694,130.631,130.663,16
2020-02-05 08:47:00,130.647,130.663,130.631,130.631,33
2020-02-05 08:48:00,130.616,130.647,130.616,130.64,33
2020-02-05 08:49:00,130.631,130.678,130.616,130.624,44
2020-02-05 08:50:00,130.647,130.663,130.631,130.647,22
2020-02-05 08:51:00,130.678,130.694,130.631,130.631,22
2020-02-05 08:52:00,130.663,130.678,130.663,130.663,18
2020-02-05 08:53:00,130.694,130.694,130.678,130.678,13
2020-02-05 08:54:00,130.725,130.725,130.694,130.709,25
2020-02-05 08:55:00,130.741,130.756,130.725,130.741,26
2020-02-05 08:56:00,130.709,130.741,130.694,130.725,29
2020-02-05 08:57:00,130.709,130.725,130.709,130.725,21
2020-02-05 08:58:00,130.725,130.725,130.709,130.718,17
2020-02-05 08:59:00,130.741,130.741,130.725,130.741,20
2020-02-05 09:00:00,130.725,130.756,130.709,130.756,38
2020-02-05 09:01:00,130.709,130.725,130.694,130.709,17
2020-02-05 09:03:00,130.663,130.694,130.663,130.694,18
2020-02-05 09:04:00,130.647,130.663,130.647,130.654,36
2020-02-05 09:05:00,130.647,130.663,130.647,130.663,9
2020-02-05 09:06:00,130.616,130.647,130.616,130.631,28
2020-02-05 09:07:00,130.6,130.631,130.6,130.631,36
2020-02-05 09:08:00,130.616,130.616,130.569,130.585,52
2020-02-05 09:09:00,130.585,130.616,130.569,130.6,23
2020-02-05 09:10:00,130.585,130.6,130.585,130.6,20
2020-02-05 09:11:00,130.616,130.616,130.569,130.569,24
2020-02-05 09:12:00,130.616,130.631,130.616,130.631,2
2020-02-05 09:13:00,130.631,130.631,130.616,130.631,25
2020-02-05 09:14:00,130.631,130.647,130.631,130.647,20
2020-02-05 09:15:00,130.631,130.647,130.631,130.647,6
2020-02-05 09:16:00,130.631,130.647,130.616,130.647,21
2020-02-05 09:17:00,130.616,130.631,130.616,130.624,19
2020-02-05 09:18:00,130.647,130.647,130.631,130.631,2
2020-02-05 09:19:00,130.631,130.663,130.616,130.663,19
2020-02-05 09:20:00,130.616,130.631,130.616,130.616,19
2020-02-05 09:21:00,130.616,130.631,130.6,130.631,9
2020-02-05 09:22:00,130.616,130.631,130.6,130.6,18
2020-02-05 09:23:00,130.616,130.631,130.616,130.631,15
2020-02-05 09:24:00,130.631,130.647,130.631,130.631,25
2020-02-05 09:25:00,130.616,130.647,130.6,130.647,13
2020-02-05 09:26:00,130.585,130.631,130.585,130.631,16
2020-02-05 09:27:00,130.6,130.6,130.585,130.6,16
2020-02-05 09:28:00,130.553,130.585,130.553,130.585,14
2020-02-05 09:29:00,130.569,130.585,130.553,130.569,32
2020-02-05 09:30:00,130.553,130.569,130.538,130.553,19
2020-02-05 09:31:00,130.522,130.538,130.522,130.538,27
2020-02-05 09:32:00,130.522,130.538,130.522,130.538,23
2020-02-05 09:33:00,130.507,130.514,130.491,130.507,5
2020-02-05 09:34:00,130.507,130.522,130.507,130.522,9
2020-02-05 09:35:00,130.522,130.522,130.507,130.522,4
2020-02-05 09:36:00,130.538,130.553,130.522,130.538,34
2020-02-05 09:37:00,130.522,130.538,130.522,130.522,17
2020-02-05 09:38:00,130.522,130.553,130.522,130.538,41
2020-02-05 09:39:00,130.491,130.507,130.475,130.507,6
2020-02-05 09:40:00,130.475,130.491,130.46,130.484,19
2020-02-05 09:41:00,130.475,130.491,130.46,130.491,10
2020-02-05 09:42:00,130.491,130.491,130.475,130.491,18
2020-02-05 09:43:00,130.475,130.491,130.475,130.475,16
2020-02-05 09:44:00,130.475,130.475,130.46,130.468,5
2020-02-05 09:45:00,130.46,130.475,130.46,130.46,25
2020-02-05 09:46:00,130.475,130.475,130.46,130.475,11
2020-02-05 09:47:00,130.475,130.475,130.46,130.46,2
2020-02-05 09:48:00,130.491,130.491,130.475,130.491,11
2020-02-05 09:49:00,130.507,130.507,130.491,130.507,7
2020-02-05 09:50:00,130.507,130.522,130.491,130.491,4
2020-02-05 09:51:00,130.522,130.538,130.507,130.522,14
2020-02-05 09:52:00,130.475,130.522,130.475,130.514,23
2020-02-05 09:53:00,130.491,130.507,130.475,130.491,24
2020-02-05 09:54:00,130.475,130.507,130.46,130.507,20
2020-02-05 09:55:00,130.507,130.507,130.46,130.46,11
2020-02-05 09:56:00,130.491,130.491,130.491,130.491,1
2020-02-05 09:57:00,130.491,130.507,130.491,130.507,2
2020-02-05 09:59:00,130.491,130.507,130.475,130.484,16
2020-02-05 10:00:00,130.538,130.538,130.491,130.507,13
2020-02-05 10:01:00,130.538,130.538,130.522,130.522,13
2020-02-05 10:02:00,130.538,130.553,130.538,130.553,23
2020-02-05 10:03:00,130.538,130.553,130.538,130.553,12
2020-02-05 10:04:00,130.522,130.538,130.507,130.522,8
2020-02-05 10:05:00,130.522,130.538,130.522,130.538,2
2020-02-05 10:06:00,130.507,130.522,130.507,130.507,12
2020-02-05 10:07:00,130.491,130.491,130.491,130.491,1
2020-02-05 10:08:00,130.507,130.507,130.507,130.507,1
2020-02-05 10:09:00,130.507,130.507,130.491,130.491,8
2020-02-05 10:10:00,130.507,130.507,130.491,130.491,15
2020-02-05 10:11:00,130.491,130.498,130.491,130.498,2
2020-02-05 10:12:00,130.507,130.507,130.491,130.507,9
2020-02-05 10:13:00,130.522,130.522,130.491,130.491,3
2020-02-05 10:14:00,130.522,130.553,130.522,130.538,20
2020-02-05 10:15:00,130.522,130.538,130.522,130.538,3
2020-02-05 10:17:00,130.538,130.538,130.522,130.538,9
2020-02-05 10:19:00,130.522,130.522,130.522,130.522,1
2020-02-05 10:20:00,130.553,130.553,130.522,130.538,12
2020-02-05 10:21:00,130.553,130.553,130.538,130.546,8
2020-02-05 10:22:00,130.553,130.553,130.538,130.538,19
2020-02-05 10:23:00,130.553,130.553,130.538,130.538,11
2020-02-05 10:24:00,130.569,130.569,130.553,130.562,5
2020-02-05 10:25:00,130.553,130.569,130.553,130.562,4
2020-02-05 10:26:00,130.553,130.569,130.553,130.569,15
2020-02-05 10:27:00,130.569,130.569,130.553,130.569,11
2020-02-05 10:28:00,130.585,130.585,130.585,130.585,1
2020-02-05 10:29:00,130.569,130.585,130.569,130.569,7
2020-02-05 10:30:00,130.569,130.569,130.553,130.553,2
2020-02-05 10:31:00,130.569,130.569,130.553,130.553,2
2020-02-05 10:32:00,130.553,130.553,130.553,130.553,1
2020-02-05 10:33:00,130.538,130.569,130.538,130.569,16
2020-02-05 10:34:00,130.553,130.553,130.553,130.553,1
2020-02-05 10:35:00,130.538,130.553,130.538,130.538,10
2020-02-05 10:36:00,130.538,130.538,130.522,130.522,10
2020-02-05 10:37:00,130.522,130.538,130.522,130.522,3
2020-02-05 10:38:00,130.538,130.538,130.522,130.538,6
2020-02-05 10:39:00,130.538,130.538,130.522,130.522,2
2020-02-05 10:40:00,130.553,130.553,130.522,130.522,7
2020-02-05 10:42:00,130.553,130.553,130.538,130.538,8
2020-02-05 10:43:00,130.538,130.553,130.538,130.538,5
2020-02-05 10:45:00,130.538,130.553,130.538,130.553,2
2020-02-05 10:46:00,130.522,130.538,130.522,130.53,6
2020-02-05 10:47:00,130.538,130.538,130.53,130.53,2
2020-02-05 10:49:00,130.522,130.522,130.522,130.522,1
2020-02-05 10:51:00,130.507,130.507,130.507,130.507,1
2020-02-05 10:52:00,130.522,130.522,130.507,130.522,12
2020-02-05 10:54:00,130.507,130.507,130.507,130.507,1
2020-02-05 10:55:00,130.491,130.507,130.491,130.491,3
2020-02-05 10:56:00,130.475,130.475,130.475,130.475,1
2020-02-05 10:57:00,130.507,130.507,130.484,130.484,3
2020-02-05 11:01:00,130.507,130.507,130.491,130.491,5
2020-02-05 11:03:00,130.491,130.507,130.491,130.491,5
2020-02-05 11:04:00,130.491,130.507,130.491,130.507,13
2020-02-05 11:05:00,130.475,130.491,130.475,130.475,12
2020-02-05 11:06:00,130.475,130.491,130.475,130.491,8
2020-02-05 11:07:00,130.475,130.491,130.475,130.491,5
2020-02-05 11:08:00,130.491,130.491,130.475,130.491,15
2020-02-05 11:09:00,130.491,130.491,130.475,130.475,5
2020-02-05 11:10:00,130.522,130.522,130.475,130.475,22
2020-02-05 11:12:00,130.491,130.507,130.491,130.507,4
2020-02-05 11:13:00,130.507,130.507,130.498,130.498,2
2020-02-05 11:14:00,130.522,130.522,130.507,130.522,3
2020-02-05 11:15:00,130.507,130.507,130.507,130.507,1
2020-02-05 11:16:00,130.522,130.522,130.522,130.522,1
2020-02-05 11:17:00,130.507,130.507,130.491,130.507,3
2020-02-05 11:18:00,130.491,130.507,130.491,130.491,11
2020-02-05 11:19:00,130.491,130.507,130.491,130.507,13
2020-02-05 11:20:00,130.491,130.507,130.491,130.507,6
2020-02-05 11:21:00,130.507,130.507,130.507,130.507,1
2020-02-05 11:22:00,130.507,130.507,130.491,130.491,11
2020-02-05 11:23:00,130.491,130.491,130.491,130.491,1
2020-02-05 11:24:00,130.491,130.507,130.491,130.507,6
2020-02-05 11:26:00,130.491,130.491,130.475,130.475,2
2020-02-05 11:28:00,130.491,130.507,130.491,130.507,2
2020-02-05 11:29:00,130.491,130.491,130.475,130.475,2
2020-02-05 11:32:00,130.491,130.491,130.475,130.475,2
2020-02-05 11:34:00,130.507,130.507,130.507,130.507,1
2020-02-05 11:35:00,130.554,130.554,130.507,130.522,17
2020-02-05 11:36:00,130.554,130.585,130.538,130.569,72
2020-02-05 11:37:00,130.632,130.647,130.569,130.569,54
2020-02-05 11:38:00,130.616,130.647,130.616,130.647,31
2020-02-05 11:39:00,130.6,130.616,130.585,130.608,20
2020-02-05 11:40:00,130.6,130.6,130.569,130.592,13
2020-02-05 11:41:00,130.632,130.647,130.6,130.616,34
2020-02-05 11:42:00,130.647,130.647,130.632,130.647,9
2020-02-05 11:43:00,130.6,130.647,130.6,130.632,18
2020-02-05 11:44:00,130.585,130.6,130.569,130.592,27
2020-02-05 11:45:00,130.6,130.6,130.6,130.6,1
2020-02-05 11:46:00,130.6,130.616,130.6,130.616,4
2020-02-05 11:47:00,130.6,130.6,130.585,130.585,10
2020-02-05 11:48:00,130.585,130.6,130.585,130.592,4
2020-02-05 11:49:00,130.569,130.585,130.569,130.569,3
2020-02-05 11:50:00,130.585,130.585,130.585,130.585,1
2020-02-05 11:52:00,130.6,130.6,130.585,130.6,3
2020-02-05 11:53:00,130.569,130.592,130.569,130.592,5
2020-02-05 11:55:00,130.585,130.585,130.569,130.585,5
2020-02-05 11:56:00,130.585,130.6,130.585,130.6,2
2020-02-05 11:57:00,130.569,130.585,130.569,130.569,3
2020-02-05 11:58:00,130.585,130.585,130.585,130.585,1
2020-02-05 11:59:00,130.616,130.616,130.585,130.6,12
2020-02-05 12:00:00,130.616,130.632,130.6,130.6,26
2020-02-05 12:01:00,130.6,130.616,130.6,130.6,3
2020-02-05 12:02:00,130.6,130.616,130.6,130.616,10
2020-02-05 12:04:00,130.6,130.616,130.6,130.616,8
2020-02-05 12:06:00,130.6,130.616,130.6,130.616,5
2020-02-05 12:07:00,130.616,130.616,130.616,130.616,1
2020-02-05 12:08:00,130.6,130.616,130.6,130.6,7
2020-02-05 12:09:00,130.6,130.616,130.6,130.616,2
2020-02-05 12:10:00,130.585,130.585,130.585,130.585,1
2020-02-05 12:11:00,130.569,130.585,130.569,130.569,5
2020-02-05 12:12:00,130.554,130.554,130.554,130.554,1
2020-02-05 12:13:00,130.554,130.569,130.538,130.569,17
2020-02-05 12:14:00,130.554,130.554,130.538,130.546,10
2020-02-05 12:17:00,130.507,130.538,130.507,130.538,5
2020-02-05 12:18:00,130.491,130.491,130.491,130.491,1
2020-02-05 12:19:00,130.507,130.507,130.476,130.484,23
2020-02-05 12:20:00,130.491,130.507,130.491,130.498,13
2020-02-05 12:21:00,130.522,130.522,130.491,130.507,21
2020-02-05 12:22:00,130.507,130.507,130.507,130.507,1
2020-02-05 12:23:00,130.491,130.522,130.491,130.522,10
2020-02-05 12:24:00,130.507,130.507,130.491,130.507,4
2020-02-05 12:26:00,130.491,130.507,130.491,130.498,6
2020-02-05 12:27:00,130.491,130.507,130.491,130.507,7
2020-02-05 12:28:00,130.491,130.507,130.491,130.507,4
2020-02-05 12:29:00,130.491,130.507,130.491,130.507,9
2020-02-05 12:30:00,130.522,130.522,130.507,130.507,2
2020-02-05 12:31:00,130.522,130.522,130.507,130.507,2
2020-02-05 12:33:00,130.522,130.522,130.507,130.507,4
2020-02-05 12:34:00,130.491,130.507,130.491,130.507,2
2020-02-05 12:36:00,130.476,130.491,130.476,130.476,18
2020-02-05 12:37:00,130.476,130.491,130.476,130.491,8
2020-02-05 12:38:00,130.476,130.491,130.476,130.491,2
2020-02-05 12:40:00,130.491,130.491,130.476,130.491,3
2020-02-05 12:41:00,130.491,130.491,130.476,130.476,8
2020-02-05 12:43:00,130.491,130.507,130.491,130.5,5
2020-02-05 12:44:00,130.507,130.507,130.507,130.507,1
2020-02-05 12:45:00,130.522,130.522,130.507,130.522,6
2020-02-05 12:46:00,130.507,130.507,130.507,130.507,1
2020-02-05 12:47:00,130.507,130.522,130.507,130.522,15
2020-02-05 12:50:00,130.507,130.522,130.507,130.522,2
2020-02-05 12:52:00,130.507,130.522,130.507,130.522,2
2020-02-05 12:53:00,130.522,130.522,130.507,130.522,19
2020-02-05 12:54:00,130.507,130.507,130.507,130.507,1
2020-02-05 12:55:00,130.491,130.491,130.491,130.491,1
2020-02-05 12:56:00,130.507,130.507,130.507,130.507,1
2020-02-05 12:57:00,130.522,130.522,130.522,130.522,1
2020-02-05 12:58:00,130.507,130.507,130.507,130.507,1
2020-02-05 12:59:00,130.522,130.522,130.522,130.522,1
2020-02-05 13:00:00,130.538,130.538,130.507,130.507,19
2020-02-05 13:01:00,130.522,130.538,130.522,130.522,21
2020-02-05 13:02:00,130.491,130.507,130.491,130.507,2
2020-02-05 13:03:00,130.476,130.507,130.476,130.507,43
2020-02-05 13:06:00,130.46,130.476,130.46,130.46,10
2020-02-05 13:07:00,130.444,130.476,130.444,130.476,11
2020-02-05 13:08:00,130.429,130.46,130.429,130.46,9
2020-02-05 13:09:00,130.398,130.429,130.398,130.413,57
2020-02-05 13:10:00,130.429,130.429,130.398,130.413,22
2020-02-05 13:12:00,130.429,130.444,130.413,130.444,7
2020-02-05 13:13:00,130.382,130.429,130.366,130.42,13
2020-02-05 13:14:00,130.382,130.413,130.382,130.398,16
2020-02-05 13:15:00,130.288,130.398,130.273,130.398,321
2020-02-05 13:16:00,130.319,130.335,130.288,130.304,85
2020-02-05 13:17:00,130.351,130.351,130.319,130.335,53
2020-02-05 13:18:00,130.382,130.382,130.335,130.335,55
2020-02-05 13:19:00,130.366,130.382,130.366,130.374,29
2020-02-05 13:20:00,130.366,130.366,130.351,130.358,8
2020-02-05 13:21:00,130.366,130.382,130.351,130.358,17
2020-02-05 13:22:00,130.351,130.366,130.335,130.358,23
2020-02-05 13:23:00,130.366,130.382,130.351,130.366,9
2020-02-05 13:24:00,130.351,130.366,130.351,130.358,9
2020-02-05 13:25:00,130.382,130.382,130.351,130.366,28
2020-02-05 13:26:00,130.382,130.382,130.366,130.366,10
2020-02-05 13:27:00,130.398,130.398,130.366,130.366,27
2020-02-05 13:28:00,130.398,130.398,130.382,130.382,46
2020-02-05 13:29:00,130.366,130.382,130.366,130.382,25
2020-02-05 13:30:00,130.382,130.398,130.335,130.351,39
2020-02-05 13:31:00,130.382,130.413,130.366,130.398,18
2020-02-05 13:32:00,130.351,130.382,130.351,130.366,23
2020-02-05 13:33:00,130.351,130.366,130.351,130.366,13
2020-02-05 13:34:00,130.366,130.366,130.335,130.335,9
2020-02-05 13:35:00,130.351,130.382,130.335,130.382,52
2020-02-05 13:36:00,130.382,130.382,130.351,130.358,17
2020-02-05 13:37:00,130.351,130.366,130.351,130.366,3
2020-02-05 13:38:00,130.366,130.366,130.358,130.358,2
2020-02-05 13:39:00,130.351,130.382,130.335,130.374,21
2020-02-05 13:40:00,130.335,130.335,130.335,130.335,1
2020-02-05 13:41:00,130.351,130.351,130.335,130.351,3
2020-02-05 13:42:00,130.351,130.382,130.351,130.366,19
2020-02-05 13:43:00,130.382,130.382,130.351,130.366,7
2020-02-05 13:45:00,130.398,130.398,130.398,130.398,1
2020-02-05 13:46:00,130.382,130.429,130.382,130.406,59
2020-02-05 13:47:00,130.366,130.398,130.366,130.398,8
2020-02-05 13:48:00,130.382,130.398,130.366,130.374,22
2020-02-05 13:49:00,130.382,130.382,130.366,130.366,2
2020-02-05 13:50:00,130.398,130.398,130.366,130.398,28
2020-02-05 13:51:00,130.382,130.382,130.382,130.382,1
2020-02-05 13:52:00,130.382,130.398,130.382,130.398,34
2020-02-05 13:53:00,130.382,130.398,130.382,130.398,26
2020-02-05 13:54:00,130.382,130.398,130.382,130.398,2
2020-02-05 13:55:00,130.382,130.398,130.382,130.398,2
2020-02-05 13:56:00,130.398,130.398,130.398,130.398,1
2020-02-05 13:57:00,130.382,130.382,130.382,130.382,1
2020-02-05 13:58:00,130.398,130.398,130.398,130.398,1
2020-02-05 13:59:00,130.398,130.398,130.382,130.39,10
2020-02-05 14:00:00,130.413,130.429,130.398,130.413,19
2020-02-05 14:01:00,130.413,130.429,130.413,130.429,2
2020-02-05 14:02:00,130.413,130.429,130.413,130.429,14
2020-02-05 14:03:00,130.429,130.429,130.429,130.429,1
2020-02-05 14:05:00,130.413,130.429,130.413,130.413,7
2020-02-05 14:06:00,130.413,130.413,130.398,130.398,3
2020-02-05 14:08:00,130.429,130.429,130.429,130.429,1
2020-02-05 14:09:00,130.413,130.413,130.413,130.413,1
2020-02-05 14:11:00,130.413,130.429,130.413,130.422,3
2020-02-05 14:12:00,130.413,130.429,130.413,130.429,3
2020-02-05 14:14:00,130.429,130.429,130.429,130.429,1
2020-02-05 14:15:00,130.429,130.444,130.429,130.444,6
2020-02-05 14:18:00,130.429,130.429,130.413,130.413,18
2020-02-05 14:19:00,130.429,130.429,130.413,130.413,2
2020-02-05 14:20:00,130.413,130.413,130.413,130.413,1
2020-02-05 14:25:00,130.429,130.429,130.429,130.429,1
2020-02-05 14:26:00,130.429,130.429,130.413,130.422,40
2020-02-05 14:27:00,130.429,130.429,130.413,130.413,16
2020-02-05 14:29:00,130.413,130.429,130.413,130.413,4
2020-02-05 14:31:00,130.429,130.429,130.429,130.429,1
2020-02-05 14:32:00,130.429,130.429,130.413,130.413,7
2020-02-05 14:33:00,130.445,130.445,130.429,130.445,25
2020-02-05 14:34:00,130.476,130.491,130.46,130.46,15
2020-02-05 14:35:00,130.46,130.491,130.46,130.491,12
2020-02-05 14:36:00,130.46,130.476,130.46,130.476,11
2020-02-05 14:37:00,130.476,130.476,130.46,130.476,14
2020-02-05 14:38:00,130.46,130.476,130.46,130.46,22
2020-02-05 14:39:00,130.46,130.468,130.445,130.468,6
2020-02-05 14:40:00,130.476,130.476,130.46,130.476,16
2020-02-05 14:41:00,130.507,130.507,130.476,130.491,7
2020-02-05 14:42:00,130.491,130.507,130.491,130.491,3
2020-02-05 14:43:00,130.491,130.491,130.476,130.476,2
2020-02-05 14:44:00,130.476,130.491,130.476,130.484,13
2020-02-05 14:45:00,130.476,130.476,130.445,130.468,22
2020-02-05 14:46:00,130.476,130.476,130.46,130.468,21
2020-02-05 14:47:00,130.445,130.476,130.445,130.46,5
2020-02-05 14:48:00,130.429,130.445,130.429,130.429,3
2020-02-05 14:49:00,130.445,130.445,130.429,130.445,28
2020-02-05 14:50:00,130.445,130.445,130.429,130.429,9
2020-02-05 14:52:00,130.445,130.445,130.429,130.429,7
2020-02-05 14:53:00,130.445,130.445,130.429,130.429,9
2020-02-05 14:54:00,130.46,130.476,130.445,130.46,25
2020-02-05 14:55:00,130.445,130.46,130.445,130.445,5
2020-02-05 14:56:00,130.445,130.46,130.429,130.429,9
2020-02-05 14:57:00,130.445,130.46,130.445,130.46,7
2020-02-05 14:59:00,130.452,130.46,130.429,130.429,19
2020-02-05 15:00:00,130.413,130.46,130.413,130.445,33
2020-02-05 15:01:00,130.413,130.429,130.413,130.429,11
2020-02-05 15:02:00,130.382,130.413,130.382,130.398,15
2020-02-05 15:03:00,130.398,130.398,130.382,130.398,3
2020-02-05 15:04:00,130.413,130.429,130.398,130.406,22
2020-02-05 15:05:00,130.413,130.429,130.413,130.429,13
2020-02-05 15:06:00,130.413,130.429,130.398,130.429,6
2020-02-05 15:08:00,130.445,130.445,130.422,130.422,9
2020-02-05 15:09:00,130.429,130.429,130.429,130.429,1
2020-02-05 15:10:00,130.429,130.429,130.413,130.413,8
2020-02-05 15:11:00,130.413,130.429,130.413,130.422,4
2020-02-05 15:12:00,130.46,130.46,130.413,130.429,13
2020-02-05 15:13:00,130.445,130.46,130.445,130.445,4
2020-02-05 15:14:00,130.445,130.445,130.429,130.429,7
2020-02-05 15:15:00,130.476,130.476,130.46,130.46,11
2020-02-05 15:16:00,130.491,130.491,130.476,130.484,17
2020-02-05 15:17:00,130.491,130.491,130.476,130.476,3
2020-02-05 15:19:00,130.476,130.484,130.476,130.484,2
2020-02-05 15:20:00,130.46,130.476,130.46,130.46,10
2020-02-05 15:21:00,130.476,130.476,130.46,130.476,7
2020-02-05 15:22:00,130.476,130.491,130.46,130.46,9
2020-02-05 15:23:00,130.46,130.491,130.46,130.484,19
2020-02-05 15:24:00,130.46,130.46,130.445,130.445,4
2020-02-05 15:25:00,130.476,130.476,130.46,130.476,5
2020-02-05 15:26:00,130.491,130.491,130.476,130.484,17
2020-02-05 15:27:00,130.554,130.585,130.507,130.507,54
2020-02-05 15:28:00,130.554,130.57,130.538,130.538,31
2020-02-05 15:29:00,130.523,130.554,130.507,130.538,16
2020-02-05 15:30:00,130.538,130.538,130.507,130.507,13
2020-02-05 15:31:00,130.538,130.538,130.523,130.53,16
2020-02-05 15:32:00,130.523,130.538,130.523,130.523,5
2020-02-05 15:33:00,130.507,130.507,130.491,130.507,30
2020-02-05 15:35:00,130.507,130.523,130.491,130.523,10
2020-02-05 15:36:00,130.523,130.554,130.507,130.523,39
2020-02-05 15:37:00,130.523,130.523,130.507,130.507,21
2020-02-05 15:38:00,130.507,130.523,130.507,130.507,10
2020-02-05 15:39:00,130.523,130.538,130.507,130.523,17
2020-02-05 15:40:00,130.554,130.554,130.523,130.538,6
2020-02-05 15:41:00,130.554,130.57,130.538,130.57,16
2020-02-05 15:42:00,130.538,130.554,130.538,130.538,14
2020-02-05 15:43:00,130.554,130.57,130.546,130.546,4
2020-02-05 15:44:00,130.523,130.554,130.523,130.538,18
2020-02-05 15:45:00,130.507,130.514,130.507,130.514,2
2020-02-05 15:46:00,130.538,130.554,130.523,130.523,24
2020-02-05 15:47:00,130.538,130.538,130.523,130.523,4
2020-02-05 15:48:00,130.538,130.538,130.523,130.523,13
2020-02-05 15:49:00,130.523,130.523,130.523,130.523,1
2020-02-05 15:50:00,130.507,130.523,130.507,130.507,5
2020-02-05 15:51:00,130.538,130.538,130.514,130.514,9
2020-02-05 15:52:00,130.538,130.554,130.538,130.554,6
2020-02-05 15:53:00,130.523,130.53,130.507,130.53,21
2020-02-05 15:54:00,130.523,130.538,130.507,130.538,6
2020-02-05 15:55:00,130.507,130.523,130.507,130.514,10
2020-02-05 15:56:00,130.492,130.507,130.476,130.492,5
2020-02-05 15:57:00,130.492,130.492,130.476,130.484,19
2020-02-05 15:58:00,130.492,130.492,130.476,130.476,8
2020-02-05 15:59:00,130.492,130.507,130.476,130.476,16
2020-02-05 16:00:00,130.523,130.523,130.507,130.507,2
2020-02-05 16:01:00,130.523,130.538,130.507,130.507,15
2020-02-05 16:02:00,130.538,130.538,130.523,130.538,4
2020-02-05 16:03:00,130.57,130.57,130.554,130.554,5
2020-02-05 16:04:00,130.57,130.585,130.554,130.578,14
2020-02-05 16:05:00,130.585,130.585,130.554,130.554,8
2020-02-05 16:06:00,130.585,130.585,130.57,130.57,2
2020-02-05 16:07:00,130.554,130.585,130.554,130.57,10
2020-02-05 16:08:00,130.554,130.57,130.554,130.57,5
2020-02-05 16:09:00,130.538,130.554,130.538,130.538,4
2020-02-05 16:10:00,130.523,130.554,130.523,130.523,5
2020-02-05 16:11:00,130.538,130.538,130.523,130.538,3
2020-02-05 16:12:00,130.523,130.538,130.523,130.523,3
2020-02-05 16:13:00,130.538,130.538,130.523,130.538,11
2020-02-05 16:14:00,130.523,130.538,130.523,130.523,3
2020-02-05 16:15:00,130.523,130.523,130.507,130.514,12
2020-02-05 16:21:00,130.523,130.538,130.523,130.538,9
2020-02-05 16:22:00,130.523,130.538,130.523,130.538,2
2020-02-05 16:24:00,130.523,130.538,130.523,130.53,6
2020-02-05 16:25:00,130.538,130.538,130.538,130.538,1
2020-02-05 16:26:00,130.538,130.554,130.538,130.554,7
2020-02-05 16:27:00,130.57,130.57,130.554,130.554,5
2020-02-05 16:28:00,130.57,130.57,130.554,130.562,7
2020-02-05 16:29:00,130.538,130.554,130.538,130.554,2
2020-02-05 16:30:00,130.554,130.554,130.538,130.554,3
2020-02-05 16:31:00,130.538,130.554,130.538,130.538,3
2020-02-05 16:33:00,130.554,130.554,130.538,130.554,5
2020-02-05 16:34:00,130.538,130.538,130.538,130.538,1
2020-02-05 16:37:00,130.554,130.554,130.538,130.554,3
2020-02-05 16:39:00,130.538,130.554,130.538,130.538,3
2020-02-05 16:40:00,130.554,130.554,130.538,130.546,7
2020-02-05 16:42:00,130.554,130.554,130.538,130.538,8
2020-02-05 16:43:00,130.554,130.57,130.554,130.57,3
2020-02-05 16:44:00,130.538,130.546,130.538,130.546,2
2020-02-05 16:49:00,130.523,130.53,130.523,130.53,2
2020-02-05 16:51:00,130.523,130.523,130.507,130.507,3
2020-02-05 16:52:00,130.523,130.523,130.507,130.507,2
2020-02-05 16:53:00,130.507,130.523,130.507,130.507,4
2020-02-05 16:55:00,130.492,130.492,130.492,130.492,1
2020-02-05 16:57:00,130.476,130.492,130.476,130.476,4
2020-02-05 16:58:00,130.445,130.492,130.445,130.492,7
2020-02-05 16:59:00,130.476,130.476,130.445,130.46,14
2020-02-05 17:00:00,130.46,130.46,130.46,130.46,1
2020-02-05 17:02:00,130.46,130.46,130.445,130.445,6
2020-02-05 17:03:00,130.46,130.476,130.46,130.476,7
2020-02-05 17:06:00,130.46,130.476,130.46,130.476,2
2020-02-05 17:09:00,130.476,130.476,130.476,130.476,1
2020-02-05 17:10:00,130.46,130.46,130.46,130.46,1
2020-02-05 17:11:00,130.46,130.476,130.46,130.468,8
2020-02-05 17:12:00,130.46,130.476,130.46,130.476,19
2020-02-05 17:15:00,130.46,130.476,130.46,130.468,5
2020-02-05 17:17:00,130.46,130.476,130.46,130.476,12
2020-02-05 17:18:00,130.46,130.46,130.445,130.445,6
2020-02-05 17:19:00,130.46,130.46,130.445,130.445,2
2020-02-05 17:22:00,130.476,130.476,130.46,130.476,4
2020-02-05 17:24:00,130.46,130.476,130.46,130.46,9
2020-02-05 17:25:00,130.445,130.445,130.445,130.445,1
2020-02-05 17:26:00,130.46,130.46,130.445,130.46,5
2020-02-05 17:27:00,130.46,130.46,130.445,130.445,5
2020-02-05 17:28:00,130.445,130.445,130.445,130.445,1
2020-02-05 17:29:00,130.46,130.46,130.445,130.452,6
2020-02-05 17:30:00,130.46,130.46,130.445,130.445,2
2020-02-05 17:31:00,130.445,130.46,130.445,130.445,3
2020-02-05 17:33:00,130.445,130.445,130.429,130.429,2
2020-02-05 17:34:00,130.445,130.445,130.429,130.429,8
2020-02-05 17:35:00,130.445,130.445,130.429,130.429,4
2020-02-05 17:36:00,130.429,130.445,130.429,130.429,3
2020-02-05 17:37:00,130.429,130.445,130.429,130.436,5
2020-02-05 17:38:00,130.429,130.429,130.414,130.414,9
2020-02-05 17:39:00,130.414,130.429,130.414,130.414,9
2020-02-05 17:40:00,130.429,130.429,130.414,130.429,31
2020-02-05 17:41:00,130.429,130.429,130.414,130.414,2
2020-02-05 17:44:00,130.429,130.429,130.414,130.414,2
2020-02-05 17:45:00,130.445,130.445,130.429,130.445,9
2020-02-05 17:46:00,130.445,130.445,130.429,130.429,2
2020-02-05 17:50:00,130.445,130.445,130.429,130.438,3
2020-02-05 17:51:00,130.46,130.46,130.445,130.46,6
2020-02-05 17:55:00,130.46,130.476,130.46,130.476,2
2020-02-05 17:56:00,130.46,130.46,130.445,130.445,2
2020-02-05 18:04:00,130.476,130.476,130.46,130.476,3
2020-02-05 18:07:00,130.476,130.492,130.476,130.492,12
2020-02-05 18:10:00,130.476,130.492,130.476,130.484,10
2020-02-05 18:15:00,130.46,130.476,130.46,130.46,3
2020-02-05 18:16:00,130.476,130.476,130.476,130.476,1
2020-02-05 18:24:00,130.492,130.492,130.484,130.484,2
2020-02-05 18:28:00,130.476,130.484,130.476,130.484,2
2020-02-05 18:30:00,130.492,130.492,130.476,130.484,7
2020-02-05 18:32:00,130.476,130.476,130.476,130.476,1
2020-02-05 18:41:00,130.476,130.492,130.476,130.492,5
2020-02-05 18:44:00,130.461,130.461,130.461,130.461,1
2020-02-05 18:50:00,130.461,130.476,130.461,130.476,5
2020-02-05 18:57:00,130.445,130.461,130.445,130.445,8
2020-02-05 18:58:00,130.461,130.461,130.452,130.452,2
2020-02-05 19:03:00,130.476,130.476,130.476,130.476,1
2020-02-05 19:04:00,130.461,130.468,130.461,130.468,2
2020-02-05 19:06:00,130.476,130.476,130.468,130.468,2
2020-02-05 19:07:00,130.492,130.492,130.492,130.492,1
2020-02-05 19:08:00,130.507,130.507,130.492,130.507,5
2020-02-05 19:09:00,130.507,130.507,130.492,130.492,12
2020-02-05 19:10:00,130.507,130.507,130.492,130.492,7
2020-02-05 19:16:00,130.492,130.492,130.492,130.492,1
2020-02-05 19:21:00,130.507,130.507,130.507,130.507,1
2020-02-05 19:24:00,130.492,130.492,130.492,130.492,1
2020-02-05 19:25:00,130.492,130.507,130.492,130.507,3
2020-02-05 19:26:00,130.507,130.507,130.507,130.507,1
2020-02-05 19:30:00,130.523,130.523,130.523,130.523,1
2020-02-05 19:31:00,130.507,130.523,130.507,130.507,7
2020-02-05 19:33:00,130.507,130.523,130.507,130.523,4
2020-02-05 19:36:00,130.507,130.523,130.507,130.523,10
2020-02-05 19:37:00,130.507,130.523,130.507,130.516,5
2020-02-05 19:41:00,130.492,130.5,130.492,130.5,2
2020-02-05 19:42:00,130.476,130.492,130.476,130.476,9
2020-02-05 19:44:00,130.461,130.468,130.461,130.468,2
2020-02-05 19:48:00,130.445,130.461,130.445,130.445,7
2020-02-05 19:49:00,130.461,130.461,130.461,130.461,1
2020-02-05 19:50:00,130.445,130.445,130.445,130.445,1
2020-02-05 19:54:00,130.445,130.445,130.429,130.429,2
2020-02-05 19:55:00,130.429,130.445,130.429,130.429,11
2020-02-05 19:57:00,130.445,130.445,130.445,130.445,1
2020-02-05 19:59:00,130.461,130.461,130.461,130.461,1
2020-02-05 20:00:00,130.461,130.476,130.445,130.445,22
2020-02-05 20:01:00,130.445,130.452,130.445,130.452,2
2020-02-05 20:02:00,130.461,130.461,130.445,130.461,21
2020-02-05 20:04:00,130.476,130.476,130.476,130.476,1
2020-02-05 20:05:00,130.461,130.461,130.461,130.461,1
2020-02-05 20:14:00,130.461,130.476,130.461,130.476,19
2020-02-05 20:15:00,130.476,130.476,130.461,130.468,3
2020-02-05 20:16:00,130.476,130.476,130.461,130.461,2
2020-02-05 20:17:00,130.476,130.476,130.468,130.468,2
2020-02-05 20:18:00,130.461,130.476,130.461,130.461,7
2020-02-05 20:21:00,130.461,130.461,130.445,130.452,18
2020-02-05 20:22:00,130.461,130.461,130.445,130.445,12
2020-02-05 20:23:00,130.445,130.461,130.445,130.445,7
2020-02-05 20:24:00,130.445,130.445,130.429,130.429,2
2020-02-05 20:25:00,130.445,130.445,130.429,130.429,7
2020-02-05 20:26:00,130.445,130.445,130.429,130.429,18
2020-02-05 20:27:00,130.445,130.445,130.429,130.429,9
2020-02-05 20:28:00,130.429,130.429,130.429,130.429,1
2020-02-05 20:31:00,130.414,130.429,130.414,130.414,11
2020-02-05 20:32:00,130.429,130.429,130.414,130.429,5
2020-02-05 20:36:00,130.429,130.429,130.414,130.414,14
2020-02-05 20:37:00,130.429,130.429,130.414,130.422,7
2020-02-05 20:38:00,130.414,130.429,130.414,130.414,7
2020-02-05 20:41:00,130.398,130.414,130.398,130.398,9
2020-02-05 20:44:00,130.414,130.414,130.398,130.414,12
2020-02-05 20:45:00,130.414,130.429,130.414,130.429,2
2020-02-05 20:49:00,130.414,130.429,130.398,130.406,28
2020-02-05 20:50:00,130.445,130.445,130.429,130.429,3
2020-02-05 20:53:00,130.445,130.461,130.445,130.461,9
2020-02-05 20:54:00,130.445,130.461,130.429,130.452,28
2020-02-05 20:58:00,130.429,130.429,130.429,130.429,1
2020-02-05 21:02:00,130.445,130.445,130.445,130.445,1
2020-02-05 21:03:00,130.445,130.445,130.429,130.429,25
2020-02-05 21:05:00,130.429,130.445,130.429,130.429,19
2020-02-05 21:06:00,130.445,130.445,130.438,130.438,2
2020-02-05 21:08:00,130.445,130.461,130.445,130.452,3
2020-02-05 21:09:00,130.429,130.429,130.429,130.429,1
2020-02-05 21:10:00,130.429,130.445,130.429,130.438,6
2020-02-05 21:15:00,130.429,130.445,130.429,130.445,2
2020-02-05 21:16:00,130.414,130.414,130.414,130.414,1
2020-02-05 21:18:00,130.429,130.429,130.414,130.422,4
2020-02-05 21:20:00,130.414,130.429,130.414,130.414,4
2020-02-05 21:25:00,130.429,130.429,130.422,130.422,2
2020-02-05 21:30:00,130.445,130.445,130.438,130.438,2
2020-02-05 21:31:00,130.476,130.476,130.461,130.461,20
2020-02-05 21:32:00,130.461,130.476,130.461,130.461,25
2020-02-05 21:33:00,130.461,130.476,130.461,130.476,4
2020-02-05 21:39:00,130.445,130.461,130.445,130.445,8
2020-02-05 21:42:00,130.461,130.461,130.461,130.461,1
2020-02-05 21:50:00,130.445,130.445,130.445,130.445,1
2020-02-05 21:52:00,130.43,130.445,130.43,130.43,29
2020-02-05 21:53:00,130.445,130.445,130.445,130.445,1
2020-02-05 21:54:00,130.445,130.445,130.43,130.43,2
2020-02-05 21:56:00,130.445,130.445,130.43,130.438,3
2020-02-05 21:57:00,130.43,130.445,130.43,130.43,4
2020-02-05 21:58:00,130.43,130.445,130.43,130.445,5
2020-02-05 21:59:00,130.43,130.43,130.43,130.43,1
2020-02-05 23:00:00,130.383,130.398,130.383,130.383,53
2020-02-05 23:01:00,130.383,130.398,130.383,130.39,31
2020-02-05 23:02:00,130.383,130.398,130.383,130.39,6
2020-02-05 23:03:00,130.383,130.398,130.383,130.398,4
2020-02-05 23:04:00,130.398,130.398,130.383,130.398,10
2020-02-05 23:05:00,130.383,130.383,130.383,130.383,1
2020-02-05 23:07:00,130.398,130.398,130.398,130.398,1
2020-02-05 23:16:00,130.414,130.414,130.398,130.406,4
2020-02-05 23:18:00,130.414,130.414,130.398,130.398,2
2020-02-05 23:23:00,130.414,130.414,130.398,130.398,2
2020-02-05 23:24:00,130.398,130.414,130.398,130.398,3
2020-02-05 23:25:00,130.398,130.414,130.398,130.414,2
2020-02-05 23:32:00,130.383,130.398,130.383,130.383,3
2020-02-05 23:33:00,130.43,130.43,130.406,130.406,3
2020-02-05 23:41:00,130.43,130.445,130.43,130.445,4
2020-02-05 23:42:00,130.43,130.445,130.43,130.445,2
2020-02-05 23:45:00,130.445,130.445,130.43,130.445,3
2020-02-05 23:46:00,130.445,130.445,130.43,130.438,6
2020-02-05 23:48:00,130.461,130.461,130.445,130.461,3
2020-02-05 23:50:00,130.461,130.461,130.445,130.445,5
2020-02-06 00:00:00,130.477,130.477,130.461,130.477,13
2020-02-06 00:04:00,130.477,130.492,130.477,130.492,2
2020-02-06 00:06:00,130.461,130.468,130.461,130.468,2
2020-02-06 00:07:00,130.43,130.445,130.43,130.445,18
2020-02-06 00:09:00,130.445,130.445,130.43,130.438,9
2020-02-06 00:10:00,130.445,130.445,130.43,130.43,2
2020-02-06 00:16:00,130.445,130.461,130.445,130.454,10
2020-02-06 00:17:00,130.461,130.461,130.461,130.461,1
2020-02-06 00:19:00,130.461,130.461,130.445,130.445,8
2020-02-06 00:20:00,130.445,130.461,130.445,130.445,4
2020-02-06 00:21:00,130.43,130.461,130.414,130.461,5
2020-02-06 00:23:00,130.445,130.445,130.445,130.445,1
2020-02-06 00:24:00,130.461,130.461,130.461,130.461,1
2020-02-06 00:30:00,130.461,130.477,130.461,130.477,5
2020-02-06 00:31:00,130.461,130.461,130.445,130.445,2
2020-02-06 00:32:00,130.445,130.454,130.445,130.454,2
2020-02-06 00:33:00,130.461,130.461,130.461,130.461,1
2020-02-06 00:40:00,130.445,130.461,130.445,130.445,5
2020-02-06 00:41:00,130.399,130.43,130.399,130.43,7
2020-02-06 00:42:00,130.399,130.414,130.383,130.414,12
2020-02-06 00:43:00,130.414,130.414,130.383,130.39,9
2020-02-06 00:46:00,130.414,130.43,130.414,130.422,3
2020-02-06 00:47:00,130.43,130.43,130.414,130.422,23
2020-02-06 00:48:00,130.445,130.445,130.43,130.445,3
2020-02-06 00:49:00,130.461,130.461,130.461,130.461,1
2020-02-06 00:50:00,130.445,130.461,130.43,130.445,12
2020-02-06 00:53:00,130.461,130.461,130.461,130.461,1
2020-02-06 00:54:00,130.461,130.477,130.461,130.477,9
2020-02-06 00:56:00,130.461,130.477,130.461,130.468,3
2020-02-06 00:57:00,130.477,130.477,130.477,130.477,1
2020-02-06 01:00:00,130.477,130.477,130.461,130.461,6
2020-02-06 01:02:00,130.461,130.461,130.461,130.461,1
2020-02-06 01:03:00,130.461,130.477,130.461,130.477,9
2020-02-06 01:07:00,130.461,130.477,130.461,130.468,7
2020-02-06 01:08:00,130.445,130.461,130.445,130.445,3
2020-02-06 01:09:00,130.461,130.461,130.461,130.461,1
2020-02-06 01:10:00,130.461,130.461,130.445,130.445,2
2020-02-06 01:12:00,130.461,130.461,130.445,130.445,4
2020-02-06 01:13:00,130.445,130.461,130.445,130.445,3
2020-02-06 01:15:00,130.43,130.43,130.399,130.43,13
2020-02-06 01:16:00,130.414,130.43,130.414,130.414,8
2020-02-06 01:17:00,130.399,130.414,130.399,130.399,6
2020-02-06 01:18:00,130.399,130.399,130.383,130.383,15
2020-02-06 01:20:00,130.399,130.414,130.399,130.414,2
2020-02-06 01:21:00,130.414,130.414,130.399,130.414,4
2020-02-06 01:22:00,130.414,130.414,130.399,130.399,7
2020-02-06 01:23:00,130.414,130.414,130.399,130.399,7
2020-02-06 01:24:00,130.399,130.414,130.39,130.399,5
2020-02-06 01:26:00,130.414,130.414,130.383,130.383,5
2020-02-06 01:27:00,130.43,130.43,130.43,130.43,1
2020-02-06 01:29:00,130.399,130.399,130.399,130.399,1
2020-02-06 01:30:00,130.43,130.43,130.399,130.414,4
2020-02-06 01:31:00,130.445,130.445,130.43,130.445,3
2020-02-06 01:32:00,130.461,130.461,130.445,130.461,3
2020-02-06 01:33:00,130.445,130.445,130.445,130.445,1
2020-02-06 01:34:00,130.461,130.461,130.445,130.461,7
2020-02-06 01:36:00,130.461,130.461,130.445,130.445,5
2020-02-06 01:37:00,130.446,130.461,130.446,130.446,13
2020-02-06 01:38:00,130.43,130.446,130.43,130.43,5
2020-02-06 01:39:00,130.43,130.446,130.43,130.446,4
2020-02-06 01:40:00,130.446,130.446,130.43,130.438,4
2020-02-06 01:43:00,130.461,130.461,130.454,130.461,3
2020-02-06 01:44:00,130.446,130.446,130.446,130.446,1
2020-02-06 01:45:00,130.446,130.461,130.446,130.461,2
2020-02-06 01:46:00,130.446,130.461,130.446,130.461,4
2020-02-06 01:47:00,130.446,130.461,130.446,130.461,4
2020-02-06 01:49:00,130.446,130.461,130.446,130.461,2
2020-02-06 01:50:00,130.461,130.461,130.446,130.461,3
2020-02-06 01:53:00,130.461,130.461,130.446,130.446,2
2020-02-06 02:00:00,130.461,130.461,130.446,130.446,6
2020-02-06 02:02:00,130.446,130.461,130.446,130.446,3
2020-02-06 02:05:00,130.43,130.446,130.43,130.43,3
2020-02-06 02:07:00,130.446,130.446,130.43,130.446,9
2020-02-06 02:08:00,130.43,130.446,130.43,130.43,16
2020-02-06 02:09:00,130.43,130.446,130.43,130.438,6
2020-02-06 02:11:00,130.43,130.43,130.414,130.414,8
2020-02-06 02:12:00,130.446,130.446,130.446,130.446,1
2020-02-06 02:13:00,130.446,130.446,130.43,130.43,3
2020-02-06 02:14:00,130.43,130.43,130.43,130.43,1
2020-02-06 02:15:00,130.446,130.446,130.446,130.446,1
2020-02-06 02:17:00,130.446,130.446,130.43,130.43,2
2020-02-06 02:18:00,130.43,130.446,130.414,130.43,6
2020-02-06 02:21:00,130.43,130.446,130.43,130.438,3
2020-02-06 02:25:00,130.414,130.43,130.414,130.414,18
2020-02-06 02:26:00,130.43,130.43,130.414,130.43,3
2020-02-06 02:29:00,130.414,130.43,130.414,130.414,4
2020-02-06 02:32:00,130.414,130.422,130.414,130.422,2
2020-02-06 02:33:00,130.43,130.43,130.414,130.422,4
2020-02-06 02:34:00,130.446,130.446,130.446,130.446,1
2020-02-06 02:36:00,130.43,130.43,130.43,130.43,1
2020-02-06 02:37:00,130.43,130.446,130.43,130.446,4
2020-02-06 02:40:00,130.43,130.43,130.414,130.414,2
2020-02-06 02:41:00,130.43,130.43,130.414,130.414,2
2020-02-06 02:42:00,130.43,130.43,130.414,130.414,2
2020-02-06 02:44:00,130.414,130.43,130.414,130.414,3
2020-02-06 02:48:00,130.43,130.43,130.43,130.43,1
2020-02-06 02:49:00,130.414,130.43,130.414,130.414,5
2020-02-06 02:50:00,130.43,130.43,130.43,130.43,1
2020-02-06 02:55:00,130.43,130.43,130.414,130.414,2
2020-02-06 02:59:00,130.414,130.414,130.414,130.414,1
2020-02-06 03:03:00,130.414,130.43,130.414,130.43,5
2020-02-06 03:06:00,130.414,130.414,130.399,130.399,2
2020-02-06 03:07:00,130.399,130.414,130.399,130.399,3
2020-02-06 03:08:00,130.414,130.414,130.414,130.414,1
2020-02-06 03:10:00,130.414,130.414,130.399,130.399,3
2020-02-06 03:17:00,130.43,130.43,130.414,130.43,4
2020-02-06 03:18:00,130.414,130.414,130.414,130.414,1
2020-02-06 03:23:00,130.414,130.43,130.414,130.422,3
2020-02-06 03:27:00,130.414,130.43,130.414,130.43,2
2020-02-06 03:28:00,130.414,130.43,130.414,130.422,3
2020-02-06 03:29:00,130.43,130.43,130.43,130.43,1
2020-02-06 03:35:00,130.43,130.43,130.414,130.422,3
2020-02-06 03:37:00,130.414,130.414,130.414,130.414,1
2020-02-06 03:42:00,130.43,130.43,130.43,130.43,1
2020-02-06 03:45:00,130.414,130.43,130.414,130.414,6
2020-02-06 03:46:00,130.43,130.43,130.43,130.43,1
2020-02-06 03:47:00,130.414,130.43,130.414,130.422,5
2020-02-06 03:50:00,130.414,130.43,130.414,130.422,4
2020-02-06 03:52:00,130.414,130.43,130.414,130.43,4
2020-02-06 04:00:00,130.43,130.43,130.414,130.43,3
2020-02-06 04:01:00,130.414,130.414,130.414,130.414,1
2020-02-06 04:03:00,130.368,130.399,130.368,130.399,12
2020-02-06 04:04:00,130.368,130.383,130.352,130.383,4
2020-02-06 04:05:00,130.352,130.383,130.352,130.383,8
2020-02-06 04:06:00,130.336,130.352,130.336,130.336,9
2020-02-06 04:07:00,130.336,130.336,130.321,130.321,4
2020-02-06 04:08:00,130.321,130.321,130.305,130.321,3
2020-02-06 04:09:00,130.29,130.305,130.274,130.305,15
2020-02-06 04:12:00,130.305,130.305,130.305,130.305,1
2020-02-06 04:13:00,130.29,130.29,130.29,130.29,1
2020-02-06 04:14:00,130.274,130.274,130.274,130.274,1
2020-02-06 04:15:00,130.274,130.274,130.266,130.266,2
2020-02-06 04:16:00,130.258,130.274,130.258,130.258,10
2020-02-06 04:17:00,130.258,130.274,130.258,130.274,3
2020-02-06 04:18:00,130.274,130.274,130.274,130.274,1
2020-02-06 04:20:00,130.258,130.258,130.258,130.258,1
2020-02-06 04:22:00,130.274,130.274,130.258,130.274,5
2020-02-06 04:23:00,130.274,130.274,130.258,130.258,10
2020-02-06 04:24:00,130.274,130.274,130.258,130.258,5
2020-02-06 04:25:00,130.258,130.274,130.258,130.266,8
2020-02-06 04:26:00,130.274,130.274,130.274,130.274,1
2020-02-06 04:27:00,130.258,130.274,130.258,130.258,4
2020-02-06 04:28:00,130.274,130.274,130.274,130.274,1
2020-02-06 04:30:00,130.258,130.258,130.258,130.258,1
2020-02-06 04:31:00,130.258,130.274,130.258,130.274,2
2020-02-06 04:34:00,130.274,130.274,130.274,130.274,1
2020-02-06 04:35:00,130.258,130.274,130.258,130.258,8
2020-02-06 04:39:00,130.258,130.274,130.258,130.274,2
2020-02-06 04:45:00,130.243,130.258,130.243,130.25,12
2020-02-06 04:46:00,130.258,130.258,130.25,130.25,2
2020-02-06 04:47:00,130.243,130.243,130.243,130.243,1
2020-02-06 04:49:00,130.212,130.227,130.212,130.227,10
2020-02-06 04:50:00,130.212,130.212,130.196,130.204,3
2020-02-06 04:51:00,130.196,130.212,130.196,130.196,10
2020-02-06 04:52:00,130.196,130.212,130.196,130.212,10
2020-02-06 04:53:00,130.212,130.212,130.196,130.212,14
2020-02-06 04:54:00,130.196,130.212,130.196,130.196,3
2020-02-06 04:58:00,130.196,130.212,130.196,130.212,7
2020-02-06 04:59:00,130.196,130.212,130.196,130.204,3
2020-02-06 05:00:00,130.212,130.212,130.212,130.212,1
2020-02-06 05:02:00,130.196,130.212,130.196,130.196,6
2020-02-06 05:04:00,130.165,130.196,130.165,130.18,9
2020-02-06 05:05:00,130.18,130.18,130.165,130.18,3
2020-02-06 05:06:00,130.149,130.165,130.134,130.165,33
2020-02-06 05:07:00,130.149,130.149,130.134,130.134,9
2020-02-06 05:10:00,130.165,130.165,130.165,130.165,1
2020-02-06 05:11:00,130.18,130.18,130.165,130.18,5
2020-02-06 05:14:00,130.196,130.196,130.18,130.196,17
2020-02-06 05:16:00,130.196,130.196,130.18,130.18,16
2020-02-06 05:17:00,130.196,130.196,130.18,130.18,5
2020-02-06 05:23:00,130.227,130.227,130.212,130.212,6
2020-02-06 05:25:00,130.212,130.212,130.212,130.212,1
2020-02-06 05:26:00,130.212,130.212,130.196,130.196,3
2020-02-06 05:28:00,130.196,130.196,130.196,130.196,1
2020-02-06 05:30:00,130.196,130.196,130.18,130.18,2
2020-02-06 05:31:00,130.18,130.196,130.18,130.188,7
2020-02-06 05:33:00,130.18,130.18,130.165,130.165,5
2020-02-06 05:34:00,130.18,130.18,130.165,130.165,7
2020-02-06 05:38:00,130.196,130.196,130.18,130.196,7
2020-02-06 05:40:00,130.196,130.212,130.196,130.212,2
2020-02-06 05:46:00,130.18,130.196,130.18,130.18,10
2020-02-06 05:48:00,130.18,130.196,130.18,130.188,8
2020-02-06 05:49:00,130.196,130.196,130.18,130.196,6
2020-02-06 05:50:00,130.196,130.196,130.18,130.18,4
2020-02-06 05:52:00,130.196,130.196,130.18,130.18,2
2020-02-06 05:55:00,130.212,130.212,130.196,130.212,10
2020-02-06 05:56:00,130.196,130.196,130.196,130.196,1
2020-02-06 05:58:00,130.212,130.212,130.196,130.212,10
2020-02-06 06:00:00,130.212,130.227,130.212,130.22,4
2020-02-06 06:02:00,130.212,130.227,130.204,130.227,6
2020-02-06 06:03:00,130.212,130.212,130.196,130.196,2
2020-02-06 06:04:00,130.196,130.212,130.196,130.196,5
2020-02-06 06:05:00,130.196,130.212,130.196,130.212,10
2020-02-06 06:06:00,130.196,130.212,130.196,130.212,10
2020-02-06 06:09:00,130.18,130.18,130.18,130.18,1
2020-02-06 06:10:00,130.196,130.196,130.196,130.196,1
2020-02-06 06:11:00,130.196,130.196,130.18,130.18,11
2020-02-06 06:13:00,130.212,130.212,130.196,130.212,3
2020-02-06 06:14:00,130.212,130.212,130.196,130.196,6
2020-02-06 06:16:00,130.212,130.212,130.196,130.204,9
2020-02-06 06:17:00,130.212,130.212,130.196,130.196,4
2020-02-06 06:18:00,130.212,130.212,130.196,130.204,4
2020-02-06 06:21:00,130.227,130.227,130.212,130.227,3
2020-02-06 06:24:00,130.227,130.243,130.227,130.243,2
2020-02-06 06:28:00,130.227,130.243,130.227,130.243,8
2020-02-06 06:29:00,130.227,130.243,130.212,130.243,17
2020-02-06 06:30:00,130.227,130.227,130.212,130.212,6
2020-02-06 06:32:00,130.227,130.227,130.212,130.212,4
2020-02-06 06:35:00,130.243,130.243,130.243,130.243,1
2020-02-06 06:41:00,130.259,130.259,130.243,130.259,3
2020-02-06 06:42:00,130.243,130.243,130.243,130.243,1
2020-02-06 06:46:00,130.243,130.259,130.243,130.259,4
2020-02-06 06:47:00,130.259,130.259,130.243,130.259,3
2020-02-06 06:49:00,130.259,130.274,130.259,130.274,2
2020-02-06 06:50:00,130.274,130.274,130.259,130.274,11
2020-02-06 06:51:00,130.274,130.29,130.274,130.29,4
2020-02-06 06:53:00,130.29,130.29,130.274,130.29,7
2020-02-06 06:54:00,130.29,130.29,130.274,130.274,4
2020-02-06 06:56:00,130.321,130.321,130.298,130.298,3
2020-02-06 06:58:00,130.337,130.337,130.337,130.337,1
2020-02-06 07:00:00,130.368,130.368,130.321,130.321,29
2020-02-06 07:01:00,130.384,130.399,130.368,130.376,15
2020-02-06 07:02:00,130.399,130.399,130.384,130.399,7
2020-02-06 07:03:00,130.384,130.399,130.384,130.384,12
2020-02-06 07:04:00,130.384,130.384,130.368,130.368,18
2020-02-06 07:05:00,130.368,130.384,130.368,130.376,21
2020-02-06 07:06:00,130.368,130.384,130.368,130.384,12
2020-02-06 07:12:00,130.352,130.352,130.352,130.352,1
2020-02-06 07:13:00,130.368,130.368,130.368,130.368,1
2020-02-06 07:14:00,130.337,130.352,130.337,130.352,2
2020-02-06 07:15:00,130.352,130.352,130.337,130.352,11
2020-02-06 07:16:00,130.337,130.337,130.328,130.337,3
2020-02-06 07:17:00,130.321,130.321,130.321,130.321,1
2020-02-06 07:18:00,130.352,130.352,130.337,130.337,11
2020-02-06 07:19:00,130.337,130.352,130.337,130.337,3
2020-02-06 07:20:00,130.321,130.352,130.321,130.352,7
2020-02-06 07:21:00,130.337,130.337,130.337,130.337,1
2020-02-06 07:22:00,130.321,130.321,130.305,130.321,9
2020-02-06 07:23:00,130.337,130.337,130.328,130.328,2
2020-02-06 07:24:00,130.352,130.352,130.321,130.321,15
2020-02-06 07:25:00,130.337,130.352,130.337,130.337,3
2020-02-06 07:26:00,130.337,130.352,130.337,130.352,6
2020-02-06 07:27:00,130.337,130.352,130.337,130.352,8
2020-02-06 07:28:00,130.321,130.337,130.321,130.321,8
2020-02-06 07:30:00,130.337,130.337,130.321,130.337,15
2020-02-06 07:31:00,130.337,130.337,130.321,130.321,2
2020-02-06 07:34:00,130.321,130.321,130.321,130.321,1
2020-02-06 07:35:00,130.352,130.352,130.328,130.328,3
2020-02-06 07:36:00,130.368,130.368,130.337,130.337,8
2020-02-06 07:37:00,130.352,130.352,130.352,130.352,1
2020-02-06 07:38:00,130.337,130.352,130.337,130.337,16
2020-02-06 07:39:00,130.352,130.352,130.337,130.352,3
2020-02-06 07:43:00,130.368,130.368,130.368,130.368,1
2020-02-06 07:44:00,130.384,130.384,130.368,130.384,9
2020-02-06 07:45:00,130.384,130.384,130.368,130.368,10
2020-02-06 07:47:00,130.384,130.384,130.368,130.368,4
2020-02-06 07:48:00,130.384,130.384,130.368,130.368,5
2020-02-06 07:50:00,130.368,130.384,130.368,130.368,5
2020-02-06 07:51:00,130.368,130.384,130.352,130.384,11
2020-02-06 07:53:00,130.368,130.368,130.352,130.352,5
2020-02-06 07:54:00,130.352,130.352,130.352,130.352,1
2020-02-06 07:55:00,130.337,130.352,130.337,130.337,3
2020-02-06 07:56:00,130.321,130.337,130.321,130.321,23
2020-02-06 07:58:00,130.321,130.321,130.306,130.306,2
2020-02-06 07:59:00,130.337,130.337,130.337,130.337,1
2020-02-06 08:00:00,130.352,130.352,130.352,130.352,1
2020-02-06 08:01:00,130.352,130.368,130.352,130.368,5
2020-02-06 08:02:00,130.321,130.352,130.321,130.337,11
2020-02-06 08:03:00,130.29,130.337,130.29,130.328,23
2020-02-06 08:04:00,130.306,130.306,130.274,130.274,20
2020-02-06 08:05:00,130.29,130.306,130.29,130.29,5
2020-02-06 08:06:00,130.29,130.29,130.274,130.274,7
2020-02-06 08:07:00,130.29,130.29,130.274,130.274,6
2020-02-06 08:08:00,130.29,130.306,130.29,130.306,13
2020-02-06 08:09:00,130.29,130.306,130.29,130.306,17
2020-02-06 08:10:00,130.29,130.306,130.29,130.306,9
2020-02-06 08:11:00,130.306,130.306,130.29,130.306,10
2020-02-06 08:13:00,130.306,130.306,130.29,130.29,2
2020-02-06 08:14:00,130.306,130.306,130.29,130.29,5
2020-02-06 08:15:00,130.29,130.298,130.274,130.298,9
2020-02-06 08:16:00,130.274,130.306,130.274,130.298,11
2020-02-06 08:17:00,130.274,130.274,130.259,130.259,5
2020-02-06 08:18:00,130.274,130.274,130.259,130.259,4
2020-02-06 08:19:00,130.274,130.274,130.259,130.259,8
2020-02-06 08:21:00,130.259,130.274,130.259,130.259,3
2020-02-06 08:22:00,130.259,130.274,130.259,130.274,6
2020-02-06 08:24:00,130.274,130.274,130.259,130.274,6
2020-02-06 08:25:00,130.259,130.274,130.259,130.259,3
2020-02-06 08:26:00,130.243,130.243,130.243,130.243,1
2020-02-06 08:27:00,130.274,130.274,130.243,130.259,7
2020-02-06 08:28:00,130.29,130.29,130.29,130.29,1
2020-02-06 08:30:00,130.243,130.274,130.243,130.274,7
2020-02-06 08:31:00,130.259,130.259,130.243,130.259,5
2020-02-06 08:32:00,130.274,130.274,130.266,130.266,2
2020-02-06 08:33:00,130.29,130.29,130.274,130.29,11
2020-02-06 08:34:00,130.274,130.282,130.274,130.282,2
2020-02-06 08:35:00,130.29,130.29,130.274,130.29,3
2020-02-06 08:39:00,130.29,130.29,130.274,130.274,8
2020-02-06 08:41:00,130.259,130.274,130.259,130.274,2
2020-02-06 08:42:00,130.274,130.274,130.259,130.266,20
2020-02-06 08:43:00,130.259,130.259,130.259,130.259,1
2020-02-06 08:44:00,130.259,130.274,130.259,130.274,2
2020-02-06 08:45:00,130.274,130.274,130.259,130.274,10
2020-02-06 08:49:00,130.274,130.274,130.259,130.259,6
2020-02-06 08:50:00,130.259,130.259,130.243,130.259,9
2020-02-06 08:52:00,130.274,130.274,130.259,130.274,8
2020-02-06 08:53:00,130.259,130.274,130.259,130.259,3
2020-02-06 08:54:00,130.259,130.274,130.259,130.274,2
2020-02-06 08:55:00,130.259,130.274,130.259,130.274,2
2020-02-06 08:57:00,130.274,130.29,130.274,130.274,10
2020-02-06 08:58:00,130.29,130.29,130.274,130.29,4
2020-02-06 08:59:00,130.274,130.29,130.274,130.274,6
2020-02-06 09:00:00,130.274,130.29,130.274,130.29,5
2020-02-06 09:01:00,130.274,130.274,130.259,130.259,2
2020-02-06 09:02:00,130.29,130.29,130.29,130.29,1
2020-02-06 09:05:00,130.29,130.29,130.274,130.274,10
2020-02-06 09:06:00,130.29,130.29,130.274,130.274,6
2020-02-06 09:08:00,130.29,130.29,130.274,130.274,8
2020-02-06 09:10:00,130.306,130.306,130.29,130.306,7
2020-02-06 09:13:00,130.321,130.321,130.306,130.314,6
2020-02-06 09:14:00,130.337,130.337,130.306,130.306,7
2020-02-06 09:15:00,130.352,130.352,130.337,130.352,5
2020-02-06 09:16:00,130.368,130.368,130.352,130.368,17
2020-02-06 09:17:00,130.368,130.368,130.353,130.353,5
2020-02-06 09:18:00,130.368,130.368,130.353,130.353,2
2020-02-06 09:19:00,130.368,130.368,130.353,130.353,9
2020-02-06 09:20:00,130.368,130.368,130.353,130.353,3
2020-02-06 09:23:00,130.399,130.399,130.384,130.384,6
2020-02-06 09:24:00,130.415,130.415,130.399,130.415,10
2020-02-06 09:25:00,130.415,130.431,130.415,130.431,7
2020-02-06 09:26:00,130.431,130.431,130.415,130.431,7
2020-02-06 09:27:00,130.431,130.431,130.415,130.415,8
2020-02-06 09:28:00,130.415,130.415,130.415,130.415,1
2020-02-06 09:29:00,130.431,130.431,130.415,130.431,3
2020-02-06 09:30:00,130.399,130.431,130.399,130.415,10
2020-02-06 09:31:00,130.384,130.399,130.384,130.392,17
2020-02-06 09:32:00,130.368,130.384,130.368,130.368,9
2020-02-06 09:33:00,130.368,130.384,130.368,130.384,3
2020-02-06 09:34:00,130.384,130.384,130.368,130.384,3
2020-02-06 09:35:00,130.384,130.384,130.368,130.368,2
2020-02-06 09:36:00,130.384,130.384,130.368,130.368,5
2020-02-06 09:37:00,130.384,130.384,130.368,130.376,12
2020-02-06 09:38:00,130.384,130.384,130.368,130.368,2
2020-02-06 09:39:00,130.399,130.415,130.399,130.399,10
2020-02-06 09:40:00,130.384,130.399,130.384,130.384,3
2020-02-06 09:41:00,130.384,130.399,130.384,130.399,8
2020-02-06 09:42:00,130.415,130.415,130.399,130.399,6
2020-02-06 09:43:00,130.415,130.415,130.399,130.399,5
2020-02-06 09:44:00,130.399,130.399,130.399,130.399,1
2020-02-06 09:45:00,130.431,130.431,130.399,130.415,13
2020-02-06 09:46:00,130.431,130.431,130.415,130.415,5
2020-02-06 09:47:00,130.415,130.431,130.415,130.415,10
2020-02-06 09:48:00,130.431,130.431,130.422,130.422,2
2020-02-06 09:50:00,130.415,130.431,130.415,130.415,8
2020-02-06 09:51:00,130.415,130.415,130.399,130.399,8
2020-02-06 09:52:00,130.431,130.431,130.399,130.408,4
2020-02-06 09:53:00,130.415,130.422,130.415,130.422,2
2020-02-06 09:58:00,130.415,130.431,130.415,130.431,2
2020-02-06 09:59:00,130.415,130.431,130.415,130.422,4
2020-02-06 10:00:00,130.446,130.446,130.431,130.431,9
2020-02-06 10:01:00,130.462,130.462,130.446,130.454,4
2020-02-06 10:02:00,130.477,130.493,130.477,130.477,16
2020-02-06 10:03:00,130.509,130.509,130.477,130.493,15
2020-02-06 10:04:00,130.493,130.509,130.493,130.493,3
2020-02-06 10:05:00,130.493,130.509,130.493,130.509,6
2020-02-06 10:06:00,130.493,130.509,130.493,130.509,8
2020-02-06 10:07:00,130.524,130.524,130.493,130.509,4
2020-02-06 10:08:00,130.509,130.516,130.509,130.516,2
2020-02-06 10:09:00,130.493,130.493,130.477,130.493,7
2020-02-06 10:11:00,130.477,130.493,130.477,130.477,4
2020-02-06 10:12:00,130.493,130.509,130.477,130.486,9
2020-02-06 10:13:00,130.493,130.509,130.493,130.5,12
2020-02-06 10:14:00,130.509,130.509,130.493,130.509,3
2020-02-06 10:15:00,130.493,130.493,130.493,130.493,1
2020-02-06 10:16:00,130.478,130.493,130.477,130.477,3
2020-02-06 10:17:00,130.478,130.478,130.462,130.47,3
2020-02-06 10:18:00,130.493,130.493,130.478,130.493,12
2020-02-06 10:19:00,130.493,130.493,130.478,130.478,8
2020-02-06 10:20:00,130.493,130.509,130.493,130.509,4
2020-02-06 10:21:00,130.493,130.493,130.478,130.478,2
2020-02-06 10:22:00,130.493,130.493,130.478,130.478,10
2020-02-06 10:23:00,130.478,130.493,130.478,130.486,9
2020-02-06 10:24:00,130.493,130.493,130.493,130.493,1
2020-02-06 10:25:00,130.493,130.509,130.493,130.509,2
2020-02-06 10:30:00,130.493,130.509,130.493,130.509,6
2020-02-06 10:34:00,130.509,130.509,130.493,130.509,5
2020-02-06 10:35:00,130.509,130.524,130.509,130.524,26
2020-02-06 10:37:00,130.524,130.524,130.524,130.524,1
2020-02-06 10:38:00,130.524,130.524,130.509,130.509,2
2020-02-06 10:44:00,130.509,130.509,130.509,130.509,1
2020-02-06 10:45:00,130.493,130.509,130.493,130.5,4
2020-02-06 10:46:00,130.509,130.509,130.493,130.509,3
2020-02-06 10:47:00,130.509,130.524,130.509,130.524,2
2020-02-06 10:48:00,130.509,130.524,130.509,130.524,2
2020-02-06 10:50:00,130.509,130.524,130.509,130.524,6
2020-02-06 10:52:00,130.524,130.524,130.524,130.524,1
2020-02-06 10:56:00,130.54,130.54,130.524,130.54,6
2020-02-06 10:59:00,130.54,130.556,130.54,130.556,24
2020-02-06 11:01:00,130.524,130.524,130.524,130.524,1
2020-02-06 11:02:00,130.509,130.516,130.509,130.516,2
2020-02-06 11:06:00,130.493,130.509,130.493,130.493,3
2020-02-06 11:10:00,130.509,130.509,130.509,130.509,1
2020-02-06 11:11:00,130.493,130.493,130.493,130.493,1
2020-02-06 11:13:00,130.509,130.509,130.493,130.509,5
2020-02-06 11:21:00,130.493,130.509,130.493,130.493,3
2020-02-06 11:22:00,130.509,130.509,130.502,130.502,2
2020-02-06 11:23:00,130.509,130.524,130.509,130.524,2
2020-02-06 11:26:00,130.493,130.493,130.493,130.493,1
2020-02-06 11:27:00,130.509,130.509,130.493,130.509,3
2020-02-06 11:29:00,130.493,130.509,130.493,130.493,3
2020-02-06 11:35:00,130.493,130.509,130.493,130.509,14
2020-02-06 11:36:00,130.509,130.509,130.509,130.509,1
2020-02-06 11:37:00,130.493,130.502,130.493,130.502,2
2020-02-06 11:40:00,130.509,130.509,130.509,130.509,1
2020-02-06 11:42:00,130.493,130.509,130.493,130.493,4
2020-02-06 11:52:00,130.493,130.493,130.478,130.478,2
2020-02-06 11:53:00,130.509,130.509,130.509,130.509,1
2020-02-06 11:54:00,130.525,130.525,130.525,130.525,1
2020-02-06 11:55:00,130.478,130.509,130.478,130.509,4
2020-02-06 11:58:00,130.478,130.478,130.462,130.462,13
2020-02-06 11:59:00,130.462,130.462,130.462,130.462,1
2020-02-06 12:00:00,130.446,130.462,130.446,130.446,3
2020-02-06 12:01:00,130.446,130.462,130.446,130.462,4
2020-02-06 12:02:00,130.462,130.462,130.446,130.462,5
2020-02-06 12:03:00,130.462,130.478,130.462,130.478,4
2020-02-06 12:04:00,130.478,130.478,130.462,130.478,14
2020-02-06 12:05:00,130.462,130.462,130.462,130.462,1
2020-02-06 12:09:00,130.446,130.454,130.446,130.454,2
2020-02-06 12:10:00,130.431,130.431,130.431,130.431,1
2020-02-06 12:11:00,130.431,130.446,130.431,130.446,2
2020-02-06 12:12:00,130.446,130.446,130.431,130.446,7
2020-02-06 12:13:00,130.446,130.462,130.446,130.454,4
2020-02-06 12:14:00,130.446,130.462,130.446,130.462,2
2020-02-06 12:17:00,130.462,130.462,130.454,130.454,2
2020-02-06 12:18:00,130.446,130.446,130.446,130.446,1
2020-02-06 12:20:00,130.446,130.446,130.431,130.438,6
2020-02-06 12:21:00,130.446,130.446,130.431,130.438,22
2020-02-06 12:23:00,130.446,130.462,130.446,130.462,2
2020-02-06 12:25:00,130.446,130.462,130.446,130.462,2
2020-02-06 12:27:00,130.462,130.462,130.462,130.462,1
2020-02-06 12:28:00,130.478,130.478,130.478,130.478,1
2020-02-06 12:31:00,130.478,130.478,130.462,130.462,2
2020-02-06 12:34:00,130.478,130.478,130.462,130.462,4
2020-02-06 12:36:00,130.478,130.478,130.462,130.462,2
2020-02-06 12:37:00,130.462,130.47,130.462,130.47,2
2020-02-06 12:38:00,130.478,130.478,130.478,130.478,1
2020-02-06 12:39:00,130.462,130.478,130.462,130.462,3
2020-02-06 12:45:00,130.446,130.446,130.446,130.446,1
2020-02-06 12:46:00,130.462,130.462,130.462,130.462,1
2020-02-06 12:48:00,130.462,130.478,130.462,130.478,2
2020-02-06 12:49:00,130.478,130.478,130.462,130.478,15
2020-02-06 12:50:00,130.478,130.478,130.462,130.462,6
2020-02-06 12:52:00,130.493,130.493,130.493,130.493,1
2020-02-06 12:53:00,130.493,130.509,130.493,130.509,2
2020-02-06 12:54:00,130.509,130.509,130.493,130.509,14
2020-02-06 13:00:00,130.525,130.525,130.509,130.525,3
2020-02-06 13:01:00,130.54,130.556,130.525,130.54,15
2020-02-06 13:02:00,130.54,130.556,130.54,130.548,7
2020-02-06 13:04:00,130.54,130.556,130.54,130.556,2
2020-02-06 13:05:00,130.54,130.556,130.54,130.556,2
2020-02-06 13:06:00,130.54,130.556,130.54,130.556,5
2020-02-06 13:07:00,130.525,130.556,130.525,130.548,11
2020-02-06 13:08:00,130.54,130.54,130.54,130.54,1
2020-02-06 13:09:00,130.54,130.556,130.54,130.548,9
2020-02-06 13:11:00,130.556,130.556,130.556,130.556,1
2020-02-06 13:12:00,130.54,130.556,130.54,130.54,8
2020-02-06 13:13:00,130.54,130.54,130.525,130.525,11
2020-02-06 13:15:00,130.54,130.54,130.525,130.525,2
2020-02-06 13:17:00,130.54,130.556,130.54,130.556,20
2020-02-06 13:19:00,130.54,130.556,130.54,130.556,4
2020-02-06 13:20:00,130.509,130.532,130.509,130.532,4
2020-02-06 13:21:00,130.509,130.525,130.509,130.525,10
2020-02-06 13:23:00,130.493,130.525,130.493,130.525,5
2020-02-06 13:24:00,130.493,130.509,130.493,130.509,5
2020-02-06 13:25:00,130.478,130.509,130.478,130.509,15
2020-02-06 13:26:00,130.493,130.493,130.478,130.493,25
2020-02-06 13:27:00,130.462,130.478,130.462,130.478,3
2020-02-06 13:28:00,130.462,130.478,130.462,130.478,2
2020-02-06 13:30:00,130.447,130.462,130.431,130.447,30
2020-02-06 13:31:00,130.415,130.447,130.415,130.431,23
2020-02-06 13:32:00,130.431,130.431,130.415,130.431,20
2020-02-06 13:33:00,130.431,130.447,130.431,130.447,5
2020-02-06 13:34:00,130.415,130.431,130.415,130.415,13
2020-02-06 13:35:00,130.4,130.415,130.384,130.4,24
2020-02-06 13:36:00,130.4,130.415,130.4,130.408,9
2020-02-06 13:37:00,130.4,130.415,130.4,130.408,4
2020-02-06 13:38:00,130.384,130.384,130.369,130.384,13
2020-02-06 13:39:00,130.384,130.384,130.369,130.369,14
2020-02-06 13:40:00,130.353,130.369,130.353,130.369,14
2020-02-06 13:41:00,130.353,130.353,130.337,130.337,2
2020-02-06 13:42:00,130.353,130.369,130.353,130.36,8
2020-02-06 13:43:00,130.353,130.369,130.353,130.369,12
2020-02-06 13:44:00,130.353,130.369,130.353,130.369,2
2020-02-06 13:45:00,130.337,130.353,130.322,130.346,5
2020-02-06 13:46:00,130.369,130.384,130.337,130.353,15
2020-02-06 13:47:00,130.4,130.4,130.369,130.384,19
2020-02-06 13:49:00,130.384,130.384,130.384,130.384,1
2020-02-06 13:50:00,130.415,130.415,130.392,130.392,3
2020-02-06 13:51:00,130.431,130.431,130.415,130.431,19
2020-02-06 13:52:00,130.431,130.447,130.415,130.415,10
2020-02-06 13:53:00,130.415,130.431,130.415,130.415,10
2020-02-06 13:54:00,130.415,130.415,130.4,130.4,15
2020-02-06 13:55:00,130.4,130.4,130.4,130.4,1
2020-02-06 13:56:00,130.4,130.415,130.4,130.415,4
2020-02-06 13:57:00,130.384,130.4,130.384,130.384,6
2020-02-06 13:58:00,130.306,130.384,130.306,130.376,38
2020-02-06 13:59:00,130.337,130.353,130.306,130.314,35
2020-02-06 14:00:00,130.337,130.353,130.337,130.353,5
2020-02-06 14:01:00,130.353,130.353,130.322,130.33,13
2020-02-06 14:02:00,130.337,130.353,130.322,130.337,24
2020-02-06 14:03:00,130.337,130.353,130.322,130.322,12
2020-02-06 14:04:00,130.322,130.337,130.306,130.322,12
2020-02-06 14:05:00,130.306,130.322,130.29,130.314,21
2020-02-06 14:06:00,130.322,130.322,130.29,130.29,12
2020-02-06 14:07:00,130.322,130.322,130.306,130.306,6
2020-02-06 14:08:00,130.298,130.306,130.29,130.306,10
2020-02-06 14:09:00,130.29,130.306,130.29,130.306,8
2020-02-06 14:10:00,130.306,130.306,130.29,130.306,6
2020-02-06 14:11:00,130.322,130.322,130.314,130.314,2
2020-02-06 14:12:00,130.29,130.322,130.275,130.306,11
2020-02-06 14:13:00,130.29,130.306,130.29,130.298,9
2020-02-06 14:14:00,130.29,130.306,130.29,130.298,3
2020-02-06 14:15:00,130.275,130.29,130.275,130.275,12
2020-02-06 14:16:00,130.275,130.29,130.275,130.29,5
2020-02-06 14:17:00,130.29,130.29,130.275,130.29,14
2020-02-06 14:18:00,130.306,130.306,130.306,130.306,1
2020-02-06 14:19:00,130.322,130.322,130.306,130.314,7
2020-02-06 14:20:00,130.337,130.337,130.322,130.337,3
2020-02-06 14:21:00,130.322,130.337,130.322,130.33,32
2020-02-06 14:22:00,130.337,130.337,130.322,130.337,9
2020-02-06 14:23:00,130.306,130.322,130.306,130.322,9
2020-02-06 14:24:00,130.306,130.306,130.291,130.291,10
2020-02-06 14:25:00,130.306,130.322,130.306,130.322,7
2020-02-06 14:27:00,130.306,130.322,130.306,130.314,4
2020-02-06 14:28:00,130.322,130.322,130.322,130.322,1
2020-02-06 14:29:00,130.337,130.337,130.306,130.314,23
2020-02-06 14:30:00,130.353,130.353,130.322,130.322,14
2020-02-06 14:31:00,130.337,130.353,130.337,130.337,10
2020-02-06 14:32:00,130.353,130.353,130.337,130.353,5
2020-02-06 14:33:00,130.322,130.337,130.306,130.337,25
2020-02-06 14:34:00,130.353,130.353,130.337,130.337,18
2020-02-06 14:35:00,130.369,130.369,130.353,130.36,4
2020-02-06 14:36:00,130.384,130.384,130.384,130.384,1
2020-02-06 14:37:00,130.4,130.4,130.384,130.4,3
2020-02-06 14:38:00,130.4,130.4,130.384,130.392,15
2020-02-06 14:39:00,130.4,130.4,130.384,130.384,2
2020-02-06 14:40:00,130.447,130.447,130.415,130.415,20
2020-02-06 14:41:00,130.447,130.462,130.431,130.462,20
2020-02-06 14:42:00,130.415,130.447,130.415,130.431,25
2020-02-06 14:43:00,130.431,130.431,130.415,130.431,4
2020-02-06 14:44:00,130.415,130.431,130.415,130.424,5
2020-02-06 14:45:00,130.415,130.415,130.4,130.408,5
2020-02-06 14:46:00,130.415,130.415,130.4,130.408,7
2020-02-06 14:47:00,130.4,130.415,130.4,130.4,8
2020-02-06 14:48:00,130.369,130.384,130.369,130.384,2
2020-02-06 14:49:00,130.384,130.4,130.384,130.384,10
2020-02-06 14:50:00,130.384,130.415,130.384,130.392,12
2020-02-06 14:51:00,130.369,130.4,130.369,130.4,17
2020-02-06 14:52:00,130.369,130.384,130.369,130.384,9
2020-02-06 14:53:00,130.353,130.384,130.353,130.384,12
2020-02-06 14:54:00,130.337,130.353,130.337,130.337,26
2020-02-06 14:55:00,130.337,130.369,130.337,130.353,13
2020-02-06 14:56:00,130.353,130.353,130.337,130.346,4
2020-02-06 14:57:00,130.322,130.353,130.322,130.346,6
2020-02-06 14:58:00,130.322,130.337,130.322,130.33,7
2020-02-06 14:59:00,130.291,130.322,130.291,130.306,11
2020-02-06 15:00:00,130.306,130.322,130.291,130.306,7
2020-02-06 15:01:00,130.306,130.322,130.306,130.322,8
2020-02-06 15:03:00,130.306,130.322,130.306,130.314,14
2020-02-06 15:04:00,130.306,130.322,130.306,130.314,18
2020-02-06 15:05:00,130.322,130.322,130.306,130.322,16
2020-02-06 15:07:00,130.322,130.337,130.322,130.337,2
2020-02-06 15:09:00,130.322,130.337,130.322,130.33,5
2020-02-06 15:10:00,130.306,130.306,130.306,130.306,1
2020-02-06 15:11:00,130.291,130.298,130.291,130.298,2
2020-02-06 15:12:00,130.291,130.291,130.275,130.275,11
2020-02-06 15:13:00,130.306,130.306,130.275,130.275,3
2020-02-06 15:14:00,130.322,130.322,130.306,130.322,4
2020-02-06 15:15:00,130.337,130.337,130.322,130.337,18
2020-02-06 15:16:00,130.322,130.337,130.322,130.322,10
2020-02-06 15:17:00,130.337,130.337,130.337,130.337,1
2020-02-06 15:18:00,130.337,130.337,130.322,130.322,2
2020-02-06 15:19:00,130.337,130.337,130.322,130.322,7
2020-02-06 15:20:00,130.337,130.353,130.337,130.353,5
2020-02-06 15:21:00,130.353,130.353,130.337,130.353,11
2020-02-06 15:22:00,130.369,130.369,130.337,130.337,3
2020-02-06 15:23:00,130.384,130.384,130.369,130.384,22
2020-02-06 15:24:00,130.369,130.384,130.369,130.369,5
2020-02-06 15:25:00,130.353,130.384,130.353,130.384,13
2020-02-06 15:26:00,130.306,130.353,130.306,130.337,12
2020-02-06 15:27:00,130.306,130.322,130.291,130.322,22
2020-02-06 15:28:00,130.337,130.337,130.322,130.322,6
2020-02-06 15:29:00,130.337,130.337,130.322,130.33,11
2020-02-06 15:30:00,130.322,130.353,130.322,130.322,38
2020-02-06 15:31:00,130.322,130.337,130.322,130.337,15
2020-02-06 15:32:00,130.322,130.337,130.322,130.337,22
2020-02-06 15:33:00,130.322,130.353,130.322,130.337,8
2020-02-06 15:34:00,130.337,130.337,130.306,130.306,21
2020-02-06 15:35:00,130.322,130.337,130.322,130.322,10
2020-02-06 15:36:00,130.322,130.322,130.306,130.306,4
2020-02-06 15:37:00,130.306,130.322,130.306,130.314,3
2020-02-06 15:38:00,130.306,130.322,130.291,130.322,9
2020-02-06 15:39:00,130.306,130.306,130.291,130.291,6
2020-02-06 15:40:00,130.337,130.353,130.322,130.322,8
2020-02-06 15:42:00,130.337,130.353,130.337,130.353,6
2020-02-06 15:43:00,130.337,130.337,130.322,130.322,2
2020-02-06 15:44:00,130.353,130.369,130.337,130.353,8
2020-02-06 15:45:00,130.337,130.353,130.337,130.337,3
2020-02-06 15:46:00,130.322,130.337,130.306,130.322,14
2020-02-06 15:47:00,130.306,130.322,130.306,130.306,12
2020-02-06 15:48:00,130.337,130.337,130.322,130.322,4
2020-02-06 15:49:00,130.337,130.353,130.337,130.353,4
2020-02-06 15:51:00,130.322,130.337,130.322,130.322,5
2020-02-06 15:52:00,130.337,130.337,130.322,130.337,8
2020-02-06 15:53:00,130.353,130.353,130.346,130.346,2
2020-02-06 15:54:00,130.369,130.369,130.353,130.369,5
2020-02-06 15:55:00,130.353,130.369,130.353,130.353,11
2020-02-06 15:56:00,130.369,130.369,130.353,130.369,5
2020-02-06 15:57:00,130.384,130.384,130.369,130.384,3
2020-02-06 15:59:00,130.369,130.369,130.353,130.369,21
2020-02-06 16:00:00,130.384,130.384,130.353,130.384,11
2020-02-06 16:01:00,130.369,130.384,130.369,130.376,4
2020-02-06 16:02:00,130.353,130.353,130.338,130.353,5
2020-02-06 16:03:00,130.353,130.369,130.338,130.36,8
2020-02-06 16:05:00,130.369,130.369,130.369,130.369,1
2020-02-06 16:06:00,130.369,130.369,130.353,130.353,3
2020-02-06 16:08:00,130.353,130.353,130.353,130.353,1
2020-02-06 16:09:00,130.353,130.353,130.338,130.338,2
2020-02-06 16:10:00,130.353,130.353,130.338,130.338,4
2020-02-06 16:11:00,130.353,130.369,130.353,130.36,3
2020-02-06 16:12:00,130.4,130.4,130.353,130.36,10
2020-02-06 16:13:00,130.384,130.4,130.384,130.392,6
2020-02-06 16:14:00,130.353,130.384,130.353,130.369,11
2020-02-06 16:16:00,130.384,130.384,130.369,130.369,2
2020-02-06 16:17:00,130.4,130.4,130.384,130.4,10
2020-02-06 16:18:00,130.384,130.384,130.384,130.384,1
2020-02-06 16:19:00,130.369,130.384,130.369,130.369,3
2020-02-06 16:20:00,130.369,130.384,130.369,130.384,16
2020-02-06 16:21:00,130.384,130.384,130.384,130.384,1
2020-02-06 16:22:00,130.384,130.4,130.384,130.4,4
2020-02-06 16:23:00,130.4,130.4,130.384,130.4,6
2020-02-06 16:26:00,130.4,130.416,130.4,130.408,5
2020-02-06 16:27:00,130.4,130.416,130.4,130.408,6
2020-02-06 16:29:00,130.4,130.416,130.4,130.416,11
2020-02-06 16:30:00,130.416,130.416,130.4,130.416,6
2020-02-06 16:33:00,130.416,130.416,130.4,130.4,5
2020-02-06 16:34:00,130.416,130.416,130.4,130.4,2
2020-02-06 16:35:00,130.416,130.416,130.4,130.408,3
2020-02-06 16:36:00,130.416,130.416,130.4,130.4,2
2020-02-06 16:38:00,130.4,130.416,130.4,130.408,4
2020-02-06 16:45:00,130.416,130.416,130.4,130.416,8
2020-02-06 16:48:00,130.416,130.431,130.416,130.431,2
2020-02-06 16:50:00,130.431,130.431,130.416,130.431,5
2020-02-06 16:52:00,130.447,130.447,130.431,130.447,6
2020-02-06 16:54:00,130.463,130.463,130.454,130.454,2
2020-02-06 16:55:00,130.478,130.478,130.463,130.478,12
2020-02-06 16:56:00,130.478,130.478,130.463,130.463,9
2020-02-06 16:57:00,130.478,130.494,130.478,130.486,7
2020-02-06 16:59:00,130.478,130.494,130.478,130.486,13
2020-02-06 17:00:00,130.478,130.494,130.478,130.494,2
2020-02-06 17:01:00,130.463,130.478,130.463,130.463,8
2020-02-06 17:02:00,130.478,130.478,130.463,130.478,9
2020-02-06 17:03:00,130.478,130.478,130.463,130.463,14
2020-02-06 17:04:00,130.463,130.478,130.463,130.47,4
2020-02-06 17:05:00,130.447,130.463,130.447,130.447,5
2020-02-06 17:06:00,130.447,130.463,130.447,130.454,6
2020-02-06 17:08:00,130.447,130.447,130.431,130.431,14
2020-02-06 17:10:00,130.463,130.463,130.463,130.463,1
2020-02-06 17:13:00,130.463,130.478,130.463,130.478,4
2020-02-06 17:14:00,130.463,130.478,130.463,130.478,4
2020-02-06 17:16:00,130.463,130.463,130.447,130.447,2
2020-02-06 17:17:00,130.463,130.463,130.447,130.454,8
2020-02-06 17:18:00,130.447,130.447,130.447,130.447,1
2020-02-06 17:19:00,130.447,130.447,130.431,130.431,28
2020-02-06 17:20:00,130.447,130.447,130.431,130.431,8
2020-02-06 17:24:00,130.463,130.463,130.447,130.463,12
2020-02-06 17:25:00,130.447,130.447,130.447,130.447,1
2020-02-06 17:29:00,130.431,130.431,130.431,130.431,1
2020-02-06 17:30:00,130.447,130.447,130.447,130.447,1
2020-02-06 17:33:00,130.463,130.463,130.447,130.463,8
2020-02-06 17:39:00,130.478,130.478,130.478,130.478,1
2020-02-06 17:40:00,130.463,130.463,130.463,130.463,1
2020-02-06 17:45:00,130.478,130.478,130.478,130.478,1
2020-02-06 17:46:00,130.494,130.494,130.478,130.486,7
2020-02-06 17:47:00,130.478,130.478,130.478,130.478,1
2020-02-06 17:52:00,130.463,130.463,130.463,130.463,1
2020-02-06 17:53:00,130.447,130.447,130.447,130.447,1
2020-02-06 17:54:00,130.447,130.463,130.447,130.463,4
2020-02-06 17:55:00,130.463,130.463,130.463,130.463,1
2020-02-06 17:58:00,130.463,130.463,130.447,130.447,3
2020-02-06 17:59:00,130.463,130.463,130.447,130.447,2
2020-02-06 18:00:00,130.463,130.463,130.447,130.454,6
2020-02-06 18:01:00,130.447,130.463,130.447,130.447,11
2020-02-06 18:02:00,130.447,130.463,130.447,130.454,8
2020-02-06 18:06:00,130.431,130.447,130.431,130.431,5
2020-02-06 18:07:00,130.431,130.431,130.416,130.424,7
2020-02-06 18:09:00,130.431,130.431,130.416,130.424,8
2020-02-06 18:15:00,130.416,130.416,130.416,130.416,1
2020-02-06 18:18:00,130.431,130.431,130.431,130.431,1
2020-02-06 18:19:00,130.431,130.431,130.416,130.416,5
2020-02-06 18:20:00,130.431,130.431,130.416,130.416,6
2020-02-06 18:22:00,130.431,130.447,130.431,130.447,3
2020-02-06 18:24:00,130.431,130.447,130.431,130.447,2
2020-02-06 18:26:00,130.431,130.431,130.416,130.416,4
2020-02-06 18:27:00,130.431,130.431,130.416,130.416,2
2020-02-06 18:30:00,130.431,130.447,130.431,130.44,9
2020-02-06 18:31:00,130.431,130.447,130.431,130.447,4
2020-02-06 18:32:00,130.447,130.447,130.447,130.447,1
2020-02-06 18:33:00,130.447,130.447,130.431,130.431,2
2020-02-06 18:35:00,130.447,130.463,130.447,130.463,4
2020-02-06 18:36:00,130.463,130.463,130.447,130.463,3
2020-02-06 18:37:00,130.447,130.463,130.447,130.447,5
2020-02-06 18:40:00,130.463,130.463,130.447,130.463,3
2020-02-06 18:42:00,130.447,130.463,130.447,130.447,9
2020-02-06 18:44:00,130.431,130.447,130.431,130.431,3
2020-02-06 18:46:00,130.416,130.431,130.416,130.416,9
2020-02-06 18:47:00,130.416,130.431,130.416,130.431,3
2020-02-06 18:51:00,130.416,130.431,130.416,130.431,2
2020-02-06 18:52:00,130.431,130.431,130.431,130.431,1
2020-02-06 18:55:00,130.431,130.447,130.431,130.44,3
2020-02-06 19:01:00,130.431,130.431,130.416,130.424,3
2020-02-06 19:07:00,130.416,130.431,130.416,130.424,4
2020-02-06 19:09:00,130.416,130.431,130.416,130.424,16
2020-02-06 19:11:00,130.416,130.431,130.416,130.431,13
2020-02-06 19:12:00,130.416,130.431,130.416,130.431,14
2020-02-06 19:15:00,130.416,130.431,130.416,130.431,2
2020-02-06 19:18:00,130.416,130.431,130.416,130.424,20
2020-02-06 19:19:00,130.431,130.431,130.416,130.431,7
2020-02-06 19:21:00,130.447,130.447,130.44,130.44,2
2020-02-06 19:26:00,130.431,130.431,130.431,130.431,1
2020-02-06 19:28:00,130.431,130.447,130.431,130.447,2
2020-02-06 19:30:00,130.431,130.431,130.416,130.416,2
2020-02-06 19:36:00,130.431,130.447,130.431,130.44,4
2020-02-06 19:37:00,130.431,130.431,130.416,130.416,7
2020-02-06 19:39:00,130.447,130.447,130.431,130.44,5
2020-02-06 19:40:00,130.431,130.447,130.431,130.431,15
2020-02-06 19:42:00,130.416,130.416,130.416,130.416,1
2020-02-06 19:43:00,130.416,130.431,130.416,130.431,5
2020-02-06 19:50:00,130.4,130.4,130.4,130.4,1
2020-02-06 19:54:00,130.416,130.416,130.4,130.416,3
2020-02-06 19:57:00,130.431,130.431,130.416,130.431,3
2020-02-06 19:58:00,130.447,130.447,130.431,130.447,4
2020-02-06 19:59:00,130.478,130.478,130.447,130.463,6
2020-02-06 20:00:00,130.494,130.494,130.494,130.494,1
2020-02-06 20:01:00,130.478,130.478,130.478,130.478,1
2020-02-06 20:02:00,130.494,130.494,130.478,130.486,5
2020-02-06 20:06:00,130.478,130.494,130.478,130.478,9
2020-02-06 20:07:00,130.494,130.494,130.486,130.486,2
2020-02-06 20:13:00,130.51,130.51,130.51,130.51,1
2020-02-06 20:15:00,130.51,130.525,130.51,130.525,2
2020-02-06 20:17:00,130.525,130.525,130.494,130.494,3
2020-02-06 20:19:00,130.525,130.525,130.51,130.51,11
2020-02-06 20:20:00,130.525,130.525,130.51,130.51,2
2020-02-06 20:21:00,130.51,130.525,130.51,130.51,3
2020-02-06 20:22:00,130.525,130.525,130.51,130.525,3
2020-02-06 20:24:00,130.525,130.525,130.51,130.51,4
2020-02-06 20:25:00,130.525,130.525,130.51,130.51,11
2020-02-06 20:27:00,130.525,130.525,130.51,130.518,3
2020-02-06 20:30:00,130.51,130.51,130.51,130.51,1
2020-02-06 20:32:00,130.51,130.51,130.494,130.494,20
2020-02-06 20:33:00,130.51,130.51,130.494,130.494,2
2020-02-06 20:34:00,130.51,130.51,130.494,130.494,2
2020-02-06 20:35:00,130.51,130.51,130.494,130.502,9
2020-02-06 20:37:00,130.494,130.51,130.494,130.494,3
2020-02-06 20:39:00,130.51,130.51,130.494,130.51,8
2020-02-06 20:41:00,130.494,130.494,130.494,130.494,1
2020-02-06 20:46:00,130.494,130.494,130.478,130.486,11
2020-02-06 20:47:00,130.478,130.494,130.478,130.478,18
2020-02-06 20:48:00,130.494,130.494,130.478,130.486,14
2020-02-06 20:49:00,130.478,130.494,130.478,130.478,3
2020-02-06 20:55:00,130.463,130.463,130.463,130.463,1
2020-02-06 20:56:00,130.478,130.478,130.463,130.478,3
2020-02-06 20:57:00,130.463,130.463,130.463,130.463,1
2020-02-06 21:00:00,130.463,130.463,130.447,130.447,15
2020-02-06 21:01:00,130.478,130.478,130.463,130.478,4
2020-02-06 21:02:00,130.478,130.478,130.463,130.463,2
2020-02-06 21:04:00,130.478,130.478,130.463,130.47,18
2020-02-06 21:05:00,130.463,130.47,130.463,130.463,3
2020-02-06 21:06:00,130.478,130.494,130.47,130.47,9
2020-02-06 21:12:00,130.478,130.478,130.463,130.47,7
2020-02-06 21:13:00,130.463,130.463,130.463,130.463,1
2020-02-06 21:16:00,130.478,130.478,130.463,130.47,4
2020-02-06 21:17:00,130.463,130.463,130.463,130.463,1
2020-02-06 21:18:00,130.463,130.478,130.463,130.478,4
2020-02-06 21:19:00,130.463,130.478,130.463,130.478,4
2020-02-06 21:20:00,130.463,130.478,130.463,130.478,4
2020-02-06 21:32:00,130.479,130.479,130.463,130.479,3
2020-02-06 21:33:00,130.463,130.47,130.463,130.47,2
2020-02-06 21:34:00,130.463,130.479,130.463,130.47,3
2020-02-06 21:36:00,130.479,130.479,130.479,130.479,1
2020-02-06 21:43:00,130.463,130.463,130.463,130.463,1
2020-02-06 21:44:00,130.463,130.479,130.463,130.479,4
2020-02-06 21:45:00,130.479,130.479,130.479,130.479,1
2020-02-06 21:46:00,130.463,130.463,130.463,130.463,1
2020-02-06 21:47:00,130.479,130.479,130.479,130.479,1
2020-02-06 21:50:00,130.463,130.47,130.463,130.47,2
2020-02-06 21:59:00,130.463,130.463,130.463,130.463,1
2020-02-06 23:00:00,130.463,130.463,130.447,130.463,5
2020-02-06 23:01:00,130.447,130.447,130.447,130.447,1
2020-02-06 23:06:00,130.463,130.463,130.447,130.463,14
2020-02-06 23:07:00,130.463,130.463,130.447,130.456,5
2020-02-06 23:08:00,130.463,130.463,130.447,130.456,3
2020-02-06 23:09:00,130.479,130.479,130.479,130.479,1
2020-02-06 23:11:00,130.494,130.494,130.479,130.486,7
2020-02-06 23:12:00,130.494,130.494,130.479,130.486,9
2020-02-06 23:13:00,130.479,130.494,130.479,130.479,6
2020-02-06 23:22:00,130.479,130.494,130.479,130.494,2
2020-02-06 23:38:00,130.463,130.463,130.463,130.463,1
2020-02-06 23:43:00,130.479,130.479,130.479,130.479,1
2020-02-06 23:44:00,130.463,130.463,130.463,130.463,1
2020-02-06 23:45:00,130.479,130.479,130.479,130.479,1
2020-02-06 23:46:00,130.494,130.494,130.494,130.494,1
2020-02-06 23:50:00,130.479,130.479,130.479,130.479,1
2020-02-06 23:52:00,130.479,130.479,130.479,130.479,1
2020-02-06 23:53:00,130.463,130.463,130.463,130.463,1
2020-02-07 00:01:00,130.463,130.479,130.463,130.479,2
2020-02-07 00:03:00,130.479,130.479,130.479,130.479,1
2020-02-07 00:05:00,130.479,130.479,130.463,130.463,2
2020-02-07 00:06:00,130.463,130.479,130.463,130.463,3
2020-02-07 00:07:00,130.448,130.448,130.448,130.448,1
2020-02-07 00:09:00,130.432,130.432,130.432,130.432,1
2020-02-07 00:11:00,130.448,130.448,130.448,130.448,1
2020-02-07 00:14:00,130.448,130.463,130.448,130.463,2
2020-02-07 00:17:00,130.463,130.463,130.448,130.456,8
2020-02-07 00:18:00,130.463,130.479,130.463,130.479,18
2020-02-07 00:19:00,130.463,130.479,130.463,130.479,9
2020-02-07 00:24:00,130.448,130.463,130.448,130.456,4
2020-02-07 00:25:00,130.448,130.463,130.448,130.463,6
2020-02-07 00:26:00,130.463,130.463,130.463,130.463,1
2020-02-07 00:27:00,130.463,130.463,130.448,130.448,2
2020-02-07 00:28:00,130.448,130.463,130.448,130.448,3
2020-02-07 00:29:00,130.448,130.463,130.448,130.456,7
2020-02-07 00:30:00,130.463,130.463,130.448,130.463,5
2020-02-07 00:31:00,130.463,130.463,130.448,130.448,2
2020-02-07 00:33:00,130.479,130.479,130.463,130.479,4
2020-02-07 00:37:00,130.51,130.51,130.494,130.494,4
2020-02-07 00:39:00,130.541,130.541,130.51,130.518,11
2020-02-07 00:40:00,130.526,130.541,130.526,130.534,13
2020-02-07 00:41:00,130.526,130.541,130.526,130.541,7
2020-02-07 00:42:00,130.541,130.541,130.526,130.541,3
2020-02-07 00:44:00,130.557,130.557,130.541,130.557,9
2020-02-07 00:45:00,130.572,130.572,130.557,130.572,3
2020-02-07 00:46:00,130.588,130.604,130.572,130.588,14
2020-02-07 00:48:00,130.588,130.588,130.572,130.58,6
2020-02-07 00:49:00,130.588,130.604,130.572,130.58,7
2020-02-07 00:50:00,130.572,130.604,130.572,130.604,6
2020-02-07 00:51:00,130.588,130.588,130.588,130.588,1
2020-02-07 00:52:00,130.572,130.588,130.572,130.572,8
2020-02-07 00:53:00,130.557,130.572,130.557,130.557,5
2020-02-07 00:56:00,130.557,130.557,130.541,130.541,2
2020-02-07 01:00:00,130.526,130.541,130.526,130.541,2
2020-02-07 01:01:00,130.541,130.541,130.526,130.541,5
2020-02-07 01:02:00,130.526,130.541,130.526,130.526,10
2020-02-07 01:04:00,130.526,130.541,130.526,130.541,2
2020-02-07 01:05:00,130.541,130.541,130.541,130.541,1
2020-02-07 01:06:00,130.557,130.557,130.526,130.526,6
2020-02-07 01:07:00,130.588,130.588,130.564,130.564,3
2020-02-07 01:08:00,130.573,130.588,130.573,130.573,6
2020-02-07 01:09:00,130.588,130.588,130.58,130.58,2
2020-02-07 01:10:00,130.588,130.588,130.573,130.58,7
2020-02-07 01:11:00,130.588,130.604,130.588,130.604,6
2020-02-07 01:12:00,130.588,130.588,130.557,130.573,4
2020-02-07 01:13:00,130.588,130.588,130.573,130.573,5
2020-02-07 01:15:00,130.588,130.604,130.588,130.596,4
2020-02-07 01:16:00,130.557,130.58,130.557,130.58,11
2020-02-07 01:18:00,130.557,130.573,130.557,130.573,2
2020-02-07 01:19:00,130.573,130.573,130.573,130.573,1
2020-02-07 01:20:00,130.573,130.573,130.557,130.557,5
2020-02-07 01:21:00,130.573,130.573,130.557,130.557,5
2020-02-07 01:22:00,130.588,130.588,130.557,130.557,8
2020-02-07 01:24:00,130.573,130.588,130.573,130.573,7
2020-02-07 01:25:00,130.588,130.588,130.588,130.588,1
2020-02-07 01:26:00,130.573,130.588,130.573,130.573,5
2020-02-07 01:27:00,130.588,130.588,130.573,130.588,13
2020-02-07 01:28:00,130.573,130.573,130.573,130.573,1
2020-02-07 01:29:00,130.573,130.573,130.557,130.564,6
2020-02-07 01:30:00,130.573,130.573,130.557,130.557,2
2020-02-07 01:31:00,130.588,130.588,130.573,130.588,9
2020-02-07 01:32:00,130.588,130.588,130.573,130.573,2
2020-02-07 01:33:00,130.588,130.588,130.573,130.573,6
2020-02-07 01:35:00,130.557,130.573,130.557,130.573,2
2020-02-07 01:39:00,130.557,130.557,130.541,130.541,8
2020-02-07 01:40:00,130.541,130.557,130.541,130.541,3
2020-02-07 01:42:00,130.541,130.541,130.526,130.534,4
2020-02-07 01:43:00,130.526,130.541,130.51,130.526,7
2020-02-07 01:44:00,130.526,130.526,130.51,130.51,6
2020-02-07 01:46:00,130.541,130.541,130.541,130.541,1
2020-02-07 01:47:00,130.526,130.526,130.51,130.526,8
2020-02-07 01:51:00,130.557,130.557,130.534,130.534,5
2020-02-07 01:53:00,130.557,130.573,130.557,130.573,6
2020-02-07 01:55:00,130.557,130.557,130.541,130.557,4
2020-02-07 01:56:00,130.557,130.573,130.557,130.573,8
2020-02-07 01:58:00,130.573,130.573,130.557,130.564,7
2020-02-07 02:00:00,130.573,130.573,130.557,130.557,5
2020-02-07 02:01:00,130.573,130.573,130.557,130.564,5
2020-02-07 02:02:00,130.573,130.573,130.557,130.557,2
2020-02-07 02:09:00,130.573,130.573,130.557,130.557,2
2020-02-07 02:16:00,130.588,130.588,130.588,130.588,1
2020-02-07 02:17:00,130.573,130.573,130.573,130.573,1
2020-02-07 02:18:00,130.573,130.588,130.573,130.588,8
2020-02-07 02:20:00,130.573,130.573,130.557,130.557,6
2020-02-07 02:21:00,130.557,130.573,130.557,130.557,7
2020-02-07 02:25:00,130.557,130.557,130.541,130.541,2
2020-02-07 02:27:00,130.541,130.541,130.541,130.541,1
2020-02-07 02:28:00,130.541,130.557,130.541,130.557,5
2020-02-07 02:29:00,130.557,130.557,130.541,130.55,8
2020-02-07 02:31:00,130.541,130.55,130.541,130.541,3
2020-02-07 02:32:00,130.541,130.557,130.541,130.557,3
2020-02-07 02:36:00,130.557,130.557,130.557,130.557,1
2020-02-07 02:38:00,130.557,130.573,130.557,130.573,2
2020-02-07 02:39:00,130.588,130.588,130.564,130.564,9
2020-02-07 02:40:00,130.588,130.588,130.573,130.573,15
2020-02-07 02:45:00,130.604,130.604,130.604,130.604,1
2020-02-07 02:46:00,130.604,130.604,130.588,130.596,3
2020-02-07 02:47:00,130.588,130.588,130.588,130.588,1
2020-02-07 02:52:00,130.604,130.604,130.604,130.604,1
2020-02-07 02:55:00,130.604,130.604,130.588,130.588,2
2020-02-07 03:00:00,130.604,130.604,130.588,130.588,5
2020-02-07 03:01:00,130.604,130.604,130.588,130.596,9
2020-02-07 03:02:00,130.588,130.604,130.588,130.588,4
2020-02-07 03:03:00,130.604,130.604,130.588,130.604,7
2020-02-07 03:05:00,130.604,130.604,130.588,130.588,2
2020-02-07 03:06:00,130.604,130.604,130.588,130.588,2
2020-02-07 03:07:00,130.588,130.588,130.588,130.588,1
2020-02-07 03:08:00,130.588,130.604,130.588,130.604,2
2020-02-07 03:15:00,130.573,130.573,130.573,130.573,1
2020-02-07 03:32:00,130.588,130.588,130.588,130.588,1
2020-02-07 03:33:00,130.573,130.573,130.573,130.573,1
2020-02-07 03:35:00,130.573,130.588,130.573,130.58,5
2020-02-07 03:37:00,130.573,130.588,130.573,130.588,7
2020-02-07 03:38:00,130.588,130.588,130.573,130.588,5
2020-02-07 03:40:00,130.588,130.588,130.573,130.573,2
2020-02-07 03:41:00,130.573,130.573,130.573,130.573,1
2020-02-07 03:43:00,130.573,130.573,130.557,130.557,2
2020-02-07 03:53:00,130.573,130.573,130.557,130.557,2
2020-02-07 04:14:00,130.588,130.588,130.588,130.588,1
2020-02-07 04:19:00,130.588,130.588,130.573,130.573,9
2020-02-07 04:27:00,130.573,130.588,130.573,130.573,5
2020-02-07 04:44:00,130.588,130.588,130.588,130.588,1
2020-02-07 04:57:00,130.573,130.573,130.573,130.573,1
2020-02-07 04:59:00,130.588,130.588,130.588,130.588,1
2020-02-07 05:04:00,130.573,130.573,130.573,130.573,1
2020-02-07 05:06:00,130.589,130.589,130.573,130.589,3
2020-02-07 05:08:00,130.589,130.589,130.573,130.573,4
2020-02-07 05:09:00,130.589,130.589,130.573,130.573,4
2020-02-07 05:10:00,130.573,130.589,130.573,130.573,6
2020-02-07 05:11:00,130.589,130.589,130.589,130.589,1
2020-02-07 05:17:00,130.604,130.604,130.604,130.604,1
2020-02-07 05:20:00,130.604,130.604,130.589,130.589,2
2020-02-07 05:21:00,130.589,130.604,130.589,130.589,3
2020-02-07 05:22:00,130.589,130.604,130.589,130.604,2
2020-02-07 05:28:00,130.573,130.573,130.573,130.573,1
2020-02-07 05:29:00,130.589,130.589,130.589,130.589,1
2020-02-07 05:35:00,130.604,130.604,130.604,130.604,1
2020-02-07 05:40:00,130.604,130.62,130.604,130.62,11
2020-02-07 05:41:00,130.62,130.62,130.612,130.612,2
2020-02-07 05:50:00,130.604,130.604,130.604,130.604,1
2020-02-07 05:51:00,130.604,130.62,130.604,130.62,25
2020-02-07 05:52:00,130.62,130.62,130.62,130.62,1
2020-02-07 05:54:00,130.62,130.62,130.604,130.604,4
2020-02-07 05:56:00,130.604,130.62,130.604,130.604,7
2020-02-07 05:57:00,130.62,130.62,130.62,130.62,1
2020-02-07 06:05:00,130.635,130.635,130.635,130.635,1
2020-02-07 06:10:00,130.62,130.62,130.62,130.62,1
2020-02-07 06:15:00,130.604,130.612,130.604,130.612,2
2020-02-07 06:17:00,130.589,130.589,130.589,130.589,1
2020-02-07 06:23:00,130.573,130.589,130.573,130.573,3
2020-02-07 06:27:00,130.557,130.557,130.557,130.557,1
2020-02-07 06:28:00,130.557,130.573,130.557,130.566,8
2020-02-07 06:29:00,130.542,130.557,130.542,130.542,22
2020-02-07 06:30:00,130.557,130.557,130.55,130.55,2
2020-02-07 06:31:00,130.557,130.557,130.542,130.542,4
2020-02-07 06:32:00,130.557,130.557,130.542,130.542,2
2020-02-07 06:33:00,130.557,130.557,130.542,130.542,25
2020-02-07 06:37:00,130.557,130.573,130.557,130.573,21
2020-02-07 06:38:00,130.557,130.573,130.557,130.566,11
2020-02-07 06:39:00,130.557,130.573,130.557,130.573,10
2020-02-07 06:41:00,130.557,130.573,130.557,130.566,11
2020-02-07 06:42:00,130.573,130.573,130.573,130.573,1
2020-02-07 06:43:00,130.573,130.589,130.573,130.589,5
2020-02-07 06:53:00,130.589,130.589,130.573,130.589,13
2020-02-07 06:58:00,130.573,130.604,130.573,130.604,12
2020-02-07 07:00:00,130.557,130.566,130.526,130.566,16
2020-02-07 07:01:00,130.573,130.573,130.573,130.573,1
2020-02-07 07:02:00,130.589,130.589,130.573,130.589,11
2020-02-07 07:03:00,130.604,130.62,130.604,130.604,17
2020-02-07 07:04:00,130.604,130.62,130.604,130.612,6
2020-02-07 07:05:00,130.589,130.604,130.589,130.589,9
2020-02-07 07:06:00,130.589,130.604,130.573,130.604,17
2020-02-07 07:07:00,130.573,130.589,130.573,130.58,6
2020-02-07 07:08:00,130.573,130.589,130.573,130.589,21
2020-02-07 07:09:00,130.573,130.589,130.573,130.589,7
2020-02-07 07:10:00,130.573,130.589,130.573,130.589,15
2020-02-07 07:11:00,130.573,130.573,130.557,130.557,2
2020-02-07 07:14:00,130.573,130.573,130.557,130.557,2
2020-02-07 07:15:00,130.542,130.573,130.542,130.557,12
2020-02-07 07:16:00,130.573,130.573,130.557,130.557,7
2020-02-07 07:18:00,130.589,130.589,130.589,130.589,1
2020-02-07 07:19:00,130.589,130.589,130.573,130.573,5
2020-02-07 07:20:00,130.589,130.589,130.573,130.573,7
2020-02-07 07:21:00,130.604,130.62,130.589,130.604,6
2020-02-07 07:22:00,130.604,130.604,130.589,130.589,8
2020-02-07 07:23:00,130.62,130.62,130.589,130.589,8
2020-02-07 07:24:00,130.636,130.636,130.636,130.636,1
2020-02-07 07:25:00,130.636,130.651,130.636,130.651,3
2020-02-07 07:26:00,130.651,130.651,130.651,130.651,1
2020-02-07 07:27:00,130.714,130.729,130.667,130.667,27
2020-02-07 07:28:00,130.698,130.698,130.682,130.698,11
2020-02-07 07:29:00,130.714,130.714,130.682,130.682,19
2020-02-07 07:30:00,130.729,130.745,130.714,130.729,13
2020-02-07 07:31:00,130.714,130.714,130.714,130.714,1
2020-02-07 07:32:00,130.714,130.729,130.698,130.729,15
2020-02-07 07:33:00,130.698,130.714,130.698,130.698,4
2020-02-07 07:34:00,130.745,130.745,130.698,130.714,23
2020-02-07 07:35:00,130.729,130.745,130.729,130.729,15
2020-02-07 07:36:00,130.745,130.745,130.745,130.745,1
2020-02-07 07:37:00,130.745,130.745,130.729,130.729,4
2020-02-07 07:38:00,130.761,130.776,130.761,130.761,3
2020-02-07 07:39:00,130.745,130.761,130.745,130.745,7
2020-02-07 07:40:00,130.745,130.745,130.729,130.729,5
2020-02-07 07:41:00,130.745,130.761,130.745,130.761,6
2020-02-07 07:42:00,130.745,130.761,130.729,130.761,4
2020-02-07 07:43:00,130.729,130.729,130.729,130.729,1
2020-02-07 07:44:00,130.714,130.729,130.714,130.714,9
2020-02-07 07:45:00,130.729,130.729,130.714,130.729,5
2020-02-07 07:46:00,130.729,130.729,130.714,130.714,6
2020-02-07 07:47:00,130.714,130.745,130.714,130.745,8
2020-02-07 07:48:00,130.729,130.729,130.729,130.729,1
2020-02-07 07:49:00,130.714,130.714,130.714,130.714,1
2020-02-07 07:50:00,130.729,130.745,130.729,130.729,5
2020-02-07 07:52:00,130.729,130.745,130.729,130.738,15
2020-02-07 07:53:00,130.729,130.745,130.729,130.745,5
2020-02-07 07:54:00,130.714,130.714,130.714,130.714,1
2020-02-07 07:55:00,130.714,130.729,130.714,130.729,2
2020-02-07 07:58:00,130.714,130.729,130.714,130.729,4
2020-02-07 08:00:00,130.729,130.745,130.698,130.698,11
2020-02-07 08:01:00,130.745,130.745,130.729,130.745,7
2020-02-07 08:02:00,130.761,130.761,130.745,130.752,23
2020-02-07 08:05:00,130.745,130.745,130.745,130.745,1
2020-02-07 08:06:00,130.729,130.738,130.729,130.738,4
2020-02-07 08:07:00,130.729,130.729,130.714,130.722,4
2020-02-07 08:08:00,130.714,130.729,130.714,130.714,23
2020-02-07 08:09:00,130.714,130.729,130.714,130.729,9
2020-02-07 08:10:00,130.714,130.729,130.714,130.729,9
2020-02-07 08:11:00,130.745,130.745,130.729,130.729,7
2020-02-07 08:13:00,130.745,130.761,130.729,130.729,8
2020-02-07 08:14:00,130.745,130.761,130.745,130.752,3
2020-02-07 08:15:00,130.729,130.729,130.729,130.729,1
2020-02-07 08:16:00,130.729,130.729,130.714,130.722,10
2020-02-07 08:17:00,130.729,130.729,130.714,130.714,2
2020-02-07 08:18:00,130.745,130.745,130.745,130.745,1
2020-02-07 08:19:00,130.729,130.729,130.729,130.729,1
2020-02-07 08:20:00,130.729,130.745,130.729,130.745,2
2020-02-07 08:21:00,130.729,130.745,130.714,130.745,17
2020-02-07 08:23:00,130.729,130.729,130.714,130.722,3
2020-02-07 08:24:00,130.714,130.714,130.714,130.714,1
2020-02-07 08:26:00,130.698,130.698,130.698,130.698,1
2020-02-07 08:29:00,130.714,130.729,130.706,130.706,4
2020-02-07 08:30:00,130.714,130.729,130.714,130.729,9
2020-02-07 08:31:00,130.714,130.729,130.714,130.729,15
2020-02-07 08:32:00,130.714,130.729,130.714,130.729,2
2020-02-07 08:35:00,130.698,130.729,130.698,130.729,4
2020-02-07 08:36:00,130.698,130.714,130.698,130.714,6
2020-02-07 08:38:00,130.714,130.714,130.698,130.714,3
2020-02-07 08:39:00,130.714,130.714,130.698,130.698,6
2020-02-07 08:40:00,130.698,130.698,130.698,130.698,1
2020-02-07 08:41:00,130.698,130.714,130.682,130.706,6
2020-02-07 08:43:00,130.682,130.698,130.682,130.682,10
2020-02-07 08:44:00,130.682,130.698,130.682,130.698,4
2020-02-07 08:45:00,130.698,130.698,130.682,130.698,3
2020-02-07 08:48:00,130.698,130.698,130.698,130.698,1
2020-02-07 08:49:00,130.714,130.714,130.698,130.714,14
2020-02-07 08:52:00,130.729,130.729,130.714,130.729,5
2020-02-07 08:54:00,130.714,130.722,130.714,130.722,2
2020-02-07 08:57:00,130.698,130.698,130.698,130.698,1
2020-02-07 08:59:00,130.698,130.698,130.682,130.682,2
2020-02-07 09:00:00,130.698,130.698,130.682,130.682,6
2020-02-07 09:01:00,130.698,130.714,130.698,130.714,2
2020-02-07 09:03:00,130.682,130.698,130.682,130.682,5
2020-02-07 09:04:00,130.682,130.698,130.682,130.698,2
2020-02-07 09:05:00,130.682,130.698,130.682,130.698,4
2020-02-07 09:06:00,130.682,130.698,130.682,130.698,2
2020-02-07 09:07:00,130.682,130.698,130.682,130.698,2
2020-02-07 09:09:00,130.667,130.674,130.667,130.674,2
2020-02-07 09:10:00,130.667,130.683,130.667,130.674,5
2020-02-07 09:11:00,130.667,130.683,130.667,130.683,6
2020-02-07 09:12:00,130.651,130.667,130.651,130.651,4
2020-02-07 09:13:00,130.651,130.651,130.636,130.636,3
2020-02-07 09:14:00,130.667,130.667,130.651,130.667,5
2020-02-07 09:17:00,130.667,130.683,130.667,130.674,3
2020-02-07 09:18:00,130.683,130.683,130.683,130.683,1
2020-02-07 09:19:00,130.667,130.683,130.667,130.667,3
2020-02-07 09:21:00,130.651,130.667,130.651,130.651,8
2020-02-07 09:24:00,130.636,130.651,130.636,130.636,7
2020-02-07 09:25:00,130.651,130.651,130.636,130.651,6
2020-02-07 09:26:00,130.667,130.667,130.636,130.644,11
2020-02-07 09:27:00,130.683,130.683,130.667,130.683,25
2020-02-07 09:28:00,130.683,130.698,130.667,130.667,12
2020-02-07 09:29:00,130.714,130.714,130.683,130.69,29
2020-02-07 09:30:00,130.714,130.714,130.698,130.698,2
2020-02-07 09:32:00,130.714,130.729,130.714,130.729,10
2020-02-07 09:33:00,130.729,130.729,130.714,130.729,7
2020-02-07 09:34:00,130.714,130.729,130.714,130.714,3
2020-02-07 09:35:00,130.729,130.729,130.729,130.729,1
2020-02-07 09:37:00,130.714,130.714,130.714,130.714,1
2020-02-07 09:38:00,130.714,130.729,130.714,130.729,2
2020-02-07 09:40:00,130.729,130.729,130.729,130.729,1
2020-02-07 09:41:00,130.729,130.729,130.714,130.714,8
2020-02-07 09:42:00,130.714,130.714,130.714,130.714,1
2020-02-07 09:43:00,130.714,130.729,130.714,130.729,2
2020-02-07 09:44:00,130.729,130.729,130.729,130.729,1
2020-02-07 09:46:00,130.729,130.745,130.729,130.745,6
2020-02-07 09:47:00,130.745,130.745,130.745,130.745,1
2020-02-07 09:49:00,130.729,130.745,130.729,130.729,7
2020-02-07 09:50:00,130.729,130.745,130.729,130.745,5
2020-02-07 09:51:00,130.745,130.745,130.745,130.745,1
2020-02-07 09:52:00,130.729,130.729,130.729,130.729,1
2020-02-07 09:54:00,130.745,130.745,130.745,130.745,1
2020-02-07 09:55:00,130.729,130.738,130.729,130.738,2
2020-02-07 09:56:00,130.745,130.745,130.729,130.738,10
2020-02-07 09:57:00,130.745,130.745,130.729,130.729,4
2020-02-07 09:58:00,130.729,130.729,130.729,130.729,1
2020-02-07 10:00:00,130.729,130.745,130.729,130.738,8
2020-02-07 10:01:00,130.729,130.745,130.729,130.738,6
2020-02-07 10:04:00,130.745,130.745,130.745,130.745,1
2020-02-07 10:08:00,130.761,130.761,130.761,130.761,1
2020-02-07 10:09:00,130.761,130.761,130.745,130.745,14
2020-02-07 10:10:00,130.839,130.854,130.745,130.745,48
2020-02-07 10:11:00,130.87,130.886,130.839,130.846,83
2020-02-07 10:12:00,130.839,130.87,130.839,130.862,17
2020-02-07 10:13:00,130.839,130.854,130.823,130.854,11
2020-02-07 10:14:00,130.839,130.839,130.823,130.83,15
2020-02-07 10:15:00,130.823,130.839,130.823,130.823,9
2020-02-07 10:16:00,130.839,130.839,130.823,130.83,3
2020-02-07 10:17:00,130.823,130.839,130.823,130.823,19
2020-02-07 10:18:00,130.808,130.823,130.808,130.808,17
2020-02-07 10:20:00,130.808,130.808,130.792,130.792,26
2020-02-07 10:21:00,130.823,130.823,130.808,130.823,12
2020-02-07 10:22:00,130.808,130.823,130.808,130.808,15
2020-02-07 10:23:00,130.808,130.823,130.808,130.823,16
2020-02-07 10:25:00,130.792,130.808,130.792,130.792,11
2020-02-07 10:27:00,130.808,130.808,130.792,130.8,9
2020-02-07 10:28:00,130.792,130.808,130.792,130.792,3
2020-02-07 10:29:00,130.792,130.792,130.776,130.776,12
2020-02-07 10:31:00,130.792,130.808,130.792,130.8,7
2020-02-07 10:33:00,130.808,130.823,130.792,130.808,12
2020-02-07 10:34:00,130.823,130.823,130.808,130.823,15
2020-02-07 10:35:00,130.823,130.839,130.823,130.83,4
2020-02-07 10:36:00,130.808,130.823,130.808,130.808,23
2020-02-07 10:38:00,130.808,130.808,130.792,130.792,2
2020-02-07 10:39:00,130.823,130.823,130.808,130.823,3
2020-02-07 10:40:00,130.823,130.823,130.808,130.808,7
2020-02-07 10:41:00,130.808,130.808,130.808,130.808,1
2020-02-07 10:42:00,130.823,130.823,130.808,130.823,3
2020-02-07 10:43:00,130.808,130.823,130.808,130.808,7
2020-02-07 10:44:00,130.808,130.808,130.792,130.792,11
2020-02-07 10:46:00,130.823,130.823,130.808,130.823,17
2020-02-07 10:47:00,130.823,130.823,130.808,130.808,2
2020-02-07 10:48:00,130.823,130.823,130.808,130.808,2
2020-02-07 10:49:00,130.808,130.808,130.808,130.808,1
2020-02-07 10:53:00,130.808,130.823,130.808,130.823,6
2020-02-07 10:54:00,130.808,130.823,130.808,130.823,8
2020-02-07 10:56:00,130.808,130.823,130.808,130.823,4
2020-02-07 10:58:00,130.823,130.823,130.808,130.823,3
2020-02-07 11:00:00,130.839,130.839,130.839,130.839,1
2020-02-07 11:01:00,130.839,130.854,130.839,130.854,2
2020-02-07 11:02:00,130.839,130.854,130.839,130.854,3
2020-02-07 11:03:00,130.823,130.839,130.823,130.823,9
2020-02-07 11:07:00,130.823,130.823,130.808,130.808,11
2020-02-07 11:08:00,130.823,130.823,130.808,130.816,8
2020-02-07 11:09:00,130.808,130.808,130.808,130.808,1
2020-02-07 11:12:00,130.792,130.792,130.792,130.792,1
2020-02-07 11:13:00,130.776,130.776,130.776,130.776,1
2020-02-07 11:15:00,130.761,130.761,130.761,130.761,1
2020-02-07 11:16:00,130.761,130.776,130.745,130.745,7
2020-02-07 11:19:00,130.776,130.776,130.768,130.768,2
2020-02-07 11:20:00,130.761,130.776,130.761,130.761,5
2020-02-07 11:22:00,130.745,130.745,130.745,130.745,1
2020-02-07 11:23:00,130.761,130.761,130.754,130.754,2
2020-02-07 11:24:00,130.761,130.776,130.761,130.776,4
2020-02-07 11:25:00,130.761,130.776,130.761,130.776,8
2020-02-07 11:26:00,130.761,130.776,130.761,130.776,6
2020-02-07 11:27:00,130.761,130.776,130.761,130.776,2
2020-02-07 11:28:00,130.761,130.776,130.761,130.776,2
2020-02-07 11:29:00,130.761,130.761,130.745,130.745,2
2020-02-07 11:30:00,130.761,130.761,130.745,130.754,11
2020-02-07 11:32:00,130.745,130.776,130.745,130.768,10
2020-02-07 11:33:00,130.745,130.745,130.73,130.738,19
2020-02-07 11:34:00,130.73,130.73,130.73,130.73,1
2020-02-07 11:37:00,130.73,130.745,130.73,130.745,10
2020-02-07 11:39:00,130.73,130.745,130.73,130.745,2
2020-02-07 11:41:00,130.745,130.745,130.73,130.745,3
2020-02-07 11:45:00,130.745,130.745,130.73,130.73,3
2020-02-07 11:48:00,130.745,130.761,130.745,130.754,3
2020-02-07 11:50:00,130.745,130.745,130.73,130.73,2
2020-02-07 11:53:00,130.73,130.745,130.73,130.738,4
2020-02-07 11:54:00,130.73,130.745,130.73,130.745,2
2020-02-07 11:55:00,130.73,130.73,130.714,130.714,6
2020-02-07 11:57:00,130.745,130.745,130.745,130.745,1
2020-02-07 11:59:00,130.73,130.745,130.73,130.73,6
2020-02-07 12:02:00,130.73,130.745,130.73,130.745,2
2020-02-07 12:05:00,130.714,130.73,130.714,130.714,29
2020-02-07 12:07:00,130.698,130.714,130.698,130.698,9
2020-02-07 12:08:00,130.698,130.714,130.698,130.714,5
2020-02-07 12:10:00,130.698,130.714,130.698,130.714,26
2020-02-07 12:11:00,130.714,130.714,130.698,130.714,11
2020-02-07 12:12:00,130.698,130.698,130.698,130.698,1
2020-02-07 12:14:00,130.698,130.714,130.698,130.714,10
2020-02-07 12:15:00,130.698,130.714,130.698,130.714,8
2020-02-07 12:16:00,130.698,130.698,130.683,130.683,2
2020-02-07 12:20:00,130.714,130.714,130.706,130.706,2
2020-02-07 12:23:00,130.698,130.706,130.683,130.706,5
2020-02-07 12:25:00,130.683,130.698,130.683,130.683,22
2020-02-07 12:26:00,130.698,130.698,130.683,130.69,4
2020-02-07 12:28:00,130.683,130.683,130.683,130.683,1
2020-02-07 12:30:00,130.667,130.683,130.667,130.667,13
2020-02-07 12:33:00,130.683,130.683,130.683,130.683,1
2020-02-07 12:35:00,130.683,130.698,130.683,130.698,8
2020-02-07 12:36:00,130.683,130.683,130.667,130.667,10
2020-02-07 12:38:00,130.683,130.683,130.667,130.667,6
2020-02-07 12:39:00,130.667,130.683,130.667,130.667,9
2020-02-07 12:41:00,130.667,130.683,130.667,130.683,2
2020-02-07 12:43:00,130.683,130.683,130.683,130.683,1
2020-02-07 12:44:00,130.667,130.667,130.667,130.667,1
2020-02-07 12:46:00,130.667,130.683,130.667,130.676,6
2020-02-07 12:47:00,130.683,130.683,130.667,130.683,4
2020-02-07 12:48:00,130.683,130.683,130.667,130.667,2
2020-02-07 12:49:00,130.667,130.667,130.667,130.667,1
2020-02-07 12:50:00,130.652,130.667,130.652,130.652,3
2020-02-07 12:54:00,130.636,130.652,130.636,130.636,8
2020-02-07 12:55:00,130.652,130.652,130.652,130.652,1
2020-02-07 12:59:00,130.652,130.652,130.636,130.636,2
2020-02-07 13:00:00,130.652,130.652,130.636,130.636,2
2020-02-07 13:01:00,130.636,130.652,130.636,130.636,3
2020-02-07 13:03:00,130.652,130.652,130.636,130.644,21
2020-02-07 13:04:00,130.636,130.652,130.636,130.644,18
2020-02-07 13:06:00,130.62,130.636,130.62,130.62,5
2020-02-07 13:07:00,130.636,130.636,130.62,130.636,16
2020-02-07 13:08:00,130.652,130.652,130.636,130.652,15
2020-02-07 13:09:00,130.652,130.652,130.636,130.636,2
2020-02-07 13:10:00,130.652,130.652,130.636,130.636,22
2020-02-07 13:11:00,130.652,130.652,130.636,130.636,3
2020-02-07 13:12:00,130.667,130.667,130.652,130.667,13
2020-02-07 13:13:00,130.667,130.667,130.652,130.652,16
2020-02-07 13:14:00,130.667,130.667,130.652,130.652,4
2020-02-07 13:15:00,130.683,130.683,130.652,130.652,5
2020-02-07 13:17:00,130.667,130.683,130.667,130.667,8
2020-02-07 13:18:00,130.667,130.683,130.667,130.683,8
2020-02-07 13:19:00,130.667,130.683,130.667,130.683,6
2020-02-07 13:20:00,130.683,130.683,130.667,130.683,8
2020-02-07 13:21:00,130.636,130.683,130.636,130.676,15
2020-02-07 13:22:00,130.636,130.652,130.636,130.652,9
2020-02-07 13:23:00,130.636,130.652,130.636,130.652,4
2020-02-07 13:24:00,130.62,130.636,130.62,130.62,4
2020-02-07 13:25:00,130.62,130.636,130.62,130.628,24
2020-02-07 13:26:00,130.62,130.636,130.62,130.628,3
2020-02-07 13:27:00,130.62,130.636,130.62,130.636,18
2020-02-07 13:28:00,130.636,130.636,130.62,130.636,30
2020-02-07 13:29:00,130.636,130.636,130.62,130.62,11
2020-02-07 13:30:00,130.527,130.558,130.496,130.52,250
2020-02-07 13:31:00,130.605,130.605,130.534,130.534,56
2020-02-07 13:32:00,130.62,130.652,130.605,130.62,40
2020-02-07 13:33:00,130.652,130.667,130.605,130.612,32
2020-02-07 13:34:00,130.683,130.683,130.652,130.66,42
2020-02-07 13:35:00,130.777,130.808,130.69,130.69,122
2020-02-07 13:36:00,130.808,130.839,130.777,130.792,27
2020-02-07 13:37:00,130.73,130.792,130.73,130.792,35
2020-02-07 13:38:00,130.761,130.761,130.699,130.738,67
2020-02-07 13:39:00,130.73,130.761,130.73,130.745,14
2020-02-07 13:40:00,130.777,130.792,130.745,130.745,26
2020-02-07 13:41:00,130.745,130.792,130.745,130.761,26
2020-02-07 13:42:00,130.777,130.777,130.73,130.73,28
2020-02-07 13:43:00,130.792,130.808,130.761,130.761,19
2020-02-07 13:44:00,130.792,130.823,130.792,130.808,24
2020-02-07 13:45:00,130.777,130.823,130.777,130.8,30
2020-02-07 13:46:00,130.823,130.839,130.792,130.792,18
2020-02-07 13:47:00,130.855,130.87,130.823,130.839,37
2020-02-07 13:48:00,130.839,130.87,130.823,130.846,28
2020-02-07 13:49:00,130.823,130.839,130.808,130.823,7
2020-02-07 13:50:00,130.777,130.823,130.777,130.808,17
2020-02-07 13:51:00,130.761,130.792,130.745,130.792,20
2020-02-07 13:52:00,130.761,130.777,130.745,130.745,7
2020-02-07 13:53:00,130.761,130.777,130.761,130.768,18
2020-02-07 13:54:00,130.777,130.777,130.761,130.777,16
2020-02-07 13:55:00,130.761,130.777,130.761,130.761,5
2020-02-07 13:56:00,130.745,130.754,130.73,130.754,13
2020-02-07 13:57:00,130.777,130.777,130.745,130.761,18
2020-02-07 13:58:00,130.777,130.792,130.777,130.792,5
2020-02-07 13:59:00,130.777,130.792,130.761,130.761,17
2020-02-07 14:00:00,130.761,130.792,130.745,130.792,9
2020-02-07 14:01:00,130.761,130.761,130.745,130.745,9
2020-02-07 14:02:00,130.714,130.745,130.714,130.745,25
2020-02-07 14:03:00,130.73,130.73,130.699,130.699,6
2020-02-07 14:04:00,130.745,130.761,130.73,130.745,5
2020-02-07 14:05:00,130.761,130.777,130.745,130.761,10
2020-02-07 14:06:00,130.777,130.777,130.761,130.777,5
2020-02-07 14:07:00,130.745,130.777,130.745,130.761,10
2020-02-07 14:08:00,130.777,130.792,130.761,130.761,14
2020-02-07 14:10:00,130.792,130.792,130.777,130.792,4
2020-02-07 14:11:00,130.808,130.808,130.808,130.808,1
2020-02-07 14:12:00,130.824,130.839,130.816,130.816,23
2020-02-07 14:13:00,130.808,130.808,130.792,130.808,13
2020-02-07 14:14:00,130.824,130.824,130.808,130.824,11
2020-02-07 14:15:00,130.792,130.816,130.761,130.816,21
2020-02-07 14:16:00,130.808,130.808,130.792,130.808,3
2020-02-07 14:17:00,130.855,130.855,130.808,130.824,10
2020-02-07 14:18:00,130.839,130.855,130.839,130.839,13
2020-02-07 14:19:00,130.855,130.855,130.839,130.855,16
2020-02-07 14:20:00,130.839,130.87,130.839,130.87,3
2020-02-07 14:21:00,130.855,130.855,130.839,130.855,3
2020-02-07 14:22:00,130.839,130.855,130.839,130.839,10
2020-02-07 14:23:00,130.855,130.855,130.839,130.855,11
2020-02-07 14:24:00,130.855,130.855,130.839,130.839,5
2020-02-07 14:25:00,130.855,130.855,130.839,130.839,15
2020-02-07 14:26:00,130.839,130.855,130.839,130.839,13
2020-02-07 14:27:00,130.839,130.855,130.839,130.855,7
2020-02-07 14:30:00,130.902,130.902,130.846,130.846,15
2020-02-07 14:31:00,130.87,130.902,130.87,130.886,31
2020-02-07 14:32:00,130.886,130.886,130.855,130.855,18
2020-02-07 14:33:00,130.948,130.948,130.902,130.902,70
2020-02-07 14:34:00,130.948,130.964,130.917,130.956,25
2020-02-07 14:35:00,130.948,130.964,130.917,130.964,31
2020-02-07 14:36:00,130.933,130.964,130.933,130.964,13
2020-02-07 14:37:00,130.902,130.948,130.902,130.948,13
2020-02-07 14:38:00,130.902,130.917,130.902,130.917,27
2020-02-07 14:39:00,130.902,130.917,130.886,130.917,10
2020-02-07 14:40:00,130.886,130.917,130.886,130.917,8
2020-02-07 14:41:00,130.902,130.902,130.886,130.902,43
2020-02-07 14:42:00,130.902,130.917,130.902,130.917,15
2020-02-07 14:43:00,130.886,130.902,130.886,130.894,10
2020-02-07 14:44:00,130.886,130.886,130.87,130.87,10
2020-02-07 14:45:00,130.902,130.902,130.886,130.902,5
2020-02-07 14:46:00,130.917,130.917,130.902,130.917,3
2020-02-07 14:48:00,130.902,130.933,130.902,130.933,13
2020-02-07 14:49:00,130.917,130.917,130.917,130.917,1
2020-02-07 14:50:00,130.902,130.917,130.902,130.902,8
2020-02-07 14:51:00,130.902,130.917,130.902,130.91,18
2020-02-07 14:52:00,130.902,130.902,130.886,130.886,6
2020-02-07 14:53:00,130.902,130.917,130.886,130.917,14
2020-02-07 14:54:00,130.902,130.902,130.886,130.886,4
2020-02-07 14:55:00,130.917,130.917,130.886,130.886,5
2020-02-07 14:56:00,130.917,130.933,130.917,130.933,2
2020-02-07 14:57:00,130.933,130.933,130.917,130.926,4
2020-02-07 14:58:00,130.948,130.948,130.933,130.948,5
2020-02-07 14:59:00,130.948,130.964,130.933,130.933,7
2020-02-07 15:00:00,130.98,130.98,130.948,130.964,6
2020-02-07 15:01:00,130.98,130.995,130.964,130.988,7
2020-02-07 15:02:00,130.995,130.995,130.964,130.964,6
2020-02-07 15:03:00,131.011,131.011,131.011,131.011,1
2020-02-07 15:04:00,131.011,131.042,130.995,130.995,31
2020-02-07 15:05:00,130.98,131.011,130.98,130.995,25
2020-02-07 15:06:00,130.964,130.98,130.964,130.964,15
2020-02-07 15:07:00,130.949,130.98,130.949,130.98,14
2020-02-07 15:08:00,130.949,130.964,130.949,130.964,4
2020-02-07 15:09:00,130.933,130.964,130.933,130.964,28
2020-02-07 15:10:00,130.933,130.949,130.917,130.949,14
2020-02-07 15:11:00,130.917,130.933,130.917,130.917,3
2020-02-07 15:12:00,130.917,130.933,130.917,130.933,10
2020-02-07 15:13:00,130.917,130.933,130.917,130.926,19
2020-02-07 15:14:00,130.933,130.933,130.917,130.933,18
2020-02-07 15:15:00,130.949,130.964,130.949,130.949,3
2020-02-07 15:16:00,130.949,130.964,130.949,130.964,8
2020-02-07 15:17:00,130.933,130.94,130.933,130.94,2
2020-02-07 15:18:00,130.917,130.933,130.917,130.917,7
2020-02-07 15:19:00,130.917,130.917,130.902,130.902,4
2020-02-07 15:20:00,130.902,130.917,130.886,130.902,7
2020-02-07 15:21:00,130.902,130.902,130.886,130.886,27
2020-02-07 15:22:00,130.917,130.933,130.886,130.886,10
2020-02-07 15:23:00,130.917,130.917,130.902,130.902,9
2020-02-07 15:24:00,130.902,130.902,130.886,130.902,14
2020-02-07 15:25:00,130.902,130.917,130.886,130.886,12
2020-02-07 15:26:00,130.886,130.902,130.886,130.886,7
2020-02-07 15:27:00,130.87,130.886,130.87,130.87,3
2020-02-07 15:28:00,130.87,130.886,130.87,130.886,6
2020-02-07 15:30:00,130.839,130.855,130.824,130.855,5
2020-02-07 15:31:00,130.824,130.839,130.808,130.824,25
2020-02-07 15:32:00,130.839,130.839,130.824,130.839,5
2020-02-07 15:34:00,130.855,130.87,130.839,130.848,29
2020-02-07 15:36:00,130.855,130.871,130.855,130.87,12
2020-02-07 15:37:00,130.839,130.855,130.839,130.848,10
2020-02-07 15:38:00,130.839,130.855,130.839,130.855,19
2020-02-07 15:39:00,130.839,130.855,130.839,130.855,20
2020-02-07 15:40:00,130.871,130.871,130.839,130.855,24
2020-02-07 15:41:00,130.839,130.871,130.808,130.862,37
2020-02-07 15:42:00,130.777,130.824,130.761,130.824,18
2020-02-07 15:43:00,130.777,130.777,130.746,130.761,34
2020-02-07 15:44:00,130.808,130.808,130.761,130.77,13
2020-02-07 15:45:00,130.792,130.808,130.777,130.8,19
2020-02-07 15:46:00,130.808,130.824,130.792,130.808,9
2020-02-07 15:47:00,130.839,130.839,130.808,130.824,4
2020-02-07 15:48:00,130.839,130.855,130.839,130.855,20
2020-02-07 15:49:00,130.839,130.839,130.824,130.824,4
2020-02-07 15:50:00,130.839,130.839,130.824,130.824,14
2020-02-07 15:51:00,130.824,130.855,130.824,130.855,3
2020-02-07 15:52:00,130.824,130.839,130.824,130.839,4
2020-02-07 15:53:00,130.824,130.839,130.824,130.839,2
2020-02-07 15:54:00,130.839,130.839,130.824,130.839,5
2020-02-07 15:55:00,130.839,130.839,130.824,130.824,2
2020-02-07 15:56:00,130.824,130.824,130.824,130.824,1
2020-02-07 15:57:00,130.792,130.808,130.792,130.808,5
2020-02-07 15:58:00,130.824,130.824,130.792,130.808,10
2020-02-07 15:59:00,130.839,130.839,130.824,130.839,7
2020-02-07 16:00:00,130.871,130.871,130.839,130.855,14
2020-02-07 16:01:00,130.917,130.917,130.886,130.886,10
2020-02-07 16:02:00,130.917,130.933,130.917,130.933,24
2020-02-07 16:03:00,130.886,130.902,130.871,130.902,4
2020-02-07 16:04:00,130.886,130.902,130.886,130.902,4
2020-02-07 16:05:00,130.871,130.871,130.855,130.871,4
2020-02-07 16:06:00,130.902,130.902,130.886,130.886,3
2020-02-07 16:07:00,130.886,130.902,130.871,130.886,19
2020-02-07 16:08:00,130.886,130.902,130.871,130.878,9
2020-02-07 16:09:00,130.917,130.917,130.886,130.902,6
2020-02-07 16:10:00,130.933,130.949,130.917,130.926,18
2020-02-07 16:11:00,130.917,130.949,130.917,130.94,21
2020-02-07 16:13:00,130.902,130.902,130.902,130.902,1
2020-02-07 16:14:00,130.917,130.917,130.917,130.917,1
2020-02-07 16:15:00,130.902,130.917,130.902,130.902,17
2020-02-07 16:16:00,130.917,130.917,130.902,130.917,15
2020-02-07 16:17:00,130.902,130.902,130.902,130.902,1
2020-02-07 16:18:00,130.902,130.917,130.902,130.917,10
2020-02-07 16:19:00,130.902,130.917,130.902,130.917,12
2020-02-07 16:20:00,130.871,130.886,130.871,130.886,7
2020-02-07 16:21:00,130.886,130.886,130.871,130.886,18
2020-02-07 16:22:00,130.886,130.902,130.886,130.902,3
2020-02-07 16:23:00,130.871,130.871,130.871,130.871,1
2020-02-07 16:24:00,130.855,130.871,130.855,130.855,5
2020-02-07 16:26:00,130.855,130.855,130.839,130.839,8
2020-02-07 16:27:00,130.839,130.855,130.839,130.839,5
2020-02-07 16:29:00,130.855,130.855,130.839,130.855,8
2020-02-07 16:30:00,130.855,130.855,130.839,130.839,10
2020-02-07 16:31:00,130.824,130.848,130.824,130.848,7
2020-02-07 16:32:00,130.824,130.839,130.824,130.839,10
2020-02-07 16:33:00,130.839,130.839,130.839,130.839,1
2020-02-07 16:34:00,130.839,130.855,130.839,130.855,12
2020-02-07 16:35:00,130.839,130.855,130.839,130.855,5
2020-02-07 16:36:00,130.839,130.855,130.839,130.848,15
2020-02-07 16:38:00,130.855,130.855,130.839,130.855,5
2020-02-07 16:39:00,130.871,130.871,130.855,130.871,5
2020-02-07 16:40:00,130.886,130.886,130.886,130.886,1
2020-02-07 16:41:00,130.871,130.886,130.871,130.878,20
2020-02-07 16:43:00,130.886,130.886,130.886,130.886,1
2020-02-07 16:44:00,130.886,130.902,130.886,130.894,3
2020-02-07 16:45:00,130.902,130.902,130.886,130.902,4
2020-02-07 16:49:00,130.917,130.917,130.902,130.917,8
2020-02-07 16:50:00,130.917,130.917,130.902,130.902,5
2020-02-07 16:52:00,130.917,130.933,130.917,130.926,10
2020-02-07 16:53:00,130.917,130.933,130.917,130.933,2
2020-02-07 16:54:00,130.917,130.933,130.917,130.933,2
2020-02-07 16:56:00,130.902,130.902,130.902,130.902,1
2020-02-07 16:59:00,130.886,130.902,130.886,130.886,4
2020-02-07 17:00:00,130.886,130.902,130.886,130.902,2
2020-02-07 17:01:00,130.902,130.902,130.902,130.902,1
2020-02-07 17:04:00,130.917,130.917,130.917,130.917,1
2020-02-07 17:05:00,130.886,130.902,130.886,130.902,4
2020-02-07 17:07:00,130.855,130.886,130.855,130.871,6
2020-02-07 17:08:00,130.855,130.855,130.839,130.839,9
2020-02-07 17:09:00,130.855,130.871,130.855,130.871,8
2020-02-07 17:11:00,130.855,130.855,130.839,130.839,9
2020-02-07 17:12:00,130.839,130.839,130.824,130.839,4
2020-02-07 17:13:00,130.855,130.855,130.839,130.848,6
2020-02-07 17:14:00,130.839,130.839,130.839,130.839,1
2020-02-07 17:17:00,130.839,130.839,130.824,130.832,3
2020-02-07 17:18:00,130.824,130.839,130.824,130.824,8
2020-02-07 17:19:00,130.839,130.839,130.824,130.839,14
2020-02-07 17:20:00,130.824,130.855,130.824,130.848,4
2020-02-07 17:21:00,130.808,130.808,130.793,130.808,4
2020-02-07 17:22:00,130.808,130.808,130.793,130.793,5
2020-02-07 17:23:00,130.824,130.824,130.808,130.816,10
2020-02-07 17:27:00,130.808,130.808,130.808,130.808,1
2020-02-07 17:29:00,130.808,130.824,130.808,130.824,11
2020-02-07 17:30:00,130.824,130.824,130.816,130.816,2
2020-02-07 17:31:00,130.824,130.824,130.808,130.816,3
2020-02-07 17:33:00,130.839,130.839,130.839,130.839,1
2020-02-07 17:34:00,130.855,130.855,130.855,130.855,1
2020-02-07 17:35:00,130.839,130.855,130.839,130.839,26
2020-02-07 17:37:00,130.855,130.855,130.839,130.855,5
2020-02-07 17:38:00,130.871,130.871,130.862,130.862,2
2020-02-07 17:39:00,130.855,130.862,130.855,130.862,2
2020-02-07 17:41:00,130.855,130.871,130.855,130.871,2
2020-02-07 17:42:00,130.855,130.871,130.855,130.871,7
2020-02-07 17:43:00,130.871,130.871,130.871,130.871,1
2020-02-07 17:45:00,130.855,130.855,130.855,130.855,1
2020-02-07 17:46:00,130.855,130.871,130.855,130.871,2
2020-02-07 17:50:00,130.871,130.871,130.871,130.871,1
2020-02-07 17:51:00,130.871,130.871,130.855,130.862,9
2020-02-07 17:53:00,130.886,130.886,130.886,130.886,1
2020-02-07 17:55:00,130.886,130.886,130.871,130.871,2
2020-02-07 17:56:00,130.902,130.902,130.886,130.894,4
2020-02-07 17:57:00,130.886,130.902,130.886,130.886,5
2020-02-07 17:58:00,130.886,130.886,130.871,130.871,6
2020-02-07 18:07:00,130.902,130.902,130.886,130.902,3
2020-02-07 18:08:00,130.902,130.902,130.886,130.894,3
2020-02-07 18:11:00,130.886,130.902,130.886,130.894,5
2020-02-07 18:12:00,130.902,130.902,130.886,130.894,8
2020-02-07 18:13:00,130.886,130.902,130.886,130.886,8
2020-02-07 18:28:00,130.886,130.886,130.871,130.871,7
2020-02-07 18:34:00,130.918,130.933,130.902,130.902,19
2020-02-07 18:35:00,130.902,130.918,130.871,130.902,41
2020-02-07 18:37:00,130.918,130.918,130.902,130.918,25
2020-02-07 18:38:00,130.933,130.933,130.902,130.902,8
2020-02-07 18:39:00,130.933,130.933,130.918,130.926,6
2020-02-07 18:40:00,130.918,130.933,130.918,130.918,5
2020-02-07 18:41:00,130.918,130.933,130.918,130.933,2
2020-02-07 18:42:00,130.918,130.933,130.918,130.933,5
2020-02-07 18:43:00,130.918,130.933,130.918,130.926,30
2020-02-07 18:45:00,130.933,130.933,130.933,130.933,1
2020-02-07 18:47:00,130.949,130.949,130.933,130.949,6
2020-02-07 18:48:00,130.933,130.933,130.933,130.933,1
2020-02-07 18:51:00,130.933,130.933,130.918,130.918,3
2020-02-07 18:52:00,130.933,130.933,130.918,130.918,4
2020-02-07 18:55:00,130.933,130.933,130.918,130.918,2
2020-02-07 18:57:00,130.949,130.964,130.933,130.949,16
2020-02-07 18:58:00,130.964,130.98,130.964,130.964,5
2020-02-07 18:59:00,130.964,130.98,130.964,130.972,11
2020-02-07 19:00:00,130.98,130.98,130.964,130.98,3
2020-02-07 19:01:00,130.996,130.996,130.98,130.988,6
2020-02-07 19:02:00,131.011,131.011,131.004,131.004,2
2020-02-07 19:03:00,130.996,131.011,130.996,130.996,9
2020-02-07 19:04:00,131.011,131.011,131.004,131.004,2
2020-02-07 19:05:00,131.011,131.027,131.011,131.02,9
2020-02-07 19:06:00,130.98,130.996,130.98,130.996,2
2020-02-07 19:07:00,130.98,130.98,130.965,130.965,4
2020-02-07 19:08:00,130.996,130.996,130.98,130.996,6
2020-02-07 19:09:00,130.98,130.996,130.98,130.988,5
2020-02-07 19:13:00,130.996,130.996,130.996,130.996,1
2020-02-07 19:15:00,130.949,130.98,130.949,130.98,15
2020-02-07 19:16:00,130.949,130.965,130.949,130.965,2
2020-02-07 19:17:00,130.965,130.965,130.949,130.965,3
2020-02-07 19:18:00,130.965,130.965,130.949,130.949,2
2020-02-07 19:19:00,130.965,130.965,130.949,130.949,4
2020-02-07 19:20:00,130.98,130.98,130.965,130.98,4
2020-02-07 19:21:00,130.965,130.98,130.965,130.965,16
2020-02-07 19:22:00,130.965,130.98,130.965,130.972,8
2020-02-07 19:24:00,130.98,130.98,130.98,130.98,1
2020-02-07 19:26:00,130.965,130.965,130.965,130.965,1
2020-02-07 19:27:00,130.949,130.949,130.949,130.949,1
2020-02-07 19:28:00,130.965,130.965,130.949,130.965,4
2020-02-07 19:30:00,130.965,130.965,130.949,130.956,3
2020-02-07 19:34:00,130.98,130.98,130.965,130.98,7
2020-02-07 19:35:00,130.98,130.996,130.98,130.996,3
2020-02-07 19:41:00,130.996,130.996,130.988,130.988,2
2020-02-07 19:42:00,130.98,130.988,130.98,130.988,2
2020-02-07 19:44:00,130.949,130.98,130.949,130.972,8
2020-02-07 19:45:00,130.965,130.965,130.949,130.965,17
2020-02-07 19:50:00,130.965,130.965,130.949,130.956,10
2020-02-07 19:51:00,130.965,130.98,130.965,130.972,3
2020-02-07 19:53:00,130.965,130.965,130.949,130.949,13
2020-02-07 19:54:00,130.949,130.949,130.949,130.949,1
2020-02-07 19:55:00,130.965,130.965,130.949,130.965,3
2020-02-07 19:56:00,130.949,130.956,130.949,130.956,2
2020-02-07 19:58:00,130.965,130.965,130.965,130.965,1
2020-02-07 19:59:00,130.98,130.996,130.965,130.98,12
2020-02-07 20:00:00,130.949,130.972,130.949,130.972,5
2020-02-07 20:05:00,130.933,130.933,130.933,130.933,1
2020-02-07 20:06:00,130.933,130.933,130.918,130.918,4
2020-02-07 20:09:00,130.933,130.933,130.918,130.926,10
2020-02-07 20:11:00,130.949,130.949,130.933,130.949,4
2020-02-07 20:12:00,130.949,130.965,130.949,130.965,2
2020-02-07 20:14:00,130.949,130.949,130.933,130.942,12
2020-02-07 20:15:00,130.933,130.933,130.933,130.933,1
2020-02-07 20:16:00,130.918,130.933,130.918,130.918,10
2020-02-07 20:19:00,130.918,130.933,130.918,130.933,5
2020-02-07 20:20:00,130.918,130.933,130.918,130.933,6
2020-02-07 20:22:00,130.933,130.933,130.918,130.933,3
2020-02-07 20:23:00,130.933,130.933,130.918,130.918,6
2020-02-07 20:25:00,130.918,130.933,130.918,130.918,21
2020-02-07 20:30:00,130.918,130.933,130.918,130.926,6
2020-02-07 20:32:00,130.918,130.918,130.902,130.902,7
2020-02-07 20:33:00,130.918,130.933,130.918,130.933,2
2020-02-07 20:38:00,130.918,130.918,130.902,130.91,3
2020-02-07 20:39:00,130.918,130.918,130.902,130.902,2
2020-02-07 20:41:00,130.918,130.918,130.902,130.902,2
2020-02-07 20:53:00,130.933,130.933,130.933,130.933,1
2020-02-07 20:57:00,130.918,130.918,130.918,130.918,1
2020-02-07 21:00:00,130.933,130.933,130.933,130.933,1
2020-02-07 21:01:00,130.918,130.933,130.918,130.918,17
2020-02-07 21:02:00,130.933,130.933,130.918,130.926,13
2020-02-07 21:03:00,130.918,130.933,130.918,130.926,23
2020-02-07 21:04:00,130.933,130.933,130.918,130.933,13
2020-02-07 21:05:00,130.918,130.918,130.918,130.918,1
2020-02-07 21:06:00,130.933,130.933,130.933,130.933,1
2020-02-07 21:07:00,130.918,130.933,130.918,130.918,8
2020-02-07 21:10:00,130.918,130.933,130.918,130.926,10
2020-02-07 21:11:00,130.933,130.933,130.918,130.933,4
2020-02-07 21:13:00,130.949,130.949,130.949,130.949,1
2020-02-07 21:14:00,130.933,130.933,130.933,130.933,1
2020-02-07 21:21:00,130.949,130.949,130.933,130.949,3
2020-02-07 21:24:00,130.965,130.965,130.965,130.965,1
2020-02-07 21:25:00,130.949,130.949,130.949,130.949,1
2020-02-07 21:33:00,130.949,130.949,130.933,130.942,19
2020-02-07 21:34:00,130.933,130.949,130.933,130.933,8
2020-02-07 21:35:00,130.933,130.949,130.933,130.942,3
2020-02-07 21:39:00,130.949,130.949,130.933,130.949,5
2020-02-07 21:40:00,130.949,130.949,130.933,130.942,3
2020-02-07 21:42:00,130.949,130.949,130.933,130.933,3
2020-02-07 21:50:00,130.933,130.933,130.933,130.933,1
2020-02-07 21:59:00,130.933,130.933,130.933,130.933,1
2020-02-09 23:00:00,131.032,131.032,131.0,131.032,9
2020-02-09 23:01:00,130.954,131.047,130.954,131.047,19
2020-02-09 23:02:00,130.985,130.985,130.954,130.962,15
2020-02-09 23:03:00,130.938,130.976,130.922,130.976,7
2020-02-09 23:04:00,130.922,130.93,130.922,130.93,2
2020-02-09 23:05:00,130.922,130.938,130.922,130.938,5
2020-02-09 23:06:00,130.922,130.938,130.922,130.938,5
2020-02-09 23:07:00,130.938,130.938,130.93,130.93,2
2020-02-09 23:08:00,130.954,130.954,130.938,130.954,5
2020-02-09 23:10:00,130.969,130.969,130.938,130.938,7
2020-02-09 23:11:00,130.969,130.969,130.954,130.954,7
2020-02-09 23:12:00,130.985,131.0,130.985,130.985,7
2020-02-09 23:13:00,130.985,130.985,130.976,130.976,2
2020-02-09 23:14:00,130.985,130.985,130.969,130.969,2
2020-02-09 23:16:00,130.969,130.969,130.969,130.969,1
2020-02-09 23:18:00,130.969,130.985,130.969,130.985,10
2020-02-09 23:19:00,130.985,130.985,130.969,130.976,8
2020-02-09 23:20:00,130.985,130.985,130.969,130.969,2
2020-02-09 23:22:00,131.0,131.0,131.0,131.0,1
2020-02-09 23:24:00,131.016,131.032,131.008,131.008,6
2020-02-09 23:25:00,131.032,131.047,131.016,131.032,27
2020-02-09 23:26:00,131.032,131.047,131.032,131.047,4
2020-02-09 23:27:00,131.032,131.047,131.032,131.047,4
2020-02-09 23:28:00,131.032,131.047,131.016,131.047,6
2020-02-09 23:29:00,131.032,131.032,131.016,131.024,6
2020-02-09 23:30:00,131.047,131.047,131.047,131.047,1
2020-02-09 23:32:00,131.078,131.078,131.063,131.063,2
2020-02-09 23:33:00,131.11,131.11,131.063,131.063,4
2020-02-09 23:34:00,131.172,131.203,131.125,131.125,39
2020-02-09 23:35:00,131.235,131.25,131.172,131.188,17
2020-02-09 23:36:00,131.188,131.235,131.172,131.219,38
2020-02-09 23:37:00,131.172,131.188,131.157,131.172,25
2020-02-09 23:38:00,131.172,131.172,131.157,131.164,8
2020-02-09 23:39:00,131.125,131.164,131.125,131.164,6
2020-02-09 23:40:00,131.157,131.157,131.125,131.141,11
2020-02-09 23:41:00,131.157,131.157,131.141,131.141,24
2020-02-09 23:42:00,131.157,131.188,131.141,131.148,7
2020-02-09 23:43:00,131.157,131.157,131.125,131.141,6
2020-02-09 23:44:00,131.141,131.172,131.141,131.164,23
2020-02-09 23:45:00,131.125,131.125,131.11,131.125,3
2020-02-09 23:46:00,131.11,131.125,131.11,131.11,5
2020-02-09 23:47:00,131.125,131.125,131.125,131.125,1
2020-02-09 23:48:00,131.125,131.125,131.11,131.11,3
2020-02-09 23:49:00,131.125,131.141,131.125,131.134,4
2020-02-09 23:51:00,131.125,131.125,131.11,131.11,5
2020-02-09 23:52:00,131.141,131.141,131.125,131.141,5
2020-02-09 23:54:00,131.141,131.141,131.125,131.125,2
2020-02-09 23:55:00,131.141,131.157,131.125,131.134,6
2020-02-09 23:56:00,131.141,131.157,131.141,131.157,2
2020-02-09 23:57:00,131.141,131.157,131.141,131.157,4
2020-02-09 23:58:00,131.141,131.141,131.125,131.134,8
2020-02-09 23:59:00,131.157,131.157,131.157,131.157,1
2020-02-10 00:00:00,131.125,131.148,131.125,131.141,13
2020-02-10 00:01:00,131.125,131.125,131.11,131.118,17
2020-02-10 00:02:00,131.11,131.125,131.11,131.11,4
2020-02-10 00:03:00,131.094,131.102,131.079,131.102,6
2020-02-10 00:05:00,131.11,131.125,131.11,131.11,13
2020-02-10 00:06:00,131.11,131.125,131.11,131.125,4
2020-02-10 00:07:00,131.11,131.11,131.094,131.102,5
2020-02-10 00:08:00,131.11,131.11,131.094,131.094,15
2020-02-10 00:09:00,131.094,131.11,131.094,131.102,5
2020-02-10 00:10:00,131.11,131.11,131.102,131.11,3
2020-02-10 00:11:00,131.11,131.11,131.094,131.094,4
2020-02-10 00:12:00,131.11,131.11,131.094,131.102,3
2020-02-10 00:13:00,131.125,131.125,131.11,131.125,5
2020-02-10 00:15:00,131.11,131.125,131.11,131.11,6
2020-02-10 00:16:00,131.11,131.11,131.094,131.102,8
2020-02-10 00:19:00,131.125,131.125,131.118,131.118,2
2020-02-10 00:20:00,131.11,131.125,131.11,131.11,9
2020-02-10 00:22:00,131.11,131.11,131.094,131.094,2
2020-02-10 00:24:00,131.094,131.094,131.094,131.094,1
2020-02-10 00:25:00,131.079,131.094,131.079,131.079,7
2020-02-10 00:26:00,131.079,131.094,131.079,131.094,7
2020-02-10 00:27:00,131.094,131.094,131.086,131.086,4
2020-02-10 00:28:00,131.079,131.094,131.079,131.079,9
2020-02-10 00:29:00,131.094,131.094,131.079,131.094,3
2020-02-10 00:30:00,131.094,131.094,131.079,131.079,2
2020-02-10 00:31:00,131.094,131.094,131.079,131.079,5
2020-02-10 00:32:00,131.079,131.079,131.079,131.079,1
2020-02-10 00:34:00,131.063,131.079,131.063,131.07,4
2020-02-10 00:39:00,131.079,131.079,131.079,131.079,1
2020-02-10 00:41:00,131.063,131.063,131.063,131.063,1
2020-02-10 00:43:00,131.079,131.079,131.079,131.079,1
2020-02-10 00:44:00,131.079,131.079,131.063,131.063,2
2020-02-10 00:48:00,131.094,131.094,131.094,131.094,1
2020-02-10 00:49:00,131.11,131.11,131.094,131.11,3
2020-02-10 00:50:00,131.094,131.11,131.094,131.094,3
2020-02-10 00:51:00,131.11,131.11,131.11,131.11,1
2020-02-10 00:52:00,131.094,131.094,131.094,131.094,1
2020-02-10 00:54:00,131.079,131.086,131.079,131.086,2
2020-02-10 00:55:00,131.094,131.094,131.079,131.094,3
2020-02-10 00:56:00,131.094,131.094,131.079,131.079,6
2020-02-10 00:57:00,131.11,131.11,131.094,131.11,4
2020-02-10 00:58:00,131.094,131.11,131.094,131.094,5
2020-02-10 00:59:00,131.079,131.079,131.079,131.079,1
2020-02-10 01:00:00,131.079,131.079,131.063,131.063,7
2020-02-10 01:01:00,131.063,131.063,131.063,131.063,1
2020-02-10 01:02:00,131.063,131.063,131.047,131.047,4
2020-02-10 01:04:00,131.063,131.079,131.047,131.079,4
2020-02-10 01:05:00,131.079,131.079,131.079,131.079,1
2020-02-10 01:06:00,131.079,131.079,131.063,131.07,6
2020-02-10 01:07:00,131.063,131.079,131.063,131.063,3
2020-02-10 01:08:00,131.047,131.047,131.047,131.047,1
2020-02-10 01:09:00,131.063,131.063,131.047,131.063,3
2020-02-10 01:11:00,131.079,131.079,131.063,131.079,3
2020-02-10 01:12:00,131.063,131.079,131.063,131.063,11
2020-02-10 01:15:00,131.047,131.047,131.032,131.047,3
2020-02-10 01:16:00,131.047,131.063,131.032,131.063,6
2020-02-10 01:17:00,131.032,131.047,131.016,131.032,7
2020-02-10 01:18:00,131.032,131.032,131.016,131.016,2
2020-02-10 01:19:00,131.016,131.032,131.016,131.024,4
2020-02-10 01:20:00,131.032,131.032,131.001,131.001,5
2020-02-10 01:21:00,131.032,131.047,131.016,131.016,10
2020-02-10 01:23:00,131.032,131.032,131.016,131.016,6
2020-02-10 01:24:00,131.016,131.032,131.016,131.016,3
2020-02-10 01:25:00,131.016,131.016,131.001,131.008,10
2020-02-10 01:26:00,131.032,131.032,131.016,131.032,3
2020-02-10 01:27:00,131.047,131.047,131.032,131.047,9
2020-02-10 01:29:00,131.047,131.063,131.047,131.063,4
2020-02-10 01:30:00,131.032,131.063,131.032,131.063,6
2020-02-10 01:31:00,131.032,131.047,131.032,131.047,5
2020-02-10 01:32:00,131.047,131.047,131.047,131.047,1
2020-02-10 01:33:00,131.032,131.032,131.016,131.032,3
2020-02-10 01:34:00,131.016,131.016,131.016,131.016,1
2020-02-10 01:35:00,131.001,131.001,131.001,131.001,1
2020-02-10 01:36:00,130.985,130.985,130.969,130.985,13
2020-02-10 01:37:00,130.985,130.985,130.969,130.969,3
2020-02-10 01:38:00,131.001,131.001,130.985,130.992,4
2020-02-10 01:40:00,131.008,131.016,130.985,130.985,10
2020-02-10 01:41:00,130.985,131.016,130.985,131.016,12
2020-02-10 01:42:00,130.969,131.001,130.969,131.001,5
2020-02-10 01:43:00,130.954,130.954,130.954,130.954,1
2020-02-10 01:44:00,130.923,130.954,130.923,130.938,8
2020-02-10 01:45:00,130.938,130.938,130.923,130.938,4
2020-02-10 01:46:00,130.954,130.954,130.954,130.954,1
2020-02-10 01:48:00,130.938,130.954,130.923,130.938,7
2020-02-10 01:50:00,130.938,130.938,130.923,130.923,11
2020-02-10 01:51:00,130.954,130.954,130.938,130.954,8
2020-02-10 01:55:00,130.938,130.946,130.938,130.946,2
2020-02-10 01:56:00,130.954,130.954,130.938,130.954,5
2020-02-10 01:57:00,130.969,130.969,130.954,130.969,5
2020-02-10 01:58:00,130.954,130.969,130.954,130.954,3
2020-02-10 02:00:00,130.969,130.969,130.969,130.969,1
2020-02-10 02:01:00,130.969,130.969,130.954,130.954,2
2020-02-10 02:02:00,130.954,130.969,130.954,130.954,3
2020-02-10 02:03:00,130.954,130.969,130.954,130.969,4
2020-02-10 02:04:00,130.954,130.954,130.938,130.938,8
2020-02-10 02:05:00,130.954,130.954,130.938,130.938,2
2020-02-10 02:06:00,130.954,130.954,130.938,130.938,2
2020-02-10 02:08:00,130.923,130.938,130.923,130.938,9
2020-02-10 02:09:00,130.923,130.938,130.923,130.93,3
2020-02-10 02:10:00,130.907,130.907,130.907,130.907,1
2020-02-10 02:11:00,130.891,130.907,130.891,130.891,3
2020-02-10 02:12:00,130.891,130.907,130.891,130.907,2
2020-02-10 02:13:00,130.86,130.876,130.86,130.876,10
2020-02-10 02:14:00,130.86,130.876,130.86,130.868,9
2020-02-10 02:15:00,130.845,130.86,130.813,130.852,10
2020-02-10 02:16:00,130.86,130.86,130.86,130.86,1
2020-02-10 02:17:00,130.86,130.86,130.845,130.845,6
2020-02-10 02:21:00,130.86,130.86,130.845,130.852,4
2020-02-10 02:24:00,130.876,130.876,130.86,130.868,5
2020-02-10 02:25:00,130.86,130.86,130.845,130.86,4
2020-02-10 02:27:00,130.86,130.876,130.845,130.876,4
2020-02-10 02:28:00,130.876,130.876,130.86,130.876,3
2020-02-10 02:29:00,130.86,130.876,130.86,130.86,5
2020-02-10 02:30:00,130.876,130.876,130.86,130.868,5
2020-02-10 02:31:00,130.891,130.891,130.891,130.891,1
2020-02-10 02:32:00,130.876,130.891,130.876,130.876,9
2020-02-10 02:33:00,130.86,130.86,130.86,130.86,1
2020-02-10 02:34:00,130.813,130.876,130.813,130.868,17
2020-02-10 02:35:00,130.813,130.829,130.813,130.829,11
2020-02-10 02:36:00,130.829,130.829,130.822,130.822,2
2020-02-10 02:38:00,130.813,130.829,130.813,130.813,3
2020-02-10 02:39:00,130.813,130.829,130.813,130.829,2
2020-02-10 02:41:00,130.845,130.845,130.829,130.829,2
2020-02-10 02:42:00,130.845,130.845,130.829,130.829,4
2020-02-10 02:47:00,130.86,130.86,130.845,130.852,6
2020-02-10 02:48:00,130.845,130.86,130.845,130.845,5
2020-02-10 02:51:00,130.845,130.86,130.845,130.86,6
2020-02-10 02:52:00,130.845,130.845,130.829,130.829,4
2020-02-10 02:55:00,130.845,130.86,130.845,130.86,3
2020-02-10 02:57:00,130.86,130.86,130.86,130.86,1
2020-02-10 02:58:00,130.845,130.845,130.845,130.845,1
2020-02-10 03:00:00,130.829,130.829,130.829,130.829,1
2020-02-10 03:01:00,130.829,130.836,130.829,130.836,2
2020-02-10 03:04:00,130.829,130.845,130.829,130.836,6
2020-02-10 03:07:00,130.829,130.845,130.829,130.845,2
2020-02-10 03:08:00,130.845,130.845,130.845,130.845,1
2020-02-10 03:10:00,130.845,130.86,130.845,130.86,5
2020-02-10 03:11:00,130.845,130.86,130.845,130.86,2
2020-02-10 03:16:00,130.86,130.86,130.86,130.86,1
2020-02-10 03:17:00,130.86,130.86,130.845,130.845,5
2020-02-10 03:18:00,130.86,130.876,130.86,130.868,3
2020-02-10 03:19:00,130.876,130.876,130.876,130.876,1
2020-02-10 03:20:00,130.876,130.876,130.86,130.868,3
2020-02-10 03:21:00,130.876,130.876,130.86,130.86,5
2020-02-10 03:25:00,130.86,130.86,130.86,130.86,1
2020-02-10 03:26:00,130.876,130.876,130.86,130.876,6
2020-02-10 03:31:00,130.892,130.892,130.876,130.884,4
2020-02-10 03:38:00,130.892,130.907,130.892,130.9,4
2020-02-10 03:40:00,130.876,130.876,130.876,130.876,1
2020-02-10 03:43:00,130.876,130.892,130.876,130.892,7
2020-02-10 03:44:00,130.892,130.892,130.876,130.892,3
2020-02-10 03:45:00,130.892,130.892,130.876,130.876,4
2020-02-10 03:46:00,130.876,130.876,130.876,130.876,1
2020-02-10 03:48:00,130.876,130.892,130.876,130.892,2
2020-02-10 03:49:00,130.892,130.892,130.892,130.892,1
2020-02-10 03:50:00,130.907,130.907,130.892,130.907,3
2020-02-10 03:51:00,130.892,130.907,130.892,130.892,13
2020-02-10 03:52:00,130.907,130.907,130.907,130.907,1
2020-02-10 03:53:00,130.892,130.892,130.892,130.892,1
2020-02-10 03:59:00,130.907,130.907,130.907,130.907,1
2020-02-10 04:01:00,130.892,130.892,130.892,130.892,1
2020-02-10 04:06:00,130.892,130.907,130.892,130.907,4
2020-02-10 04:09:00,130.907,130.907,130.907,130.907,1
2020-02-10 04:19:00,130.923,130.923,130.923,130.923,1
2020-02-10 04:25:00,130.907,130.907,130.907,130.907,1
2020-02-10 04:35:00,130.923,130.923,130.923,130.923,1
2020-02-10 04:36:00,130.907,130.907,130.907,130.907,1
2020-02-10 04:39:00,130.907,130.907,130.892,130.892,10
2020-02-10 04:42:00,130.892,130.892,130.892,130.892,1
2020-02-10 04:43:00,130.876,130.876,130.876,130.876,1
2020-02-10 04:44:00,130.876,130.892,130.876,130.892,4
2020-02-10 04:45:00,130.876,130.892,130.876,130.884,3
2020-02-10 04:46:00,130.876,130.892,130.876,130.884,4
2020-02-10 04:51:00,130.892,130.892,130.892,130.892,1
2020-02-10 04:52:00,130.907,130.907,130.892,130.907,8
2020-02-10 04:54:00,130.923,130.923,130.923,130.923,1
2020-02-10 04:55:00,130.938,130.938,130.923,130.938,10
2020-02-10 04:56:00,130.954,130.954,130.923,130.923,15
2020-02-10 04:57:00,130.938,130.954,130.938,130.946,9
2020-02-10 05:00:00,130.923,130.93,130.923,130.93,2
2020-02-10 05:01:00,130.923,130.938,130.923,130.938,8
2020-02-10 05:04:00,130.938,130.938,130.938,130.938,1
2020-02-10 05:05:00,130.923,130.923,130.923,130.923,1
2020-02-10 05:07:00,130.938,130.938,130.93,130.93,2
2020-02-10 05:10:00,130.923,130.938,130.923,130.93,4
2020-02-10 05:11:00,130.923,130.938,130.923,130.938,2
2020-02-10 05:13:00,130.923,130.938,130.923,130.938,5
2020-02-10 05:16:00,130.938,130.938,130.938,130.938,1
2020-02-10 05:18:00,130.938,130.954,130.938,130.954,5
2020-02-10 05:20:00,130.923,130.923,130.923,130.923,1
2020-02-10 05:23:00,130.907,130.907,130.907,130.907,1
2020-02-10 05:24:00,130.892,130.9,130.892,130.9,2
2020-02-10 05:26:00,130.892,130.892,130.876,130.876,2
2020-02-10 05:28:00,130.892,130.907,130.892,130.907,2
2020-02-10 05:31:00,130.892,130.892,130.876,130.884,14
2020-02-10 05:38:00,130.892,130.892,130.876,130.884,5
2020-02-10 05:39:00,130.86,130.892,130.86,130.884,6
2020-02-10 05:40:00,130.876,130.876,130.876,130.876,1
2020-02-10 05:41:00,130.876,130.876,130.86,130.868,8
2020-02-10 05:45:00,130.892,130.907,130.892,130.892,3
2020-02-10 05:46:00,130.892,130.892,130.876,130.876,3
2020-02-10 05:49:00,130.876,130.876,130.876,130.876,1
2020-02-10 05:50:00,130.892,130.892,130.892,130.892,1
2020-02-10 05:51:00,130.907,130.907,130.9,130.9,2
2020-02-10 05:54:00,130.907,130.923,130.907,130.923,2
2020-02-10 05:56:00,130.907,130.923,130.907,130.923,4
2020-02-10 06:10:00,130.907,130.907,130.892,130.892,2
2020-02-10 06:12:00,130.892,130.892,130.892,130.892,1
2020-02-10 06:15:00,130.907,130.907,130.907,130.907,1
2020-02-10 06:17:00,130.892,130.907,130.892,130.9,6
2020-02-10 06:18:00,130.892,130.892,130.876,130.884,6
2020-02-10 06:19:00,130.892,130.892,130.876,130.876,10
2020-02-10 06:21:00,130.892,130.892,130.884,130.884,2
2020-02-10 06:22:00,130.892,130.892,130.876,130.876,19
2020-02-10 06:23:00,130.892,130.892,130.876,130.884,9
2020-02-10 06:24:00,130.876,130.876,130.876,130.876,1
2020-02-10 06:31:00,130.876,130.876,130.86,130.86,10
2020-02-10 06:39:00,130.861,130.861,130.861,130.861,1
2020-02-10 06:42:00,130.876,130.876,130.876,130.876,1
2020-02-10 06:43:00,130.861,130.868,130.861,130.861,3
2020-02-10 06:48:00,130.829,130.845,130.829,130.845,2
2020-02-10 06:50:00,130.845,130.845,130.829,130.845,4
2020-02-10 06:51:00,130.845,130.845,130.829,130.829,2
2020-02-10 06:52:00,130.845,130.845,130.829,130.829,4
2020-02-10 06:54:00,130.845,130.845,130.829,130.829,4
2020-02-10 06:55:00,130.829,130.838,130.829,130.829,3
2020-02-10 06:56:00,130.838,130.845,130.829,130.838,13
2020-02-10 06:57:00,130.845,130.845,130.845,130.845,1
2020-02-10 06:59:00,130.845,130.861,130.845,130.852,5
2020-02-10 07:00:00,130.861,130.861,130.829,130.829,25
2020-02-10 07:01:00,130.845,130.861,130.845,130.845,6
2020-02-10 07:03:00,130.861,130.876,130.845,130.861,17
2020-02-10 07:04:00,130.861,130.876,130.861,130.876,22
2020-02-10 07:05:00,130.892,130.892,130.861,130.868,10
2020-02-10 07:08:00,130.907,130.907,130.892,130.9,16
2020-02-10 07:09:00,130.907,130.907,130.892,130.892,2
2020-02-10 07:10:00,130.907,130.907,130.892,130.892,2
2020-02-10 07:12:00,130.954,130.954,130.916,130.916,10
2020-02-10 07:13:00,130.939,130.954,130.939,130.939,19
2020-02-10 07:14:00,130.939,130.954,130.939,130.946,12
2020-02-10 07:15:00,130.939,130.954,130.939,130.954,17
2020-02-10 07:17:00,130.939,130.954,130.939,130.954,6
2020-02-10 07:18:00,130.939,130.954,130.939,130.954,12
2020-02-10 07:19:00,130.954,130.954,130.954,130.954,1
2020-02-10 07:23:00,130.939,130.939,130.907,130.939,13
2020-02-10 07:24:00,130.923,130.939,130.923,130.93,4
2020-02-10 07:27:00,130.907,130.923,130.907,130.907,7
2020-02-10 07:29:00,130.892,130.907,130.892,130.892,6
2020-02-10 07:30:00,130.861,130.884,130.861,130.884,12
2020-02-10 07:31:00,130.845,130.876,130.845,130.868,10
2020-02-10 07:32:00,130.845,130.861,130.829,130.838,20
2020-02-10 07:33:00,130.861,130.861,130.845,130.861,13
2020-02-10 07:34:00,130.892,130.892,130.845,130.845,11
2020-02-10 07:35:00,130.907,130.923,130.907,130.907,12
2020-02-10 07:36:00,130.892,130.907,130.892,130.892,9
2020-02-10 07:37:00,130.892,130.907,130.892,130.907,6
2020-02-10 07:38:00,130.876,130.907,130.876,130.907,5
2020-02-10 07:39:00,130.814,130.876,130.814,130.861,28
2020-02-10 07:40:00,130.829,130.845,130.798,130.829,36
2020-02-10 07:41:00,130.829,130.845,130.814,130.845,23
2020-02-10 07:42:00,130.814,130.829,130.814,130.822,12
2020-02-10 07:43:00,130.829,130.829,130.814,130.822,8
2020-02-10 07:44:00,130.845,130.845,130.845,130.845,1
2020-02-10 07:46:00,130.861,130.861,130.845,130.861,3
2020-02-10 07:47:00,130.861,130.876,130.861,130.876,9
2020-02-10 07:49:00,130.845,130.861,130.845,130.845,3
2020-02-10 07:50:00,130.861,130.861,130.861,130.861,1
2020-02-10 07:51:00,130.876,130.876,130.868,130.868,2
2020-02-10 07:52:00,130.861,130.861,130.845,130.861,17
2020-02-10 07:53:00,130.876,130.876,130.845,130.845,18
2020-02-10 07:54:00,130.876,130.876,130.861,130.861,4
2020-02-10 07:56:00,130.892,130.907,130.892,130.892,5
2020-02-10 07:57:00,130.892,130.907,130.892,130.907,4
2020-02-10 07:59:00,130.907,130.907,130.892,130.907,5
2020-02-10 08:00:00,130.954,130.954,130.907,130.923,61
2020-02-10 08:01:00,130.97,130.97,130.939,130.939,17
2020-02-10 08:02:00,130.939,130.97,130.939,130.954,14
2020-02-10 08:03:00,130.923,130.923,130.908,130.923,6
2020-02-10 08:04:00,130.923,130.923,130.908,130.908,13
2020-02-10 08:05:00,130.876,130.908,130.876,130.908,13
2020-02-10 08:06:00,130.861,130.861,130.845,130.861,7
2020-02-10 08:07:00,130.861,130.876,130.829,130.845,29
2020-02-10 08:08:00,130.876,130.876,130.845,130.845,5
2020-02-10 08:09:00,130.876,130.876,130.861,130.861,19
2020-02-10 08:10:00,130.876,130.876,130.861,130.861,8
2020-02-10 08:11:00,130.861,130.876,130.861,130.861,14
2020-02-10 08:13:00,130.845,130.861,130.829,130.845,10
2020-02-10 08:14:00,130.845,130.845,130.829,130.829,12
2020-02-10 08:15:00,130.845,130.845,130.829,130.829,2
2020-02-10 08:16:00,130.861,130.876,130.845,130.861,10
2020-02-10 08:17:00,130.876,130.876,130.845,130.852,16
2020-02-10 08:18:00,130.892,130.908,130.861,130.861,19
2020-02-10 08:19:00,130.908,130.908,130.892,130.908,3
2020-02-10 08:20:00,130.923,130.939,130.908,130.923,14
2020-02-10 08:21:00,130.923,130.923,130.908,130.908,10
2020-02-10 08:22:00,130.954,130.954,130.923,130.939,4
2020-02-10 08:23:00,130.97,130.97,130.954,130.97,5
2020-02-10 08:24:00,130.954,130.986,130.954,130.978,25
2020-02-10 08:25:00,131.017,131.017,130.954,130.97,30
2020-02-10 08:26:00,131.001,131.017,131.001,131.01,9
2020-02-10 08:27:00,131.017,131.017,131.001,131.017,9
2020-02-10 08:28:00,131.017,131.017,131.001,131.001,4
2020-02-10 08:29:00,131.017,131.017,131.001,131.001,6
2020-02-10 08:30:00,131.032,131.048,131.032,131.032,16
2020-02-10 08:31:00,131.032,131.048,131.032,131.048,19
2020-02-10 08:32:00,131.032,131.048,131.032,131.048,5
2020-02-10 08:33:00,131.048,131.048,131.048,131.048,1
2020-02-10 08:34:00,131.032,131.048,131.032,131.032,12
2020-02-10 08:35:00,131.032,131.048,131.032,131.048,16
2020-02-10 08:36:00,131.032,131.048,131.032,131.048,8
2020-02-10 08:37:00,131.048,131.048,131.032,131.048,5
2020-02-10 08:38:00,131.064,131.079,131.048,131.064,9
2020-02-10 08:39:00,131.064,131.079,131.064,131.072,8
2020-02-10 08:40:00,131.048,131.048,131.032,131.048,16
2020-02-10 08:41:00,131.079,131.079,131.064,131.064,12
2020-02-10 08:42:00,131.095,131.095,131.064,131.064,17
2020-02-10 08:43:00,131.095,131.095,131.079,131.088,9
2020-02-10 08:44:00,131.126,131.126,131.095,131.111,16
2020-02-10 08:45:00,131.111,131.126,131.095,131.118,16
2020-02-10 08:46:00,131.095,131.111,131.079,131.095,29
2020-02-10 08:47:00,131.064,131.095,131.048,131.079,17
2020-02-10 08:48:00,131.048,131.048,131.048,131.048,1
2020-02-10 08:49:00,131.048,131.048,131.032,131.032,7
2020-02-10 08:50:00,131.064,131.064,131.032,131.032,7
2020-02-10 08:51:00,131.048,131.064,131.032,131.048,12
2020-02-10 08:52:00,131.048,131.048,131.032,131.032,10
2020-02-10 08:53:00,131.032,131.048,131.032,131.032,13
2020-02-10 08:54:00,131.032,131.048,131.032,131.048,3
2020-02-10 08:55:00,131.033,131.048,131.032,131.048,6
2020-02-10 08:57:00,131.033,131.033,131.017,131.017,2
2020-02-10 08:58:00,131.033,131.033,131.017,131.017,8
2020-02-10 08:59:00,131.017,131.033,131.017,131.024,18
2020-02-10 09:00:00,131.001,131.017,131.001,131.001,9
2020-02-10 09:03:00,131.017,131.017,131.017,131.017,1
2020-02-10 09:04:00,130.986,131.001,130.986,131.001,2
2020-02-10 09:05:00,130.97,130.986,130.954,130.97,18
2020-02-10 09:06:00,130.97,130.986,130.97,130.986,11
2020-02-10 09:07:00,130.97,130.986,130.97,130.986,2
2020-02-10 09:08:00,130.97,130.97,130.954,130.954,15
2020-02-10 09:11:00,131.001,131.001,130.978,130.978,11
2020-02-10 09:12:00,131.001,131.001,130.986,130.986,2
2020-02-10 09:13:00,131.001,131.001,130.986,130.986,5
2020-02-10 09:14:00,130.986,131.001,130.986,130.986,3
2020-02-10 09:15:00,130.986,130.986,130.97,130.97,4
2020-02-10 09:16:00,130.986,131.001,130.97,130.978,13
2020-02-10 09:17:00,130.986,131.001,130.986,130.994,6
2020-02-10 09:18:00,131.001,131.001,131.001,131.001,1
2020-02-10 09:22:00,131.017,131.017,131.017,131.017,1
2020-02-10 09:23:00,131.017,131.017,131.001,131.001,4
2020-02-10 09:25:00,131.033,131.033,131.024,131.024,2
2020-02-10 09:26:00,131.017,131.017,131.017,131.017,1
2020-02-10 09:28:00,131.001,131.01,131.001,131.01,2
2020-02-10 09:29:00,131.017,131.017,131.001,131.017,6
2020-02-10 09:31:00,131.017,131.033,131.017,131.033,12
2020-02-10 09:32:00,131.001,131.01,131.001,131.01,2
2020-02-10 09:33:00,131.017,131.017,131.017,131.017,1
2020-02-10 09:34:00,131.017,131.017,131.001,131.001,2
2020-02-10 09:35:00,131.017,131.033,131.017,131.033,2
2020-02-10 09:36:00,131.017,131.033,131.017,131.033,10
2020-02-10 09:37:00,131.033,131.048,131.033,131.033,5
2020-02-10 09:38:00,131.048,131.048,131.04,131.04,2
2020-02-10 09:40:00,131.064,131.064,131.048,131.056,6
2020-02-10 09:41:00,131.048,131.064,131.048,131.048,7
2020-02-10 09:42:00,131.064,131.064,131.064,131.064,1
2020-02-10 09:43:00,131.048,131.064,131.048,131.056,10
2020-02-10 09:44:00,131.064,131.064,131.048,131.064,5
2020-02-10 09:45:00,131.095,131.095,131.079,131.079,2
2020-02-10 09:46:00,131.095,131.095,131.079,131.079,2
2020-02-10 09:47:00,131.079,131.095,131.079,131.088,9
2020-02-10 09:48:00,131.048,131.079,131.048,131.064,4
2020-02-10 09:50:00,131.064,131.064,131.048,131.064,12
2020-02-10 09:52:00,131.048,131.048,131.048,131.048,1
2020-02-10 09:54:00,131.064,131.064,131.064,131.064,1
2020-02-10 09:55:00,131.064,131.064,131.048,131.048,7
2020-02-10 09:56:00,131.048,131.048,131.048,131.048,1
2020-02-10 09:58:00,131.064,131.064,131.064,131.064,1
2020-02-10 09:59:00,131.064,131.064,131.048,131.056,6
2020-02-10 10:00:00,131.064,131.064,131.048,131.048,7
2020-02-10 10:01:00,131.048,131.079,131.048,131.079,3
2020-02-10 10:03:00,131.048,131.064,131.048,131.064,3
2020-02-10 10:06:00,131.064,131.064,131.048,131.056,4
2020-02-10 10:08:00,131.064,131.079,131.064,131.072,3
2020-02-10 10:13:00,131.048,131.048,131.048,131.048,1
2020-02-10 10:14:00,131.048,131.064,131.048,131.064,2
2020-02-10 10:15:00,131.064,131.064,131.064,131.064,1
2020-02-10 10:16:00,131.079,131.079,131.079,131.079,1
2020-02-10 10:17:00,131.064,131.079,131.064,131.072,6
2020-02-10 10:18:00,131.079,131.079,131.064,131.079,3
2020-02-10 10:19:00,131.079,131.079,131.064,131.064,4
2020-02-10 10:21:00,131.064,131.072,131.064,131.072,2
2020-02-10 10:22:00,131.079,131.079,131.079,131.079,1
2020-02-10 10:23:00,131.064,131.079,131.064,131.064,6
2020-02-10 10:24:00,131.064,131.079,131.064,131.079,3
2020-02-10 10:32:00,131.095,131.095,131.079,131.079,2
2020-02-10 10:34:00,131.095,131.111,131.095,131.111,8
2020-02-10 10:35:00,131.079,131.095,131.079,131.079,4
2020-02-10 10:38:00,131.079,131.095,131.079,131.095,10
2020-02-10 10:39:00,131.079,131.095,131.079,131.088,4
2020-02-10 10:40:00,131.079,131.079,131.064,131.064,8
2020-02-10 10:41:00,131.064,131.079,131.064,131.064,3
2020-02-10 10:43:00,131.017,131.079,131.017,131.079,10
2020-02-10 10:44:00,131.033,131.048,130.97,131.001,61
2020-02-10 10:45:00,131.048,131.064,131.033,131.048,7
2020-02-10 10:46:00,131.048,131.048,131.017,131.033,12
2020-02-10 10:47:00,131.017,131.064,131.001,131.064,27
2020-02-10 10:48:00,131.001,131.017,130.986,131.001,13
2020-02-10 10:49:00,131.001,131.017,130.986,131.017,15
2020-02-10 10:50:00,131.001,131.001,130.986,130.986,7
2020-02-10 10:51:00,131.017,131.017,131.017,131.017,1
2020-02-10 10:52:00,131.001,131.01,131.001,131.01,2
2020-02-10 10:53:00,131.017,131.017,131.017,131.017,1
2020-02-10 10:55:00,131.017,131.017,131.001,131.001,8
2020-02-10 10:58:00,131.017,131.033,131.017,131.033,2
2020-02-10 11:00:00,130.986,131.001,130.986,131.001,2
2020-02-10 11:01:00,131.001,131.001,130.986,131.001,3
2020-02-10 11:03:00,131.017,131.017,131.001,131.017,3
2020-02-10 11:04:00,131.017,131.017,131.001,131.001,4
2020-02-10 11:05:00,131.017,131.017,131.001,131.001,7
2020-02-10 11:06:00,131.017,131.017,131.001,131.01,14
2020-02-10 11:09:00,131.017,131.017,131.001,131.001,2
2020-02-10 11:12:00,131.033,131.033,131.033,131.033,1
2020-02-10 11:14:00,131.017,131.033,131.017,131.017,3
2020-02-10 11:16:00,131.033,131.033,131.017,131.024,3
2020-02-10 11:21:00,131.017,131.033,131.017,131.017,10
2020-02-10 11:22:00,131.033,131.033,131.033,131.033,1
2020-02-10 11:24:00,131.033,131.033,131.017,131.017,2
2020-02-10 11:25:00,131.017,131.017,131.017,131.017,1
2020-02-10 11:27:00,131.001,131.017,131.001,131.01,8
2020-02-10 11:29:00,130.986,130.986,130.986,130.986,1
2020-02-10 11:30:00,130.986,131.002,130.97,131.002,7
2020-02-10 11:31:00,130.97,130.986,130.97,130.97,12
2020-02-10 11:32:00,130.986,130.986,130.97,130.978,4
2020-02-10 11:33:00,130.986,131.002,130.986,131.002,2
2020-02-10 11:36:00,131.002,131.002,130.986,131.002,3
2020-02-10 11:37:00,130.986,130.986,130.986,130.986,1
2020-02-10 11:39:00,130.986,130.986,130.97,130.97,5
2020-02-10 11:45:00,131.002,131.002,130.994,130.994,2
2020-02-10 11:47:00,131.017,131.017,131.002,131.01,4
2020-02-10 11:49:00,131.017,131.033,131.017,131.024,5
2020-02-10 11:50:00,131.017,131.024,131.017,131.024,2
2020-02-10 11:58:00,131.017,131.033,131.017,131.033,10
2020-02-10 11:59:00,131.017,131.033,131.017,131.033,2
2020-02-10 12:00:00,131.002,131.002,131.002,131.002,1
2020-02-10 12:01:00,131.017,131.017,131.002,131.017,10
2020-02-10 12:04:00,131.033,131.033,131.017,131.033,6
2020-02-10 12:05:00,131.048,131.064,131.033,131.048,14
2020-02-10 12:06:00,131.033,131.048,131.033,131.033,3
2020-02-10 12:07:00,131.017,131.017,131.017,131.017,1
2020-02-10 12:08:00,131.017,131.017,131.002,131.01,3
2020-02-10 12:09:00,131.017,131.017,131.002,131.01,3
2020-02-10 12:10:00,131.017,131.017,131.002,131.002,7
2020-02-10 12:17:00,131.033,131.033,131.033,131.033,1
2020-02-10 12:21:00,131.002,131.026,131.002,131.026,5
2020-02-10 12:22:00,131.002,131.017,131.002,131.017,12
2020-02-10 12:23:00,131.017,131.033,131.002,131.017,9
2020-02-10 12:30:00,131.017,131.033,131.017,131.033,2
2020-02-10 12:31:00,131.033,131.033,131.033,131.033,1
2020-02-10 12:32:00,131.033,131.033,131.017,131.017,3
2020-02-10 12:34:00,131.017,131.033,131.017,131.026,4
2020-02-10 12:35:00,131.033,131.033,131.033,131.033,1
2020-02-10 12:37:00,131.017,131.033,131.017,131.017,3
2020-02-10 12:38:00,131.017,131.033,131.017,131.026,3
2020-02-10 12:39:00,131.017,131.033,131.017,131.033,2
2020-02-10 12:40:00,131.002,131.017,131.002,131.002,10
2020-02-10 12:41:00,131.017,131.017,131.002,131.017,5
2020-02-10 12:42:00,131.017,131.033,131.017,131.033,4
2020-02-10 12:46:00,131.017,131.033,131.017,131.026,20
2020-02-10 12:47:00,131.033,131.048,131.033,131.033,9
2020-02-10 12:48:00,131.048,131.048,131.033,131.04,18
2020-02-10 12:49:00,131.033,131.048,131.017,131.033,9
2020-02-10 12:50:00,131.033,131.033,131.017,131.017,6
2020-02-10 12:51:00,131.033,131.048,131.017,131.017,10
2020-02-10 12:52:00,131.033,131.048,131.033,131.048,8
2020-02-10 12:53:00,131.033,131.048,131.033,131.048,2
2020-02-10 12:54:00,131.033,131.048,131.033,131.048,19
2020-02-10 12:55:00,131.033,131.048,131.033,131.048,5
2020-02-10 12:56:00,131.048,131.064,131.033,131.04,9
2020-02-10 12:58:00,131.064,131.064,131.048,131.064,4
2020-02-10 12:59:00,131.064,131.08,131.064,131.072,28
2020-02-10 13:00:00,131.064,131.08,131.064,131.08,10
2020-02-10 13:01:00,131.064,131.08,131.064,131.08,2
2020-02-10 13:02:00,131.095,131.095,131.08,131.08,35
2020-02-10 13:03:00,131.095,131.095,131.08,131.088,14
2020-02-10 13:05:00,131.111,131.111,131.095,131.111,9
2020-02-10 13:06:00,131.095,131.095,131.095,131.095,1
2020-02-10 13:07:00,131.095,131.095,131.08,131.08,8
2020-02-10 13:08:00,131.095,131.111,131.095,131.111,9
2020-02-10 13:09:00,131.111,131.111,131.095,131.111,12
2020-02-10 13:10:00,131.111,131.127,131.095,131.095,7
2020-02-10 13:11:00,131.111,131.127,131.111,131.127,2
2020-02-10 13:12:00,131.127,131.127,131.104,131.104,23
2020-02-10 13:13:00,131.111,131.111,131.111,131.111,1
2020-02-10 13:14:00,131.095,131.111,131.095,131.104,4
2020-02-10 13:17:00,131.08,131.095,131.08,131.08,3
2020-02-10 13:19:00,131.064,131.064,131.064,131.064,1
2020-02-10 13:20:00,131.048,131.064,131.002,131.048,35
2020-02-10 13:21:00,131.048,131.048,131.033,131.04,33
2020-02-10 13:22:00,131.048,131.064,131.033,131.033,15
2020-02-10 13:23:00,131.048,131.064,131.033,131.033,17
2020-02-10 13:24:00,131.048,131.064,131.048,131.064,6
2020-02-10 13:25:00,131.048,131.064,131.033,131.064,9
2020-02-10 13:26:00,131.064,131.064,131.048,131.064,7
2020-02-10 13:27:00,131.064,131.064,131.048,131.048,13
2020-02-10 13:28:00,131.08,131.08,131.064,131.08,5
2020-02-10 13:29:00,131.08,131.095,131.08,131.095,2
2020-02-10 13:30:00,131.08,131.08,131.064,131.064,2
2020-02-10 13:32:00,131.095,131.095,131.088,131.088,2
2020-02-10 13:33:00,131.095,131.095,131.08,131.08,6
2020-02-10 13:34:00,131.111,131.111,131.111,131.111,1
2020-02-10 13:35:00,131.111,131.111,131.095,131.095,6
2020-02-10 13:36:00,131.111,131.111,131.095,131.095,2
2020-02-10 13:37:00,131.095,131.111,131.095,131.095,22
2020-02-10 13:38:00,131.095,131.111,131.095,131.111,2
2020-02-10 13:39:00,131.111,131.111,131.111,131.111,1
2020-02-10 13:40:00,131.111,131.111,131.095,131.104,6
2020-02-10 13:41:00,131.095,131.127,131.095,131.095,8
2020-02-10 13:42:00,131.111,131.111,131.095,131.111,4
2020-02-10 13:44:00,131.095,131.104,131.095,131.104,2
2020-02-10 13:46:00,131.095,131.111,131.095,131.111,3
2020-02-10 13:47:00,131.111,131.127,131.095,131.111,9
2020-02-10 13:49:00,131.095,131.095,131.095,131.095,1
2020-02-10 13:50:00,131.111,131.111,131.111,131.111,1
2020-02-10 13:51:00,131.095,131.111,131.095,131.095,4
2020-02-10 13:52:00,131.095,131.111,131.095,131.111,5
2020-02-10 13:55:00,131.08,131.08,131.08,131.08,1
2020-02-10 13:56:00,131.127,131.127,131.095,131.095,3
2020-02-10 14:00:00,131.127,131.127,131.111,131.111,2
2020-02-10 14:01:00,131.111,131.111,131.111,131.111,1
2020-02-10 14:02:00,131.127,131.127,131.127,131.127,1
2020-02-10 14:04:00,131.142,131.142,131.127,131.142,9
2020-02-10 14:05:00,131.158,131.158,131.142,131.158,8
2020-02-10 14:06:00,131.142,131.158,131.142,131.142,14
2020-02-10 14:07:00,131.158,131.158,131.142,131.158,3
2020-02-10 14:09:00,131.173,131.173,131.166,131.166,2
2020-02-10 14:11:00,131.189,131.189,131.173,131.189,3
2020-02-10 14:12:00,131.173,131.189,131.173,131.173,10
2020-02-10 14:13:00,131.189,131.189,131.189,131.189,1
2020-02-10 14:14:00,131.189,131.189,131.173,131.173,5
2020-02-10 14:15:00,131.189,131.205,131.189,131.205,2
2020-02-10 14:16:00,131.173,131.205,131.173,131.205,8
2020-02-10 14:17:00,131.173,131.189,131.173,131.189,4
2020-02-10 14:18:00,131.158,131.158,131.158,131.158,1
2020-02-10 14:19:00,131.173,131.173,131.158,131.173,17
2020-02-10 14:20:00,131.173,131.173,131.158,131.166,5
2020-02-10 14:22:00,131.173,131.173,131.158,131.166,3
2020-02-10 14:23:00,131.158,131.158,131.158,131.158,1
2020-02-10 14:27:00,131.174,131.174,131.158,131.174,15
2020-02-10 14:28:00,131.174,131.189,131.174,131.189,12
2020-02-10 14:29:00,131.174,131.189,131.158,131.189,10
2020-02-10 14:30:00,131.174,131.174,131.127,131.158,45
2020-02-10 14:31:00,131.158,131.189,131.142,131.189,18
2020-02-10 14:32:00,131.142,131.158,131.127,131.142,32
2020-02-10 14:33:00,131.127,131.158,131.127,131.158,19
2020-02-10 14:34:00,131.127,131.127,131.111,131.111,10
2020-02-10 14:35:00,131.142,131.142,131.111,131.111,12
2020-02-10 14:36:00,131.142,131.142,131.127,131.127,6
2020-02-10 14:37:00,131.127,131.142,131.127,131.127,3
2020-02-10 14:38:00,131.127,131.127,131.111,131.111,2
2020-02-10 14:40:00,131.127,131.127,131.111,131.111,6
2020-02-10 14:41:00,131.127,131.127,131.111,131.111,2
2020-02-10 14:43:00,131.127,131.127,131.111,131.111,2
2020-02-10 14:44:00,131.111,131.111,131.111,131.111,1
2020-02-10 14:45:00,131.127,131.127,131.127,131.127,1
2020-02-10 14:50:00,131.127,131.127,131.111,131.111,2
2020-02-10 14:52:00,131.111,131.127,131.111,131.111,3
2020-02-10 14:53:00,131.111,131.127,131.111,131.127,6
2020-02-10 14:54:00,131.095,131.104,131.095,131.104,2
2020-02-10 14:55:00,131.08,131.095,131.08,131.08,3
2020-02-10 14:57:00,131.08,131.08,131.064,131.064,6
2020-02-10 14:58:00,131.08,131.08,131.064,131.072,9
2020-02-10 14:59:00,131.049,131.08,131.049,131.064,5
2020-02-10 15:00:00,131.049,131.064,131.033,131.033,20
2020-02-10 15:01:00,131.064,131.064,131.049,131.064,18
2020-02-10 15:02:00,131.049,131.049,131.033,131.049,25
2020-02-10 15:03:00,131.049,131.049,131.033,131.033,6
2020-02-10 15:05:00,131.049,131.064,131.049,131.064,4
2020-02-10 15:06:00,131.049,131.064,131.049,131.064,10
2020-02-10 15:07:00,131.049,131.064,131.049,131.064,4
2020-02-10 15:08:00,131.049,131.064,131.049,131.056,3
2020-02-10 15:12:00,131.064,131.064,131.049,131.064,3
2020-02-10 15:14:00,131.08,131.08,131.064,131.08,3
2020-02-10 15:15:00,131.064,131.064,131.064,131.064,1
2020-02-10 15:17:00,131.049,131.064,131.049,131.049,9
2020-02-10 15:18:00,131.033,131.049,131.033,131.033,3
2020-02-10 15:19:00,131.049,131.049,131.033,131.049,7
2020-02-10 15:20:00,131.033,131.049,131.033,131.04,26
2020-02-10 15:21:00,131.049,131.049,131.033,131.049,12
2020-02-10 15:22:00,131.033,131.049,131.033,131.033,3
2020-02-10 15:23:00,131.064,131.064,131.049,131.049,2
2020-02-10 15:24:00,131.08,131.096,131.08,131.08,3
2020-02-10 15:25:00,131.08,131.096,131.08,131.096,6
2020-02-10 15:26:00,131.096,131.096,131.096,131.096,1
2020-02-10 15:27:00,131.096,131.096,131.08,131.08,7
2020-02-10 15:28:00,131.096,131.111,131.096,131.104,6
2020-02-10 15:29:00,131.096,131.111,131.096,131.111,3
2020-02-10 15:30:00,131.08,131.111,131.08,131.111,14
2020-02-10 15:31:00,131.096,131.111,131.096,131.096,4
2020-02-10 15:33:00,131.111,131.127,131.111,131.111,10
2020-02-10 15:34:00,131.111,131.111,131.096,131.096,4
2020-02-10 15:35:00,131.096,131.096,131.08,131.096,4
2020-02-10 15:36:00,131.096,131.096,131.08,131.08,14
2020-02-10 15:37:00,131.096,131.096,131.08,131.08,21
2020-02-10 15:38:00,131.096,131.096,131.08,131.08,7
2020-02-10 15:39:00,131.096,131.096,131.08,131.08,2
2020-02-10 15:40:00,131.111,131.127,131.096,131.104,9
2020-02-10 15:41:00,131.127,131.127,131.111,131.127,8
2020-02-10 15:45:00,131.111,131.127,131.111,131.111,12
2020-02-10 15:46:00,131.127,131.127,131.127,131.127,1
2020-02-10 15:48:00,131.111,131.12,131.111,131.12,2
2020-02-10 15:49:00,131.096,131.111,131.096,131.096,14
2020-02-10 15:50:00,131.127,131.127,131.096,131.111,17
2020-02-10 15:51:00,131.142,131.142,131.127,131.142,10
2020-02-10 15:53:00,131.127,131.142,131.127,131.127,5
2020-02-10 15:54:00,131.127,131.142,131.127,131.142,2
2020-02-10 15:55:00,131.142,131.142,131.127,131.142,15
2020-02-10 15:56:00,131.158,131.158,131.142,131.158,12
2020-02-10 15:57:00,131.158,131.174,131.158,131.174,2
2020-02-10 15:58:00,131.158,131.174,131.142,131.174,22
2020-02-10 15:59:00,131.142,131.158,131.142,131.142,18
2020-02-10 16:00:00,131.142,131.142,131.127,131.127,6
2020-02-10 16:02:00,131.127,131.142,131.127,131.134,3
2020-02-10 16:03:00,131.142,131.142,131.127,131.142,3
2020-02-10 16:04:00,131.127,131.127,131.127,131.127,1
2020-02-10 16:05:00,131.127,131.142,131.127,131.142,2
2020-02-10 16:07:00,131.127,131.142,131.127,131.142,2
2020-02-10 16:08:00,131.127,131.142,131.127,131.134,3
2020-02-10 16:10:00,131.127,131.142,131.127,131.142,8
2020-02-10 16:12:00,131.142,131.142,131.127,131.142,6
2020-02-10 16:13:00,131.142,131.158,131.142,131.158,2
2020-02-10 16:14:00,131.142,131.158,131.142,131.158,4
2020-02-10 16:15:00,131.142,131.158,131.142,131.15,3
2020-02-10 16:16:00,131.142,131.158,131.127,131.158,18
2020-02-10 16:19:00,131.158,131.158,131.142,131.158,8
2020-02-10 16:21:00,131.158,131.174,131.158,131.174,4
2020-02-10 16:24:00,131.158,131.158,131.143,131.143,2
2020-02-10 16:25:00,131.143,131.158,131.143,131.143,4
2020-02-10 16:26:00,131.158,131.158,131.15,131.15,2
2020-02-10 16:27:00,131.143,131.143,131.143,131.143,1
2020-02-10 16:31:00,131.143,131.143,131.127,131.127,11
2020-02-10 16:33:00,131.158,131.158,131.143,131.158,5
2020-02-10 16:39:00,131.158,131.158,131.143,131.15,3
2020-02-10 16:40:00,131.174,131.174,131.158,131.174,9
2020-02-10 16:41:00,131.174,131.174,131.158,131.158,3
2020-02-10 16:42:00,131.158,131.174,131.158,131.158,3
2020-02-10 16:43:00,131.174,131.174,131.158,131.174,4
2020-02-10 16:45:00,131.158,131.158,131.158,131.158,1
2020-02-10 16:57:00,131.158,131.174,131.158,131.174,6
2020-02-10 16:59:00,131.174,131.174,131.158,131.166,12
2020-02-10 17:00:00,131.174,131.174,131.158,131.158,9
2020-02-10 17:04:00,131.189,131.189,131.189,131.189,1
2020-02-10 17:10:00,131.174,131.174,131.174,131.174,1
2020-02-10 17:14:00,131.189,131.189,131.182,131.182,2
2020-02-10 17:15:00,131.205,131.205,131.189,131.205,6
2020-02-10 17:18:00,131.221,131.221,131.221,131.221,1
2020-02-10 17:20:00,131.221,131.236,131.221,131.236,6
2020-02-10 17:21:00,131.236,131.236,131.236,131.236,1
2020-02-10 17:22:00,131.252,131.252,131.252,131.252,1
2020-02-10 17:23:00,131.236,131.252,131.236,131.244,5
2020-02-10 17:24:00,131.236,131.252,131.236,131.244,23
2020-02-10 17:25:00,131.236,131.252,131.236,131.252,11
2020-02-10 17:29:00,131.221,131.236,131.221,131.221,18
2020-02-10 17:30:00,131.236,131.236,131.236,131.236,1
2020-02-10 17:31:00,131.236,131.236,131.221,131.221,4
2020-02-10 17:34:00,131.252,131.252,131.236,131.252,3
2020-02-10 17:35:00,131.268,131.268,131.268,131.268,1
2020-02-10 17:36:00,131.299,131.299,131.276,131.276,44
2020-02-10 17:38:00,131.299,131.314,131.299,131.314,11
2020-02-10 17:39:00,131.283,131.283,131.283,131.283,1
2020-02-10 17:40:00,131.283,131.283,131.268,131.276,3
2020-02-10 17:41:00,131.268,131.268,131.268,131.268,1
2020-02-10 17:43:00,131.283,131.283,131.268,131.283,3
2020-02-10 17:47:00,131.268,131.268,131.268,131.268,1
2020-02-10 17:49:00,131.268,131.283,131.268,131.276,9
2020-02-10 17:50:00,131.283,131.283,131.268,131.276,13
2020-02-10 17:51:00,131.283,131.283,131.268,131.268,2
2020-02-10 17:53:00,131.283,131.299,131.283,131.299,2
2020-02-10 17:59:00,131.268,131.268,131.268,131.268,1
2020-02-10 18:05:00,131.268,131.283,131.268,131.276,3
2020-02-10 18:06:00,131.283,131.283,131.268,131.276,11
2020-02-10 18:07:00,131.283,131.299,131.283,131.299,2
2020-02-10 18:09:00,131.268,131.268,131.268,131.268,1
2020-02-10 18:10:00,131.252,131.26,131.252,131.26,2
2020-02-10 18:11:00,131.252,131.252,131.236,131.236,5
2020-02-10 18:12:00,131.236,131.252,131.236,131.236,3
2020-02-10 18:13:00,131.252,131.252,131.236,131.244,22
2020-02-10 18:14:00,131.252,131.252,131.236,131.236,11
2020-02-10 18:15:00,131.252,131.252,131.236,131.244,10
2020-02-10 18:16:00,131.236,131.236,131.236,131.236,1
2020-02-10 18:17:00,131.252,131.252,131.236,131.252,3
2020-02-10 18:22:00,131.252,131.252,131.236,131.236,2
2020-02-10 18:23:00,131.252,131.268,131.252,131.26,3
2020-02-10 18:26:00,131.268,131.268,131.26,131.26,2
2020-02-10 18:28:00,131.283,131.283,131.268,131.283,10
2020-02-10 18:31:00,131.283,131.283,131.268,131.268,6
2020-02-10 18:32:00,131.268,131.283,131.268,131.276,10
2020-02-10 18:43:00,131.268,131.283,131.268,131.283,9
2020-02-10 18:46:00,131.252,131.268,131.252,131.26,9
2020-02-10 18:50:00,131.236,131.252,131.236,131.244,11
2020-02-10 18:51:00,131.252,131.252,131.252,131.252,1
2020-02-10 18:54:00,131.252,131.252,131.236,131.236,2
2020-02-10 18:55:00,131.252,131.252,131.236,131.236,2
2020-02-10 18:56:00,131.252,131.252,131.236,131.236,2
2020-02-10 19:00:00,131.252,131.268,131.252,131.268,8
2020-02-10 19:02:00,131.252,131.252,131.236,131.236,4
2020-02-10 19:03:00,131.268,131.268,131.268,131.268,1
2020-02-10 19:04:00,131.268,131.268,131.252,131.26,3
2020-02-10 19:06:00,131.252,131.252,131.252,131.252,1
2020-02-10 19:07:00,131.252,131.252,131.236,131.236,2
2020-02-10 19:15:00,131.283,131.283,131.252,131.268,14
2020-02-10 19:16:00,131.268,131.283,131.268,131.268,6
2020-02-10 19:17:00,131.268,131.283,131.268,131.283,2
2020-02-10 19:18:00,131.283,131.283,131.283,131.283,1
2020-02-10 19:25:00,131.283,131.283,131.268,131.268,2
2020-02-10 19:28:00,131.283,131.283,131.268,131.268,5
2020-02-10 19:29:00,131.268,131.276,131.268,131.276,2
2020-02-10 19:30:00,131.268,131.283,131.268,131.283,2
2020-02-10 19:31:00,131.268,131.283,131.268,131.283,7
2020-02-10 19:32:00,131.283,131.283,131.283,131.283,1
2020-02-10 19:33:00,131.268,131.276,131.268,131.276,2
2020-02-10 19:37:00,131.268,131.268,131.252,131.252,2
2020-02-10 19:38:00,131.268,131.283,131.268,131.283,2
2020-02-10 19:49:00,131.268,131.268,131.252,131.252,2
2020-02-10 19:56:00,131.268,131.268,131.252,131.252,2
2020-02-10 19:57:00,131.283,131.283,131.283,131.283,1
2020-02-10 19:58:00,131.268,131.268,131.252,131.268,6
2020-02-10 20:00:00,131.252,131.26,131.252,131.26,2
2020-02-10 20:01:00,131.252,131.268,131.252,131.268,2
2020-02-10 20:05:00,131.236,131.252,131.236,131.236,3
2020-02-10 20:06:00,131.236,131.252,131.236,131.252,2
2020-02-10 20:07:00,131.252,131.252,131.244,131.244,2
2020-02-10 20:08:00,131.236,131.252,131.236,131.236,3
2020-02-10 20:09:00,131.252,131.252,131.252,131.252,1
2020-02-10 20:10:00,131.236,131.252,131.236,131.236,4
2020-02-10 20:13:00,131.252,131.252,131.236,131.252,17
2020-02-10 20:21:00,131.252,131.252,131.236,131.236,8
2020-02-10 20:22:00,131.236,131.252,131.236,131.244,4
2020-02-10 20:25:00,131.237,131.237,131.221,131.221,2
2020-02-10 20:26:00,131.221,131.237,131.221,131.221,9
2020-02-10 20:29:00,131.205,131.205,131.205,131.205,1
2020-02-10 20:30:00,131.221,131.221,131.221,131.221,1
2020-02-10 20:31:00,131.237,131.237,131.237,131.237,1
2020-02-10 20:32:00,131.221,131.237,131.221,131.228,8
2020-02-10 20:35:00,131.205,131.214,131.205,131.214,2
2020-02-10 20:37:00,131.19,131.205,131.19,131.19,10
2020-02-10 20:38:00,131.19,131.205,131.19,131.205,6
2020-02-10 20:41:00,131.174,131.19,131.174,131.174,5
2020-02-10 20:42:00,131.158,131.174,131.158,131.158,3
2020-02-10 20:43:00,131.174,131.174,131.158,131.174,6
2020-02-10 20:44:00,131.174,131.174,131.158,131.158,9
2020-02-10 20:48:00,131.158,131.158,131.158,131.158,1
2020-02-10 20:50:00,131.174,131.174,131.158,131.174,10
2020-02-10 20:51:00,131.174,131.174,131.158,131.158,18
2020-02-10 20:52:00,131.158,131.174,131.158,131.158,8
2020-02-10 20:57:00,131.158,131.174,131.158,131.174,4
2020-02-10 21:00:00,131.174,131.174,131.159,131.174,3
2020-02-10 21:01:00,131.159,131.174,131.159,131.159,25
2020-02-10 21:04:00,131.159,131.174,131.159,131.166,16
2020-02-10 21:06:00,131.143,131.159,131.143,131.143,3
2020-02-10 21:13:00,131.127,131.127,131.127,131.127,1
2020-02-10 21:16:00,131.143,131.143,131.143,131.143,1
2020-02-10 21:17:00,131.127,131.127,131.127,131.127,1
2020-02-10 21:18:00,131.143,131.143,131.127,131.143,6
2020-02-10 21:20:00,131.143,131.159,131.143,131.15,3
2020-02-10 21:21:00,131.159,131.159,131.159,131.159,1
2020-02-10 21:22:00,131.159,131.159,131.143,131.143,2
2020-02-10 21:23:00,131.143,131.15,131.143,131.15,2
2020-02-10 21:24:00,131.159,131.159,131.15,131.15,2
2020-02-10 21:26:00,131.127,131.143,131.127,131.143,3
2020-02-10 21:27:00,131.143,131.143,131.143,131.143,1
2020-02-10 21:30:00,131.143,131.159,131.143,131.15,3
2020-02-10 21:40:00,131.127,131.127,131.127,131.127,1
2020-02-10 21:43:00,131.143,131.143,131.136,131.136,2
2020-02-10 21:47:00,131.127,131.136,131.127,131.136,2
2020-02-10 21:48:00,131.112,131.112,131.112,131.112,1
2020-02-10 21:50:00,131.096,131.096,131.096,131.096,1
2020-02-10 21:51:00,131.096,131.112,131.096,131.104,3
2020-02-10 21:54:00,131.08,131.08,131.08,131.08,1
2020-02-10 21:58:00,131.065,131.08,131.065,131.072,34
2020-02-10 21:59:00,131.065,131.065,131.065,131.065,1
2020-02-10 23:00:00,131.065,131.065,131.065,131.065,1
2020-02-10 23:01:00,131.049,131.049,131.049,131.049,1
2020-02-10 23:03:00,131.049,131.065,131.049,131.065,2
2020-02-10 23:04:00,131.065,131.065,131.049,131.058,10
2020-02-10 23:06:00,131.081,131.081,131.065,131.081,3
2020-02-10 23:19:00,131.065,131.065,131.065,131.065,1
2020-02-10 23:20:00,131.081,131.081,131.081,131.081,1
2020-02-10 23:21:00,131.081,131.081,131.065,131.065,6
2020-02-10 23:24:00,131.081,131.081,131.065,131.072,3
2020-02-10 23:25:00,131.081,131.081,131.065,131.065,2
2020-02-10 23:26:00,131.065,131.065,131.065,131.065,1
2020-02-10 23:41:00,131.081,131.081,131.081,131.081,1
2020-02-10 23:44:00,131.081,131.081,131.065,131.065,2
2020-02-10 23:47:00,131.065,131.065,131.065,131.065,1
2020-02-10 23:52:00,131.081,131.081,131.081,131.081,1
2020-02-10 23:54:00,131.065,131.072,131.065,131.072,2
2020-02-10 23:57:00,131.065,131.081,131.065,131.081,3
2020-02-10 23:58:00,131.081,131.081,131.065,131.081,4
2020-02-11 00:02:00,131.096,131.096,131.096,131.096,1
2020-02-11 00:03:00,131.081,131.096,131.081,131.081,3
2020-02-11 00:04:00,131.081,131.096,131.081,131.096,5
2020-02-11 00:07:00,131.096,131.096,131.081,131.096,3
2020-02-11 00:09:00,131.081,131.081,131.081,131.081,1
2020-02-11 00:11:00,131.081,131.096,131.081,131.088,3
2020-02-11 00:13:00,131.096,131.096,131.096,131.096,1
2020-02-11 00:24:00,131.081,131.081,131.081,131.081,1
2020-02-11 00:27:00,131.065,131.065,131.065,131.065,1
2020-02-11 00:28:00,131.065,131.081,131.065,131.081,2
2020-02-11 00:39:00,131.05,131.05,131.05,131.05,1
2020-02-11 00:41:00,131.065,131.065,131.065,131.065,1
2020-02-11 00:42:00,131.05,131.065,131.05,131.05,3
2020-02-11 00:46:00,131.034,131.034,131.018,131.034,8
2020-02-11 00:47:00,131.018,131.034,131.018,131.026,4
2020-02-11 00:49:00,131.018,131.018,131.003,131.003,11
2020-02-11 00:50:00,131.018,131.018,131.003,131.003,15
2020-02-11 00:55:00,131.018,131.018,131.003,131.003,2
2020-02-11 00:56:00,131.018,131.018,131.003,131.01,3
2020-02-11 00:58:00,131.018,131.034,131.018,131.034,4
2020-02-11 01:02:00,131.003,131.01,131.003,131.01,2
2020-02-11 01:03:00,131.003,131.018,131.003,131.018,6
2020-02-11 01:04:00,131.003,131.018,131.003,131.018,2
2020-02-11 01:07:00,131.018,131.018,131.018,131.018,1
2020-02-11 01:15:00,131.003,131.003,131.003,131.003,1
2020-02-11 01:16:00,130.987,130.994,130.987,130.994,2
2020-02-11 01:18:00,130.987,130.987,130.972,130.972,9
2020-02-11 01:19:00,130.972,130.987,130.972,130.972,3
2020-02-11 01:20:00,130.987,130.987,130.98,130.98,2
2020-02-11 01:22:00,130.987,130.987,130.972,130.972,11
2020-02-11 01:26:00,131.003,131.003,131.003,131.003,1
2020-02-11 01:33:00,131.018,131.018,131.003,131.018,5
2020-02-11 01:34:00,131.003,131.018,131.003,131.003,3
2020-02-11 01:35:00,131.003,131.018,131.003,131.018,10
2020-02-11 01:36:00,131.003,131.018,131.003,131.018,2
2020-02-11 01:45:00,130.987,131.003,130.987,130.987,5
2020-02-11 01:46:00,131.003,131.003,130.987,131.003,4
2020-02-11 01:48:00,131.003,131.003,130.987,130.987,2
2020-02-11 01:51:00,130.987,130.987,130.987,130.987,1
2020-02-11 01:54:00,130.987,131.003,130.987,131.003,2
2020-02-11 01:55:00,130.987,131.003,130.987,131.003,3
2020-02-11 01:56:00,131.003,131.003,131.003,131.003,1
2020-02-11 01:58:00,130.987,130.987,130.987,130.987,1
2020-02-11 02:00:00,131.003,131.003,131.003,131.003,1
2020-02-11 02:01:00,131.003,131.003,130.987,130.987,5
2020-02-11 02:05:00,130.987,130.996,130.987,130.996,2
2020-02-11 02:06:00,131.003,131.003,131.003,131.003,1
2020-02-11 02:08:00,130.987,131.003,130.987,130.987,3
2020-02-11 02:21:00,130.972,130.972,130.972,130.972,1
2020-02-11 02:45:00,130.956,130.956,130.956,130.956,1
2020-02-11 02:46:00,130.972,130.972,130.972,130.972,1
2020-02-11 02:51:00,130.987,130.987,130.987,130.987,1
2020-02-11 02:59:00,131.003,131.003,131.003,131.003,1
2020-02-11 03:02:00,130.987,130.987,130.987,130.987,1
2020-02-11 03:05:00,131.003,131.003,130.987,131.003,3
2020-02-11 03:07:00,130.987,130.987,130.987,130.987,1
2020-02-11 03:14:00,131.003,131.003,131.003,131.003,1
2020-02-11 03:17:00,131.019,131.019,131.019,131.019,1
2020-02-11 03:19:00,131.003,131.003,131.003,131.003,1
2020-02-11 03:43:00,130.987,130.996,130.987,130.996,2
2020-02-11 03:48:00,131.003,131.003,131.003,131.003,1
2020-02-11 03:52:00,130.987,130.987,130.987,130.987,1
2020-02-11 04:00:00,131.003,131.003,130.987,131.003,3
2020-02-11 04:19:00,130.987,130.996,130.987,130.996,2
2020-02-11 04:30:00,131.003,131.003,131.003,131.003,1
2020-02-11 04:48:00,130.987,130.987,130.987,130.987,1
2020-02-11 05:05:00,131.003,131.003,131.003,131.003,1
2020-02-11 05:16:00,130.987,130.987,130.987,130.987,1
2020-02-11 05:30:00,130.972,130.972,130.972,130.972,1
2020-02-11 05:41:00,130.987,130.987,130.987,130.987,1
2020-02-11 05:49:00,130.972,130.972,130.972,130.972,1
2020-02-11 05:55:00,130.956,130.972,130.956,130.956,10
2020-02-11 05:59:00,130.972,130.972,130.964,130.964,2
2020-02-11 06:02:00,130.956,130.972,130.956,130.956,4
2020-02-11 06:13:00,130.972,130.972,130.964,130.964,2
2020-02-11 06:14:00,130.972,130.972,130.956,130.956,3
2020-02-11 06:23:00,130.956,130.956,130.956,130.956,1
2020-02-11 06:31:00,130.941,130.941,130.941,130.941,1
2020-02-11 06:32:00,130.941,130.956,130.941,130.948,6
2020-02-11 07:00:00,130.956,130.956,130.941,130.948,4
2020-02-11 07:01:00,130.972,130.972,130.972,130.972,1
2020-02-11 07:03:00,130.956,130.956,130.941,130.956,12
2020-02-11 07:08:00,130.956,130.972,130.956,130.972,2
2020-02-11 07:15:00,130.956,130.956,130.941,130.948,3
2020-02-11 07:18:00,130.972,130.972,130.972,130.972,1
2020-02-11 07:19:00,131.019,131.019,130.988,130.988,12
2020-02-11 07:20:00,130.988,131.035,130.972,131.026,9
2020-02-11 07:22:00,130.988,131.003,130.988,131.003,2
2020-02-11 07:26:00,130.956,130.972,130.956,130.972,4
2020-02-11 07:27:00,130.972,130.972,130.956,130.972,3
2020-02-11 07:32:00,130.988,130.988,130.972,130.988,12
2020-02-11 07:33:00,131.003,131.003,130.988,131.003,4
2020-02-11 07:34:00,130.988,131.003,130.972,130.988,8
2020-02-11 07:35:00,130.988,131.003,130.988,131.003,4
2020-02-11 07:37:00,131.019,131.019,130.996,130.996,5
2020-02-11 07:38:00,131.003,131.003,131.003,131.003,1
2020-02-11 07:40:00,131.003,131.019,131.003,131.019,2
2020-02-11 07:42:00,131.003,131.019,131.003,131.012,3
2020-02-11 07:43:00,131.003,131.019,131.003,131.019,2
2020-02-11 07:48:00,130.972,130.988,130.972,130.988,7
2020-02-11 07:49:00,130.972,130.988,130.972,130.988,2
2020-02-11 07:50:00,130.956,130.972,130.956,130.964,3
2020-02-11 07:52:00,130.956,130.972,130.956,130.972,6
2020-02-11 07:56:00,130.972,130.972,130.972,130.972,1
2020-02-11 07:57:00,130.941,130.956,130.941,130.956,4
2020-02-11 07:58:00,130.956,130.956,130.941,130.956,21
2020-02-11 07:59:00,130.91,130.956,130.91,130.941,10
2020-02-11 08:00:00,130.878,130.925,130.878,130.918,27
2020-02-11 08:01:00,130.847,130.863,130.847,130.863,2
2020-02-11 08:02:00,130.816,130.832,130.816,130.832,16
2020-02-11 08:03:00,130.847,130.847,130.816,130.832,24
2020-02-11 08:04:00,130.863,130.878,130.847,130.863,14
2020-02-11 08:05:00,130.863,130.878,130.863,130.87,13
2020-02-11 08:06:00,130.863,130.878,130.863,130.87,20
2020-02-11 08:07:00,130.832,130.863,130.816,130.854,8
2020-02-11 08:08:00,130.832,130.832,130.816,130.816,11
2020-02-11 08:09:00,130.832,130.847,130.832,130.84,5
2020-02-11 08:11:00,130.863,130.878,130.847,130.847,11
2020-02-11 08:12:00,130.863,130.878,130.863,130.878,2
2020-02-11 08:13:00,130.878,130.878,130.863,130.87,13
2020-02-11 08:14:00,130.878,130.878,130.863,130.863,2
2020-02-11 08:16:00,130.863,130.863,130.863,130.863,1
2020-02-11 08:17:00,130.847,130.847,130.847,130.847,1
2020-02-11 08:18:00,130.863,130.863,130.856,130.856,2
2020-02-11 08:19:00,130.878,130.878,130.863,130.87,17
2020-02-11 08:22:00,130.863,130.863,130.863,130.863,1
2020-02-11 08:23:00,130.894,130.894,130.878,130.878,2
2020-02-11 08:24:00,130.894,130.894,130.878,130.878,7
2020-02-11 08:25:00,130.91,130.91,130.91,130.91,1
2020-02-11 08:26:00,130.925,130.925,130.91,130.925,5
2020-02-11 08:27:00,130.91,130.91,130.91,130.91,1
2020-02-11 08:28:00,130.91,130.91,130.894,130.894,7
2020-02-11 08:29:00,130.894,130.91,130.878,130.894,10
2020-02-11 08:30:00,130.894,130.91,130.894,130.91,6
2020-02-11 08:31:00,130.878,130.91,130.878,130.91,8
2020-02-11 08:32:00,130.894,130.894,130.878,130.894,3
2020-02-11 08:33:00,130.878,130.894,130.878,130.878,3
2020-02-11 08:34:00,130.878,130.894,130.878,130.894,14
2020-02-11 08:35:00,130.894,130.894,130.878,130.894,8
2020-02-11 08:37:00,130.894,130.894,130.878,130.878,8
2020-02-11 08:42:00,130.91,130.91,130.91,130.91,1
2020-02-11 08:46:00,130.941,130.941,130.925,130.925,14
2020-02-11 08:47:00,130.957,130.957,130.941,130.957,3
2020-02-11 08:48:00,130.941,130.957,130.941,130.941,5
2020-02-11 08:52:00,130.925,130.941,130.925,130.925,9
2020-02-11 08:53:00,130.925,130.925,130.91,130.91,2
2020-02-11 08:55:00,130.91,130.91,130.91,130.91,1
2020-02-11 08:56:00,130.925,130.925,130.91,130.925,5
2020-02-11 08:57:00,130.91,130.925,130.91,130.91,14
2020-02-11 08:58:00,130.925,130.925,130.918,130.918,2
2020-02-11 08:59:00,130.925,130.925,130.91,130.91,4
2020-02-11 09:00:00,130.925,130.941,130.925,130.941,6
2020-02-11 09:02:00,130.941,130.941,130.934,130.934,2
2020-02-11 09:03:00,130.941,130.957,130.941,130.948,8
2020-02-11 09:04:00,130.957,130.957,130.957,130.957,1
2020-02-11 09:05:00,130.957,130.972,130.957,130.964,6
2020-02-11 09:08:00,130.957,130.972,130.957,130.972,2
2020-02-11 09:09:00,130.957,130.972,130.957,130.972,10
2020-02-11 09:12:00,130.941,130.957,130.941,130.948,7
2020-02-11 09:13:00,130.957,130.957,130.941,130.957,13
2020-02-11 09:14:00,130.957,130.957,130.941,130.941,6
2020-02-11 09:15:00,130.941,130.957,130.941,130.948,7
2020-02-11 09:16:00,130.925,130.925,130.925,130.925,1
2020-02-11 09:19:00,130.925,130.941,130.925,130.941,8
2020-02-11 09:21:00,130.91,130.925,130.91,130.91,10
2020-02-11 09:22:00,130.894,130.894,130.894,130.894,1
2020-02-11 09:23:00,130.879,130.879,130.879,130.879,1
2020-02-11 09:28:00,130.894,130.894,130.879,130.894,3
2020-02-11 09:30:00,130.91,130.91,130.847,130.879,21
2020-02-11 09:32:00,130.91,130.91,130.894,130.894,4
2020-02-11 09:33:00,130.925,130.925,130.91,130.925,6
2020-02-11 09:34:00,130.91,130.925,130.91,130.91,9
2020-02-11 09:35:00,130.91,130.925,130.91,130.925,2
2020-02-11 09:36:00,130.879,130.91,130.879,130.894,4
2020-02-11 09:37:00,130.894,130.894,130.894,130.894,1
2020-02-11 09:39:00,130.894,130.894,130.879,130.879,2
2020-02-11 09:41:00,130.91,130.91,130.894,130.91,8
2020-02-11 09:42:00,130.91,130.91,130.894,130.894,11
2020-02-11 09:43:00,130.894,130.91,130.894,130.894,13
2020-02-11 09:44:00,130.91,130.91,130.879,130.879,14
2020-02-11 09:45:00,130.91,130.91,130.894,130.894,7
2020-02-11 09:46:00,130.91,130.91,130.894,130.894,9
2020-02-11 09:47:00,130.925,130.941,130.918,130.918,6
2020-02-11 09:48:00,130.91,130.925,130.91,130.918,6
2020-02-11 09:49:00,130.925,130.925,130.91,130.925,5
2020-02-11 09:51:00,130.925,130.925,130.91,130.91,4
2020-02-11 09:52:00,130.925,130.925,130.91,130.91,14
2020-02-11 09:53:00,130.91,130.925,130.91,130.91,4
2020-02-11 09:54:00,130.91,130.91,130.894,130.894,2
2020-02-11 10:02:00,130.91,130.925,130.91,130.925,2
2020-02-11 10:05:00,130.925,130.925,130.925,130.925,1
2020-02-11 10:06:00,130.941,130.941,130.941,130.941,1
2020-02-11 10:07:00,130.925,130.941,130.925,130.925,4
2020-02-11 10:08:00,130.941,130.941,130.925,130.934,10
2020-02-11 10:09:00,130.941,130.941,130.925,130.925,4
2020-02-11 10:10:00,130.925,130.941,130.925,130.925,3
2020-02-11 10:11:00,130.925,130.941,130.925,130.941,2
2020-02-11 10:12:00,130.925,130.925,130.91,130.91,4
2020-02-11 10:13:00,130.91,130.925,130.91,130.91,6
2020-02-11 10:14:00,130.91,130.925,130.91,130.918,12
2020-02-11 10:16:00,130.91,130.925,130.91,130.925,5
2020-02-11 10:17:00,130.894,130.91,130.894,130.894,3
2020-02-11 10:18:00,130.879,130.879,130.879,130.879,1
2020-02-11 10:20:00,130.879,130.894,130.879,130.894,2
2020-02-11 10:21:00,130.894,130.894,130.879,130.894,8
2020-02-11 10:22:00,130.879,130.894,130.879,130.879,5
2020-02-11 10:24:00,130.863,130.863,130.863,130.863,1
2020-02-11 10:25:00,130.863,130.863,130.847,130.847,8
2020-02-11 10:28:00,130.879,130.879,130.863,130.879,4
2020-02-11 10:29:00,130.863,130.863,130.863,130.863,1
2020-02-11 10:31:00,130.879,130.879,130.863,130.879,4
2020-02-11 10:32:00,130.879,130.879,130.863,130.863,2
2020-02-11 10:33:00,130.879,130.879,130.863,130.863,2
2020-02-11 10:36:00,130.863,130.863,130.863,130.863,1
2020-02-11 10:39:00,130.863,130.879,130.863,130.879,14
2020-02-11 10:43:00,130.863,130.879,130.863,130.879,5
2020-02-11 10:44:00,130.863,130.879,130.863,130.879,6
2020-02-11 10:45:00,130.879,130.879,130.863,130.879,3
2020-02-11 10:46:00,130.863,130.879,130.863,130.863,4
2020-02-11 10:47:00,130.863,130.879,130.863,130.879,5
2020-02-11 10:48:00,130.863,130.879,130.863,130.879,2
2020-02-11 10:49:00,130.879,130.879,130.863,130.879,5
2020-02-11 10:50:00,130.863,130.879,130.863,130.863,8
2020-02-11 10:51:00,130.879,130.879,130.879,130.879,1
2020-02-11 10:54:00,130.879,130.879,130.863,130.863,6
2020-02-11 10:58:00,130.879,130.879,130.863,130.87,3
2020-02-11 11:00:00,130.894,130.894,130.879,130.894,4
2020-02-11 11:01:00,130.894,130.91,130.894,130.91,10
2020-02-11 11:02:00,130.91,130.91,130.894,130.91,8
2020-02-11 11:04:00,130.91,130.91,130.894,130.894,2
2020-02-11 11:05:00,130.91,130.926,130.91,130.926,2
2020-02-11 11:07:00,130.91,130.926,130.91,130.918,4
2020-02-11 11:09:00,130.926,130.926,130.91,130.926,11
2020-02-11 11:12:00,130.91,130.926,130.91,130.918,5
2020-02-11 11:13:00,130.91,130.926,130.91,130.926,2
2020-02-11 11:14:00,130.91,130.91,130.894,130.894,2
2020-02-11 11:15:00,130.91,130.91,130.894,130.894,7
2020-02-11 11:19:00,130.91,130.91,130.894,130.894,3
2020-02-11 11:22:00,130.926,130.926,130.926,130.926,1
2020-02-11 11:28:00,130.941,130.941,130.941,130.941,1
2020-02-11 11:33:00,130.926,130.926,130.926,130.926,1
2020-02-11 11:34:00,130.926,130.926,130.91,130.91,11
2020-02-11 11:35:00,130.91,130.926,130.91,130.918,4
2020-02-11 11:39:00,130.91,130.926,130.91,130.926,2
2020-02-11 11:41:00,130.91,130.926,130.91,130.926,4
2020-02-11 11:47:00,130.894,130.894,130.894,130.894,1
2020-02-11 11:51:00,130.879,130.886,130.879,130.886,2
2020-02-11 11:53:00,130.894,130.894,130.894,130.894,1
2020-02-11 11:54:00,130.879,130.879,130.879,130.879,1
2020-02-11 11:56:00,130.894,130.894,130.894,130.894,1
2020-02-11 11:57:00,130.894,130.91,130.894,130.91,2
2020-02-11 11:58:00,130.894,130.894,130.879,130.879,2
2020-02-11 12:00:00,130.894,130.894,130.879,130.886,8
2020-02-11 12:01:00,130.894,130.894,130.879,130.879,5
2020-02-11 12:02:00,130.879,130.894,130.879,130.879,5
2020-02-11 12:03:00,130.894,130.894,130.894,130.894,1
2020-02-11 12:04:00,130.894,130.894,130.879,130.879,6
2020-02-11 12:06:00,130.879,130.894,130.879,130.879,10
2020-02-11 12:07:00,130.863,130.879,130.863,130.863,9
2020-02-11 12:08:00,130.863,130.879,130.863,130.879,2
2020-02-11 12:11:00,130.879,130.879,130.879,130.879,1
2020-02-11 12:13:00,130.894,130.894,130.879,130.886,15
2020-02-11 12:15:00,130.879,130.894,130.879,130.879,7
2020-02-11 12:16:00,130.894,130.894,130.879,130.894,7
2020-02-11 12:18:00,130.879,130.894,130.879,130.879,14
2020-02-11 12:19:00,130.894,130.894,130.894,130.894,1
2020-02-11 12:21:00,130.91,130.91,130.894,130.91,23
2020-02-11 12:22:00,130.894,130.902,130.894,130.902,2
2020-02-11 12:23:00,130.894,130.91,130.894,130.91,5
2020-02-11 12:24:00,130.894,130.91,130.894,130.91,2
2020-02-11 12:25:00,130.91,130.91,130.894,130.91,3
2020-02-11 12:26:00,130.926,130.926,130.918,130.918,2
2020-02-11 12:28:00,130.926,130.941,130.926,130.941,11
2020-02-11 12:31:00,130.926,130.941,130.926,130.941,2
2020-02-11 12:33:00,130.91,130.926,130.91,130.91,5
2020-02-11 12:35:00,130.894,130.91,130.894,130.894,4
2020-02-11 12:36:00,130.91,130.91,130.879,130.879,5
2020-02-11 12:37:00,130.91,130.91,130.894,130.902,9
2020-02-11 12:38:00,130.894,130.91,130.894,130.894,11
2020-02-11 12:39:00,130.894,130.91,130.894,130.91,4
2020-02-11 12:41:00,130.894,130.91,130.894,130.91,4
2020-02-11 12:43:00,130.91,130.91,130.894,130.91,8
2020-02-11 12:45:00,130.894,130.894,130.879,130.894,3
2020-02-11 12:46:00,130.863,130.894,130.863,130.886,13
2020-02-11 12:47:00,130.879,130.879,130.863,130.879,16
2020-02-11 12:48:00,130.863,130.863,130.863,130.863,1
2020-02-11 12:50:00,130.848,130.863,130.848,130.856,6
2020-02-11 12:51:00,130.848,130.848,130.832,130.84,4
2020-02-11 12:56:00,130.863,130.863,130.848,130.863,5
2020-02-11 12:57:00,130.879,130.879,130.872,130.872,2
2020-02-11 12:58:00,130.879,130.879,130.863,130.863,4
2020-02-11 12:59:00,130.879,130.895,130.879,130.895,17
2020-02-11 13:00:00,130.879,130.879,130.863,130.863,4
2020-02-11 13:01:00,130.895,130.895,130.879,130.895,12
2020-02-11 13:02:00,130.91,130.91,130.879,130.879,3
2020-02-11 13:03:00,130.91,130.91,130.895,130.895,18
2020-02-11 13:04:00,130.879,130.91,130.863,130.895,12
2020-02-11 13:05:00,130.863,130.879,130.863,130.863,5
2020-02-11 13:06:00,130.879,130.879,130.863,130.879,9
2020-02-11 13:07:00,130.863,130.879,130.863,130.863,5
2020-02-11 13:08:00,130.863,130.863,130.848,130.848,2
2020-02-11 13:09:00,130.848,130.879,130.848,130.879,12
2020-02-11 13:10:00,130.863,130.863,130.856,130.856,2
2020-02-11 13:11:00,130.879,130.879,130.863,130.879,6
2020-02-11 13:12:00,130.895,130.895,130.879,130.895,3
2020-02-11 13:13:00,130.895,130.895,130.879,130.879,9
2020-02-11 13:14:00,130.879,130.91,130.879,130.91,19
2020-02-11 13:15:00,130.879,130.895,130.879,130.895,8
2020-02-11 13:16:00,130.879,130.879,130.863,130.863,4
2020-02-11 13:18:00,130.848,130.863,130.848,130.863,5
2020-02-11 13:19:00,130.848,130.863,130.848,130.863,7
2020-02-11 13:20:00,130.879,130.879,130.863,130.863,3
2020-02-11 13:22:00,130.926,130.941,130.895,130.895,6
2020-02-11 13:23:00,130.941,130.941,130.941,130.941,1
2020-02-11 13:24:00,130.973,130.973,130.957,130.957,4
2020-02-11 13:25:00,130.973,130.988,130.973,130.988,31
2020-02-11 13:26:00,130.988,130.988,130.973,130.988,3
2020-02-11 13:27:00,130.941,130.988,130.941,130.973,17
2020-02-11 13:28:00,130.926,130.941,130.926,130.926,8
2020-02-11 13:29:00,130.926,130.941,130.91,130.91,8
2020-02-11 13:30:00,130.895,130.941,130.895,130.941,18
2020-02-11 13:31:00,130.91,130.926,130.895,130.91,19
2020-02-11 13:32:00,130.926,130.926,130.91,130.926,9
2020-02-11 13:33:00,130.926,130.941,130.926,130.941,10
2020-02-11 13:34:00,130.91,130.941,130.91,130.941,5
2020-02-11 13:35:00,130.957,130.957,130.926,130.926,8
2020-02-11 13:36:00,130.957,130.957,130.941,130.95,5
2020-02-11 13:37:00,130.957,130.973,130.957,130.973,6
2020-02-11 13:38:00,130.973,130.973,130.973,130.973,1
2020-02-11 13:39:00,131.004,131.004,130.988,130.988,8
2020-02-11 13:40:00,131.004,131.019,131.004,131.012,16
2020-02-11 13:41:00,130.973,131.004,130.973,130.996,17
2020-02-11 13:42:00,131.004,131.004,130.988,130.988,3
2020-02-11 13:43:00,131.004,131.019,131.004,131.012,16
2020-02-11 13:45:00,130.973,131.004,130.973,130.996,16
2020-02-11 13:46:00,130.988,130.988,130.973,130.988,5
2020-02-11 13:47:00,131.019,131.019,130.988,131.004,22
2020-02-11 13:48:00,131.004,131.02,131.004,131.012,15
2020-02-11 13:49:00,131.02,131.02,131.004,131.02,15
2020-02-11 13:50:00,131.004,131.02,131.004,131.004,9
2020-02-11 13:51:00,131.035,131.035,131.02,131.02,2
2020-02-11 13:52:00,131.02,131.035,131.02,131.02,3
2020-02-11 13:54:00,130.988,131.004,130.988,131.004,2
2020-02-11 13:55:00,130.988,130.988,130.973,130.973,6
2020-02-11 13:56:00,131.004,131.02,130.988,131.004,7
2020-02-11 13:58:00,130.973,131.004,130.973,130.988,7
2020-02-11 14:00:00,130.973,130.988,130.973,130.988,11
2020-02-11 14:01:00,130.941,130.973,130.941,130.957,8
2020-02-11 14:02:00,130.941,130.957,130.941,130.957,2
2020-02-11 14:03:00,130.91,130.934,130.91,130.934,18
2020-02-11 14:04:00,130.941,130.941,130.91,130.926,7
2020-02-11 14:05:00,130.957,130.957,130.941,130.957,4
2020-02-11 14:06:00,130.957,130.973,130.957,130.973,2
2020-02-11 14:07:00,130.957,130.973,130.957,130.964,8
2020-02-11 14:08:00,130.973,130.973,130.941,130.95,7
2020-02-11 14:09:00,130.988,130.988,130.98,130.98,2
2020-02-11 14:12:00,130.973,130.973,130.973,130.973,1
2020-02-11 14:14:00,130.957,130.973,130.957,130.957,8
2020-02-11 14:15:00,130.973,130.973,130.957,130.964,13
2020-02-11 14:16:00,130.973,130.973,130.957,130.957,18
2020-02-11 14:17:00,130.957,130.957,130.957,130.957,1
2020-02-11 14:18:00,130.973,130.973,130.957,130.973,12
2020-02-11 14:19:00,130.941,130.957,130.941,130.957,4
2020-02-11 14:20:00,130.941,130.957,130.941,130.957,5
2020-02-11 14:21:00,130.957,130.957,130.95,130.95,2
2020-02-11 14:22:00,130.941,130.957,130.941,130.941,9
2020-02-11 14:23:00,130.973,130.973,130.957,130.957,9
2020-02-11 14:24:00,130.988,130.988,130.973,130.988,4
2020-02-11 14:25:00,130.973,130.988,130.973,130.973,8
2020-02-11 14:26:00,131.004,131.004,130.988,130.988,4
2020-02-11 14:27:00,131.004,131.004,130.988,130.988,8
2020-02-11 14:28:00,130.988,131.004,130.988,130.988,3
2020-02-11 14:30:00,130.988,131.004,130.988,131.004,12
2020-02-11 14:31:00,131.02,131.02,130.973,131.004,13
2020-02-11 14:32:00,131.004,131.02,130.988,131.004,15
2020-02-11 14:33:00,131.004,131.02,130.973,131.02,28
2020-02-11 14:34:00,131.02,131.02,131.004,131.02,3
2020-02-11 14:35:00,131.004,131.004,130.988,131.004,5
2020-02-11 14:36:00,130.988,131.004,130.988,130.988,14
2020-02-11 14:37:00,131.035,131.035,130.988,130.996,11
2020-02-11 14:38:00,131.035,131.035,131.02,131.02,2
2020-02-11 14:39:00,131.02,131.051,131.02,131.051,5
2020-02-11 14:40:00,131.035,131.051,131.02,131.035,15
2020-02-11 14:41:00,131.004,131.02,130.988,131.02,7
2020-02-11 14:42:00,131.004,131.02,131.004,131.02,9
2020-02-11 14:43:00,130.988,130.988,130.988,130.988,1
2020-02-11 14:44:00,131.004,131.004,130.973,130.98,12
2020-02-11 14:45:00,130.988,130.988,130.988,130.988,1
2020-02-11 14:46:00,130.973,130.973,130.973,130.973,1
2020-02-11 14:47:00,130.973,130.988,130.973,130.98,20
2020-02-11 14:48:00,130.973,130.988,130.973,130.988,2
2020-02-11 14:49:00,130.957,130.957,130.957,130.957,1
2020-02-11 14:50:00,130.957,130.973,130.957,130.973,26
2020-02-11 14:51:00,130.957,130.973,130.957,130.964,6
2020-02-11 14:52:00,130.926,130.95,130.926,130.95,10
2020-02-11 14:53:00,130.941,130.957,130.926,130.941,9
2020-02-11 14:54:00,130.941,130.957,130.941,130.957,11
2020-02-11 14:55:00,130.926,130.926,130.926,130.926,1
2020-02-11 14:56:00,130.941,130.941,130.926,130.941,9
2020-02-11 14:57:00,130.926,130.941,130.926,130.926,8
2020-02-11 14:58:00,130.926,130.941,130.926,130.941,2
2020-02-11 14:59:00,130.926,130.926,130.91,130.91,19
2020-02-11 15:00:00,130.926,130.926,130.91,130.91,5
2020-02-11 15:01:00,130.926,130.926,130.91,130.91,13
2020-02-11 15:02:00,130.926,130.941,130.926,130.941,9
2020-02-11 15:03:00,130.926,130.941,130.91,130.941,6
2020-02-11 15:04:00,130.926,130.926,130.91,130.91,4
2020-02-11 15:05:00,130.91,130.926,130.91,130.918,9
2020-02-11 15:06:00,130.91,130.926,130.91,130.926,11
2020-02-11 15:07:00,130.91,130.926,130.895,130.926,13
2020-02-11 15:08:00,130.91,130.91,130.895,130.895,12
2020-02-11 15:09:00,130.91,130.91,130.895,130.895,5
2020-02-11 15:10:00,130.91,130.91,130.895,130.895,7
2020-02-11 15:11:00,130.879,130.895,130.879,130.895,2
2020-02-11 15:12:00,130.895,130.895,130.879,130.895,15
2020-02-11 15:13:00,130.879,130.895,130.863,130.879,6
2020-02-11 15:15:00,130.895,130.895,130.879,130.895,6
2020-02-11 15:17:00,130.91,130.91,130.895,130.91,7
2020-02-11 15:18:00,130.91,130.91,130.895,130.895,4
2020-02-11 15:19:00,130.91,130.91,130.895,130.902,7
2020-02-11 15:23:00,130.91,130.941,130.91,130.926,21
2020-02-11 15:24:00,130.926,130.926,130.91,130.926,12
2020-02-11 15:25:00,130.895,130.91,130.895,130.91,4
2020-02-11 15:26:00,130.879,130.895,130.879,130.886,4
2020-02-11 15:28:00,130.863,130.879,130.863,130.863,5
2020-02-11 15:30:00,130.879,130.879,130.863,130.879,9
2020-02-11 15:31:00,130.879,130.895,130.879,130.895,9
2020-02-11 15:32:00,130.895,130.895,130.895,130.895,1
2020-02-11 15:33:00,130.91,130.91,130.895,130.91,6
2020-02-11 15:34:00,130.91,130.91,130.895,130.902,6
2020-02-11 15:37:00,130.91,130.91,130.895,130.895,7
2020-02-11 15:38:00,130.895,130.91,130.895,130.895,11
2020-02-11 15:40:00,130.863,130.879,130.863,130.879,9
2020-02-11 15:42:00,130.848,130.863,130.848,130.848,9
2020-02-11 15:43:00,130.863,130.863,130.863,130.863,1
2020-02-11 15:44:00,130.848,130.856,130.848,130.856,2
2020-02-11 15:45:00,130.863,130.863,130.848,130.863,12
2020-02-11 15:46:00,130.863,130.863,130.848,130.848,2
2020-02-11 15:47:00,130.895,130.895,130.863,130.879,8
2020-02-11 15:48:00,130.895,130.895,130.879,130.886,23
2020-02-11 15:49:00,130.879,130.895,130.879,130.886,4
2020-02-11 15:50:00,130.879,130.895,130.863,130.863,5
2020-02-11 15:52:00,130.895,130.895,130.895,130.895,1
2020-02-11 15:53:00,130.879,130.895,130.879,130.879,4
2020-02-11 15:55:00,130.879,130.879,130.863,130.872,9
2020-02-11 15:56:00,130.863,130.863,130.863,130.863,1
2020-02-11 15:57:00,130.879,130.895,130.879,130.879,6
2020-02-11 15:58:00,130.879,130.895,130.879,130.895,2
2020-02-11 15:59:00,130.879,130.895,130.879,130.895,5
2020-02-11 16:00:00,130.863,130.879,130.863,130.872,10
2020-02-11 16:01:00,130.879,130.879,130.848,130.848,15
2020-02-11 16:02:00,130.863,130.879,130.863,130.863,3
2020-02-11 16:04:00,130.864,130.879,130.864,130.879,2
2020-02-11 16:06:00,130.864,130.879,130.864,130.879,6
2020-02-11 16:07:00,130.879,130.879,130.864,130.879,4
2020-02-11 16:09:00,130.895,130.895,130.895,130.895,1
2020-02-11 16:10:00,130.91,130.91,130.895,130.902,12
2020-02-11 16:12:00,130.926,130.926,130.926,130.926,1
2020-02-11 16:14:00,130.942,130.942,130.942,130.942,1
2020-02-11 16:15:00,130.942,130.957,130.926,130.934,13
2020-02-11 16:16:00,130.942,130.942,130.926,130.926,5
2020-02-11 16:17:00,130.926,130.926,130.91,130.926,10
2020-02-11 16:18:00,130.91,130.91,130.91,130.91,1
2020-02-11 16:19:00,130.91,130.926,130.91,130.926,4
2020-02-11 16:21:00,130.926,130.926,130.91,130.926,5
2020-02-11 16:22:00,130.926,130.942,130.926,130.942,4
2020-02-11 16:23:00,130.926,130.942,130.91,130.942,8
2020-02-11 16:24:00,130.942,130.942,130.926,130.942,7
2020-02-11 16:26:00,130.942,130.942,130.926,130.934,3
2020-02-11 16:27:00,130.942,130.957,130.942,130.957,36
2020-02-11 16:31:00,130.957,130.957,130.942,130.95,11
2020-02-11 16:33:00,130.973,130.973,130.957,130.973,3
2020-02-11 16:34:00,130.988,130.988,130.98,130.98,2
2020-02-11 16:35:00,130.957,131.004,130.957,131.004,18
2020-02-11 16:36:00,130.973,130.973,130.957,130.966,4
2020-02-11 16:37:00,130.973,130.988,130.973,130.98,21
2020-02-11 16:38:00,130.988,130.988,130.973,130.988,13
2020-02-11 16:40:00,131.004,131.004,131.004,131.004,1
2020-02-11 16:41:00,130.988,131.004,130.988,130.988,9
2020-02-11 16:42:00,130.973,130.988,130.973,130.973,24
2020-02-11 16:44:00,130.957,130.973,130.942,130.957,10
2020-02-11 16:45:00,130.973,130.973,130.973,130.973,1
2020-02-11 16:46:00,130.957,130.973,130.957,130.957,5
2020-02-11 16:47:00,130.957,130.973,130.957,130.966,6
2020-02-11 16:48:00,130.957,130.957,130.942,130.942,5
2020-02-11 16:49:00,130.957,130.957,130.942,130.942,3
2020-02-11 16:50:00,130.957,130.973,130.942,130.942,5
2020-02-11 16:53:00,130.973,130.973,130.957,130.973,3
2020-02-11 16:55:00,130.973,130.973,130.957,130.957,9
2020-02-11 16:57:00,130.957,130.973,130.957,130.966,5
2020-02-11 16:58:00,130.973,130.973,130.957,130.973,3
2020-02-11 16:59:00,130.957,130.973,130.957,130.966,6
2020-02-11 17:04:00,130.957,130.973,130.957,130.973,8
2020-02-11 17:05:00,130.957,130.957,130.942,130.942,11
2020-02-11 17:07:00,130.942,130.973,130.942,130.973,3
2020-02-11 17:09:00,130.942,130.957,130.942,130.957,8
2020-02-11 17:10:00,130.942,130.957,130.926,130.957,4
2020-02-11 17:11:00,130.926,130.942,130.926,130.926,5
2020-02-11 17:13:00,130.942,130.942,130.942,130.942,1
2020-02-11 17:14:00,130.926,130.926,130.926,130.926,1
2020-02-11 17:17:00,130.91,130.91,130.91,130.91,1
2020-02-11 17:21:00,130.91,130.926,130.91,130.926,4
2020-02-11 17:27:00,130.895,130.91,130.895,130.895,5
2020-02-11 17:32:00,130.895,130.895,130.879,130.879,7
2020-02-11 17:36:00,130.911,130.926,130.902,130.902,5
2020-02-11 17:37:00,130.895,130.895,130.895,130.895,1
2020-02-11 17:38:00,130.879,130.879,130.879,130.879,1
2020-02-11 17:42:00,130.895,130.895,130.895,130.895,1
2020-02-11 17:43:00,130.879,130.895,130.879,130.879,3
2020-02-11 17:44:00,130.879,130.895,130.879,130.895,2
2020-02-11 17:45:00,130.895,130.895,130.895,130.895,1
2020-02-11 17:47:00,130.895,130.895,130.879,130.888,3
2020-02-11 17:51:00,130.879,130.888,130.879,130.888,2
2020-02-11 18:00:00,130.895,130.895,130.895,130.895,1
2020-02-11 18:02:00,130.879,130.879,130.879,130.879,1
2020-02-11 18:03:00,130.879,130.879,130.864,130.864,19
2020-02-11 18:04:00,130.864,130.879,130.864,130.872,4
2020-02-11 18:13:00,130.832,130.848,130.832,130.848,9
2020-02-11 18:14:00,130.832,130.848,130.832,130.848,10
2020-02-11 18:15:00,130.848,130.848,130.832,130.84,10
2020-02-11 18:16:00,130.848,130.848,130.832,130.832,6
2020-02-11 18:17:00,130.864,130.864,130.864,130.864,1
2020-02-11 18:18:00,130.848,130.848,130.848,130.848,1
2020-02-11 18:19:00,130.864,130.864,130.848,130.864,5
2020-02-11 18:20:00,130.864,130.864,130.848,130.856,3
2020-02-11 18:22:00,130.864,130.879,130.864,130.879,11
2020-02-11 18:23:00,130.879,130.879,130.864,130.879,3
2020-02-11 18:26:00,130.879,130.879,130.864,130.864,2
2020-02-11 18:28:00,130.895,130.895,130.879,130.895,3
2020-02-11 18:31:00,130.895,130.895,130.879,130.879,4
2020-02-11 18:33:00,130.911,130.911,130.911,130.911,1
2020-02-11 18:34:00,130.911,130.911,130.895,130.895,11
2020-02-11 18:35:00,130.911,130.911,130.895,130.902,9
2020-02-11 18:36:00,130.895,130.911,130.895,130.895,5
2020-02-11 18:38:00,130.911,130.911,130.895,130.911,3
2020-02-11 18:42:00,130.926,130.926,130.918,130.918,2
2020-02-11 18:50:00,130.942,130.942,130.926,130.942,13
2020-02-11 18:54:00,130.957,130.957,130.957,130.957,1
2020-02-11 18:56:00,130.942,130.942,130.942,130.942,1
2020-02-11 18:58:00,130.926,130.934,130.911,130.934,4
2020-02-11 18:59:00,130.926,130.926,130.911,130.911,11
2020-02-11 19:00:00,130.911,130.926,130.911,130.911,5
2020-02-11 19:01:00,130.911,130.926,130.911,130.926,15
2020-02-11 19:03:00,130.911,130.926,130.911,130.918,3
2020-02-11 19:05:00,130.911,130.926,130.895,130.895,17
2020-02-11 19:06:00,130.911,130.926,130.911,130.926,7
2020-02-11 19:08:00,130.895,130.911,130.895,130.895,4
2020-02-11 19:14:00,130.895,130.911,130.895,130.911,2
2020-02-11 19:17:00,130.895,130.895,130.879,130.879,8
2020-02-11 19:18:00,130.911,130.911,130.895,130.911,5
2020-02-11 19:19:00,130.911,130.911,130.895,130.902,3
2020-02-11 19:22:00,130.911,130.926,130.911,130.926,13
2020-02-11 19:23:00,130.911,130.926,130.911,130.926,10
2020-02-11 19:24:00,130.911,130.926,130.911,130.926,3
2020-02-11 19:26:00,130.926,130.926,130.918,130.918,2
2020-02-11 19:28:00,130.911,130.926,130.911,130.911,4
2020-02-11 19:29:00,130.911,130.926,130.911,130.926,2
2020-02-11 19:33:00,130.911,130.911,130.895,130.895,2
2020-02-11 19:34:00,130.895,130.911,130.895,130.902,17
2020-02-11 19:36:00,130.895,130.895,130.879,130.879,14
2020-02-11 19:39:00,130.895,130.895,130.879,130.888,5
2020-02-11 19:43:00,130.895,130.895,130.879,130.879,6
2020-02-11 19:44:00,130.879,130.879,130.879,130.879,1
2020-02-11 19:45:00,130.895,130.895,130.879,130.888,4
2020-02-11 19:52:00,130.911,130.911,130.911,130.911,1
2020-02-11 19:55:00,130.911,130.926,130.911,130.918,3
2020-02-11 19:57:00,130.911,130.911,130.895,130.895,2
2020-02-11 20:00:00,130.926,130.926,130.895,130.895,7
2020-02-11 20:01:00,130.926,130.926,130.911,130.911,14
2020-02-11 20:02:00,130.942,130.942,130.926,130.942,4
2020-02-11 20:03:00,130.942,130.942,130.926,130.926,2
2020-02-11 20:09:00,130.958,130.958,130.942,130.958,15
2020-02-11 20:11:00,130.958,130.958,130.942,130.942,4
2020-02-11 20:13:00,130.973,130.973,130.973,130.973,1
2020-02-11 20:14:00,130.958,130.973,130.958,130.958,19
2020-02-11 20:15:00,130.958,130.973,130.958,130.966,3
2020-02-11 20:17:00,130.973,130.989,130.958,130.973,26
2020-02-11 20:18:00,130.973,130.989,130.973,130.989,20
2020-02-11 20:21:00,130.958,130.966,130.958,130.966,2
2020-02-11 20:22:00,130.973,130.973,130.958,130.973,3
2020-02-11 20:23:00,130.973,130.973,130.958,130.958,4
2020-02-11 20:24:00,130.958,130.973,130.958,130.958,5
2020-02-11 20:25:00,130.973,130.973,130.958,130.973,6
2020-02-11 20:26:00,130.958,130.973,130.958,130.958,11
2020-02-11 20:29:00,130.973,130.973,130.973,130.973,1
2020-02-11 20:30:00,130.958,130.958,130.958,130.958,1
2020-02-11 20:31:00,130.973,130.973,130.958,130.973,4
2020-02-11 20:32:00,130.973,130.973,130.958,130.958,15
2020-02-11 20:33:00,130.958,130.973,130.958,130.958,4
2020-02-11 20:34:00,130.958,130.958,130.942,130.95,12
2020-02-11 20:35:00,130.942,130.942,130.942,130.942,1
2020-02-11 20:36:00,130.958,130.958,130.942,130.958,10
2020-02-11 20:38:00,130.958,130.958,130.942,130.942,3
2020-02-11 20:39:00,130.942,130.958,130.942,130.942,8
2020-02-11 20:40:00,130.958,130.958,130.942,130.95,18
2020-02-11 20:41:00,130.942,130.942,130.942,130.942,1
2020-02-11 20:43:00,130.926,130.926,130.926,130.926,1
2020-02-11 20:51:00,130.911,130.926,130.911,130.911,11
2020-02-11 20:52:00,130.911,130.911,130.895,130.904,7
2020-02-11 20:55:00,130.911,130.911,130.895,130.895,9
2020-02-11 20:56:00,130.926,130.926,130.911,130.918,28
2020-02-11 20:57:00,130.911,130.926,130.911,130.911,4
2020-02-11 20:58:00,130.895,130.911,130.895,130.895,3
2020-02-11 21:00:00,130.895,130.895,130.88,130.88,2
2020-02-11 21:01:00,130.895,130.895,130.88,130.88,6
2020-02-11 21:02:00,130.864,130.895,130.864,130.88,6
2020-02-11 21:03:00,130.864,130.88,130.864,130.872,6
2020-02-11 21:04:00,130.88,130.88,130.864,130.88,3
2020-02-11 21:06:00,130.895,130.895,130.895,130.895,1
2020-02-11 21:08:00,130.88,130.88,130.88,130.88,1
2020-02-11 21:10:00,130.864,130.88,130.864,130.864,4
2020-02-11 21:11:00,130.88,130.88,130.864,130.88,10
2020-02-11 21:17:00,130.864,130.864,130.864,130.864,1
2020-02-11 21:34:00,130.848,130.856,130.848,130.856,2
2020-02-11 21:36:00,130.833,130.848,130.833,130.833,3
2020-02-11 21:37:00,130.848,130.848,130.84,130.84,2
2020-02-11 21:40:00,130.833,130.833,130.833,130.833,1
2020-02-11 21:43:00,130.833,130.848,130.817,130.848,43
2020-02-11 21:44:00,130.817,130.817,130.817,130.817,1
2020-02-11 21:45:00,130.833,130.833,130.824,130.824,2
2020-02-11 21:46:00,130.817,130.817,130.817,130.817,1
2020-02-11 21:59:00,130.817,130.817,130.817,130.817,1
2020-02-11 23:00:00,130.786,130.802,130.786,130.802,2
2020-02-11 23:01:00,130.802,130.802,130.802,130.802,1
2020-02-11 23:04:00,130.817,130.817,130.817,130.817,1
2020-02-11 23:05:00,130.817,130.817,130.802,130.802,2
2020-02-11 23:09:00,130.817,130.817,130.802,130.802,2
2020-02-11 23:14:00,130.802,130.802,130.802,130.802,1
2020-02-11 23:16:00,130.817,130.817,130.802,130.81,4
2020-02-11 23:17:00,130.802,130.802,130.802,130.802,1
2020-02-11 23:27:00,130.802,130.802,130.786,130.794,7
2020-02-11 23:28:00,130.802,130.802,130.786,130.786,2
2020-02-11 23:29:00,130.786,130.794,130.786,130.794,2
2020-02-11 23:46:00,130.802,130.802,130.802,130.802,1
2020-02-11 23:47:00,130.786,130.786,130.786,130.786,1
2020-02-11 23:50:00,130.786,130.786,130.771,130.771,2
2020-02-11 23:57:00,130.771,130.771,130.771,130.771,1
2020-02-12 00:00:00,130.755,130.755,130.755,130.755,1
2020-02-12 00:02:00,130.755,130.771,130.755,130.771,7
2020-02-12 00:03:00,130.771,130.771,130.755,130.771,4
2020-02-12 00:04:00,130.786,130.786,130.786,130.786,1
2020-02-12 00:05:00,130.802,130.802,130.802,130.802,1
2020-02-12 00:07:00,130.786,130.786,130.786,130.786,1
2020-02-12 00:09:00,130.771,130.771,130.771,130.771,1
2020-02-12 00:10:00,130.786,130.786,130.771,130.786,4
2020-02-12 00:11:00,130.771,130.786,130.771,130.778,7
2020-02-12 00:13:00,130.786,130.786,130.786,130.786,1
2020-02-12 00:15:00,130.786,130.786,130.771,130.771,2
2020-02-12 00:16:00,130.786,130.786,130.771,130.771,4
2020-02-12 00:18:00,130.786,130.786,130.771,130.778,9
2020-02-12 00:22:00,130.802,130.802,130.802,130.802,1
2020-02-12 00:24:00,130.817,130.817,130.817,130.817,1
2020-02-12 00:25:00,130.802,130.802,130.802,130.802,1
2020-02-12 00:26:00,130.802,130.817,130.802,130.81,9
2020-02-12 00:27:00,130.802,130.817,130.802,130.817,2
2020-02-12 00:47:00,130.817,130.817,130.817,130.817,1
2020-02-12 00:48:00,130.833,130.833,130.833,130.833,1
2020-02-12 00:50:00,130.817,130.849,130.817,130.849,4
2020-02-12 00:51:00,130.817,130.817,130.802,130.802,9
2020-02-12 00:52:00,130.817,130.817,130.802,130.81,7
2020-02-12 00:55:00,130.802,130.802,130.802,130.802,1
2020-02-12 00:56:00,130.817,130.817,130.817,130.817,1
2020-02-12 00:58:00,130.802,130.817,130.802,130.802,4
2020-02-12 01:00:00,130.786,130.786,130.786,130.786,1
2020-02-12 01:02:00,130.771,130.786,130.755,130.771,7
2020-02-12 01:03:00,130.771,130.771,130.755,130.755,2
2020-02-12 01:05:00,130.771,130.771,130.755,130.755,8
2020-02-12 01:06:00,130.771,130.771,130.755,130.762,8
2020-02-12 01:07:00,130.755,130.755,130.755,130.755,1
2020-02-12 01:08:00,130.771,130.771,130.755,130.771,5
2020-02-12 01:09:00,130.755,130.771,130.755,130.755,3
2020-02-12 01:10:00,130.771,130.771,130.762,130.762,2
2020-02-12 01:11:00,130.755,130.762,130.755,130.755,3
2020-02-12 01:13:00,130.755,130.771,130.755,130.771,2
2020-02-12 01:17:00,130.739,130.739,130.739,130.739,1
2020-02-12 01:18:00,130.724,130.732,130.724,130.724,3
2020-02-12 01:19:00,130.724,130.739,130.724,130.739,7
2020-02-12 01:22:00,130.724,130.739,130.724,130.739,2
2020-02-12 01:24:00,130.724,130.724,130.708,130.708,2
2020-02-12 01:25:00,130.724,130.724,130.708,130.708,2
2020-02-12 01:26:00,130.724,130.724,130.708,130.708,2
2020-02-12 01:29:00,130.739,130.739,130.724,130.739,7
2020-02-12 01:30:00,130.739,130.739,130.724,130.724,2
2020-02-12 01:31:00,130.724,130.739,130.724,130.724,3
2020-02-12 01:32:00,130.724,130.739,130.724,130.732,6
2020-02-12 01:33:00,130.724,130.739,130.724,130.739,4
2020-02-12 01:34:00,130.739,130.739,130.724,130.739,3
2020-02-12 01:35:00,130.739,130.739,130.724,130.724,2
2020-02-12 01:36:00,130.724,130.724,130.724,130.724,1
2020-02-12 01:37:00,130.724,130.739,130.724,130.739,2
2020-02-12 01:38:00,130.708,130.708,130.708,130.708,1
2020-02-12 01:39:00,130.724,130.724,130.708,130.716,5
2020-02-12 01:40:00,130.724,130.724,130.708,130.708,13
2020-02-12 01:41:00,130.724,130.724,130.708,130.708,6
2020-02-12 01:42:00,130.724,130.724,130.708,130.716,4
2020-02-12 01:43:00,130.693,130.708,130.693,130.708,2
2020-02-12 01:44:00,130.708,130.708,130.7,130.7,2
2020-02-12 01:46:00,130.708,130.708,130.693,130.693,8
2020-02-12 01:51:00,130.724,130.724,130.716,130.716,2
2020-02-12 01:57:00,130.708,130.708,130.708,130.708,1
2020-02-12 02:01:00,130.693,130.693,130.693,130.693,1
2020-02-12 02:02:00,130.693,130.693,130.677,130.677,2
2020-02-12 02:04:00,130.693,130.693,130.677,130.677,3
2020-02-12 02:14:00,130.677,130.677,130.677,130.677,1
2020-02-12 02:15:00,130.677,130.693,130.677,130.693,2
2020-02-12 02:16:00,130.693,130.693,130.693,130.693,1
2020-02-12 02:28:00,130.693,130.708,130.693,130.708,2
2020-02-12 02:29:00,130.693,130.708,130.693,130.708,4
2020-02-12 02:30:00,130.693,130.708,130.693,130.708,2
2020-02-12 02:41:00,130.708,130.708,130.708,130.708,1
2020-02-12 02:44:00,130.708,130.724,130.708,130.716,3
2020-02-12 02:48:00,130.693,130.7,130.693,130.7,2
2020-02-12 02:49:00,130.693,130.708,130.693,130.708,5
2020-02-12 02:51:00,130.693,130.708,130.693,130.708,2
2020-02-12 02:52:00,130.693,130.708,130.693,130.708,2
2020-02-12 03:12:00,130.708,130.708,130.708,130.708,1
2020-02-12 03:41:00,130.724,130.724,130.724,130.724,1
2020-02-12 03:45:00,130.708,130.708,130.708,130.708,1
2020-02-12 03:53:00,130.693,130.693,130.693,130.693,1
2020-02-12 03:58:00,130.693,130.708,130.693,130.708,5
2020-02-12 03:59:00,130.693,130.708,130.693,130.708,4
2020-02-12 04:00:00,130.693,130.708,130.693,130.708,10
2020-02-12 04:03:00,130.693,130.708,130.693,130.7,3
2020-02-12 04:04:00,130.708,130.708,130.693,130.708,11
2020-02-12 04:11:00,130.693,130.7,130.693,130.7,2
2020-02-12 04:12:00,130.708,130.708,130.708,130.708,1
2020-02-12 04:21:00,130.693,130.693,130.693,130.693,1
2020-02-12 04:28:00,130.708,130.708,130.693,130.708,3
2020-02-12 04:29:00,130.693,130.693,130.693,130.693,1
2020-02-12 04:32:00,130.708,130.708,130.708,130.708,1
2020-02-12 04:42:00,130.693,130.693,130.693,130.693,1
2020-02-12 04:43:00,130.708,130.708,130.708,130.708,1
2020-02-12 04:46:00,130.677,130.7,130.677,130.7,4
2020-02-12 04:47:00,130.693,130.693,130.693,130.693,1
2020-02-12 04:48:00,130.677,130.677,130.677,130.677,1
2020-02-12 04:52:00,130.693,130.693,130.693,130.693,1
2020-02-12 04:53:00,130.693,130.693,130.677,130.677,6
2020-02-12 04:54:00,130.677,130.677,130.677,130.677,1
2020-02-12 04:55:00,130.693,130.693,130.693,130.693,1
2020-02-12 05:01:00,130.677,130.677,130.677,130.677,1
2020-02-12 05:04:00,130.677,130.693,130.677,130.693,2
2020-02-12 05:09:00,130.693,130.693,130.693,130.693,1
2020-02-12 05:10:00,130.693,130.693,130.677,130.677,4
2020-02-12 05:24:00,130.677,130.677,130.677,130.677,1
2020-02-12 05:27:00,130.693,130.693,130.693,130.693,1
2020-02-12 05:36:00,130.677,130.677,130.677,130.677,1
2020-02-12 05:43:00,130.662,130.662,130.662,130.662,1
2020-02-12 05:47:00,130.677,130.677,130.677,130.677,1
2020-02-12 05:53:00,130.677,130.693,130.677,130.686,4
2020-02-12 05:54:00,130.693,130.693,130.693,130.693,1
2020-02-12 06:08:00,130.677,130.677,130.677,130.677,1
2020-02-12 06:11:00,130.677,130.693,130.677,130.693,6
2020-02-12 06:12:00,130.677,130.693,130.677,130.693,4
2020-02-12 06:13:00,130.693,130.693,130.677,130.693,3
2020-02-12 06:16:00,130.693,130.709,130.693,130.709,4
2020-02-12 06:23:00,130.709,130.709,130.693,130.709,4
2020-02-12 06:24:00,130.709,130.724,130.709,130.724,4
2020-02-12 06:25:00,130.709,130.724,130.709,130.724,4
2020-02-12 06:26:00,130.709,130.724,130.709,130.724,11
2020-02-12 06:27:00,130.724,130.724,130.724,130.724,1
2020-02-12 06:30:00,130.724,130.724,130.709,130.709,7
2020-02-12 06:47:00,130.74,130.74,130.724,130.732,10
2020-02-12 06:48:00,130.74,130.74,130.724,130.724,4
2020-02-12 06:49:00,130.724,130.732,130.724,130.732,2
2020-02-12 06:58:00,130.724,130.724,130.709,130.709,8
2020-02-12 06:59:00,130.724,130.724,130.709,130.716,3
2020-02-12 07:00:00,130.709,130.724,130.709,130.709,5
2020-02-12 07:01:00,130.709,130.724,130.709,130.716,5
2020-02-12 07:02:00,130.724,130.724,130.716,130.716,2
2020-02-12 07:05:00,130.74,130.74,130.74,130.74,1
2020-02-12 07:06:00,130.74,130.74,130.724,130.724,6
2020-02-12 07:14:00,130.724,130.724,130.724,130.724,1
2020-02-12 07:15:00,130.709,130.709,130.709,130.709,1
2020-02-12 07:16:00,130.693,130.709,130.677,130.693,17
2020-02-12 07:17:00,130.677,130.677,130.677,130.677,1
2020-02-12 07:18:00,130.662,130.662,130.646,130.662,20
2020-02-12 07:19:00,130.646,130.646,130.646,130.646,1
2020-02-12 07:20:00,130.631,130.646,130.631,130.631,6
2020-02-12 07:22:00,130.646,130.646,130.646,130.646,1
2020-02-12 07:23:00,130.646,130.662,130.646,130.662,4
2020-02-12 07:26:00,130.646,130.662,130.646,130.662,4
2020-02-12 07:28:00,130.631,130.631,130.631,130.631,1
2020-02-12 07:29:00,130.631,130.646,130.631,130.646,4
2020-02-12 07:30:00,130.615,130.631,130.615,130.615,18
2020-02-12 07:31:00,130.631,130.646,130.615,130.631,13
2020-02-12 07:32:00,130.615,130.631,130.615,130.615,14
2020-02-12 07:35:00,130.615,130.631,130.615,130.631,23
2020-02-12 07:36:00,130.631,130.631,130.631,130.631,1
2020-02-12 07:38:00,130.631,130.631,130.615,130.615,8
2020-02-12 07:39:00,130.631,130.631,130.615,130.615,2
2020-02-12 07:40:00,130.615,130.631,130.615,130.615,5
2020-02-12 07:41:00,130.631,130.631,130.615,130.631,7
2020-02-12 07:42:00,130.631,130.646,130.631,130.646,9
2020-02-12 07:43:00,130.646,130.646,130.646,130.646,1
2020-02-12 07:44:00,130.646,130.646,130.631,130.631,2
2020-02-12 07:45:00,130.646,130.662,130.646,130.654,3
2020-02-12 07:46:00,130.662,130.662,130.646,130.662,3
2020-02-12 07:47:00,130.662,130.662,130.646,130.654,5
2020-02-12 07:49:00,130.662,130.678,130.662,130.678,12
2020-02-12 07:50:00,130.678,130.678,130.662,130.678,6
2020-02-12 07:51:00,130.662,130.678,130.662,130.662,5
2020-02-12 07:52:00,130.678,130.678,130.662,130.678,10
2020-02-12 07:53:00,130.662,130.678,130.662,130.662,5
2020-02-12 07:54:00,130.646,130.662,130.646,130.654,5
2020-02-12 07:57:00,130.646,130.662,130.646,130.662,5
2020-02-12 08:00:00,130.646,130.662,130.646,130.662,9
2020-02-12 08:01:00,130.631,130.631,130.631,130.631,1
2020-02-12 08:02:00,130.631,130.631,130.615,130.615,6
2020-02-12 08:03:00,130.631,130.631,130.615,130.622,8
2020-02-12 08:05:00,130.631,130.631,130.615,130.615,17
2020-02-12 08:06:00,130.615,130.615,130.615,130.615,1
2020-02-12 08:08:00,130.6,130.615,130.6,130.6,10
2020-02-12 08:09:00,130.631,130.631,130.615,130.615,13
2020-02-12 08:10:00,130.615,130.631,130.615,130.615,21
2020-02-12 08:11:00,130.631,130.631,130.615,130.631,15
2020-02-12 08:12:00,130.631,130.631,130.615,130.615,2
2020-02-12 08:13:00,130.631,130.631,130.615,130.615,7
2020-02-12 08:14:00,130.615,130.615,130.615,130.615,1
2020-02-12 08:15:00,130.615,130.631,130.6,130.631,22
2020-02-12 08:16:00,130.6,130.608,130.584,130.608,4
2020-02-12 08:17:00,130.6,130.6,130.584,130.584,10
2020-02-12 08:19:00,130.6,130.6,130.584,130.584,11
2020-02-12 08:20:00,130.6,130.6,130.584,130.584,4
2020-02-12 08:21:00,130.6,130.6,130.584,130.592,3
2020-02-12 08:25:00,130.615,130.615,130.6,130.615,5
2020-02-12 08:27:00,130.6,130.6,130.6,130.6,1
2020-02-12 08:28:00,130.615,130.615,130.6,130.615,11
2020-02-12 08:29:00,130.615,130.631,130.615,130.631,5
2020-02-12 08:30:00,130.615,130.631,130.6,130.631,16
2020-02-12 08:31:00,130.6,130.615,130.6,130.608,8
2020-02-12 08:32:00,130.584,130.6,130.584,130.584,6
2020-02-12 08:33:00,130.568,130.584,130.568,130.568,10
2020-02-12 08:35:00,130.568,130.568,130.553,130.56,8
2020-02-12 08:36:00,130.584,130.584,130.568,130.584,13
2020-02-12 08:37:00,130.615,130.615,130.584,130.6,15
2020-02-12 08:38:00,130.615,130.615,130.6,130.6,10
2020-02-12 08:39:00,130.6,130.6,130.6,130.6,1
2020-02-12 08:40:00,130.6,130.6,130.584,130.584,8
2020-02-12 08:41:00,130.584,130.6,130.584,130.584,5
2020-02-12 08:42:00,130.6,130.6,130.584,130.6,26
2020-02-12 08:43:00,130.584,130.6,130.584,130.584,11
2020-02-12 08:44:00,130.568,130.584,130.553,130.568,25
2020-02-12 08:45:00,130.568,130.584,130.568,130.584,15
2020-02-12 08:46:00,130.568,130.568,130.553,130.553,8
2020-02-12 08:47:00,130.584,130.6,130.568,130.584,9
2020-02-12 08:48:00,130.584,130.6,130.584,130.6,7
2020-02-12 08:49:00,130.584,130.6,130.584,130.6,15
2020-02-12 08:50:00,130.584,130.6,130.584,130.6,5
2020-02-12 08:52:00,130.584,130.584,130.568,130.568,9
2020-02-12 08:53:00,130.568,130.568,130.568,130.568,1
2020-02-12 08:54:00,130.568,130.568,130.553,130.553,2
2020-02-12 08:55:00,130.584,130.584,130.568,130.584,5
2020-02-12 08:56:00,130.584,130.6,130.584,130.6,5
2020-02-12 08:57:00,130.584,130.6,130.584,130.592,3
2020-02-12 08:58:00,130.6,130.6,130.584,130.6,7
2020-02-12 08:59:00,130.584,130.584,130.584,130.584,1
2020-02-12 09:00:00,130.6,130.6,130.584,130.6,19
2020-02-12 09:01:00,130.584,130.6,130.584,130.584,8
2020-02-12 09:02:00,130.6,130.6,130.592,130.592,2
2020-02-12 09:03:00,130.6,130.6,130.584,130.584,9
2020-02-12 09:04:00,130.615,130.615,130.608,130.608,2
2020-02-12 09:10:00,130.631,130.631,130.615,130.631,4
2020-02-12 09:11:00,130.631,130.631,130.615,130.615,3
2020-02-12 09:12:00,130.631,130.631,130.615,130.615,7
2020-02-12 09:15:00,130.646,130.646,130.631,130.646,8
2020-02-12 09:18:00,130.646,130.662,130.646,130.662,2
2020-02-12 09:19:00,130.631,130.646,130.631,130.631,3
2020-02-12 09:20:00,130.631,130.646,130.631,130.646,22
2020-02-12 09:21:00,130.646,130.646,130.631,130.646,16
2020-02-12 09:23:00,130.646,130.662,130.646,130.662,4
2020-02-12 09:24:00,130.678,130.678,130.662,130.662,2
2020-02-12 09:26:00,130.662,130.67,130.662,130.67,2
2020-02-12 09:27:00,130.662,130.678,130.662,130.678,8
2020-02-12 09:28:00,130.662,130.678,130.662,130.678,6
2020-02-12 09:31:00,130.646,130.662,130.646,130.646,3
2020-02-12 09:32:00,130.662,130.662,130.646,130.662,3
2020-02-12 09:33:00,130.678,130.678,130.662,130.678,3
2020-02-12 09:41:00,130.662,130.662,130.662,130.662,1
2020-02-12 09:42:00,130.662,130.678,130.662,130.678,4
2020-02-12 09:43:00,130.678,130.678,130.662,130.678,9
2020-02-12 09:46:00,130.662,130.67,130.662,130.67,2
2020-02-12 09:47:00,130.678,130.678,130.678,130.678,1
2020-02-12 09:50:00,130.678,130.693,130.678,130.693,4
2020-02-12 09:51:00,130.693,130.693,130.678,130.693,18
2020-02-12 09:52:00,130.678,130.678,130.678,130.678,1
2020-02-12 09:54:00,130.678,130.693,130.678,130.693,4
2020-02-12 09:57:00,130.662,130.67,130.647,130.662,5
2020-02-12 09:58:00,130.662,130.662,130.647,130.647,2
2020-02-12 09:59:00,130.662,130.662,130.647,130.647,2
2020-02-12 10:00:00,130.662,130.662,130.647,130.647,2
2020-02-12 10:02:00,130.662,130.678,130.662,130.678,8
2020-02-12 10:03:00,130.662,130.678,130.662,130.678,4
2020-02-12 10:07:00,130.647,130.662,130.647,130.647,17
2020-02-12 10:08:00,130.631,130.647,130.631,130.631,17
2020-02-12 10:09:00,130.647,130.647,130.631,130.647,16
2020-02-12 10:12:00,130.631,130.647,130.631,130.631,7
2020-02-12 10:15:00,130.647,130.647,130.647,130.647,1
2020-02-12 10:17:00,130.662,130.678,130.662,130.662,3
2020-02-12 10:18:00,130.662,130.678,130.662,130.67,8
2020-02-12 10:19:00,130.662,130.678,130.662,130.678,11
2020-02-12 10:22:00,130.678,130.678,130.67,130.67,2
2020-02-12 10:24:00,130.678,130.693,130.678,130.693,2
2020-02-12 10:25:00,130.678,130.693,130.678,130.693,9
2020-02-12 10:26:00,130.693,130.693,130.686,130.686,2
2020-02-12 10:27:00,130.725,130.725,130.702,130.702,3
2020-02-12 10:28:00,130.709,130.725,130.709,130.716,7
2020-02-12 10:29:00,130.725,130.725,130.709,130.725,5
2020-02-12 10:30:00,130.725,130.74,130.725,130.74,15
2020-02-12 10:31:00,130.725,130.74,130.725,130.74,2
2020-02-12 10:32:00,130.725,130.725,130.709,130.709,2
2020-02-12 10:35:00,130.756,130.756,130.732,130.732,3
2020-02-12 10:36:00,130.756,130.772,130.756,130.772,6
2020-02-12 10:37:00,130.756,130.772,130.756,130.772,3
2020-02-12 10:38:00,130.772,130.772,130.756,130.764,3
2020-02-12 10:39:00,130.772,130.772,130.756,130.756,6
2020-02-12 10:40:00,130.772,130.772,130.756,130.764,12
2020-02-12 10:41:00,130.756,130.772,130.756,130.756,7
2020-02-12 10:42:00,130.772,130.772,130.764,130.764,2
2020-02-12 10:43:00,130.756,130.756,130.756,130.756,1
2020-02-12 10:44:00,130.772,130.772,130.772,130.772,1
2020-02-12 10:45:00,130.756,130.772,130.756,130.756,14
2020-02-12 10:46:00,130.772,130.772,130.772,130.772,1
2020-02-12 10:47:00,130.756,130.756,130.756,130.756,1
2020-02-12 10:50:00,130.772,130.772,130.772,130.772,1
2020-02-12 10:54:00,130.756,130.772,130.756,130.756,3
2020-02-12 10:55:00,130.74,130.756,130.74,130.74,11
2020-02-12 10:56:00,130.725,130.725,130.725,130.725,1
2020-02-12 10:57:00,130.725,130.74,130.725,130.74,6
2020-02-12 10:58:00,130.74,130.74,130.725,130.74,5
2020-02-12 11:00:00,130.725,130.725,130.725,130.725,1
2020-02-12 11:01:00,130.74,130.74,130.709,130.709,4
2020-02-12 11:02:00,130.725,130.74,130.725,130.725,8
2020-02-12 11:03:00,130.725,130.74,130.725,130.74,2
2020-02-12 11:04:00,130.725,130.74,130.725,130.74,2
2020-02-12 11:05:00,130.725,130.74,130.725,130.74,9
2020-02-12 11:07:00,130.709,130.725,130.709,130.709,6
2020-02-12 11:08:00,130.709,130.725,130.709,130.725,4
2020-02-12 11:09:00,130.725,130.725,130.725,130.725,1
2020-02-12 11:10:00,130.709,130.725,130.709,130.709,5
2020-02-12 11:11:00,130.725,130.725,130.709,130.725,3
2020-02-12 11:12:00,130.709,130.725,130.709,130.709,3
2020-02-12 11:13:00,130.725,130.725,130.709,130.725,3
2020-02-12 11:14:00,130.709,130.709,130.709,130.709,1
2020-02-12 11:17:00,130.709,130.709,130.693,130.693,2
2020-02-12 11:18:00,130.709,130.725,130.709,130.716,4
2020-02-12 11:19:00,130.709,130.725,130.709,130.725,2
2020-02-12 11:25:00,130.693,130.709,130.678,130.693,10
2020-02-12 11:26:00,130.678,130.678,130.678,130.678,1
2020-02-12 11:27:00,130.693,130.693,130.678,130.693,10
2020-02-12 11:28:00,130.693,130.693,130.678,130.678,6
2020-02-12 11:34:00,130.709,130.709,130.709,130.709,1
2020-02-12 11:41:00,130.725,130.725,130.725,130.725,1
2020-02-12 11:46:00,130.725,130.74,130.725,130.74,13
2020-02-12 11:47:00,130.725,130.74,130.725,130.74,4
2020-02-12 11:48:00,130.74,130.74,130.725,130.74,5
2020-02-12 11:49:00,130.74,130.756,130.74,130.756,4
2020-02-12 11:50:00,130.725,130.74,130.725,130.725,3
2020-02-12 11:53:00,130.725,130.74,130.725,130.74,4
2020-02-12 11:54:00,130.74,130.74,130.725,130.74,7
2020-02-12 11:55:00,130.725,130.74,130.725,130.725,5
2020-02-12 11:56:00,130.725,130.74,130.725,130.74,6
2020-02-12 11:57:00,130.74,130.74,130.725,130.732,10
2020-02-12 11:58:00,130.725,130.74,130.725,130.725,3
2020-02-12 11:59:00,130.74,130.74,130.725,130.74,9
2020-02-12 12:00:00,130.74,130.74,130.725,130.725,19
2020-02-12 12:02:00,130.725,130.725,130.725,130.725,1
2020-02-12 12:03:00,130.74,130.74,130.74,130.74,1
2020-02-12 12:07:00,130.74,130.74,130.725,130.725,8
2020-02-12 12:09:00,130.725,130.74,130.725,130.725,8
2020-02-12 12:10:00,130.74,130.74,130.725,130.74,7
2020-02-12 12:11:00,130.725,130.725,130.725,130.725,1
2020-02-12 12:20:00,130.709,130.709,130.694,130.709,3
2020-02-12 12:21:00,130.694,130.709,130.694,130.694,23
2020-02-12 12:22:00,130.709,130.709,130.694,130.702,7
2020-02-12 12:23:00,130.694,130.694,130.694,130.694,1
2020-02-12 12:25:00,130.694,130.694,130.678,130.678,20
2020-02-12 12:26:00,130.694,130.694,130.678,130.678,10
2020-02-12 12:27:00,130.678,130.678,130.662,130.678,15
2020-02-12 12:29:00,130.678,130.678,130.662,130.662,23
2020-02-12 12:30:00,130.662,130.678,130.662,130.662,12
2020-02-12 12:31:00,130.662,130.678,130.662,130.67,7
2020-02-12 12:32:00,130.662,130.678,130.662,130.678,4
2020-02-12 12:34:00,130.662,130.662,130.647,130.647,4
2020-02-12 12:36:00,130.647,130.647,130.647,130.647,1
2020-02-12 12:38:00,130.662,130.662,130.647,130.662,3
2020-02-12 12:41:00,130.647,130.654,130.647,130.654,2
2020-02-12 12:42:00,130.662,130.662,130.654,130.654,2
2020-02-12 12:43:00,130.647,130.654,130.647,130.654,2
2020-02-12 12:44:00,130.647,130.662,130.647,130.662,2
2020-02-12 12:45:00,130.647,130.662,130.647,130.662,2
2020-02-12 12:46:00,130.662,130.662,130.647,130.662,5
2020-02-12 12:47:00,130.647,130.662,130.647,130.647,25
2020-02-12 12:48:00,130.662,130.662,130.662,130.662,1
2020-02-12 12:50:00,130.662,130.678,130.662,130.678,21
2020-02-12 12:51:00,130.678,130.678,130.662,130.678,25
2020-02-12 12:52:00,130.662,130.678,130.662,130.662,10
2020-02-12 12:55:00,130.662,130.662,130.647,130.654,8
2020-02-12 12:58:00,130.647,130.662,130.647,130.654,9
2020-02-12 13:00:00,130.662,130.662,130.654,130.654,2
2020-02-12 13:02:00,130.631,130.647,130.631,130.647,12
2020-02-12 13:03:00,130.647,130.647,130.647,130.647,1
2020-02-12 13:05:00,130.647,130.647,130.631,130.631,16
2020-02-12 13:06:00,130.647,130.647,130.631,130.638,4
2020-02-12 13:07:00,130.647,130.647,130.631,130.638,7
2020-02-12 13:08:00,130.631,130.647,130.631,130.631,3
2020-02-12 13:09:00,130.616,130.631,130.616,130.616,5
2020-02-12 13:10:00,130.6,130.6,130.6,130.6,1
2020-02-12 13:11:00,130.6,130.616,130.6,130.608,3
2020-02-12 13:17:00,130.6,130.616,130.6,130.608,6
2020-02-12 13:19:00,130.616,130.616,130.584,130.584,10
2020-02-12 13:20:00,130.662,130.662,130.616,130.631,41
2020-02-12 13:21:00,130.647,130.662,130.647,130.647,16
2020-02-12 13:22:00,130.647,130.662,130.631,130.662,14
2020-02-12 13:23:00,130.647,130.662,130.631,130.631,8
2020-02-12 13:24:00,130.647,130.662,130.647,130.662,9
2020-02-12 13:25:00,130.662,130.662,130.647,130.662,3
2020-02-12 13:26:00,130.678,130.678,130.662,130.678,5
2020-02-12 13:27:00,130.631,130.678,130.631,130.67,13
2020-02-12 13:28:00,130.647,130.647,130.616,130.64,16
2020-02-12 13:29:00,130.647,130.662,130.647,130.662,2
2020-02-12 13:30:00,130.647,130.647,130.631,130.64,11
2020-02-12 13:31:00,130.647,130.647,130.631,130.631,6
2020-02-12 13:32:00,130.647,130.647,130.631,130.631,10
2020-02-12 13:33:00,130.647,130.647,130.616,130.631,12
2020-02-12 13:34:00,130.631,130.631,130.631,130.631,1
2020-02-12 13:35:00,130.631,130.647,130.631,130.647,7
2020-02-12 13:36:00,130.631,130.631,130.616,130.616,12
2020-02-12 13:37:00,130.616,130.631,130.616,130.616,16
2020-02-12 13:38:00,130.631,130.647,130.616,130.631,25
2020-02-12 13:40:00,130.631,130.631,130.616,130.616,14
2020-02-12 13:41:00,130.616,130.616,130.6,130.616,11
2020-02-12 13:42:00,130.616,130.616,130.6,130.6,21
2020-02-12 13:45:00,130.631,130.631,130.631,130.631,1
2020-02-12 13:46:00,130.647,130.647,130.647,130.647,1
2020-02-12 13:47:00,130.647,130.662,130.647,130.662,22
2020-02-12 13:48:00,130.662,130.662,130.647,130.662,6
2020-02-12 13:51:00,130.678,130.678,130.662,130.678,7
2020-02-12 13:53:00,130.662,130.678,130.647,130.662,22
2020-02-12 13:54:00,130.647,130.662,130.647,130.647,25
2020-02-12 13:55:00,130.631,130.631,130.631,130.631,1
2020-02-12 13:56:00,130.647,130.647,130.64,130.64,2
2020-02-12 13:58:00,130.662,130.662,130.647,130.662,16
2020-02-12 13:59:00,130.662,130.678,130.662,130.67,15
2020-02-12 14:00:00,130.662,130.678,130.647,130.678,10
2020-02-12 14:01:00,130.678,130.694,130.67,130.67,14
2020-02-12 14:03:00,130.678,130.694,130.678,130.694,12
2020-02-12 14:04:00,130.662,130.678,130.662,130.67,21
2020-02-12 14:05:00,130.647,130.662,130.647,130.647,6
2020-02-12 14:07:00,130.663,130.663,130.654,130.654,2
2020-02-12 14:09:00,130.678,130.694,130.663,130.678,13
2020-02-12 14:10:00,130.678,130.678,130.663,130.663,10
2020-02-12 14:11:00,130.678,130.694,130.663,130.663,16
2020-02-12 14:14:00,130.663,130.678,130.647,130.663,12
2020-02-12 14:15:00,130.647,130.663,130.647,130.647,7
2020-02-12 14:16:00,130.647,130.647,130.631,130.631,3
2020-02-12 14:17:00,130.631,130.631,130.631,130.631,1
2020-02-12 14:19:00,130.647,130.647,130.631,130.647,3
2020-02-12 14:20:00,130.647,130.663,130.647,130.654,13
2020-02-12 14:21:00,130.647,130.647,130.631,130.64,4
2020-02-12 14:22:00,130.678,130.678,130.647,130.663,6
2020-02-12 14:23:00,130.663,130.678,130.663,130.663,7
2020-02-12 14:25:00,130.678,130.678,130.663,130.678,29
2020-02-12 14:26:00,130.678,130.678,130.663,130.663,13
2020-02-12 14:27:00,130.663,130.678,130.663,130.663,19
2020-02-12 14:28:00,130.647,130.663,130.647,130.647,3
2020-02-12 14:30:00,130.647,130.663,130.631,130.663,13
2020-02-12 14:31:00,130.663,130.663,130.647,130.654,4
2020-02-12 14:32:00,130.647,130.678,130.647,130.647,11
2020-02-12 14:33:00,130.631,130.647,130.616,130.631,9
2020-02-12 14:34:00,130.616,130.624,130.616,130.624,2
2020-02-12 14:35:00,130.647,130.647,130.616,130.631,30
2020-02-12 14:36:00,130.616,130.64,130.616,130.631,8
2020-02-12 14:37:00,130.631,130.631,130.616,130.631,3
2020-02-12 14:38:00,130.616,130.631,130.616,130.616,10
2020-02-12 14:40:00,130.616,130.631,130.616,130.631,6
2020-02-12 14:41:00,130.616,130.631,130.616,130.631,2
2020-02-12 14:42:00,130.616,130.631,130.616,130.631,4
2020-02-12 14:43:00,130.631,130.631,130.616,130.631,10
2020-02-12 14:44:00,130.631,130.647,130.631,130.647,13
2020-02-12 14:46:00,130.631,130.647,130.631,130.647,5
2020-02-12 14:48:00,130.647,130.647,130.631,130.64,6
2020-02-12 14:50:00,130.631,130.647,130.631,130.647,5
2020-02-12 14:51:00,130.631,130.631,130.616,130.616,8
2020-02-12 14:52:00,130.631,130.631,130.616,130.616,2
2020-02-12 14:53:00,130.616,130.616,130.616,130.616,1
2020-02-12 14:54:00,130.631,130.631,130.616,130.631,11
2020-02-12 14:55:00,130.616,130.631,130.616,130.624,10
2020-02-12 14:56:00,130.631,130.647,130.631,130.631,9
2020-02-12 14:57:00,130.631,130.631,130.616,130.616,4
2020-02-12 14:59:00,130.631,130.631,130.616,130.616,9
2020-02-12 15:00:00,130.616,130.631,130.616,130.616,3
2020-02-12 15:01:00,130.6,130.616,130.6,130.6,12
2020-02-12 15:02:00,130.616,130.616,130.616,130.616,1
2020-02-12 15:03:00,130.631,130.631,130.616,130.631,6
2020-02-12 15:04:00,130.647,130.647,130.631,130.647,24
2020-02-12 15:05:00,130.631,130.647,130.631,130.631,13
2020-02-12 15:06:00,130.647,130.647,130.631,130.647,10
2020-02-12 15:07:00,130.663,130.663,130.647,130.663,8
2020-02-12 15:08:00,130.647,130.654,130.647,130.654,2
2020-02-12 15:09:00,130.616,130.631,130.616,130.631,2
2020-02-12 15:10:00,130.631,130.631,130.616,130.631,7
2020-02-12 15:11:00,130.631,130.631,130.616,130.616,5
2020-02-12 15:12:00,130.616,130.631,130.616,130.616,15
2020-02-12 15:14:00,130.616,130.616,130.6,130.6,6
2020-02-12 15:15:00,130.6,130.616,130.6,130.6,11
2020-02-12 15:16:00,130.631,130.631,130.6,130.616,7
2020-02-12 15:17:00,130.616,130.631,130.616,130.616,3
2020-02-12 15:19:00,130.616,130.631,130.616,130.624,12
2020-02-12 15:20:00,130.631,130.631,130.631,130.631,1
2020-02-12 15:22:00,130.647,130.647,130.647,130.647,1
2020-02-12 15:23:00,130.6,130.647,130.6,130.631,16
2020-02-12 15:24:00,130.616,130.616,130.6,130.616,4
2020-02-12 15:25:00,130.616,130.616,130.6,130.6,7
2020-02-12 15:26:00,130.631,130.631,130.624,130.631,3
2020-02-12 15:29:00,130.631,130.64,130.616,130.616,4
2020-02-12 15:30:00,130.631,130.647,130.631,130.647,5
2020-02-12 15:31:00,130.631,130.631,130.616,130.616,2
2020-02-12 15:33:00,130.631,130.631,130.616,130.616,6
2020-02-12 15:34:00,130.631,130.631,130.616,130.616,12
2020-02-12 15:35:00,130.631,130.631,130.616,130.631,5
2020-02-12 15:36:00,130.616,130.631,130.616,130.616,7
2020-02-12 15:37:00,130.6,130.616,130.6,130.608,21
2020-02-12 15:38:00,130.6,130.616,130.6,130.608,4
2020-02-12 15:40:00,130.6,130.6,130.585,130.585,19
2020-02-12 15:41:00,130.616,130.616,130.6,130.608,13
2020-02-12 15:45:00,130.6,130.616,130.6,130.6,3
2020-02-12 15:46:00,130.616,130.616,130.6,130.616,10
2020-02-12 15:47:00,130.6,130.608,130.585,130.608,4
2020-02-12 15:48:00,130.6,130.6,130.585,130.592,5
2020-02-12 15:49:00,130.6,130.6,130.585,130.592,10
2020-02-12 15:50:00,130.585,130.6,130.585,130.585,11
2020-02-12 15:51:00,130.6,130.6,130.585,130.6,3
2020-02-12 15:54:00,130.585,130.6,130.585,130.585,18
2020-02-12 15:56:00,130.585,130.6,130.585,130.592,12
2020-02-12 15:57:00,130.6,130.6,130.585,130.6,9
2020-02-12 15:58:00,130.6,130.6,130.585,130.585,4
2020-02-12 16:00:00,130.616,130.616,130.616,130.616,1
2020-02-12 16:02:00,130.6,130.6,130.6,130.6,1
2020-02-12 16:03:00,130.585,130.6,130.585,130.585,3
2020-02-12 16:04:00,130.585,130.585,130.569,130.569,5
2020-02-12 16:05:00,130.569,130.585,130.569,130.569,13
2020-02-12 16:07:00,130.569,130.569,130.553,130.553,11
2020-02-12 16:13:00,130.569,130.569,130.553,130.553,3
2020-02-12 16:14:00,130.553,130.569,130.553,130.553,5
2020-02-12 16:15:00,130.538,130.538,130.538,130.538,1
2020-02-12 16:16:00,130.585,130.585,130.553,130.553,38
2020-02-12 16:17:00,130.585,130.6,130.569,130.6,6
2020-02-12 16:18:00,130.569,130.585,130.569,130.569,26
2020-02-12 16:21:00,130.585,130.585,130.569,130.576,10
2020-02-12 16:22:00,130.585,130.585,130.569,130.569,10
2020-02-12 16:23:00,130.585,130.585,130.569,130.569,6
2020-02-12 16:25:00,130.585,130.585,130.569,130.569,2
2020-02-12 16:28:00,130.585,130.6,130.585,130.6,5
2020-02-12 16:29:00,130.6,130.6,130.585,130.592,13
2020-02-12 16:30:00,130.6,130.6,130.585,130.585,13
2020-02-12 16:31:00,130.6,130.6,130.585,130.585,5
2020-02-12 16:32:00,130.6,130.6,130.585,130.585,6
2020-02-12 16:38:00,130.616,130.616,130.6,130.616,52
2020-02-12 16:39:00,130.616,130.631,130.616,130.631,2
2020-02-12 16:41:00,130.616,130.631,130.616,130.631,7
2020-02-12 16:42:00,130.631,130.631,130.616,130.631,3
2020-02-12 16:44:00,130.632,130.647,130.632,130.647,12
2020-02-12 16:45:00,130.632,130.647,130.632,130.64,27
2020-02-12 16:47:00,130.632,130.647,130.632,130.647,4
2020-02-12 16:48:00,130.647,130.647,130.632,130.64,5
2020-02-12 16:49:00,130.632,130.647,130.632,130.632,9
2020-02-12 16:50:00,130.632,130.632,130.616,130.616,3
2020-02-12 16:51:00,130.632,130.632,130.616,130.616,5
2020-02-12 16:52:00,130.616,130.616,130.616,130.616,1
2020-02-12 16:56:00,130.616,130.632,130.616,130.624,22
2020-02-12 16:57:00,130.632,130.632,130.616,130.632,11
2020-02-12 16:58:00,130.632,130.632,130.616,130.616,8
2020-02-12 16:59:00,130.632,130.632,130.616,130.616,8
2020-02-12 17:01:00,130.616,130.632,130.616,130.616,3
2020-02-12 17:04:00,130.632,130.632,130.624,130.624,2
2020-02-12 17:09:00,130.632,130.647,130.632,130.647,5
2020-02-12 17:10:00,130.632,130.647,130.632,130.647,10
2020-02-12 17:11:00,130.632,130.647,130.632,130.647,11
2020-02-12 17:13:00,130.632,130.647,130.632,130.647,2
2020-02-12 17:14:00,130.632,130.632,130.616,130.616,4
2020-02-12 17:23:00,130.616,130.616,130.616,130.616,1
2020-02-12 17:31:00,130.616,130.632,130.616,130.632,4
2020-02-12 17:32:00,130.616,130.632,130.616,130.632,2
2020-02-12 17:35:00,130.632,130.632,130.616,130.624,16
2020-02-12 17:41:00,130.647,130.647,130.632,130.647,4
2020-02-12 17:52:00,130.647,130.647,130.632,130.632,11
2020-02-12 17:58:00,130.632,130.647,130.632,130.632,15
2020-02-12 18:00:00,130.632,130.632,130.616,130.624,7
2020-02-12 18:01:00,130.663,130.663,130.647,130.647,12
2020-02-12 18:02:00,130.663,130.663,130.647,130.647,45
2020-02-12 18:03:00,130.663,130.678,130.663,130.678,8
2020-02-12 18:04:00,130.647,130.663,130.647,130.647,5
2020-02-12 18:05:00,130.632,130.632,130.616,130.632,4
2020-02-12 18:06:00,130.632,130.647,130.632,130.647,10
2020-02-12 18:07:00,130.647,130.647,130.647,130.647,1
2020-02-12 18:09:00,130.647,130.663,130.647,130.656,3
2020-02-12 18:10:00,130.647,130.663,130.647,130.663,13
2020-02-12 18:11:00,130.647,130.663,130.647,130.663,10
2020-02-12 18:12:00,130.663,130.663,130.663,130.663,1
2020-02-12 18:13:00,130.663,130.663,130.647,130.647,2
2020-02-12 18:14:00,130.647,130.647,130.647,130.647,1
2020-02-12 18:15:00,130.663,130.663,130.663,130.663,1
2020-02-12 18:20:00,130.678,130.678,130.663,130.67,13
2020-02-12 18:23:00,130.694,130.694,130.694,130.694,1
2020-02-12 18:24:00,130.694,130.71,130.694,130.71,2
2020-02-12 18:25:00,130.71,130.71,130.71,130.71,1
2020-02-12 18:27:00,130.694,130.694,130.678,130.694,10
2020-02-12 18:32:00,130.678,130.678,130.678,130.678,1
2020-02-12 18:38:00,130.678,130.694,130.678,130.694,10
2020-02-12 18:40:00,130.663,130.678,130.663,130.663,10
2020-02-12 18:41:00,130.678,130.678,130.678,130.678,1
2020-02-12 18:53:00,130.679,130.679,130.663,130.663,2
2020-02-12 18:57:00,130.663,130.679,130.663,130.663,3
2020-02-12 18:58:00,130.663,130.663,130.647,130.656,3
2020-02-12 18:59:00,130.663,130.663,130.647,130.647,9
2020-02-12 19:02:00,130.663,130.663,130.647,130.647,2
2020-02-12 19:04:00,130.647,130.663,130.647,130.647,6
2020-02-12 19:06:00,130.647,130.647,130.632,130.632,9
2020-02-12 19:07:00,130.647,130.647,130.632,130.632,2
2020-02-12 19:16:00,130.663,130.663,130.663,130.663,1
2020-02-12 19:18:00,130.647,130.647,130.647,130.647,1
2020-02-12 19:20:00,130.647,130.663,130.647,130.663,2
2020-02-12 19:21:00,130.647,130.647,130.632,130.632,24
2020-02-12 19:22:00,130.632,130.647,130.632,130.632,34
2020-02-12 19:23:00,130.647,130.647,130.632,130.64,19
2020-02-12 19:24:00,130.647,130.647,130.632,130.632,7
2020-02-12 19:25:00,130.647,130.663,130.647,130.663,4
2020-02-12 19:26:00,130.632,130.647,130.632,130.632,3
2020-02-12 19:27:00,130.647,130.647,130.647,130.647,1
2020-02-12 19:32:00,130.632,130.64,130.632,130.64,2
2020-02-12 19:34:00,130.632,130.647,130.632,130.647,3
2020-02-12 19:35:00,130.616,130.616,130.616,130.616,1
2020-02-12 19:46:00,130.616,130.616,130.601,130.601,2
2020-02-12 19:48:00,130.616,130.616,130.601,130.601,2
2020-02-12 19:53:00,130.616,130.632,130.616,130.632,8
2020-02-12 19:55:00,130.616,130.616,130.601,130.608,3
2020-02-12 19:57:00,130.616,130.616,130.601,130.601,11
2020-02-12 19:58:00,130.616,130.616,130.601,130.608,8
2020-02-12 19:59:00,130.616,130.616,130.601,130.601,10
2020-02-12 20:00:00,130.601,130.601,130.601,130.601,1
2020-02-12 20:03:00,130.601,130.601,130.585,130.585,2
2020-02-12 20:04:00,130.585,130.601,130.585,130.585,29
2020-02-12 20:07:00,130.601,130.601,130.601,130.601,1
2020-02-12 20:23:00,130.616,130.616,130.601,130.616,3
2020-02-12 20:26:00,130.601,130.601,130.601,130.601,1
2020-02-12 20:30:00,130.616,130.616,130.616,130.616,1
2020-02-12 20:31:00,130.601,130.608,130.601,130.608,2
2020-02-12 20:36:00,130.616,130.616,130.601,130.608,6
2020-02-12 20:45:00,130.632,130.632,130.632,130.632,1
2020-02-12 20:47:00,130.616,130.616,130.616,130.616,1
2020-02-12 20:49:00,130.616,130.632,130.601,130.601,18
2020-02-12 20:56:00,130.616,130.632,130.616,130.632,8
2020-02-12 21:00:00,130.616,130.616,130.601,130.608,3
2020-02-12 21:01:00,130.601,130.608,130.601,130.608,2
2020-02-12 21:03:00,130.616,130.616,130.608,130.608,2
2020-02-12 21:20:00,130.585,130.601,130.585,130.601,6
2020-02-12 21:21:00,130.569,130.585,130.569,130.569,7
2020-02-12 21:22:00,130.569,130.585,130.569,130.585,15
2020-02-12 21:23:00,130.585,130.585,130.569,130.585,5
2020-02-12 21:24:00,130.569,130.585,130.569,130.569,10
2020-02-12 21:27:00,130.554,130.569,130.554,130.554,3
2020-02-12 21:29:00,130.569,130.569,130.554,130.562,10
2020-02-12 21:31:00,130.554,130.554,130.554,130.554,1
2020-02-12 21:32:00,130.554,130.569,130.554,130.569,5
2020-02-12 21:37:00,130.554,130.554,130.538,130.538,10
2020-02-12 21:38:00,130.554,130.554,130.538,130.546,6
2020-02-12 21:39:00,130.554,130.554,130.538,130.538,10
2020-02-12 21:41:00,130.538,130.554,130.538,130.538,11
2020-02-12 21:44:00,130.554,130.554,130.554,130.554,1
2020-02-12 21:45:00,130.538,130.554,130.538,130.538,13
2020-02-12 21:46:00,130.538,130.554,130.538,130.554,6
2020-02-12 21:53:00,130.554,130.554,130.554,130.554,1
2020-02-12 21:59:00,130.554,130.554,130.554,130.554,1
2020-02-12 23:00:00,130.585,130.585,130.57,130.57,2
2020-02-12 23:14:00,130.57,130.585,130.57,130.57,3
2020-02-12 23:27:00,130.585,130.585,130.585,130.585,1
2020-02-12 23:29:00,130.57,130.57,130.57,130.57,1
2020-02-12 23:30:00,130.585,130.585,130.57,130.585,3
2020-02-12 23:32:00,130.57,130.585,130.57,130.578,4
2020-02-12 23:33:00,130.585,130.585,130.585,130.585,1
2020-02-12 23:39:00,130.585,130.585,130.585,130.585,1
2020-02-12 23:45:00,130.57,130.585,130.57,130.585,3
2020-02-12 23:46:00,130.585,130.585,130.57,130.585,7
2020-02-12 23:47:00,130.632,130.632,130.585,130.601,8
2020-02-12 23:48:00,130.695,130.71,130.64,130.64,56
2020-02-12 23:49:00,130.726,130.757,130.695,130.71,11
2020-02-12 23:50:00,130.695,130.741,130.648,130.71,49
2020-02-12 23:51:00,130.71,130.726,130.695,130.71,19
2020-02-12 23:52:00,130.757,130.757,130.695,130.726,24
2020-02-12 23:53:00,130.773,130.773,130.741,130.741,25
2020-02-12 23:54:00,130.819,130.835,130.788,130.788,37
2020-02-12 23:55:00,130.851,130.851,130.819,130.835,32
2020-02-12 23:56:00,130.804,130.835,130.788,130.835,22
2020-02-12 23:57:00,130.773,130.788,130.773,130.788,12
2020-02-12 23:58:00,130.788,130.819,130.788,130.788,13
2020-02-12 23:59:00,130.741,130.788,130.741,130.773,27
2020-02-13 00:00:00,130.741,130.773,130.741,130.75,35
2020-02-13 00:01:00,130.726,130.741,130.726,130.726,21
2020-02-13 00:02:00,130.757,130.757,130.726,130.741,40
2020-02-13 00:03:00,130.773,130.773,130.764,130.773,3
2020-02-13 00:04:00,130.757,130.773,130.757,130.757,3
2020-02-13 00:05:00,130.757,130.78,130.757,130.764,20
2020-02-13 00:06:00,130.773,130.788,130.757,130.764,19
2020-02-13 00:07:00,130.788,130.788,130.773,130.788,8
2020-02-13 00:08:00,130.773,130.773,130.757,130.773,12
2020-02-13 00:09:00,130.757,130.773,130.757,130.757,16
2020-02-13 00:10:00,130.757,130.773,130.757,130.773,6
2020-02-13 00:11:00,130.741,130.757,130.741,130.75,14
2020-02-13 00:12:00,130.741,130.757,130.741,130.757,10
2020-02-13 00:13:00,130.757,130.757,130.741,130.757,9
2020-02-13 00:14:00,130.71,130.741,130.71,130.741,3
2020-02-13 00:15:00,130.695,130.71,130.695,130.695,7
2020-02-13 00:16:00,130.726,130.726,130.695,130.702,14
2020-02-13 00:17:00,130.726,130.726,130.71,130.71,13
2020-02-13 00:18:00,130.726,130.741,130.726,130.741,16
2020-02-13 00:19:00,130.726,130.741,130.726,130.741,10
2020-02-13 00:20:00,130.726,130.741,130.726,130.741,8
2020-02-13 00:22:00,130.726,130.726,130.71,130.71,17
2020-02-13 00:23:00,130.726,130.726,130.71,130.71,2
2020-02-13 00:24:00,130.741,130.741,130.726,130.741,14
2020-02-13 00:25:00,130.741,130.757,130.741,130.757,8
2020-02-13 00:26:00,130.757,130.757,130.741,130.757,5
2020-02-13 00:27:00,130.757,130.773,130.757,130.773,2
2020-02-13 00:28:00,130.757,130.773,130.757,130.773,4
2020-02-13 00:29:00,130.773,130.773,130.757,130.773,13
2020-02-13 00:30:00,130.773,130.788,130.773,130.78,4
2020-02-13 00:31:00,130.773,130.788,130.773,130.788,8
2020-02-13 00:32:00,130.773,130.788,130.773,130.788,8
2020-02-13 00:34:00,130.773,130.788,130.773,130.788,2
2020-02-13 00:35:00,130.757,130.773,130.757,130.757,5
2020-02-13 00:36:00,130.773,130.773,130.773,130.773,1
2020-02-13 00:37:00,130.773,130.788,130.757,130.757,8
2020-02-13 00:38:00,130.804,130.804,130.773,130.788,9
2020-02-13 00:39:00,130.804,130.82,130.804,130.82,4
2020-02-13 00:40:00,130.82,130.82,130.804,130.82,9
2020-02-13 00:41:00,130.82,130.82,130.804,130.804,2
2020-02-13 00:42:00,130.804,130.804,130.804,130.804,1
2020-02-13 00:43:00,130.804,130.82,130.804,130.82,2
2020-02-13 00:45:00,130.804,130.804,130.788,130.788,4
2020-02-13 00:46:00,130.788,130.804,130.788,130.788,5
2020-02-13 00:48:00,130.788,130.804,130.788,130.804,4
2020-02-13 00:49:00,130.788,130.788,130.773,130.773,2
2020-02-13 00:51:00,130.804,130.804,130.804,130.804,1
2020-02-13 00:52:00,130.788,130.82,130.788,130.812,6
2020-02-13 00:56:00,130.788,130.804,130.788,130.804,8
2020-02-13 00:59:00,130.788,130.804,130.788,130.804,2
2020-02-13 01:00:00,130.773,130.788,130.773,130.773,10
2020-02-13 01:01:00,130.773,130.773,130.757,130.757,6
2020-02-13 01:02:00,130.773,130.773,130.757,130.757,4
2020-02-13 01:03:00,130.773,130.788,130.773,130.788,2
2020-02-13 01:06:00,130.773,130.773,130.757,130.757,4
2020-02-13 01:09:00,130.773,130.773,130.757,130.757,10
2020-02-13 01:11:00,130.757,130.773,130.757,130.757,3
2020-02-13 01:12:00,130.757,130.773,130.757,130.773,4
2020-02-13 01:13:00,130.773,130.773,130.757,130.773,6
2020-02-13 01:14:00,130.757,130.757,130.757,130.757,1
2020-02-13 01:15:00,130.757,130.773,130.757,130.773,7
2020-02-13 01:16:00,130.757,130.773,130.757,130.773,8
2020-02-13 01:19:00,130.757,130.773,130.757,130.773,8
2020-02-13 01:20:00,130.757,130.773,130.757,130.773,6
2020-02-13 01:24:00,130.757,130.757,130.742,130.742,2
2020-02-13 01:25:00,130.742,130.757,130.742,130.742,5
2020-02-13 01:26:00,130.742,130.742,130.726,130.726,6
2020-02-13 01:27:00,130.726,130.742,130.71,130.726,12
2020-02-13 01:28:00,130.726,130.726,130.71,130.718,11
2020-02-13 01:29:00,130.742,130.742,130.726,130.742,6
2020-02-13 01:30:00,130.742,130.742,130.726,130.734,3
2020-02-13 01:32:00,130.757,130.757,130.75,130.75,2
2020-02-13 01:33:00,130.757,130.757,130.742,130.742,6
2020-02-13 01:35:00,130.757,130.757,130.742,130.742,18
2020-02-13 01:38:00,130.773,130.773,130.773,130.773,1
2020-02-13 01:39:00,130.757,130.773,130.757,130.757,5
2020-02-13 01:41:00,130.757,130.773,130.757,130.773,7
2020-02-13 01:42:00,130.757,130.773,130.757,130.773,2
2020-02-13 01:43:00,130.757,130.757,130.742,130.742,4
2020-02-13 01:44:00,130.742,130.742,130.742,130.742,1
2020-02-13 01:45:00,130.726,130.742,130.726,130.734,9
2020-02-13 01:48:00,130.726,130.742,130.726,130.742,2
2020-02-13 01:50:00,130.726,130.726,130.71,130.71,4
2020-02-13 01:51:00,130.726,130.742,130.726,130.742,4
2020-02-13 01:52:00,130.71,130.726,130.71,130.71,6
2020-02-13 01:53:00,130.726,130.726,130.726,130.726,1
2020-02-13 01:54:00,130.726,130.726,130.71,130.71,2
2020-02-13 01:55:00,130.726,130.726,130.71,130.71,2
2020-02-13 01:56:00,130.71,130.726,130.71,130.71,7
2020-02-13 01:57:00,130.726,130.726,130.71,130.726,10
2020-02-13 01:58:00,130.726,130.742,130.726,130.742,4
2020-02-13 01:59:00,130.726,130.742,130.726,130.742,4
2020-02-13 02:00:00,130.742,130.742,130.726,130.742,6
2020-02-13 02:01:00,130.742,130.75,130.742,130.75,2
2020-02-13 02:02:00,130.757,130.757,130.742,130.757,7
2020-02-13 02:03:00,130.757,130.757,130.742,130.75,3
2020-02-13 02:05:00,130.742,130.742,130.742,130.742,1
2020-02-13 02:07:00,130.726,130.742,130.726,130.726,6
2020-02-13 02:08:00,130.742,130.742,130.726,130.742,3
2020-02-13 02:09:00,130.742,130.757,130.742,130.75,6
2020-02-13 02:11:00,130.742,130.757,130.742,130.757,2
2020-02-13 02:12:00,130.757,130.757,130.742,130.757,12
2020-02-13 02:13:00,130.742,130.742,130.742,130.742,1
2020-02-13 02:14:00,130.757,130.757,130.742,130.757,7
2020-02-13 02:16:00,130.742,130.757,130.742,130.742,11
2020-02-13 02:19:00,130.742,130.757,130.742,130.75,3
2020-02-13 02:26:00,130.742,130.757,130.742,130.757,2
2020-02-13 02:28:00,130.742,130.757,130.742,130.757,2
2020-02-13 02:30:00,130.757,130.757,130.757,130.757,1
2020-02-13 02:31:00,130.742,130.742,130.742,130.742,1
2020-02-13 02:32:00,130.742,130.757,130.742,130.757,4
2020-02-13 02:35:00,130.726,130.734,130.726,130.734,2
2020-02-13 02:36:00,130.726,130.742,130.726,130.742,2
2020-02-13 02:37:00,130.726,130.726,130.71,130.71,2
2020-02-13 02:38:00,130.71,130.71,130.71,130.71,1
2020-02-13 02:39:00,130.726,130.726,130.71,130.718,4
2020-02-13 02:40:00,130.726,130.726,130.71,130.71,4
2020-02-13 02:42:00,130.726,130.742,130.726,130.734,9
2020-02-13 02:43:00,130.742,130.742,130.726,130.734,4
2020-02-13 02:44:00,130.726,130.726,130.726,130.726,1
2020-02-13 02:45:00,130.726,130.742,130.726,130.742,2
2020-02-13 02:55:00,130.726,130.742,130.726,130.742,6
2020-02-13 02:56:00,130.726,130.742,130.726,130.734,3
2020-02-13 02:57:00,130.742,130.742,130.742,130.742,1
2020-02-13 02:59:00,130.757,130.757,130.742,130.757,5
2020-02-13 03:00:00,130.757,130.757,130.742,130.742,2
2020-02-13 03:01:00,130.757,130.757,130.742,130.742,2
2020-02-13 03:02:00,130.742,130.742,130.742,130.742,1
2020-02-13 03:08:00,130.742,130.742,130.726,130.726,2
2020-02-13 03:11:00,130.742,130.757,130.742,130.757,2
2020-02-13 03:16:00,130.742,130.742,130.726,130.726,2
2020-02-13 03:25:00,130.742,130.757,130.742,130.757,2
2020-02-13 03:26:00,130.757,130.757,130.742,130.757,8
2020-02-13 03:27:00,130.773,130.773,130.773,130.773,1
2020-02-13 03:30:00,130.757,130.766,130.757,130.766,2
2020-02-13 03:32:00,130.773,130.773,130.773,130.773,1
2020-02-13 03:34:00,130.757,130.757,130.757,130.757,1
2020-02-13 03:37:00,130.773,130.773,130.773,130.773,1
2020-02-13 03:38:00,130.757,130.757,130.757,130.757,1
2020-02-13 03:39:00,130.773,130.773,130.773,130.773,1
2020-02-13 03:40:00,130.757,130.757,130.757,130.757,1
2020-02-13 03:42:00,130.757,130.773,130.757,130.766,4
2020-02-13 03:43:00,130.773,130.773,130.773,130.773,1
2020-02-13 03:45:00,130.773,130.773,130.757,130.757,2
2020-02-13 03:50:00,130.773,130.773,130.757,130.757,2
2020-02-13 03:55:00,130.789,130.789,130.773,130.789,3
2020-02-13 03:56:00,130.789,130.789,130.773,130.773,2
2020-02-13 04:02:00,130.773,130.773,130.773,130.773,1
2020-02-13 04:04:00,130.773,130.789,130.773,130.789,2
2020-02-13 04:19:00,130.789,130.789,130.78,130.78,2
2020-02-13 04:20:00,130.789,130.789,130.773,130.78,3
2020-02-13 04:21:00,130.773,130.789,130.773,130.773,5
2020-02-13 04:25:00,130.773,130.789,130.773,130.789,2
2020-02-13 04:26:00,130.789,130.789,130.789,130.789,1
2020-02-13 04:27:00,130.789,130.789,130.773,130.773,2
2020-02-13 04:33:00,130.804,130.804,130.804,130.804,1
2020-02-13 04:35:00,130.789,130.796,130.789,130.796,2
2020-02-13 04:41:00,130.789,130.789,130.773,130.773,3
2020-02-13 04:44:00,130.804,130.804,130.796,130.796,2
2020-02-13 04:46:00,130.804,130.82,130.804,130.82,4
2020-02-13 04:50:00,130.804,130.82,130.804,130.82,8
2020-02-13 04:58:00,130.82,130.82,130.804,130.82,7
2020-02-13 05:03:00,130.804,130.804,130.804,130.804,1
2020-02-13 05:14:00,130.804,130.804,130.789,130.789,12
2020-02-13 05:16:00,130.804,130.804,130.789,130.789,2
2020-02-13 05:18:00,130.789,130.789,130.789,130.789,1
2020-02-13 05:20:00,130.804,130.804,130.789,130.796,4
2020-02-13 05:25:00,130.804,130.82,130.804,130.82,4
2020-02-13 05:26:00,130.82,130.82,130.82,130.82,1
2020-02-13 05:30:00,130.82,130.82,130.804,130.804,2
2020-02-13 05:43:00,130.82,130.836,130.82,130.836,4
2020-02-13 05:44:00,130.836,130.836,130.82,130.836,3
2020-02-13 05:47:00,130.82,130.836,130.82,130.82,7
2020-02-13 05:50:00,130.82,130.836,130.82,130.836,9
2020-02-13 05:52:00,130.82,130.836,130.82,130.836,4
2020-02-13 05:58:00,130.836,130.836,130.836,130.836,1
2020-02-13 06:00:00,130.82,130.836,130.82,130.82,14
2020-02-13 06:01:00,130.836,130.836,130.836,130.836,1
2020-02-13 06:06:00,130.836,130.851,130.836,130.851,6
2020-02-13 06:09:00,130.851,130.851,130.851,130.851,1
2020-02-13 06:10:00,130.836,130.844,130.836,130.844,2
2020-02-13 06:11:00,130.851,130.851,130.851,130.851,1
2020-02-13 06:13:00,130.867,130.883,130.867,130.867,17
2020-02-13 06:14:00,130.883,130.883,130.883,130.883,1
2020-02-13 06:17:00,130.898,130.898,130.898,130.898,1
2020-02-13 06:18:00,130.914,130.914,130.914,130.914,1
2020-02-13 06:22:00,130.898,130.914,130.898,130.898,3
2020-02-13 06:23:00,130.914,130.914,130.914,130.914,1
2020-02-13 06:24:00,130.898,130.898,130.898,130.898,1
2020-02-13 06:26:00,130.883,130.883,130.883,130.883,1
2020-02-13 06:29:00,130.898,130.898,130.883,130.898,3
2020-02-13 06:30:00,130.898,130.898,130.883,130.883,2
2020-02-13 06:42:00,130.898,130.898,130.883,130.883,2
2020-02-13 06:43:00,130.898,130.898,130.883,130.883,4
2020-02-13 06:44:00,130.898,130.898,130.883,130.883,2
2020-02-13 06:46:00,130.898,130.898,130.883,130.883,2
2020-02-13 06:47:00,130.883,130.883,130.883,130.883,1
2020-02-13 06:51:00,130.883,130.898,130.883,130.898,2
2020-02-13 06:52:00,130.883,130.898,130.883,130.898,2
2020-02-13 06:53:00,130.898,130.898,130.898,130.898,1
2020-02-13 06:57:00,130.898,130.898,130.883,130.883,2
2020-02-13 06:59:00,130.898,130.898,130.883,130.883,2
2020-02-13 07:00:00,130.914,130.914,130.883,130.883,7
2020-02-13 07:04:00,130.945,130.945,130.929,130.929,22
2020-02-13 07:05:00,130.929,130.929,130.929,130.929,1
2020-02-13 07:06:00,130.929,130.945,130.929,130.945,4
2020-02-13 07:08:00,130.929,130.945,130.929,130.945,11
2020-02-13 07:09:00,130.929,130.945,130.914,130.922,6
2020-02-13 07:10:00,130.945,130.945,130.929,130.945,5
2020-02-13 07:11:00,130.945,130.945,130.929,130.929,5
2020-02-13 07:12:00,130.945,130.945,130.929,130.929,4
2020-02-13 07:13:00,130.945,130.945,130.929,130.929,4
2020-02-13 07:14:00,130.945,130.945,130.929,130.929,2
2020-02-13 07:15:00,130.961,130.961,130.961,130.961,1
2020-02-13 07:16:00,130.976,130.976,130.961,130.968,19
2020-02-13 07:17:00,130.976,130.976,130.961,130.961,4
2020-02-13 07:18:00,130.976,130.976,130.961,130.961,4
2020-02-13 07:19:00,130.976,130.976,130.961,130.961,8
2020-02-13 07:20:00,130.992,130.992,130.992,130.992,1
2020-02-13 07:21:00,130.976,130.976,130.976,130.976,1
2020-02-13 07:23:00,130.976,130.976,130.961,130.961,2
2020-02-13 07:24:00,130.976,130.992,130.976,130.992,8
2020-02-13 07:25:00,130.976,130.992,130.976,130.992,2
2020-02-13 07:26:00,130.976,130.976,130.961,130.961,6
2020-02-13 07:27:00,130.961,130.976,130.961,130.968,4
2020-02-13 07:28:00,130.945,130.945,130.945,130.945,1
2020-02-13 07:29:00,130.945,130.945,130.929,130.938,10
2020-02-13 07:30:00,130.929,130.945,130.929,130.929,5
2020-02-13 07:32:00,130.929,130.929,130.914,130.914,7
2020-02-13 07:33:00,130.898,130.93,130.898,130.914,9
2020-02-13 07:34:00,130.898,130.914,130.883,130.89,9
2020-02-13 07:36:00,130.898,130.914,130.898,130.914,7
2020-02-13 07:39:00,130.898,130.898,130.883,130.883,2
2020-02-13 07:40:00,130.914,130.914,130.898,130.914,3
2020-02-13 07:42:00,130.914,130.93,130.914,130.93,2
2020-02-13 07:43:00,130.93,130.93,130.914,130.922,6
2020-02-13 07:44:00,130.93,130.945,130.93,130.945,14
2020-02-13 07:45:00,130.945,130.945,130.93,130.938,6
2020-02-13 07:46:00,130.945,130.961,130.945,130.961,5
2020-02-13 07:47:00,130.93,130.945,130.93,130.93,3
2020-02-13 07:50:00,130.93,130.93,130.914,130.922,3
2020-02-13 07:51:00,130.945,130.961,130.93,130.945,8
2020-02-13 07:53:00,130.945,130.961,130.945,130.952,7
2020-02-13 07:54:00,130.976,130.976,130.945,130.961,10
2020-02-13 07:55:00,130.976,130.976,130.961,130.968,6
2020-02-13 07:57:00,130.976,130.992,130.976,130.992,9
2020-02-13 07:58:00,130.992,130.992,130.976,130.992,7
2020-02-13 07:59:00,130.992,131.023,130.992,131.008,10
2020-02-13 08:00:00,130.976,131.008,130.976,131.008,6
2020-02-13 08:01:00,130.976,130.976,130.961,130.961,9
2020-02-13 08:02:00,130.961,130.976,130.961,130.961,11
2020-02-13 08:03:00,130.961,130.976,130.945,130.968,17
2020-02-13 08:04:00,130.961,130.976,130.961,130.976,19
2020-02-13 08:05:00,130.945,130.945,130.945,130.945,1
2020-02-13 08:06:00,130.945,130.961,130.945,130.961,4
2020-02-13 08:07:00,130.93,130.93,130.93,130.93,1
2020-02-13 08:08:00,130.914,130.93,130.914,130.922,14
2020-02-13 08:09:00,130.914,130.93,130.914,130.93,14
2020-02-13 08:10:00,130.945,130.945,130.93,130.93,17
2020-02-13 08:11:00,130.945,130.961,130.93,130.93,13
2020-02-13 08:12:00,130.945,130.961,130.945,130.961,7
2020-02-13 08:14:00,130.945,130.961,130.93,130.93,12
2020-02-13 08:15:00,130.945,130.961,130.945,130.961,5
2020-02-13 08:16:00,130.945,130.961,130.945,130.961,2
2020-02-13 08:17:00,130.945,130.961,130.945,130.954,15
2020-02-13 08:18:00,130.945,130.961,130.945,130.961,4
2020-02-13 08:21:00,130.93,130.945,130.914,130.93,10
2020-02-13 08:22:00,130.914,130.914,130.898,130.914,13
2020-02-13 08:23:00,130.914,130.914,130.898,130.906,10
2020-02-13 08:24:00,130.914,130.914,130.898,130.898,41
2020-02-13 08:25:00,130.914,130.914,130.898,130.898,15
2020-02-13 08:26:00,130.914,130.93,130.914,130.93,5
2020-02-13 08:27:00,130.914,130.93,130.914,130.93,5
2020-02-13 08:28:00,130.93,130.93,130.93,130.93,1
2020-02-13 08:30:00,130.906,130.93,130.898,130.914,12
2020-02-13 08:31:00,130.914,130.914,130.898,130.914,14
2020-02-13 08:32:00,130.898,130.898,130.898,130.898,1
2020-02-13 08:33:00,130.93,130.93,130.914,130.914,2
2020-02-13 08:37:00,130.914,130.93,130.914,130.914,9
2020-02-13 08:38:00,130.898,130.898,130.898,130.898,1
2020-02-13 08:39:00,130.914,130.914,130.898,130.914,6
2020-02-13 08:40:00,130.93,130.93,130.914,130.93,3
2020-02-13 08:42:00,130.945,130.945,130.93,130.945,5
2020-02-13 08:43:00,130.945,130.945,130.93,130.938,16
2020-02-13 08:44:00,130.945,130.961,130.945,130.961,2
2020-02-13 08:45:00,130.945,130.945,130.93,130.93,6
2020-02-13 08:46:00,130.93,130.945,130.93,130.938,4
2020-02-13 08:47:00,130.914,130.93,130.914,130.914,6
2020-02-13 08:48:00,130.914,130.93,130.914,130.93,15
2020-02-13 08:49:00,130.93,130.93,130.914,130.922,5
2020-02-13 08:50:00,130.914,130.93,130.914,130.914,6
2020-02-13 08:51:00,130.93,130.93,130.93,130.93,1
2020-02-13 08:52:00,130.93,130.93,130.914,130.914,10
2020-02-13 08:53:00,130.93,130.93,130.914,130.914,2
2020-02-13 08:56:00,130.93,130.945,130.914,130.914,9
2020-02-13 08:57:00,130.93,130.945,130.93,130.945,20
2020-02-13 08:58:00,130.93,130.945,130.93,130.945,13
2020-02-13 09:00:00,130.93,130.945,130.93,130.945,2
2020-02-13 09:01:00,130.945,130.961,130.945,130.945,14
2020-02-13 09:02:00,130.961,130.961,130.961,130.961,1
2020-02-13 09:03:00,130.945,130.945,130.945,130.945,1
2020-02-13 09:04:00,130.961,130.961,130.961,130.961,1
2020-02-13 09:05:00,130.945,130.961,130.945,130.954,10
2020-02-13 09:06:00,130.945,130.945,130.93,130.93,7
2020-02-13 09:07:00,130.945,130.945,130.93,130.93,3
2020-02-13 09:09:00,130.961,130.961,130.961,130.961,1
2020-02-13 09:10:00,130.945,130.961,130.945,130.945,12
2020-02-13 09:11:00,130.93,130.961,130.93,130.961,3
2020-02-13 09:12:00,130.961,130.961,130.945,130.945,8
2020-02-13 09:13:00,130.945,130.961,130.945,130.945,3
2020-02-13 09:14:00,130.961,130.961,130.945,130.961,4
2020-02-13 09:18:00,130.977,130.977,130.977,130.977,1
2020-02-13 09:19:00,130.977,130.977,130.961,130.961,2
2020-02-13 09:20:00,130.961,130.961,130.961,130.961,1
2020-02-13 09:21:00,130.961,130.961,130.945,130.945,4
2020-02-13 09:22:00,130.945,130.945,130.945,130.945,1
2020-02-13 09:23:00,130.945,130.961,130.945,130.961,4
2020-02-13 09:24:00,130.961,130.961,130.945,130.961,3
2020-02-13 09:25:00,130.977,130.977,130.977,130.977,1
2020-02-13 09:26:00,130.961,130.977,130.961,130.961,26
2020-02-13 09:28:00,130.977,130.977,130.961,130.977,30
2020-02-13 09:29:00,130.961,130.977,130.961,130.961,3
2020-02-13 09:30:00,130.961,130.977,130.961,130.977,7
2020-02-13 09:34:00,130.961,130.977,130.961,130.977,4
2020-02-13 09:36:00,130.945,130.945,130.945,130.945,1
2020-02-13 09:38:00,130.961,130.961,130.961,130.961,1
2020-02-13 09:39:00,130.961,130.961,130.945,130.945,2
2020-02-13 09:43:00,130.961,130.961,130.945,130.945,2
2020-02-13 09:44:00,130.961,130.977,130.961,130.977,2
2020-02-13 09:45:00,130.961,130.961,130.945,130.945,4
2020-02-13 09:47:00,130.977,130.977,130.977,130.977,1
2020-02-13 09:48:00,130.961,130.977,130.961,130.968,10
2020-02-13 09:51:00,130.961,130.961,130.945,130.954,5
2020-02-13 09:52:00,130.977,130.977,130.977,130.977,1
2020-02-13 09:53:00,130.977,130.977,130.961,130.961,13
2020-02-13 09:54:00,130.992,131.008,130.992,130.992,8
2020-02-13 09:55:00,131.008,131.008,130.992,131.008,3
2020-02-13 09:56:00,131.008,131.008,131.0,131.0,2
2020-02-13 09:58:00,130.992,130.992,130.992,130.992,1
2020-02-13 09:59:00,130.992,131.008,130.992,131.008,4
2020-02-13 10:00:00,131.023,131.023,130.992,131.008,12
2020-02-13 10:01:00,131.023,131.039,131.023,131.039,20
2020-02-13 10:02:00,131.023,131.039,131.008,131.032,8
2020-02-13 10:03:00,131.008,131.023,131.008,131.008,3
2020-02-13 10:04:00,131.023,131.023,131.023,131.023,1
2020-02-13 10:06:00,131.039,131.055,131.039,131.039,3
2020-02-13 10:07:00,131.039,131.055,131.039,131.055,3
2020-02-13 10:08:00,131.055,131.055,131.055,131.055,1
2020-02-13 10:09:00,131.07,131.07,131.055,131.07,12
2020-02-13 10:10:00,131.07,131.086,131.055,131.055,7
2020-02-13 10:11:00,131.055,131.086,131.055,131.086,8
2020-02-13 10:13:00,131.055,131.07,131.055,131.07,2
2020-02-13 10:14:00,131.039,131.055,131.023,131.039,13
2020-02-13 10:15:00,131.023,131.039,131.023,131.023,3
2020-02-13 10:16:00,131.039,131.039,131.039,131.039,1
2020-02-13 10:17:00,131.023,131.032,131.023,131.032,2
2020-02-13 10:18:00,131.023,131.039,131.008,131.008,4
2020-02-13 10:19:00,131.008,131.023,131.008,131.008,7
2020-02-13 10:20:00,131.023,131.023,131.023,131.023,1
2020-02-13 10:21:00,131.023,131.023,131.008,131.008,2
2020-02-13 10:22:00,131.008,131.008,131.008,131.008,1
2020-02-13 10:23:00,130.992,130.992,130.992,130.992,1
2020-02-13 10:24:00,130.992,131.008,130.992,131.008,2
2020-02-13 10:26:00,130.977,130.977,130.977,130.977,1
2020-02-13 10:27:00,130.961,130.977,130.961,130.961,5
2020-02-13 10:29:00,130.977,130.977,130.961,130.977,5
2020-02-13 10:30:00,130.977,130.977,130.961,130.961,4
2020-02-13 10:32:00,130.961,130.961,130.961,130.961,1
2020-02-13 10:33:00,130.977,130.977,130.961,130.977,9
2020-02-13 10:35:00,130.977,130.977,130.961,130.961,2
2020-02-13 10:38:00,130.977,130.992,130.977,130.992,2
2020-02-13 10:39:00,130.961,130.977,130.961,130.961,12
2020-02-13 10:40:00,130.961,130.977,130.945,130.977,7
2020-02-13 10:41:00,130.961,130.961,130.945,130.945,21
2020-02-13 10:42:00,130.945,130.945,130.945,130.945,1
2020-02-13 10:43:00,130.93,130.945,130.93,130.93,12
2020-02-13 10:44:00,130.945,130.961,130.93,130.945,10
2020-02-13 10:45:00,130.961,130.961,130.945,130.954,3
2020-02-13 10:48:00,130.961,130.977,130.961,130.977,7
2020-02-13 10:49:00,130.961,130.961,130.945,130.945,2
2020-02-13 10:50:00,130.961,130.961,130.945,130.945,4
2020-02-13 10:52:00,130.961,130.961,130.945,130.945,6
2020-02-13 10:53:00,130.945,130.945,130.945,130.945,1
2020-02-13 11:00:00,130.961,130.961,130.945,130.954,8
2020-02-13 11:01:00,130.961,130.961,130.945,130.945,13
2020-02-13 11:04:00,130.945,130.977,130.945,130.945,9
2020-02-13 11:05:00,130.945,130.961,130.945,130.961,6
2020-02-13 11:06:00,130.945,130.961,130.945,130.961,10
2020-02-13 11:07:00,130.961,130.961,130.945,130.961,7
2020-02-13 11:08:00,130.961,130.977,130.961,130.977,12
2020-02-13 11:09:00,130.961,130.977,130.961,130.977,4
2020-02-13 11:10:00,130.961,130.977,130.961,130.977,4
2020-02-13 11:12:00,130.977,130.977,130.945,130.945,4
2020-02-13 11:13:00,130.977,130.977,130.961,130.968,3
2020-02-13 11:15:00,130.977,130.977,130.961,130.961,2
2020-02-13 11:17:00,130.961,130.977,130.961,130.961,8
2020-02-13 11:21:00,130.961,130.961,130.945,130.945,4
2020-02-13 11:23:00,130.961,130.977,130.961,130.968,8
2020-02-13 11:24:00,130.977,130.977,130.977,130.977,1
2020-02-13 11:25:00,130.977,130.992,130.977,130.992,18
2020-02-13 11:27:00,130.992,130.992,130.992,130.992,1
2020-02-13 11:28:00,130.992,131.008,130.992,131.008,12
2020-02-13 11:32:00,130.992,131.008,130.992,131.008,7
2020-02-13 11:33:00,130.992,131.008,130.992,131.008,6
2020-02-13 11:34:00,130.992,131.008,130.992,131.008,17
2020-02-13 11:35:00,130.992,130.992,130.977,130.977,9
2020-02-13 11:36:00,130.977,130.992,130.977,130.977,3
2020-02-13 11:37:00,130.977,130.977,130.961,130.961,9
2020-02-13 11:38:00,130.961,130.961,130.961,130.961,1
2020-02-13 11:41:00,130.961,130.961,130.945,130.945,4
2020-02-13 11:46:00,130.961,130.961,130.945,130.945,2
2020-02-13 11:47:00,130.945,130.961,130.945,130.945,4
2020-02-13 11:49:00,130.961,130.961,130.945,130.961,3
2020-02-13 11:50:00,130.93,130.961,130.93,130.945,8
2020-02-13 11:51:00,130.899,130.914,130.883,130.914,14
2020-02-13 11:53:00,130.914,130.914,130.899,130.914,16
2020-02-13 11:54:00,130.914,130.93,130.899,130.899,28
2020-02-13 11:55:00,130.93,130.93,130.914,130.93,6
2020-02-13 11:56:00,130.93,130.93,130.914,130.914,5
2020-02-13 11:57:00,130.914,130.93,130.914,130.914,14
2020-02-13 11:58:00,130.914,130.914,130.899,130.899,5
2020-02-13 11:59:00,130.914,130.93,130.899,130.899,30
2020-02-13 12:00:00,130.914,130.914,130.899,130.899,16
2020-02-13 12:01:00,130.883,130.914,130.883,130.906,12
2020-02-13 12:02:00,130.883,130.899,130.867,130.867,4
2020-02-13 12:03:00,130.883,130.899,130.883,130.89,13
2020-02-13 12:04:00,130.867,130.875,130.867,130.875,2
2020-02-13 12:05:00,130.883,130.883,130.852,130.852,21
2020-02-13 12:06:00,130.883,130.883,130.867,130.867,29
2020-02-13 12:07:00,130.867,130.883,130.867,130.876,6
2020-02-13 12:08:00,130.852,130.883,130.852,130.883,10
2020-02-13 12:09:00,130.852,130.867,130.852,130.867,7
2020-02-13 12:10:00,130.867,130.867,130.852,130.867,6
2020-02-13 12:14:00,130.852,130.852,130.852,130.852,1
2020-02-13 12:15:00,130.852,130.867,130.852,130.86,8
2020-02-13 12:16:00,130.883,130.883,130.852,130.867,4
2020-02-13 12:17:00,130.883,130.883,130.867,130.867,2
2020-02-13 12:18:00,130.883,130.883,130.867,130.867,8
2020-02-13 12:19:00,130.883,130.899,130.883,130.899,13
2020-02-13 12:20:00,130.883,130.899,130.883,130.89,5
2020-02-13 12:23:00,130.899,130.899,130.883,130.899,9
2020-02-13 12:24:00,130.883,130.899,130.883,130.883,7
2020-02-13 12:25:00,130.899,130.914,130.883,130.899,12
2020-02-13 12:26:00,130.899,130.914,130.899,130.914,4
2020-02-13 12:30:00,130.899,130.899,130.883,130.883,13
2020-02-13 12:31:00,130.883,130.899,130.883,130.883,8
2020-02-13 12:32:00,130.883,130.899,130.883,130.89,5
2020-02-13 12:35:00,130.867,130.883,130.867,130.867,3
2020-02-13 12:36:00,130.867,130.867,130.852,130.852,16
2020-02-13 12:38:00,130.867,130.867,130.852,130.852,2
2020-02-13 12:39:00,130.867,130.867,130.852,130.852,16
2020-02-13 12:40:00,130.867,130.867,130.852,130.86,5
2020-02-13 12:41:00,130.852,130.852,130.852,130.852,1
2020-02-13 12:42:00,130.867,130.867,130.86,130.86,2
2020-02-13 12:43:00,130.868,130.868,130.852,130.86,7
2020-02-13 12:46:00,130.868,130.883,130.868,130.883,10
2020-02-13 12:47:00,130.883,130.883,130.868,130.883,12
2020-02-13 12:48:00,130.883,130.883,130.868,130.868,2
2020-02-13 12:49:00,130.899,130.899,130.883,130.899,13
2020-02-13 12:50:00,130.883,130.883,130.883,130.883,1
2020-02-13 12:51:00,130.883,130.899,130.883,130.899,2
2020-02-13 12:53:00,130.883,130.883,130.868,130.868,4
2020-02-13 12:54:00,130.868,130.868,130.868,130.868,1
2020-02-13 12:55:00,130.883,130.883,130.868,130.883,5
2020-02-13 12:56:00,130.868,130.868,130.868,130.868,1
2020-02-13 12:57:00,130.852,130.852,130.852,130.852,1
2020-02-13 12:58:00,130.852,130.852,130.836,130.836,2
2020-02-13 12:59:00,130.836,130.852,130.836,130.836,10
2020-02-13 13:00:00,130.821,130.852,130.821,130.852,3
2020-02-13 13:01:00,130.821,130.836,130.821,130.836,5
2020-02-13 13:06:00,130.821,130.836,130.821,130.836,2
2020-02-13 13:07:00,130.805,130.821,130.805,130.805,12
2020-02-13 13:08:00,130.821,130.821,130.805,130.821,5
2020-02-13 13:09:00,130.821,130.836,130.821,130.828,21
2020-02-13 13:12:00,130.805,130.805,130.805,130.805,1
2020-02-13 13:13:00,130.821,130.821,130.805,130.821,5
2020-02-13 13:15:00,130.805,130.821,130.805,130.812,15
2020-02-13 13:16:00,130.805,130.821,130.805,130.821,13
2020-02-13 13:17:00,130.821,130.821,130.805,130.821,16
2020-02-13 13:19:00,130.805,130.821,130.805,130.805,19
2020-02-13 13:20:00,130.79,130.79,130.79,130.79,1
2020-02-13 13:21:00,130.805,130.805,130.774,130.774,17
2020-02-13 13:23:00,130.79,130.805,130.79,130.79,3
2020-02-13 13:24:00,130.805,130.805,130.79,130.805,5
2020-02-13 13:25:00,130.79,130.805,130.79,130.79,15
2020-02-13 13:26:00,130.805,130.805,130.79,130.805,3
2020-02-13 13:28:00,130.805,130.805,130.79,130.798,28
2020-02-13 13:29:00,130.79,130.805,130.774,130.798,10
2020-02-13 13:30:00,130.743,130.798,130.727,130.798,53
2020-02-13 13:31:00,130.774,130.79,130.743,130.758,46
2020-02-13 13:32:00,130.79,130.79,130.758,130.758,27
2020-02-13 13:33:00,130.774,130.79,130.774,130.774,11
2020-02-13 13:34:00,130.79,130.79,130.774,130.79,15
2020-02-13 13:35:00,130.805,130.821,130.798,130.798,8
2020-02-13 13:36:00,130.805,130.805,130.79,130.79,10
2020-02-13 13:37:00,130.805,130.821,130.805,130.821,9
2020-02-13 13:38:00,130.79,130.805,130.79,130.79,3
2020-02-13 13:39:00,130.79,130.79,130.774,130.774,6
2020-02-13 13:40:00,130.774,130.79,130.774,130.782,9
2020-02-13 13:41:00,130.79,130.79,130.79,130.79,1
2020-02-13 13:43:00,130.79,130.805,130.79,130.798,10
2020-02-13 13:45:00,130.805,130.805,130.79,130.805,5
2020-02-13 13:46:00,130.821,130.836,130.805,130.812,26
2020-02-13 13:47:00,130.821,130.821,130.805,130.812,12
2020-02-13 13:48:00,130.821,130.836,130.805,130.836,17
2020-02-13 13:49:00,130.805,130.805,130.805,130.805,1
2020-02-13 13:50:00,130.79,130.805,130.79,130.79,5
2020-02-13 13:51:00,130.774,130.805,130.774,130.805,7
2020-02-13 13:52:00,130.758,130.79,130.758,130.79,7
2020-02-13 13:53:00,130.758,130.774,130.758,130.774,2
2020-02-13 13:55:00,130.758,130.774,130.758,130.766,3
2020-02-13 13:56:00,130.774,130.774,130.774,130.774,1
2020-02-13 13:57:00,130.774,130.79,130.774,130.782,3
2020-02-13 13:58:00,130.774,130.79,130.774,130.79,2
2020-02-13 13:59:00,130.79,130.805,130.79,130.79,4
2020-02-13 14:01:00,130.743,130.79,130.743,130.782,7
2020-02-13 14:02:00,130.743,130.758,130.743,130.758,6
2020-02-13 14:03:00,130.727,130.743,130.711,130.734,20
2020-02-13 14:04:00,130.743,130.743,130.727,130.734,16
2020-02-13 14:05:00,130.743,130.743,130.727,130.727,16
2020-02-13 14:06:00,130.727,130.743,130.727,130.727,11
2020-02-13 14:07:00,130.727,130.727,130.711,130.711,13
2020-02-13 14:08:00,130.711,130.711,130.711,130.711,1
2020-02-13 14:09:00,130.68,130.696,130.68,130.696,13
2020-02-13 14:10:00,130.649,130.68,130.633,130.665,46
2020-02-13 14:11:00,130.649,130.665,130.633,130.633,30
2020-02-13 14:12:00,130.68,130.696,130.649,130.665,11
2020-02-13 14:14:00,130.665,130.665,130.665,130.665,1
2020-02-13 14:17:00,130.665,130.665,130.649,130.649,23
2020-02-13 14:18:00,130.68,130.68,130.649,130.649,3
2020-02-13 14:21:00,130.68,130.696,130.68,130.696,18
2020-02-13 14:22:00,130.68,130.696,130.68,130.696,7
2020-02-13 14:23:00,130.665,130.68,130.665,130.665,4
2020-02-13 14:24:00,130.665,130.68,130.649,130.672,11
2020-02-13 14:25:00,130.649,130.665,130.649,130.649,10
2020-02-13 14:27:00,130.665,130.665,130.665,130.665,1
2020-02-13 14:28:00,130.665,130.68,130.665,130.672,5
2020-02-13 14:29:00,130.665,130.68,130.665,130.68,4
2020-02-13 14:30:00,130.665,130.68,130.649,130.649,23
2020-02-13 14:31:00,130.633,130.68,130.633,130.68,45
2020-02-13 14:32:00,130.633,130.649,130.626,130.649,16
2020-02-13 14:33:00,130.649,130.649,130.618,130.626,17
2020-02-13 14:34:00,130.649,130.649,130.633,130.633,7
2020-02-13 14:35:00,130.633,130.649,130.633,130.642,6
2020-02-13 14:36:00,130.665,130.665,130.642,130.642,19
2020-02-13 14:37:00,130.649,130.665,130.649,130.649,6
2020-02-13 14:38:00,130.665,130.68,130.649,130.665,21
2020-02-13 14:39:00,130.68,130.68,130.665,130.68,3
2020-02-13 14:40:00,130.665,130.68,130.665,130.665,15
2020-02-13 14:41:00,130.68,130.68,130.665,130.68,19
2020-02-13 14:42:00,130.68,130.68,130.665,130.665,2
2020-02-13 14:43:00,130.68,130.696,130.665,130.672,7
2020-02-13 14:45:00,130.649,130.665,130.649,130.665,11
2020-02-13 14:46:00,130.665,130.665,130.649,130.665,10
2020-02-13 14:47:00,130.649,130.649,130.633,130.649,3
2020-02-13 14:48:00,130.665,130.665,130.656,130.656,4
2020-02-13 14:49:00,130.68,130.68,130.68,130.68,1
2020-02-13 14:50:00,130.68,130.696,130.68,130.696,17
2020-02-13 14:51:00,130.68,130.68,130.665,130.665,12
2020-02-13 14:52:00,130.68,130.696,130.68,130.696,2
2020-02-13 14:53:00,130.665,130.665,130.665,130.665,1
2020-02-13 14:54:00,130.649,130.665,130.633,130.649,20
2020-02-13 14:55:00,130.665,130.665,130.649,130.665,7
2020-02-13 14:56:00,130.665,130.68,130.649,130.649,10
2020-02-13 14:57:00,130.665,130.68,130.649,130.649,10
2020-02-13 14:58:00,130.696,130.712,130.68,130.68,20
2020-02-13 14:59:00,130.743,130.743,130.696,130.712,54
2020-02-13 15:00:00,130.774,130.774,130.727,130.727,32
2020-02-13 15:01:00,130.805,130.821,130.774,130.79,19
2020-02-13 15:02:00,130.805,130.805,130.774,130.79,23
2020-02-13 15:03:00,130.821,130.836,130.805,130.821,6
2020-02-13 15:04:00,130.805,130.821,130.805,130.805,44
2020-02-13 15:05:00,130.79,130.821,130.79,130.821,11
2020-02-13 15:06:00,130.79,130.805,130.774,130.805,24
2020-02-13 15:07:00,130.774,130.79,130.774,130.774,13
2020-02-13 15:08:00,130.758,130.79,130.758,130.79,8
2020-02-13 15:09:00,130.758,130.774,130.758,130.774,7
2020-02-13 15:10:00,130.758,130.758,130.743,130.743,18
2020-02-13 15:11:00,130.758,130.774,130.758,130.766,11
2020-02-13 15:12:00,130.743,130.758,130.743,130.75,6
2020-02-13 15:13:00,130.758,130.774,130.75,130.75,11
2020-02-13 15:14:00,130.758,130.758,130.743,130.743,17
2020-02-13 15:15:00,130.758,130.758,130.743,130.743,2
2020-02-13 15:16:00,130.743,130.758,130.743,130.743,5
2020-02-13 15:17:00,130.727,130.743,130.727,130.736,4
2020-02-13 15:18:00,130.727,130.743,130.727,130.743,11
2020-02-13 15:19:00,130.727,130.743,130.727,130.743,8
2020-02-13 15:20:00,130.743,130.758,130.743,130.743,18
2020-02-13 15:21:00,130.727,130.743,130.727,130.727,8
2020-02-13 15:22:00,130.727,130.743,130.727,130.743,6
2020-02-13 15:23:00,130.712,130.727,130.712,130.712,3
2020-02-13 15:24:00,130.727,130.727,130.712,130.727,9
2020-02-13 15:25:00,130.727,130.743,130.727,130.743,4
2020-02-13 15:26:00,130.727,130.727,130.712,130.72,6
2020-02-13 15:27:00,130.727,130.727,130.712,130.72,18
2020-02-13 15:28:00,130.774,130.774,130.727,130.736,13
2020-02-13 15:29:00,130.758,130.774,130.758,130.758,3
2020-02-13 15:30:00,130.758,130.774,130.758,130.774,6
2020-02-13 15:31:00,130.758,130.774,130.758,130.766,7
2020-02-13 15:32:00,130.79,130.79,130.758,130.774,23
2020-02-13 15:33:00,130.774,130.805,130.758,130.805,9
2020-02-13 15:34:00,130.774,130.774,130.758,130.766,7
2020-02-13 15:35:00,130.758,130.79,130.758,130.79,5
2020-02-13 15:36:00,130.774,130.79,130.774,130.774,3
2020-02-13 15:37:00,130.79,130.805,130.79,130.79,4
2020-02-13 15:38:00,130.774,130.79,130.774,130.782,3
2020-02-13 15:39:00,130.774,130.774,130.758,130.758,15
2020-02-13 15:40:00,130.758,130.758,130.758,130.758,1
2020-02-13 15:41:00,130.758,130.758,130.743,130.743,11
2020-02-13 15:42:00,130.758,130.758,130.743,130.743,32
2020-02-13 15:43:00,130.758,130.758,130.743,130.75,7
2020-02-13 15:44:00,130.758,130.758,130.743,130.743,7
2020-02-13 15:45:00,130.758,130.758,130.743,130.743,15
2020-02-13 15:46:00,130.743,130.758,130.743,130.743,8
2020-02-13 15:47:00,130.743,130.758,130.743,130.758,9
2020-02-13 15:48:00,130.743,130.758,130.743,130.758,15
2020-02-13 15:49:00,130.743,130.743,130.727,130.727,17
2020-02-13 15:50:00,130.712,130.743,130.712,130.727,18
2020-02-13 15:51:00,130.712,130.727,130.712,130.727,9
2020-02-13 15:53:00,130.712,130.727,130.712,130.727,3
2020-02-13 15:55:00,130.712,130.727,130.712,130.727,14
2020-02-13 15:56:00,130.727,130.727,130.727,130.727,1
2020-02-13 15:57:00,130.727,130.727,130.712,130.712,5
2020-02-13 15:58:00,130.712,130.712,130.712,130.712,1
2020-02-13 15:59:00,130.727,130.727,130.72,130.72,2
2020-02-13 16:01:00,130.712,130.727,130.712,130.72,5
2020-02-13 16:02:00,130.68,130.704,130.68,130.704,23
2020-02-13 16:03:00,130.665,130.665,130.665,130.665,1
2020-02-13 16:04:00,130.665,130.68,130.665,130.68,6
2020-02-13 16:05:00,130.68,130.68,130.665,130.672,12
2020-02-13 16:07:00,130.68,130.68,130.665,130.665,2
2020-02-13 16:08:00,130.696,130.696,130.68,130.696,12
2020-02-13 16:09:00,130.696,130.696,130.68,130.68,2
2020-02-13 16:11:00,130.696,130.696,130.68,130.688,15
2020-02-13 16:12:00,130.68,130.696,130.68,130.68,6
2020-02-13 16:13:00,130.696,130.696,130.68,130.696,6
2020-02-13 16:14:00,130.712,130.712,130.696,130.712,3
2020-02-13 16:16:00,130.727,130.727,130.727,130.727,1
2020-02-13 16:17:00,130.712,130.727,130.712,130.712,3
2020-02-13 16:18:00,130.696,130.696,130.696,130.696,1
2020-02-13 16:20:00,130.696,130.696,130.68,130.68,4
2020-02-13 16:22:00,130.712,130.712,130.696,130.712,7
2020-02-13 16:23:00,130.696,130.712,130.696,130.696,3
2020-02-13 16:25:00,130.712,130.712,130.704,130.704,2
2020-02-13 16:26:00,130.696,130.696,130.696,130.696,1
2020-02-13 16:27:00,130.68,130.696,130.68,130.68,7
2020-02-13 16:28:00,130.68,130.68,130.665,130.665,17
2020-02-13 16:29:00,130.665,130.665,130.665,130.665,1
2020-02-13 16:30:00,130.665,130.665,130.649,130.649,3
2020-02-13 16:31:00,130.68,130.68,130.665,130.68,10
2020-02-13 16:32:00,130.665,130.68,130.665,130.665,3
2020-02-13 16:34:00,130.665,130.665,130.649,130.649,4
2020-02-13 16:36:00,130.649,130.665,130.649,130.649,19
2020-02-13 16:37:00,130.665,130.665,130.665,130.665,1
2020-02-13 16:38:00,130.665,130.68,130.665,130.68,4
2020-02-13 16:39:00,130.665,130.68,130.665,130.68,2
2020-02-13 16:42:00,130.665,130.68,130.665,130.68,4
2020-02-13 16:43:00,130.665,130.68,130.665,130.68,10
2020-02-13 16:45:00,130.665,130.68,130.665,130.672,4
2020-02-13 16:46:00,130.665,130.68,130.665,130.68,2
2020-02-13 16:47:00,130.68,130.68,130.672,130.672,2
2020-02-13 16:48:00,130.68,130.696,130.68,130.688,6
2020-02-13 16:49:00,130.68,130.696,130.68,130.696,3
2020-02-13 16:50:00,130.68,130.68,130.665,130.665,2
2020-02-13 16:51:00,130.68,130.68,130.665,130.665,2
2020-02-13 16:52:00,130.68,130.696,130.68,130.696,11
2020-02-13 16:53:00,130.696,130.696,130.68,130.688,3
2020-02-13 16:54:00,130.696,130.696,130.68,130.68,2
2020-02-13 16:55:00,130.68,130.696,130.68,130.68,10
2020-02-13 16:57:00,130.68,130.696,130.68,130.696,2
2020-02-13 16:58:00,130.665,130.68,130.665,130.665,15
2020-02-13 16:59:00,130.665,130.68,130.665,130.68,10
2020-02-13 17:01:00,130.665,130.68,130.665,130.68,3
2020-02-13 17:03:00,130.665,130.68,130.665,130.68,4
2020-02-13 17:05:00,130.681,130.681,130.665,130.672,6
2020-02-13 17:06:00,130.681,130.696,130.681,130.696,7
2020-02-13 17:09:00,130.665,130.665,130.665,130.665,1
2020-02-13 17:11:00,130.681,130.681,130.665,130.681,9
2020-02-13 17:12:00,130.665,130.681,130.665,130.665,4
2020-02-13 17:13:00,130.665,130.681,130.665,130.681,2
2020-02-13 17:20:00,130.665,130.681,130.665,130.681,2
2020-02-13 17:22:00,130.665,130.681,130.665,130.681,2
2020-02-13 17:23:00,130.681,130.681,130.665,130.681,9
2020-02-13 17:24:00,130.665,130.681,130.665,130.672,8
2020-02-13 17:25:00,130.681,130.681,130.665,130.681,8
2020-02-13 17:26:00,130.696,130.696,130.681,130.696,17
2020-02-13 17:29:00,130.696,130.696,130.681,130.681,5
2020-02-13 17:34:00,130.696,130.712,130.696,130.712,2
2020-02-13 17:39:00,130.696,130.712,130.696,130.712,7
2020-02-13 17:41:00,130.681,130.681,130.681,130.681,1
2020-02-13 17:42:00,130.681,130.696,130.681,130.696,2
2020-02-13 17:43:00,130.696,130.696,130.696,130.696,1
2020-02-13 17:45:00,130.681,130.696,130.681,130.688,22
2020-02-13 17:46:00,130.696,130.712,130.696,130.696,6
2020-02-13 17:49:00,130.681,130.696,130.681,130.688,5
2020-02-13 17:50:00,130.665,130.665,130.665,130.665,1
2020-02-13 17:51:00,130.665,130.681,130.665,130.672,3
2020-02-13 17:52:00,130.665,130.681,130.665,130.681,4
2020-02-13 17:53:00,130.681,130.681,130.672,130.672,2
2020-02-13 17:55:00,130.681,130.696,130.681,130.696,3
2020-02-13 17:57:00,130.696,130.696,130.681,130.688,10
2020-02-13 17:58:00,130.727,130.743,130.696,130.712,37
2020-02-13 17:59:00,130.712,130.727,130.712,130.712,6
2020-02-13 18:00:00,130.743,130.743,130.727,130.727,6
2020-02-13 18:01:00,130.727,130.743,130.727,130.736,4
2020-02-13 18:02:00,130.774,130.806,130.743,130.744,47
2020-02-13 18:03:00,130.759,130.774,130.743,130.759,40
2020-02-13 18:04:00,130.759,130.774,130.759,130.774,8
2020-02-13 18:05:00,130.759,130.759,130.743,130.75,11
2020-02-13 18:06:00,130.743,130.759,130.743,130.743,24
2020-02-13 18:07:00,130.759,130.759,130.743,130.759,6
2020-02-13 18:09:00,130.759,130.759,130.743,130.743,4
2020-02-13 18:10:00,130.759,130.759,130.743,130.743,4
2020-02-13 18:11:00,130.743,130.743,130.743,130.743,1
2020-02-13 18:12:00,130.759,130.774,130.759,130.759,45
2020-02-13 18:13:00,130.774,130.79,130.759,130.766,12
2020-02-13 18:14:00,130.774,130.79,130.774,130.79,3
2020-02-13 18:16:00,130.774,130.774,130.759,130.759,10
2020-02-13 18:17:00,130.774,130.774,130.759,130.759,2
2020-02-13 18:18:00,130.774,130.774,130.759,130.766,4
2020-02-13 18:19:00,130.759,130.759,130.759,130.759,1
2020-02-13 18:20:00,130.759,130.774,130.759,130.774,17
2020-02-13 18:21:00,130.743,130.759,130.727,130.743,11
2020-02-13 18:22:00,130.743,130.743,130.727,130.727,21
2020-02-13 18:23:00,130.727,130.727,130.727,130.727,1
2020-02-13 18:26:00,130.727,130.727,130.712,130.712,2
2020-02-13 18:27:00,130.712,130.727,130.712,130.712,3
2020-02-13 18:28:00,130.712,130.712,130.696,130.696,16
2020-02-13 18:29:00,130.712,130.728,130.712,130.728,6
2020-02-13 18:34:00,130.696,130.712,130.696,130.696,3
2020-02-13 18:37:00,130.712,130.712,130.696,130.704,4
2020-02-13 18:38:00,130.712,130.712,130.696,130.696,4
2020-02-13 18:43:00,130.728,130.728,130.728,130.728,1
2020-02-13 18:45:00,130.728,130.728,130.712,130.712,2
2020-02-13 18:46:00,130.712,130.728,130.696,130.712,5
2020-02-13 18:53:00,130.728,130.743,130.72,130.72,9
2020-02-13 18:55:00,130.728,130.743,130.712,130.712,6
2020-02-13 18:56:00,130.728,130.743,130.728,130.736,6
2020-02-13 18:59:00,130.728,130.736,130.728,130.736,2
2020-02-13 19:00:00,130.728,130.743,130.728,130.736,3
2020-02-13 19:02:00,130.743,130.743,130.728,130.743,12
2020-02-13 19:03:00,130.728,130.743,130.728,130.728,4
2020-02-13 19:04:00,130.712,130.712,130.712,130.712,1
2020-02-13 19:05:00,130.696,130.696,130.696,130.696,1
2020-02-13 19:07:00,130.712,130.712,130.712,130.712,1
2020-02-13 19:08:00,130.728,130.728,130.712,130.728,6
2020-02-13 19:09:00,130.728,130.728,130.712,130.72,3
2020-02-13 19:10:00,130.712,130.728,130.712,130.712,3
2020-02-13 19:11:00,130.728,130.728,130.712,130.72,5
2020-02-13 19:12:00,130.728,130.728,130.712,130.712,11
2020-02-13 19:13:00,130.712,130.72,130.712,130.72,2
2020-02-13 19:15:00,130.743,130.743,130.728,130.728,2
2020-02-13 19:17:00,130.728,130.743,130.728,130.728,3
2020-02-13 19:18:00,130.743,130.743,130.728,130.743,10
2020-02-13 19:19:00,130.743,130.743,130.728,130.728,6
2020-02-13 19:21:00,130.743,130.743,130.728,130.728,10
2020-02-13 19:22:00,130.743,130.743,130.728,130.728,2
2020-02-13 19:23:00,130.728,130.743,130.728,130.728,5
2020-02-13 19:24:00,130.743,130.743,130.728,130.736,11
2020-02-13 19:30:00,130.728,130.743,130.728,130.728,6
2020-02-13 19:31:00,130.728,130.728,130.712,130.712,8
2020-02-13 19:33:00,130.728,130.728,130.712,130.712,3
2020-02-13 19:34:00,130.728,130.728,130.712,130.712,5
2020-02-13 19:35:00,130.712,130.728,130.712,130.712,3
2020-02-13 19:36:00,130.712,130.728,130.712,130.728,9
2020-02-13 19:37:00,130.712,130.728,130.712,130.728,5
2020-02-13 19:47:00,130.696,130.712,130.696,130.696,3
2020-02-13 19:49:00,130.696,130.696,130.681,130.681,10
2020-02-13 19:50:00,130.681,130.688,130.681,130.688,2
2020-02-13 19:55:00,130.681,130.681,130.665,130.665,2
2020-02-13 19:56:00,130.665,130.681,130.665,130.665,5
2020-02-13 19:59:00,130.681,130.681,130.665,130.681,8
2020-02-13 20:00:00,130.665,130.665,130.665,130.665,1
2020-02-13 20:02:00,130.681,130.681,130.665,130.681,3
2020-02-13 20:03:00,130.681,130.696,130.681,130.696,2
2020-02-13 20:04:00,130.681,130.696,130.681,130.696,6
2020-02-13 20:05:00,130.681,130.696,130.681,130.696,2
2020-02-13 20:11:00,130.681,130.696,130.681,130.696,2
2020-02-13 20:13:00,130.696,130.696,130.696,130.696,1
2020-02-13 20:16:00,130.712,130.712,130.712,130.712,1
2020-02-13 20:17:00,130.712,130.712,130.696,130.696,14
2020-02-13 20:18:00,130.696,130.696,130.696,130.696,1
2020-02-13 20:19:00,130.696,130.696,130.681,130.688,3
2020-02-13 20:27:00,130.712,130.712,130.696,130.712,3
2020-02-13 20:29:00,130.712,130.728,130.712,130.728,4
2020-02-13 20:30:00,130.712,130.712,130.696,130.696,2
2020-02-13 20:32:00,130.728,130.728,130.712,130.728,3
2020-02-13 20:34:00,130.712,130.728,130.712,130.712,15
2020-02-13 20:36:00,130.728,130.728,130.728,130.728,1
2020-02-13 20:40:00,130.712,130.728,130.712,130.712,19
2020-02-13 20:41:00,130.712,130.728,130.712,130.728,2
2020-02-13 20:43:00,130.728,130.728,130.728,130.728,1
2020-02-13 20:45:00,130.743,130.743,130.743,130.743,1
2020-02-13 20:46:00,130.728,130.728,130.728,130.728,1
2020-02-13 20:50:00,130.712,130.712,130.712,130.712,1
2020-02-13 20:54:00,130.712,130.712,130.696,130.696,2
2020-02-13 20:55:00,130.696,130.696,130.696,130.696,1
2020-02-13 20:56:00,130.712,130.712,130.712,130.712,1
2020-02-13 20:57:00,130.712,130.712,130.696,130.696,2
2020-02-13 20:58:00,130.696,130.704,130.696,130.704,2
2020-02-13 20:59:00,130.712,130.712,130.696,130.704,12
2020-02-13 21:00:00,130.696,130.696,130.696,130.696,1
2020-02-13 21:01:00,130.696,130.712,130.696,130.712,8
2020-02-13 21:02:00,130.712,130.712,130.704,130.704,2
2020-02-13 21:08:00,130.728,130.728,130.728,130.728,1
2020-02-13 21:11:00,130.712,130.728,130.712,130.712,3
2020-02-13 21:13:00,130.696,130.712,130.696,130.704,7
2020-02-13 21:15:00,130.681,130.681,130.681,130.681,1
2020-02-13 21:16:00,130.681,130.681,130.665,130.665,5
2020-02-13 21:18:00,130.665,130.681,130.665,130.665,14
2020-02-13 21:19:00,130.665,130.681,130.665,130.681,4
2020-02-13 21:21:00,130.65,130.665,130.65,130.65,24
2020-02-13 21:22:00,130.665,130.665,130.658,130.658,2
2020-02-13 21:23:00,130.665,130.665,130.65,130.65,3
2020-02-13 21:24:00,130.665,130.665,130.65,130.65,12
2020-02-13 21:31:00,130.681,130.681,130.681,130.681,1
2020-02-13 21:34:00,130.665,130.665,130.665,130.665,1
2020-02-13 21:37:00,130.65,130.65,130.65,130.65,1
2020-02-13 21:40:00,130.65,130.665,130.65,130.665,4
2020-02-13 21:41:00,130.665,130.665,130.658,130.658,2
2020-02-13 21:42:00,130.65,130.65,130.65,130.65,1
2020-02-13 21:43:00,130.665,130.665,130.65,130.658,4
2020-02-13 21:45:00,130.65,130.65,130.65,130.65,1
2020-02-13 21:50:00,130.634,130.634,130.634,130.634,1
2020-02-13 21:52:00,130.65,130.65,130.634,130.65,10
2020-02-13 21:55:00,130.65,130.65,130.634,130.634,4
2020-02-13 21:56:00,130.634,130.634,130.634,130.634,1
2020-02-13 21:57:00,130.65,130.65,130.634,130.65,3
2020-02-13 21:58:00,130.65,130.65,130.634,130.634,6
2020-02-13 21:59:00,130.65,130.65,130.65,130.65,1
2020-02-13 23:00:00,130.681,130.681,130.665,130.665,2
2020-02-13 23:04:00,130.697,130.697,130.681,130.697,4
2020-02-13 23:06:00,130.681,130.688,130.681,130.688,2
2020-02-13 23:08:00,130.697,130.697,130.697,130.697,1
2020-02-13 23:12:00,130.697,130.712,130.697,130.704,3
2020-02-13 23:13:00,130.712,130.712,130.712,130.712,1
2020-02-13 23:14:00,130.728,130.728,130.728,130.728,1
2020-02-13 23:15:00,130.728,130.728,130.712,130.712,2
2020-02-13 23:17:00,130.759,130.759,130.744,130.744,2
2020-02-13 23:18:00,130.759,130.759,130.744,130.744,2
2020-02-13 23:19:00,130.744,130.752,130.744,130.752,2
2020-02-13 23:30:00,130.728,130.728,130.728,130.728,1
2020-02-13 23:36:00,130.744,130.744,130.744,130.744,1
2020-02-13 23:37:00,130.744,130.759,130.744,130.759,2
2020-02-13 23:43:00,130.775,130.79,130.759,130.759,14
2020-02-13 23:44:00,130.744,130.775,130.744,130.759,8
2020-02-13 23:46:00,130.744,130.744,130.728,130.728,4
2020-02-13 23:48:00,130.759,130.759,130.759,130.759,1
2020-02-13 23:49:00,130.79,130.79,130.775,130.782,14
2020-02-13 23:50:00,130.775,130.79,130.775,130.782,4
2020-02-13 23:51:00,130.759,130.775,130.759,130.759,14
2020-02-13 23:52:00,130.775,130.775,130.775,130.775,1
2020-02-13 23:55:00,130.775,130.79,130.775,130.782,7
2020-02-13 23:58:00,130.759,130.775,130.759,130.759,16
2020-02-13 23:59:00,130.759,130.775,130.759,130.775,3
2020-02-14 00:00:00,130.744,130.759,130.728,130.744,36
2020-02-14 00:01:00,130.759,130.759,130.744,130.759,10
2020-02-14 00:02:00,130.775,130.775,130.759,130.775,14
2020-02-14 00:03:00,130.759,130.775,130.759,130.768,14
2020-02-14 00:05:00,130.744,130.759,130.744,130.744,11
2020-02-14 00:06:00,130.744,130.759,130.744,130.759,17
2020-02-14 00:07:00,130.759,130.759,130.759,130.759,1
2020-02-14 00:15:00,130.759,130.775,130.759,130.775,6
2020-02-14 00:16:00,130.744,130.744,130.744,130.744,1
2020-02-14 00:17:00,130.775,130.775,130.744,130.759,13
2020-02-14 00:18:00,130.759,130.768,130.759,130.768,2
2020-02-14 00:19:00,130.775,130.775,130.759,130.768,10
2020-02-14 00:20:00,130.759,130.775,130.759,130.759,3
2020-02-14 00:21:00,130.775,130.775,130.759,130.775,3
2020-02-14 00:22:00,130.775,130.775,130.759,130.759,4
2020-02-14 00:24:00,130.775,130.775,130.759,130.759,4
2020-02-14 00:26:00,130.79,130.79,130.79,130.79,1
2020-02-14 00:27:00,130.79,130.806,130.79,130.806,18
2020-02-14 00:29:00,130.759,130.791,130.759,130.782,7
2020-02-14 00:31:00,130.791,130.791,130.759,130.775,17
2020-02-14 00:32:00,130.791,130.806,130.791,130.806,5
2020-02-14 00:33:00,130.791,130.791,130.775,130.775,2
2020-02-14 00:34:00,130.806,130.806,130.791,130.806,3
2020-02-14 00:35:00,130.806,130.806,130.791,130.798,7
2020-02-14 00:37:00,130.806,130.806,130.791,130.791,22
2020-02-14 00:39:00,130.822,130.822,130.806,130.822,11
2020-02-14 00:40:00,130.806,130.822,130.806,130.806,5
2020-02-14 00:47:00,130.791,130.791,130.791,130.791,1
2020-02-14 00:48:00,130.791,130.806,130.791,130.806,2
2020-02-14 00:50:00,130.791,130.806,130.791,130.806,4
2020-02-14 00:54:00,130.775,130.791,130.775,130.775,11
2020-02-14 00:55:00,130.759,130.775,130.759,130.759,3
2020-02-14 00:56:00,130.775,130.775,130.775,130.775,1
2020-02-14 01:00:00,130.759,130.775,130.759,130.768,5
2020-02-14 01:01:00,130.744,130.744,130.744,130.744,1
2020-02-14 01:02:00,130.759,130.759,130.728,130.728,17
2020-02-14 01:05:00,130.759,130.759,130.744,130.752,3
2020-02-14 01:06:00,130.775,130.775,130.775,130.775,1
2020-02-14 01:08:00,130.775,130.775,130.759,130.759,8
2020-02-14 01:09:00,130.775,130.775,130.759,130.759,10
2020-02-14 01:14:00,130.791,130.791,130.791,130.791,1
2020-02-14 01:15:00,130.806,130.806,130.806,130.806,1
2020-02-14 01:18:00,130.806,130.806,130.791,130.791,2
2020-02-14 01:20:00,130.775,130.791,130.775,130.791,10
2020-02-14 01:22:00,130.775,130.791,130.775,130.791,4
2020-02-14 01:26:00,130.791,130.791,130.791,130.791,1
2020-02-14 01:27:00,130.791,130.791,130.775,130.775,2
2020-02-14 01:29:00,130.775,130.775,130.775,130.775,1
2020-02-14 01:30:00,130.775,130.791,130.775,130.791,2
2020-02-14 01:31:00,130.775,130.775,130.759,130.759,2
2020-02-14 01:32:00,130.775,130.775,130.759,130.759,5
2020-02-14 01:36:00,130.759,130.759,130.759,130.759,1
2020-02-14 01:37:00,130.744,130.744,130.744,130.744,1
2020-02-14 01:38:00,130.759,130.759,130.759,130.759,1
2020-02-14 01:39:00,130.759,130.759,130.744,130.744,2
2020-02-14 01:40:00,130.759,130.759,130.744,130.744,7
2020-02-14 01:44:00,130.744,130.759,130.744,130.744,3
2020-02-14 01:47:00,130.744,130.759,130.744,130.759,2
2020-02-14 01:49:00,130.759,130.759,130.744,130.759,4
2020-02-14 01:50:00,130.759,130.759,130.744,130.744,2
2020-02-14 01:54:00,130.775,130.775,130.775,130.775,1
2020-02-14 01:55:00,130.775,130.775,130.759,130.759,2
2020-02-14 01:56:00,130.759,130.775,130.759,130.759,8
2020-02-14 02:01:00,130.775,130.775,130.775,130.775,1
2020-02-14 02:04:00,130.775,130.775,130.759,130.759,3
2020-02-14 02:05:00,130.759,130.775,130.759,130.759,5
2020-02-14 02:08:00,130.775,130.775,130.775,130.775,1
2020-02-14 02:09:00,130.791,130.791,130.775,130.791,3
2020-02-14 02:11:00,130.775,130.791,130.775,130.782,8
2020-02-14 02:16:00,130.759,130.759,130.759,130.759,1
2020-02-14 02:18:00,130.744,130.744,130.744,130.744,1
2020-02-14 02:19:00,130.759,130.759,130.759,130.759,1
2020-02-14 02:20:00,130.759,130.759,130.744,130.744,2
2020-02-14 02:21:00,130.744,130.744,130.744,130.744,1
2020-02-14 02:23:00,130.759,130.759,130.759,130.759,1
2020-02-14 02:24:00,130.759,130.775,130.759,130.775,2
2020-02-14 02:26:00,130.759,130.759,130.744,130.744,8
2020-02-14 02:27:00,130.744,130.759,130.744,130.744,5
2020-02-14 02:29:00,130.759,130.759,130.744,130.752,5
2020-02-14 02:30:00,130.759,130.775,130.759,130.775,8
2020-02-14 02:32:00,130.759,130.775,130.759,130.775,2
2020-02-14 02:35:00,130.744,130.744,130.744,130.744,1
2020-02-14 02:36:00,130.759,130.759,130.744,130.759,3
2020-02-14 02:50:00,130.759,130.759,130.744,130.744,2
2020-02-14 02:51:00,130.744,130.759,130.744,130.752,7
2020-02-14 02:53:00,130.759,130.759,130.759,130.759,1
2020-02-14 02:55:00,130.744,130.744,130.744,130.744,1
2020-02-14 03:02:00,130.713,130.728,130.697,130.728,6
2020-02-14 03:03:00,130.713,130.728,130.713,130.72,5
2020-02-14 03:04:00,130.713,130.728,130.713,130.728,6
2020-02-14 03:05:00,130.728,130.728,130.713,130.728,7
2020-02-14 03:06:00,130.713,130.728,130.713,130.72,3
2020-02-14 03:08:00,130.728,130.728,130.697,130.697,6
2020-02-14 03:14:00,130.744,130.744,130.744,130.744,1
2020-02-14 03:15:00,130.728,130.728,130.728,130.728,1
2020-02-14 03:17:00,130.744,130.744,130.736,130.736,2
2020-02-14 03:19:00,130.728,130.728,130.728,130.728,1
2020-02-14 03:20:00,130.744,130.744,130.744,130.744,1
2020-02-14 03:21:00,130.728,130.728,130.728,130.728,1
2020-02-14 03:26:00,130.744,130.744,130.728,130.736,5
2020-02-14 03:28:00,130.744,130.744,130.728,130.728,2
2020-02-14 03:33:00,130.744,130.744,130.728,130.736,3
2020-02-14 03:35:00,130.744,130.752,130.744,130.752,2
2020-02-14 03:47:00,130.744,130.76,130.744,130.76,2
2020-02-14 03:48:00,130.744,130.76,130.744,130.76,7
2020-02-14 03:49:00,130.744,130.76,130.744,130.76,2
2020-02-14 03:54:00,130.76,130.76,130.752,130.752,2
2020-02-14 04:04:00,130.775,130.775,130.775,130.775,1
2020-02-14 04:05:00,130.76,130.775,130.76,130.76,3
2020-02-14 04:43:00,130.744,130.744,130.744,130.744,1
2020-02-14 04:49:00,130.744,130.744,130.728,130.728,4
2020-02-14 04:58:00,130.76,130.76,130.744,130.76,4
2020-02-14 05:00:00,130.744,130.744,130.744,130.744,1
2020-02-14 05:01:00,130.76,130.76,130.76,130.76,1
2020-02-14 05:04:00,130.744,130.744,130.744,130.744,1
2020-02-14 05:05:00,130.76,130.76,130.76,130.76,1
2020-02-14 05:07:00,130.744,130.744,130.744,130.744,1
2020-02-14 05:11:00,130.728,130.728,130.728,130.728,1
2020-02-14 05:24:00,130.728,130.728,130.713,130.713,2
2020-02-14 05:27:00,130.728,130.728,130.713,130.713,5
2020-02-14 05:29:00,130.744,130.744,130.744,130.744,1
2020-02-14 05:30:00,130.76,130.76,130.76,130.76,1
2020-02-14 05:35:00,130.775,130.775,130.76,130.768,10
2020-02-14 05:45:00,130.76,130.76,130.76,130.76,1
2020-02-14 05:55:00,130.791,130.807,130.76,130.775,8
2020-02-14 05:58:00,130.775,130.784,130.775,130.784,2
2020-02-14 06:03:00,130.775,130.791,130.775,130.791,4
2020-02-14 06:04:00,130.775,130.791,130.775,130.791,5
2020-02-14 06:05:00,130.775,130.791,130.775,130.791,4
2020-02-14 06:06:00,130.791,130.791,130.791,130.791,1
2020-02-14 06:07:00,130.791,130.791,130.775,130.775,2
2020-02-14 06:11:00,130.791,130.791,130.775,130.775,2
2020-02-14 06:12:00,130.775,130.791,130.775,130.775,3
2020-02-14 06:14:00,130.791,130.791,130.791,130.791,1
2020-02-14 06:18:00,130.775,130.775,130.775,130.775,1
2020-02-14 06:22:00,130.791,130.791,130.791,130.791,1
2020-02-14 06:24:00,130.791,130.791,130.775,130.775,4
2020-02-14 06:48:00,130.775,130.791,130.775,130.784,11
2020-02-14 06:49:00,130.775,130.791,130.775,130.784,3
2020-02-14 06:50:00,130.775,130.791,130.775,130.791,4
2020-02-14 06:56:00,130.791,130.791,130.775,130.791,5
2020-02-14 07:00:00,130.807,130.807,130.791,130.807,10
2020-02-14 07:01:00,130.775,130.791,130.775,130.791,2
2020-02-14 07:03:00,130.76,130.775,130.76,130.76,5
2020-02-14 07:04:00,130.76,130.76,130.744,130.752,14
2020-02-14 07:09:00,130.744,130.76,130.744,130.744,5
2020-02-14 07:10:00,130.76,130.76,130.76,130.76,1
2020-02-14 07:12:00,130.76,130.76,130.744,130.744,2
2020-02-14 07:14:00,130.76,130.776,130.76,130.776,2
2020-02-14 07:15:00,130.744,130.744,130.744,130.744,1
2020-02-14 07:16:00,130.713,130.744,130.713,130.729,4
2020-02-14 07:17:00,130.682,130.713,130.666,130.697,47
2020-02-14 07:18:00,130.682,130.697,130.682,130.697,2
2020-02-14 07:19:00,130.697,130.713,130.682,130.697,13
2020-02-14 07:20:00,130.682,130.697,130.682,130.682,14
2020-02-14 07:21:00,130.697,130.697,130.682,130.697,10
2020-02-14 07:22:00,130.697,130.713,130.697,130.713,8
2020-02-14 07:23:00,130.682,130.697,130.682,130.682,3
2020-02-14 07:24:00,130.682,130.697,130.682,130.697,5
2020-02-14 07:28:00,130.682,130.697,130.682,130.697,2
2020-02-14 07:29:00,130.682,130.697,130.682,130.697,2
2020-02-14 07:30:00,130.682,130.682,130.666,130.674,10
2020-02-14 07:31:00,130.682,130.682,130.666,130.666,6
2020-02-14 07:32:00,130.697,130.713,130.682,130.697,7
2020-02-14 07:33:00,130.697,130.713,130.697,130.713,6
2020-02-14 07:34:00,130.697,130.713,130.697,130.713,5
2020-02-14 07:35:00,130.713,130.713,130.697,130.706,11
2020-02-14 07:36:00,130.729,130.729,130.713,130.729,11
2020-02-14 07:37:00,130.713,130.729,130.713,130.713,8
2020-02-14 07:38:00,130.713,130.713,130.697,130.697,6
2020-02-14 07:39:00,130.713,130.713,130.697,130.697,4
2020-02-14 07:40:00,130.697,130.697,130.697,130.697,1
2020-02-14 07:41:00,130.713,130.713,130.697,130.713,9
2020-02-14 07:42:00,130.713,130.713,130.697,130.697,3
2020-02-14 07:43:00,130.713,130.713,130.697,130.697,3
2020-02-14 07:45:00,130.697,130.697,130.697,130.697,1
2020-02-14 07:47:00,130.697,130.697,130.682,130.69,9
2020-02-14 07:51:00,130.713,130.713,130.697,130.713,7
2020-02-14 07:52:00,130.697,130.713,130.697,130.697,5
2020-02-14 07:53:00,130.697,130.713,130.697,130.713,6
2020-02-14 07:54:00,130.713,130.713,130.697,130.706,4
2020-02-14 07:55:00,130.729,130.729,130.713,130.729,5
2020-02-14 07:56:00,130.729,130.729,130.713,130.713,4
2020-02-14 07:59:00,130.729,130.744,130.729,130.744,2
2020-02-14 08:00:00,130.729,130.744,130.729,130.744,2
2020-02-14 08:01:00,130.713,130.72,130.697,130.72,6
2020-02-14 08:02:00,130.729,130.729,130.697,130.697,9
2020-02-14 08:03:00,130.729,130.729,130.713,130.713,6
2020-02-14 08:04:00,130.729,130.729,130.713,130.713,4
2020-02-14 08:05:00,130.729,130.744,130.729,130.744,2
2020-02-14 08:06:00,130.744,130.744,130.729,130.744,7
2020-02-14 08:11:00,130.76,130.76,130.76,130.76,1
2020-02-14 08:16:00,130.76,130.76,130.744,130.744,2
2020-02-14 08:17:00,130.76,130.776,130.76,130.776,2
2020-02-14 08:18:00,130.776,130.776,130.76,130.776,3
2020-02-14 08:19:00,130.776,130.776,130.76,130.76,2
2020-02-14 08:20:00,130.791,130.791,130.791,130.791,1
2020-02-14 08:21:00,130.791,130.791,130.776,130.776,2
2020-02-14 08:26:00,130.776,130.776,130.776,130.776,1
2020-02-14 08:27:00,130.76,130.76,130.76,130.76,1
2020-02-14 08:29:00,130.76,130.776,130.76,130.776,11
2020-02-14 08:30:00,130.76,130.776,130.76,130.776,5
2020-02-14 08:31:00,130.776,130.776,130.76,130.776,5
2020-02-14 08:32:00,130.791,130.791,130.776,130.791,3
2020-02-14 08:33:00,130.776,130.791,130.776,130.776,8
2020-02-14 08:36:00,130.76,130.76,130.76,130.76,1
2020-02-14 08:38:00,130.76,130.776,130.76,130.768,3
2020-02-14 08:39:00,130.776,130.776,130.76,130.776,3
2020-02-14 08:40:00,130.76,130.76,130.76,130.76,1
2020-02-14 08:41:00,130.776,130.776,130.776,130.776,1
2020-02-14 08:43:00,130.776,130.776,130.768,130.768,2
2020-02-14 08:49:00,130.76,130.76,130.76,130.76,1
2020-02-14 08:50:00,130.76,130.76,130.744,130.752,3
2020-02-14 08:51:00,130.76,130.76,130.744,130.744,3
2020-02-14 08:52:00,130.76,130.776,130.76,130.768,5
2020-02-14 08:53:00,130.776,130.776,130.776,130.776,1
2020-02-14 08:57:00,130.791,130.791,130.776,130.791,3
2020-02-14 09:00:00,130.776,130.791,130.776,130.776,3
2020-02-14 09:01:00,130.791,130.791,130.784,130.784,2
2020-02-14 09:04:00,130.791,130.791,130.776,130.776,2
2020-02-14 09:05:00,130.791,130.807,130.791,130.807,8
2020-02-14 09:06:00,130.807,130.807,130.791,130.807,11
2020-02-14 09:09:00,130.791,130.791,130.791,130.791,1
2020-02-14 09:10:00,130.791,130.807,130.791,130.807,2
2020-02-14 09:12:00,130.791,130.807,130.791,130.8,4
2020-02-14 09:13:00,130.791,130.807,130.791,130.807,6
2020-02-14 09:14:00,130.807,130.807,130.791,130.807,3
2020-02-14 09:16:00,130.822,130.822,130.807,130.822,10
2020-02-14 09:17:00,130.807,130.814,130.807,130.814,2
2020-02-14 09:18:00,130.807,130.807,130.791,130.791,8
2020-02-14 09:19:00,130.791,130.807,130.791,130.8,4
2020-02-14 09:21:00,130.807,130.807,130.807,130.807,1
2020-02-14 09:23:00,130.822,130.822,130.822,130.822,1
2020-02-14 09:25:00,130.822,130.838,130.822,130.838,2
2020-02-14 09:26:00,130.838,130.838,130.822,130.838,3
2020-02-14 09:28:00,130.822,130.822,130.822,130.822,1
2020-02-14 09:29:00,130.838,130.838,130.838,130.838,1
2020-02-14 09:30:00,130.838,130.838,130.822,130.822,10
2020-02-14 09:33:00,130.854,130.854,130.854,130.854,1
2020-02-14 09:35:00,130.869,130.869,130.869,130.869,1
2020-02-14 09:38:00,130.869,130.869,130.854,130.854,8
2020-02-14 09:39:00,130.854,130.869,130.854,130.862,6
2020-02-14 09:42:00,130.854,130.854,130.838,130.838,4
2020-02-14 09:46:00,130.869,130.869,130.862,130.862,2
2020-02-14 09:50:00,130.885,130.885,130.869,130.885,6
2020-02-14 09:52:00,130.869,130.885,130.869,130.869,6
2020-02-14 09:54:00,130.869,130.885,130.869,130.885,6
2020-02-14 09:55:00,130.869,130.885,130.869,130.878,5
2020-02-14 09:56:00,130.885,130.885,130.885,130.885,1
2020-02-14 09:59:00,130.885,130.885,130.869,130.869,2
2020-02-14 10:00:00,130.885,130.901,130.885,130.892,3
2020-02-14 10:01:00,130.869,130.869,130.869,130.869,1
2020-02-14 10:09:00,130.854,130.869,130.854,130.854,15
2020-02-14 10:13:00,130.838,130.854,130.838,130.838,6
2020-02-14 10:14:00,130.838,130.854,130.838,130.854,8
2020-02-14 10:16:00,130.838,130.838,130.823,130.83,7
2020-02-14 10:17:00,130.838,130.838,130.823,130.823,2
2020-02-14 10:26:00,130.854,130.854,130.838,130.854,11
2020-02-14 10:28:00,130.838,130.846,130.838,130.846,2
2020-02-14 10:34:00,130.823,130.838,130.823,130.823,11
2020-02-14 10:35:00,130.823,130.838,130.823,130.838,2
2020-02-14 10:36:00,130.823,130.838,130.823,130.83,6
2020-02-14 10:40:00,130.838,130.838,130.823,130.838,3
2020-02-14 10:43:00,130.838,130.838,130.823,130.823,3
2020-02-14 10:45:00,130.823,130.838,130.823,130.823,3
2020-02-14 11:01:00,130.838,130.838,130.838,130.838,1
2020-02-14 11:02:00,130.823,130.838,130.823,130.823,6
2020-02-14 11:10:00,130.838,130.838,130.838,130.838,1
2020-02-14 11:14:00,130.838,130.838,130.823,130.823,2
2020-02-14 11:15:00,130.838,130.838,130.823,130.823,3
2020-02-14 11:23:00,130.823,130.823,130.823,130.823,1
2020-02-14 11:27:00,130.807,130.814,130.791,130.814,6
2020-02-14 11:28:00,130.807,130.807,130.791,130.791,2
2020-02-14 11:33:00,130.807,130.807,130.791,130.791,4
2020-02-14 11:40:00,130.807,130.807,130.792,130.792,8
2020-02-14 11:41:00,130.792,130.807,130.792,130.792,3
2020-02-14 11:42:00,130.807,130.807,130.8,130.8,2
2020-02-14 11:43:00,130.807,130.823,130.807,130.823,2
2020-02-14 11:48:00,130.823,130.823,130.823,130.823,1
2020-02-14 11:55:00,130.838,130.838,130.838,130.838,1
2020-02-14 11:56:00,130.838,130.854,130.838,130.854,2
2020-02-14 11:59:00,130.854,130.87,130.854,130.854,9
2020-02-14 12:00:00,130.854,130.87,130.854,130.87,2
2020-02-14 12:04:00,130.854,130.854,130.838,130.838,20
2020-02-14 12:05:00,130.854,130.854,130.838,130.846,5
2020-02-14 12:06:00,130.854,130.87,130.854,130.87,2
2020-02-14 12:07:00,130.87,130.87,130.854,130.862,9
2020-02-14 12:08:00,130.87,130.885,130.87,130.885,4
2020-02-14 12:09:00,130.87,130.885,130.87,130.885,6
2020-02-14 12:10:00,130.87,130.885,130.87,130.885,7
2020-02-14 12:14:00,130.87,130.885,130.87,130.878,14
2020-02-14 12:15:00,130.885,130.885,130.87,130.885,6
2020-02-14 12:16:00,130.885,130.901,130.885,130.901,14
2020-02-14 12:17:00,130.885,130.901,130.885,130.901,7
2020-02-14 12:18:00,130.885,130.901,130.885,130.901,2
2020-02-14 12:19:00,130.901,130.901,130.901,130.901,1
2020-02-14 12:20:00,130.885,130.885,130.885,130.885,1
2020-02-14 12:21:00,130.901,130.901,130.885,130.901,3
2020-02-14 12:22:00,130.885,130.901,130.885,130.885,6
2020-02-14 12:25:00,130.901,130.901,130.885,130.901,5
2020-02-14 12:26:00,130.885,130.894,130.885,130.894,2
2020-02-14 12:28:00,130.901,130.901,130.885,130.901,3
2020-02-14 12:29:00,130.885,130.885,130.885,130.885,1
2020-02-14 12:34:00,130.87,130.87,130.87,130.87,1
2020-02-14 12:35:00,130.87,130.87,130.854,130.854,8
2020-02-14 12:37:00,130.87,130.87,130.854,130.854,8
2020-02-14 12:38:00,130.854,130.87,130.854,130.854,8
2020-02-14 12:42:00,130.87,130.87,130.87,130.87,1
2020-02-14 12:45:00,130.854,130.854,130.854,130.854,1
2020-02-14 12:46:00,130.87,130.87,130.862,130.862,2
2020-02-14 12:49:00,130.854,130.862,130.854,130.862,2
2020-02-14 12:52:00,130.838,130.838,130.838,130.838,1
2020-02-14 12:53:00,130.823,130.838,130.823,130.83,17
2020-02-14 12:54:00,130.838,130.838,130.838,130.838,1
2020-02-14 12:57:00,130.823,130.838,130.823,130.823,4
2020-02-14 13:01:00,130.838,130.838,130.838,130.838,1
2020-02-14 13:02:00,130.854,130.854,130.838,130.846,8
2020-02-14 13:04:00,130.838,130.854,130.838,130.838,6
2020-02-14 13:06:00,130.854,130.854,130.838,130.854,10
2020-02-14 13:07:00,130.838,130.838,130.838,130.838,1
2020-02-14 13:14:00,130.823,130.823,130.823,130.823,1
2020-02-14 13:15:00,130.838,130.854,130.823,130.838,8
2020-02-14 13:18:00,130.854,130.854,130.838,130.854,8
2020-02-14 13:19:00,130.838,130.838,130.838,130.838,1
2020-02-14 13:20:00,130.87,130.87,130.854,130.854,10
2020-02-14 13:21:00,130.854,130.862,130.854,130.862,2
2020-02-14 13:22:00,130.854,130.854,130.838,130.838,23
2020-02-14 13:23:00,130.854,130.854,130.838,130.846,10
2020-02-14 13:24:00,130.838,130.854,130.838,130.838,8
2020-02-14 13:25:00,130.838,130.838,130.823,130.823,3
2020-02-14 13:27:00,130.823,130.838,130.823,130.823,3
2020-02-14 13:28:00,130.823,130.838,130.823,130.838,20
2020-02-14 13:29:00,130.792,130.816,130.776,130.816,15
2020-02-14 13:30:00,130.901,130.917,130.807,130.83,67
2020-02-14 13:31:00,130.901,130.901,130.885,130.885,13
2020-02-14 13:32:00,130.932,130.932,130.901,130.917,20
2020-02-14 13:33:00,130.948,130.979,130.932,130.948,53
2020-02-14 13:34:00,130.948,130.948,130.932,130.94,8
2020-02-14 13:36:00,130.948,130.948,130.932,130.932,12
2020-02-14 13:37:00,130.963,130.979,130.948,130.963,40
2020-02-14 13:38:00,130.932,130.963,130.932,130.956,41
2020-02-14 13:39:00,130.963,130.963,130.932,130.948,14
2020-02-14 13:40:00,130.963,130.963,130.948,130.956,12
2020-02-14 13:41:00,130.963,130.979,130.963,130.979,2
2020-02-14 13:42:00,130.995,130.995,130.979,130.979,6
2020-02-14 13:43:00,130.979,130.995,130.979,130.979,16
2020-02-14 13:44:00,130.995,130.995,130.963,130.972,43
2020-02-14 13:45:00,131.01,131.026,130.995,131.01,29
2020-02-14 13:46:00,131.01,131.026,131.01,131.018,3
2020-02-14 13:47:00,131.01,131.026,131.01,131.026,21
2020-02-14 13:48:00,131.026,131.026,131.01,131.018,5
2020-02-14 13:49:00,131.01,131.042,131.01,131.042,30
2020-02-14 13:50:00,131.01,131.026,131.01,131.026,8
2020-02-14 13:51:00,131.01,131.026,131.01,131.018,16
2020-02-14 13:52:00,131.01,131.026,131.01,131.026,4
2020-02-14 13:53:00,131.01,131.01,130.995,130.995,14
2020-02-14 13:54:00,130.995,130.995,130.995,130.995,1
2020-02-14 13:55:00,130.979,131.01,130.979,131.002,8
2020-02-14 13:56:00,130.979,130.979,130.963,130.972,18
2020-02-14 13:57:00,130.963,130.979,130.963,130.963,12
2020-02-14 13:58:00,130.963,130.979,130.963,130.979,4
2020-02-14 13:59:00,130.963,130.979,130.963,130.979,6
2020-02-14 14:00:00,130.963,130.979,130.963,130.979,5
2020-02-14 14:01:00,130.963,130.963,130.948,130.956,3
2020-02-14 14:02:00,130.963,130.979,130.963,130.979,11
2020-02-14 14:03:00,130.979,130.979,130.963,130.979,4
2020-02-14 14:04:00,130.963,130.979,130.963,130.963,15
2020-02-14 14:05:00,130.948,130.948,130.948,130.948,1
2020-02-14 14:06:00,130.932,130.932,130.917,130.932,8
2020-02-14 14:07:00,130.901,130.924,130.885,130.924,12
2020-02-14 14:08:00,130.917,130.917,130.885,130.885,3
2020-02-14 14:09:00,130.901,130.917,130.901,130.901,5
2020-02-14 14:10:00,130.917,130.917,130.885,130.894,5
2020-02-14 14:11:00,130.932,130.932,130.917,130.932,6
2020-02-14 14:12:00,130.932,130.932,130.917,130.917,2
2020-02-14 14:13:00,130.932,130.948,130.932,130.948,6
2020-02-14 14:14:00,130.917,130.917,130.917,130.917,1
2020-02-14 14:15:00,130.917,130.948,130.917,130.932,9
2020-02-14 14:16:00,130.932,130.932,130.901,130.908,5
2020-02-14 14:17:00,130.932,130.932,130.917,130.917,8
2020-02-14 14:18:00,130.932,130.932,130.917,130.917,6
2020-02-14 14:19:00,130.917,130.932,130.917,130.917,4
2020-02-14 14:20:00,130.932,130.932,130.917,130.932,3
2020-02-14 14:21:00,130.932,130.948,130.917,130.924,8
2020-02-14 14:22:00,130.948,130.948,130.932,130.948,3
2020-02-14 14:23:00,130.932,130.94,130.932,130.932,3
2020-02-14 14:24:00,130.948,130.948,130.932,130.948,8
2020-02-14 14:25:00,130.948,130.948,130.932,130.932,4
2020-02-14 14:26:00,130.932,130.932,130.932,130.932,1
2020-02-14 14:28:00,130.932,130.948,130.932,130.948,7
2020-02-14 14:29:00,130.932,130.948,130.932,130.948,8
2020-02-14 14:30:00,130.948,130.948,130.932,130.948,27
2020-02-14 14:31:00,130.948,130.964,130.948,130.964,6
2020-02-14 14:33:00,130.948,130.948,130.932,130.932,8
2020-02-14 14:34:00,130.948,130.948,130.932,130.932,14
2020-02-14 14:35:00,130.964,130.964,130.932,130.932,9
2020-02-14 14:36:00,130.995,130.995,130.964,130.979,11
2020-02-14 14:37:00,130.964,130.979,130.964,130.979,2
2020-02-14 14:38:00,130.979,130.979,130.964,130.979,15
2020-02-14 14:40:00,130.979,130.979,130.964,130.972,5
2020-02-14 14:41:00,130.979,130.995,130.964,130.964,8
2020-02-14 14:42:00,130.979,130.995,130.979,130.995,24
2020-02-14 14:43:00,130.979,130.979,130.964,130.964,6
2020-02-14 14:44:00,130.979,130.995,130.979,130.995,16
2020-02-14 14:45:00,130.964,130.995,130.964,130.995,9
2020-02-14 14:46:00,130.979,130.979,130.964,130.979,7
2020-02-14 14:47:00,130.995,131.01,130.979,130.995,10
2020-02-14 14:48:00,131.01,131.01,130.995,131.01,11
2020-02-14 14:50:00,131.01,131.026,131.01,131.026,15
2020-02-14 14:51:00,131.026,131.026,131.01,131.026,5
2020-02-14 14:52:00,131.026,131.026,131.01,131.01,2
2020-02-14 14:53:00,131.01,131.01,131.01,131.01,1
2020-02-14 14:54:00,131.026,131.042,131.01,131.026,16
2020-02-14 14:55:00,131.042,131.042,131.026,131.042,7
2020-02-14 14:56:00,131.026,131.026,131.026,131.026,1
2020-02-14 14:57:00,131.01,131.042,131.01,131.042,5
2020-02-14 14:58:00,131.01,131.01,130.995,130.995,10
2020-02-14 14:59:00,131.01,131.026,131.01,131.026,15
2020-02-14 15:00:00,130.979,131.002,130.979,131.002,27
2020-02-14 15:01:00,130.995,131.002,130.995,130.995,3
2020-02-14 15:02:00,130.995,131.01,130.995,131.002,34
2020-02-14 15:03:00,130.995,131.01,130.995,131.01,4
2020-02-14 15:04:00,131.01,131.01,130.995,131.01,4
2020-02-14 15:05:00,131.01,131.026,131.01,131.026,2
2020-02-14 15:06:00,131.01,131.01,130.995,130.995,3
2020-02-14 15:07:00,130.995,131.01,130.995,130.995,5
2020-02-14 15:09:00,130.979,130.995,130.979,130.979,11
2020-02-14 15:10:00,130.995,131.01,130.979,130.995,6
2020-02-14 15:11:00,130.995,131.01,130.995,131.01,2
2020-02-14 15:12:00,131.01,131.01,131.01,131.01,1
2020-02-14 15:13:00,131.026,131.026,131.026,131.026,1
2020-02-14 15:14:00,130.995,131.01,130.995,131.01,2
2020-02-14 15:15:00,130.979,130.995,130.979,130.979,3
2020-02-14 15:16:00,130.979,130.979,130.964,130.964,2
2020-02-14 15:17:00,130.995,131.01,130.979,130.995,17
2020-02-14 15:18:00,130.995,130.995,130.979,130.988,9
2020-02-14 15:19:00,130.964,130.979,130.964,130.979,4
2020-02-14 15:20:00,130.964,130.979,130.964,130.972,40
2020-02-14 15:21:00,130.948,130.964,130.948,130.948,3
2020-02-14 15:22:00,130.964,130.964,130.948,130.964,7
2020-02-14 15:23:00,130.979,130.979,130.964,130.979,13
2020-02-14 15:24:00,130.995,130.995,130.964,130.964,4
2020-02-14 15:25:00,130.995,130.995,130.979,130.988,11
2020-02-14 15:26:00,130.995,130.995,130.979,130.979,29
2020-02-14 15:28:00,130.995,131.01,130.995,131.01,2
2020-02-14 15:31:00,130.995,130.995,130.979,130.979,2
2020-02-14 15:33:00,130.979,130.979,130.979,130.979,1
2020-02-14 15:34:00,130.995,130.995,130.979,130.988,4
2020-02-14 15:35:00,131.01,131.01,130.995,131.01,3
2020-02-14 15:36:00,130.995,130.995,130.995,130.995,1
2020-02-14 15:37:00,130.995,130.995,130.979,130.979,11
2020-02-14 15:38:00,131.01,131.01,131.002,131.002,2
2020-02-14 15:39:00,131.01,131.01,130.995,130.995,6
2020-02-14 15:41:00,130.995,131.01,130.995,130.995,5
2020-02-14 15:42:00,131.01,131.01,130.995,131.01,13
2020-02-14 15:43:00,131.01,131.01,130.995,130.995,10
2020-02-14 15:44:00,131.01,131.01,130.995,130.995,2
2020-02-14 15:45:00,131.01,131.01,130.995,130.995,2
2020-02-14 15:46:00,131.01,131.01,130.995,130.995,4
2020-02-14 15:47:00,130.979,130.995,130.979,130.995,2
2020-02-14 15:48:00,130.979,130.995,130.979,130.988,6
2020-02-14 15:49:00,130.979,130.995,130.979,130.995,6
2020-02-14 15:50:00,130.964,130.979,130.964,130.964,4
2020-02-14 15:52:00,130.964,130.979,130.964,130.979,2
2020-02-14 15:53:00,130.979,130.979,130.979,130.979,1
2020-02-14 15:54:00,130.979,130.979,130.964,130.964,13
2020-02-14 15:55:00,130.979,130.979,130.964,130.964,2
2020-02-14 15:57:00,130.979,130.995,130.979,130.988,13
2020-02-14 15:58:00,130.995,131.011,130.979,130.988,14
2020-02-14 16:00:00,130.995,130.995,130.979,130.979,6
2020-02-14 16:01:00,130.964,130.995,130.964,130.979,4
2020-02-14 16:04:00,130.979,130.979,130.964,130.979,8
2020-02-14 16:05:00,130.995,130.995,130.979,130.988,25
2020-02-14 16:06:00,130.979,130.995,130.979,130.979,3
2020-02-14 16:09:00,130.964,130.979,130.956,130.964,5
2020-02-14 16:10:00,130.948,130.964,130.948,130.948,3
2020-02-14 16:14:00,130.948,130.948,130.932,130.94,3
2020-02-14 16:15:00,130.948,130.964,130.948,130.964,2
2020-02-14 16:17:00,130.932,130.932,130.932,130.932,1
2020-02-14 16:18:00,130.917,130.932,130.901,130.917,13
2020-02-14 16:19:00,130.917,130.917,130.901,130.901,13
2020-02-14 16:22:00,130.932,130.932,130.917,130.932,3
2020-02-14 16:23:00,130.932,130.932,130.917,130.917,16
2020-02-14 16:24:00,130.932,130.932,130.917,130.924,3
2020-02-14 16:25:00,130.917,130.932,130.917,130.917,16
2020-02-14 16:26:00,130.917,130.932,130.917,130.932,2
2020-02-14 16:33:00,130.917,130.917,130.901,130.901,6
2020-02-14 16:34:00,130.917,130.932,130.917,130.924,3
2020-02-14 16:35:00,130.932,130.932,130.917,130.932,10
2020-02-14 16:36:00,130.932,130.932,130.917,130.924,3
2020-02-14 16:43:00,130.932,130.932,130.917,130.917,3
2020-02-14 16:44:00,130.932,130.932,130.917,130.924,5
2020-02-14 16:45:00,130.917,130.924,130.917,130.917,3
2020-02-14 16:46:00,130.932,130.932,130.924,130.924,2
2020-02-14 16:49:00,130.932,130.948,130.932,130.948,2
2020-02-14 16:53:00,130.948,130.948,130.948,130.948,1
2020-02-14 16:56:00,130.932,130.932,130.932,130.932,1
2020-02-14 16:57:00,130.917,130.932,130.917,130.917,3
2020-02-14 17:00:00,130.917,130.932,130.917,130.932,12
2020-02-14 17:01:00,130.917,130.932,130.917,130.932,2
2020-02-14 17:03:00,130.933,130.933,130.917,130.933,7
2020-02-14 17:04:00,130.948,130.948,130.948,130.948,1
2020-02-14 17:05:00,130.964,130.964,130.948,130.964,3
2020-02-14 17:06:00,130.979,130.979,130.964,130.979,5
2020-02-14 17:07:00,130.964,130.972,130.964,130.972,2
2020-02-14 17:12:00,130.964,130.964,130.948,130.948,7
2020-02-14 17:18:00,130.979,130.979,130.979,130.979,1
2020-02-14 17:21:00,130.995,130.995,130.979,130.995,3
2020-02-14 17:25:00,130.979,130.979,130.979,130.979,1
2020-02-14 17:26:00,130.979,130.979,130.964,130.964,3
2020-02-14 17:28:00,130.979,130.979,130.964,130.964,2
2020-02-14 17:30:00,130.979,130.979,130.964,130.964,2
2020-02-14 17:33:00,130.979,130.995,130.979,130.995,23
2020-02-14 17:36:00,130.964,130.979,130.964,130.964,3
2020-02-14 17:37:00,130.979,130.979,130.979,130.979,1
2020-02-14 17:38:00,130.964,130.964,130.964,130.964,1
2020-02-14 17:39:00,130.964,130.964,130.948,130.948,2
2020-02-14 17:41:00,130.948,130.964,130.948,130.948,7
2020-02-14 17:42:00,130.964,130.964,130.948,130.964,5
2020-02-14 17:43:00,130.964,130.979,130.964,130.979,2
2020-02-14 17:44:00,130.964,130.979,130.964,130.979,6
2020-02-14 17:45:00,130.964,130.979,130.964,130.972,8
2020-02-14 17:46:00,130.979,130.979,130.964,130.979,12
2020-02-14 17:47:00,130.979,130.995,130.979,130.995,2
2020-02-14 17:48:00,130.979,130.995,130.979,130.988,3
2020-02-14 17:51:00,130.979,130.995,130.979,130.995,3
2020-02-14 17:53:00,130.979,130.995,130.979,130.995,3
2020-02-14 17:56:00,130.995,130.995,130.979,130.995,4
2020-02-14 17:58:00,130.979,130.979,130.979,130.979,1
2020-02-14 18:00:00,130.995,130.995,130.979,130.995,8
2020-02-14 18:01:00,130.979,130.988,130.979,130.988,2
2020-02-14 18:02:00,130.979,130.995,130.964,130.964,23
2020-02-14 18:04:00,130.964,130.979,130.964,130.964,5
2020-02-14 18:05:00,130.979,130.979,130.979,130.979,1
2020-02-14 18:07:00,130.979,130.979,130.964,130.972,11
2020-02-14 18:09:00,130.995,130.995,130.995,130.995,1
2020-02-14 18:15:00,130.995,130.995,130.979,130.979,2
2020-02-14 18:22:00,130.995,130.995,130.979,130.979,2
2020-02-14 18:24:00,130.979,130.979,130.979,130.979,1
2020-02-14 18:26:00,130.979,130.979,130.964,130.964,2
2020-02-14 18:27:00,130.98,130.98,130.964,130.964,7
2020-02-14 18:31:00,130.98,130.995,130.98,130.995,4
2020-02-14 18:32:00,130.995,130.995,130.98,130.995,12
2020-02-14 18:33:00,130.98,130.98,130.98,130.98,1
2020-02-14 18:35:00,130.98,130.98,130.964,130.972,3
2020-02-14 18:45:00,130.995,130.995,130.988,130.988,2
2020-02-14 18:57:00,130.995,131.011,130.995,131.011,3
2020-02-14 19:05:00,130.995,130.995,130.98,130.98,13
2020-02-14 19:06:00,130.995,130.995,130.98,130.98,4
2020-02-14 19:07:00,130.995,131.011,130.995,131.011,9
2020-02-14 19:09:00,130.995,130.995,130.98,130.98,8
2020-02-14 19:16:00,130.995,131.011,130.995,131.011,6
2020-02-14 19:23:00,130.995,130.995,130.98,130.98,2
2020-02-14 19:26:00,130.98,130.98,130.98,130.98,1
2020-02-14 19:27:00,130.964,130.98,130.964,130.964,3
2020-02-14 19:29:00,130.98,130.98,130.964,130.98,21
2020-02-14 19:36:00,130.98,130.98,130.964,130.964,5
2020-02-14 19:37:00,130.964,130.964,130.964,130.964,1
2020-02-14 19:40:00,130.964,130.98,130.964,130.98,11
2020-02-14 19:42:00,130.98,130.98,130.972,130.972,2
2020-02-14 19:54:00,130.964,130.964,130.964,130.964,1
2020-02-14 19:55:00,130.948,130.948,130.948,130.948,1
2020-02-14 19:58:00,130.933,130.948,130.933,130.933,10
2020-02-14 19:59:00,130.917,130.917,130.917,130.917,1
2020-02-14 20:00:00,130.917,130.917,130.902,130.902,2
2020-02-14 20:02:00,130.917,130.917,130.902,130.902,6
2020-02-14 20:03:00,130.902,130.902,130.902,130.902,1
2020-02-14 20:06:00,130.917,130.917,130.917,130.917,1
2020-02-14 20:10:00,130.917,130.917,130.902,130.902,4
2020-02-14 20:12:00,130.917,130.933,130.917,130.933,7
2020-02-14 20:14:00,130.933,130.933,130.933,130.933,1
2020-02-14 20:19:00,130.933,130.933,130.917,130.917,2
2020-02-14 20:20:00,130.917,130.933,130.917,130.917,7
2020-02-14 20:22:00,130.886,130.917,130.886,130.902,22
2020-02-14 20:23:00,130.902,130.902,130.886,130.894,18
2020-02-14 20:25:00,130.902,130.902,130.886,130.886,16
2020-02-14 20:27:00,130.902,130.902,130.886,130.886,4
2020-02-14 20:29:00,130.902,130.902,130.886,130.886,2
2020-02-14 20:33:00,130.886,130.886,130.886,130.886,1
2020-02-14 20:36:00,130.87,130.87,130.87,130.87,1
2020-02-14 20:39:00,130.87,130.886,130.87,130.886,28
2020-02-14 20:40:00,130.886,130.886,130.878,130.878,2
2020-02-14 20:41:00,130.902,130.917,130.886,130.894,7
2020-02-14 20:45:00,130.886,130.902,130.886,130.894,13
2020-02-14 20:54:00,130.886,130.886,130.87,130.878,12
2020-02-14 20:56:00,130.886,130.886,130.87,130.87,5
2020-02-14 21:06:00,130.902,130.902,130.886,130.894,18
2020-02-14 21:07:00,130.902,130.902,130.886,130.886,7
2020-02-14 21:20:00,130.917,130.917,130.902,130.917,43
2020-02-14 21:21:00,130.902,130.902,130.902,130.902,1
2020-02-14 21:25:00,130.902,130.917,130.902,130.917,2
2020-02-14 21:26:00,130.917,130.917,130.902,130.917,3
2020-02-14 21:31:00,130.902,130.902,130.902,130.902,1
2020-02-14 21:38:00,130.917,130.917,130.917,130.917,1
2020-02-14 21:40:00,130.917,130.917,130.902,130.91,3
2020-02-14 21:41:00,130.917,130.917,130.902,130.902,7
2020-02-14 21:42:00,130.917,130.917,130.902,130.902,5
2020-02-14 21:47:00,130.917,130.917,130.902,130.91,5
2020-02-14 21:55:00,130.902,130.917,130.902,130.902,11
2020-02-14 21:58:00,130.902,130.917,130.902,130.91,9
2020-02-14 21:59:00,130.902,130.902,130.902,130.902,1
2020-02-16 23:00:00,130.812,130.875,130.812,130.859,7
2020-02-16 23:01:00,130.812,130.812,130.797,130.797,3
2020-02-16 23:02:00,130.797,130.804,130.797,130.804,2
2020-02-16 23:03:00,130.812,130.828,130.812,130.812,3
2020-02-16 23:07:00,130.828,130.828,130.812,130.828,7
2020-02-16 23:08:00,130.812,130.82,130.812,130.82,2
2020-02-16 23:09:00,130.797,130.812,130.797,130.797,3
2020-02-16 23:10:00,130.797,130.812,130.797,130.812,2
2020-02-16 23:11:00,130.797,130.812,130.797,130.804,5
2020-02-16 23:15:00,130.797,130.797,130.781,130.781,3
2020-02-16 23:16:00,130.781,130.781,130.781,130.781,1
2020-02-16 23:20:00,130.812,130.812,130.79,130.79,3
2020-02-16 23:21:00,130.812,130.812,130.797,130.797,3
2020-02-16 23:23:00,130.797,130.797,130.797,130.797,1
2020-02-16 23:24:00,130.828,130.828,130.812,130.812,5
2020-02-16 23:28:00,130.828,130.828,130.812,130.812,2
2020-02-16 23:29:00,130.828,130.828,130.812,130.812,2
2020-02-16 23:34:00,130.812,130.812,130.812,130.812,1
2020-02-16 23:35:00,130.828,130.828,130.828,130.828,1
2020-02-16 23:37:00,130.844,130.844,130.828,130.844,3
2020-02-16 23:38:00,130.828,130.828,130.828,130.828,1
2020-02-16 23:39:00,130.812,130.828,130.812,130.812,5
2020-02-16 23:40:00,130.812,130.828,130.812,130.828,4
2020-02-16 23:41:00,130.812,130.828,130.812,130.828,8
2020-02-16 23:42:00,130.828,130.828,130.82,130.82,2
2020-02-16 23:45:00,130.812,130.82,130.812,130.82,2
2020-02-16 23:46:00,130.828,130.828,130.82,130.82,2
2020-02-16 23:50:00,130.812,130.812,130.812,130.812,1
2020-02-16 23:52:00,130.828,130.828,130.828,130.828,1
2020-02-16 23:53:00,130.828,130.828,130.812,130.812,2
2020-02-16 23:55:00,130.844,130.844,130.844,130.844,1
2020-02-16 23:56:00,130.844,130.844,130.828,130.828,2
2020-02-16 23:57:00,130.828,130.828,130.828,130.828,1
2020-02-17 00:00:00,130.844,130.844,130.828,130.836,4
2020-02-17 00:03:00,130.859,130.859,130.859,130.859,1
2020-02-17 00:05:00,130.859,130.875,130.859,130.875,2
2020-02-17 00:06:00,130.859,130.875,130.859,130.875,8
2020-02-17 00:07:00,130.875,130.875,130.875,130.875,1
2020-02-17 00:08:00,130.875,130.891,130.875,130.891,4
2020-02-17 00:09:00,130.891,130.891,130.875,130.891,4
2020-02-17 00:10:00,130.875,130.875,130.875,130.875,1
2020-02-17 00:11:00,130.891,130.891,130.891,130.891,1
2020-02-17 00:15:00,130.891,130.906,130.891,130.906,4
2020-02-17 00:16:00,130.875,130.891,130.875,130.875,4
2020-02-17 00:20:00,130.891,130.891,130.875,130.891,5
2020-02-17 00:26:00,130.875,130.875,130.875,130.875,1
2020-02-17 00:31:00,130.875,130.875,130.859,130.859,2
2020-02-17 00:36:00,130.875,130.891,130.875,130.891,2
2020-02-17 00:45:00,130.875,130.875,130.859,130.859,2
2020-02-17 00:50:00,130.891,130.891,130.875,130.891,5
2020-02-17 00:51:00,130.891,130.906,130.891,130.906,2
2020-02-17 00:52:00,130.891,130.906,130.891,130.906,2
2020-02-17 00:55:00,130.906,130.906,130.891,130.906,4
2020-02-17 00:56:00,130.891,130.891,130.891,130.891,1
2020-02-17 00:58:00,130.891,130.906,130.891,130.906,2
2020-02-17 01:00:00,130.891,130.891,130.875,130.875,2
2020-02-17 01:06:00,130.891,130.906,130.891,130.906,2
2020-02-17 01:07:00,130.891,130.906,130.891,130.906,2
2020-02-17 01:11:00,130.875,130.875,130.875,130.875,1
2020-02-17 01:13:00,130.891,130.891,130.891,130.891,1
2020-02-17 01:15:00,130.875,130.891,130.875,130.875,3
2020-02-17 01:20:00,130.891,130.891,130.891,130.891,1
2020-02-17 01:22:00,130.891,130.891,130.875,130.875,2
2020-02-17 01:25:00,130.875,130.875,130.875,130.875,1
2020-02-17 01:27:00,130.859,130.875,130.859,130.859,5
2020-02-17 01:32:00,130.859,130.859,130.859,130.859,1
2020-02-17 01:33:00,130.844,130.844,130.844,130.844,1
2020-02-17 01:34:00,130.844,130.844,130.828,130.828,2
2020-02-17 01:38:00,130.828,130.844,130.828,130.828,3
2020-02-17 01:39:00,130.844,130.844,130.844,130.844,1
2020-02-17 01:41:00,130.828,130.828,130.828,130.828,1
2020-02-17 01:42:00,130.813,130.813,130.813,130.813,1
2020-02-17 01:44:00,130.813,130.828,130.813,130.828,2
2020-02-17 01:46:00,130.813,130.828,130.813,130.82,3
2020-02-17 01:47:00,130.813,130.828,130.813,130.828,4
2020-02-17 01:48:00,130.813,130.828,130.813,130.828,8
2020-02-17 01:53:00,130.828,130.828,130.828,130.828,1
2020-02-17 02:05:00,130.828,130.828,130.813,130.813,2
2020-02-17 02:06:00,130.813,130.813,130.813,130.813,1
2020-02-17 02:07:00,130.797,130.797,130.797,130.797,1
2020-02-17 02:10:00,130.813,130.813,130.813,130.813,1
2020-02-17 02:11:00,130.813,130.813,130.797,130.797,4
2020-02-17 02:25:00,130.813,130.828,130.813,130.828,2
2020-02-17 02:27:00,130.813,130.828,130.813,130.828,3
2020-02-17 02:42:00,130.813,130.813,130.797,130.797,2
2020-02-17 03:09:00,130.828,130.828,130.813,130.828,4
2020-02-17 03:15:00,130.828,130.836,130.828,130.836,2
2020-02-17 03:16:00,130.828,130.844,130.828,130.844,2
2020-02-17 03:17:00,130.813,130.828,130.813,130.813,3
2020-02-17 03:18:00,130.828,130.828,130.828,130.828,1
2020-02-17 03:24:00,130.813,130.813,130.813,130.813,1
2020-02-17 03:25:00,130.813,130.828,130.813,130.828,2
2020-02-17 03:33:00,130.828,130.828,130.828,130.828,1
2020-02-17 03:37:00,130.813,130.813,130.813,130.813,1
2020-02-17 03:41:00,130.813,130.828,130.813,130.828,2
2020-02-17 03:55:00,130.828,130.828,130.828,130.828,1
2020-02-17 04:12:00,130.844,130.844,130.844,130.844,1
2020-02-17 04:16:00,130.844,130.844,130.828,130.828,5
2020-02-17 04:31:00,130.828,130.828,130.828,130.828,1
2020-02-17 04:36:00,130.828,130.844,130.828,130.844,2
2020-02-17 04:41:00,130.844,130.844,130.844,130.844,1
2020-02-17 04:51:00,130.829,130.829,130.829,130.829,1
2020-02-17 05:07:00,130.829,130.829,130.829,130.829,1
2020-02-17 05:40:00,130.813,130.813,130.813,130.813,1
2020-02-17 05:41:00,130.813,130.829,130.813,130.829,2
2020-02-17 06:03:00,130.829,130.829,130.829,130.829,1
2020-02-17 06:09:00,130.813,130.813,130.813,130.813,1
2020-02-17 06:10:00,130.829,130.829,130.829,130.829,1
2020-02-17 06:11:00,130.813,130.813,130.813,130.813,1
2020-02-17 06:26:00,130.813,130.829,130.813,130.829,4
2020-02-17 06:27:00,130.829,130.829,130.829,130.829,1
2020-02-17 07:01:00,130.829,130.844,130.829,130.844,2
2020-02-17 07:02:00,130.844,130.844,130.836,130.836,2
2020-02-17 07:13:00,130.829,130.829,130.829,130.829,1
2020-02-17 07:14:00,130.829,130.844,130.829,130.844,3
2020-02-17 07:15:00,130.829,130.844,130.829,130.844,3
2020-02-17 07:17:00,130.844,130.844,130.844,130.844,1
2020-02-17 07:20:00,130.829,130.829,130.829,130.829,1
2020-02-17 07:48:00,130.829,130.829,130.813,130.813,6
2020-02-17 07:49:00,130.813,130.813,130.813,130.813,1
2020-02-17 07:54:00,130.798,130.798,130.798,130.798,1
2020-02-17 07:55:00,130.782,130.798,130.782,130.782,3
2020-02-17 07:57:00,130.766,130.766,130.766,130.766,1
2020-02-17 07:58:00,130.782,130.782,130.766,130.782,7
2020-02-17 08:00:00,130.798,130.798,130.782,130.798,5
2020-02-17 08:01:00,130.782,130.798,130.782,130.782,5
2020-02-17 08:02:00,130.798,130.798,130.798,130.798,1
2020-02-17 08:03:00,130.798,130.798,130.782,130.782,2
2020-02-17 08:05:00,130.813,130.813,130.806,130.806,2
2020-02-17 08:10:00,130.813,130.813,130.798,130.798,2
2020-02-17 08:13:00,130.798,130.806,130.798,130.806,2
2020-02-17 08:17:00,130.782,130.782,130.782,130.782,1
2020-02-17 08:19:00,130.798,130.798,130.79,130.79,2
2020-02-17 08:21:00,130.813,130.813,130.813,130.813,1
2020-02-17 08:23:00,130.829,130.829,130.829,130.829,1
2020-02-17 08:27:00,130.844,130.844,130.836,130.836,2
2020-02-17 08:32:00,130.86,130.86,130.852,130.852,2
2020-02-17 08:33:00,130.86,130.86,130.844,130.844,2
2020-02-17 08:36:00,130.891,130.891,130.876,130.876,2
2020-02-17 08:37:00,130.907,130.907,130.891,130.907,16
2020-02-17 08:39:00,130.907,130.923,130.907,130.914,8
2020-02-17 08:40:00,130.891,130.891,130.891,130.891,1
2020-02-17 08:41:00,130.907,130.907,130.891,130.907,4
2020-02-17 08:42:00,130.891,130.891,130.891,130.891,1
2020-02-17 08:45:00,130.907,130.907,130.9,130.9,2
2020-02-17 08:46:00,130.891,130.9,130.891,130.9,2
2020-02-17 08:49:00,130.891,130.907,130.891,130.9,5
2020-02-17 08:50:00,130.907,130.907,130.891,130.907,3
2020-02-17 08:55:00,130.907,130.923,130.907,130.923,4
2020-02-17 08:57:00,130.907,130.923,130.907,130.914,3
2020-02-17 09:01:00,130.923,130.923,130.923,130.923,1
2020-02-17 09:02:00,130.907,130.923,130.907,130.907,7
2020-02-17 09:03:00,130.923,130.923,130.923,130.923,1
2020-02-17 09:04:00,130.907,130.923,130.907,130.907,5
2020-02-17 09:05:00,130.923,130.923,130.907,130.914,3
2020-02-17 09:06:00,130.938,130.938,130.938,130.938,1
2020-02-17 09:07:00,130.938,130.938,130.923,130.93,3
2020-02-17 09:08:00,130.938,130.938,130.923,130.923,2
2020-02-17 09:10:00,130.923,130.938,130.923,130.93,7
2020-02-17 09:11:00,130.923,130.938,130.923,130.938,4
2020-02-17 09:12:00,130.923,130.938,130.923,130.938,4
2020-02-17 09:13:00,130.923,130.938,130.923,130.938,2
2020-02-17 09:14:00,130.923,130.938,130.923,130.93,5
2020-02-17 09:17:00,130.938,130.938,130.923,130.938,3
2020-02-17 09:18:00,130.923,130.938,130.923,130.923,4
2020-02-17 09:19:00,130.923,130.938,130.923,130.938,6
2020-02-17 09:23:00,130.923,130.938,130.923,130.938,8
2020-02-17 09:25:00,130.923,130.938,130.923,130.93,5
2020-02-17 09:26:00,130.938,130.938,130.923,130.938,3
2020-02-17 09:27:00,130.938,130.938,130.923,130.923,2
2020-02-17 09:28:00,130.923,130.938,130.923,130.923,9
2020-02-17 09:29:00,130.923,130.938,130.923,130.938,2
2020-02-17 09:34:00,130.923,130.923,130.907,130.907,6
2020-02-17 09:35:00,130.907,130.907,130.907,130.907,1
2020-02-17 09:39:00,130.907,130.923,130.907,130.923,2
2020-02-17 09:41:00,130.907,130.923,130.907,130.923,2
2020-02-17 09:42:00,130.923,130.923,130.923,130.923,1
2020-02-17 09:44:00,130.923,130.938,130.923,130.938,3
2020-02-17 09:46:00,130.923,130.923,130.907,130.907,2
2020-02-17 09:48:00,130.907,130.923,130.907,130.907,3
2020-02-17 09:49:00,130.923,130.923,130.907,130.923,4
2020-02-17 09:50:00,130.907,130.907,130.907,130.907,1
2020-02-17 09:55:00,130.923,130.923,130.923,130.923,1
2020-02-17 09:59:00,130.923,130.923,130.907,130.907,4
2020-02-17 10:00:00,130.907,130.923,130.907,130.907,3
2020-02-17 10:10:00,130.923,130.923,130.907,130.923,3
2020-02-17 10:19:00,130.923,130.923,130.907,130.907,2
2020-02-17 10:22:00,130.907,130.923,130.907,130.907,3
2020-02-17 10:23:00,130.923,130.923,130.914,130.914,2
2020-02-17 10:25:00,130.923,130.923,130.907,130.907,5
2020-02-17 10:53:00,130.938,130.938,130.923,130.93,4
2020-02-17 10:55:00,130.923,130.923,130.923,130.923,1
2020-02-17 11:16:00,130.907,130.907,130.907,130.907,1
2020-02-17 11:19:00,130.923,130.923,130.907,130.923,3
2020-02-17 11:21:00,130.923,130.938,130.923,130.938,3
2020-02-17 11:22:00,130.938,130.938,130.938,130.938,1
2020-02-17 11:23:00,130.923,130.923,130.923,130.923,1
2020-02-17 11:24:00,130.923,130.938,130.923,130.938,2
2020-02-17 11:26:00,130.938,130.938,130.938,130.938,1
2020-02-17 11:37:00,130.938,130.954,130.938,130.954,2
2020-02-17 11:38:00,130.938,130.954,130.938,130.954,2
2020-02-17 11:39:00,130.938,130.954,130.938,130.954,5
2020-02-17 11:40:00,130.938,130.954,130.938,130.954,2
2020-02-17 11:49:00,130.923,130.923,130.923,130.923,1
2020-02-17 11:51:00,130.923,130.938,130.923,130.938,2
2020-02-17 12:00:00,130.923,130.923,130.907,130.915,9
2020-02-17 12:01:00,130.907,130.923,130.907,130.907,4
2020-02-17 12:02:00,130.923,130.923,130.923,130.923,1
2020-02-17 12:03:00,130.907,130.923,130.907,130.907,3
2020-02-17 12:04:00,130.907,130.923,130.907,130.923,2
2020-02-17 12:10:00,130.907,130.923,130.907,130.923,2
2020-02-17 12:14:00,130.923,130.923,130.923,130.923,1
2020-02-17 12:15:00,130.907,130.907,130.907,130.907,1
2020-02-17 12:31:00,130.923,130.923,130.916,130.916,2
2020-02-17 12:32:00,130.923,130.923,130.907,130.907,2
2020-02-17 12:36:00,130.923,130.939,130.923,130.939,8
2020-02-17 12:37:00,130.939,130.939,130.923,130.939,4
2020-02-17 12:38:00,130.939,130.939,130.923,130.923,2
2020-02-17 12:39:00,130.923,130.923,130.923,130.923,1
2020-02-17 12:58:00,130.923,130.923,130.907,130.907,4
2020-02-17 13:06:00,130.939,130.939,130.939,130.939,1
2020-02-17 13:07:00,130.939,130.939,130.923,130.923,2
2020-02-17 13:09:00,130.923,130.923,130.923,130.923,1
2020-02-17 13:11:00,130.939,130.939,130.939,130.939,1
2020-02-17 13:13:00,130.939,130.939,130.923,130.923,3
2020-02-17 13:14:00,130.923,130.939,130.923,130.923,4
2020-02-17 13:25:00,130.907,130.907,130.907,130.907,1
2020-02-17 13:26:00,130.923,130.923,130.923,130.923,1
2020-02-17 13:30:00,130.907,130.907,130.907,130.907,1
2020-02-17 13:31:00,130.907,130.923,130.907,130.923,2
2020-02-17 13:40:00,130.892,130.892,130.892,130.892,1
2020-02-17 13:41:00,130.892,130.892,130.876,130.876,4
2020-02-17 13:47:00,130.907,130.907,130.892,130.9,4
2020-02-17 13:48:00,130.907,130.907,130.892,130.892,2
2020-02-17 13:52:00,130.923,130.923,130.907,130.923,3
2020-02-17 13:53:00,130.907,130.907,130.907,130.907,1
2020-02-17 13:56:00,130.923,130.923,130.907,130.923,5
2020-02-17 14:15:00,130.923,130.939,130.923,130.939,2
2020-02-17 14:25:00,130.923,130.939,130.923,130.939,2
2020-02-17 14:26:00,130.923,130.93,130.923,130.93,2
2020-02-17 14:37:00,130.908,130.908,130.908,130.908,1
2020-02-17 14:40:00,130.923,130.923,130.923,130.923,1
2020-02-17 14:41:00,130.923,130.923,130.908,130.908,5
2020-02-17 14:54:00,130.908,130.923,130.908,130.908,5
2020-02-17 15:01:00,130.908,130.923,130.908,130.923,2
2020-02-17 15:06:00,130.923,130.923,130.923,130.923,1
2020-02-17 15:07:00,130.908,130.908,130.908,130.908,1
2020-02-17 15:08:00,130.923,130.923,130.923,130.923,1
2020-02-17 15:12:00,130.908,130.908,130.908,130.908,1
2020-02-17 15:14:00,130.923,130.923,130.916,130.916,2
2020-02-17 15:15:00,130.908,130.908,130.908,130.908,1
2020-02-17 15:18:00,130.908,130.923,130.908,130.916,3
2020-02-17 15:20:00,130.908,130.923,130.908,130.916,3
2020-02-17 15:29:00,130.923,130.923,130.908,130.923,3
2020-02-17 15:37:00,130.908,130.908,130.908,130.908,1
2020-02-17 15:50:00,130.892,130.892,130.892,130.892,1
2020-02-17 15:54:00,130.908,130.908,130.908,130.908,1
2020-02-17 15:55:00,130.892,130.892,130.892,130.892,1
2020-02-17 16:02:00,130.908,130.908,130.908,130.908,1
2020-02-17 16:03:00,130.908,130.908,130.892,130.892,2
2020-02-17 16:08:00,130.923,130.923,130.923,130.923,1
2020-02-17 16:17:00,130.923,130.923,130.908,130.908,2
2020-02-17 16:18:00,130.923,130.923,130.916,130.916,2
2020-02-17 16:20:00,130.908,130.923,130.908,130.916,4
2020-02-17 16:27:00,130.908,130.908,130.892,130.892,6
2020-02-17 16:28:00,130.892,130.908,130.892,130.892,6
2020-02-17 16:29:00,130.908,130.908,130.9,130.908,3
2020-02-17 16:30:00,130.908,130.908,130.892,130.892,2
2020-02-17 16:55:00,130.908,130.908,130.892,130.9,3
2020-02-17 17:08:00,130.908,130.908,130.892,130.9,3
2020-02-17 17:42:00,130.908,130.908,130.908,130.908,1
2020-02-17 17:43:00,130.923,130.923,130.923,130.923,1
2020-02-17 17:44:00,130.923,130.923,130.908,130.908,2
2020-02-17 17:46:00,130.908,130.908,130.908,130.908,1
2020-02-17 17:47:00,130.908,130.923,130.908,130.916,5
2020-02-17 17:59:00,130.908,130.908,130.908,130.908,1
2020-02-17 23:00:00,130.955,130.971,130.924,130.971,11
2020-02-17 23:01:00,130.955,130.955,130.939,130.939,2
2020-02-17 23:02:00,130.986,131.002,130.955,130.971,13
2020-02-17 23:03:00,131.002,131.002,130.971,130.978,24
2020-02-17 23:04:00,130.986,130.986,130.986,130.986,1
2020-02-17 23:05:00,130.971,130.971,130.971,130.971,1
2020-02-17 23:07:00,130.986,130.986,130.978,130.978,2
2020-02-17 23:08:00,131.002,131.002,130.986,131.002,6
2020-02-17 23:10:00,130.986,130.986,130.986,130.986,1
2020-02-17 23:11:00,131.002,131.002,130.994,130.994,2
2020-02-17 23:12:00,131.002,131.018,131.002,131.01,5
2020-02-17 23:13:00,131.018,131.018,131.002,131.01,6
2020-02-17 23:14:00,131.018,131.018,131.002,131.01,4
2020-02-17 23:19:00,131.018,131.018,131.002,131.002,2
2020-02-17 23:20:00,131.002,131.018,131.002,131.002,9
2020-02-17 23:21:00,131.033,131.033,131.01,131.018,4
2020-02-17 23:30:00,131.018,131.018,131.018,131.018,1
2020-02-17 23:32:00,131.002,131.018,131.002,131.002,5
2020-02-17 23:35:00,130.986,131.002,130.986,130.986,6
2020-02-17 23:36:00,131.002,131.002,131.002,131.002,1
2020-02-17 23:38:00,130.986,131.002,130.986,130.994,11
2020-02-17 23:39:00,131.002,131.002,131.002,131.002,1
2020-02-17 23:40:00,130.986,130.994,130.986,130.994,2
2020-02-17 23:49:00,131.002,131.002,130.986,130.994,4
2020-02-17 23:50:00,130.986,131.002,130.986,130.994,10
2020-02-17 23:51:00,130.986,131.002,130.986,130.994,5
2020-02-17 23:52:00,130.986,131.002,130.986,131.002,3
2020-02-17 23:55:00,131.002,131.002,131.002,131.002,1
2020-02-17 23:57:00,131.002,131.002,130.986,130.986,2
2020-02-17 23:58:00,131.002,131.002,130.986,130.986,8
2020-02-17 23:59:00,130.986,131.002,130.986,130.986,4
2020-02-18 00:00:00,131.002,131.018,131.002,131.002,5
2020-02-18 00:01:00,131.002,131.018,131.002,131.01,11
2020-02-18 00:02:00,131.018,131.018,131.018,131.018,1
2020-02-18 00:03:00,131.002,131.033,131.002,131.033,6
2020-02-18 00:05:00,131.002,131.018,131.002,131.01,9
2020-02-18 00:08:00,131.002,131.018,131.002,131.018,3
2020-02-18 00:09:00,130.986,130.994,130.986,130.994,2
2020-02-18 00:10:00,130.971,130.971,130.971,130.971,1
2020-02-18 00:14:00,130.986,130.986,130.986,130.986,1
2020-02-18 00:18:00,131.002,131.033,130.994,130.994,11
2020-02-18 00:19:00,131.018,131.018,131.002,131.018,9
2020-02-18 00:20:00,131.018,131.033,131.018,131.026,7
2020-02-18 00:21:00,131.049,131.049,131.033,131.033,10
2020-02-18 00:22:00,131.033,131.049,131.033,131.033,6
2020-02-18 00:30:00,131.049,131.049,131.033,131.049,16
2020-02-18 00:33:00,131.049,131.049,131.033,131.033,8
2020-02-18 00:38:00,131.065,131.065,131.065,131.065,1
2020-02-18 00:39:00,131.065,131.08,131.065,131.08,6
2020-02-18 00:40:00,131.065,131.08,131.065,131.08,9
2020-02-18 00:49:00,131.065,131.065,131.049,131.049,2
2020-02-18 00:50:00,131.049,131.049,131.049,131.049,1
2020-02-18 00:51:00,131.065,131.065,131.049,131.065,6
2020-02-18 00:52:00,131.049,131.065,131.049,131.049,3
2020-02-18 00:53:00,131.049,131.065,131.049,131.065,6
2020-02-18 00:54:00,131.065,131.065,131.049,131.065,3
2020-02-18 00:55:00,131.065,131.08,131.049,131.08,13
2020-02-18 00:56:00,131.065,131.08,131.065,131.08,7
2020-02-18 00:57:00,131.065,131.08,131.065,131.072,10
2020-02-18 00:58:00,131.08,131.08,131.08,131.08,1
2020-02-18 00:59:00,131.08,131.096,131.08,131.096,9
2020-02-18 01:00:00,131.08,131.096,131.08,131.096,15
2020-02-18 01:01:00,131.096,131.096,131.08,131.096,3
2020-02-18 01:02:00,131.096,131.096,131.08,131.08,2
2020-02-18 01:03:00,131.096,131.096,131.08,131.08,7
2020-02-18 01:04:00,131.111,131.111,131.096,131.111,5
2020-02-18 01:05:00,131.127,131.127,131.111,131.127,7
2020-02-18 01:06:00,131.127,131.127,131.111,131.111,9
2020-02-18 01:08:00,131.111,131.12,131.111,131.12,2
2020-02-18 01:09:00,131.127,131.127,131.127,131.127,1
2020-02-18 01:10:00,131.127,131.127,131.111,131.111,2
2020-02-18 01:15:00,131.112,131.127,131.112,131.112,3
2020-02-18 01:16:00,131.112,131.127,131.104,131.127,4
2020-02-18 01:17:00,131.112,131.112,131.096,131.096,4
2020-02-18 01:21:00,131.112,131.127,131.112,131.127,4
2020-02-18 01:25:00,131.096,131.096,131.096,131.096,1
2020-02-18 01:26:00,131.096,131.112,131.096,131.112,2
2020-02-18 01:30:00,131.08,131.08,131.08,131.08,1
2020-02-18 01:31:00,131.096,131.096,131.08,131.096,6
2020-02-18 01:32:00,131.096,131.096,131.08,131.08,3
2020-02-18 01:33:00,131.096,131.112,131.096,131.112,11
2020-02-18 01:34:00,131.112,131.112,131.096,131.112,3
2020-02-18 01:38:00,131.127,131.127,131.127,131.127,1
2020-02-18 01:39:00,131.127,131.143,131.127,131.143,2
2020-02-18 01:40:00,131.127,131.143,131.127,131.143,2
2020-02-18 01:42:00,131.143,131.143,131.143,131.143,1
2020-02-18 01:43:00,131.143,131.143,131.127,131.134,4
2020-02-18 01:44:00,131.143,131.143,131.127,131.127,3
2020-02-18 01:51:00,131.127,131.127,131.127,131.127,1
2020-02-18 01:52:00,131.127,131.143,131.127,131.143,4
2020-02-18 01:53:00,131.127,131.143,131.127,131.143,3
2020-02-18 01:55:00,131.143,131.143,131.143,131.143,1
2020-02-18 01:56:00,131.127,131.143,131.127,131.127,3
2020-02-18 02:00:00,131.174,131.174,131.136,131.136,14
2020-02-18 02:01:00,131.158,131.19,131.158,131.19,14
2020-02-18 02:02:00,131.158,131.158,131.143,131.143,2
2020-02-18 02:03:00,131.158,131.158,131.143,131.15,13
2020-02-18 02:04:00,131.158,131.158,131.143,131.143,6
2020-02-18 02:05:00,131.174,131.174,131.158,131.174,5
2020-02-18 02:06:00,131.158,131.158,131.158,131.158,1
2020-02-18 02:10:00,131.174,131.174,131.158,131.174,3
2020-02-18 02:13:00,131.174,131.19,131.174,131.19,4
2020-02-18 02:14:00,131.174,131.19,131.174,131.19,4
2020-02-18 02:15:00,131.174,131.174,131.158,131.158,2
2020-02-18 02:18:00,131.158,131.174,131.158,131.158,5
2020-02-18 02:19:00,131.158,131.174,131.158,131.174,2
2020-02-18 02:21:00,131.174,131.174,131.158,131.174,7
2020-02-18 02:23:00,131.174,131.174,131.158,131.158,6
2020-02-18 02:24:00,131.174,131.174,131.158,131.158,2
2020-02-18 02:25:00,131.158,131.174,131.158,131.158,6
2020-02-18 02:26:00,131.174,131.174,131.174,131.174,1
2020-02-18 02:33:00,131.19,131.19,131.19,131.19,1
2020-02-18 02:38:00,131.205,131.205,131.205,131.205,1
2020-02-18 02:39:00,131.205,131.205,131.19,131.19,11
2020-02-18 02:42:00,131.205,131.205,131.19,131.19,2
2020-02-18 02:43:00,131.19,131.205,131.19,131.19,10
2020-02-18 02:45:00,131.205,131.205,131.205,131.205,1
2020-02-18 02:46:00,131.205,131.205,131.19,131.19,2
2020-02-18 02:47:00,131.205,131.205,131.19,131.19,2
2020-02-18 02:50:00,131.205,131.205,131.19,131.19,2
2020-02-18 02:54:00,131.221,131.221,131.221,131.221,1
2020-02-18 02:55:00,131.221,131.237,131.221,131.237,2
2020-02-18 02:56:00,131.221,131.237,131.221,131.237,8
2020-02-18 02:57:00,131.237,131.237,131.221,131.228,15
2020-02-18 02:58:00,131.252,131.252,131.252,131.252,1
2020-02-18 02:59:00,131.237,131.237,131.237,131.237,1
2020-02-18 03:02:00,131.221,131.221,131.205,131.221,6
2020-02-18 03:03:00,131.205,131.221,131.205,131.205,6
2020-02-18 03:04:00,131.205,131.221,131.205,131.221,2
2020-02-18 03:05:00,131.205,131.205,131.205,131.205,1
2020-02-18 03:10:00,131.205,131.205,131.19,131.19,8
2020-02-18 03:13:00,131.19,131.205,131.19,131.19,3
2020-02-18 03:16:00,131.205,131.205,131.205,131.205,1
2020-02-18 03:17:00,131.205,131.205,131.19,131.19,5
2020-02-18 03:20:00,131.205,131.221,131.205,131.221,2
2020-02-18 03:25:00,131.19,131.19,131.19,131.19,1
2020-02-18 03:26:00,131.205,131.205,131.205,131.205,1
2020-02-18 03:28:00,131.205,131.205,131.19,131.19,9
2020-02-18 03:34:00,131.19,131.198,131.19,131.198,2
2020-02-18 03:35:00,131.205,131.205,131.198,131.198,2
2020-02-18 03:39:00,131.221,131.221,131.205,131.221,3
2020-02-18 03:41:00,131.221,131.221,131.205,131.205,2
2020-02-18 03:42:00,131.221,131.221,131.205,131.205,6
2020-02-18 03:45:00,131.221,131.221,131.205,131.205,2
2020-02-18 03:50:00,131.237,131.237,131.221,131.237,5
2020-02-18 03:52:00,131.237,131.237,131.221,131.221,2
2020-02-18 04:22:00,131.221,131.221,131.221,131.221,1
2020-02-18 04:24:00,131.205,131.221,131.205,131.205,7
2020-02-18 04:26:00,131.205,131.221,131.205,131.214,3
2020-02-18 04:34:00,131.205,131.205,131.19,131.19,2
2020-02-18 04:35:00,131.19,131.19,131.19,131.19,1
2020-02-18 04:41:00,131.19,131.205,131.19,131.205,2
2020-02-18 04:54:00,131.174,131.19,131.174,131.174,10
2020-02-18 04:55:00,131.19,131.19,131.19,131.19,1
2020-02-18 04:57:00,131.19,131.19,131.174,131.174,2
2020-02-18 05:01:00,131.205,131.205,131.205,131.205,1
2020-02-18 05:02:00,131.205,131.205,131.19,131.19,12
2020-02-18 05:03:00,131.19,131.205,131.19,131.19,5
2020-02-18 05:04:00,131.205,131.205,131.205,131.205,1
2020-02-18 05:11:00,131.19,131.206,131.19,131.19,4
2020-02-18 05:12:00,131.19,131.206,131.19,131.206,7
2020-02-18 05:13:00,131.206,131.206,131.206,131.206,1
2020-02-18 05:14:00,131.19,131.19,131.19,131.19,1
2020-02-18 05:16:00,131.206,131.206,131.19,131.206,3
2020-02-18 05:39:00,131.19,131.198,131.19,131.198,2
2020-02-18 05:52:00,131.19,131.206,131.19,131.206,2
2020-02-18 06:04:00,131.206,131.206,131.19,131.206,11
2020-02-18 06:05:00,131.19,131.19,131.19,131.19,1
2020-02-18 06:11:00,131.159,131.174,131.159,131.174,13
2020-02-18 06:12:00,131.174,131.174,131.159,131.166,12
2020-02-18 06:13:00,131.174,131.174,131.159,131.166,25
2020-02-18 06:14:00,131.159,131.174,131.159,131.166,5
2020-02-18 06:15:00,131.174,131.174,131.159,131.166,4
2020-02-18 06:17:00,131.174,131.174,131.159,131.159,2
2020-02-18 06:19:00,131.159,131.159,131.159,131.159,1
2020-02-18 06:26:00,131.143,131.143,131.143,131.143,1
2020-02-18 06:29:00,131.159,131.159,131.159,131.159,1
2020-02-18 06:32:00,131.174,131.174,131.174,131.174,1
2020-02-18 06:33:00,131.174,131.174,131.159,131.166,10
2020-02-18 06:38:00,131.159,131.174,131.159,131.159,3
2020-02-18 06:39:00,131.174,131.174,131.174,131.174,1
2020-02-18 06:40:00,131.174,131.174,131.159,131.159,2
2020-02-18 06:42:00,131.159,131.174,131.159,131.159,3
2020-02-18 06:43:00,131.143,131.143,131.143,131.143,1
2020-02-18 06:45:00,131.159,131.159,131.143,131.152,9
2020-02-18 06:46:00,131.143,131.143,131.143,131.143,1
2020-02-18 06:47:00,131.159,131.159,131.143,131.159,6
2020-02-18 06:53:00,131.174,131.174,131.174,131.174,1
2020-02-18 06:57:00,131.19,131.19,131.19,131.19,1
2020-02-18 06:59:00,131.174,131.182,131.174,131.182,2
2020-02-18 07:00:00,131.19,131.19,131.174,131.19,8
2020-02-18 07:01:00,131.19,131.19,131.174,131.174,4
2020-02-18 07:02:00,131.206,131.206,131.19,131.198,19
2020-02-18 07:04:00,131.206,131.206,131.19,131.198,9
2020-02-18 07:05:00,131.206,131.206,131.19,131.19,2
2020-02-18 07:06:00,131.206,131.206,131.19,131.19,5
2020-02-18 07:07:00,131.19,131.19,131.19,131.19,1
2020-02-18 07:08:00,131.19,131.206,131.19,131.206,4
2020-02-18 07:09:00,131.206,131.206,131.19,131.206,3
2020-02-18 07:10:00,131.206,131.206,131.19,131.19,12
2020-02-18 07:11:00,131.19,131.206,131.19,131.19,3
2020-02-18 07:12:00,131.19,131.206,131.19,131.198,9
2020-02-18 07:13:00,131.206,131.206,131.19,131.206,4
2020-02-18 07:14:00,131.221,131.237,131.206,131.221,11
2020-02-18 07:15:00,131.253,131.253,131.237,131.237,11
2020-02-18 07:16:00,131.253,131.253,131.237,131.237,13
2020-02-18 07:17:00,131.237,131.237,131.237,131.237,1
2020-02-18 07:18:00,131.206,131.23,131.206,131.23,5
2020-02-18 07:19:00,131.206,131.221,131.206,131.221,10
2020-02-18 07:20:00,131.221,131.221,131.19,131.198,8
2020-02-18 07:21:00,131.221,131.221,131.206,131.206,9
2020-02-18 07:22:00,131.221,131.237,131.221,131.237,6
2020-02-18 07:23:00,131.206,131.221,131.206,131.206,8
2020-02-18 07:24:00,131.206,131.206,131.19,131.19,6
2020-02-18 07:25:00,131.19,131.206,131.19,131.19,3
2020-02-18 07:26:00,131.206,131.206,131.206,131.206,1
2020-02-18 07:27:00,131.221,131.221,131.221,131.221,1
2020-02-18 07:28:00,131.221,131.221,131.206,131.206,2
2020-02-18 07:30:00,131.206,131.221,131.206,131.206,9
2020-02-18 07:31:00,131.237,131.237,131.221,131.221,2
2020-02-18 07:32:00,131.237,131.253,131.237,131.253,15
2020-02-18 07:33:00,131.237,131.253,131.237,131.253,16
2020-02-18 07:34:00,131.253,131.253,131.253,131.253,1
2020-02-18 07:35:00,131.268,131.268,131.253,131.268,5
2020-02-18 07:36:00,131.268,131.268,131.253,131.26,4
2020-02-18 07:38:00,131.253,131.268,131.253,131.26,21
2020-02-18 07:39:00,131.268,131.268,131.253,131.268,9
2020-02-18 07:40:00,131.284,131.284,131.268,131.284,7
2020-02-18 07:41:00,131.268,131.284,131.268,131.268,3
2020-02-18 07:42:00,131.268,131.284,131.268,131.276,3
2020-02-18 07:43:00,131.284,131.284,131.268,131.284,6
2020-02-18 07:44:00,131.268,131.284,131.268,131.276,14
2020-02-18 07:45:00,131.284,131.284,131.268,131.284,17
2020-02-18 07:47:00,131.268,131.299,131.268,131.299,7
2020-02-18 07:48:00,131.284,131.284,131.268,131.284,9
2020-02-18 07:49:00,131.284,131.284,131.268,131.276,3
2020-02-18 07:50:00,131.284,131.284,131.268,131.268,2
2020-02-18 07:51:00,131.299,131.299,131.299,131.299,1
2020-02-18 07:52:00,131.299,131.315,131.299,131.315,8
2020-02-18 07:53:00,131.299,131.315,131.299,131.315,3
2020-02-18 07:54:00,131.3,131.315,131.3,131.315,5
2020-02-18 07:55:00,131.3,131.315,131.3,131.315,8
2020-02-18 07:56:00,131.284,131.3,131.284,131.284,3
2020-02-18 07:58:00,131.284,131.284,131.268,131.268,2
2020-02-18 08:00:00,131.268,131.284,131.253,131.268,27
2020-02-18 08:01:00,131.268,131.268,131.253,131.253,24
2020-02-18 08:02:00,131.253,131.268,131.253,131.253,5
2020-02-18 08:04:00,131.237,131.244,131.221,131.244,8
2020-02-18 08:05:00,131.237,131.237,131.221,131.221,2
2020-02-18 08:06:00,131.221,131.237,131.221,131.23,4
2020-02-18 08:07:00,131.206,131.221,131.19,131.206,6
2020-02-18 08:08:00,131.206,131.221,131.206,131.221,2
2020-02-18 08:10:00,131.206,131.221,131.19,131.221,7
2020-02-18 08:11:00,131.19,131.206,131.175,131.19,18
2020-02-18 08:12:00,131.19,131.19,131.175,131.175,20
2020-02-18 08:13:00,131.206,131.206,131.19,131.198,18
2020-02-18 08:14:00,131.175,131.206,131.175,131.198,21
2020-02-18 08:15:00,131.175,131.175,131.159,131.159,4
2020-02-18 08:16:00,131.206,131.206,131.19,131.19,2
2020-02-18 08:17:00,131.221,131.221,131.206,131.221,7
2020-02-18 08:18:00,131.206,131.221,131.206,131.206,6
2020-02-18 08:19:00,131.221,131.221,131.221,131.221,1
2020-02-18 08:20:00,131.253,131.253,131.221,131.237,6
2020-02-18 08:21:00,131.253,131.253,131.237,131.237,2
2020-02-18 08:22:00,131.253,131.268,131.253,131.268,2
2020-02-18 08:23:00,131.237,131.253,131.237,131.237,4
2020-02-18 08:24:00,131.253,131.268,131.253,131.253,8
2020-02-18 08:25:00,131.268,131.268,131.253,131.268,6
2020-02-18 08:26:00,131.253,131.268,131.253,131.253,3
2020-02-18 08:28:00,131.268,131.268,131.253,131.268,5
2020-02-18 08:29:00,131.284,131.284,131.276,131.284,3
2020-02-18 08:30:00,131.268,131.284,131.268,131.268,18
2020-02-18 08:31:00,131.237,131.284,131.237,131.284,9
2020-02-18 08:32:00,131.253,131.253,131.237,131.253,10
2020-02-18 08:33:00,131.284,131.284,131.237,131.244,20
2020-02-18 08:34:00,131.268,131.284,131.253,131.276,9
2020-02-18 08:35:00,131.253,131.268,131.253,131.253,6
2020-02-18 08:36:00,131.268,131.268,131.253,131.268,3
2020-02-18 08:39:00,131.253,131.253,131.253,131.253,1
2020-02-18 08:40:00,131.268,131.268,131.268,131.268,1
2020-02-18 08:41:00,131.253,131.268,131.253,131.253,10
2020-02-18 08:45:00,131.237,131.237,131.237,131.237,1
2020-02-18 08:47:00,131.268,131.268,131.253,131.253,6
2020-02-18 08:48:00,131.268,131.268,131.253,131.253,11
2020-02-18 08:49:00,131.253,131.268,131.253,131.26,12
2020-02-18 08:52:00,131.237,131.253,131.237,131.237,3
2020-02-18 08:53:00,131.237,131.253,131.237,131.253,5
2020-02-18 08:54:00,131.206,131.237,131.206,131.221,10
2020-02-18 08:55:00,131.206,131.221,131.206,131.221,10
2020-02-18 08:56:00,131.221,131.221,131.206,131.221,3
2020-02-18 08:57:00,131.221,131.237,131.221,131.237,2
2020-02-18 08:59:00,131.221,131.237,131.221,131.237,4
2020-02-18 09:00:00,131.237,131.253,131.221,131.237,19
2020-02-18 09:01:00,131.253,131.253,131.237,131.253,10
2020-02-18 09:02:00,131.268,131.268,131.268,131.268,1
2020-02-18 09:03:00,131.284,131.284,131.268,131.284,6
2020-02-18 09:04:00,131.253,131.284,131.253,131.268,12
2020-02-18 09:05:00,131.253,131.268,131.253,131.268,2
2020-02-18 09:11:00,131.284,131.284,131.253,131.268,4
2020-02-18 09:12:00,131.284,131.3,131.284,131.3,9
2020-02-18 09:13:00,131.284,131.3,131.284,131.3,3
2020-02-18 09:14:00,131.3,131.3,131.284,131.3,23
2020-02-18 09:15:00,131.3,131.3,131.284,131.284,4
2020-02-18 09:16:00,131.284,131.3,131.284,131.292,12
2020-02-18 09:17:00,131.284,131.3,131.284,131.3,2
2020-02-18 09:19:00,131.284,131.284,131.268,131.268,2
2020-02-18 09:20:00,131.284,131.284,131.268,131.268,2
2020-02-18 09:22:00,131.3,131.3,131.284,131.3,13
2020-02-18 09:23:00,131.3,131.3,131.284,131.284,2
2020-02-18 09:24:00,131.3,131.3,131.284,131.284,7
2020-02-18 09:25:00,131.284,131.292,131.284,131.292,2
2020-02-18 09:26:00,131.268,131.284,131.268,131.268,3
2020-02-18 09:29:00,131.268,131.268,131.253,131.253,5
2020-02-18 09:31:00,131.253,131.253,131.253,131.253,1
2020-02-18 09:36:00,131.253,131.268,131.253,131.268,7
2020-02-18 09:37:00,131.268,131.268,131.253,131.268,5
2020-02-18 09:39:00,131.253,131.268,131.253,131.253,3
2020-02-18 09:43:00,131.253,131.253,131.237,131.244,3
2020-02-18 09:44:00,131.253,131.253,131.237,131.237,3
2020-02-18 09:46:00,131.253,131.253,131.237,131.237,2
2020-02-18 09:47:00,131.253,131.268,131.253,131.268,2
2020-02-18 09:48:00,131.253,131.268,131.253,131.268,2
2020-02-18 09:49:00,131.253,131.268,131.253,131.268,2
2020-02-18 09:52:00,131.268,131.268,131.253,131.268,14
2020-02-18 09:53:00,131.268,131.268,131.253,131.253,6
2020-02-18 09:57:00,131.253,131.268,131.253,131.253,3
2020-02-18 09:58:00,131.268,131.268,131.268,131.268,1
2020-02-18 10:00:00,131.284,131.3,131.268,131.284,8
2020-02-18 10:01:00,131.284,131.3,131.284,131.3,7
2020-02-18 10:02:00,131.284,131.3,131.284,131.3,8
2020-02-18 10:03:00,131.315,131.315,131.284,131.3,6
2020-02-18 10:04:00,131.3,131.308,131.3,131.308,2
2020-02-18 10:07:00,131.284,131.284,131.284,131.284,1
2020-02-18 10:08:00,131.284,131.284,131.268,131.268,4
2020-02-18 10:09:00,131.268,131.276,131.268,131.276,2
2020-02-18 10:10:00,131.253,131.253,131.253,131.253,1
2020-02-18 10:11:00,131.268,131.268,131.268,131.268,1
2020-02-18 10:14:00,131.284,131.284,131.268,131.276,3
2020-02-18 10:15:00,131.284,131.284,131.268,131.268,11
2020-02-18 10:16:00,131.253,131.284,131.237,131.268,10
2020-02-18 10:17:00,131.237,131.253,131.237,131.237,9
2020-02-18 10:18:00,131.253,131.253,131.237,131.253,3
2020-02-18 10:19:00,131.253,131.253,131.237,131.237,9
2020-02-18 10:20:00,131.253,131.253,131.237,131.237,5
2020-02-18 10:22:00,131.253,131.268,131.253,131.268,13
2020-02-18 10:23:00,131.268,131.268,131.253,131.268,3
2020-02-18 10:25:00,131.268,131.268,131.253,131.253,2
2020-02-18 10:26:00,131.268,131.284,131.268,131.284,2
2020-02-18 10:28:00,131.268,131.284,131.268,131.284,3
2020-02-18 10:29:00,131.284,131.284,131.284,131.284,1
2020-02-18 10:31:00,131.284,131.284,131.269,131.269,2
2020-02-18 10:32:00,131.284,131.284,131.269,131.276,3
2020-02-18 10:33:00,131.237,131.284,131.206,131.269,24
2020-02-18 10:34:00,131.269,131.269,131.206,131.222,35
2020-02-18 10:35:00,131.253,131.269,131.253,131.253,7
2020-02-18 10:36:00,131.222,131.269,131.222,131.269,18
2020-02-18 10:37:00,131.237,131.237,131.222,131.237,12
2020-02-18 10:38:00,131.237,131.253,131.237,131.246,3
2020-02-18 10:39:00,131.237,131.253,131.237,131.246,7
2020-02-18 10:40:00,131.269,131.269,131.237,131.253,21
2020-02-18 10:41:00,131.253,131.253,131.253,131.253,1
2020-02-18 10:42:00,131.237,131.253,131.237,131.237,11
2020-02-18 10:43:00,131.222,131.237,131.222,131.222,5
2020-02-18 10:45:00,131.237,131.237,131.222,131.237,5
2020-02-18 10:46:00,131.237,131.237,131.222,131.222,5
2020-02-18 10:49:00,131.253,131.253,131.237,131.253,5
2020-02-18 10:50:00,131.237,131.253,131.237,131.237,7
2020-02-18 10:51:00,131.237,131.237,131.222,131.23,6
2020-02-18 10:52:00,131.222,131.222,131.222,131.222,1
2020-02-18 10:53:00,131.222,131.237,131.222,131.237,6
2020-02-18 10:54:00,131.237,131.237,131.222,131.237,3
2020-02-18 10:55:00,131.222,131.237,131.206,131.23,7
2020-02-18 10:56:00,131.206,131.222,131.206,131.206,18
2020-02-18 10:57:00,131.237,131.237,131.206,131.214,12
2020-02-18 10:58:00,131.237,131.237,131.222,131.222,6
2020-02-18 10:59:00,131.253,131.253,131.253,131.253,1
2020-02-18 11:00:00,131.253,131.253,131.237,131.246,11
2020-02-18 11:01:00,131.253,131.253,131.237,131.237,7
2020-02-18 11:02:00,131.253,131.253,131.237,131.237,6
2020-02-18 11:03:00,131.269,131.269,131.253,131.269,3
2020-02-18 11:04:00,131.253,131.253,131.253,131.253,1
2020-02-18 11:07:00,131.269,131.269,131.237,131.246,4
2020-02-18 11:08:00,131.253,131.269,131.253,131.253,19
2020-02-18 11:09:00,131.269,131.269,131.253,131.26,6
2020-02-18 11:10:00,131.269,131.269,131.26,131.26,2
2020-02-18 11:11:00,131.269,131.269,131.253,131.253,9
2020-02-18 11:12:00,131.253,131.253,131.253,131.253,1
2020-02-18 11:13:00,131.269,131.269,131.269,131.269,1
2020-02-18 11:17:00,131.269,131.284,131.269,131.284,7
2020-02-18 11:18:00,131.269,131.269,131.253,131.253,2
2020-02-18 11:19:00,131.253,131.269,131.253,131.26,6
2020-02-18 11:20:00,131.269,131.269,131.253,131.269,12
2020-02-18 11:21:00,131.269,131.269,131.253,131.253,6
2020-02-18 11:22:00,131.269,131.269,131.253,131.253,6
2020-02-18 11:24:00,131.269,131.269,131.253,131.253,7
2020-02-18 11:25:00,131.269,131.269,131.253,131.253,2
2020-02-18 11:27:00,131.253,131.269,131.253,131.253,13
2020-02-18 11:32:00,131.269,131.269,131.269,131.269,1
2020-02-18 11:33:00,131.269,131.269,131.253,131.26,9
2020-02-18 11:34:00,131.269,131.269,131.253,131.253,9
2020-02-18 11:35:00,131.284,131.284,131.284,131.284,1
2020-02-18 11:36:00,131.269,131.284,131.269,131.269,6
2020-02-18 11:44:00,131.284,131.284,131.284,131.284,1
2020-02-18 11:45:00,131.269,131.284,131.269,131.269,9
2020-02-18 11:46:00,131.284,131.284,131.284,131.284,1
2020-02-18 11:47:00,131.284,131.284,131.269,131.269,4
2020-02-18 11:48:00,131.284,131.284,131.269,131.276,3
2020-02-18 11:49:00,131.284,131.284,131.269,131.269,2
2020-02-18 11:50:00,131.284,131.284,131.269,131.269,4
2020-02-18 11:53:00,131.284,131.3,131.284,131.3,6
2020-02-18 11:55:00,131.284,131.284,131.269,131.269,2
2020-02-18 11:58:00,131.3,131.3,131.3,131.3,1
2020-02-18 11:59:00,131.284,131.284,131.284,131.284,1
2020-02-18 12:01:00,131.284,131.284,131.269,131.269,7
2020-02-18 12:03:00,131.269,131.269,131.269,131.269,1
2020-02-18 12:04:00,131.253,131.26,131.253,131.26,2
2020-02-18 12:07:00,131.269,131.269,131.269,131.269,1
2020-02-18 12:09:00,131.253,131.269,131.253,131.253,17
2020-02-18 12:15:00,131.253,131.269,131.253,131.269,12
2020-02-18 12:16:00,131.269,131.269,131.253,131.26,4
2020-02-18 12:17:00,131.269,131.269,131.253,131.253,4
2020-02-18 12:18:00,131.284,131.284,131.284,131.284,1
2020-02-18 12:19:00,131.284,131.3,131.284,131.3,18
2020-02-18 12:20:00,131.284,131.3,131.284,131.3,2
2020-02-18 12:22:00,131.284,131.3,131.284,131.292,6
2020-02-18 12:25:00,131.284,131.284,131.269,131.269,15
2020-02-18 12:26:00,131.284,131.284,131.269,131.269,14
2020-02-18 12:27:00,131.269,131.269,131.253,131.269,11
2020-02-18 12:30:00,131.284,131.284,131.269,131.276,6
2020-02-18 12:31:00,131.269,131.276,131.269,131.276,2
2020-02-18 12:32:00,131.253,131.253,131.253,131.253,1
2020-02-18 12:33:00,131.253,131.253,131.237,131.237,10
2020-02-18 12:34:00,131.253,131.269,131.253,131.269,7
2020-02-18 12:35:00,131.253,131.269,131.253,131.26,16
2020-02-18 12:37:00,131.269,131.269,131.269,131.269,1
2020-02-18 12:38:00,131.253,131.269,131.253,131.253,13
2020-02-18 12:42:00,131.237,131.253,131.237,131.237,4
2020-02-18 12:43:00,131.237,131.253,131.222,131.253,4
2020-02-18 12:44:00,131.237,131.237,131.222,131.222,2
2020-02-18 12:45:00,131.237,131.253,131.237,131.253,17
2020-02-18 12:46:00,131.237,131.253,131.222,131.253,9
2020-02-18 12:49:00,131.253,131.253,131.237,131.253,4
2020-02-18 12:51:00,131.237,131.237,131.237,131.237,1
2020-02-18 12:55:00,131.253,131.253,131.253,131.253,1
2020-02-18 12:57:00,131.237,131.253,131.237,131.237,7
2020-02-18 12:59:00,131.237,131.237,131.222,131.222,6
2020-02-18 13:04:00,131.269,131.284,131.253,131.253,6
2020-02-18 13:05:00,131.269,131.284,131.269,131.284,27
2020-02-18 13:06:00,131.269,131.284,131.269,131.284,9
2020-02-18 13:09:00,131.284,131.284,131.276,131.276,2
2020-02-18 13:10:00,131.269,131.269,131.269,131.269,1
2020-02-18 13:11:00,131.253,131.269,131.253,131.253,6
2020-02-18 13:13:00,131.269,131.269,131.253,131.269,17
2020-02-18 13:14:00,131.253,131.269,131.253,131.253,3
2020-02-18 13:17:00,131.238,131.238,131.238,131.238,1
2020-02-18 13:19:00,131.269,131.269,131.253,131.253,3
2020-02-18 13:20:00,131.238,131.253,131.222,131.253,6
2020-02-18 13:21:00,131.222,131.253,131.222,131.253,7
2020-02-18 13:22:00,131.222,131.238,131.222,131.238,2
2020-02-18 13:24:00,131.238,131.238,131.238,131.238,1
2020-02-18 13:25:00,131.253,131.269,131.246,131.246,8
2020-02-18 13:26:00,131.253,131.269,131.253,131.269,4
2020-02-18 13:27:00,131.253,131.269,131.253,131.269,8
2020-02-18 13:29:00,131.253,131.269,131.206,131.269,19
2020-02-18 13:30:00,131.238,131.246,131.206,131.246,22
2020-02-18 13:31:00,131.269,131.269,131.253,131.253,39
2020-02-18 13:32:00,131.253,131.253,131.253,131.253,1
2020-02-18 13:33:00,131.253,131.253,131.238,131.238,6
2020-02-18 13:34:00,131.253,131.269,131.238,131.269,10
2020-02-18 13:35:00,131.253,131.269,131.238,131.26,19
2020-02-18 13:36:00,131.253,131.253,131.238,131.238,2
2020-02-18 13:37:00,131.238,131.253,131.238,131.238,7
2020-02-18 13:38:00,131.238,131.246,131.238,131.246,2
2020-02-18 13:39:00,131.222,131.222,131.222,131.222,1
2020-02-18 13:40:00,131.222,131.238,131.222,131.238,2
2020-02-18 13:41:00,131.222,131.238,131.222,131.238,8
2020-02-18 13:42:00,131.238,131.238,131.222,131.23,9
2020-02-18 13:44:00,131.222,131.238,131.222,131.222,4
2020-02-18 13:45:00,131.238,131.238,131.222,131.238,3
2020-02-18 13:47:00,131.222,131.23,131.206,131.23,4
2020-02-18 13:48:00,131.206,131.238,131.206,131.238,7
2020-02-18 13:49:00,131.191,131.191,131.175,131.191,14
2020-02-18 13:50:00,131.206,131.206,131.175,131.182,16
2020-02-18 13:51:00,131.191,131.198,131.191,131.198,2
2020-02-18 13:52:00,131.175,131.206,131.175,131.206,6
2020-02-18 13:53:00,131.191,131.191,131.175,131.191,8
2020-02-18 13:55:00,131.191,131.206,131.191,131.206,18
2020-02-18 13:56:00,131.191,131.206,131.191,131.206,8
2020-02-18 14:00:00,131.175,131.191,131.175,131.182,7
2020-02-18 14:02:00,131.16,131.16,131.144,131.16,3
2020-02-18 14:03:00,131.144,131.16,131.144,131.144,12
2020-02-18 14:06:00,131.128,131.144,131.113,131.128,11
2020-02-18 14:08:00,131.128,131.144,131.128,131.144,4
2020-02-18 14:09:00,131.113,131.113,131.113,131.113,1
2020-02-18 14:10:00,131.128,131.128,131.113,131.128,29
2020-02-18 14:11:00,131.144,131.144,131.144,131.144,1
2020-02-18 14:13:00,131.144,131.16,131.144,131.16,18
2020-02-18 14:20:00,131.144,131.144,131.128,131.136,3
2020-02-18 14:21:00,131.113,131.128,131.113,131.128,3
2020-02-18 14:22:00,131.097,131.113,131.097,131.097,22
2020-02-18 14:23:00,131.113,131.113,131.113,131.113,1
2020-02-18 14:24:00,131.097,131.113,131.097,131.097,17
2020-02-18 14:25:00,131.113,131.113,131.097,131.104,14
2020-02-18 14:28:00,131.128,131.128,131.113,131.128,20
2020-02-18 14:29:00,131.128,131.128,131.113,131.113,5
2020-02-18 14:30:00,131.128,131.144,131.113,131.113,13
2020-02-18 14:31:00,131.081,131.128,131.081,131.12,19
2020-02-18 14:32:00,131.097,131.097,131.081,131.09,9
2020-02-18 14:33:00,131.081,131.097,131.081,131.09,13
2020-02-18 14:34:00,131.066,131.081,131.066,131.066,13
2020-02-18 14:35:00,131.081,131.081,131.066,131.081,12
2020-02-18 14:36:00,131.081,131.097,131.066,131.066,8
2020-02-18 14:37:00,131.097,131.097,131.081,131.09,4
2020-02-18 14:38:00,131.097,131.097,131.066,131.081,14
2020-02-18 14:39:00,131.081,131.097,131.081,131.09,7
2020-02-18 14:40:00,131.05,131.081,131.035,131.066,41
2020-02-18 14:41:00,131.035,131.05,131.035,131.035,17
2020-02-18 14:42:00,131.003,131.035,131.003,131.019,18
2020-02-18 14:43:00,131.035,131.035,131.019,131.019,2
2020-02-18 14:44:00,131.035,131.035,131.019,131.019,5
2020-02-18 14:45:00,131.019,131.019,131.003,131.019,3
2020-02-18 14:46:00,131.035,131.05,131.019,131.035,5
2020-02-18 14:49:00,131.05,131.05,131.035,131.05,5
2020-02-18 14:50:00,131.066,131.066,131.05,131.066,3
2020-02-18 14:51:00,131.081,131.081,131.066,131.081,9
2020-02-18 14:52:00,131.097,131.097,131.066,131.066,9
2020-02-18 14:53:00,131.097,131.113,131.097,131.113,7
2020-02-18 14:54:00,131.097,131.113,131.097,131.113,4
2020-02-18 14:55:00,131.097,131.113,131.081,131.081,13
2020-02-18 14:56:00,131.113,131.113,131.097,131.113,9
2020-02-18 14:57:00,131.097,131.113,131.097,131.097,6
2020-02-18 14:59:00,131.097,131.097,131.081,131.081,2
2020-02-18 15:00:00,131.097,131.097,131.081,131.09,3
2020-02-18 15:01:00,131.113,131.113,131.097,131.113,3
2020-02-18 15:02:00,131.113,131.128,131.113,131.128,2
2020-02-18 15:03:00,131.113,131.128,131.097,131.104,8
2020-02-18 15:04:00,131.128,131.128,131.113,131.12,8
2020-02-18 15:05:00,131.128,131.128,131.113,131.113,2
2020-02-18 15:07:00,131.113,131.128,131.113,131.113,3
2020-02-18 15:09:00,131.113,131.113,131.097,131.104,14
2020-02-18 15:10:00,131.113,131.113,131.097,131.097,6
2020-02-18 15:12:00,131.113,131.113,131.097,131.097,4
2020-02-18 15:13:00,131.113,131.113,131.097,131.097,2
2020-02-18 15:14:00,131.113,131.113,131.097,131.097,4
2020-02-18 15:15:00,131.128,131.128,131.128,131.128,1
2020-02-18 15:16:00,131.144,131.144,131.128,131.144,22
2020-02-18 15:17:00,131.128,131.144,131.128,131.128,12
2020-02-18 15:18:00,131.144,131.144,131.128,131.136,14
2020-02-18 15:20:00,131.16,131.16,131.16,131.16,1
2020-02-18 15:21:00,131.16,131.175,131.16,131.175,2
2020-02-18 15:22:00,131.16,131.175,131.16,131.175,5
2020-02-18 15:25:00,131.175,131.175,131.16,131.175,10
2020-02-18 15:27:00,131.175,131.191,131.175,131.191,2
2020-02-18 15:28:00,131.191,131.191,131.191,131.191,1
2020-02-18 15:29:00,131.238,131.253,131.206,131.206,11
2020-02-18 15:30:00,131.222,131.238,131.222,131.222,7
2020-02-18 15:31:00,131.222,131.238,131.222,131.238,3
2020-02-18 15:32:00,131.222,131.238,131.222,131.238,6
2020-02-18 15:33:00,131.222,131.222,131.206,131.206,10
2020-02-18 15:35:00,131.238,131.253,131.23,131.23,5
2020-02-18 15:36:00,131.238,131.253,131.238,131.246,3
2020-02-18 15:37:00,131.238,131.253,131.238,131.246,3
2020-02-18 15:38:00,131.238,131.253,131.238,131.253,6
2020-02-18 15:39:00,131.238,131.253,131.238,131.253,2
2020-02-18 15:40:00,131.238,131.253,131.238,131.253,18
2020-02-18 15:41:00,131.253,131.253,131.253,131.253,1
2020-02-18 15:42:00,131.269,131.269,131.269,131.269,1
2020-02-18 15:43:00,131.253,131.253,131.253,131.253,1
2020-02-18 15:44:00,131.238,131.238,131.238,131.238,1
2020-02-18 15:45:00,131.222,131.222,131.222,131.222,1
2020-02-18 15:46:00,131.222,131.222,131.206,131.206,22
2020-02-18 15:47:00,131.222,131.238,131.222,131.23,7
2020-02-18 15:48:00,131.206,131.222,131.206,131.206,4
2020-02-18 15:49:00,131.222,131.222,131.206,131.214,18
2020-02-18 15:50:00,131.238,131.238,131.206,131.206,7
2020-02-18 15:51:00,131.222,131.238,131.222,131.222,11
2020-02-18 15:52:00,131.222,131.23,131.222,131.23,2
2020-02-18 15:55:00,131.238,131.238,131.23,131.23,2
2020-02-18 15:56:00,131.206,131.238,131.206,131.222,4
2020-02-18 15:57:00,131.206,131.222,131.191,131.191,15
2020-02-18 15:58:00,131.222,131.238,131.222,131.222,5
2020-02-18 16:00:00,131.238,131.238,131.222,131.238,3
2020-02-18 16:01:00,131.238,131.238,131.222,131.222,2
2020-02-18 16:02:00,131.222,131.238,131.222,131.222,11
2020-02-18 16:05:00,131.222,131.238,131.222,131.238,2
2020-02-18 16:06:00,131.238,131.238,131.238,131.238,1
2020-02-18 16:07:00,131.238,131.238,131.222,131.222,6
2020-02-18 16:08:00,131.238,131.253,131.238,131.253,6
2020-02-18 16:09:00,131.238,131.253,131.238,131.253,2
2020-02-18 16:10:00,131.222,131.222,131.222,131.222,1
2020-02-18 16:11:00,131.238,131.238,131.222,131.238,5
2020-02-18 16:13:00,131.222,131.238,131.222,131.222,6
2020-02-18 16:14:00,131.238,131.238,131.222,131.238,3
2020-02-18 16:15:00,131.269,131.269,131.246,131.246,3
2020-02-18 16:17:00,131.253,131.269,131.253,131.253,3
2020-02-18 16:18:00,131.269,131.269,131.269,131.269,1
2020-02-18 16:19:00,131.285,131.3,131.285,131.285,17
2020-02-18 16:20:00,131.285,131.3,131.285,131.3,9
2020-02-18 16:21:00,131.269,131.276,131.253,131.276,7
2020-02-18 16:22:00,131.285,131.285,131.269,131.285,5
2020-02-18 16:23:00,131.285,131.285,131.269,131.269,17
2020-02-18 16:24:00,131.285,131.285,131.269,131.269,3
2020-02-18 16:25:00,131.285,131.3,131.285,131.292,5
2020-02-18 16:26:00,131.285,131.285,131.269,131.269,19
2020-02-18 16:29:00,131.269,131.285,131.269,131.269,7
2020-02-18 16:30:00,131.269,131.285,131.269,131.285,2
2020-02-18 16:34:00,131.253,131.262,131.253,131.262,2
2020-02-18 16:35:00,131.253,131.253,131.238,131.238,15
2020-02-18 16:36:00,131.253,131.253,131.238,131.238,4
2020-02-18 16:37:00,131.269,131.269,131.253,131.262,17
2020-02-18 16:39:00,131.269,131.285,131.269,131.285,4
2020-02-18 16:40:00,131.285,131.285,131.285,131.285,1
2020-02-18 16:41:00,131.285,131.285,131.269,131.269,5
2020-02-18 16:42:00,131.285,131.285,131.269,131.276,5
2020-02-18 16:43:00,131.269,131.269,131.269,131.269,1
2020-02-18 16:45:00,131.269,131.269,131.253,131.253,8
2020-02-18 16:46:00,131.253,131.269,131.253,131.253,6
2020-02-18 16:47:00,131.269,131.269,131.269,131.269,1
2020-02-18 16:48:00,131.269,131.269,131.253,131.262,3
2020-02-18 16:50:00,131.253,131.269,131.253,131.253,7
2020-02-18 16:51:00,131.238,131.238,131.238,131.238,1
2020-02-18 16:53:00,131.253,131.253,131.253,131.253,1
2020-02-18 16:55:00,131.269,131.285,131.269,131.269,6
2020-02-18 17:00:00,131.253,131.253,131.253,131.253,1
2020-02-18 17:02:00,131.238,131.253,131.238,131.238,4
2020-02-18 17:04:00,131.238,131.253,131.238,131.253,6
2020-02-18 17:08:00,131.253,131.253,131.253,131.253,1
2020-02-18 17:09:00,131.238,131.238,131.238,131.238,1
2020-02-18 17:10:00,131.222,131.238,131.222,131.23,4
2020-02-18 17:11:00,131.207,131.222,131.207,131.207,3
2020-02-18 17:12:00,131.222,131.222,131.207,131.214,4
2020-02-18 17:23:00,131.238,131.238,131.222,131.238,9
2020-02-18 17:24:00,131.222,131.222,131.222,131.222,1
2020-02-18 17:29:00,131.222,131.238,131.222,131.238,4
2020-02-18 17:31:00,131.207,131.222,131.207,131.214,7
2020-02-18 17:32:00,131.222,131.222,131.207,131.214,14
2020-02-18 17:33:00,131.207,131.222,131.207,131.207,10
2020-02-18 17:35:00,131.207,131.207,131.191,131.191,7
2020-02-18 17:39:00,131.207,131.207,131.191,131.191,2
2020-02-18 17:40:00,131.191,131.198,131.191,131.198,2
2020-02-18 17:44:00,131.191,131.207,131.191,131.207,10
2020-02-18 17:47:00,131.207,131.207,131.207,131.207,1
2020-02-18 17:53:00,131.191,131.191,131.191,131.191,1
2020-02-18 17:54:00,131.207,131.207,131.191,131.198,12
2020-02-18 17:55:00,131.191,131.191,131.191,131.191,1
2020-02-18 18:00:00,131.175,131.191,131.175,131.175,5
2020-02-18 18:01:00,131.175,131.175,131.16,131.16,2
2020-02-18 18:02:00,131.175,131.175,131.16,131.16,4
2020-02-18 18:03:00,131.175,131.175,131.16,131.16,2
2020-02-18 18:04:00,131.175,131.175,131.16,131.16,9
2020-02-18 18:05:00,131.175,131.175,131.16,131.16,6
2020-02-18 18:06:00,131.16,131.175,131.16,131.16,4
2020-02-18 18:07:00,131.16,131.175,131.16,131.175,2
2020-02-18 18:09:00,131.16,131.175,131.16,131.168,3
2020-02-18 18:14:00,131.175,131.175,131.175,131.175,1
2020-02-18 18:16:00,131.191,131.191,131.191,131.191,1
2020-02-18 18:17:00,131.175,131.191,131.175,131.175,3
2020-02-18 18:19:00,131.176,131.191,131.176,131.191,6
2020-02-18 18:20:00,131.191,131.191,131.176,131.191,6
2020-02-18 18:21:00,131.176,131.184,131.176,131.184,2
2020-02-18 18:22:00,131.191,131.191,131.191,131.191,1
2020-02-18 18:23:00,131.176,131.176,131.176,131.176,1
2020-02-18 18:24:00,131.191,131.191,131.176,131.191,3
2020-02-18 18:27:00,131.191,131.191,131.176,131.176,14
2020-02-18 18:29:00,131.191,131.191,131.176,131.176,3
2020-02-18 18:36:00,131.207,131.207,131.198,131.207,3
2020-02-18 18:43:00,131.222,131.222,131.207,131.222,3
2020-02-18 18:44:00,131.222,131.238,131.207,131.207,16
2020-02-18 18:45:00,131.222,131.238,131.222,131.238,4
2020-02-18 18:46:00,131.207,131.207,131.207,131.207,1
2020-02-18 18:48:00,131.222,131.222,131.207,131.222,9
2020-02-18 18:51:00,131.222,131.238,131.222,131.238,10
2020-02-18 18:53:00,131.222,131.238,131.222,131.23,6
2020-02-18 18:55:00,131.222,131.238,131.222,131.238,2
2020-02-18 18:58:00,131.207,131.222,131.207,131.207,3
2020-02-18 19:00:00,131.207,131.207,131.191,131.198,4
2020-02-18 19:01:00,131.207,131.207,131.191,131.198,9
2020-02-18 19:04:00,131.191,131.207,131.191,131.198,6
2020-02-18 19:15:00,131.176,131.184,131.176,131.184,2
2020-02-18 19:17:00,131.176,131.176,131.16,131.168,16
2020-02-18 19:18:00,131.176,131.176,131.16,131.16,7
2020-02-18 19:19:00,131.176,131.176,131.16,131.16,8
2020-02-18 19:20:00,131.16,131.16,131.16,131.16,1
2020-02-18 19:21:00,131.176,131.176,131.176,131.176,1
2020-02-18 19:24:00,131.16,131.16,131.16,131.16,1
2020-02-18 19:29:00,131.144,131.144,131.129,131.144,4
2020-02-18 19:39:00,131.144,131.16,131.144,131.16,4
2020-02-18 19:41:00,131.129,131.144,131.129,131.136,4
2020-02-18 19:43:00,131.144,131.144,131.136,131.136,2
2020-02-18 19:45:00,131.129,131.144,131.129,131.129,6
2020-02-18 19:46:00,131.129,131.136,131.129,131.136,2
2020-02-18 19:48:00,131.144,131.144,131.129,131.144,15
2020-02-18 19:50:00,131.144,131.144,131.129,131.129,4
2020-02-18 19:51:00,131.144,131.144,131.129,131.129,4
2020-02-18 19:56:00,131.144,131.144,131.129,131.129,4
2020-02-18 19:57:00,131.129,131.144,131.129,131.129,6
2020-02-18 19:58:00,131.144,131.144,131.129,131.144,4
2020-02-18 20:04:00,131.129,131.129,131.129,131.129,1
2020-02-18 20:05:00,131.144,131.144,131.129,131.144,11
2020-02-18 20:08:00,131.144,131.16,131.144,131.152,4
2020-02-18 20:15:00,131.144,131.144,131.129,131.129,2
2020-02-18 20:17:00,131.144,131.16,131.144,131.16,5
2020-02-18 20:18:00,131.16,131.16,131.144,131.16,9
2020-02-18 20:19:00,131.16,131.16,131.144,131.152,9
2020-02-18 20:21:00,131.16,131.16,131.144,131.152,3
2020-02-18 20:26:00,131.16,131.176,131.16,131.176,2
2020-02-18 20:28:00,131.16,131.176,131.16,131.168,5
2020-02-18 20:37:00,131.144,131.152,131.144,131.152,2
2020-02-18 20:51:00,131.144,131.144,131.129,131.129,8
2020-02-18 20:53:00,131.129,131.136,131.129,131.136,2
2020-02-18 20:55:00,131.129,131.145,131.129,131.136,3
2020-02-18 20:56:00,131.145,131.145,131.145,131.145,1
2020-02-18 20:58:00,131.129,131.136,131.129,131.136,2
2020-02-18 21:04:00,131.129,131.129,131.113,131.113,10
2020-02-18 21:05:00,131.129,131.129,131.113,131.113,8
2020-02-18 21:06:00,131.129,131.129,131.113,131.113,16
2020-02-18 21:07:00,131.113,131.129,131.113,131.122,3
2020-02-18 21:10:00,131.098,131.098,131.098,131.098,1
2020-02-18 21:13:00,131.113,131.113,131.098,131.106,6
2020-02-18 21:15:00,131.098,131.098,131.098,131.098,1
2020-02-18 21:20:00,131.113,131.113,131.098,131.113,3
2020-02-18 21:26:00,131.098,131.113,131.098,131.098,6
2020-02-18 21:32:00,131.098,131.113,131.098,131.113,8
2020-02-18 21:44:00,131.113,131.113,131.113,131.113,1
2020-02-18 21:53:00,131.098,131.113,131.098,131.098,5
2020-02-18 21:59:00,131.098,131.098,131.098,131.098,1
2020-02-18 23:00:00,131.098,131.113,131.098,131.113,6
2020-02-18 23:16:00,131.082,131.09,131.082,131.09,2
2020-02-18 23:22:00,131.067,131.067,131.067,131.067,1
2020-02-18 23:33:00,131.067,131.082,131.067,131.082,4
2020-02-18 23:41:00,131.082,131.082,131.082,131.082,1
2020-02-18 23:42:00,131.067,131.067,131.067,131.067,1
2020-02-18 23:43:00,131.067,131.082,131.067,131.082,4
2020-02-18 23:44:00,131.051,131.051,131.044,131.051,3
2020-02-18 23:46:00,131.035,131.051,131.035,131.035,9
2020-02-18 23:47:00,131.051,131.051,131.035,131.051,8
2020-02-18 23:48:00,131.051,131.051,131.035,131.035,2
2020-02-18 23:50:00,131.035,131.035,131.035,131.035,1
2020-02-18 23:55:00,131.02,131.02,131.02,131.02,1
2020-02-19 00:00:00,131.004,131.02,130.989,131.004,9
2020-02-19 00:02:00,131.004,131.004,130.989,130.996,4
2020-02-19 00:03:00,130.989,130.989,130.989,130.989,1
2020-02-19 00:04:00,131.004,131.004,130.996,130.996,2
2020-02-19 00:06:00,131.02,131.02,131.004,131.02,12
2020-02-19 00:08:00,131.02,131.035,131.02,131.035,2
2020-02-19 00:09:00,131.035,131.035,131.035,131.035,1
2020-02-19 00:10:00,131.035,131.035,131.02,131.02,6
2020-02-19 00:15:00,131.036,131.051,131.036,131.044,3
2020-02-19 00:16:00,131.051,131.067,131.051,131.051,7
2020-02-19 00:17:00,131.067,131.067,131.067,131.067,1
2020-02-19 00:19:00,131.082,131.082,131.074,131.074,2
2020-02-19 00:20:00,131.067,131.067,131.067,131.067,1
2020-02-19 00:25:00,131.051,131.067,131.051,131.058,5
2020-02-19 00:26:00,131.051,131.051,131.036,131.044,3
2020-02-19 00:28:00,131.036,131.051,131.036,131.044,11
2020-02-19 00:29:00,131.036,131.051,131.036,131.044,3
2020-02-19 00:32:00,131.051,131.051,131.051,131.051,1
2020-02-19 00:34:00,131.051,131.067,131.051,131.067,4
2020-02-19 00:35:00,131.067,131.067,131.067,131.067,1
2020-02-19 00:37:00,131.051,131.058,131.051,131.058,2
2020-02-19 00:38:00,131.067,131.067,131.058,131.067,3
2020-02-19 00:39:00,131.051,131.067,131.051,131.051,6
2020-02-19 00:49:00,131.051,131.067,131.051,131.067,3
2020-02-19 00:51:00,131.051,131.067,131.051,131.067,5
2020-02-19 00:52:00,131.067,131.067,131.051,131.058,10
2020-02-19 00:53:00,131.082,131.082,131.067,131.082,5
2020-02-19 00:54:00,131.067,131.067,131.067,131.067,1
2020-02-19 00:56:00,131.051,131.067,131.051,131.058,4
2020-02-19 00:58:00,131.051,131.067,131.051,131.067,9
2020-02-19 01:01:00,131.067,131.067,131.067,131.067,1
2020-02-19 01:02:00,131.051,131.067,131.051,131.051,5
2020-02-19 01:04:00,131.067,131.067,131.067,131.067,1
2020-02-19 01:05:00,131.082,131.082,131.082,131.082,1
2020-02-19 01:11:00,131.098,131.098,131.098,131.098,1
2020-02-19 01:12:00,131.082,131.082,131.082,131.082,1
2020-02-19 01:13:00,131.098,131.098,131.09,131.09,2
2020-02-19 01:15:00,131.114,131.114,131.082,131.09,6
2020-02-19 01:16:00,131.098,131.114,131.098,131.106,8
2020-02-19 01:17:00,131.114,131.114,131.114,131.114,1
2020-02-19 01:19:00,131.098,131.098,131.098,131.098,1
2020-02-19 01:22:00,131.082,131.082,131.082,131.082,1
2020-02-19 01:23:00,131.082,131.098,131.082,131.098,4
2020-02-19 01:25:00,131.082,131.09,131.082,131.09,2
2020-02-19 01:26:00,131.098,131.098,131.082,131.098,9
2020-02-19 01:27:00,131.082,131.082,131.082,131.082,1
2020-02-19 01:28:00,131.098,131.098,131.082,131.09,4
2020-02-19 01:30:00,131.082,131.082,131.082,131.082,1
2020-02-19 01:31:00,131.082,131.098,131.082,131.098,4
2020-02-19 01:32:00,131.098,131.098,131.082,131.098,3
2020-02-19 01:33:00,131.098,131.098,131.082,131.082,12
2020-02-19 01:35:00,131.098,131.098,131.082,131.09,8
2020-02-19 01:36:00,131.098,131.098,131.082,131.09,5
2020-02-19 01:38:00,131.098,131.114,131.098,131.114,2
2020-02-19 01:40:00,131.098,131.114,131.098,131.114,2
2020-02-19 01:41:00,131.098,131.114,131.098,131.114,2
2020-02-19 01:42:00,131.114,131.114,131.114,131.114,1
2020-02-19 01:46:00,131.098,131.098,131.098,131.098,1
2020-02-19 01:53:00,131.098,131.114,131.098,131.114,4
2020-02-19 01:56:00,131.098,131.098,131.082,131.082,11
2020-02-19 02:09:00,131.082,131.082,131.082,131.082,1
2020-02-19 02:11:00,131.067,131.067,131.067,131.067,1
2020-02-19 02:12:00,131.067,131.082,131.067,131.082,3
2020-02-19 02:13:00,131.051,131.051,131.051,131.051,1
2020-02-19 02:15:00,131.067,131.067,131.051,131.067,5
2020-02-19 02:16:00,131.051,131.067,131.051,131.051,7
2020-02-19 02:17:00,131.036,131.051,131.02,131.036,9
2020-02-19 02:19:00,131.051,131.051,131.036,131.051,6
2020-02-19 02:23:00,131.067,131.067,131.051,131.067,3
2020-02-19 02:26:00,131.082,131.082,131.082,131.082,1
2020-02-19 02:27:00,131.082,131.082,131.067,131.067,2
2020-02-19 02:28:00,131.067,131.082,131.067,131.074,4
2020-02-19 02:29:00,131.067,131.082,131.067,131.082,4
2020-02-19 02:30:00,131.082,131.082,131.082,131.082,1
2020-02-19 02:31:00,131.067,131.067,131.067,131.067,1
2020-02-19 02:33:00,131.082,131.082,131.082,131.082,1
2020-02-19 02:34:00,131.067,131.067,131.067,131.067,1
2020-02-19 02:36:00,131.067,131.082,131.067,131.082,2
2020-02-19 02:37:00,131.082,131.082,131.067,131.082,3
2020-02-19 02:41:00,131.067,131.067,131.067,131.067,1
2020-02-19 02:42:00,131.067,131.083,131.067,131.083,2
2020-02-19 02:45:00,131.067,131.067,131.051,131.051,6
2020-02-19 02:51:00,131.083,131.083,131.083,131.083,1
2020-02-19 02:54:00,131.098,131.098,131.098,131.098,1
2020-02-19 02:55:00,131.083,131.098,131.083,131.083,5
2020-02-19 03:00:00,131.067,131.067,131.067,131.067,1
2020-02-19 03:04:00,131.051,131.051,131.051,131.051,1
2020-02-19 03:06:00,131.051,131.067,131.051,131.067,7
2020-02-19 03:14:00,131.051,131.051,131.036,131.036,5
2020-02-19 03:15:00,131.036,131.051,131.02,131.036,6
2020-02-19 03:19:00,131.036,131.051,131.036,131.051,7
2020-02-19 03:21:00,131.036,131.051,131.036,131.051,2
2020-02-19 03:24:00,131.051,131.051,131.051,131.051,1
2020-02-19 03:28:00,131.051,131.067,131.051,131.067,2
2020-02-19 03:30:00,131.051,131.067,131.051,131.067,2
2020-02-19 03:33:00,131.051,131.067,131.051,131.06,3
2020-02-19 03:34:00,131.067,131.067,131.067,131.067,1
2020-02-19 03:43:00,131.067,131.067,131.051,131.06,5
2020-02-19 03:47:00,131.051,131.067,131.051,131.051,3
2020-02-19 03:51:00,131.051,131.051,131.036,131.044,3
2020-02-19 03:52:00,131.051,131.051,131.036,131.036,2
2020-02-19 03:54:00,131.036,131.051,131.036,131.044,3
2020-02-19 04:02:00,131.036,131.051,131.036,131.051,2
2020-02-19 04:03:00,131.051,131.051,131.036,131.051,3
2020-02-19 04:05:00,131.036,131.051,131.036,131.044,9
2020-02-19 04:08:00,131.02,131.036,131.02,131.028,9
2020-02-19 04:09:00,131.02,131.036,131.02,131.036,2
2020-02-19 04:18:00,131.036,131.036,131.028,131.028,2
2020-02-19 04:24:00,131.02,131.02,131.02,131.02,1
2020-02-19 04:25:00,131.02,131.036,131.02,131.028,9
2020-02-19 04:26:00,131.036,131.036,131.02,131.028,4
2020-02-19 04:35:00,131.036,131.051,131.036,131.044,3
2020-02-19 04:48:00,131.036,131.044,131.036,131.044,2
2020-02-19 04:49:00,131.052,131.052,131.036,131.044,3
2020-02-19 04:56:00,131.052,131.052,131.036,131.036,2
2020-02-19 04:59:00,131.036,131.036,131.036,131.036,1
2020-02-19 05:08:00,131.052,131.052,131.036,131.044,10
2020-02-19 05:09:00,131.036,131.036,131.036,131.036,1
2020-02-19 05:15:00,131.052,131.052,131.044,131.044,2
2020-02-19 05:18:00,131.067,131.067,131.059,131.059,2
2020-02-19 05:21:00,131.052,131.06,131.052,131.06,2
2020-02-19 05:32:00,131.052,131.067,131.052,131.067,3
2020-02-19 05:38:00,131.052,131.052,131.036,131.036,2
2020-02-19 05:51:00,131.036,131.052,131.036,131.036,3
2020-02-19 05:52:00,131.036,131.052,131.036,131.052,4
2020-02-19 05:53:00,131.052,131.052,131.036,131.044,6
2020-02-19 05:55:00,131.036,131.044,131.036,131.044,2
2020-02-19 05:56:00,131.036,131.036,131.02,131.02,10
2020-02-19 05:57:00,131.02,131.036,131.02,131.02,7
2020-02-19 05:58:00,131.036,131.036,131.02,131.036,3
2020-02-19 05:59:00,131.036,131.036,131.02,131.02,2
2020-02-19 06:00:00,131.052,131.052,131.036,131.052,10
2020-02-19 06:01:00,131.036,131.052,131.036,131.036,3
2020-02-19 06:02:00,131.052,131.052,131.052,131.052,1
2020-02-19 06:09:00,131.052,131.067,131.052,131.067,2
2020-02-19 06:10:00,131.052,131.067,131.052,131.067,2
2020-02-19 06:11:00,131.067,131.067,131.06,131.06,2
2020-02-19 06:12:00,131.052,131.067,131.052,131.052,3
2020-02-19 06:17:00,131.052,131.067,131.052,131.067,7
2020-02-19 06:21:00,131.036,131.044,131.036,131.044,2
2020-02-19 06:22:00,131.036,131.052,131.036,131.052,2
2020-02-19 06:23:00,131.052,131.052,131.036,131.052,6
2020-02-19 06:42:00,131.067,131.067,131.067,131.067,1
2020-02-19 06:45:00,131.067,131.083,131.067,131.083,8
2020-02-19 06:46:00,131.067,131.083,131.067,131.083,4
2020-02-19 06:50:00,131.067,131.083,131.067,131.083,11
2020-02-19 06:52:00,131.067,131.083,131.067,131.083,4
2020-02-19 06:54:00,131.067,131.067,131.052,131.052,2
2020-02-19 07:00:00,131.083,131.083,131.067,131.083,9
2020-02-19 07:01:00,131.067,131.083,131.067,131.067,3
2020-02-19 07:07:00,131.083,131.083,131.083,131.083,1
2020-02-19 07:09:00,131.083,131.083,131.067,131.076,7
2020-02-19 07:10:00,131.083,131.083,131.067,131.067,4
2020-02-19 07:11:00,131.083,131.083,131.067,131.067,2
2020-02-19 07:18:00,131.067,131.067,131.067,131.067,1
2020-02-19 07:20:00,131.067,131.083,131.052,131.06,18
2020-02-19 07:21:00,131.067,131.083,131.067,131.083,4
2020-02-19 07:23:00,131.021,131.052,131.021,131.052,7
2020-02-19 07:24:00,131.005,131.036,131.005,131.036,7
2020-02-19 07:26:00,131.021,131.021,131.005,131.021,9
2020-02-19 07:27:00,131.036,131.036,131.005,131.005,5
2020-02-19 07:28:00,131.036,131.052,131.036,131.052,7
2020-02-19 07:29:00,131.036,131.036,131.021,131.021,15
2020-02-19 07:30:00,131.021,131.052,131.021,131.052,14
2020-02-19 07:31:00,131.021,131.036,131.021,131.036,6
2020-02-19 07:32:00,131.021,131.036,131.021,131.036,12
2020-02-19 07:33:00,131.005,131.021,130.989,131.005,26
2020-02-19 07:34:00,130.974,130.998,130.974,130.998,17
2020-02-19 07:35:00,130.989,130.989,130.974,130.989,18
2020-02-19 07:36:00,131.005,131.005,130.974,130.974,12
2020-02-19 07:37:00,131.005,131.005,130.989,130.989,3
2020-02-19 07:38:00,131.005,131.021,131.005,131.021,8
2020-02-19 07:40:00,131.005,131.021,130.989,130.989,18
2020-02-19 07:41:00,130.989,131.005,130.989,130.989,8
2020-02-19 07:42:00,131.005,131.005,130.989,131.005,5
2020-02-19 07:43:00,131.005,131.005,130.989,130.989,5
2020-02-19 07:44:00,130.989,130.989,130.989,130.989,1
2020-02-19 07:45:00,130.989,131.005,130.989,131.005,8
2020-02-19 07:46:00,131.005,131.005,130.974,130.974,8
2020-02-19 07:47:00,131.005,131.005,130.989,130.989,4
2020-02-19 07:50:00,131.005,131.005,130.989,130.989,2
2020-02-19 07:51:00,131.005,131.005,130.989,130.998,10
2020-02-19 07:52:00,130.989,131.005,130.989,130.989,13
2020-02-19 07:53:00,130.989,130.989,130.974,130.974,7
2020-02-19 07:54:00,130.974,130.989,130.974,130.974,9
2020-02-19 07:55:00,130.989,130.989,130.974,130.982,10
2020-02-19 07:57:00,130.974,130.989,130.974,130.974,9
2020-02-19 07:58:00,130.989,130.989,130.974,130.989,18
2020-02-19 08:00:00,131.005,131.005,130.989,131.005,7
2020-02-19 08:02:00,131.005,131.005,130.989,130.989,9
2020-02-19 08:03:00,131.021,131.021,131.005,131.021,3
2020-02-19 08:04:00,131.021,131.036,131.021,131.036,22
2020-02-19 08:05:00,131.052,131.052,131.021,131.036,17
2020-02-19 08:06:00,131.036,131.044,131.021,131.044,7
2020-02-19 08:07:00,131.036,131.052,131.036,131.052,7
2020-02-19 08:10:00,131.036,131.036,131.021,131.021,6
2020-02-19 08:11:00,131.052,131.052,131.044,131.044,2
2020-02-19 08:13:00,131.052,131.067,131.052,131.067,12
2020-02-19 08:14:00,131.052,131.052,131.036,131.044,3
2020-02-19 08:15:00,131.067,131.067,131.052,131.06,4
2020-02-19 08:16:00,131.052,131.067,131.052,131.052,27
2020-02-19 08:17:00,131.052,131.067,131.052,131.067,4
2020-02-19 08:19:00,131.052,131.052,131.036,131.036,9
2020-02-19 08:20:00,131.052,131.052,131.036,131.036,4
2020-02-19 08:21:00,131.052,131.052,131.036,131.036,2
2020-02-19 08:22:00,131.036,131.052,131.036,131.036,5
2020-02-19 08:23:00,131.052,131.052,131.036,131.052,9
2020-02-19 08:24:00,131.052,131.052,131.036,131.036,2
2020-02-19 08:27:00,131.067,131.067,131.052,131.067,10
2020-02-19 08:29:00,131.067,131.083,131.067,131.083,2
2020-02-19 08:30:00,131.083,131.083,131.083,131.083,1
2020-02-19 08:31:00,131.083,131.083,131.067,131.067,2
2020-02-19 08:32:00,131.099,131.099,131.083,131.099,4
2020-02-19 08:33:00,131.083,131.099,131.083,131.083,13
2020-02-19 08:34:00,131.083,131.099,131.083,131.099,2
2020-02-19 08:36:00,131.083,131.099,131.083,131.099,12
2020-02-19 08:37:00,131.083,131.099,131.083,131.099,9
2020-02-19 08:38:00,131.083,131.099,131.083,131.099,6
2020-02-19 08:40:00,131.114,131.114,131.09,131.09,6
2020-02-19 08:41:00,131.13,131.13,131.114,131.122,3
2020-02-19 08:42:00,131.114,131.13,131.099,131.122,7
2020-02-19 08:43:00,131.099,131.114,131.099,131.106,7
2020-02-19 08:45:00,131.099,131.114,131.099,131.114,4
2020-02-19 08:48:00,131.083,131.099,131.083,131.09,6
2020-02-19 08:50:00,131.083,131.099,131.083,131.099,5
2020-02-19 08:52:00,131.083,131.099,131.083,131.09,17
2020-02-19 08:54:00,131.083,131.083,131.067,131.076,23
2020-02-19 08:55:00,131.083,131.083,131.067,131.067,4
2020-02-19 08:56:00,131.083,131.083,131.067,131.067,20
2020-02-19 08:58:00,131.083,131.083,131.067,131.067,7
2020-02-19 09:00:00,131.083,131.083,131.067,131.067,2
2020-02-19 09:01:00,131.099,131.099,131.09,131.09,2
2020-02-19 09:02:00,131.099,131.099,131.083,131.083,4
2020-02-19 09:03:00,131.099,131.114,131.099,131.114,7
2020-02-19 09:05:00,131.099,131.114,131.099,131.114,22
2020-02-19 09:06:00,131.114,131.114,131.099,131.114,3
2020-02-19 09:07:00,131.114,131.13,131.099,131.106,8
2020-02-19 09:08:00,131.13,131.13,131.114,131.13,4
2020-02-19 09:10:00,131.114,131.13,131.114,131.114,5
2020-02-19 09:12:00,131.099,131.114,131.099,131.099,5
2020-02-19 09:14:00,131.083,131.099,131.083,131.083,7
2020-02-19 09:15:00,131.099,131.099,131.083,131.099,6
2020-02-19 09:16:00,131.083,131.099,131.083,131.083,7
2020-02-19 09:17:00,131.067,131.083,131.067,131.067,3
2020-02-19 09:18:00,131.083,131.083,131.083,131.083,1
2020-02-19 09:20:00,131.083,131.099,131.083,131.099,7
2020-02-19 09:21:00,131.083,131.099,131.083,131.099,12
2020-02-19 09:22:00,131.083,131.099,131.083,131.099,4
2020-02-19 09:26:00,131.083,131.083,131.068,131.076,3
2020-02-19 09:30:00,131.083,131.083,131.068,131.068,7
2020-02-19 09:31:00,131.099,131.099,131.099,131.099,1
2020-02-19 09:32:00,131.099,131.099,131.083,131.083,7
2020-02-19 09:33:00,131.099,131.099,131.083,131.083,6
2020-02-19 09:34:00,131.099,131.099,131.083,131.09,14
2020-02-19 09:35:00,131.099,131.099,131.083,131.083,11
2020-02-19 09:36:00,131.13,131.13,131.114,131.114,20
2020-02-19 09:37:00,131.114,131.13,131.114,131.114,11
2020-02-19 09:38:00,131.13,131.13,131.114,131.122,6
2020-02-19 09:40:00,131.114,131.122,131.114,131.122,2
2020-02-19 09:41:00,131.114,131.13,131.114,131.13,4
2020-02-19 09:42:00,131.13,131.13,131.114,131.13,15
2020-02-19 09:43:00,131.146,131.146,131.13,131.146,3
2020-02-19 09:44:00,131.146,131.146,131.13,131.138,4
2020-02-19 09:47:00,131.13,131.138,131.13,131.138,2
2020-02-19 09:50:00,131.13,131.13,131.114,131.122,3
2020-02-19 09:51:00,131.114,131.13,131.114,131.114,17
2020-02-19 09:52:00,131.114,131.122,131.114,131.122,2
2020-02-19 09:53:00,131.114,131.13,131.114,131.13,4
2020-02-19 09:54:00,131.13,131.13,131.13,131.13,1
2020-02-19 09:55:00,131.13,131.13,131.114,131.114,2
2020-02-19 09:56:00,131.13,131.13,131.114,131.122,5
2020-02-19 09:58:00,131.13,131.13,131.114,131.114,2
2020-02-19 09:59:00,131.146,131.146,131.146,131.146,1
2020-02-19 10:04:00,131.161,131.161,131.161,131.161,1
2020-02-19 10:06:00,131.146,131.146,131.146,131.146,1
2020-02-19 10:09:00,131.13,131.146,131.13,131.13,11
2020-02-19 10:10:00,131.161,131.161,131.146,131.146,2
2020-02-19 10:11:00,131.161,131.17,131.161,131.17,2
2020-02-19 10:12:00,131.161,131.177,131.161,131.177,6
2020-02-19 10:13:00,131.161,131.177,131.161,131.17,19
2020-02-19 10:16:00,131.161,131.161,131.146,131.146,5
2020-02-19 10:17:00,131.161,131.161,131.146,131.146,2
2020-02-19 10:18:00,131.146,131.146,131.146,131.146,1
2020-02-19 10:20:00,131.161,131.161,131.146,131.161,3
2020-02-19 10:23:00,131.161,131.161,131.146,131.146,10
2020-02-19 10:24:00,131.146,131.146,131.146,131.146,1
2020-02-19 10:25:00,131.161,131.177,131.154,131.154,4
2020-02-19 10:27:00,131.161,131.161,131.146,131.146,5
2020-02-19 10:28:00,131.161,131.161,131.146,131.146,5
2020-02-19 10:29:00,131.13,131.146,131.13,131.146,2
2020-02-19 10:30:00,131.146,131.146,131.13,131.146,13
2020-02-19 10:33:00,131.146,131.146,131.13,131.13,2
2020-02-19 10:35:00,131.161,131.161,131.146,131.154,9
2020-02-19 10:36:00,131.161,131.161,131.146,131.146,2
2020-02-19 10:38:00,131.146,131.161,131.146,131.154,19
2020-02-19 10:39:00,131.161,131.161,131.161,131.161,1
2020-02-19 10:40:00,131.177,131.177,131.177,131.177,1
2020-02-19 10:41:00,131.177,131.177,131.161,131.161,2
2020-02-19 10:42:00,131.177,131.177,131.161,131.17,7
2020-02-19 10:43:00,131.161,131.17,131.146,131.17,9
2020-02-19 10:45:00,131.161,131.161,131.146,131.146,15
2020-02-19 10:46:00,131.161,131.161,131.146,131.146,10
2020-02-19 10:47:00,131.161,131.177,131.161,131.17,3
2020-02-19 10:48:00,131.161,131.177,131.161,131.177,4
2020-02-19 10:49:00,131.161,131.161,131.146,131.146,4
2020-02-19 10:50:00,131.161,131.177,131.161,131.177,18
2020-02-19 10:53:00,131.177,131.177,131.161,131.177,6
2020-02-19 10:56:00,131.161,131.177,131.161,131.161,4
2020-02-19 10:57:00,131.177,131.177,131.161,131.177,8
2020-02-19 10:59:00,131.161,131.161,131.161,131.161,1
2020-02-19 11:00:00,131.161,131.177,131.161,131.177,18
2020-02-19 11:01:00,131.161,131.177,131.161,131.177,6
2020-02-19 11:02:00,131.177,131.177,131.161,131.177,5
2020-02-19 11:03:00,131.161,131.177,131.161,131.161,12
2020-02-19 11:04:00,131.177,131.177,131.161,131.17,4
2020-02-19 11:05:00,131.161,131.177,131.161,131.161,11
2020-02-19 11:06:00,131.177,131.177,131.161,131.177,3
2020-02-19 11:12:00,131.161,131.161,131.161,131.161,1
2020-02-19 11:13:00,131.177,131.177,131.161,131.17,11
2020-02-19 11:14:00,131.177,131.177,131.161,131.161,5
2020-02-19 11:15:00,131.177,131.177,131.161,131.161,4
2020-02-19 11:17:00,131.161,131.177,131.161,131.161,12
2020-02-19 11:18:00,131.161,131.177,131.161,131.177,3
2020-02-19 11:20:00,131.146,131.146,131.146,131.146,1
2020-02-19 11:21:00,131.146,131.146,131.13,131.138,8
2020-02-19 11:22:00,131.146,131.146,131.13,131.13,2
2020-02-19 11:24:00,131.13,131.146,131.13,131.13,4
2020-02-19 11:25:00,131.13,131.146,131.13,131.138,12
2020-02-19 11:27:00,131.146,131.146,131.13,131.138,3
2020-02-19 11:28:00,131.13,131.13,131.13,131.13,1
2020-02-19 11:30:00,131.146,131.146,131.13,131.146,5
2020-02-19 11:34:00,131.146,131.146,131.13,131.13,4
2020-02-19 11:35:00,131.146,131.146,131.13,131.138,6
2020-02-19 11:36:00,131.13,131.146,131.13,131.138,12
2020-02-19 11:39:00,131.146,131.146,131.13,131.146,8
2020-02-19 11:40:00,131.13,131.13,131.13,131.13,1
2020-02-19 11:45:00,131.13,131.146,131.13,131.146,6
2020-02-19 11:51:00,131.13,131.13,131.115,131.122,7
2020-02-19 11:52:00,131.13,131.13,131.115,131.115,2
2020-02-19 11:53:00,131.115,131.115,131.115,131.115,1
2020-02-19 11:55:00,131.115,131.115,131.099,131.099,6
2020-02-19 11:59:00,131.099,131.115,131.099,131.099,5
2020-02-19 12:00:00,131.099,131.099,131.083,131.092,7
2020-02-19 12:03:00,131.083,131.099,131.083,131.092,40
2020-02-19 12:04:00,131.099,131.099,131.083,131.099,9
2020-02-19 12:07:00,131.099,131.115,131.099,131.115,9
2020-02-19 12:08:00,131.115,131.115,131.099,131.115,3
2020-02-19 12:10:00,131.115,131.13,131.115,131.122,8
2020-02-19 12:15:00,131.115,131.115,131.099,131.106,6
2020-02-19 12:18:00,131.115,131.13,131.115,131.122,5
2020-02-19 12:19:00,131.115,131.13,131.099,131.13,6
2020-02-19 12:22:00,131.099,131.115,131.099,131.099,20
2020-02-19 12:23:00,131.083,131.083,131.083,131.083,1
2020-02-19 12:24:00,131.099,131.099,131.083,131.099,6
2020-02-19 12:25:00,131.115,131.115,131.099,131.106,6
2020-02-19 12:26:00,131.099,131.115,131.099,131.106,4
2020-02-19 12:27:00,131.099,131.115,131.099,131.115,2
2020-02-19 12:29:00,131.099,131.115,131.099,131.115,2
2020-02-19 12:30:00,131.099,131.115,131.099,131.115,2
2020-02-19 12:32:00,131.083,131.083,131.083,131.083,1
2020-02-19 12:33:00,131.083,131.099,131.083,131.099,3
2020-02-19 12:34:00,131.083,131.099,131.083,131.099,3
2020-02-19 12:40:00,131.068,131.068,131.068,131.068,1
2020-02-19 12:42:00,131.083,131.083,131.068,131.076,6
2020-02-19 12:43:00,131.068,131.083,131.068,131.076,8
2020-02-19 12:45:00,131.052,131.052,131.052,131.052,1
2020-02-19 12:47:00,131.037,131.052,131.037,131.044,4
2020-02-19 12:49:00,131.052,131.052,131.044,131.044,2
2020-02-19 12:50:00,131.052,131.052,131.037,131.044,27
2020-02-19 12:52:00,131.052,131.052,131.037,131.037,4
2020-02-19 12:53:00,131.037,131.052,131.037,131.044,23
2020-02-19 12:57:00,131.037,131.037,131.021,131.021,5
2020-02-19 12:58:00,131.037,131.037,131.021,131.028,10
2020-02-19 12:59:00,131.037,131.037,131.021,131.021,2
2020-02-19 13:00:00,131.037,131.052,131.037,131.052,12
2020-02-19 13:01:00,131.037,131.037,131.021,131.021,21
2020-02-19 13:02:00,131.052,131.052,131.037,131.044,18
2020-02-19 13:03:00,131.052,131.052,131.037,131.044,8
2020-02-19 13:14:00,131.052,131.068,131.052,131.068,23
2020-02-19 13:15:00,131.052,131.068,131.052,131.06,11
2020-02-19 13:18:00,131.068,131.068,131.052,131.06,3
2020-02-19 13:19:00,131.068,131.068,131.052,131.052,2
2020-02-19 13:20:00,131.037,131.052,131.037,131.052,5
2020-02-19 13:21:00,131.021,131.021,131.021,131.021,1
2020-02-19 13:22:00,131.037,131.037,131.005,131.005,39
2020-02-19 13:23:00,131.037,131.037,131.021,131.021,11
2020-02-19 13:27:00,131.037,131.037,131.021,131.021,19
2020-02-19 13:28:00,131.052,131.052,131.044,131.052,3
2020-02-19 13:29:00,131.068,131.068,131.052,131.068,25
2020-02-19 13:30:00,131.021,131.068,130.99,131.06,53
2020-02-19 13:31:00,131.005,131.021,131.005,131.014,13
2020-02-19 13:32:00,131.021,131.052,131.021,131.021,10
2020-02-19 13:33:00,131.021,131.037,131.021,131.037,7
2020-02-19 13:34:00,131.005,131.005,131.005,131.005,1
2020-02-19 13:35:00,130.974,130.99,130.974,130.99,24
2020-02-19 13:36:00,130.943,130.959,130.927,130.959,17
2020-02-19 13:37:00,130.912,130.936,130.896,130.936,26
2020-02-19 13:38:00,130.927,130.943,130.912,130.927,25
2020-02-19 13:39:00,130.959,130.959,130.936,130.936,3
2020-02-19 13:40:00,130.959,130.959,130.943,130.943,24
2020-02-19 13:41:00,130.943,130.959,130.927,130.943,12
2020-02-19 13:42:00,130.927,130.927,130.927,130.927,1
2020-02-19 13:43:00,130.912,130.927,130.912,130.912,18
2020-02-19 13:44:00,130.912,130.927,130.912,130.927,18
2020-02-19 13:45:00,130.896,130.896,130.896,130.896,1
2020-02-19 13:46:00,130.88,130.896,130.88,130.888,11
2020-02-19 13:47:00,130.88,130.896,130.865,130.865,9
2020-02-19 13:48:00,130.88,130.88,130.865,130.865,7
2020-02-19 13:49:00,130.896,130.896,130.88,130.896,15
2020-02-19 13:50:00,130.896,130.896,130.881,130.888,7
2020-02-19 13:51:00,130.896,130.912,130.896,130.912,2
2020-02-19 13:52:00,130.912,130.927,130.896,130.912,20
2020-02-19 13:53:00,130.927,130.943,130.912,130.927,25
2020-02-19 13:54:00,130.927,130.943,130.912,130.912,9
2020-02-19 13:55:00,130.927,130.927,130.912,130.912,6
2020-02-19 13:56:00,130.943,130.943,130.927,130.943,5
2020-02-19 13:58:00,130.959,130.959,130.927,130.927,3
2020-02-19 13:59:00,130.959,130.959,130.943,130.943,10
2020-02-19 14:00:00,130.959,130.959,130.943,130.943,12
2020-02-19 14:01:00,130.974,130.974,130.974,130.974,1
2020-02-19 14:02:00,130.974,130.99,130.974,130.99,17
2020-02-19 14:03:00,130.974,130.99,130.974,130.99,4
2020-02-19 14:04:00,130.959,130.966,130.943,130.966,4
2020-02-19 14:05:00,130.959,130.959,130.943,130.943,2
2020-02-19 14:06:00,130.959,130.974,130.959,130.974,17
2020-02-19 14:07:00,130.974,130.99,130.959,130.974,8
2020-02-19 14:10:00,130.99,130.99,130.99,130.99,1
2020-02-19 14:11:00,130.99,130.99,130.974,130.974,12
2020-02-19 14:13:00,130.99,130.99,130.974,130.974,2
2020-02-19 14:14:00,130.974,130.99,130.974,130.982,6
2020-02-19 14:15:00,130.959,130.974,130.959,130.959,3
2020-02-19 14:16:00,130.943,130.974,130.943,130.974,6
2020-02-19 14:17:00,130.959,130.959,130.943,130.959,21
2020-02-19 14:20:00,130.974,130.974,130.966,130.966,2
2020-02-19 14:21:00,131.005,131.005,130.982,130.982,5
2020-02-19 14:22:00,131.005,131.005,130.99,130.99,4
2020-02-19 14:23:00,130.99,131.005,130.99,130.99,43
2020-02-19 14:24:00,131.005,131.005,130.99,130.998,10
2020-02-19 14:25:00,131.005,131.005,130.998,130.998,2
2020-02-19 14:26:00,131.005,131.005,130.99,130.998,17
2020-02-19 14:27:00,131.005,131.005,130.99,130.99,5
2020-02-19 14:28:00,130.99,130.998,130.99,130.998,2
2020-02-19 14:29:00,130.974,130.99,130.974,130.974,12
2020-02-19 14:30:00,130.959,130.974,130.959,130.959,11
2020-02-19 14:31:00,130.959,130.99,130.943,130.974,33
2020-02-19 14:32:00,130.927,130.959,130.912,130.943,38
2020-02-19 14:33:00,130.974,131.006,130.927,130.943,36
2020-02-19 14:34:00,130.974,130.99,130.959,130.959,12
2020-02-19 14:35:00,130.974,130.974,130.959,130.959,13
2020-02-19 14:36:00,130.974,130.99,130.959,130.982,14
2020-02-19 14:37:00,130.959,130.974,130.943,130.959,13
2020-02-19 14:38:00,130.974,130.974,130.966,130.966,2
2020-02-19 14:39:00,130.959,130.974,130.943,130.966,10
2020-02-19 14:40:00,130.959,130.959,130.943,130.943,10
2020-02-19 14:41:00,130.959,130.959,130.943,130.943,14
2020-02-19 14:42:00,130.959,130.959,130.943,130.943,2
2020-02-19 14:43:00,130.99,130.99,130.959,130.974,6
2020-02-19 14:44:00,130.99,131.006,130.99,130.998,13
2020-02-19 14:49:00,130.99,130.99,130.974,130.982,9
2020-02-19 14:50:00,130.974,130.99,130.974,130.974,8
2020-02-19 14:51:00,130.959,130.959,130.959,130.959,1
2020-02-19 14:52:00,130.959,130.959,130.943,130.943,2
2020-02-19 14:53:00,130.959,130.959,130.943,130.95,17
2020-02-19 14:58:00,130.99,130.99,130.974,130.974,2
2020-02-19 14:59:00,130.99,131.006,130.99,131.006,5
2020-02-19 15:00:00,130.99,130.99,130.974,130.974,4
2020-02-19 15:01:00,131.006,131.006,130.99,131.006,4
2020-02-19 15:04:00,131.006,131.006,130.99,130.99,4
2020-02-19 15:07:00,131.037,131.037,131.006,131.021,18
2020-02-19 15:08:00,131.037,131.037,131.021,131.021,4
2020-02-19 15:10:00,131.052,131.052,131.052,131.052,1
2020-02-19 15:15:00,131.068,131.068,131.068,131.068,1
2020-02-19 15:16:00,131.068,131.068,131.052,131.06,5
2020-02-19 15:18:00,131.068,131.084,131.068,131.076,24
2020-02-19 15:19:00,131.084,131.084,131.084,131.084,1
2020-02-19 15:20:00,131.084,131.084,131.068,131.068,2
2020-02-19 15:21:00,131.084,131.084,131.068,131.076,21
2020-02-19 15:22:00,131.068,131.084,131.068,131.068,3
2020-02-19 15:23:00,131.068,131.084,131.068,131.076,3
2020-02-19 15:28:00,131.084,131.084,131.084,131.084,1
2020-02-19 15:29:00,131.068,131.076,131.068,131.076,2
2020-02-19 15:30:00,131.068,131.084,131.068,131.084,6
2020-02-19 15:31:00,131.068,131.084,131.052,131.076,14
2020-02-19 15:32:00,131.068,131.068,131.052,131.052,15
2020-02-19 15:33:00,131.068,131.068,131.052,131.06,6
2020-02-19 15:35:00,131.068,131.084,131.068,131.084,12
2020-02-19 15:36:00,131.052,131.052,131.052,131.052,1
2020-02-19 15:37:00,131.037,131.037,131.037,131.037,1
2020-02-19 15:38:00,131.052,131.052,131.044,131.044,2
2020-02-19 15:39:00,131.068,131.068,131.068,131.068,1
2020-02-19 15:40:00,131.052,131.052,131.037,131.052,3
2020-02-19 15:45:00,131.068,131.068,131.068,131.068,1
2020-02-19 15:46:00,131.068,131.084,131.068,131.084,2
2020-02-19 15:47:00,131.084,131.084,131.084,131.084,1
2020-02-19 15:48:00,131.084,131.084,131.068,131.076,10
2020-02-19 15:50:00,131.084,131.099,131.084,131.099,7
2020-02-19 15:51:00,131.084,131.084,131.068,131.068,4
2020-02-19 15:52:00,131.084,131.084,131.068,131.068,18
2020-02-19 15:53:00,131.068,131.076,131.052,131.068,5
2020-02-19 15:54:00,131.037,131.053,131.037,131.052,12
2020-02-19 15:55:00,131.037,131.053,131.037,131.053,6
2020-02-19 15:56:00,131.053,131.053,131.037,131.053,4
2020-02-19 15:58:00,131.068,131.068,131.068,131.068,1
2020-02-19 15:59:00,131.053,131.068,131.037,131.053,11
2020-02-19 16:00:00,131.068,131.068,131.053,131.068,7
2020-02-19 16:02:00,131.053,131.068,131.053,131.06,4
2020-02-19 16:03:00,131.053,131.053,131.037,131.037,2
2020-02-19 16:05:00,131.053,131.053,131.037,131.037,7
2020-02-19 16:06:00,131.053,131.053,131.037,131.044,3
2020-02-19 16:07:00,131.053,131.053,131.037,131.037,7
2020-02-19 16:08:00,131.053,131.053,131.037,131.037,10
2020-02-19 16:10:00,131.053,131.053,131.037,131.037,4
2020-02-19 16:11:00,131.068,131.068,131.053,131.068,3
2020-02-19 16:12:00,131.053,131.06,131.053,131.06,2
2020-02-19 16:15:00,131.037,131.037,131.037,131.037,1
2020-02-19 16:16:00,131.053,131.068,131.053,131.053,3
2020-02-19 16:18:00,131.053,131.068,131.053,131.068,21
2020-02-19 16:19:00,131.053,131.053,131.037,131.037,4
2020-02-19 16:21:00,131.053,131.068,131.053,131.068,3
2020-02-19 16:23:00,131.021,131.053,131.021,131.037,4
2020-02-19 16:24:00,131.006,131.006,131.006,131.006,1
2020-02-19 16:26:00,131.006,131.021,131.006,131.021,10
2020-02-19 16:27:00,131.021,131.021,131.021,131.021,1
2020-02-19 16:29:00,131.021,131.037,131.006,131.006,16
2020-02-19 16:31:00,131.021,131.037,131.021,131.037,4
2020-02-19 16:33:00,131.037,131.037,131.021,131.021,2
2020-02-19 16:34:00,131.037,131.053,131.037,131.053,8
2020-02-19 16:35:00,131.037,131.053,131.037,131.053,15
2020-02-19 16:36:00,131.037,131.037,131.021,131.021,2
2020-02-19 16:37:00,131.037,131.037,131.021,131.021,16
2020-02-19 16:38:00,131.021,131.037,131.021,131.021,9
2020-02-19 16:42:00,131.037,131.037,131.037,131.037,1
2020-02-19 16:44:00,131.053,131.053,131.053,131.053,1
2020-02-19 16:45:00,131.053,131.053,131.037,131.037,2
2020-02-19 16:47:00,131.053,131.053,131.037,131.044,6
2020-02-19 16:48:00,131.037,131.053,131.037,131.044,6
2020-02-19 16:50:00,131.037,131.037,131.021,131.03,3
2020-02-19 16:51:00,131.037,131.053,131.037,131.053,4
2020-02-19 16:52:00,131.037,131.037,131.03,131.03,2
2020-02-19 16:53:00,131.037,131.037,131.021,131.021,3
2020-02-19 16:54:00,131.053,131.053,131.037,131.053,4
2020-02-19 16:57:00,131.037,131.037,131.037,131.037,1
2020-02-19 16:58:00,131.053,131.053,131.053,131.053,1
2020-02-19 17:02:00,131.053,131.053,131.037,131.044,3
2020-02-19 17:03:00,131.053,131.053,131.037,131.037,7
2020-02-19 17:05:00,131.037,131.037,131.037,131.037,1
2020-02-19 17:07:00,131.021,131.021,131.021,131.021,1
2020-02-19 17:10:00,131.021,131.037,131.021,131.037,8
2020-02-19 17:17:00,131.021,131.021,131.006,131.014,3
2020-02-19 17:20:00,131.037,131.037,131.037,131.037,1
2020-02-19 17:24:00,131.037,131.037,131.021,131.021,2
2020-02-19 17:27:00,131.037,131.037,131.021,131.021,5
2020-02-19 17:29:00,131.053,131.053,131.053,131.053,1
2020-02-19 17:32:00,131.053,131.053,131.037,131.037,2
2020-02-19 17:37:00,131.037,131.053,131.037,131.037,4
2020-02-19 17:38:00,131.053,131.053,131.037,131.053,3
2020-02-19 17:42:00,131.068,131.068,131.053,131.068,10
2020-02-19 17:43:00,131.068,131.068,131.053,131.053,9
2020-02-19 17:45:00,131.053,131.06,131.053,131.06,2
2020-02-19 17:46:00,131.068,131.068,131.053,131.068,5
2020-02-19 17:47:00,131.053,131.053,131.053,131.053,1
2020-02-19 17:56:00,131.068,131.068,131.06,131.06,2
2020-02-19 17:57:00,131.053,131.06,131.053,131.06,2
2020-02-19 17:59:00,131.053,131.068,131.053,131.068,2
2020-02-19 18:06:00,131.037,131.044,131.037,131.044,4
2020-02-19 18:09:00,131.037,131.044,131.037,131.044,2
2020-02-19 18:14:00,131.037,131.053,131.037,131.044,10
2020-02-19 18:33:00,131.053,131.053,131.053,131.053,1
2020-02-19 19:00:00,131.037,131.037,131.037,131.037,1
2020-02-19 19:01:00,131.068,131.068,131.053,131.053,2
2020-02-19 19:02:00,131.115,131.115,131.084,131.084,34
2020-02-19 19:03:00,131.115,131.131,131.115,131.131,3
2020-02-19 19:04:00,131.084,131.115,131.068,131.1,46
2020-02-19 19:05:00,131.084,131.1,131.084,131.1,2
2020-02-19 19:06:00,131.084,131.1,131.084,131.1,5
2020-02-19 19:07:00,131.084,131.1,131.084,131.092,19
2020-02-19 19:08:00,131.068,131.084,131.068,131.076,3
2020-02-19 19:09:00,131.084,131.084,131.084,131.084,1
2020-02-19 19:12:00,131.068,131.084,131.068,131.068,3
2020-02-19 19:14:00,131.053,131.068,131.037,131.053,22
2020-02-19 19:15:00,131.037,131.037,131.037,131.037,1
2020-02-19 19:16:00,131.022,131.037,131.022,131.022,5
2020-02-19 19:19:00,131.037,131.037,131.03,131.03,2
2020-02-19 19:21:00,131.037,131.037,131.022,131.022,5
2020-02-19 19:23:00,131.053,131.053,131.037,131.053,6
2020-02-19 19:24:00,131.037,131.037,131.037,131.037,1
2020-02-19 19:28:00,131.053,131.053,131.037,131.053,3
2020-02-19 19:30:00,131.053,131.068,131.053,131.068,2
2020-02-19 19:31:00,131.068,131.068,131.053,131.068,9
2020-02-19 19:40:00,131.053,131.06,131.053,131.06,2
2020-02-19 19:42:00,131.037,131.037,131.037,131.037,1
2020-02-19 19:43:00,131.022,131.037,131.022,131.022,22
2020-02-19 19:45:00,131.006,131.006,130.975,131.006,11
2020-02-19 19:46:00,130.975,130.99,130.975,130.99,5
2020-02-19 19:47:00,130.99,130.99,130.975,130.99,18
2020-02-19 19:48:00,131.006,131.006,130.99,131.006,3
2020-02-19 19:49:00,130.99,131.006,130.99,130.99,22
2020-02-19 19:50:00,131.006,131.006,130.99,131.006,9
2020-02-19 19:51:00,131.006,131.006,130.99,130.99,2
2020-02-19 19:53:00,131.006,131.006,130.99,130.99,4
2020-02-19 19:55:00,130.99,130.998,130.99,130.998,2
2020-02-19 19:56:00,130.99,131.006,130.99,131.006,5
2020-02-19 19:57:00,131.006,131.006,131.006,131.006,1
2020-02-19 20:00:00,131.006,131.006,130.99,130.99,8
2020-02-19 20:01:00,131.006,131.022,131.006,131.022,2
2020-02-19 20:03:00,131.022,131.022,131.006,131.014,4
2020-02-19 20:04:00,131.022,131.022,131.006,131.014,19
2020-02-19 20:05:00,131.006,131.006,131.006,131.006,1
2020-02-19 20:06:00,131.022,131.022,131.022,131.022,1
2020-02-19 20:07:00,131.006,131.006,131.006,131.006,1
2020-02-19 20:09:00,131.006,131.022,131.006,131.022,11
2020-02-19 20:10:00,131.022,131.022,131.006,131.022,13
2020-02-19 20:11:00,131.006,131.014,131.006,131.014,2
2020-02-19 20:12:00,131.022,131.022,131.022,131.022,1
2020-02-19 20:14:00,131.022,131.037,131.022,131.037,23
2020-02-19 20:15:00,131.022,131.037,131.022,131.037,2
2020-02-19 20:21:00,131.022,131.037,131.022,131.037,2
2020-02-19 20:23:00,131.037,131.037,131.037,131.037,1
2020-02-19 20:24:00,131.022,131.037,131.022,131.022,5
2020-02-19 20:26:00,131.037,131.037,131.022,131.03,15
2020-02-19 20:29:00,131.037,131.037,131.022,131.03,7
2020-02-19 20:32:00,131.037,131.037,131.022,131.03,14
2020-02-19 20:36:00,131.037,131.053,131.037,131.053,8
2020-02-19 20:37:00,131.037,131.053,131.037,131.046,7
2020-02-19 20:39:00,131.053,131.053,131.037,131.053,12
2020-02-19 20:44:00,131.053,131.053,131.037,131.037,5
2020-02-19 20:45:00,131.037,131.046,131.037,131.046,2
2020-02-19 20:50:00,131.053,131.053,131.046,131.046,2
2020-02-19 20:54:00,131.037,131.053,131.037,131.037,3
2020-02-19 20:57:00,131.037,131.053,131.037,131.053,3
2020-02-19 20:58:00,131.053,131.053,131.037,131.053,10
2020-02-19 20:59:00,131.069,131.069,131.069,131.069,1
2020-02-19 21:00:00,131.069,131.069,131.053,131.053,10
2020-02-19 21:01:00,131.053,131.069,131.037,131.053,11
2020-02-19 21:03:00,131.037,131.046,131.037,131.046,2
2020-02-19 21:05:00,131.037,131.053,131.037,131.053,13
2020-02-19 21:06:00,131.053,131.053,131.037,131.053,3
2020-02-19 21:08:00,131.053,131.053,131.037,131.037,4
2020-02-19 21:10:00,131.037,131.053,131.037,131.037,4
2020-02-19 21:11:00,131.037,131.053,131.037,131.053,4
2020-02-19 21:12:00,131.037,131.053,131.037,131.046,8
2020-02-19 21:15:00,131.053,131.053,131.037,131.046,4
2020-02-19 21:17:00,131.037,131.053,131.037,131.037,4
2020-02-19 21:21:00,131.022,131.037,131.022,131.022,3
2020-02-19 21:23:00,131.037,131.037,131.03,131.03,2
2020-02-19 21:28:00,131.037,131.037,131.022,131.03,11
2020-02-19 21:38:00,131.022,131.022,131.022,131.022,1
2020-02-19 21:50:00,131.037,131.037,131.037,131.037,1
2020-02-19 21:52:00,131.022,131.037,131.022,131.03,6
2020-02-19 21:53:00,131.006,131.006,131.006,131.006,1
2020-02-19 21:54:00,131.022,131.022,131.022,131.022,1
2020-02-19 21:59:00,131.022,131.022,131.022,131.022,1
2020-02-19 23:00:00,130.975,131.022,130.975,131.022,17
2020-02-19 23:02:00,130.975,130.991,130.975,130.991,4
2020-02-19 23:05:00,130.975,130.991,130.975,130.982,13
2020-02-19 23:07:00,130.959,130.991,130.959,130.991,2
2020-02-19 23:09:00,130.959,130.975,130.959,130.975,6
2020-02-19 23:10:00,130.959,130.975,130.959,130.968,3
2020-02-19 23:13:00,130.944,130.944,130.944,130.944,1
2020-02-19 23:14:00,130.944,130.959,130.944,130.952,7
2020-02-19 23:15:00,130.959,130.959,130.944,130.959,6
2020-02-19 23:33:00,130.944,130.944,130.944,130.944,1
2020-02-19 23:38:00,130.928,130.928,130.928,130.928,1
2020-02-19 23:39:00,130.913,130.928,130.913,130.913,4
2020-02-19 23:44:00,130.928,130.928,130.913,130.928,24
2020-02-19 23:45:00,130.928,130.928,130.913,130.913,2
2020-02-19 23:48:00,130.928,130.944,130.928,130.944,9
2020-02-19 23:49:00,130.944,130.944,130.944,130.944,1
2020-02-19 23:53:00,130.928,130.928,130.928,130.928,1
2020-02-19 23:57:00,130.944,130.944,130.928,130.936,6
2020-02-19 23:59:00,130.944,130.959,130.944,130.959,2
2020-02-20 00:00:00,130.928,130.944,130.928,130.928,3
2020-02-20 00:01:00,130.913,130.913,130.913,130.913,1
2020-02-20 00:02:00,130.913,130.913,130.881,130.897,17
2020-02-20 00:03:00,130.897,130.904,130.881,130.904,4
2020-02-20 00:04:00,130.913,130.913,130.897,130.913,5
2020-02-20 00:05:00,130.897,130.897,130.897,130.897,1
2020-02-20 00:06:00,130.881,130.897,130.881,130.881,5
2020-02-20 00:07:00,130.897,130.897,130.897,130.897,1
2020-02-20 00:08:00,130.913,130.913,130.897,130.913,11
2020-02-20 00:09:00,130.897,130.897,130.897,130.897,1
2020-02-20 00:10:00,130.913,130.913,130.913,130.913,1
2020-02-20 00:11:00,130.913,130.913,130.897,130.904,7
2020-02-20 00:15:00,130.913,130.928,130.913,130.928,5
2020-02-20 00:16:00,130.913,130.913,130.897,130.904,3
2020-02-20 00:17:00,130.913,130.928,130.897,130.897,4
2020-02-20 00:20:00,130.928,130.928,130.928,130.928,1
2020-02-20 00:23:00,130.944,130.944,130.944,130.944,1
2020-02-20 00:24:00,130.928,130.936,130.928,130.936,2
2020-02-20 00:25:00,130.913,130.928,130.913,130.913,6
2020-02-20 00:26:00,130.928,130.928,130.913,130.928,3
2020-02-20 00:27:00,130.913,130.913,130.913,130.913,1
2020-02-20 00:28:00,130.913,130.928,130.913,130.928,6
2020-02-20 00:30:00,130.928,130.96,130.928,130.928,21
2020-02-20 00:31:00,130.928,130.928,130.913,130.92,6
2020-02-20 00:32:00,130.944,130.944,130.944,130.944,1
2020-02-20 00:33:00,130.944,130.96,130.944,130.96,8
2020-02-20 00:34:00,130.928,130.928,130.928,130.928,1
2020-02-20 00:35:00,130.944,130.944,130.944,130.944,1
2020-02-20 00:36:00,130.944,130.944,130.928,130.936,6
2020-02-20 00:37:00,130.944,130.96,130.944,130.96,4
2020-02-20 00:38:00,130.928,130.96,130.928,130.96,3
2020-02-20 00:39:00,130.944,130.944,130.944,130.944,1
2020-02-20 00:40:00,130.928,130.936,130.928,130.936,2
2020-02-20 00:47:00,130.913,130.913,130.913,130.913,1
2020-02-20 00:54:00,130.913,130.913,130.897,130.897,4
2020-02-20 01:04:00,130.928,130.928,130.913,130.92,16
2020-02-20 01:05:00,130.944,130.944,130.944,130.944,1
2020-02-20 01:07:00,130.944,130.96,130.944,130.96,2
2020-02-20 01:08:00,130.96,130.96,130.944,130.96,3
2020-02-20 01:09:00,130.96,130.96,130.944,130.944,13
2020-02-20 01:10:00,130.944,130.944,130.944,130.944,1
2020-02-20 01:11:00,130.928,130.944,130.928,130.936,6
2020-02-20 01:12:00,130.928,130.944,130.928,130.944,2
2020-02-20 01:14:00,130.944,130.944,130.944,130.944,1
2020-02-20 01:19:00,130.928,130.944,130.928,130.928,3
2020-02-20 01:20:00,130.944,130.944,130.944,130.944,1
2020-02-20 01:23:00,130.944,130.96,130.944,130.96,7
2020-02-20 01:25:00,130.944,130.96,130.944,130.96,4
2020-02-20 01:27:00,130.944,130.96,130.944,130.96,2
2020-02-20 01:28:00,130.944,130.96,130.944,130.96,4
2020-02-20 01:30:00,130.96,130.96,130.944,130.96,3
2020-02-20 01:31:00,130.975,130.975,130.944,130.944,5
2020-02-20 01:32:00,130.975,130.991,130.975,130.991,6
2020-02-20 01:33:00,130.991,130.991,130.991,130.991,1
2020-02-20 01:34:00,130.991,131.006,130.991,131.006,2
2020-02-20 01:35:00,131.006,131.006,131.006,131.006,1
2020-02-20 01:36:00,130.991,130.991,130.991,130.991,1
2020-02-20 01:38:00,130.991,130.991,130.975,130.984,9
2020-02-20 01:39:00,130.975,130.991,130.975,130.984,4
2020-02-20 01:40:00,130.96,130.975,130.96,130.968,6
2020-02-20 01:41:00,130.975,130.975,130.96,130.975,3
2020-02-20 01:42:00,130.96,130.975,130.96,130.968,9
2020-02-20 01:44:00,130.975,130.975,130.96,130.968,3
2020-02-20 01:49:00,130.975,130.991,130.975,130.991,3
2020-02-20 01:51:00,130.975,130.991,130.975,130.991,6
2020-02-20 01:54:00,130.991,130.991,130.991,130.991,1
2020-02-20 01:56:00,131.022,131.022,131.007,131.007,15
2020-02-20 01:57:00,131.022,131.022,131.007,131.007,5
2020-02-20 01:58:00,131.022,131.022,131.007,131.014,12
2020-02-20 01:59:00,131.022,131.022,131.007,131.007,10
2020-02-20 02:00:00,131.007,131.014,131.007,131.014,2
2020-02-20 02:01:00,131.007,131.022,131.007,131.022,11
2020-02-20 02:02:00,131.022,131.022,131.007,131.022,13
2020-02-20 02:03:00,131.007,131.022,131.007,131.007,5
2020-02-20 02:05:00,131.022,131.022,131.007,131.022,3
2020-02-20 02:06:00,131.007,131.007,131.007,131.007,1
2020-02-20 02:12:00,131.022,131.022,131.007,131.014,6
2020-02-20 02:17:00,131.007,131.007,131.007,131.007,1
2020-02-20 02:18:00,131.022,131.022,131.022,131.022,1
2020-02-20 02:19:00,131.022,131.022,131.007,131.014,7
2020-02-20 02:27:00,131.007,131.022,131.007,131.007,3
2020-02-20 02:28:00,131.022,131.022,131.014,131.022,3
2020-02-20 02:32:00,131.007,131.014,131.007,131.014,2
2020-02-20 02:33:00,131.007,131.022,131.007,131.022,5
2020-02-20 02:34:00,131.038,131.038,131.007,131.022,5
2020-02-20 02:35:00,131.038,131.053,131.022,131.053,4
2020-02-20 02:36:00,131.038,131.053,131.038,131.053,2
2020-02-20 02:37:00,131.053,131.053,131.038,131.053,4
2020-02-20 02:39:00,131.069,131.069,131.053,131.069,5
2020-02-20 02:40:00,131.085,131.085,131.053,131.053,3
2020-02-20 02:41:00,131.1,131.116,131.092,131.092,4
2020-02-20 02:42:00,131.116,131.116,131.1,131.116,10
2020-02-20 02:43:00,131.1,131.116,131.1,131.1,17
2020-02-20 02:44:00,131.1,131.1,131.085,131.092,12
2020-02-20 02:45:00,131.085,131.1,131.085,131.085,5
2020-02-20 02:46:00,131.069,131.085,131.069,131.076,5
2020-02-20 02:47:00,131.069,131.085,131.069,131.085,2
2020-02-20 02:48:00,131.053,131.053,131.053,131.053,1
2020-02-20 02:49:00,131.069,131.085,131.069,131.069,5
2020-02-20 02:50:00,131.085,131.085,131.085,131.085,1
2020-02-20 02:51:00,131.085,131.085,131.069,131.076,9
2020-02-20 02:52:00,131.069,131.085,131.069,131.069,5
2020-02-20 03:01:00,131.053,131.053,131.053,131.053,1
2020-02-20 03:02:00,131.069,131.069,131.053,131.062,4
2020-02-20 03:03:00,131.069,131.069,131.053,131.053,2
2020-02-20 03:04:00,131.054,131.054,131.054,131.054,1
2020-02-20 03:06:00,131.038,131.054,131.038,131.046,4
2020-02-20 03:07:00,131.054,131.054,131.054,131.054,1
2020-02-20 03:09:00,131.054,131.054,131.038,131.038,2
2020-02-20 03:13:00,131.054,131.054,131.038,131.038,2
2020-02-20 03:15:00,131.069,131.069,131.069,131.069,1
2020-02-20 03:19:00,131.069,131.069,131.054,131.054,7
2020-02-20 03:20:00,131.069,131.069,131.054,131.054,2
2020-02-20 03:21:00,131.085,131.085,131.085,131.085,1
2020-02-20 03:25:00,131.116,131.116,131.1,131.1,2
2020-02-20 03:26:00,131.1,131.1,131.1,131.1,1
2020-02-20 03:27:00,131.116,131.116,131.1,131.116,3
2020-02-20 03:29:00,131.147,131.147,131.132,131.132,10
2020-02-20 03:30:00,131.147,131.147,131.132,131.132,4
2020-02-20 03:31:00,131.163,131.163,131.147,131.163,4
2020-02-20 03:32:00,131.147,131.147,131.147,131.147,1
2020-02-20 03:33:00,131.163,131.163,131.147,131.163,4
2020-02-20 03:34:00,131.147,131.163,131.147,131.147,6
2020-02-20 03:36:00,131.132,131.147,131.132,131.14,6
2020-02-20 03:39:00,131.132,131.147,131.132,131.147,2
2020-02-20 03:43:00,131.147,131.147,131.132,131.147,6
2020-02-20 03:44:00,131.132,131.132,131.132,131.132,1
2020-02-20 03:46:00,131.116,131.132,131.116,131.116,3
2020-02-20 03:49:00,131.132,131.132,131.132,131.132,1
2020-02-20 03:51:00,131.147,131.147,131.132,131.147,3
2020-02-20 03:52:00,131.147,131.163,131.147,131.163,14
2020-02-20 03:54:00,131.163,131.163,131.147,131.163,9
2020-02-20 03:55:00,131.163,131.163,131.147,131.147,6
2020-02-20 03:57:00,131.147,131.163,131.147,131.147,6
2020-02-20 04:00:00,131.147,131.163,131.147,131.163,11
2020-02-20 04:01:00,131.147,131.147,131.132,131.132,2
2020-02-20 04:02:00,131.132,131.147,131.132,131.14,7
2020-02-20 04:03:00,131.147,131.147,131.147,131.147,1
2020-02-20 04:04:00,131.132,131.147,131.132,131.132,3
2020-02-20 04:07:00,131.132,131.147,131.132,131.14,5
2020-02-20 04:08:00,131.132,131.147,131.132,131.147,2
2020-02-20 04:20:00,131.132,131.132,131.124,131.124,2
2020-02-20 04:24:00,131.132,131.147,131.132,131.147,2
2020-02-20 04:30:00,131.147,131.147,131.132,131.147,6
2020-02-20 04:40:00,131.147,131.147,131.132,131.132,2
2020-02-20 04:41:00,131.147,131.147,131.132,131.132,2
2020-02-20 04:47:00,131.132,131.132,131.132,131.132,1
2020-02-20 04:48:00,131.147,131.147,131.147,131.147,1
2020-02-20 04:49:00,131.132,131.132,131.132,131.132,1
2020-02-20 04:54:00,131.116,131.132,131.116,131.116,3
2020-02-20 04:55:00,131.132,131.132,131.116,131.132,3
2020-02-20 05:05:00,131.116,131.132,131.116,131.116,8
2020-02-20 05:06:00,131.116,131.132,131.116,131.132,2
2020-02-20 05:08:00,131.116,131.116,131.101,131.101,2
2020-02-20 05:09:00,131.101,131.108,131.101,131.108,2
2020-02-20 05:11:00,131.116,131.116,131.116,131.116,1
2020-02-20 05:16:00,131.116,131.116,131.101,131.101,2
2020-02-20 05:20:00,131.116,131.116,131.101,131.101,2
2020-02-20 05:26:00,131.101,131.116,131.101,131.101,14
2020-02-20 05:27:00,131.116,131.116,131.116,131.116,1
2020-02-20 05:28:00,131.116,131.116,131.101,131.101,4
2020-02-20 05:29:00,131.101,131.101,131.101,131.101,1
2020-02-20 05:30:00,131.116,131.116,131.108,131.108,2
2020-02-20 05:31:00,131.101,131.101,131.101,131.101,1
2020-02-20 05:33:00,131.116,131.116,131.116,131.116,1
2020-02-20 05:35:00,131.116,131.116,131.101,131.101,7
2020-02-20 05:37:00,131.116,131.116,131.101,131.101,2
2020-02-20 05:39:00,131.116,131.116,131.101,131.101,2
2020-02-20 05:44:00,131.116,131.116,131.101,131.101,2
2020-02-20 05:45:00,131.101,131.116,131.101,131.101,3
2020-02-20 05:49:00,131.085,131.085,131.085,131.085,1
2020-02-20 05:50:00,131.085,131.085,131.069,131.069,3
2020-02-20 05:53:00,131.085,131.101,131.085,131.101,12
2020-02-20 05:58:00,131.101,131.101,131.101,131.101,1
2020-02-20 06:01:00,131.116,131.116,131.101,131.108,9
2020-02-20 06:02:00,131.116,131.116,131.101,131.101,13
2020-02-20 06:03:00,131.116,131.116,131.101,131.101,11
2020-02-20 06:05:00,131.101,131.116,131.101,131.101,3
2020-02-20 06:09:00,131.085,131.085,131.085,131.085,1
2020-02-20 06:12:00,131.101,131.101,131.101,131.101,1
2020-02-20 06:16:00,131.101,131.101,131.085,131.085,7
2020-02-20 06:20:00,131.085,131.085,131.085,131.085,1
2020-02-20 06:23:00,131.101,131.101,131.085,131.101,6
2020-02-20 06:24:00,131.101,131.101,131.085,131.085,9
2020-02-20 06:25:00,131.101,131.101,131.085,131.085,2
2020-02-20 06:28:00,131.101,131.101,131.085,131.085,4
2020-02-20 06:30:00,131.085,131.101,131.085,131.085,3
2020-02-20 06:31:00,131.101,131.101,131.101,131.101,1
2020-02-20 06:32:00,131.085,131.085,131.085,131.085,1
2020-02-20 06:39:00,131.085,131.085,131.069,131.069,2
2020-02-20 06:44:00,131.069,131.078,131.069,131.078,2
2020-02-20 06:47:00,131.054,131.054,131.054,131.054,1
2020-02-20 06:48:00,131.069,131.069,131.054,131.069,5
2020-02-20 06:53:00,131.069,131.069,131.054,131.054,3
2020-02-20 07:00:00,131.069,131.085,131.069,131.085,14
2020-02-20 07:01:00,131.101,131.101,131.085,131.085,13
2020-02-20 07:02:00,131.085,131.085,131.085,131.085,1
2020-02-20 07:04:00,131.085,131.085,131.069,131.069,2
2020-02-20 07:05:00,131.085,131.085,131.069,131.069,4
2020-02-20 07:06:00,131.085,131.085,131.069,131.069,3
2020-02-20 07:07:00,131.085,131.085,131.069,131.069,2
2020-02-20 07:10:00,131.085,131.085,131.069,131.069,7
2020-02-20 07:12:00,131.085,131.085,131.069,131.069,4
2020-02-20 07:17:00,131.054,131.085,131.054,131.069,11
2020-02-20 07:18:00,131.038,131.046,131.038,131.046,2
2020-02-20 07:19:00,130.991,131.023,130.976,131.023,9
2020-02-20 07:20:00,131.007,131.007,130.991,131.007,5
2020-02-20 07:21:00,130.991,131.023,130.991,131.023,21
2020-02-20 07:22:00,131.023,131.023,130.991,131.0,20
2020-02-20 07:23:00,131.038,131.038,131.007,131.007,15
2020-02-20 07:24:00,131.038,131.054,131.038,131.054,19
2020-02-20 07:25:00,131.038,131.054,131.023,131.023,7
2020-02-20 07:26:00,131.054,131.054,131.054,131.054,1
2020-02-20 07:27:00,131.054,131.054,131.038,131.046,3
2020-02-20 07:29:00,131.054,131.054,131.038,131.038,2
2020-02-20 07:30:00,131.069,131.069,131.069,131.069,1
2020-02-20 07:31:00,131.069,131.069,131.054,131.054,3
2020-02-20 07:32:00,131.054,131.069,131.054,131.054,8
2020-02-20 07:33:00,131.069,131.069,131.069,131.069,1
2020-02-20 07:34:00,131.085,131.085,131.054,131.062,4
2020-02-20 07:35:00,131.101,131.101,131.069,131.069,5
2020-02-20 07:36:00,131.085,131.101,131.085,131.085,4
2020-02-20 07:37:00,131.085,131.101,131.085,131.101,7
2020-02-20 07:38:00,131.101,131.101,131.085,131.092,4
2020-02-20 07:39:00,131.085,131.101,131.085,131.085,12
2020-02-20 07:40:00,131.101,131.101,131.101,131.101,1
2020-02-20 07:41:00,131.116,131.116,131.085,131.085,8
2020-02-20 07:42:00,131.101,131.116,131.101,131.101,9
2020-02-20 07:44:00,131.116,131.116,131.101,131.116,7
2020-02-20 07:45:00,131.085,131.116,131.085,131.101,5
2020-02-20 07:46:00,131.101,131.101,131.101,131.101,1
2020-02-20 07:47:00,131.116,131.116,131.085,131.085,7
2020-02-20 07:48:00,131.085,131.116,131.085,131.101,14
2020-02-20 07:49:00,131.085,131.085,131.07,131.07,2
2020-02-20 07:50:00,131.085,131.085,131.07,131.078,6
2020-02-20 07:53:00,131.101,131.101,131.085,131.092,7
2020-02-20 07:54:00,131.101,131.101,131.085,131.085,4
2020-02-20 07:55:00,131.085,131.101,131.085,131.085,8
2020-02-20 07:56:00,131.085,131.085,131.07,131.078,5
2020-02-20 07:57:00,131.07,131.085,131.07,131.07,3
2020-02-20 07:58:00,131.085,131.085,131.085,131.085,1
2020-02-20 08:00:00,131.085,131.116,131.07,131.07,54
2020-02-20 08:01:00,131.101,131.101,131.07,131.07,3
2020-02-20 08:02:00,131.101,131.116,131.085,131.116,6
2020-02-20 08:03:00,131.085,131.085,131.085,131.085,1
2020-02-20 08:04:00,131.085,131.101,131.07,131.07,12
2020-02-20 08:05:00,131.116,131.116,131.101,131.101,8
2020-02-20 08:06:00,131.101,131.116,131.101,131.101,7
2020-02-20 08:07:00,131.085,131.101,131.07,131.085,12
2020-02-20 08:09:00,131.101,131.101,131.07,131.07,3
2020-02-20 08:10:00,131.101,131.101,131.085,131.085,9
2020-02-20 08:12:00,131.085,131.101,131.085,131.092,7
2020-02-20 08:13:00,131.101,131.101,131.101,131.101,1
2020-02-20 08:14:00,131.116,131.116,131.108,131.108,2
2020-02-20 08:15:00,131.116,131.116,131.101,131.101,14
2020-02-20 08:16:00,131.148,131.148,131.132,131.132,6
2020-02-20 08:17:00,131.148,131.163,131.148,131.163,4
2020-02-20 08:18:00,131.148,131.163,131.148,131.163,3
2020-02-20 08:19:00,131.148,131.148,131.148,131.148,1
2020-02-20 08:20:00,131.148,131.163,131.148,131.156,5
2020-02-20 08:21:00,131.179,131.179,131.148,131.163,6
2020-02-20 08:22:00,131.21,131.21,131.179,131.195,17
2020-02-20 08:23:00,131.195,131.195,131.195,131.195,1
2020-02-20 08:24:00,131.21,131.226,131.21,131.21,6
2020-02-20 08:25:00,131.226,131.226,131.21,131.226,17
2020-02-20 08:26:00,131.21,131.226,131.21,131.218,7
2020-02-20 08:29:00,131.195,131.21,131.195,131.195,9
2020-02-20 08:30:00,131.21,131.21,131.195,131.202,4
2020-02-20 08:31:00,131.179,131.195,131.179,131.195,3
2020-02-20 08:32:00,131.179,131.195,131.179,131.195,6
2020-02-20 08:33:00,131.179,131.179,131.163,131.172,3
2020-02-20 08:34:00,131.179,131.179,131.163,131.163,13
2020-02-20 08:35:00,131.195,131.195,131.179,131.186,4
2020-02-20 08:36:00,131.179,131.195,131.163,131.179,16
2020-02-20 08:37:00,131.163,131.179,131.163,131.163,7
2020-02-20 08:38:00,131.179,131.179,131.163,131.172,4
2020-02-20 08:41:00,131.163,131.163,131.163,131.163,1
2020-02-20 08:44:00,131.163,131.163,131.148,131.156,3
2020-02-20 08:49:00,131.163,131.163,131.148,131.148,2
2020-02-20 08:50:00,131.148,131.148,131.148,131.148,1
2020-02-20 08:51:00,131.148,131.163,131.148,131.163,2
2020-02-20 08:55:00,131.132,131.14,131.116,131.14,6
2020-02-20 08:57:00,131.132,131.132,131.116,131.116,6
2020-02-20 08:58:00,131.132,131.148,131.132,131.148,2
2020-02-20 09:00:00,131.148,131.148,131.14,131.14,2
2020-02-20 09:02:00,131.132,131.14,131.132,131.14,2
2020-02-20 09:03:00,131.132,131.148,131.132,131.148,7
2020-02-20 09:04:00,131.148,131.148,131.148,131.148,1
2020-02-20 09:05:00,131.148,131.148,131.132,131.132,2
2020-02-20 09:07:00,131.163,131.163,131.132,131.132,7
2020-02-20 09:08:00,131.148,131.156,131.148,131.156,2
2020-02-20 09:09:00,131.148,131.163,131.148,131.163,14
2020-02-20 09:10:00,131.148,131.163,131.148,131.163,2
2020-02-20 09:13:00,131.163,131.163,131.148,131.156,4
2020-02-20 09:14:00,131.148,131.163,131.148,131.148,3
2020-02-20 09:18:00,131.163,131.163,131.148,131.163,3
2020-02-20 09:20:00,131.163,131.163,131.148,131.148,5
2020-02-20 09:23:00,131.163,131.179,131.163,131.179,12
2020-02-20 09:24:00,131.179,131.179,131.179,131.179,1
2020-02-20 09:25:00,131.163,131.179,131.163,131.163,3
2020-02-20 09:26:00,131.163,131.179,131.163,131.179,2
2020-02-20 09:30:00,131.148,131.163,131.132,131.156,6
2020-02-20 09:33:00,131.132,131.14,131.132,131.14,2
2020-02-20 09:34:00,131.117,131.132,131.117,131.117,3
2020-02-20 09:37:00,131.132,131.132,131.117,131.132,5
2020-02-20 09:38:00,131.132,131.148,131.117,131.117,6
2020-02-20 09:39:00,131.132,131.132,131.117,131.117,4
2020-02-20 09:40:00,131.148,131.148,131.132,131.148,28
2020-02-20 09:42:00,131.148,131.148,131.132,131.132,13
2020-02-20 09:43:00,131.148,131.148,131.132,131.132,5
2020-02-20 09:45:00,131.163,131.163,131.156,131.156,2
2020-02-20 09:46:00,131.163,131.163,131.148,131.148,4
2020-02-20 09:47:00,131.148,131.163,131.148,131.148,9
2020-02-20 09:51:00,131.132,131.14,131.132,131.14,2
2020-02-20 09:53:00,131.148,131.148,131.148,131.148,1
2020-02-20 09:54:00,131.148,131.148,131.132,131.132,21
2020-02-20 09:55:00,131.148,131.148,131.132,131.132,4
2020-02-20 09:56:00,131.132,131.148,131.132,131.132,6
2020-02-20 09:57:00,131.117,131.132,131.117,131.117,3
2020-02-20 09:58:00,131.132,131.132,131.132,131.132,1
2020-02-20 10:00:00,131.148,131.148,131.132,131.148,5
2020-02-20 10:01:00,131.132,131.148,131.132,131.132,6
2020-02-20 10:03:00,131.132,131.132,131.117,131.117,5
2020-02-20 10:05:00,131.148,131.148,131.148,131.148,1
2020-02-20 10:06:00,131.148,131.148,131.132,131.14,3
2020-02-20 10:12:00,131.163,131.163,131.156,131.156,2
2020-02-20 10:13:00,131.148,131.148,131.148,131.148,1
2020-02-20 10:14:00,131.163,131.163,131.163,131.163,1
2020-02-20 10:16:00,131.148,131.163,131.148,131.148,9
2020-02-20 10:18:00,131.148,131.163,131.148,131.156,3
2020-02-20 10:20:00,131.179,131.179,131.164,131.164,2
2020-02-20 10:21:00,131.179,131.179,131.164,131.164,6
2020-02-20 10:22:00,131.179,131.179,131.164,131.172,12
2020-02-20 10:23:00,131.179,131.179,131.164,131.164,8
2020-02-20 10:24:00,131.164,131.179,131.164,131.164,8
2020-02-20 10:25:00,131.179,131.179,131.164,131.179,10
2020-02-20 10:26:00,131.179,131.179,131.164,131.164,2
2020-02-20 10:29:00,131.179,131.179,131.164,131.164,2
2020-02-20 10:30:00,131.179,131.179,131.164,131.164,5
2020-02-20 10:31:00,131.164,131.179,131.164,131.164,5
2020-02-20 10:32:00,131.179,131.179,131.164,131.172,13
2020-02-20 10:33:00,131.164,131.179,131.164,131.164,3
2020-02-20 10:34:00,131.148,131.156,131.148,131.156,2
2020-02-20 10:37:00,131.148,131.148,131.132,131.14,3
2020-02-20 10:38:00,131.148,131.164,131.148,131.164,4
2020-02-20 10:39:00,131.164,131.164,131.156,131.156,2
2020-02-20 10:41:00,131.164,131.179,131.164,131.179,12
2020-02-20 10:43:00,131.179,131.179,131.164,131.179,3
2020-02-20 10:44:00,131.164,131.164,131.164,131.164,1
2020-02-20 10:46:00,131.179,131.179,131.172,131.172,2
2020-02-20 10:48:00,131.179,131.179,131.164,131.172,3
2020-02-20 10:49:00,131.164,131.179,131.164,131.164,5
2020-02-20 10:52:00,131.148,131.164,131.148,131.156,5
2020-02-20 10:53:00,131.164,131.164,131.164,131.164,1
2020-02-20 10:55:00,131.148,131.148,131.148,131.148,1
2020-02-20 11:00:00,131.179,131.179,131.148,131.156,8
2020-02-20 11:01:00,131.179,131.195,131.179,131.195,7
2020-02-20 11:03:00,131.164,131.172,131.164,131.172,2
2020-02-20 11:04:00,131.179,131.179,131.179,131.179,1
2020-02-20 11:05:00,131.195,131.195,131.164,131.164,7
2020-02-20 11:06:00,131.179,131.195,131.179,131.179,15
2020-02-20 11:07:00,131.195,131.195,131.179,131.195,3
2020-02-20 11:10:00,131.21,131.21,131.202,131.21,3
2020-02-20 11:11:00,131.195,131.21,131.195,131.195,4
2020-02-20 11:14:00,131.195,131.21,131.195,131.21,25
2020-02-20 11:15:00,131.195,131.195,131.179,131.179,7
2020-02-20 11:16:00,131.195,131.195,131.179,131.179,6
2020-02-20 11:17:00,131.195,131.21,131.195,131.21,19
2020-02-20 11:18:00,131.21,131.21,131.21,131.21,1
2020-02-20 11:19:00,131.21,131.21,131.195,131.202,4
2020-02-20 11:20:00,131.195,131.195,131.195,131.195,1
2020-02-20 11:22:00,131.21,131.21,131.21,131.21,1
2020-02-20 11:24:00,131.21,131.21,131.195,131.195,2
2020-02-20 11:25:00,131.195,131.195,131.195,131.195,1
2020-02-20 11:26:00,131.195,131.21,131.195,131.21,2
2020-02-20 11:29:00,131.21,131.21,131.195,131.21,3
2020-02-20 11:31:00,131.195,131.21,131.195,131.202,8
2020-02-20 11:35:00,131.179,131.179,131.179,131.179,1
2020-02-20 11:36:00,131.195,131.195,131.179,131.188,4
2020-02-20 11:37:00,131.195,131.195,131.179,131.179,8
2020-02-20 11:39:00,131.195,131.195,131.179,131.179,16
2020-02-20 11:41:00,131.179,131.195,131.179,131.179,8
2020-02-20 11:42:00,131.179,131.195,131.179,131.195,2
2020-02-20 11:44:00,131.195,131.195,131.179,131.195,14
2020-02-20 11:48:00,131.21,131.21,131.202,131.202,2
2020-02-20 11:51:00,131.226,131.226,131.218,131.218,2
2020-02-20 11:52:00,131.226,131.242,131.21,131.242,13
2020-02-20 11:53:00,131.226,131.226,131.21,131.218,5
2020-02-20 11:54:00,131.226,131.242,131.226,131.242,11
2020-02-20 11:55:00,131.226,131.226,131.21,131.21,2
2020-02-20 11:58:00,131.242,131.242,131.242,131.242,1
2020-02-20 11:59:00,131.257,131.257,131.25,131.25,2
2020-02-20 12:00:00,131.257,131.273,131.257,131.273,6
2020-02-20 12:01:00,131.242,131.242,131.226,131.242,5
2020-02-20 12:03:00,131.257,131.257,131.242,131.257,9
2020-02-20 12:04:00,131.242,131.257,131.242,131.242,9
2020-02-20 12:05:00,131.242,131.257,131.242,131.257,10
2020-02-20 12:06:00,131.226,131.234,131.226,131.234,2
2020-02-20 12:07:00,131.242,131.242,131.226,131.242,9
2020-02-20 12:08:00,131.242,131.257,131.242,131.25,3
2020-02-20 12:11:00,131.257,131.273,131.242,131.257,5
2020-02-20 12:13:00,131.257,131.273,131.257,131.273,2
2020-02-20 12:14:00,131.273,131.273,131.257,131.273,24
2020-02-20 12:15:00,131.273,131.289,131.273,131.289,6
2020-02-20 12:17:00,131.257,131.273,131.257,131.257,5
2020-02-20 12:18:00,131.257,131.273,131.257,131.273,3
2020-02-20 12:19:00,131.242,131.273,131.242,131.273,6
2020-02-20 12:20:00,131.257,131.257,131.257,131.257,1
2020-02-20 12:21:00,131.257,131.257,131.242,131.242,2
2020-02-20 12:22:00,131.242,131.25,131.242,131.242,3
2020-02-20 12:23:00,131.257,131.257,131.242,131.257,10
2020-02-20 12:24:00,131.257,131.273,131.257,131.266,15
2020-02-20 12:25:00,131.242,131.257,131.242,131.242,11
2020-02-20 12:31:00,131.226,131.226,131.226,131.226,1
2020-02-20 12:32:00,131.242,131.242,131.226,131.234,6
2020-02-20 12:33:00,131.242,131.242,131.226,131.226,2
2020-02-20 12:36:00,131.226,131.226,131.226,131.226,1
2020-02-20 12:37:00,131.226,131.226,131.21,131.21,9
2020-02-20 12:40:00,131.226,131.242,131.226,131.242,4
2020-02-20 12:41:00,131.226,131.226,131.21,131.21,5
2020-02-20 12:42:00,131.242,131.242,131.226,131.242,17
2020-02-20 12:43:00,131.257,131.257,131.226,131.234,15
2020-02-20 12:46:00,131.242,131.242,131.242,131.242,1
2020-02-20 12:47:00,131.242,131.257,131.242,131.25,5
2020-02-20 12:48:00,131.242,131.242,131.226,131.234,3
2020-02-20 12:51:00,131.242,131.257,131.242,131.257,3
2020-02-20 12:52:00,131.242,131.257,131.242,131.257,3
2020-02-20 12:54:00,131.226,131.226,131.226,131.226,1
2020-02-20 12:55:00,131.226,131.226,131.211,131.211,6
2020-02-20 12:56:00,131.211,131.211,131.211,131.211,1
2020-02-20 12:59:00,131.226,131.226,131.226,131.226,1
2020-02-20 13:00:00,131.226,131.242,131.226,131.242,16
2020-02-20 13:01:00,131.211,131.211,131.211,131.211,1
2020-02-20 13:02:00,131.226,131.226,131.226,131.226,1
2020-02-20 13:03:00,131.211,131.211,131.211,131.211,1
2020-02-20 13:05:00,131.226,131.226,131.226,131.226,1
2020-02-20 13:06:00,131.226,131.242,131.226,131.242,7
2020-02-20 13:07:00,131.226,131.242,131.211,131.211,6
2020-02-20 13:08:00,131.226,131.242,131.211,131.211,4
2020-02-20 13:09:00,131.242,131.242,131.242,131.242,1
2020-02-20 13:10:00,131.242,131.242,131.226,131.226,20
2020-02-20 13:11:00,131.242,131.242,131.234,131.234,4
2020-02-20 13:12:00,131.242,131.242,131.226,131.226,7
2020-02-20 13:13:00,131.242,131.242,131.226,131.226,8
2020-02-20 13:14:00,131.257,131.257,131.257,131.257,1
2020-02-20 13:16:00,131.273,131.273,131.273,131.273,1
2020-02-20 13:19:00,131.273,131.289,131.257,131.257,17
2020-02-20 13:20:00,131.257,131.273,131.257,131.257,8
2020-02-20 13:21:00,131.257,131.273,131.257,131.273,12
2020-02-20 13:22:00,131.257,131.273,131.242,131.242,13
2020-02-20 13:23:00,131.273,131.273,131.257,131.273,9
2020-02-20 13:24:00,131.289,131.289,131.273,131.28,8
2020-02-20 13:25:00,131.304,131.304,131.289,131.304,14
2020-02-20 13:26:00,131.304,131.304,131.289,131.289,4
2020-02-20 13:28:00,131.304,131.32,131.304,131.32,2
2020-02-20 13:29:00,131.28,131.304,131.273,131.289,17
2020-02-20 13:30:00,131.257,131.304,131.195,131.289,120
2020-02-20 13:31:00,131.242,131.273,131.226,131.242,43
2020-02-20 13:32:00,131.211,131.273,131.211,131.25,53
2020-02-20 13:33:00,131.211,131.226,131.195,131.195,19
2020-02-20 13:34:00,131.195,131.226,131.195,131.218,28
2020-02-20 13:35:00,131.242,131.242,131.211,131.211,37
2020-02-20 13:36:00,131.273,131.304,131.257,131.257,46
2020-02-20 13:37:00,131.289,131.304,131.273,131.289,24
2020-02-20 13:38:00,131.289,131.304,131.289,131.304,6
2020-02-20 13:39:00,131.304,131.304,131.289,131.304,9
2020-02-20 13:40:00,131.304,131.32,131.304,131.32,6
2020-02-20 13:41:00,131.304,131.32,131.289,131.32,19
2020-02-20 13:42:00,131.289,131.304,131.289,131.289,7
2020-02-20 13:43:00,131.289,131.289,131.273,131.273,18
2020-02-20 13:44:00,131.289,131.304,131.289,131.304,8
2020-02-20 13:45:00,131.304,131.32,131.304,131.304,6
2020-02-20 13:46:00,131.304,131.304,131.289,131.289,2
2020-02-20 13:47:00,131.289,131.304,131.289,131.289,9
2020-02-20 13:48:00,131.257,131.273,131.257,131.273,10
2020-02-20 13:50:00,131.273,131.273,131.273,131.273,1
2020-02-20 13:51:00,131.289,131.289,131.273,131.289,9
2020-02-20 13:52:00,131.289,131.289,131.273,131.273,8
2020-02-20 13:53:00,131.257,131.28,131.257,131.28,3
2020-02-20 13:54:00,131.257,131.273,131.257,131.273,11
2020-02-20 13:55:00,131.257,131.273,131.257,131.273,3
2020-02-20 13:57:00,131.242,131.257,131.242,131.242,7
2020-02-20 13:58:00,131.242,131.257,131.242,131.257,6
2020-02-20 14:00:00,131.242,131.257,131.226,131.257,11
2020-02-20 14:01:00,131.242,131.242,131.226,131.234,9
2020-02-20 14:02:00,131.226,131.226,131.226,131.226,1
2020-02-20 14:03:00,131.211,131.211,131.211,131.211,1
2020-02-20 14:04:00,131.211,131.226,131.211,131.226,8
2020-02-20 14:05:00,131.195,131.226,131.195,131.226,5
2020-02-20 14:06:00,131.179,131.179,131.164,131.179,25
2020-02-20 14:07:00,131.195,131.195,131.164,131.164,7
2020-02-20 14:09:00,131.195,131.195,131.179,131.179,5
2020-02-20 14:10:00,131.195,131.195,131.179,131.179,2
2020-02-20 14:11:00,131.195,131.195,131.179,131.188,3
2020-02-20 14:13:00,131.211,131.211,131.211,131.211,1
2020-02-20 14:14:00,131.195,131.211,131.195,131.195,6
2020-02-20 14:16:00,131.211,131.211,131.211,131.211,1
2020-02-20 14:17:00,131.195,131.195,131.195,131.195,1
2020-02-20 14:18:00,131.179,131.179,131.164,131.179,11
2020-02-20 14:19:00,131.195,131.195,131.179,131.195,11
2020-02-20 14:21:00,131.179,131.195,131.179,131.179,4
2020-02-20 14:22:00,131.179,131.195,131.179,131.195,3
2020-02-20 14:24:00,131.179,131.179,131.164,131.172,15
2020-02-20 14:25:00,131.179,131.195,131.164,131.164,9
2020-02-20 14:27:00,131.195,131.195,131.179,131.195,6
2020-02-20 14:29:00,131.211,131.211,131.195,131.211,5
2020-02-20 14:30:00,131.211,131.211,131.195,131.195,6
2020-02-20 14:31:00,131.195,131.211,131.179,131.195,11
2020-02-20 14:32:00,131.211,131.211,131.195,131.202,10
2020-02-20 14:33:00,131.195,131.195,131.195,131.195,1
2020-02-20 14:34:00,131.195,131.211,131.195,131.211,6
2020-02-20 14:35:00,131.211,131.211,131.195,131.202,6
2020-02-20 14:36:00,131.242,131.242,131.195,131.202,11
2020-02-20 14:37:00,131.242,131.242,131.226,131.226,14
2020-02-20 14:38:00,131.226,131.242,131.226,131.226,7
2020-02-20 14:39:00,131.242,131.258,131.226,131.234,14
2020-02-20 14:40:00,131.242,131.258,131.242,131.25,3
2020-02-20 14:44:00,131.258,131.258,131.226,131.226,3
2020-02-20 14:46:00,131.273,131.273,131.258,131.273,3
2020-02-20 14:47:00,131.258,131.258,131.258,131.258,1
2020-02-20 14:48:00,131.258,131.273,131.258,131.273,14
2020-02-20 14:49:00,131.258,131.273,131.258,131.273,4
2020-02-20 14:50:00,131.242,131.258,131.226,131.242,14
2020-02-20 14:52:00,131.242,131.258,131.242,131.258,11
2020-02-20 14:53:00,131.242,131.242,131.226,131.234,3
2020-02-20 14:54:00,131.242,131.242,131.226,131.226,4
2020-02-20 14:55:00,131.242,131.242,131.226,131.226,4
2020-02-20 14:56:00,131.25,131.258,131.242,131.25,11
2020-02-20 14:57:00,131.258,131.258,131.258,131.258,1
2020-02-20 14:58:00,131.273,131.273,131.273,131.273,1
2020-02-20 15:00:00,131.258,131.273,131.258,131.258,7
2020-02-20 15:03:00,131.258,131.273,131.258,131.273,22
2020-02-20 15:04:00,131.258,131.258,131.242,131.242,10
2020-02-20 15:05:00,131.258,131.258,131.242,131.242,11
2020-02-20 15:06:00,131.242,131.258,131.242,131.242,4
2020-02-20 15:08:00,131.242,131.242,131.226,131.226,4
2020-02-20 15:09:00,131.242,131.258,131.242,131.258,2
2020-02-20 15:10:00,131.226,131.242,131.226,131.226,3
2020-02-20 15:12:00,131.242,131.242,131.242,131.242,1
2020-02-20 15:13:00,131.226,131.242,131.226,131.226,6
2020-02-20 15:14:00,131.226,131.242,131.226,131.242,12
2020-02-20 15:15:00,131.211,131.226,131.211,131.218,5
2020-02-20 15:17:00,131.226,131.226,131.218,131.218,2
2020-02-20 15:18:00,131.258,131.258,131.234,131.234,5
2020-02-20 15:19:00,131.273,131.273,131.258,131.273,13
2020-02-20 15:20:00,131.273,131.273,131.258,131.258,8
2020-02-20 15:21:00,131.273,131.273,131.258,131.258,6
2020-02-20 15:22:00,131.32,131.32,131.282,131.282,18
2020-02-20 15:23:00,131.32,131.32,131.304,131.304,28
2020-02-20 15:24:00,131.367,131.367,131.336,131.336,31
2020-02-20 15:25:00,131.351,131.383,131.351,131.383,10
2020-02-20 15:26:00,131.32,131.336,131.32,131.336,5
2020-02-20 15:27:00,131.336,131.336,131.32,131.336,11
2020-02-20 15:28:00,131.351,131.351,131.351,131.351,1
2020-02-20 15:30:00,131.367,131.383,131.351,131.367,7
2020-02-20 15:31:00,131.367,131.383,131.367,131.383,2
2020-02-20 15:32:00,131.351,131.367,131.351,131.351,9
2020-02-20 15:33:00,131.351,131.367,131.351,131.367,2
2020-02-20 15:34:00,131.351,131.367,131.351,131.367,2
2020-02-20 15:36:00,131.336,131.351,131.336,131.344,13
2020-02-20 15:37:00,131.351,131.351,131.351,131.351,1
2020-02-20 15:38:00,131.336,131.336,131.336,131.336,1
2020-02-20 15:39:00,131.336,131.351,131.336,131.351,2
2020-02-20 15:44:00,131.336,131.336,131.32,131.328,33
2020-02-20 15:45:00,131.305,131.328,131.305,131.328,7
2020-02-20 15:49:00,131.289,131.289,131.289,131.289,1
2020-02-20 15:50:00,131.289,131.305,131.289,131.305,16
2020-02-20 15:51:00,131.289,131.305,131.289,131.305,6
2020-02-20 15:53:00,131.273,131.282,131.273,131.282,2
2020-02-20 15:54:00,131.305,131.305,131.273,131.282,19
2020-02-20 15:58:00,131.32,131.32,131.32,131.32,1
2020-02-20 15:59:00,131.32,131.32,131.305,131.312,4
2020-02-20 16:00:00,131.336,131.336,131.32,131.336,3
2020-02-20 16:01:00,131.351,131.351,131.351,131.351,1
2020-02-20 16:02:00,131.351,131.367,131.351,131.367,3
2020-02-20 16:03:00,131.367,131.367,131.351,131.367,13
2020-02-20 16:05:00,131.367,131.383,131.367,131.383,3
2020-02-20 16:06:00,131.367,131.383,131.367,131.383,11
2020-02-20 16:07:00,131.383,131.383,131.367,131.383,11
2020-02-20 16:08:00,131.383,131.383,131.367,131.367,6
2020-02-20 16:10:00,131.398,131.398,131.383,131.398,6
2020-02-20 16:11:00,131.383,131.383,131.383,131.383,1
2020-02-20 16:12:00,131.383,131.398,131.383,131.39,9
2020-02-20 16:13:00,131.398,131.398,131.398,131.398,1
2020-02-20 16:14:00,131.414,131.414,131.398,131.406,8
2020-02-20 16:15:00,131.414,131.414,131.398,131.406,16
2020-02-20 16:17:00,131.43,131.43,131.414,131.43,7
2020-02-20 16:18:00,131.43,131.43,131.414,131.422,11
2020-02-20 16:19:00,131.398,131.43,131.398,131.414,6
2020-02-20 16:20:00,131.414,131.414,131.398,131.406,7
2020-02-20 16:24:00,131.398,131.43,131.398,131.43,3
2020-02-20 16:25:00,131.43,131.43,131.398,131.406,5
2020-02-20 16:26:00,131.445,131.445,131.43,131.445,11
2020-02-20 16:27:00,131.43,131.445,131.43,131.43,44
2020-02-20 16:28:00,131.445,131.445,131.43,131.445,3
2020-02-20 16:29:00,131.461,131.461,131.445,131.461,18
2020-02-20 16:30:00,131.461,131.476,131.445,131.445,14
2020-02-20 16:31:00,131.492,131.492,131.461,131.476,16
2020-02-20 16:32:00,131.508,131.523,131.476,131.476,54
2020-02-20 16:33:00,131.508,131.508,131.492,131.5,31
2020-02-20 16:34:00,131.508,131.508,131.476,131.492,16
2020-02-20 16:35:00,131.492,131.523,131.476,131.492,30
2020-02-20 16:36:00,131.461,131.492,131.445,131.476,50
2020-02-20 16:37:00,131.461,131.476,131.445,131.468,36
2020-02-20 16:38:00,131.445,131.461,131.445,131.445,5
2020-02-20 16:39:00,131.43,131.445,131.43,131.43,12
2020-02-20 16:40:00,131.461,131.461,131.445,131.445,10
2020-02-20 16:41:00,131.461,131.461,131.445,131.445,6
2020-02-20 16:42:00,131.445,131.461,131.43,131.445,8
2020-02-20 16:43:00,131.461,131.461,131.445,131.461,5
2020-02-20 16:44:00,131.461,131.476,131.461,131.468,5
2020-02-20 16:45:00,131.461,131.476,131.461,131.476,21
2020-02-20 16:46:00,131.476,131.476,131.476,131.476,1
2020-02-20 16:47:00,131.476,131.492,131.476,131.484,6
2020-02-20 16:48:00,131.492,131.492,131.476,131.492,12
2020-02-20 16:49:00,131.492,131.492,131.476,131.476,4
2020-02-20 16:50:00,131.492,131.492,131.476,131.476,10
2020-02-20 16:51:00,131.461,131.492,131.461,131.476,12
2020-02-20 16:52:00,131.476,131.476,131.476,131.476,1
2020-02-20 16:53:00,131.461,131.468,131.461,131.468,2
2020-02-20 16:54:00,131.445,131.476,131.445,131.476,7
2020-02-20 16:55:00,131.445,131.461,131.445,131.461,2
2020-02-20 16:56:00,131.445,131.461,131.445,131.461,9
2020-02-20 16:57:00,131.445,131.461,131.445,131.461,5
2020-02-20 16:58:00,131.461,131.476,131.461,131.461,9
2020-02-20 16:59:00,131.461,131.476,131.461,131.476,27
2020-02-20 17:00:00,131.461,131.476,131.461,131.476,12
2020-02-20 17:02:00,131.492,131.492,131.476,131.476,6
2020-02-20 17:03:00,131.476,131.492,131.476,131.476,3
2020-02-20 17:04:00,131.476,131.492,131.476,131.492,12
2020-02-20 17:05:00,131.476,131.492,131.476,131.492,2
2020-02-20 17:06:00,131.492,131.492,131.476,131.492,3
2020-02-20 17:07:00,131.476,131.492,131.476,131.476,27
2020-02-20 17:08:00,131.492,131.492,131.476,131.492,8
2020-02-20 17:10:00,131.461,131.492,131.452,131.476,8
2020-02-20 17:11:00,131.461,131.476,131.445,131.476,19
2020-02-20 17:12:00,131.445,131.445,131.445,131.445,1
2020-02-20 17:14:00,131.445,131.461,131.445,131.461,2
2020-02-20 17:15:00,131.461,131.476,131.461,131.461,10
2020-02-20 17:16:00,131.476,131.476,131.461,131.476,16
2020-02-20 17:17:00,131.476,131.492,131.476,131.492,4
2020-02-20 17:18:00,131.461,131.476,131.461,131.461,10
2020-02-20 17:19:00,131.445,131.461,131.445,131.445,5
2020-02-20 17:20:00,131.461,131.461,131.445,131.452,10
2020-02-20 17:21:00,131.445,131.461,131.445,131.452,4
2020-02-20 17:22:00,131.461,131.461,131.445,131.461,6
2020-02-20 17:23:00,131.461,131.476,131.445,131.445,10
2020-02-20 17:24:00,131.445,131.445,131.445,131.445,1
2020-02-20 17:25:00,131.445,131.445,131.43,131.43,2
2020-02-20 17:26:00,131.461,131.461,131.445,131.461,3
2020-02-20 17:27:00,131.445,131.461,131.445,131.445,6
2020-02-20 17:29:00,131.461,131.461,131.445,131.461,5
2020-02-20 17:30:00,131.445,131.476,131.445,131.445,12
2020-02-20 17:31:00,131.461,131.476,131.445,131.461,16
2020-02-20 17:32:00,131.476,131.476,131.461,131.476,13
2020-02-20 17:33:00,131.461,131.476,131.461,131.461,8
2020-02-20 17:34:00,131.445,131.445,131.43,131.445,8
2020-02-20 17:35:00,131.43,131.445,131.43,131.43,25
2020-02-20 17:36:00,131.461,131.461,131.445,131.445,6
2020-02-20 17:37:00,131.445,131.445,131.445,131.445,1
2020-02-20 17:38:00,131.445,131.461,131.445,131.461,6
2020-02-20 17:39:00,131.461,131.461,131.461,131.461,1
2020-02-20 17:40:00,131.445,131.461,131.445,131.445,4
2020-02-20 17:41:00,131.445,131.461,131.445,131.461,6
2020-02-20 17:43:00,131.461,131.461,131.43,131.438,5
2020-02-20 17:44:00,131.461,131.461,131.445,131.445,4
2020-02-20 17:45:00,131.461,131.461,131.445,131.454,3
2020-02-20 17:47:00,131.414,131.445,131.398,131.445,14
2020-02-20 17:48:00,131.43,131.43,131.398,131.398,27
2020-02-20 17:49:00,131.414,131.414,131.398,131.414,3
2020-02-20 17:50:00,131.414,131.43,131.414,131.43,6
2020-02-20 17:51:00,131.414,131.414,131.398,131.398,4
2020-02-20 17:52:00,131.414,131.43,131.414,131.43,2
2020-02-20 17:54:00,131.414,131.414,131.398,131.398,6
2020-02-20 17:55:00,131.398,131.414,131.398,131.398,3
2020-02-20 17:56:00,131.398,131.398,131.383,131.383,7
2020-02-20 17:57:00,131.398,131.398,131.383,131.383,9
2020-02-20 17:58:00,131.383,131.39,131.383,131.39,2
2020-02-20 18:00:00,131.398,131.398,131.383,131.398,3
2020-02-20 18:01:00,131.398,131.398,131.383,131.383,5
2020-02-20 18:03:00,131.398,131.414,131.398,131.414,14
2020-02-20 18:04:00,131.398,131.414,131.398,131.414,4
2020-02-20 18:05:00,131.398,131.414,131.398,131.406,3
2020-02-20 18:06:00,131.398,131.414,131.383,131.406,15
2020-02-20 18:07:00,131.383,131.383,131.383,131.383,1
2020-02-20 18:08:00,131.367,131.376,131.352,131.367,9
2020-02-20 18:09:00,131.367,131.367,131.352,131.352,2
2020-02-20 18:10:00,131.352,131.367,131.352,131.352,12
2020-02-20 18:11:00,131.336,131.352,131.336,131.336,19
2020-02-20 18:14:00,131.336,131.352,131.336,131.352,19
2020-02-20 18:15:00,131.352,131.352,131.336,131.352,13
2020-02-20 18:17:00,131.367,131.367,131.36,131.36,2
2020-02-20 18:18:00,131.367,131.383,131.367,131.383,3
2020-02-20 18:19:00,131.383,131.383,131.367,131.383,13
2020-02-20 18:20:00,131.383,131.383,131.367,131.367,4
2020-02-20 18:21:00,131.383,131.398,131.367,131.376,16
2020-02-20 18:23:00,131.383,131.383,131.367,131.367,4
2020-02-20 18:26:00,131.383,131.398,131.383,131.39,6
2020-02-20 18:27:00,131.367,131.383,131.367,131.376,8
2020-02-20 18:28:00,131.383,131.383,131.352,131.352,6
2020-02-20 18:31:00,131.383,131.398,131.383,131.39,3
2020-02-20 18:33:00,131.367,131.383,131.367,131.367,3
2020-02-20 18:34:00,131.367,131.367,131.352,131.352,10
2020-02-20 18:36:00,131.367,131.383,131.367,131.383,9
2020-02-20 18:37:00,131.398,131.398,131.367,131.383,4
2020-02-20 18:38:00,131.398,131.398,131.383,131.39,3
2020-02-20 18:39:00,131.383,131.383,131.367,131.383,5
2020-02-20 18:40:00,131.367,131.383,131.367,131.367,12
2020-02-20 18:41:00,131.398,131.398,131.383,131.383,2
2020-02-20 18:42:00,131.398,131.398,131.383,131.383,4
2020-02-20 18:44:00,131.383,131.398,131.383,131.383,4
2020-02-20 18:45:00,131.367,131.367,131.367,131.367,1
2020-02-20 18:47:00,131.367,131.367,131.352,131.36,3
2020-02-20 18:51:00,131.352,131.352,131.352,131.352,1
2020-02-20 18:52:00,131.367,131.367,131.367,131.367,1
2020-02-20 18:56:00,131.383,131.383,131.352,131.352,10
2020-02-20 18:57:00,131.383,131.383,131.367,131.367,2
2020-02-20 19:00:00,131.367,131.383,131.367,131.367,7
2020-02-20 19:01:00,131.367,131.367,131.352,131.352,8
2020-02-20 19:02:00,131.367,131.367,131.352,131.352,4
2020-02-20 19:03:00,131.367,131.367,131.352,131.352,11
2020-02-20 19:04:00,131.367,131.367,131.352,131.352,8
2020-02-20 19:05:00,131.336,131.367,131.336,131.352,4
2020-02-20 19:06:00,131.336,131.352,131.336,131.352,2
2020-02-20 19:08:00,131.352,131.352,131.336,131.352,4
2020-02-20 19:10:00,131.367,131.367,131.336,131.336,23
2020-02-20 19:14:00,131.352,131.352,131.352,131.352,1
2020-02-20 19:16:00,131.352,131.367,131.352,131.36,11
2020-02-20 19:17:00,131.352,131.367,131.352,131.36,3
2020-02-20 19:19:00,131.367,131.367,131.36,131.36,2
2020-02-20 19:20:00,131.367,131.367,131.352,131.352,9
2020-02-20 19:21:00,131.367,131.367,131.352,131.352,11
2020-02-20 19:22:00,131.352,131.367,131.352,131.352,8
2020-02-20 19:23:00,131.352,131.367,131.352,131.367,2
2020-02-20 19:26:00,131.367,131.367,131.367,131.367,1
2020-02-20 19:28:00,131.352,131.352,131.352,131.352,1
2020-02-20 19:29:00,131.367,131.367,131.352,131.367,3
2020-02-20 19:31:00,131.352,131.367,131.352,131.352,3
2020-02-20 19:32:00,131.352,131.352,131.336,131.336,7
2020-02-20 19:33:00,131.336,131.367,131.336,131.367,30
2020-02-20 19:34:00,131.352,131.352,131.336,131.344,4
2020-02-20 19:35:00,131.352,131.352,131.336,131.336,12
2020-02-20 19:36:00,131.352,131.367,131.352,131.367,2
2020-02-20 19:38:00,131.352,131.352,131.336,131.336,2
2020-02-20 19:44:00,131.336,131.336,131.336,131.336,1
2020-02-20 19:48:00,131.352,131.352,131.352,131.352,1
2020-02-20 19:49:00,131.336,131.336,131.336,131.336,1
2020-02-20 19:51:00,131.336,131.352,131.336,131.352,3
2020-02-20 19:52:00,131.352,131.352,131.336,131.352,5
2020-02-20 19:55:00,131.336,131.352,131.336,131.344,9
2020-02-20 19:56:00,131.352,131.352,131.352,131.352,1
2020-02-20 19:58:00,131.367,131.367,131.367,131.367,1
2020-02-20 19:59:00,131.367,131.383,131.367,131.383,2
2020-02-20 20:00:00,131.367,131.383,131.367,131.383,3
2020-02-20 20:09:00,131.367,131.383,131.367,131.376,5
2020-02-20 20:10:00,131.383,131.383,131.383,131.383,1
2020-02-20 20:11:00,131.399,131.399,131.383,131.399,14
2020-02-20 20:12:00,131.414,131.414,131.414,131.414,1
2020-02-20 20:13:00,131.414,131.43,131.414,131.43,6
2020-02-20 20:14:00,131.414,131.43,131.414,131.422,3
2020-02-20 20:15:00,131.414,131.43,131.399,131.43,5
2020-02-20 20:16:00,131.399,131.414,131.399,131.399,5
2020-02-20 20:17:00,131.414,131.414,131.399,131.414,3
2020-02-20 20:18:00,131.399,131.399,131.399,131.399,1
2020-02-20 20:19:00,131.399,131.414,131.399,131.406,8
2020-02-20 20:20:00,131.399,131.414,131.383,131.406,11
2020-02-20 20:23:00,131.399,131.399,131.383,131.383,4
2020-02-20 20:24:00,131.383,131.399,131.383,131.383,20
2020-02-20 20:26:00,131.399,131.399,131.383,131.399,9
2020-02-20 20:27:00,131.399,131.399,131.383,131.383,9
2020-02-20 20:35:00,131.414,131.414,131.399,131.414,9
2020-02-20 20:37:00,131.399,131.399,131.399,131.399,1
2020-02-20 20:38:00,131.399,131.414,131.399,131.414,3
2020-02-20 20:39:00,131.399,131.414,131.399,131.414,4
2020-02-20 20:46:00,131.414,131.414,131.414,131.414,1
2020-02-20 20:51:00,131.399,131.406,131.399,131.406,2
2020-02-20 20:54:00,131.383,131.399,131.383,131.383,24
2020-02-20 21:03:00,131.414,131.414,131.39,131.39,3
2020-02-20 21:05:00,131.414,131.414,131.399,131.399,8
2020-02-20 21:09:00,131.399,131.414,131.399,131.399,3
2020-02-20 21:11:00,131.414,131.414,131.414,131.414,1
2020-02-20 21:12:00,131.43,131.43,131.43,131.43,1
2020-02-20 21:13:00,131.414,131.414,131.414,131.414,1
2020-02-20 21:14:00,131.414,131.43,131.414,131.43,2
2020-02-20 21:15:00,131.43,131.43,131.43,131.43,1
2020-02-20 21:16:00,131.414,131.422,131.414,131.422,2
2020-02-20 21:19:00,131.43,131.43,131.414,131.43,11
2020-02-20 21:20:00,131.43,131.43,131.414,131.422,9
2020-02-20 21:21:00,131.43,131.43,131.414,131.414,7
2020-02-20 21:22:00,131.414,131.43,131.414,131.414,5
2020-02-20 21:24:00,131.43,131.43,131.43,131.43,1
2020-02-20 21:27:00,131.43,131.43,131.414,131.414,11
2020-02-20 21:31:00,131.414,131.414,131.414,131.414,1
2020-02-20 21:46:00,131.43,131.43,131.43,131.43,1
2020-02-20 21:54:00,131.43,131.446,131.43,131.446,10
2020-02-20 21:57:00,131.43,131.43,131.414,131.422,3
2020-02-20 21:58:00,131.43,131.43,131.414,131.414,2
2020-02-20 21:59:00,131.43,131.43,131.43,131.43,1
2020-02-20 23:00:00,131.43,131.43,131.415,131.43,3
2020-02-20 23:01:00,131.43,131.43,131.415,131.415,2
2020-02-20 23:02:00,131.43,131.446,131.43,131.446,2
2020-02-20 23:04:00,131.415,131.43,131.399,131.422,9
2020-02-20 23:06:00,131.43,131.43,131.43,131.43,1
2020-02-20 23:07:00,131.446,131.446,131.43,131.438,4
2020-02-20 23:08:00,131.446,131.446,131.43,131.438,5
2020-02-20 23:09:00,131.446,131.446,131.43,131.43,2
2020-02-20 23:10:00,131.43,131.43,131.43,131.43,1
2020-02-20 23:11:00,131.43,131.446,131.43,131.446,2
2020-02-20 23:15:00,131.461,131.461,131.446,131.446,4
2020-02-20 23:17:00,131.461,131.461,131.446,131.446,2
2020-02-20 23:18:00,131.446,131.446,131.446,131.446,1
2020-02-20 23:20:00,131.461,131.461,131.446,131.461,8
2020-02-20 23:21:00,131.446,131.446,131.446,131.446,1
2020-02-20 23:22:00,131.461,131.461,131.446,131.461,7
2020-02-20 23:24:00,131.446,131.461,131.446,131.446,3
2020-02-20 23:25:00,131.461,131.461,131.446,131.454,5
2020-02-20 23:26:00,131.446,131.446,131.446,131.446,1
2020-02-20 23:27:00,131.446,131.461,131.446,131.461,6
2020-02-20 23:28:00,131.461,131.461,131.461,131.461,1
2020-02-20 23:30:00,131.446,131.454,131.446,131.454,2
2020-02-20 23:31:00,131.446,131.446,131.43,131.43,2
2020-02-20 23:33:00,131.446,131.461,131.446,131.461,2
2020-02-20 23:34:00,131.461,131.461,131.461,131.461,1
2020-02-20 23:35:00,131.461,131.461,131.446,131.446,8
2020-02-20 23:36:00,131.446,131.461,131.446,131.446,7
2020-02-20 23:42:00,131.43,131.43,131.43,131.43,1
2020-02-20 23:43:00,131.415,131.43,131.415,131.415,3
2020-02-20 23:47:00,131.461,131.493,131.422,131.422,29
2020-02-20 23:49:00,131.461,131.477,131.446,131.477,11
2020-02-20 23:50:00,131.477,131.477,131.461,131.477,15
2020-02-20 23:51:00,131.477,131.493,131.477,131.493,5
2020-02-20 23:52:00,131.477,131.493,131.477,131.493,2
2020-02-20 23:53:00,131.477,131.477,131.461,131.461,3
2020-02-20 23:54:00,131.461,131.47,131.446,131.47,7
2020-02-20 23:55:00,131.446,131.446,131.446,131.446,1
2020-02-20 23:57:00,131.461,131.461,131.461,131.461,1
2020-02-20 23:58:00,131.461,131.477,131.461,131.477,13
2020-02-20 23:59:00,131.461,131.477,131.461,131.477,4
2020-02-21 00:00:00,131.461,131.461,131.446,131.454,11
2020-02-21 00:01:00,131.43,131.461,131.43,131.446,18
2020-02-21 00:02:00,131.422,131.43,131.415,131.415,17
2020-02-21 00:03:00,131.43,131.43,131.415,131.43,22
2020-02-21 00:04:00,131.415,131.43,131.415,131.415,9
2020-02-21 00:05:00,131.415,131.43,131.399,131.43,6
2020-02-21 00:08:00,131.415,131.415,131.399,131.399,2
2020-02-21 00:09:00,131.415,131.415,131.399,131.399,8
2020-02-21 00:10:00,131.415,131.415,131.399,131.399,6
2020-02-21 00:12:00,131.43,131.43,131.43,131.43,1
2020-02-21 00:15:00,131.43,131.43,131.415,131.415,4
2020-02-21 00:20:00,131.415,131.415,131.415,131.415,1
2020-02-21 00:22:00,131.399,131.415,131.399,131.399,12
2020-02-21 00:23:00,131.415,131.415,131.399,131.415,7
2020-02-21 00:27:00,131.43,131.446,131.43,131.43,5
2020-02-21 00:29:00,131.415,131.43,131.415,131.415,13
2020-02-21 00:30:00,131.43,131.43,131.415,131.43,13
2020-02-21 00:32:00,131.415,131.415,131.415,131.415,1
2020-02-21 00:33:00,131.415,131.415,131.399,131.406,4
2020-02-21 00:35:00,131.415,131.415,131.399,131.399,5
2020-02-21 00:37:00,131.399,131.399,131.399,131.399,1
2020-02-21 00:39:00,131.383,131.399,131.383,131.383,8
2020-02-21 00:40:00,131.399,131.399,131.383,131.399,9
2020-02-21 00:41:00,131.399,131.399,131.383,131.383,2
2020-02-21 00:42:00,131.383,131.383,131.383,131.383,1
2020-02-21 00:43:00,131.399,131.399,131.399,131.399,1
2020-02-21 00:44:00,131.415,131.43,131.406,131.406,9
2020-02-21 00:47:00,131.43,131.43,131.422,131.422,2
2020-02-21 00:48:00,131.415,131.422,131.415,131.415,3
2020-02-21 00:50:00,131.415,131.415,131.399,131.399,2
2020-02-21 00:51:00,131.399,131.399,131.399,131.399,1
2020-02-21 00:52:00,131.399,131.415,131.399,131.406,12
2020-02-21 00:53:00,131.415,131.415,131.399,131.415,9
2020-02-21 00:54:00,131.399,131.415,131.399,131.406,18
2020-02-21 00:55:00,131.399,131.415,131.399,131.415,2
2020-02-21 00:57:00,131.399,131.399,131.383,131.383,2
2020-02-21 00:59:00,131.383,131.399,131.383,131.383,3
2020-02-21 01:00:00,131.461,131.477,131.399,131.399,22
2020-02-21 01:01:00,131.446,131.461,131.446,131.446,19
2020-02-21 01:02:00,131.461,131.461,131.446,131.461,8
2020-02-21 01:03:00,131.446,131.461,131.446,131.454,8
2020-02-21 01:04:00,131.461,131.461,131.446,131.454,13
2020-02-21 01:06:00,131.446,131.461,131.446,131.446,8
2020-02-21 01:07:00,131.43,131.43,131.43,131.43,1
2020-02-21 01:09:00,131.446,131.446,131.446,131.446,1
2020-02-21 01:10:00,131.446,131.461,131.446,131.461,4
2020-02-21 01:13:00,131.446,131.446,131.43,131.438,4
2020-02-21 01:15:00,131.446,131.446,131.43,131.43,12
2020-02-21 01:16:00,131.446,131.462,131.446,131.462,4
2020-02-21 01:21:00,131.462,131.462,131.462,131.462,1
2020-02-21 01:27:00,131.477,131.477,131.47,131.47,2
2020-02-21 01:29:00,131.493,131.493,131.477,131.493,3
2020-02-21 01:30:00,131.477,131.493,131.462,131.477,12
2020-02-21 01:31:00,131.462,131.462,131.462,131.462,1
2020-02-21 01:32:00,131.477,131.477,131.477,131.477,1
2020-02-21 01:35:00,131.477,131.493,131.477,131.493,2
2020-02-21 01:36:00,131.477,131.493,131.477,131.493,2
2020-02-21 01:38:00,131.477,131.477,131.462,131.462,6
2020-02-21 01:39:00,131.477,131.477,131.462,131.462,2
2020-02-21 01:40:00,131.462,131.477,131.462,131.462,7
2020-02-21 01:43:00,131.477,131.477,131.477,131.477,1
2020-02-21 01:45:00,131.493,131.493,131.477,131.493,3
2020-02-21 01:46:00,131.493,131.493,131.477,131.477,3
2020-02-21 01:47:00,131.508,131.508,131.493,131.508,7
2020-02-21 01:48:00,131.508,131.508,131.493,131.493,7
2020-02-21 01:50:00,131.493,131.493,131.493,131.493,1
2020-02-21 01:52:00,131.508,131.508,131.493,131.5,3
2020-02-21 01:53:00,131.508,131.508,131.493,131.493,5
2020-02-21 01:54:00,131.508,131.508,131.493,131.493,2
2020-02-21 01:55:00,131.493,131.493,131.493,131.493,1
2020-02-21 01:57:00,131.477,131.477,131.477,131.477,1
2020-02-21 01:58:00,131.493,131.493,131.477,131.493,3
2020-02-21 01:59:00,131.493,131.508,131.493,131.508,2
2020-02-21 02:01:00,131.493,131.508,131.493,131.508,2
2020-02-21 02:02:00,131.508,131.508,131.508,131.508,1
2020-02-21 02:03:00,131.524,131.524,131.524,131.524,1
2020-02-21 02:04:00,131.508,131.524,131.508,131.516,18
2020-02-21 02:05:00,131.524,131.524,131.508,131.524,5
2020-02-21 02:06:00,131.508,131.524,131.508,131.508,3
2020-02-21 02:07:00,131.524,131.524,131.516,131.516,2
2020-02-21 02:14:00,131.524,131.524,131.508,131.508,2
2020-02-21 02:15:00,131.508,131.524,131.508,131.508,10
2020-02-21 02:17:00,131.524,131.524,131.524,131.524,1
2020-02-21 02:19:00,131.54,131.54,131.54,131.54,1
2020-02-21 02:21:00,131.54,131.54,131.524,131.524,12
2020-02-21 02:22:00,131.54,131.54,131.524,131.524,2
2020-02-21 02:24:00,131.54,131.555,131.54,131.555,2
2020-02-21 02:25:00,131.54,131.555,131.54,131.555,2
2020-02-21 02:26:00,131.555,131.555,131.54,131.555,5
2020-02-21 02:28:00,131.555,131.555,131.54,131.54,6
2020-02-21 02:31:00,131.54,131.555,131.54,131.54,5
2020-02-21 02:32:00,131.54,131.555,131.54,131.555,14
2020-02-21 02:33:00,131.54,131.555,131.54,131.555,4
2020-02-21 02:34:00,131.555,131.555,131.54,131.555,4
2020-02-21 02:35:00,131.555,131.555,131.54,131.54,2
2020-02-21 02:36:00,131.54,131.555,131.54,131.54,5
2020-02-21 02:39:00,131.54,131.54,131.524,131.524,8
2020-02-21 02:40:00,131.524,131.524,131.524,131.524,1
2020-02-21 02:41:00,131.54,131.54,131.524,131.532,5
2020-02-21 02:43:00,131.54,131.54,131.524,131.524,11
2020-02-21 02:45:00,131.54,131.54,131.524,131.524,4
2020-02-21 02:53:00,131.555,131.555,131.555,131.555,1
2020-02-21 02:57:00,131.555,131.555,131.54,131.54,2
2020-02-21 02:58:00,131.555,131.555,131.54,131.54,3
2020-02-21 02:59:00,131.54,131.54,131.54,131.54,1
2020-02-21 03:04:00,131.555,131.555,131.54,131.555,4
2020-02-21 03:06:00,131.571,131.571,131.555,131.571,6
2020-02-21 03:11:00,131.587,131.587,131.587,131.587,1
2020-02-21 03:12:00,131.587,131.587,131.571,131.571,8
2020-02-21 03:13:00,131.571,131.571,131.571,131.571,1
2020-02-21 03:18:00,131.571,131.587,131.571,131.587,18
2020-02-21 03:20:00,131.571,131.571,131.555,131.555,2
2020-02-21 03:23:00,131.571,131.587,131.571,131.578,3
2020-02-21 03:26:00,131.571,131.571,131.555,131.555,2
2020-02-21 03:27:00,131.54,131.555,131.54,131.555,19
2020-02-21 03:29:00,131.54,131.555,131.54,131.555,6
2020-02-21 03:30:00,131.555,131.555,131.54,131.548,5
2020-02-21 03:31:00,131.555,131.555,131.54,131.548,3
2020-02-21 03:33:00,131.555,131.571,131.555,131.571,4
2020-02-21 03:34:00,131.555,131.571,131.555,131.571,2
2020-02-21 03:39:00,131.571,131.571,131.555,131.571,4
2020-02-21 03:40:00,131.555,131.555,131.555,131.555,1
2020-02-21 03:42:00,131.571,131.571,131.571,131.571,1
2020-02-21 03:43:00,131.555,131.555,131.555,131.555,1
2020-02-21 04:18:00,131.571,131.571,131.571,131.571,1
2020-02-21 04:27:00,131.602,131.602,131.578,131.578,3
2020-02-21 04:28:00,131.587,131.587,131.587,131.587,1
2020-02-21 04:30:00,131.587,131.587,131.571,131.571,2
2020-02-21 04:31:00,131.571,131.587,131.571,131.578,7
2020-02-21 04:35:00,131.587,131.587,131.571,131.587,3
2020-02-21 04:40:00,131.587,131.587,131.571,131.571,3
2020-02-21 04:43:00,131.587,131.602,131.587,131.602,3
2020-02-21 04:44:00,131.587,131.587,131.571,131.571,2
2020-02-21 04:45:00,131.571,131.571,131.571,131.571,1
2020-02-21 04:53:00,131.571,131.587,131.571,131.587,2
2020-02-21 04:54:00,131.587,131.587,131.587,131.587,1
2020-02-21 05:07:00,131.587,131.602,131.587,131.602,2
2020-02-21 05:08:00,131.587,131.602,131.587,131.602,7
2020-02-21 05:09:00,131.602,131.602,131.587,131.602,5
2020-02-21 05:11:00,131.587,131.587,131.587,131.587,1
2020-02-21 05:14:00,131.602,131.602,131.594,131.594,2
2020-02-21 05:15:00,131.587,131.602,131.587,131.594,3
2020-02-21 05:16:00,131.587,131.602,131.587,131.594,3
2020-02-21 05:24:00,131.602,131.602,131.602,131.602,1
2020-02-21 05:28:00,131.618,131.618,131.618,131.618,1
2020-02-21 05:30:00,131.634,131.634,131.634,131.634,1
2020-02-21 05:31:00,131.618,131.618,131.618,131.618,1
2020-02-21 05:34:00,131.634,131.634,131.618,131.634,7
2020-02-21 05:35:00,131.618,131.634,131.618,131.618,3
2020-02-21 05:36:00,131.634,131.634,131.634,131.634,1
2020-02-21 05:44:00,131.618,131.618,131.618,131.618,1
2020-02-21 05:48:00,131.634,131.634,131.634,131.634,1
2020-02-21 05:49:00,131.649,131.649,131.634,131.649,3
2020-02-21 05:52:00,131.634,131.634,131.634,131.634,1
2020-02-21 06:01:00,131.618,131.618,131.618,131.618,1
2020-02-21 06:05:00,131.634,131.634,131.634,131.634,1
2020-02-21 06:08:00,131.634,131.649,131.634,131.642,3
2020-02-21 06:11:00,131.618,131.634,131.618,131.618,3
2020-02-21 06:12:00,131.634,131.634,131.634,131.634,1
2020-02-21 06:15:00,131.618,131.618,131.618,131.618,1
2020-02-21 06:16:00,131.634,131.634,131.634,131.634,1
2020-02-21 06:17:00,131.649,131.649,131.634,131.649,7
2020-02-21 06:25:00,131.649,131.665,131.649,131.658,3
2020-02-21 06:37:00,131.649,131.665,131.649,131.665,4
2020-02-21 06:38:00,131.649,131.665,131.649,131.658,9
2020-02-21 06:39:00,131.649,131.649,131.634,131.634,7
2020-02-21 06:42:00,131.649,131.649,131.634,131.634,11
2020-02-21 06:43:00,131.634,131.649,131.634,131.634,3
2020-02-21 06:45:00,131.634,131.634,131.618,131.626,5
2020-02-21 06:46:00,131.634,131.634,131.618,131.618,2
2020-02-21 06:47:00,131.618,131.634,131.618,131.618,5
2020-02-21 06:48:00,131.634,131.634,131.618,131.634,5
2020-02-21 06:49:00,131.618,131.626,131.618,131.626,2
2020-02-21 06:51:00,131.603,131.603,131.587,131.603,8
2020-02-21 06:52:00,131.603,131.603,131.587,131.587,29
2020-02-21 06:54:00,131.587,131.603,131.587,131.587,7
2020-02-21 06:55:00,131.587,131.603,131.587,131.603,4
2020-02-21 06:56:00,131.594,131.603,131.587,131.603,7
2020-02-21 06:57:00,131.603,131.603,131.603,131.603,1
2020-02-21 06:59:00,131.618,131.618,131.603,131.618,3
2020-02-21 07:00:00,131.587,131.618,131.587,131.603,16
2020-02-21 07:01:00,131.603,131.603,131.587,131.594,4
2020-02-21 07:02:00,131.634,131.634,131.603,131.618,4
2020-02-21 07:05:00,131.618,131.618,131.603,131.618,18
2020-02-21 07:07:00,131.618,131.634,131.618,131.634,4
2020-02-21 07:08:00,131.634,131.634,131.618,131.634,6
2020-02-21 07:10:00,131.618,131.649,131.618,131.649,5
2020-02-21 07:11:00,131.618,131.634,131.603,131.634,8
2020-02-21 07:12:00,131.634,131.634,131.618,131.634,15
2020-02-21 07:13:00,131.618,131.634,131.618,131.626,10
2020-02-21 07:14:00,131.618,131.634,131.603,131.634,14
2020-02-21 07:15:00,131.618,131.634,131.618,131.634,2
2020-02-21 07:16:00,131.587,131.603,131.571,131.603,4
2020-02-21 07:17:00,131.587,131.587,131.571,131.571,7
2020-02-21 07:18:00,131.618,131.618,131.587,131.603,40
2020-02-21 07:19:00,131.618,131.634,131.603,131.603,21
2020-02-21 07:20:00,131.618,131.65,131.603,131.634,19
2020-02-21 07:22:00,131.634,131.634,131.603,131.603,7
2020-02-21 07:24:00,131.65,131.65,131.634,131.65,6
2020-02-21 07:25:00,131.634,131.634,131.634,131.634,1
2020-02-21 07:26:00,131.634,131.65,131.634,131.65,2
2020-02-21 07:27:00,131.634,131.634,131.618,131.618,5
2020-02-21 07:28:00,131.634,131.634,131.618,131.618,2
2020-02-21 07:29:00,131.65,131.65,131.634,131.65,7
2020-02-21 07:30:00,131.634,131.65,131.634,131.634,14
2020-02-21 07:31:00,131.65,131.65,131.634,131.65,9
2020-02-21 07:32:00,131.65,131.65,131.634,131.642,7
2020-02-21 07:34:00,131.65,131.665,131.65,131.665,5
2020-02-21 07:36:00,131.665,131.665,131.65,131.665,9
2020-02-21 07:37:00,131.65,131.665,131.65,131.65,6
2020-02-21 07:38:00,131.665,131.665,131.65,131.665,7
2020-02-21 07:41:00,131.665,131.665,131.65,131.65,6
2020-02-21 07:42:00,131.665,131.681,131.665,131.681,2
2020-02-21 07:44:00,131.665,131.665,131.65,131.65,15
2020-02-21 07:45:00,131.65,131.665,131.65,131.65,11
2020-02-21 07:46:00,131.634,131.634,131.618,131.634,6
2020-02-21 07:47:00,131.65,131.65,131.65,131.65,1
2020-02-21 07:48:00,131.665,131.665,131.65,131.665,3
2020-02-21 07:49:00,131.65,131.665,131.65,131.65,13
2020-02-21 07:50:00,131.65,131.665,131.65,131.665,4
2020-02-21 07:51:00,131.665,131.665,131.665,131.665,1
2020-02-21 07:52:00,131.681,131.681,131.681,131.681,1
2020-02-21 07:53:00,131.665,131.681,131.665,131.665,3
2020-02-21 07:54:00,131.665,131.665,131.65,131.65,8
2020-02-21 07:55:00,131.665,131.665,131.65,131.65,4
2020-02-21 07:56:00,131.665,131.681,131.665,131.681,6
2020-02-21 07:57:00,131.665,131.681,131.665,131.681,5
2020-02-21 07:58:00,131.681,131.681,131.665,131.681,5
2020-02-21 07:59:00,131.681,131.681,131.665,131.665,2
2020-02-21 08:00:00,131.681,131.696,131.665,131.665,5
2020-02-21 08:01:00,131.728,131.728,131.681,131.696,68
2020-02-21 08:02:00,131.728,131.743,131.712,131.712,11
2020-02-21 08:03:00,131.728,131.743,131.728,131.743,9
2020-02-21 08:04:00,131.728,131.743,131.728,131.743,6
2020-02-21 08:05:00,131.759,131.759,131.728,131.743,7
2020-02-21 08:06:00,131.775,131.775,131.743,131.752,16
2020-02-21 08:07:00,131.79,131.79,131.775,131.782,20
2020-02-21 08:08:00,131.775,131.79,131.775,131.775,39
2020-02-21 08:09:00,131.775,131.79,131.775,131.782,6
2020-02-21 08:10:00,131.79,131.79,131.775,131.79,10
2020-02-21 08:11:00,131.759,131.79,131.743,131.775,15
2020-02-21 08:12:00,131.759,131.759,131.743,131.752,15
2020-02-21 08:13:00,131.759,131.759,131.743,131.743,2
2020-02-21 08:14:00,131.759,131.759,131.743,131.743,2
2020-02-21 08:15:00,131.728,131.775,131.728,131.743,47
2020-02-21 08:16:00,131.728,131.728,131.696,131.712,14
2020-02-21 08:17:00,131.712,131.743,131.712,131.736,20
2020-02-21 08:18:00,131.728,131.743,131.728,131.728,11
2020-02-21 08:19:00,131.728,131.728,131.712,131.72,23
2020-02-21 08:20:00,131.712,131.728,131.696,131.712,16
2020-02-21 08:21:00,131.696,131.712,131.696,131.704,7
2020-02-21 08:22:00,131.712,131.712,131.696,131.712,5
2020-02-21 08:23:00,131.728,131.728,131.712,131.728,18
2020-02-21 08:24:00,131.743,131.743,131.743,131.743,1
2020-02-21 08:27:00,131.743,131.759,131.743,131.759,23
2020-02-21 08:28:00,131.743,131.743,131.728,131.736,7
2020-02-21 08:29:00,131.759,131.759,131.743,131.759,6
2020-02-21 08:30:00,131.681,131.752,131.665,131.752,106
2020-02-21 08:31:00,131.665,131.681,131.65,131.665,50
2020-02-21 08:32:00,131.681,131.681,131.634,131.65,28
2020-02-21 08:33:00,131.681,131.681,131.665,131.665,29
2020-02-21 08:34:00,131.681,131.696,131.665,131.665,17
2020-02-21 08:35:00,131.665,131.681,131.65,131.673,24
2020-02-21 08:36:00,131.681,131.681,131.665,131.681,5
2020-02-21 08:37:00,131.681,131.696,131.665,131.696,12
2020-02-21 08:38:00,131.665,131.681,131.665,131.674,7
2020-02-21 08:39:00,131.65,131.665,131.65,131.65,28
2020-02-21 08:40:00,131.65,131.65,131.634,131.634,4
2020-02-21 08:41:00,131.681,131.681,131.658,131.658,17
2020-02-21 08:42:00,131.681,131.681,131.665,131.665,13
2020-02-21 08:43:00,131.681,131.696,131.681,131.696,7
2020-02-21 08:44:00,131.665,131.681,131.665,131.674,10
2020-02-21 08:45:00,131.665,131.665,131.65,131.65,3
2020-02-21 08:46:00,131.665,131.681,131.665,131.681,13
2020-02-21 08:47:00,131.665,131.665,131.65,131.65,17
2020-02-21 08:48:00,131.681,131.681,131.665,131.681,6
2020-02-21 08:49:00,131.696,131.696,131.681,131.696,3
2020-02-21 08:50:00,131.681,131.696,131.681,131.681,5
2020-02-21 08:51:00,131.665,131.681,131.665,131.665,16
2020-02-21 08:53:00,131.681,131.681,131.665,131.681,8
2020-02-21 08:55:00,131.696,131.712,131.696,131.696,5
2020-02-21 08:56:00,131.712,131.712,131.696,131.704,11
2020-02-21 08:58:00,131.696,131.704,131.696,131.704,2
2020-02-21 08:59:00,131.681,131.696,131.681,131.688,4
2020-02-21 09:00:00,131.65,131.681,131.634,131.665,17
2020-02-21 09:01:00,131.665,131.665,131.634,131.634,10
2020-02-21 09:02:00,131.665,131.681,131.665,131.681,4
2020-02-21 09:03:00,131.665,131.681,131.665,131.681,5
2020-02-21 09:04:00,131.665,131.681,131.665,131.681,2
2020-02-21 09:05:00,131.665,131.665,131.65,131.65,9
2020-02-21 09:06:00,131.665,131.665,131.65,131.65,13
2020-02-21 09:07:00,131.665,131.681,131.665,131.681,15
2020-02-21 09:08:00,131.681,131.681,131.665,131.681,5
2020-02-21 09:10:00,131.665,131.681,131.665,131.665,9
2020-02-21 09:11:00,131.681,131.681,131.681,131.681,1
2020-02-21 09:12:00,131.697,131.697,131.688,131.688,2
2020-02-21 09:13:00,131.681,131.697,131.681,131.688,4
2020-02-21 09:14:00,131.681,131.697,131.681,131.697,11
2020-02-21 09:15:00,131.681,131.697,131.681,131.688,5
2020-02-21 09:16:00,131.697,131.697,131.697,131.697,1
2020-02-21 09:17:00,131.697,131.697,131.681,131.681,2
2020-02-21 09:18:00,131.681,131.697,131.681,131.681,13
2020-02-21 09:19:00,131.681,131.697,131.665,131.688,19
2020-02-21 09:20:00,131.681,131.681,131.665,131.665,23
2020-02-21 09:21:00,131.681,131.681,131.665,131.665,2
2020-02-21 09:24:00,131.681,131.681,131.665,131.665,2
2020-02-21 09:25:00,131.665,131.665,131.665,131.665,1
2020-02-21 09:26:00,131.681,131.681,131.681,131.681,1
2020-02-21 09:28:00,131.697,131.697,131.681,131.697,3
2020-02-21 09:30:00,131.665,131.681,131.65,131.681,23
2020-02-21 09:31:00,131.681,131.681,131.665,131.681,5
2020-02-21 09:32:00,131.697,131.697,131.688,131.688,2
2020-02-21 09:34:00,131.697,131.697,131.681,131.681,11
2020-02-21 09:36:00,131.697,131.697,131.681,131.681,5
2020-02-21 09:38:00,131.697,131.697,131.681,131.681,2
2020-02-21 09:39:00,131.697,131.697,131.681,131.681,2
2020-02-21 09:40:00,131.681,131.697,131.681,131.681,3
2020-02-21 09:41:00,131.681,131.697,131.681,131.697,4
2020-02-21 09:42:00,131.697,131.697,131.681,131.697,11
2020-02-21 09:43:00,131.665,131.681,131.665,131.681,2
2020-02-21 09:47:00,131.697,131.697,131.681,131.681,4
2020-02-21 09:48:00,131.697,131.697,131.681,131.688,4
2020-02-21 09:49:00,131.697,131.697,131.681,131.681,2
2020-02-21 09:50:00,131.712,131.712,131.712,131.712,1
2020-02-21 09:51:00,131.697,131.712,131.697,131.697,3
2020-02-21 09:52:00,131.712,131.712,131.697,131.712,3
2020-02-21 09:53:00,131.697,131.712,131.697,131.697,12
2020-02-21 09:54:00,131.728,131.728,131.712,131.712,3
2020-02-21 09:55:00,131.728,131.728,131.712,131.712,11
2020-02-21 09:57:00,131.728,131.743,131.728,131.736,5
2020-02-21 09:58:00,131.728,131.743,131.728,131.743,7
2020-02-21 09:59:00,131.728,131.743,131.712,131.743,6
2020-02-21 10:00:00,131.697,131.712,131.697,131.712,2
2020-02-21 10:04:00,131.697,131.697,131.681,131.681,2
2020-02-21 10:05:00,131.697,131.697,131.681,131.681,2
2020-02-21 10:08:00,131.681,131.681,131.681,131.681,1
2020-02-21 10:10:00,131.681,131.697,131.681,131.697,2
2020-02-21 10:11:00,131.665,131.681,131.665,131.665,3
2020-02-21 10:13:00,131.665,131.681,131.665,131.681,4
2020-02-21 10:14:00,131.65,131.665,131.65,131.65,3
2020-02-21 10:15:00,131.665,131.665,131.65,131.665,7
2020-02-21 10:16:00,131.65,131.665,131.65,131.65,7
2020-02-21 10:17:00,131.65,131.665,131.65,131.658,3
2020-02-21 10:18:00,131.634,131.665,131.634,131.665,10
2020-02-21 10:20:00,131.634,131.634,131.619,131.619,4
2020-02-21 10:21:00,131.65,131.65,131.634,131.65,11
2020-02-21 10:23:00,131.65,131.65,131.634,131.634,8
2020-02-21 10:24:00,131.65,131.65,131.634,131.634,10
2020-02-21 10:25:00,131.665,131.665,131.634,131.634,11
2020-02-21 10:26:00,131.65,131.665,131.65,131.65,10
2020-02-21 10:29:00,131.65,131.65,131.634,131.634,9
2020-02-21 10:30:00,131.665,131.665,131.665,131.665,1
2020-02-21 10:31:00,131.665,131.665,131.65,131.65,2
2020-02-21 10:35:00,131.65,131.65,131.65,131.65,1
2020-02-21 10:36:00,131.65,131.665,131.65,131.665,2
2020-02-21 10:38:00,131.665,131.665,131.65,131.658,6
2020-02-21 10:39:00,131.65,131.65,131.65,131.65,1
2020-02-21 10:41:00,131.665,131.665,131.665,131.665,1
2020-02-21 10:43:00,131.65,131.665,131.65,131.65,3
2020-02-21 10:44:00,131.665,131.665,131.665,131.665,1
2020-02-21 10:45:00,131.65,131.665,131.65,131.65,5
2020-02-21 10:49:00,131.634,131.634,131.634,131.634,1
2020-02-21 10:50:00,131.619,131.634,131.619,131.619,3
2020-02-21 10:51:00,131.619,131.634,131.619,131.634,2
2020-02-21 10:52:00,131.587,131.619,131.587,131.603,10
2020-02-21 10:53:00,131.603,131.603,131.587,131.603,7
2020-02-21 10:54:00,131.619,131.619,131.603,131.619,7
2020-02-21 10:55:00,131.603,131.619,131.603,131.603,3
2020-02-21 10:56:00,131.619,131.619,131.603,131.619,5
2020-02-21 10:57:00,131.634,131.634,131.603,131.603,3
2020-02-21 10:59:00,131.634,131.65,131.634,131.65,12
2020-02-21 11:00:00,131.634,131.65,131.634,131.65,13
2020-02-21 11:01:00,131.634,131.65,131.634,131.65,3
2020-02-21 11:03:00,131.634,131.65,131.634,131.642,5
2020-02-21 11:06:00,131.65,131.65,131.65,131.65,1
2020-02-21 11:07:00,131.665,131.665,131.65,131.665,5
2020-02-21 11:09:00,131.65,131.665,131.65,131.65,5
2020-02-21 11:11:00,131.65,131.65,131.634,131.642,10
2020-02-21 11:12:00,131.634,131.65,131.634,131.642,6
2020-02-21 11:13:00,131.65,131.65,131.634,131.65,3
2020-02-21 11:15:00,131.634,131.634,131.634,131.634,1
2020-02-21 11:16:00,131.634,131.65,131.634,131.65,25
2020-02-21 11:17:00,131.634,131.634,131.619,131.619,4
2020-02-21 11:19:00,131.634,131.634,131.619,131.619,2
2020-02-21 11:21:00,131.634,131.65,131.634,131.65,2
2020-02-21 11:25:00,131.619,131.619,131.619,131.619,1
2020-02-21 11:26:00,131.619,131.634,131.619,131.626,5
2020-02-21 11:30:00,131.603,131.619,131.603,131.61,4
2020-02-21 11:31:00,131.603,131.603,131.587,131.587,3
2020-02-21 11:32:00,131.587,131.603,131.587,131.587,6
2020-02-21 11:34:00,131.587,131.603,131.587,131.603,2
2020-02-21 11:35:00,131.603,131.603,131.587,131.603,6
2020-02-21 11:36:00,131.587,131.603,131.587,131.587,4
2020-02-21 11:37:00,131.587,131.587,131.572,131.572,4
2020-02-21 11:39:00,131.587,131.603,131.587,131.603,4
2020-02-21 11:41:00,131.603,131.603,131.587,131.603,5
2020-02-21 11:43:00,131.587,131.587,131.587,131.587,1
2020-02-21 11:44:00,131.603,131.603,131.587,131.603,7
2020-02-21 11:50:00,131.619,131.619,131.619,131.619,1
2020-02-21 11:51:00,131.619,131.634,131.619,131.634,2
2020-02-21 11:53:00,131.634,131.634,131.619,131.634,3
2020-02-21 11:56:00,131.619,131.634,131.619,131.619,7
2020-02-21 11:57:00,131.634,131.634,131.619,131.634,4
2020-02-21 11:58:00,131.65,131.65,131.634,131.65,11
2020-02-21 11:59:00,131.634,131.634,131.634,131.634,1
2020-02-21 12:00:00,131.634,131.65,131.634,131.65,2
2020-02-21 12:02:00,131.619,131.626,131.619,131.626,2
2020-02-21 12:03:00,131.619,131.619,131.603,131.603,5
2020-02-21 12:04:00,131.619,131.619,131.603,131.603,2
2020-02-21 12:05:00,131.603,131.603,131.603,131.603,1
2020-02-21 12:08:00,131.619,131.619,131.603,131.619,3
2020-02-21 12:09:00,131.603,131.603,131.603,131.603,1
2020-02-21 12:12:00,131.603,131.603,131.587,131.587,20
2020-02-21 12:13:00,131.603,131.619,131.603,131.619,4
2020-02-21 12:14:00,131.587,131.587,131.587,131.587,1
2020-02-21 12:15:00,131.587,131.603,131.587,131.603,2
2020-02-21 12:17:00,131.572,131.572,131.572,131.572,1
2020-02-21 12:18:00,131.587,131.587,131.587,131.587,1
2020-02-21 12:19:00,131.587,131.587,131.572,131.572,6
2020-02-21 12:20:00,131.572,131.58,131.572,131.58,2
2020-02-21 12:22:00,131.556,131.556,131.556,131.556,1
2020-02-21 12:23:00,131.572,131.572,131.572,131.572,1
2020-02-21 12:24:00,131.556,131.556,131.556,131.556,1
2020-02-21 12:26:00,131.572,131.572,131.572,131.572,1
2020-02-21 12:27:00,131.572,131.587,131.572,131.58,6
2020-02-21 12:29:00,131.587,131.587,131.572,131.587,3
2020-02-21 12:30:00,131.572,131.572,131.572,131.572,1
2020-02-21 12:31:00,131.572,131.587,131.572,131.587,4
2020-02-21 12:32:00,131.587,131.587,131.587,131.587,1
2020-02-21 12:34:00,131.603,131.603,131.603,131.603,1
2020-02-21 12:36:00,131.603,131.603,131.587,131.587,2
2020-02-21 12:38:00,131.619,131.619,131.603,131.619,13
2020-02-21 12:41:00,131.619,131.634,131.619,131.634,8
2020-02-21 12:43:00,131.619,131.619,131.603,131.603,5
2020-02-21 12:45:00,131.603,131.603,131.603,131.603,1
2020-02-21 12:48:00,131.587,131.596,131.587,131.596,2
2020-02-21 12:49:00,131.572,131.587,131.572,131.572,8
2020-02-21 12:50:00,131.587,131.587,131.587,131.587,1
2020-02-21 12:51:00,131.587,131.587,131.572,131.572,4
2020-02-21 12:52:00,131.603,131.619,131.587,131.596,16
2020-02-21 12:53:00,131.619,131.619,131.603,131.61,22
2020-02-21 12:54:00,131.619,131.619,131.603,131.603,17
2020-02-21 12:55:00,131.619,131.619,131.603,131.603,8
2020-02-21 12:56:00,131.634,131.634,131.603,131.603,3
2020-02-21 12:57:00,131.634,131.634,131.619,131.619,6
2020-02-21 12:58:00,131.634,131.65,131.619,131.619,4
2020-02-21 12:59:00,131.634,131.65,131.619,131.65,12
2020-02-21 13:00:00,131.619,131.634,131.619,131.626,5
2020-02-21 13:01:00,131.619,131.634,131.619,131.634,2
2020-02-21 13:02:00,131.634,131.634,131.634,131.634,1
2020-02-21 13:03:00,131.634,131.65,131.634,131.65,4
2020-02-21 13:05:00,131.619,131.634,131.619,131.626,11
2020-02-21 13:06:00,131.619,131.619,131.603,131.61,5
2020-02-21 13:08:00,131.634,131.634,131.603,131.603,4
2020-02-21 13:10:00,131.634,131.65,131.619,131.619,10
2020-02-21 13:11:00,131.65,131.65,131.65,131.65,1
2020-02-21 13:12:00,131.634,131.65,131.634,131.634,3
2020-02-21 13:13:00,131.634,131.65,131.634,131.65,2
2020-02-21 13:14:00,131.666,131.666,131.634,131.65,16
2020-02-21 13:15:00,131.65,131.65,131.634,131.65,3
2020-02-21 13:16:00,131.65,131.65,131.634,131.634,4
2020-02-21 13:18:00,131.634,131.65,131.634,131.634,3
2020-02-21 13:21:00,131.603,131.634,131.603,131.619,14
2020-02-21 13:22:00,131.619,131.619,131.603,131.619,4
2020-02-21 13:24:00,131.634,131.65,131.634,131.634,3
2020-02-21 13:25:00,131.65,131.65,131.65,131.65,1
2020-02-21 13:26:00,131.65,131.666,131.65,131.666,12
2020-02-21 13:29:00,131.65,131.666,131.65,131.666,2
2020-02-21 13:30:00,131.666,131.666,131.666,131.666,1
2020-02-21 13:31:00,131.65,131.666,131.634,131.65,9
2020-02-21 13:32:00,131.666,131.666,131.658,131.658,2
2020-02-21 13:33:00,131.666,131.681,131.666,131.674,10
2020-02-21 13:34:00,131.65,131.666,131.65,131.65,3
2020-02-21 13:35:00,131.681,131.681,131.65,131.666,4
2020-02-21 13:36:00,131.666,131.674,131.666,131.674,2
2020-02-21 13:38:00,131.666,131.666,131.65,131.65,12
2020-02-21 13:39:00,131.713,131.728,131.666,131.681,14
2020-02-21 13:40:00,131.697,131.713,131.697,131.704,13
2020-02-21 13:42:00,131.713,131.713,131.704,131.704,2
2020-02-21 13:44:00,131.697,131.713,131.681,131.704,6
2020-02-21 13:45:00,131.713,131.713,131.681,131.681,24
2020-02-21 13:46:00,131.713,131.713,131.697,131.704,6
2020-02-21 13:48:00,131.713,131.713,131.697,131.697,10
2020-02-21 13:49:00,131.713,131.728,131.713,131.728,4
2020-02-21 13:50:00,131.728,131.728,131.713,131.728,8
2020-02-21 13:53:00,131.713,131.728,131.713,131.713,7
2020-02-21 13:55:00,131.713,131.728,131.697,131.697,7
2020-02-21 13:57:00,131.697,131.713,131.697,131.697,3
2020-02-21 13:58:00,131.713,131.713,131.697,131.713,9
2020-02-21 13:59:00,131.713,131.713,131.697,131.697,36
2020-02-21 14:00:00,131.681,131.697,131.681,131.697,6
2020-02-21 14:01:00,131.681,131.697,131.681,131.697,4
2020-02-21 14:02:00,131.666,131.666,131.666,131.666,1
2020-02-21 14:03:00,131.681,131.697,131.666,131.681,35
2020-02-21 14:04:00,131.681,131.681,131.666,131.666,10
2020-02-21 14:05:00,131.666,131.666,131.666,131.666,1
2020-02-21 14:07:00,131.666,131.681,131.666,131.681,16
2020-02-21 14:09:00,131.65,131.666,131.65,131.65,9
2020-02-21 14:10:00,131.65,131.666,131.65,131.658,3
2020-02-21 14:11:00,131.65,131.65,131.634,131.642,4
2020-02-21 14:12:00,131.634,131.634,131.634,131.634,1
2020-02-21 14:13:00,131.634,131.65,131.634,131.65,6
2020-02-21 14:15:00,131.634,131.634,131.619,131.619,12
2020-02-21 14:16:00,131.634,131.634,131.619,131.626,3
2020-02-21 14:18:00,131.619,131.634,131.619,131.619,16
2020-02-21 14:19:00,131.619,131.634,131.619,131.634,5
2020-02-21 14:21:00,131.619,131.619,131.603,131.603,2
2020-02-21 14:22:00,131.603,131.619,131.603,131.603,4
2020-02-21 14:23:00,131.603,131.619,131.603,131.612,5
2020-02-21 14:24:00,131.619,131.619,131.603,131.619,3
2020-02-21 14:25:00,131.619,131.619,131.603,131.603,5
2020-02-21 14:27:00,131.635,131.635,131.619,131.635,13
2020-02-21 14:28:00,131.635,131.65,131.635,131.642,13
2020-02-21 14:29:00,131.619,131.619,131.619,131.619,1
2020-02-21 14:30:00,131.619,131.635,131.619,131.635,2
2020-02-21 14:31:00,131.635,131.635,131.619,131.635,14
2020-02-21 14:32:00,131.619,131.65,131.619,131.65,5
2020-02-21 14:33:00,131.635,131.635,131.619,131.635,42
2020-02-21 14:34:00,131.65,131.65,131.619,131.619,10
2020-02-21 14:35:00,131.681,131.681,131.65,131.666,18
2020-02-21 14:36:00,131.666,131.681,131.65,131.666,25
2020-02-21 14:37:00,131.681,131.681,131.681,131.681,1
2020-02-21 14:38:00,131.666,131.681,131.666,131.666,6
2020-02-21 14:39:00,131.666,131.681,131.666,131.681,20
2020-02-21 14:40:00,131.681,131.681,131.681,131.681,1
2020-02-21 14:41:00,131.697,131.697,131.681,131.69,14
2020-02-21 14:42:00,131.713,131.713,131.697,131.713,12
2020-02-21 14:43:00,131.697,131.713,131.697,131.704,26
2020-02-21 14:45:00,131.869,131.884,131.704,131.704,118
2020-02-21 14:46:00,131.869,131.9,131.838,131.853,58
2020-02-21 14:47:00,131.931,131.931,131.869,131.884,48
2020-02-21 14:48:00,131.9,131.931,131.9,131.916,54
2020-02-21 14:49:00,131.931,131.931,131.9,131.916,19
2020-02-21 14:50:00,131.884,131.931,131.869,131.916,16
2020-02-21 14:51:00,131.9,131.916,131.869,131.869,39
2020-02-21 14:52:00,131.9,131.916,131.9,131.916,5
2020-02-21 14:53:00,131.884,131.916,131.869,131.908,24
2020-02-21 14:54:00,131.869,131.9,131.869,131.892,31
2020-02-21 14:55:00,131.884,131.884,131.86,131.86,14
2020-02-21 14:56:00,131.853,131.869,131.853,131.869,33
2020-02-21 14:57:00,131.822,131.869,131.822,131.869,30
2020-02-21 14:58:00,131.806,131.838,131.806,131.83,11
2020-02-21 14:59:00,131.822,131.838,131.822,131.822,3
2020-02-21 15:00:00,131.822,131.838,131.806,131.838,18
2020-02-21 15:01:00,131.838,131.853,131.822,131.838,19
2020-02-21 15:02:00,131.838,131.853,131.822,131.853,10
2020-02-21 15:03:00,131.869,131.884,131.838,131.853,21
2020-02-21 15:04:00,131.869,131.884,131.838,131.884,18
2020-02-21 15:05:00,131.822,131.884,131.822,131.884,34
2020-02-21 15:06:00,131.822,131.838,131.822,131.838,6
2020-02-21 15:07:00,131.822,131.838,131.791,131.806,26
2020-02-21 15:08:00,131.853,131.853,131.838,131.838,30
2020-02-21 15:09:00,131.838,131.853,131.838,131.838,6
2020-02-21 15:10:00,131.884,131.884,131.838,131.853,23
2020-02-21 15:11:00,131.869,131.884,131.853,131.869,9
2020-02-21 15:12:00,131.884,131.9,131.884,131.884,3
2020-02-21 15:13:00,131.9,131.9,131.884,131.9,12
2020-02-21 15:14:00,131.9,131.9,131.853,131.892,18
2020-02-21 15:15:00,131.884,131.916,131.884,131.884,31
2020-02-21 15:16:00,131.9,131.916,131.869,131.876,49
2020-02-21 15:17:00,131.931,131.931,131.9,131.916,20
2020-02-21 15:18:00,131.931,131.947,131.916,131.916,18
2020-02-21 15:19:00,131.9,131.931,131.9,131.916,8
2020-02-21 15:20:00,131.884,131.9,131.884,131.884,12
2020-02-21 15:21:00,131.869,131.9,131.869,131.9,19
2020-02-21 15:22:00,131.869,131.869,131.838,131.853,27
2020-02-21 15:23:00,131.853,131.884,131.853,131.853,27
2020-02-21 15:24:00,131.853,131.853,131.838,131.838,23
2020-02-21 15:25:00,131.869,131.884,131.853,131.862,9
2020-02-21 15:26:00,131.869,131.884,131.869,131.884,14
2020-02-21 15:27:00,131.869,131.884,131.869,131.884,4
2020-02-21 15:28:00,131.884,131.884,131.853,131.853,20
2020-02-21 15:29:00,131.869,131.884,131.869,131.869,3
2020-02-21 15:30:00,131.853,131.884,131.853,131.884,10
2020-02-21 15:31:00,131.869,131.884,131.869,131.869,7
2020-02-21 15:32:00,131.9,131.9,131.869,131.884,4
2020-02-21 15:33:00,131.9,131.916,131.9,131.916,6
2020-02-21 15:34:00,131.916,131.931,131.916,131.916,6
2020-02-21 15:35:00,131.9,131.916,131.884,131.908,20
2020-02-21 15:36:00,131.931,131.931,131.9,131.916,17
2020-02-21 15:37:00,131.931,131.947,131.916,131.916,14
2020-02-21 15:38:00,131.947,131.947,131.931,131.947,30
2020-02-21 15:39:00,131.963,131.978,131.947,131.963,7
2020-02-21 15:40:00,132.009,132.009,131.978,131.978,25
2020-02-21 15:41:00,132.041,132.056,131.994,132.002,20
2020-02-21 15:42:00,132.041,132.056,132.025,132.056,14
2020-02-21 15:43:00,132.056,132.056,132.041,132.056,19
2020-02-21 15:44:00,132.025,132.056,132.025,132.041,11
2020-02-21 15:45:00,132.072,132.072,132.025,132.041,10
2020-02-21 15:46:00,132.056,132.072,132.025,132.056,18
2020-02-21 15:47:00,132.056,132.072,132.041,132.072,17
2020-02-21 15:48:00,131.994,132.041,131.994,132.04,15
2020-02-21 15:49:00,131.963,132.009,131.963,131.978,22
2020-02-21 15:50:00,131.963,131.978,131.963,131.978,22
2020-02-21 15:51:00,131.931,131.963,131.931,131.947,41
2020-02-21 15:52:00,131.931,131.947,131.916,131.947,29
2020-02-21 15:53:00,131.916,131.931,131.916,131.924,16
2020-02-21 15:54:00,131.9,131.916,131.885,131.9,32
2020-02-21 15:55:00,131.9,131.916,131.892,131.908,9
2020-02-21 15:56:00,131.9,131.916,131.9,131.916,2
2020-02-21 15:57:00,131.885,131.916,131.885,131.916,7
2020-02-21 15:58:00,131.9,131.9,131.885,131.892,11
2020-02-21 15:59:00,131.9,131.916,131.9,131.908,5
2020-02-21 16:00:00,131.916,131.916,131.9,131.916,3
2020-02-21 16:01:00,131.885,131.9,131.885,131.9,3
2020-02-21 16:02:00,131.885,131.885,131.869,131.869,8
2020-02-21 16:03:00,131.869,131.885,131.869,131.869,3
2020-02-21 16:04:00,131.885,131.885,131.885,131.885,1
2020-02-21 16:05:00,131.885,131.9,131.885,131.892,6
2020-02-21 16:06:00,131.869,131.869,131.869,131.869,1
2020-02-21 16:07:00,131.853,131.869,131.853,131.853,3
2020-02-21 16:08:00,131.853,131.869,131.853,131.869,6
2020-02-21 16:09:00,131.853,131.869,131.853,131.869,5
2020-02-21 16:10:00,131.853,131.853,131.838,131.846,7
2020-02-21 16:11:00,131.853,131.869,131.853,131.862,21
2020-02-21 16:12:00,131.838,131.853,131.838,131.838,3
2020-02-21 16:13:00,131.822,131.838,131.806,131.822,23
2020-02-21 16:14:00,131.822,131.838,131.806,131.806,11
2020-02-21 16:15:00,131.822,131.838,131.822,131.838,12
2020-02-21 16:16:00,131.838,131.838,131.822,131.838,9
2020-02-21 16:17:00,131.838,131.838,131.822,131.822,4
2020-02-21 16:18:00,131.822,131.838,131.822,131.822,16
2020-02-21 16:19:00,131.838,131.838,131.822,131.838,4
2020-02-21 16:20:00,131.806,131.838,131.806,131.822,25
2020-02-21 16:21:00,131.775,131.791,131.775,131.791,14
2020-02-21 16:22:00,131.775,131.791,131.744,131.76,11
2020-02-21 16:23:00,131.76,131.775,131.76,131.768,5
2020-02-21 16:24:00,131.775,131.791,131.775,131.775,5
2020-02-21 16:25:00,131.791,131.791,131.775,131.791,22
2020-02-21 16:26:00,131.775,131.791,131.775,131.775,6
2020-02-21 16:27:00,131.791,131.791,131.775,131.784,17
2020-02-21 16:29:00,131.791,131.791,131.775,131.775,2
2020-02-21 16:30:00,131.76,131.775,131.76,131.775,5
2020-02-21 16:32:00,131.76,131.76,131.744,131.744,4
2020-02-21 16:33:00,131.744,131.76,131.744,131.744,5
2020-02-21 16:34:00,131.76,131.775,131.76,131.76,3
2020-02-21 16:35:00,131.744,131.744,131.744,131.744,1
2020-02-21 16:36:00,131.76,131.76,131.744,131.76,7
2020-02-21 16:37:00,131.76,131.76,131.744,131.752,3
2020-02-21 16:38:00,131.76,131.775,131.744,131.744,9
2020-02-21 16:40:00,131.744,131.775,131.744,131.775,3
2020-02-21 16:41:00,131.728,131.744,131.713,131.728,15
2020-02-21 16:43:00,131.713,131.728,131.713,131.713,7
2020-02-21 16:44:00,131.697,131.697,131.697,131.697,1
2020-02-21 16:46:00,131.697,131.697,131.666,131.682,15
2020-02-21 16:47:00,131.713,131.728,131.713,131.713,35
2020-02-21 16:48:00,131.744,131.76,131.713,131.728,22
2020-02-21 16:49:00,131.775,131.775,131.744,131.752,11
2020-02-21 16:50:00,131.775,131.775,131.76,131.76,4
2020-02-21 16:51:00,131.791,131.791,131.76,131.76,16
2020-02-21 16:52:00,131.76,131.791,131.76,131.784,9
2020-02-21 16:53:00,131.775,131.775,131.76,131.775,5
2020-02-21 16:54:00,131.76,131.775,131.76,131.76,10
2020-02-21 16:56:00,131.76,131.775,131.744,131.775,11
2020-02-21 16:57:00,131.76,131.76,131.744,131.744,2
2020-02-21 16:58:00,131.744,131.76,131.744,131.744,5
2020-02-21 16:59:00,131.76,131.76,131.76,131.76,1
2020-02-21 17:00:00,131.76,131.76,131.744,131.744,2
2020-02-21 17:01:00,131.775,131.775,131.76,131.768,4
2020-02-21 17:02:00,131.775,131.775,131.76,131.76,10
2020-02-21 17:03:00,131.744,131.775,131.744,131.76,16
2020-02-21 17:04:00,131.744,131.744,131.728,131.728,15
2020-02-21 17:05:00,131.728,131.744,131.728,131.728,3
2020-02-21 17:06:00,131.744,131.76,131.728,131.744,9
2020-02-21 17:07:00,131.76,131.76,131.744,131.76,7
2020-02-21 17:08:00,131.775,131.775,131.775,131.775,1
2020-02-21 17:09:00,131.775,131.775,131.76,131.76,2
2020-02-21 17:10:00,131.76,131.76,131.76,131.76,1
2020-02-21 17:11:00,131.76,131.775,131.76,131.775,3
2020-02-21 17:12:00,131.744,131.744,131.744,131.744,1
2020-02-21 17:13:00,131.775,131.775,131.744,131.76,11
2020-02-21 17:15:00,131.791,131.791,131.775,131.791,3
2020-02-21 17:16:00,131.791,131.807,131.791,131.807,20
2020-02-21 17:17:00,131.775,131.775,131.775,131.775,1
2020-02-21 17:18:00,131.791,131.791,131.791,131.791,1
2020-02-21 17:19:00,131.775,131.791,131.775,131.784,10
2020-02-21 17:20:00,131.775,131.775,131.76,131.768,5
2020-02-21 17:21:00,131.76,131.775,131.76,131.768,19
2020-02-21 17:22:00,131.791,131.791,131.76,131.775,4
2020-02-21 17:23:00,131.791,131.791,131.775,131.784,4
2020-02-21 17:24:00,131.807,131.807,131.791,131.798,10
2020-02-21 17:25:00,131.807,131.807,131.791,131.791,9
2020-02-21 17:26:00,131.791,131.807,131.791,131.791,5
2020-02-21 17:27:00,131.807,131.807,131.807,131.807,1
2020-02-21 17:29:00,131.807,131.807,131.791,131.791,4
2020-02-21 17:31:00,131.822,131.822,131.807,131.822,3
2020-02-21 17:32:00,131.822,131.822,131.807,131.807,8
2020-02-21 17:33:00,131.838,131.838,131.822,131.83,6
2020-02-21 17:36:00,131.838,131.853,131.838,131.853,3
2020-02-21 17:38:00,131.838,131.853,131.838,131.853,10
2020-02-21 17:39:00,131.822,131.838,131.822,131.83,8
2020-02-21 17:41:00,131.838,131.838,131.822,131.838,4
2020-02-21 17:43:00,131.838,131.838,131.822,131.822,15
2020-02-21 17:44:00,131.822,131.822,131.822,131.822,1
2020-02-21 17:45:00,131.822,131.838,131.822,131.838,6
2020-02-21 17:46:00,131.822,131.838,131.822,131.83,14
2020-02-21 17:48:00,131.838,131.838,131.838,131.838,1
2020-02-21 17:49:00,131.853,131.853,131.846,131.846,2
2020-02-21 17:50:00,131.838,131.838,131.838,131.838,1
2020-02-21 17:53:00,131.853,131.853,131.838,131.853,7
2020-02-21 17:56:00,131.838,131.846,131.838,131.846,2
2020-02-21 17:57:00,131.822,131.822,131.822,131.822,1
2020-02-21 17:59:00,131.807,131.814,131.807,131.814,2
2020-02-21 18:00:00,131.822,131.822,131.807,131.822,20
2020-02-21 18:01:00,131.807,131.814,131.807,131.814,2
2020-02-21 18:02:00,131.791,131.807,131.791,131.798,11
2020-02-21 18:03:00,131.775,131.791,131.775,131.775,3
2020-02-21 18:04:00,131.791,131.791,131.775,131.791,5
2020-02-21 18:06:00,131.775,131.775,131.775,131.775,1
2020-02-21 18:08:00,131.791,131.791,131.775,131.784,16
2020-02-21 18:11:00,131.791,131.791,131.775,131.775,3
2020-02-21 18:12:00,131.807,131.807,131.791,131.807,12
2020-02-21 18:13:00,131.807,131.822,131.807,131.822,12
2020-02-21 18:14:00,131.807,131.822,131.807,131.822,3
2020-02-21 18:15:00,131.807,131.822,131.807,131.822,13
2020-02-21 18:17:00,131.807,131.807,131.791,131.791,5
2020-02-21 18:18:00,131.822,131.822,131.807,131.822,4
2020-02-21 18:20:00,131.822,131.838,131.822,131.838,3
2020-02-21 18:21:00,131.822,131.822,131.807,131.807,4
2020-02-21 18:24:00,131.807,131.807,131.807,131.807,1
2020-02-21 18:25:00,131.791,131.798,131.791,131.798,2
2020-02-21 18:26:00,131.791,131.807,131.791,131.807,6
2020-02-21 18:27:00,131.791,131.807,131.791,131.798,8
2020-02-21 18:28:00,131.807,131.807,131.791,131.798,4
2020-02-21 18:30:00,131.822,131.822,131.807,131.822,6
2020-02-21 18:31:00,131.807,131.822,131.807,131.807,3
2020-02-21 18:33:00,131.822,131.822,131.822,131.822,1
2020-02-21 18:35:00,131.838,131.838,131.822,131.838,7
2020-02-21 18:36:00,131.838,131.838,131.822,131.822,6
2020-02-21 18:37:00,131.838,131.854,131.838,131.854,2
2020-02-21 18:38:00,131.838,131.838,131.822,131.822,4
2020-02-21 18:39:00,131.822,131.838,131.822,131.83,15
2020-02-21 18:40:00,131.822,131.838,131.807,131.807,11
2020-02-21 18:41:00,131.838,131.838,131.822,131.838,5
2020-02-21 18:42:00,131.838,131.854,131.838,131.854,13
2020-02-21 18:43:00,131.854,131.854,131.854,131.854,1
2020-02-21 18:44:00,131.869,131.869,131.854,131.869,13
2020-02-21 18:45:00,131.854,131.854,131.854,131.854,1
2020-02-21 18:46:00,131.869,131.869,131.869,131.869,1
2020-02-21 18:49:00,131.885,131.885,131.869,131.885,4
2020-02-21 18:50:00,131.869,131.869,131.869,131.869,1
2020-02-21 18:51:00,131.885,131.885,131.885,131.885,1
2020-02-21 18:53:00,131.869,131.876,131.869,131.876,2
2020-02-21 18:54:00,131.885,131.885,131.876,131.876,2
2020-02-21 18:55:00,131.869,131.869,131.869,131.869,1
2020-02-21 18:56:00,131.854,131.869,131.854,131.854,3
2020-02-21 18:58:00,131.854,131.854,131.838,131.846,6
2020-02-21 19:00:00,131.838,131.869,131.838,131.862,7
2020-02-21 19:01:00,131.822,131.822,131.807,131.822,7
2020-02-21 19:02:00,131.807,131.838,131.807,131.807,17
2020-02-21 19:03:00,131.807,131.822,131.807,131.822,3
2020-02-21 19:04:00,131.807,131.807,131.791,131.791,3
2020-02-21 19:05:00,131.822,131.822,131.814,131.814,2
2020-02-21 19:06:00,131.822,131.838,131.822,131.838,3
2020-02-21 19:07:00,131.838,131.838,131.822,131.838,23
2020-02-21 19:09:00,131.854,131.854,131.838,131.854,6
2020-02-21 19:11:00,131.838,131.854,131.838,131.838,11
2020-02-21 19:13:00,131.822,131.822,131.822,131.822,1
2020-02-21 19:14:00,131.838,131.838,131.822,131.838,3
2020-02-21 19:15:00,131.838,131.838,131.822,131.822,2
2020-02-21 19:17:00,131.854,131.854,131.846,131.846,2
2020-02-21 19:18:00,131.838,131.838,131.838,131.838,1
2020-02-21 19:19:00,131.838,131.854,131.838,131.854,2
2020-02-21 19:20:00,131.822,131.822,131.822,131.822,1
2020-02-21 19:21:00,131.822,131.838,131.822,131.838,4
2020-02-21 19:22:00,131.822,131.838,131.822,131.838,4
2020-02-21 19:23:00,131.838,131.854,131.838,131.838,5
2020-02-21 19:24:00,131.854,131.854,131.838,131.854,5
2020-02-21 19:25:00,131.838,131.854,131.838,131.838,9
2020-02-21 19:26:00,131.822,131.822,131.822,131.822,1
2020-02-21 19:28:00,131.807,131.822,131.807,131.807,3
2020-02-21 19:29:00,131.807,131.807,131.791,131.798,13
2020-02-21 19:30:00,131.776,131.792,131.76,131.792,9
2020-02-21 19:31:00,131.76,131.776,131.76,131.76,10
2020-02-21 19:33:00,131.776,131.776,131.76,131.776,5
2020-02-21 19:35:00,131.791,131.791,131.791,131.791,1
2020-02-21 19:36:00,131.791,131.807,131.791,131.798,3
2020-02-21 19:39:00,131.791,131.807,131.791,131.8,5
2020-02-21 19:41:00,131.776,131.791,131.776,131.784,4
2020-02-21 19:45:00,131.776,131.791,131.776,131.791,9
2020-02-21 19:46:00,131.791,131.807,131.791,131.791,4
2020-02-21 19:47:00,131.776,131.791,131.776,131.776,12
2020-02-21 19:49:00,131.791,131.791,131.776,131.791,6
2020-02-21 19:50:00,131.776,131.776,131.776,131.776,1
2020-02-21 19:51:00,131.776,131.791,131.776,131.791,3
2020-02-21 19:54:00,131.791,131.791,131.791,131.791,1
2020-02-21 19:55:00,131.791,131.791,131.776,131.776,12
2020-02-21 19:56:00,131.776,131.776,131.776,131.776,1
2020-02-21 19:57:00,131.791,131.791,131.791,131.791,1
2020-02-21 19:59:00,131.822,131.822,131.807,131.807,2
2020-02-21 20:00:00,131.807,131.807,131.807,131.807,1
2020-02-21 20:01:00,131.822,131.838,131.822,131.822,5
2020-02-21 20:02:00,131.838,131.838,131.838,131.838,1
2020-02-21 20:04:00,131.854,131.854,131.846,131.846,2
2020-02-21 20:05:00,131.869,131.885,131.869,131.869,5
2020-02-21 20:07:00,131.869,131.885,131.869,131.885,4
2020-02-21 20:08:00,131.869,131.885,131.869,131.885,2
2020-02-21 20:15:00,131.885,131.885,131.869,131.885,11
2020-02-21 20:16:00,131.901,131.901,131.885,131.901,3
2020-02-21 20:19:00,131.901,131.916,131.901,131.908,5
2020-02-21 20:20:00,131.916,131.916,131.916,131.916,1
2020-02-21 20:21:00,131.932,131.932,131.932,131.932,1
2020-02-21 20:22:00,131.932,131.932,131.916,131.916,11
2020-02-21 20:23:00,131.916,131.932,131.916,131.916,11
2020-02-21 20:24:00,131.932,131.932,131.916,131.932,7
2020-02-21 20:25:00,131.932,131.932,131.916,131.916,16
2020-02-21 20:32:00,131.947,131.947,131.932,131.94,6
2020-02-21 20:33:00,131.947,131.947,131.932,131.94,14
2020-02-21 20:34:00,131.932,131.947,131.932,131.932,3
2020-02-21 20:36:00,131.916,131.932,131.916,131.916,3
2020-02-21 20:39:00,131.901,131.916,131.901,131.901,3
2020-02-21 20:40:00,131.869,131.885,131.869,131.885,3
2020-02-21 20:41:00,131.869,131.869,131.854,131.854,10
2020-02-21 20:42:00,131.869,131.869,131.854,131.854,18
2020-02-21 20:43:00,131.869,131.869,131.854,131.854,2
2020-02-21 20:45:00,131.854,131.854,131.854,131.854,1
2020-02-21 20:47:00,131.838,131.854,131.838,131.838,8
2020-02-21 20:48:00,131.838,131.854,131.838,131.854,2
2020-02-21 20:49:00,131.822,131.822,131.822,131.822,1
2020-02-21 20:50:00,131.807,131.822,131.807,131.807,8
2020-02-21 20:51:00,131.807,131.822,131.807,131.822,2
2020-02-21 20:54:00,131.807,131.823,131.807,131.814,15
2020-02-21 20:55:00,131.807,131.823,131.807,131.823,2
2020-02-21 20:56:00,131.807,131.807,131.791,131.791,2
2020-02-21 20:58:00,131.823,131.823,131.807,131.823,3
2020-02-21 20:59:00,131.807,131.823,131.807,131.807,10
2020-02-21 21:00:00,131.807,131.807,131.791,131.791,61
2020-02-21 21:01:00,131.807,131.807,131.791,131.791,4
2020-02-21 21:07:00,131.823,131.823,131.807,131.823,4
2020-02-21 21:08:00,131.807,131.807,131.807,131.807,1
2020-02-21 21:13:00,131.791,131.8,131.791,131.8,2
2020-02-21 21:14:00,131.807,131.807,131.8,131.8,2
2020-02-21 21:15:00,131.807,131.807,131.791,131.791,6
2020-02-21 21:33:00,131.791,131.807,131.791,131.791,3
2020-02-21 21:40:00,131.776,131.776,131.776,131.776,1
2020-02-21 21:45:00,131.76,131.76,131.76,131.76,1
2020-02-21 21:47:00,131.745,131.752,131.745,131.752,2
2020-02-21 21:53:00,131.745,131.745,131.729,131.729,5
2020-02-21 21:54:00,131.729,131.745,131.729,131.729,3
2020-02-21 21:56:00,131.729,131.745,131.729,131.745,9
2020-02-21 21:57:00,131.729,131.745,131.729,131.745,2
2020-02-21 21:58:00,131.745,131.745,131.745,131.745,1
2020-02-21 21:59:00,131.745,131.745,131.745,131.745,1
2020-02-23 23:00:00,132.202,132.202,131.745,131.745,94
2020-02-23 23:01:00,132.186,132.217,132.155,132.217,47
2020-02-23 23:02:00,132.178,132.233,132.178,132.194,19
2020-02-23 23:03:00,132.202,132.217,132.171,132.186,22
2020-02-23 23:04:00,132.217,132.233,132.186,132.194,46
2020-02-23 23:05:00,132.217,132.233,132.202,132.202,25
2020-02-23 23:06:00,132.233,132.233,132.202,132.202,20
2020-02-23 23:07:00,132.233,132.249,132.202,132.217,13
2020-02-23 23:08:00,132.249,132.249,132.226,132.249,21
2020-02-23 23:09:00,132.264,132.264,132.233,132.233,25
2020-02-23 23:10:00,132.249,132.249,132.249,132.249,1
2020-02-23 23:11:00,132.264,132.264,132.264,132.264,1
2020-02-23 23:12:00,132.28,132.28,132.28,132.28,1
2020-02-23 23:13:00,132.233,132.296,132.233,132.288,140
2020-02-23 23:14:00,132.233,132.264,132.233,132.249,17
2020-02-23 23:15:00,132.233,132.249,132.217,132.217,39
2020-02-23 23:16:00,132.233,132.233,132.217,132.217,24
2020-02-23 23:17:00,132.217,132.233,132.202,132.226,11
2020-02-23 23:18:00,132.202,132.217,132.202,132.202,11
2020-02-23 23:19:00,132.186,132.217,132.186,132.217,56
2020-02-23 23:20:00,132.171,132.186,132.171,132.178,22
2020-02-23 23:21:00,132.186,132.186,132.171,132.186,10
2020-02-23 23:23:00,132.186,132.202,132.186,132.202,2
2020-02-23 23:25:00,132.155,132.186,132.155,132.171,9
2020-02-23 23:26:00,132.155,132.171,132.155,132.162,5
2020-02-23 23:27:00,132.155,132.171,132.155,132.171,4
2020-02-23 23:28:00,132.171,132.171,132.171,132.171,1
2020-02-23 23:29:00,132.186,132.186,132.155,132.155,6
2020-02-23 23:30:00,132.171,132.186,132.171,132.178,5
2020-02-23 23:33:00,132.186,132.186,132.178,132.178,2
2020-02-23 23:34:00,132.186,132.186,132.171,132.171,4
2020-02-23 23:35:00,132.171,132.186,132.171,132.171,14
2020-02-23 23:36:00,132.155,132.155,132.155,132.155,1
2020-02-23 23:40:00,132.171,132.186,132.171,132.171,7
2020-02-23 23:41:00,132.186,132.186,132.186,132.186,1
2020-02-23 23:43:00,132.171,132.171,132.171,132.171,1
2020-02-23 23:44:00,132.155,132.171,132.155,132.155,15
2020-02-23 23:51:00,132.171,132.171,132.171,132.171,1
2020-02-23 23:52:00,132.171,132.171,132.155,132.155,8
2020-02-23 23:53:00,132.186,132.186,132.171,132.186,5
2020-02-23 23:54:00,132.186,132.186,132.171,132.171,4
2020-02-23 23:55:00,132.171,132.171,132.171,132.171,1
2020-02-23 23:56:00,132.139,132.155,132.139,132.155,8
2020-02-23 23:57:00,132.155,132.155,132.139,132.155,12
2020-02-24 00:00:00,132.155,132.155,132.139,132.139,6
2020-02-24 00:01:00,132.139,132.155,132.139,132.139,15
2020-02-24 00:02:00,132.139,132.155,132.139,132.148,3
2020-02-24 00:03:00,132.155,132.155,132.139,132.155,20
2020-02-24 00:04:00,132.155,132.155,132.139,132.139,7
2020-02-24 00:05:00,132.139,132.139,132.139,132.139,1
2020-02-24 00:06:00,132.139,132.155,132.139,132.155,2
2020-02-24 00:07:00,132.139,132.139,132.124,132.124,5
2020-02-24 00:08:00,132.124,132.139,132.124,132.132,6
2020-02-24 00:11:00,132.14,132.14,132.124,132.139,7
2020-02-24 00:12:00,132.14,132.14,132.124,132.124,20
2020-02-24 00:13:00,132.14,132.14,132.124,132.132,3
2020-02-24 00:15:00,132.155,132.155,132.14,132.148,16
2020-02-24 00:17:00,132.14,132.148,132.14,132.148,2
2020-02-24 00:18:00,132.093,132.14,132.093,132.132,7
2020-02-24 00:19:00,132.108,132.108,132.093,132.108,8
2020-02-24 00:20:00,132.093,132.108,132.093,132.093,7
2020-02-24 00:21:00,132.108,132.108,132.093,132.108,29
2020-02-24 00:22:00,132.093,132.108,132.093,132.093,6
2020-02-24 00:23:00,132.093,132.108,132.093,132.108,2
2020-02-24 00:26:00,132.077,132.084,132.077,132.084,2
2020-02-24 00:27:00,132.093,132.093,132.093,132.093,1
2020-02-24 00:28:00,132.061,132.093,132.061,132.077,4
2020-02-24 00:29:00,132.061,132.061,132.046,132.054,5
2020-02-24 00:30:00,132.046,132.061,132.046,132.046,6
2020-02-24 00:32:00,132.061,132.061,132.061,132.061,1
2020-02-24 00:34:00,132.093,132.093,132.077,132.077,11
2020-02-24 00:35:00,132.077,132.093,132.077,132.077,3
2020-02-24 00:37:00,132.077,132.093,132.077,132.093,2
2020-02-24 00:38:00,132.108,132.108,132.093,132.093,2
2020-02-24 00:39:00,132.108,132.124,132.108,132.124,2
2020-02-24 00:40:00,132.108,132.124,132.108,132.124,4
2020-02-24 00:41:00,132.124,132.124,132.108,132.124,3
2020-02-24 00:43:00,132.124,132.124,132.108,132.116,3
2020-02-24 00:44:00,132.124,132.124,132.108,132.108,11
2020-02-24 00:46:00,132.124,132.124,132.108,132.108,4
2020-02-24 00:49:00,132.124,132.124,132.108,132.108,5
2020-02-24 00:51:00,132.155,132.171,132.14,132.14,9
2020-02-24 00:52:00,132.155,132.171,132.14,132.171,7
2020-02-24 00:54:00,132.14,132.14,132.14,132.14,1
2020-02-24 00:55:00,132.14,132.155,132.14,132.148,7
2020-02-24 00:56:00,132.14,132.155,132.14,132.155,2
2020-02-24 00:58:00,132.14,132.14,132.124,132.124,7
2020-02-24 01:00:00,132.108,132.124,132.108,132.124,2
2020-02-24 01:01:00,132.093,132.108,132.093,132.093,10
2020-02-24 01:02:00,132.093,132.108,132.093,132.108,2
2020-02-24 01:03:00,132.108,132.108,132.093,132.108,9
2020-02-24 01:04:00,132.108,132.108,132.093,132.093,2
2020-02-24 01:05:00,132.108,132.124,132.108,132.124,9
2020-02-24 01:07:00,132.108,132.124,132.108,132.124,13
2020-02-24 01:08:00,132.124,132.124,132.124,132.124,1
2020-02-24 01:10:00,132.155,132.155,132.124,132.14,10
2020-02-24 01:11:00,132.155,132.155,132.14,132.14,10
2020-02-24 01:12:00,132.155,132.171,132.155,132.171,2
2020-02-24 01:13:00,132.155,132.171,132.155,132.171,3
2020-02-24 01:15:00,132.155,132.171,132.155,132.171,3
2020-02-24 01:16:00,132.14,132.14,132.14,132.14,1
2020-02-24 01:17:00,132.124,132.14,132.124,132.124,9
2020-02-24 01:18:00,132.124,132.14,132.124,132.14,8
2020-02-24 01:19:00,132.14,132.14,132.124,132.14,4
2020-02-24 01:20:00,132.14,132.155,132.14,132.155,15
2020-02-24 01:21:00,132.124,132.14,132.124,132.124,3
2020-02-24 01:22:00,132.14,132.14,132.14,132.14,1
2020-02-24 01:23:00,132.155,132.155,132.14,132.148,22
2020-02-24 01:24:00,132.14,132.14,132.14,132.14,1
2020-02-24 01:25:00,132.155,132.155,132.14,132.155,3
2020-02-24 01:27:00,132.155,132.171,132.155,132.171,8
2020-02-24 01:28:00,132.155,132.171,132.155,132.171,2
2020-02-24 01:29:00,132.155,132.155,132.14,132.14,2
2020-02-24 01:30:00,132.124,132.155,132.124,132.14,15
2020-02-24 01:35:00,132.14,132.14,132.14,132.14,1
2020-02-24 01:37:00,132.124,132.14,132.124,132.124,9
2020-02-24 01:38:00,132.14,132.14,132.14,132.14,1
2020-02-24 01:41:00,132.124,132.14,132.124,132.132,4
2020-02-24 01:42:00,132.14,132.14,132.124,132.14,11
2020-02-24 01:43:00,132.14,132.14,132.124,132.124,4
2020-02-24 01:44:00,132.155,132.155,132.124,132.124,14
2020-02-24 01:45:00,132.14,132.155,132.14,132.14,5
2020-02-24 01:46:00,132.124,132.132,132.124,132.132,2
2020-02-24 01:47:00,132.14,132.14,132.124,132.14,3
2020-02-24 01:48:00,132.124,132.132,132.124,132.132,2
2020-02-24 01:49:00,132.108,132.108,132.108,132.108,1
2020-02-24 01:50:00,132.108,132.124,132.108,132.124,6
2020-02-24 01:52:00,132.124,132.124,132.124,132.124,1
2020-02-24 01:53:00,132.14,132.14,132.14,132.14,1
2020-02-24 01:54:00,132.124,132.14,132.124,132.124,6
2020-02-24 01:56:00,132.124,132.14,132.124,132.14,2
2020-02-24 01:58:00,132.14,132.14,132.14,132.14,1
2020-02-24 01:59:00,132.124,132.124,132.124,132.124,1
2020-02-24 02:00:00,132.124,132.14,132.124,132.14,2
2020-02-24 02:01:00,132.124,132.124,132.108,132.116,3
2020-02-24 02:11:00,132.124,132.124,132.108,132.108,6
2020-02-24 02:17:00,132.124,132.124,132.108,132.108,2
2020-02-24 02:22:00,132.14,132.14,132.14,132.14,1
2020-02-24 02:24:00,132.155,132.155,132.155,132.155,1
2020-02-24 02:25:00,132.171,132.171,132.171,132.171,1
2020-02-24 02:26:00,132.171,132.187,132.171,132.187,6
2020-02-24 02:27:00,132.187,132.187,132.171,132.187,10
2020-02-24 02:29:00,132.187,132.187,132.171,132.171,19
2020-02-24 02:30:00,132.187,132.187,132.171,132.171,5
2020-02-24 02:32:00,132.202,132.218,132.202,132.202,9
2020-02-24 02:33:00,132.218,132.218,132.202,132.218,3
2020-02-24 02:34:00,132.218,132.218,132.202,132.202,8
2020-02-24 02:35:00,132.202,132.202,132.202,132.202,1
2020-02-24 02:40:00,132.187,132.187,132.187,132.187,1
2020-02-24 02:41:00,132.202,132.202,132.187,132.202,3
2020-02-24 02:44:00,132.202,132.202,132.187,132.187,2
2020-02-24 02:46:00,132.187,132.187,132.187,132.187,1
2020-02-24 02:51:00,132.202,132.202,132.202,132.202,1
2020-02-24 02:52:00,132.202,132.202,132.187,132.187,2
2020-02-24 02:54:00,132.218,132.233,132.218,132.218,3
2020-02-24 02:55:00,132.218,132.233,132.202,132.233,10
2020-02-24 02:56:00,132.218,132.233,132.218,132.233,2
2020-02-24 02:58:00,132.233,132.233,132.233,132.233,1
2020-02-24 03:00:00,132.249,132.249,132.233,132.249,3
2020-02-24 03:01:00,132.249,132.249,132.233,132.233,8
2020-02-24 03:02:00,132.233,132.249,132.233,132.233,3
2020-02-24 03:03:00,132.249,132.249,132.233,132.249,3
2020-02-24 03:07:00,132.233,132.249,132.233,132.233,12
2020-02-24 03:08:00,132.233,132.249,132.233,132.249,5
2020-02-24 03:09:00,132.218,132.218,132.218,132.218,1
2020-02-24 03:10:00,132.218,132.218,132.202,132.202,2
2020-02-24 03:11:00,132.218,132.218,132.202,132.202,15
2020-02-24 03:15:00,132.202,132.218,132.202,132.202,5
2020-02-24 03:20:00,132.202,132.202,132.187,132.187,5
2020-02-24 03:22:00,132.187,132.202,132.187,132.187,3
2020-02-24 03:23:00,132.187,132.187,132.171,132.171,5
2020-02-24 03:25:00,132.187,132.202,132.187,132.194,3
2020-02-24 03:29:00,132.187,132.187,132.171,132.171,2
2020-02-24 03:30:00,132.171,132.187,132.171,132.171,10
2020-02-24 03:32:00,132.171,132.187,132.171,132.187,7
2020-02-24 03:33:00,132.171,132.187,132.171,132.187,4
2020-02-24 03:34:00,132.187,132.187,132.187,132.187,1
2020-02-24 03:45:00,132.187,132.187,132.171,132.171,2
2020-02-24 03:47:00,132.202,132.202,132.187,132.202,3
2020-02-24 03:50:00,132.202,132.202,132.187,132.187,4
2020-02-24 03:51:00,132.187,132.202,132.187,132.187,7
2020-02-24 03:54:00,132.187,132.202,132.187,132.202,6
2020-02-24 03:55:00,132.187,132.202,132.187,132.202,2
2020-02-24 04:02:00,132.171,132.187,132.171,132.171,6
2020-02-24 04:03:00,132.171,132.187,132.171,132.187,2
2020-02-24 04:05:00,132.171,132.187,132.171,132.187,2
2020-02-24 04:10:00,132.187,132.187,132.171,132.187,3
2020-02-24 04:11:00,132.187,132.187,132.171,132.178,3
2020-02-24 04:12:00,132.171,132.171,132.171,132.171,1
2020-02-24 04:13:00,132.187,132.187,132.187,132.187,1
2020-02-24 04:17:00,132.171,132.171,132.171,132.171,1
2020-02-24 04:19:00,132.187,132.187,132.187,132.187,1
2020-02-24 04:20:00,132.187,132.187,132.171,132.171,2
2020-02-24 04:21:00,132.171,132.187,132.171,132.171,3
2020-02-24 04:23:00,132.171,132.187,132.171,132.187,2
2020-02-24 04:24:00,132.187,132.187,132.187,132.187,1
2020-02-24 04:25:00,132.171,132.171,132.171,132.171,1
2020-02-24 04:26:00,132.187,132.187,132.187,132.187,1
2020-02-24 04:33:00,132.187,132.187,132.171,132.171,3
2020-02-24 04:34:00,132.187,132.187,132.171,132.171,4
2020-02-24 04:36:00,132.171,132.171,132.171,132.171,1
2020-02-24 04:39:00,132.156,132.156,132.156,132.156,1
2020-02-24 04:51:00,132.156,132.156,132.14,132.14,2
2020-02-24 04:52:00,132.14,132.156,132.14,132.14,3
2020-02-24 04:53:00,132.14,132.156,132.14,132.156,4
2020-02-24 04:59:00,132.14,132.156,132.14,132.156,2
2020-02-24 05:00:00,132.14,132.156,132.14,132.148,3
2020-02-24 05:01:00,132.156,132.156,132.156,132.156,1
2020-02-24 05:02:00,132.156,132.171,132.156,132.164,6
2020-02-24 05:03:00,132.156,132.171,132.156,132.171,2
2020-02-24 05:11:00,132.171,132.171,132.171,132.171,1
2020-02-24 05:12:00,132.156,132.171,132.156,132.156,3
2020-02-24 05:13:00,132.171,132.171,132.164,132.164,2
2020-02-24 05:14:00,132.156,132.171,132.156,132.156,12
2020-02-24 05:15:00,132.156,132.171,132.156,132.171,4
2020-02-24 05:20:00,132.171,132.171,132.171,132.171,1
2020-02-24 05:22:00,132.14,132.156,132.14,132.156,2
2020-02-24 05:23:00,132.124,132.124,132.124,132.124,1
2020-02-24 05:24:00,132.124,132.124,132.109,132.109,4
2020-02-24 05:27:00,132.124,132.14,132.124,132.132,15
2020-02-24 05:28:00,132.14,132.14,132.124,132.14,3
2020-02-24 05:36:00,132.14,132.14,132.124,132.124,2
2020-02-24 05:37:00,132.124,132.132,132.124,132.124,3
2020-02-24 05:39:00,132.14,132.14,132.14,132.14,1
2020-02-24 05:40:00,132.124,132.124,132.124,132.124,1
2020-02-24 05:43:00,132.14,132.14,132.14,132.14,1
2020-02-24 05:44:00,132.124,132.124,132.124,132.124,1
2020-02-24 05:45:00,132.14,132.14,132.14,132.14,1
2020-02-24 05:50:00,132.156,132.156,132.14,132.156,3
2020-02-24 05:58:00,132.156,132.171,132.156,132.164,3
2020-02-24 05:59:00,132.156,132.171,132.156,132.171,2
2020-02-24 06:00:00,132.156,132.171,132.156,132.164,3
2020-02-24 06:05:00,132.14,132.14,132.14,132.14,1
2020-02-24 06:06:00,132.156,132.156,132.148,132.148,2
2020-02-24 06:07:00,132.156,132.156,132.14,132.14,2
2020-02-24 06:08:00,132.156,132.171,132.156,132.171,7
2020-02-24 06:09:00,132.171,132.171,132.156,132.171,5
2020-02-24 06:11:00,132.171,132.171,132.156,132.164,3
2020-02-24 06:12:00,132.156,132.156,132.156,132.156,1
2020-02-24 06:13:00,132.171,132.171,132.164,132.164,2
2020-02-24 06:18:00,132.187,132.187,132.171,132.187,8
2020-02-24 06:22:00,132.187,132.187,132.171,132.171,2
2020-02-24 06:23:00,132.171,132.187,132.171,132.171,4
2020-02-24 06:29:00,132.171,132.187,132.171,132.187,2
2020-02-24 06:37:00,132.156,132.164,132.156,132.164,2
2020-02-24 06:38:00,132.171,132.171,132.164,132.171,3
2020-02-24 06:40:00,132.187,132.187,132.187,132.187,1
2020-02-24 06:41:00,132.187,132.203,132.187,132.203,2
2020-02-24 06:42:00,132.187,132.203,132.187,132.203,2
2020-02-24 06:46:00,132.203,132.203,132.203,132.203,1
2020-02-24 06:50:00,132.187,132.203,132.187,132.187,7
2020-02-24 06:52:00,132.187,132.203,132.187,132.203,4
2020-02-24 06:53:00,132.203,132.203,132.203,132.203,1
2020-02-24 06:57:00,132.218,132.218,132.218,132.218,1
2020-02-24 06:58:00,132.203,132.203,132.203,132.203,1
2020-02-24 06:59:00,132.203,132.218,132.203,132.21,19
2020-02-24 07:00:00,132.203,132.218,132.171,132.187,27
2020-02-24 07:02:00,132.156,132.203,132.156,132.194,29
2020-02-24 07:03:00,132.203,132.203,132.156,132.171,12
2020-02-24 07:04:00,132.203,132.203,132.187,132.187,6
2020-02-24 07:05:00,132.203,132.203,132.187,132.187,20
2020-02-24 07:06:00,132.218,132.218,132.218,132.218,1
2020-02-24 07:07:00,132.203,132.218,132.203,132.203,3
2020-02-24 07:08:00,132.203,132.218,132.187,132.187,17
2020-02-24 07:09:00,132.203,132.218,132.187,132.218,17
2020-02-24 07:10:00,132.203,132.218,132.187,132.187,17
2020-02-24 07:11:00,132.187,132.203,132.187,132.187,6
2020-02-24 07:12:00,132.203,132.218,132.187,132.203,7
2020-02-24 07:13:00,132.234,132.234,132.203,132.218,17
2020-02-24 07:15:00,132.234,132.249,132.234,132.249,7
2020-02-24 07:16:00,132.218,132.234,132.218,132.218,6
2020-02-24 07:17:00,132.218,132.234,132.218,132.234,8
2020-02-24 07:18:00,132.234,132.234,132.218,132.234,5
2020-02-24 07:19:00,132.234,132.249,132.234,132.242,25
2020-02-24 07:20:00,132.234,132.25,132.234,132.25,2
2020-02-24 07:22:00,132.218,132.218,132.218,132.218,1
2020-02-24 07:23:00,132.234,132.25,132.218,132.234,16
2020-02-24 07:24:00,132.234,132.25,132.234,132.25,2
2020-02-24 07:25:00,132.218,132.218,132.203,132.218,3
2020-02-24 07:26:00,132.234,132.25,132.218,132.234,17
2020-02-24 07:27:00,132.234,132.25,132.218,132.25,23
2020-02-24 07:28:00,132.234,132.234,132.218,132.218,4
2020-02-24 07:29:00,132.234,132.25,132.234,132.242,3
2020-02-24 07:30:00,132.234,132.234,132.218,132.218,14
2020-02-24 07:31:00,132.218,132.234,132.218,132.226,4
2020-02-24 07:32:00,132.234,132.234,132.218,132.234,7
2020-02-24 07:33:00,132.234,132.234,132.218,132.218,2
2020-02-24 07:34:00,132.25,132.25,132.234,132.25,12
2020-02-24 07:35:00,132.25,132.25,132.234,132.234,11
2020-02-24 07:37:00,132.234,132.234,132.218,132.234,5
2020-02-24 07:38:00,132.218,132.234,132.203,132.226,15
2020-02-24 07:39:00,132.218,132.218,132.203,132.203,18
2020-02-24 07:40:00,132.218,132.218,132.203,132.203,7
2020-02-24 07:41:00,132.203,132.218,132.203,132.203,18
2020-02-24 07:42:00,132.218,132.218,132.218,132.218,1
2020-02-24 07:43:00,132.218,132.218,132.203,132.203,20
2020-02-24 07:44:00,132.234,132.234,132.234,132.234,1
2020-02-24 07:45:00,132.25,132.25,132.234,132.242,31
2020-02-24 07:46:00,132.25,132.25,132.234,132.242,14
2020-02-24 07:47:00,132.25,132.25,132.234,132.234,9
2020-02-24 07:49:00,132.25,132.265,132.25,132.265,28
2020-02-24 07:50:00,132.265,132.281,132.25,132.258,9
2020-02-24 07:51:00,132.265,132.265,132.25,132.25,4
2020-02-24 07:52:00,132.281,132.281,132.265,132.281,6
2020-02-24 07:53:00,132.296,132.296,132.281,132.296,10
2020-02-24 07:54:00,132.281,132.281,132.265,132.281,8
2020-02-24 07:55:00,132.281,132.296,132.281,132.296,7
2020-02-24 07:56:00,132.281,132.296,132.281,132.296,4
2020-02-24 07:57:00,132.296,132.296,132.281,132.288,4
2020-02-24 07:58:00,132.281,132.281,132.281,132.281,1
2020-02-24 07:59:00,132.312,132.312,132.296,132.296,2
2020-02-24 08:00:00,132.328,132.343,132.312,132.328,31
2020-02-24 08:01:00,132.343,132.343,132.312,132.312,18
2020-02-24 08:02:00,132.343,132.343,132.328,132.328,10
2020-02-24 08:03:00,132.359,132.359,132.343,132.359,18
2020-02-24 08:04:00,132.343,132.359,132.343,132.343,9
2020-02-24 08:05:00,132.359,132.359,132.343,132.352,7
2020-02-24 08:07:00,132.375,132.375,132.359,132.375,6
2020-02-24 08:10:00,132.343,132.359,132.343,132.359,2
2020-02-24 08:11:00,132.375,132.375,132.359,132.359,2
2020-02-24 08:12:00,132.39,132.39,132.359,132.359,22
2020-02-24 08:13:00,132.39,132.406,132.375,132.406,34
2020-02-24 08:15:00,132.39,132.406,132.39,132.406,11
2020-02-24 08:16:00,132.421,132.421,132.406,132.406,2
2020-02-24 08:17:00,132.406,132.421,132.406,132.406,5
2020-02-24 08:18:00,132.437,132.437,132.421,132.421,7
2020-02-24 08:19:00,132.453,132.453,132.437,132.444,21
2020-02-24 08:20:00,132.421,132.468,132.421,132.468,30
2020-02-24 08:21:00,132.437,132.437,132.421,132.437,15
2020-02-24 08:22:00,132.453,132.453,132.421,132.421,17
2020-02-24 08:23:00,132.453,132.453,132.437,132.437,2
2020-02-24 08:24:00,132.437,132.468,132.437,132.46,17
2020-02-24 08:25:00,132.468,132.468,132.437,132.453,11
2020-02-24 08:26:00,132.468,132.468,132.453,132.453,8
2020-02-24 08:27:00,132.468,132.484,132.468,132.484,16
2020-02-24 08:28:00,132.484,132.499,132.484,132.484,7
2020-02-24 08:29:00,132.515,132.515,132.484,132.5,30
2020-02-24 08:30:00,132.531,132.531,132.531,132.531,1
2020-02-24 08:31:00,132.546,132.562,132.531,132.546,34
2020-02-24 08:32:00,132.562,132.562,132.546,132.562,29
2020-02-24 08:33:00,132.546,132.593,132.531,132.554,15
2020-02-24 08:34:00,132.515,132.562,132.515,132.554,21
2020-02-24 08:35:00,132.515,132.531,132.515,132.531,22
2020-02-24 08:36:00,132.5,132.531,132.5,132.531,20
2020-02-24 08:37:00,132.531,132.531,132.515,132.515,15
2020-02-24 08:38:00,132.531,132.531,132.515,132.522,7
2020-02-24 08:39:00,132.5,132.531,132.5,132.515,7
2020-02-24 08:40:00,132.515,132.515,132.484,132.515,35
2020-02-24 08:41:00,132.531,132.531,132.508,132.522,26
2020-02-24 08:42:00,132.515,132.531,132.515,132.515,19
2020-02-24 08:43:00,132.562,132.562,132.515,132.522,23
2020-02-24 08:44:00,132.546,132.593,132.546,132.546,30
2020-02-24 08:45:00,132.562,132.578,132.531,132.531,22
2020-02-24 08:46:00,132.562,132.593,132.546,132.578,38
2020-02-24 08:47:00,132.546,132.578,132.546,132.57,11
2020-02-24 08:48:00,132.531,132.546,132.531,132.531,9
2020-02-24 08:49:00,132.515,132.562,132.515,132.546,31
2020-02-24 08:50:00,132.5,132.531,132.484,132.531,23
2020-02-24 08:51:00,132.5,132.5,132.484,132.492,22
2020-02-24 08:52:00,132.5,132.515,132.484,132.484,13
2020-02-24 08:53:00,132.5,132.515,132.5,132.515,23
2020-02-24 08:54:00,132.484,132.5,132.484,132.484,6
2020-02-24 08:55:00,132.468,132.484,132.468,132.468,5
2020-02-24 08:56:00,132.453,132.484,132.453,132.453,20
2020-02-24 08:57:00,132.468,132.484,132.46,132.46,4
2020-02-24 08:58:00,132.468,132.468,132.453,132.46,7
2020-02-24 08:59:00,132.468,132.484,132.453,132.484,20
2020-02-24 09:00:00,132.453,132.484,132.453,132.484,6
2020-02-24 09:01:00,132.531,132.546,132.453,132.468,69
2020-02-24 09:02:00,132.5,132.546,132.484,132.546,57
2020-02-24 09:03:00,132.515,132.531,132.5,132.515,43
2020-02-24 09:04:00,132.5,132.515,132.484,132.5,30
2020-02-24 09:05:00,132.484,132.515,132.468,132.515,26
2020-02-24 09:06:00,132.484,132.484,132.468,132.468,35
2020-02-24 09:07:00,132.5,132.5,132.468,132.468,25
2020-02-24 09:08:00,132.484,132.5,132.484,132.484,18
2020-02-24 09:09:00,132.468,132.484,132.453,132.468,8
2020-02-24 09:10:00,132.437,132.453,132.437,132.453,2
2020-02-24 09:11:00,132.437,132.453,132.437,132.453,6
2020-02-24 09:12:00,132.453,132.453,132.437,132.453,18
2020-02-24 09:13:00,132.468,132.468,132.437,132.437,23
2020-02-24 09:14:00,132.468,132.484,132.453,132.453,5
2020-02-24 09:15:00,132.484,132.484,132.468,132.476,22
2020-02-24 09:16:00,132.515,132.515,132.468,132.468,26
2020-02-24 09:17:00,132.5,132.5,132.484,132.5,14
2020-02-24 09:18:00,132.515,132.515,132.5,132.515,35
2020-02-24 09:19:00,132.515,132.531,132.515,132.524,14
2020-02-24 09:20:00,132.531,132.531,132.515,132.531,9
2020-02-24 09:21:00,132.515,132.531,132.515,132.515,10
2020-02-24 09:22:00,132.515,132.531,132.515,132.531,16
2020-02-24 09:23:00,132.515,132.515,132.5,132.5,11
2020-02-24 09:24:00,132.5,132.515,132.5,132.5,3
2020-02-24 09:25:00,132.531,132.531,132.515,132.515,2
2020-02-24 09:26:00,132.546,132.562,132.515,132.515,29
2020-02-24 09:27:00,132.515,132.562,132.515,132.562,23
2020-02-24 09:28:00,132.515,132.531,132.515,132.531,3
2020-02-24 09:29:00,132.515,132.531,132.5,132.524,17
2020-02-24 09:30:00,132.484,132.531,132.484,132.5,34
2020-02-24 09:31:00,132.484,132.484,132.468,132.468,20
2020-02-24 09:32:00,132.515,132.515,132.484,132.492,22
2020-02-24 09:33:00,132.515,132.531,132.515,132.531,13
2020-02-24 09:34:00,132.515,132.531,132.515,132.531,20
2020-02-24 09:35:00,132.531,132.546,132.5,132.5,16
2020-02-24 09:36:00,132.546,132.562,132.531,132.546,14
2020-02-24 09:37:00,132.546,132.546,132.531,132.531,20
2020-02-24 09:38:00,132.531,132.546,132.515,132.531,7
2020-02-24 09:39:00,132.515,132.531,132.515,132.515,5
2020-02-24 09:40:00,132.531,132.531,132.515,132.531,3
2020-02-24 09:41:00,132.546,132.546,132.546,132.546,1
2020-02-24 09:42:00,132.515,132.562,132.515,132.562,19
2020-02-24 09:43:00,132.5,132.531,132.5,132.524,26
2020-02-24 09:44:00,132.5,132.515,132.5,132.515,2
2020-02-24 09:45:00,132.484,132.5,132.484,132.484,27
2020-02-24 09:46:00,132.5,132.5,132.484,132.5,10
2020-02-24 09:47:00,132.468,132.5,132.468,132.484,13
2020-02-24 09:48:00,132.468,132.484,132.468,132.484,20
2020-02-24 09:49:00,132.468,132.484,132.468,132.484,15
2020-02-24 09:50:00,132.484,132.484,132.468,132.484,7
2020-02-24 09:51:00,132.484,132.5,132.484,132.5,13
2020-02-24 09:52:00,132.5,132.5,132.484,132.5,88
2020-02-24 09:53:00,132.515,132.515,132.5,132.515,9
2020-02-24 09:54:00,132.515,132.531,132.515,132.531,2
2020-02-24 09:55:00,132.5,132.5,132.484,132.5,23
2020-02-24 09:56:00,132.5,132.5,132.484,132.484,19
2020-02-24 09:57:00,132.468,132.484,132.468,132.484,5
2020-02-24 09:58:00,132.468,132.484,132.468,132.484,6
2020-02-24 09:59:00,132.453,132.468,132.453,132.453,6
2020-02-24 10:00:00,132.437,132.468,132.437,132.468,19
2020-02-24 10:01:00,132.484,132.484,132.453,132.453,32
2020-02-24 10:02:00,132.468,132.484,132.468,132.468,12
2020-02-24 10:04:00,132.453,132.453,132.437,132.453,6
2020-02-24 10:05:00,132.422,132.437,132.406,132.437,11
2020-02-24 10:06:00,132.406,132.437,132.406,132.437,20
2020-02-24 10:07:00,132.406,132.422,132.406,132.414,47
2020-02-24 10:08:00,132.422,132.422,132.406,132.422,4
2020-02-24 10:10:00,132.453,132.453,132.437,132.437,9
2020-02-24 10:12:00,132.437,132.468,132.437,132.468,6
2020-02-24 10:13:00,132.453,132.453,132.437,132.453,10
2020-02-24 10:14:00,132.453,132.468,132.453,132.468,5
2020-02-24 10:15:00,132.437,132.437,132.437,132.437,1
2020-02-24 10:17:00,132.406,132.43,132.406,132.43,16
2020-02-24 10:18:00,132.422,132.422,132.406,132.414,29
2020-02-24 10:19:00,132.406,132.422,132.406,132.406,11
2020-02-24 10:21:00,132.422,132.437,132.406,132.422,9
2020-02-24 10:22:00,132.437,132.437,132.422,132.43,7
2020-02-24 10:23:00,132.453,132.453,132.422,132.422,15
2020-02-24 10:24:00,132.406,132.453,132.406,132.437,11
2020-02-24 10:25:00,132.406,132.406,132.39,132.39,9
2020-02-24 10:26:00,132.422,132.422,132.406,132.422,5
2020-02-24 10:27:00,132.422,132.437,132.422,132.437,21
2020-02-24 10:29:00,132.406,132.406,132.406,132.406,1
2020-02-24 10:30:00,132.39,132.422,132.39,132.414,10
2020-02-24 10:31:00,132.39,132.406,132.39,132.406,2
2020-02-24 10:33:00,132.39,132.39,132.375,132.375,2
2020-02-24 10:34:00,132.39,132.406,132.375,132.375,16
2020-02-24 10:35:00,132.39,132.406,132.39,132.398,12
2020-02-24 10:36:00,132.39,132.406,132.375,132.375,13
2020-02-24 10:37:00,132.406,132.406,132.39,132.406,13
2020-02-24 10:38:00,132.406,132.422,132.406,132.422,4
2020-02-24 10:39:00,132.422,132.422,132.406,132.422,5
2020-02-24 10:40:00,132.422,132.437,132.406,132.406,11
2020-02-24 10:41:00,132.422,132.422,132.406,132.406,4
2020-02-24 10:42:00,132.437,132.453,132.422,132.437,5
2020-02-24 10:43:00,132.437,132.453,132.437,132.453,4
2020-02-24 10:44:00,132.453,132.453,132.437,132.453,5
2020-02-24 10:45:00,132.468,132.468,132.453,132.468,5
2020-02-24 10:46:00,132.468,132.468,132.453,132.453,10
2020-02-24 10:47:00,132.484,132.484,132.468,132.484,3
2020-02-24 10:48:00,132.5,132.5,132.484,132.5,5
2020-02-24 10:49:00,132.5,132.515,132.5,132.515,2
2020-02-24 10:50:00,132.531,132.531,132.515,132.515,6
2020-02-24 10:51:00,132.515,132.531,132.515,132.524,9
2020-02-24 10:52:00,132.531,132.531,132.515,132.531,4
2020-02-24 10:53:00,132.531,132.547,132.515,132.515,9
2020-02-24 10:54:00,132.515,132.531,132.515,132.515,18
2020-02-24 10:55:00,132.531,132.547,132.531,132.531,5
2020-02-24 10:56:00,132.531,132.531,132.515,132.515,2
2020-02-24 10:57:00,132.5,132.531,132.5,132.515,6
2020-02-24 10:58:00,132.5,132.515,132.5,132.515,3
2020-02-24 10:59:00,132.515,132.515,132.5,132.515,5
2020-02-24 11:00:00,132.515,132.515,132.5,132.508,5
2020-02-24 11:01:00,132.5,132.515,132.5,132.5,3
2020-02-24 11:02:00,132.531,132.531,132.515,132.515,2
2020-02-24 11:04:00,132.5,132.547,132.5,132.547,31
2020-02-24 11:05:00,132.5,132.5,132.484,132.484,2
2020-02-24 11:07:00,132.515,132.515,132.5,132.515,7
2020-02-24 11:08:00,132.515,132.515,132.5,132.5,2
2020-02-24 11:09:00,132.531,132.531,132.515,132.531,12
2020-02-24 11:10:00,132.515,132.531,132.515,132.515,3
2020-02-24 11:11:00,132.5,132.515,132.5,132.508,5
2020-02-24 11:12:00,132.515,132.515,132.5,132.515,11
2020-02-24 11:14:00,132.515,132.531,132.515,132.524,10
2020-02-24 11:15:00,132.515,132.531,132.515,132.531,8
2020-02-24 11:17:00,132.5,132.515,132.5,132.508,4
2020-02-24 11:18:00,132.484,132.5,132.484,132.492,4
2020-02-24 11:19:00,132.5,132.515,132.5,132.5,10
2020-02-24 11:20:00,132.484,132.515,132.484,132.515,13
2020-02-24 11:21:00,132.453,132.484,132.453,132.468,13
2020-02-24 11:22:00,132.453,132.468,132.453,132.468,7
2020-02-24 11:23:00,132.453,132.468,132.453,132.468,2
2020-02-24 11:24:00,132.453,132.468,132.453,132.46,15
2020-02-24 11:25:00,132.468,132.468,132.453,132.46,10
2020-02-24 11:27:00,132.468,132.484,132.453,132.484,13
2020-02-24 11:28:00,132.468,132.468,132.453,132.453,2
2020-02-24 11:29:00,132.468,132.468,132.453,132.453,3
2020-02-24 11:31:00,132.453,132.453,132.437,132.453,8
2020-02-24 11:32:00,132.468,132.468,132.46,132.46,2
2020-02-24 11:33:00,132.468,132.468,132.453,132.453,7
2020-02-24 11:34:00,132.437,132.468,132.437,132.453,14
2020-02-24 11:35:00,132.437,132.453,132.422,132.453,11
2020-02-24 11:36:00,132.437,132.453,132.437,132.453,6
2020-02-24 11:37:00,132.453,132.453,132.437,132.453,5
2020-02-24 11:38:00,132.422,132.453,132.422,132.437,12
2020-02-24 11:39:00,132.422,132.437,132.422,132.437,13
2020-02-24 11:40:00,132.422,132.422,132.406,132.406,4
2020-02-24 11:41:00,132.422,132.437,132.422,132.437,4
2020-02-24 11:42:00,132.406,132.422,132.406,132.406,5
2020-02-24 11:43:00,132.437,132.437,132.422,132.422,4
2020-02-24 11:44:00,132.453,132.453,132.437,132.453,15
2020-02-24 11:45:00,132.437,132.453,132.437,132.437,10
2020-02-24 11:46:00,132.437,132.437,132.422,132.43,9
2020-02-24 11:47:00,132.437,132.437,132.422,132.422,11
2020-02-24 11:49:00,132.437,132.453,132.437,132.446,6
2020-02-24 11:50:00,132.437,132.453,132.437,132.453,2
2020-02-24 11:51:00,132.453,132.453,132.437,132.446,6
2020-02-24 11:52:00,132.453,132.469,132.453,132.469,3
2020-02-24 11:53:00,132.422,132.469,132.422,132.469,6
2020-02-24 11:56:00,132.453,132.453,132.437,132.437,2
2020-02-24 11:57:00,132.453,132.453,132.437,132.437,7
2020-02-24 11:58:00,132.453,132.453,132.437,132.437,2
2020-02-24 12:00:00,132.422,132.453,132.422,132.437,21
2020-02-24 12:01:00,132.39,132.406,132.39,132.406,13
2020-02-24 12:02:00,132.406,132.406,132.39,132.406,11
2020-02-24 12:04:00,132.39,132.406,132.39,132.39,5
2020-02-24 12:05:00,132.39,132.406,132.39,132.398,13
2020-02-24 12:07:00,132.406,132.406,132.39,132.398,4
2020-02-24 12:08:00,132.406,132.406,132.39,132.39,2
2020-02-24 12:09:00,132.39,132.406,132.39,132.398,3
2020-02-24 12:10:00,132.39,132.406,132.39,132.406,6
2020-02-24 12:11:00,132.375,132.375,132.359,132.375,5
2020-02-24 12:12:00,132.359,132.375,132.359,132.359,3
2020-02-24 12:13:00,132.375,132.375,132.359,132.375,12
2020-02-24 12:14:00,132.39,132.39,132.375,132.39,3
2020-02-24 12:15:00,132.406,132.406,132.406,132.406,1
2020-02-24 12:16:00,132.437,132.437,132.422,132.422,2
2020-02-24 12:17:00,132.453,132.453,132.422,132.422,8
2020-02-24 12:18:00,132.453,132.453,132.437,132.437,6
2020-02-24 12:19:00,132.453,132.453,132.422,132.437,15
2020-02-24 12:21:00,132.437,132.453,132.437,132.445,6
2020-02-24 12:22:00,132.422,132.437,132.422,132.43,6
2020-02-24 12:23:00,132.422,132.437,132.422,132.437,5
2020-02-24 12:24:00,132.422,132.437,132.422,132.437,7
2020-02-24 12:25:00,132.406,132.422,132.406,132.406,8
2020-02-24 12:26:00,132.437,132.437,132.391,132.391,7
2020-02-24 12:27:00,132.453,132.453,132.437,132.453,5
2020-02-24 12:28:00,132.437,132.437,132.437,132.437,1
2020-02-24 12:29:00,132.453,132.453,132.437,132.453,10
2020-02-24 12:30:00,132.437,132.453,132.437,132.437,3
2020-02-24 12:31:00,132.422,132.43,132.422,132.43,2
2020-02-24 12:32:00,132.422,132.422,132.406,132.406,5
2020-02-24 12:33:00,132.406,132.422,132.406,132.406,7
2020-02-24 12:34:00,132.391,132.391,132.391,132.391,1
2020-02-24 12:37:00,132.406,132.406,132.391,132.406,3
2020-02-24 12:39:00,132.406,132.422,132.406,132.422,2
2020-02-24 12:40:00,132.406,132.406,132.391,132.391,6
2020-02-24 12:41:00,132.484,132.5,132.422,132.422,16
2020-02-24 12:42:00,132.469,132.484,132.469,132.476,14
2020-02-24 12:43:00,132.484,132.484,132.469,132.484,3
2020-02-24 12:45:00,132.484,132.5,132.484,132.5,4
2020-02-24 12:46:00,132.484,132.5,132.484,132.5,4
2020-02-24 12:47:00,132.484,132.484,132.469,132.469,4
2020-02-24 12:48:00,132.5,132.515,132.5,132.5,11
2020-02-24 12:49:00,132.5,132.5,132.484,132.484,4
2020-02-24 12:50:00,132.5,132.5,132.484,132.484,4
2020-02-24 12:53:00,132.515,132.515,132.515,132.515,1
2020-02-24 12:54:00,132.531,132.531,132.531,132.531,1
2020-02-24 12:56:00,132.515,132.515,132.515,132.515,1
2020-02-24 12:57:00,132.484,132.515,132.484,132.5,6
2020-02-24 12:58:00,132.469,132.484,132.469,132.476,4
2020-02-24 12:59:00,132.453,132.453,132.453,132.453,1
2020-02-24 13:00:00,132.437,132.469,132.437,132.469,12
2020-02-24 13:01:00,132.406,132.437,132.391,132.422,14
2020-02-24 13:02:00,132.391,132.422,132.375,132.391,19
2020-02-24 13:03:00,132.406,132.406,132.375,132.375,9
2020-02-24 13:04:00,132.422,132.422,132.391,132.391,18
2020-02-24 13:06:00,132.422,132.437,132.422,132.437,34
2020-02-24 13:07:00,132.422,132.437,132.406,132.43,19
2020-02-24 13:08:00,132.422,132.422,132.406,132.406,26
2020-02-24 13:09:00,132.422,132.422,132.406,132.406,16
2020-02-24 13:10:00,132.406,132.422,132.375,132.406,10
2020-02-24 13:11:00,132.391,132.406,132.375,132.391,28
2020-02-24 13:12:00,132.391,132.391,132.375,132.382,4
2020-02-24 13:13:00,132.375,132.382,132.359,132.382,22
2020-02-24 13:14:00,132.391,132.391,132.375,132.391,14
2020-02-24 13:15:00,132.375,132.391,132.375,132.382,35
2020-02-24 13:16:00,132.406,132.406,132.375,132.391,10
2020-02-24 13:17:00,132.422,132.422,132.414,132.414,2
2020-02-24 13:18:00,132.406,132.422,132.406,132.414,10
2020-02-24 13:19:00,132.406,132.422,132.391,132.422,14
2020-02-24 13:20:00,132.375,132.406,132.359,132.391,15
2020-02-24 13:21:00,132.406,132.422,132.391,132.391,18
2020-02-24 13:22:00,132.406,132.406,132.391,132.398,12
2020-02-24 13:23:00,132.406,132.422,132.406,132.422,11
2020-02-24 13:24:00,132.406,132.422,132.406,132.422,6
2020-02-24 13:25:00,132.391,132.422,132.391,132.391,22
2020-02-24 13:26:00,132.422,132.422,132.391,132.406,28
2020-02-24 13:27:00,132.422,132.422,132.406,132.406,11
2020-02-24 13:28:00,132.406,132.422,132.406,132.414,12
2020-02-24 13:29:00,132.391,132.406,132.391,132.391,3
2020-02-24 13:30:00,132.391,132.406,132.375,132.375,21
2020-02-24 13:31:00,132.437,132.453,132.391,132.406,33
2020-02-24 13:32:00,132.453,132.453,132.422,132.453,25
2020-02-24 13:33:00,132.469,132.484,132.453,132.46,17
2020-02-24 13:34:00,132.484,132.484,132.469,132.484,5
2020-02-24 13:35:00,132.469,132.469,132.453,132.469,8
2020-02-24 13:36:00,132.469,132.484,132.453,132.453,22
2020-02-24 13:37:00,132.484,132.484,132.469,132.484,15
2020-02-24 13:38:00,132.5,132.5,132.469,132.469,11
2020-02-24 13:39:00,132.484,132.5,132.484,132.492,8
2020-02-24 13:40:00,132.5,132.516,132.484,132.5,9
2020-02-24 13:41:00,132.5,132.516,132.5,132.516,10
2020-02-24 13:42:00,132.547,132.547,132.516,132.516,8
2020-02-24 13:43:00,132.531,132.562,132.531,132.562,29
2020-02-24 13:44:00,132.5,132.531,132.5,132.516,4
2020-02-24 13:45:00,132.5,132.5,132.484,132.484,2
2020-02-24 13:46:00,132.516,132.516,132.5,132.508,18
2020-02-24 13:47:00,132.484,132.5,132.469,132.5,12
2020-02-24 13:48:00,132.516,132.516,132.469,132.469,71
2020-02-24 13:49:00,132.547,132.547,132.516,132.531,34
2020-02-24 13:50:00,132.547,132.562,132.547,132.562,9
2020-02-24 13:51:00,132.5,132.547,132.5,132.531,34
2020-02-24 13:52:00,132.5,132.516,132.484,132.516,22
2020-02-24 13:53:00,132.484,132.516,132.484,132.516,31
2020-02-24 13:54:00,132.516,132.516,132.5,132.5,5
2020-02-24 13:55:00,132.531,132.531,132.516,132.531,28
2020-02-24 13:56:00,132.531,132.547,132.516,132.54,46
2020-02-24 13:58:00,132.531,132.547,132.531,132.547,8
2020-02-24 13:59:00,132.547,132.547,132.531,132.547,8
2020-02-24 14:00:00,132.594,132.594,132.562,132.562,27
2020-02-24 14:01:00,132.594,132.609,132.578,132.578,12
2020-02-24 14:02:00,132.594,132.594,132.578,132.578,11
2020-02-24 14:03:00,132.609,132.609,132.578,132.578,8
2020-02-24 14:04:00,132.625,132.625,132.609,132.618,38
2020-02-24 14:05:00,132.641,132.641,132.625,132.641,39
2020-02-24 14:06:00,132.672,132.672,132.641,132.656,26
2020-02-24 14:07:00,132.687,132.703,132.656,132.687,44
2020-02-24 14:08:00,132.687,132.687,132.656,132.672,9
2020-02-24 14:09:00,132.672,132.687,132.656,132.672,17
2020-02-24 14:10:00,132.703,132.719,132.672,132.687,28
2020-02-24 14:11:00,132.656,132.687,132.656,132.687,5
2020-02-24 14:12:00,132.672,132.687,132.656,132.672,9
2020-02-24 14:13:00,132.672,132.672,132.656,132.664,24
2020-02-24 14:14:00,132.656,132.672,132.656,132.656,13
2020-02-24 14:15:00,132.672,132.687,132.672,132.672,27
2020-02-24 14:16:00,132.687,132.703,132.672,132.687,18
2020-02-24 14:17:00,132.703,132.719,132.687,132.703,38
2020-02-24 14:18:00,132.672,132.703,132.672,132.687,17
2020-02-24 14:19:00,132.687,132.687,132.672,132.687,5
2020-02-24 14:20:00,132.734,132.75,132.687,132.703,39
2020-02-24 14:21:00,132.703,132.734,132.687,132.719,17
2020-02-24 14:22:00,132.687,132.703,132.687,132.687,20
2020-02-24 14:23:00,132.703,132.703,132.687,132.696,23
2020-02-24 14:24:00,132.703,132.703,132.687,132.696,19
2020-02-24 14:25:00,132.703,132.719,132.703,132.71,3
2020-02-24 14:26:00,132.734,132.75,132.719,132.719,7
2020-02-24 14:27:00,132.734,132.734,132.719,132.719,23
2020-02-24 14:28:00,132.719,132.734,132.719,132.719,26
2020-02-24 14:29:00,132.734,132.734,132.703,132.71,28
2020-02-24 14:30:00,132.719,132.75,132.703,132.719,43
2020-02-24 14:31:00,132.672,132.719,132.672,132.703,85
2020-02-24 14:32:00,132.625,132.687,132.625,132.687,26
2020-02-24 14:33:00,132.609,132.641,132.609,132.641,70
2020-02-24 14:34:00,132.625,132.641,132.609,132.625,41
2020-02-24 14:35:00,132.641,132.656,132.609,132.609,37
2020-02-24 14:36:00,132.625,132.656,132.609,132.656,59
2020-02-24 14:37:00,132.609,132.625,132.594,132.609,26
2020-02-24 14:38:00,132.594,132.625,132.594,132.625,11
2020-02-24 14:39:00,132.609,132.625,132.602,132.602,18
2020-02-24 14:40:00,132.641,132.656,132.609,132.625,31
2020-02-24 14:41:00,132.641,132.641,132.625,132.625,31
2020-02-24 14:42:00,132.656,132.656,132.641,132.656,18
2020-02-24 14:43:00,132.641,132.656,132.641,132.641,22
2020-02-24 14:44:00,132.594,132.641,132.594,132.625,23
2020-02-24 14:45:00,132.594,132.609,132.578,132.609,30
2020-02-24 14:46:00,132.594,132.609,132.594,132.609,14
2020-02-24 14:48:00,132.594,132.609,132.594,132.609,2
2020-02-24 14:49:00,132.609,132.625,132.578,132.578,15
2020-02-24 14:50:00,132.625,132.641,132.609,132.625,18
2020-02-24 14:51:00,132.609,132.618,132.609,132.618,2
2020-02-24 14:52:00,132.641,132.641,132.609,132.625,31
2020-02-24 14:53:00,132.641,132.656,132.625,132.625,22
2020-02-24 14:54:00,132.625,132.672,132.625,132.625,40
2020-02-24 14:55:00,132.641,132.656,132.625,132.632,15
2020-02-24 14:56:00,132.656,132.656,132.625,132.625,34
2020-02-24 14:57:00,132.672,132.672,132.641,132.648,8
2020-02-24 14:58:00,132.656,132.672,132.641,132.656,16
2020-02-24 14:59:00,132.641,132.656,132.625,132.648,25
2020-02-24 15:00:00,132.609,132.656,132.594,132.656,43
2020-02-24 15:01:00,132.609,132.609,132.578,132.602,37
2020-02-24 15:02:00,132.609,132.625,132.594,132.594,43
2020-02-24 15:03:00,132.609,132.625,132.609,132.625,18
2020-02-24 15:04:00,132.609,132.625,132.578,132.594,35
2020-02-24 15:05:00,132.641,132.641,132.609,132.625,46
2020-02-24 15:06:00,132.625,132.641,132.625,132.625,15
2020-02-24 15:07:00,132.609,132.641,132.609,132.609,15
2020-02-24 15:08:00,132.641,132.641,132.609,132.625,38
2020-02-24 15:09:00,132.625,132.656,132.609,132.656,18
2020-02-24 15:10:00,132.625,132.641,132.625,132.632,33
2020-02-24 15:11:00,132.641,132.656,132.609,132.609,11
2020-02-24 15:12:00,132.609,132.656,132.609,132.656,19
2020-02-24 15:13:00,132.594,132.609,132.594,132.594,17
2020-02-24 15:14:00,132.578,132.594,132.578,132.578,7
2020-02-24 15:15:00,132.563,132.578,132.547,132.563,38
2020-02-24 15:16:00,132.578,132.578,132.563,132.578,8
2020-02-24 15:17:00,132.594,132.594,132.578,132.594,8
2020-02-24 15:18:00,132.609,132.609,132.578,132.578,24
2020-02-24 15:19:00,132.609,132.609,132.594,132.594,4
2020-02-24 15:20:00,132.609,132.625,132.609,132.625,6
2020-02-24 15:21:00,132.641,132.641,132.609,132.625,16
2020-02-24 15:22:00,132.625,132.641,132.625,132.625,5
2020-02-24 15:23:00,132.641,132.641,132.625,132.641,15
2020-02-24 15:24:00,132.641,132.656,132.641,132.656,4
2020-02-24 15:25:00,132.625,132.641,132.625,132.632,19
2020-02-24 15:26:00,132.656,132.656,132.641,132.641,5
2020-02-24 15:27:00,132.656,132.656,132.641,132.641,8
2020-02-24 15:28:00,132.656,132.672,132.656,132.672,21
2020-02-24 15:29:00,132.656,132.672,132.656,132.672,10
2020-02-24 15:31:00,132.672,132.672,132.656,132.664,24
2020-02-24 15:32:00,132.688,132.688,132.672,132.688,15
2020-02-24 15:33:00,132.703,132.703,132.688,132.703,13
2020-02-24 15:34:00,132.672,132.703,132.672,132.688,10
2020-02-24 15:35:00,132.672,132.672,132.656,132.664,12
2020-02-24 15:36:00,132.656,132.672,132.656,132.656,23
2020-02-24 15:37:00,132.656,132.672,132.656,132.672,24
2020-02-24 15:38:00,132.672,132.688,132.656,132.672,21
2020-02-24 15:39:00,132.672,132.703,132.672,132.68,14
2020-02-24 15:40:00,132.703,132.703,132.672,132.688,31
2020-02-24 15:41:00,132.672,132.703,132.672,132.688,80
2020-02-24 15:42:00,132.641,132.672,132.641,132.656,38
2020-02-24 15:43:00,132.625,132.625,132.594,132.625,42
2020-02-24 15:44:00,132.625,132.625,132.609,132.618,27
2020-02-24 15:45:00,132.656,132.656,132.625,132.641,17
2020-02-24 15:46:00,132.641,132.656,132.641,132.641,22
2020-02-24 15:47:00,132.656,132.672,132.641,132.648,23
2020-02-24 15:48:00,132.656,132.656,132.641,132.641,10
2020-02-24 15:49:00,132.656,132.672,132.641,132.672,26
2020-02-24 15:50:00,132.656,132.672,132.656,132.672,4
2020-02-24 15:51:00,132.641,132.641,132.625,132.641,18
2020-02-24 15:52:00,132.641,132.641,132.625,132.625,14
2020-02-24 15:53:00,132.656,132.656,132.641,132.656,9
2020-02-24 15:54:00,132.672,132.672,132.656,132.672,15
2020-02-24 15:55:00,132.688,132.688,132.656,132.656,12
2020-02-24 15:56:00,132.672,132.688,132.656,132.672,9
2020-02-24 15:57:00,132.656,132.672,132.656,132.664,11
2020-02-24 15:58:00,132.672,132.672,132.672,132.672,1
2020-02-24 15:59:00,132.688,132.688,132.656,132.656,13
2020-02-24 16:00:00,132.688,132.688,132.656,132.672,17
2020-02-24 16:01:00,132.703,132.703,132.672,132.672,18
2020-02-24 16:02:00,132.688,132.703,132.688,132.688,19
2020-02-24 16:03:00,132.703,132.703,132.688,132.703,19
2020-02-24 16:04:00,132.703,132.703,132.688,132.688,4
2020-02-24 16:05:00,132.703,132.719,132.703,132.712,29
2020-02-24 16:07:00,132.719,132.719,132.688,132.688,12
2020-02-24 16:08:00,132.719,132.719,132.703,132.703,5
2020-02-24 16:09:00,132.719,132.734,132.719,132.734,9
2020-02-24 16:10:00,132.719,132.734,132.703,132.703,5
2020-02-24 16:11:00,132.703,132.719,132.703,132.703,4
2020-02-24 16:12:00,132.703,132.719,132.703,132.719,2
2020-02-24 16:13:00,132.719,132.719,132.703,132.719,4
2020-02-24 16:14:00,132.734,132.734,132.719,132.734,4
2020-02-24 16:15:00,132.719,132.734,132.719,132.719,3
2020-02-24 16:16:00,132.703,132.719,132.688,132.703,16
2020-02-24 16:17:00,132.688,132.703,132.688,132.688,3
2020-02-24 16:18:00,132.703,132.703,132.703,132.703,1
2020-02-24 16:19:00,132.688,132.688,132.688,132.688,1
2020-02-24 16:20:00,132.672,132.688,132.656,132.672,27
2020-02-24 16:21:00,132.688,132.688,132.672,132.688,21
2020-02-24 16:22:00,132.672,132.688,132.672,132.672,19
2020-02-24 16:23:00,132.688,132.688,132.672,132.688,10
2020-02-24 16:24:00,132.688,132.688,132.672,132.68,4
2020-02-24 16:25:00,132.688,132.703,132.688,132.703,4
2020-02-24 16:26:00,132.688,132.703,132.688,132.703,12
2020-02-24 16:27:00,132.703,132.719,132.703,132.703,4
2020-02-24 16:28:00,132.688,132.703,132.688,132.688,9
2020-02-24 16:29:00,132.703,132.703,132.688,132.703,8
2020-02-24 16:30:00,132.703,132.703,132.688,132.688,13
2020-02-24 16:31:00,132.688,132.703,132.688,132.688,5
2020-02-24 16:32:00,132.672,132.688,132.672,132.672,11
2020-02-24 16:33:00,132.672,132.672,132.656,132.664,13
2020-02-24 16:34:00,132.688,132.688,132.672,132.688,3
2020-02-24 16:35:00,132.703,132.703,132.688,132.696,4
2020-02-24 16:36:00,132.672,132.688,132.672,132.688,12
2020-02-24 16:37:00,132.672,132.688,132.656,132.688,11
2020-02-24 16:38:00,132.656,132.672,132.641,132.656,13
2020-02-24 16:40:00,132.688,132.703,132.656,132.672,47
2020-02-24 16:41:00,132.719,132.719,132.688,132.703,6
2020-02-24 16:42:00,132.703,132.703,132.688,132.703,4
2020-02-24 16:43:00,132.703,132.703,132.688,132.688,15
2020-02-24 16:44:00,132.688,132.703,132.688,132.688,25
2020-02-24 16:45:00,132.688,132.703,132.688,132.703,8
2020-02-24 16:46:00,132.703,132.719,132.688,132.703,22
2020-02-24 16:48:00,132.688,132.703,132.688,132.688,6
2020-02-24 16:49:00,132.688,132.703,132.688,132.696,12
2020-02-24 16:50:00,132.688,132.688,132.672,132.672,15
2020-02-24 16:51:00,132.672,132.688,132.672,132.672,5
2020-02-24 16:52:00,132.641,132.672,132.641,132.664,115
2020-02-24 16:53:00,132.641,132.656,132.641,132.656,47
2020-02-24 16:54:00,132.672,132.688,132.641,132.656,59
2020-02-24 16:55:00,132.703,132.703,132.688,132.688,6
2020-02-24 16:56:00,132.672,132.703,132.672,132.688,12
2020-02-24 16:57:00,132.656,132.672,132.641,132.664,37
2020-02-24 16:58:00,132.688,132.688,132.656,132.672,6
2020-02-24 16:59:00,132.688,132.703,132.672,132.703,22
2020-02-24 17:00:00,132.688,132.703,132.688,132.703,3
2020-02-24 17:01:00,132.703,132.703,132.688,132.703,3
2020-02-24 17:02:00,132.719,132.719,132.688,132.688,14
2020-02-24 17:03:00,132.703,132.719,132.703,132.703,21
2020-02-24 17:04:00,132.719,132.719,132.703,132.719,5
2020-02-24 17:05:00,132.719,132.719,132.703,132.703,2
2020-02-24 17:06:00,132.719,132.735,132.703,132.703,17
2020-02-24 17:07:00,132.75,132.75,132.719,132.735,20
2020-02-24 17:08:00,132.735,132.75,132.735,132.742,8
2020-02-24 17:09:00,132.75,132.75,132.735,132.75,12
2020-02-24 17:10:00,132.75,132.75,132.735,132.735,12
2020-02-24 17:11:00,132.75,132.75,132.735,132.735,2
2020-02-24 17:13:00,132.75,132.766,132.735,132.766,7
2020-02-24 17:14:00,132.75,132.766,132.75,132.766,3
2020-02-24 17:15:00,132.766,132.766,132.75,132.766,7
2020-02-24 17:16:00,132.75,132.766,132.735,132.758,11
2020-02-24 17:17:00,132.735,132.75,132.735,132.735,7
2020-02-24 17:18:00,132.75,132.75,132.719,132.726,11
2020-02-24 17:19:00,132.719,132.75,132.719,132.735,25
2020-02-24 17:20:00,132.735,132.75,132.719,132.735,13
2020-02-24 17:21:00,132.735,132.735,132.719,132.719,6
2020-02-24 17:22:00,132.766,132.766,132.75,132.75,21
2020-02-24 17:23:00,132.781,132.797,132.766,132.781,5
2020-02-24 17:24:00,132.781,132.797,132.781,132.797,12
2020-02-24 17:25:00,132.781,132.797,132.766,132.766,6
2020-02-24 17:26:00,132.766,132.781,132.75,132.766,11
2020-02-24 17:27:00,132.781,132.781,132.75,132.75,9
2020-02-24 17:28:00,132.781,132.797,132.766,132.774,14
2020-02-24 17:29:00,132.781,132.79,132.766,132.766,6
2020-02-24 17:30:00,132.766,132.797,132.766,132.797,25
2020-02-24 17:31:00,132.75,132.766,132.75,132.75,16
2020-02-24 17:32:00,132.766,132.781,132.766,132.766,7
2020-02-24 17:33:00,132.797,132.797,132.766,132.774,28
2020-02-24 17:34:00,132.781,132.781,132.766,132.781,18
2020-02-24 17:35:00,132.766,132.766,132.75,132.766,3
2020-02-24 17:36:00,132.75,132.766,132.75,132.75,8
2020-02-24 17:38:00,132.735,132.75,132.735,132.742,30
2020-02-24 17:39:00,132.735,132.75,132.735,132.742,5
2020-02-24 17:40:00,132.735,132.735,132.719,132.719,2
2020-02-24 17:41:00,132.75,132.75,132.75,132.75,1
2020-02-24 17:42:00,132.719,132.75,132.719,132.742,24
2020-02-24 17:43:00,132.719,132.719,132.703,132.703,2
2020-02-24 17:44:00,132.719,132.735,132.719,132.735,8
2020-02-24 17:45:00,132.719,132.735,132.719,132.735,2
2020-02-24 17:46:00,132.735,132.735,132.735,132.735,1
2020-02-24 17:47:00,132.735,132.735,132.719,132.719,5
2020-02-24 17:48:00,132.75,132.75,132.735,132.75,17
2020-02-24 17:49:00,132.75,132.766,132.75,132.766,11
2020-02-24 17:50:00,132.766,132.781,132.75,132.758,21
2020-02-24 17:51:00,132.766,132.766,132.75,132.75,12
2020-02-24 17:52:00,132.766,132.766,132.75,132.75,21
2020-02-24 17:53:00,132.75,132.766,132.75,132.75,14
2020-02-24 17:54:00,132.766,132.766,132.75,132.766,21
2020-02-24 17:55:00,132.766,132.781,132.766,132.781,2
2020-02-24 17:56:00,132.781,132.781,132.766,132.781,5
2020-02-24 17:57:00,132.781,132.781,132.766,132.766,2
2020-02-24 17:59:00,132.797,132.797,132.766,132.79,14
2020-02-24 18:00:00,132.797,132.797,132.781,132.781,4
2020-02-24 18:01:00,132.797,132.797,132.781,132.781,4
2020-02-24 18:02:00,132.797,132.813,132.797,132.804,9
2020-02-24 18:03:00,132.797,132.797,132.782,132.782,5
2020-02-24 18:05:00,132.797,132.797,132.782,132.782,4
2020-02-24 18:06:00,132.797,132.797,132.782,132.79,3
2020-02-24 18:07:00,132.782,132.797,132.782,132.782,30
2020-02-24 18:08:00,132.782,132.797,132.766,132.79,15
2020-02-24 18:09:00,132.797,132.797,132.782,132.797,8
2020-02-24 18:10:00,132.797,132.813,132.797,132.813,12
2020-02-24 18:11:00,132.813,132.813,132.797,132.813,11
2020-02-24 18:12:00,132.813,132.813,132.797,132.797,25
2020-02-24 18:13:00,132.813,132.813,132.797,132.797,8
2020-02-24 18:14:00,132.813,132.813,132.797,132.797,11
2020-02-24 18:16:00,132.813,132.828,132.813,132.82,13
2020-02-24 18:17:00,132.828,132.828,132.813,132.828,29
2020-02-24 18:18:00,132.813,132.828,132.813,132.813,3
2020-02-24 18:19:00,132.797,132.813,132.797,132.797,6
2020-02-24 18:20:00,132.766,132.79,132.766,132.79,12
2020-02-24 18:22:00,132.766,132.782,132.766,132.782,12
2020-02-24 18:23:00,132.766,132.782,132.766,132.782,7
2020-02-24 18:24:00,132.766,132.782,132.766,132.782,11
2020-02-24 18:25:00,132.75,132.782,132.75,132.782,6
2020-02-24 18:26:00,132.75,132.766,132.75,132.766,9
2020-02-24 18:27:00,132.735,132.742,132.719,132.742,27
2020-02-24 18:29:00,132.719,132.719,132.719,132.719,1
2020-02-24 18:30:00,132.719,132.735,132.719,132.735,3
2020-02-24 18:31:00,132.703,132.735,132.703,132.726,11
2020-02-24 18:32:00,132.703,132.735,132.703,132.712,13
2020-02-24 18:33:00,132.719,132.735,132.703,132.719,13
2020-02-24 18:35:00,132.719,132.735,132.719,132.735,17
2020-02-24 18:37:00,132.719,132.735,132.719,132.735,2
2020-02-24 18:38:00,132.719,132.735,132.719,132.735,6
2020-02-24 18:40:00,132.719,132.735,132.719,132.735,2
2020-02-24 18:41:00,132.735,132.735,132.735,132.735,1
2020-02-24 18:42:00,132.735,132.75,132.719,132.75,4
2020-02-24 18:43:00,132.719,132.735,132.719,132.719,16
2020-02-24 18:45:00,132.735,132.735,132.735,132.735,1
2020-02-24 18:46:00,132.75,132.75,132.719,132.726,4
2020-02-24 18:47:00,132.735,132.75,132.719,132.742,20
2020-02-24 18:49:00,132.735,132.75,132.735,132.75,8
2020-02-24 18:50:00,132.735,132.735,132.719,132.719,6
2020-02-24 18:51:00,132.735,132.75,132.735,132.75,7
2020-02-24 18:52:00,132.735,132.75,132.735,132.75,4
2020-02-24 18:54:00,132.735,132.735,132.719,132.719,2
2020-02-24 18:55:00,132.75,132.75,132.75,132.75,1
2020-02-24 18:56:00,132.75,132.766,132.75,132.766,19
2020-02-24 18:58:00,132.719,132.735,132.719,132.735,3
2020-02-24 18:59:00,132.735,132.735,132.719,132.735,8
2020-02-24 19:00:00,132.735,132.75,132.719,132.719,13
2020-02-24 19:01:00,132.735,132.75,132.735,132.75,2
2020-02-24 19:02:00,132.719,132.719,132.719,132.719,1
2020-02-24 19:03:00,132.735,132.75,132.719,132.735,18
2020-02-24 19:04:00,132.735,132.75,132.735,132.75,3
2020-02-24 19:05:00,132.735,132.735,132.719,132.719,7
2020-02-24 19:06:00,132.735,132.75,132.735,132.75,2
2020-02-24 19:07:00,132.75,132.75,132.735,132.75,6
2020-02-24 19:08:00,132.766,132.766,132.75,132.766,17
2020-02-24 19:09:00,132.75,132.766,132.75,132.75,3
2020-02-24 19:10:00,132.766,132.766,132.75,132.766,15
2020-02-24 19:11:00,132.766,132.766,132.75,132.75,2
2020-02-24 19:12:00,132.766,132.766,132.75,132.75,6
2020-02-24 19:16:00,132.75,132.758,132.75,132.758,2
2020-02-24 19:17:00,132.766,132.766,132.758,132.758,2
2020-02-24 19:18:00,132.766,132.766,132.75,132.75,18
2020-02-24 19:19:00,132.766,132.782,132.766,132.782,7
2020-02-24 19:21:00,132.735,132.766,132.735,132.75,7
2020-02-24 19:22:00,132.735,132.75,132.735,132.742,3
2020-02-24 19:23:00,132.735,132.75,132.735,132.742,12
2020-02-24 19:24:00,132.735,132.75,132.719,132.75,14
2020-02-24 19:25:00,132.704,132.735,132.704,132.726,7
2020-02-24 19:26:00,132.688,132.719,132.688,132.719,17
2020-02-24 19:27:00,132.688,132.688,132.672,132.672,2
2020-02-24 19:28:00,132.688,132.688,132.672,132.672,11
2020-02-24 19:29:00,132.688,132.688,132.672,132.68,26
2020-02-24 19:30:00,132.688,132.688,132.672,132.672,11
2020-02-24 19:31:00,132.688,132.688,132.672,132.68,5
2020-02-24 19:32:00,132.688,132.704,132.688,132.696,9
2020-02-24 19:33:00,132.657,132.688,132.657,132.68,26
2020-02-24 19:35:00,132.657,132.657,132.641,132.641,20
2020-02-24 19:36:00,132.672,132.672,132.672,132.672,1
2020-02-24 19:37:00,132.672,132.672,132.657,132.657,7
2020-02-24 19:38:00,132.657,132.672,132.641,132.664,33
2020-02-24 19:39:00,132.657,132.657,132.641,132.648,10
2020-02-24 19:40:00,132.672,132.672,132.657,132.664,11
2020-02-24 19:41:00,132.688,132.704,132.672,132.688,19
2020-02-24 19:42:00,132.704,132.704,132.688,132.704,19
2020-02-24 19:43:00,132.688,132.688,132.672,132.688,3
2020-02-24 19:44:00,132.688,132.688,132.672,132.672,10
2020-02-24 19:45:00,132.672,132.688,132.657,132.68,14
2020-02-24 19:46:00,132.641,132.672,132.641,132.657,10
2020-02-24 19:47:00,132.657,132.657,132.641,132.657,14
2020-02-24 19:48:00,132.657,132.672,132.657,132.672,2
2020-02-24 19:49:00,132.641,132.648,132.641,132.648,2
2020-02-24 19:50:00,132.672,132.672,132.657,132.657,4
2020-02-24 19:51:00,132.672,132.672,132.657,132.657,4
2020-02-24 19:52:00,132.672,132.672,132.657,132.657,20
2020-02-24 19:53:00,132.657,132.672,132.657,132.657,13
2020-02-24 19:54:00,132.625,132.641,132.625,132.641,11
2020-02-24 19:55:00,132.61,132.61,132.61,132.61,1
2020-02-24 19:56:00,132.579,132.594,132.579,132.594,8
2020-02-24 19:57:00,132.594,132.594,132.579,132.594,7
2020-02-24 19:58:00,132.625,132.625,132.594,132.61,11
2020-02-24 19:59:00,132.61,132.61,132.594,132.61,3
2020-02-24 20:00:00,132.657,132.657,132.61,132.625,18
2020-02-24 20:01:00,132.657,132.657,132.641,132.641,20
2020-02-24 20:02:00,132.625,132.641,132.625,132.641,4
2020-02-24 20:03:00,132.625,132.641,132.625,132.641,2
2020-02-24 20:04:00,132.61,132.618,132.61,132.618,2
2020-02-24 20:05:00,132.61,132.61,132.594,132.594,29
2020-02-24 20:06:00,132.594,132.594,132.594,132.594,1
2020-02-24 20:07:00,132.61,132.61,132.594,132.61,3
2020-02-24 20:08:00,132.61,132.61,132.594,132.594,14
2020-02-24 20:09:00,132.626,132.626,132.626,132.626,1
2020-02-24 20:10:00,132.641,132.641,132.634,132.634,2
2020-02-24 20:11:00,132.641,132.657,132.641,132.657,4
2020-02-24 20:12:00,132.641,132.641,132.626,132.626,2
2020-02-24 20:13:00,132.641,132.641,132.626,132.626,10
2020-02-24 20:14:00,132.626,132.641,132.626,132.626,17
2020-02-24 20:15:00,132.641,132.641,132.626,132.641,8
2020-02-24 20:16:00,132.626,132.641,132.626,132.626,3
2020-02-24 20:17:00,132.626,132.626,132.61,132.61,22
2020-02-24 20:18:00,132.61,132.626,132.61,132.61,13
2020-02-24 20:19:00,132.594,132.61,132.594,132.594,39
2020-02-24 20:20:00,132.61,132.61,132.61,132.61,1
2020-02-24 20:21:00,132.594,132.61,132.594,132.594,3
2020-02-24 20:22:00,132.579,132.594,132.579,132.579,12
2020-02-24 20:23:00,132.579,132.594,132.563,132.594,14
2020-02-24 20:24:00,132.594,132.594,132.579,132.586,17
2020-02-24 20:25:00,132.594,132.61,132.594,132.61,12
2020-02-24 20:26:00,132.594,132.61,132.594,132.61,13
2020-02-24 20:27:00,132.594,132.61,132.594,132.61,12
2020-02-24 20:29:00,132.626,132.626,132.602,132.602,3
2020-02-24 20:30:00,132.657,132.657,132.626,132.641,14
2020-02-24 20:31:00,132.657,132.657,132.626,132.641,18
2020-02-24 20:32:00,132.626,132.657,132.626,132.648,7
2020-02-24 20:33:00,132.626,132.641,132.626,132.641,5
2020-02-24 20:34:00,132.641,132.641,132.641,132.641,1
2020-02-24 20:35:00,132.657,132.657,132.641,132.657,12
2020-02-24 20:36:00,132.672,132.672,132.657,132.664,20
2020-02-24 20:37:00,132.688,132.688,132.672,132.688,7
2020-02-24 20:38:00,132.672,132.688,132.672,132.672,3
2020-02-24 20:39:00,132.688,132.688,132.688,132.688,1
2020-02-24 20:40:00,132.688,132.688,132.672,132.672,14
2020-02-24 20:43:00,132.704,132.704,132.688,132.704,9
2020-02-24 20:45:00,132.672,132.696,132.672,132.696,3
2020-02-24 20:46:00,132.688,132.704,132.688,132.688,3
2020-02-24 20:47:00,132.688,132.688,132.672,132.672,8
2020-02-24 20:48:00,132.672,132.688,132.672,132.672,15
2020-02-24 20:50:00,132.688,132.688,132.672,132.688,15
2020-02-24 20:51:00,132.704,132.704,132.704,132.704,1
2020-02-24 20:52:00,132.688,132.704,132.688,132.696,7
2020-02-24 20:53:00,132.704,132.704,132.688,132.704,4
2020-02-24 20:54:00,132.719,132.719,132.704,132.719,8
2020-02-24 20:55:00,132.719,132.719,132.704,132.712,17
2020-02-24 20:56:00,132.719,132.735,132.719,132.728,3
2020-02-24 20:57:00,132.719,132.719,132.704,132.704,7
2020-02-24 20:58:00,132.704,132.704,132.688,132.704,11
2020-02-24 20:59:00,132.704,132.704,132.688,132.688,33
2020-02-24 21:00:00,132.688,132.704,132.688,132.688,12
2020-02-24 21:01:00,132.704,132.704,132.704,132.704,1
2020-02-24 21:02:00,132.704,132.704,132.688,132.688,4
2020-02-24 21:04:00,132.719,132.719,132.719,132.719,1
2020-02-24 21:06:00,132.735,132.735,132.735,132.735,1
2020-02-24 21:07:00,132.751,132.751,132.735,132.751,27
2020-02-24 21:12:00,132.735,132.751,132.735,132.735,4
2020-02-24 21:13:00,132.751,132.751,132.751,132.751,1
2020-02-24 21:14:00,132.735,132.751,132.735,132.735,9
2020-02-24 21:17:00,132.751,132.751,132.751,132.751,1
2020-02-24 21:19:00,132.735,132.751,132.735,132.735,3
2020-02-24 21:20:00,132.735,132.751,132.735,132.751,2
2020-02-24 21:29:00,132.751,132.751,132.751,132.751,1
2020-02-24 21:31:00,132.766,132.782,132.751,132.766,23
2020-02-24 21:32:00,132.751,132.766,132.751,132.751,12
2020-02-24 21:33:00,132.751,132.766,132.751,132.766,2
2020-02-24 21:34:00,132.751,132.751,132.735,132.735,14
2020-02-24 21:35:00,132.735,132.751,132.735,132.735,7
2020-02-24 21:40:00,132.719,132.735,132.719,132.719,9
2020-02-24 21:44:00,132.704,132.719,132.704,132.704,7
2020-02-24 21:45:00,132.704,132.719,132.704,132.719,9
2020-02-24 21:49:00,132.688,132.688,132.688,132.688,1
2020-02-24 21:51:00,132.673,132.673,132.673,132.673,1
2020-02-24 21:54:00,132.673,132.688,132.673,132.688,2
2020-02-24 21:59:00,132.673,132.673,132.673,132.673,1
2020-02-24 23:00:00,132.688,132.766,132.673,132.673,62
2020-02-24 23:01:00,132.688,132.719,132.673,132.68,21
2020-02-24 23:02:00,132.673,132.688,132.673,132.673,9
2020-02-24 23:03:00,132.641,132.688,132.641,132.688,21
2020-02-24 23:04:00,132.641,132.657,132.626,132.657,24
2020-02-24 23:05:00,132.61,132.641,132.61,132.626,10
2020-02-24 23:06:00,132.61,132.626,132.61,132.626,20
2020-02-24 23:07:00,132.626,132.626,132.61,132.618,4
2020-02-24 23:08:00,132.626,132.641,132.61,132.61,6
2020-02-24 23:09:00,132.626,132.641,132.626,132.641,2
2020-02-24 23:10:00,132.61,132.626,132.61,132.618,3
2020-02-24 23:11:00,132.594,132.594,132.594,132.594,1
2020-02-24 23:12:00,132.61,132.626,132.594,132.61,10
2020-02-24 23:13:00,132.594,132.61,132.594,132.594,3
2020-02-24 23:14:00,132.579,132.579,132.563,132.579,5
2020-02-24 23:15:00,132.579,132.595,132.563,132.563,6
2020-02-24 23:16:00,132.563,132.579,132.563,132.563,4
2020-02-24 23:17:00,132.548,132.563,132.548,132.548,8
2020-02-24 23:18:00,132.563,132.563,132.563,132.563,1
2020-02-24 23:19:00,132.548,132.563,132.548,132.548,4
2020-02-24 23:20:00,132.548,132.563,132.548,132.563,2
2020-02-24 23:21:00,132.563,132.563,132.563,132.563,1
2020-02-24 23:23:00,132.563,132.563,132.548,132.548,2
2020-02-24 23:24:00,132.548,132.548,132.548,132.548,1
2020-02-24 23:26:00,132.579,132.579,132.548,132.563,6
2020-02-24 23:28:00,132.595,132.595,132.579,132.586,4
2020-02-24 23:29:00,132.579,132.579,132.579,132.579,1
2020-02-24 23:30:00,132.579,132.579,132.563,132.572,13
2020-02-24 23:31:00,132.579,132.579,132.563,132.563,2
2020-02-24 23:32:00,132.595,132.595,132.579,132.586,4
2020-02-24 23:33:00,132.595,132.61,132.595,132.61,8
2020-02-24 23:34:00,132.579,132.586,132.579,132.586,2
2020-02-24 23:36:00,132.595,132.61,132.595,132.595,7
2020-02-24 23:37:00,132.595,132.61,132.595,132.602,14
2020-02-24 23:39:00,132.579,132.595,132.579,132.579,6
2020-02-24 23:40:00,132.548,132.579,132.548,132.563,13
2020-02-24 23:41:00,132.548,132.563,132.548,132.563,7
2020-02-24 23:43:00,132.548,132.548,132.532,132.532,9
2020-02-24 23:44:00,132.563,132.563,132.548,132.563,3
2020-02-24 23:45:00,132.563,132.595,132.563,132.579,18
2020-02-24 23:46:00,132.563,132.579,132.563,132.579,8
2020-02-24 23:48:00,132.548,132.548,132.532,132.548,8
2020-02-24 23:49:00,132.548,132.548,132.532,132.532,8
2020-02-24 23:50:00,132.548,132.563,132.548,132.556,6
2020-02-24 23:52:00,132.548,132.563,132.532,132.532,9
2020-02-24 23:53:00,132.532,132.532,132.532,132.532,1
2020-02-24 23:56:00,132.532,132.532,132.516,132.516,2
2020-02-24 23:57:00,132.532,132.532,132.516,132.524,10
2020-02-24 23:59:00,132.532,132.532,132.516,132.516,11
2020-02-25 00:00:00,132.548,132.563,132.532,132.548,13
2020-02-25 00:01:00,132.548,132.563,132.532,132.532,14
2020-02-25 00:02:00,132.532,132.563,132.532,132.556,8
2020-02-25 00:03:00,132.501,132.548,132.485,132.548,25
2020-02-25 00:04:00,132.454,132.501,132.454,132.485,20
2020-02-25 00:05:00,132.47,132.485,132.454,132.47,30
2020-02-25 00:06:00,132.485,132.501,132.47,132.478,16
2020-02-25 00:07:00,132.501,132.501,132.47,132.47,3
2020-02-25 00:08:00,132.47,132.501,132.47,132.485,9
2020-02-25 00:09:00,132.485,132.485,132.438,132.485,19
2020-02-25 00:10:00,132.47,132.501,132.454,132.501,31
2020-02-25 00:11:00,132.47,132.485,132.454,132.485,18
2020-02-25 00:12:00,132.454,132.47,132.438,132.454,7
2020-02-25 00:13:00,132.438,132.47,132.438,132.47,25
2020-02-25 00:14:00,132.438,132.454,132.438,132.454,11
2020-02-25 00:15:00,132.47,132.47,132.438,132.446,8
2020-02-25 00:16:00,132.47,132.47,132.454,132.454,12
2020-02-25 00:17:00,132.454,132.47,132.438,132.454,11
2020-02-25 00:18:00,132.454,132.47,132.454,132.462,12
2020-02-25 00:19:00,132.438,132.446,132.438,132.446,2
2020-02-25 00:20:00,132.454,132.47,132.438,132.454,11
2020-02-25 00:21:00,132.454,132.454,132.438,132.446,20
2020-02-25 00:22:00,132.454,132.454,132.438,132.438,24
2020-02-25 00:23:00,132.47,132.47,132.438,132.438,7
2020-02-25 00:25:00,132.485,132.485,132.47,132.485,3
2020-02-25 00:27:00,132.47,132.47,132.47,132.47,1
2020-02-25 00:28:00,132.485,132.485,132.47,132.485,3
2020-02-25 00:29:00,132.47,132.47,132.47,132.47,1
2020-02-25 00:30:00,132.47,132.47,132.454,132.454,6
2020-02-25 00:31:00,132.47,132.485,132.47,132.485,12
2020-02-25 00:32:00,132.485,132.485,132.485,132.485,1
2020-02-25 00:33:00,132.485,132.485,132.47,132.47,2
2020-02-25 00:34:00,132.454,132.485,132.454,132.47,12
2020-02-25 00:35:00,132.454,132.47,132.454,132.47,9
2020-02-25 00:36:00,132.438,132.454,132.438,132.438,5
2020-02-25 00:37:00,132.438,132.454,132.438,132.446,9
2020-02-25 00:39:00,132.438,132.438,132.423,132.423,6
2020-02-25 00:40:00,132.438,132.454,132.438,132.446,3
2020-02-25 00:41:00,132.438,132.454,132.438,132.454,8
2020-02-25 00:42:00,132.454,132.454,132.454,132.454,1
2020-02-25 00:43:00,132.47,132.485,132.462,132.462,5
2020-02-25 00:45:00,132.47,132.47,132.454,132.454,4
2020-02-25 00:46:00,132.47,132.485,132.47,132.485,4
2020-02-25 00:48:00,132.47,132.47,132.454,132.454,2
2020-02-25 00:49:00,132.47,132.47,132.454,132.454,2
2020-02-25 00:50:00,132.485,132.485,132.454,132.454,3
2020-02-25 00:51:00,132.47,132.47,132.47,132.47,1
2020-02-25 00:52:00,132.439,132.462,132.423,132.462,13
2020-02-25 00:53:00,132.439,132.439,132.423,132.423,3
2020-02-25 00:54:00,132.454,132.454,132.454,132.454,1
2020-02-25 00:55:00,132.439,132.454,132.439,132.439,3
2020-02-25 00:56:00,132.439,132.439,132.423,132.423,4
2020-02-25 00:58:00,132.439,132.439,132.423,132.423,3
2020-02-25 01:00:00,132.454,132.454,132.423,132.423,3
2020-02-25 01:01:00,132.439,132.454,132.439,132.439,9
2020-02-25 01:02:00,132.392,132.439,132.392,132.423,8
2020-02-25 01:03:00,132.407,132.407,132.392,132.407,11
2020-02-25 01:04:00,132.407,132.407,132.392,132.392,8
2020-02-25 01:05:00,132.392,132.392,132.376,132.392,5
2020-02-25 01:06:00,132.376,132.392,132.376,132.376,9
2020-02-25 01:07:00,132.376,132.392,132.376,132.392,8
2020-02-25 01:08:00,132.376,132.376,132.36,132.368,18
2020-02-25 01:09:00,132.376,132.376,132.36,132.36,6
2020-02-25 01:10:00,132.36,132.376,132.36,132.36,5
2020-02-25 01:11:00,132.36,132.376,132.36,132.376,4
2020-02-25 01:12:00,132.36,132.376,132.36,132.376,10
2020-02-25 01:13:00,132.376,132.392,132.345,132.345,38
2020-02-25 01:14:00,132.36,132.392,132.36,132.392,7
2020-02-25 01:15:00,132.36,132.376,132.345,132.376,22
2020-02-25 01:17:00,132.36,132.376,132.36,132.376,7
2020-02-25 01:18:00,132.345,132.36,132.345,132.345,29
2020-02-25 01:19:00,132.345,132.36,132.345,132.36,6
2020-02-25 01:20:00,132.329,132.36,132.329,132.36,13
2020-02-25 01:21:00,132.314,132.329,132.298,132.314,24
2020-02-25 01:22:00,132.314,132.314,132.298,132.298,15
2020-02-25 01:23:00,132.329,132.329,132.329,132.329,1
2020-02-25 01:24:00,132.329,132.329,132.314,132.314,12
2020-02-25 01:25:00,132.314,132.329,132.314,132.314,3
2020-02-25 01:26:00,132.314,132.329,132.314,132.329,2
2020-02-25 01:28:00,132.329,132.329,132.329,132.329,1
2020-02-25 01:30:00,132.345,132.345,132.329,132.337,4
2020-02-25 01:31:00,132.345,132.36,132.345,132.36,8
2020-02-25 01:32:00,132.329,132.345,132.314,132.329,12
2020-02-25 01:33:00,132.329,132.329,132.314,132.314,6
2020-02-25 01:34:00,132.329,132.329,132.314,132.314,6
2020-02-25 01:35:00,132.329,132.345,132.329,132.345,2
2020-02-25 01:37:00,132.329,132.345,132.329,132.345,9
2020-02-25 01:38:00,132.345,132.345,132.329,132.345,5
2020-02-25 01:40:00,132.329,132.329,132.329,132.329,1
2020-02-25 01:41:00,132.329,132.345,132.329,132.338,5
2020-02-25 01:42:00,132.329,132.345,132.314,132.345,7
2020-02-25 01:43:00,132.329,132.345,132.329,132.345,2
2020-02-25 01:47:00,132.329,132.329,132.314,132.314,6
2020-02-25 01:48:00,132.345,132.345,132.345,132.345,1
2020-02-25 01:49:00,132.345,132.36,132.345,132.352,3
2020-02-25 01:50:00,132.36,132.36,132.345,132.36,16
2020-02-25 01:51:00,132.376,132.376,132.376,132.376,1
2020-02-25 01:52:00,132.376,132.376,132.36,132.36,10
2020-02-25 01:53:00,132.376,132.392,132.376,132.392,2
2020-02-25 01:55:00,132.392,132.392,132.376,132.392,9
2020-02-25 01:57:00,132.423,132.423,132.392,132.4,8
2020-02-25 01:59:00,132.439,132.439,132.423,132.439,5
2020-02-25 02:00:00,132.423,132.423,132.423,132.423,1
2020-02-25 02:02:00,132.423,132.423,132.407,132.407,8
2020-02-25 02:03:00,132.423,132.423,132.407,132.407,5
2020-02-25 02:04:00,132.439,132.439,132.423,132.439,8
2020-02-25 02:06:00,132.423,132.423,132.423,132.423,1
2020-02-25 02:09:00,132.439,132.439,132.439,132.439,1
2020-02-25 02:10:00,132.439,132.439,132.423,132.423,3
2020-02-25 02:11:00,132.454,132.47,132.454,132.454,3
2020-02-25 02:12:00,132.47,132.47,132.454,132.47,18
2020-02-25 02:13:00,132.439,132.47,132.439,132.454,11
2020-02-25 02:14:00,132.439,132.454,132.439,132.446,5
2020-02-25 02:17:00,132.423,132.439,132.423,132.43,12
2020-02-25 02:18:00,132.407,132.423,132.407,132.416,12
2020-02-25 02:19:00,132.423,132.423,132.407,132.423,22
2020-02-25 02:20:00,132.407,132.407,132.407,132.407,1
2020-02-25 02:21:00,132.407,132.423,132.407,132.423,2
2020-02-25 02:22:00,132.407,132.423,132.407,132.423,6
2020-02-25 02:23:00,132.407,132.407,132.392,132.392,8
2020-02-25 02:24:00,132.407,132.407,132.392,132.392,2
2020-02-25 02:26:00,132.407,132.423,132.407,132.423,4
2020-02-25 02:28:00,132.407,132.423,132.407,132.423,2
2020-02-25 02:29:00,132.407,132.423,132.407,132.423,6
2020-02-25 02:30:00,132.392,132.423,132.392,132.423,7
2020-02-25 02:31:00,132.407,132.407,132.392,132.407,3
2020-02-25 02:32:00,132.407,132.407,132.392,132.392,2
2020-02-25 02:33:00,132.407,132.407,132.392,132.392,2
2020-02-25 02:34:00,132.392,132.407,132.392,132.392,9
2020-02-25 02:35:00,132.407,132.423,132.392,132.407,9
2020-02-25 02:36:00,132.407,132.407,132.392,132.392,3
2020-02-25 02:38:00,132.407,132.423,132.407,132.423,2
2020-02-25 02:41:00,132.392,132.407,132.392,132.4,5
2020-02-25 02:43:00,132.407,132.407,132.392,132.407,3
2020-02-25 02:46:00,132.423,132.423,132.423,132.423,1
2020-02-25 02:48:00,132.407,132.407,132.407,132.407,1
2020-02-25 02:50:00,132.423,132.423,132.423,132.423,1
2020-02-25 02:51:00,132.423,132.439,132.423,132.439,18
2020-02-25 02:52:00,132.439,132.439,132.423,132.439,3
2020-02-25 02:53:00,132.439,132.454,132.439,132.446,3
2020-02-25 02:55:00,132.439,132.439,132.423,132.423,2
2020-02-25 02:56:00,132.423,132.439,132.423,132.43,13
2020-02-25 02:57:00,132.439,132.439,132.43,132.43,2
2020-02-25 02:58:00,132.439,132.454,132.439,132.454,4
2020-02-25 02:59:00,132.454,132.454,132.439,132.454,7
2020-02-25 03:01:00,132.47,132.47,132.454,132.47,3
2020-02-25 03:04:00,132.454,132.454,132.454,132.454,1
2020-02-25 03:05:00,132.439,132.446,132.439,132.446,2
2020-02-25 03:06:00,132.454,132.454,132.446,132.446,2
2020-02-25 03:07:00,132.454,132.454,132.439,132.439,9
2020-02-25 03:08:00,132.454,132.47,132.454,132.462,3
2020-02-25 03:09:00,132.454,132.47,132.454,132.47,2
2020-02-25 03:11:00,132.454,132.47,132.454,132.47,5
2020-02-25 03:12:00,132.439,132.439,132.439,132.439,1
2020-02-25 03:13:00,132.439,132.454,132.439,132.454,6
2020-02-25 03:14:00,132.439,132.439,132.423,132.423,4
2020-02-25 03:17:00,132.439,132.439,132.43,132.43,2
2020-02-25 03:18:00,132.423,132.439,132.423,132.423,3
2020-02-25 03:19:00,132.439,132.439,132.439,132.439,1
2020-02-25 03:20:00,132.423,132.423,132.423,132.423,1
2020-02-25 03:21:00,132.439,132.439,132.439,132.439,1
2020-02-25 03:23:00,132.454,132.454,132.454,132.454,1
2020-02-25 03:26:00,132.439,132.439,132.439,132.439,1
2020-02-25 03:27:00,132.439,132.454,132.439,132.454,2
2020-02-25 03:28:00,132.439,132.454,132.439,132.454,2
2020-02-25 03:29:00,132.439,132.454,132.439,132.454,2
2020-02-25 03:30:00,132.439,132.439,132.423,132.423,2
2020-02-25 03:31:00,132.454,132.454,132.439,132.446,6
2020-02-25 03:32:00,132.454,132.454,132.439,132.439,2
2020-02-25 03:38:00,132.47,132.47,132.462,132.462,2
2020-02-25 03:45:00,132.486,132.486,132.486,132.486,1
2020-02-25 03:48:00,132.47,132.478,132.47,132.478,2
2020-02-25 03:51:00,132.454,132.486,132.454,132.486,7
2020-02-25 03:52:00,132.454,132.454,132.439,132.446,14
2020-02-25 03:53:00,132.454,132.47,132.454,132.47,2
2020-02-25 03:57:00,132.454,132.454,132.439,132.446,4
2020-02-25 04:00:00,132.454,132.47,132.454,132.47,4
2020-02-25 04:01:00,132.47,132.47,132.454,132.47,4
2020-02-25 04:03:00,132.47,132.486,132.47,132.486,10
2020-02-25 04:13:00,132.486,132.486,132.486,132.486,1
2020-02-25 04:14:00,132.486,132.486,132.47,132.47,5
2020-02-25 04:15:00,132.47,132.478,132.47,132.478,2
2020-02-25 04:16:00,132.486,132.486,132.47,132.486,3
2020-02-25 04:25:00,132.501,132.501,132.501,132.501,1
2020-02-25 04:26:00,132.501,132.501,132.486,132.486,7
2020-02-25 04:27:00,132.486,132.501,132.486,132.486,15
2020-02-25 04:28:00,132.47,132.47,132.47,132.47,1
2020-02-25 04:29:00,132.454,132.47,132.454,132.462,3
2020-02-25 04:30:00,132.454,132.47,132.454,132.47,6
2020-02-25 04:31:00,132.454,132.47,132.454,132.462,7
2020-02-25 04:32:00,132.47,132.47,132.454,132.47,8
2020-02-25 04:37:00,132.486,132.486,132.486,132.486,1
2020-02-25 04:40:00,132.47,132.47,132.47,132.47,1
2020-02-25 04:41:00,132.486,132.486,132.486,132.486,1
2020-02-25 04:42:00,132.486,132.486,132.47,132.47,6
2020-02-25 04:52:00,132.47,132.47,132.47,132.47,1
2020-02-25 04:53:00,132.486,132.486,132.486,132.486,1
2020-02-25 04:55:00,132.47,132.47,132.47,132.47,1
2020-02-25 04:57:00,132.486,132.486,132.47,132.486,3
2020-02-25 04:58:00,132.486,132.486,132.47,132.47,3
2020-02-25 04:59:00,132.47,132.47,132.47,132.47,1
2020-02-25 05:01:00,132.454,132.462,132.454,132.462,2
2020-02-25 05:03:00,132.454,132.47,132.454,132.47,2
2020-02-25 05:08:00,132.454,132.454,132.439,132.439,6
2020-02-25 05:09:00,132.454,132.454,132.439,132.439,2
2020-02-25 05:16:00,132.47,132.47,132.455,132.47,5
2020-02-25 05:20:00,132.455,132.47,132.455,132.455,11
2020-02-25 05:21:00,132.47,132.47,132.47,132.47,1
2020-02-25 05:27:00,132.455,132.47,132.455,132.455,6
2020-02-25 05:30:00,132.47,132.47,132.47,132.47,1
2020-02-25 05:32:00,132.486,132.486,132.47,132.486,7
2020-02-25 05:34:00,132.47,132.486,132.47,132.47,6
2020-02-25 05:37:00,132.455,132.47,132.455,132.455,6
2020-02-25 05:38:00,132.455,132.455,132.439,132.439,6
2020-02-25 05:39:00,132.455,132.455,132.439,132.439,2
2020-02-25 05:40:00,132.455,132.455,132.439,132.446,3
2020-02-25 05:42:00,132.455,132.47,132.455,132.47,5
2020-02-25 05:44:00,132.439,132.455,132.439,132.439,5
2020-02-25 05:47:00,132.455,132.455,132.455,132.455,1
2020-02-25 05:55:00,132.439,132.455,132.439,132.439,3
2020-02-25 05:56:00,132.455,132.455,132.455,132.455,1
2020-02-25 05:59:00,132.439,132.439,132.439,132.439,1
2020-02-25 06:00:00,132.47,132.47,132.455,132.455,2
2020-02-25 06:01:00,132.455,132.455,132.455,132.455,1
2020-02-25 06:03:00,132.455,132.47,132.455,132.47,10
2020-02-25 06:04:00,132.455,132.47,132.455,132.462,3
2020-02-25 06:05:00,132.47,132.47,132.455,132.462,4
2020-02-25 06:06:00,132.455,132.455,132.455,132.455,1
2020-02-25 06:07:00,132.47,132.47,132.455,132.47,3
2020-02-25 06:08:00,132.47,132.486,132.47,132.478,4
2020-02-25 06:10:00,132.47,132.47,132.455,132.455,8
2020-02-25 06:13:00,132.47,132.486,132.47,132.478,9
2020-02-25 06:14:00,132.439,132.47,132.439,132.455,6
2020-02-25 06:16:00,132.455,132.455,132.455,132.455,1
2020-02-25 06:17:00,132.455,132.455,132.439,132.439,2
2020-02-25 06:21:00,132.455,132.455,132.439,132.439,2
2020-02-25 06:23:00,132.439,132.439,132.439,132.439,1
2020-02-25 06:26:00,132.439,132.439,132.423,132.423,11
2020-02-25 06:28:00,132.423,132.423,132.423,132.423,1
2020-02-25 06:29:00,132.439,132.439,132.439,132.439,1
2020-02-25 06:30:00,132.439,132.455,132.439,132.446,3
2020-02-25 06:32:00,132.439,132.455,132.439,132.455,3
2020-02-25 06:34:00,132.423,132.423,132.423,132.423,1
2020-02-25 06:35:00,132.423,132.439,132.423,132.439,2
2020-02-25 06:37:00,132.423,132.423,132.408,132.408,14
2020-02-25 06:38:00,132.423,132.423,132.408,132.408,17
2020-02-25 06:39:00,132.423,132.439,132.423,132.439,12
2020-02-25 06:40:00,132.439,132.439,132.423,132.439,11
2020-02-25 06:41:00,132.423,132.439,132.423,132.423,3
2020-02-25 06:43:00,132.408,132.408,132.408,132.408,1
2020-02-25 06:45:00,132.392,132.392,132.392,132.392,1
2020-02-25 06:47:00,132.408,132.408,132.408,132.408,1
2020-02-25 06:50:00,132.423,132.423,132.408,132.423,3
2020-02-25 06:51:00,132.408,132.416,132.408,132.416,2
2020-02-25 06:54:00,132.408,132.408,132.392,132.4,4
2020-02-25 06:55:00,132.392,132.392,132.392,132.392,1
2020-02-25 06:56:00,132.377,132.392,132.377,132.377,5
2020-02-25 06:58:00,132.392,132.392,132.377,132.392,14
2020-02-25 07:00:00,132.408,132.423,132.4,132.4,10
2020-02-25 07:01:00,132.423,132.423,132.408,132.423,3
2020-02-25 07:02:00,132.439,132.439,132.439,132.439,1
2020-02-25 07:03:00,132.423,132.432,132.408,132.432,8
2020-02-25 07:04:00,132.423,132.423,132.408,132.416,10
2020-02-25 07:05:00,132.423,132.439,132.423,132.439,3
2020-02-25 07:06:00,132.439,132.439,132.423,132.439,3
2020-02-25 07:07:00,132.439,132.455,132.439,132.446,3
2020-02-25 07:08:00,132.455,132.455,132.439,132.455,11
2020-02-25 07:09:00,132.455,132.47,132.455,132.47,6
2020-02-25 07:10:00,132.439,132.455,132.423,132.439,8
2020-02-25 07:12:00,132.439,132.455,132.439,132.455,4
2020-02-25 07:13:00,132.423,132.423,132.423,132.423,1
2020-02-25 07:14:00,132.423,132.439,132.408,132.416,7
2020-02-25 07:16:00,132.439,132.455,132.439,132.439,6
2020-02-25 07:17:00,132.47,132.47,132.455,132.455,6
2020-02-25 07:18:00,132.455,132.455,132.455,132.455,1
2020-02-25 07:19:00,132.486,132.486,132.47,132.47,2
2020-02-25 07:20:00,132.47,132.478,132.47,132.478,2
2020-02-25 07:21:00,132.486,132.486,132.455,132.462,10
2020-02-25 07:23:00,132.517,132.517,132.486,132.502,12
2020-02-25 07:24:00,132.517,132.533,132.517,132.533,19
2020-02-25 07:25:00,132.502,132.517,132.502,132.502,8
2020-02-25 07:26:00,132.517,132.517,132.502,132.517,3
2020-02-25 07:27:00,132.517,132.533,132.517,132.533,8
2020-02-25 07:28:00,132.533,132.548,132.517,132.526,29
2020-02-25 07:29:00,132.517,132.533,132.517,132.517,17
2020-02-25 07:30:00,132.502,132.533,132.502,132.502,19
2020-02-25 07:31:00,132.517,132.517,132.502,132.517,22
2020-02-25 07:32:00,132.517,132.533,132.517,132.526,5
2020-02-25 07:33:00,132.548,132.548,132.517,132.533,5
2020-02-25 07:34:00,132.533,132.533,132.533,132.533,1
2020-02-25 07:35:00,132.533,132.533,132.517,132.517,4
2020-02-25 07:36:00,132.548,132.548,132.548,132.548,1
2020-02-25 07:37:00,132.564,132.564,132.548,132.564,18
2020-02-25 07:38:00,132.564,132.564,132.548,132.548,9
2020-02-25 07:39:00,132.548,132.564,132.548,132.548,8
2020-02-25 07:40:00,132.548,132.548,132.533,132.54,13
2020-02-25 07:41:00,132.548,132.548,132.533,132.533,13
2020-02-25 07:43:00,132.548,132.548,132.533,132.533,6
2020-02-25 07:44:00,132.533,132.548,132.533,132.533,16
2020-02-25 07:45:00,132.548,132.548,132.533,132.54,4
2020-02-25 07:46:00,132.548,132.564,132.548,132.564,4
2020-02-25 07:47:00,132.548,132.548,132.533,132.533,6
2020-02-25 07:48:00,132.548,132.548,132.533,132.533,10
2020-02-25 07:49:00,132.533,132.548,132.533,132.533,3
2020-02-25 07:50:00,132.533,132.548,132.517,132.548,17
2020-02-25 07:51:00,132.517,132.533,132.517,132.526,5
2020-02-25 07:52:00,132.517,132.533,132.517,132.533,6
2020-02-25 07:53:00,132.517,132.533,132.517,132.533,4
2020-02-25 07:54:00,132.486,132.502,132.486,132.502,14
2020-02-25 07:55:00,132.502,132.502,132.486,132.494,6
2020-02-25 07:56:00,132.486,132.502,132.47,132.486,18
2020-02-25 07:57:00,132.47,132.486,132.47,132.47,3
2020-02-25 07:58:00,132.439,132.47,132.424,132.455,15
2020-02-25 07:59:00,132.439,132.455,132.439,132.455,4
2020-02-25 08:00:00,132.424,132.47,132.424,132.455,38
2020-02-25 08:01:00,132.439,132.439,132.408,132.439,27
2020-02-25 08:02:00,132.455,132.47,132.424,132.424,17
2020-02-25 08:03:00,132.486,132.502,132.455,132.47,21
2020-02-25 08:04:00,132.502,132.502,132.47,132.502,9
2020-02-25 08:05:00,132.517,132.517,132.502,132.517,16
2020-02-25 08:06:00,132.533,132.533,132.502,132.502,13
2020-02-25 08:07:00,132.533,132.549,132.533,132.549,33
2020-02-25 08:08:00,132.564,132.564,132.54,132.54,6
2020-02-25 08:09:00,132.58,132.58,132.564,132.572,8
2020-02-25 08:10:00,132.533,132.58,132.533,132.564,12
2020-02-25 08:11:00,132.533,132.549,132.533,132.549,19
2020-02-25 08:12:00,132.564,132.564,132.533,132.549,22
2020-02-25 08:13:00,132.549,132.564,132.533,132.549,7
2020-02-25 08:14:00,132.549,132.564,132.549,132.564,9
2020-02-25 08:15:00,132.564,132.564,132.549,132.564,8
2020-02-25 08:16:00,132.549,132.564,132.533,132.549,15
2020-02-25 08:17:00,132.533,132.549,132.533,132.533,11
2020-02-25 08:18:00,132.549,132.549,132.533,132.54,12
2020-02-25 08:19:00,132.564,132.58,132.549,132.564,38
2020-02-25 08:20:00,132.58,132.595,132.564,132.58,34
2020-02-25 08:21:00,132.595,132.595,132.595,132.595,1
2020-02-25 08:22:00,132.642,132.642,132.611,132.611,8
2020-02-25 08:23:00,132.611,132.627,132.611,132.627,22
2020-02-25 08:24:00,132.611,132.627,132.611,132.627,20
2020-02-25 08:25:00,132.642,132.642,132.611,132.618,12
2020-02-25 08:26:00,132.642,132.658,132.627,132.627,26
2020-02-25 08:27:00,132.642,132.642,132.627,132.634,5
2020-02-25 08:28:00,132.627,132.642,132.627,132.634,11
2020-02-25 08:29:00,132.627,132.627,132.611,132.611,13
2020-02-25 08:30:00,132.642,132.658,132.627,132.642,16
2020-02-25 08:31:00,132.627,132.658,132.627,132.658,5
2020-02-25 08:32:00,132.627,132.642,132.611,132.642,11
2020-02-25 08:33:00,132.627,132.627,132.611,132.611,4
2020-02-25 08:34:00,132.627,132.627,132.611,132.611,4
2020-02-25 08:35:00,132.595,132.627,132.595,132.611,13
2020-02-25 08:36:00,132.595,132.595,132.58,132.58,5
2020-02-25 08:37:00,132.611,132.627,132.595,132.611,10
2020-02-25 08:38:00,132.658,132.658,132.611,132.627,15
2020-02-25 08:39:00,132.658,132.658,132.642,132.642,5
2020-02-25 08:40:00,132.658,132.658,132.627,132.642,19
2020-02-25 08:41:00,132.658,132.658,132.642,132.642,2
2020-02-25 08:42:00,132.658,132.658,132.627,132.65,12
2020-02-25 08:43:00,132.658,132.658,132.642,132.642,8
2020-02-25 08:44:00,132.674,132.674,132.642,132.642,23
2020-02-25 08:45:00,132.674,132.674,132.658,132.658,4
2020-02-25 08:46:00,132.674,132.689,132.674,132.689,18
2020-02-25 08:47:00,132.658,132.674,132.658,132.658,8
2020-02-25 08:48:00,132.658,132.674,132.658,132.674,29
2020-02-25 08:49:00,132.689,132.689,132.674,132.674,11
2020-02-25 08:50:00,132.674,132.705,132.674,132.674,17
2020-02-25 08:51:00,132.674,132.705,132.674,132.689,15
2020-02-25 08:52:00,132.674,132.674,132.658,132.666,9
2020-02-25 08:53:00,132.658,132.658,132.642,132.658,5
2020-02-25 08:54:00,132.674,132.689,132.674,132.674,7
2020-02-25 08:55:00,132.674,132.674,132.658,132.658,15
2020-02-25 08:56:00,132.658,132.674,132.642,132.658,5
2020-02-25 08:57:00,132.689,132.689,132.642,132.642,15
2020-02-25 08:58:00,132.705,132.705,132.696,132.696,2
2020-02-25 08:59:00,132.689,132.705,132.674,132.696,15
2020-02-25 09:00:00,132.642,132.689,132.642,132.674,38
2020-02-25 09:01:00,132.658,132.658,132.642,132.658,23
2020-02-25 09:02:00,132.658,132.658,132.642,132.642,12
2020-02-25 09:04:00,132.658,132.674,132.658,132.674,2
2020-02-25 09:05:00,132.674,132.674,132.642,132.65,15
2020-02-25 09:06:00,132.705,132.705,132.682,132.682,7
2020-02-25 09:07:00,132.674,132.689,132.674,132.689,4
2020-02-25 09:08:00,132.674,132.689,132.674,132.689,2
2020-02-25 09:09:00,132.674,132.674,132.658,132.658,3
2020-02-25 09:10:00,132.689,132.689,132.674,132.689,5
2020-02-25 09:11:00,132.705,132.705,132.674,132.674,12
2020-02-25 09:12:00,132.705,132.72,132.705,132.72,4
2020-02-25 09:13:00,132.72,132.72,132.72,132.72,1
2020-02-25 09:14:00,132.705,132.72,132.705,132.705,10
2020-02-25 09:15:00,132.689,132.689,132.689,132.689,1
2020-02-25 09:16:00,132.705,132.72,132.689,132.696,10
2020-02-25 09:17:00,132.72,132.72,132.705,132.712,6
2020-02-25 09:18:00,132.72,132.72,132.705,132.705,3
2020-02-25 09:19:00,132.72,132.736,132.72,132.728,3
2020-02-25 09:21:00,132.736,132.736,132.72,132.736,13
2020-02-25 09:22:00,132.705,132.72,132.705,132.72,6
2020-02-25 09:23:00,132.705,132.72,132.705,132.712,9
2020-02-25 09:24:00,132.72,132.72,132.705,132.72,5
2020-02-25 09:25:00,132.72,132.736,132.72,132.736,14
2020-02-25 09:26:00,132.705,132.72,132.705,132.712,11
2020-02-25 09:27:00,132.705,132.72,132.705,132.72,8
2020-02-25 09:28:00,132.72,132.72,132.705,132.72,9
2020-02-25 09:29:00,132.72,132.736,132.72,132.736,6
2020-02-25 09:30:00,132.736,132.736,132.72,132.736,5
2020-02-25 09:31:00,132.736,132.736,132.72,132.72,22
2020-02-25 09:32:00,132.736,132.752,132.72,132.72,4
2020-02-25 09:33:00,132.72,132.72,132.705,132.72,5
2020-02-25 09:34:00,132.705,132.705,132.705,132.705,1
2020-02-25 09:35:00,132.72,132.72,132.705,132.72,4
2020-02-25 09:36:00,132.705,132.72,132.705,132.705,16
2020-02-25 09:37:00,132.705,132.72,132.705,132.72,4
2020-02-25 09:38:00,132.689,132.705,132.689,132.698,13
2020-02-25 09:39:00,132.705,132.705,132.689,132.705,3
2020-02-25 09:41:00,132.72,132.72,132.705,132.712,9
2020-02-25 09:42:00,132.705,132.705,132.689,132.705,11
2020-02-25 09:43:00,132.705,132.705,132.689,132.689,9
2020-02-25 09:44:00,132.689,132.705,132.689,132.689,10
2020-02-25 09:45:00,132.674,132.674,132.674,132.674,1
2020-02-25 09:47:00,132.674,132.674,132.658,132.658,5
2020-02-25 09:48:00,132.674,132.689,132.674,132.689,2
2020-02-25 09:49:00,132.674,132.689,132.658,132.689,11
2020-02-25 09:50:00,132.674,132.674,132.658,132.658,2
2020-02-25 09:51:00,132.689,132.705,132.674,132.689,14
2020-02-25 09:52:00,132.705,132.705,132.689,132.698,5
2020-02-25 09:53:00,132.705,132.72,132.705,132.72,23
2020-02-25 09:55:00,132.705,132.72,132.705,132.72,9
2020-02-25 09:56:00,132.705,132.72,132.705,132.72,2
2020-02-25 09:57:00,132.72,132.72,132.705,132.72,3
2020-02-25 09:58:00,132.72,132.736,132.72,132.736,21
2020-02-25 09:59:00,132.736,132.736,132.72,132.736,8
2020-02-25 10:00:00,132.752,132.752,132.736,132.752,12
2020-02-25 10:01:00,132.752,132.752,132.736,132.736,6
2020-02-25 10:02:00,132.72,132.752,132.72,132.736,19
2020-02-25 10:03:00,132.72,132.736,132.705,132.736,8
2020-02-25 10:05:00,132.736,132.736,132.72,132.728,13
2020-02-25 10:06:00,132.72,132.736,132.72,132.72,24
2020-02-25 10:07:00,132.736,132.736,132.72,132.736,8
2020-02-25 10:09:00,132.752,132.752,132.736,132.752,6
2020-02-25 10:11:00,132.767,132.767,132.752,132.767,6
2020-02-25 10:12:00,132.752,132.752,132.752,132.752,1
2020-02-25 10:13:00,132.783,132.783,132.752,132.76,11
2020-02-25 10:14:00,132.767,132.767,132.767,132.767,1
2020-02-25 10:16:00,132.767,132.783,132.767,132.783,6
2020-02-25 10:17:00,132.767,132.783,132.767,132.783,11
2020-02-25 10:19:00,132.814,132.83,132.799,132.799,16
2020-02-25 10:20:00,132.799,132.814,132.799,132.799,22
2020-02-25 10:21:00,132.783,132.79,132.783,132.79,4
2020-02-25 10:22:00,132.767,132.799,132.767,132.799,5
2020-02-25 10:23:00,132.783,132.783,132.767,132.776,22
2020-02-25 10:24:00,132.799,132.799,132.783,132.799,11
2020-02-25 10:26:00,132.799,132.814,132.799,132.814,11
2020-02-25 10:27:00,132.799,132.814,132.799,132.814,20
2020-02-25 10:28:00,132.83,132.83,132.814,132.814,13
2020-02-25 10:29:00,132.814,132.814,132.799,132.814,17
2020-02-25 10:30:00,132.83,132.83,132.814,132.83,6
2020-02-25 10:31:00,132.861,132.861,132.83,132.838,19
2020-02-25 10:32:00,132.83,132.845,132.814,132.845,7
2020-02-25 10:33:00,132.799,132.83,132.799,132.814,13
2020-02-25 10:34:00,132.799,132.814,132.799,132.806,6
2020-02-25 10:36:00,132.799,132.814,132.783,132.783,6
2020-02-25 10:37:00,132.814,132.814,132.799,132.814,6
2020-02-25 10:39:00,132.83,132.83,132.83,132.83,1
2020-02-25 10:40:00,132.83,132.83,132.814,132.814,2
2020-02-25 10:41:00,132.845,132.845,132.83,132.845,13
2020-02-25 10:42:00,132.83,132.83,132.83,132.83,1
2020-02-25 10:43:00,132.83,132.845,132.822,132.822,14
2020-02-25 10:44:00,132.861,132.861,132.845,132.845,9
2020-02-25 10:45:00,132.877,132.877,132.861,132.877,13
2020-02-25 10:46:00,132.877,132.892,132.877,132.892,9
2020-02-25 10:47:00,132.83,132.877,132.83,132.861,15
2020-02-25 10:48:00,132.845,132.845,132.838,132.838,2
2020-02-25 10:49:00,132.83,132.845,132.83,132.83,8
2020-02-25 10:50:00,132.83,132.83,132.814,132.814,8
2020-02-25 10:51:00,132.845,132.845,132.83,132.838,9
2020-02-25 10:52:00,132.83,132.845,132.83,132.83,18
2020-02-25 10:54:00,132.83,132.845,132.83,132.845,4
2020-02-25 10:55:00,132.814,132.83,132.799,132.814,22
2020-02-25 10:56:00,132.783,132.814,132.783,132.799,14
2020-02-25 10:57:00,132.767,132.783,132.767,132.767,10
2020-02-25 10:58:00,132.767,132.799,132.767,132.783,6
2020-02-25 10:59:00,132.783,132.783,132.767,132.783,16
2020-02-25 11:01:00,132.799,132.799,132.783,132.799,3
2020-02-25 11:02:00,132.783,132.799,132.783,132.783,7
2020-02-25 11:03:00,132.799,132.799,132.783,132.799,11
2020-02-25 11:04:00,132.783,132.799,132.783,132.783,11
2020-02-25 11:05:00,132.814,132.814,132.783,132.799,12
2020-02-25 11:06:00,132.83,132.83,132.814,132.83,5
2020-02-25 11:07:00,132.814,132.83,132.814,132.814,8
2020-02-25 11:08:00,132.814,132.814,132.799,132.799,8
2020-02-25 11:09:00,132.799,132.814,132.799,132.799,6
2020-02-25 11:10:00,132.783,132.799,132.783,132.783,12
2020-02-25 11:11:00,132.783,132.799,132.783,132.799,4
2020-02-25 11:13:00,132.783,132.783,132.767,132.767,2
2020-02-25 11:15:00,132.799,132.799,132.783,132.799,11
2020-02-25 11:16:00,132.814,132.83,132.783,132.783,11
2020-02-25 11:17:00,132.799,132.799,132.799,132.799,1
2020-02-25 11:18:00,132.799,132.814,132.799,132.814,7
2020-02-25 11:19:00,132.814,132.814,132.799,132.814,9
2020-02-25 11:20:00,132.783,132.814,132.783,132.799,7
2020-02-25 11:21:00,132.814,132.814,132.767,132.776,16
2020-02-25 11:22:00,132.799,132.814,132.799,132.799,12
2020-02-25 11:23:00,132.799,132.814,132.799,132.814,15
2020-02-25 11:24:00,132.814,132.814,132.814,132.814,1
2020-02-25 11:25:00,132.814,132.83,132.814,132.83,4
2020-02-25 11:26:00,132.814,132.83,132.814,132.83,9
2020-02-25 11:27:00,132.814,132.83,132.814,132.83,9
2020-02-25 11:28:00,132.814,132.83,132.814,132.83,14
2020-02-25 11:29:00,132.799,132.83,132.799,132.83,11
2020-02-25 11:30:00,132.814,132.814,132.799,132.814,6
2020-02-25 11:31:00,132.799,132.814,132.799,132.806,15
2020-02-25 11:32:00,132.799,132.814,132.799,132.814,12
2020-02-25 11:33:00,132.752,132.783,132.752,132.783,12
2020-02-25 11:34:00,132.752,132.767,132.752,132.767,2
2020-02-25 11:35:00,132.721,132.752,132.721,132.736,35
2020-02-25 11:36:00,132.736,132.752,132.721,132.736,15
2020-02-25 11:37:00,132.721,132.736,132.721,132.721,24
2020-02-25 11:38:00,132.721,132.736,132.705,132.705,32
2020-02-25 11:39:00,132.721,132.736,132.721,132.736,12
2020-02-25 11:40:00,132.721,132.736,132.721,132.736,4
2020-02-25 11:41:00,132.705,132.721,132.705,132.705,10
2020-02-25 11:42:00,132.721,132.721,132.705,132.721,22
2020-02-25 11:43:00,132.721,132.736,132.721,132.728,7
2020-02-25 11:45:00,132.736,132.736,132.736,132.736,1
2020-02-25 11:46:00,132.721,132.721,132.705,132.721,7
2020-02-25 11:47:00,132.705,132.721,132.705,132.705,16
2020-02-25 11:48:00,132.689,132.705,132.689,132.689,3
2020-02-25 11:49:00,132.705,132.705,132.674,132.674,7
2020-02-25 11:50:00,132.674,132.705,132.674,132.689,8
2020-02-25 11:51:00,132.658,132.689,132.643,132.689,15
2020-02-25 11:52:00,132.674,132.674,132.658,132.674,9
2020-02-25 11:53:00,132.674,132.689,132.674,132.689,33
2020-02-25 11:54:00,132.689,132.689,132.674,132.689,16
2020-02-25 11:55:00,132.689,132.689,132.674,132.674,6
2020-02-25 11:56:00,132.705,132.721,132.698,132.705,5
2020-02-25 11:57:00,132.721,132.721,132.705,132.721,11
2020-02-25 11:58:00,132.721,132.721,132.705,132.705,15
2020-02-25 11:59:00,132.705,132.705,132.705,132.705,1
2020-02-25 12:00:00,132.705,132.721,132.705,132.712,22
2020-02-25 12:01:00,132.705,132.705,132.689,132.689,4
2020-02-25 12:02:00,132.705,132.705,132.689,132.689,14
2020-02-25 12:03:00,132.705,132.721,132.705,132.712,5
2020-02-25 12:04:00,132.705,132.721,132.705,132.721,4
2020-02-25 12:06:00,132.721,132.721,132.705,132.721,19
2020-02-25 12:09:00,132.721,132.721,132.705,132.705,4
2020-02-25 12:10:00,132.736,132.736,132.721,132.736,3
2020-02-25 12:11:00,132.752,132.752,132.752,132.752,1
2020-02-25 12:12:00,132.752,132.752,132.736,132.744,5
2020-02-25 12:14:00,132.752,132.768,132.752,132.768,3
2020-02-25 12:15:00,132.752,132.752,132.736,132.736,2
2020-02-25 12:16:00,132.736,132.736,132.736,132.736,1
2020-02-25 12:17:00,132.721,132.721,132.721,132.721,1
2020-02-25 12:18:00,132.721,132.721,132.705,132.705,6
2020-02-25 12:19:00,132.689,132.721,132.689,132.705,7
2020-02-25 12:20:00,132.705,132.705,132.705,132.705,1
2020-02-25 12:21:00,132.721,132.721,132.705,132.721,5
2020-02-25 12:22:00,132.658,132.705,132.627,132.705,55
2020-02-25 12:23:00,132.643,132.674,132.611,132.674,80
2020-02-25 12:24:00,132.643,132.674,132.643,132.658,26
2020-02-25 12:25:00,132.627,132.643,132.627,132.627,39
2020-02-25 12:26:00,132.643,132.643,132.627,132.634,14
2020-02-25 12:27:00,132.658,132.658,132.643,132.658,8
2020-02-25 12:28:00,132.658,132.658,132.643,132.65,29
2020-02-25 12:29:00,132.658,132.658,132.643,132.643,10
2020-02-25 12:30:00,132.674,132.689,132.658,132.674,16
2020-02-25 12:31:00,132.674,132.674,132.658,132.658,17
2020-02-25 12:32:00,132.643,132.674,132.627,132.666,10
2020-02-25 12:33:00,132.643,132.643,132.627,132.627,10
2020-02-25 12:35:00,132.643,132.658,132.627,132.634,5
2020-02-25 12:36:00,132.627,132.658,132.627,132.658,13
2020-02-25 12:37:00,132.643,132.643,132.627,132.643,4
2020-02-25 12:38:00,132.627,132.643,132.627,132.627,3
2020-02-25 12:39:00,132.627,132.627,132.611,132.62,6
2020-02-25 12:40:00,132.627,132.643,132.627,132.643,2
2020-02-25 12:41:00,132.643,132.643,132.627,132.643,5
2020-02-25 12:42:00,132.658,132.658,132.643,132.658,5
2020-02-25 12:43:00,132.627,132.65,132.627,132.65,3
2020-02-25 12:45:00,132.611,132.627,132.596,132.611,11
2020-02-25 12:46:00,132.611,132.627,132.611,132.627,2
2020-02-25 12:47:00,132.611,132.611,132.596,132.596,26
2020-02-25 12:49:00,132.611,132.611,132.596,132.596,26
2020-02-25 12:50:00,132.611,132.611,132.596,132.596,22
2020-02-25 12:51:00,132.627,132.627,132.627,132.627,1
2020-02-25 12:53:00,132.596,132.611,132.596,132.611,2
2020-02-25 12:54:00,132.596,132.611,132.596,132.611,4
2020-02-25 12:55:00,132.611,132.611,132.611,132.611,1
2020-02-25 12:56:00,132.596,132.611,132.596,132.596,11
2020-02-25 12:57:00,132.611,132.611,132.596,132.611,3
2020-02-25 13:00:00,132.658,132.658,132.62,132.62,17
2020-02-25 13:01:00,132.643,132.658,132.643,132.643,9
2020-02-25 13:02:00,132.643,132.643,132.627,132.634,9
2020-02-25 13:03:00,132.658,132.658,132.643,132.658,17
2020-02-25 13:04:00,132.643,132.658,132.643,132.658,2
2020-02-25 13:05:00,132.658,132.658,132.643,132.65,11
2020-02-25 13:06:00,132.658,132.658,132.643,132.643,6
2020-02-25 13:07:00,132.674,132.674,132.658,132.674,16
2020-02-25 13:08:00,132.643,132.666,132.643,132.666,6
2020-02-25 13:09:00,132.658,132.658,132.643,132.658,14
2020-02-25 13:10:00,132.643,132.658,132.643,132.643,11
2020-02-25 13:11:00,132.658,132.658,132.643,132.658,3
2020-02-25 13:12:00,132.643,132.658,132.643,132.65,12
2020-02-25 13:13:00,132.69,132.69,132.643,132.658,18
2020-02-25 13:14:00,132.674,132.69,132.674,132.674,14
2020-02-25 13:16:00,132.69,132.69,132.674,132.69,3
2020-02-25 13:17:00,132.674,132.682,132.674,132.682,2
2020-02-25 13:18:00,132.674,132.69,132.674,132.69,4
2020-02-25 13:19:00,132.674,132.69,132.674,132.69,5
2020-02-25 13:20:00,132.658,132.674,132.643,132.658,18
2020-02-25 13:21:00,132.674,132.674,132.658,132.674,13
2020-02-25 13:22:00,132.674,132.674,132.658,132.658,2
2020-02-25 13:23:00,132.69,132.705,132.69,132.69,9
2020-02-25 13:24:00,132.705,132.705,132.674,132.682,15
2020-02-25 13:25:00,132.705,132.705,132.69,132.698,9
2020-02-25 13:26:00,132.705,132.705,132.69,132.69,7
2020-02-25 13:27:00,132.69,132.69,132.69,132.69,1
2020-02-25 13:28:00,132.721,132.721,132.69,132.698,29
2020-02-25 13:29:00,132.721,132.721,132.705,132.712,9
2020-02-25 13:30:00,132.736,132.736,132.705,132.705,22
2020-02-25 13:31:00,132.736,132.736,132.721,132.721,13
2020-02-25 13:32:00,132.721,132.752,132.721,132.721,24
2020-02-25 13:33:00,132.752,132.752,132.736,132.736,9
2020-02-25 13:34:00,132.736,132.768,132.736,132.768,12
2020-02-25 13:35:00,132.736,132.752,132.736,132.752,30
2020-02-25 13:36:00,132.736,132.752,132.736,132.752,10
2020-02-25 13:38:00,132.721,132.721,132.721,132.721,1
2020-02-25 13:39:00,132.721,132.736,132.721,132.736,6
2020-02-25 13:40:00,132.721,132.736,132.721,132.736,6
2020-02-25 13:41:00,132.721,132.736,132.721,132.728,7
2020-02-25 13:42:00,132.721,132.736,132.721,132.736,4
2020-02-25 13:43:00,132.736,132.736,132.721,132.736,7
2020-02-25 13:44:00,132.752,132.752,132.721,132.721,12
2020-02-25 13:45:00,132.752,132.752,132.736,132.736,12
2020-02-25 13:46:00,132.736,132.736,132.736,132.736,1
2020-02-25 13:47:00,132.752,132.752,132.736,132.752,12
2020-02-25 13:48:00,132.736,132.768,132.736,132.768,4
2020-02-25 13:51:00,132.752,132.752,132.744,132.744,2
2020-02-25 13:52:00,132.752,132.768,132.752,132.76,23
2020-02-25 13:54:00,132.752,132.752,132.736,132.736,9
2020-02-25 13:55:00,132.736,132.744,132.721,132.744,18
2020-02-25 13:56:00,132.752,132.752,132.752,132.752,1
2020-02-25 13:57:00,132.752,132.768,132.752,132.76,4
2020-02-25 13:58:00,132.752,132.768,132.736,132.768,16
2020-02-25 13:59:00,132.736,132.752,132.736,132.736,7
2020-02-25 14:00:00,132.736,132.768,132.736,132.744,7
2020-02-25 14:01:00,132.768,132.768,132.736,132.752,31
2020-02-25 14:02:00,132.768,132.768,132.752,132.752,35
2020-02-25 14:03:00,132.768,132.783,132.768,132.783,37
2020-02-25 14:04:00,132.783,132.783,132.783,132.783,1
2020-02-25 14:05:00,132.783,132.783,132.768,132.768,32
2020-02-25 14:06:00,132.768,132.768,132.768,132.768,1
2020-02-25 14:07:00,132.783,132.783,132.768,132.783,10
2020-02-25 14:08:00,132.783,132.799,132.783,132.799,18
2020-02-25 14:09:00,132.783,132.783,132.768,132.768,23
2020-02-25 14:11:00,132.783,132.799,132.783,132.799,5
2020-02-25 14:13:00,132.783,132.799,132.783,132.799,6
2020-02-25 14:15:00,132.768,132.768,132.768,132.768,1
2020-02-25 14:16:00,132.736,132.768,132.736,132.752,25
2020-02-25 14:17:00,132.721,132.736,132.721,132.721,16
2020-02-25 14:18:00,132.705,132.721,132.705,132.705,4
2020-02-25 14:19:00,132.721,132.721,132.705,132.714,8
2020-02-25 14:20:00,132.721,132.721,132.705,132.705,2
2020-02-25 14:22:00,132.705,132.721,132.705,132.705,10
2020-02-25 14:23:00,132.721,132.721,132.721,132.721,1
2020-02-25 14:24:00,132.705,132.705,132.705,132.705,1
2020-02-25 14:25:00,132.721,132.721,132.705,132.721,7
2020-02-25 14:27:00,132.69,132.714,132.69,132.714,3
2020-02-25 14:28:00,132.69,132.705,132.69,132.705,4
2020-02-25 14:29:00,132.674,132.674,132.674,132.674,1
2020-02-25 14:30:00,132.674,132.674,132.658,132.658,21
2020-02-25 14:31:00,132.69,132.705,132.658,132.69,37
2020-02-25 14:32:00,132.721,132.736,132.705,132.705,8
2020-02-25 14:33:00,132.736,132.736,132.705,132.736,22
2020-02-25 14:34:00,132.752,132.768,132.736,132.752,33
2020-02-25 14:35:00,132.736,132.768,132.736,132.768,24
2020-02-25 14:36:00,132.768,132.768,132.752,132.752,6
2020-02-25 14:37:00,132.768,132.768,132.752,132.752,10
2020-02-25 14:38:00,132.736,132.768,132.736,132.752,16
2020-02-25 14:39:00,132.752,132.752,132.721,132.752,26
2020-02-25 14:40:00,132.783,132.783,132.752,132.768,36
2020-02-25 14:41:00,132.783,132.783,132.768,132.768,16
2020-02-25 14:42:00,132.783,132.783,132.768,132.768,10
2020-02-25 14:43:00,132.815,132.83,132.799,132.799,21
2020-02-25 14:44:00,132.846,132.846,132.815,132.83,48
2020-02-25 14:45:00,132.846,132.861,132.83,132.83,21
2020-02-25 14:46:00,132.861,132.877,132.846,132.861,42
2020-02-25 14:47:00,132.861,132.877,132.861,132.877,25
2020-02-25 14:48:00,132.877,132.877,132.846,132.854,8
2020-02-25 14:49:00,132.846,132.877,132.83,132.87,33
2020-02-25 14:50:00,132.861,132.877,132.846,132.861,16
2020-02-25 14:51:00,132.861,132.877,132.83,132.846,16
2020-02-25 14:52:00,132.83,132.861,132.83,132.846,26
2020-02-25 14:53:00,132.815,132.846,132.815,132.846,25
2020-02-25 14:54:00,132.83,132.83,132.815,132.822,18
2020-02-25 14:55:00,132.846,132.846,132.83,132.846,53
2020-02-25 14:56:00,132.83,132.861,132.83,132.861,10
2020-02-25 14:57:00,132.83,132.846,132.799,132.822,33
2020-02-25 14:58:00,132.83,132.846,132.815,132.838,63
2020-02-25 14:59:00,132.861,132.861,132.815,132.815,14
2020-02-25 15:00:00,132.83,132.877,132.815,132.846,61
2020-02-25 15:01:00,132.877,132.893,132.83,132.846,22
2020-02-25 15:02:00,132.877,132.893,132.861,132.893,15
2020-02-25 15:03:00,132.861,132.893,132.83,132.861,38
2020-02-25 15:04:00,132.877,132.893,132.846,132.877,40
2020-02-25 15:05:00,132.877,132.908,132.861,132.893,60
2020-02-25 15:06:00,132.861,132.877,132.861,132.861,38
2020-02-25 15:07:00,132.877,132.893,132.861,132.877,12
2020-02-25 15:08:00,132.861,132.893,132.861,132.893,3
2020-02-25 15:09:00,132.893,132.908,132.861,132.877,21
2020-02-25 15:10:00,132.908,132.908,132.893,132.908,5
2020-02-25 15:11:00,132.893,132.924,132.877,132.924,57
2020-02-25 15:12:00,132.908,132.924,132.893,132.908,16
2020-02-25 15:13:00,132.908,132.924,132.908,132.924,26
2020-02-25 15:14:00,132.924,132.924,132.908,132.924,8
2020-02-25 15:15:00,132.924,132.94,132.908,132.908,8
2020-02-25 15:16:00,132.94,132.94,132.908,132.908,6
2020-02-25 15:17:00,132.94,132.955,132.924,132.955,70
2020-02-25 15:18:00,132.955,132.971,132.94,132.955,19
2020-02-25 15:19:00,132.955,132.955,132.924,132.948,7
2020-02-25 15:20:00,132.986,132.986,132.955,132.971,4
2020-02-25 15:21:00,132.955,132.986,132.955,132.971,27
2020-02-25 15:22:00,132.971,132.971,132.955,132.971,9
2020-02-25 15:23:00,132.971,132.986,132.971,132.986,5
2020-02-25 15:24:00,133.002,133.002,132.971,132.978,23
2020-02-25 15:25:00,133.018,133.033,133.002,133.018,28
2020-02-25 15:26:00,133.018,133.018,133.002,133.002,23
2020-02-25 15:27:00,133.033,133.033,133.018,133.033,9
2020-02-25 15:28:00,133.002,133.018,132.986,133.018,10
2020-02-25 15:29:00,133.002,133.018,132.971,132.986,32
2020-02-25 15:30:00,133.002,133.018,132.986,132.986,35
2020-02-25 15:31:00,133.033,133.033,133.002,133.018,40
2020-02-25 15:32:00,133.049,133.065,133.018,133.018,11
2020-02-25 15:33:00,133.018,133.065,133.018,133.042,70
2020-02-25 15:34:00,132.986,133.033,132.971,133.033,54
2020-02-25 15:35:00,133.002,133.018,132.986,133.002,53
2020-02-25 15:36:00,132.986,133.002,132.971,132.986,38
2020-02-25 15:37:00,132.986,132.986,132.971,132.978,40
2020-02-25 15:38:00,133.002,133.002,132.971,132.971,25
2020-02-25 15:39:00,133.002,133.018,132.986,132.986,8
2020-02-25 15:40:00,133.002,133.033,133.002,133.018,15
2020-02-25 15:41:00,132.986,133.018,132.971,132.986,16
2020-02-25 15:42:00,132.986,133.002,132.971,133.002,29
2020-02-25 15:43:00,132.971,132.986,132.971,132.971,17
2020-02-25 15:44:00,132.94,132.971,132.94,132.964,28
2020-02-25 15:45:00,132.955,132.955,132.924,132.955,30
2020-02-25 15:46:00,132.986,132.986,132.955,132.971,24
2020-02-25 15:47:00,132.971,132.986,132.955,132.971,18
2020-02-25 15:48:00,132.987,133.002,132.971,132.986,22
2020-02-25 15:49:00,132.987,133.002,132.987,133.002,11
2020-02-25 15:50:00,133.018,133.033,133.002,133.002,27
2020-02-25 15:51:00,133.049,133.065,133.018,133.033,45
2020-02-25 15:52:00,133.08,133.096,133.049,133.056,64
2020-02-25 15:53:00,133.127,133.127,133.08,133.088,45
2020-02-25 15:54:00,133.065,133.127,133.049,133.111,58
2020-02-25 15:55:00,133.08,133.096,133.049,133.08,33
2020-02-25 15:56:00,133.065,133.08,133.065,133.072,20
2020-02-25 15:57:00,133.049,133.065,133.049,133.049,39
2020-02-25 15:58:00,133.049,133.08,133.049,133.065,20
2020-02-25 15:59:00,133.065,133.08,133.049,133.065,48
2020-02-25 16:00:00,133.033,133.08,133.033,133.08,33
2020-02-25 16:01:00,133.018,133.033,133.018,133.018,9
2020-02-25 16:02:00,133.049,133.065,133.033,133.033,23
2020-02-25 16:03:00,133.08,133.08,133.049,133.065,10
2020-02-25 16:04:00,133.08,133.096,133.08,133.096,34
2020-02-25 16:05:00,133.065,133.096,133.033,133.096,34
2020-02-25 16:06:00,133.08,133.096,133.065,133.08,27
2020-02-25 16:07:00,133.08,133.096,133.049,133.096,47
2020-02-25 16:08:00,133.096,133.111,133.049,133.072,39
2020-02-25 16:09:00,133.111,133.111,133.096,133.104,23
2020-02-25 16:10:00,133.08,133.127,133.08,133.127,32
2020-02-25 16:11:00,133.065,133.096,133.049,133.096,42
2020-02-25 16:12:00,133.08,133.096,133.065,133.08,60
2020-02-25 16:13:00,133.096,133.096,133.049,133.065,32
2020-02-25 16:14:00,133.065,133.096,133.049,133.08,80
2020-02-25 16:15:00,133.08,133.096,133.065,133.08,41
2020-02-25 16:16:00,133.08,133.096,133.08,133.088,18
2020-02-25 16:17:00,133.096,133.111,133.08,133.096,15
2020-02-25 16:18:00,133.127,133.127,133.096,133.111,22
2020-02-25 16:19:00,133.096,133.12,133.08,133.12,27
2020-02-25 16:20:00,133.111,133.127,133.096,133.104,13
2020-02-25 16:21:00,133.112,133.112,133.08,133.104,45
2020-02-25 16:22:00,133.127,133.127,133.112,133.12,23
2020-02-25 16:23:00,133.08,133.112,133.08,133.112,29
2020-02-25 16:24:00,133.08,133.112,133.08,133.096,35
2020-02-25 16:25:00,133.049,133.096,133.049,133.096,11
2020-02-25 16:26:00,133.065,133.08,133.049,133.056,18
2020-02-25 16:27:00,133.049,133.08,133.033,133.08,23
2020-02-25 16:28:00,133.018,133.065,133.018,133.065,23
2020-02-25 16:29:00,133.033,133.033,133.018,133.033,13
2020-02-25 16:30:00,133.033,133.049,133.018,133.018,39
2020-02-25 16:31:00,133.018,133.049,133.018,133.049,20
2020-02-25 16:32:00,133.002,133.018,133.002,133.002,28
2020-02-25 16:33:00,133.018,133.033,133.002,133.01,22
2020-02-25 16:34:00,133.018,133.033,133.002,133.033,44
2020-02-25 16:35:00,133.049,133.049,133.002,133.002,55
2020-02-25 16:36:00,133.018,133.049,133.018,133.033,31
2020-02-25 16:37:00,133.018,133.033,133.002,133.026,26
2020-02-25 16:38:00,133.033,133.049,133.018,133.033,11
2020-02-25 16:39:00,133.033,133.049,133.033,133.049,20
2020-02-25 16:40:00,133.049,133.049,133.018,133.018,21
2020-02-25 16:41:00,133.049,133.065,133.033,133.056,15
2020-02-25 16:42:00,133.065,133.065,133.033,133.033,14
2020-02-25 16:43:00,133.049,133.065,133.033,133.049,20
2020-02-25 16:44:00,133.049,133.065,133.049,133.065,15
2020-02-25 16:45:00,133.033,133.033,133.033,133.033,1
2020-02-25 16:46:00,132.987,133.049,132.987,133.049,14
2020-02-25 16:47:00,132.987,133.002,132.987,133.002,45
2020-02-25 16:48:00,132.987,133.002,132.971,133.002,52
2020-02-25 16:49:00,132.987,133.002,132.987,133.002,13
2020-02-25 16:50:00,133.018,133.018,132.987,133.002,14
2020-02-25 16:51:00,133.002,133.018,133.002,133.002,7
2020-02-25 16:52:00,132.987,132.987,132.987,132.987,1
2020-02-25 16:53:00,133.002,133.002,132.987,133.002,20
2020-02-25 16:54:00,132.987,133.002,132.987,132.987,11
2020-02-25 16:55:00,133.002,133.002,132.987,133.002,11
2020-02-25 16:56:00,133.018,133.018,133.002,133.018,9
2020-02-25 16:57:00,133.018,133.033,133.002,133.002,25
2020-02-25 16:58:00,133.018,133.018,133.002,133.002,44
2020-02-25 16:59:00,133.002,133.018,133.002,133.002,6
2020-02-25 17:00:00,132.987,132.987,132.971,132.987,3
2020-02-25 17:01:00,132.971,133.002,132.971,133.002,23
2020-02-25 17:03:00,132.971,132.987,132.971,132.987,16
2020-02-25 17:04:00,133.002,133.002,132.971,132.987,19
2020-02-25 17:05:00,132.987,133.002,132.987,132.987,12
2020-02-25 17:06:00,133.002,133.018,132.987,133.002,10
2020-02-25 17:07:00,133.002,133.002,132.987,132.987,2
2020-02-25 17:08:00,132.971,133.002,132.971,132.987,8
2020-02-25 17:09:00,132.987,132.987,132.971,132.987,12
2020-02-25 17:10:00,132.971,132.978,132.971,132.978,4
2020-02-25 17:12:00,132.987,132.987,132.955,132.955,7
2020-02-25 17:13:00,133.002,133.002,132.987,133.002,12
2020-02-25 17:15:00,133.034,133.034,133.002,133.018,12
2020-02-25 17:16:00,133.034,133.034,133.018,133.018,12
2020-02-25 17:17:00,133.034,133.034,133.018,133.018,2
2020-02-25 17:18:00,133.049,133.049,133.034,133.042,9
2020-02-25 17:20:00,133.049,133.049,133.034,133.034,9
2020-02-25 17:21:00,133.065,133.08,133.049,133.065,28
2020-02-25 17:22:00,133.065,133.065,133.049,133.049,8
2020-02-25 17:23:00,133.049,133.049,133.049,133.049,1
2020-02-25 17:24:00,133.065,133.065,133.065,133.065,1
2020-02-25 17:25:00,133.065,133.065,133.049,133.049,2
2020-02-25 17:26:00,133.065,133.065,133.049,133.056,7
2020-02-25 17:27:00,133.049,133.065,133.034,133.049,8
2020-02-25 17:28:00,133.049,133.065,133.049,133.065,16
2020-02-25 17:29:00,133.065,133.065,133.049,133.056,24
2020-02-25 17:30:00,133.049,133.065,133.049,133.049,23
2020-02-25 17:31:00,133.049,133.065,133.034,133.065,17
2020-02-25 17:32:00,133.034,133.049,133.034,133.034,5
2020-02-25 17:33:00,133.034,133.049,133.034,133.049,6
2020-02-25 17:34:00,133.034,133.049,133.034,133.049,9
2020-02-25 17:35:00,133.018,133.034,133.018,133.018,6
2020-02-25 17:36:00,133.018,133.034,133.018,133.034,2
2020-02-25 17:37:00,133.018,133.018,133.002,133.002,9
2020-02-25 17:38:00,133.034,133.034,133.034,133.034,1
2020-02-25 17:39:00,133.034,133.049,133.034,133.049,17
2020-02-25 17:40:00,133.049,133.065,133.049,133.049,3
2020-02-25 17:41:00,133.065,133.065,133.049,133.065,10
2020-02-25 17:42:00,133.08,133.08,133.065,133.08,20
2020-02-25 17:43:00,133.08,133.08,133.065,133.072,15
2020-02-25 17:44:00,133.096,133.112,133.08,133.096,18
2020-02-25 17:45:00,133.112,133.127,133.096,133.112,15
2020-02-25 17:46:00,133.127,133.127,133.112,133.127,19
2020-02-25 17:47:00,133.127,133.127,133.112,133.12,24
2020-02-25 17:48:00,133.143,133.143,133.112,133.112,29
2020-02-25 17:49:00,133.127,133.143,133.127,133.136,17
2020-02-25 17:50:00,133.143,133.143,133.127,133.143,14
2020-02-25 17:51:00,133.143,133.159,133.143,133.159,3
2020-02-25 17:52:00,133.112,133.143,133.112,133.127,20
2020-02-25 17:53:00,133.127,133.127,133.112,133.127,3
2020-02-25 17:54:00,133.127,133.127,133.112,133.112,2
2020-02-25 17:55:00,133.143,133.143,133.127,133.143,3
2020-02-25 17:56:00,133.159,133.159,133.143,133.159,7
2020-02-25 17:57:00,133.127,133.159,133.127,133.143,13
2020-02-25 17:59:00,133.143,133.143,133.127,133.143,4
2020-02-25 18:01:00,133.159,133.159,133.143,133.159,14
2020-02-25 18:02:00,133.096,133.136,133.08,133.136,27
2020-02-25 18:03:00,133.08,133.08,133.065,133.08,8
2020-02-25 18:04:00,133.112,133.127,133.08,133.096,14
2020-02-25 18:05:00,133.112,133.112,133.096,133.096,22
2020-02-25 18:06:00,133.112,133.127,133.112,133.127,6
2020-02-25 18:07:00,133.096,133.112,133.096,133.096,27
2020-02-25 18:08:00,133.065,133.096,133.065,133.08,18
2020-02-25 18:09:00,133.065,133.08,133.049,133.08,6
2020-02-25 18:10:00,133.065,133.065,133.049,133.049,48
2020-02-25 18:11:00,133.065,133.08,133.065,133.08,2
2020-02-25 18:12:00,133.065,133.065,133.049,133.058,3
2020-02-25 18:13:00,133.096,133.096,133.065,133.08,4
2020-02-25 18:14:00,133.112,133.127,133.112,133.112,3
2020-02-25 18:15:00,133.112,133.112,133.08,133.104,12
2020-02-25 18:16:00,133.159,133.159,133.127,133.127,38
2020-02-25 18:18:00,133.143,133.159,133.143,133.143,7
2020-02-25 18:19:00,133.159,133.159,133.143,133.159,17
2020-02-25 18:20:00,133.143,133.15,133.143,133.15,2
2020-02-25 18:21:00,133.127,133.159,133.127,133.159,9
2020-02-25 18:22:00,133.143,133.143,133.143,133.143,1
2020-02-25 18:23:00,133.143,133.143,133.127,133.127,7
2020-02-25 18:24:00,133.143,133.159,133.143,133.159,14
2020-02-25 18:25:00,133.143,133.143,133.127,133.127,2
2020-02-25 18:26:00,133.127,133.159,133.112,133.15,7
2020-02-25 18:27:00,133.127,133.143,133.112,133.12,8
2020-02-25 18:28:00,133.112,133.143,133.112,133.143,14
2020-02-25 18:29:00,133.112,133.127,133.096,133.104,20
2020-02-25 18:30:00,133.112,133.127,133.112,133.127,22
2020-02-25 18:31:00,133.143,133.143,133.112,133.127,15
2020-02-25 18:32:00,133.143,133.143,133.127,133.127,12
2020-02-25 18:33:00,133.143,133.159,133.127,133.15,7
2020-02-25 18:34:00,133.143,133.143,133.127,133.127,22
2020-02-25 18:35:00,133.19,133.19,133.127,133.127,46
2020-02-25 18:36:00,133.159,133.182,133.143,133.182,24
2020-02-25 18:37:00,133.143,133.159,133.127,133.143,18
2020-02-25 18:38:00,133.159,133.174,133.127,133.127,10
2020-02-25 18:39:00,133.174,133.174,133.143,133.143,36
2020-02-25 18:40:00,133.19,133.19,133.174,133.19,15
2020-02-25 18:41:00,133.19,133.205,133.19,133.205,2
2020-02-25 18:42:00,133.159,133.174,133.159,133.174,2
2020-02-25 18:43:00,133.159,133.159,133.143,133.15,16
2020-02-25 18:44:00,133.143,133.159,133.127,133.143,12
2020-02-25 18:45:00,133.143,133.159,133.143,133.159,2
2020-02-25 18:46:00,133.127,133.143,133.127,133.127,5
2020-02-25 18:48:00,133.143,133.159,133.127,133.143,7
2020-02-25 18:49:00,133.159,133.159,133.143,133.15,7
2020-02-25 18:50:00,133.143,133.159,133.127,133.143,41
2020-02-25 18:51:00,133.174,133.174,133.143,133.159,6
2020-02-25 18:52:00,133.19,133.205,133.159,133.159,18
2020-02-25 18:53:00,133.205,133.205,133.174,133.205,23
2020-02-25 18:54:00,133.174,133.19,133.159,133.19,8
2020-02-25 18:55:00,133.174,133.174,133.159,133.159,24
2020-02-25 18:56:00,133.174,133.174,133.159,133.159,8
2020-02-25 18:57:00,133.174,133.19,133.174,133.19,6
2020-02-25 18:58:00,133.19,133.19,133.159,133.159,23
2020-02-25 18:59:00,133.19,133.19,133.174,133.182,17
2020-02-25 19:00:00,133.19,133.205,133.174,133.174,9
2020-02-25 19:01:00,133.205,133.221,133.174,133.174,49
2020-02-25 19:02:00,133.205,133.221,133.19,133.221,68
2020-02-25 19:03:00,133.19,133.221,133.174,133.221,52
2020-02-25 19:04:00,133.174,133.205,133.174,133.198,17
2020-02-25 19:05:00,133.174,133.174,133.159,133.159,10
2020-02-25 19:06:00,133.19,133.205,133.159,133.159,25
2020-02-25 19:07:00,133.205,133.221,133.19,133.205,25
2020-02-25 19:08:00,133.237,133.268,133.19,133.19,75
2020-02-25 19:09:00,133.237,133.284,133.237,133.252,43
2020-02-25 19:10:00,133.221,133.237,133.221,133.221,51
2020-02-25 19:11:00,133.237,133.252,133.237,133.237,39
2020-02-25 19:12:00,133.205,133.237,133.205,133.221,25
2020-02-25 19:13:00,133.19,133.205,133.19,133.19,28
2020-02-25 19:14:00,133.19,133.205,133.19,133.205,25
2020-02-25 19:15:00,133.19,133.221,133.19,133.205,22
2020-02-25 19:16:00,133.205,133.221,133.174,133.182,38
2020-02-25 19:17:00,133.221,133.237,133.205,133.221,22
2020-02-25 19:18:00,133.205,133.237,133.205,133.237,13
2020-02-25 19:19:00,133.205,133.237,133.19,133.214,25
2020-02-25 19:20:00,133.174,133.221,133.159,133.221,36
2020-02-25 19:21:00,133.19,133.205,133.174,133.19,51
2020-02-25 19:22:00,133.205,133.205,133.174,133.205,39
2020-02-25 19:23:00,133.19,133.221,133.174,133.214,45
2020-02-25 19:24:00,133.205,133.205,133.174,133.174,19
2020-02-25 19:25:00,133.19,133.205,133.159,133.19,38
2020-02-25 19:26:00,133.205,133.205,133.19,133.205,7
2020-02-25 19:27:00,133.221,133.221,133.19,133.19,12
2020-02-25 19:28:00,133.221,133.237,133.19,133.237,28
2020-02-25 19:29:00,133.237,133.237,133.205,133.205,16
2020-02-25 19:30:00,133.252,133.252,133.206,133.221,29
2020-02-25 19:31:00,133.221,133.252,133.206,133.237,36
2020-02-25 19:32:00,133.221,133.237,133.221,133.237,29
2020-02-25 19:33:00,133.221,133.237,133.19,133.206,37
2020-02-25 19:34:00,133.221,133.237,133.19,133.206,53
2020-02-25 19:35:00,133.237,133.237,133.221,133.237,25
2020-02-25 19:36:00,133.221,133.237,133.206,133.221,64
2020-02-25 19:37:00,133.221,133.252,133.206,133.206,38
2020-02-25 19:38:00,133.252,133.252,133.221,133.237,34
2020-02-25 19:39:00,133.252,133.268,133.237,133.268,19
2020-02-25 19:40:00,133.237,133.252,133.237,133.237,27
2020-02-25 19:41:00,133.252,133.252,133.237,133.252,5
2020-02-25 19:42:00,133.206,133.252,133.206,133.237,39
2020-02-25 19:43:00,133.174,133.237,133.174,133.221,33
2020-02-25 19:44:00,133.159,133.174,133.159,133.159,56
2020-02-25 19:45:00,133.174,133.19,133.159,133.174,26
2020-02-25 19:46:00,133.174,133.19,133.159,133.19,18
2020-02-25 19:47:00,133.159,133.19,133.143,133.19,25
2020-02-25 19:48:00,133.112,133.143,133.112,133.143,7
2020-02-25 19:49:00,133.112,133.127,133.096,133.096,22
2020-02-25 19:50:00,133.127,133.127,133.096,133.096,20
2020-02-25 19:51:00,133.096,133.143,133.096,133.143,24
2020-02-25 19:52:00,133.081,133.112,133.081,133.081,18
2020-02-25 19:53:00,133.081,133.096,133.081,133.088,13
2020-02-25 19:54:00,133.065,133.081,133.049,133.065,13
2020-02-25 19:55:00,133.081,133.081,133.049,133.049,28
2020-02-25 19:56:00,133.065,133.081,133.049,133.065,17
2020-02-25 19:57:00,133.081,133.081,133.065,133.081,3
2020-02-25 19:58:00,133.096,133.096,133.081,133.096,3
2020-02-25 19:59:00,133.065,133.096,133.065,133.081,19
2020-02-25 20:00:00,132.987,133.049,132.987,133.049,30
2020-02-25 20:01:00,132.987,133.018,132.971,132.994,45
2020-02-25 20:02:00,133.018,133.034,133.003,133.003,25
2020-02-25 20:03:00,133.049,133.065,133.018,133.026,25
2020-02-25 20:04:00,133.065,133.065,133.034,133.042,23
2020-02-25 20:05:00,133.018,133.065,133.018,133.049,51
2020-02-25 20:06:00,133.049,133.065,133.018,133.034,52
2020-02-25 20:07:00,133.049,133.049,133.034,133.034,4
2020-02-25 20:08:00,133.049,133.065,133.034,133.034,20
2020-02-25 20:09:00,133.049,133.065,133.049,133.065,4
2020-02-25 20:10:00,133.081,133.081,133.034,133.034,36
2020-02-25 20:11:00,133.096,133.096,133.081,133.096,25
2020-02-25 20:12:00,133.096,133.112,133.081,133.112,8
2020-02-25 20:13:00,133.096,133.112,133.081,133.081,31
2020-02-25 20:14:00,133.112,133.112,133.096,133.112,40
2020-02-25 20:15:00,133.112,133.112,133.096,133.104,22
2020-02-25 20:16:00,133.081,133.112,133.081,133.096,22
2020-02-25 20:17:00,133.128,133.143,133.081,133.096,43
2020-02-25 20:18:00,133.128,133.143,133.096,133.136,44
2020-02-25 20:19:00,133.128,133.128,133.096,133.12,29
2020-02-25 20:20:00,133.128,133.143,133.096,133.112,22
2020-02-25 20:21:00,133.143,133.143,133.128,133.143,46
2020-02-25 20:22:00,133.143,133.143,133.128,133.128,11
2020-02-25 20:23:00,133.159,133.174,133.159,133.159,9
2020-02-25 20:24:00,133.128,133.159,133.128,133.143,16
2020-02-25 20:25:00,133.128,133.128,133.112,133.112,4
2020-02-25 20:26:00,133.112,133.128,133.096,133.12,10
2020-02-25 20:27:00,133.065,133.096,133.065,133.096,23
2020-02-25 20:28:00,133.081,133.096,133.065,133.081,22
2020-02-25 20:29:00,133.081,133.081,133.065,133.065,6
2020-02-25 20:30:00,133.128,133.128,133.081,133.096,38
2020-02-25 20:31:00,133.128,133.128,133.081,133.112,23
2020-02-25 20:32:00,133.143,133.143,133.112,133.112,18
2020-02-25 20:33:00,133.128,133.143,133.128,133.128,16
2020-02-25 20:34:00,133.128,133.159,133.128,133.143,18
2020-02-25 20:35:00,133.143,133.159,133.128,133.143,30
2020-02-25 20:36:00,133.143,133.143,133.128,133.128,15
2020-02-25 20:37:00,133.159,133.159,133.143,133.159,18
2020-02-25 20:38:00,133.159,133.159,133.143,133.143,4
2020-02-25 20:39:00,133.159,133.174,133.143,133.166,23
2020-02-25 20:40:00,133.112,133.159,133.112,133.143,41
2020-02-25 20:41:00,133.096,133.128,133.081,133.128,27
2020-02-25 20:42:00,133.112,133.112,133.096,133.112,54
2020-02-25 20:43:00,133.112,133.128,133.096,133.096,19
2020-02-25 20:44:00,133.112,133.128,133.112,133.128,8
2020-02-25 20:45:00,133.065,133.096,133.065,133.096,35
2020-02-25 20:46:00,133.065,133.081,133.049,133.049,32
2020-02-25 20:47:00,133.049,133.081,133.049,133.072,27
2020-02-25 20:48:00,133.065,133.065,133.049,133.065,18
2020-02-25 20:49:00,133.096,133.096,133.081,133.081,23
2020-02-25 20:50:00,133.081,133.112,133.081,133.112,26
2020-02-25 20:51:00,133.081,133.096,133.081,133.096,8
2020-02-25 20:52:00,133.081,133.096,133.065,133.096,10
2020-02-25 20:53:00,133.049,133.081,133.049,133.065,21
2020-02-25 20:54:00,133.081,133.081,133.049,133.065,25
2020-02-25 20:55:00,133.049,133.081,133.049,133.065,15
2020-02-25 20:56:00,133.049,133.081,133.049,133.065,23
2020-02-25 20:57:00,133.018,133.049,133.018,133.034,32
2020-02-25 20:58:00,133.003,133.034,133.003,133.034,106
2020-02-25 20:59:00,133.018,133.034,132.987,132.987,24
2020-02-25 21:00:00,133.018,133.034,133.018,133.034,45
2020-02-25 21:01:00,133.034,133.049,133.018,133.034,17
2020-02-25 21:02:00,133.003,133.034,133.003,133.018,8
2020-02-25 21:03:00,133.003,133.003,132.987,132.994,18
2020-02-25 21:04:00,132.987,133.018,132.987,133.018,35
2020-02-25 21:05:00,133.003,133.003,132.987,133.003,6
2020-02-25 21:06:00,133.003,133.003,132.987,132.987,6
2020-02-25 21:07:00,133.003,133.003,132.987,132.987,28
2020-02-25 21:08:00,132.987,133.003,132.971,132.987,9
2020-02-25 21:09:00,132.987,133.003,132.987,133.003,14
2020-02-25 21:10:00,132.994,133.003,132.987,133.003,22
2020-02-25 21:11:00,132.971,133.003,132.971,133.003,18
2020-02-25 21:12:00,132.971,132.987,132.971,132.987,26
2020-02-25 21:13:00,133.003,133.003,132.971,132.987,23
2020-02-25 21:14:00,132.94,132.971,132.94,132.971,19
2020-02-25 21:15:00,132.925,132.94,132.925,132.925,3
2020-02-25 21:16:00,132.909,132.916,132.909,132.916,2
2020-02-25 21:17:00,132.925,132.94,132.916,132.916,4
2020-02-25 21:19:00,132.925,132.94,132.925,132.94,12
2020-02-25 21:20:00,132.925,132.94,132.925,132.94,2
2020-02-25 21:21:00,132.925,132.94,132.925,132.932,20
2020-02-25 21:22:00,132.925,132.94,132.925,132.94,2
2020-02-25 21:23:00,132.94,132.94,132.925,132.94,10
2020-02-25 21:24:00,132.94,132.956,132.94,132.956,7
2020-02-25 21:27:00,132.94,132.956,132.94,132.956,8
2020-02-25 21:30:00,132.925,132.925,132.925,132.925,1
2020-02-25 21:31:00,132.909,132.909,132.909,132.909,1
2020-02-25 21:32:00,132.878,132.909,132.878,132.893,21
2020-02-25 21:37:00,132.862,132.878,132.846,132.87,22
2020-02-25 21:41:00,132.878,132.878,132.862,132.87,12
2020-02-25 21:42:00,132.862,132.878,132.862,132.87,4
2020-02-25 21:43:00,132.846,132.862,132.846,132.846,3
2020-02-25 21:46:00,132.862,132.862,132.854,132.854,2
2020-02-25 21:47:00,132.846,132.862,132.846,132.846,3
2020-02-25 21:49:00,132.862,132.862,132.862,132.862,1
2020-02-25 21:50:00,132.862,132.878,132.862,132.878,25
2020-02-25 21:51:00,132.862,132.878,132.862,132.878,5
2020-02-25 21:54:00,132.878,132.878,132.862,132.878,5
2020-02-25 21:57:00,132.862,132.862,132.862,132.862,1
2020-02-25 21:58:00,132.846,132.846,132.846,132.846,1
2020-02-25 21:59:00,132.846,132.846,132.846,132.846,1
2020-02-25 23:00:00,132.878,132.893,132.831,132.846,25
2020-02-25 23:01:00,132.862,132.878,132.862,132.862,3
2020-02-25 23:02:00,132.847,132.862,132.847,132.847,3
2020-02-25 23:03:00,132.862,132.862,132.854,132.854,2
2020-02-25 23:04:00,132.878,132.893,132.862,132.87,16
2020-02-25 23:05:00,132.847,132.878,132.831,132.862,7
2020-02-25 23:08:00,132.847,132.847,132.831,132.831,4
2020-02-25 23:14:00,132.847,132.847,132.831,132.831,5
2020-02-25 23:16:00,132.847,132.847,132.831,132.831,7
2020-02-25 23:18:00,132.847,132.862,132.847,132.862,7
2020-02-25 23:21:00,132.862,132.862,132.862,132.862,1
2020-02-25 23:22:00,132.893,132.909,132.878,132.878,5
2020-02-25 23:24:00,132.909,132.925,132.909,132.909,7
2020-02-25 23:26:00,132.878,132.909,132.878,132.902,12
2020-02-25 23:27:00,132.862,132.878,132.862,132.862,8
2020-02-25 23:28:00,132.862,132.878,132.847,132.847,7
2020-02-25 23:30:00,132.878,132.878,132.862,132.87,4
2020-02-25 23:31:00,132.862,132.878,132.862,132.862,4
2020-02-25 23:32:00,132.847,132.847,132.847,132.847,1
2020-02-25 23:33:00,132.847,132.847,132.831,132.831,8
2020-02-25 23:34:00,132.847,132.862,132.847,132.862,5
2020-02-25 23:35:00,132.847,132.862,132.847,132.862,15
2020-02-25 23:36:00,132.862,132.862,132.854,132.854,2
2020-02-25 23:38:00,132.862,132.878,132.862,132.87,5
2020-02-25 23:39:00,132.862,132.878,132.862,132.878,8
2020-02-25 23:40:00,132.847,132.847,132.831,132.847,14
2020-02-25 23:41:00,132.831,132.831,132.831,132.831,1
2020-02-25 23:42:00,132.831,132.847,132.831,132.847,16
2020-02-25 23:43:00,132.831,132.847,132.831,132.847,2
2020-02-25 23:44:00,132.831,132.831,132.815,132.824,5
2020-02-25 23:46:00,132.815,132.831,132.815,132.824,4
2020-02-25 23:47:00,132.831,132.831,132.815,132.831,9
2020-02-25 23:48:00,132.831,132.831,132.815,132.815,5
2020-02-25 23:49:00,132.815,132.831,132.815,132.815,3
2020-02-25 23:50:00,132.831,132.831,132.815,132.831,4
2020-02-25 23:51:00,132.831,132.831,132.815,132.824,11
2020-02-25 23:52:00,132.815,132.831,132.815,132.815,3
2020-02-25 23:53:00,132.831,132.831,132.831,132.831,1
2020-02-25 23:54:00,132.815,132.831,132.815,132.815,14
2020-02-25 23:55:00,132.831,132.831,132.824,132.824,2
2020-02-25 23:56:00,132.815,132.831,132.815,132.815,3
2020-02-25 23:59:00,132.815,132.831,132.8,132.824,5
2020-02-26 00:00:00,132.8,132.815,132.8,132.8,10
2020-02-26 00:01:00,132.8,132.831,132.8,132.815,10
2020-02-26 00:02:00,132.784,132.784,132.769,132.784,6
2020-02-26 00:03:00,132.784,132.8,132.784,132.8,2
2020-02-26 00:04:00,132.769,132.784,132.769,132.769,11
2020-02-26 00:05:00,132.784,132.8,132.769,132.784,20
2020-02-26 00:06:00,132.753,132.784,132.753,132.776,9
2020-02-26 00:07:00,132.753,132.769,132.753,132.769,9
2020-02-26 00:08:00,132.753,132.753,132.737,132.737,13
2020-02-26 00:09:00,132.753,132.753,132.737,132.737,18
2020-02-26 00:10:00,132.784,132.8,132.768,132.768,29
2020-02-26 00:11:00,132.831,132.831,132.769,132.769,22
2020-02-26 00:12:00,132.815,132.831,132.8,132.815,9
2020-02-26 00:13:00,132.847,132.847,132.815,132.831,4
2020-02-26 00:14:00,132.847,132.862,132.831,132.831,14
2020-02-26 00:15:00,132.847,132.847,132.831,132.831,10
2020-02-26 00:16:00,132.878,132.894,132.847,132.862,36
2020-02-26 00:17:00,132.862,132.878,132.862,132.862,28
2020-02-26 00:18:00,132.878,132.878,132.878,132.878,1
2020-02-26 00:19:00,132.878,132.894,132.862,132.894,32
2020-02-26 00:20:00,132.894,132.909,132.878,132.894,30
2020-02-26 00:21:00,132.862,132.894,132.862,132.878,22
2020-02-26 00:22:00,132.878,132.894,132.862,132.878,19
2020-02-26 00:23:00,132.862,132.878,132.862,132.862,5
2020-02-26 00:24:00,132.862,132.878,132.862,132.878,16
2020-02-26 00:25:00,132.894,132.894,132.878,132.878,2
2020-02-26 00:26:00,132.909,132.909,132.894,132.902,3
2020-02-26 00:27:00,132.909,132.909,132.894,132.902,18
2020-02-26 00:28:00,132.894,132.909,132.894,132.894,10
2020-02-26 00:29:00,132.878,132.909,132.878,132.909,10
2020-02-26 00:30:00,132.894,132.894,132.878,132.894,3
2020-02-26 00:31:00,132.894,132.909,132.894,132.909,2
2020-02-26 00:32:00,132.878,132.894,132.878,132.886,24
2020-02-26 00:33:00,132.894,132.894,132.878,132.886,8
2020-02-26 00:34:00,132.894,132.894,132.878,132.886,5
2020-02-26 00:35:00,132.894,132.909,132.894,132.909,2
2020-02-26 00:36:00,132.894,132.894,132.878,132.886,7
2020-02-26 00:37:00,132.878,132.909,132.878,132.909,5
2020-02-26 00:38:00,132.909,132.909,132.878,132.894,14
2020-02-26 00:39:00,132.909,132.925,132.894,132.925,32
2020-02-26 00:40:00,132.894,132.909,132.878,132.902,16
2020-02-26 00:41:00,132.894,132.909,132.894,132.909,15
2020-02-26 00:42:00,132.878,132.909,132.878,132.909,5
2020-02-26 00:43:00,132.894,132.894,132.878,132.894,7
2020-02-26 00:44:00,132.878,132.894,132.878,132.878,17
2020-02-26 00:45:00,132.909,132.909,132.894,132.894,4
2020-02-26 00:47:00,132.894,132.894,132.894,132.894,1
2020-02-26 00:50:00,132.909,132.909,132.894,132.909,7
2020-02-26 00:51:00,132.909,132.925,132.909,132.918,13
2020-02-26 00:52:00,132.94,132.94,132.909,132.925,15
2020-02-26 00:53:00,132.94,132.956,132.925,132.932,21
2020-02-26 00:54:00,132.909,132.932,132.894,132.932,12
2020-02-26 00:55:00,132.909,132.925,132.894,132.894,8
2020-02-26 00:56:00,132.925,132.925,132.925,132.925,1
2020-02-26 00:57:00,132.941,132.956,132.925,132.941,19
2020-02-26 00:58:00,132.956,132.972,132.941,132.948,25
2020-02-26 00:59:00,132.987,133.003,132.956,132.964,26
2020-02-26 01:00:00,132.972,132.987,132.956,132.98,16
2020-02-26 01:01:00,132.972,132.972,132.956,132.964,22
2020-02-26 01:02:00,133.019,133.019,132.98,132.98,25
2020-02-26 01:03:00,133.019,133.034,133.003,133.026,62
2020-02-26 01:04:00,133.003,133.034,133.003,133.026,11
2020-02-26 01:05:00,132.987,133.003,132.972,132.987,18
2020-02-26 01:06:00,132.987,132.987,132.972,132.972,19
2020-02-26 01:07:00,132.972,132.987,132.972,132.98,6
2020-02-26 01:08:00,132.972,132.987,132.956,132.956,17
2020-02-26 01:09:00,133.003,133.019,132.956,132.964,40
2020-02-26 01:10:00,132.987,133.003,132.987,132.987,7
2020-02-26 01:11:00,133.003,133.019,132.987,133.003,7
2020-02-26 01:12:00,133.019,133.034,133.003,133.01,18
2020-02-26 01:13:00,133.019,133.034,133.003,133.034,25
2020-02-26 01:14:00,133.003,133.034,133.003,133.003,11
2020-02-26 01:15:00,132.987,133.003,132.972,132.987,11
2020-02-26 01:16:00,132.972,132.987,132.972,132.972,15
2020-02-26 01:17:00,132.956,132.987,132.956,132.987,33
2020-02-26 01:18:00,132.972,132.972,132.964,132.972,3
2020-02-26 01:19:00,132.972,132.972,132.956,132.956,10
2020-02-26 01:20:00,132.972,132.987,132.972,132.98,8
2020-02-26 01:21:00,132.987,132.987,132.972,132.987,3
2020-02-26 01:22:00,132.972,132.987,132.972,132.972,16
2020-02-26 01:23:00,132.956,132.956,132.956,132.956,1
2020-02-26 01:24:00,132.972,132.972,132.956,132.964,5
2020-02-26 01:25:00,132.972,132.972,132.956,132.956,8
2020-02-26 01:26:00,132.972,132.972,132.956,132.956,15
2020-02-26 01:27:00,132.972,132.972,132.956,132.956,5
2020-02-26 01:28:00,133.003,133.003,132.987,132.987,6
2020-02-26 01:29:00,132.987,132.987,132.987,132.987,1
2020-02-26 01:30:00,132.987,132.987,132.956,132.972,32
2020-02-26 01:31:00,132.987,132.987,132.972,132.972,6
2020-02-26 01:32:00,132.972,132.987,132.972,132.972,8
2020-02-26 01:34:00,132.972,132.972,132.956,132.956,4
2020-02-26 01:35:00,132.941,132.956,132.941,132.956,2
2020-02-26 01:36:00,132.925,132.941,132.925,132.925,14
2020-02-26 01:37:00,132.941,132.956,132.925,132.941,11
2020-02-26 01:38:00,132.941,132.956,132.941,132.956,12
2020-02-26 01:39:00,132.941,132.956,132.925,132.956,6
2020-02-26 01:40:00,132.941,132.956,132.941,132.956,2
2020-02-26 01:41:00,132.956,132.956,132.941,132.956,16
2020-02-26 01:42:00,132.956,132.972,132.956,132.972,8
2020-02-26 01:44:00,132.972,132.987,132.956,132.972,11
2020-02-26 01:45:00,132.972,132.972,132.941,132.956,7
2020-02-26 01:46:00,132.956,132.972,132.956,132.964,8
2020-02-26 01:47:00,132.972,132.972,132.941,132.972,21
2020-02-26 01:48:00,132.972,132.987,132.956,132.956,8
2020-02-26 01:49:00,132.987,133.003,132.972,132.987,25
2020-02-26 01:50:00,132.972,132.987,132.972,132.972,18
2020-02-26 01:51:00,132.987,132.987,132.972,132.987,8
2020-02-26 01:52:00,132.972,132.972,132.956,132.972,5
2020-02-26 01:53:00,132.941,132.956,132.941,132.956,7
2020-02-26 01:54:00,132.956,132.956,132.941,132.956,7
2020-02-26 01:55:00,132.956,132.956,132.941,132.941,14
2020-02-26 01:56:00,132.925,132.941,132.925,132.941,16
2020-02-26 01:57:00,132.925,132.941,132.909,132.941,7
2020-02-26 01:58:00,132.941,132.941,132.925,132.941,13
2020-02-26 01:59:00,132.941,132.941,132.925,132.925,6
2020-02-26 02:00:00,132.956,132.972,132.941,132.956,15
2020-02-26 02:01:00,132.972,132.972,132.941,132.948,22
2020-02-26 02:02:00,132.972,132.987,132.972,132.987,24
2020-02-26 02:03:00,132.987,132.987,132.972,132.987,11
2020-02-26 02:04:00,132.972,132.987,132.972,132.972,16
2020-02-26 02:05:00,132.956,132.987,132.956,132.987,10
2020-02-26 02:06:00,132.972,132.972,132.956,132.972,5
2020-02-26 02:07:00,132.956,132.956,132.941,132.956,12
2020-02-26 02:08:00,132.941,132.956,132.941,132.948,5
2020-02-26 02:09:00,132.909,132.941,132.909,132.925,19
2020-02-26 02:10:00,132.909,132.925,132.909,132.925,2
2020-02-26 02:12:00,132.894,132.909,132.878,132.902,27
2020-02-26 02:13:00,132.847,132.894,132.847,132.878,12
2020-02-26 02:14:00,132.816,132.862,132.8,132.862,45
2020-02-26 02:15:00,132.831,132.847,132.831,132.831,41
2020-02-26 02:16:00,132.816,132.816,132.8,132.816,15
2020-02-26 02:17:00,132.831,132.831,132.8,132.8,15
2020-02-26 02:18:00,132.816,132.831,132.8,132.816,37
2020-02-26 02:19:00,132.816,132.816,132.8,132.8,32
2020-02-26 02:20:00,132.831,132.831,132.831,132.831,1
2020-02-26 02:21:00,132.831,132.831,132.816,132.816,13
2020-02-26 02:22:00,132.863,132.863,132.831,132.847,12
2020-02-26 02:23:00,132.847,132.863,132.847,132.847,9
2020-02-26 02:24:00,132.831,132.847,132.816,132.831,28
2020-02-26 02:25:00,132.847,132.847,132.816,132.816,5
2020-02-26 02:26:00,132.863,132.863,132.831,132.831,9
2020-02-26 02:27:00,132.863,132.878,132.863,132.878,5
2020-02-26 02:28:00,132.863,132.863,132.847,132.847,6
2020-02-26 02:29:00,132.847,132.863,132.847,132.847,7
2020-02-26 02:30:00,132.831,132.84,132.816,132.84,26
2020-02-26 02:31:00,132.816,132.831,132.816,132.824,4
2020-02-26 02:32:00,132.831,132.831,132.816,132.831,7
2020-02-26 02:34:00,132.847,132.847,132.831,132.847,7
2020-02-26 02:35:00,132.816,132.831,132.816,132.831,2
2020-02-26 02:37:00,132.769,132.8,132.753,132.8,16
2020-02-26 02:38:00,132.769,132.769,132.753,132.753,44
2020-02-26 02:39:00,132.753,132.769,132.753,132.762,14
2020-02-26 02:40:00,132.769,132.769,132.753,132.762,5
2020-02-26 02:41:00,132.784,132.784,132.753,132.784,15
2020-02-26 02:42:00,132.769,132.784,132.769,132.769,3
2020-02-26 02:43:00,132.784,132.784,132.769,132.784,4
2020-02-26 02:44:00,132.769,132.784,132.769,132.769,3
2020-02-26 02:45:00,132.753,132.769,132.753,132.753,13
2020-02-26 02:46:00,132.769,132.769,132.769,132.769,1
2020-02-26 02:47:00,132.784,132.784,132.769,132.784,4
2020-02-26 02:49:00,132.8,132.8,132.8,132.8,1
2020-02-26 02:51:00,132.784,132.784,132.784,132.784,1
2020-02-26 02:52:00,132.784,132.8,132.784,132.8,2
2020-02-26 02:53:00,132.784,132.8,132.784,132.8,2
2020-02-26 02:54:00,132.8,132.8,132.784,132.8,3
2020-02-26 02:55:00,132.769,132.8,132.769,132.784,13
2020-02-26 02:56:00,132.784,132.784,132.769,132.784,6
2020-02-26 02:58:00,132.784,132.8,132.784,132.8,6
2020-02-26 02:59:00,132.784,132.784,132.769,132.769,2
2020-02-26 03:00:00,132.769,132.784,132.769,132.769,7
2020-02-26 03:02:00,132.769,132.769,132.738,132.753,12
2020-02-26 03:03:00,132.753,132.769,132.753,132.753,14
2020-02-26 03:04:00,132.769,132.769,132.753,132.769,5
2020-02-26 03:05:00,132.785,132.8,132.785,132.785,11
2020-02-26 03:06:00,132.785,132.8,132.785,132.8,14
2020-02-26 03:08:00,132.753,132.776,132.753,132.776,6
2020-02-26 03:09:00,132.769,132.769,132.753,132.769,5
2020-02-26 03:11:00,132.722,132.762,132.722,132.762,8
2020-02-26 03:12:00,132.738,132.753,132.738,132.738,6
2020-02-26 03:13:00,132.738,132.753,132.738,132.753,9
2020-02-26 03:14:00,132.722,132.73,132.722,132.73,2
2020-02-26 03:16:00,132.738,132.738,132.738,132.738,1
2020-02-26 03:17:00,132.738,132.753,132.738,132.753,2
2020-02-26 03:18:00,132.769,132.769,132.738,132.753,23
2020-02-26 03:19:00,132.769,132.769,132.753,132.753,5
2020-02-26 03:20:00,132.769,132.785,132.769,132.785,10
2020-02-26 03:21:00,132.769,132.785,132.769,132.785,3
2020-02-26 03:22:00,132.785,132.8,132.769,132.785,6
2020-02-26 03:23:00,132.785,132.8,132.785,132.8,3
2020-02-26 03:24:00,132.8,132.8,132.769,132.769,5
2020-02-26 03:25:00,132.785,132.8,132.785,132.785,3
2020-02-26 03:27:00,132.785,132.8,132.785,132.8,2
2020-02-26 03:28:00,132.769,132.785,132.769,132.769,8
2020-02-26 03:30:00,132.8,132.816,132.769,132.785,23
2020-02-26 03:31:00,132.8,132.816,132.8,132.808,11
2020-02-26 03:32:00,132.785,132.8,132.785,132.792,9
2020-02-26 03:33:00,132.785,132.8,132.769,132.792,11
2020-02-26 03:34:00,132.753,132.785,132.753,132.776,13
2020-02-26 03:35:00,132.738,132.753,132.738,132.738,5
2020-02-26 03:36:00,132.738,132.753,132.722,132.722,20
2020-02-26 03:37:00,132.722,132.738,132.722,132.722,8
2020-02-26 03:38:00,132.722,132.722,132.706,132.706,4
2020-02-26 03:39:00,132.738,132.738,132.722,132.73,8
2020-02-26 03:40:00,132.722,132.738,132.722,132.722,3
2020-02-26 03:41:00,132.722,132.722,132.706,132.706,6
2020-02-26 03:42:00,132.722,132.738,132.722,132.738,10
2020-02-26 03:43:00,132.706,132.722,132.706,132.706,3
2020-02-26 03:44:00,132.706,132.722,132.706,132.714,7
2020-02-26 03:45:00,132.706,132.706,132.691,132.691,10
2020-02-26 03:46:00,132.706,132.706,132.691,132.699,18
2020-02-26 03:48:00,132.691,132.691,132.691,132.691,1
2020-02-26 03:49:00,132.706,132.706,132.691,132.698,7
2020-02-26 03:50:00,132.706,132.706,132.691,132.691,3
2020-02-26 03:51:00,132.706,132.722,132.706,132.722,14
2020-02-26 04:01:00,132.738,132.738,132.714,132.714,6
2020-02-26 04:02:00,132.738,132.738,132.722,132.73,3
2020-02-26 04:03:00,132.738,132.738,132.722,132.73,9
2020-02-26 04:04:00,132.722,132.738,132.722,132.722,6
2020-02-26 04:06:00,132.738,132.738,132.722,132.738,3
2020-02-26 04:07:00,132.738,132.738,132.722,132.722,6
2020-02-26 04:10:00,132.738,132.753,132.738,132.753,8
2020-02-26 04:12:00,132.738,132.753,132.738,132.746,13
2020-02-26 04:14:00,132.753,132.753,132.738,132.753,5
2020-02-26 04:15:00,132.753,132.769,132.738,132.746,10
2020-02-26 04:16:00,132.753,132.769,132.753,132.769,8
2020-02-26 04:17:00,132.753,132.769,132.753,132.769,2
2020-02-26 04:21:00,132.738,132.746,132.738,132.746,2
2020-02-26 04:22:00,132.722,132.738,132.722,132.73,9
2020-02-26 04:23:00,132.707,132.722,132.707,132.714,8
2020-02-26 04:26:00,132.707,132.707,132.691,132.691,3
2020-02-26 04:28:00,132.722,132.722,132.707,132.722,5
2020-02-26 04:30:00,132.722,132.722,132.707,132.714,6
2020-02-26 04:31:00,132.707,132.707,132.707,132.707,1
2020-02-26 04:32:00,132.722,132.722,132.722,132.722,1
2020-02-26 04:33:00,132.722,132.722,132.707,132.714,3
2020-02-26 04:34:00,132.722,132.738,132.722,132.73,9
2020-02-26 04:35:00,132.722,132.738,132.722,132.738,4
2020-02-26 04:36:00,132.707,132.722,132.707,132.707,5
2020-02-26 04:37:00,132.675,132.691,132.675,132.691,15
2020-02-26 04:38:00,132.691,132.707,132.691,132.691,3
2020-02-26 04:40:00,132.675,132.675,132.675,132.675,1
2020-02-26 04:41:00,132.707,132.707,132.675,132.691,7
2020-02-26 04:43:00,132.722,132.722,132.707,132.722,3
2020-02-26 04:44:00,132.722,132.722,132.707,132.707,10
2020-02-26 04:46:00,132.707,132.707,132.707,132.707,1
2020-02-26 04:47:00,132.707,132.722,132.707,132.714,22
2020-02-26 04:48:00,132.722,132.722,132.707,132.722,3
2020-02-26 04:49:00,132.738,132.738,132.722,132.73,9
2020-02-26 04:51:00,132.738,132.753,132.738,132.753,4
2020-02-26 04:58:00,132.753,132.753,132.738,132.753,11
2020-02-26 04:59:00,132.738,132.753,132.738,132.738,7
2020-02-26 05:00:00,132.738,132.753,132.738,132.746,3
2020-02-26 05:01:00,132.738,132.753,132.722,132.746,9
2020-02-26 05:02:00,132.738,132.753,132.738,132.753,2
2020-02-26 05:03:00,132.753,132.753,132.753,132.753,1
2020-02-26 05:04:00,132.769,132.769,132.753,132.769,7
2020-02-26 05:05:00,132.753,132.769,132.753,132.753,19
2020-02-26 05:06:00,132.769,132.769,132.753,132.769,5
2020-02-26 05:07:00,132.753,132.769,132.753,132.753,9
2020-02-26 05:11:00,132.769,132.769,132.753,132.769,15
2020-02-26 05:12:00,132.769,132.769,132.753,132.753,2
2020-02-26 05:13:00,132.753,132.769,132.753,132.753,5
2020-02-26 05:15:00,132.769,132.769,132.769,132.769,1
2020-02-26 05:17:00,132.785,132.785,132.785,132.785,1
2020-02-26 05:19:00,132.8,132.8,132.8,132.8,1
2020-02-26 05:20:00,132.816,132.816,132.8,132.816,16
2020-02-26 05:21:00,132.832,132.832,132.816,132.824,13
2020-02-26 05:22:00,132.816,132.847,132.816,132.84,17
2020-02-26 05:25:00,132.832,132.832,132.832,132.832,1
2020-02-26 05:26:00,132.816,132.816,132.816,132.816,1
2020-02-26 05:28:00,132.8,132.8,132.8,132.8,1
2020-02-26 05:29:00,132.816,132.816,132.816,132.816,1
2020-02-26 05:30:00,132.816,132.832,132.816,132.832,2
2020-02-26 05:31:00,132.816,132.832,132.816,132.832,6
2020-02-26 05:32:00,132.816,132.816,132.8,132.8,2
2020-02-26 05:33:00,132.816,132.832,132.816,132.832,2
2020-02-26 05:34:00,132.816,132.832,132.816,132.832,5
2020-02-26 05:35:00,132.816,132.816,132.8,132.8,6
2020-02-26 05:36:00,132.832,132.847,132.824,132.824,7
2020-02-26 05:37:00,132.832,132.832,132.816,132.824,5
2020-02-26 05:40:00,132.816,132.816,132.816,132.816,1
2020-02-26 05:43:00,132.8,132.808,132.8,132.808,2
2020-02-26 05:44:00,132.816,132.816,132.8,132.808,4
2020-02-26 05:46:00,132.832,132.832,132.832,132.832,1
2020-02-26 05:47:00,132.816,132.832,132.816,132.816,5
2020-02-26 05:48:00,132.8,132.816,132.8,132.8,3
2020-02-26 05:50:00,132.816,132.816,132.816,132.816,1
2020-02-26 05:51:00,132.8,132.8,132.8,132.8,1
2020-02-26 05:52:00,132.8,132.816,132.8,132.816,2
2020-02-26 05:53:00,132.816,132.816,132.816,132.816,1
2020-02-26 05:54:00,132.816,132.816,132.8,132.8,3
2020-02-26 05:56:00,132.816,132.816,132.8,132.8,2
2020-02-26 05:57:00,132.816,132.816,132.8,132.8,5
2020-02-26 05:59:00,132.832,132.832,132.816,132.832,5
2020-02-26 06:00:00,132.832,132.847,132.816,132.824,8
2020-02-26 06:01:00,132.847,132.847,132.847,132.847,1
2020-02-26 06:02:00,132.832,132.847,132.832,132.832,7
2020-02-26 06:03:00,132.832,132.847,132.832,132.847,7
2020-02-26 06:05:00,132.832,132.832,132.816,132.816,4
2020-02-26 06:07:00,132.863,132.863,132.847,132.847,5
2020-02-26 06:08:00,132.863,132.878,132.863,132.878,6
2020-02-26 06:10:00,132.878,132.878,132.878,132.878,1
2020-02-26 06:11:00,132.863,132.879,132.863,132.863,5
2020-02-26 06:12:00,132.879,132.879,132.863,132.879,4
2020-02-26 06:13:00,132.879,132.894,132.879,132.894,2
2020-02-26 06:14:00,132.91,132.925,132.894,132.894,8
2020-02-26 06:15:00,132.91,132.925,132.91,132.925,8
2020-02-26 06:16:00,132.894,132.91,132.894,132.902,8
2020-02-26 06:17:00,132.879,132.894,132.879,132.879,5
2020-02-26 06:18:00,132.894,132.894,132.879,132.894,4
2020-02-26 06:19:00,132.879,132.894,132.879,132.879,6
2020-02-26 06:20:00,132.894,132.894,132.879,132.894,4
2020-02-26 06:21:00,132.894,132.894,132.879,132.879,2
2020-02-26 06:23:00,132.879,132.894,132.879,132.886,5
2020-02-26 06:24:00,132.879,132.894,132.879,132.894,6
2020-02-26 06:25:00,132.879,132.879,132.863,132.863,13
2020-02-26 06:27:00,132.879,132.894,132.879,132.894,2
2020-02-26 06:28:00,132.879,132.879,132.863,132.863,2
2020-02-26 06:29:00,132.879,132.879,132.863,132.863,2
2020-02-26 06:30:00,132.863,132.879,132.863,132.863,7
2020-02-26 06:32:00,132.847,132.863,132.847,132.847,5
2020-02-26 06:34:00,132.832,132.847,132.832,132.832,12
2020-02-26 06:35:00,132.816,132.816,132.816,132.816,1
2020-02-26 06:36:00,132.816,132.832,132.8,132.832,24
2020-02-26 06:37:00,132.832,132.832,132.832,132.832,1
2020-02-26 06:38:00,132.832,132.832,132.816,132.816,2
2020-02-26 06:39:00,132.847,132.847,132.816,132.816,5
2020-02-26 06:40:00,132.847,132.863,132.847,132.863,13
2020-02-26 06:41:00,132.847,132.863,132.847,132.863,9
2020-02-26 06:42:00,132.863,132.863,132.847,132.856,13
2020-02-26 06:44:00,132.847,132.847,132.847,132.847,1
2020-02-26 06:46:00,132.847,132.863,132.847,132.856,7
2020-02-26 06:47:00,132.856,132.863,132.847,132.863,12
2020-02-26 06:48:00,132.863,132.863,132.847,132.847,6
2020-02-26 06:49:00,132.863,132.863,132.847,132.847,5
2020-02-26 06:50:00,132.863,132.863,132.847,132.847,2
2020-02-26 06:51:00,132.863,132.863,132.847,132.847,8
2020-02-26 06:53:00,132.863,132.863,132.847,132.847,2
2020-02-26 06:54:00,132.879,132.879,132.863,132.879,3
2020-02-26 06:55:00,132.894,132.894,132.879,132.886,5
2020-02-26 06:56:00,132.91,132.91,132.91,132.91,1
2020-02-26 06:57:00,132.941,132.941,132.894,132.925,11
2020-02-26 06:58:00,132.91,132.941,132.91,132.925,6
2020-02-26 07:00:00,132.894,132.894,132.863,132.894,8
2020-02-26 07:01:00,132.925,132.925,132.894,132.91,27
2020-02-26 07:02:00,132.925,132.925,132.894,132.91,11
2020-02-26 07:03:00,132.941,132.941,132.91,132.91,5
2020-02-26 07:04:00,132.941,132.957,132.925,132.925,10
2020-02-26 07:05:00,132.925,132.934,132.925,132.934,2
2020-02-26 07:06:00,132.925,132.941,132.91,132.941,16
2020-02-26 07:07:00,132.91,132.925,132.894,132.91,10
2020-02-26 07:08:00,132.91,132.925,132.91,132.925,7
2020-02-26 07:09:00,132.925,132.925,132.894,132.894,13
2020-02-26 07:11:00,132.941,132.957,132.925,132.941,11
2020-02-26 07:12:00,132.925,132.941,132.925,132.925,3
2020-02-26 07:13:00,132.925,132.925,132.894,132.91,14
2020-02-26 07:14:00,132.957,132.957,132.941,132.941,4
2020-02-26 07:15:00,132.972,132.988,132.957,132.972,15
2020-02-26 07:16:00,132.941,132.972,132.941,132.957,26
2020-02-26 07:17:00,132.925,132.941,132.925,132.925,22
2020-02-26 07:18:00,132.941,132.941,132.925,132.941,10
2020-02-26 07:19:00,132.941,132.941,132.925,132.925,6
2020-02-26 07:20:00,132.972,132.972,132.941,132.957,10
2020-02-26 07:21:00,132.972,132.972,132.957,132.957,11
2020-02-26 07:22:00,132.972,132.972,132.941,132.957,29
2020-02-26 07:23:00,132.941,132.972,132.941,132.957,5
2020-02-26 07:24:00,132.941,132.941,132.925,132.925,5
2020-02-26 07:25:00,132.91,132.941,132.91,132.925,8
2020-02-26 07:26:00,132.91,132.925,132.894,132.925,13
2020-02-26 07:27:00,132.91,132.925,132.91,132.918,5
2020-02-26 07:28:00,132.91,132.941,132.91,132.925,14
2020-02-26 07:29:00,132.941,132.941,132.91,132.926,22
2020-02-26 07:30:00,132.972,132.988,132.926,132.926,26
2020-02-26 07:31:00,132.988,132.988,132.972,132.988,6
2020-02-26 07:32:00,132.972,132.972,132.957,132.972,22
2020-02-26 07:34:00,132.972,132.988,132.957,132.957,12
2020-02-26 07:35:00,132.972,132.972,132.941,132.957,16
2020-02-26 07:36:00,132.972,132.972,132.957,132.964,15
2020-02-26 07:37:00,133.004,133.004,132.957,132.957,20
2020-02-26 07:38:00,132.988,133.004,132.972,132.988,17
2020-02-26 07:39:00,132.972,132.988,132.972,132.972,15
2020-02-26 07:40:00,132.988,132.988,132.957,132.957,25
2020-02-26 07:41:00,132.972,132.988,132.972,132.972,7
2020-02-26 07:42:00,132.988,132.988,132.972,132.988,11
2020-02-26 07:43:00,132.972,132.98,132.972,132.98,2
2020-02-26 07:44:00,132.926,132.957,132.926,132.957,14
2020-02-26 07:45:00,132.941,132.941,132.941,132.941,1
2020-02-26 07:46:00,132.957,132.957,132.948,132.948,2
2020-02-26 07:47:00,132.957,132.972,132.941,132.941,23
2020-02-26 07:48:00,132.941,132.957,132.941,132.941,3
2020-02-26 07:49:00,132.91,132.941,132.91,132.926,5
2020-02-26 07:50:00,132.91,132.91,132.894,132.902,14
2020-02-26 07:51:00,132.91,132.91,132.894,132.902,5
2020-02-26 07:52:00,132.894,132.91,132.894,132.894,6
2020-02-26 07:53:00,132.91,132.91,132.91,132.91,1
2020-02-26 07:54:00,132.91,132.926,132.894,132.926,13
2020-02-26 07:55:00,132.879,132.894,132.879,132.894,8
2020-02-26 07:56:00,132.879,132.879,132.863,132.863,11
2020-02-26 07:57:00,132.879,132.879,132.863,132.863,4
2020-02-26 07:58:00,132.832,132.863,132.816,132.863,5
2020-02-26 07:59:00,132.816,132.832,132.801,132.824,25
2020-02-26 08:00:00,132.832,132.832,132.801,132.801,18
2020-02-26 08:01:00,132.832,132.847,132.816,132.847,12
2020-02-26 08:02:00,132.832,132.847,132.801,132.847,36
2020-02-26 08:03:00,132.879,132.879,132.816,132.816,18
2020-02-26 08:04:00,132.863,132.894,132.863,132.863,10
2020-02-26 08:05:00,132.847,132.863,132.847,132.847,21
2020-02-26 08:06:00,132.832,132.863,132.816,132.863,39
2020-02-26 08:07:00,132.832,132.832,132.816,132.824,7
2020-02-26 08:08:00,132.801,132.832,132.801,132.816,16
2020-02-26 08:09:00,132.816,132.832,132.816,132.816,13
2020-02-26 08:10:00,132.847,132.847,132.801,132.808,13
2020-02-26 08:11:00,132.863,132.879,132.847,132.863,13
2020-02-26 08:12:00,132.894,132.894,132.863,132.879,31
2020-02-26 08:13:00,132.863,132.894,132.863,132.879,15
2020-02-26 08:14:00,132.863,132.863,132.847,132.847,6
2020-02-26 08:15:00,132.879,132.879,132.832,132.847,19
2020-02-26 08:16:00,132.894,132.894,132.879,132.894,7
2020-02-26 08:17:00,132.91,132.941,132.894,132.91,34
2020-02-26 08:18:00,132.894,132.91,132.894,132.894,21
2020-02-26 08:19:00,132.886,132.91,132.879,132.91,40
2020-02-26 08:20:00,132.91,132.91,132.879,132.894,12
2020-02-26 08:21:00,132.894,132.91,132.894,132.894,4
2020-02-26 08:22:00,132.91,132.91,132.894,132.91,18
2020-02-26 08:23:00,132.91,132.957,132.91,132.926,18
2020-02-26 08:24:00,132.894,132.91,132.879,132.902,7
2020-02-26 08:25:00,132.894,132.91,132.879,132.879,22
2020-02-26 08:26:00,132.926,132.926,132.894,132.91,16
2020-02-26 08:27:00,132.926,132.926,132.91,132.91,18
2020-02-26 08:28:00,132.91,132.926,132.894,132.91,12
2020-02-26 08:29:00,132.941,132.957,132.91,132.926,17
2020-02-26 08:30:00,132.926,132.941,132.926,132.926,13
2020-02-26 08:31:00,132.957,132.957,132.91,132.91,13
2020-02-26 08:32:00,132.957,132.957,132.941,132.941,17
2020-02-26 08:33:00,132.926,132.941,132.926,132.941,10
2020-02-26 08:34:00,132.941,132.941,132.926,132.941,7
2020-02-26 08:35:00,132.941,132.941,132.91,132.926,16
2020-02-26 08:36:00,132.941,132.957,132.941,132.957,10
2020-02-26 08:37:00,132.957,132.957,132.941,132.957,18
2020-02-26 08:38:00,132.957,132.972,132.941,132.941,14
2020-02-26 08:39:00,133.019,133.019,132.957,132.972,18
2020-02-26 08:40:00,133.035,133.035,132.988,133.004,27
2020-02-26 08:41:00,133.035,133.051,133.019,133.051,23
2020-02-26 08:42:00,133.051,133.051,133.035,133.051,49
2020-02-26 08:43:00,133.082,133.113,133.051,133.066,61
2020-02-26 08:44:00,133.051,133.082,133.051,133.074,44
2020-02-26 08:45:00,133.082,133.082,133.035,133.035,35
2020-02-26 08:46:00,133.051,133.082,133.051,133.074,31
2020-02-26 08:47:00,133.082,133.097,133.051,133.066,36
2020-02-26 08:48:00,133.082,133.097,133.082,133.09,16
2020-02-26 08:49:00,133.097,133.144,133.097,133.097,50
2020-02-26 08:50:00,133.129,133.129,133.082,133.113,70
2020-02-26 08:51:00,133.113,133.144,133.097,133.113,58
2020-02-26 08:52:00,133.113,133.113,133.066,133.106,48
2020-02-26 08:53:00,133.144,133.144,133.097,133.097,22
2020-02-26 08:54:00,133.144,133.144,133.129,133.129,42
2020-02-26 08:55:00,133.144,133.144,133.113,133.129,24
2020-02-26 08:56:00,133.144,133.144,133.129,133.129,13
2020-02-26 08:57:00,133.097,133.144,133.097,133.129,27
2020-02-26 08:58:00,133.097,133.113,133.097,133.113,17
2020-02-26 08:59:00,133.082,133.097,133.082,133.082,11
2020-02-26 09:00:00,133.097,133.113,133.082,133.09,58
2020-02-26 09:01:00,133.129,133.144,133.097,133.113,17
2020-02-26 09:02:00,133.113,133.129,133.097,133.113,26
2020-02-26 09:03:00,133.129,133.129,133.113,133.129,5
2020-02-26 09:04:00,133.144,133.144,133.113,133.144,49
2020-02-26 09:05:00,133.113,133.16,133.113,133.129,14
2020-02-26 09:06:00,133.129,133.144,133.129,133.129,13
2020-02-26 09:07:00,133.144,133.16,133.129,133.144,23
2020-02-26 09:08:00,133.16,133.176,133.144,133.16,22
2020-02-26 09:09:00,133.176,133.176,133.16,133.168,34
2020-02-26 09:10:00,133.191,133.191,133.16,133.16,13
2020-02-26 09:11:00,133.222,133.222,133.191,133.207,32
2020-02-26 09:12:00,133.16,133.222,133.16,133.207,42
2020-02-26 09:13:00,133.16,133.16,133.129,133.144,34
2020-02-26 09:14:00,133.113,133.144,133.113,133.144,14
2020-02-26 09:15:00,133.129,133.144,133.113,133.12,22
2020-02-26 09:16:00,133.144,133.16,133.129,133.144,41
2020-02-26 09:17:00,133.113,133.129,133.113,133.129,49
2020-02-26 09:18:00,133.097,133.113,133.082,133.097,24
2020-02-26 09:19:00,133.113,133.129,133.097,133.113,30
2020-02-26 09:20:00,133.129,133.144,133.113,133.129,19
2020-02-26 09:21:00,133.144,133.16,133.129,133.144,16
2020-02-26 09:22:00,133.144,133.16,133.129,133.16,19
2020-02-26 09:23:00,133.129,133.144,133.113,133.136,35
2020-02-26 09:24:00,133.113,133.129,133.097,133.113,38
2020-02-26 09:25:00,133.113,133.113,133.097,133.097,21
2020-02-26 09:26:00,133.129,133.129,133.097,133.097,32
2020-02-26 09:27:00,133.113,133.144,133.113,133.144,14
2020-02-26 09:28:00,133.113,133.129,133.097,133.129,32
2020-02-26 09:29:00,133.082,133.113,133.066,133.097,15
2020-02-26 09:30:00,133.097,133.097,133.082,133.097,23
2020-02-26 09:31:00,133.097,133.097,133.082,133.082,21
2020-02-26 09:32:00,133.113,133.129,133.082,133.082,20
2020-02-26 09:33:00,133.097,133.113,133.082,133.097,14
2020-02-26 09:34:00,133.066,133.097,133.051,133.082,26
2020-02-26 09:35:00,133.066,133.066,133.051,133.051,36
2020-02-26 09:36:00,133.066,133.082,133.066,133.082,2
2020-02-26 09:37:00,133.051,133.066,133.051,133.051,3
2020-02-26 09:38:00,133.051,133.066,133.051,133.066,13
2020-02-26 09:39:00,133.004,133.051,132.972,133.035,30
2020-02-26 09:40:00,133.004,133.035,132.988,133.019,32
2020-02-26 09:41:00,132.988,133.004,132.972,132.988,36
2020-02-26 09:42:00,133.019,133.019,133.004,133.004,14
2020-02-26 09:43:00,133.004,133.019,133.004,133.004,24
2020-02-26 09:44:00,133.051,133.066,133.019,133.019,31
2020-02-26 09:45:00,133.066,133.082,133.035,133.035,35
2020-02-26 09:46:00,133.051,133.066,133.035,133.051,44
2020-02-26 09:47:00,133.066,133.066,133.051,133.066,13
2020-02-26 09:48:00,133.082,133.082,133.051,133.051,28
2020-02-26 09:49:00,133.082,133.082,133.051,133.066,35
2020-02-26 09:50:00,133.066,133.066,133.051,133.066,23
2020-02-26 09:51:00,133.051,133.066,133.019,133.051,29
2020-02-26 09:52:00,133.004,133.066,132.988,133.035,47
2020-02-26 09:53:00,133.035,133.051,133.004,133.012,18
2020-02-26 09:54:00,132.941,133.012,132.941,133.012,34
2020-02-26 09:55:00,132.973,132.988,132.941,132.957,12
2020-02-26 09:56:00,133.004,133.004,132.973,132.988,20
2020-02-26 09:57:00,133.004,133.019,132.988,133.019,12
2020-02-26 09:58:00,133.004,133.004,132.988,132.988,22
2020-02-26 09:59:00,133.019,133.019,132.988,132.988,11
2020-02-26 10:00:00,133.004,133.004,132.973,133.004,57
2020-02-26 10:01:00,133.004,133.019,132.988,133.019,28
2020-02-26 10:02:00,133.004,133.004,132.973,132.996,17
2020-02-26 10:03:00,132.973,133.004,132.957,132.988,29
2020-02-26 10:04:00,132.957,132.988,132.957,132.98,39
2020-02-26 10:05:00,132.91,132.973,132.91,132.973,49
2020-02-26 10:06:00,132.941,132.941,132.91,132.926,7
2020-02-26 10:07:00,132.926,132.941,132.894,132.926,20
2020-02-26 10:08:00,132.894,132.926,132.894,132.91,46
2020-02-26 10:09:00,132.863,132.894,132.863,132.879,8
2020-02-26 10:10:00,132.863,132.863,132.848,132.848,28
2020-02-26 10:11:00,132.848,132.863,132.832,132.848,28
2020-02-26 10:12:00,132.894,132.91,132.863,132.863,13
2020-02-26 10:13:00,132.91,132.91,132.894,132.902,29
2020-02-26 10:14:00,132.926,132.926,132.894,132.894,3
2020-02-26 10:15:00,132.926,132.926,132.894,132.918,28
2020-02-26 10:16:00,132.91,132.926,132.91,132.91,8
2020-02-26 10:17:00,132.91,132.91,132.879,132.894,24
2020-02-26 10:18:00,132.926,132.926,132.91,132.926,7
2020-02-26 10:19:00,132.941,132.941,132.926,132.934,23
2020-02-26 10:20:00,132.894,132.941,132.879,132.926,34
2020-02-26 10:21:00,132.91,132.926,132.879,132.91,38
2020-02-26 10:22:00,132.926,132.926,132.91,132.926,15
2020-02-26 10:23:00,132.926,132.926,132.91,132.91,9
2020-02-26 10:24:00,132.941,132.941,132.91,132.91,5
2020-02-26 10:25:00,132.941,132.941,132.926,132.926,2
2020-02-26 10:26:00,132.91,132.934,132.894,132.934,14
2020-02-26 10:27:00,132.863,132.91,132.863,132.894,54
2020-02-26 10:28:00,132.879,132.879,132.863,132.879,33
2020-02-26 10:29:00,132.879,132.879,132.863,132.863,13
2020-02-26 10:30:00,132.91,132.91,132.879,132.894,15
2020-02-26 10:31:00,132.894,132.894,132.894,132.894,1
2020-02-26 10:32:00,132.879,132.894,132.879,132.879,15
2020-02-26 10:33:00,132.863,132.879,132.848,132.863,18
2020-02-26 10:34:00,132.879,132.879,132.848,132.856,20
2020-02-26 10:35:00,132.863,132.894,132.863,132.894,5
2020-02-26 10:36:00,132.848,132.879,132.848,132.879,17
2020-02-26 10:37:00,132.863,132.863,132.832,132.832,5
2020-02-26 10:38:00,132.895,132.895,132.863,132.879,10
2020-02-26 10:39:00,132.895,132.895,132.879,132.879,18
2020-02-26 10:40:00,132.832,132.878,132.832,132.878,29
2020-02-26 10:41:00,132.848,132.848,132.816,132.816,35
2020-02-26 10:42:00,132.863,132.863,132.848,132.863,23
2020-02-26 10:43:00,132.863,132.863,132.848,132.848,16
2020-02-26 10:45:00,132.863,132.863,132.832,132.848,23
2020-02-26 10:46:00,132.863,132.879,132.848,132.848,34
2020-02-26 10:47:00,132.832,132.879,132.816,132.872,50
2020-02-26 10:48:00,132.832,132.832,132.816,132.816,24
2020-02-26 10:49:00,132.848,132.848,132.848,132.848,1
2020-02-26 10:50:00,132.848,132.848,132.832,132.832,14
2020-02-26 10:52:00,132.832,132.848,132.832,132.832,18
2020-02-26 10:53:00,132.863,132.879,132.848,132.848,5
2020-02-26 10:54:00,132.863,132.863,132.848,132.856,9
2020-02-26 10:55:00,132.879,132.879,132.848,132.856,15
2020-02-26 10:56:00,132.863,132.863,132.848,132.863,10
2020-02-26 10:57:00,132.895,132.895,132.863,132.879,23
2020-02-26 10:58:00,132.895,132.895,132.879,132.886,9
2020-02-26 10:59:00,132.91,132.91,132.895,132.91,9
2020-02-26 11:00:00,132.895,132.91,132.895,132.902,10
2020-02-26 11:01:00,132.91,132.91,132.895,132.91,30
2020-02-26 11:02:00,132.895,132.91,132.895,132.895,4
2020-02-26 11:03:00,132.91,132.91,132.895,132.91,12
2020-02-26 11:04:00,132.895,132.91,132.895,132.895,4
2020-02-26 11:05:00,132.879,132.895,132.863,132.886,74
2020-02-26 11:06:00,132.863,132.879,132.863,132.863,14
2020-02-26 11:07:00,132.879,132.879,132.863,132.879,5
2020-02-26 11:08:00,132.863,132.879,132.863,132.863,13
2020-02-26 11:09:00,132.863,132.879,132.863,132.879,20
2020-02-26 11:10:00,132.879,132.895,132.872,132.872,8
2020-02-26 11:11:00,132.863,132.895,132.863,132.895,7
2020-02-26 11:12:00,132.816,132.863,132.816,132.848,19
2020-02-26 11:13:00,132.832,132.832,132.801,132.832,44
2020-02-26 11:14:00,132.832,132.863,132.832,132.848,30
2020-02-26 11:15:00,132.848,132.848,132.832,132.84,19
2020-02-26 11:16:00,132.848,132.848,132.832,132.832,4
2020-02-26 11:17:00,132.848,132.848,132.816,132.832,15
2020-02-26 11:18:00,132.863,132.863,132.848,132.863,3
2020-02-26 11:19:00,132.863,132.863,132.848,132.848,12
2020-02-26 11:20:00,132.816,132.856,132.816,132.856,15
2020-02-26 11:21:00,132.801,132.816,132.801,132.808,9
2020-02-26 11:22:00,132.801,132.816,132.801,132.808,29
2020-02-26 11:23:00,132.785,132.801,132.785,132.785,27
2020-02-26 11:24:00,132.801,132.801,132.785,132.801,17
2020-02-26 11:25:00,132.801,132.817,132.801,132.817,19
2020-02-26 11:26:00,132.785,132.801,132.785,132.785,6
2020-02-26 11:27:00,132.801,132.801,132.785,132.794,9
2020-02-26 11:28:00,132.801,132.801,132.785,132.785,2
2020-02-26 11:29:00,132.801,132.801,132.785,132.785,8
2020-02-26 11:30:00,132.785,132.801,132.785,132.785,17
2020-02-26 11:31:00,132.801,132.817,132.785,132.801,19
2020-02-26 11:32:00,132.801,132.801,132.785,132.785,4
2020-02-26 11:33:00,132.817,132.817,132.801,132.808,12
2020-02-26 11:34:00,132.801,132.817,132.801,132.801,18
2020-02-26 11:35:00,132.801,132.801,132.785,132.794,16
2020-02-26 11:36:00,132.785,132.801,132.785,132.785,13
2020-02-26 11:37:00,132.77,132.785,132.77,132.778,17
2020-02-26 11:38:00,132.77,132.77,132.754,132.754,16
2020-02-26 11:39:00,132.754,132.77,132.738,132.762,26
2020-02-26 11:40:00,132.738,132.754,132.738,132.738,16
2020-02-26 11:41:00,132.754,132.754,132.754,132.754,1
2020-02-26 11:42:00,132.754,132.77,132.754,132.762,4
2020-02-26 11:43:00,132.738,132.77,132.738,132.77,25
2020-02-26 11:44:00,132.754,132.77,132.738,132.754,5
2020-02-26 11:45:00,132.77,132.785,132.77,132.77,9
2020-02-26 11:46:00,132.754,132.77,132.754,132.754,3
2020-02-26 11:47:00,132.738,132.754,132.723,132.738,18
2020-02-26 11:48:00,132.754,132.754,132.723,132.73,19
2020-02-26 11:49:00,132.754,132.77,132.754,132.77,4
2020-02-26 11:50:00,132.785,132.785,132.754,132.77,11
2020-02-26 11:51:00,132.785,132.785,132.77,132.77,9
2020-02-26 11:52:00,132.801,132.801,132.785,132.801,17
2020-02-26 11:54:00,132.817,132.817,132.801,132.817,27
2020-02-26 11:55:00,132.801,132.817,132.785,132.801,26
2020-02-26 11:56:00,132.817,132.832,132.817,132.817,6
2020-02-26 12:00:00,132.848,132.848,132.832,132.832,2
2020-02-26 12:01:00,132.848,132.848,132.832,132.832,7
2020-02-26 12:02:00,132.848,132.863,132.848,132.863,27
2020-02-26 12:03:00,132.785,132.832,132.738,132.832,92
2020-02-26 12:04:00,132.785,132.817,132.77,132.77,42
2020-02-26 12:05:00,132.723,132.801,132.723,132.801,101
2020-02-26 12:06:00,132.754,132.77,132.723,132.738,60
2020-02-26 12:07:00,132.77,132.785,132.738,132.746,41
2020-02-26 12:08:00,132.723,132.77,132.723,132.754,10
2020-02-26 12:09:00,132.66,132.738,132.645,132.738,33
2020-02-26 12:10:00,132.692,132.707,132.645,132.652,35
2020-02-26 12:11:00,132.676,132.723,132.676,132.707,46
2020-02-26 12:12:00,132.692,132.692,132.66,132.66,37
2020-02-26 12:13:00,132.723,132.723,132.676,132.707,36
2020-02-26 12:14:00,132.754,132.754,132.707,132.716,61
2020-02-26 12:15:00,132.738,132.754,132.723,132.746,59
2020-02-26 12:16:00,132.754,132.754,132.723,132.723,20
2020-02-26 12:17:00,132.738,132.754,132.723,132.738,21
2020-02-26 12:18:00,132.738,132.738,132.723,132.723,2
2020-02-26 12:19:00,132.754,132.754,132.723,132.723,21
2020-02-26 12:20:00,132.754,132.785,132.738,132.738,27
2020-02-26 12:21:00,132.785,132.785,132.738,132.77,19
2020-02-26 12:22:00,132.801,132.801,132.785,132.801,39
2020-02-26 12:23:00,132.794,132.801,132.77,132.794,12
2020-02-26 12:24:00,132.794,132.81,132.794,132.81,8
2020-02-26 12:25:00,132.794,132.81,132.778,132.81,13
2020-02-26 12:26:00,132.794,132.81,132.778,132.81,10
2020-02-26 12:27:00,132.81,132.81,132.778,132.778,18
2020-02-26 12:28:00,132.778,132.825,132.778,132.825,15
2020-02-26 12:29:00,132.794,132.794,132.778,132.794,11
2020-02-26 12:30:00,132.794,132.81,132.778,132.778,5
2020-02-26 12:31:00,132.81,132.825,132.81,132.81,35
2020-02-26 12:32:00,132.81,132.825,132.81,132.825,11
2020-02-26 12:33:00,132.825,132.825,132.81,132.818,7
2020-02-26 12:34:00,132.81,132.825,132.81,132.81,10
2020-02-26 12:35:00,132.81,132.841,132.81,132.818,26
2020-02-26 12:36:00,132.841,132.841,132.81,132.825,6
2020-02-26 12:37:00,132.841,132.841,132.825,132.825,24
2020-02-26 12:38:00,132.856,132.872,132.841,132.856,19
2020-02-26 12:39:00,132.872,132.872,132.856,132.872,29
2020-02-26 12:40:00,132.856,132.856,132.841,132.856,5
2020-02-26 12:41:00,132.841,132.856,132.825,132.841,20
2020-02-26 12:42:00,132.841,132.856,132.841,132.848,11
2020-02-26 12:43:00,132.841,132.841,132.825,132.825,14
2020-02-26 12:44:00,132.825,132.825,132.825,132.825,1
2020-02-26 12:45:00,132.81,132.81,132.794,132.81,5
2020-02-26 12:46:00,132.794,132.794,132.794,132.794,1
2020-02-26 12:47:00,132.763,132.794,132.747,132.778,14
2020-02-26 12:48:00,132.747,132.778,132.747,132.778,9
2020-02-26 12:49:00,132.747,132.763,132.747,132.763,18
2020-02-26 12:50:00,132.747,132.763,132.747,132.763,3
2020-02-26 12:51:00,132.763,132.763,132.763,132.763,1
2020-02-26 12:52:00,132.763,132.794,132.763,132.778,4
2020-02-26 12:53:00,132.763,132.778,132.763,132.778,10
2020-02-26 12:54:00,132.778,132.778,132.763,132.778,6
2020-02-26 12:55:00,132.794,132.81,132.778,132.794,23
2020-02-26 12:56:00,132.778,132.81,132.778,132.81,7
2020-02-26 12:57:00,132.763,132.778,132.763,132.763,11
2020-02-26 12:58:00,132.763,132.778,132.763,132.778,5
2020-02-26 12:59:00,132.778,132.778,132.763,132.778,3
2020-02-26 13:00:00,132.778,132.794,132.763,132.763,16
2020-02-26 13:01:00,132.778,132.778,132.763,132.77,14
2020-02-26 13:02:00,132.763,132.763,132.747,132.763,23
2020-02-26 13:03:00,132.778,132.778,132.778,132.778,1
2020-02-26 13:04:00,132.794,132.794,132.778,132.794,3
2020-02-26 13:05:00,132.747,132.778,132.747,132.778,3
2020-02-26 13:06:00,132.778,132.794,132.747,132.754,22
2020-02-26 13:07:00,132.778,132.778,132.763,132.763,13
2020-02-26 13:08:00,132.841,132.841,132.763,132.763,15
2020-02-26 13:09:00,132.81,132.825,132.81,132.825,10
2020-02-26 13:10:00,132.794,132.794,132.778,132.794,7
2020-02-26 13:11:00,132.81,132.81,132.778,132.778,29
2020-02-26 13:12:00,132.81,132.825,132.794,132.794,19
2020-02-26 13:13:00,132.794,132.825,132.794,132.794,24
2020-02-26 13:14:00,132.794,132.794,132.763,132.778,28
2020-02-26 13:15:00,132.778,132.794,132.778,132.778,30
2020-02-26 13:16:00,132.778,132.825,132.778,132.794,30
2020-02-26 13:17:00,132.778,132.81,132.778,132.794,32
2020-02-26 13:18:00,132.747,132.763,132.747,132.763,24
2020-02-26 13:19:00,132.747,132.763,132.731,132.763,33
2020-02-26 13:20:00,132.778,132.778,132.747,132.763,39
2020-02-26 13:21:00,132.81,132.81,132.778,132.786,34
2020-02-26 13:22:00,132.794,132.825,132.778,132.825,26
2020-02-26 13:23:00,132.778,132.81,132.763,132.81,20
2020-02-26 13:24:00,132.778,132.794,132.778,132.794,22
2020-02-26 13:25:00,132.763,132.794,132.763,132.794,16
2020-02-26 13:26:00,132.794,132.794,132.763,132.778,9
2020-02-26 13:27:00,132.763,132.794,132.747,132.778,22
2020-02-26 13:28:00,132.763,132.794,132.763,132.778,20
2020-02-26 13:29:00,132.763,132.778,132.763,132.778,20
2020-02-26 13:30:00,132.747,132.794,132.747,132.778,25
2020-02-26 13:31:00,132.763,132.778,132.747,132.763,12
2020-02-26 13:32:00,132.747,132.763,132.731,132.747,30
2020-02-26 13:33:00,132.747,132.747,132.731,132.74,21
2020-02-26 13:34:00,132.778,132.778,132.747,132.754,18
2020-02-26 13:35:00,132.763,132.778,132.747,132.763,12
2020-02-26 13:36:00,132.778,132.778,132.763,132.778,15
2020-02-26 13:37:00,132.747,132.778,132.747,132.763,15
2020-02-26 13:38:00,132.747,132.763,132.747,132.763,12
2020-02-26 13:39:00,132.747,132.747,132.731,132.731,15
2020-02-26 13:40:00,132.763,132.763,132.731,132.74,41
2020-02-26 13:41:00,132.763,132.778,132.747,132.77,11
2020-02-26 13:42:00,132.778,132.778,132.763,132.77,4
2020-02-26 13:43:00,132.794,132.794,132.763,132.763,11
2020-02-26 13:44:00,132.81,132.81,132.794,132.81,7
2020-02-26 13:45:00,132.794,132.81,132.778,132.794,11
2020-02-26 13:46:00,132.763,132.794,132.747,132.778,17
2020-02-26 13:47:00,132.747,132.763,132.731,132.747,13
2020-02-26 13:48:00,132.763,132.763,132.731,132.731,3
2020-02-26 13:49:00,132.778,132.794,132.778,132.778,13
2020-02-26 13:50:00,132.778,132.794,132.778,132.794,18
2020-02-26 13:51:00,132.778,132.794,132.763,132.794,28
2020-02-26 13:52:00,132.778,132.778,132.763,132.77,5
2020-02-26 13:53:00,132.794,132.794,132.778,132.794,3
2020-02-26 13:54:00,132.794,132.825,132.794,132.81,9
2020-02-26 13:55:00,132.825,132.825,132.778,132.81,6
2020-02-26 13:56:00,132.841,132.841,132.825,132.841,3
2020-02-26 13:57:00,132.856,132.856,132.841,132.856,3
2020-02-26 13:58:00,132.856,132.856,132.841,132.841,22
2020-02-26 13:59:00,132.81,132.856,132.81,132.841,29
2020-02-26 14:00:00,132.81,132.81,132.794,132.794,2
2020-02-26 14:02:00,132.825,132.825,132.794,132.794,14
2020-02-26 14:03:00,132.841,132.841,132.825,132.832,4
2020-02-26 14:04:00,132.825,132.841,132.81,132.825,7
2020-02-26 14:05:00,132.841,132.841,132.841,132.841,1
2020-02-26 14:07:00,132.856,132.856,132.841,132.856,5
2020-02-26 14:08:00,132.841,132.872,132.825,132.864,18
2020-02-26 14:09:00,132.825,132.841,132.825,132.832,24
2020-02-26 14:10:00,132.825,132.841,132.81,132.841,20
2020-02-26 14:11:00,132.81,132.841,132.81,132.841,6
2020-02-26 14:12:00,132.825,132.825,132.794,132.794,12
2020-02-26 14:13:00,132.841,132.841,132.825,132.841,11
2020-02-26 14:14:00,132.841,132.841,132.825,132.825,2
2020-02-26 14:15:00,132.825,132.841,132.81,132.825,14
2020-02-26 14:16:00,132.825,132.841,132.825,132.841,12
2020-02-26 14:17:00,132.825,132.825,132.794,132.81,40
2020-02-26 14:18:00,132.81,132.825,132.81,132.81,5
2020-02-26 14:19:00,132.825,132.841,132.81,132.825,6
2020-02-26 14:20:00,132.841,132.841,132.825,132.841,21
2020-02-26 14:21:00,132.81,132.841,132.81,132.825,14
2020-02-26 14:22:00,132.794,132.81,132.794,132.794,5
2020-02-26 14:23:00,132.81,132.81,132.802,132.802,2
2020-02-26 14:24:00,132.794,132.81,132.794,132.794,7
2020-02-26 14:25:00,132.778,132.778,132.778,132.778,1
2020-02-26 14:26:00,132.794,132.794,132.763,132.763,6
2020-02-26 14:27:00,132.778,132.794,132.763,132.786,20
2020-02-26 14:28:00,132.794,132.794,132.763,132.763,7
2020-02-26 14:29:00,132.794,132.794,132.778,132.778,9
2020-02-26 14:30:00,132.778,132.81,132.778,132.81,69
2020-02-26 14:31:00,132.81,132.825,132.778,132.794,32
2020-02-26 14:32:00,132.794,132.81,132.794,132.794,32
2020-02-26 14:33:00,132.81,132.81,132.763,132.778,19
2020-02-26 14:34:00,132.825,132.841,132.794,132.794,15
2020-02-26 14:35:00,132.825,132.856,132.825,132.841,24
2020-02-26 14:36:00,132.794,132.825,132.794,132.81,24
2020-02-26 14:37:00,132.794,132.81,132.794,132.81,12
2020-02-26 14:38:00,132.778,132.81,132.778,132.81,3
2020-02-26 14:39:00,132.747,132.778,132.747,132.763,20
2020-02-26 14:40:00,132.716,132.763,132.716,132.754,18
2020-02-26 14:41:00,132.7,132.716,132.7,132.7,29
2020-02-26 14:42:00,132.7,132.716,132.669,132.708,34
2020-02-26 14:43:00,132.669,132.7,132.669,132.684,4
2020-02-26 14:44:00,132.716,132.716,132.684,132.684,13
2020-02-26 14:45:00,132.747,132.747,132.7,132.7,12
2020-02-26 14:46:00,132.763,132.763,132.731,132.763,21
2020-02-26 14:47:00,132.763,132.778,132.763,132.778,12
2020-02-26 14:48:00,132.778,132.794,132.763,132.778,11
2020-02-26 14:49:00,132.81,132.81,132.778,132.794,17
2020-02-26 14:50:00,132.825,132.825,132.81,132.825,3
2020-02-26 14:51:00,132.856,132.872,132.81,132.81,18
2020-02-26 14:52:00,132.856,132.872,132.856,132.872,10
2020-02-26 14:53:00,132.825,132.856,132.825,132.841,5
2020-02-26 14:54:00,132.81,132.825,132.81,132.81,9
2020-02-26 14:55:00,132.856,132.856,132.81,132.825,12
2020-02-26 14:56:00,132.825,132.856,132.81,132.841,18
2020-02-26 14:57:00,132.856,132.856,132.825,132.841,37
2020-02-26 14:58:00,132.856,132.872,132.856,132.872,30
2020-02-26 14:59:00,132.841,132.848,132.841,132.848,2
2020-02-26 15:00:00,132.856,132.872,132.841,132.856,26
2020-02-26 15:01:00,132.872,132.888,132.856,132.872,14
2020-02-26 15:02:00,132.872,132.888,132.841,132.88,32
2020-02-26 15:03:00,132.872,132.872,132.841,132.856,30
2020-02-26 15:04:00,132.872,132.872,132.856,132.864,5
2020-02-26 15:05:00,132.872,132.872,132.841,132.856,19
2020-02-26 15:06:00,132.888,132.919,132.872,132.888,20
2020-02-26 15:07:00,132.903,132.903,132.872,132.872,23
2020-02-26 15:08:00,132.888,132.903,132.872,132.888,22
2020-02-26 15:09:00,132.856,132.888,132.856,132.872,15
2020-02-26 15:10:00,132.872,132.872,132.841,132.841,23
2020-02-26 15:11:00,132.903,132.903,132.872,132.888,10
2020-02-26 15:12:00,132.872,132.888,132.856,132.888,6
2020-02-26 15:13:00,132.856,132.872,132.856,132.856,26
2020-02-26 15:14:00,132.81,132.856,132.81,132.841,31
2020-02-26 15:15:00,132.81,132.825,132.794,132.794,6
2020-02-26 15:16:00,132.794,132.81,132.778,132.794,13
2020-02-26 15:17:00,132.778,132.794,132.778,132.778,18
2020-02-26 15:18:00,132.794,132.794,132.786,132.786,2
2020-02-26 15:19:00,132.794,132.81,132.778,132.778,24
2020-02-26 15:20:00,132.794,132.81,132.794,132.81,14
2020-02-26 15:21:00,132.81,132.81,132.794,132.81,8
2020-02-26 15:22:00,132.841,132.841,132.81,132.825,15
2020-02-26 15:23:00,132.872,132.888,132.841,132.856,34
2020-02-26 15:24:00,132.888,132.888,132.856,132.856,7
2020-02-26 15:25:00,132.903,132.903,132.872,132.872,14
2020-02-26 15:26:00,132.872,132.919,132.872,132.912,24
2020-02-26 15:27:00,132.841,132.872,132.841,132.856,32
2020-02-26 15:28:00,132.856,132.872,132.841,132.856,7
2020-02-26 15:29:00,132.872,132.888,132.856,132.872,64
2020-02-26 15:30:00,132.872,132.888,132.841,132.856,13
2020-02-26 15:31:00,132.888,132.888,132.856,132.856,28
2020-02-26 15:32:00,132.872,132.888,132.856,132.88,36
2020-02-26 15:33:00,132.856,132.872,132.856,132.856,14
2020-02-26 15:34:00,132.872,132.872,132.856,132.872,8
2020-02-26 15:35:00,132.872,132.888,132.856,132.888,22
2020-02-26 15:36:00,132.872,132.872,132.856,132.856,8
2020-02-26 15:37:00,132.872,132.888,132.872,132.888,11
2020-02-26 15:38:00,132.888,132.903,132.856,132.856,27
2020-02-26 15:39:00,132.919,132.919,132.896,132.896,31
2020-02-26 15:40:00,132.919,132.919,132.903,132.903,22
2020-02-26 15:41:00,132.888,132.919,132.888,132.903,29
2020-02-26 15:42:00,132.919,132.919,132.888,132.903,4
2020-02-26 15:43:00,132.872,132.903,132.872,132.903,5
2020-02-26 15:44:00,132.888,132.888,132.856,132.856,35
2020-02-26 15:45:00,132.903,132.903,132.872,132.872,14
2020-02-26 15:47:00,132.919,132.919,132.888,132.888,8
2020-02-26 15:48:00,132.919,132.919,132.903,132.903,24
2020-02-26 15:49:00,132.903,132.912,132.903,132.912,2
2020-02-26 15:50:00,132.888,132.919,132.888,132.919,22
2020-02-26 15:51:00,132.856,132.872,132.856,132.872,7
2020-02-26 15:52:00,132.872,132.888,132.856,132.872,13
2020-02-26 15:53:00,132.872,132.888,132.872,132.888,11
2020-02-26 15:54:00,132.888,132.888,132.872,132.888,3
2020-02-26 15:55:00,132.888,132.888,132.841,132.872,13
2020-02-26 15:57:00,132.903,132.903,132.888,132.903,3
2020-02-26 15:58:00,132.903,132.919,132.903,132.912,7
2020-02-26 15:59:00,132.95,132.95,132.903,132.919,14
2020-02-26 16:00:00,132.935,132.95,132.935,132.935,6
2020-02-26 16:01:00,132.935,132.935,132.919,132.919,4
2020-02-26 16:02:00,132.903,132.935,132.903,132.919,10
2020-02-26 16:03:00,132.919,132.919,132.903,132.919,7
2020-02-26 16:04:00,132.919,132.919,132.903,132.912,8
2020-02-26 16:05:00,132.942,132.95,132.919,132.935,17
2020-02-26 16:06:00,132.966,132.966,132.935,132.935,4
2020-02-26 16:07:00,132.966,132.966,132.95,132.95,9
2020-02-26 16:08:00,132.981,132.981,132.966,132.981,27
2020-02-26 16:09:00,132.981,132.981,132.966,132.974,9
2020-02-26 16:10:00,132.981,132.997,132.981,132.997,6
2020-02-26 16:11:00,133.013,133.013,132.981,132.997,9
2020-02-26 16:12:00,132.997,133.013,132.981,132.997,20
2020-02-26 16:13:00,132.981,132.981,132.981,132.981,1
2020-02-26 16:14:00,132.981,132.997,132.966,132.966,9
2020-02-26 16:15:00,132.95,132.966,132.95,132.966,10
2020-02-26 16:16:00,132.95,132.966,132.935,132.966,14
2020-02-26 16:17:00,132.95,132.95,132.935,132.935,15
2020-02-26 16:18:00,132.935,132.95,132.935,132.935,9
2020-02-26 16:20:00,132.919,132.935,132.919,132.919,14
2020-02-26 16:21:00,132.935,132.935,132.935,132.935,1
2020-02-26 16:22:00,132.935,132.935,132.919,132.919,4
2020-02-26 16:23:00,132.919,132.919,132.903,132.919,3
2020-02-26 16:24:00,132.919,132.935,132.919,132.935,6
2020-02-26 16:25:00,132.919,132.935,132.919,132.935,5
2020-02-26 16:26:00,132.935,132.95,132.919,132.926,8
2020-02-26 16:28:00,132.919,132.935,132.919,132.919,6
2020-02-26 16:29:00,132.919,132.935,132.919,132.935,2
2020-02-26 16:30:00,132.903,132.919,132.903,132.903,8
2020-02-26 16:31:00,132.919,132.935,132.903,132.919,25
2020-02-26 16:32:00,132.935,132.935,132.903,132.903,9
2020-02-26 16:33:00,132.95,132.95,132.95,132.95,1
2020-02-26 16:34:00,132.935,132.95,132.935,132.935,5
2020-02-26 16:35:00,132.966,132.966,132.95,132.95,10
2020-02-26 16:36:00,132.966,132.966,132.95,132.95,7
2020-02-26 16:37:00,132.981,132.981,132.966,132.981,16
2020-02-26 16:38:00,132.981,132.981,132.966,132.966,10
2020-02-26 16:39:00,132.966,132.981,132.966,132.966,8
2020-02-26 16:40:00,132.966,132.981,132.966,132.981,7
2020-02-26 16:41:00,132.997,132.997,132.981,132.981,13
2020-02-26 16:42:00,132.981,132.981,132.981,132.981,1
2020-02-26 16:43:00,132.981,132.997,132.981,132.997,13
2020-02-26 16:45:00,132.981,132.997,132.981,132.997,18
2020-02-26 16:46:00,132.997,132.997,132.981,132.997,9
2020-02-26 16:47:00,132.997,132.997,132.981,132.981,5
2020-02-26 16:48:00,132.981,132.997,132.981,132.981,13
2020-02-26 16:49:00,132.997,132.997,132.981,132.997,12
2020-02-26 16:50:00,133.013,133.028,132.997,133.013,9
2020-02-26 16:51:00,133.013,133.028,132.997,132.997,8
2020-02-26 16:52:00,133.028,133.044,133.013,133.028,17
2020-02-26 16:53:00,133.06,133.06,133.028,133.036,9
2020-02-26 16:54:00,133.06,133.06,133.044,133.044,20
2020-02-26 16:55:00,133.106,133.106,133.06,133.075,38
2020-02-26 16:56:00,133.091,133.091,133.075,133.091,8
2020-02-26 16:57:00,133.06,133.091,133.06,133.075,13
2020-02-26 16:58:00,133.075,133.075,133.06,133.075,11
2020-02-26 16:59:00,133.075,133.091,133.06,133.091,9
2020-02-26 17:00:00,133.06,133.091,133.06,133.091,20
2020-02-26 17:01:00,133.106,133.122,133.06,133.075,72
2020-02-26 17:02:00,133.106,133.122,133.091,133.091,20
2020-02-26 17:03:00,133.138,133.138,133.106,133.122,23
2020-02-26 17:04:00,133.153,133.153,133.106,133.122,19
2020-02-26 17:05:00,133.138,133.153,133.138,133.138,6
2020-02-26 17:06:00,133.153,133.153,133.138,133.153,3
2020-02-26 17:07:00,133.153,133.153,133.122,133.138,20
2020-02-26 17:08:00,133.169,133.169,133.153,133.169,28
2020-02-26 17:09:00,133.138,133.169,133.106,133.153,35
2020-02-26 17:10:00,133.122,133.138,133.106,133.122,21
2020-02-26 17:11:00,133.106,133.122,133.106,133.106,21
2020-02-26 17:12:00,133.138,133.138,133.106,133.122,11
2020-02-26 17:13:00,133.122,133.122,133.106,133.122,9
2020-02-26 17:14:00,133.153,133.153,133.122,133.138,10
2020-02-26 17:15:00,133.169,133.169,133.153,133.169,25
2020-02-26 17:16:00,133.169,133.169,133.153,133.153,10
2020-02-26 17:17:00,133.185,133.185,133.153,133.153,15
2020-02-26 17:18:00,133.185,133.2,133.185,133.192,3
2020-02-26 17:19:00,133.138,133.185,133.122,133.169,26
2020-02-26 17:20:00,133.106,133.122,133.106,133.122,12
2020-02-26 17:21:00,133.122,133.138,133.106,133.122,29
2020-02-26 17:22:00,133.138,133.138,133.122,133.138,16
2020-02-26 17:23:00,133.106,133.138,133.106,133.122,17
2020-02-26 17:24:00,133.106,133.122,133.106,133.114,22
2020-02-26 17:25:00,133.122,133.122,133.106,133.122,12
2020-02-26 17:26:00,133.106,133.122,133.091,133.106,10
2020-02-26 17:27:00,133.122,133.138,133.106,133.122,13
2020-02-26 17:28:00,133.122,133.138,133.122,133.13,19
2020-02-26 17:29:00,133.122,133.122,133.106,133.106,21
2020-02-26 17:30:00,133.091,133.106,133.075,133.106,45
2020-02-26 17:31:00,133.075,133.091,133.06,133.075,18
2020-02-26 17:32:00,133.075,133.075,133.06,133.06,13
2020-02-26 17:33:00,133.091,133.091,133.075,133.084,9
2020-02-26 17:34:00,133.091,133.091,133.075,133.075,51
2020-02-26 17:35:00,133.091,133.091,133.075,133.084,28
2020-02-26 17:36:00,133.122,133.122,133.091,133.106,33
2020-02-26 17:37:00,133.106,133.122,133.106,133.114,5
2020-02-26 17:38:00,133.138,133.138,133.106,133.122,6
2020-02-26 17:39:00,133.138,133.153,133.122,133.122,4
2020-02-26 17:40:00,133.153,133.169,133.138,133.153,37
2020-02-26 17:41:00,133.138,133.153,133.122,133.138,12
2020-02-26 17:43:00,133.138,133.138,133.122,133.122,2
2020-02-26 17:44:00,133.138,133.138,133.122,133.122,10
2020-02-26 17:45:00,133.106,133.122,133.106,133.122,2
2020-02-26 17:46:00,133.106,133.122,133.106,133.122,4
2020-02-26 17:47:00,133.091,133.122,133.091,133.122,25
2020-02-26 17:48:00,133.122,133.122,133.091,133.106,4
2020-02-26 17:49:00,133.122,133.122,133.106,133.114,37
2020-02-26 17:50:00,133.122,133.122,133.106,133.106,25
2020-02-26 17:51:00,133.122,133.122,133.106,133.106,6
2020-02-26 17:52:00,133.122,133.122,133.106,133.106,14
2020-02-26 17:54:00,133.106,133.122,133.106,133.106,20
2020-02-26 17:55:00,133.106,133.138,133.106,133.122,20
2020-02-26 17:56:00,133.122,133.122,133.106,133.122,11
2020-02-26 17:58:00,133.106,133.122,133.106,133.106,3
2020-02-26 17:59:00,133.091,133.091,133.091,133.091,1
2020-02-26 18:00:00,133.084,133.091,133.075,133.075,17
2020-02-26 18:01:00,133.075,133.091,133.075,133.091,32
2020-02-26 18:02:00,133.06,133.075,133.06,133.06,5
2020-02-26 18:03:00,133.075,133.075,133.044,133.052,4
2020-02-26 18:04:00,133.075,133.075,133.06,133.06,3
2020-02-26 18:05:00,133.075,133.075,133.06,133.06,14
2020-02-26 18:08:00,133.091,133.091,133.06,133.06,9
2020-02-26 18:09:00,133.106,133.106,133.106,133.106,1
2020-02-26 18:10:00,133.075,133.091,133.075,133.091,13
2020-02-26 18:11:00,133.091,133.091,133.075,133.091,5
2020-02-26 18:12:00,133.091,133.106,133.091,133.106,2
2020-02-26 18:13:00,133.106,133.106,133.091,133.106,9
2020-02-26 18:14:00,133.091,133.106,133.091,133.098,12
2020-02-26 18:15:00,133.075,133.075,133.075,133.075,1
2020-02-26 18:17:00,133.106,133.106,133.075,133.091,13
2020-02-26 18:18:00,133.106,133.106,133.091,133.091,5
2020-02-26 18:19:00,133.091,133.106,133.091,133.091,5
2020-02-26 18:20:00,133.075,133.091,133.075,133.075,8
2020-02-26 18:21:00,133.091,133.091,133.075,133.091,5
2020-02-26 18:23:00,133.091,133.091,133.075,133.075,13
2020-02-26 18:24:00,133.075,133.091,133.075,133.075,5
2020-02-26 18:25:00,133.091,133.091,133.091,133.091,1
2020-02-26 18:26:00,133.06,133.075,133.044,133.075,26
2020-02-26 18:27:00,133.075,133.075,133.044,133.044,15
2020-02-26 18:28:00,133.06,133.075,133.06,133.06,10
2020-02-26 18:29:00,133.06,133.075,133.06,133.075,6
2020-02-26 18:30:00,133.091,133.091,133.06,133.075,22
2020-02-26 18:31:00,133.106,133.122,133.075,133.075,17
2020-02-26 18:32:00,133.106,133.122,133.106,133.122,4
2020-02-26 18:33:00,133.138,133.138,133.122,133.122,2
2020-02-26 18:34:00,133.185,133.185,133.138,133.153,19
2020-02-26 18:35:00,133.2,133.2,133.169,133.176,30
2020-02-26 18:36:00,133.263,133.263,133.216,133.216,8
2020-02-26 18:37:00,133.247,133.263,133.231,133.247,41
2020-02-26 18:38:00,133.231,133.247,133.216,133.231,35
2020-02-26 18:39:00,133.263,133.278,133.231,133.247,24
2020-02-26 18:40:00,133.278,133.294,133.263,133.278,50
2020-02-26 18:41:00,133.247,133.294,133.247,133.263,43
2020-02-26 18:42:00,133.231,133.247,133.231,133.24,38
2020-02-26 18:43:00,133.247,133.247,133.231,133.247,12
2020-02-26 18:44:00,133.278,133.294,133.263,133.263,32
2020-02-26 18:45:00,133.231,133.278,133.216,133.263,16
2020-02-26 18:46:00,133.216,133.247,133.2,133.247,46
2020-02-26 18:47:00,133.231,133.231,133.2,133.2,11
2020-02-26 18:48:00,133.185,133.231,133.185,133.216,72
2020-02-26 18:49:00,133.169,133.185,133.138,133.169,103
2020-02-26 18:50:00,133.169,133.2,133.169,133.185,53
2020-02-26 18:51:00,133.169,133.185,133.153,133.185,24
2020-02-26 18:52:00,133.185,133.2,133.153,133.153,38
2020-02-26 18:53:00,133.2,133.2,133.169,133.169,18
2020-02-26 18:54:00,133.2,133.2,133.169,133.185,20
2020-02-26 18:55:00,133.216,133.231,133.185,133.185,37
2020-02-26 18:56:00,133.231,133.231,133.2,133.231,13
2020-02-26 18:57:00,133.216,133.231,133.2,133.216,45
2020-02-26 18:58:00,133.247,133.247,133.2,133.2,15
2020-02-26 18:59:00,133.247,133.247,133.231,133.231,16
2020-02-26 19:00:00,133.247,133.247,133.2,133.231,51
2020-02-26 19:01:00,133.216,133.247,133.216,133.231,64
2020-02-26 19:02:00,133.231,133.231,133.216,133.231,50
2020-02-26 19:03:00,133.247,133.263,133.231,133.247,34
2020-02-26 19:04:00,133.278,133.278,133.263,133.263,29
2020-02-26 19:05:00,133.247,133.278,133.247,133.263,51
2020-02-26 19:06:00,133.247,133.263,133.24,133.263,33
2020-02-26 19:07:00,133.247,133.263,133.231,133.254,18
2020-02-26 19:08:00,133.263,133.263,133.247,133.254,33
2020-02-26 19:09:00,133.294,133.294,133.247,133.254,14
2020-02-26 19:10:00,133.263,133.294,133.263,133.278,9
2020-02-26 19:11:00,133.247,133.263,133.231,133.254,36
2020-02-26 19:12:00,133.263,133.263,133.247,133.263,26
2020-02-26 19:13:00,133.263,133.263,133.247,133.247,26
2020-02-26 19:14:00,133.263,133.278,133.263,133.278,8
2020-02-26 19:15:00,133.278,133.278,133.247,133.247,8
2020-02-26 19:16:00,133.278,133.294,133.263,133.263,13
2020-02-26 19:17:00,133.31,133.31,133.278,133.294,6
2020-02-26 19:18:00,133.294,133.31,133.294,133.294,9
2020-02-26 19:19:00,133.278,133.294,133.278,133.278,22
2020-02-26 19:20:00,133.294,133.31,133.278,133.294,15
2020-02-26 19:21:00,133.278,133.294,133.278,133.278,7
2020-02-26 19:22:00,133.278,133.294,133.278,133.286,13
2020-02-26 19:23:00,133.294,133.294,133.278,133.294,16
2020-02-26 19:24:00,133.278,133.294,133.278,133.278,25
2020-02-26 19:25:00,133.247,133.263,133.231,133.263,10
2020-02-26 19:26:00,133.263,133.263,133.247,133.263,13
2020-02-26 19:27:00,133.278,133.294,133.247,133.247,23
2020-02-26 19:28:00,133.263,133.278,133.263,133.263,12
2020-02-26 19:29:00,133.294,133.294,133.27,133.27,9
2020-02-26 19:30:00,133.31,133.325,133.294,133.31,5
2020-02-26 19:31:00,133.278,133.325,133.278,133.325,32
2020-02-26 19:32:00,133.278,133.294,133.263,133.263,18
2020-02-26 19:33:00,133.263,133.278,133.231,133.263,15
2020-02-26 19:34:00,133.263,133.278,133.263,133.278,32
2020-02-26 19:35:00,133.247,133.263,133.247,133.247,16
2020-02-26 19:36:00,133.216,133.231,133.216,133.231,6
2020-02-26 19:37:00,133.231,133.231,133.216,133.231,3
2020-02-26 19:38:00,133.247,133.247,133.216,133.216,10
2020-02-26 19:39:00,133.247,133.247,133.231,133.231,8
2020-02-26 19:40:00,133.263,133.263,133.263,133.263,1
2020-02-26 19:41:00,133.294,133.294,133.278,133.278,7
2020-02-26 19:42:00,133.31,133.325,133.294,133.31,15
2020-02-26 19:43:00,133.341,133.341,133.31,133.325,19
2020-02-26 19:44:00,133.325,133.341,133.325,133.334,6
2020-02-26 19:45:00,133.31,133.325,133.294,133.31,14
2020-02-26 19:46:00,133.325,133.325,133.325,133.325,1
2020-02-26 19:47:00,133.341,133.357,133.325,133.334,20
2020-02-26 19:48:00,133.31,133.341,133.31,133.325,23
2020-02-26 19:49:00,133.31,133.325,133.294,133.325,34
2020-02-26 19:50:00,133.325,133.325,133.31,133.325,26
2020-02-26 19:51:00,133.325,133.325,133.31,133.31,24
2020-02-26 19:52:00,133.341,133.341,133.31,133.31,14
2020-02-26 19:53:00,133.372,133.372,133.341,133.357,27
2020-02-26 19:54:00,133.325,133.372,133.325,133.357,50
2020-02-26 19:55:00,133.325,133.341,133.294,133.341,29
2020-02-26 19:56:00,133.31,133.325,133.31,133.31,20
2020-02-26 19:57:00,133.31,133.325,133.31,133.325,8
2020-02-26 19:58:00,133.294,133.31,133.294,133.302,21
2020-02-26 19:59:00,133.294,133.31,133.278,133.31,33
2020-02-26 20:00:00,133.247,133.278,133.231,133.278,16
2020-02-26 20:01:00,133.247,133.263,133.231,133.263,17
2020-02-26 20:02:00,133.231,133.247,133.231,133.231,12
2020-02-26 20:03:00,133.216,133.247,133.216,133.24,12
2020-02-26 20:04:00,133.231,133.231,133.2,133.208,16
2020-02-26 20:05:00,133.247,133.247,133.231,133.247,9
2020-02-26 20:06:00,133.247,133.263,133.247,133.263,14
2020-02-26 20:07:00,133.247,133.263,133.247,133.263,12
2020-02-26 20:08:00,133.231,133.231,133.216,133.231,9
2020-02-26 20:09:00,133.185,133.216,133.169,133.216,8
2020-02-26 20:10:00,133.169,133.185,133.169,133.169,16
2020-02-26 20:11:00,133.153,133.185,133.153,133.185,12
2020-02-26 20:12:00,133.106,133.169,133.106,133.169,42
2020-02-26 20:13:00,133.138,133.138,133.106,133.114,21
2020-02-26 20:14:00,133.122,133.138,133.106,133.122,18
2020-02-26 20:15:00,133.106,133.122,133.106,133.106,8
2020-02-26 20:16:00,133.122,133.122,133.106,133.122,15
2020-02-26 20:17:00,133.106,133.138,133.091,133.138,7
2020-02-26 20:18:00,133.091,133.106,133.091,133.098,8
2020-02-26 20:19:00,133.091,133.106,133.075,133.106,12
2020-02-26 20:20:00,133.106,133.106,133.091,133.106,4
2020-02-26 20:21:00,133.122,133.138,133.106,133.122,15
2020-02-26 20:22:00,133.106,133.122,133.106,133.114,17
2020-02-26 20:23:00,133.122,133.122,133.091,133.122,12
2020-02-26 20:24:00,133.106,133.122,133.106,133.106,6
2020-02-26 20:25:00,133.138,133.138,133.122,133.122,8
2020-02-26 20:26:00,133.138,133.153,133.122,133.122,22
2020-02-26 20:27:00,133.138,133.153,133.122,133.146,13
2020-02-26 20:28:00,133.138,133.138,133.122,133.13,26
2020-02-26 20:29:00,133.138,133.138,133.122,133.122,17
2020-02-26 20:30:00,133.122,133.138,133.122,133.122,5
2020-02-26 20:31:00,133.106,133.138,133.106,133.138,14
2020-02-26 20:32:00,133.091,133.106,133.075,133.091,14
2020-02-26 20:33:00,133.106,133.106,133.075,133.082,18
2020-02-26 20:34:00,133.106,133.122,133.106,133.122,4
2020-02-26 20:35:00,133.075,133.106,133.075,133.091,5
2020-02-26 20:36:00,133.06,133.091,133.06,133.091,6
2020-02-26 20:38:00,133.06,133.075,133.06,133.075,12
2020-02-26 20:39:00,133.044,133.044,133.044,133.044,1
2020-02-26 20:40:00,133.044,133.06,133.044,133.06,3
2020-02-26 20:41:00,133.044,133.06,133.044,133.06,4
2020-02-26 20:42:00,133.044,133.06,133.028,133.036,19
2020-02-26 20:43:00,133.06,133.075,133.06,133.06,3
2020-02-26 20:44:00,133.044,133.06,133.044,133.044,3
2020-02-26 20:45:00,133.06,133.06,133.052,133.052,2
2020-02-26 20:46:00,133.06,133.06,133.044,133.044,2
2020-02-26 20:47:00,133.075,133.075,133.044,133.044,6
2020-02-26 20:48:00,133.075,133.091,133.06,133.06,12
2020-02-26 20:49:00,133.075,133.091,133.075,133.091,3
2020-02-26 20:50:00,133.06,133.091,133.044,133.091,11
2020-02-26 20:51:00,133.06,133.075,133.06,133.075,2
2020-02-26 20:52:00,133.06,133.06,133.044,133.044,4
2020-02-26 20:53:00,133.075,133.075,133.06,133.075,3
2020-02-26 20:54:00,133.06,133.075,133.044,133.06,11
2020-02-26 20:55:00,133.044,133.044,133.028,133.044,6
2020-02-26 20:56:00,133.044,133.044,133.028,133.028,3
2020-02-26 20:57:00,133.028,133.028,133.013,133.028,3
2020-02-26 20:58:00,133.013,133.028,133.013,133.013,9
2020-02-26 20:59:00,132.981,132.997,132.981,132.997,34
2020-02-26 21:00:00,132.997,133.013,132.997,132.997,35
2020-02-26 21:01:00,132.966,132.997,132.966,132.981,17
2020-02-26 21:02:00,132.966,132.966,132.95,132.95,4
2020-02-26 21:03:00,132.966,132.966,132.95,132.95,2
2020-02-26 21:04:00,132.966,132.981,132.966,132.981,2
2020-02-26 21:05:00,132.966,132.997,132.966,132.981,10
2020-02-26 21:06:00,132.981,132.981,132.981,132.981,1
2020-02-26 21:07:00,133.013,133.013,132.997,132.997,3
2020-02-26 21:08:00,133.013,133.028,133.013,133.02,3
2020-02-26 21:09:00,133.028,133.028,133.028,133.028,1
2020-02-26 21:10:00,133.06,133.075,133.028,133.044,7
2020-02-26 21:11:00,133.075,133.075,133.06,133.075,6
2020-02-26 21:12:00,133.06,133.075,133.06,133.068,66
2020-02-26 21:13:00,133.06,133.075,133.044,133.075,8
2020-02-26 21:14:00,133.06,133.06,133.044,133.052,4
2020-02-26 21:15:00,133.075,133.075,133.068,133.068,2
2020-02-26 21:16:00,133.06,133.06,133.06,133.06,1
2020-02-26 21:17:00,133.06,133.06,133.044,133.044,3
2020-02-26 21:18:00,133.075,133.075,133.028,133.044,32
2020-02-26 21:19:00,133.044,133.075,133.044,133.06,8
2020-02-26 21:20:00,133.06,133.075,133.06,133.06,6
2020-02-26 21:21:00,133.075,133.075,133.06,133.068,4
2020-02-26 21:23:00,133.091,133.106,133.082,133.082,22
2020-02-26 21:24:00,133.075,133.082,133.075,133.075,3
2020-02-26 21:26:00,133.059,133.075,133.059,133.059,5
2020-02-26 21:27:00,133.059,133.075,133.059,133.075,17
2020-02-26 21:28:00,133.059,133.075,133.059,133.068,5
2020-02-26 21:29:00,133.075,133.075,133.059,133.075,8
2020-02-26 21:30:00,133.075,133.091,133.059,133.059,4
2020-02-26 21:31:00,133.059,133.068,133.059,133.068,2
2020-02-26 21:32:00,133.028,133.044,133.013,133.044,6
2020-02-26 21:33:00,133.028,133.028,133.013,133.013,10
2020-02-26 21:34:00,133.013,133.028,133.013,133.013,5
2020-02-26 21:35:00,132.997,132.997,132.997,132.997,1
2020-02-26 21:36:00,133.013,133.013,133.013,133.013,1
2020-02-26 21:37:00,133.028,133.028,133.013,133.028,23
2020-02-26 21:38:00,133.028,133.028,133.013,133.013,10
2020-02-26 21:41:00,133.044,133.059,133.028,133.036,8
2020-02-26 21:43:00,133.075,133.075,133.059,133.059,6
2020-02-26 21:44:00,133.059,133.075,133.059,133.059,3
2020-02-26 21:46:00,133.075,133.075,133.059,133.075,4
2020-02-26 21:47:00,133.106,133.106,133.082,133.082,6
2020-02-26 21:48:00,133.091,133.091,133.091,133.091,1
2020-02-26 21:49:00,133.091,133.106,133.075,133.098,11
2020-02-26 21:50:00,133.091,133.106,133.091,133.106,2
2020-02-26 21:51:00,133.091,133.106,133.091,133.098,19
2020-02-26 21:52:00,133.106,133.106,133.091,133.098,3
2020-02-26 21:53:00,133.075,133.106,133.075,133.091,10
2020-02-26 21:54:00,133.091,133.106,133.082,133.082,5
2020-02-26 21:56:00,133.106,133.106,133.091,133.098,26
2020-02-26 21:58:00,133.091,133.091,133.091,133.091,1
2020-02-26 21:59:00,133.091,133.091,133.091,133.091,1
2020-02-26 23:00:00,133.106,133.106,132.997,133.091,20
2020-02-26 23:01:00,133.075,133.106,133.059,133.091,16
2020-02-26 23:02:00,133.059,133.075,133.044,133.059,9
2020-02-26 23:03:00,133.044,133.059,133.044,133.052,11
2020-02-26 23:04:00,133.044,133.044,133.028,133.028,14
2020-02-26 23:05:00,133.059,133.059,133.028,133.036,21
2020-02-26 23:06:00,133.059,133.075,133.044,133.075,17
2020-02-26 23:08:00,133.028,133.052,133.013,133.044,6
2020-02-26 23:09:00,132.981,133.013,132.981,133.013,9
2020-02-26 23:10:00,132.981,133.013,132.981,132.997,9
2020-02-26 23:11:00,132.997,132.997,132.981,132.997,3
2020-02-26 23:12:00,133.013,133.013,132.981,132.981,8
2020-02-26 23:13:00,132.997,133.013,132.997,132.997,3
2020-02-26 23:14:00,132.997,133.013,132.997,133.013,2
2020-02-26 23:15:00,133.013,133.013,132.997,133.013,4
2020-02-26 23:16:00,133.013,133.013,132.997,133.004,4
2020-02-26 23:17:00,133.028,133.028,133.013,133.028,3
2020-02-26 23:18:00,133.044,133.044,133.044,133.044,1
2020-02-26 23:20:00,133.044,133.059,133.044,133.052,3
2020-02-26 23:21:00,133.044,133.059,133.044,133.052,13
2020-02-26 23:23:00,133.044,133.044,133.028,133.028,6
2020-02-26 23:24:00,133.044,133.059,133.044,133.059,2
2020-02-26 23:25:00,133.059,133.059,133.044,133.059,5
2020-02-26 23:27:00,133.059,133.059,133.044,133.052,5
2020-02-26 23:28:00,133.044,133.044,133.028,133.044,7
2020-02-26 23:30:00,133.044,133.059,133.044,133.059,3
2020-02-26 23:31:00,133.044,133.044,133.028,133.028,4
2020-02-26 23:32:00,133.028,133.044,133.028,133.028,4
2020-02-26 23:34:00,133.044,133.044,133.044,133.044,1
2020-02-26 23:35:00,133.044,133.059,133.044,133.059,2
2020-02-26 23:36:00,133.044,133.059,133.044,133.052,3
2020-02-26 23:37:00,133.059,133.059,133.059,133.059,1
2020-02-26 23:38:00,133.059,133.059,133.044,133.044,13
2020-02-26 23:39:00,133.059,133.075,133.044,133.052,5
2020-02-26 23:40:00,133.091,133.091,133.059,133.075,16
2020-02-26 23:41:00,133.138,133.138,133.075,133.075,14
2020-02-26 23:42:00,133.122,133.185,133.106,133.153,24
2020-02-26 23:43:00,133.122,133.153,133.122,133.138,10
2020-02-26 23:44:00,133.091,133.106,133.091,133.106,2
2020-02-26 23:45:00,133.091,133.106,133.044,133.075,49
2020-02-26 23:46:00,133.091,133.106,133.059,133.098,16
2020-02-26 23:47:00,133.106,133.106,133.075,133.075,11
2020-02-26 23:48:00,133.122,133.122,133.106,133.122,12
2020-02-26 23:49:00,133.153,133.185,133.106,133.114,19
2020-02-26 23:50:00,133.169,133.169,133.138,133.146,35
2020-02-26 23:51:00,133.153,133.185,133.153,133.185,5
2020-02-26 23:52:00,133.2,133.2,133.153,133.169,6
2020-02-26 23:53:00,133.2,133.231,133.2,133.216,23
2020-02-26 23:54:00,133.2,133.216,133.185,133.185,15
2020-02-26 23:55:00,133.2,133.2,133.185,133.185,4
2020-02-26 23:56:00,133.2,133.216,133.2,133.216,2
2020-02-26 23:57:00,133.169,133.2,133.122,133.185,35
2020-02-26 23:58:00,133.153,133.169,133.138,133.153,25
2020-02-26 23:59:00,133.138,133.153,133.138,133.138,15
2020-02-27 00:00:00,133.138,133.169,133.122,133.122,47
2020-02-27 00:01:00,133.153,133.153,133.138,133.153,25
2020-02-27 00:02:00,133.2,133.2,133.169,133.169,24
2020-02-27 00:03:00,133.247,133.247,133.216,133.216,8
2020-02-27 00:04:00,133.247,133.247,133.216,133.231,24
2020-02-27 00:05:00,133.294,133.31,133.231,133.231,25
2020-02-27 00:06:00,133.31,133.325,133.294,133.31,65
2020-02-27 00:07:00,133.294,133.325,133.278,133.294,13
2020-02-27 00:08:00,133.263,133.294,133.216,133.286,46
2020-02-27 00:09:00,133.278,133.286,133.247,133.247,20
2020-02-27 00:10:00,133.263,133.294,133.263,133.286,12
2020-02-27 00:11:00,133.231,133.263,133.216,133.247,22
2020-02-27 00:12:00,133.216,133.247,133.2,133.216,23
2020-02-27 00:13:00,133.2,133.231,133.2,133.2,13
2020-02-27 00:14:00,133.169,133.216,133.153,133.216,25
2020-02-27 00:15:00,133.169,133.169,133.138,133.153,18
2020-02-27 00:16:00,133.153,133.153,133.138,133.153,18
2020-02-27 00:17:00,133.184,133.2,133.169,133.169,21
2020-02-27 00:18:00,133.184,133.192,133.169,133.169,7
2020-02-27 00:19:00,133.2,133.216,133.169,133.169,12
2020-02-27 00:20:00,133.216,133.231,133.2,133.216,12
2020-02-27 00:21:00,133.2,133.216,133.184,133.2,17
2020-02-27 00:22:00,133.184,133.216,133.184,133.216,9
2020-02-27 00:23:00,133.2,133.216,133.169,133.2,32
2020-02-27 00:24:00,133.169,133.184,133.169,133.184,22
2020-02-27 00:25:00,133.184,133.184,133.184,133.184,1
2020-02-27 00:26:00,133.153,133.176,133.153,133.176,3
2020-02-27 00:27:00,133.169,133.184,133.153,133.169,13
2020-02-27 00:28:00,133.169,133.184,133.169,133.184,4
2020-02-27 00:29:00,133.2,133.2,133.169,133.184,15
2020-02-27 00:30:00,133.2,133.231,133.184,133.208,19
2020-02-27 00:31:00,133.138,133.2,133.138,133.192,24
2020-02-27 00:32:00,133.122,133.153,133.106,133.13,22
2020-02-27 00:33:00,133.122,133.138,133.106,133.106,10
2020-02-27 00:34:00,133.122,133.122,133.106,133.114,9
2020-02-27 00:35:00,133.122,133.122,133.106,133.106,5
2020-02-27 00:36:00,133.138,133.138,133.091,133.106,16
2020-02-27 00:37:00,133.122,133.138,133.106,133.122,9
2020-02-27 00:38:00,133.153,133.153,133.122,133.138,4
2020-02-27 00:39:00,133.138,133.169,133.138,133.169,23
2020-02-27 00:40:00,133.138,133.138,133.106,133.13,14
2020-02-27 00:41:00,133.153,133.153,133.138,133.153,5
2020-02-27 00:42:00,133.153,133.162,133.153,133.162,2
2020-02-27 00:43:00,133.153,133.169,133.153,133.169,3
2020-02-27 00:44:00,133.138,133.153,133.138,133.138,5
2020-02-27 00:45:00,133.153,133.153,133.138,133.146,5
2020-02-27 00:46:00,133.153,133.169,133.153,133.169,17
2020-02-27 00:47:00,133.184,133.2,133.153,133.169,27
2020-02-27 00:48:00,133.153,133.216,133.153,133.2,24
2020-02-27 00:49:00,133.153,133.169,133.153,133.169,15
2020-02-27 00:50:00,133.184,133.184,133.169,133.169,5
2020-02-27 00:51:00,133.169,133.169,133.153,133.169,13
2020-02-27 00:52:00,133.169,133.184,133.169,133.184,3
2020-02-27 00:53:00,133.169,133.184,133.169,133.184,2
2020-02-27 00:54:00,133.169,133.184,133.169,133.184,4
2020-02-27 00:55:00,133.169,133.169,133.153,133.153,2
2020-02-27 00:56:00,133.169,133.184,133.169,133.184,12
2020-02-27 00:57:00,133.184,133.2,133.169,133.184,23
2020-02-27 00:58:00,133.138,133.176,133.138,133.176,18
2020-02-27 00:59:00,133.169,133.169,133.138,133.153,12
2020-02-27 01:00:00,133.138,133.184,133.138,133.184,12
2020-02-27 01:01:00,133.153,133.153,133.138,133.153,15
2020-02-27 01:02:00,133.184,133.2,133.138,133.162,46
2020-02-27 01:03:00,133.169,133.184,133.169,133.169,7
2020-02-27 01:04:00,133.216,133.216,133.169,133.176,53
2020-02-27 01:05:00,133.2,133.216,133.184,133.2,43
2020-02-27 01:06:00,133.184,133.2,133.176,133.192,15
2020-02-27 01:07:00,133.2,133.216,133.192,133.192,9
2020-02-27 01:08:00,133.216,133.216,133.184,133.184,14
2020-02-27 01:09:00,133.216,133.231,133.216,133.231,15
2020-02-27 01:10:00,133.247,133.263,133.216,133.224,10
2020-02-27 01:11:00,133.231,133.247,133.216,133.231,39
2020-02-27 01:12:00,133.231,133.231,133.216,133.216,13
2020-02-27 01:13:00,133.216,133.231,133.216,133.224,6
2020-02-27 01:14:00,133.231,133.231,133.216,133.231,7
2020-02-27 01:15:00,133.2,133.231,133.2,133.216,15
2020-02-27 01:16:00,133.216,133.216,133.184,133.184,15
2020-02-27 01:17:00,133.2,133.216,133.184,133.2,12
2020-02-27 01:18:00,133.169,133.2,133.169,133.184,9
2020-02-27 01:19:00,133.184,133.2,133.169,133.184,12
2020-02-27 01:20:00,133.184,133.2,133.169,133.192,5
2020-02-27 01:21:00,133.184,133.184,133.169,133.169,22
2020-02-27 01:22:00,133.169,133.184,133.169,133.169,23
2020-02-27 01:23:00,133.184,133.184,133.169,133.184,3
2020-02-27 01:25:00,133.2,133.2,133.2,133.2,1
2020-02-27 01:26:00,133.184,133.216,133.184,133.216,18
2020-02-27 01:27:00,133.184,133.2,133.184,133.2,7
2020-02-27 01:28:00,133.2,133.231,133.184,133.192,15
2020-02-27 01:29:00,133.216,133.231,133.2,133.216,13
2020-02-27 01:30:00,133.2,133.216,133.2,133.208,7
2020-02-27 01:31:00,133.216,133.231,133.2,133.216,16
2020-02-27 01:32:00,133.231,133.231,133.2,133.2,11
2020-02-27 01:33:00,133.247,133.247,133.247,133.247,1
2020-02-27 01:34:00,133.247,133.247,133.231,133.24,19
2020-02-27 01:35:00,133.247,133.263,133.231,133.231,8
2020-02-27 01:36:00,133.231,133.263,133.231,133.263,24
2020-02-27 01:37:00,133.231,133.247,133.216,133.247,9
2020-02-27 01:38:00,133.247,133.247,133.231,133.247,7
2020-02-27 01:39:00,133.231,133.247,133.231,133.231,10
2020-02-27 01:40:00,133.231,133.247,133.216,133.216,12
2020-02-27 01:41:00,133.231,133.247,133.231,133.247,4
2020-02-27 01:42:00,133.231,133.247,133.216,133.247,6
2020-02-27 01:43:00,133.216,133.24,133.216,133.24,5
2020-02-27 01:44:00,133.247,133.247,133.216,133.231,11
2020-02-27 01:45:00,133.231,133.231,133.231,133.231,1
2020-02-27 01:46:00,133.231,133.247,133.231,133.247,3
2020-02-27 01:48:00,133.231,133.247,133.231,133.247,8
2020-02-27 01:50:00,133.231,133.247,133.231,133.247,5
2020-02-27 01:51:00,133.231,133.231,133.216,133.216,4
2020-02-27 01:52:00,133.247,133.247,133.231,133.247,15
2020-02-27 01:55:00,133.247,133.247,133.231,133.231,3
2020-02-27 01:56:00,133.231,133.247,133.231,133.231,8
2020-02-27 01:57:00,133.231,133.247,133.231,133.247,6
2020-02-27 01:58:00,133.247,133.247,133.247,133.247,1
2020-02-27 02:01:00,133.247,133.263,133.247,133.263,7
2020-02-27 02:02:00,133.263,133.263,133.247,133.263,6
2020-02-27 02:04:00,133.278,133.278,133.263,133.278,4
2020-02-27 02:06:00,133.294,133.294,133.278,133.294,3
2020-02-27 02:07:00,133.294,133.294,133.278,133.278,5
2020-02-27 02:08:00,133.278,133.294,133.263,133.278,5
2020-02-27 02:09:00,133.263,133.294,133.263,133.286,13
2020-02-27 02:10:00,133.263,133.278,133.263,133.278,5
2020-02-27 02:11:00,133.263,133.263,133.247,133.247,2
2020-02-27 02:12:00,133.247,133.254,133.231,133.254,6
2020-02-27 02:14:00,133.231,133.247,133.231,133.231,3
2020-02-27 02:15:00,133.231,133.247,133.231,133.247,2
2020-02-27 02:17:00,133.231,133.247,133.231,133.247,6
2020-02-27 02:18:00,133.263,133.263,133.231,133.247,10
2020-02-27 02:21:00,133.263,133.263,133.247,133.254,8
2020-02-27 02:22:00,133.263,133.278,133.263,133.278,8
2020-02-27 02:23:00,133.278,133.278,133.263,133.278,5
2020-02-27 02:24:00,133.31,133.31,133.278,133.294,7
2020-02-27 02:25:00,133.325,133.325,133.31,133.325,19
2020-02-27 02:26:00,133.31,133.325,133.31,133.31,12
2020-02-27 02:27:00,133.31,133.325,133.31,133.325,6
2020-02-27 02:28:00,133.325,133.325,133.325,133.325,1
2020-02-27 02:29:00,133.325,133.341,133.325,133.341,4
2020-02-27 02:30:00,133.341,133.356,133.325,133.341,16
2020-02-27 02:31:00,133.325,133.341,133.325,133.332,14
2020-02-27 02:32:00,133.31,133.31,133.31,133.31,1
2020-02-27 02:33:00,133.325,133.325,133.309,133.325,12
2020-02-27 02:34:00,133.309,133.325,133.309,133.318,10
2020-02-27 02:35:00,133.325,133.325,133.309,133.325,14
2020-02-27 02:36:00,133.309,133.325,133.309,133.309,7
2020-02-27 02:37:00,133.309,133.325,133.309,133.318,5
2020-02-27 02:38:00,133.325,133.325,133.309,133.325,5
2020-02-27 02:40:00,133.309,133.309,133.309,133.309,1
2020-02-27 02:42:00,133.294,133.294,133.278,133.294,6
2020-02-27 02:43:00,133.309,133.325,133.309,133.309,3
2020-02-27 02:44:00,133.325,133.325,133.309,133.325,6
2020-02-27 02:45:00,133.309,133.325,133.309,133.309,4
2020-02-27 02:46:00,133.309,133.325,133.309,133.318,5
2020-02-27 02:47:00,133.341,133.341,133.325,133.325,2
2020-02-27 02:48:00,133.341,133.341,133.325,133.325,4
2020-02-27 02:49:00,133.341,133.356,133.341,133.356,2
2020-02-27 02:50:00,133.341,133.341,133.325,133.325,3
2020-02-27 02:54:00,133.341,133.356,133.341,133.356,5
2020-02-27 02:55:00,133.341,133.341,133.325,133.325,4
2020-02-27 02:56:00,133.325,133.325,133.325,133.325,1
2020-02-27 02:58:00,133.341,133.341,133.325,133.341,5
2020-02-27 03:02:00,133.341,133.356,133.341,133.356,8
2020-02-27 03:04:00,133.341,133.341,133.325,133.325,8
2020-02-27 03:05:00,133.325,133.325,133.325,133.325,1
2020-02-27 03:06:00,133.341,133.341,133.341,133.341,1
2020-02-27 03:08:00,133.325,133.325,133.325,133.325,1
2020-02-27 03:09:00,133.309,133.325,133.309,133.309,11
2020-02-27 03:10:00,133.309,133.325,133.309,133.325,4
2020-02-27 03:12:00,133.309,133.325,133.309,133.318,8
2020-02-27 03:13:00,133.309,133.325,133.309,133.325,16
2020-02-27 03:14:00,133.325,133.325,133.309,133.325,3
2020-02-27 03:15:00,133.325,133.325,133.309,133.309,4
2020-02-27 03:16:00,133.309,133.325,133.309,133.309,3
2020-02-27 03:17:00,133.309,133.325,133.309,133.325,8
2020-02-27 03:18:00,133.294,133.309,133.278,133.294,9
2020-02-27 03:19:00,133.294,133.309,133.294,133.309,9
2020-02-27 03:20:00,133.278,133.294,133.278,133.278,7
2020-02-27 03:21:00,133.278,133.294,133.278,133.294,2
2020-02-27 03:22:00,133.294,133.294,133.286,133.286,2
2020-02-27 03:23:00,133.286,133.294,133.278,133.278,12
2020-02-27 03:24:00,133.278,133.294,133.278,133.278,4
2020-02-27 03:25:00,133.278,133.278,133.263,133.263,8
2020-02-27 03:26:00,133.263,133.27,133.263,133.27,2
2020-02-27 03:27:00,133.278,133.278,133.278,133.278,1
2020-02-27 03:28:00,133.294,133.294,133.294,133.294,1
2020-02-27 03:29:00,133.294,133.309,133.294,133.309,2
2020-02-27 03:32:00,133.294,133.309,133.294,133.309,2
2020-02-27 03:33:00,133.309,133.309,133.309,133.309,1
2020-02-27 03:34:00,133.294,133.294,133.294,133.294,1
2020-02-27 03:35:00,133.294,133.309,133.294,133.309,5
2020-02-27 03:36:00,133.309,133.309,133.309,133.309,1
2020-02-27 03:38:00,133.325,133.325,133.325,133.325,1
2020-02-27 03:39:00,133.309,133.325,133.309,133.309,3
2020-02-27 03:40:00,133.325,133.325,133.325,133.325,1
2020-02-27 03:41:00,133.309,133.309,133.309,133.309,1
2020-02-27 03:42:00,133.309,133.309,133.294,133.302,3
2020-02-27 03:44:00,133.294,133.302,133.294,133.302,2
2020-02-27 03:45:00,133.309,133.309,133.294,133.309,14
2020-02-27 03:46:00,133.309,133.309,133.294,133.294,2
2020-02-27 03:49:00,133.294,133.294,133.294,133.294,1
2020-02-27 03:54:00,133.309,133.309,133.294,133.302,3
2020-02-27 03:55:00,133.309,133.309,133.294,133.294,7
2020-02-27 03:56:00,133.309,133.309,133.294,133.294,2
2020-02-27 03:58:00,133.325,133.325,133.309,133.325,3
2020-02-27 03:59:00,133.309,133.325,133.309,133.309,13
2020-02-27 04:00:00,133.325,133.325,133.325,133.325,1
2020-02-27 04:03:00,133.325,133.325,133.309,133.309,4
2020-02-27 04:04:00,133.309,133.325,133.309,133.309,3
2020-02-27 04:13:00,133.309,133.325,133.309,133.318,3
2020-02-27 04:18:00,133.325,133.325,133.309,133.325,7
2020-02-27 04:25:00,133.325,133.325,133.309,133.309,2
2020-02-27 04:26:00,133.325,133.341,133.325,133.341,2
2020-02-27 04:27:00,133.341,133.341,133.325,133.341,5
2020-02-27 04:28:00,133.356,133.356,133.341,133.356,4
2020-02-27 04:29:00,133.356,133.356,133.341,133.341,4
2020-02-27 04:31:00,133.356,133.372,133.356,133.372,3
2020-02-27 04:32:00,133.372,133.372,133.356,133.372,5
2020-02-27 04:33:00,133.388,133.388,133.388,133.388,1
2020-02-27 04:35:00,133.372,133.372,133.372,133.372,1
2020-02-27 04:36:00,133.356,133.364,133.356,133.364,2
2020-02-27 04:37:00,133.356,133.372,133.356,133.372,2
2020-02-27 04:38:00,133.372,133.372,133.372,133.372,1
2020-02-27 04:40:00,133.372,133.372,133.356,133.364,3
2020-02-27 04:45:00,133.372,133.372,133.356,133.356,4
2020-02-27 04:47:00,133.356,133.356,133.356,133.356,1
2020-02-27 04:48:00,133.356,133.372,133.356,133.372,2
2020-02-27 04:50:00,133.372,133.372,133.372,133.372,1
2020-02-27 04:51:00,133.388,133.388,133.388,133.388,1
2020-02-27 04:53:00,133.403,133.403,133.388,133.396,4
2020-02-27 04:54:00,133.403,133.403,133.388,133.388,6
2020-02-27 04:56:00,133.435,133.435,133.403,133.419,6
2020-02-27 04:57:00,133.435,133.45,133.435,133.45,3
2020-02-27 04:59:00,133.45,133.45,133.435,133.442,5
2020-02-27 05:00:00,133.45,133.45,133.435,133.435,2
2020-02-27 05:01:00,133.419,133.435,133.419,133.435,3
2020-02-27 05:02:00,133.435,133.435,133.403,133.403,3
2020-02-27 05:03:00,133.419,133.419,133.419,133.419,1
2020-02-27 05:05:00,133.403,133.419,133.403,133.403,18
2020-02-27 05:06:00,133.388,133.388,133.388,133.388,1
2020-02-27 05:07:00,133.372,133.388,133.372,133.372,8
2020-02-27 05:09:00,133.372,133.388,133.372,133.388,10
2020-02-27 05:10:00,133.356,133.372,133.341,133.356,24
2020-02-27 05:11:00,133.372,133.388,133.372,133.372,3
2020-02-27 05:13:00,133.372,133.388,133.372,133.388,8
2020-02-27 05:14:00,133.388,133.388,133.372,133.388,3
2020-02-27 05:16:00,133.372,133.372,133.372,133.372,1
2020-02-27 05:17:00,133.372,133.388,133.372,133.38,14
2020-02-27 05:18:00,133.372,133.388,133.372,133.388,4
2020-02-27 05:19:00,133.388,133.388,133.372,133.388,3
2020-02-27 05:21:00,133.356,133.388,133.356,133.372,4
2020-02-27 05:22:00,133.356,133.372,133.341,133.372,5
2020-02-27 05:23:00,133.341,133.356,133.341,133.348,4
2020-02-27 05:24:00,133.356,133.356,133.341,133.348,6
2020-02-27 05:25:00,133.341,133.356,133.341,133.341,3
2020-02-27 05:27:00,133.341,133.341,133.325,133.325,2
2020-02-27 05:28:00,133.356,133.356,133.325,133.325,8
2020-02-27 05:29:00,133.372,133.372,133.341,133.341,6
2020-02-27 05:30:00,133.356,133.372,133.356,133.356,13
2020-02-27 05:31:00,133.356,133.372,133.348,133.372,8
2020-02-27 05:34:00,133.356,133.372,133.341,133.341,12
2020-02-27 05:35:00,133.356,133.356,133.341,133.341,2
2020-02-27 05:37:00,133.356,133.372,133.341,133.341,13
2020-02-27 05:38:00,133.372,133.372,133.356,133.364,4
2020-02-27 05:39:00,133.356,133.356,133.356,133.356,1
2020-02-27 05:40:00,133.372,133.372,133.372,133.372,1
2020-02-27 05:41:00,133.372,133.372,133.356,133.356,5
2020-02-27 05:42:00,133.388,133.388,133.356,133.356,14
2020-02-27 05:44:00,133.388,133.403,133.388,133.403,4
2020-02-27 05:45:00,133.388,133.403,133.388,133.403,10
2020-02-27 05:46:00,133.372,133.372,133.372,133.372,1
2020-02-27 05:47:00,133.372,133.388,133.372,133.388,3
2020-02-27 05:50:00,133.372,133.388,133.372,133.388,3
2020-02-27 05:51:00,133.372,133.388,133.372,133.388,3
2020-02-27 05:54:00,133.356,133.356,133.356,133.356,1
2020-02-27 05:56:00,133.356,133.356,133.341,133.341,2
2020-02-27 05:57:00,133.356,133.372,133.356,133.372,3
2020-02-27 06:00:00,133.356,133.372,133.356,133.372,5
2020-02-27 06:01:00,133.372,133.372,133.372,133.372,1
2020-02-27 06:03:00,133.372,133.388,133.372,133.388,10
2020-02-27 06:04:00,133.388,133.388,133.388,133.388,1
2020-02-27 06:05:00,133.403,133.403,133.396,133.396,2
2020-02-27 06:06:00,133.403,133.403,133.388,133.388,2
2020-02-27 06:07:00,133.403,133.419,133.403,133.419,6
2020-02-27 06:10:00,133.388,133.403,133.388,133.388,6
2020-02-27 06:11:00,133.388,133.403,133.388,133.403,3
2020-02-27 06:12:00,133.403,133.403,133.403,133.403,1
2020-02-27 06:15:00,133.419,133.419,133.419,133.419,1
2020-02-27 06:16:00,133.434,133.434,133.434,133.434,1
2020-02-27 06:17:00,133.434,133.45,133.434,133.442,3
2020-02-27 06:18:00,133.434,133.45,133.434,133.45,9
2020-02-27 06:19:00,133.419,133.45,133.403,133.45,8
2020-02-27 06:20:00,133.403,133.403,133.388,133.403,4
2020-02-27 06:21:00,133.403,133.419,133.403,133.419,21
2020-02-27 06:23:00,133.419,133.419,133.419,133.419,1
2020-02-27 06:24:00,133.419,133.426,133.419,133.426,2
2020-02-27 06:25:00,133.434,133.434,133.434,133.434,1
2020-02-27 06:26:00,133.434,133.45,133.434,133.45,2
2020-02-27 06:27:00,133.434,133.45,133.434,133.442,3
2020-02-27 06:28:00,133.419,133.434,133.419,133.419,3
2020-02-27 06:29:00,133.403,133.419,133.403,133.403,6
2020-02-27 06:30:00,133.403,133.419,133.388,133.396,25
2020-02-27 06:31:00,133.403,133.419,133.388,133.419,4
2020-02-27 06:32:00,133.388,133.403,133.388,133.388,18
2020-02-27 06:33:00,133.388,133.396,133.372,133.372,8
2020-02-27 06:35:00,133.388,133.403,133.388,133.403,6
2020-02-27 06:37:00,133.403,133.403,133.388,133.403,5
2020-02-27 06:38:00,133.403,133.419,133.403,133.419,2
2020-02-27 06:40:00,133.403,133.403,133.388,133.388,8
2020-02-27 06:41:00,133.403,133.403,133.388,133.388,3
2020-02-27 06:42:00,133.419,133.419,133.388,133.388,8
2020-02-27 06:43:00,133.403,133.419,133.403,133.403,3
2020-02-27 06:46:00,133.388,133.388,133.388,133.388,1
2020-02-27 06:47:00,133.403,133.403,133.388,133.403,5
2020-02-27 06:48:00,133.403,133.403,133.388,133.388,2
2020-02-27 06:50:00,133.419,133.419,133.403,133.419,6
2020-02-27 06:51:00,133.403,133.403,133.403,133.403,1
2020-02-27 06:53:00,133.403,133.419,133.403,133.41,3
2020-02-27 06:55:00,133.372,133.403,133.372,133.388,6
2020-02-27 06:57:00,133.356,133.356,133.356,133.356,1
2020-02-27 06:58:00,133.341,133.341,133.341,133.341,1
2020-02-27 06:59:00,133.325,133.325,133.309,133.325,15
2020-02-27 07:00:00,133.309,133.325,133.294,133.309,37
2020-02-27 07:01:00,133.325,133.325,133.294,133.294,19
2020-02-27 07:02:00,133.341,133.356,133.332,133.341,8
2020-02-27 07:03:00,133.341,133.356,133.341,133.356,14
2020-02-27 07:04:00,133.341,133.341,133.325,133.325,8
2020-02-27 07:05:00,133.372,133.372,133.356,133.356,5
2020-02-27 07:06:00,133.388,133.388,133.372,133.388,3
2020-02-27 07:07:00,133.403,133.403,133.372,133.372,5
2020-02-27 07:09:00,133.372,133.388,133.372,133.388,8
2020-02-27 07:10:00,133.356,133.38,133.341,133.38,10
2020-02-27 07:11:00,133.341,133.356,133.325,133.341,14
2020-02-27 07:12:00,133.325,133.372,133.309,133.348,21
2020-02-27 07:13:00,133.341,133.356,133.309,133.309,18
2020-02-27 07:14:00,133.325,133.325,133.325,133.325,1
2020-02-27 07:15:00,133.325,133.341,133.309,133.332,24
2020-02-27 07:16:00,133.325,133.325,133.309,133.309,12
2020-02-27 07:17:00,133.325,133.341,133.309,133.309,7
2020-02-27 07:18:00,133.294,133.325,133.294,133.309,26
2020-02-27 07:19:00,133.309,133.309,133.278,133.278,11
2020-02-27 07:20:00,133.309,133.325,133.294,133.302,23
2020-02-27 07:21:00,133.309,133.325,133.309,133.325,19
2020-02-27 07:22:00,133.325,133.325,133.309,133.325,3
2020-02-27 07:23:00,133.294,133.325,133.294,133.309,8
2020-02-27 07:24:00,133.325,133.325,133.309,133.309,2
2020-02-27 07:25:00,133.309,133.341,133.309,133.341,8
2020-02-27 07:26:00,133.294,133.325,133.278,133.325,13
2020-02-27 07:27:00,133.247,133.278,133.215,133.278,38
2020-02-27 07:28:00,133.262,133.262,133.247,133.262,8
2020-02-27 07:29:00,133.262,133.278,133.262,133.278,5
2020-02-27 07:30:00,133.278,133.278,133.247,133.247,19
2020-02-27 07:31:00,133.247,133.27,133.247,133.27,3
2020-02-27 07:32:00,133.262,133.278,133.247,133.262,19
2020-02-27 07:33:00,133.231,133.262,133.231,133.247,15
2020-02-27 07:34:00,133.2,133.231,133.2,133.215,29
2020-02-27 07:35:00,133.184,133.2,133.184,133.192,5
2020-02-27 07:36:00,133.2,133.215,133.184,133.2,11
2020-02-27 07:37:00,133.2,133.215,133.2,133.215,2
2020-02-27 07:38:00,133.184,133.2,133.184,133.184,13
2020-02-27 07:40:00,133.231,133.231,133.184,133.2,10
2020-02-27 07:42:00,133.215,133.224,133.215,133.224,2
2020-02-27 07:43:00,133.247,133.247,133.231,133.231,8
2020-02-27 07:44:00,133.262,133.294,133.247,133.262,20
2020-02-27 07:45:00,133.247,133.278,133.247,133.278,14
2020-02-27 07:46:00,133.231,133.247,133.231,133.238,20
2020-02-27 07:47:00,133.215,133.231,133.215,133.215,21
2020-02-27 07:48:00,133.215,133.247,133.215,133.231,23
2020-02-27 07:49:00,133.215,133.215,133.2,133.2,2
2020-02-27 07:50:00,133.231,133.231,133.2,133.2,7
2020-02-27 07:51:00,133.247,133.247,133.231,133.238,19
2020-02-27 07:52:00,133.247,133.247,133.231,133.231,2
2020-02-27 07:53:00,133.231,133.231,133.231,133.231,1
2020-02-27 07:54:00,133.231,133.247,133.231,133.247,11
2020-02-27 07:55:00,133.247,133.247,133.231,133.247,3
2020-02-27 07:56:00,133.262,133.262,133.247,133.262,8
2020-02-27 07:57:00,133.262,133.262,133.247,133.247,7
2020-02-27 07:58:00,133.294,133.294,133.262,133.27,7
2020-02-27 07:59:00,133.325,133.341,133.294,133.309,22
2020-02-27 08:00:00,133.309,133.325,133.294,133.309,19
2020-02-27 08:01:00,133.278,133.325,133.278,133.325,21
2020-02-27 08:02:00,133.262,133.294,133.262,133.294,4
2020-02-27 08:03:00,133.294,133.294,133.278,133.278,6
2020-02-27 08:04:00,133.278,133.294,133.262,133.286,17
2020-02-27 08:05:00,133.294,133.294,133.278,133.286,6
2020-02-27 08:06:00,133.294,133.309,133.294,133.309,8
2020-02-27 08:07:00,133.356,133.356,133.294,133.309,28
2020-02-27 08:08:00,133.372,133.387,133.341,133.341,7
2020-02-27 08:09:00,133.419,133.419,133.372,133.387,22
2020-02-27 08:10:00,133.45,133.45,133.403,133.403,23
2020-02-27 08:11:00,133.419,133.45,133.419,133.434,24
2020-02-27 08:12:00,133.419,133.434,133.419,133.434,9
2020-02-27 08:13:00,133.419,133.419,133.387,133.403,5
2020-02-27 08:14:00,133.434,133.45,133.419,133.434,22
2020-02-27 08:15:00,133.419,133.434,133.419,133.426,4
2020-02-27 08:16:00,133.372,133.403,133.372,133.403,44
2020-02-27 08:17:00,133.341,133.387,133.325,133.387,16
2020-02-27 08:18:00,133.356,133.356,133.341,133.356,5
2020-02-27 08:19:00,133.387,133.387,133.364,133.364,12
2020-02-27 08:20:00,133.356,133.387,133.356,133.372,4
2020-02-27 08:21:00,133.356,133.372,133.341,133.372,11
2020-02-27 08:22:00,133.372,133.387,133.372,133.372,3
2020-02-27 08:23:00,133.356,133.387,133.341,133.387,11
2020-02-27 08:24:00,133.387,133.387,133.372,133.372,2
2020-02-27 08:25:00,133.419,133.419,133.372,133.403,17
2020-02-27 08:26:00,133.387,133.419,133.387,133.41,15
2020-02-27 08:27:00,133.372,133.403,133.372,133.403,7
2020-02-27 08:28:00,133.372,133.372,133.356,133.356,27
2020-02-27 08:29:00,133.356,133.372,133.356,133.356,8
2020-02-27 08:30:00,133.387,133.387,133.341,133.341,16
2020-02-27 08:31:00,133.387,133.387,133.372,133.372,16
2020-02-27 08:32:00,133.403,133.419,133.403,133.403,3
2020-02-27 08:33:00,133.434,133.434,133.403,133.419,20
2020-02-27 08:34:00,133.419,133.45,133.403,133.45,23
2020-02-27 08:35:00,133.434,133.434,133.419,133.434,4
2020-02-27 08:36:00,133.434,133.434,133.419,133.419,7
2020-02-27 08:37:00,133.419,133.434,133.403,133.419,17
2020-02-27 08:38:00,133.45,133.45,133.403,133.41,5
2020-02-27 08:39:00,133.466,133.466,133.458,133.458,4
2020-02-27 08:40:00,133.481,133.481,133.466,133.481,15
2020-02-27 08:41:00,133.45,133.466,133.434,133.466,4
2020-02-27 08:42:00,133.45,133.466,133.434,133.466,19
2020-02-27 08:43:00,133.419,133.466,133.419,133.466,13
2020-02-27 08:44:00,133.387,133.403,133.387,133.403,2
2020-02-27 08:45:00,133.419,133.434,133.396,133.396,10
2020-02-27 08:46:00,133.419,133.434,133.419,133.434,12
2020-02-27 08:47:00,133.403,133.419,133.387,133.403,7
2020-02-27 08:48:00,133.419,133.419,133.419,133.419,1
2020-02-27 08:50:00,133.387,133.403,133.387,133.403,12
2020-02-27 08:51:00,133.403,133.403,133.387,133.403,16
2020-02-27 08:52:00,133.387,133.419,133.372,133.419,16
2020-02-27 08:53:00,133.403,133.419,133.372,133.372,25
2020-02-27 08:54:00,133.403,133.419,133.387,133.41,33
2020-02-27 08:55:00,133.403,133.403,133.387,133.387,18
2020-02-27 08:56:00,133.387,133.396,133.372,133.396,6
2020-02-27 08:57:00,133.356,133.387,133.356,133.38,12
2020-02-27 08:58:00,133.341,133.356,133.341,133.348,17
2020-02-27 08:59:00,133.341,133.341,133.325,133.325,2
2020-02-27 09:00:00,133.325,133.356,133.325,133.356,11
2020-02-27 09:01:00,133.278,133.309,133.278,133.309,6
2020-02-27 09:02:00,133.294,133.294,133.262,133.262,8
2020-02-27 09:03:00,133.294,133.309,133.278,133.278,7
2020-02-27 09:04:00,133.278,133.294,133.278,133.278,3
2020-02-27 09:06:00,133.278,133.294,133.278,133.294,3
2020-02-27 09:07:00,133.278,133.294,133.278,133.294,4
2020-02-27 09:08:00,133.294,133.294,133.278,133.294,3
2020-02-27 09:09:00,133.325,133.325,133.309,133.309,7
2020-02-27 09:10:00,133.356,133.356,133.325,133.341,17
2020-02-27 09:11:00,133.341,133.356,133.341,133.341,3
2020-02-27 09:12:00,133.325,133.341,133.325,133.332,6
2020-02-27 09:13:00,133.325,133.325,133.294,133.309,9
2020-02-27 09:14:00,133.325,133.325,133.309,133.309,2
2020-02-27 09:15:00,133.341,133.341,133.325,133.341,7
2020-02-27 09:16:00,133.372,133.387,133.356,133.356,8
2020-02-27 09:17:00,133.356,133.372,133.356,133.356,7
2020-02-27 09:18:00,133.356,133.372,133.356,133.372,2
2020-02-27 09:20:00,133.372,133.387,133.372,133.372,3
2020-02-27 09:21:00,133.356,133.372,133.341,133.364,13
2020-02-27 09:23:00,133.356,133.372,133.356,133.372,5
2020-02-27 09:24:00,133.341,133.356,133.341,133.341,9
2020-02-27 09:25:00,133.309,133.325,133.309,133.325,4
2020-02-27 09:26:00,133.325,133.325,133.309,133.325,3
2020-02-27 09:28:00,133.341,133.341,133.332,133.332,4
2020-02-27 09:29:00,133.356,133.356,133.356,133.356,1
2020-02-27 09:30:00,133.341,133.341,133.341,133.341,1
2020-02-27 09:31:00,133.325,133.325,133.325,133.325,1
2020-02-27 09:32:00,133.294,133.309,133.294,133.309,12
2020-02-27 09:33:00,133.278,133.309,133.278,133.309,11
2020-02-27 09:34:00,133.294,133.294,133.262,133.262,4
2020-02-27 09:35:00,133.294,133.309,133.294,133.309,3
2020-02-27 09:36:00,133.356,133.372,133.309,133.309,21
2020-02-27 09:37:00,133.403,133.403,133.364,133.364,8
2020-02-27 09:38:00,133.434,133.45,133.419,133.419,12
2020-02-27 09:39:00,133.419,133.419,133.419,133.419,1
2020-02-27 09:40:00,133.372,133.403,133.372,133.403,3
2020-02-27 09:41:00,133.387,133.403,133.387,133.387,7
2020-02-27 09:44:00,133.387,133.403,133.387,133.403,4
2020-02-27 09:45:00,133.419,133.419,133.403,133.403,12
2020-02-27 09:46:00,133.419,133.419,133.403,133.403,6
2020-02-27 09:47:00,133.434,133.434,133.403,133.403,5
2020-02-27 09:48:00,133.434,133.45,133.419,133.45,11
2020-02-27 09:49:00,133.419,133.434,133.419,133.419,8
2020-02-27 09:50:00,133.419,133.434,133.419,133.434,8
2020-02-27 09:51:00,133.434,133.434,133.419,133.434,10
2020-02-27 09:52:00,133.434,133.45,133.419,133.426,13
2020-02-27 09:54:00,133.434,133.45,133.434,133.45,6
2020-02-27 09:55:00,133.45,133.45,133.442,133.442,2
2020-02-27 09:57:00,133.434,133.434,133.434,133.434,1
2020-02-27 10:00:00,133.403,133.434,133.403,133.419,9
2020-02-27 10:01:00,133.419,133.419,133.403,133.419,3
2020-02-27 10:02:00,133.419,133.419,133.403,133.403,4
2020-02-27 10:04:00,133.403,133.403,133.403,133.403,1
2020-02-27 10:05:00,133.434,133.434,133.403,133.419,9
2020-02-27 10:06:00,133.419,133.419,133.419,133.419,1
2020-02-27 10:07:00,133.434,133.45,133.426,133.434,5
2020-02-27 10:09:00,133.419,133.45,133.419,133.45,4
2020-02-27 10:10:00,133.419,133.419,133.403,133.403,15
2020-02-27 10:11:00,133.434,133.434,133.419,133.434,3
2020-02-27 10:12:00,133.434,133.434,133.419,133.419,8
2020-02-27 10:14:00,133.434,133.45,133.434,133.45,6
2020-02-27 10:15:00,133.45,133.45,133.442,133.442,2
2020-02-27 10:16:00,133.466,133.466,133.45,133.466,13
2020-02-27 10:17:00,133.466,133.481,133.466,133.481,4
2020-02-27 10:18:00,133.45,133.458,133.45,133.458,2
2020-02-27 10:19:00,133.419,133.434,133.419,133.434,17
2020-02-27 10:20:00,133.419,133.45,133.419,133.434,20
2020-02-27 10:21:00,133.419,133.434,133.419,133.434,10
2020-02-27 10:22:00,133.419,133.434,133.419,133.426,8
2020-02-27 10:23:00,133.403,133.419,133.403,133.403,3
2020-02-27 10:24:00,133.403,133.403,133.387,133.387,6
2020-02-27 10:25:00,133.403,133.403,133.387,133.387,2
2020-02-27 10:26:00,133.387,133.387,133.372,133.387,7
2020-02-27 10:27:00,133.403,133.403,133.403,133.403,1
2020-02-27 10:28:00,133.387,133.403,133.387,133.387,3
2020-02-27 10:29:00,133.403,133.419,133.387,133.403,7
2020-02-27 10:30:00,133.387,133.396,133.387,133.396,2
2020-02-27 10:31:00,133.372,133.38,133.372,133.38,2
2020-02-27 10:33:00,133.356,133.356,133.356,133.356,1
2020-02-27 10:34:00,133.356,133.356,133.34,133.34,2
2020-02-27 10:35:00,133.34,133.356,133.34,133.34,8
2020-02-27 10:36:00,133.325,133.356,133.325,133.356,5
2020-02-27 10:40:00,133.34,133.34,133.34,133.34,1
2020-02-27 10:41:00,133.325,133.356,133.325,133.348,5
2020-02-27 10:42:00,133.34,133.34,133.309,133.309,14
2020-02-27 10:44:00,133.34,133.34,133.325,133.325,5
2020-02-27 10:46:00,133.372,133.372,133.34,133.348,11
2020-02-27 10:47:00,133.356,133.356,133.356,133.356,1
2020-02-27 10:48:00,133.387,133.387,133.356,133.372,6
2020-02-27 10:49:00,133.372,133.387,133.372,133.372,14
2020-02-27 10:50:00,133.372,133.387,133.372,133.387,14
2020-02-27 10:51:00,133.387,133.387,133.387,133.387,1
2020-02-27 10:52:00,133.387,133.387,133.372,133.372,2
2020-02-27 10:54:00,133.403,133.419,133.396,133.396,7
2020-02-27 10:55:00,133.403,133.419,133.403,133.419,5
2020-02-27 10:56:00,133.434,133.434,133.419,133.419,34
2020-02-27 10:57:00,133.434,133.434,133.419,133.419,10
2020-02-27 10:58:00,133.434,133.434,133.419,133.419,2
2020-02-27 10:59:00,133.434,133.434,133.419,133.419,4
2020-02-27 11:00:00,133.419,133.434,133.419,133.419,13
2020-02-27 11:01:00,133.419,133.434,133.419,133.434,6
2020-02-27 11:02:00,133.419,133.434,133.419,133.434,2
2020-02-27 11:03:00,133.434,133.434,133.434,133.434,1
2020-02-27 11:04:00,133.45,133.45,133.45,133.45,1
2020-02-27 11:05:00,133.466,133.466,133.466,133.466,1
2020-02-27 11:06:00,133.466,133.481,133.466,133.481,4
2020-02-27 11:07:00,133.481,133.481,133.481,133.481,1
2020-02-27 11:08:00,133.481,133.497,133.466,133.497,29
2020-02-27 11:09:00,133.481,133.481,133.466,133.466,5
2020-02-27 11:11:00,133.45,133.481,133.45,133.466,15
2020-02-27 11:12:00,133.45,133.466,133.45,133.458,9
2020-02-27 11:13:00,133.45,133.466,133.45,133.466,7
2020-02-27 11:15:00,133.434,133.442,133.419,133.442,7
2020-02-27 11:16:00,133.387,133.419,133.387,133.419,8
2020-02-27 11:17:00,133.403,133.403,133.387,133.403,10
2020-02-27 11:18:00,133.403,133.403,133.387,133.387,3
2020-02-27 11:19:00,133.403,133.403,133.387,133.387,9
2020-02-27 11:20:00,133.387,133.419,133.387,133.41,15
2020-02-27 11:21:00,133.387,133.387,133.372,133.372,9
2020-02-27 11:22:00,133.419,133.419,133.387,133.396,10
2020-02-27 11:24:00,133.434,133.434,133.403,133.403,12
2020-02-27 11:25:00,133.45,133.45,133.434,133.442,12
2020-02-27 11:26:00,133.45,133.466,133.434,133.434,30
2020-02-27 11:27:00,133.434,133.45,133.434,133.442,12
2020-02-27 11:28:00,133.434,133.45,133.419,133.419,20
2020-02-27 11:29:00,133.45,133.45,133.434,133.45,38
2020-02-27 11:30:00,133.45,133.466,133.434,133.434,4
2020-02-27 11:31:00,133.466,133.466,133.45,133.466,3
2020-02-27 11:32:00,133.481,133.481,133.466,133.481,4
2020-02-27 11:34:00,133.497,133.497,133.481,133.497,4
2020-02-27 11:35:00,133.512,133.512,133.481,133.481,5
2020-02-27 11:36:00,133.544,133.544,133.497,133.497,35
2020-02-27 11:37:00,133.544,133.544,133.512,133.536,15
2020-02-27 11:38:00,133.528,133.528,133.512,133.528,15
2020-02-27 11:39:00,133.497,133.512,133.497,133.512,6
2020-02-27 11:40:00,133.512,133.512,133.504,133.504,2
2020-02-27 11:41:00,133.512,133.528,133.497,133.497,5
2020-02-27 11:42:00,133.512,133.528,133.512,133.528,2
2020-02-27 11:43:00,133.497,133.512,133.497,133.497,3
2020-02-27 11:44:00,133.481,133.497,133.481,133.481,11
2020-02-27 11:45:00,133.481,133.497,133.481,133.497,4
2020-02-27 11:46:00,133.481,133.481,133.466,133.466,4
2020-02-27 11:47:00,133.466,133.466,133.466,133.466,1
2020-02-27 11:48:00,133.481,133.497,133.481,133.481,23
2020-02-27 11:49:00,133.481,133.497,133.481,133.497,7
2020-02-27 11:50:00,133.466,133.497,133.466,133.497,6
2020-02-27 11:51:00,133.481,133.497,133.481,133.481,7
2020-02-27 11:52:00,133.497,133.497,133.481,133.497,8
2020-02-27 11:54:00,133.481,133.497,133.466,133.481,10
2020-02-27 11:55:00,133.497,133.497,133.497,133.497,1
2020-02-27 11:56:00,133.497,133.497,133.481,133.481,5
2020-02-27 11:57:00,133.497,133.512,133.497,133.512,9
2020-02-27 11:58:00,133.497,133.512,133.497,133.512,10
2020-02-27 11:59:00,133.512,133.512,133.497,133.512,12
2020-02-27 12:00:00,133.512,133.512,133.497,133.497,2
2020-02-27 12:01:00,133.512,133.528,133.512,133.528,7
2020-02-27 12:03:00,133.497,133.512,133.497,133.497,20
2020-02-27 12:04:00,133.497,133.512,133.497,133.512,2
2020-02-27 12:05:00,133.512,133.512,133.512,133.512,1
2020-02-27 12:06:00,133.466,133.497,133.466,133.497,13
2020-02-27 12:08:00,133.45,133.458,133.434,133.458,35
2020-02-27 12:09:00,133.45,133.45,133.434,133.434,14
2020-02-27 12:10:00,133.434,133.45,133.434,133.434,9
2020-02-27 12:11:00,133.434,133.45,133.434,133.45,12
2020-02-27 12:12:00,133.45,133.466,133.434,133.45,20
2020-02-27 12:13:00,133.466,133.466,133.45,133.466,6
2020-02-27 12:14:00,133.466,133.466,133.45,133.45,4
2020-02-27 12:15:00,133.466,133.466,133.45,133.45,4
2020-02-27 12:16:00,133.481,133.481,133.466,133.481,12
2020-02-27 12:17:00,133.512,133.512,133.481,133.497,7
2020-02-27 12:18:00,133.497,133.512,133.497,133.497,10
2020-02-27 12:19:00,133.497,133.497,133.481,133.481,13
2020-02-27 12:20:00,133.481,133.497,133.481,133.481,3
2020-02-27 12:21:00,133.512,133.512,133.497,133.497,2
2020-02-27 12:22:00,133.559,133.559,133.528,133.528,12
2020-02-27 12:23:00,133.559,133.575,133.544,133.544,16
2020-02-27 12:24:00,133.559,133.575,133.544,133.544,38
2020-02-27 12:25:00,133.544,133.552,133.544,133.552,2
2020-02-27 12:26:00,133.544,133.544,133.528,133.536,15
2020-02-27 12:27:00,133.544,133.559,133.544,133.559,4
2020-02-27 12:28:00,133.544,133.559,133.544,133.559,8
2020-02-27 12:29:00,133.559,133.575,133.559,133.559,15
2020-02-27 12:30:00,133.575,133.591,133.568,133.568,8
2020-02-27 12:31:00,133.559,133.591,133.544,133.591,16
2020-02-27 12:33:00,133.481,133.559,133.45,133.544,137
2020-02-27 12:34:00,133.512,133.512,133.465,133.465,48
2020-02-27 12:35:00,133.497,133.544,133.497,133.497,34
2020-02-27 12:36:00,133.512,133.512,133.497,133.512,3
2020-02-27 12:37:00,133.512,133.544,133.512,133.528,13
2020-02-27 12:38:00,133.512,133.512,133.497,133.504,5
2020-02-27 12:39:00,133.528,133.528,133.512,133.528,4
2020-02-27 12:40:00,133.528,133.544,133.512,133.52,10
2020-02-27 12:41:00,133.544,133.544,133.544,133.544,1
2020-02-27 12:42:00,133.544,133.559,133.544,133.559,26
2020-02-27 12:43:00,133.544,133.544,133.528,133.536,23
2020-02-27 12:44:00,133.544,133.559,133.544,133.559,10
2020-02-27 12:45:00,133.559,133.575,133.544,133.559,9
2020-02-27 12:46:00,133.591,133.591,133.528,133.544,10
2020-02-27 12:47:00,133.575,133.582,133.559,133.582,26
2020-02-27 12:48:00,133.606,133.622,133.591,133.591,8
2020-02-27 12:49:00,133.606,133.637,133.606,133.622,12
2020-02-27 12:50:00,133.575,133.591,133.575,133.591,4
2020-02-27 12:51:00,133.591,133.606,133.575,133.591,16
2020-02-27 12:52:00,133.575,133.591,133.575,133.575,3
2020-02-27 12:53:00,133.606,133.606,133.591,133.591,24
2020-02-27 12:54:00,133.591,133.606,133.591,133.591,13
2020-02-27 12:55:00,133.591,133.606,133.591,133.606,5
2020-02-27 12:56:00,133.591,133.606,133.591,133.606,38
2020-02-27 12:57:00,133.591,133.606,133.591,133.606,16
2020-02-27 12:58:00,133.622,133.622,133.606,133.606,12
2020-02-27 12:59:00,133.606,133.606,133.591,133.606,5
2020-02-27 13:00:00,133.606,133.622,133.591,133.622,53
2020-02-27 13:01:00,133.591,133.622,133.591,133.614,46
2020-02-27 13:02:00,133.591,133.606,133.591,133.606,27
2020-02-27 13:03:00,133.575,133.606,133.575,133.598,11
2020-02-27 13:04:00,133.559,133.591,133.559,133.582,8
2020-02-27 13:05:00,133.591,133.591,133.559,133.575,6
2020-02-27 13:06:00,133.575,133.591,133.575,133.575,7
2020-02-27 13:07:00,133.591,133.591,133.575,133.591,20
2020-02-27 13:08:00,133.591,133.606,133.575,133.582,12
2020-02-27 13:09:00,133.575,133.622,133.559,133.606,25
2020-02-27 13:10:00,133.591,133.606,133.559,133.591,28
2020-02-27 13:11:00,133.575,133.591,133.559,133.575,23
2020-02-27 13:12:00,133.559,133.591,133.559,133.582,9
2020-02-27 13:13:00,133.575,133.575,133.575,133.575,1
2020-02-27 13:14:00,133.591,133.591,133.575,133.591,15
2020-02-27 13:15:00,133.575,133.591,133.559,133.582,21
2020-02-27 13:16:00,133.575,133.591,133.559,133.591,61
2020-02-27 13:17:00,133.591,133.591,133.575,133.591,13
2020-02-27 13:18:00,133.575,133.606,133.575,133.606,3
2020-02-27 13:19:00,133.622,133.622,133.575,133.591,11
2020-02-27 13:20:00,133.637,133.637,133.606,133.637,21
2020-02-27 13:21:00,133.622,133.637,133.622,133.622,3
2020-02-27 13:22:00,133.606,133.637,133.591,133.63,35
2020-02-27 13:23:00,133.568,133.606,133.559,133.598,52
2020-02-27 13:24:00,133.575,133.591,133.559,133.575,27
2020-02-27 13:25:00,133.575,133.591,133.575,133.591,9
2020-02-27 13:26:00,133.591,133.606,133.591,133.591,14
2020-02-27 13:28:00,133.606,133.606,133.591,133.598,6
2020-02-27 13:29:00,133.622,133.622,133.606,133.614,37
2020-02-27 13:30:00,133.591,133.622,133.575,133.606,21
2020-02-27 13:31:00,133.559,133.591,133.559,133.582,28
2020-02-27 13:32:00,133.575,133.575,133.575,133.575,1
2020-02-27 13:33:00,133.559,133.575,133.544,133.559,33
2020-02-27 13:34:00,133.559,133.575,133.544,133.575,17
2020-02-27 13:35:00,133.591,133.606,133.559,133.568,65
2020-02-27 13:36:00,133.591,133.606,133.559,133.582,61
2020-02-27 13:37:00,133.606,133.622,133.591,133.598,25
2020-02-27 13:38:00,133.622,133.622,133.606,133.622,4
2020-02-27 13:39:00,133.591,133.606,133.591,133.606,12
2020-02-27 13:40:00,133.591,133.606,133.591,133.606,12
2020-02-27 13:41:00,133.575,133.606,133.544,133.606,18
2020-02-27 13:42:00,133.544,133.559,133.544,133.559,13
2020-02-27 13:43:00,133.528,133.559,133.528,133.559,5
2020-02-27 13:44:00,133.512,133.52,133.497,133.52,45
2020-02-27 13:45:00,133.528,133.528,133.512,133.528,17
2020-02-27 13:46:00,133.512,133.544,133.512,133.536,7
2020-02-27 13:47:00,133.559,133.559,133.512,133.528,19
2020-02-27 13:48:00,133.575,133.591,133.559,133.575,30
2020-02-27 13:49:00,133.575,133.606,133.575,133.582,36
2020-02-27 13:50:00,133.606,133.622,133.575,133.591,24
2020-02-27 13:51:00,133.606,133.622,133.591,133.622,12
2020-02-27 13:52:00,133.637,133.637,133.606,133.622,16
2020-02-27 13:53:00,133.606,133.637,133.606,133.622,4
2020-02-27 13:54:00,133.575,133.622,133.575,133.591,18
2020-02-27 13:55:00,133.559,133.575,133.544,133.559,29
2020-02-27 13:56:00,133.575,133.575,133.559,133.575,4
2020-02-27 13:57:00,133.591,133.591,133.559,133.559,27
2020-02-27 13:58:00,133.591,133.606,133.559,133.598,16
2020-02-27 13:59:00,133.575,133.591,133.575,133.582,33
2020-02-27 14:00:00,133.622,133.622,133.559,133.559,7
2020-02-27 14:01:00,133.622,133.637,133.591,133.606,14
2020-02-27 14:02:00,133.606,133.637,133.591,133.63,19
2020-02-27 14:03:00,133.622,133.637,133.591,133.622,37
2020-02-27 14:04:00,133.622,133.637,133.622,133.637,25
2020-02-27 14:05:00,133.637,133.637,133.606,133.614,17
2020-02-27 14:06:00,133.637,133.637,133.622,133.622,18
2020-02-27 14:07:00,133.622,133.622,133.606,133.622,6
2020-02-27 14:08:00,133.637,133.637,133.606,133.606,8
2020-02-27 14:09:00,133.606,133.637,133.591,133.622,59
2020-02-27 14:10:00,133.622,133.622,133.606,133.622,7
2020-02-27 14:11:00,133.622,133.637,133.606,133.637,6
2020-02-27 14:12:00,133.653,133.7,133.637,133.637,68
2020-02-27 14:13:00,133.669,133.684,133.637,133.637,30
2020-02-27 14:14:00,133.669,133.716,133.669,133.684,41
2020-02-27 14:15:00,133.669,133.684,133.637,133.684,16
2020-02-27 14:16:00,133.669,133.684,133.653,133.684,17
2020-02-27 14:17:00,133.684,133.7,133.669,133.676,9
2020-02-27 14:18:00,133.684,133.7,133.669,133.692,16
2020-02-27 14:19:00,133.684,133.7,133.684,133.7,12
2020-02-27 14:20:00,133.669,133.7,133.669,133.692,9
2020-02-27 14:21:00,133.684,133.684,133.669,133.676,24
2020-02-27 14:22:00,133.7,133.716,133.7,133.7,10
2020-02-27 14:23:00,133.716,133.716,133.7,133.716,11
2020-02-27 14:25:00,133.7,133.716,133.684,133.708,8
2020-02-27 14:26:00,133.716,133.731,133.7,133.716,29
2020-02-27 14:27:00,133.731,133.731,133.716,133.731,9
2020-02-27 14:28:00,133.731,133.731,133.716,133.724,23
2020-02-27 14:29:00,133.716,133.731,133.7,133.716,8
2020-02-27 14:30:00,133.684,133.747,133.684,133.731,35
2020-02-27 14:31:00,133.747,133.763,133.7,133.7,42
2020-02-27 14:32:00,133.731,133.763,133.731,133.731,42
2020-02-27 14:33:00,133.7,133.747,133.669,133.74,40
2020-02-27 14:34:00,133.7,133.716,133.684,133.716,40
2020-02-27 14:35:00,133.7,133.731,133.684,133.716,36
2020-02-27 14:36:00,133.731,133.731,133.684,133.684,54
2020-02-27 14:37:00,133.731,133.763,133.716,133.747,67
2020-02-27 14:38:00,133.7,133.747,133.684,133.747,14
2020-02-27 14:39:00,133.669,133.7,133.669,133.684,26
2020-02-27 14:40:00,133.716,133.747,133.669,133.676,28
2020-02-27 14:41:00,133.669,133.731,133.669,133.7,15
2020-02-27 14:42:00,133.716,133.716,133.669,133.684,10
2020-02-27 14:43:00,133.731,133.731,133.7,133.731,13
2020-02-27 14:44:00,133.763,133.763,133.716,133.716,28
2020-02-27 14:45:00,133.778,133.794,133.763,133.778,32
2020-02-27 14:46:00,133.794,133.809,133.747,133.763,24
2020-02-27 14:47:00,133.809,133.809,133.794,133.809,24
2020-02-27 14:48:00,133.794,133.825,133.794,133.825,65
2020-02-27 14:49:00,133.794,133.825,133.794,133.809,39
2020-02-27 14:50:00,133.825,133.825,133.794,133.809,37
2020-02-27 14:51:00,133.763,133.841,133.763,133.832,41
2020-02-27 14:52:00,133.747,133.763,133.731,133.747,9
2020-02-27 14:53:00,133.731,133.747,133.731,133.731,12
2020-02-27 14:54:00,133.684,133.716,133.684,133.716,37
2020-02-27 14:55:00,133.653,133.7,133.653,133.7,11
2020-02-27 14:56:00,133.669,133.669,133.622,133.669,45
2020-02-27 14:57:00,133.637,133.684,133.622,133.684,17
2020-02-27 14:58:00,133.653,133.669,133.637,133.653,17
2020-02-27 14:59:00,133.669,133.669,133.653,133.669,25
2020-02-27 15:00:00,133.669,133.684,133.637,133.653,23
2020-02-27 15:01:00,133.716,133.731,133.669,133.684,43
2020-02-27 15:02:00,133.731,133.747,133.7,133.731,16
2020-02-27 15:03:00,133.747,133.747,133.716,133.724,17
2020-02-27 15:04:00,133.747,133.747,133.731,133.74,14
2020-02-27 15:05:00,133.762,133.762,133.731,133.731,12
2020-02-27 15:06:00,133.747,133.762,133.747,133.747,19
2020-02-27 15:07:00,133.716,133.762,133.716,133.762,21
2020-02-27 15:08:00,133.7,133.731,133.684,133.731,15
2020-02-27 15:09:00,133.747,133.762,133.669,133.692,23
2020-02-27 15:10:00,133.778,133.778,133.731,133.731,39
2020-02-27 15:11:00,133.762,133.778,133.731,133.762,30
2020-02-27 15:12:00,133.778,133.778,133.762,133.77,20
2020-02-27 15:13:00,133.747,133.778,133.731,133.762,49
2020-02-27 15:14:00,133.762,133.778,133.716,133.731,30
2020-02-27 15:15:00,133.778,133.794,133.762,133.778,67
2020-02-27 15:16:00,133.794,133.794,133.762,133.762,20
2020-02-27 15:17:00,133.809,133.809,133.778,133.778,65
2020-02-27 15:18:00,133.794,133.825,133.778,133.825,59
2020-02-27 15:19:00,133.809,133.825,133.794,133.809,51
2020-02-27 15:20:00,133.825,133.825,133.794,133.794,48
2020-02-27 15:21:00,133.825,133.825,133.778,133.809,20
2020-02-27 15:22:00,133.794,133.825,133.778,133.818,13
2020-02-27 15:23:00,133.809,133.809,133.794,133.802,53
2020-02-27 15:24:00,133.778,133.794,133.778,133.794,26
2020-02-27 15:25:00,133.794,133.809,133.778,133.794,17
2020-02-27 15:26:00,133.825,133.825,133.794,133.809,56
2020-02-27 15:27:00,133.809,133.825,133.794,133.809,16
2020-02-27 15:28:00,133.762,133.809,133.762,133.802,44
2020-02-27 15:29:00,133.794,133.794,133.762,133.778,24
2020-02-27 15:30:00,133.778,133.809,133.778,133.809,50
2020-02-27 15:31:00,133.809,133.809,133.778,133.794,10
2020-02-27 15:32:00,133.856,133.856,133.809,133.825,18
2020-02-27 15:33:00,133.856,133.872,133.841,133.841,44
2020-02-27 15:34:00,133.934,133.934,133.872,133.872,34
2020-02-27 15:35:00,133.888,133.919,133.888,133.919,10
2020-02-27 15:36:00,133.825,133.888,133.809,133.872,19
2020-02-27 15:37:00,133.778,133.841,133.778,133.809,51
2020-02-27 15:38:00,133.778,133.809,133.778,133.794,49
2020-02-27 15:39:00,133.747,133.794,133.747,133.794,10
2020-02-27 15:40:00,133.747,133.778,133.747,133.762,37
2020-02-27 15:41:00,133.794,133.794,133.747,133.754,33
2020-02-27 15:42:00,133.794,133.809,133.778,133.778,19
2020-02-27 15:43:00,133.778,133.809,133.778,133.809,30
2020-02-27 15:44:00,133.809,133.809,133.778,133.794,16
2020-02-27 15:45:00,133.747,133.809,133.747,133.794,23
2020-02-27 15:46:00,133.778,133.809,133.762,133.762,22
2020-02-27 15:47:00,133.794,133.809,133.747,133.762,54
2020-02-27 15:48:00,133.825,133.841,133.809,133.809,45
2020-02-27 15:49:00,133.794,133.825,133.794,133.809,72
2020-02-27 15:50:00,133.794,133.809,133.778,133.809,34
2020-02-27 15:51:00,133.794,133.794,133.778,133.778,51
2020-02-27 15:52:00,133.778,133.778,133.762,133.778,26
2020-02-27 15:53:00,133.778,133.778,133.762,133.762,4
2020-02-27 15:54:00,133.762,133.794,133.762,133.794,14
2020-02-27 15:55:00,133.747,133.778,133.747,133.778,18
2020-02-27 15:56:00,133.716,133.747,133.716,133.731,4
2020-02-27 15:57:00,133.684,133.7,133.684,133.7,21
2020-02-27 15:58:00,133.637,133.684,133.637,133.669,27
2020-02-27 15:59:00,133.622,133.669,133.622,133.653,20
2020-02-27 16:00:00,133.622,133.669,133.622,133.637,36
2020-02-27 16:01:00,133.59,133.606,133.575,133.606,13
2020-02-27 16:02:00,133.637,133.637,133.59,133.606,26
2020-02-27 16:03:00,133.653,133.653,133.637,133.653,16
2020-02-27 16:04:00,133.637,133.653,133.622,133.637,24
2020-02-27 16:05:00,133.637,133.669,133.637,133.653,11
2020-02-27 16:06:00,133.575,133.637,133.575,133.63,27
2020-02-27 16:07:00,133.544,133.59,133.544,133.59,21
2020-02-27 16:08:00,133.559,133.559,133.544,133.559,9
2020-02-27 16:09:00,133.512,133.559,133.512,133.544,29
2020-02-27 16:10:00,133.497,133.544,133.481,133.528,53
2020-02-27 16:11:00,133.512,133.544,133.481,133.481,31
2020-02-27 16:12:00,133.512,133.528,133.481,133.528,52
2020-02-27 16:13:00,133.559,133.575,133.497,133.497,42
2020-02-27 16:14:00,133.544,133.575,133.528,133.544,26
2020-02-27 16:15:00,133.528,133.528,133.497,133.528,21
2020-02-27 16:16:00,133.528,133.544,133.497,133.544,34
2020-02-27 16:17:00,133.512,133.544,133.512,133.544,26
2020-02-27 16:18:00,133.512,133.528,133.465,133.528,20
2020-02-27 16:19:00,133.544,133.559,133.512,133.528,58
2020-02-27 16:20:00,133.559,133.575,133.528,133.528,21
2020-02-27 16:21:00,133.575,133.575,133.544,133.544,6
2020-02-27 16:22:00,133.575,133.575,133.559,133.568,3
2020-02-27 16:23:00,133.59,133.59,133.559,133.559,45
2020-02-27 16:24:00,133.59,133.606,133.575,133.606,16
2020-02-27 16:25:00,133.59,133.59,133.575,133.582,13
2020-02-27 16:26:00,133.559,133.59,133.544,133.575,20
2020-02-27 16:27:00,133.559,133.575,133.544,133.544,23
2020-02-27 16:28:00,133.606,133.606,133.575,133.575,24
2020-02-27 16:29:00,133.622,133.637,133.622,133.622,7
2020-02-27 16:30:00,133.637,133.637,133.606,133.606,12
2020-02-27 16:31:00,133.653,133.653,133.622,133.63,27
2020-02-27 16:32:00,133.59,133.637,133.59,133.637,15
2020-02-27 16:33:00,133.606,133.606,133.575,133.575,27
2020-02-27 16:34:00,133.606,133.622,133.59,133.59,23
2020-02-27 16:35:00,133.59,133.622,133.559,133.622,25
2020-02-27 16:36:00,133.622,133.622,133.59,133.598,12
2020-02-27 16:37:00,133.622,133.637,133.606,133.637,35
2020-02-27 16:38:00,133.637,133.653,133.622,133.637,18
2020-02-27 16:39:00,133.622,133.63,133.606,133.622,23
2020-02-27 16:40:00,133.606,133.637,133.575,133.637,33
2020-02-27 16:41:00,133.59,133.622,133.575,133.622,20
2020-02-27 16:42:00,133.559,133.59,133.559,133.575,16
2020-02-27 16:43:00,133.575,133.575,133.559,133.568,16
2020-02-27 16:44:00,133.575,133.59,133.575,133.59,6
2020-02-27 16:45:00,133.606,133.606,133.575,133.582,23
2020-02-27 16:46:00,133.606,133.606,133.575,133.59,24
2020-02-27 16:47:00,133.559,133.59,133.559,133.59,14
2020-02-27 16:48:00,133.559,133.575,133.559,133.575,2
2020-02-27 16:49:00,133.544,133.575,133.528,133.575,30
2020-02-27 16:50:00,133.528,133.559,133.528,133.559,12
2020-02-27 16:51:00,133.497,133.528,133.497,133.512,11
2020-02-27 16:52:00,133.481,133.512,133.481,133.512,14
2020-02-27 16:53:00,133.497,133.497,133.481,133.497,9
2020-02-27 16:54:00,133.481,133.481,133.465,133.481,10
2020-02-27 16:55:00,133.497,133.497,133.481,133.497,16
2020-02-27 16:56:00,133.465,133.481,133.465,133.481,2
2020-02-27 16:57:00,133.481,133.481,133.465,133.481,6
2020-02-27 16:58:00,133.45,133.481,133.45,133.465,8
2020-02-27 16:59:00,133.45,133.465,133.434,133.465,6
2020-02-27 17:00:00,133.465,133.465,133.45,133.465,11
2020-02-27 17:01:00,133.418,133.465,133.418,133.45,13
2020-02-27 17:02:00,133.418,133.434,133.403,133.434,28
2020-02-27 17:03:00,133.434,133.45,133.418,133.426,26
2020-02-27 17:04:00,133.434,133.434,133.418,133.426,26
2020-02-27 17:05:00,133.418,133.45,133.418,133.45,31
2020-02-27 17:06:00,133.387,133.403,133.387,133.403,15
2020-02-27 17:07:00,133.372,133.403,133.372,133.403,28
2020-02-27 17:08:00,133.356,133.372,133.34,133.356,25
2020-02-27 17:09:00,133.356,133.356,133.34,133.34,12
2020-02-27 17:10:00,133.325,133.34,133.309,133.34,21
2020-02-27 17:11:00,133.293,133.356,133.278,133.34,20
2020-02-27 17:12:00,133.309,133.309,133.293,133.302,24
2020-02-27 17:13:00,133.325,133.34,133.309,133.325,19
2020-02-27 17:14:00,133.293,133.34,133.293,133.34,31
2020-02-27 17:15:00,133.309,133.34,133.293,133.309,17
2020-02-27 17:16:00,133.356,133.356,133.325,133.325,28
2020-02-27 17:17:00,133.356,133.372,133.34,133.348,28
2020-02-27 17:18:00,133.356,133.387,133.34,133.372,20
2020-02-27 17:19:00,133.356,133.372,133.34,133.34,15
2020-02-27 17:20:00,133.387,133.403,133.356,133.372,21
2020-02-27 17:21:00,133.418,133.418,133.387,133.403,67
2020-02-27 17:22:00,133.418,133.434,133.403,133.403,37
2020-02-27 17:23:00,133.403,133.418,133.387,133.403,17
2020-02-27 17:24:00,133.434,133.434,133.41,133.418,4
2020-02-27 17:25:00,133.418,133.434,133.387,133.418,18
2020-02-27 17:26:00,133.403,133.418,133.387,133.403,12
2020-02-27 17:27:00,133.418,133.434,133.387,133.387,17
2020-02-27 17:28:00,133.403,133.434,133.403,133.434,32
2020-02-27 17:29:00,133.372,133.403,133.372,133.387,38
2020-02-27 17:30:00,133.325,133.387,133.325,133.387,28
2020-02-27 17:31:00,133.309,133.356,133.309,133.332,59
2020-02-27 17:32:00,133.278,133.309,133.278,133.293,8
2020-02-27 17:33:00,133.262,133.293,133.246,133.293,31
2020-02-27 17:34:00,133.246,133.262,133.231,133.246,43
2020-02-27 17:35:00,133.262,133.278,133.215,133.231,45
2020-02-27 17:36:00,133.262,133.278,133.246,133.278,14
2020-02-27 17:37:00,133.231,133.262,133.215,133.246,29
2020-02-27 17:38:00,133.231,133.246,133.231,133.246,25
2020-02-27 17:39:00,133.215,133.231,133.2,133.215,24
2020-02-27 17:40:00,133.246,133.246,133.215,133.231,34
2020-02-27 17:41:00,133.231,133.246,133.215,133.231,41
2020-02-27 17:42:00,133.231,133.246,133.215,133.215,24
2020-02-27 17:43:00,133.215,133.231,133.2,133.215,5
2020-02-27 17:44:00,133.231,133.246,133.215,133.231,32
2020-02-27 17:45:00,133.231,133.246,133.231,133.246,10
2020-02-27 17:46:00,133.215,133.246,133.215,133.215,14
2020-02-27 17:47:00,133.2,133.215,133.184,133.2,14
2020-02-27 17:48:00,133.215,133.231,133.2,133.208,33
2020-02-27 17:49:00,133.215,133.215,133.2,133.2,6
2020-02-27 17:50:00,133.2,133.215,133.2,133.2,5
2020-02-27 17:51:00,133.184,133.231,133.184,133.215,14
2020-02-27 17:52:00,133.2,133.215,133.168,133.168,33
2020-02-27 17:53:00,133.215,133.215,133.184,133.184,7
2020-02-27 17:54:00,133.231,133.246,133.2,133.2,7
2020-02-27 17:55:00,133.246,133.262,133.231,133.246,30
2020-02-27 17:56:00,133.246,133.262,133.246,133.262,14
2020-02-27 17:57:00,133.246,133.262,133.246,133.262,16
2020-02-27 17:58:00,133.278,133.278,133.246,133.262,6
2020-02-27 17:59:00,133.293,133.293,133.278,133.293,21
2020-02-27 18:00:00,133.293,133.309,133.278,133.286,13
2020-02-27 18:01:00,133.325,133.325,133.293,133.302,36
2020-02-27 18:02:00,133.215,133.325,133.168,133.316,112
2020-02-27 18:03:00,133.231,133.246,133.215,133.231,58
2020-02-27 18:04:00,133.231,133.231,133.2,133.215,44
2020-02-27 18:05:00,133.278,133.293,133.231,133.246,93
2020-02-27 18:06:00,133.309,133.309,133.293,133.293,63
2020-02-27 18:07:00,133.34,133.34,133.293,133.293,25
2020-02-27 18:08:00,133.34,133.34,133.325,133.325,20
2020-02-27 18:09:00,133.309,133.356,133.309,133.356,22
2020-02-27 18:10:00,133.278,133.293,133.278,133.293,6
2020-02-27 18:11:00,133.278,133.293,133.262,133.293,17
2020-02-27 18:12:00,133.309,133.309,133.278,133.286,8
2020-02-27 18:13:00,133.278,133.293,133.278,133.293,10
2020-02-27 18:14:00,133.293,133.293,133.278,133.293,10
2020-02-27 18:15:00,133.309,133.325,133.309,133.309,16
2020-02-27 18:16:00,133.325,133.34,133.325,133.325,9
2020-02-27 18:17:00,133.34,133.356,133.309,133.309,23
2020-02-27 18:18:00,133.34,133.356,133.325,133.356,26
2020-02-27 18:19:00,133.356,133.356,133.325,133.325,19
2020-02-27 18:20:00,133.34,133.356,133.34,133.34,6
2020-02-27 18:21:00,133.356,133.372,133.34,133.356,16
2020-02-27 18:22:00,133.372,133.372,133.356,133.364,16
2020-02-27 18:23:00,133.325,133.372,133.325,133.356,14
2020-02-27 18:24:00,133.34,133.34,133.325,133.34,17
2020-02-27 18:25:00,133.325,133.356,133.309,133.356,7
2020-02-27 18:26:00,133.34,133.356,133.309,133.309,24
2020-02-27 18:27:00,133.387,133.387,133.34,133.356,5
2020-02-27 18:28:00,133.418,133.418,133.372,133.372,23
2020-02-27 18:29:00,133.403,133.418,133.372,133.403,30
2020-02-27 18:30:00,133.387,133.403,133.372,133.387,12
2020-02-27 18:31:00,133.387,133.403,133.372,133.403,14
2020-02-27 18:32:00,133.372,133.372,133.34,133.372,15
2020-02-27 18:33:00,133.387,133.403,133.372,133.38,13
2020-02-27 18:34:00,133.403,133.403,133.372,133.372,52
2020-02-27 18:35:00,133.387,133.418,133.387,133.418,60
2020-02-27 18:36:00,133.434,133.434,133.387,133.403,31
2020-02-27 18:37:00,133.45,133.45,133.418,133.426,18
2020-02-27 18:38:00,133.45,133.45,133.418,133.434,18
2020-02-27 18:39:00,133.465,133.481,133.45,133.465,23
2020-02-27 18:40:00,133.434,133.465,133.434,133.45,10
2020-02-27 18:42:00,133.606,133.622,133.418,133.418,144
2020-02-27 18:43:00,133.559,133.653,133.559,133.59,122
2020-02-27 18:44:00,133.559,133.575,133.497,133.575,104
2020-02-27 18:45:00,133.544,133.559,133.512,133.544,44
2020-02-27 18:46:00,133.512,133.544,133.497,133.536,64
2020-02-27 18:47:00,133.497,133.528,133.481,133.528,31
2020-02-27 18:48:00,133.497,133.528,133.497,133.512,41
2020-02-27 18:49:00,133.481,133.528,133.481,133.512,22
2020-02-27 18:50:00,133.465,133.512,133.465,133.497,5
2020-02-27 18:51:00,133.481,133.497,133.45,133.474,18
2020-02-27 18:52:00,133.497,133.528,133.465,133.488,23
2020-02-27 18:53:00,133.465,133.481,133.45,133.481,10
2020-02-27 18:54:00,133.403,133.45,133.403,133.45,25
2020-02-27 18:55:00,133.403,133.434,133.403,133.41,10
2020-02-27 18:56:00,133.418,133.418,133.403,133.418,36
2020-02-27 18:57:00,133.45,133.497,133.403,133.403,59
2020-02-27 18:58:00,133.465,133.481,133.45,133.465,15
2020-02-27 18:59:00,133.497,133.512,133.481,133.481,34
2020-02-27 19:00:00,133.559,133.559,133.512,133.512,38
2020-02-27 19:01:00,133.543,133.59,133.512,133.543,53
2020-02-27 19:02:00,133.543,133.559,133.497,133.559,45
2020-02-27 19:03:00,133.559,133.559,133.528,133.559,12
2020-02-27 19:04:00,133.528,133.559,133.512,133.543,34
2020-02-27 19:05:00,133.528,133.528,133.497,133.512,30
2020-02-27 19:06:00,133.528,133.543,133.512,133.512,20
2020-02-27 19:07:00,133.528,133.559,133.512,133.52,11
2020-02-27 19:08:00,133.528,133.559,133.512,133.543,18
2020-02-27 19:09:00,133.559,133.559,133.543,133.543,14
2020-02-27 19:10:00,133.559,133.559,133.512,133.543,21
2020-02-27 19:11:00,133.559,133.559,133.528,133.552,33
2020-02-27 19:12:00,133.543,133.575,133.528,133.543,22
2020-02-27 19:13:00,133.559,133.575,133.528,133.528,24
2020-02-27 19:14:00,133.543,133.559,133.528,133.543,11
2020-02-27 19:15:00,133.512,133.528,133.497,133.528,41
2020-02-27 19:16:00,133.559,133.575,133.528,133.528,27
2020-02-27 19:17:00,133.497,133.575,133.481,133.575,30
2020-02-27 19:18:00,133.528,133.543,133.497,133.512,47
2020-02-27 19:19:00,133.559,133.559,133.512,133.512,13
2020-02-27 19:20:00,133.559,133.559,133.543,133.543,23
2020-02-27 19:21:00,133.543,133.559,133.543,133.543,13
2020-02-27 19:22:00,133.559,133.559,133.528,133.559,8
2020-02-27 19:23:00,133.528,133.559,133.512,133.543,15
2020-02-27 19:24:00,133.512,133.543,133.497,133.536,16
2020-02-27 19:25:00,133.497,133.528,133.497,133.528,10
2020-02-27 19:26:00,133.465,133.497,133.465,133.481,31
2020-02-27 19:27:00,133.481,133.497,133.481,133.481,10
2020-02-27 19:28:00,133.465,133.481,133.465,133.465,14
2020-02-27 19:29:00,133.434,133.45,133.434,133.45,20
2020-02-27 19:30:00,133.465,133.465,133.45,133.45,12
2020-02-27 19:31:00,133.465,133.481,133.465,133.481,10
2020-02-27 19:32:00,133.481,133.481,133.465,133.481,8
2020-02-27 19:33:00,133.497,133.497,133.481,133.497,3
2020-02-27 19:34:00,133.465,133.481,133.465,133.481,6
2020-02-27 19:35:00,133.45,133.45,133.45,133.45,1
2020-02-27 19:36:00,133.465,133.481,133.465,133.465,5
2020-02-27 19:37:00,133.465,133.481,133.465,133.481,17
2020-02-27 19:38:00,133.465,133.465,133.434,133.45,10
2020-02-27 19:39:00,133.481,133.481,133.474,133.474,2
2020-02-27 19:40:00,133.497,133.497,133.497,133.497,1
2020-02-27 19:41:00,133.481,133.497,133.481,133.481,5
2020-02-27 19:42:00,133.387,133.465,133.356,133.465,67
2020-02-27 19:43:00,133.387,133.387,133.371,133.371,6
2020-02-27 19:44:00,133.387,133.403,133.371,133.38,16
2020-02-27 19:45:00,133.387,133.403,133.387,133.403,14
2020-02-27 19:46:00,133.387,133.403,133.371,133.403,6
2020-02-27 19:47:00,133.356,133.403,133.356,133.394,49
2020-02-27 19:48:00,133.403,133.403,133.371,133.371,47
2020-02-27 19:49:00,133.403,133.418,133.387,133.387,15
2020-02-27 19:50:00,133.387,133.387,133.387,133.387,1
2020-02-27 19:51:00,133.387,133.403,133.387,133.403,2
2020-02-27 19:52:00,133.356,133.387,133.34,133.371,13
2020-02-27 19:53:00,133.356,133.356,133.34,133.34,7
2020-02-27 19:54:00,133.371,133.371,133.34,133.34,28
2020-02-27 19:55:00,133.371,133.387,133.356,133.38,14
2020-02-27 19:56:00,133.387,133.387,133.387,133.387,1
2020-02-27 19:57:00,133.403,133.403,133.387,133.403,4
2020-02-27 19:58:00,133.45,133.45,133.418,133.418,23
2020-02-27 19:59:00,133.403,133.45,133.403,133.434,11
2020-02-27 20:00:00,133.45,133.497,133.371,133.387,46
2020-02-27 20:01:00,133.481,133.481,133.465,133.465,2
2020-02-27 20:02:00,133.481,133.481,133.465,133.465,13
2020-02-27 20:03:00,133.497,133.497,133.488,133.488,2
2020-02-27 20:04:00,133.45,133.497,133.45,133.481,13
2020-02-27 20:05:00,133.434,133.45,133.434,133.434,10
2020-02-27 20:06:00,133.403,133.426,133.387,133.426,53
2020-02-27 20:07:00,133.387,133.403,133.387,133.387,45
2020-02-27 20:08:00,133.34,133.403,133.34,133.394,11
2020-02-27 20:09:00,133.325,133.34,133.325,133.325,19
2020-02-27 20:10:00,133.34,133.356,133.309,133.332,20
2020-02-27 20:11:00,133.356,133.371,133.34,133.356,13
2020-02-27 20:12:00,133.371,133.371,133.356,133.364,12
2020-02-27 20:13:00,133.387,133.387,133.356,133.356,7
2020-02-27 20:14:00,133.403,133.403,133.371,133.371,11
2020-02-27 20:15:00,133.403,133.418,133.403,133.418,2
2020-02-27 20:16:00,133.403,133.418,133.387,133.387,46
2020-02-27 20:17:00,133.403,133.403,133.387,133.387,3
2020-02-27 20:18:00,133.403,133.418,133.403,133.418,2
2020-02-27 20:19:00,133.418,133.434,133.403,133.418,18
2020-02-27 20:20:00,133.418,133.418,133.387,133.41,36
2020-02-27 20:21:00,133.403,133.403,133.403,133.403,1
2020-02-27 20:22:00,133.403,133.434,133.403,133.418,8
2020-02-27 20:23:00,133.418,133.434,133.403,133.418,13
2020-02-27 20:24:00,133.418,133.434,133.403,133.434,8
2020-02-27 20:25:00,133.403,133.434,133.403,133.403,9
2020-02-27 20:26:00,133.418,133.418,133.403,133.418,7
2020-02-27 20:27:00,133.387,133.418,133.387,133.403,8
2020-02-27 20:28:00,133.403,133.403,133.387,133.394,16
2020-02-27 20:29:00,133.434,133.434,133.418,133.418,4
2020-02-27 20:30:00,133.434,133.434,133.418,133.418,4
2020-02-27 20:31:00,133.434,133.45,133.434,133.45,4
2020-02-27 20:32:00,133.465,133.465,133.45,133.45,6
2020-02-27 20:33:00,133.45,133.465,133.45,133.45,6
2020-02-27 20:34:00,133.465,133.465,133.434,133.434,12
2020-02-27 20:35:00,133.481,133.497,133.481,133.481,3
2020-02-27 20:36:00,133.481,133.497,133.481,133.497,2
2020-02-27 20:37:00,133.465,133.497,133.465,133.497,8
2020-02-27 20:38:00,133.497,133.497,133.465,133.481,27
2020-02-27 20:39:00,133.512,133.512,133.497,133.504,41
2020-02-27 20:41:00,133.528,133.543,133.528,133.528,3
2020-02-27 20:43:00,133.512,133.543,133.512,133.543,3
2020-02-27 20:44:00,133.543,133.543,133.512,133.52,10
2020-02-27 20:45:00,133.528,133.543,133.497,133.528,56
2020-02-27 20:46:00,133.497,133.528,133.497,133.512,24
2020-02-27 20:47:00,133.481,133.512,133.481,133.481,23
2020-02-27 20:48:00,133.481,133.497,133.465,133.497,11
2020-02-27 20:49:00,133.45,133.481,133.45,133.465,21
2020-02-27 20:50:00,133.497,133.512,133.45,133.465,20
2020-02-27 20:51:00,133.528,133.528,133.497,133.512,16
2020-02-27 20:52:00,133.512,133.512,133.512,133.512,1
2020-02-27 20:53:00,133.497,133.512,133.481,133.497,26
2020-02-27 20:54:00,133.528,133.528,133.497,133.512,11
2020-02-27 20:55:00,133.528,133.528,133.512,133.512,14
2020-02-27 20:56:00,133.528,133.528,133.512,133.512,3
2020-02-27 20:57:00,133.559,133.559,133.543,133.543,6
2020-02-27 20:58:00,133.59,133.59,133.543,133.543,18
2020-02-27 20:59:00,133.575,133.606,133.559,133.606,46
2020-02-27 21:00:00,133.528,133.575,133.512,133.566,48
2020-02-27 21:01:00,133.59,133.606,133.512,133.512,48
2020-02-27 21:02:00,133.559,133.606,133.543,133.606,39
2020-02-27 21:03:00,133.575,133.575,133.543,133.543,27
2020-02-27 21:04:00,133.622,133.622,133.559,133.559,18
2020-02-27 21:05:00,133.622,133.622,133.606,133.606,35
2020-02-27 21:06:00,133.59,133.637,133.59,133.637,5
2020-02-27 21:07:00,133.653,133.653,133.59,133.606,14
2020-02-27 21:08:00,133.606,133.653,133.606,133.637,36
2020-02-27 21:09:00,133.622,133.637,133.606,133.622,41
2020-02-27 21:10:00,133.637,133.637,133.622,133.637,3
2020-02-27 21:11:00,133.653,133.653,133.622,133.622,18
2020-02-27 21:12:00,133.669,133.684,133.653,133.66,10
2020-02-27 21:13:00,133.653,133.684,133.637,133.684,12
2020-02-27 21:14:00,133.669,133.669,133.637,133.637,29
2020-02-27 21:15:00,133.653,133.669,133.637,133.653,15
2020-02-27 21:16:00,133.653,133.669,133.653,133.669,2
2020-02-27 21:17:00,133.669,133.669,133.669,133.669,1
2020-02-27 21:18:00,133.684,133.684,133.669,133.676,4
2020-02-27 21:19:00,133.684,133.7,133.669,133.7,8
2020-02-27 21:20:00,133.7,133.7,133.684,133.692,4
2020-02-27 21:22:00,133.715,133.715,133.7,133.708,4
2020-02-27 21:23:00,133.7,133.7,133.684,133.7,9
2020-02-27 21:24:00,133.684,133.7,133.684,133.692,5
2020-02-27 21:25:00,133.7,133.715,133.684,133.692,6
2020-02-27 21:26:00,133.731,133.731,133.708,133.708,11
2020-02-27 21:27:00,133.7,133.715,133.7,133.715,2
2020-02-27 21:29:00,133.668,133.7,133.668,133.692,9
2020-02-27 21:30:00,133.653,133.668,133.637,133.653,24
2020-02-27 21:31:00,133.622,133.637,133.606,133.637,11
2020-02-27 21:32:00,133.653,133.668,133.622,133.637,11
2020-02-27 21:33:00,133.653,133.668,133.653,133.668,6
2020-02-27 21:34:00,133.653,133.653,133.637,133.637,9
2020-02-27 21:35:00,133.637,133.668,133.637,133.668,6
2020-02-27 21:36:00,133.637,133.653,133.637,133.653,3
2020-02-27 21:37:00,133.637,133.653,133.637,133.653,6
2020-02-27 21:38:00,133.637,133.653,133.637,133.653,6
2020-02-27 21:40:00,133.668,133.668,133.653,133.653,16
2020-02-27 21:41:00,133.684,133.684,133.653,133.66,5
2020-02-27 21:42:00,133.684,133.7,133.668,133.692,16
2020-02-27 21:44:00,133.637,133.668,133.637,133.668,10
2020-02-27 21:46:00,133.637,133.653,133.637,133.653,2
2020-02-27 21:47:00,133.637,133.646,133.637,133.646,2
2020-02-27 21:48:00,133.637,133.653,133.637,133.646,7
2020-02-27 21:49:00,133.637,133.637,133.622,133.63,5
2020-02-27 21:50:00,133.653,133.653,133.637,133.653,7
2020-02-27 21:51:00,133.668,133.668,133.653,133.66,9
2020-02-27 21:53:00,133.692,133.7,133.668,133.684,44
2020-02-27 21:54:00,133.7,133.7,133.684,133.7,5
2020-02-27 21:55:00,133.7,133.7,133.684,133.684,23
2020-02-27 21:57:00,133.731,133.731,133.708,133.708,6
2020-02-27 21:58:00,133.715,133.731,133.715,133.715,3
2020-02-27 21:59:00,133.715,133.715,133.715,133.715,1
2020-02-27 23:00:00,133.653,133.715,133.606,133.715,62
2020-02-27 23:01:00,133.731,133.762,133.653,133.668,29
2020-02-27 23:02:00,133.715,133.747,133.684,133.738,35
2020-02-27 23:03:00,133.7,133.731,133.684,133.724,48
2020-02-27 23:04:00,133.668,133.7,133.668,133.684,19
2020-02-27 23:05:00,133.653,133.684,133.653,133.684,16
2020-02-27 23:06:00,133.637,133.637,133.59,133.637,123
2020-02-27 23:07:00,133.653,133.653,133.606,133.622,40
2020-02-27 23:08:00,133.684,133.715,133.637,133.637,35
2020-02-27 23:09:00,133.7,133.7,133.684,133.7,32
2020-02-27 23:10:00,133.747,133.762,133.7,133.715,20
2020-02-27 23:11:00,133.747,133.747,133.731,133.731,9
2020-02-27 23:12:00,133.731,133.762,133.731,133.738,19
2020-02-27 23:13:00,133.731,133.762,133.724,133.738,14
2020-02-27 23:14:00,133.715,133.747,133.715,133.724,13
2020-02-27 23:15:00,133.7,133.731,133.7,133.724,4
2020-02-27 23:16:00,133.747,133.754,133.7,133.715,15
2020-02-27 23:17:00,133.731,133.747,133.731,133.731,10
2020-02-27 23:18:00,133.731,133.747,133.715,133.715,50
2020-02-27 23:19:00,133.731,133.731,133.715,133.724,22
2020-02-27 23:20:00,133.715,133.731,133.7,133.715,14
2020-02-27 23:21:00,133.715,133.715,133.7,133.7,6
2020-02-27 23:22:00,133.715,133.715,133.7,133.7,2
2020-02-27 23:23:00,133.715,133.731,133.715,133.731,2
2020-02-27 23:24:00,133.7,133.7,133.7,133.7,1
2020-02-27 23:25:00,133.7,133.7,133.684,133.684,2
2020-02-27 23:26:00,133.684,133.7,133.668,133.684,32
2020-02-27 23:27:00,133.684,133.684,133.668,133.668,2
2020-02-27 23:28:00,133.715,133.731,133.7,133.7,16
2020-02-27 23:29:00,133.715,133.715,133.7,133.7,8
2020-02-27 23:30:00,133.715,133.731,133.684,133.731,13
2020-02-27 23:31:00,133.684,133.715,133.684,133.7,7
2020-02-27 23:32:00,133.7,133.7,133.684,133.7,4
2020-02-27 23:33:00,133.715,133.715,133.684,133.684,14
2020-02-27 23:34:00,133.731,133.747,133.715,133.731,13
2020-02-27 23:35:00,133.731,133.731,133.7,133.715,11
2020-02-27 23:36:00,133.747,133.747,133.715,133.724,16
2020-02-27 23:37:00,133.747,133.762,133.747,133.762,16
2020-02-27 23:38:00,133.762,133.778,133.731,133.738,34
2020-02-27 23:39:00,133.747,133.778,133.747,133.754,23
2020-02-27 23:40:00,133.715,133.747,133.715,133.738,15
2020-02-27 23:41:00,133.715,133.715,133.7,133.7,28
2020-02-27 23:42:00,133.7,133.715,133.7,133.7,7
2020-02-27 23:43:00,133.684,133.715,133.684,133.715,4
2020-02-27 23:44:00,133.684,133.684,133.668,133.668,11
2020-02-27 23:45:00,133.637,133.668,133.637,133.668,10
2020-02-27 23:46:00,133.637,133.653,133.637,133.653,14
2020-02-27 23:47:00,133.653,133.653,133.621,133.653,13
2020-02-27 23:48:00,133.621,133.653,133.621,133.644,8
2020-02-27 23:49:00,133.621,133.637,133.606,133.606,8
2020-02-27 23:50:00,133.637,133.637,133.621,133.637,3
2020-02-27 23:51:00,133.621,133.637,133.621,133.621,3
2020-02-27 23:52:00,133.637,133.637,133.621,133.637,9
2020-02-27 23:53:00,133.606,133.621,133.606,133.621,2
2020-02-27 23:54:00,133.59,133.606,133.59,133.59,11
2020-02-27 23:56:00,133.575,133.575,133.575,133.575,1
2020-02-27 23:57:00,133.559,133.575,133.559,133.559,5
2020-02-27 23:59:00,133.59,133.59,133.559,133.575,4
2020-02-28 00:00:00,133.543,133.59,133.543,133.582,16
2020-02-28 00:01:00,133.528,133.543,133.512,133.536,31
2020-02-28 00:02:00,133.575,133.575,133.543,133.543,13
2020-02-28 00:03:00,133.575,133.575,133.559,133.559,14
2020-02-28 00:04:00,133.575,133.575,133.559,133.559,8
2020-02-28 00:05:00,133.559,133.59,133.559,133.559,15
2020-02-28 00:06:00,133.575,133.575,133.559,133.566,15
2020-02-28 00:07:00,133.59,133.59,133.559,133.566,11
2020-02-28 00:08:00,133.59,133.59,133.575,133.582,13
2020-02-28 00:09:00,133.606,133.606,133.575,133.582,5
2020-02-28 00:10:00,133.606,133.606,133.59,133.59,5
2020-02-28 00:11:00,133.59,133.606,133.59,133.598,13
2020-02-28 00:12:00,133.606,133.606,133.59,133.606,21
2020-02-28 00:13:00,133.59,133.606,133.59,133.59,9
2020-02-28 00:15:00,133.606,133.621,133.59,133.606,12
2020-02-28 00:16:00,133.621,133.621,133.606,133.621,12
2020-02-28 00:18:00,133.606,133.637,133.606,133.63,16
2020-02-28 00:19:00,133.637,133.637,133.621,133.621,4
2020-02-28 00:20:00,133.653,133.668,133.653,133.653,7
2020-02-28 00:21:00,133.621,133.653,133.606,133.637,21
2020-02-28 00:22:00,133.606,133.621,133.606,133.606,7
2020-02-28 00:23:00,133.621,133.637,133.621,133.621,9
2020-02-28 00:24:00,133.637,133.637,133.621,133.637,17
2020-02-28 00:25:00,133.621,133.653,133.621,133.653,7
2020-02-28 00:26:00,133.637,133.637,133.621,133.637,3
2020-02-28 00:27:00,133.637,133.653,133.621,133.621,17
2020-02-28 00:28:00,133.637,133.653,133.621,133.621,9
2020-02-28 00:29:00,133.637,133.653,133.621,133.653,35
2020-02-28 00:30:00,133.606,133.637,133.606,133.63,20
2020-02-28 00:31:00,133.621,133.621,133.606,133.614,15
2020-02-28 00:32:00,133.59,133.621,133.59,133.606,19
2020-02-28 00:33:00,133.606,133.606,133.59,133.606,15
2020-02-28 00:34:00,133.575,133.606,133.575,133.59,27
2020-02-28 00:35:00,133.559,133.575,133.559,133.559,14
2020-02-28 00:36:00,133.575,133.575,133.559,133.575,18
2020-02-28 00:37:00,133.559,133.575,133.559,133.566,5
2020-02-28 00:38:00,133.59,133.59,133.559,133.566,8
2020-02-28 00:40:00,133.59,133.606,133.59,133.606,2
2020-02-28 00:41:00,133.59,133.606,133.59,133.606,12
2020-02-28 00:42:00,133.59,133.606,133.59,133.606,2
2020-02-28 00:43:00,133.559,133.582,133.559,133.582,3
2020-02-28 00:44:00,133.559,133.575,133.559,133.575,8
2020-02-28 00:45:00,133.575,133.575,133.559,133.575,8
2020-02-28 00:46:00,133.575,133.59,133.575,133.59,2
2020-02-28 00:47:00,133.575,133.575,133.559,133.559,6
2020-02-28 00:48:00,133.606,133.606,133.575,133.59,8
2020-02-28 00:49:00,133.621,133.621,133.606,133.621,8
2020-02-28 00:50:00,133.606,133.621,133.606,133.606,17
2020-02-28 00:51:00,133.621,133.621,133.606,133.621,22
2020-02-28 00:52:00,133.621,133.621,133.606,133.614,11
2020-02-28 00:54:00,133.653,133.653,133.621,133.637,15
2020-02-28 00:55:00,133.637,133.668,133.637,133.668,5
2020-02-28 00:56:00,133.621,133.637,133.621,133.621,5
2020-02-28 00:57:00,133.637,133.637,133.621,133.637,5
2020-02-28 00:58:00,133.637,133.637,133.621,133.621,9
2020-02-28 00:59:00,133.606,133.637,133.606,133.621,6
2020-02-28 01:00:00,133.606,133.621,133.559,133.59,36
2020-02-28 01:01:00,133.606,133.621,133.59,133.621,12
2020-02-28 01:02:00,133.653,133.653,133.606,133.621,9
2020-02-28 01:03:00,133.653,133.653,133.637,133.637,18
2020-02-28 01:04:00,133.653,133.668,133.637,133.637,16
2020-02-28 01:05:00,133.637,133.653,133.637,133.637,13
2020-02-28 01:06:00,133.653,133.653,133.637,133.653,23
2020-02-28 01:07:00,133.653,133.653,133.637,133.637,2
2020-02-28 01:08:00,133.668,133.7,133.668,133.668,28
2020-02-28 01:09:00,133.7,133.7,133.653,133.653,17
2020-02-28 01:10:00,133.684,133.7,133.668,133.684,15
2020-02-28 01:11:00,133.731,133.731,133.7,133.7,9
2020-02-28 01:12:00,133.715,133.731,133.7,133.715,19
2020-02-28 01:13:00,133.731,133.731,133.7,133.7,17
2020-02-28 01:14:00,133.762,133.762,133.731,133.747,19
2020-02-28 01:15:00,133.747,133.793,133.747,133.747,41
2020-02-28 01:16:00,133.778,133.778,133.762,133.762,27
2020-02-28 01:17:00,133.778,133.778,133.762,133.77,11
2020-02-28 01:18:00,133.762,133.778,133.762,133.762,12
2020-02-28 01:19:00,133.747,133.762,133.747,133.747,17
2020-02-28 01:20:00,133.762,133.778,133.762,133.762,3
2020-02-28 01:21:00,133.762,133.793,133.762,133.778,26
2020-02-28 01:22:00,133.747,133.778,133.747,133.77,4
2020-02-28 01:23:00,133.747,133.778,133.747,133.762,23
2020-02-28 01:24:00,133.762,133.762,133.747,133.762,3
2020-02-28 01:25:00,133.747,133.778,133.747,133.747,15
2020-02-28 01:26:00,133.762,133.762,133.762,133.762,1
2020-02-28 01:27:00,133.778,133.793,133.762,133.778,19
2020-02-28 01:28:00,133.793,133.809,133.778,133.793,32
2020-02-28 01:29:00,133.778,133.793,133.778,133.786,32
2020-02-28 01:30:00,133.762,133.793,133.747,133.793,31
2020-02-28 01:31:00,133.747,133.778,133.731,133.77,21
2020-02-28 01:32:00,133.747,133.762,133.747,133.762,25
2020-02-28 01:33:00,133.747,133.762,133.731,133.754,14
2020-02-28 01:34:00,133.731,133.762,133.731,133.762,18
2020-02-28 01:35:00,133.715,133.747,133.7,133.747,24
2020-02-28 01:36:00,133.731,133.731,133.715,133.724,17
2020-02-28 01:37:00,133.715,133.747,133.715,133.715,12
2020-02-28 01:38:00,133.731,133.731,133.715,133.731,7
2020-02-28 01:39:00,133.715,133.731,133.715,133.715,4
2020-02-28 01:40:00,133.731,133.731,133.715,133.731,35
2020-02-28 01:41:00,133.747,133.762,133.731,133.747,18
2020-02-28 01:42:00,133.747,133.747,133.731,133.731,2
2020-02-28 01:43:00,133.731,133.747,133.731,133.731,8
2020-02-28 01:44:00,133.731,133.747,133.731,133.747,2
2020-02-28 01:45:00,133.715,133.731,133.7,133.715,18
2020-02-28 01:46:00,133.7,133.715,133.7,133.7,13
2020-02-28 01:47:00,133.715,133.715,133.7,133.715,14
2020-02-28 01:48:00,133.715,133.715,133.7,133.7,10
2020-02-28 01:49:00,133.7,133.715,133.7,133.7,6
2020-02-28 01:51:00,133.715,133.715,133.7,133.715,5
2020-02-28 01:52:00,133.715,133.715,133.7,133.708,7
2020-02-28 01:53:00,133.715,133.731,133.7,133.7,13
2020-02-28 01:54:00,133.715,133.731,133.715,133.731,4
2020-02-28 01:55:00,133.715,133.731,133.715,133.731,2
2020-02-28 01:56:00,133.715,133.731,133.7,133.731,4
2020-02-28 01:57:00,133.684,133.715,133.684,133.708,15
2020-02-28 01:58:00,133.7,133.7,133.684,133.692,7
2020-02-28 01:59:00,133.7,133.7,133.684,133.692,4
2020-02-28 02:00:00,133.7,133.715,133.684,133.708,11
2020-02-28 02:01:00,133.7,133.7,133.684,133.684,19
2020-02-28 02:02:00,133.7,133.715,133.7,133.715,2
2020-02-28 02:03:00,133.715,133.715,133.7,133.715,3
2020-02-28 02:04:00,133.731,133.731,133.731,133.731,1
2020-02-28 02:05:00,133.715,133.731,133.715,133.715,6
2020-02-28 02:06:00,133.731,133.731,133.715,133.731,5
2020-02-28 02:07:00,133.715,133.731,133.715,133.715,3
2020-02-28 02:08:00,133.715,133.731,133.715,133.731,4
2020-02-28 02:12:00,133.684,133.7,133.684,133.7,16
2020-02-28 02:13:00,133.684,133.7,133.684,133.7,4
2020-02-28 02:14:00,133.684,133.7,133.684,133.7,2
2020-02-28 02:15:00,133.653,133.668,133.653,133.668,11
2020-02-28 02:16:00,133.684,133.684,133.653,133.668,23
2020-02-28 02:19:00,133.7,133.7,133.684,133.692,4
2020-02-28 02:20:00,133.684,133.7,133.684,133.684,3
2020-02-28 02:21:00,133.7,133.7,133.684,133.7,6
2020-02-28 02:23:00,133.715,133.715,133.7,133.715,7
2020-02-28 02:24:00,133.715,133.731,133.715,133.724,10
2020-02-28 02:25:00,133.731,133.731,133.715,133.731,5
2020-02-28 02:26:00,133.731,133.731,133.715,133.715,4
2020-02-28 02:27:00,133.746,133.762,133.746,133.746,5
2020-02-28 02:28:00,133.731,133.731,133.731,133.731,1
2020-02-28 02:29:00,133.731,133.731,133.715,133.715,2
2020-02-28 02:30:00,133.731,133.731,133.715,133.715,4
2020-02-28 02:32:00,133.731,133.746,133.731,133.746,15
2020-02-28 02:33:00,133.778,133.793,133.731,133.746,11
2020-02-28 02:34:00,133.746,133.778,133.746,133.762,22
2020-02-28 02:35:00,133.746,133.762,133.731,133.762,29
2020-02-28 02:36:00,133.762,133.762,133.746,133.762,14
2020-02-28 02:37:00,133.746,133.762,133.746,133.746,9
2020-02-28 02:38:00,133.746,133.762,133.731,133.762,6
2020-02-28 02:39:00,133.731,133.746,133.731,133.731,11
2020-02-28 02:40:00,133.715,133.731,133.715,133.724,14
2020-02-28 02:41:00,133.715,133.731,133.715,133.731,11
2020-02-28 02:42:00,133.731,133.731,133.715,133.731,14
2020-02-28 02:43:00,133.715,133.731,133.715,133.715,9
2020-02-28 02:44:00,133.7,133.715,133.7,133.7,9
2020-02-28 02:45:00,133.715,133.731,133.715,133.715,8
2020-02-28 02:46:00,133.731,133.731,133.715,133.731,7
2020-02-28 02:48:00,133.715,133.731,133.7,133.715,8
2020-02-28 02:49:00,133.715,133.715,133.7,133.7,21
2020-02-28 02:50:00,133.715,133.715,133.7,133.7,6
2020-02-28 02:52:00,133.731,133.731,133.731,133.731,1
2020-02-28 02:53:00,133.715,133.715,133.715,133.715,1
2020-02-28 02:54:00,133.715,133.731,133.715,133.731,8
2020-02-28 02:55:00,133.731,133.731,133.731,133.731,1
2020-02-28 02:56:00,133.715,133.731,133.715,133.715,21
2020-02-28 02:57:00,133.715,133.731,133.715,133.731,9
2020-02-28 02:58:00,133.731,133.731,133.731,133.731,1
2020-02-28 03:00:00,133.715,133.731,133.715,133.715,5
2020-02-28 03:01:00,133.715,133.731,133.715,133.731,8
2020-02-28 03:02:00,133.715,133.715,133.7,133.7,6
2020-02-28 03:03:00,133.715,133.715,133.7,133.7,2
2020-02-28 03:04:00,133.715,133.731,133.715,133.731,4
2020-02-28 03:05:00,133.731,133.731,133.715,133.731,15
2020-02-28 03:06:00,133.746,133.762,133.731,133.746,22
2020-02-28 03:07:00,133.746,133.762,133.746,133.762,25
2020-02-28 03:08:00,133.746,133.762,133.746,133.762,30
2020-02-28 03:09:00,133.746,133.746,133.731,133.731,6
2020-02-28 03:10:00,133.746,133.746,133.731,133.738,3
2020-02-28 03:11:00,133.731,133.731,133.715,133.731,5
2020-02-28 03:12:00,133.746,133.746,133.731,133.746,7
2020-02-28 03:13:00,133.746,133.762,133.746,133.754,24
2020-02-28 03:14:00,133.762,133.778,133.762,133.762,3
2020-02-28 03:15:00,133.762,133.762,133.746,133.746,13
2020-02-28 03:16:00,133.746,133.762,133.746,133.746,17
2020-02-28 03:17:00,133.762,133.762,133.731,133.738,6
2020-02-28 03:18:00,133.746,133.762,133.731,133.754,7
2020-02-28 03:19:00,133.762,133.762,133.746,133.754,6
2020-02-28 03:20:00,133.762,133.778,133.762,133.778,29
2020-02-28 03:21:00,133.778,133.778,133.762,133.778,3
2020-02-28 03:22:00,133.793,133.793,133.762,133.762,5
2020-02-28 03:23:00,133.825,133.825,133.793,133.809,7
2020-02-28 03:24:00,133.825,133.84,133.825,133.84,4
2020-02-28 03:25:00,133.825,133.856,133.825,133.84,18
2020-02-28 03:26:00,133.825,133.825,133.793,133.816,23
2020-02-28 03:27:00,133.84,133.84,133.809,133.809,10
2020-02-28 03:28:00,133.84,133.84,133.825,133.825,2
2020-02-28 03:29:00,133.825,133.856,133.809,133.825,26
2020-02-28 03:30:00,133.825,133.84,133.809,133.84,21
2020-02-28 03:31:00,133.856,133.872,133.825,133.84,19
2020-02-28 03:32:00,133.856,133.887,133.84,133.872,41
2020-02-28 03:33:00,133.856,133.856,133.84,133.84,20
2020-02-28 03:34:00,133.84,133.84,133.825,133.84,7
2020-02-28 03:35:00,133.84,133.856,133.825,133.825,30
2020-02-28 03:36:00,133.809,133.825,133.809,133.825,7
2020-02-28 03:37:00,133.778,133.809,133.778,133.793,6
2020-02-28 03:38:00,133.793,133.793,133.778,133.786,4
2020-02-28 03:39:00,133.793,133.809,133.793,133.809,27
2020-02-28 03:40:00,133.84,133.84,133.793,133.809,19
2020-02-28 03:41:00,133.84,133.872,133.825,133.856,25
2020-02-28 03:42:00,133.856,133.856,133.84,133.848,7
2020-02-28 03:43:00,133.856,133.856,133.825,133.84,7
2020-02-28 03:44:00,133.856,133.872,133.856,133.872,18
2020-02-28 03:45:00,133.825,133.872,133.825,133.84,20
2020-02-28 03:46:00,133.856,133.872,133.84,133.84,18
2020-02-28 03:47:00,133.872,133.872,133.84,133.848,8
2020-02-28 03:49:00,133.856,133.856,133.84,133.856,5
2020-02-28 03:50:00,133.825,133.856,133.825,133.84,8
2020-02-28 03:51:00,133.778,133.809,133.778,133.809,21
2020-02-28 03:52:00,133.778,133.793,133.762,133.793,58
2020-02-28 03:53:00,133.809,133.809,133.786,133.786,22
2020-02-28 03:54:00,133.809,133.809,133.793,133.793,2
2020-02-28 03:55:00,133.793,133.825,133.778,133.825,11
2020-02-28 03:56:00,133.778,133.793,133.762,133.778,14
2020-02-28 03:57:00,133.793,133.809,133.793,133.793,3
2020-02-28 03:58:00,133.778,133.793,133.778,133.778,4
2020-02-28 03:59:00,133.778,133.793,133.762,133.793,30
2020-02-28 04:00:00,133.746,133.778,133.731,133.762,24
2020-02-28 04:01:00,133.731,133.762,133.731,133.754,14
2020-02-28 04:02:00,133.746,133.746,133.731,133.746,5
2020-02-28 04:04:00,133.762,133.778,133.762,133.762,3
2020-02-28 04:05:00,133.762,133.762,133.746,133.746,11
2020-02-28 04:06:00,133.778,133.793,133.746,133.746,27
2020-02-28 04:07:00,133.746,133.77,133.746,133.77,15
2020-02-28 04:08:00,133.762,133.762,133.746,133.762,9
2020-02-28 04:09:00,133.746,133.778,133.746,133.778,17
2020-02-28 04:10:00,133.731,133.762,133.715,133.762,30
2020-02-28 04:11:00,133.746,133.746,133.731,133.746,11
2020-02-28 04:12:00,133.731,133.746,133.731,133.731,18
2020-02-28 04:13:00,133.746,133.746,133.731,133.738,10
2020-02-28 04:14:00,133.778,133.778,133.746,133.762,8
2020-02-28 04:15:00,133.778,133.778,133.762,133.762,6
2020-02-28 04:16:00,133.762,133.809,133.762,133.793,18
2020-02-28 04:17:00,133.746,133.778,133.746,133.778,16
2020-02-28 04:18:00,133.778,133.778,133.746,133.762,5
2020-02-28 04:19:00,133.762,133.762,133.746,133.762,19
2020-02-28 04:20:00,133.762,133.778,133.746,133.77,11
2020-02-28 04:21:00,133.778,133.793,133.762,133.778,11
2020-02-28 04:22:00,133.762,133.778,133.762,133.762,10
2020-02-28 04:23:00,133.778,133.778,133.762,133.778,5
2020-02-28 04:24:00,133.762,133.778,133.762,133.762,7
2020-02-28 04:25:00,133.778,133.793,133.778,133.778,8
2020-02-28 04:26:00,133.778,133.793,133.762,133.793,10
2020-02-28 04:27:00,133.778,133.778,133.762,133.762,8
2020-02-28 04:28:00,133.762,133.793,133.762,133.793,4
2020-02-28 04:29:00,133.762,133.762,133.746,133.754,13
2020-02-28 04:30:00,133.762,133.762,133.746,133.746,4
2020-02-28 04:31:00,133.762,133.778,133.746,133.778,6
2020-02-28 04:32:00,133.746,133.762,133.746,133.746,3
2020-02-28 04:33:00,133.762,133.762,133.746,133.762,9
2020-02-28 04:35:00,133.762,133.762,133.746,133.746,7
2020-02-28 04:36:00,133.746,133.762,133.746,133.746,9
2020-02-28 04:37:00,133.762,133.762,133.746,133.762,4
2020-02-28 04:38:00,133.762,133.762,133.746,133.754,9
2020-02-28 04:39:00,133.778,133.778,133.762,133.77,5
2020-02-28 04:40:00,133.809,133.825,133.778,133.793,33
2020-02-28 04:41:00,133.809,133.809,133.793,133.793,7
2020-02-28 04:42:00,133.793,133.825,133.793,133.825,10
2020-02-28 04:43:00,133.793,133.809,133.778,133.809,12
2020-02-28 04:44:00,133.809,133.809,133.793,133.809,3
2020-02-28 04:46:00,133.793,133.809,133.793,133.802,10
2020-02-28 04:48:00,133.809,133.809,133.793,133.802,4
2020-02-28 04:49:00,133.793,133.809,133.793,133.793,3
2020-02-28 04:50:00,133.809,133.825,133.809,133.809,7
2020-02-28 04:51:00,133.793,133.809,133.793,133.793,3
2020-02-28 04:55:00,133.825,133.825,133.809,133.809,2
2020-02-28 04:56:00,133.84,133.84,133.84,133.84,1
2020-02-28 04:57:00,133.825,133.84,133.825,133.825,3
2020-02-28 04:58:00,133.84,133.84,133.84,133.84,1
2020-02-28 04:59:00,133.825,133.84,133.825,133.832,4
2020-02-28 05:00:00,133.84,133.84,133.825,133.84,8
2020-02-28 05:01:00,133.84,133.84,133.825,133.832,5
2020-02-28 05:02:00,133.825,133.84,133.825,133.825,6
2020-02-28 05:03:00,133.84,133.84,133.832,133.832,2
2020-02-28 05:04:00,133.856,133.871,133.856,133.856,9
2020-02-28 05:05:00,133.856,133.856,133.84,133.84,2
2020-02-28 05:06:00,133.856,133.871,133.84,133.84,18
2020-02-28 05:07:00,133.871,133.887,133.856,133.871,22
2020-02-28 05:08:00,133.887,133.887,133.871,133.887,17
2020-02-28 05:09:00,133.871,133.903,133.871,133.871,16
2020-02-28 05:10:00,133.871,133.903,133.871,133.88,14
2020-02-28 05:11:00,133.825,133.871,133.809,133.856,25
2020-02-28 05:12:00,133.825,133.84,133.809,133.809,12
2020-02-28 05:14:00,133.825,133.84,133.825,133.84,11
2020-02-28 05:15:00,133.825,133.84,133.809,133.816,18
2020-02-28 05:16:00,133.856,133.856,133.825,133.84,20
2020-02-28 05:17:00,133.856,133.856,133.84,133.84,10
2020-02-28 05:18:00,133.856,133.856,133.84,133.84,22
2020-02-28 05:19:00,133.856,133.871,133.84,133.84,19
2020-02-28 05:20:00,133.871,133.887,133.856,133.871,21
2020-02-28 05:21:00,133.887,133.903,133.871,133.887,19
2020-02-28 05:22:00,133.871,133.887,133.871,133.88,6
2020-02-28 05:23:00,133.887,133.887,133.871,133.887,11
2020-02-28 05:24:00,133.903,133.918,133.903,133.903,4
2020-02-28 05:25:00,133.903,133.903,133.887,133.887,8
2020-02-28 05:26:00,133.903,133.903,133.887,133.887,22
2020-02-28 05:27:00,133.903,133.903,133.887,133.887,11
2020-02-28 05:28:00,133.887,133.903,133.887,133.887,3
2020-02-28 05:29:00,133.903,133.903,133.887,133.903,5
2020-02-28 05:30:00,133.887,133.903,133.871,133.887,29
2020-02-28 05:31:00,133.887,133.887,133.871,133.871,6
2020-02-28 05:32:00,133.871,133.887,133.871,133.871,8
2020-02-28 05:33:00,133.887,133.903,133.887,133.887,7
2020-02-28 05:34:00,133.903,133.903,133.887,133.903,10
2020-02-28 05:36:00,133.903,133.918,133.887,133.887,13
2020-02-28 05:37:00,133.918,133.934,133.918,133.918,20
2020-02-28 05:38:00,133.918,133.934,133.903,133.934,27
2020-02-28 05:39:00,133.918,133.934,133.918,133.926,3
2020-02-28 05:40:00,133.934,133.934,133.918,133.934,7
2020-02-28 05:41:00,133.934,133.934,133.918,133.918,6
2020-02-28 05:43:00,133.934,133.934,133.926,133.926,2
2020-02-28 05:44:00,133.918,133.918,133.918,133.918,1
2020-02-28 05:45:00,133.918,133.918,133.91,133.91,2
2020-02-28 05:46:00,133.903,133.918,133.903,133.918,2
2020-02-28 05:47:00,133.918,133.918,133.903,133.918,6
2020-02-28 05:48:00,133.918,133.918,133.903,133.903,8
2020-02-28 05:49:00,133.934,133.934,133.903,133.91,21
2020-02-28 05:50:00,133.918,133.934,133.903,133.918,27
2020-02-28 05:52:00,133.934,133.934,133.918,133.926,26
2020-02-28 05:53:00,133.918,133.934,133.91,133.926,17
2020-02-28 05:54:00,133.934,133.934,133.918,133.934,13
2020-02-28 05:55:00,133.934,133.95,133.918,133.95,21
2020-02-28 05:56:00,133.934,133.95,133.934,133.95,7
2020-02-28 05:57:00,133.934,133.95,133.934,133.942,3
2020-02-28 05:58:00,133.934,133.934,133.918,133.918,16
2020-02-28 05:59:00,133.903,133.934,133.903,133.918,33
2020-02-28 06:00:00,133.903,133.903,133.871,133.887,25
2020-02-28 06:01:00,133.903,133.918,133.903,133.91,9
2020-02-28 06:02:00,133.918,133.918,133.903,133.918,16
2020-02-28 06:03:00,133.934,133.934,133.903,133.903,8
2020-02-28 06:04:00,133.903,133.934,133.903,133.918,17
2020-02-28 06:05:00,133.918,133.918,133.903,133.918,11
2020-02-28 06:06:00,133.918,133.918,133.903,133.903,21
2020-02-28 06:07:00,133.918,133.934,133.903,133.903,40
2020-02-28 06:08:00,133.918,133.918,133.903,133.903,7
2020-02-28 06:10:00,133.918,133.934,133.903,133.903,8
2020-02-28 06:11:00,133.918,133.934,133.918,133.934,4
2020-02-28 06:12:00,133.918,133.918,133.903,133.903,22
2020-02-28 06:13:00,133.934,133.934,133.903,133.91,10
2020-02-28 06:14:00,133.95,133.95,133.918,133.918,9
2020-02-28 06:15:00,133.903,133.934,133.887,133.934,36
2020-02-28 06:16:00,133.918,133.934,133.903,133.918,36
2020-02-28 06:17:00,133.918,133.934,133.918,133.926,12
2020-02-28 06:18:00,133.918,133.918,133.903,133.903,2
2020-02-28 06:19:00,133.934,133.934,133.918,133.934,7
2020-02-28 06:20:00,133.95,133.95,133.934,133.95,9
2020-02-28 06:21:00,133.95,133.95,133.934,133.942,10
2020-02-28 06:22:00,133.965,133.965,133.965,133.965,1
2020-02-28 06:23:00,133.95,133.965,133.95,133.95,6
2020-02-28 06:24:00,133.965,133.965,133.95,133.965,6
2020-02-28 06:25:00,133.95,133.965,133.95,133.95,11
2020-02-28 06:27:00,133.965,133.965,133.95,133.965,7
2020-02-28 06:28:00,133.965,133.965,133.95,133.95,9
2020-02-28 06:29:00,133.965,133.981,133.95,133.974,10
2020-02-28 06:30:00,133.965,133.981,133.95,133.95,11
2020-02-28 06:31:00,133.95,133.95,133.95,133.95,1
2020-02-28 06:35:00,133.95,133.965,133.95,133.958,9
2020-02-28 06:36:00,133.934,133.95,133.934,133.934,5
2020-02-28 06:37:00,133.934,133.95,133.934,133.95,4
2020-02-28 06:38:00,133.934,133.95,133.934,133.95,7
2020-02-28 06:39:00,133.95,133.95,133.95,133.95,1
2020-02-28 06:40:00,133.95,133.965,133.95,133.965,2
2020-02-28 06:41:00,133.965,133.965,133.95,133.965,13
2020-02-28 06:43:00,133.981,133.981,133.965,133.974,15
2020-02-28 06:44:00,133.965,133.981,133.965,133.965,3
2020-02-28 06:45:00,133.965,133.965,133.95,133.95,16
2020-02-28 06:46:00,133.965,133.981,133.965,133.981,5
2020-02-28 06:47:00,134.012,134.028,133.965,133.981,39
2020-02-28 06:48:00,134.028,134.028,134.012,134.02,6
2020-02-28 06:49:00,134.028,134.028,134.012,134.02,4
2020-02-28 06:50:00,134.043,134.043,134.028,134.043,3
2020-02-28 06:51:00,134.043,134.043,134.028,134.028,4
2020-02-28 06:52:00,134.075,134.075,134.043,134.052,11
2020-02-28 06:53:00,134.09,134.09,134.075,134.09,8
2020-02-28 06:54:00,134.09,134.09,134.075,134.075,13
2020-02-28 06:55:00,134.075,134.09,134.059,134.075,12
2020-02-28 06:56:00,134.075,134.075,134.059,134.066,17
2020-02-28 06:57:00,134.075,134.075,134.059,134.059,7
2020-02-28 06:58:00,134.059,134.059,134.059,134.059,1
2020-02-28 06:59:00,134.028,134.059,134.028,134.052,23
2020-02-28 07:00:00,133.997,134.043,133.965,134.043,133
2020-02-28 07:01:00,134.012,134.043,134.012,134.012,44
2020-02-28 07:02:00,134.012,134.043,134.012,134.028,11
2020-02-28 07:03:00,134.012,134.012,133.997,133.997,14
2020-02-28 07:04:00,134.043,134.043,134.012,134.028,13
2020-02-28 07:05:00,134.012,134.043,133.997,134.028,32
2020-02-28 07:06:00,134.012,134.012,133.997,134.004,47
2020-02-28 07:07:00,134.028,134.043,134.012,134.028,18
2020-02-28 07:08:00,134.028,134.028,134.012,134.02,24
2020-02-28 07:09:00,134.059,134.075,134.028,134.043,11
2020-02-28 07:10:00,134.075,134.075,134.059,134.066,43
2020-02-28 07:11:00,134.09,134.106,134.059,134.066,13
2020-02-28 07:12:00,134.106,134.106,134.075,134.106,10
2020-02-28 07:13:00,134.106,134.106,134.09,134.09,8
2020-02-28 07:14:00,134.122,134.122,134.09,134.09,48
2020-02-28 07:15:00,134.122,134.122,134.09,134.106,23
2020-02-28 07:16:00,134.137,134.153,134.122,134.137,28
2020-02-28 07:17:00,134.137,134.169,134.122,134.153,33
2020-02-28 07:18:00,134.122,134.153,134.122,134.153,11
2020-02-28 07:19:00,134.137,134.137,134.122,134.137,9
2020-02-28 07:20:00,134.153,134.153,134.137,134.153,13
2020-02-28 07:21:00,134.106,134.153,134.106,134.137,29
2020-02-28 07:22:00,134.106,134.122,134.106,134.122,12
2020-02-28 07:23:00,134.153,134.153,134.106,134.122,10
2020-02-28 07:24:00,134.106,134.137,134.106,134.137,32
2020-02-28 07:25:00,134.106,134.122,134.098,134.122,16
2020-02-28 07:26:00,134.122,134.122,134.09,134.098,5
2020-02-28 07:27:00,134.09,134.122,134.09,134.106,22
2020-02-28 07:28:00,134.09,134.106,134.09,134.106,47
2020-02-28 07:29:00,134.122,134.122,134.09,134.106,22
2020-02-28 07:30:00,134.122,134.137,134.106,134.106,17
2020-02-28 07:31:00,134.106,134.137,134.09,134.114,18
2020-02-28 07:32:00,134.137,134.137,134.106,134.122,20
2020-02-28 07:33:00,134.137,134.137,134.106,134.122,44
2020-02-28 07:34:00,134.137,134.153,134.122,134.13,44
2020-02-28 07:35:00,134.168,134.168,134.137,134.153,21
2020-02-28 07:36:00,134.215,134.215,134.168,134.184,43
2020-02-28 07:37:00,134.231,134.231,134.2,134.2,7
2020-02-28 07:38:00,134.231,134.231,134.215,134.224,17
2020-02-28 07:39:00,134.231,134.262,134.231,134.247,43
2020-02-28 07:40:00,134.278,134.294,134.231,134.238,74
2020-02-28 07:41:00,134.278,134.278,134.262,134.262,13
2020-02-28 07:42:00,134.278,134.294,134.262,134.262,17
2020-02-28 07:43:00,134.309,134.309,134.278,134.286,37
2020-02-28 07:44:00,134.309,134.309,134.278,134.294,20
2020-02-28 07:45:00,134.278,134.309,134.262,134.294,16
2020-02-28 07:46:00,134.231,134.262,134.231,134.262,42
2020-02-28 07:47:00,134.247,134.262,134.215,134.215,42
2020-02-28 07:48:00,134.231,134.262,134.215,134.262,14
2020-02-28 07:49:00,134.231,134.231,134.215,134.215,17
2020-02-28 07:50:00,134.231,134.231,134.215,134.215,5
2020-02-28 07:51:00,134.247,134.262,134.247,134.247,17
2020-02-28 07:52:00,134.294,134.294,134.247,134.262,17
2020-02-28 07:53:00,134.278,134.294,134.262,134.278,26
2020-02-28 07:54:00,134.278,134.294,134.262,134.262,65
2020-02-28 07:55:00,134.309,134.325,134.262,134.294,37
2020-02-28 07:56:00,134.309,134.309,134.294,134.302,11
2020-02-28 07:57:00,134.294,134.309,134.294,134.302,13
2020-02-28 07:58:00,134.34,134.356,134.309,134.309,24
2020-02-28 07:59:00,134.356,134.372,134.34,134.356,6
2020-02-28 08:00:00,134.309,134.372,134.294,134.372,21
2020-02-28 08:01:00,134.294,134.325,134.262,134.302,50
2020-02-28 08:02:00,134.262,134.294,134.247,134.278,58
2020-02-28 08:03:00,134.247,134.262,134.231,134.247,51
2020-02-28 08:04:00,134.231,134.262,134.231,134.231,52
2020-02-28 08:05:00,134.247,134.247,134.2,134.215,61
2020-02-28 08:06:00,134.247,134.278,134.247,134.262,75
2020-02-28 08:07:00,134.247,134.262,134.231,134.262,45
2020-02-28 08:08:00,134.278,134.294,134.247,134.262,49
2020-02-28 08:09:00,134.231,134.294,134.231,134.294,57
2020-02-28 08:10:00,134.231,134.247,134.215,134.224,72
2020-02-28 08:11:00,134.215,134.231,134.2,134.215,42
2020-02-28 08:12:00,134.184,134.215,134.184,134.2,41
2020-02-28 08:13:00,134.215,134.215,134.168,134.168,61
2020-02-28 08:14:00,134.262,134.262,134.215,134.224,54
2020-02-28 08:15:00,134.262,134.278,134.215,134.278,40
2020-02-28 08:16:00,134.247,134.262,134.215,134.247,45
2020-02-28 08:17:00,134.231,134.262,134.231,134.231,31
2020-02-28 08:18:00,134.2,134.231,134.184,134.224,63
2020-02-28 08:19:00,134.215,134.231,134.2,134.215,37
2020-02-28 08:20:00,134.184,134.231,134.184,134.231,54
2020-02-28 08:21:00,134.168,134.184,134.153,134.168,41
2020-02-28 08:22:00,134.137,134.168,134.122,134.153,46
2020-02-28 08:23:00,134.184,134.184,134.137,134.153,31
2020-02-28 08:24:00,134.137,134.184,134.137,134.176,34
2020-02-28 08:25:00,134.168,134.168,134.137,134.146,19
2020-02-28 08:26:00,134.153,134.168,134.137,134.153,29
2020-02-28 08:27:00,134.168,134.184,134.137,134.137,56
2020-02-28 08:28:00,134.215,134.231,134.168,134.184,33
2020-02-28 08:29:00,134.247,134.247,134.2,134.208,36
2020-02-28 08:30:00,134.247,134.262,134.215,134.238,56
2020-02-28 08:31:00,134.262,134.278,134.247,134.262,38
2020-02-28 08:32:00,134.294,134.309,134.262,134.278,40
2020-02-28 08:33:00,134.309,134.309,134.278,134.278,12
2020-02-28 08:34:00,134.309,134.325,134.278,134.294,23
2020-02-28 08:35:00,134.325,134.325,134.294,134.325,27
2020-02-28 08:36:00,134.294,134.34,134.262,134.309,58
2020-02-28 08:37:00,134.325,134.34,134.278,134.286,49
2020-02-28 08:38:00,134.294,134.325,134.294,134.309,35
2020-02-28 08:39:00,134.309,134.325,134.262,134.309,68
2020-02-28 08:40:00,134.231,134.294,134.231,134.294,54
2020-02-28 08:41:00,134.215,134.247,134.215,134.247,36
2020-02-28 08:42:00,134.231,134.247,134.215,134.231,20
2020-02-28 08:43:00,134.231,134.231,134.215,134.215,50
2020-02-28 08:44:00,134.278,134.278,134.215,134.215,28
2020-02-28 08:45:00,134.278,134.294,134.262,134.27,27
2020-02-28 08:46:00,134.309,134.325,134.278,134.286,84
2020-02-28 08:47:00,134.34,134.34,134.294,134.294,35
2020-02-28 08:48:00,134.356,134.356,134.309,134.325,19
2020-02-28 08:49:00,134.34,134.356,134.34,134.34,5
2020-02-28 08:50:00,134.356,134.372,134.325,134.325,42
2020-02-28 08:51:00,134.34,134.356,134.309,134.34,52
2020-02-28 08:52:00,134.325,134.34,134.309,134.325,10
2020-02-28 08:53:00,134.356,134.372,134.332,134.332,22
2020-02-28 08:54:00,134.372,134.372,134.356,134.372,21
2020-02-28 08:55:00,134.356,134.372,134.34,134.364,24
2020-02-28 08:56:00,134.356,134.356,134.309,134.34,47
2020-02-28 08:57:00,134.387,134.403,134.356,134.364,26
2020-02-28 08:58:00,134.372,134.387,134.372,134.372,25
2020-02-28 08:59:00,134.372,134.387,134.372,134.387,15
2020-02-28 09:00:00,134.403,134.419,134.356,134.356,39
2020-02-28 09:01:00,134.434,134.45,134.403,134.419,37
2020-02-28 09:02:00,134.434,134.434,134.403,134.419,23
2020-02-28 09:03:00,134.45,134.45,134.419,134.419,17
2020-02-28 09:04:00,134.434,134.434,134.434,134.434,1
2020-02-28 09:05:00,134.419,134.434,134.419,134.419,9
2020-02-28 09:06:00,134.403,134.403,134.372,134.403,9
2020-02-28 09:07:00,134.387,134.387,134.356,134.387,7
2020-02-28 09:08:00,134.403,134.403,134.38,134.403,14
2020-02-28 09:09:00,134.419,134.419,134.403,134.419,14
2020-02-28 09:10:00,134.419,134.419,134.387,134.403,20
2020-02-28 09:11:00,134.372,134.419,134.372,134.41,30
2020-02-28 09:12:00,134.372,134.387,134.34,134.387,22
2020-02-28 09:13:00,134.403,134.419,134.387,134.387,25
2020-02-28 09:14:00,134.403,134.419,134.387,134.419,23
2020-02-28 09:15:00,134.403,134.403,134.372,134.396,27
2020-02-28 09:16:00,134.419,134.419,134.403,134.419,33
2020-02-28 09:17:00,134.387,134.403,134.372,134.403,24
2020-02-28 09:18:00,134.434,134.434,134.403,134.403,15
2020-02-28 09:19:00,134.419,134.419,134.403,134.419,8
2020-02-28 09:20:00,134.45,134.45,134.419,134.434,4
2020-02-28 09:21:00,134.481,134.497,134.434,134.442,32
2020-02-28 09:22:00,134.497,134.497,134.481,134.497,15
2020-02-28 09:23:00,134.528,134.559,134.497,134.512,49
2020-02-28 09:24:00,134.528,134.544,134.497,134.544,19
2020-02-28 09:25:00,134.559,134.559,134.528,134.544,17
2020-02-28 09:26:00,134.528,134.559,134.528,134.544,26
2020-02-28 09:27:00,134.544,134.559,134.528,134.544,41
2020-02-28 09:28:00,134.544,134.559,134.528,134.559,21
2020-02-28 09:29:00,134.559,134.575,134.528,134.559,22
2020-02-28 09:30:00,134.637,134.637,134.559,134.568,48
2020-02-28 09:31:00,134.622,134.637,134.606,134.622,39
2020-02-28 09:32:00,134.559,134.622,134.559,134.606,31
2020-02-28 09:33:00,134.575,134.591,134.544,134.544,61
2020-02-28 09:34:00,134.606,134.606,134.575,134.591,61
2020-02-28 09:35:00,134.653,134.669,134.606,134.622,40
2020-02-28 09:36:00,134.684,134.684,134.653,134.669,37
2020-02-28 09:37:00,134.7,134.716,134.669,134.669,32
2020-02-28 09:38:00,134.669,134.7,134.669,134.684,11
2020-02-28 09:39:00,134.637,134.653,134.637,134.653,14
2020-02-28 09:40:00,134.606,134.653,134.606,134.653,19
2020-02-28 09:41:00,134.606,134.606,134.591,134.591,6
2020-02-28 09:42:00,134.622,134.637,134.622,134.622,22
2020-02-28 09:43:00,134.591,134.637,134.591,134.606,22
2020-02-28 09:44:00,134.622,134.622,134.559,134.575,45
2020-02-28 09:45:00,134.606,134.653,134.591,134.606,62
2020-02-28 09:46:00,134.559,134.622,134.559,134.622,80
2020-02-28 09:47:00,134.559,134.575,134.544,134.544,40
2020-02-28 09:48:00,134.512,134.559,134.512,134.544,42
2020-02-28 09:49:00,134.497,134.528,134.497,134.528,17
2020-02-28 09:50:00,134.465,134.544,134.465,134.512,49
2020-02-28 09:51:00,134.481,134.528,134.45,134.481,47
2020-02-28 09:52:00,134.497,134.512,134.481,134.497,20
2020-02-28 09:53:00,134.512,134.544,134.497,134.512,25
2020-02-28 09:54:00,134.544,134.575,134.497,134.52,41
2020-02-28 09:55:00,134.528,134.544,134.512,134.528,70
2020-02-28 09:56:00,134.481,134.528,134.481,134.52,23
2020-02-28 09:57:00,134.465,134.497,134.45,134.497,33
2020-02-28 09:58:00,134.45,134.465,134.45,134.45,17
2020-02-28 09:59:00,134.45,134.465,134.434,134.465,77
2020-02-28 10:00:00,134.387,134.45,134.387,134.434,52
2020-02-28 10:01:00,134.372,134.387,134.356,134.372,14
2020-02-28 10:02:00,134.372,134.387,134.356,134.356,50
2020-02-28 10:03:00,134.356,134.372,134.325,134.356,19
2020-02-28 10:04:00,134.372,134.403,134.34,134.34,14
2020-02-28 10:05:00,134.356,134.387,134.348,134.387,29
2020-02-28 10:06:00,134.372,134.372,134.356,134.372,8
2020-02-28 10:07:00,134.387,134.387,134.372,134.387,7
2020-02-28 10:08:00,134.387,134.434,134.372,134.372,30
2020-02-28 10:09:00,134.434,134.434,134.372,134.372,21
2020-02-28 10:10:00,134.45,134.45,134.419,134.419,20
2020-02-28 10:11:00,134.481,134.481,134.45,134.465,32
2020-02-28 10:12:00,134.481,134.497,134.45,134.465,34
2020-02-28 10:13:00,134.465,134.512,134.465,134.497,29
2020-02-28 10:14:00,134.465,134.481,134.45,134.45,29
2020-02-28 10:15:00,134.497,134.497,134.465,134.474,8
2020-02-28 10:16:00,134.512,134.512,134.481,134.481,12
2020-02-28 10:17:00,134.481,134.512,134.481,134.497,9
2020-02-28 10:18:00,134.497,134.512,134.465,134.497,9
2020-02-28 10:19:00,134.465,134.497,134.45,134.488,26
2020-02-28 10:20:00,134.45,134.481,134.45,134.481,22
2020-02-28 10:21:00,134.434,134.465,134.434,134.465,54
2020-02-28 10:22:00,134.419,134.434,134.403,134.426,38
2020-02-28 10:23:00,134.403,134.434,134.403,134.403,23
2020-02-28 10:24:00,134.372,134.403,134.372,134.387,28
2020-02-28 10:25:00,134.356,134.387,134.34,134.356,43
2020-02-28 10:26:00,134.34,134.372,134.34,134.372,19
2020-02-28 10:27:00,134.34,134.356,134.34,134.356,55
2020-02-28 10:28:00,134.293,134.356,134.293,134.356,26
2020-02-28 10:29:00,134.293,134.309,134.278,134.278,63
2020-02-28 10:30:00,134.309,134.325,134.293,134.309,20
2020-02-28 10:31:00,134.356,134.372,134.309,134.325,20
2020-02-28 10:32:00,134.325,134.356,134.325,134.34,29
2020-02-28 10:33:00,134.325,134.34,134.325,134.34,26
2020-02-28 10:34:00,134.34,134.34,134.309,134.332,17
2020-02-28 10:35:00,134.325,134.34,134.293,134.325,14
2020-02-28 10:36:00,134.325,134.34,134.325,134.34,40
2020-02-28 10:37:00,134.309,134.356,134.309,134.34,18
2020-02-28 10:38:00,134.293,134.309,134.293,134.293,23
2020-02-28 10:39:00,134.309,134.325,134.293,134.302,15
2020-02-28 10:40:00,134.34,134.34,134.309,134.325,17
2020-02-28 10:41:00,134.34,134.34,134.325,134.325,22
2020-02-28 10:42:00,134.356,134.372,134.34,134.356,31
2020-02-28 10:43:00,134.356,134.372,134.34,134.372,20
2020-02-28 10:44:00,134.356,134.356,134.34,134.34,9
2020-02-28 10:45:00,134.34,134.356,134.325,134.34,16
2020-02-28 10:46:00,134.372,134.387,134.34,134.356,20
2020-02-28 10:47:00,134.372,134.387,134.356,134.387,16
2020-02-28 10:48:00,134.387,134.387,134.372,134.38,17
2020-02-28 10:49:00,134.403,134.419,134.356,134.372,15
2020-02-28 10:50:00,134.387,134.403,134.372,134.387,11
2020-02-28 10:51:00,134.403,134.419,134.372,134.372,43
2020-02-28 10:52:00,134.419,134.434,134.403,134.419,19
2020-02-28 10:53:00,134.434,134.434,134.419,134.434,8
2020-02-28 10:54:00,134.434,134.45,134.419,134.419,11
2020-02-28 10:55:00,134.403,134.434,134.403,134.419,21
2020-02-28 10:56:00,134.419,134.434,134.403,134.41,24
2020-02-28 10:57:00,134.434,134.434,134.419,134.426,18
2020-02-28 10:58:00,134.434,134.45,134.434,134.45,2
2020-02-28 10:59:00,134.45,134.45,134.45,134.45,1
2020-02-28 11:00:00,134.434,134.45,134.434,134.434,5
2020-02-28 11:01:00,134.419,134.434,134.419,134.419,10
2020-02-28 11:02:00,134.419,134.434,134.419,134.434,10
2020-02-28 11:03:00,134.465,134.481,134.419,134.434,13
2020-02-28 11:04:00,134.465,134.465,134.434,134.45,12
2020-02-28 11:05:00,134.481,134.481,134.45,134.45,7
2020-02-28 11:06:00,134.465,134.481,134.465,134.465,3
2020-02-28 11:07:00,134.481,134.481,134.465,134.481,13
2020-02-28 11:09:00,134.434,134.465,134.419,134.465,8
2020-02-28 11:10:00,134.45,134.45,134.434,134.45,11
2020-02-28 11:11:00,134.45,134.465,134.45,134.465,11
2020-02-28 11:12:00,134.45,134.45,134.434,134.434,12
2020-02-28 11:13:00,134.45,134.465,134.434,134.434,11
2020-02-28 11:14:00,134.465,134.465,134.434,134.434,21
2020-02-28 11:15:00,134.434,134.465,134.434,134.45,4
2020-02-28 11:16:00,134.481,134.481,134.442,134.442,8
2020-02-28 11:17:00,134.465,134.481,134.45,134.465,17
2020-02-28 11:18:00,134.465,134.481,134.45,134.45,12
2020-02-28 11:19:00,134.434,134.465,134.419,134.45,38
2020-02-28 11:20:00,134.434,134.45,134.434,134.45,7
2020-02-28 11:21:00,134.465,134.465,134.45,134.45,13
2020-02-28 11:22:00,134.434,134.481,134.434,134.481,14
2020-02-28 11:23:00,134.45,134.465,134.45,134.45,3
2020-02-28 11:24:00,134.481,134.481,134.458,134.458,4
2020-02-28 11:25:00,134.434,134.465,134.419,134.465,6
2020-02-28 11:26:00,134.403,134.426,134.403,134.419,7
2020-02-28 11:27:00,134.434,134.45,134.403,134.419,18
2020-02-28 11:28:00,134.465,134.465,134.434,134.45,8
2020-02-28 11:29:00,134.465,134.465,134.434,134.458,31
2020-02-28 11:30:00,134.434,134.458,134.419,134.458,13
2020-02-28 11:31:00,134.403,134.434,134.403,134.419,17
2020-02-28 11:32:00,134.387,134.387,134.356,134.387,33
2020-02-28 11:33:00,134.356,134.403,134.34,134.396,40
2020-02-28 11:34:00,134.34,134.356,134.325,134.34,15
2020-02-28 11:35:00,134.325,134.34,134.309,134.332,35
2020-02-28 11:36:00,134.325,134.325,134.309,134.309,8
2020-02-28 11:37:00,134.325,134.34,134.325,134.34,35
2020-02-28 11:38:00,134.293,134.34,134.293,134.34,33
2020-02-28 11:39:00,134.309,134.325,134.309,134.309,11
2020-02-28 11:40:00,134.309,134.325,134.309,134.325,13
2020-02-28 11:41:00,134.278,134.309,134.278,134.302,24
2020-02-28 11:42:00,134.278,134.278,134.262,134.262,35
2020-02-28 11:43:00,134.278,134.293,134.262,134.293,53
2020-02-28 11:44:00,134.293,134.293,134.278,134.293,19
2020-02-28 11:45:00,134.278,134.293,134.262,134.278,16
2020-02-28 11:46:00,134.293,134.309,134.262,134.27,14
2020-02-28 11:47:00,134.278,134.293,134.278,134.286,23
2020-02-28 11:48:00,134.278,134.293,134.262,134.293,9
2020-02-28 11:49:00,134.278,134.293,134.278,134.286,13
2020-02-28 11:50:00,134.278,134.293,134.262,134.286,14
2020-02-28 11:51:00,134.278,134.309,134.278,134.293,15
2020-02-28 11:52:00,134.247,134.293,134.247,134.293,11
2020-02-28 11:53:00,134.262,134.278,134.247,134.254,17
2020-02-28 11:54:00,134.231,134.247,134.215,134.247,32
2020-02-28 11:55:00,134.262,134.262,134.215,134.215,7
2020-02-28 11:56:00,134.278,134.278,134.262,134.27,69
2020-02-28 11:57:00,134.278,134.278,134.262,134.262,33
2020-02-28 11:58:00,134.293,134.293,134.278,134.293,12
2020-02-28 11:59:00,134.309,134.325,134.293,134.309,5
2020-02-28 12:00:00,134.325,134.325,134.293,134.293,15
2020-02-28 12:01:00,134.34,134.34,134.325,134.332,19
2020-02-28 12:02:00,134.356,134.356,134.325,134.356,24
2020-02-28 12:03:00,134.372,134.387,134.34,134.34,16
2020-02-28 12:04:00,134.372,134.387,134.34,134.387,24
2020-02-28 12:05:00,134.372,134.403,134.372,134.38,18
2020-02-28 12:06:00,134.403,134.419,134.387,134.387,48
2020-02-28 12:07:00,134.419,134.419,134.372,134.387,24
2020-02-28 12:08:00,134.419,134.419,134.403,134.403,8
2020-02-28 12:09:00,134.434,134.434,134.403,134.403,40
2020-02-28 12:10:00,134.387,134.45,134.387,134.419,46
2020-02-28 12:11:00,134.387,134.419,134.387,134.403,27
2020-02-28 12:12:00,134.293,134.38,134.293,134.38,30
2020-02-28 12:13:00,134.293,134.309,134.278,134.309,37
2020-02-28 12:14:00,134.262,134.278,134.262,134.278,18
2020-02-28 12:15:00,134.293,134.293,134.247,134.247,12
2020-02-28 12:16:00,134.293,134.293,134.278,134.278,28
2020-02-28 12:17:00,134.231,134.278,134.215,134.278,42
2020-02-28 12:18:00,134.231,134.246,134.231,134.246,24
2020-02-28 12:19:00,134.246,134.262,134.231,134.246,15
2020-02-28 12:20:00,134.231,134.246,134.215,134.231,51
2020-02-28 12:21:00,134.168,134.231,134.168,134.215,38
2020-02-28 12:22:00,134.137,134.184,134.121,134.184,34
2020-02-28 12:23:00,134.137,134.168,134.137,134.153,17
2020-02-28 12:24:00,134.137,134.153,134.121,134.121,22
2020-02-28 12:25:00,134.184,134.2,134.153,134.153,50
2020-02-28 12:26:00,134.215,134.215,134.184,134.2,10
2020-02-28 12:27:00,134.2,134.215,134.2,134.208,6
2020-02-28 12:28:00,134.2,134.215,134.184,134.215,13
2020-02-28 12:29:00,134.168,134.2,134.153,134.192,102
2020-02-28 12:30:00,134.153,134.184,134.137,134.176,57
2020-02-28 12:31:00,134.184,134.184,134.137,134.137,43
2020-02-28 12:32:00,134.2,134.2,134.153,134.168,77
2020-02-28 12:33:00,134.168,134.215,134.168,134.184,37
2020-02-28 12:34:00,134.215,134.231,134.168,134.184,27
2020-02-28 12:35:00,134.2,134.246,134.184,134.231,101
2020-02-28 12:36:00,134.2,134.246,134.2,134.215,60
2020-02-28 12:37:00,134.184,134.2,134.184,134.192,27
2020-02-28 12:38:00,134.2,134.215,134.192,134.192,13
2020-02-28 12:39:00,134.153,134.184,134.153,134.184,26
2020-02-28 12:40:00,134.153,134.184,134.153,134.168,9
2020-02-28 12:41:00,134.2,134.2,134.168,134.168,13
2020-02-28 12:42:00,134.153,134.184,134.137,134.184,31
2020-02-28 12:43:00,134.168,134.184,134.153,134.168,63
2020-02-28 12:44:00,134.168,134.168,134.153,134.153,40
2020-02-28 12:45:00,134.184,134.184,134.153,134.153,19
2020-02-28 12:46:00,134.2,134.215,134.184,134.192,53
2020-02-28 12:47:00,134.2,134.231,134.2,134.208,43
2020-02-28 12:48:00,134.168,134.215,134.137,134.215,41
2020-02-28 12:49:00,134.168,134.2,134.153,134.184,49
2020-02-28 12:50:00,134.184,134.184,134.168,134.184,25
2020-02-28 12:51:00,134.184,134.2,134.184,134.2,11
2020-02-28 12:52:00,134.2,134.2,134.168,134.168,23
2020-02-28 12:53:00,134.215,134.215,134.184,134.184,32
2020-02-28 12:54:00,134.215,134.231,134.215,134.231,11
2020-02-28 12:55:00,134.231,134.231,134.215,134.231,11
2020-02-28 12:56:00,134.184,134.231,134.184,134.215,65
2020-02-28 12:57:00,134.184,134.2,134.184,134.192,19
2020-02-28 12:58:00,134.215,134.215,134.153,134.168,40
2020-02-28 12:59:00,134.184,134.208,134.184,134.208,33
2020-02-28 13:00:00,134.168,134.215,134.168,134.2,41
2020-02-28 13:01:00,134.168,134.184,134.153,134.184,36
2020-02-28 13:02:00,134.153,134.184,134.153,134.184,22
2020-02-28 13:03:00,134.153,134.168,134.137,134.168,52
2020-02-28 13:04:00,134.168,134.184,134.153,134.168,36
2020-02-28 13:05:00,134.168,134.184,134.153,134.184,52
2020-02-28 13:06:00,134.137,134.168,134.137,134.153,39
2020-02-28 13:07:00,134.121,134.153,134.106,134.153,31
2020-02-28 13:08:00,134.137,134.137,134.121,134.13,100
2020-02-28 13:09:00,134.137,134.153,134.121,134.13,18
2020-02-28 13:10:00,134.153,134.153,134.121,134.121,27
2020-02-28 13:11:00,134.153,134.168,134.137,134.137,25
2020-02-28 13:12:00,134.106,134.153,134.09,134.137,35
2020-02-28 13:13:00,134.09,134.106,134.075,134.09,75
2020-02-28 13:14:00,134.075,134.09,134.059,134.075,51
2020-02-28 13:15:00,134.121,134.137,134.075,134.09,65
2020-02-28 13:16:00,134.137,134.153,134.121,134.137,81
2020-02-28 13:17:00,134.168,134.168,134.121,134.121,32
2020-02-28 13:18:00,134.184,134.184,134.153,134.153,77
2020-02-28 13:19:00,134.231,134.246,134.184,134.2,83
2020-02-28 13:20:00,134.2,134.215,134.168,134.215,52
2020-02-28 13:21:00,134.153,134.2,134.153,134.184,51
2020-02-28 13:22:00,134.153,134.168,134.121,134.168,26
2020-02-28 13:23:00,134.153,134.168,134.121,134.137,15
2020-02-28 13:24:00,134.121,134.137,134.106,134.137,8
2020-02-28 13:25:00,134.153,134.168,134.106,134.137,55
2020-02-28 13:26:00,134.168,134.168,134.153,134.168,12
2020-02-28 13:27:00,134.168,134.184,134.168,134.184,10
2020-02-28 13:28:00,134.137,134.184,134.121,134.176,12
2020-02-28 13:29:00,134.153,134.153,134.153,134.153,1
2020-02-28 13:30:00,134.106,134.168,134.106,134.168,54
2020-02-28 13:31:00,134.168,134.184,134.106,134.121,47
2020-02-28 13:32:00,134.215,134.215,134.168,134.176,116
2020-02-28 13:33:00,134.215,134.231,134.184,134.2,52
2020-02-28 13:34:00,134.168,134.215,134.153,134.2,53
2020-02-28 13:35:00,134.184,134.184,134.168,134.184,47
2020-02-28 13:36:00,134.184,134.2,134.168,134.168,36
2020-02-28 13:37:00,134.215,134.215,134.168,134.168,65
2020-02-28 13:38:00,134.2,134.215,134.168,134.208,117
2020-02-28 13:39:00,134.215,134.215,134.168,134.192,46
2020-02-28 13:40:00,134.215,134.231,134.215,134.231,23
2020-02-28 13:41:00,134.215,134.215,134.2,134.2,19
2020-02-28 13:42:00,134.215,134.231,134.2,134.208,27
2020-02-28 13:43:00,134.231,134.231,134.215,134.222,30
2020-02-28 13:44:00,134.2,134.215,134.184,134.215,47
2020-02-28 13:45:00,134.231,134.231,134.184,134.184,22
2020-02-28 13:46:00,134.262,134.262,134.215,134.215,23
2020-02-28 13:47:00,134.293,134.293,134.262,134.278,48
2020-02-28 13:48:00,134.293,134.309,134.262,134.286,41
2020-02-28 13:49:00,134.325,134.34,134.278,134.278,103
2020-02-28 13:50:00,134.309,134.325,134.293,134.309,85
2020-02-28 13:51:00,134.293,134.34,134.278,134.325,59
2020-02-28 13:52:00,134.309,134.325,134.293,134.309,16
2020-02-28 13:53:00,134.325,134.34,134.309,134.325,47
2020-02-28 13:54:00,134.325,134.325,134.309,134.309,26
2020-02-28 13:55:00,134.325,134.34,134.293,134.332,42
2020-02-28 13:56:00,134.325,134.325,134.293,134.309,36
2020-02-28 13:57:00,134.325,134.34,134.309,134.332,20
2020-02-28 13:58:00,134.372,134.387,134.325,134.34,75
2020-02-28 13:59:00,134.434,134.434,134.372,134.38,40
2020-02-28 14:00:00,134.372,134.418,134.356,134.418,61
2020-02-28 14:01:00,134.403,134.418,134.356,134.387,48
2020-02-28 14:02:00,134.403,134.434,134.387,134.387,26
2020-02-28 14:03:00,134.418,134.418,134.372,134.387,27
2020-02-28 14:04:00,134.418,134.418,134.372,134.403,25
2020-02-28 14:05:00,134.387,134.434,134.387,134.434,26
2020-02-28 14:06:00,134.387,134.418,134.356,134.403,73
2020-02-28 14:07:00,134.45,134.45,134.387,134.394,84
2020-02-28 14:08:00,134.465,134.497,134.434,134.442,51
2020-02-28 14:09:00,134.497,134.512,134.465,134.481,47
2020-02-28 14:10:00,134.497,134.497,134.465,134.481,11
2020-02-28 14:11:00,134.512,134.528,134.481,134.481,70
2020-02-28 14:12:00,134.512,134.512,134.481,134.497,31
2020-02-28 14:13:00,134.497,134.512,134.497,134.497,4
2020-02-28 14:14:00,134.528,134.528,134.497,134.512,96
2020-02-28 14:15:00,134.465,134.528,134.465,134.512,17
2020-02-28 14:16:00,134.512,134.512,134.465,134.481,82
2020-02-28 14:17:00,134.528,134.544,134.497,134.504,64
2020-02-28 14:18:00,134.512,134.544,134.497,134.544,52
2020-02-28 14:19:00,134.512,134.544,134.497,134.52,120
2020-02-28 14:20:00,134.497,134.528,134.497,134.528,57
2020-02-28 14:21:00,134.544,134.559,134.512,134.512,35
2020-02-28 14:22:00,134.575,134.575,134.559,134.559,22
2020-02-28 14:23:00,134.559,134.575,134.559,134.559,27
2020-02-28 14:24:00,134.559,134.575,134.544,134.544,50
2020-02-28 14:25:00,134.544,134.575,134.528,134.575,63
2020-02-28 14:26:00,134.497,134.575,134.497,134.536,39
2020-02-28 14:27:00,134.528,134.559,134.497,134.504,32
2020-02-28 14:28:00,134.528,134.528,134.512,134.512,12
2020-02-28 14:29:00,134.497,134.544,134.497,134.536,12
2020-02-28 14:30:00,134.418,134.528,134.418,134.512,154
2020-02-28 14:31:00,134.434,134.481,134.418,134.434,91
2020-02-28 14:32:00,134.403,134.434,134.403,134.418,74
2020-02-28 14:33:00,134.465,134.481,134.387,134.394,104
2020-02-28 14:34:00,134.434,134.465,134.403,134.45,90
2020-02-28 14:35:00,134.434,134.434,134.403,134.418,72
2020-02-28 14:36:00,134.372,134.434,134.372,134.418,92
2020-02-28 14:37:00,134.418,134.418,134.372,134.387,37
2020-02-28 14:38:00,134.418,134.465,134.418,134.434,102
2020-02-28 14:39:00,134.403,134.418,134.387,134.403,30
2020-02-28 14:40:00,134.434,134.434,134.403,134.418,28
2020-02-28 14:41:00,134.418,134.45,134.403,134.418,17
2020-02-28 14:42:00,134.372,134.418,134.356,134.41,89
2020-02-28 14:43:00,134.434,134.434,134.372,134.387,62
2020-02-28 14:44:00,134.512,134.528,134.418,134.418,120
2020-02-28 14:45:00,134.544,134.559,134.497,134.528,108
2020-02-28 14:46:00,134.512,134.544,134.481,134.536,93
2020-02-28 14:47:00,134.528,134.559,134.512,134.528,62
2020-02-28 14:48:00,134.559,134.559,134.528,134.544,47
2020-02-28 14:49:00,134.559,134.575,134.528,134.552,94
2020-02-28 14:50:00,134.59,134.59,134.544,134.575,64
2020-02-28 14:51:00,134.559,134.59,134.559,134.575,34
2020-02-28 14:52:00,134.544,134.575,134.528,134.566,45
2020-02-28 14:53:00,134.575,134.59,134.544,134.559,62
2020-02-28 14:54:00,134.575,134.59,134.559,134.559,56
2020-02-28 14:55:00,134.606,134.637,134.575,134.59,121
2020-02-28 14:56:00,134.622,134.637,134.59,134.622,65
2020-02-28 14:57:00,134.653,134.653,134.59,134.637,65
2020-02-28 14:58:00,134.637,134.653,134.606,134.637,73
2020-02-28 14:59:00,134.606,134.622,134.59,134.622,36
2020-02-28 15:00:00,134.606,134.622,134.59,134.59,38
2020-02-28 15:01:00,134.622,134.622,134.59,134.622,35
2020-02-28 15:02:00,134.669,134.669,134.606,134.637,73
2020-02-28 15:03:00,134.637,134.669,134.637,134.653,94
2020-02-28 15:04:00,134.684,134.684,134.622,134.653,51
2020-02-28 15:05:00,134.622,134.684,134.622,134.669,50
2020-02-28 15:06:00,134.637,134.637,134.606,134.614,35
2020-02-28 15:07:00,134.637,134.653,134.622,134.653,46
2020-02-28 15:08:00,134.669,134.669,134.622,134.622,74
2020-02-28 15:09:00,134.653,134.684,134.637,134.653,68
2020-02-28 15:10:00,134.653,134.684,134.637,134.669,44
2020-02-28 15:11:00,134.669,134.669,134.637,134.637,53
2020-02-28 15:12:00,134.653,134.669,134.653,134.653,25
2020-02-28 15:13:00,134.637,134.653,134.637,134.646,10
2020-02-28 15:14:00,134.606,134.637,134.606,134.622,22
2020-02-28 15:15:00,134.575,134.622,134.559,134.614,65
2020-02-28 15:16:00,134.559,134.575,134.559,134.559,37
2020-02-28 15:17:00,134.575,134.575,134.559,134.575,43
2020-02-28 15:18:00,134.559,134.59,134.559,134.582,14
2020-02-28 15:19:00,134.575,134.59,134.559,134.575,25
2020-02-28 15:20:00,134.59,134.606,134.575,134.59,15
2020-02-28 15:21:00,134.622,134.622,134.575,134.575,45
2020-02-28 15:22:00,134.606,134.637,134.59,134.637,40
2020-02-28 15:23:00,134.622,134.637,134.606,134.622,22
2020-02-28 15:24:00,134.622,134.637,134.606,134.637,38
2020-02-28 15:25:00,134.559,134.622,134.559,134.614,97
2020-02-28 15:26:00,134.59,134.59,134.559,134.575,28
2020-02-28 15:27:00,134.606,134.622,134.575,134.582,23
2020-02-28 15:28:00,134.559,134.59,134.559,134.59,5
2020-02-28 15:29:00,134.59,134.59,134.543,134.566,28
2020-02-28 15:30:00,134.559,134.606,134.543,134.575,56
2020-02-28 15:31:00,134.575,134.59,134.559,134.575,14
2020-02-28 15:32:00,134.575,134.59,134.543,134.559,57
2020-02-28 15:33:00,134.559,134.606,134.528,134.59,45
2020-02-28 15:34:00,134.543,134.575,134.528,134.543,21
2020-02-28 15:35:00,134.59,134.59,134.528,134.528,20
2020-02-28 15:36:00,134.59,134.622,134.575,134.575,37
2020-02-28 15:37:00,134.622,134.637,134.606,134.606,25
2020-02-28 15:38:00,134.669,134.669,134.637,134.637,30
2020-02-28 15:39:00,134.653,134.669,134.653,134.653,19
2020-02-28 15:40:00,134.669,134.669,134.637,134.637,8
2020-02-28 15:41:00,134.7,134.7,134.669,134.676,26
2020-02-28 15:42:00,134.715,134.715,134.684,134.684,27
2020-02-28 15:43:00,134.715,134.731,134.7,134.7,13
2020-02-28 15:44:00,134.684,134.731,134.684,134.731,54
2020-02-28 15:45:00,134.669,134.684,134.622,134.676,95
2020-02-28 15:46:00,134.653,134.7,134.653,134.653,112
2020-02-28 15:47:00,134.637,134.669,134.622,134.637,64
2020-02-28 15:48:00,134.669,134.669,134.606,134.63,57
2020-02-28 15:49:00,134.684,134.684,134.653,134.653,49
2020-02-28 15:50:00,134.637,134.7,134.637,134.7,37
2020-02-28 15:51:00,134.606,134.653,134.598,134.653,25
2020-02-28 15:52:00,134.606,134.637,134.59,134.622,40
2020-02-28 15:53:00,134.575,134.622,134.575,134.614,31
2020-02-28 15:54:00,134.559,134.575,134.543,134.559,32
2020-02-28 15:55:00,134.59,134.606,134.559,134.575,32
2020-02-28 15:56:00,134.653,134.653,134.59,134.606,56
2020-02-28 15:57:00,134.669,134.684,134.622,134.637,69
2020-02-28 15:58:00,134.669,134.684,134.653,134.66,75
2020-02-28 15:59:00,134.637,134.669,134.637,134.653,34
2020-02-28 16:00:00,134.637,134.653,134.606,134.622,62
2020-02-28 16:01:00,134.669,134.684,134.59,134.622,94
2020-02-28 16:02:00,134.7,134.7,134.653,134.653,24
2020-02-28 16:03:00,134.7,134.715,134.669,134.684,66
2020-02-28 16:04:00,134.7,134.715,134.669,134.692,53
2020-02-28 16:05:00,134.731,134.747,134.7,134.715,23
2020-02-28 16:06:00,134.731,134.747,134.715,134.738,20
2020-02-28 16:07:00,134.731,134.747,134.715,134.715,72
2020-02-28 16:08:00,134.747,134.762,134.731,134.747,36
2020-02-28 16:09:00,134.747,134.778,134.747,134.762,25
2020-02-28 16:10:00,134.747,134.747,134.731,134.738,8
2020-02-28 16:11:00,134.747,134.762,134.731,134.731,19
2020-02-28 16:12:00,134.731,134.731,134.7,134.731,41
2020-02-28 16:13:00,134.7,134.731,134.7,134.715,33
2020-02-28 16:14:00,134.684,134.747,134.653,134.715,50
2020-02-28 16:15:00,134.669,134.7,134.669,134.7,55
2020-02-28 16:16:00,134.653,134.684,134.637,134.676,39
2020-02-28 16:17:00,134.637,134.653,134.606,134.637,27
2020-02-28 16:18:00,134.606,134.637,134.606,134.622,40
2020-02-28 16:19:00,134.622,134.637,134.622,134.622,3
2020-02-28 16:20:00,134.606,134.637,134.606,134.637,48
2020-02-28 16:21:00,134.606,134.622,134.606,134.622,2
2020-02-28 16:22:00,134.653,134.653,134.606,134.622,33
2020-02-28 16:23:00,134.653,134.669,134.637,134.669,25
2020-02-28 16:24:00,134.653,134.669,134.637,134.669,30
2020-02-28 16:25:00,134.715,134.731,134.637,134.637,51
2020-02-28 16:26:00,134.747,134.762,134.715,134.724,45
2020-02-28 16:27:00,134.762,134.762,134.731,134.731,30
2020-02-28 16:28:00,134.778,134.778,134.747,134.747,46
2020-02-28 16:29:00,134.762,134.794,134.762,134.77,93
2020-02-28 16:30:00,134.715,134.762,134.715,134.747,22
2020-02-28 16:31:00,134.669,134.715,134.669,134.7,29
2020-02-28 16:32:00,134.669,134.684,134.653,134.684,29
2020-02-28 16:33:00,134.653,134.684,134.653,134.684,27
2020-02-28 16:34:00,134.637,134.637,134.622,134.637,46
2020-02-28 16:35:00,134.669,134.669,134.622,134.622,32
2020-02-28 16:36:00,134.622,134.684,134.622,134.684,42
2020-02-28 16:37:00,134.59,134.637,134.59,134.637,18
2020-02-28 16:38:00,134.59,134.606,134.59,134.598,18
2020-02-28 16:39:00,134.575,134.606,134.559,134.606,25
2020-02-28 16:40:00,134.559,134.59,134.543,134.59,47
2020-02-28 16:41:00,134.543,134.559,134.543,134.543,12
2020-02-28 16:42:00,134.528,134.559,134.528,134.559,15
2020-02-28 16:43:00,134.481,134.528,134.465,134.512,50
2020-02-28 16:44:00,134.481,134.497,134.45,134.465,47
2020-02-28 16:45:00,134.481,134.512,134.481,134.488,42
2020-02-28 16:46:00,134.528,134.528,134.481,134.497,32
2020-02-28 16:47:00,134.559,134.575,134.528,134.543,32
2020-02-28 16:48:00,134.559,134.575,134.543,134.543,25
2020-02-28 16:49:00,134.559,134.559,134.528,134.543,4
2020-02-28 16:50:00,134.575,134.575,134.528,134.543,28
2020-02-28 16:51:00,134.606,134.606,134.575,134.59,31
2020-02-28 16:52:00,134.653,134.653,134.59,134.622,35
2020-02-28 16:53:00,134.653,134.669,134.637,134.646,28
2020-02-28 16:54:00,134.684,134.684,134.637,134.669,39
2020-02-28 16:55:00,134.669,134.669,134.637,134.669,29
2020-02-28 16:56:00,134.684,134.684,134.653,134.66,30
2020-02-28 16:57:00,134.637,134.676,134.622,134.676,30
2020-02-28 16:58:00,134.637,134.637,134.606,134.622,24
2020-02-28 16:59:00,134.637,134.669,134.622,134.63,29
2020-02-28 17:00:00,134.653,134.669,134.622,134.653,40
2020-02-28 17:01:00,134.653,134.684,134.653,134.669,22
2020-02-28 17:02:00,134.669,134.684,134.653,134.669,13
2020-02-28 17:03:00,134.637,134.684,134.622,134.684,38
2020-02-28 17:04:00,134.606,134.653,134.59,134.646,21
2020-02-28 17:05:00,134.59,134.606,134.575,134.598,62
2020-02-28 17:06:00,134.559,134.59,134.559,134.575,22
2020-02-28 17:07:00,134.606,134.606,134.559,134.566,34
2020-02-28 17:08:00,134.637,134.637,134.606,134.622,22
2020-02-28 17:09:00,134.637,134.653,134.637,134.653,41
2020-02-28 17:10:00,134.653,134.669,134.637,134.653,29
2020-02-28 17:11:00,134.653,134.669,134.637,134.669,15
2020-02-28 17:12:00,134.669,134.684,134.653,134.669,27
2020-02-28 17:13:00,134.669,134.669,134.653,134.653,37
2020-02-28 17:14:00,134.669,134.7,134.669,134.684,135
2020-02-28 17:15:00,134.669,134.7,134.653,134.684,70
2020-02-28 17:16:00,134.684,134.684,134.653,134.676,30
2020-02-28 17:17:00,134.7,134.7,134.653,134.676,37
2020-02-28 17:18:00,134.684,134.7,134.669,134.684,20
2020-02-28 17:19:00,134.669,134.7,134.637,134.692,18
2020-02-28 17:20:00,134.653,134.669,134.622,134.66,40
2020-02-28 17:21:00,134.622,134.653,134.622,134.646,14
2020-02-28 17:22:00,134.637,134.653,134.622,134.637,12
2020-02-28 17:23:00,134.653,134.669,134.637,134.646,23
2020-02-28 17:24:00,134.684,134.684,134.653,134.669,17
2020-02-28 17:25:00,134.653,134.684,134.653,134.669,17
2020-02-28 17:26:00,134.606,134.653,134.606,134.637,29
2020-02-28 17:27:00,134.622,134.622,134.606,134.622,30
2020-02-28 17:28:00,134.606,134.622,134.575,134.606,18
2020-02-28 17:29:00,134.606,134.622,134.59,134.622,24
2020-02-28 17:30:00,134.559,134.606,134.559,134.59,69
2020-02-28 17:31:00,134.559,134.59,134.559,134.575,56
2020-02-28 17:32:00,134.528,134.575,134.528,134.575,32
2020-02-28 17:33:00,134.575,134.575,134.528,134.543,13
2020-02-28 17:34:00,134.575,134.606,134.559,134.559,34
2020-02-28 17:35:00,134.606,134.606,134.575,134.582,17
2020-02-28 17:36:00,134.606,134.622,134.575,134.598,38
2020-02-28 17:37:00,134.59,134.622,134.575,134.622,29
2020-02-28 17:38:00,134.575,134.606,134.559,134.582,31
2020-02-28 17:39:00,134.59,134.606,134.559,134.559,38
2020-02-28 17:40:00,134.575,134.59,134.575,134.575,28
2020-02-28 17:41:00,134.559,134.59,134.559,134.59,22
2020-02-28 17:42:00,134.59,134.606,134.559,134.575,36
2020-02-28 17:43:00,134.606,134.606,134.575,134.582,40
2020-02-28 17:44:00,134.606,134.622,134.59,134.59,45
2020-02-28 17:45:00,134.606,134.622,134.606,134.622,19
2020-02-28 17:46:00,134.59,134.622,134.559,134.622,24
2020-02-28 17:47:00,134.606,134.606,134.575,134.575,30
2020-02-28 17:48:00,134.59,134.606,134.59,134.59,14
2020-02-28 17:49:00,134.559,134.606,134.559,134.606,33
2020-02-28 17:50:00,134.559,134.575,134.559,134.575,16
2020-02-28 17:51:00,134.543,134.559,134.528,134.543,8
2020-02-28 17:52:00,134.559,134.575,134.528,134.528,41
2020-02-28 17:53:00,134.543,134.559,134.528,134.543,13
2020-02-28 17:54:00,134.543,134.559,134.528,134.559,9
2020-02-28 17:55:00,134.543,134.575,134.528,134.528,14
2020-02-28 17:56:00,134.543,134.543,134.528,134.528,8
2020-02-28 17:57:00,134.559,134.575,134.528,134.528,23
2020-02-28 17:58:00,134.543,134.559,134.528,134.543,5
2020-02-28 17:59:00,134.528,134.559,134.528,134.559,9
2020-02-28 18:00:00,134.512,134.543,134.496,134.543,41
2020-02-28 18:01:00,134.512,134.512,134.496,134.496,25
2020-02-28 18:02:00,134.543,134.543,134.512,134.528,10
2020-02-28 18:03:00,134.528,134.543,134.528,134.528,17
2020-02-28 18:04:00,134.543,134.543,134.512,134.512,13
2020-02-28 18:05:00,134.528,134.543,134.512,134.528,15
2020-02-28 18:06:00,134.528,134.543,134.528,134.543,12
2020-02-28 18:07:00,134.512,134.543,134.512,134.543,25
2020-02-28 18:08:00,134.496,134.528,134.481,134.528,28
2020-02-28 18:09:00,134.512,134.528,134.512,134.512,9
2020-02-28 18:10:00,134.528,134.543,134.512,134.52,23
2020-02-28 18:11:00,134.559,134.559,134.543,134.543,10
2020-02-28 18:12:00,134.575,134.575,134.559,134.575,5
2020-02-28 18:13:00,134.606,134.606,134.582,134.59,4
2020-02-28 18:14:00,134.637,134.637,134.606,134.622,41
2020-02-28 18:15:00,134.606,134.637,134.59,134.63,13
2020-02-28 18:16:00,134.59,134.606,134.575,134.59,9
2020-02-28 18:17:00,134.559,134.59,134.559,134.582,42
2020-02-28 18:18:00,134.543,134.575,134.543,134.575,7
2020-02-28 18:19:00,134.575,134.575,134.528,134.528,8
2020-02-28 18:20:00,134.543,134.559,134.528,134.559,8
2020-02-28 18:21:00,134.543,134.559,134.528,134.559,23
2020-02-28 18:22:00,134.559,134.559,134.559,134.559,1
2020-02-28 18:23:00,134.543,134.559,134.543,134.552,15
2020-02-28 18:24:00,134.575,134.575,134.559,134.559,2
2020-02-28 18:25:00,134.559,134.575,134.543,134.559,13
2020-02-28 18:26:00,134.575,134.575,134.543,134.543,11
2020-02-28 18:27:00,134.559,134.575,134.543,134.559,16
2020-02-28 18:28:00,134.543,134.559,134.543,134.543,9
2020-02-28 18:29:00,134.59,134.606,134.528,134.528,27
2020-02-28 18:30:00,134.59,134.606,134.575,134.582,19
2020-02-28 18:31:00,134.606,134.622,134.59,134.598,13
2020-02-28 18:32:00,134.606,134.606,134.59,134.59,2
2020-02-28 18:33:00,134.637,134.637,134.622,134.622,4
2020-02-28 18:34:00,134.653,134.653,134.622,134.653,27
2020-02-28 18:35:00,134.637,134.668,134.637,134.637,29
2020-02-28 18:36:00,134.622,134.622,134.606,134.622,16
2020-02-28 18:37:00,134.622,134.653,134.622,134.637,19
2020-02-28 18:38:00,134.622,134.637,134.622,134.637,37
2020-02-28 18:39:00,134.606,134.622,134.606,134.606,3
2020-02-28 18:40:00,134.653,134.653,134.622,134.622,21
2020-02-28 18:41:00,134.622,134.653,134.622,134.637,30
2020-02-28 18:42:00,134.637,134.653,134.622,134.637,38
2020-02-28 18:43:00,134.637,134.637,134.622,134.63,4
2020-02-28 18:44:00,134.653,134.653,134.622,134.622,13
2020-02-28 18:45:00,134.653,134.684,134.653,134.668,38
2020-02-28 18:46:00,134.622,134.668,134.622,134.668,27
2020-02-28 18:47:00,134.668,134.668,134.622,134.637,11
2020-02-28 18:48:00,134.668,134.684,134.653,134.653,24
2020-02-28 18:49:00,134.653,134.684,134.637,134.676,32
2020-02-28 18:50:00,134.668,134.684,134.653,134.66,9
2020-02-28 18:51:00,134.653,134.668,134.653,134.653,13
2020-02-28 18:52:00,134.668,134.668,134.653,134.668,5
2020-02-28 18:53:00,134.668,134.668,134.653,134.653,4
2020-02-28 18:54:00,134.637,134.668,134.637,134.653,10
2020-02-28 18:55:00,134.637,134.653,134.637,134.653,29
2020-02-28 18:56:00,134.637,134.653,134.622,134.653,15
2020-02-28 18:57:00,134.637,134.637,134.622,134.622,2
2020-02-28 18:58:00,134.637,134.653,134.622,134.653,11
2020-02-28 18:59:00,134.668,134.668,134.637,134.653,10
2020-02-28 19:00:00,134.684,134.684,134.653,134.653,11
2020-02-28 19:01:00,134.684,134.7,134.668,134.668,7
2020-02-28 19:02:00,134.684,134.7,134.684,134.7,14
2020-02-28 19:03:00,134.684,134.7,134.684,134.7,2
2020-02-28 19:04:00,134.715,134.715,134.684,134.7,6
2020-02-28 19:05:00,134.7,134.715,134.7,134.7,3
2020-02-28 19:06:00,134.684,134.7,134.684,134.684,12
2020-02-28 19:07:00,134.7,134.7,134.684,134.7,5
2020-02-28 19:08:00,134.7,134.7,134.684,134.684,2
2020-02-28 19:09:00,134.7,134.715,134.7,134.708,11
2020-02-28 19:10:00,134.668,134.684,134.668,134.684,21
2020-02-28 19:11:00,134.668,134.668,134.653,134.653,6
2020-02-28 19:12:00,134.668,134.684,134.668,134.684,2
2020-02-28 19:13:00,134.668,134.668,134.637,134.653,15
2020-02-28 19:14:00,134.7,134.7,134.653,134.653,27
2020-02-28 19:15:00,134.715,134.715,134.684,134.684,15
2020-02-28 19:16:00,134.684,134.715,134.684,134.7,15
2020-02-28 19:17:00,134.7,134.715,134.684,134.7,12
2020-02-28 19:18:00,134.7,134.715,134.684,134.715,27
2020-02-28 19:19:00,134.715,134.715,134.684,134.684,10
2020-02-28 19:20:00,134.715,134.731,134.7,134.7,8
2020-02-28 19:21:00,134.7,134.715,134.684,134.7,17
2020-02-28 19:22:00,134.7,134.7,134.684,134.692,3
2020-02-28 19:23:00,134.715,134.715,134.7,134.715,28
2020-02-28 19:24:00,134.7,134.715,134.7,134.7,21
2020-02-28 19:25:00,134.747,134.762,134.7,134.715,17
2020-02-28 19:26:00,134.731,134.747,134.731,134.731,10
2020-02-28 19:27:00,134.747,134.747,134.731,134.747,12
2020-02-28 19:28:00,134.715,134.738,134.715,134.738,9
2020-02-28 19:29:00,134.715,134.731,134.7,134.708,11
2020-02-28 19:30:00,134.668,134.715,134.559,134.692,342
2020-02-28 19:31:00,134.747,134.747,134.637,134.653,200
2020-02-28 19:32:00,134.762,134.794,134.731,134.731,53
2020-02-28 19:33:00,134.794,134.809,134.747,134.754,70
2020-02-28 19:34:00,134.778,134.809,134.762,134.809,78
2020-02-28 19:35:00,134.809,134.825,134.778,134.794,22
2020-02-28 19:36:00,134.825,134.84,134.809,134.825,34
2020-02-28 19:37:00,134.778,134.825,134.778,134.809,33
2020-02-28 19:38:00,134.809,134.809,134.778,134.794,42
2020-02-28 19:39:00,134.794,134.825,134.794,134.794,66
2020-02-28 19:40:00,134.809,134.809,134.778,134.778,33
2020-02-28 19:41:00,134.825,134.825,134.778,134.802,43
2020-02-28 19:42:00,134.84,134.84,134.809,134.816,33
2020-02-28 19:43:00,134.856,134.856,134.809,134.825,48
2020-02-28 19:44:00,134.825,134.856,134.825,134.84,30
2020-02-28 19:45:00,134.809,134.84,134.794,134.84,37
2020-02-28 19:46:00,134.856,134.872,134.825,134.825,112
2020-02-28 19:47:00,134.872,134.887,134.856,134.872,24
2020-02-28 19:48:00,134.872,134.887,134.872,134.88,44
2020-02-28 19:49:00,134.84,134.872,134.825,134.856,32
2020-02-28 19:50:00,134.794,134.825,134.778,134.825,16
2020-02-28 19:51:00,134.794,134.794,134.778,134.778,29
2020-02-28 19:52:00,134.794,134.809,134.778,134.778,29
2020-02-28 19:53:00,134.825,134.825,134.778,134.778,45
2020-02-28 19:54:00,134.825,134.84,134.809,134.809,51
2020-02-28 19:55:00,134.856,134.856,134.825,134.84,14
2020-02-28 19:56:00,134.825,134.856,134.825,134.84,22
2020-02-28 19:57:00,134.856,134.872,134.825,134.84,46
2020-02-28 19:58:00,134.887,134.903,134.856,134.872,62
2020-02-28 19:59:00,134.793,134.903,134.793,134.896,76
2020-02-28 20:00:00,134.684,134.809,134.684,134.809,129
2020-02-28 20:01:00,134.747,134.747,134.684,134.7,78
2020-02-28 20:02:00,134.778,134.793,134.747,134.762,35
2020-02-28 20:03:00,134.762,134.793,134.747,134.762,70
2020-02-28 20:04:00,134.793,134.793,134.762,134.778,73
2020-02-28 20:05:00,134.809,134.809,134.793,134.809,9
2020-02-28 20:06:00,134.809,134.809,134.793,134.802,27
2020-02-28 20:07:00,134.872,134.872,134.809,134.825,78
2020-02-28 20:08:00,134.825,134.872,134.809,134.856,39
2020-02-28 20:09:00,134.84,134.84,134.809,134.809,23
2020-02-28 20:10:00,134.84,134.856,134.825,134.856,11
2020-02-28 20:11:00,134.809,134.84,134.809,134.825,27
2020-02-28 20:12:00,134.778,134.809,134.762,134.793,36
2020-02-28 20:13:00,134.778,134.793,134.762,134.77,17
2020-02-28 20:14:00,134.7,134.762,134.7,134.762,35
2020-02-28 20:15:00,134.715,134.731,134.684,134.684,15
2020-02-28 20:16:00,134.747,134.747,134.7,134.7,21
2020-02-28 20:17:00,134.762,134.778,134.747,134.762,20
2020-02-28 20:18:00,134.747,134.778,134.747,134.754,36
2020-02-28 20:19:00,134.793,134.809,134.754,134.754,32
2020-02-28 20:20:00,134.825,134.84,134.778,134.778,46
2020-02-28 20:21:00,134.84,134.872,134.793,134.816,40
2020-02-28 20:22:00,134.872,134.887,134.84,134.856,38
2020-02-28 20:23:00,134.887,134.887,134.84,134.856,26
2020-02-28 20:24:00,134.919,134.934,134.887,134.903,26
2020-02-28 20:25:00,134.919,134.934,134.887,134.934,26
2020-02-28 20:26:00,134.934,134.95,134.919,134.934,52
2020-02-28 20:27:00,134.934,134.95,134.919,134.926,32
2020-02-28 20:28:00,134.934,134.965,134.919,134.926,46
2020-02-28 20:29:00,134.965,134.965,134.934,134.95,18
2020-02-28 20:30:00,134.919,134.981,134.919,134.981,74
2020-02-28 20:31:00,134.809,134.919,134.793,134.903,34
2020-02-28 20:32:00,134.856,134.872,134.809,134.816,83
2020-02-28 20:33:00,134.872,134.887,134.856,134.864,30
2020-02-28 20:34:00,134.887,134.903,134.872,134.887,31
2020-02-28 20:35:00,134.887,134.919,134.887,134.896,20
2020-02-28 20:36:00,134.887,134.903,134.872,134.88,50
2020-02-28 20:37:00,134.919,134.919,134.887,134.896,23
2020-02-28 20:38:00,134.903,134.934,134.887,134.934,32
2020-02-28 20:39:00,134.903,134.919,134.887,134.887,25
2020-02-28 20:40:00,134.934,134.95,134.903,134.919,23
2020-02-28 20:41:00,134.95,134.95,134.934,134.95,39
2020-02-28 20:42:00,134.981,134.981,134.95,134.958,14
2020-02-28 20:43:00,134.981,134.981,134.965,134.965,4
2020-02-28 20:44:00,134.997,134.997,134.981,134.997,3
2020-02-28 20:45:00,134.934,134.997,134.934,134.981,24
2020-02-28 20:46:00,134.934,134.965,134.919,134.95,58
2020-02-28 20:47:00,134.934,134.965,134.934,134.942,79
2020-02-28 20:48:00,134.934,134.95,134.934,134.95,8
2020-02-28 20:49:00,134.903,134.919,134.903,134.919,12
2020-02-28 20:50:00,134.934,134.934,134.903,134.919,35
2020-02-28 20:51:00,134.903,134.934,134.887,134.919,31
2020-02-28 20:52:00,134.934,134.95,134.919,134.919,16
2020-02-28 20:53:00,134.934,134.95,134.934,134.942,21
2020-02-28 20:54:00,134.887,134.934,134.887,134.919,14
2020-02-28 20:55:00,134.872,134.903,134.872,134.896,43
2020-02-28 20:56:00,134.919,134.919,134.88,134.88,46
2020-02-28 20:57:00,134.903,134.919,134.887,134.903,40
2020-02-28 20:58:00,134.872,134.903,134.872,134.887,79
2020-02-28 20:59:00,134.809,134.872,134.793,134.856,116
2020-02-28 21:00:00,134.762,134.825,134.747,134.793,77
2020-02-28 21:01:00,134.7,134.762,134.684,134.747,85
2020-02-28 21:02:00,134.621,134.7,134.621,134.692,49
2020-02-28 21:03:00,134.59,134.637,134.575,134.606,95
2020-02-28 21:04:00,134.59,134.606,134.59,134.598,107
2020-02-28 21:05:00,134.606,134.606,134.59,134.606,32
2020-02-28 21:06:00,134.621,134.621,134.606,134.614,4
2020-02-28 21:07:00,134.59,134.606,134.575,134.606,14
2020-02-28 21:08:00,134.59,134.621,134.59,134.606,30
2020-02-28 21:09:00,134.582,134.606,134.575,134.606,37
2020-02-28 21:10:00,134.575,134.59,134.559,134.575,29
2020-02-28 21:11:00,134.559,134.59,134.559,134.559,23
2020-02-28 21:12:00,134.496,134.543,134.481,134.543,8
2020-02-28 21:13:00,134.528,134.543,134.481,134.481,66
2020-02-28 21:14:00,134.543,134.559,134.543,134.543,18
2020-02-28 21:15:00,134.543,134.559,134.543,134.559,14
2020-02-28 21:16:00,134.543,134.559,134.543,134.559,9
2020-02-28 21:17:00,134.496,134.528,134.496,134.528,12
2020-02-28 21:18:00,134.465,134.512,134.449,134.512,21
2020-02-28 21:19:00,134.465,134.481,134.434,134.449,21
2020-02-28 21:20:00,134.465,134.481,134.465,134.472,7
2020-02-28 21:22:00,134.418,134.465,134.418,134.458,9
2020-02-28 21:23:00,134.418,134.418,134.403,134.403,7
2020-02-28 21:24:00,134.387,134.418,134.371,134.403,35
2020-02-28 21:25:00,134.356,134.387,134.356,134.371,16
2020-02-28 21:26:00,134.418,134.418,134.356,134.371,12
2020-02-28 21:27:00,134.543,134.543,134.434,134.434,33
2020-02-28 21:28:00,134.575,134.575,134.528,134.536,13
2020-02-28 21:29:00,134.621,134.637,134.575,134.582,32
2020-02-28 21:30:00,134.559,134.637,134.559,134.637,24
2020-02-28 21:31:00,134.559,134.59,134.559,134.575,6
2020-02-28 21:32:00,134.543,134.552,134.528,134.552,8
2020-02-28 21:33:00,134.606,134.621,134.559,134.559,16
2020-02-28 21:34:00,134.59,134.621,134.59,134.59,48
2020-02-28 21:35:00,134.559,134.606,134.559,134.606,27
2020-02-28 21:36:00,134.575,134.575,134.559,134.575,19
2020-02-28 21:37:00,134.559,134.575,134.559,134.559,5
2020-02-28 21:38:00,134.528,134.543,134.528,134.543,2
2020-02-28 21:39:00,134.512,134.528,134.512,134.512,6
2020-02-28 21:40:00,134.559,134.559,134.528,134.528,6
2020-02-28 21:41:00,134.575,134.575,134.528,134.543,19
2020-02-28 21:42:00,134.606,134.606,134.559,134.566,15
2020-02-28 21:43:00,134.59,134.606,134.59,134.59,5
2020-02-28 21:44:00,134.575,134.606,134.575,134.606,7
2020-02-28 21:45:00,134.575,134.59,134.559,134.59,13
2020-02-28 21:46:00,134.59,134.59,134.59,134.59,1
2020-02-28 21:47:00,134.575,134.59,134.575,134.575,21
2020-02-28 21:48:00,134.59,134.59,134.575,134.59,25
2020-02-28 21:49:00,134.575,134.59,134.543,134.582,53
2020-02-28 21:50:00,134.575,134.575,134.559,134.559,3
2020-02-28 21:51:00,134.59,134.59,134.559,134.559,4
2020-02-28 21:52:00,134.621,134.637,134.59,134.606,21
2020-02-28 21:53:00,134.668,134.684,134.637,134.637,29
2020-02-28 21:54:00,134.684,134.684,134.653,134.653,6
2020-02-28 21:55:00,134.637,134.668,134.637,134.668,13
2020-02-28 21:56:00,134.653,134.668,134.637,134.644,10
2020-02-28 21:57:00,134.668,134.668,134.637,134.645,6
2020-02-28 21:58:00,134.7,134.7,134.653,134.653,225
2020-02-28 21:59:00,134.7,134.7,134.684,134.692,22
